accident_id,datetime,annee,mois,jour,heure,minute,departement,commune_insee,adresse,latitude,longitude,luminosite,agglomeration,intersection,meteo,collision,nb_vehicules,nb_usagers,nb_indemnes,nb_tues,nb_blesses_hosp,nb_blesses_legers,age_cond_1,age_cond_2,veh_type_cond_1,veh_type_cond_2,lum_code,agg_code,int_code,atm_code,col_code
201800000001,0018-01-24 15:05:00,18,1,24,15,5,590,5,route des Ansereuilles,50.55737,2.94992,Plein jour,Hors agglomération,Intersection en Y,Normale,Deux véhicules - frontale,,,,,,,,,,,1,1,4,1.0,1.0
201800000002,0018-02-12 10:15:00,18,2,12,10,15,590,11,Place du général de Gaul,50.52936,2.93151,Plein jour,En agglomération,Place,Temps éblouissant,Sans collision,,,,,,,,,,,1,2,7,7.0,7.0
201800000003,0018-03-04 11:35:00,18,3,4,11,35,590,477,Rue  nationale,50.51243,2.91714,Plein jour,En agglomération,Intersection en T,Normale,Sans collision,,,,,,,,,,,1,2,3,1.0,7.0
201800000004,0018-05-05 17:35:00,18,5,5,17,35,590,52,30 rue Jules Guesde,50.51974,2.89123,Plein jour,En agglomération,Hors intersection,Temps éblouissant,Deux véhicules - côté,,,,,,,,,,,1,2,1,7.0,3.0
201800000005,0018-06-26 16:05:00,18,6,26,16,5,590,477,72 rue Victor Hugo,50.51607,2.90605,Plein jour,En agglomération,Hors intersection,Normale,Deux véhicules - côté,,,,,,,,,,,1,2,1,1.0,3.0
201800000006,0018-09-23 06:30:00,18,9,23,6,30,590,52,D39,50.52132,2.88837,Crépuscule ou aube,En agglomération,Hors intersection,Pluie légère,Autre collision,,,,,,,,,,,2,2,1,2.0,6.0
201800000007,0018-09-26 00:40:00,18,9,26,0,40,590,133,4 route de camphin,50.52211,2.96652,Nuit avec éclairage allumé,En agglomération,Hors intersection,Normale,Autre collision,,,,,,,,,,,5,2,1,1.0,6.0
201800000008,0018-11-30 17:15:00,18,11,30,17,15,590,11,rue saint exupéry,50.53146,2.93875,Nuit avec éclairage allumé,En agglomération,Hors intersection,Normale,Autre collision,,,,,,,,,,,5,2,1,1.0,6.0
201800000009,0018-02-18 15:57:00,18,2,18,15,57,590,550,rue de l'égalité,50.53707,2.84896,Plein jour,Hors agglomération,Hors intersection,Normale,Autre collision,,,,,,,,,,,1,1,1,1.0,6.0
201800000010,0018-03-19 15:30:00,18,3,19,15,30,590,51,face au 59 rue de Lille,50.53639,2.81517,Plein jour,En agglomération,Intersection en X,Normale,Deux véhicules - frontale,,,,,,,,,,,1,2,2,1.0,1.0
201800000011,0018-05-28 18:30:00,18,5,28,18,30,590,51,76 route de Lille,50.54194,2.81987,Plein jour,En agglomération,Giratoire,Normale,Deux véhicules - côté,,,,,,,,,,,1,2,6,1.0,3.0
201800000012,0018-05-31 04:30:00,18,5,31,4,30,590,250,RN41-D 145,50.58465,2.90868,Nuit avec éclairage allumé,Hors agglomération,Giratoire,Brouillard / fumée,Autre collision,,,,,,,,,,,5,1,6,5.0,6.0
201800000013,0018-06-15 08:45:00,18,6,15,8,45,590,257,rue delval,50.61613,2.83783,Plein jour,Hors agglomération,Hors intersection,Normale,Deux véhicules - côté,,,,,,,,,,,1,1,1,1.0,3.0
201800000014,0018-07-19 10:22:00,18,7,19,10,22,590,51,26 rue d'estaires,50.53196,2.80251,Plein jour,En agglomération,Hors intersection,Normale,Autre collision,,,,,,,,,,,1,2,1,1.0,6.0
201800000015,0018-10-31 19:45:00,18,10,31,19,45,590,303,rue chobourdin,50.57886,2.85234,Nuit sans éclairage public,Hors agglomération,Hors intersection,Normale,Autre collision,,,,,,,,,,,3,1,1,1.0,6.0
201800000016,0018-01-15 07:25:00,18,1,15,7,25,590,398,Rue Nationale,50.51098,3.12175,Crépuscule ou aube,En agglomération,Intersection en X,Normale,Autre collision,,,,,,,,,,,2,2,2,1.0,6.0
201800000017,0018-02-09 15:15:00,18,2,9,15,15,590,129,rue de l'égalité,50.51293,3.16665,Plein jour,En agglomération,Hors intersection,Neige / grêle,Autre collision,,,,,,,,,,,1,2,1,4.0,6.0
201800000018,0018-04-07 11:45:00,18,4,7,11,45,590,71,CD 917,50.4803,3.13456,Plein jour,En agglomération,Intersection en T,Normale,Deux véhicules - arrière,,,,,,,,,,,1,2,3,1.0,2.0
201800000019,0018-04-17 16:10:00,18,4,17,16,10,590,197,Intersection CD 145 - Ru,50.54792,3.14516,Plein jour,Hors agglomération,Intersection en T,Temps éblouissant,Deux véhicules - arrière,,,,,,,,,,,1,1,3,7.0,2.0
201800000020,0018-05-27 16:00:00,18,5,27,16,0,590,586,rue de wachemy,50.54129,3.18902,Plein jour,Hors agglomération,Hors intersection,Normale,Sans collision,,,,,,,,,,,1,1,1,1.0,7.0
201800000021,0018-06-12 17:45:00,18,6,12,17,45,590,34,rue de Seclin,50.53925,3.07765,Plein jour,En agglomération,Hors intersection,Normale,Autre collision,,,,,,,,,,,1,2,1,1.0,6.0
201800000022,0018-07-12 17:00:00,18,7,12,17,0,590,398,1405 route nationale,50.5059,3.12429,Plein jour,En agglomération,Hors intersection,Normale,Autre collision,,,,,,,,,,,1,2,1,1.0,6.0
201800000023,0018-10-12 18:45:00,18,10,12,18,45,590,197,PONT THIBAUT,50.53476,3.10671,Crépuscule ou aube,Hors agglomération,Hors intersection,Normale,Deux véhicules - côté,,,,,,,,,,,2,1,1,1.0,3.0
201800000024,0018-12-05 11:33:00,18,12,5,11,33,590,586,Rue Grande Campagne,50.52832,3.17434,Plein jour,En agglomération,Hors intersection,Pluie légère,Autre collision,,,,,,,,,,,1,2,1,2.0,6.0
201800000025,0018-02-09 11:15:00,18,2,9,11,15,590,452,rue florent Evrard,50.45918,3.03419,Plein jour,En agglomération,Hors intersection,Neige / grêle,Sans collision,,,,,,,,,,,1,2,1,4.0,7.0
201800000026,0018-04-14 13:05:00,18,4,14,13,5,590,411,CD 954,50.47812,3.10784,Plein jour,Hors agglomération,Hors intersection,Normale,Deux véhicules - côté,,,,,,,,,,,1,1,1,1.0,3.0
201800000027,0018-03-28 17:00:00,18,3,28,17,0,590,87,RD943B,50.66745,2.45763,Plein jour,Hors agglomération,Intersection en X,Pluie légère,Trois véhicules et plus - collisions multiples,,,,,,,,,,,1,1,2,2.0,5.0
201800000028,0018-06-17 12:15:00,18,6,17,12,15,590,84,route d'hazebrouck,50.69514,2.42763,Plein jour,En agglomération,Hors intersection,Normale,Autre collision,,,,,,,,,,,1,2,1,1.0,6.0
201800000029,0018-09-16 14:30:00,18,9,16,14,30,590,184,RD642,50.7302,2.418,Plein jour,Hors agglomération,Hors intersection,Normale,Sans collision,,,,,,,,,,,1,1,1,1.0,7.0
201800000030,0018-01-13 19:50:00,18,1,13,19,50,590,535,rue de bailleul,50.76039,2.72401,Nuit avec éclairage allumé,En agglomération,Hors intersection,Normale,Sans collision,,,,,,,,,,,5,2,1,1.0,7.0
201800000031,0018-02-03 05:30:00,18,2,3,5,30,590,401,Route Départementale 642,50.73276,2.68824,Nuit sans éclairage public,Hors agglomération,Hors intersection,Temps couvert,Sans collision,,,,,,,,,,,3,1,1,8.0,7.0
201800000032,0018-05-01 15:15:00,18,5,1,15,15,590,401,6 rue nationale,50.73981,2.69707,Plein jour,En agglomération,Hors intersection,Normale,Autre collision,,,,,,,,,,,1,2,1,1.0,6.0
201800000033,0018-07-06 15:09:00,18,7,6,15,9,590,401,RD 642,50.73351,2.69505,Plein jour,Hors agglomération,Intersection en T,Normale,Trois véhicules et plus - collisions multiples,,,,,,,,,,,1,1,3,1.0,5.0
201800000034,0018-02-03 07:45:00,18,2,3,7,45,590,268,Rue du Grand Chemin,50.63499,2.73765,Crépuscule ou aube,Hors agglomération,Hors intersection,Normale,Deux véhicules - frontale,,,,,,,,,,,2,1,1,1.0,1.0
201800000035,0018-03-16 21:15:00,18,3,16,21,15,590,581,7 rue du pont de pierre,50.71101,2.76577,Nuit sans éclairage public,Hors agglomération,Hors intersection,Pluie légère,Autre collision,,,,,,,,,,,3,1,1,2.0,6.0
201800000036,0018-05-19 11:15:00,18,5,19,11,15,590,268,rue des clinques,50.63462,2.77135,Plein jour,En agglomération,Hors intersection,Normale,Deux véhicules - côté,,,,,,,,,,,1,2,1,1.0,3.0
201800000037,0018-07-01 09:45:00,18,7,1,9,45,590,581,rue de la Lys,50.6677,2.77069,Plein jour,Hors agglomération,Hors intersection,Normale,Deux véhicules - frontale,,,,,,,,,,,1,1,1,1.0,1.0
201800000038,0018-09-04 09:35:00,18,9,4,9,35,590,268,CD-947,50.63753,2.73673,Plein jour,Hors agglomération,Intersection en T,Normale,Deux véhicules - côté,,,,,,,,,,,1,1,3,1.0,3.0
201800000039,0018-10-10 07:00:00,18,10,10,7,0,590,268,RD 945,50.62599,2.73764,Nuit sans éclairage public,Hors agglomération,Hors intersection,Brouillard / fumée,Deux véhicules - arrière,,,,,,,,,,,3,1,1,5.0,2.0
201800000040,0018-10-16 11:30:00,18,10,16,11,30,590,581,Rue de la Lys,50.67304,2.78779,Plein jour,En agglomération,Intersection en T,Normale,Trois véhicules et plus - en chaîne,,,,,,,,,,,1,2,3,1.0,4.0
201800000041,0018-11-21 12:15:00,18,11,21,12,15,590,268,RUE DE VERDUN,50.6348,2.71447,Plein jour,En agglomération,Hors intersection,Normale,Deux véhicules - frontale,,,,,,,,,,,1,2,1,1.0,1.0
201800000042,0018-01-19 14:00:00,18,1,19,14,0,590,400,ROUTE DE CAUDESCURE,50.65537,2.6294,Plein jour,En agglomération,Hors intersection,Normale,Sans collision,,,,,,,,,,,1,2,1,1.0,7.0
201800000043,0018-07-09 07:30:00,18,7,9,7,30,590,293,rue du 8 mai 1945,50.62626,2.55111,Plein jour,Hors agglomération,Hors intersection,Temps éblouissant,Deux véhicules - frontale,,,,,,,,,,,1,1,1,7.0,1.0
201800000044,0018-09-29 18:00:00,18,9,29,18,0,590,400,rue de maroeuil,50.62556,2.62903,Plein jour,Hors agglomération,Hors intersection,Temps éblouissant,Deux véhicules - côté,,,,,,,,,,,1,1,1,7.0,3.0
201800000045,0018-10-28 18:45:00,18,10,28,18,45,590,400,rue d'aire,50.63912,2.59899,Nuit avec éclairage allumé,Hors agglomération,Hors intersection,Normale,Autre collision,,,,,,,,,,,5,1,1,1.0,6.0
201800000046,0018-10-28 00:20:00,18,10,28,0,20,590,400,RUE D AIRE,50.63898,2.59912,Nuit avec éclairage allumé,Hors agglomération,Intersection en T,Temps couvert,Sans collision,,,,,,,,,,,5,1,3,8.0,7.0
201800000047,0018-02-10 08:45:00,18,2,10,8,45,590,660,rue Jean Baptiste Lebas,50.63272,3.23652,Plein jour,En agglomération,Hors intersection,Temps éblouissant,Autre collision,,,,,,,,,,,1,2,1,7.0,6.0
201800000048,0018-11-10 16:50:00,18,11,10,16,50,590,44,Rue de Saint-Amand,50.60838,3.22961,Plein jour,Hors agglomération,Autre intersection,Normale,Deux véhicules - côté,,,,,,,,,,,1,1,9,1.0,3.0
201800000049,0018-01-16 12:15:00,18,1,16,12,15,590,523,rue du maréchal LECLERCQ,50.60049,3.16554,Plein jour,En agglomération,Hors intersection,Normale,Autre collision,,,,,,,,,,,1,2,1,1.0,6.0
201800000050,0018-03-22 13:52:00,18,3,22,13,52,590,106,rue felix dehau,50.57565,3.19834,Plein jour,En agglomération,Hors intersection,Pluie légère,Deux véhicules - frontale,,,,,,,,,,,1,2,1,2.0,1.0
201800000051,0018-08-26 15:30:00,18,8,26,15,30,590,42,Rte départementale,50.53908,3.2646,Plein jour,En agglomération,Hors intersection,Pluie légère,Deux véhicules - arrière,,,,,,,,,,,1,2,1,2.0,2.0
201800000052,0018-08-31 16:10:00,18,8,31,16,10,590,168,Impasse du collège,50.57068,3.21425,Plein jour,En agglomération,Intersection en T,Temps éblouissant,Deux véhicules - côté,,,,,,,,,,,1,2,3,7.0,3.0
201800000053,0018-09-06 12:50:00,18,9,6,12,50,590,106,D94,50.57674,3.19362,Plein jour,Hors agglomération,Giratoire,Pluie légère,Deux véhicules - côté,,,,,,,,,,,1,1,6,2.0,3.0
201800000054,0018-10-12 17:30:00,18,10,12,17,30,590,168,Route de valenciennes,50.56511,3.23544,Plein jour,En agglomération,Intersection en T,Normale,Deux véhicules - côté,,,,,,,,,,,1,2,3,1.0,3.0
201800000055,0018-10-23 09:30:00,18,10,23,9,30,590,258,1359 Rue de Libération,50.53087,3.2193,Plein jour,En agglomération,Intersection en T,Normale,Deux véhicules - arrière,,,,,,,,,,,1,2,3,1.0,2.0
201800000056,0018-04-10 15:20:00,18,4,10,15,20,590,252,105 rue de quesnoy sur d,50.68934,2.96942,Plein jour,Hors agglomération,Hors intersection,Normale,Deux véhicules - arrière,,,,,,,,,,,1,1,1,1.0,2.0
201800000057,0018-06-02 06:49:00,18,6,2,6,49,590,482,868 rue de Comines,50.72335,3.00707,Crépuscule ou aube,Hors agglomération,Hors intersection,Normale,Sans collision,,,,,,,,,,,2,1,1,1.0,7.0
201800000058,0018-10-26 18:00:00,18,10,26,18,0,590,252,Rue de Messines,50.69979,2.9712,Crépuscule ou aube,Hors agglomération,Hors intersection,Normale,Deux véhicules - côté,,,,,,,,,,,2,1,1,1.0,3.0
201800000059,0018-11-09 18:55:00,18,11,9,18,55,590,611,30 rue de Lambersart,50.67501,3.00162,Nuit avec éclairage allumé,Hors agglomération,Hors intersection,Normale,Deux véhicules - côté,,,,,,,,,,,5,1,1,1.0,3.0
201800000060,0018-12-17 11:06:00,18,12,17,11,6,590,482,rue du maréchal Foch,50.71292,2.99974,Plein jour,En agglomération,Intersection en X,Temps éblouissant,Autre collision,,,,,,,,,,,1,2,2,7.0,6.0
201800000061,0018-01-05 18:00:00,18,1,5,18,0,590,221,FACE AU 72 Rue Roger Sal,50.32068,3.5184,Nuit avec éclairage allumé,En agglomération,Hors intersection,Autre,Trois véhicules et plus - en chaîne,,,,,,,,,,,5,2,1,9.0,4.0
201800000062,0018-01-21 03:30:00,18,1,21,3,30,590,610,32 rue martin hecquet,50.26489,3.47979,Nuit sans éclairage public,En agglomération,Hors intersection,Pluie légère,Autre collision,,,,,,,,,,,3,2,1,2.0,6.0
201800000063,0018-02-02 22:31:00,18,2,2,22,31,590,285,CD45,50.2496,3.41413,Nuit sans éclairage public,Hors agglomération,Autre intersection,Normale,Sans collision,,,,,,,,,,,3,1,9,1.0,7.0
201800000064,0018-02-06 18:25:00,18,2,6,18,25,590,387,D49 rue François MITTERA,50.29368,3.27905,Nuit sans éclairage public,Hors agglomération,Hors intersection,Normale,Deux véhicules - frontale,,,,,,,,,,,3,1,1,1.0,1.0
201800000065,0018-09-17 14:30:00,18,9,17,14,30,590,38,RD 81,50.26338,3.38517,Plein jour,Hors agglomération,Hors intersection,Normale,Sans collision,,,,,,,,,,,1,1,1,1.0,7.0
201800000066,0018-10-23 18:45:00,18,10,23,18,45,590,313,ROUTE DÉPARTEMENTALE 630,50.25869,3.34191,Nuit avec éclairage allumé,Hors agglomération,Hors intersection,Normale,Sans collision,,,,,,,,,,,5,1,1,1.0,7.0
201800000067,0018-11-30 14:20:00,18,11,30,14,20,590,645,CD.148,50.27251,3.25313,Plein jour,Hors agglomération,Hors intersection,Normale,Sans collision,,,,,,,,,,,1,1,1,1.0,7.0
201800000068,0018-03-02 22:30:00,18,3,2,22,30,590,35,chemin de la bridoulette,50.11192,3.94567,Nuit sans éclairage public,Hors agglomération,Hors intersection,Normale,Autre collision,,,,,,,,,,,3,1,1,1.0,6.0
201800000069,0018-03-03 11:30:00,18,3,3,11,30,590,534,RD962,50.12195,3.90521,Plein jour,Hors agglomération,Hors intersection,Normale,Autre collision,,,,,,,,,,,1,1,1,1.0,6.0
201800000070,0018-03-08 13:30:00,18,3,8,13,30,590,134,route d'Avesnes - RD424,50.10249,3.87328,Plein jour,Hors agglomération,Hors intersection,Pluie forte,Deux véhicules - frontale,,,,,,,,,,,1,1,1,3.0,1.0
201800000071,0018-03-15 13:40:00,18,3,15,13,40,590,233,Rue de guersignies,50.12848,3.95496,Plein jour,En agglomération,Intersection en Y,Pluie légère,Autre collision,,,,,,,,,,,1,2,4,2.0,6.0
201800000072,0018-03-18 01:30:00,18,3,18,1,30,590,177,CD962,50.12547,3.86769,Nuit sans éclairage public,Hors agglomération,Hors intersection,Neige / grêle,Autre collision,,,,,,,,,,,3,1,1,4.0,6.0
201800000073,0018-04-25 06:29:00,18,4,25,6,29,590,35,face au 106 route d'Etro,50.09399,3.93044,Crépuscule ou aube,Hors agglomération,Hors intersection,Normale,Autre collision,,,,,,,,,,,2,1,1,1.0,6.0
201800000074,0018-05-12 18:00:00,18,5,12,18,0,590,241,route de chevireuil,50.05212,3.87547,Plein jour,En agglomération,Intersection en X,Normale,Autre collision,,,,,,,,,,,1,2,2,1.0,6.0
201800000075,0018-06-15 21:40:00,18,6,15,21,40,590,218,Route nationale 2,50.06802,3.92867,Crépuscule ou aube,Hors agglomération,Intersection en X,Normale,Deux véhicules - frontale,,,,,,,,,,,2,1,2,1.0,1.0
201800000076,0018-07-12 23:00:00,18,7,12,23,0,590,35,route d'étroeungt,50.11315,3.93185,Nuit avec éclairage allumé,En agglomération,Hors intersection,Normale,Autre collision,,,,,,,,,,,5,2,1,1.0,6.0
201800000077,0018-08-25 13:00:00,18,8,25,13,0,590,218,lieu dit les Quatre Mais,50.06641,3.93376,Plein jour,Hors agglomération,Intersection en X,Normale,Deux véhicules - côté,,,,,,,,,,,1,1,2,1.0,3.0
201800000078,0018-09-24 17:20:00,18,9,24,17,20,590,134,rue des plaques,50.06925,3.83768,Plein jour,En agglomération,Hors intersection,Normale,Deux véhicules - côté,,,,,,,,,,,1,2,1,1.0,3.0
201800000079,0018-10-14 11:00:00,18,10,14,11,0,590,177,route de Cartignies,50.12217,3.86039,Plein jour,En agglomération,Hors intersection,Normale,Deux véhicules - arrière,,,,,,,,,,,1,2,1,1.0,2.0
201800000080,0018-11-02 16:50:00,18,11,2,16,50,590,290,"rd 424, ROUTE DE CARTIGN",50.10269,3.87925,Plein jour,Hors agglomération,Hors intersection,Normale,Deux véhicules - arrière,,,,,,,,,,,1,1,1,1.0,2.0
201800000081,0018-11-16 19:50:00,18,11,16,19,50,590,35,CD 951,50.10072,3.97305,Nuit sans éclairage public,Hors agglomération,Hors intersection,Brouillard / fumée,Deux véhicules - frontale,,,,,,,,,,,3,1,1,5.0,1.0
201800000082,0018-11-23 08:50:00,18,11,23,8,50,590,290,Route de cartignies,50.10887,3.90095,Plein jour,Hors agglomération,Intersection en X,Autre,Deux véhicules - côté,,,,,,,,,,,1,1,2,9.0,3.0
201800000083,0018-11-27 21:45:00,18,11,27,21,45,590,181,Mont Dourlers,50.1751,3.95466,Nuit avec éclairage allumé,En agglomération,Intersection en X,Normale,Deux véhicules - frontale,,,,,,,,,,,5,2,2,1.0,1.0
201800000084,0018-04-08 06:00:00,18,4,8,6,0,590,249,47 rue du Maire Coppeaux,50.01776,4.05349,Crépuscule ou aube,En agglomération,Hors intersection,Normale,Deux véhicules - frontale,,,,,,,,,,,2,2,1,1.0,1.0
201800000085,0018-05-13 18:10:00,18,5,13,18,10,590,249,102 rue d'Anor,50.00429,4.05287,Plein jour,Hors agglomération,Hors intersection,Pluie légère,Autre collision,,,,,,,,,,,1,1,1,2.0,6.0
201800000086,0018-06-03 12:30:00,18,6,3,12,30,590,249,D42,50.02882,4.02831,Plein jour,Hors agglomération,Intersection en X,Temps éblouissant,Deux véhicules - côté,,,,,,,,,,,1,1,2,7.0,3.0
201800000087,0018-07-09 00:45:00,18,7,9,0,45,590,249,rue marceau batteux,50.00682,4.05801,Nuit avec éclairage allumé,En agglomération,Giratoire,Normale,Autre collision,,,,,,,,,,,5,2,6,1.0,6.0
201800000088,0018-03-22 01:55:00,18,3,22,1,55,590,531,Rue Pasteur,50.07831,3.52506,Nuit avec éclairage non allumé,En agglomération,Hors intersection,Normale,Autre collision,,,,,,,,,,,4,2,1,1.0,6.0
201800000089,0018-04-17 09:25:00,18,4,17,9,25,590,137,17 avenue de la groise,50.0763,3.65392,Plein jour,En agglomération,Hors intersection,Temps éblouissant,Autre collision,,,,,,,,,,,1,2,1,7.0,6.0
201800000090,0018-05-30 00:15:00,18,5,30,0,15,590,136,D643 - rond point direct,50.1064,3.53644,Nuit avec éclairage non allumé,Hors agglomération,Giratoire,Normale,Sans collision,,,,,,,,,,,4,1,6,1.0,7.0
201800000091,0018-06-12 16:57:00,18,6,12,16,57,590,136,place du cdt Edou,50.10585,3.5418,Plein jour,En agglomération,Intersection en T,Normale,Autre collision,,,,,,,,,,,1,2,3,1.0,6.0
201800000092,0018-07-05 21:10:00,18,7,5,21,10,590,136,62 rue charles seydoux,50.1065,3.53709,Plein jour,En agglomération,Intersection en Y,Normale,Sans collision,,,,,,,,,,,1,2,4,1.0,7.0
201800000093,0018-07-29 03:45:00,18,7,29,3,45,590,55,Rue du pommereuil,50.09996,3.59892,Nuit avec éclairage allumé,En agglomération,Hors intersection,Normale,Autre collision,,,,,,,,,,,5,2,1,1.0,6.0
201800000094,0018-08-15 11:30:00,18,8,15,11,30,590,450,D959,50.11673,3.64089,Plein jour,Hors agglomération,Hors intersection,Pluie légère,Deux véhicules - arrière,,,,,,,,,,,1,1,1,2.0,2.0
201800000095,0018-09-27 16:40:00,18,9,27,16,40,590,136,boulevard paturle,50.10616,3.53586,Plein jour,En agglomération,Intersection en X,Normale,Autre collision,,,,,,,,,,,1,2,2,1.0,6.0
201800000096,0018-10-08 10:50:00,18,10,8,10,50,590,136,38 rue faidherbe,50.0943,3.54043,Plein jour,En agglomération,Hors intersection,Normale,Autre collision,,,,,,,,,,,1,2,1,1.0,6.0
201800000097,0018-10-21 15:00:00,18,10,21,15,0,590,465,RUE DE FOREST,50.12243,3.59092,Plein jour,Hors agglomération,Intersection en X,Temps éblouissant,Deux véhicules - côté,,,,,,,,,,,1,1,2,7.0,3.0
201800000098,0018-11-21 18:40:00,18,11,21,18,40,590,55,Rue du Cateau,50.09536,3.57744,Nuit sans éclairage public,Hors agglomération,Hors intersection,Normale,Trois véhicules et plus - en chaîne,,,,,,,,,,,3,1,1,1.0,4.0
201800000099,0018-01-20 13:00:00,18,1,20,13,0,590,139,rue de Cambrai,50.1228,3.40654,Plein jour,En agglomération,Intersection en X,Pluie légère,Deux véhicules - côté,,,,,,,,,,,1,2,2,2.0,3.0
201800000100,0018-02-17 12:20:00,18,2,17,12,20,590,243,Rue Roger Salengro,50.13069,3.384,Plein jour,En agglomération,Hors intersection,Normale,Trois véhicules et plus - collisions multiples,,,,,,,,,,,1,2,1,1.0,5.0
201800000101,0018-03-03 06:50:00,18,3,3,6,50,590,139,rue aristide briand,50.12306,3.41491,Crépuscule ou aube,En agglomération,Hors intersection,Autre,Autre collision,,,,,,,,,,,2,2,1,9.0,6.0
201800000102,0018-03-15 18:25:00,18,3,15,18,25,590,139,27 rue Saint Gall,50.11949,3.41533,Plein jour,En agglomération,Hors intersection,Normale,Autre collision,,,,,,,,,,,1,2,1,1.0,6.0
201800000103,0018-03-26 18:30:00,18,3,26,18,30,590,139,RD643,50.13282,3.41709,Plein jour,Hors agglomération,Intersection en X,Normale,Deux véhicules - côté,,,,,,,,,,,1,1,2,1.0,3.0
201800000104,0018-04-10 14:15:00,18,4,10,14,15,590,139,rue Jules Guesde,50.12606,3.40715,Plein jour,En agglomération,Autre intersection,Normale,Autre collision,,,,,,,,,,,1,2,9,1.0,6.0
201800000105,0018-04-03 10:40:00,18,4,3,10,40,590,139,rue de Saint Quentin,50.11141,3.4075,Plein jour,En agglomération,Hors intersection,Normale,Deux véhicules - arrière,,,,,,,,,,,1,2,1,1.0,2.0
201800000106,0018-05-22 13:15:00,18,5,22,13,15,590,139,rue stephenson,50.12707,3.41769,Plein jour,En agglomération,Hors intersection,Normale,Autre collision,,,,,,,,,,,1,2,1,1.0,6.0
201800000107,0018-06-01 13:30:00,18,6,1,13,30,590,139,rue aristide birand,50.12199,3.42028,Plein jour,En agglomération,Giratoire,Pluie forte,Deux véhicules - côté,,,,,,,,,,,1,2,6,3.0,3.0
201800000108,0018-06-15 00:45:00,18,6,15,0,45,590,321,D643,50.1185,3.47853,Nuit sans éclairage public,Hors agglomération,Hors intersection,Normale,Deux véhicules - frontale,,,,,,,,,,,3,1,1,1.0,1.0
201800000109,0018-06-15 17:10:00,18,6,15,17,10,590,139,Rue de la République,50.12748,3.407,Plein jour,En agglomération,Intersection en X,Normale,Trois véhicules et plus - en chaîne,,,,,,,,,,,1,2,2,1.0,4.0
201800000110,0018-09-18 05:30:00,18,9,18,5,30,590,139,RD643,50.12674,3.44331,Nuit sans éclairage public,Hors agglomération,Intersection en X,Normale,Deux véhicules - arrière,,,,,,,,,,,3,1,2,1.0,2.0
201800000111,0018-10-05 17:30:00,18,10,5,17,30,590,321,D134,50.12805,3.46442,Plein jour,Hors agglomération,Hors intersection,Normale,Autre collision,,,,,,,,,,,1,1,1,1.0,6.0
201800000112,0018-11-05 16:30:00,18,11,5,16,30,590,63,D643,50.14634,3.35815,Plein jour,Hors agglomération,Hors intersection,Normale,Trois véhicules et plus - collisions multiples,,,,,,,,,,,1,1,1,1.0,5.0
201800000113,0018-11-27 17:50:00,18,11,27,17,50,590,139,203 rue de la république,50.13212,3.40264,Nuit avec éclairage allumé,En agglomération,Intersection en T,Normale,Deux véhicules - frontale,,,,,,,,,,,5,2,3,1.0,1.0
201800000114,0018-05-27 18:30:00,18,5,27,18,30,590,552,CD643,50.21603,3.18105,Plein jour,Hors agglomération,Intersection en T,Normale,Deux véhicules - frontale,,,,,,,,,,,1,1,3,1.0,1.0
201800000115,0018-05-27 15:25:00,18,5,27,15,25,590,593,Sentier de la montagne,50.20723,3.27766,Plein jour,En agglomération,Hors intersection,Normale,Sans collision,,,,,,,,,,,1,2,1,1.0,7.0
201800000116,0018-07-21 17:50:00,18,7,21,17,50,590,216,RD 152,50.2212,3.26042,Plein jour,Hors agglomération,Hors intersection,Normale,Autre collision,,,,,,,,,,,1,1,1,1.0,6.0
201800000117,0018-08-05 18:25:00,18,8,5,18,25,590,595,CD630,50.21577,3.30035,Plein jour,Hors agglomération,Hors intersection,Temps éblouissant,Autre collision,,,,,,,,,,,1,1,1,7.0,6.0
201800000118,0018-08-03 03:30:00,18,8,3,3,30,590,322,rue clémenceau,50.22818,3.31964,Nuit sans éclairage public,En agglomération,Hors intersection,Normale,Autre collision,,,,,,,,,,,3,2,1,1.0,6.0
201800000119,0018-12-24 18:00:00,18,12,24,18,0,590,422,RD 114,50.19919,3.31097,Nuit avec éclairage allumé,En agglomération,Hors intersection,Normale,Autre collision,,,,,,,,,,,5,2,1,1.0,6.0
201800000120,0018-01-27 23:15:00,18,1,27,23,15,590,438,D29,50.14496,3.198,Nuit sans éclairage public,Hors agglomération,Hors intersection,Pluie légère,Autre collision,,,,,,,,,,,3,1,1,2.0,6.0
201800000121,0018-04-26 23:00:00,18,4,26,23,0,590,377,D 56,50.1178,3.17104,Nuit sans éclairage public,Hors agglomération,Hors intersection,Normale,Autre collision,,,,,,,,,,,3,1,1,1.0,6.0