accident_id,datetime,annee,mois,jour,heure,minute,departement,commune_insee,adresse,latitude,longitude,luminosite,agglomeration,intersection,meteo,collision,nb_vehicules,nb_usagers,nb_indemnes,nb_tues,nb_blesses_hosp,nb_blesses_legers,age_cond_1,age_cond_2,veh_type_cond_1,veh_type_cond_2,lum_code,agg_code,int_code,atm_code,col_code
201800000244,0018-01-10 12:10:00,18,1,10,12,10,20,596,RD 82,48.96681,3.28306,Plein jour,Hors agglomération,Hors intersection,Pluie légère,Deux véhicules - frontale,,,,,,,,,,,1,1,1,2.0,1.0
201800000245,0018-04-15 14:34:00,18,4,15,14,34,20,186,D86,48.98667,3.35821,Plein jour,Hors agglomération,Hors intersection,Normale,Sans collision,,,,,,,,,,,1,1,1,1.0,7.0
201800000246,0018-04-17 19:26:00,18,4,17,19,26,20,84,route de nanteuil,49.00594,3.22624,Plein jour,Hors agglomération,Hors intersection,Normale,Sans collision,,,,,,,,,,,1,1,1,1.0,7.0
201800000247,0018-04-21 19:25:00,18,4,21,19,25,20,701,153 route nationale,48.97518,3.30591,Plein jour,En agglomération,Hors intersection,Normale,Sans collision,,,,,,,,,,,1,2,1,1.0,7.0
201800000248,0018-05-02 11:23:00,18,5,2,11,23,20,798,D 933,48.89759,3.40623,Plein jour,Hors agglomération,Intersection en X,Normale,Deux véhicules - frontale,,,,,,,,,,,1,1,2,1.0,1.0
201800000249,0018-06-05 18:00:00,18,6,5,18,0,20,443,Intersection D1003/D82,49.04437,3.27758,Plein jour,Hors agglomération,Intersection en X,Temps couvert,Deux véhicules - côté,,,,,,,,,,,1,1,2,8.0,3.0
201800000250,0018-07-08 06:30:00,18,7,8,6,30,20,555,43 Bis Rue Ernest Vallée,48.96499,3.31876,Plein jour,En agglomération,Hors intersection,Normale,Autre collision,,,,,,,,,,,1,2,1,1.0,6.0
201800000251,0018-09-26 19:44:00,18,9,26,19,44,20,505,Les chaillots,48.93633,3.42007,Crépuscule ou aube,Hors agglomération,Hors intersection,Normale,Sans collision,,,,,,,,,,,2,1,1,1.0,7.0
201800000252,0018-09-27 13:30:00,18,9,27,13,30,20,555,D11,48.95005,3.32989,Plein jour,Hors agglomération,Hors intersection,Normale,Sans collision,,,,,,,,,,,1,1,1,1.0,7.0
201800000253,0018-09-27 13:45:00,18,9,27,13,45,20,505,lieu dit Pertibout,48.94573,3.45987,Plein jour,Hors agglomération,Hors intersection,Normale,Autre collision,,,,,,,,,,,1,1,1,1.0,6.0
201800000254,0018-10-02 20:40:00,18,10,2,20,40,20,555,Rue de la Ferotterie,48.96244,3.33051,Nuit sans éclairage public,Hors agglomération,Hors intersection,Pluie légère,Deux véhicules - frontale,,,,,,,,,,,3,1,1,2.0,1.0
201800000255,0018-10-04 16:30:00,18,10,4,16,30,20,186,D15,48.99086,3.37105,Plein jour,Hors agglomération,Hors intersection,Normale,Deux véhicules - frontale,,,,,,,,,,,1,1,1,1.0,1.0
201800000256,0018-10-17 19:45:00,18,10,17,19,45,20,281,PK 5 + 920,48.8954,3.44769,Nuit sans éclairage public,Hors agglomération,Hors intersection,Normale,Deux véhicules - arrière,,,,,,,,,,,3,1,1,1.0,2.0
201800000257,0018-01-10 19:40:00,18,1,10,19,40,20,381,Rue Charles de Gaulle,49.9211,4.08369,Nuit avec éclairage allumé,En agglomération,Intersection en X,Normale,Deux véhicules - côté,,,,,,,,,,,5,2,2,1.0,3.0
201800000258,0018-03-25 13:00:00,18,3,25,13,0,20,381,rue du 8 mai 1945,49.92433,4.07923,Plein jour,En agglomération,Intersection en X,Temps éblouissant,Deux véhicules - côté,,,,,,,,,,,1,2,2,7.0,3.0
201800000259,0018-05-03 16:40:00,18,5,3,16,40,20,381,Avenue de Verdun,49.9096,4.09055,Plein jour,En agglomération,Giratoire,Normale,Deux véhicules - côté,,,,,,,,,,,1,2,6,1.0,3.0
201800000260,0018-06-03 10:50:00,18,6,3,10,50,20,495,RD 1043 PK 20+ 900,49.9569,4.03659,Plein jour,Hors agglomération,Intersection en Y,Normale,Deux véhicules - arrière,,,,,,,,,,,1,1,4,1.0,2.0
201800000261,0018-06-08 09:25:00,18,6,8,9,25,20,684,Rue du Géneral LECLERC,49.92216,4.14037,Plein jour,En agglomération,Hors intersection,Normale,Autre collision,,,,,,,,,,,1,2,1,1.0,6.0
201800000262,0018-07-24 18:55:00,18,7,24,18,55,20,544,28 rue du baty,49.93371,4.03134,Plein jour,En agglomération,Hors intersection,Normale,Deux véhicules - arrière,,,,,,,,,,,1,2,1,1.0,2.0
201800000263,0018-08-12 19:27:00,18,8,12,19,27,20,833,RD 1043,49.96369,3.98645,Plein jour,Hors agglomération,Intersection en X,Normale,Deux véhicules - côté,,,,,,,,,,,1,1,2,1.0,3.0
201800000264,0018-10-04 18:15:00,18,10,4,18,15,20,495,rue Marius Alliaume,49.97416,4.07158,Plein jour,En agglomération,Hors intersection,Normale,Deux véhicules - frontale,,,,,,,,,,,1,2,1,1.0,1.0
201800000265,0018-11-23 10:00:00,18,11,23,10,0,20,684,43 RUE DE LA ROCHE,49.92529,4.13344,Plein jour,En agglomération,Hors intersection,Normale,Autre collision,,,,,,,,,,,1,2,1,1.0,6.0
201800000266,0018-01-12 17:30:00,18,1,12,17,30,600,644,Route   Nationale,49.28661,1.81959,Crépuscule ou aube,En agglomération,Intersection en T,Normale,Deux véhicules - côté,,,,,,,,,,,2,2,3,1.0,3.0
201800000267,0018-01-11 18:25:00,18,1,11,18,25,600,89,D  153,49.21959,1.88401,Crépuscule ou aube,Hors agglomération,Intersection en X,Normale,Deux véhicules - côté,,,,,,,,,,,2,1,2,1.0,3.0
201800000268,0018-01-21 15:00:00,18,1,21,15,0,600,89,RD915,49.20627,1.86188,Plein jour,Hors agglomération,Intersection en T,Pluie légère,Deux véhicules - côté,,,,,,,,,,,1,1,3,2.0,3.0
201800000269,0018-02-16 06:00:00,18,2,16,6,0,600,90,RD 915,49.17391,1.91236,Nuit sans éclairage public,Hors agglomération,Hors intersection,Normale,Autre collision,,,,,,,,,,,3,1,1,1.0,6.0
201800000270,0018-11-21 10:05:00,18,11,21,10,5,600,97,RD 153,49.31125,1.88599,Plein jour,Hors agglomération,Hors intersection,Temps éblouissant,Deux véhicules - frontale,,,,,,,,,,,1,1,1,7.0,1.0
201800000271,0018-12-09 18:20:00,18,12,9,18,20,600,322,D981,49.30473,1.86803,Nuit sans éclairage public,Hors agglomération,Intersection en X,Pluie légère,Deux véhicules - côté,,,,,,,,,,,3,1,2,2.0,3.0
201800000272,0018-01-27 07:30:00,18,1,27,7,30,600,65,rue du moulin de Conflan,49.33984,2.21013,Crépuscule ou aube,Hors agglomération,Hors intersection,Temps couvert,Autre collision,,,,,,,,,,,2,1,1,8.0,6.0
201800000273,0018-05-03 17:30:00,18,5,3,17,30,600,135,CD 44,49.30783,2.23766,Plein jour,Hors agglomération,Hors intersection,Normale,Sans collision,,,,,,,,,,,1,1,1,1.0,7.0
201800000274,0018-07-04 16:50:00,18,7,4,16,50,600,462,RD 1001,49.3369,2.19672,Plein jour,Hors agglomération,Hors intersection,Normale,Autre collision,,,,,,,,,,,1,1,1,1.0,6.0
201800000275,0018-07-11 16:30:00,18,7,11,16,30,600,469,D1001,49.26493,2.20385,Plein jour,Hors agglomération,Hors intersection,Normale,Deux véhicules - frontale,,,,,,,,,,,1,1,1,1.0,1.0
201800000276,0018-07-17 17:30:00,18,7,17,17,30,600,462,rue de Calais,49.33312,2.19883,Plein jour,En agglomération,Hors intersection,Normale,Deux véhicules - côté,,,,,,,,,,,1,2,1,1.0,3.0
201800000277,0018-07-22 18:45:00,18,7,22,18,45,600,575,ROUTE DEPARTEMENTALE 100,49.3005,2.19718,Plein jour,Hors agglomération,Intersection en T,Normale,Deux véhicules - côté,,,,,,,,,,,1,1,3,1.0,3.0
201800000278,0018-09-14 08:30:00,18,9,14,8,30,600,65,RUE DE HERMES,49.35144,2.23596,Plein jour,En agglomération,Hors intersection,Normale,Sans collision,,,,,,,,,,,1,2,1,1.0,7.0
201800000279,0018-10-03 12:40:00,18,10,3,12,40,600,685,,49.36378,2.21636,Plein jour,En agglomération,Hors intersection,Normale,Deux véhicules - frontale,,,,,,,,,,,1,2,1,1.0,1.0
201800000280,0018-07-07 18:30:00,18,7,7,18,30,600,524,RD1016,49.34335,2.43335,Plein jour,Hors agglomération,Hors intersection,Normale,Sans collision,,,,,,,,,,,1,1,1,1.0,7.0
201800000281,0018-09-11 19:05:00,18,9,11,19,5,600,360,06 rue victor hugo,49.32944,2.46398,Plein jour,En agglomération,Hors intersection,Normale,Autre collision,,,,,,,,,,,1,2,1,1.0,6.0
201800000282,0018-09-21 11:30:00,18,9,21,11,30,600,524,Rue Jean JAURES,49.32437,2.44206,Plein jour,En agglomération,Hors intersection,Normale,Autre collision,,,,,,,,,,,1,2,1,1.0,6.0
201800000283,0018-07-15 19:00:00,18,7,15,19,0,600,574,1083 rue principale,49.34828,2.28665,Plein jour,En agglomération,Hors intersection,Normale,Autre collision,,,,,,,,,,,1,2,1,1.0,6.0
201800000284,0018-08-08 17:40:00,18,8,8,17,40,600,638,Rue de la gare,49.35495,2.31735,Plein jour,Hors agglomération,Hors intersection,Normale,Sans collision,,,,,,,,,,,1,1,1,1.0,7.0
201800000285,0018-08-10 11:20:00,18,8,10,11,20,600,313,Chemin de la foret,49.36975,2.25588,Plein jour,Hors agglomération,Hors intersection,Normale,Deux véhicules - frontale,,,,,,,,,,,1,1,1,1.0,1.0
201800000286,0018-09-16 03:20:00,18,9,16,3,20,600,2,RD1001,49.36615,2.16094,Nuit avec éclairage allumé,En agglomération,Giratoire,Normale,Autre collision,,,,,,,,,,,5,2,6,1.0,6.0
201800000287,0018-09-17 21:15:00,18,9,17,21,15,600,437,D137,49.32281,2.2576,Crépuscule ou aube,Hors agglomération,Hors intersection,Normale,Sans collision,,,,,,,,,,,2,1,1,1.0,7.0
201800000288,0018-09-19 19:45:00,18,9,19,19,45,600,116,"75, cité saint epin",49.29846,2.34676,Crépuscule ou aube,En agglomération,Intersection en T,Normale,Deux véhicules - côté,,,,,,,,,,,2,2,3,1.0,3.0
201800000289,0018-09-26 08:40:00,18,9,26,8,40,600,116,RD137,49.31326,2.35825,Plein jour,Hors agglomération,Intersection en T,Normale,Deux véhicules - frontale,,,,,,,,,,,1,1,3,1.0,1.0
201800000290,0018-12-29 18:10:00,18,12,29,18,10,600,116,CD12,49.31325,2.33557,Nuit sans éclairage public,Hors agglomération,Autre intersection,Normale,Autre collision,,,,,,,,,,,3,1,9,1.0,6.0
201800000291,0018-01-28 18:30:00,18,1,28,18,30,600,674,route des étangs,49.38978,2.93429,Nuit avec éclairage allumé,En agglomération,Hors intersection,Temps couvert,Autre collision,,,,,,,,,,,5,2,1,8.0,6.0
201800000292,0018-02-02 22:40:00,18,2,2,22,40,600,430,Route Départementale 332,49.33743,2.88956,Nuit sans éclairage public,Hors agglomération,Hors intersection,Pluie légère,Trois véhicules et plus - en chaîne,,,,,,,,,,,3,1,1,2.0,4.0
201800000293,0018-02-02 15:00:00,18,2,2,15,0,600,338,D200,49.36865,2.77788,Plein jour,Hors agglomération,Hors intersection,Pluie légère,Autre collision,,,,,,,,,,,1,1,1,2.0,6.0
201800000294,0018-10-13 15:15:00,18,10,13,15,15,600,369,rue du grand ferré,49.35331,2.71879,Plein jour,En agglomération,Hors intersection,Normale,Deux véhicules - frontale,,,,,,,,,,,1,2,1,1.0,1.0
201800000295,0018-12-17 09:12:00,18,12,17,9,12,600,326,RN 31,49.40243,2.72626,Plein jour,Hors agglomération,Hors intersection,Pluie légère,Trois véhicules et plus - en chaîne,,,,,,,,,,,1,1,1,2.0,4.0
201800000296,0018-01-19 17:40:00,18,1,19,17,40,570,203,R ROBERT SCHUMAN,49.50538,6.19348,Nuit avec éclairage allumé,En agglomération,Hors intersection,Pluie légère,Autre collision,,,,,,,,,,,5,2,1,2.0,6.0
201800000297,0018-08-28 20:30:00,18,8,28,20,30,570,600,D653,49.45943,6.17761,Nuit sans éclairage public,Hors agglomération,Hors intersection,Normale,Sans collision,,,,,,,,,,,3,1,1,1.0,7.0
201800000298,0018-10-05 08:40:00,18,10,5,8,40,570,323,ROUTE DU BENELUX,49.42706,6.16491,Plein jour,En agglomération,Intersection en T,Normale,Autre collision,,,,,,,,,,,1,2,3,1.0,6.0
201800000299,0018-10-07 17:40:00,18,10,7,17,40,570,104,RD 56,49.43842,6.21154,Plein jour,Hors agglomération,Hors intersection,Normale,Sans collision,,,,,,,,,,,1,1,1,1.0,7.0
201800000300,0018-10-15 06:50:00,18,10,15,6,50,570,475,RD1,49.5035,6.27143,Nuit avec éclairage allumé,En agglomération,Hors intersection,Normale,Sans collision,,,,,,,,,,,5,2,1,1.0,7.0
201800000301,0018-01-07 15:50:00,18,1,7,15,50,600,612,rue de paris,49.20271,2.58191,Plein jour,En agglomération,Hors intersection,Temps couvert,Deux véhicules - frontale,,,,,,,,,,,1,2,1,8.0,1.0
201800000302,0018-02-24 18:25:00,18,2,24,18,25,600,612,rue du faubourg saint ma,49.19877,2.5792,Nuit avec éclairage allumé,En agglomération,Hors intersection,Normale,Autre collision,,,,,,,,,,,5,2,1,1.0,6.0
201800000303,0018-04-18 16:00:00,18,4,18,16,0,600,612,1 avenue de creil,49.20657,2.5782,Plein jour,En agglomération,Hors intersection,Normale,Autre collision,,,,,,,,,,,1,2,1,1.0,6.0
201800000304,0018-04-19 09:10:00,18,4,19,9,10,600,612,avenue du poteau,49.22062,2.59253,Plein jour,En agglomération,Hors intersection,Temps éblouissant,Autre collision,,,,,,,,,,,1,2,1,7.0,6.0
201800000305,0018-04-19 17:15:00,18,4,19,17,15,600,138,D932A,49.22482,2.61499,Plein jour,Hors agglomération,Hors intersection,Normale,Deux véhicules - côté,,,,,,,,,,,1,1,1,1.0,3.0
201800000306,0018-06-06 15:45:00,18,6,6,15,45,600,421,Route de Nanteuil,49.19527,2.63234,Plein jour,En agglomération,Hors intersection,Normale,Autre collision,,,,,,,,,,,1,2,1,1.0,6.0
201800000307,0018-07-25 14:15:00,18,7,25,14,15,600,138,CD932A,49.22482,2.61499,Plein jour,Hors agglomération,Hors intersection,Normale,Deux véhicules - côté,,,,,,,,,,,1,1,1,1.0,3.0
201800000308,0018-10-18 06:00:00,18,10,18,6,0,600,45,D1324,49.21583,2.66958,Nuit sans éclairage public,Hors agglomération,Hors intersection,Pluie légère,Deux véhicules - arrière,,,,,,,,,,,3,1,1,2.0,2.0
201800000309,0018-02-16 18:34:00,18,2,16,18,34,600,139,D923 ROUTE DE MERU,49.18238,2.23472,Nuit avec éclairage allumé,Hors agglomération,Autre intersection,Normale,Autre collision,,,,,,,,,,,5,1,9,1.0,6.0
201800000310,0018-02-25 05:10:00,18,2,25,5,10,600,450,Rue guy moquet,49.22863,2.28768,Nuit avec éclairage allumé,En agglomération,Hors intersection,Normale,Autre collision,,,,,,,,,,,5,2,1,1.0,6.0
201800000311,0018-04-11 09:15:00,18,4,11,9,15,600,86,intersection D118 et cc,49.19394,2.32817,Plein jour,Hors agglomération,Intersection en T,Normale,Deux véhicules - côté,,,,,,,,,,,1,1,3,1.0,3.0
201800000312,0018-02-25 05:10:00,18,2,25,5,10,600,139,Rue Emile Decourtray,49.17018,2.24171,Nuit avec éclairage allumé,En agglomération,Hors intersection,Normale,Deux véhicules - côté,,,,,,,,,,,5,2,1,1.0,3.0
201800000313,0018-06-12 07:10:00,18,6,12,7,10,600,139,D 1001,49.1564,2.24437,Crépuscule ou aube,Hors agglomération,Hors intersection,Pluie légère,Deux véhicules - côté,,,,,,,,,,,2,1,1,2.0,3.0
201800000314,0018-07-03 18:17:00,18,7,3,18,17,600,139,187 rue Jacques Prevert,49.16997,2.25752,Plein jour,En agglomération,Autre intersection,Normale,Deux véhicules - frontale,,,,,,,,,,,1,2,9,1.0,1.0
201800000315,0018-07-11 15:00:00,18,7,11,15,0,600,139,RUE HENRI HENNO,49.16638,2.25029,Plein jour,En agglomération,Intersection en T,Normale,Autre collision,,,,,,,,,,,1,2,3,1.0,6.0
201800000316,0018-10-14 19:30:00,18,10,14,19,30,600,259,route départementale D 4,49.19993,2.26197,Crépuscule ou aube,Hors agglomération,Autre intersection,Normale,Autre collision,,,,,,,,,,,2,1,9,1.0,6.0
201800000317,0018-10-20 12:08:00,18,10,20,12,8,600,139,Intersection D 924 / D 4,49.16692,2.24852,Plein jour,En agglomération,Giratoire,Normale,Autre collision,,,,,,,,,,,1,2,6,1.0,6.0
201800000318,0018-10-25 18:14:00,18,10,25,18,14,600,450,Intersection D929/ route,49.22996,2.29347,Plein jour,Hors agglomération,Giratoire,Temps éblouissant,Autre collision,,,,,,,,,,,1,1,6,7.0,6.0
201800000319,0018-11-17 14:45:00,18,11,17,14,45,600,139,Départementale 1001,49.18015,2.23504,Plein jour,Hors agglomération,Hors intersection,Normale,Trois véhicules et plus - en chaîne,,,,,,,,,,,1,1,1,1.0,4.0
201800000320,0018-11-22 06:00:00,18,11,22,6,0,600,139,Route nationale,49.1806,2.23544,Nuit sans éclairage public,Hors agglomération,Hors intersection,Normale,Deux véhicules - côté,,,,,,,,,,,3,1,1,1.0,3.0
201800000321,0018-11-24 07:40:00,18,11,24,7,40,600,139,D1001 SORTIE DU ROND POI,49.17375,2.23141,Crépuscule ou aube,Hors agglomération,Hors intersection,Pluie légère,Sans collision,,,,,,,,,,,2,1,1,2.0,7.0
201800000322,0018-12-14 21:30:00,18,12,14,21,30,600,60,D105,49.18321,2.21239,Nuit sans éclairage public,Hors agglomération,Hors intersection,Normale,Deux véhicules - frontale,,,,,,,,,,,3,1,1,1.0,1.0
201800000323,0018-02-20 18:35:00,18,2,20,18,35,600,695,route de Chantilly,49.19904,2.48957,Nuit avec éclairage allumé,En agglomération,Intersection en Y,Pluie légère,Deux véhicules - frontale,,,,,,,,,,,5,2,4,2.0,1.0
201800000324,0018-03-05 11:55:00,18,3,5,11,55,600,141,av de la plaine des aigl,49.19029,2.48626,Plein jour,En agglomération,Hors intersection,Normale,Deux véhicules - arrière,,,,,,,,,,,1,2,1,1.0,2.0
201800000325,0018-06-13 10:56:00,18,6,13,10,56,600,589,avenue de la paix,49.23141,2.45887,Plein jour,En agglomération,Giratoire,Normale,Deux véhicules - côté,,,,,,,,,,,1,2,6,1.0,3.0
201800000326,0018-07-18 08:40:00,18,7,18,8,40,600,589,rond point du VER BOIS,49.22083,2.46687,Plein jour,Hors agglomération,Giratoire,Normale,Deux véhicules - côté,,,,,,,,,,,1,1,6,1.0,3.0
201800000327,0018-09-12 12:45:00,18,9,12,12,45,600,141,route départementale 924,49.18319,2.49149,Plein jour,Hors agglomération,Autre intersection,Normale,Autre collision,,,,,,,,,,,1,1,9,1.0,6.0
201800000328,0018-09-16 19:50:00,18,9,16,19,50,600,141,avenue Maréchal JOFFRE,49.18975,2.46294,Nuit avec éclairage allumé,En agglomération,Hors intersection,Normale,Deux véhicules - côté,,,,,,,,,,,5,2,1,1.0,3.0
201800000329,0018-11-22 17:00:00,18,11,22,17,0,600,141,D 924 A,49.17706,2.49788,Nuit sans éclairage public,Hors agglomération,Intersection en Y,Pluie légère,Trois véhicules et plus - collisions multiples,,,,,,,,,,,3,1,4,2.0,5.0
201800000330,0018-12-01 22:30:00,18,12,1,22,30,600,141,Lieu Rond point de la ta,49.18976,2.4846,Nuit sans éclairage public,Hors agglomération,Giratoire,Pluie forte,Autre collision,,,,,,,,,,,3,1,6,3.0,6.0
201800000331,0018-12-02 15:40:00,18,12,2,15,40,600,589,D44,49.21179,2.43417,Plein jour,Hors agglomération,Hors intersection,Temps couvert,Deux véhicules - frontale,,,,,,,,,,,1,1,1,8.0,1.0
201800000332,0018-11-23 17:30:00,18,11,23,17,30,600,282,Rd 44,49.21124,2.42684,Crépuscule ou aube,En agglomération,Hors intersection,Normale,Sans collision,,,,,,,,,,,2,2,1,1.0,7.0
201800000333,0018-12-02 18:00:00,18,12,2,18,0,600,22,D 606E,49.22878,2.52903,Crépuscule ou aube,Hors agglomération,Hors intersection,Pluie légère,Autre collision,,,,,,,,,,,2,1,1,2.0,6.0
201800000334,0018-12-21 10:00:00,18,12,21,10,0,600,589,RD44,49.21175,2.43992,Plein jour,Hors agglomération,Hors intersection,Pluie légère,Deux véhicules - frontale,,,,,,,,,,,1,1,1,2.0,1.0
201800000335,0018-01-02 16:30:00,18,1,2,16,30,600,213,RN330,49.11342,2.70237,Crépuscule ou aube,Hors agglomération,Hors intersection,Pluie légère,Deux véhicules - frontale,,,,,,,,,,,2,1,1,2.0,1.0
201800000336,0018-02-14 20:41:00,18,2,14,20,41,600,341,RD 84,49.08655,2.73319,Nuit avec éclairage allumé,En agglomération,Hors intersection,Pluie légère,Deux véhicules - frontale,,,,,,,,,,,5,2,1,2.0,1.0
201800000337,0018-02-16 15:45:00,18,2,16,15,45,600,79,D 922,49.14767,2.87194,Plein jour,Hors agglomération,Intersection en X,Normale,Deux véhicules - frontale,,,,,,,,,,,1,1,2,1.0,1.0
201800000338,0018-05-08 20:20:00,18,5,8,20,20,600,213,,49.11788,2.71161,Plein jour,Hors agglomération,Hors intersection,Normale,Deux véhicules - côté,,,,,,,,,,,1,1,1,1.0,3.0
201800000339,0018-07-14 23:30:00,18,7,14,23,30,600,79,intersection D922/C7,49.14769,2.87189,Nuit sans éclairage public,Hors agglomération,Intersection en X,Normale,Deux véhicules - côté,,,,,,,,,,,3,1,2,1.0,3.0
201800000340,0018-07-19 05:00:00,18,7,19,5,0,600,213,rn 330,49.11414,2.70451,Crépuscule ou aube,Hors agglomération,Hors intersection,Normale,Deux véhicules - frontale,,,,,,,,,,,2,1,1,1.0,1.0
201800000341,0018-08-13 08:10:00,18,8,13,8,10,600,446,Nationale 2,49.14712,2.80957,Plein jour,Hors agglomération,Hors intersection,Normale,Trois véhicules et plus - en chaîne,,,,,,,,,,,1,1,1,1.0,4.0
201800000342,0018-09-04 09:50:00,18,9,4,9,50,600,79,Intersection D922 et C7,49.14771,2.87185,Plein jour,Hors agglomération,Intersection en X,Pluie légère,Deux véhicules - côté,,,,,,,,,,,1,1,2,2.0,3.0
201800000343,0018-09-08 09:00:00,18,9,8,9,0,600,341,D84,49.0884,2.73802,Plein jour,Hors agglomération,Hors intersection,Normale,Deux véhicules - frontale,,,,,,,,,,,1,1,1,1.0,1.0
201800000344,0018-10-07 11:30:00,18,10,7,11,30,600,226,D 84,49.09369,2.70111,Plein jour,Hors agglomération,Hors intersection,Pluie légère,Autre collision,,,,,,,,,,,1,1,1,2.0,6.0
201800000345,0018-11-07 12:31:00,18,11,7,12,31,600,341,RD 84,49.0885,2.73827,Plein jour,En agglomération,Passage à niveau,Pluie légère,Sans collision,,,,,,,,,,,1,2,8,2.0,7.0
201800000346,0018-12-13 07:40:00,18,12,13,7,40,600,47,CD100 Hameau de Ducy,49.20624,2.73983,Crépuscule ou aube,Hors agglomération,Hors intersection,Autre,Deux véhicules - côté,,,,,,,,,,,2,1,1,9.0,3.0
201800000347,0018-12-25 22:28:00,18,12,25,22,28,600,241,Route Nationale 330,49.15867,2.66399,Nuit sans éclairage public,Hors agglomération,Hors intersection,Normale,Autre collision,,,,,,,,,,,3,1,1,1.0,6.0
201800000348,0018-02-01 16:50:00,18,2,1,16,50,760,69,carrefour route de Paris,49.36887,1.12969,Plein jour,En agglomération,Intersection en T,Normale,Deux véhicules - arrière,,,,,,,,,,,1,2,3,1.0,2.0
201800000349,0018-03-23 17:10:00,18,3,23,17,10,760,475,1597 route de Paris,49.40098,1.16659,Plein jour,En agglomération,Hors intersection,Normale,Deux véhicules - frontale,,,,,,,,,,,1,2,1,1.0,1.0
201800000350,0018-04-28 01:30:00,18,4,28,1,30,760,475,1376 route de paris,49.40059,1.16777,Nuit avec éclairage allumé,En agglomération,Hors intersection,Normale,Autre collision,,,,,,,,,,,5,2,1,1.0,6.0
201800000351,0018-06-17 23:15:00,18,6,17,23,15,760,285,route de lyons la foret,49.40982,1.27392,Nuit sans éclairage public,Hors agglomération,Autre intersection,Normale,Deux véhicules - frontale,,,,,,,,,,,3,1,9,1.0,1.0
201800000352,0018-10-23 17:40:00,18,10,23,17,40,760,39,d 7,49.3515,1.12793,Plein jour,En agglomération,Intersection en T,Normale,Deux véhicules - frontale,,,,,,,,,,,1,2,3,1.0,1.0
201800000353,0018-10-26 07:45:00,18,10,26,7,45,760,285,Rue croix de Trouville,49.4288,1.26827,Crépuscule ou aube,Hors agglomération,Hors intersection,Normale,Sans collision,,,,,,,,,,,2,1,1,1.0,7.0
201800000354,0018-10-27 02:45:00,18,10,27,2,45,760,116,Rue des canadiens,49.38069,1.18744,Nuit sans éclairage public,En agglomération,Intersection en X,Normale,Autre collision,,,,,,,,,,,3,2,2,1.0,6.0
201800000355,0018-01-29 09:15:00,18,1,29,9,15,760,303,CD 10,49.55344,0.35011,Plein jour,Hors agglomération,Intersection en X,Normale,Deux véhicules - côté,,,,,,,,,,,1,1,2,1.0,3.0
201800000356,0018-06-21 08:00:00,18,6,21,8,0,760,239,Départementale 39,49.54817,0.33492,Plein jour,Hors agglomération,Hors intersection,Normale,Deux véhicules - frontale,,,,,,,,,,,1,1,1,1.0,1.0
201800000357,0018-08-18 15:25:00,18,8,18,15,25,760,250,ROUTE D'ÉTRETAT,49.5597,0.3209,Plein jour,Hors agglomération,Intersection en X,Normale,Deux véhicules - côté,,,,,,,,,,,1,1,2,1.0,3.0
201800000358,0018-08-21 12:05:00,18,8,21,12,5,760,660,Route industrielle,49.47427,0.29727,Plein jour,Hors agglomération,Hors intersection,Normale,Sans collision,,,,,,,,,,,1,1,1,1.0,7.0
201800000359,0018-08-31 11:55:00,18,8,31,11,55,760,657,intersection D982/BD IND,49.4834,0.3565,Plein jour,Hors agglomération,Intersection en X,Normale,Deux véhicules - côté,,,,,,,,,,,1,1,2,1.0,3.0
201800000360,0018-09-01 04:45:00,18,9,1,4,45,760,660,273 rue de l'église,49.49631,0.32065,Nuit avec éclairage allumé,En agglomération,Hors intersection,Normale,Autre collision,,,,,,,,,,,5,2,1,1.0,6.0
201800000361,0018-10-09 11:00:00,18,10,9,11,0,760,647,Intersection RD6015/RD81,49.52947,0.3428,Plein jour,Hors agglomération,Giratoire,Normale,Deux véhicules - arrière,,,,,,,,,,,1,1,6,1.0,2.0
201800000362,0018-01-06 10:00:00,18,1,6,10,0,760,321,RD915 Lieu dit les balai,49.79575,1.20309,Plein jour,Hors agglomération,Hors intersection,Normale,Trois véhicules et plus - collisions multiples,,,,,,,,,,,1,1,1,1.0,5.0
201800000363,0018-03-23 15:30:00,18,3,23,15,30,760,42,RD 929,49.75383,1.58486,Plein jour,Hors agglomération,Intersection en X,Normale,Trois véhicules et plus - collisions multiples,,,,,,,,,,,1,1,2,1.0,5.0
201800000364,0018-04-09 09:05:00,18,4,9,9,5,760,462,rue de drincourt,49.73318,1.43715,Plein jour,En agglomération,Hors intersection,Normale,Sans collision,,,,,,,,,,,1,2,1,1.0,7.0
201800000365,0018-09-24 10:10:00,18,9,24,10,10,760,427,D97,49.7656,1.38739,Plein jour,Hors agglomération,Hors intersection,Normale,Sans collision,,,,,,,,,,,1,1,1,1.0,7.0