accident_id,datetime,annee,mois,jour,heure,minute,departement,commune_insee,adresse,latitude,longitude,luminosite,agglomeration,intersection,meteo,collision,nb_vehicules,nb_usagers,nb_indemnes,nb_tues,nb_blesses_hosp,nb_blesses_legers,age_cond_1,age_cond_2,veh_type_cond_1,veh_type_cond_2,lum_code,agg_code,int_code,atm_code,col_code
201800000366,0018-10-26 09:05:00,18,10,26,9,5,760,462,rue de la motte,49.73258,1.4395,Plein jour,En agglomération,Intersection en T,Normale,Autre collision,,,,,,,,,,,1,2,3,1.0,6.0
201800000367,0018-11-06 17:30:00,18,11,6,17,30,760,584,RD 60,49.77105,1.51331,Nuit sans éclairage public,Hors agglomération,Autre intersection,Normale,Autre collision,,,,,,,,,,,3,1,9,1.0,6.0
201800000368,0018-11-28 18:00:00,18,11,28,18,0,760,462,intersection des CD 157,49.7391,1.44198,Nuit avec éclairage allumé,En agglomération,Intersection en T,Pluie légère,Deux véhicules - côté,,,,,,,,,,,5,2,3,2.0,3.0
201800000369,0018-12-11 17:45:00,18,12,11,17,45,760,321,route de DIEPPE,49.80239,1.19078,Nuit sans éclairage public,Hors agglomération,Intersection en T,Normale,Deux véhicules - frontale,,,,,,,,,,,3,1,3,1.0,1.0
201800000370,0018-02-23 12:30:00,18,2,23,12,30,760,544,Intersection CD1/CD61,49.57219,1.50202,Plein jour,Hors agglomération,Intersection en X,Normale,Deux véhicules - côté,,,,,,,,,,,1,1,2,1.0,3.0
201800000371,0018-03-06 07:35:00,18,3,6,7,35,760,505,CD 61 / CD 156,49.59814,1.63565,Crépuscule ou aube,Hors agglomération,Intersection en X,Brouillard / fumée,Sans collision,,,,,,,,,,,2,1,2,5.0,7.0
201800000372,0018-03-12 09:10:00,18,3,12,9,10,760,345,Intersection D8 et Rue P,49.59146,1.69314,Plein jour,Hors agglomération,Intersection en X,Pluie légère,Deux véhicules - côté,,,,,,,,,,,1,1,2,2.0,3.0
201800000373,0018-05-14 10:40:00,18,5,14,10,40,760,672,RD 1314 PK 02.28,49.62863,1.53723,Plein jour,En agglomération,Intersection en T,Normale,Autre collision,,,,,,,,,,,1,2,3,1.0,6.0
201800000374,0018-08-08 17:00:00,18,8,8,17,0,760,345,le moulin de Haussez,49.58067,1.66592,Plein jour,En agglomération,Hors intersection,Normale,Autre collision,,,,,,,,,,,1,2,1,1.0,6.0
201800000375,0018-10-06 08:45:00,18,10,6,8,45,760,343,D919 - PK 31+200,49.65714,1.67158,Plein jour,Hors agglomération,Hors intersection,Normale,Autre collision,,,,,,,,,,,1,1,1,1.0,6.0
201800000376,0018-11-06 19:45:00,18,11,6,19,45,760,276,13 Avenue des Sources,49.61125,1.5414,Nuit avec éclairage allumé,En agglomération,Hors intersection,Normale,Deux véhicules - frontale,,,,,,,,,,,5,2,1,1.0,1.0
201800000377,0018-04-11 00:01:00,18,4,11,0,1,760,41,D 131,49.65685,0.73034,Nuit sans éclairage public,Hors agglomération,Hors intersection,Normale,Sans collision,,,,,,,,,,,3,1,1,1.0,7.0
201800000378,0018-04-13 15:45:00,18,4,13,15,45,760,718,RD 131E,49.61347,0.71614,Plein jour,Hors agglomération,Hors intersection,Temps couvert,Deux véhicules - frontale,,,,,,,,,,,1,1,1,8.0,1.0
201800000379,0018-06-02 20:15:00,18,6,2,20,15,760,41,route des tots,49.6617,0.72621,Crépuscule ou aube,Hors agglomération,Intersection en X,Temps éblouissant,Deux véhicules - côté,,,,,,,,,,,2,1,2,7.0,3.0
201800000380,0018-06-26 18:00:00,18,6,26,18,0,760,758,Avenue FOCH,49.61844,0.7495,Plein jour,En agglomération,Hors intersection,Normale,Deux véhicules - arrière,,,,,,,,,,,1,2,1,1.0,2.0
201800000381,0018-07-04 07:05:00,18,7,4,7,5,760,729,D 37,49.64697,0.77056,Crépuscule ou aube,Hors agglomération,Hors intersection,Brouillard / fumée,Deux véhicules - frontale,,,,,,,,,,,2,1,1,5.0,1.0
201800000382,0018-07-04 10:00:00,18,7,4,10,0,760,55,Route de  la linerie,49.63928,0.76185,Plein jour,Hors agglomération,Intersection en X,Normale,Deux véhicules - côté,,,,,,,,,,,1,1,2,1.0,3.0
201800000383,0018-07-09 11:30:00,18,7,9,11,30,760,729,CD37,49.64877,0.7767,Plein jour,Hors agglomération,Hors intersection,Normale,Deux véhicules - côté,,,,,,,,,,,1,1,1,1.0,3.0
201800000384,0018-09-26 12:15:00,18,9,26,12,15,760,41,Route des tots,49.65674,0.71889,Plein jour,Hors agglomération,Intersection en X,Normale,Autre collision,,,,,,,,,,,1,1,2,1.0,6.0
201800000385,0018-10-12 07:30:00,18,10,12,7,30,760,55,D37,49.64028,0.76919,Crépuscule ou aube,Hors agglomération,Intersection en X,Normale,Deux véhicules - côté,,,,,,,,,,,2,1,2,1.0,3.0
201800000386,0018-12-04 18:17:00,18,12,4,18,17,760,1,CD 33,49.6126,0.6616,Crépuscule ou aube,Hors agglomération,Intersection en T,Normale,Deux véhicules - côté,,,,,,,,,,,2,1,3,1.0,3.0
201800000387,0018-12-13 14:50:00,18,12,13,14,50,760,718,CD 34,49.6032,0.6956,Plein jour,Hors agglomération,Intersection en X,Normale,Deux véhicules - arrière,,,,,,,,,,,1,1,2,1.0,2.0
201800000388,0018-05-16 16:20:00,18,5,16,16,20,760,418,route de sainte gertrude,49.54617,0.69715,Plein jour,Hors agglomération,Intersection en Y,Normale,Trois véhicules et plus - collisions multiples,,,,,,,,,,,1,1,4,1.0,5.0
201800000389,0018-06-09 02:50:00,18,6,9,2,50,760,164,Avenue du Latham 47,49.51692,0.77644,Nuit avec éclairage non allumé,Hors agglomération,Giratoire,Normale,Autre collision,,,,,,,,,,,4,1,6,1.0,6.0
201800000390,0018-09-17 18:25:00,18,9,17,18,25,760,164,1 avenue du Latham 47,49.52344,0.74967,Plein jour,Hors agglomération,Giratoire,Normale,Deux véhicules - arrière,,,,,,,,,,,1,1,6,1.0,2.0
201800000391,0018-11-02 10:30:00,18,11,2,10,30,760,401,2464 route du Wuy,49.47728,0.75597,Plein jour,Hors agglomération,Hors intersection,Normale,Autre collision,,,,,,,,,,,1,1,1,1.0,6.0
201800000392,0018-12-16 02:50:00,18,12,16,2,50,760,401,D 490 PONT DE BROTONNE,49.52045,0.74715,Nuit avec éclairage allumé,Hors agglomération,Hors intersection,Autre,Autre collision,,,,,,,,,,,5,1,1,9.0,6.0
201800000393,0018-02-17 18:10:00,18,2,17,18,10,760,385,route de yerville,49.61196,0.92778,Crépuscule ou aube,En agglomération,Hors intersection,Normale,Autre collision,,,,,,,,,,,2,2,1,1.0,6.0
201800000394,0018-04-01 19:00:00,18,4,1,19,0,760,566,Route de Langrume,49.6073,0.95821,Crépuscule ou aube,Hors agglomération,Hors intersection,Normale,Autre collision,,,,,,,,,,,2,1,1,1.0,6.0
201800000395,0018-04-20 16:30:00,18,4,20,16,30,760,495,13 Route de Sainte Austr,49.58684,0.96437,Plein jour,En agglomération,Hors intersection,Normale,Autre collision,,,,,,,,,,,1,2,1,1.0,6.0
201800000396,0018-05-13 19:15:00,18,5,13,19,15,760,57,Rue Auguste Badin,49.54274,0.94704,Plein jour,En agglomération,Intersection en T,Normale,Deux véhicules - frontale,,,,,,,,,,,1,2,3,1.0,1.0
201800000397,0018-05-24 13:25:00,18,5,24,13,25,760,135,RD 104 - RD 88,49.56203,0.89379,Plein jour,Hors agglomération,Intersection en X,Normale,Deux véhicules - côté,,,,,,,,,,,1,1,2,1.0,3.0
201800000398,0018-10-01 12:00:00,18,10,1,12,0,760,335,D22,49.64884,1.01521,Plein jour,Hors agglomération,Intersection en T,Normale,Deux véhicules - frontale,,,,,,,,,,,1,1,3,1.0,1.0
201800000399,0018-11-01 14:55:00,18,11,1,14,55,760,495,CD 142,49.5803,0.954,Plein jour,Hors agglomération,Hors intersection,Pluie légère,Deux véhicules - côté,,,,,,,,,,,1,1,1,2.0,3.0
201800000400,0018-12-17 10:30:00,18,12,17,10,30,760,57,VC7,49.53456,0.96821,Plein jour,En agglomération,Hors intersection,Temps éblouissant,Autre collision,,,,,,,,,,,1,2,1,7.0,6.0
201800000401,0018-03-16 18:28:00,18,3,16,18,28,270,32,D6154 PK 017+500,48.9255,1.1665,Plein jour,Hors agglomération,Hors intersection,Normale,Autre collision,,,,,,,,,,,1,1,1,1.0,6.0
201800000402,0018-03-28 08:35:00,18,3,28,8,35,270,421,D833,48.90902,1.36764,Plein jour,Hors agglomération,Hors intersection,Normale,Autre collision,,,,,,,,,,,1,1,1,1.0,6.0
201800000403,0018-08-29 09:24:00,18,8,29,9,24,270,165,D830 - PK 018+310,48.956,0.92042,Plein jour,Hors agglomération,Hors intersection,Pluie légère,Deux véhicules - frontale,,,,,,,,,,,1,1,1,2.0,1.0
201800000404,0018-10-30 11:00:00,18,10,30,11,0,270,17,4 route d'orleans,48.99577,1.15569,Plein jour,Hors agglomération,Hors intersection,Normale,Deux véhicules - côté,,,,,,,,,,,1,1,1,1.0,3.0
201800000405,0018-01-10 17:55:00,18,1,10,17,55,270,165,Rue de la croix de fer,48.9592,0.94133,Nuit avec éclairage allumé,En agglomération,Hors intersection,Temps couvert,Autre collision,,,,,,,,,,,5,2,1,8.0,6.0
201800000406,0018-01-27 03:00:00,18,1,27,3,0,270,242,D23,48.9741,0.7855,Nuit sans éclairage public,Hors agglomération,Hors intersection,Brouillard / fumée,Autre collision,,,,,,,,,,,3,1,1,5.0,6.0
201800000407,0018-02-14 06:40:00,18,2,14,6,40,270,217,Rue Saint Etienne,49.05938,0.91065,Nuit avec éclairage allumé,En agglomération,Hors intersection,Autre,Autre collision,,,,,,,,,,,5,2,1,9.0,6.0
201800000408,0018-03-25 01:25:00,18,3,25,1,25,270,268,Rue F Decorchemont,48.96177,0.95982,Nuit sans éclairage public,Hors agglomération,Intersection en T,Normale,Autre collision,,,,,,,,,,,3,1,3,1.0,6.0
201800000409,0018-03-26 07:35:00,18,3,26,7,35,270,20,6 grande rue,48.99729,1.10126,Plein jour,En agglomération,Intersection en T,Normale,Deux véhicules - côté,,,,,,,,,,,1,2,3,1.0,3.0
201800000410,0018-04-28 04:00:00,18,4,28,4,0,270,602,Avenue du Général De Gau,49.01133,1.10067,Nuit sans éclairage public,En agglomération,Giratoire,Normale,Autre collision,,,,,,,,,,,3,2,6,1.0,6.0
201800000411,0018-05-05 09:30:00,18,5,5,9,30,270,161,RD 31,49.03843,1.03123,Plein jour,Hors agglomération,Hors intersection,Normale,Deux véhicules - arrière,,,,,,,,,,,1,1,1,1.0,2.0
201800000412,0018-05-24 20:00:00,18,5,24,20,0,270,447,rue du sec iton,48.94334,1.03153,Plein jour,En agglomération,Intersection en T,Normale,Autre collision,,,,,,,,,,,1,2,3,1.0,6.0
201800000413,0018-05-31 21:10:00,18,5,31,21,10,270,217,D840,49.0619,0.92353,Plein jour,Hors agglomération,Hors intersection,Normale,Autre collision,,,,,,,,,,,1,1,1,1.0,6.0
201800000414,0018-06-16 14:54:00,18,6,16,14,54,270,165,Rue de la Forge,48.96176,0.92378,Plein jour,En agglomération,Intersection en T,Normale,Sans collision,,,,,,,,,,,1,2,3,1.0,7.0
201800000415,0018-06-29 15:20:00,18,6,29,15,20,270,82,D830,49.00226,1.04999,Plein jour,Hors agglomération,Hors intersection,Normale,Deux véhicules - frontale,,,,,,,,,,,1,1,1,1.0,1.0
201800000416,0018-07-06 14:00:00,18,7,6,14,0,270,602,Route Départementale 830,49.0034,1.05848,Plein jour,Hors agglomération,Hors intersection,Normale,Deux véhicules - arrière,,,,,,,,,,,1,1,1,1.0,2.0
201800000417,0018-07-12 18:10:00,18,7,12,18,10,270,217,Rue Saint Léger - Inters,49.07307,0.90839,Plein jour,Hors agglomération,Intersection en X,Normale,Deux véhicules - côté,,,,,,,,,,,1,1,2,1.0,3.0
201800000418,0018-07-27 16:00:00,18,7,27,16,0,270,287,Inter RD830 et RD60,48.9862,1.02242,Plein jour,En agglomération,Intersection en T,Normale,Deux véhicules - arrière,,,,,,,,,,,1,2,3,1.0,2.0
201800000419,0018-07-28 10:55:00,18,7,28,10,55,270,268,Route Fresne,48.96638,0.96705,Plein jour,Hors agglomération,Hors intersection,Normale,Sans collision,,,,,,,,,,,1,1,1,1.0,7.0
201800000420,0018-08-04 13:00:00,18,8,4,13,0,270,568,D830,48.9443,0.8762,Plein jour,Hors agglomération,Hors intersection,Normale,Autre collision,,,,,,,,,,,1,1,1,1.0,6.0
201800000421,0018-08-11 21:20:00,18,8,11,21,20,270,268,D830,48.9667,0.98174,Crépuscule ou aube,Hors agglomération,Intersection en T,Normale,Sans collision,,,,,,,,,,,2,1,3,1.0,7.0
201800000422,0018-08-31 14:50:00,18,8,31,14,50,270,20,intersection rue Félix D,48.99943,1.10803,Plein jour,En agglomération,Intersection en T,Normale,Deux véhicules - côté,,,,,,,,,,,1,2,3,1.0,3.0
201800000423,0018-09-13 18:40:00,18,9,13,18,40,270,238,Rue de Frément,49.02325,0.96858,Plein jour,En agglomération,Hors intersection,Normale,Autre collision,,,,,,,,,,,1,2,1,1.0,6.0
201800000424,0018-10-23 19:30:00,18,10,23,19,30,270,165,12 Rue Pierre BEREGOVOY,48.95636,0.9339,Nuit avec éclairage allumé,En agglomération,Hors intersection,Normale,Autre collision,,,,,,,,,,,5,2,1,1.0,6.0
201800000425,0018-11-03 07:55:00,18,11,3,7,55,270,424,"lieu-dit ""Mare aux chêne",48.93092,0.91927,Nuit sans éclairage public,Hors agglomération,Hors intersection,Autre,Sans collision,,,,,,,,,,,3,1,1,9.0,7.0
201800000426,0018-12-14 16:20:00,18,12,14,16,20,270,618,Rue Sainte Marthe,48.97272,0.85374,Plein jour,En agglomération,Hors intersection,Normale,Deux véhicules - arrière,,,,,,,,,,,1,2,1,1.0,2.0
201800000427,0018-03-03 15:30:00,18,3,3,15,30,270,4,"RN 13 - PK 3,750",49.01049,1.42366,Plein jour,Hors agglomération,Hors intersection,Normale,Deux véhicules - arrière,,,,,,,,,,,1,1,1,1.0,2.0
201800000428,0018-04-08 12:40:00,18,4,8,12,40,270,448,D181,49.03252,1.39942,Plein jour,Hors agglomération,Hors intersection,Normale,Deux véhicules - côté,,,,,,,,,,,1,1,1,1.0,3.0
201800000429,0018-05-10 00:05:00,18,5,10,0,5,270,119,164 grande rue / sous le,48.94174,1.4351,Nuit avec éclairage allumé,En agglomération,Intersection en T,Normale,Deux véhicules - frontale,,,,,,,,,,,5,2,3,1.0,1.0
201800000430,0018-05-12 17:30:00,18,5,12,17,30,270,358,50 RUE DE L'ANCIENNE ABB,49.04918,1.30258,Plein jour,En agglomération,Hors intersection,Pluie légère,Deux véhicules - côté,,,,,,,,,,,1,2,1,2.0,3.0
201800000431,0018-06-16 14:00:00,18,6,16,14,0,270,465,CARREFOUR RD141/RD653,48.99461,1.34422,Plein jour,Hors agglomération,Intersection en T,Normale,Trois véhicules et plus - collisions multiples,,,,,,,,,,,1,1,3,1.0,5.0
201800000432,0018-06-30 06:30:00,18,6,30,6,30,270,448,40 rue Edouard Isambard,49.01382,1.37958,Plein jour,En agglomération,Hors intersection,Normale,Deux véhicules - arrière,,,,,,,,,,,1,2,1,1.0,2.0
201800000433,0018-09-05 08:05:00,18,9,5,8,5,270,448,Rue du marchis / Rue Dul,49.01606,1.38346,Crépuscule ou aube,En agglomération,Intersection en X,Normale,Deux véhicules - côté,,,,,,,,,,,2,2,2,1.0,3.0
201800000434,0018-09-10 16:00:00,18,9,10,16,0,270,171,route départementale 67,48.97545,1.29708,Plein jour,Hors agglomération,Hors intersection,Normale,Sans collision,,,,,,,,,,,1,1,1,1.0,7.0
201800000435,0018-09-24 08:35:00,18,9,24,8,35,270,171,RD67 - la houssaye du co,48.97558,1.28959,Plein jour,Hors agglomération,Intersection en T,Normale,Deux véhicules - frontale,,,,,,,,,,,1,1,3,1.0,1.0
201800000436,0018-09-26 19:30:00,18,9,26,19,30,270,448,119 rue Edouard Isambard,49.0136,1.3873,Crépuscule ou aube,En agglomération,Giratoire,Temps éblouissant,Autre collision,,,,,,,,,,,2,2,6,7.0,6.0
201800000437,0018-10-23 19:30:00,18,10,23,19,30,270,136,RN13 PK1+300,49.01471,1.45216,Nuit sans éclairage public,Hors agglomération,Hors intersection,Normale,Deux véhicules - arrière,,,,,,,,,,,3,1,1,1.0,2.0
201800000438,0018-11-25 19:30:00,18,11,25,19,30,270,668,rue du moulin,48.9855,1.25073,Nuit avec éclairage non allumé,En agglomération,Hors intersection,Pluie légère,Autre collision,,,,,,,,,,,4,2,1,2.0,6.0
201800000439,0018-03-11 19:00:00,18,3,11,19,0,270,97,Route des rouges pommier,49.19668,1.4057,Crépuscule ou aube,Hors agglomération,Hors intersection,Pluie légère,Autre collision,,,,,,,,,,,2,1,1,2.0,6.0
201800000440,0018-03-14 14:40:00,18,3,14,14,40,270,16,RD316 - av République,49.24623,1.4156,Plein jour,En agglomération,Hors intersection,Normale,Deux véhicules - côté,,,,,,,,,,,1,2,1,1.0,3.0
201800000441,0018-06-01 17:05:00,18,6,1,17,5,270,16,3 rue du lièvre - réside,49.25596,1.43941,Plein jour,En agglomération,Intersection en X,Normale,Deux véhicules - côté,,,,,,,,,,,1,2,2,1.0,3.0
201800000442,0018-06-03 14:00:00,18,6,3,14,0,270,16,RUE SAINT-FIACRE,49.25057,1.43906,Plein jour,En agglomération,Hors intersection,Temps éblouissant,Deux véhicules - frontale,,,,,,,,,,,1,2,1,7.0,1.0
201800000443,0018-06-17 14:00:00,18,6,17,14,0,270,647,D 135,49.23624,1.3969,Plein jour,Hors agglomération,Hors intersection,Normale,Deux véhicules - frontale,,,,,,,,,,,1,1,1,1.0,1.0
201800000444,0018-07-09 22:10:00,18,7,9,22,10,270,97,rd 313,49.19512,1.38312,Nuit sans éclairage public,Hors agglomération,Hors intersection,Normale,Autre collision,,,,,,,,,,,3,1,1,1.0,6.0
201800000445,0018-07-27 10:55:00,18,7,27,10,55,270,70,5 rue georges lemée,49.28137,1.49799,Plein jour,En agglomération,Hors intersection,Pluie légère,Deux véhicules - frontale,,,,,,,,,,,1,2,1,2.0,1.0
201800000446,0018-08-26 19:00:00,18,8,26,19,0,270,315,RD 125,49.25345,1.50504,Plein jour,Hors agglomération,Hors intersection,Normale,Deux véhicules - côté,,,,,,,,,,,1,1,1,1.0,3.0
201800000447,0018-11-15 10:45:00,18,11,15,10,45,270,16,23 avenue de la républiq,49.24567,1.41302,Plein jour,En agglomération,Hors intersection,Autre,Autre collision,,,,,,,,,,,1,2,1,9.0,6.0
201800000448,0018-04-16 21:00:00,18,4,16,21,0,270,152,146 rue de la liberation,49.20458,1.66653,Crépuscule ou aube,En agglomération,Hors intersection,Normale,Sans collision,,,,,,,,,,,2,2,1,1.0,7.0
201800000449,0018-06-29 20:05:00,18,6,29,20,5,270,408,D1,49.18542,1.50182,Plein jour,Hors agglomération,Hors intersection,Normale,Deux véhicules - frontale,,,,,,,,,,,1,1,1,1.0,1.0
201800000450,0018-10-04 12:05:00,18,10,4,12,5,270,279,Route de Fourges,49.09635,1.6098,Plein jour,En agglomération,Hors intersection,Normale,Autre collision,,,,,,,,,,,1,2,1,1.0,6.0
201800000451,0018-10-27 19:30:00,18,10,27,19,30,270,213,D7 - lieu dit LA CROIX -,49.1944,1.6001,Nuit sans éclairage public,Hors agglomération,Hors intersection,Temps couvert,Sans collision,,,,,,,,,,,3,1,1,8.0,7.0
201800000452,0018-12-01 18:45:00,18,12,1,18,45,270,644,RD 181,49.12574,1.50371,Nuit sans éclairage public,Hors agglomération,Hors intersection,Pluie légère,Deux véhicules - frontale,,,,,,,,,,,3,1,1,2.0,1.0
201800000453,0018-04-06 12:10:00,18,4,6,12,10,270,321,CD133,49.1974,1.1247,Plein jour,Hors agglomération,Hors intersection,Normale,Deux véhicules - frontale,,,,,,,,,,,1,1,1,1.0,1.0
201800000454,0018-08-01 07:50:00,18,8,1,7,50,270,3,Route de louviers - D.71,49.18497,1.16956,Plein jour,Hors agglomération,Intersection en T,Normale,Deux véhicules - côté,,,,,,,,,,,1,1,3,1.0,3.0
201800000455,0018-08-22 16:15:00,18,8,22,16,15,270,439,Route de Louviers,49.06119,1.17052,Plein jour,En agglomération,Hors intersection,Normale,Autre collision,,,,,,,,,,,1,2,1,1.0,6.0
201800000456,0018-09-29 08:40:00,18,9,29,8,40,270,439,Route de la vallée D52,49.07842,1.16371,Plein jour,En agglomération,Intersection en X,Normale,Deux véhicules - côté,,,,,,,,,,,1,2,2,1.0,3.0
201800000457,0018-11-29 10:09:00,18,11,29,10,9,270,335,Lieu dit LE MOUCHEL,49.13385,1.18661,Plein jour,Hors agglomération,Hors intersection,Normale,Deux véhicules - frontale,,,,,,,,,,,1,1,1,1.0,1.0
201800000458,0018-01-08 08:40:00,18,1,8,8,40,270,517,rue de la fontaine des m,49.15398,1.36355,Plein jour,Hors agglomération,Intersection en X,Normale,Deux véhicules - côté,,,,,,,,,,,1,1,2,1.0,3.0
201800000459,0018-02-05 12:30:00,18,2,5,12,30,270,275,Rd 316 PR 19.500,49.15228,1.34079,Plein jour,Hors agglomération,Hors intersection,Neige / grêle,Deux véhicules - frontale,,,,,,,,,,,1,1,1,4.0,1.0
201800000460,0018-02-27 10:10:00,18,2,27,10,10,270,275,3 Rue Yves Montand,49.16084,1.33277,Plein jour,En agglomération,Hors intersection,Normale,Autre collision,,,,,,,,,,,1,2,1,1.0,6.0
201800000461,0018-03-25 14:40:00,18,3,25,14,40,270,275,Avenue Jean Jaures,49.15433,1.34803,Plein jour,En agglomération,Hors intersection,Normale,Sans collision,,,,,,,,,,,1,2,1,1.0,7.0
201800000462,0018-05-07 14:35:00,18,5,7,14,35,270,599,rue de la croix du vallo,49.15294,1.40368,Plein jour,Hors agglomération,Hors intersection,Normale,Deux véhicules - côté,,,,,,,,,,,1,1,1,1.0,3.0
201800000463,0018-06-30 12:00:00,18,6,30,12,0,270,343,intersection RD57 - RD65,49.06414,1.37444,Plein jour,Hors agglomération,Intersection en X,Normale,Deux véhicules - frontale,,,,,,,,,,,1,1,2,1.0,1.0
201800000464,0018-07-24 08:20:00,18,7,24,8,20,270,22,ROUTE DÉPARTEMENTALE 65,49.17309,1.34154,Plein jour,En agglomération,Hors intersection,Normale,Deux véhicules - frontale,,,,,,,,,,,1,2,1,1.0,1.0
201800000465,0018-08-31 10:00:00,18,8,31,10,0,270,553,Intersection D10/D75,49.13737,1.28175,Plein jour,Hors agglomération,Intersection en X,Normale,Autre collision,,,,,,,,,,,1,1,2,1.0,6.0
201800000466,0018-09-02 19:45:00,18,9,2,19,45,270,275,Départementale 6015,49.15747,1.34579,Crépuscule ou aube,Hors agglomération,Intersection en T,Normale,Deux véhicules - côté,,,,,,,,,,,2,1,3,1.0,3.0
201800000467,0018-09-21 08:25:00,18,9,21,8,25,270,124,ROUTE DÉPARTEMENTALE 69,49.11975,1.21545,Plein jour,Hors agglomération,Hors intersection,Normale,Autre collision,,,,,,,,,,,1,1,1,1.0,6.0
201800000468,0018-09-23 00:01:00,18,9,23,0,1,270,489,D316,49.07256,1.22387,Nuit sans éclairage public,Hors agglomération,Hors intersection,Pluie légère,Sans collision,,,,,,,,,,,3,1,1,2.0,7.0
201800000469,0018-11-07 11:20:00,18,11,7,11,20,270,599,RUE DU VAL ASSELIN,49.14742,1.37861,Plein jour,En agglomération,Intersection en X,Pluie légère,Autre collision,,,,,,,,,,,1,2,2,2.0,6.0
201800000470,0018-11-10 17:40:00,18,11,10,17,40,270,25,Rd 316,49.10488,1.29156,Nuit sans éclairage public,Hors agglomération,Hors intersection,Normale,Deux véhicules - côté,,,,,,,,,,,3,1,1,1.0,3.0
201800000471,0018-11-15 18:55:00,18,11,15,18,55,270,517,RD316 PKk 17+600,49.14572,1.31994,Nuit sans éclairage public,Hors agglomération,Hors intersection,Brouillard / fumée,Autre collision,,,,,,,,,,,3,1,1,5.0,6.0
201800000472,0018-11-23 19:00:00,18,11,23,19,0,270,249,RD6015,49.18412,1.25378,Nuit avec éclairage allumé,Hors agglomération,Intersection en T,Brouillard / fumée,Deux véhicules - arrière,,,,,,,,,,,5,1,3,5.0,2.0
201800000473,0018-12-11 08:00:00,18,12,11,8,0,270,275,D6015,49.16289,1.3238,Crépuscule ou aube,Hors agglomération,Intersection en T,Brouillard / fumée,Deux véhicules - côté,,,,,,,,,,,2,1,3,5.0,3.0
201800000474,0018-12-12 19:00:00,18,12,12,19,0,270,343,D57,49.06452,1.37763,Nuit sans éclairage public,Hors agglomération,Intersection en T,Normale,Deux véhicules - frontale,,,,,,,,,,,3,1,3,1.0,1.0
201800000475,0018-12-20 21:00:00,18,12,20,21,0,270,599,Départementale 6015,49.14675,1.39602,Nuit sans éclairage public,Hors agglomération,Hors intersection,Pluie légère,Sans collision,,,,,,,,,,,3,1,1,2.0,7.0
201800000476,0018-02-24 09:30:00,18,2,24,9,30,270,348,CD6015,49.3297,1.1539,Plein jour,Hors agglomération,Hors intersection,Normale,Autre collision,,,,,,,,,,,1,1,1,1.0,6.0
201800000477,0018-05-02 17:00:00,18,5,2,17,0,270,188,Rond point D321,49.30365,1.13003,Plein jour,En agglomération,Giratoire,Pluie légère,Sans collision,,,,,,,,,,,1,2,6,2.0,7.0
201800000478,0018-05-28 17:15:00,18,5,28,17,15,270,188,D321,49.30478,1.12108,Plein jour,En agglomération,Intersection en T,Normale,Trois véhicules et plus - collisions multiples,,,,,,,,,,,1,2,3,1.0,5.0
201800000479,0018-06-29 15:30:00,18,6,29,15,30,270,348,Sortie parking SUPER U,49.31899,1.15754,Plein jour,En agglomération,Giratoire,Temps éblouissant,Autre collision,,,,,,,,,,,1,2,6,7.0,6.0
201800000480,0018-07-26 21:15:00,18,7,26,21,15,270,458,D321,49.32827,1.23002,Plein jour,Hors agglomération,Hors intersection,Normale,Trois véhicules et plus - en chaîne,,,,,,,,,,,1,1,1,1.0,4.0
201800000481,0018-08-26 06:00:00,18,8,26,6,0,270,458,RD 20,49.33764,1.19131,Nuit sans éclairage public,Hors agglomération,Hors intersection,Normale,Autre collision,,,,,,,,,,,3,1,1,1.0,6.0
201800000482,0018-09-06 07:10:00,18,9,6,7,10,270,458,rue du moulins / rue du,49.32146,1.23025,Crépuscule ou aube,En agglomération,Intersection en X,Normale,Deux véhicules - frontale,,,,,,,,,,,2,2,2,1.0,1.0
201800000483,0018-04-01 12:10:00,18,4,1,12,10,350,47,RD 34,48.05434,-1.73141,Plein jour,Hors agglomération,Hors intersection,Normale,Deux véhicules - arrière,,,,,,,,,,,1,1,1,1.0,2.0
201800000484,0018-05-08 16:45:00,18,5,8,16,45,350,47,D77 pont St Armel,48.01521,-1.74564,Plein jour,En agglomération,Hors intersection,Normale,Sans collision,,,,,,,,,,,1,2,1,1.0,7.0
201800000485,0018-06-21 21:00:00,18,6,21,21,0,350,47,rond point de cicé bloss,48.03172,-1.76105,Plein jour,En agglomération,Giratoire,Normale,Autre collision,,,,,,,,,,,1,2,6,1.0,6.0
201800000486,0018-11-13 10:57:00,18,11,13,10,57,350,47,rue Hippolyte Bousquet,48.02378,-1.75675,Plein jour,En agglomération,Intersection en T,Temps éblouissant,Deux véhicules - frontale,,,,,,,,,,,1,2,3,7.0,1.0
201800000487,0018-12-14 08:00:00,18,12,14,8,0,350,47,rue de la Noé,48.02356,-1.74724,Crépuscule ou aube,En agglomération,Intersection en T,Pluie légère,Autre collision,,,,,,,,,,,2,2,3,2.0,6.0