accident_id,datetime,annee,mois,jour,heure,minute,departement,commune_insee,adresse,latitude,longitude,luminosite,agglomeration,intersection,meteo,collision,nb_vehicules,nb_usagers,nb_indemnes,nb_tues,nb_blesses_hosp,nb_blesses_legers,age_cond_1,age_cond_2,veh_type_cond_1,veh_type_cond_2,lum_code,agg_code,int_code,atm_code,col_code
201800000729,0018-06-12 18:10:00,18,6,12,18,10,140,724,D 513/D95,49.25174,-0.16252,Plein jour,En agglomération,Intersection en T,Normale,Deux véhicules - côté,,,,,,,,,,,1,2,3,1.0,3.0
201800000730,0018-06-23 21:30:00,18,6,23,21,30,140,640,cd 37,49.16495,-0.18105,Plein jour,En agglomération,Hors intersection,Normale,Autre collision,,,,,,,,,,,1,2,1,1.0,6.0
201800000731,0018-08-04 15:05:00,18,8,4,15,5,140,409,Intersection RD 514/ RD,49.28475,-0.17797,Plein jour,Hors agglomération,Intersection en T,Normale,Deux véhicules - frontale,,,,,,,,,,,1,1,3,1.0,1.0
201800000732,0018-09-20 08:40:00,18,9,20,8,40,140,46,rue de la vieille cavée,49.22627,-0.15663,Plein jour,En agglomération,Hors intersection,Normale,Autre collision,,,,,,,,,,,1,2,1,1.0,6.0
201800000733,0018-09-22 09:30:00,18,9,22,9,30,140,530,Croisement RD37 et RD 37,49.2285,-0.2442,Plein jour,Hors agglomération,Intersection en X,Normale,Deux véhicules - côté,,,,,,,,,,,1,1,2,1.0,3.0
201800000734,0018-10-28 23:50:00,18,10,28,23,50,140,724,D513,49.25035,-0.17053,Nuit sans éclairage public,Hors agglomération,Hors intersection,Normale,Autre collision,,,,,,,,,,,3,1,1,1.0,6.0
201800000735,0018-12-21 13:20:00,18,12,21,13,20,140,46,les trois coins,49.24976,-0.18871,Plein jour,Hors agglomération,Intersection en X,Normale,Deux véhicules - côté,,,,,,,,,,,1,1,2,1.0,3.0
201800000736,0018-01-23 18:35:00,18,1,23,18,35,140,47,RUE DU MARCHÉ,49.2797,-0.7088,Nuit avec éclairage allumé,En agglomération,Hors intersection,Pluie légère,Deux véhicules - côté,,,,,,,,,,,5,2,1,2.0,3.0
201800000737,0018-02-23 10:10:00,18,2,23,10,10,140,47,AVENUE YVES DUBOIS DE LA,,,Plein jour,En agglomération,Hors intersection,Temps éblouissant,Autre collision,,,,,,,,,,,1,2,1,7.0,6.0
201800000738,0018-04-12 06:55:00,18,4,12,6,55,140,679,CD 572,49.24001,-0.74583,Crépuscule ou aube,Hors agglomération,Hors intersection,Brouillard / fumée,Deux véhicules - frontale,,,,,,,,,,,2,1,1,5.0,1.0
201800000739,0018-06-27 12:00:00,18,6,27,12,0,140,47,Chemin de la croix Thoy,49.27651,-0.71866,Plein jour,En agglomération,Intersection en X,Normale,Deux véhicules - côté,,,,,,,,,,,1,2,2,1.0,3.0
201800000740,0018-08-07 15:15:00,18,8,7,15,15,140,728,D169,49.2955,-0.73652,Plein jour,Hors agglomération,Hors intersection,Normale,Deux véhicules - frontale,,,,,,,,,,,1,1,1,1.0,1.0
201800000741,0018-08-08 13:00:00,18,8,8,13,0,140,184,D96,49.27467,-0.78621,Plein jour,Hors agglomération,Hors intersection,Normale,Deux véhicules - côté,,,,,,,,,,,1,1,1,1.0,3.0
201800000742,0018-08-16 14:10:00,18,8,16,14,10,140,663,Boulevard winston church,49.28465,-0.69573,Plein jour,En agglomération,Intersection en X,Normale,Trois véhicules et plus - collisions multiples,,,,,,,,,,,1,2,2,1.0,5.0
201800000743,0018-10-12 18:18:00,18,10,12,18,18,140,47,place Charles De Gaulle,49.27586,-0.70837,Plein jour,En agglomération,Hors intersection,Normale,Autre collision,,,,,,,,,,,1,2,1,1.0,6.0
201800000744,0018-11-06 14:00:00,18,11,6,14,0,140,47,rue de la juridiction,49.27642,-0.70559,Plein jour,En agglomération,Intersection en X,Normale,Deux véhicules - côté,,,,,,,,,,,1,2,2,1.0,3.0
201800000745,0018-11-07 15:55:00,18,11,7,15,55,140,47,boulevard Eindhoven,49.28382,-0.70801,Plein jour,En agglomération,Hors intersection,Normale,Autre collision,,,,,,,,,,,1,2,1,1.0,6.0
201800000746,0018-12-03 21:00:00,18,12,3,21,0,140,732,Hameau beauvais,49.32057,-0.72157,Nuit sans éclairage public,Hors agglomération,Hors intersection,Normale,Sans collision,,,,,,,,,,,3,1,1,1.0,7.0
201800000747,0018-12-17 18:00:00,18,12,17,18,0,140,47,avenue de la vallée,49.28185,-0.70189,Nuit avec éclairage allumé,En agglomération,Intersection en T,Temps couvert,Deux véhicules - côté,,,,,,,,,,,5,2,3,8.0,3.0
201800000748,0018-12-17 19:25:00,18,12,17,19,25,140,732,intersection D516 et D15,49.29891,-0.68619,Nuit sans éclairage public,Hors agglomération,Intersection en X,Temps couvert,Deux véhicules - côté,,,,,,,,,,,3,1,2,8.0,3.0
201800000749,0018-01-07 04:00:00,18,1,7,4,0,140,258,RUE VAUQUELIN,48.8956,-0.19766,Nuit avec éclairage allumé,En agglomération,Intersection en X,Normale,Sans collision,,,,,,,,,,,5,2,2,1.0,7.0
201800000750,0018-04-07 11:30:00,18,4,7,11,30,140,720,rue de la Cressionnière,48.94385,-0.29982,Plein jour,Hors agglomération,Hors intersection,Normale,Sans collision,,,,,,,,,,,1,1,1,1.0,7.0
201800000751,0018-05-08 14:05:00,18,5,8,14,5,140,240,RD 511 - PK 37+800,48.93408,-0.16094,Plein jour,Hors agglomération,Hors intersection,Normale,Deux véhicules - côté,,,,,,,,,,,1,1,1,1.0,3.0
201800000752,0018-06-04 17:00:00,18,6,4,17,0,140,332,Les  terres  rouges,48.83885,-0.15221,Plein jour,Hors agglomération,Intersection en X,Pluie forte,Deux véhicules - arrière,,,,,,,,,,,1,1,2,3.0,2.0
201800000753,0018-06-26 02:40:00,18,6,26,2,40,140,244,RD 39,48.90734,-0.15916,Nuit sans éclairage public,Hors agglomération,Hors intersection,Normale,Sans collision,,,,,,,,,,,3,1,1,1.0,7.0
201800000754,0018-07-21 18:50:00,18,7,21,18,50,140,245,les hoguettes,49.01743,-0.10396,Plein jour,Hors agglomération,Hors intersection,Normale,Autre collision,,,,,,,,,,,1,1,1,1.0,6.0
201800000755,0018-08-03 23:00:00,18,8,3,23,0,140,258,Avenue général de Gaulle,48.89434,-0.19684,Nuit avec éclairage allumé,En agglomération,Hors intersection,Normale,Autre collision,,,,,,,,,,,5,2,1,1.0,6.0
201800000756,0018-08-14 08:40:00,18,8,14,8,40,140,258,"2, avenue d'Hastings",48.90051,-0.20275,Plein jour,En agglomération,Hors intersection,Normale,Autre collision,,,,,,,,,,,1,2,1,1.0,6.0
201800000757,0018-09-12 18:50:00,18,9,12,18,50,140,258,boulevard de la libérati,48.89464,-0.19948,Plein jour,En agglomération,Intersection en X,Normale,Autre collision,,,,,,,,,,,1,2,2,1.0,6.0
201800000758,0018-09-16 20:00:00,18,9,16,20,0,140,258,Boulevard de la Fontaine,48.89005,-0.19145,Plein jour,En agglomération,Hors intersection,Normale,Autre collision,,,,,,,,,,,1,2,1,1.0,6.0
201800000759,0018-10-24 13:50:00,18,10,24,13,50,140,469,RD90,48.91269,-0.02301,Plein jour,Hors agglomération,Hors intersection,Normale,Autre collision,,,,,,,,,,,1,1,1,1.0,6.0
201800000760,0018-11-26 19:15:00,18,11,26,19,15,140,720,D43,48.94381,-0.28987,Nuit sans éclairage public,Hors agglomération,Hors intersection,Pluie légère,Trois véhicules et plus - collisions multiples,,,,,,,,,,,3,1,1,2.0,5.0
201800000761,0018-12-15 11:30:00,18,12,15,11,30,140,245,D131,49.01527,-0.11823,Plein jour,Hors agglomération,Hors intersection,Autre,Autre collision,,,,,,,,,,,1,1,1,9.0,6.0
201800000762,0018-12-20 23:00:00,18,12,20,23,0,140,649,CD509,48.87983,-0.2094,Nuit sans éclairage public,Hors agglomération,Hors intersection,Pluie forte,Sans collision,,,,,,,,,,,3,1,1,3.0,7.0
201800000763,0018-02-02 12:30:00,18,2,2,12,30,140,762,RUE DE L'ARTISANAT,48.8513,-0.87127,Plein jour,En agglomération,Intersection en T,Normale,Sans collision,,,,,,,,,,,1,2,3,1.0,7.0
201800000764,0018-03-02 11:04:00,18,3,2,11,4,140,762,LE CORBUSIER,48.8282,-0.88788,Plein jour,En agglomération,Intersection en T,Normale,Autre collision,,,,,,,,,,,1,2,3,1.0,6.0
201800000765,0018-03-05 08:15:00,18,3,5,8,15,140,718,LIEU-DIT POUILLY,48.7852,-0.78611,Plein jour,Hors agglomération,Hors intersection,Normale,Trois véhicules et plus - collisions multiples,,,,,,,,,,,1,1,1,1.0,5.0
201800000766,0018-04-06 17:00:00,18,4,6,17,0,140,762,lieu dit la boelle Roull,48.83731,-0.84491,Plein jour,Hors agglomération,Hors intersection,Normale,Autre collision,,,,,,,,,,,1,1,1,1.0,6.0
201800000767,0018-05-15 08:30:00,18,5,15,8,30,140,545,Le bois du parc,48.825,-0.84852,Plein jour,Hors agglomération,Hors intersection,Normale,Sans collision,,,,,,,,,,,1,1,1,1.0,7.0
201800000768,0018-05-17 08:15:00,18,5,17,8,15,140,192,D77 au PK 001.700,48.86107,-1.08683,Plein jour,Hors agglomération,Hors intersection,Normale,Deux véhicules - frontale,,,,,,,,,,,1,1,1,1.0,1.0
201800000769,0018-05-18 13:45:00,18,5,18,13,45,140,762,le Rocher,48.81807,-0.83609,Plein jour,Hors agglomération,Hors intersection,Normale,Deux véhicules - frontale,,,,,,,,,,,1,1,1,1.0,1.0
201800000770,0018-05-23 14:30:00,18,5,23,14,30,140,762,Lieu dit  le bosq,48.87432,-0.87524,Plein jour,Hors agglomération,Intersection en T,Normale,Deux véhicules - arrière,,,,,,,,,,,1,1,3,1.0,2.0
201800000771,0018-05-29 14:20:00,18,5,29,14,20,140,762,rue aux fèvres,48.83828,-0.88859,Plein jour,En agglomération,Hors intersection,Normale,Autre collision,,,,,,,,,,,1,2,1,1.0,6.0
201800000772,0018-07-05 17:30:00,18,7,5,17,30,140,762,Lieu dit Le Milhard ROUL,48.82079,-0.84215,Plein jour,Hors agglomération,Hors intersection,Normale,Autre collision,,,,,,,,,,,1,1,1,1.0,6.0
201800000773,0018-09-01 05:30:00,18,9,1,5,30,140,762,D150,48.8312,-0.91165,Nuit sans éclairage public,Hors agglomération,Hors intersection,Normale,Autre collision,,,,,,,,,,,3,1,1,1.0,6.0
201800000774,0018-12-05 21:10:00,18,12,5,21,10,140,352,La Rigaudière D 52 / D 2,48.90178,-0.99839,Nuit sans éclairage public,Hors agglomération,Intersection en X,Pluie légère,Deux véhicules - frontale,,,,,,,,,,,3,1,2,2.0,1.0
201800000775,0018-12-16 18:15:00,18,12,16,18,15,140,762,route de caen,48.85422,-0.8794,Nuit avec éclairage allumé,En agglomération,Hors intersection,Pluie légère,Autre collision,,,,,,,,,,,5,2,1,2.0,6.0
201800000776,0018-12-18 16:55:00,18,12,18,16,55,140,762,rue Flandre Dunkerque,48.85766,-0.87857,Crépuscule ou aube,En agglomération,Hors intersection,Pluie légère,Sans collision,,,,,,,,,,,2,2,1,2.0,7.0
201800000777,0018-04-07 21:45:00,18,4,7,21,45,500,99,route de st come,49.30721,-1.25275,Nuit avec éclairage allumé,En agglomération,Hors intersection,Pluie légère,Autre collision,,,,,,,,,,,5,2,1,2.0,6.0
201800000778,0018-04-18 13:15:00,18,4,18,13,15,500,445,la lande,49.23985,-1.26364,Plein jour,Hors agglomération,Hors intersection,Normale,Trois véhicules et plus - collisions multiples,,,,,,,,,,,1,1,1,1.0,5.0
201800000779,0018-05-10 14:05:00,18,5,10,14,5,500,298,D971- lieu-dit les terre,49.27558,-1.27912,Plein jour,Hors agglomération,Intersection en T,Normale,Trois véhicules et plus - en chaîne,,,,,,,,,,,1,1,3,1.0,4.0
201800000780,0018-11-09 17:35:00,18,11,9,17,35,500,99,ZI DE BLACTOT,49.3118,-1.2485,Nuit avec éclairage allumé,En agglomération,Hors intersection,Pluie forte,Deux véhicules - frontale,,,,,,,,,,,5,2,1,3.0,1.0
201800000781,0018-11-11 21:15:00,18,11,11,21,15,500,99,rue d'auville,49.30442,-1.14889,Nuit sans éclairage public,Hors agglomération,Hors intersection,Normale,Autre collision,,,,,,,,,,,3,1,1,1.0,6.0
201800000782,0018-01-07 01:00:00,18,1,7,1,0,500,601,route de saint jean,49.03833,-0.97559,Nuit avec éclairage allumé,En agglomération,Hors intersection,Normale,Autre collision,,,,,,,,,,,5,2,1,1.0,6.0
201800000783,0018-05-27 19:35:00,18,5,27,19,35,500,139,RN174 PK 14,49.07985,-1.0306,Plein jour,Hors agglomération,Autre intersection,Normale,Autre collision,,,,,,,,,,,1,1,9,1.0,6.0
201800000784,0018-08-26 03:20:00,18,8,26,3,20,500,556,le haut manoir -,49.05976,-1.0575,Nuit sans éclairage public,En agglomération,Hors intersection,Normale,Autre collision,,,,,,,,,,,3,2,1,1.0,6.0
201800000785,0018-10-10 13:20:00,18,10,10,13,20,500,139,,49.05735,-1.03169,Plein jour,En agglomération,Giratoire,Normale,Deux véhicules - arrière,,,,,,,,,,,1,2,6,1.0,2.0
201800000786,0018-01-08 07:50:00,18,1,8,7,50,500,516,boulevard du Luxembourg,48.6752,-1.35467,Nuit avec éclairage allumé,En agglomération,Hors intersection,Normale,Autre collision,,,,,,,,,,,5,2,1,1.0,6.0
201800000787,0018-04-06 22:50:00,18,4,6,22,50,500,612,2 route de la cote,48.68207,-1.41002,Nuit sans éclairage public,Hors agglomération,Hors intersection,Normale,Deux véhicules - côté,,,,,,,,,,,3,1,1,1.0,3.0
201800000788,0018-05-26 13:45:00,18,5,26,13,45,500,27,CD 911,48.70684,-1.43199,Plein jour,Hors agglomération,Hors intersection,Normale,Deux véhicules - côté,,,,,,,,,,,1,1,1,1.0,3.0
201800000789,0018-06-09 07:50:00,18,6,9,7,50,500,612,D 911,48.68114,-1.41047,Plein jour,Hors agglomération,Hors intersection,Pluie forte,Autre collision,,,,,,,,,,,1,1,1,3.0,6.0
201800000790,0018-06-10 01:00:00,18,6,10,1,0,500,25,rue du grand tertre,48.68855,-1.36058,Nuit sans éclairage public,En agglomération,Hors intersection,Brouillard / fumée,Autre collision,,,,,,,,,,,3,2,1,5.0,6.0
201800000791,0018-07-14 11:00:00,18,7,14,11,0,500,25,Place Carnot,48.68456,-1.36421,Plein jour,En agglomération,Giratoire,Normale,Deux véhicules - frontale,,,,,,,,,,,1,2,6,1.0,1.0
201800000792,0018-08-09 10:40:00,18,8,9,10,40,500,535,Intersection D975 et D.3,,,Plein jour,En agglomération,Intersection en T,Pluie légère,Deux véhicules - côté,,,,,,,,,,,1,2,3,2.0,3.0
201800000793,0018-08-12 16:15:00,18,8,12,16,15,500,408,"D43E2, le V",48.62505,-1.34514,Plein jour,Hors agglomération,Hors intersection,Pluie légère,Sans collision,,,,,,,,,,,1,1,1,2.0,7.0
201800000794,0018-09-23 07:50:00,18,9,23,7,50,500,406,20 route des forges,48.73056,-1.30738,Crépuscule ou aube,En agglomération,Hors intersection,Pluie légère,Autre collision,,,,,,,,,,,2,2,1,2.0,6.0
201800000795,0018-09-23 19:10:00,18,9,23,19,10,500,612,la rue chevrel,48.67195,-1.41182,Plein jour,Hors agglomération,Hors intersection,Normale,Autre collision,,,,,,,,,,,1,1,1,1.0,6.0
201800000796,0018-10-26 10:40:00,18,10,26,10,40,500,25,Boulevard Amiral Gauchet,48.68579,-1.35587,Plein jour,En agglomération,Autre intersection,Normale,Deux véhicules - frontale,,,,,,,,,,,1,2,9,1.0,1.0
201800000797,0018-11-26 17:40:00,18,11,26,17,40,500,408,D976,48.62292,-1.34789,Nuit avec éclairage allumé,Hors agglomération,Intersection en T,Normale,Autre collision,,,,,,,,,,,5,1,3,1.0,6.0
201800000798,0018-03-21 18:15:00,18,3,21,18,15,500,187,D64,49.61083,-1.71216,Plein jour,Hors agglomération,Hors intersection,Normale,Trois véhicules et plus - en chaîne,,,,,,,,,,,1,1,1,1.0,4.0
201800000799,0018-03-24 18:30:00,18,3,24,18,30,500,57,D118 sens BIVILLE/STE CR,49.62153,-1.80411,Plein jour,Hors agglomération,Hors intersection,Normale,Autre collision,,,,,,,,,,,1,1,1,1.0,6.0
201800000800,0018-03-30 12:50:00,18,3,30,12,50,500,257,RD 401,49.67603,-1.91885,Plein jour,Hors agglomération,Hors intersection,Pluie légère,Deux véhicules - frontale,,,,,,,,,,,1,1,1,2.0,1.0
201800000801,0018-04-18 06:00:00,18,4,18,6,0,500,643,hameau les contes,49.5607,-1.74117,Nuit sans éclairage public,Hors agglomération,Hors intersection,Normale,Trois véhicules et plus - en chaîne,,,,,,,,,,,3,1,1,1.0,4.0
201800000802,0018-04-21 13:45:00,18,4,21,13,45,500,294,D650,49.60391,-1.66384,Plein jour,Hors agglomération,Giratoire,Normale,Sans collision,,,,,,,,,,,1,1,6,1.0,7.0
201800000803,0018-05-09 08:30:00,18,5,9,8,30,500,382,RD 64 - RUE DES HAISES,49.61884,-1.67007,Plein jour,Hors agglomération,Intersection en X,Normale,Deux véhicules - côté,,,,,,,,,,,1,1,2,1.0,3.0
201800000804,0018-05-20 10:00:00,18,5,20,10,0,500,623,le camp Maneyrol,49.62288,-1.82814,Plein jour,Hors agglomération,Autre intersection,Normale,Sans collision,,,,,,,,,,,1,1,9,1.0,7.0
201800000805,0018-08-06 17:40:00,18,8,6,17,40,500,1,lieu-dit Route du Bigot,49.61624,-1.7477,Plein jour,Hors agglomération,Hors intersection,Normale,Autre collision,,,,,,,,,,,1,1,1,1.0,6.0
201800000806,0018-09-13 23:15:00,18,9,13,23,15,500,220,"17, rte des falaises",49.67497,-1.79536,Nuit sans éclairage public,En agglomération,Hors intersection,Normale,Autre collision,,,,,,,,,,,3,2,1,1.0,6.0
201800000807,0018-10-05 17:45:00,18,10,5,17,45,500,599,LA GRAVELLE DE BAS,49.58754,-1.60594,Plein jour,Hors agglomération,Hors intersection,Normale,Sans collision,,,,,,,,,,,1,1,1,1.0,7.0
201800000808,0018-10-13 21:00:00,18,10,13,21,0,500,257,D901,49.68437,-1.9063,Nuit avec éclairage allumé,Hors agglomération,Giratoire,Normale,Autre collision,,,,,,,,,,,5,1,6,1.0,6.0
201800000809,0018-10-26 12:05:00,18,10,26,12,5,500,460,RUE DE BEAUMONT,49.63934,-1.75045,Plein jour,Hors agglomération,Hors intersection,Temps couvert,Autre collision,,,,,,,,,,,1,1,1,8.0,6.0
201800000810,0018-11-16 12:30:00,18,11,16,12,30,500,382,rote de la TRicannerie,49.61744,-1.67712,Plein jour,Hors agglomération,Hors intersection,Normale,Deux véhicules - côté,,,,,,,,,,,1,1,1,1.0,3.0
201800000811,0018-11-25 12:12:00,18,11,25,12,12,500,220,D45,49.67921,-1.77073,Plein jour,Hors agglomération,Hors intersection,Pluie forte,Autre collision,,,,,,,,,,,1,1,1,3.0,6.0
201800000812,0018-01-23 16:45:00,18,1,23,16,45,10,53,"50, MERCIER (AVENUE AMED",46.20415,5.24072,Plein jour,En agglomération,Hors intersection,Normale,Deux véhicules - côté,,,,,,,,,,,1,2,1,1.0,3.0
201800000813,0018-02-05 13:40:00,18,2,5,13,40,10,53,LECLERC (BVD  MARECHAL C,46.20372,5.21863,Plein jour,En agglomération,Intersection en Y,Pluie légère,Autre collision,,,,,,,,,,,1,2,4,2.0,6.0
201800000814,0018-02-13 08:55:00,18,2,13,8,55,10,289,"2212, LYON (AVE DE) JUSQ",46.17436,5.19899,Plein jour,En agglomération,Hors intersection,Normale,Trois véhicules et plus - en chaîne,,,,,,,,,,,1,2,1,1.0,4.0
201800000815,0018-02-20 13:05:00,18,2,20,13,5,10,53,BELGES (AVENUE DES),46.20785,5.2358,Plein jour,En agglomération,Intersection à plus de 4 branches,Normale,Deux véhicules - côté,,,,,,,,,,,1,2,5,1.0,3.0
201800000816,0018-03-02 17:00:00,18,3,2,17,0,10,53,PONT DES CHEVRES ( RUE D,46.20978,5.22114,Plein jour,En agglomération,Hors intersection,Temps éblouissant,Sans collision,,,,,,,,,,,1,2,1,7.0,7.0
201800000817,0018-03-03 21:40:00,18,3,3,21,40,10,344,TREVOUX (AVENUE DE),46.19,5.17,Nuit sans éclairage public,Hors agglomération,Hors intersection,Pluie légère,Deux véhicules - arrière,,,,,,,,,,,3,1,1,2.0,2.0
201800000818,0018-03-05 10:20:00,18,3,5,10,20,10,53,HERRIOT ( BOULEVARD EDOU,46.20957,5.22747,Plein jour,En agglomération,Intersection en X,Normale,Autre collision,,,,,,,,,,,1,2,2,1.0,6.0
201800000819,0018-03-09 13:35:00,18,3,9,13,35,10,53,"34, SAINT NICOLAS ( BD)",46.20519,5.23452,Plein jour,En agglomération,Hors intersection,Normale,Trois véhicules et plus - collisions multiples,,,,,,,,,,,1,2,1,1.0,5.0
201800000820,0018-03-16 14:20:00,18,3,16,14,20,10,53,CRETES DU REVERMONT (BOU,46.22341,5.23595,Plein jour,Hors agglomération,Hors intersection,Normale,Trois véhicules et plus - collisions multiples,,,,,,,,,,,1,1,1,1.0,5.0
201800000821,0018-04-11 15:30:00,18,4,11,15,30,10,344,TREVOUX (AVENUE DE),46.20036,5.19499,Plein jour,En agglomération,Hors intersection,Normale,Autre collision,,,,,,,,,,,1,2,1,1.0,6.0
201800000822,0018-04-20 12:10:00,18,4,20,12,10,10,53,MERCIER (AVENUE AMEDEE D,46.20017,5.25374,Plein jour,En agglomération,Hors intersection,Normale,Deux véhicules - côté,,,,,,,,,,,1,2,1,1.0,3.0
201800000823,0018-04-30 11:00:00,18,4,30,11,0,10,451,MARBOZ RD 996 ( ROUTE DE,46.22981,5.22976,Plein jour,Hors agglomération,Intersection en T,Normale,Deux véhicules - côté,,,,,,,,,,,1,1,3,1.0,3.0
201800000824,0018-05-02 08:45:00,18,5,2,8,45,10,451,TANVOL (CHEMIN DE),46.0,5.0,Plein jour,Hors agglomération,Hors intersection,Normale,Deux véhicules - frontale,,,,,,,,,,,1,1,1,1.0,1.0
201800000825,0018-05-03 13:55:00,18,5,3,13,55,10,53,PRES DE BROU ( RUE DES),46.19974,5.24504,Plein jour,En agglomération,Intersection en T,Normale,Deux véhicules - frontale,,,,,,,,,,,1,2,3,1.0,1.0
201800000826,0018-05-24 18:15:00,18,5,24,18,15,10,451,MARBOZ RD 996 ( ROUTE DE,46.0,5.23026,Plein jour,Hors agglomération,Intersection en T,Normale,Deux véhicules - côté,,,,,,,,,,,1,1,3,1.0,3.0
201800000827,0018-05-25 08:20:00,18,5,25,8,20,10,53,Rue de l'Ecole Normale,46.19568,5.2176,Plein jour,En agglomération,Hors intersection,Temps éblouissant,Deux véhicules - côté,,,,,,,,,,,1,2,1,7.0,3.0
201800000828,0018-05-26 17:35:00,18,5,26,17,35,10,344,TREVOUX (AVENUE DE),46.20007,5.19156,Plein jour,En agglomération,Hors intersection,Normale,Deux véhicules - côté,,,,,,,,,,,1,2,1,1.0,3.0
201800000829,0018-06-07 19:20:00,18,6,7,19,20,10,53,HUCHET ( BOULEVARD EMILE,46.19558,5.22294,Plein jour,En agglomération,Intersection en X,Normale,Deux véhicules - côté,,,,,,,,,,,1,2,2,1.0,3.0
201800000830,0018-06-14 10:57:00,18,6,14,10,57,10,53,,46.19573,5.23719,Plein jour,En agglomération,Intersection en X,Normale,Deux véhicules - côté,,,,,,,,,,,1,2,2,1.0,3.0
201800000831,0018-06-18 17:10:00,18,6,18,17,10,10,53,JOURDAN ( AVENUE LOUIS),46.2037,5.21876,Plein jour,En agglomération,Intersection en T,Normale,Deux véhicules - côté,,,,,,,,,,,1,2,3,1.0,3.0
201800000832,0018-06-29 19:55:00,18,6,29,19,55,10,451,MEILLONNAS ( CHEMIN DE ),46.23919,5.26977,Plein jour,Hors agglomération,Intersection en X,Normale,Deux véhicules - côté,,,,,,,,,,,1,1,2,1.0,3.0
201800000833,0018-07-07 00:39:00,18,7,7,0,39,10,289,CROIX (CHEMIN DE LA),46.17,5.198,Nuit avec éclairage allumé,En agglomération,Autre intersection,Normale,Sans collision,,,,,,,,,,,5,2,9,1.0,7.0
201800000834,0018-07-10 16:00:00,18,7,10,16,0,10,289,CHARTREUSE (RUE DE LA) I,46.17852,5.22125,Plein jour,Hors agglomération,Hors intersection,Normale,Autre collision,,,,,,,,,,,1,1,1,1.0,6.0
201800000835,0018-07-25 11:55:00,18,7,25,11,55,10,289,LENT (ROUTE DE),46.16488,5.22071,Plein jour,Hors agglomération,Intersection en X,Normale,Deux véhicules - côté,,,,,,,,,,,1,1,2,1.0,3.0
201800000836,0018-08-09 15:01:00,18,8,9,15,1,10,451,MARBOZ RD 996 ( ROUTE DE,46.2311,5.22974,Plein jour,Hors agglomération,Hors intersection,Pluie légère,Deux véhicules - frontale,,,,,,,,,,,1,1,1,2.0,1.0
201800000837,0018-08-18 22:10:00,18,8,18,22,10,10,53,HERRIOT ( BOULEVARD EDOU,46.20968,5.22747,Nuit avec éclairage allumé,En agglomération,Intersection en X,Normale,Deux véhicules - côté,,,,,,,,,,,5,2,2,1.0,3.0
201800000838,0018-08-23 12:45:00,18,8,23,12,45,10,53,LYON (AVENUE DE - Nø IMP,46.19528,5.21504,Plein jour,En agglomération,Intersection en Y,Normale,Deux véhicules - côté,,,,,,,,,,,1,2,4,1.0,3.0
201800000839,0018-08-28 20:55:00,18,8,28,20,55,10,53,MERCIER (AVENUE AMEDEE D,46.20358,5.24248,Nuit avec éclairage allumé,En agglomération,Intersection à plus de 4 branches,Normale,Deux véhicules - côté,,,,,,,,,,,5,2,5,1.0,3.0
201800000840,0018-09-16 11:05:00,18,9,16,11,5,10,53,MAGINOT AVENUE ) DE 43 A,46.21438,5.22736,Plein jour,En agglomération,Hors intersection,Normale,Deux véhicules - côté,,,,,,,,,,,1,2,1,1.0,3.0
201800000841,0018-09-20 08:05:00,18,9,20,8,5,10,53,JAURES (AVENUE JEAN - CO,46.19829,5.2174,Plein jour,En agglomération,Hors intersection,Normale,Trois véhicules et plus - collisions multiples,,,,,,,,,,,1,2,1,1.0,5.0
201800000842,0018-09-21 10:35:00,18,9,21,10,35,10,53,BROU ( BD N68 A 182 PAI,46.20115,5.23233,Plein jour,En agglomération,Autre intersection,Normale,Autre collision,,,,,,,,,,,1,2,9,1.0,6.0
201800000843,0018-09-20 16:40:00,18,9,20,16,40,10,53,Avenue de Lyon,46.19249,5.2127,Plein jour,En agglomération,Hors intersection,Normale,Autre collision,,,,,,,,,,,1,2,1,1.0,6.0
201800000844,0018-09-27 10:30:00,18,9,27,10,30,10,53,MERCIER (Avenue Amédée),46.2022,5.246,Plein jour,En agglomération,Autre intersection,Normale,Autre collision,,,,,,,,,,,1,2,9,1.0,6.0
201800000845,0018-10-01 12:05:00,18,10,1,12,5,10,451,MARBOZ RD 996 ( ROUTE DE,46.23578,5.22851,Plein jour,En agglomération,Hors intersection,Pluie légère,Deux véhicules - côté,,,,,,,,,,,1,2,1,2.0,3.0
201800000846,0018-10-27 17:15:00,18,10,27,17,15,10,53,BROU ( BD Nø68 A 182 PAI,46.20096,5.2326,Plein jour,En agglomération,Intersection en T,Pluie légère,Trois véhicules et plus - en chaîne,,,,,,,,,,,1,2,3,2.0,4.0
201800000847,0018-10-30 04:50:00,18,10,30,4,50,10,53,STRASBOURG ( ROND POINT),46.2207,5.249,Nuit avec éclairage allumé,En agglomération,Autre intersection,Neige / grêle,Deux véhicules - arrière,,,,,,,,,,,5,2,9,4.0,2.0