accident_id,datetime,annee,mois,jour,heure,minute,departement,commune_insee,adresse,latitude,longitude,luminosite,agglomeration,intersection,meteo,collision,nb_vehicules,nb_usagers,nb_indemnes,nb_tues,nb_blesses_hosp,nb_blesses_legers,age_cond_1,age_cond_2,veh_type_cond_1,veh_type_cond_2,lum_code,agg_code,int_code,atm_code,col_code
201800001206,0018-02-16 12:30:00,18,2,16,12,30,330,533,D1113 PR28+330 réel.,44.55775,-0.25807,Plein jour,En agglomération,Hors intersection,Normale,Deux véhicules - arrière,,,,,,,,,,,1,2,1,1.0,2.0
201800001207,0018-03-02 00:05:00,18,3,2,0,5,330,111,le pas saint george,44.58426,-0.13128,Nuit sans éclairage public,Hors agglomération,Autre intersection,Pluie légère,Autre collision,,,,,,,,,,,3,1,9,2.0,6.0
201800001208,0018-03-08 16:35:00,18,3,8,16,35,330,457,Route du bas.,44.55946,-0.18484,Plein jour,Hors agglomération,Hors intersection,Normale,Autre collision,,,,,,,,,,,1,1,1,1.0,6.0
201800001209,0018-05-07 23:55:00,18,5,7,23,55,330,463,D1113PR22+315 124liberat,44.57186,-0.1896,Nuit avec éclairage allumé,En agglomération,Hors intersection,Normale,Autre collision,,,,,,,,,,,5,2,1,1.0,6.0
201800001210,0018-06-29 16:30:00,18,6,29,16,30,330,111,RD 1113 PR18+144 réel,44.58023,-0.13943,Plein jour,En agglomération,Hors intersection,Normale,Deux véhicules - côté,,,,,,,,,,,1,2,1,1.0,3.0
201800001211,0018-06-30 01:15:00,18,6,30,1,15,330,444,RD1113 PR20+630 réel,44.57484,-0.16872,Nuit sans éclairage public,Hors agglomération,Hors intersection,Normale,Deux véhicules - frontale,,,,,,,,,,,3,1,1,1.0,1.0
201800001212,0018-07-02 11:45:00,18,7,2,11,45,330,227,avenue de la République,44.5451,-0.26045,Plein jour,En agglomération,Giratoire,Normale,Autre collision,,,,,,,,,,,1,2,6,1.0,6.0
201800001213,0018-09-04 18:50:00,18,9,4,18,50,330,227,D 10,44.53756,-0.22804,Plein jour,Hors agglomération,Hors intersection,Normale,Deux véhicules - côté,,,,,,,,,,,1,1,1,1.0,3.0
201800001214,0018-09-18 09:45:00,18,9,18,9,45,330,457,CV 5 Martinon.,44.54539,-0.19895,Plein jour,Hors agglomération,Hors intersection,Normale,Autre collision,,,,,,,,,,,1,1,1,1.0,6.0
201800001215,0018-12-07 11:50:00,18,12,7,11,50,330,227,RD125 E3 PR6+000 réel,44.55225,-0.24924,Plein jour,En agglomération,Hors intersection,Normale,Autre collision,,,,,,,,,,,1,2,1,1.0,6.0
201800001216,0018-01-18 09:10:00,18,1,18,9,10,330,240,D1215/PN PR60+896 réel,45.29341,-0.92781,Plein jour,En agglomération,Passage à niveau,Pluie forte,Deux véhicules - côté,,,,,,,,,,,1,2,8,3.0,3.0
201800001217,0018-03-04 06:00:00,18,3,4,6,0,330,240,D3,45.31176,-0.91917,Nuit sans éclairage public,Hors agglomération,Hors intersection,Pluie forte,Autre collision,,,,,,,,,,,3,1,1,3.0,6.0
201800001218,0018-03-15 21:00:00,18,3,15,21,0,330,240,D1215/VC206 PR59+590réel,45.29442,-0.92804,Nuit sans éclairage public,Hors agglomération,Intersection en X,Pluie légère,Deux véhicules - frontale,,,,,,,,,,,3,1,2,2.0,1.0
201800001219,0018-04-25 17:40:00,18,4,25,17,40,330,177,D3 14+260/VC Cascade.,45.28842,-0.95643,Plein jour,Hors agglomération,Intersection en X,Normale,Deux véhicules - côté,,,,,,,,,,,1,1,2,1.0,3.0
201800001220,0018-06-09 16:40:00,18,6,9,16,40,330,177,D1215  PR67+805 réel,45.33957,-0.97935,Plein jour,Hors agglomération,Hors intersection,Normale,Deux véhicules - frontale,,,,,,,,,,,1,1,1,1.0,1.0
201800001221,0018-06-22 04:40:00,18,6,22,4,40,330,177,D1215 bois du fil 67+200,45.3348,-0.97565,Nuit sans éclairage public,Hors agglomération,Hors intersection,Normale,Sans collision,,,,,,,,,,,3,1,1,1.0,7.0
201800001222,0018-08-03 20:10:00,18,8,3,20,10,330,240,21 cours jean jaures,45.30589,-0.93391,Plein jour,En agglomération,Hors intersection,Normale,Deux véhicules - frontale,,,,,,,,,,,1,2,1,1.0,1.0
201800001223,0018-01-09 08:30:00,18,1,9,8,30,330,417,RD6E3 / RD5.,44.96485,-0.88451,Plein jour,En agglomération,Intersection en X,Normale,Autre collision,,,,,,,,,,,1,2,2,1.0,6.0
201800001224,0018-01-20 03:00:00,18,1,20,3,0,330,417,D6/VC.Etang LEVADE-Piste,44.97254,-0.96886,Nuit sans éclairage public,Hors agglomération,Intersection en X,Pluie légère,Deux véhicules - frontale,,,,,,,,,,,3,1,2,2.0,1.0
201800001225,0018-02-20 18:50:00,18,2,20,18,50,330,417,RD104 PR30+150 réel.,44.99553,-0.90822,Nuit sans éclairage public,Hors agglomération,Hors intersection,Normale,Autre collision,,,,,,,,,,,3,1,1,1.0,6.0
201800001226,0018-05-18 15:10:00,18,5,18,15,10,330,494,D801 / VC Ch. Gravette,44.94785,-0.85229,Plein jour,Hors agglomération,Intersection en X,Normale,Deux véhicules - côté,,,,,,,,,,,1,1,2,1.0,3.0
201800001227,0018-09-02 18:05:00,18,9,2,18,5,330,494,15 route de Lacanau,44.93944,-0.83179,Plein jour,Hors agglomération,Hors intersection,Normale,Trois véhicules et plus - en chaîne,,,,,,,,,,,1,1,1,1.0,4.0
201800001228,0018-09-11 00:01:00,18,9,11,0,1,330,104,D1215E1,45.03691,-0.79798,Nuit sans éclairage public,Hors agglomération,Hors intersection,Normale,Deux véhicules - frontale,,,,,,,,,,,3,1,1,1.0,1.0
201800001229,0018-12-05 07:40:00,18,12,5,7,40,330,22,D1215E1,45.00124,-0.76387,Crépuscule ou aube,Hors agglomération,Hors intersection,Temps couvert,Deux véhicules - frontale,,,,,,,,,,,2,1,1,8.0,1.0
201800001230,0018-01-14 14:00:00,18,1,14,14,0,330,322,Allée ST SEURIN,44.96478,-0.67469,Plein jour,Hors agglomération,Hors intersection,Normale,Autre collision,,,,,,,,,,,1,1,1,1.0,6.0
201800001231,0018-01-18 11:35:00,18,1,18,11,35,330,517,route départementale 2,45.0481,-0.69051,Plein jour,Hors agglomération,Intersection en X,Pluie légère,Deux véhicules - côté,,,,,,,,,,,1,1,2,2.0,3.0
201800001232,0018-01-27 14:00:00,18,1,27,14,0,330,12,avenue de l'esclause,44.98485,-0.68063,Plein jour,Hors agglomération,Hors intersection,Normale,Autre collision,,,,,,,,,,,1,1,1,1.0,6.0
201800001233,0018-03-23 17:50:00,18,3,23,17,50,330,12,Avenue de Soubeyran.,44.97326,-0.69479,Plein jour,Hors agglomération,Hors intersection,Pluie légère,Autre collision,,,,,,,,,,,1,1,1,2.0,6.0
201800001234,0018-04-22 18:14:00,18,4,22,18,14,330,256,D209 PR5+850 réel,44.99236,-0.58494,Plein jour,Hors agglomération,Hors intersection,Normale,Autre collision,,,,,,,,,,,1,1,1,1.0,6.0
201800001235,0018-04-24 07:55:00,18,4,24,7,55,330,10,RD2 PR58+565 réel,45.0808,-0.72733,Plein jour,Hors agglomération,Hors intersection,Normale,Deux véhicules - frontale,,,,,,,,,,,1,1,1,1.0,1.0
201800001236,0018-04-26 16:00:00,18,4,26,16,0,330,12,avenue de lesclause,44.98523,-0.68099,Plein jour,Hors agglomération,Hors intersection,Normale,Sans collision,,,,,,,,,,,1,1,1,1.0,7.0
201800001237,0018-05-28 16:31:00,18,5,28,16,31,330,256,D210E1/RD209,44.98573,-0.57738,Plein jour,En agglomération,Intersection en T,Normale,Deux véhicules - côté,,,,,,,,,,,1,2,3,1.0,3.0
201800001238,0018-06-22 18:20:00,18,6,22,18,20,330,12,D1 PR9+200réel,44.96466,-0.71639,Plein jour,Hors agglomération,Hors intersection,Normale,Trois véhicules et plus - en chaîne,,,,,,,,,,,1,1,1,1.0,4.0
201800001239,0018-07-04 14:20:00,18,7,4,14,20,330,256,D2 74+293/VC Hertig,44.9848,-0.62149,Plein jour,Hors agglomération,Intersection en X,Normale,Trois véhicules et plus - collisions multiples,,,,,,,,,,,1,1,2,1.0,5.0
201800001240,0018-07-21 17:05:00,18,7,21,17,5,330,322,R GIRAUDOUX/CH POUJEAU,44.94844,-0.63601,Plein jour,En agglomération,Intersection en X,Normale,Deux véhicules - côté,,,,,,,,,,,1,2,2,1.0,3.0
201800001241,0018-08-17 14:45:00,18,8,17,14,45,330,322,ALLÉE SAINT-SEURIN,44.96374,-0.6833,Plein jour,Hors agglomération,Hors intersection,Normale,Deux véhicules - côté,,,,,,,,,,,1,1,1,1.0,3.0
201800001242,0018-08-27 07:00:00,18,8,27,7,0,330,12,D1215E1 7+900 REEL,44.98344,-0.74096,Crépuscule ou aube,Hors agglomération,Hors intersection,Normale,Deux véhicules - arrière,,,,,,,,,,,2,1,1,1.0,2.0
201800001243,0018-09-01 17:45:00,18,9,1,17,45,330,262,RD210 1+840/VC Hugo,45.00748,-0.61449,Plein jour,En agglomération,Intersection en X,Normale,Deux véhicules - côté,,,,,,,,,,,1,2,2,1.0,3.0
201800001244,0018-09-13 22:00:00,18,9,13,22,0,330,322,D2 / R.Usine,44.95741,-0.62853,Nuit sans éclairage public,En agglomération,Intersection en T,Normale,Deux véhicules - côté,,,,,,,,,,,3,2,3,1.0,3.0
201800001245,0018-10-03 15:30:00,18,10,3,15,30,330,91,route départementale 2,45.02597,-0.64577,Plein jour,Hors agglomération,Hors intersection,Normale,Autre collision,,,,,,,,,,,1,1,1,1.0,6.0
201800001246,0018-10-14 14:20:00,18,10,14,14,20,330,256,9 rue du 8 mai 1945,44.98632,-0.60511,Plein jour,En agglomération,Hors intersection,Normale,Sans collision,,,,,,,,,,,1,2,1,1.0,7.0
201800001247,0018-10-20 14:50:00,18,10,20,14,50,330,12,D208 / R.des Guneres,44.999,-0.70402,Plein jour,Hors agglomération,Intersection en T,Normale,Sans collision,,,,,,,,,,,1,1,3,1.0,7.0
201800001248,0018-11-05 08:55:00,18,11,5,8,55,330,256,Av Hertig/Voie ferrée,44.98342,-0.61248,Plein jour,En agglomération,Passage à niveau,Temps éblouissant,Deux véhicules - côté,,,,,,,,,,,1,2,8,7.0,3.0
201800001249,0018-12-05 20:40:00,18,12,5,20,40,330,322,1123 Route de SOULAC,44.95347,-0.7022,Nuit sans éclairage public,En agglomération,Hors intersection,Pluie forte,Deux véhicules - arrière,,,,,,,,,,,3,2,1,3.0,2.0
201800001250,0018-12-13 07:00:00,18,12,13,7,0,330,256,RD2/Ch de coudannes,44.98486,-0.62159,Nuit sans éclairage public,Hors agglomération,Intersection en X,Normale,Deux véhicules - côté,,,,,,,,,,,3,1,2,1.0,3.0
201800001251,0018-12-26 18:15:00,18,12,26,18,15,330,256,route de pauillac,44.99041,-0.62019,Nuit sans éclairage public,Hors agglomération,Hors intersection,Normale,Deux véhicules - frontale,,,,,,,,,,,3,1,1,1.0,1.0
201800001252,0018-02-09 03:40:00,18,2,9,3,40,330,243,50 quai du priourat,44.90899,-0.24864,Nuit avec éclairage allumé,En agglomération,Hors intersection,Normale,Autre collision,,,,,,,,,,,5,2,1,1.0,6.0
201800001253,0018-03-15 13:45:00,18,3,15,13,45,330,328,08 r de Périgueux 24+330,44.93275,-0.22068,Plein jour,Hors agglomération,Hors intersection,Normale,Deux véhicules - frontale,,,,,,,,,,,1,1,1,1.0,1.0
201800001254,0018-03-29 17:10:00,18,3,29,17,10,330,243,43 allée Robert Boulin,44.91663,-0.24003,Plein jour,En agglomération,Hors intersection,Normale,Deux véhicules - frontale,,,,,,,,,,,1,2,1,1.0,1.0
201800001255,0018-04-12 19:15:00,18,4,12,19,15,330,243,R.MONTESQUIEU / R.ORBE,44.91632,-0.24277,Plein jour,En agglomération,Intersection en T,Normale,Deux véhicules - côté,,,,,,,,,,,1,2,3,1.0,3.0
201800001256,0018-04-14 04:00:00,18,4,14,4,0,330,539,RD2089 PR34+020 reel,44.8815,-0.30866,Nuit sans éclairage public,Hors agglomération,Hors intersection,Pluie légère,Autre collision,,,,,,,,,,,3,1,1,2.0,6.0
201800001257,0018-05-23 18:00:00,18,5,23,18,0,330,222,25 ROUTE DE LYON,44.9535,-0.18925,Plein jour,Hors agglomération,Hors intersection,Normale,Trois véhicules et plus - collisions multiples,,,,,,,,,,,1,1,1,1.0,5.0
201800001258,0018-06-21 06:50:00,18,6,21,6,50,330,15,D2089 PR30+735 réel,44.89313,-0.27596,Crépuscule ou aube,Hors agglomération,Hors intersection,Normale,Trois véhicules et plus - collisions multiples,,,,,,,,,,,2,1,1,1.0,5.0
201800001259,0018-09-11 15:50:00,18,9,11,15,50,330,207,D242 / Av Uchamp,44.91722,-0.34943,Plein jour,En agglomération,Intersection en X,Normale,Trois véhicules et plus - collisions multiples,,,,,,,,,,,1,2,2,1.0,5.0
201800001260,0018-10-10 21:15:00,18,10,10,21,15,330,243,D1089 / D121E4.,44.93226,-0.22143,Nuit avec éclairage allumé,Hors agglomération,Giratoire,Normale,Autre collision,,,,,,,,,,,5,1,6,1.0,6.0
201800001261,0018-11-02 22:20:00,18,11,2,22,20,330,243,RD1089/RD121E4,44.93225,-0.2214,Nuit avec éclairage allumé,Hors agglomération,Giratoire,Normale,Autre collision,,,,,,,,,,,5,1,6,1.0,6.0
201800001262,0018-11-03 23:15:00,18,11,3,23,15,330,243,AVENUE GEORGES POMPIDOU,44.94549,-0.2312,Nuit avec éclairage allumé,En agglomération,Giratoire,Normale,Autre collision,,,,,,,,,,,5,2,6,1.0,6.0
201800001263,0018-11-09 04:50:00,18,11,9,4,50,330,243,113 av Général De Gaulle,44.90336,-0.22213,Nuit avec éclairage allumé,En agglomération,Giratoire,Pluie légère,Autre collision,,,,,,,,,,,5,2,6,2.0,6.0
201800001264,0018-11-30 18:30:00,18,11,30,18,30,330,243,RD2089/RD670E10,44.91296,-0.24782,Nuit avec éclairage allumé,En agglomération,Giratoire,Autre,Deux véhicules - côté,,,,,,,,,,,5,2,6,9.0,3.0
201800001265,0018-01-10 20:15:00,18,1,10,20,15,330,393,13 route de Guitres.,44.99836,-0.2005,Nuit avec éclairage allumé,En agglomération,Hors intersection,Temps couvert,Deux véhicules - arrière,,,,,,,,,,,5,2,1,8.0,2.0
201800001266,0018-03-29 20:50:00,18,3,29,20,50,330,218,D910/D133,45.07438,-0.16723,Nuit sans éclairage public,Hors agglomération,Intersection en X,Normale,Trois véhicules et plus - en chaîne,,,,,,,,,,,3,1,2,1.0,4.0
201800001267,0018-05-21 04:05:00,18,5,21,4,5,330,230,RD247 PR0+700 réel,45.08954,-0.28164,Nuit sans éclairage public,Hors agglomération,Hors intersection,Normale,Autre collision,,,,,,,,,,,3,1,1,1.0,6.0
201800001268,0018-06-18 16:00:00,18,6,18,16,0,330,393,D674 22+330/VC de Robert,44.98711,-0.20283,Plein jour,Hors agglomération,Intersection en T,Normale,Deux véhicules - côté,,,,,,,,,,,1,1,3,1.0,3.0
201800001269,0018-06-26 14:55:00,18,6,26,14,55,330,393,RD 1089 PR15+360 réel.,44.98795,-0.13752,Plein jour,Hors agglomération,Hors intersection,Normale,Deux véhicules - frontale,,,,,,,,,,,1,1,1,1.0,1.0
201800001270,0018-08-11 06:45:00,18,8,11,6,45,330,230,RD247E1 PR2+630 réel,45.11061,-0.28424,Crépuscule ou aube,Hors agglomération,Hors intersection,Normale,Autre collision,,,,,,,,,,,2,1,1,1.0,6.0
201800001271,0018-11-04 07:45:00,18,11,4,7,45,330,62,VOIE COMMUNALE 101,44.99316,-0.21225,Crépuscule ou aube,Hors agglomération,Hors intersection,Brouillard / fumée,Autre collision,,,,,,,,,,,2,1,1,5.0,6.0
201800001272,0018-11-06 12:18:00,18,11,6,12,18,330,393,D674 / D910E3,44.99363,-0.19664,Plein jour,En agglomération,Intersection en X,Pluie légère,Deux véhicules - côté,,,,,,,,,,,1,2,2,2.0,3.0
201800001273,0018-01-10 10:30:00,18,1,10,10,30,330,402,RD936E6/Imp.Gratiolet,44.83846,0.21662,Plein jour,En agglomération,Intersection en T,Pluie légère,Deux véhicules - côté,,,,,,,,,,,1,2,3,2.0,3.0
201800001274,0018-05-23 23:15:00,18,5,23,23,15,330,269,D708PR9+505/D708E3.,44.76446,0.25199,Nuit avec éclairage allumé,En agglomération,Intersection en T,Normale,Autre collision,,,,,,,,,,,5,2,3,1.0,6.0
201800001275,0018-09-28 00:30:00,18,9,28,0,30,330,369,4 lieu dit chaternaud,44.81347,0.21792,Nuit sans éclairage public,Hors agglomération,Hors intersection,Normale,Autre collision,,,,,,,,,,,3,1,1,1.0,6.0
201800001276,0018-03-08 20:35:00,18,3,8,20,35,330,219,RD 670 PR4+980 réel.,44.97531,-0.39171,Nuit sans éclairage public,Hors agglomération,Hors intersection,Normale,Deux véhicules - arrière,,,,,,,,,,,3,1,1,1.0,2.0
201800001277,0018-03-23 18:50:00,18,3,23,18,50,330,259,RD138E3/RD138,44.9579,-0.34013,Plein jour,En agglomération,Intersection en Y,Normale,Autre collision,,,,,,,,,,,1,2,4,1.0,6.0
201800001278,0018-06-08 14:40:00,18,6,8,14,40,330,179,D138 6+737/D120 14+825.,44.99741,-0.25987,Plein jour,Hors agglomération,Intersection en X,Normale,Deux véhicules - côté,,,,,,,,,,,1,1,2,1.0,3.0
201800001279,0018-06-08 17:30:00,18,6,8,17,30,330,174,D128/VC Au Branda,44.93908,-0.26999,Plein jour,Hors agglomération,Intersection en T,Normale,Deux véhicules - côté,,,,,,,,,,,1,1,3,1.0,3.0
201800001280,0018-06-15 23:40:00,18,6,15,23,40,330,174,D670 PR 19+350 réel,44.91869,-0.25001,Nuit sans éclairage public,Hors agglomération,Hors intersection,Normale,Autre collision,,,,,,,,,,,3,1,1,1.0,6.0
201800001281,0018-07-23 15:20:00,18,7,23,15,20,330,174,RD670,44.92039,-0.26462,Plein jour,Hors agglomération,Hors intersection,Normale,Trois véhicules et plus - collisions multiples,,,,,,,,,,,1,1,1,1.0,5.0
201800001282,0018-11-08 18:30:00,18,11,8,18,30,330,259,RD 670- le bourg,44.95518,-0.34689,Nuit avec éclairage allumé,En agglomération,Hors intersection,Normale,Autre collision,,,,,,,,,,,5,2,1,1.0,6.0
201800001283,0018-11-21 09:30:00,18,11,21,9,30,330,364,les struliez,44.95661,-0.29194,Plein jour,Hors agglomération,Hors intersection,Normale,Autre collision,,,,,,,,,,,1,1,1,1.0,6.0
201800001284,0018-12-10 16:45:00,18,12,10,16,45,330,259,D138,44.95952,-0.33482,Plein jour,Hors agglomération,Hors intersection,Normale,Sans collision,,,,,,,,,,,1,1,1,1.0,7.0
201800001285,0018-02-13 16:15:00,18,2,13,16,15,240,497,LIEU-DIT LA MARGOT,44.67947,0.70038,Plein jour,Hors agglomération,Hors intersection,Autre,Autre collision,,,,,,,,,,,1,1,1,9.0,6.0
201800001286,0018-02-22 09:15:00,18,2,22,9,15,240,244,peyroulier,44.70636,0.82967,Plein jour,Hors agglomération,Intersection en X,Normale,Deux véhicules - côté,,,,,,,,,,,1,1,2,1.0,3.0
201800001287,0018-03-25 13:35:00,18,3,25,13,35,240,28,D660,44.77657,0.76425,Plein jour,Hors agglomération,Hors intersection,Pluie légère,Deux véhicules - frontale,,,,,,,,,,,1,1,1,2.0,1.0
201800001288,0018-10-13 20:25:00,18,10,13,20,25,240,68,9 rue François Meulet,44.84228,0.90686,Nuit avec éclairage allumé,En agglomération,Hors intersection,Normale,Deux véhicules - frontale,,,,,,,,,,,5,2,1,1.0,1.0
201800001289,0018-10-14 04:50:00,18,10,14,4,50,240,28,55 avenue de Monpazier,44.761,0.77109,Nuit avec éclairage allumé,Hors agglomération,Hors intersection,Normale,Sans collision,,,,,,,,,,,5,1,1,1.0,7.0
201800001290,0018-08-19 10:10:00,18,8,19,10,10,240,318,le moulin de leyrat,44.88691,0.86581,Plein jour,Hors agglomération,Hors intersection,Normale,Sans collision,,,,,,,,,,,1,1,1,1.0,7.0
201800001291,0018-10-12 16:30:00,18,10,12,16,30,240,362,Montferrier,44.98942,0.81502,Plein jour,Hors agglomération,Intersection en X,Normale,Deux véhicules - côté,,,,,,,,,,,1,1,2,1.0,3.0
201800001292,0018-11-20 20:00:00,18,11,20,20,0,240,382,Le bourg CD660,44.84177,0.65448,Nuit avec éclairage allumé,En agglomération,Hors intersection,Normale,Autre collision,,,,,,,,,,,5,2,1,1.0,6.0
201800001293,0018-12-01 13:05:00,18,12,1,13,5,240,242,la trimouille,44.89093,0.61762,Plein jour,Hors agglomération,Hors intersection,Pluie légère,Autre collision,,,,,,,,,,,1,1,1,2.0,6.0
201800001294,0018-02-12 07:00:00,18,2,12,7,0,400,283,CD 129 avenue du 19 mars,43.72002,-1.04763,Nuit sans éclairage public,Hors agglomération,Hors intersection,Pluie légère,Deux véhicules - frontale,,,,,,,,,,,3,1,1,2.0,1.0
201800001295,0018-07-07 20:00:00,18,7,7,20,0,400,314,CD 6 - route de l'etoile,43.67232,-1.10318,Plein jour,Hors agglomération,Hors intersection,Normale,Autre collision,,,,,,,,,,,1,1,1,1.0,6.0
201800001296,0018-12-02 19:00:00,18,12,2,19,0,400,3,"PR 92,200 - RD 824",43.71134,-1.15272,Nuit sans éclairage public,Hors agglomération,Hors intersection,Normale,Deux véhicules - frontale,,,,,,,,,,,3,1,1,1.0,1.0
201800001297,0018-01-02 17:45:00,18,1,2,17,45,400,184,avenue de vigon,44.2102,-1.23411,Nuit avec éclairage non allumé,En agglomération,Hors intersection,Pluie forte,Autre collision,,,,,,,,,,,4,2,1,3.0,6.0
201800001298,0018-02-13 18:45:00,18,2,13,18,45,400,19,Parking magasin lidl,44.21295,-1.20217,Nuit sans éclairage public,En agglomération,Hors intersection,Normale,Autre collision,,,,,,,,,,,3,2,1,1.0,6.0
201800001299,0018-04-08 02:00:00,18,4,8,2,0,400,184,avenue de bordeaux - D62,44.20552,-1.22214,Nuit avec éclairage allumé,En agglomération,Intersection en Y,Pluie légère,Autre collision,,,,,,,,,,,5,2,4,2.0,6.0
201800001300,0018-11-11 03:15:00,18,11,11,3,15,400,184,d 87,44.22307,-1.22857,Nuit sans éclairage public,Hors agglomération,Hors intersection,Pluie légère,Autre collision,,,,,,,,,,,3,1,1,2.0,6.0
201800001301,0018-05-08 17:20:00,18,5,8,17,20,470,157,129 AVENUE JEAN JAURÈS,44.506,0.1479,Plein jour,En agglomération,Hors intersection,Normale,Autre collision,,,,,,,,,,,1,2,1,1.0,6.0
201800001302,0018-06-03 17:45:00,18,6,3,17,45,470,157,AVENUE JEAN JAURES,44.5072,0.14519,Plein jour,En agglomération,Hors intersection,Normale,Deux véhicules - arrière,,,,,,,,,,,1,2,1,1.0,2.0
201800001303,0018-07-20 10:35:00,18,7,20,10,35,470,157,LD ROY SUD,44.5349,0.20474,Plein jour,Hors agglomération,Intersection en X,Normale,Deux véhicules - côté,,,,,,,,,,,1,1,2,1.0,3.0
201800001304,0018-07-20 18:05:00,18,7,20,18,5,470,326,"CD 933/267, ""MEYSSAN""",44.5021,0.24049,Plein jour,Hors agglomération,Intersection en T,Normale,Deux véhicules - côté,,,,,,,,,,,1,1,3,1.0,3.0
201800001305,0018-08-07 08:00:00,18,8,7,8,0,470,263,LIEU DIT   LES BARLAQUES,44.4775,0.21063,Plein jour,Hors agglomération,Intersection en T,Normale,Deux véhicules - frontale,,,,,,,,,,,1,1,3,1.0,1.0
201800001306,0018-08-17 19:15:00,18,8,17,19,15,470,150,LE BOURG,44.4634,0.21423,Plein jour,Hors agglomération,Intersection en T,Normale,Deux véhicules - côté,,,,,,,,,,,1,1,3,1.0,3.0
201800001307,0018-09-01 14:10:00,18,9,1,14,10,470,24,ROUTE DU LAC,44.5223,0.13904,Plein jour,Hors agglomération,Hors intersection,Normale,Deux véhicules - arrière,,,,,,,,,,,1,1,1,1.0,2.0
201800001308,0018-09-15 16:25:00,18,9,15,16,25,470,233,"LIEU-DIT ""BEAUVALLON""",44.5307,0.12934,Plein jour,Hors agglomération,Intersection en T,Normale,Deux véhicules - côté,,,,,,,,,,,1,1,3,1.0,3.0
201800001309,0018-10-12 20:00:00,18,10,12,20,0,470,326,LD LESCURE,44.50242,0.26302,Nuit sans éclairage public,Hors agglomération,Hors intersection,Normale,Deux véhicules - arrière,,,,,,,,,,,3,1,1,1.0,2.0
201800001310,0018-11-23 16:15:00,18,11,23,16,15,470,28,Lieu dit Bourrut,44.48142,0.25795,Plein jour,Hors agglomération,Intersection en X,Normale,Trois véhicules et plus - collisions multiples,,,,,,,,,,,1,1,2,1.0,5.0
201800001311,0018-12-07 22:50:00,18,12,7,22,50,470,24,CD 708 - Ld moulin à ven,44.533,0.15487,Nuit sans éclairage public,Hors agglomération,Hors intersection,Normale,Deux véhicules - frontale,,,,,,,,,,,3,1,1,1.0,1.0
201800001312,0018-12-09 15:10:00,18,12,9,15,10,470,150,Lieu dit sacriste,44.46208,0.22005,Plein jour,Hors agglomération,Hors intersection,Normale,Deux véhicules - arrière,,,,,,,,,,,1,1,1,1.0,2.0
201800001313,0018-08-30 17:45:00,18,8,30,17,45,470,292,fourcayrenque,44.58563,1.01197,Plein jour,Hors agglomération,Hors intersection,Normale,Autre collision,,,,,,,,,,,1,1,1,1.0,6.0
201800001314,0018-05-03 20:25:00,18,5,3,20,25,640,230,RN134,43.1777,-0.42934,Nuit sans éclairage public,Hors agglomération,Hors intersection,Pluie légère,Autre collision,,,,,,,,,,,3,1,1,2.0,6.0
201800001315,0018-08-31 11:00:00,18,8,31,11,0,640,230,RN 134,43.201,-0.41978,Plein jour,Hors agglomération,Hors intersection,Normale,Autre collision,,,,,,,,,,,1,1,1,1.0,6.0
201800001316,0018-10-12 09:40:00,18,10,12,9,40,640,230,ROUTE DE GELOS,43.234,-0.3852,Plein jour,En agglomération,Hors intersection,Normale,Autre collision,,,,,,,,,,,1,2,1,1.0,6.0
201800001317,0018-10-13 17:20:00,18,10,13,17,20,640,324,D24,43.2071,-0.56974,Plein jour,Hors agglomération,Hors intersection,Normale,Deux véhicules - frontale,,,,,,,,,,,1,1,1,1.0,1.0
201800001318,0018-06-18 18:00:00,18,6,18,18,0,640,540,CD 361,43.4935,-1.35687,Plein jour,En agglomération,Hors intersection,Normale,Deux véhicules - frontale,,,,,,,,,,,1,2,1,1.0,1.0
201800001319,0018-08-03 17:30:00,18,8,3,17,30,640,304,1724 ROUTE DE L'ADOUR,43.4951,-1.40508,Plein jour,En agglomération,Hors intersection,Normale,Deux véhicules - arrière,,,,,,,,,,,1,2,1,1.0,2.0
201800001320,0018-09-17 18:45:00,18,9,17,18,45,640,407,RD 831 / RD 312,43.4841,-1.41332,Plein jour,Hors agglomération,Intersection en X,Normale,Deux véhicules - côté,,,,,,,,,,,1,1,2,1.0,3.0
201800001321,0018-11-29 17:55:00,18,11,29,17,55,640,540,,43.4873,-1.35351,Nuit avec éclairage allumé,En agglomération,Hors intersection,Pluie forte,Deux véhicules - côté,,,,,,,,,,,5,2,1,3.0,3.0
201800001322,0018-12-08 18:34:00,18,12,8,18,34,640,407,AVENUE DU PORTOU,43.4818,-1.44372,Nuit avec éclairage allumé,En agglomération,Giratoire,Normale,Autre collision,,,,,,,,,,,5,2,6,1.0,6.0
201800001323,0018-01-08 13:25:00,18,1,8,13,25,640,422,AVENUE ALEXANDRE FLEMING,43.1965,-0.61963,Plein jour,En agglomération,Giratoire,Normale,Autre collision,,,,,,,,,,,1,2,6,1.0,6.0