accident_id,datetime,annee,mois,jour,heure,minute,departement,commune_insee,adresse,latitude,longitude,luminosite,agglomeration,intersection,meteo,collision,nb_vehicules,nb_usagers,nb_indemnes,nb_tues,nb_blesses_hosp,nb_blesses_legers,age_cond_1,age_cond_2,veh_type_cond_1,veh_type_cond_2,lum_code,agg_code,int_code,atm_code,col_code
201800001324,0018-03-28 11:00:00,18,3,28,11,0,640,422,11 RUE LOUIS BARTHOU,43.1913,-0.60776,Plein jour,En agglomération,Hors intersection,Normale,Autre collision,,,,,,,,,,,1,2,1,1.0,6.0
201800001325,0018-03-29 17:00:00,18,3,29,17,0,640,422,AV FRANCOIS MITTERANT,43.1842,-0.62195,Plein jour,En agglomération,Autre intersection,Pluie légère,Autre collision,,,,,,,,,,,1,2,9,2.0,6.0
201800001326,0018-04-09 10:15:00,18,4,9,10,15,640,220,AVENUE DE PYRENEES,43.2088,-0.61173,Plein jour,En agglomération,Intersection en X,Normale,Deux véhicules - côté,,,,,,,,,,,1,2,2,1.0,3.0
201800001327,0018-04-21 11:30:00,18,4,21,11,30,640,421,RN 134,43.1531,-0.50805,Plein jour,Hors agglomération,Hors intersection,Normale,Deux véhicules - arrière,,,,,,,,,,,1,1,1,1.0,2.0
201800001328,0018-04-30 11:30:00,18,4,30,11,30,640,422,RUE LEON JOUHAUX,43.1991,-0.61247,Plein jour,En agglomération,Hors intersection,Normale,Deux véhicules - côté,,,,,,,,,,,1,2,1,1.0,3.0
201800001329,0018-08-12 11:30:00,18,8,12,11,30,640,165,RD 9,43.253,-0.60518,Plein jour,Hors agglomération,Hors intersection,Normale,Sans collision,,,,,,,,,,,1,1,1,1.0,7.0
201800001330,0018-08-17 16:30:00,18,8,17,16,30,640,409,RUE GUITTE,43.2119,-0.66352,Plein jour,En agglomération,Hors intersection,Autre,Autre collision,,,,,,,,,,,1,2,1,9.0,6.0
201800001331,0018-09-04 09:30:00,18,9,4,9,30,640,64,D918,43.1069,-0.6423,Plein jour,Hors agglomération,Hors intersection,Normale,Deux véhicules - frontale,,,,,,,,,,,1,1,1,1.0,1.0
201800001332,0018-09-11 19:00:00,18,9,11,19,0,640,409,RUE GUITTE,43.2116,-0.65499,Plein jour,En agglomération,Hors intersection,Normale,Autre collision,,,,,,,,,,,1,2,1,1.0,6.0
201800001333,0018-09-14 14:00:00,18,9,14,14,0,640,422,BOULEVARD FRANCOIS MITTE,43.1849,-0.62232,Plein jour,En agglomération,Hors intersection,Normale,Autre collision,,,,,,,,,,,1,2,1,1.0,6.0
201800001334,0018-09-21 09:15:00,18,9,21,9,15,640,422,11 PLACE SAINT PIERRE,43.1885,-0.60493,Plein jour,En agglomération,Hors intersection,Normale,Autre collision,,,,,,,,,,,1,2,1,1.0,6.0
201800001335,0018-10-19 16:35:00,18,10,19,16,35,640,422,ROND POINT ROZAN,43.1916,-0.61884,Plein jour,En agglomération,Giratoire,Normale,Deux véhicules - arrière,,,,,,,,,,,1,2,6,1.0,2.0
201800001336,0018-11-18 00:10:00,18,11,18,0,10,640,252,route du somport,43.1693,-0.60266,Nuit sans éclairage public,En agglomération,Hors intersection,Normale,Deux véhicules - frontale,,,,,,,,,,,3,2,1,1.0,1.0
201800001337,0018-03-23 12:40:00,18,3,23,12,40,640,430,CHEMIN DES MARMONTS,43.4701,-0.77841,Plein jour,En agglomération,Hors intersection,Normale,Deux véhicules - arrière,,,,,,,,,,,1,2,1,1.0,2.0
201800001338,0018-05-16 18:50:00,18,5,16,18,50,640,430,RUE DU MOULIN,43.4862,-0.77084,Plein jour,En agglomération,Intersection en Y,Normale,Autre collision,,,,,,,,,,,1,2,4,1.0,6.0
201800001339,0018-08-03 14:00:00,18,8,3,14,0,640,430,ROUTE DE BAYONNE,43.4866,-0.80838,Plein jour,Hors agglomération,Hors intersection,Normale,Trois véhicules et plus - collisions multiples,,,,,,,,,,,1,1,1,1.0,5.0
201800001340,0018-09-22 15:30:00,18,9,22,15,30,640,430,CD 817,43.4861,-0.81284,Plein jour,Hors agglomération,Hors intersection,Normale,Sans collision,,,,,,,,,,,1,1,1,1.0,7.0
201800001341,0018-10-04 09:00:00,18,10,4,9,0,640,430,RD 817,43.4796,-0.74529,Plein jour,En agglomération,Intersection en T,Brouillard / fumée,Deux véhicules - côté,,,,,,,,,,,1,2,3,5.0,3.0
201800001342,0018-04-26 18:45:00,18,4,26,18,45,860,115,D 20,46.69938,0.37793,Plein jour,Hors agglomération,Hors intersection,Normale,Autre collision,,,,,,,,,,,1,1,1,1.0,6.0
201800001343,0018-07-11 07:55:00,18,7,11,7,55,860,222,RD  20C,46.66527,0.39486,Plein jour,Hors agglomération,Hors intersection,Temps éblouissant,Trois véhicules et plus - collisions multiples,,,,,,,,,,,1,1,1,7.0,5.0
201800001344,0018-11-10 16:20:00,18,11,10,16,20,860,163,6 rue de l'église,46.62235,0.42422,Plein jour,En agglomération,Hors intersection,Normale,Autre collision,,,,,,,,,,,1,2,1,1.0,6.0
201800001345,0018-12-08 10:40:00,18,12,8,10,40,860,222,D.4,46.67906,0.40898,Plein jour,En agglomération,Intersection en T,Normale,Deux véhicules - côté,,,,,,,,,,,1,2,3,1.0,3.0
201800001346,0018-12-16 11:30:00,18,12,16,11,30,860,62,ROUTE DE PARIS D910,46.65735,0.3672,Plein jour,Hors agglomération,Hors intersection,Temps couvert,Deux véhicules - frontale,,,,,,,,,,,1,1,1,8.0,1.0
201800001347,0018-04-02 02:00:00,18,4,2,2,0,860,137,RD759 pk15+700,46.99414,0.03783,Nuit sans éclairage public,Hors agglomération,Hors intersection,Normale,Autre collision,,,,,,,,,,,3,1,1,1.0,6.0
201800001348,0018-06-07 09:50:00,18,6,7,9,50,860,287,RD23 et Rue Andilly,47.07258,0.11687,Plein jour,Hors agglomération,Intersection en X,Normale,Deux véhicules - côté,,,,,,,,,,,1,1,2,1.0,3.0
201800001349,0018-06-30 15:45:00,18,6,30,15,45,860,49,D  347,46.97386,0.09922,Plein jour,Hors agglomération,Hors intersection,Normale,Deux véhicules - arrière,,,,,,,,,,,1,1,1,1.0,2.0
201800001350,0018-09-02 18:00:00,18,9,2,18,0,860,137,RD 59,46.98551,0.14492,Plein jour,En agglomération,Hors intersection,Normale,Autre collision,,,,,,,,,,,1,2,1,1.0,6.0
201800001351,0018-10-14 13:00:00,18,10,14,13,0,860,274,D39,47.05881,0.01482,Plein jour,Hors agglomération,Hors intersection,Normale,Autre collision,,,,,,,,,,,1,1,1,1.0,6.0
201800001352,0018-11-05 11:50:00,18,11,5,11,50,860,137,rue des Roches,47.01371,0.09107,Plein jour,En agglomération,Intersection en X,Normale,Deux véhicules - côté,,,,,,,,,,,1,2,2,1.0,3.0
201800001353,0018-03-13 07:40:00,18,3,13,7,40,860,104,RD  35,46.11375,0.32587,Plein jour,Hors agglomération,Hors intersection,Normale,Deux véhicules - frontale,,,,,,,,,,,1,1,1,1.0,1.0
201800001354,0018-07-01 16:05:00,18,7,1,16,5,860,134,PK105 - RN  10,46.17413,0.1672,Plein jour,Hors agglomération,Hors intersection,Normale,Autre collision,,,,,,,,,,,1,1,1,1.0,6.0
201800001355,0018-07-08 14:50:00,18,7,8,14,50,860,237,D148,46.14958,0.27741,Plein jour,En agglomération,Giratoire,Normale,Sans collision,,,,,,,,,,,1,2,6,1.0,7.0
201800001356,0018-07-22 04:10:00,18,7,22,4,10,860,61,RD148,46.1344,0.45292,Nuit sans éclairage public,Hors agglomération,Hors intersection,Normale,Autre collision,,,,,,,,,,,3,1,1,1.0,6.0
201800001357,0018-08-08 22:55:00,18,8,8,22,55,860,12,vielles   metives,46.10415,0.40235,Nuit sans éclairage public,Hors agglomération,Hors intersection,Normale,Sans collision,,,,,,,,,,,3,1,1,1.0,7.0
201800001358,0018-09-03 13:30:00,18,9,3,13,30,860,266,rue de la Tour,46.07729,0.37316,Plein jour,En agglomération,Hors intersection,Normale,Deux véhicules - frontale,,,,,,,,,,,1,2,1,1.0,1.0
201800001359,0018-10-18 11:30:00,18,10,18,11,30,860,119,rd 727,46.22754,0.47094,Plein jour,En agglomération,Hors intersection,Normale,Autre collision,,,,,,,,,,,1,2,1,1.0,6.0
201800001360,0018-01-22 08:10:00,18,1,22,8,10,160,199,rue Victor Hugo,45.6654,0.23698,Crépuscule ou aube,En agglomération,Hors intersection,Pluie légère,Autre collision,,,,,,,,,,,2,2,1,2.0,6.0
201800001361,0018-01-24 13:20:00,18,1,24,13,20,160,78,rue du mauvais pas,45.69433,0.19165,Plein jour,Hors agglomération,Hors intersection,Normale,Deux véhicules - frontale,,,,,,,,,,,1,1,1,1.0,1.0
201800001362,0018-04-20 13:15:00,18,4,20,13,15,160,146,,45.6206,0.2601,Plein jour,Hors agglomération,Hors intersection,Normale,Sans collision,,,,,,,,,,,1,1,1,1.0,7.0
201800001363,0018-06-02 18:55:00,18,6,2,18,55,160,187,route de trois palis,45.64839,0.07148,Plein jour,En agglomération,Hors intersection,Normale,Deux véhicules - arrière,,,,,,,,,,,1,2,1,1.0,2.0
201800001364,0018-07-12 17:45:00,18,7,12,17,45,160,78,Échangeur RN10-RN141,45.69753,0.1793,Plein jour,Hors agglomération,Hors intersection,Normale,Trois véhicules et plus - en chaîne,,,,,,,,,,,1,1,1,1.0,4.0
201800001365,0018-11-06 14:30:00,18,11,6,14,30,160,232,RN 141 - PK52 + 700 Sens,45.71105,0.29101,Plein jour,Hors agglomération,Hors intersection,Pluie légère,Trois véhicules et plus - collisions multiples,,,,,,,,,,,1,1,1,2.0,5.0
201800001366,0018-12-09 15:00:00,18,12,9,15,0,160,78,Les Chauvauds,45.70307,0.18198,Plein jour,En agglomération,Intersection en T,Temps couvert,Deux véhicules - côté,,,,,,,,,,,1,2,3,8.0,3.0
201800001367,0018-01-04 18:40:00,18,1,4,18,40,160,359,LD Montperron,45.63808,-0.32963,Nuit sans éclairage public,Hors agglomération,Hors intersection,Vent fort / tempête,Sans collision,,,,,,,,,,,3,1,1,6.0,7.0
201800001368,0018-02-03 14:53:00,18,2,3,14,53,160,97,L'Epine,45.72938,-0.35098,Plein jour,En agglomération,Giratoire,Pluie légère,Deux véhicules - côté,,,,,,,,,,,1,2,6,2.0,3.0
201800001369,0018-03-03 15:25:00,18,3,3,15,25,160,355,Lieu-dit chez Michot,45.76193,-0.4221,Plein jour,Hors agglomération,Intersection en X,Normale,Sans collision,,,,,,,,,,,1,1,2,1.0,7.0
201800001370,0018-06-23 19:30:00,18,6,23,19,30,160,217,,45.67309,-0.37529,Plein jour,En agglomération,Hors intersection,Normale,Autre collision,,,,,,,,,,,1,2,1,1.0,6.0
201800001371,0018-08-19 01:30:00,18,8,19,1,30,160,193,Bois de Rocheraud,45.72605,-0.40571,Nuit sans éclairage public,Hors agglomération,Hors intersection,Normale,Sans collision,,,,,,,,,,,3,1,1,1.0,7.0
201800001372,0018-09-01 17:50:00,18,9,1,17,50,160,97,,45.74314,-0.35117,Plein jour,En agglomération,Giratoire,Normale,Autre collision,,,,,,,,,,,1,2,6,1.0,6.0
201800001373,0018-09-20 04:20:00,18,9,20,4,20,160,151,"33, Rue le l'église",45.63003,-0.31702,Nuit sans éclairage public,En agglomération,Intersection en Y,Normale,Autre collision,,,,,,,,,,,3,2,4,1.0,6.0
201800001374,0018-09-27 16:34:00,18,9,27,16,34,160,97,RD 48,45.74284,-0.3102,Plein jour,Hors agglomération,Intersection en T,Normale,Deux véhicules - arrière,,,,,,,,,,,1,1,3,1.0,2.0
201800001375,0018-10-30 15:10:00,18,10,30,15,10,160,58,route du solençon,45.71311,-0.31748,Plein jour,Hors agglomération,Intersection en T,Normale,Deux véhicules - côté,,,,,,,,,,,1,1,3,1.0,3.0
201800001376,0018-05-03 10:01:00,18,5,3,10,1,160,163,Route d'echallat,45.67553,0.00705,Plein jour,Hors agglomération,Intersection en Y,Normale,Deux véhicules - côté,,,,,,,,,,,1,1,4,1.0,3.0
201800001377,0018-06-22 12:15:00,18,6,22,12,15,160,348,Les Bitardieres,45.64485,0.03011,Plein jour,Hors agglomération,Hors intersection,Normale,Autre collision,,,,,,,,,,,1,1,1,1.0,6.0
201800001378,0018-06-27 16:45:00,18,6,27,16,45,160,234,Malvieille,45.67532,-0.02808,Plein jour,Hors agglomération,Hors intersection,Temps éblouissant,Deux véhicules - côté,,,,,,,,,,,1,1,1,7.0,3.0
201800001379,0018-08-02 20:15:00,18,8,2,20,15,160,320,,45.7637,0.03537,Crépuscule ou aube,Hors agglomération,Hors intersection,Normale,Deux véhicules - arrière,,,,,,,,,,,2,1,1,1.0,2.0
201800001380,0018-09-12 12:15:00,18,9,12,12,15,160,187,LD Les Betonnieres,45.65104,0.08351,Plein jour,En agglomération,Hors intersection,Normale,Autre collision,,,,,,,,,,,1,2,1,1.0,6.0
201800001381,0018-10-17 19:53:00,18,10,17,19,53,160,138,route de Vibrac,45.65009,0.0942,Nuit avec éclairage allumé,En agglomération,Intersection en T,Normale,Deux véhicules - côté,,,,,,,,,,,5,2,3,1.0,3.0
201800001382,0018-01-13 00:50:00,18,1,13,0,50,170,121,chemin des brardes,46.20076,-1.44887,Nuit sans éclairage public,En agglomération,Intersection en X,Normale,Autre collision,,,,,,,,,,,3,2,2,1.0,6.0
201800001383,0018-04-12 19:00:00,18,4,12,19,0,170,360,route du paradis,46.15713,-1.31958,Plein jour,Hors agglomération,Hors intersection,Normale,Deux véhicules - arrière,,,,,,,,,,,1,1,1,1.0,2.0
201800001384,0018-04-24 01:56:00,18,4,24,1,56,170,121,route d'ars rd735,46.20174,-1.44801,Nuit sans éclairage public,Hors agglomération,Intersection en X,Normale,Deux véhicules - côté,,,,,,,,,,,3,1,2,1.0,3.0
201800001385,0018-04-24 21:45:00,18,4,24,21,45,170,297,297 avenue de la grande,46.17112,-1.28397,Nuit avec éclairage allumé,En agglomération,Hors intersection,Normale,Deux véhicules - arrière,,,,,,,,,,,5,2,1,1.0,2.0
201800001386,0018-04-26 12:50:00,18,4,26,12,50,170,161,départemental 735,46.18997,-1.34608,Plein jour,Hors agglomération,Hors intersection,Normale,Sans collision,,,,,,,,,,,1,1,1,1.0,7.0
201800001387,0018-05-12 02:15:00,18,5,12,2,15,170,51,D735,46.20002,-1.40548,Nuit sans éclairage public,Hors agglomération,Hors intersection,Normale,Deux véhicules - arrière,,,,,,,,,,,3,1,1,1.0,2.0
201800001388,0018-05-22 16:00:00,18,5,22,16,0,170,161,CD 201 E1,46.17856,-1.3329,Plein jour,Hors agglomération,Hors intersection,Normale,Trois véhicules et plus - collisions multiples,,,,,,,,,,,1,1,1,1.0,5.0
201800001389,0018-05-26 08:30:00,18,5,26,8,30,170,51,chemin des marattes,46.19272,-1.40451,Plein jour,En agglomération,Intersection en X,Normale,Deux véhicules - côté,,,,,,,,,,,1,2,2,1.0,3.0
201800001390,0018-05-15 11:20:00,18,5,15,11,20,170,51,Piste cyclable n° LB 181,46.18291,-1.37677,Plein jour,En agglomération,Hors intersection,Normale,Sans collision,,,,,,,,,,,1,2,1,1.0,7.0
201800001391,0018-06-05 12:20:00,18,6,5,12,20,170,297,carrefour du defend ET D,46.15276,-1.28246,Plein jour,Hors agglomération,Intersection en X,Normale,Deux véhicules - côté,,,,,,,,,,,1,1,2,1.0,3.0
201800001392,0018-07-27 10:50:00,18,7,27,10,50,170,369,route de saint martin,46.19373,-1.36958,Plein jour,Hors agglomération,Intersection en X,Normale,Deux véhicules - frontale,,,,,,,,,,,1,1,2,1.0,1.0
201800001393,0018-08-07 18:45:00,18,8,7,18,45,170,369,croisement D 735 -route,46.19973,-1.38877,Plein jour,Hors agglomération,Intersection en X,Normale,Trois véhicules et plus - collisions multiples,,,,,,,,,,,1,1,2,1.0,5.0
201800001394,0018-08-14 17:30:00,18,8,14,17,30,170,286,47 avenue des salines,46.24704,-1.50227,Plein jour,En agglomération,Hors intersection,Normale,Autre collision,,,,,,,,,,,1,2,1,1.0,6.0
201800001395,0018-08-21 05:30:00,18,8,21,5,30,170,121,RD735,46.20328,-1.45739,Nuit sans éclairage public,Hors agglomération,Hors intersection,Normale,Deux véhicules - arrière,,,,,,,,,,,3,1,1,1.0,2.0
201800001396,0018-08-22 11:30:00,18,8,22,11,30,170,51,chemin du grands bois ja,46.17514,-1.3681,Plein jour,Hors agglomération,Hors intersection,Normale,Autre collision,,,,,,,,,,,1,1,1,1.0,6.0
201800001397,0018-08-25 23:40:00,18,8,25,23,40,170,369,D735,46.19985,-1.39053,Nuit sans éclairage public,Hors agglomération,Hors intersection,Normale,Trois véhicules et plus - collisions multiples,,,,,,,,,,,3,1,1,1.0,5.0
201800001398,0018-12-11 01:10:00,18,12,11,1,10,170,121,LIEU DIT LA PASSE - GIRA,46.20375,-1.46009,Nuit avec éclairage non allumé,En agglomération,Giratoire,Normale,Autre collision,,,,,,,,,,,4,2,6,1.0,6.0
201800001399,0018-03-15 19:45:00,18,3,15,19,45,170,74,le bourg,45.21218,-0.37017,Nuit avec éclairage allumé,En agglomération,Intersection en X,Normale,Deux véhicules - côté,,,,,,,,,,,5,2,2,1.0,3.0
201800001400,0018-03-29 16:10:00,18,3,29,16,10,170,378,D156,45.27003,-0.21529,Plein jour,Hors agglomération,Hors intersection,Normale,Deux véhicules - frontale,,,,,,,,,,,1,1,1,1.0,1.0
201800001401,0018-04-20 15:45:00,18,4,20,15,45,170,240,RD 145 - Avenue de Onda,45.26997,-0.4015,Plein jour,Hors agglomération,Hors intersection,Normale,Autre collision,,,,,,,,,,,1,1,1,1.0,6.0
201800001402,0018-05-20 18:05:00,18,5,20,18,5,170,240,"Route de Vallet, ld Les",45.28809,-0.3839,Plein jour,Hors agglomération,Intersection en X,Normale,Deux véhicules - arrière,,,,,,,,,,,1,1,2,1.0,2.0
201800001403,0018-06-26 11:40:00,18,6,26,11,40,170,38,D158 - lieu-dit bois noi,45.15996,-0.32145,Plein jour,Hors agglomération,Hors intersection,Autre,Deux véhicules - frontale,,,,,,,,,,,1,1,1,9.0,1.0
201800001404,0018-08-09 01:00:00,18,8,9,1,0,170,38,Route des bruyères,45.17042,-0.29899,Nuit sans éclairage public,Hors agglomération,Hors intersection,Pluie légère,Autre collision,,,,,,,,,,,3,1,1,2.0,6.0
201800001405,0018-09-05 10:00:00,18,9,5,10,0,170,243,Lieu Dit Vrignon,45.21379,-0.28939,Plein jour,Hors agglomération,Intersection en T,Normale,Deux véhicules - côté,,,,,,,,,,,1,1,3,1.0,3.0
201800001406,0018-09-07 18:50:00,18,9,7,18,50,170,38,D158 - Lieu-dit bois noi,45.16002,-0.32129,Plein jour,Hors agglomération,Hors intersection,Normale,Autre collision,,,,,,,,,,,1,1,1,1.0,6.0
201800001407,0018-12-01 19:15:00,18,12,1,19,15,170,240,route de Chardes - Lieu,45.29082,-0.39969,Nuit avec éclairage allumé,En agglomération,Hors intersection,Pluie forte,Sans collision,,,,,,,,,,,5,2,1,3.0,7.0
201800001408,0018-04-21 15:05:00,18,4,21,15,5,170,219,rue des Martyrs,45.81631,-1.11193,Plein jour,Hors agglomération,Hors intersection,Normale,Deux véhicules - arrière,,,,,,,,,,,1,1,1,1.0,2.0
201800001409,0018-04-23 12:20:00,18,4,23,12,20,170,58,RD26,45.84592,-1.15939,Plein jour,En agglomération,Hors intersection,Normale,Deux véhicules - arrière,,,,,,,,,,,1,2,1,1.0,2.0
201800001410,0018-05-05 16:10:00,18,5,5,16,10,170,219,Départementale 728,45.83098,-1.1149,Plein jour,Hors agglomération,Intersection en X,Normale,Deux véhicules - côté,,,,,,,,,,,1,1,2,1.0,3.0
201800001411,0018-05-09 02:00:00,18,5,9,2,0,170,351,D18,45.79896,-1.0144,Nuit sans éclairage public,Hors agglomération,Hors intersection,Normale,Autre collision,,,,,,,,,,,3,1,1,1.0,6.0
201800001412,0018-05-22 08:35:00,18,5,22,8,35,170,219,rue georges clémenceau,45.82545,-1.10971,Plein jour,En agglomération,Hors intersection,Normale,Deux véhicules - arrière,,,,,,,,,,,1,2,1,1.0,2.0
201800001413,0018-05-30 06:45:00,18,5,30,6,45,170,265,RD 131,45.75613,-0.98415,Plein jour,Hors agglomération,Intersection en X,Normale,Deux véhicules - côté,,,,,,,,,,,1,1,2,1.0,3.0
201800001414,0018-10-11 20:10:00,18,10,11,20,10,170,185,D1 - lieu dit Mon désir,45.7161,-0.93249,Nuit sans éclairage public,Hors agglomération,Hors intersection,Normale,Deux véhicules - frontale,,,,,,,,,,,3,1,1,1.0,1.0
201800001415,0018-11-22 19:40:00,18,11,22,19,40,170,219,Intersection D728 / D3,45.8296,-1.09797,Nuit avec éclairage allumé,En agglomération,Intersection en X,Normale,Deux véhicules - côté,,,,,,,,,,,5,2,2,1.0,3.0
201800001416,0018-12-03 15:20:00,18,12,3,15,20,170,219,D 728,45.83081,-1.10739,Plein jour,Hors agglomération,Hors intersection,Normale,Deux véhicules - frontale,,,,,,,,,,,1,1,1,1.0,1.0
201800001417,0018-12-05 12:45:00,18,12,5,12,45,170,219,D728,45.83096,-1.1149,Plein jour,En agglomération,Intersection en X,Normale,Deux véhicules - côté,,,,,,,,,,,1,2,2,1.0,3.0
201800001418,0018-01-18 07:35:00,18,1,18,7,35,170,146,rue de l'espérance,45.90276,-0.95959,Crépuscule ou aube,En agglomération,Giratoire,Pluie légère,Autre collision,,,,,,,,,,,2,2,6,2.0,6.0
201800001419,0018-03-18 10:00:00,18,3,18,10,0,170,308,D733,45.8441,-0.95031,Plein jour,Hors agglomération,Hors intersection,Normale,Trois véhicules et plus - collisions multiples,,,,,,,,,,,1,1,1,1.0,5.0
201800001420,0018-06-27 15:10:00,18,6,27,15,10,170,348,D733 E2,45.83411,-0.94182,Plein jour,Hors agglomération,Intersection en X,Normale,Deux véhicules - arrière,,,,,,,,,,,1,1,2,1.0,2.0
201800001421,0018-07-16 15:26:00,18,7,16,15,26,170,429,lieu dit la mornéterie,45.90682,-1.00602,Plein jour,Hors agglomération,Hors intersection,Normale,Autre collision,,,,,,,,,,,1,1,1,1.0,6.0
201800001422,0018-07-23 07:23:00,18,7,23,7,23,170,308,D 733,45.86686,-0.96948,Plein jour,Hors agglomération,Hors intersection,Normale,Sans collision,,,,,,,,,,,1,1,1,1.0,7.0
201800001423,0018-07-28 19:15:00,18,7,28,19,15,170,375,Lieu dit La fosse aux ma,45.94971,-1.0504,Plein jour,Hors agglomération,Hors intersection,Normale,Sans collision,,,,,,,,,,,1,1,1,1.0,7.0
201800001424,0018-08-27 11:40:00,18,8,27,11,40,170,429,Lieu dit Four de l'Orang,45.91209,-0.98405,Plein jour,Hors agglomération,Intersection en X,Pluie légère,Deux véhicules - côté,,,,,,,,,,,1,1,2,2.0,3.0
201800001425,0018-11-09 19:30:00,18,11,9,19,30,170,308,RD 733 E2 / RD 123,45.87139,-0.96004,Nuit avec éclairage allumé,En agglomération,Intersection en X,Pluie légère,Deux véhicules - frontale,,,,,,,,,,,5,2,2,2.0,1.0
201800001426,0018-01-11 23:00:00,18,1,11,23,0,170,100,route du Martret,45.70149,-0.43661,Nuit sans éclairage public,Hors agglomération,Hors intersection,Normale,Autre collision,,,,,,,,,,,3,1,1,1.0,6.0
201800001427,0018-01-24 06:45:00,18,1,24,6,45,170,148,D236 E3,45.79366,-0.66721,Nuit sans éclairage public,Hors agglomération,Hors intersection,Pluie légère,Sans collision,,,,,,,,,,,3,1,1,2.0,7.0
201800001428,0018-04-07 17:00:00,18,4,7,17,0,170,86,route des vignerons,45.73406,-0.55759,Plein jour,En agglomération,Intersection en X,Normale,Deux véhicules - côté,,,,,,,,,,,1,2,2,1.0,3.0
201800001429,0018-06-02 12:25:00,18,6,2,12,25,170,143,Les Pinarderies RD 150,45.817,-0.54637,Plein jour,Hors agglomération,Intersection en X,Normale,Deux véhicules - frontale,,,,,,,,,,,1,1,2,1.0,1.0
201800001430,0018-06-24 20:50:00,18,6,24,20,50,170,128,rue Molière,45.70455,-0.56385,Plein jour,Hors agglomération,Intersection en T,Normale,Deux véhicules - côté,,,,,,,,,,,1,1,3,1.0,3.0
201800001431,0018-07-05 21:15:00,18,7,5,21,15,170,191,D 137,45.64068,-0.57979,Crépuscule ou aube,Hors agglomération,Intersection en X,Normale,Deux véhicules - côté,,,,,,,,,,,2,1,2,1.0,3.0
201800001432,0018-08-30 17:55:00,18,8,30,17,55,170,86,Intersection RN141 / che,45.72929,-0.52736,Plein jour,Hors agglomération,Intersection en X,Normale,Deux véhicules - arrière,,,,,,,,,,,1,1,2,1.0,2.0
201800001433,0018-09-03 18:00:00,18,9,3,18,0,170,102,rue des DOUTEAUX,45.69283,-0.66552,Plein jour,Hors agglomération,Intersection en T,Normale,Sans collision,,,,,,,,,,,1,1,3,1.0,7.0
201800001434,0018-08-28 07:32:00,18,8,28,7,32,170,462,rd 129 route d'ecoyeux,45.77529,-0.5628,Plein jour,Hors agglomération,Hors intersection,Normale,Deux véhicules - frontale,,,,,,,,,,,1,1,1,1.0,1.0
201800001435,0018-10-05 14:55:00,18,10,5,14,55,170,86,Le Maine Allain - RN 141,45.7444,-0.55863,Plein jour,Hors agglomération,Hors intersection,Normale,Deux véhicules - frontale,,,,,,,,,,,1,1,1,1.0,1.0
201800001436,0018-10-05 22:35:00,18,10,5,22,35,170,336,Rue du parc,45.76651,-0.71296,Nuit avec éclairage allumé,En agglomération,Hors intersection,Normale,Sans collision,,,,,,,,,,,5,2,1,1.0,7.0
201800001437,0018-10-21 10:05:00,18,10,21,10,5,170,164,RD 114,45.77473,-0.62191,Plein jour,Hors agglomération,Hors intersection,Temps éblouissant,Deux véhicules - arrière,,,,,,,,,,,1,1,1,7.0,2.0
201800001438,0018-11-28 14:45:00,18,11,28,14,45,170,462,voie romaine,45.77966,-0.54814,Plein jour,En agglomération,Hors intersection,Normale,Deux véhicules - arrière,,,,,,,,,,,1,2,1,1.0,2.0
201800001439,0018-12-08 03:10:00,18,12,8,3,10,170,275,12 route de Royan,45.72959,-0.72135,Nuit sans éclairage public,En agglomération,Hors intersection,Pluie légère,Autre collision,,,,,,,,,,,3,2,1,2.0,6.0
201800001440,0018-12-30 16:30:00,18,12,30,16,30,170,86,devant le 97A rue Alain,45.72721,-0.58067,Plein jour,Hors agglomération,Intersection en T,Normale,Deux véhicules - côté,,,,,,,,,,,1,1,3,1.0,3.0
201800001441,0018-01-27 18:45:00,18,1,27,18,45,170,220,D142,45.52533,-0.4763,Nuit sans éclairage public,En agglomération,Hors intersection,Normale,Deux véhicules - frontale,,,,,,,,,,,3,2,1,1.0,1.0
201800001442,0018-02-04 18:15:00,18,2,4,18,15,170,273,RD732 - Lieu-dit Sainte,45.64062,-0.4354,Nuit sans éclairage public,Hors agglomération,Hors intersection,Temps couvert,Deux véhicules - frontale,,,,,,,,,,,3,1,1,8.0,1.0
201800001443,0018-01-30 19:40:00,18,1,30,19,40,170,283,D249 route de saint lége,45.59763,-0.5579,Nuit sans éclairage public,Hors agglomération,Intersection en X,Normale,Deux véhicules - côté,,,,,,,,,,,3,1,2,1.0,3.0
201800001444,0018-03-19 10:45:00,18,3,19,10,45,170,283,route de colombiers,45.58774,-0.54094,Plein jour,En agglomération,Hors intersection,Pluie forte,Deux véhicules - frontale,,,,,,,,,,,1,2,1,3.0,1.0
201800001445,0018-07-24 09:40:00,18,7,24,9,40,170,78,carrefour RD146 / RD146E,45.53307,-0.46193,Plein jour,Hors agglomération,Intersection à plus de 4 branches,Normale,Deux véhicules - côté,,,,,,,,,,,1,1,5,1.0,3.0