accident_id,datetime,annee,mois,jour,heure,minute,departement,commune_insee,adresse,latitude,longitude,luminosite,agglomeration,intersection,meteo,collision,nb_vehicules,nb_usagers,nb_indemnes,nb_tues,nb_blesses_hosp,nb_blesses_legers,age_cond_1,age_cond_2,veh_type_cond_1,veh_type_cond_2,lum_code,agg_code,int_code,atm_code,col_code
201800001446,0018-08-08 04:13:00,18,8,8,4,13,170,418,RD 732,45.65972,-0.41613,Nuit sans éclairage public,Hors agglomération,Hors intersection,Normale,Autre collision,,,,,,,,,,,3,1,1,1.0,6.0
201800001447,0018-10-06 18:58:00,18,10,6,18,58,170,283,RD 137,45.56855,-0.55581,Plein jour,Hors agglomération,Hors intersection,Temps couvert,Deux véhicules - côté,,,,,,,,,,,1,1,1,8.0,3.0
201800001448,0018-10-20 06:20:00,18,10,20,6,20,170,145,Les peurits RD700,45.57564,-0.43065,Nuit sans éclairage public,Hors agglomération,Hors intersection,Normale,Autre collision,,,,,,,,,,,3,1,1,1.0,6.0
201800001449,0018-10-21 12:55:00,18,10,21,12,55,170,242,Hameau de Bellevue D134,45.64847,-0.5254,Plein jour,Hors agglomération,Intersection en X,Normale,Deux véhicules - côté,,,,,,,,,,,1,1,2,1.0,3.0
201800001450,0018-11-17 14:40:00,18,11,17,14,40,170,400,carrefour D128 - D134,45.69631,-0.52845,Plein jour,En agglomération,Intersection en X,Temps couvert,Deux véhicules - côté,,,,,,,,,,,1,2,2,8.0,3.0
201800001451,0018-03-09 16:20:00,18,3,9,16,20,170,393,La Gare,45.68874,-0.84355,Plein jour,Hors agglomération,Hors intersection,Normale,Deux véhicules - côté,,,,,,,,,,,1,1,1,1.0,3.0
201800001452,0018-05-20 11:05:00,18,5,20,11,5,170,421,Rue des ecluses,45.67431,-0.93308,Plein jour,En agglomération,Hors intersection,Normale,Autre collision,,,,,,,,,,,1,2,1,1.0,6.0
201800001453,0018-06-30 19:10:00,18,6,30,19,10,170,393,RD 136 -,45.67966,-0.87075,Plein jour,Hors agglomération,Hors intersection,Normale,Autre collision,,,,,,,,,,,1,1,1,1.0,6.0
201800001454,0018-06-07 11:50:00,18,6,7,11,50,170,393,route de jargandy,45.72192,-0.85452,Plein jour,Hors agglomération,Intersection en X,Normale,Deux véhicules - côté,,,,,,,,,,,1,1,2,1.0,3.0
201800001455,0018-12-18 06:10:00,18,12,18,6,10,170,228,Chaillonnais,45.66215,-0.94642,Nuit sans éclairage public,Hors agglomération,Intersection en T,Pluie légère,Deux véhicules - côté,,,,,,,,,,,3,1,3,2.0,3.0
201800001456,0018-03-17 22:30:00,18,3,17,22,30,790,276,,46.38679,-0.19983,Nuit sans éclairage public,Hors agglomération,Hors intersection,Normale,Deux véhicules - côté,,,,,,,,,,,3,1,1,1.0,3.0
201800001457,0018-03-31 10:50:00,18,3,31,10,50,790,20,,46.43833,-0.28034,Plein jour,Hors agglomération,Hors intersection,Pluie légère,Deux véhicules - côté,,,,,,,,,,,1,1,1,2.0,3.0
201800001458,0018-05-14 13:45:00,18,5,14,13,45,790,114,,46.44982,-0.16036,Plein jour,Hors agglomération,Hors intersection,Pluie légère,Deux véhicules - frontale,,,,,,,,,,,1,1,1,2.0,1.0
201800001459,0018-05-24 22:20:00,18,5,24,22,20,790,48,,46.37372,-0.28297,Nuit sans éclairage public,Hors agglomération,Hors intersection,Normale,Autre collision,,,,,,,,,,,3,1,1,1.0,6.0
201800001460,0018-06-22 16:15:00,18,6,22,16,15,790,270,AVENUE GAMBETTA,46.41327,-0.20548,Plein jour,En agglomération,Intersection en X,Normale,Autre collision,,,,,,,,,,,1,2,2,1.0,6.0
201800001461,0018-08-20 17:35:00,18,8,20,17,35,790,48,,46.35351,-0.30776,Plein jour,En agglomération,Intersection en X,Normale,Deux véhicules - frontale,,,,,,,,,,,1,2,2,1.0,1.0
201800001462,0018-10-23 21:00:00,18,10,23,21,0,790,48,,46.35341,-0.30774,Nuit avec éclairage allumé,En agglomération,Intersection en X,Normale,Deux véhicules - côté,,,,,,,,,,,5,2,2,1.0,3.0
201800001463,0018-10-26 08:55:00,18,10,26,8,55,790,189,,46.42678,-0.152,Plein jour,En agglomération,Hors intersection,Normale,Autre collision,,,,,,,,,,,1,2,1,1.0,6.0
201800001464,0018-12-01 01:30:00,18,12,1,1,30,790,48,,46.36947,-0.28987,Nuit avec éclairage allumé,En agglomération,Giratoire,Normale,Autre collision,,,,,,,,,,,5,2,6,1.0,6.0
201800001465,0018-01-23 09:00:00,18,1,23,9,0,790,38,,46.77897,-0.4439,Plein jour,Hors agglomération,Hors intersection,Pluie légère,Autre collision,,,,,,,,,,,1,1,1,2.0,6.0
201800001466,0018-02-14 23:00:00,18,2,14,23,0,790,116,,46.8352,-0.29702,Nuit sans éclairage public,Hors agglomération,Hors intersection,Pluie légère,Autre collision,,,,,,,,,,,3,1,1,2.0,6.0
201800001467,0018-03-17 16:43:00,18,3,17,16,43,790,49,"LD ""CHAMBROUTET""",46.9005,-0.47227,Plein jour,Hors agglomération,Hors intersection,Neige / grêle,Trois véhicules et plus - collisions multiples,,,,,,,,,,,1,1,1,4.0,5.0
201800001468,0018-04-16 12:15:00,18,4,16,12,15,790,88,,46.81495,-0.39688,Plein jour,Hors agglomération,Intersection en X,Normale,Deux véhicules - côté,,,,,,,,,,,1,1,2,1.0,3.0
201800001469,0018-05-11 16:03:00,18,5,11,16,3,790,49,36 RUE DE MALABRY,46.84114,-0.4853,Plein jour,En agglomération,Hors intersection,Normale,Trois véhicules et plus - collisions multiples,,,,,,,,,,,1,2,1,1.0,5.0
201800001470,0018-05-13 19:45:00,18,5,13,19,45,790,49,25 BD DE LA REPUBLIQUE,46.83461,-0.494,Plein jour,En agglomération,Intersection en X,Normale,Deux véhicules - côté,,,,,,,,,,,1,2,2,1.0,3.0
201800001471,0018-05-20 18:30:00,18,5,20,18,30,790,49,BOULEVARD DE L'EUROPE,46.83498,-0.48151,Plein jour,En agglomération,Giratoire,Normale,Trois véhicules et plus - collisions multiples,,,,,,,,,,,1,2,6,1.0,5.0
201800001472,0018-05-30 06:27:00,18,5,30,6,27,790,116,,46.83328,-0.37618,Crépuscule ou aube,Hors agglomération,Intersection en T,Temps couvert,Deux véhicules - arrière,,,,,,,,,,,2,1,3,8.0,2.0
201800001473,0018-06-10 11:30:00,18,6,10,11,30,790,49,,46.87007,-0.49781,Plein jour,Hors agglomération,Autre intersection,Normale,Sans collision,,,,,,,,,,,1,1,9,1.0,7.0
201800001474,0018-06-27 15:10:00,18,6,27,15,10,790,49,RUE DE NIORT,46.82201,-0.4929,Plein jour,Hors agglomération,Hors intersection,Normale,Deux véhicules - frontale,,,,,,,,,,,1,1,1,1.0,1.0
201800001475,0018-07-23 22:15:00,18,7,23,22,15,790,49,ROUTE DE NANTES,46.8397,-0.50731,Nuit avec éclairage allumé,En agglomération,Hors intersection,Normale,Autre collision,,,,,,,,,,,5,2,1,1.0,6.0
201800001476,0018-09-27 10:55:00,18,9,27,10,55,790,49,41 BOULEVARD DE POITIERS,46.83884,-0.48475,Plein jour,En agglomération,Autre intersection,Temps éblouissant,Autre collision,,,,,,,,,,,1,2,9,7.0,6.0
201800001477,0018-10-23 07:40:00,18,10,23,7,40,790,88,62 ROUTE DE PARTHENAY,46.79261,-0.34869,Nuit avec éclairage allumé,En agglomération,Intersection en T,Normale,Deux véhicules - côté,,,,,,,,,,,5,2,3,1.0,3.0
201800001478,0018-10-25 06:40:00,18,10,25,6,40,790,49,,46.87749,-0.47977,Nuit sans éclairage public,Hors agglomération,Hors intersection,Normale,Deux véhicules - frontale,,,,,,,,,,,3,1,1,1.0,1.0
201800001479,0018-11-06 08:45:00,18,11,6,8,45,790,49,CH DE LA ROCHE GILBERT,46.87116,-0.40496,Plein jour,Hors agglomération,Hors intersection,Pluie légère,Deux véhicules - frontale,,,,,,,,,,,1,1,1,2.0,1.0
201800001480,0018-11-01 12:10:00,18,11,1,12,10,790,88,,46.82217,-0.41267,Plein jour,Hors agglomération,Autre intersection,Normale,Deux véhicules - arrière,,,,,,,,,,,1,1,9,1.0,2.0
201800001481,0018-03-15 14:01:00,18,3,15,14,1,870,142,LES SAGNES,45.7778,1.50304,Plein jour,Hors agglomération,Hors intersection,Normale,Deux véhicules - frontale,,,,,,,,,,,1,1,1,1.0,1.0
201800001482,0018-08-18 11:35:00,18,8,18,11,35,870,161,AVENUE DU CHAMP DE MARS,45.8369,1.4912,Plein jour,En agglomération,Hors intersection,Normale,Autre collision,,,,,,,,,,,1,2,1,1.0,6.0
201800001483,0018-09-15 15:10:00,18,9,15,15,10,870,156,LIEU DIT LE VERDEAU,45.847,1.38393,Plein jour,Hors agglomération,Intersection en X,Normale,Deux véhicules - côté,,,,,,,,,,,1,1,2,1.0,3.0
201800001484,0018-12-11 19:30:00,18,12,11,19,30,870,156,ROUTE DU CHATEAU D'EAU,45.8563,1.36102,Nuit sans éclairage public,Hors agglomération,Hors intersection,Autre,Autre collision,,,,,,,,,,,3,1,1,9.0,6.0
201800001485,0018-02-09 17:21:00,18,2,9,17,21,190,227,le bois michou,45.26924,1.69564,Nuit sans éclairage public,Hors agglomération,Hors intersection,Neige / grêle,Deux véhicules - frontale,,,,,,,,,,,3,1,1,4.0,1.0
201800001486,0018-03-11 06:45:00,18,3,11,6,45,190,38,RD 1089,45.23041,1.71444,Crépuscule ou aube,Hors agglomération,Hors intersection,Brouillard / fumée,Autre collision,,,,,,,,,,,2,1,1,5.0,6.0
201800001487,0018-03-16 21:30:00,18,3,16,21,30,190,211,RD1089,45.18385,1.65701,Nuit sans éclairage public,Hors agglomération,Hors intersection,Normale,Deux véhicules - frontale,,,,,,,,,,,3,1,1,1.0,1.0
201800001488,0018-09-15 20:00:00,18,9,15,20,0,190,227,Lieu dit la fond de l'Ho,45.28305,1.66251,Crépuscule ou aube,Hors agglomération,Hors intersection,Normale,Autre collision,,,,,,,,,,,2,1,1,1.0,6.0
201800001489,0018-12-03 18:00:00,18,12,3,18,0,190,146,44 route Nationale,45.31617,1.77017,Nuit avec éclairage allumé,En agglomération,Hors intersection,Pluie forte,Autre collision,,,,,,,,,,,5,2,1,3.0,6.0
201800001490,0018-03-08 09:15:00,18,3,8,9,15,310,417,RN 124,43.62599,1.25847,Plein jour,Hors agglomération,Hors intersection,Normale,Deux véhicules - arrière,,,,,,,,,,,1,1,1,1.0,2.0
201800001491,0018-05-27 13:34:00,18,5,27,13,34,310,339,Intersection route natio,43.63714,1.15044,Plein jour,Hors agglomération,Hors intersection,Normale,Deux véhicules - arrière,,,,,,,,,,,1,1,1,1.0,2.0
201800001492,0018-06-09 17:50:00,18,6,9,17,50,310,291,ROUTE DE TOULOUSE,43.60027,1.24168,Plein jour,En agglomération,Intersection en X,Normale,Deux véhicules - côté,,,,,,,,,,,1,2,2,1.0,3.0
201800001493,0018-06-16 15:45:00,18,6,16,15,45,310,291,RD65A,43.57222,1.23525,Plein jour,Hors agglomération,Hors intersection,Normale,Deux véhicules - frontale,,,,,,,,,,,1,1,1,1.0,1.0
201800001494,0018-06-23 21:30:00,18,6,23,21,30,310,417,"RN 124, pk 13",43.62599,1.25847,Nuit sans éclairage public,Hors agglomération,Hors intersection,Normale,Autre collision,,,,,,,,,,,3,1,1,1.0,6.0
201800001495,0018-07-09 16:15:00,18,7,9,16,15,310,417,RD 24,43.63001,1.23847,Plein jour,Hors agglomération,Autre intersection,Normale,Deux véhicules - côté,,,,,,,,,,,1,1,9,1.0,3.0
201800001496,0018-07-09 16:45:00,18,7,9,16,45,310,417,211 Route de Lévignac,43.62874,1.23978,Plein jour,Hors agglomération,Hors intersection,Temps éblouissant,Deux véhicules - côté,,,,,,,,,,,1,1,1,7.0,3.0
201800001497,0018-08-19 07:00:00,18,8,19,7,0,310,417,RN 124,43.60445,1.28312,Crépuscule ou aube,Hors agglomération,Hors intersection,Normale,Autre collision,,,,,,,,,,,2,1,1,1.0,6.0
201800001498,0018-09-07 10:11:00,18,9,7,10,11,310,417,route de lévignac,43.63338,1.23393,Plein jour,Hors agglomération,Autre intersection,Normale,Trois véhicules et plus - en chaîne,,,,,,,,,,,1,1,9,1.0,4.0
201800001499,0018-09-30 00:10:00,18,9,30,0,10,310,417,Route de Lévignac,43.63005,1.23811,Nuit avec éclairage non allumé,Hors agglomération,Autre intersection,Normale,Deux véhicules - frontale,,,,,,,,,,,4,1,9,1.0,1.0
201800001500,0018-10-01 07:25:00,18,10,1,7,25,310,291,RN124,43.60599,1.30286,Plein jour,Hors agglomération,Hors intersection,Temps éblouissant,Trois véhicules et plus - en chaîne,,,,,,,,,,,1,1,1,7.0,4.0
201800001501,0018-10-11 09:16:00,18,10,11,9,16,310,417,"RN 124, à proximité sort",43.62599,1.25847,Plein jour,Hors agglomération,Hors intersection,Normale,Trois véhicules et plus - en chaîne,,,,,,,,,,,1,1,1,1.0,4.0
201800001502,0018-11-05 21:00:00,18,11,5,21,0,310,291,N124,43.5811,1.22999,Nuit sans éclairage public,Hors agglomération,Hors intersection,Normale,Autre collision,,,,,,,,,,,3,1,1,1.0,6.0
201800001503,0018-11-19 11:10:00,18,11,19,11,10,310,339,Route Saint-Antoine,43.62733,1.15407,Plein jour,Hors agglomération,Hors intersection,Normale,Deux véhicules - côté,,,,,,,,,,,1,1,1,1.0,3.0
201800001504,0018-11-28 20:15:00,18,11,28,20,15,310,417,Rue des frères,43.61613,1.29081,Nuit avec éclairage allumé,En agglomération,Intersection en T,Normale,Deux véhicules - frontale,,,,,,,,,,,5,2,3,1.0,1.0
201800001505,0018-02-23 23:10:00,18,2,23,23,10,310,433,route d'Espagne,43.53199,1.40684,Nuit sans éclairage public,En agglomération,Hors intersection,Normale,Sans collision,,,,,,,,,,,3,2,1,1.0,7.0
201800001506,0018-03-31 11:05:00,18,3,31,11,5,310,433,route d'espagne,43.53145,1.40635,Plein jour,En agglomération,Hors intersection,Pluie forte,Autre collision,,,,,,,,,,,1,2,1,3.0,6.0
201800001507,0018-06-20 13:55:00,18,6,20,13,55,310,433,"avenue de palarin, route",43.52523,1.38056,Plein jour,En agglomération,Intersection en T,Normale,Deux véhicules - arrière,,,,,,,,,,,1,2,3,1.0,2.0
201800001508,0018-06-26 11:30:00,18,6,26,11,30,310,433,route d'ax,43.51469,1.38732,Plein jour,En agglomération,Intersection en T,Temps éblouissant,Deux véhicules - côté,,,,,,,,,,,1,2,3,7.0,3.0
201800001509,0018-07-09 16:00:00,18,7,9,16,0,310,433,boulevard de l'Europe,43.53067,1.40447,Plein jour,Hors agglomération,Intersection en T,Normale,Deux véhicules - côté,,,,,,,,,,,1,1,3,1.0,3.0
201800001510,0018-08-10 22:37:00,18,8,10,22,37,310,433,rd15b,43.53416,1.38366,Nuit sans éclairage public,Hors agglomération,Hors intersection,Normale,Sans collision,,,,,,,,,,,3,1,1,1.0,7.0
201800001511,0018-10-12 19:00:00,18,10,12,19,0,310,433,ROUTE D'AX,43.51469,1.38732,Nuit avec éclairage allumé,En agglomération,Intersection en T,Pluie légère,Deux véhicules - côté,,,,,,,,,,,5,2,3,2.0,3.0
201800001512,0018-10-16 13:53:00,18,10,16,13,53,310,458,5 avenue des muriers,43.50523,1.36279,Plein jour,En agglomération,Hors intersection,Normale,Deux véhicules - côté,,,,,,,,,,,1,2,1,1.0,3.0
201800001513,0018-01-09 11:30:00,18,1,9,11,30,310,395,RUE D'OCCITANIE,43.46648,1.32769,Plein jour,En agglomération,Hors intersection,Normale,Autre collision,,,,,,,,,,,1,2,1,1.0,6.0
201800001514,0018-01-05 10:10:00,18,1,5,10,10,310,165,5 boulevard de la Leze,43.41601,1.37145,Plein jour,En agglomération,Hors intersection,Normale,Autre collision,,,,,,,,,,,1,2,1,1.0,6.0
201800001515,0018-01-24 10:50:00,18,1,24,10,50,310,395,74 avenue des Pyrénées,43.45645,1.32351,Plein jour,En agglomération,Hors intersection,Normale,Autre collision,,,,,,,,,,,1,2,1,1.0,6.0
201800001516,0018-01-25 12:00:00,18,1,25,12,0,310,395,24 avenue du général de,43.46934,1.3201,Plein jour,En agglomération,Hors intersection,Normale,Deux véhicules - côté,,,,,,,,,,,1,2,1,1.0,3.0
201800001517,0018-01-28 17:00:00,18,1,28,17,0,310,395,route de rieums // d3,43.46608,1.27763,Plein jour,Hors agglomération,Hors intersection,Normale,Sans collision,,,,,,,,,,,1,1,1,1.0,7.0
201800001518,0018-02-28 11:45:00,18,2,28,11,45,310,248,Route du Plantaurel,43.44425,1.38417,Plein jour,En agglomération,Hors intersection,Normale,Autre collision,,,,,,,,,,,1,2,1,1.0,6.0
201800001519,0018-03-18 17:00:00,18,3,18,17,0,310,263,chemin du font des horts,43.41621,1.38692,Plein jour,En agglomération,Hors intersection,Normale,Deux véhicules - frontale,,,,,,,,,,,1,2,1,1.0,1.0
201800001520,0018-04-12 17:00:00,18,4,12,17,0,310,165,Intersection D12 / D4,43.42035,1.37489,Crépuscule ou aube,Hors agglomération,Giratoire,Normale,Deux véhicules - côté,,,,,,,,,,,2,1,6,1.0,3.0
201800001521,0018-04-21 06:05:00,18,4,21,6,5,310,421,3 route de lacroix-falga,43.4538,1.52266,Crépuscule ou aube,Hors agglomération,Hors intersection,Normale,Deux véhicules - frontale,,,,,,,,,,,2,1,1,1.0,1.0
201800001522,0018-04-24 17:25:00,18,4,24,17,25,310,395,ROUTE DE RIEUMES,43.46633,1.2631,Plein jour,Hors agglomération,Hors intersection,Normale,Trois véhicules et plus - collisions multiples,,,,,,,,,,,1,1,1,1.0,5.0
201800001523,0018-06-06 19:35:00,18,6,6,19,35,310,165,D 56,43.45448,1.37114,Plein jour,Hors agglomération,Hors intersection,Temps couvert,Deux véhicules - frontale,,,,,,,,,,,1,1,1,8.0,1.0
201800001524,0018-07-06 11:55:00,18,7,6,11,55,310,395,Intersection Rue castelv,43.46376,1.33226,Plein jour,En agglomération,Hors intersection,Normale,Deux véhicules - côté,,,,,,,,,,,1,2,1,1.0,3.0
201800001525,0018-07-29 20:30:00,18,7,29,20,30,310,395,1 avenue du président vi,43.47006,1.3316,Crépuscule ou aube,En agglomération,Autre intersection,Temps éblouissant,Autre collision,,,,,,,,,,,2,2,9,7.0,6.0
201800001526,0018-09-06 14:50:00,18,9,6,14,50,310,287,Carrefour giratoire D15,43.39692,1.25525,Plein jour,En agglomération,Giratoire,Normale,Deux véhicules - côté,,,,,,,,,,,1,2,6,1.0,3.0
201800001527,0018-10-07 05:30:00,18,10,7,5,30,310,395,Pont de l'Europe,43.4614,1.33368,Nuit avec éclairage allumé,En agglomération,Hors intersection,Normale,Autre collision,,,,,,,,,,,5,2,1,1.0,6.0
201800001528,0018-11-14 16:45:00,18,11,14,16,45,310,395,Bretelle numéro 34 de l',43.4489,1.30882,Plein jour,En agglomération,Intersection en T,Normale,Deux véhicules - frontale,,,,,,,,,,,1,2,3,1.0,1.0
201800001529,0018-12-21 18:00:00,18,12,21,18,0,310,395,route de saubens,43.47132,1.35204,Nuit sans éclairage public,Hors agglomération,Hors intersection,Normale,Autre collision,,,,,,,,,,,3,1,1,1.0,6.0
201800001530,0018-03-04 07:20:00,18,3,4,7,20,310,384,CD 16,43.47941,1.57511,Plein jour,Hors agglomération,Hors intersection,Normale,Sans collision,,,,,,,,,,,1,1,1,1.0,7.0
201800001531,0018-03-15 02:00:00,18,3,15,2,0,310,4,route de Ticaille / CD 1,43.43618,1.60091,Nuit avec éclairage allumé,En agglomération,Hors intersection,Normale,Autre collision,,,,,,,,,,,5,2,1,1.0,6.0
201800001532,0018-05-25 17:10:00,18,5,25,17,10,310,381,D31,43.44746,1.57613,Plein jour,Hors agglomération,Hors intersection,Normale,Autre collision,,,,,,,,,,,1,1,1,1.0,6.0
201800001533,0018-06-10 17:30:00,18,6,10,17,30,310,4,D16,43.44148,1.59953,Crépuscule ou aube,Hors agglomération,Hors intersection,Pluie forte,Deux véhicules - frontale,,,,,,,,,,,2,1,1,3.0,1.0
201800001534,0018-08-29 17:00:00,18,8,29,17,0,310,48,chemin des esprits,43.45679,1.6139,Plein jour,En agglomération,Hors intersection,Normale,Deux véhicules - frontale,,,,,,,,,,,1,2,1,1.0,1.0
201800001535,0018-09-12 20:45:00,18,9,12,20,45,310,4,22 chemin de Toulouse,43.43933,1.59582,Nuit sans éclairage public,En agglomération,Hors intersection,Normale,Sans collision,,,,,,,,,,,3,2,1,1.0,7.0
201800001536,0018-02-18 12:30:00,18,2,18,12,30,90,293,RD 17,42.96037,1.49278,Plein jour,Hors agglomération,Hors intersection,Normale,Autre collision,,,,,,,,,,,1,1,1,1.0,6.0
201800001537,0018-04-21 16:00:00,18,4,21,16,0,90,99,RD117,42.97556,1.5798,Plein jour,Hors agglomération,Intersection en T,Normale,Deux véhicules - côté,,,,,,,,,,,1,1,3,1.0,3.0
201800001538,0018-05-07 10:45:00,18,5,7,10,45,90,71,RD 117 PK 50 + 990,43.00289,1.52927,Plein jour,Hors agglomération,Intersection en X,Normale,Deux véhicules - côté,,,,,,,,,,,1,1,2,1.0,3.0
201800001539,0018-11-24 15:10:00,18,11,24,15,10,90,273,D17,42.95943,1.571,Plein jour,Hors agglomération,Hors intersection,Normale,Sans collision,,,,,,,,,,,1,1,1,1.0,7.0
201800001540,0018-12-11 22:50:00,18,12,11,22,50,90,203,RD 117,43.00644,1.48422,Nuit sans éclairage public,Hors agglomération,Hors intersection,Normale,Deux véhicules - côté,,,,,,,,,,,3,1,1,1.0,3.0
201800001541,0018-03-06 12:10:00,18,3,6,12,10,90,160,avenue Jean Jaures,42.9322,1.84721,Plein jour,En agglomération,Hors intersection,Normale,Autre collision,,,,,,,,,,,1,2,1,1.0,6.0
201800001542,0018-02-16 15:15:00,18,2,16,15,15,90,250,D1,42.95907,1.76677,Plein jour,Hors agglomération,Hors intersection,Normale,Deux véhicules - frontale,,,,,,,,,,,1,1,1,1.0,1.0
201800001543,0018-03-13 19:15:00,18,3,13,19,15,90,160,rue de verdun,42.93288,1.84936,Nuit avec éclairage allumé,En agglomération,Intersection en T,Normale,Deux véhicules - côté,,,,,,,,,,,5,2,3,1.0,3.0
201800001544,0018-06-05 10:25:00,18,6,5,10,25,90,211,D9,42.87925,1.8421,Plein jour,Hors agglomération,Hors intersection,Normale,Deux véhicules - frontale,,,,,,,,,,,1,1,1,1.0,1.0
201800001545,0018-06-20 15:47:00,18,6,20,15,47,90,157,rue georges sand,42.96771,1.86717,Plein jour,En agglomération,Hors intersection,Normale,Deux véhicules - côté,,,,,,,,,,,1,2,1,1.0,3.0
201800001546,0018-09-09 06:00:00,18,9,9,6,0,90,157,D620 PK 5.900,42.96526,1.87252,Nuit avec éclairage allumé,En agglomération,Hors intersection,Normale,Autre collision,,,,,,,,,,,5,2,1,1.0,6.0
201800001547,0018-03-18 19:05:00,18,3,18,19,5,90,217,D 8,43.82391,1.5911,Nuit sans éclairage public,Hors agglomération,Hors intersection,Pluie légère,Deux véhicules - frontale,,,,,,,,,,,3,1,1,2.0,1.0
201800001548,0018-12-29 12:15:00,18,12,29,12,15,90,207,RN20,42.9265,1.63362,Plein jour,Hors agglomération,Hors intersection,Normale,Trois véhicules et plus - en chaîne,,,,,,,,,,,1,1,1,1.0,4.0
201800001549,0018-01-20 15:30:00,18,1,20,15,30,90,244,CD 119,43.07598,1.76274,Plein jour,Hors agglomération,Intersection en T,Pluie forte,Deux véhicules - frontale,,,,,,,,,,,1,1,3,3.0,1.0
201800001550,0018-02-27 20:00:00,18,2,27,20,0,90,194,D625,43.05901,1.8832,Nuit sans éclairage public,Hors agglomération,Hors intersection,Normale,Sans collision,,,,,,,,,,,3,1,1,1.0,7.0
201800001551,0018-03-26 11:12:00,18,3,26,11,12,90,194,D119,43.09133,1.87625,Plein jour,En agglomération,Intersection en T,Pluie légère,Deux véhicules - côté,,,,,,,,,,,1,2,3,2.0,3.0
201800001552,0018-04-27 22:45:00,18,4,27,22,45,90,213,parking salle des fêtes,43.07476,1.94405,Nuit avec éclairage allumé,Hors agglomération,Hors intersection,Normale,Deux véhicules - frontale,,,,,,,,,,,5,1,1,1.0,1.0
201800001553,0018-04-23 12:15:00,18,4,23,12,15,90,52,chemin de Montcabirol -,43.03512,1.86024,Plein jour,Hors agglomération,Hors intersection,Normale,Sans collision,,,,,,,,,,,1,1,1,1.0,7.0
201800001554,0018-06-27 20:10:00,18,6,27,20,10,90,161,D28A - La Plaine,42.98105,1.91673,Crépuscule ou aube,Hors agglomération,Hors intersection,Normale,Sans collision,,,,,,,,,,,2,1,1,1.0,7.0
201800001555,0018-09-01 17:35:00,18,9,1,17,35,90,74,"D7, PK 9",43.01867,1.96861,Plein jour,En agglomération,Hors intersection,Normale,Autre collision,,,,,,,,,,,1,2,1,1.0,6.0
201800001556,0018-09-14 13:55:00,18,9,14,13,55,90,274,D625 PK 14+903,43.0295,1.89662,Plein jour,Hors agglomération,Hors intersection,Normale,Trois véhicules et plus - collisions multiples,,,,,,,,,,,1,1,1,1.0,5.0
201800001557,0018-09-27 14:35:00,18,9,27,14,35,90,150,"D7,",43.03772,1.93463,Plein jour,Hors agglomération,Hors intersection,Normale,Deux véhicules - frontale,,,,,,,,,,,1,1,1,1.0,1.0
201800001558,0018-10-24 17:50:00,18,10,24,17,50,90,107,lieu dit roussinerge,43.04973,1.81856,Plein jour,Hors agglomération,Hors intersection,Normale,Autre collision,,,,,,,,,,,1,1,1,1.0,6.0
201800001559,0018-12-15 07:00:00,18,12,15,7,0,90,194,CD 119,43.09562,1.8918,Nuit sans éclairage public,Hors agglomération,Hors intersection,Brouillard / fumée,Autre collision,,,,,,,,,,,3,1,1,5.0,6.0
201800001560,0018-01-14 06:00:00,18,1,14,6,0,90,185,"RD 624 , Avenue de PAMIE",43.235,1.65669,Nuit sans éclairage public,Hors agglomération,Hors intersection,Pluie légère,Autre collision,,,,,,,,,,,3,1,1,2.0,6.0
201800001561,0018-03-12 13:15:00,18,3,12,13,15,90,282,D62,43.23279,1.56354,Plein jour,Hors agglomération,Intersection en X,Normale,Deux véhicules - côté,,,,,,,,,,,1,1,2,1.0,3.0
201800001562,0018-07-05 18:50:00,18,7,5,18,50,90,117,D27A lieu dit Dardé,43.19142,1.52219,Plein jour,Hors agglomération,Hors intersection,Normale,Sans collision,,,,,,,,,,,1,1,1,1.0,7.0
201800001563,0018-09-11 07:00:00,18,9,11,7,0,90,282,Route de Toulouse,43.23904,1.57298,Plein jour,En agglomération,Hors intersection,Normale,Autre collision,,,,,,,,,,,1,2,1,1.0,6.0
201800001564,0018-08-24 16:45:00,18,8,24,16,45,90,261,avenue aristide Bergès,42.9867,1.14025,Plein jour,En agglomération,Hors intersection,Normale,Autre collision,,,,,,,,,,,1,2,1,1.0,6.0
201800001565,0018-09-25 12:40:00,18,9,25,12,40,90,261,07 place Jean Jaures,42.98624,1.14435,Plein jour,En agglomération,Hors intersection,Temps éblouissant,Autre collision,,,,,,,,,,,1,2,1,7.0,6.0
201800001566,0018-11-10 12:55:00,18,11,10,12,55,90,261,01 avenue Aristide Bergè,42.98559,1.14101,Plein jour,En agglomération,Hors intersection,Normale,Deux véhicules - côté,,,,,,,,,,,1,2,1,1.0,3.0