accident_id,datetime,annee,mois,jour,heure,minute,departement,commune_insee,adresse,latitude,longitude,luminosite,agglomeration,intersection,meteo,collision,nb_vehicules,nb_usagers,nb_indemnes,nb_tues,nb_blesses_hosp,nb_blesses_legers,age_cond_1,age_cond_2,veh_type_cond_1,veh_type_cond_2,lum_code,agg_code,int_code,atm_code,col_code
201800001567,0018-12-13 06:45:00,18,12,13,6,45,90,261,RD 117 - route de foix,42.97995,1.14655,Crépuscule ou aube,En agglomération,Autre intersection,Normale,Autre collision,,,,,,,,,,,2,2,9,1.0,6.0
201800001568,0018-04-07 15:30:00,18,4,7,15,30,20,168,PLAINE (RUE DE LA),49.03,3.39,Plein jour,En agglomération,Place,Normale,Autre collision,,,,,,,,,,,1,2,7,1.0,6.0
201800001569,0018-04-11 14:20:00,18,4,11,14,20,20,168,OTMUS (AVENUE),49.05044,3.3884,Plein jour,En agglomération,Hors intersection,Normale,Autre collision,,,,,,,,,,,1,2,1,1.0,6.0
201800001570,0018-04-12 07:30:00,18,4,12,7,30,20,168,PARIS (AVENUE DE),49.0432,3.38947,Plein jour,En agglomération,Hors intersection,Normale,Autre collision,,,,,,,,,,,1,2,1,1.0,6.0
201800001571,0018-06-22 22:20:00,18,6,22,22,20,20,168,JULES LEFEBVRE (AVENUE),49.04358,3.39783,Nuit avec éclairage allumé,En agglomération,Hors intersection,Normale,Autre collision,,,,,,,,,,,5,2,1,1.0,6.0
201800001572,0018-06-28 07:25:00,18,6,28,7,25,20,168,JULES LEFEBVRE (AVENUE),49.04325,3.39424,Plein jour,En agglomération,Hors intersection,Normale,Autre collision,,,,,,,,,,,1,2,1,1.0,6.0
201800001573,0018-09-27 08:00:00,18,9,27,8,0,20,168,JEAN MONNET (PLACE),49.0382,3.40925,Plein jour,En agglomération,Hors intersection,Normale,Autre collision,,,,,,,,,,,1,2,1,1.0,6.0
201800001574,0018-11-01 18:00:00,18,11,1,18,0,20,168,ESSOMES (AVENUE D'),49.04056,3.38778,Nuit avec éclairage allumé,En agglomération,Place,Pluie forte,Deux véhicules - côté,,,,,,,,,,,5,2,7,3.0,3.0
201800001575,0018-11-18 11:00:00,18,11,18,11,0,20,168,BUISSON (RUE DU),49.05502,3.38512,Plein jour,En agglomération,Intersection en X,Normale,Deux véhicules - côté,,,,,,,,,,,1,2,2,1.0,3.0
201800001576,0018-11-30 10:20:00,18,11,30,10,20,20,168,VINCELLES (RUE DE),49.05606,3.36295,Plein jour,Hors agglomération,Hors intersection,Temps couvert,Deux véhicules - frontale,,,,,,,,,,,1,1,1,8.0,1.0
201800001577,0018-04-09 09:30:00,18,4,9,9,30,320,368,"LIEU-DIT: ""LACAYE""",43.7595,0.61952,Plein jour,Hors agglomération,Hors intersection,Normale,Autre collision,,,,,,,,,,,1,1,1,1.0,6.0
201800001578,0018-09-17 09:35:00,18,9,17,9,35,320,118,EN BOULANGER,43.5357,0.56585,Plein jour,Hors agglomération,Intersection en T,Normale,Deux véhicules - côté,,,,,,,,,,,1,1,3,1.0,3.0
201800001579,0018-05-23 15:14:00,18,5,23,15,14,460,102,33 AVENUE JOSEPH LOUBET,44.60921,2.01606,Plein jour,En agglomération,Hors intersection,Normale,Autre collision,,,,,,,,,,,1,2,1,1.0,6.0
201800001580,0018-11-13 03:54:00,18,11,13,3,54,460,105,"A 20, PK368+600",44.3879,1.51585,Nuit sans éclairage public,Hors agglomération,Hors intersection,Normale,Autre collision,,,,,,,,,,,3,1,1,1.0,6.0
201800001581,0018-01-04 18:00:00,18,1,4,18,0,460,102,6 Boulevard maréchal Jof,44.60764,2.02931,Nuit avec éclairage allumé,En agglomération,Hors intersection,Temps couvert,Autre collision,,,,,,,,,,,5,2,1,8.0,6.0
201800001582,0018-01-11 08:15:00,18,1,11,8,15,460,102,Avenue Emile BOUYSSOU,44.60708,2.0339,Crépuscule ou aube,En agglomération,Giratoire,Pluie légère,Autre collision,,,,,,,,,,,2,2,6,2.0,6.0
201800001583,0018-01-27 01:00:00,18,1,27,1,0,460,102,PK17+850,44.61976,2.05137,Nuit sans éclairage public,Hors agglomération,Hors intersection,Normale,Autre collision,,,,,,,,,,,3,1,1,1.0,6.0
201800001584,0018-05-27 11:30:00,18,5,27,11,30,460,55,Lieu-dit Le Goutal,44.58783,2.08396,Plein jour,Hors agglomération,Intersection en T,Pluie légère,Deux véhicules - arrière,,,,,,,,,,,1,1,3,2.0,2.0
201800001585,0018-08-04 09:10:00,18,8,4,9,10,460,102,22 avenue du général De,44.61287,2.02842,Plein jour,En agglomération,Hors intersection,Normale,Autre collision,,,,,,,,,,,1,2,1,1.0,6.0
201800001586,0018-08-24 09:13:00,18,8,24,9,13,460,102,quai bessières,44.60736,2.03121,Plein jour,En agglomération,Giratoire,Normale,Autre collision,,,,,,,,,,,1,2,6,1.0,6.0
201800001587,0018-09-23 13:32:00,18,9,23,13,32,460,221,RD840,44.63255,2.02181,Plein jour,Hors agglomération,Hors intersection,Normale,Autre collision,,,,,,,,,,,1,1,1,1.0,6.0
201800001588,0018-10-04 09:50:00,18,10,4,9,50,460,102,7 Av Georges Pompidou,44.60675,2.02511,Plein jour,En agglomération,Hors intersection,Normale,Deux véhicules - côté,,,,,,,,,,,1,2,1,1.0,3.0
201800001589,0018-10-24 21:45:00,18,10,24,21,45,460,102,"D 822, Avenue de TOULOUS",44.60299,2.03626,Nuit sans éclairage public,Hors agglomération,Hors intersection,Temps couvert,Sans collision,,,,,,,,,,,3,1,1,8.0,7.0
201800001590,0018-11-30 17:25:00,18,11,30,17,25,460,53,Poujoulat,44.64924,1.99367,Crépuscule ou aube,Hors agglomération,Hors intersection,Pluie légère,Deux véhicules - frontale,,,,,,,,,,,2,1,1,2.0,1.0
201800001591,0018-12-03 08:10:00,18,12,3,8,10,460,108,RD840,44.67997,1.94282,Plein jour,Hors agglomération,Hors intersection,Pluie forte,Deux véhicules - frontale,,,,,,,,,,,1,1,1,3.0,1.0
201800001592,0018-12-06 11:20:00,18,12,6,11,20,460,55,Rd 840,44.5888,2.07033,Plein jour,Hors agglomération,Hors intersection,Pluie légère,Deux véhicules - frontale,,,,,,,,,,,1,1,1,2.0,1.0
201800001593,0018-07-25 14:50:00,18,7,25,14,50,650,145,Les ruines de Chèze,42.91718,-0.03942,Plein jour,Hors agglomération,Hors intersection,Normale,Deux véhicules - frontale,,,,,,,,,,,1,1,1,1.0,1.0
201800001594,0018-08-20 15:00:00,18,8,20,15,0,650,295,2 rue du pont de LUZ,42.87414,-0.00317,Plein jour,En agglomération,Hors intersection,Normale,Autre collision,,,,,,,,,,,1,2,1,1.0,6.0
201800001595,0018-09-09 10:10:00,18,9,9,10,10,650,481,D918,42.89445,0.05744,Plein jour,En agglomération,Hors intersection,Normale,Deux véhicules - frontale,,,,,,,,,,,1,2,1,1.0,1.0
201800001596,0018-01-30 21:30:00,18,1,30,21,30,650,59,1 boulevard de l'adour,43.07324,0.14408,Nuit avec éclairage allumé,En agglomération,Giratoire,Normale,Autre collision,,,,,,,,,,,5,2,6,1.0,6.0
201800001597,0018-02-10 09:00:00,18,2,10,9,0,650,42,"RD 935, 14 route des col",43.04847,0.15788,Plein jour,En agglomération,Hors intersection,Normale,Autre collision,,,,,,,,,,,1,2,1,1.0,6.0
201800001598,0018-04-06 11:00:00,18,4,6,11,0,650,123,Passage de la barane cd,42.96102,0.23021,Plein jour,Hors agglomération,Intersection en X,Normale,Deux véhicules - frontale,,,,,,,,,,,1,1,2,1.0,1.0
201800001599,0018-05-06 16:15:00,18,5,6,16,15,650,123,quartier SÉOUBE,42.94334,0.28874,Plein jour,Hors agglomération,Hors intersection,Normale,Deux véhicules - frontale,,,,,,,,,,,1,1,1,1.0,1.0
201800001600,0018-08-19 15:10:00,18,8,19,15,10,650,123,RD918,42.93635,0.20881,Plein jour,Hors agglomération,Hors intersection,Normale,Autre collision,,,,,,,,,,,1,1,1,1.0,6.0
201800001601,0018-09-01 09:45:00,18,9,1,9,45,650,198,RD 84 - PK 3+400,43.0586,0.18358,Plein jour,Hors agglomération,Hors intersection,Normale,Deux véhicules - côté,,,,,,,,,,,1,1,1,1.0,3.0
201800001602,0018-12-11 09:45:00,18,12,11,9,45,650,123,LIEU-DIT SAINT-ROCH,43.00635,0.18848,Plein jour,Hors agglomération,Hors intersection,Normale,Trois véhicules et plus - en chaîne,,,,,,,,,,,1,1,1,1.0,4.0
201800001603,0018-01-11 07:51:00,18,1,11,7,51,810,140,Avenue du pont St ROCH -,43.70166,1.8207,Crépuscule ou aube,En agglomération,Hors intersection,Temps couvert,Autre collision,,,,,,,,,,,2,2,1,8.0,6.0
201800001604,0018-01-18 15:30:00,18,1,18,15,30,810,140,Avenue Pierre FABRE RD 1,43.68822,1.82631,Plein jour,Hors agglomération,Hors intersection,Normale,Autre collision,,,,,,,,,,,1,1,1,1.0,6.0
201800001605,0018-04-20 13:00:00,18,4,20,13,0,810,219,"lieu dit ""PAS DU RIEU""",43.54868,2.008,Plein jour,Hors agglomération,Hors intersection,Normale,Autre collision,,,,,,,,,,,1,1,1,1.0,6.0
201800001606,0018-07-12 14:06:00,18,7,12,14,6,810,76,N126,43.56813,1.88957,Plein jour,Hors agglomération,Hors intersection,Normale,Deux véhicules - frontale,,,,,,,,,,,1,1,1,1.0,1.0
201800001607,0018-08-08 05:28:00,18,8,8,5,28,810,120,RN112,43.54828,2.27877,Nuit sans éclairage public,Hors agglomération,Hors intersection,Normale,Deux véhicules - frontale,,,,,,,,,,,3,1,1,1.0,1.0
201800001608,0018-03-04 15:52:00,18,3,4,15,52,810,215,D10,43.79998,1.93188,Plein jour,Hors agglomération,Hors intersection,Normale,Sans collision,,,,,,,,,,,1,1,1,1.0,7.0
201800001609,0018-03-19 08:05:00,18,3,19,8,5,810,105,D631 - route de Réalmont,43.76505,2.01578,Plein jour,En agglomération,Hors intersection,Normale,Autre collision,,,,,,,,,,,1,2,1,1.0,6.0
201800001610,0018-04-19 14:05:00,18,4,19,14,5,810,105,57 avenue des floralie,43.76811,1.99936,Plein jour,En agglomération,Hors intersection,Normale,Autre collision,,,,,,,,,,,1,2,1,1.0,6.0
201800001611,0018-04-26 17:50:00,18,4,26,17,50,810,105,Avenue Maréchal Juin,43.76003,1.96854,Plein jour,En agglomération,Intersection en T,Temps éblouissant,Deux véhicules - côté,,,,,,,,,,,1,2,3,7.0,3.0
201800001612,0018-05-03 17:50:00,18,5,3,17,50,810,105,roquesalbes,43.77967,1.99049,Plein jour,Hors agglomération,Intersection en X,Normale,Trois véhicules et plus - collisions multiples,,,,,,,,,,,1,1,2,1.0,5.0
201800001613,0018-05-17 16:55:00,18,5,17,16,55,810,105,impasse ville haute,43.76124,1.98793,Plein jour,En agglomération,Hors intersection,Normale,Deux véhicules - frontale,,,,,,,,,,,1,2,1,1.0,1.0
201800001614,0018-06-27 15:20:00,18,6,27,15,20,810,187,La Tanière,43.70375,2.01002,Plein jour,Hors agglomération,Hors intersection,Normale,Sans collision,,,,,,,,,,,1,1,1,1.0,7.0
201800001615,0018-09-12 19:50:00,18,9,12,19,50,810,105,1 avenue Jules Ferry,43.76331,1.98528,Plein jour,En agglomération,Intersection en X,Normale,Deux véhicules - côté,,,,,,,,,,,1,2,2,1.0,3.0
201800001616,0018-10-13 22:45:00,18,10,13,22,45,810,105,chemin notre dame des vi,43.74627,1.97841,Nuit sans éclairage public,En agglomération,Hors intersection,Normale,Sans collision,,,,,,,,,,,3,2,1,1.0,7.0
201800001617,0018-12-15 15:25:00,18,12,15,15,25,810,105,AVENUE DU MARÉCHAL JUIN,43.75964,1.96561,Plein jour,En agglomération,Hors intersection,Pluie légère,Deux véhicules - côté,,,,,,,,,,,1,2,1,2.0,3.0
201800001618,0018-03-13 18:00:00,18,3,13,18,0,810,140,allée Jean Jaurès,43.70036,1.81842,Crépuscule ou aube,En agglomération,Hors intersection,Temps éblouissant,Autre collision,,,,,,,,,,,2,2,1,7.0,6.0
201800001619,0018-04-07 17:40:00,18,4,7,17,40,810,126,D87 PR 52 + 300,43.64228,1.82435,Plein jour,Hors agglomération,Hors intersection,Normale,Autre collision,,,,,,,,,,,1,1,1,1.0,6.0
201800001620,0018-04-19 14:45:00,18,4,19,14,45,810,140,60 Avenue Pierre Fabre,43.69066,1.82252,Plein jour,En agglomération,Hors intersection,Normale,Deux véhicules - frontale,,,,,,,,,,,1,2,1,1.0,1.0
201800001621,0018-08-03 17:00:00,18,8,3,17,0,810,318,Lieu-dit La Mouyssaguese,43.59347,1.77807,Plein jour,Hors agglomération,Hors intersection,Normale,Trois véhicules et plus - collisions multiples,,,,,,,,,,,1,1,1,1.0,5.0
201800001622,0018-10-05 17:55:00,18,10,5,17,55,810,140,PLACE STALINGRAD,43.69752,1.81447,Plein jour,En agglomération,Place,Normale,Autre collision,,,,,,,,,,,1,2,7,1.0,6.0
201800001623,0018-10-21 12:45:00,18,10,21,12,45,810,324,D87,43.63554,1.8039,Plein jour,Hors agglomération,Hors intersection,Normale,Autre collision,,,,,,,,,,,1,1,1,1.0,6.0
201800001624,0018-11-28 12:15:00,18,11,28,12,15,810,126,RD 87 - Lieu-dit Peyreme,43.63827,1.82069,Plein jour,Hors agglomération,Hors intersection,Normale,Deux véhicules - côté,,,,,,,,,,,1,1,1,1.0,3.0
201800001625,0018-12-26 12:50:00,18,12,26,12,50,810,140,Rond point Saint Roch,43.70172,1.82056,Plein jour,En agglomération,Giratoire,Normale,Deux véhicules - côté,,,,,,,,,,,1,2,6,1.0,3.0
201800001626,0018-02-13 10:00:00,18,2,13,10,0,810,38,"autoroute A68, PK48+900",43.88471,1.93157,Plein jour,Hors agglomération,Autre intersection,Normale,Autre collision,,,,,,,,,,,1,1,9,1.0,6.0
201800001627,0018-02-24 12:30:00,18,2,24,12,30,810,99,Intersection Avenue Jean,43.896,1.89923,Plein jour,En agglomération,Intersection en T,Normale,Deux véhicules - arrière,,,,,,,,,,,1,2,3,1.0,2.0
201800001628,0018-03-04 06:40:00,18,3,4,6,40,810,93,D13,43.90291,2.01319,Nuit sans éclairage public,Hors agglomération,Intersection en T,Normale,Autre collision,,,,,,,,,,,3,1,3,1.0,6.0
201800001629,0018-03-09 11:00:00,18,3,9,11,0,810,99,Mas de fabre,43.94363,1.93214,Plein jour,Hors agglomération,Hors intersection,Normale,Autre collision,,,,,,,,,,,1,1,1,1.0,6.0
201800001630,0018-03-21 10:30:00,18,3,21,10,30,810,99,8 rue St Jean,43.90234,1.89215,Plein jour,En agglomération,Hors intersection,Normale,Autre collision,,,,,,,,,,,1,2,1,1.0,6.0
201800001631,0018-03-31 19:00:00,18,3,31,19,0,810,225,RD 988,43.91933,1.96452,Plein jour,Hors agglomération,Intersection en T,Normale,Deux véhicules - frontale,,,,,,,,,,,1,1,3,1.0,1.0
201800001632,0018-04-06 11:00:00,18,4,6,11,0,810,99,48 Avenue Rhin et Danube,43.91611,1.90495,Plein jour,Hors agglomération,Hors intersection,Normale,Autre collision,,,,,,,,,,,1,1,1,1.0,6.0
201800001633,0018-04-09 17:00:00,18,4,9,17,0,810,117,RD 964,43.79334,1.97931,Plein jour,Hors agglomération,Intersection en X,Normale,Deux véhicules - frontale,,,,,,,,,,,1,1,2,1.0,1.0
201800001634,0018-04-19 15:15:00,18,4,19,15,15,810,99,rue du theron,43.90071,1.891,Plein jour,En agglomération,Intersection en T,Normale,Deux véhicules - côté,,,,,,,,,,,1,2,3,1.0,3.0
201800001635,0018-04-21 14:30:00,18,4,21,14,30,810,138,RD 84,43.81674,2.03235,Plein jour,Hors agglomération,Hors intersection,Normale,Sans collision,,,,,,,,,,,1,1,1,1.0,7.0
201800001636,0018-06-04 15:20:00,18,6,4,15,20,810,87,ROUTE DÉPARTEMENTALE 6,43.95839,1.96878,Plein jour,Hors agglomération,Hors intersection,Temps éblouissant,Autre collision,,,,,,,,,,,1,1,1,7.0,6.0
201800001637,0018-06-05 12:37:00,18,6,5,12,37,810,283,Chemin du Pinié,43.92575,1.92995,Plein jour,En agglomération,Intersection en Y,Normale,Deux véhicules - côté,,,,,,,,,,,1,2,4,1.0,3.0
201800001638,0018-06-15 19:20:00,18,6,15,19,20,810,294,route de lagrave,43.85911,1.94005,Plein jour,Hors agglomération,Intersection en X,Normale,Deux véhicules - côté,,,,,,,,,,,1,1,2,1.0,3.0
201800001639,0018-07-07 12:30:00,18,7,7,12,30,810,131,route de las bordes,43.90385,2.0079,Plein jour,En agglomération,Hors intersection,Temps éblouissant,Sans collision,,,,,,,,,,,1,2,1,7.0,7.0
201800001640,0018-08-02 01:00:00,18,8,2,1,0,810,99,Avenue Charles de GAULLE,43.91455,1.93006,Nuit avec éclairage allumé,En agglomération,Hors intersection,Normale,Autre collision,,,,,,,,,,,5,2,1,1.0,6.0
201800001641,0018-08-04 13:50:00,18,8,4,13,50,810,99,chemin toulze,43.92721,1.90269,Plein jour,Hors agglomération,Hors intersection,Normale,Sans collision,,,,,,,,,,,1,1,1,1.0,7.0
201800001642,0018-08-02 11:15:00,18,8,2,11,15,810,99,rue gaubil,43.90198,1.89684,Plein jour,En agglomération,Intersection en T,Temps éblouissant,Autre collision,,,,,,,,,,,1,2,3,7.0,6.0
201800001643,0018-09-01 05:40:00,18,9,1,5,40,810,112,cd 30,43.92189,2.02284,Crépuscule ou aube,Hors agglomération,Hors intersection,Normale,Autre collision,,,,,,,,,,,2,1,1,1.0,6.0
201800001644,0018-09-03 17:45:00,18,9,3,17,45,810,99,La Crouzetterie,43.91552,1.93193,Plein jour,Hors agglomération,Hors intersection,Temps éblouissant,Autre collision,,,,,,,,,,,1,1,1,7.0,6.0
201800001645,0018-10-04 16:30:00,18,10,4,16,30,810,99,D968,43.89165,1.88041,Plein jour,Hors agglomération,Intersection en T,Temps éblouissant,Deux véhicules - arrière,,,,,,,,,,,1,1,3,7.0,2.0
201800001646,0018-10-07 21:00:00,18,10,7,21,0,810,38,A 68,43.88035,1.91081,Nuit sans éclairage public,Hors agglomération,Autre intersection,Pluie légère,Autre collision,,,,,,,,,,,3,1,9,2.0,6.0
201800001647,0018-11-02 11:10:00,18,11,2,11,10,810,131,La Bouissonnade,43.89307,1.96913,Plein jour,Hors agglomération,Intersection en T,Temps couvert,Deux véhicules - côté,,,,,,,,,,,1,1,3,8.0,3.0
201800001648,0018-11-24 06:10:00,18,11,24,6,10,810,46,départementale 4,43.85716,1.97114,Nuit sans éclairage public,Hors agglomération,Hors intersection,Brouillard / fumée,Autre collision,,,,,,,,,,,3,1,1,5.0,6.0
201800001649,0018-11-25 06:00:00,18,11,25,6,0,810,38,A68,43.88471,1.93157,Nuit sans éclairage public,Hors agglomération,Autre intersection,Autre,Deux véhicules - côté,,,,,,,,,,,3,1,9,9.0,3.0
201800001650,0018-11-30 07:35:00,18,11,30,7,35,810,112,RD 988 le mas de LACROUX,43.92278,2.02186,Nuit sans éclairage public,Hors agglomération,Hors intersection,Pluie forte,Deux véhicules - arrière,,,,,,,,,,,3,1,1,3.0,2.0
201800001651,0018-12-01 04:00:00,18,12,1,4,0,810,112,départementale 988,43.9204,2.01108,Nuit sans éclairage public,Hors agglomération,Hors intersection,Pluie légère,Autre collision,,,,,,,,,,,3,1,1,2.0,6.0
201800001652,0018-12-22 14:00:00,18,12,22,14,0,810,93,D 123,43.89954,2.04964,Plein jour,Hors agglomération,Intersection en X,Pluie légère,Deux véhicules - côté,,,,,,,,,,,1,1,2,2.0,3.0
201800001653,0018-12-28 16:30:00,18,12,28,16,30,810,99,D922,43.95509,1.91065,Plein jour,Hors agglomération,Hors intersection,Normale,Autre collision,,,,,,,,,,,1,1,1,1.0,6.0
201800001654,0018-02-16 17:55:00,18,2,16,17,55,690,89,allée de l'Aubier,45.73769,4.77198,Nuit avec éclairage allumé,En agglomération,Autre intersection,Pluie légère,Autre collision,,,,,,,,,,,5,2,9,2.0,6.0
201800001655,0018-03-11 18:45:00,18,3,11,18,45,690,69,"40, Rue Centrale",45.74589,4.71801,Nuit avec éclairage allumé,En agglomération,Hors intersection,Normale,Deux véhicules - côté,,,,,,,,,,,5,2,1,1.0,3.0
201800001656,0018-05-05 13:30:00,18,5,5,13,30,690,89,intersection avenue du C,45.73682,4.77469,Plein jour,En agglomération,Hors intersection,Normale,Deux véhicules - côté,,,,,,,,,,,1,2,1,1.0,3.0
201800001657,0018-05-06 15:41:00,18,5,6,15,41,690,89,avenue du chater,45.73443,4.77306,Plein jour,Hors agglomération,Hors intersection,Normale,Autre collision,,,,,,,,,,,1,1,1,1.0,6.0
201800001658,0018-05-29 13:55:00,18,5,29,13,55,690,89,2 Avenue du chater,45.75047,4.77202,Plein jour,En agglomération,Hors intersection,Normale,Deux véhicules - frontale,,,,,,,,,,,1,2,1,1.0,1.0
201800001659,0018-07-03 08:30:00,18,7,3,8,30,690,89,15 Avenue du chater,45.74656,4.77229,Plein jour,En agglomération,Hors intersection,Normale,Autre collision,,,,,,,,,,,1,2,1,1.0,6.0
201800001660,0018-07-12 19:15:00,18,7,12,19,15,690,89,23 avenue de la table de,45.74736,4.75465,Plein jour,En agglomération,Hors intersection,Normale,Trois véhicules et plus - collisions multiples,,,,,,,,,,,1,2,1,1.0,5.0
201800001661,0018-07-18 03:20:00,18,7,18,3,20,690,69,av jean Bergeron,45.74733,4.72235,Nuit avec éclairage allumé,En agglomération,Intersection en X,Normale,Autre collision,,,,,,,,,,,5,2,2,1.0,6.0
201800001662,0018-08-26 08:30:00,18,8,26,8,30,690,89,avenue du chater,45.74449,4.77178,Plein jour,En agglomération,Hors intersection,Normale,Autre collision,,,,,,,,,,,1,2,1,1.0,6.0
201800001663,0018-09-25 14:50:00,18,9,25,14,50,690,205,3 avenue marcel merieux,45.75991,4.72891,Plein jour,En agglomération,Hors intersection,Normale,Deux véhicules - côté,,,,,,,,,,,1,2,1,1.0,3.0
201800001664,0018-09-27 10:55:00,18,9,27,10,55,690,69,rue centrale /Gd champ,45.74584,4.72044,Plein jour,En agglomération,Intersection en T,Normale,Autre collision,,,,,,,,,,,1,2,3,1.0,6.0
201800001665,0018-12-01 12:15:00,18,12,1,12,15,690,89,19 chemin de cachenoix,45.74556,4.76452,Plein jour,En agglomération,Hors intersection,Normale,Autre collision,,,,,,,,,,,1,2,1,1.0,6.0
201800001666,0018-01-14 01:30:00,18,1,14,1,30,20,28,RD1044,49.564,3.67915,Nuit sans éclairage public,Hors agglomération,Hors intersection,Pluie légère,Autre collision,,,,,,,,,,,3,1,1,2.0,6.0
201800001667,0018-04-12 13:38:00,18,4,12,13,38,20,408,MINIMES (RUE DES),49.57547,3.65168,Plein jour,En agglomération,Hors intersection,Normale,Deux véhicules - côté,,,,,,,,,,,1,2,1,1.0,3.0
201800001668,0018-04-20 18:20:00,18,4,20,18,20,20,408,BROSSOLETTE (BOULEVARD P,49.5693,3.6171,Plein jour,En agglomération,Hors intersection,Normale,Deux véhicules - arrière,,,,,,,,,,,1,2,1,1.0,2.0
201800001669,0018-05-14 11:25:00,18,5,14,11,25,20,28,REIMS (route de),49.56247,3.68978,Plein jour,Hors agglomération,Hors intersection,Normale,Trois véhicules et plus - en chaîne,,,,,,,,,,,1,1,1,1.0,4.0
201800001670,0018-06-08 08:30:00,18,6,8,8,30,20,408,RD 1044,49.57464,3.59351,Plein jour,Hors agglomération,Intersection en Y,Brouillard / fumée,Deux véhicules - frontale,,,,,,,,,,,1,1,4,5.0,1.0
201800001671,0018-08-02 11:00:00,18,8,2,11,0,20,408,HUREE (RUE DE LA),49.56771,3.63487,Plein jour,En agglomération,Hors intersection,Normale,Deux véhicules - côté,,,,,,,,,,,1,2,1,1.0,3.0
201800001672,0018-08-27 17:10:00,18,8,27,17,10,20,408,CHRIST (RUE FERNAND),49.57026,3.60668,Plein jour,En agglomération,Hors intersection,Normale,Deux véhicules - côté,,,,,,,,,,,1,2,1,1.0,3.0
201800001673,0018-09-02 16:57:00,18,9,2,16,57,20,408,ARDON (RAMPE D'),49.56151,3.62855,Plein jour,En agglomération,Hors intersection,Normale,Sans collision,,,,,,,,,,,1,2,1,1.0,7.0
201800001674,0018-08-29 21:55:00,18,8,29,21,55,20,408,ROMANETTE (RUE),49.55056,3.61081,Nuit avec éclairage allumé,En agglomération,Hors intersection,Pluie légère,Sans collision,,,,,,,,,,,5,2,1,2.0,7.0
201800001675,0018-08-27 16:50:00,18,8,27,16,50,20,408,SOLCZANSKI (RUE MOJZEST),49.56997,3.60344,Plein jour,En agglomération,Autre intersection,Temps éblouissant,Deux véhicules - frontale,,,,,,,,,,,1,2,9,7.0,1.0
201800001676,0018-10-06 14:00:00,18,10,6,14,0,20,408,13 OCTOBRE (RUE DU),49.56556,3.61051,Plein jour,En agglomération,Hors intersection,Normale,Deux véhicules - côté,,,,,,,,,,,1,2,1,1.0,3.0
201800001677,0018-10-06 15:30:00,18,10,6,15,30,20,408,TARPIN (RUE DANIEL),49.56955,3.60367,Plein jour,En agglomération,Hors intersection,Normale,Deux véhicules - arrière,,,,,,,,,,,1,2,1,1.0,2.0
201800001678,0018-10-08 12:21:00,18,10,8,12,21,20,408,RN2,49.56398,3.65358,Plein jour,Hors agglomération,Hors intersection,Normale,Deux véhicules - frontale,,,,,,,,,,,1,1,1,1.0,1.0
201800001679,0018-10-11 07:50:00,18,10,11,7,50,20,408,RN2,49.56898,3.65958,Crépuscule ou aube,Hors agglomération,Hors intersection,Pluie légère,Trois véhicules et plus - en chaîne,,,,,,,,,,,2,1,1,2.0,4.0
201800001680,0018-10-14 13:15:00,18,10,14,13,15,20,408,CONDORCET (RUE),49.34426,3.38365,Plein jour,En agglomération,Autre intersection,Normale,Sans collision,,,,,,,,,,,1,2,9,1.0,7.0
201800001681,0018-10-22 16:00:00,18,10,22,16,0,20,408,MENDES-FRANCE (AVENUE PI,49.58011,3.64241,Plein jour,En agglomération,Hors intersection,Normale,Deux véhicules - côté,,,,,,,,,,,1,2,1,1.0,3.0
201800001682,0018-10-23 14:15:00,18,10,23,14,15,20,408,DROITS DE L'HOMME (PLACE,49.57022,3.62469,Plein jour,En agglomération,Hors intersection,Normale,Autre collision,,,,,,,,,,,1,2,1,1.0,6.0
201800001683,0018-10-24 16:55:00,18,10,24,16,55,20,408,DOCTEUR MENU (RUE DU),49.56375,3.64608,Plein jour,En agglomération,Hors intersection,Normale,Trois véhicules et plus - collisions multiples,,,,,,,,,,,1,2,1,1.0,5.0
201800001684,0018-11-13 13:40:00,18,11,13,13,40,20,408,2ø REGIMENT DE DRAGONS (,49.37884,3.32876,Plein jour,En agglomération,Autre intersection,Normale,Deux véhicules - côté,,,,,,,,,,,1,2,9,1.0,3.0
201800001685,0018-11-16 11:15:00,18,11,16,11,15,20,408,GREHANT (RUE NESTOR),49.56934,3.60965,Plein jour,En agglomération,Hors intersection,Normale,Autre collision,,,,,,,,,,,1,2,1,1.0,6.0
201800001686,0018-11-21 21:02:00,18,11,21,21,2,20,28,RD1044,49.564,3.676,Nuit sans éclairage public,Hors agglomération,Hors intersection,Brouillard / fumée,Deux véhicules - côté,,,,,,,,,,,3,1,1,5.0,3.0
201800001687,0018-11-28 17:30:00,18,11,28,17,30,20,408,RN2,49.54423,3.59842,Nuit sans éclairage public,Hors agglomération,Hors intersection,Pluie légère,Trois véhicules et plus - en chaîne,,,,,,,,,,,3,1,1,2.0,4.0
201800001688,0018-12-09 22:30:00,18,12,9,22,30,20,408,PASTEUR (RUE),49.5583,3.62805,Nuit avec éclairage allumé,En agglomération,Intersection en T,Temps couvert,Deux véhicules - frontale,,,,,,,,,,,5,2,3,8.0,1.0