accident_id,datetime,annee,mois,jour,heure,minute,departement,commune_insee,adresse,latitude,longitude,luminosite,agglomeration,intersection,meteo,collision,nb_vehicules,nb_usagers,nb_indemnes,nb_tues,nb_blesses_hosp,nb_blesses_legers,age_cond_1,age_cond_2,veh_type_cond_1,veh_type_cond_2,lum_code,agg_code,int_code,atm_code,col_code
201800001689,0018-12-11 07:50:00,18,12,11,7,50,20,408,GAMBETTA (AVENUE),49.56577,3.62403,Nuit sans éclairage public,En agglomération,Hors intersection,Brouillard / fumée,Autre collision,,,,,,,,,,,3,2,1,5.0,6.0
201800001690,0018-06-24 18:00:00,18,6,24,18,0,810,271,D630 - route de lavaur,43.76135,1.69874,Plein jour,Hors agglomération,Intersection en T,Temps éblouissant,Deux véhicules - côté,,,,,,,,,,,1,1,3,7.0,3.0
201800001691,0018-11-25 06:40:00,18,11,25,6,40,810,271,D988,43.77079,1.65527,Crépuscule ou aube,Hors agglomération,Giratoire,Pluie légère,Sans collision,,,,,,,,,,,2,1,6,2.0,7.0
201800001692,0018-02-15 17:30:00,18,2,15,17,30,810,219,RN 126 PK 31+750,43.56727,1.98514,Plein jour,Hors agglomération,Hors intersection,Normale,Sans collision,,,,,,,,,,,1,1,1,1.0,7.0
201800001693,0018-04-18 18:00:00,18,4,18,18,0,810,219,RN 126 lieu dit negue sa,43.56726,1.94578,Plein jour,Hors agglomération,Hors intersection,Normale,Deux véhicules - frontale,,,,,,,,,,,1,1,1,1.0,1.0
201800001694,0018-04-23 19:40:00,18,4,23,19,40,810,219,RD 84 PK 0012+200,43.57996,1.99718,Crépuscule ou aube,Hors agglomération,Hors intersection,Normale,Autre collision,,,,,,,,,,,2,1,1,1.0,6.0
201800001695,0018-04-28 07:25:00,18,4,28,7,25,810,251,RN 126 - PR 40+900,43.55766,2.09342,Crépuscule ou aube,Hors agglomération,Hors intersection,Temps couvert,Sans collision,,,,,,,,,,,2,1,1,8.0,7.0
201800001696,0018-06-14 19:30:00,18,6,14,19,30,810,127,RN 126 - PR: 26+940- lie,43.5667,1.93047,Plein jour,Hors agglomération,Hors intersection,Normale,Trois véhicules et plus - collisions multiples,,,,,,,,,,,1,1,1,1.0,5.0
201800001697,0018-07-10 08:30:00,18,7,10,8,30,810,76,RN 126- Avenue de Castre,43.56943,1.88434,Plein jour,En agglomération,Hors intersection,Normale,Trois véhicules et plus - en chaîne,,,,,,,,,,,1,2,1,1.0,4.0
201800001698,0018-08-01 10:17:00,18,8,1,10,17,810,76,Chemin communal N°08,43.57961,1.89149,Plein jour,Hors agglomération,Hors intersection,Normale,Sans collision,,,,,,,,,,,1,1,1,1.0,7.0
201800001699,0018-09-18 06:30:00,18,9,18,6,30,810,32,RD622 - PK 000+250,43.50297,2.05155,Crépuscule ou aube,Hors agglomération,Hors intersection,Normale,Trois véhicules et plus - collisions multiples,,,,,,,,,,,2,1,1,1.0,5.0
201800001700,0018-10-29 16:50:00,18,10,29,16,50,810,251,lieu dit en sarrat,43.55782,2.0768,Plein jour,Hors agglomération,Hors intersection,Pluie légère,Trois véhicules et plus - en chaîne,,,,,,,,,,,1,1,1,2.0,4.0
201800001701,0018-10-29 23:35:00,18,10,29,23,35,810,219,RD 84 - Lieu - dit Fount,43.57987,1.99742,Nuit sans éclairage public,Hors agglomération,Hors intersection,Pluie légère,Autre collision,,,,,,,,,,,3,1,1,2.0,6.0
201800001702,0018-01-28 12:15:00,18,1,28,12,15,690,72,RD 306,45.81439,4.74667,Plein jour,Hors agglomération,Hors intersection,Normale,Trois véhicules et plus - en chaîne,,,,,,,,,,,1,1,1,1.0,4.0
201800001703,0018-04-15 14:30:00,18,4,15,14,30,690,127,1171 Avenue Lacroix Lava,45.78399,4.72567,Plein jour,En agglomération,Hors intersection,Normale,Autre collision,,,,,,,,,,,1,2,1,1.0,6.0
201800001704,0018-06-15 22:55:00,18,6,15,22,55,690,250,rue de l'église,45.81488,4.71677,Nuit avec éclairage allumé,En agglomération,Hors intersection,Normale,Deux véhicules - côté,,,,,,,,,,,5,2,1,1.0,3.0
201800001705,0018-06-23 15:20:00,18,6,23,15,20,690,127,Route de saint bel,45.7808,4.72395,Plein jour,En agglomération,Hors intersection,Temps éblouissant,Sans collision,,,,,,,,,,,1,2,1,7.0,7.0
201800001706,0018-06-28 19:00:00,18,6,28,19,0,690,72,avenue de la porte de Ly,45.82142,4.76384,Plein jour,En agglomération,Hors intersection,Normale,Deux véhicules - côté,,,,,,,,,,,1,2,1,1.0,3.0
201800001707,0018-08-06 21:57:00,18,8,6,21,57,690,250,Route Nationale 7,45.82111,4.68278,Nuit sans éclairage public,En agglomération,Giratoire,Normale,Sans collision,,,,,,,,,,,3,2,6,1.0,7.0
201800001708,0018-08-12 10:00:00,18,8,12,10,0,690,250,87 rue de la gare,45.8045,4.71669,Plein jour,En agglomération,Hors intersection,Normale,Deux véhicules - côté,,,,,,,,,,,1,2,1,1.0,3.0
201800001709,0018-11-06 18:20:00,18,11,6,18,20,690,72,52 chemin de la bruyère,45.81207,4.77021,Nuit avec éclairage allumé,En agglomération,Hors intersection,Temps couvert,Deux véhicules - côté,,,,,,,,,,,5,2,1,8.0,3.0
201800001710,0018-02-20 18:45:00,18,2,20,18,45,690,117,D42,45.8693,4.75006,Nuit sans éclairage public,Hors agglomération,Hors intersection,Normale,Autre collision,,,,,,,,,,,3,1,1,1.0,6.0
201800001711,0018-03-09 14:10:00,18,3,9,14,10,690,49,D 16,45.87395,4.7722,Plein jour,En agglomération,Hors intersection,Normale,Deux véhicules - frontale,,,,,,,,,,,1,2,1,1.0,1.0
201800001712,0018-03-09 12:15:00,18,3,9,12,15,690,191,route de lyon,45.80191,4.82021,Plein jour,En agglomération,Intersection en T,Normale,Deux véhicules - frontale,,,,,,,,,,,1,2,3,1.0,1.0
201800001713,0018-04-08 09:30:00,18,4,8,9,30,690,40,avenue lanessan,45.79372,4.79393,Plein jour,En agglomération,Hors intersection,Normale,Autre collision,,,,,,,,,,,1,2,1,1.0,6.0
201800001714,0018-04-06 17:10:00,18,4,6,17,10,690,116,"1659, route du puy d'or",45.82405,4.77368,Plein jour,En agglomération,Hors intersection,Normale,Deux véhicules - arrière,,,,,,,,,,,1,2,1,1.0,2.0
201800001715,0018-04-21 19:35:00,18,4,21,19,35,690,117,chemin de la dame,45.84042,4.73846,Plein jour,En agglomération,Hors intersection,Normale,Autre collision,,,,,,,,,,,1,2,1,1.0,6.0
201800001716,0018-05-19 12:40:00,18,5,19,12,40,690,116,"1051, route du puy d'or",45.82405,4.77368,Plein jour,En agglomération,Hors intersection,Normale,Autre collision,,,,,,,,,,,1,2,1,1.0,6.0
201800001717,0018-06-01 08:00:00,18,6,1,8,0,690,59,d385,45.85519,4.71548,Plein jour,En agglomération,Passage à niveau,Normale,Deux véhicules - arrière,,,,,,,,,,,1,2,8,1.0,2.0
201800001718,0018-06-02 01:45:00,18,6,2,1,45,690,194,Angle de la rue Pasteur,45.80786,4.80063,Nuit avec éclairage allumé,En agglomération,Intersection en Y,Normale,Autre collision,,,,,,,,,,,5,2,4,1.0,6.0
201800001719,0018-06-26 17:50:00,18,6,26,17,50,690,40,place ludovic monnier,45.79568,4.79035,Plein jour,En agglomération,Hors intersection,Temps éblouissant,Autre collision,,,,,,,,,,,1,2,1,7.0,6.0
201800001720,0018-07-02 18:00:00,18,7,2,18,0,690,117,RN6,45.87582,4.74767,Plein jour,Hors agglomération,Hors intersection,Normale,Autre collision,,,,,,,,,,,1,1,1,1.0,6.0
201800001721,0018-07-07 12:20:00,18,7,7,12,20,690,116,180 route de la garde,45.82783,4.76773,Plein jour,Hors agglomération,Hors intersection,Normale,Deux véhicules - côté,,,,,,,,,,,1,1,1,1.0,3.0
201800001722,0018-07-24 13:00:00,18,7,24,13,0,690,116,route du mont verdun,45.84428,4.77811,Plein jour,Hors agglomération,Hors intersection,Normale,Autre collision,,,,,,,,,,,1,1,1,1.0,6.0
201800001723,0018-09-18 08:50:00,18,9,18,8,50,690,194,Rue du Castellard,45.81033,4.79784,Plein jour,En agglomération,Hors intersection,Normale,Deux véhicules - côté,,,,,,,,,,,1,2,1,1.0,3.0
201800001724,0018-09-25 18:05:00,18,9,25,18,5,690,116,Allée des Frènes,45.81427,4.77235,Plein jour,En agglomération,Hors intersection,Normale,Autre collision,,,,,,,,,,,1,2,1,1.0,6.0
201800001725,0018-09-25 14:20:00,18,9,25,14,20,690,116,1453 route du puy d'or,45.82405,4.77368,Plein jour,En agglomération,Hors intersection,Temps éblouissant,Deux véhicules - arrière,,,,,,,,,,,1,2,1,7.0,2.0
201800001726,0018-10-16 16:45:00,18,10,16,16,45,690,116,1704 route du puy d or,45.82405,4.77368,Plein jour,En agglomération,Hors intersection,Normale,Deux véhicules - côté,,,,,,,,,,,1,2,1,1.0,3.0
201800001727,0018-10-16 23:10:00,18,10,16,23,10,690,40,avenue Charles de Gau,45.80277,4.78395,Nuit avec éclairage allumé,En agglomération,Intersection en T,Normale,Deux véhicules - frontale,,,,,,,,,,,5,2,3,1.0,1.0
201800001728,0018-10-25 07:30:00,18,10,25,7,30,690,117,RD42,45.85369,4.75816,Nuit sans éclairage public,Hors agglomération,Hors intersection,Normale,Deux véhicules - côté,,,,,,,,,,,3,1,1,1.0,3.0
201800001729,0018-10-27 13:30:00,18,10,27,13,30,690,116,168 avenue Général De Ga,45.83775,4.77172,Plein jour,En agglomération,Autre intersection,Temps couvert,Autre collision,,,,,,,,,,,1,2,9,8.0,6.0
201800001730,0018-10-30 11:10:00,18,10,30,11,10,690,40,rue louis JUTTET,45.79481,4.79278,Plein jour,En agglomération,Intersection en X,Temps couvert,Autre collision,,,,,,,,,,,1,2,2,8.0,6.0
201800001731,0018-11-16 17:40:00,18,11,16,17,40,690,55,83 route nationale 6,45.88159,4.74553,Nuit sans éclairage public,En agglomération,Hors intersection,Normale,Trois véhicules et plus - collisions multiples,,,,,,,,,,,3,2,1,1.0,5.0
201800001732,0018-12-03 20:30:00,18,12,3,20,30,690,40,rue louis juttet,45.79104,4.79059,Nuit avec éclairage allumé,En agglomération,Intersection en T,Pluie légère,Autre collision,,,,,,,,,,,5,2,3,2.0,6.0
201800001733,0018-01-26 18:00:00,18,1,26,18,0,690,143,Avenue du Parc,45.89049,4.85852,Nuit sans éclairage public,Hors agglomération,Hors intersection,Normale,Trois véhicules et plus - en chaîne,,,,,,,,,,,3,1,1,1.0,4.0
201800001734,0018-02-01 08:45:00,18,2,1,8,45,690,163,Route départementale 87,45.93193,4.76597,Plein jour,Hors agglomération,Hors intersection,Pluie légère,Deux véhicules - arrière,,,,,,,,,,,1,1,1,2.0,2.0
201800001735,0018-02-10 19:15:00,18,2,10,19,15,690,143,chemin de parenty,45.87563,4.84211,Nuit avec éclairage allumé,En agglomération,Intersection en T,Normale,Deux véhicules - côté,,,,,,,,,,,5,2,3,1.0,3.0
201800001736,0018-02-28 07:55:00,18,2,28,7,55,690,207,Avenue de la Paix,45.8833,4.79659,Plein jour,En agglomération,Giratoire,Normale,Deux véhicules - côté,,,,,,,,,,,1,2,6,1.0,3.0
201800001737,0018-03-03 20:00:00,18,3,3,20,0,690,278,"959, route de Reyrieux",45.89727,4.82881,Nuit avec éclairage allumé,En agglomération,Giratoire,Pluie légère,Autre collision,,,,,,,,,,,5,2,6,2.0,6.0
201800001738,0018-03-15 23:40:00,18,3,15,23,40,690,284,route de Saint Trivier,45.88864,4.88238,Nuit sans éclairage public,Hors agglomération,Hors intersection,Pluie légère,Deux véhicules - frontale,,,,,,,,,,,3,1,1,2.0,1.0
201800001739,0018-02-27 18:00:00,18,2,27,18,0,690,278,rue du Pontet,45.88962,4.83503,Plein jour,En agglomération,Hors intersection,Normale,Deux véhicules - frontale,,,,,,,,,,,1,2,1,1.0,1.0
201800001740,0018-04-03 14:20:00,18,4,3,14,20,690,71,quai de villevert,45.87889,4.82878,Plein jour,En agglomération,Autre intersection,Normale,Trois véhicules et plus - en chaîne,,,,,,,,,,,1,2,9,1.0,4.0
201800001741,0018-04-21 16:20:00,18,4,21,16,20,690,207,D51,45.88065,4.81964,Plein jour,Hors agglomération,Autre intersection,Normale,Autre collision,,,,,,,,,,,1,1,9,1.0,6.0
201800001742,0018-04-23 13:25:00,18,4,23,13,25,690,143,4 chemin de parenty,45.8753,4.84306,Plein jour,En agglomération,Hors intersection,Pluie légère,Autre collision,,,,,,,,,,,1,2,1,2.0,6.0
201800001743,0018-05-01 14:30:00,18,5,1,14,30,690,143,quai pasteur,45.87529,4.83868,Plein jour,En agglomération,Giratoire,Temps couvert,Deux véhicules - côté,,,,,,,,,,,1,2,6,8.0,3.0
201800001744,0018-06-02 15:55:00,18,6,2,15,55,690,3,quai Général de Gaulle,45.86589,4.83434,Plein jour,En agglomération,Hors intersection,Normale,Deux véhicules - côté,,,,,,,,,,,1,2,1,1.0,3.0
201800001745,0018-06-02 19:15:00,18,6,2,19,15,690,278,330 route de Trévoux,45.8934,4.82321,Plein jour,En agglomération,Hors intersection,Normale,Deux véhicules - côté,,,,,,,,,,,1,2,1,1.0,3.0
201800001746,0018-05-14 06:15:00,18,5,14,6,15,690,163,chemin des terres blanch,45.93224,4.76401,Crépuscule ou aube,Hors agglomération,Hors intersection,Pluie forte,Deux véhicules - côté,,,,,,,,,,,2,1,1,3.0,3.0
201800001747,0018-06-16 23:30:00,18,6,16,23,30,690,143,RD 433 route de Lyon,45.86827,4.83944,Nuit avec éclairage allumé,En agglomération,Giratoire,Normale,Autre collision,,,,,,,,,,,5,2,6,1.0,6.0
201800001748,0018-06-18 14:30:00,18,6,18,14,30,690,278,Route de st André,45.9004,4.84293,Plein jour,En agglomération,Hors intersection,Normale,Deux véhicules - frontale,,,,,,,,,,,1,2,1,1.0,1.0
201800001749,0018-06-18 19:00:00,18,6,18,19,0,690,163,Route de VARENNES,45.9215,4.77561,Plein jour,Hors agglomération,Giratoire,Normale,Deux véhicules - côté,,,,,,,,,,,1,1,6,1.0,3.0
201800001750,0018-06-22 10:25:00,18,6,22,10,25,690,143,AVENUE JEAN CHRISTOPHE,45.87969,4.83628,Plein jour,En agglomération,Hors intersection,Normale,Autre collision,,,,,,,,,,,1,2,1,1.0,6.0
201800001751,0018-07-03 08:11:00,18,7,3,8,11,690,163,Route de varennes,45.93551,4.77448,Plein jour,Hors agglomération,Hors intersection,Normale,Deux véhicules - côté,,,,,,,,,,,1,1,1,1.0,3.0
201800001752,0018-08-06 18:00:00,18,8,6,18,0,690,278,route départementale 433,45.89752,4.81925,Plein jour,En agglomération,Intersection en T,Normale,Deux véhicules - côté,,,,,,,,,,,1,2,3,1.0,3.0
201800001753,0018-08-11 12:20:00,18,8,11,12,20,690,3,D51 - D16,45.87686,4.83541,Plein jour,En agglomération,Giratoire,Normale,Deux véhicules - côté,,,,,,,,,,,1,2,6,1.0,3.0
201800001754,0018-08-29 08:10:00,18,8,29,8,10,690,284,195 route des échets,45.8816,4.86678,Plein jour,En agglomération,Hors intersection,Normale,Autre collision,,,,,,,,,,,1,2,1,1.0,6.0
201800001755,0018-09-17 17:05:00,18,9,17,17,5,690,163,13 route de Chasselay,45.913,4.77712,Plein jour,En agglomération,Hors intersection,Normale,Autre collision,,,,,,,,,,,1,2,1,1.0,6.0
201800001756,0018-10-07 01:55:00,18,10,7,1,55,690,207,Avenue Jacque brel,45.88297,4.81377,Nuit sans éclairage public,Hors agglomération,Hors intersection,Pluie forte,Deux véhicules - arrière,,,,,,,,,,,3,1,1,3.0,2.0
201800001757,0018-10-12 07:35:00,18,10,12,7,35,690,143,"29Bis, route de Lyon",45.86948,4.83975,Plein jour,En agglomération,Hors intersection,Normale,Deux véhicules - côté,,,,,,,,,,,1,2,1,1.0,3.0
201800001758,0018-10-12 15:20:00,18,10,12,15,20,690,163,D51,45.91669,4.77636,Plein jour,Hors agglomération,Hors intersection,Normale,Autre collision,,,,,,,,,,,1,1,1,1.0,6.0
201800001759,0018-11-14 19:47:00,18,11,14,19,47,690,143,Place Branly,45.87588,4.84235,Nuit avec éclairage allumé,En agglomération,Hors intersection,Normale,Autre collision,,,,,,,,,,,5,2,1,1.0,6.0
201800001760,0018-11-30 20:00:00,18,11,30,20,0,210,291,route de Trévoux,45.89072,4.82571,Nuit avec éclairage allumé,En agglomération,Giratoire,Pluie légère,Deux véhicules - arrière,,,,,,,,,,,5,2,6,2.0,2.0
201800001761,0018-12-10 15:20:00,18,12,10,15,20,690,207,Avenue du deuxième saphi,45.88,4.80456,Plein jour,En agglomération,Hors intersection,Normale,Deux véhicules - côté,,,,,,,,,,,1,2,1,1.0,3.0
201800001762,0018-12-16 09:10:00,18,12,16,9,10,690,143,Quai Pasteur,45.87682,4.83837,Plein jour,En agglomération,Giratoire,Temps couvert,Autre collision,,,,,,,,,,,1,2,6,8.0,6.0
201800001763,0018-12-27 16:30:00,18,12,27,16,30,690,68,RUE GABRIEL PERI,45.84802,4.8319,Plein jour,En agglomération,Hors intersection,Normale,Deux véhicules - frontale,,,,,,,,,,,1,2,1,1.0,1.0
201800001764,0018-03-31 09:40:00,18,3,31,9,40,690,204,départementale 342,45.68855,4.76539,Plein jour,Hors agglomération,Hors intersection,Normale,Deux véhicules - arrière,,,,,,,,,,,1,1,1,1.0,2.0
201800001765,0018-02-07 07:30:00,18,2,7,7,30,690,288,RD 154,45.68373,5.06868,Plein jour,Hors agglomération,Hors intersection,Normale,Deux véhicules - frontale,,,,,,,,,,,1,1,1,1.0,1.0
201800001766,0018-03-04 12:55:00,18,3,4,12,55,690,287,route départementale 29,45.72403,5.03981,Plein jour,Hors agglomération,Hors intersection,Normale,Deux véhicules - frontale,,,,,,,,,,,1,1,1,1.0,1.0
201800001767,0018-04-26 14:25:00,18,4,26,14,25,690,298,D318,45.66759,4.98713,Plein jour,Hors agglomération,Hors intersection,Normale,Deux véhicules - côté,,,,,,,,,,,1,1,1,1.0,3.0
201800001768,0018-05-06 15:15:00,18,5,6,15,15,690,287,58 D306,45.69709,5.01671,Plein jour,En agglomération,Hors intersection,Normale,Autre collision,,,,,,,,,,,1,2,1,1.0,6.0
201800001769,0018-05-29 10:25:00,18,5,29,10,25,690,298,RD 318,45.65904,4.97761,Plein jour,Hors agglomération,Hors intersection,Normale,Deux véhicules - côté,,,,,,,,,,,1,1,1,1.0,3.0
201800001770,0018-05-31 15:15:00,18,5,31,15,15,690,299,D29 route de pont-de-ché,45.71747,5.12667,Plein jour,Hors agglomération,Hors intersection,Normale,Deux véhicules - côté,,,,,,,,,,,1,1,1,1.0,3.0
201800001771,0018-08-15 04:00:00,18,8,15,4,0,690,289,Chemin de Pillery,45.61753,5.03227,Nuit sans éclairage public,Hors agglomération,Hors intersection,Normale,Deux véhicules - frontale,,,,,,,,,,,3,1,1,1.0,1.0
201800001772,0018-09-26 18:10:00,18,9,26,18,10,690,299,RD 155 Route du stade,45.71324,5.11158,Plein jour,En agglomération,Hors intersection,Normale,Deux véhicules - frontale,,,,,,,,,,,1,2,1,1.0,1.0
201800001773,0018-11-06 16:15:00,18,11,6,16,15,690,289,croisement RD 149 RD 147,45.65114,4.96334,Plein jour,Hors agglomération,Intersection en T,Normale,Deux véhicules - côté,,,,,,,,,,,1,1,3,1.0,3.0
201800001774,0018-02-01 19:35:00,18,2,1,19,35,690,270,46 route de Marennes,45.62558,4.92753,Nuit avec éclairage allumé,En agglomération,Hors intersection,Pluie légère,Deux véhicules - arrière,,,,,,,,,,,5,2,1,2.0,2.0
201800001775,0018-03-08 11:45:00,18,3,8,11,45,690,283,avenue des tilleuls,45.66931,4.95561,Plein jour,En agglomération,Hors intersection,Normale,Deux véhicules - côté,,,,,,,,,,,1,2,1,1.0,3.0
201800001776,0018-05-03 08:05:00,18,5,3,8,5,690,283,ROUTE D'HEYRIEUX,45.67972,4.96037,Plein jour,En agglomération,Hors intersection,Pluie légère,Sans collision,,,,,,,,,,,1,2,1,2.0,7.0
201800001777,0018-05-03 19:00:00,18,5,3,19,0,690,273,rue de savoie,45.67167,4.91036,Crépuscule ou aube,En agglomération,Giratoire,Normale,Deux véhicules - côté,,,,,,,,,,,2,2,6,1.0,3.0
201800001778,0018-05-15 10:45:00,18,5,15,10,45,690,270,Route de Corbas,45.63379,4.91933,Plein jour,Hors agglomération,Autre intersection,Pluie légère,Deux véhicules - frontale,,,,,,,,,,,1,1,9,2.0,1.0
201800001779,0018-06-01 06:00:00,18,6,1,6,0,690,283,Rue Salvador ALLENDE,45.65231,4.94899,Plein jour,En agglomération,Hors intersection,Normale,Deux véhicules - côté,,,,,,,,,,,1,2,1,1.0,3.0
201800001780,0018-06-08 19:45:00,18,6,8,19,45,690,281,Route de Lyon,45.643,4.90991,Plein jour,Hors agglomération,Hors intersection,Temps couvert,Deux véhicules - frontale,,,,,,,,,,,1,1,1,8.0,1.0
201800001781,0018-08-21 19:00:00,18,8,21,19,0,690,283,rue Charles De Gaulle,45.66384,4.95491,Plein jour,En agglomération,Hors intersection,Normale,Deux véhicules - côté,,,,,,,,,,,1,2,1,1.0,3.0
201800001782,0018-09-07 09:10:00,18,9,7,9,10,690,283,Route d'Heyrieux,45.67972,4.96037,Plein jour,En agglomération,Hors intersection,Normale,Autre collision,,,,,,,,,,,1,2,1,1.0,6.0
201800001783,0018-11-03 17:34:00,18,11,3,17,34,690,273,Chemin de grange blanche,45.6711,4.91002,Nuit avec éclairage allumé,En agglomération,Hors intersection,Normale,Trois véhicules et plus - collisions multiples,,,,,,,,,,,5,2,1,1.0,5.0
201800001784,0018-11-12 09:00:00,18,11,12,9,0,690,270,rue de la Poste,45.63059,4.93385,Plein jour,En agglomération,Giratoire,Normale,Autre collision,,,,,,,,,,,1,2,6,1.0,6.0
201800001785,0018-11-29 17:30:00,18,11,29,17,30,690,273,6 avenue Gabriel Peri,45.6816,4.92359,Nuit sans éclairage public,En agglomération,Hors intersection,Temps couvert,Deux véhicules - côté,,,,,,,,,,,3,2,1,8.0,3.0
201800001786,0018-12-07 15:30:00,18,12,7,15,30,690,270,85 avenue de chaponnay,45.64979,4.92486,Plein jour,En agglomération,Hors intersection,Pluie légère,Autre collision,,,,,,,,,,,1,2,1,2.0,6.0
201800001787,0018-01-13 19:30:00,18,1,13,19,30,690,171,quai de la brevenne,45.81114,4.59975,Nuit avec éclairage allumé,En agglomération,Intersection en T,Normale,Deux véhicules - côté,,,,,,,,,,,5,2,3,1.0,3.0
201800001788,0018-04-12 05:00:00,18,4,12,5,0,690,10,18 rue charles de gaulle,45.83522,4.61669,Nuit avec éclairage allumé,En agglomération,Hors intersection,Pluie forte,Autre collision,,,,,,,,,,,5,2,1,3.0,6.0
201800001789,0018-04-27 21:35:00,18,4,27,21,35,690,173,chemin de Launay,45.88643,4.5413,Nuit sans éclairage public,Hors agglomération,Hors intersection,Normale,Autre collision,,,,,,,,,,,3,1,1,1.0,6.0
201800001790,0018-05-17 18:10:00,18,5,17,18,10,690,10,route de Lozanne,45.83937,4.62178,Plein jour,Hors agglomération,Hors intersection,Normale,Deux véhicules - côté,,,,,,,,,,,1,1,1,1.0,3.0
201800001791,0018-05-30 17:40:00,18,5,30,17,40,690,175,RD 389,45.81988,4.56563,Plein jour,Hors agglomération,Hors intersection,Pluie forte,Deux véhicules - frontale,,,,,,,,,,,1,1,1,3.0,1.0
201800001792,0018-09-28 20:05:00,18,9,28,20,5,690,231,rue du musée,45.79325,4.61099,Nuit avec éclairage allumé,En agglomération,Intersection en Y,Normale,Deux véhicules - frontale,,,,,,,,,,,5,2,4,1.0,1.0
201800001793,0018-11-11 00:07:00,18,11,11,0,7,690,175,lieu dit mont piollier,45.81706,4.55853,Nuit sans éclairage public,Hors agglomération,Hors intersection,Normale,Autre collision,,,,,,,,,,,3,1,1,1.0,6.0
201800001794,0018-01-13 18:30:00,18,1,13,18,30,690,220,D4,45.72129,4.472,Nuit sans éclairage public,Hors agglomération,Hors intersection,Normale,Deux véhicules - frontale,,,,,,,,,,,3,1,1,1.0,1.0
201800001795,0018-01-16 15:00:00,18,1,16,15,0,690,139,Lieu dit Pontu,45.80467,4.44848,Plein jour,Hors agglomération,Hors intersection,Pluie légère,Autre collision,,,,,,,,,,,1,1,1,2.0,6.0
201800001796,0018-01-24 15:00:00,18,1,24,15,0,690,263,"Lieu dit le COTON, RD4",45.8088,4.4231,Plein jour,Hors agglomération,Hors intersection,Normale,Sans collision,,,,,,,,,,,1,1,1,1.0,7.0
201800001797,0018-04-16 09:20:00,18,4,16,9,20,690,220,RD 389,45.73068,4.50244,Plein jour,Hors agglomération,Hors intersection,Normale,Deux véhicules - frontale,,,,,,,,,,,1,1,1,1.0,1.0
201800001798,0018-05-05 18:00:00,18,5,5,18,0,690,120,Le Viré,45.79948,4.43521,Plein jour,Hors agglomération,Hors intersection,Normale,Deux véhicules - frontale,,,,,,,,,,,1,1,1,1.0,1.0
201800001799,0018-05-19 18:15:00,18,5,19,18,15,690,99,Lieu-dit beaupré,45.69137,4.43366,Plein jour,Hors agglomération,Hors intersection,Normale,Deux véhicules - frontale,,,,,,,,,,,1,1,1,1.0,1.0
201800001800,0018-06-08 17:05:00,18,6,8,17,5,690,220,Intersection D 101 - D 8,45.74827,4.46856,Plein jour,Hors agglomération,Hors intersection,Pluie légère,Deux véhicules - côté,,,,,,,,,,,1,1,1,2.0,3.0
201800001801,0018-07-17 15:45:00,18,7,17,15,45,690,220,lieu dit le marion,45.7321,4.4666,Plein jour,Hors agglomération,Hors intersection,Normale,Autre collision,,,,,,,,,,,1,1,1,1.0,6.0
201800001802,0018-09-18 06:05:00,18,9,18,6,5,690,220,RD81,45.75007,4.47115,Nuit sans éclairage public,Hors agglomération,Intersection en T,Normale,Deux véhicules - côté,,,,,,,,,,,3,1,3,1.0,3.0
201800001803,0018-09-25 09:45:00,18,9,25,9,45,690,38,lieu dit La truelle,45.76587,4.38863,Plein jour,Hors agglomération,Intersection en X,Normale,Deux véhicules - frontale,,,,,,,,,,,1,1,2,1.0,1.0
201800001804,0018-10-19 12:20:00,18,10,19,12,20,690,220,rue du stade,45.7333,4.47232,Plein jour,En agglomération,Autre intersection,Normale,Deux véhicules - arrière,,,,,,,,,,,1,2,9,1.0,2.0
201800001805,0018-11-17 12:45:00,18,11,17,12,45,690,220,"D389, PK17.650",45.72669,4.49589,Plein jour,Hors agglomération,Hors intersection,Temps couvert,Deux véhicules - frontale,,,,,,,,,,,1,1,1,8.0,1.0
201800001806,0018-11-28 18:07:00,18,11,28,18,7,690,178,rd 389 - Lieu dit Bellev,45.70099,4.45822,Nuit avec éclairage allumé,Hors agglomération,Giratoire,Normale,Deux véhicules - côté,,,,,,,,,,,5,1,6,1.0,3.0
201800001807,0018-12-06 15:50:00,18,12,6,15,50,690,203,Lieu-dit Montfort,45.69081,4.50309,Plein jour,Hors agglomération,Hors intersection,Pluie légère,Sans collision,,,,,,,,,,,1,1,1,2.0,7.0
201800001808,0018-04-15 16:50:00,18,4,15,16,50,690,227,lieu dit croix perrière,45.68975,4.57431,Plein jour,Hors agglomération,Hors intersection,Normale,Sans collision,,,,,,,,,,,1,1,1,1.0,7.0