accident_id,datetime,annee,mois,jour,heure,minute,departement,commune_insee,adresse,latitude,longitude,luminosite,agglomeration,intersection,meteo,collision,nb_vehicules,nb_usagers,nb_indemnes,nb_tues,nb_blesses_hosp,nb_blesses_legers,age_cond_1,age_cond_2,veh_type_cond_1,veh_type_cond_2,lum_code,agg_code,int_code,atm_code,col_code
201800001809,0018-05-05 16:30:00,18,5,5,16,30,690,227,la jayoudière,45.69518,4.5574,Plein jour,Hors agglomération,Hors intersection,Normale,Autre collision,,,,,,,,,,,1,1,1,1.0,6.0
201800001810,0018-05-17 16:45:00,18,5,17,16,45,690,227,Route de rontalon,45.65471,4.5775,Plein jour,Hors agglomération,Hors intersection,Normale,Deux véhicules - frontale,,,,,,,,,,,1,1,1,1.0,1.0
201800001811,0018-05-18 11:25:00,18,5,18,11,25,690,227,Lieu dit LA BRUYERE,45.62511,4.55347,Plein jour,Hors agglomération,Hors intersection,Normale,Deux véhicules - côté,,,,,,,,,,,1,1,1,1.0,3.0
201800001812,0018-05-27 11:25:00,18,5,27,11,25,690,227,Lieu dit La Calle,45.61533,4.55574,Plein jour,Hors agglomération,Hors intersection,Pluie légère,Autre collision,,,,,,,,,,,1,1,1,2.0,6.0
201800001813,0018-06-23 11:25:00,18,6,23,11,25,690,95,Route Départementale 34,45.65015,4.40802,Plein jour,Hors agglomération,Hors intersection,Normale,Autre collision,,,,,,,,,,,1,1,1,1.0,6.0
201800001814,0018-09-02 01:55:00,18,9,2,1,55,690,132,Lieu-dit Marguerite,45.68907,4.43204,Nuit sans éclairage public,Hors agglomération,Hors intersection,Normale,Deux véhicules - frontale,,,,,,,,,,,3,1,1,1.0,1.0
201800001815,0018-09-28 16:40:00,18,9,28,16,40,690,227,Rue des cherchères,45.65937,4.55857,Plein jour,En agglomération,Autre intersection,Normale,Deux véhicules - côté,,,,,,,,,,,1,2,9,1.0,3.0
201800001816,0018-10-08 09:15:00,18,10,8,9,15,690,110,la bellardière,45.62199,4.52469,Plein jour,Hors agglomération,Hors intersection,Pluie légère,Autre collision,,,,,,,,,,,1,1,1,2.0,6.0
201800001817,0018-10-15 07:30:00,18,10,15,7,30,690,227,le charinel,45.67376,4.54789,Crépuscule ou aube,Hors agglomération,Intersection en Y,Normale,Deux véhicules - frontale,,,,,,,,,,,2,1,4,1.0,1.0
201800001818,0018-11-01 13:30:00,18,11,1,13,30,690,155,"Lieu dit Chavannes,",45.65241,4.47286,Plein jour,Hors agglomération,Hors intersection,Pluie légère,Deux véhicules - arrière,,,,,,,,,,,1,1,1,2.0,2.0
201800001819,0018-02-25 22:30:00,18,2,25,22,30,690,255,36 route de Bordeaux,45.73267,4.67283,Nuit avec éclairage allumé,En agglomération,Hors intersection,Normale,Autre collision,,,,,,,,,,,5,2,1,1.0,6.0
201800001820,0018-03-07 09:15:00,18,3,7,9,15,690,28,Intersection CD 311 / ch,45.71488,4.69325,Plein jour,En agglomération,Intersection en X,Normale,Deux véhicules - côté,,,,,,,,,,,1,2,2,1.0,3.0
201800001821,0018-03-14 16:54:00,18,3,14,16,54,690,154,D113 - Route de St bonne,45.75763,4.62073,Plein jour,Hors agglomération,Hors intersection,Normale,Autre collision,,,,,,,,,,,1,1,1,1.0,6.0
201800001822,0018-03-17 10:50:00,18,3,17,10,50,690,255,11 avenue docteur serrul,45.73556,4.66138,Plein jour,En agglomération,Hors intersection,Pluie légère,Autre collision,,,,,,,,,,,1,2,1,2.0,6.0
201800001823,0018-03-29 19:40:00,18,3,29,19,40,690,94,,45.74733,4.70685,Crépuscule ou aube,En agglomération,Hors intersection,Temps éblouissant,Autre collision,,,,,,,,,,,2,2,1,7.0,6.0
201800001824,0018-04-12 15:20:00,18,4,12,15,20,690,28,CD 311,45.72277,4.69877,Plein jour,En agglomération,Hors intersection,Normale,Autre collision,,,,,,,,,,,1,2,1,1.0,6.0
201800001825,0018-04-12 12:30:00,18,4,12,12,30,690,28,Rond point du Bouleau,45.71369,4.71362,Plein jour,Hors agglomération,Giratoire,Normale,Deux véhicules - côté,,,,,,,,,,,1,1,6,1.0,3.0
201800001826,0018-04-14 16:15:00,18,4,14,16,15,690,154,PK 07+ 0700,45.77259,4.65886,Plein jour,Hors agglomération,Hors intersection,Normale,Sans collision,,,,,,,,,,,1,1,1,1.0,7.0
201800001827,0018-04-19 15:50:00,18,4,19,15,50,690,269,Départementale D25 PK 14,45.69933,4.60068,Plein jour,Hors agglomération,Hors intersection,Normale,Autre collision,,,,,,,,,,,1,1,1,1.0,6.0
201800001828,0018-04-23 12:30:00,18,4,23,12,30,690,28,122 Route de la Douane,45.72783,4.69325,Plein jour,Hors agglomération,Hors intersection,Normale,Autre collision,,,,,,,,,,,1,1,1,1.0,6.0
201800001829,0018-05-14 09:40:00,18,5,14,9,40,690,28,route de la joanna,45.71343,4.68995,Plein jour,En agglomération,Hors intersection,Pluie forte,Deux véhicules - côté,,,,,,,,,,,1,2,1,3.0,3.0
201800001830,0018-06-03 18:25:00,18,6,3,18,25,690,94,Route du col de la Luère,45.74996,4.68914,Plein jour,En agglomération,Giratoire,Normale,Autre collision,,,,,,,,,,,1,2,6,1.0,6.0
201800001831,0018-06-14 11:15:00,18,6,14,11,15,690,28,D 311 PR 5 + 700,45.70992,4.69075,Plein jour,Hors agglomération,Hors intersection,Normale,Deux véhicules - arrière,,,,,,,,,,,1,1,1,1.0,2.0
201800001832,0018-06-22 13:40:00,18,6,22,13,40,690,249,lieu dit LE ROCHET,45.67545,4.61924,Plein jour,Hors agglomération,Hors intersection,Normale,Autre collision,,,,,,,,,,,1,1,1,1.0,6.0
201800001833,0018-06-23 15:20:00,18,6,23,15,20,690,249,Route d'YZERON,45.69155,4.62678,Plein jour,Hors agglomération,Hors intersection,Normale,Deux véhicules - frontale,,,,,,,,,,,1,1,1,1.0,1.0
201800001834,0018-06-27 08:50:00,18,6,27,8,50,690,94,Chemin de la rivière,45.75205,4.70559,Plein jour,Hors agglomération,Hors intersection,Normale,Deux véhicules - frontale,,,,,,,,,,,1,1,1,1.0,1.0
201800001835,0018-06-30 19:35:00,18,6,30,19,35,690,249,Chemin du Mathy,45.67884,4.64126,Plein jour,Hors agglomération,Intersection en T,Normale,Deux véhicules - côté,,,,,,,,,,,1,1,3,1.0,3.0
201800001836,0018-07-16 16:40:00,18,7,16,16,40,690,154,Route de Vaugneray,45.758,4.66049,Plein jour,Hors agglomération,Hors intersection,Normale,Deux véhicules - frontale,,,,,,,,,,,1,1,1,1.0,1.0
201800001837,0018-07-30 19:25:00,18,7,30,19,25,690,94,route du col de la luère,45.74655,4.65323,Plein jour,Hors agglomération,Autre intersection,Temps éblouissant,Deux véhicules - frontale,,,,,,,,,,,1,1,9,7.0,1.0
201800001838,0018-09-06 14:00:00,18,9,6,14,0,690,94,CD30,45.75077,4.69619,Plein jour,En agglomération,Intersection en X,Normale,Deux véhicules - côté,,,,,,,,,,,1,2,2,1.0,3.0
201800001839,0018-10-11 09:40:00,18,10,11,9,40,690,154,ROUTE DE LA LUERE,45.75596,4.6322,Plein jour,Hors agglomération,Hors intersection,Normale,Sans collision,,,,,,,,,,,1,1,1,1.0,7.0
201800001840,0018-10-14 10:10:00,18,10,14,10,10,690,190,Route de grezieu la vare,45.75987,4.69695,Plein jour,Hors agglomération,Intersection en T,Normale,Deux véhicules - côté,,,,,,,,,,,1,1,3,1.0,3.0
201800001841,0018-10-16 14:10:00,18,10,16,14,10,690,249,ROUTE DE RONTALON,45.67946,4.65046,Plein jour,En agglomération,Intersection en Y,Normale,Deux véhicules - côté,,,,,,,,,,,1,2,4,1.0,3.0
201800001842,0018-10-20 19:00:00,18,10,20,19,0,690,255,RUE DU PONT PINAY,45.72919,4.67424,Crépuscule ou aube,En agglomération,Hors intersection,Normale,Deux véhicules - frontale,,,,,,,,,,,2,2,1,1.0,1.0
201800001843,0018-10-26 07:49:00,18,10,26,7,49,690,28,16 rue des Varennes,45.72343,4.69481,Crépuscule ou aube,En agglomération,Hors intersection,Normale,Autre collision,,,,,,,,,,,2,2,1,1.0,6.0
201800001844,0018-10-27 11:45:00,18,10,27,11,45,690,28,Montée de la bérnade,45.72268,4.69473,Plein jour,En agglomération,Hors intersection,Pluie légère,Deux véhicules - frontale,,,,,,,,,,,1,2,1,2.0,1.0
201800001845,0018-10-30 18:18:00,18,10,30,18,18,690,249,70 route de la Vallée du,45.67907,4.65765,Nuit avec éclairage allumé,En agglomération,Hors intersection,Pluie légère,Deux véhicules - frontale,,,,,,,,,,,5,2,1,2.0,1.0
201800001846,0018-11-01 19:30:00,18,11,1,19,30,690,28,189 route du pont de cha,45.73639,4.71389,Nuit avec éclairage allumé,En agglomération,Hors intersection,Temps couvert,Deux véhicules - frontale,,,,,,,,,,,5,2,1,8.0,1.0
201800001847,0018-12-05 07:25:00,18,12,5,7,25,690,255,79 route de Bordeaux,45.73267,4.67283,Crépuscule ou aube,En agglomération,Hors intersection,Normale,Autre collision,,,,,,,,,,,2,2,1,1.0,6.0
201800001848,0018-12-07 18:55:00,18,12,7,18,55,690,154,rue des écoles,45.76364,4.66056,Nuit sans éclairage public,Hors agglomération,Hors intersection,Pluie légère,Deux véhicules - frontale,,,,,,,,,,,3,1,1,2.0,1.0
201800001849,0018-12-11 07:10:00,18,12,11,7,10,690,131,ROUTE DES MONTS DU LYONN,45.70551,4.68844,Crépuscule ou aube,Hors agglomération,Hors intersection,Normale,Deux véhicules - frontale,,,,,,,,,,,2,1,1,1.0,1.0
201800001850,0018-12-12 11:45:00,18,12,12,11,45,690,249,Croisement chemin du Gér,45.67869,4.63756,Plein jour,Hors agglomération,Hors intersection,Normale,Deux véhicules - côté,,,,,,,,,,,1,1,1,1.0,3.0
201800001851,0018-01-28 04:00:00,18,1,28,4,0,690,291,RD307,45.62828,4.85872,Nuit sans éclairage public,Hors agglomération,Hors intersection,Normale,Sans collision,,,,,,,,,,,3,1,1,1.0,7.0
201800001852,0018-02-01 04:24:00,18,2,1,4,24,690,294,CD 12,45.63263,4.82146,Nuit avec éclairage non allumé,Hors agglomération,Hors intersection,Pluie légère,Autre collision,,,,,,,,,,,4,1,1,2.0,6.0
201800001853,0018-02-25 04:30:00,18,2,25,4,30,690,291,route d'heyrieux - D149,45.63898,4.88153,Nuit sans éclairage public,Hors agglomération,Giratoire,Temps couvert,Sans collision,,,,,,,,,,,3,1,6,8.0,7.0
201800001854,0018-03-26 16:40:00,18,3,26,16,40,690,294,CD 12,45.61169,4.81011,Plein jour,En agglomération,Giratoire,Normale,Deux véhicules - côté,,,,,,,,,,,1,2,6,1.0,3.0
201800001855,0018-04-03 16:45:00,18,4,3,16,45,690,297,intersection CD 12 et ch,45.61536,4.81096,Plein jour,Hors agglomération,Intersection en T,Normale,Trois véhicules et plus - en chaîne,,,,,,,,,,,1,1,3,1.0,4.0
201800001856,0018-04-05 07:45:00,18,4,5,7,45,690,296,route de Chasse sur Rhôn,45.64104,4.82717,Plein jour,Hors agglomération,Hors intersection,Normale,Deux véhicules - côté,,,,,,,,,,,1,1,1,1.0,3.0
201800001857,0018-04-16 17:30:00,18,4,16,17,30,690,272,La chapelle de Li,45.59158,4.85883,Plein jour,Hors agglomération,Hors intersection,Normale,Deux véhicules - arrière,,,,,,,,,,,1,1,1,1.0,2.0
201800001858,0018-05-09 06:58:00,18,5,9,6,58,690,296,CD 312,45.64951,4.83517,Plein jour,Hors agglomération,Hors intersection,Pluie légère,Deux véhicules - frontale,,,,,,,,,,,1,1,1,2.0,1.0
201800001859,0018-05-07 10:20:00,18,5,7,10,20,690,294,23 avenue du dauphiné,45.62903,4.82498,Plein jour,En agglomération,Hors intersection,Normale,Autre collision,,,,,,,,,,,1,2,1,1.0,6.0
201800001860,0018-05-13 23:00:00,18,5,13,23,0,690,296,"départementale 36, rue d",45.64075,4.83692,Nuit sans éclairage public,Hors agglomération,Hors intersection,Pluie légère,Deux véhicules - frontale,,,,,,,,,,,3,1,1,2.0,1.0
201800001861,0018-05-29 14:00:00,18,5,29,14,0,690,297,ROUTE DÉPARTEMENTALE 312,45.6077,4.80378,Plein jour,Hors agglomération,Hors intersection,Normale,Deux véhicules - côté,,,,,,,,,,,1,1,1,1.0,3.0
201800001862,0018-06-03 18:25:00,18,6,3,18,25,690,272,rue du 9 juin 1944,45.59826,4.84472,Plein jour,Hors agglomération,Hors intersection,Normale,Deux véhicules - côté,,,,,,,,,,,1,1,1,1.0,3.0
201800001863,0018-06-27 07:35:00,18,6,27,7,35,690,296,RUE DU RHONE,45.6412,4.83741,Plein jour,En agglomération,Hors intersection,Normale,Deux véhicules - frontale,,,,,,,,,,,1,2,1,1.0,1.0
201800001864,0018-06-27 22:45:00,18,6,27,22,45,690,291,Route départementale 307,45.6478,4.85634,Nuit sans éclairage public,Hors agglomération,Hors intersection,Normale,Autre collision,,,,,,,,,,,3,1,1,1.0,6.0
201800001865,0018-07-12 13:40:00,18,7,12,13,40,690,291,Route nationale 7,45.64158,4.85625,Plein jour,Hors agglomération,Intersection en T,Normale,Deux véhicules - côté,,,,,,,,,,,1,1,3,1.0,3.0
201800001866,0018-07-15 06:30:00,18,7,15,6,30,690,297,28 rue de Villeneuve,45.60522,4.81519,Plein jour,En agglomération,Hors intersection,Normale,Autre collision,,,,,,,,,,,1,2,1,1.0,6.0
201800001867,0018-07-29 05:40:00,18,7,29,5,40,690,297,CD 12,45.59971,4.7952,Crépuscule ou aube,Hors agglomération,Hors intersection,Normale,Deux véhicules - arrière,,,,,,,,,,,2,1,1,1.0,2.0
201800001868,0018-10-03 00:37:00,18,10,3,0,37,690,291,CD 307,45.61903,4.85493,Nuit sans éclairage public,Hors agglomération,Hors intersection,Normale,Autre collision,,,,,,,,,,,3,1,1,1.0,6.0
201800001869,0018-10-12 17:10:00,18,10,12,17,10,690,295,route de CHUZELLES,45.61093,4.87347,Plein jour,Hors agglomération,Intersection en T,Normale,Autre collision,,,,,,,,,,,1,1,3,1.0,6.0
201800001870,0018-10-20 12:45:00,18,10,20,12,45,690,295,D307,45.6159,4.85463,Plein jour,Hors agglomération,Hors intersection,Normale,Deux véhicules - côté,,,,,,,,,,,1,1,1,1.0,3.0
201800001871,0018-12-02 00:50:00,18,12,2,0,50,690,296,CD 312,45.64753,4.83339,Nuit avec éclairage non allumé,Hors agglomération,Hors intersection,Pluie forte,Deux véhicules - arrière,,,,,,,,,,,4,1,1,3.0,2.0
201800001872,0018-01-13 16:10:00,18,1,13,16,10,690,141,Route de Bellevue,45.60256,4.66763,Plein jour,En agglomération,Intersection à plus de 4 branches,Normale,Deux véhicules - côté,,,,,,,,,,,1,2,5,1.0,3.0
201800001873,0018-01-16 18:10:00,18,1,16,18,10,690,249,ROUTE DEPARTEMENTALE 75,45.6687,4.6459,Nuit sans éclairage public,Hors agglomération,Hors intersection,Normale,Deux véhicules - frontale,,,,,,,,,,,3,1,1,1.0,1.0
201800001874,0018-05-11 19:10:00,18,5,11,19,10,690,219,RD 30,45.6429,4.68427,Plein jour,Hors agglomération,Hors intersection,Normale,Deux véhicules - frontale,,,,,,,,,,,1,1,1,1.0,1.0
201800001875,0018-06-10 10:00:00,18,6,10,10,0,690,228,CD342,45.56604,4.64406,Plein jour,Hors agglomération,Hors intersection,Normale,Autre collision,,,,,,,,,,,1,1,1,1.0,6.0
201800001876,0018-06-25 14:10:00,18,6,25,14,10,690,141,CD 34,45.61448,4.6733,Plein jour,En agglomération,Hors intersection,Normale,Deux véhicules - côté,,,,,,,,,,,1,2,1,1.0,3.0
201800001877,0018-07-04 13:00:00,18,7,4,13,0,690,148,D36e,45.66266,4.71325,Plein jour,Hors agglomération,Intersection en T,Normale,Deux véhicules - frontale,,,,,,,,,,,1,1,3,1.0,1.0
201800001878,0018-07-10 06:40:00,18,7,10,6,40,690,228,bellevue,45.58889,4.66616,Plein jour,Hors agglomération,Intersection en X,Normale,Deux véhicules - côté,,,,,,,,,,,1,1,2,1.0,3.0
201800001879,0018-07-27 21:05:00,18,7,27,21,5,690,148,d36,45.65928,4.72866,Nuit sans éclairage public,Hors agglomération,Hors intersection,Normale,Deux véhicules - côté,,,,,,,,,,,3,1,1,1.0,3.0
201800001880,0018-07-26 07:15:00,18,7,26,7,15,690,141,D342,45.6043,4.68869,Plein jour,Hors agglomération,Intersection en Y,Normale,Deux véhicules - arrière,,,,,,,,,,,1,1,4,1.0,2.0
201800001881,0018-08-10 12:40:00,18,8,10,12,40,690,236,D488,45.56602,4.70305,Plein jour,Hors agglomération,Intersection en X,Normale,Deux véhicules - frontale,,,,,,,,,,,1,1,2,1.0,1.0
201800001882,0018-09-01 11:20:00,18,9,1,11,20,690,148,CD 36E,45.65885,4.7187,Plein jour,En agglomération,Hors intersection,Normale,Autre collision,,,,,,,,,,,1,2,1,1.0,6.0
201800001883,0018-09-15 15:30:00,18,9,15,15,30,690,219,D30,45.64337,4.68493,Plein jour,Hors agglomération,Hors intersection,Normale,Deux véhicules - frontale,,,,,,,,,,,1,1,1,1.0,1.0
201800001884,0018-09-15 19:15:00,18,9,15,19,15,690,219,route de ravel,45.63241,4.69134,Plein jour,Hors agglomération,Hors intersection,Normale,Deux véhicules - frontale,,,,,,,,,,,1,1,1,1.0,1.0
201800001885,0018-09-23 05:55:00,18,9,23,5,55,690,176,13 chemin de la chaucher,45.66641,4.66914,Nuit avec éclairage non allumé,En agglomération,Intersection en X,Normale,Deux véhicules - côté,,,,,,,,,,,4,2,2,1.0,3.0
201800001886,0018-10-04 18:55:00,18,10,4,18,55,690,141,route des ollagnons,45.62153,4.67579,Plein jour,Hors agglomération,Intersection en X,Normale,Deux véhicules - côté,,,,,,,,,,,1,1,2,1.0,3.0
201800001887,0018-10-10 16:50:00,18,10,10,16,50,690,51,D34,45.63449,4.63326,Plein jour,Hors agglomération,Hors intersection,Temps couvert,Deux véhicules - frontale,,,,,,,,,,,1,1,1,8.0,1.0
201800001888,0018-11-29 11:45:00,18,11,29,11,45,690,141,boulevard du général de,45.61925,4.66681,Plein jour,En agglomération,Hors intersection,Normale,Sans collision,,,,,,,,,,,1,2,1,1.0,7.0
201800001889,0018-12-05 08:30:00,18,12,5,8,30,690,141,300 RD 42 platières,45.61482,4.70446,Plein jour,Hors agglomération,Hors intersection,Normale,Deux véhicules - côté,,,,,,,,,,,1,1,1,1.0,3.0
201800001890,0018-12-14 11:55:00,18,12,14,11,55,690,148,D36,45.64753,4.70037,Plein jour,Hors agglomération,Hors intersection,Normale,Autre collision,,,,,,,,,,,1,1,1,1.0,6.0
201800001891,0018-07-29 12:10:00,18,7,29,12,10,690,74,d76 lieu dit mondard,46.0114,4.65139,Plein jour,Hors agglomération,Hors intersection,Normale,Autre collision,,,,,,,,,,,1,1,1,1.0,6.0
201800001892,0018-10-09 14:30:00,18,10,9,14,30,690,192,lieu dit narbonne,46.03043,4.53678,Plein jour,Hors agglomération,Hors intersection,Normale,Autre collision,,,,,,,,,,,1,1,1,1.0,6.0
201800001893,0018-12-14 23:15:00,18,12,14,23,15,690,105,D84,45.98248,4.64516,Nuit sans éclairage public,Hors agglomération,Hors intersection,Normale,Autre collision,,,,,,,,,,,3,1,1,1.0,6.0
201800001894,0018-12-15 19:25:00,18,12,15,19,25,690,74,Départementale 504 - 256,45.99923,4.63398,Nuit sans éclairage public,Hors agglomération,Hors intersection,Pluie légère,Deux véhicules - frontale,,,,,,,,,,,3,1,1,2.0,1.0
201800001895,0018-12-31 16:50:00,18,12,31,16,50,690,122,921 route de l'Azergues,45.91316,4.71636,Plein jour,En agglomération,Hors intersection,Pluie légère,Autre collision,,,,,,,,,,,1,2,1,2.0,6.0
201800001896,0018-01-26 07:00:00,18,1,26,7,0,690,121,rue du pont,45.8552,4.6797,Crépuscule ou aube,En agglomération,Hors intersection,Pluie forte,Autre collision,,,,,,,,,,,2,2,1,3.0,6.0
201800001897,0018-03-13 11:50:00,18,3,13,11,50,690,20,intersection CD 70 et CD,45.87014,4.67112,Plein jour,En agglomération,Intersection en X,Temps couvert,Deux véhicules - côté,,,,,,,,,,,1,2,2,8.0,3.0
201800001898,0018-03-27 10:00:00,18,3,27,10,0,690,9,Avenue de l'Europe,45.9352,4.7131,Plein jour,En agglomération,Giratoire,Normale,Deux véhicules - côté,,,,,,,,,,,1,2,6,1.0,3.0
201800001899,0018-04-01 05:50:00,18,4,1,5,50,690,159,route de jarnioux,45.96092,4.64256,Nuit avec éclairage allumé,En agglomération,Hors intersection,Pluie légère,Autre collision,,,,,,,,,,,5,2,1,2.0,6.0
201800001900,0018-04-06 13:40:00,18,4,6,13,40,690,47,Carrefour RD 70 et D655,45.90208,4.67635,Plein jour,Hors agglomération,Intersection en X,Temps éblouissant,Deux véhicules - côté,,,,,,,,,,,1,1,2,7.0,3.0
201800001901,0018-04-13 11:30:00,18,4,13,11,30,690,9,Place des frères giraude,45.93579,4.72192,Plein jour,En agglomération,Hors intersection,Normale,Autre collision,,,,,,,,,,,1,2,1,1.0,6.0
201800001902,0018-04-23 17:00:00,18,4,23,17,0,690,156,CHEMIN DE BETHLEEM,45.95632,4.69245,Plein jour,En agglomération,Hors intersection,Normale,Autre collision,,,,,,,,,,,1,2,1,1.0,6.0
201800001903,0018-05-10 22:40:00,18,5,10,22,40,690,4,D76,45.91706,4.65379,Nuit sans éclairage public,Hors agglomération,Hors intersection,Normale,Deux véhicules - arrière,,,,,,,,,,,3,1,1,1.0,2.0
201800001904,0018-06-09 16:15:00,18,6,9,16,15,690,9,10 RUE DE LA LIBÉRATION,45.93686,4.72047,Plein jour,En agglomération,Hors intersection,Normale,Deux véhicules - côté,,,,,,,,,,,1,2,1,1.0,3.0
201800001905,0018-06-19 20:30:00,18,6,19,20,30,690,9,rue des 3 chatels,45.93129,4.71555,Plein jour,En agglomération,Intersection en T,Normale,Deux véhicules - frontale,,,,,,,,,,,1,2,3,1.0,1.0
201800001906,0018-07-05 14:30:00,18,7,5,14,30,690,20,ROUTE BUISSONIERE,45.86466,4.662,Plein jour,Hors agglomération,Autre intersection,Normale,Sans collision,,,,,,,,,,,1,1,9,1.0,7.0
201800001907,0018-09-07 21:10:00,18,9,7,21,10,690,4,"RD 39, route des bois d'",45.92693,4.65622,Nuit sans éclairage public,Hors agglomération,Hors intersection,Normale,Autre collision,,,,,,,,,,,3,1,1,1.0,6.0
201800001908,0018-09-30 10:15:00,18,9,30,10,15,690,52,63 Rue des Bageardes,45.86974,4.69834,Plein jour,Hors agglomération,Hors intersection,Normale,Autre collision,,,,,,,,,,,1,1,1,1.0,6.0
201800001909,0018-10-22 18:45:00,18,10,22,18,45,690,52,ROUTE DE LOZANNE,45.87497,4.70986,Crépuscule ou aube,En agglomération,Intersection en X,Normale,Deux véhicules - frontale,,,,,,,,,,,2,2,2,1.0,1.0
201800001910,0018-11-06 16:50:00,18,11,6,16,50,690,122,CHEMIN DES CRETES,45.92314,4.69705,Plein jour,Hors agglomération,Hors intersection,Pluie légère,Deux véhicules - frontale,,,,,,,,,,,1,1,1,2.0,1.0
201800001911,0018-12-06 11:40:00,18,12,6,11,40,690,9,allee du colombier/D 39,45.94402,4.72621,Plein jour,Hors agglomération,Intersection en X,Normale,Sans collision,,,,,,,,,,,1,1,2,1.0,7.0
201800001912,0018-12-18 11:30:00,18,12,18,11,30,690,9,ROUTE DE LYON,45.93568,4.72167,Plein jour,En agglomération,Hors intersection,Normale,Deux véhicules - côté,,,,,,,,,,,1,2,1,1.0,3.0
201800001913,0018-01-07 03:00:00,18,1,7,3,0,690,206,Avenue Léon Foillard,46.06282,4.72263,Nuit avec éclairage allumé,En agglomération,Intersection en X,Normale,Deux véhicules - côté,,,,,,,,,,,5,2,2,1.0,3.0
201800001914,0018-01-07 20:00:00,18,1,7,20,0,690,23,1002 route de la talleba,46.05051,4.6555,Nuit avec éclairage allumé,Hors agglomération,Hors intersection,Normale,Autre collision,,,,,,,,,,,5,1,1,1.0,6.0
201800001915,0018-01-17 18:45:00,18,1,17,18,45,690,65,Lieu dit le vieux bourg,46.16092,4.72535,Nuit sans éclairage public,Hors agglomération,Hors intersection,Normale,Autre collision,,,,,,,,,,,3,1,1,1.0,6.0
201800001916,0018-02-07 07:20:00,18,2,7,7,20,690,206,MOL DE VAUX,46.08671,4.72827,Crépuscule ou aube,Hors agglomération,Hors intersection,Neige / grêle,Deux véhicules - côté,,,,,,,,,,,2,1,1,4.0,3.0
201800001917,0018-03-21 09:30:00,18,3,21,9,30,690,211,départementale 306,46.12688,4.73878,Plein jour,Hors agglomération,Hors intersection,Normale,Trois véhicules et plus - collisions multiples,,,,,,,,,,,1,1,1,1.0,5.0
201800001918,0018-04-19 12:17:00,18,4,19,12,17,690,242,RD 109 ROUTE DE BELLEVIL,46.12147,4.76641,Plein jour,Hors agglomération,Hors intersection,Normale,Deux véhicules - frontale,,,,,,,,,,,1,1,1,1.0,1.0
201800001919,0018-04-21 19:00:00,18,4,21,19,0,690,211,RD306,46.15901,4.74466,Plein jour,Hors agglomération,Hors intersection,Temps éblouissant,Deux véhicules - côté,,,,,,,,,,,1,1,1,7.0,3.0
201800001920,0018-05-04 15:45:00,18,5,4,15,45,690,218,D337 lieu dit Briante,46.12018,4.6887,Plein jour,Hors agglomération,Hors intersection,Normale,Deux véhicules - frontale,,,,,,,,,,,1,1,1,1.0,1.0
201800001921,0018-05-14 11:45:00,18,5,14,11,45,690,19,Rue de la république,46.10855,4.75128,Plein jour,En agglomération,Hors intersection,Pluie légère,Deux véhicules - arrière,,,,,,,,,,,1,2,1,2.0,2.0
201800001922,0018-06-09 00:01:00,18,6,9,0,1,690,19,1 rue de la république,46.10986,4.74424,Nuit avec éclairage allumé,En agglomération,Hors intersection,Normale,Sans collision,,,,,,,,,,,5,2,1,1.0,7.0
201800001923,0018-06-12 13:40:00,18,6,12,13,40,690,218,chemin des RAVATYS,46.11682,4.67383,Plein jour,En agglomération,Hors intersection,Normale,Deux véhicules - côté,,,,,,,,,,,1,2,1,1.0,3.0
201800001924,0018-06-16 15:50:00,18,6,16,15,50,690,197,D43,46.05307,4.65972,Plein jour,Hors agglomération,Hors intersection,Normale,Deux véhicules - côté,,,,,,,,,,,1,1,1,1.0,3.0
201800001925,0018-06-28 18:35:00,18,6,28,18,35,690,19,RD19,46.09798,4.70137,Plein jour,Hors agglomération,Hors intersection,Temps éblouissant,Autre collision,,,,,,,,,,,1,1,1,7.0,6.0
201800001926,0018-08-16 16:00:00,18,8,16,16,0,690,65,Lieu-dit Chassagne,46.14371,4.72667,Plein jour,Hors agglomération,Hors intersection,Normale,Autre collision,,,,,,,,,,,1,1,1,1.0,6.0
201800001927,0018-08-27 12:40:00,18,8,27,12,40,690,36,80 grande rue,46.11938,4.66796,Plein jour,En agglomération,Hors intersection,Normale,Trois véhicules et plus - collisions multiples,,,,,,,,,,,1,2,1,1.0,5.0
201800001928,0018-10-06 16:30:00,18,10,6,16,30,690,197,D49,46.05348,4.65782,Plein jour,Hors agglomération,Hors intersection,Pluie légère,Deux véhicules - frontale,,,,,,,,,,,1,1,1,2.0,1.0