accident_id,datetime,annee,mois,jour,heure,minute,departement,commune_insee,adresse,latitude,longitude,luminosite,agglomeration,intersection,meteo,collision,nb_vehicules,nb_usagers,nb_indemnes,nb_tues,nb_blesses_hosp,nb_blesses_legers,age_cond_1,age_cond_2,veh_type_cond_1,veh_type_cond_2,lum_code,agg_code,int_code,atm_code,col_code
201800002176,0018-12-14 19:10:00,18,12,14,19,10,20,722,COMMERCE ( RUE DU ),49.38175,3.3278,Nuit avec éclairage allumé,En agglomération,Intersection en X,Normale,Autre collision,,,,,,,,,,,5,2,2,1.0,6.0
201800002177,0018-12-14 20:40:00,18,12,14,20,40,20,64,ROUTE NATIONALE 2,49.36131,3.33683,Nuit sans éclairage public,Hors agglomération,Hors intersection,Normale,Deux véhicules - frontale,,,,,,,,,,,3,1,1,1.0,1.0
201800002178,0018-12-10 07:52:00,18,12,10,7,52,20,722,PARIS ( AVENUE DE),49.3788,3.31895,Crépuscule ou aube,En agglomération,Hors intersection,Temps couvert,Autre collision,,,,,,,,,,,2,2,1,8.0,6.0
201800002179,0018-05-11 15:00:00,18,5,11,15,0,380,158,rue Evariste Galois,45.15138,5.73938,Plein jour,En agglomération,Hors intersection,Normale,Deux véhicules - arrière,,,,,,,,,,,1,2,1,1.0,2.0
201800002180,0018-09-03 09:50:00,18,9,3,9,50,380,57,Parking Av République,45.14199,5.7355,Plein jour,En agglomération,Autre intersection,Normale,Autre collision,,,,,,,,,,,1,2,9,1.0,6.0
201800002181,0018-09-20 15:00:00,18,9,20,15,0,380,158,D5,45.1576,5.7464,Plein jour,En agglomération,Hors intersection,Normale,Deux véhicules - côté,,,,,,,,,,,1,2,1,1.0,3.0
201800002182,0018-10-17 17:50:00,18,10,17,17,50,380,158,D5,45.16567,5.7423,Plein jour,En agglomération,Hors intersection,Normale,Sans collision,,,,,,,,,,,1,2,1,1.0,7.0
201800002183,0018-10-29 17:10:00,18,10,29,17,10,380,158,D5,45.15002,5.75013,Plein jour,En agglomération,Intersection en X,Pluie légère,Autre collision,,,,,,,,,,,1,2,2,2.0,6.0
201800002184,0018-04-25 16:40:00,18,4,25,16,40,380,317,RN85,45.12134,5.69679,Plein jour,Hors agglomération,Hors intersection,Normale,Autre collision,,,,,,,,,,,1,1,1,1.0,6.0
201800002185,0018-07-05 11:15:00,18,7,5,11,15,380,317,cours St André,45.12568,5.69804,Plein jour,En agglomération,Hors intersection,Normale,Deux véhicules - côté,,,,,,,,,,,1,2,1,1.0,3.0
201800002186,0018-04-08 03:00:00,18,4,8,3,0,380,382,avenue de l'ile brune,45.2289,5.6674,Nuit avec éclairage non allumé,En agglomération,Hors intersection,Normale,Deux véhicules - frontale,,,,,,,,,,,4,2,1,1.0,1.0
201800002187,0018-04-26 18:50:00,18,4,26,18,50,380,382,route de lyon,45.24275,5.67068,Plein jour,En agglomération,Intersection en T,Normale,Deux véhicules - côté,,,,,,,,,,,1,2,3,1.0,3.0
201800002188,0018-06-26 19:45:00,18,6,26,19,45,380,382,"23, rue glairaux",45.22074,5.67482,Plein jour,En agglomération,Hors intersection,Normale,Deux véhicules - arrière,,,,,,,,,,,1,2,1,1.0,2.0
201800002189,0018-07-02 19:10:00,18,7,2,19,10,380,382,Avenue de l'Europe,45.23849,5.67408,Plein jour,En agglomération,Intersection en T,Normale,Sans collision,,,,,,,,,,,1,2,3,1.0,7.0
201800002190,0018-07-24 20:30:00,18,7,24,20,30,380,382,route de Grenoble,45.22067,5.69095,Plein jour,En agglomération,Autre intersection,Normale,Deux véhicules - côté,,,,,,,,,,,1,2,9,1.0,3.0
201800002191,0018-09-17 11:55:00,18,9,17,11,55,380,382,Avenue du Général De Gau,45.23072,5.68163,Plein jour,En agglomération,Intersection en X,Normale,Deux véhicules - côté,,,,,,,,,,,1,2,2,1.0,3.0
201800002192,0018-10-18 07:40:00,18,10,18,7,40,380,382,D105F,45.24025,5.66663,Crépuscule ou aube,En agglomération,Intersection en X,Normale,Deux véhicules - côté,,,,,,,,,,,2,2,2,1.0,3.0
201800002193,0018-11-11 18:30:00,18,11,11,18,30,380,325,D105,45.25798,5.6958,Nuit sans éclairage public,Hors agglomération,Hors intersection,Normale,Sans collision,,,,,,,,,,,3,1,1,1.0,7.0
201800002194,0018-12-30 20:40:00,18,12,30,20,40,380,382,D1075,45.23277,5.67927,Nuit avec éclairage allumé,En agglomération,Hors intersection,Normale,Deux véhicules - côté,,,,,,,,,,,5,2,1,1.0,3.0
201800002195,0018-02-01 17:50:00,18,2,1,17,50,380,405,520,45.37066,5.68828,Crépuscule ou aube,Hors agglomération,Hors intersection,Normale,Deux véhicules - frontale,,,,,,,,,,,2,1,1,1.0,1.0
201800002196,0018-02-06 18:30:00,18,2,6,18,30,380,412,RD 520 - chemin des char,45.38654,5.71672,Crépuscule ou aube,Hors agglomération,Intersection en T,Normale,Deux véhicules - côté,,,,,,,,,,,2,1,3,1.0,3.0
201800002197,0018-02-11 06:30:00,18,2,11,6,30,380,442,D512 - La Diat,45.33653,5.80684,Crépuscule ou aube,Hors agglomération,Hors intersection,Temps couvert,Autre collision,,,,,,,,,,,2,1,1,8.0,6.0
201800002198,0018-02-13 16:40:00,18,2,13,16,40,380,442,Col de cucheron,45.36499,5.8337,Plein jour,Hors agglomération,Hors intersection,Normale,Sans collision,,,,,,,,,,,1,1,1,1.0,7.0
201800002199,0018-03-27 04:45:00,18,3,27,4,45,380,236,D49,45.43146,5.71765,Nuit sans éclairage public,Hors agglomération,Hors intersection,Normale,Autre collision,,,,,,,,,,,3,1,1,1.0,6.0
201800002200,0018-03-31 00:01:00,18,3,31,0,1,380,442,D520B,45.35048,5.77411,Nuit sans éclairage public,Hors agglomération,Hors intersection,Neige / grêle,Sans collision,,,,,,,,,,,3,1,1,4.0,7.0
201800002201,0018-04-06 15:20:00,18,4,6,15,20,380,405,Carrefour Le Demay,45.36283,5.67915,Plein jour,Hors agglomération,Intersection en T,Normale,Deux véhicules - frontale,,,,,,,,,,,1,1,3,1.0,1.0
201800002202,0018-04-22 15:30:00,18,4,22,15,30,380,442,D520B,45.34793,5.78811,Plein jour,Hors agglomération,Hors intersection,Temps éblouissant,Sans collision,,,,,,,,,,,1,1,1,7.0,7.0
201800002203,0018-05-03 17:20:00,18,5,3,17,20,380,412,D520 -route des échelles,45.39932,5.74396,Plein jour,En agglomération,Hors intersection,Pluie légère,Trois véhicules et plus - collisions multiples,,,,,,,,,,,1,2,1,2.0,5.0
201800002204,0018-05-05 11:50:00,18,5,5,11,50,380,412,FOURVOIRIE,45.36832,5.75075,Plein jour,Hors agglomération,Hors intersection,Normale,Autre collision,,,,,,,,,,,1,1,1,1.0,6.0
201800002205,0018-05-15 07:00:00,18,5,15,7,0,380,405,D520,45.36281,5.67923,Plein jour,Hors agglomération,Intersection en T,Normale,Deux véhicules - frontale,,,,,,,,,,,1,1,3,1.0,1.0
201800002206,0018-06-17 17:10:00,18,6,17,17,10,380,405,lieu dit le DEMAY,45.36354,5.6767,Plein jour,Hors agglomération,Hors intersection,Normale,Sans collision,,,,,,,,,,,1,1,1,1.0,7.0
201800002207,0018-06-27 03:25:00,18,6,27,3,25,380,376,D 520 C,45.43096,5.79537,Nuit sans éclairage public,Hors agglomération,Hors intersection,Normale,Autre collision,,,,,,,,,,,3,1,1,1.0,6.0
201800002208,0018-07-18 19:15:00,18,7,18,19,15,380,442,D 512 lieu dit le blanch,45.30675,5.77175,Crépuscule ou aube,Hors agglomération,Hors intersection,Normale,Sans collision,,,,,,,,,,,2,1,1,1.0,7.0
201800002209,0018-08-05 17:50:00,18,8,5,17,50,380,405,RD520A,45.35529,5.67284,Plein jour,Hors agglomération,Hors intersection,Normale,Autre collision,,,,,,,,,,,1,1,1,1.0,6.0
201800002210,0018-08-07 11:05:00,18,8,7,11,5,380,376,rd520c,45.42144,5.81574,Plein jour,Hors agglomération,Hors intersection,Normale,Deux véhicules - côté,,,,,,,,,,,1,1,1,1.0,3.0
201800002211,0018-08-31 18:10:00,18,8,31,18,10,380,155,route du marais,45.42162,5.76246,Plein jour,Hors agglomération,Hors intersection,Normale,Sans collision,,,,,,,,,,,1,1,1,1.0,7.0
201800002212,0018-02-03 18:15:00,18,2,3,18,15,380,474,Avenue de Valence,45.22011,5.66012,Nuit avec éclairage allumé,En agglomération,Hors intersection,Normale,Trois véhicules et plus - en chaîne,,,,,,,,,,,5,2,1,1.0,4.0
201800002213,0018-03-01 03:35:00,18,3,1,3,35,380,540,D 3,45.271,5.62119,Nuit sans éclairage public,Hors agglomération,Hors intersection,Neige / grêle,Autre collision,,,,,,,,,,,3,1,1,4.0,6.0
201800002214,0018-03-24 15:45:00,18,3,24,15,45,380,540,364 avenue de Valence,45.26655,5.6222,Plein jour,Hors agglomération,Hors intersection,Normale,Sans collision,,,,,,,,,,,1,1,1,1.0,7.0
201800002215,0018-04-21 13:20:00,18,4,21,13,20,380,540,D1532,45.27911,5.61784,Plein jour,Hors agglomération,Hors intersection,Normale,Sans collision,,,,,,,,,,,1,1,1,1.0,7.0
201800002216,0018-04-26 14:30:00,18,4,26,14,30,380,153,D531,45.1747,5.61703,Plein jour,Hors agglomération,Hors intersection,Autre,Sans collision,,,,,,,,,,,1,1,1,9.0,7.0
201800002217,0018-05-06 16:00:00,18,5,6,16,0,380,153,Lieu dit Laliarrey,45.19854,5.62815,Plein jour,Hors agglomération,Hors intersection,Normale,Sans collision,,,,,,,,,,,1,1,1,1.0,7.0
201800002218,0018-05-27 10:47:00,18,5,27,10,47,380,474,D1523,45.21467,5.66127,Plein jour,En agglomération,Hors intersection,Normale,Autre collision,,,,,,,,,,,1,2,1,1.0,6.0
201800002219,0018-07-12 13:26:00,18,7,12,13,26,380,281,Piste cyclable,45.25276,5.64127,Plein jour,Hors agglomération,Hors intersection,Normale,Deux véhicules - frontale,,,,,,,,,,,1,1,1,1.0,1.0
201800002220,0018-10-03 16:45:00,18,10,3,16,45,380,474,Avenue de Valence,45.21419,5.66129,Plein jour,En agglomération,Hors intersection,Normale,Trois véhicules et plus - collisions multiples,,,,,,,,,,,1,2,1,1.0,5.0
201800002221,0018-10-13 12:15:00,18,10,13,12,15,380,169,Chemin sur la Digue,45.20378,5.6883,Plein jour,En agglomération,Hors intersection,Normale,Deux véhicules - frontale,,,,,,,,,,,1,2,1,1.0,1.0
201800002222,0018-10-14 19:05:00,18,10,14,19,5,380,540,D3,45.26955,5.59643,Nuit sans éclairage public,Hors agglomération,Hors intersection,Normale,Autre collision,,,,,,,,,,,3,1,1,1.0,6.0
201800002223,0018-12-12 06:30:00,18,12,12,6,30,380,474,IMPASSE DU CHARMANT SOM,45.20635,5.68129,Nuit avec éclairage allumé,En agglomération,Intersection en T,Normale,Autre collision,,,,,,,,,,,5,2,3,1.0,6.0
201800002224,0018-12-29 13:45:00,18,12,29,13,45,380,474,8 rue de la maladière,,,Plein jour,En agglomération,Hors intersection,Normale,Deux véhicules - frontale,,,,,,,,,,,1,2,1,1.0,1.0
201800002225,0018-05-12 17:00:00,18,5,12,17,0,380,545,RD1075,45.06648,5.67213,Plein jour,En agglomération,Giratoire,Normale,Deux véhicules - côté,,,,,,,,,,,1,2,6,1.0,3.0
201800002226,0018-06-27 18:10:00,18,6,27,18,10,380,524,24 Route du Pavillon,45.1042,5.68353,Plein jour,En agglomération,Intersection en T,Normale,Deux véhicules - côté,,,,,,,,,,,1,2,3,1.0,3.0
201800002227,0018-07-08 10:00:00,18,7,8,10,0,380,436,Chemin du Bémont,45.06846,5.64952,Plein jour,En agglomération,Hors intersection,Normale,Deux véhicules - côté,,,,,,,,,,,1,2,1,1.0,3.0
201800002228,0018-08-29 10:10:00,18,8,29,10,10,380,524,Route de Grenoble,45.08768,5.66853,Plein jour,Hors agglomération,Giratoire,Normale,Deux véhicules - arrière,,,,,,,,,,,1,1,6,1.0,2.0
201800002229,0018-10-18 21:30:00,18,10,18,21,30,380,187,place du souvenir frança,45.01968,5.64278,Nuit avec éclairage allumé,En agglomération,Hors intersection,Normale,Autre collision,,,,,,,,,,,5,2,1,1.0,6.0
201800002230,0018-11-04 04:00:00,18,11,4,4,0,380,545,Chemin de l' ACHAL,45.07373,5.68052,Nuit sans éclairage public,Hors agglomération,Hors intersection,Normale,Autre collision,,,,,,,,,,,3,1,1,1.0,6.0
201800002231,0018-01-02 13:45:00,18,1,2,13,45,380,205,D532 - Route de GRENOBLE,45.13549,5.58463,Plein jour,Hors agglomération,Hors intersection,Normale,Trois véhicules et plus - collisions multiples,,,,,,,,,,,1,1,1,1.0,5.0
201800002232,0018-02-16 17:55:00,18,2,16,17,55,380,548,1 rue du docteur lefranç,45.07345,5.55414,Crépuscule ou aube,En agglomération,Hors intersection,Normale,Autre collision,,,,,,,,,,,2,2,1,1.0,6.0
201800002233,0018-03-24 17:15:00,18,3,24,17,15,380,129,Le village D 215,45.02951,5.52482,Plein jour,En agglomération,Hors intersection,Normale,Deux véhicules - côté,,,,,,,,,,,1,2,1,1.0,3.0
201800002234,0018-06-03 16:00:00,18,6,3,16,0,380,548,D531,45.08477,5.52069,Plein jour,Hors agglomération,Autre intersection,Temps couvert,Deux véhicules - côté,,,,,,,,,,,1,1,9,8.0,3.0
201800002235,0018-07-14 23:30:00,18,7,14,23,30,380,205,Ch Croix du Vercors,45.12002,5.58109,Nuit sans éclairage public,Hors agglomération,Hors intersection,Normale,Sans collision,,,,,,,,,,,3,1,1,1.0,7.0
201800002236,0018-08-20 17:25:00,18,8,20,17,25,380,225,DÉPARTEMENTALE D106,45.12784,5.52757,Plein jour,En agglomération,Intersection en T,Normale,Deux véhicules - frontale,,,,,,,,,,,1,2,3,1.0,1.0
201800002237,0018-10-19 16:10:00,18,10,19,16,10,380,205,D106,45.13019,5.5795,Plein jour,En agglomération,Hors intersection,Normale,Autre collision,,,,,,,,,,,1,2,1,1.0,6.0
201800002238,0018-03-23 21:17:00,18,3,23,21,17,20,212,"2, AULNES(RUE DES)",49.63959,3.27359,Nuit sans éclairage public,En agglomération,Hors intersection,Normale,Sans collision,,,,,,,,,,,3,2,1,1.0,7.0
201800002239,0018-03-11 19:12:00,18,3,11,19,12,20,59,"27, LOUIS LUMIERE",49.65615,3.34332,Nuit avec éclairage allumé,En agglomération,Hors intersection,Temps couvert,Autre collision,,,,,,,,,,,5,2,1,8.0,6.0
201800002240,0018-04-11 18:45:00,18,4,11,18,45,20,738,FRANKLIN,49.657,3.29067,Plein jour,En agglomération,Giratoire,Normale,Deux véhicules - côté,,,,,,,,,,,1,2,6,1.0,3.0
201800002241,0018-08-10 14:08:00,18,8,10,14,8,20,212,D1032,49.63,3.27497,Plein jour,Hors agglomération,Hors intersection,Normale,Trois véhicules et plus - collisions multiples,,,,,,,,,,,1,1,1,1.0,5.0
201800002242,0018-10-07 16:20:00,18,10,7,16,20,20,738,QUATRE FILS PAUL DOUMER,49.3925,3.1725,Plein jour,En agglomération,Giratoire,Normale,Deux véhicules - côté,,,,,,,,,,,1,2,6,1.0,3.0
201800002243,0018-11-03 21:10:00,18,11,3,21,10,20,738,D1032,49.64387,3.32695,Nuit sans éclairage public,Hors agglomération,Intersection en T,Normale,Deux véhicules - côté,,,,,,,,,,,3,1,3,1.0,3.0
201800002244,0018-12-09 16:20:00,18,12,9,16,20,20,738,CD1,49.66555,3.26444,Crépuscule ou aube,Hors agglomération,Intersection en X,Pluie forte,Sans collision,,,,,,,,,,,2,1,2,3.0,7.0
201800002245,0018-12-11 14:35:00,18,12,11,14,35,20,738,MADAME EUGEL,49.66877,3.28366,Plein jour,En agglomération,Intersection en X,Temps couvert,Deux véhicules - côté,,,,,,,,,,,1,2,2,8.0,3.0
201800002246,0018-04-02 07:45:00,18,4,2,7,45,380,565,642 Rue Emile Romanet,45.30743,5.61772,Crépuscule ou aube,En agglomération,Hors intersection,Normale,Sans collision,,,,,,,,,,,2,2,1,1.0,7.0
201800002247,0018-04-24 13:15:00,18,4,24,13,15,380,312,D520A,45.33931,5.66265,Plein jour,Hors agglomération,Hors intersection,Normale,Sans collision,,,,,,,,,,,1,1,1,1.0,7.0
201800002248,0018-05-18 17:30:00,18,5,18,17,30,380,565,D1075 - AV. DE JUIN 1940,45.30209,5.62679,Plein jour,En agglomération,Hors intersection,Normale,Deux véhicules - côté,,,,,,,,,,,1,2,1,1.0,3.0
201800002249,0018-05-30 16:10:00,18,5,30,16,10,380,565,Rue de Nardan,45.29342,5.63665,Plein jour,En agglomération,Hors intersection,Normale,Autre collision,,,,,,,,,,,1,2,1,1.0,6.0
201800002250,0018-06-11 10:15:00,18,6,11,10,15,380,565,D3,45.28011,5.62436,Plein jour,Hors agglomération,Giratoire,Temps couvert,Deux véhicules - côté,,,,,,,,,,,1,1,6,8.0,3.0
201800002251,0018-06-14 20:00:00,18,6,14,20,0,380,565,D1075,45.29575,5.62888,Plein jour,En agglomération,Giratoire,Normale,Deux véhicules - côté,,,,,,,,,,,1,2,6,1.0,3.0
201800002252,0018-07-04 12:25:00,18,7,4,12,25,380,565,D1085,45.31118,5.61281,Plein jour,Hors agglomération,Hors intersection,Normale,Trois véhicules et plus - en chaîne,,,,,,,,,,,1,1,1,1.0,4.0
201800002253,0018-08-10 18:00:00,18,8,10,18,0,380,565,D3 - Route de l'Isère,45.27572,5.62581,Plein jour,Hors agglomération,Autre intersection,Normale,Trois véhicules et plus - en chaîne,,,,,,,,,,,1,1,9,1.0,4.0
201800002254,0018-08-16 08:00:00,18,8,16,8,0,380,170,D1075 - Route de lyon,45.25348,5.66245,Plein jour,En agglomération,Hors intersection,Normale,Deux véhicules - arrière,,,,,,,,,,,1,2,1,1.0,2.0
201800002255,0018-08-19 15:20:00,18,8,19,15,20,380,471,D512,45.2719,5.76704,Plein jour,Hors agglomération,Hors intersection,Normale,Trois véhicules et plus - collisions multiples,,,,,,,,,,,1,1,1,1.0,5.0
201800002256,0018-09-15 01:30:00,18,9,15,1,30,380,382,D1075 route de Grenoble,45.22067,5.69095,Nuit avec éclairage allumé,En agglomération,Hors intersection,Normale,Deux véhicules - arrière,,,,,,,,,,,5,2,1,1.0,2.0
201800002257,0018-09-23 17:15:00,18,9,23,17,15,380,565,D1075 - AV. DE JUIN 1940,45.29957,5.62807,Plein jour,En agglomération,Hors intersection,Normale,Deux véhicules - arrière,,,,,,,,,,,1,2,1,1.0,2.0
201800002258,0018-11-08 18:10:00,18,11,8,18,10,380,312,D520A,45.32553,5.65629,Nuit sans éclairage public,Hors agglomération,Hors intersection,Normale,Deux véhicules - côté,,,,,,,,,,,3,1,1,1.0,3.0
201800002259,0018-11-27 18:20:00,18,11,27,18,20,380,565,Quai des Chartreux,45.30278,5.63637,Nuit sans éclairage public,Hors agglomération,Hors intersection,Pluie légère,Deux véhicules - frontale,,,,,,,,,,,3,1,1,2.0,1.0
201800002260,0018-12-19 17:45:00,18,12,19,17,45,380,565,Rue de Nardan,45.29152,5.63494,Nuit avec éclairage allumé,En agglomération,Hors intersection,Normale,Deux véhicules - frontale,,,,,,,,,,,5,2,1,1.0,1.0
201800002261,0018-12-24 17:45:00,18,12,24,17,45,380,565,route de chartreuse,45.30406,5.63568,Nuit sans éclairage public,Hors agglomération,Hors intersection,Pluie légère,Autre collision,,,,,,,,,,,3,1,1,2.0,6.0
201800002262,0018-12-29 10:10:00,18,12,29,10,10,380,565,D520A,45.30547,5.63613,Plein jour,Hors agglomération,Hors intersection,Normale,Deux véhicules - frontale,,,,,,,,,,,1,1,1,1.0,1.0
201800002263,0018-01-13 09:05:00,18,1,13,9,5,380,59,route départementale D5,45.12225,5.78094,Plein jour,Hors agglomération,Hors intersection,Normale,Sans collision,,,,,,,,,,,1,1,1,1.0,7.0
201800002264,0018-01-13 12:55:00,18,1,13,12,55,380,528,200 avenue des Vaulnavey,45.11305,5.80617,Plein jour,En agglomération,Hors intersection,Normale,Deux véhicules - côté,,,,,,,,,,,1,2,1,1.0,3.0
201800002265,0018-02-02 09:35:00,18,2,2,9,35,380,68,RD 64,45.11056,5.72144,Plein jour,Hors agglomération,Passage à niveau,Normale,Deux véhicules - côté,,,,,,,,,,,1,1,8,1.0,3.0
201800002266,0018-06-23 15:45:00,18,6,23,15,45,380,68,Route de Champagnier,45.13295,5.71596,Plein jour,Hors agglomération,Hors intersection,Normale,Deux véhicules - arrière,,,,,,,,,,,1,1,1,1.0,2.0
201800002267,0018-06-24 14:30:00,18,6,24,14,30,380,562,rue général de Gaulle,45.07879,5.77331,Plein jour,En agglomération,Intersection en T,Normale,Deux véhicules - côté,,,,,,,,,,,1,2,3,1.0,3.0
201800002268,0018-07-02 07:35:00,18,7,2,7,35,380,68,N 85 Les Isles,45.09277,5.72296,Plein jour,Hors agglomération,Hors intersection,Normale,Autre collision,,,,,,,,,,,1,1,1,1.0,6.0
201800002269,0018-07-08 19:10:00,18,7,8,19,10,380,445,Inter N85 et D101,45.05982,5.75249,Plein jour,Hors agglomération,Intersection en Y,Normale,Deux véhicules - côté,,,,,,,,,,,1,1,4,1.0,3.0
201800002270,0018-07-09 18:10:00,18,7,9,18,10,380,203,N85,45.02568,5.77284,Plein jour,En agglomération,Hors intersection,Normale,Deux véhicules - côté,,,,,,,,,,,1,2,1,1.0,3.0
201800002271,0018-07-21 14:10:00,18,7,21,14,10,380,68,N 85,45.10324,5.70874,Plein jour,Hors agglomération,Hors intersection,Normale,Deux véhicules - frontale,,,,,,,,,,,1,1,1,1.0,1.0
201800002272,0018-07-28 02:45:00,18,7,28,2,45,380,200,montée de la Creuse,45.10102,5.74207,Nuit avec éclairage allumé,En agglomération,Hors intersection,Normale,Autre collision,,,,,,,,,,,5,2,1,1.0,6.0
201800002273,0018-07-31 20:00:00,18,7,31,20,0,380,68,D64,45.12766,5.72341,Crépuscule ou aube,Hors agglomération,Hors intersection,Normale,Deux véhicules - frontale,,,,,,,,,,,2,1,1,1.0,1.0
201800002274,0018-08-03 14:45:00,18,8,3,14,45,380,562,Avenue Maurice Thorez,45.08154,5.77016,Plein jour,En agglomération,Hors intersection,Normale,Trois véhicules et plus - collisions multiples,,,,,,,,,,,1,2,1,1.0,5.0
201800002275,0018-08-17 17:30:00,18,8,17,17,30,380,59,D5,45.13886,5.76959,Plein jour,En agglomération,Intersection en Y,Normale,Deux véhicules - frontale,,,,,,,,,,,1,2,4,1.0,1.0
201800002276,0018-08-21 22:30:00,18,8,21,22,30,380,529,D524 - route d'uriage,45.11546,5.80839,Nuit avec éclairage non allumé,En agglomération,Hors intersection,Pluie légère,Autre collision,,,,,,,,,,,4,2,1,2.0,6.0
201800002277,0018-10-02 09:05:00,18,10,2,9,5,380,203,N85,45.03564,5.76718,Plein jour,Hors agglomération,Hors intersection,Normale,Deux véhicules - arrière,,,,,,,,,,,1,1,1,1.0,2.0
201800002278,0018-10-13 18:30:00,18,10,13,18,30,380,562,D1091,45.05871,5.76884,Plein jour,Hors agglomération,Hors intersection,Normale,Deux véhicules - frontale,,,,,,,,,,,1,1,1,1.0,1.0
201800002279,0018-10-13 15:15:00,18,10,13,15,15,380,388,Rue de la Tour,45.04021,5.70546,Plein jour,En agglomération,Hors intersection,Normale,Deux véhicules - côté,,,,,,,,,,,1,2,1,1.0,3.0
201800002280,0018-10-18 12:30:00,18,10,18,12,30,380,203,N 85,45.02166,5.77442,Plein jour,En agglomération,Hors intersection,Normale,Deux véhicules - côté,,,,,,,,,,,1,2,1,1.0,3.0
201800002281,0018-11-07 13:00:00,18,11,7,13,0,380,200,route de l'élecctrochimi,45.09225,5.7355,Plein jour,Hors agglomération,Hors intersection,Normale,Deux véhicules - côté,,,,,,,,,,,1,1,1,1.0,3.0
201800002282,0018-12-08 15:00:00,18,12,8,15,0,380,277,RD529,,,Plein jour,En agglomération,Hors intersection,Normale,Sans collision,,,,,,,,,,,1,2,1,1.0,7.0
201800002283,0018-04-22 17:15:00,18,4,22,17,15,380,374,Route départementale 19,45.64477,5.30459,Plein jour,Hors agglomération,Hors intersection,Normale,Trois véhicules et plus - en chaîne,,,,,,,,,,,1,1,1,1.0,4.0
201800002284,0018-06-23 16:39:00,18,6,23,16,39,380,91,rue du centre,45.51474,5.3297,Plein jour,Hors agglomération,Intersection en T,Normale,Deux véhicules - frontale,,,,,,,,,,,1,1,3,1.0,1.0
201800002285,0018-08-15 15:00:00,18,8,15,15,0,380,149,D1006 Route de Lyon,45.58543,5.26214,Plein jour,Hors agglomération,Hors intersection,Normale,Autre collision,,,,,,,,,,,1,1,1,1.0,6.0
201800002286,0018-09-08 14:35:00,18,9,8,14,35,380,498,rd 520,45.52193,5.35002,Plein jour,Hors agglomération,Hors intersection,Normale,Deux véhicules - côté,,,,,,,,,,,1,1,1,1.0,3.0
201800002287,0018-10-21 13:00:00,18,10,21,13,0,380,276,D1085,45.56383,5.30351,Plein jour,En agglomération,Intersection en X,Brouillard / fumée,Deux véhicules - côté,,,,,,,,,,,1,2,2,5.0,3.0
201800002288,0018-10-20 18:00:00,18,10,20,18,0,380,149,D1006 Route de Lyon,45.58556,5.26407,Plein jour,En agglomération,Intersection en X,Normale,Deux véhicules - côté,,,,,,,,,,,1,2,2,1.0,3.0
201800002289,0018-12-21 04:35:00,18,12,21,4,35,380,455,D522 - Route du Bugey,45.62422,5.28344,Nuit sans éclairage public,Hors agglomération,Hors intersection,Normale,Deux véhicules - frontale,,,,,,,,,,,3,1,1,1.0,1.0
201800002290,0018-03-07 08:10:00,18,3,7,8,10,380,109,Intersection D18 et chem,45.69995,5.2023,Plein jour,Hors agglomération,Intersection en X,Normale,Deux véhicules - côté,,,,,,,,,,,1,1,2,1.0,3.0
201800002291,0018-04-08 11:00:00,18,4,8,11,0,380,176,route de l'isle d'abeau,45.637,5.20249,Plein jour,Hors agglomération,Hors intersection,Normale,Trois véhicules et plus - collisions multiples,,,,,,,,,,,1,1,1,1.0,5.0
201800002292,0018-05-07 17:35:00,18,5,7,17,35,380,109,Route de Bourgoin-Jallie,45.69995,5.2023,Plein jour,Hors agglomération,Hors intersection,Normale,Deux véhicules - arrière,,,,,,,,,,,1,1,1,1.0,2.0
201800002293,0018-08-04 19:00:00,18,8,4,19,0,380,451,route départementale 55,45.76163,5.20637,Plein jour,Hors agglomération,Hors intersection,Normale,Autre collision,,,,,,,,,,,1,1,1,1.0,6.0
201800002294,0018-11-03 21:55:00,18,11,3,21,55,380,282,D140A,45.74527,5.34502,Nuit sans éclairage public,Hors agglomération,Hors intersection,Normale,Autre collision,,,,,,,,,,,3,1,1,1.0,6.0
201800002295,0018-11-04 05:15:00,18,11,4,5,15,380,515,Route de Morestel,45.68857,5.36283,Nuit sans éclairage public,Hors agglomération,Hors intersection,Normale,Autre collision,,,,,,,,,,,3,1,1,1.0,6.0
201800002296,0018-11-23 06:30:00,18,11,23,6,30,380,190,18 grande rue du moulin,45.80544,5.28928,Nuit avec éclairage allumé,En agglomération,Hors intersection,Pluie légère,Deux véhicules - frontale,,,,,,,,,,,5,2,1,2.0,1.0
201800002297,0018-11-28 09:25:00,18,11,28,9,25,380,138,D65,45.72634,5.25511,Plein jour,En agglomération,Hors intersection,Normale,Autre collision,,,,,,,,,,,1,2,1,1.0,6.0