accident_id,datetime,annee,mois,jour,heure,minute,departement,commune_insee,adresse,latitude,longitude,luminosite,agglomeration,intersection,meteo,collision,nb_vehicules,nb_usagers,nb_indemnes,nb_tues,nb_blesses_hosp,nb_blesses_legers,age_cond_1,age_cond_2,veh_type_cond_1,veh_type_cond_2,lum_code,agg_code,int_code,atm_code,col_code
201800002298,0018-12-09 04:15:00,18,12,9,4,15,380,535,D65,45.77801,5.26245,Nuit sans éclairage public,Hors agglomération,Hors intersection,Pluie légère,Autre collision,,,,,,,,,,,3,1,1,2.0,6.0
201800002299,0018-12-28 20:00:00,18,12,28,20,0,380,109,rue de la bulatière,45.70036,5.21537,Nuit sans éclairage public,En agglomération,Hors intersection,Normale,Autre collision,,,,,,,,,,,3,2,1,1.0,6.0
201800002300,0018-04-21 22:09:00,18,4,21,22,9,380,54,D52 - Route du Revelon,45.79033,5.42858,Nuit sans éclairage public,Hors agglomération,Hors intersection,Normale,Autre collision,,,,,,,,,,,3,1,1,1.0,6.0
201800002301,0018-04-29 18:09:00,18,4,29,18,9,380,26,Lieu-dit Travers,45.83909,5.30487,Plein jour,Hors agglomération,Hors intersection,Normale,Autre collision,,,,,,,,,,,1,1,1,1.0,6.0
201800002302,0018-05-25 13:50:00,18,5,25,13,50,380,320,D52K,45.83619,5.40634,Plein jour,En agglomération,Hors intersection,Temps éblouissant,Autre collision,,,,,,,,,,,1,2,1,7.0,6.0
201800002303,0018-06-30 08:30:00,18,6,30,8,30,380,320,D1075,45.85284,5.40493,Plein jour,Hors agglomération,Intersection en T,Normale,Deux véhicules - frontale,,,,,,,,,,,1,1,3,1.0,1.0
201800002304,0018-07-14 22:11:00,18,7,14,22,11,380,135,D140,45.7382,5.39193,Nuit sans éclairage public,Hors agglomération,Hors intersection,Normale,Sans collision,,,,,,,,,,,3,1,1,1.0,7.0
201800002305,0018-08-23 21:25:00,18,8,23,21,25,380,54,RD 1075,45.7948,5.40302,Nuit sans éclairage public,Hors agglomération,Intersection en Y,Normale,Deux véhicules - côté,,,,,,,,,,,3,1,4,1.0,3.0
201800002306,0018-09-10 13:20:00,18,9,10,13,20,380,26,D65,45.82935,5.31966,Plein jour,Hors agglomération,Hors intersection,Normale,Deux véhicules - frontale,,,,,,,,,,,1,1,1,1.0,1.0
201800002307,0018-10-05 16:45:00,18,10,5,16,45,380,26,CD65,45.86627,5.34304,Plein jour,Hors agglomération,Hors intersection,Normale,Deux véhicules - frontale,,,,,,,,,,,1,1,1,1.0,1.0
201800002308,0018-10-19 14:45:00,18,10,19,14,45,380,539,RD65,45.87456,5.34525,Plein jour,Hors agglomération,Hors intersection,Temps éblouissant,Deux véhicules - côté,,,,,,,,,,,1,1,1,7.0,3.0
201800002309,0018-03-24 15:00:00,18,3,24,15,0,380,464,D51N,45.54266,5.39214,Plein jour,En agglomération,Hors intersection,Normale,Autre collision,,,,,,,,,,,1,2,1,1.0,6.0
201800002310,0018-04-01 09:20:00,18,4,1,9,20,380,401,D1006 Route de Lyon,45.56692,5.40751,Nuit sans éclairage public,En agglomération,Hors intersection,Normale,Autre collision,,,,,,,,,,,3,2,1,1.0,6.0
201800002311,0018-05-06 11:00:00,18,5,6,11,0,380,509,AVENUE JEAN MOULIN,45.57407,5.43911,Plein jour,En agglomération,Intersection en T,Normale,Autre collision,,,,,,,,,,,1,2,3,1.0,6.0
201800002312,0018-05-07 20:40:00,18,5,7,20,40,380,148,D16 - Chemin CroiX Drogu,45.60639,5.46579,Crépuscule ou aube,Hors agglomération,Intersection en X,Normale,Sans collision,,,,,,,,,,,2,1,2,1.0,7.0
201800002313,0018-05-18 10:50:00,18,5,18,10,50,380,509,D1006 Rue P. Vincendon,45.56788,5.43682,Plein jour,En agglomération,Intersection en T,Normale,Deux véhicules - frontale,,,,,,,,,,,1,2,3,1.0,1.0
201800002314,0018-06-23 18:25:00,18,6,23,18,25,380,401,Chemin des Jardins,45.56052,5.42263,Plein jour,En agglomération,Hors intersection,Normale,Sans collision,,,,,,,,,,,1,2,1,1.0,7.0
201800002315,0018-06-26 19:30:00,18,6,26,19,30,380,401,D1006 - route de lyon,45.56813,5.42957,Plein jour,En agglomération,Giratoire,Temps éblouissant,Autre collision,,,,,,,,,,,1,2,6,7.0,6.0
201800002316,0018-07-28 14:00:00,18,7,28,14,0,380,381,D1600,45.55322,5.48939,Plein jour,Hors agglomération,Hors intersection,Temps couvert,Sans collision,,,,,,,,,,,1,1,1,8.0,7.0
201800002317,0018-10-04 11:10:00,18,10,4,11,10,380,401,route de la bourbe,45.56204,5.43037,Plein jour,En agglomération,Autre intersection,Normale,Deux véhicules - côté,,,,,,,,,,,1,2,9,1.0,3.0
201800002318,0018-10-25 08:20:00,18,10,25,8,20,380,381,D93,45.55989,5.46826,Crépuscule ou aube,Hors agglomération,Hors intersection,Normale,Deux véhicules - frontale,,,,,,,,,,,2,1,1,1.0,1.0
201800002319,0018-11-12 16:31:00,18,11,12,16,31,380,162,D145C,45.6008,5.52772,Plein jour,Hors agglomération,Hors intersection,Temps éblouissant,Deux véhicules - arrière,,,,,,,,,,,1,1,1,7.0,2.0
201800002320,0018-01-24 18:35:00,18,1,24,18,35,440,35,La Noue Verrière,47.27601,-1.57101,Nuit sans éclairage public,Hors agglomération,Intersection en T,Temps éblouissant,Deux véhicules - côté,,,,,,,,,,,3,1,3,7.0,3.0
201800002321,0018-01-29 15:20:00,18,1,29,15,20,440,209,134 rue de Nantes,47.2952,-1.61105,Plein jour,Hors agglomération,Hors intersection,Normale,Deux véhicules - côté,,,,,,,,,,,1,1,1,1.0,3.0
201800002322,0018-05-15 19:45:00,18,5,15,19,45,440,35,rue du vivier,47.32993,-1.56506,Plein jour,Hors agglomération,Hors intersection,Temps éblouissant,Deux véhicules - côté,,,,,,,,,,,1,1,1,7.0,3.0
201800002323,0018-07-06 17:20:00,18,7,6,17,20,440,66,"RD537,",47.37588,-1.64147,Plein jour,Hors agglomération,Hors intersection,Normale,Autre collision,,,,,,,,,,,1,1,1,1.0,6.0
201800002324,0018-07-17 15:00:00,18,7,17,15,0,440,35,AVENUE DES NOIERIES,47.29952,-1.55302,Plein jour,En agglomération,Giratoire,Normale,Deux véhicules - frontale,,,,,,,,,,,1,2,6,1.0,1.0
201800002325,0018-05-02 07:58:00,18,5,2,7,58,380,484,D75,45.55066,4.93499,Plein jour,Hors agglomération,Intersection en Y,Normale,Deux véhicules - côté,,,,,,,,,,,1,1,4,1.0,3.0
201800002326,0018-06-02 18:05:00,18,6,2,18,5,380,484,Route de Vienne,45.55353,4.90142,Plein jour,Hors agglomération,Hors intersection,Normale,Deux véhicules - frontale,,,,,,,,,,,1,1,1,1.0,1.0
201800002327,0018-07-13 09:20:00,18,7,13,9,20,380,110,rue de vienne,45.58113,4.87915,Plein jour,En agglomération,Intersection en X,Normale,Deux véhicules - côté,,,,,,,,,,,1,2,2,1.0,3.0
201800002328,0018-08-08 17:55:00,18,8,8,17,55,380,487,RN7,45.56617,4.85841,Plein jour,Hors agglomération,Intersection en X,Normale,Sans collision,,,,,,,,,,,1,1,2,1.0,7.0
201800002329,0018-08-31 16:45:00,18,8,31,16,45,380,215,D36,45.58893,4.95452,Plein jour,Hors agglomération,Autre intersection,Normale,Deux véhicules - côté,,,,,,,,,,,1,1,9,1.0,3.0
201800002330,0018-09-13 17:15:00,18,9,13,17,15,380,87,avenue Frédéric Mistral,45.57512,4.80788,Plein jour,En agglomération,Intersection en X,Normale,Deux véhicules - côté,,,,,,,,,,,1,2,2,1.0,3.0
201800002331,0018-12-19 20:28:00,18,12,19,20,28,380,87,819 rue Pasteur,45.58372,4.79157,Nuit avec éclairage allumé,En agglomération,Hors intersection,Pluie légère,Autre collision,,,,,,,,,,,5,2,1,2.0,6.0
201800002332,0018-12-20 14:40:00,18,12,20,14,40,380,87,Avenue Frédéric Mistral,45.56678,4.81733,Plein jour,En agglomération,Hors intersection,Pluie légère,Deux véhicules - côté,,,,,,,,,,,1,2,1,2.0,3.0
201800002333,0018-04-19 17:50:00,18,4,19,17,50,380,507,D517 - Route de Crémieu,45.7518,5.19578,Plein jour,En agglomération,Hors intersection,Normale,Autre collision,,,,,,,,,,,1,2,1,1.0,6.0
201800002334,0018-05-02 16:30:00,18,5,2,16,30,380,85,Rue Charles Aznavour / r,45.75346,5.14929,Plein jour,En agglomération,Giratoire,Normale,Deux véhicules - côté,,,,,,,,,,,1,2,6,1.0,3.0
201800002335,0018-10-27 21:15:00,18,10,27,21,15,380,85,ROUTE DE VIENNE,45.74772,5.16817,Nuit avec éclairage allumé,En agglomération,Hors intersection,Pluie légère,Autre collision,,,,,,,,,,,5,2,1,2.0,6.0
201800002336,0018-12-28 15:40:00,18,12,28,15,40,380,468,N7,45.33417,4.80541,Plein jour,Hors agglomération,Hors intersection,Normale,Deux véhicules - côté,,,,,,,,,,,1,1,1,1.0,3.0
201800002337,0018-01-13 15:30:00,18,1,13,15,30,380,468,montée du gampaloup,45.32854,4.82102,Plein jour,Hors agglomération,Intersection en X,Normale,Deux véhicules - côté,,,,,,,,,,,1,1,2,1.0,3.0
201800002338,0018-01-13 18:24:00,18,1,13,18,24,380,51,D131,45.32316,4.91401,Nuit sans éclairage public,Hors agglomération,Intersection en T,Normale,Deux véhicules - côté,,,,,,,,,,,3,1,3,1.0,3.0
201800002339,0018-01-28 06:50:00,18,1,28,6,50,380,3,D51,45.33919,4.86754,Nuit avec éclairage allumé,En agglomération,Hors intersection,Normale,Deux véhicules - frontale,,,,,,,,,,,5,2,1,1.0,1.0
201800002340,0018-01-28 10:00:00,18,1,28,10,0,380,468,Virage de la Platière,45.35252,4.78185,Plein jour,Hors agglomération,Hors intersection,Normale,Autre collision,,,,,,,,,,,1,1,1,1.0,6.0
201800002341,0018-03-21 16:55:00,18,3,21,16,55,380,556,D131,45.37486,4.85028,Plein jour,Hors agglomération,Hors intersection,Normale,Deux véhicules - frontale,,,,,,,,,,,1,1,1,1.0,1.0
201800002342,0018-03-31 11:02:00,18,3,31,11,2,380,72,route de Salaise,45.32518,4.81642,Plein jour,Hors agglomération,Hors intersection,Normale,Sans collision,,,,,,,,,,,1,1,1,1.0,7.0
201800002343,0018-05-26 17:15:00,18,5,26,17,15,380,468,Route nationale 7,45.33042,4.80612,Plein jour,Hors agglomération,Hors intersection,Normale,Deux véhicules - côté,,,,,,,,,,,1,1,1,1.0,3.0
201800002344,0018-06-18 19:00:00,18,6,18,19,0,380,51,D519,45.32975,4.8874,Plein jour,Hors agglomération,Hors intersection,Normale,Deux véhicules - côté,,,,,,,,,,,1,1,1,1.0,3.0
201800002345,0018-08-31 18:00:00,18,8,31,18,0,380,468,rue du 19 mars 1962,45.34401,4.81255,Plein jour,En agglomération,Hors intersection,Normale,Deux véhicules - côté,,,,,,,,,,,1,2,1,1.0,3.0
201800002346,0018-09-04 16:44:00,18,9,4,16,44,380,344,route de vienne,45.39953,4.80857,Plein jour,Hors agglomération,Hors intersection,Normale,Deux véhicules - frontale,,,,,,,,,,,1,1,1,1.0,1.0
201800002347,0018-10-03 02:30:00,18,10,3,2,30,380,468,ROUTE NATIONALE 7,45.33999,4.8046,Nuit avec éclairage allumé,Hors agglomération,Giratoire,Normale,Deux véhicules - côté,,,,,,,,,,,5,1,6,1.0,3.0
201800002348,0018-10-23 18:15:00,18,10,23,18,15,380,349,Route de Péage,45.32191,4.76698,Plein jour,En agglomération,Hors intersection,Normale,Deux véhicules - frontale,,,,,,,,,,,1,2,1,1.0,1.0
201800002349,0018-11-16 22:40:00,18,11,16,22,40,380,298,route de la platière,,,Nuit sans éclairage public,Hors agglomération,Hors intersection,Normale,Deux véhicules - frontale,,,,,,,,,,,3,1,1,1.0,1.0
201800002350,0018-01-12 16:59:00,18,1,12,16,59,380,537,Rue saint Cyr Girier,45.63226,5.14364,Plein jour,En agglomération,Autre intersection,Normale,Deux véhicules - arrière,,,,,,,,,,,1,2,9,1.0,2.0
201800002351,0018-05-27 23:15:00,18,5,27,23,15,380,449,Boulevard de la noirée,45.64003,5.11891,Nuit avec éclairage allumé,En agglomération,Hors intersection,Normale,Autre collision,,,,,,,,,,,5,2,1,1.0,6.0
201800002352,0018-06-03 10:30:00,18,6,3,10,30,380,537,D1006,45.64703,5.14297,Plein jour,Hors agglomération,Hors intersection,Temps couvert,Deux véhicules - frontale,,,,,,,,,,,1,1,1,8.0,1.0
201800002353,0018-07-04 16:20:00,18,7,4,16,20,380,537,Inter D125 - Rue Dupless,45.64295,5.13459,Plein jour,En agglomération,Intersection en X,Normale,Deux véhicules - côté,,,,,,,,,,,1,2,2,1.0,3.0
201800002354,0018-07-15 19:15:00,18,7,15,19,15,380,537,avenue Lesdiguières,45.63417,5.14554,Plein jour,En agglomération,Hors intersection,Normale,Deux véhicules - côté,,,,,,,,,,,1,2,1,1.0,3.0
201800002355,0018-07-16 12:15:00,18,7,16,12,15,380,475,D124,45.68068,5.13059,Plein jour,Hors agglomération,Intersection en X,Normale,Trois véhicules et plus - collisions multiples,,,,,,,,,,,1,1,2,1.0,5.0
201800002356,0018-09-01 03:30:00,18,9,1,3,30,380,449,D75,45.65882,5.12902,Nuit avec éclairage allumé,Hors agglomération,Hors intersection,Normale,Autre collision,,,,,,,,,,,5,1,1,1.0,6.0
201800002357,0018-10-03 07:00:00,18,10,3,7,0,380,449,D76 - Route d'Heyrieux,45.6397,5.08814,Crépuscule ou aube,Hors agglomération,Intersection en T,Normale,Deux véhicules - côté,,,,,,,,,,,2,1,3,1.0,3.0
201800002358,0018-11-07 17:00:00,18,11,7,17,0,380,537,D1006,45.64083,5.15298,Plein jour,Hors agglomération,Hors intersection,Pluie légère,Deux véhicules - frontale,,,,,,,,,,,1,1,1,2.0,1.0
201800002359,0018-02-21 12:15:00,18,2,21,12,15,420,313,rd 8,45.72628,4.02322,Plein jour,Hors agglomération,Intersection en X,Normale,Deux véhicules - arrière,,,,,,,,,,,1,1,2,1.0,2.0
201800002360,0018-03-13 07:55:00,18,3,13,7,55,420,279,lieu dit les gouttes,45.48065,4.29685,Plein jour,Hors agglomération,Hors intersection,Normale,Deux véhicules - frontale,,,,,,,,,,,1,1,1,1.0,1.0
201800002361,0018-04-10 07:47:00,18,4,10,7,47,420,134,RD8,45.69354,4.03716,Crépuscule ou aube,Hors agglomération,Hors intersection,Pluie légère,Deux véhicules - frontale,,,,,,,,,,,2,1,1,2.0,1.0
201800002362,0018-08-28 16:02:00,18,8,28,16,2,420,211,Rue des bruyasses,45.53245,4.23275,Plein jour,En agglomération,Hors intersection,Normale,Deux véhicules - arrière,,,,,,,,,,,1,2,1,1.0,2.0
201800002363,0018-12-10 07:12:00,18,12,10,7,12,420,13,rd1089,45.64667,4.29537,Crépuscule ou aube,En agglomération,Intersection en X,Pluie légère,Deux véhicules - côté,,,,,,,,,,,2,2,2,2.0,3.0
201800002364,0018-01-30 07:35:00,18,1,30,7,35,420,147,boulevard chavassieu,45.6072,4.06213,Crépuscule ou aube,En agglomération,Intersection en X,Pluie légère,Autre collision,,,,,,,,,,,2,2,2,2.0,6.0
201800002365,0018-02-13 07:50:00,18,2,13,7,50,420,180,Route départementale 101,45.59108,4.12172,Plein jour,Hors agglomération,Hors intersection,Normale,Sans collision,,,,,,,,,,,1,1,1,1.0,7.0
201800002366,0018-02-13 07:45:00,18,2,13,7,45,420,147,19 boulevard lacheze,45.6049,4.06634,Crépuscule ou aube,En agglomération,Hors intersection,Normale,Autre collision,,,,,,,,,,,2,2,1,1.0,6.0
201800002367,0018-03-15 22:00:00,18,3,15,22,0,420,147,Place Eugène Beaune,45.60726,4.06211,Nuit avec éclairage allumé,En agglomération,Hors intersection,Pluie légère,Autre collision,,,,,,,,,,,5,2,1,2.0,6.0
201800002368,0018-04-30 18:20:00,18,4,30,18,20,420,180,RD 101,45.59139,4.11908,Plein jour,Hors agglomération,Intersection en T,Temps éblouissant,Deux véhicules - frontale,,,,,,,,,,,1,1,3,7.0,1.0
201800002369,0018-05-17 07:45:00,18,5,17,7,45,420,147,24 rue de beauregard,45.6091,4.05612,Plein jour,En agglomération,Hors intersection,Normale,Autre collision,,,,,,,,,,,1,2,1,1.0,6.0
201800002370,0018-05-18 13:40:00,18,5,18,13,40,420,299,D204,45.61068,4.08901,Plein jour,Hors agglomération,Hors intersection,Normale,Deux véhicules - côté,,,,,,,,,,,1,1,1,1.0,3.0
201800002371,0018-06-21 17:20:00,18,6,21,17,20,420,328,Rd496 - Lieu dit Mont Ge,45.57181,3.98389,Plein jour,Hors agglomération,Hors intersection,Temps éblouissant,Deux véhicules - frontale,,,,,,,,,,,1,1,1,7.0,1.0
201800002372,0018-07-10 22:15:00,18,7,10,22,15,420,285,avenue joseph gourre,45.5548,4.12104,Nuit avec éclairage allumé,En agglomération,Intersection en X,Normale,Deux véhicules - côté,,,,,,,,,,,5,2,2,1.0,3.0
201800002373,0018-07-25 10:20:00,18,7,25,10,20,420,105,D496,45.62279,4.14618,Plein jour,Hors agglomération,Hors intersection,Normale,Autre collision,,,,,,,,,,,1,1,1,1.0,6.0
201800002374,0018-07-28 18:20:00,18,7,28,18,20,420,285,D 8,45.56026,4.1463,Plein jour,En agglomération,Intersection en T,Normale,Deux véhicules - frontale,,,,,,,,,,,1,2,3,1.0,1.0
201800002375,0018-08-01 10:25:00,18,8,1,10,25,420,147,boulevard de la préfectu,45.60773,4.06224,Plein jour,En agglomération,Hors intersection,Normale,Deux véhicules - arrière,,,,,,,,,,,1,2,1,1.0,2.0
201800002376,0018-08-02 16:15:00,18,8,2,16,15,420,54,Lieu dit Fraisse haut,45.63287,3.95514,Plein jour,Hors agglomération,Intersection en X,Temps éblouissant,Deux véhicules - côté,,,,,,,,,,,1,1,2,7.0,3.0
201800002377,0018-08-15 23:10:00,18,8,15,23,10,420,147,boulevard de la préfectu,45.60773,4.06224,Nuit avec éclairage allumé,En agglomération,Hors intersection,Normale,Deux véhicules - côté,,,,,,,,,,,5,2,1,1.0,3.0
201800002378,0018-08-16 16:30:00,18,8,16,16,30,420,46,Chemin les Romans,45.64185,4.05084,Plein jour,En agglomération,Hors intersection,Normale,Sans collision,,,,,,,,,,,1,2,1,1.0,7.0
201800002379,0018-08-21 06:35:00,18,8,21,6,35,420,37,La Prévôté,45.68038,4.06137,Plein jour,Hors agglomération,Hors intersection,Normale,Autre collision,,,,,,,,,,,1,1,1,1.0,6.0
201800002380,0018-08-30 11:50:00,18,8,30,11,50,420,147,Avenue Alsace Lorraine,45.60442,4.07327,Plein jour,En agglomération,Intersection en T,Normale,Autre collision,,,,,,,,,,,1,2,3,1.0,6.0
201800002381,0018-09-03 18:00:00,18,9,3,18,0,420,328,D 496 le SOLEILLANT,45.57662,3.99642,Plein jour,Hors agglomération,Intersection en X,Normale,Deux véhicules - frontale,,,,,,,,,,,1,1,2,1.0,1.0
201800002382,0018-10-01 07:05:00,18,10,1,7,5,420,285,Carrefour RD8 RD95,45.57563,4.11754,Crépuscule ou aube,Hors agglomération,Intersection en T,Normale,Deux véhicules - côté,,,,,,,,,,,2,1,3,1.0,3.0
201800002383,0018-10-19 13:15:00,18,10,19,13,15,420,147,rond point de Beauregard,45.60905,4.05509,Plein jour,En agglomération,Giratoire,Normale,Deux véhicules - côté,,,,,,,,,,,1,2,6,1.0,3.0
201800002384,0018-10-24 12:45:00,18,10,24,12,45,420,151,Entre CHAMPS ET FEURS,45.65623,4.13272,Plein jour,Hors agglomération,Intersection en T,Normale,Trois véhicules et plus - collisions multiples,,,,,,,,,,,1,1,3,1.0,5.0
201800002385,0018-11-04 12:30:00,18,11,4,12,30,420,121,D44,45.60217,3.95492,Plein jour,Hors agglomération,Intersection en Y,Normale,Sans collision,,,,,,,,,,,1,1,4,1.0,7.0
201800002386,0018-11-04 15:15:00,18,11,4,15,15,420,12,lieux dit Jeanbin,45.59833,4.01194,Plein jour,Hors agglomération,Hors intersection,Normale,Deux véhicules - arrière,,,,,,,,,,,1,1,1,1.0,2.0
201800002387,0018-11-05 20:40:00,18,11,5,20,40,420,147,22 bis avenue de la libé,45.60261,4.06995,Nuit avec éclairage allumé,En agglomération,Hors intersection,Normale,Autre collision,,,,,,,,,,,5,2,1,1.0,6.0
201800002388,0018-12-07 17:00:00,18,12,7,17,0,420,147,Avenue d'allard,45.60645,4.05504,Crépuscule ou aube,En agglomération,Hors intersection,Pluie légère,Autre collision,,,,,,,,,,,2,2,1,2.0,6.0
201800002389,0018-12-20 15:00:00,18,12,20,15,0,420,147,2 boulevard chavassieu,45.60719,4.06199,Plein jour,En agglomération,Autre intersection,Normale,Autre collision,,,,,,,,,,,1,2,9,1.0,6.0
201800002390,0018-02-08 18:10:00,18,2,8,18,10,420,75,rue des chênes,45.57168,4.23167,Nuit sans éclairage public,Hors agglomération,Hors intersection,Normale,Deux véhicules - frontale,,,,,,,,,,,3,1,1,1.0,1.0
201800002391,0018-03-08 17:00:00,18,3,8,17,0,420,5,rue de la chaux,45.53038,4.26471,Plein jour,En agglomération,Hors intersection,Normale,Deux véhicules - arrière,,,,,,,,,,,1,2,1,1.0,2.0
201800002392,0018-03-09 20:15:00,18,3,9,20,15,420,5,Avenue Jean MERMOZ,45.53585,4.28747,Nuit avec éclairage allumé,En agglomération,Hors intersection,Normale,Sans collision,,,,,,,,,,,5,2,1,1.0,7.0
201800002393,0018-04-06 10:00:00,18,4,6,10,0,420,304,D 105,45.53689,4.18794,Plein jour,En agglomération,Autre intersection,Normale,Autre collision,,,,,,,,,,,1,2,9,1.0,6.0
201800002394,0018-05-21 11:30:00,18,5,21,11,30,420,211,parking INTERMARCHE 09 r,45.52895,4.23135,Plein jour,En agglomération,Hors intersection,Normale,Autre collision,,,,,,,,,,,1,2,1,1.0,6.0
201800002395,0018-05-23 12:15:00,18,5,23,12,15,420,75,route de rivas,45.58248,4.24238,Plein jour,Hors agglomération,Intersection en T,Normale,Autre collision,,,,,,,,,,,1,1,3,1.0,6.0
201800002396,0018-05-25 14:00:00,18,5,25,14,0,420,279,route de jaraison,45.51673,4.22598,Plein jour,Hors agglomération,Intersection en T,Normale,Trois véhicules et plus - collisions multiples,,,,,,,,,,,1,1,3,1.0,5.0
201800002397,0018-06-06 15:45:00,18,6,6,15,45,420,5,rue st exupery D1082,45.52336,4.30035,Plein jour,En agglomération,Hors intersection,Normale,Sans collision,,,,,,,,,,,1,2,1,1.0,7.0
201800002398,0018-06-08 08:00:00,18,6,8,8,0,420,5,Rond point colona RD 498,45.52986,4.28112,Plein jour,En agglomération,Hors intersection,Normale,Deux véhicules - frontale,,,,,,,,,,,1,2,1,1.0,1.0
201800002399,0018-07-13 14:35:00,18,7,13,14,35,420,323,avenue du 08 mai 1945,45.5494,4.28196,Plein jour,Hors agglomération,Hors intersection,Temps éblouissant,Deux véhicules - frontale,,,,,,,,,,,1,1,1,7.0,1.0
201800002400,0018-07-26 09:40:00,18,7,26,9,40,420,304,Rue du 11 novembre,45.53982,4.18395,Plein jour,En agglomération,Hors intersection,Normale,Autre collision,,,,,,,,,,,1,2,1,1.0,6.0
201800002401,0018-08-19 14:55:00,18,8,19,14,55,420,5,Rue Adrienne BOLLAND,45.53837,4.30295,Plein jour,En agglomération,Hors intersection,Normale,Deux véhicules - frontale,,,,,,,,,,,1,2,1,1.0,1.0
201800002402,0018-08-21 08:00:00,18,8,21,8,0,420,304,chemin des petites sagne,45.54523,4.18663,Plein jour,En agglomération,Hors intersection,Normale,Deux véhicules - frontale,,,,,,,,,,,1,2,1,1.0,1.0
201800002403,0018-10-20 07:45:00,18,10,20,7,45,420,75,d 101,45.58242,4.24151,Crépuscule ou aube,Hors agglomération,Hors intersection,Brouillard / fumée,Deux véhicules - côté,,,,,,,,,,,2,1,1,5.0,3.0
201800002404,0018-12-05 13:30:00,18,12,5,13,30,420,304,Avenue Jean Moulin,45.54058,4.18744,Plein jour,En agglomération,Intersection en X,Normale,Deux véhicules - côté,,,,,,,,,,,1,2,2,1.0,3.0
201800002405,0018-12-23 17:20:00,18,12,23,17,20,420,211,10 avenue de Montbrison,45.52809,4.23949,Nuit sans éclairage public,En agglomération,Hors intersection,Normale,Deux véhicules - côté,,,,,,,,,,,3,2,1,1.0,3.0
201800002406,0018-02-18 01:30:00,18,2,18,1,30,420,251,D 1082,45.6938,4.22791,Nuit avec éclairage allumé,Hors agglomération,Intersection en X,Pluie légère,Autre collision,,,,,,,,,,,5,1,2,2.0,6.0
201800002407,0018-03-17 19:00:00,18,3,17,19,0,420,165,Lieu dit Montcervy,45.78714,4.3306,Nuit sans éclairage public,Hors agglomération,Hors intersection,Pluie légère,Deux véhicules - côté,,,,,,,,,,,3,1,1,2.0,3.0
201800002408,0018-03-18 17:00:00,18,3,18,17,0,420,94,rue la Paparelle,45.7475,4.2259,Plein jour,En agglomération,Hors intersection,Normale,Autre collision,,,,,,,,,,,1,2,1,1.0,6.0
201800002409,0018-03-22 19:45:00,18,3,22,19,45,420,65,RD59,45.78466,4.26531,Nuit sans éclairage public,Hors agglomération,Hors intersection,Pluie légère,Deux véhicules - frontale,,,,,,,,,,,3,1,1,2.0,1.0
201800002410,0018-03-23 14:00:00,18,3,23,14,0,420,175,Route départementale 58,45.79845,4.23236,Plein jour,Hors agglomération,Hors intersection,Normale,Deux véhicules - frontale,,,,,,,,,,,1,1,1,1.0,1.0
201800002411,0018-04-13 17:23:00,18,4,13,17,23,420,94,rue des minimes,45.74188,4.22247,Plein jour,En agglomération,Hors intersection,Normale,Autre collision,,,,,,,,,,,1,2,1,1.0,6.0
201800002412,0018-05-02 14:00:00,18,5,2,14,0,420,296,Lotissement des hauts de,45.73601,4.28556,Plein jour,En agglomération,Intersection en T,Normale,Deux véhicules - côté,,,,,,,,,,,1,2,3,1.0,3.0
201800002413,0018-07-12 22:20:00,18,7,12,22,20,420,94,Rue de la Loire,45.7432,4.21931,Nuit avec éclairage allumé,En agglomération,Intersection en X,Normale,Deux véhicules - côté,,,,,,,,,,,5,2,2,1.0,3.0
201800002414,0018-07-29 18:45:00,18,7,29,18,45,420,94,Chemin de Riou,45.73246,4.22797,Plein jour,En agglomération,Hors intersection,Normale,Deux véhicules - côté,,,,,,,,,,,1,2,1,1.0,3.0
201800002415,0018-07-31 19:00:00,18,7,31,19,0,420,94,rue de la minette,45.74146,4.21609,Plein jour,En agglomération,Giratoire,Normale,Deux véhicules - côté,,,,,,,,,,,1,2,6,1.0,3.0
201800002416,0018-09-06 09:45:00,18,9,6,9,45,420,94,Avenue jean jaurès,45.74408,4.22844,Plein jour,En agglomération,Hors intersection,Normale,Autre collision,,,,,,,,,,,1,2,1,1.0,6.0
201800002417,0018-10-07 15:50:00,18,10,7,15,50,420,214,VC Le Pont,45.67283,4.28382,Plein jour,Hors agglomération,Hors intersection,Normale,Trois véhicules et plus - collisions multiples,,,,,,,,,,,1,1,1,1.0,5.0
201800002418,0018-12-14 22:04:00,18,12,14,22,4,420,94,Lieu-dit Bligny,45.74237,4.20948,Nuit avec éclairage allumé,En agglomération,Autre intersection,Normale,Deux véhicules - frontale,,,,,,,,,,,5,2,9,1.0,1.0
201800002419,0018-05-07 15:50:00,18,5,7,15,50,420,168,RD 7,45.43946,4.66373,Plein jour,Hors agglomération,Intersection en T,Normale,Deux véhicules - côté,,,,,,,,,,,1,1,3,1.0,3.0