accident_id,datetime,annee,mois,jour,heure,minute,departement,commune_insee,adresse,latitude,longitude,luminosite,agglomeration,intersection,meteo,collision,nb_vehicules,nb_usagers,nb_indemnes,nb_tues,nb_blesses_hosp,nb_blesses_legers,age_cond_1,age_cond_2,veh_type_cond_1,veh_type_cond_2,lum_code,agg_code,int_code,atm_code,col_code
201800002420,0018-05-19 15:25:00,18,5,19,15,25,420,64,06 LE MONTANT,45.45111,4.68264,Plein jour,Hors agglomération,Hors intersection,Normale,Sans collision,,,,,,,,,,,1,1,1,1.0,7.0
201800002421,0018-07-08 11:50:00,18,7,8,11,50,420,326,Lieu dit Chez Paret,45.36511,4.67139,Plein jour,Hors agglomération,Hors intersection,Normale,Deux véhicules - côté,,,,,,,,,,,1,1,1,1.0,3.0
201800002422,0018-12-03 16:30:00,18,12,3,16,30,420,191,rd 19 / Rd 34,45.39929,4.68637,Plein jour,En agglomération,Intersection en T,Normale,Trois véhicules et plus - collisions multiples,,,,,,,,,,,1,2,3,1.0,5.0
201800002423,0018-07-11 16:15:00,18,7,11,16,15,730,46,"Route communale 5, lieu",45.49888,6.42735,Plein jour,Hors agglomération,Hors intersection,Normale,Sans collision,,,,,,,,,,,1,1,1,1.0,7.0
201800002424,0018-01-09 23:00:00,18,1,9,23,0,730,329,Rue de la Dent du Chat,45.63238,5.89212,Nuit sans éclairage public,En agglomération,Hors intersection,Normale,Autre collision,,,,,,,,,,,3,2,1,1.0,6.0
201800002425,0018-05-07 08:15:00,18,5,7,8,15,730,228,D1006,45.54897,5.88946,Plein jour,Hors agglomération,Hors intersection,Normale,Deux véhicules - côté,,,,,,,,,,,1,1,1,1.0,3.0
201800002426,0018-05-20 15:15:00,18,5,20,15,15,730,329,D1201 PR 9 + 200 (au niv,45.61827,5.88504,Plein jour,Hors agglomération,Hors intersection,Normale,Deux véhicules - côté,,,,,,,,,,,1,1,1,1.0,3.0
201800002427,0018-05-31 18:15:00,18,5,31,18,15,730,288,442 rte d'aix les bain,45.61381,5.91041,Plein jour,En agglomération,Hors intersection,Normale,Autre collision,,,,,,,,,,,1,2,1,1.0,6.0
201800002428,0018-06-22 15:35:00,18,6,22,15,35,730,328,RD 1201,45.64404,5.89271,Plein jour,Hors agglomération,Hors intersection,Temps éblouissant,Deux véhicules - frontale,,,,,,,,,,,1,1,1,7.0,1.0
201800002429,0018-09-17 14:10:00,18,9,17,14,10,730,288,route départementale 991,45.62482,5.91226,Plein jour,Hors agglomération,Intersection en X,Temps éblouissant,Deux véhicules - côté,,,,,,,,,,,1,1,2,7.0,3.0
201800002430,0018-10-11 14:45:00,18,10,11,14,45,730,155,456 route des Briques,45.64265,5.92794,Plein jour,En agglomération,Intersection en T,Normale,Deux véhicules - côté,,,,,,,,,,,1,2,3,1.0,3.0
201800002431,0018-11-22 03:00:00,18,11,22,3,0,730,288,Chemin de l'échelette,45.6148,5.92416,Nuit sans éclairage public,Hors agglomération,Hors intersection,Brouillard / fumée,Sans collision,,,,,,,,,,,3,1,1,5.0,7.0
201800002432,0018-03-25 17:05:00,18,3,25,17,5,730,225,route de la chartreuse,45.52464,5.93688,Plein jour,Hors agglomération,Hors intersection,Temps couvert,Deux véhicules - frontale,,,,,,,,,,,1,1,1,8.0,1.0
201800002433,0018-04-19 02:10:00,18,4,19,2,10,730,64,Rond point aviateur Jose,45.55586,5.97765,Nuit avec éclairage allumé,En agglomération,Giratoire,Normale,Autre collision,,,,,,,,,,,5,2,6,1.0,6.0
201800002434,0018-04-21 21:05:00,18,4,21,21,5,730,225,route d'Apremont,45.52984,5.95554,Nuit avec éclairage allumé,En agglomération,Giratoire,Normale,Autre collision,,,,,,,,,,,5,2,6,1.0,6.0
201800002435,0018-05-07 18:15:00,18,5,7,18,15,730,213,rue de joigny,45.55344,5.96469,Plein jour,En agglomération,Intersection en Y,Normale,Deux véhicules - frontale,,,,,,,,,,,1,2,4,1.0,1.0
201800002436,0018-05-23 11:10:00,18,5,23,11,10,730,64,233 Route royale,45.54907,5.97083,Plein jour,En agglomération,Hors intersection,Normale,Deux véhicules - côté,,,,,,,,,,,1,2,1,1.0,3.0
201800002437,0018-06-21 16:10:00,18,6,21,16,10,730,213,avenue du pré Renaud,45.56198,5.9615,Plein jour,En agglomération,Intersection en T,Normale,Trois véhicules et plus - collisions multiples,,,,,,,,,,,1,2,3,1.0,5.0
201800002438,0018-06-19 22:40:00,18,6,19,22,40,730,213,1115 route départemental,45.56891,5.96285,Nuit avec éclairage allumé,En agglomération,Hors intersection,Normale,Deux véhicules - arrière,,,,,,,,,,,5,2,1,1.0,2.0
201800002439,0018-09-07 11:15:00,18,9,7,11,15,730,64,"RD 9, route de SAINT BAL",45.54381,5.97221,Plein jour,En agglomération,Intersection en T,Normale,Deux véhicules - arrière,,,,,,,,,,,1,2,3,1.0,2.0
201800002440,0018-09-27 16:15:00,18,9,27,16,15,730,243,col de plainpalais,45.60374,6.0159,Plein jour,Hors agglomération,Hors intersection,Normale,Autre collision,,,,,,,,,,,1,1,1,1.0,6.0
201800002441,0018-12-15 04:30:00,18,12,15,4,30,730,213,1545 route d'apremont,45.54675,5.95698,Nuit avec éclairage allumé,En agglomération,Intersection en Y,Normale,Autre collision,,,,,,,,,,,5,2,4,1.0,6.0
201800002442,0018-05-31 12:00:00,18,5,31,12,0,730,36,Entrèves - RD 912,45.73159,6.10963,Plein jour,Hors agglomération,Hors intersection,Normale,Autre collision,,,,,,,,,,,1,1,1,1.0,6.0
201800002443,0018-06-09 21:25:00,18,6,9,21,25,730,20,"Lieu dit ""Bourchigny""",45.71774,6.08092,Crépuscule ou aube,Hors agglomération,Hors intersection,Normale,Sans collision,,,,,,,,,,,2,1,1,1.0,7.0
201800002444,0018-02-28 07:55:00,18,2,28,7,55,730,179,Avenue René Cassin,45.59392,5.88667,Plein jour,Hors agglomération,Hors intersection,Normale,Deux véhicules - côté,,,,,,,,,,,1,1,1,1.0,3.0
201800002445,0018-03-26 09:55:00,18,3,26,9,55,730,51,Route du tunnel,45.65422,5.85872,Plein jour,En agglomération,Intersection en T,Normale,Trois véhicules et plus - collisions multiples,,,,,,,,,,,1,2,3,1.0,5.0
201800002446,0018-08-11 08:46:00,18,8,11,8,46,730,314,montchabeau,45.51262,6.13767,Plein jour,En agglomération,Intersection en Y,Normale,Sans collision,,,,,,,,,,,1,2,4,1.0,7.0
201800002447,0018-11-18 16:20:00,18,11,18,16,20,730,79,RD 1006,45.55939,6.1862,Plein jour,Hors agglomération,Intersection en T,Normale,Deux véhicules - frontale,,,,,,,,,,,1,1,3,1.0,1.0
201800002448,0018-05-03 17:30:00,18,5,3,17,30,730,6,188 route de villarolan,45.5575,6.64938,Plein jour,En agglomération,Hors intersection,Normale,Autre collision,,,,,,,,,,,1,2,1,1.0,6.0
201800002449,0018-08-10 01:20:00,18,8,10,1,20,730,6,ROUTE DES ILES,45.55356,6.64435,Nuit avec éclairage allumé,En agglomération,Intersection en Y,Normale,Autre collision,,,,,,,,,,,5,2,4,1.0,6.0
201800002450,0018-08-16 15:20:00,18,8,16,15,20,730,6,"RD 88 PK 16, Longefoy",45.5411,6.64049,Plein jour,Hors agglomération,Hors intersection,Normale,Autre collision,,,,,,,,,,,1,1,1,1.0,6.0
201800002451,0018-09-01 10:55:00,18,9,1,10,55,730,6,684 avenue de la tarenta,45.5536,6.63933,Plein jour,En agglomération,Hors intersection,Normale,Deux véhicules - arrière,,,,,,,,,,,1,2,1,1.0,2.0
201800002452,0018-10-07 14:55:00,18,10,7,14,55,730,150,Plagne Centre,45.51141,6.67973,Plein jour,Hors agglomération,Hors intersection,Normale,Autre collision,,,,,,,,,,,1,1,1,1.0,6.0
201800002453,0018-10-19 17:10:00,18,10,19,17,10,730,6,rue des chaudannes,45.55797,6.64172,Plein jour,En agglomération,Intersection en Y,Normale,Autre collision,,,,,,,,,,,1,2,4,1.0,6.0
201800002454,0018-12-08 13:40:00,18,12,8,13,40,730,6,Route nationale 90,45.5515,6.63332,Plein jour,Hors agglomération,Hors intersection,Pluie légère,Deux véhicules - frontale,,,,,,,,,,,1,1,1,2.0,1.0
201800002455,0018-12-21 15:20:00,18,12,21,15,20,730,150,Au-dessus virage 9 RD221,45.53201,6.67184,Plein jour,Hors agglomération,Hors intersection,Neige / grêle,Deux véhicules - frontale,,,,,,,,,,,1,1,1,4.0,1.0
201800002456,0018-12-28 10:20:00,18,12,28,10,20,730,6,D88,45.54781,6.65888,Plein jour,Hors agglomération,Hors intersection,Autre,Autre collision,,,,,,,,,,,1,1,1,9.0,6.0
201800002457,0018-05-04 22:35:00,18,5,4,22,35,730,211,"Chalet 3157, lieu dit: """,45.71458,6.44391,Nuit sans éclairage public,Hors agglomération,Hors intersection,Normale,Autre collision,,,,,,,,,,,3,1,1,1.0,6.0
201800002458,0018-07-03 17:30:00,18,7,3,17,30,730,34,route de domelin,45.72135,6.56637,Plein jour,Hors agglomération,Intersection en T,Normale,Deux véhicules - côté,,,,,,,,,,,1,1,3,1.0,3.0
201800002459,0018-07-09 13:20:00,18,7,9,13,20,730,34,lieu dit fontanus,45.70746,6.60511,Plein jour,Hors agglomération,Hors intersection,Temps éblouissant,Deux véhicules - frontale,,,,,,,,,,,1,1,1,7.0,1.0
201800002460,0018-09-29 11:00:00,18,9,29,11,0,730,34,CD925,45.69546,6.66515,Plein jour,Hors agglomération,Hors intersection,Normale,Deux véhicules - frontale,,,,,,,,,,,1,1,1,1.0,1.0
201800002461,0018-11-06 18:30:00,18,11,6,18,30,730,317,route de la plaine rd925,45.72007,6.51953,Nuit sans éclairage public,Hors agglomération,Hors intersection,Pluie forte,Trois véhicules et plus - collisions multiples,,,,,,,,,,,3,1,1,3.0,5.0
201800002462,0018-04-28 10:15:00,18,4,28,10,15,730,232,RD902 PK 34+800,45.54022,6.91079,Plein jour,Hors agglomération,Hors intersection,Normale,Trois véhicules et plus - collisions multiples,,,,,,,,,,,1,1,1,1.0,5.0
201800002463,0018-06-29 09:50:00,18,6,29,9,50,730,54,Place de la gare,45.61852,6.77089,Plein jour,En agglomération,Giratoire,Normale,Deux véhicules - côté,,,,,,,,,,,1,2,6,1.0,3.0
201800002464,0018-07-05 06:50:00,18,7,5,6,50,730,77,intersection D86 et D86B,45.58626,6.73098,Plein jour,Hors agglomération,Intersection en Y,Normale,Deux véhicules - frontale,,,,,,,,,,,1,1,4,1.0,1.0
201800002465,0018-07-24 14:40:00,18,7,24,14,40,730,54,D902,45.67108,6.76042,Plein jour,Hors agglomération,Hors intersection,Normale,Deux véhicules - frontale,,,,,,,,,,,1,1,1,1.0,1.0
201800002466,0018-07-29 14:45:00,18,7,29,14,45,730,285,D902,45.60664,6.84893,Plein jour,Hors agglomération,Hors intersection,Normale,Autre collision,,,,,,,,,,,1,1,1,1.0,6.0
201800002467,0018-09-24 11:10:00,18,9,24,11,10,730,176,camping caravaneige La f,45.62304,6.8561,Plein jour,Hors agglomération,Intersection en Y,Normale,Deux véhicules - côté,,,,,,,,,,,1,1,4,1.0,3.0
201800002468,0018-10-02 16:00:00,18,10,2,16,0,730,285,Croisement D119 / route,45.62029,6.78887,Plein jour,En agglomération,Intersection en T,Normale,Deux véhicules - frontale,,,,,,,,,,,1,2,3,1.0,1.0
201800002469,0018-10-24 15:30:00,18,10,24,15,30,730,285,2390 lieu dit longefoy,45.61286,6.82859,Plein jour,Hors agglomération,Hors intersection,Normale,Deux véhicules - côté,,,,,,,,,,,1,1,1,1.0,3.0
201800002470,0018-03-03 10:24:00,18,3,3,10,24,730,187,Rd 93 pk 8+550,45.54316,6.4966,Plein jour,Hors agglomération,Hors intersection,Neige / grêle,Autre collision,,,,,,,,,,,1,1,1,4.0,6.0
201800002471,0018-02-27 23:15:00,18,2,27,23,15,730,227,176 rue de la croisette,45.4152,6.6339,Nuit avec éclairage allumé,En agglomération,Intersection en Y,Neige / grêle,Autre collision,,,,,,,,,,,5,2,4,4.0,6.0
201800002472,0018-06-25 08:55:00,18,6,25,8,55,730,3,grande rue,45.49946,6.51057,Plein jour,En agglomération,Intersection en T,Normale,Deux véhicules - côté,,,,,,,,,,,1,2,3,1.0,3.0
201800002473,0018-06-28 09:10:00,18,6,28,9,10,730,57,RD 915 PK5,45.45654,6.5531,Plein jour,Hors agglomération,Hors intersection,Normale,Deux véhicules - frontale,,,,,,,,,,,1,1,1,1.0,1.0
201800002474,0018-07-04 16:30:00,18,7,4,16,30,730,321,RD 915,45.46504,6.52727,Plein jour,Hors agglomération,Intersection en T,Normale,Deux véhicules - côté,,,,,,,,,,,1,1,3,1.0,3.0
201800002475,0018-07-15 11:45:00,18,7,15,11,45,730,187,route du col de la Madel,45.44113,6.37862,Plein jour,Hors agglomération,Hors intersection,Normale,Autre collision,,,,,,,,,,,1,1,1,1.0,6.0
201800002476,0018-07-24 11:45:00,18,7,24,11,45,730,187,D213,45.54587,6.46058,Plein jour,Hors agglomération,Hors intersection,Normale,Deux véhicules - côté,,,,,,,,,,,1,1,1,1.0,3.0
201800002477,0018-08-01 17:45:00,18,8,1,17,45,730,244,D117,45.43708,6.49441,Plein jour,Hors agglomération,Hors intersection,Normale,Deux véhicules - frontale,,,,,,,,,,,1,1,1,1.0,1.0
201800002478,0018-08-19 15:05:00,18,8,19,15,5,730,181,ROND POINT DE L EUROPE,45.4811,6.52863,Plein jour,En agglomération,Giratoire,Temps éblouissant,Deux véhicules - côté,,,,,,,,,,,1,2,6,7.0,3.0
201800002479,0018-09-02 13:20:00,18,9,2,13,20,730,187,RD 213 - route du col de,45.52187,6.45819,Plein jour,Hors agglomération,Hors intersection,Normale,Sans collision,,,,,,,,,,,1,1,1,1.0,7.0
201800002480,0018-09-09 15:25:00,18,9,9,15,25,730,181,rue des salines royales,45.48395,6.52968,Plein jour,En agglomération,Intersection en T,Normale,Sans collision,,,,,,,,,,,1,2,3,1.0,7.0
201800002481,0018-10-13 01:20:00,18,10,13,1,20,730,6,RN 90 PK 58- MONTGIROD,45.52903,6.59323,Nuit sans éclairage public,Hors agglomération,Hors intersection,Normale,Sans collision,,,,,,,,,,,3,1,1,1.0,7.0
201800002482,0018-11-01 15:00:00,18,11,1,15,0,730,3,Avenue de Savoie - belle,45.50987,6.48942,Plein jour,En agglomération,Autre intersection,Pluie légère,Deux véhicules - côté,,,,,,,,,,,1,2,9,2.0,3.0
201800002483,0018-11-28 14:00:00,18,11,28,14,0,730,187,Départementale 97,45.53735,6.46716,Plein jour,Hors agglomération,Hors intersection,Normale,Deux véhicules - arrière,,,,,,,,,,,1,1,1,1.0,2.0
201800002484,0018-12-03 07:40:00,18,12,3,7,40,730,181,Avenue du 8 mai 1945,45.48648,6.52967,Plein jour,En agglomération,Hors intersection,Pluie légère,Autre collision,,,,,,,,,,,1,2,1,2.0,6.0
201800002485,0018-01-07 22:30:00,18,1,7,22,30,730,177,Lieu dit Montbrunal,45.32595,6.34203,Nuit sans éclairage public,Hors agglomération,Hors intersection,Neige / grêle,Autre collision,,,,,,,,,,,3,1,1,4.0,6.0
201800002486,0018-01-31 18:00:00,18,1,31,18,0,730,320,D81,45.2676,6.37575,Nuit sans éclairage public,Hors agglomération,Intersection en T,Normale,Deux véhicules - frontale,,,,,,,,,,,3,1,3,1.0,1.0
201800002487,0018-03-28 13:30:00,18,3,28,13,30,730,203,rd1006,45.31764,6.32857,Plein jour,Hors agglomération,Hors intersection,Normale,Deux véhicules - arrière,,,,,,,,,,,1,1,1,1.0,2.0
201800002488,0018-04-21 06:00:00,18,4,21,6,0,730,116,"Lieu dit ""la rochette""",45.2598,6.29026,Crépuscule ou aube,Hors agglomération,Hors intersection,Normale,Sans collision,,,,,,,,,,,2,1,1,1.0,7.0
201800002489,0018-06-29 17:40:00,18,6,29,17,40,730,203,D1006,45.30261,6.35074,Plein jour,En agglomération,Hors intersection,Normale,Autre collision,,,,,,,,,,,1,2,1,1.0,6.0
201800002490,0018-07-07 02:00:00,18,7,7,2,0,730,248,rue de Ramassot,45.27592,6.34789,Nuit avec éclairage allumé,En agglomération,Intersection en Y,Normale,Sans collision,,,,,,,,,,,5,2,4,1.0,7.0
201800002491,0018-07-07 12:45:00,18,7,7,12,45,730,256,Les grandes Seignères,45.20302,6.454,Plein jour,Hors agglomération,Hors intersection,Normale,Autre collision,,,,,,,,,,,1,1,1,1.0,6.0
201800002492,0018-07-16 00:01:00,18,7,16,0,1,730,306,d902,45.16205,6.42204,Nuit avec éclairage allumé,En agglomération,Hors intersection,Pluie légère,Autre collision,,,,,,,,,,,5,2,1,2.0,6.0
201800002493,0018-07-21 13:40:00,18,7,21,13,40,730,256,Lieu dit sous La Ravoire,45.21145,6.4665,Plein jour,Hors agglomération,Hors intersection,Normale,Deux véhicules - frontale,,,,,,,,,,,1,1,1,1.0,1.0
201800002494,0018-07-27 13:50:00,18,7,27,13,50,730,194,chemin du prec,45.19574,6.55732,Plein jour,Hors agglomération,Hors intersection,Normale,Autre collision,,,,,,,,,,,1,1,1,1.0,6.0
201800002495,0018-08-10 10:40:00,18,8,10,10,40,730,248,Avenue du mont cenis,45.27158,6.35147,Plein jour,En agglomération,Intersection en T,Normale,Deux véhicules - côté,,,,,,,,,,,1,2,3,1.0,3.0
201800002496,0018-09-08 22:39:00,18,9,8,22,39,730,248,383 rue du Mont Cenis,45.27198,6.35094,Nuit avec éclairage allumé,En agglomération,Intersection en T,Normale,Deux véhicules - côté,,,,,,,,,,,5,2,3,1.0,3.0
201800002497,0018-09-12 21:25:00,18,9,12,21,25,730,320,D906,45.2665,6.38122,Nuit sans éclairage public,Hors agglomération,Intersection en Y,Normale,Deux véhicules - arrière,,,,,,,,,,,3,1,4,1.0,2.0
201800002498,0018-09-22 10:46:00,18,9,22,10,46,730,250,rue de la chaudanniere,45.26189,6.38938,Plein jour,En agglomération,Intersection en Y,Normale,Deux véhicules - côté,,,,,,,,,,,1,2,4,1.0,3.0
201800002499,0018-11-06 11:05:00,18,11,6,11,5,730,248,D1006,45.28692,6.35407,Plein jour,Hors agglomération,Hors intersection,Pluie légère,Trois véhicules et plus - collisions multiples,,,,,,,,,,,1,1,1,2.0,5.0
201800002500,0018-06-30 11:00:00,18,6,30,11,0,730,290,RD 1006 plaine St Nicola,45.20598,6.96235,Plein jour,Hors agglomération,Hors intersection,Normale,Deux véhicules - côté,,,,,,,,,,,1,1,1,1.0,3.0
201800002501,0018-07-01 12:32:00,18,7,1,12,32,730,47,"RD902, route du col de l",45.39216,7.04579,Plein jour,Hors agglomération,Hors intersection,Normale,Sans collision,,,,,,,,,,,1,1,1,1.0,7.0
201800002502,0018-07-02 12:00:00,18,7,2,12,0,730,47,PK.69 - RD;902 ROUTE DU,45.39227,7.04546,Plein jour,Hors agglomération,Hors intersection,Normale,Autre collision,,,,,,,,,,,1,1,1,1.0,6.0
201800002503,0018-08-01 18:23:00,18,8,1,18,23,730,40,rue de juin 1957,45.32116,6.99274,Crépuscule ou aube,En agglomération,Hors intersection,Normale,Autre collision,,,,,,,,,,,2,2,1,1.0,6.0
201800002504,0018-08-22 22:30:00,18,8,22,22,30,730,47,lieu dit Berion,45.36535,7.03804,Nuit sans éclairage public,Hors agglomération,Hors intersection,Normale,Autre collision,,,,,,,,,,,3,1,1,1.0,6.0
201800002505,0018-07-07 10:15:00,18,7,7,10,15,730,157,RD 1006 - cours Aristide,45.20269,6.67183,Plein jour,En agglomération,Intersection en T,Normale,Deux véhicules - côté,,,,,,,,,,,1,2,3,1.0,3.0
201800002506,0018-12-22 11:30:00,18,12,22,11,30,730,157,24 place sommeiller,45.19405,6.65953,Plein jour,En agglomération,Intersection en T,Normale,Autre collision,,,,,,,,,,,1,2,3,1.0,6.0
201800002507,0018-03-25 06:10:00,18,3,25,6,10,740,136,Route du chinaillon,45.97304,6.45477,Nuit sans éclairage public,Hors agglomération,Hors intersection,Pluie légère,Autre collision,,,,,,,,,,,3,1,1,2.0,6.0
201800002508,0018-04-05 18:05:00,18,4,5,18,5,740,280,D 12,45.86039,6.32746,Plein jour,Hors agglomération,Hors intersection,Normale,Trois véhicules et plus - collisions multiples,,,,,,,,,,,1,1,1,1.0,5.0
201800002509,0018-04-18 18:30:00,18,4,18,18,30,740,36,1 Route du col de Bluffy,45.87327,6.21219,Plein jour,En agglomération,Intersection en X,Normale,Deux véhicules - côté,,,,,,,,,,,1,2,2,1.0,3.0
201800002510,0018-04-21 11:50:00,18,4,21,11,50,740,239,1245 route de Thônes,45.92133,6.39607,Plein jour,Hors agglomération,Hors intersection,Normale,Sans collision,,,,,,,,,,,1,1,1,1.0,7.0
201800002511,0018-05-24 17:30:00,18,5,24,17,30,740,3,d16,45.89679,6.22632,Plein jour,Hors agglomération,Hors intersection,Normale,Deux véhicules - frontale,,,,,,,,,,,1,1,1,1.0,1.0
201800002512,0018-06-13 16:00:00,18,6,13,16,0,740,102,D216,45.90325,6.22073,Plein jour,Hors agglomération,Hors intersection,Normale,Deux véhicules - côté,,,,,,,,,,,1,1,1,1.0,3.0
201800002513,0018-07-19 08:10:00,18,7,19,8,10,740,3,D16,45.89679,6.22632,Plein jour,Hors agglomération,Hors intersection,Normale,Autre collision,,,,,,,,,,,1,1,1,1.0,6.0
201800002514,0018-08-15 11:20:00,18,8,15,11,20,740,136,D4,45.96452,6.43794,Plein jour,Hors agglomération,Hors intersection,Normale,Deux véhicules - arrière,,,,,,,,,,,1,1,1,1.0,2.0
201800002515,0018-08-26 09:15:00,18,8,26,9,15,740,80,RD 909,45.87541,6.45407,Plein jour,Hors agglomération,Hors intersection,Normale,Trois véhicules et plus - en chaîne,,,,,,,,,,,1,1,1,1.0,4.0
201800002516,0018-08-28 14:00:00,18,8,28,14,0,740,280,2 route des aravis,45.88302,6.32423,Plein jour,En agglomération,Autre intersection,Normale,Autre collision,,,,,,,,,,,1,2,9,1.0,6.0
201800002517,0018-12-13 14:15:00,18,12,13,14,15,740,280,route des Aravis,45.88696,6.32852,Plein jour,Hors agglomération,Hors intersection,Normale,Autre collision,,,,,,,,,,,1,1,1,1.0,6.0
201800002518,0018-12-20 15:40:00,18,12,20,15,40,740,280,le revers,45.885,6.31904,Plein jour,En agglomération,Intersection en T,Pluie légère,Autre collision,,,,,,,,,,,1,2,3,2.0,6.0
201800002519,0018-01-04 17:45:00,18,1,4,17,45,740,42,AVENUE DE PONTCHY,46.07267,6.40631,Nuit avec éclairage allumé,En agglomération,Intersection en T,Pluie légère,Autre collision,,,,,,,,,,,5,2,3,2.0,6.0
201800002520,0018-03-24 16:30:00,18,3,24,16,30,740,42,29 boulevard des Allobro,46.07605,6.40729,Plein jour,En agglomération,Giratoire,Normale,Autre collision,,,,,,,,,,,1,2,6,1.0,6.0
201800002521,0018-03-25 17:30:00,18,3,25,17,30,740,212,RD12,45.99954,6.39465,Plein jour,Hors agglomération,Hors intersection,Temps couvert,Deux véhicules - frontale,,,,,,,,,,,1,1,1,8.0,1.0
201800002522,0018-04-20 14:10:00,18,4,20,14,10,740,87,route de findrol,46.14749,6.32004,Plein jour,Hors agglomération,Giratoire,Normale,Sans collision,,,,,,,,,,,1,1,6,1.0,7.0
201800002523,0018-04-27 07:15:00,18,4,27,7,15,740,42,Route départementale 120,46.08632,6.40007,Plein jour,Hors agglomération,Intersection en T,Temps éblouissant,Deux véhicules - côté,,,,,,,,,,,1,1,3,7.0,3.0
201800002524,0018-05-05 20:25:00,18,5,5,20,25,740,42,57 Avenue de GENEVE,46.07965,6.40609,Crépuscule ou aube,En agglomération,Hors intersection,Normale,Trois véhicules et plus - collisions multiples,,,,,,,,,,,2,2,1,1.0,5.0
201800002525,0018-07-15 16:50:00,18,7,15,16,50,740,42,1098 route de bonneville,46.05411,6.45505,Plein jour,En agglomération,Hors intersection,Normale,Deux véhicules - côté,,,,,,,,,,,1,2,1,1.0,3.0
201800002526,0018-08-04 09:40:00,18,8,4,9,40,740,42,D1205,46.1016,6.3606,Plein jour,Hors agglomération,Hors intersection,Normale,Sans collision,,,,,,,,,,,1,1,1,1.0,7.0
201800002527,0018-08-14 17:15:00,18,8,14,17,15,740,87,route des granges,46.14955,6.32775,Plein jour,Hors agglomération,Intersection en T,Normale,Deux véhicules - frontale,,,,,,,,,,,1,1,3,1.0,1.0
201800002528,0018-10-13 19:00:00,18,10,13,19,0,740,24,"D6, 627 route de BONNEVI",46.08195,6.43005,Nuit avec éclairage allumé,En agglomération,Hors intersection,Normale,Sans collision,,,,,,,,,,,5,2,1,1.0,7.0
201800002529,0018-10-20 16:30:00,18,10,20,16,30,740,212,rue michel carquillat,46.00884,6.3968,Plein jour,Hors agglomération,Hors intersection,Normale,Deux véhicules - frontale,,,,,,,,,,,1,1,1,1.0,1.0
201800002530,0018-10-20 21:40:00,18,10,20,21,40,740,42,RD 1205,46.07176,6.46069,Nuit sans éclairage public,Hors agglomération,Hors intersection,Brouillard / fumée,Deux véhicules - arrière,,,,,,,,,,,3,1,1,5.0,2.0
201800002531,0018-10-28 22:50:00,18,10,28,22,50,740,42,296 avenue de la gare,46.07824,6.41703,Nuit avec éclairage allumé,En agglomération,Intersection en T,Pluie légère,Deux véhicules - frontale,,,,,,,,,,,5,2,3,2.0,1.0
201800002532,0018-11-23 19:50:00,18,11,23,19,50,740,42,100 rue pertuiset,46.07738,6.40993,Nuit avec éclairage allumé,En agglomération,Hors intersection,Normale,Deux véhicules - frontale,,,,,,,,,,,5,2,1,1.0,1.0
201800002533,0018-01-29 21:30:00,18,1,29,21,30,740,56,lieu-dit les grassonnets,45.98218,6.91646,Nuit sans éclairage public,En agglomération,Hors intersection,Normale,Autre collision,,,,,,,,,,,3,2,1,1.0,6.0
201800002534,0018-06-12 16:05:00,18,6,12,16,5,740,143,25 avenue des alpages,45.89715,6.81546,Plein jour,En agglomération,Intersection en T,Normale,Deux véhicules - côté,,,,,,,,,,,1,2,3,1.0,3.0
201800002535,0018-07-27 12:30:00,18,7,27,12,30,740,56,113 route des praz,45.93142,6.87314,Plein jour,Hors agglomération,Hors intersection,Normale,Autre collision,,,,,,,,,,,1,1,1,1.0,6.0
201800002536,0018-08-03 10:50:00,18,8,3,10,50,740,266,route de passy,45.94527,6.78468,Plein jour,En agglomération,Intersection en X,Normale,Deux véhicules - côté,,,,,,,,,,,1,2,2,1.0,3.0
201800002537,0018-12-24 06:00:00,18,12,24,6,0,740,56,route des Moussoux,45.92106,6.8606,Nuit avec éclairage allumé,En agglomération,Intersection en T,Pluie forte,Autre collision,,,,,,,,,,,5,2,3,3.0,6.0
201800002538,0018-02-08 20:45:00,18,2,8,20,45,740,250,AVENUE DE LA PLAINE,46.06582,6.36415,Nuit sans éclairage public,Hors agglomération,Hors intersection,Normale,Deux véhicules - frontale,,,,,,,,,,,3,1,1,1.0,1.0
201800002539,0018-06-14 08:45:00,18,6,14,8,45,740,250,D1203,46.07082,6.35501,Plein jour,Hors agglomération,Hors intersection,Normale,Trois véhicules et plus - en chaîne,,,,,,,,,,,1,1,1,1.0,4.0
201800002540,0018-07-01 09:25:00,18,7,1,9,25,740,224,faubourg ST martin,46.067,6.3135,Plein jour,En agglomération,Hors intersection,Normale,Autre collision,,,,,,,,,,,1,2,1,1.0,6.0