accident_id,datetime,annee,mois,jour,heure,minute,departement,commune_insee,adresse,latitude,longitude,luminosite,agglomeration,intersection,meteo,collision,nb_vehicules,nb_usagers,nb_indemnes,nb_tues,nb_blesses_hosp,nb_blesses_legers,age_cond_1,age_cond_2,veh_type_cond_1,veh_type_cond_2,lum_code,agg_code,int_code,atm_code,col_code
201800002541,0018-07-11 07:25:00,18,7,11,7,25,740,250,691 rue des celliers,46.07716,6.35913,Plein jour,Hors agglomération,Intersection en T,Normale,Deux véhicules - frontale,,,,,,,,,,,1,1,3,1.0,1.0
201800002542,0018-07-15 21:15:00,18,7,15,21,15,740,224,rue Andrevetan,46.06607,6.31111,Plein jour,En agglomération,Hors intersection,Normale,Autre collision,,,,,,,,,,,1,2,1,1.0,6.0
201800002543,0018-07-22 15:50:00,18,7,22,15,50,740,250,Route des gorges du born,46.04662,6.37566,Plein jour,Hors agglomération,Hors intersection,Normale,Deux véhicules - frontale,,,,,,,,,,,1,1,1,1.0,1.0
201800002544,0018-07-27 23:25:00,18,7,27,23,25,740,90,D903,46.08938,6.31328,Nuit sans éclairage public,Hors agglomération,Intersection en X,Normale,Deux véhicules - arrière,,,,,,,,,,,3,1,2,1.0,2.0
201800002545,0018-08-18 12:30:00,18,8,18,12,30,740,116,RD 1203,46.05164,6.26726,Plein jour,Hors agglomération,Hors intersection,Normale,Deux véhicules - côté,,,,,,,,,,,1,1,1,1.0,3.0
201800002546,0018-11-01 19:30:00,18,11,1,19,30,740,224,Boulevard du maquis des,46.07689,6.30309,Nuit sans éclairage public,Hors agglomération,Hors intersection,Temps couvert,Autre collision,,,,,,,,,,,3,1,1,8.0,6.0
201800002547,0018-11-17 19:00:00,18,11,17,19,0,740,250,RD12 ROUTE DES EVEAUX,46.04843,6.37574,Nuit sans éclairage public,Hors agglomération,Hors intersection,Normale,Sans collision,,,,,,,,,,,3,1,1,1.0,7.0
201800002548,0018-04-06 18:15:00,18,4,6,18,15,740,44,RD 1206,46.15635,6.16691,Plein jour,Hors agglomération,Hors intersection,Normale,Deux véhicules - frontale,,,,,,,,,,,1,1,1,1.0,1.0
201800002549,0018-04-22 14:20:00,18,4,22,14,20,740,124,intersection RD 37 / RD1,46.1187,6.07351,Plein jour,Hors agglomération,Intersection en T,Temps éblouissant,Deux véhicules - côté,,,,,,,,,,,1,1,3,7.0,3.0
201800002550,0018-06-01 22:30:00,18,6,1,22,30,740,216,"878, route de Viry",46.09336,6.09257,Nuit sans éclairage public,Hors agglomération,Hors intersection,Normale,Deux véhicules - arrière,,,,,,,,,,,3,1,1,1.0,2.0
201800002551,0018-06-20 06:05:00,18,6,20,6,5,740,31,RD1201,46.09725,6.104,Plein jour,Hors agglomération,Hors intersection,Normale,Trois véhicules et plus - en chaîne,,,,,,,,,,,1,1,1,1.0,4.0
201800002552,0018-08-31 13:50:00,18,8,31,13,50,740,243,RD1206,46.14225,6.08549,Plein jour,Hors agglomération,Intersection en T,Temps couvert,Deux véhicules - frontale,,,,,,,,,,,1,1,3,8.0,1.0
201800002553,0018-10-20 18:50:00,18,10,20,18,50,740,16,24 route de Vovray,46.13485,6.13364,Nuit avec éclairage allumé,En agglomération,Autre intersection,Normale,Deux véhicules - côté,,,,,,,,,,,5,2,9,1.0,3.0
201800002554,0018-10-28 07:00:00,18,10,28,7,0,740,16,Avenue Marie Curie,46.12152,6.14084,Nuit sans éclairage public,Hors agglomération,Hors intersection,Pluie forte,Sans collision,,,,,,,,,,,3,1,1,3.0,7.0
201800002555,0018-11-10 04:45:00,18,11,10,4,45,740,243,RD 1206,46.14298,6.09961,Nuit sans éclairage public,Hors agglomération,Hors intersection,Autre,Sans collision,,,,,,,,,,,3,1,1,9.0,7.0
201800002556,0018-12-07 06:34:00,18,12,7,6,34,740,16,AVENUE MARIE CURIE,46.13411,6.12246,Nuit sans éclairage public,Hors agglomération,Intersection en T,Normale,Deux véhicules - côté,,,,,,,,,,,3,1,3,1.0,3.0
201800002557,0018-12-28 01:00:00,18,12,28,1,0,740,201,D 1201 ROUTE D'ANNECY,46.12402,6.09298,Nuit sans éclairage public,Hors agglomération,Giratoire,Brouillard / fumée,Autre collision,,,,,,,,,,,3,1,6,5.0,6.0
201800002558,0018-01-16 05:45:00,18,1,16,5,45,740,220,Avenue de la gare,46.12887,6.26663,Nuit avec éclairage non allumé,En agglomération,Hors intersection,Pluie légère,Deux véhicules - frontale,,,,,,,,,,,4,2,1,2.0,1.0
201800002559,0018-04-04 09:55:00,18,4,4,9,55,740,94,D 907,46.1795,6.29302,Plein jour,Hors agglomération,Hors intersection,Temps éblouissant,Deux véhicules - frontale,,,,,,,,,,,1,1,1,7.0,1.0
201800002560,0018-04-15 18:45:00,18,4,15,18,45,740,220,Route d'ANNEMASSE - D2,46.15008,6.25628,Plein jour,Hors agglomération,Hors intersection,Normale,Deux véhicules - frontale,,,,,,,,,,,1,1,1,1.0,1.0
201800002561,0018-04-27 23:45:00,18,4,27,23,45,740,15,Route départementale 6,46.08173,6.20089,Nuit sans éclairage public,En agglomération,Hors intersection,Normale,Autre collision,,,,,,,,,,,3,2,1,1.0,6.0
201800002562,0018-04-29 13:50:00,18,4,29,13,50,740,94,753 route des rosses,46.19961,6.28832,Plein jour,En agglomération,Intersection en T,Normale,Deux véhicules - côté,,,,,,,,,,,1,2,3,1.0,3.0
201800002563,0018-05-07 18:00:00,18,5,7,18,0,740,220,"D19, Route de l'Eculaz",46.13728,6.28878,Plein jour,Hors agglomération,Intersection en T,Normale,Deux véhicules - frontale,,,,,,,,,,,1,1,3,1.0,1.0
201800002564,0018-05-20 02:00:00,18,5,20,2,0,740,128,"1432, route de la Vallée",46.16765,6.37087,Nuit sans éclairage public,Hors agglomération,Hors intersection,Normale,Autre collision,,,,,,,,,,,3,1,1,1.0,6.0
201800002565,0018-05-21 15:00:00,18,5,21,15,0,740,185,Route des 3 lacs D 41a,46.15599,6.21009,Plein jour,Hors agglomération,Hors intersection,Normale,Sans collision,,,,,,,,,,,1,1,1,1.0,7.0
201800002566,0018-06-02 14:10:00,18,6,2,14,10,740,220,route d'Annemasse,46.13888,6.27033,Plein jour,Hors agglomération,Hors intersection,Normale,Autre collision,,,,,,,,,,,1,1,1,1.0,6.0
201800002567,0018-06-17 19:20:00,18,6,17,19,20,740,128,RD 9 - Route des vallées,46.15022,6.32639,Plein jour,Hors agglomération,Intersection en Y,Normale,Deux véhicules - arrière,,,,,,,,,,,1,1,4,1.0,2.0
201800002568,0018-06-17 16:08:00,18,6,17,16,8,740,185,route des trois lacs D41,46.15261,6.19197,Plein jour,En agglomération,Hors intersection,Normale,Deux véhicules - arrière,,,,,,,,,,,1,2,1,1.0,2.0
201800002569,0018-06-20 17:30:00,18,6,20,17,30,740,220,Route d'Annemase,46.15861,6.24444,Plein jour,Hors agglomération,Hors intersection,Normale,Autre collision,,,,,,,,,,,1,1,1,1.0,6.0
201800002570,0018-06-30 15:45:00,18,6,30,15,45,740,262,D 903,46.12316,6.31373,Plein jour,Hors agglomération,Intersection en T,Normale,Autre collision,,,,,,,,,,,1,1,3,1.0,6.0
201800002571,0018-08-13 15:45:00,18,8,13,15,45,740,128,route de la vallée verte,46.17093,6.37072,Plein jour,Hors agglomération,Hors intersection,Normale,Deux véhicules - côté,,,,,,,,,,,1,1,1,1.0,3.0
201800002572,0018-08-24 11:35:00,18,8,24,11,35,740,128,RD9,46.15196,6.33227,Plein jour,Hors agglomération,Intersection en T,Normale,Trois véhicules et plus - collisions multiples,,,,,,,,,,,1,1,3,1.0,5.0
201800002573,0018-09-02 09:40:00,18,9,2,9,40,740,229,238 rue de l'archet,46.23049,6.32058,Plein jour,En agglomération,Intersection en T,Normale,Autre collision,,,,,,,,,,,1,2,3,1.0,6.0
201800002574,0018-09-20 19:00:00,18,9,20,19,0,740,211,Route de Moussy,46.09877,6.2713,Plein jour,Hors agglomération,Hors intersection,Normale,Sans collision,,,,,,,,,,,1,1,1,1.0,7.0
201800002575,0018-10-04 22:10:00,18,10,4,22,10,740,94,"Lieu-dit ''Le Creux'', C",46.19065,6.29404,Nuit avec éclairage allumé,Hors agglomération,Hors intersection,Normale,Deux véhicules - frontale,,,,,,,,,,,5,1,1,1.0,1.0
201800002576,0018-10-01 07:45:00,18,10,1,7,45,740,197,D 903 G,46.15015,6.30668,Plein jour,Hors agglomération,Hors intersection,Normale,Sans collision,,,,,,,,,,,1,1,1,1.0,7.0
201800002577,0018-10-15 17:20:00,18,10,15,17,20,740,197,CD903,46.14717,6.31751,Plein jour,Hors agglomération,Hors intersection,Normale,Deux véhicules - côté,,,,,,,,,,,1,1,1,1.0,3.0
201800002578,0018-10-22 13:50:00,18,10,22,13,50,740,220,RD302,46.13085,6.26173,Plein jour,En agglomération,Intersection en Y,Normale,Deux véhicules - côté,,,,,,,,,,,1,2,4,1.0,3.0
201800002579,0018-11-06 16:55:00,18,11,6,16,55,740,220,Route de Findrol,46.13253,6.30434,Plein jour,Hors agglomération,Hors intersection,Pluie légère,Deux véhicules - frontale,,,,,,,,,,,1,1,1,2.0,1.0
201800002580,0018-11-06 18:00:00,18,11,6,18,0,740,94,d1206,46.20815,6.29402,Nuit sans éclairage public,Hors agglomération,Hors intersection,Normale,Deux véhicules - frontale,,,,,,,,,,,3,1,1,1.0,1.0
201800002581,0018-11-30 19:47:00,18,11,30,19,47,740,94,Route départementale 903,46.18367,6.30323,Nuit sans éclairage public,Hors agglomération,Hors intersection,Pluie légère,Deux véhicules - frontale,,,,,,,,,,,3,1,1,2.0,1.0
201800002582,0018-02-28 08:10:00,18,2,28,8,10,740,286,"CD 22, le Fontanil",46.33161,6.66187,Plein jour,Hors agglomération,Hors intersection,Normale,Deux véhicules - frontale,,,,,,,,,,,1,1,1,1.0,1.0
201800002583,0018-03-17 05:00:00,18,3,17,5,0,740,58,CD 22 - lieu dit place,46.30092,6.79273,Nuit sans éclairage public,Hors agglomération,Hors intersection,Normale,Sans collision,,,,,,,,,,,3,1,1,1.0,7.0
201800002584,0018-04-12 17:23:00,18,4,12,17,23,740,286,CD22,46.32315,6.67065,Plein jour,En agglomération,Intersection en T,Normale,Deux véhicules - côté,,,,,,,,,,,1,2,3,1.0,3.0
201800002585,0018-05-30 02:00:00,18,5,30,2,0,740,63,route de Pré-la-Joux,46.24092,6.79515,Nuit sans éclairage public,Hors agglomération,Hors intersection,Normale,Autre collision,,,,,,,,,,,3,1,1,1.0,6.0
201800002586,0018-07-29 09:30:00,18,7,29,9,30,740,63,Route de Vonnes,46.23859,6.91677,Plein jour,Hors agglomération,Hors intersection,Normale,Autre collision,,,,,,,,,,,1,1,1,1.0,6.0
201800002587,0018-08-12 02:20:00,18,8,12,2,20,740,58,D230,46.27982,6.81845,Nuit sans éclairage public,Hors agglomération,Hors intersection,Normale,Autre collision,,,,,,,,,,,3,1,1,1.0,6.0
201800002588,0018-08-16 14:05:00,18,8,16,14,5,740,63,1694 Route du Linga,46.25631,6.82986,Plein jour,En agglomération,Hors intersection,Normale,Deux véhicules - frontale,,,,,,,,,,,1,2,1,1.0,1.0
201800002589,0018-08-19 20:00:00,18,8,19,20,0,740,58,"Lieu dit ""Ville du Nant""",46.28861,6.80711,Crépuscule ou aube,Hors agglomération,Hors intersection,Normale,Autre collision,,,,,,,,,,,2,1,1,1.0,6.0
201800002590,0018-09-30 00:30:00,18,9,30,0,30,740,63,"RD228, lieu-dit Bassacha",46.21816,6.79232,Nuit sans éclairage public,Hors agglomération,Hors intersection,Normale,Sans collision,,,,,,,,,,,3,1,1,1.0,7.0
201800002591,0018-05-05 20:30:00,18,5,5,20,30,740,139,"D12, chez soujon",46.2286,6.44856,Plein jour,Hors agglomération,Hors intersection,Normale,Autre collision,,,,,,,,,,,1,1,1,1.0,6.0
201800002592,0018-04-03 07:25:00,18,4,3,7,25,740,154,Route Nationale 1005,46.40573,6.67367,Crépuscule ou aube,Hors agglomération,Hors intersection,Normale,Trois véhicules et plus - collisions multiples,,,,,,,,,,,2,1,1,1.0,5.0
201800002593,0018-04-11 20:35:00,18,4,11,20,35,740,175,rd 1005,46.40599,6.72619,Nuit sans éclairage public,Hors agglomération,Hors intersection,Normale,Trois véhicules et plus - collisions multiples,,,,,,,,,,,3,1,1,1.0,5.0
201800002594,0018-05-27 16:30:00,18,5,27,16,30,740,127,rd 902 route des grande,46.3446,6.54817,Plein jour,Hors agglomération,Hors intersection,Normale,Sans collision,,,,,,,,,,,1,1,1,1.0,7.0
201800002595,0018-06-01 07:00:00,18,6,1,7,0,740,249,Lieu dit les Petites Gra,46.36924,6.63695,Plein jour,Hors agglomération,Hors intersection,Normale,Deux véhicules - frontale,,,,,,,,,,,1,1,1,1.0,1.0
201800002596,0018-06-26 15:55:00,18,6,26,15,55,740,154,D1005,46.40573,6.67367,Plein jour,Hors agglomération,Intersection en T,Normale,Deux véhicules - côté,,,,,,,,,,,1,1,3,1.0,3.0
201800002597,0018-07-13 18:45:00,18,7,13,18,45,740,166,RD 32 route de thonon,46.38358,6.52424,Plein jour,Hors agglomération,Intersection en T,Normale,Deux véhicules - arrière,,,,,,,,,,,1,1,3,1.0,2.0
201800002598,0018-08-23 18:20:00,18,8,23,18,20,740,57,D11 - Route de Champange,46.37071,6.55183,Plein jour,En agglomération,Intersection en X,Normale,Deux véhicules - côté,,,,,,,,,,,1,2,2,1.0,3.0
201800002599,0018-08-30 07:30:00,18,8,30,7,30,740,175,route départementale D10,46.40504,6.73445,Plein jour,Hors agglomération,Hors intersection,Normale,Deux véhicules - côté,,,,,,,,,,,1,1,1,1.0,3.0
201800002600,0018-09-07 19:04:00,18,9,7,19,4,740,166,Route de Thonon,46.38306,6.52289,Crépuscule ou aube,En agglomération,Hors intersection,Normale,Trois véhicules et plus - collisions multiples,,,,,,,,,,,2,2,1,1.0,5.0
201800002601,0018-04-22 10:30:00,18,4,22,10,30,630,345,RD2089 THEIX,45.70556,3.02049,Plein jour,En agglomération,Intersection en T,Normale,Deux véhicules - arrière,,,,,,,,,,,1,2,3,1.0,2.0
201800002602,0018-05-19 15:50:00,18,5,19,15,50,630,307,chemin prat,45.74029,3.11511,Plein jour,En agglomération,Intersection en Y,Normale,Deux véhicules - frontale,,,,,,,,,,,1,2,4,1.0,1.0
201800002603,0018-06-22 18:30:00,18,6,22,18,30,630,307,RD 2089 - Lieu dit Saulz,45.71419,3.07028,Plein jour,En agglomération,Hors intersection,Normale,Autre collision,,,,,,,,,,,1,2,1,1.0,6.0
201800002604,0018-07-01 02:45:00,18,7,1,2,45,630,307,06 Rue Henri Dunant,45.72877,3.10107,Nuit avec éclairage allumé,En agglomération,Hors intersection,Normale,Autre collision,,,,,,,,,,,5,2,1,1.0,6.0
201800002605,0018-07-15 21:45:00,18,7,15,21,45,630,345,16 route de Theix,45.71687,3.01856,Nuit avec éclairage allumé,Hors agglomération,Hors intersection,Normale,Deux véhicules - frontale,,,,,,,,,,,5,1,1,1.0,1.0
201800002606,0018-08-15 16:30:00,18,8,15,16,30,630,345,RD 2089 Lieu dit Theix,45.70443,3.01826,Plein jour,En agglomération,Giratoire,Normale,Autre collision,,,,,,,,,,,1,2,6,1.0,6.0
201800002607,0018-04-07 16:55:00,18,4,7,16,55,630,254,route départementale 943,45.8052,3.05038,Plein jour,Hors agglomération,Intersection en T,Normale,Deux véhicules - côté,,,,,,,,,,,1,1,3,1.0,3.0
201800002608,0018-06-04 08:20:00,18,6,4,8,20,630,42,558 route des mauvaises,45.834,3.07768,Plein jour,En agglomération,Hors intersection,Normale,Autre collision,,,,,,,,,,,1,2,1,1.0,6.0
201800002609,0018-08-26 07:50:00,18,8,26,7,50,630,263,D941,45.78434,3.04427,Plein jour,Hors agglomération,Hors intersection,Normale,Sans collision,,,,,,,,,,,1,1,1,1.0,7.0
201800002610,0018-10-14 16:15:00,18,10,14,16,15,630,417,D943,45.82769,3.04639,Plein jour,Hors agglomération,Hors intersection,Normale,Sans collision,,,,,,,,,,,1,1,1,1.0,7.0
201800002611,0018-10-18 11:40:00,18,10,18,11,40,630,263,"D941, route de la baraqu",45.78225,3.03899,Plein jour,Hors agglomération,Hors intersection,Normale,Deux véhicules - côté,,,,,,,,,,,1,1,1,1.0,3.0
201800002612,0018-12-16 03:40:00,18,12,16,3,40,630,263,route de royat,45.7676,3.01414,Nuit sans éclairage public,Hors agglomération,Intersection en T,Temps couvert,Autre collision,,,,,,,,,,,3,1,3,8.0,6.0
201800002613,0018-11-25 14:20:00,18,11,25,14,20,630,42,D2,45.8265,3.08228,Plein jour,En agglomération,Hors intersection,Normale,Deux véhicules - frontale,,,,,,,,,,,1,2,1,1.0,1.0
201800002614,0018-03-07 13:15:00,18,3,7,13,15,630,204,route de PONT DU CHATEAU,45.80851,3.19409,Plein jour,En agglomération,Intersection en T,Normale,Deux véhicules - côté,,,,,,,,,,,1,2,3,1.0,3.0
201800002615,0018-03-21 22:35:00,18,3,21,22,35,630,133,5 impasse des oeillets,45.76294,3.23952,Nuit avec éclairage non allumé,En agglomération,Hors intersection,Normale,Autre collision,,,,,,,,,,,4,2,1,1.0,6.0
201800002616,0018-04-02 17:33:00,18,4,2,17,33,630,284,PK 34 + 50 D1093,45.81161,3.23688,Plein jour,Hors agglomération,Hors intersection,Normale,Deux véhicules - côté,,,,,,,,,,,1,1,1,1.0,3.0
201800002617,0018-07-06 22:55:00,18,7,6,22,55,630,284,place croix blanche,45.79926,3.24453,Nuit avec éclairage allumé,En agglomération,Intersection en X,Normale,Deux véhicules - côté,,,,,,,,,,,5,2,2,1.0,3.0
201800002618,0018-07-29 05:32:00,18,7,29,5,32,630,284,departementale d2089,45.78827,3.22139,Nuit avec éclairage non allumé,Hors agglomération,Hors intersection,Normale,Autre collision,,,,,,,,,,,4,1,1,1.0,6.0
201800002619,0018-08-03 19:20:00,18,8,3,19,20,630,284,avenue de clermont-ferra,45.79498,3.23052,Plein jour,En agglomération,Hors intersection,Normale,Autre collision,,,,,,,,,,,1,2,1,1.0,6.0
201800002620,0018-09-16 05:30:00,18,9,16,5,30,630,200,D54,45.84009,3.23065,Nuit sans éclairage public,Hors agglomération,Hors intersection,Normale,Sans collision,,,,,,,,,,,3,1,1,1.0,7.0
201800002621,0018-02-19 17:30:00,18,2,19,17,30,630,383,RD978,45.52967,2.97379,Crépuscule ou aube,Hors agglomération,Hors intersection,Normale,Deux véhicules - frontale,,,,,,,,,,,2,1,1,1.0,1.0
201800002622,0018-04-21 16:35:00,18,4,21,16,35,630,77,D36,45.56077,2.85478,Plein jour,Hors agglomération,Hors intersection,Normale,Deux véhicules - arrière,,,,,,,,,,,1,1,1,1.0,2.0
201800002623,0018-06-30 14:00:00,18,6,30,14,0,630,38,D978,,,Plein jour,Hors agglomération,Hors intersection,Normale,Sans collision,,,,,,,,,,,1,1,1,1.0,7.0
201800002624,0018-01-29 13:20:00,18,1,29,13,20,630,92,RD90,,,Plein jour,Hors agglomération,Hors intersection,Normale,Deux véhicules - frontale,,,,,,,,,,,1,1,1,1.0,1.0
201800002625,0018-06-08 20:55:00,18,6,8,20,55,630,203,D450,,,Plein jour,Hors agglomération,Hors intersection,Normale,Deux véhicules - côté,,,,,,,,,,,1,1,1,1.0,3.0
201800002626,0018-08-28 19:30:00,18,8,28,19,30,630,99,39 route de Cébazat,45.84428,3.09223,Plein jour,En agglomération,Hors intersection,Normale,Deux véhicules - arrière,,,,,,,,,,,1,2,1,1.0,2.0
201800002627,0018-11-16 18:10:00,18,11,16,18,10,630,99,route de Malauzat,45.84985,3.08239,Nuit sans éclairage public,Hors agglomération,Intersection en Y,Brouillard / fumée,Deux véhicules - côté,,,,,,,,,,,3,1,4,5.0,3.0
201800002628,0018-01-07 05:45:00,18,1,7,5,45,30,290,"RN7, Les Drives",46.63049,3.273,Nuit sans éclairage public,Hors agglomération,Giratoire,Pluie légère,Sans collision,,,,,,,,,,,3,1,6,2.0,7.0
201800002629,0018-01-17 08:44:00,18,1,17,8,44,30,286,"RCEA, RN79",46.51088,3.37737,Plein jour,Hors agglomération,Hors intersection,Pluie légère,Deux véhicules - côté,,,,,,,,,,,1,1,1,2.0,3.0
201800002630,0018-02-20 05:00:00,18,2,20,5,0,30,200,route de Saint Menoux,46.56231,3.30455,Nuit sans éclairage public,Hors agglomération,Hors intersection,Normale,Sans collision,,,,,,,,,,,3,1,1,1.0,7.0
201800002631,0018-02-28 14:50:00,18,2,28,14,50,30,229,RD 226,46.69253,3.3993,Plein jour,Hors agglomération,Intersection en T,Normale,Deux véhicules - côté,,,,,,,,,,,1,1,3,1.0,3.0
201800002632,0018-04-28 05:00:00,18,4,28,5,0,30,121,Lieu dit les Pinsards,46.63605,3.39095,Nuit sans éclairage public,Hors agglomération,Hors intersection,Normale,Autre collision,,,,,,,,,,,3,1,1,1.0,6.0
201800002633,0018-05-21 17:25:00,18,5,21,17,25,30,15,grand rue,46.64538,3.20463,Plein jour,En agglomération,Hors intersection,Normale,Deux véhicules - côté,,,,,,,,,,,1,2,1,1.0,3.0
201800002634,0018-09-09 17:55:00,18,9,9,17,55,30,316,RN 7 - PK 1,46.67626,3.23294,Plein jour,Hors agglomération,Hors intersection,Normale,Deux véhicules - côté,,,,,,,,,,,1,1,1,1.0,3.0
201800002635,0018-10-25 16:15:00,18,10,25,16,15,30,15,Pont de Bagneux,46.65895,3.22901,Plein jour,Hors agglomération,Hors intersection,Normale,Autre collision,,,,,,,,,,,1,1,1,1.0,6.0
201800002636,0018-11-07 16:00:00,18,11,7,16,0,30,286,"RN7, PK20+800",46.51088,3.37737,Plein jour,Hors agglomération,Hors intersection,Pluie légère,Deux véhicules - frontale,,,,,,,,,,,1,1,1,2.0,1.0
201800002637,0018-11-12 14:20:00,18,11,12,14,20,30,121,stade communal,46.63688,3.40159,Plein jour,Hors agglomération,Hors intersection,Normale,Deux véhicules - arrière,,,,,,,,,,,1,1,1,1.0,2.0
201800002638,0018-01-26 10:20:00,18,1,26,10,20,30,300,route de jaligny,46.43536,3.62324,Plein jour,Hors agglomération,Hors intersection,Normale,Sans collision,,,,,,,,,,,1,1,1,1.0,7.0
201800002639,0018-03-08 01:00:00,18,3,8,1,0,30,100,RD15,46.53206,3.74501,Nuit sans éclairage public,En agglomération,Hors intersection,Normale,Sans collision,,,,,,,,,,,3,2,1,1.0,7.0
201800002640,0018-04-18 20:25:00,18,4,18,20,25,30,102,les berlus - pk 27+500,46.53248,3.65508,Plein jour,Hors agglomération,Hors intersection,Normale,Autre collision,,,,,,,,,,,1,1,1,1.0,6.0
201800002641,0018-04-28 11:45:00,18,4,28,11,45,30,86,RD 779 PR 51.000,46.47978,3.89147,Plein jour,Hors agglomération,Hors intersection,Normale,Autre collision,,,,,,,,,,,1,1,1,1.0,6.0
201800002642,0018-06-13 09:10:00,18,6,13,9,10,30,102,174 rue nationale,46.5228,3.68028,Plein jour,En agglomération,Intersection en T,Normale,Deux véhicules - côté,,,,,,,,,,,1,2,3,1.0,3.0
201800002643,0018-06-14 06:20:00,18,6,14,6,20,30,173,RN 79,46.46093,3.89026,Crépuscule ou aube,Hors agglomération,Hors intersection,Normale,Deux véhicules - arrière,,,,,,,,,,,2,1,1,1.0,2.0
201800002644,0018-06-21 09:00:00,18,6,21,9,0,30,102,rue du port,46.51944,3.68522,Plein jour,En agglomération,Hors intersection,Normale,Autre collision,,,,,,,,,,,1,2,1,1.0,6.0
201800002645,0018-07-16 12:55:00,18,7,16,12,55,30,207,PK 48,46.50499,3.82873,Plein jour,Hors agglomération,Hors intersection,Normale,Autre collision,,,,,,,,,,,1,1,1,1.0,6.0
201800002646,0018-08-10 09:10:00,18,8,10,9,10,30,102,RN 79,46.53739,3.69517,Plein jour,Hors agglomération,Hors intersection,Normale,Deux véhicules - arrière,,,,,,,,,,,1,1,1,1.0,2.0
201800002647,0018-10-30 13:30:00,18,10,30,13,30,30,173,route de moulins,46.47472,3.92774,Plein jour,En agglomération,Hors intersection,Normale,Sans collision,,,,,,,,,,,1,2,1,1.0,7.0
201800002648,0018-12-02 18:28:00,18,12,2,18,28,30,173,RN79,46.45591,3.92274,Nuit sans éclairage public,Hors agglomération,Hors intersection,Pluie forte,Trois véhicules et plus - collisions multiples,,,,,,,,,,,3,1,1,3.0,5.0
201800002649,0018-12-29 19:30:00,18,12,29,19,30,30,173,86 route de digoin,46.47421,3.96145,Nuit avec éclairage allumé,En agglomération,Hors intersection,Normale,Autre collision,,,,,,,,,,,5,2,1,1.0,6.0
201800002650,0018-01-11 08:45:00,18,1,11,8,45,30,308,D68,46.27244,2.9749,Crépuscule ou aube,Hors agglomération,Hors intersection,Pluie légère,Deux véhicules - frontale,,,,,,,,,,,2,1,1,2.0,1.0
201800002651,0018-01-23 10:44:00,18,1,23,10,44,30,104,Les Gouttes Chavées,46.33428,2.78342,Plein jour,Hors agglomération,Hors intersection,Normale,Deux véhicules - frontale,,,,,,,,,,,1,1,1,1.0,1.0
201800002652,0018-02-03 13:05:00,18,2,3,13,5,30,27,voie communale,46.32919,2.85078,Plein jour,En agglomération,Hors intersection,Normale,Autre collision,,,,,,,,,,,1,2,1,1.0,6.0
201800002653,0018-02-09 12:40:00,18,2,9,12,40,30,70,RD68 PK39+500,46.41048,2.95034,Plein jour,Hors agglomération,Hors intersection,Temps couvert,Sans collision,,,,,,,,,,,1,1,1,8.0,7.0
201800002654,0018-06-06 18:15:00,18,6,6,18,15,30,20,Carrefour D37 D458,46.27925,2.87174,Plein jour,Hors agglomération,Intersection en T,Normale,Deux véhicules - frontale,,,,,,,,,,,1,1,3,1.0,1.0
201800002655,0018-06-12 16:25:00,18,6,12,16,25,30,243,RD 46,46.31875,3.01352,Plein jour,Hors agglomération,Hors intersection,Normale,Sans collision,,,,,,,,,,,1,1,1,1.0,7.0
201800002656,0018-08-17 02:42:00,18,8,17,2,42,30,189,chez daval,46.30764,2.80978,Nuit sans éclairage public,Hors agglomération,Hors intersection,Normale,Autre collision,,,,,,,,,,,3,1,1,1.0,6.0
201800002657,0018-10-21 15:00:00,18,10,21,15,0,30,189,D159 PK003+350,46.31511,2.82064,Plein jour,Hors agglomération,Intersection en Y,Normale,Sans collision,,,,,,,,,,,1,1,4,1.0,7.0
201800002658,0018-11-06 10:00:00,18,11,6,10,0,30,20,les Guillaumets,46.27515,2.9053,Plein jour,Hors agglomération,Hors intersection,Pluie légère,Deux véhicules - frontale,,,,,,,,,,,1,1,1,2.0,1.0
201800002659,0018-11-14 09:50:00,18,11,14,9,50,30,315,Les Dagourets - D38,46.38315,2.82889,Plein jour,Hors agglomération,Hors intersection,Normale,Deux véhicules - frontale,,,,,,,,,,,1,1,1,1.0,1.0
201800002660,0018-11-18 18:20:00,18,11,18,18,20,30,315,61 avenue Felix Mioche,46.4009,2.8546,Nuit avec éclairage allumé,En agglomération,Intersection en T,Normale,Sans collision,,,,,,,,,,,5,2,3,1.0,7.0
201800002661,0018-11-16 17:40:00,18,11,16,17,40,30,97,Croisement D33 et D157,46.37989,2.77721,Nuit avec éclairage allumé,En agglomération,Intersection en X,Normale,Deux véhicules - côté,,,,,,,,,,,5,2,2,1.0,3.0