accident_id,datetime,annee,mois,jour,heure,minute,departement,commune_insee,adresse,latitude,longitude,luminosite,agglomeration,intersection,meteo,collision,nb_vehicules,nb_usagers,nb_indemnes,nb_tues,nb_blesses_hosp,nb_blesses_legers,age_cond_1,age_cond_2,veh_type_cond_1,veh_type_cond_2,lum_code,agg_code,int_code,atm_code,col_code
201800002782,0018-04-22 21:30:00,18,4,22,21,30,540,429,D50B route de xeuilley,48.55545,6.11915,Nuit sans éclairage public,Hors agglomération,Hors intersection,Normale,Autre collision,,,,,,,,,,,3,1,1,1.0,6.0
201800002783,0018-05-07 18:10:00,18,5,7,18,10,540,366,RD 115 - PK 14+900,48.6105,6.14233,Plein jour,En agglomération,Autre intersection,Normale,Deux véhicules - côté,,,,,,,,,,,1,2,9,1.0,3.0
201800002784,0018-10-30 17:00:00,18,10,30,17,0,540,366,D115B,48.60641,6.16346,Plein jour,Hors agglomération,Hors intersection,Normale,Deux véhicules - frontale,,,,,,,,,,,1,1,1,1.0,1.0
201800002785,0018-12-08 17:45:00,18,12,8,17,45,540,596,104 Route de Vezelise,48.55459,6.09555,Nuit sans éclairage public,Hors agglomération,Hors intersection,Vent fort / tempête,Sans collision,,,,,,,,,,,3,1,1,6.0,7.0
201800002786,0018-02-02 18:20:00,18,2,2,18,20,30,310,rue de l'emballage,46.12995,3.43149,Nuit avec éclairage allumé,En agglomération,Intersection en X,Normale,Autre collision,,,,,,,,,,,5,2,2,1.0,6.0
201800002787,0018-02-05 09:55:00,18,2,5,9,55,30,1,"32, VICHY (AVENUE DE)",46.09982,3.44413,Plein jour,En agglomération,Intersection en T,Normale,Autre collision,,,,,,,,,,,1,2,3,1.0,6.0
201800002788,0018-03-11 15:10:00,18,3,11,15,10,30,310,allée des ailes,46.13591,3.41545,Plein jour,En agglomération,Hors intersection,Normale,Autre collision,,,,,,,,,,,1,2,1,1.0,6.0
201800002789,0018-02-19 16:55:00,18,2,19,16,55,30,310,"0, AILES (ALLEE DES)",46.13835,3.41553,Plein jour,En agglomération,Hors intersection,Normale,Autre collision,,,,,,,,,,,1,2,1,1.0,6.0
201800002790,0018-03-31 23:20:00,18,3,31,23,20,30,23,route de Charmeil,46.13764,3.39845,Nuit sans éclairage public,En agglomération,Hors intersection,Normale,Deux véhicules - arrière,,,,,,,,,,,3,2,1,1.0,2.0
201800002791,0018-04-06 17:40:00,18,4,6,17,40,30,310,GARE (PLACE DE LA),46.12668,3.43001,Plein jour,En agglomération,Giratoire,Normale,Deux véhicules - arrière,,,,,,,,,,,1,2,6,1.0,2.0
201800002792,0018-04-13 14:15:00,18,4,13,14,15,30,23,LERY (RUE DU),46.11001,3.38234,Plein jour,En agglomération,Giratoire,Normale,Deux véhicules - côté,,,,,,,,,,,1,2,6,1.0,3.0
201800002793,0018-04-25 18:20:00,18,4,25,18,20,30,23,CAVY (RUE ADRIEN),46.11692,3.40106,Plein jour,En agglomération,Intersection en T,Normale,Trois véhicules et plus - collisions multiples,,,,,,,,,,,1,2,3,1.0,5.0
201800002794,0018-04-26 17:00:00,18,4,26,17,0,30,310,FRANCE (AVENUE DE),46.11852,3.42655,Plein jour,En agglomération,Intersection en X,Normale,Sans collision,,,,,,,,,,,1,2,2,1.0,7.0
201800002795,0018-04-28 11:30:00,18,4,28,11,30,30,23,AUBERGER (AVENUE FERNAND,46.117,3.4137,Plein jour,En agglomération,Hors intersection,Normale,Autre collision,,,,,,,,,,,1,2,1,1.0,6.0
201800002796,0018-05-05 11:44:00,18,5,5,11,44,30,310,WILSON (RUE DU PRESIDENT,46.1252,3.4208,Plein jour,En agglomération,Hors intersection,Normale,Autre collision,,,,,,,,,,,1,2,1,1.0,6.0
201800002797,0018-05-15 10:28:00,18,5,15,10,28,30,310,CELESTINS (AVENUE DES),46.12459,3.42974,Plein jour,En agglomération,Intersection en X,Normale,Autre collision,,,,,,,,,,,1,2,2,1.0,6.0
201800002798,0018-04-30 17:05:00,18,4,30,17,5,30,23,GANNAT (ROUTE DE),46.12874,3.37488,Plein jour,Hors agglomération,Hors intersection,Normale,Deux véhicules - frontale,,,,,,,,,,,1,1,1,1.0,1.0
201800002799,0018-06-04 12:55:00,18,6,4,12,55,30,23,MUSSET (RUE ALFRED DE),46.10991,3.40469,Plein jour,En agglomération,Intersection en X,Normale,Deux véhicules - côté,,,,,,,,,,,1,2,2,1.0,3.0
201800002800,0018-06-05 22:25:00,18,6,5,22,25,30,310,LYON (AVENUE DE),46.12997,3.43149,Nuit avec éclairage allumé,En agglomération,Intersection en X,Normale,Deux véhicules - côté,,,,,,,,,,,5,2,2,1.0,3.0
201800002801,0018-06-21 23:50:00,18,6,21,23,50,30,310,AILES (ALLEE DES),46.13938,3.41553,Nuit sans éclairage public,En agglomération,Intersection en T,Normale,Deux véhicules - arrière,,,,,,,,,,,3,2,3,1.0,2.0
201800002802,0018-06-23 07:58:00,18,6,23,7,58,30,95,BICENTENAIRE (BOULEVARD,46.14146,3.44924,Plein jour,En agglomération,Intersection en X,Normale,Deux véhicules - côté,,,,,,,,,,,1,2,2,1.0,3.0
201800002803,0018-06-24 06:40:00,18,6,24,6,40,30,95,GIRAUDOUX (RUE JEAN),46.13472,3.46211,Crépuscule ou aube,En agglomération,Intersection en X,Normale,Deux véhicules - frontale,,,,,,,,,,,2,2,2,1.0,1.0
201800002804,0018-07-04 16:45:00,18,7,4,16,45,30,310,FRANCE (AVENUE DE),46.11854,3.42662,Plein jour,En agglomération,Hors intersection,Pluie forte,Autre collision,,,,,,,,,,,1,2,1,3.0,6.0
201800002805,0018-08-10 11:50:00,18,8,10,11,50,30,310,WILSON (RUE DU PRESIDENT,46.12487,3.42093,Plein jour,En agglomération,Intersection en T,Normale,Autre collision,,,,,,,,,,,1,2,3,1.0,6.0
201800002806,0018-09-03 17:45:00,18,9,3,17,45,30,95,SEIGLES (CHEMIN DES),46.1437,3.4838,Plein jour,En agglomération,Intersection en T,Normale,Deux véhicules - arrière,,,,,,,,,,,1,2,3,1.0,2.0
201800002807,0018-09-07 08:50:00,18,9,7,8,50,30,310,LYAUTEY (RUE DU MARECHAL,46.11842,3.43548,Plein jour,En agglomération,Intersection en T,Normale,Trois véhicules et plus - collisions multiples,,,,,,,,,,,1,2,3,1.0,5.0
201800002808,0018-09-12 17:30:00,18,9,12,17,30,30,310,JOFFRE (RUE DU MARECHAL),46.12293,3.42934,Plein jour,En agglomération,Intersection en X,Normale,Autre collision,,,,,,,,,,,1,2,2,1.0,6.0
201800002809,0018-09-15 11:50:00,18,9,15,11,50,30,310,JAURES (RUE JEAN),46.13361,3.42323,Plein jour,En agglomération,Intersection en T,Normale,Autre collision,,,,,,,,,,,1,2,3,1.0,6.0
201800002810,0018-09-20 17:35:00,18,9,20,17,35,30,310,COTE SAINT AMAND (RUE DE,46.11799,3.43859,Plein jour,Hors agglomération,Intersection en T,Normale,Deux véhicules - côté,,,,,,,,,,,1,1,3,1.0,3.0
201800002811,0018-09-22 12:00:00,18,9,22,12,0,30,310,AILES (ALLEE DES),46.14544,3.41476,Plein jour,En agglomération,Hors intersection,Normale,Deux véhicules - côté,,,,,,,,,,,1,2,1,1.0,3.0
201800002812,0018-10-04 17:50:00,18,10,4,17,50,30,95,LAFAYE (RUE FERNAND et A,46.124,3.447,Plein jour,En agglomération,Intersection en T,Normale,Autre collision,,,,,,,,,,,1,2,3,1.0,6.0
201800002813,0018-10-15 17:20:00,18,10,15,17,20,30,310,KENNEDY (BOULEVARD DU PR,46.11957,3.4227,Plein jour,En agglomération,Hors intersection,Pluie légère,Deux véhicules - côté,,,,,,,,,,,1,2,1,2.0,3.0
201800002814,0018-11-04 16:30:00,18,11,4,16,30,30,23,AUBERGER (AVENUE FERNAND,46.1149,3.41195,Plein jour,En agglomération,Hors intersection,Normale,Deux véhicules - côté,,,,,,,,,,,1,2,1,1.0,3.0
201800002815,0018-11-06 15:15:00,18,11,6,15,15,30,95,HUIT MAI 1945 (BOULEVARD,46.12885,3.43863,Plein jour,En agglomération,Hors intersection,Normale,Deux véhicules - côté,,,,,,,,,,,1,2,1,1.0,3.0
201800002816,0018-11-30 07:55:00,18,11,30,7,55,30,95,PARIS (ROUTE DE),46.13828,3.45626,Nuit sans éclairage public,En agglomération,Hors intersection,Pluie légère,Deux véhicules - frontale,,,,,,,,,,,3,2,1,2.0,1.0
201800002817,0018-12-05 13:10:00,18,12,5,13,10,30,310,AILES (ALLEE DES),46.14078,3.41541,Plein jour,En agglomération,Hors intersection,Normale,Deux véhicules - côté,,,,,,,,,,,1,2,1,1.0,3.0
201800002818,0018-12-22 22:12:00,18,12,22,22,12,30,310,CLEMENCEAU (RUE GEORGES),46.12325,3.42232,Nuit avec éclairage allumé,En agglomération,Hors intersection,Normale,Autre collision,,,,,,,,,,,5,2,1,1.0,6.0
201800002819,0018-12-27 15:34:00,18,12,27,15,34,30,310,ETATS-UNIS (BOULEVARD DE,46.12172,3.41812,Plein jour,En agglomération,Intersection en T,Normale,Deux véhicules - côté,,,,,,,,,,,1,2,3,1.0,3.0
201800002820,0018-12-04 16:23:00,18,12,4,16,23,30,310,JAURES (RUE JEAN),46.12631,3.42536,Plein jour,En agglomération,Hors intersection,Normale,Autre collision,,,,,,,,,,,1,2,1,1.0,6.0
201800002821,0018-12-29 13:00:00,18,12,29,13,0,30,310,AILES (ALLEE DES),46.1454,3.41464,Plein jour,En agglomération,Hors intersection,Normale,Deux véhicules - côté,,,,,,,,,,,1,2,1,1.0,3.0
201800002822,0018-12-29 18:30:00,18,12,29,18,30,30,310,JAURES (RUE JEAN),46.13044,3.42355,Nuit avec éclairage allumé,En agglomération,Intersection en X,Normale,Deux véhicules - côté,,,,,,,,,,,5,2,2,1.0,3.0
201800002823,0018-01-01 04:15:00,18,1,1,4,15,540,61,RD 400 PK 74.720,48.57395,6.6473,Nuit sans éclairage public,Hors agglomération,Hors intersection,Pluie légère,Sans collision,,,,,,,,,,,3,1,1,2.0,7.0
201800002824,0018-03-13 06:50:00,18,3,13,6,50,540,588,nationale 4,48.60079,6.44326,Crépuscule ou aube,Hors agglomération,Hors intersection,Normale,Deux véhicules - côté,,,,,,,,,,,2,1,1,1.0,3.0
201800002825,0018-04-08 11:45:00,18,4,8,11,45,540,23,route départementale 23,48.7216,6.51052,Plein jour,Hors agglomération,Hors intersection,Normale,Sans collision,,,,,,,,,,,1,1,1,1.0,7.0
201800002826,0018-06-16 16:40:00,18,6,16,16,40,540,129,intersection RD 993 (rue,48.58192,6.94641,Plein jour,En agglomération,Intersection en Y,Normale,Autre collision,,,,,,,,,,,1,2,4,1.0,6.0
201800002827,0018-11-10 11:45:00,18,11,10,11,45,540,38,RN 59 - PK 19+800,48.49765,6.69453,Plein jour,Hors agglomération,Hors intersection,Normale,Autre collision,,,,,,,,,,,1,1,1,1.0,6.0
201800002828,0018-04-04 07:15:00,18,4,4,7,15,540,584,11 rue de liverdun,48.7363,5.98354,Crépuscule ou aube,En agglomération,Hors intersection,Normale,Autre collision,,,,,,,,,,,2,2,1,1.0,6.0
201800002829,0018-08-14 07:30:00,18,8,14,7,30,540,532,rue de la mairie,48.80844,5.93642,Plein jour,Hors agglomération,Hors intersection,Normale,Autre collision,,,,,,,,,,,1,1,1,1.0,6.0
201800002830,0018-09-08 17:00:00,18,9,8,17,0,540,318,route de pompey,48.75481,6.08387,Plein jour,En agglomération,Giratoire,Normale,Autre collision,,,,,,,,,,,1,2,6,1.0,6.0
201800002831,0018-09-12 17:37:00,18,9,12,17,37,540,348,RD907,48.82275,5.92144,Plein jour,Hors agglomération,Hors intersection,Normale,Autre collision,,,,,,,,,,,1,1,1,1.0,6.0
201800002832,0018-09-12 16:40:00,18,9,12,16,40,540,370,voie communale - grande,48.81706,5.89055,Plein jour,Hors agglomération,Hors intersection,Normale,Sans collision,,,,,,,,,,,1,1,1,1.0,7.0
201800002833,0018-12-04 16:40:00,18,12,4,16,40,540,490,rd90b - PK3+816,48.77383,6.05396,Crépuscule ou aube,Hors agglomération,Hors intersection,Normale,Deux véhicules - frontale,,,,,,,,,,,2,1,1,1.0,1.0
201800002834,0018-12-11 21:45:00,18,12,11,21,45,540,318,route de FROUARD,48.75082,6.0839,Nuit avec éclairage allumé,Hors agglomération,Hors intersection,Normale,Deux véhicules - frontale,,,,,,,,,,,5,1,1,1.0,1.0
201800002835,0018-12-25 01:50:00,18,12,25,1,50,540,318,rue sous vignal - RD191,48.75885,6.03713,Nuit sans éclairage public,Hors agglomération,Hors intersection,Normale,Autre collision,,,,,,,,,,,3,1,1,1.0,6.0
201800002836,0018-01-28 17:30:00,18,1,28,17,30,550,423,rue Milaville,48.90907,5.18038,Crépuscule ou aube,En agglomération,Hors intersection,Pluie légère,Autre collision,,,,,,,,,,,2,2,1,2.0,6.0
201800002837,0018-04-18 13:30:00,18,4,18,13,30,550,366,départementale 994 pk 22,48.79054,5.06464,Plein jour,Hors agglomération,Hors intersection,Temps éblouissant,Deux véhicules - arrière,,,,,,,,,,,1,1,1,7.0,2.0
201800002838,0018-04-25 14:20:00,18,4,25,14,20,550,123,Croisement axes D116 / D,48.8455,5.20612,Plein jour,Hors agglomération,Intersection en X,Normale,Deux véhicules - côté,,,,,,,,,,,1,1,2,1.0,3.0
201800002839,0018-09-15 12:23:00,18,9,15,12,23,550,479,carrefour RD 116 et RD 1,48.84475,5.20703,Plein jour,Hors agglomération,Intersection en X,Normale,Deux véhicules - côté,,,,,,,,,,,1,1,2,1.0,3.0
201800002840,0018-12-14 22:00:00,18,12,14,22,0,550,11,Chemin de la vieille cot,48.79262,4.95818,Nuit avec éclairage allumé,En agglomération,Hors intersection,Normale,Autre collision,,,,,,,,,,,5,2,1,1.0,6.0
201800002841,0018-06-26 17:25:00,18,6,26,17,25,550,258,Gironville sous les cote,48.79792,5.67323,Plein jour,Hors agglomération,Intersection en Y,Normale,Deux véhicules - côté,,,,,,,,,,,1,1,4,1.0,3.0
201800002842,0018-11-06 20:45:00,18,11,6,20,45,550,258,RD 908 PK 54+50,48.76597,5.69637,Nuit sans éclairage public,Hors agglomération,Hors intersection,Normale,Sans collision,,,,,,,,,,,3,1,1,1.0,7.0
201800002843,0018-01-12 22:35:00,18,1,12,22,35,550,510,D947,49.52667,5.33886,Nuit sans éclairage public,Hors agglomération,Hors intersection,Normale,Autre collision,,,,,,,,,,,3,1,1,1.0,6.0
201800002844,0018-05-27 17:15:00,18,5,27,17,15,550,351,D110D,49.52201,5.35575,Plein jour,Hors agglomération,Hors intersection,Normale,Sans collision,,,,,,,,,,,1,1,1,1.0,7.0
201800002845,0018-05-17 20:25:00,18,5,17,20,25,550,425,Rue du Moulin - D69,49.44309,5.36151,Plein jour,En agglomération,Hors intersection,Normale,Trois véhicules et plus - en chaîne,,,,,,,,,,,1,2,1,1.0,4.0
201800002846,0018-06-02 18:15:00,18,6,2,18,15,550,218,06 grande rue,49.27592,5.47755,Plein jour,En agglomération,Hors intersection,Normale,Sans collision,,,,,,,,,,,1,2,1,1.0,7.0
201800002847,0018-07-17 17:23:00,18,7,17,17,23,550,510,D947,49.52272,5.32626,Plein jour,Hors agglomération,Hors intersection,Normale,Deux véhicules - frontale,,,,,,,,,,,1,1,1,1.0,1.0
201800002848,0018-07-20 18:30:00,18,7,20,18,30,550,351,Rue Ernest Mabille,49.51667,5.36765,Plein jour,En agglomération,Intersection à plus de 4 branches,Normale,Deux véhicules - frontale,,,,,,,,,,,1,2,5,1.0,1.0
201800002849,0018-09-14 12:40:00,18,9,14,12,40,550,554,RD 118,49.51106,5.40325,Plein jour,En agglomération,Hors intersection,Normale,Autre collision,,,,,,,,,,,1,2,1,1.0,6.0
201800002850,0018-10-07 00:30:00,18,10,7,0,30,550,509,D643,49.57806,5.3406,Nuit sans éclairage public,Hors agglomération,Hors intersection,Normale,Sans collision,,,,,,,,,,,3,1,1,1.0,7.0
201800002851,0018-01-04 15:40:00,18,1,4,15,40,880,253,33 rue du saut le cerf,48.1971,6.47606,Plein jour,En agglomération,Hors intersection,Pluie forte,Autre collision,,,,,,,,,,,1,2,1,3.0,6.0
201800002852,0018-03-02 13:25:00,18,3,2,13,25,880,273,RD 46 PK 022.800,48.21421,6.5021,Plein jour,Hors agglomération,Hors intersection,Neige / grêle,Trois véhicules et plus - collisions multiples,,,,,,,,,,,1,1,1,4.0,5.0
201800002853,0018-03-13 13:20:00,18,3,13,13,20,880,178,route de Darney,48.17203,6.38719,Plein jour,En agglomération,Hors intersection,Pluie légère,Deux véhicules - frontale,,,,,,,,,,,1,2,1,2.0,1.0
201800002854,0018-05-18 16:00:00,18,5,18,16,0,880,132,62 rue d'Alsace,48.20097,6.52758,Plein jour,En agglomération,Hors intersection,Normale,Deux véhicules - frontale,,,,,,,,,,,1,2,1,1.0,1.0
201800002855,0018-06-19 13:30:00,18,6,19,13,30,880,126,845 Rue de la gare,48.19329,6.36303,Plein jour,En agglomération,Hors intersection,Normale,Autre collision,,,,,,,,,,,1,2,1,1.0,6.0
201800002856,0018-09-07 12:20:00,18,9,7,12,20,880,160,"RN.57, PK.32.800",48.17931,6.48459,Plein jour,Hors agglomération,Hors intersection,Normale,Autre collision,,,,,,,,,,,1,1,1,1.0,6.0
201800002857,0018-10-06 15:10:00,18,10,6,15,10,880,483,7 rue de la Ménère,48.19706,6.38037,Plein jour,En agglomération,Intersection en X,Normale,Deux véhicules - côté,,,,,,,,,,,1,2,2,1.0,3.0
201800002858,0018-12-01 21:40:00,18,12,1,21,40,880,388,"RD 51, PK 07+056",48.13129,6.37796,Nuit sans éclairage public,Hors agglomération,Hors intersection,Pluie légère,Sans collision,,,,,,,,,,,3,1,1,2.0,7.0
201800002859,0018-12-10 15:15:00,18,12,10,15,15,880,253,avenue des Terres Saint,48.19259,6.47588,Plein jour,En agglomération,Hors intersection,Pluie légère,Autre collision,,,,,,,,,,,1,2,1,2.0,6.0
201800002860,0018-12-29 15:00:00,18,12,29,15,0,880,253,RD11,48.18843,6.4852,Plein jour,Hors agglomération,Intersection en T,Normale,Deux véhicules - côté,,,,,,,,,,,1,1,3,1.0,3.0
201800002861,0018-01-26 18:10:00,18,1,26,18,10,880,78,Rue Abel Ferry,48.20319,6.72274,Nuit avec éclairage allumé,En agglomération,Intersection en T,Pluie légère,Autre collision,,,,,,,,,,,5,2,3,2.0,6.0
201800002862,0018-03-24 16:40:00,18,3,24,16,40,880,262,route de la Rosière,48.18131,6.76507,Plein jour,Hors agglomération,Hors intersection,Temps éblouissant,Deux véhicules - frontale,,,,,,,,,,,1,1,1,7.0,1.0
201800002863,0018-04-07 19:00:00,18,4,7,19,0,880,167,RD11,48.13859,6.65893,Plein jour,Hors agglomération,Hors intersection,Normale,Deux véhicules - côté,,,,,,,,,,,1,1,1,1.0,3.0
201800002864,0018-04-14 16:40:00,18,4,14,16,40,880,167,D11,48.14093,6.63817,Plein jour,Hors agglomération,Hors intersection,Normale,Trois véhicules et plus - en chaîne,,,,,,,,,,,1,1,1,1.0,4.0
201800002865,0018-05-07 14:10:00,18,5,7,14,10,880,28,RD11,48.15326,6.55614,Plein jour,Hors agglomération,Hors intersection,Normale,Deux véhicules - frontale,,,,,,,,,,,1,1,1,1.0,1.0
201800002866,0018-07-21 15:00:00,18,7,21,15,0,880,101,RD 159 B,48.12563,6.58684,Plein jour,Hors agglomération,Hors intersection,Normale,Deux véhicules - frontale,,,,,,,,,,,1,1,1,1.0,1.0
201800002867,0018-07-21 23:15:00,18,7,21,23,15,880,86,Rue du Coq de Bruyères,48.1922,6.73734,Nuit sans éclairage public,Hors agglomération,Hors intersection,Normale,Deux véhicules - frontale,,,,,,,,,,,3,1,1,1.0,1.0
201800002868,0018-07-24 17:10:00,18,7,24,17,10,880,263,D30,48.13333,6.70875,Plein jour,Hors agglomération,Hors intersection,Normale,Sans collision,,,,,,,,,,,1,1,1,1.0,7.0
201800002869,0018-08-18 08:22:00,18,8,18,8,22,880,167,RD11,48.14023,6.64821,Plein jour,Hors agglomération,Hors intersection,Normale,Sans collision,,,,,,,,,,,1,1,1,1.0,7.0
201800002870,0018-09-01 15:40:00,18,9,1,15,40,880,64,RD420 - Lieu-dit MAILLEF,48.25512,6.79104,Plein jour,Hors agglomération,Hors intersection,Normale,Autre collision,,,,,,,,,,,1,1,1,1.0,6.0
201800002871,0018-09-24 18:00:00,18,9,24,18,0,880,64,D420,48.26921,6.82216,Plein jour,Hors agglomération,Hors intersection,Normale,Deux véhicules - frontale,,,,,,,,,,,1,1,1,1.0,1.0
201800002872,0018-11-12 22:30:00,18,11,12,22,30,880,91,62 GRAND RUE,48.16412,6.59247,Nuit sans éclairage public,En agglomération,Hors intersection,Pluie forte,Deux véhicules - frontale,,,,,,,,,,,3,2,1,3.0,1.0
201800002873,0018-04-13 17:00:00,18,4,13,17,0,880,173,PK 04+500 - RN 57,48.36989,6.27165,Plein jour,Hors agglomération,Hors intersection,Normale,Deux véhicules - arrière,,,,,,,,,,,1,1,1,1.0,2.0
201800002874,0018-05-24 18:50:00,18,5,24,18,50,880,90,Intersection RD 157 / ru,48.36924,6.29511,Plein jour,En agglomération,Intersection en T,Normale,Deux véhicules - arrière,,,,,,,,,,,1,2,3,1.0,2.0
201800002875,0018-09-01 09:05:00,18,9,1,9,5,880,90,RD 157 - rue Claude Barr,48.35821,6.30662,Plein jour,Hors agglomération,Hors intersection,Normale,Deux véhicules - frontale,,,,,,,,,,,1,1,1,1.0,1.0
201800002876,0018-09-20 11:05:00,18,9,20,11,5,880,355,Voie Verte,48.34825,6.35569,Plein jour,Hors agglomération,Hors intersection,Normale,Deux véhicules - frontale,,,,,,,,,,,1,1,1,1.0,1.0
201800002877,0018-09-28 03:50:00,18,9,28,3,50,880,73,RD 28 - PK 25+300,48.35138,6.27865,Nuit sans éclairage public,Hors agglomération,Hors intersection,Normale,Autre collision,,,,,,,,,,,3,1,1,1.0,6.0
201800002878,0018-01-29 18:10:00,18,1,29,18,10,880,527,D414,48.41119,6.58636,Nuit sans éclairage public,Hors agglomération,Hors intersection,Normale,Deux véhicules - frontale,,,,,,,,,,,3,1,1,1.0,1.0
201800002879,0018-04-20 15:30:00,18,4,20,15,30,880,395,route des vignes,48.36615,6.58487,Plein jour,Hors agglomération,Hors intersection,Temps éblouissant,Sans collision,,,,,,,,,,,1,1,1,7.0,7.0
201800002880,0018-06-29 06:30:00,18,6,29,6,30,880,521,RD 46 rue d'épinal,48.30579,6.60582,Plein jour,Hors agglomération,Autre intersection,Normale,Deux véhicules - frontale,,,,,,,,,,,1,1,9,1.0,1.0
201800002881,0018-07-13 11:52:00,18,7,13,11,52,880,367,76 vieux chemin de bru,48.34877,6.65519,Plein jour,En agglomération,Hors intersection,Normale,Sans collision,,,,,,,,,,,1,2,1,1.0,7.0
201800002882,0018-08-15 01:00:00,18,8,15,1,0,880,340,D46,48.28788,6.57837,Nuit sans éclairage public,Hors agglomération,Hors intersection,Normale,Deux véhicules - frontale,,,,,,,,,,,3,1,1,1.0,1.0
201800002883,0018-10-10 18:04:00,18,10,10,18,4,880,416,RD 32. PR 18+900,48.35013,6.52212,Plein jour,Hors agglomération,Intersection en X,Temps éblouissant,Deux véhicules - côté,,,,,,,,,,,1,1,2,7.0,3.0
201800002884,0018-01-04 16:40:00,18,1,4,16,40,880,321,AVENUE DU GENERAL DE GAU,48.35079,5.69291,Crépuscule ou aube,En agglomération,Intersection en Y,Pluie forte,Deux véhicules - frontale,,,,,,,,,,,2,2,4,3.0,1.0
201800002885,0018-01-26 16:00:00,18,1,26,16,0,880,95,1 rue Pierre de Couberti,48.30071,5.83877,Plein jour,En agglomération,Hors intersection,Normale,Autre collision,,,,,,,,,,,1,2,1,1.0,6.0
201800002886,0018-01-27 01:15:00,18,1,27,1,15,880,44,D74 PK 005+000,48.31516,5.66793,Nuit sans éclairage public,Hors agglomération,Hors intersection,Normale,Autre collision,,,,,,,,,,,3,1,1,1.0,6.0
201800002887,0018-02-02 18:15:00,18,2,2,18,15,880,324,RD 166 PK 19.00,48.29534,5.86353,Nuit sans éclairage public,Hors agglomération,Hors intersection,Pluie légère,Trois véhicules et plus - collisions multiples,,,,,,,,,,,3,1,1,2.0,5.0
201800002888,0018-02-17 05:55:00,18,2,17,5,55,880,95,rue de Lorraine,48.30104,5.83799,Nuit avec éclairage allumé,En agglomération,Intersection en T,Pluie forte,Deux véhicules - frontale,,,,,,,,,,,5,2,3,3.0,1.0
201800002889,0018-02-26 16:30:00,18,2,26,16,30,880,83,D164 PN 8,48.31012,5.72178,Plein jour,Hors agglomération,Hors intersection,Normale,Sans collision,,,,,,,,,,,1,1,1,1.0,7.0
201800002890,0018-04-06 11:15:00,18,4,6,11,15,880,321,AVENUE DU GENERAL DE GAU,48.35272,5.6928,Plein jour,En agglomération,Hors intersection,Normale,Autre collision,,,,,,,,,,,1,2,1,1.0,6.0
201800002891,0018-04-11 17:00:00,18,4,11,17,0,880,20,D674 PK 33.400,48.48724,5.85401,Plein jour,Hors agglomération,Hors intersection,Normale,Deux véhicules - frontale,,,,,,,,,,,1,1,1,1.0,1.0
201800002892,0018-04-18 01:30:00,18,4,18,1,30,880,440,intersection RD14 / RD 1,48.27944,5.85453,Nuit sans éclairage public,Hors agglomération,Intersection en T,Normale,Autre collision,,,,,,,,,,,3,1,3,1.0,6.0
201800002893,0018-07-01 23:22:00,18,7,1,23,22,880,376,D164 route de Neufchâtea,48.32638,5.70635,Nuit sans éclairage public,Hors agglomération,Hors intersection,Normale,Autre collision,,,,,,,,,,,3,1,1,1.0,6.0
201800002894,0018-07-13 10:00:00,18,7,13,10,0,880,321,D166,48.35303,5.7165,Plein jour,Hors agglomération,Hors intersection,Normale,Autre collision,,,,,,,,,,,1,1,1,1.0,6.0
201800002895,0018-07-15 21:35:00,18,7,15,21,35,880,141,D13,48.28084,5.89522,Crépuscule ou aube,Hors agglomération,Hors intersection,Normale,Sans collision,,,,,,,,,,,2,1,1,1.0,7.0
201800002896,0018-08-16 06:00:00,18,8,16,6,0,880,270,route de VILLOUXEL,48.32376,5.5759,Crépuscule ou aube,En agglomération,Hors intersection,Normale,Autre collision,,,,,,,,,,,2,2,1,1.0,6.0
201800002897,0018-05-26 05:30:00,18,5,26,5,30,880,523,RD 166,48.33314,5.75413,Nuit sans éclairage public,Hors agglomération,Hors intersection,Autre,Autre collision,,,,,,,,,,,3,1,1,9.0,6.0
201800002898,0018-11-24 06:10:00,18,11,24,6,10,880,241,D 166 PK 023.500,48.30197,5.91366,Nuit sans éclairage public,Hors agglomération,Hors intersection,Pluie légère,Autre collision,,,,,,,,,,,3,1,1,2.0,6.0
201800002899,0018-12-04 18:40:00,18,12,4,18,40,880,401,Rue du Béatisé,48.31121,5.77867,Nuit avec éclairage allumé,En agglomération,Hors intersection,Normale,Autre collision,,,,,,,,,,,5,2,1,1.0,6.0
201800002900,0018-12-21 17:45:00,18,12,21,17,45,880,321,Avenue Charles De Gaulle,48.35177,5.6928,Nuit avec éclairage allumé,En agglomération,Intersection en X,Pluie légère,Autre collision,,,,,,,,,,,5,2,2,2.0,6.0
201800002901,0018-05-08 11:30:00,18,5,8,11,30,880,470,face au 11 rue du quator,48.08684,6.73423,Plein jour,Hors agglomération,Hors intersection,Temps éblouissant,Deux véhicules - côté,,,,,,,,,,,1,1,1,7.0,3.0