accident_id,datetime,annee,mois,jour,heure,minute,departement,commune_insee,adresse,latitude,longitude,luminosite,agglomeration,intersection,meteo,collision,nb_vehicules,nb_usagers,nb_indemnes,nb_tues,nb_blesses_hosp,nb_blesses_legers,age_cond_1,age_cond_2,veh_type_cond_1,veh_type_cond_2,lum_code,agg_code,int_code,atm_code,col_code
201800002902,0018-05-17 11:35:00,18,5,17,11,35,880,196,Départementale 417 - PK,48.07339,6.83713,Plein jour,Hors agglomération,Hors intersection,Normale,Deux véhicules - frontale,,,,,,,,,,,1,1,1,1.0,1.0
201800002903,0018-06-09 03:15:00,18,6,9,3,15,880,196,place albert ferry,48.06967,6.87504,Nuit avec éclairage allumé,En agglomération,Place,Normale,Deux véhicules - côté,,,,,,,,,,,5,2,7,1.0,3.0
201800002904,0018-07-20 07:55:00,18,7,20,7,55,880,196,rue du levant,48.07399,6.8803,Plein jour,En agglomération,Intersection en X,Normale,Deux véhicules - côté,,,,,,,,,,,1,2,2,1.0,3.0
201800002905,0018-07-28 17:35:00,18,7,28,17,35,880,196,intersection D69 et chem,48.064,6.85196,Plein jour,En agglomération,Intersection en Y,Normale,Deux véhicules - frontale,,,,,,,,,,,1,2,4,1.0,1.0
201800002906,0018-08-06 16:50:00,18,8,6,16,50,880,196,D 486 pk 032.500,48.05121,6.86521,Plein jour,Hors agglomération,Intersection en X,Normale,Trois véhicules et plus - collisions multiples,,,,,,,,,,,1,1,2,1.0,5.0
201800002907,0018-02-23 13:55:00,18,2,23,13,55,670,216,RUE DE LA FORET,48.33777,7.58486,Plein jour,Hors agglomération,Hors intersection,Normale,Sans collision,,,,,,,,,,,1,1,1,1.0,7.0
201800002908,0018-03-25 06:45:00,18,3,25,6,45,670,285,PR 25,48.39135,7.6229,Plein jour,Hors agglomération,Hors intersection,Normale,Sans collision,,,,,,,,,,,1,1,1,1.0,7.0
201800002909,0018-04-04 10:04:00,18,4,4,10,4,670,397,Rue de la Dordogne,48.31687,7.70515,Plein jour,En agglomération,Giratoire,Normale,Deux véhicules - arrière,,,,,,,,,,,1,2,6,1.0,2.0
201800002910,0018-04-14 22:25:00,18,4,14,22,25,670,28,,48.36517,7.61085,Nuit sans éclairage public,Hors agglomération,Hors intersection,Normale,Autre collision,,,,,,,,,,,3,1,1,1.0,6.0
201800002911,0018-06-02 15:30:00,18,6,2,15,30,670,246,Chemin forestier,48.33442,7.53235,Plein jour,Hors agglomération,Hors intersection,Normale,Autre collision,,,,,,,,,,,1,1,1,1.0,6.0
201800002912,0018-05-22 22:00:00,18,5,22,22,0,670,433,D124,48.37172,7.62921,Nuit sans éclairage public,Hors agglomération,Hors intersection,Normale,Autre collision,,,,,,,,,,,3,1,1,1.0,6.0
201800002913,0018-06-16 22:25:00,18,6,16,22,25,670,233,CD 206 PK 5+625,48.38281,7.56067,Nuit sans éclairage public,Hors agglomération,Hors intersection,Normale,Autre collision,,,,,,,,,,,3,1,1,1.0,6.0
201800002914,0018-07-12 10:00:00,18,7,12,10,0,670,28,rue Rohan,48.37172,7.59788,Plein jour,En agglomération,Intersection en X,Normale,Deux véhicules - côté,,,,,,,,,,,1,2,2,1.0,3.0
201800002915,0018-10-05 13:45:00,18,10,5,13,45,670,246,,48.33442,7.53235,Plein jour,Hors agglomération,Intersection en T,Normale,Deux véhicules - arrière,,,,,,,,,,,1,1,3,1.0,2.0
201800002916,0018-11-26 12:45:00,18,11,26,12,45,670,28,rue de Strasbourg,48.37147,7.59204,Plein jour,En agglomération,Hors intersection,Normale,Deux véhicules - frontale,,,,,,,,,,,1,2,1,1.0,1.0
201800002917,0018-03-10 19:00:00,18,3,10,19,0,670,378,RD 468,48.45582,7.71874,Nuit sans éclairage public,Hors agglomération,Hors intersection,Normale,Autre collision,,,,,,,,,,,3,1,1,1.0,6.0
201800002918,0018-04-03 07:45:00,18,4,3,7,45,670,131,rue des fusiliers marins,48.47982,7.72947,Plein jour,En agglomération,Hors intersection,Normale,Trois véhicules et plus - en chaîne,,,,,,,,,,,1,2,1,1.0,4.0
201800002919,0018-07-14 16:25:00,18,7,14,16,25,670,131,24 rue de la première di,48.48792,7.71556,Plein jour,En agglomération,Hors intersection,Normale,Deux véhicules - frontale,,,,,,,,,,,1,2,1,1.0,1.0
201800002920,0018-08-29 17:45:00,18,8,29,17,45,670,137,,48.49654,7.68733,Plein jour,En agglomération,Intersection en X,Normale,Deux véhicules - côté,,,,,,,,,,,1,2,2,1.0,3.0
201800002921,0018-01-28 14:10:00,18,1,28,14,10,670,130,5 rue de la lorraine,48.42507,7.66982,Plein jour,En agglomération,Hors intersection,Normale,Autre collision,,,,,,,,,,,1,2,1,1.0,6.0
201800002922,0018-02-21 11:25:00,18,2,21,11,25,670,338,D468 - ROUTE DE STRASBOU,48.35729,7.68304,Plein jour,Hors agglomération,Hors intersection,Normale,Deux véhicules - frontale,,,,,,,,,,,1,1,1,1.0,1.0
201800002923,0018-03-03 12:15:00,18,3,3,12,15,670,130,rue du calvaire,48.42815,7.65991,Plein jour,En agglomération,Intersection en T,Normale,Deux véhicules - frontale,,,,,,,,,,,1,2,3,1.0,1.0
201800002924,0018-03-30 20:45:00,18,3,30,20,45,670,154,rd426,48.40272,7.72277,Nuit sans éclairage public,Hors agglomération,Giratoire,Pluie légère,Sans collision,,,,,,,,,,,3,1,6,2.0,7.0
201800002925,0018-05-07 12:30:00,18,5,7,12,30,670,526,RD206,48.39933,7.57468,Plein jour,Hors agglomération,Hors intersection,Normale,Deux véhicules - frontale,,,,,,,,,,,1,1,1,1.0,1.0
201800002926,0018-01-09 03:45:00,18,1,9,3,45,670,45,Route départementale 207,48.48922,7.53299,Nuit sans éclairage public,Hors agglomération,Hors intersection,Temps couvert,Autre collision,,,,,,,,,,,3,1,1,8.0,6.0
201800002927,0018-03-06 06:55:00,18,3,6,6,55,670,248,08 Grand  Rue,48.47585,7.56875,Plein jour,En agglomération,Intersection en T,Normale,Autre collision,,,,,,,,,,,1,2,3,1.0,6.0
201800002928,0018-03-09 19:25:00,18,3,9,19,25,670,31,,48.4443,7.44531,Nuit sans éclairage public,Hors agglomération,Hors intersection,Normale,Autre collision,,,,,,,,,,,3,1,1,1.0,6.0
201800002929,0018-03-29 12:45:00,18,3,29,12,45,670,31,D109,48.45169,7.44935,Plein jour,Hors agglomération,Hors intersection,Normale,Deux véhicules - frontale,,,,,,,,,,,1,1,1,1.0,1.0
201800002930,0018-04-25 19:30:00,18,4,25,19,30,670,164,RUE  PRINCIPALE,48.43292,7.48299,Plein jour,En agglomération,Intersection en X,Normale,Deux véhicules - arrière,,,,,,,,,,,1,2,2,1.0,2.0
201800002931,0018-06-04 17:45:00,18,6,4,17,45,670,348,avenue du tertre,48.46417,7.49615,Plein jour,En agglomération,Intersection en T,Normale,Autre collision,,,,,,,,,,,1,2,3,1.0,6.0
201800002932,0018-07-23 19:01:00,18,7,23,19,1,670,348,5 rue marcel KLEIN,48.46473,7.493,Plein jour,En agglomération,Intersection en T,Normale,Deux véhicules - côté,,,,,,,,,,,1,2,3,1.0,3.0
201800002933,0018-08-06 11:10:00,18,8,6,11,10,670,348,,48.452,7.48773,Plein jour,Hors agglomération,Giratoire,Normale,Autre collision,,,,,,,,,,,1,1,6,1.0,6.0
201800002934,0018-08-21 17:20:00,18,8,21,17,20,670,286,RD 426,48.44656,7.58302,Plein jour,Hors agglomération,Hors intersection,Normale,Trois véhicules et plus - collisions multiples,,,,,,,,,,,1,1,1,1.0,5.0
201800002935,0018-09-11 08:00:00,18,9,11,8,0,670,248,2 Rue de Paris,48.47619,7.56542,Plein jour,En agglomération,Intersection en T,Normale,Autre collision,,,,,,,,,,,1,2,3,1.0,6.0
201800002936,0018-11-12 18:15:00,18,11,12,18,15,670,348,RUE DE SÉLESTAT,48.46143,7.48436,Nuit avec éclairage allumé,En agglomération,Hors intersection,Normale,Autre collision,,,,,,,,,,,5,2,1,1.0,6.0
201800002937,0018-12-01 20:20:00,18,12,1,20,20,670,504,RD206,48.41506,7.53964,Nuit sans éclairage public,Hors agglomération,Hors intersection,Normale,Deux véhicules - frontale,,,,,,,,,,,3,1,1,1.0,1.0
201800002938,0018-03-20 14:50:00,18,3,20,14,50,670,67,RD30/RD60,48.72465,7.7143,Plein jour,Hors agglomération,Intersection en T,Normale,Deux véhicules - frontale,,,,,,,,,,,1,1,3,1.0,1.0
201800002939,0018-06-09 05:45:00,18,6,9,5,45,670,67,D 30,48.71232,7.67971,Crépuscule ou aube,Hors agglomération,Hors intersection,Temps couvert,Trois véhicules et plus - collisions multiples,,,,,,,,,,,2,1,1,8.0,5.0
201800002940,0018-06-24 10:40:00,18,6,24,10,40,670,458,7 RUE DE LA BERGERIE,48.81999,7.72771,Plein jour,En agglomération,Intersection en X,Normale,Deux véhicules - côté,,,,,,,,,,,1,2,2,1.0,3.0
201800002941,0018-06-14 10:00:00,18,6,14,10,0,670,87,D227,48.83445,7.67587,Plein jour,Hors agglomération,Hors intersection,Normale,Sans collision,,,,,,,,,,,1,1,1,1.0,7.0
201800002942,0018-10-01 10:00:00,18,10,1,10,0,670,23,,48.77866,7.71922,Plein jour,Hors agglomération,Intersection en X,Temps couvert,Deux véhicules - côté,,,,,,,,,,,1,1,2,8.0,3.0
201800002943,0018-10-13 14:15:00,18,10,13,14,15,670,331,RD 263,48.77245,7.74267,Plein jour,Hors agglomération,Hors intersection,Normale,Deux véhicules - frontale,,,,,,,,,,,1,1,1,1.0,1.0
201800002944,0018-11-13 07:05:00,18,11,13,7,5,670,39,D30,48.70824,7.66609,Crépuscule ou aube,Hors agglomération,Hors intersection,Pluie légère,Deux véhicules - frontale,,,,,,,,,,,2,1,1,2.0,1.0
201800002945,0018-12-19 18:00:00,18,12,19,18,0,670,458,98 rue du général de Gau,48.82317,7.72665,Nuit avec éclairage allumé,En agglomération,Hors intersection,Pluie légère,Deux véhicules - côté,,,,,,,,,,,5,2,1,2.0,3.0
201800002946,0018-05-16 18:55:00,18,5,16,18,55,670,449,47 rue  principale,48.80285,7.91118,Plein jour,En agglomération,Intersection en T,Normale,Deux véhicules - côté,,,,,,,,,,,1,2,3,1.0,3.0
201800002947,0018-06-26 14:30:00,18,6,26,14,30,670,46,1 rue de Strasbourg,48.75309,7.84837,Plein jour,Hors agglomération,Intersection en T,Normale,Autre collision,,,,,,,,,,,1,1,3,1.0,6.0
201800002948,0018-09-11 10:20:00,18,9,11,10,20,670,46,RUE DE MARIENTHAL,48.77127,7.83612,Plein jour,En agglomération,Hors intersection,Normale,Deux véhicules - frontale,,,,,,,,,,,1,2,1,1.0,1.0
201800002949,0018-09-11 18:20:00,18,9,11,18,20,670,252,71 rue principale,48.74253,7.81252,Plein jour,En agglomération,Hors intersection,Normale,Autre collision,,,,,,,,,,,1,2,1,1.0,6.0
201800002950,0018-09-18 08:30:00,18,9,18,8,30,670,46,4 rue du général Rampont,48.76824,7.8591,Plein jour,En agglomération,Hors intersection,Temps éblouissant,Autre collision,,,,,,,,,,,1,2,1,7.0,6.0
201800002951,0018-11-07 19:30:00,18,11,7,19,30,670,46,Intersection rue de Hagu,48.77589,7.84453,Nuit avec éclairage allumé,En agglomération,Intersection en X,Normale,Deux véhicules - frontale,,,,,,,,,,,5,2,2,1.0,1.0
201800002952,0018-02-06 06:20:00,18,2,6,6,20,670,101,D1420,48.51853,7.47461,Nuit sans éclairage public,Hors agglomération,Hors intersection,Normale,Deux véhicules - frontale,,,,,,,,,,,3,1,1,1.0,1.0
201800002953,0018-04-01 17:20:00,18,4,1,17,20,670,313,"24, rue des trois pics",48.52891,7.4604,Plein jour,En agglomération,Hors intersection,Normale,Autre collision,,,,,,,,,,,1,2,1,1.0,6.0
201800002954,0018-05-03 20:15:00,18,5,3,20,15,670,168,Départementale 217,48.53764,7.43613,Plein jour,Hors agglomération,Intersection en X,Normale,Deux véhicules - côté,,,,,,,,,,,1,1,2,1.0,3.0
201800002955,0018-05-31 14:00:00,18,5,31,14,0,670,300,10 allée jean pierre car,48.53906,7.49141,Plein jour,En agglomération,Autre intersection,Autre,Autre collision,,,,,,,,,,,1,2,9,9.0,6.0
201800002956,0018-06-23 18:00:00,18,6,23,18,0,670,128,D93,48.55709,7.56646,Plein jour,Hors agglomération,Hors intersection,Normale,Deux véhicules - arrière,,,,,,,,,,,1,1,1,1.0,2.0
201800002957,0018-07-02 07:00:00,18,7,2,7,0,670,188,RD1420,48.5279,7.37792,Plein jour,Hors agglomération,Hors intersection,Normale,Trois véhicules et plus - en chaîne,,,,,,,,,,,1,1,1,1.0,4.0
201800002958,0018-07-10 14:45:00,18,7,10,14,45,670,127,PISTE CYCLABLE ERGERSHEI,48.57594,7.5351,Plein jour,Hors agglomération,Hors intersection,Normale,Deux véhicules - frontale,,,,,,,,,,,1,1,1,1.0,1.0
201800002959,0018-07-16 08:35:00,18,7,16,8,35,670,300,RD1422,48.53322,7.51477,Plein jour,Hors agglomération,Hors intersection,Normale,Deux véhicules - frontale,,,,,,,,,,,1,1,1,1.0,1.0
201800002960,0018-07-27 11:45:00,18,7,27,11,45,670,127,D45,48.57281,7.53731,Plein jour,Hors agglomération,Intersection en X,Normale,Deux véhicules - côté,,,,,,,,,,,1,1,2,1.0,3.0
201800002961,0018-08-02 14:00:00,18,8,2,14,0,670,480,13 GRAND RUE,48.54859,7.40617,Plein jour,En agglomération,Hors intersection,Normale,Deux véhicules - frontale,,,,,,,,,,,1,2,1,1.0,1.0
201800002962,0018-08-29 06:40:00,18,8,29,6,40,670,168,Piste cyclable,48.53756,7.43762,Crépuscule ou aube,Hors agglomération,Hors intersection,Normale,Deux véhicules - frontale,,,,,,,,,,,2,1,1,1.0,1.0
201800002963,0018-09-01 14:05:00,18,9,1,14,5,670,300,D422,48.5504,7.50789,Plein jour,Hors agglomération,Giratoire,Normale,Trois véhicules et plus - collisions multiples,,,,,,,,,,,1,1,6,1.0,5.0
201800002964,0018-09-12 07:45:00,18,9,12,7,45,670,300,rue henri meck,48.53373,7.49117,Plein jour,En agglomération,Hors intersection,Normale,Deux véhicules - côté,,,,,,,,,,,1,2,1,1.0,3.0
201800002965,0018-09-18 06:15:00,18,9,18,6,15,670,112,D147,48.51821,7.56665,Nuit sans éclairage public,Hors agglomération,Hors intersection,Normale,Deux véhicules - frontale,,,,,,,,,,,3,1,1,1.0,1.0
201800002966,0018-10-15 15:55:00,18,10,15,15,55,670,112,26 rue de la gare,48.52931,7.56764,Plein jour,En agglomération,Intersection en T,Normale,Deux véhicules - frontale,,,,,,,,,,,1,2,3,1.0,1.0
201800002967,0018-10-31 20:20:00,18,10,31,20,20,670,127,RD30,48.57267,7.52709,Nuit avec éclairage allumé,En agglomération,Hors intersection,Normale,Autre collision,,,,,,,,,,,5,2,1,1.0,6.0
201800002968,0018-11-09 09:10:00,18,11,9,9,10,670,101,RN422,48.52418,7.49811,Plein jour,En agglomération,Giratoire,Normale,Autre collision,,,,,,,,,,,1,2,6,1.0,6.0
201800002969,0018-12-20 21:30:00,18,12,20,21,30,670,313,rue de la source,48.54286,7.45656,Nuit avec éclairage allumé,En agglomération,Hors intersection,Normale,Deux véhicules - frontale,,,,,,,,,,,5,2,1,1.0,1.0
201800002970,0018-01-17 09:26:00,18,1,17,9,26,670,411,70 rue du général de gau,48.49598,7.46758,Plein jour,En agglomération,Hors intersection,Pluie forte,Autre collision,,,,,,,,,,,1,2,1,3.0,6.0
201800002971,0018-07-02 11:00:00,18,7,2,11,0,670,368,Route de Klingenthal,48.46589,7.42066,Plein jour,Hors agglomération,Hors intersection,Normale,Deux véhicules - frontale,,,,,,,,,,,1,1,1,1.0,1.0
201800002972,0018-02-23 20:54:00,18,2,23,20,54,670,282,RD 1004,48.61432,7.53159,Nuit sans éclairage public,Hors agglomération,Hors intersection,Normale,Deux véhicules - arrière,,,,,,,,,,,3,1,1,1.0,2.0
201800002973,0018-03-24 14:05:00,18,3,24,14,5,670,122,Départementale 224 PK 10,48.6209,7.30529,Plein jour,Hors agglomération,Hors intersection,Normale,Sans collision,,,,,,,,,,,1,1,1,1.0,7.0
201800002974,0018-05-06 16:50:00,18,5,6,16,50,670,122,PK24 + 150,48.6209,7.30529,Plein jour,Hors agglomération,Hors intersection,Temps éblouissant,Deux véhicules - côté,,,,,,,,,,,1,1,1,7.0,3.0
201800002975,0018-05-21 16:05:00,18,5,21,16,5,670,122,D218,48.63788,7.31415,Plein jour,Hors agglomération,Hors intersection,Normale,Deux véhicules - côté,,,,,,,,,,,1,1,1,1.0,3.0
201800002976,0018-05-27 18:40:00,18,5,27,18,40,670,520,RD 1004,48.6442,7.44362,Plein jour,Hors agglomération,Hors intersection,Normale,Deux véhicules - arrière,,,,,,,,,,,1,1,1,1.0,2.0
201800002977,0018-06-27 17:00:00,18,6,27,17,0,670,408,PR 2 - RD 143,48.64037,7.36891,Plein jour,Hors agglomération,Hors intersection,Normale,Sans collision,,,,,,,,,,,1,1,1,1.0,7.0
201800002978,0018-09-29 18:00:00,18,9,29,18,0,670,30,D118,48.57742,7.46026,Plein jour,Hors agglomération,Intersection en X,Normale,Deux véhicules - côté,,,,,,,,,,,1,1,2,1.0,3.0
201800002979,0018-09-28 22:50:00,18,9,28,22,50,670,520,RD 1004 - rond point zon,48.65077,7.43188,Nuit sans éclairage public,Hors agglomération,Giratoire,Normale,Sans collision,,,,,,,,,,,3,1,6,1.0,7.0
201800002980,0018-11-07 17:58:00,18,11,7,17,58,670,18,D 75,48.58272,7.41458,Nuit sans éclairage public,Hors agglomération,Hors intersection,Pluie légère,Sans collision,,,,,,,,,,,3,1,1,2.0,7.0
201800002981,0018-12-01 10:25:00,18,12,1,10,25,670,520,21 rue du général de Gau,48.63794,7.45191,Plein jour,Hors agglomération,Hors intersection,Normale,Deux véhicules - arrière,,,,,,,,,,,1,1,1,1.0,2.0
201800002982,0018-01-17 17:49:00,18,1,17,17,49,670,519,CD 301,48.66256,7.81532,Nuit sans éclairage public,Hors agglomération,Hors intersection,Pluie légère,Deux véhicules - côté,,,,,,,,,,,3,1,1,2.0,3.0
201800002983,0018-01-04 17:32:00,18,1,4,17,32,670,118,rue Jean Monnet,48.58962,7.68889,Nuit avec éclairage allumé,En agglomération,Autre intersection,Pluie forte,Autre collision,,,,,,,,,,,5,2,9,3.0,6.0
201800002984,0018-07-26 20:50:00,18,7,26,20,50,670,350,RD451,48.59548,7.63844,Plein jour,Hors agglomération,Hors intersection,Normale,Sans collision,,,,,,,,,,,1,1,1,1.0,7.0
201800002985,0018-12-08 18:25:00,18,12,8,18,25,670,551,D63,48.57287,7.66545,Nuit sans éclairage public,Hors agglomération,Hors intersection,Pluie légère,Autre collision,,,,,,,,,,,3,1,1,2.0,6.0
201800002986,0018-02-13 14:45:00,18,2,13,14,45,670,10,Rue du Gal Koenig / Rue,48.38793,7.42118,Plein jour,En agglomération,Intersection en T,Normale,Deux véhicules - côté,,,,,,,,,,,1,2,3,1.0,3.0
201800002987,0018-05-07 15:30:00,18,5,7,15,30,670,84,32 rue du maréchal Foch,48.32596,7.42417,Plein jour,En agglomération,Intersection en T,Normale,Deux véhicules - côté,,,,,,,,,,,1,2,3,1.0,3.0
201800002988,0018-05-15 15:20:00,18,5,15,15,20,670,10,route du hohwald,48.39571,7.40186,Plein jour,Hors agglomération,Hors intersection,Normale,Autre collision,,,,,,,,,,,1,1,1,1.0,6.0
201800002989,0018-05-15 19:45:00,18,5,15,19,45,670,51,RD 203,48.3452,7.41487,Crépuscule ou aube,Hors agglomération,Hors intersection,Normale,Sans collision,,,,,,,,,,,2,1,1,1.0,7.0
201800002990,0018-05-22 17:35:00,18,5,22,17,35,670,120,D  35,48.37752,7.4394,Plein jour,Hors agglomération,Intersection en X,Pluie légère,Deux véhicules - côté,,,,,,,,,,,1,1,2,2.0,3.0
201800002991,0018-05-25 17:50:00,18,5,25,17,50,670,295,RD 425,48.39453,7.44297,Plein jour,Hors agglomération,Hors intersection,Normale,Deux véhicules - frontale,,,,,,,,,,,1,1,1,1.0,1.0
201800002992,0018-09-15 02:20:00,18,9,15,2,20,670,21,27 rue de la Vallée St U,48.41152,7.39976,Nuit avec éclairage allumé,En agglomération,Hors intersection,Normale,Autre collision,,,,,,,,,,,5,2,1,1.0,6.0
201800002993,0018-09-24 12:20:00,18,9,24,12,20,670,227,2 route du vin,48.36351,7.43288,Plein jour,En agglomération,Hors intersection,Normale,Autre collision,,,,,,,,,,,1,2,1,1.0,6.0
201800002994,0018-09-26 12:30:00,18,9,26,12,30,670,125,31-33 rue des alliées,48.35884,7.46575,Plein jour,En agglomération,Intersection en T,Normale,Sans collision,,,,,,,,,,,1,2,3,1.0,7.0
201800002995,0018-10-15 08:12:00,18,10,15,8,12,670,84,RD 1422,48.30935,7.45856,Plein jour,Hors agglomération,Hors intersection,Normale,Deux véhicules - côté,,,,,,,,,,,1,1,1,1.0,3.0
201800002996,0018-12-10 15:10:00,18,12,10,15,10,670,227,CD35,48.36646,7.42507,Plein jour,Hors agglomération,Intersection en T,Normale,Deux véhicules - côté,,,,,,,,,,,1,1,3,1.0,3.0
201800002997,0018-03-05 15:20:00,18,3,5,15,20,670,544,rue des juifs,49.03887,7.94608,Plein jour,En agglomération,Hors intersection,Normale,Autre collision,,,,,,,,,,,1,2,1,1.0,6.0
201800002998,0018-03-11 03:00:00,18,3,11,3,0,670,474,CD 263,48.9292,7.88957,Nuit sans éclairage public,Hors agglomération,Hors intersection,Normale,Autre collision,,,,,,,,,,,3,1,1,1.0,6.0
201800002999,0018-06-10 19:45:00,18,6,10,19,45,670,451,310 rue principale,48.9841,8.0542,Plein jour,En agglomération,Hors intersection,Normale,Autre collision,,,,,,,,,,,1,2,1,1.0,6.0
201800003000,0018-07-05 16:18:00,18,7,5,16,18,670,351,47 rue des forgerons,48.96722,7.98779,Plein jour,En agglomération,Hors intersection,Normale,Deux véhicules - frontale,,,,,,,,,,,1,2,1,1.0,1.0
201800003001,0018-08-11 17:15:00,18,8,11,17,15,670,351,D249,48.97403,7.98558,Plein jour,Hors agglomération,Hors intersection,Normale,Deux véhicules - frontale,,,,,,,,,,,1,1,1,1.0,1.0
201800003002,0018-05-18 17:00:00,18,5,18,17,0,670,404,chemin forestier,48.9025,7.94961,Plein jour,Hors agglomération,Hors intersection,Normale,Autre collision,,,,,,,,,,,1,1,1,1.0,6.0
201800003003,0018-06-19 15:20:00,18,6,19,15,20,670,474,42 rue du docteur Michel,48.93815,7.88444,Plein jour,En agglomération,Hors intersection,Temps éblouissant,Autre collision,,,,,,,,,,,1,2,1,7.0,6.0
201800003004,0018-06-30 05:55:00,18,6,30,5,55,670,351,23 rue des Romains,48.96434,7.99338,Crépuscule ou aube,En agglomération,Hors intersection,Normale,Autre collision,,,,,,,,,,,2,2,1,1.0,6.0
201800003005,0018-06-28 18:00:00,18,6,28,18,0,670,290,RD114,48.93197,7.83107,Plein jour,Hors agglomération,Hors intersection,Normale,Sans collision,,,,,,,,,,,1,1,1,1.0,7.0
201800003006,0018-07-31 16:15:00,18,7,31,16,15,670,232,CD 65,48.96663,7.8839,Plein jour,Hors agglomération,Hors intersection,Normale,Autre collision,,,,,,,,,,,1,1,1,1.0,6.0
201800003007,0018-08-25 18:25:00,18,8,25,18,25,670,455,,48.95075,7.91701,Plein jour,Hors agglomération,Hors intersection,Normale,Deux véhicules - côté,,,,,,,,,,,1,1,1,1.0,3.0
201800003008,0018-09-28 06:45:00,18,9,28,6,45,670,213,route départementale 263,48.96016,7.95371,Plein jour,Hors agglomération,Hors intersection,Brouillard / fumée,Trois véhicules et plus - collisions multiples,,,,,,,,,,,1,1,1,5.0,5.0
201800003009,0018-09-28 11:10:00,18,9,28,11,10,670,254,rue Achille Lebel,48.95173,7.83644,Plein jour,Hors agglomération,Hors intersection,Normale,Autre collision,,,,,,,,,,,1,1,1,1.0,6.0
201800003010,0018-09-29 13:45:00,18,9,29,13,45,670,487,rue du maréchal Leclerc,48.91177,7.83268,Plein jour,En agglomération,Intersection en T,Normale,Deux véhicules - côté,,,,,,,,,,,1,2,3,1.0,3.0
201800003011,0018-12-13 17:00:00,18,12,13,17,0,670,474,2 Rue du Docteur Michel,48.93495,7.88393,Nuit avec éclairage allumé,En agglomération,Hors intersection,Normale,Autre collision,,,,,,,,,,,5,2,1,1.0,6.0
201800003012,0018-01-23 06:20:00,18,1,23,6,20,670,550,Route de Haguenau / RD 2,48.93101,7.74751,Nuit avec éclairage non allumé,Hors agglomération,Hors intersection,Temps couvert,Deux véhicules - frontale,,,,,,,,,,,4,1,1,8.0,1.0
201800003013,0018-01-22 13:40:00,18,1,22,13,40,670,511,Carrefour RD 27 et RD 72,48.87842,7.75885,Plein jour,Hors agglomération,Intersection en T,Pluie forte,Deux véhicules - frontale,,,,,,,,,,,1,1,3,3.0,1.0
201800003014,0018-03-12 13:20:00,18,3,12,13,20,670,303,route de Haguenau,48.9065,7.7482,Plein jour,Hors agglomération,Hors intersection,Pluie légère,Deux véhicules - côté,,,,,,,,,,,1,1,1,2.0,3.0
201800003015,0018-10-10 20:30:00,18,10,10,20,30,670,550,RD 27,48.94165,7.74479,Crépuscule ou aube,Hors agglomération,Hors intersection,Normale,Deux véhicules - frontale,,,,,,,,,,,2,1,1,1.0,1.0
201800003016,0018-11-20 22:15:00,18,11,20,22,15,670,550,route de Lembach,48.94194,7.74379,Nuit sans éclairage public,Hors agglomération,Hors intersection,Normale,Autre collision,,,,,,,,,,,3,1,1,1.0,6.0
201800003017,0018-06-11 18:21:00,18,6,11,18,21,680,60,47 R principale,47.73286,7.14708,Plein jour,En agglomération,Hors intersection,Normale,Trois véhicules et plus - collisions multiples,,,,,,,,,,,1,2,1,1.0,5.0
201800003018,0018-01-26 07:55:00,18,1,26,7,55,680,226,9 rue Sébastopol,48.03983,7.1324,Crépuscule ou aube,En agglomération,Intersection en X,Pluie légère,Autre collision,,,,,,,,,,,2,2,2,2.0,6.0
201800003019,0018-04-07 05:00:00,18,4,7,5,0,680,368,Rte departementale 417,48.04139,7.17083,Nuit sans éclairage public,Hors agglomération,Hors intersection,Normale,Autre collision,,,,,,,,,,,3,1,1,1.0,6.0
201800003020,0018-04-26 15:15:00,18,4,26,15,15,680,226,Place de la salle des fê,48.04025,7.13937,Plein jour,En agglomération,Place,Normale,Deux véhicules - côté,,,,,,,,,,,1,2,7,1.0,3.0
201800003021,0018-05-06 11:50:00,18,5,6,11,50,680,311,Rte départementale 27,47.97763,7.05289,Plein jour,Hors agglomération,Hors intersection,Normale,Deux véhicules - frontale,,,,,,,,,,,1,1,1,1.0,1.0
201800003022,0018-06-02 10:20:00,18,6,2,10,20,680,317,Rte départementale 417,48.06636,7.09839,Plein jour,Hors agglomération,Hors intersection,Normale,Autre collision,,,,,,,,,,,1,1,1,1.0,6.0
201800003023,0018-06-05 14:30:00,18,6,5,14,30,680,311,Rte départementale 27,47.98901,7.06916,Plein jour,Hors agglomération,Hors intersection,Normale,Autre collision,,,,,,,,,,,1,1,1,1.0,6.0
201800003024,0018-06-10 17:35:00,18,6,10,17,35,680,317,Rte départementale 48,48.07805,7.09828,Plein jour,Hors agglomération,Intersection en Y,Normale,Autre collision,,,,,,,,,,,1,1,4,1.0,6.0