accident_id,datetime,annee,mois,jour,heure,minute,departement,commune_insee,adresse,latitude,longitude,luminosite,agglomeration,intersection,meteo,collision,nb_vehicules,nb_usagers,nb_indemnes,nb_tues,nb_blesses_hosp,nb_blesses_legers,age_cond_1,age_cond_2,veh_type_cond_1,veh_type_cond_2,lum_code,agg_code,int_code,atm_code,col_code
201800003388,0018-01-24 12:00:00,18,1,24,12,0,260,41,A7,,,Plein jour,Hors agglomération,Hors intersection,Normale,Deux véhicules - arrière,,,,,,,,,,,1,1,1,1.0,2.0
201800003389,0018-03-02 12:50:00,18,3,2,12,50,260,2,A 7,,,Plein jour,Hors agglomération,Hors intersection,Normale,Deux véhicules - côté,,,,,,,,,,,1,1,1,1.0,3.0
201800003390,0018-03-28 07:06:00,18,3,28,7,6,260,41,A 7,,,Crépuscule ou aube,Hors agglomération,Hors intersection,Normale,Trois véhicules et plus - en chaîne,,,,,,,,,,,2,1,1,1.0,4.0
201800003391,0018-04-12 21:30:00,18,4,12,21,30,260,325,A 7,,,Nuit sans éclairage public,Hors agglomération,Hors intersection,Normale,Autre collision,,,,,,,,,,,3,1,1,1.0,6.0
201800003392,0018-05-24 17:17:00,18,5,24,17,17,260,2,A 7,45.23784,4.84619,Plein jour,Hors agglomération,Hors intersection,Normale,Deux véhicules - arrière,,,,,,,,,,,1,1,1,1.0,2.0
201800003393,0018-06-06 08:15:00,18,6,6,8,15,380,480,D75,45.56157,4.98143,Plein jour,Hors agglomération,Hors intersection,Normale,Autre collision,,,,,,,,,,,1,1,1,1.0,6.0
201800003394,0018-06-21 07:10:00,18,6,21,7,10,380,344,autoroute A 7,45.40228,4.81486,Plein jour,Hors agglomération,Autre intersection,Normale,Autre collision,,,,,,,,,,,1,1,9,1.0,6.0
201800003395,0018-06-25 15:20:00,18,6,25,15,20,260,41,A 7,,,Plein jour,Hors agglomération,Hors intersection,Normale,Deux véhicules - arrière,,,,,,,,,,,1,1,1,1.0,2.0
201800003396,0018-06-26 08:00:00,18,6,26,8,0,380,87,Inter D4/Chemin l'Islon,45.57715,4.79828,Plein jour,En agglomération,Intersection en T,Normale,Deux véhicules - côté,,,,,,,,,,,1,2,3,1.0,3.0
201800003397,0018-07-12 14:10:00,18,7,12,14,10,260,332,A 7,,,Plein jour,Hors agglomération,Hors intersection,Normale,Deux véhicules - arrière,,,,,,,,,,,1,1,1,1.0,2.0
201800003398,0018-08-11 06:20:00,18,8,11,6,20,380,468,Autoroute A7,45.34214,4.80833,Crépuscule ou aube,Hors agglomération,Hors intersection,Normale,Trois véhicules et plus - en chaîne,,,,,,,,,,,2,1,1,1.0,4.0
201800003399,0018-08-11 04:15:00,18,8,11,4,15,260,325,autoroute A7 PK 029+200,45.28529,4.82196,Nuit sans éclairage public,Hors agglomération,Hors intersection,Normale,Deux véhicules - arrière,,,,,,,,,,,3,1,1,1.0,2.0
201800003400,0018-08-21 16:00:00,18,8,21,16,0,260,2,Autoroute A7 SENS N/S PK,45.23784,4.84619,Plein jour,Hors agglomération,Hors intersection,Normale,Deux véhicules - arrière,,,,,,,,,,,1,1,1,1.0,2.0
201800003401,0018-08-21 17:00:00,18,8,21,17,0,260,325,autoroute A7,45.28529,4.82196,Plein jour,Hors agglomération,Hors intersection,Normale,Trois véhicules et plus - collisions multiples,,,,,,,,,,,1,1,1,1.0,5.0
201800003402,0018-08-30 06:16:00,18,8,30,6,16,380,349,D1082 Route des Alpes,45.31643,4.78633,Crépuscule ou aube,Hors agglomération,Hors intersection,Normale,Deux véhicules - frontale,,,,,,,,,,,2,1,1,1.0,1.0
201800003403,0018-09-11 16:52:00,18,9,11,16,52,260,332,A7 - PK 039+300 - Sens S,45.19317,4.87593,Plein jour,Hors agglomération,Hors intersection,Normale,Autre collision,,,,,,,,,,,1,1,1,1.0,6.0
201800003404,0018-12-02 17:50:00,18,12,2,17,50,260,41,Autoroute A7,45.19824,4.87601,Nuit sans éclairage public,Hors agglomération,Hors intersection,Pluie forte,Trois véhicules et plus - collisions multiples,,,,,,,,,,,3,1,1,3.0,5.0
201800003405,0018-12-12 14:50:00,18,12,12,14,50,380,238,intersection D502/D38,45.50237,5.00322,Plein jour,Hors agglomération,Intersection en T,Normale,Deux véhicules - côté,,,,,,,,,,,1,1,3,1.0,3.0
201800003406,0018-01-08 05:17:00,18,1,8,5,17,260,156,A 7,,,Nuit sans éclairage public,Hors agglomération,Hors intersection,Normale,Deux véhicules - arrière,,,,,,,,,,,3,1,1,1.0,2.0
201800003407,0018-01-23 03:32:00,18,1,23,3,32,260,166,A7,,,Nuit sans éclairage public,Hors agglomération,Hors intersection,Normale,Deux véhicules - arrière,,,,,,,,,,,3,1,1,1.0,2.0
201800003408,0018-02-02 08:34:00,18,2,2,8,34,260,165,A7,,,Plein jour,Hors agglomération,Hors intersection,Normale,Sans collision,,,,,,,,,,,1,1,1,1.0,7.0
201800003409,0018-02-09 21:10:00,18,2,9,21,10,260,124,A7,,,Nuit sans éclairage public,Hors agglomération,Hors intersection,Normale,Trois véhicules et plus - collisions multiples,,,,,,,,,,,3,1,1,1.0,5.0
201800003410,0018-03-01 02:00:00,18,3,1,2,0,260,166,A7,,,Nuit sans éclairage public,Hors agglomération,Hors intersection,Neige / grêle,Trois véhicules et plus - en chaîne,,,,,,,,,,,3,1,1,4.0,4.0
201800003411,0018-03-12 13:35:00,18,3,12,13,35,260,72,A 7,,,Plein jour,Hors agglomération,Hors intersection,Normale,Autre collision,,,,,,,,,,,1,1,1,1.0,6.0
201800003412,0018-03-14 12:15:00,18,3,14,12,15,260,252,AIRE A7 SENS SUD NORD,,,Plein jour,Hors agglomération,Hors intersection,Normale,Sans collision,,,,,,,,,,,1,1,1,1.0,7.0
201800003413,0018-05-13 15:00:00,18,5,13,15,0,260,252,A 7,,,Plein jour,Hors agglomération,Hors intersection,Pluie forte,Sans collision,,,,,,,,,,,1,1,1,3.0,7.0
201800003414,0018-05-26 22:45:00,18,5,26,22,45,260,72,A 7,45.11834,4.89426,Nuit sans éclairage public,Hors agglomération,Hors intersection,Normale,Autre collision,,,,,,,,,,,3,1,1,1.0,6.0
201800003415,0018-06-18 09:00:00,18,6,18,9,0,260,166,A 7,,,Plein jour,Hors agglomération,Hors intersection,Normale,Deux véhicules - arrière,,,,,,,,,,,1,1,1,1.0,2.0
201800003416,0018-06-29 20:50:00,18,6,29,20,50,260,250,A 7,,,Plein jour,Hors agglomération,Hors intersection,Normale,Deux véhicules - côté,,,,,,,,,,,1,1,1,1.0,3.0
201800003417,0018-07-10 15:00:00,18,7,10,15,0,260,156,A 7,45.08539,4.87765,Plein jour,Hors agglomération,Hors intersection,Normale,Deux véhicules - arrière,,,,,,,,,,,1,1,1,1.0,2.0
201800003418,0018-07-13 14:35:00,18,7,13,14,35,260,252,A 7,,,Plein jour,Hors agglomération,Hors intersection,Normale,Deux véhicules - arrière,,,,,,,,,,,1,1,1,1.0,2.0
201800003419,0018-07-19 15:35:00,18,7,19,15,35,260,271,A 7,45.034,4.87618,Plein jour,Hors agglomération,Hors intersection,Normale,Sans collision,,,,,,,,,,,1,1,1,1.0,7.0
201800003420,0018-08-02 15:25:00,18,8,2,15,25,260,58,A 7,,,Plein jour,Hors agglomération,Hors intersection,Normale,Deux véhicules - arrière,,,,,,,,,,,1,1,1,1.0,2.0
201800003421,0018-08-03 10:05:00,18,8,3,10,5,260,337,A 7,,,Plein jour,Hors agglomération,Hors intersection,Normale,Trois véhicules et plus - en chaîne,,,,,,,,,,,1,1,1,1.0,4.0
201800003422,0018-08-08 15:00:00,18,8,8,15,0,260,337,A 7,,,Plein jour,Hors agglomération,Hors intersection,Normale,Trois véhicules et plus - collisions multiples,,,,,,,,,,,1,1,1,1.0,5.0
201800003423,0018-08-18 02:00:00,18,8,18,2,0,260,362,A 7,,,Nuit sans éclairage public,Hors agglomération,Hors intersection,Normale,Deux véhicules - arrière,,,,,,,,,,,3,1,1,1.0,2.0
201800003424,0018-08-30 20:52:00,18,8,30,20,52,260,362,A7 pk69+900,44.91492,4.87743,Nuit sans éclairage public,Hors agglomération,Hors intersection,Normale,Deux véhicules - arrière,,,,,,,,,,,3,1,1,1.0,2.0
201800003425,0018-10-19 11:25:00,18,10,19,11,25,260,165,A7,44.78429,4.8297,Plein jour,Hors agglomération,Hors intersection,Normale,Trois véhicules et plus - collisions multiples,,,,,,,,,,,1,1,1,1.0,5.0
201800003426,0018-10-20 05:20:00,18,10,20,5,20,260,58,A7 PK 065.800 SENS NORD-,44.95807,4.88724,Nuit sans éclairage public,Hors agglomération,Hors intersection,Normale,Autre collision,,,,,,,,,,,3,1,1,1.0,6.0
201800003427,0018-12-02 18:20:00,18,12,2,18,20,260,124,A 7 - PK 079.900,44.83547,4.8757,Nuit sans éclairage public,Hors agglomération,Hors intersection,Pluie légère,Deux véhicules - côté,,,,,,,,,,,3,1,1,2.0,3.0
201800003428,0018-12-23 03:00:00,18,12,23,3,0,260,72,A7,45.11834,4.89426,Nuit sans éclairage public,Hors agglomération,Hors intersection,Brouillard / fumée,Autre collision,,,,,,,,,,,3,1,1,5.0,6.0
201800003429,0018-01-01 03:45:00,18,1,1,3,45,130,62,CHEMIN DE CARRAIRE DE CA,43.42348,5.52779,Nuit sans éclairage public,En agglomération,Hors intersection,Normale,Deux véhicules - frontale,,,,,,,,,,,3,2,1,1.0,1.0
201800003430,0018-02-03 13:20:00,18,2,3,13,20,130,62,Route du Géant RD8,43.42289,5.48924,Plein jour,Hors agglomération,Hors intersection,Normale,Sans collision,,,,,,,,,,,1,1,1,1.0,7.0
201800003431,0018-02-05 16:00:00,18,2,5,16,0,130,41,avenue d'arménie,43.45563,5.45858,Plein jour,En agglomération,Hors intersection,Temps couvert,Deux véhicules - arrière,,,,,,,,,,,1,2,1,8.0,2.0
201800003432,0018-03-21 09:00:00,18,3,21,9,0,130,60,4851 Route de la Côté d',43.49352,5.52429,Plein jour,Hors agglomération,Autre intersection,Neige / grêle,Deux véhicules - arrière,,,,,,,,,,,1,1,9,4.0,2.0
201800003433,0018-04-05 14:45:00,18,4,5,14,45,130,41,D7,43.4719,5.44493,Plein jour,Hors agglomération,Hors intersection,Normale,Trois véhicules et plus - collisions multiples,,,,,,,,,,,1,1,1,1.0,5.0
201800003434,0018-06-01 12:10:00,18,6,1,12,10,130,62,RD7,43.4219,5.51682,Plein jour,Hors agglomération,Hors intersection,Normale,Deux véhicules - côté,,,,,,,,,,,1,1,1,1.0,3.0
201800003435,0018-10-05 19:00:00,18,10,5,19,0,130,41,D7,43.47115,5.45986,Nuit sans éclairage public,Hors agglomération,Hors intersection,Normale,Autre collision,,,,,,,,,,,3,1,1,1.0,6.0
201800003436,0018-11-05 08:50:00,18,11,5,8,50,130,60,D6 C,43.47368,5.51567,Plein jour,Hors agglomération,Intersection en X,Pluie légère,Deux véhicules - côté,,,,,,,,,,,1,1,2,2.0,3.0
201800003437,0018-12-19 07:45:00,18,12,19,7,45,130,41,av. des anciens combatan,43.45222,5.47443,Crépuscule ou aube,En agglomération,Hors intersection,Pluie forte,Autre collision,,,,,,,,,,,2,2,1,3.0,6.0
201800003438,0018-01-12 03:00:00,18,1,12,3,0,130,59,D556,43.64156,5.4914,Nuit sans éclairage public,Hors agglomération,Hors intersection,Normale,Sans collision,,,,,,,,,,,3,1,1,1.0,7.0
201800003439,0018-02-20 10:30:00,18,2,20,10,30,130,59,Avenue de la République,43.63265,5.5282,Plein jour,En agglomération,Intersection en T,Temps éblouissant,Autre collision,,,,,,,,,,,1,2,3,7.0,6.0
201800003440,0018-03-12 08:35:00,18,3,12,8,35,130,59,74 Cours des Alpes,43.64049,5.52764,Plein jour,En agglomération,Hors intersection,Normale,Autre collision,,,,,,,,,,,1,2,1,1.0,6.0
201800003441,0018-04-10 19:15:00,18,4,10,19,15,130,48,"RD 561, Route de Rians",43.63065,5.65599,Plein jour,Hors agglomération,Hors intersection,Normale,Autre collision,,,,,,,,,,,1,1,1,1.0,6.0
201800003442,0018-04-24 03:00:00,18,4,24,3,0,130,74,Chemin Départemental 96,,,Nuit sans éclairage public,Hors agglomération,Hors intersection,Normale,Autre collision,,,,,,,,,,,3,1,1,1.0,6.0
201800003443,0018-05-05 20:02:00,18,5,5,20,2,130,74,2 Av Charles de Gaulle,43.64628,5.57917,Plein jour,Hors agglomération,Hors intersection,Normale,Autre collision,,,,,,,,,,,1,1,1,1.0,6.0
201800003444,0018-06-10 10:30:00,18,6,10,10,30,130,48,RD11,43.59688,5.64524,Plein jour,Hors agglomération,Hors intersection,Normale,Autre collision,,,,,,,,,,,1,1,1,1.0,6.0
201800003445,0018-06-22 16:35:00,18,6,22,16,35,130,74,D96,43.64628,5.57917,Plein jour,Hors agglomération,Hors intersection,Normale,Deux véhicules - côté,,,,,,,,,,,1,1,1,1.0,3.0
201800003446,0018-07-22 20:45:00,18,7,22,20,45,130,48,RD952,43.69023,5.67082,Crépuscule ou aube,Hors agglomération,Hors intersection,Temps couvert,Trois véhicules et plus - collisions multiples,,,,,,,,,,,2,1,1,8.0,5.0
201800003447,0018-07-31 08:00:00,18,7,31,8,0,130,99,RD 952,43.68863,5.69712,Plein jour,Hors agglomération,Hors intersection,Temps éblouissant,Deux véhicules - côté,,,,,,,,,,,1,1,1,7.0,3.0
201800003448,0018-09-28 12:00:00,18,9,28,12,0,130,59,RD15,43.65229,5.51558,Plein jour,Hors agglomération,Autre intersection,Normale,Deux véhicules - arrière,,,,,,,,,,,1,1,9,1.0,2.0
201800003449,0018-11-21 18:30:00,18,11,21,18,30,130,74,"RD 15, PK : 48+900",,,Nuit sans éclairage public,Hors agglomération,Hors intersection,Temps couvert,Deux véhicules - frontale,,,,,,,,,,,3,1,1,8.0,1.0
201800003450,0018-12-15 06:30:00,18,12,15,6,30,130,48,RD 96 - lieu dit logis d,43.67397,5.65053,Nuit sans éclairage public,Hors agglomération,Hors intersection,Normale,Deux véhicules - côté,,,,,,,,,,,3,1,1,1.0,3.0
201800003451,0018-12-26 10:40:00,18,12,26,10,40,130,74,d96,43.64631,5.57914,Plein jour,Hors agglomération,Hors intersection,Normale,Deux véhicules - côté,,,,,,,,,,,1,1,1,1.0,3.0
201800003452,0018-01-10 17:45:00,18,1,10,17,45,130,15,Avenue Pauline de SIMIAN,43.43654,5.42197,Crépuscule ou aube,En agglomération,Intersection en X,Normale,Deux véhicules - frontale,,,,,,,,,,,2,2,2,1.0,1.0
201800003453,0018-01-10 12:00:00,18,1,10,12,0,130,107,route de gardanne,43.44297,5.4399,Plein jour,Hors agglomération,Hors intersection,Normale,Autre collision,,,,,,,,,,,1,1,1,1.0,6.0
201800003454,0018-02-05 10:30:00,18,2,5,10,30,130,15,Avenue Thiers,43.44677,5.41509,Plein jour,En agglomération,Hors intersection,Pluie légère,Deux véhicules - frontale,,,,,,,,,,,1,2,1,2.0,1.0
201800003455,0018-02-16 13:12:00,18,2,16,13,12,130,15,Route de Gardanne,43.44346,5.4371,Plein jour,Hors agglomération,Hors intersection,Normale,Deux véhicules - arrière,,,,,,,,,,,1,1,1,1.0,2.0
201800003456,0018-02-28 05:50:00,18,2,28,5,50,130,107,3 Clos du Roussillon RD6,43.43734,5.42877,Nuit sans éclairage public,Hors agglomération,Hors intersection,Neige / grêle,Autre collision,,,,,,,,,,,3,1,1,4.0,6.0
201800003457,0018-03-12 20:30:00,18,3,12,20,30,130,15,avenue du général de Gau,43.45196,5.4073,Nuit avec éclairage allumé,En agglomération,Hors intersection,Normale,Sans collision,,,,,,,,,,,5,2,1,1.0,7.0
201800003458,0018-06-21 17:00:00,18,6,21,17,0,130,15,D6,43.43189,5.41698,Plein jour,Hors agglomération,Autre intersection,Normale,Deux véhicules - arrière,,,,,,,,,,,1,1,9,1.0,2.0
201800003459,0018-07-08 16:00:00,18,7,8,16,0,130,107,ROUTE DE SIEGE,43.42906,5.43629,Plein jour,En agglomération,Intersection en T,Normale,Deux véhicules - frontale,,,,,,,,,,,1,2,3,1.0,1.0
201800003460,0018-08-31 08:35:00,18,8,31,8,35,130,15,avenue de la croix d'or,43.45403,5.40139,Plein jour,En agglomération,Hors intersection,Normale,Deux véhicules - arrière,,,,,,,,,,,1,2,1,1.0,2.0
201800003461,0018-09-27 21:20:00,18,9,27,21,20,130,107,RD6,43.43325,5.42117,Nuit sans éclairage public,Hors agglomération,Hors intersection,Normale,Autre collision,,,,,,,,,,,3,1,1,1.0,6.0
201800003462,0018-10-02 17:55:00,18,10,2,17,55,130,15,AVENUE THIERS,43.44788,5.42555,Plein jour,En agglomération,Intersection en T,Normale,Deux véhicules - côté,,,,,,,,,,,1,2,3,1.0,3.0
201800003463,0018-02-16 06:00:00,18,2,16,6,0,130,110,Route de St-Maximin,43.45192,5.69536,Crépuscule ou aube,Hors agglomération,Hors intersection,Brouillard / fumée,Autre collision,,,,,,,,,,,2,1,1,5.0,6.0
201800003464,0018-10-24 11:45:00,18,10,24,11,45,130,110,Route de PUYLOUBIER,43.45779,5.68431,Plein jour,En agglomération,Intersection en X,Normale,Deux véhicules - côté,,,,,,,,,,,1,2,2,1.0,3.0
201800003465,0018-11-15 17:30:00,18,11,15,17,30,130,110,cd6,43.45261,5.67401,Crépuscule ou aube,Hors agglomération,Intersection en Y,Normale,Trois véhicules et plus - collisions multiples,,,,,,,,,,,2,1,4,1.0,5.0
201800003466,0018-12-14 04:15:00,18,12,14,4,15,130,72,rue du chene de louiset,43.44795,5.60128,Nuit sans éclairage public,Hors agglomération,Hors intersection,Normale,Sans collision,,,,,,,,,,,3,1,1,1.0,7.0
201800003467,0018-12-21 11:25:00,18,12,21,11,25,130,72,D6,43.4611,5.63186,Plein jour,Hors agglomération,Hors intersection,Normale,Trois véhicules et plus - collisions multiples,,,,,,,,,,,1,1,1,1.0,5.0
201800003468,0018-01-04 17:50:00,18,1,4,17,50,130,4,D 37 entre Albaron et Sa,,,Nuit sans éclairage public,Hors agglomération,Hors intersection,Normale,Deux véhicules - arrière,,,,,,,,,,,3,1,1,1.0,2.0
201800003469,0018-03-19 03:20:00,18,3,19,3,20,130,4,E80 & N113,43.64238,4.71091,Nuit sans éclairage public,Hors agglomération,Autre intersection,Normale,Deux véhicules - côté,,,,,,,,,,,3,1,9,1.0,3.0
201800003470,0018-04-06 07:45:00,18,4,6,7,45,130,4,RD 572 N,43.67875,4.50062,Plein jour,Hors agglomération,Hors intersection,Normale,Autre collision,,,,,,,,,,,1,1,1,1.0,6.0
201800003471,0018-06-12 12:45:00,18,6,12,12,45,130,4,RN 572,43.68316,4.57407,Plein jour,Hors agglomération,Hors intersection,Normale,Autre collision,,,,,,,,,,,1,1,1,1.0,6.0
201800003472,0018-07-08 23:00:00,18,7,8,23,0,130,4,13280 Moulès,43.66621,4.72518,Nuit sans éclairage public,Hors agglomération,Intersection en T,Normale,Deux véhicules - côté,,,,,,,,,,,3,1,3,1.0,3.0
201800003473,0018-08-03 16:50:00,18,8,3,16,50,130,4,route de Saint-Gilles,43.68352,4.59464,Plein jour,Hors agglomération,Hors intersection,Normale,Autre collision,,,,,,,,,,,1,1,1,1.0,6.0
201800003474,0018-08-14 20:00:00,18,8,14,20,0,130,4,N570 - ALBARON,43.63581,4.54992,Plein jour,Hors agglomération,Intersection en T,Normale,Autre collision,,,,,,,,,,,1,1,3,1.0,6.0
201800003475,0018-10-10 12:40:00,18,10,10,12,40,130,4,RN 113,43.63866,4.54298,Plein jour,Hors agglomération,Autre intersection,Pluie légère,Autre collision,,,,,,,,,,,1,1,9,2.0,6.0
201800003476,0018-12-02 01:49:00,18,12,2,1,49,130,4,RN113 - PR 69 + 50,43.6494,4.68106,Nuit sans éclairage public,Hors agglomération,Hors intersection,Normale,Trois véhicules et plus - en chaîne,,,,,,,,,,,3,1,1,1.0,4.0
201800003477,0018-12-14 21:55:00,18,12,14,21,55,130,4,RN568,43.62193,4.74999,Nuit sans éclairage public,Hors agglomération,Hors intersection,Normale,Deux véhicules - arrière,,,,,,,,,,,3,1,1,1.0,2.0
201800003478,0018-01-30 21:10:00,18,1,30,21,10,130,27,Chemin de la croix du vi,43.87349,4.87561,Nuit avec éclairage allumé,En agglomération,Hors intersection,Normale,Autre collision,,,,,,,,,,,5,2,1,1.0,6.0
201800003479,0018-03-04 19:15:00,18,3,4,19,15,130,27,chemin du barret,43.88699,4.84308,Nuit avec éclairage allumé,En agglomération,Hors intersection,Pluie forte,Autre collision,,,,,,,,,,,5,2,1,3.0,6.0
201800003480,0018-05-05 20:50:00,18,5,5,20,50,130,27,2797 route d'Avignon,43.89342,4.82256,Crépuscule ou aube,Hors agglomération,Hors intersection,Normale,Sans collision,,,,,,,,,,,2,1,1,1.0,7.0
201800003481,0018-05-18 17:45:00,18,5,18,17,45,130,27,boulevard Ernest Genevet,43.88576,4.86139,Plein jour,En agglomération,Intersection en X,Normale,Deux véhicules - côté,,,,,,,,,,,1,2,2,1.0,3.0
201800003482,0018-05-21 14:10:00,18,5,21,14,10,130,66,105 Ch de la Muscadelle,43.86933,4.91401,Plein jour,Hors agglomération,Hors intersection,Normale,Deux véhicules - côté,,,,,,,,,,,1,1,1,1.0,3.0
201800003483,0018-05-25 18:00:00,18,5,25,18,0,130,27,83 Av G. de Gaulle,43.88505,4.84948,Plein jour,En agglomération,Intersection en X,Normale,Deux véhicules - arrière,,,,,,,,,,,1,2,2,1.0,2.0
201800003484,0018-06-02 19:30:00,18,6,2,19,30,130,27,RD571,43.89422,4.82304,Crépuscule ou aube,Hors agglomération,Hors intersection,Normale,Autre collision,,,,,,,,,,,2,1,1,1.0,6.0
201800003485,0018-07-22 10:40:00,18,7,22,10,40,130,27,D34,43.85833,4.84207,Plein jour,Hors agglomération,Intersection en X,Normale,Deux véhicules - côté,,,,,,,,,,,1,1,2,1.0,3.0
201800003486,0018-07-31 14:15:00,18,7,31,14,15,130,66,route de chateaurenard,43.88522,4.89525,Plein jour,Hors agglomération,Hors intersection,Normale,Deux véhicules - frontale,,,,,,,,,,,1,1,1,1.0,1.0
201800003487,0018-09-18 18:30:00,18,9,18,18,30,130,27,RD34,43.88084,4.83209,Crépuscule ou aube,Hors agglomération,Intersection en X,Normale,Deux véhicules - côté,,,,,,,,,,,2,1,2,1.0,3.0
201800003488,0018-10-04 18:40:00,18,10,4,18,40,130,66,ROUTE DE CHATEAURENARD,43.88755,4.88463,Plein jour,Hors agglomération,Hors intersection,Normale,Deux véhicules - arrière,,,,,,,,,,,1,1,1,1.0,2.0
201800003489,0018-11-26 08:30:00,18,11,26,8,30,130,27,D571,43.89607,4.81862,Crépuscule ou aube,Hors agglomération,Hors intersection,Brouillard / fumée,Deux véhicules - côté,,,,,,,,,,,2,1,1,5.0,3.0
201800003490,0018-04-05 15:10:00,18,4,5,15,10,130,96,RD38,43.45405,4.39998,Plein jour,Hors agglomération,Hors intersection,Normale,Deux véhicules - côté,,,,,,,,,,,1,1,1,1.0,3.0
201800003491,0018-09-03 13:15:00,18,9,3,13,15,130,96,D570,43.56508,4.42012,Plein jour,Hors agglomération,Hors intersection,Normale,Deux véhicules - frontale,,,,,,,,,,,1,1,1,1.0,1.0
201800003492,0018-09-20 10:45:00,18,9,20,10,45,130,96,RD 38C,43.5506,4.38169,Plein jour,Hors agglomération,Hors intersection,Normale,Sans collision,,,,,,,,,,,1,1,1,1.0,7.0
201800003493,0018-10-21 05:30:00,18,10,21,5,30,130,96,"Hotel de l'estel, D38",43.45883,4.39728,Nuit sans éclairage public,Hors agglomération,Hors intersection,Normale,Autre collision,,,,,,,,,,,3,1,1,1.0,6.0
201800003494,0018-11-11 01:10:00,18,11,11,1,10,130,96,RD 85A,43.49576,4.43356,Nuit sans éclairage public,Hors agglomération,Hors intersection,Pluie légère,Autre collision,,,,,,,,,,,3,1,1,2.0,6.0
201800003495,0018-01-16 04:20:00,18,1,16,4,20,130,97,D24 - Etang des Aulnes,43.60148,4.78705,Nuit sans éclairage public,Hors agglomération,Hors intersection,Pluie légère,Autre collision,,,,,,,,,,,3,1,1,2.0,6.0
201800003496,0018-03-17 10:30:00,18,3,17,10,30,130,97,RD 24,43.6134,4.79025,Plein jour,Hors agglomération,Intersection en T,Normale,Deux véhicules - côté,,,,,,,,,,,1,1,3,1.0,3.0
201800003497,0018-04-06 14:45:00,18,4,6,14,45,130,97,8 Av M. Berthelot,43.62986,4.80123,Plein jour,Hors agglomération,Hors intersection,Normale,Deux véhicules - arrière,,,,,,,,,,,1,1,1,1.0,2.0
201800003498,0018-04-24 06:30:00,18,4,24,6,30,130,4,Route de Raphele À Mas-T,43.58636,4.72696,Crépuscule ou aube,Hors agglomération,Hors intersection,Normale,Autre collision,,,,,,,,,,,2,1,1,1.0,6.0
201800003499,0018-05-12 19:15:00,18,5,12,19,15,130,4,CD 35,43.5274,4.7385,Plein jour,Hors agglomération,Hors intersection,Normale,Autre collision,,,,,,,,,,,1,1,1,1.0,6.0
201800003500,0018-05-20 17:45:00,18,5,20,17,45,130,97,D24 - Route de Mouries,43.65055,4.8278,Plein jour,Hors agglomération,Hors intersection,Normale,Autre collision,,,,,,,,,,,1,1,1,1.0,6.0
201800003501,0018-06-03 11:15:00,18,6,3,11,15,130,97,Av de Markroningen,43.64272,4.79963,Plein jour,Hors agglomération,Giratoire,Normale,Deux véhicules - côté,,,,,,,,,,,1,1,6,1.0,3.0
201800003502,0018-06-10 13:45:00,18,6,10,13,45,130,97,Route Nationale 568,43.59456,4.76212,Plein jour,Hors agglomération,Hors intersection,Normale,Deux véhicules - côté,,,,,,,,,,,1,1,1,1.0,3.0
201800003503,0018-08-14 09:30:00,18,8,14,9,30,130,97,Route Nationale 568,43.58672,4.76439,Plein jour,Hors agglomération,Hors intersection,Normale,Deux véhicules - arrière,,,,,,,,,,,1,1,1,1.0,2.0
201800003504,0018-09-06 12:40:00,18,9,6,12,40,130,97,D 453,43.63431,4.77183,Plein jour,Hors agglomération,Hors intersection,Pluie légère,Trois véhicules et plus - collisions multiples,,,,,,,,,,,1,1,1,2.0,5.0
201800003505,0018-09-09 14:30:00,18,9,9,14,30,130,97,Avenue de MarkGroningen,43.64272,4.79963,Plein jour,En agglomération,Place,Normale,Autre collision,,,,,,,,,,,1,2,7,1.0,6.0
201800003506,0018-09-16 19:00:00,18,9,16,19,0,130,97,Route Nationale 568,43.53214,4.82877,Plein jour,Hors agglomération,Hors intersection,Normale,Autre collision,,,,,,,,,,,1,1,1,1.0,6.0
201800003507,0018-10-29 20:10:00,18,10,29,20,10,130,97,RN 568,43.61136,4.75882,Nuit sans éclairage public,Hors agglomération,Intersection en T,Pluie forte,Deux véhicules - côté,,,,,,,,,,,3,1,3,3.0,3.0
201800003508,0018-12-19 18:30:00,18,12,19,18,30,130,97,RN 568,,,Nuit sans éclairage public,Hors agglomération,Hors intersection,Temps couvert,Sans collision,,,,,,,,,,,3,1,1,8.0,7.0
201800003509,0018-01-13 11:00:00,18,1,13,11,0,130,100,46 Av Vincent Van Gogh,43.77784,4.83163,Plein jour,En agglomération,Hors intersection,Normale,Autre collision,,,,,,,,,,,1,2,1,1.0,6.0
201800003510,0018-01-12 21:22:00,18,1,12,21,22,130,100,Route d'Eyragues,43.79971,4.83305,Nuit sans éclairage public,En agglomération,Hors intersection,Normale,Autre collision,,,,,,,,,,,3,2,1,1.0,6.0
201800003511,0018-02-03 16:50:00,18,2,3,16,50,130,100,Av de Lattre de Tassigny,43.7923,4.83953,Plein jour,En agglomération,Giratoire,Normale,Autre collision,,,,,,,,,,,1,2,6,1.0,6.0