accident_id,datetime,annee,mois,jour,heure,minute,departement,commune_insee,adresse,latitude,longitude,luminosite,agglomeration,intersection,meteo,collision,nb_vehicules,nb_usagers,nb_indemnes,nb_tues,nb_blesses_hosp,nb_blesses_legers,age_cond_1,age_cond_2,veh_type_cond_1,veh_type_cond_2,lum_code,agg_code,int_code,atm_code,col_code
201800004123,0018-09-05 12:25:00,18,9,5,12,25,340,182,d 13,43.41367,3.41508,Plein jour,Hors agglomération,Hors intersection,Normale,Trois véhicules et plus - collisions multiples,,,,,,,,,,,1,1,1,1.0,5.0
201800004124,0018-11-01 19:55:00,18,11,1,19,55,340,325,Avenue de PEZENAS,43.42457,3.36752,Nuit avec éclairage allumé,Hors agglomération,Hors intersection,Normale,Autre collision,,,,,,,,,,,5,1,1,1.0,6.0
201800004125,0018-11-03 19:15:00,18,11,3,19,15,340,199,route de roujan,43.46388,3.41014,Nuit avec éclairage allumé,Hors agglomération,Intersection en X,Normale,Deux véhicules - côté,,,,,,,,,,,5,1,2,1.0,3.0
201800004126,0018-11-05 12:45:00,18,11,5,12,45,340,162,D.613,43.47965,3.46776,Plein jour,Hors agglomération,Giratoire,Normale,Autre collision,,,,,,,,,,,1,1,6,1.0,6.0
201800004127,0018-12-04 14:00:00,18,12,4,14,0,340,199,route de verdun,43.45335,3.42013,Plein jour,En agglomération,Intersection en T,Normale,Deux véhicules - côté,,,,,,,,,,,1,2,3,1.0,3.0
201800004128,0018-12-08 05:30:00,18,12,8,5,30,340,199,Chemin de l'amandier,43.45097,3.42313,Nuit avec éclairage allumé,En agglomération,Hors intersection,Normale,Autre collision,,,,,,,,,,,5,2,1,1.0,6.0
201800004129,0018-12-09 05:45:00,18,12,9,5,45,340,199,D 13 E5,43.47411,3.40114,Nuit sans éclairage public,Hors agglomération,Hors intersection,Normale,Autre collision,,,,,,,,,,,3,1,1,1.0,6.0
201800004130,0018-12-08 15:45:00,18,12,8,15,45,340,199,Route de Roujan,43.46369,3.40975,Plein jour,Hors agglomération,Autre intersection,Normale,Deux véhicules - frontale,,,,,,,,,,,1,1,9,1.0,1.0
201800004131,0018-02-16 03:15:00,18,2,16,3,15,340,324,avenue Charles Cauquil,43.25361,3.28776,Nuit avec éclairage allumé,En agglomération,Intersection en T,Normale,Autre collision,,,,,,,,,,,5,2,3,1.0,6.0
201800004132,0018-03-07 11:10:00,18,3,7,11,10,340,299,RD64,43.26917,3.28395,Plein jour,En agglomération,Autre intersection,Normale,Autre collision,,,,,,,,,,,1,2,9,1.0,6.0
201800004133,0018-04-18 17:45:00,18,4,18,17,45,340,209,Avenue du Grand Salan,43.2801,3.35659,Plein jour,En agglomération,Hors intersection,Normale,Autre collision,,,,,,,,,,,1,2,1,1.0,6.0
201800004134,0018-06-23 10:35:00,18,6,23,10,35,340,329,Chemin des Cardonilles,43.26896,3.22993,Plein jour,En agglomération,Hors intersection,Normale,Deux véhicules - côté,,,,,,,,,,,1,2,1,1.0,3.0
201800004135,0018-08-02 11:45:00,18,8,2,11,45,340,329,Giratoire D37E9/D64,43.25286,3.25201,Plein jour,Hors agglomération,Giratoire,Normale,Deux véhicules - arrière,,,,,,,,,,,1,1,6,1.0,2.0
201800004136,0018-08-26 17:55:00,18,8,26,17,55,340,299,route de valras,43.27342,3.28467,Plein jour,Hors agglomération,Intersection en T,Temps éblouissant,Deux véhicules - côté,,,,,,,,,,,1,1,3,7.0,3.0
201800004137,0018-09-12 01:45:00,18,9,12,1,45,340,299,RD64,43.29725,3.29178,Nuit sans éclairage public,Hors agglomération,Hors intersection,Brouillard / fumée,Deux véhicules - frontale,,,,,,,,,,,3,1,1,5.0,1.0
201800004138,0018-11-14 16:00:00,18,11,14,16,0,340,299,D37E11,43.28538,3.28198,Plein jour,En agglomération,Giratoire,Normale,Deux véhicules - côté,,,,,,,,,,,1,2,6,1.0,3.0
201800004139,0018-11-17 05:05:00,18,11,17,5,5,340,209,départementale 612,43.31318,3.33032,Nuit sans éclairage public,Hors agglomération,Hors intersection,Pluie légère,Sans collision,,,,,,,,,,,3,1,1,2.0,7.0
201800004140,0018-01-15 19:20:00,18,1,15,19,20,340,165,Avenue de Poussan,43.51244,3.69354,Nuit avec éclairage allumé,En agglomération,Hors intersection,Normale,Deux véhicules - frontale,,,,,,,,,,,5,2,1,1.0,1.0
201800004141,0018-04-13 08:40:00,18,4,13,8,40,340,213,RD 613,43.47202,3.68254,Plein jour,Hors agglomération,Hors intersection,Temps couvert,Deux véhicules - arrière,,,,,,,,,,,1,1,1,8.0,2.0
201800004142,0018-04-26 12:00:00,18,4,26,12,0,340,165,RD5,43.51829,3.69209,Plein jour,Hors agglomération,Hors intersection,Normale,Deux véhicules - frontale,,,,,,,,,,,1,1,1,1.0,1.0
201800004143,0018-05-09 21:40:00,18,5,9,21,40,340,213,rue bufa rent,43.49889,3.66764,Nuit sans éclairage public,Hors agglomération,Hors intersection,Pluie légère,Autre collision,,,,,,,,,,,3,1,1,2.0,6.0
201800004144,0018-06-03 06:00:00,18,6,3,6,0,340,213,Chemin des Romarins,43.467,3.67065,Crépuscule ou aube,Hors agglomération,Hors intersection,Normale,Autre collision,,,,,,,,,,,2,1,1,1.0,6.0
201800004145,0018-06-21 23:45:00,18,6,21,23,45,340,24,RD2,43.4647,3.68983,Nuit avec éclairage allumé,En agglomération,Giratoire,Normale,Deux véhicules - frontale,,,,,,,,,,,5,2,6,1.0,1.0
201800004146,0018-06-22 23:25:00,18,6,22,23,25,340,113,RD613,43.4831,3.69891,Nuit sans éclairage public,Hors agglomération,Hors intersection,Normale,Sans collision,,,,,,,,,,,3,1,1,1.0,7.0
201800004147,0018-06-26 18:30:00,18,6,26,18,30,340,24,Route départementale 2,43.46591,3.69032,Plein jour,En agglomération,Hors intersection,Normale,Deux véhicules - côté,,,,,,,,,,,1,2,1,1.0,3.0
201800004148,0018-08-21 10:40:00,18,8,21,10,40,340,165,route de cournonterral,43.52199,3.6911,Plein jour,Hors agglomération,Hors intersection,Normale,Deux véhicules - frontale,,,,,,,,,,,1,1,1,1.0,1.0
201800004149,0018-09-05 15:40:00,18,9,5,15,40,340,23,RD 600,43.45558,3.70231,Plein jour,Hors agglomération,Hors intersection,Normale,Deux véhicules - côté,,,,,,,,,,,1,1,1,1.0,3.0
201800004150,0018-09-29 18:30:00,18,9,29,18,30,340,165,RD 5,43.51479,3.68014,Plein jour,Hors agglomération,Hors intersection,Normale,Sans collision,,,,,,,,,,,1,1,1,1.0,7.0
201800004151,0018-09-29 18:55:00,18,9,29,18,55,340,24,D129 - AVENUE DE POUSSAN,43.46193,3.68462,Plein jour,Hors agglomération,Hors intersection,Normale,Autre collision,,,,,,,,,,,1,1,1,1.0,6.0
201800004152,0018-10-07 18:30:00,18,10,7,18,30,340,23,rue des tamaris,43.45148,3.6933,Plein jour,En agglomération,Hors intersection,Normale,Sans collision,,,,,,,,,,,1,2,1,1.0,7.0
201800004153,0018-10-14 03:15:00,18,10,14,3,15,340,113,RD613- Face au n°58,43.50004,3.71454,Nuit avec éclairage allumé,En agglomération,Hors intersection,Pluie légère,Autre collision,,,,,,,,,,,5,2,1,2.0,6.0
201800004154,0018-10-20 21:45:00,18,10,20,21,45,340,23,avenue de la gare,43.44425,3.68578,Nuit sans éclairage public,En agglomération,Hors intersection,Normale,Sans collision,,,,,,,,,,,3,2,1,1.0,7.0
201800004155,0018-11-05 11:45:00,18,11,5,11,45,340,23,avenue du port,43.44134,3.6802,Plein jour,En agglomération,Hors intersection,Normale,Autre collision,,,,,,,,,,,1,2,1,1.0,6.0
201800004156,0018-12-12 10:30:00,18,12,12,10,30,340,213,rue M. PALAT,43.48597,3.66874,Plein jour,En agglomération,Hors intersection,Normale,Autre collision,,,,,,,,,,,1,2,1,1.0,6.0
201800004157,0018-01-02 12:00:00,18,1,2,12,0,340,213,613,43.46658,3.67011,Plein jour,Hors agglomération,Hors intersection,Temps couvert,Autre collision,,,,,,,,,,,1,1,1,8.0,6.0
201800004158,0018-03-19 03:30:00,18,3,19,3,30,340,213,D119E2,43.50469,3.6806,Nuit sans éclairage public,Hors agglomération,Hors intersection,Normale,Sans collision,,,,,,,,,,,3,1,1,1.0,7.0
201800004159,0018-03-20 10:50:00,18,3,20,10,50,340,143,RD 158E4,43.44293,3.61635,Plein jour,Hors agglomération,Intersection en T,Normale,Deux véhicules - côté,,,,,,,,,,,1,1,3,1.0,3.0
201800004160,0018-04-27 14:00:00,18,4,27,14,0,340,157,RUE DU CARAIDOU,43.41809,3.59527,Plein jour,En agglomération,Hors intersection,Normale,Deux véhicules - côté,,,,,,,,,,,1,2,1,1.0,3.0
201800004161,0018-05-05 15:00:00,18,5,5,15,0,340,157,route de villeveyrac,43.43246,3.60314,Plein jour,En agglomération,Intersection en T,Normale,Deux véhicules - côté,,,,,,,,,,,1,2,3,1.0,3.0
201800004162,0018-06-27 08:30:00,18,6,27,8,30,340,143,RD 158E4,43.44291,3.61636,Plein jour,Hors agglomération,Intersection en T,Normale,Deux véhicules - côté,,,,,,,,,,,1,1,3,1.0,3.0
201800004163,0018-07-08 07:35:00,18,7,8,7,35,340,157,Avenue de pezenas,43.42762,3.60485,Plein jour,En agglomération,Giratoire,Normale,Autre collision,,,,,,,,,,,1,2,6,1.0,6.0
201800004164,0018-08-24 00:20:00,18,8,24,0,20,340,157,Route département 5E8,43.4618,3.59006,Nuit sans éclairage public,Hors agglomération,Hors intersection,Normale,Autre collision,,,,,,,,,,,3,1,1,1.0,6.0
201800004165,0018-10-27 02:45:00,18,10,27,2,45,340,341,RD 158 E 3,43.48878,3.60326,Nuit sans éclairage public,Hors agglomération,Hors intersection,Pluie légère,Autre collision,,,,,,,,,,,3,1,1,2.0,6.0
201800004166,0018-12-31 05:00:00,18,12,31,5,0,340,39,RD 613,43.44962,3.64638,Nuit sans éclairage public,Hors agglomération,Hors intersection,Normale,Autre collision,,,,,,,,,,,3,1,1,1.0,6.0
201800004167,0018-01-11 18:40:00,18,1,11,18,40,110,286,CD11,43.29218,2.56046,Nuit sans éclairage public,Hors agglomération,Hors intersection,Pluie légère,Deux véhicules - arrière,,,,,,,,,,,3,1,1,2.0,2.0
201800004168,0018-07-29 21:30:00,18,7,29,21,30,110,315,113 avenue Georges Cleme,43.28232,2.58537,Nuit avec éclairage allumé,En agglomération,Intersection en X,Normale,Deux véhicules - côté,,,,,,,,,,,5,2,2,1.0,3.0
201800004169,0018-08-23 20:00:00,18,8,23,20,0,110,280,avenue de la résistance,43.29227,2.691,Crépuscule ou aube,Hors agglomération,Hors intersection,Normale,Sans collision,,,,,,,,,,,2,1,1,1.0,7.0
201800004170,0018-12-24 13:40:00,18,12,24,13,40,110,190,rue du Pic de Nore,43.25319,2.65252,Plein jour,En agglomération,Hors intersection,Normale,Autre collision,,,,,,,,,,,1,2,1,1.0,6.0
201800004171,0018-04-27 16:10:00,18,4,27,16,10,110,76,Intersection D28 et D624,43.34637,1.95784,Plein jour,Hors agglomération,Intersection en T,Normale,Deux véhicules - côté,,,,,,,,,,,1,1,3,1.0,3.0
201800004172,0018-05-08 13:20:00,18,5,8,13,20,110,252,d1,43.39883,1.83944,Plein jour,Hors agglomération,Hors intersection,Normale,Deux véhicules - frontale,,,,,,,,,,,1,1,1,1.0,1.0
201800004173,0018-05-29 11:50:00,18,5,29,11,50,110,76,D103,43.31547,1.98467,Plein jour,Hors agglomération,Hors intersection,Normale,Deux véhicules - côté,,,,,,,,,,,1,1,1,1.0,3.0
201800004174,0018-06-10 19:45:00,18,6,10,19,45,110,356,Route Départementale 33,43.28883,1.99633,Crépuscule ou aube,Hors agglomération,Hors intersection,Pluie forte,Autre collision,,,,,,,,,,,2,1,1,3.0,6.0
201800004175,0018-07-06 18:00:00,18,7,6,18,0,110,76,rond point du 4éme RE,43.30266,1.97451,Plein jour,En agglomération,Giratoire,Temps éblouissant,Sans collision,,,,,,,,,,,1,2,6,7.0,7.0
201800004176,0018-10-09 14:45:00,18,10,9,14,45,110,76,Place de la République,43.31849,1.95334,Plein jour,En agglomération,Autre intersection,Vent fort / tempête,Autre collision,,,,,,,,,,,1,2,9,6.0,6.0
201800004177,0018-03-10 01:10:00,18,3,10,1,10,110,91,CD 620,42.96327,2.00711,Nuit sans éclairage public,Hors agglomération,Hors intersection,Normale,Autre collision,,,,,,,,,,,3,1,1,1.0,6.0
201800004178,0018-06-13 13:00:00,18,6,13,13,0,110,336,CD620,42.95269,1.96223,Plein jour,Hors agglomération,Hors intersection,Normale,Trois véhicules et plus - collisions multiples,,,,,,,,,,,1,1,1,1.0,5.0
201800004179,0018-07-25 10:50:00,18,7,25,10,50,110,303,RD 117 - Route De Belest,42.90879,2.05974,Plein jour,Hors agglomération,Hors intersection,Normale,Deux véhicules - côté,,,,,,,,,,,1,1,1,1.0,3.0
201800004180,0018-09-03 08:15:00,18,9,3,8,15,110,333,D63 PK 27 + 350,43.01777,2.03124,Plein jour,Hors agglomération,Hors intersection,Normale,Autre collision,,,,,,,,,,,1,1,1,1.0,6.0
201800004181,0018-09-10 12:15:00,18,9,10,12,15,110,303,RD 117 - PR 37 + 200,42.90964,2.0169,Plein jour,Hors agglomération,Hors intersection,Normale,Deux véhicules - côté,,,,,,,,,,,1,1,1,1.0,3.0
201800004182,0018-11-03 18:20:00,18,11,3,18,20,110,58,CD623,43.15436,2.1118,Nuit sans éclairage public,Hors agglomération,Hors intersection,Normale,Deux véhicules - frontale,,,,,,,,,,,3,1,1,1.0,1.0
201800004183,0018-01-04 17:30:00,18,1,4,17,30,110,266,RD 6139,43.0262,3.02,Plein jour,Hors agglomération,Hors intersection,Normale,Deux véhicules - arrière,,,,,,,,,,,1,1,1,1.0,2.0
201800004184,0018-01-11 01:30:00,18,1,11,1,30,110,188,"RD 6009, rond-point des",42.9588,2.98506,Nuit sans éclairage public,Hors agglomération,Giratoire,Pluie forte,Sans collision,,,,,,,,,,,3,1,6,3.0,7.0
201800004185,0018-04-06 23:12:00,18,4,6,23,12,110,379,D6009,43.05405,2.94668,Nuit sans éclairage public,Hors agglomération,Hors intersection,Normale,Deux véhicules - frontale,,,,,,,,,,,3,1,1,1.0,1.0
201800004186,0018-04-08 19:23:00,18,4,8,19,23,110,379,D6009 - Hameau du Lac,43.04431,2.96649,Plein jour,Hors agglomération,Hors intersection,Pluie forte,Deux véhicules - frontale,,,,,,,,,,,1,1,1,3.0,1.0
201800004187,0018-05-19 23:06:00,18,5,19,23,6,110,266,Intersection Bd Général,43.01637,3.04621,Nuit avec éclairage allumé,En agglomération,Giratoire,Normale,Autre collision,,,,,,,,,,,5,2,6,1.0,6.0
201800004188,0018-05-31 22:30:00,18,5,31,22,30,110,188,route départementale 600,42.9844,2.9803,Nuit sans éclairage public,Hors agglomération,Autre intersection,Normale,Deux véhicules - côté,,,,,,,,,,,3,1,9,1.0,3.0
201800004189,0018-07-19 12:25:00,18,7,19,12,25,110,379,CD6009,43.04431,2.96649,Plein jour,Hors agglomération,Hors intersection,Normale,Deux véhicules - frontale,,,,,,,,,,,1,1,1,1.0,1.0
201800004190,0018-02-02 12:30:00,18,2,2,12,30,300,156,Avenue Clément Ader,43.86726,4.4433,Plein jour,En agglomération,Autre intersection,Normale,Deux véhicules - côté,,,,,,,,,,,1,2,9,1.0,3.0
201800004191,0018-03-06 11:55:00,18,3,6,11,55,300,257,D6086,43.87829,4.47859,Plein jour,Hors agglomération,Hors intersection,Normale,Trois véhicules et plus - collisions multiples,,,,,,,,,,,1,1,1,1.0,5.0
201800004192,0018-07-10 08:50:00,18,7,10,8,50,300,39,RUE DU MISTRAL,43.88173,4.49124,Plein jour,En agglomération,Intersection en T,Normale,Autre collision,,,,,,,,,,,1,2,3,1.0,6.0
201800004193,0018-07-22 10:20:00,18,7,22,10,20,300,156,rn6086,43.8661,4.44403,Plein jour,En agglomération,Giratoire,Normale,Deux véhicules - côté,,,,,,,,,,,1,2,6,1.0,3.0
201800004194,0018-08-27 06:50:00,18,8,27,6,50,300,145,CD 500,43.89173,4.52078,Plein jour,Hors agglomération,Intersection en T,Temps éblouissant,Deux véhicules - frontale,,,,,,,,,,,1,1,3,7.0,1.0
201800004195,0018-10-05 18:40:00,18,10,5,18,40,300,57,Route départementale 3,43.8964,4.47218,Plein jour,Hors agglomération,Hors intersection,Normale,Deux véhicules - frontale,,,,,,,,,,,1,1,1,1.0,1.0
201800004196,0018-11-02 20:00:00,18,11,2,20,0,300,155,Face au 194 chemin bas,43.82017,4.47504,Nuit avec éclairage allumé,En agglomération,Hors intersection,Normale,Sans collision,,,,,,,,,,,5,2,1,1.0,7.0
201800004197,0018-11-03 17:15:00,18,11,3,17,15,300,156,rue des vendangeurs,43.86371,4.45751,Plein jour,En agglomération,Intersection en T,Normale,Deux véhicules - côté,,,,,,,,,,,1,2,3,1.0,3.0
201800004198,0018-11-10 14:00:00,18,11,10,14,0,300,145,Chemin de Valourière (ro,43.91899,4.50895,Plein jour,En agglomération,Autre intersection,Pluie légère,Deux véhicules - côté,,,,,,,,,,,1,2,9,2.0,3.0
201800004199,0018-12-09 14:10:00,18,12,9,14,10,300,211,Intersection CD 3 - Rue,43.83333,4.49557,Plein jour,En agglomération,Intersection en X,Normale,Deux véhicules - côté,,,,,,,,,,,1,2,2,1.0,3.0
201800004200,0018-03-01 17:35:00,18,3,1,17,35,300,258,RD 6572 - PK 21600,43.67127,4.40136,Plein jour,Hors agglomération,Hors intersection,Pluie légère,Autre collision,,,,,,,,,,,1,1,1,2.0,6.0
201800004201,0018-04-23 17:50:00,18,4,23,17,50,300,258,rue Michelet,43.67752,4.4326,Plein jour,En agglomération,Place,Normale,Autre collision,,,,,,,,,,,1,2,7,1.0,6.0
201800004202,0018-06-09 21:45:00,18,6,9,21,45,300,258,route d'Arles,43.6686,4.4469,Crépuscule ou aube,Hors agglomération,Hors intersection,Normale,Sans collision,,,,,,,,,,,2,1,1,1.0,7.0
201800004203,0018-11-08 18:20:00,18,11,8,18,20,300,258,avenue des costières,43.68003,4.42343,Nuit sans éclairage public,En agglomération,Hors intersection,Pluie légère,Autre collision,,,,,,,,,,,3,2,1,2.0,6.0
201800004204,0018-12-03 10:41:00,18,12,3,10,41,300,258,chemin de loubes,43.71161,4.44567,Plein jour,Hors agglomération,Hors intersection,Pluie légère,Sans collision,,,,,,,,,,,1,1,1,2.0,7.0
201800004205,0018-12-17 17:18:00,18,12,17,17,18,300,258,route de Générac,43.67664,4.41724,Crépuscule ou aube,En agglomération,Giratoire,Normale,Autre collision,,,,,,,,,,,2,2,6,1.0,6.0
201800004206,0018-12-20 08:50:00,18,12,20,8,50,300,128,chemin de campagnolle,43.73109,4.38451,Plein jour,En agglomération,Hors intersection,Temps éblouissant,Deux véhicules - frontale,,,,,,,,,,,1,2,1,7.0,1.0
201800004207,0018-12-27 01:30:00,18,12,27,1,30,300,128,avenue Jean AURILLON,43.73271,4.34448,Nuit sans éclairage public,En agglomération,Hors intersection,Normale,Sans collision,,,,,,,,,,,3,2,1,1.0,7.0
201800004208,0018-05-25 13:45:00,18,5,25,13,45,300,132,Boulevard Jules Callon,44.21109,4.02614,Plein jour,En agglomération,Intersection en T,Normale,Deux véhicules - côté,,,,,,,,,,,1,2,3,1.0,3.0
201800004209,0018-06-07 17:50:00,18,6,7,17,50,300,51,traverse basse plaine,44.21952,3.99828,Plein jour,En agglomération,Intersection en T,Normale,Deux véhicules - frontale,,,,,,,,,,,1,2,3,1.0,1.0
201800004210,0018-06-10 16:00:00,18,6,10,16,0,300,203,"lieu dit l'affenadou, CD",44.24447,4.05039,Plein jour,En agglomération,Hors intersection,Temps couvert,Deux véhicules - frontale,,,,,,,,,,,1,2,1,8.0,1.0
201800004211,0018-06-17 13:41:00,18,6,17,13,41,300,132,rue emile Zola,44.21032,4.0309,Plein jour,En agglomération,Intersection en X,Normale,Autre collision,,,,,,,,,,,1,2,2,1.0,6.0
201800004212,0018-06-23 11:10:00,18,6,23,11,10,300,132,Rue Sainte Barbe,44.21155,4.03005,Plein jour,En agglomération,Autre intersection,Normale,Autre collision,,,,,,,,,,,1,2,9,1.0,6.0
201800004213,0018-07-11 13:30:00,18,7,11,13,30,300,307,Route Nationale 106,44.1993,4.04113,Plein jour,Hors agglomération,Hors intersection,Normale,Trois véhicules et plus - collisions multiples,,,,,,,,,,,1,1,1,1.0,5.0
201800004214,0018-07-25 08:55:00,18,7,25,8,55,300,239,haute lavade,44.22999,3.99869,Plein jour,En agglomération,Autre intersection,Normale,Autre collision,,,,,,,,,,,1,2,9,1.0,6.0
201800004215,0018-08-30 22:00:00,18,8,30,22,0,300,132,route de trescole,44.22205,4.01579,Nuit avec éclairage allumé,En agglomération,Hors intersection,Normale,Deux véhicules - arrière,,,,,,,,,,,5,2,1,1.0,2.0
201800004216,0018-10-14 03:30:00,18,10,14,3,30,300,307,lieu dit la pailléres,44.19034,4.03503,Nuit sans éclairage public,Hors agglomération,Hors intersection,Normale,Sans collision,,,,,,,,,,,3,1,1,1.0,7.0
201800004217,0018-06-10 12:35:00,18,6,10,12,35,300,130,RD 906,44.30857,3.97073,Plein jour,Hors agglomération,Intersection en Y,Normale,Deux véhicules - arrière,,,,,,,,,,,1,1,4,1.0,2.0
201800004218,0018-06-18 16:30:00,18,6,18,16,30,300,201,Route départementale 906,44.39337,3.93439,Plein jour,Hors agglomération,Hors intersection,Normale,Deux véhicules - côté,,,,,,,,,,,1,1,1,1.0,3.0
201800004219,0018-08-19 10:20:00,18,8,19,10,20,300,130,Route départementale 906,44.30871,3.97041,Plein jour,Hors agglomération,Intersection en T,Normale,Sans collision,,,,,,,,,,,1,1,3,1.0,7.0
201800004220,0018-08-20 16:00:00,18,8,20,16,0,300,130,RD 362,44.33648,3.96616,Plein jour,Hors agglomération,Hors intersection,Normale,Sans collision,,,,,,,,,,,1,1,1,1.0,7.0
201800004221,0018-04-28 11:30:00,18,4,28,11,30,480,4,Les Rochettes Hautes,44.48522,3.83752,Plein jour,Hors agglomération,Hors intersection,Normale,Sans collision,,,,,,,,,,,1,1,1,1.0,7.0
201800004222,0018-05-04 09:05:00,18,5,4,9,5,480,198,RD 906,44.45704,3.92989,Plein jour,Hors agglomération,Hors intersection,Normale,Deux véhicules - frontale,,,,,,,,,,,1,1,1,1.0,1.0
201800004223,0018-06-20 11:05:00,18,6,20,11,5,480,119,RD 906,44.5015,3.91692,Plein jour,Hors agglomération,Hors intersection,Normale,Autre collision,,,,,,,,,,,1,1,1,1.0,6.0
201800004224,0018-08-10 11:30:00,18,8,10,11,30,480,198,D906,44.45698,3.93859,Plein jour,Hors agglomération,Hors intersection,Normale,Sans collision,,,,,,,,,,,1,1,1,1.0,7.0
201800004225,0018-05-05 17:30:00,18,5,5,17,30,660,37,CD 81,,,Plein jour,Hors agglomération,Hors intersection,Normale,Deux véhicules - côté,,,,,,,,,,,1,1,1,1.0,3.0
201800004226,0018-06-06 15:30:00,18,6,6,15,30,660,37,route départementale 11,,,Plein jour,Hors agglomération,Hors intersection,Normale,Deux véhicules - côté,,,,,,,,,,,1,1,1,1.0,3.0
201800004227,0018-06-14 07:25:00,18,6,14,7,25,660,37,RD 81 A,42.66913,3.0331,Plein jour,Hors agglomération,Hors intersection,Normale,Deux véhicules - frontale,,,,,,,,,,,1,1,1,1.0,1.0
201800004228,0018-07-14 17:00:00,18,7,14,17,0,660,37,D81 A,42.66913,3.03311,Plein jour,Hors agglomération,Hors intersection,Normale,Trois véhicules et plus - collisions multiples,,,,,,,,,,,1,1,1,1.0,5.0
201800004229,0018-08-12 12:05:00,18,8,12,12,5,660,37,boulevard las bigues,42.70613,3.01068,Plein jour,En agglomération,Hors intersection,Normale,Autre collision,,,,,,,,,,,1,2,1,1.0,6.0
201800004230,0018-09-09 04:00:00,18,9,9,4,0,660,37,D11,42.70805,3.01129,Nuit sans éclairage public,Hors agglomération,Hors intersection,Normale,Autre collision,,,,,,,,,,,3,1,1,1.0,6.0
201800004231,0018-09-20 01:47:00,18,9,20,1,47,660,37,Avenue de l'Esparrou,,,Nuit sans éclairage public,En agglomération,Intersection en T,Normale,Deux véhicules - côté,,,,,,,,,,,3,2,3,1.0,3.0
201800004232,0018-09-22 20:30:00,18,9,22,20,30,660,37,21 avenue de l'esparou,42.69568,3.02504,Nuit avec éclairage allumé,En agglomération,Hors intersection,Normale,Deux véhicules - côté,,,,,,,,,,,5,2,1,1.0,3.0
201800004233,0018-11-15 17:30:00,18,11,15,17,30,660,37,Avenue de la Méditerrané,42.69391,3.0345,Nuit avec éclairage allumé,En agglomération,Hors intersection,Normale,Deux véhicules - frontale,,,,,,,,,,,5,2,1,1.0,1.0
201800004234,0018-10-06 17:30:00,18,10,6,17,30,660,59,RD 914,42.62183,2.95124,Plein jour,Hors agglomération,Hors intersection,Normale,Deux véhicules - arrière,,,,,,,,,,,1,1,1,1.0,2.0
201800004235,0018-12-10 22:00:00,18,12,10,22,0,660,65,RD914,42.61751,2.95509,Nuit sans éclairage public,Hors agglomération,Hors intersection,Normale,Deux véhicules - arrière,,,,,,,,,,,3,1,1,1.0,2.0
201800004236,0018-12-12 18:00:00,18,12,12,18,0,660,65,route d'Argelès sur mer,42.59794,2.97815,Nuit sans éclairage public,En agglomération,Intersection en Y,Normale,Deux véhicules - côté,,,,,,,,,,,3,2,4,1.0,3.0
201800004237,0018-12-17 22:30:00,18,12,17,22,30,660,65,RUE DU DOCTEUR CHARLES B,42.60153,2.97056,Nuit avec éclairage allumé,En agglomération,Intersection en X,Normale,Deux véhicules - côté,,,,,,,,,,,5,2,2,1.0,3.0
201800004238,0018-12-30 06:20:00,18,12,30,6,20,660,59,Route de Saint Cyprien,42.62351,2.95818,Nuit sans éclairage public,En agglomération,Hors intersection,Normale,Autre collision,,,,,,,,,,,3,2,1,1.0,6.0
201800004239,0018-04-10 08:35:00,18,4,10,8,35,660,140,rue de légalité,42.69792,2.77532,Plein jour,En agglomération,Hors intersection,Normale,Autre collision,,,,,,,,,,,1,2,1,1.0,6.0
201800004240,0018-06-16 19:30:00,18,6,16,19,30,660,213,Chemin des Bassettes,42.67326,2.82002,Plein jour,En agglomération,Hors intersection,Normale,Deux véhicules - frontale,,,,,,,,,,,1,2,1,1.0,1.0
201800004241,0018-06-18 20:15:00,18,6,18,20,15,660,55,cd615,,,Plein jour,Hors agglomération,Hors intersection,Normale,Deux véhicules - arrière,,,,,,,,,,,1,1,1,1.0,2.0
201800004242,0018-07-13 13:30:00,18,7,13,13,30,660,174,118 avenue du Canigou,42.68343,2.73222,Plein jour,En agglomération,Hors intersection,Normale,Autre collision,,,,,,,,,,,1,2,1,1.0,6.0
201800004243,0018-09-15 14:15:00,18,9,15,14,15,660,108,"pk7,720 rd612",,,Plein jour,Hors agglomération,Hors intersection,Normale,Deux véhicules - frontale,,,,,,,,,,,1,1,1,1.0,1.0
201800004244,0018-09-24 14:50:00,18,9,24,14,50,660,213,D612,42.65881,2.80636,Plein jour,Hors agglomération,Hors intersection,Normale,Sans collision,,,,,,,,,,,1,1,1,1.0,7.0