accident_id,datetime,annee,mois,jour,heure,minute,departement,commune_insee,adresse,latitude,longitude,luminosite,agglomeration,intersection,meteo,collision,nb_vehicules,nb_usagers,nb_indemnes,nb_tues,nb_blesses_hosp,nb_blesses_legers,age_cond_1,age_cond_2,veh_type_cond_1,veh_type_cond_2,lum_code,agg_code,int_code,atm_code,col_code
201800005098,0018-12-30 07:55:00,18,12,30,7,55,60,4,GRASSE RTE DE,43.59217,7.10349,Crépuscule ou aube,En agglomération,Intersection en X,Normale,Deux véhicules - côté,,,,,,,,,,,2,2,2,1.0,3.0
201800005099,0018-01-05 22:05:00,18,1,5,22,5,60,123,"493, DE GAULLE GENERAL A",43.66655,7.1919,Nuit avec éclairage allumé,En agglomération,Hors intersection,Normale,Deux véhicules - côté,,,,,,,,,,,5,2,1,1.0,3.0
201800005100,0018-01-15 10:00:00,18,1,15,10,0,60,27,"7, GRASSE AVENUE DE",43.65683,7.1458,Plein jour,En agglomération,Intersection en T,Normale,Deux véhicules - côté,,,,,,,,,,,1,2,3,1.0,3.0
201800005101,0018-01-16 19:00:00,18,1,16,19,0,60,27,"44, GRASSE AVENUE DE",43.65838,7.14135,Crépuscule ou aube,En agglomération,Intersection en T,Normale,Deux véhicules - côté,,,,,,,,,,,2,2,3,1.0,3.0
201800005102,0018-01-19 17:30:00,18,1,19,17,30,60,123,"5481, ST JEANNET ROUTE D",43.71333,7.17025,Crépuscule ou aube,Hors agglomération,Hors intersection,Normale,Deux véhicules - frontale,,,,,,,,,,,2,1,1,1.0,1.0
201800005103,0018-02-02 15:50:00,18,2,2,15,50,60,123,"435, 11 NOVEMBRE AVENUE",43.6758,7.19076,Plein jour,En agglomération,Autre intersection,Normale,Deux véhicules - côté,,,,,,,,,,,1,2,9,1.0,3.0
201800005104,0018-02-07 12:15:00,18,2,7,12,15,60,27,"90, CHENES AVENUE DES",43.66062,7.16081,Plein jour,En agglomération,Autre intersection,Normale,Deux véhicules - côté,,,,,,,,,,,1,2,9,1.0,3.0
201800005105,0018-02-13 13:43:00,18,2,13,13,43,60,27,"31, BESSET AVENUE CYRILL",43.66276,7.15496,Plein jour,En agglomération,Autre intersection,Temps couvert,Deux véhicules - côté,,,,,,,,,,,1,2,9,8.0,3.0
201800005106,0018-02-15 15:20:00,18,2,15,15,20,60,123,"868, VESPINS ROUTE DES",43.65999,7.18789,Plein jour,En agglomération,Intersection en T,Normale,Autre collision,,,,,,,,,,,1,2,3,1.0,6.0
201800005107,0018-02-16 19:50:00,18,2,16,19,50,60,27,"6, BESSET AVENUE CYRILLE",43.66484,7.15442,Nuit avec éclairage allumé,En agglomération,Hors intersection,Normale,Deux véhicules - arrière,,,,,,,,,,,5,2,1,1.0,2.0
201800005108,0018-02-18 15:40:00,18,2,18,15,40,60,27,"19, KENNEDY BOULEVARD J.",43.65248,7.15171,Plein jour,En agglomération,Hors intersection,Normale,Deux véhicules - côté,,,,,,,,,,,1,2,1,1.0,3.0
201800005109,0018-02-20 22:53:00,18,2,20,22,53,60,123,"494, VESPINS ROUTE DES",43.66036,7.18184,Nuit avec éclairage allumé,En agglomération,Autre intersection,Normale,Deux véhicules - arrière,,,,,,,,,,,5,2,9,1.0,2.0
201800005110,0018-02-22 17:15:00,18,2,22,17,15,60,123,"180, PUGETS AVENUE DES",43.67745,7.18862,Plein jour,En agglomération,Intersection en T,Normale,Deux véhicules - côté,,,,,,,,,,,1,2,3,1.0,3.0
201800005111,0018-02-23 14:28:00,18,2,23,14,28,60,27,"49, PLAGE BOULEVARD DE L",43.6558,7.1619,Plein jour,En agglomération,Hors intersection,Normale,Deux véhicules - côté,,,,,,,,,,,1,2,1,1.0,3.0
201800005112,0018-03-16 09:00:00,18,3,16,9,0,60,27,"7, PLAGE BOULEVARD DE LA",43.65273,7.15503,Plein jour,En agglomération,Hors intersection,Normale,Deux véhicules - arrière,,,,,,,,,,,1,2,1,1.0,2.0
201800005113,0018-03-16 15:10:00,18,3,16,15,10,60,123,"1, GERBAULT ALAIN PROMEN",43.657,7.184,Plein jour,En agglomération,Hors intersection,Normale,Autre collision,,,,,,,,,,,1,2,1,1.0,6.0
201800005114,0018-03-16 12:15:00,18,3,16,12,15,60,27,"41, RENOIR AVENUE AUGUST",43.66514,7.15346,Plein jour,En agglomération,Hors intersection,Normale,Deux véhicules - côté,,,,,,,,,,,1,2,1,1.0,3.0
201800005115,0018-03-20 04:35:00,18,3,20,4,35,60,123,"315, PAGNOL MARCEL BOULE",43.66,7.181,Nuit avec éclairage allumé,En agglomération,Hors intersection,Normale,Deux véhicules - côté,,,,,,,,,,,5,2,1,1.0,3.0
201800005116,0018-03-22 08:40:00,18,3,22,8,40,60,27,"38, CANEBIERS CHEMIN DES",43.66828,7.14915,Plein jour,En agglomération,Hors intersection,Normale,Deux véhicules - côté,,,,,,,,,,,1,2,1,1.0,3.0
201800005117,0018-03-23 20:00:00,18,3,23,20,0,60,123,"200, BORD DE MER RN 98",43.65678,7.17962,Nuit avec éclairage allumé,En agglomération,Hors intersection,Normale,Deux véhicules - arrière,,,,,,,,,,,5,2,1,1.0,2.0
201800005118,0018-03-26 09:03:00,18,3,26,9,3,60,27,"73, PLAGE BOULEVARD DE L",43.65692,7.16488,Plein jour,En agglomération,Intersection en X,Normale,Deux véhicules - côté,,,,,,,,,,,1,2,2,1.0,3.0
201800005119,0018-04-06 18:15:00,18,4,6,18,15,60,123,LECLERC GENERAL AVENUE,43.6742,7.1894,Crépuscule ou aube,En agglomération,Intersection en X,Normale,Autre collision,,,,,,,,,,,2,2,2,1.0,6.0
201800005120,0018-04-19 11:40:00,18,4,19,11,40,60,123,MOATTI PASSAGE,43.66149,7.19353,Plein jour,En agglomération,Autre intersection,Temps éblouissant,Autre collision,,,,,,,,,,,1,2,9,7.0,6.0
201800005121,0018-04-20 19:10:00,18,4,20,19,10,60,27,JUIN BOULEVARD MARECHAL,43.65679,7.15101,Plein jour,En agglomération,Hors intersection,Normale,Trois véhicules et plus - collisions multiples,,,,,,,,,,,1,2,1,1.0,5.0
201800005122,0018-04-23 15:50:00,18,4,23,15,50,60,123,POMPIDOU GEORGES BOULEVA,43.67578,7.19221,Plein jour,En agglomération,Hors intersection,Normale,Autre collision,,,,,,,,,,,1,2,1,1.0,6.0
201800005123,0018-04-27 21:50:00,18,4,27,21,50,60,27,NICE AVENUE DE (RN7),43.65585,7.1539,Nuit avec éclairage allumé,En agglomération,Hors intersection,Normale,Deux véhicules - côté,,,,,,,,,,,5,2,1,1.0,3.0
201800005124,0018-04-28 17:50:00,18,4,28,17,50,60,27,NICE AVENUE DE (RN7),43.65602,7.15441,Plein jour,En agglomération,Hors intersection,Normale,Trois véhicules et plus - collisions multiples,,,,,,,,,,,1,2,1,1.0,5.0
201800005125,0018-05-04 17:25:00,18,5,4,17,25,60,27,NICE AVENUE DE (RN7),43.65963,7.16969,Plein jour,En agglomération,Intersection en X,Normale,Deux véhicules - côté,,,,,,,,,,,1,2,2,1.0,3.0
201800005126,0018-05-08 07:35:00,18,5,8,7,35,60,123,BORD DE MER RN 98,43.65689,7.18092,Plein jour,En agglomération,Intersection en X,Temps éblouissant,Deux véhicules - côté,,,,,,,,,,,1,2,2,7.0,3.0
201800005127,0018-05-08 15:45:00,18,5,8,15,45,60,123,DE GAULLE GENERAL AVENUE,43.66437,7.19358,Plein jour,En agglomération,Intersection en X,Temps couvert,Deux véhicules - côté,,,,,,,,,,,1,2,2,8.0,3.0
201800005128,0018-05-14 08:20:00,18,5,14,8,20,60,27,PLAGE BOULEVARD DE LA,43.65496,7.15955,Plein jour,En agglomération,Hors intersection,Pluie légère,Deux véhicules - arrière,,,,,,,,,,,1,2,1,2.0,2.0
201800005129,0018-05-17 15:00:00,18,5,17,15,0,60,123,ISCLES CHEMIN DES,43.70326,7.18454,Plein jour,En agglomération,Intersection en T,Normale,Autre collision,,,,,,,,,,,1,2,3,1.0,6.0
201800005130,0018-05-20 14:10:00,18,5,20,14,10,60,27,GARE AVENUE DE LA,43.66067,7.14861,Plein jour,En agglomération,Autre intersection,Normale,Deux véhicules - côté,,,,,,,,,,,1,2,9,1.0,3.0
201800005131,0018-05-23 17:06:00,18,5,23,17,6,60,123,CURIE PIERRE ET MARIE AV,43.68374,7.18835,Plein jour,En agglomération,Hors intersection,Normale,Deux véhicules - côté,,,,,,,,,,,1,2,1,1.0,3.0
201800005132,0018-06-05 14:50:00,18,6,5,14,50,60,27,JUIN BOULEVARD MARECHAL,49.65945,7.1507,Plein jour,En agglomération,Hors intersection,Normale,Autre collision,,,,,,,,,,,1,2,1,1.0,6.0
201800005133,0018-06-07 12:00:00,18,6,7,12,0,60,27,NICE AVENUE DE (RN7),43.6574,7.15809,Plein jour,En agglomération,Hors intersection,Normale,Deux véhicules - arrière,,,,,,,,,,,1,2,1,1.0,2.0
201800005134,0018-06-07 16:00:00,18,6,7,16,0,60,27,PLAGE BOULEVARD DE LA,43.65661,7.17805,Plein jour,En agglomération,Hors intersection,Normale,Deux véhicules - côté,,,,,,,,,,,1,2,1,1.0,3.0
201800005135,0018-06-08 19:00:00,18,6,8,19,0,60,123,PUGETS AVENUE DES,43.67883,7.18862,Plein jour,En agglomération,Hors intersection,Normale,Deux véhicules - frontale,,,,,,,,,,,1,2,1,1.0,1.0
201800005136,0018-06-08 08:20:00,18,6,8,8,20,60,27,NICE AVENUE DE (RN7),43.65757,7.15864,Plein jour,En agglomération,Hors intersection,Normale,Deux véhicules - côté,,,,,,,,,,,1,2,1,1.0,3.0
201800005137,0018-06-14 08:35:00,18,6,14,8,35,60,27,TRAVAILS CHEMIN DES,43.6678,7.13821,Plein jour,En agglomération,Hors intersection,Normale,Autre collision,,,,,,,,,,,1,2,1,1.0,6.0
201800005138,0018-06-21 08:45:00,18,6,21,8,45,60,27,COLLE AVENUE DE LA,43.66,7.12,Plein jour,En agglomération,Hors intersection,Normale,Autre collision,,,,,,,,,,,1,2,1,1.0,6.0
201800005139,0018-06-22 01:40:00,18,6,22,1,40,60,123,DE GAULLE GENERAL AVENUE,43.66457,7.19373,Nuit avec éclairage allumé,En agglomération,Hors intersection,Normale,Deux véhicules - côté,,,,,,,,,,,5,2,1,1.0,3.0
201800005140,0018-07-02 14:20:00,18,7,2,14,20,60,27,REYNES RUE DES,43.65895,7.14618,Plein jour,En agglomération,Intersection en Y,Normale,Deux véhicules - frontale,,,,,,,,,,,1,2,4,1.0,1.0
201800005141,0018-07-05 18:30:00,18,7,5,18,30,60,123,LECLERC GENERAL AVENUE,43.67529,7.18872,Plein jour,En agglomération,Hors intersection,Normale,Deux véhicules - arrière,,,,,,,,,,,1,2,1,1.0,2.0
201800005142,0018-07-11 11:15:00,18,7,11,11,15,60,27,BESSET AVENUE CYRILLE,43.66318,7.15476,Plein jour,En agglomération,Hors intersection,Normale,Deux véhicules - arrière,,,,,,,,,,,1,2,1,1.0,2.0
201800005143,0018-07-13 09:20:00,18,7,13,9,20,60,123,BORD DE MER RN 98,43.65655,7.17854,Plein jour,En agglomération,Autre intersection,Normale,Deux véhicules - arrière,,,,,,,,,,,1,2,9,1.0,2.0
201800005144,0018-07-16 18:45:00,18,7,16,18,45,60,27,NICE AVENUE DE (RN7),43.65581,7.15369,Plein jour,En agglomération,Hors intersection,Pluie légère,Trois véhicules et plus - en chaîne,,,,,,,,,,,1,2,1,2.0,4.0
201800005145,0018-07-23 19:40:00,18,7,23,19,40,60,27,GRASSE AVENUE DE,43.65,7.14,Plein jour,En agglomération,Hors intersection,Normale,Deux véhicules - arrière,,,,,,,,,,,1,2,1,1.0,2.0
201800005146,0018-07-26 12:10:00,18,7,26,12,10,60,27,NICE AVENUE DE (RN7),43.6596,7.16959,Plein jour,En agglomération,Autre intersection,Normale,Deux véhicules - frontale,,,,,,,,,,,1,2,9,1.0,1.0
201800005147,0018-07-31 15:25:00,18,7,31,15,25,60,123,BERENGER FRANCOIS AVENUE,43.66667,7.18333,Plein jour,En agglomération,Autre intersection,Normale,Deux véhicules - côté,,,,,,,,,,,1,2,9,1.0,3.0
201800005148,0018-08-03 21:45:00,18,8,3,21,45,60,27,PAGNOL AVENUE MARCEL,43.4005,7.0906,Nuit avec éclairage allumé,En agglomération,Hors intersection,Normale,Autre collision,,,,,,,,,,,5,2,1,1.0,6.0
201800005149,0018-08-06 08:35:00,18,8,6,8,35,60,27,PLAGE BOULEVARD DE LA,43.65664,7.17405,Plein jour,En agglomération,Autre intersection,Normale,Deux véhicules - côté,,,,,,,,,,,1,2,9,1.0,3.0
201800005150,0018-08-08 19:15:00,18,8,8,19,15,60,27,CHEIRON AVENUE DU,43.67063,7.12485,Plein jour,En agglomération,Hors intersection,Normale,Autre collision,,,,,,,,,,,1,2,1,1.0,6.0
201800005151,0018-08-14 18:00:00,18,8,14,18,0,60,27,EDISON RUE THOMAS,43.65573,7.14822,Plein jour,En agglomération,Intersection en X,Pluie légère,Deux véhicules - côté,,,,,,,,,,,1,2,2,2.0,3.0
201800005152,0018-08-24 20:10:00,18,8,24,20,10,60,27,PLAGE BOULEVARD DE LA,43.65661,7.17545,Plein jour,En agglomération,Hors intersection,Normale,Deux véhicules - côté,,,,,,,,,,,1,2,1,1.0,3.0
201800005153,0018-08-25 12:50:00,18,8,25,12,50,60,123,PONANT AVENUE DU,43.66,7.19,Plein jour,En agglomération,Hors intersection,Normale,Deux véhicules - côté,,,,,,,,,,,1,2,1,1.0,3.0
201800005154,0018-08-27 12:30:00,18,8,27,12,30,60,123,PUGETS MOYENNE CORNICHE,43.69113,7.17896,Plein jour,En agglomération,Hors intersection,Normale,Deux véhicules - frontale,,,,,,,,,,,1,2,1,1.0,1.0
201800005155,0018-08-25 13:40:00,18,8,25,13,40,60,27,GRASSE AVENUE DE,43.6601,7.13073,Plein jour,En agglomération,Hors intersection,Normale,Deux véhicules - côté,,,,,,,,,,,1,2,1,1.0,3.0
201800005156,0018-08-30 05:25:00,18,8,30,5,25,60,123,BORD DE MER RN 98,43.65658,7.17883,Nuit avec éclairage allumé,En agglomération,Autre intersection,Normale,Deux véhicules - côté,,,,,,,,,,,5,2,9,1.0,3.0
201800005157,0018-08-30 09:15:00,18,8,30,9,15,60,123,LECLERC GENERAL AVENUE,43.675,7.18892,Plein jour,En agglomération,Hors intersection,Normale,Autre collision,,,,,,,,,,,1,2,1,1.0,6.0
201800005158,0018-09-01 00:10:00,18,9,1,0,10,60,27,82 bis Chemin de laMaure,43.68273,7.1602,Nuit avec éclairage allumé,En agglomération,Hors intersection,Normale,Deux véhicules - frontale,,,,,,,,,,,5,2,1,1.0,1.0
201800005159,0018-09-03 09:00:00,18,9,3,9,0,60,27,NICE AVENUE DE (RN7),43.6565,7.15569,Plein jour,En agglomération,Autre intersection,Normale,Autre collision,,,,,,,,,,,1,2,9,1.0,6.0
201800005160,0018-09-06 17:30:00,18,9,6,17,30,60,27,NICE AVENUE DE (RN7),43.65756,7.15834,Plein jour,En agglomération,Autre intersection,Pluie légère,Deux véhicules - arrière,,,,,,,,,,,1,2,9,2.0,2.0
201800005161,0018-09-10 07:50:00,18,9,10,7,50,60,123,PUGETS AVENUE DES,43.67935,7.1881,Plein jour,En agglomération,Hors intersection,Normale,Deux véhicules - frontale,,,,,,,,,,,1,2,1,1.0,1.0
201800005162,0018-09-11 10:15:00,18,9,11,10,15,60,27,RENOIR AVENUE AUGUSTE,43.66404,7.15033,Plein jour,En agglomération,Autre intersection,Normale,Autre collision,,,,,,,,,,,1,2,9,1.0,6.0
201800005163,0018-09-12 11:45:00,18,9,12,11,45,60,123,PUGETS ROUTE DES,43.69804,7.18175,Plein jour,En agglomération,Hors intersection,Normale,Deux véhicules - côté,,,,,,,,,,,1,2,1,1.0,3.0
201800005164,0018-09-17 13:05:00,18,9,17,13,5,60,27,BESSET AVENUE CYRILLE,43.65956,7.16072,Plein jour,En agglomération,Hors intersection,Normale,Deux véhicules - côté,,,,,,,,,,,1,2,1,1.0,3.0
201800005165,0018-09-21 11:06:00,18,9,21,11,6,60,123,DONADEI EUGENE AVENUE,43.65953,7.1952,Plein jour,En agglomération,Hors intersection,Normale,Autre collision,,,,,,,,,,,1,2,1,1.0,6.0
201800005166,0018-09-24 08:40:00,18,9,24,8,40,60,123,ST EXUPERY AVENUE,43.66734,7.18607,Plein jour,En agglomération,Hors intersection,Normale,Trois véhicules et plus - en chaîne,,,,,,,,,,,1,2,1,1.0,4.0
201800005167,0018-09-24 17:30:00,18,9,24,17,30,60,123,MOATTI PASSAGE,43.66176,7.19381,Plein jour,En agglomération,Hors intersection,Normale,Autre collision,,,,,,,,,,,1,2,1,1.0,6.0
201800005168,0018-09-26 12:52:00,18,9,26,12,52,60,123,PUGETS ROUTE DES,46.8282,7.18643,Plein jour,En agglomération,Intersection en Y,Normale,Autre collision,,,,,,,,,,,1,2,4,1.0,6.0
201800005169,0018-09-28 16:15:00,18,9,28,16,15,60,27,ALPES AVENUE DES,43.66,7.134,Plein jour,En agglomération,Autre intersection,Normale,Deux véhicules - arrière,,,,,,,,,,,1,2,9,1.0,2.0
201800005170,0018-10-09 18:10:00,18,10,9,18,10,60,123,PONANT AVENUE DU,43.658,7.189,Plein jour,En agglomération,Autre intersection,Normale,Deux véhicules - arrière,,,,,,,,,,,1,2,9,1.0,2.0
201800005171,0018-10-11 10:15:00,18,10,11,10,15,60,123,PUGETS MOYENNE CORNICHE,43.71424,7.17294,Plein jour,En agglomération,Autre intersection,Pluie légère,Autre collision,,,,,,,,,,,1,2,9,2.0,6.0
201800005172,0018-10-16 16:20:00,18,10,16,16,20,60,27,GARE AVENUE DE LA,43.65835,7.14819,Plein jour,En agglomération,Autre intersection,Pluie légère,Trois véhicules et plus - en chaîne,,,,,,,,,,,1,2,9,2.0,4.0
201800005173,0018-10-27 02:00:00,18,10,27,2,0,60,27,PLAGE BOULEVARD DE LA,43.651,7.153,Nuit avec éclairage allumé,En agglomération,Hors intersection,Pluie légère,Deux véhicules - côté,,,,,,,,,,,5,2,1,2.0,3.0
201800005174,0018-10-31 06:08:00,18,10,31,6,8,60,123,DE GAULLE GENERAL AVENUE,43.6707,7.19084,Nuit avec éclairage allumé,En agglomération,Autre intersection,Pluie légère,Deux véhicules - côté,,,,,,,,,,,5,2,9,2.0,3.0
201800005175,0018-11-01 00:01:00,18,11,1,0,1,60,27,VAL FLEURI CHEMIN DU,43.6645,7.1716,Nuit avec éclairage allumé,En agglomération,Intersection en X,Pluie forte,Deux véhicules - côté,,,,,,,,,,,5,2,2,3.0,3.0
201800005176,0018-11-02 21:00:00,18,11,2,21,0,60,27,JAURES AVENUE JEAN,43.65842,7.16954,Nuit avec éclairage allumé,En agglomération,Hors intersection,Normale,Deux véhicules - côté,,,,,,,,,,,5,2,1,1.0,3.0
201800005177,0018-11-12 15:30:00,18,11,12,15,30,60,123,CURIE PIERRE ET MARIE AV,43.68732,7.18691,Plein jour,En agglomération,Hors intersection,Temps couvert,Deux véhicules - côté,,,,,,,,,,,1,2,1,8.0,3.0
201800005178,0018-11-22 18:00:00,18,11,22,18,0,60,27,COLLE AVENUE DE LA,43.66133,7.12829,Nuit avec éclairage allumé,En agglomération,Hors intersection,Normale,Deux véhicules - côté,,,,,,,,,,,5,2,1,1.0,3.0
201800005179,0018-11-23 07:45:00,18,11,23,7,45,60,27,CAMPANETTE CHEMIN DE LA,43.68304,7.16448,Plein jour,En agglomération,Hors intersection,Pluie légère,Deux véhicules - frontale,,,,,,,,,,,1,2,1,2.0,1.0
201800005180,0018-11-24 11:45:00,18,11,24,11,45,60,27,NICE AVENUE DE (RN7),43.66044,7.17562,Plein jour,En agglomération,Hors intersection,Normale,Autre collision,,,,,,,,,,,1,2,1,1.0,6.0
201800005181,0018-11-28 09:45:00,18,11,28,9,45,60,27,PLAGE BOULEVARD DE LA,43.65585,7.16175,Plein jour,En agglomération,Hors intersection,Normale,Deux véhicules - arrière,,,,,,,,,,,1,2,1,1.0,2.0
201800005182,0018-11-30 08:36:00,18,11,30,8,36,60,27,TRAVAILS CHEMIN DES,43.66915,7.13549,Crépuscule ou aube,En agglomération,Hors intersection,Temps couvert,Trois véhicules et plus - collisions multiples,,,,,,,,,,,2,2,1,8.0,5.0
201800005183,0018-12-02 19:35:00,18,12,2,19,35,60,123,GUYNEMER AVENUE,43.662,7.197,Nuit avec éclairage allumé,En agglomération,Hors intersection,Normale,Autre collision,,,,,,,,,,,5,2,1,1.0,6.0
201800005184,0018-12-04 19:00:00,18,12,4,19,0,60,123,SAUVAIGO PIERRE AVENUE,43.66189,7.18139,Nuit avec éclairage allumé,En agglomération,Hors intersection,Normale,Deux véhicules - frontale,,,,,,,,,,,5,2,1,1.0,1.0
201800005185,0018-12-05 09:30:00,18,12,5,9,30,60,123,PUGETS ROUTE DES,43.69923,7.18144,Plein jour,En agglomération,Hors intersection,Normale,Deux véhicules - côté,,,,,,,,,,,1,2,1,1.0,3.0
201800005186,0018-12-11 09:20:00,18,12,11,9,20,60,27,BESSET AVENUE CYRILLE,43.66016,7.15561,Plein jour,En agglomération,Autre intersection,Normale,Deux véhicules - côté,,,,,,,,,,,1,2,9,1.0,3.0
201800005187,0018-12-12 18:50:00,18,12,12,18,50,60,27,VAL FLEURI CHEMIN DU,43.6602,7.1731,Nuit avec éclairage allumé,En agglomération,Intersection en T,Normale,Autre collision,,,,,,,,,,,5,2,3,1.0,6.0
201800005188,0018-12-27 08:55:00,18,12,27,8,55,60,27,HOTEL DE VILLE AVENUE DE,43.66318,7.14803,Plein jour,En agglomération,Autre intersection,Normale,Autre collision,,,,,,,,,,,1,2,9,1.0,6.0
201800005189,0018-12-28 11:55:00,18,12,28,11,55,60,27,COLLE AVENUE DE LA,43.66783,7.12216,Plein jour,En agglomération,Hors intersection,Normale,Deux véhicules - côté,,,,,,,,,,,1,2,1,1.0,3.0
201800005190,0018-01-01 19:00:00,18,1,1,19,0,60,29,"289, GRASSE (AVENUE DE)",43.56398,7.00369,Crépuscule ou aube,En agglomération,Hors intersection,Normale,Sans collision,,,,,,,,,,,2,2,1,1.0,7.0
201800005191,0018-01-09 16:12:00,18,1,9,16,12,60,29,"22, PICAUD (AVENUE DU DO",43.55076,7.00123,Plein jour,En agglomération,Hors intersection,Normale,Deux véhicules - arrière,,,,,,,,,,,1,2,1,1.0,2.0
201800005192,0018-01-20 14:00:00,18,1,20,14,0,60,30,AUBAREDE (CHEMIN DE L'),43.5673,6.93165,Plein jour,En agglomération,Hors intersection,Normale,Autre collision,,,,,,,,,,,1,2,1,1.0,6.0
201800005193,0018-01-23 08:18:00,18,1,23,8,18,60,30,JEANPIERRE (AVENUE MAURI,43.57459,7.00605,Plein jour,En agglomération,Hors intersection,Normale,Autre collision,,,,,,,,,,,1,2,1,1.0,6.0
201800005194,0018-01-25 13:04:00,18,1,25,13,4,60,29,BYRON (RUE LORD),43.56274,7.0175,Plein jour,En agglomération,Hors intersection,Normale,Autre collision,,,,,,,,,,,1,2,1,1.0,6.0
201800005195,0018-01-25 19:41:00,18,1,25,19,41,60,29,POESIE (AVENUE PIERRE),43.54999,6.96227,Nuit avec éclairage allumé,En agglomération,Hors intersection,Normale,Deux véhicules - côté,,,,,,,,,,,5,2,1,1.0,3.0
201800005196,0018-02-02 13:09:00,18,2,2,13,9,60,30,DOUMER (BOULEVARD PAUL),43.5529,7.0175,Plein jour,En agglomération,Hors intersection,Normale,Sans collision,,,,,,,,,,,1,2,1,1.0,7.0
201800005197,0018-02-05 08:00:00,18,2,5,8,0,60,30,NOIRCARME (RUE LIEUTENAN,43.57459,6.9564,Plein jour,En agglomération,Hors intersection,Normale,Autre collision,,,,,,,,,,,1,2,1,1.0,6.0
201800005198,0018-02-09 14:29:00,18,2,9,14,29,60,29,GABRES (PONT DES),43.55,7.03,Plein jour,En agglomération,Hors intersection,Normale,Deux véhicules - côté,,,,,,,,,,,1,2,1,1.0,3.0
201800005199,0018-02-11 19:25:00,18,2,11,19,25,60,29,"00, VERCORS (AVENUE DU)",43.55,6.97,Nuit avec éclairage allumé,En agglomération,Hors intersection,Normale,Deux véhicules - côté,,,,,,,,,,,5,2,1,1.0,3.0
201800005200,0018-02-16 16:35:00,18,2,16,16,35,60,30,AUBAREDE (CHEMIN DE L'),43.56715,6.98453,Plein jour,En agglomération,Hors intersection,Normale,Autre collision,,,,,,,,,,,1,2,1,1.0,6.0
201800005201,0018-02-16 10:30:00,18,2,16,10,30,60,29,CROISETTE (BOULEVARD DE,43.57619,7.01215,Plein jour,En agglomération,Hors intersection,Normale,Deux véhicules - arrière,,,,,,,,,,,1,2,1,1.0,2.0
201800005202,0018-02-17 10:44:00,18,2,17,10,44,60,30,ROOSEVELT (AVENUE FRANKL,43.57165,7.00166,Plein jour,En agglomération,Hors intersection,Normale,Autre collision,,,,,,,,,,,1,2,1,1.0,6.0
201800005203,0018-03-02 16:32:00,18,3,2,16,32,60,29,STRASBOURG (BOULEVARD DE,43.55418,7.01934,Plein jour,En agglomération,Hors intersection,Normale,Autre collision,,,,,,,,,,,1,2,1,1.0,6.0
201800005204,0018-03-04 19:11:00,18,3,4,19,11,60,29,"00, BACHAGA SAID BOUALAM",43.55418,7.01934,Nuit avec éclairage allumé,En agglomération,Hors intersection,Pluie légère,Autre collision,,,,,,,,,,,5,2,1,2.0,6.0
201800005205,0018-03-05 11:45:00,18,3,5,11,45,60,29,VERCORS (AVENUE DU),43.55416,6.97305,Plein jour,En agglomération,Hors intersection,Normale,Autre collision,,,,,,,,,,,1,2,1,1.0,6.0
201800005206,0018-03-07 15:10:00,18,3,7,15,10,60,29,MIDI (BOULEVARD DU),43.54916,6.99166,Plein jour,En agglomération,Hors intersection,Normale,Deux véhicules - côté,,,,,,,,,,,1,2,1,1.0,3.0
201800005207,0018-03-12 20:20:00,18,3,12,20,20,60,29,MIDI (BOULEVARD DU),43.54166,6.96166,Nuit avec éclairage allumé,En agglomération,Hors intersection,Normale,Autre collision,,,,,,,,,,,5,2,1,1.0,6.0
201800005208,0018-03-17 17:30:00,18,3,17,17,30,60,30,"00, JEANPIERRE (AVENUE M",43.57459,7.00605,Crépuscule ou aube,En agglomération,Hors intersection,Normale,Deux véhicules - côté,,,,,,,,,,,2,2,1,1.0,3.0
201800005209,0018-03-21 14:25:00,18,3,21,14,25,60,29,"122, GRASSE (AVENUE DE)",43.5564,7.007,Plein jour,En agglomération,Hors intersection,Normale,Deux véhicules - frontale,,,,,,,,,,,1,2,1,1.0,1.0
201800005210,0018-03-29 15:30:00,18,3,29,15,30,60,29,"00, BORDE (AVENUE DE LA)",43.5668,6.96556,Plein jour,En agglomération,Hors intersection,Normale,Autre collision,,,,,,,,,,,1,2,1,1.0,6.0
201800005211,0018-03-29 21:51:00,18,3,29,21,51,60,29,BACHAGA SAID BOUALAM (AV,43.55401,7.02281,Nuit avec éclairage allumé,En agglomération,Hors intersection,Normale,Deux véhicules - côté,,,,,,,,,,,5,2,1,1.0,3.0
201800005212,0018-04-03 17:43:00,18,4,3,17,43,60,29,PERIER (BOULEVARD DU),43.56729,6.98153,Plein jour,En agglomération,Hors intersection,Normale,Deux véhicules - arrière,,,,,,,,,,,1,2,1,1.0,2.0
201800005213,0018-03-31 15:55:00,18,3,31,15,55,60,29,"00, ST PIERRE (QUAI)",43.54787,7.01173,Plein jour,En agglomération,Hors intersection,Normale,Autre collision,,,,,,,,,,,1,2,1,1.0,6.0
201800005214,0018-04-07 23:00:00,18,4,7,23,0,60,29,MIDI (BOULEVARD DU),43.54923,6.99403,Nuit avec éclairage allumé,En agglomération,Hors intersection,Normale,Deux véhicules - arrière,,,,,,,,,,,5,2,1,1.0,2.0
201800005215,0018-04-11 14:23:00,18,4,11,14,23,60,29,RIOU (BOULEVARD DU),43.3315,7.0021,Plein jour,En agglomération,Hors intersection,Pluie forte,Deux véhicules - arrière,,,,,,,,,,,1,2,1,3.0,2.0
201800005216,0018-04-12 13:44:00,18,4,12,13,44,60,29,TONNER (AVENUE FRANCIS),43.54951,6.97805,Plein jour,En agglomération,Hors intersection,Pluie forte,Autre collision,,,,,,,,,,,1,2,1,3.0,6.0