accident_id,datetime,annee,mois,jour,heure,minute,departement,commune_insee,adresse,latitude,longitude,luminosite,agglomeration,intersection,meteo,collision,nb_vehicules,nb_usagers,nb_indemnes,nb_tues,nb_blesses_hosp,nb_blesses_legers,age_cond_1,age_cond_2,veh_type_cond_1,veh_type_cond_2,lum_code,agg_code,int_code,atm_code,col_code
201800005458,0018-09-21 07:00:00,18,9,21,7,0,60,69,SAINT MATHIEU (ROUTE ET,43.659,6.953,Crépuscule ou aube,Hors agglomération,Hors intersection,Normale,Autre collision,,,,,,,,,,,2,1,1,1.0,6.0
201800005459,0018-09-25 14:40:00,18,9,25,14,40,60,69,CANNES (ROUTE DE)  -RD 6,43.63638,6.95129,Plein jour,En agglomération,Hors intersection,Normale,Deux véhicules - arrière,,,,,,,,,,,1,2,1,1.0,2.0
201800005460,0018-09-26 15:00:00,18,9,26,15,0,60,69,CROUET (BOULEVARD JACQUE,43.6563,6.9228,Plein jour,En agglomération,Hors intersection,Normale,Deux véhicules - arrière,,,,,,,,,,,1,2,1,1.0,2.0
201800005461,0018-09-26 17:25:00,18,9,26,17,25,60,69,CHENES (CHEMIN DES),43.6408,6.9172,Plein jour,En agglomération,Intersection en T,Normale,Deux véhicules - côté,,,,,,,,,,,1,2,3,1.0,3.0
201800005462,0018-09-28 17:15:00,18,9,28,17,15,60,69,DE GAULLE (AVENUE DU GEN,43.65657,6.91946,Plein jour,En agglomération,Hors intersection,Normale,Autre collision,,,,,,,,,,,1,2,1,1.0,6.0
201800005463,0018-10-01 16:53:00,18,10,1,16,53,60,69,ZOLA (BOULEVARD EMILE),43.65113,6.91633,Plein jour,En agglomération,Hors intersection,Neige / grêle,Sans collision,,,,,,,,,,,1,2,1,4.0,7.0
201800005464,0018-10-01 17:40:00,18,10,1,17,40,60,69,CLAVARY (CHEMIN DE),43.6197,6.93155,Plein jour,Hors agglomération,Autre intersection,Temps couvert,Deux véhicules - côté,,,,,,,,,,,1,1,9,8.0,3.0
201800005465,0018-10-04 08:15:00,18,10,4,8,15,60,69,CARNOT (BOULEVARD ET TRA,43.65557,6.92186,Plein jour,En agglomération,Hors intersection,Normale,Autre collision,,,,,,,,,,,1,2,1,1.0,6.0
201800005466,0018-10-05 13:05:00,18,10,5,13,5,60,69,POISSONNIERS (CHEMIN DES,43.64988,6.94146,Plein jour,En agglomération,Hors intersection,Temps éblouissant,Autre collision,,,,,,,,,,,1,2,1,7.0,6.0
201800005467,0018-10-06 14:00:00,18,10,6,14,0,60,69,ROUQUIER (BOULEVARD EMMA,43.64376,6.94185,Plein jour,En agglomération,Autre intersection,Temps couvert,Deux véhicules - côté,,,,,,,,,,,1,2,9,8.0,3.0
201800005468,0018-10-06 18:25:00,18,10,6,18,25,60,69,SAINT MATHIEU (ROUTE ET,43.66083,6.9588,Crépuscule ou aube,En agglomération,Hors intersection,Normale,Sans collision,,,,,,,,,,,2,2,1,1.0,7.0
201800005469,0018-10-08 06:45:00,18,10,8,6,45,60,69,RENOIR (AVENUE AUGUSTE),43.6819,6.96068,Nuit avec éclairage allumé,En agglomération,Hors intersection,Temps couvert,Sans collision,,,,,,,,,,,5,2,1,8.0,7.0
201800005470,0018-10-10 15:50:00,18,10,10,15,50,60,69,CARNOT (BOULEVARD ET TRA,43.6543,6.9208,Plein jour,En agglomération,Hors intersection,Pluie forte,Autre collision,,,,,,,,,,,1,2,1,3.0,6.0
201800005471,0018-10-11 18:50:00,18,10,11,18,50,60,69,Rd point des Quatre Chem,43.64519,6.94064,Nuit avec éclairage allumé,En agglomération,Hors intersection,Pluie légère,Sans collision,,,,,,,,,,,5,2,1,2.0,7.0
201800005472,0018-10-13 17:45:00,18,10,13,17,45,60,69,CHASSEURS ALPINS (ROND-P,43.65034,6.92231,Plein jour,En agglomération,Autre intersection,Normale,Deux véhicules - côté,,,,,,,,,,,1,2,9,1.0,3.0
201800005473,0018-10-15 18:30:00,18,10,15,18,30,60,69,DRAGUIGNAN (ROUTE DE) -,43.64423,6.89899,Crépuscule ou aube,En agglomération,Hors intersection,Normale,Deux véhicules - côté,,,,,,,,,,,2,2,1,1.0,3.0
201800005474,0018-10-16 18:05:00,18,10,16,18,5,60,69,Route de PLASCASSIER,43.65,6.96,Plein jour,Hors agglomération,Hors intersection,Pluie légère,Deux véhicules - côté,,,,,,,,,,,1,1,1,2.0,3.0
201800005475,0018-10-16 21:21:00,18,10,16,21,21,60,69,POMPIDOU (AVENUE GEORGES,43.64764,6.93623,Nuit avec éclairage allumé,En agglomération,Hors intersection,Normale,Sans collision,,,,,,,,,,,5,2,1,1.0,7.0
201800005476,0018-10-18 18:07:00,18,10,18,18,7,60,69,SEMARD (AVENUE PIERRE),43.655,6.92313,Plein jour,En agglomération,Hors intersection,Normale,Deux véhicules - arrière,,,,,,,,,,,1,2,1,1.0,2.0
201800005477,0018-10-21 11:30:00,18,10,21,11,30,60,69,SAINT LAURENT (AVENUE ET,43.68009,6.95506,Plein jour,En agglomération,Hors intersection,Normale,Deux véhicules - côté,,,,,,,,,,,1,2,1,1.0,3.0
201800005478,0018-10-23 23:10:00,18,10,23,23,10,60,69,CLEMENCEAU (BOULEVARD GE,43.66437,6.91885,Nuit avec éclairage allumé,En agglomération,Hors intersection,Normale,Autre collision,,,,,,,,,,,5,2,1,1.0,6.0
201800005479,0018-10-25 14:50:00,18,10,25,14,50,60,69,CHATEAU FOLIE (CHEMIN DE,43.644,6.92,Plein jour,En agglomération,Hors intersection,Normale,Deux véhicules - frontale,,,,,,,,,,,1,2,1,1.0,1.0
201800005480,0018-10-26 08:13:00,18,10,26,8,13,60,69,SIDI BRAHIM (AVENUE),43.64558,6.94014,Plein jour,En agglomération,Hors intersection,Normale,Deux véhicules - côté,,,,,,,,,,,1,2,1,1.0,3.0
201800005481,0018-10-27 23:55:00,18,10,27,23,55,60,69,PASTEUR (BOULEVARD),43.66413,6.9041,Nuit avec éclairage allumé,Hors agglomération,Autre intersection,Pluie légère,Autre collision,,,,,,,,,,,5,1,9,2.0,6.0
201800005482,0018-10-28 03:50:00,18,10,28,3,50,60,69,POISSONNIERS (CHEMIN DES,43.64913,6.94096,Nuit avec éclairage allumé,En agglomération,Hors intersection,Pluie légère,Autre collision,,,,,,,,,,,5,2,1,2.0,6.0
201800005483,0018-11-04 10:15:00,18,11,4,10,15,60,69,DRAGUIGNAN (ROUTE DE) -,43.64423,6.89788,Plein jour,En agglomération,Hors intersection,Pluie légère,Deux véhicules - arrière,,,,,,,,,,,1,2,1,2.0,2.0
201800005484,0018-11-04 13:40:00,18,11,4,13,40,60,69,DRAGUIGNAN (ROUTE DE) -,43.64529,6.9028,Plein jour,En agglomération,Hors intersection,Pluie légère,Deux véhicules - côté,,,,,,,,,,,1,2,1,2.0,3.0
201800005485,0018-11-08 09:35:00,18,11,8,9,35,60,69,CANNES (ROUTE DE)  -RD 6,43.64442,6.9439,Plein jour,En agglomération,Hors intersection,Normale,Deux véhicules - côté,,,,,,,,,,,1,2,1,1.0,3.0
201800005486,0018-11-13 18:00:00,18,11,13,18,0,60,69,GRAND CHENE (CHEMIN DU),43.63744,6.92577,Nuit avec éclairage allumé,En agglomération,Hors intersection,Normale,Sans collision,,,,,,,,,,,5,2,1,1.0,7.0
201800005487,0018-11-14 11:45:00,18,11,14,11,45,60,69,CANNES (ROUTE DE)  -RD 6,43.6329,6.9542,Plein jour,En agglomération,Hors intersection,Normale,Deux véhicules - côté,,,,,,,,,,,1,2,1,1.0,3.0
201800005488,0018-11-16 09:10:00,18,11,16,9,10,60,69,avenue du 11 novembre,43.6615,6.9231,Plein jour,En agglomération,Hors intersection,Normale,Deux véhicules - frontale,,,,,,,,,,,1,2,1,1.0,1.0
201800005489,0018-11-17 19:00:00,18,11,17,19,0,60,69,RAYBAUD (AVENUE FELIX),43.64112,6.91169,Nuit avec éclairage allumé,En agglomération,Autre intersection,Normale,Deux véhicules - côté,,,,,,,,,,,5,2,9,1.0,3.0
201800005490,0018-11-19 08:20:00,18,11,19,8,20,60,69,CAPUCINS (CHEMIN ET IMPA,43.65339,6.92833,Crépuscule ou aube,En agglomération,Hors intersection,Normale,Autre collision,,,,,,,,,,,2,2,1,1.0,6.0
201800005491,0018-11-19 11:05:00,18,11,19,11,5,60,69,DE LATTRE DE TASSIGNY (A,43.6487,6.9312,Plein jour,En agglomération,Hors intersection,Normale,Deux véhicules - côté,,,,,,,,,,,1,2,1,1.0,3.0
201800005492,0018-11-20 13:15:00,18,11,20,13,15,60,69,CASTORS (CHEMIN DES),43.64222,6.93167,Plein jour,En agglomération,Hors intersection,Normale,Deux véhicules - côté,,,,,,,,,,,1,2,1,1.0,3.0
201800005493,0018-11-21 19:50:00,18,11,21,19,50,60,69,ROUQUIER (BOULEVARD EMMA,43.63961,6.94137,Nuit sans éclairage public,En agglomération,Hors intersection,Pluie légère,Deux véhicules - côté,,,,,,,,,,,3,2,1,2.0,3.0
201800005494,0018-11-28 14:30:00,18,11,28,14,30,60,69,BELLETRUD (BOULEVARD DU,43.66223,6.88258,Plein jour,En agglomération,Hors intersection,Normale,Autre collision,,,,,,,,,,,1,2,1,1.0,6.0
201800005495,0018-11-29 08:00:00,18,11,29,8,0,60,69,JEU DE BALLON (BOULEVARD,43.6582,6.9218,Plein jour,En agglomération,Hors intersection,Normale,Autre collision,,,,,,,,,,,1,2,1,1.0,6.0
201800005496,0018-11-30 13:47:00,18,11,30,13,47,60,69,ALOUETTES (CHEMIN DES),43.6993,6.9342,Plein jour,En agglomération,Hors intersection,Pluie légère,Deux véhicules - côté,,,,,,,,,,,1,2,1,2.0,3.0
201800005497,0018-12-01 09:54:00,18,12,1,9,54,60,69,PASTEUR (BOULEVARD),43.663,6.904,Plein jour,Hors agglomération,Hors intersection,Normale,Sans collision,,,,,,,,,,,1,1,1,1.0,7.0
201800005498,0018-12-01 21:20:00,18,12,1,21,20,60,69,Pntrante,46.62796,6.94795,Nuit sans éclairage public,Hors agglomération,Hors intersection,Brouillard / fumée,Autre collision,,,,,,,,,,,3,1,1,5.0,6.0
201800005499,0018-12-07 19:05:00,18,12,7,19,5,60,69,CAPUCINS (CHEMIN ET IMPA,43.651,6.93,Nuit avec éclairage allumé,En agglomération,Hors intersection,Normale,Autre collision,,,,,,,,,,,5,2,1,1.0,6.0
201800005500,0018-12-10 07:30:00,18,12,10,7,30,60,69,DE LATTRE DE TASSIGNY (A,43.64857,6.92559,Crépuscule ou aube,En agglomération,Hors intersection,Normale,Deux véhicules - arrière,,,,,,,,,,,2,2,1,1.0,2.0
201800005501,0018-12-12 10:59:00,18,12,12,10,59,60,69,SEMARD (AVENUE PIERRE),43.6569,6.9304,Plein jour,En agglomération,Hors intersection,Normale,Sans collision,,,,,,,,,,,1,2,1,1.0,7.0
201800005502,0018-12-13 17:40:00,18,12,13,17,40,60,69,CANNES (ROUTE DE),43.62502,6.96434,Nuit avec éclairage allumé,En agglomération,Hors intersection,Pluie légère,Deux véhicules - côté,,,,,,,,,,,5,2,1,2.0,3.0
201800005503,0018-12-14 11:30:00,18,12,14,11,30,60,69,LIBERATION (AVENUE DE LA,43.64,6.91,Plein jour,En agglomération,Intersection en T,Normale,Deux véhicules - côté,,,,,,,,,,,1,2,3,1.0,3.0
201800005504,0018-12-14 17:50:00,18,12,14,17,50,60,69,CROUET (BOULEVARD JACQUE,43.65711,6.92687,Nuit avec éclairage allumé,En agglomération,Hors intersection,Normale,Deux véhicules - côté,,,,,,,,,,,5,2,1,1.0,3.0
201800005505,0018-12-15 06:50:00,18,12,15,6,50,60,69,POMPIDOU (AVENUE GEORGES,43.64868,6.93456,Crépuscule ou aube,En agglomération,Hors intersection,Normale,Autre collision,,,,,,,,,,,2,2,1,1.0,6.0
201800005506,0018-12-15 12:40:00,18,12,15,12,40,60,69,CANNES (ROUTE DE)  -RD 6,43.64355,6.94667,Plein jour,En agglomération,Hors intersection,Normale,Autre collision,,,,,,,,,,,1,2,1,1.0,6.0
201800005507,0018-12-21 08:00:00,18,12,21,8,0,60,69,ROUQUIER (BOULEVARD EMMA,43.6438,6.94191,Plein jour,En agglomération,Hors intersection,Normale,Deux véhicules - côté,,,,,,,,,,,1,2,1,1.0,3.0
201800005508,0018-12-21 17:00:00,18,12,21,17,0,60,69,PAOUTE (ROUTE ET TRAVERS,43.63771,6.95669,Crépuscule ou aube,En agglomération,Hors intersection,Normale,Trois véhicules et plus - en chaîne,,,,,,,,,,,2,2,1,1.0,4.0
201800005509,0018-12-22 19:30:00,18,12,22,19,30,60,69,PLASCASSIER (route de),43.6519,6.9584,Nuit sans éclairage public,Hors agglomération,Hors intersection,Normale,Autre collision,,,,,,,,,,,3,1,1,1.0,6.0
201800005510,0018-12-24 11:00:00,18,12,24,11,0,60,69,ZILLER (AVENUE PIERRE),43.6795,6.94783,Plein jour,En agglomération,Hors intersection,Normale,Deux véhicules - côté,,,,,,,,,,,1,2,1,1.0,3.0
201800005511,0018-12-24 17:20:00,18,12,24,17,20,60,69,AURIBEAU (ROUTE D') -D60,43.62901,6.91322,Nuit sans éclairage public,En agglomération,Hors intersection,Normale,Deux véhicules - côté,,,,,,,,,,,3,2,1,1.0,3.0
201800005512,0018-01-24 14:40:00,18,1,24,14,40,60,83,"4, GREVILLE (RUE HENRI)",43.77585,7.49554,Plein jour,En agglomération,Intersection en X,Normale,Sans collision,,,,,,,,,,,1,2,2,1.0,7.0
201800005513,0018-03-12 11:50:00,18,3,12,11,50,60,104,HUGO (RUE VICTOR),43.76543,7.48258,Plein jour,En agglomération,Hors intersection,Normale,Autre collision,,,,,,,,,,,1,2,1,1.0,6.0
201800005514,0018-04-23 09:15:00,18,4,23,9,15,60,104,"VERDUN (AVENUE DE, Nø 13",43.76245,7.4708,Plein jour,En agglomération,Hors intersection,Normale,Sans collision,,,,,,,,,,,1,2,1,1.0,7.0
201800005515,0018-05-02 11:42:00,18,5,2,11,42,60,83,"COTY (COURS RENE, SENS M",43.77,7.48,Plein jour,En agglomération,Hors intersection,Temps couvert,Autre collision,,,,,,,,,,,1,2,1,8.0,6.0
201800005516,0018-05-04 16:15:00,18,5,4,16,15,60,83,MONLEON (QUAI),43.77669,7.50815,Plein jour,En agglomération,Hors intersection,Normale,Autre collision,,,,,,,,,,,1,2,1,1.0,6.0
201800005517,0018-05-07 14:10:00,18,5,7,14,10,60,104,GRACE (AVENUE PRINCESSE),43.75129,7.44016,Plein jour,En agglomération,Hors intersection,Normale,Deux véhicules - frontale,,,,,,,,,,,1,2,1,1.0,1.0
201800005518,0018-06-10 04:30:00,18,6,10,4,30,60,104,DOUMER (AVENUE PAUL),43.76022,7.46492,Nuit avec éclairage allumé,En agglomération,Hors intersection,Normale,Deux véhicules - côté,,,,,,,,,,,5,2,1,1.0,3.0
201800005519,0018-06-20 23:00:00,18,6,20,23,0,60,83,VERDUN (AVENUE DE),43.77518,7.49562,Nuit avec éclairage allumé,En agglomération,Intersection en T,Normale,Deux véhicules - côté,,,,,,,,,,,5,2,3,1.0,3.0
201800005520,0018-06-21 17:00:00,18,6,21,17,0,60,104,"VERDUN (AVENUE DE, Nø 13",43.76145,7.47092,Plein jour,En agglomération,Hors intersection,Temps éblouissant,Deux véhicules - côté,,,,,,,,,,,1,2,1,7.0,3.0
201800005521,0018-06-25 20:15:00,18,6,25,20,15,60,83,FAURE (AVENUE FELIX),43.77472,7.50238,Crépuscule ou aube,En agglomération,Hors intersection,Normale,Autre collision,,,,,,,,,,,2,2,1,1.0,6.0
201800005522,0018-06-29 15:05:00,18,6,29,15,5,60,12,"CORNICHE (MOYENNE, Nø 20",43.74561,7.4254,Plein jour,En agglomération,Intersection en T,Normale,Trois véhicules et plus - collisions multiples,,,,,,,,,,,1,2,3,1.0,5.0
201800005523,0018-07-02 12:30:00,18,7,2,12,30,60,83,CASTAGNINS (ROUTE DES),43.7802,7.4816,Plein jour,En agglomération,Hors intersection,Temps éblouissant,Deux véhicules - côté,,,,,,,,,,,1,2,1,7.0,3.0
201800005524,0018-07-02 11:13:00,18,7,2,11,13,60,83,PARTOUNEAUX (RUE),43.77487,7.50002,Plein jour,En agglomération,Intersection en Y,Normale,Deux véhicules - côté,,,,,,,,,,,1,2,4,1.0,3.0
201800005525,0018-07-09 15:30:00,18,7,9,15,30,60,104,DOUMER (AVENUE PAUL),43.75825,7.47319,Plein jour,En agglomération,Intersection en T,Normale,Deux véhicules - frontale,,,,,,,,,,,1,2,3,1.0,1.0
201800005526,0018-07-11 21:40:00,18,7,11,21,40,60,104,JAURES (AVENUE JEAN),43.75445,7.44713,Nuit avec éclairage allumé,En agglomération,Intersection en T,Normale,Deux véhicules - côté,,,,,,,,,,,5,2,3,1.0,3.0
201800005527,0018-07-27 16:23:00,18,7,27,16,23,60,104,MONLEON (AVENUE SYLVIO D,43.75316,7.48454,Plein jour,Hors agglomération,Hors intersection,Normale,Trois véhicules et plus - en chaîne,,,,,,,,,,,1,1,1,1.0,4.0
201800005528,0018-07-30 15:50:00,18,7,30,15,50,60,104,HANOTEAUX (AVENUE GABRIE,43.76108,7.46574,Plein jour,En agglomération,Hors intersection,Temps couvert,Autre collision,,,,,,,,,,,1,2,1,8.0,6.0
201800005529,0018-08-04 23:45:00,18,8,4,23,45,60,83,MADONE (AVENUE DE LA),43.76909,7.49154,Nuit avec éclairage allumé,En agglomération,Hors intersection,Normale,Autre collision,,,,,,,,,,,5,2,1,1.0,6.0
201800005530,0018-08-14 11:45:00,18,8,14,11,45,60,83,ASTRID (PROMENADE REINE),43.78487,7.52252,Plein jour,En agglomération,Hors intersection,Normale,Autre collision,,,,,,,,,,,1,2,1,1.0,6.0
201800005531,0018-08-15 14:18:00,18,8,15,14,18,60,83,PARTOUNEAUX (RUE),43.77482,7.49865,Plein jour,En agglomération,Hors intersection,Normale,Deux véhicules - côté,,,,,,,,,,,1,2,1,1.0,3.0
201800005532,0018-08-13 16:20:00,18,8,13,16,20,60,104,CAP MARTIN (PROMENADE DU,43.75918,7.4827,Plein jour,En agglomération,Intersection en T,Normale,Deux véhicules - côté,,,,,,,,,,,1,2,3,1.0,3.0
201800005533,0018-10-03 21:00:00,18,10,3,21,0,60,104,"VERDUN (AVENUE DE, Nø 13",43.76249,7.47206,Nuit avec éclairage allumé,En agglomération,Intersection en Y,Normale,Autre collision,,,,,,,,,,,5,2,4,1.0,6.0
201800005534,0018-10-05 23:30:00,18,10,5,23,30,60,83,CASTELLAR (ROUTE DE),43.79,7.50541,Nuit avec éclairage allumé,En agglomération,Hors intersection,Normale,Deux véhicules - côté,,,,,,,,,,,5,2,1,1.0,3.0
201800005535,0018-10-12 16:00:00,18,10,12,16,0,60,104,VOYAGE (AVENUE NOTRE DAM,43.75933,7.45095,Plein jour,En agglomération,Hors intersection,Normale,Deux véhicules - côté,,,,,,,,,,,1,2,1,1.0,3.0
201800005536,0018-10-18 18:25:00,18,10,18,18,25,60,83,DELATTRE DE TASSIGNY (AL,43.78722,7.49363,Crépuscule ou aube,En agglomération,Hors intersection,Normale,Autre collision,,,,,,,,,,,2,2,1,1.0,6.0
201800005537,0018-10-30 23:00:00,18,10,30,23,0,60,83,DE GAULLE (AVENUE GENERA,43.76762,7.48965,Nuit avec éclairage allumé,En agglomération,Hors intersection,Pluie légère,Autre collision,,,,,,,,,,,5,2,1,2.0,6.0
201800005538,0018-11-07 00:35:00,18,11,7,0,35,60,104,JAURES (AVENUE JEAN),43.75515,7.44781,Nuit avec éclairage non allumé,Hors agglomération,Hors intersection,Pluie légère,Autre collision,,,,,,,,,,,4,1,1,2.0,6.0
201800005539,0018-11-10 16:55:00,18,11,10,16,55,60,83,"SOLEIL (PROMENADE DU, Nø",43.76946,7.49281,Nuit avec éclairage allumé,En agglomération,Hors intersection,Pluie forte,Autre collision,,,,,,,,,,,5,2,1,3.0,6.0
201800005540,0018-11-22 00:02:00,18,11,22,0,2,60,83,DE GAULLE (AVENUE GENERA,43.76686,7.48894,Nuit avec éclairage allumé,En agglomération,Hors intersection,Temps couvert,Deux véhicules - côté,,,,,,,,,,,5,2,1,8.0,3.0
201800005541,0018-07-19 16:20:00,18,7,19,16,20,60,104,CAP MARTIN (PROMENADE DU,43.75709,7.48152,Plein jour,En agglomération,Giratoire,Normale,Deux véhicules - côté,,,,,,,,,,,1,2,6,1.0,3.0
201800005542,0018-12-01 13:40:00,18,12,1,13,40,60,83,INTERMARCHE CAREI,43.80053,7.48797,Plein jour,En agglomération,Autre intersection,Normale,Autre collision,,,,,,,,,,,1,2,9,1.0,6.0
201800005543,0018-12-21 07:09:00,18,12,21,7,9,60,83,CERNUSCHI (AVENUE),43.77419,7.48961,Crépuscule ou aube,En agglomération,Intersection en T,Normale,Deux véhicules - côté,,,,,,,,,,,2,2,3,1.0,3.0
201800005544,0018-01-01 02:10:00,18,1,1,2,10,60,88,ANGLAIS (DU Nø 1 AU Nø 4,43.69527,7.26315,Nuit avec éclairage allumé,En agglomération,Hors intersection,Normale,Autre collision,,,,,,,,,,,5,2,1,1.0,6.0
201800005545,0018-01-02 19:38:00,18,1,2,19,38,60,88,"62, GAMBETTA (JUSQU'AU N",43.70165,7.25621,Nuit avec éclairage allumé,En agglomération,Intersection en X,Normale,Deux véhicules - côté,,,,,,,,,,,5,2,2,1.0,3.0
201800005546,0018-01-03 10:00:00,18,1,3,10,0,60,88,"127, VEIL (AV. SIMONE)",43.68458,7.20264,Plein jour,En agglomération,Hors intersection,Temps couvert,Autre collision,,,,,,,,,,,1,2,1,8.0,6.0
201800005547,0018-01-06 14:51:00,18,1,6,14,51,60,88,SAPPIA (AV. HENRI),43.73439,7.25063,Plein jour,En agglomération,Hors intersection,Normale,Deux véhicules - côté,,,,,,,,,,,1,2,1,1.0,3.0
201800005548,0018-01-07 02:05:00,18,1,7,2,5,60,88,ETATS UNIS (QUAI DES),43.6976,7.27864,Nuit avec éclairage allumé,En agglomération,Hors intersection,Vent fort / tempête,Autre collision,,,,,,,,,,,5,2,1,6.0,6.0
201800005549,0018-01-07 17:20:00,18,1,7,17,20,60,88,NAPOLEON III (PONT),43.66387,7.19854,Crépuscule ou aube,En agglomération,Hors intersection,Normale,Deux véhicules - frontale,,,,,,,,,,,2,2,1,1.0,1.0
201800005550,0018-01-08 16:20:00,18,1,8,16,20,60,159,"64, GEORGES CLEMENCEAU (",43.70719,7.31301,Plein jour,En agglomération,Hors intersection,Vent fort / tempête,Autre collision,,,,,,,,,,,1,2,1,6.0,6.0
201800005551,0018-01-10 18:38:00,18,1,10,18,38,60,88,"140, TURIN (RTE DE)",43.72024,7.28732,Nuit avec éclairage allumé,En agglomération,Hors intersection,Normale,Deux véhicules - arrière,,,,,,,,,,,5,2,1,1.0,2.0
201800005552,0018-01-10 19:50:00,18,1,10,19,50,60,88,"23, RAYBAUD JOSEPH",43.72412,7.28691,Nuit avec éclairage allumé,En agglomération,Hors intersection,Normale,Deux véhicules - côté,,,,,,,,,,,5,2,1,1.0,3.0
201800005553,0018-01-11 20:08:00,18,1,11,20,8,60,88,"317, CREMAT (CH. DE)",43.7204,7.20793,Nuit avec éclairage allumé,Hors agglomération,Hors intersection,Normale,Sans collision,,,,,,,,,,,5,1,1,1.0,7.0
201800005554,0018-01-13 11:20:00,18,1,13,11,20,60,88,"0, CIMIEZ (BD) JUSQU'AU",43.71342,7.27168,Plein jour,En agglomération,Intersection en X,Normale,Deux véhicules - côté,,,,,,,,,,,1,2,2,1.0,3.0
201800005555,0018-01-15 18:15:00,18,1,15,18,15,60,88,"11, PHILIBERT (R. EMMANU",43.69944,7.28316,Nuit avec éclairage allumé,En agglomération,Hors intersection,Normale,Autre collision,,,,,,,,,,,5,2,1,1.0,6.0
201800005556,0018-01-16 13:00:00,18,1,16,13,0,60,88,"57, MATISSE (AV. HENRI)",43.67491,7.21039,Plein jour,En agglomération,Hors intersection,Normale,Deux véhicules - côté,,,,,,,,,,,1,2,1,1.0,3.0
201800005557,0018-01-16 14:30:00,18,1,16,14,30,60,88,"64, RISSO (BD)",43.70131,7.27956,Plein jour,En agglomération,Hors intersection,Normale,Deux véhicules - arrière,,,,,,,,,,,1,2,1,1.0,2.0
201800005558,0018-01-18 20:15:00,18,1,18,20,15,60,88,"46, TRACHEL (RUE)",43.70587,7.25802,Nuit avec éclairage allumé,En agglomération,Hors intersection,Normale,Autre collision,,,,,,,,,,,5,2,1,1.0,6.0
201800005559,0018-01-19 15:05:00,18,1,19,15,5,60,159,"25, BELLAVISTA (AVENUE)",43.70991,7.31856,Plein jour,Hors agglomération,Hors intersection,Normale,Deux véhicules - arrière,,,,,,,,,,,1,1,1,1.0,2.0
201800005560,0018-01-19 14:40:00,18,1,19,14,40,60,159,"0, BELLAVISTA (AVENUE)",43.70991,7.31818,Plein jour,Hors agglomération,Intersection en T,Normale,Deux véhicules - côté,,,,,,,,,,,1,1,3,1.0,3.0
201800005561,0018-01-20 10:00:00,18,1,20,10,0,60,88,VEIL (AV. SIMONE),43.6,7.2,Plein jour,En agglomération,Hors intersection,Normale,Trois véhicules et plus - en chaîne,,,,,,,,,,,1,2,1,1.0,4.0
201800005562,0018-01-21 09:00:00,18,1,21,9,0,60,88,CARAVADOSSI (AV.),43.71222,7.26637,Plein jour,En agglomération,Hors intersection,Normale,Deux véhicules - frontale,,,,,,,,,,,1,2,1,1.0,1.0
201800005563,0018-01-21 15:00:00,18,1,21,15,0,60,88,"68, BORNALA (AV. DE LA)",43.69596,7.23474,Plein jour,En agglomération,Hors intersection,Normale,Deux véhicules - frontale,,,,,,,,,,,1,2,1,1.0,1.0
201800005564,0018-01-21 17:25:00,18,1,21,17,25,60,159,BELLAVISTA (AVENUE),43.71691,7.33319,Plein jour,Hors agglomération,Intersection en T,Normale,Deux véhicules - côté,,,,,,,,,,,1,1,3,1.0,3.0
201800005565,0018-01-23 11:20:00,18,1,23,11,20,60,88,"04, BELLET (AV. DE)",43.69142,7.24473,Plein jour,En agglomération,Hors intersection,Normale,Autre collision,,,,,,,,,,,1,2,1,1.0,6.0
201800005566,0018-01-23 13:40:00,18,1,23,13,40,60,88,VALLON-DE-BARLA (AV.),43.68268,7.2317,Plein jour,En agglomération,Hors intersection,Normale,Deux véhicules - arrière,,,,,,,,,,,1,2,1,1.0,2.0
201800005567,0018-01-23 17:40:00,18,1,23,17,40,60,88,"11, DESAMBROIS (AV.)",43.70567,7.27361,Crépuscule ou aube,En agglomération,Hors intersection,Normale,Trois véhicules et plus - collisions multiples,,,,,,,,,,,2,2,1,1.0,5.0
201800005568,0018-01-23 01:05:00,18,1,23,1,5,60,88,"28, SAINT-JEAN BAPTISTE",43.70047,7.27728,Nuit avec éclairage allumé,En agglomération,Intersection en T,Normale,Deux véhicules - côté,,,,,,,,,,,5,2,3,1.0,3.0
201800005569,0018-01-22 20:30:00,18,1,22,20,30,60,88,"154, GAIRAUT (VIEUX CH.)",43.741,7.263,Nuit avec éclairage allumé,Hors agglomération,Hors intersection,Normale,Trois véhicules et plus - collisions multiples,,,,,,,,,,,5,1,1,1.0,5.0
201800005570,0018-01-24 10:30:00,18,1,24,10,30,60,88,CARNOT (BD),43.69669,7.29026,Plein jour,En agglomération,Hors intersection,Temps éblouissant,Deux véhicules - arrière,,,,,,,,,,,1,2,1,7.0,2.0
201800005571,0018-01-24 11:00:00,18,1,24,11,0,60,88,"107, CANTA GALET (RTE DE",43.69785,7.22919,Plein jour,En agglomération,Hors intersection,Normale,Deux véhicules - côté,,,,,,,,,,,1,2,1,1.0,3.0
201800005572,0018-01-26 14:00:00,18,1,26,14,0,60,88,"87, GROSSO (A PARTIR DU",43.70009,7.25102,Plein jour,En agglomération,Hors intersection,Pluie légère,Deux véhicules - côté,,,,,,,,,,,1,2,1,2.0,3.0
201800005573,0018-01-27 12:00:00,18,1,27,12,0,60,88,VOIE RAPIDE,43.70814,7.27036,Plein jour,En agglomération,Hors intersection,Normale,Autre collision,,,,,,,,,,,1,2,1,1.0,6.0
201800005574,0018-01-29 07:45:00,18,1,29,7,45,60,88,ANGLAIS (DU Nø 114 AU Nø,43.68622,7.23834,Plein jour,En agglomération,Hors intersection,Normale,Deux véhicules - côté,,,,,,,,,,,1,2,1,1.0,3.0