accident_id,datetime,annee,mois,jour,heure,minute,departement,commune_insee,adresse,latitude,longitude,luminosite,agglomeration,intersection,meteo,collision,nb_vehicules,nb_usagers,nb_indemnes,nb_tues,nb_blesses_hosp,nb_blesses_legers,age_cond_1,age_cond_2,veh_type_cond_1,veh_type_cond_2,lum_code,agg_code,int_code,atm_code,col_code
201800005575,0018-01-29 08:30:00,18,1,29,8,30,60,88,"107, ARENES DE CIMIEZ (A",43.71754,7.27502,Plein jour,En agglomération,Hors intersection,Normale,Deux véhicules - côté,,,,,,,,,,,1,2,1,1.0,3.0
201800005576,0018-01-30 15:50:00,18,1,30,15,50,60,88,COSTE BELLONTE (RUE),43.66659,7.21009,Plein jour,En agglomération,Hors intersection,Normale,Autre collision,,,,,,,,,,,1,2,1,1.0,6.0
201800005577,0018-01-30 16:30:00,18,1,30,16,30,60,88,"0, VOIE RAPIDE",43.70775,7.26834,Plein jour,Hors agglomération,Hors intersection,Temps couvert,Deux véhicules - côté,,,,,,,,,,,1,1,1,8.0,3.0
201800005578,0018-01-31 18:00:00,18,1,31,18,0,60,159,"0, CHARLES II D ANJOU (P",43.70431,7.31026,Crépuscule ou aube,En agglomération,Place,Normale,Autre collision,,,,,,,,,,,2,2,7,1.0,6.0
201800005579,0018-02-01 02:05:00,18,2,1,2,5,60,88,"31, CARABACEL (BD)",43.70366,7.27563,Nuit avec éclairage allumé,En agglomération,Hors intersection,Normale,Autre collision,,,,,,,,,,,5,2,1,1.0,6.0
201800005580,0018-02-01 16:15:00,18,2,1,16,15,60,88,ROQUEBILLIERE (R. DE),43.70987,7.28784,Plein jour,En agglomération,Intersection en X,Normale,Deux véhicules - côté,,,,,,,,,,,1,2,2,1.0,3.0
201800005581,0018-02-02 08:45:00,18,2,2,8,45,60,88,JOLY (CORNICHE ANDRE DE),43.69944,7.29377,Plein jour,En agglomération,Hors intersection,Normale,Deux véhicules - côté,,,,,,,,,,,1,2,1,1.0,3.0
201800005582,0018-02-02 13:20:00,18,2,2,13,20,60,88,"55, ARIANE (BD DE L')",43.73439,7.29574,Plein jour,En agglomération,Hors intersection,Normale,Autre collision,,,,,,,,,,,1,2,1,1.0,6.0
201800005583,0018-02-04 11:30:00,18,2,4,11,30,60,88,"11, ILE-DE-BEAUTE (PL. D",43.69878,7.28418,Plein jour,En agglomération,Hors intersection,Normale,Autre collision,,,,,,,,,,,1,2,1,1.0,6.0
201800005584,0018-02-07 10:15:00,18,2,7,10,15,60,88,"6, QUAI PAPACINO",43.69771,7.28364,Plein jour,En agglomération,Hors intersection,Normale,Deux véhicules - arrière,,,,,,,,,,,1,2,1,1.0,2.0
201800005585,0018-02-07 20:30:00,18,2,7,20,30,60,88,"30, COMBOUL (AV. RAYMOND",43.70932,7.26672,Nuit avec éclairage allumé,En agglomération,Hors intersection,Normale,Deux véhicules - arrière,,,,,,,,,,,5,2,1,1.0,2.0
201800005586,0018-02-10 17:00:00,18,2,10,17,0,60,88,GARIBALDI (PL.),43.70079,7.28061,Plein jour,En agglomération,Place,Normale,Autre collision,,,,,,,,,,,1,2,7,1.0,6.0
201800005587,0018-02-11 05:10:00,18,2,11,5,10,60,88,"0, MERCANTOUR (BD)",43.71019,7.18779,Nuit avec éclairage allumé,En agglomération,Autre intersection,Normale,Autre collision,,,,,,,,,,,5,2,9,1.0,6.0
201800005588,0018-02-11 14:38:00,18,2,11,14,38,60,88,"3, SAINT-FRANCOIS DE PAU",43.69574,7.273,Plein jour,En agglomération,Autre intersection,Normale,Autre collision,,,,,,,,,,,1,2,9,1.0,6.0
201800005589,0018-02-12 08:15:00,18,2,12,8,15,60,88,"74, JOLY (CORNICHE ANDRE",43.69862,7.29556,Plein jour,En agglomération,Hors intersection,Normale,Deux véhicules - côté,,,,,,,,,,,1,2,1,1.0,3.0
201800005590,0018-02-13 11:00:00,18,2,13,11,0,60,88,LEPANTE (R. DE),43.7,7.25,Plein jour,En agglomération,Hors intersection,Normale,Deux véhicules - côté,,,,,,,,,,,1,2,1,1.0,3.0
201800005591,0018-02-14 23:10:00,18,2,14,23,10,60,88,"8/10, RAIMBALDI (BD)",43.70726,7.26903,Nuit avec éclairage allumé,En agglomération,Hors intersection,Normale,Autre collision,,,,,,,,,,,5,2,1,1.0,6.0
201800005592,0018-02-17 14:05:00,18,2,17,14,5,60,88,"4, SOLA (BD PIERRE)",43.7077,7.28439,Plein jour,En agglomération,Hors intersection,Pluie légère,Deux véhicules - arrière,,,,,,,,,,,1,2,1,2.0,2.0
201800005593,0018-02-17 14:05:00,18,2,17,14,5,60,88,"38, SAPPIA (AV. HENRI)",43.732,7.25,Plein jour,En agglomération,Hors intersection,Pluie légère,Deux véhicules - côté,,,,,,,,,,,1,2,1,2.0,3.0
201800005594,0018-02-17 21:05:00,18,2,17,21,5,60,88,"114, SAINT-PIERRE DE FER",43.7106,7.24616,Nuit avec éclairage allumé,En agglomération,Hors intersection,Temps couvert,Autre collision,,,,,,,,,,,5,2,1,8.0,6.0
201800005595,0018-08-21 23:45:00,18,8,21,23,45,60,88,FAURE (AV. FELIX),43.697,7.271,Nuit avec éclairage allumé,En agglomération,Autre intersection,Normale,Autre collision,,,,,,,,,,,5,2,9,1.0,6.0
201800005596,0018-02-19 08:50:00,18,2,19,8,50,60,88,"0, POMPIDOU (BD GEORGES)",43.67058,7.20274,Plein jour,En agglomération,Hors intersection,Normale,Trois véhicules et plus - collisions multiples,,,,,,,,,,,1,2,1,1.0,5.0
201800005597,0018-04-01 23:15:00,18,4,1,23,15,60,88,CESSOLE (BD DE) (JUSQU'A,43.712,7.255,Nuit avec éclairage allumé,En agglomération,Hors intersection,Normale,Deux véhicules - frontale,,,,,,,,,,,5,2,1,1.0,1.0
201800005598,0018-02-19 12:00:00,18,2,19,12,0,60,88,"96, CANTA GALET (RTE DE)",43.69817,7.22929,Plein jour,En agglomération,Hors intersection,Normale,Deux véhicules - arrière,,,,,,,,,,,1,2,1,1.0,2.0
201800005599,0018-02-19 16:30:00,18,2,19,16,30,60,88,RISSO (BD),43.70266,7.28007,Plein jour,En agglomération,Intersection en X,Normale,Trois véhicules et plus - collisions multiples,,,,,,,,,,,1,2,2,1.0,5.0
201800005600,0018-02-20 08:34:00,18,2,20,8,34,60,88,"15, RIPERT (EMILE)",43.735,7.301,Plein jour,En agglomération,Hors intersection,Normale,Autre collision,,,,,,,,,,,1,2,1,1.0,6.0
201800005601,0018-02-21 09:40:00,18,2,21,9,40,60,88,"142, ARIANE (BD DE L')",43.73649,7.30565,Plein jour,Hors agglomération,Hors intersection,Normale,Autre collision,,,,,,,,,,,1,1,1,1.0,6.0
201800005602,0018-02-21 13:35:00,18,2,21,13,35,60,159,BASSE CORNICHE,43.7048,7.29995,Plein jour,En agglomération,Intersection en T,Normale,Deux véhicules - côté,,,,,,,,,,,1,2,3,1.0,3.0
201800005603,0018-02-21 19:25:00,18,2,21,19,25,60,88,"0, GAMBETTA (A PARTIR DU",43.69739,7.25621,Nuit avec éclairage allumé,En agglomération,Intersection en X,Normale,Deux véhicules - côté,,,,,,,,,,,5,2,2,1.0,3.0
201800005604,0018-02-25 03:15:00,18,2,25,3,15,60,88,"98, VEIL (AV. SIMONE)",43.41,7.12,Nuit avec éclairage allumé,En agglomération,Hors intersection,Pluie légère,Deux véhicules - arrière,,,,,,,,,,,5,2,1,2.0,2.0
201800005605,0018-02-26 17:00:00,18,2,26,17,0,60,88,"110, GAMBETTA (A PARTIR",43.70648,7.25617,Plein jour,En agglomération,Intersection en T,Neige / grêle,Deux véhicules - côté,,,,,,,,,,,1,2,3,4.0,3.0
201800005606,0018-03-02 05:30:00,18,3,2,5,30,60,88,VOIE RAPIDE,43.67228,7.21823,Nuit avec éclairage allumé,En agglomération,Hors intersection,Pluie forte,Sans collision,,,,,,,,,,,5,2,1,3.0,7.0
201800005607,0018-03-02 11:45:00,18,3,2,11,45,60,88,BARLA (RUE),43.70144,7.28399,Plein jour,En agglomération,Hors intersection,Pluie légère,Autre collision,,,,,,,,,,,1,2,1,2.0,6.0
201800005608,0018-03-03 09:40:00,18,3,3,9,40,60,88,"53, BORRIGLIONE (A PARTI",43.71486,7.26149,Plein jour,En agglomération,Hors intersection,Pluie légère,Autre collision,,,,,,,,,,,1,2,1,2.0,6.0
201800005609,0018-03-08 08:52:00,18,3,8,8,52,60,88,VEROLA (AV. AUGUSTE),43.71,7.19,Plein jour,En agglomération,Hors intersection,Normale,Autre collision,,,,,,,,,,,1,2,1,1.0,6.0
201800005610,0018-03-08 15:45:00,18,3,8,15,45,60,88,"32, BORRIGLIONE (JUSQU'A",43.713,7.261,Plein jour,En agglomération,Intersection en X,Normale,Deux véhicules - côté,,,,,,,,,,,1,2,2,1.0,3.0
201800005611,0018-03-12 07:10:00,18,3,12,7,10,60,88,"0, PENETRANTE DU PAILLON",43.73204,7.28809,Plein jour,En agglomération,Hors intersection,Normale,Deux véhicules - arrière,,,,,,,,,,,1,2,1,1.0,2.0
201800005612,0018-03-13 06:10:00,18,3,13,6,10,60,88,"31, CANTA GALET (RTE DE)",43.69827,7.22899,Nuit avec éclairage allumé,En agglomération,Hors intersection,Normale,Deux véhicules - côté,,,,,,,,,,,5,2,1,1.0,3.0
201800005613,0018-03-14 07:00:00,18,3,14,7,0,60,88,"4, SAINT-SYLVESTRE (AV.",43.72531,7.25147,Plein jour,En agglomération,Hors intersection,Normale,Trois véhicules et plus - en chaîne,,,,,,,,,,,1,2,1,1.0,4.0
201800005614,0018-03-15 14:55:00,18,3,15,14,55,60,88,GORBELLA (BD DE),43.7198,7.2565,Plein jour,Hors agglomération,Intersection en T,Pluie forte,Deux véhicules - côté,,,,,,,,,,,1,1,3,3.0,3.0
201800005615,0018-03-15 17:40:00,18,3,15,17,40,60,88,ARMEE DES ALPES (BD DE L,43.70817,7.29274,Plein jour,Hors agglomération,Intersection en X,Pluie légère,Autre collision,,,,,,,,,,,1,1,2,2.0,6.0
201800005616,0018-03-16 15:00:00,18,3,16,15,0,60,88,"0, BALESTRE (RUE DOCTEUR",43.70254,7.26956,Plein jour,En agglomération,Intersection en X,Normale,Deux véhicules - côté,,,,,,,,,,,1,2,2,1.0,3.0
201800005617,0018-03-16 20:15:00,18,3,16,20,15,60,88,BESSET (AV.) (A PARTIR D,43.71977,7.25166,Nuit avec éclairage allumé,En agglomération,Autre intersection,Normale,Deux véhicules - côté,,,,,,,,,,,5,2,9,1.0,3.0
201800005618,0018-03-17 16:00:00,18,3,17,16,0,60,88,MERCANTOUR (BD),43.72191,7.18624,Plein jour,Hors agglomération,Hors intersection,Normale,Trois véhicules et plus - en chaîne,,,,,,,,,,,1,1,1,1.0,4.0
201800005619,0018-03-19 09:10:00,18,3,19,9,10,60,88,"291, MERCANTOUR (BD)",43.69581,7.19178,Plein jour,Hors agglomération,Giratoire,Normale,Deux véhicules - côté,,,,,,,,,,,1,1,6,1.0,3.0
201800005620,0018-03-13 03:00:00,18,3,13,3,0,60,88,SORGENTINO (R.),43.711,7.2917,Nuit avec éclairage allumé,En agglomération,Intersection en X,Normale,Deux véhicules - côté,,,,,,,,,,,5,2,2,1.0,3.0
201800005621,0018-03-22 09:40:00,18,3,22,9,40,60,88,PENETRANTE DU PAILLON,43.72174,7.28818,Plein jour,En agglomération,Hors intersection,Normale,Autre collision,,,,,,,,,,,1,2,1,1.0,6.0
201800005622,0018-03-21 12:35:00,18,3,21,12,35,60,88,FALICON (BD COMTE DE),43.72594,7.25573,Plein jour,En agglomération,Hors intersection,Normale,Autre collision,,,,,,,,,,,1,2,1,1.0,6.0
201800005623,0018-03-23 07:50:00,18,3,23,7,50,60,88,"23, JOLY (CORNICHE ANDRE",43.70035,7.2941,Plein jour,En agglomération,Hors intersection,Normale,Deux véhicules - frontale,,,,,,,,,,,1,2,1,1.0,1.0
201800005624,0018-03-23 08:00:00,18,3,23,8,0,60,88,"263, ANGLAIS (DU Nø 114",43.68235,7.23178,Plein jour,En agglomération,Hors intersection,Normale,Autre collision,,,,,,,,,,,1,2,1,1.0,6.0
201800005625,0018-03-23 17:30:00,18,3,23,17,30,60,88,"000000, VOIE RAPIDE",,,Plein jour,En agglomération,Hors intersection,Normale,Deux véhicules - arrière,,,,,,,,,,,1,2,1,1.0,2.0
201800005626,0018-03-24 15:55:00,18,3,24,15,55,60,88,TUNNEL ET VOIE MALRAUX,43.7,7.26,Plein jour,Hors agglomération,Hors intersection,Normale,Deux véhicules - arrière,,,,,,,,,,,1,1,1,1.0,2.0
201800005627,0018-03-30 05:30:00,18,3,30,5,30,60,88,"164, CESSOLE (BD DE) (A",43.72423,7.24976,Nuit avec éclairage allumé,En agglomération,Intersection en X,Normale,Autre collision,,,,,,,,,,,5,2,2,1.0,6.0
201800005628,0018-04-02 16:50:00,18,4,2,16,50,60,88,GRAVIER (AV.),43.72,7.26,Plein jour,En agglomération,Hors intersection,Normale,Autre collision,,,,,,,,,,,1,2,1,1.0,6.0
201800005629,0018-04-02 20:00:00,18,4,2,20,0,60,88,TURIN (RTE DE),47.72605,7.28707,Nuit avec éclairage non allumé,Hors agglomération,Intersection en T,Normale,Deux véhicules - côté,,,,,,,,,,,4,1,3,1.0,3.0
201800005630,0018-04-03 16:18:00,18,4,3,16,18,60,88,PHOCEENS (AV. DES),43.69515,7.26909,Plein jour,En agglomération,Intersection en X,Temps couvert,Deux véhicules - côté,,,,,,,,,,,1,2,2,8.0,3.0
201800005631,0018-04-03 16:30:00,18,4,3,16,30,60,88,CARNOT (BD),43.69166,7.2947,Plein jour,En agglomération,Hors intersection,Vent fort / tempête,Deux véhicules - côté,,,,,,,,,,,1,2,1,6.0,3.0
201800005632,0018-04-04 16:10:00,18,4,4,16,10,60,88,CORNIGLION MOLINIER (BD),43.66,7.22,Plein jour,En agglomération,Hors intersection,Temps couvert,Trois véhicules et plus - en chaîne,,,,,,,,,,,1,2,1,8.0,4.0
201800005633,0018-04-06 00:15:00,18,4,6,0,15,60,88,QUINZIEME CORPS (AV. DU),48.86,2.28,Nuit avec éclairage allumé,En agglomération,Hors intersection,Normale,Trois véhicules et plus - collisions multiples,,,,,,,,,,,5,2,1,1.0,5.0
201800005634,0018-04-07 15:30:00,18,4,7,15,30,60,88,GENIE (CH. DU),43.74104,7.221,Plein jour,Hors agglomération,Hors intersection,Normale,Deux véhicules - frontale,,,,,,,,,,,1,1,1,1.0,1.0
201800005635,0018-04-09 11:35:00,18,4,9,11,35,60,88,BARLA (RUE),43.70082,7.28655,Plein jour,En agglomération,Hors intersection,Pluie légère,Autre collision,,,,,,,,,,,1,2,1,2.0,6.0
201800005636,0018-04-09 18:15:00,18,4,9,18,15,60,159,BELLAVISTA (AVENUE),43.71454,7.33145,Crépuscule ou aube,Hors agglomération,Hors intersection,Pluie légère,Deux véhicules - frontale,,,,,,,,,,,2,1,1,2.0,1.0
201800005637,0018-04-10 15:00:00,18,4,10,15,0,60,88,BAREL (BD VIRGILE),43.71723,7.29991,Plein jour,En agglomération,Hors intersection,Pluie légère,Autre collision,,,,,,,,,,,1,2,1,2.0,6.0
201800005638,0018-04-12 08:45:00,18,4,12,8,45,60,88,VOIE RAPIDE,43.67075,7.21609,Plein jour,En agglomération,Hors intersection,Pluie légère,Deux véhicules - arrière,,,,,,,,,,,1,2,1,2.0,2.0
201800005639,0018-04-13 16:20:00,18,4,13,16,20,60,88,CIMIEZ (BD) A PARTIR DU,43.71713,7.27221,Plein jour,En agglomération,Intersection en T,Normale,Autre collision,,,,,,,,,,,1,2,3,1.0,6.0
201800005640,0018-04-13 17:25:00,18,4,13,17,25,60,88,CAFFARELLI (RUE),43.69867,7.25537,Plein jour,En agglomération,Intersection en X,Normale,Autre collision,,,,,,,,,,,1,2,2,1.0,6.0
201800005641,0018-04-13 10:10:00,18,4,13,10,10,60,88,SMOLETT (R.),43.70284,7.28659,Plein jour,En agglomération,Intersection en X,Normale,Autre collision,,,,,,,,,,,1,2,2,1.0,6.0
201800005642,0018-04-15 00:40:00,18,4,15,0,40,60,88,GAMBETTA (JUSQU'AU Nø 62,43.69455,7.25623,Nuit avec éclairage allumé,En agglomération,Hors intersection,Normale,Deux véhicules - côté,,,,,,,,,,,5,2,1,1.0,3.0
201800005643,0018-04-15 20:35:00,18,4,15,20,35,60,88,ST LAMBERT (JUSQU'AU Nø,43.71768,7.26288,Nuit avec éclairage allumé,En agglomération,Intersection en T,Normale,Trois véhicules et plus - collisions multiples,,,,,,,,,,,5,2,3,1.0,5.0
201800005644,0018-04-17 18:50:00,18,4,17,18,50,60,88,DANTE (RUE),43.69589,7.25596,Plein jour,En agglomération,Intersection en X,Normale,Autre collision,,,,,,,,,,,1,2,2,1.0,6.0
201800005645,0018-04-18 19:00:00,18,4,18,19,0,60,88,VEIL (AV. SIMONE),,,Plein jour,En agglomération,Intersection en T,Normale,Deux véhicules - côté,,,,,,,,,,,1,2,3,1.0,3.0
201800005646,0018-04-19 14:00:00,18,4,19,14,0,60,88,BESSET (AV.) (A PARTIR D,43.72449,7.24748,Plein jour,En agglomération,Hors intersection,Normale,Deux véhicules - côté,,,,,,,,,,,1,2,1,1.0,3.0
201800005647,0018-04-19 22:45:00,18,4,19,22,45,60,88,VERDI (R.),43.69957,7.2597,Nuit avec éclairage allumé,En agglomération,Intersection en T,Normale,Autre collision,,,,,,,,,,,5,2,3,1.0,6.0
201800005648,0018-04-20 04:50:00,18,4,20,4,50,60,88,ARMEE DU RHIN (PLACE),43.70792,7.28423,Nuit avec éclairage allumé,En agglomération,Intersection à plus de 4 branches,Normale,Deux véhicules - côté,,,,,,,,,,,5,2,5,1.0,3.0
201800005649,0018-04-20 18:20:00,18,4,20,18,20,60,88,SAINT-AUGUSTIN (R.),43.67884,7.22804,Plein jour,En agglomération,Intersection en X,Normale,Autre collision,,,,,,,,,,,1,2,2,1.0,6.0
201800005650,0018-04-20 16:35:00,18,4,20,16,35,60,88,RIMIEZ (AV. DE),43.73556,7.27911,Plein jour,En agglomération,Hors intersection,Normale,Autre collision,,,,,,,,,,,1,2,1,1.0,6.0
201800005651,0018-04-25 08:50:00,18,4,25,8,50,60,88,ANTHEMIS (AV. DES),43.69456,7.20847,Plein jour,En agglomération,Hors intersection,Normale,Deux véhicules - frontale,,,,,,,,,,,1,2,1,1.0,1.0
201800005652,0018-04-25 08:00:00,18,4,25,8,0,60,88,BRANCOLAR (AV.) (A PARTI,43.72309,7.2708,Plein jour,En agglomération,Hors intersection,Normale,Deux véhicules - côté,,,,,,,,,,,1,2,1,1.0,3.0
201800005653,0018-04-26 13:00:00,18,4,26,13,0,60,88,CAP DE CROIX (AV. ET TUN,43.726,7.275,Plein jour,En agglomération,Hors intersection,Normale,Trois véhicules et plus - collisions multiples,,,,,,,,,,,1,2,1,1.0,5.0
201800005654,0018-04-30 14:20:00,18,4,30,14,20,60,88,ANGLAIS (DU Nø 114 AU Nø,43.69018,7.24399,Plein jour,En agglomération,Hors intersection,Normale,Trois véhicules et plus - collisions multiples,,,,,,,,,,,1,2,1,1.0,5.0
201800005655,0018-05-04 18:28:00,18,5,4,18,28,60,88,DUNANT (AV. HENRI),43.7203,7.26284,Plein jour,En agglomération,Intersection en T,Normale,Autre collision,,,,,,,,,,,1,2,3,1.0,6.0
201800005656,0018-05-06 04:50:00,18,5,6,4,50,60,88,BORRIGLIONE (A PARTIR DU,43.71798,7.26139,Crépuscule ou aube,En agglomération,Intersection en X,Normale,Deux véhicules - frontale,,,,,,,,,,,2,2,2,1.0,1.0
201800005657,0018-05-06 11:55:00,18,5,6,11,55,60,88,LEPANTE (R. DE),43.7053,7.2692,Plein jour,En agglomération,Intersection en X,Normale,Deux véhicules - côté,,,,,,,,,,,1,2,2,1.0,3.0
201800005658,0018-05-11 08:53:00,18,5,11,8,53,60,88,CLUA (AV. DE LA),43.73271,7.24067,Plein jour,En agglomération,Hors intersection,Normale,Deux véhicules - côté,,,,,,,,,,,1,2,1,1.0,3.0
201800005659,0018-05-11 12:30:00,18,5,11,12,30,60,88,AURIOL (PONT VINCENT),43.71638,7.28247,Plein jour,En agglomération,Intersection en X,Normale,Deux véhicules - côté,,,,,,,,,,,1,2,2,1.0,3.0
201800005660,0018-05-12 11:00:00,18,5,12,11,0,60,88,FIGHIERA (R. DU DOCTEUR),43.7104,7.2916,Plein jour,En agglomération,Intersection en X,Normale,Deux véhicules - côté,,,,,,,,,,,1,2,2,1.0,3.0
201800005661,0018-05-12 14:30:00,18,5,12,14,30,60,88,GROSSO (JUSQU'AU Nø 58-7,43.69935,7.25118,Plein jour,En agglomération,Hors intersection,Normale,Autre collision,,,,,,,,,,,1,2,1,1.0,6.0
201800005662,0018-05-12 18:20:00,18,5,12,18,20,60,88,CAP DE CROIX (AV. ET TUN,43.72,7.27,Plein jour,En agglomération,Hors intersection,Normale,Trois véhicules et plus - en chaîne,,,,,,,,,,,1,2,1,1.0,4.0
201800005663,0018-05-13 11:15:00,18,5,13,11,15,60,88,PESSICART (JUSQU'AU 270-,43.71195,7.24792,Plein jour,En agglomération,Hors intersection,Temps couvert,Trois véhicules et plus - en chaîne,,,,,,,,,,,1,2,1,8.0,4.0
201800005664,0018-05-14 14:30:00,18,5,14,14,30,60,88,DIGUE DES FRANCAIS (TRAV,43.67676,7.20136,Plein jour,En agglomération,Autre intersection,Normale,Deux véhicules - frontale,,,,,,,,,,,1,2,9,1.0,1.0
201800005665,0018-05-15 09:45:00,18,5,15,9,45,60,88,CORNIGLION MOLINIER (BD),43.66,7.21,Plein jour,En agglomération,Autre intersection,Normale,Autre collision,,,,,,,,,,,1,2,9,1.0,6.0
201800005666,0018-05-15 17:00:00,18,5,15,17,0,60,88,PASTEUR (BD),43.71,7.28,Plein jour,En agglomération,Hors intersection,Normale,Deux véhicules - côté,,,,,,,,,,,1,2,1,1.0,3.0
201800005667,0018-05-17 09:00:00,18,5,17,9,0,60,88,LYAUTEY (AV. DU MAL),43.71,7.28,Plein jour,En agglomération,Hors intersection,Normale,Deux véhicules - arrière,,,,,,,,,,,1,2,1,1.0,2.0
201800005668,0018-05-19 17:00:00,18,5,19,17,0,60,88,PEGUY (R. CHARLES),43.71308,7.26173,Plein jour,En agglomération,Intersection en X,Normale,Deux véhicules - côté,,,,,,,,,,,1,2,2,1.0,3.0
201800005669,0018-05-20 13:20:00,18,5,20,13,20,60,88,CASSINI (RUE),43.7,7.25,Plein jour,En agglomération,Hors intersection,Normale,Autre collision,,,,,,,,,,,1,2,1,1.0,6.0
201800005670,0018-05-20 16:20:00,18,5,20,16,20,60,88,GARIGLIANO (PONTS),48.86272,2.28759,Plein jour,En agglomération,Intersection en X,Normale,Deux véhicules - côté,,,,,,,,,,,1,2,2,1.0,3.0
201800005671,0018-05-22 08:30:00,18,5,22,8,30,60,88,HANCY (R.),43.70415,7.26846,Plein jour,En agglomération,Intersection en X,Pluie forte,Deux véhicules - côté,,,,,,,,,,,1,2,2,3.0,3.0
201800005672,0018-05-23 08:15:00,18,5,23,8,15,60,88,VERANY (BD J.B.),43.71,7.28,Plein jour,En agglomération,Hors intersection,Normale,Deux véhicules - arrière,,,,,,,,,,,1,2,1,1.0,2.0
201800005673,0018-05-23 17:35:00,18,5,23,17,35,60,88,DIGUE DES FRANCAIS (TRAV,43.67,7.2,Plein jour,En agglomération,Autre intersection,Normale,Autre collision,,,,,,,,,,,1,2,9,1.0,6.0
201800005674,0018-05-24 09:00:00,18,5,24,9,0,60,88,QUINZIEME CORPS (AV. DU),43.68701,7.28036,Plein jour,En agglomération,Autre intersection,Normale,Autre collision,,,,,,,,,,,1,2,9,1.0,6.0
201800005675,0018-04-23 08:30:00,18,4,23,8,30,60,88,FRANCE (R. DE) DU Nø 1-2,43.69567,7.25866,Plein jour,En agglomération,Autre intersection,Normale,Autre collision,,,,,,,,,,,1,2,9,1.0,6.0
201800005676,0018-05-24 20:35:00,18,5,24,20,35,60,88,BOULEVARD DE L'OBSERVATO,43.7168,7.3123,Crépuscule ou aube,En agglomération,Intersection en X,Normale,Deux véhicules - côté,,,,,,,,,,,2,2,2,1.0,3.0
201800005677,0018-05-25 13:50:00,18,5,25,13,50,60,88,EUGENIE (BD IMPERATRICE),43.69278,7.23007,Plein jour,En agglomération,Autre intersection,Normale,Deux véhicules - côté,,,,,,,,,,,1,2,9,1.0,3.0
201800005678,0018-05-25 16:45:00,18,5,25,16,45,60,88,PIE-FRANCOIS TOESCA (R.),43.717,7.29588,Plein jour,En agglomération,Hors intersection,Temps éblouissant,Autre collision,,,,,,,,,,,1,2,1,7.0,6.0
201800005679,0018-05-26 12:20:00,18,5,26,12,20,60,88,BARLA (RUE),43.70109,7.28555,Plein jour,En agglomération,Hors intersection,Normale,Autre collision,,,,,,,,,,,1,2,1,1.0,6.0
201800005680,0018-05-26 15:50:00,18,5,26,15,50,60,88,CALIFORNIE (AV.) (A PART,43.68041,7.23014,Plein jour,En agglomération,Intersection en T,Normale,Deux véhicules - côté,,,,,,,,,,,1,2,3,1.0,3.0
201800005681,0018-05-28 19:50:00,18,5,28,19,50,60,88,GARIGLIANO (PONTS),43.73128,7.28657,Plein jour,En agglomération,Hors intersection,Pluie légère,Deux véhicules - côté,,,,,,,,,,,1,2,1,2.0,3.0
201800005682,0018-05-29 10:00:00,18,5,29,10,0,60,88,MEDITERRANEE (AV.),43.67469,7.20494,Plein jour,En agglomération,Intersection en X,Normale,Deux véhicules - côté,,,,,,,,,,,1,2,2,1.0,3.0
201800005683,0018-05-29 16:15:00,18,5,29,16,15,60,88,CARNOT (BD),43.69,7.29,Plein jour,En agglomération,Hors intersection,Normale,Deux véhicules - arrière,,,,,,,,,,,1,2,1,1.0,2.0
201800005684,0018-05-29 16:45:00,18,5,29,16,45,60,88,GRACE DE MONACO (BD PR.),43.69245,7.30702,Plein jour,En agglomération,Intersection en T,Normale,Deux véhicules - côté,,,,,,,,,,,1,2,3,1.0,3.0
201800005685,0018-06-01 18:41:00,18,6,1,18,41,60,88,GRENOBLE (ROUTE DE),43.67104,7.20751,Plein jour,En agglomération,Intersection en X,Normale,Deux véhicules - frontale,,,,,,,,,,,1,2,2,1.0,1.0
201800005686,0018-06-02 20:08:00,18,6,2,20,8,60,88,DIABLES BLEUS (AV. DES),43.7082,7.2868,Plein jour,En agglomération,Autre intersection,Normale,Autre collision,,,,,,,,,,,1,2,9,1.0,6.0
201800005687,0018-06-05 23:50:00,18,6,5,23,50,60,88,ANGLAIS (DU Nø 114 AU Nø,43.68211,7.23123,Nuit avec éclairage allumé,En agglomération,Hors intersection,Normale,Autre collision,,,,,,,,,,,5,2,1,1.0,6.0
201800005688,0018-06-09 08:03:00,18,6,9,8,3,60,88,DIGUE DES FRANCAIS (TRAV,46.67672,7.20138,Plein jour,En agglomération,Hors intersection,Normale,Deux véhicules - côté,,,,,,,,,,,1,2,1,1.0,3.0
201800005689,0018-06-10 20:05:00,18,6,10,20,5,60,88,RAUBA-CAPEU (QUAI),43.69382,7.28239,Plein jour,En agglomération,Hors intersection,Normale,Deux véhicules - côté,,,,,,,,,,,1,2,1,1.0,3.0
201800005690,0018-06-10 21:20:00,18,6,10,21,20,60,88,BAREL (BD VIRGILE),43.71997,7.29536,Crépuscule ou aube,En agglomération,Intersection en T,Normale,Deux véhicules - frontale,,,,,,,,,,,2,2,3,1.0,1.0
201800005691,0018-06-11 11:45:00,18,6,11,11,45,60,159,NAPOLEON III (BOULEVARD),43.70675,7.31887,Plein jour,En agglomération,Hors intersection,Normale,Deux véhicules - arrière,,,,,,,,,,,1,2,1,1.0,2.0
201800005692,0018-06-11 17:20:00,18,6,11,17,20,60,88,VOIE RAPIDE,43.6,7.2,Plein jour,En agglomération,Hors intersection,Normale,Trois véhicules et plus - collisions multiples,,,,,,,,,,,1,2,1,1.0,5.0
201800005693,0018-06-12 17:00:00,18,6,12,17,0,60,88,VOIE RAPIDE,43.68507,7.23382,Plein jour,En agglomération,Hors intersection,Normale,Deux véhicules - côté,,,,,,,,,,,1,2,1,1.0,3.0
201800005694,0018-06-13 07:30:00,18,6,13,7,30,60,88,SAINTE-COLETTE (AV.),43.72,7.27,Plein jour,En agglomération,Hors intersection,Normale,Deux véhicules - frontale,,,,,,,,,,,1,2,1,1.0,1.0
201800005695,0018-06-13 19:50:00,18,6,13,19,50,60,88,GARNIER (BD JOSEPH),43.71017,7.2597,Plein jour,En agglomération,Hors intersection,Normale,Deux véhicules - côté,,,,,,,,,,,1,2,1,1.0,3.0