accident_id,datetime,annee,mois,jour,heure,minute,departement,commune_insee,adresse,latitude,longitude,luminosite,agglomeration,intersection,meteo,collision,nb_vehicules,nb_usagers,nb_indemnes,nb_tues,nb_blesses_hosp,nb_blesses_legers,age_cond_1,age_cond_2,veh_type_cond_1,veh_type_cond_2,lum_code,agg_code,int_code,atm_code,col_code
201800005819,0018-10-12 17:30:00,18,10,12,17,30,60,88,MERCANTOUR (BD),43.68224,7.19846,Plein jour,En agglomération,Hors intersection,Normale,Deux véhicules - arrière,,,,,,,,,,,1,2,1,1.0,2.0
201800005820,0018-10-18 09:03:00,18,10,18,9,3,60,88,BARBUSSE (AV. HENRI),43.71119,7.25637,Plein jour,En agglomération,Intersection en X,Normale,Deux véhicules - côté,,,,,,,,,,,1,2,2,1.0,3.0
201800005821,0018-10-18 16:20:00,18,10,18,16,20,60,88,DELVALLE (RUE PROF.),43.72055,7.2837,Plein jour,En agglomération,Hors intersection,Normale,Autre collision,,,,,,,,,,,1,2,1,1.0,6.0
201800005822,0018-10-18 19:10:00,18,10,18,19,10,60,88,GORBELLA (BD DE),43.7228,7.2562,Nuit sans éclairage public,En agglomération,Place,Normale,Deux véhicules - côté,,,,,,,,,,,3,2,7,1.0,3.0
201800005823,0018-10-18 23:45:00,18,10,18,23,45,60,88,PASTORELLE (AV. DE LA),43.71213,7.28827,Nuit avec éclairage allumé,En agglomération,Hors intersection,Normale,Deux véhicules - frontale,,,,,,,,,,,5,2,1,1.0,1.0
201800005824,0018-10-20 08:20:00,18,10,20,8,20,60,88,CORNIGLION MOLINIER (BD),43.666,7.20949,Plein jour,En agglomération,Autre intersection,Normale,Deux véhicules - arrière,,,,,,,,,,,1,2,9,1.0,2.0
201800005825,0018-10-22 11:30:00,18,10,22,11,30,60,88,PEGUY (R. CHARLES),43.71315,7.26231,Plein jour,En agglomération,Hors intersection,Normale,Deux véhicules - côté,,,,,,,,,,,1,2,1,1.0,3.0
201800005826,0018-10-23 06:30:00,18,10,23,6,30,60,88,ANGLAIS PLAGE(  PARTIR D,43.6652,7.20291,Nuit avec éclairage allumé,En agglomération,Hors intersection,Normale,Deux véhicules - arrière,,,,,,,,,,,5,2,1,1.0,2.0
201800005827,0018-10-23 13:40:00,18,10,23,13,40,60,88,CORNIGLION MOLINIER (BD),43.66561,7.20433,Plein jour,En agglomération,Intersection en Y,Normale,Deux véhicules - arrière,,,,,,,,,,,1,2,4,1.0,2.0
201800005828,0018-10-24 16:30:00,18,10,24,16,30,60,88,BELLET (RTE DE),43.73313,7.21664,Plein jour,En agglomération,Hors intersection,Normale,Deux véhicules - côté,,,,,,,,,,,1,2,1,1.0,3.0
201800005829,0018-10-25 15:11:00,18,10,25,15,11,60,88,MALAUSSENA (AV.),43.70924,7.26267,Plein jour,En agglomération,Hors intersection,Normale,Autre collision,,,,,,,,,,,1,2,1,1.0,6.0
201800005830,0018-10-18 19:30:00,18,10,18,19,30,60,88,CHAUVAIN (RUE),43.70401,7.27924,Crépuscule ou aube,En agglomération,Intersection en X,Normale,Autre collision,,,,,,,,,,,2,2,2,1.0,6.0
201800005831,0018-10-30 08:05:00,18,10,30,8,5,60,88,ANGLAIS (DU Nø 114 AU Nø,43.68787,7.23991,Plein jour,En agglomération,Hors intersection,Normale,Deux véhicules - arrière,,,,,,,,,,,1,2,1,1.0,2.0
201800005832,0018-10-31 07:15:00,18,10,31,7,15,60,88,GAMBETTA (A PARTIR DU Nø,43.70301,7.25629,Crépuscule ou aube,En agglomération,Hors intersection,Pluie légère,Autre collision,,,,,,,,,,,2,2,1,2.0,6.0
201800005833,0018-10-31 15:04:00,18,10,31,15,4,60,88,RIMIEZ (AV. DE),43.73881,7.27798,Plein jour,En agglomération,Hors intersection,Normale,Deux véhicules - frontale,,,,,,,,,,,1,2,1,1.0,1.0
201800005834,0018-11-01 16:15:00,18,11,1,16,15,60,88,ALLEGRE (AV. JEAN),43.70836,7.28268,Plein jour,En agglomération,Hors intersection,Normale,Trois véhicules et plus - en chaîne,,,,,,,,,,,1,2,1,1.0,4.0
201800005835,0018-11-02 13:45:00,18,11,2,13,45,60,88,JOLY (CORNICHE ANDRE DE),43.70181,7.29303,Plein jour,En agglomération,Hors intersection,Normale,Deux véhicules - côté,,,,,,,,,,,1,2,1,1.0,3.0
201800005836,0018-11-03 09:45:00,18,11,3,9,45,60,88,GAIRAUT (AV. DE),43.72941,7.25785,Plein jour,En agglomération,Hors intersection,Normale,Deux véhicules - frontale,,,,,,,,,,,1,2,1,1.0,1.0
201800005837,0018-11-04 15:15:00,18,11,4,15,15,60,88,PESSICART (JUSQU'AU 270-,43.71058,7.24974,Plein jour,En agglomération,Hors intersection,Temps couvert,Autre collision,,,,,,,,,,,1,2,1,8.0,6.0
201800005838,0018-11-06 14:50:00,18,11,6,14,50,60,88,VOIE ROMAINE (AV. DE LA),43.72337,7.28557,Plein jour,En agglomération,Hors intersection,Temps couvert,Autre collision,,,,,,,,,,,1,2,1,8.0,6.0
201800005839,0018-11-11 17:40:00,18,11,11,17,40,60,88,DABRAY (RUE ET IMP.),43.70954,7.25704,Nuit avec éclairage allumé,En agglomération,Intersection en X,Pluie légère,Deux véhicules - côté,,,,,,,,,,,5,2,2,2.0,3.0
201800005840,0018-11-12 15:00:00,18,11,12,15,0,60,88,ROQUEBILLIERE (R. DE),43.70723,7.28603,Plein jour,En agglomération,Intersection en X,Normale,Autre collision,,,,,,,,,,,1,2,2,1.0,6.0
201800005841,0018-11-16 08:00:00,18,11,16,8,0,60,88,RISSO (BD),43.70707,7.28306,Plein jour,En agglomération,Hors intersection,Normale,Autre collision,,,,,,,,,,,1,2,1,1.0,6.0
201800005842,0018-11-16 16:25:00,18,11,16,16,25,60,88,CESSOLE (BD DE) (JUSQU'A,43.71695,7.25318,Crépuscule ou aube,En agglomération,Intersection en T,Normale,Autre collision,,,,,,,,,,,2,2,3,1.0,6.0
201800005843,0018-11-17 07:30:00,18,11,17,7,30,60,88,SAINT-PIERRE DE FERIC (R,43.71096,7.24566,Crépuscule ou aube,En agglomération,Hors intersection,Normale,Trois véhicules et plus - collisions multiples,,,,,,,,,,,2,2,1,1.0,5.0
201800005844,0018-11-17 11:45:00,18,11,17,11,45,60,159,PRINCESSE GRACE DE MONAC,43.69606,7.3048,Plein jour,En agglomération,Hors intersection,Normale,Autre collision,,,,,,,,,,,1,2,1,1.0,6.0
201800005845,0018-11-18 16:22:00,18,11,18,16,22,60,88,ARIANE (BD DE L'),43.73476,7.29665,Plein jour,En agglomération,Intersection en X,Normale,Deux véhicules - côté,,,,,,,,,,,1,2,2,1.0,3.0
201800005846,0018-11-19 15:29:00,18,11,19,15,29,60,88,GAMBETTA (A PARTIR DU Nø,43.70977,7.25794,Plein jour,En agglomération,Passage à niveau,Normale,Autre collision,,,,,,,,,,,1,2,8,1.0,6.0
201800005847,0018-11-23 20:00:00,18,11,23,20,0,60,88,TURIN (RTE DE),43.72731,7.28474,Nuit avec éclairage allumé,En agglomération,Hors intersection,Normale,Deux véhicules - côté,,,,,,,,,,,5,2,1,1.0,3.0
201800005848,0018-11-23 12:30:00,18,11,23,12,30,60,88,CESSOLE (BD DE) (JUSQU'A,43.71063,7.25579,Plein jour,En agglomération,Hors intersection,Pluie forte,Deux véhicules - frontale,,,,,,,,,,,1,2,1,3.0,1.0
201800005849,0018-11-25 18:20:00,18,11,25,18,20,60,88,CESSOLE (BD DE) (JUSQU'A,43.71732,7.25306,Nuit avec éclairage allumé,En agglomération,Hors intersection,Pluie légère,Deux véhicules - côté,,,,,,,,,,,5,2,1,2.0,3.0
201800005850,0018-11-27 16:55:00,18,11,27,16,55,60,88,ROQUEBILLIERE (R. DE),43.712,7.288,Crépuscule ou aube,En agglomération,Hors intersection,Normale,Autre collision,,,,,,,,,,,2,2,1,1.0,6.0
201800005851,0018-11-28 10:14:00,18,11,28,10,14,60,88,LEPANTE (R. DE),43.70643,7.26854,Plein jour,En agglomération,Intersection en X,Normale,Deux véhicules - côté,,,,,,,,,,,1,2,2,1.0,3.0
201800005852,0018-11-28 15:15:00,18,11,28,15,15,60,88,MERCANTOUR (BD),43.69088,7.19597,Plein jour,En agglomération,Hors intersection,Normale,Deux véhicules - côté,,,,,,,,,,,1,2,1,1.0,3.0
201800005853,0018-11-28 16:50:00,18,11,28,16,50,60,88,BINET (RUE ALFRED),43.7095,7.25995,Crépuscule ou aube,En agglomération,Hors intersection,Normale,Autre collision,,,,,,,,,,,2,2,1,1.0,6.0
201800005854,0018-11-30 18:40:00,18,11,30,18,40,60,88,BLANQUI (PL. AUGUSTE),43.70541,7.2901,Nuit avec éclairage allumé,En agglomération,Place,Pluie légère,Autre collision,,,,,,,,,,,5,2,7,2.0,6.0
201800005855,0018-12-01 19:50:00,18,12,1,19,50,60,88,MADELEINE (BD DE LA),43.69995,7.23802,Nuit avec éclairage allumé,En agglomération,Hors intersection,Normale,Autre collision,,,,,,,,,,,5,2,1,1.0,6.0
201800005856,0018-12-01 20:05:00,18,12,1,20,5,60,88,MONT-BORON (BD DU) (A PA,43.70641,7.29843,Nuit sans éclairage public,En agglomération,Hors intersection,Normale,Autre collision,,,,,,,,,,,3,2,1,1.0,6.0
201800005857,0018-12-03 12:15:00,18,12,3,12,15,60,88,JOFFRE (R. MARECHAL),43.6994,7.2674,Plein jour,En agglomération,Intersection en X,Normale,Autre collision,,,,,,,,,,,1,2,2,1.0,6.0
201800005858,0018-12-03 18:00:00,18,12,3,18,0,60,88,SEMERIA (AV. DENIS),43.71442,7.2845,Nuit avec éclairage allumé,En agglomération,Hors intersection,Normale,Deux véhicules - frontale,,,,,,,,,,,5,2,1,1.0,1.0
201800005859,0018-12-03 20:00:00,18,12,3,20,0,60,88,CASSIN (BD RENE),43.66394,7.199,Nuit avec éclairage allumé,Hors agglomération,Hors intersection,Normale,Deux véhicules - arrière,,,,,,,,,,,5,1,1,1.0,2.0
201800005860,0018-12-05 06:05:00,18,12,5,6,5,60,88,FRANCE (R. DE) DU Nø 1-2,43.69247,7.24835,Nuit avec éclairage allumé,En agglomération,Intersection en T,Normale,Deux véhicules - côté,,,,,,,,,,,5,2,3,1.0,3.0
201800005861,0018-12-04 12:15:00,18,12,4,12,15,60,88,ANGLAIS (DU Nø 1 AU Nø 4,43.69496,7.2678,Plein jour,En agglomération,Passage à niveau,Normale,Autre collision,,,,,,,,,,,1,2,8,1.0,6.0
201800005862,0018-12-07 09:05:00,18,12,7,9,5,60,88,LYAUTEY (AV. DU MAL),43.71776,7.28186,Plein jour,En agglomération,Intersection en T,Normale,Autre collision,,,,,,,,,,,1,2,3,1.0,6.0
201800005863,0018-12-07 15:30:00,18,12,7,15,30,60,88,SQUARE COLONEL JEAN PIER,43.70571,7.25888,Plein jour,En agglomération,Hors intersection,Normale,Deux véhicules - arrière,,,,,,,,,,,1,2,1,1.0,2.0
201800005864,0018-12-08 06:40:00,18,12,8,6,40,60,88,PENETRANTE DU PAILLON,43.72146,7.28802,Crépuscule ou aube,En agglomération,Autre intersection,Normale,Deux véhicules - arrière,,,,,,,,,,,2,2,9,1.0,2.0
201800005865,0018-12-08 19:05:00,18,12,8,19,5,60,88,CALIFORNIE (AV.) (DU 23-,43.68841,7.24066,Nuit avec éclairage allumé,En agglomération,Intersection en X,Normale,Deux véhicules - côté,,,,,,,,,,,5,2,2,1.0,3.0
201800005866,0018-12-10 22:01:00,18,12,10,22,1,60,88,ANGLAIS (DU Nø 114 AU Nø,43.71214,7.28759,Nuit avec éclairage allumé,En agglomération,Hors intersection,Normale,Autre collision,,,,,,,,,,,5,2,1,1.0,6.0
201800005867,0018-12-11 13:35:00,18,12,11,13,35,60,88,ANGLAIS (DU Nø 45 AU Nø,43.6938,7.2563,Plein jour,En agglomération,Hors intersection,Normale,Sans collision,,,,,,,,,,,1,2,1,1.0,7.0
201800005868,0018-12-11 14:54:00,18,12,11,14,54,60,88,VEIL (AV. SIMONE),43.691,7.2,Plein jour,En agglomération,Intersection en T,Normale,Autre collision,,,,,,,,,,,1,2,3,1.0,6.0
201800005869,0018-12-13 10:20:00,18,12,13,10,20,60,88,GRENOUILLERES (AV. DES),,,Plein jour,En agglomération,Hors intersection,Temps couvert,Deux véhicules - arrière,,,,,,,,,,,1,2,1,8.0,2.0
201800005870,0018-12-13 15:50:00,18,12,13,15,50,60,88,VOIE RAPIDE,43.70698,7.26696,Plein jour,En agglomération,Hors intersection,Normale,Deux véhicules - arrière,,,,,,,,,,,1,2,1,1.0,2.0
201800005871,0018-12-13 15:45:00,18,12,13,15,45,60,88,ROQUEBILLIERE (R. DE),43.70633,7.28508,Plein jour,En agglomération,Intersection en T,Normale,Autre collision,,,,,,,,,,,1,2,3,1.0,6.0
201800005872,0018-12-13 21:30:00,18,12,13,21,30,60,88,BOTTERO (RUE),43.6965,7.2539,Nuit avec éclairage allumé,En agglomération,Place,Normale,Deux véhicules - côté,,,,,,,,,,,5,2,7,1.0,3.0
201800005873,0018-12-14 07:15:00,18,12,14,7,15,60,88,MATISSE (AV. HENRI),43.674,7.219,Crépuscule ou aube,Hors agglomération,Hors intersection,Normale,Deux véhicules - côté,,,,,,,,,,,2,1,1,1.0,3.0
201800005874,0018-12-16 00:53:00,18,12,16,0,53,60,88,ANGLAIS PLAGE (Nø1 AU 43,43.6,7.2,Nuit avec éclairage allumé,En agglomération,Hors intersection,Normale,Autre collision,,,,,,,,,,,5,2,1,1.0,6.0
201800005875,0018-12-17 16:10:00,18,12,17,16,10,60,88,POMPIDOU (BD GEORGES),43.67103,7.20256,Plein jour,En agglomération,Hors intersection,Normale,Autre collision,,,,,,,,,,,1,2,1,1.0,6.0
201800005876,0018-12-18 09:30:00,18,12,18,9,30,60,88,FABRON (AV. DE) (A PARTI,43.68951,7.22329,Plein jour,En agglomération,Hors intersection,Normale,Autre collision,,,,,,,,,,,1,2,1,1.0,6.0
201800005877,0018-12-20 17:40:00,18,12,20,17,40,60,88,TURIN (RTE DE),43.7204,7.28752,Crépuscule ou aube,En agglomération,Hors intersection,Normale,Deux véhicules - côté,,,,,,,,,,,2,2,1,1.0,3.0
201800005878,0018-12-21 05:10:00,18,12,21,5,10,60,88,MARGUERITE (AV. J.),43.67849,7.21248,Nuit avec éclairage allumé,En agglomération,Hors intersection,Normale,Autre collision,,,,,,,,,,,5,2,1,1.0,6.0
201800005879,0018-12-20 09:18:00,18,12,20,9,18,60,88,BARLA (TRAV.),43.70283,7.27994,Plein jour,En agglomération,Autre intersection,Normale,Autre collision,,,,,,,,,,,1,2,9,1.0,6.0
201800005880,0018-12-22 14:20:00,18,12,22,14,20,60,88,FIGHIERA (R. DU DOCTEUR),43.7107,7.2893,Plein jour,En agglomération,Intersection en X,Normale,Deux véhicules - côté,,,,,,,,,,,1,2,2,1.0,3.0
201800005881,0018-12-23 02:52:00,18,12,23,2,52,60,88,MALRAUX (VOIE ET TUNNEL),43.7084,7.2711,Nuit avec éclairage allumé,En agglomération,Hors intersection,Normale,Autre collision,,,,,,,,,,,5,2,1,1.0,6.0
201800005882,0018-12-28 16:30:00,18,12,28,16,30,60,88,de la Ginestière (CH.),43.70843,7.21494,Plein jour,En agglomération,Hors intersection,Normale,Deux véhicules - frontale,,,,,,,,,,,1,2,1,1.0,1.0
201800005883,0018-12-29 20:45:00,18,12,29,20,45,60,88,BRAILLE (BD LOUIS),43.72316,7.29225,Nuit avec éclairage allumé,En agglomération,Hors intersection,Normale,Deux véhicules - côté,,,,,,,,,,,5,2,1,1.0,3.0
201800005884,0018-12-31 09:25:00,18,12,31,9,25,60,88,VERDI (R.),43.699,7.259,Plein jour,En agglomération,Hors intersection,Normale,Deux véhicules - côté,,,,,,,,,,,1,2,1,1.0,3.0
201800005885,0018-09-30 23:15:00,18,9,30,23,15,60,88,123 promenade des Anglai,43.6903,7.2445,Nuit avec éclairage non allumé,En agglomération,Hors intersection,Normale,Deux véhicules - côté,,,,,,,,,,,4,2,1,1.0,3.0
201800005886,0018-07-06 22:00:00,18,7,6,22,0,330,85,D14E1 20 route de Meynac,44.76374,-0.46983,Crépuscule ou aube,Hors agglomération,Hors intersection,Normale,Sans collision,,,,,,,,,,,2,1,1,1.0,7.0
201800005887,0018-07-10 12:32:00,18,7,10,12,32,330,85,1 bis chemin de Fontbonn,44.76985,-0.48834,Plein jour,En agglomération,Hors intersection,Normale,Deux véhicules - côté,,,,,,,,,,,1,2,1,1.0,3.0
201800005888,0018-01-18 23:30:00,18,1,18,23,30,210,605,rue de Chevigny,47.29471,5.10192,Nuit avec éclairage allumé,En agglomération,Hors intersection,Temps couvert,Deux véhicules - arrière,,,,,,,,,,,5,2,1,8.0,2.0
201800005889,0018-03-10 01:30:00,18,3,10,1,30,210,515,D107 Boulevard Jean Jaur,47.31248,5.10295,Nuit avec éclairage allumé,Hors agglomération,Hors intersection,Pluie légère,Deux véhicules - frontale,,,,,,,,,,,5,1,1,2.0,1.0
201800005890,0018-03-25 14:10:00,18,3,25,14,10,210,605,RD905D,47.29181,5.09099,Plein jour,Hors agglomération,Intersection en T,Normale,Deux véhicules - côté,,,,,,,,,,,1,1,3,1.0,3.0
201800005891,0018-03-28 20:15:00,18,3,28,20,15,210,171,ROUTE BOULEVAARD JAN PAL,47.29543,5.12655,Nuit sans éclairage public,En agglomération,Hors intersection,Pluie légère,Deux véhicules - arrière,,,,,,,,,,,3,2,1,2.0,2.0
201800005892,0018-05-13 17:20:00,18,5,13,17,20,210,540,D125D,47.32437,5.09527,Plein jour,Hors agglomération,Hors intersection,Temps couvert,Sans collision,,,,,,,,,,,1,1,1,8.0,7.0
201800005893,0018-07-11 17:10:00,18,7,11,17,10,210,473,D996,47.27467,5.06193,Plein jour,Hors agglomération,Giratoire,Normale,Trois véhicules et plus - collisions multiples,,,,,,,,,,,1,1,6,1.0,5.0
201800005894,0018-08-04 17:15:00,18,8,4,17,15,210,515,Avenue du Cromois,47.31587,5.11262,Plein jour,En agglomération,Autre intersection,Autre,Deux véhicules - côté,,,,,,,,,,,1,2,9,9.0,3.0
201800005895,0018-11-19 02:15:00,18,11,19,2,15,210,515,Avenue de l'université,47.31222,5.10505,Nuit avec éclairage allumé,En agglomération,Hors intersection,Normale,Autre collision,,,,,,,,,,,5,2,1,1.0,6.0
201800005896,0018-12-20 07:55:00,18,12,20,7,55,210,515,Avenue Jean-Jaurés,47.30911,5.09515,Plein jour,En agglomération,Hors intersection,Normale,Autre collision,,,,,,,,,,,1,2,1,1.0,6.0
201800005897,0018-12-27 21:40:00,18,12,27,21,40,210,515,D107 B,47.31248,5.10295,Nuit avec éclairage allumé,En agglomération,Hors intersection,Normale,Autre collision,,,,,,,,,,,5,2,1,1.0,6.0
201800005898,0018-01-18 07:55:00,18,1,18,7,55,130,40,RD6*,43.4688,5.59786,Plein jour,Hors agglomération,Autre intersection,Normale,Deux véhicules - côté,,,,,,,,,,,1,1,9,1.0,3.0
201800005899,0018-05-13 12:30:00,18,5,13,12,30,130,90,D17*,43.52071,5.57346,Plein jour,Hors agglomération,Hors intersection,Pluie forte,Deux véhicules - arrière,,,,,,,,,,,1,1,1,3.0,2.0
201800005900,0018-05-27 14:20:00,18,5,27,14,20,130,40,allée de trets ..,43.47859,5.54022,Plein jour,En agglomération,Hors intersection,Normale,Autre collision,,,,,,,,,,,1,2,1,1.0,6.0
201800005901,0018-06-19 18:20:00,18,6,19,18,20,130,40,avenue du maréchal Lecle,43.44932,5.55399,Plein jour,En agglomération,Intersection en T,Normale,Deux véhicules - arrière,,,,,,,,,,,1,2,3,1.0,2.0
201800005902,0018-06-15 20:10:00,18,6,15,20,10,130,87,avenue Manéou,43.47611,5.61946,Plein jour,En agglomération,Hors intersection,Normale,Sans collision,,,,,,,,,,,1,2,1,1.0,7.0
201800005903,0018-06-21 17:00:00,18,6,21,17,0,130,40,Chemin des vertus,43.44596,5.56047,Plein jour,En agglomération,Giratoire,Normale,Deux véhicules - frontale,,,,,,,,,,,1,2,6,1.0,1.0
201800005904,0018-09-14 02:50:00,18,9,14,2,50,130,40,RD6,43.47985,5.55079,Nuit sans éclairage public,Hors agglomération,Hors intersection,Normale,Autre collision,,,,,,,,,,,3,1,1,1.0,6.0
201800005905,0018-09-28 09:00:00,18,9,28,9,0,130,40,chemin du goi,43.45157,5.56589,Plein jour,En agglomération,Intersection en X,Temps éblouissant,Deux véhicules - frontale,,,,,,,,,,,1,2,2,7.0,1.0
201800005906,0018-11-04 05:50:00,18,11,4,5,50,130,40,D6 QUARTIER ST JEAN,43.47929,5.5579,Nuit sans éclairage public,Hors agglomération,Hors intersection,Normale,Autre collision,,,,,,,,,,,3,1,1,1.0,6.0
201800005907,0018-12-08 21:15:00,18,12,8,21,15,130,40,D96 QUARTIER PLAN DE LA,43.47062,5.54538,Nuit sans éclairage public,Hors agglomération,Hors intersection,Normale,Autre collision,,,,,,,,,,,3,1,1,1.0,6.0
201800005908,0018-01-16 10:50:00,18,1,16,10,50,70,19,COTE DE VILLE RN 102,44.59454,4.41789,Plein jour,Hors agglomération,Hors intersection,Pluie légère,Deux véhicules - côté,,,,,,,,,,,1,1,1,2.0,3.0
201800005909,0018-01-27 18:30:00,18,1,27,18,30,70,19,"61, VALS ( ROUTE DE )",44.62481,4.38252,Crépuscule ou aube,En agglomération,Intersection en Y,Normale,Deux véhicules - frontale,,,,,,,,,,,2,2,4,1.0,1.0
201800005910,0018-02-01 20:30:00,18,2,1,20,30,70,19,"11, RON DE CEILA (CHEMIN",44.6282,4.37591,Nuit sans éclairage public,En agglomération,Hors intersection,Normale,Autre collision,,,,,,,,,,,3,2,1,1.0,6.0
201800005911,0018-02-25 03:25:00,18,2,25,3,25,70,231,"1250, 104B ( ROUTE DEPAR",44.59344,4.37802,Nuit avec éclairage allumé,En agglomération,Hors intersection,Normale,Deux véhicules - frontale,,,,,,,,,,,5,2,1,1.0,1.0
201800005912,0018-04-13 14:45:00,18,4,13,14,45,70,19,VALS ( ROUTE DE ),44.62337,4.38356,Plein jour,En agglomération,Hors intersection,Pluie forte,Autre collision,,,,,,,,,,,1,2,1,3.0,6.0
201800005913,0018-04-28 18:50:00,18,4,28,18,50,70,331,VERNON ( BOULEVARD DE ),44.665,4.366,Plein jour,En agglomération,Place,Normale,Trois véhicules et plus - collisions multiples,,,,,,,,,,,1,2,7,1.0,5.0
201800005914,0018-05-18 08:45:00,18,5,18,8,45,70,19,GARE (AVENUE DE LA ),44.61166,4.39138,Plein jour,En agglomération,Hors intersection,Normale,Autre collision,,,,,,,,,,,1,2,1,1.0,6.0
201800005915,0018-05-30 18:00:00,18,5,30,18,0,70,19,COULOUBREYT(RUE),44.61602,4.3834,Plein jour,Hors agglomération,Hors intersection,Normale,Autre collision,,,,,,,,,,,1,1,1,1.0,6.0
201800005916,0018-06-17 14:45:00,18,6,17,14,45,70,116,RN 102,44.64344,4.36899,Plein jour,Hors agglomération,Hors intersection,Normale,Deux véhicules - frontale,,,,,,,,,,,1,1,1,1.0,1.0
201800005917,0018-06-18 16:00:00,18,6,18,16,0,70,19,COTE DE VILLE RN 102,44.5926,4.423,Plein jour,Hors agglomération,Hors intersection,Normale,Deux véhicules - frontale,,,,,,,,,,,1,1,1,1.0,1.0
201800005918,0018-07-09 07:45:00,18,7,9,7,45,70,116,MERCUER  ( ROUTE DE  ),44.63837,4.37276,Plein jour,En agglomération,Intersection en T,Normale,Deux véhicules - côté,,,,,,,,,,,1,2,3,1.0,3.0
201800005919,0018-07-19 09:40:00,18,7,19,9,40,70,331,AUGUSTE CLEMENT (RUE),44.65208,4.3652,Plein jour,Hors agglomération,Hors intersection,Normale,Autre collision,,,,,,,,,,,1,1,1,1.0,6.0
201800005920,0018-08-28 17:50:00,18,8,28,17,50,70,231,104B ( ROUTE DEPARTEMENT,44.59796,4.38264,Plein jour,En agglomération,Hors intersection,Normale,Autre collision,,,,,,,,,,,1,2,1,1.0,6.0
201800005921,0018-08-31 01:10:00,18,8,31,1,10,70,231,104 ( ROUTE DEPRTEMENTA,44.59843,4.39468,Nuit sans éclairage public,Hors agglomération,Giratoire,Normale,Autre collision,,,,,,,,,,,3,1,6,1.0,6.0
201800005922,0018-09-10 14:55:00,18,9,10,14,55,70,19,RN 102,44.62401,4.38698,Plein jour,Hors agglomération,Hors intersection,Normale,Deux véhicules - côté,,,,,,,,,,,1,1,1,1.0,3.0
201800005923,0018-09-04 10:05:00,18,9,4,10,5,70,231,104B ( ROUTE DEPARTEMENT,44.60017,4.38607,Plein jour,En agglomération,Hors intersection,Normale,Autre collision,,,,,,,,,,,1,2,1,1.0,6.0
201800005924,0018-09-25 08:35:00,18,9,25,8,35,70,19,CONSTANTINE  (RUE DE),44.62248,4.38306,Crépuscule ou aube,En agglomération,Hors intersection,Normale,Autre collision,,,,,,,,,,,2,2,1,1.0,6.0
201800005925,0018-09-28 13:45:00,18,9,28,13,45,70,19,BELLANDE (AVENUE DE ),,,Plein jour,En agglomération,Hors intersection,Normale,Deux véhicules - frontale,,,,,,,,,,,1,2,1,1.0,1.0
201800005926,0018-10-09 14:25:00,18,10,9,14,25,70,19,BOISVIGNAL (AVENUE),44.61799,4.39364,Plein jour,En agglomération,Hors intersection,Normale,Autre collision,,,,,,,,,,,1,2,1,1.0,6.0
201800005927,0018-11-11 22:30:00,18,11,11,22,30,70,325,POISSON ( QUARTIER DU ),44.62627,4.40365,Nuit avec éclairage allumé,En agglomération,Hors intersection,Temps couvert,Deux véhicules - frontale,,,,,,,,,,,5,2,1,8.0,1.0
201800005928,0018-11-07 11:35:00,18,11,7,11,35,70,331,RYBEYRE ( RUE PAUL ),44.65963,4.368,Plein jour,En agglomération,Intersection en T,Pluie forte,Deux véhicules - frontale,,,,,,,,,,,1,2,3,3.0,1.0
201800005929,0018-12-08 05:45:00,18,12,8,5,45,70,231,104 ( ROUTE DEPRTEMENTA,44.59453,4.39216,Nuit avec éclairage allumé,Hors agglomération,Hors intersection,Normale,Deux véhicules - frontale,,,,,,,,,,,5,1,1,1.0,1.0
201800005930,0018-07-25 10:25:00,18,7,25,10,25,70,316,LYON (ROUTE DE),44.9122,4.85536,Plein jour,En agglomération,Hors intersection,Normale,Autre collision,,,,,,,,,,,1,2,1,1.0,6.0
201800005931,0018-07-27 08:15:00,18,7,27,8,15,70,281,MOULIN (RUE JEAN),44.95111,4.84483,Plein jour,En agglomération,Intersection en T,Normale,Deux véhicules - côté,,,,,,,,,,,1,2,3,1.0,3.0
201800005932,0018-09-20 20:15:00,18,9,20,20,15,70,316,LYON (ROUTE DE),44.91299,4.85602,Plein jour,Hors agglomération,Hors intersection,Normale,Deux véhicules - côté,,,,,,,,,,,1,1,1,1.0,3.0
201800005933,0018-10-15 11:05:00,18,10,15,11,5,70,281,CASSIN (RUE RENE),44.94927,4.84199,Plein jour,En agglomération,Hors intersection,Normale,Deux véhicules - côté,,,,,,,,,,,1,2,1,1.0,3.0
201800005934,0018-10-31 13:20:00,18,10,31,13,20,70,70,ROUTE DEPARTEMENTALE 86,44.97922,4.85058,Plein jour,Hors agglomération,Intersection en T,Pluie légère,Deux véhicules - arrière,,,,,,,,,,,1,1,3,2.0,2.0
201800005935,0018-11-03 04:30:00,18,11,3,4,30,70,102,Jean CHARCOT (Rue),44.93766,4.86388,Nuit avec éclairage allumé,En agglomération,Giratoire,Normale,Autre collision,,,,,,,,,,,5,2,6,1.0,6.0
201800005936,0018-11-28 16:30:00,18,11,28,16,30,70,316,MONTGOLFIERS (AVENENUE D,44.89228,4.85055,Crépuscule ou aube,En agglomération,Hors intersection,Normale,Deux véhicules - côté,,,,,,,,,,,2,2,1,1.0,3.0
201800005937,0018-03-16 15:20:00,18,3,16,15,20,70,186,CD 2 ROUTE DE CHOMERAC,44.72413,4.60486,Plein jour,En agglomération,Hors intersection,Normale,Deux véhicules - arrière,,,,,,,,,,,1,2,1,1.0,2.0
201800005938,0018-03-28 13:30:00,18,3,28,13,30,70,8,D2 ( ROUTE DEPARTEMENTAL,44.71165,4.61966,Plein jour,Hors agglomération,Hors intersection,Normale,Deux véhicules - frontale,,,,,,,,,,,1,1,1,1.0,1.0