accident_id,datetime,annee,mois,jour,heure,minute,departement,commune_insee,adresse,latitude,longitude,luminosite,agglomeration,intersection,meteo,collision,nb_vehicules,nb_usagers,nb_indemnes,nb_tues,nb_blesses_hosp,nb_blesses_legers,age_cond_1,age_cond_2,veh_type_cond_1,veh_type_cond_2,lum_code,agg_code,int_code,atm_code,col_code
201800005939,0018-04-14 19:55:00,18,4,14,19,55,70,72,LE CROUZET,44.73496,4.61774,Plein jour,Hors agglomération,Hors intersection,Normale,Sans collision,,,,,,,,,,,1,1,1,1.0,7.0
201800005940,0018-04-22 17:30:00,18,4,22,17,30,70,8,GREYLAS  (chemin de),44.71079,4.63323,Plein jour,En agglomération,Hors intersection,Normale,Sans collision,,,,,,,,,,,1,2,1,1.0,7.0
201800005941,0018-05-07 17:10:00,18,5,7,17,10,70,186,PALAIS (COURS DU),44.73476,4.59956,Plein jour,En agglomération,Hors intersection,Normale,Autre collision,,,,,,,,,,,1,2,1,1.0,6.0
201800005942,0018-05-16 06:00:00,18,5,16,6,0,70,186,RN 304 / PONT DU MEZAYON,44.737,4.61579,Crépuscule ou aube,Hors agglomération,Hors intersection,Normale,Sans collision,,,,,,,,,,,2,1,1,1.0,7.0
201800005943,0018-05-25 08:00:00,18,5,25,8,0,70,186,COTE DU BARON,44.7068,4.5898,Plein jour,Hors agglomération,Hors intersection,Normale,Autre collision,,,,,,,,,,,1,1,1,1.0,6.0
201800005944,0018-06-09 11:00:00,18,6,9,11,0,70,186,PALAIS (COURS DU),44.73474,4.60094,Plein jour,En agglomération,Hors intersection,Normale,Autre collision,,,,,,,,,,,1,2,1,1.0,6.0
201800005945,0018-07-22 21:15:00,18,7,22,21,15,70,8,Grande Rue,44.71131,4.63369,Crépuscule ou aube,En agglomération,Hors intersection,Normale,Deux véhicules - frontale,,,,,,,,,,,2,2,1,1.0,1.0
201800005946,0018-08-06 09:40:00,18,8,6,9,40,70,186,PETIT TOURNON (AVENUE DU,44.73803,4.59929,Plein jour,En agglomération,Hors intersection,Normale,Deux véhicules - arrière,,,,,,,,,,,1,2,1,1.0,2.0
201800005947,0018-08-08 14:00:00,18,8,8,14,0,70,186,COUX (AVENUE DE),44.73373,4.6068,Plein jour,En agglomération,Hors intersection,Normale,Deux véhicules - frontale,,,,,,,,,,,1,2,1,1.0,1.0
201800005948,0018-10-28 10:00:00,18,10,28,10,0,70,340,RUISSOL (LE),44.72947,4.57344,Plein jour,En agglomération,Hors intersection,Normale,Sans collision,,,,,,,,,,,1,2,1,1.0,7.0
201800005949,0018-11-03 10:20:00,18,11,3,10,20,70,186,MONTOULON (BLD. DU) DU 1,44.73611,4.5938,Plein jour,En agglomération,Intersection en X,Normale,Deux véhicules - côté,,,,,,,,,,,1,2,2,1.0,3.0
201800005950,0018-01-09 09:30:00,18,1,9,9,30,340,123,D5E5,43.62689,3.78568,Crépuscule ou aube,Hors agglomération,Hors intersection,Normale,Deux véhicules - frontale,,,,,,,,,,,2,1,1,1.0,1.0
201800005951,0018-01-19 15:00:00,18,1,19,15,0,340,163,D111 E1,43.64303,3.69593,Plein jour,En agglomération,Hors intersection,Normale,Deux véhicules - côté,,,,,,,,,,,1,2,1,1.0,3.0
201800005952,0018-02-02 10:45:00,18,2,2,10,45,340,179,route de bel  air,43.60867,3.73812,Plein jour,En agglomération,Intersection en T,Normale,Deux véhicules - côté,,,,,,,,,,,1,2,3,1.0,3.0
201800005953,0018-02-14 20:40:00,18,2,14,20,40,340,134,D5E2,43.59006,3.80095,Nuit avec éclairage non allumé,En agglomération,Intersection en X,Pluie légère,Trois véhicules et plus - collisions multiples,,,,,,,,,,,4,2,2,2.0,5.0
201800005954,0018-06-13 15:28:00,18,6,13,15,28,340,179,D27 E6,43.60421,3.74271,Plein jour,Hors agglomération,Hors intersection,Normale,Autre collision,,,,,,,,,,,1,1,1,1.0,6.0
201800005955,0018-08-20 02:30:00,18,8,20,2,30,340,259,Chemin de St Georges,43.61383,3.78574,Nuit sans éclairage public,En agglomération,Intersection en T,Normale,Autre collision,,,,,,,,,,,3,2,3,1.0,6.0
201800005956,0018-08-20 13:20:00,18,8,20,13,20,340,259,D5E14/D5E5,43.63151,3.76522,Plein jour,Hors agglomération,Intersection en T,Normale,Deux véhicules - côté,,,,,,,,,,,1,1,3,1.0,3.0
201800005957,0018-11-12 20:00:00,18,11,12,20,0,340,123,99 avenue des hauts de f,43.62813,3.79982,Nuit avec éclairage allumé,En agglomération,Hors intersection,Temps couvert,Sans collision,,,,,,,,,,,5,2,1,8.0,7.0
201800005958,0018-12-27 17:50:00,18,12,27,17,50,340,202,D5,43.58275,3.77381,Nuit avec éclairage allumé,Hors agglomération,Hors intersection,Normale,Deux véhicules - arrière,,,,,,,,,,,5,1,1,1.0,2.0
201800005959,0018-02-14 07:00:00,18,2,14,7,0,910,319,A10C  PK 5+300,48.64212,2.15692,Plein jour,Hors agglomération,Hors intersection,Brouillard / fumée,Autre collision,,,,,,,,,,,1,1,1,5.0,6.0
201800005960,0018-02-25 10:10:00,18,2,25,10,10,780,9,"36+100, sens province-PA",48.45991,1.91232,Plein jour,Hors agglomération,Hors intersection,Normale,Deux véhicules - frontale,,,,,,,,,,,1,1,1,1.0,1.0
201800005961,0018-02-28 13:55:00,18,2,28,13,55,780,564,Autoroute A10 PK 32+100,48.51498,1.90802,Plein jour,Hors agglomération,Hors intersection,Normale,Autre collision,,,,,,,,,,,1,1,1,1.0,6.0
201800005962,0018-03-09 18:30:00,18,3,9,18,30,780,9,autoroute A10 PK 36.000,48.4565,1.91164,Plein jour,Hors agglomération,Autre intersection,Normale,Autre collision,,,,,,,,,,,1,1,9,1.0,6.0
201800005963,0018-03-19 21:00:00,18,3,19,21,0,280,363,A10 - PK 041.600 - Sens,48.4046,1.89464,Nuit sans éclairage public,Hors agglomération,Hors intersection,Normale,Autre collision,,,,,,,,,,,3,1,1,1.0,6.0
201800005964,0018-03-31 14:15:00,18,3,31,14,15,910,17,A10C pk 14+200,48.59468,2.04786,Plein jour,Hors agglomération,Hors intersection,Normale,Autre collision,,,,,,,,,,,1,1,1,1.0,6.0
201800005965,0018-04-19 14:15:00,18,4,19,14,15,780,569,AUTOROUTE A10,48.54808,1.91504,Plein jour,Hors agglomération,Hors intersection,Normale,Deux véhicules - arrière,,,,,,,,,,,1,1,1,1.0,2.0
201800005966,0018-04-29 11:20:00,18,4,29,11,20,280,92,Autoroute A10 PK 48+700,48.3528,1.87395,Plein jour,Hors agglomération,Hors intersection,Pluie légère,Deux véhicules - arrière,,,,,,,,,,,1,1,1,2.0,2.0
201800005967,0018-05-08 19:00:00,18,5,8,19,0,910,319,A10C - PK 004+500,48.64212,2.15692,Plein jour,Hors agglomération,Hors intersection,Normale,Autre collision,,,,,,,,,,,1,1,1,1.0,6.0
201800005968,0018-05-10 15:00:00,18,5,10,15,0,280,92,"autoroute A10, P.K 48+80",48.36489,1.88126,Plein jour,Hors agglomération,Hors intersection,Normale,Autre collision,,,,,,,,,,,1,1,1,1.0,6.0
201800005969,0018-05-20 17:30:00,18,5,20,17,30,780,3,AUTOROUTE A11 POINT KILO,48.52415,1.8322,Plein jour,Hors agglomération,Hors intersection,Normale,Autre collision,,,,,,,,,,,1,1,1,1.0,6.0
201800005970,0018-06-17 13:50:00,18,6,17,13,50,280,276,A10 pk 53+200 direction,48.30665,1.86235,Plein jour,Hors agglomération,Hors intersection,Normale,Deux véhicules - côté,,,,,,,,,,,1,1,1,1.0,3.0
201800005971,0018-07-08 05:10:00,18,7,8,5,10,780,349,A10 PK016+500 sens PARIS,48.57449,2.00176,Crépuscule ou aube,Hors agglomération,Hors intersection,Normale,Autre collision,,,,,,,,,,,2,1,1,1.0,6.0
201800005972,0018-07-25 03:05:00,18,7,25,3,5,910,249,A10 C,48.60129,2.06842,Nuit sans éclairage public,Hors agglomération,Hors intersection,Normale,Deux véhicules - arrière,,,,,,,,,,,3,1,1,1.0,2.0
201800005973,0018-07-27 11:00:00,18,7,27,11,0,780,349,"Autoroute A10, PK 017+98",48.57426,2.00179,Plein jour,Hors agglomération,Hors intersection,Normale,Deux véhicules - arrière,,,,,,,,,,,1,1,1,1.0,2.0
201800005974,0018-08-03 06:40:00,18,8,3,6,40,780,506,A11,48.51873,1.79493,Crépuscule ou aube,Hors agglomération,Hors intersection,Normale,Sans collision,,,,,,,,,,,2,1,1,1.0,7.0
201800005975,0018-08-12 13:00:00,18,8,12,13,0,280,169,autoroute A10 pk 39+500,48.43471,1.90505,Plein jour,Hors agglomération,Hors intersection,Normale,Autre collision,,,,,,,,,,,1,1,1,1.0,6.0
201800005976,0018-08-17 09:55:00,18,8,17,9,55,780,601,A11 - PK 027+500,48.53933,1.88927,Plein jour,Hors agglomération,Hors intersection,Normale,Autre collision,,,,,,,,,,,1,1,1,1.0,6.0
201800005977,0018-08-29 04:10:00,18,8,29,4,10,780,9,autoroute A10 pk 32+900,48.47784,1.91337,Nuit sans éclairage public,Hors agglomération,Hors intersection,Pluie légère,Autre collision,,,,,,,,,,,3,1,1,2.0,6.0
201800005978,0018-09-24 15:40:00,18,9,24,15,40,780,3,A11 PK 030.805,48.52836,1.84201,Plein jour,Hors agglomération,Hors intersection,Normale,Trois véhicules et plus - collisions multiples,,,,,,,,,,,1,1,1,1.0,5.0
201800005979,0018-10-22 01:10:00,18,10,22,1,10,780,349,A10 PK 21 sens Paris Pro,48.56469,1.97351,Nuit sans éclairage public,Hors agglomération,Hors intersection,Normale,Trois véhicules et plus - collisions multiples,,,,,,,,,,,3,1,1,1.0,5.0
201800005980,0018-12-08 19:50:00,18,12,8,19,50,910,249,"A10C, Pk11+000",48.60352,2.07493,Nuit sans éclairage public,Hors agglomération,Hors intersection,Pluie légère,Autre collision,,,,,,,,,,,3,1,1,2.0,6.0
201800005981,0018-04-08 07:30:00,18,4,8,7,30,690,80,RD103E route de ST ROMAI,45.55246,4.71457,Plein jour,En agglomération,Hors intersection,Normale,Deux véhicules - arrière,,,,,,,,,,,1,2,1,1.0,2.0
201800005982,0018-04-08 15:45:00,18,4,8,15,45,690,119,rd625 - lieu dit la cave,45.49399,4.66773,Plein jour,Hors agglomération,Hors intersection,Normale,Sans collision,,,,,,,,,,,1,1,1,1.0,7.0
201800005983,0018-04-24 16:50:00,18,4,24,16,50,690,64,Route départementale 28,45.49653,4.72171,Plein jour,Hors agglomération,Intersection en X,Normale,Deux véhicules - côté,,,,,,,,,,,1,1,2,1.0,3.0
201800005984,0018-06-24 17:40:00,18,6,24,17,40,690,97,D502 4726 LE GRAND PRÉ,45.52211,4.74227,Plein jour,Hors agglomération,Hors intersection,Normale,Deux véhicules - côté,,,,,,,,,,,1,1,1,1.0,3.0
201800005985,0018-07-20 12:15:00,18,7,20,12,15,690,253,ROUTE DE LYON,45.48356,4.78945,Plein jour,Hors agglomération,Hors intersection,Normale,Deux véhicules - arrière,,,,,,,,,,,1,1,1,1.0,2.0
201800005986,0018-08-07 19:40:00,18,8,7,19,40,690,64,route départementale 28,45.4965,4.7218,Plein jour,Hors agglomération,Intersection en X,Normale,Deux véhicules - côté,,,,,,,,,,,1,1,2,1.0,3.0
201800005987,0018-09-11 17:00:00,18,9,11,17,0,690,7,carrefour D386/D45E,45.49784,4.82383,Plein jour,Hors agglomération,Intersection en T,Normale,Deux véhicules - côté,,,,,,,,,,,1,1,3,1.0,3.0
201800005988,0018-09-29 15:00:00,18,9,29,15,0,690,118,124 rue du 11 novembre,45.55921,4.80783,Plein jour,En agglomération,Hors intersection,Normale,Autre collision,,,,,,,,,,,1,2,1,1.0,6.0
201800005989,0018-11-19 18:15:00,18,11,19,18,15,690,7,1 boulevard des allées,45.4887,4.80899,Nuit avec éclairage allumé,En agglomération,Place,Pluie légère,Deux véhicules - côté,,,,,,,,,,,5,2,7,2.0,3.0
201800005990,0018-12-17 19:55:00,18,12,17,19,55,690,64,69 rue nationale,45.46104,4.76638,Nuit avec éclairage allumé,En agglomération,Hors intersection,Normale,Autre collision,,,,,,,,,,,5,2,1,1.0,6.0
201800005991,0018-01-10 19:30:00,18,1,10,19,30,330,229,RD 106 - Blagon,44.7815,-0.94557,Nuit sans éclairage public,Hors agglomération,Hors intersection,Normale,Sans collision,,,,,,,,,,,3,1,1,1.0,7.0
201800005992,0018-04-25 10:40:00,18,4,25,10,40,330,229,résidence Les Sablines,44.70241,-1.0343,Plein jour,En agglomération,Hors intersection,Normale,Autre collision,,,,,,,,,,,1,2,1,1.0,6.0
201800005993,0018-06-15 18:07:00,18,6,15,18,7,330,229,25 Avenue de la Républiq,44.71082,-1.05402,Plein jour,En agglomération,Intersection en T,Normale,Deux véhicules - frontale,,,,,,,,,,,1,2,3,1.0,1.0
201800005994,0018-07-01 11:00:00,18,7,1,11,0,330,229,RD106 PK 31,44.78088,-0.9507,Plein jour,Hors agglomération,Hors intersection,Normale,Autre collision,,,,,,,,,,,1,1,1,1.0,6.0
201800005995,0018-07-05 10:20:00,18,7,5,10,20,330,5,VC Espl Broustic/RD215,44.74252,-1.0977,Plein jour,En agglomération,Intersection en T,Normale,Autre collision,,,,,,,,,,,1,2,3,1.0,6.0
201800005996,0018-09-02 19:00:00,18,9,2,19,0,330,5,88 boulevard de la Répub,44.73622,-1.08718,Plein jour,En agglomération,Intersection en X,Normale,Deux véhicules - côté,,,,,,,,,,,1,2,2,1.0,3.0
201800005997,0018-10-19 07:50:00,18,10,19,7,50,330,5,RD3E8,44.74002,-1.0936,Crépuscule ou aube,En agglomération,Hors intersection,Normale,Autre collision,,,,,,,,,,,2,2,1,1.0,6.0
201800005998,0018-02-03 19:15:00,18,2,3,19,15,950,149,RD 316,49.1336,2.4351,Nuit sans éclairage public,Hors agglomération,Hors intersection,Pluie légère,Deux véhicules - arrière,,,,,,,,,,,3,1,1,2.0,2.0
201800005999,0018-10-01 10:40:00,18,10,1,10,40,600,505,GRANDE RUE,49.15501,2.55033,Plein jour,En agglomération,Hors intersection,Normale,Deux véhicules - côté,,,,,,,,,,,1,2,1,1.0,3.0
201800006000,0018-12-19 19:10:00,18,12,19,19,10,600,482,Route de la Foret  Hame,49.15491,2.52094,Nuit avec éclairage allumé,En agglomération,Intersection en T,Normale,Trois véhicules et plus - collisions multiples,,,,,,,,,,,5,2,3,1.0,5.0
201800006001,0018-01-18 16:05:00,18,1,18,16,5,730,257,D117,45.38617,6.50348,Crépuscule ou aube,Hors agglomération,Hors intersection,Neige / grêle,Autre collision,,,,,,,,,,,2,1,1,4.0,6.0
201800006002,0018-03-12 08:45:00,18,3,12,8,45,730,257,Route Départementale 117,45.32253,6.53454,Plein jour,Hors agglomération,Hors intersection,Neige / grêle,Deux véhicules - frontale,,,,,,,,,,,1,1,1,4.0,1.0
201800006003,0018-07-19 09:00:00,18,7,19,9,0,730,257,RD 117,45.38188,6.50455,Plein jour,Hors agglomération,Hors intersection,Normale,Autre collision,,,,,,,,,,,1,1,1,1.0,6.0
201800006004,0018-11-04 01:50:00,18,11,4,1,50,730,257,Route départementale 915,45.46316,6.54186,Nuit sans éclairage public,Hors agglomération,Hors intersection,Normale,Autre collision,,,,,,,,,,,3,1,1,1.0,6.0
201800006005,0018-01-15 07:30:00,18,1,15,7,30,510,545,A26,48.74886,4.22976,Crépuscule ou aube,Hors agglomération,Hors intersection,Normale,Deux véhicules - arrière,,,,,,,,,,,2,1,1,1.0,2.0
201800006006,0018-02-09 19:15:00,18,2,9,19,15,510,409,A26,48.86204,4.28586,Nuit sans éclairage public,Hors agglomération,Hors intersection,Neige / grêle,Deux véhicules - arrière,,,,,,,,,,,3,1,1,4.0,2.0
201800006007,0018-02-12 11:50:00,18,2,12,11,50,510,205,A4,49.03378,4.39444,Plein jour,Hors agglomération,Hors intersection,Normale,Autre collision,,,,,,,,,,,1,1,1,1.0,6.0
201800006008,0018-03-24 08:55:00,18,3,24,8,55,510,595,A26,48.79329,4.27152,Plein jour,Hors agglomération,Autre intersection,Normale,Autre collision,,,,,,,,,,,1,1,9,1.0,6.0
201800006009,0018-04-07 15:30:00,18,4,7,15,30,510,312,A26,49.04921,4.28305,Plein jour,Hors agglomération,Autre intersection,Normale,Trois véhicules et plus - en chaîne,,,,,,,,,,,1,1,9,1.0,4.0
201800006010,0018-08-18 02:08:00,18,8,18,2,8,510,99,A26,48.79767,4.276,Nuit sans éclairage public,Hors agglomération,Hors intersection,Normale,Autre collision,,,,,,,,,,,3,1,1,1.0,6.0
201800006011,0018-01-11 21:30:00,18,1,11,21,30,770,333,Autoroute A6 - PK 71+300,48.28333,2.69944,Nuit sans éclairage public,Hors agglomération,Hors intersection,Temps couvert,Trois véhicules et plus - collisions multiples,,,,,,,,,,,3,1,1,8.0,5.0
201800006012,0018-01-31 19:10:00,18,1,31,19,10,770,6,Autoroute A6 PK 51+120,48.41853,2.54313,Nuit sans éclairage public,Hors agglomération,Autre intersection,Pluie forte,Autre collision,,,,,,,,,,,3,1,9,3.0,6.0
201800006013,0018-03-12 16:30:00,18,3,12,16,30,770,185,D637 X D50,48.4637,2.55497,Plein jour,Hors agglomération,Intersection en X,Normale,Deux véhicules - côté,,,,,,,,,,,1,1,2,1.0,3.0
201800006014,0018-03-19 10:00:00,18,3,19,10,0,770,407,"Autoroute A6, PK 40+400",48.51045,2.50914,Plein jour,Hors agglomération,Hors intersection,Normale,Autre collision,,,,,,,,,,,1,1,1,1.0,6.0
201800006015,0018-04-02 06:30:00,18,4,2,6,30,770,359,A6 - BRETELLE N37,48.4812,2.51428,Nuit sans éclairage public,Hors agglomération,Hors intersection,Normale,Deux véhicules - côté,,,,,,,,,,,3,1,1,1.0,3.0
201800006016,0018-04-16 10:45:00,18,4,16,10,45,770,185,Péage de FLEURY,48.44174,2.53189,Plein jour,Hors agglomération,Hors intersection,Normale,Deux véhicules - arrière,,,,,,,,,,,1,1,1,1.0,2.0
201800006017,0018-04-20 03:00:00,18,4,20,3,0,450,32,Autoroute A6 PK 095+535,48.13402,2.93093,Nuit sans éclairage public,Hors agglomération,Hors intersection,Normale,Autre collision,,,,,,,,,,,3,1,1,1.0,6.0
201800006018,0018-04-26 00:35:00,18,4,26,0,35,770,185,N37,48.46811,2.53849,Nuit sans éclairage public,Hors agglomération,Autre intersection,Normale,Sans collision,,,,,,,,,,,3,1,9,1.0,7.0
201800006019,0018-04-14 04:30:00,18,4,14,4,30,770,71,Autoroute A6,48.19671,2.80816,Nuit sans éclairage public,Hors agglomération,Hors intersection,Normale,Deux véhicules - arrière,,,,,,,,,,,3,1,1,1.0,2.0
201800006020,0018-06-06 17:40:00,18,6,6,17,40,770,520,A6 - pk 65+600,48.31293,2.63851,Plein jour,Hors agglomération,Hors intersection,Pluie forte,Autre collision,,,,,,,,,,,1,1,1,3.0,6.0
201800006021,0018-06-12 23:05:00,18,6,12,23,5,770,168,point kilométrique 090+4,48.16147,2.87837,Nuit sans éclairage public,Hors agglomération,Hors intersection,Normale,Deux véhicules - arrière,,,,,,,,,,,3,1,1,1.0,2.0
201800006022,0018-06-27 15:20:00,18,6,27,15,20,770,69,D6037 X VC3 006+405,48.45748,2.58807,Plein jour,Hors agglomération,Intersection en X,Normale,Deux véhicules - côté,,,,,,,,,,,1,1,2,1.0,3.0
201800006023,0018-07-21 05:10:00,18,7,21,5,10,770,168,"Autoroute A6, PK 89+100",48.16916,2.86499,Crépuscule ou aube,Hors agglomération,Hors intersection,Normale,Trois véhicules et plus - en chaîne,,,,,,,,,,,2,1,1,1.0,4.0
201800006024,0018-08-21 12:55:00,18,8,21,12,55,770,185,A6 - PEAGE FLEURY EN B.,48.42574,2.54005,Plein jour,Hors agglomération,Hors intersection,Normale,Deux véhicules - arrière,,,,,,,,,,,1,1,1,1.0,2.0
201800006025,0018-09-25 07:50:00,18,9,25,7,50,770,520,A6 - PROVINCE PARIS,48.31504,2.63075,Plein jour,Hors agglomération,Hors intersection,Normale,Trois véhicules et plus - en chaîne,,,,,,,,,,,1,1,1,1.0,4.0
201800006026,0018-09-29 23:20:00,18,9,29,23,20,770,156,AIRE SERVICE DARVAULT,48.26245,2.7241,Nuit avec éclairage allumé,Hors agglomération,Hors intersection,Normale,Deux véhicules - arrière,,,,,,,,,,,5,1,1,1.0,2.0
201800006027,0018-09-29 11:30:00,18,9,29,11,30,770,333,A6 - PARIS PROVINCE,48.25477,2.73001,Plein jour,Hors agglomération,Hors intersection,Temps éblouissant,Deux véhicules - arrière,,,,,,,,,,,1,1,1,7.0,2.0
201800006028,0018-10-11 03:30:00,18,10,11,3,30,770,168,A6 - POINT ARRET URGENCE,48.17276,2.85941,Nuit sans éclairage public,Hors agglomération,Hors intersection,Pluie légère,Deux véhicules - côté,,,,,,,,,,,3,1,1,2.0,3.0
201800006029,0018-10-17 16:05:00,18,10,17,16,5,770,69,"RD 637, PK 08+410 sens P",48.4551,2.6157,Plein jour,Hors agglomération,Hors intersection,Normale,Autre collision,,,,,,,,,,,1,1,1,1.0,6.0
201800006030,0018-11-11 18:15:00,18,11,11,18,15,770,6,Autoroute A6 - PK 51+500,48.41566,2.54573,Nuit avec éclairage allumé,Hors agglomération,Autre intersection,Pluie légère,Autre collision,,,,,,,,,,,5,1,9,2.0,6.0
201800006031,0018-11-28 14:10:00,18,11,28,14,10,770,185,RD 637,48.46486,2.54974,Plein jour,Hors agglomération,Hors intersection,Pluie légère,Sans collision,,,,,,,,,,,1,1,1,2.0,7.0
201800006032,0018-11-28 08:00:00,18,11,28,8,0,910,441,A6,48.50699,2.51103,Crépuscule ou aube,Hors agglomération,Hors intersection,Pluie forte,Autre collision,,,,,,,,,,,2,1,1,3.0,6.0
201800006033,0018-12-16 16:00:00,18,12,16,16,0,770,88,Autoroute A6 PK 62+800 s,48.3255,2.60622,Plein jour,Hors agglomération,Hors intersection,Pluie légère,Autre collision,,,,,,,,,,,1,1,1,2.0,6.0
201800006034,0018-12-21 04:40:00,18,12,21,4,40,770,168,"Autoroute A6, PK 089+150",48.16934,2.86474,Nuit sans éclairage public,Hors agglomération,Hors intersection,Pluie légère,Autre collision,,,,,,,,,,,3,1,1,2.0,6.0
201800006035,0018-12-27 09:30:00,18,12,27,9,30,770,477,A6 - PARIS PROVINCE,48.34778,2.58781,Plein jour,Hors agglomération,Hors intersection,Brouillard / fumée,Autre collision,,,,,,,,,,,1,1,1,5.0,6.0
201800006036,0018-01-01 06:05:00,18,1,1,6,5,620,42,RD950,50.31508,2.83899,Nuit sans éclairage public,Hors agglomération,Hors intersection,Pluie légère,Sans collision,,,,,,,,,,,3,1,1,2.0,7.0
201800006037,0018-01-08 19:10:00,18,1,8,19,10,620,559,autoroute A26 sens REIMS,50.20845,3.10022,Nuit sans éclairage public,Hors agglomération,Hors intersection,Normale,Autre collision,,,,,,,,,,,3,1,1,1.0,6.0
201800006038,0018-02-19 19:50:00,18,2,19,19,50,620,873,autoroute A1 sens PARIS-,50.25409,2.85908,Nuit sans éclairage public,Hors agglomération,Hors intersection,Pluie légère,Trois véhicules et plus - en chaîne,,,,,,,,,,,3,1,1,2.0,4.0
201800006039,0018-03-18 14:50:00,18,3,18,14,50,620,355,"autoroute A1, sens LILLE",50.33756,2.92588,Plein jour,Hors agglomération,Hors intersection,Normale,Autre collision,,,,,,,,,,,1,1,1,1.0,6.0
201800006040,0018-03-15 17:35:00,18,3,15,17,35,620,280,A26,50.25763,3.00831,Plein jour,Hors agglomération,Hors intersection,Normale,Sans collision,,,,,,,,,,,1,1,1,1.0,7.0
201800006041,0018-03-31 04:37:00,18,3,31,4,37,620,317,A26,50.26451,2.99156,Nuit sans éclairage public,Hors agglomération,Hors intersection,Normale,Sans collision,,,,,,,,,,,3,1,1,1.0,7.0
201800006042,0018-05-06 23:55:00,18,5,6,23,55,620,873,A1,50.25409,2.85908,Nuit sans éclairage public,Hors agglomération,Hors intersection,Normale,Trois véhicules et plus - en chaîne,,,,,,,,,,,3,1,1,1.0,4.0
201800006043,0018-06-17 07:15:00,18,6,17,7,15,620,121,A1,50.13381,2.8719,Plein jour,Hors agglomération,Hors intersection,Temps couvert,Deux véhicules - arrière,,,,,,,,,,,1,1,1,8.0,2.0
201800006044,0018-06-22 15:15:00,18,6,22,15,15,620,427,autoroute A1,50.39402,2.98257,Plein jour,Hors agglomération,Hors intersection,Normale,Deux véhicules - côté,,,,,,,,,,,1,1,1,1.0,3.0
201800006045,0018-06-22 02:30:00,18,6,22,2,30,620,259,A1,50.19746,2.86913,Nuit sans éclairage public,Hors agglomération,Hors intersection,Temps couvert,Autre collision,,,,,,,,,,,3,1,1,8.0,6.0
201800006046,0018-06-09 00:20:00,18,6,9,0,20,620,384,Autoroute A2,50.13387,3.11119,Nuit sans éclairage public,Hors agglomération,Hors intersection,Normale,Trois véhicules et plus - en chaîne,,,,,,,,,,,3,1,1,1.0,4.0
201800006047,0018-07-06 21:05:00,18,7,6,21,5,620,829,Autoroute A.1,50.0556,2.87428,Plein jour,Hors agglomération,Hors intersection,Normale,Trois véhicules et plus - collisions multiples,,,,,,,,,,,1,1,1,1.0,5.0
201800006048,0018-08-10 17:30:00,18,8,10,17,30,620,280,Autoroute A26 sens Calai,50.25825,3.00661,Plein jour,Hors agglomération,Hors intersection,Normale,Sans collision,,,,,,,,,,,1,1,1,1.0,7.0
201800006049,0018-09-18 08:47:00,18,9,18,8,47,620,829,autoroute A1,50.0472,2.87627,Plein jour,Hors agglomération,Hors intersection,Normale,Deux véhicules - arrière,,,,,,,,,,,1,1,1,1.0,2.0
201800006050,0018-10-29 09:40:00,18,10,29,9,40,620,829,Autoroute A1,50.0472,2.87627,Plein jour,Hors agglomération,Hors intersection,Normale,Trois véhicules et plus - en chaîne,,,,,,,,,,,1,1,1,1.0,4.0
201800006051,0018-11-20 02:28:00,18,11,20,2,28,620,873,Autoroute A1,50.25409,2.85908,Nuit sans éclairage public,Hors agglomération,Hors intersection,Normale,Deux véhicules - arrière,,,,,,,,,,,3,1,1,1.0,2.0
201800006052,0018-12-28 07:30:00,18,12,28,7,30,620,829,autoroute A1,50.0472,2.87627,Nuit sans éclairage public,Hors agglomération,Hors intersection,Brouillard / fumée,Trois véhicules et plus - collisions multiples,,,,,,,,,,,3,1,1,5.0,5.0
201800006053,0018-12-28 20:00:00,18,12,28,20,0,620,594,A1,50.15724,2.87326,Nuit sans éclairage public,Hors agglomération,Hors intersection,Normale,Deux véhicules - arrière,,,,,,,,,,,3,1,1,1.0,2.0
201800006054,0018-01-08 20:15:00,18,1,8,20,15,800,685,,49.70118,2.7715,Nuit sans éclairage public,Hors agglomération,Autre intersection,Normale,Autre collision,,,,,,,,,,,3,1,9,1.0,6.0
201800006055,0018-02-21 18:45:00,18,2,21,18,45,800,521,A1,49.96905,2.86115,Nuit sans éclairage public,Hors agglomération,Hors intersection,Normale,Autre collision,,,,,,,,,,,3,1,1,1.0,6.0
201800006056,0018-05-17 08:10:00,18,5,17,8,10,800,204,A1,50.00848,2.87694,Plein jour,Hors agglomération,Hors intersection,Normale,Deux véhicules - arrière,,,,,,,,,,,1,1,1,1.0,2.0
201800006057,0018-05-19 02:25:00,18,5,19,2,25,800,467,A1,49.6655,2.76827,Nuit sans éclairage public,Hors agglomération,Hors intersection,Normale,Deux véhicules - côté,,,,,,,,,,,3,1,1,1.0,3.0