accident_id,datetime,annee,mois,jour,heure,minute,departement,commune_insee,adresse,latitude,longitude,luminosite,agglomeration,intersection,meteo,collision,nb_vehicules,nb_usagers,nb_indemnes,nb_tues,nb_blesses_hosp,nb_blesses_legers,age_cond_1,age_cond_2,veh_type_cond_1,veh_type_cond_2,lum_code,agg_code,int_code,atm_code,col_code
201800006174,0018-08-21 14:08:00,18,8,21,14,8,600,100,"autoroute A1, PK 50+800,",49.24971,2.6789,Plein jour,Hors agglomération,Hors intersection,Normale,Deux véhicules - arrière,,,,,,,,,,,1,1,1,1.0,2.0
201800006175,0018-09-01 21:50:00,18,9,1,21,50,600,138,Autoroute A1 sens Paris-,49.21937,2.63421,Nuit sans éclairage public,Hors agglomération,Hors intersection,Normale,Autre collision,,,,,,,,,,,3,1,1,1.0,6.0
201800006176,0018-10-08 08:00:00,18,10,8,8,0,600,149,A1 sens Paris-Lille PK 0,49.3377,2.69495,Crépuscule ou aube,Hors agglomération,Hors intersection,Normale,Autre collision,,,,,,,,,,,2,1,1,1.0,6.0
201800006177,0018-11-01 07:30:00,18,11,1,7,30,600,229,PK 64+000 sens P L,49.37455,2.70413,Crépuscule ou aube,Hors agglomération,Hors intersection,Normale,Deux véhicules - arrière,,,,,,,,,,,2,1,1,1.0,2.0
201800006178,0018-01-08 22:30:00,18,1,8,22,30,690,13,autoroute A6,46.01625,4.7275,Nuit sans éclairage public,Hors agglomération,Hors intersection,Temps couvert,Autre collision,,,,,,,,,,,3,1,1,8.0,6.0
201800006179,0018-01-09 16:55:00,18,1,9,16,55,690,206,A6 sens Lyon Paris PK 41,46.05917,4.73622,Plein jour,Hors agglomération,Hors intersection,Normale,Autre collision,,,,,,,,,,,1,1,1,1.0,6.0
201800006180,0018-03-26 16:25:00,18,3,26,16,25,690,13,A6 Point kilométrique 42,46.00748,4.73141,Plein jour,Hors agglomération,Hors intersection,Normale,Deux véhicules - arrière,,,,,,,,,,,1,1,1,1.0,2.0
201800006181,0018-04-30 21:30:00,18,4,30,21,30,690,115,a6,45.97362,4.73209,Nuit avec éclairage allumé,Hors agglomération,Autre intersection,Pluie légère,Autre collision,,,,,,,,,,,5,1,9,2.0,6.0
201800006182,0018-05-06 00:15:00,18,5,6,0,15,690,206,route du crochet,46.05223,4.69559,Nuit sans éclairage public,Hors agglomération,Hors intersection,Normale,Autre collision,,,,,,,,,,,3,1,1,1.0,6.0
201800006183,0018-05-09 15:45:00,18,5,9,15,45,690,77,A6,46.16517,4.77086,Plein jour,Hors agglomération,Autre intersection,Normale,Deux véhicules - arrière,,,,,,,,,,,1,1,9,1.0,2.0
201800006184,0018-05-13 17:22:00,18,5,13,17,22,690,206,A6,46.05917,4.73622,Plein jour,Hors agglomération,Hors intersection,Pluie forte,Deux véhicules - arrière,,,,,,,,,,,1,1,1,3.0,2.0
201800006185,0018-05-27 05:00:00,18,5,27,5,0,690,242,AUTOROUTE A6 - SENS PARI,46.12346,4.76405,Nuit sans éclairage public,Hors agglomération,Autre intersection,Pluie forte,Trois véhicules et plus - en chaîne,,,,,,,,,,,3,1,9,3.0,4.0
201800006186,0018-10-15 10:35:00,18,10,15,10,35,690,19,A6,46.09803,4.74855,Plein jour,Hors agglomération,Autre intersection,Normale,Deux véhicules - côté,,,,,,,,,,,1,1,9,1.0,3.0
201800006187,0018-10-15 15:49:00,18,10,15,15,49,690,206,A6,46.09618,4.74759,Plein jour,Hors agglomération,Hors intersection,Normale,Deux véhicules - arrière,,,,,,,,,,,1,1,1,1.0,2.0
201800006188,0018-10-17 06:30:00,18,10,17,6,30,690,77,autoroute A6,46.14978,4.77025,Nuit sans éclairage public,Hors agglomération,Hors intersection,Normale,Trois véhicules et plus - collisions multiples,,,,,,,,,,,3,1,1,1.0,5.0
201800006189,0018-11-08 15:10:00,18,11,8,15,10,690,19,A6,46.09803,4.74855,Plein jour,Hors agglomération,Hors intersection,Pluie forte,Deux véhicules - frontale,,,,,,,,,,,1,1,1,3.0,1.0
201800006190,0018-07-24 23:20:00,18,7,24,23,20,590,597,"A2, PK 32, sens BRUXELLE",50.20061,3.21564,Nuit sans éclairage public,Hors agglomération,Hors intersection,Normale,Trois véhicules et plus - en chaîne,,,,,,,,,,,3,1,1,1.0,4.0
201800006191,0018-08-24 03:30:00,18,8,24,3,30,590,377,autoroute A.26,50.11143,3.17454,Nuit sans éclairage public,Hors agglomération,Autre intersection,Normale,Deux véhicules - arrière,,,,,,,,,,,3,1,9,1.0,2.0
201800006192,0018-06-04 08:18:00,18,6,4,8,18,640,230,RN 134 - PK 54+134,43.1647,-0.44379,Plein jour,Hors agglomération,Hors intersection,Normale,Trois véhicules et plus - collisions multiples,,,,,,,,,,,1,1,1,1.0,5.0
201800006193,0018-11-02 14:24:00,18,11,2,14,24,640,65,D918 - PR 004+500 -,43.3601,-1.63479,Plein jour,Hors agglomération,Autre intersection,Normale,Deux véhicules - côté,,,,,,,,,,,1,1,9,1.0,3.0
201800006194,0018-02-06 08:08:00,18,2,6,8,8,380,231,D522,45.51094,5.1838,Crépuscule ou aube,Hors agglomération,Hors intersection,Brouillard / fumée,Deux véhicules - côté,,,,,,,,,,,2,1,1,5.0,3.0
201800006195,0018-02-21 12:30:00,18,2,21,12,30,380,480,D75 Rte de la Rosière,45.56149,4.97961,Plein jour,Hors agglomération,Intersection en Y,Normale,Deux véhicules - frontale,,,,,,,,,,,1,1,4,1.0,1.0
201800006196,0018-02-22 09:00:00,18,2,22,9,0,380,348,A43 PK 036.400,45.57413,5.31057,Plein jour,Hors agglomération,Hors intersection,Normale,Deux véhicules - arrière,,,,,,,,,,,1,1,1,1.0,2.0
201800006197,0018-03-09 10:30:00,18,3,9,10,30,380,449,D75 - PR 23+200,45.64805,5.11172,Plein jour,Hors agglomération,Hors intersection,Normale,Deux véhicules - côté,,,,,,,,,,,1,1,1,1.0,3.0
201800006198,0018-03-12 09:37:00,18,3,12,9,37,380,475,RD 75 PR 26+700,45.66564,5.14004,Plein jour,En agglomération,Hors intersection,Normale,Deux véhicules - côté,,,,,,,,,,,1,2,1,1.0,3.0
201800006199,0018-03-21 16:00:00,18,3,21,16,0,380,381,pk 52.500 sens chambery,45.56368,5.48926,Plein jour,Hors agglomération,Hors intersection,Normale,Sans collision,,,,,,,,,,,1,1,1,1.0,7.0
201800006200,0018-04-22 18:29:00,18,4,22,18,29,380,401,Autoroute A43 - PK 48.15,45.56077,5.42364,Plein jour,Hors agglomération,Hors intersection,Normale,Autre collision,,,,,,,,,,,1,1,1,1.0,6.0
201800006201,0018-05-25 13:46:00,18,5,25,13,46,380,97,D24A,45.76767,5.18131,Plein jour,En agglomération,Hors intersection,Normale,Deux véhicules - frontale,,,,,,,,,,,1,2,1,1.0,1.0
201800006202,0018-06-26 18:51:00,18,6,26,18,51,380,415,D18,45.64272,5.23952,Plein jour,Hors agglomération,Intersection en X,Temps éblouissant,Trois véhicules et plus - en chaîne,,,,,,,,,,,1,1,2,7.0,4.0
201800006203,0018-07-15 23:50:00,18,7,15,23,50,380,276,A43,45.58209,5.30331,Nuit sans éclairage public,Hors agglomération,Hors intersection,Normale,Autre collision,,,,,,,,,,,3,1,1,1.0,6.0
201800006204,0018-07-31 15:45:00,18,7,31,15,45,380,449,D1006,45.65267,5.11824,Plein jour,Hors agglomération,Hors intersection,Normale,Sans collision,,,,,,,,,,,1,1,1,1.0,7.0
201800006205,0018-08-25 17:20:00,18,8,25,17,20,380,377,"A43- PK 52,916",45.56364,5.48693,Plein jour,Hors agglomération,Hors intersection,Normale,Sans collision,,,,,,,,,,,1,1,1,1.0,7.0
201800006206,0018-09-09 09:50:00,18,9,9,9,50,380,53,a43 - pk 36,45.58885,5.29969,Plein jour,Hors agglomération,Hors intersection,Normale,Deux véhicules - arrière,,,,,,,,,,,1,1,1,1.0,2.0
201800006207,0018-09-10 16:30:00,18,9,10,16,30,380,85,32 route de Lyon,45.74968,5.15753,Plein jour,En agglomération,Hors intersection,Normale,Deux véhicules - frontale,,,,,,,,,,,1,2,1,1.0,1.0
201800006208,0018-09-13 08:45:00,18,9,13,8,45,380,553,autoroute A43. PK 25,45.63025,5.16522,Plein jour,Hors agglomération,Hors intersection,Normale,Trois véhicules et plus - en chaîne,,,,,,,,,,,1,1,1,1.0,4.0
201800006209,0018-09-26 13:00:00,18,9,26,13,0,380,498,Lieu dit le Javet,45.52965,5.34396,Plein jour,Hors agglomération,Hors intersection,Normale,Deux véhicules - frontale,,,,,,,,,,,1,1,1,1.0,1.0
201800006210,0018-10-02 09:00:00,18,10,2,9,0,380,377,a43,45.56357,5.49552,Plein jour,Hors agglomération,Hors intersection,Normale,Autre collision,,,,,,,,,,,1,1,1,1.0,6.0
201800006211,0018-10-13 23:38:00,18,10,13,23,38,380,530,A43,45.62117,5.18353,Nuit sans éclairage public,Hors agglomération,Hors intersection,Normale,Deux véhicules - arrière,,,,,,,,,,,3,1,1,1.0,2.0
201800006212,0018-10-20 10:35:00,18,10,20,10,35,380,64,"A43, PK 044+800",45.56029,5.38619,Plein jour,Hors agglomération,Hors intersection,Normale,Deux véhicules - frontale,,,,,,,,,,,1,1,1,1.0,1.0
201800006213,0018-10-25 07:21:00,18,10,25,7,21,380,509,Autoroute A43. PK 049+20,45.55849,5.4537,Nuit sans éclairage public,Hors agglomération,Hors intersection,Normale,Deux véhicules - arrière,,,,,,,,,,,3,1,1,1.0,2.0
201800006214,0018-11-07 17:00:00,18,11,7,17,0,380,553,D126,45.6234,5.15483,Crépuscule ou aube,En agglomération,Intersection en Y,Temps couvert,Deux véhicules - arrière,,,,,,,,,,,2,2,4,8.0,2.0
201800006215,0018-11-13 13:44:00,18,11,13,13,44,380,449,intersection A43 et RD 3,45.6563,5.10002,Plein jour,Hors agglomération,Giratoire,Normale,Deux véhicules - côté,,,,,,,,,,,1,1,6,1.0,3.0
201800006216,0018-11-21 11:00:00,18,11,21,11,0,380,449,D311. PR00+500,45.64484,5.10413,Plein jour,Hors agglomération,Hors intersection,Temps couvert,Deux véhicules - arrière,,,,,,,,,,,1,1,1,8.0,2.0
201800006217,0018-12-15 00:36:00,18,12,15,0,36,380,64,autoroute A43 PK 046.000,45.56174,5.37826,Nuit sans éclairage public,Hors agglomération,Hors intersection,Normale,Deux véhicules - arrière,,,,,,,,,,,3,1,1,1.0,2.0
201800006218,0018-12-21 19:30:00,18,12,21,19,30,380,348,Autoroute A43 PK 040+300,45.57092,5.33232,Nuit sans éclairage public,Hors agglomération,Hors intersection,Pluie légère,Trois véhicules et plus - en chaîne,,,,,,,,,,,3,1,1,2.0,4.0
201800006219,0018-01-07 14:08:00,18,1,7,14,8,680,118,171 Rue du Général de Ga,47.71784,7.42191,Plein jour,En agglomération,Hors intersection,Normale,Autre collision,,,,,,,,,,,1,2,1,1.0,6.0
201800006220,0018-01-19 09:20:00,18,1,19,9,20,680,278,189 rue ile napoleon,47.76738,7.39244,Plein jour,En agglomération,Intersection en X,Temps éblouissant,Deux véhicules - frontale,,,,,,,,,,,1,2,2,7.0,1.0
201800006221,0018-03-23 06:45:00,18,3,23,6,45,680,118,153 rue du général de Ga,47.72088,7.41851,Crépuscule ou aube,En agglomération,Hors intersection,Normale,Deux véhicules - côté,,,,,,,,,,,2,2,1,1.0,3.0
201800006222,0018-03-28 11:10:00,18,3,28,11,10,680,118,99 RUE DU GENERAL DE GAU,47.72879,7.41705,Plein jour,En agglomération,Intersection en X,Normale,Trois véhicules et plus - collisions multiples,,,,,,,,,,,1,2,2,1.0,5.0
201800006223,0018-05-25 07:20:00,18,5,25,7,20,680,118,R de eschentzwiller,47.71925,7.41134,Plein jour,Hors agglomération,Hors intersection,Normale,Autre collision,,,,,,,,,,,1,1,1,1.0,6.0
201800006224,0018-06-15 23:12:00,18,6,15,23,12,680,278,71 Av du general de gaul,47.74984,7.40784,Nuit avec éclairage allumé,En agglomération,Intersection en X,Normale,Deux véhicules - côté,,,,,,,,,,,5,2,2,1.0,3.0
201800006225,0018-07-07 12:50:00,18,7,7,12,50,680,118,26 R DE KEMBS,47.72434,7.4262,Plein jour,En agglomération,Hors intersection,Normale,Deux véhicules - côté,,,,,,,,,,,1,2,1,1.0,3.0
201800006226,0018-08-20 18:00:00,18,8,20,18,0,680,118,2 r des muguets,47.73159,7.41895,Plein jour,En agglomération,Hors intersection,Normale,Deux véhicules - côté,,,,,,,,,,,1,2,1,1.0,3.0
201800006227,0018-09-25 11:30:00,18,9,25,11,30,680,278,18 R Saint Jean,47.74799,7.39834,Plein jour,En agglomération,Intersection en Y,Temps éblouissant,Deux véhicules - côté,,,,,,,,,,,1,2,4,7.0,3.0
201800006228,0018-10-13 17:55:00,18,10,13,17,55,680,278,8 rue de ottmarsheim,47.75068,7.40967,Crépuscule ou aube,En agglomération,Hors intersection,Normale,Autre collision,,,,,,,,,,,2,2,1,1.0,6.0
201800006229,0018-10-20 20:00:00,18,10,20,20,0,680,278,56 r ile napoléon,47.7585,7.40029,Nuit avec éclairage allumé,En agglomération,Intersection en X,Normale,Deux véhicules - frontale,,,,,,,,,,,5,2,2,1.0,1.0
201800006230,0018-03-12 15:24:00,18,3,12,15,24,580,152,N7,46.88423,3.16076,Plein jour,Hors agglomération,Hors intersection,Temps couvert,Deux véhicules - frontale,,,,,,,,,,,1,1,1,8.0,1.0
201800006231,0018-12-31 17:40:00,18,12,31,17,40,950,250,AV DE LA HAUTE GREVE,49.0991,2.5107,Nuit avec éclairage allumé,En agglomération,Hors intersection,Temps couvert,Deux véhicules - côté,,,,,,,,,,,5,2,1,8.0,3.0
201800006232,0018-03-21 17:15:00,18,3,21,17,15,950,580,RD 16,49.0915,2.5313,Plein jour,Hors agglomération,Hors intersection,Normale,Deux véhicules - côté,,,,,,,,,,,1,1,1,1.0,3.0
201800006233,0018-04-14 15:10:00,18,4,14,15,10,950,604,RUE DES ANEMONES,49.1004,2.5321,Plein jour,En agglomération,Hors intersection,Normale,Deux véhicules - côté,,,,,,,,,,,1,2,1,1.0,3.0
201800006234,0018-04-15 18:00:00,18,4,15,18,0,950,580,RUE DE PARIS,49.0919,2.5677,Plein jour,En agglomération,Hors intersection,Normale,Deux véhicules - arrière,,,,,,,,,,,1,2,1,1.0,2.0
201800006235,0018-07-06 12:20:00,18,7,6,12,20,950,580,RD16,49.0853,2.5456,Plein jour,Hors agglomération,Hors intersection,Normale,Trois véhicules et plus - collisions multiples,,,,,,,,,,,1,1,1,1.0,5.0
201800006236,0018-10-30 12:50:00,18,10,30,12,50,950,604,RUE DE LA LIBERTE,49.1023,2.5433,Plein jour,En agglomération,Intersection en T,Normale,Deux véhicules - côté,,,,,,,,,,,1,2,3,1.0,3.0
201800006237,0018-11-11 23:35:00,18,11,11,23,35,950,580,Route Départementale 317,49.0857,2.5298,Nuit sans éclairage public,En agglomération,Hors intersection,Pluie légère,Deux véhicules - arrière,,,,,,,,,,,3,2,1,2.0,2.0
201800006238,0018-04-09 09:05:00,18,4,9,9,5,170,447,D5 - D112E1,46.08356,-0.93748,Plein jour,Hors agglomération,Giratoire,Temps couvert,Sans collision,,,,,,,,,,,1,1,6,8.0,7.0
201800006239,0018-07-03 16:04:00,18,7,3,16,4,170,338,D911,46.1438,-0.72004,Plein jour,Hors agglomération,Hors intersection,Normale,Deux véhicules - côté,,,,,,,,,,,1,1,1,1.0,3.0
201800006240,0018-11-27 14:00:00,18,11,27,14,0,170,267,N11,46.22636,-0.91973,Plein jour,Hors agglomération,Hors intersection,Temps couvert,Deux véhicules - arrière,,,,,,,,,,,1,1,1,8.0,2.0
201800006241,0018-01-12 16:06:00,18,1,12,16,6,170,292,"R.D. 739, POINT ROUTIER",45.96418,-0.73943,Plein jour,Hors agglomération,Hors intersection,Normale,Trois véhicules et plus - collisions multiples,,,,,,,,,,,1,1,1,1.0,5.0
201800006242,0018-02-01 18:19:00,18,2,1,18,19,170,285,A10,45.82222,-0.64498,Nuit sans éclairage public,Hors agglomération,Hors intersection,Neige / grêle,Trois véhicules et plus - collisions multiples,,,,,,,,,,,3,1,1,4.0,5.0
201800006243,0018-02-09 14:20:00,18,2,9,14,20,170,213,A 10 - PK 403+300 - sens,46.04833,-0.537,Plein jour,Hors agglomération,Hors intersection,Normale,Autre collision,,,,,,,,,,,1,1,1,1.0,6.0
201800006244,0018-02-13 16:24:00,18,2,13,16,24,170,354,Autoroute A 10 PK 454.90,45.62144,-0.60851,Plein jour,Hors agglomération,Hors intersection,Normale,Deux véhicules - arrière,,,,,,,,,,,1,1,1,1.0,2.0
201800006245,0018-03-09 07:10:00,18,3,9,7,10,170,183,RD 243 - Les Brunets,45.60396,-0.83677,Plein jour,Hors agglomération,Hors intersection,Normale,Sans collision,,,,,,,,,,,1,1,1,1.0,7.0
201800006246,0018-03-23 03:13:00,18,3,23,3,13,170,196,A10,45.57634,-0.59971,Nuit sans éclairage public,Hors agglomération,Hors intersection,Temps couvert,Autre collision,,,,,,,,,,,3,1,1,8.0,6.0
201800006247,0018-04-23 10:56:00,18,4,23,10,56,170,356,RD 122,45.98314,-0.66638,Plein jour,Hors agglomération,Hors intersection,Normale,Autre collision,,,,,,,,,,,1,1,1,1.0,6.0
201800006248,0018-05-18 06:00:00,18,5,18,6,0,170,139,A10 PK 394+700,46.11873,-0.53283,Crépuscule ou aube,Hors agglomération,Hors intersection,Normale,Autre collision,,,,,,,,,,,2,1,1,1.0,6.0
201800006249,0018-05-25 17:05:00,18,5,25,17,5,170,299,Autoroute A 837 PK 002.3,45.96403,-0.96723,Plein jour,Hors agglomération,Hors intersection,Pluie forte,Trois véhicules et plus - en chaîne,,,,,,,,,,,1,1,1,3.0,4.0
201800006250,0018-06-29 17:45:00,18,6,29,17,45,170,464,autoroute A.10 Pkn 399+8,46.07778,-0.53119,Plein jour,Hors agglomération,Hors intersection,Normale,Autre collision,,,,,,,,,,,1,1,1,1.0,6.0
201800006251,0018-08-10 02:10:00,18,8,10,2,10,170,436,A 10 - PK 429.500 SENS P,45.8309,-0.63097,Nuit sans éclairage public,Hors agglomération,Hors intersection,Normale,Autre collision,,,,,,,,,,,3,1,1,1.0,6.0
201800006252,0018-08-31 12:00:00,18,8,31,12,0,170,44,A 10 - PK 452.500 SENS B,45.63967,-0.62542,Plein jour,Hors agglomération,Hors intersection,Normale,Trois véhicules et plus - en chaîne,,,,,,,,,,,1,1,1,1.0,4.0
201800006253,0018-09-23 17:16:00,18,9,23,17,16,170,336,A10,45.7547,-0.67234,Plein jour,Hors agglomération,Hors intersection,Pluie légère,Sans collision,,,,,,,,,,,1,1,1,2.0,7.0
201800006254,0018-10-25 11:51:00,18,10,25,11,51,170,440,Intersection D18 et D739,45.93817,-0.5451,Plein jour,Hors agglomération,Intersection en X,Temps éblouissant,Deux véhicules - côté,,,,,,,,,,,1,1,2,7.0,3.0
201800006255,0018-11-11 18:30:00,18,11,11,18,30,170,44,AUTOROUTE A10 - PK 452+2,45.64064,-0.6265,Nuit sans éclairage public,Hors agglomération,Hors intersection,Pluie légère,Autre collision,,,,,,,,,,,3,1,1,2.0,6.0
201800006256,0018-12-11 08:45:00,18,12,11,8,45,170,120,D728 - PR 008.000,45.73843,-0.79777,Plein jour,Hors agglomération,Hors intersection,Normale,Sans collision,,,,,,,,,,,1,1,1,1.0,7.0
201800006257,0018-07-26 09:13:00,18,7,26,9,13,420,208,Route Départementale 6 -,45.54797,4.47431,Plein jour,Hors agglomération,Hors intersection,Temps éblouissant,Sans collision,,,,,,,,,,,1,1,1,7.0,7.0
201800006258,0018-11-19 19:00:00,18,11,19,19,0,420,224,route départementale 501,45.32642,4.42563,Nuit sans éclairage public,Hors agglomération,Hors intersection,Neige / grêle,Deux véhicules - frontale,,,,,,,,,,,3,1,1,4.0,1.0
201800006259,0018-12-17 07:45:00,18,12,17,7,45,420,97,route départementale 10,45.52324,4.31839,Plein jour,Hors agglomération,Hors intersection,Pluie légère,Sans collision,,,,,,,,,,,1,1,1,2.0,7.0
201800006260,0018-07-09 17:15:00,18,7,9,17,15,250,424,route nationale 57,47.07996,6.35151,Plein jour,Hors agglomération,Hors intersection,Normale,Trois véhicules et plus - collisions multiples,,,,,,,,,,,1,1,1,1.0,5.0
201800006261,0018-02-11 11:20:00,18,2,11,11,20,830,116,a8,43.46894,5.84165,Plein jour,Hors agglomération,Hors intersection,Normale,Autre collision,,,,,,,,,,,1,1,1,1.0,6.0
201800006262,0018-04-13 02:45:00,18,4,13,2,45,830,73,D97 sens GONF,43.37404,6.29778,Nuit sans éclairage public,Hors agglomération,Hors intersection,Pluie légère,Sans collision,,,,,,,,,,,3,1,1,2.0,7.0
201800006263,0018-04-16 12:00:00,18,4,16,12,0,830,116,,43.45951,5.86653,Plein jour,Hors agglomération,Hors intersection,Normale,Autre collision,,,,,,,,,,,1,1,1,1.0,6.0
201800006264,0018-04-23 01:30:00,18,4,23,1,30,130,87,A8 -la Provençale,43.47627,5.62055,Nuit sans éclairage public,Hors agglomération,Hors intersection,Normale,Deux véhicules - frontale,,,,,,,,,,,3,1,1,1.0,1.0
201800006265,0018-05-09 20:05:00,18,5,9,20,5,830,116,A8 PK058.500,43.4487,5.88824,Plein jour,Hors agglomération,Hors intersection,Pluie forte,Sans collision,,,,,,,,,,,1,1,1,3.0,7.0
201800006266,0018-05-09 20:05:00,18,5,9,20,5,830,116,A8 PK058.500,43.44913,5.88746,Plein jour,Hors agglomération,Hors intersection,Pluie forte,Autre collision,,,,,,,,,,,1,1,1,3.0,6.0
201800006267,0018-06-16 15:15:00,18,6,16,15,15,830,116,autoroute A8 aire de rep,43.46985,5.83228,Plein jour,Hors agglomération,Hors intersection,Normale,Autre collision,,,,,,,,,,,1,1,1,1.0,6.0
201800006268,0018-06-30 05:53:00,18,6,30,5,53,830,96,autoroute A8,43.47463,5.78611,Crépuscule ou aube,Hors agglomération,Hors intersection,Normale,Deux véhicules - arrière,,,,,,,,,,,2,1,1,1.0,2.0
201800006269,0018-08-06 17:10:00,18,8,6,17,10,130,110,Autoroute A 8,,,Plein jour,Hors agglomération,Hors intersection,Pluie forte,Deux véhicules - arrière,,,,,,,,,,,1,1,1,3.0,2.0
201800006270,0018-11-28 03:40:00,18,11,28,3,40,830,140,autoroute A8,43.4291,5.94324,Nuit sans éclairage public,Hors agglomération,Hors intersection,Normale,Deux véhicules - arrière,,,,,,,,,,,3,1,1,1.0,2.0
201800006271,0018-12-30 14:25:00,18,12,30,14,25,830,140,autoroute A 8 PK 66+900,43.40877,5.92702,Plein jour,Hors agglomération,Hors intersection,Normale,Deux véhicules - arrière,,,,,,,,,,,1,1,1,1.0,2.0
201800006272,0018-05-15 22:46:00,18,5,15,22,46,740,250,A40,46.07584,6.37964,Nuit sans éclairage public,Hors agglomération,Hors intersection,Normale,Autre collision,,,,,,,,,,,3,1,1,1.0,6.0
201800006273,0018-07-11 18:40:00,18,7,11,18,40,740,18,a40,46.09672,6.35281,Plein jour,Hors agglomération,Hors intersection,Normale,Deux véhicules - arrière,,,,,,,,,,,1,1,1,1.0,2.0
201800006274,0018-07-25 07:10:00,18,7,25,7,10,740,133,A411,46.18508,6.21143,Plein jour,Hors agglomération,Hors intersection,Normale,Deux véhicules - côté,,,,,,,,,,,1,1,1,1.0,3.0
201800006275,0018-12-08 07:05:00,18,12,8,7,5,740,18,Autoroute,46.09672,6.35281,Crépuscule ou aube,Hors agglomération,Hors intersection,Normale,Deux véhicules - arrière,,,,,,,,,,,2,1,1,1.0,2.0
201800006276,0018-12-14 03:30:00,18,12,14,3,30,740,133,autoroute A411,46.18508,6.21143,Nuit sans éclairage public,Hors agglomération,Hors intersection,Normale,Sans collision,,,,,,,,,,,3,1,1,1.0,7.0
201800006277,0018-12-16 02:10:00,18,12,16,2,10,740,42,A40 bretelle de sortie 1,46.06864,6.42608,Nuit sans éclairage public,Hors agglomération,Hors intersection,Neige / grêle,Autre collision,,,,,,,,,,,3,1,1,4.0,6.0
201800006278,0018-01-02 17:05:00,18,1,2,17,5,300,185,autoroute A9 PK 71+690,43.73995,4.19604,Crépuscule ou aube,Hors agglomération,Hors intersection,Normale,Trois véhicules et plus - collisions multiples,,,,,,,,,,,2,1,1,1.0,5.0
201800006279,0018-01-07 19:55:00,18,1,7,19,55,300,344,"Autoroute A9, point kilo",43.75089,4.22252,Nuit sans éclairage public,Hors agglomération,Hors intersection,Normale,Autre collision,,,,,,,,,,,3,1,1,1.0,6.0
201800006280,0018-01-13 03:20:00,18,1,13,3,20,300,156,Autoroute A9 PK 44+750 s,43.86645,4.43541,Nuit sans éclairage public,Hors agglomération,Hors intersection,Normale,Autre collision,,,,,,,,,,,3,1,1,1.0,6.0
201800006281,0018-04-06 14:10:00,18,4,6,14,10,340,240,autoroute A709,43.6352,3.96691,Plein jour,Hors agglomération,Hors intersection,Normale,Autre collision,,,,,,,,,,,1,1,1,1.0,6.0
201800006282,0018-04-25 08:00:00,18,4,25,8,0,300,36,"A9 PK 63,000",43.77487,4.28359,Plein jour,Hors agglomération,Hors intersection,Normale,Deux véhicules - arrière,,,,,,,,,,,1,1,1,1.0,2.0
201800006283,0018-04-25 21:30:00,18,4,25,21,30,300,189,A9 PK 049+000,43.81951,4.37478,Nuit sans éclairage public,Hors agglomération,Hors intersection,Normale,Sans collision,,,,,,,,,,,3,1,1,1.0,7.0
201800006284,0018-05-21 17:00:00,18,5,21,17,0,300,185,A.9 - PK. 70+500 - sens,43.74925,4.20918,Plein jour,Hors agglomération,Hors intersection,Normale,Deux véhicules - côté,,,,,,,,,,,1,1,1,1.0,3.0
201800006285,0018-06-09 20:30:00,18,6,9,20,30,300,189,PK. 50+600 - Sens ORANGE,43.82814,4.39488,Plein jour,Hors agglomération,Hors intersection,Normale,Deux véhicules - arrière,,,,,,,,,,,1,1,1,1.0,2.0
201800006286,0018-06-25 16:00:00,18,6,25,16,0,300,344,Autoroute A9 - Point kil,43.75089,4.22252,Plein jour,Hors agglomération,Hors intersection,Normale,Trois véhicules et plus - collisions multiples,,,,,,,,,,,1,1,1,1.0,5.0
201800006287,0018-06-30 02:45:00,18,6,30,2,45,300,347,A9 - PK. 65+900 - sens N,43.74912,4.24983,Nuit sans éclairage public,Hors agglomération,Hors intersection,Normale,Autre collision,,,,,,,,,,,3,1,1,1.0,6.0
201800006288,0018-06-30 20:25:00,18,6,30,20,25,300,156,Bretelle de sortie 24 NI,43.86645,4.43541,Plein jour,Hors agglomération,Hors intersection,Normale,Sans collision,,,,,,,,,,,1,1,1,1.0,7.0
201800006289,0018-07-08 07:00:00,18,7,8,7,0,300,189,Autoroute A9 - PK54+600,43.83247,4.38193,Plein jour,Hors agglomération,Hors intersection,Normale,Autre collision,,,,,,,,,,,1,1,1,1.0,6.0
201800006290,0018-08-01 10:00:00,18,8,1,10,0,300,344,aire d'autoroute,43.74327,4.2172,Plein jour,Hors agglomération,Hors intersection,Normale,Autre collision,,,,,,,,,,,1,1,1,1.0,6.0
201800006291,0018-08-02 12:00:00,18,8,2,12,0,300,60,Autoroute A9 - PK6+400 -,43.79732,4.39222,Plein jour,Hors agglomération,Hors intersection,Normale,Trois véhicules et plus - en chaîne,,,,,,,,,,,1,1,1,1.0,4.0
201800006292,0018-08-15 07:40:00,18,8,15,7,40,300,123,bretelle d'accès à l'aut,43.72464,4.16823,Plein jour,Hors agglomération,Giratoire,Normale,Sans collision,,,,,,,,,,,1,1,6,1.0,7.0