accident_id,datetime,annee,mois,jour,heure,minute,departement,commune_insee,adresse,latitude,longitude,luminosite,agglomeration,intersection,meteo,collision,nb_vehicules,nb_usagers,nb_indemnes,nb_tues,nb_blesses_hosp,nb_blesses_legers,age_cond_1,age_cond_2,veh_type_cond_1,veh_type_cond_2,lum_code,agg_code,int_code,atm_code,col_code
201800006771,0018-04-27 03:30:00,18,4,27,3,30,640,290,A64,43.3862,-0.52989,Nuit avec éclairage allumé,Hors agglomération,Hors intersection,Normale,Autre collision,,,,,,,,,,,5,1,1,1.0,6.0
201800006772,0018-08-26 16:55:00,18,8,26,16,55,640,269,"A64, PK 108+000",43.3197,-0.29349,Plein jour,Hors agglomération,Hors intersection,Normale,Deux véhicules - arrière,,,,,,,,,,,1,1,1,1.0,2.0
201800006773,0018-11-04 05:50:00,18,11,4,5,50,640,348,AVENUE DES MARTYRS DU PO,43.3491,-0.37994,Nuit avec éclairage allumé,En agglomération,Hors intersection,Normale,Autre collision,,,,,,,,,,,5,2,1,1.0,6.0
201800006774,0018-12-23 06:35:00,18,12,23,6,35,640,190,A65,43.5055,-0.28167,Nuit sans éclairage public,Hors agglomération,Hors intersection,Brouillard / fumée,Deux véhicules - arrière,,,,,,,,,,,3,1,1,5.0,2.0
201800006775,0018-02-25 08:05:00,18,2,25,8,5,660,172,avenue du balcon du cani,42.71295,2.83229,Plein jour,En agglomération,Hors intersection,Normale,Deux véhicules - frontale,,,,,,,,,,,1,2,1,1.0,1.0
201800006776,0018-03-12 12:05:00,18,3,12,12,5,660,228,D614 A,,,Plein jour,Hors agglomération,Hors intersection,Normale,Autre collision,,,,,,,,,,,1,1,1,1.0,6.0
201800006777,0018-05-08 18:40:00,18,5,8,18,40,660,228,route départementale 1,42.69287,2.78861,Plein jour,Hors agglomération,Intersection en T,Temps éblouissant,Deux véhicules - côté,,,,,,,,,,,1,1,3,7.0,3.0
201800006778,0018-07-31 22:30:00,18,7,31,22,30,660,172,35 chemin de la boule,42.69913,2.84506,Nuit sans éclairage public,Hors agglomération,Hors intersection,Normale,Sans collision,,,,,,,,,,,3,1,1,1.0,7.0
201800006779,0018-09-14 18:20:00,18,9,14,18,20,660,30,D18 PK 10 +400,,,Plein jour,Hors agglomération,Hors intersection,Normale,Autre collision,,,,,,,,,,,1,1,1,1.0,6.0
201800006780,0018-12-20 10:45:00,18,12,20,10,45,660,228,avenue du canigou,42.69299,2.79978,Plein jour,En agglomération,Hors intersection,Normale,Deux véhicules - côté,,,,,,,,,,,1,2,1,1.0,3.0
201800006781,0018-03-12 23:50:00,18,3,12,23,50,630,265,A89 P.K. 425+460,45.84979,3.42744,Nuit sans éclairage public,Hors agglomération,Hors intersection,Normale,Deux véhicules - arrière,,,,,,,,,,,3,1,1,1.0,2.0
201800006782,0018-06-24 09:20:00,18,6,24,9,20,630,430,Autoroute A89,45.86062,3.51319,Plein jour,Hors agglomération,Hors intersection,Normale,Autre collision,,,,,,,,,,,1,1,1,1.0,6.0
201800006783,0018-09-13 21:35:00,18,9,13,21,35,630,265,A89-421+910,45.85097,3.41165,Nuit sans éclairage public,Hors agglomération,Hors intersection,Temps couvert,Deux véhicules - arrière,,,,,,,,,,,3,1,1,8.0,2.0
201800006784,0018-10-06 16:05:00,18,10,6,16,5,630,430,A89 - pk 428.500,,,Plein jour,Hors agglomération,Hors intersection,Normale,Deux véhicules - arrière,,,,,,,,,,,1,1,1,1.0,2.0
201800006785,0018-12-31 22:27:00,18,12,31,22,27,740,264,D4 - lieu dit neyrolles,46.04484,6.54416,Nuit avec éclairage allumé,Hors agglomération,Hors intersection,Normale,Autre collision,,,,,,,,,,,5,1,1,1.0,6.0
201800006786,0018-01-17 06:20:00,18,1,17,6,20,740,81,AV GLIERES / GALLET,46.0673,6.57958,Nuit avec éclairage allumé,En agglomération,Intersection en X,Pluie légère,Deux véhicules - côté,,,,,,,,,,,5,2,2,2.0,3.0
201800006787,0018-01-28 20:20:00,18,1,28,20,20,740,81,Rd 1205,46.05114,6.58749,Nuit avec éclairage allumé,En agglomération,Hors intersection,Normale,Deux véhicules - côté,,,,,,,,,,,5,2,1,1.0,3.0
201800006788,0018-01-29 18:49:00,18,1,29,18,49,740,81,avenue Georges clemencea,46.07138,6.56457,Nuit avec éclairage allumé,En agglomération,Giratoire,Normale,Deux véhicules - arrière,,,,,,,,,,,5,2,6,1.0,2.0
201800006789,0018-02-03 12:00:00,18,2,3,12,0,740,81,283 avenue Paul Bechet,46.0652,6.57742,Plein jour,En agglomération,Giratoire,Normale,Deux véhicules - côté,,,,,,,,,,,1,2,6,1.0,3.0
201800006790,0018-03-08 19:40:00,18,3,8,19,40,740,81,870 avenue des glières,46.0714,6.56953,Nuit avec éclairage allumé,En agglomération,Hors intersection,Normale,Trois véhicules et plus - collisions multiples,,,,,,,,,,,5,2,1,1.0,5.0
201800006791,0018-03-13 09:50:00,18,3,13,9,50,740,81,46 avenue de la sardagne,46.07142,6.56044,Plein jour,En agglomération,Hors intersection,Pluie légère,Autre collision,,,,,,,,,,,1,2,1,2.0,6.0
201800006792,0018-03-14 17:25:00,18,3,14,17,25,740,159,route nationale,46.03475,6.61874,Plein jour,Hors agglomération,Hors intersection,Normale,Trois véhicules et plus - collisions multiples,,,,,,,,,,,1,1,1,1.0,5.0
201800006793,0018-03-15 18:05:00,18,3,15,18,5,740,81,allée Pierre grenat,46.07115,6.56702,Crépuscule ou aube,En agglomération,Hors intersection,Normale,Deux véhicules - frontale,,,,,,,,,,,2,2,1,1.0,1.0
201800006794,0018-04-15 17:45:00,18,4,15,17,45,740,64,Départementale 6,46.08881,6.57905,Plein jour,Hors agglomération,Autre intersection,Normale,Deux véhicules - frontale,,,,,,,,,,,1,1,9,1.0,1.0
201800006795,0018-05-02 09:35:00,18,5,2,9,35,740,81,15 RUE NICOLAS GIROD,46.06868,6.56734,Plein jour,En agglomération,Hors intersection,Normale,Autre collision,,,,,,,,,,,1,2,1,1.0,6.0
201800006796,0018-05-21 13:25:00,18,5,21,13,25,740,264,Avenue du stade,46.06267,6.55684,Plein jour,En agglomération,Hors intersection,Pluie légère,Deux véhicules - côté,,,,,,,,,,,1,2,1,2.0,3.0
201800006797,0018-06-20 18:00:00,18,6,20,18,0,740,169,62 avenue du mont-blanc,46.06099,6.52769,Plein jour,En agglomération,Hors intersection,Normale,Autre collision,,,,,,,,,,,1,2,1,1.0,6.0
201800006798,0018-07-14 17:25:00,18,7,14,17,25,740,14,265 route de flaine,46.04504,6.61352,Plein jour,En agglomération,Hors intersection,Normale,Deux véhicules - frontale,,,,,,,,,,,1,2,1,1.0,1.0
201800006799,0018-07-20 10:50:00,18,7,20,10,50,740,14,place de l'ambiance,46.02614,6.63858,Plein jour,En agglomération,Hors intersection,Normale,Autre collision,,,,,,,,,,,1,2,1,1.0,6.0
201800006800,0018-07-21 16:00:00,18,7,21,16,0,740,81,Avenue Charles Poncet,46.06491,6.57985,Plein jour,En agglomération,Hors intersection,Normale,Autre collision,,,,,,,,,,,1,2,1,1.0,6.0
201800006801,0018-08-08 18:50:00,18,8,8,18,50,740,64,D902,46.0828,6.57855,Plein jour,Hors agglomération,Hors intersection,Pluie légère,Sans collision,,,,,,,,,,,1,1,1,2.0,7.0
201800006802,0018-08-08 18:45:00,18,8,8,18,45,740,81,AVENUE DE LA SARDAGNE,46.07014,6.56274,Plein jour,En agglomération,Giratoire,Normale,Autre collision,,,,,,,,,,,1,2,6,1.0,6.0
201800006803,0018-08-15 12:30:00,18,8,15,12,30,740,264,lieu dit neyrolles,46.04639,6.54313,Plein jour,Hors agglomération,Hors intersection,Normale,Sans collision,,,,,,,,,,,1,1,1,1.0,7.0
201800006804,0018-08-15 19:50:00,18,8,15,19,50,740,159,allée des loriots,46.00695,6.62495,Plein jour,En agglomération,Hors intersection,Normale,Autre collision,,,,,,,,,,,1,2,1,1.0,6.0
201800006805,0018-09-29 14:10:00,18,9,29,14,10,740,264,10Rue du collège,46.06534,6.5447,Plein jour,En agglomération,Hors intersection,Normale,Autre collision,,,,,,,,,,,1,2,1,1.0,6.0
201800006806,0018-10-04 17:40:00,18,10,4,17,40,740,81,Rue des Iles,46.06408,6.56322,Plein jour,En agglomération,Hors intersection,Normale,Sans collision,,,,,,,,,,,1,2,1,1.0,7.0
201800006807,0018-12-15 11:15:00,18,12,15,11,15,740,81,rue pierre trappier,46.06877,6.56157,Plein jour,En agglomération,Hors intersection,Normale,Autre collision,,,,,,,,,,,1,2,1,1.0,6.0
201800006808,0018-12-17 12:58:00,18,12,17,12,58,740,81,Rue pierre trappier,46.06927,6.56206,Plein jour,En agglomération,Hors intersection,Pluie légère,Autre collision,,,,,,,,,,,1,2,1,2.0,6.0
201800006809,0018-12-26 18:45:00,18,12,26,18,45,740,264,2 avenue de la route bla,46.05781,6.54976,Nuit avec éclairage allumé,En agglomération,Hors intersection,Normale,Autre collision,,,,,,,,,,,5,2,1,1.0,6.0
201800006810,0018-01-09 10:58:00,18,1,9,10,58,240,67,les courrèges,44.90238,0.92434,Plein jour,Hors agglomération,Hors intersection,Autre,Deux véhicules - frontale,,,,,,,,,,,1,1,1,9.0,1.0
201800006811,0018-05-07 14:26:00,18,5,7,14,26,240,516,rd60,44.97724,1.33249,Plein jour,Hors agglomération,Hors intersection,Normale,Deux véhicules - frontale,,,,,,,,,,,1,1,1,1.0,1.0
201800006812,0018-04-07 05:45:00,18,4,7,5,45,470,214,A62 PK89.500,44.317,0.25954,Nuit sans éclairage public,Hors agglomération,Hors intersection,Normale,Deux véhicules - arrière,,,,,,,,,,,3,1,1,1.0,2.0
201800006813,0018-04-19 18:45:00,18,4,19,18,45,720,300,AUTOROUTE A 11,48.01763,0.37911,Plein jour,Hors agglomération,Hors intersection,Normale,Autre collision,,,,,,,,,,,1,1,1,1.0,6.0
201800006814,0018-04-24 10:05:00,18,4,24,10,5,720,80,RD 1,48.14924,0.68522,Plein jour,Hors agglomération,Giratoire,Normale,Deux véhicules - côté,,,,,,,,,,,1,1,6,1.0,3.0
201800006815,0018-04-28 16:40:00,18,4,28,16,40,720,105,A11 - PK 129,48.16431,0.72929,Plein jour,Hors agglomération,Hors intersection,Normale,Deux véhicules - côté,,,,,,,,,,,1,1,1,1.0,3.0
201800006816,0018-06-24 12:45:00,18,6,24,12,45,720,80,autoroute A11 pk 134.500,48.14117,0.65916,Plein jour,Hors agglomération,Hors intersection,Normale,Autre collision,,,,,,,,,,,1,1,1,1.0,6.0
201800006817,0018-08-29 17:25:00,18,8,29,17,25,720,363,Autoroute A11,48.09777,0.53004,Plein jour,Hors agglomération,Hors intersection,Normale,Autre collision,,,,,,,,,,,1,1,1,1.0,6.0
201800006818,0018-09-01 11:45:00,18,9,1,11,45,720,241,Autoroute A11,48.06273,0.39644,Plein jour,Hors agglomération,Hors intersection,Normale,Deux véhicules - côté,,,,,,,,,,,1,1,1,1.0,3.0
201800006819,0018-10-01 17:45:00,18,10,1,17,45,720,31,A11 - PK 147+100 - sens,48.0882,0.50578,Plein jour,Hors agglomération,Hors intersection,Normale,Deux véhicules - arrière,,,,,,,,,,,1,1,1,1.0,2.0
201800006820,0018-10-29 13:00:00,18,10,29,13,0,720,288,A11,48.10612,0.55095,Plein jour,Hors agglomération,Hors intersection,Normale,Autre collision,,,,,,,,,,,1,1,1,1.0,6.0
201800006821,0018-06-25 13:10:00,18,6,25,13,10,890,22,Autoroute A6,47.52673,3.98562,Plein jour,Hors agglomération,Hors intersection,Normale,Trois véhicules et plus - en chaîne,,,,,,,,,,,1,1,1,1.0,4.0
201800006822,0018-07-28 01:20:00,18,7,28,1,20,890,208,Autoroute A6 - PK 194+50,47.62847,3.90697,Nuit sans éclairage public,Hors agglomération,Hors intersection,Normale,Autre collision,,,,,,,,,,,3,1,1,1.0,6.0
201800006823,0018-08-01 08:20:00,18,8,1,8,20,890,381,Autoroute A6,47.50366,4.03328,Plein jour,Hors agglomération,Hors intersection,Pluie légère,Autre collision,,,,,,,,,,,1,1,1,2.0,6.0
201800006824,0018-08-05 17:30:00,18,8,5,17,30,890,235,A6,47.50727,4.00777,Plein jour,Hors agglomération,Hors intersection,Normale,Autre collision,,,,,,,,,,,1,1,1,1.0,6.0
201800006825,0018-08-18 10:25:00,18,8,18,10,25,890,378,autoroute A6 bretelle de,47.51476,3.99384,Plein jour,Hors agglomération,Hors intersection,Normale,Autre collision,,,,,,,,,,,1,1,1,1.0,6.0
201800006826,0018-10-11 03:40:00,18,10,11,3,40,890,277,A6 PK 188+748,47.66744,3.86919,Nuit sans éclairage public,Hors agglomération,Hors intersection,Pluie légère,Deux véhicules - arrière,,,,,,,,,,,3,1,1,2.0,2.0
201800006827,0018-12-05 16:55:00,18,12,5,16,55,890,339,A6 PK199.800,47.58425,3.92473,Crépuscule ou aube,Hors agglomération,Hors intersection,Normale,Deux véhicules - arrière,,,,,,,,,,,2,1,1,1.0,2.0
201800006828,0018-03-21 10:44:00,18,3,21,10,44,850,70,,46.69114,-1.78135,Plein jour,Hors agglomération,Hors intersection,Normale,Deux véhicules - côté,,,,,,,,,,,1,1,1,1.0,3.0
201800006829,0018-03-31 23:00:00,18,3,31,23,0,90,122,LECLERC (AVENUE DU GENER,42.98724,1.61578,Nuit sans éclairage public,En agglomération,Intersection en T,Pluie légère,Deux véhicules - arrière,,,,,,,,,,,3,2,3,2.0,2.0
201800006830,0018-05-11 11:20:00,18,5,11,11,20,90,122,LECLERC (AVENUE DU GENER,42.96578,1.60993,Plein jour,En agglomération,Hors intersection,Normale,Deux véhicules - arrière,,,,,,,,,,,1,2,1,1.0,2.0
201800006831,0018-05-17 13:35:00,18,5,17,13,35,90,122,20 (R.N.) COTE SUD DU TU,42.95043,1.62221,Plein jour,Hors agglomération,Hors intersection,Normale,Sans collision,,,,,,,,,,,1,1,1,1.0,7.0
201800006832,0018-07-17 08:16:00,18,7,17,8,16,90,122,LECLERC (AVENUE DU GENER,42.9702,1.608,Plein jour,En agglomération,Intersection en T,Normale,Deux véhicules - côté,,,,,,,,,,,1,2,3,1.0,3.0
201800006833,0018-10-06 09:30:00,18,10,6,9,30,90,122,CROS (cours),42.96787,1.60828,Plein jour,En agglomération,Intersection en Y,Normale,Autre collision,,,,,,,,,,,1,2,4,1.0,6.0
201800006834,0018-10-13 17:15:00,18,10,13,17,15,90,207,PYRENEES (AV DES),42.93463,1.63383,Plein jour,En agglomération,Hors intersection,Normale,Deux véhicules - frontale,,,,,,,,,,,1,2,1,1.0,1.0
201800006835,0018-11-02 18:50:00,18,11,2,18,50,90,207,PARIS (AV DE),42.93887,1.6317,Crépuscule ou aube,En agglomération,Hors intersection,Pluie légère,Deux véhicules - côté,,,,,,,,,,,2,2,1,2.0,3.0
201800006836,0018-11-02 19:50:00,18,11,2,19,50,90,207,ROUTE NATIONALE 20,42.92418,1.63494,Nuit sans éclairage public,Hors agglomération,Hors intersection,Pluie légère,Sans collision,,,,,,,,,,,3,1,1,2.0,7.0
201800006837,0018-08-07 11:25:00,18,8,7,11,25,380,253,Barrage du Chambon D1091,45.03807,6.1046,Plein jour,Hors agglomération,Hors intersection,Normale,Deux véhicules - frontale,,,,,,,,,,,1,1,1,1.0,1.0
201800006838,0018-01-19 14:40:00,18,1,19,14,40,90,225,ESCOSSE CHEMIN D',43.11378,1.59828,Plein jour,Hors agglomération,Hors intersection,Normale,Deux véhicules - frontale,,,,,,,,,,,1,1,1,1.0,1.0
201800006839,0018-03-10 11:50:00,18,3,10,11,50,90,225,"18, BOURGES CHEMIN DE",43.1265,1.60802,Plein jour,En agglomération,Hors intersection,Normale,Deux véhicules - frontale,,,,,,,,,,,1,2,1,1.0,1.0
201800006840,0018-03-23 11:40:00,18,3,23,11,40,90,225,"2, BERNARD SAISSET RUE",43.10419,1.62277,Plein jour,En agglomération,Hors intersection,Normale,Autre collision,,,,,,,,,,,1,2,1,1.0,6.0
201800006841,0018-04-12 18:20:00,18,4,12,18,20,90,225,CAPITAINE TOURNISSA AVEN,43.10751,1.62315,Plein jour,En agglomération,Intersection en Y,Normale,Deux véhicules - côté,,,,,,,,,,,1,2,4,1.0,3.0
201800006842,0018-08-03 09:40:00,18,8,3,9,40,90,225,PASTEUR RUE,43.11521,1.60793,Plein jour,En agglomération,Hors intersection,Normale,Autre collision,,,,,,,,,,,1,2,1,1.0,6.0
201800006843,0018-09-10 12:15:00,18,9,10,12,15,90,225,RIJOLE AVENUE DE LA,43.12143,1.62117,Plein jour,En agglomération,Intersection en X,Normale,Deux véhicules - côté,,,,,,,,,,,1,2,2,1.0,3.0
201800006844,0018-10-04 17:45:00,18,10,4,17,45,90,225,RIJOLE AVENUE DE LA,43.12145,1.62114,Plein jour,En agglomération,Intersection en X,Normale,Trois véhicules et plus - collisions multiples,,,,,,,,,,,1,2,2,1.0,5.0
201800006845,0018-10-20 12:35:00,18,10,20,12,35,90,225,ALSACE LORRAINE BOULEVAR,43.11872,1.61397,Plein jour,En agglomération,Hors intersection,Normale,Autre collision,,,,,,,,,,,1,2,1,1.0,6.0
201800006846,0018-12-14 16:40:00,18,12,14,16,40,90,225,IRENEE CROS AVENUE,43.10862,1.61715,Crépuscule ou aube,En agglomération,Hors intersection,Pluie légère,Autre collision,,,,,,,,,,,2,2,1,2.0,6.0
201800006847,0018-01-06 07:00:00,18,1,6,7,0,310,396,Autoroute A66 - PK 009+3,43.36408,1.59391,Nuit sans éclairage public,Hors agglomération,Hors intersection,Pluie forte,Sans collision,,,,,,,,,,,3,1,1,3.0,7.0
201800006848,0018-01-15 04:45:00,18,1,15,4,45,310,210,A61 pk 263.000 sens Narb,43.39858,1.68828,Nuit sans éclairage public,Hors agglomération,Hors intersection,Normale,Deux véhicules - arrière,,,,,,,,,,,3,1,1,1.0,2.0
201800006849,0018-01-23 16:50:00,18,1,23,16,50,310,220,A66 - pk 14+600,43.29002,1.67144,Plein jour,Hors agglomération,Hors intersection,Normale,Autre collision,,,,,,,,,,,1,1,1,1.0,6.0
201800006850,0018-02-20 09:58:00,18,2,20,9,58,310,527,rd20,43.54738,1.79987,Plein jour,Hors agglomération,Hors intersection,Pluie légère,Autre collision,,,,,,,,,,,1,1,1,2.0,6.0
201800006851,0018-03-11 18:50:00,18,3,11,18,50,90,60,A 66 PK 034.125,43.17085,1.62048,Crépuscule ou aube,Hors agglomération,Hors intersection,Neige / grêle,Deux véhicules - arrière,,,,,,,,,,,2,1,1,4.0,2.0
201800006852,0018-03-31 18:40:00,18,3,31,18,40,310,396,A66,43.32325,1.62877,Crépuscule ou aube,Hors agglomération,Hors intersection,Neige / grêle,Trois véhicules et plus - en chaîne,,,,,,,,,,,2,1,1,4.0,4.0
201800006853,0018-05-03 06:40:00,18,5,3,6,40,310,231,D12,43.31608,1.45514,Crépuscule ou aube,Hors agglomération,Hors intersection,Pluie légère,Autre collision,,,,,,,,,,,2,1,1,2.0,6.0
201800006854,0018-05-05 11:20:00,18,5,5,11,20,310,374,A61 - PK 258.600 - Sens,43.42783,1.63382,Plein jour,Hors agglomération,Hors intersection,Temps couvert,Autre collision,,,,,,,,,,,1,1,1,8.0,6.0
201800006855,0018-05-24 08:10:00,18,5,24,8,10,90,185,A66,43.2535,1.65648,Plein jour,Hors agglomération,Hors intersection,Normale,Autre collision,,,,,,,,,,,1,1,1,1.0,6.0
201800006856,0018-06-18 01:15:00,18,6,18,1,15,310,161,A61 - pk 247+900,43.48872,1.54585,Nuit sans éclairage public,Hors agglomération,Hors intersection,Normale,Deux véhicules - arrière,,,,,,,,,,,3,1,1,1.0,2.0
201800006857,0018-07-02 17:00:00,18,7,2,17,0,310,304,Route départementale 20,43.57863,1.77423,Plein jour,Hors agglomération,Hors intersection,Normale,Sans collision,,,,,,,,,,,1,1,1,1.0,7.0
201800006858,0018-07-17 23:20:00,18,7,17,23,20,110,178,Autoroute A61 - PK 277+8,43.33653,1.83694,Nuit sans éclairage public,Hors agglomération,Hors intersection,Normale,Deux véhicules - arrière,,,,,,,,,,,3,1,1,1.0,2.0
201800006859,0018-08-03 16:50:00,18,8,3,16,50,310,582,RD 813,43.41556,1.69558,Plein jour,Hors agglomération,Hors intersection,Normale,Deux véhicules - frontale,,,,,,,,,,,1,1,1,1.0,1.0
201800006860,0018-08-31 19:30:00,18,8,31,19,30,110,225,a61 pk 282.600 sens toul,43.3225,1.86291,Plein jour,Hors agglomération,Hors intersection,Temps couvert,Autre collision,,,,,,,,,,,1,1,1,8.0,6.0
201800006861,0018-09-10 08:29:00,18,9,10,8,29,310,4,AUTOROUTE A61 - PK 256+1,43.4468,1.60574,Plein jour,Hors agglomération,Hors intersection,Normale,Trois véhicules et plus - en chaîne,,,,,,,,,,,1,1,1,1.0,4.0
201800006862,0018-09-11 16:50:00,18,9,11,16,50,310,325,RD11,43.57221,1.76341,Plein jour,Hors agglomération,Hors intersection,Normale,Deux véhicules - côté,,,,,,,,,,,1,1,1,1.0,3.0
201800006863,0018-09-22 16:22:00,18,9,22,16,22,310,450,A61 pk 267.400,43.38439,1.73076,Plein jour,Hors agglomération,Hors intersection,Normale,Autre collision,,,,,,,,,,,1,1,1,1.0,6.0
201800006864,0018-10-23 10:40:00,18,10,23,10,40,310,37,A61 PK 274.900 Avignonet,43.3537,1.8064,Plein jour,Hors agglomération,Hors intersection,Normale,Deux véhicules - arrière,,,,,,,,,,,1,1,1,1.0,2.0
201800006865,0018-08-30 08:30:00,18,8,30,8,30,201,41,avenue sylvere bohn,41.39433,9.16361,Plein jour,En agglomération,Hors intersection,Normale,Trois véhicules et plus - collisions multiples,,,,,,,,,,,1,2,1,1.0,5.0
201800006866,0018-01-27 21:34:00,18,1,27,21,34,330,29,A63 PK 15+800.,44.69098,-0.77058,Nuit sans éclairage public,Hors agglomération,Hors intersection,Autre,Deux véhicules - arrière,,,,,,,,,,,3,1,1,9.0,2.0
201800006867,0018-02-13 15:40:00,18,2,13,15,40,330,284,A63 PK 19+800,44.66943,-0.81141,Plein jour,Hors agglomération,Hors intersection,Pluie légère,Deux véhicules - arrière,,,,,,,,,,,1,1,1,2.0,2.0
201800006868,0018-02-25 07:15:00,18,2,25,7,15,330,284,A63 PK 20.500 réel,44.6653,-0.81813,Crépuscule ou aube,Hors agglomération,Hors intersection,Normale,Autre collision,,,,,,,,,,,2,1,1,1.0,6.0
201800006869,0018-03-09 14:50:00,18,3,9,14,50,330,284,A660 - PK000.500,44.63638,-0.84057,Plein jour,Hors agglomération,Hors intersection,Normale,Deux véhicules - côté,,,,,,,,,,,1,1,1,1.0,3.0
201800006870,0018-03-11 07:45:00,18,3,11,7,45,330,42,AUTOROUTE A63 PR 45.450,44.4553,-0.81111,Plein jour,Hors agglomération,Hors intersection,Normale,Deux véhicules - arrière,,,,,,,,,,,1,1,1,1.0,2.0
201800006871,0018-04-04 13:46:00,18,4,4,13,46,330,498,A63 PR29+000 réel,44.596,-0.84456,Plein jour,Hors agglomération,Hors intersection,Normale,Deux véhicules - arrière,,,,,,,,,,,1,1,1,1.0,2.0
201800006872,0018-05-26 06:00:00,18,5,26,6,0,330,284,A660 PR2+000 réel.,44.62545,-0.85618,Crépuscule ou aube,Hors agglomération,Hors intersection,Normale,Sans collision,,,,,,,,,,,2,1,1,1.0,7.0
201800006873,0018-06-05 09:40:00,18,6,5,9,40,330,122,D211 PR43+882 réel,44.70847,-0.7197,Plein jour,Hors agglomération,Hors intersection,Normale,Trois véhicules et plus - collisions multiples,,,,,,,,,,,1,1,1,1.0,5.0
201800006874,0018-07-14 00:30:00,18,7,14,0,30,330,527,"A660, PR017+300 REEL",44.6133,-1.04214,Nuit sans éclairage public,Hors agglomération,Hors intersection,Normale,Deux véhicules - côté,,,,,,,,,,,3,1,1,1.0,3.0
201800006875,0018-08-04 15:45:00,18,8,4,15,45,330,199,A660 PR21+209 réel,44.61451,-1.09051,Plein jour,Hors agglomération,Hors intersection,Normale,Trois véhicules et plus - en chaîne,,,,,,,,,,,1,1,1,1.0,4.0
201800006876,0018-08-25 21:30:00,18,8,25,21,30,330,284,A63 PR 024+682,44.63367,-0.84489,Nuit avec éclairage allumé,Hors agglomération,Hors intersection,Normale,Autre collision,,,,,,,,,,,5,1,1,1.0,6.0
201800006877,0018-09-06 20:30:00,18,9,6,20,30,330,199,A660 / RD650E3,44.61484,-1.07251,Nuit sans éclairage public,Hors agglomération,Giratoire,Normale,Autre collision,,,,,,,,,,,3,1,6,1.0,6.0
201800006878,0018-10-05 12:30:00,18,10,5,12,30,330,498,AUTOROUTE A63 PR 030.000,44.58777,-0.83958,Plein jour,Hors agglomération,Hors intersection,Normale,Sans collision,,,,,,,,,,,1,1,1,1.0,7.0
201800006879,0018-10-11 19:00:00,18,10,11,19,0,330,284,Echangeur n°01 A660,44.62858,-0.8981,Crépuscule ou aube,Hors agglomération,Hors intersection,Normale,Trois véhicules et plus - en chaîne,,,,,,,,,,,2,1,1,1.0,4.0
201800006880,0018-10-22 09:05:00,18,10,22,9,5,330,122,A63 - PR 015.260,44.69467,-0.76652,Plein jour,Hors agglomération,Hors intersection,Normale,Autre collision,,,,,,,,,,,1,1,1,1.0,6.0
201800006881,0018-11-19 15:00:00,18,11,19,15,0,330,284,autoroute A63 PK021.330,44.65993,-0.82542,Plein jour,Hors agglomération,Hors intersection,Normale,Deux véhicules - arrière,,,,,,,,,,,1,1,1,1.0,2.0
201800006882,0018-12-21 04:00:00,18,12,21,4,0,330,122,A63 PK 013+500,44.7068,-0.75229,Nuit sans éclairage public,Hors agglomération,Hors intersection,Temps couvert,Deux véhicules - arrière,,,,,,,,,,,3,1,1,8.0,2.0
201800006883,0018-12-19 08:40:00,18,12,19,8,40,330,284,A63 pk 024+100,44.63858,-0.84245,Plein jour,Hors agglomération,Hors intersection,Temps couvert,Autre collision,,,,,,,,,,,1,1,1,8.0,6.0
201800006884,0018-05-12 16:15:00,18,5,12,16,15,740,56,RN 205 sens ITALIE-FRANC,45.90551,6.86049,Plein jour,Hors agglomération,Hors intersection,Normale,Sans collision,,,,,,,,,,,1,1,1,1.0,7.0
201800006885,0018-05-22 18:05:00,18,5,22,18,5,740,143,RN 205 (sens SALLANCHES,45.90717,6.77123,Plein jour,Hors agglomération,Hors intersection,Normale,Sans collision,,,,,,,,,,,1,1,1,1.0,7.0
201800006886,0018-07-24 20:10:00,18,7,24,20,10,740,256,A 40,45.97496,6.62908,Crépuscule ou aube,Hors agglomération,Hors intersection,Pluie légère,Deux véhicules - arrière,,,,,,,,,,,2,1,1,2.0,2.0
201800006887,0018-09-22 14:45:00,18,9,22,14,45,740,208,RN 205,45.92692,6.73271,Plein jour,Hors agglomération,Hors intersection,Normale,Autre collision,,,,,,,,,,,1,1,1,1.0,6.0
201800006888,0018-10-05 20:00:00,18,10,5,20,0,740,143,RN 205 - PK 13,45.91589,6.76465,Nuit sans éclairage public,Hors agglomération,Hors intersection,Normale,Autre collision,,,,,,,,,,,3,1,1,1.0,6.0
201800006889,0018-10-06 12:40:00,18,10,6,12,40,740,143,tunnel des Chavant - RN,45.89818,6.78268,Plein jour,Hors agglomération,Hors intersection,Normale,Sans collision,,,,,,,,,,,1,1,1,1.0,7.0
201800006890,0018-10-19 03:20:00,18,10,19,3,20,740,208,RN 205,45.94327,6.69796,Nuit sans éclairage public,Hors agglomération,Hors intersection,Normale,Sans collision,,,,,,,,,,,3,1,1,1.0,7.0
201800006891,0018-05-05 03:10:00,18,5,5,3,10,350,186,35120,48.57268,-1.77784,Nuit sans éclairage public,Hors agglomération,Hors intersection,Normale,Autre collision,,,,,,,,,,,3,1,1,1.0,6.0