accident_id,datetime,annee,mois,jour,heure,minute,departement,commune_insee,adresse,latitude,longitude,luminosite,agglomeration,intersection,meteo,collision,nb_vehicules,nb_usagers,nb_indemnes,nb_tues,nb_blesses_hosp,nb_blesses_legers,age_cond_1,age_cond_2,veh_type_cond_1,veh_type_cond_2,lum_code,agg_code,int_code,atm_code,col_code
201800006892,0018-04-14 22:35:00,18,4,14,22,35,690,32,A89 PK 525+600,45.86577,4.58127,Nuit sans éclairage public,Hors agglomération,Hors intersection,Normale,Deux véhicules - côté,,,,,,,,,,,3,1,1,1.0,3.0
201800006893,0018-05-14 11:20:00,18,5,14,11,20,690,112,A89 PK 537+500,45.82339,4.68706,Plein jour,Hors agglomération,Hors intersection,Pluie forte,Deux véhicules - arrière,,,,,,,,,,,1,1,1,3.0,2.0
201800006894,0018-06-24 06:51:00,18,6,24,6,51,690,112,AUTOROUTE A89 PK 537+800,45.82339,4.68706,Plein jour,Hors agglomération,Hors intersection,Normale,Deux véhicules - arrière,,,,,,,,,,,1,1,1,1.0,2.0
201800006895,0018-08-08 10:50:00,18,8,8,10,50,690,201,intersection de la D61 e,45.70471,4.47093,Plein jour,Hors agglomération,Intersection en Y,Normale,Deux véhicules - côté,,,,,,,,,,,1,1,4,1.0,3.0
201800006896,0018-08-09 13:15:00,18,8,9,13,15,690,102,A89 PK 511+810,45.87757,4.39816,Plein jour,Hors agglomération,Hors intersection,Pluie forte,Deux véhicules - arrière,,,,,,,,,,,1,1,1,3.0,2.0
201800006897,0018-09-05 08:26:00,18,9,5,8,26,690,102,rn7 col du pin bouchin,45.91531,4.34601,Plein jour,Hors agglomération,Hors intersection,Normale,Deux véhicules - frontale,,,,,,,,,,,1,1,1,1.0,1.0
201800006898,0018-09-22 12:45:00,18,9,22,12,45,690,86,ARB89 PK000+800,45.85359,4.65517,Plein jour,Hors agglomération,Hors intersection,Normale,Sans collision,,,,,,,,,,,1,1,1,1.0,7.0
201800006899,0018-11-30 08:50:00,18,11,30,8,50,690,86,Autoroute A 89 entrée 36,45.85368,4.66195,Plein jour,Hors agglomération,Hors intersection,Pluie forte,Autre collision,,,,,,,,,,,1,1,1,3.0,6.0
201800006900,0018-12-26 10:35:00,18,12,26,10,35,690,234,A89 PK 522+900,45.87553,4.52645,Plein jour,Hors agglomération,Hors intersection,Normale,Autre collision,,,,,,,,,,,1,1,1,1.0,6.0
201800006901,0018-01-27 08:00:00,18,1,27,8,0,720,264,Rue Grande rue,47.83976,-0.3343,Nuit avec éclairage allumé,En agglomération,Hors intersection,Brouillard / fumée,Autre collision,,,,,,,,,,,5,2,1,5.0,6.0
201800006902,0018-03-30 14:15:00,18,3,30,14,15,720,278,A81 PK 206+000,48.00977,-0.29227,Plein jour,Hors agglomération,Hors intersection,Pluie légère,Sans collision,,,,,,,,,,,1,1,1,2.0,7.0
201800006903,0018-06-30 09:20:00,18,6,30,9,20,720,223,A 11 -,47.86673,-0.11769,Plein jour,Hors agglomération,Hors intersection,Normale,Trois véhicules et plus - en chaîne,,,,,,,,,,,1,1,1,1.0,4.0
201800006904,0018-07-28 17:40:00,18,7,28,17,40,720,360,A81 - PK 175.800,48.04448,0.1189,Plein jour,Hors agglomération,Hors intersection,Normale,Autre collision,,,,,,,,,,,1,1,1,1.0,6.0
201800006905,0018-08-06 16:50:00,18,8,6,16,50,720,379,A81 PK 208+200,48.00746,-0.28393,Plein jour,En agglomération,Hors intersection,Normale,Sans collision,,,,,,,,,,,1,2,1,1.0,7.0
201800006906,0018-12-15 07:45:00,18,12,15,7,45,720,168,"A81, PK 203.800",48.01166,-0.14378,Nuit sans éclairage public,Hors agglomération,Hors intersection,Pluie légère,Autre collision,,,,,,,,,,,3,1,1,2.0,6.0
201800006907,0018-12-20 19:50:00,18,12,20,19,50,720,360,A11,48.02042,0.12953,Nuit avec éclairage allumé,Hors agglomération,Autre intersection,Pluie légère,Deux véhicules - arrière,,,,,,,,,,,5,1,9,2.0,2.0
201800006908,0018-11-02 03:51:00,18,11,2,3,51,600,138,D1330,49.21982,2.59568,Nuit sans éclairage public,Hors agglomération,Hors intersection,Normale,Sans collision,,,,,,,,,,,3,1,1,1.0,7.0
201800006909,0018-01-11 17:52:00,18,1,11,17,52,680,21,Autoroute 35,47.64269,7.49675,Nuit sans éclairage public,Hors agglomération,Hors intersection,Normale,Trois véhicules et plus - en chaîne,,,,,,,,,,,3,1,1,1.0,4.0
201800006910,0018-03-01 07:45:00,18,3,1,7,45,680,21,Autoroute 35,47.63653,7.49861,Plein jour,Hors agglomération,Intersection en Y,Neige / grêle,Trois véhicules et plus - en chaîne,,,,,,,,,,,1,1,4,4.0,4.0
201800006911,0018-03-02 18:00:00,18,3,2,18,0,680,309,autoroute 35,47.66665,7.47777,Plein jour,Hors agglomération,Hors intersection,Neige / grêle,Trois véhicules et plus - en chaîne,,,,,,,,,,,1,1,1,4.0,4.0
201800006912,0018-03-09 14:15:00,18,3,9,14,15,680,297,Autoroute 35,47.60992,7.52346,Plein jour,Hors agglomération,Hors intersection,Normale,Trois véhicules et plus - en chaîne,,,,,,,,,,,1,1,1,1.0,4.0
201800006913,0018-03-19 06:55:00,18,3,19,6,55,680,300,autoroute 36,47.7778,7.39812,Plein jour,Hors agglomération,Intersection en Y,Neige / grêle,Sans collision,,,,,,,,,,,1,1,4,4.0,7.0
201800006914,0018-04-25 18:00:00,18,4,25,18,0,680,72,Autoroute 35,47.71016,7.43804,Plein jour,Hors agglomération,Hors intersection,Normale,Deux véhicules - arrière,,,,,,,,,,,1,1,1,1.0,2.0
201800006915,0018-05-18 00:06:00,18,5,18,0,6,680,72,AUTOROUTE 35,47.70023,7.44158,Nuit sans éclairage public,Hors agglomération,Hors intersection,Normale,Autre collision,,,,,,,,,,,3,1,1,1.0,6.0
201800006916,0018-06-16 13:00:00,18,6,16,13,0,680,118,Autoroute 35,47.70051,7.44122,Plein jour,Hors agglomération,Hors intersection,Normale,Sans collision,,,,,,,,,,,1,1,1,1.0,7.0
201800006917,0018-06-19 22:50:00,18,6,19,22,50,680,42,AUTOROUTE 35,47.62025,7.51243,Nuit sans éclairage public,Hors agglomération,Hors intersection,Normale,Sans collision,,,,,,,,,,,3,1,1,1.0,7.0
201800006918,0018-07-16 16:00:00,18,7,16,16,0,680,135,Autoroute 35,47.57295,7.50062,Plein jour,Hors agglomération,Intersection en X,Normale,Autre collision,,,,,,,,,,,1,1,2,1.0,6.0
201800006919,0018-07-17 12:05:00,18,7,17,12,5,680,309,Autoroute 35,47.6563,7.4875,Plein jour,Hors agglomération,Hors intersection,Normale,Autre collision,,,,,,,,,,,1,1,1,1.0,6.0
201800006920,0018-09-02 05:10:00,18,9,2,5,10,680,72,Autoroute 35,47.70353,7.44012,Nuit sans éclairage public,Hors agglomération,Hors intersection,Normale,Deux véhicules - arrière,,,,,,,,,,,3,1,1,1.0,2.0
201800006921,0018-09-05 12:55:00,18,9,5,12,55,680,15,Autoroute 35,47.7932,7.39662,Plein jour,Hors agglomération,Hors intersection,Normale,Trois véhicules et plus - en chaîne,,,,,,,,,,,1,1,1,1.0,4.0
201800006922,0018-09-05 18:03:00,18,9,5,18,3,680,21,Autoroute 35,47.63922,7.49883,Crépuscule ou aube,Hors agglomération,Hors intersection,Normale,Trois véhicules et plus - en chaîne,,,,,,,,,,,2,1,1,1.0,4.0
201800006923,0018-09-19 02:15:00,18,9,19,2,15,680,300,Autoroute 35,47.78414,7.40212,Nuit sans éclairage public,Hors agglomération,Hors intersection,Normale,Autre collision,,,,,,,,,,,3,1,1,1.0,6.0
201800006924,0018-10-11 09:37:00,18,10,11,9,37,680,300,A.36 - PK 109+200,47.77405,7.38432,Plein jour,Hors agglomération,Hors intersection,Temps couvert,Deux véhicules - arrière,,,,,,,,,,,1,1,1,8.0,2.0
201800006925,0018-10-17 02:35:00,18,10,17,2,35,680,278,a35,47.7425,7.42115,Nuit sans éclairage public,Hors agglomération,Autre intersection,Normale,Sans collision,,,,,,,,,,,3,1,9,1.0,7.0
201800006926,0018-10-20 03:15:00,18,10,20,3,15,680,21,A 35 - PK 118+400,47.63133,7.50351,Nuit sans éclairage public,Hors agglomération,Hors intersection,Normale,Deux véhicules - arrière,,,,,,,,,,,3,1,1,1.0,2.0
201800006927,0018-10-22 23:35:00,18,10,22,23,35,680,21,autoroute A35 - PK 116+6,47.64766,7.49364,Nuit sans éclairage public,Hors agglomération,Hors intersection,Brouillard / fumée,Sans collision,,,,,,,,,,,3,1,1,5.0,7.0
201800006928,0018-10-25 12:15:00,18,10,25,12,15,680,21,A35 - PK 118+000,47.63516,7.5013,Plein jour,Hors agglomération,Hors intersection,Normale,Trois véhicules et plus - en chaîne,,,,,,,,,,,1,1,1,1.0,4.0
201800006929,0018-10-30 19:30:00,18,10,30,19,30,680,300,autoroute A36,47.77443,7.38479,Nuit sans éclairage public,Hors agglomération,Hors intersection,Normale,Autre collision,,,,,,,,,,,3,1,1,1.0,6.0
201800006930,0018-11-23 15:55:00,18,11,23,15,55,680,297,A 35 - PK 126+000,47.5769,7.56084,Plein jour,Hors agglomération,Autre intersection,Normale,Deux véhicules - côté,,,,,,,,,,,1,1,9,1.0,3.0
201800006931,0018-02-01 14:15:00,18,2,1,14,15,530,45,A 81 - PK 264+100,48.07682,-0.98701,Plein jour,Hors agglomération,Hors intersection,Neige / grêle,Trois véhicules et plus - collisions multiples,,,,,,,,,,,1,1,1,4.0,5.0
201800006932,0018-02-01 14:15:00,18,2,1,14,15,530,45,A 81Pk 263+300,48.07737,-0.97645,Plein jour,Hors agglomération,Hors intersection,Neige / grêle,Deux véhicules - côté,,,,,,,,,,,1,1,1,4.0,3.0
201800006933,0018-05-20 18:25:00,18,5,20,18,25,530,137,Autoroute A81-PR 260.600,48.07438,-0.94073,Plein jour,Hors agglomération,Hors intersection,Normale,Deux véhicules - arrière,,,,,,,,,,,1,1,1,1.0,2.0
201800006934,0018-05-20 18:25:00,18,5,20,18,25,530,137,a81 - PK 261+300,48.07498,-0.94981,Plein jour,Hors agglomération,Hors intersection,Normale,Autre collision,,,,,,,,,,,1,1,1,1.0,6.0
201800006935,0018-07-01 14:05:00,18,7,1,14,5,530,7,a81,48.07522,-0.61167,Plein jour,Hors agglomération,Hors intersection,Normale,Autre collision,,,,,,,,,,,1,1,1,1.0,6.0
201800006936,0018-08-06 10:50:00,18,8,6,10,50,530,108,PK 267.250,48.08303,-1.0274,Plein jour,Hors agglomération,Hors intersection,Normale,Autre collision,,,,,,,,,,,1,1,1,1.0,6.0
201800006937,0018-08-29 15:00:00,18,8,29,15,0,530,228,A81 PK 215+300,48.03764,-0.37358,Plein jour,Hors agglomération,Hors intersection,Normale,Deux véhicules - arrière,,,,,,,,,,,1,1,1,1.0,2.0
201800006938,0018-09-24 17:30:00,18,9,24,17,30,530,97,RD 32/ Chene Rond,48.15575,-0.35289,Plein jour,Hors agglomération,Hors intersection,Normale,Deux véhicules - côté,,,,,,,,,,,1,1,1,1.0,3.0
201800006939,0018-01-21 17:50:00,18,1,21,17,50,440,26,A811 / A11 échangeur de,47.29118,-1.47665,Nuit sans éclairage public,Hors agglomération,Autre intersection,Pluie légère,Autre collision,,,,,,,,,,,3,1,9,2.0,6.0
201800006940,0018-05-15 18:21:00,18,5,15,18,21,440,115,A11 PK 320.000,47.37049,-1.28584,Plein jour,Hors agglomération,Hors intersection,Normale,Autre collision,,,,,,,,,,,1,1,1,1.0,6.0
201800006941,0018-10-10 08:15:00,18,10,10,8,15,440,26,A11 PK 337+000,47.29256,-1.45935,Crépuscule ou aube,Hors agglomération,Hors intersection,Normale,Deux véhicules - arrière,,,,,,,,,,,2,1,1,1.0,2.0
201800006942,0018-01-27 15:45:00,18,1,27,15,45,470,267,autoroute A62- PK 094.05,44.27239,0.27528,Plein jour,Hors agglomération,Hors intersection,Normale,Autre collision,,,,,,,,,,,1,1,1,1.0,6.0
201800006943,0018-04-01 15:15:00,18,4,1,15,15,820,166,autoroute A 62 - PK 154+,44.04498,0.938,Plein jour,Hors agglomération,Hors intersection,Normale,Sans collision,,,,,,,,,,,1,1,1,1.0,7.0
201800006944,0018-08-25 03:30:00,18,8,25,3,30,470,78,AUTOROUTE A62,44.2814,0.26907,Nuit sans éclairage public,Hors agglomération,Hors intersection,Normale,Deux véhicules - arrière,,,,,,,,,,,3,1,1,1.0,2.0
201800006945,0018-09-17 08:07:00,18,9,17,8,7,470,201,GARE DE PEAGE A62,44.1651,0.60581,Plein jour,Hors agglomération,Hors intersection,Normale,Trois véhicules et plus - collisions multiples,,,,,,,,,,,1,1,1,1.0,5.0
201800006946,0018-10-17 17:31:00,18,10,17,17,31,820,165,"Autoroute A62, PR 148+20",44.06599,0.85429,Plein jour,Hors agglomération,Hors intersection,Normale,Deux véhicules - arrière,,,,,,,,,,,1,1,1,1.0,2.0
201800006947,0018-10-21 08:15:00,18,10,21,8,15,470,238,A62,44.2005,0.50121,Crépuscule ou aube,Hors agglomération,Hors intersection,Brouillard / fumée,Trois véhicules et plus - en chaîne,,,,,,,,,,,2,1,1,5.0,4.0
201800006948,0018-11-11 16:15:00,18,11,11,16,15,470,169,Autoroute A 62 PK 126+00,44.14667,0.624,Plein jour,Hors agglomération,Hors intersection,Normale,Autre collision,,,,,,,,,,,1,1,1,1.0,6.0
201800006949,0018-12-15 22:45:00,18,12,15,22,45,820,109,autoroute A 62 PK 158+00,44.05243,0.96942,Nuit sans éclairage public,Hors agglomération,Hors intersection,Autre,Deux véhicules - arrière,,,,,,,,,,,3,1,1,9.0,2.0
201800006950,0018-08-20 06:20:00,18,8,20,6,20,820,33,Autoroute A62,44.04402,1.06304,Crépuscule ou aube,Hors agglomération,Hors intersection,Normale,Autre collision,,,,,,,,,,,2,1,1,1.0,6.0
201800006951,0018-09-26 12:00:00,18,9,26,12,0,820,171,AUTOROUTE A 62,44.01225,1.20695,Plein jour,Hors agglomération,Hors intersection,Normale,Trois véhicules et plus - collisions multiples,,,,,,,,,,,1,1,1,1.0,5.0
201800006952,0018-10-07 22:40:00,18,10,7,22,40,820,119,A20,44.21792,1.53941,Nuit sans éclairage public,Hors agglomération,Hors intersection,Brouillard / fumée,Deux véhicules - arrière,,,,,,,,,,,3,1,1,5.0,2.0
201800006953,0018-10-28 00:19:00,18,10,28,0,19,820,125,A62,43.97026,1.26786,Nuit sans éclairage public,Hors agglomération,Hors intersection,Normale,Trois véhicules et plus - collisions multiples,,,,,,,,,,,3,1,1,1.0,5.0
201800006954,0018-04-05 13:19:00,18,4,5,13,19,390,526,Rond Point de la Chimie,47.04857,5.41414,Plein jour,En agglomération,Giratoire,Normale,Autre collision,,,,,,,,,,,1,2,6,1.0,6.0
201800006955,0018-05-30 08:05:00,18,5,30,8,5,390,285,,47.16874,5.65256,Plein jour,Hors agglomération,Hors intersection,Normale,Deux véhicules - arrière,,,,,,,,,,,1,1,1,1.0,2.0
201800006956,0018-06-27 12:01:00,18,6,27,12,1,390,30,,47.12569,5.49454,Plein jour,Hors agglomération,Hors intersection,Normale,Deux véhicules - frontale,,,,,,,,,,,1,1,1,1.0,1.0
201800006957,0018-09-20 20:31:00,18,9,20,20,31,390,365,D472/Vieille de Salins,46.98098,5.60487,Nuit avec éclairage allumé,En agglomération,Intersection en X,Normale,Deux véhicules - côté,,,,,,,,,,,5,2,2,1.0,3.0
201800006958,0018-10-01 16:10:00,18,10,1,16,10,390,30,,47.11828,5.49519,Plein jour,Hors agglomération,Hors intersection,Normale,Trois véhicules et plus - collisions multiples,,,,,,,,,,,1,1,1,1.0,5.0
201800006959,0018-12-29 13:26:00,18,12,29,13,26,390,51,,47.1329,5.45246,Plein jour,Hors agglomération,Hors intersection,Normale,Deux véhicules - arrière,,,,,,,,,,,1,1,1,1.0,2.0
201800006960,0018-01-04 18:30:00,18,1,4,18,30,60,85,221 avenue du général de,43.60675,7.0114,Nuit avec éclairage allumé,En agglomération,Hors intersection,Normale,Deux véhicules - côté,,,,,,,,,,,5,2,1,1.0,3.0
201800006961,0018-01-24 19:00:00,18,1,24,19,0,60,85,680 route de vallauris,43.59509,7.03854,Nuit sans éclairage public,Hors agglomération,Hors intersection,Normale,Deux véhicules - frontale,,,,,,,,,,,3,1,1,1.0,1.0
201800006962,0018-02-15 16:45:00,18,2,15,16,45,60,30,42 chemin des campelière,43.57976,7.00429,Plein jour,En agglomération,Intersection en T,Normale,Deux véhicules - côté,,,,,,,,,,,1,2,3,1.0,3.0
201800006963,0018-02-19 20:00:00,18,2,19,20,0,60,85,avenue notre dame de vie,43.60023,7.00352,Nuit avec éclairage allumé,En agglomération,Intersection en T,Pluie légère,Sans collision,,,,,,,,,,,5,2,3,2.0,7.0
201800006964,0018-06-22 11:50:00,18,6,22,11,50,60,85,RD 135,43.59562,7.03828,Plein jour,En agglomération,Hors intersection,Normale,Deux véhicules - côté,,,,,,,,,,,1,2,1,1.0,3.0
201800006965,0018-07-15 16:55:00,18,7,15,16,55,60,85,route de Vallauris,43.5961,7.03791,Plein jour,Hors agglomération,Hors intersection,Normale,Sans collision,,,,,,,,,,,1,1,1,1.0,7.0
201800006966,0018-07-16 11:15:00,18,7,16,11,15,60,85,745 avenue du golf,43.60342,7.01143,Plein jour,En agglomération,Hors intersection,Normale,Autre collision,,,,,,,,,,,1,2,1,1.0,6.0
201800006967,0018-07-31 06:50:00,18,7,31,6,50,60,85,avenue des alliés,43.58414,7.00895,Plein jour,En agglomération,Intersection en T,Normale,Deux véhicules - côté,,,,,,,,,,,1,2,3,1.0,3.0
201800006968,0018-08-20 12:06:00,18,8,20,12,6,60,85,CHEMIN DU FERRANDOU,43.58509,7.02777,Plein jour,En agglomération,Intersection en T,Normale,Deux véhicules - côté,,,,,,,,,,,1,2,3,1.0,3.0
201800006969,0018-09-01 16:30:00,18,9,1,16,30,60,85,Route de la Valmasque,43.60576,7.04617,Plein jour,Hors agglomération,Hors intersection,Pluie forte,Sans collision,,,,,,,,,,,1,1,1,3.0,7.0
201800006970,0018-10-09 09:20:00,18,10,9,9,20,60,85,Route d'Antibes - D35,43.60031,7.0301,Plein jour,Hors agglomération,Autre intersection,Normale,Deux véhicules - frontale,,,,,,,,,,,1,1,9,1.0,1.0
201800006971,0018-10-10 12:18:00,18,10,10,12,18,60,85,461/1 Chemin des Campeli,43.58051,7.00454,Plein jour,En agglomération,Autre intersection,Normale,Autre collision,,,,,,,,,,,1,2,9,1.0,6.0
201800006972,0018-10-30 15:15:00,18,10,30,15,15,60,85,1446 avenue maréchal jui,43.58843,6.99568,Plein jour,En agglomération,Hors intersection,Pluie légère,Deux véhicules - arrière,,,,,,,,,,,1,2,1,2.0,2.0
201800006973,0018-11-18 12:28:00,18,11,18,12,28,60,85,941 boulevard de la cour,43.59566,6.99036,Plein jour,En agglomération,Hors intersection,Normale,Autre collision,,,,,,,,,,,1,2,1,1.0,6.0
201800006974,0018-12-04 11:50:00,18,12,4,11,50,60,85,Avenue du Général de Gau,43.6171,7.00312,Plein jour,En agglomération,Hors intersection,Normale,Deux véhicules - côté,,,,,,,,,,,1,2,1,1.0,3.0
201800006975,0018-12-05 19:00:00,18,12,5,19,0,60,85,42 chemin des campelière,43.57978,7.00433,Nuit avec éclairage allumé,En agglomération,Hors intersection,Normale,Deux véhicules - côté,,,,,,,,,,,5,2,1,1.0,3.0
201800006976,0018-01-09 08:05:00,18,1,9,8,5,780,189,RD 198,48.87902,1.91903,Crépuscule ou aube,Hors agglomération,Hors intersection,Normale,Deux véhicules - frontale,,,,,,,,,,,2,1,1,1.0,1.0
201800006977,0018-01-25 18:00:00,18,1,25,18,0,780,466,quarante sous,48.92315,1.99859,Nuit avec éclairage allumé,Hors agglomération,Hors intersection,Normale,Autre collision,,,,,,,,,,,5,1,1,1.0,6.0
201800006978,0018-01-28 15:20:00,18,1,28,15,20,780,466,rue des Alluets,48.92044,1.95881,Plein jour,En agglomération,Hors intersection,Pluie légère,Deux véhicules - frontale,,,,,,,,,,,1,2,1,2.0,1.0
201800006979,0018-02-05 17:15:00,18,2,5,17,15,780,189,RD 307 sortie CRESPIERES,48.87902,1.91903,Plein jour,Hors agglomération,Autre intersection,Neige / grêle,Deux véhicules - frontale,,,,,,,,,,,1,1,9,4.0,1.0
201800006980,0018-06-09 13:55:00,18,6,9,13,55,780,466,route de quarante sous,48.92818,1.98238,Plein jour,En agglomération,Intersection en X,Normale,Trois véhicules et plus - collisions multiples,,,,,,,,,,,1,2,2,1.0,5.0
201800006981,0018-08-04 02:00:00,18,8,4,2,0,780,466,cd 113,48.93207,1.96955,Nuit sans éclairage public,Hors agglomération,Giratoire,Normale,Autre collision,,,,,,,,,,,3,1,6,1.0,6.0
201800006982,0018-09-11 08:00:00,18,9,11,8,0,780,189,rd 307,48.88667,1.91383,Plein jour,Hors agglomération,Intersection en X,Temps éblouissant,Deux véhicules - côté,,,,,,,,,,,1,1,2,7.0,3.0
201800006983,0018-09-14 15:30:00,18,9,14,15,30,780,466,route de quarante sous,48.93106,1.97332,Plein jour,En agglomération,Hors intersection,Normale,Deux véhicules - côté,,,,,,,,,,,1,2,1,1.0,3.0
201800006984,0018-03-05 10:40:00,18,3,5,10,40,330,122,Ch sources/Ch pt Trianon,44.75597,-0.69856,Plein jour,Hors agglomération,Intersection en Y,Autre,Deux véhicules - frontale,,,,,,,,,,,1,1,4,9.0,1.0
201800006985,0018-03-07 14:55:00,18,3,7,14,55,330,122,114 Compostelle 62+30ré.,44.72317,-0.68371,Plein jour,Hors agglomération,Hors intersection,Normale,Autre collision,,,,,,,,,,,1,1,1,1.0,6.0
201800006986,0018-03-07 07:30:00,18,3,7,7,30,330,90,D214E3 PR 1+1000 réel..,44.76524,-0.6685,Crépuscule ou aube,Hors agglomération,Intersection en X,Pluie légère,Deux véhicules - côté,,,,,,,,,,,2,1,2,2.0,3.0
201800006987,0018-08-10 03:35:00,18,8,10,3,35,330,122,RD211/A63 éch24,44.71931,-0.74077,Nuit avec éclairage allumé,Hors agglomération,Intersection en T,Normale,Deux véhicules - côté,,,,,,,,,,,5,1,3,1.0,3.0
201800006988,0018-08-31 23:00:00,18,8,31,23,0,330,122,RD214E4 PR0+530 REEL,44.74088,-0.67944,Nuit avec éclairage allumé,En agglomération,Hors intersection,Normale,Deux véhicules - arrière,,,,,,,,,,,5,2,1,1.0,2.0
201800006989,0018-09-02 17:45:00,18,9,2,17,45,330,90,chemin Salvador Allendé,44.75811,-0.65181,Plein jour,En agglomération,Intersection en T,Normale,Deux véhicules - côté,,,,,,,,,,,1,2,3,1.0,3.0
201800006990,0018-10-16 14:30:00,18,10,16,14,30,330,122,RD 1010 PR67+108 réel,44.68578,-0.72044,Plein jour,Hors agglomération,Hors intersection,Normale,Trois véhicules et plus - collisions multiples,,,,,,,,,,,1,1,1,1.0,5.0
201800006991,0018-10-18 19:50:00,18,10,18,19,50,330,122,ch.de la croix d'hins,44.73335,-0.71249,Nuit sans éclairage public,Hors agglomération,Hors intersection,Normale,Deux véhicules - côté,,,,,,,,,,,3,1,1,1.0,3.0
201800006992,0018-11-22 17:45:00,18,11,22,17,45,330,122,RD211 / A63,44.71933,-0.7408,Crépuscule ou aube,Hors agglomération,Intersection en T,Normale,Trois véhicules et plus - collisions multiples,,,,,,,,,,,2,1,3,1.0,5.0
201800006993,0018-11-30 10:04:00,18,11,30,10,4,330,122,Parking magasin Inter.,44.77921,-0.68918,Plein jour,En agglomération,Intersection en T,Pluie forte,Deux véhicules - côté,,,,,,,,,,,1,2,3,3.0,3.0
201800006994,0018-11-30 23:00:00,18,11,30,23,0,330,122,D214 E2,44.74223,-0.66695,Nuit avec éclairage allumé,En agglomération,Hors intersection,Normale,Deux véhicules - côté,,,,,,,,,,,5,2,1,1.0,3.0
201800006995,0018-09-01 19:05:00,18,9,1,19,5,660,108,D612,,,Plein jour,Hors agglomération,Hors intersection,Normale,Deux véhicules - frontale,,,,,,,,,,,1,1,1,1.0,1.0
201800006996,0018-02-11 18:30:00,18,2,11,18,30,670,348,RD 500 echangeur ZI OBER,48.4713,7.51257,Nuit sans éclairage public,Hors agglomération,Autre intersection,Pluie légère,Autre collision,,,,,,,,,,,3,1,9,2.0,6.0
201800006997,0018-02-13 09:00:00,18,2,13,9,0,670,112,autoroute A352,48.51554,7.56452,Plein jour,Hors agglomération,Autre intersection,Normale,Sans collision,,,,,,,,,,,1,1,9,1.0,7.0
201800006998,0018-02-22 09:45:00,18,2,22,9,45,670,28,,48.37428,7.59204,Plein jour,En agglomération,Intersection en Y,Normale,Autre collision,,,,,,,,,,,1,2,4,1.0,6.0
201800006999,0018-04-18 09:30:00,18,4,18,9,30,670,481,Autoroute A 35 PK 429.40,48.37134,7.48384,Plein jour,Hors agglomération,Hors intersection,Normale,Deux véhicules - arrière,,,,,,,,,,,1,1,1,1.0,2.0
201800007000,0018-04-22 11:00:00,18,4,22,11,0,670,115,RN1083 PK 50.7,48.32134,7.49767,Plein jour,Hors agglomération,Hors intersection,Normale,Autre collision,,,,,,,,,,,1,1,1,1.0,6.0
201800007001,0018-05-23 10:55:00,18,5,23,10,55,670,84,A35 pk 435+400,48.31251,7.47845,Plein jour,Hors agglomération,Hors intersection,Normale,Deux véhicules - arrière,,,,,,,,,,,1,1,1,1.0,2.0
201800007002,0018-06-04 10:20:00,18,6,4,10,20,670,108,Autoroute A352,48.52356,7.59307,Plein jour,Hors agglomération,Hors intersection,Normale,Sans collision,,,,,,,,,,,1,1,1,1.0,7.0
201800007003,0018-08-26 02:20:00,18,8,26,2,20,670,101,Echangeur n° 11a - A352,48.52023,7.50525,Nuit sans éclairage public,Hors agglomération,Hors intersection,Normale,Autre collision,,,,,,,,,,,3,1,1,1.0,6.0
201800007004,0018-10-08 03:20:00,18,10,8,3,20,670,411,"D500, PR 001.800, direct",48.50237,7.50188,Nuit sans éclairage public,Hors agglomération,Hors intersection,Normale,Deux véhicules - arrière,,,,,,,,,,,3,1,1,1.0,2.0
201800007005,0018-10-18 17:40:00,18,10,18,17,40,670,411,RD500,48.50237,7.50188,Plein jour,Hors agglomération,Hors intersection,Normale,Trois véhicules et plus - en chaîne,,,,,,,,,,,1,1,1,1.0,4.0
201800007006,0018-12-18 14:10:00,18,12,18,14,10,670,112,A35 PK 320.400,48.50921,7.58134,Plein jour,Hors agglomération,Hors intersection,Brouillard / fumée,Deux véhicules - arrière,,,,,,,,,,,1,1,1,5.0,2.0
201800007007,0018-12-16 11:05:00,18,12,16,11,5,670,411,RD500,48.50084,7.50325,Plein jour,Hors agglomération,Hors intersection,Temps éblouissant,Autre collision,,,,,,,,,,,1,1,1,7.0,6.0
201800007008,0018-03-31 14:50:00,18,3,31,14,50,790,48,,46.35235,-0.32896,Plein jour,Hors agglomération,Hors intersection,Normale,Deux véhicules - arrière,,,,,,,,,,,1,1,1,1.0,2.0
201800007009,0018-07-21 11:43:00,18,7,21,11,43,790,125,,46.24491,-0.42986,Plein jour,Hors agglomération,Hors intersection,Normale,Trois véhicules et plus - en chaîne,,,,,,,,,,,1,1,1,1.0,4.0
201800007010,0018-08-31 12:15:00,18,8,31,12,15,790,137,,46.22662,-0.44517,Plein jour,Hors agglomération,Hors intersection,Normale,Trois véhicules et plus - en chaîne,,,,,,,,,,,1,1,1,1.0,4.0