accident_id,datetime,annee,mois,jour,heure,minute,departement,commune_insee,adresse,latitude,longitude,luminosite,agglomeration,intersection,meteo,collision,nb_vehicules,nb_usagers,nb_indemnes,nb_tues,nb_blesses_hosp,nb_blesses_legers,age_cond_1,age_cond_2,veh_type_cond_1,veh_type_cond_2,lum_code,agg_code,int_code,atm_code,col_code
201800007011,0018-11-09 02:00:00,18,11,9,2,0,790,355,,46.32744,-0.3349,Nuit sans éclairage public,Hors agglomération,Hors intersection,Normale,Deux véhicules - arrière,,,,,,,,,,,3,1,1,1.0,2.0
201800007012,0018-01-05 20:42:00,18,1,5,20,42,170,362,A.10 PK 482+300,45.383,-0.60223,Nuit sans éclairage public,Hors agglomération,Autre intersection,Temps couvert,Deux véhicules - côté,,,,,,,,,,,3,1,9,8.0,3.0
201800007013,0018-04-08 07:39:00,18,4,8,7,39,170,279,autoroute A10 - PK 477.0,45.43234,-0.60551,Crépuscule ou aube,Hors agglomération,Hors intersection,Temps couvert,Sans collision,,,,,,,,,,,2,1,1,8.0,7.0
201800007014,0018-08-26 07:15:00,18,8,26,7,15,170,50,Autoroute A10 PK 471+200,45.48027,-0.61874,Plein jour,Hors agglomération,Hors intersection,Normale,Deux véhicules - arrière,,,,,,,,,,,1,1,1,1.0,2.0
201800007015,0018-09-24 12:45:00,18,9,24,12,45,330,502,A10 P.K.506.100,45.18824,-0.49147,Plein jour,Hors agglomération,Hors intersection,Normale,Trois véhicules et plus - en chaîne,,,,,,,,,,,1,1,1,1.0,4.0
201800007016,0018-01-06 15:15:00,18,1,6,15,15,740,67,RD 16 Route des Creuses,45.88555,6.06445,Plein jour,En agglomération,Hors intersection,Normale,Autre collision,,,,,,,,,,,1,2,1,1.0,6.0
201800007017,0018-01-06 18:25:00,18,1,6,18,25,740,268,RUE CHAMP DE TAILLEE,45.88991,6.10618,Nuit avec éclairage allumé,En agglomération,Hors intersection,Normale,Autre collision,,,,,,,,,,,5,2,1,1.0,6.0
201800007018,0018-04-11 12:11:00,18,4,11,12,11,740,268,77 boulevard Costa de Be,45.87794,6.09369,Plein jour,En agglomération,Giratoire,Normale,Autre collision,,,,,,,,,,,1,2,6,1.0,6.0
201800007019,0018-05-30 16:15:00,18,5,30,16,15,740,268,"7, Avenue Zanarolli",45.60522,6.74962,Plein jour,En agglomération,Hors intersection,Normale,Deux véhicules - côté,,,,,,,,,,,1,2,1,1.0,3.0
201800007020,0018-08-29 17:45:00,18,8,29,17,45,740,268,Avenue d'Aix-les-Bains,45.8874,6.10344,Plein jour,Hors agglomération,Hors intersection,Pluie forte,Deux véhicules - frontale,,,,,,,,,,,1,1,1,3.0,1.0
201800007021,0018-09-14 10:20:00,18,9,14,10,20,740,268,Avenue de périaz,45.8745,6.08809,Plein jour,En agglomération,Intersection en T,Normale,Autre collision,,,,,,,,,,,1,2,3,1.0,6.0
201800007022,0018-10-03 17:10:00,18,10,3,17,10,740,67,ROUTE DES CREUSES,45.88146,6.05008,Plein jour,Hors agglomération,Hors intersection,Normale,Deux véhicules - côté,,,,,,,,,,,1,1,1,1.0,3.0
201800007023,0018-11-16 18:20:00,18,11,16,18,20,740,268,Avenue d'AIX LES BAINS,45.8874,6.10344,Nuit sans éclairage public,En agglomération,Hors intersection,Normale,Deux véhicules - frontale,,,,,,,,,,,3,2,1,1.0,1.0
201800007024,0018-11-28 20:40:00,18,11,28,20,40,740,268,Rond point du Maréchal J,45.89008,6.11454,Nuit avec éclairage allumé,En agglomération,Giratoire,Normale,Deux véhicules - côté,,,,,,,,,,,5,2,6,1.0,3.0
201800007025,0018-01-05 03:30:00,18,1,5,3,30,10,49,Autoroute A42 sens Genèv,45.837,5.03889,Nuit sans éclairage public,Hors agglomération,Hors intersection,Pluie légère,Deux véhicules - arrière,,,,,,,,,,,3,1,1,2.0,2.0
201800007026,0018-01-19 09:20:00,18,1,19,9,20,10,43,"Autoroute A42, gare de p",45.82279,4.99932,Plein jour,Hors agglomération,Autre intersection,Normale,Deux véhicules - arrière,,,,,,,,,,,1,1,9,1.0,2.0
201800007027,0018-01-19 04:25:00,18,1,19,4,25,690,299,"A432, point kilométrique",45.72241,5.09649,Nuit sans éclairage public,Hors agglomération,Hors intersection,Normale,Deux véhicules - arrière,,,,,,,,,,,3,1,1,1.0,2.0
201800007028,0018-02-08 06:15:00,18,2,8,6,15,10,390,avenue Charles de Gaulle,45.83855,5.27922,Nuit avec éclairage allumé,Hors agglomération,Intersection en X,Normale,Deux véhicules - côté,,,,,,,,,,,5,1,2,1.0,3.0
201800007029,0018-02-07 15:50:00,18,2,7,15,50,10,47,D124 - PR 005.450,45.84998,5.25351,Plein jour,Hors agglomération,Hors intersection,Temps couvert,Deux véhicules - côté,,,,,,,,,,,1,1,1,8.0,3.0
201800007030,0018-04-10 18:25:00,18,4,10,18,25,380,557,A 432,45.7762,5.08261,Plein jour,Hors agglomération,Hors intersection,Normale,Deux véhicules - arrière,,,,,,,,,,,1,1,1,1.0,2.0
201800007031,0018-05-10 10:30:00,18,5,10,10,30,690,288,Autoroute A432 point kil,45.69225,5.06923,Plein jour,Hors agglomération,Hors intersection,Normale,Sans collision,,,,,,,,,,,1,1,1,1.0,7.0
201800007032,0018-06-09 04:35:00,18,6,9,4,35,10,443,D1083 INTERSECTION D904,45.99969,5.02964,Nuit avec éclairage allumé,En agglomération,Intersection en X,Normale,Deux véhicules - côté,,,,,,,,,,,5,2,2,1.0,3.0
201800007033,0018-06-24 01:40:00,18,6,24,1,40,10,7,Autoroute A42 point kilo,46.0167,5.31298,Nuit sans éclairage public,Hors agglomération,Hors intersection,Normale,,,,,,,,,,,,3,1,1,1.0,
201800007034,0018-07-01 13:50:00,18,7,1,13,50,10,32,Autoroute A42 - sens LYO,45.86418,5.14482,Plein jour,Hors agglomération,Hors intersection,Normale,Autre collision,,,,,,,,,,,1,1,1,1.0,6.0
201800007035,0018-07-06 13:16:00,18,7,6,13,16,10,450,A 42 PK 31+300 sens GENE,,,Plein jour,Hors agglomération,Hors intersection,Normale,Deux véhicules - arrière,,,,,,,,,,,1,1,1,1.0,2.0
201800007036,0018-09-29 05:05:00,18,9,29,5,5,10,89,Autoroute A42 - sortie 8,45.97044,5.30851,Nuit sans éclairage public,Hors agglomération,Autre intersection,Normale,Autre collision,,,,,,,,,,,3,1,9,1.0,6.0
201800007037,0018-10-15 12:52:00,18,10,15,12,52,10,7,Autoroute A42,46.01675,5.31298,Plein jour,Hors agglomération,Hors intersection,Normale,Autre collision,,,,,,,,,,,1,1,1,1.0,6.0
201800007038,0018-10-18 15:10:00,18,10,18,15,10,10,430,A42,46.04516,5.32499,Plein jour,Hors agglomération,Hors intersection,Normale,Deux véhicules - arrière,,,,,,,,,,,1,1,1,1.0,2.0
201800007039,0018-10-25 04:00:00,18,10,25,4,0,10,142,A 42,45.84664,5.07846,Nuit sans éclairage public,Hors agglomération,Autre intersection,Normale,Deux véhicules - arrière,,,,,,,,,,,3,1,9,1.0,2.0
201800007040,0018-11-05 21:10:00,18,11,5,21,10,10,49,RD1084,45.84667,5.03456,Nuit avec éclairage allumé,En agglomération,Intersection en X,Normale,Deux véhicules - côté,,,,,,,,,,,5,2,2,1.0,3.0
201800007041,0018-11-30 21:30:00,18,11,30,21,30,690,299,A 432,45.72241,5.09649,Nuit sans éclairage public,Hors agglomération,Hors intersection,Brouillard / fumée,Trois véhicules et plus - collisions multiples,,,,,,,,,,,3,1,1,5.0,5.0
201800007042,0018-12-06 06:50:00,18,12,6,6,50,10,32,A42 - PK 24.400,45.86418,5.14482,Nuit sans éclairage public,Hors agglomération,Autre intersection,Pluie légère,Trois véhicules et plus - en chaîne,,,,,,,,,,,3,1,9,2.0,4.0
201800007043,0018-12-15 18:45:00,18,12,15,18,45,690,299,PK 024.700 SENS MARSEILL,45.69734,5.09273,Nuit sans éclairage public,Hors agglomération,Hors intersection,Normale,Deux véhicules - arrière,,,,,,,,,,,3,1,1,1.0,2.0
201800007044,0018-12-20 12:55:00,18,12,20,12,55,10,32,A42 - Point kilométrique,45.86418,5.14482,Plein jour,Hors agglomération,Hors intersection,Temps couvert,Deux véhicules - arrière,,,,,,,,,,,1,1,1,8.0,2.0
201800007045,0018-12-28 10:15:00,18,12,28,10,15,10,49,PK 12.300 - sens GENEVE-,45.83014,5.02284,Plein jour,Hors agglomération,Hors intersection,Normale,Deux véhicules - côté,,,,,,,,,,,1,1,1,1.0,3.0
201800007046,0018-12-19 17:28:00,18,12,19,17,28,370,240,Nationale 10,47.58989,0.93105,Crépuscule ou aube,Hors agglomération,Intersection en X,Pluie légère,Deux véhicules - côté,,,,,,,,,,,2,1,2,2.0,3.0
201800007047,0018-05-30 13:15:00,18,5,30,13,15,420,256,Lieu-dit l'Etivant,45.46977,4.13378,Plein jour,Hors agglomération,Hors intersection,Pluie légère,Autre collision,,,,,,,,,,,1,1,1,2.0,6.0
201800007048,0018-06-30 23:00:00,18,6,30,23,0,420,169,lieu dit Nus,45.46002,4.11401,Nuit sans éclairage public,En agglomération,Hors intersection,Normale,Deux véhicules - côté,,,,,,,,,,,3,2,1,1.0,3.0
201800007049,0018-07-10 07:45:00,18,7,10,7,45,420,256,route de razoux,45.48251,4.20603,Plein jour,Hors agglomération,Hors intersection,Normale,Deux véhicules - frontale,,,,,,,,,,,1,1,1,1.0,1.0
201800007050,0018-07-26 00:10:00,18,7,26,0,10,420,279,15 chemin de Peyrieux,45.49635,4.24239,Nuit avec éclairage allumé,En agglomération,Hors intersection,Normale,Autre collision,,,,,,,,,,,5,2,1,1.0,6.0
201800007051,0018-08-02 08:30:00,18,8,2,8,30,420,279,route de bonson,45.50466,4.24859,Plein jour,En agglomération,Intersection en T,Normale,Deux véhicules - côté,,,,,,,,,,,1,2,3,1.0,3.0
201800007052,0018-07-29 01:50:00,18,7,29,1,50,420,279,boulevard du poyet,45.50001,4.24027,Nuit avec éclairage allumé,En agglomération,Intersection en X,Normale,Deux véhicules - côté,,,,,,,,,,,5,2,2,1.0,3.0
201800007053,0018-10-06 03:00:00,18,10,6,3,0,420,279,route de BONSON,45.5087,4.2412,Nuit avec éclairage allumé,En agglomération,Hors intersection,Normale,Autre collision,,,,,,,,,,,5,2,1,1.0,6.0
201800007054,0018-12-23 09:15:00,18,12,23,9,15,420,279,Route de Chambles,45.49759,4.24362,Plein jour,En agglomération,Hors intersection,Normale,Deux véhicules - arrière,,,,,,,,,,,1,2,1,1.0,2.0
201800007055,0018-12-28 18:30:00,18,12,28,18,30,420,42,D108,45.45841,4.22285,Nuit sans éclairage public,Hors agglomération,Hors intersection,Normale,Deux véhicules - frontale,,,,,,,,,,,3,1,1,1.0,1.0
201800007056,0018-02-27 14:00:00,18,2,27,14,0,910,45,avenue de la mutualité,48.53903,2.3807,Plein jour,Hors agglomération,Intersection en T,Temps couvert,Deux véhicules - côté,,,,,,,,,,,1,1,3,8.0,3.0
201800007057,0018-04-09 14:02:00,18,4,9,14,2,910,649,RD31,48.54376,2.35172,Plein jour,Hors agglomération,Hors intersection,Pluie forte,Deux véhicules - arrière,,,,,,,,,,,1,1,1,3.0,2.0
201800007058,0018-06-09 18:57:00,18,6,9,18,57,910,45,rue eugene pereire,48.52976,2.36732,Plein jour,En agglomération,Hors intersection,Normale,Sans collision,,,,,,,,,,,1,2,1,1.0,7.0
201800007059,0018-09-15 15:15:00,18,9,15,15,15,910,649,"D31, PK 10+6",48.55144,2.34549,Plein jour,Hors agglomération,Hors intersection,Normale,Sans collision,,,,,,,,,,,1,1,1,1.0,7.0
201800007060,0018-09-28 10:15:00,18,9,28,10,15,910,45,RD191,48.51663,2.38202,Plein jour,Hors agglomération,Intersection en X,Normale,Deux véhicules - côté,,,,,,,,,,,1,1,2,1.0,3.0
201800007061,0018-11-09 22:45:00,18,11,9,22,45,910,135,rue de noisement,48.51109,2.44252,Nuit sans éclairage public,Hors agglomération,Hors intersection,Normale,Autre collision,,,,,,,,,,,3,1,1,1.0,6.0
201800007062,0018-01-11 17:40:00,18,1,11,17,40,60,152,route du parc,43.61849,7.03313,Nuit sans éclairage public,Hors agglomération,Hors intersection,Normale,Deux véhicules - côté,,,,,,,,,,,3,1,1,1.0,3.0
201800007063,0018-01-23 07:50:00,18,1,23,7,50,60,152,126 Avenue Georges Pompi,43.6231,7.05088,Plein jour,En agglomération,Hors intersection,Normale,Autre collision,,,,,,,,,,,1,2,1,1.0,6.0
201800007064,0018-02-15 10:05:00,18,2,15,10,5,60,152,476 route de nice,43.64567,7.02116,Plein jour,En agglomération,Hors intersection,Normale,Autre collision,,,,,,,,,,,1,2,1,1.0,6.0
201800007065,0018-02-16 16:50:00,18,2,16,16,50,60,152,route du parc,43.60824,7.05443,Plein jour,En agglomération,Hors intersection,Normale,Deux véhicules - côté,,,,,,,,,,,1,2,1,1.0,3.0
201800007066,0018-02-16 21:40:00,18,2,16,21,40,60,152,route de la Valmasque,43.60686,7.05594,Nuit sans éclairage public,Hors agglomération,Hors intersection,Normale,Deux véhicules - frontale,,,,,,,,,,,3,1,1,1.0,1.0
201800007067,0018-03-12 13:10:00,18,3,12,13,10,60,18,5364 route de Valbonne,43.63952,7.05444,Plein jour,En agglomération,Intersection en T,Normale,Deux véhicules - côté,,,,,,,,,,,1,2,3,1.0,3.0
201800007068,0018-03-28 12:30:00,18,3,28,12,30,60,152,route des cretes,43.62145,7.03476,Plein jour,Hors agglomération,Hors intersection,Normale,Deux véhicules - arrière,,,,,,,,,,,1,1,1,1.0,2.0
201800007069,0018-04-04 13:35:00,18,4,4,13,35,60,152,route des macarons,43.63812,7.04622,Plein jour,Hors agglomération,Intersection en T,Pluie légère,Trois véhicules et plus - en chaîne,,,,,,,,,,,1,1,3,2.0,4.0
201800007070,0018-04-06 09:10:00,18,4,6,9,10,60,152,ROUTE DES CRETES,43.62476,7.03523,Plein jour,Hors agglomération,Hors intersection,Normale,Deux véhicules - côté,,,,,,,,,,,1,1,1,1.0,3.0
201800007071,0018-04-10 14:25:00,18,4,10,14,25,60,18,route des dolines,43.62448,7.0571,Plein jour,En agglomération,Giratoire,Pluie légère,Autre collision,,,,,,,,,,,1,2,6,2.0,6.0
201800007072,0018-04-16 05:00:00,18,4,16,5,0,60,152,Route de la valmasque,43.60558,7.05709,Nuit sans éclairage public,Hors agglomération,Hors intersection,Normale,Deux véhicules - côté,,,,,,,,,,,3,1,1,1.0,3.0
201800007073,0018-04-18 14:10:00,18,4,18,14,10,60,152,516 chemin de Font de Cu,43.62906,6.99266,Plein jour,En agglomération,Hors intersection,Normale,Deux véhicules - arrière,,,,,,,,,,,1,2,1,1.0,2.0
201800007074,0018-04-19 12:20:00,18,4,19,12,20,60,152,route d'Antibes,43.6235,7.01179,Plein jour,Hors agglomération,Hors intersection,Normale,Autre collision,,,,,,,,,,,1,1,1,1.0,6.0
201800007075,0018-05-01 16:30:00,18,5,1,16,30,60,155,D435,43.60328,7.0631,Plein jour,Hors agglomération,Intersection en Y,Pluie légère,Sans collision,,,,,,,,,,,1,1,4,2.0,7.0
201800007076,0018-05-15 17:20:00,18,5,15,17,20,60,18,route des colles,43.6153,7.08322,Plein jour,Hors agglomération,Hors intersection,Normale,Deux véhicules - côté,,,,,,,,,,,1,1,1,1.0,3.0
201800007077,0018-05-31 13:25:00,18,5,31,13,25,60,152,route des Macarons,43.64212,7.04643,Plein jour,Hors agglomération,Hors intersection,Normale,Autre collision,,,,,,,,,,,1,1,1,1.0,6.0
201800007078,0018-06-01 08:15:00,18,6,1,8,15,60,152,route des macarrons,43.63316,7.05122,Plein jour,Hors agglomération,Hors intersection,Normale,Deux véhicules - frontale,,,,,,,,,,,1,1,1,1.0,1.0
201800007079,0018-06-07 15:15:00,18,6,7,15,15,60,152,903 avenue de pierrefeu,43.64118,7.01972,Plein jour,En agglomération,Hors intersection,Normale,Deux véhicules - frontale,,,,,,,,,,,1,2,1,1.0,1.0
201800007080,0018-06-09 07:45:00,18,6,9,7,45,60,18,Route d'Antibes,43.61998,7.10151,Plein jour,Hors agglomération,Hors intersection,Normale,Deux véhicules - frontale,,,,,,,,,,,1,1,1,1.0,1.0
201800007081,0018-06-21 20:05:00,18,6,21,20,5,60,18,4960 route de valbonne -,43.63946,7.05691,Plein jour,En agglomération,Hors intersection,Normale,Autre collision,,,,,,,,,,,1,2,1,1.0,6.0
201800007082,0018-06-27 08:50:00,18,6,27,8,50,60,152,Rond point des agasses -,43.6286,7.03787,Plein jour,En agglomération,Giratoire,Normale,Sans collision,,,,,,,,,,,1,2,6,1.0,7.0
201800007083,0018-07-02 09:00:00,18,7,2,9,0,60,152,660 route des lucioles,43.61817,7.05372,Plein jour,Hors agglomération,Hors intersection,Normale,Deux véhicules - côté,,,,,,,,,,,1,1,1,1.0,3.0
201800007084,0018-07-02 09:05:00,18,7,2,9,5,60,18,route d'Antibes,43.62227,7.09963,Plein jour,En agglomération,Hors intersection,Normale,Autre collision,,,,,,,,,,,1,2,1,1.0,6.0
201800007085,0018-07-12 08:15:00,18,7,12,8,15,60,18,1020 route de Valbonne,43.63041,7.09249,Plein jour,En agglomération,Hors intersection,Normale,Sans collision,,,,,,,,,,,1,2,1,1.0,7.0
201800007086,0018-08-05 16:10:00,18,8,5,16,10,60,18,1114 route d'Antibes,43.61945,7.10187,Plein jour,En agglomération,Hors intersection,Normale,Autre collision,,,,,,,,,,,1,2,1,1.0,6.0
201800007087,0018-08-27 18:55:00,18,8,27,18,55,60,152,12 boulevard Carnot,43.64242,7.00935,Plein jour,En agglomération,Hors intersection,Normale,Autre collision,,,,,,,,,,,1,2,1,1.0,6.0
201800007088,0018-09-25 08:55:00,18,9,25,8,55,60,152,carrefour des lucioles,43.61355,7.046,Plein jour,Hors agglomération,Intersection en X,Normale,Deux véhicules - côté,,,,,,,,,,,1,1,2,1.0,3.0
201800007089,0018-09-25 11:50:00,18,9,25,11,50,60,152,1165 route des crêtes,43.62643,7.0445,Plein jour,Hors agglomération,Hors intersection,Normale,Autre collision,,,,,,,,,,,1,1,1,1.0,6.0
201800007090,0018-10-05 13:00:00,18,10,5,13,0,60,18,avenue   de Roumanille,43.62308,7.07026,Plein jour,En agglomération,Hors intersection,Normale,Autre collision,,,,,,,,,,,1,2,1,1.0,6.0
201800007091,0018-10-10 03:30:00,18,10,10,3,30,60,152,route des Dolines,43.62687,7.05446,Nuit avec éclairage allumé,Hors agglomération,Hors intersection,Normale,Autre collision,,,,,,,,,,,5,1,1,1.0,6.0
201800007092,0018-10-12 12:06:00,18,10,12,12,6,60,18,rue henry poincaré,43.61744,7.07557,Plein jour,En agglomération,Giratoire,Normale,Autre collision,,,,,,,,,,,1,2,6,1.0,6.0
201800007093,0018-10-19 18:15:00,18,10,19,18,15,60,18,rond point la romaine,43.61779,7.11218,Plein jour,En agglomération,Giratoire,Normale,Deux véhicules - arrière,,,,,,,,,,,1,2,6,1.0,2.0
201800007094,0018-11-04 10:30:00,18,11,4,10,30,60,152,1988 route de nice,43.65244,7.02861,Plein jour,Hors agglomération,Hors intersection,Pluie légère,Autre collision,,,,,,,,,,,1,1,1,2.0,6.0
201800007095,0018-11-14 02:15:00,18,11,14,2,15,60,152,ROUTE DES DOLINES,43.61803,7.03674,Nuit avec éclairage allumé,En agglomération,Hors intersection,Normale,Sans collision,,,,,,,,,,,5,2,1,1.0,7.0
201800007096,0018-11-27 17:00:00,18,11,27,17,0,60,18,3140 route des Dolines -,43.6215,7.06141,Crépuscule ou aube,En agglomération,Intersection en T,Normale,Deux véhicules - côté,,,,,,,,,,,2,2,3,1.0,3.0
201800007097,0018-12-07 18:06:00,18,12,7,18,6,60,152,route des cretes,43.62255,7.03279,Nuit avec éclairage allumé,En agglomération,Hors intersection,Normale,Deux véhicules - côté,,,,,,,,,,,5,2,1,1.0,3.0
201800007098,0018-12-04 18:15:00,18,12,4,18,15,60,18,route des dolines,43.62646,7.05566,Nuit avec éclairage allumé,En agglomération,Intersection en T,Normale,Deux véhicules - côté,,,,,,,,,,,5,2,3,1.0,3.0
201800007099,0018-12-18 08:59:00,18,12,18,8,59,60,18,12 route de valbonne,43.62833,7.09596,Plein jour,En agglomération,Hors intersection,Temps éblouissant,Autre collision,,,,,,,,,,,1,2,1,7.0,6.0
201800007100,0018-12-30 12:05:00,18,12,30,12,5,60,152,Route de la Valmasque RD,43.60533,7.05209,Plein jour,Hors agglomération,Hors intersection,Normale,Deux véhicules - frontale,,,,,,,,,,,1,1,1,1.0,1.0
201800007101,0018-01-13 18:00:00,18,1,13,18,0,690,244,avenue Charles de Gaule,45.75071,4.76076,Nuit avec éclairage allumé,En agglomération,Hors intersection,Normale,Deux véhicules - frontale,,,,,,,,,,,5,2,1,1.0,1.0
201800007102,0018-03-08 20:30:00,18,3,8,20,30,690,244,42 avenue de la républiq,45.76392,4.77971,Nuit avec éclairage allumé,En agglomération,Hors intersection,Normale,Sans collision,,,,,,,,,,,5,2,1,1.0,7.0
201800007103,0018-04-27 23:30:00,18,4,27,23,30,690,244,142 avenue charles de ga,45.75614,4.77231,Nuit avec éclairage non allumé,En agglomération,Hors intersection,Normale,Deux véhicules - côté,,,,,,,,,,,4,2,1,1.0,3.0
201800007104,0018-05-23 10:30:00,18,5,23,10,30,690,244,120 avenue charles de ga,45.75937,4.77629,Plein jour,En agglomération,Hors intersection,Normale,Autre collision,,,,,,,,,,,1,2,1,1.0,6.0
201800007105,0018-06-29 15:15:00,18,6,29,15,15,690,244,Carrefour Avenue foch et,45.76103,4.76259,Plein jour,En agglomération,Hors intersection,Normale,Deux véhicules - frontale,,,,,,,,,,,1,2,1,1.0,1.0
201800007106,0018-07-05 22:48:00,18,7,5,22,48,690,244,156 rue Joliot Curie,45.75154,4.7699,Nuit avec éclairage allumé,En agglomération,Hors intersection,Temps couvert,Deux véhicules - côté,,,,,,,,,,,5,2,1,8.0,3.0
201800007107,0018-07-10 01:00:00,18,7,10,1,0,690,244,avenue Charles de Gaulle,45.75844,4.77498,Nuit avec éclairage allumé,En agglomération,Intersection à plus de 4 branches,Normale,Deux véhicules - côté,,,,,,,,,,,5,2,5,1.0,3.0
201800007108,0018-07-10 22:45:00,18,7,10,22,45,690,244,avenue general brosset,45.7574,4.77822,Nuit avec éclairage allumé,En agglomération,Intersection en X,Normale,Deux véhicules - côté,,,,,,,,,,,5,2,2,1.0,3.0
201800007109,0018-09-01 09:30:00,18,9,1,9,30,690,244,170 avenue Charles de GA,45.75547,4.77154,Plein jour,En agglomération,Autre intersection,Normale,Deux véhicules - côté,,,,,,,,,,,1,2,9,1.0,3.0
201800007110,0018-09-08 05:30:00,18,9,8,5,30,690,244,Avenue Marechal foch,45.75848,4.77457,Nuit avec éclairage allumé,En agglomération,Hors intersection,Normale,Deux véhicules - côté,,,,,,,,,,,5,2,1,1.0,3.0
201800007111,0018-11-05 17:15:00,18,11,5,17,15,690,44,39 avenue Lamartine,45.7792,4.74123,Nuit avec éclairage allumé,En agglomération,Hors intersection,Temps couvert,Deux véhicules - frontale,,,,,,,,,,,5,2,1,8.0,1.0
201800007112,0018-11-05 18:05:00,18,11,5,18,5,690,244,Chles de Gaulle/Vert(ch),45.76185,4.77902,Nuit avec éclairage allumé,En agglomération,Intersection en X,Normale,Autre collision,,,,,,,,,,,5,2,2,1.0,6.0
201800007113,0018-11-16 17:35:00,18,11,16,17,35,690,244,11 novembre/ch Baraillon,45.76391,4.76122,Nuit sans éclairage public,En agglomération,Intersection en T,Pluie légère,Deux véhicules - côté,,,,,,,,,,,3,2,3,2.0,3.0
201800007114,0018-11-17 00:05:00,18,11,17,0,5,690,44,avenue Jean Bergeron,45.77551,4.74476,Nuit sans éclairage public,Hors agglomération,Hors intersection,Pluie légère,Sans collision,,,,,,,,,,,3,1,1,2.0,7.0
201800007115,0018-12-17 12:40:00,18,12,17,12,40,690,244,183 rue joliot curie,45.75296,4.77283,Plein jour,En agglomération,Hors intersection,Normale,Deux véhicules - côté,,,,,,,,,,,1,2,1,1.0,3.0
201800007116,0018-01-12 09:18:00,18,1,12,9,18,340,82,D 127,43.66785,3.78652,Plein jour,Hors agglomération,Hors intersection,Temps éblouissant,Trois véhicules et plus - collisions multiples,,,,,,,,,,,1,1,1,7.0,5.0
201800007117,0018-08-16 18:30:00,18,8,16,18,30,340,255,départementale D986,43.68628,3.82241,Plein jour,Hors agglomération,Hors intersection,Normale,Trois véhicules et plus - collisions multiples,,,,,,,,,,,1,1,1,1.0,5.0
201800007118,0018-09-29 07:30:00,18,9,29,7,30,340,153,RD 986,43.73904,3.78551,Crépuscule ou aube,Hors agglomération,Hors intersection,Normale,Deux véhicules - arrière,,,,,,,,,,,2,1,1,1.0,2.0
201800007119,0018-10-04 17:45:00,18,10,4,17,45,340,320,D127E6,43.6616,3.75095,Plein jour,Hors agglomération,Hors intersection,Normale,Deux véhicules - arrière,,,,,,,,,,,1,1,1,1.0,2.0
201800007120,0018-11-17 16:10:00,18,11,17,16,10,340,255,RD 986 / RD 68 / RD 145,43.70831,3.81796,Plein jour,Hors agglomération,Giratoire,Normale,Autre collision,,,,,,,,,,,1,1,6,1.0,6.0
201800007121,0018-03-01 03:00:00,18,3,1,3,0,10,69,A40 sens MACON-GENEVE pk,46.11975,5.28651,Nuit sans éclairage public,Hors agglomération,Hors intersection,Neige / grêle,Autre collision,,,,,,,,,,,3,1,1,4.0,6.0
201800007122,0018-03-03 12:30:00,18,3,3,12,30,10,232,Autoroute A39,46.37464,5.27231,Plein jour,Hors agglomération,Hors intersection,Normale,Sans collision,,,,,,,,,,,1,1,1,1.0,7.0
201800007123,0018-04-03 09:55:00,18,4,3,9,55,10,254,A40 PK 158+000,46.16708,5.30059,Plein jour,Hors agglomération,Hors intersection,Normale,Deux véhicules - arrière,,,,,,,,,,,1,1,1,1.0,2.0
201800007124,0018-07-21 15:45:00,18,7,21,15,45,10,29,A 39 pk 121+800,46.42869,5.26957,Plein jour,Hors agglomération,Hors intersection,Normale,Autre collision,,,,,,,,,,,1,1,1,1.0,6.0
201800007125,0018-07-22 14:02:00,18,7,22,14,2,10,451,A40 VERS MACON PK166+400,46.2559,5.23603,Plein jour,Hors agglomération,Hors intersection,Normale,Autre collision,,,,,,,,,,,1,1,1,1.0,6.0
201800007126,0018-08-07 09:40:00,18,8,7,9,40,10,195,A-40 PK 165+200,46.22444,5.28911,Plein jour,Hors agglomération,Hors intersection,Normale,Deux véhicules - arrière,,,,,,,,,,,1,1,1,1.0,2.0
201800007127,0018-09-28 08:15:00,18,9,28,8,15,10,24,"A40, sortie 5",46.26008,5.16528,Plein jour,Hors agglomération,Hors intersection,Normale,Deux véhicules - arrière,,,,,,,,,,,1,1,1,1.0,2.0
201800007128,0018-11-05 17:20:00,18,11,5,17,20,10,93,avenue Charles De Gaulle,46.12771,4.96326,Plein jour,En agglomération,Hors intersection,Normale,Deux véhicules - arrière,,,,,,,,,,,1,2,1,1.0,2.0
201800007129,0018-11-26 05:00:00,18,11,26,5,0,10,94,D2 / route des Nugons,46.44694,5.00716,Nuit avec éclairage non allumé,Hors agglomération,Intersection en T,Brouillard / fumée,Deux véhicules - côté,,,,,,,,,,,4,1,3,5.0,3.0