accident_id,datetime,annee,mois,jour,heure,minute,departement,commune_insee,adresse,latitude,longitude,luminosite,agglomeration,intersection,meteo,collision,nb_vehicules,nb_usagers,nb_indemnes,nb_tues,nb_blesses_hosp,nb_blesses_legers,age_cond_1,age_cond_2,veh_type_cond_1,veh_type_cond_2,lum_code,agg_code,int_code,atm_code,col_code
201800007130,0018-12-24 14:40:00,18,12,24,14,40,10,25,01380,46.28898,4.92515,Plein jour,Hors agglomération,Hors intersection,Temps couvert,Trois véhicules et plus - en chaîne,,,,,,,,,,,1,1,1,8.0,4.0
201800007131,0018-12-29 16:12:00,18,12,29,16,12,10,151,autoroute A.40,,,Plein jour,Hors agglomération,Hors intersection,Normale,Deux véhicules - arrière,,,,,,,,,,,1,1,1,1.0,2.0
201800007132,0018-02-18 19:00:00,18,2,18,19,0,780,571,RD 307,48.8605,2.00088,Nuit sans éclairage public,Hors agglomération,Intersection en X,Normale,Deux véhicules - côté,,,,,,,,,,,3,1,2,1.0,3.0
201800007133,0018-03-13 17:10:00,18,3,13,17,10,780,43,grille de maintenon,48.83868,2.08707,Plein jour,En agglomération,Hors intersection,Normale,Deux véhicules - frontale,,,,,,,,,,,1,2,1,1.0,1.0
201800007134,0018-04-17 15:50:00,18,4,17,15,50,780,152,RD119,48.85164,1.96353,Plein jour,Hors agglomération,Hors intersection,Normale,Sans collision,,,,,,,,,,,1,1,1,1.0,7.0
201800007135,0018-04-20 19:20:00,18,4,20,19,20,780,571,ROUTE DE ST GERMAIN,48.86393,2.02992,Plein jour,Hors agglomération,Hors intersection,Normale,Trois véhicules et plus - collisions multiples,,,,,,,,,,,1,1,1,1.0,5.0
201800007136,0018-06-19 17:45:00,18,6,19,17,45,780,455,axe D161 PK7+050 route d,48.84034,2.05361,Plein jour,Hors agglomération,Autre intersection,Normale,Deux véhicules - frontale,,,,,,,,,,,1,1,9,1.0,1.0
201800007137,0018-07-12 18:40:00,18,7,12,18,40,780,571,D 98,48.8475,2.01709,Plein jour,Hors agglomération,Hors intersection,Normale,Deux véhicules - arrière,,,,,,,,,,,1,1,1,1.0,2.0
201800007138,0018-11-30 21:10:00,18,11,30,21,10,780,233,D 30,48.87409,1.96593,Nuit sans éclairage public,Hors agglomération,Hors intersection,Pluie légère,Sans collision,,,,,,,,,,,3,1,1,2.0,7.0
201800007139,0018-12-28 09:10:00,18,12,28,9,10,780,152,rue de mézu,48.84476,1.9982,Plein jour,Hors agglomération,Hors intersection,Brouillard / fumée,Autre collision,,,,,,,,,,,1,1,1,5.0,6.0
201800007140,0018-07-05 13:40:00,18,7,5,13,40,130,112,avenue du Général LECLER,43.5389,5.25835,Plein jour,Hors agglomération,Intersection en Y,Normale,Deux véhicules - côté,,,,,,,,,,,1,1,4,1.0,3.0
201800007141,0018-08-16 18:45:00,18,8,16,18,45,130,112,avenue jean moulin,43.53139,5.25477,Plein jour,En agglomération,Hors intersection,Normale,Deux véhicules - arrière,,,,,,,,,,,1,2,1,1.0,2.0
201800007142,0018-09-03 19:30:00,18,9,3,19,30,130,37,AVENUE DU GÉNÉRAL DE GAU,43.55064,5.20297,Crépuscule ou aube,En agglomération,Intersection en T,Temps éblouissant,Deux véhicules - arrière,,,,,,,,,,,2,2,3,7.0,2.0
201800007143,0018-10-26 16:40:00,18,10,26,16,40,130,112,RD 20,43.53095,5.23961,Plein jour,Hors agglomération,Hors intersection,Normale,Deux véhicules - frontale,,,,,,,,,,,1,1,1,1.0,1.0
201800007144,0018-11-28 08:10:00,18,11,28,8,10,130,112,RD 20 / RD 55,43.53391,5.25467,Crépuscule ou aube,En agglomération,Giratoire,Temps éblouissant,Autre collision,,,,,,,,,,,2,2,6,7.0,6.0
201800007145,0018-12-08 15:35:00,18,12,8,15,35,130,37,Départementale 10,,,Plein jour,Hors agglomération,Hors intersection,Normale,Sans collision,,,,,,,,,,,1,1,1,1.0,7.0
201800007146,0018-04-20 09:15:00,18,4,20,9,15,950,678,AVENUE ARISTIDE QUILLET,49.0678,2.2244,Plein jour,En agglomération,Hors intersection,Temps éblouissant,Deux véhicules - côté,,,,,,,,,,,1,2,1,7.0,3.0
201800007147,0018-09-01 01:30:00,18,9,1,1,30,950,430,RUE DES CLOTTINS,49.07122,2.3235,Nuit avec éclairage allumé,En agglomération,Hors intersection,Normale,Deux véhicules - arrière,,,,,,,,,,,5,2,1,1.0,2.0
201800007148,0018-09-29 15:55:00,18,9,29,15,55,950,678,RUE DE MERIEL,49.0698,2.2213,Plein jour,Hors agglomération,Intersection en X,Normale,Trois véhicules et plus - collisions multiples,,,,,,,,,,,1,1,2,1.0,5.0
201800007149,0018-10-20 16:06:00,18,10,20,16,6,950,353,CHEMIN COMMUNAL,49.0771,2.3347,Plein jour,Hors agglomération,Hors intersection,Normale,Autre collision,,,,,,,,,,,1,1,1,1.0,6.0
201800007150,0018-02-19 12:15:00,18,2,19,12,15,90,193,RD25,42.72654,2.04117,Plein jour,Hors agglomération,Hors intersection,Normale,Autre collision,,,,,,,,,,,1,1,1,1.0,6.0
201800007151,0018-01-15 07:15:00,18,1,15,7,15,350,189,Lieu dit La Vizeule,48.14872,-1.70378,Nuit avec éclairage allumé,En agglomération,Autre intersection,Pluie légère,Autre collision,,,,,,,,,,,5,2,9,2.0,6.0
201800007152,0018-03-19 08:55:00,18,3,19,8,55,350,210,RN 12 sens St-Brieuc / R,48.14097,-1.77508,Plein jour,Hors agglomération,Hors intersection,Normale,Deux véhicules - arrière,,,,,,,,,,,1,1,1,1.0,2.0
201800007153,0018-05-01 18:00:00,18,5,1,18,0,350,59,Les quatre vents,48.16849,-1.74297,Plein jour,Hors agglomération,Intersection en X,Normale,Deux véhicules - côté,,,,,,,,,,,1,1,2,1.0,3.0
201800007154,0018-04-25 02:45:00,18,4,25,2,45,350,353,intersection route de Lo,48.10492,-1.73945,Nuit avec éclairage allumé,En agglomération,Intersection en X,Normale,Deux véhicules - arrière,,,,,,,,,,,5,2,2,1.0,2.0
201800007155,0018-05-16 06:50:00,18,5,16,6,50,350,210,Route départementale D29,48.14058,-1.7699,Crépuscule ou aube,Hors agglomération,Hors intersection,Normale,Autre collision,,,,,,,,,,,2,1,1,1.0,6.0
201800007156,0018-05-23 14:00:00,18,5,23,14,0,350,131,Rue de Rennes,48.12551,-1.81622,Plein jour,En agglomération,Hors intersection,Normale,Deux véhicules - arrière,,,,,,,,,,,1,2,1,1.0,2.0
201800007157,0018-05-24 13:50:00,18,5,24,13,50,350,131,La Verdais,48.1298,-1.83269,Plein jour,Hors agglomération,Hors intersection,Normale,Deux véhicules - arrière,,,,,,,,,,,1,1,1,1.0,2.0
201800007158,0018-06-09 20:10:00,18,6,9,20,10,350,59,Boulevard du Grand bois,48.18195,-1.72749,Plein jour,En agglomération,Hors intersection,Normale,Deux véhicules - frontale,,,,,,,,,,,1,2,1,1.0,1.0
201800007159,0018-07-27 21:05:00,18,7,27,21,5,350,131,La Noé Biche,48.1232,-1.79976,Crépuscule ou aube,Hors agglomération,Giratoire,Normale,Autre collision,,,,,,,,,,,2,1,6,1.0,6.0
201800007160,0018-07-28 19:50:00,18,7,28,19,50,350,353,RN 12 PK 64,48.12576,-1.72575,Crépuscule ou aube,Hors agglomération,Hors intersection,Normale,Deux véhicules - arrière,,,,,,,,,,,2,1,1,1.0,2.0
201800007161,0018-09-04 07:50:00,18,9,4,7,50,350,353,"RD 125, croisement rue d",48.11793,-1.73539,Plein jour,Hors agglomération,Intersection en T,Normale,Deux véhicules - côté,,,,,,,,,,,1,1,3,1.0,3.0
201800007162,0018-10-12 14:05:00,18,10,12,14,5,350,131,,48.13004,-1.80486,Plein jour,Hors agglomération,Intersection en X,Normale,Deux véhicules - côté,,,,,,,,,,,1,1,2,1.0,3.0
201800007163,0018-11-05 17:20:00,18,11,5,17,20,350,210,C2,48.15882,-1.77109,Nuit sans éclairage public,Hors agglomération,Autre intersection,Pluie légère,Autre collision,,,,,,,,,,,3,1,9,2.0,6.0
201800007164,0018-12-14 15:00:00,18,12,14,15,0,350,240,LA BROSSE,48.10243,-1.83171,Plein jour,Hors agglomération,Intersection en X,Normale,Deux véhicules - côté,,,,,,,,,,,1,1,2,1.0,3.0
201800007165,0018-07-18 01:34:00,18,7,18,1,34,420,11,A89,45.83542,4.16308,Nuit sans éclairage public,Hors agglomération,Hors intersection,Normale,Sans collision,,,,,,,,,,,3,1,1,1.0,7.0
201800007166,0018-10-24 22:15:00,18,10,24,22,15,420,173,Autoroute A89 - PK 482,45.84271,4.08875,Nuit sans éclairage public,Hors agglomération,Hors intersection,Normale,Trois véhicules et plus - en chaîne,,,,,,,,,,,3,1,1,1.0,4.0
201800007167,0018-10-29 15:56:00,18,10,29,15,56,420,209,A89 PK 499,45.86852,4.26906,Plein jour,Hors agglomération,Hors intersection,Pluie forte,Trois véhicules et plus - collisions multiples,,,,,,,,,,,1,1,1,3.0,5.0
201800007168,0018-10-29 19:00:00,18,10,29,19,0,420,334,A89 pk 503,45.8622,4.31337,Nuit sans éclairage public,Hors agglomération,Hors intersection,Neige / grêle,Trois véhicules et plus - collisions multiples,,,,,,,,,,,3,1,1,4.0,5.0
201800007169,0018-11-10 15:40:00,18,11,10,15,40,420,334,AUTOROUTE A89 PK 502+800,45.86271,4.31089,Plein jour,Hors agglomération,Hors intersection,Pluie légère,Autre collision,,,,,,,,,,,1,1,1,2.0,6.0
201800007170,0018-12-11 07:30:00,18,12,11,7,30,420,38,A72,45.64305,4.18633,Crépuscule ou aube,Hors agglomération,Hors intersection,Normale,Deux véhicules - frontale,,,,,,,,,,,2,1,1,1.0,1.0
201800007171,0018-01-17 06:50:00,18,1,17,6,50,880,289,RD 429,48.12428,5.84166,Nuit sans éclairage public,Hors agglomération,Hors intersection,Pluie légère,Deux véhicules - côté,,,,,,,,,,,3,1,1,2.0,3.0
201800007172,0018-02-07 12:30:00,18,2,7,12,30,380,553,rue de la raz,45.62071,5.14074,Plein jour,En agglomération,Hors intersection,Pluie légère,Autre collision,,,,,,,,,,,1,2,1,2.0,6.0
201800007173,0018-06-09 00:15:00,18,6,9,0,15,380,553,boulevard de VILLEFONTAI,45.61922,5.14509,Nuit avec éclairage allumé,En agglomération,Intersection en X,Temps couvert,Deux véhicules - arrière,,,,,,,,,,,5,2,2,8.0,2.0
201800007174,0018-10-04 18:10:00,18,10,4,18,10,380,553,67 rue du midi,45.6176,5.15268,Plein jour,En agglomération,Hors intersection,Normale,Deux véhicules - côté,,,,,,,,,,,1,2,1,1.0,3.0
201800007175,0018-10-22 05:30:00,18,10,22,5,30,380,553,Boulevard de Villefontai,45.61922,5.14509,Nuit sans éclairage public,En agglomération,Hors intersection,Temps couvert,Deux véhicules - côté,,,,,,,,,,,3,2,1,8.0,3.0
201800007176,0018-02-12 21:20:00,18,2,12,21,20,130,113,A51,43.59262,5.48305,Nuit sans éclairage public,Hors agglomération,Hors intersection,Normale,Autre collision,,,,,,,,,,,3,1,1,1.0,6.0
201800007177,0018-03-06 07:45:00,18,3,6,7,45,130,113,A.51 - PK 28+280,43.5932,5.49081,Plein jour,Hors agglomération,Hors intersection,Pluie légère,Deux véhicules - côté,,,,,,,,,,,1,1,1,2.0,3.0
201800007178,0018-03-17 23:00:00,18,3,17,23,0,130,74,"A51, 13860 Peyrolles-en-",43.65865,5.56714,Nuit sans éclairage public,Hors agglomération,Hors intersection,Normale,Deux véhicules - arrière,,,,,,,,,,,3,1,1,1.0,2.0
201800007179,0018-05-27 15:25:00,18,5,27,15,25,130,59,A51 PK 37+450,43.63456,5.49443,Plein jour,Hors agglomération,Hors intersection,Normale,Deux véhicules - arrière,,,,,,,,,,,1,1,1,1.0,2.0
201800007180,0018-06-17 18:55:00,18,6,17,18,55,130,99,A51 PR 55.500 sens SISTE,43.69676,5.72438,Plein jour,Hors agglomération,Hors intersection,Normale,Deux véhicules - côté,,,,,,,,,,,1,1,1,1.0,3.0
201800007181,0018-08-23 02:13:00,18,8,23,2,13,130,1,A 51 PK 24+400,43.57106,5.46708,Nuit avec éclairage allumé,Hors agglomération,Hors intersection,Normale,Autre collision,,,,,,,,,,,5,1,1,1.0,6.0
201800007182,0018-08-27 15:25:00,18,8,27,15,25,130,99,A.51,,,Plein jour,Hors agglomération,Hors intersection,Normale,Trois véhicules et plus - en chaîne,,,,,,,,,,,1,1,1,1.0,4.0
201800007183,0018-10-19 14:14:00,18,10,19,14,14,130,113,autoroute A 51,43.57796,5.47411,Plein jour,Hors agglomération,Hors intersection,Normale,Autre collision,,,,,,,,,,,1,1,1,1.0,6.0
201800007184,0018-11-06 07:35:00,18,11,6,7,35,130,99,A51 - Pk 56+900,43.69676,5.72438,Plein jour,Hors agglomération,Autre intersection,Pluie forte,Autre collision,,,,,,,,,,,1,1,9,3.0,6.0
201800007185,0018-12-06 13:40:00,18,12,6,13,40,130,113,CHEMIN DU COLLET REDON,43.59375,5.48511,Plein jour,Hors agglomération,Intersection en T,Temps éblouissant,Deux véhicules - côté,,,,,,,,,,,1,1,3,7.0,3.0
201800007186,0018-02-14 20:00:00,18,2,14,20,0,180,148,rd2020 pk10+300,47.20381,2.03579,Nuit avec éclairage allumé,Hors agglomération,Intersection en T,Pluie légère,Deux véhicules - frontale,,,,,,,,,,,5,1,3,2.0,1.0
201800007187,0018-03-15 11:50:00,18,3,15,11,50,180,141,A71 - PK197 + 500,47.13782,2.18703,Plein jour,Hors agglomération,Hors intersection,Normale,Autre collision,,,,,,,,,,,1,1,1,1.0,6.0
201800007188,0018-03-25 19:45:00,18,3,25,19,45,180,138,Autoroute A.71,47.08496,2.26227,Crépuscule ou aube,Hors agglomération,Hors intersection,Normale,Autre collision,,,,,,,,,,,2,1,1,1.0,6.0
201800007189,0018-04-28 11:20:00,18,4,28,11,20,180,141,A71,47.11145,2.20328,Plein jour,Hors agglomération,Hors intersection,Pluie légère,Autre collision,,,,,,,,,,,1,1,1,2.0,6.0
201800007190,0018-06-03 19:44:00,18,6,3,19,44,180,214,Autoroute A20 PK 006.450,47.20184,2.03356,Plein jour,Hors agglomération,Hors intersection,Pluie forte,Autre collision,,,,,,,,,,,1,1,1,3.0,6.0
201800007191,0018-06-10 15:12:00,18,6,10,15,12,180,190,A71,47.12671,2.19008,Plein jour,Hors agglomération,Hors intersection,Normale,Autre collision,,,,,,,,,,,1,1,1,1.0,6.0
201800007192,0018-08-26 07:50:00,18,8,26,7,50,180,138,A71 - PK 203+950,47.06985,2.28434,Plein jour,Hors agglomération,Hors intersection,Normale,Sans collision,,,,,,,,,,,1,1,1,1.0,7.0
201800007193,0018-09-17 03:55:00,18,9,17,3,55,180,138,A71,47.10092,2.2256,Nuit sans éclairage public,Hors agglomération,Hors intersection,Normale,Deux véhicules - arrière,,,,,,,,,,,3,1,1,1.0,2.0
201800007194,0018-09-23 09:40:00,18,9,23,9,40,180,140,Autoroute A20 PK10+688,47.15728,1.98207,Plein jour,Hors agglomération,Hors intersection,Temps couvert,Autre collision,,,,,,,,,,,1,1,1,8.0,6.0
201800007195,0018-11-25 08:24:00,18,11,25,8,24,180,141,A71 - PK 197.000,47.13782,2.18703,Crépuscule ou aube,Hors agglomération,Hors intersection,Pluie légère,Autre collision,,,,,,,,,,,2,1,1,2.0,6.0
201800007196,0018-01-18 18:00:00,18,1,18,18,0,340,333,"D114, route des aresquie",43.47931,3.8045,Crépuscule ou aube,Hors agglomération,Autre intersection,Vent fort / tempête,Trois véhicules et plus - collisions multiples,,,,,,,,,,,2,1,9,6.0,5.0
201800007197,0018-02-10 23:30:00,18,2,10,23,30,340,159,"d612, pk8.500",43.52205,3.81329,Nuit sans éclairage public,Hors agglomération,Hors intersection,Normale,Deux véhicules - côté,,,,,,,,,,,3,1,1,1.0,3.0
201800007198,0018-03-14 14:30:00,18,3,14,14,30,340,337,D 185,43.53879,3.87881,Plein jour,Hors agglomération,Hors intersection,Normale,Deux véhicules - arrière,,,,,,,,,,,1,1,1,1.0,2.0
201800007199,0018-04-10 17:15:00,18,4,10,17,15,340,337,"RD 185 lieu dit ""L'Arnel",43.53905,3.87963,Plein jour,Hors agglomération,Hors intersection,Temps couvert,Trois véhicules et plus - collisions multiples,,,,,,,,,,,1,1,1,8.0,5.0
201800007200,0018-05-17 17:00:00,18,5,17,17,0,340,337,avenue de la gare,43.53772,3.85656,Plein jour,En agglomération,Hors intersection,Normale,Deux véhicules - frontale,,,,,,,,,,,1,2,1,1.0,1.0
201800007201,0018-06-12 10:00:00,18,6,12,10,0,340,333,RD114/RD116,43.49487,3.79535,Plein jour,Hors agglomération,Intersection en X,Normale,Deux véhicules - côté,,,,,,,,,,,1,1,2,1.0,3.0
201800007202,0018-07-08 17:45:00,18,7,8,17,45,340,337,CD 612,43.54702,3.82451,Plein jour,Hors agglomération,Hors intersection,Normale,Autre collision,,,,,,,,,,,1,1,1,1.0,6.0
201800007203,0018-07-14 06:00:00,18,7,14,6,0,340,159,RD612,43.52105,3.81101,Crépuscule ou aube,Hors agglomération,Hors intersection,Normale,Autre collision,,,,,,,,,,,2,1,1,1.0,6.0
201800007204,0018-08-02 00:40:00,18,8,2,0,40,340,333,CD 612,43.48172,3.77288,Nuit sans éclairage public,Hors agglomération,Hors intersection,Normale,Deux véhicules - arrière,,,,,,,,,,,3,1,1,1.0,2.0
201800007205,0018-09-01 12:40:00,18,9,1,12,40,340,337,D 185,43.54361,3.83847,Plein jour,Hors agglomération,Intersection en X,Temps éblouissant,Deux véhicules - côté,,,,,,,,,,,1,1,2,7.0,3.0
201800007206,0018-09-01 20:10:00,18,9,1,20,10,340,159,D116,43.51167,3.81456,Crépuscule ou aube,Hors agglomération,Hors intersection,Normale,Deux véhicules - arrière,,,,,,,,,,,2,1,1,1.0,2.0
201800007207,0018-11-26 16:30:00,18,11,26,16,30,340,337,RD 185 Pk 8+960,43.54512,3.82424,Plein jour,Hors agglomération,Hors intersection,Temps éblouissant,Deux véhicules - frontale,,,,,,,,,,,1,1,1,7.0,1.0
201800007208,0018-12-04 07:50:00,18,12,4,7,50,340,337,route départementale 185,43.5436,3.83848,Plein jour,Hors agglomération,Autre intersection,Normale,Trois véhicules et plus - collisions multiples,,,,,,,,,,,1,1,9,1.0,5.0
201800007209,0018-12-15 14:00:00,18,12,15,14,0,340,333,"RD 114 Pk 24+200, Pk cro",43.50184,3.78544,Plein jour,Hors agglomération,Hors intersection,Pluie légère,Deux véhicules - côté,,,,,,,,,,,1,1,1,2.0,3.0
201800007210,0018-12-24 10:30:00,18,12,24,10,30,340,337,boulevard des chasselas,43.53028,3.86275,Plein jour,En agglomération,Hors intersection,Normale,Deux véhicules - côté,,,,,,,,,,,1,2,1,1.0,3.0
201800007211,0018-02-17 18:00:00,18,2,17,18,0,10,331,A 40 PK 135.000 directio,46.09799,5.45473,Crépuscule ou aube,Hors agglomération,Hors intersection,Pluie légère,Autre collision,,,,,,,,,,,2,1,1,2.0,6.0
201800007212,0018-03-18 11:20:00,18,3,18,11,20,10,228,"autoroute A40, échangeur",46.13791,5.52962,Plein jour,Hors agglomération,Hors intersection,Temps couvert,Autre collision,,,,,,,,,,,1,1,1,8.0,6.0
201800007213,0018-05-01 11:00:00,18,5,1,11,0,10,273,Autoroute A40 PK 140.920,46.08399,5.36677,Plein jour,Hors agglomération,Hors intersection,Temps couvert,Autre collision,,,,,,,,,,,1,1,1,8.0,6.0
201800007214,0018-05-05 13:11:00,18,5,5,13,11,10,67,A40 PK 132.400,46.1215,5.49542,Plein jour,Hors agglomération,Hors intersection,Normale,Autre collision,,,,,,,,,,,1,1,1,1.0,6.0
201800007215,0018-05-11 09:11:00,18,5,11,9,11,10,373,"autoroute 40, PK 123+400",46.12868,5.55338,Plein jour,Hors agglomération,Hors intersection,Normale,Sans collision,,,,,,,,,,,1,1,1,1.0,7.0
201800007216,0018-08-14 10:50:00,18,8,14,10,50,10,91,A 40,46.14014,5.79492,Plein jour,Hors agglomération,Hors intersection,Pluie légère,Trois véhicules et plus - en chaîne,,,,,,,,,,,1,1,1,2.0,4.0
201800007217,0018-09-17 15:40:00,18,9,17,15,40,10,67,Aire de ceignes haut bug,46.12556,5.49512,Plein jour,Hors agglomération,Hors intersection,Normale,Autre collision,,,,,,,,,,,1,1,1,1.0,6.0
201800007218,0018-10-31 11:50:00,18,10,31,11,50,10,373,d12,46.12675,5.54972,Plein jour,Hors agglomération,Hors intersection,Normale,Deux véhicules - arrière,,,,,,,,,,,1,1,1,1.0,2.0
201800007219,0018-11-26 18:30:00,18,11,26,18,30,10,274,Autoroute A 40,46.13158,5.63494,Nuit avec éclairage allumé,Hors agglomération,Hors intersection,Pluie légère,Autre collision,,,,,,,,,,,5,1,1,2.0,6.0
201800007220,0018-11-30 08:40:00,18,11,30,8,40,10,228,"A404, bretelle sortie n°",46.13705,5.54119,Plein jour,Hors agglomération,Hors intersection,Pluie légère,Autre collision,,,,,,,,,,,1,1,1,2.0,6.0
201800007221,0018-12-22 00:30:00,18,12,22,0,30,10,228,Autoroute A40 PK 127+250,46.13791,5.52962,Nuit sans éclairage public,Hors agglomération,Hors intersection,Pluie légère,Sans collision,,,,,,,,,,,3,1,1,2.0,7.0
201800007222,0018-01-09 08:55:00,18,1,9,8,55,130,51,route du stade,43.59813,5.12376,Crépuscule ou aube,Hors agglomération,Hors intersection,Normale,Autre collision,,,,,,,,,,,2,1,1,1.0,6.0
201800007223,0018-01-12 11:38:00,18,1,12,11,38,130,44,RN 569,43.62085,5.0153,Plein jour,Hors agglomération,Hors intersection,Normale,Autre collision,,,,,,,,,,,1,1,1,1.0,6.0
201800007224,0018-01-19 19:30:00,18,1,19,19,30,130,91,,43.59216,5.25423,Nuit sans éclairage public,Hors agglomération,Intersection en X,Normale,Deux véhicules - côté,,,,,,,,,,,3,1,2,1.0,3.0
201800007225,0018-01-26 18:00:00,18,1,26,18,0,130,69,38 Route de Salon,43.62926,5.13239,Nuit sans éclairage public,Hors agglomération,Hors intersection,Pluie forte,Autre collision,,,,,,,,,,,3,1,1,3.0,6.0
201800007226,0018-02-06 16:25:00,18,2,6,16,25,130,69,cour victor hugo,43.63017,5.15372,Plein jour,En agglomération,Hors intersection,Pluie légère,Autre collision,,,,,,,,,,,1,2,1,2.0,6.0
201800007227,0018-03-08 20:30:00,18,3,8,20,30,130,51,Route départementale 113,43.58674,5.12727,Nuit sans éclairage public,En agglomération,Hors intersection,Normale,Autre collision,,,,,,,,,,,3,2,1,1.0,6.0
201800007228,0018-03-09 18:45:00,18,3,9,18,45,130,44,D19,43.6215,5.04399,Nuit sans éclairage public,Hors agglomération,Intersection en X,Normale,Deux véhicules - côté,,,,,,,,,,,3,1,2,1.0,3.0
201800007229,0018-03-17 20:10:00,18,3,17,20,10,130,44,Le clos des Eyssauts,43.60098,5.04794,Nuit sans éclairage public,Hors agglomération,Autre intersection,Pluie légère,Deux véhicules - frontale,,,,,,,,,,,3,1,9,2.0,1.0
201800007230,0018-03-20 09:30:00,18,3,20,9,30,130,69,1 Cours Victor Hugo,43.62974,5.15403,Plein jour,En agglomération,Intersection en T,Normale,Autre collision,,,,,,,,,,,1,2,3,1.0,6.0
201800007231,0018-03-21 06:30:00,18,3,21,6,30,130,51,RD15,43.60095,5.13149,Crépuscule ou aube,Hors agglomération,Hors intersection,Normale,Deux véhicules - frontale,,,,,,,,,,,2,1,1,1.0,1.0
201800007232,0018-04-30 17:10:00,18,4,30,17,10,130,51,D21 - Col des fourches,43.56639,5.13699,Plein jour,Hors agglomération,Hors intersection,Normale,Deux véhicules - côté,,,,,,,,,,,1,1,1,1.0,3.0
201800007233,0018-05-03 17:00:00,18,5,3,17,0,130,44,RD 70,43.59992,5.09317,Plein jour,Hors agglomération,Hors intersection,Normale,Deux véhicules - arrière,,,,,,,,,,,1,1,1,1.0,2.0
201800007234,0018-05-17 17:50:00,18,5,17,17,50,130,9,RD 17,43.59621,5.22521,Plein jour,Hors agglomération,Hors intersection,Normale,Deux véhicules - frontale,,,,,,,,,,,1,1,1,1.0,1.0
201800007235,0018-06-10 00:10:00,18,6,10,0,10,130,9,INTERSECTION LES 4 TERME,43.59215,5.25421,Nuit sans éclairage public,Hors agglomération,Intersection en X,Normale,Deux véhicules - côté,,,,,,,,,,,3,1,2,1.0,3.0
201800007236,0018-06-12 02:30:00,18,6,12,2,30,130,44,D69,43.61856,5.03511,Nuit sans éclairage public,Hors agglomération,Hors intersection,Normale,Deux véhicules - frontale,,,,,,,,,,,3,1,1,1.0,1.0
201800007237,0018-06-15 15:15:00,18,6,15,15,15,130,51,RD 15,43.61353,5.13873,Plein jour,Hors agglomération,Intersection en X,Normale,Deux véhicules - arrière,,,,,,,,,,,1,1,2,1.0,2.0
201800007238,0018-07-04 23:15:00,18,7,4,23,15,130,69,av. Gabriel Reynaud,43.63774,5.15064,Nuit avec éclairage allumé,En agglomération,Hors intersection,Normale,Autre collision,,,,,,,,,,,5,2,1,1.0,6.0
201800007239,0018-07-11 21:00:00,18,7,11,21,0,130,44,RD19,43.61693,5.04649,Nuit sans éclairage public,Hors agglomération,Hors intersection,Normale,Deux véhicules - frontale,,,,,,,,,,,3,1,1,1.0,1.0
201800007240,0018-08-01 08:20:00,18,8,1,8,20,130,69,ROND-POINT ROUTE DEPARTE,,,Plein jour,Hors agglomération,Giratoire,Normale,Deux véhicules - côté,,,,,,,,,,,1,1,6,1.0,3.0
201800007241,0018-08-07 12:00:00,18,8,7,12,0,130,51,RD 19,43.58349,5.191,Plein jour,Hors agglomération,Hors intersection,Normale,Autre collision,,,,,,,,,,,1,1,1,1.0,6.0
201800007242,0018-09-10 18:15:00,18,9,10,18,15,130,9,les 4 termes,43.59216,5.25423,Plein jour,Hors agglomération,Intersection en X,Normale,Deux véhicules - côté,,,,,,,,,,,1,1,2,1.0,3.0
201800007243,0018-09-19 18:55:00,18,9,19,18,55,130,69,route de Salon RD572,43.62931,5.13428,Plein jour,En agglomération,Autre intersection,Normale,Sans collision,,,,,,,,,,,1,2,9,1.0,7.0
201800007244,0018-09-23 01:45:00,18,9,23,1,45,130,63,D 69,43.58036,5.01493,Nuit sans éclairage public,Hors agglomération,Hors intersection,Normale,Deux véhicules - arrière,,,,,,,,,,,3,1,1,1.0,2.0
201800007245,0018-10-15 20:45:00,18,10,15,20,45,130,44,RD 19,43.61693,5.04649,Nuit sans éclairage public,Hors agglomération,Intersection en T,Pluie forte,Autre collision,,,,,,,,,,,3,1,3,3.0,6.0
201800007246,0018-10-24 08:20:00,18,10,24,8,20,130,9,RD 17,43.59621,5.22521,Crépuscule ou aube,Hors agglomération,Hors intersection,Temps éblouissant,Deux véhicules - frontale,,,,,,,,,,,2,1,1,7.0,1.0
201800007247,0018-11-08 08:02:00,18,11,8,8,2,130,69,RD 15,43.62902,5.16606,Plein jour,Hors agglomération,Hors intersection,Normale,Autre collision,,,,,,,,,,,1,1,1,1.0,6.0
201800007248,0018-11-16 05:50:00,18,11,16,5,50,130,44,RD69  PK4+500,43.61994,5.03933,Nuit sans éclairage public,Hors agglomération,Intersection en T,Normale,Deux véhicules - frontale,,,,,,,,,,,3,1,3,1.0,1.0
201800007249,0018-11-24 12:30:00,18,11,24,12,30,130,9,RD572,43.62632,5.17137,Plein jour,En agglomération,Intersection en X,Normale,Deux véhicules - côté,,,,,,,,,,,1,2,2,1.0,3.0