accident_id,datetime,annee,mois,jour,heure,minute,departement,commune_insee,adresse,latitude,longitude,luminosite,agglomeration,intersection,meteo,collision,nb_vehicules,nb_usagers,nb_indemnes,nb_tues,nb_blesses_hosp,nb_blesses_legers,age_cond_1,age_cond_2,veh_type_cond_1,veh_type_cond_2,lum_code,agg_code,int_code,atm_code,col_code
201800007250,0018-12-03 17:00:00,18,12,3,17,0,130,44,RD 19,43.59859,5.08646,Crépuscule ou aube,Hors agglomération,Hors intersection,Normale,Deux véhicules - arrière,,,,,,,,,,,2,1,1,1.0,2.0
201800007251,0018-12-21 09:45:00,18,12,21,9,45,130,51,D10,43.54647,5.14868,Plein jour,Hors agglomération,Intersection en X,Normale,Deux véhicules - côté,,,,,,,,,,,1,1,2,1.0,3.0
201800007252,0018-12-25 12:00:00,18,12,25,12,0,130,51,chemin des baisses,43.54334,5.1596,Plein jour,En agglomération,Intersection en T,Normale,Deux véhicules - côté,,,,,,,,,,,1,2,3,1.0,3.0
201800007253,0018-12-27 07:30:00,18,12,27,7,30,130,44,RN569 - PK 2+100,43.62199,5.0157,Nuit sans éclairage public,Hors agglomération,Hors intersection,Normale,Autre collision,,,,,,,,,,,3,1,1,1.0,6.0
201800007254,0018-01-27 18:40:00,18,1,27,18,40,30,118,A71 Point kilométrique 3,46.09441,3.13689,Nuit sans éclairage public,Hors agglomération,Hors intersection,Normale,Autre collision,,,,,,,,,,,3,1,1,1.0,6.0
201800007255,0018-02-25 13:46:00,18,2,25,13,46,30,182,A719,46.1152,3.16543,Plein jour,Hors agglomération,Hors intersection,Normale,Sans collision,,,,,,,,,,,1,1,1,1.0,7.0
201800007256,0018-04-14 14:30:00,18,4,14,14,30,30,243,A71 PK 319+300,46.32408,2.98163,Plein jour,Hors agglomération,Hors intersection,Normale,Deux véhicules - arrière,,,,,,,,,,,1,1,1,1.0,2.0
201800007257,0018-06-17 11:20:00,18,6,17,11,20,30,186,Gare de Péage de Montmar,46.32759,2.96629,Plein jour,Hors agglomération,Hors intersection,Normale,Trois véhicules et plus - en chaîne,,,,,,,,,,,1,1,1,1.0,4.0
201800007258,0018-06-19 23:00:00,18,6,19,23,0,30,118,autoroute A71 pk 352+100,46.09441,3.13689,Nuit sans éclairage public,Hors agglomération,Hors intersection,Normale,Deux véhicules - arrière,,,,,,,,,,,3,1,1,1.0,2.0
201800007259,0018-10-13 10:25:00,18,10,13,10,25,30,311,autoroute A71 pk 342+100,46.14225,3.11294,Plein jour,Hors agglomération,Hors intersection,Temps éblouissant,Autre collision,,,,,,,,,,,1,1,1,7.0,6.0
201800007260,0018-12-20 06:00:00,18,12,20,6,0,30,118,A71 PK 348.900 en direct,46.10318,3.1404,Nuit sans éclairage public,Hors agglomération,Hors intersection,Autre,Deux véhicules - arrière,,,,,,,,,,,3,1,1,9.0,2.0
201800007261,0018-06-26 06:50:00,18,6,26,6,50,630,82,A71,,,Plein jour,Hors agglomération,Hors intersection,Normale,Deux véhicules - arrière,,,,,,,,,,,1,1,1,1.0,2.0
201800007262,0018-07-06 16:00:00,18,7,6,16,0,630,113,A 71,,,Plein jour,Hors agglomération,Hors intersection,Normale,Autre collision,,,,,,,,,,,1,1,1,1.0,6.0
201800007263,0018-10-03 17:30:00,18,10,3,17,30,630,164,Autoroute A71 péage sens,,,Plein jour,Hors agglomération,Hors intersection,Normale,Trois véhicules et plus - en chaîne,,,,,,,,,,,1,1,1,1.0,4.0
201800007264,0018-10-09 15:20:00,18,10,9,15,20,630,167,A 71 PK 367,45.95702,3.10358,Plein jour,Hors agglomération,Hors intersection,Normale,Sans collision,,,,,,,,,,,1,1,1,1.0,7.0
201800007265,0018-04-16 13:45:00,18,4,16,13,45,60,84,"3, avenue Marcel Journet",43.6205,6.97112,Plein jour,En agglomération,Autre intersection,Normale,Autre collision,,,,,,,,,,,1,2,9,1.0,6.0
201800007266,0018-05-12 18:38:00,18,5,12,18,38,490,323,Autoroute A11- PK 254.30,47.51186,-0.44327,Plein jour,Hors agglomération,Hors intersection,Normale,Autre collision,,,,,,,,,,,1,1,1,1.0,6.0
201800007267,0018-05-28 08:35:00,18,5,28,8,35,490,194,"RD 244, chemin de Rigour",47.4714,-0.25666,Plein jour,Hors agglomération,Intersection en T,Normale,Sans collision,,,,,,,,,,,1,1,3,1.0,7.0
201800007268,0018-06-01 16:30:00,18,6,1,16,30,490,333,Autoroute A11 PK 240.150,47.57482,-0.33504,Plein jour,Hors agglomération,Hors intersection,Normale,Deux véhicules - arrière,,,,,,,,,,,1,1,1,1.0,2.0
201800007269,0018-07-07 12:00:00,18,7,7,12,0,490,188,autoroute A11 PK 238+500,47.59301,-0.31871,Plein jour,Hors agglomération,Hors intersection,Normale,Trois véhicules et plus - en chaîne,,,,,,,,,,,1,1,1,1.0,4.0
201800007270,0018-10-10 14:11:00,18,10,10,14,11,490,18,D766 40 rue principale,47.54605,-0.11014,Plein jour,En agglomération,Hors intersection,Normale,Deux véhicules - frontale,,,,,,,,,,,1,2,1,1.0,1.0
201800007271,0018-01-29 12:35:00,18,1,29,12,35,400,273,Autoroute A63,43.5433,-1.43141,Plein jour,Hors agglomération,Hors intersection,Normale,Deux véhicules - arrière,,,,,,,,,,,1,1,1,1.0,2.0
201800007272,0018-06-04 12:56:00,18,6,4,12,56,400,209,A63,43.56145,-1.43041,Plein jour,Hors agglomération,Hors intersection,Normale,Deux véhicules - arrière,,,,,,,,,,,1,1,1,1.0,2.0
201800007273,0018-06-14 13:45:00,18,6,14,13,45,400,261,A63,43.68701,-1.25409,Plein jour,Hors agglomération,Hors intersection,Normale,Deux véhicules - côté,,,,,,,,,,,1,1,1,1.0,3.0
201800007274,0018-08-08 03:20:00,18,8,8,3,20,400,168,A63 PR 131+100,43.76787,-1.21999,Nuit sans éclairage public,Hors agglomération,Hors intersection,Normale,Sans collision,,,,,,,,,,,3,1,1,1.0,7.0
201800007275,0018-06-26 04:07:00,18,6,26,4,7,400,152,A63,43.93256,-1.09659,Nuit sans éclairage public,Hors agglomération,Hors intersection,Normale,Deux véhicules - arrière,,,,,,,,,,,3,1,1,1.0,2.0
201800007276,0018-07-09 19:40:00,18,7,9,19,40,400,210,A63,44.03434,-1.01654,Plein jour,Hors agglomération,Hors intersection,Normale,Deux véhicules - côté,,,,,,,,,,,1,1,1,1.0,3.0
201800007277,0018-08-03 06:00:00,18,8,3,6,0,400,210,autoroute A63 PR 90+100,44.07218,-1.02608,Crépuscule ou aube,Hors agglomération,Hors intersection,Normale,Trois véhicules et plus - en chaîne,,,,,,,,,,,2,1,1,1.0,4.0
201800007278,0018-08-16 18:30:00,18,8,16,18,30,400,156,A63 PR 59+700,44.31907,-0.88452,Plein jour,Hors agglomération,Hors intersection,Normale,Deux véhicules - arrière,,,,,,,,,,,1,1,1,1.0,2.0
201800007279,0018-10-13 15:15:00,18,10,13,15,15,400,227,Autoroute A63,44.28354,-0.89161,Plein jour,Hors agglomération,Hors intersection,Normale,Deux véhicules - arrière,,,,,,,,,,,1,1,1,1.0,2.0
201800007280,0018-12-19 20:50:00,18,12,19,20,50,100,387,PREIZE (RUE DE),48.31213,4.06376,Nuit avec éclairage allumé,En agglomération,Intersection en T,Temps couvert,Deux véhicules - côté,,,,,,,,,,,5,2,3,8.0,3.0
201800007281,0018-01-08 19:32:00,18,1,8,19,32,100,387,JEAN LOUIS DELAPORTE (RU,48.29569,4.07692,Nuit avec éclairage allumé,En agglomération,Intersection en T,Normale,Deux véhicules - arrière,,,,,,,,,,,5,2,3,1.0,2.0
201800007282,0018-01-02 18:40:00,18,1,2,18,40,100,387,"34, EDMOND FARIAT (RUE)",48.2921,4.09665,Nuit avec éclairage allumé,En agglomération,Hors intersection,Pluie légère,Autre collision,,,,,,,,,,,5,2,1,2.0,6.0
201800007283,0018-01-16 15:11:00,18,1,16,15,11,100,387,HENNEQUIN (RUE),48.3011,4.07964,Plein jour,En agglomération,Intersection en X,Pluie légère,Deux véhicules - côté,,,,,,,,,,,1,2,2,2.0,3.0
201800007284,0018-01-29 18:29:00,18,1,29,18,29,100,387,PREMIER RAM (RUE DU),48.29162,4.07129,Nuit avec éclairage allumé,En agglomération,Hors intersection,Normale,Deux véhicules - côté,,,,,,,,,,,5,2,1,1.0,3.0
201800007285,0018-01-18 10:07:00,18,1,18,10,7,100,81,ROCADE OUEST (RD 610),48.32895,4.05349,Plein jour,Hors agglomération,Hors intersection,Pluie légère,Sans collision,,,,,,,,,,,1,1,1,2.0,7.0
201800007286,0018-01-20 14:29:00,18,1,20,14,29,100,357,ROCADE EST (RD 610),48.27516,4.11936,Plein jour,Hors agglomération,Hors intersection,Pluie légère,Deux véhicules - frontale,,,,,,,,,,,1,1,1,2.0,1.0
201800007287,0018-01-16 19:45:00,18,1,16,19,45,100,81,PENETRANTE NORD,48.32552,4.05445,Nuit sans éclairage public,Hors agglomération,Hors intersection,Normale,Autre collision,,,,,,,,,,,3,1,1,1.0,6.0
201800007288,0018-01-30 12:02:00,18,1,30,12,2,100,387,CHOMEDEY DE MAISONNEUVE,48.30861,4.06902,Plein jour,En agglomération,Giratoire,Normale,Autre collision,,,,,,,,,,,1,2,6,1.0,6.0
201800007289,0018-01-23 18:00:00,18,1,23,18,0,100,387,"36, PREMIER MAI (RUE DU)",48.3046,4.08969,Nuit avec éclairage allumé,En agglomération,Hors intersection,Normale,Deux véhicules - arrière,,,,,,,,,,,5,2,1,1.0,2.0
201800007290,0018-01-17 09:05:00,18,1,17,9,5,100,387,JULES GUESDE (RUE),48.29292,4.08202,Plein jour,En agglomération,Hors intersection,Normale,Deux véhicules - arrière,,,,,,,,,,,1,2,1,1.0,2.0
201800007291,0018-02-10 21:22:00,18,2,10,21,22,100,297,TIRVERTS (RUE),48.32057,4.08969,Nuit avec éclairage allumé,Hors agglomération,Hors intersection,Normale,Autre collision,,,,,,,,,,,5,1,1,1.0,6.0
201800007292,0018-02-14 18:58:00,18,2,14,18,58,100,357,HENRI BARBUSSE (RUE),48.2998,4.11068,Plein jour,En agglomération,Hors intersection,Normale,Autre collision,,,,,,,,,,,1,2,1,1.0,6.0
201800007293,0018-03-03 19:25:00,18,3,3,19,25,100,333,PRESIDENT WILSON (RUE),48.98845,4.06224,Nuit avec éclairage allumé,En agglomération,Intersection en X,Normale,Deux véhicules - côté,,,,,,,,,,,5,2,2,1.0,3.0
201800007294,0018-03-30 22:44:00,18,3,30,22,44,100,387,JULES GUESDE (RUE),48.2906,4.08233,Nuit avec éclairage allumé,En agglomération,Autre intersection,Normale,Deux véhicules - côté,,,,,,,,,,,5,2,9,1.0,3.0
201800007295,0018-02-16 12:25:00,18,2,16,12,25,100,321,JEAN JAURES (RUE),48.28861,4.03597,Plein jour,En agglomération,Autre intersection,Normale,Autre collision,,,,,,,,,,,1,2,9,1.0,6.0
201800007296,0018-04-01 06:47:00,18,4,1,6,47,100,387,LA FONTAINE (RUE),48.29811,4.07972,Nuit avec éclairage allumé,En agglomération,Hors intersection,Normale,Sans collision,,,,,,,,,,,5,2,1,1.0,7.0
201800007297,0018-04-05 17:21:00,18,4,5,17,21,100,362,JULES FERRY (RUE),48.3,4.05,Plein jour,En agglomération,Hors intersection,Normale,Autre collision,,,,,,,,,,,1,2,1,1.0,6.0
201800007298,0018-04-06 09:08:00,18,4,6,9,8,100,362,MARC SEGUIN (RUE),48.29124,4.0395,Plein jour,En agglomération,Hors intersection,Normale,Autre collision,,,,,,,,,,,1,2,1,1.0,6.0
201800007299,0018-04-16 04:31:00,18,4,16,4,31,100,387,GEORGES POMPIDOU (RUE),48.29277,4.09048,Nuit avec éclairage allumé,En agglomération,Hors intersection,Normale,Sans collision,,,,,,,,,,,5,2,1,1.0,7.0
201800007300,0018-04-16 22:10:00,18,4,16,22,10,100,387,CHARLES DELAUNAY (RUE),48.30299,4.06841,Nuit avec éclairage allumé,En agglomération,Autre intersection,Normale,Autre collision,,,,,,,,,,,5,2,9,1.0,6.0
201800007301,0018-04-17 10:17:00,18,4,17,10,17,100,387,FRANCOIS MITTERAND (ROND,48.29253,4.07371,Plein jour,En agglomération,Hors intersection,Normale,Deux véhicules - côté,,,,,,,,,,,1,2,1,1.0,3.0
201800007302,0018-03-17 10:18:00,18,3,17,10,18,100,343,DIJON (RUE DE),48.26732,4.08914,Plein jour,En agglomération,Hors intersection,Normale,Autre collision,,,,,,,,,,,1,2,1,1.0,6.0
201800007303,0018-03-07 17:05:00,18,3,7,17,5,100,387,DANTON (RUE),48.30245,4.07617,Plein jour,En agglomération,Hors intersection,Normale,Autre collision,,,,,,,,,,,1,2,1,1.0,6.0
201800007304,0018-04-19 17:39:00,18,4,19,17,39,100,81,ROGER SALENGRO (NATIONAL,48.3135,4.04835,Plein jour,En agglomération,Autre intersection,Normale,Autre collision,,,,,,,,,,,1,2,9,1.0,6.0
201800007305,0018-04-19 21:02:00,18,4,19,21,2,100,343,COOPERATIVE (RUE DE LA ),48.27014,4.0923,Nuit avec éclairage allumé,En agglomération,Hors intersection,Normale,Sans collision,,,,,,,,,,,5,2,1,1.0,7.0
201800007306,0018-04-21 09:15:00,18,4,21,9,15,100,81,JULES FERRY (RUE),48.32012,4.05558,Plein jour,En agglomération,Hors intersection,Normale,Deux véhicules - arrière,,,,,,,,,,,1,2,1,1.0,2.0
201800007307,0018-04-21 12:25:00,18,4,21,12,25,100,343,FABLE (RUE),48.27382,4.09266,Plein jour,En agglomération,Giratoire,Normale,Deux véhicules - côté,,,,,,,,,,,1,2,6,1.0,3.0
201800007308,0018-04-23 10:32:00,18,4,23,10,32,100,362,GENERAL GALLIENI (RUE DU,48.29412,4.05736,Plein jour,En agglomération,Hors intersection,Normale,Autre collision,,,,,,,,,,,1,2,1,1.0,6.0
201800007309,0018-04-24 14:48:00,18,4,24,14,48,100,81,MIRABEAU (RUE),48.31088,4.041,Plein jour,En agglomération,Intersection en X,Normale,Deux véhicules - côté,,,,,,,,,,,1,2,2,1.0,3.0
201800007310,0018-04-26 14:17:00,18,4,26,14,17,100,387,PASTEUR (RUE),48.30261,4.0631,Plein jour,En agglomération,Hors intersection,Normale,Deux véhicules - côté,,,,,,,,,,,1,2,1,1.0,3.0
201800007311,0018-04-28 02:10:00,18,4,28,2,10,100,81,GENERAL SARRAIL (AVE),48.30222,4.02573,Nuit sans éclairage public,Hors agglomération,Hors intersection,Normale,Deux véhicules - arrière,,,,,,,,,,,3,1,1,1.0,2.0
201800007312,0018-04-27 19:15:00,18,4,27,19,15,100,387,FAUBOURG CRONCELS (RUE D,48.28355,4.07878,Plein jour,En agglomération,Intersection en X,Normale,Trois véhicules et plus - en chaîne,,,,,,,,,,,1,2,2,1.0,4.0
201800007313,0018-04-28 14:35:00,18,4,28,14,35,100,357,ROUTE DE BOURANTON (D147,48.29714,4.13504,Plein jour,En agglomération,Intersection en T,Pluie légère,Trois véhicules et plus - collisions multiples,,,,,,,,,,,1,2,3,2.0,5.0
201800007314,0018-04-29 17:15:00,18,4,29,17,15,100,81,ROCADE OUEST (RD 610),48.32971,4.04486,Plein jour,Hors agglomération,Hors intersection,Pluie légère,Autre collision,,,,,,,,,,,1,1,1,2.0,6.0
201800007315,0018-03-10 10:05:00,18,3,10,10,5,100,81,"39, MARCEL DEFRANCE (RUE",48.3065,4.02662,Plein jour,En agglomération,Hors intersection,Normale,Autre collision,,,,,,,,,,,1,2,1,1.0,6.0
201800007316,0018-03-26 12:03:00,18,3,26,12,3,100,387,GUSTAVE MASSON (RUE),48.27344,4.07878,Plein jour,En agglomération,Intersection en X,Normale,Deux véhicules - frontale,,,,,,,,,,,1,2,2,1.0,1.0
201800007317,0018-05-01 15:00:00,18,5,1,15,0,100,387,GAMBETTA (RUE),48.29878,4.07038,Plein jour,En agglomération,Intersection en X,Normale,Deux véhicules - côté,,,,,,,,,,,1,2,2,1.0,3.0
201800007318,0018-05-05 19:00:00,18,5,5,19,0,100,333,ROCADE OUEST (RD 610),48.2791,4.0423,Plein jour,Hors agglomération,Hors intersection,Normale,Deux véhicules - arrière,,,,,,,,,,,1,1,1,1.0,2.0
201800007319,0018-05-05 21:40:00,18,5,5,21,40,100,387,ANATOLE FRANCE (RUE),48.28529,4.07399,Nuit avec éclairage allumé,En agglomération,Hors intersection,Normale,Deux véhicules - arrière,,,,,,,,,,,5,2,1,1.0,2.0
201800007320,0018-05-06 18:50:00,18,5,6,18,50,100,387,MAURICE ROMAGON (RUE),48.28036,4.08802,Plein jour,En agglomération,Hors intersection,Normale,Autre collision,,,,,,,,,,,1,2,1,1.0,6.0
201800007321,0018-05-08 16:24:00,18,5,8,16,24,100,325,PASTEUR (RUE),48.29878,4.07038,Plein jour,En agglomération,Intersection en T,Autre,Autre collision,,,,,,,,,,,1,2,3,9.0,6.0
201800007322,0018-05-08 22:16:00,18,5,8,22,16,100,81,ROGER SALENGRO (NATIONAL,48.31131,4.05108,Nuit sans éclairage public,En agglomération,Intersection en T,Normale,Deux véhicules - frontale,,,,,,,,,,,3,2,3,1.0,1.0
201800007323,0018-05-10 08:00:00,18,5,10,8,0,100,297,TIRVERTS (RUE),48.3132,4.0849,Plein jour,En agglomération,Hors intersection,Normale,Autre collision,,,,,,,,,,,1,2,1,1.0,6.0
201800007324,0018-05-12 03:58:00,18,5,12,3,58,100,81,ROCADE OUEST (RD 610),48.32963,4.04302,Nuit sans éclairage public,Hors agglomération,Hors intersection,Normale,Deux véhicules - arrière,,,,,,,,,,,3,1,1,1.0,2.0
201800007325,0018-05-17 14:18:00,18,5,17,14,18,100,387,GENERAL LECLERC (RUE DU),48.30939,4.05422,Plein jour,En agglomération,Hors intersection,Normale,Deux véhicules - arrière,,,,,,,,,,,1,2,1,1.0,2.0
201800007326,0018-05-17 12:18:00,18,5,17,12,18,100,387,PIERRE BROSSOLETTE (RUE),48.29136,4.07516,Plein jour,En agglomération,Hors intersection,Normale,Autre collision,,,,,,,,,,,1,2,1,1.0,6.0
201800007327,0018-05-17 20:15:00,18,5,17,20,15,100,387,LIEUTENANT PIERRE MURARD,48.30498,4.05323,Plein jour,En agglomération,Intersection en X,Normale,Deux véhicules - côté,,,,,,,,,,,1,2,2,1.0,3.0
201800007328,0018-05-22 19:48:00,18,5,22,19,48,100,387,GENERAL DE GAULLE (RUE D,48.29884,4.07334,Plein jour,En agglomération,Intersection en X,Normale,Deux véhicules - côté,,,,,,,,,,,1,2,2,1.0,3.0
201800007329,0018-05-23 12:15:00,18,5,23,12,15,100,333,CHARLES DERNUET (RUE),48.28875,4.06548,Plein jour,En agglomération,Hors intersection,Normale,Deux véhicules - côté,,,,,,,,,,,1,2,1,1.0,3.0
201800007330,0018-05-25 05:55:00,18,5,25,5,55,100,387,ROBERT GALLEY (RUE),48.28957,4.06787,Plein jour,En agglomération,Giratoire,Normale,Deux véhicules - côté,,,,,,,,,,,1,2,6,1.0,3.0
201800007331,0018-05-25 16:10:00,18,5,25,16,10,100,333,ECHENILLY (RUE),48.27484,4.03949,Plein jour,En agglomération,Autre intersection,Normale,Deux véhicules - frontale,,,,,,,,,,,1,2,9,1.0,1.0
201800007332,0018-05-29 08:39:00,18,5,29,8,39,100,387,CHARMILLES (MAIL DES),48.29663,4.0853,Plein jour,En agglomération,Intersection en X,Pluie forte,Trois véhicules et plus - en chaîne,,,,,,,,,,,1,2,2,3.0,4.0
201800007333,0018-05-30 17:25:00,18,5,30,17,25,100,387,PIERRE MURARD (RUE DU LI,43.30348,4.05916,Plein jour,En agglomération,Intersection en X,Pluie forte,Deux véhicules - frontale,,,,,,,,,,,1,2,2,3.0,1.0
201800007334,0018-06-01 23:23:00,18,6,1,23,23,100,387,QUATORZE JUILLET (RUE DU,48.29511,4.08063,Nuit avec éclairage allumé,En agglomération,Place,Normale,Autre collision,,,,,,,,,,,5,2,7,1.0,6.0
201800007335,0018-06-03 06:23:00,18,6,3,6,23,100,387,CHARMILLES (MAIL DES),48.30121,4.08746,Plein jour,En agglomération,Autre intersection,Normale,Autre collision,,,,,,,,,,,1,2,9,1.0,6.0
201800007336,0018-06-05 07:36:00,18,6,5,7,36,100,387,JULES GUESDE (RUE),48.28446,4.08385,Plein jour,En agglomération,Hors intersection,Temps couvert,Sans collision,,,,,,,,,,,1,2,1,8.0,7.0
201800007337,0018-06-05 17:59:00,18,6,5,17,59,100,387,JULES GUESDE (RUE),48.292,4.082,Plein jour,En agglomération,Hors intersection,Normale,Autre collision,,,,,,,,,,,1,2,1,1.0,6.0
201800007338,0018-06-06 11:38:00,18,6,6,11,38,100,357,GENERAL DE GAULLE (RUE D,48.296,4.13239,Plein jour,En agglomération,Giratoire,Normale,Deux véhicules - côté,,,,,,,,,,,1,2,6,1.0,3.0
201800007339,0018-06-02 18:43:00,18,6,2,18,43,100,387,CONRAD DE BREBAN (RUE),48.29981,4.10027,Plein jour,En agglomération,Intersection en T,Normale,Deux véhicules - côté,,,,,,,,,,,1,2,3,1.0,3.0
201800007340,0018-06-06 20:25:00,18,6,6,20,25,100,387,RAYMOND BURGARD (RUE),48.27426,4.06703,Plein jour,En agglomération,Autre intersection,Pluie légère,Deux véhicules - côté,,,,,,,,,,,1,2,9,2.0,3.0
201800007341,0018-06-11 17:17:00,18,6,11,17,17,100,333,CHARLES MORET (RUE),42.21111,4.06113,Plein jour,En agglomération,Hors intersection,Normale,Deux véhicules - arrière,,,,,,,,,,,1,2,1,1.0,2.0
201800007342,0018-05-30 18:10:00,18,5,30,18,10,100,387,LUCIEN MOREL PAYEN (RUE),48.3048,4.088,Plein jour,En agglomération,Intersection en T,Pluie forte,Autre collision,,,,,,,,,,,1,2,3,3.0,6.0
201800007343,0018-06-13 13:22:00,18,6,13,13,22,100,325,PARMENTIER (RUE),48.26313,4.06428,Plein jour,En agglomération,Autre intersection,Normale,Sans collision,,,,,,,,,,,1,2,9,1.0,7.0
201800007344,0018-06-13 10:06:00,18,6,13,10,6,100,387,PREIZE (RUE DE),48.30228,4.07313,Plein jour,En agglomération,Hors intersection,Normale,Autre collision,,,,,,,,,,,1,2,1,1.0,6.0
201800007345,0018-06-17 00:03:00,18,6,17,0,3,100,387,GENERAL LECLERC (RUE DU),48.30825,4.0561,Nuit avec éclairage allumé,En agglomération,Intersection en X,Normale,Deux véhicules - côté,,,,,,,,,,,5,2,2,1.0,3.0
201800007346,0018-06-17 12:04:00,18,6,17,12,4,100,387,EDOUARD HERRIOT (RUE),48.28,4.0727,Plein jour,En agglomération,Hors intersection,Normale,Autre collision,,,,,,,,,,,1,2,1,1.0,6.0
201800007347,0018-06-20 14:36:00,18,6,20,14,36,100,387,JEANNE D'ARC (RUE),48.29258,4.06818,Plein jour,En agglomération,Hors intersection,Normale,Autre collision,,,,,,,,,,,1,2,1,1.0,6.0
201800007348,0018-06-21 18:27:00,18,6,21,18,27,100,387,DAMPIERRE (QUAI),48.30002,4.07609,Plein jour,En agglomération,Hors intersection,Normale,Autre collision,,,,,,,,,,,1,2,1,1.0,6.0
201800007349,0018-06-23 10:04:00,18,6,23,10,4,100,387,PASTEUR (RUE),48.30208,4.06351,Plein jour,En agglomération,Autre intersection,Normale,Deux véhicules - côté,,,,,,,,,,,1,2,9,1.0,3.0
201800007350,0018-06-23 17:35:00,18,6,23,17,35,100,81,GASTON COHEN (RUE),48.30661,4.02836,Plein jour,En agglomération,Hors intersection,Normale,Autre collision,,,,,,,,,,,1,2,1,1.0,6.0
201800007351,0018-06-25 12:12:00,18,6,25,12,12,100,387,GAUTHERIN (RUE),48.29258,4.06818,Plein jour,En agglomération,Hors intersection,Normale,Autre collision,,,,,,,,,,,1,2,1,1.0,6.0
201800007352,0018-06-28 13:50:00,18,6,28,13,50,100,387,VOULDY (CHAUSSEE DU),48.28648,4.09558,Plein jour,En agglomération,Intersection en X,Normale,Deux véhicules - côté,,,,,,,,,,,1,2,2,1.0,3.0
201800007353,0018-07-01 21:50:00,18,7,1,21,50,100,387,MAROTS (RUE DES),48.307,4.0541,Plein jour,En agglomération,Hors intersection,Normale,Autre collision,,,,,,,,,,,1,2,1,1.0,6.0
201800007354,0018-07-02 19:36:00,18,7,2,19,36,100,387,BEGAND (RUE),48.2927,4.06609,Plein jour,En agglomération,Hors intersection,Pluie légère,Sans collision,,,,,,,,,,,1,2,1,2.0,7.0
201800007355,0018-07-02 19:17:00,18,7,2,19,17,100,297,ROGER SALENGRO (RUE),48.31193,4.09743,Plein jour,En agglomération,Autre intersection,Normale,Deux véhicules - arrière,,,,,,,,,,,1,2,9,1.0,2.0
201800007356,0018-07-06 00:32:00,18,7,6,0,32,100,387,HENRI BARBUSSE (RUE),48.30048,4.086,Nuit avec éclairage allumé,En agglomération,Autre intersection,Pluie forte,Deux véhicules - côté,,,,,,,,,,,5,2,9,3.0,3.0
201800007357,0018-07-08 03:38:00,18,7,8,3,38,100,387,LOUIS BERTHOLLET (RUE),48.30784,4.84891,Nuit avec éclairage allumé,En agglomération,Hors intersection,Normale,Autre collision,,,,,,,,,,,5,2,1,1.0,6.0
201800007358,0018-07-10 22:05:00,18,7,10,22,5,100,362,CHANTELOUP (CD),48.29938,4.03823,Crépuscule ou aube,En agglomération,Intersection en T,Normale,Deux véhicules - côté,,,,,,,,,,,2,2,3,1.0,3.0
201800007359,0018-07-13 15:20:00,18,7,13,15,20,100,387,WILLIAM ET CATHERINE BOO,48.31209,4.08331,Plein jour,En agglomération,Intersection en X,Normale,Deux véhicules - côté,,,,,,,,,,,1,2,2,1.0,3.0
201800007360,0018-07-14 00:32:00,18,7,14,0,32,100,387,PREMIER MAI (RUE DU),48.30467,4.09023,Nuit avec éclairage allumé,En agglomération,Hors intersection,Normale,Trois véhicules et plus - collisions multiples,,,,,,,,,,,5,2,1,1.0,5.0
201800007361,0018-07-19 17:26:00,18,7,19,17,26,100,387,QUATORZE JUILLET (RUE DU,48.29436,4.07784,Plein jour,En agglomération,Hors intersection,Normale,Deux véhicules - côté,,,,,,,,,,,1,2,1,1.0,3.0
201800007362,0018-07-21 19:00:00,18,7,21,19,0,100,387,ST DOMINIQUE (MAIL),48.2948,4.0819,Plein jour,En agglomération,Intersection en X,Normale,Deux véhicules - côté,,,,,,,,,,,1,2,2,1.0,3.0
201800007363,0018-07-21 20:34:00,18,7,21,20,34,100,81,CULOISON (RUE),48.32186,4.06948,Plein jour,En agglomération,Hors intersection,Normale,Deux véhicules - côté,,,,,,,,,,,1,2,1,1.0,3.0
201800007364,0018-07-23 17:12:00,18,7,23,17,12,100,387,GEORGES POMPIDOU (RUE),48.29073,4.08765,Plein jour,En agglomération,Hors intersection,Normale,Deux véhicules - côté,,,,,,,,,,,1,2,1,1.0,3.0
201800007365,0018-07-24 21:07:00,18,7,24,21,7,100,387,WOOD ET WEST (RUE),48.29494,4.08155,Plein jour,En agglomération,Giratoire,Normale,Deux véhicules - côté,,,,,,,,,,,1,2,6,1.0,3.0
201800007366,0018-07-25 12:30:00,18,7,25,12,30,100,387,MAJOR GENERAL VANIER (AV,,,Plein jour,En agglomération,Hors intersection,Normale,Deux véhicules - arrière,,,,,,,,,,,1,2,1,1.0,2.0
201800007367,0018-07-27 06:10:00,18,7,27,6,10,100,333,ROCADE OUEST (RD 610),48.28253,4.03986,Plein jour,Hors agglomération,Hors intersection,Normale,Autre collision,,,,,,,,,,,1,1,1,1.0,6.0
201800007368,0018-07-30 10:05:00,18,7,30,10,5,100,387,BLANQUI (RUE),48.3051,4.0532,Plein jour,En agglomération,Hors intersection,Normale,Autre collision,,,,,,,,,,,1,2,1,1.0,6.0
201800007369,0018-07-30 17:33:00,18,7,30,17,33,100,387,PETITE RUE ROBERT,48.29401,4.08188,Plein jour,En agglomération,Intersection en T,Normale,Deux véhicules - côté,,,,,,,,,,,1,2,3,1.0,3.0
201800007370,0018-07-30 18:00:00,18,7,30,18,0,100,387,GENERAL CHARLES DELESTRA,48.2915,4.0711,Plein jour,En agglomération,Intersection en X,Normale,Deux véhicules - côté,,,,,,,,,,,1,2,2,1.0,3.0