accident_id,datetime,annee,mois,jour,heure,minute,departement,commune_insee,adresse,latitude,longitude,luminosite,agglomeration,intersection,meteo,collision,nb_vehicules,nb_usagers,nb_indemnes,nb_tues,nb_blesses_hosp,nb_blesses_legers,age_cond_1,age_cond_2,veh_type_cond_1,veh_type_cond_2,lum_code,agg_code,int_code,atm_code,col_code
201800007613,0018-05-15 09:00:00,18,5,15,9,0,110,69,BERGES ARISTIDE,43.21082,2.31996,Plein jour,En agglomération,Intersection en T,Pluie légère,Sans collision,,,,,,,,,,,1,2,3,2.0,7.0
201800007614,0018-05-18 04:05:00,18,5,18,4,5,110,69,HUGO VICTOR,43.21343,2.35044,Nuit avec éclairage allumé,En agglomération,Intersection en X,Normale,Deux véhicules - côté,,,,,,,,,,,5,2,2,1.0,3.0
201800007615,0018-05-18 12:05:00,18,5,18,12,5,110,69,MONTREAL -ROUTE DE -,43.2115,2.3199,Plein jour,Hors agglomération,Giratoire,Normale,Trois véhicules et plus - collisions multiples,,,,,,,,,,,1,1,6,1.0,5.0
201800007616,0018-05-19 16:50:00,18,5,19,16,50,110,69,ESTRADE JOACHIM,43.21431,2.3335,Plein jour,En agglomération,Hors intersection,Normale,Deux véhicules - arrière,,,,,,,,,,,1,2,1,1.0,2.0
201800007617,0018-05-19 01:57:00,18,5,19,1,57,110,69,BRAM -ROUTE DE-,43.21362,2.29516,Nuit sans éclairage public,Hors agglomération,Hors intersection,Normale,Autre collision,,,,,,,,,,,3,1,1,1.0,6.0
201800007618,0018-05-19 15:20:00,18,5,19,15,20,110,69,POMPIDOU GEORGES -ROND P,43.22689,2.33166,Plein jour,En agglomération,Hors intersection,Normale,Deux véhicules - arrière,,,,,,,,,,,1,2,1,1.0,2.0
201800007619,0018-05-18 08:45:00,18,5,18,8,45,110,69,ROCADE SUD RD 6161,43.22751,2.3338,Plein jour,En agglomération,Hors intersection,Normale,Deux véhicules - arrière,,,,,,,,,,,1,2,1,1.0,2.0
201800007620,0018-05-21 21:15:00,18,5,21,21,15,110,69,LECLERC AV. DU GENERAL P,43.2075,2.3782,Crépuscule ou aube,En agglomération,Hors intersection,Normale,Deux véhicules - côté,,,,,,,,,,,2,2,1,1.0,3.0
201800007621,0018-05-24 14:35:00,18,5,24,14,35,110,69,ROCADE OUEST,43.20928,2.31145,Plein jour,Hors agglomération,Hors intersection,Normale,Deux véhicules - arrière,,,,,,,,,,,1,1,1,1.0,2.0
201800007622,0018-05-26 13:50:00,18,5,26,13,50,110,69,LECLERC AV. DU GENERAL P,43.20759,2.37725,Plein jour,En agglomération,Intersection en T,Normale,Deux véhicules - arrière,,,,,,,,,,,1,2,3,1.0,2.0
201800007623,0018-05-30 11:45:00,18,5,30,11,45,110,69,SAINT HILAIRE -ROUTE DE-,43.1922,2.3363,Plein jour,Hors agglomération,Hors intersection,Temps couvert,Deux véhicules - côté,,,,,,,,,,,1,1,1,8.0,3.0
201800007624,0018-05-30 17:55:00,18,5,30,17,55,110,69,Avenue du Prsident Fran,43.21677,2.34795,Plein jour,En agglomération,Intersection en X,Normale,Deux véhicules - côté,,,,,,,,,,,1,2,2,1.0,3.0
201800007625,0018-06-04 18:55:00,18,6,4,18,55,110,69,MARTY ANTOINE,43.21631,2.35611,Plein jour,En agglomération,Intersection en X,Normale,Deux véhicules - côté,,,,,,,,,,,1,2,2,1.0,3.0
201800007626,0018-06-05 07:30:00,18,6,5,7,30,110,69,POUSSIN NICOLAS -BD-,43.2039,2.32287,Plein jour,En agglomération,Hors intersection,Normale,Deux véhicules - arrière,,,,,,,,,,,1,2,1,1.0,2.0
201800007627,0018-06-06 17:30:00,18,6,6,17,30,110,69,BERRIAC -ROUTE DE-,43.20897,2.38033,Plein jour,En agglomération,Hors intersection,Pluie légère,Deux véhicules - arrière,,,,,,,,,,,1,2,1,2.0,2.0
201800007628,0018-06-09 18:30:00,18,6,9,18,30,110,69,LIMOUX - ROUTE DE-,43.1989,2.3266,Plein jour,Hors agglomération,Intersection en T,Normale,Deux véhicules - côté,,,,,,,,,,,1,1,3,1.0,3.0
201800007629,0018-06-13 14:35:00,18,6,13,14,35,110,69,GOUT HENRI -AVENUE Nø PA,43.2108,2.34319,Plein jour,En agglomération,Hors intersection,Normale,Deux véhicules - frontale,,,,,,,,,,,1,2,1,1.0,1.0
201800007630,0018-06-17 19:00:00,18,6,17,19,0,110,69,ROCADE SUD RD 6161,43.20424,2.38169,Plein jour,Hors agglomération,Hors intersection,Normale,Sans collision,,,,,,,,,,,1,1,1,1.0,7.0
201800007631,0018-06-19 11:00:00,18,6,19,11,0,110,69,RD 118,43.2341,2.36793,Plein jour,Hors agglomération,Hors intersection,Normale,Sans collision,,,,,,,,,,,1,1,1,1.0,7.0
201800007632,0018-06-05 17:30:00,18,6,5,17,30,110,69,PAPIN DENIS -BD-,43.20759,2.31497,Plein jour,En agglomération,Hors intersection,Temps couvert,Sans collision,,,,,,,,,,,1,2,1,8.0,7.0
201800007633,0018-06-21 16:20:00,18,6,21,16,20,110,69,JAURES JEAN -BD- PAIR,43.214,2.35485,Plein jour,En agglomération,Hors intersection,Normale,Deux véhicules - arrière,,,,,,,,,,,1,2,1,1.0,2.0
201800007634,0018-06-22 12:55:00,18,6,22,12,55,110,69,ROCADE SUD RD 6161,43.20274,2.31498,Plein jour,Hors agglomération,Hors intersection,Normale,Deux véhicules - arrière,,,,,,,,,,,1,1,1,1.0,2.0
201800007635,0018-06-23 15:20:00,18,6,23,15,20,110,69,JOURDANE GASTON -PLACE-,43.21056,2.36038,Plein jour,En agglomération,Hors intersection,Normale,Sans collision,,,,,,,,,,,1,2,1,1.0,7.0
201800007636,0018-06-23 22:00:00,18,6,23,22,0,110,69,ALSACE,43.21565,2.35605,Nuit avec éclairage allumé,En agglomération,Intersection en X,Normale,Deux véhicules - côté,,,,,,,,,,,5,2,2,1.0,3.0
201800007637,0018-06-26 14:44:00,18,6,26,14,44,110,69,BUNAU VARILLA -AV-,43.21087,2.33791,Plein jour,En agglomération,Hors intersection,Normale,Sans collision,,,,,,,,,,,1,2,1,1.0,7.0
201800007638,0018-07-01 22:20:00,18,7,1,22,20,110,69,MULLOT ARTHUR AV. PAIRS,43.2119,2.3584,Nuit avec éclairage allumé,En agglomération,Hors intersection,Normale,Deux véhicules - côté,,,,,,,,,,,5,2,1,1.0,3.0
201800007639,0018-07-04 17:55:00,18,7,4,17,55,110,69,CAVAYERE -ROUTE DE LA -,43.1928,2.397,Plein jour,En agglomération,Hors intersection,Normale,Trois véhicules et plus - collisions multiples,,,,,,,,,,,1,2,1,1.0,5.0
201800007640,0018-07-05 14:20:00,18,7,5,14,20,110,69,JUIN MARECHAL,43.2102,2.3785,Plein jour,En agglomération,Hors intersection,Normale,Deux véhicules - côté,,,,,,,,,,,1,2,1,1.0,3.0
201800007641,0018-07-09 19:50:00,18,7,9,19,50,110,69,BRAM -ROUTE DE-,43.22931,2.28054,Plein jour,Hors agglomération,Hors intersection,Normale,Sans collision,,,,,,,,,,,1,1,1,1.0,7.0
201800007642,0018-07-14 15:39:00,18,7,14,15,39,110,69,ROULLENS -CHEMIN ET IMPA,43.18439,2.3069,Plein jour,En agglomération,Hors intersection,Normale,Sans collision,,,,,,,,,,,1,2,1,1.0,7.0
201800007643,0018-07-14 22:10:00,18,7,14,22,10,110,69,RD 6113,43.2204,2.3803,Nuit sans éclairage public,Hors agglomération,Hors intersection,Normale,Deux véhicules - arrière,,,,,,,,,,,3,1,1,1.0,2.0
201800007644,0018-07-16 15:50:00,18,7,16,15,50,110,69,RD 104,43.19841,2.34955,Plein jour,Hors agglomération,Hors intersection,Normale,Sans collision,,,,,,,,,,,1,1,1,1.0,7.0
201800007645,0018-07-16 14:16:00,18,7,16,14,16,110,69,COLBERT,43.226,2.3277,Plein jour,En agglomération,Hors intersection,Normale,Deux véhicules - côté,,,,,,,,,,,1,2,1,1.0,3.0
201800007646,0018-07-21 03:20:00,18,7,21,3,20,110,69,MINERVOISE -ROUTE-,43.22854,2.37443,Nuit sans éclairage public,Hors agglomération,Hors intersection,Pluie légère,Sans collision,,,,,,,,,,,3,1,1,2.0,7.0
201800007647,0018-07-31 17:20:00,18,7,31,17,20,110,69,ROCADE OUEST,43.21455,2.32244,Plein jour,Hors agglomération,Hors intersection,Normale,Trois véhicules et plus - en chaîne,,,,,,,,,,,1,1,1,1.0,4.0
201800007648,0018-08-01 18:52:00,18,8,1,18,52,110,69,RD33,43.21647,2.31812,Plein jour,Hors agglomération,Hors intersection,Normale,Sans collision,,,,,,,,,,,1,1,1,1.0,7.0
201800007649,0018-08-02 12:10:00,18,8,2,12,10,110,69,BEETHOVEN LUDWIG VAN,43.22307,2.33157,Plein jour,En agglomération,Intersection en T,Normale,Deux véhicules - côté,,,,,,,,,,,1,2,3,1.0,3.0
201800007650,0018-08-05 18:09:00,18,8,5,18,9,110,69,ROCADE SUD RD 6161,43.22549,2.33001,Plein jour,Hors agglomération,Hors intersection,Normale,Trois véhicules et plus - collisions multiples,,,,,,,,,,,1,1,1,1.0,5.0
201800007651,0018-08-06 15:20:00,18,8,6,15,20,110,69,ROCADE OUEST,43.22173,2.3245,Plein jour,Hors agglomération,Hors intersection,Normale,Deux véhicules - frontale,,,,,,,,,,,1,1,1,1.0,1.0
201800007652,0018-08-07 17:00:00,18,8,7,17,0,110,69,POMPIDOU GEORGES -ROND P,43.2266,2.33073,Plein jour,En agglomération,Giratoire,Normale,Deux véhicules - arrière,,,,,,,,,,,1,2,6,1.0,2.0
201800007653,0018-08-07 10:45:00,18,8,7,10,45,110,69,RD 6113,43.2297,2.3263,Plein jour,Hors agglomération,Hors intersection,Normale,Deux véhicules - côté,,,,,,,,,,,1,1,1,1.0,3.0
201800007654,0018-08-09 23:50:00,18,8,9,23,50,110,69,MONTREAL -ROUTE DE -,43.21357,2.28635,Nuit sans éclairage public,Hors agglomération,Hors intersection,Normale,Sans collision,,,,,,,,,,,3,1,1,1.0,7.0
201800007655,0018-08-17 09:30:00,18,8,17,9,30,110,69,Xnon (Rond Point),43.23339,2.36738,Plein jour,En agglomération,Giratoire,Pluie légère,Sans collision,,,,,,,,,,,1,2,6,2.0,7.0
201800007656,0018-08-20 14:28:00,18,8,20,14,28,110,69,COLBERT,43.22552,2.32898,Plein jour,Hors agglomération,Hors intersection,Normale,Deux véhicules - côté,,,,,,,,,,,1,1,1,1.0,3.0
201800007657,0018-08-26 17:00:00,18,8,26,17,0,110,69,CALVAIRE CHEMIN,43.22069,2.38013,Plein jour,Hors agglomération,Hors intersection,Normale,Autre collision,,,,,,,,,,,1,1,1,1.0,6.0
201800007658,0018-08-26 18:23:00,18,8,26,18,23,110,69,LECLERC AV. DU GENERAL I,43.20823,2.37148,Plein jour,En agglomération,Hors intersection,Normale,Trois véhicules et plus - en chaîne,,,,,,,,,,,1,2,1,1.0,4.0
201800007659,0018-08-30 12:15:00,18,8,30,12,15,110,69,D42,43.19491,2.36184,Plein jour,Hors agglomération,Hors intersection,Normale,Sans collision,,,,,,,,,,,1,1,1,1.0,7.0
201800007660,0018-08-31 12:30:00,18,8,31,12,30,110,69,COLOMB CHRISTOPHE -PONT,43.2359,2.3684,Plein jour,En agglomération,Giratoire,Normale,Deux véhicules - arrière,,,,,,,,,,,1,2,6,1.0,2.0
201800007661,0018-08-31 14:02:00,18,8,31,14,2,110,69,MUSSET ALFRED -ET IMPASS,43.22001,2.34393,Plein jour,En agglomération,Hors intersection,Normale,Autre collision,,,,,,,,,,,1,2,1,1.0,6.0
201800007662,0018-12-31 17:56:00,18,12,31,17,56,110,69,LAVALETTE -ROUTE DE-,43.18128,2.2905,Nuit sans éclairage public,Hors agglomération,Hors intersection,Normale,Deux véhicules - côté,,,,,,,,,,,3,1,1,1.0,3.0
201800007663,0018-09-01 17:16:00,18,9,1,17,16,110,69,LORAINE -DE-,43.21481,2.35701,Plein jour,En agglomération,Intersection en X,Temps éblouissant,Deux véhicules - côté,,,,,,,,,,,1,2,2,7.0,3.0
201800007664,0018-09-03 00:45:00,18,9,3,0,45,110,69,ROCADE SUD RD 6161,43.19912,2.36264,Nuit sans éclairage public,Hors agglomération,Hors intersection,Normale,Sans collision,,,,,,,,,,,3,1,1,1.0,7.0
201800007665,0018-09-06 15:45:00,18,9,6,15,45,110,69,LANGEVIN PAUL - IMPAIRS,43.22365,2.34297,Plein jour,En agglomération,Intersection en T,Normale,Deux véhicules - arrière,,,,,,,,,,,1,2,3,1.0,2.0
201800007666,0018-09-07 11:00:00,18,9,7,11,0,110,69,MONTREAL -ROUTE DE -,43.2112,2.3266,Plein jour,En agglomération,Intersection à plus de 4 branches,Temps couvert,Trois véhicules et plus - collisions multiples,,,,,,,,,,,1,2,5,8.0,5.0
201800007667,0018-09-13 11:50:00,18,9,13,11,50,110,69,GOUT HENRI -AV. Nø IMPAI,43.21098,2.33807,Plein jour,En agglomération,Hors intersection,Normale,Deux véhicules - arrière,,,,,,,,,,,1,2,1,1.0,2.0
201800007668,0018-09-13 18:25:00,18,9,13,18,25,110,69,PAPIN DENIS -BD-,43.20826,2.31999,Plein jour,En agglomération,Intersection en X,Normale,Sans collision,,,,,,,,,,,1,2,2,1.0,7.0
201800007669,0018-09-15 14:00:00,18,9,15,14,0,110,69,RD 6113,43.22918,2.34086,Plein jour,Hors agglomération,Hors intersection,Normale,Deux véhicules - arrière,,,,,,,,,,,1,1,1,1.0,2.0
201800007670,0018-09-16 12:15:00,18,9,16,12,15,110,69,MONTREAL -ROUTE DE -,43.21127,2.32651,Plein jour,En agglomération,Intersection à plus de 4 branches,Normale,Deux véhicules - côté,,,,,,,,,,,1,2,5,1.0,3.0
201800007671,0018-09-17 19:30:00,18,9,17,19,30,110,69,RD 6113,43.23026,2.3255,Plein jour,Hors agglomération,Hors intersection,Normale,Sans collision,,,,,,,,,,,1,1,1,1.0,7.0
201800007672,0018-09-19 17:45:00,18,9,19,17,45,110,69,RD 104,43.20012,2.33818,Plein jour,Hors agglomération,Hors intersection,Normale,Deux véhicules - frontale,,,,,,,,,,,1,1,1,1.0,1.0
201800007673,0018-09-20 18:05:00,18,9,20,18,5,110,69,Andr_EJean CAYATTE,43.2356,2.3665,Plein jour,Hors agglomération,Intersection en X,Normale,Deux véhicules - côté,,,,,,,,,,,1,1,2,1.0,3.0
201800007674,0018-09-25 15:10:00,18,9,25,15,10,110,69,GUIRAUD ALEXANDRE,43.2119,2.3652,Plein jour,En agglomération,Hors intersection,Normale,Trois véhicules et plus - en chaîne,,,,,,,,,,,1,2,1,1.0,4.0
201800007675,0018-09-25 11:49:00,18,9,25,11,49,110,69,PINS -ALLEE DES-,43.2138,2.2912,Plein jour,En agglomération,Hors intersection,Normale,Sans collision,,,,,,,,,,,1,2,1,1.0,7.0
201800007676,0018-09-26 18:35:00,18,9,26,18,35,110,69,PAPIN DENIS -BD-,43.2081,2.3196,Plein jour,Hors agglomération,Intersection en X,Normale,Deux véhicules - arrière,,,,,,,,,,,1,1,2,1.0,2.0
201800007677,0018-09-28 09:10:00,18,9,28,9,10,110,69,SOUVENIR FRANCAIS -AVENU,43.2084,2.384,Plein jour,En agglomération,Hors intersection,Normale,Autre collision,,,,,,,,,,,1,2,1,1.0,6.0
201800007678,0018-09-29 09:30:00,18,9,29,9,30,110,69,COMMANDANT ROUMENS,43.21041,2.35498,Plein jour,En agglomération,Hors intersection,Normale,Autre collision,,,,,,,,,,,1,2,1,1.0,6.0
201800007679,0018-10-01 17:10:00,18,10,1,17,10,110,69,VERDUN,43.21264,2.34812,Plein jour,En agglomération,Hors intersection,Normale,Trois véhicules et plus - collisions multiples,,,,,,,,,,,1,2,1,1.0,5.0
201800007680,0018-10-02 17:30:00,18,10,2,17,30,110,69,RD 6113,43.2078,2.3882,Plein jour,Hors agglomération,Hors intersection,Normale,Deux véhicules - arrière,,,,,,,,,,,1,1,1,1.0,2.0
201800007681,0018-10-03 17:45:00,18,10,3,17,45,110,69,Avenue du Prsident Fran,43.21827,2.34428,Plein jour,En agglomération,Hors intersection,Normale,Deux véhicules - côté,,,,,,,,,,,1,2,1,1.0,3.0
201800007682,0018-10-03 16:32:00,18,10,3,16,32,110,69,ROCADE SUD RD 6161,43.20419,2.31272,Plein jour,Hors agglomération,Hors intersection,Normale,Deux véhicules - arrière,,,,,,,,,,,1,1,1,1.0,2.0
201800007683,0018-10-09 10:35:00,18,10,9,10,35,110,69,BARBES BD IMPAIR,43.21034,2.34984,Plein jour,En agglomération,Hors intersection,Normale,Trois véhicules et plus - collisions multiples,,,,,,,,,,,1,2,1,1.0,5.0
201800007684,0018-10-12 00:50:00,18,10,12,0,50,110,69,ROCADE OUEST,43.20205,2.31462,Nuit avec éclairage non allumé,Hors agglomération,Hors intersection,Pluie légère,Sans collision,,,,,,,,,,,4,1,1,2.0,7.0
201800007685,0018-10-12 17:55:00,18,10,12,17,55,110,69,PERGAUD LOUIS,43.20923,2.32953,Plein jour,En agglomération,Hors intersection,Normale,Autre collision,,,,,,,,,,,1,2,1,1.0,6.0
201800007686,0018-10-13 11:10:00,18,10,13,11,10,110,69,ROCADE OUEST,43.20207,2.31428,Plein jour,Hors agglomération,Hors intersection,Temps couvert,Deux véhicules - arrière,,,,,,,,,,,1,1,1,8.0,2.0
201800007687,0018-10-14 17:32:00,18,10,14,17,32,110,69,MONTREAL -ROUTE DE -,43.2112,2.3266,Plein jour,En agglomération,Intersection en T,Normale,Deux véhicules - côté,,,,,,,,,,,1,2,3,1.0,3.0
201800007688,0018-10-20 15:15:00,18,10,20,15,15,110,69,RD 6161 - Rocade Ouest,43.22583,2.33048,Plein jour,Hors agglomération,Hors intersection,Normale,Trois véhicules et plus - en chaîne,,,,,,,,,,,1,1,1,1.0,4.0
201800007689,0018-11-05 17:15:00,18,11,5,17,15,110,69,LANGEVIN PAUL - IMPAIRS,43.2239,2.3442,Plein jour,En agglomération,Intersection en T,Normale,Autre collision,,,,,,,,,,,1,2,3,1.0,6.0
201800007690,0018-11-05 15:50:00,18,11,5,15,50,110,69,PIERRE BLANCHE -BD-,43.22246,2.3407,Plein jour,En agglomération,Hors intersection,Normale,Autre collision,,,,,,,,,,,1,2,1,1.0,6.0
201800007691,0018-11-10 16:45:00,18,11,10,16,45,110,69,D 118,43.21099,2.34135,Plein jour,En agglomération,Intersection en T,Normale,Deux véhicules - côté,,,,,,,,,,,1,2,3,1.0,3.0
201800007692,0018-11-15 11:20:00,18,11,15,11,20,110,69,AVENIR -PONT-,43.21621,2.36175,Plein jour,En agglomération,Hors intersection,Normale,Autre collision,,,,,,,,,,,1,2,1,1.0,6.0
201800007693,0018-11-17 14:15:00,18,11,17,14,15,110,69,RD 6161 - Rocade Ouest,43.2126,2.3199,Plein jour,Hors agglomération,Hors intersection,Normale,Autre collision,,,,,,,,,,,1,1,1,1.0,6.0
201800007694,0018-11-20 18:40:00,18,11,20,18,40,110,69,RD 6113,43.225,2.3783,Nuit sans éclairage public,Hors agglomération,Hors intersection,Pluie légère,Trois véhicules et plus - en chaîne,,,,,,,,,,,3,1,1,2.0,4.0
201800007695,0018-11-22 18:15:00,18,11,22,18,15,110,69,RD 6113,43.23118,2.37534,Nuit sans éclairage public,Hors agglomération,Hors intersection,Normale,Deux véhicules - arrière,,,,,,,,,,,3,1,1,1.0,2.0
201800007696,0018-11-22 18:30:00,18,11,22,18,30,110,69,GAMBETTA SQUARE -IMPAIR-,43.2125,2.35668,Nuit avec éclairage allumé,En agglomération,Hors intersection,Normale,Autre collision,,,,,,,,,,,5,2,1,1.0,6.0
201800007697,0018-11-24 05:20:00,18,11,24,5,20,110,69,ROCADE OUEST,43.2025,2.315,Nuit sans éclairage public,Hors agglomération,Hors intersection,Temps couvert,Autre collision,,,,,,,,,,,3,1,1,8.0,6.0
201800007698,0018-12-08 00:50:00,18,12,8,0,50,110,69,BRAM -ROUTE DE-,43.22009,2.3021,Nuit sans éclairage public,Hors agglomération,Hors intersection,Normale,Sans collision,,,,,,,,,,,3,1,1,1.0,7.0
201800007699,0018-12-09 18:20:00,18,12,9,18,20,110,69,BRAM -ROUTE DE-,43.21279,2.32673,Nuit avec éclairage allumé,En agglomération,Hors intersection,Pluie légère,Deux véhicules - arrière,,,,,,,,,,,5,2,1,2.0,2.0
201800007700,0018-12-08 05:56:00,18,12,8,5,56,110,69,LIMOUX - ROUTE DE-,43.20174,2.33002,Nuit sans éclairage public,En agglomération,Hors intersection,Normale,Sans collision,,,,,,,,,,,3,2,1,1.0,7.0
201800007701,0018-12-14 23:16:00,18,12,14,23,16,110,69,MULLOT ARTHUR AV IMPAIRS,43.21179,2.3585,Nuit avec éclairage allumé,En agglomération,Hors intersection,Normale,Autre collision,,,,,,,,,,,5,2,1,1.0,6.0
201800007702,0018-12-16 02:40:00,18,12,16,2,40,110,69,SARRAUT OMER BD -IMPAIRS,43.21642,2.35355,Nuit avec éclairage allumé,En agglomération,Hors intersection,Normale,Sans collision,,,,,,,,,,,5,2,1,1.0,7.0
201800007703,0018-12-17 11:50:00,18,12,17,11,50,110,69,MARECHAL FOCH -AVENUE-,43.21774,2.35185,Plein jour,En agglomération,Hors intersection,Normale,Autre collision,,,,,,,,,,,1,2,1,1.0,6.0
201800007704,0018-12-18 07:30:00,18,12,18,7,30,110,69,LECLERC AV. DU GENERAL P,43.20712,2.38274,Nuit avec éclairage allumé,En agglomération,Hors intersection,Normale,Autre collision,,,,,,,,,,,5,2,1,1.0,6.0
201800007705,0018-12-18 18:10:00,18,12,18,18,10,110,69,MONTREAL -ROUTE DE -,43.2137,2.2915,Nuit sans éclairage public,Hors agglomération,Intersection en T,Normale,Deux véhicules - côté,,,,,,,,,,,3,1,3,1.0,3.0
201800007706,0018-01-16 05:50:00,18,1,16,5,50,310,118,AUTOROUTE A62 -PK210.200,43.78189,1.38331,Nuit sans éclairage public,Hors agglomération,Hors intersection,Pluie légère,Trois véhicules et plus - en chaîne,,,,,,,,,,,3,1,1,2.0,4.0
201800007707,0018-02-03 23:15:00,18,2,3,23,15,310,94,A 68 - Pk: 021.500,43.76659,1.60988,Nuit sans éclairage public,Hors agglomération,Hors intersection,Autre,Autre collision,,,,,,,,,,,3,1,1,9.0,6.0
201800007708,0018-02-15 14:25:00,18,2,15,14,25,310,22,A62 - Pk:223.200,43.67041,1.41901,Plein jour,Hors agglomération,Hors intersection,Normale,Deux véhicules - arrière,,,,,,,,,,,1,1,1,1.0,2.0
201800007709,0018-02-15 15:10:00,18,2,15,15,10,310,516,a62 pk 212.200,43.76499,1.38527,Plein jour,Hors agglomération,Hors intersection,Normale,Autre collision,,,,,,,,,,,1,1,1,1.0,6.0
201800007710,0018-03-08 20:39:00,18,3,8,20,39,310,79,A 62 - PK 210.600 - sens,43.79643,1.41936,Nuit sans éclairage public,Hors agglomération,Hors intersection,Normale,Deux véhicules - arrière,,,,,,,,,,,3,1,1,1.0,2.0
201800007711,0018-03-10 11:00:00,18,3,10,11,0,310,118,A62 PK 207+203 sens BORD,43.79922,1.37125,Plein jour,Hors agglomération,Hors intersection,Normale,Autre collision,,,,,,,,,,,1,1,1,1.0,6.0
201800007712,0018-04-19 17:55:00,18,4,19,17,55,310,44,AVENUE DES ARÈNES,43.61377,1.48868,Plein jour,En agglomération,Giratoire,Normale,Deux véhicules - côté,,,,,,,,,,,1,2,6,1.0,3.0
201800007713,0018-05-05 06:07:00,18,5,5,6,7,310,91,A62 pk 2019+500 directio,43.70104,1.40772,Crépuscule ou aube,Hors agglomération,Hors intersection,Normale,Trois véhicules et plus - collisions multiples,,,,,,,,,,,2,1,1,1.0,5.0
201800007714,0018-05-31 14:00:00,18,5,31,14,0,310,297,RN 224 - PK 013.500,43.64869,1.16878,Plein jour,Hors agglomération,Hors intersection,Normale,Sans collision,,,,,,,,,,,1,1,1,1.0,7.0
201800007715,0018-08-13 02:30:00,18,8,13,2,30,310,22,A62,43.67091,1.41834,Nuit sans éclairage public,Hors agglomération,Hors intersection,Pluie légère,Deux véhicules - arrière,,,,,,,,,,,3,1,1,2.0,2.0
201800007716,0018-08-30 23:25:00,18,8,30,23,25,310,358,A68 PK13+800,43.71379,1.56619,Nuit avec éclairage allumé,Hors agglomération,Hors intersection,Normale,Autre collision,,,,,,,,,,,5,1,1,1.0,6.0
201800007717,0018-09-29 13:40:00,18,9,29,13,40,310,467,A62 PK 221,43.68888,1.41154,Plein jour,Hors agglomération,Hors intersection,Normale,Deux véhicules - arrière,,,,,,,,,,,1,1,1,1.0,2.0
201800007718,0018-10-08 21:50:00,18,10,8,21,50,310,118,A62 PK 209.990 sens TOUL,43.80216,1.36918,Nuit sans éclairage public,Hors agglomération,Hors intersection,Normale,Deux véhicules - arrière,,,,,,,,,,,3,1,1,1.0,2.0
201800007719,0018-10-11 07:10:00,18,10,11,7,10,310,32,Rd 65 pk 24+200,43.68392,1.32869,Nuit sans éclairage public,Hors agglomération,Hors intersection,Normale,Deux véhicules - frontale,,,,,,,,,,,3,1,1,1.0,1.0
201800007720,0018-10-17 10:15:00,18,10,17,10,15,310,490,76 route RD820,43.74363,1.36896,Plein jour,Hors agglomération,Hors intersection,Normale,Autre collision,,,,,,,,,,,1,1,1,1.0,6.0
201800007721,0018-11-27 16:30:00,18,11,27,16,30,310,91,A 62 PK 217.500,43.72667,1.40928,Plein jour,Hors agglomération,Autre intersection,Normale,Deux véhicules - arrière,,,,,,,,,,,1,1,9,1.0,2.0
201800007722,0018-01-18 22:15:00,18,1,18,22,15,770,164,"autoroute A5, PK 027+400",48.44418,2.9051,Nuit sans éclairage public,Hors agglomération,Hors intersection,Normale,Autre collision,,,,,,,,,,,3,1,1,1.0,6.0
201800007723,0018-02-23 16:15:00,18,2,23,16,15,770,210,aire de repos les jonche,48.42794,2.92676,Plein jour,Hors agglomération,Giratoire,Normale,Sans collision,,,,,,,,,,,1,1,6,1.0,7.0
201800007724,0018-03-13 05:36:00,18,3,13,5,36,770,480,A5 - BRET. AIRE JONCHETS,48.43248,2.91989,Nuit sans éclairage public,Hors agglomération,Autre intersection,Pluie légère,Deux véhicules - arrière,,,,,,,,,,,3,1,9,2.0,2.0
201800007725,0018-04-16 15:00:00,18,4,16,15,0,770,453,autoroute A5 pk 12+300 d,48.54908,2.77913,Plein jour,Hors agglomération,Hors intersection,Normale,Autre collision,,,,,,,,,,,1,1,1,1.0,6.0
201800007726,0018-05-05 12:05:00,18,5,5,12,5,770,165,A5,48.4873,2.85145,Plein jour,Hors agglomération,Hors intersection,Normale,Sans collision,,,,,,,,,,,1,1,1,1.0,7.0
201800007727,0018-08-06 06:30:00,18,8,6,6,30,770,279,A5,48.37637,3.01951,Crépuscule ou aube,Hors agglomération,Hors intersection,Normale,Autre collision,,,,,,,,,,,2,1,1,1.0,6.0
201800007728,0018-08-27 17:24:00,18,8,27,17,24,770,293,autoroute A5 PK44+800,48.37172,3.09689,Plein jour,Hors agglomération,Hors intersection,Normale,Autre collision,,,,,,,,,,,1,1,1,1.0,6.0
201800007729,0018-11-16 19:30:00,18,11,16,19,30,770,295,A5 - PARIS PROVINCE,48.56271,2.7622,Nuit sans éclairage public,Hors agglomération,Hors intersection,Brouillard / fumée,Deux véhicules - côté,,,,,,,,,,,3,1,1,5.0,3.0
201800007730,0018-01-10 10:35:00,18,1,10,10,35,110,262,HUGO (QUAI ET PASSERELLE,43.18174,3.00749,Plein jour,En agglomération,Hors intersection,Normale,Deux véhicules - arrière,,,,,,,,,,,1,2,1,1.0,2.0
201800007731,0018-01-10 12:55:00,18,1,10,12,55,110,262,DILLON (QUAI),43.1839,3.00158,Plein jour,En agglomération,Intersection en X,Normale,Deux véhicules - côté,,,,,,,,,,,1,2,2,1.0,3.0
201800007732,0018-01-11 08:00:00,18,1,11,8,0,110,262,ESPAGNE (AVENUE D'),43.17205,2.99074,Plein jour,En agglomération,Hors intersection,Normale,Deux véhicules - arrière,,,,,,,,,,,1,2,1,1.0,2.0
201800007733,0018-01-18 20:25:00,18,1,18,20,25,110,262,SEMARD (AVENUE PIERRE),43.18881,3.00827,Nuit avec éclairage allumé,En agglomération,Hors intersection,Normale,Deux véhicules - arrière,,,,,,,,,,,5,2,1,1.0,2.0