accident_id,datetime,annee,mois,jour,heure,minute,departement,commune_insee,adresse,latitude,longitude,luminosite,agglomeration,intersection,meteo,collision,nb_vehicules,nb_usagers,nb_indemnes,nb_tues,nb_blesses_hosp,nb_blesses_legers,age_cond_1,age_cond_2,veh_type_cond_1,veh_type_cond_2,lum_code,agg_code,int_code,atm_code,col_code
201800007734,0018-01-28 17:20:00,18,1,28,17,20,110,262,POMPIDOR (AVENUE),43.18276,2.97927,Plein jour,En agglomération,Intersection en X,Normale,Deux véhicules - côté,,,,,,,,,,,1,2,2,1.0,3.0
201800007735,0018-02-06 18:49:00,18,2,6,18,49,110,262,ESPAGNE (AVENUE D'),43.17524,2.99305,Nuit avec éclairage allumé,En agglomération,Hors intersection,Pluie légère,Deux véhicules - côté,,,,,,,,,,,5,2,1,2.0,3.0
201800007736,0018-02-13 15:30:00,18,2,13,15,30,110,262,BALISTE (BOULEVARD DE),43.19368,3.02338,Plein jour,En agglomération,Hors intersection,Normale,Autre collision,,,,,,,,,,,1,2,1,1.0,6.0
201800007737,0018-02-23 11:40:00,18,2,23,11,40,110,262,FERROUL (BOULEVARD  DOCT,43.18032,3.00408,Plein jour,En agglomération,Hors intersection,Normale,Autre collision,,,,,,,,,,,1,2,1,1.0,6.0
201800007738,0018-02-28 11:30:00,18,2,28,11,30,110,262,BORDEAUX (AVENUE DE),43.18205,2.989,Plein jour,En agglomération,Hors intersection,Neige / grêle,Autre collision,,,,,,,,,,,1,2,1,4.0,6.0
201800007739,0018-03-10 17:30:00,18,3,10,17,30,110,262,BORDEAUX (AVENUE DE),43.18165,2.98168,Plein jour,En agglomération,Hors intersection,Normale,Deux véhicules - côté,,,,,,,,,,,1,2,1,1.0,3.0
201800007740,0018-03-14 18:23:00,18,3,14,18,23,110,262,TURGOT (RUE),43.18329,3.00152,Plein jour,En agglomération,Hors intersection,Normale,Deux véhicules - côté,,,,,,,,,,,1,2,1,1.0,3.0
201800007741,0018-03-20 08:00:00,18,3,20,8,0,110,262,ELYSIQUES (VOIES DES),43.18777,2.97833,Plein jour,En agglomération,Hors intersection,Normale,Autre collision,,,,,,,,,,,1,2,1,1.0,6.0
201800007742,0018-03-22 16:20:00,18,3,22,16,20,110,262,HERS (RUE DE L'),43.1882,2.97793,Plein jour,En agglomération,Intersection en X,Normale,Deux véhicules - côté,,,,,,,,,,,1,2,2,1.0,3.0
201800007743,0018-03-25 06:40:00,18,3,25,6,40,110,262,RD 6009 NARBONNE - BEZIE,43.17467,2.97429,Nuit sans éclairage public,Hors agglomération,Hors intersection,Normale,Deux véhicules - frontale,,,,,,,,,,,3,1,1,1.0,1.0
201800007744,0018-04-06 17:15:00,18,4,6,17,15,110,262,RD 6009 NARBONNE - PERPI,43.16861,2.98845,Plein jour,Hors agglomération,Hors intersection,Normale,Trois véhicules et plus - en chaîne,,,,,,,,,,,1,1,1,1.0,4.0
201800007745,0018-04-13 17:15:00,18,4,13,17,15,110,262,LECLERC (AVENUE DU GENER,43.17974,2.9962,Plein jour,En agglomération,Hors intersection,Pluie légère,Deux véhicules - côté,,,,,,,,,,,1,2,1,2.0,3.0
201800007746,0018-04-18 17:10:00,18,4,18,17,10,110,262,MISTRAL (BOULEVARD FREDE,43.18842,3.00437,Plein jour,En agglomération,Hors intersection,Normale,Autre collision,,,,,,,,,,,1,2,1,1.0,6.0
201800007747,0018-04-21 14:30:00,18,4,21,14,30,110,262,BERRE (RUE DE LA),43.18709,2.98441,Plein jour,En agglomération,Hors intersection,Normale,Autre collision,,,,,,,,,,,1,2,1,1.0,6.0
201800007748,0018-04-24 19:30:00,18,4,24,19,30,110,262,LECLERC (AVENUE DU GENER,43.17515,2.99308,Plein jour,En agglomération,Hors intersection,Normale,Autre collision,,,,,,,,,,,1,2,1,1.0,6.0
201800007749,0018-04-26 10:01:00,18,4,26,10,1,110,262,ESPAGNE (AVENUE D'),43.16941,2.98893,Plein jour,En agglomération,Hors intersection,Normale,Deux véhicules - côté,,,,,,,,,,,1,2,1,1.0,3.0
201800007750,0018-04-27 15:40:00,18,4,27,15,40,110,262,RD 6009 NARBONNE - PERPI,43.15605,2.98114,Plein jour,En agglomération,Hors intersection,Normale,Deux véhicules - arrière,,,,,,,,,,,1,2,1,1.0,2.0
201800007751,0018-04-28 23:45:00,18,4,28,23,45,110,262,RAZIMBAUD (CHEM. DE BAS,43.20068,3.02157,Nuit avec éclairage allumé,En agglomération,Hors intersection,Normale,Deux véhicules - côté,,,,,,,,,,,5,2,1,1.0,3.0
201800007752,0018-05-05 15:40:00,18,5,5,15,40,110,262,ETANGS  (AVENUE DES),43.14738,3.00465,Plein jour,Hors agglomération,Hors intersection,Normale,Deux véhicules - frontale,,,,,,,,,,,1,1,1,1.0,1.0
201800007753,0018-05-13 06:00:00,18,5,13,6,0,110,262,RD 6009 NARBONNE - BEZIE,43.20152,3.01977,Nuit avec éclairage allumé,En agglomération,Hors intersection,Pluie légère,Autre collision,,,,,,,,,,,5,2,1,2.0,6.0
201800007754,0018-05-17 11:35:00,18,5,17,11,35,110,262,JUIN (AVENUE MAREHAL),43.1812,3.01435,Plein jour,En agglomération,Hors intersection,Normale,Autre collision,,,,,,,,,,,1,2,1,1.0,6.0
201800007755,0018-05-22 12:50:00,18,5,22,12,50,110,262,EUDES (RUE EMILE),43.18234,2.98326,Plein jour,En agglomération,Intersection en T,Normale,Autre collision,,,,,,,,,,,1,2,3,1.0,6.0
201800007756,0018-05-22 22:15:00,18,5,22,22,15,110,262,BORDEAUX (AVENUE DE),43.18117,2.97105,Nuit avec éclairage allumé,En agglomération,Hors intersection,Normale,Deux véhicules - arrière,,,,,,,,,,,5,2,1,1.0,2.0
201800007757,0018-05-25 10:10:00,18,5,25,10,10,110,262,SIGAL (PLACE LOUIS),43.18507,3.01537,Plein jour,En agglomération,Hors intersection,Normale,Autre collision,,,,,,,,,,,1,2,1,1.0,6.0
201800007758,0018-05-28 09:20:00,18,5,28,9,20,110,262,RD 6009 NARBONNE - PERPI,43.17336,2.97552,Plein jour,Hors agglomération,Hors intersection,Normale,Autre collision,,,,,,,,,,,1,1,1,1.0,6.0
201800007759,0018-05-28 11:10:00,18,5,28,11,10,110,262,LACROIX (BOULEVARD DU DO,43.17999,3.00281,Plein jour,En agglomération,Hors intersection,Normale,Autre collision,,,,,,,,,,,1,2,1,1.0,6.0
201800007760,0018-05-30 14:05:00,18,5,30,14,5,110,262,LAGNELLE (CHEMIN DE PECH,43.17455,2.97451,Plein jour,En agglomération,Hors intersection,Normale,Autre collision,,,,,,,,,,,1,2,1,1.0,6.0
201800007761,0018-05-28 20:55:00,18,5,28,20,55,110,262,DE GAULLE (BOULEVARD DU,43.18556,3.00953,Plein jour,En agglomération,Hors intersection,Normale,Autre collision,,,,,,,,,,,1,2,1,1.0,6.0
201800007762,0018-06-04 07:22:00,18,6,4,7,22,110,262,BORDEAUX (AVENUE DE),43.18211,2.99006,Plein jour,En agglomération,Hors intersection,Normale,Autre collision,,,,,,,,,,,1,2,1,1.0,6.0
201800007763,0018-06-10 13:30:00,18,6,10,13,30,110,262,ESPAGNE (AVENUE D'),43.16934,2.98889,Plein jour,En agglomération,Hors intersection,Normale,Autre collision,,,,,,,,,,,1,2,1,1.0,6.0
201800007764,0018-06-12 17:55:00,18,6,12,17,55,110,262,MAYOLLE (BOULEVARD DE LA,43.1774,3.01175,Plein jour,En agglomération,Hors intersection,Normale,Autre collision,,,,,,,,,,,1,2,1,1.0,6.0
201800007765,0018-06-15 17:45:00,18,6,15,17,45,110,262,LECLERC (AVENUE DU GENER,43.17799,2.99496,Plein jour,En agglomération,Intersection en T,Normale,Deux véhicules - côté,,,,,,,,,,,1,2,3,1.0,3.0
201800007766,0018-06-24 10:05:00,18,6,24,10,5,110,262,MAZAGRAN (RUE DE),43.18043,2.99741,Plein jour,En agglomération,Intersection en X,Normale,Deux véhicules - côté,,,,,,,,,,,1,2,2,1.0,3.0
201800007767,0018-06-24 19:55:00,18,6,24,19,55,110,262,CHAUX (RUE DES FOURS A),43.18227,2.99473,Plein jour,En agglomération,Hors intersection,Normale,Deux véhicules - arrière,,,,,,,,,,,1,2,1,1.0,2.0
201800007768,0018-06-25 18:00:00,18,6,25,18,0,110,262,1848 (BOULEVARD),43.19252,3.01261,Plein jour,En agglomération,Hors intersection,Normale,Autre collision,,,,,,,,,,,1,2,1,1.0,6.0
201800007769,0018-07-05 14:55:00,18,7,5,14,55,110,262,JOFFRE (BOULEVARD MARECH,43.18361,2.99864,Plein jour,En agglomération,Hors intersection,Normale,Deux véhicules - arrière,,,,,,,,,,,1,2,1,1.0,2.0
201800007770,0018-07-04 14:45:00,18,7,4,14,45,110,262,PERPIGNAN (RUE DE L'ANCI,43.157,2.98183,Plein jour,En agglomération,Hors intersection,Normale,Autre collision,,,,,,,,,,,1,2,1,1.0,6.0
201800007771,0018-07-12 12:30:00,18,7,12,12,30,110,262,HUBERT MOULY (AVENUE),43.17997,3.01918,Plein jour,En agglomération,Hors intersection,Normale,Autre collision,,,,,,,,,,,1,2,1,1.0,6.0
201800007772,0018-07-13 17:25:00,18,7,13,17,25,110,262,RD 032 NARBONNE / GRUISS,43.17993,3.01892,Plein jour,En agglomération,Giratoire,Normale,Deux véhicules - arrière,,,,,,,,,,,1,2,6,1.0,2.0
201800007773,0018-07-23 14:20:00,18,7,23,14,20,110,262,LECLERC (AVENUE DU GENER,43.18038,2.9974,Plein jour,En agglomération,Intersection en T,Normale,Trois véhicules et plus - en chaîne,,,,,,,,,,,1,2,3,1.0,4.0
201800007774,0018-07-25 18:09:00,18,7,25,18,9,110,262,CHANZY (RUE),43.18874,3.00952,Plein jour,En agglomération,Intersection en X,Normale,Deux véhicules - côté,,,,,,,,,,,1,2,2,1.0,3.0
201800007775,0018-07-26 17:25:00,18,7,26,17,25,110,262,RUE DEMOGE,43.18048,3.02994,Plein jour,En agglomération,Intersection en X,Normale,Deux véhicules - côté,,,,,,,,,,,1,2,2,1.0,3.0
201800007776,0018-08-04 10:00:00,18,8,4,10,0,110,262,CHANZY (RUE),43.18853,3.00954,Plein jour,En agglomération,Intersection en X,Normale,Autre collision,,,,,,,,,,,1,2,2,1.0,6.0
201800007777,0018-08-08 17:40:00,18,8,8,17,40,110,262,CARNOT (AVENUE),43.19392,3.00995,Plein jour,En agglomération,Hors intersection,Normale,Sans collision,,,,,,,,,,,1,2,1,1.0,7.0
201800007778,0018-08-14 15:10:00,18,8,14,15,10,110,262,LECLERC (AVENUE DU GENER,43.17692,2.99419,Plein jour,En agglomération,Hors intersection,Normale,Autre collision,,,,,,,,,,,1,2,1,1.0,6.0
201800007779,0018-08-18 10:35:00,18,8,18,10,35,110,262,ETANGS  (AVENUE DES),43.15842,2.9932,Plein jour,En agglomération,Hors intersection,Normale,Autre collision,,,,,,,,,,,1,2,1,1.0,6.0
201800007780,0018-08-20 18:25:00,18,8,20,18,25,110,262,LACROIX (BOULEVARD DU DO,43.18074,2.9996,Plein jour,En agglomération,Hors intersection,Normale,Autre collision,,,,,,,,,,,1,2,1,1.0,6.0
201800007781,0018-08-19 06:00:00,18,8,19,6,0,110,262,RD 6009 NARBONNE - BEZIE,43.19833,2.97372,Crépuscule ou aube,Hors agglomération,Hors intersection,Normale,Autre collision,,,,,,,,,,,2,1,1,1.0,6.0
201800007782,0018-08-25 11:50:00,18,8,25,11,50,110,262,RD 6009 NARBONNE - PERPI,43.16678,2.98731,Plein jour,Hors agglomération,Hors intersection,Normale,Autre collision,,,,,,,,,,,1,1,1,1.0,6.0
201800007783,0018-08-31 14:05:00,18,8,31,14,5,110,262,MALACHITE (RUE DE LA),43.19838,3.02007,Plein jour,En agglomération,Hors intersection,Normale,Autre collision,,,,,,,,,,,1,2,1,1.0,6.0
201800007784,0018-09-02 18:45:00,18,9,2,18,45,110,262,AUGE (BOULEVARD DU DR LE,43.18717,3.00159,Plein jour,En agglomération,Hors intersection,Normale,Autre collision,,,,,,,,,,,1,2,1,1.0,6.0
201800007785,0018-09-03 17:31:00,18,9,3,17,31,110,262,JUIN (AVENUE MAREHAL),43.1828,3.01558,Plein jour,En agglomération,Intersection en X,Normale,Autre collision,,,,,,,,,,,1,2,2,1.0,6.0
201800007786,0018-09-11 09:40:00,18,9,11,9,40,110,262,JACINTHES (RUE DES),43.18527,3.02324,Plein jour,En agglomération,Hors intersection,Normale,Autre collision,,,,,,,,,,,1,2,1,1.0,6.0
201800007787,0018-09-14 07:05:00,18,9,14,7,5,110,262,JAURES (RUE JEAN),43.18485,3.0094,Crépuscule ou aube,En agglomération,Hors intersection,Normale,Autre collision,,,,,,,,,,,2,2,1,1.0,6.0
201800007788,0018-09-13 17:45:00,18,9,13,17,45,110,262,ESPAGNE (AVENUE D'),43.16939,2.98887,Plein jour,En agglomération,Hors intersection,Normale,Autre collision,,,,,,,,,,,1,2,1,1.0,6.0
201800007789,0018-09-16 02:00:00,18,9,16,2,0,110,262,MARCORIGNAN (ROUTE DE),43.18964,2.98532,Nuit avec éclairage allumé,Hors agglomération,Giratoire,Normale,Autre collision,,,,,,,,,,,5,1,6,1.0,6.0
201800007790,0018-09-17 12:40:00,18,9,17,12,40,110,262,DE GAULLE (BOULEVARD DU,43.18696,3.00837,Plein jour,En agglomération,Giratoire,Normale,Deux véhicules - côté,,,,,,,,,,,1,2,6,1.0,3.0
201800007791,0018-09-18 17:10:00,18,9,18,17,10,110,262,THERMES (RUE DES),43.18846,3.00521,Plein jour,En agglomération,Intersection en X,Normale,Autre collision,,,,,,,,,,,1,2,2,1.0,6.0
201800007792,0018-09-19 10:00:00,18,9,19,10,0,110,262,LORRAINE (QUAI DE),43.18811,2.99635,Plein jour,En agglomération,Hors intersection,Normale,Deux véhicules - côté,,,,,,,,,,,1,2,1,1.0,3.0
201800007793,0018-09-19 18:06:00,18,9,19,18,6,110,262,FRANCE (AVENUE ANATOLE),43.18693,2.99124,Plein jour,En agglomération,Hors intersection,Normale,Autre collision,,,,,,,,,,,1,2,1,1.0,6.0
201800007794,0018-09-26 09:36:00,18,9,26,9,36,110,262,RD 6113 NARBONNE - CARCA,43.1806,2.95947,Plein jour,Hors agglomération,Hors intersection,Normale,Autre collision,,,,,,,,,,,1,1,1,1.0,6.0
201800007795,0018-09-21 09:00:00,18,9,21,9,0,110,262,TOULOUSE (AVENUE DE),43.1824,2.99706,Plein jour,En agglomération,Hors intersection,Normale,Autre collision,,,,,,,,,,,1,2,1,1.0,6.0
201800007796,0018-10-04 15:49:00,18,10,4,15,49,110,262,CREISSEL (BOULEVARD DE),43.17663,3.02764,Plein jour,En agglomération,Hors intersection,Normale,Autre collision,,,,,,,,,,,1,2,1,1.0,6.0
201800007797,0018-10-03 17:05:00,18,10,3,17,5,110,262,FRANCE (AVENUE ANATOLE),43.18464,2.99479,Plein jour,En agglomération,Intersection en T,Normale,Deux véhicules - côté,,,,,,,,,,,1,2,3,1.0,3.0
201800007798,0018-10-10 14:40:00,18,10,10,14,40,110,262,ELYSIQUES (VOIES DES),43.18717,2.98321,Plein jour,En agglomération,Intersection en T,Normale,Deux véhicules - côté,,,,,,,,,,,1,2,3,1.0,3.0
201800007799,0018-10-16 12:12:00,18,10,16,12,12,110,262,CROIX SUD (AVENUE DE),43.16025,2.987,Plein jour,En agglomération,Intersection en T,Pluie forte,Deux véhicules - côté,,,,,,,,,,,1,2,3,3.0,3.0
201800007800,0018-10-21 17:32:00,18,10,21,17,32,110,262,ESPAGNE (AVENUE D'),43.16954,2.98902,Plein jour,En agglomération,Hors intersection,Normale,Autre collision,,,,,,,,,,,1,2,1,1.0,6.0
201800007801,0018-10-19 21:10:00,18,10,19,21,10,110,262,AUGE (BOULEVARD DR LEON),43.18697,3.00136,Nuit avec éclairage allumé,En agglomération,Hors intersection,Normale,Autre collision,,,,,,,,,,,5,2,1,1.0,6.0
201800007802,0018-10-19 08:35:00,18,10,19,8,35,110,262,ESPAGNE (AVENUE D'),43.16927,2.98903,Plein jour,En agglomération,Hors intersection,Normale,Deux véhicules - arrière,,,,,,,,,,,1,2,1,1.0,2.0
201800007803,0018-10-25 17:10:00,18,10,25,17,10,110,262,GAMBETTA (BOULEVARD),43.18312,3.00788,Plein jour,En agglomération,Hors intersection,Normale,Deux véhicules - arrière,,,,,,,,,,,1,2,1,1.0,2.0
201800007804,0018-10-27 00:50:00,18,10,27,0,50,110,262,ESPAGNE (AVENUE D'),43.16768,2.98802,Nuit avec éclairage allumé,En agglomération,Giratoire,Normale,Autre collision,,,,,,,,,,,5,2,6,1.0,6.0
201800007805,0018-10-30 21:05:00,18,10,30,21,5,110,262,1848 (BOULEVARD),43.19164,3.01495,Nuit avec éclairage allumé,En agglomération,Intersection en T,Normale,Deux véhicules - côté,,,,,,,,,,,5,2,3,1.0,3.0
201800007806,0018-10-30 14:50:00,18,10,30,14,50,110,262,MAZAGRAN (RUE DE),43.18041,2.99737,Plein jour,En agglomération,Intersection en X,Pluie légère,Deux véhicules - côté,,,,,,,,,,,1,2,2,2.0,3.0
201800007807,0018-11-01 19:00:00,18,11,1,19,0,110,262,RD 032 NARBONNE / GRUISS,43.18018,3.01854,Nuit avec éclairage allumé,En agglomération,Giratoire,Normale,Autre collision,,,,,,,,,,,5,2,6,1.0,6.0
201800007808,0018-11-05 12:05:00,18,11,5,12,5,110,262,1848 (BOULEVARD),43.19065,3.01794,Plein jour,En agglomération,Intersection en Y,Normale,Autre collision,,,,,,,,,,,1,2,4,1.0,6.0
201800007809,0018-11-05 16:15:00,18,11,5,16,15,110,262,1830 (BOULEVARD),43.19003,3.0188,Plein jour,En agglomération,Hors intersection,Normale,Autre collision,,,,,,,,,,,1,2,1,1.0,6.0
201800007810,0018-11-16 14:50:00,18,11,16,14,50,110,262,1848 (BOULEVARD),43.19003,3.01773,Plein jour,En agglomération,Hors intersection,Normale,Autre collision,,,,,,,,,,,1,2,1,1.0,6.0
201800007811,0018-11-19 13:50:00,18,11,19,13,50,110,262,HUBERT MOULY (AVENUE),43.18055,3.03581,Plein jour,En agglomération,Giratoire,Temps couvert,Autre collision,,,,,,,,,,,1,2,6,8.0,6.0
201800007812,0018-11-20 11:48:00,18,11,20,11,48,110,262,LECLERC (AVENUE DU GENER,43.17472,2.99267,Plein jour,En agglomération,Intersection en T,Normale,Autre collision,,,,,,,,,,,1,2,3,1.0,6.0
201800007813,0018-11-30 11:49:00,18,11,30,11,49,110,262,BORDEAUX (AVENUE DE),43.18193,2.98838,Plein jour,En agglomération,Hors intersection,Pluie légère,Autre collision,,,,,,,,,,,1,2,1,2.0,6.0
201800007814,0018-12-13 18:25:00,18,12,13,18,25,110,262,ELYSIQUES (VOIES DES),43.18572,2.98274,Crépuscule ou aube,En agglomération,Hors intersection,Pluie légère,Autre collision,,,,,,,,,,,2,2,1,2.0,6.0
201800007815,0018-12-13 07:50:00,18,12,13,7,50,110,262,JOFFRE (BOULEVARD MARECH,43.18493,3.00042,Crépuscule ou aube,En agglomération,Intersection en T,Normale,Deux véhicules - côté,,,,,,,,,,,2,2,3,1.0,3.0
201800007816,0018-12-14 07:30:00,18,12,14,7,30,110,262,MISTRAL (BOULEVARD FREDE,43.1851,3.00059,Crépuscule ou aube,En agglomération,Hors intersection,Normale,Autre collision,,,,,,,,,,,2,2,1,1.0,6.0
201800007817,0018-12-18 17:35:00,18,12,18,17,35,110,262,AUGE (BOULEVARD DU DR LE,43.18623,3.0005,Crépuscule ou aube,En agglomération,Hors intersection,Normale,Deux véhicules - arrière,,,,,,,,,,,2,2,1,1.0,2.0
201800007818,0018-12-19 15:55:00,18,12,19,15,55,110,262,ESPAGNE (AVENUE D'),43.16873,2.9885,Plein jour,En agglomération,Hors intersection,Normale,Trois véhicules et plus - en chaîne,,,,,,,,,,,1,2,1,1.0,4.0
201800007819,0018-12-28 18:43:00,18,12,28,18,43,110,262,MALARD (BOULEVARD DE),43.18593,3.03211,Nuit avec éclairage allumé,En agglomération,Hors intersection,Normale,Deux véhicules - arrière,,,,,,,,,,,5,2,1,1.0,2.0
201800007820,0018-01-20 15:00:00,18,1,20,15,0,600,265,A16,49.57166,2.19977,Plein jour,Hors agglomération,Hors intersection,Pluie légère,Sans collision,,,,,,,,,,,1,1,1,2.0,7.0
201800007821,0018-01-20 20:22:00,18,1,20,20,22,600,377,Autoroute A16 PK91+250,49.59337,2.20254,Nuit sans éclairage public,Hors agglomération,Hors intersection,Pluie forte,Deux véhicules - arrière,,,,,,,,,,,3,1,1,3.0,2.0
201800007822,0018-01-23 23:40:00,18,1,23,23,40,600,10,Autoroute A16,49.21211,2.14824,Nuit sans éclairage public,Hors agglomération,Autre intersection,Pluie légère,Sans collision,,,,,,,,,,,3,1,9,2.0,7.0
201800007823,0018-02-08 08:30:00,18,2,8,8,30,600,30,Autoroute A16 PK59+600,49.34287,2.10642,Plein jour,Hors agglomération,Hors intersection,Normale,Deux véhicules - arrière,,,,,,,,,,,1,1,1,1.0,2.0
201800007824,0018-03-22 01:30:00,18,3,22,1,30,950,313,A16,49.1231,2.2531,Nuit sans éclairage public,En agglomération,Hors intersection,Normale,Sans collision,,,,,,,,,,,3,2,1,1.0,7.0
201800007825,0018-05-24 09:35:00,18,5,24,9,35,600,598,PK 63+600 SENS BOULOGNE>,49.34977,2.12462,Plein jour,Hors agglomération,Hors intersection,Temps couvert,Deux véhicules - arrière,,,,,,,,,,,1,1,1,8.0,2.0
201800007826,0018-07-16 12:35:00,18,7,16,12,35,600,570,A16 - PK 050.800,49.2727,2.08714,Plein jour,Hors agglomération,Hors intersection,Normale,Autre collision,,,,,,,,,,,1,1,1,1.0,6.0
201800007827,0018-10-18 09:00:00,18,10,18,9,0,950,313,Autoroute A 16,49.1147,2.2535,Plein jour,Hors agglomération,Hors intersection,Normale,Deux véhicules - côté,,,,,,,,,,,1,1,1,1.0,3.0
201800007828,0018-11-25 07:30:00,18,11,25,7,30,600,57,Autoroute A16 Pk 71.600,49.42048,2.1258,Nuit sans éclairage public,Hors agglomération,Hors intersection,Normale,Deux véhicules - arrière,,,,,,,,,,,3,1,1,1.0,2.0
201800007829,0018-03-10 11:30:00,18,3,10,11,30,130,91,PLACE GAMBETTA,43.62068,5.2982,Plein jour,En agglomération,Hors intersection,Normale,Autre collision,,,,,,,,,,,1,2,1,1.0,6.0
201800007830,0018-09-28 09:40:00,18,9,28,9,40,130,50,Montée d'Aix - Parking d,43.65206,5.26391,Plein jour,En agglomération,Autre intersection,Normale,Autre collision,,,,,,,,,,,1,2,9,1.0,6.0
201800007831,0018-10-28 12:15:00,18,10,28,12,15,130,50,RD 15,43.64924,5.25802,Plein jour,Hors agglomération,Hors intersection,Normale,Deux véhicules - frontale,,,,,,,,,,,1,1,1,1.0,1.0
201800007832,0018-11-23 07:15:00,18,11,23,7,15,130,91,RD7n PK44+300,43.63576,5.28039,Crépuscule ou aube,Hors agglomération,Hors intersection,Pluie forte,Autre collision,,,,,,,,,,,2,1,1,3.0,6.0
201800007833,0018-12-04 16:20:00,18,12,4,16,20,130,50,D7N,43.65006,5.27376,Plein jour,Hors agglomération,Hors intersection,Normale,Deux véhicules - arrière,,,,,,,,,,,1,1,1,1.0,2.0
201800007834,0018-03-18 05:30:00,18,3,18,5,30,300,333,137 Avenue Robert de Jol,43.75285,4.26214,Nuit avec éclairage allumé,En agglomération,Hors intersection,Normale,Autre collision,,,,,,,,,,,5,2,1,1.0,6.0
201800007835,0018-05-03 19:00:00,18,5,3,19,0,300,36,14 route nationale 113,43.77227,4.28228,Plein jour,En agglomération,Hors intersection,Normale,Deux véhicules - côté,,,,,,,,,,,1,2,1,1.0,3.0
201800007836,0018-05-06 07:00:00,18,5,6,7,0,300,169,RN 113,43.78256,4.30258,Plein jour,En agglomération,Hors intersection,Normale,Autre collision,,,,,,,,,,,1,2,1,1.0,6.0
201800007837,0018-06-06 14:20:00,18,6,6,14,20,300,169,Rond point de MILHAUD RN,43.80183,4.29046,Plein jour,En agglomération,Giratoire,Normale,Sans collision,,,,,,,,,,,1,2,6,1.0,7.0
201800007838,0018-06-19 04:50:00,18,6,19,4,50,300,169,1520 route de Nîmes,43.80157,4.3188,Nuit sans éclairage public,Hors agglomération,Hors intersection,Normale,Autre collision,,,,,,,,,,,3,1,1,1.0,6.0
201800007839,0018-07-31 15:05:00,18,7,31,15,5,300,169,route nationale 113,43.78949,4.31858,Plein jour,Hors agglomération,Hors intersection,Normale,Deux véhicules - côté,,,,,,,,,,,1,1,1,1.0,3.0
201800007840,0018-08-17 16:00:00,18,8,17,16,0,300,36,RN 6113,43.7782,4.28957,Plein jour,Hors agglomération,Hors intersection,Normale,Autre collision,,,,,,,,,,,1,1,1,1.0,6.0
201800007841,0018-09-04 18:50:00,18,9,4,18,50,300,169,RD 262,43.7593,4.33735,Plein jour,Hors agglomération,Hors intersection,Normale,Deux véhicules - frontale,,,,,,,,,,,1,1,1,1.0,1.0
201800007842,0018-09-08 01:20:00,18,9,8,1,20,300,169,Route nationale 113,43.79461,4.31857,Nuit sans éclairage public,Hors agglomération,Hors intersection,Normale,Autre collision,,,,,,,,,,,3,1,1,1.0,6.0
201800007843,0018-09-12 08:40:00,18,9,12,8,40,300,347,"RN 113, zac cante cigale",43.74247,4.24799,Plein jour,Hors agglomération,Hors intersection,Normale,Deux véhicules - arrière,,,,,,,,,,,1,1,1,1.0,2.0
201800007844,0018-10-18 17:50:00,18,10,18,17,50,300,36,RN113,43.76839,4.27867,Plein jour,Hors agglomération,Hors intersection,Temps couvert,Deux véhicules - côté,,,,,,,,,,,1,1,1,8.0,3.0
201800007845,0018-10-29 07:20:00,18,10,29,7,20,300,347,CD 135 chemin des canaux,43.72357,4.26993,Crépuscule ou aube,Hors agglomération,Hors intersection,Pluie forte,Deux véhicules - frontale,,,,,,,,,,,2,1,1,3.0,1.0
201800007846,0018-11-24 10:00:00,18,11,24,10,0,300,169,Rue de la Gare,43.79011,4.30554,Plein jour,En agglomération,Intersection en T,Temps éblouissant,Autre collision,,,,,,,,,,,1,2,3,7.0,6.0
201800007847,0018-11-26 07:45:00,18,11,26,7,45,300,36,route nationale 113,43.77085,4.28122,Crépuscule ou aube,Hors agglomération,Hors intersection,Autre,Deux véhicules - côté,,,,,,,,,,,2,1,1,9.0,3.0
201800007848,0018-11-30 04:45:00,18,11,30,4,45,300,20,cd 135,43.76252,4.31733,Nuit sans éclairage public,Hors agglomération,Hors intersection,Pluie forte,Deux véhicules - frontale,,,,,,,,,,,3,1,1,3.0,1.0
201800007849,0018-12-01 21:00:00,18,12,1,21,0,300,36,cd 135,43.77227,4.28228,Nuit sans éclairage public,Hors agglomération,Hors intersection,Normale,Deux véhicules - frontale,,,,,,,,,,,3,1,1,1.0,1.0
201800007850,0018-12-02 04:00:00,18,12,2,4,0,300,36,27 ROUTE DE NIMES,43.77123,4.28815,Nuit avec éclairage allumé,En agglomération,Hors intersection,Pluie légère,Autre collision,,,,,,,,,,,5,2,1,2.0,6.0
201800007851,0018-01-28 02:40:00,18,1,28,2,40,310,107,Autoroute A64,43.31566,1.21034,Nuit sans éclairage public,Hors agglomération,Hors intersection,Brouillard / fumée,Sans collision,,,,,,,,,,,3,1,1,5.0,7.0
201800007852,0018-02-06 17:35:00,18,2,6,17,35,310,181,A64,43.40402,1.29184,Plein jour,Hors agglomération,Hors intersection,Normale,Deux véhicules - arrière,,,,,,,,,,,1,1,1,1.0,2.0
201800007853,0018-02-10 06:40:00,18,2,10,6,40,310,107,"autoroute A-64, Point Ki",43.32685,1.22914,Nuit sans éclairage public,Hors agglomération,Hors intersection,Temps couvert,Deux véhicules - arrière,,,,,,,,,,,3,1,1,8.0,2.0
201800007854,0018-02-23 19:00:00,18,2,23,19,0,310,395,A64,43.44166,1.30817,Nuit sans éclairage public,Hors agglomération,Hors intersection,Normale,Trois véhicules et plus - en chaîne,,,,,,,,,,,3,1,1,1.0,4.0