accident_id,datetime,annee,mois,jour,heure,minute,departement,commune_insee,adresse,latitude,longitude,luminosite,agglomeration,intersection,meteo,collision,nb_vehicules,nb_usagers,nb_indemnes,nb_tues,nb_blesses_hosp,nb_blesses_legers,age_cond_1,age_cond_2,veh_type_cond_1,veh_type_cond_2,lum_code,agg_code,int_code,atm_code,col_code
201800008098,0018-11-27 15:40:00,18,11,27,15,40,130,1,MALOUESSE HAUT DE (CH),43.48517,5.44463,Plein jour,Hors agglomération,Intersection en T,Normale,Deux véhicules - côté,,,,,,,,,,,1,1,3,1.0,3.0
201800008099,0018-11-29 22:00:00,18,11,29,22,0,130,1,BREDASQUE (AV DE LA),43.53565,5.41301,Nuit avec éclairage allumé,En agglomération,Hors intersection,Normale,Deux véhicules - frontale,,,,,,,,,,,5,2,1,1.0,1.0
201800008100,0018-12-01 17:45:00,18,12,1,17,45,130,1,ST CANADET (ROUTE) D13,43.5675,5.45692,Crépuscule ou aube,En agglomération,Intersection en T,Normale,Deux véhicules - côté,,,,,,,,,,,2,2,3,1.0,3.0
201800008101,0018-12-06 07:10:00,18,12,6,7,10,130,1,JUVENAL MAX (AV),43.52501,5.43793,Nuit avec éclairage allumé,En agglomération,Hors intersection,Normale,Sans collision,,,,,,,,,,,5,2,1,1.0,7.0
201800008102,0018-12-01 14:35:00,18,12,1,14,35,130,1,MALACRIDA HENRI (AV),43.51246,5.47247,Plein jour,En agglomération,Intersection en T,Normale,Deux véhicules - côté,,,,,,,,,,,1,2,3,1.0,3.0
201800008103,0018-12-05 09:00:00,18,12,5,9,0,130,1,BERRE (ROUTE DE),43.53779,5.38186,Plein jour,Hors agglomération,Hors intersection,Temps éblouissant,Deux véhicules - frontale,,,,,,,,,,,1,1,1,7.0,1.0
201800008104,0018-12-16 21:10:00,18,12,16,21,10,130,1,RN 296,43.55026,5.43226,Nuit sans éclairage public,En agglomération,Hors intersection,Pluie légère,Sans collision,,,,,,,,,,,3,2,1,2.0,7.0
201800008105,0018-12-25 22:00:00,18,12,25,22,0,130,1,RD 9,43.50597,5.40247,Nuit sans éclairage public,En agglomération,Hors intersection,Normale,Sans collision,,,,,,,,,,,3,2,1,1.0,7.0
201800008106,0018-12-19 19:45:00,18,12,19,19,45,130,1,BERTHELOT MARCELIN (RUE),43.49188,5.3699,Nuit avec éclairage allumé,En agglomération,Autre intersection,Normale,Deux véhicules - côté,,,,,,,,,,,5,2,9,1.0,3.0
201800008107,0018-12-28 15:00:00,18,12,28,15,0,130,4,RTE DE TARASCON,43.71593,4.63582,Plein jour,Hors agglomération,Hors intersection,Normale,Autre collision,,,,,,,,,,,1,1,1,1.0,6.0
201800008108,0018-02-01 11:50:00,18,2,1,11,50,130,4,D570N AVIGNON STES MA,43.68992,4.64392,Plein jour,En agglomération,Hors intersection,Pluie légère,Deux véhicules - frontale,,,,,,,,,,,1,2,1,2.0,1.0
201800008109,0018-02-01 11:40:00,18,2,1,11,40,130,4,13 Route de Marseille,43.66369,4.6487,Plein jour,En agglomération,Intersection en X,Pluie légère,Deux véhicules - côté,,,,,,,,,,,1,2,2,2.0,3.0
201800008110,0018-02-03 13:55:00,18,2,3,13,55,130,4,"25, AV SADI CARNOT",43.67306,4.62348,Plein jour,En agglomération,Intersection en T,Temps couvert,Trois véhicules et plus - collisions multiples,,,,,,,,,,,1,2,3,8.0,5.0
201800008111,0018-02-07 11:45:00,18,2,7,11,45,130,4,"73, RUE PORTAGNEL",43.67828,4.63322,Plein jour,En agglomération,Intersection en T,Normale,Autre collision,,,,,,,,,,,1,2,3,1.0,6.0
201800008112,0018-02-15 08:05:00,18,2,15,8,5,130,4,RTE N113 MARSEILLE A BOR,43.67448,4.61987,Crépuscule ou aube,En agglomération,Hors intersection,Normale,Deux véhicules - côté,,,,,,,,,,,2,2,1,1.0,3.0
201800008113,0018-03-02 13:55:00,18,3,2,13,55,130,4,RTE N113 MARSEILLE A BOR,43.68212,4.60731,Plein jour,En agglomération,Intersection en Y,Normale,Deux véhicules - côté,,,,,,,,,,,1,2,4,1.0,3.0
201800008114,0018-03-26 11:45:00,18,3,26,11,45,130,4,RTE N570 AVIGNON STES MA,43.73456,4.66794,Plein jour,Hors agglomération,Hors intersection,Normale,Trois véhicules et plus - collisions multiples,,,,,,,,,,,1,1,1,1.0,5.0
201800008115,0018-04-11 22:10:00,18,4,11,22,10,130,4,D570N,43.69072,4.64355,Nuit avec éclairage non allumé,Hors agglomération,Giratoire,Pluie légère,Deux véhicules - côté,,,,,,,,,,,4,1,6,2.0,3.0
201800008116,0018-04-19 22:30:00,18,4,19,22,30,130,4,RUE SEVERINE,43.68767,4.63488,Nuit avec éclairage allumé,En agglomération,Autre intersection,Normale,Deux véhicules - côté,,,,,,,,,,,5,2,9,1.0,3.0
201800008117,0018-04-17 18:10:00,18,4,17,18,10,130,4,RTE N113 MARSEILLE A BOR,43.67462,4.61964,Plein jour,Hors agglomération,Hors intersection,Normale,Deux véhicules - arrière,,,,,,,,,,,1,1,1,1.0,2.0
201800008118,0018-06-14 17:56:00,18,6,14,17,56,130,4,AV STALINGRAD,43.69413,4.63995,Plein jour,En agglomération,Hors intersection,Normale,Autre collision,,,,,,,,,,,1,2,1,1.0,6.0
201800008119,0018-06-26 08:15:00,18,6,26,8,15,130,4,Avenue STALINGRAD,43.68814,4.63587,Plein jour,En agglomération,Hors intersection,Normale,Autre collision,,,,,,,,,,,1,2,1,1.0,6.0
201800008120,0018-09-07 22:40:00,18,9,7,22,40,130,4,AV MARECHAL LECLERC,43.67322,4.62527,Nuit avec éclairage allumé,En agglomération,Hors intersection,Normale,Autre collision,,,,,,,,,,,5,2,1,1.0,6.0
201800008121,0018-09-06 11:24:00,18,9,6,11,24,130,4,RTE N113 MARSEILLE A BOR,43.65993,4.63911,Plein jour,Hors agglomération,Hors intersection,Pluie forte,Deux véhicules - frontale,,,,,,,,,,,1,1,1,3.0,1.0
201800008122,0018-09-21 09:35:00,18,9,21,9,35,130,4,RTE DES SAINTES MARIES,43.67089,4.60466,Plein jour,Hors agglomération,Hors intersection,Normale,Deux véhicules - arrière,,,,,,,,,,,1,1,1,1.0,2.0
201800008123,0018-09-21 09:30:00,18,9,21,9,30,130,4,PL DE LA REPUBLIQUE,43.67651,4.62777,Plein jour,En agglomération,Hors intersection,Normale,Autre collision,,,,,,,,,,,1,2,1,1.0,6.0
201800008124,0018-10-06 17:45:00,18,10,6,17,45,130,4,RTE DE LA CRAU RAPHELE,43.65337,4.67092,Plein jour,Hors agglomération,Hors intersection,Normale,Deux véhicules - arrière,,,,,,,,,,,1,1,1,1.0,2.0
201800008125,0018-10-16 08:30:00,18,10,16,8,30,130,4,RUE COPERNIC,43.70211,4.63411,Plein jour,En agglomération,Autre intersection,Normale,Deux véhicules - arrière,,,,,,,,,,,1,2,9,1.0,2.0
201800008126,0018-10-29 00:40:00,18,10,29,0,40,130,4,RTE N570 AVIGNON STES MA,43.73093,4.66351,Nuit sans éclairage public,Hors agglomération,Hors intersection,Pluie légère,Sans collision,,,,,,,,,,,3,1,1,2.0,7.0
201800008127,0018-10-30 07:20:00,18,10,30,7,20,130,4,RUE GAMBETTA,43.675,4.6251,Plein jour,En agglomération,Intersection en X,Normale,Deux véhicules - frontale,,,,,,,,,,,1,2,2,1.0,1.0
201800008128,0018-11-06 18:39:00,18,11,6,18,39,130,4,AV PRESIDENT SALVADOR AL,43.66828,4.61332,Nuit avec éclairage allumé,En agglomération,Hors intersection,Normale,Autre collision,,,,,,,,,,,5,2,1,1.0,6.0
201800008129,0018-11-11 18:00:00,18,11,11,18,0,130,4,AV LOUIS VISSAC,43.66389,4.61837,Nuit avec éclairage allumé,En agglomération,Hors intersection,Normale,Deux véhicules - arrière,,,,,,,,,,,5,2,1,1.0,2.0
201800008130,0018-11-18 07:10:00,18,11,18,7,10,130,4,RTE DE CRAU,43.64978,4.6821,Crépuscule ou aube,Hors agglomération,Hors intersection,Normale,Deux véhicules - frontale,,,,,,,,,,,2,1,1,1.0,1.0
201800008131,0018-11-16 10:10:00,18,11,16,10,10,130,4,RUE EMILE FASSIN,43.67365,4.63165,Plein jour,En agglomération,Hors intersection,Normale,Autre collision,,,,,,,,,,,1,2,1,1.0,6.0
201800008132,0018-11-23 11:05:00,18,11,23,11,5,130,4,AV STALINGRAD,43.69413,4.63992,Plein jour,En agglomération,Hors intersection,Normale,Deux véhicules - côté,,,,,,,,,,,1,2,1,1.0,3.0
201800008133,0018-12-27 16:30:00,18,12,27,16,30,130,4,AV STALINGRAD,43.69865,4.64315,Crépuscule ou aube,En agglomération,Giratoire,Normale,Deux véhicules - arrière,,,,,,,,,,,2,2,6,1.0,2.0
201800008134,0018-01-05 22:30:00,18,1,5,22,30,130,5,"3515, CD 2 (CAMP MAJOR)",43.28814,5.52471,Nuit avec éclairage allumé,En agglomération,Intersection en T,Normale,Deux véhicules - côté,,,,,,,,,,,5,2,3,1.0,3.0
201800008135,0018-01-17 10:20:00,18,1,17,10,20,130,5,JAURES (BOULEVARD JEAN),43.29205,5.56885,Plein jour,En agglomération,Intersection en T,Normale,Autre collision,,,,,,,,,,,1,2,3,1.0,6.0
201800008136,0018-01-19 09:50:00,18,1,19,9,50,130,5,"40, PAGNOL (AVENUE MARCE",43.2964,5.56897,Plein jour,En agglomération,Hors intersection,Normale,Autre collision,,,,,,,,,,,1,2,1,1.0,6.0
201800008137,0018-01-20 17:55:00,18,1,20,17,55,130,5,Ch des Bonnes Nouvelles,43.29166,5.59116,Nuit sans éclairage public,En agglomération,Hors intersection,Pluie légère,Autre collision,,,,,,,,,,,3,2,1,2.0,6.0
201800008138,0018-01-25 18:10:00,18,1,25,18,10,130,5,"0, RN 396 (ROUTE NATIONA",43.30866,5.6081,Nuit avec éclairage allumé,Hors agglomération,Intersection en X,Normale,Deux véhicules - frontale,,,,,,,,,,,5,1,2,1.0,1.0
201800008139,0018-01-28 09:30:00,18,1,28,9,30,130,70,"30, VOLTAIRE (BOULEVARD)",43.28227,5.50846,Plein jour,En agglomération,Hors intersection,Normale,Autre collision,,,,,,,,,,,1,2,1,1.0,6.0
201800008140,0018-02-01 11:30:00,18,2,1,11,30,130,5,FAIENCIERS (ALLEE DES),43.29474,5.56991,Plein jour,En agglomération,Intersection en T,Pluie légère,Autre collision,,,,,,,,,,,1,2,3,2.0,6.0
201800008141,0018-02-02 11:00:00,18,2,2,11,0,130,5,14 Av de Verdun,43.28787,5.57819,Plein jour,En agglomération,Hors intersection,Normale,Deux véhicules - côté,,,,,,,,,,,1,2,1,1.0,3.0
201800008142,0018-02-03 19:30:00,18,2,3,19,30,130,5,635 D8N,43.28565,5.55459,Nuit avec éclairage allumé,En agglomération,Hors intersection,Normale,Deux véhicules - côté,,,,,,,,,,,5,2,1,1.0,3.0
201800008143,0018-02-11 08:03:00,18,2,11,8,3,130,5,948 Av des Paluds,43.29039,5.59583,Plein jour,En agglomération,Hors intersection,Normale,Deux véhicules - frontale,,,,,,,,,,,1,2,1,1.0,1.0
201800008144,0018-02-12 15:00:00,18,2,12,15,0,130,5,Traverse de la Vallée,43.2908,5.55742,Plein jour,En agglomération,Autre intersection,Normale,Autre collision,,,,,,,,,,,1,2,9,1.0,6.0
201800008145,0018-02-22 21:40:00,18,2,22,21,40,130,70,"185, VOLTAIRE (BOULEVARD",43.28312,5.50532,Nuit avec éclairage allumé,En agglomération,Intersection en T,Normale,Deux véhicules - côté,,,,,,,,,,,5,2,3,1.0,3.0
201800008146,0018-02-24 17:20:00,18,2,24,17,20,130,5,AVELANEDE (CHEMIN DE L'),43.29808,5.59068,Plein jour,En agglomération,Giratoire,Pluie légère,Deux véhicules - côté,,,,,,,,,,,1,2,6,2.0,3.0
201800008147,0018-02-27 11:10:00,18,2,27,11,10,130,5,(Z.I. DES ) PALUDS,43.2947,5.59618,Plein jour,Hors agglomération,Hors intersection,Normale,Autre collision,,,,,,,,,,,1,1,1,1.0,6.0
201800008148,0018-03-03 15:20:00,18,3,3,15,20,130,5,"553, RN 396 (ROUTE NATIO",43.30736,5.57504,Plein jour,En agglomération,Intersection en T,Normale,Sans collision,,,,,,,,,,,1,2,3,1.0,7.0
201800008149,0018-03-08 17:45:00,18,3,8,17,45,130,5,AVELANEDE (CHEMIN DE L'),43.28766,5.58718,Plein jour,En agglomération,Hors intersection,Normale,Deux véhicules - côté,,,,,,,,,,,1,2,1,1.0,3.0
201800008150,0018-03-12 08:11:00,18,3,12,8,11,130,5,635 D8N,43.28567,5.55469,Plein jour,En agglomération,Hors intersection,Normale,Deux véhicules - côté,,,,,,,,,,,1,2,1,1.0,3.0
201800008151,0018-03-15 11:45:00,18,3,15,11,45,130,5,301 Ch de St Joseph,43.28897,5.58264,Plein jour,En agglomération,Hors intersection,Pluie forte,Deux véhicules - frontale,,,,,,,,,,,1,2,1,3.0,1.0
201800008152,0018-03-23 18:10:00,18,3,23,18,10,130,5,"1055, VALLEE (CHEMIN DE",43.28566,5.53245,Plein jour,En agglomération,Hors intersection,Normale,Deux véhicules - côté,,,,,,,,,,,1,2,1,1.0,3.0
201800008153,0018-03-29 20:40:00,18,3,29,20,40,130,5,2096 Route d'Eoures,43.30734,5.55119,Nuit avec éclairage allumé,Hors agglomération,Hors intersection,Normale,Deux véhicules - côté,,,,,,,,,,,5,1,1,1.0,3.0
201800008154,0018-04-04 09:40:00,18,4,4,9,40,130,5,1795 Camp Major,43.28805,5.53954,Plein jour,En agglomération,Hors intersection,Normale,Deux véhicules - frontale,,,,,,,,,,,1,2,1,1.0,1.0
201800008155,0018-04-06 18:00:00,18,4,6,18,0,130,5,RN 8,43.28629,5.58735,Plein jour,En agglomération,Intersection en Y,Normale,Deux véhicules - côté,,,,,,,,,,,1,2,4,1.0,3.0
201800008156,0018-04-11 09:30:00,18,4,11,9,30,130,5,MUSCATELLE (ALLEE DE LA),43.28808,5.52341,Plein jour,En agglomération,Intersection en T,Pluie forte,Deux véhicules - côté,,,,,,,,,,,1,2,3,3.0,3.0
201800008157,0018-04-19 19:00:00,18,4,19,19,0,130,5,THUILIERE (CHEMIN DE LA,43.29353,5.55404,Plein jour,Hors agglomération,Intersection en Y,Normale,Deux véhicules - côté,,,,,,,,,,,1,1,4,1.0,3.0
201800008158,0018-04-24 06:55:00,18,4,24,6,55,130,5,21 AOUT 1944 (AVENUE DU),43.28719,5.56156,Crépuscule ou aube,En agglomération,Hors intersection,Normale,Deux véhicules - côté,,,,,,,,,,,2,2,1,1.0,3.0
201800008159,0018-04-25 22:45:00,18,4,25,22,45,130,5,VALLEE (CHEMIN DE LA),43.28452,5.52356,Nuit avec éclairage allumé,En agglomération,Intersection en T,Normale,Deux véhicules - côté,,,,,,,,,,,5,2,3,1.0,3.0
201800008160,0018-04-27 16:40:00,18,4,27,16,40,130,5,LONGUELANCE (CHEMIN DE ),43.31946,5.58229,Plein jour,Hors agglomération,Intersection en Y,Normale,Deux véhicules - frontale,,,,,,,,,,,1,1,4,1.0,1.0
201800008161,0018-05-02 18:30:00,18,5,2,18,30,130,5,70 Rue de la République,43.29054,5.57067,Plein jour,En agglomération,Intersection en T,Normale,Autre collision,,,,,,,,,,,1,2,3,1.0,6.0
201800008162,0018-05-10 16:05:00,18,5,10,16,5,130,5,RD 8N,43.28221,5.60319,Plein jour,Hors agglomération,Hors intersection,Normale,Sans collision,,,,,,,,,,,1,1,1,1.0,7.0
201800008163,0018-05-24 15:50:00,18,5,24,15,50,130,5,CIOTAT (ROUTE DE LA RN55,43.28566,5.58125,Plein jour,En agglomération,Hors intersection,Normale,Autre collision,,,,,,,,,,,1,2,1,1.0,6.0
201800008164,0018-05-27 22:20:00,18,5,27,22,20,130,5,ROBESPIERRE (AVENUE),43.28509,5.58201,Nuit avec éclairage allumé,En agglomération,Giratoire,Pluie légère,Deux véhicules - côté,,,,,,,,,,,5,2,6,2.0,3.0
201800008165,0018-06-15 08:15:00,18,6,15,8,15,130,5,RD 396,43.3191,5.59442,Plein jour,Hors agglomération,Giratoire,Normale,Deux véhicules - côté,,,,,,,,,,,1,1,6,1.0,3.0
201800008166,0018-06-23 08:40:00,18,6,23,8,40,130,5,RD 43 C,43.30032,5.59128,Plein jour,En agglomération,Autre intersection,Normale,Deux véhicules - côté,,,,,,,,,,,1,2,9,1.0,3.0
201800008167,0018-06-29 12:00:00,18,6,29,12,0,130,5,PALUDS (AVENUE des),43.29052,5.59458,Plein jour,En agglomération,Hors intersection,Normale,Autre collision,,,,,,,,,,,1,2,1,1.0,6.0
201800008168,0018-07-05 18:15:00,18,7,5,18,15,130,70,ANTONETTI (AVENUE),43.28695,5.51633,Plein jour,En agglomération,Hors intersection,Normale,Deux véhicules - arrière,,,,,,,,,,,1,2,1,1.0,2.0
201800008169,0018-07-12 23:30:00,18,7,12,23,30,130,5,EOURES (ROUTE D'),43.29988,5.56028,Nuit sans éclairage public,Hors agglomération,Autre intersection,Normale,Autre collision,,,,,,,,,,,3,1,9,1.0,6.0
201800008170,0018-07-17 18:54:00,18,7,17,18,54,130,5,21 AOUT 1944 (AVENUE DU),43.2889,5.56577,Plein jour,En agglomération,Hors intersection,Normale,Deux véhicules - côté,,,,,,,,,,,1,2,1,1.0,3.0
201800008171,0018-07-27 16:25:00,18,7,27,16,25,130,5,AUBES (ROUTE DES),43.2984,5.5786,Plein jour,En agglomération,Hors intersection,Normale,Deux véhicules - frontale,,,,,,,,,,,1,2,1,1.0,1.0
201800008172,0018-07-29 16:45:00,18,7,29,16,45,130,70,ROUSSEAU (BOULEVARD JEAN,43.27836,5.51823,Plein jour,En agglomération,Hors intersection,Normale,Autre collision,,,,,,,,,,,1,2,1,1.0,6.0
201800008173,0018-07-29 22:40:00,18,7,29,22,40,130,5,CREISSAUDS (CHEMIN DES),43.27471,5.53915,Nuit avec éclairage allumé,En agglomération,Hors intersection,Normale,Autre collision,,,,,,,,,,,5,2,1,1.0,6.0
201800008174,0018-07-31 11:40:00,18,7,31,11,40,130,5,SALENGRO (AV ROGER),43.302,5.57114,Plein jour,En agglomération,Hors intersection,Normale,Deux véhicules - frontale,,,,,,,,,,,1,2,1,1.0,1.0
201800008175,0018-08-01 12:30:00,18,8,1,12,30,130,5,EOURES (ROUTE D'),43.30711,5.53881,Plein jour,En agglomération,Hors intersection,Normale,Autre collision,,,,,,,,,,,1,2,1,1.0,6.0
201800008176,0018-08-02 04:40:00,18,8,2,4,40,130,5,EOURES (ROUTE D'),43.3034,5.53063,Nuit sans éclairage public,Hors agglomération,Hors intersection,Normale,Autre collision,,,,,,,,,,,3,1,1,1.0,6.0
201800008177,0018-08-03 07:10:00,18,8,3,7,10,130,5,NAPOLLON (ROUTE DE),43.31532,5.57997,Plein jour,Hors agglomération,Autre intersection,Normale,Deux véhicules - côté,,,,,,,,,,,1,1,9,1.0,3.0
201800008178,0018-08-06 12:25:00,18,8,6,12,25,130,5,EOURES (ROUTE D'),43.3072,5.5512,Plein jour,Hors agglomération,Hors intersection,Normale,Deux véhicules - frontale,,,,,,,,,,,1,1,1,1.0,1.0
201800008179,0018-08-10 08:00:00,18,8,10,8,0,130,5,CREISSAUDS (CHEMIN des),43.27829,5.53909,Plein jour,En agglomération,Intersection en T,Normale,Deux véhicules - côté,,,,,,,,,,,1,2,3,1.0,3.0
201800008180,0018-08-21 15:35:00,18,8,21,15,35,130,5,CD 2 (CAMP MAJOR),43.28767,5.52868,Plein jour,En agglomération,Hors intersection,Normale,Sans collision,,,,,,,,,,,1,2,1,1.0,7.0
201800008181,0018-08-23 10:50:00,18,8,23,10,50,130,5,RN 96 (ROUTE NATIONALE ),43.31995,5.5854,Plein jour,Hors agglomération,Hors intersection,Normale,Deux véhicules - arrière,,,,,,,,,,,1,1,1,1.0,2.0
201800008182,0018-08-29 18:00:00,18,8,29,18,0,130,70,GARE (BLD DE LA),43.28575,5.51414,Plein jour,En agglomération,Intersection en T,Normale,Deux véhicules - arrière,,,,,,,,,,,1,2,3,1.0,2.0
201800008183,0018-08-30 07:45:00,18,8,30,7,45,130,5,BEAUDINARD (ROUTE DE),43.29794,5.57487,Crépuscule ou aube,En agglomération,Hors intersection,Normale,Deux véhicules - côté,,,,,,,,,,,2,2,1,1.0,3.0
201800008184,0018-08-30 17:30:00,18,8,30,17,30,130,5,CD 2 (CAMP MAJOR),43.28769,5.52863,Plein jour,Hors agglomération,Intersection en T,Normale,Trois véhicules et plus - collisions multiples,,,,,,,,,,,1,1,3,1.0,5.0
201800008185,0018-09-01 16:00:00,18,9,1,16,0,130,5,rd 8N DE PARIS A T,43.28373,5.59463,Plein jour,En agglomération,Hors intersection,Normale,Deux véhicules - arrière,,,,,,,,,,,1,2,1,1.0,2.0
201800008186,0018-09-24 17:35:00,18,9,24,17,35,130,5,SALENGRO (AVENUE ROGER),43.29882,5.56917,Plein jour,En agglomération,Hors intersection,Normale,Deux véhicules - côté,,,,,,,,,,,1,2,1,1.0,3.0
201800008187,0018-09-27 20:45:00,18,9,27,20,45,130,5,LAGUNAS (AVENUE SIMON),43.2933,5.56334,Nuit avec éclairage allumé,En agglomération,Hors intersection,Normale,Deux véhicules - frontale,,,,,,,,,,,5,2,1,1.0,1.0
201800008188,0018-09-27 20:00:00,18,9,27,20,0,130,5,D 8N,43.28386,5.54178,Nuit avec éclairage allumé,En agglomération,Hors intersection,Normale,Deux véhicules - côté,,,,,,,,,,,5,2,1,1.0,3.0
201800008189,0018-10-01 08:45:00,18,10,1,8,45,130,5,TAMARIS (BOULEVARD DES),43.27744,5.53486,Plein jour,En agglomération,Hors intersection,Normale,Autre collision,,,,,,,,,,,1,2,1,1.0,6.0
201800008190,0018-10-02 12:10:00,18,10,2,12,10,130,5,CANIERS (AVENUE DES),43.29051,5.59311,Plein jour,Hors agglomération,Hors intersection,Normale,Autre collision,,,,,,,,,,,1,1,1,1.0,6.0
201800008191,0018-10-05 15:50:00,18,10,5,15,50,130,5,GEMENOS (ROUTE DE CD2),43.29741,5.58652,Plein jour,En agglomération,Hors intersection,Normale,Deux véhicules - arrière,,,,,,,,,,,1,2,1,1.0,2.0
201800008192,0018-10-19 09:10:00,18,10,19,9,10,130,5,VERDUN (AVENUE DE),43.28778,5.57893,Plein jour,En agglomération,Intersection en T,Normale,Deux véhicules - côté,,,,,,,,,,,1,2,3,1.0,3.0
201800008193,0018-10-19 12:04:00,18,10,19,12,4,130,5,PALUDS (AVENUE DES),43.28999,5.59675,Plein jour,En agglomération,Hors intersection,Normale,Deux véhicules - arrière,,,,,,,,,,,1,2,1,1.0,2.0
201800008194,0018-10-23 13:15:00,18,10,23,13,15,130,5,RD 43 C,43.30159,5.59154,Plein jour,Hors agglomération,Intersection en T,Normale,Deux véhicules - côté,,,,,,,,,,,1,1,3,1.0,3.0
201800008195,0018-10-24 11:45:00,18,10,24,11,45,130,5,VERDUN (AVENUE DE),43.28885,5.573,Plein jour,En agglomération,Hors intersection,Normale,Autre collision,,,,,,,,,,,1,2,1,1.0,6.0
201800008196,0018-10-24 19:10:00,18,10,24,19,10,130,5,GOUMS (AVENUE DES),43.29269,5.56261,Nuit avec éclairage allumé,En agglomération,Hors intersection,Normale,Autre collision,,,,,,,,,,,5,2,1,1.0,6.0
201800008197,0018-10-29 06:55:00,18,10,29,6,55,130,70,VOLTAIRE (BOULEVARD),43.28172,5.52416,Nuit avec éclairage non allumé,En agglomération,Hors intersection,Pluie forte,Autre collision,,,,,,,,,,,4,2,1,3.0,6.0
201800008198,0018-11-15 10:20:00,18,11,15,10,20,130,5,DIX NEUF MARS 1962 (AVEN,43.28728,5.57319,Plein jour,En agglomération,Hors intersection,Normale,Deux véhicules - arrière,,,,,,,,,,,1,2,1,1.0,2.0
201800008199,0018-11-20 15:30:00,18,11,20,15,30,130,5,REPUBLIQUE (RUE DE LA),43.29108,5.56975,Plein jour,En agglomération,Hors intersection,Pluie légère,Deux véhicules - côté,,,,,,,,,,,1,2,1,2.0,3.0
201800008200,0018-12-20 09:25:00,18,12,20,9,25,130,5,BLANCARD (PROMENADE PIER,43.29729,5.56494,Plein jour,En agglomération,Hors intersection,Normale,Deux véhicules - frontale,,,,,,,,,,,1,2,1,1.0,1.0
201800008201,0018-12-20 18:10:00,18,12,20,18,10,130,5,GOUMS (AVENUE DES),43.29275,5.56388,Nuit avec éclairage allumé,En agglomération,Hors intersection,Normale,Deux véhicules - arrière,,,,,,,,,,,5,2,1,1.0,2.0
201800008202,0018-12-23 19:25:00,18,12,23,19,25,130,5,21 AOUT 1944 (AVENUE DU),43.28592,5.55807,Nuit avec éclairage allumé,En agglomération,Hors intersection,Normale,Trois véhicules et plus - collisions multiples,,,,,,,,,,,5,2,1,1.0,5.0
201800008203,0018-12-24 00:05:00,18,12,24,0,5,130,5,RN 8,43.28545,5.55419,Nuit avec éclairage allumé,En agglomération,Autre intersection,Normale,Deux véhicules - arrière,,,,,,,,,,,5,2,9,1.0,2.0
201800008204,0018-01-19 11:00:00,18,1,19,11,0,130,28,"2555, BODIN (AVENUE EMIL",43.2006,5.58768,Plein jour,Hors agglomération,Hors intersection,Normale,Autre collision,,,,,,,,,,,1,1,1,1.0,6.0
201800008205,0018-02-01 10:00:00,18,2,1,10,0,130,28,Av Emile Sellon,,,Plein jour,En agglomération,Hors intersection,Pluie légère,Autre collision,,,,,,,,,,,1,2,1,2.0,6.0
201800008206,0018-02-09 20:00:00,18,2,9,20,0,130,28,ROVARCH (AVENUE PIERRE),,,Nuit avec éclairage allumé,En agglomération,Hors intersection,Normale,Sans collision,,,,,,,,,,,5,2,1,1.0,7.0
201800008207,0018-02-11 10:35:00,18,2,11,10,35,130,28,22 Av des Calanques,43.1691,5.60383,Plein jour,En agglomération,Hors intersection,Normale,Deux véhicules - côté,,,,,,,,,,,1,2,1,1.0,3.0
201800008208,0018-02-06 16:10:00,18,2,6,16,10,130,28,461 Av Ernest Subilia,43.18554,5.60801,Plein jour,En agglomération,Hors intersection,Normale,Deux véhicules - côté,,,,,,,,,,,1,2,1,1.0,3.0
201800008209,0018-02-16 11:00:00,18,2,16,11,0,130,28,FONTSAINTE (AVENUE DE),43.19045,5.63784,Plein jour,En agglomération,Intersection en T,Normale,Deux véhicules - côté,,,,,,,,,,,1,2,3,1.0,3.0
201800008210,0018-04-05 11:45:00,18,4,5,11,45,130,28,108 Rue Bouronne,43.17396,5.60497,Plein jour,En agglomération,Hors intersection,Normale,Deux véhicules - arrière,,,,,,,,,,,1,2,1,1.0,2.0
201800008211,0018-04-06 10:40:00,18,4,6,10,40,130,28,PETANQUE (AVENUE DE LA),43.17595,5.60178,Plein jour,En agglomération,Hors intersection,Normale,Deux véhicules - côté,,,,,,,,,,,1,2,1,1.0,3.0
201800008212,0018-04-06 17:20:00,18,4,6,17,20,130,28,CLEMENCEAU (BOULEVARD GE,43.17713,5.6108,Plein jour,En agglomération,Intersection en T,Normale,Deux véhicules - côté,,,,,,,,,,,1,2,3,1.0,3.0
201800008213,0018-04-07 18:30:00,18,4,7,18,30,130,28,LIONNE (AVENUE DE LA),43.19753,5.607,Plein jour,En agglomération,Hors intersection,Normale,Deux véhicules - côté,,,,,,,,,,,1,2,1,1.0,3.0
201800008214,0018-05-05 19:30:00,18,5,5,19,30,130,28,RD 559,43.20651,5.58557,Plein jour,Hors agglomération,Hors intersection,Normale,Deux véhicules - frontale,,,,,,,,,,,1,1,1,1.0,1.0
201800008215,0018-05-08 14:25:00,18,5,8,14,25,130,28,(AVENUE EMILE) BODIN,43.19629,5.59653,Plein jour,Hors agglomération,Intersection en T,Normale,Trois véhicules et plus - collisions multiples,,,,,,,,,,,1,1,3,1.0,5.0
201800008216,0018-05-14 18:00:00,18,5,14,18,0,130,28,268 Av de Fontsainte,43.19034,5.63744,Plein jour,En agglomération,Autre intersection,Normale,Sans collision,,,,,,,,,,,1,2,9,1.0,7.0
201800008217,0018-05-22 09:20:00,18,5,22,9,20,130,28,DULAC (AVENUE GUILLAUME),43.19545,5.61221,Plein jour,En agglomération,Hors intersection,Pluie légère,Autre collision,,,,,,,,,,,1,2,1,2.0,6.0
201800008218,0018-05-25 20:00:00,18,5,25,20,0,130,28,Av Joseph Roumanille,43.20292,5.62522,Plein jour,Hors agglomération,Hors intersection,Normale,Autre collision,,,,,,,,,,,1,1,1,1.0,6.0