accident_id,datetime,annee,mois,jour,heure,minute,departement,commune_insee,adresse,latitude,longitude,luminosite,agglomeration,intersection,meteo,collision,nb_vehicules,nb_usagers,nb_indemnes,nb_tues,nb_blesses_hosp,nb_blesses_legers,age_cond_1,age_cond_2,veh_type_cond_1,veh_type_cond_2,lum_code,agg_code,int_code,atm_code,col_code
201800008574,0018-02-21 19:45:00,18,2,21,19,45,130,75,69 Av Pasteur,43.35711,5.46644,Nuit avec éclairage allumé,En agglomération,Hors intersection,Normale,Deux véhicules - côté,,,,,,,,,,,5,2,1,1.0,3.0
201800008575,0018-02-21 19:40:00,18,2,21,19,40,130,55,12 Bd Gémy,43.32188,5.41314,Nuit avec éclairage allumé,En agglomération,Hors intersection,Normale,Deux véhicules - côté,,,,,,,,,,,5,2,1,1.0,3.0
201800008576,0018-02-21 19:35:00,18,2,21,19,35,130,55,"5, LIBERATION (BOULEVARD",43.29931,5.38599,Nuit avec éclairage allumé,En agglomération,Hors intersection,Normale,Deux véhicules - frontale,,,,,,,,,,,5,2,1,1.0,1.0
201800008577,0018-02-21 20:10:00,18,2,21,20,10,130,55,111 Av de la Madrague de,43.23501,5.36022,Nuit avec éclairage allumé,En agglomération,Intersection en T,Normale,Deux véhicules - côté,,,,,,,,,,,5,2,3,1.0,3.0
201800008578,0018-02-22 08:10:00,18,2,22,8,10,130,55,"123, BOURRELY (CHEMIN DE",43.38419,5.36493,Plein jour,En agglomération,Hors intersection,Normale,Autre collision,,,,,,,,,,,1,2,1,1.0,6.0
201800008579,0018-02-22 10:00:00,18,2,22,10,0,130,55,19 Bd de Pont de Vivaux,43.27969,5.41794,Plein jour,En agglomération,Hors intersection,Normale,Deux véhicules - côté,,,,,,,,,,,1,2,1,1.0,3.0
201800008580,0018-02-22 11:30:00,18,2,22,11,30,130,55,"02, REPUBLIQUE (RUE DE L",43.29644,5.37405,Plein jour,En agglomération,Hors intersection,Normale,Autre collision,,,,,,,,,,,1,2,1,1.0,6.0
201800008581,0018-02-18 12:30:00,18,2,18,12,30,130,55,"00, SIDI BRAHIM (SQUARE)",43.29762,5.40008,Plein jour,En agglomération,Intersection en Y,Normale,Deux véhicules - frontale,,,,,,,,,,,1,2,4,1.0,1.0
201800008582,0018-02-22 14:00:00,18,2,22,14,0,130,55,125 Chemin des Jonquille,43.32575,5.43664,Plein jour,En agglomération,Hors intersection,Normale,Sans collision,,,,,,,,,,,1,2,1,1.0,7.0
201800008583,0018-02-23 07:30:00,18,2,23,7,30,130,75,21 Av Frédéric Mistral,43.34894,5.46791,Plein jour,En agglomération,Hors intersection,Normale,Deux véhicules - côté,,,,,,,,,,,1,2,1,1.0,3.0
201800008584,0018-02-23 09:50:00,18,2,23,9,50,130,55,343 Ch de Château Gomber,43.3513,5.43302,Plein jour,En agglomération,Hors intersection,Normale,Deux véhicules - arrière,,,,,,,,,,,1,2,1,1.0,2.0
201800008585,0018-02-23 14:00:00,18,2,23,14,0,130,55,161 Av de Toulon,43.28385,5.39623,Plein jour,En agglomération,Hors intersection,Normale,Deux véhicules - côté,,,,,,,,,,,1,2,1,1.0,3.0
201800008586,0018-02-23 15:10:00,18,2,23,15,10,130,55,437 Av de Saint-Antoine,43.38479,5.35864,Plein jour,En agglomération,Hors intersection,Normale,Deux véhicules - arrière,,,,,,,,,,,1,2,1,1.0,2.0
201800008587,0018-02-23 17:30:00,18,2,23,17,30,130,55,474 Av de Saint-Antoine,43.3845,5.3586,Crépuscule ou aube,En agglomération,Hors intersection,Normale,Trois véhicules et plus - collisions multiples,,,,,,,,,,,2,2,1,1.0,5.0
201800008588,0018-02-23 21:40:00,18,2,23,21,40,130,55,"02, FRANCIS CHIRAT (PLAC",43.30119,5.36731,Nuit avec éclairage allumé,En agglomération,Hors intersection,Normale,Autre collision,,,,,,,,,,,5,2,1,1.0,6.0
201800008589,0018-02-24 01:24:00,18,2,24,1,24,130,55,"109, SAKAKINI (BOULEVARD",43.29253,5.40131,Nuit avec éclairage allumé,En agglomération,Hors intersection,Normale,Deux véhicules - arrière,,,,,,,,,,,5,2,1,1.0,2.0
201800008590,0018-02-24 10:30:00,18,2,24,10,30,130,55,1 Av Jean Bouin,43.26687,5.4029,Plein jour,En agglomération,Hors intersection,Pluie légère,Autre collision,,,,,,,,,,,1,2,1,2.0,6.0
201800008591,0018-02-24 14:20:00,18,2,24,14,20,130,55,"218, CAILLOLS (AVENUE DE",43.30337,5.44212,Plein jour,En agglomération,Hors intersection,Pluie forte,Deux véhicules - côté,,,,,,,,,,,1,2,1,3.0,3.0
201800008592,0018-02-24 19:30:00,18,2,24,19,30,130,55,128 Cours Lieutaud,43.28914,5.38407,Nuit avec éclairage allumé,En agglomération,Hors intersection,Pluie légère,Autre collision,,,,,,,,,,,5,2,1,2.0,6.0
201800008593,0018-02-25 00:20:00,18,2,25,0,20,130,55,140 Av du Prado,43.27984,5.38681,Nuit avec éclairage allumé,En agglomération,Intersection en X,Temps couvert,Deux véhicules - côté,,,,,,,,,,,5,2,2,8.0,3.0
201800008594,0018-02-25 03:00:00,18,2,25,3,0,130,55,8 Av Jean Lombard,43.28936,5.42727,Nuit avec éclairage allumé,En agglomération,Hors intersection,Normale,Autre collision,,,,,,,,,,,5,2,1,1.0,6.0
201800008595,0018-02-25 06:40:00,18,2,25,6,40,130,55,5 Av Arnavon,43.32999,5.38779,Crépuscule ou aube,Hors agglomération,Giratoire,Pluie légère,Sans collision,,,,,,,,,,,2,1,6,2.0,7.0
201800008596,0018-02-25 12:00:00,18,2,25,12,0,130,55,7 Av de Lattre de Tassig,43.25041,5.40402,Plein jour,En agglomération,Hors intersection,Normale,Deux véhicules - arrière,,,,,,,,,,,1,2,1,1.0,2.0
201800008597,0018-02-26 08:00:00,18,2,26,8,0,130,55,46 Bd Capitaine Gèze,43.33054,5.37145,Plein jour,En agglomération,Autre intersection,Normale,Deux véhicules - côté,,,,,,,,,,,1,2,9,1.0,3.0
201800008598,0018-02-26 13:56:00,18,2,26,13,56,130,55,78 Traverse des Butris,43.29966,5.45607,Plein jour,En agglomération,Hors intersection,Normale,Deux véhicules - arrière,,,,,,,,,,,1,2,1,1.0,2.0
201800008599,0018-02-26 17:45:00,18,2,26,17,45,130,55,4 Bd de Dunkerque,43.30506,5.36719,Plein jour,En agglomération,Hors intersection,Normale,Autre collision,,,,,,,,,,,1,2,1,1.0,6.0
201800008600,0018-02-27 08:30:00,18,2,27,8,30,130,55,395 Bd Michelet,43.25404,5.40171,Plein jour,En agglomération,Hors intersection,Normale,Deux véhicules - arrière,,,,,,,,,,,1,2,1,1.0,2.0
201800008601,0018-02-27 09:45:00,18,2,27,9,45,130,55,55 Rue François Mauriac,43.27479,5.41832,Plein jour,En agglomération,Hors intersection,Normale,Trois véhicules et plus - en chaîne,,,,,,,,,,,1,2,1,1.0,4.0
201800008602,0018-02-27 08:25:00,18,2,27,8,25,130,2,Av G de Gaulle,43.33975,5.48227,Plein jour,En agglomération,Intersection en T,Normale,Deux véhicules - côté,,,,,,,,,,,1,2,3,1.0,3.0
201800008603,0018-02-27 11:30:00,18,2,27,11,30,130,55,Montée de Saint-Menet,43.2932,5.49517,Plein jour,En agglomération,Intersection en T,Normale,Deux véhicules - côté,,,,,,,,,,,1,2,3,1.0,3.0
201800008604,0018-02-27 14:35:00,18,2,27,14,35,130,55,47 Bd des Dames,43.30288,5.36758,Plein jour,En agglomération,Hors intersection,Normale,Autre collision,,,,,,,,,,,1,2,1,1.0,6.0
201800008605,0018-02-27 13:00:00,18,2,27,13,0,130,55,"30, TROIS LUCS (AVENUE D",43.31013,5.46031,Plein jour,En agglomération,Hors intersection,Normale,Deux véhicules - côté,,,,,,,,,,,1,2,1,1.0,3.0
201800008606,0018-02-26 13:30:00,18,2,26,13,30,130,55,26 Rue Aviateur le Brix,43.26202,5.40417,Plein jour,En agglomération,Hors intersection,Normale,Deux véhicules - arrière,,,,,,,,,,,1,2,1,1.0,2.0
201800008607,0018-02-27 17:50:00,18,2,27,17,50,130,55,"27, CAPELETTE (AVENUE DE",43.28367,5.40072,Plein jour,En agglomération,Intersection en T,Normale,Autre collision,,,,,,,,,,,1,2,3,1.0,6.0
201800008608,0018-02-27 18:40:00,18,2,27,18,40,130,55,2 Rue de la Maurelle,43.32093,5.44121,Nuit avec éclairage allumé,En agglomération,Hors intersection,Normale,Deux véhicules - côté,,,,,,,,,,,5,2,1,1.0,3.0
201800008609,0018-02-27 21:50:00,18,2,27,21,50,130,55,143 Bd Rabatau,43.27935,5.3993,Nuit avec éclairage allumé,En agglomération,Intersection en X,Normale,Deux véhicules - côté,,,,,,,,,,,5,2,2,1.0,3.0
201800008610,0018-02-28 08:20:00,18,2,28,8,20,130,55,300 Bd Michelet,43.25868,5.39887,Plein jour,En agglomération,Intersection en T,Normale,Deux véhicules - côté,,,,,,,,,,,1,2,3,1.0,3.0
201800008611,0018-02-28 07:30:00,18,2,28,7,30,130,55,"79, ROMAIN ROLLAND (BOUL",43.27907,5.42272,Plein jour,En agglomération,Hors intersection,Normale,Trois véhicules et plus - en chaîne,,,,,,,,,,,1,2,1,1.0,4.0
201800008612,0018-02-28 11:55:00,18,2,28,11,55,130,55,102 Av Camille Pelletan,43.30823,5.37405,Plein jour,En agglomération,Autre intersection,Normale,Autre collision,,,,,,,,,,,1,2,9,1.0,6.0
201800008613,0018-02-28 08:10:00,18,2,28,8,10,130,55,274 Bd Mireille Lauze,43.2847,5.4212,Plein jour,En agglomération,Hors intersection,Normale,Autre collision,,,,,,,,,,,1,2,1,1.0,6.0
201800008614,0018-02-23 11:22:00,18,2,23,11,22,130,55,157 Rue Paradis,43.28697,5.37956,Plein jour,En agglomération,Hors intersection,Normale,Deux véhicules - côté,,,,,,,,,,,1,2,1,1.0,3.0
201800008615,0018-02-28 17:45:00,18,2,28,17,45,130,55,437 Av du Prado,43.26738,5.38366,Crépuscule ou aube,En agglomération,Hors intersection,Normale,Deux véhicules - côté,,,,,,,,,,,2,2,1,1.0,3.0
201800008616,0018-02-28 17:15:00,18,2,28,17,15,130,55,105 Rue de Rome,43.29118,5.38077,Plein jour,En agglomération,Intersection en T,Normale,Deux véhicules - côté,,,,,,,,,,,1,2,3,1.0,3.0
201800008617,0018-02-28 19:40:00,18,2,28,19,40,130,75,"00, FRDRIC CHEVILLON (",43.34744,5.45373,Nuit avec éclairage allumé,En agglomération,Hors intersection,Pluie légère,Deux véhicules - frontale,,,,,,,,,,,5,2,1,2.0,1.0
201800008618,0018-03-01 05:00:00,18,3,1,5,0,130,55,"165, RABATAU (BOULEVARD)",43.28047,5.39935,Nuit avec éclairage allumé,En agglomération,Hors intersection,Normale,Deux véhicules - côté,,,,,,,,,,,5,2,1,1.0,3.0
201800008619,0018-03-01 08:15:00,18,3,1,8,15,130,55,2 Cours de Lorraine,43.32305,5.38248,Plein jour,En agglomération,Hors intersection,Normale,Autre collision,,,,,,,,,,,1,2,1,1.0,6.0
201800008620,0018-03-01 11:40:00,18,3,1,11,40,130,55,"96, RABATAU (BOULEVARD)",43.27722,5.3988,Plein jour,En agglomération,Hors intersection,Normale,Autre collision,,,,,,,,,,,1,2,1,1.0,6.0
201800008621,0018-03-01 16:45:00,18,3,1,16,45,130,55,37 Av Roger Salengro,43.31067,5.37304,Plein jour,En agglomération,Passage à niveau,Normale,Autre collision,,,,,,,,,,,1,2,8,1.0,6.0
201800008622,0018-03-01 18:15:00,18,3,1,18,15,130,55,"0, BARRE (TRAVERSE DE LA",43.30561,5.45677,Plein jour,En agglomération,Intersection en T,Normale,Deux véhicules - frontale,,,,,,,,,,,1,2,3,1.0,1.0
201800008623,0018-03-02 13:50:00,18,3,2,13,50,130,55,103 Av des Caillols,43.30378,5.43286,Plein jour,En agglomération,Hors intersection,Normale,Deux véhicules - arrière,,,,,,,,,,,1,2,1,1.0,2.0
201800008624,0018-03-02 16:10:00,18,3,2,16,10,130,55,"11, MENARD (PIERRE) (BOU",43.29106,5.44219,Plein jour,En agglomération,Hors intersection,Temps éblouissant,Autre collision,,,,,,,,,,,1,2,1,7.0,6.0
201800008625,0018-03-02 15:30:00,18,3,2,15,30,130,55,138 Ch de Morgiou,43.23959,5.40746,Plein jour,En agglomération,Hors intersection,Normale,Deux véhicules - côté,,,,,,,,,,,1,2,1,1.0,3.0
201800008626,0018-03-03 12:20:00,18,3,3,12,20,130,75,RP de l'olivier,43.34402,5.46359,Plein jour,En agglomération,Hors intersection,Normale,Trois véhicules et plus - collisions multiples,,,,,,,,,,,1,2,1,1.0,5.0
201800008627,0018-03-03 17:00:00,18,3,3,17,0,130,55,1 Av Bonneveine,43.25428,5.38153,Crépuscule ou aube,En agglomération,Hors intersection,Normale,Autre collision,,,,,,,,,,,2,2,1,1.0,6.0
201800008628,0018-03-03 20:45:00,18,3,3,20,45,130,55,220 Av des Caillols,43.30332,5.44223,Nuit avec éclairage allumé,En agglomération,Hors intersection,Normale,Sans collision,,,,,,,,,,,5,2,1,1.0,7.0
201800008629,0018-03-04 13:40:00,18,3,4,13,40,130,2,route des Termes,43.37001,5.53212,Plein jour,En agglomération,Hors intersection,Pluie légère,Deux véhicules - arrière,,,,,,,,,,,1,2,1,2.0,2.0
201800008630,0018-03-04 14:50:00,18,3,4,14,50,130,55,60 Bd Voltaire,43.30345,5.38592,Plein jour,En agglomération,Intersection en X,Pluie légère,Autre collision,,,,,,,,,,,1,2,2,2.0,6.0
201800008631,0018-03-04 16:45:00,18,3,4,16,45,130,55,Place Louis Bonnefon,43.2542,5.3817,Plein jour,En agglomération,Giratoire,Normale,Deux véhicules - côté,,,,,,,,,,,1,2,6,1.0,3.0
201800008632,0018-03-01 20:30:00,18,3,1,20,30,130,55,60 Bld Lavéran,43.32971,5.41385,Nuit avec éclairage allumé,En agglomération,Intersection en T,Normale,Deux véhicules - côté,,,,,,,,,,,5,2,3,1.0,3.0
201800008633,0018-03-04 15:30:00,18,3,4,15,30,130,55,Avenue Louis Regis,43.28925,5.4967,Plein jour,En agglomération,Hors intersection,Normale,Deux véhicules - arrière,,,,,,,,,,,1,2,1,1.0,2.0
201800008634,0018-03-05 01:30:00,18,3,5,1,30,130,55,16 Montée Commandant de,43.28991,5.48476,Nuit avec éclairage allumé,En agglomération,Hors intersection,Pluie légère,Sans collision,,,,,,,,,,,5,2,1,2.0,7.0
201800008635,0018-03-05 08:50:00,18,3,5,8,50,130,2,345 Rue Etienne Cucca,43.36008,5.49404,Plein jour,Hors agglomération,Hors intersection,Normale,Autre collision,,,,,,,,,,,1,1,1,1.0,6.0
201800008636,0018-03-05 17:10:00,18,3,5,17,10,130,55,20 Rue Montaigne,43.30432,5.41396,Plein jour,En agglomération,Hors intersection,Pluie légère,Autre collision,,,,,,,,,,,1,2,1,2.0,6.0
201800008637,0018-03-05 17:00:00,18,3,5,17,0,130,55,SAINT MENET (AVENUE DE),43.2912,5.48644,Plein jour,En agglomération,Hors intersection,Pluie légère,Sans collision,,,,,,,,,,,1,2,1,2.0,7.0
201800008638,0018-03-05 18:02:00,18,3,5,18,2,130,55,7 Av des Aygalades,43.33097,5.36639,Crépuscule ou aube,En agglomération,Hors intersection,Pluie légère,Sans collision,,,,,,,,,,,2,2,1,2.0,7.0
201800008639,0018-03-05 22:00:00,18,3,5,22,0,130,55,"387, NATIONAL (BOULEVARD",43.31505,5.3729,Nuit avec éclairage allumé,En agglomération,Giratoire,Pluie légère,Autre collision,,,,,,,,,,,5,2,6,2.0,6.0
201800008640,0018-03-06 17:40:00,18,3,6,17,40,130,55,"00, SALVADOR ALLENDE (RU",43.33012,5.39196,Crépuscule ou aube,En agglomération,Hors intersection,Normale,Deux véhicules - côté,,,,,,,,,,,2,2,1,1.0,3.0
201800008641,0018-03-07 12:00:00,18,3,7,12,0,130,55,191 Bd de la Valbarelle,43.28862,5.45555,Plein jour,En agglomération,Hors intersection,Normale,Trois véhicules et plus - en chaîne,,,,,,,,,,,1,2,1,1.0,4.0
201800008642,0018-03-07 15:30:00,18,3,7,15,30,130,55,165 Traverse de la Marti,43.3001,5.47652,Plein jour,En agglomération,Hors intersection,Normale,Deux véhicules - arrière,,,,,,,,,,,1,2,1,1.0,2.0
201800008643,0018-03-08 00:10:00,18,3,8,0,10,130,55,"295, LYON (RUE DE)",43.33611,5.36316,Nuit avec éclairage allumé,En agglomération,Hors intersection,Normale,Autre collision,,,,,,,,,,,5,2,1,1.0,6.0
201800008644,0018-03-08 00:30:00,18,3,8,0,30,130,55,"00, MENARD (PIERRE) (BOU",43.28961,5.43801,Nuit avec éclairage allumé,En agglomération,Hors intersection,Normale,Deux véhicules - frontale,,,,,,,,,,,5,2,1,1.0,1.0
201800008645,0018-03-08 13:05:00,18,3,8,13,5,130,55,270 Bd Danielle Casanova,43.33367,5.37817,Plein jour,En agglomération,Hors intersection,Normale,Deux véhicules - côté,,,,,,,,,,,1,2,1,1.0,3.0
201800008646,0018-03-08 14:10:00,18,3,8,14,10,130,55,Rond-Point Pierre Paraf,43.33053,5.38901,Plein jour,En agglomération,Hors intersection,Normale,Deux véhicules - côté,,,,,,,,,,,1,2,1,1.0,3.0
201800008647,0018-03-09 13:30:00,18,3,9,13,30,130,55,36 Av Florian,43.28311,5.42601,Plein jour,En agglomération,Hors intersection,Normale,Autre collision,,,,,,,,,,,1,2,1,1.0,6.0
201800008648,0018-03-09 14:45:00,18,3,9,14,45,130,55,"1, IENA (RUE D')",43.28501,5.38964,Plein jour,En agglomération,Intersection en T,Normale,Deux véhicules - côté,,,,,,,,,,,1,2,3,1.0,3.0
201800008649,0018-03-10 00:10:00,18,3,10,0,10,130,55,Avenue des Caillols,43.30383,5.42855,Nuit avec éclairage allumé,En agglomération,Giratoire,Normale,Deux véhicules - côté,,,,,,,,,,,5,2,6,1.0,3.0
201800008650,0018-03-10 16:15:00,18,3,10,16,15,130,55,211 Bd Romain Rolland,43.27493,5.41578,Plein jour,En agglomération,Intersection en T,Normale,Deux véhicules - frontale,,,,,,,,,,,1,2,3,1.0,1.0
201800008651,0018-03-10 12:30:00,18,3,10,12,30,130,55,"85, SAINT LOUP (BOULEVAR",43.28288,5.43236,Plein jour,En agglomération,Hors intersection,Normale,Autre collision,,,,,,,,,,,1,2,1,1.0,6.0
201800008652,0018-03-10 16:45:00,18,3,10,16,45,130,55,Sormiou Roy d'Espagne,43.23525,5.39906,Plein jour,En agglomération,Giratoire,Normale,Sans collision,,,,,,,,,,,1,2,6,1.0,7.0
201800008653,0018-03-10 15:20:00,18,3,10,15,20,130,55,Avenue ODESSA,43.24355,5.36961,Plein jour,En agglomération,Hors intersection,Normale,Deux véhicules - arrière,,,,,,,,,,,1,2,1,1.0,2.0
201800008654,0018-03-11 10:45:00,18,3,11,10,45,130,55,"00, CHARTREUX (AVENUE DE",43.30801,5.40012,Plein jour,En agglomération,Intersection en T,Normale,Deux véhicules - côté,,,,,,,,,,,1,2,3,1.0,3.0
201800008655,0018-03-12 07:30:00,18,3,12,7,30,130,55,Collège Roy d'Espagne,43.24069,5.397,Crépuscule ou aube,En agglomération,Place,Normale,Autre collision,,,,,,,,,,,2,2,7,1.0,6.0
201800008656,0018-03-12 15:00:00,18,3,12,15,0,130,55,22 Av de la Croix Rouge,43.33066,5.43093,Plein jour,En agglomération,Hors intersection,Normale,Autre collision,,,,,,,,,,,1,2,1,1.0,6.0
201800008657,0018-03-12 15:30:00,18,3,12,15,30,130,55,254 Av des Peintres Roux,43.29761,5.47958,Plein jour,En agglomération,Giratoire,Normale,Deux véhicules - arrière,,,,,,,,,,,1,2,6,1.0,2.0
201800008658,0018-03-12 17:30:00,18,3,12,17,30,130,55,"15, CHUTES LAVI (AVENUE)",43.31347,5.39704,Plein jour,En agglomération,Hors intersection,Normale,Autre collision,,,,,,,,,,,1,2,1,1.0,6.0
201800008659,0018-03-12 09:45:00,18,3,12,9,45,130,55,"28, PADOUANE (BD DE LA )",43.35326,5.36976,Plein jour,En agglomération,Intersection en X,Normale,Autre collision,,,,,,,,,,,1,2,2,1.0,6.0
201800008660,0018-03-13 08:30:00,18,3,13,8,30,130,55,"129, OLIVES (AVENUE DES)",43.32657,5.43816,Plein jour,En agglomération,Intersection en T,Normale,Deux véhicules - côté,,,,,,,,,,,1,2,3,1.0,3.0
201800008661,0018-03-13 09:50:00,18,3,13,9,50,130,55,43 Rue Dr Escat,43.28348,5.38234,Plein jour,En agglomération,Intersection en X,Normale,Trois véhicules et plus - collisions multiples,,,,,,,,,,,1,2,2,1.0,5.0
201800008662,0018-03-13 17:00:00,18,3,13,17,0,130,55,"62, PIERRE DOIZE  (RUE)",43.27947,5.42871,Plein jour,En agglomération,Hors intersection,Normale,Deux véhicules - côté,,,,,,,,,,,1,2,1,1.0,3.0
201800008663,0018-03-13 21:00:00,18,3,13,21,0,130,55,32 Rue Maréchal Fayolle,43.3,5.39857,Nuit avec éclairage allumé,En agglomération,Hors intersection,Normale,Autre collision,,,,,,,,,,,5,2,1,1.0,6.0
201800008664,0018-03-14 00:05:00,18,3,14,0,5,130,55,"256, ROGER SALENGRO (AVE",43.32178,5.36765,Nuit avec éclairage allumé,En agglomération,Hors intersection,Normale,Deux véhicules - côté,,,,,,,,,,,5,2,1,1.0,3.0
201800008665,0018-03-14 12:00:00,18,3,14,12,0,130,55,PEYSSONNEL (RUE),43.30768,5.37256,Plein jour,En agglomération,Intersection en T,Normale,Deux véhicules - côté,,,,,,,,,,,1,2,3,1.0,3.0
201800008666,0018-03-14 12:15:00,18,3,14,12,15,130,55,"25, SABLIER (BOULEVARD D",43.25265,5.38215,Plein jour,En agglomération,Hors intersection,Normale,Deux véhicules - côté,,,,,,,,,,,1,2,1,1.0,3.0
201800008667,0018-02-22 11:45:00,18,2,22,11,45,130,55,"8, ATHENES (BOULEVARD D'",43.29981,5.38083,Plein jour,En agglomération,Hors intersection,Normale,Deux véhicules - côté,,,,,,,,,,,1,2,1,1.0,3.0
201800008668,0018-03-14 16:39:00,18,3,14,16,39,130,55,ST JOSEPH A STE MART,43.3453,5.38265,Plein jour,En agglomération,Intersection en X,Normale,Deux véhicules - côté,,,,,,,,,,,1,2,2,1.0,3.0
201800008669,0018-03-14 15:00:00,18,3,14,15,0,130,55,2 place général férié,43.27752,5.39913,Plein jour,En agglomération,Place,Normale,Autre collision,,,,,,,,,,,1,2,7,1.0,6.0
201800008670,0018-03-15 09:50:00,18,3,15,9,50,130,55,4 Bd Baille,43.28617,5.38496,Plein jour,En agglomération,Hors intersection,Pluie légère,Autre collision,,,,,,,,,,,1,2,1,2.0,6.0
201800008671,0018-03-15 08:30:00,18,3,15,8,30,130,75,"00, ANDRE MALRAUX (BD)",43.34627,5.46054,Plein jour,En agglomération,Intersection en X,Pluie légère,Deux véhicules - côté,,,,,,,,,,,1,2,2,2.0,3.0
201800008672,0018-02-15 13:15:00,18,2,15,13,15,130,55,4 Av de la Corse,43.28979,5.36585,Plein jour,En agglomération,Hors intersection,Temps couvert,Deux véhicules - arrière,,,,,,,,,,,1,2,1,8.0,2.0
201800008673,0018-03-15 12:30:00,18,3,15,12,30,130,55,"112, HAMBOURG (BOULEVARD",43.24962,5.38909,Plein jour,En agglomération,Hors intersection,Pluie forte,Autre collision,,,,,,,,,,,1,2,1,3.0,6.0
201800008674,0018-03-15 15:35:00,18,3,15,15,35,130,55,"00, FRANCOISE DUPARC (BO",43.3094,5.40295,Plein jour,En agglomération,Hors intersection,Normale,Autre collision,,,,,,,,,,,1,2,1,1.0,6.0
201800008675,0018-03-15 19:19:00,18,3,15,19,19,130,55,"45, MAURIAC (RUE)",43.27594,5.41743,Nuit avec éclairage allumé,En agglomération,Intersection en X,Normale,Deux véhicules - arrière,,,,,,,,,,,5,2,2,1.0,2.0
201800008676,0018-03-16 00:05:00,18,3,16,0,5,130,55,8 Rue des Catalans,43.29088,5.35594,Nuit avec éclairage allumé,En agglomération,Hors intersection,Normale,Autre collision,,,,,,,,,,,5,2,1,1.0,6.0
201800008677,0018-03-16 07:20:00,18,3,16,7,20,130,55,80 Bld de Saint-Marcel,43.2888,5.46133,Plein jour,En agglomération,Intersection en T,Normale,Deux véhicules - arrière,,,,,,,,,,,1,2,3,1.0,2.0
201800008678,0018-03-16 08:30:00,18,3,16,8,30,130,55,73 Av de la Capelette,43.28267,5.40265,Plein jour,En agglomération,Hors intersection,Normale,Autre collision,,,,,,,,,,,1,2,1,1.0,6.0
201800008679,0018-03-16 08:00:00,18,3,16,8,0,130,55,"422, PRADO (Avenue du)",43.26574,5.38113,Plein jour,En agglomération,Hors intersection,Normale,Autre collision,,,,,,,,,,,1,2,1,1.0,6.0
201800008680,0018-03-16 11:50:00,18,3,16,11,50,130,55,26 Rue George,43.29754,5.39767,Plein jour,En agglomération,Hors intersection,Normale,Autre collision,,,,,,,,,,,1,2,1,1.0,6.0
201800008681,0018-03-16 12:20:00,18,3,16,12,20,130,55,"8, DESAUTEL (AVENUE)",43.25263,5.40361,Plein jour,En agglomération,Intersection en X,Normale,Deux véhicules - arrière,,,,,,,,,,,1,2,2,1.0,2.0
201800008682,0018-03-16 13:18:00,18,3,16,13,18,130,55,38 Av des Caillols,43.30398,5.4249,Plein jour,En agglomération,Hors intersection,Normale,Autre collision,,,,,,,,,,,1,2,1,1.0,6.0
201800008683,0018-03-16 15:00:00,18,3,16,15,0,130,55,"00, CHARLES LIVON (BOULE",43.29218,5.36359,Plein jour,En agglomération,Hors intersection,Normale,Deux véhicules - arrière,,,,,,,,,,,1,2,1,1.0,2.0
201800008684,0018-03-16 17:30:00,18,3,16,17,30,130,55,98 Bd de la Blancarde,43.3032,5.40313,Plein jour,En agglomération,Intersection en T,Normale,Autre collision,,,,,,,,,,,1,2,3,1.0,6.0
201800008685,0018-03-16 14:50:00,18,3,16,14,50,130,55,"00, SAINT JACQUES (RUE)",43.28895,5.38003,Plein jour,En agglomération,Intersection en X,Normale,Autre collision,,,,,,,,,,,1,2,2,1.0,6.0
201800008686,0018-03-16 20:13:00,18,3,16,20,13,130,55,"00, FIFI TURIN (RUE)",43.27912,5.41223,Nuit avec éclairage allumé,En agglomération,Intersection en T,Normale,Deux véhicules - côté,,,,,,,,,,,5,2,3,1.0,3.0
201800008687,0018-03-16 20:17:00,18,3,16,20,17,130,55,57 Route Léon Lachamp,43.24616,5.4311,Nuit avec éclairage allumé,En agglomération,Intersection en T,Normale,Deux véhicules - arrière,,,,,,,,,,,5,2,3,1.0,2.0
201800008688,0018-03-16 22:00:00,18,3,16,22,0,130,55,"399, PARADIS (RUE)",43.27514,5.38448,Nuit avec éclairage allumé,En agglomération,Hors intersection,Temps couvert,Deux véhicules - arrière,,,,,,,,,,,5,2,1,8.0,2.0
201800008689,0018-03-17 09:35:00,18,3,17,9,35,130,55,410 Av de Montolivet,43.3182,5.42283,Plein jour,En agglomération,Hors intersection,Normale,Deux véhicules - côté,,,,,,,,,,,1,2,1,1.0,3.0
201800008690,0018-03-17 12:30:00,18,3,17,12,30,130,55,"5, BEL AIR (RUE)",43.28958,5.38238,Plein jour,En agglomération,Intersection en X,Normale,Deux véhicules - côté,,,,,,,,,,,1,2,2,1.0,3.0
201800008691,0018-03-17 14:10:00,18,3,17,14,10,130,55,1 Rue de la Charité,43.30017,5.36732,Plein jour,En agglomération,Hors intersection,Normale,Autre collision,,,,,,,,,,,1,2,1,1.0,6.0
201800008692,0018-03-17 19:00:00,18,3,17,19,0,130,55,"10, GUSTAVE GANAY (BOULE",43.26563,5.39894,Plein jour,En agglomération,Intersection en T,Normale,Deux véhicules - côté,,,,,,,,,,,1,2,3,1.0,3.0
201800008693,0018-03-17 20:50:00,18,3,17,20,50,130,55,148 Rue du Rouet,43.27843,5.3923,Nuit avec éclairage allumé,En agglomération,Intersection en X,Normale,Deux véhicules - côté,,,,,,,,,,,5,2,2,1.0,3.0