accident_id,datetime,annee,mois,jour,heure,minute,departement,commune_insee,adresse,latitude,longitude,luminosite,agglomeration,intersection,meteo,collision,nb_vehicules,nb_usagers,nb_indemnes,nb_tues,nb_blesses_hosp,nb_blesses_legers,age_cond_1,age_cond_2,veh_type_cond_1,veh_type_cond_2,lum_code,agg_code,int_code,atm_code,col_code
201800008813,0018-04-06 16:50:00,18,4,6,16,50,130,55,CHARLES LIVON (BOULEVARD,43.29201,5.35894,Plein jour,En agglomération,Intersection en T,Normale,Deux véhicules - côté,,,,,,,,,,,1,2,3,1.0,3.0
201800008814,0018-04-06 18:30:00,18,4,6,18,30,130,55,41 Rue de la République,43.29998,5.37102,Plein jour,En agglomération,Hors intersection,Normale,Autre collision,,,,,,,,,,,1,2,1,1.0,6.0
201800008815,0018-04-06 22:05:00,18,4,6,22,5,130,55,ALEX. FLEMING (BOULEVARD,43.31653,5.39697,Nuit avec éclairage allumé,En agglomération,Intersection en T,Normale,Deux véhicules - arrière,,,,,,,,,,,5,2,3,1.0,2.0
201800008816,0018-04-07 09:20:00,18,4,7,9,20,130,55,ANTOINE DEL BELLO (RUE),43.28219,5.41188,Plein jour,En agglomération,Hors intersection,Normale,Deux véhicules - côté,,,,,,,,,,,1,2,1,1.0,3.0
201800008817,0018-04-07 11:15:00,18,4,7,11,15,130,55,BERTHIER (BOULEVARD),43.29334,5.43443,Plein jour,En agglomération,Hors intersection,Normale,Deux véhicules - arrière,,,,,,,,,,,1,2,1,1.0,2.0
201800008818,0018-04-07 13:15:00,18,4,7,13,15,130,55,ROMAIN ROLLAND (BOULEVAR,43.27652,5.41842,Plein jour,En agglomération,Hors intersection,Normale,Deux véhicules - arrière,,,,,,,,,,,1,2,1,1.0,2.0
201800008819,0018-04-07 18:10:00,18,4,7,18,10,130,55,182 Bd Jean Moulin,43.28178,5.39929,Plein jour,En agglomération,Hors intersection,Normale,Trois véhicules et plus - en chaîne,,,,,,,,,,,1,2,1,1.0,4.0
201800008820,0018-04-07 22:00:00,18,4,7,22,0,130,55,DE LA SOLITUDE (TRAVERSE,43.28145,5.50205,Nuit avec éclairage allumé,En agglomération,Hors intersection,Normale,Autre collision,,,,,,,,,,,5,2,1,1.0,6.0
201800008821,0018-04-07 23:00:00,18,4,7,23,0,130,55,79 Cours Pierre Puget,43.28993,5.37259,Nuit avec éclairage allumé,En agglomération,Intersection en X,Normale,Autre collision,,,,,,,,,,,5,2,2,1.0,6.0
201800008822,0018-04-08 03:25:00,18,4,8,3,25,130,55,1 Rue Mirès,43.31168,5.37165,Nuit avec éclairage allumé,En agglomération,Hors intersection,Normale,Autre collision,,,,,,,,,,,5,2,1,1.0,6.0
201800008823,0018-03-29 06:45:00,18,3,29,6,45,130,55,4 Bd Guillermin,43.33347,5.43249,Plein jour,En agglomération,Hors intersection,Normale,Autre collision,,,,,,,,,,,1,2,1,1.0,6.0
201800008824,0018-04-08 12:55:00,18,4,8,12,55,130,55,SAINT PIERRE (RUE),43.29172,5.40338,Plein jour,En agglomération,Hors intersection,Normale,Deux véhicules - côté,,,,,,,,,,,1,2,1,1.0,3.0
201800008825,0018-04-08 20:56:00,18,4,8,20,56,130,55,47 Cours Julien,43.29406,5.38343,Crépuscule ou aube,En agglomération,Intersection en T,Normale,Deux véhicules - côté,,,,,,,,,,,2,2,3,1.0,3.0
201800008826,0018-04-09 08:20:00,18,4,9,8,20,130,55,Bd des Bassins de Radoub,43.3226,5.3618,Plein jour,En agglomération,Hors intersection,Pluie légère,Deux véhicules - côté,,,,,,,,,,,1,2,1,2.0,3.0
201800008827,0018-04-09 12:50:00,18,4,9,12,50,130,55,8 Allée Léon Gambetta,43.29912,5.38128,Plein jour,En agglomération,Hors intersection,Normale,Autre collision,,,,,,,,,,,1,2,1,1.0,6.0
201800008828,0018-04-09 17:30:00,18,4,9,17,30,130,55,JOLIETTE (QUAI DE LA),43.30346,5.36479,Plein jour,En agglomération,Hors intersection,Normale,Deux véhicules - arrière,,,,,,,,,,,1,2,1,1.0,2.0
201800008829,0018-04-09 17:10:00,18,4,9,17,10,130,55,253 Av. Capelette,43.27942,5.41124,Plein jour,En agglomération,Hors intersection,Normale,Deux véhicules - côté,,,,,,,,,,,1,2,1,1.0,3.0
201800008830,0018-04-10 06:10:00,18,4,10,6,10,130,55,AVENUE DES AYGALADES,43.33378,5.36802,Nuit avec éclairage allumé,En agglomération,Hors intersection,Pluie légère,Autre collision,,,,,,,,,,,5,2,1,2.0,6.0
201800008831,0018-04-06 13:15:00,18,4,6,13,15,130,55,Bd Françoise Duparc,43.30291,5.40058,Plein jour,En agglomération,Intersection en X,Normale,Deux véhicules - côté,,,,,,,,,,,1,2,2,1.0,3.0
201800008832,0018-04-10 12:15:00,18,4,10,12,15,130,55,16 Rue Sainte-Barbe,43.30037,5.37448,Plein jour,En agglomération,Hors intersection,Normale,Deux véhicules - arrière,,,,,,,,,,,1,2,1,1.0,2.0
201800008833,0018-04-10 13:45:00,18,4,10,13,45,130,55,ITALIE (RUE D'),43.28884,5.3829,Plein jour,En agglomération,Intersection en X,Normale,Deux véhicules - côté,,,,,,,,,,,1,2,2,1.0,3.0
201800008834,0018-04-10 12:45:00,18,4,10,12,45,130,55,SAINT MARCEL BOULEVARD,43.28878,5.46134,Plein jour,En agglomération,Intersection en Y,Normale,Deux véhicules - côté,,,,,,,,,,,1,2,4,1.0,3.0
201800008835,0018-04-10 13:55:00,18,4,10,13,55,130,55,SAINT ANTOINE (AVENUE DE,43.37666,5.35627,Plein jour,En agglomération,Hors intersection,Normale,Trois véhicules et plus - collisions multiples,,,,,,,,,,,1,2,1,1.0,5.0
201800008836,0018-04-10 13:20:00,18,4,10,13,20,130,55,LOUIS REGIS (RUE),43.28864,5.499,Plein jour,En agglomération,Intersection en X,Normale,Deux véhicules - côté,,,,,,,,,,,1,2,2,1.0,3.0
201800008837,0018-04-06 18:45:00,18,4,6,18,45,130,55,BOURGEOIS (RUE LON),43.30159,5.39133,Plein jour,En agglomération,Hors intersection,Normale,Deux véhicules - côté,,,,,,,,,,,1,2,1,1.0,3.0
201800008838,0018-04-11 09:40:00,18,4,11,9,40,130,55,BENJAMIN DELESSERT (RUE),43.28444,5.40462,Plein jour,En agglomération,Intersection en T,Pluie légère,Deux véhicules - frontale,,,,,,,,,,,1,2,3,2.0,1.0
201800008839,0018-04-11 10:30:00,18,4,11,10,30,130,55,BONNEFOY (RUE),43.27945,5.39951,Plein jour,En agglomération,Hors intersection,Pluie légère,Deux véhicules - arrière,,,,,,,,,,,1,2,1,2.0,2.0
201800008840,0018-04-11 13:00:00,18,4,11,13,0,130,55,LOUBIERE (RUE DE LA),43.29049,5.38911,Plein jour,En agglomération,Intersection en Y,Pluie légère,Deux véhicules - côté,,,,,,,,,,,1,2,4,2.0,3.0
201800008841,0018-04-11 15:05:00,18,4,11,15,5,130,55,ENDOUME (RUE D'),43.28525,5.36011,Plein jour,En agglomération,Hors intersection,Pluie forte,Autre collision,,,,,,,,,,,1,2,1,3.0,6.0
201800008842,0018-04-11 17:55:00,18,4,11,17,55,130,55,VALLON DE TOULOUSE (RUE),43.26804,5.41837,Plein jour,En agglomération,Intersection en Y,Pluie forte,Deux véhicules - côté,,,,,,,,,,,1,2,4,3.0,3.0
201800008843,0018-04-11 17:30:00,18,4,11,17,30,130,55,DOCTEUR LON IMBERT (PLA,43.29431,5.39788,Plein jour,En agglomération,Place,Pluie forte,Deux véhicules - arrière,,,,,,,,,,,1,2,7,3.0,2.0
201800008844,0018-04-12 08:50:00,18,4,12,8,50,130,55,ROND-POINTALAIN SAVARY,43.24587,5.39505,Plein jour,En agglomération,Hors intersection,Pluie forte,Deux véhicules - arrière,,,,,,,,,,,1,2,1,3.0,2.0
201800008845,0018-04-12 08:25:00,18,4,12,8,25,130,55,MAZARGUES (AVENUE DE),43.2647,5.3916,Plein jour,En agglomération,Hors intersection,Pluie forte,Autre collision,,,,,,,,,,,1,2,1,3.0,6.0
201800008846,0018-04-12 13:50:00,18,4,12,13,50,130,55,PARADIS (RUE),43.27183,5.38592,Plein jour,En agglomération,Hors intersection,Normale,Deux véhicules - arrière,,,,,,,,,,,1,2,1,1.0,2.0
201800008847,0018-04-12 18:15:00,18,4,12,18,15,130,55,51 Rue Loubon,43.31241,5.38004,Plein jour,En agglomération,Hors intersection,Normale,Trois véhicules et plus - en chaîne,,,,,,,,,,,1,2,1,1.0,4.0
201800008848,0018-04-12 20:00:00,18,4,12,20,0,130,55,ANDRE ZENATTI (AVENUE),43.24621,5.38863,Nuit avec éclairage allumé,En agglomération,Intersection en X,Pluie légère,Deux véhicules - côté,,,,,,,,,,,5,2,2,2.0,3.0
201800008849,0018-04-13 10:50:00,18,4,13,10,50,130,55,188 Av de Toulon,43.28487,5.39458,Plein jour,En agglomération,Hors intersection,Normale,Deux véhicules - frontale,,,,,,,,,,,1,2,1,1.0,1.0
201800008850,0018-04-13 12:15:00,18,4,13,12,15,130,55,REDON (BOULEVARD DU),43.24793,5.42392,Plein jour,En agglomération,Intersection en Y,Normale,Deux véhicules - côté,,,,,,,,,,,1,2,4,1.0,3.0
201800008851,0018-04-13 18:00:00,18,4,13,18,0,130,55,MADRAGUE VILLE (chemin d,43.33247,5.3589,Plein jour,En agglomération,Intersection en T,Normale,Deux véhicules - côté,,,,,,,,,,,1,2,3,1.0,3.0
201800008852,0018-04-14 03:20:00,18,4,14,3,20,130,55,Av; Peintres Roux,43.30605,5.46971,Nuit avec éclairage allumé,En agglomération,Giratoire,Pluie légère,Sans collision,,,,,,,,,,,5,2,6,2.0,7.0
201800008853,0018-04-14 03:00:00,18,4,14,3,0,130,55,ODDO (bd),43.32891,5.36432,Nuit avec éclairage non allumé,En agglomération,Hors intersection,Normale,Deux véhicules - arrière,,,,,,,,,,,4,2,1,1.0,2.0
201800008854,0018-04-14 08:45:00,18,4,14,8,45,130,55,18 Av du Corps Expéditio,43.28039,5.44217,Plein jour,En agglomération,Hors intersection,Normale,Deux véhicules - côté,,,,,,,,,,,1,2,1,1.0,3.0
201800008855,0018-04-14 21:00:00,18,4,14,21,0,130,55,BOULEVARD DEPLOMBIERES,43.31607,5.38403,Nuit avec éclairage allumé,En agglomération,Intersection en X,Normale,Deux véhicules - côté,,,,,,,,,,,5,2,2,1.0,3.0
201800008856,0018-04-14 20:40:00,18,4,14,20,40,130,55,VALBARELLE (BOULEVARD DE,43.28584,5.44256,Nuit avec éclairage allumé,En agglomération,Hors intersection,Normale,Deux véhicules - côté,,,,,,,,,,,5,2,1,1.0,3.0
201800008857,0018-04-15 00:40:00,18,4,15,0,40,130,55,BD MAURICE BOURDET,43.3033,5.37902,Nuit avec éclairage allumé,En agglomération,Intersection en X,Normale,Deux véhicules - côté,,,,,,,,,,,5,2,2,1.0,3.0
201800008858,0018-04-14 18:20:00,18,4,14,18,20,130,55,70 Bd de Paris,43.30839,5.37102,Plein jour,En agglomération,Hors intersection,Temps couvert,Deux véhicules - arrière,,,,,,,,,,,1,2,1,8.0,2.0
201800008859,0018-04-15 19:15:00,18,4,15,19,15,130,55,LA MARTINE (CHEMIN DU),43.37541,5.36461,Plein jour,En agglomération,Hors intersection,Normale,Autre collision,,,,,,,,,,,1,2,1,1.0,6.0
201800008860,0018-04-15 18:15:00,18,4,15,18,15,130,55,PRADO (AVENUE DU),43.2635,5.37731,Plein jour,En agglomération,Hors intersection,Normale,Deux véhicules - arrière,,,,,,,,,,,1,2,1,1.0,2.0
201800008861,0018-04-15 19:45:00,18,4,15,19,45,130,55,POMME (BOULEVARD DE LA ),43.29353,5.45241,Crépuscule ou aube,En agglomération,Intersection en X,Normale,Autre collision,,,,,,,,,,,2,2,2,1.0,6.0
201800008862,0018-04-16 01:03:00,18,4,16,1,3,130,55,ROBERT SCHUMANN (AVENUE),43.3031,5.3666,Nuit avec éclairage allumé,En agglomération,Intersection en X,Normale,Deux véhicules - côté,,,,,,,,,,,5,2,2,1.0,3.0
201800008863,0018-04-16 00:01:00,18,4,16,0,1,130,55,chemin de la LA NERTHE,43.36334,5.31441,Nuit avec éclairage non allumé,En agglomération,Hors intersection,Normale,Deux véhicules - frontale,,,,,,,,,,,4,2,1,1.0,1.0
201800008864,0018-04-11 16:53:00,18,4,11,16,53,130,55,BD SAKAKINI,43.29749,5.40087,Plein jour,En agglomération,Intersection en X,Pluie forte,Deux véhicules - côté,,,,,,,,,,,1,2,2,3.0,3.0
201800008865,0018-04-16 15:00:00,18,4,16,15,0,130,55,61 Rue Raymond Teisseire,43.27187,5.39987,Plein jour,En agglomération,Hors intersection,Normale,Deux véhicules - arrière,,,,,,,,,,,1,2,1,1.0,2.0
201800008866,0018-04-16 18:20:00,18,4,16,18,20,130,55,ROY D'ESPAGNE (CHEMIN),43.24414,5.39644,Plein jour,En agglomération,Hors intersection,Temps éblouissant,Deux véhicules - frontale,,,,,,,,,,,1,2,1,7.0,1.0
201800008867,0018-04-16 19:20:00,18,4,16,19,20,130,55,VERDILLON (RUE),43.27498,5.42583,Plein jour,En agglomération,Hors intersection,Normale,Deux véhicules - arrière,,,,,,,,,,,1,2,1,1.0,2.0
201800008868,0018-04-13 18:30:00,18,4,13,18,30,130,55,BAILLE (BOULEVARD),43.28998,5.39884,Plein jour,En agglomération,Intersection en X,Pluie légère,Autre collision,,,,,,,,,,,1,2,2,2.0,6.0
201800008869,0018-04-17 09:54:00,18,4,17,9,54,130,55,PARIS (BOULEVARD DE),43.30621,5.37227,Plein jour,En agglomération,Intersection en X,Normale,Deux véhicules - côté,,,,,,,,,,,1,2,2,1.0,3.0
201800008870,0018-04-17 10:55:00,18,4,17,10,55,130,55,8 Av. de St-Antoine,43.36666,5.35674,Plein jour,En agglomération,Hors intersection,Normale,Deux véhicules - côté,,,,,,,,,,,1,2,1,1.0,3.0
201800008871,0018-04-17 11:15:00,18,4,17,11,15,130,55,LIEUTAUD (COURS),43.28731,5.38502,Plein jour,En agglomération,Hors intersection,Normale,Autre collision,,,,,,,,,,,1,2,1,1.0,6.0
201800008872,0018-04-18 00:01:00,18,4,18,0,1,130,55,ROVE (ROUTE DU),43.36033,5.29586,Nuit avec éclairage allumé,En agglomération,Hors intersection,Normale,Autre collision,,,,,,,,,,,5,2,1,1.0,6.0
201800008873,0018-04-17 15:11:00,18,4,17,15,11,130,55,SAINT ANTOINE (AVENUE DE,43.37424,5.35572,Plein jour,En agglomération,Hors intersection,Normale,Deux véhicules - côté,,,,,,,,,,,1,2,1,1.0,3.0
201800008874,0018-04-13 08:30:00,18,4,13,8,30,130,55,MORETTI (BOULEVARD),43.32506,5.38208,Plein jour,En agglomération,Hors intersection,Normale,Deux véhicules - côté,,,,,,,,,,,1,2,1,1.0,3.0
201800008875,0018-04-18 17:15:00,18,4,18,17,15,130,55,ENCO DE BOTTE (RTE),43.3143,5.4667,Plein jour,En agglomération,Hors intersection,Normale,Sans collision,,,,,,,,,,,1,2,1,1.0,7.0
201800008876,0018-04-19 08:00:00,18,4,19,8,0,130,55,18 Bd des Bassins de Rad,43.32053,5.3626,Plein jour,En agglomération,Hors intersection,Normale,Deux véhicules - côté,,,,,,,,,,,1,2,1,1.0,3.0
201800008877,0018-04-19 08:25:00,18,4,19,8,25,130,55,MIREILLE LAUZE (Bd),43.28675,5.43123,Plein jour,En agglomération,Hors intersection,Normale,Deux véhicules - côté,,,,,,,,,,,1,2,1,1.0,3.0
201800008878,0018-04-19 12:05:00,18,4,19,12,5,130,55,194 Rue de Rome,43.28667,5.38325,Plein jour,En agglomération,Intersection en Y,Normale,Autre collision,,,,,,,,,,,1,2,4,1.0,6.0
201800008879,0018-04-19 08:10:00,18,4,19,8,10,130,55,REDON (BOULEVARD DU),43.24567,5.4261,Plein jour,En agglomération,Intersection en T,Normale,Deux véhicules - côté,,,,,,,,,,,1,2,3,1.0,3.0
201800008880,0018-04-19 10:30:00,18,4,19,10,30,130,55,95 Av Jean Lombard,43.28935,5.43775,Plein jour,En agglomération,Hors intersection,Normale,Deux véhicules - arrière,,,,,,,,,,,1,2,1,1.0,2.0
201800008881,0018-04-19 12:15:00,18,4,19,12,15,130,55,65 Corniche J F K,43.28995,5.35578,Plein jour,En agglomération,Autre intersection,Temps éblouissant,Deux véhicules - côté,,,,,,,,,,,1,2,9,7.0,3.0
201800008882,0018-04-20 05:45:00,18,4,20,5,45,130,55,203 Av Pierre Mendès Fra,43.25138,5.37571,Nuit avec éclairage allumé,En agglomération,Hors intersection,Normale,Deux véhicules - côté,,,,,,,,,,,5,2,1,1.0,3.0
201800008883,0018-04-20 10:30:00,18,4,20,10,30,130,55,FRANOISE DUPARC (BOULEV,43.30119,5.40103,Plein jour,En agglomération,Hors intersection,Normale,Deux véhicules - côté,,,,,,,,,,,1,2,1,1.0,3.0
201800008884,0018-04-20 12:38:00,18,4,20,12,38,130,55,MILLIE MATHYS (AVENUE),43.36508,5.34707,Plein jour,En agglomération,Giratoire,Normale,Deux véhicules - arrière,,,,,,,,,,,1,2,6,1.0,2.0
201800008885,0018-04-20 18:45:00,18,4,20,18,45,130,2,14 Av Jean Moulin,43.35923,5.48767,Plein jour,En agglomération,Hors intersection,Normale,Autre collision,,,,,,,,,,,1,2,1,1.0,6.0
201800008886,0018-04-20 21:15:00,18,4,20,21,15,130,55,MARCHAL DE LATTRE (AVEN,43.25005,5.40438,Nuit avec éclairage allumé,En agglomération,Intersection en X,Normale,Deux véhicules - côté,,,,,,,,,,,5,2,2,1.0,3.0
201800008887,0018-04-21 17:05:00,18,4,21,17,5,130,55,14 Bd de la Station,43.33279,5.38451,Plein jour,En agglomération,Hors intersection,Normale,Deux véhicules - frontale,,,,,,,,,,,1,2,1,1.0,1.0
201800008888,0018-04-21 17:30:00,18,4,21,17,30,130,55,Corniche JFK,43.28064,5.35258,Plein jour,En agglomération,Hors intersection,Normale,Autre collision,,,,,,,,,,,1,2,1,1.0,6.0
201800008889,0018-04-21 23:00:00,18,4,21,23,0,130,55,141 Route Léon Lachamp,43.24875,5.44096,Nuit avec éclairage allumé,En agglomération,Hors intersection,Normale,Deux véhicules - côté,,,,,,,,,,,5,2,1,1.0,3.0
201800008890,0018-04-17 19:22:00,18,4,17,19,22,130,55,SAINT JUST (AVENUE DE),,,Plein jour,En agglomération,Autre intersection,Normale,Deux véhicules - côté,,,,,,,,,,,1,2,9,1.0,3.0
201800008891,0018-04-22 06:15:00,18,4,22,6,15,130,55,ROGER SALENGRO (AVENUE),43.3167,5.36911,Crépuscule ou aube,En agglomération,Intersection en X,Normale,Deux véhicules - côté,,,,,,,,,,,2,2,2,1.0,3.0
201800008892,0018-04-22 11:30:00,18,4,22,11,30,130,55,53 Av. Clot Bey,43.26007,5.38685,Plein jour,En agglomération,Hors intersection,Normale,Deux véhicules - arrière,,,,,,,,,,,1,2,1,1.0,2.0
201800008893,0018-04-22 08:10:00,18,4,22,8,10,130,55,PRADO (AVENUE DU),43.26801,5.38434,Plein jour,En agglomération,Hors intersection,Normale,Deux véhicules - côté,,,,,,,,,,,1,2,1,1.0,3.0
201800008894,0018-04-22 13:45:00,18,4,22,13,45,130,55,32 Bd Schloesing,43.27275,5.40088,Plein jour,En agglomération,Hors intersection,Normale,Deux véhicules - arrière,,,,,,,,,,,1,2,1,1.0,2.0
201800008895,0018-04-23 08:30:00,18,4,23,8,30,130,55,PIERRE DOIZE  (RUE),43.27811,5.42763,Plein jour,En agglomération,Giratoire,Normale,Deux véhicules - côté,,,,,,,,,,,1,2,6,1.0,3.0
201800008896,0018-04-23 20:15:00,18,4,23,20,15,130,55,Av; MENDES FRANCE,43.2599,5.37537,Crépuscule ou aube,En agglomération,Hors intersection,Normale,Deux véhicules - côté,,,,,,,,,,,2,2,1,1.0,3.0
201800008897,0018-04-23 21:10:00,18,4,23,21,10,130,55,FRANOISE DUPARC (BOULEV,43.30294,5.40087,Nuit avec éclairage allumé,En agglomération,Intersection en X,Normale,Autre collision,,,,,,,,,,,5,2,2,1.0,6.0
201800008898,0018-04-23 23:50:00,18,4,23,23,50,130,55,189 Corniche JFK,43.28407,5.34988,Nuit avec éclairage allumé,En agglomération,Hors intersection,Normale,Deux véhicules - côté,,,,,,,,,,,5,2,1,1.0,3.0
201800008899,0018-04-24 07:45:00,18,4,24,7,45,130,55,1 Av Général Leclerc,43.30328,5.37898,Plein jour,En agglomération,Intersection en T,Normale,Deux véhicules - côté,,,,,,,,,,,1,2,3,1.0,3.0
201800008900,0018-04-24 09:10:00,18,4,24,9,10,130,55,ROMAIN ROLLAND (BOULEVAR,43.27952,5.42355,Plein jour,En agglomération,Autre intersection,Normale,Deux véhicules - arrière,,,,,,,,,,,1,2,9,1.0,2.0
201800008901,0018-04-23 18:40:00,18,4,23,18,40,130,55,JEAN MOULIN (BOULEVARD),43.29319,5.40319,Plein jour,En agglomération,Hors intersection,Normale,Deux véhicules - arrière,,,,,,,,,,,1,2,1,1.0,2.0
201800008902,0018-04-23 15:15:00,18,4,23,15,15,130,55,3 Rue des Catalans,43.2911,5.3558,Plein jour,En agglomération,Hors intersection,Normale,Autre collision,,,,,,,,,,,1,2,1,1.0,6.0
201800008903,0018-04-24 11:55:00,18,4,24,11,55,130,55,207 Route Léon Lachamp,43.24955,5.44899,Plein jour,En agglomération,Hors intersection,Normale,Sans collision,,,,,,,,,,,1,2,1,1.0,7.0
201800008904,0018-04-24 15:15:00,18,4,24,15,15,130,55,AVENUE DU PRADO,43.26397,5.378,Plein jour,En agglomération,Hors intersection,Normale,Deux véhicules - arrière,,,,,,,,,,,1,2,1,1.0,2.0
201800008905,0018-04-22 05:00:00,18,4,22,5,0,130,55,ROMAIN ROLLAND (BOULEVAR,43.27461,5.41523,Nuit avec éclairage allumé,En agglomération,Intersection en T,Normale,Deux véhicules - côté,,,,,,,,,,,5,2,3,1.0,3.0
201800008906,0018-04-25 09:20:00,18,4,25,9,20,130,55,MERLAN (AVENUE),43.33626,5.40729,Plein jour,En agglomération,Intersection en T,Normale,Autre collision,,,,,,,,,,,1,2,3,1.0,6.0
201800008907,0018-04-25 12:45:00,18,4,25,12,45,130,55,Place Général de Gaulle,43.2951,5.37606,Plein jour,En agglomération,Hors intersection,Normale,Autre collision,,,,,,,,,,,1,2,1,1.0,6.0
201800008908,0018-04-25 11:50:00,18,4,25,11,50,130,55,SAKAKINI (BOULEVARD),43.29754,5.40074,Plein jour,En agglomération,Hors intersection,Normale,Deux véhicules - arrière,,,,,,,,,,,1,2,1,1.0,2.0
201800008909,0018-04-25 14:00:00,18,4,25,14,0,130,55,L ARMEE D AFRIQUE (CHEMI,43.28755,5.41205,Plein jour,En agglomération,Hors intersection,Normale,Trois véhicules et plus - en chaîne,,,,,,,,,,,1,2,1,1.0,4.0
201800008910,0018-04-25 16:50:00,18,4,25,16,50,130,55,CANEBIERE     1 A 79,43.29729,5.38016,Plein jour,En agglomération,Intersection en Y,Normale,Deux véhicules - côté,,,,,,,,,,,1,2,4,1.0,3.0
201800008911,0018-04-25 18:30:00,18,4,25,18,30,130,55,MICHELET (BOULEVARD),43.25367,5.40193,Plein jour,En agglomération,Hors intersection,Normale,Deux véhicules - côté,,,,,,,,,,,1,2,1,1.0,3.0
201800008912,0018-04-25 18:00:00,18,4,25,18,0,130,55,MENDES FRANCE (AVENUE),43.25167,5.37562,Plein jour,En agglomération,Hors intersection,Normale,Autre collision,,,,,,,,,,,1,2,1,1.0,6.0
201800008913,0018-04-25 18:49:00,18,4,25,18,49,130,55,141 Av de Toulon,43.28492,5.39438,Plein jour,En agglomération,Hors intersection,Normale,Autre collision,,,,,,,,,,,1,2,1,1.0,6.0
201800008914,0018-04-25 21:15:00,18,4,25,21,15,130,55,48 Rue Aviateur le Brix,43.25994,5.40282,Nuit avec éclairage allumé,En agglomération,Hors intersection,Normale,Deux véhicules - frontale,,,,,,,,,,,5,2,1,1.0,1.0
201800008915,0018-04-25 23:40:00,18,4,25,23,40,130,55,139 Ch St-Joseph À Ste-M,43.34596,5.38144,Nuit avec éclairage allumé,En agglomération,Intersection en T,Normale,Deux véhicules - côté,,,,,,,,,,,5,2,3,1.0,3.0
201800008916,0018-04-25 20:50:00,18,4,25,20,50,130,55,CLAUDE MONET (avenue),43.32374,5.39313,Nuit avec éclairage allumé,En agglomération,Intersection en T,Normale,Deux véhicules - frontale,,,,,,,,,,,5,2,3,1.0,1.0
201800008917,0018-04-25 22:50:00,18,4,25,22,50,130,55,CAP PINEDE (Avenue),43.32901,5.36644,Nuit avec éclairage allumé,En agglomération,Hors intersection,Normale,Sans collision,,,,,,,,,,,5,2,1,1.0,7.0
201800008918,0018-04-26 08:10:00,18,4,26,8,10,130,55,CHEMIN DE CEZANNE,43.36896,5.31167,Plein jour,En agglomération,Intersection en T,Normale,Deux véhicules - côté,,,,,,,,,,,1,2,3,1.0,3.0
201800008919,0018-04-26 08:45:00,18,4,26,8,45,130,55,Corniche John Fitzgrald,43.27278,5.36287,Plein jour,En agglomération,Hors intersection,Normale,Deux véhicules - arrière,,,,,,,,,,,1,2,1,1.0,2.0
201800008920,0018-04-26 17:20:00,18,4,26,17,20,130,55,CORPS EXPEDITIONNAIRE FR,43.2792,5.44124,Plein jour,En agglomération,Hors intersection,Normale,Sans collision,,,,,,,,,,,1,2,1,1.0,7.0
201800008921,0018-04-27 00:01:00,18,4,27,0,1,130,55,409 Bd Michelet,43.25282,5.40272,Nuit avec éclairage allumé,En agglomération,Hors intersection,Normale,Deux véhicules - côté,,,,,,,,,,,5,2,1,1.0,3.0
201800008922,0018-04-27 11:54:00,18,4,27,11,54,130,55,Av Général Leclerc,43.3046,5.37512,Plein jour,En agglomération,Hors intersection,Normale,Deux véhicules - arrière,,,,,,,,,,,1,2,1,1.0,2.0
201800008923,0018-04-27 16:10:00,18,4,27,16,10,130,55,BARRAL PROLONGE ( Bd),43.26327,5.3899,Plein jour,En agglomération,Intersection en X,Normale,Autre collision,,,,,,,,,,,1,2,2,1.0,6.0
201800008924,0018-04-27 21:15:00,18,4,27,21,15,130,55,53 Allée des Tamaris,43.27138,5.41421,Nuit avec éclairage non allumé,En agglomération,Autre intersection,Normale,Autre collision,,,,,,,,,,,4,2,9,1.0,6.0
201800008925,0018-04-27 21:15:00,18,4,27,21,15,130,55,SAINT JEAN DU DESERT (CH,43.2938,5.4096,Nuit avec éclairage allumé,En agglomération,Intersection en X,Normale,Deux véhicules - frontale,,,,,,,,,,,5,2,2,1.0,1.0
201800008926,0018-04-28 13:00:00,18,4,28,13,0,130,55,SABLIERE (ROUTE DE LA),43.29333,5.47976,Plein jour,En agglomération,Hors intersection,Normale,Deux véhicules - côté,,,,,,,,,,,1,2,1,1.0,3.0
201800008927,0018-04-28 15:40:00,18,4,28,15,40,130,55,LYON (RUE DE),,,Plein jour,En agglomération,Giratoire,Normale,Deux véhicules - côté,,,,,,,,,,,1,2,6,1.0,3.0
201800008928,0018-04-28 18:35:00,18,4,28,18,35,130,55,134 Av. du 24 Avril 1915,43.30811,5.43484,Plein jour,En agglomération,Hors intersection,Normale,Autre collision,,,,,,,,,,,1,2,1,1.0,6.0
201800008929,0018-04-28 05:00:00,18,4,28,5,0,130,55,30 Rue de la Turbine,43.27691,5.3785,Nuit avec éclairage allumé,En agglomération,Hors intersection,Normale,Autre collision,,,,,,,,,,,5,2,1,1.0,6.0
201800008930,0018-04-28 23:45:00,18,4,28,23,45,130,55,LIEUTAUD (COURS),43.29122,5.38304,Nuit avec éclairage allumé,En agglomération,Autre intersection,Normale,Deux véhicules - côté,,,,,,,,,,,5,2,9,1.0,3.0
201800008931,0018-04-28 17:05:00,18,4,28,17,5,130,55,MADON (RUE),43.29402,5.39983,Plein jour,En agglomération,Intersection en X,Normale,Deux véhicules - côté,,,,,,,,,,,1,2,2,1.0,3.0
201800008932,0018-04-29 12:10:00,18,4,29,12,10,130,55,10 Av A Ansaldi,43.33433,5.40153,Plein jour,En agglomération,Hors intersection,Normale,Deux véhicules - côté,,,,,,,,,,,1,2,1,1.0,3.0