accident_id,datetime,annee,mois,jour,heure,minute,departement,commune_insee,adresse,latitude,longitude,luminosite,agglomeration,intersection,meteo,collision,nb_vehicules,nb_usagers,nb_indemnes,nb_tues,nb_blesses_hosp,nb_blesses_legers,age_cond_1,age_cond_2,veh_type_cond_1,veh_type_cond_2,lum_code,agg_code,int_code,atm_code,col_code
201800008933,0018-04-29 09:50:00,18,4,29,9,50,130,55,75 corniche JFK,43.27803,5.35529,Plein jour,En agglomération,Hors intersection,Normale,Deux véhicules - côté,,,,,,,,,,,1,2,1,1.0,3.0
201800008934,0018-04-29 13:45:00,18,4,29,13,45,130,55,724 Che.du Littoral,,,Plein jour,En agglomération,Hors intersection,Temps couvert,Deux véhicules - côté,,,,,,,,,,,1,2,1,8.0,3.0
201800008935,0018-04-29 14:15:00,18,4,29,14,15,130,55,Bd Schloesing,,,Plein jour,En agglomération,Hors intersection,Normale,Deux véhicules - côté,,,,,,,,,,,1,2,1,1.0,3.0
201800008936,0018-04-29 17:42:00,18,4,29,17,42,130,55,JEAN MOULIN (BOULEVARD),43.28359,5.39867,Plein jour,En agglomération,Hors intersection,Pluie légère,Sans collision,,,,,,,,,,,1,2,1,2.0,7.0
201800008937,0018-04-29 21:30:00,18,4,29,21,30,130,55,VOLTAIRE    IMPAIRS (BOU,43.30348,5.38595,Nuit avec éclairage non allumé,En agglomération,Intersection en X,Normale,Deux véhicules - côté,,,,,,,,,,,4,2,2,1.0,3.0
201800008938,0018-04-30 13:00:00,18,4,30,13,0,130,55,10 Bd F Bonnefoy,43.28043,5.40068,Plein jour,En agglomération,Hors intersection,Normale,Deux véhicules - arrière,,,,,,,,,,,1,2,1,1.0,2.0
201800008939,0018-04-30 17:30:00,18,4,30,17,30,130,55,ALPES (BOULEVARD DES),43.30106,5.41513,Plein jour,En agglomération,Intersection en X,Normale,Deux véhicules - frontale,,,,,,,,,,,1,2,2,1.0,1.0
201800008940,0018-04-30 18:25:00,18,4,30,18,25,130,55,6 Bd Sakakini,43.2992,5.40081,Plein jour,En agglomération,Hors intersection,Normale,Autre collision,,,,,,,,,,,1,2,1,1.0,6.0
201800008941,0018-04-30 19:20:00,18,4,30,19,20,130,55,ENDOUME (RUE D'),43.28623,5.36284,Crépuscule ou aube,En agglomération,Hors intersection,Pluie légère,Sans collision,,,,,,,,,,,2,2,1,2.0,7.0
201800008942,0018-05-01 16:00:00,18,5,1,16,0,130,55,SAKAKINI (BOULEVARD),43.29354,5.40165,Plein jour,En agglomération,Autre intersection,Normale,Deux véhicules - côté,,,,,,,,,,,1,2,9,1.0,3.0
201800008943,0018-05-01 14:20:00,18,5,1,14,20,130,55,MARX DORMOY (RUE),43.30212,5.39556,Plein jour,En agglomération,Hors intersection,Normale,Autre collision,,,,,,,,,,,1,2,1,1.0,6.0
201800008944,0018-05-01 23:05:00,18,5,1,23,5,130,55,Marcel SOULAT (allée),43.324,5.3892,Nuit avec éclairage allumé,En agglomération,Hors intersection,Normale,Autre collision,,,,,,,,,,,5,2,1,1.0,6.0
201800008945,0018-05-02 10:45:00,18,5,2,10,45,130,55,ROMAIN ROLLAND (BOULEVAR,43.27095,5.40846,Plein jour,En agglomération,Hors intersection,Normale,Trois véhicules et plus - collisions multiples,,,,,,,,,,,1,2,1,1.0,5.0
201800008946,0018-05-02 12:30:00,18,5,2,12,30,130,55,LA BONNAUDE (CHEMIN DE L,43.25522,5.40308,Plein jour,En agglomération,Hors intersection,Normale,Deux véhicules - côté,,,,,,,,,,,1,2,1,1.0,3.0
201800008947,0018-05-02 18:00:00,18,5,2,18,0,130,55,MICHELET (BOULEVARD),43.25934,5.39849,Plein jour,En agglomération,Hors intersection,Normale,Autre collision,,,,,,,,,,,1,2,1,1.0,6.0
201800008948,0018-05-03 10:00:00,18,5,3,10,0,130,55,MARIO PAVRONE (RUE),43.32689,5.3761,Plein jour,En agglomération,Intersection en X,Normale,Deux véhicules - côté,,,,,,,,,,,1,2,2,1.0,3.0
201800008949,0018-05-03 14:00:00,18,5,3,14,0,130,55,PRADO (contre allée),43.26678,5.38203,Plein jour,En agglomération,Hors intersection,Normale,Autre collision,,,,,,,,,,,1,2,1,1.0,6.0
201800008950,0018-05-03 17:20:00,18,5,3,17,20,130,55,FRANCOISE DUPARC (BOULEV,43.30456,5.40125,Plein jour,En agglomération,Hors intersection,Normale,Autre collision,,,,,,,,,,,1,2,1,1.0,6.0
201800008951,0018-05-03 17:10:00,18,5,3,17,10,130,55,VALBARELLE (BOULEVARD DE,43.28584,5.44256,Plein jour,En agglomération,Hors intersection,Normale,Deux véhicules - côté,,,,,,,,,,,1,2,1,1.0,3.0
201800008952,0018-05-04 11:30:00,18,5,4,11,30,130,55,GEMY (BOULEVARD),43.32127,5.41384,Plein jour,En agglomération,Hors intersection,Normale,Autre collision,,,,,,,,,,,1,2,1,1.0,6.0
201800008953,0018-05-04 09:30:00,18,5,4,9,30,130,55,DANIEL CASANOVA (BOULEVA,43.32487,5.37384,Plein jour,En agglomération,Intersection en T,Normale,Deux véhicules - frontale,,,,,,,,,,,1,2,3,1.0,1.0
201800008954,0018-05-04 12:00:00,18,5,4,12,0,130,55,CORPS EXPEDITIONNAIRE FR,43.27994,5.44198,Plein jour,En agglomération,Hors intersection,Normale,Sans collision,,,,,,,,,,,1,2,1,1.0,7.0
201800008955,0018-05-04 12:15:00,18,5,4,12,15,130,55,MICHELET (BOULEVARD),43.27024,5.39252,Plein jour,En agglomération,Hors intersection,Normale,Sans collision,,,,,,,,,,,1,2,1,1.0,7.0
201800008956,0018-05-04 13:20:00,18,5,4,13,20,130,55,JARDIN ZOOLOGIQUE (Bd),43.30298,5.39694,Plein jour,En agglomération,Hors intersection,Normale,Autre collision,,,,,,,,,,,1,2,1,1.0,6.0
201800008957,0018-05-04 18:15:00,18,5,4,18,15,130,55,COL DE LA GINESTE D559,43.24261,5.4487,Plein jour,Hors agglomération,Hors intersection,Pluie légère,Deux véhicules - frontale,,,,,,,,,,,1,1,1,2.0,1.0
201800008958,0018-05-05 01:44:00,18,5,5,1,44,130,55,FAUCHIER (RUE),43.30361,5.36902,Nuit avec éclairage allumé,En agglomération,Intersection en X,Normale,Deux véhicules - côté,,,,,,,,,,,5,2,2,1.0,3.0
201800008959,0018-05-05 10:50:00,18,5,5,10,50,130,55,DANIELLE CASANOVA PROLON,,,Plein jour,En agglomération,Intersection en T,Normale,Trois véhicules et plus - collisions multiples,,,,,,,,,,,1,2,3,1.0,5.0
201800008960,0018-05-05 11:35:00,18,5,5,11,35,130,55,LIEUTAUD (COURS)      2,43.29488,5.38178,Plein jour,En agglomération,Hors intersection,Normale,Trois véhicules et plus - collisions multiples,,,,,,,,,,,1,2,1,1.0,5.0
201800008961,0018-05-05 16:30:00,18,5,5,16,30,130,55,MIRABEAU (BOULEVARD),43.31445,5.36991,Plein jour,En agglomération,Hors intersection,Normale,Autre collision,,,,,,,,,,,1,2,1,1.0,6.0
201800008962,0018-05-05 04:00:00,18,5,5,4,0,130,55,PRADO (AVENUE DU),,,Nuit avec éclairage allumé,En agglomération,Hors intersection,Temps couvert,Sans collision,,,,,,,,,,,5,2,1,8.0,7.0
201800008963,0018-05-06 13:40:00,18,5,6,13,40,130,55,CAPELETTE (AVENUE DE LA),43.283,5.399,Plein jour,En agglomération,Hors intersection,Normale,Trois véhicules et plus - collisions multiples,,,,,,,,,,,1,2,1,1.0,5.0
201800008964,0018-05-06 20:00:00,18,5,6,20,0,130,55,AUPHAN (RUE),43.31687,5.3762,Plein jour,En agglomération,Hors intersection,Normale,Deux véhicules - frontale,,,,,,,,,,,1,2,1,1.0,1.0
201800008965,0018-05-02 04:00:00,18,5,2,4,0,130,55,ITALIE (RUE D'),43.28795,5.38346,Nuit avec éclairage allumé,En agglomération,Intersection en T,Normale,Deux véhicules - côté,,,,,,,,,,,5,2,3,1.0,3.0
201800008966,0018-05-07 23:50:00,18,5,7,23,50,130,55,RABATAU (BOULEVARD),43.28044,5.39945,Nuit avec éclairage allumé,En agglomération,Hors intersection,Normale,Autre collision,,,,,,,,,,,5,2,1,1.0,6.0
201800008967,0018-05-08 04:00:00,18,5,8,4,0,130,55,JOLIETTE (QUAI DE LA),43.30106,5.36415,Nuit avec éclairage allumé,En agglomération,Intersection en T,Normale,Deux véhicules - côté,,,,,,,,,,,5,2,3,1.0,3.0
201800008968,0018-05-09 11:25:00,18,5,9,11,25,130,55,LYON (RUE de),43.3281,5.36602,Plein jour,En agglomération,Hors intersection,Normale,Autre collision,,,,,,,,,,,1,2,1,1.0,6.0
201800008969,0018-05-09 12:45:00,18,5,9,12,45,130,55,MAZARGUES (AVENUE DE,43.26213,5.39305,Plein jour,En agglomération,Hors intersection,Normale,Deux véhicules - côté,,,,,,,,,,,1,2,1,1.0,3.0
201800008970,0018-05-09 17:00:00,18,5,9,17,0,130,55,DOMINIQUE (TRAVERSE DE L,43.29298,5.43893,Plein jour,En agglomération,Hors intersection,Normale,Deux véhicules - côté,,,,,,,,,,,1,2,1,1.0,3.0
201800008971,0018-05-09 18:17:00,18,5,9,18,17,130,55,SORMIOU (CHEMIN DE),43.23278,5.40086,Plein jour,En agglomération,Hors intersection,Normale,Autre collision,,,,,,,,,,,1,2,1,1.0,6.0
201800008972,0018-05-09 18:15:00,18,5,9,18,15,130,55,VALENTINE (ROUTE DE LA),43.28987,5.4708,Plein jour,En agglomération,Hors intersection,Normale,Deux véhicules - côté,,,,,,,,,,,1,2,1,1.0,3.0
201800008973,0018-05-09 20:45:00,18,5,9,20,45,130,55,SAINT LOUP (BOULEVARD DE,43.28502,5.44076,Nuit avec éclairage allumé,En agglomération,Hors intersection,Pluie légère,Deux véhicules - côté,,,,,,,,,,,5,2,1,2.0,3.0
201800008974,0018-05-09 20:12:00,18,5,9,20,12,130,55,MONT DE PIETE (Traverse),43.29938,5.37578,Nuit avec éclairage allumé,En agglomération,Autre intersection,Normale,Autre collision,,,,,,,,,,,5,2,9,1.0,6.0
201800008975,0018-05-09 23:35:00,18,5,9,23,35,130,55,MENDES FRANCE (AVENUE),43.24992,5.37539,Nuit avec éclairage allumé,En agglomération,Hors intersection,Pluie légère,Autre collision,,,,,,,,,,,5,2,1,2.0,6.0
201800008976,0018-05-10 14:07:00,18,5,10,14,7,130,55,HENRI BARNIER (BOULEVARD,43.35988,5.34305,Plein jour,En agglomération,Intersection en T,Normale,Deux véhicules - côté,,,,,,,,,,,1,2,3,1.0,3.0
201800008977,0018-05-10 16:00:00,18,5,10,16,0,130,55,WILLIAM BOOTH (AVENUE),43.29278,5.43679,Plein jour,En agglomération,Hors intersection,Normale,Deux véhicules - arrière,,,,,,,,,,,1,2,1,1.0,2.0
201800008978,0018-05-10 16:35:00,18,5,10,16,35,130,55,CAMILLE PELLETAN (AV),43.30308,5.37389,Plein jour,En agglomération,Hors intersection,Normale,Deux véhicules - arrière,,,,,,,,,,,1,2,1,1.0,2.0
201800008979,0018-05-10 21:15:00,18,5,10,21,15,130,55,PLOMBIERES (BOULEVARD),43.31486,5.38789,Nuit avec éclairage allumé,En agglomération,Intersection en X,Normale,Deux véhicules - côté,,,,,,,,,,,5,2,2,1.0,3.0
201800008980,0018-05-10 21:15:00,18,5,10,21,15,130,55,ANDRE BARDON (rue),43.28359,5.42682,Nuit avec éclairage non allumé,En agglomération,Hors intersection,Normale,Deux véhicules - côté,,,,,,,,,,,4,2,1,1.0,3.0
201800008981,0018-04-18 17:00:00,18,4,18,17,0,130,55,JEAN PAUL SARTRE (AVENUE,,,Plein jour,En agglomération,Autre intersection,Normale,Deux véhicules - arrière,,,,,,,,,,,1,2,9,1.0,2.0
201800008982,0018-05-11 09:40:00,18,5,11,9,40,130,75,ANDRE MALRAUX (BD),43.34607,5.46026,Plein jour,En agglomération,Intersection en T,Normale,Deux véhicules - côté,,,,,,,,,,,1,2,3,1.0,3.0
201800008983,0018-05-11 15:25:00,18,5,11,15,25,130,55,CANEBIERE,43.29897,5.38525,Plein jour,En agglomération,Intersection en X,Normale,Deux véhicules - côté,,,,,,,,,,,1,2,2,1.0,3.0
201800008984,0018-05-11 04:30:00,18,5,11,4,30,130,55,ODESSA (AVENUE),43.24218,5.36756,Nuit avec éclairage allumé,En agglomération,Hors intersection,Normale,Sans collision,,,,,,,,,,,5,2,1,1.0,7.0
201800008985,0018-05-11 23:40:00,18,5,11,23,40,130,55,PLOMBIERES (BOULEVARD DE,43.3159,5.38472,Nuit avec éclairage allumé,En agglomération,Hors intersection,Normale,Deux véhicules - côté,,,,,,,,,,,5,2,1,1.0,3.0
201800008986,0018-05-12 08:35:00,18,5,12,8,35,130,55,NATIONAL (BOULEVARD),43.31489,5.37203,Plein jour,En agglomération,Hors intersection,Normale,Deux véhicules - frontale,,,,,,,,,,,1,2,1,1.0,1.0
201800008987,0018-05-12 13:00:00,18,5,12,13,0,130,55,JONQUILLES (CH. DES),43.32121,5.43856,Plein jour,En agglomération,Hors intersection,Normale,Deux véhicules - côté,,,,,,,,,,,1,2,1,1.0,3.0
201800008988,0018-05-12 18:50:00,18,5,12,18,50,130,55,PRADO (AVENUE DU),43.28359,5.3854,Plein jour,En agglomération,Hors intersection,Normale,Deux véhicules - arrière,,,,,,,,,,,1,2,1,1.0,2.0
201800008989,0018-05-12 21:10:00,18,5,12,21,10,130,55,MAZARGUES (AVENUE DE),43.25888,5.39421,Nuit avec éclairage allumé,En agglomération,Hors intersection,Normale,Deux véhicules - arrière,,,,,,,,,,,5,2,1,1.0,2.0
201800008990,0018-05-12 23:10:00,18,5,12,23,10,130,55,GNRAL FERRIE (PLACE),43.27749,5.39893,Nuit avec éclairage allumé,En agglomération,Hors intersection,Normale,Deux véhicules - côté,,,,,,,,,,,5,2,1,1.0,3.0
201800008991,0018-05-13 18:40:00,18,5,13,18,40,130,55,AVIATEUR LE BRIX (RUE),43.25886,5.39962,Crépuscule ou aube,En agglomération,Hors intersection,Pluie légère,Trois véhicules et plus - collisions multiples,,,,,,,,,,,2,2,1,2.0,5.0
201800008992,0018-05-13 19:30:00,18,5,13,19,30,130,55,ROGER SALENGRO (AVENUE),43.31708,5.3688,Plein jour,En agglomération,Hors intersection,Pluie légère,Deux véhicules - arrière,,,,,,,,,,,1,2,1,2.0,2.0
201800008993,0018-05-14 05:39:00,18,5,14,5,39,130,55,JEANNE D'ARC (BOULEVARD),43.29399,5.39978,Crépuscule ou aube,En agglomération,Intersection en X,Pluie forte,Deux véhicules - côté,,,,,,,,,,,2,2,2,3.0,3.0
201800008994,0018-05-14 10:30:00,18,5,14,10,30,130,55,WILLIAM BOOTH (AVENUE),43.29449,5.44272,Plein jour,En agglomération,Hors intersection,Normale,Deux véhicules - arrière,,,,,,,,,,,1,2,1,1.0,2.0
201800008995,0018-05-14 12:30:00,18,5,14,12,30,130,55,CAPELETTE (AVENUE DE LA),43.28139,5.40506,Plein jour,En agglomération,Intersection en T,Normale,Trois véhicules et plus - collisions multiples,,,,,,,,,,,1,2,3,1.0,5.0
201800008996,0018-05-14 16:30:00,18,5,14,16,30,130,55,ELLEON (AVENUE),43.28457,5.44246,Plein jour,En agglomération,Hors intersection,Normale,Autre collision,,,,,,,,,,,1,2,1,1.0,6.0
201800008997,0018-05-15 05:50:00,18,5,15,5,50,130,55,SAKAKINI (BD),43.29581,5.40031,Crépuscule ou aube,En agglomération,Intersection en X,Pluie légère,Autre collision,,,,,,,,,,,2,2,2,2.0,6.0
201800008998,0018-05-15 07:40:00,18,5,15,7,40,130,55,VALLON DE TOULOUSE (RUE),43.26685,5.42439,Plein jour,En agglomération,Hors intersection,Pluie légère,Deux véhicules - côté,,,,,,,,,,,1,2,1,2.0,3.0
201800008999,0018-05-15 14:00:00,18,5,15,14,0,130,55,LAZARET (QUAI du),43.30925,5.36654,Plein jour,En agglomération,Hors intersection,Normale,Autre collision,,,,,,,,,,,1,2,1,1.0,6.0
201800009000,0018-05-15 15:26:00,18,5,15,15,26,130,55,DANIEL CASANOVA (BOULEVA,43.3291,5.37568,Plein jour,En agglomération,Hors intersection,Normale,Autre collision,,,,,,,,,,,1,2,1,1.0,6.0
201800009001,0018-05-15 21:30:00,18,5,15,21,30,130,55,Corniche John Fitzgerald,43.2794,5.35347,Nuit avec éclairage allumé,En agglomération,Hors intersection,Normale,Deux véhicules - frontale,,,,,,,,,,,5,2,1,1.0,1.0
201800009002,0018-05-16 00:10:00,18,5,16,0,10,130,55,MARCHAL JUIN (BOULEVARD,43.31181,5.40389,Nuit avec éclairage allumé,En agglomération,Hors intersection,Normale,Deux véhicules - côté,,,,,,,,,,,5,2,1,1.0,3.0
201800009003,0018-05-16 06:10:00,18,5,16,6,10,130,55,PLUMIERS (Rue),43.30452,5.36899,Crépuscule ou aube,En agglomération,Hors intersection,Normale,Autre collision,,,,,,,,,,,2,2,1,1.0,6.0
201800009004,0018-05-16 10:50:00,18,5,16,10,50,130,55,ROLAND DORGELES (Bd),43.34625,5.38062,Plein jour,En agglomération,Hors intersection,Normale,Deux véhicules - côté,,,,,,,,,,,1,2,1,1.0,3.0
201800009005,0018-05-16 13:00:00,18,5,16,13,0,130,55,BRETEUIL (Rue),43.29017,5.37582,Plein jour,En agglomération,Hors intersection,Normale,Deux véhicules - côté,,,,,,,,,,,1,2,1,1.0,3.0
201800009006,0018-05-16 16:30:00,18,5,16,16,30,130,55,avenue d' HAIFA,43.25101,5.38978,Plein jour,En agglomération,Hors intersection,Normale,Deux véhicules - côté,,,,,,,,,,,1,2,1,1.0,3.0
201800009007,0018-05-16 12:05:00,18,5,16,12,5,130,55,TIMONE (AVENUE DE LA),43.28566,5.40203,Plein jour,En agglomération,Hors intersection,Normale,Deux véhicules - arrière,,,,,,,,,,,1,2,1,1.0,2.0
201800009008,0018-05-16 18:50:00,18,5,16,18,50,130,55,WILLIAM BOOTH (AVENUE),43.29583,5.44679,Plein jour,En agglomération,Hors intersection,Normale,Deux véhicules - frontale,,,,,,,,,,,1,2,1,1.0,1.0
201800009009,0018-05-16 19:05:00,18,5,16,19,5,130,55,TOULON (AVENUE DE),43.2855,5.38802,Plein jour,En agglomération,Hors intersection,Normale,Sans collision,,,,,,,,,,,1,2,1,1.0,7.0
201800009010,0018-05-16 22:50:00,18,5,16,22,50,130,55,MAZARGUES (AVENUE DE),43.26087,5.39371,Nuit avec éclairage allumé,En agglomération,Hors intersection,Normale,Deux véhicules - arrière,,,,,,,,,,,5,2,1,1.0,2.0
201800009011,0018-05-16 23:25:00,18,5,16,23,25,130,55,VISTE (AVENUE DE LA),43.3603,5.35753,Nuit avec éclairage allumé,En agglomération,Intersection en T,Normale,Deux véhicules - côté,,,,,,,,,,,5,2,3,1.0,3.0
201800009012,0018-05-17 09:30:00,18,5,17,9,30,130,55,PARADIS (RUE),43.29407,5.3765,Plein jour,En agglomération,Intersection en T,Normale,Autre collision,,,,,,,,,,,1,2,3,1.0,6.0
201800009013,0018-05-17 13:45:00,18,5,17,13,45,130,55,MAZARGUES (AVENUE de),43.25498,5.38528,Plein jour,En agglomération,Autre intersection,Temps couvert,Deux véhicules - côté,,,,,,,,,,,1,2,9,8.0,3.0
201800009014,0018-05-17 13:30:00,18,5,17,13,30,130,55,VALLETTE (TRAVERSE),43.23472,5.40399,Plein jour,En agglomération,Hors intersection,Normale,Deux véhicules - côté,,,,,,,,,,,1,2,1,1.0,3.0
201800009015,0018-05-17 16:45:00,18,5,17,16,45,130,55,DUMONT D'URVILLE (RUE),43.27108,5.38473,Plein jour,En agglomération,Hors intersection,Normale,Autre collision,,,,,,,,,,,1,2,1,1.0,6.0
201800009016,0018-05-18 00:15:00,18,5,18,0,15,130,55,ALEX. FLEMING (BOULEVARD,43.31381,5.40585,Nuit sans éclairage public,En agglomération,Intersection en X,Normale,Deux véhicules - côté,,,,,,,,,,,3,2,2,1.0,3.0
201800009017,0018-05-18 01:15:00,18,5,18,1,15,130,55,BOUYALA D'ARNAUD (BOULEV,43.29682,5.4434,Nuit avec éclairage allumé,En agglomération,Hors intersection,Normale,Autre collision,,,,,,,,,,,5,2,1,1.0,6.0
201800009018,0018-05-18 09:50:00,18,5,18,9,50,130,55,PEYSSONNEL (RUE),43.3113,5.37049,Plein jour,En agglomération,Intersection en T,Normale,Deux véhicules - côté,,,,,,,,,,,1,2,3,1.0,3.0
201800009019,0018-05-18 15:30:00,18,5,18,15,30,130,55,PARADIS (Rue),43.28384,5.38076,Plein jour,En agglomération,Hors intersection,Normale,Autre collision,,,,,,,,,,,1,2,1,1.0,6.0
201800009020,0018-05-18 21:25:00,18,5,18,21,25,130,55,SAINT ANTOINE à SAINT JO,43.34964,5.37528,Nuit avec éclairage allumé,En agglomération,Autre intersection,Normale,Deux véhicules - côté,,,,,,,,,,,5,2,9,1.0,3.0
201800009021,0018-05-19 10:00:00,18,5,19,10,0,130,55,SALVADOR ALLENDE (RUE),42.32994,5.39219,Plein jour,En agglomération,Hors intersection,Normale,Trois véhicules et plus - collisions multiples,,,,,,,,,,,1,2,1,1.0,5.0
201800009022,0018-05-19 11:00:00,18,5,19,11,0,130,55,JOSEPH PETRONIO (RUE),43.26671,5.41319,Plein jour,En agglomération,Hors intersection,Normale,Deux véhicules - arrière,,,,,,,,,,,1,2,1,1.0,2.0
201800009023,0018-05-19 15:15:00,18,5,19,15,15,130,55,POMME (BOULEVARD DE LA ),43.29226,5.44934,Plein jour,En agglomération,Hors intersection,Normale,Deux véhicules - arrière,,,,,,,,,,,1,2,1,1.0,2.0
201800009024,0018-05-19 17:45:00,18,5,19,17,45,130,55,ABB FERAUD (RUE),43.28645,5.39146,Plein jour,En agglomération,Hors intersection,Normale,Autre collision,,,,,,,,,,,1,2,1,1.0,6.0
201800009025,0018-05-19 17:05:00,18,5,19,17,5,130,55,BOUYALA D'ARNAUD (BOULEV,43.29682,5.4434,Plein jour,En agglomération,Autre intersection,Normale,Autre collision,,,,,,,,,,,1,2,9,1.0,6.0
201800009026,0018-05-19 23:25:00,18,5,19,23,25,130,55,OLIVES (AVENUE DES),43.32638,5.43875,Nuit avec éclairage allumé,En agglomération,Hors intersection,Normale,Deux véhicules - côté,,,,,,,,,,,5,2,1,1.0,3.0
201800009027,0018-05-20 14:25:00,18,5,20,14,25,130,2,7 RMENT DE TIRAILLEURS A,43.33776,5.47243,Plein jour,En agglomération,Hors intersection,Normale,Autre collision,,,,,,,,,,,1,2,1,1.0,6.0
201800009028,0018-05-20 19:00:00,18,5,20,19,0,130,55,SAINT BARNABE (AVENUE DE,,,Plein jour,En agglomération,Hors intersection,Normale,Deux véhicules - côté,,,,,,,,,,,1,2,1,1.0,3.0
201800009029,0018-05-20 19:50:00,18,5,20,19,50,130,55,HENRI FABRE (RUE),43.3123,5.41612,Plein jour,En agglomération,Intersection en X,Normale,Sans collision,,,,,,,,,,,1,2,2,1.0,7.0
201800009030,0018-05-20 21:27:00,18,5,20,21,27,130,55,Corniche John Fitzgérald,43.289,5.3543,Nuit avec éclairage allumé,En agglomération,Hors intersection,Normale,Autre collision,,,,,,,,,,,5,2,1,1.0,6.0
201800009031,0018-05-21 11:15:00,18,5,21,11,15,130,55,MORGIOU (chemin de ),43.23451,5.41154,Plein jour,En agglomération,Hors intersection,Normale,Deux véhicules - côté,,,,,,,,,,,1,2,1,1.0,3.0
201800009032,0018-05-21 20:05:00,18,5,21,20,5,130,55,MAZARGUES (AVENUE DE),43.26854,5.38869,Crépuscule ou aube,En agglomération,Intersection en T,Normale,Deux véhicules - côté,,,,,,,,,,,2,2,3,1.0,3.0
201800009033,0018-05-22 09:05:00,18,5,22,9,5,130,2,JEAN GIONO (AVENUE),43.33371,5.48223,Plein jour,En agglomération,Hors intersection,Pluie légère,Deux véhicules - arrière,,,,,,,,,,,1,2,1,2.0,2.0
201800009034,0018-05-22 09:05:00,18,5,22,9,5,130,55,CAILLOLS (AVENUE DES),43.30358,5.42977,Plein jour,En agglomération,Hors intersection,Pluie légère,Deux véhicules - côté,,,,,,,,,,,1,2,1,2.0,3.0
201800009035,0018-05-22 15:50:00,18,5,22,15,50,130,55,PARADIS (RUE)       1 A,43.29457,5.3763,Plein jour,En agglomération,Hors intersection,Pluie légère,Deux véhicules - côté,,,,,,,,,,,1,2,1,2.0,3.0
201800009036,0018-05-22 17:00:00,18,5,22,17,0,130,55,ROSE (AVENUE DE LA),43.325,5.418,Plein jour,En agglomération,Hors intersection,Normale,Sans collision,,,,,,,,,,,1,2,1,1.0,7.0
201800009037,0018-05-22 17:25:00,18,5,22,17,25,130,55,FRANOISE DUPARC (BOULEV,43.3011,5.40064,Plein jour,En agglomération,Hors intersection,Pluie légère,Deux véhicules - arrière,,,,,,,,,,,1,2,1,2.0,2.0
201800009038,0018-05-22 19:15:00,18,5,22,19,15,130,55,LIBERATION (BD),43.29942,5.38614,Plein jour,En agglomération,Hors intersection,Pluie légère,Autre collision,,,,,,,,,,,1,2,1,2.0,6.0
201800009039,0018-05-22 17:00:00,18,5,22,17,0,130,55,MICHELET (BOULEVARD),43.26938,5.39305,Plein jour,En agglomération,Hors intersection,Pluie légère,Trois véhicules et plus - en chaîne,,,,,,,,,,,1,2,1,2.0,4.0
201800009040,0018-05-22 22:30:00,18,5,22,22,30,130,55,RTE D' ALLAUCH,43.30749,5.50121,Nuit sans éclairage public,En agglomération,Hors intersection,Pluie forte,Sans collision,,,,,,,,,,,3,2,1,3.0,7.0
201800009041,0018-05-23 01:45:00,18,5,23,1,45,130,55,CHARLES LIVON (BD),43.29226,5.36219,Nuit avec éclairage allumé,En agglomération,Hors intersection,Normale,Deux véhicules - côté,,,,,,,,,,,5,2,1,1.0,3.0
201800009042,0018-05-23 10:00:00,18,5,23,10,0,130,55,ALBERT EINSTEIN (RUE),43.33924,5.43926,Plein jour,En agglomération,Hors intersection,Normale,Autre collision,,,,,,,,,,,1,2,1,1.0,6.0
201800009043,0018-05-23 09:50:00,18,5,23,9,50,130,55,HENRI FRENAY (RD-POINT),43.2544,5.3764,Plein jour,En agglomération,Autre intersection,Normale,Deux véhicules - arrière,,,,,,,,,,,1,2,9,1.0,2.0
201800009044,0018-05-23 12:25:00,18,5,23,12,25,130,55,RABATAU (BOULEVARD),43.27504,5.39534,Plein jour,En agglomération,Hors intersection,Normale,Deux véhicules - côté,,,,,,,,,,,1,2,1,1.0,3.0
201800009045,0018-05-23 11:00:00,18,5,23,11,0,130,55,SAINT ANTOINE (AVENUE DE,43.37541,5.35585,Plein jour,En agglomération,Intersection en T,Normale,Deux véhicules - côté,,,,,,,,,,,1,2,3,1.0,3.0
201800009046,0018-05-23 14:15:00,18,5,23,14,15,130,55,PIERRE DOIZE  (RUE),43.27878,5.42822,Plein jour,En agglomération,Intersection en T,Normale,Deux véhicules - côté,,,,,,,,,,,1,2,3,1.0,3.0
201800009047,0018-05-23 16:30:00,18,5,23,16,30,130,55,MENDES FRANCE (AVENUE),43.25524,5.37629,Plein jour,En agglomération,Hors intersection,Normale,Deux véhicules - côté,,,,,,,,,,,1,2,1,1.0,3.0
201800009048,0018-05-23 19:35:00,18,5,23,19,35,130,55,JULES CANTINI AVENUE,43.28129,5.39211,Plein jour,En agglomération,Hors intersection,Normale,Sans collision,,,,,,,,,,,1,2,1,1.0,7.0
201800009049,0018-05-23 18:30:00,18,5,23,18,30,130,55,SALVADOR ALLENDE (RUE),43.32977,5.39383,Plein jour,En agglomération,Hors intersection,Normale,Sans collision,,,,,,,,,,,1,2,1,1.0,7.0
201800009050,0018-05-23 19:45:00,18,5,23,19,45,130,55,BOURRELY (CHEMIN DES),,,Plein jour,En agglomération,Hors intersection,Normale,Sans collision,,,,,,,,,,,1,2,1,1.0,7.0
201800009051,0018-05-24 02:35:00,18,5,24,2,35,130,55,SALVADOR ALLENDE (Rue),43.32995,5.40451,Nuit avec éclairage allumé,En agglomération,Hors intersection,Normale,Autre collision,,,,,,,,,,,5,2,1,1.0,6.0
201800009052,0018-05-24 16:20:00,18,5,24,16,20,130,55,MAURIAC (RUE),43.27593,5.41743,Plein jour,En agglomération,Intersection en X,Normale,Deux véhicules - frontale,,,,,,,,,,,1,2,2,1.0,1.0