accident_id,datetime,annee,mois,jour,heure,minute,departement,commune_insee,adresse,latitude,longitude,luminosite,agglomeration,intersection,meteo,collision,nb_vehicules,nb_usagers,nb_indemnes,nb_tues,nb_blesses_hosp,nb_blesses_legers,age_cond_1,age_cond_2,veh_type_cond_1,veh_type_cond_2,lum_code,agg_code,int_code,atm_code,col_code
201800009053,0018-05-24 12:30:00,18,5,24,12,30,130,55,ALEXANDRE DUMAS (RUE),43.2632,5.38857,Plein jour,En agglomération,Hors intersection,Normale,Deux véhicules - arrière,,,,,,,,,,,1,2,1,1.0,2.0
201800009054,0018-05-24 23:45:00,18,5,24,23,45,130,55,ARENC (QUAI D'),43.31582,5.36455,Nuit avec éclairage allumé,En agglomération,Autre intersection,Normale,Deux véhicules - côté,,,,,,,,,,,5,2,9,1.0,3.0
201800009055,0018-05-25 08:35:00,18,5,25,8,35,130,55,TOULON (AVENUE DE),43.2849,5.39067,Plein jour,En agglomération,Intersection en X,Normale,Deux véhicules - côté,,,,,,,,,,,1,2,2,1.0,3.0
201800009056,0018-05-25 12:05:00,18,5,25,12,5,130,55,DANIEL CASANOVA (Bd),43.3254,5.374,Plein jour,En agglomération,Hors intersection,Normale,Autre collision,,,,,,,,,,,1,2,1,1.0,6.0
201800009057,0018-05-25 16:30:00,18,5,25,16,30,130,55,BD ALPHONSE ALLAIS,43.3406,5.38463,Plein jour,En agglomération,Hors intersection,Pluie légère,Autre collision,,,,,,,,,,,1,2,1,2.0,6.0
201800009058,0018-05-25 16:00:00,18,5,25,16,0,130,55,RIVOLI (RUE DE),43.28583,5.3869,Plein jour,En agglomération,Intersection en T,Normale,Autre collision,,,,,,,,,,,1,2,3,1.0,6.0
201800009059,0018-05-26 00:20:00,18,5,26,0,20,130,55,LAVOISIER (BOULEVARD),43.33887,5.37006,Nuit avec éclairage allumé,En agglomération,Autre intersection,Autre,Autre collision,,,,,,,,,,,5,2,9,9.0,6.0
201800009060,0018-05-25 23:47:00,18,5,25,23,47,130,55,CROIX ROUGE (AVENUE),43.33322,5.43807,Nuit avec éclairage allumé,En agglomération,Intersection en X,Normale,Deux véhicules - côté,,,,,,,,,,,5,2,2,1.0,3.0
201800009061,0018-05-26 11:00:00,18,5,26,11,0,130,55,VISTE (AVENUE DE LA),43.35698,5.35747,Plein jour,En agglomération,Hors intersection,Temps couvert,Autre collision,,,,,,,,,,,1,2,1,8.0,6.0
201800009062,0018-05-26 16:45:00,18,5,26,16,45,130,55,FELIX PYAT (RUE),43.31416,5.37619,Plein jour,En agglomération,Hors intersection,Normale,Deux véhicules - frontale,,,,,,,,,,,1,2,1,1.0,1.0
201800009063,0018-05-27 06:10:00,18,5,27,6,10,130,55,NOTRE DAME DE CONSOL,43.33762,5.43232,Crépuscule ou aube,En agglomération,Hors intersection,Temps couvert,Autre collision,,,,,,,,,,,2,2,1,8.0,6.0
201800009064,0018-05-28 07:55:00,18,5,28,7,55,130,55,MARTINE (TRAVERSE LA),43.30003,5.47524,Plein jour,En agglomération,Hors intersection,Pluie légère,Deux véhicules - côté,,,,,,,,,,,1,2,1,2.0,3.0
201800009065,0018-05-28 10:45:00,18,5,28,10,45,130,55,FORGES (RUE DES),43.27893,5.41008,Plein jour,En agglomération,Hors intersection,Normale,Deux véhicules - arrière,,,,,,,,,,,1,2,1,1.0,2.0
201800009066,0018-05-28 11:30:00,18,5,28,11,30,130,55,SEIGNEURIE (TRAVERSE DE,43.24166,5.40876,Plein jour,En agglomération,Hors intersection,Normale,Sans collision,,,,,,,,,,,1,2,1,1.0,7.0
201800009067,0018-05-28 18:05:00,18,5,28,18,5,130,55,CHARLES KADDOUZ (RUE),,,Plein jour,En agglomération,Autre intersection,Normale,Deux véhicules - côté,,,,,,,,,,,1,2,9,1.0,3.0
201800009068,0018-05-28 16:55:00,18,5,28,16,55,130,55,MAZARGUES (AVENUE DE),43.2689,5.3884,Plein jour,En agglomération,Hors intersection,Normale,Deux véhicules - arrière,,,,,,,,,,,1,2,1,1.0,2.0
201800009069,0018-05-28 03:00:00,18,5,28,3,0,130,55,BAILLE (BD),43.28738,5.38911,Nuit avec éclairage allumé,En agglomération,Intersection en X,Pluie légère,Autre collision,,,,,,,,,,,5,2,2,2.0,6.0
201800009070,0018-05-28 19:45:00,18,5,28,19,45,130,55,PERIER (BOULEVARD),43.27862,5.38056,Plein jour,En agglomération,Hors intersection,Normale,Autre collision,,,,,,,,,,,1,2,1,1.0,6.0
201800009071,0018-05-29 01:35:00,18,5,29,1,35,130,55,COMMANDERIE (CHEMIN),43.34234,5.36199,Nuit avec éclairage allumé,En agglomération,Intersection en Y,Normale,Deux véhicules - arrière,,,,,,,,,,,5,2,4,1.0,2.0
201800009072,0018-05-28 14:45:00,18,5,28,14,45,130,55,BERNEX (Rue)    IMPAIRS,43.30025,5.38868,Plein jour,En agglomération,Intersection en X,Normale,Autre collision,,,,,,,,,,,1,2,2,1.0,6.0
201800009073,0018-05-30 11:10:00,18,5,30,11,10,130,55,PRADO (AVENUE DU),43.26739,5.38336,Plein jour,En agglomération,Hors intersection,Pluie légère,Deux véhicules - côté,,,,,,,,,,,1,2,1,2.0,3.0
201800009074,0018-05-30 13:10:00,18,5,30,13,10,130,55,L ARMEE D AFRIQUE (CHEMI,43.28673,5.41472,Plein jour,En agglomération,Hors intersection,Normale,Deux véhicules - arrière,,,,,,,,,,,1,2,1,1.0,2.0
201800009075,0018-05-30 12:33:00,18,5,30,12,33,130,55,PRADO (AVENUE du),43.2794,5.3878,Plein jour,En agglomération,Hors intersection,Pluie légère,Sans collision,,,,,,,,,,,1,2,1,2.0,7.0
201800009076,0018-04-30 18:15:00,18,4,30,18,15,130,55,PARANGON (TRAVERSE),43.24103,5.37839,Plein jour,En agglomération,Hors intersection,Normale,Sans collision,,,,,,,,,,,1,2,1,1.0,7.0
201800009077,0018-05-30 21:35:00,18,5,30,21,35,130,55,CH DU MERLAN à LA Rose,43.33045,5.41216,Nuit avec éclairage allumé,En agglomération,Hors intersection,Normale,Deux véhicules - frontale,,,,,,,,,,,5,2,1,1.0,1.0
201800009078,0018-05-30 21:02:00,18,5,30,21,2,130,55,TOULON (AVENUE DE),43.28488,5.39065,Nuit avec éclairage allumé,En agglomération,Intersection en X,Normale,Deux véhicules - côté,,,,,,,,,,,5,2,2,1.0,3.0
201800009079,0018-04-25 11:55:00,18,4,25,11,55,130,55,SAKAKINI (BOULEVARD),43.29987,5.40089,Plein jour,En agglomération,Intersection en X,Normale,Autre collision,,,,,,,,,,,1,2,2,1.0,6.0
201800009080,0018-05-16 16:15:00,18,5,16,16,15,130,55,LIBERTE (BOULEVARD DE LA,43.30173,5.38335,Plein jour,En agglomération,Hors intersection,Normale,Autre collision,,,,,,,,,,,1,2,1,1.0,6.0
201800009081,0018-05-31 09:00:00,18,5,31,9,0,130,55,ENCO DE BOT (ROUTE),43.31606,5.469,Plein jour,En agglomération,Intersection en T,Pluie légère,Deux véhicules - côté,,,,,,,,,,,1,2,3,2.0,3.0
201800009082,0018-05-31 09:15:00,18,5,31,9,15,130,55,SAINT PIERRE (RUE),43.29165,5.40658,Plein jour,En agglomération,Autre intersection,Pluie légère,Deux véhicules - côté,,,,,,,,,,,1,2,9,2.0,3.0
201800009083,0018-05-31 06:50:00,18,5,31,6,50,130,55,PLOMBIERES (BOULEVARD DE,43.31502,5.38798,Plein jour,En agglomération,Intersection en X,Temps couvert,Trois véhicules et plus - collisions multiples,,,,,,,,,,,1,2,2,8.0,5.0
201800009084,0018-05-31 11:00:00,18,5,31,11,0,130,55,MERIMEE,43.3305,5.40466,Plein jour,En agglomération,Hors intersection,Normale,Autre collision,,,,,,,,,,,1,2,1,1.0,6.0
201800009085,0018-05-31 14:50:00,18,5,31,14,50,130,55,FRANOISE DUPARC (BOULEV,43.30501,5.40089,Plein jour,En agglomération,Hors intersection,Normale,Trois véhicules et plus - en chaîne,,,,,,,,,,,1,2,1,1.0,4.0
201800009086,0018-05-31 15:40:00,18,5,31,15,40,130,55,BELGES (QUAI des),43.29408,5.37432,Plein jour,En agglomération,Hors intersection,Normale,Autre collision,,,,,,,,,,,1,2,1,1.0,6.0
201800009087,0018-05-31 14:10:00,18,5,31,14,10,130,55,GOUFFE (COURS),43.28574,5.38849,Plein jour,En agglomération,Hors intersection,Normale,Deux véhicules - frontale,,,,,,,,,,,1,2,1,1.0,1.0
201800009088,0018-05-31 16:15:00,18,5,31,16,15,130,55,LUCIEN ROLMER (RUE),43.30557,5.37623,Plein jour,En agglomération,Hors intersection,Normale,Deux véhicules - frontale,,,,,,,,,,,1,2,1,1.0,1.0
201800009089,0018-05-31 16:10:00,18,5,31,16,10,130,55,LeON LACHAMP (ROUTE),43.24884,5.44166,Plein jour,En agglomération,Hors intersection,Normale,Autre collision,,,,,,,,,,,1,2,1,1.0,6.0
201800009090,0018-05-31 20:20:00,18,5,31,20,20,130,55,MIREILLE LAUZE (BOULEVAR,43.2849,5.42132,Crépuscule ou aube,En agglomération,Hors intersection,Normale,Deux véhicules - côté,,,,,,,,,,,2,2,1,1.0,3.0
201800009091,0018-06-01 08:00:00,18,6,1,8,0,130,55,AYGALADES (AVENUE DES),43.34115,5.36523,Plein jour,En agglomération,Hors intersection,Normale,Deux véhicules - arrière,,,,,,,,,,,1,2,1,1.0,2.0
201800009092,0018-06-01 08:00:00,18,6,1,8,0,130,55,Corniche John Fitzgrald,,,Plein jour,En agglomération,Hors intersection,Normale,Deux véhicules - côté,,,,,,,,,,,1,2,1,1.0,3.0
201800009093,0018-06-01 09:15:00,18,6,1,9,15,130,55,GOUDES (CHEMIN DES),43.22876,5.35286,Plein jour,En agglomération,Hors intersection,Normale,Deux véhicules - arrière,,,,,,,,,,,1,2,1,1.0,2.0
201800009094,0018-06-01 11:00:00,18,6,1,11,0,130,55,SAINT MENET (MONTEE),43.29317,5.49499,Plein jour,En agglomération,Intersection en Y,Normale,Deux véhicules - côté,,,,,,,,,,,1,2,4,1.0,3.0
201800009095,0018-05-31 11:45:00,18,5,31,11,45,130,55,PEINTRES ROUX (avenue),43.29554,5.48119,Plein jour,En agglomération,Giratoire,Normale,Deux véhicules - arrière,,,,,,,,,,,1,2,6,1.0,2.0
201800009096,0018-06-01 17:00:00,18,6,1,17,0,130,55,RIVE NEUVE (QUAI),43.29356,5.37184,Plein jour,En agglomération,Hors intersection,Normale,Deux véhicules - arrière,,,,,,,,,,,1,2,1,1.0,2.0
201800009097,0018-06-01 18:50:00,18,6,1,18,50,130,55,24 AVRIL 15 (AVENUE DU),43.3081,5.43441,Plein jour,En agglomération,Hors intersection,Normale,Autre collision,,,,,,,,,,,1,2,1,1.0,6.0
201800009098,0018-06-01 16:00:00,18,6,1,16,0,130,55,LOUBON (RUE),43.31255,5.38188,Plein jour,En agglomération,Hors intersection,Normale,Autre collision,,,,,,,,,,,1,2,1,1.0,6.0
201800009099,0018-05-19 20:30:00,18,5,19,20,30,130,55,MONTAIGNE (RUE),43.3041,5.41543,Plein jour,En agglomération,Hors intersection,Normale,Autre collision,,,,,,,,,,,1,2,1,1.0,6.0
201800009100,0018-06-01 01:30:00,18,6,1,1,30,130,55,RUE MAURIAC *,43.2722,5.42129,Nuit avec éclairage allumé,En agglomération,Hors intersection,Normale,Autre collision,,,,,,,,,,,5,2,1,1.0,6.0
201800009101,0018-06-02 00:01:00,18,6,2,0,1,130,55,VINCENT LEBLANC (RUE),43.30499,5.3682,Nuit avec éclairage allumé,En agglomération,Intersection en X,Normale,Autre collision,,,,,,,,,,,5,2,2,1.0,6.0
201800009102,0018-06-02 02:35:00,18,6,2,2,35,130,55,CHARLES KADDOUZ (RUE),43.31513,5.43329,Nuit avec éclairage allumé,En agglomération,Hors intersection,Normale,Deux véhicules - frontale,,,,,,,,,,,5,2,1,1.0,1.0
201800009103,0018-06-02 11:45:00,18,6,2,11,45,130,55,CHATEAU GOMBERT CHEMIN,43.34441,5.4229,Plein jour,En agglomération,Hors intersection,Normale,Deux véhicules - côté,,,,,,,,,,,1,2,1,1.0,3.0
201800009104,0018-06-02 18:15:00,18,6,2,18,15,130,55,MADRAGUE VILLE (chemin d,43.3282,5.35952,Plein jour,En agglomération,Hors intersection,Normale,Autre collision,,,,,,,,,,,1,2,1,1.0,6.0
201800009105,0018-06-03 18:00:00,18,6,3,18,0,130,55,DAMES (BOULEVARD DES),43.30244,5.36962,Plein jour,En agglomération,Hors intersection,Normale,Deux véhicules - côté,,,,,,,,,,,1,2,1,1.0,3.0
201800009106,0018-06-03 19:20:00,18,6,3,19,20,130,55,DIEUDE (RUE),43.29209,5.38059,Plein jour,En agglomération,Intersection en X,Normale,Deux véhicules - arrière,,,,,,,,,,,1,2,2,1.0,2.0
201800009107,0018-06-04 06:55:00,18,6,4,6,55,130,55,CHEMIN DE CEZANNE,43.36803,5.31364,Crépuscule ou aube,En agglomération,Intersection en X,Normale,Trois véhicules et plus - collisions multiples,,,,,,,,,,,2,2,2,1.0,5.0
201800009108,0018-06-04 08:40:00,18,6,4,8,40,130,55,GILLY (BOULEVARD),,,Plein jour,En agglomération,Hors intersection,Normale,Deux véhicules - arrière,,,,,,,,,,,1,2,1,1.0,2.0
201800009109,0018-06-04 07:45:00,18,6,4,7,45,130,55,MICHELET BLD,43.2704,5.39247,Plein jour,En agglomération,Intersection en T,Normale,Deux véhicules - côté,,,,,,,,,,,1,2,3,1.0,3.0
201800009110,0018-06-04 13:25:00,18,6,4,13,25,130,55,LIANDIER (RUE),43.2784,5.39221,Plein jour,En agglomération,Hors intersection,Pluie légère,Autre collision,,,,,,,,,,,1,2,1,2.0,6.0
201800009111,0018-06-04 14:20:00,18,6,4,14,20,130,55,BARASSE,43.27876,5.48291,Plein jour,En agglomération,Hors intersection,Normale,Autre collision,,,,,,,,,,,1,2,1,1.0,6.0
201800009112,0018-06-04 14:30:00,18,6,4,14,30,130,55,SAINTE ANNE (BOULEVARD),43.25751,5.39323,Plein jour,En agglomération,Autre intersection,Normale,Autre collision,,,,,,,,,,,1,2,9,1.0,6.0
201800009113,0018-06-04 14:55:00,18,6,4,14,55,130,55,DE SAINT LOUIS AU ROVE (,43.35461,5.34985,Plein jour,En agglomération,Hors intersection,Normale,Autre collision,,,,,,,,,,,1,2,1,1.0,6.0
201800009114,0018-06-04 16:10:00,18,6,4,16,10,130,55,ROME (RUE DE),43.2904,5.38116,Plein jour,En agglomération,Hors intersection,Normale,Autre collision,,,,,,,,,,,1,2,1,1.0,6.0
201800009115,0018-06-04 15:13:00,18,6,4,15,13,130,55,PIERRE DOIZE  (RUE),43.27046,5.42379,Plein jour,En agglomération,Hors intersection,Normale,Deux véhicules - côté,,,,,,,,,,,1,2,1,1.0,3.0
201800009116,0018-06-04 17:50:00,18,6,4,17,50,130,55,BAILLE (BOULEVARD),43.28672,5.38663,Plein jour,En agglomération,Hors intersection,Normale,Deux véhicules - côté,,,,,,,,,,,1,2,1,1.0,3.0
201800009117,0018-06-04 23:55:00,18,6,4,23,55,130,55,MADRAGUE DE MONTREDON (A,43.23863,5.36505,Nuit avec éclairage allumé,En agglomération,Hors intersection,Normale,Autre collision,,,,,,,,,,,5,2,1,1.0,6.0
201800009118,0018-06-05 00:04:00,18,6,5,0,4,130,55,FRANCOISE DUPARC (BOULEV,43.3019,5.4007,Nuit avec éclairage allumé,En agglomération,Hors intersection,Normale,Deux véhicules - arrière,,,,,,,,,,,5,2,1,1.0,2.0
201800009119,0018-06-05 07:00:00,18,6,5,7,0,130,55,METRO (BOULEVARD DU),43.33587,5.42833,Plein jour,En agglomération,Hors intersection,Normale,Deux véhicules - côté,,,,,,,,,,,1,2,1,1.0,3.0
201800009120,0018-06-05 08:00:00,18,6,5,8,0,130,55,COMMANDEUR (TRAVERSE),43.32469,5.4565,Plein jour,En agglomération,Intersection en X,Normale,Deux véhicules - arrière,,,,,,,,,,,1,2,2,1.0,2.0
201800009121,0018-06-05 11:40:00,18,6,5,11,40,130,55,CAMOINS ((RUE LES),43.29851,5.49902,Plein jour,En agglomération,Hors intersection,Normale,Trois véhicules et plus - collisions multiples,,,,,,,,,,,1,2,1,1.0,5.0
201800009122,0018-06-05 13:30:00,18,6,5,13,30,130,55,ROY D'ESPAGNE (CHEMIN),43.2403,5.39743,Plein jour,En agglomération,Hors intersection,Normale,Deux véhicules - arrière,,,,,,,,,,,1,2,1,1.0,2.0
201800009123,0018-06-05 16:45:00,18,6,5,16,45,130,55,SAINT LOUP (BOULEVARD DE,43.28407,5.43584,Plein jour,En agglomération,Hors intersection,Normale,Autre collision,,,,,,,,,,,1,2,1,1.0,6.0
201800009124,0018-06-05 16:40:00,18,6,5,16,40,130,55,FRANOIS MIGNET (AVENUE),43.33065,5.42752,Plein jour,En agglomération,Intersection en T,Normale,Deux véhicules - côté,,,,,,,,,,,1,2,3,1.0,3.0
201800009125,0018-06-05 19:10:00,18,6,5,19,10,130,55,RAYMOND TEISSERE RUE,43.2723,5.39972,Plein jour,En agglomération,Intersection en T,Normale,Deux véhicules - côté,,,,,,,,,,,1,2,3,1.0,3.0
201800009126,0018-06-05 22:50:00,18,6,5,22,50,130,55,PLOMBIERES (BOULEVARD DE,43.32034,5.37725,Nuit avec éclairage allumé,En agglomération,Hors intersection,Normale,Deux véhicules - arrière,,,,,,,,,,,5,2,1,1.0,2.0
201800009127,0018-06-05 19:45:00,18,6,5,19,45,130,55,GRANOUX (RUE),43.2987,5.39871,Nuit avec éclairage allumé,En agglomération,Intersection en X,Normale,Deux véhicules - côté,,,,,,,,,,,5,2,2,1.0,3.0
201800009128,0018-06-05 22:30:00,18,6,5,22,30,130,55,BLANCARDE (BOULEVARD),43.30335,5.4047,Nuit avec éclairage allumé,En agglomération,Hors intersection,Normale,Sans collision,,,,,,,,,,,5,2,1,1.0,7.0
201800009129,0018-06-06 00:15:00,18,6,6,0,15,130,55,Bd Romain Rolland,43.27901,5.42252,Nuit avec éclairage allumé,En agglomération,Hors intersection,Pluie légère,Trois véhicules et plus - en chaîne,,,,,,,,,,,5,2,1,2.0,4.0
201800009130,0018-06-06 10:00:00,18,6,6,10,0,130,55,MAZARGUES (AVENUE DE),43.25938,5.39413,Plein jour,En agglomération,Hors intersection,Normale,Autre collision,,,,,,,,,,,1,2,1,1.0,6.0
201800009131,0018-06-06 15:15:00,18,6,6,15,15,130,55,MADRAGUE DE MONTREDON (A,43.23493,5.3601,Plein jour,En agglomération,Hors intersection,Normale,Autre collision,,,,,,,,,,,1,2,1,1.0,6.0
201800009132,0018-06-06 18:00:00,18,6,6,18,0,130,55,AUGUSTIN AUBERT (RUE),43.26494,5.40379,Plein jour,En agglomération,Hors intersection,Normale,Autre collision,,,,,,,,,,,1,2,1,1.0,6.0
201800009133,0018-06-06 22:03:00,18,6,6,22,3,130,55,Louis VILLECROZE (Bld),43.31943,5.3921,Nuit avec éclairage allumé,En agglomération,Intersection en T,Normale,Deux véhicules - arrière,,,,,,,,,,,5,2,3,1.0,2.0
201800009134,0018-06-06 22:30:00,18,6,6,22,30,130,55,GOUFFE (COURS),43.28523,5.39077,Nuit avec éclairage allumé,En agglomération,Intersection en T,Normale,Deux véhicules - côté,,,,,,,,,,,5,2,3,1.0,3.0
201800009135,0018-06-07 11:45:00,18,6,7,11,45,130,55,BRETEUIL (RUE),43.28649,5.37736,Plein jour,En agglomération,Hors intersection,Normale,Autre collision,,,,,,,,,,,1,2,1,1.0,6.0
201800009136,0018-06-07 16:10:00,18,6,7,16,10,130,55,SAINTE MARGUERITE (BOULE,43.26614,5.40842,Plein jour,En agglomération,Hors intersection,Pluie légère,Deux véhicules - arrière,,,,,,,,,,,1,2,1,2.0,2.0
201800009137,0018-06-08 09:35:00,18,6,8,9,35,130,55,REDON (BOULEVARD DU),43.25,5.42,Plein jour,En agglomération,Hors intersection,Normale,Sans collision,,,,,,,,,,,1,2,1,1.0,7.0
201800009138,0018-06-08 10:50:00,18,6,8,10,50,130,55,PRADO (AVENUE DU),43.26197,5.375,Plein jour,En agglomération,Intersection en Y,Normale,Deux véhicules - côté,,,,,,,,,,,1,2,4,1.0,3.0
201800009139,0018-06-08 15:55:00,18,6,8,15,55,130,55,NATIONAL   1 A 51 (BOULE,43.30318,5.38614,Plein jour,En agglomération,Hors intersection,Normale,Deux véhicules - arrière,,,,,,,,,,,1,2,1,1.0,2.0
201800009140,0018-06-08 17:55:00,18,6,8,17,55,130,55,HAIFA (AVENUE),43.25226,5.39136,Plein jour,En agglomération,Hors intersection,Normale,Deux véhicules - arrière,,,,,,,,,,,1,2,1,1.0,2.0
201800009141,0018-05-30 01:15:00,18,5,30,1,15,130,55,Corniche John Fitzgerald,43.28446,5.34968,Nuit avec éclairage allumé,En agglomération,Hors intersection,Pluie légère,Autre collision,,,,,,,,,,,5,2,1,2.0,6.0
201800009142,0018-06-08 20:30:00,18,6,8,20,30,130,55,POILUS (AVENUE Des),43.31785,5.46003,Plein jour,En agglomération,Hors intersection,Normale,Autre collision,,,,,,,,,,,1,2,1,1.0,6.0
201800009143,0018-06-09 03:40:00,18,6,9,3,40,130,55,LIBERATION (BOULEVARD),43.30223,5.39522,Nuit avec éclairage allumé,En agglomération,Hors intersection,Normale,Deux véhicules - arrière,,,,,,,,,,,5,2,1,1.0,2.0
201800009144,0018-06-09 05:45:00,18,6,9,5,45,130,55,LEDRU ROLLI (BOULEVARD),43.33916,5.35712,Crépuscule ou aube,En agglomération,Intersection en Y,Normale,Deux véhicules - frontale,,,,,,,,,,,2,2,4,1.0,1.0
201800009145,0018-06-09 06:40:00,18,6,9,6,40,130,55,CHEMIN DU MERLAN A LA RO,43.33076,5.41031,Crépuscule ou aube,En agglomération,Giratoire,Normale,Deux véhicules - arrière,,,,,,,,,,,2,2,6,1.0,2.0
201800009146,0018-06-09 14:30:00,18,6,9,14,30,130,55,LOUIS BONNEFON (PLACE),43.25417,5.38168,Plein jour,En agglomération,Giratoire,Normale,Deux véhicules - côté,,,,,,,,,,,1,2,6,1.0,3.0
201800009147,0018-06-09 14:30:00,18,6,9,14,30,130,55,MILLIE MATHYS (AVENUE),43.3659,5.35368,Plein jour,En agglomération,Autre intersection,Normale,Autre collision,,,,,,,,,,,1,2,9,1.0,6.0
201800009148,0018-06-09 21:05:00,18,6,9,21,5,130,55,PORT (QUAI DU),43.29563,5.36638,Crépuscule ou aube,En agglomération,Intersection en T,Normale,Autre collision,,,,,,,,,,,2,2,3,1.0,6.0
201800009149,0018-06-09 03:30:00,18,6,9,3,30,130,55,POMPIDOU (PROMENADE),43.2669,5.37247,Nuit avec éclairage allumé,En agglomération,Hors intersection,Normale,Autre collision,,,,,,,,,,,5,2,1,1.0,6.0
201800009150,0018-06-10 15:00:00,18,6,10,15,0,130,55,POILUS (AVENUE DES),43.31885,5.45941,Plein jour,En agglomération,Hors intersection,Normale,Deux véhicules - arrière,,,,,,,,,,,1,2,1,1.0,2.0
201800009151,0018-06-10 14:00:00,18,6,10,14,0,130,55,COL DE LA GINESTE D559,43.23733,5.49857,Plein jour,Hors agglomération,Hors intersection,Normale,Deux véhicules - côté,,,,,,,,,,,1,1,1,1.0,3.0
201800009152,0018-06-10 15:15:00,18,6,10,15,15,130,55,Av. la viste,43.36344,5.35715,Plein jour,En agglomération,Hors intersection,Normale,Deux véhicules - côté,,,,,,,,,,,1,2,1,1.0,3.0
201800009153,0018-06-10 18:30:00,18,6,10,18,30,130,55,BONNEFOY (RUE),43.27983,5.4,Plein jour,En agglomération,Autre intersection,Normale,Deux véhicules - frontale,,,,,,,,,,,1,2,9,1.0,1.0
201800009154,0018-06-08 11:00:00,18,6,8,11,0,130,55,VACON (RUE)      1 A 25,43.29514,5.37849,Plein jour,En agglomération,Intersection en X,Normale,Autre collision,,,,,,,,,,,1,2,2,1.0,6.0
201800009155,0018-06-08 12:40:00,18,6,8,12,40,130,55,BLANCARDE (BOULEVARD),43.30375,5.40699,Plein jour,En agglomération,Intersection en Y,Normale,Deux véhicules - arrière,,,,,,,,,,,1,2,4,1.0,2.0
201800009156,0018-06-11 05:40:00,18,6,11,5,40,130,75,FRéDéRIC CHEVILLON,43.34723,5.46345,Nuit avec éclairage allumé,En agglomération,Intersection en X,Pluie forte,Deux véhicules - côté,,,,,,,,,,,5,2,2,3.0,3.0
201800009157,0018-06-11 14:00:00,18,6,11,14,0,130,55,PLOMBIERES (BOULEVARD DE,43.31979,5.37786,Plein jour,En agglomération,Hors intersection,Temps couvert,Deux véhicules - côté,,,,,,,,,,,1,2,1,8.0,3.0
201800009158,0018-06-11 16:15:00,18,6,11,16,15,130,55,PEINTRES ROUX (AVENUE DE,43.31188,5.46424,Plein jour,En agglomération,Autre intersection,Normale,Deux véhicules - arrière,,,,,,,,,,,1,2,9,1.0,2.0
201800009159,0018-06-11 16:10:00,18,6,11,16,10,130,55,MONTGRAND (RUE),43.29162,5.37844,Plein jour,En agglomération,Hors intersection,Normale,Autre collision,,,,,,,,,,,1,2,1,1.0,6.0
201800009160,0018-06-11 19:00:00,18,6,11,19,0,130,55,MIRABEAU (BOULEVARD),43.31431,5.36973,Plein jour,En agglomération,Intersection en X,Normale,Deux véhicules - côté,,,,,,,,,,,1,2,2,1.0,3.0
201800009161,0018-06-11 19:15:00,18,6,11,19,15,130,55,TROIS LUCS (AVENUE des),43.31141,5.46456,Plein jour,En agglomération,Intersection en Y,Normale,Deux véhicules - côté,,,,,,,,,,,1,2,4,1.0,3.0
201800009162,0018-06-12 08:45:00,18,6,12,8,45,130,55,CAPELETTE (AVENUE de la),43.27978,5.41613,Plein jour,En agglomération,Hors intersection,Normale,Autre collision,,,,,,,,,,,1,2,1,1.0,6.0
201800009163,0018-06-12 09:10:00,18,6,12,9,10,130,55,rue Palestro,43.30514,5.38059,Plein jour,En agglomération,Intersection en X,Normale,Deux véhicules - côté,,,,,,,,,,,1,2,2,1.0,3.0
201800009164,0018-06-12 11:40:00,18,6,12,11,40,130,75,LOUIS PASTEUR (AVE),43.35473,5.46627,Plein jour,En agglomération,Hors intersection,Normale,Deux véhicules - frontale,,,,,,,,,,,1,2,1,1.0,1.0
201800009165,0018-06-12 08:45:00,18,6,12,8,45,130,55,BARQUIERE (AVENUE DE LA),43.24546,5.39746,Plein jour,En agglomération,Hors intersection,Normale,Autre collision,,,,,,,,,,,1,2,1,1.0,6.0
201800009166,0018-06-12 14:30:00,18,6,12,14,30,130,55,SAINT BARNABE (AVENUE DE,43.30417,5.41207,Plein jour,En agglomération,Intersection en Y,Normale,Sans collision,,,,,,,,,,,1,2,4,1.0,7.0
201800009167,0018-06-10 11:10:00,18,6,10,11,10,130,55,PARADIS (RUE),43.28445,5.38058,Plein jour,En agglomération,Intersection en X,Normale,Deux véhicules - côté,,,,,,,,,,,1,2,2,1.0,3.0
201800009168,0018-06-13 13:30:00,18,6,13,13,30,130,55,NATIONALE (RUE),43.29964,5.3776,Plein jour,En agglomération,Hors intersection,Normale,Autre collision,,,,,,,,,,,1,2,1,1.0,6.0
201800009169,0018-06-13 17:30:00,18,6,13,17,30,130,55,ALBERT MARQUET (RUE),43.33038,5.4124,Plein jour,En agglomération,Intersection en T,Normale,Deux véhicules - côté,,,,,,,,,,,1,2,3,1.0,3.0
201800009170,0018-06-14 11:10:00,18,6,14,11,10,130,55,CHARTREUX (AVENUE DES),43.30896,5.40048,Plein jour,En agglomération,Hors intersection,Normale,Deux véhicules - côté,,,,,,,,,,,1,2,1,1.0,3.0
201800009171,0018-06-14 17:40:00,18,6,14,17,40,130,55,VICINAL DE LA MILLIERE (,43.28656,5.49891,Plein jour,En agglomération,Hors intersection,Normale,Autre collision,,,,,,,,,,,1,2,1,1.0,6.0
201800009172,0018-06-14 20:50:00,18,6,14,20,50,130,55,PEINTRES ROUX AVE,43.30376,5.4729,Crépuscule ou aube,En agglomération,Giratoire,Normale,Deux véhicules - arrière,,,,,,,,,,,2,2,6,1.0,2.0
201800009173,0018-06-14 21:30:00,18,6,14,21,30,130,55,VALLON DE L'oriol,43.27861,5.36283,Crépuscule ou aube,En agglomération,Hors intersection,Normale,Sans collision,,,,,,,,,,,2,2,1,1.0,7.0