accident_id,datetime,annee,mois,jour,heure,minute,departement,commune_insee,adresse,latitude,longitude,luminosite,agglomeration,intersection,meteo,collision,nb_vehicules,nb_usagers,nb_indemnes,nb_tues,nb_blesses_hosp,nb_blesses_legers,age_cond_1,age_cond_2,veh_type_cond_1,veh_type_cond_2,lum_code,agg_code,int_code,atm_code,col_code
201800009174,0018-06-15 01:10:00,18,6,15,1,10,130,55,SAKAKINI (BOULEVARD),43.29624,5.40029,Nuit avec éclairage allumé,En agglomération,Hors intersection,Normale,Deux véhicules - arrière,,,,,,,,,,,5,2,1,1.0,2.0
201800009175,0018-06-14 23:15:00,18,6,14,23,15,130,55,PRADO (AVENUE DU),43.28033,5.38685,Nuit avec éclairage allumé,En agglomération,Autre intersection,Normale,Deux véhicules - arrière,,,,,,,,,,,5,2,9,1.0,2.0
201800009176,0018-06-15 10:30:00,18,6,15,10,30,130,55,GNRAL FERRIE (PLACE),43.27752,5.39919,Plein jour,En agglomération,Intersection en T,Normale,Autre collision,,,,,,,,,,,1,2,3,1.0,6.0
201800009177,0018-06-15 11:10:00,18,6,15,11,10,130,55,CAMOINS ((RUE LES),43.3007,5.50328,Plein jour,En agglomération,Giratoire,Normale,Deux véhicules - côté,,,,,,,,,,,1,2,6,1.0,3.0
201800009178,0018-06-15 21:09:00,18,6,15,21,9,130,55,CHARTREUX (AVENUE Des),43.30353,5.39761,Crépuscule ou aube,En agglomération,Hors intersection,Normale,Autre collision,,,,,,,,,,,2,2,1,1.0,6.0
201800009179,0018-06-15 21:00:00,18,6,15,21,0,130,55,LEDRU ROLLI (BOULEVARD),43.34252,5.35966,Plein jour,En agglomération,Intersection en X,Normale,Deux véhicules - frontale,,,,,,,,,,,1,2,2,1.0,1.0
201800009180,0018-06-16 06:08:00,18,6,16,6,8,130,55,SAINTE MARGUERITE (BOULE,43.26353,5.41071,Plein jour,En agglomération,Hors intersection,Normale,Deux véhicules - arrière,,,,,,,,,,,1,2,1,1.0,2.0
201800009181,0018-06-16 11:30:00,18,6,16,11,30,130,55,SCHLOESING (Boulevard),43.27024,5.40255,Plein jour,En agglomération,Hors intersection,Normale,Autre collision,,,,,,,,,,,1,2,1,1.0,6.0
201800009182,0018-06-16 15:00:00,18,6,16,15,0,130,55,ROUET (RUE DU),43.27575,5.39551,Plein jour,En agglomération,Intersection en Y,Normale,Deux véhicules - côté,,,,,,,,,,,1,2,4,1.0,3.0
201800009183,0018-06-16 22:30:00,18,6,16,22,30,130,55,PRADO (AVENUE DU),43.26789,5.38449,Nuit avec éclairage allumé,En agglomération,Hors intersection,Normale,Autre collision,,,,,,,,,,,5,2,1,1.0,6.0
201800009184,0018-06-17 12:00:00,18,6,17,12,0,130,55,PRADO (AVENUE DU),43.26344,5.3772,Plein jour,En agglomération,Hors intersection,Normale,Deux véhicules - arrière,,,,,,,,,,,1,2,1,1.0,2.0
201800009185,0018-06-17 20:00:00,18,6,17,20,0,130,55,LA FOURRAGERE (AVENUE),43.29861,5.4311,Plein jour,En agglomération,Hors intersection,Normale,Sans collision,,,,,,,,,,,1,2,1,1.0,7.0
201800009186,0018-06-17 23:45:00,18,6,17,23,45,130,55,SCHLOESING (Boulevard),43.27088,5.40215,Nuit avec éclairage allumé,En agglomération,Hors intersection,Normale,Deux véhicules - côté,,,,,,,,,,,5,2,1,1.0,3.0
201800009187,0018-06-18 08:10:00,18,6,18,8,10,130,55,ALBE (RUE),43.31189,5.40514,Plein jour,En agglomération,Hors intersection,Normale,Autre collision,,,,,,,,,,,1,2,1,1.0,6.0
201800009188,0018-06-18 09:20:00,18,6,18,9,20,130,55,MAZARGUES (AVENUE DE),43.26257,5.39312,Plein jour,En agglomération,Hors intersection,Normale,Deux véhicules - arrière,,,,,,,,,,,1,2,1,1.0,2.0
201800009189,0018-06-18 12:20:00,18,6,18,12,20,130,55,FLORIAN ( ROND POINT),43.28576,5.42578,Plein jour,En agglomération,Hors intersection,Normale,Deux véhicules - arrière,,,,,,,,,,,1,2,1,1.0,2.0
201800009190,0018-06-18 15:45:00,18,6,18,15,45,130,55,CLOT BEY (AV),43.26149,5.38755,Plein jour,En agglomération,Hors intersection,Normale,Sans collision,,,,,,,,,,,1,2,1,1.0,7.0
201800009191,0018-06-18 16:00:00,18,6,18,16,0,130,55,ALEX ANSALDI (RUE),43.3354,5.39999,Plein jour,En agglomération,Hors intersection,Normale,Deux véhicules - frontale,,,,,,,,,,,1,2,1,1.0,1.0
201800009192,0018-06-18 22:15:00,18,6,18,22,15,130,55,MENDES FRANCE (Avenue),43.25787,5.37613,Nuit avec éclairage allumé,En agglomération,Hors intersection,Normale,Deux véhicules - côté,,,,,,,,,,,5,2,1,1.0,3.0
201800009193,0018-06-19 08:07:00,18,6,19,8,7,130,55,CORSE (AVENUE DE LA),43.28885,5.36091,Plein jour,En agglomération,Hors intersection,Temps éblouissant,Autre collision,,,,,,,,,,,1,2,1,7.0,6.0
201800009194,0018-06-19 07:35:00,18,6,19,7,35,130,55,EMMANUEL ALLARD (RUE),43.29017,5.44174,Plein jour,En agglomération,Hors intersection,Temps éblouissant,Autre collision,,,,,,,,,,,1,2,1,7.0,6.0
201800009195,0018-06-19 16:00:00,18,6,19,16,0,130,55,BASSINS DE RADOUB (BOULE,43.3266,5.3583,Plein jour,En agglomération,Hors intersection,Normale,Deux véhicules - côté,,,,,,,,,,,1,2,1,1.0,3.0
201800009196,0018-06-19 16:00:00,18,6,19,16,0,130,55,SORMIOU (CHEMIN DE),43.23379,5.39961,Plein jour,Hors agglomération,Intersection en T,Normale,Deux véhicules - côté,,,,,,,,,,,1,1,3,1.0,3.0
201800009197,0018-06-19 18:15:00,18,6,19,18,15,130,55,COMTESSE LILY PASTRE,43.28278,5.42409,Plein jour,En agglomération,Hors intersection,Normale,Sans collision,,,,,,,,,,,1,2,1,1.0,7.0
201800009198,0018-06-19 19:00:00,18,6,19,19,0,130,55,HAIFA (AVENUE),43.25027,5.38868,Plein jour,En agglomération,Giratoire,Normale,Autre collision,,,,,,,,,,,1,2,6,1.0,6.0
201800009199,0018-06-20 04:45:00,18,6,20,4,45,130,55,HENRI FRENAY (ROND-POINT,43.25434,5.37632,Nuit avec éclairage allumé,En agglomération,Giratoire,Normale,Sans collision,,,,,,,,,,,5,2,6,1.0,7.0
201800009200,0018-06-20 10:15:00,18,6,20,10,15,130,55,ICARD (BOULEVARD),43.27593,5.41742,Plein jour,En agglomération,Intersection en T,Normale,Autre collision,,,,,,,,,,,1,2,3,1.0,6.0
201800009201,0018-06-20 08:30:00,18,6,20,8,30,130,55,SCHLOESING (Bd),43.27269,5.4009,Plein jour,En agglomération,Hors intersection,Normale,Deux véhicules - côté,,,,,,,,,,,1,2,1,1.0,3.0
201800009202,0018-06-19 14:30:00,18,6,19,14,30,130,55,SALVADOR ALLENDE (RUE),43.32977,5.3937,Plein jour,En agglomération,Hors intersection,Normale,Deux véhicules - frontale,,,,,,,,,,,1,2,1,1.0,1.0
201800009203,0018-06-20 10:00:00,18,6,20,10,0,130,55,ALEX. FLEMING (Bd),43.31538,5.4021,Plein jour,En agglomération,Hors intersection,Normale,Trois véhicules et plus - en chaîne,,,,,,,,,,,1,2,1,1.0,4.0
201800009204,0018-06-19 13:00:00,18,6,19,13,0,130,55,CASTELLANE (PLACE),43.2859,5.38351,Plein jour,En agglomération,Hors intersection,Normale,Deux véhicules - côté,,,,,,,,,,,1,2,1,1.0,3.0
201800009205,0018-06-20 17:45:00,18,6,20,17,45,130,55,POMME (BOULEVARD DE LA ),43.29232,5.44935,Plein jour,En agglomération,Hors intersection,Normale,Trois véhicules et plus - en chaîne,,,,,,,,,,,1,2,1,1.0,4.0
201800009206,0018-06-20 16:35:00,18,6,20,16,35,130,55,BERCEAU (Rue),43.28829,5.39521,Plein jour,En agglomération,Intersection en X,Normale,Deux véhicules - côté,,,,,,,,,,,1,2,2,1.0,3.0
201800009207,0018-06-20 18:48:00,18,6,20,18,48,130,55,BOULEVARD MORETTI,43.32609,5.3771,Plein jour,En agglomération,Hors intersection,Normale,Autre collision,,,,,,,,,,,1,2,1,1.0,6.0
201800009208,0018-06-16 23:30:00,18,6,16,23,30,130,55,PRADO (AVENUE DU),43.26365,5.37797,Nuit avec éclairage allumé,En agglomération,Autre intersection,Normale,Trois véhicules et plus - collisions multiples,,,,,,,,,,,5,2,9,1.0,5.0
201800009209,0018-06-21 05:10:00,18,6,21,5,10,130,55,LA CANEBIERE  30 A 68,43.29629,5.37756,Crépuscule ou aube,En agglomération,Hors intersection,Normale,Deux véhicules - arrière,,,,,,,,,,,2,2,1,1.0,2.0
201800009210,0018-06-21 08:15:00,18,6,21,8,15,130,55,JEAN PAUL SARTRE (AVENUE,43.32721,5.4263,Plein jour,En agglomération,Hors intersection,Normale,Trois véhicules et plus - collisions multiples,,,,,,,,,,,1,2,1,1.0,5.0
201800009211,0018-06-21 08:50:00,18,6,21,8,50,130,55,PINATEL (BOULEVARD),43.31506,5.44636,Plein jour,En agglomération,Intersection en T,Normale,Deux véhicules - arrière,,,,,,,,,,,1,2,3,1.0,2.0
201800009212,0018-06-12 19:00:00,18,6,12,19,0,130,55,CORINTHE (AVENUE DE),43.28402,5.3903,Plein jour,En agglomération,Hors intersection,Normale,Autre collision,,,,,,,,,,,1,2,1,1.0,6.0
201800009213,0018-06-21 19:00:00,18,6,21,19,0,130,55,EDMOND ROSTAND,43.28381,5.3822,Plein jour,En agglomération,Hors intersection,Normale,Deux véhicules - côté,,,,,,,,,,,1,2,1,1.0,3.0
201800009214,0018-06-21 23:25:00,18,6,21,23,25,130,55,HENRI BARNIER (BOULEVARD,43.3699,5.3458,Nuit avec éclairage allumé,En agglomération,Giratoire,Normale,Autre collision,,,,,,,,,,,5,2,6,1.0,6.0
201800009215,0018-06-21 19:35:00,18,6,21,19,35,130,55,AUDIENCE (RUE DE L'),43.29557,5.48892,Plein jour,En agglomération,Giratoire,Normale,Deux véhicules - arrière,,,,,,,,,,,1,2,6,1.0,2.0
201800009216,0018-06-22 13:30:00,18,6,22,13,30,130,55,ROMAIN ROLLAND (BOULEVAR,43.27084,5.40814,Plein jour,En agglomération,Hors intersection,Normale,Autre collision,,,,,,,,,,,1,2,1,1.0,6.0
201800009217,0018-06-22 14:00:00,18,6,22,14,0,130,55,PAUL CLAUDEL (BOULEVARD),43.26835,5.41456,Plein jour,En agglomération,Hors intersection,Normale,Deux véhicules - frontale,,,,,,,,,,,1,2,1,1.0,1.0
201800009218,0018-06-22 15:45:00,18,6,22,15,45,130,55,SAINT BARNABE (AVENUE de,43.30435,5.41352,Plein jour,En agglomération,Hors intersection,Normale,Trois véhicules et plus - en chaîne,,,,,,,,,,,1,2,1,1.0,4.0
201800009219,0018-06-23 17:30:00,18,6,23,17,30,130,55,MARCHAL DE LATTRE (AVEN,43.24588,5.41686,Plein jour,En agglomération,Hors intersection,Normale,Deux véhicules - arrière,,,,,,,,,,,1,2,1,1.0,2.0
201800009220,0018-06-23 17:00:00,18,6,23,17,0,130,55,SAKAKINI (BOULEVARD),43.29628,5.4003,Plein jour,En agglomération,Hors intersection,Normale,Deux véhicules - arrière,,,,,,,,,,,1,2,1,1.0,2.0
201800009221,0018-06-23 20:10:00,18,6,23,20,10,130,55,RAYMONDINO (RUE),43.31253,5.38886,Plein jour,En agglomération,Intersection en T,Normale,Deux véhicules - arrière,,,,,,,,,,,1,2,3,1.0,2.0
201800009222,0018-06-23 20:15:00,18,6,23,20,15,130,55,EVECHE (RUE de L'),43.29824,5.36593,Crépuscule ou aube,En agglomération,Hors intersection,Normale,Autre collision,,,,,,,,,,,2,2,1,1.0,6.0
201800009223,0018-06-23 21:50:00,18,6,23,21,50,130,55,LOUIS SALVATOR (Bd),43.2911,5.3824,Nuit avec éclairage allumé,En agglomération,Hors intersection,Normale,Deux véhicules - arrière,,,,,,,,,,,5,2,1,1.0,2.0
201800009224,0018-06-24 04:45:00,18,6,24,4,45,130,55,SAINT MENET (MONTEE),43.29479,5.49023,Nuit avec éclairage allumé,En agglomération,Hors intersection,Normale,Autre collision,,,,,,,,,,,5,2,1,1.0,6.0
201800009225,0018-06-24 09:44:00,18,6,24,9,44,130,55,ICARD (BOULEVARD),43.27663,5.4187,Plein jour,En agglomération,Intersection en X,Normale,Deux véhicules - frontale,,,,,,,,,,,1,2,2,1.0,1.0
201800009226,0018-06-25 00:15:00,18,6,25,0,15,130,55,MARTINE (TRAVERSE LA),43.30001,5.47524,Nuit avec éclairage allumé,En agglomération,Hors intersection,Normale,Deux véhicules - côté,,,,,,,,,,,5,2,1,1.0,3.0
201800009227,0018-06-25 09:00:00,18,6,25,9,0,130,55,PEYSONNEL (RUE),43.31128,5.37028,Plein jour,En agglomération,Autre intersection,Normale,Deux véhicules - côté,,,,,,,,,,,1,2,9,1.0,3.0
201800009228,0018-06-25 09:20:00,18,6,25,9,20,130,55,JEANNE DE CHANTAL (Rue),43.30204,5.40254,Plein jour,En agglomération,Hors intersection,Normale,Autre collision,,,,,,,,,,,1,2,1,1.0,6.0
201800009229,0018-06-25 12:10:00,18,6,25,12,10,130,55,FLORIAN ( ROND POINT),43.2852,5.42571,Plein jour,En agglomération,Giratoire,Normale,Trois véhicules et plus - en chaîne,,,,,,,,,,,1,2,6,1.0,4.0
201800009230,0018-06-25 11:40:00,18,6,25,11,40,130,55,VALENTINE (ROUTE DE LA),43.28914,5.46839,Plein jour,En agglomération,Hors intersection,Normale,Deux véhicules - arrière,,,,,,,,,,,1,2,1,1.0,2.0
201800009231,0018-06-25 16:40:00,18,6,25,16,40,130,55,PIERRE CHEVALIER (av),43.29517,5.4247,Plein jour,En agglomération,Hors intersection,Normale,Deux véhicules - côté,,,,,,,,,,,1,2,1,1.0,3.0
201800009232,0018-06-25 17:00:00,18,6,25,17,0,130,55,MICHELET (BOULEVARD),43.27082,5.39217,Plein jour,En agglomération,Hors intersection,Normale,Deux véhicules - côté,,,,,,,,,,,1,2,1,1.0,3.0
201800009233,0018-06-26 09:25:00,18,6,26,9,25,130,55,ALPHONSE DAUDET (RUE),43.3216,5.41122,Plein jour,En agglomération,Hors intersection,Normale,Deux véhicules - arrière,,,,,,,,,,,1,2,1,1.0,2.0
201800009234,0018-06-26 09:30:00,18,6,26,9,30,130,55,Bd QUEIREL,43.282,5.43377,Plein jour,En agglomération,Hors intersection,Normale,Deux véhicules - arrière,,,,,,,,,,,1,2,1,1.0,2.0
201800009235,0018-06-26 13:20:00,18,6,26,13,20,130,55,PARADIS (RUE),43.27519,5.38447,Plein jour,En agglomération,Hors intersection,Normale,Autre collision,,,,,,,,,,,1,2,1,1.0,6.0
201800009236,0018-06-25 19:10:00,18,6,25,19,10,130,55,BASILE BARRELIER (BOULEV,43.33867,5.39163,Plein jour,En agglomération,Hors intersection,Normale,Deux véhicules - côté,,,,,,,,,,,1,2,1,1.0,3.0
201800009237,0018-06-26 11:58:00,18,6,26,11,58,130,55,VILLENEUVE (Rue),43.30175,5.38248,Plein jour,En agglomération,Intersection en X,Normale,Deux véhicules - côté,,,,,,,,,,,1,2,2,1.0,3.0
201800009238,0018-06-26 15:30:00,18,6,26,15,30,130,55,REPUBLIQUE (RUE DE LA),43.29696,5.37369,Plein jour,En agglomération,Intersection en T,Normale,Deux véhicules - côté,,,,,,,,,,,1,2,3,1.0,3.0
201800009239,0018-06-26 14:00:00,18,6,26,14,0,130,55,Corniche John Fitzgrald,43.28896,5.35411,Plein jour,En agglomération,Hors intersection,Normale,Deux véhicules - côté,,,,,,,,,,,1,2,1,1.0,3.0
201800009240,0018-06-26 15:30:00,18,6,26,15,30,130,55,SAINT JUST (AVENUE DE),43.31524,5.40357,Plein jour,En agglomération,Autre intersection,Normale,Deux véhicules - côté,,,,,,,,,,,1,2,9,1.0,3.0
201800009241,0018-06-26 22:20:00,18,6,26,22,20,130,55,MARECHAL JUIN (BOULEVARD,43.3126,5.4044,Nuit avec éclairage allumé,En agglomération,Autre intersection,Normale,Deux véhicules - côté,,,,,,,,,,,5,2,9,1.0,3.0
201800009242,0018-06-26 21:28:00,18,6,26,21,28,130,55,TOULON (AVENUE de),43.28538,5.3877,Nuit avec éclairage allumé,En agglomération,Intersection en T,Normale,Deux véhicules - côté,,,,,,,,,,,5,2,3,1.0,3.0
201800009243,0018-06-27 13:45:00,18,6,27,13,45,130,55,SAINT MARCEL (BOULEVARD,43.28763,5.46498,Plein jour,En agglomération,Hors intersection,Normale,Trois véhicules et plus - en chaîne,,,,,,,,,,,1,2,1,1.0,4.0
201800009244,0018-06-27 16:30:00,18,6,27,16,30,130,55,CLOT BEY (Avenue),43.25666,5.38263,Plein jour,En agglomération,Hors intersection,Normale,Deux véhicules - côté,,,,,,,,,,,1,2,1,1.0,3.0
201800009245,0018-06-27 16:15:00,18,6,27,16,15,130,55,RAGUSE (CHEMIN DE),43.31863,5.40398,Plein jour,En agglomération,Hors intersection,Normale,Deux véhicules - côté,,,,,,,,,,,1,2,1,1.0,3.0
201800009246,0018-06-27 17:30:00,18,6,27,17,30,130,55,REPUBLIQUE (RUE DE LA),43.2978,5.37295,Plein jour,En agglomération,Hors intersection,Normale,Autre collision,,,,,,,,,,,1,2,1,1.0,6.0
201800009247,0018-06-27 17:25:00,18,6,27,17,25,130,55,GNRAL LECLERC (RUE),43.30452,5.37613,Plein jour,En agglomération,Intersection en T,Normale,Deux véhicules - côté,,,,,,,,,,,1,2,3,1.0,3.0
201800009248,0018-06-28 09:05:00,18,6,28,9,5,130,55,ALEX. FLEMING (Bd),43.31521,5.40257,Plein jour,En agglomération,Hors intersection,Normale,Autre collision,,,,,,,,,,,1,2,1,1.0,6.0
201800009249,0018-06-28 11:00:00,18,6,28,11,0,130,55,GASTON RAMON (BOULEVARD),43.26736,5.39792,Plein jour,En agglomération,Hors intersection,Normale,Trois véhicules et plus - en chaîne,,,,,,,,,,,1,2,1,1.0,4.0
201800009250,0018-06-28 13:40:00,18,6,28,13,40,130,55,JONQUILLES (CHEMIN DES),43.32695,5.432,Plein jour,En agglomération,Hors intersection,Normale,Deux véhicules - frontale,,,,,,,,,,,1,2,1,1.0,1.0
201800009251,0018-06-28 12:30:00,18,6,28,12,30,130,55,ESCADRILLE NORMANDIE NIE,43.3361,5.41002,Plein jour,En agglomération,Hors intersection,Pluie légère,Deux véhicules - arrière,,,,,,,,,,,1,2,1,2.0,2.0
201800009252,0018-06-28 14:45:00,18,6,28,14,45,130,55,JEAN PAUL SARTRE AVE,43.31397,5.40596,Plein jour,En agglomération,Intersection en X,Normale,Autre collision,,,,,,,,,,,1,2,2,1.0,6.0
201800009253,0018-06-28 15:50:00,18,6,28,15,50,130,55,STRASBOURG (BOULEVARD),43.3081,5.37675,Plein jour,En agglomération,Hors intersection,Normale,Deux véhicules - côté,,,,,,,,,,,1,2,1,1.0,3.0
201800009254,0018-06-28 18:45:00,18,6,28,18,45,130,55,CHARLES LIVON (BD),43.292,5.35796,Plein jour,En agglomération,Hors intersection,Normale,Trois véhicules et plus - en chaîne,,,,,,,,,,,1,2,1,1.0,4.0
201800009255,0018-06-28 20:05:00,18,6,28,20,5,130,55,ALEX ANSALDI (RUE),43.33588,5.39859,Plein jour,En agglomération,Intersection en Y,Normale,Deux véhicules - côté,,,,,,,,,,,1,2,4,1.0,3.0
201800009256,0018-06-29 23:15:00,18,6,29,23,15,130,55,VINCENT DELPUECH (BOULEV,43.28295,5.39088,Nuit avec éclairage allumé,En agglomération,Hors intersection,Normale,Autre collision,,,,,,,,,,,5,2,1,1.0,6.0
201800009257,0018-06-29 14:20:00,18,6,29,14,20,130,55,ST JOSEPH A STE MARTHE (,43.3458,5.38196,Plein jour,En agglomération,Hors intersection,Normale,Autre collision,,,,,,,,,,,1,2,1,1.0,6.0
201800009258,0018-06-29 12:25:00,18,6,29,12,25,130,55,BAILLE (BOULEVARD),43.28645,5.38552,Plein jour,En agglomération,Intersection en T,Normale,Trois véhicules et plus - collisions multiples,,,,,,,,,,,1,2,3,1.0,5.0
201800009259,0018-05-29 17:10:00,18,5,29,17,10,130,55,POILUS (AVENUE DES),43.31878,5.45945,Plein jour,En agglomération,Hors intersection,Normale,Sans collision,,,,,,,,,,,1,2,1,1.0,7.0
201800009260,0018-06-29 18:50:00,18,6,29,18,50,130,55,PARADIS (RUE)       1 A,43.2946,5.37628,Plein jour,En agglomération,Intersection en T,Normale,Autre collision,,,,,,,,,,,1,2,3,1.0,6.0
201800009261,0018-06-29 16:00:00,18,6,29,16,0,130,55,AVIATEUR LE BRIX (rue),43.26346,5.40456,Plein jour,En agglomération,Autre intersection,Normale,Deux véhicules - côté,,,,,,,,,,,1,2,9,1.0,3.0
201800009262,0018-06-29 18:00:00,18,6,29,18,0,130,55,SAINT ANTOINE A SAINT JO,43.35095,5.37409,Plein jour,En agglomération,Hors intersection,Normale,Deux véhicules - arrière,,,,,,,,,,,1,2,1,1.0,2.0
201800009263,0018-06-29 20:00:00,18,6,29,20,0,130,55,SCHLOESING (BOULEVARD),43.2747,5.39998,Plein jour,En agglomération,Hors intersection,Normale,Deux véhicules - côté,,,,,,,,,,,1,2,1,1.0,3.0
201800009264,0018-06-29 21:56:00,18,6,29,21,56,130,55,SAINT JEAN DU DESERT,43.30278,5.43782,Nuit avec éclairage allumé,En agglomération,Hors intersection,Normale,Sans collision,,,,,,,,,,,5,2,1,1.0,7.0
201800009265,0018-06-25 14:10:00,18,6,25,14,10,130,55,MICHELET BLD,43.2722,5.3912,Plein jour,En agglomération,Giratoire,Normale,Deux véhicules - côté,,,,,,,,,,,1,2,6,1.0,3.0
201800009266,0018-06-22 15:30:00,18,6,22,15,30,130,55,JEAN EUGENE CABASSUD (BO,43.28534,5.41311,Plein jour,En agglomération,Hors intersection,Normale,Sans collision,,,,,,,,,,,1,2,1,1.0,7.0
201800009267,0018-06-30 11:55:00,18,6,30,11,55,130,55,DANIEL CASANOVA (BOULEVA,43.322,5.3746,Plein jour,En agglomération,Autre intersection,Normale,Deux véhicules - frontale,,,,,,,,,,,1,2,9,1.0,1.0
201800009268,0018-06-30 22:40:00,18,6,30,22,40,130,55,chemin SAINTE MARTHE,43.3235,5.38911,Nuit avec éclairage allumé,En agglomération,Autre intersection,Normale,Deux véhicules - frontale,,,,,,,,,,,5,2,9,1.0,1.0
201800009269,0018-06-30 21:00:00,18,6,30,21,0,130,55,DEVILLIERS (RUE),43.29886,5.39125,Crépuscule ou aube,En agglomération,Intersection en X,Normale,Deux véhicules - côté,,,,,,,,,,,2,2,2,1.0,3.0
201800009270,0018-07-01 02:30:00,18,7,1,2,30,130,55,SAKAKINI (BOULEVARD),43.29793,5.40093,Nuit avec éclairage non allumé,En agglomération,Hors intersection,Normale,Trois véhicules et plus - collisions multiples,,,,,,,,,,,4,2,1,1.0,5.0
201800009271,0018-07-02 00:01:00,18,7,2,0,1,130,55,AGUILLON (BD),43.26515,5.41033,Nuit avec éclairage allumé,En agglomération,Hors intersection,Normale,Autre collision,,,,,,,,,,,5,2,1,1.0,6.0
201800009272,0018-07-02 03:25:00,18,7,2,3,25,130,55,JEAN MOULIN (BD),43.29154,5.40052,Nuit avec éclairage allumé,En agglomération,Hors intersection,Normale,Autre collision,,,,,,,,,,,5,2,1,1.0,6.0
201800009273,0018-07-02 09:55:00,18,7,2,9,55,130,55,LOUIS REGE (RUE),43.2814,5.39043,Plein jour,En agglomération,Hors intersection,Normale,Deux véhicules - arrière,,,,,,,,,,,1,2,1,1.0,2.0
201800009274,0018-07-02 09:15:00,18,7,2,9,15,130,55,ROY D'ESPAGNE (Chemin),43.24324,5.39666,Plein jour,En agglomération,Hors intersection,Normale,Sans collision,,,,,,,,,,,1,2,1,1.0,7.0
201800009275,0018-07-02 11:35:00,18,7,2,11,35,130,55,LIEUTAUD (COURS),43.28911,5.38417,Plein jour,En agglomération,Intersection en T,Normale,Autre collision,,,,,,,,,,,1,2,3,1.0,6.0
201800009276,0018-07-02 08:30:00,18,7,2,8,30,130,55,NEUF (BD),43.33223,5.43253,Plein jour,En agglomération,Hors intersection,Normale,Deux véhicules - côté,,,,,,,,,,,1,2,1,1.0,3.0
201800009277,0018-07-02 12:45:00,18,7,2,12,45,130,55,JOLIETTE (PLACE DE la),43.30462,5.36624,Plein jour,En agglomération,Hors intersection,Normale,Deux véhicules - arrière,,,,,,,,,,,1,2,1,1.0,2.0
201800009278,0018-07-02 15:00:00,18,7,2,15,0,130,55,ORANGE (rue d'),43.31219,5.38639,Plein jour,En agglomération,Place,Normale,Autre collision,,,,,,,,,,,1,2,7,1.0,6.0
201800009279,0018-07-02 17:45:00,18,7,2,17,45,130,55,PIERRE PUGET (COURS),43.2901,5.37438,Plein jour,En agglomération,Hors intersection,Normale,Autre collision,,,,,,,,,,,1,2,1,1.0,6.0
201800009280,0018-07-03 09:30:00,18,7,3,9,30,130,55,CHARLES KADDOUZ (rue),43.31687,5.43675,Plein jour,En agglomération,Giratoire,Normale,Deux véhicules - côté,,,,,,,,,,,1,2,6,1.0,3.0
201800009281,0018-06-28 06:08:00,18,6,28,6,8,130,55,ALBERT EINSTEIN (RUE),43.33267,5.42983,Crépuscule ou aube,En agglomération,Hors intersection,Normale,Autre collision,,,,,,,,,,,2,2,1,1.0,6.0
201800009282,0018-07-02 18:03:00,18,7,2,18,3,130,55,LYON (RUE DE),43.34062,5.36102,Plein jour,En agglomération,Hors intersection,Normale,Autre collision,,,,,,,,,,,1,2,1,1.0,6.0
201800009283,0018-07-03 17:40:00,18,7,3,17,40,130,55,NATIONAL (Boulevard),43.31082,5.37851,Plein jour,En agglomération,Hors intersection,Normale,Autre collision,,,,,,,,,,,1,2,1,1.0,6.0
201800009284,0018-07-03 17:15:00,18,7,3,17,15,130,55,CHARTREUX (AVENUE des),43.30282,5.39676,Plein jour,En agglomération,Hors intersection,Normale,Deux véhicules - côté,,,,,,,,,,,1,2,1,1.0,3.0
201800009285,0018-07-01 05:15:00,18,7,1,5,15,130,55,ARGILE (CHEMIN DE L'),43.28103,5.39573,Nuit avec éclairage allumé,En agglomération,Hors intersection,Normale,Deux véhicules - côté,,,,,,,,,,,5,2,1,1.0,3.0
201800009286,0018-07-03 22:15:00,18,7,3,22,15,130,55,SAINT LOUP (BOULEVARD de,43.28241,5.43048,Nuit avec éclairage allumé,En agglomération,Hors intersection,Normale,Autre collision,,,,,,,,,,,5,2,1,1.0,6.0
201800009287,0018-07-03 22:40:00,18,7,3,22,40,130,55,GRIGNAN (RUE)     12 A F,43.29125,5.37326,Nuit avec éclairage allumé,En agglomération,Intersection en X,Normale,Deux véhicules - côté,,,,,,,,,,,5,2,2,1.0,3.0
201800009288,0018-07-03 22:00:00,18,7,3,22,0,130,55,Corniche John Fitzgrald,43.274,5.36216,Nuit avec éclairage allumé,En agglomération,Hors intersection,Normale,Deux véhicules - arrière,,,,,,,,,,,5,2,1,1.0,2.0
201800009289,0018-07-04 07:05:00,18,7,4,7,5,130,55,JEAN MOULIN (BOULEVARD),43.28693,5.39986,Plein jour,En agglomération,Hors intersection,Normale,Autre collision,,,,,,,,,,,1,2,1,1.0,6.0
201800009290,0018-07-04 07:30:00,18,7,4,7,30,130,75,FREDERIC MISTRAL (AV),43.35106,5.47173,Plein jour,En agglomération,Intersection en T,Normale,Deux véhicules - côté,,,,,,,,,,,1,2,3,1.0,3.0
201800009291,0018-06-13 18:30:00,18,6,13,18,30,130,55,STRASBOURG (PLACE),43.30621,5.37391,Plein jour,En agglomération,Hors intersection,Normale,Autre collision,,,,,,,,,,,1,2,1,1.0,6.0
201800009292,0018-07-03 19:25:00,18,7,3,19,25,130,55,MENDES FRANCE (AV),43.24951,5.37502,Plein jour,En agglomération,Autre intersection,Normale,Autre collision,,,,,,,,,,,1,2,9,1.0,6.0
201800009293,0018-07-04 11:30:00,18,7,4,11,30,130,55,GAY LUSSAC (BOULEVARD),43.3353,5.37464,Plein jour,En agglomération,Hors intersection,Normale,Deux véhicules - côté,,,,,,,,,,,1,2,1,1.0,3.0
201800009294,0018-07-04 12:00:00,18,7,4,12,0,130,55,LON BANCAL (RUE),43.28928,5.48116,Plein jour,En agglomération,Hors intersection,Normale,Trois véhicules et plus - en chaîne,,,,,,,,,,,1,2,1,1.0,4.0