accident_id,datetime,annee,mois,jour,heure,minute,departement,commune_insee,adresse,latitude,longitude,luminosite,agglomeration,intersection,meteo,collision,nb_vehicules,nb_usagers,nb_indemnes,nb_tues,nb_blesses_hosp,nb_blesses_legers,age_cond_1,age_cond_2,veh_type_cond_1,veh_type_cond_2,lum_code,agg_code,int_code,atm_code,col_code
201800009537,0018-08-06 11:00:00,18,8,6,11,0,130,55,BASSINS DE RADOUB (Bd),43.32688,5.35828,Plein jour,En agglomération,Hors intersection,Normale,Deux véhicules - arrière,,,,,,,,,,,1,2,1,1.0,2.0
201800009538,0018-08-15 14:30:00,18,8,15,14,30,130,55,POMPIDOU (PROMENADE),,,Plein jour,En agglomération,Hors intersection,Normale,Autre collision,,,,,,,,,,,1,2,1,1.0,6.0
201800009539,0018-08-15 16:15:00,18,8,15,16,15,130,55,RABATAU (BOULEVARD),43.27524,5.39563,Plein jour,En agglomération,Hors intersection,Normale,Autre collision,,,,,,,,,,,1,2,1,1.0,6.0
201800009540,0018-08-15 17:00:00,18,8,15,17,0,130,55,MONTREDON (AVENUE DE),43.24405,5.37114,Plein jour,En agglomération,Hors intersection,Normale,Sans collision,,,,,,,,,,,1,2,1,1.0,7.0
201800009541,0018-08-16 12:00:00,18,8,16,12,0,130,55,ROMAIN ROLLAND (BOULEVAR,43.27951,5.42364,Plein jour,En agglomération,Hors intersection,Normale,Autre collision,,,,,,,,,,,1,2,1,1.0,6.0
201800009542,0018-08-16 13:00:00,18,8,16,13,0,130,55,Av. JEAN LOMBARD,43.28892,5.43026,Plein jour,En agglomération,Autre intersection,Normale,Deux véhicules - arrière,,,,,,,,,,,1,2,9,1.0,2.0
201800009543,0018-08-16 18:30:00,18,8,16,18,30,130,55,DUGOMMIER (BOULEVARD),43.29841,5.38093,Plein jour,En agglomération,Hors intersection,Normale,Autre collision,,,,,,,,,,,1,2,1,1.0,6.0
201800009544,0018-08-16 20:21:00,18,8,16,20,21,130,55,MADRAGUE VILLE (chemin),43.3452,5.3546,Plein jour,En agglomération,Intersection en T,Normale,Deux véhicules - frontale,,,,,,,,,,,1,2,3,1.0,1.0
201800009545,0018-08-17 14:45:00,18,8,17,14,45,130,55,SCHLOESING (BOULEVARD),43.27055,5.40239,Plein jour,En agglomération,Hors intersection,Normale,Deux véhicules - côté,,,,,,,,,,,1,2,1,1.0,3.0
201800009546,0018-08-17 18:25:00,18,8,17,18,25,130,55,LON GAMBETTA (ALLEE),43.29912,5.38159,Plein jour,En agglomération,Intersection en T,Normale,Deux véhicules - côté,,,,,,,,,,,1,2,3,1.0,3.0
201800009547,0018-08-02 21:00:00,18,8,2,21,0,130,55,CHANTE PERDRIX (tvse),43.27323,5.43664,Crépuscule ou aube,En agglomération,Hors intersection,Normale,Sans collision,,,,,,,,,,,2,2,1,1.0,7.0
201800009548,0018-08-17 20:00:00,18,8,17,20,0,130,55,OLIVES (AVENUE des),43.32312,5.44894,Nuit avec éclairage allumé,En agglomération,Giratoire,Normale,Autre collision,,,,,,,,,,,5,2,6,1.0,6.0
201800009549,0018-08-18 06:00:00,18,8,18,6,0,130,55,COL DE LA GINESTE D559,43.24669,5.44963,Crépuscule ou aube,En agglomération,Hors intersection,Normale,Autre collision,,,,,,,,,,,2,2,1,1.0,6.0
201800009550,0018-08-18 13:15:00,18,8,18,13,15,130,55,JEAN PAUL SARTRE (AVENUE,43.32491,5.42308,Plein jour,En agglomération,Hors intersection,Normale,Deux véhicules - côté,,,,,,,,,,,1,2,1,1.0,3.0
201800009551,0018-08-18 15:20:00,18,8,18,15,20,130,55,TREILLE (ROUTE DE LA),43.29966,5.5014,Plein jour,En agglomération,Giratoire,Normale,Sans collision,,,,,,,,,,,1,2,6,1.0,7.0
201800009552,0018-08-18 19:00:00,18,8,18,19,0,130,55,CAVAIGNAC (RUE),43.30906,5.38216,Plein jour,En agglomération,Hors intersection,Normale,Autre collision,,,,,,,,,,,1,2,1,1.0,6.0
201800009553,0018-08-18 22:35:00,18,8,18,22,35,130,55,PRADO (AVENUE DU),43.27259,5.39154,Nuit avec éclairage allumé,En agglomération,Giratoire,Normale,Deux véhicules - côté,,,,,,,,,,,5,2,6,1.0,3.0
201800009554,0018-08-19 00:45:00,18,8,19,0,45,130,55,pointe rouge (ave),43.24863,5.37486,Nuit avec éclairage allumé,En agglomération,Hors intersection,Normale,Autre collision,,,,,,,,,,,5,2,1,1.0,6.0
201800009555,0018-08-19 04:15:00,18,8,19,4,15,130,55,CANEBIERE    30 A 68,43.29716,5.37982,Nuit avec éclairage allumé,En agglomération,Hors intersection,Normale,Deux véhicules - arrière,,,,,,,,,,,5,2,1,1.0,2.0
201800009556,0018-08-19 18:45:00,18,8,19,18,45,130,55,REDON (BOULEVARD DU),43.25119,5.42205,Plein jour,En agglomération,Hors intersection,Normale,Deux véhicules - côté,,,,,,,,,,,1,2,1,1.0,3.0
201800009557,0018-08-20 16:10:00,18,8,20,16,10,130,55,CHANTIER (RUE),43.29213,5.36898,Plein jour,En agglomération,Intersection en X,Normale,Deux véhicules - côté,,,,,,,,,,,1,2,2,1.0,3.0
201800009558,0018-08-20 16:45:00,18,8,20,16,45,130,55,BARASSE,43.28593,5.47899,Plein jour,En agglomération,Hors intersection,Normale,Trois véhicules et plus - collisions multiples,,,,,,,,,,,1,2,1,1.0,5.0
201800009559,0018-08-20 18:30:00,18,8,20,18,30,130,55,COL DE LA GINESTE D559,43.23775,5.49379,Plein jour,Hors agglomération,Hors intersection,Normale,Deux véhicules - côté,,,,,,,,,,,1,1,1,1.0,3.0
201800009560,0018-08-20 20:50:00,18,8,20,20,50,130,55,BASSINS DU RADOUB (QUAI,43.32636,5.35873,Nuit avec éclairage allumé,En agglomération,Hors intersection,Normale,Deux véhicules - arrière,,,,,,,,,,,5,2,1,1.0,2.0
201800009561,0018-08-21 11:30:00,18,8,21,11,30,130,55,BD ALPHONSE*ALLAIS,43.34094,5.38394,Plein jour,En agglomération,Hors intersection,Normale,Deux véhicules - côté,,,,,,,,,,,1,2,1,1.0,3.0
201800009562,0018-08-21 15:40:00,18,8,21,15,40,130,55,MADRAGUE DE MONTREDON (A,43.2383,5.3646,Plein jour,En agglomération,Hors intersection,Normale,Deux véhicules - côté,,,,,,,,,,,1,2,1,1.0,3.0
201800009563,0018-08-21 16:15:00,18,8,21,16,15,130,55,BLANCARDE (BOULEVARD),43.30292,5.4006,Plein jour,En agglomération,Hors intersection,Normale,Deux véhicules - arrière,,,,,,,,,,,1,2,1,1.0,2.0
201800009564,0018-08-21 21:30:00,18,8,21,21,30,130,55,STRASBOURG (BOULEVARD),43.3089,5.37817,Nuit avec éclairage allumé,En agglomération,Hors intersection,Normale,Deux véhicules - côté,,,,,,,,,,,5,2,1,1.0,3.0
201800009565,0018-08-18 19:15:00,18,8,18,19,15,130,55,MONTOLIVET (AVENUE DE),43.30958,5.40846,Plein jour,En agglomération,Intersection en T,Normale,Deux véhicules - frontale,,,,,,,,,,,1,2,3,1.0,1.0
201800009566,0018-07-04 20:30:00,18,7,4,20,30,130,55,MARCHAL FOCH (AVENUE),43.29883,5.40216,Plein jour,En agglomération,Intersection en X,Normale,Autre collision,,,,,,,,,,,1,2,2,1.0,6.0
201800009567,0018-08-06 23:37:00,18,8,6,23,37,130,55,PRADO (AVENUE DU),43.27623,5.3892,Nuit avec éclairage allumé,En agglomération,Intersection en X,Normale,Sans collision,,,,,,,,,,,5,2,2,1.0,7.0
201800009568,0018-08-22 13:45:00,18,8,22,13,45,130,55,RUE DU BACHAS,43.31859,5.36975,Plein jour,En agglomération,Hors intersection,Pluie légère,Autre collision,,,,,,,,,,,1,2,1,2.0,6.0
201800009569,0018-08-22 13:25:00,18,8,22,13,25,130,55,MENDES FRANCE (AVENUE),43.26011,5.37543,Plein jour,En agglomération,Hors intersection,Normale,Autre collision,,,,,,,,,,,1,2,1,1.0,6.0
201800009570,0018-08-23 01:30:00,18,8,23,1,30,130,55,PLOMBIERES (BOULEVARD DE,43.3208,5.3763,Nuit avec éclairage allumé,En agglomération,Hors intersection,Normale,Autre collision,,,,,,,,,,,5,2,1,1.0,6.0
201800009571,0018-08-23 06:45:00,18,8,23,6,45,130,55,MICHELET (BOULEVARD),43.25891,5.39929,Plein jour,En agglomération,Hors intersection,Normale,Deux véhicules - côté,,,,,,,,,,,1,2,1,1.0,3.0
201800009572,0018-08-23 08:50:00,18,8,23,8,50,130,55,MONTOLIVET (AVENUE DE),43.30813,5.40306,Plein jour,En agglomération,Intersection en X,Normale,Autre collision,,,,,,,,,,,1,2,2,1.0,6.0
201800009573,0018-08-23 13:30:00,18,8,23,13,30,130,55,GARIBALDI (BOULEVARD) Nø,43.29683,5.38117,Plein jour,En agglomération,Hors intersection,Normale,Deux véhicules - arrière,,,,,,,,,,,1,2,1,1.0,2.0
201800009574,0018-08-23 16:00:00,18,8,23,16,0,130,55,PAUL CLAUDEL (BOULEVARD),43.26808,5.41834,Plein jour,En agglomération,Hors intersection,Normale,Autre collision,,,,,,,,,,,1,2,1,1.0,6.0
201800009575,0018-08-23 17:10:00,18,8,23,17,10,130,55,PRADO =AVENUE DU),43.27983,5.38761,Plein jour,En agglomération,Hors intersection,Normale,Autre collision,,,,,,,,,,,1,2,1,1.0,6.0
201800009576,0018-08-23 17:10:00,18,8,23,17,10,130,55,CHATEAU GOMBERT CHEMIN,43.33745,5.42091,Plein jour,En agglomération,Intersection en T,Normale,Deux véhicules - arrière,,,,,,,,,,,1,2,3,1.0,2.0
201800009577,0018-08-23 04:40:00,18,8,23,4,40,130,55,RABATAU (BOULEVARD),43.27853,5.39916,Nuit avec éclairage allumé,En agglomération,Hors intersection,Normale,Deux véhicules - côté,,,,,,,,,,,5,2,1,1.0,3.0
201800009578,0018-08-24 01:35:00,18,8,24,1,35,130,208,MENDES FRANCE (AVENUE),43.2522,5.3759,Nuit avec éclairage allumé,En agglomération,Hors intersection,Normale,Autre collision,,,,,,,,,,,5,2,1,1.0,6.0
201800009579,0018-08-24 12:30:00,18,8,24,12,30,130,55,PARADIS (RUE),43.27606,5.38409,Plein jour,En agglomération,Hors intersection,Normale,Trois véhicules et plus - collisions multiples,,,,,,,,,,,1,2,1,1.0,5.0
201800009580,0018-08-24 12:20:00,18,8,24,12,20,130,55,RABATAU (BOULEVARD),43.2728,5.39178,Plein jour,En agglomération,Hors intersection,Normale,Autre collision,,,,,,,,,,,1,2,1,1.0,6.0
201800009581,0018-08-25 00:20:00,18,8,25,0,20,130,55,REPUBLIQUE (RUE DE LA),43.29779,5.37291,Nuit sans éclairage public,En agglomération,Hors intersection,Normale,Sans collision,,,,,,,,,,,3,2,1,1.0,7.0
201800009582,0018-08-25 08:30:00,18,8,25,8,30,130,55,RABATAU (BOULEVARD),43.27454,5.39449,Plein jour,En agglomération,Hors intersection,Normale,Autre collision,,,,,,,,,,,1,2,1,1.0,6.0
201800009583,0018-08-25 20:45:00,18,8,25,20,45,130,55,PRADO (AVENUE DU),,,Nuit avec éclairage allumé,En agglomération,Autre intersection,Normale,Deux véhicules - côté,,,,,,,,,,,5,2,9,1.0,3.0
201800009584,0018-08-25 21:30:00,18,8,25,21,30,130,55,RTE D' ALLAUCH,43.30765,5.50117,Nuit avec éclairage allumé,En agglomération,Hors intersection,Normale,Trois véhicules et plus - en chaîne,,,,,,,,,,,5,2,1,1.0,4.0
201800009585,0018-08-25 21:20:00,18,8,25,21,20,130,55,EDMOND ROSTAND (RUE),43.28954,5.3798,Nuit avec éclairage allumé,En agglomération,Intersection en X,Normale,Deux véhicules - côté,,,,,,,,,,,5,2,2,1.0,3.0
201800009586,0018-08-26 16:10:00,18,8,26,16,10,130,55,LYON (RUE DE),43.33338,5.36413,Plein jour,En agglomération,Hors intersection,Normale,Autre collision,,,,,,,,,,,1,2,1,1.0,6.0
201800009587,0018-08-26 17:35:00,18,8,26,17,35,130,55,CAP PINEDE (Avenue),43.32869,5.36582,Plein jour,En agglomération,Autre intersection,Normale,Deux véhicules - côté,,,,,,,,,,,1,2,9,1.0,3.0
201800009588,0018-08-26 20:45:00,18,8,26,20,45,130,55,AVENUE DE MONTOLIVET,43.31496,5.4145,Nuit avec éclairage allumé,En agglomération,Hors intersection,Normale,Deux véhicules - côté,,,,,,,,,,,5,2,1,1.0,3.0
201800009589,0018-08-26 22:43:00,18,8,26,22,43,130,55,BERNARD DUBOIS (Rue),43.30191,5.37966,Nuit avec éclairage allumé,En agglomération,Hors intersection,Normale,Autre collision,,,,,,,,,,,5,2,1,1.0,6.0
201800009590,0018-08-27 08:30:00,18,8,27,8,30,130,55,Bd FERDINAND DE LESSEPS,43.3197,5.369,Plein jour,En agglomération,Hors intersection,Normale,Deux véhicules - côté,,,,,,,,,,,1,2,1,1.0,3.0
201800009591,0018-08-27 11:00:00,18,8,27,11,0,130,55,CORINTHE (AVENUE DE),43.28488,5.39071,Plein jour,En agglomération,Intersection en X,Normale,Autre collision,,,,,,,,,,,1,2,2,1.0,6.0
201800009592,0018-08-27 10:30:00,18,8,27,10,30,130,55,LON MEISSEREL (RUE),43.30562,5.4185,Plein jour,En agglomération,Hors intersection,Normale,Deux véhicules - arrière,,,,,,,,,,,1,2,1,1.0,2.0
201800009593,0018-08-27 12:30:00,18,8,27,12,30,130,55,SAINTE MARGUERITE (BOULE,43.26663,5.40818,Plein jour,En agglomération,Intersection en T,Normale,Deux véhicules - côté,,,,,,,,,,,1,2,3,1.0,3.0
201800009594,0018-08-27 15:05:00,18,8,27,15,5,130,55,COLBERT (RUE),43.30039,5.38068,Plein jour,En agglomération,Intersection en X,Normale,Deux véhicules - frontale,,,,,,,,,,,1,2,2,1.0,1.0
201800009595,0018-08-27 15:45:00,18,8,27,15,45,130,55,PINATEL (BOULEVARD),43.31487,5.43911,Plein jour,En agglomération,Intersection en X,Normale,Deux véhicules - côté,,,,,,,,,,,1,2,2,1.0,3.0
201800009596,0018-08-27 15:00:00,18,8,27,15,0,130,55,SAINTE MARTHE (chemin),43.32354,5.38911,Plein jour,En agglomération,Intersection en T,Normale,Autre collision,,,,,,,,,,,1,2,3,1.0,6.0
201800009597,0018-07-01 23:30:00,18,7,1,23,30,130,55,BAILLE (BD),43.2862,5.3846,Nuit avec éclairage allumé,En agglomération,Intersection en T,Normale,Sans collision,,,,,,,,,,,5,2,3,1.0,7.0
201800009598,0018-08-17 18:50:00,18,8,17,18,50,130,55,BRETEUIL (RUE),43.29277,5.37484,Crépuscule ou aube,En agglomération,Intersection en T,Normale,Autre collision,,,,,,,,,,,2,2,3,1.0,6.0
201800009599,0018-08-28 08:30:00,18,8,28,8,30,130,55,POMPIDOU (PROMENADE),43.26484,5.37337,Plein jour,En agglomération,Hors intersection,Normale,Sans collision,,,,,,,,,,,1,2,1,1.0,7.0
201800009600,0018-08-28 10:00:00,18,8,28,10,0,130,55,VALBARELLE (CHEMIN DE LA,43.28128,5.43691,Plein jour,En agglomération,Hors intersection,Normale,Autre collision,,,,,,,,,,,1,2,1,1.0,6.0
201800009601,0018-08-28 10:00:00,18,8,28,10,0,130,55,GAVOTTE (RUE DE LA),43.3722,5.3559,Plein jour,En agglomération,Hors intersection,Normale,Autre collision,,,,,,,,,,,1,2,1,1.0,6.0
201800009602,0018-08-27 18:30:00,18,8,27,18,30,130,55,RABATAU (BOULEVARD),43.28095,5.39944,Plein jour,En agglomération,Hors intersection,Normale,Deux véhicules - côté,,,,,,,,,,,1,2,1,1.0,3.0
201800009603,0018-08-28 11:15:00,18,8,28,11,15,130,55,PLOMBIERES (BOULEVARD),43.31867,5.37963,Plein jour,En agglomération,Hors intersection,Normale,Deux véhicules - côté,,,,,,,,,,,1,2,1,1.0,3.0
201800009604,0018-08-28 15:30:00,18,8,28,15,30,130,55,CRIMEE (RUE DE),43.30791,5.3796,Plein jour,En agglomération,Intersection en X,Normale,Deux véhicules - côté,,,,,,,,,,,1,2,2,1.0,3.0
201800009605,0018-08-28 21:50:00,18,8,28,21,50,130,55,MARCHAL DE LATTRE (AVEN,43.2455,5.41214,Nuit avec éclairage allumé,En agglomération,Intersection en T,Normale,Deux véhicules - frontale,,,,,,,,,,,5,2,3,1.0,1.0
201800009606,0018-08-29 08:10:00,18,8,29,8,10,130,55,MIREILLE LAUZE (BOULEVAR,43.28284,5.40872,Plein jour,En agglomération,Hors intersection,Normale,Deux véhicules - côté,,,,,,,,,,,1,2,1,1.0,3.0
201800009607,0018-08-29 09:05:00,18,8,29,9,5,130,55,ALEX. FLEMING (BOULEVARD,43.3148,5.39001,Plein jour,En agglomération,Hors intersection,Normale,Deux véhicules - côté,,,,,,,,,,,1,2,1,1.0,3.0
201800009608,0018-08-29 11:15:00,18,8,29,11,15,130,55,PIERRE DOIZE  (RUE),43.27089,5.42494,Plein jour,En agglomération,Hors intersection,Normale,Trois véhicules et plus - en chaîne,,,,,,,,,,,1,2,1,1.0,4.0
201800009609,0018-08-29 12:30:00,18,8,29,12,30,130,55,SAINT MARCEL (BOULEVARD,43.286,5.473,Plein jour,En agglomération,Hors intersection,Normale,Sans collision,,,,,,,,,,,1,2,1,1.0,7.0
201800009610,0018-08-29 17:10:00,18,8,29,17,10,130,55,GASTON FLOTTE (RUE),43.29582,5.42324,Plein jour,En agglomération,Hors intersection,Normale,Autre collision,,,,,,,,,,,1,2,1,1.0,6.0
201800009611,0018-08-29 17:30:00,18,8,29,17,30,130,55,JEANNE D'ARC (BOULEVARD),43.29402,5.39983,Plein jour,En agglomération,Intersection en X,Normale,Deux véhicules - côté,,,,,,,,,,,1,2,2,1.0,3.0
201800009612,0018-08-29 21:23:00,18,8,29,21,23,130,55,CANEBIERE     1 A 79,43.29532,5.37434,Nuit avec éclairage allumé,En agglomération,Intersection en T,Normale,Autre collision,,,,,,,,,,,5,2,3,1.0,6.0
201800009613,0018-08-20 01:30:00,18,8,20,1,30,130,55,F ; MAURIAC (RUE),43.27221,5.42136,Nuit avec éclairage allumé,En agglomération,Hors intersection,Normale,Autre collision,,,,,,,,,,,5,2,1,1.0,6.0
201800009614,0018-08-30 08:00:00,18,8,30,8,0,130,55,CORDERIE (PLACE DE LA),43.29078,5.37198,Plein jour,En agglomération,Place,Normale,Autre collision,,,,,,,,,,,1,2,7,1.0,6.0
201800009615,0018-08-30 08:00:00,18,8,30,8,0,130,55,NOTRE DAME (BD),43.28499,5.37439,Plein jour,En agglomération,Autre intersection,Normale,Trois véhicules et plus - en chaîne,,,,,,,,,,,1,2,9,1.0,4.0
201800009616,0018-08-30 11:00:00,18,8,30,11,0,130,55,JEAN BOUIN (AVENUE),43.26816,5.40368,Plein jour,En agglomération,Hors intersection,Normale,Autre collision,,,,,,,,,,,1,2,1,1.0,6.0
201800009617,0018-08-30 12:50:00,18,8,30,12,50,130,55,SAINT PIERRE (RUE),43.2905,5.42096,Plein jour,En agglomération,Hors intersection,Normale,Autre collision,,,,,,,,,,,1,2,1,1.0,6.0
201800009618,0018-08-30 08:25:00,18,8,30,8,25,130,55,Corniche John Fitzgrald,43.27865,5.35436,Plein jour,En agglomération,Hors intersection,Normale,Autre collision,,,,,,,,,,,1,2,1,1.0,6.0
201800009619,0018-08-30 18:00:00,18,8,30,18,0,130,55,Bld PONT DE VIVAUX,43.27961,5.41709,Plein jour,En agglomération,Hors intersection,Normale,Autre collision,,,,,,,,,,,1,2,1,1.0,6.0
201800009620,0018-08-30 03:45:00,18,8,30,3,45,130,55,SAINTE MARGUERITE (BOULE,43.26481,5.40937,Nuit avec éclairage allumé,En agglomération,Intersection en X,Normale,Deux véhicules - côté,,,,,,,,,,,5,2,2,1.0,3.0
201800009621,0018-08-30 22:20:00,18,8,30,22,20,130,55,ALEX. FLEMING (BOULEVARD,43.31416,5.40486,Nuit avec éclairage allumé,En agglomération,Place,Normale,Sans collision,,,,,,,,,,,5,2,7,1.0,7.0
201800009622,0018-08-31 02:00:00,18,8,31,2,0,130,55,RTE D' ALLAUCH,43.3077,5.50119,Nuit avec éclairage allumé,Hors agglomération,Hors intersection,Normale,Autre collision,,,,,,,,,,,5,1,1,1.0,6.0
201800009623,0018-08-31 09:00:00,18,8,31,9,0,130,55,ORANGE (RUE D'),43.31278,5.38628,Plein jour,En agglomération,Hors intersection,Normale,Sans collision,,,,,,,,,,,1,2,1,1.0,7.0
201800009624,0018-08-31 14:15:00,18,8,31,14,15,130,75,FRDRIC CHEVILLON (AVEN,43.34631,5.46239,Plein jour,En agglomération,Hors intersection,Normale,Trois véhicules et plus - collisions multiples,,,,,,,,,,,1,2,1,1.0,5.0
201800009625,0018-08-31 15:15:00,18,8,31,15,15,130,55,FLAMMARION (BOULEVARD),43.3053,5.39155,Plein jour,En agglomération,Intersection en T,Normale,Deux véhicules - côté,,,,,,,,,,,1,2,3,1.0,3.0
201800009626,0018-09-01 10:50:00,18,9,1,10,50,130,55,SAINT JUST (AVENUE de),43.31297,5.40196,Plein jour,En agglomération,Intersection en T,Normale,Deux véhicules - côté,,,,,,,,,,,1,2,3,1.0,3.0
201800009627,0018-09-02 00:01:00,18,9,2,0,1,130,55,TROLLAT (TRAVERSE),43.27201,5.41482,Nuit avec éclairage allumé,En agglomération,Hors intersection,Normale,Deux véhicules - côté,,,,,,,,,,,5,2,1,1.0,3.0
201800009628,0018-09-02 05:05:00,18,9,2,5,5,130,55,JEAN BALLARD (Cours),43.2934,5.37451,Nuit avec éclairage allumé,En agglomération,Autre intersection,Normale,Autre collision,,,,,,,,,,,5,2,9,1.0,6.0
201800009629,0018-09-02 12:45:00,18,9,2,12,45,130,55,EMMANUEL CHABRIER),43.23963,5.39261,Plein jour,En agglomération,Hors intersection,Normale,Autre collision,,,,,,,,,,,1,2,1,1.0,6.0
201800009630,0018-09-02 12:30:00,18,9,2,12,30,130,55,RIVE NEUVE (Quai),43.2923,5.36619,Plein jour,En agglomération,Hors intersection,Normale,Deux véhicules - côté,,,,,,,,,,,1,2,1,1.0,3.0
201800009631,0018-09-02 13:45:00,18,9,2,13,45,130,55,Av du Général Leclerc,43.3045,5.37628,Plein jour,En agglomération,Hors intersection,Normale,Deux véhicules - côté,,,,,,,,,,,1,2,1,1.0,3.0
201800009632,0018-09-02 14:30:00,18,9,2,14,30,130,55,CAILLOLS (AVENUE DES),43.30401,5.42254,Plein jour,En agglomération,Intersection en X,Normale,Deux véhicules - côté,,,,,,,,,,,1,2,2,1.0,3.0
201800009633,0018-09-02 18:50:00,18,9,2,18,50,130,55,ALBIN MEYLAN (RUE),43.36387,5.34191,Plein jour,En agglomération,Giratoire,Normale,Deux véhicules - côté,,,,,,,,,,,1,2,6,1.0,3.0
201800009634,0018-09-01 19:00:00,18,9,1,19,0,130,55,AVENUE RAIMU,43.33317,5.39897,Plein jour,En agglomération,Hors intersection,Normale,Deux véhicules - arrière,,,,,,,,,,,1,2,1,1.0,2.0
201800009635,0018-08-27 09:35:00,18,8,27,9,35,130,55,HENRI BARNIER (BOULEVARD,43.37309,5.35224,Plein jour,En agglomération,Giratoire,Normale,Deux véhicules - arrière,,,,,,,,,,,1,2,6,1.0,2.0
201800009636,0018-09-01 14:01:00,18,9,1,14,1,130,55,CROIX ROUGE AVENUE,43.33321,5.43813,Plein jour,En agglomération,Intersection en T,Normale,Deux véhicules - côté,,,,,,,,,,,1,2,3,1.0,3.0
201800009637,0018-09-03 12:25:00,18,9,3,12,25,130,55,LITTORAL (CHEMIN DU),43.3537,5.33075,Plein jour,En agglomération,Hors intersection,Normale,Trois véhicules et plus - en chaîne,,,,,,,,,,,1,2,1,1.0,4.0
201800009638,0018-09-04 22:40:00,18,9,4,22,40,130,55,ROSE (AVENUE DE LA),43.32639,5.42153,Nuit avec éclairage allumé,En agglomération,Intersection en X,Normale,Deux véhicules - frontale,,,,,,,,,,,5,2,2,1.0,1.0
201800009639,0018-09-04 07:15:00,18,9,4,7,15,130,55,CONCORDE (BOULEVARD DE L,43.24996,5.40293,Plein jour,En agglomération,Hors intersection,Normale,Deux véhicules - frontale,,,,,,,,,,,1,2,1,1.0,1.0
201800009640,0018-09-04 07:15:00,18,9,4,7,15,130,55,FRANCOISE DUPARC (Bd),43.29975,5.40096,Crépuscule ou aube,En agglomération,Intersection en X,Normale,Deux véhicules - côté,,,,,,,,,,,2,2,2,1.0,3.0
201800009641,0018-09-04 07:30:00,18,9,4,7,30,130,55,NOTRE DAME (BD),43.28522,5.37453,Crépuscule ou aube,En agglomération,Hors intersection,Normale,Autre collision,,,,,,,,,,,2,2,1,1.0,6.0
201800009642,0018-09-04 08:00:00,18,9,4,8,0,130,55,PRADO (AVENUE du),43.266,5.381,Plein jour,En agglomération,Hors intersection,Normale,Deux véhicules - côté,,,,,,,,,,,1,2,1,1.0,3.0
201800009643,0018-09-04 09:50:00,18,9,4,9,50,130,55,SALVADOR ALLENDE (RUE),43.32979,5.39369,Plein jour,En agglomération,Giratoire,Normale,Deux véhicules - côté,,,,,,,,,,,1,2,6,1.0,3.0
201800009644,0018-09-04 13:30:00,18,9,4,13,30,130,55,STRASBOURG (BOULEVARD),43.30694,5.37495,Plein jour,En agglomération,Hors intersection,Normale,Deux véhicules - côté,,,,,,,,,,,1,2,1,1.0,3.0
201800009645,0018-09-04 16:00:00,18,9,4,16,0,130,55,MORETTI (BOULEVARD),43.3238,5.38449,Plein jour,En agglomération,Hors intersection,Normale,Autre collision,,,,,,,,,,,1,2,1,1.0,6.0
201800009646,0018-09-04 10:40:00,18,9,4,10,40,130,55,POILUS (AVENUE DES),43.3188,5.45944,Plein jour,Hors agglomération,Hors intersection,Normale,Deux véhicules - côté,,,,,,,,,,,1,1,1,1.0,3.0
201800009647,0018-09-05 08:00:00,18,9,5,8,0,130,2,MARCEL JULIEN (AVENUE),43.3566,5.48749,Plein jour,En agglomération,Hors intersection,Normale,Trois véhicules et plus - en chaîne,,,,,,,,,,,1,2,1,1.0,4.0
201800009648,0018-09-05 14:05:00,18,9,5,14,5,130,55,SAINT JEAN DU DESERT (ch,43.298,5.435,Plein jour,En agglomération,Intersection en Y,Normale,Trois véhicules et plus - en chaîne,,,,,,,,,,,1,2,4,1.0,4.0
201800009649,0018-09-05 17:50:00,18,9,5,17,50,130,55,SAINT JEAN DU DESERT ch,43.29349,5.40616,Plein jour,En agglomération,Intersection en T,Normale,Deux véhicules - frontale,,,,,,,,,,,1,2,3,1.0,1.0
201800009650,0018-09-05 21:44:00,18,9,5,21,44,130,55,MERLAN (AVENUE DU),43.3352,5.4074,Nuit avec éclairage allumé,En agglomération,Hors intersection,Normale,Deux véhicules - frontale,,,,,,,,,,,5,2,1,1.0,1.0
201800009651,0018-09-06 08:45:00,18,9,6,8,45,130,55,GAROUTTE (BOULEVARD),43.30782,5.41343,Plein jour,En agglomération,Hors intersection,Normale,Trois véhicules et plus - en chaîne,,,,,,,,,,,1,2,1,1.0,4.0
201800009652,0018-09-06 09:45:00,18,9,6,9,45,130,55,RABATAU (BOULEVARD),43.27628,5.39723,Plein jour,En agglomération,Hors intersection,Normale,Deux véhicules - côté,,,,,,,,,,,1,2,1,1.0,3.0
201800009653,0018-09-05 19:00:00,18,9,5,19,0,130,55,PRADO (AVENUE du),43.27499,5.38985,Plein jour,En agglomération,Hors intersection,Normale,Trois véhicules et plus - en chaîne,,,,,,,,,,,1,2,1,1.0,4.0
201800009654,0018-09-05 14:00:00,18,9,5,14,0,130,55,BERTHELOT (RUE),43.33766,5.39201,Plein jour,En agglomération,Intersection en T,Normale,Deux véhicules - côté,,,,,,,,,,,1,2,3,1.0,3.0
201800009655,0018-09-06 12:15:00,18,9,6,12,15,130,55,PARADIS (RUE),43.28204,5.3816,Plein jour,En agglomération,Hors intersection,Normale,Autre collision,,,,,,,,,,,1,2,1,1.0,6.0
201800009656,0018-09-06 11:40:00,18,9,6,11,40,130,55,BARASSE,43.28548,5.4812,Plein jour,En agglomération,Hors intersection,Pluie légère,Autre collision,,,,,,,,,,,1,2,1,2.0,6.0
201800009657,0018-09-06 14:55:00,18,9,6,14,55,130,55,MARCHAL DE LATTRE (AVEN,43.24732,5.40708,Plein jour,En agglomération,Hors intersection,Normale,Autre collision,,,,,,,,,,,1,2,1,1.0,6.0