accident_id,datetime,annee,mois,jour,heure,minute,departement,commune_insee,adresse,latitude,longitude,luminosite,agglomeration,intersection,meteo,collision,nb_vehicules,nb_usagers,nb_indemnes,nb_tues,nb_blesses_hosp,nb_blesses_legers,age_cond_1,age_cond_2,veh_type_cond_1,veh_type_cond_2,lum_code,agg_code,int_code,atm_code,col_code
201800010134,0018-12-01 18:20:00,18,12,1,18,20,130,55,Corniche John Fitzgrald,43.27509,5.36005,Nuit avec éclairage allumé,En agglomération,Hors intersection,Normale,Autre collision,,,,,,,,,,,5,2,1,1.0,6.0
201800010135,0018-12-01 19:50:00,18,12,1,19,50,130,55,PLOMBIERES (BOULEVARD DE,43.316,5.38432,Nuit avec éclairage allumé,En agglomération,Hors intersection,Normale,Trois véhicules et plus - en chaîne,,,,,,,,,,,5,2,1,1.0,4.0
201800010136,0018-12-01 21:00:00,18,12,1,21,0,130,55,MARCHAL JUIN (BOULEVARD,43.30942,5.40289,Nuit avec éclairage allumé,En agglomération,Intersection en X,Normale,Deux véhicules - côté,,,,,,,,,,,5,2,2,1.0,3.0
201800010137,0018-12-02 07:10:00,18,12,2,7,10,130,55,LON BANCAL (RUE),43.28646,5.47988,Nuit avec éclairage allumé,En agglomération,Hors intersection,Normale,Autre collision,,,,,,,,,,,5,2,1,1.0,6.0
201800010138,0018-12-03 08:00:00,18,12,3,8,0,130,55,BAILLE (BOULEVARD),43.28647,5.38548,Plein jour,En agglomération,Intersection en X,Normale,Autre collision,,,,,,,,,,,1,2,2,1.0,6.0
201800010139,0018-12-03 16:50:00,18,12,3,16,50,130,55,DSIR BIANCO (AVENUE),43.2881,5.42523,Plein jour,En agglomération,Hors intersection,Normale,Deux véhicules - arrière,,,,,,,,,,,1,2,1,1.0,2.0
201800010140,0018-12-04 08:20:00,18,12,4,8,20,130,55,DOCTEUR HECKEL (RUE DU),43.2889,5.44145,Plein jour,En agglomération,Hors intersection,Normale,Sans collision,,,,,,,,,,,1,2,1,1.0,7.0
201800010141,0018-12-04 12:30:00,18,12,4,12,30,130,55,PONT DE VIVAUX (BOULEVAR,43.28043,5.4204,Plein jour,En agglomération,Hors intersection,Normale,Deux véhicules - côté,,,,,,,,,,,1,2,1,1.0,3.0
201800010142,0018-12-04 17:45:00,18,12,4,17,45,130,55,MADRAGUE DE MONTREDON (A,43.23787,5.36421,Nuit avec éclairage allumé,En agglomération,Intersection en T,Normale,Deux véhicules - côté,,,,,,,,,,,5,2,3,1.0,3.0
201800010143,0018-12-04 19:00:00,18,12,4,19,0,130,55,SAINT JEAN DU DESERT (CH,,,Nuit avec éclairage allumé,En agglomération,Hors intersection,Normale,Trois véhicules et plus - collisions multiples,,,,,,,,,,,5,2,1,1.0,5.0
201800010144,0018-12-05 08:30:00,18,12,5,8,30,130,55,AVENUE DE MONTREDON,43.24531,5.37311,Plein jour,En agglomération,Hors intersection,Normale,Autre collision,,,,,,,,,,,1,2,1,1.0,6.0
201800010145,0018-12-05 14:25:00,18,12,5,14,25,130,55,JEANNE D'ARC (BOULEVARD),43.29317,5.40501,Plein jour,En agglomération,Autre intersection,Normale,Deux véhicules - arrière,,,,,,,,,,,1,2,9,1.0,2.0
201800010146,0018-12-05 19:38:00,18,12,5,19,38,130,55,PRADO (AVENUE DU),43.27017,5.38769,Nuit avec éclairage allumé,En agglomération,Hors intersection,Normale,Autre collision,,,,,,,,,,,5,2,1,1.0,6.0
201800010147,0018-12-05 18:00:00,18,12,5,18,0,130,55,CAMILLE PELLETAN (AVENUE,43.30566,5.3733,Nuit avec éclairage allumé,En agglomération,Hors intersection,Normale,Deux véhicules - côté,,,,,,,,,,,5,2,1,1.0,3.0
201800010148,0018-12-05 21:35:00,18,12,5,21,35,130,55,PARADIS (RUE),43.27711,5.38359,Nuit avec éclairage allumé,En agglomération,Intersection en X,Normale,Deux véhicules - côté,,,,,,,,,,,5,2,2,1.0,3.0
201800010149,0018-12-04 17:40:00,18,12,4,17,40,130,55,PIERRE GUERRE (ROND-POIN,43.25034,5.38883,Crépuscule ou aube,En agglomération,Hors intersection,Normale,Autre collision,,,,,,,,,,,2,2,1,1.0,6.0
201800010150,0018-12-06 14:55:00,18,12,6,14,55,130,55,FRANKLIN ROOSEVELT (COUR,43.29909,5.38571,Plein jour,En agglomération,Intersection en Y,Normale,Deux véhicules - côté,,,,,,,,,,,1,2,4,1.0,3.0
201800010151,0018-12-07 08:30:00,18,12,7,8,30,130,55,Franklin ROOSEVELT (COUR,43.29901,5.38713,Plein jour,En agglomération,Hors intersection,Normale,Deux véhicules - côté,,,,,,,,,,,1,2,1,1.0,3.0
201800010152,0018-12-07 08:30:00,18,12,7,8,30,130,55,RUE SAINT PIERRE,43.29214,5.40174,Plein jour,En agglomération,Hors intersection,Normale,Trois véhicules et plus - en chaîne,,,,,,,,,,,1,2,1,1.0,4.0
201800010153,0018-12-07 13:40:00,18,12,7,13,40,130,55,CHARLES KADDOUZ (RUE),43.30958,5.42666,Plein jour,En agglomération,Hors intersection,Normale,Trois véhicules et plus - collisions multiples,,,,,,,,,,,1,2,1,1.0,5.0
201800010154,0018-12-07 18:45:00,18,12,7,18,45,130,55,JEAN PAUL SARTRE (AVENUE,43.32372,5.41976,Nuit avec éclairage allumé,En agglomération,Hors intersection,Normale,Deux véhicules - côté,,,,,,,,,,,5,2,1,1.0,3.0
201800010155,0018-12-08 01:39:00,18,12,8,1,39,130,55,PERRIN (BOULEVARD),43.3179,5.40586,Nuit avec éclairage allumé,En agglomération,Intersection en Y,Normale,Autre collision,,,,,,,,,,,5,2,4,1.0,6.0
201800010156,0018-12-08 02:17:00,18,12,8,2,17,130,55,Corniche John Fitzgrald,43.2719,5.36256,Nuit avec éclairage allumé,En agglomération,Hors intersection,Autre,Sans collision,,,,,,,,,,,5,2,1,9.0,7.0
201800010157,0018-12-08 07:00:00,18,12,8,7,0,130,55,LIEUTAUD (COURS),43.28745,5.38494,Crépuscule ou aube,En agglomération,Intersection en X,Normale,Deux véhicules - côté,,,,,,,,,,,2,2,2,1.0,3.0
201800010158,0018-12-08 03:30:00,18,12,8,3,30,130,55,...?,43.2927,5.36457,Nuit avec éclairage allumé,En agglomération,Hors intersection,Normale,Autre collision,,,,,,,,,,,5,2,1,1.0,6.0
201800010159,0018-12-08 23:20:00,18,12,8,23,20,130,55,CLOT BEY (AVENUE),43.2583,5.38367,Nuit avec éclairage allumé,En agglomération,Hors intersection,Normale,Deux véhicules - arrière,,,,,,,,,,,5,2,1,1.0,2.0
201800010160,0018-12-08 11:30:00,18,12,8,11,30,130,55,TRAVERSE PARANGON,43.24171,5.37911,Plein jour,En agglomération,Hors intersection,Normale,Deux véhicules - côté,,,,,,,,,,,1,2,1,1.0,3.0
201800010161,0018-12-09 10:50:00,18,12,9,10,50,130,55,Corniche John F Kennedy,43.28264,5.35068,Plein jour,En agglomération,Hors intersection,Normale,Deux véhicules - arrière,,,,,,,,,,,1,2,1,1.0,2.0
201800010162,0018-12-09 17:55:00,18,12,9,17,55,130,55,SAINT LOUP (BOULEVARD DE,43.285,5.44,Crépuscule ou aube,En agglomération,Hors intersection,Normale,Deux véhicules - arrière,,,,,,,,,,,2,2,1,1.0,2.0
201800010163,0018-12-09 18:45:00,18,12,9,18,45,130,55,SAINTE MARGUERITE (BOULE,43.26893,5.4033,Nuit avec éclairage non allumé,En agglomération,Hors intersection,Normale,Autre collision,,,,,,,,,,,4,2,1,1.0,6.0
201800010164,0018-12-10 11:45:00,18,12,10,11,45,130,55,BRIANCON (BOULEVARD),43.3169,5.36951,Plein jour,En agglomération,Intersection en T,Normale,Deux véhicules - côté,,,,,,,,,,,1,2,3,1.0,3.0
201800010165,0018-12-10 13:00:00,18,12,10,13,0,130,55,SAINT JEROME (AVENUE DE),43.3314,5.41933,Plein jour,En agglomération,Hors intersection,Normale,Deux véhicules - côté,,,,,,,,,,,1,2,1,1.0,3.0
201800010166,0018-12-11 07:40:00,18,12,11,7,40,130,55,TROIS LUCS A LA*VALENTIN,43.30987,5.46821,Crépuscule ou aube,En agglomération,Autre intersection,Normale,Deux véhicules - côté,,,,,,,,,,,2,2,9,1.0,3.0
201800010167,0018-12-11 11:20:00,18,12,11,11,20,130,55,PADOUANE (BD DE LA ),43.35335,5.36687,Plein jour,En agglomération,Hors intersection,Normale,Deux véhicules - arrière,,,,,,,,,,,1,2,1,1.0,2.0
201800010168,0018-12-11 11:30:00,18,12,11,11,30,130,55,PONT DE VIVAUX (BOULEVAR,43.28163,5.42649,Plein jour,En agglomération,Hors intersection,Normale,Deux véhicules - côté,,,,,,,,,,,1,2,1,1.0,3.0
201800010169,0018-12-11 16:20:00,18,12,11,16,20,130,55,SAINTE MARGUERITE (BOULE,43.2661,5.4084,Plein jour,En agglomération,Hors intersection,Normale,Deux véhicules - côté,,,,,,,,,,,1,2,1,1.0,3.0
201800010170,0018-12-11 16:30:00,18,12,11,16,30,130,55,Bd MARECHAL JUIN,43.31373,5.40598,Crépuscule ou aube,En agglomération,Hors intersection,Normale,Deux véhicules - arrière,,,,,,,,,,,2,2,1,1.0,2.0
201800010171,0018-12-11 16:15:00,18,12,11,16,15,130,55,SAINT PIERRE (RUE),43.29162,5.40958,Plein jour,En agglomération,Hors intersection,Normale,Deux véhicules - arrière,,,,,,,,,,,1,2,1,1.0,2.0
201800010172,0018-12-09 03:40:00,18,12,9,3,40,130,55,HENRI BARNIER (BOULEVARD,43.36877,5.34477,Nuit avec éclairage allumé,En agglomération,Hors intersection,Normale,Autre collision,,,,,,,,,,,5,2,1,1.0,6.0
201800010173,0018-12-11 18:30:00,18,12,11,18,30,130,55,GUSTAVE GANAY (BOULEVARD,43.26605,5.40045,Nuit avec éclairage allumé,En agglomération,Hors intersection,Normale,Deux véhicules - côté,,,,,,,,,,,5,2,1,1.0,3.0
201800010174,0018-12-11 21:25:00,18,12,11,21,25,130,55,MIRELLE LAUZE (BOULEVARD,43.28835,5.43494,Nuit avec éclairage allumé,En agglomération,Hors intersection,Normale,Autre collision,,,,,,,,,,,5,2,1,1.0,6.0
201800010175,0018-12-12 02:25:00,18,12,12,2,25,130,55,JONCS (BOULEVARD DES),43.24751,5.38227,Nuit avec éclairage allumé,En agglomération,Hors intersection,Normale,Sans collision,,,,,,,,,,,5,2,1,1.0,7.0
201800010176,0018-12-12 08:50:00,18,12,12,8,50,130,55,JUNOT (RUE),43.3112,5.37656,Plein jour,En agglomération,Hors intersection,Normale,Deux véhicules - arrière,,,,,,,,,,,1,2,1,1.0,2.0
201800010177,0018-12-12 08:50:00,18,12,12,8,50,130,55,AVENUE WILLIAM BOOTH,43.29281,5.4371,Plein jour,En agglomération,Hors intersection,Normale,Autre collision,,,,,,,,,,,1,2,1,1.0,6.0
201800010178,0018-12-11 11:10:00,18,12,11,11,10,130,55,PADOUANE (BD DE LA ),43.35328,5.36973,Plein jour,En agglomération,Hors intersection,Normale,Deux véhicules - arrière,,,,,,,,,,,1,2,1,1.0,2.0
201800010179,0018-12-12 12:15:00,18,12,12,12,15,130,55,SCHLOESING (BOULEVARD),43.27456,5.39997,Plein jour,En agglomération,Hors intersection,Normale,Deux véhicules - côté,,,,,,,,,,,1,2,1,1.0,3.0
201800010180,0018-12-12 13:55:00,18,12,12,13,55,130,55,CHARTREUX (AVENUE DES),43.30681,5.39967,Plein jour,En agglomération,Hors intersection,Normale,Autre collision,,,,,,,,,,,1,2,1,1.0,6.0
201800010181,0018-12-12 14:00:00,18,12,12,14,0,130,55,JEAN MOULIN (BD),43.2891,5.40005,Plein jour,En agglomération,Hors intersection,Normale,Autre collision,,,,,,,,,,,1,2,1,1.0,6.0
201800010182,0018-12-12 13:30:00,18,12,12,13,30,130,55,pointe rouge (ave),43.24796,5.37489,Plein jour,En agglomération,Intersection en T,Normale,Deux véhicules - arrière,,,,,,,,,,,1,2,3,1.0,2.0
201800010183,0018-12-12 16:00:00,18,12,12,16,0,130,55,SAINTE MARTHE (chemin),43.32359,5.38903,Plein jour,En agglomération,Intersection en T,Normale,Deux véhicules - frontale,,,,,,,,,,,1,2,3,1.0,1.0
201800010184,0018-12-12 18:00:00,18,12,12,18,0,130,55,CAMAS (RUE DU),43.2972,5.3941,Nuit avec éclairage allumé,En agglomération,Hors intersection,Normale,Deux véhicules - arrière,,,,,,,,,,,5,2,1,1.0,2.0
201800010185,0018-12-13 08:45:00,18,12,13,8,45,130,55,BOULEVARD PAUL CLAUDEL,43.26881,5.41995,Plein jour,En agglomération,Hors intersection,Normale,Deux véhicules - côté,,,,,,,,,,,1,2,1,1.0,3.0
201800010186,0018-12-13 11:51:00,18,12,13,11,51,130,55,LA STATION (CHEMIN DU),43.33191,5.38826,Plein jour,En agglomération,Hors intersection,Pluie légère,Deux véhicules - frontale,,,,,,,,,,,1,2,1,2.0,1.0
201800010187,0018-12-13 16:45:00,18,12,13,16,45,130,55,VIAN (RUE),43.29471,5.38369,Crépuscule ou aube,En agglomération,Hors intersection,Pluie légère,Autre collision,,,,,,,,,,,2,2,1,2.0,6.0
201800010188,0018-12-13 17:30:00,18,12,13,17,30,130,55,VALBARELLE (BOULEVARD DE,43.28761,5.44847,Nuit sans éclairage public,En agglomération,Hors intersection,Pluie légère,Deux véhicules - frontale,,,,,,,,,,,3,2,1,2.0,1.0
201800010189,0018-12-13 14:15:00,18,12,13,14,15,130,55,GUIBAL (RUE),43.30601,5.38453,Plein jour,En agglomération,Autre intersection,Pluie légère,Deux véhicules - côté,,,,,,,,,,,1,2,9,2.0,3.0
201800010190,0018-12-13 07:50:00,18,12,13,7,50,130,55,LA NERTHE (CHEMIN DE LA),43.37856,5.28975,Plein jour,Hors agglomération,Autre intersection,Temps couvert,Deux véhicules - côté,,,,,,,,,,,1,1,9,8.0,3.0
201800010191,0018-12-13 12:30:00,18,12,13,12,30,130,55,AYGALADES (AVENUE DES),43.33692,5.36732,Plein jour,En agglomération,Intersection en T,Normale,Autre collision,,,,,,,,,,,1,2,3,1.0,6.0
201800010192,0018-10-23 06:00:00,18,10,23,6,0,130,55,CROIX ROUGE (AVENUE),43.33338,5.43925,Crépuscule ou aube,En agglomération,Hors intersection,Normale,Sans collision,,,,,,,,,,,2,2,1,1.0,7.0
201800010193,0018-12-14 11:35:00,18,12,14,11,35,130,55,PIERRE ROUX (PLACE),43.28553,5.39493,Plein jour,En agglomération,Hors intersection,Normale,Deux véhicules - arrière,,,,,,,,,,,1,2,1,1.0,2.0
201800010194,0018-12-14 13:35:00,18,12,14,13,35,130,55,TOULON (AVENUE DE),43.2834,5.39708,Plein jour,En agglomération,Hors intersection,Normale,Autre collision,,,,,,,,,,,1,2,1,1.0,6.0
201800010195,0018-12-14 15:30:00,18,12,14,15,30,130,55,RABATAU (BOULEVARD),43.27757,5.39906,Plein jour,En agglomération,Hors intersection,Normale,Deux véhicules - arrière,,,,,,,,,,,1,2,1,1.0,2.0
201800010196,0018-12-14 19:20:00,18,12,14,19,20,130,55,CHARLES LIVON (BOULEVARD,43.2919,5.35781,Nuit avec éclairage allumé,En agglomération,Hors intersection,Normale,Sans collision,,,,,,,,,,,5,2,1,1.0,7.0
201800010197,0018-12-15 10:15:00,18,12,15,10,15,130,55,FRANCOIS CHARNIGNY (AVEN,43.29328,5.4839,Plein jour,En agglomération,Hors intersection,Normale,Deux véhicules - arrière,,,,,,,,,,,1,2,1,1.0,2.0
201800010198,0018-12-15 01:00:00,18,12,15,1,0,130,55,CHEMIN DU MERLAN A LA RO,43.3307,5.40963,Nuit avec éclairage allumé,En agglomération,Autre intersection,Normale,Deux véhicules - côté,,,,,,,,,,,5,2,9,1.0,3.0
201800010199,0018-12-15 21:15:00,18,12,15,21,15,130,55,FONDERE (RUE),43.3019,5.3993,Nuit avec éclairage allumé,En agglomération,Hors intersection,Normale,Deux véhicules - côté,,,,,,,,,,,5,2,1,1.0,3.0
201800010200,0018-12-15 22:40:00,18,12,15,22,40,130,55,DAMES (BOULEVARD DES),43.3031,5.3666,Nuit avec éclairage allumé,En agglomération,Intersection en X,Normale,Deux véhicules - côté,,,,,,,,,,,5,2,2,1.0,3.0
201800010201,0018-12-16 12:47:00,18,12,16,12,47,130,55,SAINTE MARGUERITE (BOULE,43.26222,5.41375,Plein jour,En agglomération,Hors intersection,Pluie légère,Deux véhicules - côté,,,,,,,,,,,1,2,1,2.0,3.0
201800010202,0018-12-16 21:15:00,18,12,16,21,15,130,55,BUREL (BOULEVARD),43.31687,5.38947,Nuit avec éclairage allumé,En agglomération,Hors intersection,Pluie légère,Deux véhicules - frontale,,,,,,,,,,,5,2,1,2.0,1.0
201800010203,0018-12-16 21:30:00,18,12,16,21,30,130,55,PRADO (AVENUE DU),43.27238,5.39111,Nuit avec éclairage allumé,En agglomération,Giratoire,Pluie légère,Deux véhicules - arrière,,,,,,,,,,,5,2,6,2.0,2.0
201800010204,0018-12-17 06:00:00,18,12,17,6,0,130,55,ALEX. FLEMING (BD),43.31601,5.40111,Nuit avec éclairage allumé,En agglomération,Intersection en X,Normale,Sans collision,,,,,,,,,,,5,2,2,1.0,7.0
201800010205,0018-12-17 10:20:00,18,12,17,10,20,130,55,ALEX ANSALDI (RUE),43.33201,5.40417,Plein jour,En agglomération,Hors intersection,Normale,Deux véhicules - arrière,,,,,,,,,,,1,2,1,1.0,2.0
201800010206,0018-12-17 16:35:00,18,12,17,16,35,130,55,LOUIS ARMAND (BOULEVARD),43.29815,5.41336,Plein jour,En agglomération,Hors intersection,Normale,Autre collision,,,,,,,,,,,1,2,1,1.0,6.0
201800010207,0018-12-17 18:53:00,18,12,17,18,53,130,55,CHUTES LAVIE (AVE),43.31086,5.39638,Nuit avec éclairage allumé,En agglomération,Hors intersection,Normale,Autre collision,,,,,,,,,,,5,2,1,1.0,6.0
201800010208,0018-12-18 01:05:00,18,12,18,1,5,130,55,ERNEST DELIBES (PLACE),43.27902,5.38285,Nuit avec éclairage allumé,En agglomération,Hors intersection,Normale,Deux véhicules - frontale,,,,,,,,,,,5,2,1,1.0,1.0
201800010209,0018-12-18 10:00:00,18,12,18,10,0,130,55,AUGUSTIN AUBERT (RUE),43.26668,5.40293,Plein jour,En agglomération,Intersection en X,Normale,Deux véhicules - côté,,,,,,,,,,,1,2,2,1.0,3.0
201800010210,0018-12-18 13:10:00,18,12,18,13,10,130,55,PAUL CLAUDEL (BOULEVARD),43.26983,5.42207,Plein jour,En agglomération,Hors intersection,Normale,Autre collision,,,,,,,,,,,1,2,1,1.0,6.0
201800010211,0018-12-19 11:00:00,18,12,19,11,0,130,55,CANEBIERE    81 A FIN,43.29879,5.38456,Plein jour,En agglomération,Hors intersection,Pluie légère,Autre collision,,,,,,,,,,,1,2,1,2.0,6.0
201800010212,0018-12-19 09:00:00,18,12,19,9,0,130,55,SAINT MARCEL (BOULEVARD,43.28694,5.46674,Plein jour,En agglomération,Hors intersection,Pluie légère,Autre collision,,,,,,,,,,,1,2,1,2.0,6.0
201800010213,0018-12-19 12:15:00,18,12,19,12,15,130,55,GILLIBERT (BOULEVARD),43.2642,5.406,Plein jour,En agglomération,Hors intersection,Pluie légère,Deux véhicules - arrière,,,,,,,,,,,1,2,1,2.0,2.0
201800010214,0018-12-19 12:50:00,18,12,19,12,50,130,55,PRADO*(AVENUE DU),43.26443,5.37862,Plein jour,En agglomération,Hors intersection,Pluie légère,Deux véhicules - côté,,,,,,,,,,,1,2,1,2.0,3.0
201800010215,0018-12-19 16:00:00,18,12,19,16,0,130,55,CAPELETTE (AVENUE DE LA),43.28046,5.40819,Plein jour,En agglomération,Hors intersection,Pluie forte,Autre collision,,,,,,,,,,,1,2,1,3.0,6.0
201800010216,0018-12-19 16:20:00,18,12,19,16,20,130,55,CAPELETTE (AVENUE DE LA),43.28046,5.40818,Crépuscule ou aube,En agglomération,Hors intersection,Pluie légère,Autre collision,,,,,,,,,,,2,2,1,2.0,6.0
201800010217,0018-12-19 19:40:00,18,12,19,19,40,130,2,ETIENNE CUCCA-CD908 (AVE,43.37876,5.5412,Nuit sans éclairage public,Hors agglomération,Hors intersection,Pluie légère,Deux véhicules - frontale,,,,,,,,,,,3,1,1,2.0,1.0
201800010218,0018-12-19 22:30:00,18,12,19,22,30,130,55,MAZARGUES (AVENUE DE),43.26272,5.39307,Nuit avec éclairage allumé,En agglomération,Autre intersection,Normale,Deux véhicules - côté,,,,,,,,,,,5,2,9,1.0,3.0
201800010219,0018-12-20 12:00:00,18,12,20,12,0,130,55,L ARMEE D AFRIQUE (CHEMI,43.29034,5.40617,Plein jour,En agglomération,Hors intersection,Normale,Deux véhicules - arrière,,,,,,,,,,,1,2,1,1.0,2.0
201800010220,0018-12-20 15:25:00,18,12,20,15,25,130,55,LIEUTAUD (COURS),43.29015,5.38354,Plein jour,En agglomération,Hors intersection,Normale,Deux véhicules - frontale,,,,,,,,,,,1,2,1,1.0,1.0
201800010221,0018-12-21 03:25:00,18,12,21,3,25,130,55,CHARLES LIVON (BOULEVARD,43.29166,5.35594,Nuit avec éclairage allumé,En agglomération,Hors intersection,Normale,Autre collision,,,,,,,,,,,5,2,1,1.0,6.0
201800010222,0018-12-21 09:00:00,18,12,21,9,0,130,55,SAINTE MARGUERITE (BOULE,43.26827,5.40613,Plein jour,En agglomération,Hors intersection,Normale,Deux véhicules - arrière,,,,,,,,,,,1,2,1,1.0,2.0
201800010223,0018-12-21 12:40:00,18,12,21,12,40,130,55,L ARMEE D AFRIQUE (CHEMI,43.29062,5.40569,Plein jour,En agglomération,Hors intersection,Normale,Autre collision,,,,,,,,,,,1,2,1,1.0,6.0
201800010224,0018-12-21 16:31:00,18,12,21,16,31,130,55,CAMILLE PELLETAN (AVENUE,43.30333,5.37389,Plein jour,En agglomération,Hors intersection,Normale,Autre collision,,,,,,,,,,,1,2,1,1.0,6.0
201800010225,0018-12-21 18:40:00,18,12,21,18,40,130,55,POMME (BOULEVARD DE LA ),43.29299,5.4503,Nuit avec éclairage allumé,En agglomération,Hors intersection,Normale,Deux véhicules - côté,,,,,,,,,,,5,2,1,1.0,3.0
201800010226,0018-12-21 19:30:00,18,12,21,19,30,130,55,OLIVES (AVENUE DES),43.32702,5.43703,Nuit avec éclairage allumé,En agglomération,Hors intersection,Normale,Deux véhicules - arrière,,,,,,,,,,,5,2,1,1.0,2.0
201800010227,0018-12-22 15:00:00,18,12,22,15,0,130,55,RUE PROF ROGER LUCCIONI,43.27314,5.43159,Plein jour,En agglomération,Hors intersection,Normale,Deux véhicules - arrière,,,,,,,,,,,1,2,1,1.0,2.0
201800010228,0018-12-22 17:00:00,18,12,22,17,0,130,55,BAILLE (BOULEVARD),43.28617,5.3846,Nuit avec éclairage allumé,En agglomération,Hors intersection,Normale,Autre collision,,,,,,,,,,,5,2,1,1.0,6.0
201800010229,0018-12-22 16:00:00,18,12,22,16,0,130,55,PARADIS (RUE),43.27736,5.38361,Plein jour,En agglomération,Hors intersection,Normale,Autre collision,,,,,,,,,,,1,2,1,1.0,6.0
201800010230,0018-12-23 03:30:00,18,12,23,3,30,130,55,AVENUE JEAN LOMBARD,43.28918,5.4352,Nuit avec éclairage allumé,En agglomération,Hors intersection,Normale,Autre collision,,,,,,,,,,,5,2,1,1.0,6.0
201800010231,0018-12-23 18:30:00,18,12,23,18,30,130,55,WULFRAM PUGET (RUE),43.27701,5.38292,Nuit avec éclairage allumé,En agglomération,Intersection en T,Normale,Deux véhicules - côté,,,,,,,,,,,5,2,3,1.0,3.0
201800010232,0018-12-23 19:30:00,18,12,23,19,30,130,55,MISTRAL (AVENUE),43.2681,5.40191,Nuit avec éclairage allumé,En agglomération,Hors intersection,Normale,Autre collision,,,,,,,,,,,5,2,1,1.0,6.0
201800010233,0018-12-23 20:20:00,18,12,23,20,20,130,55,CHARLES LIVON (BOULEVARD,43.29225,5.36214,Nuit avec éclairage allumé,En agglomération,Hors intersection,Normale,Deux véhicules - côté,,,,,,,,,,,5,2,1,1.0,3.0
201800010234,0018-12-24 00:35:00,18,12,24,0,35,130,55,JULES CANTINI (AVENUE),43.28406,5.38711,Nuit avec éclairage allumé,En agglomération,Autre intersection,Normale,Autre collision,,,,,,,,,,,5,2,9,1.0,6.0
201800010235,0018-12-24 09:15:00,18,12,24,9,15,130,55,BLANCARDE (BD),43.30289,5.4,Plein jour,En agglomération,Hors intersection,Normale,Deux véhicules - côté,,,,,,,,,,,1,2,1,1.0,3.0
201800010236,0018-12-24 10:00:00,18,12,24,10,0,130,55,ROY D'ESPAGNE (chemin),43.24022,5.39744,Plein jour,En agglomération,Hors intersection,Normale,Autre collision,,,,,,,,,,,1,2,1,1.0,6.0
201800010237,0018-12-24 10:35:00,18,12,24,10,35,130,55,ROY D'ESPAGNE (CHEMIN),43.2432,5.3967,Plein jour,En agglomération,Hors intersection,Normale,Deux véhicules - arrière,,,,,,,,,,,1,2,1,1.0,2.0
201800010238,0018-12-24 15:15:00,18,12,24,15,15,130,55,ENCO DE BOTTE (RTE),43.31358,5.46582,Plein jour,En agglomération,Intersection en T,Normale,Deux véhicules - arrière,,,,,,,,,,,1,2,3,1.0,2.0
201800010239,0018-12-24 14:35:00,18,12,24,14,35,130,55,MIREILLE LAUZE (BOULEVAR,43.2832,5.41189,Plein jour,En agglomération,Hors intersection,Normale,Deux véhicules - côté,,,,,,,,,,,1,2,1,1.0,3.0
201800010240,0018-12-24 18:10:00,18,12,24,18,10,130,55,ENDOUME (Rue d'),43.28619,5.36275,Crépuscule ou aube,En agglomération,Hors intersection,Normale,Deux véhicules - arrière,,,,,,,,,,,2,2,1,1.0,2.0
201800010241,0018-12-24 23:00:00,18,12,24,23,0,130,55,MARCHAL JUIN (BOULEVARD,43.31115,5.40335,Nuit avec éclairage allumé,En agglomération,Hors intersection,Normale,Deux véhicules - côté,,,,,,,,,,,5,2,1,1.0,3.0
201800010242,0018-12-24 22:42:00,18,12,24,22,42,130,55,NATIONAL (BOULEVARD),43.31002,5.3793,Nuit avec éclairage allumé,En agglomération,Hors intersection,Normale,Deux véhicules - côté,,,,,,,,,,,5,2,1,1.0,3.0
201800010243,0018-12-25 00:01:00,18,12,25,0,1,130,55,SAINT JEAN (BOULEVARD),43.27961,5.40793,Nuit avec éclairage allumé,En agglomération,Intersection en X,Normale,Deux véhicules - côté,,,,,,,,,,,5,2,2,1.0,3.0
201800010244,0018-12-21 17:50:00,18,12,21,17,50,130,55,TROIS LUCS A LA VALENTIN,43.31174,5.46474,Nuit avec éclairage allumé,En agglomération,Hors intersection,Normale,Sans collision,,,,,,,,,,,5,2,1,1.0,7.0
201800010245,0018-12-26 13:15:00,18,12,26,13,15,130,2,SALVATORE ALLENDE (BOULE,43.35295,5.48324,Plein jour,En agglomération,Hors intersection,Normale,Deux véhicules - côté,,,,,,,,,,,1,2,1,1.0,3.0
201800010246,0018-12-26 11:30:00,18,12,26,11,30,130,55,SAINT ANTOINE A SAINT JO,43.35626,5.3696,Plein jour,En agglomération,Intersection en T,Normale,Deux véhicules - côté,,,,,,,,,,,1,2,3,1.0,3.0
201800010247,0018-12-26 14:40:00,18,12,26,14,40,130,55,BOULEVARD JEAN MOULIN,43.28565,5.39869,Plein jour,En agglomération,Autre intersection,Normale,Deux véhicules - arrière,,,,,,,,,,,1,2,9,1.0,2.0
201800010248,0018-12-26 14:00:00,18,12,26,14,0,130,55,LA GINESTE RD 559,43.2255,5.53166,Plein jour,Hors agglomération,Hors intersection,Normale,Sans collision,,,,,,,,,,,1,1,1,1.0,7.0
201800010249,0018-11-26 22:15:00,18,11,26,22,15,130,55,ARENC (QUAI D'),43.31319,5.36614,Nuit avec éclairage allumé,En agglomération,Intersection en T,Normale,Deux véhicules - côté,,,,,,,,,,,5,2,3,1.0,3.0
201800010250,0018-12-27 08:00:00,18,12,27,8,0,130,55,CHARLES KADDOUZ (RUE),43.31878,5.43968,Crépuscule ou aube,En agglomération,Hors intersection,Normale,Sans collision,,,,,,,,,,,2,2,1,1.0,7.0
201800010251,0018-12-27 15:15:00,18,12,27,15,15,130,55,JEAN MARTIN (RUE),43.29587,5.40214,Plein jour,En agglomération,Intersection en X,Normale,Deux véhicules - côté,,,,,,,,,,,1,2,2,1.0,3.0