accident_id,datetime,annee,mois,jour,heure,minute,departement,commune_insee,adresse,latitude,longitude,luminosite,agglomeration,intersection,meteo,collision,nb_vehicules,nb_usagers,nb_indemnes,nb_tues,nb_blesses_hosp,nb_blesses_legers,age_cond_1,age_cond_2,veh_type_cond_1,veh_type_cond_2,lum_code,agg_code,int_code,atm_code,col_code
201800010252,0018-12-27 16:40:00,18,12,27,16,40,130,55,SAINT ANTOINE A SAINT JO,43.36383,5.36137,Plein jour,En agglomération,Hors intersection,Normale,Deux véhicules - côté,,,,,,,,,,,1,2,1,1.0,3.0
201800010253,0018-12-27 19:00:00,18,12,27,19,0,130,55,ALEX. FLEMING (BOULEVARD,43.3153,5.39183,Nuit avec éclairage allumé,En agglomération,Hors intersection,Normale,Trois véhicules et plus - en chaîne,,,,,,,,,,,5,2,1,1.0,4.0
201800010254,0018-12-24 23:30:00,18,12,24,23,30,130,55,ROSE (AVENUE DE LA),43.32774,5.42447,Nuit sans éclairage public,En agglomération,Autre intersection,Autre,Deux véhicules - côté,,,,,,,,,,,3,2,9,9.0,3.0
201800010255,0018-12-28 08:30:00,18,12,28,8,30,130,55,HENRI BARNIER (BOULEVARD,43.35997,5.34291,Plein jour,En agglomération,Intersection en Y,Normale,Autre collision,,,,,,,,,,,1,2,4,1.0,6.0
201800010256,0018-12-28 17:50:00,18,12,28,17,50,130,55,JEAN PAUL SARTRE (AVENUE,43.32619,5.42428,Nuit avec éclairage allumé,En agglomération,Hors intersection,Normale,Deux véhicules - côté,,,,,,,,,,,5,2,1,1.0,3.0
201800010257,0018-12-29 15:45:00,18,12,29,15,45,130,55,L ARMEE D AFRIQUE (CHEMI,43.28837,5.41,Plein jour,En agglomération,Hors intersection,Normale,Deux véhicules - arrière,,,,,,,,,,,1,2,1,1.0,2.0
201800010258,0018-12-29 14:20:00,18,12,29,14,20,130,55,BERNABO (Bd),43.33752,5.35602,Plein jour,En agglomération,Intersection en T,Normale,Trois véhicules et plus - collisions multiples,,,,,,,,,,,1,2,3,1.0,5.0
201800010259,0018-12-30 18:45:00,18,12,30,18,45,130,55,ANDRE BARDON (rue),43.28483,5.42541,Nuit sans éclairage public,En agglomération,Intersection en T,Normale,Deux véhicules - côté,,,,,,,,,,,3,2,3,1.0,3.0
201800010260,0018-12-30 22:05:00,18,12,30,22,5,130,55,VALBARELLE (BOULEVARD DE,43.28864,5.45467,Nuit avec éclairage allumé,En agglomération,Hors intersection,Normale,Sans collision,,,,,,,,,,,5,2,1,1.0,7.0
201800010261,0018-12-31 11:00:00,18,12,31,11,0,130,55,GASTON FLOTTE (RUE),43.29611,5.42746,Plein jour,En agglomération,Hors intersection,Normale,Sans collision,,,,,,,,,,,1,2,1,1.0,7.0
201800010262,0018-12-31 15:20:00,18,12,31,15,20,130,55,MAZARGUES (AVENUE DE),43.26421,5.39215,Plein jour,En agglomération,Intersection en T,Normale,Deux véhicules - côté,,,,,,,,,,,1,2,3,1.0,3.0
201800010263,0018-12-31 18:15:00,18,12,31,18,15,130,55,PIERRE DOIZE  (RUE),43.27429,5.42678,Nuit avec éclairage allumé,En agglomération,Hors intersection,Normale,Deux véhicules - frontale,,,,,,,,,,,5,2,1,1.0,1.0
201800010264,0018-12-31 18:50:00,18,12,31,18,50,130,55,LYON (RUE DE),43.3372,5.36272,Nuit avec éclairage allumé,En agglomération,Hors intersection,Normale,Deux véhicules - côté,,,,,,,,,,,5,2,1,1.0,3.0
201800010265,0018-10-31 15:50:00,18,10,31,15,50,130,39,ROUTE NATIONALE 568,43.45547,4.92675,Plein jour,Hors agglomération,Hors intersection,Pluie légère,Deux véhicules - côté,,,,,,,,,,,1,1,1,2.0,3.0
201800010266,0018-11-16 19:40:00,18,11,16,19,40,130,77,POURRA,43.43184,5.00909,Crépuscule ou aube,Hors agglomération,Hors intersection,Normale,Autre collision,,,,,,,,,,,2,1,1,1.0,6.0
201800010267,0018-10-23 20:05:00,18,10,23,20,5,130,56,DOUMER TRAVERSE PAUL,43.40739,5.0534,Nuit avec éclairage allumé,En agglomération,Intersection en T,Normale,Deux véhicules - côté,,,,,,,,,,,5,2,3,1.0,3.0
201800010268,0018-02-23 11:30:00,18,2,23,11,30,130,26,7 Av de l'Homme À la Fen,43.39353,5.14389,Plein jour,En agglomération,Hors intersection,Normale,Autre collision,,,,,,,,,,,1,2,1,1.0,6.0
201800010269,0018-01-11 18:30:00,18,1,11,18,30,130,39,ROUTE NATIONALE 569,43.45905,4.94179,Crépuscule ou aube,En agglomération,Hors intersection,Normale,Deux véhicules - côté,,,,,,,,,,,2,2,1,1.0,3.0
201800010270,0018-03-06 14:20:00,18,3,6,14,20,130,39,JAURES JEAN (Avenue),43.43568,4.94481,Plein jour,En agglomération,Hors intersection,Normale,Deux véhicules - côté,,,,,,,,,,,1,2,1,1.0,3.0
201800010271,0018-03-10 11:10:00,18,3,10,11,10,130,39,ROUTE NATIONALE 569,43.46947,4.94061,Plein jour,Hors agglomération,Hors intersection,Normale,Deux véhicules - arrière,,,,,,,,,,,1,1,1,1.0,2.0
201800010272,0018-01-21 16:30:00,18,1,21,16,30,130,77,D 50,43.42668,5.00129,Plein jour,Hors agglomération,Hors intersection,Normale,Deux véhicules - frontale,,,,,,,,,,,1,1,1,1.0,1.0
201800010273,0018-03-23 07:15:00,18,3,23,7,15,130,39,RN 545,43.43588,4.92516,Plein jour,Hors agglomération,Autre intersection,Normale,Deux véhicules - côté,,,,,,,,,,,1,1,9,1.0,3.0
201800010274,0018-02-21 10:55:00,18,2,21,10,55,130,56,CD 5 (Route d'Istres),43.4277,5.05,Plein jour,En agglomération,Hors intersection,Temps couvert,Deux véhicules - frontale,,,,,,,,,,,1,2,1,8.0,1.0
201800010275,0018-02-08 16:30:00,18,2,8,16,30,130,39,P 544,43.47702,4.89623,Plein jour,Hors agglomération,Autre intersection,Normale,Deux véhicules - côté,,,,,,,,,,,1,1,9,1.0,3.0
201800010276,0018-02-12 05:34:00,18,2,12,5,34,130,39,ROUTE NATIONALE 569,43.46912,4.94225,Nuit sans éclairage public,Hors agglomération,Hors intersection,Normale,Deux véhicules - frontale,,,,,,,,,,,3,1,1,1.0,1.0
201800010277,0018-04-23 14:00:00,18,4,23,14,0,130,26,CD 9,43.38461,5.19226,Plein jour,Hors agglomération,Hors intersection,Normale,Deux véhicules - frontale,,,,,,,,,,,1,1,1,1.0,1.0
201800010278,0018-04-21 05:50:00,18,4,21,5,50,130,26,RN 568 CLM,43.3929,5.1866,Nuit sans éclairage public,Hors agglomération,Hors intersection,Normale,Trois véhicules et plus - collisions multiples,,,,,,,,,,,3,1,1,1.0,5.0
201800010279,0018-04-15 00:35:00,18,4,15,0,35,130,39,20 Rue de la Saladelle,43.44416,4.94307,Nuit avec éclairage allumé,En agglomération,Hors intersection,Normale,Autre collision,,,,,,,,,,,5,2,1,1.0,6.0
201800010280,0018-01-08 13:25:00,18,1,8,13,25,130,56,TURCAN FRANCIS,43.4111,5.0398,Plein jour,En agglomération,Hors intersection,Normale,Trois véhicules et plus - collisions multiples,,,,,,,,,,,1,2,1,1.0,5.0
201800010281,0018-05-11 19:15:00,18,5,11,19,15,130,56,TURCAN FRANCIS,43.4159,5.0566,Plein jour,En agglomération,Hors intersection,Normale,Trois véhicules et plus - collisions multiples,,,,,,,,,,,1,2,1,1.0,5.0
201800010282,0018-05-20 20:03:00,18,5,20,20,3,130,39,RD 268,43.46668,4.84021,Plein jour,Hors agglomération,Hors intersection,Normale,Deux véhicules - côté,,,,,,,,,,,1,1,1,1.0,3.0
201800010283,0018-05-22 18:46:00,18,5,22,18,46,130,56,18 Quai Kléber,43.40557,5.05653,Plein jour,En agglomération,Hors intersection,Normale,Autre collision,,,,,,,,,,,1,2,1,1.0,6.0
201800010284,0018-05-25 07:50:00,18,5,25,7,50,130,39,ROUTE NATIONALE 569,43.46762,4.9351,Plein jour,Hors agglomération,Hors intersection,Normale,Deux véhicules - côté,,,,,,,,,,,1,1,1,1.0,3.0
201800010285,0018-06-12 16:15:00,18,6,12,16,15,130,56,COLLINE ROUTE de la,43.4216,5.04486,Plein jour,En agglomération,Hors intersection,Normale,Autre collision,,,,,,,,,,,1,2,1,1.0,6.0
201800010286,0018-06-12 12:05:00,18,6,12,12,5,130,26,FERRY (Rue Jules),43.38632,5.16689,Plein jour,En agglomération,Autre intersection,Normale,Deux véhicules - côté,,,,,,,,,,,1,2,9,1.0,3.0
201800010287,0018-06-21 17:15:00,18,6,21,17,15,130,26,LAURE (route de),43.38041,5.17557,Plein jour,Hors agglomération,Hors intersection,Normale,Deux véhicules - côté,,,,,,,,,,,1,1,1,1.0,3.0
201800010288,0018-06-22 20:10:00,18,6,22,20,10,130,56,KLEBER Quai JEAN BAPTIST,43.40536,5.05658,Plein jour,En agglomération,Hors intersection,Normale,Deux véhicules - frontale,,,,,,,,,,,1,2,1,1.0,1.0
201800010289,0018-06-22 17:20:00,18,6,22,17,20,130,56,DUFY ALLEE RAOUL,43.4055,5.04376,Plein jour,En agglomération,Hors intersection,Normale,Deux véhicules - côté,,,,,,,,,,,1,2,1,1.0,3.0
201800010290,0018-06-14 06:30:00,18,6,14,6,30,130,26,RD 568 CLM,43.39203,5.17865,Plein jour,Hors agglomération,Hors intersection,Normale,Deux véhicules - arrière,,,,,,,,,,,1,1,1,1.0,2.0
201800010291,0018-06-25 16:00:00,18,6,25,16,0,130,39,N 568,43.43063,4.947,Plein jour,Hors agglomération,Hors intersection,Normale,Deux véhicules - arrière,,,,,,,,,,,1,1,1,1.0,2.0
201800010292,0018-06-29 07:00:00,18,6,29,7,0,130,77,RN 568,43.4134,4.99734,Plein jour,Hors agglomération,Hors intersection,Normale,Trois véhicules et plus - collisions multiples,,,,,,,,,,,1,1,1,1.0,5.0
201800010293,0018-07-04 15:40:00,18,7,4,15,40,130,56,AIRES PLACE DES,43.40714,5.05651,Plein jour,En agglomération,Hors intersection,Normale,Autre collision,,,,,,,,,,,1,2,1,1.0,6.0
201800010294,0018-06-25 13:51:00,18,6,25,13,51,130,39,ROUTE NATIONALE 568,43.4619,4.91919,Plein jour,Hors agglomération,Hors intersection,Normale,Deux véhicules - arrière,,,,,,,,,,,1,1,1,1.0,2.0
201800010295,0018-07-13 16:36:00,18,7,13,16,36,130,104,RD 49,43.34146,5.10552,Plein jour,Hors agglomération,Hors intersection,Normale,Deux véhicules - frontale,,,,,,,,,,,1,1,1,1.0,1.0
201800010296,0018-07-25 06:50:00,18,7,25,6,50,130,39,RN 568,43.46168,4.92014,Plein jour,Hors agglomération,Giratoire,Normale,Deux véhicules - arrière,,,,,,,,,,,1,1,6,1.0,2.0
201800010297,0018-07-26 15:45:00,18,7,26,15,45,130,56,RD 5,43.38306,5.06531,Plein jour,Hors agglomération,Hors intersection,Normale,Deux véhicules - frontale,,,,,,,,,,,1,1,1,1.0,1.0
201800010298,0018-08-06 18:45:00,18,8,6,18,45,130,26,RD 9,43.38288,5.19241,Plein jour,Hors agglomération,Hors intersection,Normale,Deux véhicules - côté,,,,,,,,,,,1,1,1,1.0,3.0
201800010299,0018-08-07 17:30:00,18,8,7,17,30,130,56,RD 49,43.3743,5.06361,Plein jour,Hors agglomération,Hors intersection,Normale,Deux véhicules - côté,,,,,,,,,,,1,1,1,1.0,3.0
201800010300,0018-08-12 08:10:00,18,8,12,8,10,130,56,ROUTE DE SAINT PIERRE,43.3894,5.0616,Plein jour,Hors agglomération,Hors intersection,Normale,Deux véhicules - arrière,,,,,,,,,,,1,1,1,1.0,2.0
201800010301,0018-07-03 08:15:00,18,7,3,8,15,130,26,CD 9,43.38633,5.19253,Plein jour,Hors agglomération,Hors intersection,Normale,Trois véhicules et plus - collisions multiples,,,,,,,,,,,1,1,1,1.0,5.0
201800010302,0018-08-12 06:00:00,18,8,12,6,0,130,39,ROUTE NATIONALE 568,43.43694,4.94112,Plein jour,Hors agglomération,Hors intersection,Normale,Autre collision,,,,,,,,,,,1,1,1,1.0,6.0
201800010303,0018-08-18 13:45:00,18,8,18,13,45,130,26,RD 568,43.3901,5.16791,Plein jour,Hors agglomération,Hors intersection,Normale,Sans collision,,,,,,,,,,,1,1,1,1.0,7.0
201800010304,0018-08-10 20:45:00,18,8,10,20,45,130,39,RN 568,43.4595,4.9222,Plein jour,Hors agglomération,Hors intersection,Normale,Deux véhicules - côté,,,,,,,,,,,1,1,1,1.0,3.0
201800010305,0018-08-25 21:00:00,18,8,25,21,0,130,26,Bd Chateau Moustier,43.38627,5.15334,Nuit avec éclairage allumé,En agglomération,Intersection en T,Normale,Deux véhicules - côté,,,,,,,,,,,5,2,3,1.0,3.0
201800010306,0018-08-30 09:20:00,18,8,30,9,20,130,56,LECLERC QUAI GENERAL CHA,43.40389,5.05486,Plein jour,En agglomération,Autre intersection,Normale,Autre collision,,,,,,,,,,,1,2,9,1.0,6.0
201800010307,0018-09-13 18:00:00,18,9,13,18,0,130,56,NOTRE DAME BOULEVARD,43.41394,5.05019,Plein jour,En agglomération,Hors intersection,Normale,Autre collision,,,,,,,,,,,1,2,1,1.0,6.0
201800010308,0018-08-26 21:00:00,18,8,26,21,0,130,39,POMPIDOU GEORGES (avenue,43.45051,4.93884,Crépuscule ou aube,En agglomération,Intersection en Y,Normale,Deux véhicules - côté,,,,,,,,,,,2,2,4,1.0,3.0
201800010309,0018-09-14 09:10:00,18,9,14,9,10,130,39,SAINT-GERVAIS Carrefour,43.43378,4.94125,Plein jour,Hors agglomération,Hors intersection,Normale,Deux véhicules - arrière,,,,,,,,,,,1,1,1,1.0,2.0
201800010310,0018-09-25 13:55:00,18,9,25,13,55,130,26,AUDIBERT (bd Armand),43.38706,5.1696,Plein jour,En agglomération,Autre intersection,Normale,Autre collision,,,,,,,,,,,1,2,9,1.0,6.0
201800010311,0018-09-18 07:30:00,18,9,18,7,30,130,26,RD 568 CLM,43.39293,5.18501,Plein jour,Hors agglomération,Autre intersection,Normale,Deux véhicules - côté,,,,,,,,,,,1,1,9,1.0,3.0
201800010312,0018-08-04 00:40:00,18,8,4,0,40,130,56,RN 568,43.41348,5.0079,Nuit sans éclairage public,Hors agglomération,Hors intersection,Normale,Deux véhicules - arrière,,,,,,,,,,,3,1,1,1.0,2.0
201800010313,0018-10-01 21:15:00,18,10,1,21,15,130,77,RN 568,43.4136,5.00035,Nuit sans éclairage public,Hors agglomération,Hors intersection,Normale,Autre collision,,,,,,,,,,,3,1,1,1.0,6.0
201800010314,0018-10-09 15:59:00,18,10,9,15,59,130,56,CD 49,43.33588,5.04925,Plein jour,Hors agglomération,Hors intersection,Normale,Deux véhicules - arrière,,,,,,,,,,,1,1,1,1.0,2.0
201800010315,0018-10-12 21:00:00,18,10,12,21,0,130,39,ROUTE NATIONALE 568,43.4286,4.9598,Nuit avec éclairage allumé,Hors agglomération,Hors intersection,Normale,Deux véhicules - côté,,,,,,,,,,,5,1,1,1.0,3.0
201800010316,0018-10-13 15:45:00,18,10,13,15,45,130,56,ROUSSEAU JEAN JACQUES,43.40113,5.04837,Plein jour,En agglomération,Hors intersection,Normale,Autre collision,,,,,,,,,,,1,2,1,1.0,6.0
201800010317,0018-10-31 17:20:00,18,10,31,17,20,130,39,DE GAULLE GENERAL (Avenu,43.4421,4.94264,Nuit sans éclairage public,En agglomération,Hors intersection,Pluie forte,Autre collision,,,,,,,,,,,3,2,1,3.0,6.0
201800010318,0018-11-14 06:35:00,18,11,14,6,35,130,77,D 50,43.4279,5.00541,Nuit sans éclairage public,Hors agglomération,Autre intersection,Normale,Deux véhicules - côté,,,,,,,,,,,3,1,9,1.0,3.0
201800010319,0018-11-16 00:10:00,18,11,16,0,10,130,39,GUIGONNET (rond-point du,43.45029,4.93538,Nuit avec éclairage allumé,Hors agglomération,Hors intersection,Normale,Deux véhicules - côté,,,,,,,,,,,5,1,1,1.0,3.0
201800010320,0018-11-16 08:40:00,18,11,16,8,40,130,56,TURCAN FRANCIS,43.41216,5.04721,Plein jour,En agglomération,Hors intersection,Normale,Autre collision,,,,,,,,,,,1,2,1,1.0,6.0
201800010321,0018-11-08 14:50:00,18,11,8,14,50,130,77,RN 568,43.42168,4.97745,Plein jour,En agglomération,Autre intersection,Normale,Trois véhicules et plus - en chaîne,,,,,,,,,,,1,2,9,1.0,4.0
201800010322,0018-12-04 11:15:00,18,12,4,11,15,130,77,RN 568,43.4136,5.00035,Plein jour,Hors agglomération,Hors intersection,Normale,Deux véhicules - côté,,,,,,,,,,,1,1,1,1.0,3.0
201800010323,0018-10-08 18:30:00,18,10,8,18,30,130,39,ROUTE NATIONALE 568,43.4784,4.89664,Nuit sans éclairage public,Hors agglomération,Hors intersection,Normale,Autre collision,,,,,,,,,,,3,1,1,1.0,6.0
201800010324,0018-09-06 15:05:00,18,9,6,15,5,130,26,FRANCE ANATOLE rue,43.38489,5.16484,Plein jour,En agglomération,Hors intersection,Normale,Autre collision,,,,,,,,,,,1,2,1,1.0,6.0
201800010325,0018-12-13 18:00:00,18,12,13,18,0,130,39,PLAN D'ARENC (Chemin du),43.45653,4.94624,Nuit avec éclairage allumé,En agglomération,Hors intersection,Normale,Deux véhicules - frontale,,,,,,,,,,,5,2,1,1.0,1.0
201800010326,0018-01-28 00:10:00,18,1,28,0,10,130,103,ROUTE D'ARLES-RN 113,43.64159,5.02218,Nuit sans éclairage public,Hors agglomération,Giratoire,Normale,Sans collision,,,,,,,,,,,3,1,6,1.0,7.0
201800010327,0018-01-29 12:13:00,18,1,29,12,13,130,103,ROUTE DE JEAN MOULIN-RN,43.65996,5.09649,Plein jour,Hors agglomération,Intersection en T,Normale,Deux véhicules - côté,,,,,,,,,,,1,1,3,1.0,3.0
201800010328,0018-03-03 13:37:00,18,3,3,13,37,130,103,AVENUE BOREL -GEORGES,43.64049,5.08313,Plein jour,En agglomération,Intersection en X,Normale,Deux véhicules - frontale,,,,,,,,,,,1,2,2,1.0,1.0
201800010329,0018-04-12 15:00:00,18,4,12,15,0,130,103,596 Ch Grand'carraire,43.64589,5.06528,Plein jour,Hors agglomération,Hors intersection,Pluie forte,Trois véhicules et plus - en chaîne,,,,,,,,,,,1,1,1,3.0,4.0
201800010330,0018-04-24 23:25:00,18,4,24,23,25,130,103,ROUTE D'ARLES-RD 113,43.63769,5.07659,Nuit sans éclairage public,En agglomération,Hors intersection,Normale,Deux véhicules - frontale,,,,,,,,,,,3,2,1,1.0,1.0
201800010331,0018-04-28 18:55:00,18,4,28,18,55,130,103,AVENUE DE  GUBBIO-RD 113,43.62531,5.08407,Plein jour,Hors agglomération,Hors intersection,Normale,Deux véhicules - côté,,,,,,,,,,,1,1,1,1.0,3.0
201800010332,0018-06-01 09:50:00,18,6,1,9,50,130,103,Bd CLEMENCEAU- GE,43.64102,5.08881,Plein jour,En agglomération,Giratoire,Normale,Autre collision,,,,,,,,,,,1,2,6,1.0,6.0
201800010333,0018-06-07 19:20:00,18,6,7,19,20,130,103,RTE DE MARSEILLE-RN 538,43.62483,5.10119,Plein jour,En agglomération,Giratoire,Normale,Trois véhicules et plus - en chaîne,,,,,,,,,,,1,2,6,1.0,4.0
201800010334,0018-06-20 18:20:00,18,6,20,18,20,130,103,ROUTE DE JEAN MOULIN-RD,43.66648,5.09484,Plein jour,Hors agglomération,Hors intersection,Normale,Trois véhicules et plus - collisions multiples,,,,,,,,,,,1,1,1,1.0,5.0
201800010335,0018-06-29 07:57:00,18,6,29,7,57,130,103,ALLEE  de la LIBERTE,43.63846,5.09407,Plein jour,En agglomération,Intersection en T,Normale,Autre collision,,,,,,,,,,,1,2,3,1.0,6.0
201800010336,0018-09-17 08:45:00,18,9,17,8,45,130,103,AVENUE DE LA PATROUILLE,43.62734,5.10227,Plein jour,En agglomération,Giratoire,Normale,Autre collision,,,,,,,,,,,1,2,6,1.0,6.0
201800010337,0018-10-01 01:30:00,18,10,1,1,30,130,103,RD 113,43.64026,5.04764,Nuit sans éclairage public,Hors agglomération,Giratoire,Normale,Sans collision,,,,,,,,,,,3,1,6,1.0,7.0
201800010338,0018-10-13 19:40:00,18,10,13,19,40,130,103,RUE DES FILEUSES DE SOIE,43.64072,5.09559,Nuit avec éclairage allumé,En agglomération,Hors intersection,Normale,Autre collision,,,,,,,,,,,5,2,1,1.0,6.0
201800010339,0018-10-01 16:05:00,18,10,1,16,5,130,103,RD 113,43.59974,5.10264,Plein jour,Hors agglomération,Hors intersection,Normale,Deux véhicules - côté,,,,,,,,,,,1,1,1,1.0,3.0
201800010340,0018-12-06 07:15:00,18,12,6,7,15,130,103,AVENUE MICHELET,43.64051,5.0856,Nuit avec éclairage allumé,En agglomération,Hors intersection,Normale,Deux véhicules - arrière,,,,,,,,,,,5,2,1,1.0,2.0
201800010341,0018-12-10 16:45:00,18,12,10,16,45,130,103,RTE DE MARSEILLE-RD 538,43.6233,5.10019,Plein jour,Hors agglomération,Hors intersection,Normale,Autre collision,,,,,,,,,,,1,1,1,1.0,6.0
201800010342,0018-12-14 16:15:00,18,12,14,16,15,130,103,AVENUE DE WERTHEIM,43.6476,5.0983,Plein jour,En agglomération,Hors intersection,Normale,Deux véhicules - côté,,,,,,,,,,,1,2,1,1.0,3.0
201800010343,0018-01-15 21:00:00,18,1,15,21,0,130,108,ARLES (PETITE ROUTE D AR,43.77055,4.6685,Nuit sans éclairage public,Hors agglomération,Hors intersection,Temps couvert,Autre collision,,,,,,,,,,,3,1,1,8.0,6.0
201800010344,0018-01-24 20:40:00,18,1,24,20,40,130,108,RD 970 ROUTE D'AVIGNON,43.82919,4.71116,Nuit sans éclairage public,Hors agglomération,Hors intersection,Normale,Sans collision,,,,,,,,,,,3,1,1,1.0,7.0
201800010345,0018-02-19 09:21:00,18,2,19,9,21,130,108,16 Bd Victor Hugo,43.8032,4.65909,Plein jour,En agglomération,Hors intersection,Normale,Autre collision,,,,,,,,,,,1,2,1,1.0,6.0
201800010346,0018-03-06 13:10:00,18,3,6,13,10,300,32,"6000, FOURQUES ROUTE DE",43.79706,4.6309,Plein jour,Hors agglomération,Hors intersection,Normale,Sans collision,,,,,,,,,,,1,1,1,1.0,7.0
201800010347,0018-03-06 18:00:00,18,3,6,18,0,130,108,Route de Vallabregues,43.8182,4.65221,Plein jour,Hors agglomération,Hors intersection,Normale,Trois véhicules et plus - collisions multiples,,,,,,,,,,,1,1,1,1.0,5.0
201800010348,0018-03-30 16:16:00,18,3,30,16,16,300,32,PIERRE MENDES FRANCE AVE,43.81191,4.64504,Plein jour,En agglomération,Intersection en T,Normale,Autre collision,,,,,,,,,,,1,2,3,1.0,6.0
201800010349,0018-04-18 16:45:00,18,4,18,16,45,130,108,RD 99 ROUTE DE SAINT REM,43.79556,4.70178,Plein jour,Hors agglomération,Hors intersection,Normale,Trois véhicules et plus - collisions multiples,,,,,,,,,,,1,1,1,1.0,5.0
201800010350,0018-06-24 22:30:00,18,6,24,22,30,300,32,PAIX QUAI DE LA,43.80487,4.64664,Nuit avec éclairage non allumé,En agglomération,Hors intersection,Normale,Autre collision,,,,,,,,,,,4,2,1,1.0,6.0
201800010351,0018-07-01 01:10:00,18,7,1,1,10,130,108,D 570 N Route D ARLES,43.75417,4.68207,Nuit sans éclairage public,Hors agglomération,Hors intersection,Normale,Trois véhicules et plus - collisions multiples,,,,,,,,,,,3,1,1,1.0,5.0
201800010352,0018-07-13 16:30:00,18,7,13,16,30,130,108,RD 570 N ROUTE D ARLES,43.82009,4.73224,Plein jour,Hors agglomération,Intersection en T,Normale,Deux véhicules - côté,,,,,,,,,,,1,1,3,1.0,3.0
201800010353,0018-07-24 15:15:00,18,7,24,15,15,130,108,VALLABREGUES ( RD 81 ROU,43.8172,4.6525,Plein jour,Hors agglomération,Hors intersection,Normale,Deux véhicules - frontale,,,,,,,,,,,1,1,1,1.0,1.0
201800010354,0018-07-30 11:00:00,18,7,30,11,0,130,108,GUYNEMER GEORGE (AVENUE),43.8108,4.6613,Plein jour,En agglomération,Intersection en X,Normale,Deux véhicules - côté,,,,,,,,,,,1,2,2,1.0,3.0
201800010355,0018-08-29 13:30:00,18,8,29,13,30,130,108,CD 35 ROUTE DE BOULBON,43.845,4.6775,Plein jour,Hors agglomération,Hors intersection,Normale,Deux véhicules - arrière,,,,,,,,,,,1,1,1,1.0,2.0
201800010356,0018-09-22 03:30:00,18,9,22,3,30,130,108,RD 970 ROUTE D'AVIGNON,43.81746,4.68021,Nuit sans éclairage public,Hors agglomération,Hors intersection,Normale,Sans collision,,,,,,,,,,,3,1,1,1.0,7.0
201800010357,0018-10-10 17:00:00,18,10,10,17,0,300,32,Route st gilles-Houblons,43.80252,4.61716,Plein jour,En agglomération,Intersection en T,Normale,Trois véhicules et plus - collisions multiples,,,,,,,,,,,1,2,3,1.0,5.0
201800010358,0018-11-21 17:15:00,18,11,21,17,15,130,108,D99B,43.4751,4.3711,Crépuscule ou aube,Hors agglomération,Hors intersection,Normale,Deux véhicules - frontale,,,,,,,,,,,2,1,1,1.0,1.0
201800010359,0018-11-29 13:55:00,18,11,29,13,55,300,32,RUE DE LA REDOUTE,43.81149,4.64105,Plein jour,En agglomération,Hors intersection,Normale,Autre collision,,,,,,,,,,,1,2,1,1.0,6.0
201800010360,0018-12-20 15:35:00,18,12,20,15,35,130,108,REPUBLIQUE (AVENUE),43.80539,4.65519,Plein jour,En agglomération,Hors intersection,Temps éblouissant,Autre collision,,,,,,,,,,,1,2,1,7.0,6.0
201800010361,0018-12-02 17:42:00,18,12,2,17,42,130,108,,43.80869,4.65577,Nuit avec éclairage allumé,En agglomération,Intersection en X,Pluie légère,Autre collision,,,,,,,,,,,5,2,2,2.0,6.0
201800010362,0018-01-01 19:00:00,18,1,1,19,0,130,117,SALYENS ( AVENUE DES ),43.44409,5.25168,Nuit avec éclairage allumé,En agglomération,Intersection en X,Normale,Trois véhicules et plus - collisions multiples,,,,,,,,,,,5,2,2,1.0,5.0
201800010363,0018-12-07 16:30:00,18,12,7,16,30,130,54,8 MAI 1945 (AV DU ),43.41804,5.2287,Plein jour,En agglomération,Hors intersection,Normale,Trois véhicules et plus - en chaîne,,,,,,,,,,,1,2,1,1.0,4.0
201800010364,0018-01-05 11:50:00,18,1,5,11,50,130,54,"18, PUITS MADAME (RUE )",43.41527,5.21376,Plein jour,En agglomération,Intersection en T,Normale,Deux véhicules - arrière,,,,,,,,,,,1,2,3,1.0,2.0
201800010365,0018-01-10 05:55:00,18,1,10,5,55,130,117,BAOU (QUARTIER DU PONT D,43.45958,5.2331,Nuit avec éclairage allumé,En agglomération,Giratoire,Normale,Sans collision,,,,,,,,,,,5,2,6,1.0,7.0
201800010366,0018-01-19 21:15:00,18,1,19,21,15,130,54,"35, FIGUERES (RUE DES )",43.42015,5.20816,Nuit avec éclairage allumé,En agglomération,Hors intersection,Normale,Deux véhicules - frontale,,,,,,,,,,,5,2,1,1.0,1.0
201800010367,0018-01-22 16:30:00,18,1,22,16,30,130,117,RUE DE FONTBLANCHE,43.42281,5.28251,Plein jour,En agglomération,Intersection en X,Normale,Deux véhicules - côté,,,,,,,,,,,1,2,2,1.0,3.0
201800010368,0018-01-19 19:10:00,18,1,19,19,10,130,54,8 MAI 1945 (AV DU ),43.41478,5.22327,Nuit avec éclairage allumé,En agglomération,Hors intersection,Normale,Autre collision,,,,,,,,,,,5,2,1,1.0,6.0
201800010369,0018-02-01 21:00:00,18,2,1,21,0,130,54,1 Rue de Figueres,43.41564,5.21065,Nuit avec éclairage allumé,En agglomération,Intersection en X,Temps couvert,Deux véhicules - côté,,,,,,,,,,,5,2,2,8.0,3.0
201800010370,0018-02-03 17:30:00,18,2,3,17,30,130,54,"24, MARECHAL JUIN (AV DU",43.41946,5.22356,Crépuscule ou aube,En agglomération,Hors intersection,Normale,Deux véhicules - côté,,,,,,,,,,,2,2,1,1.0,3.0