accident_id,datetime,annee,mois,jour,heure,minute,departement,commune_insee,adresse,latitude,longitude,luminosite,agglomeration,intersection,meteo,collision,nb_vehicules,nb_usagers,nb_indemnes,nb_tues,nb_blesses_hosp,nb_blesses_legers,age_cond_1,age_cond_2,veh_type_cond_1,veh_type_cond_2,lum_code,agg_code,int_code,atm_code,col_code
201800010736,0018-05-28 18:20:00,18,5,28,18,20,520,8,RD674 - Ferme de Bevaux,48.22499,5.28659,Plein jour,Hors agglomération,Hors intersection,Normale,Sans collision,,,,,,,,,,,1,1,1,1.0,7.0
201800010737,0018-06-04 18:30:00,18,6,4,18,30,520,167,CD 674,48.1822,5.23827,Plein jour,Hors agglomération,Hors intersection,Pluie légère,Autre collision,,,,,,,,,,,1,1,1,2.0,6.0
201800010738,0018-07-08 18:05:00,18,7,8,18,5,520,286,D 225,48.32622,5.3785,Plein jour,Hors agglomération,Hors intersection,Normale,Sans collision,,,,,,,,,,,1,1,1,1.0,7.0
201800010739,0018-12-01 16:16:00,18,12,1,16,16,520,342,D427,48.37696,5.40801,Crépuscule ou aube,Hors agglomération,Hors intersection,Normale,Autre collision,,,,,,,,,,,2,1,1,1.0,6.0
201800010740,0018-12-11 17:45:00,18,12,11,17,45,520,423,RD674,48.26165,5.35046,Nuit sans éclairage public,Hors agglomération,Hors intersection,Normale,Deux véhicules - frontale,,,,,,,,,,,3,1,1,1.0,1.0
201800010741,0018-04-25 12:00:00,18,4,25,12,0,520,524,RN 67 PK 52+300,48.28024,5.09019,Plein jour,Hors agglomération,Hors intersection,Normale,Trois véhicules et plus - collisions multiples,,,,,,,,,,,1,1,1,1.0,5.0
201800010742,0018-07-17 17:15:00,18,7,17,17,15,520,253,route d'andelot,48.18382,4.98018,Plein jour,En agglomération,Hors intersection,Normale,Autre collision,,,,,,,,,,,1,2,1,1.0,6.0
201800010743,0018-07-26 19:20:00,18,7,26,19,20,520,251,RD 109,48.15274,5.09009,Plein jour,Hors agglomération,Hors intersection,Normale,Autre collision,,,,,,,,,,,1,1,1,1.0,6.0
201800010744,0018-08-23 06:20:00,18,8,23,6,20,520,548,RN 67,48.23966,5.11651,Crépuscule ou aube,Hors agglomération,Hors intersection,Normale,Autre collision,,,,,,,,,,,2,1,1,1.0,6.0
201800010745,0018-10-11 04:30:00,18,10,11,4,30,520,260,RN 67,48.21209,5.12497,Nuit sans éclairage public,Hors agglomération,Giratoire,Normale,Sans collision,,,,,,,,,,,3,1,6,1.0,7.0
201800010746,0018-10-20 17:45:00,18,10,20,17,45,520,548,RN.67,48.23072,5.11847,Plein jour,Hors agglomération,Intersection en X,Temps éblouissant,Deux véhicules - côté,,,,,,,,,,,1,1,2,7.0,3.0
201800010747,0018-12-14 15:20:00,18,12,14,15,20,520,58,RD 44 - PK 11+300,48.20499,5.16095,Plein jour,Hors agglomération,Hors intersection,Normale,Sans collision,,,,,,,,,,,1,1,1,1.0,7.0
201800010748,0018-04-20 18:00:00,18,4,20,18,0,520,242,D280 - TROISCHAMPS,47.87169,5.51658,Plein jour,Hors agglomération,Hors intersection,Normale,Sans collision,,,,,,,,,,,1,1,1,1.0,7.0
201800010749,0018-05-18 18:30:00,18,5,18,18,30,520,60,Rue Amiral Pierre,47.95166,5.7489,Plein jour,En agglomération,Hors intersection,Normale,Autre collision,,,,,,,,,,,1,2,1,1.0,6.0
201800010750,0018-07-02 13:00:00,18,7,2,13,0,520,242,Intersection D26-D308B,47.8314,5.51973,Plein jour,En agglomération,Intersection en T,Normale,Autre collision,,,,,,,,,,,1,2,3,1.0,6.0
201800010751,0018-07-14 21:00:00,18,7,14,21,0,520,60,RD 460 - GENRUPT,47.92057,5.75354,Plein jour,Hors agglomération,Hors intersection,Normale,Autre collision,,,,,,,,,,,1,1,1,1.0,6.0
201800010752,0018-10-03 16:25:00,18,10,3,16,25,520,208,D417 - Route de Chatillo,47.94221,5.83877,Plein jour,En agglomération,Hors intersection,Pluie légère,Sans collision,,,,,,,,,,,1,2,1,2.0,7.0
201800010753,0018-10-26 07:20:00,18,10,26,7,20,520,504,D14,47.89401,5.62819,Nuit sans éclairage public,Hors agglomération,Hors intersection,Brouillard / fumée,Autre collision,,,,,,,,,,,3,1,1,5.0,6.0
201800010754,0018-11-02 14:30:00,18,11,2,14,30,520,60,corrigé xy et sens,47.95554,5.72224,Plein jour,Hors agglomération,Hors intersection,Normale,Deux véhicules - arrière,,,,,,,,,,,1,1,1,1.0,2.0
201800010755,0018-03-04 14:40:00,18,3,4,14,40,520,93,D 125C,47.78201,5.47507,Plein jour,Hors agglomération,Hors intersection,Pluie légère,Autre collision,,,,,,,,,,,1,1,1,2.0,6.0
201800010756,0018-05-15 17:40:00,18,5,15,17,40,520,493,D460,47.70262,5.58214,Plein jour,Hors agglomération,Hors intersection,Normale,Autre collision,,,,,,,,,,,1,1,1,1.0,6.0
201800010757,0018-05-27 16:00:00,18,5,27,16,0,520,388,RD460 PR19+700,47.8136,5.66925,Plein jour,Hors agglomération,Intersection en Y,Normale,Autre collision,,,,,,,,,,,1,1,4,1.0,6.0
201800010758,0018-05-31 20:20:00,18,5,31,20,20,520,464,D7,47.71211,5.52105,Plein jour,Hors agglomération,Hors intersection,Normale,Sans collision,,,,,,,,,,,1,1,1,1.0,7.0
201800010759,0018-06-03 12:00:00,18,6,3,12,0,520,93,62 rue de la république,47.80687,5.44484,Plein jour,En agglomération,Hors intersection,Normale,Autre collision,,,,,,,,,,,1,2,1,1.0,6.0
201800010760,0018-06-24 03:50:00,18,6,24,3,50,520,83,25 rue du Baron de l'Hor,47.75067,5.54933,Nuit avec éclairage non allumé,En agglomération,Hors intersection,Normale,Autre collision,,,,,,,,,,,4,2,1,1.0,6.0
201800010761,0018-06-29 22:40:00,18,6,29,22,40,520,93,rue marceau,47.80186,5.42635,Nuit sans éclairage public,En agglomération,Hors intersection,Normale,Deux véhicules - côté,,,,,,,,,,,3,2,1,1.0,3.0
201800010762,0018-12-11 08:45:00,18,12,11,8,45,520,438,RN19 PR 84+975,47.80749,5.555,Plein jour,Hors agglomération,Hors intersection,Brouillard / fumée,Deux véhicules - frontale,,,,,,,,,,,1,1,1,5.0,1.0
201800010763,0018-02-14 20:00:00,18,2,14,20,0,140,304,CD 579,49.3707,0.21965,Nuit sans éclairage public,Hors agglomération,Hors intersection,Pluie forte,Autre collision,,,,,,,,,,,3,1,1,3.0,6.0
201800010764,0018-02-27 10:00:00,18,2,27,10,0,140,243,CD 579,49.4001,0.21824,Plein jour,Hors agglomération,Hors intersection,Temps éblouissant,Autre collision,,,,,,,,,,,1,1,1,7.0,6.0
201800010765,0018-03-16 16:35:00,18,3,16,16,35,140,333,ECOLE BEAULIEU (PARKING),,,Plein jour,En agglomération,Hors intersection,Normale,Autre collision,,,,,,,,,,,1,2,1,1.0,6.0
201800010766,0018-03-19 13:53:00,18,3,19,13,53,140,333,"55, REPUBLIQUE (RUE DE L",49.4174,0.23102,Plein jour,En agglomération,Hors intersection,Normale,Sans collision,,,,,,,,,,,1,2,1,1.0,7.0
201800010767,0018-03-21 17:35:00,18,3,21,17,35,140,333,LEPAULMIER (QUAI),49.4187,0.23631,Plein jour,En agglomération,Hors intersection,Normale,Deux véhicules - arrière,,,,,,,,,,,1,2,1,1.0,2.0
201800010768,0018-03-31 18:23:00,18,3,31,18,23,140,333,BOURDET (CH.DE LA CHARRI,49.4047,0.23142,Plein jour,Hors agglomération,Intersection en Y,Pluie légère,Deux véhicules - côté,,,,,,,,,,,1,1,4,2.0,3.0
201800010769,0018-05-07 22:30:00,18,5,7,22,30,140,333,JEAN DE VIENNE (COURS),49.41578,0.24563,Nuit avec éclairage allumé,Hors agglomération,Hors intersection,Normale,Deux véhicules - arrière,,,,,,,,,,,5,1,1,1.0,2.0
201800010770,0018-05-09 18:40:00,18,5,9,18,40,140,333,JEAN DE VIENNE (COURS),49.416,0.2441,Plein jour,En agglomération,Autre intersection,Normale,Deux véhicules - arrière,,,,,,,,,,,1,2,9,1.0,2.0
201800010771,0018-05-26 01:15:00,18,5,26,1,15,140,243,COTE (LE HAUT DE LA),49.39892,0.21458,Nuit avec éclairage allumé,En agglomération,Intersection en Y,Pluie légère,Autre collision,,,,,,,,,,,5,2,4,2.0,6.0
201800010772,0018-05-29 17:20:00,18,5,29,17,20,140,243,CD 62,49.39659,0.19429,Plein jour,Hors agglomération,Autre intersection,Temps couvert,Sans collision,,,,,,,,,,,1,1,9,8.0,7.0
201800010773,0018-06-19 23:10:00,18,6,19,23,10,140,333,BUQUET (CHEMIN DU),49.40764,0.23963,Nuit avec éclairage allumé,En agglomération,Hors intersection,Normale,Sans collision,,,,,,,,,,,5,2,1,1.0,7.0
201800010774,0018-07-24 12:30:00,18,7,24,12,30,140,333,CARNOT (ROND POINT),49.41759,0.24017,Plein jour,En agglomération,Autre intersection,Temps éblouissant,Deux véhicules - côté,,,,,,,,,,,1,2,9,7.0,3.0
201800010775,0018-07-29 16:59:00,18,7,29,16,59,140,333,VASSALE (COTE),49.4157,0.2376,Plein jour,En agglomération,Hors intersection,Temps couvert,Sans collision,,,,,,,,,,,1,2,1,8.0,7.0
201800010776,0018-08-16 18:45:00,18,8,16,18,45,140,1,CD 140,49.38697,0.27622,Plein jour,Hors agglomération,Hors intersection,Normale,Autre collision,,,,,,,,,,,1,1,1,1.0,6.0
201800010777,0018-08-28 11:50:00,18,8,28,11,50,140,333,HAUTE (RUE),49.42432,0.22874,Plein jour,En agglomération,Place,Normale,Autre collision,,,,,,,,,,,1,2,7,1.0,6.0
201800010778,0018-09-06 19:05:00,18,9,6,19,5,140,536,CD 580,49.41161,0.25257,Plein jour,En agglomération,Giratoire,Normale,Deux véhicules - arrière,,,,,,,,,,,1,2,6,1.0,2.0
201800010779,0018-09-13 18:00:00,18,9,13,18,0,140,333,JEAN DE VIENNE (COURS),49.41436,0.24677,Plein jour,En agglomération,Hors intersection,Normale,Autre collision,,,,,,,,,,,1,2,1,1.0,6.0
201800010780,0018-10-19 16:56:00,18,10,19,16,56,140,536,CD 580,49.4115,0.25204,Plein jour,En agglomération,Giratoire,Temps éblouissant,Trois véhicules et plus - en chaîne,,,,,,,,,,,1,2,6,7.0,4.0
201800010781,0018-11-15 15:25:00,18,11,15,15,25,140,333,PIRON (AVENUE DE LA BRIG,49.40061,0.23861,Plein jour,En agglomération,Intersection en Y,Normale,Deux véhicules - côté,,,,,,,,,,,1,2,4,1.0,3.0
201800010782,0018-06-24 17:41:00,18,6,24,17,41,520,529,D 128,47.73068,5.32338,Plein jour,Hors agglomération,Hors intersection,Normale,Deux véhicules - frontale,,,,,,,,,,,1,1,1,1.0,1.0
201800010783,0018-07-21 08:45:00,18,7,21,8,45,520,405,D300,47.67018,5.31292,Plein jour,Hors agglomération,Hors intersection,Normale,Deux véhicules - arrière,,,,,,,,,,,1,1,1,1.0,2.0
201800010784,0018-07-23 19:15:00,18,7,23,19,15,520,70,CD 428 PK 32+250,47.81349,5.28556,Plein jour,Hors agglomération,Autre intersection,Normale,Deux véhicules - arrière,,,,,,,,,,,1,1,9,1.0,2.0
201800010785,0018-11-28 18:50:00,18,11,28,18,50,520,35,D141,47.75303,5.26156,Nuit sans éclairage public,Hors agglomération,Hors intersection,Brouillard / fumée,Autre collision,,,,,,,,,,,3,1,1,5.0,6.0
201800010786,0018-03-14 12:00:00,18,3,14,12,0,520,189,BAAC fait par  SC,,,Plein jour,Hors agglomération,Hors intersection,,Sans collision,,,,,,,,,,,1,1,1,,7.0
201800010787,0018-03-08 12:00:00,18,3,8,12,0,520,529,BAAC fait par SC,,,Plein jour,Hors agglomération,Hors intersection,,Sans collision,,,,,,,,,,,1,1,1,,7.0
201800010788,0018-01-04 14:40:00,18,1,4,14,40,520,346,RN 67,48.38334,5.1548,Plein jour,Hors agglomération,Hors intersection,Pluie légère,Autre collision,,,,,,,,,,,1,1,1,2.0,6.0
201800010789,0018-01-14 13:40:00,18,1,14,13,40,520,265,rue de la gare,48.55111,5.07519,Plein jour,En agglomération,Hors intersection,Normale,Autre collision,,,,,,,,,,,1,2,1,1.0,6.0
201800010790,0018-02-16 18:45:00,18,2,16,18,45,520,44,D134 PR/PK 12.600,48.276,5.22905,Nuit sans éclairage public,Hors agglomération,Hors intersection,Normale,Deux véhicules - frontale,,,,,,,,,,,3,1,1,1.0,1.0
201800010791,0018-03-12 22:15:00,18,3,12,22,15,520,414,RN 67 - PK 18+700,48.52615,5.09016,Nuit sans éclairage public,Hors agglomération,Hors intersection,Temps couvert,Deux véhicules - arrière,,,,,,,,,,,3,1,1,8.0,2.0
201800010792,0018-06-02 15:15:00,18,6,2,15,15,520,265,Échangeur RN67 - RD335,48.54059,5.08546,Plein jour,Hors agglomération,Autre intersection,Normale,Autre collision,,,,,,,,,,,1,1,9,1.0,6.0
201800010793,0018-07-08 18:35:00,18,7,8,18,35,520,194,Départementale 8,48.56591,5.05562,Plein jour,Hors agglomération,Hors intersection,Normale,Autre collision,,,,,,,,,,,1,1,1,1.0,6.0
201800010794,0018-07-17 13:15:00,18,7,17,13,15,520,442,D117,48.41868,5.12072,Plein jour,Hors agglomération,Hors intersection,Normale,Sans collision,,,,,,,,,,,1,1,1,1.0,7.0
201800010795,0018-10-13 00:20:00,18,10,13,0,20,520,429,au téléphone sans le ten,48.60315,5.03089,Nuit sans éclairage public,Hors agglomération,Hors intersection,Normale,Trois véhicules et plus - en chaîne,,,,,,,,,,,3,1,1,1.0,4.0
201800010796,0018-11-17 15:00:00,18,11,17,15,0,520,250,Av. Irma Masson,48.43502,5.13773,Plein jour,En agglomération,Hors intersection,Normale,Sans collision,,,,,,,,,,,1,2,1,1.0,7.0
201800010797,0018-01-02 12:45:00,18,1,2,12,45,520,497,D213 VILLIERS AUX BOIS,48.52132,4.97403,Plein jour,Hors agglomération,Hors intersection,Temps couvert,Deux véhicules - frontale,,,,,,,,,,,1,1,1,8.0,1.0
201800010798,0018-05-06 07:05:00,18,5,6,7,5,520,550,rue de la digue,48.49248,4.94721,Plein jour,En agglomération,Hors intersection,Normale,Autre collision,,,,,,,,,,,1,2,1,1.0,6.0
201800010799,0018-05-15 19:00:00,18,5,15,19,0,520,198,RD 247 - PK 10+200,48.47903,5.04035,Plein jour,Hors agglomération,Hors intersection,Pluie forte,Deux véhicules - frontale,,,,,,,,,,,1,1,1,3.0,1.0
201800010800,0018-10-13 08:10:00,18,10,13,8,10,520,550,Départemental 4,48.49333,4.89508,Plein jour,Hors agglomération,Hors intersection,Normale,Sans collision,,,,,,,,,,,1,1,1,1.0,7.0
201800010801,0018-10-13 09:05:00,18,10,13,9,5,520,497,D213,48.53789,4.98219,Plein jour,Hors agglomération,Hors intersection,Normale,Autre collision,,,,,,,,,,,1,1,1,1.0,6.0
201800010802,0018-05-16 13:55:00,18,5,16,13,55,480,16,RD986 PK 01+900,44.45791,3.45114,Plein jour,Hors agglomération,Hors intersection,Normale,Sans collision,,,,,,,,,,,1,1,1,1.0,7.0
201800010803,0018-07-06 14:10:00,18,7,6,14,10,480,37,RD 901,44.512,3.64051,Plein jour,Hors agglomération,Hors intersection,Normale,Sans collision,,,,,,,,,,,1,1,1,1.0,7.0
201800010804,0018-07-26 06:50:00,18,7,26,6,50,480,13,"D901, lieu-dit NOJARET",44.53433,3.57675,Crépuscule ou aube,Hors agglomération,Hors intersection,Normale,Autre collision,,,,,,,,,,,2,1,1,1.0,6.0
201800010805,0018-08-16 20:15:00,18,8,16,20,15,480,157,RD 901 PR 49,44.51941,3.60258,Plein jour,Hors agglomération,Hors intersection,Normale,Autre collision,,,,,,,,,,,1,1,1,1.0,6.0
201800010806,0018-08-20 08:00:00,18,8,20,8,0,480,189,Baraque de la Grange - I,44.6122,3.42325,Plein jour,Hors agglomération,Intersection en X,Normale,Deux véhicules - côté,,,,,,,,,,,1,1,2,1.0,3.0
201800010807,0018-10-08 00:50:00,18,10,8,0,50,480,127,Baraque du Gévaudan CD80,44.64029,3.47411,Nuit sans éclairage public,Hors agglomération,Hors intersection,Pluie légère,Sans collision,,,,,,,,,,,3,1,1,2.0,7.0
201800010808,0018-10-26 15:50:00,18,10,26,15,50,480,147,RD 25 PR 13+620,44.44054,3.53852,Plein jour,Hors agglomération,Hors intersection,Normale,Deux véhicules - frontale,,,,,,,,,,,1,1,1,1.0,1.0
201800010809,0018-12-29 00:01:00,18,12,29,0,1,480,3,D27,44.53949,3.65987,Nuit sans éclairage public,Hors agglomération,Hors intersection,Normale,Sans collision,,,,,,,,,,,3,1,1,1.0,7.0
201800010810,0018-05-23 15:15:00,18,5,23,15,15,480,86,Lieu- dit L'ESTEVENES D,44.68772,3.87514,Plein jour,Hors agglomération,Hors intersection,Normale,Deux véhicules - arrière,,,,,,,,,,,1,1,1,1.0,2.0
201800010811,0018-06-04 15:00:00,18,6,4,15,0,480,43,"RN 88, PK 23, Lieu dit l",44.62498,3.67363,Plein jour,Hors agglomération,Hors intersection,Temps couvert,Sans collision,,,,,,,,,,,1,1,1,8.0,7.0
201800010812,0018-06-11 16:30:00,18,6,11,16,30,480,10,chemin croix d'herbouzac,44.75939,3.73305,Plein jour,Hors agglomération,Intersection en Y,Pluie légère,Deux véhicules - côté,,,,,,,,,,,1,1,4,2.0,3.0
201800010813,0018-06-15 08:35:00,18,6,15,8,35,480,150,Intersection RN 88 et RD,44.68149,3.82968,Plein jour,Hors agglomération,Intersection en T,Normale,Deux véhicules - côté,,,,,,,,,,,1,1,3,1.0,3.0
201800010814,0018-07-06 13:10:00,18,7,6,13,10,480,70,D5,44.78591,3.62934,Plein jour,Hors agglomération,Hors intersection,Normale,Sans collision,,,,,,,,,,,1,1,1,1.0,7.0
201800010815,0018-08-11 16:00:00,18,8,11,16,0,480,82,le hameau GOURGON,44.6014,3.6669,Plein jour,En agglomération,Intersection en Y,Normale,Sans collision,,,,,,,,,,,1,2,4,1.0,7.0
201800010816,0018-08-19 17:35:00,18,8,19,17,35,480,108,D 34 Lieu dit LE VIALA,44.71606,3.61117,Plein jour,Hors agglomération,Hors intersection,Normale,Deux véhicules - frontale,,,,,,,,,,,1,1,1,1.0,1.0
201800010817,0018-08-31 09:28:00,18,8,31,9,28,480,45,RN 88,44.65876,3.7497,Plein jour,Hors agglomération,Hors intersection,Normale,Deux véhicules - frontale,,,,,,,,,,,1,1,1,1.0,1.0
201800010818,0018-09-05 09:30:00,18,9,5,9,30,480,129,RN 88 PK 08+600,44.70315,3.78612,Plein jour,Hors agglomération,Intersection en T,Temps éblouissant,Deux véhicules - arrière,,,,,,,,,,,1,1,3,7.0,2.0
201800010819,0018-09-08 16:00:00,18,9,8,16,0,480,80,boulevard Charles de Gau,44.72594,3.85495,Plein jour,En agglomération,Hors intersection,Temps éblouissant,Autre collision,,,,,,,,,,,1,2,1,7.0,6.0
201800010820,0018-10-20 02:20:00,18,10,20,2,20,480,184,Lieu dit Donaldes- RD 98,44.84995,3.60276,Nuit sans éclairage public,Hors agglomération,Hors intersection,Brouillard / fumée,Autre collision,,,,,,,,,,,3,1,1,5.0,6.0
201800010821,0018-11-16 19:00:00,18,11,16,19,0,480,82,RN 88,44.59469,3.64334,Nuit sans éclairage public,Hors agglomération,Hors intersection,Normale,Sans collision,,,,,,,,,,,3,1,1,1.0,7.0
201800010822,0018-12-15 10:15:00,18,12,15,10,15,480,80,Route de la tuilerie,44.72449,3.84042,Plein jour,En agglomération,Hors intersection,Normale,Deux véhicules - côté,,,,,,,,,,,1,2,1,1.0,3.0
201800010823,0018-12-26 17:08:00,18,12,26,17,8,480,174,Route départementale 5 P,44.80197,3.56556,Crépuscule ou aube,Hors agglomération,Hors intersection,Normale,Sans collision,,,,,,,,,,,2,1,1,1.0,7.0
201800010824,0018-02-25 15:45:00,18,2,25,15,45,480,75,CD 907 bis,44.37543,3.54276,Plein jour,Hors agglomération,Hors intersection,Normale,Trois véhicules et plus - collisions multiples,,,,,,,,,,,1,1,1,1.0,5.0
201800010825,0018-08-19 16:35:00,18,8,19,16,35,480,166,"Croisement N106, la vale",44.6858,3.807,Plein jour,Hors agglomération,Intersection en T,Normale,Deux véhicules - côté,,,,,,,,,,,1,1,3,1.0,3.0
201800010826,0018-08-25 11:20:00,18,8,25,11,20,480,75,RD 31,44.40631,3.51408,Plein jour,Hors agglomération,Hors intersection,Temps couvert,Deux véhicules - frontale,,,,,,,,,,,1,1,1,8.0,1.0
201800010827,0018-10-12 13:15:00,18,10,12,13,15,480,75,Les combettes,44.40288,3.58111,Plein jour,Hors agglomération,Hors intersection,Pluie légère,Sans collision,,,,,,,,,,,1,1,1,2.0,7.0
201800010828,0018-11-13 13:30:00,18,11,13,13,30,480,22,RD998,44.35418,3.63221,Plein jour,Hors agglomération,Hors intersection,Temps couvert,Deux véhicules - frontale,,,,,,,,,,,1,1,1,8.0,1.0
201800010829,0018-06-30 19:15:00,18,6,30,19,15,480,19,Grande rue,44.24991,3.64952,Plein jour,En agglomération,Autre intersection,Normale,Sans collision,,,,,,,,,,,1,2,9,1.0,7.0
201800010830,0018-07-02 15:30:00,18,7,2,15,30,480,97,CD 9,44.15782,3.79151,Plein jour,Hors agglomération,Hors intersection,Normale,Sans collision,,,,,,,,,,,1,1,1,1.0,7.0
201800010831,0018-08-15 11:30:00,18,8,15,11,30,480,178,"N106, PR:013+400",44.27147,3.8514,Plein jour,Hors agglomération,Hors intersection,Normale,Sans collision,,,,,,,,,,,1,1,1,1.0,7.0
201800010832,0018-09-22 12:45:00,18,9,22,12,45,480,97,PK 22+300 - RD 9,44.15782,3.79151,Plein jour,Hors agglomération,Hors intersection,Normale,Sans collision,,,,,,,,,,,1,1,1,1.0,7.0
201800010833,0018-05-05 14:35:00,18,5,5,14,35,480,96,RD 57 LIEU DIT POURCARES,44.165,3.4592,Plein jour,Hors agglomération,Hors intersection,Normale,Sans collision,,,,,,,,,,,1,1,1,1.0,7.0
201800010834,0018-05-21 16:50:00,18,5,21,16,50,480,122,RD 907bis,44.35079,3.51037,Plein jour,Hors agglomération,Hors intersection,Normale,Deux véhicules - frontale,,,,,,,,,,,1,1,1,1.0,1.0
201800010835,0018-06-30 19:00:00,18,6,30,19,0,480,154,les detroits,44.33495,3.23543,Plein jour,Hors agglomération,Hors intersection,Temps éblouissant,Sans collision,,,,,,,,,,,1,1,1,7.0,7.0
201800010836,0018-07-08 12:30:00,18,7,8,12,30,480,88,Malene le village,44.30203,3.31369,Plein jour,En agglomération,Hors intersection,Normale,Deux véhicules - arrière,,,,,,,,,,,1,2,1,1.0,2.0
201800010837,0018-07-25 14:13:00,18,7,25,14,13,480,96,D986 pk 53+290,44.15711,3.43039,Plein jour,Hors agglomération,Hors intersection,Normale,Sans collision,,,,,,,,,,,1,1,1,1.0,7.0
201800010838,0018-08-08 16:40:00,18,8,8,16,40,480,96,D996,44.19792,3.45143,Plein jour,Hors agglomération,Hors intersection,Normale,Sans collision,,,,,,,,,,,1,1,1,1.0,7.0
201800010839,0018-08-20 16:15:00,18,8,20,16,15,480,122,RD907bis,44.35079,3.51037,Plein jour,Hors agglomération,Hors intersection,Normale,Sans collision,,,,,,,,,,,1,1,1,1.0,7.0
201800010840,0018-08-22 18:30:00,18,8,22,18,30,480,94,"CD 907 bis, Les vignes",44.2722,3.22567,Plein jour,Hors agglomération,Hors intersection,Normale,Autre collision,,,,,,,,,,,1,1,1,1.0,6.0
201800010841,0018-09-16 17:00:00,18,9,16,17,0,480,69,"RD 18; PK 14,100",44.21239,3.47736,Plein jour,Hors agglomération,Hors intersection,Normale,Sans collision,,,,,,,,,,,1,1,1,1.0,7.0
201800010842,0018-10-28 16:00:00,18,10,28,16,0,480,146,PK22+500m,44.38887,3.44863,Plein jour,Hors agglomération,Hors intersection,Temps couvert,Sans collision,,,,,,,,,,,1,1,1,8.0,7.0
201800010843,0018-11-07 19:10:00,18,11,7,19,10,480,154,D32 Pk 18+190,44.35494,3.25126,Nuit sans éclairage public,Hors agglomération,Hors intersection,Pluie légère,Autre collision,,,,,,,,,,,3,1,1,2.0,6.0
201800010844,0018-01-03 22:15:00,18,1,3,22,15,480,92,RdPt-Avenue Pierre Sémar,44.54441,3.28124,Nuit avec éclairage allumé,En agglomération,Giratoire,Pluie légère,Autre collision,,,,,,,,,,,5,2,6,2.0,6.0
201800010845,0018-03-19 14:20:00,18,3,19,14,20,480,56,route du Fiou,44.48347,3.36117,Plein jour,En agglomération,Hors intersection,Normale,Deux véhicules - côté,,,,,,,,,,,1,2,1,1.0,3.0
201800010846,0018-06-10 05:45:00,18,6,10,5,45,480,72,RD 808,44.51167,3.32077,Plein jour,Hors agglomération,Hors intersection,Normale,Sans collision,,,,,,,,,,,1,1,1,1.0,7.0
201800010847,0018-06-22 09:30:00,18,6,22,9,30,480,165,D900,44.61304,3.19085,Plein jour,Hors agglomération,Hors intersection,Normale,Sans collision,,,,,,,,,,,1,1,1,1.0,7.0
201800010848,0018-06-23 16:00:00,18,6,23,16,0,480,34,Lieu dit le pavillon,44.3905,3.29152,Plein jour,Hors agglomération,Hors intersection,Normale,Sans collision,,,,,,,,,,,1,1,1,1.0,7.0
201800010849,0018-08-06 20:30:00,18,8,6,20,30,480,39,Lieu-dit LE LIEURAN,44.45997,3.4039,Plein jour,Hors agglomération,Hors intersection,Normale,Deux véhicules - côté,,,,,,,,,,,1,1,1,1.0,3.0
201800010850,0018-08-11 11:50:00,18,8,11,11,50,480,18,RN 88 / RD 808,44.5004,3.3988,Plein jour,Hors agglomération,Intersection en T,Normale,Deux véhicules - frontale,,,,,,,,,,,1,1,3,1.0,1.0
201800010851,0018-09-22 22:15:00,18,9,22,22,15,480,92,chemin de l'empery,44.55212,3.31492,Nuit sans éclairage public,En agglomération,Hors intersection,Normale,Sans collision,,,,,,,,,,,3,2,1,1.0,7.0
201800010852,0018-10-04 09:15:00,18,10,4,9,15,480,39,intersection RN88 - RD1,44.47143,3.33568,Plein jour,Hors agglomération,Intersection en T,Normale,Deux véhicules - frontale,,,,,,,,,,,1,1,3,1.0,1.0
201800010853,0018-11-19 17:50:00,18,11,19,17,50,480,32,D809,44.61895,3.26303,Nuit sans éclairage public,Hors agglomération,Intersection en X,Pluie légère,Deux véhicules - arrière,,,,,,,,,,,3,1,2,2.0,2.0
201800010854,0018-12-04 08:45:00,18,12,4,8,45,480,156,Route départementale 52,44.46209,3.19641,Plein jour,Hors agglomération,Hors intersection,Pluie légère,Deux véhicules - côté,,,,,,,,,,,1,1,1,2.0,3.0
201800010855,0018-02-04 20:00:00,18,2,4,20,0,480,123,D 12,44.70033,3.03153,Nuit sans éclairage public,Hors agglomération,Hors intersection,Normale,Sans collision,,,,,,,,,,,3,1,1,1.0,7.0
201800010856,0018-10-01 14:20:00,18,10,1,14,20,480,190,D989,44.81118,3.17341,Plein jour,Hors agglomération,Hors intersection,Normale,Sans collision,,,,,,,,,,,1,1,1,1.0,7.0
201800010857,0018-10-05 19:10:00,18,10,5,19,10,480,87,RD 987,44.69667,3.10831,Crépuscule ou aube,Hors agglomération,Hors intersection,Normale,Sans collision,,,,,,,,,,,2,1,1,1.0,7.0
201800010858,0018-06-03 22:00:00,18,6,3,22,0,480,140,RD 75,44.81327,3.27861,Nuit avec éclairage allumé,Hors agglomération,Hors intersection,Temps couvert,Sans collision,,,,,,,,,,,5,1,1,8.0,7.0
201800010859,0018-07-23 08:10:00,18,7,23,8,10,480,9,D987,44.70701,3.18884,Plein jour,Hors agglomération,Hors intersection,Normale,Autre collision,,,,,,,,,,,1,1,1,1.0,6.0