accident_id,datetime,annee,mois,jour,heure,minute,departement,commune_insee,adresse,latitude,longitude,luminosite,agglomeration,intersection,meteo,collision,nb_vehicules,nb_usagers,nb_indemnes,nb_tues,nb_blesses_hosp,nb_blesses_legers,age_cond_1,age_cond_2,veh_type_cond_1,veh_type_cond_2,lum_code,agg_code,int_code,atm_code,col_code
201800010982,0018-02-16 10:40:00,18,2,16,10,40,300,133,Quai Colbert,43.53724,4.13764,Plein jour,En agglomération,Intersection en X,Normale,Autre collision,,,,,,,,,,,1,2,2,1.0,6.0
201800010983,0018-02-23 18:15:00,18,2,23,18,15,300,3,Rond point CD 48 et CD 5,43.54424,4.20262,Crépuscule ou aube,En agglomération,Hors intersection,Normale,Trois véhicules et plus - collisions multiples,,,,,,,,,,,2,2,1,1.0,5.0
201800010984,0018-03-18 02:50:00,18,3,18,2,50,300,3,CD n° 61 PK 12+940,43.54424,4.20262,Nuit sans éclairage public,Hors agglomération,Hors intersection,Normale,Trois véhicules et plus - collisions multiples,,,,,,,,,,,3,1,1,1.0,5.0
201800010985,0018-03-28 13:30:00,18,3,28,13,30,300,133,03 route des marines,43.51231,4.13715,Plein jour,En agglomération,Hors intersection,Normale,Deux véhicules - arrière,,,,,,,,,,,1,2,1,1.0,2.0
201800010986,0018-03-30 21:10:00,18,3,30,21,10,300,3,D979,43.56307,4.18558,Nuit sans éclairage public,En agglomération,Hors intersection,Pluie forte,Autre collision,,,,,,,,,,,3,2,1,3.0,6.0
201800010987,0018-05-01 07:30:00,18,5,1,7,30,300,276,D46,43.6388,4.19245,Plein jour,Hors agglomération,Hors intersection,Pluie légère,Deux véhicules - côté,,,,,,,,,,,1,1,1,2.0,3.0
201800010988,0018-05-18 09:50:00,18,5,18,9,50,300,133,D62B - giratoire avenue,43.53936,4.14351,Plein jour,En agglomération,Giratoire,Normale,Deux véhicules - côté,,,,,,,,,,,1,2,6,1.0,3.0
201800010989,0018-06-13 16:30:00,18,6,13,16,30,300,3,D46,43.58066,4.20515,Plein jour,Hors agglomération,Hors intersection,Normale,Trois véhicules et plus - collisions multiples,,,,,,,,,,,1,1,1,1.0,5.0
201800010990,0018-07-21 18:45:00,18,7,21,18,45,300,133,avenue de Camargue,43.53274,4.14081,Plein jour,En agglomération,Hors intersection,Normale,Autre collision,,,,,,,,,,,1,2,1,1.0,6.0
201800010991,0018-07-21 23:10:00,18,7,21,23,10,300,133,d 62,43.52426,4.14529,Nuit avec éclairage allumé,En agglomération,Hors intersection,Normale,Autre collision,,,,,,,,,,,5,2,1,1.0,6.0
201800010992,0018-07-25 09:10:00,18,7,25,9,10,300,3,D979 - ROUTE DE NIMES -,43.56893,4.1958,Plein jour,En agglomération,Hors intersection,Normale,Sans collision,,,,,,,,,,,1,2,1,1.0,7.0
201800010993,0018-08-08 15:00:00,18,8,8,15,0,300,133,D62B - ENTRE LE ROND-POI,43.48109,4.20406,Plein jour,Hors agglomération,Hors intersection,Normale,Deux véhicules - frontale,,,,,,,,,,,1,1,1,1.0,1.0
201800010994,0018-08-04 12:00:00,18,8,4,12,0,300,133,D979 - ROUTE DES SALINS,43.54324,4.15059,Plein jour,Hors agglomération,Hors intersection,Normale,Deux véhicules - côté,,,,,,,,,,,1,1,1,1.0,3.0
201800010995,0018-09-06 09:45:00,18,9,6,9,45,300,276,D46,43.63871,4.19212,Plein jour,Hors agglomération,Hors intersection,Pluie légère,Deux véhicules - côté,,,,,,,,,,,1,1,1,2.0,3.0
201800010996,0018-09-15 19:05:00,18,9,15,19,5,300,133,RUE DU COMMANDANT MARCEA,43.53996,4.13455,Plein jour,En agglomération,Hors intersection,Normale,Autre collision,,,,,,,,,,,1,2,1,1.0,6.0
201800010997,0018-10-17 09:10:00,18,10,17,9,10,300,133,route département D62 B,43.53689,4.14529,Plein jour,Hors agglomération,Hors intersection,Pluie légère,Deux véhicules - arrière,,,,,,,,,,,1,1,1,2.0,2.0
201800010998,0018-12-04 16:15:00,18,12,4,16,15,300,3,D979,43.56912,4.19179,Plein jour,Hors agglomération,Autre intersection,Normale,Deux véhicules - arrière,,,,,,,,,,,1,1,9,1.0,2.0
201800010999,0018-01-06 07:50:00,18,1,6,7,50,370,50,AVENUE DU GRAND SUD,47.35097,0.70037,Nuit avec éclairage allumé,En agglomération,Intersection en X,Normale,Deux véhicules - côté,,,,,,,,,,,5,2,2,1.0,3.0
201800011000,0018-02-17 17:45:00,18,2,17,17,45,370,18,99 route des vallées,47.36557,0.63295,Plein jour,Hors agglomération,Hors intersection,Normale,Deux véhicules - frontale,,,,,,,,,,,1,1,1,1.0,1.0
201800011001,0018-03-06 14:55:00,18,3,6,14,55,370,99,RD 751,47.2964,0.54312,Plein jour,Hors agglomération,Hors intersection,Normale,Deux véhicules - arrière,,,,,,,,,,,1,1,1,1.0,2.0
201800011002,0018-04-25 17:15:00,18,4,25,17,15,370,50,RD 37,47.33259,0.6977,Plein jour,En agglomération,Giratoire,Normale,Deux véhicules - côté,,,,,,,,,,,1,2,6,1.0,3.0
201800011003,0018-05-11 10:55:00,18,5,11,10,55,370,50,avenue de la république,47.3469,0.70716,Plein jour,En agglomération,Intersection en X,Normale,Deux véhicules - côté,,,,,,,,,,,1,2,2,1.0,3.0
201800011004,0018-05-20 19:45:00,18,5,20,19,45,370,50,"48, rue charles coulomb",47.33328,0.70174,Plein jour,En agglomération,Giratoire,Normale,Autre collision,,,,,,,,,,,1,2,6,1.0,6.0
201800011005,0018-05-23 16:15:00,18,5,23,16,15,370,50,rue des Buissons,47.3424,0.70866,Plein jour,En agglomération,Intersection en T,Normale,Deux véhicules - côté,,,,,,,,,,,1,2,3,1.0,3.0
201800011006,0018-06-05 16:10:00,18,6,5,16,10,370,50,ave du général de Gaulle,47.34141,0.68929,Plein jour,En agglomération,Hors intersection,Normale,Autre collision,,,,,,,,,,,1,2,1,1.0,6.0
201800011007,0018-06-10 19:10:00,18,6,10,19,10,370,122,D37 - PK 9+350,47.35225,0.64598,Plein jour,Hors agglomération,Hors intersection,Normale,Sans collision,,,,,,,,,,,1,1,1,1.0,7.0
201800011008,0018-06-10 21:15:00,18,6,10,21,15,370,50,23 Avenue de la Républiq,47.31482,0.7114,Crépuscule ou aube,En agglomération,Intersection en X,Normale,Deux véhicules - côté,,,,,,,,,,,2,2,2,1.0,3.0
201800011009,0018-07-04 09:30:00,18,7,4,9,30,370,18,allée Brandon,47.34294,0.61606,Plein jour,En agglomération,Intersection en X,Normale,Autre collision,,,,,,,,,,,1,2,2,1.0,6.0
201800011010,0018-08-08 19:40:00,18,8,8,19,40,370,50,Avenue Alexandre Minkows,47.33243,0.68453,Plein jour,En agglomération,Hors intersection,Normale,Deux véhicules - côté,,,,,,,,,,,1,2,1,1.0,3.0
201800011011,0018-08-12 05:35:00,18,8,12,5,35,370,18,rond point du général de,47.33425,0.61265,Crépuscule ou aube,En agglomération,Giratoire,Normale,Sans collision,,,,,,,,,,,2,2,6,1.0,7.0
201800011012,0018-08-02 14:15:00,18,8,2,14,15,370,50,avenue de bordeaux,47.35045,0.70052,Plein jour,En agglomération,Hors intersection,Normale,Autre collision,,,,,,,,,,,1,2,1,1.0,6.0
201800011013,0018-08-17 18:15:00,18,8,17,18,15,370,50,avenue du grand sud,47.36227,0.69807,Plein jour,En agglomération,Giratoire,Normale,Deux véhicules - côté,,,,,,,,,,,1,2,6,1.0,3.0
201800011014,0018-10-09 13:30:00,18,10,9,13,30,370,50,06 avenue de la républiq,47.34537,0.71122,Plein jour,En agglomération,Autre intersection,Normale,Deux véhicules - côté,,,,,,,,,,,1,2,9,1.0,3.0
201800011015,0018-10-14 11:40:00,18,10,14,11,40,370,243,Rue de la Bijonnerie,47.34756,0.54797,Plein jour,En agglomération,Hors intersection,Normale,Deux véhicules - côté,,,,,,,,,,,1,2,1,1.0,3.0
201800011016,0018-10-27 14:35:00,18,10,27,14,35,370,50,avenue du grand sud,47.32119,0.70986,Plein jour,Hors agglomération,Giratoire,Normale,Deux véhicules - côté,,,,,,,,,,,1,1,6,1.0,3.0
201800011017,0018-10-31 10:50:00,18,10,31,10,50,370,50,Route de LOCHES,47.33539,0.73807,Plein jour,Hors agglomération,Giratoire,Temps couvert,Deux véhicules - côté,,,,,,,,,,,1,1,6,8.0,3.0
201800011018,0018-11-15 14:00:00,18,11,15,14,0,370,50,avenue du grand sud,47.34448,0.70237,Plein jour,En agglomération,Autre intersection,Normale,Deux véhicules - côté,,,,,,,,,,,1,2,9,1.0,3.0
201800011019,0018-11-19 16:20:00,18,11,19,16,20,370,18,Rue du général LECLERC,47.34256,0.61692,Plein jour,En agglomération,Hors intersection,Normale,Autre collision,,,,,,,,,,,1,2,1,1.0,6.0
201800011020,0018-11-23 17:20:00,18,11,23,17,20,370,18,la maison blanche,47.32117,0.59617,Crépuscule ou aube,Hors agglomération,Hors intersection,Normale,Deux véhicules - côté,,,,,,,,,,,2,1,1,1.0,3.0
201800011021,0018-01-18 07:25:00,18,1,18,7,25,370,151,rd 959,47.44659,0.61427,Nuit avec éclairage allumé,En agglomération,Autre intersection,Pluie légère,Autre collision,,,,,,,,,,,5,2,9,2.0,6.0
201800011022,0018-01-22 14:15:00,18,1,22,14,15,370,167,avenue de la Libération,47.5466,0.54489,Plein jour,En agglomération,Hors intersection,Temps couvert,Deux véhicules - arrière,,,,,,,,,,,1,2,1,8.0,2.0
201800011023,0018-01-25 14:56:00,18,1,25,14,56,370,151,RD959,47.44501,0.61864,Plein jour,Hors agglomération,Hors intersection,Pluie légère,Deux véhicules - frontale,,,,,,,,,,,1,1,1,2.0,1.0
201800011024,0018-02-04 11:30:00,18,2,4,11,30,370,54,D29 Chemin pierre couver,47.47474,0.68939,Plein jour,Hors agglomération,Hors intersection,Pluie légère,Sans collision,,,,,,,,,,,1,1,1,2.0,7.0
201800011025,0018-02-13 12:35:00,18,2,13,12,35,370,59,D938 - la touche,47.46415,0.62157,Plein jour,Hors agglomération,Hors intersection,Neige / grêle,Deux véhicules - arrière,,,,,,,,,,,1,1,1,4.0,2.0
201800011026,0018-02-23 08:20:00,18,2,23,8,20,370,152,La Buhardière,47.45155,0.6738,Plein jour,Hors agglomération,Intersection en X,Normale,Trois véhicules et plus - collisions multiples,,,,,,,,,,,1,1,2,1.0,5.0
201800011027,0018-03-02 23:30:00,18,3,2,23,30,370,213,La Malle Poste,47.63177,0.50265,Nuit sans éclairage public,Hors agglomération,Hors intersection,Pluie légère,Trois véhicules et plus - collisions multiples,,,,,,,,,,,3,1,1,2.0,5.0
201800011028,0018-04-06 23:20:00,18,4,6,23,20,370,245,RD 959 LE PILORI,47.47349,0.54405,Nuit sans éclairage public,Hors agglomération,Hors intersection,Normale,Deux véhicules - frontale,,,,,,,,,,,3,1,1,1.0,1.0
201800011029,0018-06-18 05:20:00,18,6,18,5,20,370,151,D959 - route de CHATEAU,47.44131,0.62705,Crépuscule ou aube,En agglomération,Hors intersection,Pluie légère,Sans collision,,,,,,,,,,,2,2,1,2.0,7.0
201800011030,0018-06-22 17:05:00,18,6,22,17,5,370,204,D2,47.52881,0.64042,Plein jour,Hors agglomération,Hors intersection,Normale,Autre collision,,,,,,,,,,,1,1,1,1.0,6.0
201800011031,0018-07-06 16:20:00,18,7,6,16,20,370,167,avenue de la liberation,47.5466,0.54489,Plein jour,En agglomération,Hors intersection,Normale,Deux véhicules - frontale,,,,,,,,,,,1,2,1,1.0,1.0
201800011032,0018-07-14 08:15:00,18,7,14,8,15,370,152,D2 - PK7+300,47.47135,0.66677,Plein jour,Hors agglomération,Hors intersection,Normale,Sans collision,,,,,,,,,,,1,1,1,1.0,7.0
201800011033,0018-07-23 07:45:00,18,7,23,7,45,370,54,D 29,47.47534,0.69546,Plein jour,Hors agglomération,Hors intersection,Normale,Deux véhicules - côté,,,,,,,,,,,1,1,1,1.0,3.0
201800011034,0018-07-23 18:00:00,18,7,23,18,0,370,245,La Carteroussière D28,47.5361,0.5975,Plein jour,Hors agglomération,Hors intersection,Normale,Deux véhicules - arrière,,,,,,,,,,,1,1,1,1.0,2.0
201800011035,0018-08-15 09:50:00,18,8,15,9,50,370,167,La Brodinière,47.54615,0.52293,Plein jour,Hors agglomération,Hors intersection,Temps couvert,Sans collision,,,,,,,,,,,1,1,1,8.0,7.0
201800011036,0018-08-30 13:15:00,18,8,30,13,15,370,249,la signal,47.50072,0.47293,Plein jour,Hors agglomération,Hors intersection,Normale,Deux véhicules - frontale,,,,,,,,,,,1,1,1,1.0,1.0
201800011037,0018-09-02 14:35:00,18,9,2,14,35,370,204,Croix Finet,47.50273,0.65184,Plein jour,Hors agglomération,Hors intersection,Normale,Sans collision,,,,,,,,,,,1,1,1,1.0,7.0
201800011038,0018-09-06 17:30:00,18,9,6,17,30,370,206,rue de la poste,47.49953,0.62982,Plein jour,En agglomération,Hors intersection,Normale,Sans collision,,,,,,,,,,,1,2,1,1.0,7.0
201800011039,0018-09-04 17:15:00,18,9,4,17,15,370,206,la maillotiere,47.5321,0.62323,Plein jour,Hors agglomération,Hors intersection,Normale,Autre collision,,,,,,,,,,,1,1,1,1.0,6.0
201800011040,0018-09-15 05:20:00,18,9,15,5,20,370,151,D959 direction Angers,47.44501,0.61864,Nuit avec éclairage allumé,En agglomération,Hors intersection,Normale,Autre collision,,,,,,,,,,,5,2,1,1.0,6.0
201800011041,0018-09-30 08:40:00,18,9,30,8,40,370,167,Lieu-dit la Ferretrie,47.53164,0.53178,Plein jour,Hors agglomération,Hors intersection,Normale,Autre collision,,,,,,,,,,,1,1,1,1.0,6.0
201800011042,0018-10-05 07:00:00,18,10,5,7,0,370,167,RD 938 - PK 15,47.52079,0.58261,Crépuscule ou aube,Hors agglomération,Hors intersection,Normale,Autre collision,,,,,,,,,,,2,1,1,1.0,6.0
201800011043,0018-11-03 20:09:00,18,11,3,20,9,370,152,d476,47.44576,0.66161,Nuit sans éclairage public,Hors agglomération,Hors intersection,Normale,Autre collision,,,,,,,,,,,3,1,1,1.0,6.0
201800011044,0018-11-24 14:00:00,18,11,24,14,0,370,231,rue des écoles,47.59909,0.48415,Plein jour,En agglomération,Hors intersection,Normale,Autre collision,,,,,,,,,,,1,2,1,1.0,6.0
201800011045,0018-12-02 15:00:00,18,12,2,15,0,370,206,27 route du Dolmen,47.48665,0.63731,Plein jour,En agglomération,Hors intersection,Pluie légère,Autre collision,,,,,,,,,,,1,2,1,2.0,6.0
201800011046,0018-12-19 15:25:00,18,12,19,15,25,370,245,D48,47.52725,0.61332,Plein jour,Hors agglomération,Hors intersection,Normale,Deux véhicules - frontale,,,,,,,,,,,1,1,1,1.0,1.0
201800011047,0018-01-08 12:30:00,18,1,8,12,30,370,251,RD 68 - PK 10+100,47.52593,0.41446,Plein jour,Hors agglomération,Hors intersection,Normale,Autre collision,,,,,,,,,,,1,1,1,1.0,6.0
201800011048,0018-01-18 08:30:00,18,1,18,8,30,370,109,route de la cheminée ron,47.40175,0.60458,Crépuscule ou aube,En agglomération,Hors intersection,Pluie forte,Autre collision,,,,,,,,,,,2,2,1,3.0,6.0
201800011049,0018-01-26 22:00:00,18,1,26,22,0,370,109,RD37,47.39482,0.6479,Nuit sans éclairage public,Hors agglomération,Hors intersection,Normale,Deux véhicules - côté,,,,,,,,,,,3,1,1,1.0,3.0
201800011050,0018-03-11 17:25:00,18,3,11,17,25,370,139,les Chenes Verts,47.38753,0.57092,Plein jour,En agglomération,Autre intersection,Normale,Deux véhicules - frontale,,,,,,,,,,,1,2,9,1.0,1.0
201800011051,0018-04-15 09:50:00,18,4,15,9,50,370,139,Lieu dit les Doguins,47.40213,0.55733,Plein jour,En agglomération,Intersection en T,Normale,Deux véhicules - frontale,,,,,,,,,,,1,2,3,1.0,1.0
201800011052,0018-05-18 11:50:00,18,5,18,11,50,370,109,Route départementale 952,47.38767,0.6162,Plein jour,Hors agglomération,Hors intersection,Normale,Trois véhicules et plus - collisions multiples,,,,,,,,,,,1,1,1,1.0,5.0
201800011053,0018-05-23 07:30:00,18,5,23,7,30,370,84,la roche blanche,47.56688,0.36844,Plein jour,Hors agglomération,Intersection en X,Normale,Deux véhicules - arrière,,,,,,,,,,,1,1,2,1.0,2.0
201800011054,0018-05-29 16:05:00,18,5,29,16,5,370,139,32 Avenue Louis Charles,47.3903,0.54759,Plein jour,En agglomération,Hors intersection,Normale,Autre collision,,,,,,,,,,,1,2,1,1.0,6.0
201800011055,0018-06-23 21:00:00,18,6,23,21,0,370,223,Intersection RD749 et ro,47.52339,0.29733,Plein jour,Hors agglomération,Intersection en T,Normale,Deux véhicules - côté,,,,,,,,,,,1,1,3,1.0,3.0
201800011056,0018-07-11 10:45:00,18,7,11,10,45,370,139,46 avenue Charles Albert,47.39119,0.54196,Plein jour,En agglomération,Hors intersection,Normale,Autre collision,,,,,,,,,,,1,2,1,1.0,6.0
201800011057,0018-07-16 19:00:00,18,7,16,19,0,370,2,Route départementale 3 -,47.45168,0.44539,Plein jour,En agglomération,Hors intersection,Normale,Autre collision,,,,,,,,,,,1,2,1,1.0,6.0
201800011058,0018-08-13 23:40:00,18,8,13,23,40,370,251,la longueraie,47.51621,0.40685,Nuit sans éclairage public,Hors agglomération,Intersection en T,Normale,Autre collision,,,,,,,,,,,3,1,3,1.0,6.0
201800011059,0018-09-12 20:40:00,18,9,12,20,40,370,62,"Rond point ""les enseigne",47.52675,0.32921,Nuit avec éclairage allumé,Hors agglomération,Giratoire,Normale,Autre collision,,,,,,,,,,,5,1,6,1.0,6.0
201800011060,0018-09-19 11:30:00,18,9,19,11,30,370,146,1 rue du Lude,47.55046,0.24114,Plein jour,En agglomération,Intersection en T,Normale,Autre collision,,,,,,,,,,,1,2,3,1.0,6.0
201800011061,0018-10-25 08:50:00,18,10,25,8,50,370,109,rue de tréché,47.41249,0.58153,Plein jour,Hors agglomération,Intersection en X,Normale,Deux véhicules - frontale,,,,,,,,,,,1,1,2,1.0,1.0
201800011062,0018-11-14 18:40:00,18,11,14,18,40,370,62,Avenue du Général LECLER,47.54731,0.32112,Nuit avec éclairage allumé,En agglomération,Intersection en T,Brouillard / fumée,Deux véhicules - côté,,,,,,,,,,,5,2,3,5.0,3.0
201800011063,0018-11-27 07:45:00,18,11,27,7,45,370,109,87 avenue du général de,47.40431,0.6193,Crépuscule ou aube,En agglomération,Intersection en X,Brouillard / fumée,Deux véhicules - côté,,,,,,,,,,,2,2,2,5.0,3.0
201800011064,0018-12-01 15:00:00,18,12,1,15,0,370,139,malitourne,47.42425,0.55645,Plein jour,Hors agglomération,Hors intersection,Pluie légère,Autre collision,,,,,,,,,,,1,1,1,2.0,6.0
201800011065,0018-02-11 00:15:00,18,2,11,0,15,370,267,D976 - D85,47.35704,0.81635,Nuit avec éclairage allumé,En agglomération,Autre intersection,Pluie légère,Deux véhicules - frontale,,,,,,,,,,,5,2,9,2.0,1.0
201800011066,0018-04-17 19:15:00,18,4,17,19,15,370,52,D46 rue de la mairie,47.44976,0.87059,Plein jour,En agglomération,Intersection en T,Normale,Deux véhicules - côté,,,,,,,,,,,1,2,3,1.0,3.0
201800011067,0018-04-29 12:30:00,18,4,29,12,30,370,267,route du Placier,47.33679,0.80139,Plein jour,Hors agglomération,Hors intersection,Normale,Autre collision,,,,,,,,,,,1,1,1,1.0,6.0
201800011068,0018-05-18 12:00:00,18,5,18,12,0,370,156,rue du clos du houx,47.38188,0.85447,Plein jour,En agglomération,Autre intersection,Normale,Sans collision,,,,,,,,,,,1,2,9,1.0,7.0
201800011069,0018-06-24 04:25:00,18,6,24,4,25,370,267,Route de Bléré - D976,47.35706,0.81641,Nuit avec éclairage allumé,En agglomération,Autre intersection,Normale,Autre collision,,,,,,,,,,,5,2,9,1.0,6.0
201800011070,0018-07-27 08:15:00,18,7,27,8,15,370,273,D140,47.38074,0.78828,Plein jour,Hors agglomération,Hors intersection,Normale,Sans collision,,,,,,,,,,,1,1,1,1.0,7.0
201800011071,0018-07-27 10:15:00,18,7,27,10,15,370,273,10 bis rue Ginette Neveu,47.38733,0.77735,Plein jour,En agglomération,Hors intersection,Normale,Autre collision,,,,,,,,,,,1,2,1,1.0,6.0
201800011072,0018-09-22 13:20:00,18,9,22,13,20,370,281,RD 952,47.42383,0.7873,Plein jour,En agglomération,Autre intersection,Normale,Deux véhicules - frontale,,,,,,,,,,,1,2,9,1.0,1.0
201800011073,0018-01-19 21:45:00,18,1,19,21,45,140,366,"32, FOURNET (RUE)",49.1381,0.22721,Nuit avec éclairage allumé,En agglomération,Intersection en T,Normale,Deux véhicules - côté,,,,,,,,,,,5,2,3,1.0,3.0
201800011074,0018-01-03 04:35:00,18,1,3,4,35,140,366,ESPERANCE (CARREFOUR DE,49.1444,0.26312,Nuit avec éclairage allumé,En agglomération,Giratoire,Pluie légère,Deux véhicules - côté,,,,,,,,,,,5,2,6,2.0,3.0
201800011075,0018-01-23 14:15:00,18,1,23,14,15,140,366,"39, RUE D'ORIVAL",49.134,0.23173,Plein jour,En agglomération,Hors intersection,Normale,Autre collision,,,,,,,,,,,1,2,1,1.0,6.0
201800011076,0018-01-26 18:40:00,18,1,26,18,40,140,366,"2, ALENCON (RUE D')",49.1428,0.227,Nuit avec éclairage allumé,En agglomération,Hors intersection,Normale,Autre collision,,,,,,,,,,,5,2,1,1.0,6.0
201800011077,0018-02-11 23:30:00,18,2,11,23,30,140,366,"0, JEAN XXIII (AVENUE)",,,Nuit sans éclairage public,Hors agglomération,Hors intersection,Neige / grêle,Autre collision,,,,,,,,,,,3,1,1,4.0,6.0
201800011078,0018-04-01 23:30:00,18,4,1,23,30,140,366,SAINTE ANNE (BOULEVARD),49.14348,0.22883,Nuit avec éclairage allumé,En agglomération,Hors intersection,Pluie légère,Autre collision,,,,,,,,,,,5,2,1,2.0,6.0
201800011079,0018-04-27 15:10:00,18,4,27,15,10,140,366,RD 406,49.16504,0.22334,Plein jour,En agglomération,Hors intersection,Normale,Deux véhicules - arrière,,,,,,,,,,,1,2,1,1.0,2.0
201800011080,0018-05-07 08:25:00,18,5,7,8,25,140,366,CARNOT (BOULEVARD),49.14833,0.2283,Plein jour,En agglomération,Intersection en X,Normale,Deux véhicules - côté,,,,,,,,,,,1,2,2,1.0,3.0
201800011081,0018-05-19 04:30:00,18,5,19,4,30,140,366,ORBEC (ROUTE D'),49.13955,0.23271,Nuit avec éclairage allumé,En agglomération,Hors intersection,Normale,Autre collision,,,,,,,,,,,5,2,1,1.0,6.0
201800011082,0018-05-31 10:00:00,18,5,31,10,0,140,574,D.613 ( SAINT DESIR),49.12406,0.20416,Plein jour,Hors agglomération,Hors intersection,Pluie forte,Deux véhicules - arrière,,,,,,,,,,,1,1,1,3.0,2.0
201800011083,0018-06-03 17:45:00,18,6,3,17,45,140,366,GUIZOT (RUE),49.14642,0.21212,Plein jour,En agglomération,Hors intersection,Normale,Deux véhicules - côté,,,,,,,,,,,1,2,1,1.0,3.0
201800011084,0018-07-24 18:00:00,18,7,24,18,0,140,487,PIQUENOTS (CHEMIN),49.17708,0.2021,Plein jour,En agglomération,Hors intersection,Normale,Sans collision,,,,,,,,,,,1,2,1,1.0,7.0
201800011085,0018-07-31 09:20:00,18,7,31,9,20,140,366,FOURNET (RUE),49.13795,0.22733,Plein jour,En agglomération,Hors intersection,Normale,Sans collision,,,,,,,,,,,1,2,1,1.0,7.0
201800011086,0018-10-15 11:25:00,18,10,15,11,25,140,366,HERBET FOURNET (BOULEVAR,49.15431,0.22624,Plein jour,En agglomération,Hors intersection,Temps éblouissant,Autre collision,,,,,,,,,,,1,2,1,7.0,6.0
201800011087,0018-01-02 21:41:00,18,1,2,21,41,370,202,ROND POINT DES 4 SAISONS,47.15146,0.19851,Plein jour,Hors agglomération,Giratoire,Pluie légère,Sans collision,,,,,,,,,,,1,1,6,2.0,7.0
201800011088,0018-10-21 06:30:00,18,10,21,6,30,140,574,D.613 ( SAINT DESIR),49.13754,0.17265,Crépuscule ou aube,Hors agglomération,Autre intersection,Normale,Sans collision,,,,,,,,,,,2,1,9,1.0,7.0
201800011089,0018-10-26 16:25:00,18,10,26,16,25,140,366,D.613 ( LISIEUX),49.12691,0.21774,Plein jour,Hors agglomération,Hors intersection,Pluie légère,Deux véhicules - arrière,,,,,,,,,,,1,1,1,2.0,2.0
201800011090,0018-10-29 07:30:00,18,10,29,7,30,140,366,FOURNET (RUE),49.13682,0.22718,Plein jour,En agglomération,Intersection en T,Normale,Deux véhicules - côté,,,,,,,,,,,1,2,3,1.0,3.0
201800011091,0018-11-02 15:45:00,18,11,2,15,45,140,366,LOUIS PASTEUR (BOULEVARD,49.1466,2.20759,Plein jour,En agglomération,Hors intersection,Normale,Autre collision,,,,,,,,,,,1,2,1,1.0,6.0
201800011092,0018-11-07 20:30:00,18,11,7,20,30,140,366,HENRY CHERON (RUE),49.14585,0.22586,Nuit avec éclairage allumé,En agglomération,Hors intersection,Pluie légère,Autre collision,,,,,,,,,,,5,2,1,2.0,6.0
201800011093,0018-11-11 16:45:00,18,11,11,16,45,140,366,HENRY CHERON (RUE),49.14492,0.2231,Plein jour,En agglomération,Hors intersection,Normale,Deux véhicules - arrière,,,,,,,,,,,1,2,1,1.0,2.0
201800011094,0018-11-20 09:00:00,18,11,20,9,0,140,366,JULES FERRY (BOULEVARD),49.14823,0.22938,Plein jour,En agglomération,Hors intersection,Pluie légère,Autre collision,,,,,,,,,,,1,2,1,2.0,6.0
201800011095,0018-11-26 04:35:00,18,11,26,4,35,140,487,R.D 579,49.19125,0.22811,Nuit sans éclairage public,Hors agglomération,Hors intersection,Normale,Deux véhicules - côté,,,,,,,,,,,3,1,1,1.0,3.0
201800011096,0018-11-30 11:25:00,18,11,30,11,25,140,366,ONZE  NOVEMBRE (RUE DU),49.14368,2.27179,Plein jour,En agglomération,Hors intersection,Normale,Autre collision,,,,,,,,,,,1,2,1,1.0,6.0
201800011097,0018-12-05 18:25:00,18,12,5,18,25,140,366,LOUIS PASTEUR (BOULEVARD,49.14483,2.19837,Nuit avec éclairage allumé,En agglomération,Hors intersection,Pluie forte,Autre collision,,,,,,,,,,,5,2,1,3.0,6.0
201800011098,0018-12-07 16:25:00,18,12,7,16,25,140,366,RD 406,49.14578,0.26035,Plein jour,En agglomération,Hors intersection,Pluie légère,Deux véhicules - côté,,,,,,,,,,,1,2,1,2.0,3.0
201800011099,0018-12-08 15:45:00,18,12,8,15,45,140,366,HERBET FOURNET (BOULEVAR,49.16294,0.22789,Plein jour,En agglomération,Giratoire,Pluie légère,Autre collision,,,,,,,,,,,1,2,6,2.0,6.0
201800011100,0018-03-07 15:35:00,18,3,7,15,35,370,248,10 route de Chinon,47.13628,0.18319,Plein jour,Hors agglomération,Hors intersection,Normale,Autre collision,,,,,,,,,,,1,1,1,1.0,6.0
201800011101,0018-04-28 11:50:00,18,4,28,11,50,370,24,"lieu-dit ""les Moriers""",47.29067,0.21802,Plein jour,Hors agglomération,Intersection en X,Normale,Deux véhicules - côté,,,,,,,,,,,1,1,2,1.0,3.0
201800011102,0018-05-22 12:15:00,18,5,22,12,15,370,31,3 rue des averries,47.27761,0.18013,Plein jour,En agglomération,Hors intersection,Normale,Autre collision,,,,,,,,,,,1,2,1,1.0,6.0
201800011103,0018-05-30 15:00:00,18,5,30,15,0,370,58,D952,47.24911,0.2254,Plein jour,Hors agglomération,Hors intersection,Normale,Sans collision,,,,,,,,,,,1,1,1,1.0,7.0