accident_id,datetime,annee,mois,jour,heure,minute,departement,commune_insee,adresse,latitude,longitude,luminosite,agglomeration,intersection,meteo,collision,nb_vehicules,nb_usagers,nb_indemnes,nb_tues,nb_blesses_hosp,nb_blesses_legers,age_cond_1,age_cond_2,veh_type_cond_1,veh_type_cond_2,lum_code,agg_code,int_code,atm_code,col_code
201800011345,0018-04-03 07:14:00,18,4,3,7,14,170,202,D 939,45.99994,-0.59801,Nuit sans éclairage public,Hors agglomération,Hors intersection,Normale,Sans collision,,,,,,,,,,,3,1,1,1.0,7.0
201800011346,0018-04-05 10:10:00,18,4,5,10,10,170,277,RN 150 lieu-dit Bourgneu,46.00171,-0.51402,Plein jour,Hors agglomération,Hors intersection,Normale,Autre collision,,,,,,,,,,,1,1,1,1.0,6.0
201800011347,0018-04-14 11:20:00,18,4,14,11,20,170,448,RD 739 / RD 114,45.97365,-0.71342,Plein jour,Hors agglomération,Intersection en X,Normale,Deux véhicules - côté,,,,,,,,,,,1,1,2,1.0,3.0
201800011348,0018-05-05 14:50:00,18,5,5,14,50,170,347,Route de Saintes,45.93343,-0.52722,Plein jour,Hors agglomération,Intersection en T,Normale,Deux véhicules - frontale,,,,,,,,,,,1,1,3,1.0,1.0
201800011349,0018-06-17 12:54:00,18,6,17,12,54,170,347,31 rue du point du jour,45.93759,-0.50507,Plein jour,En agglomération,Giratoire,Normale,Deux véhicules - frontale,,,,,,,,,,,1,2,6,1.0,1.0
201800011350,0018-07-07 06:45:00,18,7,7,6,45,170,467,D950,45.96511,-0.44213,Plein jour,Hors agglomération,Hors intersection,Normale,Autre collision,,,,,,,,,,,1,1,1,1.0,6.0
201800011351,0018-07-11 23:30:00,18,7,11,23,30,170,347,"D120, pont SNCF de Fosse",45.92711,-0.51566,Nuit sans éclairage public,Hors agglomération,Hors intersection,Normale,Autre collision,,,,,,,,,,,3,1,1,1.0,6.0
201800011352,0018-07-20 00:42:00,18,7,20,0,42,170,17,RD 122 route de BORDS,45.91299,-0.72937,Nuit sans éclairage public,Hors agglomération,Hors intersection,Pluie légère,Autre collision,,,,,,,,,,,3,1,1,2.0,6.0
201800011353,0018-07-30 19:00:00,18,7,30,19,0,170,397,"2, lieu dit Burie. R.D.",45.88612,-0.69275,Plein jour,Hors agglomération,Hors intersection,Temps éblouissant,Deux véhicules - frontale,,,,,,,,,,,1,1,1,7.0,1.0
201800011354,0018-08-27 12:30:00,18,8,27,12,30,170,450,le treuil,45.95952,-0.61751,Plein jour,Hors agglomération,Intersection en T,Normale,Deux véhicules - arrière,,,,,,,,,,,1,1,3,1.0,2.0
201800011355,0018-10-16 04:25:00,18,10,16,4,25,170,226,les champs bas,45.91136,-0.58044,Nuit sans éclairage public,Hors agglomération,Hors intersection,Brouillard / fumée,Sans collision,,,,,,,,,,,3,1,1,5.0,7.0
201800011356,0018-10-25 10:53:00,18,10,25,10,53,170,436,rue Aliénor d'Aquitaine,45.83445,-0.64862,Plein jour,En agglomération,Passage à niveau,Normale,Deux véhicules - côté,,,,,,,,,,,1,2,8,1.0,3.0
201800011357,0018-11-09 17:30:00,18,11,9,17,30,170,397,carrefour des carrières,45.89411,-0.65869,Plein jour,Hors agglomération,Intersection en X,Normale,Deux véhicules - frontale,,,,,,,,,,,1,1,2,1.0,1.0
201800011358,0018-11-09 09:40:00,18,11,9,9,40,170,459,D939,45.91,-0.43047,Plein jour,Hors agglomération,Intersection en X,Brouillard / fumée,Trois véhicules et plus - collisions multiples,,,,,,,,,,,1,1,2,5.0,5.0
201800011359,0018-11-18 11:05:00,18,11,18,11,5,170,344,CD 731,45.8487,-0.51299,Plein jour,Hors agglomération,Hors intersection,Normale,Deux véhicules - frontale,,,,,,,,,,,1,1,1,1.0,1.0
201800011360,0018-02-22 19:45:00,18,2,22,19,45,170,49,RD 127,46.05418,-0.42613,Nuit sans éclairage public,Hors agglomération,Hors intersection,Normale,Autre collision,,,,,,,,,,,3,1,1,1.0,6.0
201800011361,0018-05-09 07:15:00,18,5,9,7,15,170,383,D130,45.94308,-0.37798,Plein jour,Hors agglomération,Hors intersection,Normale,Autre collision,,,,,,,,,,,1,1,1,1.0,6.0
201800011362,0018-07-06 20:00:00,18,7,6,20,0,170,211,rue de la gare,46.04441,-0.50804,Plein jour,En agglomération,Intersection en X,Normale,Deux véhicules - côté,,,,,,,,,,,1,2,2,1.0,3.0
201800011363,0018-07-14 06:00:00,18,7,14,6,0,170,177,RD 131 PK 71+700,45.93675,-0.24753,Crépuscule ou aube,Hors agglomération,Hors intersection,Normale,Autre collision,,,,,,,,,,,2,1,1,1.0,6.0
201800011364,0018-07-26 03:15:00,18,7,26,3,15,170,101,rue du grand puits,45.96309,-0.33986,Nuit sans éclairage public,En agglomération,Hors intersection,Normale,Autre collision,,,,,,,,,,,3,2,1,1.0,6.0
201800011365,0018-08-13 15:05:00,18,8,13,15,5,170,177,RD 131,45.93576,-0.24741,Plein jour,Hors agglomération,Hors intersection,Normale,Autre collision,,,,,,,,,,,1,1,1,1.0,6.0
201800011366,0018-10-14 17:55:00,18,10,14,17,55,170,43,D120,46.05577,-0.5835,Plein jour,Hors agglomération,Hors intersection,Pluie forte,Autre collision,,,,,,,,,,,1,1,1,3.0,6.0
201800011367,0018-10-15 17:00:00,18,10,15,17,0,170,473,RD 133,46.00158,-0.30449,Plein jour,Hors agglomération,Hors intersection,Pluie légère,Autre collision,,,,,,,,,,,1,1,1,2.0,6.0
201800011368,0018-11-04 09:35:00,18,11,4,9,35,170,101,PK 22+100,45.97465,-0.33798,Plein jour,Hors agglomération,Hors intersection,Normale,Autre collision,,,,,,,,,,,1,1,1,1.0,6.0
201800011369,0018-03-30 13:40:00,18,3,30,13,40,170,235,RD 131,45.79304,-0.4021,Plein jour,Hors agglomération,Hors intersection,Pluie légère,Deux véhicules - frontale,,,,,,,,,,,1,1,1,2.0,1.0
201800011370,0018-03-31 15:00:00,18,3,31,15,0,170,224,CD 939 - carrefour chemi,45.87557,-0.32772,Plein jour,Hors agglomération,Intersection en X,Pluie légère,Deux véhicules - arrière,,,,,,,,,,,1,1,2,2.0,2.0
201800011371,0018-03-30 09:25:00,18,3,30,9,25,170,147,RD 231 E1 / RD 129,45.79951,-0.52521,Plein jour,Hors agglomération,Intersection en X,Pluie légère,Deux véhicules - frontale,,,,,,,,,,,1,1,2,2.0,1.0
201800011372,0018-06-09 17:15:00,18,6,9,17,15,170,428,"CD 121E, route de brévil",45.8112,-0.29683,Plein jour,En agglomération,Intersection en Y,Normale,Autre collision,,,,,,,,,,,1,2,4,1.0,6.0
201800011373,0018-07-24 19:12:00,18,7,24,19,12,170,313,RD 129,45.77131,-0.49616,Plein jour,Hors agglomération,Hors intersection,Normale,Sans collision,,,,,,,,,,,1,1,1,1.0,7.0
201800011374,0018-07-27 12:00:00,18,7,27,12,0,170,313,rue des sablons,45.7631,-0.49251,Plein jour,Hors agglomération,Hors intersection,Normale,Sans collision,,,,,,,,,,,1,1,1,1.0,7.0
201800011375,0018-08-08 06:53:00,18,8,8,6,53,170,26,D120,45.85494,-0.43282,Plein jour,Hors agglomération,Hors intersection,Normale,Deux véhicules - frontale,,,,,,,,,,,1,1,1,1.0,1.0
201800011376,0018-09-04 13:31:00,18,9,4,13,31,170,25,RD 124,45.88064,-0.41096,Plein jour,Hors agglomération,Hors intersection,Normale,Sans collision,,,,,,,,,,,1,1,1,1.0,7.0
201800011377,0018-10-31 12:30:00,18,10,31,12,30,170,188,CD 939 - PR 13+200,45.86291,-0.28891,Plein jour,Hors agglomération,Hors intersection,Pluie légère,Sans collision,,,,,,,,,,,1,1,1,2.0,7.0
201800011378,0018-11-25 00:20:00,18,11,25,0,20,170,261,cd 939,45.81044,-0.14802,Nuit sans éclairage public,Hors agglomération,Hors intersection,Normale,Autre collision,,,,,,,,,,,3,1,1,1.0,6.0
201800011379,0018-01-23 21:20:00,18,1,23,21,20,280,386,RD23 Lieu dit LE PETIT H,48.55789,1.25017,Nuit sans éclairage public,Hors agglomération,Hors intersection,Pluie légère,Sans collision,,,,,,,,,,,3,1,1,2.0,7.0
201800011380,0018-06-01 15:30:00,18,6,1,15,30,280,53,D139- PK 6+900,48.62124,1.32199,Plein jour,Hors agglomération,Hors intersection,Normale,Autre collision,,,,,,,,,,,1,1,1,1.0,6.0
201800011381,0018-06-13 17:00:00,18,6,13,17,0,280,203,15 rue du perche,48.46752,1.1975,Plein jour,En agglomération,Intersection en T,Normale,Autre collision,,,,,,,,,,,1,2,3,1.0,6.0
201800011382,0018-06-24 10:30:00,18,6,24,10,30,280,350,RD 923,48.44922,1.2982,Plein jour,Hors agglomération,Hors intersection,Normale,Autre collision,,,,,,,,,,,1,1,1,1.0,6.0
201800011383,0018-07-22 06:45:00,18,7,22,6,45,280,116,RD 923 PK 17+500,48.45492,1.2705,Crépuscule ou aube,Hors agglomération,Hors intersection,Brouillard / fumée,Deux véhicules - frontale,,,,,,,,,,,2,1,1,5.0,1.0
201800011384,0018-11-06 19:50:00,18,11,6,19,50,280,40,D24,48.51535,1.22154,Nuit sans éclairage public,Hors agglomération,Hors intersection,Normale,Trois véhicules et plus - collisions multiples,,,,,,,,,,,3,1,1,1.0,5.0
201800011385,0018-01-12 14:50:00,18,1,12,14,50,280,361,D 122 13,48.52721,1.76992,Plein jour,Hors agglomération,Hors intersection,Normale,Autre collision,,,,,,,,,,,1,1,1,1.0,6.0
201800011386,0018-01-12 19:20:00,18,1,12,19,20,280,317,Croisement D130 et D 19,48.44274,1.77429,Nuit sans éclairage public,Hors agglomération,Intersection en X,Normale,Autre collision,,,,,,,,,,,3,1,2,1.0,6.0
201800011387,0018-02-06 06:45:00,18,2,6,6,45,280,84,RD 906,48.54566,1.54725,Nuit sans éclairage public,Hors agglomération,Hors intersection,Neige / grêle,Trois véhicules et plus - collisions multiples,,,,,,,,,,,3,1,1,4.0,5.0
201800011388,0018-02-06 10:20:00,18,2,6,10,20,280,84,D906,48.55463,1.55321,Plein jour,Hors agglomération,Hors intersection,Neige / grêle,Autre collision,,,,,,,,,,,1,1,1,4.0,6.0
201800011389,0018-02-09 17:30:00,18,2,9,17,30,280,317,ROUTE DEPARTEMENTALE 19,48.44275,1.77431,Plein jour,Hors agglomération,Intersection en X,Neige / grêle,Deux véhicules - arrière,,,,,,,,,,,1,1,2,4.0,2.0
201800011390,0018-03-03 02:00:00,18,3,3,2,0,280,140,D28,48.58218,1.67856,Nuit sans éclairage public,Hors agglomération,Hors intersection,Normale,Sans collision,,,,,,,,,,,3,1,1,1.0,7.0
201800011391,0018-05-04 16:20:00,18,5,4,16,20,280,73,RD330,48.5081,1.65835,Plein jour,Hors agglomération,Hors intersection,Temps éblouissant,Autre collision,,,,,,,,,,,1,1,1,7.0,6.0
201800011392,0018-06-25 08:00:00,18,6,25,8,0,280,15,RD18 - St Symphorien Le,48.50823,1.76288,Plein jour,Hors agglomération,Hors intersection,Normale,Deux véhicules - frontale,,,,,,,,,,,1,1,1,1.0,1.0
201800011393,0018-08-25 21:00:00,18,8,25,21,0,280,23,RD 28,48.51256,1.68004,Nuit sans éclairage public,Hors agglomération,Hors intersection,Normale,Sans collision,,,,,,,,,,,3,1,1,1.0,7.0
201800011394,0018-10-10 13:00:00,18,10,10,13,0,280,84,"croisement D6, D106.5",48.52804,1.5689,Plein jour,Hors agglomération,Intersection en X,Normale,Deux véhicules - côté,,,,,,,,,,,1,1,2,1.0,3.0
201800011395,0018-10-15 18:30:00,18,10,15,18,30,280,52,route départementale 26.,48.56536,1.52385,Plein jour,Hors agglomération,Hors intersection,Temps éblouissant,Deux véhicules - arrière,,,,,,,,,,,1,1,1,7.0,2.0
201800011396,0018-11-07 06:00:00,18,11,7,6,0,280,191,D28,48.5858,1.67833,Nuit sans éclairage public,Hors agglomération,Hors intersection,Pluie légère,Deux véhicules - frontale,,,,,,,,,,,3,1,1,2.0,1.0
201800011397,0018-11-06 17:30:00,18,11,6,17,30,280,140,ruelle des fontaines,48.6093,1.67494,Nuit avec éclairage allumé,En agglomération,Hors intersection,Normale,Deux véhicules - frontale,,,,,,,,,,,5,2,1,1.0,1.0
201800011398,0018-11-21 07:50:00,18,11,21,7,50,280,357,RD 906,48.56236,1.55695,Plein jour,Hors agglomération,Autre intersection,Brouillard / fumée,Trois véhicules et plus - collisions multiples,,,,,,,,,,,1,1,9,5.0,5.0
201800011399,0018-11-23 00:20:00,18,11,23,0,20,280,188,18 rue de Paris,48.4999,1.72484,Nuit avec éclairage allumé,En agglomération,Hors intersection,Normale,Autre collision,,,,,,,,,,,5,2,1,1.0,6.0
201800011400,0018-12-27 11:20:00,18,12,27,11,20,280,140,09 Rue du Malconseil,48.6087,1.67902,Plein jour,En agglomération,Intersection en Y,Temps couvert,Deux véhicules - côté,,,,,,,,,,,1,2,4,8.0,3.0
201800011401,0018-02-02 17:00:00,18,2,2,17,0,280,416,D137,48.28953,1.5615,Plein jour,Hors agglomération,Hors intersection,Normale,Autre collision,,,,,,,,,,,1,1,1,1.0,6.0
201800011402,0018-02-09 16:35:00,18,2,9,16,35,280,422,15 rue François Huet,48.27357,1.62302,Plein jour,En agglomération,Hors intersection,Neige / grêle,Deux véhicules - frontale,,,,,,,,,,,1,2,1,4.0,1.0
201800011403,0018-02-11 15:30:00,18,2,11,15,30,280,367,"D 19.7, rue du levant",48.14998,1.86451,Plein jour,En agglomération,Hors intersection,Normale,Autre collision,,,,,,,,,,,1,2,1,1.0,6.0
201800011404,0018-05-16 09:28:00,18,5,16,9,28,280,311,N254,48.2067,1.84258,Plein jour,Hors agglomération,Intersection en Y,Normale,Deux véhicules - côté,,,,,,,,,,,1,1,4,1.0,3.0
201800011405,0018-06-27 17:50:00,18,6,27,17,50,280,284,D141,48.22381,1.91926,Plein jour,Hors agglomération,Hors intersection,Normale,Deux véhicules - côté,,,,,,,,,,,1,1,1,1.0,3.0
201800011406,0018-07-25 13:29:00,18,7,25,13,29,280,32,ROUTE NATIONALE 154,48.30382,1.69408,Plein jour,Hors agglomération,Hors intersection,Normale,Deux véhicules - frontale,,,,,,,,,,,1,1,1,1.0,1.0
201800011407,0018-08-09 12:38:00,18,8,9,12,38,280,184,D939,48.33855,1.86396,Plein jour,Hors agglomération,Hors intersection,Temps couvert,Sans collision,,,,,,,,,,,1,1,1,8.0,7.0
201800011408,0018-08-25 06:45:00,18,8,25,6,45,280,2,RN 254,48.20807,1.8314,Nuit sans éclairage public,Hors agglomération,Hors intersection,Normale,Deux véhicules - frontale,,,,,,,,,,,3,1,1,1.0,1.0
201800011409,0018-08-25 13:10:00,18,8,25,13,10,280,319,RD 118.5,48.28466,1.91703,Plein jour,Hors agglomération,Hors intersection,Normale,Sans collision,,,,,,,,,,,1,1,1,1.0,7.0
201800011410,0018-08-15 21:57:00,18,8,15,21,57,280,284,départementale 141,48.23897,1.91369,Nuit sans éclairage public,Hors agglomération,Hors intersection,Normale,Autre collision,,,,,,,,,,,3,1,1,1.0,6.0
201800011411,0018-09-30 12:30:00,18,9,30,12,30,280,183,Intersection D142 et D14,48.3137,1.92067,Plein jour,Hors agglomération,Intersection en X,Normale,Deux véhicules - côté,,,,,,,,,,,1,1,2,1.0,3.0
201800011412,0018-10-10 10:00:00,18,10,10,10,0,280,199,Rue du Mail Colardeau,48.2001,1.88177,Plein jour,En agglomération,Hors intersection,Normale,Autre collision,,,,,,,,,,,1,2,1,1.0,6.0
201800011413,0018-11-10 10:05:00,18,11,10,10,5,280,391,rampe du pont,48.19304,1.93882,Plein jour,En agglomération,Hors intersection,Pluie légère,Autre collision,,,,,,,,,,,1,2,1,2.0,6.0
201800011414,0018-12-12 15:45:00,18,12,12,15,45,280,406,d 132 - lieu-di St Léona,48.18022,1.72608,Plein jour,Hors agglomération,Hors intersection,Temps éblouissant,Deux véhicules - arrière,,,,,,,,,,,1,1,1,7.0,2.0
201800011415,0018-01-09 07:10:00,18,1,9,7,10,280,283,Départementale 27 Lieu d,48.1252,1.51369,Nuit sans éclairage public,En agglomération,Hors intersection,Brouillard / fumée,Deux véhicules - frontale,,,,,,,,,,,3,2,1,5.0,1.0
201800011416,0018-01-19 16:05:00,18,1,19,16,5,280,51,rue de la résistance,48.18107,1.386,Plein jour,En agglomération,Hors intersection,Temps éblouissant,Autre collision,,,,,,,,,,,1,2,1,7.0,6.0
201800011417,0018-01-21 11:00:00,18,1,21,11,0,280,259,RN 10,48.23118,1.40598,Plein jour,Hors agglomération,Hors intersection,Pluie légère,Trois véhicules et plus - collisions multiples,,,,,,,,,,,1,1,1,2.0,5.0
201800011418,0018-03-01 09:00:00,18,3,1,9,0,280,121,954,48.10121,1.86446,Plein jour,Hors agglomération,Hors intersection,Vent fort / tempête,Autre collision,,,,,,,,,,,1,1,1,6.0,6.0
201800011419,0018-03-03 12:55:00,18,3,3,12,55,280,121,D954 PK:3+700,48.11831,1.85879,Plein jour,Hors agglomération,Hors intersection,Normale,Autre collision,,,,,,,,,,,1,1,1,1.0,6.0
201800011420,0018-04-12 16:10:00,18,4,12,16,10,280,176,rue Charles Péguy,48.24281,1.48901,Plein jour,En agglomération,Intersection en X,Pluie légère,Deux véhicules - côté,,,,,,,,,,,1,2,2,2.0,3.0
201800011421,0018-04-14 13:10:00,18,4,14,13,10,280,51,41 rue de la résistance,48.17925,1.3819,Plein jour,En agglomération,Hors intersection,Normale,Deux véhicules - arrière,,,,,,,,,,,1,2,1,1.0,2.0
201800011422,0018-06-17 18:30:00,18,6,17,18,30,280,277,d935/d123.4,48.21643,1.56286,Plein jour,Hors agglomération,Intersection en X,Normale,Deux véhicules - côté,,,,,,,,,,,1,1,2,1.0,3.0
201800011423,0018-07-01 01:25:00,18,7,1,1,25,280,419,RN 10,48.27279,1.41648,Nuit sans éclairage public,Hors agglomération,Hors intersection,Normale,Autre collision,,,,,,,,,,,3,1,1,1.0,6.0
201800011424,0018-07-29 20:25:00,18,7,29,20,25,280,419,Chemin en terre dans le,48.28364,1.41358,Plein jour,Hors agglomération,Hors intersection,Normale,Autre collision,,,,,,,,,,,1,1,1,1.0,6.0
201800011425,0018-09-13 19:40:00,18,9,13,19,40,280,419,10,48.27088,1.41596,Plein jour,Hors agglomération,Hors intersection,Normale,Deux véhicules - frontale,,,,,,,,,,,1,1,1,1.0,1.0
201800011426,0018-09-27 18:30:00,18,9,27,18,30,280,28,Lieu dit Boissay,48.07626,1.55418,Crépuscule ou aube,Hors agglomération,Intersection en X,Normale,Deux véhicules - côté,,,,,,,,,,,2,1,2,1.0,3.0
201800011427,0018-10-08 14:30:00,18,10,8,14,30,280,287,RD 132-4/RD 153-4,48.1558,1.69278,Plein jour,Hors agglomération,Intersection en X,Normale,Deux véhicules - côté,,,,,,,,,,,1,1,2,1.0,3.0
201800011428,0018-12-20 07:15:00,18,12,20,7,15,280,176,D127 PK:24,48.22297,1.49178,Nuit sans éclairage public,Hors agglomération,Hors intersection,Pluie légère,Sans collision,,,,,,,,,,,3,1,1,2.0,7.0
201800011429,0018-01-10 19:30:00,18,1,10,19,30,280,239,D309.1,48.65587,1.36693,Nuit sans éclairage public,Hors agglomération,Hors intersection,Normale,Sans collision,,,,,,,,,,,3,1,1,1.0,7.0
201800011430,0018-03-04 05:30:00,18,3,4,5,30,280,405,RN 12,48.75034,1.26296,Nuit sans éclairage public,Hors agglomération,Hors intersection,Pluie légère,Autre collision,,,,,,,,,,,3,1,1,2.0,6.0
201800011431,0018-03-16 17:40:00,18,3,16,17,40,280,394,D928,48.67629,1.32688,Plein jour,En agglomération,Hors intersection,Normale,Trois véhicules et plus - en chaîne,,,,,,,,,,,1,2,1,1.0,4.0
201800011432,0018-03-30 21:25:00,18,3,30,21,25,280,98,Route Nationale 12,48.75055,1.44213,Nuit sans éclairage public,Hors agglomération,Hors intersection,Normale,Autre collision,,,,,,,,,,,3,1,1,1.0,6.0
201800011433,0018-04-05 17:55:00,18,4,5,17,55,280,348,rue du clos d'amour,48.7668,1.1952,Plein jour,En agglomération,Autre intersection,Normale,Autre collision,,,,,,,,,,,1,2,9,1.0,6.0
201800011434,0018-04-24 19:15:00,18,4,24,19,15,280,348,rue de dampierre,48.7708,1.17785,Plein jour,Hors agglomération,Intersection en Y,Normale,Deux véhicules - frontale,,,,,,,,,,,1,1,4,1.0,1.0
201800011435,0018-05-27 17:25:00,18,5,27,17,25,280,239,D 854,48.67084,1.3782,Plein jour,Hors agglomération,Hors intersection,Temps éblouissant,Deux véhicules - côté,,,,,,,,,,,1,1,1,7.0,3.0
201800011436,0018-07-29 03:45:00,18,7,29,3,45,280,359,rue de la rocquerie,48.7658,1.23045,Nuit avec éclairage allumé,En agglomération,Hors intersection,Pluie légère,Autre collision,,,,,,,,,,,5,2,1,2.0,6.0
201800011437,0018-08-13 20:10:00,18,8,13,20,10,280,171,RD928,48.69427,1.34032,Plein jour,Hors agglomération,Hors intersection,Normale,Trois véhicules et plus - collisions multiples,,,,,,,,,,,1,1,1,1.0,5.0
201800011438,0018-09-01 15:40:00,18,9,1,15,40,280,359,Chemin communal,48.75388,1.2205,Plein jour,Hors agglomération,Hors intersection,Normale,Autre collision,,,,,,,,,,,1,1,1,1.0,6.0
201800011439,0018-11-03 23:30:00,18,11,3,23,30,280,82,route départementale 308,48.69589,1.43203,Nuit avec éclairage allumé,Hors agglomération,Hors intersection,Normale,Autre collision,,,,,,,,,,,5,1,1,1.0,6.0
201800011440,0018-12-10 11:20:00,18,12,10,11,20,280,171,D928,48.69983,1.34675,Plein jour,Hors agglomération,Intersection en X,Pluie légère,Deux véhicules - côté,,,,,,,,,,,1,1,2,2.0,3.0
201800011441,0018-12-10 18:40:00,18,12,10,18,40,280,405,route nationale 12,48.74283,1.29538,Nuit sans éclairage public,Hors agglomération,Hors intersection,Temps couvert,Deux véhicules - arrière,,,,,,,,,,,3,1,1,8.0,2.0
201800011442,0018-12-20 05:35:00,18,12,20,5,35,280,143,Route départementale 4,48.70682,1.20399,Nuit sans éclairage public,Hors agglomération,Hors intersection,Pluie légère,Deux véhicules - frontale,,,,,,,,,,,3,1,1,2.0,1.0
201800011443,0018-01-14 08:15:00,18,1,14,8,15,280,373,D20,48.57204,1.0491,Crépuscule ou aube,Hors agglomération,Hors intersection,Brouillard / fumée,Deux véhicules - frontale,,,,,,,,,,,2,1,1,5.0,1.0
201800011444,0018-04-17 15:35:00,18,4,17,15,35,280,87,Intersection D104 D312,48.68427,1.23718,Plein jour,Hors agglomération,Intersection en X,Normale,Deux véhicules - frontale,,,,,,,,,,,1,1,2,1.0,1.0
201800011445,0018-08-11 15:10:00,18,8,11,15,10,280,348,D11.1/D313.5,48.74899,1.18385,Plein jour,Hors agglomération,Intersection en T,Normale,Sans collision,,,,,,,,,,,1,1,3,1.0,7.0
201800011446,0018-08-17 21:40:00,18,8,17,21,40,280,351,D939,48.61288,1.16567,Nuit sans éclairage public,Hors agglomération,Hors intersection,Normale,Sans collision,,,,,,,,,,,3,1,1,1.0,7.0
201800011447,0018-02-24 11:08:00,18,2,24,11,8,280,236,PK 48+200,48.3383,0.85105,Plein jour,Hors agglomération,Hors intersection,Normale,Sans collision,,,,,,,,,,,1,1,1,1.0,7.0
201800011448,0018-04-19 15:45:00,18,4,19,15,45,280,280,Avenue de la République,48.31908,0.81903,Plein jour,En agglomération,Intersection en X,Normale,Deux véhicules - côté,,,,,,,,,,,1,2,2,1.0,3.0
201800011449,0018-05-18 15:18:00,18,5,18,15,18,280,280,D955,48.33243,0.78529,Plein jour,Hors agglomération,Hors intersection,Normale,Sans collision,,,,,,,,,,,1,1,1,1.0,7.0
201800011450,0018-07-13 22:15:00,18,7,13,22,15,280,280,RD923,48.30927,0.80658,Nuit sans éclairage public,Hors agglomération,Autre intersection,Normale,Autre collision,,,,,,,,,,,3,1,9,1.0,6.0
201800011451,0018-08-13 18:30:00,18,8,13,18,30,280,236,RD 923,48.3372,0.84404,Plein jour,Hors agglomération,Hors intersection,Normale,Autre collision,,,,,,,,,,,1,1,1,1.0,6.0
201800011452,0018-08-20 06:45:00,18,8,20,6,45,280,327,D338,48.18681,0.84969,Plein jour,Hors agglomération,Hors intersection,Normale,Sans collision,,,,,,,,,,,1,1,1,1.0,7.0
201800011453,0018-11-05 12:35:00,18,11,5,12,35,280,395,RD 112.1,48.30259,0.85652,Plein jour,Hors agglomération,Hors intersection,Normale,Deux véhicules - côté,,,,,,,,,,,1,1,1,1.0,3.0
201800011454,0018-01-05 19:00:00,18,1,5,19,0,280,302,La Goupillière,48.49289,1.1715,Nuit sans éclairage public,Hors agglomération,Hors intersection,Pluie légère,Autre collision,,,,,,,,,,,3,1,1,2.0,6.0
201800011455,0018-04-12 15:48:00,18,4,12,15,48,280,362,LA BUTTE À GILLET- RD 92,48.39278,1.01831,Plein jour,En agglomération,Hors intersection,Normale,Deux véhicules - frontale,,,,,,,,,,,1,2,1,1.0,1.0
201800011456,0018-05-06 08:50:00,18,5,6,8,50,280,214,avenue de la cerisaie,48.47524,1.02545,Plein jour,En agglomération,Hors intersection,Normale,Deux véhicules - arrière,,,,,,,,,,,1,2,1,1.0,2.0
201800011457,0018-06-03 13:00:00,18,6,3,13,0,280,214,rue de la grande fontain,48.47606,1.01137,Plein jour,Hors agglomération,Hors intersection,Temps éblouissant,Sans collision,,,,,,,,,,,1,1,1,7.0,7.0
201800011458,0018-07-29 08:40:00,18,7,29,8,40,280,240,D25,48.49163,1.0192,Plein jour,Hors agglomération,Hors intersection,Normale,Trois véhicules et plus - en chaîne,,,,,,,,,,,1,1,1,1.0,4.0
201800011459,0018-09-09 17:40:00,18,9,9,17,40,280,119,d15,48.28172,1.08013,Plein jour,Hors agglomération,Hors intersection,Normale,Sans collision,,,,,,,,,,,1,1,1,1.0,7.0
201800011460,0018-11-20 07:10:00,18,11,20,7,10,280,214,rue de la gare,48.47295,1.01215,Nuit avec éclairage allumé,En agglomération,Intersection en T,Normale,Autre collision,,,,,,,,,,,5,2,3,1.0,6.0
201800011461,0018-02-09 12:45:00,18,2,9,12,45,270,406,route de Louye,48.77473,1.30823,Plein jour,Hors agglomération,Hors intersection,Neige / grêle,Autre collision,,,,,,,,,,,1,1,1,4.0,6.0
201800011462,0018-02-19 16:24:00,18,2,19,16,24,270,376,ROUTE DE SAINT GEORGES M,48.79629,1.3435,Plein jour,Hors agglomération,Hors intersection,Pluie légère,Autre collision,,,,,,,,,,,1,1,1,2.0,6.0
201800011463,0018-04-01 17:15:00,18,4,1,17,15,270,17,rue de la ferme,48.9909,1.1579,Plein jour,En agglomération,Intersection en T,Normale,Deux véhicules - côté,,,,,,,,,,,1,2,3,1.0,3.0
201800011464,0018-07-12 01:05:00,18,7,12,1,5,270,390,11 rue des pinsons,48.83318,1.21638,Nuit avec éclairage non allumé,En agglomération,Hors intersection,Normale,Autre collision,,,,,,,,,,,4,2,1,1.0,6.0
201800011465,0018-07-13 17:08:00,18,7,13,17,8,270,44,rd 51,48.94506,1.11606,Plein jour,Hors agglomération,Hors intersection,Normale,Deux véhicules - frontale,,,,,,,,,,,1,1,1,1.0,1.0