accident_id,datetime,annee,mois,jour,heure,minute,departement,commune_insee,adresse,latitude,longitude,luminosite,agglomeration,intersection,meteo,collision,nb_vehicules,nb_usagers,nb_indemnes,nb_tues,nb_blesses_hosp,nb_blesses_legers,age_cond_1,age_cond_2,veh_type_cond_1,veh_type_cond_2,lum_code,agg_code,int_code,atm_code,col_code
201800011466,0018-07-30 14:00:00,18,7,30,14,0,270,416,rue des vanneaux,48.8458,1.10208,Plein jour,Hors agglomération,Intersection en X,Normale,Deux véhicules - côté,,,,,,,,,,,1,1,2,1.0,3.0
201800011467,0018-11-02 09:57:00,18,11,2,9,57,270,350,rue du moulin - D76,48.8183,1.26837,Plein jour,En agglomération,Autre intersection,Normale,Deux véhicules - frontale,,,,,,,,,,,1,2,9,1.0,1.0
201800011468,0018-11-25 12:40:00,18,11,25,12,40,270,378,D59,48.77766,1.21435,Plein jour,Hors agglomération,Intersection en X,Pluie légère,Deux véhicules - côté,,,,,,,,,,,1,1,2,2.0,3.0
201800011469,0018-02-03 23:45:00,18,2,3,23,45,270,643,RN 12,48.74951,1.02792,Nuit sans éclairage public,Hors agglomération,Hors intersection,Pluie légère,Autre collision,,,,,,,,,,,3,1,1,2.0,6.0
201800011470,0018-03-04 15:15:00,18,3,4,15,15,270,685,RD 833,48.8949,0.7558,Plein jour,Hors agglomération,Hors intersection,Normale,Autre collision,,,,,,,,,,,1,1,1,1.0,6.0
201800011471,0018-03-17 20:50:00,18,3,17,20,50,270,679,131 rue de la tour grise,48.7362,0.93122,Nuit avec éclairage allumé,En agglomération,Hors intersection,Normale,Deux véhicules - côté,,,,,,,,,,,5,2,1,1.0,3.0
201800011472,0018-05-21 16:45:00,18,5,21,16,45,270,68,D21,48.92124,0.6694,Plein jour,Hors agglomération,Hors intersection,Normale,Autre collision,,,,,,,,,,,1,1,1,1.0,6.0
201800011473,0018-06-05 05:20:00,18,6,5,5,20,270,457,RD 840,48.77607,0.92499,Crépuscule ou aube,Hors agglomération,Hors intersection,Temps couvert,Sans collision,,,,,,,,,,,2,1,1,8.0,7.0
201800011474,0018-06-06 10:10:00,18,6,6,10,10,270,481,la Patinière,48.74227,0.86622,Plein jour,Hors agglomération,Hors intersection,Normale,Autre collision,,,,,,,,,,,1,1,1,1.0,6.0
201800011475,0018-06-16 12:50:00,18,6,16,12,50,270,112,Rd840,48.85291,0.92119,Plein jour,Hors agglomération,Intersection en X,Normale,Deux véhicules - arrière,,,,,,,,,,,1,1,2,1.0,2.0
201800011476,0018-06-22 15:50:00,18,6,22,15,50,270,502,D830 / D21,48.81463,0.70352,Plein jour,En agglomération,Intersection en T,Normale,Deux véhicules - côté,,,,,,,,,,,1,2,3,1.0,3.0
201800011477,0018-07-13 12:50:00,18,7,13,12,50,270,69,rue de la coupe,48.81259,0.74931,Plein jour,En agglomération,Hors intersection,Normale,Sans collision,,,,,,,,,,,1,2,1,1.0,7.0
201800011478,0018-07-17 09:30:00,18,7,17,9,30,270,508,,48.82084,0.66117,Plein jour,Hors agglomération,Intersection en X,Normale,Deux véhicules - côté,,,,,,,,,,,1,1,2,1.0,3.0
201800011479,0018-08-24 16:40:00,18,8,24,16,40,270,137,rue de la bruyère des da,48.76942,0.76049,Plein jour,En agglomération,Hors intersection,Normale,Deux véhicules - frontale,,,,,,,,,,,1,2,1,1.0,1.0
201800011480,0018-09-07 16:30:00,18,9,7,16,30,270,679,boulevard Jean Bertin,48.74195,0.92474,Plein jour,En agglomération,Giratoire,Temps éblouissant,Autre collision,,,,,,,,,,,1,2,6,7.0,6.0
201800011481,0018-10-06 07:30:00,18,10,6,7,30,270,112,D833,48.84414,0.89721,Plein jour,Hors agglomération,Hors intersection,Normale,Autre collision,,,,,,,,,,,1,1,1,1.0,6.0
201800011482,0018-10-08 09:20:00,18,10,8,9,20,270,54,route fleurie,48.85564,0.87256,Crépuscule ou aube,Hors agglomération,Intersection en T,Temps éblouissant,Deux véhicules - frontale,,,,,,,,,,,2,1,3,7.0,1.0
201800011483,0018-10-21 19:30:00,18,10,21,19,30,270,291,RD 166,48.71959,0.77941,Nuit sans éclairage public,Hors agglomération,Hors intersection,Normale,Autre collision,,,,,,,,,,,3,1,1,1.0,6.0
201800011484,0018-12-16 10:45:00,18,12,16,10,45,270,112,place pilon de buhorel,48.83584,0.91276,Plein jour,En agglomération,Hors intersection,Normale,Autre collision,,,,,,,,,,,1,2,1,1.0,6.0
201800011485,0018-12-29 08:25:00,18,12,29,8,25,270,182,RN 12,48.74654,0.99426,Plein jour,Hors agglomération,Hors intersection,Normale,Autre collision,,,,,,,,,,,1,1,1,1.0,6.0
201800011486,0018-01-12 17:30:00,18,1,12,17,30,270,523,Lieu dit La Bonne Mare,49.07529,0.65997,Nuit sans éclairage public,Hors agglomération,Hors intersection,Normale,Deux véhicules - frontale,,,,,,,,,,,3,1,1,1.0,1.0
201800011487,0018-02-12 15:45:00,18,2,12,15,45,270,56,Z.A. Les Granges,49.10827,0.58982,Plein jour,Hors agglomération,Giratoire,Normale,Deux véhicules - arrière,,,,,,,,,,,1,1,6,1.0,2.0
201800011488,0018-04-18 16:40:00,18,4,18,16,40,270,600,"dans un bois, 36 chemin",49.05022,0.57616,Plein jour,Hors agglomération,Hors intersection,Normale,Autre collision,,,,,,,,,,,1,1,1,1.0,6.0
201800011489,0018-04-20 22:09:00,18,4,20,22,9,270,56,rue LOUIS GILLAIN,49.0937,0.60112,Nuit avec éclairage allumé,En agglomération,Hors intersection,Normale,Autre collision,,,,,,,,,,,5,2,1,1.0,6.0
201800011490,0018-05-18 17:05:00,18,5,18,17,5,270,667,D438,49.11681,0.6242,Plein jour,Hors agglomération,Hors intersection,Normale,Deux véhicules - côté,,,,,,,,,,,1,1,1,1.0,3.0
201800011491,0018-06-03 00:01:00,18,6,3,0,1,270,56,boulevard des monts,49.09397,0.60017,Nuit sans éclairage public,En agglomération,Hors intersection,Normale,Autre collision,,,,,,,,,,,3,2,1,1.0,6.0
201800011492,0018-06-18 17:25:00,18,6,18,17,25,270,462,Route Départementale 145,49.09,0.4283,Plein jour,Hors agglomération,Intersection en T,Normale,Deux véhicules - frontale,,,,,,,,,,,1,1,3,1.0,1.0
201800011493,0018-07-05 11:50:00,18,7,5,11,50,270,680,RD 438,48.92032,0.42927,Plein jour,Hors agglomération,Hors intersection,Temps éblouissant,Deux véhicules - frontale,,,,,,,,,,,1,1,1,7.0,1.0
201800011494,0018-07-10 16:30:00,18,7,10,16,30,270,79,7 vierge de boissy,49.1652,0.57705,Plein jour,En agglomération,Intersection en T,Temps éblouissant,Sans collision,,,,,,,,,,,1,2,3,7.0,7.0
201800011495,0018-09-28 18:00:00,18,9,28,18,0,270,463,rue du gruchet,49.13486,0.63081,Plein jour,Hors agglomération,Hors intersection,Normale,Deux véhicules - arrière,,,,,,,,,,,1,1,1,1.0,2.0
201800011496,0018-10-03 08:45:00,18,10,3,8,45,270,56,Rue maurice lemoing,49.08774,0.59234,Plein jour,En agglomération,Hors intersection,Normale,Autre collision,,,,,,,,,,,1,2,1,1.0,6.0
201800011497,0018-10-06 10:00:00,18,10,6,10,0,270,629,rond point D613,49.14462,0.44965,Plein jour,Hors agglomération,Giratoire,Temps éblouissant,Deux véhicules - côté,,,,,,,,,,,1,1,6,7.0,3.0
201800011498,0018-10-21 17:30:00,18,10,21,17,30,270,239,départementale 34,49.01839,0.56639,Plein jour,Hors agglomération,Hors intersection,Normale,Sans collision,,,,,,,,,,,1,1,1,1.0,7.0
201800011499,0018-12-01 17:30:00,18,12,1,17,30,270,660,Départementale 33,48.96894,0.513,Crépuscule ou aube,En agglomération,Hors intersection,Pluie légère,Sans collision,,,,,,,,,,,2,2,1,2.0,7.0
201800011500,0018-12-26 15:00:00,18,12,26,15,0,270,207,18 route d'orbec,49.10208,0.43461,Plein jour,Hors agglomération,Hors intersection,Normale,Deux véhicules - côté,,,,,,,,,,,1,1,1,1.0,3.0
201800011501,0018-12-31 10:05:00,18,12,31,10,5,270,547,RD145,49.05243,0.40819,Plein jour,Hors agglomération,Hors intersection,Pluie légère,Deux véhicules - arrière,,,,,,,,,,,1,1,1,2.0,2.0
201800011502,0018-01-22 18:35:00,18,1,22,18,35,270,50,RD 133 4 route de BERNAY,49.0876,0.7532,Nuit sans éclairage public,Hors agglomération,Hors intersection,Normale,Deux véhicules - frontale,,,,,,,,,,,3,1,1,1.0,1.0
201800011503,0018-03-01 07:30:00,18,3,1,7,30,270,290,RD 23,49.1178,0.7386,Crépuscule ou aube,Hors agglomération,Intersection en T,Neige / grêle,Autre collision,,,,,,,,,,,2,1,3,4.0,6.0
201800011504,0018-03-10 09:45:00,18,3,10,9,45,270,51,cote Saint-Aubin,49.07591,0.78741,Plein jour,En agglomération,Hors intersection,Pluie forte,Autre collision,,,,,,,,,,,1,2,1,3.0,6.0
201800011505,0018-03-11 12:50:00,18,3,11,12,50,270,630,RD 613,49.13504,0.79362,Plein jour,Hors agglomération,Intersection en X,Normale,Deux véhicules - frontale,,,,,,,,,,,1,1,2,1.0,1.0
201800011506,0018-04-11 18:45:00,18,4,11,18,45,270,290,RD25,49.1356,0.79344,Plein jour,Hors agglomération,Hors intersection,Normale,Sans collision,,,,,,,,,,,1,1,1,1.0,7.0
201800011507,0018-04-21 03:30:00,18,4,21,3,30,270,50,D25,49.0876,0.7679,Nuit sans éclairage public,Hors agglomération,Hors intersection,Normale,Autre collision,,,,,,,,,,,3,1,1,1.0,6.0
201800011508,0018-05-23 13:30:00,18,5,23,13,30,270,116,RD 613 PK 59+600,49.15333,0.72988,Plein jour,Hors agglomération,Hors intersection,Normale,Trois véhicules et plus - en chaîne,,,,,,,,,,,1,1,1,1.0,4.0
201800011509,0018-07-05 20:40:00,18,7,5,20,40,270,50,D23,49.08972,0.76374,Crépuscule ou aube,Hors agglomération,Hors intersection,Normale,Autre collision,,,,,,,,,,,2,1,1,1.0,6.0
201800011510,0018-08-04 10:55:00,18,8,4,10,55,270,50,Intersection RD133/C17,49.09333,0.80436,Plein jour,Hors agglomération,Intersection en X,Normale,Trois véhicules et plus - en chaîne,,,,,,,,,,,1,1,2,1.0,4.0
201800011511,0018-08-03 07:33:00,18,8,3,7,33,270,253,Parking RD613,49.14984,0.70846,Plein jour,Hors agglomération,Hors intersection,Normale,Autre collision,,,,,,,,,,,1,1,1,1.0,6.0
201800011512,0018-11-27 12:00:00,18,11,27,12,0,270,513,route de la haye plommée,49.00228,0.67912,Plein jour,Hors agglomération,Intersection en X,Pluie légère,Deux véhicules - côté,,,,,,,,,,,1,1,2,2.0,3.0
201800011513,0018-04-03 13:15:00,18,4,3,13,15,270,214,INTERSECTION D1/D20,49.30848,1.39607,Plein jour,Hors agglomération,Intersection en X,Pluie légère,Deux véhicules - côté,,,,,,,,,,,1,1,2,2.0,3.0
201800011514,0018-04-21 15:30:00,18,4,21,15,30,270,151,rue de la fontaine Bulan,49.38375,1.3824,Plein jour,Hors agglomération,Hors intersection,Normale,Autre collision,,,,,,,,,,,1,1,1,1.0,6.0
201800011515,0018-05-06 18:25:00,18,5,6,18,25,270,274,CD 6014,49.3275,1.3989,Plein jour,Hors agglomération,Hors intersection,Temps éblouissant,Deux véhicules - frontale,,,,,,,,,,,1,1,1,7.0,1.0
201800011516,0018-07-28 19:45:00,18,7,28,19,45,270,366,rue de la mairie,49.42487,1.32812,Plein jour,En agglomération,Intersection en Y,Normale,Deux véhicules - frontale,,,,,,,,,,,1,2,4,1.0,1.0
201800011517,0018-07-28 14:45:00,18,7,28,14,45,270,470,58 grande rue,49.33289,1.2774,Plein jour,En agglomération,Hors intersection,Normale,Autre collision,,,,,,,,,,,1,2,1,1.0,6.0
201800011518,0018-07-29 18:25:00,18,7,29,18,25,270,270,D2,49.2886,1.41422,Plein jour,Hors agglomération,Hors intersection,Normale,Autre collision,,,,,,,,,,,1,1,1,1.0,6.0
201800011519,0018-07-31 10:00:00,18,7,31,10,0,270,214,RD 6014 hameau du musseg,49.3031,1.4485,Plein jour,En agglomération,Hors intersection,Normale,Autre collision,,,,,,,,,,,1,2,1,1.0,6.0
201800011520,0018-09-07 16:35:00,18,9,7,16,35,270,104,route de paris,49.38555,1.31049,Plein jour,En agglomération,Hors intersection,Normale,Deux véhicules - arrière,,,,,,,,,,,1,2,1,1.0,2.0
201800011521,0018-09-22 17:15:00,18,9,22,17,15,270,493,rue aux ormes,49.33075,1.26158,Plein jour,En agglomération,Intersection en X,Pluie légère,Autre collision,,,,,,,,,,,1,2,2,2.0,6.0
201800011522,0018-10-20 11:55:00,18,10,20,11,55,270,493,D321,49.32921,1.23552,Plein jour,Hors agglomération,Hors intersection,Normale,Deux véhicules - côté,,,,,,,,,,,1,1,1,1.0,3.0
201800011523,0018-11-10 14:30:00,18,11,10,14,30,270,453,24 rue de la valette,49.40667,1.3768,Plein jour,En agglomération,Hors intersection,Normale,Deux véhicules - frontale,,,,,,,,,,,1,2,1,1.0,1.0
201800011524,0018-01-10 12:00:00,18,1,10,12,0,270,310,ruelle du pressoir,49.28166,1.55392,Plein jour,En agglomération,Autre intersection,Temps couvert,Autre collision,,,,,,,,,,,1,2,9,8.0,6.0
201800011525,0018-01-28 18:45:00,18,1,28,18,45,270,284,rue de Paris,49.2784,1.77695,Nuit sans éclairage public,En agglomération,Hors intersection,Temps couvert,Autre collision,,,,,,,,,,,3,2,1,8.0,6.0
201800011526,0018-02-01 18:55:00,18,2,1,18,55,270,26,RD6014,49.22508,1.63497,Nuit sans éclairage public,Hors agglomération,Hors intersection,Pluie légère,Trois véhicules et plus - collisions multiples,,,,,,,,,,,3,1,1,2.0,5.0
201800011527,0018-03-04 17:40:00,18,3,4,17,40,270,284,Rue de la Reine blanche,49.2764,1.76953,Plein jour,En agglomération,Intersection en T,Normale,Deux véhicules - côté,,,,,,,,,,,1,2,3,1.0,3.0
201800011528,0018-03-23 20:00:00,18,3,23,20,0,270,284,Rue du bouloir,49.27815,1.78524,Nuit avec éclairage allumé,En agglomération,Intersection en X,Temps couvert,Deux véhicules - côté,,,,,,,,,,,5,2,2,8.0,3.0
201800011529,0018-04-01 06:25:00,18,4,1,6,25,270,226,85 rue saint maur,49.3051,1.6202,Nuit avec éclairage allumé,En agglomération,Hors intersection,Normale,Autre collision,,,,,,,,,,,5,2,1,1.0,6.0
201800011530,0018-06-27 05:00:00,18,6,27,5,0,270,426,CD 10,49.27298,1.71634,Crépuscule ou aube,Hors agglomération,Intersection en T,Normale,Deux véhicules - frontale,,,,,,,,,,,2,1,3,1.0,1.0
201800011531,0018-08-05 07:25:00,18,8,5,7,25,270,226,Route départementale 118,49.2936,1.5845,Crépuscule ou aube,Hors agglomération,Hors intersection,Temps éblouissant,Sans collision,,,,,,,,,,,2,1,1,7.0,7.0
201800011532,0018-08-10 07:45:00,18,8,10,7,45,270,26,D 6014,49.22508,1.63497,Plein jour,Hors agglomération,Hors intersection,Normale,Sans collision,,,,,,,,,,,1,1,1,1.0,7.0
201800011533,0018-08-25 18:40:00,18,8,25,18,40,270,420,ROUTE DE LES ANDELYS,49.24796,1.5532,Plein jour,En agglomération,Intersection en Y,Normale,Deux véhicules - arrière,,,,,,,,,,,1,2,4,1.0,2.0
201800011534,0018-09-29 23:50:00,18,9,29,23,50,270,480,5 rue du defens,49.34574,1.51891,Nuit sans éclairage public,En agglomération,Hors intersection,Normale,Autre collision,,,,,,,,,,,3,2,1,1.0,6.0
201800011535,0018-10-07 13:30:00,18,10,7,13,30,270,420,Intersection D6014 / D3,49.2555,1.56249,Plein jour,Hors agglomération,Intersection en X,Temps couvert,Deux véhicules - côté,,,,,,,,,,,1,1,2,8.0,3.0
201800011536,0018-11-09 16:20:00,18,11,9,16,20,270,437,Route départementale 6,49.33305,1.57102,Plein jour,Hors agglomération,Intersection en X,Normale,Deux véhicules - côté,,,,,,,,,,,1,1,2,1.0,3.0
201800011537,0018-12-05 21:45:00,18,12,5,21,45,270,284,D15bis,49.29,1.7654,Nuit sans éclairage public,Hors agglomération,Hors intersection,Pluie légère,Deux véhicules - arrière,,,,,,,,,,,3,1,1,2.0,2.0
201800011538,0018-12-18 11:20:00,18,12,18,11,20,270,45,Rue du Beauregard - D14,49.29995,1.77158,Plein jour,Hors agglomération,Hors intersection,Normale,Deux véhicules - arrière,,,,,,,,,,,1,1,1,1.0,2.0
201800011539,0018-12-24 15:20:00,18,12,24,15,20,270,67,Rd14bis,49.29498,1.6909,Plein jour,Hors agglomération,Hors intersection,Normale,Deux véhicules - arrière,,,,,,,,,,,1,1,1,1.0,2.0
201800011540,0018-01-05 18:25:00,18,1,5,18,25,270,187,2 route d'ecquetot,49.2002,0.9946,Nuit sans éclairage public,En agglomération,Intersection en X,Normale,Deux véhicules - frontale,,,,,,,,,,,3,2,2,1.0,1.0
201800011541,0018-02-14 08:40:00,18,2,14,8,40,270,698,D80,49.1634,0.90815,Plein jour,En agglomération,Hors intersection,Autre,Deux véhicules - frontale,,,,,,,,,,,1,2,1,9.0,1.0
201800011542,0018-03-12 19:10:00,18,3,12,19,10,270,698,RD 80,49.1633,0.9089,Crépuscule ou aube,Hors agglomération,Intersection en Y,Normale,Deux véhicules - côté,,,,,,,,,,,2,1,4,1.0,3.0
201800011543,0018-05-02 18:05:00,18,5,2,18,5,270,428,route départementale 133,49.14924,0.92201,Plein jour,Hors agglomération,Hors intersection,Pluie légère,Deux véhicules - arrière,,,,,,,,,,,1,1,1,2.0,2.0
201800011544,0018-05-25 18:20:00,18,5,25,18,20,270,595,4 route de La Haye du Th,49.25791,0.8869,Plein jour,En agglomération,Hors intersection,Pluie forte,Autre collision,,,,,,,,,,,1,2,1,3.0,6.0
201800011545,0018-09-01 17:50:00,18,9,1,17,50,270,55,Intersection D61 et D175,49.11492,1.07508,Plein jour,Hors agglomération,Intersection en X,Normale,Deux véhicules - côté,,,,,,,,,,,1,1,2,1.0,3.0
201800011546,0018-11-19 09:00:00,18,11,19,9,0,270,504,RUE DU MESNIL,49.07111,1.09594,Crépuscule ou aube,Hors agglomération,Hors intersection,Normale,Autre collision,,,,,,,,,,,2,1,1,1.0,6.0
201800011547,0018-12-14 20:15:00,18,12,14,20,15,270,595,Départementale 26,49.24383,0.91902,Nuit sans éclairage public,Hors agglomération,Intersection en X,Temps couvert,Deux véhicules - côté,,,,,,,,,,,3,1,2,8.0,3.0
201800011548,0018-03-23 17:20:00,18,3,23,17,20,270,18,route de Montfort,49.32077,0.62501,Plein jour,Hors agglomération,Hors intersection,Normale,Sans collision,,,,,,,,,,,1,1,1,1.0,7.0
201800011549,0018-05-17 12:05:00,18,5,17,12,5,270,655,2350 route de Lisieux,49.32869,0.49933,Plein jour,Hors agglomération,Hors intersection,Normale,Sans collision,,,,,,,,,,,1,1,1,1.0,7.0
201800011550,0018-06-07 17:30:00,18,6,7,17,30,270,467,avenue jean monnet,49.34816,0.54047,Plein jour,En agglomération,Hors intersection,Normale,Deux véhicules - côté,,,,,,,,,,,1,2,1,1.0,3.0
201800011551,0018-07-25 13:00:00,18,7,25,13,0,270,65,D 27,49.32941,0.36529,Plein jour,Hors agglomération,Hors intersection,Normale,Deux véhicules - frontale,,,,,,,,,,,1,1,1,1.0,1.0
201800011552,0018-08-02 21:45:00,18,8,2,21,45,270,388,"N 182, gare de péage sen",49.46449,0.47308,Crépuscule ou aube,Hors agglomération,Hors intersection,Normale,Autre collision,,,,,,,,,,,2,1,1,1.0,6.0
201800011553,0018-09-19 08:30:00,18,9,19,8,30,270,467,D675,49.35014,0.52062,Plein jour,En agglomération,Giratoire,Normale,Deux véhicules - côté,,,,,,,,,,,1,2,6,1.0,3.0
201800011554,0018-10-14 12:20:00,18,10,14,12,20,270,518,D89,49.44919,0.55256,Plein jour,Hors agglomération,Hors intersection,Normale,Deux véhicules - côté,,,,,,,,,,,1,1,1,1.0,3.0
201800011555,0018-11-29 17:15:00,18,11,29,17,15,270,656,57 route de la vallée de,49.35796,0.48107,Plein jour,Hors agglomération,Hors intersection,Temps couvert,Autre collision,,,,,,,,,,,1,1,1,8.0,6.0
201800011556,0018-12-22 12:45:00,18,12,22,12,45,270,65,Départementale 27,49.34631,0.36247,Plein jour,Hors agglomération,Hors intersection,Normale,Autre collision,,,,,,,,,,,1,1,1,1.0,6.0
201800011557,0018-02-16 18:50:00,18,2,16,18,50,270,317,1715 route de bournevill,49.38106,0.67255,Nuit sans éclairage public,Hors agglomération,Hors intersection,Autre,Autre collision,,,,,,,,,,,3,1,1,9.0,6.0
201800011558,0018-02-25 13:35:00,18,2,25,13,35,270,93,1090 route de Montfort,49.2819,0.8965,Plein jour,Hors agglomération,Hors intersection,Normale,Sans collision,,,,,,,,,,,1,1,1,1.0,7.0
201800011559,0018-04-21 09:35:00,18,4,21,9,35,270,582,rue des canadiens,49.29532,0.94892,Plein jour,En agglomération,Intersection en T,Normale,Autre collision,,,,,,,,,,,1,2,3,1.0,6.0
201800011560,0018-05-05 15:00:00,18,5,5,15,0,270,62,route des barrabas,49.30279,0.82506,Plein jour,Hors agglomération,Hors intersection,Normale,Deux véhicules - côté,,,,,,,,,,,1,1,1,1.0,3.0
201800011561,0018-05-07 11:00:00,18,5,7,11,0,270,102,D144,49.36701,0.76503,Plein jour,Hors agglomération,Hors intersection,Normale,Deux véhicules - côté,,,,,,,,,,,1,1,1,1.0,3.0
201800011562,0018-06-02 17:15:00,18,6,2,17,15,270,223,rue d'Epreville,49.33057,0.78994,Plein jour,En agglomération,Hors intersection,Autre,Sans collision,,,,,,,,,,,1,2,1,9.0,7.0
201800011563,0018-06-07 17:00:00,18,6,7,17,0,270,133,"Quai de Seine, intersect",49.38494,0.91536,Plein jour,En agglomération,Intersection en T,Normale,Deux véhicules - côté,,,,,,,,,,,1,2,3,1.0,3.0
201800011564,0018-07-01 11:30:00,18,7,1,11,30,270,133,"Quai de Seine, D93",49.35954,0.92154,Plein jour,En agglomération,Hors intersection,Normale,Deux véhicules - frontale,,,,,,,,,,,1,2,1,1.0,1.0
201800011565,0018-10-31 07:45:00,18,10,31,7,45,270,661,rue caillemare,49.35734,0.874,Plein jour,Hors agglomération,Hors intersection,Normale,Deux véhicules - côté,,,,,,,,,,,1,1,1,1.0,3.0
201800011566,0018-11-17 12:50:00,18,11,17,12,50,270,340,RD 313E,49.35944,0.82774,Plein jour,Hors agglomération,Hors intersection,Normale,Sans collision,,,,,,,,,,,1,1,1,1.0,7.0
201800011567,0018-11-24 23:30:00,18,11,24,23,30,270,316,ROUTE DE BROTONNE,49.40581,0.7435,Nuit sans éclairage public,Hors agglomération,Hors intersection,Normale,Autre collision,,,,,,,,,,,3,1,1,1.0,6.0
201800011568,0018-12-10 07:45:00,18,12,10,7,45,270,582,28 rue des canadiens,49.29416,0.95196,Crépuscule ou aube,En agglomération,Giratoire,Normale,Autre collision,,,,,,,,,,,2,2,6,1.0,6.0
201800011569,0018-12-21 20:15:00,18,12,21,20,15,270,90,Route départementale 313,49.29627,0.93563,Nuit sans éclairage public,Hors agglomération,Intersection en X,Pluie légère,Deux véhicules - côté,,,,,,,,,,,3,1,2,2.0,3.0
201800011570,0018-01-11 18:25:00,18,1,11,18,25,270,435,CD810,49.2669,0.51639,Nuit avec éclairage allumé,En agglomération,Hors intersection,Brouillard / fumée,Autre collision,,,,,,,,,,,5,2,1,5.0,6.0
201800011571,0018-03-31 10:15:00,18,3,31,10,15,270,110,RD 47,49.3316,0.6744,Plein jour,Hors agglomération,Hors intersection,Normale,Autre collision,,,,,,,,,,,1,1,1,1.0,6.0
201800011572,0018-04-17 06:20:00,18,4,17,6,20,270,591,route de Lisieux,49.23962,0.38046,Crépuscule ou aube,Hors agglomération,Hors intersection,Normale,Autre collision,,,,,,,,,,,2,1,1,1.0,6.0
201800011573,0018-05-07 10:00:00,18,5,7,10,0,270,367,D27,49.22628,0.49174,Plein jour,Hors agglomération,Intersection en X,Temps éblouissant,Deux véhicules - frontale,,,,,,,,,,,1,1,2,7.0,1.0
201800011574,0018-06-28 17:50:00,18,6,28,17,50,270,435,D810,49.28253,0.52371,Plein jour,Hors agglomération,Intersection en X,Normale,Deux véhicules - côté,,,,,,,,,,,1,1,2,1.0,3.0
201800011575,0018-10-10 18:24:00,18,10,10,18,24,270,349,route du val de risle,49.31474,0.7048,Plein jour,En agglomération,Intersection en X,Normale,Autre collision,,,,,,,,,,,1,2,2,1.0,6.0
201800011576,0018-12-04 20:40:00,18,12,4,20,40,270,218,CD139 - PK 007.100,49.28739,0.44765,Nuit sans éclairage public,Hors agglomération,Hors intersection,Normale,Trois véhicules et plus - en chaîne,,,,,,,,,,,3,1,1,1.0,4.0
201800011577,0018-12-17 11:00:00,18,12,17,11,0,270,349,Intersection CD91/CD94,49.32206,0.72955,Plein jour,Hors agglomération,Intersection en X,Temps éblouissant,Trois véhicules et plus - collisions multiples,,,,,,,,,,,1,1,2,7.0,5.0
201800011578,0018-01-17 12:30:00,18,1,17,12,30,850,213,Saint-Eugène,46.60697,-1.33967,Plein jour,Hors agglomération,Hors intersection,Normale,Deux véhicules - frontale,,,,,,,,,,,1,1,1,1.0,1.0
201800011579,0018-02-17 20:00:00,18,2,17,20,0,850,46,RD948,46.66848,-1.32827,Nuit sans éclairage public,Hors agglomération,Hors intersection,Normale,Autre collision,,,,,,,,,,,3,1,1,1.0,6.0
201800011580,0018-03-19 03:20:00,18,3,19,3,20,850,213,ST JOSEPH,46.60582,-1.3376,Nuit sans éclairage public,Hors agglomération,Hors intersection,Normale,Autre collision,,,,,,,,,,,3,1,1,1.0,6.0
201800011581,0018-03-25 18:30:00,18,3,25,18,30,850,61,Billy,46.56088,-1.2659,Plein jour,Hors agglomération,Hors intersection,Normale,Autre collision,,,,,,,,,,,1,1,1,1.0,6.0
201800011582,0018-04-07 13:30:00,18,4,7,13,30,850,160,LE CHAILLOT,46.59352,-1.44297,Plein jour,Hors agglomération,Hors intersection,Pluie légère,Autre collision,,,,,,,,,,,1,1,1,2.0,6.0
201800011583,0018-04-25 07:50:00,18,4,25,7,50,850,23,Carrefour CD88 / CD 7,46.53921,-1.15775,Plein jour,Hors agglomération,Intersection en X,Normale,Deux véhicules - arrière,,,,,,,,,,,1,1,2,1.0,2.0
201800011584,0018-06-16 01:20:00,18,6,16,1,20,850,8,,46.63197,-1.43998,Nuit sans éclairage public,Hors agglomération,Hors intersection,Normale,Deux véhicules - arrière,,,,,,,,,,,3,1,1,1.0,2.0
201800011585,0018-06-24 07:30:00,18,6,24,7,30,850,93,lieu dit la menardière,46.68079,-1.21759,Plein jour,Hors agglomération,Hors intersection,Normale,Deux véhicules - côté,,,,,,,,,,,1,1,1,1.0,3.0
201800011586,0018-07-13 07:00:00,18,7,13,7,0,850,213,LE PAVILLON,46.62479,-1.37283,Crépuscule ou aube,Hors agglomération,Hors intersection,Normale,Autre collision,,,,,,,,,,,2,1,1,1.0,6.0
201800011587,0018-07-21 18:30:00,18,7,21,18,30,850,69,RUE DU CALVAIRE/IMPASSE,46.63974,-1.45793,Plein jour,Hors agglomération,Hors intersection,Normale,Autre collision,,,,,,,,,,,1,1,1,1.0,6.0
201800011588,0018-08-17 18:00:00,18,8,17,18,0,850,291,LA BOSSARDIERE,46.6091,-1.21171,Plein jour,Hors agglomération,Hors intersection,Normale,Autre collision,,,,,,,,,,,1,1,1,1.0,6.0