accident_id,datetime,annee,mois,jour,heure,minute,departement,commune_insee,adresse,latitude,longitude,luminosite,agglomeration,intersection,meteo,collision,nb_vehicules,nb_usagers,nb_indemnes,nb_tues,nb_blesses_hosp,nb_blesses_legers,age_cond_1,age_cond_2,veh_type_cond_1,veh_type_cond_2,lum_code,agg_code,int_code,atm_code,col_code
201800011841,0018-07-31 01:00:00,18,7,31,1,0,40,137,,44.2965,6.03045,Nuit sans éclairage public,Hors agglomération,Hors intersection,Normale,Autre collision,,,,,,,,,,,3,1,1,1.0,6.0
201800011842,0018-01-13 11:30:00,18,1,13,11,30,240,166,la garde,45.16533,0.85418,Plein jour,Hors agglomération,Hors intersection,Temps couvert,Deux véhicules - côté,,,,,,,,,,,1,1,1,8.0,3.0
201800011843,0018-02-06 13:00:00,18,2,6,13,0,240,115,La monnerie,45.25735,0.68224,Plein jour,Hors agglomération,Hors intersection,Temps couvert,Deux véhicules - frontale,,,,,,,,,,,1,1,1,8.0,1.0
201800011844,0018-02-10 02:21:00,18,2,10,2,21,240,115,LE BOURG,45.24485,0.68853,Nuit sans éclairage public,Hors agglomération,Hors intersection,Autre,Deux véhicules - frontale,,,,,,,,,,,3,1,1,9.0,1.0
201800011845,0018-02-25 16:00:00,18,2,25,16,0,240,270,CD 6089,45.12648,0.91226,Plein jour,Hors agglomération,Hors intersection,Normale,Sans collision,,,,,,,,,,,1,1,1,1.0,7.0
201800011846,0018-03-21 13:26:00,18,3,21,13,26,240,571,Perlichat,45.03847,0.74023,Plein jour,Hors agglomération,Hors intersection,Normale,Sans collision,,,,,,,,,,,1,1,1,1.0,7.0
201800011847,0018-04-19 17:15:00,18,4,19,17,15,240,26,D5,45.19236,0.82734,Plein jour,Hors agglomération,Hors intersection,Normale,Deux véhicules - frontale,,,,,,,,,,,1,1,1,1.0,1.0
201800011848,0018-05-20 19:15:00,18,5,20,19,15,240,571,19 place de Périgueux,45.03105,0.71781,Plein jour,En agglomération,Hors intersection,Normale,Deux véhicules - frontale,,,,,,,,,,,1,2,1,1.0,1.0
201800011849,0018-08-15 19:30:00,18,8,15,19,30,240,94,Le Ménaudou,45.10578,0.68397,Plein jour,Hors agglomération,Hors intersection,Normale,Autre collision,,,,,,,,,,,1,1,1,1.0,6.0
201800011850,0018-08-31 14:10:00,18,8,31,14,10,240,312,route de Vergt,45.1317,0.70255,Plein jour,Hors agglomération,Giratoire,Normale,Autre collision,,,,,,,,,,,1,1,6,1.0,6.0
201800011851,0018-09-24 13:45:00,18,9,24,13,45,240,26,ROUTE DU CAMP MERCEDES,45.17329,0.81516,Plein jour,Hors agglomération,Hors intersection,Normale,Deux véhicules - côté,,,,,,,,,,,1,1,1,1.0,3.0
201800011852,0018-10-04 16:05:00,18,10,4,16,5,240,312,11 route de pommier,45.17594,0.7317,Plein jour,En agglomération,Hors intersection,Normale,Autre collision,,,,,,,,,,,1,2,1,1.0,6.0
201800011853,0018-11-09 20:00:00,18,11,9,20,0,240,484,RD6089,45.12252,0.8754,Nuit sans éclairage public,Hors agglomération,Hors intersection,Normale,Autre collision,,,,,,,,,,,3,1,1,1.0,6.0
201800011854,0018-11-15 01:30:00,18,11,15,1,30,240,208,Bordas,45.05689,0.6552,Nuit sans éclairage public,Hors agglomération,Hors intersection,Brouillard / fumée,Autre collision,,,,,,,,,,,3,1,1,5.0,6.0
201800011855,0018-12-08 19:30:00,18,12,8,19,30,240,459,coutel,45.01923,0.63453,Nuit sans éclairage public,Hors agglomération,Hors intersection,Pluie légère,Autre collision,,,,,,,,,,,3,1,1,2.0,6.0
201800011856,0018-04-30 07:31:00,18,4,30,7,31,240,550,Le Jarry Carret,45.1205,1.09306,Plein jour,Hors agglomération,Hors intersection,Autre,Deux véhicules - côté,,,,,,,,,,,1,1,1,9.0,3.0
201800011857,0018-06-04 16:50:00,18,6,4,16,50,240,463,La Tuilière,45.33432,1.0764,Plein jour,Hors agglomération,Hors intersection,Pluie forte,Autre collision,,,,,,,,,,,1,1,1,3.0,6.0
201800011858,0018-08-29 17:25:00,18,8,29,17,25,240,448,CD705,45.3315,1.04624,Plein jour,Hors agglomération,Intersection en X,Normale,Deux véhicules - côté,,,,,,,,,,,1,1,2,1.0,3.0
201800011859,0018-09-28 22:25:00,18,9,28,22,25,240,555,Les tuillières,45.28903,1.06745,Nuit avec éclairage non allumé,Hors agglomération,Hors intersection,Normale,Autre collision,,,,,,,,,,,4,1,1,1.0,6.0
201800011860,0018-09-30 17:40:00,18,9,30,17,40,240,188,AUX POUX,45.1268,1.01692,Plein jour,Hors agglomération,Hors intersection,Normale,Sans collision,,,,,,,,,,,1,1,1,1.0,7.0
201800011861,0018-11-28 16:55:00,18,11,28,16,55,240,550,Place Michel MONTAIGNE,45.13692,1.07132,Plein jour,En agglomération,Hors intersection,Normale,Autre collision,,,,,,,,,,,1,2,1,1.0,6.0
201800011862,0018-12-11 09:50:00,18,12,11,9,50,240,137,CHARDEUIL,45.3036,0.95953,Plein jour,Hors agglomération,Hors intersection,Normale,Deux véhicules - frontale,,,,,,,,,,,1,1,1,1.0,1.0
201800011863,0018-12-11 07:45:00,18,12,11,7,45,240,120,Mongiaud,45.27656,1.10087,Crépuscule ou aube,Hors agglomération,Hors intersection,Brouillard / fumée,Sans collision,,,,,,,,,,,2,1,1,5.0,7.0
201800011864,0018-12-17 12:20:00,18,12,17,12,20,240,11,les tavernes,45.24434,0.79482,Plein jour,Hors agglomération,Hors intersection,Temps couvert,Sans collision,,,,,,,,,,,1,1,1,8.0,7.0
201800011865,0018-12-28 09:15:00,18,12,28,9,15,240,147,RD5,45.2235,0.93679,Plein jour,En agglomération,Intersection en X,Normale,Deux véhicules - côté,,,,,,,,,,,1,2,2,1.0,3.0
201800011866,0018-02-04 23:30:00,18,2,4,23,30,240,182,route du mignon,44.87495,0.24067,Nuit avec éclairage allumé,En agglomération,Intersection en X,Normale,Deux véhicules - côté,,,,,,,,,,,5,2,2,1.0,3.0
201800011867,0018-02-23 21:00:00,18,2,23,21,0,240,581,Place du 19 mars 1962,45.0222,0.54246,Nuit avec éclairage allumé,En agglomération,Place,Normale,Autre collision,,,,,,,,,,,5,2,7,1.0,6.0
201800011868,0018-05-12 10:00:00,18,5,12,10,0,240,77,lacoste,44.92082,0.56062,Plein jour,Hors agglomération,Intersection en T,Pluie légère,Trois véhicules et plus - en chaîne,,,,,,,,,,,1,1,3,2.0,4.0
201800011869,0018-06-28 15:15:00,18,6,28,15,15,240,77,le Touron,44.95789,0.58722,Plein jour,Hors agglomération,Hors intersection,Normale,Deux véhicules - frontale,,,,,,,,,,,1,1,1,1.0,1.0
201800011870,0018-07-08 15:24:00,18,7,8,15,24,240,182,322 RUE HENRI DE NAVARRE,44.88092,0.26451,Plein jour,En agglomération,Hors intersection,Normale,Trois véhicules et plus - collisions multiples,,,,,,,,,,,1,2,1,1.0,5.0
201800011871,0018-07-16 00:40:00,18,7,16,0,40,240,426,RD39,45.02681,0.51781,Nuit sans éclairage public,Hors agglomération,Hors intersection,Normale,Autre collision,,,,,,,,,,,3,1,1,1.0,6.0
201800011872,0018-08-05 11:20:00,18,8,5,11,20,240,259,Le grand Vignoble,44.93644,0.51319,Plein jour,Hors agglomération,Hors intersection,Normale,Deux véhicules - frontale,,,,,,,,,,,1,1,1,1.0,1.0
201800011873,0018-08-09 08:00:00,18,8,9,8,0,240,31,d38,44.98702,0.63159,Plein jour,Hors agglomération,Hors intersection,Autre,Deux véhicules - frontale,,,,,,,,,,,1,1,1,9.0,1.0
201800011874,0018-08-27 16:15:00,18,8,27,16,15,240,419,le port de mouleydier,44.85125,0.59343,Plein jour,Hors agglomération,Intersection en X,Normale,Deux véhicules - côté,,,,,,,,,,,1,1,2,1.0,3.0
201800011875,0018-08-27 09:50:00,18,8,27,9,50,240,182,route la faurie,44.87741,0.24706,Plein jour,En agglomération,Hors intersection,Normale,Autre collision,,,,,,,,,,,1,2,1,1.0,6.0
201800011876,0018-09-20 12:15:00,18,9,20,12,15,240,413,Départementale 16,44.93031,0.3591,Plein jour,Hors agglomération,Hors intersection,Normale,Autre collision,,,,,,,,,,,1,1,1,1.0,6.0
201800011877,0018-10-05 19:05:00,18,10,5,19,5,240,285,les perrieres,44.98889,0.54415,Plein jour,Hors agglomération,Hors intersection,Normale,Autre collision,,,,,,,,,,,1,1,1,1.0,6.0
201800011878,0018-10-08 17:30:00,18,10,8,17,30,240,77,LE TOURON,44.96056,0.58842,Plein jour,Hors agglomération,Hors intersection,Normale,Trois véhicules et plus - collisions multiples,,,,,,,,,,,1,1,1,1.0,5.0
201800011879,0018-10-21 07:18:00,18,10,21,7,18,240,487,Route du Fleix,44.86567,0.29137,Nuit sans éclairage public,Hors agglomération,Hors intersection,Brouillard / fumée,Autre collision,,,,,,,,,,,3,1,1,5.0,6.0
201800011880,0018-11-04 18:45:00,18,11,4,18,45,240,340,52-60 ROUTE DU STADE,44.86059,0.3901,Nuit sans éclairage public,Hors agglomération,Intersection en X,Normale,Deux véhicules - côté,,,,,,,,,,,3,1,2,1.0,3.0
201800011881,0018-12-06 03:30:00,18,12,6,3,30,240,237,68 route de Périgueux,44.88444,0.542,Nuit sans éclairage public,Hors agglomération,Hors intersection,Normale,Sans collision,,,,,,,,,,,3,1,1,1.0,7.0
201800011882,0018-01-01 10:10:00,18,1,1,10,10,240,311,Pk 19 D675,45.55506,0.67394,Plein jour,Hors agglomération,Hors intersection,Pluie forte,Autre collision,,,,,,,,,,,1,1,1,3.0,6.0
201800011883,0018-04-21 12:45:00,18,4,21,12,45,240,398,Maisonneuve,45.63637,0.64823,Plein jour,Hors agglomération,Intersection en X,Normale,Deux véhicules - côté,,,,,,,,,,,1,1,2,1.0,3.0
201800011884,0018-06-25 07:30:00,18,6,25,7,30,240,451,Chez Yonnet,45.503,0.65669,Plein jour,Hors agglomération,Hors intersection,Normale,Trois véhicules et plus - collisions multiples,,,,,,,,,,,1,1,1,1.0,5.0
201800011885,0018-07-31 15:50:00,18,7,31,15,50,240,498,MONTAGNAC,45.51952,0.81132,Plein jour,Hors agglomération,Hors intersection,Normale,Sans collision,,,,,,,,,,,1,1,1,1.0,7.0
201800011886,0018-08-07 05:30:00,18,8,7,5,30,240,381,village des gites Lapeyr,45.6397,0.72743,Nuit sans éclairage public,Hors agglomération,Hors intersection,Normale,Autre collision,,,,,,,,,,,3,1,1,1.0,6.0
201800011887,0018-08-18 15:40:00,18,8,18,15,40,240,498,mazaubrun,45.54395,0.85934,Plein jour,Hors agglomération,Hors intersection,Normale,Sans collision,,,,,,,,,,,1,1,1,1.0,7.0
201800011888,0018-08-31 16:00:00,18,8,31,16,0,240,311,D3,45.5553,0.67162,Plein jour,Hors agglomération,Hors intersection,Normale,Deux véhicules - frontale,,,,,,,,,,,1,1,1,1.0,1.0
201800011889,0018-09-11 10:25:00,18,9,11,10,25,240,451,Route de Nontron,45.5153,0.64667,Plein jour,Hors agglomération,Intersection en X,Normale,Deux véhicules - côté,,,,,,,,,,,1,1,2,1.0,3.0
201800011890,0018-10-17 07:25:00,18,10,17,7,25,240,248,RD 708,45.49995,0.59596,Nuit sans éclairage public,Hors agglomération,Hors intersection,Normale,Autre collision,,,,,,,,,,,3,1,1,1.0,6.0
201800011891,0018-12-05 17:30:00,18,12,5,17,30,240,565,Le gauty,45.62575,0.54988,Nuit sans éclairage public,Hors agglomération,Hors intersection,Normale,Autre collision,,,,,,,,,,,3,1,1,1.0,6.0
201800011892,0018-12-20 16:15:00,18,12,20,16,15,240,458,Le four a chaux,45.54494,0.63594,Plein jour,Hors agglomération,Hors intersection,Pluie légère,Autre collision,,,,,,,,,,,1,1,1,2.0,6.0
201800011893,0018-01-15 12:15:00,18,1,15,12,15,240,129,Valade,45.3642,0.70352,Plein jour,Hors agglomération,Intersection en X,Normale,Deux véhicules - frontale,,,,,,,,,,,1,1,2,1.0,1.0
201800011894,0018-05-05 07:30:00,18,5,5,7,30,240,129,Valade,45.36427,0.71079,Plein jour,Hors agglomération,Hors intersection,Normale,Autre collision,,,,,,,,,,,1,1,1,1.0,6.0
201800011895,0018-05-09 23:30:00,18,5,9,23,30,240,579,Chez Noaillac,45.44044,0.47705,Nuit sans éclairage public,Hors agglomération,Hors intersection,Normale,Autre collision,,,,,,,,,,,3,1,1,1.0,6.0
201800011896,0018-05-30 13:00:00,18,5,30,13,0,240,579,RD 939,45.44819,0.46454,Plein jour,Hors agglomération,Hors intersection,Normale,Autre collision,,,,,,,,,,,1,1,1,1.0,6.0
201800011897,0018-07-06 18:00:00,18,7,6,18,0,240,64,le moulin de grenier,45.35597,0.63061,Plein jour,Hors agglomération,Hors intersection,Normale,Sans collision,,,,,,,,,,,1,1,1,1.0,7.0
201800011898,0018-07-23 14:10:00,18,7,23,14,10,240,474,BELLEVUE,45.43626,0.66193,Plein jour,Hors agglomération,Autre intersection,Normale,Deux véhicules - côté,,,,,,,,,,,1,1,9,1.0,3.0
201800011899,0018-01-04 16:00:00,18,1,4,16,0,240,218,la perdicie,45.49781,1.07582,Plein jour,Hors agglomération,Hors intersection,Pluie légère,Deux véhicules - frontale,,,,,,,,,,,1,1,1,2.0,1.0
201800011900,0018-02-15 11:30:00,18,2,15,11,30,240,133,avenue de Périgueux,45.53704,0.9725,Plein jour,En agglomération,Intersection en T,Pluie légère,Deux véhicules - côté,,,,,,,,,,,1,2,3,2.0,3.0
201800011901,0018-02-21 09:15:00,18,2,21,9,15,240,522,le caillou blanc,45.43768,1.00632,Plein jour,Hors agglomération,Hors intersection,Normale,Deux véhicules - frontale,,,,,,,,,,,1,1,1,1.0,1.0
201800011902,0018-04-27 08:05:00,18,4,27,8,5,240,218,39 rue du stade,45.49523,1.0675,Crépuscule ou aube,En agglomération,Intersection en T,Temps éblouissant,Autre collision,,,,,,,,,,,2,2,3,7.0,6.0
201800011903,0018-05-14 14:00:00,18,5,14,14,0,240,505,le pic,45.37889,1.02001,Plein jour,Hors agglomération,Hors intersection,Pluie légère,Deux véhicules - frontale,,,,,,,,,,,1,1,1,2.0,1.0
201800011904,0018-05-31 19:30:00,18,5,31,19,30,240,519,LA VEYSSIERE HAUTE,45.46371,1.15724,Crépuscule ou aube,Hors agglomération,Hors intersection,Pluie légère,Sans collision,,,,,,,,,,,2,1,1,2.0,7.0
201800011905,0018-06-11 13:30:00,18,6,11,13,30,240,551,mauchat,45.41402,0.89985,Plein jour,Hors agglomération,Hors intersection,Pluie légère,Deux véhicules - frontale,,,,,,,,,,,1,1,1,2.0,1.0
201800011906,0018-11-07 07:15:00,18,11,7,7,15,240,133,La Tuilière,45.53341,0.96781,Nuit sans éclairage public,Hors agglomération,Hors intersection,Pluie légère,Autre collision,,,,,,,,,,,3,1,1,2.0,6.0
201800011907,0018-11-23 15:25:00,18,11,23,15,25,240,305,les longeix,45.39253,0.9705,Plein jour,Hors agglomération,Hors intersection,Pluie légère,Sans collision,,,,,,,,,,,1,1,1,2.0,7.0
201800011908,0018-11-30 18:10:00,18,11,30,18,10,240,133,Rue Louis Pasteur,45.53776,0.97213,Nuit sans éclairage public,En agglomération,Hors intersection,Brouillard / fumée,Autre collision,,,,,,,,,,,3,2,1,5.0,6.0
201800011909,0018-01-18 10:15:00,18,1,18,10,15,240,154,plaisance,45.2129,0.44171,Plein jour,Hors agglomération,Intersection en Y,Pluie légère,Deux véhicules - côté,,,,,,,,,,,1,1,4,2.0,3.0
201800011910,0018-02-09 15:30:00,18,2,9,15,30,240,7,le pontet,45.29326,0.26595,Plein jour,Hors agglomération,Hors intersection,Pluie légère,Deux véhicules - frontale,,,,,,,,,,,1,1,1,2.0,1.0
201800011911,0018-03-29 16:40:00,18,3,29,16,40,240,460,les clauds,45.25455,0.39305,Plein jour,Hors agglomération,Intersection en Y,Normale,Deux véhicules - frontale,,,,,,,,,,,1,1,4,1.0,1.0
201800011912,0018-04-25 12:35:00,18,4,25,12,35,240,352,les barnouilles,45.22277,0.32678,Plein jour,Hors agglomération,Hors intersection,Normale,Autre collision,,,,,,,,,,,1,1,1,1.0,6.0
201800011913,0018-08-06 20:25:00,18,8,6,20,25,240,564,le pauly,45.24204,0.28589,Plein jour,Hors agglomération,Hors intersection,Normale,Sans collision,,,,,,,,,,,1,1,1,1.0,7.0
201800011914,0018-08-24 09:45:00,18,8,24,9,45,240,199,Beaubost,45.43637,0.39482,Plein jour,Hors agglomération,Intersection en X,Normale,Deux véhicules - frontale,,,,,,,,,,,1,1,2,1.0,1.0
201800011915,0018-10-21 20:00:00,18,10,21,20,0,240,144,Le treuilh,45.31133,0.55217,Nuit sans éclairage public,Hors agglomération,Hors intersection,Normale,Sans collision,,,,,,,,,,,3,1,1,1.0,7.0
201800011916,0018-10-23 20:00:00,18,10,23,20,0,240,7,porboutou,45.2942,0.28045,Nuit sans éclairage public,Hors agglomération,Hors intersection,Normale,Deux véhicules - frontale,,,,,,,,,,,3,1,1,1.0,1.0
201800011917,0018-12-26 13:40:00,18,12,26,13,40,240,586,D99,45.26301,0.37072,Plein jour,Hors agglomération,Hors intersection,Normale,Deux véhicules - arrière,,,,,,,,,,,1,1,1,1.0,2.0
201800011918,0018-05-05 16:30:00,18,5,5,16,30,240,354,Petit Barail,45.13638,0.00364,Plein jour,Hors agglomération,Hors intersection,Normale,Autre collision,,,,,,,,,,,1,1,1,1.0,6.0
201800011919,0018-11-02 19:00:00,18,11,2,19,0,240,354,la croix grand-mère,45.12546,-0.00845,Nuit sans éclairage public,Hors agglomération,Hors intersection,Normale,Deux véhicules - frontale,,,,,,,,,,,3,1,1,1.0,1.0
201800011920,0018-03-14 19:40:00,18,3,14,19,40,240,252,Prends toi garde,44.9305,1.20662,Nuit sans éclairage public,Hors agglomération,Hors intersection,Normale,Deux véhicules - côté,,,,,,,,,,,3,1,1,1.0,3.0
201800011921,0018-05-20 16:15:00,18,5,20,16,15,240,544,Route de l'étang,44.96544,1.15959,Plein jour,Hors agglomération,Hors intersection,Temps éblouissant,Sans collision,,,,,,,,,,,1,1,1,7.0,7.0
201800011922,0018-06-13 13:30:00,18,6,13,13,30,240,520,Avenue de la Dordogne,44.87256,1.21046,Plein jour,En agglomération,Intersection en Y,Normale,Trois véhicules et plus - collisions multiples,,,,,,,,,,,1,2,4,1.0,5.0
201800011923,0018-06-16 18:50:00,18,6,16,18,50,240,412,les quatres routes,44.99602,1.24195,Plein jour,Hors agglomération,Intersection en X,Normale,Deux véhicules - arrière,,,,,,,,,,,1,1,2,1.0,2.0
201800011924,0018-07-09 09:15:00,18,7,9,9,15,240,412,Le bourg,44.99392,1.25337,Plein jour,En agglomération,Intersection en X,Normale,Deux véhicules - côté,,,,,,,,,,,1,2,2,1.0,3.0
201800011925,0018-08-07 16:30:00,18,8,7,16,30,240,520,avenue de la Dordogne,44.87278,1.21089,Plein jour,En agglomération,Autre intersection,Normale,Deux véhicules - frontale,,,,,,,,,,,1,2,9,1.0,1.0
201800011926,0018-09-04 08:40:00,18,9,4,8,40,240,520,boulevard Arlet,44.88792,1.21866,Plein jour,En agglomération,Hors intersection,Temps éblouissant,Autre collision,,,,,,,,,,,1,2,1,7.0,6.0
201800011927,0018-09-07 16:15:00,18,9,7,16,15,240,366,chemin de Fajolle,44.8951,1.16053,Plein jour,Hors agglomération,Hors intersection,Normale,Sans collision,,,,,,,,,,,1,1,1,1.0,7.0
201800011928,0018-09-16 01:50:00,18,9,16,1,50,240,341,le Pech de la tour,44.94817,1.24414,Nuit sans éclairage public,Hors agglomération,Hors intersection,Normale,Autre collision,,,,,,,,,,,3,1,1,1.0,6.0
201800011929,0018-10-16 00:30:00,18,10,16,0,30,240,587,La Fabrique,44.84538,1.21493,Nuit sans éclairage public,Hors agglomération,Hors intersection,Brouillard / fumée,Autre collision,,,,,,,,,,,3,1,1,5.0,6.0
201800011930,0018-11-03 00:05:00,18,11,3,0,5,240,587,le port,44.82725,1.22278,Nuit avec éclairage allumé,En agglomération,Hors intersection,Normale,Autre collision,,,,,,,,,,,5,2,1,1.0,6.0
201800011931,0018-11-07 14:50:00,18,11,7,14,50,240,74,le port,44.85175,1.32797,Plein jour,Hors agglomération,Hors intersection,Pluie légère,Deux véhicules - frontale,,,,,,,,,,,1,1,1,2.0,1.0
201800011932,0018-12-23 16:05:00,18,12,23,16,5,240,471,les tourelles,44.89446,1.26183,Plein jour,Hors agglomération,Hors intersection,Normale,Trois véhicules et plus - collisions multiples,,,,,,,,,,,1,1,1,1.0,5.0
201800011933,0018-01-04 14:35:00,18,1,4,14,35,240,76,D35 - LE BOURG,44.90763,0.97042,Plein jour,En agglomération,Hors intersection,Pluie légère,Autre collision,,,,,,,,,,,1,2,1,2.0,6.0
201800011934,0018-01-08 08:50:00,18,1,8,8,50,240,87,Fontgoumier,44.88427,1.06967,Plein jour,Hors agglomération,Hors intersection,Normale,Deux véhicules - frontale,,,,,,,,,,,1,1,1,1.0,1.0
201800011935,0018-03-08 15:10:00,18,3,8,15,10,240,404,D710 PK49+450,45.01789,0.88011,Plein jour,Hors agglomération,Hors intersection,Normale,Deux véhicules - frontale,,,,,,,,,,,1,1,1,1.0,1.0
201800011936,0018-05-26 18:05:00,18,5,26,18,5,240,377,Fontestévénie,44.92195,0.87246,Plein jour,Hors agglomération,Hors intersection,Normale,Deux véhicules - frontale,,,,,,,,,,,1,1,1,1.0,1.0
201800011937,0018-06-02 17:45:00,18,6,2,17,45,240,6,D 50,44.8243,1.07133,Plein jour,Hors agglomération,Hors intersection,Normale,Autre collision,,,,,,,,,,,1,1,1,1.0,6.0
201800011938,0018-06-07 20:15:00,18,6,7,20,15,240,142,Braguel,44.84255,0.97634,Plein jour,Hors agglomération,Hors intersection,Normale,Sans collision,,,,,,,,,,,1,1,1,1.0,7.0
201800011939,0018-07-09 14:40:00,18,7,9,14,40,240,172,les combarelles,44.94506,1.04326,Plein jour,Hors agglomération,Hors intersection,Normale,Deux véhicules - frontale,,,,,,,,,,,1,1,1,1.0,1.0
201800011940,0018-09-01 22:20:00,18,9,1,22,20,240,67,d703,44.91254,0.91306,Nuit sans éclairage public,Hors agglomération,Hors intersection,Normale,Sans collision,,,,,,,,,,,3,1,1,1.0,7.0
201800011941,0018-10-20 07:25:00,18,10,20,7,25,240,404,les chaumes,45.01045,0.88435,Crépuscule ou aube,Hors agglomération,Hors intersection,Normale,Deux véhicules - frontale,,,,,,,,,,,2,1,1,1.0,1.0
201800011942,0018-11-09 18:45:00,18,11,9,18,45,240,67,la peyre,44.93741,0.90688,Nuit sans éclairage public,Hors agglomération,Intersection en T,Normale,Trois véhicules et plus - en chaîne,,,,,,,,,,,3,1,3,1.0,4.0
201800011943,0018-12-15 06:30:00,18,12,15,6,30,240,87,RD 703,44.84655,1.08155,Nuit sans éclairage public,Hors agglomération,Hors intersection,Normale,Sans collision,,,,,,,,,,,3,1,1,1.0,7.0
201800011944,0018-01-30 15:50:00,18,1,30,15,50,240,547,Place Marcel Paul,45.1299,1.29887,Plein jour,En agglomération,Hors intersection,Normale,Autre collision,,,,,,,,,,,1,2,1,1.0,6.0
201800011945,0018-04-14 17:55:00,18,4,14,17,55,240,547,rue victor hugo,45.12991,1.30128,Plein jour,En agglomération,Hors intersection,Normale,Trois véhicules et plus - collisions multiples,,,,,,,,,,,1,2,1,1.0,5.0
201800011946,0018-06-01 09:30:00,18,6,1,9,30,240,291,les rives,45.05692,1.15246,Plein jour,En agglomération,Autre intersection,Normale,Deux véhicules - côté,,,,,,,,,,,1,2,9,1.0,3.0
201800011947,0018-06-24 17:44:00,18,6,24,17,44,240,547,D 6089,45.13405,1.274,Plein jour,Hors agglomération,Giratoire,Normale,Deux véhicules - côté,,,,,,,,,,,1,1,6,1.0,3.0
201800011948,0018-07-03 19:00:00,18,7,3,19,0,240,229,la galibe,45.12974,1.25559,Plein jour,Hors agglomération,Hors intersection,Normale,Trois véhicules et plus - collisions multiples,,,,,,,,,,,1,1,1,1.0,5.0
201800011949,0018-07-12 18:25:00,18,7,12,18,25,240,291,Charmont,45.08559,1.17606,Plein jour,Hors agglomération,Hors intersection,Normale,Deux véhicules - frontale,,,,,,,,,,,1,1,1,1.0,1.0
201800011950,0018-07-24 12:00:00,18,7,24,12,0,240,291,D706,45.05224,1.14802,Plein jour,En agglomération,Hors intersection,Normale,Deux véhicules - côté,,,,,,,,,,,1,2,1,1.0,3.0
201800011951,0018-07-27 17:40:00,18,7,27,17,40,240,547,TARNCHE,45.11624,1.27702,Plein jour,Hors agglomération,Hors intersection,Normale,Deux véhicules - côté,,,,,,,,,,,1,1,1,1.0,3.0
201800011952,0018-08-11 09:35:00,18,8,11,9,35,240,179,RD60,45.11602,1.40723,Plein jour,Hors agglomération,Hors intersection,Normale,Deux véhicules - frontale,,,,,,,,,,,1,1,1,1.0,1.0
201800011953,0018-09-02 21:30:00,18,9,2,21,30,240,547,place de la libération,45.12943,1.30459,Nuit avec éclairage allumé,En agglomération,Hors intersection,Normale,Autre collision,,,,,,,,,,,5,2,1,1.0,6.0
201800011954,0018-09-02 13:50:00,18,9,2,13,50,240,547,82 avenue Charles de GAU,45.1287,1.30797,Plein jour,En agglomération,Hors intersection,Normale,Autre collision,,,,,,,,,,,1,2,1,1.0,6.0
201800011955,0018-09-24 07:30:00,18,9,24,7,30,240,229,Avenue de BRIVE,45.12931,1.22741,Plein jour,En agglomération,Hors intersection,Normale,Autre collision,,,,,,,,,,,1,2,1,1.0,6.0
201800011956,0018-10-04 09:01:00,18,10,4,9,1,240,547,avenue de brive,45.12966,1.30378,Plein jour,En agglomération,Hors intersection,Normale,Autre collision,,,,,,,,,,,1,2,1,1.0,6.0
201800011957,0018-10-02 22:30:00,18,10,2,22,30,240,14,le bourg,45.08259,1.19198,Nuit sans éclairage public,En agglomération,Hors intersection,Normale,Autre collision,,,,,,,,,,,3,2,1,1.0,6.0
201800011958,0018-12-16 11:00:00,18,12,16,11,0,240,291,rue de la liberté,45.06589,1.16092,Plein jour,Hors agglomération,Hors intersection,Brouillard / fumée,Autre collision,,,,,,,,,,,1,1,1,5.0,6.0
201800011959,0018-12-31 17:07:00,18,12,31,17,7,400,323,D626 - PK 47 + 700,44.1153,-0.61711,Crépuscule ou aube,Hors agglomération,Hors intersection,Normale,Autre collision,,,,,,,,,,,2,1,1,1.0,6.0
201800011960,0018-03-03 16:40:00,18,3,3,16,40,400,297,C1,44.11913,-0.5081,Plein jour,Hors agglomération,Hors intersection,Normale,Autre collision,,,,,,,,,,,1,1,1,1.0,6.0
201800011961,0018-05-14 12:45:00,18,5,14,12,45,400,234,D 932 - PK 22+900,44.00649,-0.35669,Plein jour,Hors agglomération,Hors intersection,Pluie légère,Deux véhicules - côté,,,,,,,,,,,1,1,1,2.0,3.0
201800011962,0018-08-21 12:00:00,18,8,21,12,0,400,274,route de mont de marsan,43.92839,-0.63963,Plein jour,En agglomération,Intersection en T,Normale,Deux véhicules - côté,,,,,,,,,,,1,2,3,1.0,3.0
201800011963,0018-10-31 17:20:00,18,10,31,17,20,400,135,D626,44.10179,-0.52931,Crépuscule ou aube,Hors agglomération,Hors intersection,Pluie légère,Autre collision,,,,,,,,,,,2,1,1,2.0,6.0