accident_id,datetime,annee,mois,jour,heure,minute,departement,commune_insee,adresse,latitude,longitude,luminosite,agglomeration,intersection,meteo,collision,nb_vehicules,nb_usagers,nb_indemnes,nb_tues,nb_blesses_hosp,nb_blesses_legers,age_cond_1,age_cond_2,veh_type_cond_1,veh_type_cond_2,lum_code,agg_code,int_code,atm_code,col_code
201800012086,0018-03-02 16:00:00,18,3,2,16,0,210,433,D960,47.57135,5.46035,Plein jour,Hors agglomération,Hors intersection,Brouillard / fumée,Sans collision,,,,,,,,,,,1,1,1,5.0,7.0
201800012087,0018-03-16 10:58:00,18,3,16,10,58,210,16,RD34 PR 00+658,47.36642,5.19808,Plein jour,Hors agglomération,Hors intersection,Normale,Sans collision,,,,,,,,,,,1,1,1,1.0,7.0
201800012088,0018-03-25 14:00:00,18,3,25,14,0,210,281,rd 27,47.50337,5.36291,Plein jour,En agglomération,Intersection en T,Normale,Deux véhicules - frontale,,,,,,,,,,,1,2,3,1.0,1.0
201800012089,0018-05-12 03:30:00,18,5,12,3,30,210,369,D 70,47.38318,5.26903,Nuit sans éclairage public,Hors agglomération,Hors intersection,Normale,Autre collision,,,,,,,,,,,3,1,1,1.0,6.0
201800012090,0018-05-26 10:25:00,18,5,26,10,25,210,416,33 Route de Gray,47.39965,5.32192,Plein jour,En agglomération,Intersection en X,Normale,Deux véhicules - côté,,,,,,,,,,,1,2,2,1.0,3.0
201800012091,0018-05-31 16:00:00,18,5,31,16,0,210,225,D27,47.47237,5.36658,Plein jour,Hors agglomération,Hors intersection,Temps couvert,Deux véhicules - frontale,,,,,,,,,,,1,1,1,8.0,1.0
201800012092,0018-06-13 08:15:00,18,6,13,8,15,210,416,19 Grand rue,47.39918,5.3173,Plein jour,En agglomération,Intersection en T,Temps éblouissant,Autre collision,,,,,,,,,,,1,2,3,7.0,6.0
201800012093,0018-06-27 15:25:00,18,6,27,15,25,210,562,D27J,47.57777,5.39682,Plein jour,En agglomération,Hors intersection,Normale,Deux véhicules - arrière,,,,,,,,,,,1,2,1,1.0,2.0
201800012094,0018-09-14 19:00:00,18,9,14,19,0,210,76,Les boulois,47.31842,5.26521,Crépuscule ou aube,Hors agglomération,Hors intersection,Normale,Autre collision,,,,,,,,,,,2,1,1,1.0,6.0
201800012095,0018-12-01 08:08:00,18,12,1,8,8,210,337,35 rue du Gal de Gaulle,47.26999,5.38537,Crépuscule ou aube,En agglomération,Hors intersection,Normale,Autre collision,,,,,,,,,,,2,2,1,1.0,6.0
201800012096,0018-01-03 16:20:00,18,1,3,16,20,210,27,D.903,47.39073,5.03646,Plein jour,Hors agglomération,Intersection en X,Temps couvert,Deux véhicules - côté,,,,,,,,,,,1,1,2,8.0,3.0
201800012097,0018-01-29 17:15:00,18,1,29,17,15,210,27,RD974 - PK 55.600,47.37832,5.05173,Plein jour,Hors agglomération,Hors intersection,Normale,Deux véhicules - frontale,,,,,,,,,,,1,1,1,1.0,1.0
201800012098,0018-05-14 20:10:00,18,5,14,20,10,210,27,RD 974,47.38296,5.05396,Plein jour,Hors agglomération,Intersection en T,Temps couvert,Deux véhicules - côté,,,,,,,,,,,1,1,3,8.0,3.0
201800012099,0018-07-08 12:50:00,18,7,8,12,50,210,27,PR903 - PK 3+900,47.39659,5.03808,Plein jour,Hors agglomération,Hors intersection,Normale,Deux véhicules - frontale,,,,,,,,,,,1,1,1,1.0,1.0
201800012100,0018-08-24 19:30:00,18,8,24,19,30,210,591,D16,47.42426,5.043,Plein jour,Hors agglomération,Hors intersection,Normale,Sans collision,,,,,,,,,,,1,1,1,1.0,7.0
201800012101,0018-08-31 23:40:00,18,8,31,23,40,210,27,RD 974,47.38651,5.04529,Nuit sans éclairage public,Hors agglomération,Hors intersection,Normale,Autre collision,,,,,,,,,,,3,1,1,1.0,6.0
201800012102,0018-10-03 04:00:00,18,10,3,4,0,210,284,D.103,47.45213,4.85871,Nuit sans éclairage public,Hors agglomération,Hors intersection,Normale,Autre collision,,,,,,,,,,,3,1,1,1.0,6.0
201800012103,0018-10-27 03:30:00,18,10,27,3,30,210,315,Rue du fort,47.36471,4.98995,Nuit sans éclairage public,En agglomération,Hors intersection,Pluie légère,Autre collision,,,,,,,,,,,3,2,1,2.0,6.0
201800012104,0018-11-28 09:30:00,18,11,28,9,30,210,462,RD903,47.40766,5.04474,Plein jour,Hors agglomération,Hors intersection,Pluie légère,Deux véhicules - frontale,,,,,,,,,,,1,1,1,2.0,1.0
201800012105,0018-12-26 19:00:00,18,12,26,19,0,210,27,D 903,47.3761,5.03486,Nuit sans éclairage public,Hors agglomération,Hors intersection,Normale,Deux véhicules - côté,,,,,,,,,,,3,1,1,1.0,3.0
201800012106,0018-02-20 10:20:00,18,2,20,10,20,210,598,D905,47.56698,4.43471,Plein jour,Hors agglomération,Intersection en X,Normale,Deux véhicules - côté,,,,,,,,,,,1,1,2,1.0,3.0
201800012107,0018-05-31 21:00:00,18,5,31,21,0,210,425,rue Marceau,47.6177,4.33771,Plein jour,En agglomération,Intersection en X,Pluie légère,Deux véhicules - frontale,,,,,,,,,,,1,2,2,2.0,1.0
201800012108,0018-07-31 13:17:00,18,7,31,13,17,210,425,980,47.65068,4.37172,Plein jour,Hors agglomération,Hors intersection,Normale,Autre collision,,,,,,,,,,,1,1,1,1.0,6.0
201800012109,0018-09-09 10:52:00,18,9,9,10,52,210,603,D954 PK 019+56,47.49515,4.35463,Plein jour,Hors agglomération,Hors intersection,Normale,Autre collision,,,,,,,,,,,1,1,1,1.0,6.0
201800012110,0018-04-06 14:00:00,18,4,6,14,0,210,346,RD 102H,47.82433,4.83576,Plein jour,Hors agglomération,Hors intersection,Normale,Autre collision,,,,,,,,,,,1,1,1,1.0,6.0
201800012111,0018-07-09 07:20:00,18,7,9,7,20,210,489,Route départementale 901,47.59624,4.77217,Plein jour,Hors agglomération,Hors intersection,Normale,Autre collision,,,,,,,,,,,1,1,1,1.0,6.0
201800012112,0018-07-14 20:20:00,18,7,14,20,20,210,346,D 928,47.80587,4.81263,Plein jour,Hors agglomération,Hors intersection,Normale,Autre collision,,,,,,,,,,,1,1,1,1.0,6.0
201800012113,0018-07-27 07:30:00,18,7,27,7,30,210,418,D954,47.67524,4.81478,Plein jour,Hors agglomération,Hors intersection,Normale,Autre collision,,,,,,,,,,,1,1,1,1.0,6.0
201800012114,0018-07-30 21:30:00,18,7,30,21,30,210,250,D 996,47.77253,4.79927,Nuit sans éclairage public,Hors agglomération,Hors intersection,Normale,Autre collision,,,,,,,,,,,3,1,1,1.0,6.0
201800012115,0018-10-19 13:00:00,18,10,19,13,0,210,346,D 996,47.81255,4.79185,Plein jour,Hors agglomération,Hors intersection,Normale,Deux véhicules - frontale,,,,,,,,,,,1,1,1,1.0,1.0
201800012116,0018-01-12 09:00:00,18,1,12,9,0,210,154,RD 928,47.85384,4.62349,Plein jour,Hors agglomération,Hors intersection,Temps couvert,Autre collision,,,,,,,,,,,1,1,1,8.0,6.0
201800012117,0018-01-25 19:40:00,18,1,25,19,40,210,393,Route départementale 965,47.88651,4.59918,Nuit sans éclairage public,Hors agglomération,Intersection en T,Pluie forte,Deux véhicules - côté,,,,,,,,,,,3,1,3,3.0,3.0
201800012118,0018-04-07 10:30:00,18,4,7,10,30,210,350,RD22,47.89798,4.89209,Plein jour,Hors agglomération,Hors intersection,Normale,Autre collision,,,,,,,,,,,1,1,1,1.0,6.0
201800012119,0018-05-09 00:15:00,18,5,9,0,15,210,455,route de la jonction,47.76854,4.57077,Nuit sans éclairage public,En agglomération,Intersection en Y,Normale,Autre collision,,,,,,,,,,,3,2,4,1.0,6.0
201800012120,0018-06-23 11:38:00,18,6,23,11,38,210,154,Départementale n° 16 H -,47.87091,4.61671,Plein jour,Hors agglomération,Hors intersection,Normale,Sans collision,,,,,,,,,,,1,1,1,1.0,7.0
201800012121,0018-07-13 02:37:00,18,7,13,2,37,210,90,1 rue de la Corvée,47.93541,4.82283,Nuit avec éclairage non allumé,Hors agglomération,Hors intersection,Normale,Autre collision,,,,,,,,,,,4,1,1,1.0,6.0
201800012122,0018-08-01 21:00:00,18,8,1,21,0,210,154,rue du maréchal Leclerc,47.85857,4.57308,Crépuscule ou aube,En agglomération,Intersection en T,Normale,Autre collision,,,,,,,,,,,2,2,3,1.0,6.0
201800012123,0018-09-22 12:05:00,18,9,22,12,5,210,154,rue du Maréchal de Lattr,47.85865,4.57235,Plein jour,En agglomération,Hors intersection,Normale,Autre collision,,,,,,,,,,,1,2,1,1.0,6.0
201800012124,0018-09-23 03:40:00,18,9,23,3,40,210,545,rue bas de la craie,47.86513,4.54206,Nuit avec éclairage allumé,En agglomération,Hors intersection,Normale,Autre collision,,,,,,,,,,,5,2,1,1.0,6.0
201800012125,0018-09-28 22:30:00,18,9,28,22,30,210,252,Chemin de TOUILLON,47.70998,4.43724,Nuit sans éclairage public,Hors agglomération,Hors intersection,Normale,Sans collision,,,,,,,,,,,3,1,1,1.0,7.0
201800012126,0018-10-23 11:45:00,18,10,23,11,45,210,154,AVENUE EDOUARD HERRIOT,47.85025,4.56909,Plein jour,En agglomération,Hors intersection,Normale,Deux véhicules - frontale,,,,,,,,,,,1,2,1,1.0,1.0
201800012127,0018-03-12 14:10:00,18,3,12,14,10,210,531,RD 906,47.43131,4.09752,Plein jour,Hors agglomération,Intersection en T,Normale,Deux véhicules - côté,,,,,,,,,,,1,1,3,1.0,3.0
201800012128,0018-10-12 12:10:00,18,10,12,12,10,210,139,Etang de la cheteau,47.27195,4.16277,Plein jour,Hors agglomération,Hors intersection,Normale,Deux véhicules - frontale,,,,,,,,,,,1,1,1,1.0,1.0
201800012129,0018-10-19 22:40:00,18,10,19,22,40,210,629,Lieu-dit Le Bras de Fer,47.25423,4.27359,Nuit sans éclairage public,Hors agglomération,Hors intersection,Normale,Autre collision,,,,,,,,,,,3,1,1,1.0,6.0
201800012130,0018-12-18 10:10:00,18,12,18,10,10,210,380,ROUTE DEPARTEMENTALE 70,47.39317,4.39718,Plein jour,Hors agglomération,Hors intersection,Temps couvert,Autre collision,,,,,,,,,,,1,1,1,8.0,6.0
201800012131,0018-10-11 13:45:00,18,10,11,13,45,210,627,Voie communale N° 07,47.48774,4.60338,Plein jour,Hors agglomération,Hors intersection,Normale,Autre collision,,,,,,,,,,,1,1,1,1.0,6.0
201800012132,0018-12-27 16:00:00,18,12,27,16,0,210,271,R.D. 905,47.52635,4.46959,Plein jour,Hors agglomération,Hors intersection,Normale,Sans collision,,,,,,,,,,,1,1,1,1.0,7.0
201800012133,0018-04-30 22:30:00,18,4,30,22,30,530,25,la hobette,48.03202,-0.57676,Nuit sans éclairage public,Hors agglomération,Hors intersection,Normale,Autre collision,,,,,,,,,,,3,1,1,1.0,6.0
201800012134,0018-08-23 05:45:00,18,8,23,5,45,530,49,Lieu-Dit La Piochère,48.15413,-0.63564,Nuit sans éclairage public,Hors agglomération,Hors intersection,Normale,Autre collision,,,,,,,,,,,3,1,1,1.0,6.0
201800012135,0018-10-06 08:45:00,18,10,6,8,45,530,152,La doronnerie,47.93385,-0.6019,Plein jour,Hors agglomération,Hors intersection,Normale,Autre collision,,,,,,,,,,,1,1,1,1.0,6.0
201800012136,0018-09-24 00:15:00,18,9,24,0,15,530,140,la ronceray,48.10716,-0.70612,Nuit sans éclairage public,Hors agglomération,Hors intersection,Normale,Sans collision,,,,,,,,,,,3,1,1,1.0,7.0
201800012137,0018-11-02 18:55:00,18,11,2,18,55,530,141,Route départementale 57,48.06543,-0.6247,Nuit avec éclairage allumé,Hors agglomération,Giratoire,Normale,Deux véhicules - côté,,,,,,,,,,,5,1,6,1.0,3.0
201800012138,0018-12-29 11:30:00,18,12,29,11,30,530,264,la débaudière,48.00631,-0.33041,Plein jour,Hors agglomération,Hors intersection,Normale,Autre collision,,,,,,,,,,,1,1,1,1.0,6.0
201800012139,0018-01-02 18:00:00,18,1,2,18,0,530,10,Lieu dit la Roche Pk 5+7,48.15161,-0.31023,Nuit sans éclairage public,Hors agglomération,Hors intersection,Normale,Trois véhicules et plus - collisions multiples,,,,,,,,,,,3,1,1,1.0,5.0
201800012140,0018-01-11 12:10:00,18,1,11,12,10,530,97,Rond point route de Vout,48.15057,-0.3837,Plein jour,En agglomération,Giratoire,Normale,Deux véhicules - côté,,,,,,,,,,,1,2,6,1.0,3.0
201800012141,0018-02-24 12:15:00,18,2,24,12,15,530,65,Lieu dit LA TASSE,48.14105,-0.42156,Plein jour,Hors agglomération,Hors intersection,Normale,Trois véhicules et plus - en chaîne,,,,,,,,,,,1,1,1,1.0,4.0
201800012142,0018-03-28 18:35:00,18,3,28,18,35,530,163,Rue de Vionnay,48.15519,-0.47603,Plein jour,En agglomération,Hors intersection,Normale,Autre collision,,,,,,,,,,,1,2,1,1.0,6.0
201800012143,0018-04-09 07:00:00,18,4,9,7,0,530,163,RD 32,48.15717,-0.46405,Crépuscule ou aube,Hors agglomération,Hors intersection,Temps couvert,Deux véhicules - frontale,,,,,,,,,,,2,1,1,8.0,1.0
201800012144,0018-06-17 16:35:00,18,6,17,16,35,530,97,rue carnot,48.15547,-0.39923,Plein jour,En agglomération,Hors intersection,Normale,Sans collision,,,,,,,,,,,1,2,1,1.0,7.0
201800012145,0018-07-16 07:00:00,18,7,16,7,0,530,207,RD 20 PK 44+250 décroiss,48.13026,-0.43878,Plein jour,Hors agglomération,Hors intersection,Temps éblouissant,Deux véhicules - arrière,,,,,,,,,,,1,1,1,7.0,2.0
201800012146,0018-08-03 17:45:00,18,8,3,17,45,530,265,RD 09 PK 29+325 croissan,48.1024,-0.32884,Plein jour,Hors agglomération,Hors intersection,Normale,Autre collision,,,,,,,,,,,1,1,1,1.0,6.0
201800012147,0018-09-22 20:30:00,18,9,22,20,30,530,265,Ambriers,48.11136,-0.32154,Nuit sans éclairage public,Hors agglomération,Hors intersection,Pluie légère,Autre collision,,,,,,,,,,,3,1,1,2.0,6.0
201800012148,0018-03-30 12:00:00,18,3,30,12,0,530,5,LA RIVIERE,48.16729,-0.79871,Plein jour,Hors agglomération,Hors intersection,Pluie légère,Deux véhicules - côté,,,,,,,,,,,1,1,1,2.0,3.0
201800012149,0018-04-05 15:15:00,18,4,5,15,15,530,15,D123 PK15+500,48.16934,-0.9444,Plein jour,Hors agglomération,Hors intersection,Normale,Deux véhicules - arrière,,,,,,,,,,,1,1,1,1.0,2.0
201800012150,0018-05-07 18:15:00,18,5,7,18,15,530,137,la couvrie,48.07261,-0.92884,Plein jour,Hors agglomération,Hors intersection,Normale,Deux véhicules - frontale,,,,,,,,,,,1,1,1,1.0,1.0
201800012151,0018-05-24 07:30:00,18,5,24,7,30,530,137,D115 - LE VERGER,48.08388,-0.92397,Plein jour,Hors agglomération,Hors intersection,Normale,Autre collision,,,,,,,,,,,1,1,1,1.0,6.0
201800012152,0018-05-29 18:50:00,18,5,29,18,50,530,137,rue du DR RAME,48.0628,-0.93457,Plein jour,En agglomération,Intersection en X,Normale,Deux véhicules - côté,,,,,,,,,,,1,2,2,1.0,3.0
201800012153,0018-07-21 18:45:00,18,7,21,18,45,530,15,Intersection VC LA JASLE,48.16855,-0.88547,Plein jour,Hors agglomération,Intersection en T,Normale,Deux véhicules - côté,,,,,,,,,,,1,1,3,1.0,3.0
201800012154,0018-08-19 05:25:00,18,8,19,5,25,530,182,Chaussée de la Poulardiè,48.10975,-0.97697,Nuit sans éclairage public,En agglomération,Hors intersection,Normale,Sans collision,,,,,,,,,,,3,2,1,1.0,7.0
201800012155,0018-09-10 18:20:00,18,9,10,18,20,530,243,le verger du chenot,48.1277,-0.88136,Plein jour,Hors agglomération,Hors intersection,Normale,Deux véhicules - frontale,,,,,,,,,,,1,1,1,1.0,1.0
201800012156,0018-12-15 07:00:00,18,12,15,7,0,530,243,RD 31,48.14879,-0.8713,Nuit sans éclairage public,Hors agglomération,Hors intersection,Pluie légère,Autre collision,,,,,,,,,,,3,1,1,2.0,6.0
201800012157,0018-02-22 15:50:00,18,2,22,15,50,530,110,rd28,47.87337,-0.51405,Plein jour,Hors agglomération,Hors intersection,Normale,Deux véhicules - arrière,,,,,,,,,,,1,1,1,1.0,2.0
201800012158,0018-05-26 05:50:00,18,5,26,5,50,530,110,D14 - Route de Meslay,48.88018,-0.52427,Plein jour,En agglomération,Hors intersection,Normale,Autre collision,,,,,,,,,,,1,2,1,1.0,6.0
201800012159,0018-05-27 11:00:00,18,5,27,11,0,530,78,Le Petit Soreau,47.7846,-0.6337,Plein jour,Hors agglomération,Hors intersection,Temps éblouissant,Autre collision,,,,,,,,,,,1,1,1,7.0,6.0
201800012160,0018-05-31 11:30:00,18,5,31,11,30,530,62,25 Avenue GARNIER,47.82334,-0.70651,Plein jour,En agglomération,Hors intersection,Normale,Autre collision,,,,,,,,,,,1,2,1,1.0,6.0
201800012161,0018-06-08 09:00:00,18,6,8,9,0,530,78,Route départementale 22,47.78629,-0.64231,Plein jour,Hors agglomération,Hors intersection,Normale,Deux véhicules - arrière,,,,,,,,,,,1,1,1,1.0,2.0
201800012162,0018-07-25 18:30:00,18,7,25,18,30,530,145,rd 10 - pk7+700,47.85789,-0.81449,Plein jour,Hors agglomération,Hors intersection,Normale,Deux véhicules - côté,,,,,,,,,,,1,1,1,1.0,3.0
201800012163,0018-08-12 20:00:00,18,8,12,20,0,530,36,Les gats,47.82419,-0.44366,Plein jour,Hors agglomération,Hors intersection,Normale,Deux véhicules - frontale,,,,,,,,,,,1,1,1,1.0,1.0
201800012164,0018-09-18 07:35:00,18,9,18,7,35,530,14,Carrefour CD 28 et CD 59,47.8431,-0.64746,Plein jour,Hors agglomération,Intersection en T,Normale,Trois véhicules et plus - collisions multiples,,,,,,,,,,,1,1,3,1.0,5.0
201800012165,0018-09-24 15:15:00,18,9,24,15,15,530,273,LD La Pironnière - Voie,47.93566,-0.67902,Plein jour,Hors agglomération,Intersection en Y,Normale,Autre collision,,,,,,,,,,,1,1,4,1.0,6.0
201800012166,0018-09-28 19:30:00,18,9,28,19,30,530,62,La Grande Tuilerie,47.81893,-0.77079,Crépuscule ou aube,Hors agglomération,Intersection en T,Temps éblouissant,Autre collision,,,,,,,,,,,2,1,3,7.0,6.0
201800012167,0018-10-04 18:45:00,18,10,4,18,45,530,150,RD 213,47.74743,-0.6986,Plein jour,Hors agglomération,Hors intersection,Normale,Sans collision,,,,,,,,,,,1,1,1,1.0,7.0
201800012168,0018-12-30 12:15:00,18,12,30,12,15,530,62,Avenue de la Division Le,47.83107,-0.71082,Plein jour,En agglomération,Intersection en X,Normale,Deux véhicules - côté,,,,,,,,,,,1,2,2,1.0,3.0
201800012169,0018-01-08 16:45:00,18,1,8,16,45,530,84,boulevard d'okéhampton,47.84632,-0.94816,Plein jour,En agglomération,Hors intersection,Normale,Autre collision,,,,,,,,,,,1,2,1,1.0,6.0
201800012170,0018-01-22 08:00:00,18,1,22,8,0,530,77,la haute,47.95548,-0.95376,Nuit sans éclairage public,Hors agglomération,Hors intersection,Pluie forte,Deux véhicules - frontale,,,,,,,,,,,3,1,1,3.0,1.0
201800012171,0018-05-18 09:30:00,18,5,18,9,30,530,180,la petite orlizière,47.829,-0.90856,Plein jour,Hors agglomération,Hors intersection,Normale,Sans collision,,,,,,,,,,,1,1,1,1.0,7.0
201800012172,0018-05-27 19:45:00,18,5,27,19,45,530,258,RD111 - Le Plessis,47.85048,-1.09331,Plein jour,Hors agglomération,Intersection en T,Temps éblouissant,Sans collision,,,,,,,,,,,1,1,3,7.0,7.0
201800012173,0018-06-03 17:50:00,18,6,3,17,50,530,18,RD 153,47.90665,-1.02797,Plein jour,Hors agglomération,Hors intersection,Pluie forte,Sans collision,,,,,,,,,,,1,1,1,3.0,7.0
201800012174,0018-07-22 08:30:00,18,7,22,8,30,530,188,carrefour D771 et D110,47.79481,-1.06092,Plein jour,En agglomération,Giratoire,Temps éblouissant,Deux véhicules - côté,,,,,,,,,,,1,2,6,7.0,3.0
201800012175,0018-09-08 10:20:00,18,9,8,10,20,530,186,la servenière,47.94583,-0.85072,Plein jour,Hors agglomération,Hors intersection,Normale,Deux véhicules - frontale,,,,,,,,,,,1,1,1,1.0,1.0
201800012176,0018-09-13 06:37:00,18,9,13,6,37,530,77,route de loiron,47.95047,-0.91026,Nuit avec éclairage allumé,En agglomération,Hors intersection,Pluie légère,Sans collision,,,,,,,,,,,5,2,1,2.0,7.0
201800012177,0018-09-29 17:15:00,18,9,29,17,15,530,188,rue de Pouancé,47.79261,-1.06537,Plein jour,En agglomération,Hors intersection,Temps éblouissant,Autre collision,,,,,,,,,,,1,2,1,7.0,6.0
201800012178,0018-10-24 15:00:00,18,10,24,15,0,530,260,LIEU-DIT LA FÉRONNIÈRE,47.87372,-0.85993,Plein jour,Hors agglomération,Autre intersection,Normale,Autre collision,,,,,,,,,,,1,1,9,1.0,6.0
201800012179,0018-11-23 17:00:00,18,11,23,17,0,530,77,rue de Nantes,47.93641,-0.91538,Nuit sans éclairage public,En agglomération,Giratoire,Pluie forte,Autre collision,,,,,,,,,,,3,2,6,3.0,6.0
201800012180,0018-12-08 19:10:00,18,12,8,19,10,530,73,LIEU DIT BEL AIR,47.80109,-1.08762,Nuit sans éclairage public,Hors agglomération,Intersection en T,Pluie légère,Autre collision,,,,,,,,,,,3,1,3,2.0,6.0
201800012181,0018-12-25 11:45:00,18,12,25,11,45,530,84,Boulevard d' Okehampton,47.84397,-0.95967,Plein jour,Hors agglomération,Intersection en X,Normale,Deux véhicules - côté,,,,,,,,,,,1,1,2,1.0,3.0
201800012182,0018-01-02 10:15:00,18,1,2,10,15,530,174,CD 132,48.3164,-0.637,Plein jour,Hors agglomération,Hors intersection,Pluie légère,Autre collision,,,,,,,,,,,1,1,1,2.0,6.0
201800012183,0018-01-25 13:40:00,18,1,25,13,40,530,146,RN 162,48.18892,-0.67108,Plein jour,Hors agglomération,Hors intersection,Normale,Trois véhicules et plus - collisions multiples,,,,,,,,,,,1,1,1,1.0,5.0
201800012184,0018-02-28 16:30:00,18,2,28,16,30,530,195,N162,48.1769,-0.67941,Plein jour,Hors agglomération,Intersection en X,Normale,Deux véhicules - arrière,,,,,,,,,,,1,1,2,1.0,2.0
201800012185,0018-04-08 19:15:00,18,4,8,19,15,530,72,D24,48.22342,-0.61304,Crépuscule ou aube,Hors agglomération,Hors intersection,Temps couvert,Trois véhicules et plus - collisions multiples,,,,,,,,,,,2,1,1,8.0,5.0
201800012186,0018-04-21 18:10:00,18,4,21,18,10,530,200,le soleil levant,48.28172,-0.62957,Plein jour,Hors agglomération,Hors intersection,Normale,Autre collision,,,,,,,,,,,1,1,1,1.0,6.0
201800012187,0018-07-02 11:35:00,18,7,2,11,35,530,256,LE HAUT AUNAY,48.26143,-0.26017,Plein jour,Hors agglomération,Intersection en T,Normale,Deux véhicules - côté,,,,,,,,,,,1,1,3,1.0,3.0
201800012188,0018-07-06 11:45:00,18,7,6,11,45,530,147,rue de la peyennière,48.28577,-0.62305,Plein jour,En agglomération,Giratoire,Temps éblouissant,Deux véhicules - côté,,,,,,,,,,,1,2,6,7.0,3.0
201800012189,0018-07-09 20:55:00,18,7,9,20,55,530,146,montmassue,48.19133,-0.6466,Crépuscule ou aube,Hors agglomération,Hors intersection,Temps éblouissant,Deux véhicules - arrière,,,,,,,,,,,2,1,1,7.0,2.0
201800012190,0018-07-24 18:15:00,18,7,24,18,15,530,53,boullerie,48.30599,-0.33852,Plein jour,Hors agglomération,Hors intersection,Normale,Deux véhicules - frontale,,,,,,,,,,,1,1,1,1.0,1.0
201800012191,0018-07-31 17:25:00,18,7,31,17,25,530,239,D35 - PR 005.300,48.21427,-0.23,Plein jour,Hors agglomération,Hors intersection,Normale,Sans collision,,,,,,,,,,,1,1,1,1.0,7.0
201800012192,0018-08-21 18:35:00,18,8,21,18,35,530,146,Rd 12,48.19623,-0.66653,Plein jour,Hors agglomération,Giratoire,Normale,Sans collision,,,,,,,,,,,1,1,6,1.0,7.0
201800012193,0018-09-07 17:35:00,18,9,7,17,35,530,113,RD241 - PK 02.500,48.25514,-0.39802,Plein jour,Hors agglomération,Intersection en T,Normale,Deux véhicules - frontale,,,,,,,,,,,1,1,3,1.0,1.0
201800012194,0018-09-14 12:35:00,18,9,14,12,35,530,23,Le rotoir,48.19415,-0.57677,Plein jour,Hors agglomération,Intersection en T,Normale,Sans collision,,,,,,,,,,,1,1,3,1.0,7.0
201800012195,0018-09-15 07:30:00,18,9,15,7,30,530,8,lieu dit cerisier,48.32235,-0.56869,Crépuscule ou aube,Hors agglomération,Hors intersection,Brouillard / fumée,Sans collision,,,,,,,,,,,2,1,1,5.0,7.0
201800012196,0018-09-29 15:30:00,18,9,29,15,30,530,113,villoiseau,48.2639,-0.42787,Plein jour,Hors agglomération,Intersection en T,Normale,Sans collision,,,,,,,,,,,1,1,3,1.0,7.0
201800012197,0018-11-15 11:20:00,18,11,15,11,20,530,147,22 boulevard Anatole Fra,48.29588,-0.61569,Plein jour,En agglomération,Hors intersection,Normale,Autre collision,,,,,,,,,,,1,2,1,1.0,6.0
201800012198,0018-12-15 08:05:00,18,12,15,8,5,530,162,N 162,48.26587,-0.62854,Crépuscule ou aube,Hors agglomération,Hors intersection,Autre,Trois véhicules et plus - collisions multiples,,,,,,,,,,,2,1,1,9.0,5.0
201800012199,0018-02-22 13:55:00,18,2,22,13,55,530,107,Rue du Douanier ROUSSEAU,48.41103,-0.80581,Plein jour,En agglomération,Giratoire,Normale,Deux véhicules - côté,,,,,,,,,,,1,2,6,1.0,3.0
201800012200,0018-04-14 05:45:00,18,4,14,5,45,530,177,"38, rue de Normandie",48.3162,-1.0506,Nuit sans éclairage public,En agglomération,Hors intersection,Normale,Autre collision,,,,,,,,,,,3,2,1,1.0,6.0
201800012201,0018-07-07 11:55:00,18,7,7,11,55,530,96,Boulevard de l'Ernée,48.29847,-0.93804,Plein jour,En agglomération,Hors intersection,Normale,Autre collision,,,,,,,,,,,1,2,1,1.0,6.0
201800012202,0018-07-27 21:45:00,18,7,27,21,45,530,64,RD 138 - Lieu dit la Rab,48.33946,-0.75276,Crépuscule ou aube,Hors agglomération,Hors intersection,Normale,Autre collision,,,,,,,,,,,2,1,1,1.0,6.0
201800012203,0018-08-06 12:20:00,18,8,6,12,20,530,93,la mieltais,48.44336,-0.96925,Plein jour,Hors agglomération,Hors intersection,Temps éblouissant,Deux véhicules - frontale,,,,,,,,,,,1,1,1,7.0,1.0
201800012204,0018-08-12 14:00:00,18,8,12,14,0,530,93,RD 515,48.45557,-0.98828,Plein jour,Hors agglomération,Intersection en X,Normale,Deux véhicules - côté,,,,,,,,,,,1,1,2,1.0,3.0
201800012205,0018-08-24 23:30:00,18,8,24,23,30,530,155,rue de la vigne,48.28746,-0.8942,Nuit avec éclairage allumé,En agglomération,Intersection en T,Normale,Sans collision,,,,,,,,,,,5,2,3,1.0,7.0
201800012206,0018-09-23 07:25:00,18,9,23,7,25,530,126,D521 - Lieu dit Les Orci,48.3405,-1.00086,Nuit sans éclairage public,Hors agglomération,Hors intersection,Temps couvert,Autre collision,,,,,,,,,,,3,1,1,8.0,6.0
201800012207,0018-11-07 16:30:00,18,11,7,16,30,530,96,place renault morlière,48.29684,-0.93749,Plein jour,En agglomération,Autre intersection,Normale,Autre collision,,,,,,,,,,,1,2,9,1.0,6.0