accident_id,datetime,annee,mois,jour,heure,minute,departement,commune_insee,adresse,latitude,longitude,luminosite,agglomeration,intersection,meteo,collision,nb_vehicules,nb_usagers,nb_indemnes,nb_tues,nb_blesses_hosp,nb_blesses_legers,age_cond_1,age_cond_2,veh_type_cond_1,veh_type_cond_2,lum_code,agg_code,int_code,atm_code,col_code
201800012208,0018-01-08 07:05:00,18,1,8,7,5,530,111,29 rue de Normandie,48.36885,-0.60667,Nuit avec éclairage allumé,En agglomération,Hors intersection,Normale,Autre collision,,,,,,,,,,,5,2,1,1.0,6.0
201800012209,0018-03-03 09:35:00,18,3,3,9,35,530,118,"lieu-dit ""Le Saussay""",48.48405,-0.52871,Plein jour,Hors agglomération,Hors intersection,Normale,Sans collision,,,,,,,,,,,1,1,1,1.0,7.0
201800012210,0018-04-11 07:50:00,18,4,11,7,50,530,190,lieu dit le mérite,48.37887,-0.40912,Crépuscule ou aube,Hors agglomération,Hors intersection,Normale,Autre collision,,,,,,,,,,,2,1,1,1.0,6.0
201800012211,0018-07-09 16:45:00,18,7,9,16,45,530,57,"Lieu dit ""La Gare""",48.31097,-0.43339,Plein jour,Hors agglomération,Hors intersection,Normale,Deux véhicules - frontale,,,,,,,,,,,1,1,1,1.0,1.0
201800012212,0018-07-10 10:03:00,18,7,10,10,3,530,111,Lieu-dit Le Bas mortier,48.35055,-0.61277,Plein jour,Hors agglomération,Hors intersection,Normale,Deux véhicules - frontale,,,,,,,,,,,1,1,1,1.0,1.0
201800012213,0018-08-12 16:56:00,18,8,12,16,56,530,190,LE FOUGERAY,48.38857,-0.39658,Plein jour,Hors agglomération,Hors intersection,Temps couvert,Sans collision,,,,,,,,,,,1,1,1,8.0,7.0
201800012214,0018-08-26 02:45:00,18,8,26,2,45,530,111,lieu dit la raverie - RD,48.35741,-0.61242,Nuit sans éclairage public,Hors agglomération,Hors intersection,Normale,Autre collision,,,,,,,,,,,3,1,1,1.0,6.0
201800012215,0018-09-01 09:30:00,18,9,1,9,30,530,116,lieu dit la boisardière,48.40496,-0.49879,Plein jour,Hors agglomération,Hors intersection,Normale,Deux véhicules - arrière,,,,,,,,,,,1,1,1,1.0,2.0
201800012216,0018-09-02 12:05:00,18,9,2,12,5,530,216,intersection rd 151 - rd,48.33218,-0.56718,Plein jour,Hors agglomération,Intersection en T,Normale,Deux véhicules - côté,,,,,,,,,,,1,1,3,1.0,3.0
201800012217,0018-10-25 16:15:00,18,10,25,16,15,530,112,Lieu dit La boucassière,48.37052,-0.35132,Plein jour,Hors agglomération,Autre intersection,Normale,Autre collision,,,,,,,,,,,1,1,9,1.0,6.0
201800012218,0018-11-17 12:15:00,18,11,17,12,15,530,55,lieu dit la touche,48.4118,-0.58452,Plein jour,Hors agglomération,Hors intersection,Normale,Sans collision,,,,,,,,,,,1,1,1,1.0,7.0
201800012219,0018-11-25 17:48:00,18,11,25,17,48,530,170,la baguelinière,48.40386,-0.67135,Nuit sans éclairage public,Hors agglomération,Hors intersection,Pluie légère,Autre collision,,,,,,,,,,,3,1,1,2.0,6.0
201800012220,0018-01-24 18:05:00,18,1,24,18,5,530,185,RN 12 avenue de Bretagne,48.45873,-0.20562,Nuit avec éclairage allumé,En agglomération,Hors intersection,Pluie légère,Autre collision,,,,,,,,,,,5,2,1,2.0,6.0
201800012221,0018-04-18 23:10:00,18,4,18,23,10,530,185,La Sérardière,48.46592,-0.24041,Nuit sans éclairage public,Hors agglomération,Hors intersection,Normale,Sans collision,,,,,,,,,,,3,1,1,1.0,7.0
201800012222,0018-05-26 17:30:00,18,5,26,17,30,530,185,Voie communale 3,48.44586,-0.16757,Plein jour,Hors agglomération,Hors intersection,Normale,Autre collision,,,,,,,,,,,1,1,1,1.0,6.0
201800012223,0018-08-02 13:20:00,18,8,2,13,20,530,246,le champ coupé,48.40597,-0.07908,Plein jour,Hors agglomération,Hors intersection,Temps éblouissant,Deux véhicules - frontale,,,,,,,,,,,1,1,1,7.0,1.0
201800012224,0018-08-28 15:15:00,18,8,28,15,15,530,185,grange neuve,48.43656,-0.1786,Plein jour,Hors agglomération,Hors intersection,Normale,Autre collision,,,,,,,,,,,1,1,1,1.0,6.0
201800012225,0018-09-11 16:10:00,18,9,11,16,10,530,185,Place du monument,48.45894,-0.20398,Plein jour,En agglomération,Hors intersection,Normale,Autre collision,,,,,,,,,,,1,2,1,1.0,6.0
201800012226,0018-09-28 11:00:00,18,9,28,11,0,530,121,La roculière,48.3914,-0.31596,Plein jour,Hors agglomération,Intersection en T,Normale,Deux véhicules - côté,,,,,,,,,,,1,1,3,1.0,3.0
201800012227,0018-09-29 01:00:00,18,9,29,1,0,530,271,BELLE VUE,48.35169,-0.26363,Nuit sans éclairage public,Hors agglomération,Hors intersection,Normale,Autre collision,,,,,,,,,,,3,1,1,1.0,6.0
201800012228,0018-11-10 17:35:00,18,11,10,17,35,530,133,La belle étoile,48.51269,-0.19167,Nuit sans éclairage public,Hors agglomération,Hors intersection,Pluie légère,Autre collision,,,,,,,,,,,3,1,1,2.0,6.0
201800012229,0018-11-17 09:00:00,18,11,17,9,0,530,204,D3,48.48854,-0.28668,Nuit sans éclairage public,Hors agglomération,Hors intersection,Normale,Sans collision,,,,,,,,,,,3,1,1,1.0,7.0
201800012230,0018-11-19 13:00:00,18,11,19,13,0,530,185,"Lieu dit "" la pillière """,48.4554,-0.21939,Plein jour,Hors agglomération,Intersection en T,Temps éblouissant,Deux véhicules - frontale,,,,,,,,,,,1,1,3,7.0,1.0
201800012231,0018-01-05 18:35:00,18,1,5,18,35,70,349,Avenue du 11 novembre -,44.8113,4.78814,Nuit avec éclairage allumé,En agglomération,Hors intersection,Normale,Autre collision,,,,,,,,,,,5,2,1,1.0,6.0
201800012232,0018-01-18 13:15:00,18,1,18,13,15,70,288,bas lignol,44.71779,4.56759,Plein jour,Hors agglomération,Intersection en T,Normale,Deux véhicules - côté,,,,,,,,,,,1,1,3,1.0,3.0
201800012233,0018-01-23 17:15:00,18,1,23,17,15,70,240,Quartier Blod RD 86,44.8582,4.83202,Plein jour,En agglomération,Hors intersection,Normale,Deux véhicules - arrière,,,,,,,,,,,1,2,1,1.0,2.0
201800012234,0018-04-10 19:10:00,18,4,10,19,10,70,237,D265,44.81977,4.66556,Crépuscule ou aube,Hors agglomération,Hors intersection,Pluie légère,Deux véhicules - frontale,,,,,,,,,,,2,1,1,2.0,1.0
201800012235,0018-04-12 08:45:00,18,4,12,8,45,70,22,route départementale 86,44.7116,4.74787,Plein jour,Hors agglomération,Hors intersection,Pluie légère,Autre collision,,,,,,,,,,,1,1,1,2.0,6.0
201800012236,0018-04-20 22:45:00,18,4,20,22,45,70,55,Route Départementale 11,44.85294,4.84412,Nuit sans éclairage public,Hors agglomération,Hors intersection,Normale,Autre collision,,,,,,,,,,,3,1,1,1.0,6.0
201800012237,0018-05-07 17:00:00,18,5,7,17,0,70,27,RD 86,44.81929,4.80612,Plein jour,Hors agglomération,Hors intersection,Normale,Deux véhicules - frontale,,,,,,,,,,,1,1,1,1.0,1.0
201800012238,0018-05-13 17:45:00,18,5,13,17,45,70,255,avenue Louis Blanchon,44.75419,4.69756,Plein jour,En agglomération,Hors intersection,Pluie légère,Trois véhicules et plus - collisions multiples,,,,,,,,,,,1,2,1,2.0,5.0
201800012239,0018-06-02 20:18:00,18,6,2,20,18,70,198,RD 104 - LES FONTS DU PO,44.75865,4.7351,Plein jour,Hors agglomération,Hors intersection,Normale,Sans collision,,,,,,,,,,,1,1,1,1.0,7.0
201800012240,0018-06-06 21:30:00,18,6,6,21,30,70,349,11 rue Louis Antériou,44.80334,4.7822,Crépuscule ou aube,En agglomération,Hors intersection,Normale,Deux véhicules - arrière,,,,,,,,,,,2,2,1,1.0,2.0
201800012241,0018-06-16 01:30:00,18,6,16,1,30,70,349,"6 Route de LIVRON, Quart",44.79882,4.78582,Nuit sans éclairage public,Hors agglomération,Hors intersection,Normale,Deux véhicules - arrière,,,,,,,,,,,3,1,1,1.0,2.0
201800012242,0018-06-17 11:35:00,18,6,17,11,35,70,349,24 rue de la blache,44.80941,4.78303,Plein jour,En agglomération,Hors intersection,Normale,Autre collision,,,,,,,,,,,1,2,1,1.0,6.0
201800012243,0018-06-21 14:45:00,18,6,21,14,45,70,167,Départementale 120,44.80932,4.62936,Plein jour,Hors agglomération,Autre intersection,Normale,Deux véhicules - côté,,,,,,,,,,,1,1,9,1.0,3.0
201800012244,0018-07-18 18:50:00,18,7,18,18,50,70,66,Place du champ de mars,44.71015,4.66303,Plein jour,En agglomération,Hors intersection,Normale,Deux véhicules - côté,,,,,,,,,,,1,2,1,1.0,3.0
201800012245,0018-07-19 13:00:00,18,7,19,13,0,70,255,Route Départementale 104,44.7582,4.69324,Plein jour,Hors agglomération,Hors intersection,Normale,Trois véhicules et plus - en chaîne,,,,,,,,,,,1,1,1,1.0,4.0
201800012246,0018-09-04 09:55:00,18,9,4,9,55,70,349,AVENUE DU 11 NOVEMBRE,44.81247,4.7897,Plein jour,En agglomération,Hors intersection,Normale,Autre collision,,,,,,,,,,,1,2,1,1.0,6.0
201800012247,0018-09-04 16:30:00,18,9,4,16,30,70,181,D104,44.75631,4.75697,Plein jour,Hors agglomération,Hors intersection,Normale,Deux véhicules - côté,,,,,,,,,,,1,1,1,1.0,3.0
201800012248,0018-09-09 05:20:00,18,9,9,5,20,70,349,RD86F route de livron su,44.79908,4.78559,Nuit avec éclairage allumé,En agglomération,Hors intersection,Normale,Autre collision,,,,,,,,,,,5,2,1,1.0,6.0
201800012249,0018-10-10 17:20:00,18,10,10,17,20,70,181,RD104 - Route de PRIVAS,44.75837,4.73874,Plein jour,Hors agglomération,Hors intersection,Pluie légère,Deux véhicules - frontale,,,,,,,,,,,1,1,1,2.0,1.0
201800012250,0018-10-12 03:10:00,18,10,12,3,10,70,181,d86,44.76009,4.75091,Nuit avec éclairage allumé,En agglomération,Hors intersection,Normale,Sans collision,,,,,,,,,,,5,2,1,1.0,7.0
201800012251,0018-10-12 15:30:00,18,10,12,15,30,70,198,RD104 Les fonts du Pouzi,44.76157,4.72076,Plein jour,En agglomération,Autre intersection,Normale,Trois véhicules et plus - en chaîne,,,,,,,,,,,1,2,9,1.0,4.0
201800012252,0018-11-10 12:25:00,18,11,10,12,25,70,349,34 avenue léon blum,44.80706,4.78403,Plein jour,En agglomération,Hors intersection,Normale,Deux véhicules - arrière,,,,,,,,,,,1,2,1,1.0,2.0
201800012253,0018-11-23 12:10:00,18,11,23,12,10,70,181,RD 86,44.75191,4.74837,Plein jour,En agglomération,Hors intersection,Pluie légère,Autre collision,,,,,,,,,,,1,2,1,2.0,6.0
201800012254,0018-12-13 07:30:00,18,12,13,7,30,70,55,départementale 11,44.86709,4.83357,Plein jour,Hors agglomération,Autre intersection,Autre,Deux véhicules - frontale,,,,,,,,,,,1,1,9,9.0,1.0
201800012255,0018-12-13 13:25:00,18,12,13,13,25,70,261,295 Cours du temple,,,Plein jour,En agglomération,Hors intersection,Normale,Autre collision,,,,,,,,,,,1,2,1,1.0,6.0
201800012256,0018-05-15 08:00:00,18,5,15,8,0,70,319,les combes,44.55639,4.65472,Plein jour,Hors agglomération,Hors intersection,Pluie légère,Trois véhicules et plus - collisions multiples,,,,,,,,,,,1,1,1,2.0,5.0
201800012257,0018-06-20 23:00:00,18,6,20,23,0,70,319,Rue de la RÉPUBLIQUE,44.55303,4.68543,Nuit avec éclairage allumé,En agglomération,Hors intersection,Normale,Autre collision,,,,,,,,,,,5,2,1,1.0,6.0
201800012258,0018-07-25 16:45:00,18,7,25,16,45,70,76,RD 86,44.65677,4.75634,Plein jour,Hors agglomération,Hors intersection,Normale,Deux véhicules - arrière,,,,,,,,,,,1,1,1,1.0,2.0
201800012259,0018-07-27 04:30:00,18,7,27,4,30,70,76,rd 86,44.63444,4.74578,Nuit avec éclairage allumé,Hors agglomération,Hors intersection,Normale,Deux véhicules - arrière,,,,,,,,,,,5,1,1,1.0,2.0
201800012260,0018-07-31 07:30:00,18,7,31,7,30,70,76,Route départementale 86,44.65677,4.75634,Plein jour,Hors agglomération,Autre intersection,Normale,Deux véhicules - côté,,,,,,,,,,,1,1,9,1.0,3.0
201800012261,0018-09-29 16:30:00,18,9,29,16,30,70,346,D86J,44.45244,4.69621,Plein jour,Hors agglomération,Hors intersection,Normale,Deux véhicules - arrière,,,,,,,,,,,1,1,1,1.0,2.0
201800012262,0018-11-19 17:44:00,18,11,19,17,44,70,346,Faubourg Latrau,44.48291,4.68954,Nuit avec éclairage allumé,En agglomération,Hors intersection,Pluie légère,Autre collision,,,,,,,,,,,5,2,1,2.0,6.0
201800012263,0018-11-28 13:05:00,18,11,28,13,5,70,346,RD 86,44.44725,4.68461,Plein jour,Hors agglomération,Hors intersection,Normale,Autre collision,,,,,,,,,,,1,1,1,1.0,6.0
201800012264,0018-12-03 10:00:00,18,12,3,10,0,70,300,lieu dit les crottes,44.50298,4.62947,Plein jour,En agglomération,Giratoire,Pluie légère,Deux véhicules - frontale,,,,,,,,,,,1,2,6,2.0,1.0
201800012265,0018-12-04 17:30:00,18,12,4,17,30,70,319,19 avenue henri barbusse,44.53937,4.6855,Nuit sans éclairage public,En agglomération,Hors intersection,Normale,Trois véhicules et plus - collisions multiples,,,,,,,,,,,3,2,1,1.0,5.0
201800012266,0018-04-02 17:30:00,18,4,2,17,30,70,30,RD 120 - Pont du Talaron,44.87801,4.5326,Plein jour,Hors agglomération,Hors intersection,Normale,Autre collision,,,,,,,,,,,1,1,1,1.0,6.0
201800012267,0018-05-11 20:00:00,18,5,11,20,0,70,295,Le garay,44.82848,4.588,Plein jour,Hors agglomération,Hors intersection,Normale,Autre collision,,,,,,,,,,,1,1,1,1.0,6.0
201800012268,0018-05-30 18:00:00,18,5,30,18,0,70,237,RD 120 - LIEU DIT PRALY,44.81924,4.70457,Plein jour,Hors agglomération,Hors intersection,Pluie forte,Sans collision,,,,,,,,,,,1,1,1,3.0,7.0
201800012269,0018-06-16 15:45:00,18,6,16,15,45,70,288,RD 104,44.71956,4.53218,Plein jour,Hors agglomération,Hors intersection,Normale,Deux véhicules - côté,,,,,,,,,,,1,1,1,1.0,3.0
201800012270,0018-08-10 14:30:00,18,8,10,14,30,70,167,D120 - la pimpie,44.814,4.63997,Plein jour,Hors agglomération,Hors intersection,Normale,Autre collision,,,,,,,,,,,1,1,1,1.0,6.0
201800012271,0018-08-07 18:35:00,18,8,7,18,35,70,96,d120,44.8528,4.5614,Plein jour,Hors agglomération,Hors intersection,Normale,Autre collision,,,,,,,,,,,1,1,1,1.0,6.0
201800012272,0018-08-27 11:10:00,18,8,27,11,10,70,96,pont de moulinas,44.85283,4.56138,Plein jour,Hors agglomération,Hors intersection,Normale,Sans collision,,,,,,,,,,,1,1,1,1.0,7.0
201800012273,0018-08-28 12:00:00,18,8,28,12,0,70,184,RD 2,44.76747,4.58708,Plein jour,Hors agglomération,Hors intersection,Normale,Autre collision,,,,,,,,,,,1,1,1,1.0,6.0
201800012274,0018-09-15 01:30:00,18,9,15,1,30,70,167,"RD120 PK 14,500",44.81984,4.64097,Nuit sans éclairage public,Hors agglomération,Hors intersection,Normale,Autre collision,,,,,,,,,,,3,1,1,1.0,6.0
201800012275,0018-12-26 16:25:00,18,12,26,16,25,70,199,rond point de chapias,44.49276,4.26156,Plein jour,Hors agglomération,Giratoire,Temps éblouissant,Deux véhicules - arrière,,,,,,,,,,,1,1,6,7.0,2.0
201800012276,0018-04-06 16:30:00,18,4,6,16,30,70,110,D 104,44.47362,4.23837,Plein jour,Hors agglomération,Hors intersection,Normale,Sans collision,,,,,,,,,,,1,1,1,1.0,7.0
201800012277,0018-04-28 23:30:00,18,4,28,23,30,70,199,RD 104 Face Le Grillou,44.48232,4.25474,Nuit avec éclairage allumé,En agglomération,Hors intersection,Normale,Deux véhicules - frontale,,,,,,,,,,,5,2,1,1.0,1.0
201800012278,0018-05-14 22:11:00,18,5,14,22,11,70,162,RD 4,44.50008,4.31574,Nuit sans éclairage public,Hors agglomération,Hors intersection,Normale,Sans collision,,,,,,,,,,,3,1,1,1.0,7.0
201800012279,0018-06-12 10:15:00,18,6,12,10,15,70,327,route d'ales,44.51801,4.32665,Plein jour,Hors agglomération,Hors intersection,Normale,Trois véhicules et plus - en chaîne,,,,,,,,,,,1,1,1,1.0,4.0
201800012280,0018-07-11 17:05:00,18,7,11,17,5,70,134,D104,44.50186,4.29484,Plein jour,Hors agglomération,Hors intersection,Normale,Autre collision,,,,,,,,,,,1,1,1,1.0,6.0
201800012281,0018-08-03 19:35:00,18,8,3,19,35,70,132,Départementale 5 Sens Uz,44.53346,4.30114,Plein jour,Hors agglomération,Hors intersection,Normale,Deux véhicules - frontale,,,,,,,,,,,1,1,1,1.0,1.0
201800012282,0018-09-05 08:45:00,18,9,5,8,45,70,110,D104,44.47362,4.23837,Plein jour,Hors agglomération,Giratoire,Temps éblouissant,Autre collision,,,,,,,,,,,1,1,6,7.0,6.0
201800012283,0018-10-21 17:00:00,18,10,21,17,0,70,329,RD24,44.59681,4.0865,Plein jour,Hors agglomération,Hors intersection,Normale,Sans collision,,,,,,,,,,,1,1,1,1.0,7.0
201800012284,0018-10-28 20:20:00,18,10,28,20,20,70,117,chemin de brujas,44.4718,4.19007,Nuit sans éclairage public,Hors agglomération,Hors intersection,Temps couvert,Autre collision,,,,,,,,,,,3,1,1,8.0,6.0
201800012285,0018-11-20 18:40:00,18,11,20,18,40,70,110,RD203,44.48751,4.22827,Nuit sans éclairage public,Hors agglomération,Hors intersection,Pluie forte,Sans collision,,,,,,,,,,,3,1,1,3.0,7.0
201800012286,0018-12-21 18:15:00,18,12,21,18,15,70,327,lieu dit la croisette,44.5122,4.31713,Nuit avec éclairage allumé,En agglomération,Hors intersection,Normale,Deux véhicules - frontale,,,,,,,,,,,5,2,1,1.0,1.0
201800012287,0018-02-14 08:30:00,18,2,14,8,30,70,230,"cd 104, PK 27+950",44.71095,4.48916,Plein jour,Hors agglomération,Hors intersection,Normale,Autre collision,,,,,,,,,,,1,1,1,1.0,6.0
201800012288,0018-04-08 18:30:00,18,4,8,18,30,70,339,Lieu dit Chauliac,44.666,4.45319,Plein jour,Hors agglomération,Hors intersection,Normale,Deux véhicules - frontale,,,,,,,,,,,1,1,1,1.0,1.0
201800012289,0018-07-10 16:45:00,18,7,10,16,45,70,296,PK48.6 CD104,44.57889,4.38129,Plein jour,Hors agglomération,Hors intersection,Normale,Trois véhicules et plus - collisions multiples,,,,,,,,,,,1,1,1,1.0,5.0
201800012290,0018-07-16 08:05:00,18,7,16,8,5,70,296,CD104,44.57722,4.38035,Plein jour,Hors agglomération,Hors intersection,Normale,Trois véhicules et plus - collisions multiples,,,,,,,,,,,1,1,1,1.0,5.0
201800012291,0018-07-18 05:15:00,18,7,18,5,15,70,122,RD 104 B - Route de Lach,44.56226,4.35877,Nuit avec éclairage allumé,Hors agglomération,Hors intersection,Normale,Autre collision,,,,,,,,,,,5,1,1,1.0,6.0
201800012292,0018-07-30 10:30:00,18,7,30,10,30,70,155,lieu-dit plaine du rompu,44.61746,4.35843,Plein jour,Hors agglomération,Hors intersection,Normale,Deux véhicules - frontale,,,,,,,,,,,1,1,1,1.0,1.0
201800012293,0018-08-21 16:15:00,18,8,21,16,15,70,158,"D578, Le col",44.80913,4.34948,Plein jour,Hors agglomération,Hors intersection,Normale,Sans collision,,,,,,,,,,,1,1,1,1.0,7.0
201800012294,0018-09-28 17:35:00,18,9,28,17,35,70,122,Route de St Sernin,44.56226,4.35877,Plein jour,En agglomération,Hors intersection,Normale,Deux véhicules - arrière,,,,,,,,,,,1,2,1,1.0,2.0
201800012295,0018-04-01 01:00:00,18,4,1,1,0,70,119,D16,44.82247,4.05286,Nuit sans éclairage public,Hors agglomération,Hors intersection,Normale,Sans collision,,,,,,,,,,,3,1,1,1.0,7.0
201800012296,0018-07-15 16:50:00,18,7,15,16,50,70,153,RN102,44.66713,4.10877,Plein jour,Hors agglomération,Hors intersection,Normale,Sans collision,,,,,,,,,,,1,1,1,1.0,7.0
201800012297,0018-09-08 18:20:00,18,9,8,18,20,70,232,D239,44.64571,4.04338,Plein jour,Hors agglomération,Hors intersection,Normale,Sans collision,,,,,,,,,,,1,1,1,1.0,7.0
201800012298,0018-03-08 08:00:00,18,3,8,8,0,70,17,fude,44.43222,4.16082,Plein jour,Hors agglomération,Hors intersection,Normale,Sans collision,,,,,,,,,,,1,1,1,1.0,7.0
201800012299,0018-05-01 12:30:00,18,5,1,12,30,70,17,D 104A,44.42407,4.17778,Plein jour,Hors agglomération,Hors intersection,Pluie légère,Sans collision,,,,,,,,,,,1,1,1,2.0,7.0
201800012300,0018-06-08 18:00:00,18,6,8,18,0,70,17,cd104A,44.42407,4.17778,Plein jour,Hors agglomération,Hors intersection,Pluie légère,Autre collision,,,,,,,,,,,1,1,1,2.0,6.0
201800012301,0018-07-07 17:50:00,18,7,7,17,50,70,334,Route du Vivarais - RD10,44.41125,4.13907,Plein jour,En agglomération,Hors intersection,Normale,Autre collision,,,,,,,,,,,1,2,1,1.0,6.0
201800012302,0018-07-19 16:50:00,18,7,19,16,50,70,334,Chemin de l'Hermitage -,44.40135,4.15932,Plein jour,Hors agglomération,Hors intersection,Normale,Sans collision,,,,,,,,,,,1,1,1,1.0,7.0
201800012303,0018-07-21 18:30:00,18,7,21,18,30,70,211,Chadouillet,44.32133,4.19814,Plein jour,Hors agglomération,Hors intersection,Normale,Sans collision,,,,,,,,,,,1,1,1,1.0,7.0
201800012304,0018-08-22 15:55:00,18,8,22,15,55,70,148,"Lieu-dit Aubrias, Route",44.3368,4.05464,Plein jour,Hors agglomération,Hors intersection,Temps couvert,Autre collision,,,,,,,,,,,1,1,1,8.0,6.0
201800012305,0018-11-16 21:00:00,18,11,16,21,0,70,280,D130 - PK 15+550 - Route,44.31919,4.14257,Nuit sans éclairage public,Hors agglomération,Hors intersection,Autre,Autre collision,,,,,,,,,,,3,1,1,9.0,6.0
201800012306,0018-11-18 15:00:00,18,11,18,15,0,70,280,Route départementale 901,44.33287,4.15527,Plein jour,Hors agglomération,Hors intersection,Normale,Sans collision,,,,,,,,,,,1,1,1,1.0,7.0
201800012307,0018-12-13 16:10:00,18,12,13,16,10,70,31,D104,44.37296,4.21361,Plein jour,Hors agglomération,Hors intersection,Pluie légère,Sans collision,,,,,,,,,,,1,1,1,2.0,7.0
201800012308,0018-02-18 15:00:00,18,2,18,15,0,70,330,CD 4 - lieu-dit le Razal,44.38696,4.43007,Plein jour,Hors agglomération,Hors intersection,Normale,Deux véhicules - frontale,,,,,,,,,,,1,1,1,1.0,1.0
201800012309,0018-04-12 21:00:00,18,4,12,21,0,70,207,D208 - Le Sarte,44.42749,4.30295,Nuit sans éclairage public,Hors agglomération,Hors intersection,Pluie légère,Autre collision,,,,,,,,,,,3,1,1,2.0,6.0
201800012310,0018-04-27 19:30:00,18,4,27,19,30,70,304,D579 face chemin de Cham,44.37681,4.3708,Plein jour,Hors agglomération,Hors intersection,Normale,Trois véhicules et plus - collisions multiples,,,,,,,,,,,1,1,1,1.0,5.0
201800012311,0018-05-04 19:30:00,18,5,4,19,30,70,101,D111,44.40493,4.28022,Plein jour,Hors agglomération,Hors intersection,Normale,Deux véhicules - frontale,,,,,,,,,,,1,1,1,1.0,1.0
201800012312,0018-05-26 12:45:00,18,5,26,12,45,70,330,CD 579,44.42938,4.35794,Plein jour,Hors agglomération,Hors intersection,Normale,Autre collision,,,,,,,,,,,1,1,1,1.0,6.0
201800012313,0018-07-02 16:45:00,18,7,2,16,45,70,126,D 4,44.40192,4.45657,Plein jour,Hors agglomération,Hors intersection,Normale,Sans collision,,,,,,,,,,,1,1,1,1.0,7.0
201800012314,0018-07-08 16:30:00,18,7,8,16,30,70,330,D290 - Pont de Tioure,44.38628,4.41603,Plein jour,Hors agglomération,Hors intersection,Normale,Deux véhicules - frontale,,,,,,,,,,,1,1,1,1.0,1.0
201800012315,0018-07-10 14:00:00,18,7,10,14,0,70,330,Avenue Jean Jaures,44.40633,4.39125,Plein jour,En agglomération,Hors intersection,Normale,Deux véhicules - frontale,,,,,,,,,,,1,2,1,1.0,1.0
201800012316,0018-08-14 16:50:00,18,8,14,16,50,70,330,CD4,44.4063,4.41844,Plein jour,Hors agglomération,Hors intersection,Temps éblouissant,Deux véhicules - côté,,,,,,,,,,,1,1,1,7.0,3.0
201800012317,0018-09-13 10:45:00,18,9,13,10,45,70,291,DÉPARTEMENATLE 4,44.39967,4.48118,Plein jour,Hors agglomération,Hors intersection,Normale,Deux véhicules - frontale,,,,,,,,,,,1,1,1,1.0,1.0
201800012318,0018-10-14 10:15:00,18,10,14,10,15,70,126,Quartier L'Hardy,44.45211,4.39027,Plein jour,Hors agglomération,Hors intersection,Normale,Deux véhicules - côté,,,,,,,,,,,1,1,1,1.0,3.0
201800012319,0018-11-05 12:45:00,18,11,5,12,45,70,207,Départementale 208 - Ave,44.43552,4.31858,Plein jour,En agglomération,Hors intersection,Pluie légère,Deux véhicules - côté,,,,,,,,,,,1,2,1,2.0,3.0
201800012320,0018-01-28 00:58:00,18,1,28,0,58,70,143,211 rue du 2 septembre,45.35182,4.75746,Nuit sans éclairage public,En agglomération,Hors intersection,Normale,Deux véhicules - côté,,,,,,,,,,,3,2,1,1.0,3.0
201800012321,0018-04-13 15:30:00,18,4,13,15,30,70,78,avenue de la république,45.25581,4.69604,Plein jour,En agglomération,Giratoire,Normale,Autre collision,,,,,,,,,,,1,2,6,1.0,6.0
201800012322,0018-04-30 07:20:00,18,4,30,7,20,70,10,25 avenue Jean Joseph BE,45.25021,4.66962,Crépuscule ou aube,En agglomération,Giratoire,Normale,Autre collision,,,,,,,,,,,2,2,6,1.0,6.0
201800012323,0018-05-31 15:45:00,18,5,31,15,45,70,197,RD 578,45.22105,4.65312,Plein jour,En agglomération,Hors intersection,Normale,Deux véhicules - côté,,,,,,,,,,,1,2,1,1.0,3.0
201800012324,0018-07-06 20:50:00,18,7,6,20,50,70,10,15 avenue Rhin et Danube,,,Plein jour,En agglomération,Hors intersection,Normale,Autre collision,,,,,,,,,,,1,2,1,1.0,6.0
201800012325,0018-07-13 10:20:00,18,7,13,10,20,70,197,D578A,45.21159,4.65987,Plein jour,Hors agglomération,Hors intersection,Normale,Deux véhicules - frontale,,,,,,,,,,,1,1,1,1.0,1.0
201800012326,0018-07-13 18:10:00,18,7,13,18,10,70,258,D121,45.15491,4.47328,Plein jour,Hors agglomération,Hors intersection,Normale,Sans collision,,,,,,,,,,,1,1,1,1.0,7.0
201800012327,0018-07-14 09:00:00,18,7,14,9,0,70,143,rd86,45.35099,4.7571,Plein jour,Hors agglomération,Passage à niveau,Normale,Deux véhicules - côté,,,,,,,,,,,1,1,8,1.0,3.0
201800012328,0018-07-28 14:25:00,18,7,28,14,25,70,197,D578A,45.21969,4.66747,Plein jour,Hors agglomération,Hors intersection,Normale,Sans collision,,,,,,,,,,,1,1,1,1.0,7.0
201800012329,0018-07-27 10:35:00,18,7,27,10,35,70,344,départementale 342,45.32291,4.69603,Plein jour,Hors agglomération,Hors intersection,Normale,Autre collision,,,,,,,,,,,1,1,1,1.0,6.0