accident_id,datetime,annee,mois,jour,heure,minute,departement,commune_insee,adresse,latitude,longitude,luminosite,agglomeration,intersection,meteo,collision,nb_vehicules,nb_usagers,nb_indemnes,nb_tues,nb_blesses_hosp,nb_blesses_legers,age_cond_1,age_cond_2,veh_type_cond_1,veh_type_cond_2,lum_code,agg_code,int_code,atm_code,col_code
201800012701,0018-12-12 07:50:00,18,12,12,7,50,180,97,8 route de menetou salon,47.139,2.43447,Plein jour,En agglomération,Hors intersection,Normale,Deux véhicules - côté,,,,,,,,,,,1,2,1,1.0,3.0
201800012702,0018-01-13 20:00:00,18,1,13,20,0,180,209,Lieu dit Beauchezal,46.68353,2.49093,Nuit avec éclairage allumé,En agglomération,Intersection en X,Normale,Deux véhicules - côté,,,,,,,,,,,5,2,2,1.0,3.0
201800012703,0018-02-05 12:15:00,18,2,5,12,15,180,197,RUE DUMAS,46.72543,2.51201,Plein jour,En agglomération,Intersection en T,Normale,Deux véhicules - côté,,,,,,,,,,,1,2,3,1.0,3.0
201800012704,0018-04-15 12:00:00,18,4,15,12,0,180,197,Rond point de l'abattoir,46.72714,2.50028,Plein jour,En agglomération,Giratoire,Temps éblouissant,Trois véhicules et plus - en chaîne,,,,,,,,,,,1,2,6,7.0,4.0
201800012705,0018-05-03 08:00:00,18,5,3,8,0,180,169,RD 925,46.72489,2.44771,Plein jour,Hors agglomération,Hors intersection,Pluie légère,Deux véhicules - côté,,,,,,,,,,,1,1,1,2.0,3.0
201800012706,0018-06-04 08:50:00,18,6,4,8,50,180,197,24 Rue grenouillère,46.72036,2.51215,Plein jour,En agglomération,Hors intersection,Normale,Sans collision,,,,,,,,,,,1,2,1,1.0,7.0
201800012707,0018-06-23 19:30:00,18,6,23,19,30,180,197,"44, rue Jean Jaurès",46.72518,2.49561,Crépuscule ou aube,En agglomération,Hors intersection,Normale,Autre collision,,,,,,,,,,,2,2,1,1.0,6.0
201800012708,0018-07-31 18:56:00,18,7,31,18,56,180,276,lieu-dit les lombards,46.73884,2.69599,Plein jour,Hors agglomération,Intersection en X,Normale,Deux véhicules - côté,,,,,,,,,,,1,1,2,1.0,3.0
201800012709,0018-09-29 00:10:00,18,9,29,0,10,180,69,Route départementale 101,46.70012,2.55653,Nuit sans éclairage public,Hors agglomération,Hors intersection,Normale,Autre collision,,,,,,,,,,,3,1,1,1.0,6.0
201800012710,0018-11-23 07:40:00,18,11,23,7,40,180,197,26 avenue du Maréchal Fo,46.71563,2.50642,Crépuscule ou aube,En agglomération,Hors intersection,Brouillard / fumée,Autre collision,,,,,,,,,,,2,2,1,5.0,6.0
201800012711,0018-02-11 08:30:00,18,2,11,8,30,180,83,Lieu dit Mazeres,46.54002,2.35331,Nuit sans éclairage public,Hors agglomération,Hors intersection,Pluie légère,Autre collision,,,,,,,,,,,3,1,1,2.0,6.0
201800012712,0018-04-15 11:45:00,18,4,15,11,45,180,225,"""La gaieté""",46.57917,2.30499,Plein jour,Hors agglomération,Hors intersection,Normale,Autre collision,,,,,,,,,,,1,1,1,1.0,6.0
201800012713,0018-05-19 16:00:00,18,5,19,16,0,180,127,Chassepain,46.75384,2.21248,Plein jour,Hors agglomération,Intersection en X,Normale,Autre collision,,,,,,,,,,,1,1,2,1.0,6.0
201800012714,0018-06-08 07:55:00,18,6,8,7,55,180,89,rue du moulin,46.55572,2.58047,Crépuscule ou aube,En agglomération,Hors intersection,Normale,Sans collision,,,,,,,,,,,2,2,1,1.0,7.0
201800012715,0018-07-09 12:00:00,18,7,9,12,0,180,57,carrefour 70 - 943,46.55462,2.20678,Plein jour,Hors agglomération,Intersection en X,Normale,Trois véhicules et plus - collisions multiples,,,,,,,,,,,1,1,2,1.0,5.0
201800012716,0018-08-15 10:10:00,18,8,15,10,10,180,216,"""les cotillons""",46.76829,2.12248,Plein jour,Hors agglomération,Intersection en X,Normale,Autre collision,,,,,,,,,,,1,1,2,1.0,6.0
201800012717,0018-08-28 14:00:00,18,8,28,14,0,180,57,RD943 PK13+985,46.55754,2.21204,Plein jour,Hors agglomération,Hors intersection,Normale,Deux véhicules - côté,,,,,,,,,,,1,1,1,1.0,3.0
201800012718,0018-09-25 09:00:00,18,9,25,9,0,180,83,lieu dit l'oiselière,46.5594,2.32433,Plein jour,Hors agglomération,Hors intersection,Normale,Autre collision,,,,,,,,,,,1,1,1,1.0,6.0
201800012719,0018-10-19 07:30:00,18,10,19,7,30,180,83,Route de Montluçon,46.54699,2.3538,Crépuscule ou aube,Hors agglomération,Intersection en T,Brouillard / fumée,Deux véhicules - côté,,,,,,,,,,,2,1,3,5.0,3.0
201800012720,0018-01-11 13:25:00,18,1,11,13,25,180,73,"C2, route de Sainte Luna",46.90631,2.32368,Plein jour,Hors agglomération,Hors intersection,Normale,Autre collision,,,,,,,,,,,1,1,1,1.0,6.0
201800012721,0018-02-08 23:20:00,18,2,8,23,20,180,218,Départementale 2076. PK,46.99469,2.51051,Nuit sans éclairage public,Hors agglomération,Hors intersection,Temps couvert,Deux véhicules - frontale,,,,,,,,,,,3,1,1,8.0,1.0
201800012722,0018-02-19 16:20:00,18,2,19,16,20,180,87,D953,46.90438,2.56458,Plein jour,Hors agglomération,Hors intersection,Normale,Trois véhicules et plus - collisions multiples,,,,,,,,,,,1,1,1,1.0,5.0
201800012723,0018-03-17 11:45:00,18,3,17,11,45,180,87,14 bis route de Bourges,46.8937,2.5689,Plein jour,En agglomération,Autre intersection,Normale,Autre collision,,,,,,,,,,,1,2,9,1.0,6.0
201800012724,0018-05-07 11:30:00,18,5,7,11,30,180,58,rue de la chaussée,46.85735,2.31789,Plein jour,En agglomération,Intersection en T,Normale,Deux véhicules - côté,,,,,,,,,,,1,2,3,1.0,3.0
201800012725,0018-06-22 18:31:00,18,6,22,18,31,180,121,Rd 2076,46.92174,2.64634,Plein jour,Hors agglomération,Hors intersection,Normale,Deux véhicules - frontale,,,,,,,,,,,1,1,1,1.0,1.0
201800012726,0018-07-26 17:30:00,18,7,26,17,30,180,40,RD 2076,46.92797,2.61204,Plein jour,Hors agglomération,Hors intersection,Normale,Deux véhicules - côté,,,,,,,,,,,1,1,1,1.0,3.0
201800012727,0018-07-31 19:50:00,18,7,31,19,50,180,87,43 route de Chateauneuf,46.88007,2.55839,Plein jour,En agglomération,Hors intersection,Normale,Deux véhicules - côté,,,,,,,,,,,1,2,1,1.0,3.0
201800012728,0018-08-12 15:35:00,18,8,12,15,35,180,268,Lieu dit Le Fleuret,46.83635,2.42727,Plein jour,Hors agglomération,Hors intersection,Temps éblouissant,Autre collision,,,,,,,,,,,1,1,1,7.0,6.0
201800012729,0018-09-19 13:35:00,18,9,19,13,35,180,289,RD 2076,46.94221,2.58124,Plein jour,Hors agglomération,Hors intersection,Normale,Deux véhicules - frontale,,,,,,,,,,,1,1,1,1.0,1.0
201800012730,0018-09-23 02:15:00,18,9,23,2,15,180,63,D2144,46.87021,2.41801,Nuit sans éclairage public,Hors agglomération,Hors intersection,Normale,Autre collision,,,,,,,,,,,3,1,1,1.0,6.0
201800012731,0018-10-10 10:00:00,18,10,10,10,0,180,218,RD2076,46.99766,2.50667,Plein jour,Hors agglomération,Hors intersection,Normale,Deux véhicules - frontale,,,,,,,,,,,1,1,1,1.0,1.0
201800012732,0018-10-09 11:45:00,18,10,9,11,45,180,126,Rue de la Bardonnerie,46.92565,2.40695,Plein jour,En agglomération,Hors intersection,Normale,Deux véhicules - arrière,,,,,,,,,,,1,2,1,1.0,2.0
201800012733,0018-11-12 19:30:00,18,11,12,19,30,180,121,RD2076,46.92272,2.64259,Nuit sans éclairage public,Hors agglomération,Hors intersection,Pluie légère,Deux véhicules - frontale,,,,,,,,,,,3,1,1,2.0,1.0
201800012734,0018-12-03 07:11:00,18,12,3,7,11,180,63,lieu dit coudron,46.85589,2.42019,Crépuscule ou aube,Hors agglomération,Hors intersection,Pluie légère,Deux véhicules - frontale,,,,,,,,,,,2,1,1,2.0,1.0
201800012735,0018-03-24 01:05:00,18,3,24,1,5,180,155,La bruyère,46.81835,3.02827,Nuit avec éclairage allumé,En agglomération,Hors intersection,Normale,Autre collision,,,,,,,,,,,5,2,1,1.0,6.0
201800012736,0018-06-27 11:50:00,18,6,27,11,50,180,195,la rencontre,46.84566,2.8648,Plein jour,Hors agglomération,Intersection en T,Normale,Deux véhicules - arrière,,,,,,,,,,,1,1,3,1.0,2.0
201800012737,0018-07-04 10:50:00,18,7,4,10,50,180,242,rue du 8 mai 1945,46.82905,2.92495,Plein jour,En agglomération,Hors intersection,Normale,Autre collision,,,,,,,,,,,1,2,1,1.0,6.0
201800012738,0018-07-27 07:40:00,18,7,27,7,40,180,196,Rd951,46.76287,2.81808,Plein jour,Hors agglomération,Hors intersection,Normale,Deux véhicules - frontale,,,,,,,,,,,1,1,1,1.0,1.0
201800012739,0018-08-26 12:45:00,18,8,26,12,45,180,164,les usquenots,46.84674,2.99375,Plein jour,Hors agglomération,Hors intersection,Normale,Deux véhicules - côté,,,,,,,,,,,1,1,1,1.0,3.0
201800012740,0018-09-20 06:50:00,18,9,20,6,50,180,155,D2076,46.82259,3.0097,Crépuscule ou aube,Hors agglomération,Hors intersection,Normale,Deux véhicules - frontale,,,,,,,,,,,2,1,1,1.0,1.0
201800012741,0018-10-30 10:54:00,18,10,30,10,54,180,31,RD2076 - PK 24 - lieu-di,46.88247,2.77063,Plein jour,Hors agglomération,Intersection en T,Temps couvert,Deux véhicules - côté,,,,,,,,,,,1,1,3,8.0,3.0
201800012742,0018-12-14 12:00:00,18,12,14,12,0,180,108,2 RUEGAMBETTA,46.95174,2.94803,Plein jour,En agglomération,Intersection en T,Normale,Deux véhicules - côté,,,,,,,,,,,1,2,3,1.0,3.0
201800012743,0018-12-24 11:50:00,18,12,24,11,50,180,54,Lieu dit Les Bardins,46.89962,2.7995,Plein jour,Hors agglomération,Hors intersection,Normale,Sans collision,,,,,,,,,,,1,1,1,1.0,7.0
201800012744,0018-12-29 05:34:00,18,12,29,5,34,180,31,L'Echardois,46.9019,2.71502,Nuit sans éclairage public,Hors agglomération,Hors intersection,Normale,Autre collision,,,,,,,,,,,3,1,1,1.0,6.0
201800012745,0018-04-17 11:05:00,18,4,17,11,5,180,47,avenue Alain Fournier,47.36546,2.43308,Plein jour,En agglomération,Hors intersection,Temps éblouissant,Autre collision,,,,,,,,,,,1,2,1,7.0,6.0
201800012746,0018-05-05 00:15:00,18,5,5,0,15,180,30,"D30, route d'Autry",47.56239,2.55997,Nuit sans éclairage public,Hors agglomération,Hors intersection,Normale,Autre collision,,,,,,,,,,,3,1,1,1.0,6.0
201800012747,0018-05-27 15:00:00,18,5,27,15,0,180,149,carrefour RD940/RD22,47.31671,2.42988,Plein jour,Hors agglomération,Intersection en X,Normale,Deux véhicules - côté,,,,,,,,,,,1,1,2,1.0,3.0
201800012748,0018-06-21 10:15:00,18,6,21,10,15,180,159,RD 29 E,47.37258,2.21934,Plein jour,Hors agglomération,Hors intersection,Normale,Sans collision,,,,,,,,,,,1,1,1,1.0,7.0
201800012749,0018-07-11 10:20:00,18,7,11,10,20,180,284,rd 926,47.41166,2.56288,Plein jour,Hors agglomération,Hors intersection,Normale,Autre collision,,,,,,,,,,,1,1,1,1.0,6.0
201800012750,0018-07-12 19:08:00,18,7,12,19,8,180,11,D8,47.55931,2.46404,Plein jour,Hors agglomération,Hors intersection,Normale,Autre collision,,,,,,,,,,,1,1,1,1.0,6.0
201800012751,0018-07-22 05:30:00,18,7,22,5,30,180,170,D21,47.49256,2.49374,Crépuscule ou aube,Hors agglomération,Hors intersection,Normale,Sans collision,,,,,,,,,,,2,1,1,1.0,7.0
201800012752,0018-09-30 06:00:00,18,9,30,6,0,180,11,route de coullons,47.57585,2.46322,Nuit sans éclairage public,Hors agglomération,Hors intersection,Normale,Autre collision,,,,,,,,,,,3,1,1,1.0,6.0
201800012753,0018-09-30 04:30:00,18,9,30,4,30,180,15,LIEU DIT LES POIGNONS,47.44267,2.46044,Nuit sans éclairage public,Hors agglomération,Hors intersection,Normale,Autre collision,,,,,,,,,,,3,1,1,1.0,6.0
201800012754,0018-10-21 05:30:00,18,10,21,5,30,180,37,RD234,47.56088,2.26058,Nuit sans éclairage public,Hors agglomération,Hors intersection,Normale,Autre collision,,,,,,,,,,,3,1,1,1.0,6.0
201800012755,0018-10-29 16:51:00,18,10,29,16,51,180,15,Lieu-dit Moulin Neuf,47.48259,2.43519,Plein jour,Hors agglomération,Hors intersection,Pluie légère,Deux véhicules - arrière,,,,,,,,,,,1,1,1,2.0,2.0
201800012756,0018-05-07 15:00:00,18,5,7,15,0,180,96,Rue Jean moulin,47.17388,2.17076,Plein jour,En agglomération,Hors intersection,Normale,Deux véhicules - côté,,,,,,,,,,,1,2,1,1.0,3.0
201800012757,0018-06-02 18:20:00,18,6,2,18,20,180,5,Chemin de randonnée 41,47.15253,2.23323,Plein jour,Hors agglomération,Hors intersection,Normale,Sans collision,,,,,,,,,,,1,1,1,1.0,7.0
201800012758,0018-06-09 18:05:00,18,6,9,18,5,180,237,RD 35,47.10752,2.19729,Plein jour,Hors agglomération,Hors intersection,Normale,Sans collision,,,,,,,,,,,1,1,1,1.0,7.0
201800012759,0018-06-13 21:15:00,18,6,13,21,15,180,141,avenue Raoul Aladenize,47.14446,2.22398,Plein jour,En agglomération,Intersection en X,Normale,Deux véhicules - côté,,,,,,,,,,,1,2,2,1.0,3.0
201800012760,0018-06-24 17:30:00,18,6,24,17,30,180,148,76 route d'alnay,47.18129,2.04701,Plein jour,Hors agglomération,Hors intersection,Normale,Autre collision,,,,,,,,,,,1,1,1,1.0,6.0
201800012761,0018-09-15 17:20:00,18,9,15,17,20,180,148,lieu dit Lhommé,47.1899,2.05433,Plein jour,Hors agglomération,Hors intersection,Normale,Sans collision,,,,,,,,,,,1,1,1,1.0,7.0
201800012762,0018-10-12 16:50:00,18,10,12,16,50,180,186,RD23,47.07793,2.1808,Plein jour,Hors agglomération,Giratoire,Normale,Deux véhicules - côté,,,,,,,,,,,1,1,6,1.0,3.0
201800012763,0018-11-20 19:45:00,18,11,20,19,45,180,237,Départementale 35,47.07773,2.20691,Nuit avec éclairage allumé,En agglomération,Intersection en X,Normale,Deux véhicules - côté,,,,,,,,,,,5,2,2,1.0,3.0
201800012764,0018-01-09 16:10:00,18,1,9,16,10,730,128,1494 ROUTE DES BAUGES,45.72399,5.92843,Plein jour,En agglomération,Hors intersection,Normale,Autre collision,,,,,,,,,,,1,2,1,1.0,6.0
201800012765,0018-01-16 18:50:00,18,1,16,18,50,730,103,"RD127, Route de l échang",45.65695,5.91226,Nuit avec éclairage allumé,Hors agglomération,Hors intersection,Pluie forte,Autre collision,,,,,,,,,,,5,1,1,3.0,6.0
201800012766,0018-03-01 19:10:00,18,3,1,19,10,730,10,25 rue du 8 mai 1945,45.78789,5.94596,Nuit avec éclairage allumé,En agglomération,Hors intersection,Temps couvert,Autre collision,,,,,,,,,,,5,2,1,8.0,6.0
201800012767,0018-04-22 19:30:00,18,4,22,19,30,730,300,chemin de Belledonne,45.66433,5.89959,Plein jour,En agglomération,Intersection en Y,Normale,Deux véhicules - côté,,,,,,,,,,,1,2,4,1.0,3.0
201800012768,0018-05-14 17:15:00,18,5,14,17,15,730,10,RD1201,45.7886,5.95575,Plein jour,Hors agglomération,Hors intersection,Normale,Deux véhicules - frontale,,,,,,,,,,,1,1,1,1.0,1.0
201800012769,0018-05-25 06:50:00,18,5,25,6,50,730,128,Rue boucher de la rupell,45.71274,5.92042,Crépuscule ou aube,En agglomération,Hors intersection,Normale,Autre collision,,,,,,,,,,,2,2,1,1.0,6.0
201800012770,0018-05-27 15:15:00,18,5,27,15,15,730,59,route de Paris,45.74442,5.88678,Plein jour,Hors agglomération,Hors intersection,Normale,Trois véhicules et plus - collisions multiples,,,,,,,,,,,1,1,1,1.0,5.0
201800012771,0018-06-02 16:00:00,18,6,2,16,0,730,164,D913,45.69985,6.00849,Plein jour,Hors agglomération,Hors intersection,Normale,Deux véhicules - frontale,,,,,,,,,,,1,1,1,1.0,1.0
201800012772,0018-06-05 09:00:00,18,6,5,9,0,730,103,D17A,45.65826,5.92762,Plein jour,En agglomération,Giratoire,Normale,Deux véhicules - arrière,,,,,,,,,,,1,2,6,1.0,2.0
201800012773,0018-06-10 14:15:00,18,6,10,14,15,730,10,RD 991,45.77178,5.86803,Plein jour,Hors agglomération,Hors intersection,Normale,Deux véhicules - arrière,,,,,,,,,,,1,1,1,1.0,2.0
201800012774,0018-07-06 19:00:00,18,7,6,19,0,730,300,boulevard charcot,45.6901,5.89572,Crépuscule ou aube,En agglomération,Giratoire,Temps éblouissant,Deux véhicules - côté,,,,,,,,,,,2,2,6,7.0,3.0
201800012775,0018-08-02 09:05:00,18,8,2,9,5,730,62,RD 54 PR 12.570,45.81573,5.86542,Plein jour,Hors agglomération,Hors intersection,Temps éblouissant,Deux véhicules - côté,,,,,,,,,,,1,1,1,7.0,3.0
201800012776,0018-08-04 08:55:00,18,8,4,8,55,730,128,rue de sarraz,45.72653,5.93051,Plein jour,Hors agglomération,Intersection à plus de 4 branches,Normale,Deux véhicules - côté,,,,,,,,,,,1,1,5,1.0,3.0
201800012777,0018-08-19 12:15:00,18,8,19,12,15,730,263,les gonnards,45.72633,6.00568,Plein jour,En agglomération,Intersection en Y,Normale,Deux véhicules - frontale,,,,,,,,,,,1,2,4,1.0,1.0
201800012778,0018-09-13 11:05:00,18,9,13,11,5,730,59,RD 991,45.76005,5.87071,Plein jour,Hors agglomération,Hors intersection,Normale,Deux véhicules - frontale,,,,,,,,,,,1,1,1,1.0,1.0
201800012779,0018-09-18 19:20:00,18,9,18,19,20,730,238,d991 - ST GERMAIN LA CHA,45.77873,5.88292,Crépuscule ou aube,Hors agglomération,Hors intersection,Normale,Deux véhicules - frontale,,,,,,,,,,,2,1,1,1.0,1.0
201800012780,0018-09-24 16:50:00,18,9,24,16,50,730,300,339 boulevard jean Charc,45.65974,5.89477,Plein jour,Hors agglomération,Hors intersection,Normale,Deux véhicules - arrière,,,,,,,,,,,1,1,1,1.0,2.0
201800012781,0018-12-05 20:05:00,18,12,5,20,5,730,10,Rue du Mont-Blanc,45.78613,5.94664,Nuit avec éclairage allumé,Hors agglomération,Hors intersection,Normale,Trois véhicules et plus - en chaîne,,,,,,,,,,,5,1,1,1.0,4.0
201800012782,0018-03-10 21:35:00,18,3,10,21,35,730,58,Route du Lac - D921E,45.53199,5.74599,Nuit sans éclairage public,En agglomération,Hors intersection,Normale,Deux véhicules - frontale,,,,,,,,,,,3,2,1,1.0,1.0
201800012783,0018-08-13 09:10:00,18,8,13,9,10,730,254,90 chemin de Truison,45.58856,5.71836,Plein jour,Hors agglomération,Hors intersection,Temps couvert,Sans collision,,,,,,,,,,,1,1,1,8.0,7.0
201800012784,0018-10-11 10:25:00,18,10,11,10,25,730,226,ROUTE DE L'ISERE - D 203,45.50018,5.71433,Plein jour,Hors agglomération,Hors intersection,Normale,Deux véhicules - frontale,,,,,,,,,,,1,1,1,1.0,1.0
201800012785,0018-03-27 19:45:00,18,3,27,19,45,730,84,La Crouza,45.51654,6.00357,Nuit sans éclairage public,En agglomération,Hors intersection,Pluie légère,Autre collision,,,,,,,,,,,3,2,1,2.0,6.0
201800012786,0018-04-03 15:00:00,18,4,3,15,0,730,183,414 routes des vignes,45.50982,5.98582,Plein jour,Hors agglomération,Intersection en X,Normale,Deux véhicules - côté,,,,,,,,,,,1,1,2,1.0,3.0
201800012787,0018-06-28 08:30:00,18,6,28,8,30,730,171,Avenue GEORGES CLEMENCEA,45.50221,6.05602,Plein jour,En agglomération,Hors intersection,Normale,Deux véhicules - arrière,,,,,,,,,,,1,2,1,1.0,2.0
201800012788,0018-07-10 16:30:00,18,7,10,16,30,730,151,Route de chignin,45.50518,6.00253,Plein jour,En agglomération,Intersection en X,Normale,Deux véhicules - côté,,,,,,,,,,,1,2,2,1.0,3.0
201800012789,0018-07-28 21:00:00,18,7,28,21,0,730,270,Rd 911 route du_ Col du,45.5803,6.15245,Crépuscule ou aube,Hors agglomération,Intersection en Y,Normale,Autre collision,,,,,,,,,,,2,1,4,1.0,6.0
201800012790,0018-08-16 14:38:00,18,8,16,14,38,730,82,348 route de plan Champ,45.49369,6.0742,Plein jour,En agglomération,Hors intersection,Temps éblouissant,Deux véhicules - frontale,,,,,,,,,,,1,2,1,7.0,1.0
201800012791,0018-09-10 10:00:00,18,9,10,10,0,730,84,Rd 1006,45.51069,6.0143,Plein jour,Hors agglomération,Intersection en T,Temps éblouissant,Deux véhicules - côté,,,,,,,,,,,1,1,3,7.0,3.0
201800012792,0018-11-29 14:15:00,18,11,29,14,15,730,240,Départementale 923,45.48058,6.04093,Plein jour,Hors agglomération,Intersection en X,Normale,Deux véhicules - côté,,,,,,,,,,,1,1,2,1.0,3.0
201800012793,0018-12-11 13:55:00,18,12,11,13,55,730,240,RD 923,45.47141,6.04335,Plein jour,Hors agglomération,Intersection en X,Normale,Deux véhicules - frontale,,,,,,,,,,,1,1,2,1.0,1.0
201800012794,0018-01-27 18:20:00,18,1,27,18,20,730,32,RD990,45.6008,6.44939,Nuit sans éclairage public,Hors agglomération,Hors intersection,Normale,Deux véhicules - frontale,,,,,,,,,,,3,1,1,1.0,1.0
201800012795,0018-03-17 18:30:00,18,3,17,18,30,730,11,avenue du général de gau,45.66387,6.36416,Crépuscule ou aube,En agglomération,Intersection en X,Normale,Deux véhicules - côté,,,,,,,,,,,2,2,2,1.0,3.0
201800012796,0018-04-19 10:00:00,18,4,19,10,0,730,202,"RD 201C , route de tamié",45.6709,6.30855,Plein jour,Hors agglomération,Hors intersection,Normale,Autre collision,,,,,,,,,,,1,1,1,1.0,6.0
201800012797,0018-04-25 20:40:00,18,4,25,20,40,730,241,"RD 925 LIEU DIT ""LE VILL",45.60341,6.30465,Crépuscule ou aube,Hors agglomération,Hors intersection,Normale,Sans collision,,,,,,,,,,,2,1,1,1.0,7.0
201800012798,0018-04-30 19:25:00,18,4,30,19,25,730,298,PK 27+600,45.65663,6.4318,Plein jour,Hors agglomération,Hors intersection,Normale,Trois véhicules et plus - en chaîne,,,,,,,,,,,1,1,1,1.0,4.0
201800012799,0018-05-24 11:55:00,18,5,24,11,55,730,130,536 RD925,45.65422,6.38194,Plein jour,En agglomération,Hors intersection,Normale,Deux véhicules - arrière,,,,,,,,,,,1,2,1,1.0,2.0
201800012800,0018-05-19 12:15:00,18,5,19,12,15,730,114,D218c,45.8177,6.51669,Plein jour,Hors agglomération,Hors intersection,Normale,Sans collision,,,,,,,,,,,1,1,1,1.0,7.0
201800012801,0018-05-22 13:45:00,18,5,22,13,45,730,114,D218B,45.81815,6.52827,Plein jour,Hors agglomération,Hors intersection,Pluie forte,Deux véhicules - frontale,,,,,,,,,,,1,1,1,3.0,1.0
201800012802,0018-06-01 08:25:00,18,6,1,8,25,730,32,rue Jean Moulin,45.62548,6.45072,Plein jour,En agglomération,Intersection en T,Normale,Deux véhicules - frontale,,,,,,,,,,,1,2,3,1.0,1.0
201800012803,0018-06-13 19:30:00,18,6,13,19,30,730,32,D990,45.60005,6.44915,Plein jour,Hors agglomération,Hors intersection,Normale,Deux véhicules - frontale,,,,,,,,,,,1,1,1,1.0,1.0
201800012804,0018-07-14 10:50:00,18,7,14,10,50,730,123,CD 909,45.87159,6.46772,Plein jour,Hors agglomération,Hors intersection,Normale,Deux véhicules - frontale,,,,,,,,,,,1,1,1,1.0,1.0
201800012805,0018-07-25 17:00:00,18,7,25,17,0,730,114,RD 1212,45.82212,6.53264,Plein jour,Hors agglomération,Hors intersection,Normale,Deux véhicules - frontale,,,,,,,,,,,1,1,1,1.0,1.0
201800012806,0018-08-03 19:25:00,18,8,3,19,25,730,124,D990,45.64808,6.33042,Plein jour,Hors agglomération,Intersection en T,Normale,Deux véhicules - côté,,,,,,,,,,,1,1,3,1.0,3.0
201800012807,0018-08-12 09:30:00,18,8,12,9,30,730,292,D63 / D129,45.71194,6.40604,Plein jour,Hors agglomération,Intersection en T,Normale,Deux véhicules - côté,,,,,,,,,,,1,1,3,1.0,3.0
201800012808,0018-08-26 02:20:00,18,8,26,2,20,730,63,RN90,45.58102,6.45893,Nuit sans éclairage public,Hors agglomération,Hors intersection,Normale,Sans collision,,,,,,,,,,,3,1,1,1.0,7.0
201800012809,0018-08-30 12:00:00,18,8,30,12,0,730,124,chemin de la digue,45.64794,6.34252,Plein jour,Hors agglomération,Hors intersection,Normale,Deux véhicules - côté,,,,,,,,,,,1,1,1,1.0,3.0
201800012810,0018-08-31 20:15:00,18,8,31,20,15,730,154,RD64,45.66732,6.34311,Nuit sans éclairage public,En agglomération,Hors intersection,Pluie légère,Sans collision,,,,,,,,,,,3,2,1,2.0,7.0
201800012811,0018-10-06 16:10:00,18,10,6,16,10,730,303,RD 1212,45.75397,6.45892,Plein jour,Hors agglomération,Hors intersection,Normale,Autre collision,,,,,,,,,,,1,1,1,1.0,6.0
201800012812,0018-10-25 18:55:00,18,10,25,18,55,730,121,23 rue Joseph PILLET,45.63493,6.3114,Nuit avec éclairage allumé,En agglomération,Hors intersection,Normale,Deux véhicules - côté,,,,,,,,,,,5,2,1,1.0,3.0
201800012813,0018-11-30 20:15:00,18,11,30,20,15,730,153,D1212,45.71904,6.4097,Nuit sans éclairage public,Hors agglomération,Hors intersection,Normale,Deux véhicules - arrière,,,,,,,,,,,3,1,1,1.0,2.0
201800012814,0018-12-01 11:45:00,18,12,1,11,45,730,303,D109,45.75538,6.44822,Plein jour,Hors agglomération,Hors intersection,Normale,Deux véhicules - frontale,,,,,,,,,,,1,1,1,1.0,1.0
201800012815,0018-02-04 19:30:00,18,2,4,19,30,730,235,pl de la madeleine,45.41994,6.36427,Nuit avec éclairage allumé,En agglomération,Hors intersection,Normale,Sans collision,,,,,,,,,,,5,2,1,1.0,7.0
201800012816,0018-03-11 19:30:00,18,3,11,19,30,730,74,RD 1006,45.43849,6.28487,Nuit sans éclairage public,Hors agglomération,Hors intersection,Normale,Autre collision,,,,,,,,,,,3,1,1,1.0,6.0
201800012817,0018-04-10 18:30:00,18,4,10,18,30,730,272,Le Lac des Hurtières,45.47627,6.2816,Plein jour,En agglomération,Hors intersection,Normale,Autre collision,,,,,,,,,,,1,2,1,1.0,6.0
201800012818,0018-04-19 18:00:00,18,4,19,18,0,730,2,32 Grande Rue,45.5419,6.3053,Plein jour,En agglomération,Intersection en T,Normale,Autre collision,,,,,,,,,,,1,2,3,1.0,6.0
201800012819,0018-04-21 15:30:00,18,4,21,15,30,730,19,D1006,45.51153,6.31191,Plein jour,Hors agglomération,Intersection en T,Temps éblouissant,Deux véhicules - côté,,,,,,,,,,,1,1,3,7.0,3.0
201800012820,0018-04-23 16:20:00,18,4,23,16,20,730,237,RD 73,45.50878,6.29057,Plein jour,Hors agglomération,Hors intersection,Normale,Deux véhicules - frontale,,,,,,,,,,,1,1,1,1.0,1.0
201800012821,0018-05-03 20:00:00,18,5,3,20,0,730,7,RD 1006,45.55849,6.26495,Plein jour,Hors agglomération,Hors intersection,Normale,Deux véhicules - frontale,,,,,,,,,,,1,1,1,1.0,1.0
201800012822,0018-05-30 18:30:00,18,5,30,18,30,730,255,Parking du magasin INTER,45.34828,6.3036,Plein jour,En agglomération,Autre intersection,Normale,Autre collision,,,,,,,,,,,1,2,9,1.0,6.0