accident_id,datetime,annee,mois,jour,heure,minute,departement,commune_insee,adresse,latitude,longitude,luminosite,agglomeration,intersection,meteo,collision,nb_vehicules,nb_usagers,nb_indemnes,nb_tues,nb_blesses_hosp,nb_blesses_legers,age_cond_1,age_cond_2,veh_type_cond_1,veh_type_cond_2,lum_code,agg_code,int_code,atm_code,col_code
201800012946,0018-06-10 07:30:00,18,6,10,7,30,640,202,BORDACHARIA,43.3136,-0.98417,Plein jour,Hors agglomération,Hors intersection,Normale,Sans collision,,,,,,,,,,,1,1,1,1.0,7.0
201800012947,0018-08-03 14:20:00,18,8,3,14,20,640,106,RD 2933,43.3199,-1.01488,Plein jour,Hors agglomération,Hors intersection,Normale,Deux véhicules - frontale,,,,,,,,,,,1,1,1,1.0,1.0
201800012948,0018-08-14 16:15:00,18,8,14,16,15,640,18,CHEMIN ETXETOA,43.3282,-1.04014,Plein jour,En agglomération,Hors intersection,Normale,Autre collision,,,,,,,,,,,1,2,1,1.0,6.0
201800012949,0018-11-02 19:00:00,18,11,2,19,0,640,368,ROUTE D?PARTEMENTALE 11,43.3898,-1.09736,Nuit sans éclairage public,Hors agglomération,Intersection en X,Autre,Deux véhicules - côté,,,,,,,,,,,3,1,2,9.0,3.0
201800012950,0018-04-01 16:30:00,18,4,1,16,30,640,64,CD 918,43.1097,-0.63264,Plein jour,Hors agglomération,Hors intersection,Normale,Sans collision,,,,,,,,,,,1,1,1,1.0,7.0
201800012951,0018-05-20 16:20:00,18,5,20,16,20,640,185,RN134,42.9363,-0.58976,Plein jour,Hors agglomération,Hors intersection,Normale,Sans collision,,,,,,,,,,,1,1,1,1.0,7.0
201800012952,0018-05-25 16:45:00,18,5,25,16,45,640,29,CHEMIN SANS PAREIL,43.1293,-0.71941,Plein jour,Hors agglomération,Hors intersection,Normale,Sans collision,,,,,,,,,,,1,1,1,1.0,7.0
201800012953,0018-11-01 12:30:00,18,11,1,12,30,640,104,RD834,42.9973,-0.60132,Plein jour,En agglomération,Hors intersection,Pluie légère,Autre collision,,,,,,,,,,,1,2,1,2.0,6.0
201800012954,0018-11-11 11:00:00,18,11,11,11,0,640,542,RN134,42.84,-0.5573,Plein jour,Hors agglomération,Hors intersection,Normale,Autre collision,,,,,,,,,,,1,1,1,1.0,6.0
201800012955,0018-12-03 17:15:00,18,12,3,17,15,640,136,ROUTE NATIONALE 134,42.8893,-0.56325,Crépuscule ou aube,Hors agglomération,Hors intersection,Pluie légère,Deux véhicules - frontale,,,,,,,,,,,2,1,1,2.0,1.0
201800012956,0018-08-02 18:45:00,18,8,2,18,45,640,127,RD 934,43.0436,-0.42553,Plein jour,Hors agglomération,Hors intersection,Normale,Deux véhicules - frontale,,,,,,,,,,,1,1,1,1.0,1.0
201800012957,0018-08-19 12:10:00,18,8,19,12,10,640,204,"RD918, PK 157.500 SENS E",42.9685,-0.36966,Plein jour,Hors agglomération,Hors intersection,Normale,Deux véhicules - côté,,,,,,,,,,,1,1,1,1.0,3.0
201800012958,0018-08-20 23:25:00,18,8,20,23,25,640,463,RD 934,43.148,-0.40323,Nuit sans éclairage public,Hors agglomération,Hors intersection,Normale,Sans collision,,,,,,,,,,,3,1,1,1.0,7.0
201800012959,0018-10-03 11:30:00,18,10,3,11,30,640,320,CD934,42.8209,-0.40533,Plein jour,Hors agglomération,Hors intersection,Normale,Deux véhicules - côté,,,,,,,,,,,1,1,1,1.0,3.0
201800012960,0018-10-21 21:00:00,18,10,21,21,0,640,463,3 ROUTE DE BOSDARROS,43.1609,-0.39634,Nuit avec éclairage allumé,En agglomération,Hors intersection,Normale,Sans collision,,,,,,,,,,,5,2,1,1.0,7.0
201800012961,0018-11-27 15:30:00,18,11,27,15,30,640,175,CHEMIN DU JAOUT - PORT D,43.0634,-0.38064,Plein jour,Hors agglomération,Hors intersection,Normale,Sans collision,,,,,,,,,,,1,1,1,1.0,7.0
201800012962,0018-07-28 10:50:00,18,7,28,10,50,640,253,RD 936,43.2841,-0.74818,Plein jour,Hors agglomération,Hors intersection,Temps couvert,Deux véhicules - côté,,,,,,,,,,,1,1,1,8.0,3.0
201800012963,0018-09-08 15:00:00,18,9,8,15,0,640,458,RD 936,43.2606,-0.72231,Plein jour,Hors agglomération,Hors intersection,Normale,Autre collision,,,,,,,,,,,1,1,1,1.0,6.0
201800012964,0018-09-28 19:25:00,18,9,28,19,25,640,393,CHEMIN DE BOURRASSOT,43.2621,-0.55527,Crépuscule ou aube,Hors agglomération,Hors intersection,Normale,Autre collision,,,,,,,,,,,2,1,1,1.0,6.0
201800012965,0018-12-22 19:00:00,18,12,22,19,0,640,32,RD 936,43.3622,-0.81698,Nuit sans éclairage public,Hors agglomération,Hors intersection,Normale,Autre collision,,,,,,,,,,,3,1,1,1.0,6.0
201800012966,0018-02-05 20:00:00,18,2,5,20,0,640,96,RD 936,43.3869,-0.90919,Nuit sans éclairage public,Hors agglomération,Giratoire,Pluie légère,Autre collision,,,,,,,,,,,3,1,6,2.0,6.0
201800012967,0018-09-23 12:30:00,18,9,23,12,30,640,499,1131 QUARTIER DES ANTYS,43.4491,-0.8965,Plein jour,Hors agglomération,Hors intersection,Normale,Deux véhicules - frontale,,,,,,,,,,,1,1,1,1.0,1.0
201800012968,0018-11-16 19:15:00,18,11,16,19,15,640,531,CD 23,43.3618,-0.9049,Nuit sans éclairage public,Hors agglomération,Hors intersection,Normale,Deux véhicules - frontale,,,,,,,,,,,3,1,1,1.0,1.0
201800012969,0018-11-29 16:45:00,18,11,29,16,45,640,108,RD 330,43.5039,-0.92263,Plein jour,Hors agglomération,Hors intersection,Normale,Autre collision,,,,,,,,,,,1,1,1,1.0,6.0
201800012970,0018-12-21 16:30:00,18,12,21,16,30,640,96,"ROUTE DE MUNEIN, RD 936",43.3866,-0.90827,Plein jour,Hors agglomération,Hors intersection,Normale,Deux véhicules - côté,,,,,,,,,,,1,1,1,1.0,3.0
201800012971,0018-01-12 12:15:00,18,1,12,12,15,450,130,506 rue Roger Ollivier,47.80145,1.72082,Plein jour,En agglomération,Hors intersection,Normale,Sans collision,,,,,,,,,,,1,2,1,1.0,7.0
201800012972,0018-02-18 01:30:00,18,2,18,1,30,450,196,Face 861 rue de meung,47.85289,1.77278,Nuit sans éclairage public,En agglomération,Hors intersection,Brouillard / fumée,Autre collision,,,,,,,,,,,3,2,1,5.0,6.0
201800012973,0018-03-30 08:40:00,18,3,30,8,40,450,19,RD 104 - Villecéry,47.85194,1.62352,Plein jour,Hors agglomération,Hors intersection,Temps couvert,Deux véhicules - frontale,,,,,,,,,,,1,1,1,8.0,1.0
201800012974,0018-04-23 08:15:00,18,4,23,8,15,450,81,15 rue de la libération,47.92854,1.57609,Plein jour,En agglomération,Hors intersection,Normale,Autre collision,,,,,,,,,,,1,2,1,1.0,6.0
201800012975,0018-04-22 18:45:00,18,4,22,18,45,450,167,1310 rue des caillots,47.89166,1.72473,Plein jour,En agglomération,Hors intersection,Normale,Autre collision,,,,,,,,,,,1,2,1,1.0,6.0
201800012976,0018-05-03 19:20:00,18,5,3,19,20,450,282,route de bellecourt,47.85077,1.8285,Crépuscule ou aube,Hors agglomération,Hors intersection,Temps éblouissant,Deux véhicules - frontale,,,,,,,,,,,2,1,1,7.0,1.0
201800012977,0018-07-10 23:20:00,18,7,10,23,20,450,269,D2152,47.86905,1.78168,Nuit avec éclairage allumé,En agglomération,Hors intersection,Normale,Deux véhicules - frontale,,,,,,,,,,,5,2,1,1.0,1.0
201800012978,0018-09-29 18:10:00,18,9,29,18,10,450,98,lieu dit les près LE BRU,47.82377,1.74846,Plein jour,Hors agglomération,Hors intersection,Normale,Autre collision,,,,,,,,,,,1,1,1,1.0,6.0
201800012979,0018-12-21 02:20:00,18,12,21,2,20,450,130,D 951,47.79052,1.71662,Nuit avec éclairage allumé,Hors agglomération,Giratoire,Pluie forte,Autre collision,,,,,,,,,,,5,1,6,3.0,6.0
201800012980,0018-01-02 09:00:00,18,1,2,9,0,450,272,RD 126,47.86299,1.94799,Plein jour,Hors agglomération,Hors intersection,Normale,Trois véhicules et plus - collisions multiples,,,,,,,,,,,1,1,1,1.0,5.0
201800012981,0018-01-13 13:00:00,18,1,13,13,0,450,146,RD61 pk 03+600,47.72032,1.89766,Plein jour,Hors agglomération,Hors intersection,Normale,Autre collision,,,,,,,,,,,1,1,1,1.0,6.0
201800012982,0018-02-02 19:20:00,18,2,2,19,20,450,182,ROUTE D'ORLEANS-D15,47.68904,1.78473,Nuit sans éclairage public,Hors agglomération,Hors intersection,Normale,Deux véhicules - arrière,,,,,,,,,,,3,1,1,1.0,2.0
201800012983,0018-01-12 16:05:00,18,1,12,16,5,450,272,1035 rue du par floral,47.8548,1.94603,Plein jour,Hors agglomération,Hors intersection,Pluie légère,Deux véhicules - frontale,,,,,,,,,,,1,1,1,2.0,1.0
201800012984,0018-03-29 10:00:00,18,3,29,10,0,450,146,Rte de LAMOTTE BEUVRON,47.6744,1.96965,Plein jour,Hors agglomération,Hors intersection,Normale,Sans collision,,,,,,,,,,,1,1,1,1.0,7.0
201800012985,0018-04-19 08:20:00,18,4,19,8,20,450,193,carrefour RD 13 RD 14,47.80472,2.08446,Plein jour,Hors agglomération,Intersection en T,Temps éblouissant,Deux véhicules - frontale,,,,,,,,,,,1,1,3,7.0,1.0
201800012986,0018-05-22 16:45:00,18,5,22,16,45,450,175,Rond point D7 - D15,47.74945,1.81238,Plein jour,En agglomération,Giratoire,Pluie légère,Sans collision,,,,,,,,,,,1,2,6,2.0,7.0
201800012987,0018-05-31 17:35:00,18,5,31,17,35,450,6,ROUTE D'OLIVET,47.78941,1.86793,Plein jour,Hors agglomération,Hors intersection,Normale,Deux véhicules - frontale,,,,,,,,,,,1,1,1,1.0,1.0
201800012988,0018-06-27 17:45:00,18,6,27,17,45,450,300,D13,47.81661,2.04294,Plein jour,Hors agglomération,Hors intersection,Normale,Sans collision,,,,,,,,,,,1,1,1,1.0,7.0
201800012989,0018-06-25 06:50:00,18,6,25,6,50,450,300,D14,47.81358,2.02369,Plein jour,Hors agglomération,Hors intersection,Normale,Sans collision,,,,,,,,,,,1,1,1,1.0,7.0
201800012990,0018-07-16 04:45:00,18,7,16,4,45,450,309,D 17 PK 13+200,47.70155,2.13293,Crépuscule ou aube,Hors agglomération,Hors intersection,Normale,Autre collision,,,,,,,,,,,2,1,1,1.0,6.0
201800012991,0018-07-24 10:20:00,18,7,24,10,20,450,146,D61,47.71935,1.89843,Plein jour,Hors agglomération,Hors intersection,Normale,Deux véhicules - arrière,,,,,,,,,,,1,1,1,1.0,2.0
201800012992,0018-09-12 04:51:00,18,9,12,4,51,450,272,"Lieu dit Le petit Ligny,",47.84365,1.98578,Nuit sans éclairage public,Hors agglomération,Intersection en X,Normale,Deux véhicules - côté,,,,,,,,,,,3,1,2,1.0,3.0
201800012993,0018-09-16 06:30:00,18,9,16,6,30,450,182,chemin de la Ferté Saint,47.68294,1.79138,Crépuscule ou aube,Hors agglomération,Hors intersection,Normale,Autre collision,,,,,,,,,,,2,1,1,1.0,6.0
201800012994,0018-10-09 15:40:00,18,10,9,15,40,450,182,Départementale D15,47.68864,1.78458,Plein jour,Hors agglomération,Hors intersection,Normale,Autre collision,,,,,,,,,,,1,1,1,1.0,6.0
201800012995,0018-10-22 17:45:00,18,10,22,17,45,450,300,Rue d'Allou,47.83748,2.03549,Plein jour,En agglomération,Hors intersection,Normale,Autre collision,,,,,,,,,,,1,2,1,1.0,6.0
201800012996,0018-10-27 21:30:00,18,10,27,21,30,450,175,D18-PK 010+1,47.77833,1.77673,Nuit sans éclairage public,Hors agglomération,Hors intersection,Pluie légère,Autre collision,,,,,,,,,,,3,1,1,2.0,6.0
201800012997,0018-10-31 16:45:00,18,10,31,16,45,450,175,Départementale D 15,47.74762,1.80844,Plein jour,Hors agglomération,Hors intersection,Pluie légère,Sans collision,,,,,,,,,,,1,1,1,2.0,7.0
201800012998,0018-10-29 08:05:00,18,10,29,8,5,450,309,D120- PK 17+120,47.69012,2.16974,Crépuscule ou aube,Hors agglomération,Hors intersection,Pluie légère,Autre collision,,,,,,,,,,,2,1,1,2.0,6.0
201800012999,0018-11-05 08:25:00,18,11,5,8,25,450,300,1974 route d'orléans,47.85225,2.01067,Plein jour,En agglomération,Hors intersection,Normale,Sans collision,,,,,,,,,,,1,2,1,1.0,7.0
201800013000,0018-11-12 17:20:00,18,11,12,17,20,450,146,RUE DU GENERAL LECLERC,47.72605,1.93986,Nuit avec éclairage allumé,En agglomération,Hors intersection,Pluie légère,Deux véhicules - arrière,,,,,,,,,,,5,2,1,2.0,2.0
201800013001,0018-11-23 10:10:00,18,11,23,10,10,450,272,D7/RUE DE GAUTRAY,47.76709,1.95426,Plein jour,Hors agglomération,Intersection en X,Normale,Deux véhicules - côté,,,,,,,,,,,1,1,2,1.0,3.0
201800013002,0018-11-24 03:55:00,18,11,24,3,55,450,300,Route de Vannes,47.82185,2.04338,Nuit sans éclairage public,Hors agglomération,Hors intersection,Normale,Sans collision,,,,,,,,,,,3,1,1,1.0,7.0
201800013003,0018-01-23 09:21:00,18,1,23,9,21,450,59,D 2157,47.93218,1.75003,Plein jour,Hors agglomération,Hors intersection,Normale,Deux véhicules - frontale,,,,,,,,,,,1,1,1,1.0,1.0
201800013004,0018-03-03 15:45:00,18,3,3,15,45,450,337,ROUTE DE VILLAMBLAIN,48.00268,1.56233,Plein jour,Hors agglomération,Hors intersection,Normale,Autre collision,,,,,,,,,,,1,1,1,1.0,6.0
201800013005,0018-05-08 19:45:00,18,5,8,19,45,450,99,Lieu dit Villardu,48.02552,1.73929,Plein jour,Hors agglomération,Hors intersection,Normale,Sans collision,,,,,,,,,,,1,1,1,1.0,7.0
201800013006,0018-06-21 15:45:00,18,6,21,15,45,450,93,D6-RTE DE SOUGY,48.03826,1.85162,Plein jour,Hors agglomération,Hors intersection,Normale,Sans collision,,,,,,,,,,,1,1,1,1.0,7.0
201800013007,0018-09-30 15:00:00,18,9,30,15,0,450,296,Rue de Chateaudun/D955,48.00105,1.69504,Plein jour,Hors agglomération,Hors intersection,Normale,Deux véhicules - arrière,,,,,,,,,,,1,1,1,1.0,2.0
201800013008,0018-12-04 07:59:00,18,12,4,7,59,450,313,D6-pr6+400,48.05021,1.81587,Crépuscule ou aube,En agglomération,Hors intersection,Normale,Deux véhicules - côté,,,,,,,,,,,2,2,1,1.0,3.0
201800013009,0018-01-03 18:20:00,18,1,3,18,20,450,53,RD 952 - PR 003.400,47.64863,2.74171,Nuit sans éclairage public,Hors agglomération,Hors intersection,Pluie légère,Deux véhicules - frontale,,,,,,,,,,,3,1,1,2.0,1.0
201800013010,0018-03-11 16:30:00,18,3,11,16,30,450,53,Route d'Ousson,47.60358,2.76458,Plein jour,Hors agglomération,Hors intersection,Normale,Autre collision,,,,,,,,,,,1,1,1,1.0,6.0
201800013011,0018-04-06 05:30:00,18,4,6,5,30,450,276,CD 951,47.62253,2.73391,Nuit sans éclairage public,Hors agglomération,Hors intersection,Normale,Sans collision,,,,,,,,,,,3,1,1,1.0,7.0
201800013012,0018-04-08 00:30:00,18,4,8,0,30,450,245,RD 45 PR 7+500,47.68747,2.79408,Nuit sans éclairage public,Hors agglomération,Hors intersection,Normale,Sans collision,,,,,,,,,,,3,1,1,1.0,7.0
201800013013,0018-05-18 06:45:00,18,5,18,6,45,450,53,RD2007,47.63864,2.75243,Plein jour,Hors agglomération,Autre intersection,Normale,Sans collision,,,,,,,,,,,1,1,9,1.0,7.0
201800013014,0018-06-04 16:30:00,18,6,4,16,30,450,29,"18, RUE DE CHÂTILLON",47.54443,2.81353,Plein jour,En agglomération,Hors intersection,Normale,Autre collision,,,,,,,,,,,1,2,1,1.0,6.0
201800013015,0018-06-19 07:20:00,18,6,19,7,20,450,29,D 951 PK 7+500,47.55039,2.80245,Plein jour,Hors agglomération,Hors intersection,Normale,Deux véhicules - côté,,,,,,,,,,,1,1,1,1.0,3.0
201800013016,0018-06-20 16:12:00,18,6,20,16,12,450,40,D48,47.58361,2.84628,Plein jour,Hors agglomération,Intersection en X,Normale,Deux véhicules - côté,,,,,,,,,,,1,1,2,1.0,3.0
201800013017,0018-07-14 02:55:00,18,7,14,2,55,450,323,RD 965,47.57303,2.8815,Nuit sans éclairage public,Hors agglomération,Hors intersection,Normale,Deux véhicules - frontale,,,,,,,,,,,3,1,1,1.0,1.0
201800013018,0018-10-06 22:25:00,18,10,6,22,25,450,276,RD951 - PR14+950,47.63,2.72755,Nuit sans éclairage public,Hors agglomération,Hors intersection,Temps couvert,Autre collision,,,,,,,,,,,3,1,1,8.0,6.0
201800013019,0018-12-16 16:45:00,18,12,16,16,45,450,53,RD 2007 - PK 54+800,47.60618,2.78053,Crépuscule ou aube,Hors agglomération,Hors intersection,Pluie légère,Deux véhicules - frontale,,,,,,,,,,,2,1,1,2.0,1.0
201800013020,0018-01-31 17:54:00,18,1,31,17,54,450,281,D32,48.0407,3.03311,Nuit avec éclairage non allumé,Hors agglomération,Hors intersection,Pluie forte,Autre collision,,,,,,,,,,,4,1,1,3.0,6.0
201800013021,0018-02-03 03:00:00,18,2,3,3,0,450,115,CD 162 - PK 16+930,47.99608,3.02662,Nuit sans éclairage public,Hors agglomération,Hors intersection,Autre,Autre collision,,,,,,,,,,,3,1,1,9.0,6.0
201800013022,0018-03-21 07:16:00,18,3,21,7,16,450,113,Rd 2060 PR 12+032,48.02646,2.94039,Crépuscule ou aube,Hors agglomération,Hors intersection,Normale,Deux véhicules - frontale,,,,,,,,,,,2,1,1,1.0,1.0
201800013023,0018-04-28 14:00:00,18,4,28,14,0,450,281,lieu dit Les Mallets,48.03514,3.01111,Plein jour,Hors agglomération,Hors intersection,Normale,Sans collision,,,,,,,,,,,1,1,1,1.0,7.0
201800013024,0018-06-24 18:30:00,18,6,24,18,30,450,129,RD 943-la brulerie,47.94546,3.03527,Plein jour,Hors agglomération,Hors intersection,Normale,Deux véhicules - frontale,,,,,,,,,,,1,1,1,1.0,1.0
201800013025,0018-06-28 09:53:00,18,6,28,9,53,450,306,rd 2060 - pr 15+700,48.02015,2.89489,Plein jour,Hors agglomération,Hors intersection,Normale,Trois véhicules et plus - collisions multiples,,,,,,,,,,,1,1,1,1.0,5.0
201800013026,0018-07-17 04:50:00,18,7,17,4,50,450,329,Route de Triguères,47.94952,2.98834,Nuit sans éclairage public,Hors agglomération,Hors intersection,Normale,Sans collision,,,,,,,,,,,3,1,1,1.0,7.0
201800013027,0018-09-02 11:20:00,18,9,2,11,20,450,165,Rte MONTBOUY/La GRANGE C,47.93008,2.8529,Plein jour,Hors agglomération,Intersection en X,Normale,Deux véhicules - côté,,,,,,,,,,,1,1,2,1.0,3.0
201800013028,0018-10-11 14:15:00,18,10,11,14,15,450,265,Route du Bignon-D34,48.1292,2.94004,Plein jour,Hors agglomération,Hors intersection,Normale,Sans collision,,,,,,,,,,,1,1,1,1.0,7.0
201800013029,0018-12-02 04:00:00,18,12,2,4,0,450,115,RUE DU PUITS LINON,48.04086,3.06268,Nuit avec éclairage allumé,En agglomération,Intersection en Y,Pluie légère,Autre collision,,,,,,,,,,,5,2,4,2.0,6.0
201800013030,0018-11-30 23:30:00,18,11,30,23,30,450,129,Rte de Joigny,47.94586,3.0335,Nuit sans éclairage public,Hors agglomération,Hors intersection,Pluie légère,Autre collision,,,,,,,,,,,3,1,1,2.0,6.0
201800013031,0018-12-02 20:00:00,18,12,2,20,0,450,165,125 RUE DE CHATEAURENARD,47.9466,2.85361,Nuit sans éclairage public,Hors agglomération,Hors intersection,Pluie forte,Autre collision,,,,,,,,,,,3,1,1,3.0,6.0
201800013032,0018-03-31 16:15:00,18,3,31,16,15,450,148,D2007,48.11622,2.76972,Plein jour,Hors agglomération,Hors intersection,Normale,Deux véhicules - frontale,,,,,,,,,,,1,1,1,1.0,1.0
201800013033,0018-06-17 07:30:00,18,6,17,7,30,450,91,D33/RTE DE LA SELLE,48.12055,2.86936,Plein jour,Hors agglomération,Intersection en X,Normale,Deux véhicules - côté,,,,,,,,,,,1,1,2,1.0,3.0
201800013034,0018-08-02 10:30:00,18,8,2,10,30,450,145,RTE DE MIREBEAU,48.07952,2.78472,Plein jour,Hors agglomération,Intersection en Y,Normale,Deux véhicules - frontale,,,,,,,,,,,1,1,4,1.0,1.0
201800013035,0018-11-18 02:40:00,18,11,18,2,40,450,127,R de la queue de l'étang,48.15724,2.80241,Nuit sans éclairage public,Hors agglomération,Hors intersection,Normale,Sans collision,,,,,,,,,,,3,1,1,1.0,7.0
201800013036,0018-11-21 03:30:00,18,11,21,3,30,450,61,1 rue des carrières,48.03903,2.74211,Nuit sans éclairage public,En agglomération,Hors intersection,Temps couvert,Autre collision,,,,,,,,,,,3,2,1,8.0,6.0
201800013037,0018-02-22 18:55:00,18,2,22,18,55,450,233,D 26 - route de PUISEAUX,48.20278,2.43816,Nuit sans éclairage public,Hors agglomération,Hors intersection,Normale,Deux véhicules - arrière,,,,,,,,,,,3,1,1,1.0,2.0
201800013038,0018-07-31 17:00:00,18,7,31,17,0,450,30,2 rue de boiscommun,48.06777,2.42781,Plein jour,En agglomération,Hors intersection,Temps couvert,Autre collision,,,,,,,,,,,1,2,1,8.0,6.0
201800013039,0018-10-08 17:16:00,18,10,8,17,16,450,30,D31 - 16 rue des roches,48.06957,2.45116,Plein jour,En agglomération,Intersection en T,Normale,Deux véhicules - côté,,,,,,,,,,,1,2,3,1.0,3.0
201800013040,0018-12-02 20:00:00,18,12,2,20,0,450,21,D950-PK13+1,48.10289,2.40466,Nuit sans éclairage public,Hors agglomération,Hors intersection,Pluie légère,Autre collision,,,,,,,,,,,3,1,1,2.0,6.0
201800013041,0018-03-09 20:55:00,18,3,9,20,55,450,93,RD97 pk 13+350,48.00846,1.95367,Nuit sans éclairage public,Hors agglomération,Hors intersection,Normale,Sans collision,,,,,,,,,,,3,1,1,1.0,7.0
201800013042,0018-03-21 13:19:00,18,3,21,13,19,450,188,210 Avenue Eugène Milon,47.99902,2.09002,Plein jour,En agglomération,Hors intersection,Normale,Deux véhicules - frontale,,,,,,,,,,,1,2,1,1.0,1.0
201800013043,0018-05-07 18:30:00,18,5,7,18,30,450,80,Inter. Chm13 et Chm22,48.25673,2.10046,Plein jour,Hors agglomération,Intersection en T,Normale,Deux véhicules - côté,,,,,,,,,,,1,1,3,1.0,3.0
201800013044,0018-05-17 06:30:00,18,5,17,6,30,450,15,6 rue de la libération,48.27699,2.10202,Crépuscule ou aube,En agglomération,Hors intersection,Normale,Autre collision,,,,,,,,,,,2,2,1,1.0,6.0
201800013045,0018-06-20 18:35:00,18,6,20,18,35,450,88,RD 927,48.17136,1.96963,Plein jour,Hors agglomération,Hors intersection,Normale,Sans collision,,,,,,,,,,,1,1,1,1.0,7.0
201800013046,0018-07-13 21:30:00,18,7,13,21,30,450,347,Route des soldats - D144,48.08143,2.25527,Nuit sans éclairage public,Hors agglomération,Hors intersection,Normale,Autre collision,,,,,,,,,,,3,1,1,1.0,6.0
201800013047,0018-10-16 09:40:00,18,10,16,9,40,450,95,D5 - RTE DE GIVRY,48.07046,2.11512,Plein jour,Hors agglomération,Intersection en T,Normale,Trois véhicules et plus - collisions multiples,,,,,,,,,,,1,1,3,1.0,5.0
201800013048,0018-10-31 18:20:00,18,10,31,18,20,450,111,25 petite rue,48.06408,2.21023,Nuit avec éclairage allumé,En agglomération,Hors intersection,Pluie légère,Deux véhicules - côté,,,,,,,,,,,5,2,1,2.0,3.0
201800013049,0018-12-25 01:10:00,18,12,25,1,10,450,347,Route de Jargeau,48.07791,2.23117,Nuit sans éclairage public,En agglomération,Hors intersection,Normale,Autre collision,,,,,,,,,,,3,2,1,1.0,6.0
201800013050,0018-01-27 07:50:00,18,1,27,7,50,600,103,D34,49.4263,2.24047,Crépuscule ou aube,Hors agglomération,Hors intersection,Normale,Sans collision,,,,,,,,,,,2,1,1,1.0,7.0
201800013051,0018-01-25 08:30:00,18,1,25,8,30,600,103,chemin du fay saint quen,49.41816,2.24455,Crépuscule ou aube,Hors agglomération,Hors intersection,Temps couvert,Deux véhicules - frontale,,,,,,,,,,,2,1,1,8.0,1.0
201800013052,0018-01-26 07:50:00,18,1,26,7,50,600,480,D1001,49.49991,2.16231,Plein jour,Hors agglomération,Hors intersection,Normale,Trois véhicules et plus - en chaîne,,,,,,,,,,,1,1,1,1.0,4.0
201800013053,0018-02-17 03:00:00,18,2,17,3,0,600,609,rue de beauvais,49.46287,1.97286,Nuit avec éclairage allumé,En agglomération,Hors intersection,Normale,Autre collision,,,,,,,,,,,5,2,1,1.0,6.0
201800013054,0018-02-19 15:20:00,18,2,19,15,20,600,9,Zone Commerciale Beauvai,49.40749,2.11777,Plein jour,En agglomération,Autre intersection,Normale,Autre collision,,,,,,,,,,,1,2,9,1.0,6.0
201800013055,0018-03-05 20:25:00,18,3,5,20,25,600,542,Départementale  12,49.40765,2.17665,Nuit sans éclairage public,Hors agglomération,Intersection en T,Normale,Trois véhicules et plus - collisions multiples,,,,,,,,,,,3,1,3,1.0,5.0
201800013056,0018-04-08 18:00:00,18,4,8,18,0,600,41,D12,49.38412,2.22082,Plein jour,En agglomération,Intersection en X,Normale,Deux véhicules - côté,,,,,,,,,,,1,2,2,1.0,3.0
201800013057,0018-05-15 12:35:00,18,5,15,12,35,600,668,route de sauqueuse saint,49.50496,2.05999,Plein jour,Hors agglomération,Hors intersection,Normale,Deux véhicules - côté,,,,,,,,,,,1,1,1,1.0,3.0
201800013058,0018-05-23 10:26:00,18,5,23,10,26,600,277,hameau de l'italienne,49.42516,2.0225,Plein jour,Hors agglomération,Intersection en T,Normale,Sans collision,,,,,,,,,,,1,1,3,1.0,7.0
201800013059,0018-06-23 20:15:00,18,6,23,20,15,600,302,03 rue de l'église,49.48761,2.24546,Crépuscule ou aube,En agglomération,Intersection en Y,Normale,Autre collision,,,,,,,,,,,2,2,4,1.0,6.0
201800013060,0018-06-27 12:00:00,18,6,27,12,0,600,703,Rd 926,49.4066,2.05157,Plein jour,Hors agglomération,Hors intersection,Normale,Autre collision,,,,,,,,,,,1,1,1,1.0,6.0
201800013061,0018-07-17 21:00:00,18,7,17,21,0,600,277,rue juliette Nevouet,49.43158,2.04504,Crépuscule ou aube,En agglomération,Hors intersection,Normale,Autre collision,,,,,,,,,,,2,2,1,1.0,6.0
201800013062,0018-08-06 07:39:00,18,8,6,7,39,600,542,D12,49.40286,2.18783,Plein jour,En agglomération,Hors intersection,Normale,Deux véhicules - côté,,,,,,,,,,,1,2,1,1.0,3.0
201800013063,0018-08-18 16:05:00,18,8,18,16,5,600,103,route départementale 931,49.41227,2.22971,Plein jour,Hors agglomération,Giratoire,Normale,Sans collision,,,,,,,,,,,1,1,6,1.0,7.0
201800013064,0018-08-25 20:30:00,18,8,25,20,30,600,243,rd 1001,49.49591,2.15783,Plein jour,Hors agglomération,Hors intersection,Normale,Deux véhicules - arrière,,,,,,,,,,,1,1,1,1.0,2.0
201800013065,0018-09-16 14:10:00,18,9,16,14,10,600,628,rue de wagicourt,49.42002,2.13078,Plein jour,Hors agglomération,Hors intersection,Normale,Sans collision,,,,,,,,,,,1,1,1,1.0,7.0
201800013066,0018-10-03 09:20:00,18,10,3,9,20,600,9,RD 1001,49.40054,2.132,Plein jour,Hors agglomération,Giratoire,Normale,Deux véhicules - côté,,,,,,,,,,,1,1,6,1.0,3.0
201800013067,0018-10-12 14:30:00,18,10,12,14,30,600,251,Route départementale 34,49.45844,2.21244,Plein jour,En agglomération,Hors intersection,Normale,Sans collision,,,,,,,,,,,1,2,1,1.0,7.0