accident_id,datetime,annee,mois,jour,heure,minute,departement,commune_insee,adresse,latitude,longitude,luminosite,agglomeration,intersection,meteo,collision,nb_vehicules,nb_usagers,nb_indemnes,nb_tues,nb_blesses_hosp,nb_blesses_legers,age_cond_1,age_cond_2,veh_type_cond_1,veh_type_cond_2,lum_code,agg_code,int_code,atm_code,col_code
201800013068,0018-10-21 07:45:00,18,10,21,7,45,600,290,Rue de Rieux,49.4768,2.1193,Crépuscule ou aube,Hors agglomération,Hors intersection,Brouillard / fumée,Sans collision,,,,,,,,,,,2,1,1,5.0,7.0
201800013069,0018-10-26 19:45:00,18,10,26,19,45,600,9,Rond point D1001 - N31,49.40064,2.13124,Nuit sans éclairage public,Hors agglomération,Giratoire,Pluie légère,Deux véhicules - côté,,,,,,,,,,,3,1,6,2.0,3.0
201800013070,0018-10-31 16:50:00,18,10,31,16,50,600,628,RN31,49.42278,2.15101,Crépuscule ou aube,Hors agglomération,Hors intersection,Pluie légère,Deux véhicules - arrière,,,,,,,,,,,2,1,1,2.0,2.0
201800013071,0018-11-12 18:15:00,18,11,12,18,15,600,668,rue du maréchal sauqueus,49.51541,2.07059,Nuit sans éclairage public,Hors agglomération,Hors intersection,Pluie légère,Sans collision,,,,,,,,,,,3,1,1,2.0,7.0
201800013072,0018-12-12 07:40:00,18,12,12,7,40,600,668,D149,49.5038,2.08648,Crépuscule ou aube,Hors agglomération,Intersection en X,Brouillard / fumée,Deux véhicules - arrière,,,,,,,,,,,2,1,2,5.0,2.0
201800013073,0018-12-15 15:30:00,18,12,15,15,30,600,9,rue de therdonne - ville,49.41484,2.14465,Plein jour,Hors agglomération,Hors intersection,Pluie légère,Autre collision,,,,,,,,,,,1,1,1,2.0,6.0
201800013074,0018-12-18 17:20:00,18,12,18,17,20,600,41,D 12,49.38416,2.22084,Nuit avec éclairage allumé,En agglomération,Intersection en T,Normale,Autre collision,,,,,,,,,,,5,2,3,1.0,6.0
201800013075,0018-12-22 16:45:00,18,12,22,16,45,600,639,Route Départementale 100,49.45395,2.09925,Nuit avec éclairage allumé,En agglomération,Giratoire,Temps couvert,Autre collision,,,,,,,,,,,5,2,6,8.0,6.0
201800013076,0018-03-13 16:05:00,18,3,13,16,5,600,344,RUE DE LA BONNIÈRE,49.39309,1.89025,Plein jour,En agglomération,Intersection en X,Normale,Deux véhicules - côté,,,,,,,,,,,1,2,2,1.0,3.0
201800013077,0018-05-05 18:15:00,18,5,5,18,15,600,30,RD 927- hameau ST QUENTI,49.36503,2.10532,Plein jour,Hors agglomération,Hors intersection,Temps éblouissant,Autre collision,,,,,,,,,,,1,1,1,7.0,6.0
201800013078,0018-05-09 20:25:00,18,5,9,20,25,600,583,D981,49.39525,2.01731,Plein jour,Hors agglomération,Giratoire,Normale,Sans collision,,,,,,,,,,,1,1,6,1.0,7.0
201800013079,0018-05-17 17:30:00,18,5,17,17,30,600,567,10 rue des clérets,49.4226,1.87929,Plein jour,En agglomération,Hors intersection,Normale,Autre collision,,,,,,,,,,,1,2,1,1.0,6.0
201800013080,0018-07-07 15:15:00,18,7,7,15,15,600,591,RD 931,49.42027,2.01213,Plein jour,Hors agglomération,Intersection en Y,Normale,Autre collision,,,,,,,,,,,1,1,4,1.0,6.0
201800013081,0018-07-14 22:52:00,18,7,14,22,52,600,30,D927,49.34859,2.09674,Nuit sans éclairage public,En agglomération,Hors intersection,Normale,Deux véhicules - frontale,,,,,,,,,,,3,2,1,1.0,1.0
201800013082,0018-09-29 16:20:00,18,9,29,16,20,600,54,départemental 129 lieu d,49.34369,1.95877,Plein jour,Hors agglomération,Hors intersection,Normale,Deux véhicules - frontale,,,,,,,,,,,1,1,1,1.0,1.0
201800013083,0018-10-03 13:30:00,18,10,3,13,30,600,63,départementale 02,49.35357,2.03991,Plein jour,Hors agglomération,Intersection en X,Normale,Deux véhicules - côté,,,,,,,,,,,1,1,2,1.0,3.0
201800013084,0018-10-19 19:30:00,18,10,19,19,30,600,477,rue des Prés à chiens,49.4152,1.9234,Nuit avec éclairage allumé,En agglomération,Intersection en T,Normale,Autre collision,,,,,,,,,,,5,2,3,1.0,6.0
201800013085,0018-10-31 07:50:00,18,10,31,7,50,600,73,rue de montreuil,49.46295,1.85478,Plein jour,En agglomération,Intersection en Y,Normale,Deux véhicules - frontale,,,,,,,,,,,1,2,4,1.0,1.0
201800013086,0018-11-01 05:40:00,18,11,1,5,40,600,583,RN 31 PR20+400,49.3966,1.99674,Nuit sans éclairage public,Hors agglomération,Hors intersection,Pluie légère,Deux véhicules - côté,,,,,,,,,,,3,1,1,2.0,3.0
201800013087,0018-12-06 15:45:00,18,12,6,15,45,600,477,RUE DU PONT QUI PENCHE,49.41748,1.93815,Plein jour,En agglomération,Hors intersection,Normale,Deux véhicules - frontale,,,,,,,,,,,1,2,1,1.0,1.0
201800013088,0018-12-09 01:30:00,18,12,9,1,30,600,30,d927,49.35863,2.10172,Nuit sans éclairage public,Hors agglomération,Hors intersection,Pluie légère,Trois véhicules et plus - collisions multiples,,,,,,,,,,,3,1,1,2.0,5.0
201800013089,0018-12-15 16:30:00,18,12,15,16,30,600,652,D115,49.3033,2.07588,Crépuscule ou aube,Hors agglomération,Hors intersection,Neige / grêle,Deux véhicules - frontale,,,,,,,,,,,2,1,1,4.0,1.0
201800013090,0018-01-14 14:55:00,18,1,14,14,55,600,288,Intersection D930 - D150,49.55692,1.89182,Plein jour,Hors agglomération,Intersection en X,Normale,Deux véhicules - côté,,,,,,,,,,,1,1,2,1.0,3.0
201800013091,0018-01-15 12:19:00,18,1,15,12,19,600,403,17-1 rue des étangs,49.49755,1.99958,Plein jour,En agglomération,Intersection en T,Pluie légère,Deux véhicules - arrière,,,,,,,,,,,1,2,3,2.0,2.0
201800013092,0018-02-18 19:00:00,18,2,18,19,0,600,244,D133,49.57016,1.76766,Nuit sans éclairage public,Hors agglomération,Hors intersection,Pluie légère,Autre collision,,,,,,,,,,,3,1,1,2.0,6.0
201800013093,0018-03-03 14:20:00,18,3,3,14,20,600,623,RD 930,49.54889,1.86486,Plein jour,Hors agglomération,Hors intersection,Normale,Sans collision,,,,,,,,,,,1,1,1,1.0,7.0
201800013094,0018-04-14 13:58:00,18,4,14,13,58,600,588,Lieu dit Ecatelet,49.62708,1.89829,Plein jour,En agglomération,Hors intersection,Normale,Deux véhicules - frontale,,,,,,,,,,,1,2,1,1.0,1.0
201800013095,0018-05-18 15:40:00,18,5,18,15,40,600,403,D 133 PK 3+100,49.49608,2.01126,Plein jour,Hors agglomération,Hors intersection,Normale,Trois véhicules et plus - en chaîne,,,,,,,,,,,1,1,1,1.0,4.0
201800013096,0018-05-21 19:00:00,18,5,21,19,0,600,242,D7,49.59124,1.9393,Plein jour,Hors agglomération,Intersection en X,Normale,Deux véhicules - arrière,,,,,,,,,,,1,1,2,1.0,2.0
201800013097,0018-07-03 21:08:00,18,7,3,21,8,600,128,rue principale,49.60609,1.70642,Plein jour,En agglomération,Hors intersection,Normale,Autre collision,,,,,,,,,,,1,2,1,1.0,6.0
201800013098,0018-07-14 20:50:00,18,7,14,20,50,600,699,Départementale 95,49.52169,1.84383,Crépuscule ou aube,Hors agglomération,Hors intersection,Normale,Sans collision,,,,,,,,,,,2,1,1,1.0,7.0
201800013099,0018-08-29 17:04:00,18,8,29,17,4,600,387,D 22,49.56379,1.94407,Plein jour,Hors agglomération,Intersection en X,Normale,Deux véhicules - côté,,,,,,,,,,,1,1,2,1.0,3.0
201800013100,0018-09-07 17:30:00,18,9,7,17,30,600,623,RD 119 -,49.56526,1.85554,Plein jour,Hors agglomération,Hors intersection,Normale,Deux véhicules - frontale,,,,,,,,,,,1,1,1,1.0,1.0
201800013101,0018-11-03 08:45:00,18,11,3,8,45,600,51,D124,49.67345,2.0379,Crépuscule ou aube,Hors agglomération,Hors intersection,Temps éblouissant,Autre collision,,,,,,,,,,,2,1,1,7.0,6.0
201800013102,0018-11-15 14:26:00,18,11,15,14,26,600,286,D901,49.66704,1.93876,Plein jour,Hors agglomération,Hors intersection,Brouillard / fumée,Deux véhicules - arrière,,,,,,,,,,,1,1,1,5.0,2.0
201800013103,0018-12-10 17:50:00,18,12,10,17,50,600,217,Route Départementale 133,49.5509,1.79932,Nuit avec éclairage allumé,Hors agglomération,Intersection en T,Normale,Deux véhicules - arrière,,,,,,,,,,,5,1,3,1.0,2.0
201800013104,0018-03-03 17:19:00,18,3,3,17,19,600,74,Rue de Beauvais,49.2307,2.34074,Plein jour,Hors agglomération,Hors intersection,Pluie légère,Sans collision,,,,,,,,,,,1,1,1,2.0,7.0
201800013105,0018-03-04 17:40:00,18,3,4,17,40,600,44,rue du Général Leclerc,49.30142,2.33211,Plein jour,En agglomération,Hors intersection,Normale,Deux véhicules - frontale,,,,,,,,,,,1,2,1,1.0,1.0
201800013106,0018-03-18 09:17:00,18,3,18,9,17,600,513,Allée des cycomores,49.20265,2.37431,Plein jour,En agglomération,Hors intersection,Neige / grêle,Autre collision,,,,,,,,,,,1,2,1,4.0,6.0
201800013107,0018-03-28 00:45:00,18,3,28,0,45,600,155,Lieu dit la villeneuve -,49.24355,2.32479,Nuit sans éclairage public,Hors agglomération,Hors intersection,Normale,Sans collision,,,,,,,,,,,3,1,1,1.0,7.0
201800013108,0018-04-21 19:25:00,18,4,21,19,25,600,686,D 92,49.20568,2.38876,Crépuscule ou aube,Hors agglomération,Intersection en X,Normale,Deux véhicules - côté,,,,,,,,,,,2,1,2,1.0,3.0
201800013109,0018-04-25 09:35:00,18,4,25,9,35,600,185,Rue de Précy,49.21105,2.32656,Plein jour,En agglomération,Intersection en T,Normale,Deux véhicules - côté,,,,,,,,,,,1,2,3,1.0,3.0
201800013110,0018-05-28 21:00:00,18,5,28,21,0,600,584,D92,49.22297,2.42854,Nuit sans éclairage public,En agglomération,Hors intersection,Pluie forte,Deux véhicules - frontale,,,,,,,,,,,3,2,1,3.0,1.0
201800013111,0018-09-30 20:30:00,18,9,30,20,30,600,513,Départementale 92,49.20318,2.37346,Nuit avec éclairage allumé,En agglomération,Giratoire,Normale,Sans collision,,,,,,,,,,,5,2,6,1.0,7.0
201800013112,0018-10-16 07:15:00,18,10,16,7,15,600,155,2 rue de la Station,49.27254,2.36007,Nuit sans éclairage public,En agglomération,Intersection en T,Normale,Autre collision,,,,,,,,,,,3,2,3,1.0,6.0
201800013113,0018-11-04 20:00:00,18,11,4,20,0,600,155,D929,49.26128,2.33899,Nuit sans éclairage public,Hors agglomération,Hors intersection,Normale,Deux véhicules - arrière,,,,,,,,,,,3,1,1,1.0,2.0
201800013114,0018-02-01 19:45:00,18,2,1,19,45,600,104,33 rue du général Lecler,49.63493,2.30125,Nuit avec éclairage allumé,En agglomération,Intersection en T,Normale,Autre collision,,,,,,,,,,,5,2,3,1.0,6.0
201800013115,0018-02-05 18:30:00,18,2,5,18,30,600,615,D47,49.63664,2.43455,Nuit sans éclairage public,Hors agglomération,Hors intersection,Normale,Deux véhicules - frontale,,,,,,,,,,,3,1,1,1.0,1.0
201800013116,0018-04-07 01:30:00,18,4,7,1,30,600,518,Rue Marcel Dassault,49.58181,2.19539,Nuit avec éclairage allumé,En agglomération,Hors intersection,Normale,Autre collision,,,,,,,,,,,5,2,1,1.0,6.0
201800013117,0018-06-08 23:15:00,18,6,8,23,15,600,146,RD 90,49.60735,2.37087,Nuit sans éclairage public,Hors agglomération,Hors intersection,Normale,Deux véhicules - frontale,,,,,,,,,,,3,1,1,1.0,1.0
201800013118,0018-07-15 18:55:00,18,7,15,18,55,600,104,Rue de Beauvais,49.62511,2.29356,Plein jour,En agglomération,Hors intersection,Normale,Autre collision,,,,,,,,,,,1,2,1,1.0,6.0
201800013119,0018-10-18 18:15:00,18,10,18,18,15,600,253,RD 151 - RD 11,49.58645,2.13931,Plein jour,Hors agglomération,Intersection en X,Normale,Deux véhicules - arrière,,,,,,,,,,,1,1,2,1.0,2.0
201800013120,0018-10-30 18:30:00,18,10,30,18,30,600,573,D151,49.55969,2.248,Crépuscule ou aube,Hors agglomération,Hors intersection,Normale,Autre collision,,,,,,,,,,,2,1,1,1.0,6.0
201800013121,0018-12-22 03:40:00,18,12,22,3,40,600,104,28 rue d'Amiens,49.63611,2.29032,Nuit avec éclairage allumé,En agglomération,Hors intersection,Normale,Autre collision,,,,,,,,,,,5,2,1,1.0,6.0
201800013122,0018-12-23 07:00:00,18,12,23,7,0,600,336,chaussée brunehaut,49.57404,2.18254,Nuit sans éclairage public,Hors agglomération,Intersection en X,Pluie forte,Deux véhicules - côté,,,,,,,,,,,3,1,2,3.0,3.0
201800013123,0018-01-10 19:10:00,18,1,10,19,10,600,268,Route départementale 90,49.58252,2.424,Nuit sans éclairage public,Hors agglomération,Hors intersection,Normale,Sans collision,,,,,,,,,,,3,1,1,1.0,7.0
201800013124,0018-04-22 07:15:00,18,4,22,7,15,600,498,D527,49.50472,2.43987,Plein jour,En agglomération,Hors intersection,Normale,Autre collision,,,,,,,,,,,1,2,1,1.0,6.0
201800013125,0018-04-28 22:55:00,18,4,28,22,55,600,374,Route départementale 938,49.55635,2.53698,Nuit sans éclairage public,Hors agglomération,Hors intersection,Normale,Deux véhicules - frontale,,,,,,,,,,,3,1,1,1.0,1.0
201800013126,0018-05-22 21:35:00,18,5,22,21,35,600,581,Rue Sarrail,49.5002,2.43348,Crépuscule ou aube,En agglomération,Hors intersection,Normale,Sans collision,,,,,,,,,,,2,2,1,1.0,7.0
201800013127,0018-06-22 17:45:00,18,6,22,17,45,600,581,rue de paris,49.49988,2.43903,Plein jour,En agglomération,Hors intersection,Normale,Autre collision,,,,,,,,,,,1,2,1,1.0,6.0
201800013128,0018-06-28 16:35:00,18,6,28,16,35,600,133,"rd 94, PK 019.600",49.54659,2.38836,Plein jour,Hors agglomération,Hors intersection,Normale,Deux véhicules - côté,,,,,,,,,,,1,1,1,1.0,3.0
201800013129,0018-07-03 14:50:00,18,7,3,14,50,600,581,rue de beauvais,49.5056,2.43091,Plein jour,En agglomération,Autre intersection,Normale,Autre collision,,,,,,,,,,,1,2,9,1.0,6.0
201800013130,0018-07-06 19:10:00,18,7,6,19,10,600,701,rue de froissy,49.55118,2.35896,Plein jour,Hors agglomération,Hors intersection,Normale,Deux véhicules - frontale,,,,,,,,,,,1,1,1,1.0,1.0
201800013131,0018-09-09 13:40:00,18,9,9,13,40,600,40,Intersection D101 / D152,49.41497,2.60033,Plein jour,Hors agglomération,Intersection en X,Normale,Deux véhicules - côté,,,,,,,,,,,1,1,2,1.0,3.0
201800013132,0018-09-30 05:45:00,18,9,30,5,45,600,581,Route départementale 916,49.49558,2.4431,Nuit sans éclairage public,Hors agglomération,Hors intersection,Normale,Autre collision,,,,,,,,,,,3,1,1,1.0,6.0
201800013133,0018-10-06 00:45:00,18,10,6,0,45,600,581,RD 74,49.50943,2.4094,Nuit sans éclairage public,Hors agglomération,Hors intersection,Normale,Sans collision,,,,,,,,,,,3,1,1,1.0,7.0
201800013134,0018-10-12 14:45:00,18,10,12,14,45,600,643,RD 587,49.56912,2.58292,Plein jour,Hors agglomération,Intersection en X,Normale,Deux véhicules - côté,,,,,,,,,,,1,1,2,1.0,3.0
201800013135,0018-11-06 15:15:00,18,11,6,15,15,600,495,route départementale 938,49.51852,2.44364,Plein jour,Hors agglomération,Hors intersection,Temps éblouissant,Deux véhicules - arrière,,,,,,,,,,,1,1,1,7.0,2.0
201800013136,0018-11-20 19:26:00,18,11,20,19,26,600,581,D938 - RUE DE MONTDIDIER,49.50927,2.44024,Nuit avec éclairage allumé,En agglomération,Hors intersection,Neige / grêle,Autre collision,,,,,,,,,,,5,2,1,4.0,6.0
201800013137,0018-12-10 20:00:00,18,12,10,20,0,600,36,route départementale 75,49.44475,2.60109,Nuit sans éclairage public,Hors agglomération,Hors intersection,Pluie légère,Sans collision,,,,,,,,,,,3,1,1,2.0,7.0
201800013138,0018-12-14 21:00:00,18,12,14,21,0,600,276,4 rue d'en haut,49.58453,2.55383,Nuit avec éclairage allumé,En agglomération,Hors intersection,Normale,Autre collision,,,,,,,,,,,5,2,1,1.0,6.0
201800013139,0018-01-30 20:45:00,18,1,30,20,45,600,156,RN 1031,49.43825,2.83324,Nuit avec éclairage allumé,Hors agglomération,Hors intersection,Pluie légère,Deux véhicules - frontale,,,,,,,,,,,5,1,1,2.0,1.0
201800013140,0018-02-10 10:00:00,18,2,10,10,0,600,636,Rue de la République,49.47553,2.88138,Plein jour,En agglomération,Hors intersection,Normale,Sans collision,,,,,,,,,,,1,2,1,1.0,7.0
201800013141,0018-02-10 11:05:00,18,2,10,11,5,600,188,Rue Raoul Ducollet,49.40434,3.00979,Plein jour,En agglomération,Hors intersection,Normale,Sans collision,,,,,,,,,,,1,2,1,1.0,7.0
201800013142,0018-03-11 04:45:00,18,3,11,4,45,600,636,route du  plessis brion,49.4751,2.8819,Nuit avec éclairage allumé,En agglomération,Intersection en T,Pluie forte,Deux véhicules - frontale,,,,,,,,,,,5,2,3,3.0,1.0
201800013143,0018-04-16 19:50:00,18,4,16,19,50,600,273,D1032 PK 4 + 600,49.47302,2.83455,Crépuscule ou aube,Hors agglomération,Hors intersection,Normale,Autre collision,,,,,,,,,,,2,1,1,1.0,6.0
201800013144,0018-05-17 06:15:00,18,5,17,6,15,600,324,carrefour de la maison b,49.39814,3.04538,Crépuscule ou aube,En agglomération,Intersection en X,Normale,Deux véhicules - frontale,,,,,,,,,,,2,2,2,1.0,1.0
201800013145,0018-06-19 06:00:00,18,6,19,6,0,600,324,rue de SOISSONS - RN 31,49.39669,3.06931,Plein jour,En agglomération,Hors intersection,Normale,Deux véhicules - côté,,,,,,,,,,,1,2,1,1.0,3.0
201800013146,0018-09-18 07:15:00,18,9,18,7,15,600,188,Rue du docteur moussaud,49.40386,3.00063,Crépuscule ou aube,En agglomération,Hors intersection,Normale,Deux véhicules - côté,,,,,,,,,,,2,2,1,1.0,3.0
201800013147,0018-10-12 10:00:00,18,10,12,10,0,600,150,RD165 / RD 48,49.5294,2.98422,Plein jour,Hors agglomération,Intersection en X,Normale,Deux véhicules - côté,,,,,,,,,,,1,1,2,1.0,3.0
201800013148,0018-12-14 18:28:00,18,12,14,18,28,600,423,Route départementale D66,49.4973,2.91176,Nuit sans éclairage public,Hors agglomération,Hors intersection,Normale,Deux véhicules - frontale,,,,,,,,,,,3,1,1,1.0,1.0
201800013149,0018-12-19 18:15:00,18,12,19,18,15,600,537,D1032,49.5185,2.9254,Nuit avec éclairage allumé,Hors agglomération,Hors intersection,Pluie légère,Autre collision,,,,,,,,,,,5,1,1,2.0,6.0
201800013150,0018-05-05 12:20:00,18,5,5,12,20,600,506,199 rue de la libération,49.56936,2.98852,Plein jour,En agglomération,Hors intersection,Normale,Deux véhicules - côté,,,,,,,,,,,1,2,1,1.0,3.0
201800013151,0018-06-15 19:00:00,18,6,15,19,0,600,348,allée des acacias,49.57179,2.96532,Plein jour,En agglomération,Intersection en T,Normale,Autre collision,,,,,,,,,,,1,2,3,1.0,6.0
201800013152,0018-08-05 14:15:00,18,8,5,14,15,600,11,RD 160,49.64766,2.8183,Plein jour,Hors agglomération,Hors intersection,Normale,Autre collision,,,,,,,,,,,1,1,1,1.0,6.0
201800013153,0018-08-21 16:45:00,18,8,21,16,45,600,206,D142,49.52753,2.81718,Plein jour,Hors agglomération,Hors intersection,Normale,Sans collision,,,,,,,,,,,1,1,1,1.0,7.0
201800013154,0018-09-07 16:30:00,18,9,7,16,30,600,431,RD 934,49.566,3.02645,Plein jour,Hors agglomération,Hors intersection,Normale,Deux véhicules - arrière,,,,,,,,,,,1,1,1,1.0,2.0
201800013155,0018-10-11 13:30:00,18,10,11,13,30,600,389,d130,49.62836,3.07165,Plein jour,Hors agglomération,Hors intersection,Normale,Deux véhicules - frontale,,,,,,,,,,,1,1,1,1.0,1.0
201800013156,0018-10-15 12:15:00,18,10,15,12,15,600,471,RD932,49.60518,3.01517,Plein jour,Hors agglomération,Hors intersection,Normale,Deux véhicules - arrière,,,,,,,,,,,1,1,1,1.0,2.0
201800013157,0018-10-18 17:54:00,18,10,18,17,54,600,471,route de paris,49.57061,2.98318,Plein jour,En agglomération,Hors intersection,Normale,Deux véhicules - arrière,,,,,,,,,,,1,2,1,1.0,2.0
201800013158,0018-10-20 07:25:00,18,10,20,7,25,600,625,RD938,49.58149,2.94671,Nuit sans éclairage public,Hors agglomération,Hors intersection,Brouillard / fumée,Deux véhicules - frontale,,,,,,,,,,,3,1,1,5.0,1.0
201800013159,0018-10-31 08:10:00,18,10,31,8,10,600,124,D934,49.63778,2.90558,Plein jour,Hors agglomération,Intersection en X,Normale,Deux véhicules - côté,,,,,,,,,,,1,1,2,1.0,3.0
201800013160,0018-11-04 18:00:00,18,11,4,18,0,600,340,FACE AU 743 RUE PRINCIPA,49.61069,2.9083,Nuit avec éclairage allumé,En agglomération,Hors intersection,Normale,Deux véhicules - côté,,,,,,,,,,,5,2,1,1.0,3.0
201800013161,0018-11-20 18:50:00,18,11,20,18,50,600,471,rond point de l'Europe,49.5787,3.00489,Nuit avec éclairage allumé,En agglomération,Giratoire,Pluie légère,Autre collision,,,,,,,,,,,5,2,6,2.0,6.0
201800013162,0018-11-22 17:45:00,18,11,22,17,45,600,471,Rue du 7ème Régiment de,49.57419,2.98791,Nuit avec éclairage allumé,En agglomération,Autre intersection,Temps couvert,Deux véhicules - frontale,,,,,,,,,,,5,2,9,8.0,1.0
201800013163,0018-11-26 10:15:00,18,11,26,10,15,600,348,D82,49.57155,2.95356,Plein jour,Hors agglomération,Hors intersection,Pluie légère,Deux véhicules - frontale,,,,,,,,,,,1,1,1,2.0,1.0
201800013164,0018-12-27 13:15:00,18,12,27,13,15,600,617,Rue des genêts,49.62562,2.93927,Plein jour,Hors agglomération,Hors intersection,Brouillard / fumée,Sans collision,,,,,,,,,,,1,1,1,5.0,7.0
201800013165,0018-01-14 16:20:00,18,1,14,16,20,600,24,Intersection RN31 / D60,49.40315,2.6759,Plein jour,Hors agglomération,Intersection en X,Normale,Deux véhicules - côté,,,,,,,,,,,1,1,2,1.0,3.0
201800013166,0018-06-21 12:00:00,18,6,21,12,0,600,160,D1017,49.60254,2.7203,Plein jour,Hors agglomération,Intersection en X,Normale,Deux véhicules - côté,,,,,,,,,,,1,1,2,1.0,3.0
201800013167,0018-06-22 08:40:00,18,6,22,8,40,600,284,Rond point D 155 / D 10,49.37755,2.66335,Plein jour,Hors agglomération,Giratoire,Normale,Deux véhicules - côté,,,,,,,,,,,1,1,6,1.0,3.0
201800013168,0018-07-13 00:28:00,18,7,13,0,28,600,531,rue du stade,49.43452,2.703,Nuit avec éclairage non allumé,En agglomération,Hors intersection,Normale,Autre collision,,,,,,,,,,,4,2,1,1.0,6.0
201800013169,0018-04-14 11:45:00,18,4,14,11,45,600,509,d123e,49.30367,2.61222,Plein jour,Hors agglomération,Hors intersection,Normale,Deux véhicules - frontale,,,,,,,,,,,1,1,1,1.0,1.0
201800013170,0018-04-24 20:35:00,18,4,24,20,35,600,509,rue Léon Bourgeois,49.30825,2.60048,Plein jour,En agglomération,Intersection en T,Normale,Deux véhicules - côté,,,,,,,,,,,1,2,3,1.0,3.0
201800013171,0018-05-04 11:15:00,18,5,4,11,15,600,509,avenue Jean Jaurès,49.29503,2.60473,Plein jour,En agglomération,Hors intersection,Normale,Autre collision,,,,,,,,,,,1,2,1,1.0,6.0
201800013172,0018-05-26 12:25:00,18,5,26,12,25,600,670,poteau du bâtis - foret,49.27317,2.5345,Plein jour,Hors agglomération,Hors intersection,Normale,Autre collision,,,,,,,,,,,1,1,1,1.0,6.0
201800013173,0018-06-07 23:55:00,18,6,7,23,55,600,67,rue de Crepy,49.2917,2.8362,Nuit sans éclairage public,Hors agglomération,Hors intersection,Normale,Deux véhicules - frontale,,,,,,,,,,,3,1,1,1.0,1.0
201800013174,0018-06-24 06:05:00,18,6,24,6,5,600,509,CD 200,49.32405,2.60404,Crépuscule ou aube,Hors agglomération,Giratoire,Normale,Autre collision,,,,,,,,,,,2,1,6,1.0,6.0
201800013175,0018-09-15 14:50:00,18,9,15,14,50,600,670,chemin de Liancourt,49.27353,2.51167,Plein jour,En agglomération,Intersection en T,Normale,Deux véhicules - côté,,,,,,,,,,,1,2,3,1.0,3.0
201800013176,0018-11-10 10:40:00,18,11,10,10,40,600,670,rue pasteur,49.2721,2.52034,Plein jour,En agglomération,Hors intersection,Pluie légère,Autre collision,,,,,,,,,,,1,2,1,2.0,6.0
201800013177,0018-11-27 18:50:00,18,11,27,18,50,600,509,rue marie bray,49.29664,2.60453,Nuit avec éclairage allumé,En agglomération,Hors intersection,Pluie légère,Autre collision,,,,,,,,,,,5,2,1,2.0,6.0
201800013178,0018-12-06 19:00:00,18,12,6,19,0,600,509,rue théophile richard,49.30083,2.60081,Nuit avec éclairage allumé,En agglomération,Hors intersection,Normale,Autre collision,,,,,,,,,,,5,2,1,1.0,6.0
201800013179,0018-06-16 15:30:00,18,6,16,15,30,90,4,PK 65+300 - RN20,42.77624,1.69669,Plein jour,Hors agglomération,Hors intersection,Normale,Trois véhicules et plus - collisions multiples,,,,,,,,,,,1,1,1,1.0,5.0
201800013180,0018-07-13 16:40:00,18,7,13,16,40,90,296,RN20,42.79909,1.66109,Plein jour,En agglomération,Hors intersection,Normale,Autre collision,,,,,,,,,,,1,2,1,1.0,6.0
201800013181,0018-07-27 15:15:00,18,7,27,15,15,90,189,RN20,42.61636,1.81995,Plein jour,Hors agglomération,Hors intersection,Temps éblouissant,Deux véhicules - frontale,,,,,,,,,,,1,1,1,7.0,1.0
201800013182,0018-10-21 13:30:00,18,10,21,13,30,90,189,RN20 - PK 85+050,42.68197,1.82842,Plein jour,Hors agglomération,Hors intersection,Normale,Deux véhicules - frontale,,,,,,,,,,,1,1,1,1.0,1.0
201800013183,0018-10-21 12:10:00,18,10,21,12,10,90,189,PK 94+500,42.61105,1.81934,Plein jour,Hors agglomération,Hors intersection,Normale,Sans collision,,,,,,,,,,,1,1,1,1.0,7.0
201800013184,0018-01-09 18:45:00,18,1,9,18,45,90,312,d119,43.09421,1.67097,Nuit sans éclairage public,Hors agglomération,Hors intersection,Normale,Deux véhicules - côté,,,,,,,,,,,3,1,1,1.0,3.0
201800013185,0018-01-11 18:40:00,18,1,11,18,40,90,245,D11,43.0542,1.59532,Nuit sans éclairage public,Hors agglomération,Hors intersection,Pluie légère,Deux véhicules - frontale,,,,,,,,,,,3,1,1,2.0,1.0
201800013186,0018-02-06 17:40:00,18,2,6,17,40,90,332,CD 12,43.08665,1.66684,Plein jour,Hors agglomération,Hors intersection,Normale,Deux véhicules - frontale,,,,,,,,,,,1,1,1,1.0,1.0
201800013187,0018-03-01 19:20:00,18,3,1,19,20,90,265,chemin de la voie,43.08583,1.6296,Nuit avec éclairage allumé,En agglomération,Hors intersection,Normale,Autre collision,,,,,,,,,,,5,2,1,1.0,6.0