accident_id,datetime,annee,mois,jour,heure,minute,departement,commune_insee,adresse,latitude,longitude,luminosite,agglomeration,intersection,meteo,collision,nb_vehicules,nb_usagers,nb_indemnes,nb_tues,nb_blesses_hosp,nb_blesses_legers,age_cond_1,age_cond_2,veh_type_cond_1,veh_type_cond_2,lum_code,agg_code,int_code,atm_code,col_code
201800013188,0018-07-04 19:40:00,18,7,4,19,40,90,264,lieu dit patau,43.03306,1.62027,Plein jour,En agglomération,Hors intersection,Normale,Deux véhicules - côté,,,,,,,,,,,1,2,1,1.0,3.0
201800013189,0018-08-05 16:30:00,18,8,5,16,30,90,238,D119,43.0924,1.70545,Plein jour,Hors agglomération,Hors intersection,Normale,Deux véhicules - frontale,,,,,,,,,,,1,1,1,1.0,1.0
201800013190,0018-08-12 17:30:00,18,8,12,17,30,90,173,lieu dit patau,43.03853,1.53727,Plein jour,En agglomération,Hors intersection,Normale,Deux véhicules - frontale,,,,,,,,,,,1,2,1,1.0,1.0
201800013191,0018-09-20 17:20:00,18,9,20,17,20,90,138,Lieu-dit le sabarthès,42.97482,1.68777,Plein jour,Hors agglomération,Hors intersection,Normale,Deux véhicules - frontale,,,,,,,,,,,1,1,1,1.0,1.0
201800013192,0018-09-23 14:45:00,18,9,23,14,45,90,284,Labarrière,43.03638,1.70045,Plein jour,Hors agglomération,Hors intersection,Normale,Sans collision,,,,,,,,,,,1,1,1,1.0,7.0
201800013193,0018-11-07 04:30:00,18,11,7,4,30,90,245,D11,43.05415,1.58545,Nuit sans éclairage public,Hors agglomération,Hors intersection,Normale,Sans collision,,,,,,,,,,,3,1,1,1.0,7.0
201800013194,0018-11-29 16:05:00,18,11,29,16,5,90,324,RD 624,43.05983,1.63589,Plein jour,Hors agglomération,Hors intersection,Normale,Autre collision,,,,,,,,,,,1,1,1,1.0,6.0
201800013195,0018-12-16 22:00:00,18,12,16,22,0,90,312,RD 119,43.10135,1.63691,Nuit sans éclairage public,Hors agglomération,Hors intersection,Pluie forte,Deux véhicules - frontale,,,,,,,,,,,3,1,1,3.0,1.0
201800013196,0018-01-11 10:00:00,18,1,11,10,0,90,182,D318,42.88949,1.38088,Plein jour,Hors agglomération,Hors intersection,Pluie légère,Deux véhicules - frontale,,,,,,,,,,,1,1,1,2.0,1.0
201800013197,0018-04-08 02:30:00,18,4,8,2,30,90,235,lieu dit le pitarlet,43.03709,1.06585,Nuit sans éclairage public,Hors agglomération,Hors intersection,Normale,Autre collision,,,,,,,,,,,3,1,1,1.0,6.0
201800013198,0018-01-01 15:20:00,18,1,1,15,20,830,25,RD 34 route de bras,43.514,5.98158,Plein jour,Hors agglomération,Hors intersection,Normale,Deux véhicules - frontale,,,,,,,,,,,1,1,1,1.0,1.0
201800013199,0018-01-25 19:00:00,18,1,25,19,0,830,32,RD 562,43.47164,6.17563,Nuit avec éclairage allumé,En agglomération,Hors intersection,Pluie légère,Deux véhicules - frontale,,,,,,,,,,,5,2,1,2.0,1.0
201800013200,0018-03-05 12:25:00,18,3,5,12,25,830,12,route de MARSEILLE,43.55099,6.00427,Plein jour,Hors agglomération,Hors intersection,Pluie légère,Sans collision,,,,,,,,,,,1,1,1,2.0,7.0
201800013201,0018-03-17 13:00:00,18,3,17,13,0,830,84,RD30 - PR 13+300,43.64845,6.03754,Plein jour,Hors agglomération,Hors intersection,Normale,Trois véhicules et plus - en chaîne,,,,,,,,,,,1,1,1,1.0,4.0
201800013202,0018-03-29 11:15:00,18,3,29,11,15,830,25,RD 560 - PK 33 + 400,43.52629,5.9766,Plein jour,Hors agglomération,Hors intersection,Pluie légère,Deux véhicules - frontale,,,,,,,,,,,1,1,1,2.0,1.0
201800013203,0018-04-02 16:30:00,18,4,2,16,30,830,135,D71 - PK 4+200,43.60238,6.05981,Plein jour,Hors agglomération,Hors intersection,Normale,Autre collision,,,,,,,,,,,1,1,1,1.0,6.0
201800013204,0018-04-21 19:30:00,18,4,21,19,30,830,51,intersection RD 562 - RD,43.48004,6.26718,Plein jour,Hors agglomération,Intersection en T,Normale,Deux véhicules - frontale,,,,,,,,,,,1,1,3,1.0,1.0
201800013205,0018-05-27 18:05:00,18,5,27,18,5,830,83,ROUTE DÉPARTEMENTALE 22,43.4707,6.11472,Plein jour,Hors agglomération,Hors intersection,Normale,Deux véhicules - côté,,,,,,,,,,,1,1,1,1.0,3.0
201800013206,0018-05-28 17:30:00,18,5,28,17,30,830,12,D560,43.54766,5.99595,Plein jour,Hors agglomération,Hors intersection,Pluie légère,Autre collision,,,,,,,,,,,1,1,1,2.0,6.0
201800013207,0018-08-14 14:35:00,18,8,14,14,35,830,135,D554,43.59382,6.00027,Plein jour,Hors agglomération,Hors intersection,Normale,Autre collision,,,,,,,,,,,1,1,1,1.0,6.0
201800013208,0018-09-04 16:45:00,18,9,4,16,45,830,46,départementale 13,43.51048,6.1597,Plein jour,Hors agglomération,Intersection en T,Normale,Deux véhicules - frontale,,,,,,,,,,,1,1,3,1.0,1.0
201800013209,0018-09-07 18:30:00,18,9,7,18,30,830,95,D560,43.55615,6.1103,Plein jour,Hors agglomération,Hors intersection,Normale,Deux véhicules - côté,,,,,,,,,,,1,1,1,1.0,3.0
201800013210,0018-09-08 17:50:00,18,9,8,17,50,830,84,RD 30,43.64715,6.08848,Plein jour,Hors agglomération,Hors intersection,Normale,Sans collision,,,,,,,,,,,1,1,1,1.0,7.0
201800013211,0018-09-21 06:30:00,18,9,21,6,30,830,32,RD562,43.47027,6.17104,Crépuscule ou aube,Hors agglomération,Hors intersection,Normale,Deux véhicules - côté,,,,,,,,,,,2,1,1,1.0,3.0
201800013212,0018-10-18 15:50:00,18,10,18,15,50,830,83,ROUTE DEPARTEMENTALE 22,43.47985,6.13612,Plein jour,Hors agglomération,Intersection en T,Normale,Trois véhicules et plus - collisions multiples,,,,,,,,,,,1,1,3,1.0,5.0
201800013213,0018-10-31 18:30:00,18,10,31,18,30,830,72,hameau les miquelets,43.4907,6.29211,Nuit sans éclairage public,Hors agglomération,Hors intersection,Pluie forte,Sans collision,,,,,,,,,,,3,1,1,3.0,7.0
201800013214,0018-11-12 11:20:00,18,11,12,11,20,830,32,RD222,43.47947,6.16341,Plein jour,Hors agglomération,Hors intersection,Pluie légère,Trois véhicules et plus - en chaîne,,,,,,,,,,,1,1,1,2.0,4.0
201800013215,0018-11-22 08:40:00,18,11,22,8,40,830,95,D 560 PK 44,43.56551,6.04205,Plein jour,Hors agglomération,Hors intersection,Normale,Deux véhicules - frontale,,,,,,,,,,,1,1,1,1.0,1.0
201800013216,0018-02-06 21:30:00,18,2,6,21,30,830,78,D9 PK 7 +300,43.65441,6.16997,Nuit sans éclairage public,Hors agglomération,Hors intersection,Normale,Autre collision,,,,,,,,,,,3,1,1,1.0,6.0
201800013217,0018-06-20 12:30:00,18,6,20,12,30,830,122,RD 957,43.74415,6.2234,Plein jour,Hors agglomération,Hors intersection,Normale,Sans collision,,,,,,,,,,,1,1,1,1.0,7.0
201800013218,0018-08-16 16:50:00,18,8,16,16,50,830,122,Intersection RD 957 et R,43.77386,6.21842,Plein jour,Hors agglomération,Hors intersection,Temps éblouissant,Deux véhicules - côté,,,,,,,,,,,1,1,1,7.0,3.0
201800013219,0018-01-23 10:55:00,18,1,23,10,55,830,28,RD 25,43.56394,6.56678,Plein jour,En agglomération,Hors intersection,Normale,Autre collision,,,,,,,,,,,1,2,1,1.0,6.0
201800013220,0018-02-16 16:36:00,18,2,16,16,36,830,56,D54,43.57808,6.48937,Plein jour,Hors agglomération,Intersection en T,Normale,Deux véhicules - côté,,,,,,,,,,,1,1,3,1.0,3.0
201800013221,0018-04-01 16:20:00,18,4,1,16,20,830,11,RD25,43.63008,6.55762,Plein jour,Hors agglomération,Hors intersection,Normale,Deux véhicules - frontale,,,,,,,,,,,1,1,1,1.0,1.0
201800013222,0018-05-12 10:40:00,18,5,12,10,40,830,56,Départementale 54,43.55734,6.5187,Plein jour,Hors agglomération,Hors intersection,Normale,Sans collision,,,,,,,,,,,1,1,1,1.0,7.0
201800013223,0018-05-31 16:55:00,18,5,31,16,55,830,28,RD25 - Gorges de Pennafo,43.54288,6.57538,Plein jour,Hors agglomération,Hors intersection,Normale,Autre collision,,,,,,,,,,,1,1,1,1.0,6.0
201800013224,0018-06-03 10:10:00,18,6,3,10,10,830,82,"D955, PK 24+600",43.64861,6.4749,Plein jour,Hors agglomération,Hors intersection,Normale,Deux véhicules - frontale,,,,,,,,,,,1,1,1,1.0,1.0
201800013225,0018-07-02 19:05:00,18,7,2,19,5,830,56,RD54 - PK 5 + 950m,43.56666,6.50753,Plein jour,Hors agglomération,Hors intersection,Normale,Trois véhicules et plus - collisions multiples,,,,,,,,,,,1,1,1,1.0,5.0
201800013226,0018-09-14 20:40:00,18,9,14,20,40,830,41,D425,43.60027,6.55363,Nuit sans éclairage public,Hors agglomération,Hors intersection,Normale,Deux véhicules - frontale,,,,,,,,,,,3,1,1,1.0,1.0
201800013227,0018-09-24 14:10:00,18,9,24,14,10,830,28,RD 562,43.5722,6.54314,Plein jour,Hors agglomération,Hors intersection,Normale,Deux véhicules - côté,,,,,,,,,,,1,1,1,1.0,3.0
201800013228,0018-03-24 12:50:00,18,3,24,12,50,900,37,RD7 - PK 1+700,47.68113,6.86731,Plein jour,Hors agglomération,Hors intersection,Normale,Autre collision,,,,,,,,,,,1,1,1,1.0,6.0
201800013229,0018-05-28 08:20:00,18,5,28,8,20,900,7,RN1019,47.59432,6.80255,Plein jour,Hors agglomération,Hors intersection,Normale,Deux véhicules - côté,,,,,,,,,,,1,1,1,1.0,3.0
201800013230,0018-09-18 07:20:00,18,9,18,7,20,900,7,RD 83,47.5927,6.79971,Crépuscule ou aube,Hors agglomération,Hors intersection,Temps éblouissant,Deux véhicules - frontale,,,,,,,,,,,2,1,1,7.0,1.0
201800013231,0018-12-17 09:07:00,18,12,17,9,7,900,7,RN 1019,47.59456,6.80276,Plein jour,Hors agglomération,Autre intersection,Pluie légère,Deux véhicules - frontale,,,,,,,,,,,1,1,9,2.0,1.0
201800013232,0018-02-17 20:30:00,18,2,17,20,30,900,28,rd 463,47.51659,7.0736,Nuit sans éclairage public,Hors agglomération,Hors intersection,Neige / grêle,Autre collision,,,,,,,,,,,3,1,1,4.0,6.0
201800013233,0018-04-15 05:30:00,18,4,15,5,30,900,45,D36,47.50621,6.95741,Nuit sans éclairage public,Hors agglomération,Hors intersection,Normale,Autre collision,,,,,,,,,,,3,1,1,1.0,6.0
201800013234,0018-04-21 14:40:00,18,4,21,14,40,900,105,Route départementale 50,47.45027,6.98577,Plein jour,Hors agglomération,Hors intersection,Normale,Sans collision,,,,,,,,,,,1,1,1,1.0,7.0
201800013235,0018-06-28 11:30:00,18,6,28,11,30,900,33,boulevard de la liberté,47.50758,6.97963,Plein jour,Hors agglomération,Hors intersection,Normale,Autre collision,,,,,,,,,,,1,1,1,1.0,6.0
201800013236,0018-07-18 07:30:00,18,7,18,7,30,900,46,D26,47.54325,7.06125,Plein jour,Hors agglomération,Hors intersection,Normale,Autre collision,,,,,,,,,,,1,1,1,1.0,6.0
201800013237,0018-04-14 18:00:00,18,4,14,18,0,900,89,Départementale 2,47.71852,6.94128,Plein jour,Hors agglomération,Hors intersection,Normale,Sans collision,,,,,,,,,,,1,1,1,1.0,7.0
201800013238,0018-04-29 02:10:00,18,4,29,2,10,900,37,RD23,47.69832,6.87374,Nuit sans éclairage public,Hors agglomération,Hors intersection,Normale,Sans collision,,,,,,,,,,,3,1,1,1.0,7.0
201800013239,0018-05-07 18:55:00,18,5,7,18,55,900,65,RD 465 montée du ballon,47.80213,6.84359,Plein jour,Hors agglomération,Hors intersection,Normale,Autre collision,,,,,,,,,,,1,1,1,1.0,6.0
201800013240,0018-06-03 12:25:00,18,6,3,12,25,900,62,RD60,47.67026,6.97931,Plein jour,Hors agglomération,Hors intersection,Normale,Sans collision,,,,,,,,,,,1,1,1,1.0,7.0
201800013241,0018-06-03 13:15:00,18,6,3,13,15,900,65,D465,47.79943,6.83943,Plein jour,Hors agglomération,Hors intersection,Normale,Sans collision,,,,,,,,,,,1,1,1,1.0,7.0
201800013242,0018-06-26 11:45:00,18,6,26,11,45,900,54,Rue des étangs,47.7216,6.87295,Plein jour,Hors agglomération,Hors intersection,Normale,Sans collision,,,,,,,,,,,1,1,1,1.0,7.0
201800013243,0018-07-14 16:40:00,18,7,14,16,40,900,65,Départementale 465,47.80314,6.84082,Plein jour,Hors agglomération,Hors intersection,Normale,Deux véhicules - arrière,,,,,,,,,,,1,1,1,1.0,2.0
201800013244,0018-08-14 19:10:00,18,8,14,19,10,900,16,route départementale 27,47.70043,6.94712,Plein jour,En agglomération,Intersection en T,Normale,Trois véhicules et plus - collisions multiples,,,,,,,,,,,1,2,3,1.0,5.0
201800013245,0018-08-29 09:20:00,18,8,29,9,20,900,3,rue des Errues,47.70057,6.93308,Plein jour,En agglomération,Hors intersection,Normale,Sans collision,,,,,,,,,,,1,2,1,1.0,7.0
201800013246,0018-10-10 16:15:00,18,10,10,16,15,900,65,RD 465 PK 4+100,47.80188,6.84347,Plein jour,Hors agglomération,Hors intersection,Normale,Sans collision,,,,,,,,,,,1,1,1,1.0,7.0
201800013247,0018-11-03 12:45:00,18,11,3,12,45,900,65,d465,47.79721,6.83921,Plein jour,Hors agglomération,Autre intersection,Normale,Sans collision,,,,,,,,,,,1,1,9,1.0,7.0
201800013248,0018-01-15 20:10:00,18,1,15,20,10,900,45,Grande Rue,47.5058,6.95405,Nuit avec éclairage non allumé,En agglomération,Intersection en Y,Pluie légère,Deux véhicules - frontale,,,,,,,,,,,4,2,4,2.0,1.0
201800013249,0018-06-30 22:45:00,18,6,30,22,45,900,45,D36,47.50825,6.95656,Nuit avec éclairage allumé,En agglomération,Hors intersection,Normale,Deux véhicules - côté,,,,,,,,,,,5,2,1,1.0,3.0
201800013250,0018-10-02 08:45:00,18,10,2,8,45,900,17,RN 19 - PK 10,47.56498,6.91438,Plein jour,Hors agglomération,Hors intersection,Normale,Autre collision,,,,,,,,,,,1,1,1,1.0,6.0
201800013251,0018-01-11 16:40:00,18,1,11,16,40,500,110,10 place de la poste,49.19368,-0.93697,Plein jour,En agglomération,Hors intersection,Normale,Sans collision,,,,,,,,,,,1,2,1,1.0,7.0
201800013252,0018-01-17 22:00:00,18,1,17,22,0,500,538,le calvaire - CD 972,49.13057,-0.99024,Nuit sans éclairage public,Hors agglomération,Hors intersection,Pluie forte,Autre collision,,,,,,,,,,,3,1,1,3.0,6.0
201800013253,0018-02-13 11:20:00,18,2,13,11,20,500,455,Rue de libération,49.19246,-1.02901,Plein jour,En agglomération,Hors intersection,Pluie légère,Autre collision,,,,,,,,,,,1,2,1,2.0,6.0
201800013254,0018-02-17 08:55:00,18,2,17,8,55,500,239,RN 174 PK31+150,49.1176,-1.1624,Plein jour,Hors agglomération,Hors intersection,Normale,Autre collision,,,,,,,,,,,1,1,1,1.0,6.0
201800013255,0018-03-09 20:00:00,18,3,9,20,0,500,302,la saulnerie,49.09825,-1.2077,Nuit sans éclairage public,Hors agglomération,Hors intersection,Temps couvert,Deux véhicules - côté,,,,,,,,,,,3,1,1,8.0,3.0
201800013256,0018-03-16 15:15:00,18,3,16,15,15,500,239,rue des Magnolias,49.12652,-1.17017,Plein jour,En agglomération,Hors intersection,Normale,Deux véhicules - frontale,,,,,,,,,,,1,2,1,1.0,1.0
201800013257,0018-04-16 14:05:00,18,4,16,14,5,500,468,l'arbre sec,49.2197,-1.12348,Plein jour,Hors agglomération,Giratoire,Normale,Deux véhicules - côté,,,,,,,,,,,1,1,6,1.0,3.0
201800013258,0018-06-15 17:25:00,18,6,15,17,25,500,216,12 rue des cigognes,49.23789,-1.20053,Plein jour,En agglomération,Hors intersection,Normale,Deux véhicules - côté,,,,,,,,,,,1,2,1,1.0,3.0
201800013259,0018-07-01 13:00:00,18,7,1,13,0,500,216,rue du marais du milieu,49.2379,-1.20223,Plein jour,Hors agglomération,Hors intersection,Normale,Sans collision,,,,,,,,,,,1,1,1,1.0,7.0
201800013260,0018-07-13 10:00:00,18,7,13,10,0,500,239,1 rue de bohon,49.15573,-1.22503,Plein jour,Hors agglomération,Hors intersection,Normale,Autre collision,,,,,,,,,,,1,1,1,1.0,6.0
201800013261,0018-10-30 10:30:00,18,10,30,10,30,500,356,4 rue croix de moon,49.21067,-1.0428,Plein jour,En agglomération,Hors intersection,Normale,Autre collision,,,,,,,,,,,1,2,1,1.0,6.0
201800013262,0018-11-18 18:15:00,18,11,18,18,15,500,239,hotel calin _,49.14933,-1.22771,Nuit sans éclairage public,Hors agglomération,Intersection en X,Normale,Trois véhicules et plus - collisions multiples,,,,,,,,,,,3,1,2,1.0,5.0
201800013263,0018-11-21 13:10:00,18,11,21,13,10,500,216,lieu dit la brianderie,49.24913,-1.20305,Plein jour,Hors agglomération,Intersection en T,Normale,Deux véhicules - côté,,,,,,,,,,,1,1,3,1.0,3.0
201800013264,0018-12-17 21:00:00,18,12,17,21,0,500,446,Carrefour de l'hotel God,49.13145,-1.02008,Nuit sans éclairage public,Hors agglomération,Intersection en X,Normale,Deux véhicules - côté,,,,,,,,,,,3,1,2,1.0,3.0
201800013265,0018-01-29 21:10:00,18,1,29,21,10,500,144,D33E2,48.77425,-1.07597,Nuit sans éclairage public,Hors agglomération,Hors intersection,Brouillard / fumée,Sans collision,,,,,,,,,,,3,1,1,5.0,7.0
201800013266,0018-02-19 11:35:00,18,2,19,11,35,500,628,,48.71849,-1.22723,Plein jour,Hors agglomération,Intersection en X,Pluie légère,Deux véhicules - côté,,,,,,,,,,,1,1,2,2.0,3.0
201800013267,0018-03-11 11:04:00,18,3,11,11,4,500,453,rue des Rosiers,48.84595,-1.20272,Plein jour,Hors agglomération,Intersection en X,Normale,Deux véhicules - frontale,,,,,,,,,,,1,1,2,1.0,1.0
201800013268,0018-03-23 16:45:00,18,3,23,16,45,500,453,Intersection D999 - D33,48.81726,-1.19667,Plein jour,Hors agglomération,Intersection en X,Pluie légère,Sans collision,,,,,,,,,,,1,1,2,2.0,7.0
201800013269,0018-03-30 13:35:00,18,3,30,13,35,500,275,D239,48.75794,-1.16034,Plein jour,Hors agglomération,Hors intersection,Pluie légère,Sans collision,,,,,,,,,,,1,1,1,2.0,7.0
201800013270,0018-05-05 11:35:00,18,5,5,11,35,500,185,route de GRANVILLE - le,48.84474,-1.27706,Plein jour,En agglomération,Intersection en X,Normale,Deux véhicules - côté,,,,,,,,,,,1,2,2,1.0,3.0
201800013271,0018-05-27 20:50:00,18,5,27,20,50,500,639,rue du Chemin Vert,48.83979,-1.21897,Plein jour,En agglomération,Hors intersection,Normale,Deux véhicules - frontale,,,,,,,,,,,1,2,1,1.0,1.0
201800013272,0018-06-26 12:00:00,18,6,26,12,0,500,639,10 rue du Général de Gau,48.83678,-1.22123,Plein jour,En agglomération,Hors intersection,Normale,Autre collision,,,,,,,,,,,1,2,1,1.0,6.0
201800013273,0018-08-17 14:20:00,18,8,17,14,20,500,639,17 Rue du Général de Gau,48.83716,-1.22167,Plein jour,En agglomération,Hors intersection,Normale,Autre collision,,,,,,,,,,,1,2,1,1.0,6.0
201800013274,0018-09-16 17:30:00,18,9,16,17,30,500,597,la lande,48.71327,-1.25468,Plein jour,Hors agglomération,Intersection en T,Temps éblouissant,Trois véhicules et plus - collisions multiples,,,,,,,,,,,1,1,3,7.0,5.0
201800013275,0018-09-20 16:00:00,18,9,20,16,0,500,124,Carrefour des arts,48.67004,-1.14272,Plein jour,Hors agglomération,Intersection en X,Normale,Deux véhicules - côté,,,,,,,,,,,1,1,2,1.0,3.0
201800013276,0018-09-29 16:20:00,18,9,29,16,20,500,453,avenue du Président,48.8412,-1.20117,Plein jour,Hors agglomération,Hors intersection,Normale,Autre collision,,,,,,,,,,,1,1,1,1.0,6.0
201800013277,0018-10-11 23:30:00,18,10,11,23,30,500,74,,48.72599,-1.20181,Nuit sans éclairage public,Hors agglomération,Hors intersection,Pluie légère,Autre collision,,,,,,,,,,,3,1,1,2.0,6.0
201800013278,0018-10-16 14:50:00,18,10,16,14,50,500,453,Rue des rosiers,48.8481,-1.20858,Plein jour,Hors agglomération,Intersection en X,Normale,Deux véhicules - côté,,,,,,,,,,,1,1,2,1.0,3.0
201800013279,0018-10-21 15:30:00,18,10,21,15,30,500,74,place de l'Église D999,48.72471,-1.16702,Plein jour,En agglomération,Hors intersection,Normale,Autre collision,,,,,,,,,,,1,2,1,1.0,6.0
201800013280,0018-11-12 16:00:00,18,11,12,16,0,500,453,rue prosper nove,48.8172,-1.19668,Plein jour,Hors agglomération,Intersection en X,Normale,Deux véhicules - frontale,,,,,,,,,,,1,1,2,1.0,1.0
201800013281,0018-12-16 21:05:00,18,12,16,21,5,500,271,RD33,48.7301,-1.03392,Nuit sans éclairage public,Hors agglomération,Hors intersection,Pluie forte,Autre collision,,,,,,,,,,,3,1,1,3.0,6.0
201800013282,0018-12-29 07:00:00,18,12,29,7,0,500,453,rue Emile lecharpentier_,48.83535,-1.18927,Nuit avec éclairage allumé,En agglomération,Hors intersection,Normale,Autre collision,,,,,,,,,,,5,2,1,1.0,6.0
201800013283,0018-02-13 17:15:00,18,2,13,17,15,500,381,La Bourrelière,48.60142,-0.97693,Plein jour,Hors agglomération,Intersection en T,Temps couvert,Deux véhicules - côté,,,,,,,,,,,1,1,3,8.0,3.0
201800013284,0018-04-17 16:30:00,18,4,17,16,30,500,56,CLAIRET,48.63775,-0.93232,Plein jour,Hors agglomération,Intersection en X,Normale,Deux véhicules - côté,,,,,,,,,,,1,1,2,1.0,3.0
201800013285,0018-09-29 11:45:00,18,9,29,11,45,500,359,15 grande rue,48.64784,-0.94292,Plein jour,En agglomération,Hors intersection,Normale,Autre collision,,,,,,,,,,,1,2,1,1.0,6.0
201800013286,0018-02-17 08:15:00,18,2,17,8,15,500,410,curey - RN 175,48.57062,-1.46349,Plein jour,Hors agglomération,Hors intersection,Normale,Autre collision,,,,,,,,,,,1,1,1,1.0,6.0
201800013287,0018-02-28 18:15:00,18,2,28,18,15,500,132,D48,48.63843,-1.24893,Crépuscule ou aube,Hors agglomération,Hors intersection,Normale,Sans collision,,,,,,,,,,,2,1,1,1.0,7.0
201800013288,0018-03-05 16:45:00,18,3,5,16,45,500,290,LIEU DIT LES QUATRE TOUR,48.65857,-1.2635,Plein jour,Hors agglomération,Hors intersection,Normale,Deux véhicules - frontale,,,,,,,,,,,1,1,1,1.0,1.0
201800013289,0018-03-27 11:15:00,18,3,27,11,15,500,168,rue du Génie,48.6175,-1.28988,Plein jour,En agglomération,Hors intersection,Normale,Autre collision,,,,,,,,,,,1,2,1,1.0,6.0
201800013290,0018-07-13 06:40:00,18,7,13,6,40,500,640,D 230,48.53018,-1.38237,Crépuscule ou aube,Hors agglomération,Intersection en T,Normale,Deux véhicules - frontale,,,,,,,,,,,2,1,3,1.0,1.0
201800013291,0018-07-16 13:20:00,18,7,16,13,20,500,410,le flechet - BOUCEY,48.54642,-1.47998,Plein jour,Hors agglomération,Intersection en X,Normale,Deux véhicules - côté,,,,,,,,,,,1,1,2,1.0,3.0
201800013292,0018-08-03 18:45:00,18,8,3,18,45,500,410,RN 176,48.56169,-1.52174,Plein jour,Hors agglomération,Hors intersection,Normale,Deux véhicules - frontale,,,,,,,,,,,1,1,1,1.0,1.0
201800013293,0018-09-08 09:15:00,18,9,8,9,15,500,168,RUE DU GÉNIE,48.61867,-1.29088,Plein jour,En agglomération,Hors intersection,Normale,Autre collision,,,,,,,,,,,1,2,1,1.0,6.0
201800013294,0018-09-14 02:00:00,18,9,14,2,0,500,337,rue du hamel,48.50159,-1.39604,Nuit sans éclairage public,En agglomération,Intersection en Y,Normale,Autre collision,,,,,,,,,,,3,2,4,1.0,6.0
201800013295,0018-10-25 15:00:00,18,10,25,15,0,500,487,18 rue d'antrain,48.5217,-1.32888,Plein jour,En agglomération,Hors intersection,Normale,Autre collision,,,,,,,,,,,1,2,1,1.0,6.0
201800013296,0018-10-29 18:10:00,18,10,29,18,10,500,574,RN175,48.59932,-1.3993,Nuit sans éclairage public,Hors agglomération,Hors intersection,Pluie légère,Deux véhicules - arrière,,,,,,,,,,,3,1,1,2.0,2.0
201800013297,0018-11-01 00:30:00,18,11,1,0,30,500,168,Lieu dit La Roche qui Bo,48.60304,-1.26711,Nuit sans éclairage public,Hors agglomération,Hors intersection,Normale,Autre collision,,,,,,,,,,,3,1,1,1.0,6.0
201800013298,0018-11-03 14:45:00,18,11,3,14,45,500,154,D 40,48.54733,-1.38289,Plein jour,Hors agglomération,Intersection en T,Temps éblouissant,Deux véhicules - côté,,,,,,,,,,,1,1,3,7.0,3.0
201800013299,0018-11-11 17:40:00,18,11,11,17,40,500,574,,48.60001,-1.39832,Nuit sans éclairage public,Hors agglomération,Hors intersection,Temps couvert,Autre collision,,,,,,,,,,,3,1,1,8.0,6.0
201800013300,0018-11-16 09:20:00,18,11,16,9,20,500,410,rue couesnon,48.55299,-1.5106,Plein jour,En agglomération,Hors intersection,Normale,Autre collision,,,,,,,,,,,1,2,1,1.0,6.0
201800013301,0018-12-15 19:30:00,18,12,15,19,30,500,487,route départementale 998,48.53356,-1.34598,Nuit sans éclairage public,Hors agglomération,Hors intersection,Pluie légère,Deux véhicules - arrière,,,,,,,,,,,3,1,1,2.0,2.0
201800013302,0018-12-19 16:35:00,18,12,19,16,35,500,627,RD 40,48.56558,-1.37925,Crépuscule ou aube,Hors agglomération,Hors intersection,Normale,Autre collision,,,,,,,,,,,2,1,1,1.0,6.0
201800013303,0018-02-22 12:00:00,18,2,22,12,0,500,591,DEPARTEMENTALE 5,48.5036,-0.86404,Plein jour,Hors agglomération,Hors intersection,Normale,Sans collision,,,,,,,,,,,1,1,1,1.0,7.0
201800013304,0018-04-27 17:25:00,18,4,27,17,25,500,256,CARREFOUR DE LA SALETTE,48.61329,-1.13093,Plein jour,Hors agglomération,Intersection en X,Pluie légère,Deux véhicules - côté,,,,,,,,,,,1,1,2,2.0,3.0
201800013305,0018-05-19 19:30:00,18,5,19,19,30,500,515,Rue du Haut Bourg,48.54541,-1.16858,Plein jour,En agglomération,Hors intersection,Normale,Autre collision,,,,,,,,,,,1,2,1,1.0,6.0
201800013306,0018-05-27 18:45:00,18,5,27,18,45,500,644,"12 route de l'Yvrande, V",48.58339,-1.15339,Plein jour,Hors agglomération,Intersection en T,Normale,Deux véhicules - frontale,,,,,,,,,,,1,1,3,1.0,1.0
201800013307,0018-06-02 16:05:00,18,6,2,16,5,500,274,RD 977,48.54044,-1.09099,Plein jour,En agglomération,Intersection en T,Normale,Deux véhicules - arrière,,,,,,,,,,,1,2,3,1.0,2.0
201800013308,0018-06-27 13:30:00,18,6,27,13,30,500,644,intersection Rue du Chat,48.58457,-1.13403,Plein jour,En agglomération,Intersection en T,Normale,Deux véhicules - côté,,,,,,,,,,,1,2,3,1.0,3.0
201800013309,0018-07-16 14:00:00,18,7,16,14,0,500,256,RD 976 Mesnil Thebault,48.59734,-1.19238,Plein jour,Hors agglomération,Autre intersection,Normale,Trois véhicules et plus - en chaîne,,,,,,,,,,,1,1,9,1.0,4.0
201800013310,0018-08-12 19:30:00,18,8,12,19,30,500,263,D 174,48.57655,-1.00682,Plein jour,En agglomération,Autre intersection,Pluie légère,Sans collision,,,,,,,,,,,1,2,9,2.0,7.0