accident_id,datetime,annee,mois,jour,heure,minute,departement,commune_insee,adresse,latitude,longitude,luminosite,agglomeration,intersection,meteo,collision,nb_vehicules,nb_usagers,nb_indemnes,nb_tues,nb_blesses_hosp,nb_blesses_legers,age_cond_1,age_cond_2,veh_type_cond_1,veh_type_cond_2,lum_code,agg_code,int_code,atm_code,col_code
201800013311,0018-09-20 08:15:00,18,9,20,8,15,500,256,Les petites longues raie,48.64715,-1.21163,Plein jour,Hors agglomération,Hors intersection,Normale,Deux véhicules - frontale,,,,,,,,,,,1,1,1,1.0,1.0
201800013312,0018-10-10 12:00:00,18,10,10,12,0,500,484,110 Rue de Paris,48.57694,-1.08645,Plein jour,En agglomération,Hors intersection,Normale,Autre collision,,,,,,,,,,,1,2,1,1.0,6.0
201800013313,0018-11-13 09:20:00,18,11,13,9,20,500,591,lieu dit saint patrice,48.54853,-0.87536,Plein jour,Hors agglomération,Intersection en X,Normale,Deux véhicules - côté,,,,,,,,,,,1,1,2,1.0,3.0
201800013314,0018-11-18 18:45:00,18,11,18,18,45,500,274,route de Fougères,48.5248,-1.08892,Nuit sans éclairage public,Hors agglomération,Hors intersection,Normale,Autre collision,,,,,,,,,,,3,1,1,1.0,6.0
201800013315,0018-12-12 18:00:00,18,12,12,18,0,500,274,"lieu-dit ""le Bois Moissy",48.54657,-1.09216,Crépuscule ou aube,Hors agglomération,Intersection en T,Normale,Deux véhicules - côté,,,,,,,,,,,2,1,3,1.0,3.0
201800013316,0018-12-18 08:15:00,18,12,18,8,15,500,293,la bouverie,48.6149,-1.12125,Crépuscule ou aube,Hors agglomération,Hors intersection,Normale,Autre collision,,,,,,,,,,,2,1,1,1.0,6.0
201800013317,0018-02-01 08:50:00,18,2,1,8,50,500,539,place de l'abbé saint pi,49.66836,-1.40462,Plein jour,En agglomération,Hors intersection,Normale,Autre collision,,,,,,,,,,,1,2,1,1.0,6.0
201800013318,0018-02-02 15:30:00,18,2,2,15,30,500,615,Bd de la division Lecler,49.50939,-1.47185,Plein jour,En agglomération,Hors intersection,Normale,Autre collision,,,,,,,,,,,1,2,1,1.0,6.0
201800013319,0018-02-09 19:45:00,18,2,9,19,45,500,395,Départementale 26,49.608,-1.32454,Nuit sans éclairage public,Hors agglomération,Hors intersection,Normale,Deux véhicules - frontale,,,,,,,,,,,3,1,1,1.0,1.0
201800013320,0018-02-25 11:00:00,18,2,25,11,0,500,30,AXE RD.1 - RUE DE REVILL,49.66627,-1.25893,Plein jour,En agglomération,Hors intersection,Normale,Deux véhicules - arrière,,,,,,,,,,,1,2,1,1.0,2.0
201800013321,0018-03-31 11:00:00,18,3,31,11,0,500,562,quai vauban,49.58623,-1.26464,Plein jour,En agglomération,Giratoire,Normale,Sans collision,,,,,,,,,,,1,2,6,1.0,7.0
201800013322,0018-04-21 18:15:00,18,4,21,18,15,500,648,"Lieu dit "" Le Tapotin""",49.50095,-1.49632,Plein jour,Hors agglomération,Hors intersection,Pluie forte,Deux véhicules - frontale,,,,,,,,,,,1,1,1,3.0,1.0
201800013323,0018-06-05 09:15:00,18,6,5,9,15,500,305,Lieu dit la vierge DROUE,49.616,-1.52092,Plein jour,Hors agglomération,Hors intersection,Brouillard / fumée,Deux véhicules - frontale,,,,,,,,,,,1,1,1,5.0,1.0
201800013324,0018-06-24 14:10:00,18,6,24,14,10,500,615,D974 - voie de la libert,49.50191,-1.45715,Plein jour,En agglomération,Hors intersection,Normale,Sans collision,,,,,,,,,,,1,2,1,1.0,7.0
201800013325,0018-06-25 17:45:00,18,6,25,17,45,500,335,hameau dubost,49.57899,-1.43505,Plein jour,Hors agglomération,Intersection en X,Normale,Deux véhicules - côté,,,,,,,,,,,1,1,2,1.0,3.0
201800013326,0018-07-24 17:00:00,18,7,24,17,0,500,615,,49.51298,-1.48091,Plein jour,Hors agglomération,Intersection en T,Normale,Deux véhicules - côté,,,,,,,,,,,1,1,3,1.0,3.0
201800013327,0018-07-27 20:00:00,18,7,27,20,0,500,87,route des forges,49.54709,-1.57984,Plein jour,Hors agglomération,Hors intersection,Normale,Autre collision,,,,,,,,,,,1,1,1,1.0,6.0
201800013328,0018-08-09 18:42:00,18,8,9,18,42,500,567,L'entreprise,49.57274,-1.50591,Plein jour,En agglomération,Intersection en T,Temps éblouissant,Deux véhicules - côté,,,,,,,,,,,1,2,3,7.0,3.0
201800013329,0018-09-02 18:52:00,18,9,2,18,52,500,87,lieu dit delasse,49.56404,-1.5691,Plein jour,Hors agglomération,Intersection en T,Normale,Deux véhicules - côté,,,,,,,,,,,1,1,3,1.0,3.0
201800013330,0018-09-04 20:30:00,18,9,4,20,30,500,417,RUE DE GAUL,49.59603,-1.3019,Crépuscule ou aube,En agglomération,Hors intersection,Normale,Deux véhicules - côté,,,,,,,,,,,2,2,1,1.0,3.0
201800013331,0018-09-07 13:00:00,18,9,7,13,0,500,342,,49.65553,-1.27663,Plein jour,Hors agglomération,Hors intersection,Temps éblouissant,Autre collision,,,,,,,,,,,1,1,1,7.0,6.0
201800013332,0018-10-05 08:20:00,18,10,5,8,20,500,539,96 RUE GÉNÉRAL DE GAULLE,49.66693,-1.39964,Crépuscule ou aube,En agglomération,Hors intersection,Normale,Deux véhicules - côté,,,,,,,,,,,2,2,1,1.0,3.0
201800013333,0018-11-17 12:00:00,18,11,17,12,0,500,615,route de Montebourg,49.50092,-1.45412,Plein jour,En agglomération,Hors intersection,Normale,Sans collision,,,,,,,,,,,1,2,1,1.0,7.0
201800013334,0018-11-19 20:15:00,18,11,19,20,15,500,648,Route de Bricquebec,49.50204,-1.49047,Nuit sans éclairage public,Hors agglomération,Hors intersection,Pluie forte,Deux véhicules - côté,,,,,,,,,,,3,1,1,3.0,3.0
201800013335,0018-11-20 17:40:00,18,11,20,17,40,500,196,Rue Alexis de TOCQUEVILL,49.67053,-1.31025,Crépuscule ou aube,Hors agglomération,Hors intersection,Pluie légère,Deux véhicules - arrière,,,,,,,,,,,2,1,1,2.0,2.0
201800013336,0018-12-07 17:05:00,18,12,7,17,5,500,209,901,49.64411,-1.47474,Crépuscule ou aube,Hors agglomération,Hors intersection,Pluie légère,Deux véhicules - frontale,,,,,,,,,,,2,1,1,2.0,1.0
201800013337,0018-12-12 18:45:00,18,12,12,18,45,500,87,D56 - Route du Mont Fanu,49.56317,-1.60111,Nuit sans éclairage public,Hors agglomération,Hors intersection,Normale,Deux véhicules - frontale,,,,,,,,,,,3,1,1,1.0,1.0
201800013338,0018-01-26 08:20:00,18,1,26,8,20,500,580,RD 650,49.54975,-1.76058,Crépuscule ou aube,Hors agglomération,Hors intersection,Normale,Deux véhicules - frontale,,,,,,,,,,,2,1,1,1.0,1.0
201800013339,0018-01-31 14:00:00,18,1,31,14,0,500,82,,49.48913,-1.61464,Plein jour,Hors agglomération,Intersection en T,Normale,Deux véhicules - côté,,,,,,,,,,,1,1,3,1.0,3.0
201800013340,0018-02-18 01:45:00,18,2,18,1,45,500,402,grandes rues,49.51008,-1.82211,Nuit sans éclairage public,Hors agglomération,Autre intersection,Normale,Autre collision,,,,,,,,,,,3,1,9,1.0,6.0
201800013341,0018-03-19 00:30:00,18,3,19,0,30,500,412,rue hellouin,49.33523,-1.69746,Nuit avec éclairage allumé,En agglomération,Hors intersection,Neige / grêle,Autre collision,,,,,,,,,,,5,2,1,4.0,6.0
201800013342,0018-04-15 15:35:00,18,4,15,15,35,500,402,les Fleurys,49.51791,-1.78965,Plein jour,Hors agglomération,Hors intersection,Normale,Deux véhicules - frontale,,,,,,,,,,,1,1,1,1.0,1.0
201800013343,0018-05-10 21:40:00,18,5,10,21,40,500,31,23 rue de l'étoile,49.36496,-1.75964,Nuit avec éclairage allumé,En agglomération,Hors intersection,Normale,Autre collision,,,,,,,,,,,5,2,1,1.0,6.0
201800013344,0018-05-11 16:10:00,18,5,11,16,10,500,435,Le grand Hameau,49.49939,-1.59959,Plein jour,Hors agglomération,Hors intersection,Normale,Autre collision,,,,,,,,,,,1,1,1,1.0,6.0
201800013345,0018-06-07 14:50:00,18,6,7,14,50,500,31,rue hauvet,49.37968,-1.75406,Plein jour,En agglomération,Intersection en T,Normale,Trois véhicules et plus - collisions multiples,,,,,,,,,,,1,2,3,1.0,5.0
201800013346,0018-06-16 09:30:00,18,6,16,9,30,500,31,RD650 / RD903E,49.37853,-1.74219,Plein jour,Hors agglomération,Intersection en T,Normale,Trois véhicules et plus - collisions multiples,,,,,,,,,,,1,1,3,1.0,5.0
201800013347,0018-06-15 09:30:00,18,6,15,9,30,500,604,le pont chauvin,49.52596,-1.81779,Plein jour,Hors agglomération,Hors intersection,Normale,Deux véhicules - arrière,,,,,,,,,,,1,1,1,1.0,2.0
201800013348,0018-06-30 16:10:00,18,6,30,16,10,500,503,D15,49.33522,-1.66475,Plein jour,En agglomération,Hors intersection,Normale,Sans collision,,,,,,,,,,,1,2,1,1.0,7.0
201800013349,0018-08-10 00:01:00,18,8,10,0,1,500,412,Rue Lechevalier,49.33666,-1.70104,Nuit avec éclairage allumé,En agglomération,Intersection en T,Normale,Autre collision,,,,,,,,,,,5,2,3,1.0,6.0
201800013350,0018-08-10 15:47:00,18,8,10,15,47,500,31,3 av de la République,49.38152,-1.77699,Plein jour,En agglomération,Intersection en T,Normale,Autre collision,,,,,,,,,,,1,2,3,1.0,6.0
201800013351,0018-08-24 10:50:00,18,8,24,10,50,500,184,Route de la Mine,49.54394,-1.87414,Plein jour,Hors agglomération,Hors intersection,Normale,Sans collision,,,,,,,,,,,1,1,1,1.0,7.0
201800013352,0018-09-09 02:30:00,18,9,9,2,30,500,585,route des mielles,49.4578,-1.8218,Nuit sans éclairage public,Hors agglomération,Hors intersection,Normale,Autre collision,,,,,,,,,,,3,1,1,1.0,6.0
201800013353,0018-09-18 17:45:00,18,9,18,17,45,500,490,Chemin de Coutances,49.36073,-1.74349,Plein jour,Hors agglomération,Intersection en X,Normale,Deux véhicules - côté,,,,,,,,,,,1,1,2,1.0,3.0
201800013354,0018-10-10 05:40:00,18,10,10,5,40,500,222,Hameau Commenchail,49.5005,-1.71062,Nuit sans éclairage public,Hors agglomération,Hors intersection,Normale,Sans collision,,,,,,,,,,,3,1,1,1.0,7.0
201800013355,0018-10-17 23:15:00,18,10,17,23,15,500,402,58 rue Centrale,49.51435,-1.80686,Nuit avec éclairage allumé,En agglomération,Hors intersection,Normale,Autre collision,,,,,,,,,,,5,2,1,1.0,6.0
201800013356,0018-10-22 17:25:00,18,10,22,17,25,500,45,10 la Croix Georges,49.5256,-1.78386,Plein jour,Hors agglomération,Hors intersection,Temps éblouissant,Deux véhicules - arrière,,,,,,,,,,,1,1,1,7.0,2.0
201800013357,0018-11-02 17:15:00,18,11,2,17,15,500,82,,49.47492,-1.62725,Plein jour,En agglomération,Intersection en X,Normale,Deux véhicules - côté,,,,,,,,,,,1,2,2,1.0,3.0
201800013358,0018-11-23 17:45:00,18,11,23,17,45,500,402,route de barneville,49.50987,-1.80517,Crépuscule ou aube,En agglomération,Intersection en X,Pluie légère,Trois véhicules et plus - collisions multiples,,,,,,,,,,,2,2,2,2.0,5.0
201800013359,0018-12-25 10:40:00,18,12,25,10,40,500,580,la grande Malbrè,49.52943,-1.75349,Plein jour,Hors agglomération,Hors intersection,Temps couvert,Deux véhicules - frontale,,,,,,,,,,,1,1,1,8.0,1.0
201800013360,0018-01-13 14:40:00,18,1,13,14,40,500,427,RD 15 Route de la mer,49.46334,-1.25895,Plein jour,Hors agglomération,Hors intersection,Normale,Sans collision,,,,,,,,,,,1,1,1,1.0,7.0
201800013361,0018-02-11 17:15:00,18,2,11,17,15,500,52,D 67,49.35508,-1.37777,Plein jour,Hors agglomération,Hors intersection,Normale,Deux véhicules - frontale,,,,,,,,,,,1,1,1,1.0,1.0
201800013362,0018-02-14 18:45:00,18,2,14,18,45,500,400,44 Rue de periers,49.37478,-1.42456,Nuit avec éclairage allumé,En agglomération,Hors intersection,Pluie légère,Autre collision,,,,,,,,,,,5,2,1,2.0,6.0
201800013363,0018-05-05 14:20:00,18,5,5,14,20,500,341,,,,Plein jour,Hors agglomération,Intersection en T,Normale,Deux véhicules - arrière,,,,,,,,,,,1,1,3,1.0,2.0
201800013364,0018-05-07 02:15:00,18,5,7,2,15,500,400,la bastille,49.36512,-1.37395,Nuit sans éclairage public,Hors agglomération,Hors intersection,Normale,Autre collision,,,,,,,,,,,3,1,1,1.0,6.0
201800013365,0018-05-07 10:30:00,18,5,7,10,30,500,55,Intersection RD126 - RD2,49.43805,-1.4945,Plein jour,Hors agglomération,Intersection en X,Temps éblouissant,Deux véhicules - côté,,,,,,,,,,,1,1,2,7.0,3.0
201800013366,0018-05-13 21:15:00,18,5,13,21,15,500,523,route de ST MARTIN,49.41863,-1.2834,Crépuscule ou aube,Hors agglomération,Hors intersection,Normale,Sans collision,,,,,,,,,,,2,1,1,1.0,7.0
201800013367,0018-05-22 18:00:00,18,5,22,18,0,500,49,route de st sauveur le v,49.37124,-1.6063,Plein jour,Hors agglomération,Hors intersection,Normale,Autre collision,,,,,,,,,,,1,1,1,1.0,6.0
201800013368,0018-06-03 13:15:00,18,6,3,13,15,500,523,rue de fauville,49.39777,-1.30915,Plein jour,Hors agglomération,Hors intersection,Normale,Deux véhicules - côté,,,,,,,,,,,1,1,1,1.0,3.0
201800013369,0018-06-08 20:30:00,18,6,8,20,30,500,49,RD 15,49.37651,-1.6267,Plein jour,Hors agglomération,Hors intersection,Normale,Autre collision,,,,,,,,,,,1,1,1,1.0,6.0
201800013370,0018-06-10 18:10:00,18,6,10,18,10,500,551,05 route du défant,49.37606,-1.55371,Plein jour,Hors agglomération,Hors intersection,Normale,Autre collision,,,,,,,,,,,1,1,1,1.0,6.0
201800013371,0018-06-17 19:30:00,18,6,17,19,30,500,370,LES FORGES DE VARDON_,49.41573,-1.57468,Plein jour,Hors agglomération,Intersection en X,Pluie légère,Autre collision,,,,,,,,,,,1,1,2,2.0,6.0
201800013372,0018-07-22 10:50:00,18,7,22,10,50,500,551,rue des lices,49.3867,-1.53197,Plein jour,En agglomération,Intersection en T,Normale,Sans collision,,,,,,,,,,,1,2,3,1.0,7.0
201800013373,0018-07-25 16:30:00,18,7,25,16,30,500,467,route de vaudiville,49.48178,-1.34618,Plein jour,Hors agglomération,Hors intersection,Normale,Autre collision,,,,,,,,,,,1,1,1,1.0,6.0
201800013374,0018-08-05 19:40:00,18,8,5,19,40,500,341,,49.48712,-1.37966,Plein jour,En agglomération,Intersection en X,Normale,Deux véhicules - côté,,,,,,,,,,,1,2,2,1.0,3.0
201800013375,0018-08-17 09:50:00,18,8,17,9,50,500,517,D14/D423,49.42675,-1.24696,Plein jour,Hors agglomération,Intersection en X,Normale,Deux véhicules - côté,,,,,,,,,,,1,1,2,1.0,3.0
201800013376,0018-08-31 13:30:00,18,8,31,13,30,500,507,40 Boulevard des dunes,49.48976,-1.26119,Plein jour,En agglomération,Hors intersection,Normale,Deux véhicules - côté,,,,,,,,,,,1,2,1,1.0,3.0
201800013377,0018-08-31 16:15:00,18,8,31,16,15,500,103,rue de l'Église_,49.37199,-1.32891,Plein jour,En agglomération,Intersection en Y,Normale,Deux véhicules - côté,,,,,,,,,,,1,2,4,1.0,3.0
201800013378,0018-09-14 18:00:00,18,9,14,18,0,500,642,rue des margueries,49.38008,-1.39138,Plein jour,Hors agglomération,Hors intersection,Normale,Sans collision,,,,,,,,,,,1,1,1,1.0,7.0
201800013379,0018-09-18 12:00:00,18,9,18,12,0,500,427,les brocs,49.44188,-1.28702,Plein jour,Hors agglomération,Hors intersection,Normale,Autre collision,,,,,,,,,,,1,1,1,1.0,6.0
201800013380,0018-10-04 14:20:00,18,10,4,14,20,500,387,,49.42238,-1.44936,Plein jour,Hors agglomération,Intersection en T,Normale,Deux véhicules - arrière,,,,,,,,,,,1,1,3,1.0,2.0
201800013381,0018-11-25 02:00:00,18,11,25,2,0,500,227,63 rue saint pierre,49.45433,-1.41252,Nuit sans éclairage public,En agglomération,Hors intersection,Brouillard / fumée,Deux véhicules - frontale,,,,,,,,,,,3,2,1,5.0,1.0
201800013382,0018-12-19 18:15:00,18,12,19,18,15,500,523,RD 974,49.41715,-1.32364,Nuit sans éclairage public,Hors agglomération,Hors intersection,Normale,Trois véhicules et plus - collisions multiples,,,,,,,,,,,3,1,1,1.0,5.0
201800013383,0018-01-05 15:40:00,18,1,5,15,40,500,354,les douetils,49.12375,-1.5039,Plein jour,Hors agglomération,Giratoire,Temps éblouissant,Deux véhicules - côté,,,,,,,,,,,1,1,6,7.0,3.0
201800013384,0018-01-20 12:00:00,18,1,20,12,0,500,44,lieu dit Le Pissot,49.07332,-1.35754,Plein jour,Hors agglomération,Hors intersection,Vent fort / tempête,Autre collision,,,,,,,,,,,1,1,1,6.0,6.0
201800013385,0018-03-22 12:15:00,18,3,22,12,15,500,389,Lieu dit la blanche roqu,49.01061,-1.3767,Plein jour,Hors agglomération,Intersection en X,Normale,Deux véhicules - côté,,,,,,,,,,,1,1,2,1.0,3.0
201800013386,0018-03-27 07:50:00,18,3,27,7,50,500,145,le ridel,49.06697,-1.38731,Crépuscule ou aube,Hors agglomération,Hors intersection,Pluie légère,Trois véhicules et plus - en chaîne,,,,,,,,,,,2,1,1,2.0,4.0
201800013387,0018-04-09 12:30:00,18,4,9,12,30,500,3,rue Amiral Tourville,49.04817,-1.59818,Plein jour,En agglomération,Hors intersection,Normale,Deux véhicules - arrière,,,,,,,,,,,1,2,1,1.0,2.0
201800013388,0018-04-28 02:30:00,18,4,28,2,30,500,219,le gros Fresnes,49.07077,-1.46454,Nuit sans éclairage public,Hors agglomération,Giratoire,Normale,Autre collision,,,,,,,,,,,3,1,6,1.0,6.0
201800013389,0018-05-20 23:20:00,18,5,20,23,20,500,58,Intersection D244 et D34,49.07065,-1.56428,Nuit sans éclairage public,Hors agglomération,Intersection en X,Normale,Deux véhicules - côté,,,,,,,,,,,3,1,2,1.0,3.0
201800013390,0018-06-03 18:43:00,18,6,3,18,43,500,3,charrière du commerce,49.03449,-1.58343,Plein jour,En agglomération,Intersection en X,Normale,Deux véhicules - côté,,,,,,,,,,,1,2,2,1.0,3.0
201800013391,0018-06-22 07:45:00,18,6,22,7,45,500,279,lieu dit la montagne,49.08149,-1.29515,Plein jour,Hors agglomération,Intersection en T,Temps éblouissant,Trois véhicules et plus - en chaîne,,,,,,,,,,,1,1,3,7.0,4.0
201800013392,0018-06-28 21:25:00,18,6,28,21,25,500,506,route départementale 244,49.07123,-1.53882,Plein jour,En agglomération,Hors intersection,Normale,Autre collision,,,,,,,,,,,1,2,1,1.0,6.0
201800013393,0018-07-01 23:30:00,18,7,1,23,30,500,345,Le Champaux,49.07724,-1.43836,Nuit sans éclairage public,Hors agglomération,Hors intersection,Normale,Autre collision,,,,,,,,,,,3,1,1,1.0,6.0
201800013394,0018-07-27 15:40:00,18,7,27,15,40,500,464,la vaudeniere,48.97936,-1.41104,Plein jour,Hors agglomération,Hors intersection,Normale,Deux véhicules - arrière,,,,,,,,,,,1,1,1,1.0,2.0
201800013395,0018-09-01 10:40:00,18,9,1,10,40,500,378,Lieu-dit L'Hotel Horel,49.00435,-1.27184,Plein jour,Hors agglomération,Hors intersection,Normale,Deux véhicules - frontale,,,,,,,,,,,1,1,1,1.0,1.0
201800013396,0018-09-21 18:50:00,18,9,21,18,50,500,350,Le zercis,48.99666,-1.31757,Plein jour,Hors agglomération,Intersection en X,Normale,Deux véhicules - côté,,,,,,,,,,,1,1,2,1.0,3.0
201800013397,0018-10-03 13:39:00,18,10,3,13,39,500,464,"lieu dit ""La Hersière""",49.008,-1.38085,Plein jour,Hors agglomération,Hors intersection,Normale,Sans collision,,,,,,,,,,,1,1,1,1.0,7.0
201800013398,0018-10-11 07:45:00,18,10,11,7,45,500,145,la hastonnière,49.0664,-1.38946,Plein jour,Hors agglomération,Intersection en T,Normale,Deux véhicules - côté,,,,,,,,,,,1,1,3,1.0,3.0
201800013399,0018-10-23 06:30:00,18,10,23,6,30,500,3,RD650,49.05391,-1.5641,Nuit sans éclairage public,Hors agglomération,Intersection en X,Normale,Deux véhicules - côté,,,,,,,,,,,3,1,2,1.0,3.0
201800013400,0018-11-09 13:35:00,18,11,9,13,35,500,376,LA MOINERIE,49.02116,-1.4038,Plein jour,Hors agglomération,Hors intersection,Normale,Deux véhicules - frontale,,,,,,,,,,,1,1,1,1.0,1.0
201800013401,0018-11-10 15:05:00,18,11,10,15,5,500,3,40 rue leverrier,49.05037,-1.60068,Plein jour,En agglomération,Hors intersection,Normale,Autre collision,,,,,,,,,,,1,2,1,1.0,6.0
201800013402,0018-02-20 15:10:00,18,2,20,15,10,500,85,route de la blanche mais,48.91915,-1.5207,Plein jour,Hors agglomération,Intersection en X,Normale,Autre collision,,,,,,,,,,,1,1,2,1.0,6.0
201800013403,0018-04-01 20:00:00,18,4,1,20,0,500,419,rue du général de gaulle,48.97908,-1.46825,Crépuscule ou aube,Hors agglomération,Hors intersection,Pluie légère,Deux véhicules - frontale,,,,,,,,,,,2,1,1,2.0,1.0
201800013404,0018-04-13 21:05:00,18,4,13,21,5,500,549,"Route de la bougonnière,",48.84492,-1.43262,Nuit sans éclairage public,Hors agglomération,Intersection en T,Normale,Autre collision,,,,,,,,,,,3,1,3,1.0,6.0
201800013405,0018-04-18 11:35:00,18,4,18,11,35,500,272,,48.93927,-1.52973,Plein jour,Hors agglomération,Intersection en T,Normale,Deux véhicules - frontale,,,,,,,,,,,1,1,3,1.0,1.0
201800013406,0018-05-18 13:45:00,18,5,18,13,45,500,197,"Croisement D 98 - D 238,",48.90311,-1.29208,Plein jour,Hors agglomération,Intersection en X,Temps éblouissant,Deux véhicules - frontale,,,,,,,,,,,1,1,2,7.0,1.0
201800013407,0018-07-03 15:52:00,18,7,3,15,52,500,252,RD592 lieu les janets,48.88375,-1.46722,Plein jour,Hors agglomération,Hors intersection,Normale,Deux véhicules - frontale,,,,,,,,,,,1,1,1,1.0,1.0
201800013408,0018-07-12 14:00:00,18,7,12,14,0,500,76,Zone industrielle La Mar,48.90058,-1.50743,Plein jour,En agglomération,Hors intersection,Normale,Sans collision,,,,,,,,,,,1,2,1,1.0,7.0
201800013409,0018-08-25 14:40:00,18,8,25,14,40,500,365,D 971 - La Blanche Maiso,48.92239,-1.49859,Plein jour,Hors agglomération,Intersection en T,Normale,Deux véhicules - arrière,,,,,,,,,,,1,1,3,1.0,2.0
201800013410,0018-09-18 08:10:00,18,9,18,8,10,500,349,rue de la foire,48.9888,-1.5187,Plein jour,En agglomération,Hors intersection,Temps éblouissant,Autre collision,,,,,,,,,,,1,2,1,7.0,6.0
201800013411,0018-10-03 16:20:00,18,10,3,16,20,500,143,D114,48.85183,-1.51252,Plein jour,Hors agglomération,Hors intersection,Normale,Deux véhicules - côté,,,,,,,,,,,1,1,1,1.0,3.0
201800013412,0018-10-03 21:30:00,18,10,3,21,30,500,278,rue de la liberté,48.86607,-1.42935,Nuit sans éclairage public,Hors agglomération,Intersection en T,Normale,Deux véhicules - côté,,,,,,,,,,,3,1,3,1.0,3.0
201800013413,0018-10-09 18:00:00,18,10,9,18,0,500,231,intersection avenue des,48.97409,-1.55915,Plein jour,En agglomération,Intersection en X,Normale,Deux véhicules - côté,,,,,,,,,,,1,2,2,1.0,3.0
201800013414,0018-10-24 16:38:00,18,10,24,16,38,500,429,les longs champs,49.00245,-1.54976,Plein jour,Hors agglomération,Intersection en Y,Normale,Autre collision,,,,,,,,,,,1,1,4,1.0,6.0
201800013415,0018-10-25 16:20:00,18,10,25,16,20,500,277,rue des écoliers,48.85321,-1.55196,Plein jour,En agglomération,Hors intersection,Temps éblouissant,Autre collision,,,,,,,,,,,1,2,1,7.0,6.0
201800013416,0018-11-12 09:20:00,18,11,12,9,20,500,76,Avenue Maurice Marland,48.89526,-1.51342,Plein jour,En agglomération,Hors intersection,Normale,Autre collision,,,,,,,,,,,1,2,1,1.0,6.0
201800013417,0018-12-15 15:15:00,18,12,15,15,15,500,85,route de Bréhal - CD 20,48.90947,-1.52286,Plein jour,Hors agglomération,Hors intersection,Pluie forte,Trois véhicules et plus - collisions multiples,,,,,,,,,,,1,1,1,3.0,5.0
201800013418,0018-01-06 19:58:00,18,1,6,19,58,500,394,Route de COUTANCES,49.17647,-1.40979,Nuit sans éclairage public,Hors agglomération,Hors intersection,Normale,Trois véhicules et plus - collisions multiples,,,,,,,,,,,3,1,1,1.0,5.0
201800013419,0018-01-28 17:10:00,18,1,28,17,10,500,204,RD 650,49.24914,-1.64981,Nuit sans éclairage public,Hors agglomération,Intersection en X,Pluie légère,Deux véhicules - côté,,,,,,,,,,,3,1,2,2.0,3.0
201800013420,0018-02-03 04:20:00,18,2,3,4,20,500,481,,49.23679,-1.58707,Nuit sans éclairage public,Hors agglomération,Giratoire,Normale,Autre collision,,,,,,,,,,,3,1,6,1.0,6.0
201800013421,0018-04-26 19:00:00,18,4,26,19,0,500,394,Rue Jean Baptiste PASTUR,49.1819,-1.40991,Plein jour,En agglomération,Hors intersection,Normale,Sans collision,,,,,,,,,,,1,2,1,1.0,7.0
201800013422,0018-06-23 16:25:00,18,6,23,16,25,500,136,RD 223,49.32616,-1.38941,Plein jour,Hors agglomération,Intersection en X,Normale,Deux véhicules - frontale,,,,,,,,,,,1,1,2,1.0,1.0
201800013423,0018-07-01 03:00:00,18,7,1,3,0,500,510,,49.1696,-1.32612,Nuit sans éclairage public,Hors agglomération,Intersection en X,Normale,Deux véhicules - côté,,,,,,,,,,,3,1,2,1.0,3.0
201800013424,0018-07-04 17:40:00,18,7,4,17,40,500,267,D2,49.1975,-1.52256,Plein jour,Hors agglomération,Intersection en T,Normale,Trois véhicules et plus - collisions multiples,,,,,,,,,,,1,1,3,1.0,5.0
201800013425,0018-07-09 18:25:00,18,7,9,18,25,500,364,,49.13792,-1.47093,Plein jour,Hors agglomération,Intersection en X,Temps éblouissant,Deux véhicules - côté,,,,,,,,,,,1,1,2,7.0,3.0
201800013426,0018-07-12 18:00:00,18,7,12,18,0,500,481,RD 650,49.23845,-1.61788,Plein jour,Hors agglomération,Intersection en X,Normale,Deux véhicules - côté,,,,,,,,,,,1,1,2,1.0,3.0
201800013427,0018-07-26 18:25:00,18,7,26,18,25,500,550,rue lastelle,49.1272,-1.40803,Plein jour,En agglomération,Hors intersection,Normale,Autre collision,,,,,,,,,,,1,2,1,1.0,6.0
201800013428,0018-08-01 08:10:00,18,8,1,8,10,500,198,les landes,49.12892,-1.52089,Plein jour,Hors agglomération,Hors intersection,Normale,Deux véhicules - côté,,,,,,,,,,,1,1,1,1.0,3.0
201800013429,0018-08-04 05:00:00,18,8,4,5,0,500,267,RD900,49.21121,-1.51077,Nuit avec éclairage allumé,Hors agglomération,Hors intersection,Normale,Deux véhicules - frontale,,,,,,,,,,,5,1,1,1.0,1.0
201800013430,0018-08-27 15:45:00,18,8,27,15,45,500,403,,49.15264,-1.51079,Plein jour,Hors agglomération,Hors intersection,Normale,Deux véhicules - frontale,,,,,,,,,,,1,1,1,1.0,1.0