accident_id,datetime,annee,mois,jour,heure,minute,departement,commune_insee,adresse,latitude,longitude,luminosite,agglomeration,intersection,meteo,collision,nb_vehicules,nb_usagers,nb_indemnes,nb_tues,nb_blesses_hosp,nb_blesses_legers,age_cond_1,age_cond_2,veh_type_cond_1,veh_type_cond_2,lum_code,agg_code,int_code,atm_code,col_code
201800013431,0018-08-29 16:45:00,18,8,29,16,45,500,364,D2,49.13537,-1.50504,Plein jour,Hors agglomération,Hors intersection,Normale,Trois véhicules et plus - collisions multiples,,,,,,,,,,,1,1,1,1.0,5.0
201800013432,0018-09-17 07:16:00,18,9,17,7,16,500,181,3 Le Bourg,49.15124,-1.32042,Crépuscule ou aube,En agglomération,Hors intersection,Normale,Autre collision,,,,,,,,,,,2,2,1,1.0,6.0
201800013433,0018-10-19 10:35:00,18,10,19,10,35,500,403,route départementale D65,49.16785,-1.58903,Plein jour,Hors agglomération,Giratoire,Normale,Trois véhicules et plus - en chaîne,,,,,,,,,,,1,1,6,1.0,4.0
201800013434,0018-10-21 14:10:00,18,10,21,14,10,500,236,Place du Général de Gaul,49.29015,-1.54367,Plein jour,En agglomération,Hors intersection,Normale,Autre collision,,,,,,,,,,,1,2,1,1.0,6.0
201800013435,0018-12-31 16:50:00,18,12,31,16,50,500,160,D903,49.32305,-1.63581,Crépuscule ou aube,Hors agglomération,Hors intersection,Normale,Sans collision,,,,,,,,,,,2,1,1,1.0,7.0
201800013436,0018-11-07 13:56:00,18,11,7,13,56,500,166,,49.33801,-1.5331,Plein jour,Hors agglomération,Intersection en X,Normale,Deux véhicules - côté,,,,,,,,,,,1,1,2,1.0,3.0
201800013437,0018-05-19 05:15:00,18,5,19,5,15,50,59,"Lieu-dit ""la selle""",44.54928,6.02425,Crépuscule ou aube,Hors agglomération,Hors intersection,Normale,Autre collision,,,,,,,,,,,2,1,1,1.0,6.0
201800013438,0018-05-25 17:45:00,18,5,25,17,45,50,37,D45 lieu-dit Fifre,44.48098,6.05169,Plein jour,Hors agglomération,Hors intersection,Normale,Deux véhicules - côté,,,,,,,,,,,1,1,1,1.0,3.0
201800013439,0018-07-13 20:45:00,18,7,13,20,45,50,59,lieu dit la selle,44.54956,6.02472,Plein jour,Hors agglomération,Hors intersection,Normale,Trois véhicules et plus - collisions multiples,,,,,,,,,,,1,1,1,1.0,5.0
201800013440,0018-08-14 09:45:00,18,8,14,9,45,50,59,237 la basse Freissinous,44.52786,6.00975,Plein jour,Hors agglomération,Intersection en X,Normale,Deux véhicules - côté,,,,,,,,,,,1,1,2,1.0,3.0
201800013441,0018-10-10 12:00:00,18,10,10,12,0,50,22,"Pk 2+800, Départementale",44.44132,6.20401,Plein jour,Hors agglomération,Hors intersection,Normale,Sans collision,,,,,,,,,,,1,1,1,1.0,7.0
201800013442,0018-10-10 13:50:00,18,10,10,13,50,50,184,RD20 La pièce,44.40661,5.95495,Plein jour,Hors agglomération,Intersection en X,Pluie légère,Deux véhicules - frontale,,,,,,,,,,,1,1,2,2.0,1.0
201800013443,0018-02-28 16:20:00,18,2,28,16,20,50,9,"RAMPE DU MOTTY, LE MOTTY",44.79849,5.97517,Plein jour,Hors agglomération,Hors intersection,Neige / grêle,Autre collision,,,,,,,,,,,1,1,1,4.0,6.0
201800013444,0018-03-17 06:30:00,18,3,17,6,30,50,142,RN 85,44.7745,6.01775,Crépuscule ou aube,Hors agglomération,Hors intersection,Neige / grêle,Sans collision,,,,,,,,,,,2,1,1,4.0,7.0
201800013445,0018-05-05 16:00:00,18,5,5,16,0,50,56,Lieu-dit MANSE - RD 13,44.61815,6.1422,Plein jour,Hors agglomération,Hors intersection,Normale,Autre collision,,,,,,,,,,,1,1,1,1.0,6.0
201800013446,0018-05-26 23:05:00,18,5,26,23,5,50,142,RN85 Hameau La Trinité,44.77855,5.98535,Nuit sans éclairage public,Hors agglomération,Hors intersection,Pluie légère,Autre collision,,,,,,,,,,,3,1,1,2.0,6.0
201800013447,0018-05-29 16:47:00,18,5,29,16,47,50,9,RN85,44.79521,5.97745,Plein jour,Hors agglomération,Hors intersection,Pluie légère,Autre collision,,,,,,,,,,,1,1,1,2.0,6.0
201800013448,0018-07-01 17:25:00,18,7,1,17,25,50,72,RN 85,44.62818,6.08385,Plein jour,Hors agglomération,Hors intersection,Normale,Trois véhicules et plus - collisions multiples,,,,,,,,,,,1,1,1,1.0,5.0
201800013449,0018-07-14 22:21:00,18,7,14,22,21,50,132,Route des Combes,44.68294,6.16507,Nuit sans éclairage public,Hors agglomération,Hors intersection,Normale,Sans collision,,,,,,,,,,,3,1,1,1.0,7.0
201800013450,0018-07-22 04:45:00,18,7,22,4,45,50,153,la villette,44.67587,6.16282,Nuit avec éclairage allumé,En agglomération,Intersection en T,Normale,Autre collision,,,,,,,,,,,5,2,3,1.0,6.0
201800013451,0018-08-25 10:20:00,18,8,25,10,20,50,142,LE MOTTY,44.80533,5.95635,Plein jour,Hors agglomération,Hors intersection,Normale,Autre collision,,,,,,,,,,,1,1,1,1.0,6.0
201800013452,0018-08-31 12:00:00,18,8,31,12,0,50,149,PK 13 D13,44.64794,6.2052,Plein jour,Hors agglomération,Hors intersection,Normale,Sans collision,,,,,,,,,,,1,1,1,1.0,7.0
201800013453,0018-09-21 17:50:00,18,9,21,17,50,50,132,Les Alliberts,44.68745,6.09174,Plein jour,Hors agglomération,Hors intersection,Normale,Autre collision,,,,,,,,,,,1,1,1,1.0,6.0
201800013454,0018-11-11 17:45:00,18,11,11,17,45,50,39,lieu dit les herbeys,44.76655,6.01814,Nuit sans éclairage public,Hors agglomération,Hors intersection,Normale,Autre collision,,,,,,,,,,,3,1,1,1.0,6.0
201800013455,0018-11-17 16:45:00,18,11,17,16,45,50,54,D17A,44.6647,6.06174,Plein jour,Hors agglomération,Hors intersection,Temps couvert,Sans collision,,,,,,,,,,,1,1,1,8.0,7.0
201800013456,0018-12-16 09:15:00,18,12,16,9,15,50,25,lieu-dit les Meuniers -,44.6507,6.1483,Plein jour,En agglomération,Hors intersection,Temps couvert,Autre collision,,,,,,,,,,,1,2,1,8.0,6.0
201800013457,0018-12-29 18:50:00,18,12,29,18,50,50,147,D945,44.66303,6.10659,Nuit sans éclairage public,Hors agglomération,Hors intersection,Normale,Autre collision,,,,,,,,,,,3,1,1,1.0,6.0
201800013458,0018-01-11 07:45:00,18,1,11,7,45,50,99,d994,44.51371,5.78228,Crépuscule ou aube,Hors agglomération,Hors intersection,Brouillard / fumée,Sans collision,,,,,,,,,,,2,1,1,5.0,7.0
201800013459,0018-02-28 13:50:00,18,2,28,13,50,50,123,RD994,44.56191,5.91844,Plein jour,Hors agglomération,Intersection en T,Neige / grêle,Deux véhicules - frontale,,,,,,,,,,,1,1,3,4.0,1.0
201800013460,0018-04-14 16:40:00,18,4,14,16,40,50,28,D48- lieu dit AURILLAC,44.47605,5.78317,Plein jour,Hors agglomération,Hors intersection,Normale,Autre collision,,,,,,,,,,,1,1,1,1.0,6.0
201800013461,0018-05-25 18:00:00,18,5,25,18,0,50,123,La Plaine,44.56184,5.92136,Plein jour,Hors agglomération,Intersection en X,Normale,Autre collision,,,,,,,,,,,1,1,2,1.0,6.0
201800013462,0018-07-03 08:30:00,18,7,3,8,30,50,179,AVENUE COMMANDANT DUMONT,44.53453,5.82648,Plein jour,En agglomération,Intersection en X,Normale,Deux véhicules - côté,,,,,,,,,,,1,2,2,1.0,3.0
201800013463,0018-07-15 12:00:00,18,7,15,12,0,50,146,D1075,44.61944,5.70286,Plein jour,Hors agglomération,Intersection en T,Normale,Deux véhicules - côté,,,,,,,,,,,1,1,3,1.0,3.0
201800013464,0018-07-21 21:30:00,18,7,21,21,30,50,55,Chemin de la Longeagne,44.54601,5.72879,Nuit sans éclairage public,Hors agglomération,Hors intersection,Normale,Deux véhicules - frontale,,,,,,,,,,,3,1,1,1.0,1.0
201800013465,0018-07-30 18:00:00,18,7,30,18,0,50,139,RD 17,44.59848,5.87435,Plein jour,En agglomération,Hors intersection,Normale,Autre collision,,,,,,,,,,,1,2,1,1.0,6.0
201800013466,0018-09-07 13:55:00,18,9,7,13,55,50,87,RD994,44.56028,5.8861,Plein jour,Hors agglomération,Hors intersection,Normale,Trois véhicules et plus - en chaîne,,,,,,,,,,,1,1,1,1.0,4.0
201800013467,0018-09-26 17:50:00,18,9,26,17,50,50,179,avenue cdt dumont,44.53594,5.82956,Plein jour,En agglomération,Intersection en Y,Normale,Deux véhicules - côté,,,,,,,,,,,1,2,4,1.0,3.0
201800013468,0018-11-03 05:30:00,18,11,3,5,30,50,179,avenue du commandant Dum,44.53318,5.82174,Crépuscule ou aube,En agglomération,Intersection en Y,Normale,Autre collision,,,,,,,,,,,2,2,4,1.0,6.0
201800013469,0018-12-11 20:00:00,18,12,11,20,0,50,179,route départementale 994,44.52178,5.79843,Nuit sans éclairage public,Hors agglomération,Hors intersection,Normale,Autre collision,,,,,,,,,,,3,1,1,1.0,6.0
201800013470,0018-12-22 17:10:00,18,12,22,17,10,50,55,D1075,44.56714,5.74596,Crépuscule ou aube,Hors agglomération,Hors intersection,Normale,Deux véhicules - frontale,,,,,,,,,,,2,1,1,1.0,1.0
201800013471,0018-02-09 22:45:00,18,2,9,22,45,50,11,"rd942, la plaine, PK052.",44.54717,6.19961,Nuit sans éclairage public,Hors agglomération,Hors intersection,Normale,Autre collision,,,,,,,,,,,3,1,1,1.0,6.0
201800013472,0018-02-15 00:05:00,18,2,15,0,5,50,124,RN 94 lieu dit le Plan,44.57719,6.1546,Nuit sans éclairage public,Hors agglomération,Hors intersection,Normale,Sans collision,,,,,,,,,,,3,1,1,1.0,7.0
201800013473,0018-04-26 15:50:00,18,4,26,15,50,50,11,D942,44.54056,6.1933,Plein jour,Hors agglomération,Hors intersection,Normale,Sans collision,,,,,,,,,,,1,1,1,1.0,7.0
201800013474,0018-05-20 14:00:00,18,5,20,14,0,50,40,"RN94, pk 088.091",44.54073,6.28652,Plein jour,Hors agglomération,Hors intersection,Pluie légère,Deux véhicules - arrière,,,,,,,,,,,1,1,1,2.0,2.0
201800013475,0018-05-30 17:55:00,18,5,30,17,55,50,84,La Montgardine,44.55714,6.23477,Plein jour,Hors agglomération,Intersection en X,Temps couvert,Deux véhicules - côté,,,,,,,,,,,1,1,2,8.0,3.0
201800013476,0018-06-25 11:30:00,18,6,25,11,30,50,140,RD 942,44.50458,6.1593,Plein jour,Hors agglomération,Hors intersection,Normale,Trois véhicules et plus - collisions multiples,,,,,,,,,,,1,1,1,1.0,5.0
201800013477,0018-06-30 17:30:00,18,6,30,17,30,50,17,"RN94, PK 81+280",44.56105,6.21113,Plein jour,Hors agglomération,Intersection en T,Normale,Trois véhicules et plus - collisions multiples,,,,,,,,,,,1,1,3,1.0,5.0
201800013478,0018-07-04 19:30:00,18,7,4,19,30,50,40,RD3 PR 001+230,44.53193,6.28525,Plein jour,Hors agglomération,Hors intersection,Normale,Trois véhicules et plus - collisions multiples,,,,,,,,,,,1,1,1,1.0,5.0
201800013479,0018-07-14 10:50:00,18,7,14,10,50,50,40,RN 94 PK 85+735,44.54972,6.26295,Plein jour,Hors agglomération,Hors intersection,Normale,Trois véhicules et plus - collisions multiples,,,,,,,,,,,1,1,1,1.0,5.0
201800013480,0018-08-16 08:10:00,18,8,16,8,10,50,124,Lieu dit les Guerins,44.59707,6.14866,Plein jour,Hors agglomération,Hors intersection,Normale,Sans collision,,,,,,,,,,,1,1,1,1.0,7.0
201800013481,0018-09-08 20:10:00,18,9,8,20,10,50,17,N94,44.56342,6.19662,Nuit sans éclairage public,Hors agglomération,Intersection en T,Normale,Deux véhicules - côté,,,,,,,,,,,3,1,3,1.0,3.0
201800013482,0018-09-22 14:30:00,18,9,22,14,30,50,17,intersection rue de l'ay,44.5652,6.20105,Plein jour,En agglomération,Intersection en T,Normale,Deux véhicules - côté,,,,,,,,,,,1,2,3,1.0,3.0
201800013483,0018-10-07 14:20:00,18,10,7,14,20,50,40,Aire de repos d'aiguebel,44.53838,6.29149,Plein jour,Hors agglomération,Hors intersection,Normale,Autre collision,,,,,,,,,,,1,1,1,1.0,6.0
201800013484,0018-10-13 09:20:00,18,10,13,9,20,50,40,avenue des martyrs,44.54651,6.27166,Plein jour,En agglomération,Giratoire,Normale,Autre collision,,,,,,,,,,,1,2,6,1.0,6.0
201800013485,0018-12-16 09:15:00,18,12,16,9,15,50,40,za la grande ile N94,44.55066,6.26016,Plein jour,Hors agglomération,Hors intersection,Neige / grêle,Deux véhicules - frontale,,,,,,,,,,,1,1,1,4.0,1.0
201800013486,0018-01-01 14:20:00,18,1,1,14,20,50,46,route nationale 94,44.55399,6.50094,Plein jour,Hors agglomération,Hors intersection,Normale,Deux véhicules - frontale,,,,,,,,,,,1,1,1,1.0,1.0
201800013487,0018-02-05 09:15:00,18,2,5,9,15,50,36,RN 94,44.62589,6.54388,Plein jour,Hors agglomération,Hors intersection,Temps couvert,Sans collision,,,,,,,,,,,1,1,1,8.0,7.0
201800013488,0018-03-12 14:35:00,18,3,12,14,35,50,36,PR 122 +0391 RN94,44.63222,6.55977,Plein jour,Hors agglomération,Hors intersection,Pluie légère,Autre collision,,,,,,,,,,,1,1,1,2.0,6.0
201800013489,0018-03-25 16:45:00,18,3,25,16,45,50,46,RD994H,44.55644,6.48318,Plein jour,En agglomération,Hors intersection,Normale,Deux véhicules - frontale,,,,,,,,,,,1,2,1,1.0,1.0
201800013490,0018-05-10 11:45:00,18,5,10,11,45,50,164,RN 94,44.52664,6.41649,Plein jour,Hors agglomération,Hors intersection,Normale,Deux véhicules - côté,,,,,,,,,,,1,1,1,1.0,3.0
201800013491,0018-05-20 02:50:00,18,5,20,2,50,50,46,route de vachère - torre,44.55163,6.49397,Nuit sans éclairage public,Hors agglomération,Hors intersection,Normale,Sans collision,,,,,,,,,,,3,1,1,1.0,7.0
201800013492,0018-07-03 17:15:00,18,7,3,17,15,50,46,D994H,44.56118,6.48867,Plein jour,En agglomération,Hors intersection,Normale,Autre collision,,,,,,,,,,,1,2,1,1.0,6.0
201800013493,0018-07-29 22:25:00,18,7,29,22,25,50,46,boulevard Pasteur,44.56437,6.49364,Nuit avec éclairage allumé,En agglomération,Hors intersection,Normale,Deux véhicules - côté,,,,,,,,,,,5,2,1,1.0,3.0
201800013494,0018-08-03 16:54:00,18,8,3,16,54,50,98,Chemin piéton au niveau,44.49449,6.55367,Plein jour,En agglomération,Hors intersection,Normale,Autre collision,,,,,,,,,,,1,2,1,1.0,6.0
201800013495,0018-08-16 14:15:00,18,8,16,14,15,50,108,RD 641,44.54413,6.41191,Plein jour,Hors agglomération,Hors intersection,Normale,Sans collision,,,,,,,,,,,1,1,1,1.0,7.0
201800013496,0018-08-23 09:00:00,18,8,23,9,0,50,46,RD 994,44.58057,6.47571,Plein jour,Hors agglomération,Hors intersection,Normale,Autre collision,,,,,,,,,,,1,1,1,1.0,6.0
201800013497,0018-08-24 16:55:00,18,8,24,16,55,50,45,"RN 94, Plage les Eaux Do",44.52973,6.42843,Plein jour,Hors agglomération,Hors intersection,Normale,Deux véhicules - arrière,,,,,,,,,,,1,1,1,1.0,2.0
201800013498,0018-09-18 08:30:00,18,9,18,8,30,50,46,avenue Justin Gras,44.5605,6.48813,Plein jour,En agglomération,Hors intersection,Temps éblouissant,Trois véhicules et plus - collisions multiples,,,,,,,,,,,1,2,1,7.0,5.0
201800013499,0018-10-12 15:50:00,18,10,12,15,50,50,46,la clapière N2094,44.551,6.48443,Plein jour,En agglomération,Hors intersection,Normale,Deux véhicules - arrière,,,,,,,,,,,1,2,1,1.0,2.0
201800013500,0018-04-17 19:00:00,18,4,17,19,0,140,34,RD 36,49.10025,-0.45897,Plein jour,En agglomération,Intersection en X,Normale,Deux véhicules - côté,,,,,,,,,,,1,2,2,1.0,3.0
201800013501,0018-05-09 16:10:00,18,5,9,16,10,140,157,ROUTE DEPARTEMENTALE 9,49.17559,-0.52585,Plein jour,Hors agglomération,Hors intersection,Normale,Deux véhicules - côté,,,,,,,,,,,1,1,1,1.0,3.0
201800013502,0018-10-25 17:17:00,18,10,25,17,17,140,249,Intersection rue de la,49.11297,-0.4722,Plein jour,En agglomération,Intersection en X,Normale,Deux véhicules - côté,,,,,,,,,,,1,2,2,1.0,3.0
201800013503,0018-12-11 19:00:00,18,12,11,19,0,140,747,intersection RD36/RD89,49.10886,-0.45288,Nuit sans éclairage public,Hors agglomération,Intersection en X,Normale,Deux véhicules - côté,,,,,,,,,,,3,1,2,1.0,3.0
201800013504,0018-01-27 21:10:00,18,1,27,21,10,140,711,CD 30,49.3157,-0.90199,Nuit sans éclairage public,Hors agglomération,Hors intersection,Pluie légère,Sans collision,,,,,,,,,,,3,1,1,2.0,7.0
201800013505,0018-02-24 16:00:00,18,2,24,16,0,140,209,LIEU-DIT LE MONT FLAMBÉ,49.27,-0.82217,Plein jour,Hors agglomération,Hors intersection,Normale,Autre collision,,,,,,,,,,,1,1,1,1.0,6.0
201800013506,0018-03-17 16:34:00,18,3,17,16,34,140,107,D5-D29,49.2862,-0.9587,Plein jour,En agglomération,Intersection en X,Normale,Deux véhicules - côté,,,,,,,,,,,1,2,2,1.0,3.0
201800013507,0018-03-23 20:40:00,18,3,23,20,40,140,480,LIEU-DIT CAPART,49.3222,-1.09222,Nuit avec éclairage allumé,Hors agglomération,Giratoire,Pluie forte,Deux véhicules - frontale,,,,,,,,,,,5,1,6,3.0,1.0
201800013508,0018-04-03 08:30:00,18,4,3,8,30,140,711,rue de la Barre - CD 30,49.31917,-0.90181,Plein jour,Hors agglomération,Hors intersection,Normale,Deux véhicules - frontale,,,,,,,,,,,1,1,1,1.0,1.0
201800013509,0018-05-07 17:50:00,18,5,7,17,50,140,35,129 Rue des Forges,49.18406,-0.84573,Plein jour,En agglomération,Autre intersection,Normale,Deux véhicules - frontale,,,,,,,,,,,1,2,9,1.0,1.0
201800013510,0018-06-07 16:20:00,18,6,7,16,20,140,342,06 rue de Littry,49.31487,-1.10066,Plein jour,En agglomération,Hors intersection,Pluie légère,Autre collision,,,,,,,,,,,1,2,1,2.0,6.0
201800013511,0018-06-11 18:07:00,18,6,11,18,7,140,716,CD 13 LA BELLE  EPINE,49.18129,-0.71939,Plein jour,Hors agglomération,Intersection en X,Normale,Deux véhicules - côté,,,,,,,,,,,1,1,2,1.0,3.0
201800013512,0018-06-24 02:50:00,18,6,24,2,50,140,745,05 route de port,49.36611,-0.89332,Nuit sans éclairage public,En agglomération,Hors intersection,Normale,Autre collision,,,,,,,,,,,3,2,1,1.0,6.0
201800013513,0018-06-23 19:45:00,18,6,23,19,45,140,705,Le picard,49.23094,-0.9337,Plein jour,Hors agglomération,Hors intersection,Normale,Sans collision,,,,,,,,,,,1,1,1,1.0,7.0
201800013514,0018-06-24 22:10:00,18,6,24,22,10,140,480,LES HAUTS VENTS,49.33504,-1.06065,Crépuscule ou aube,Hors agglomération,Hors intersection,Normale,Sans collision,,,,,,,,,,,2,1,1,1.0,7.0
201800013515,0018-07-03 10:05:00,18,7,3,10,5,140,121,Lieu-dit L'ÉGLISE,49.15785,-0.76,Plein jour,En agglomération,Hors intersection,Normale,Deux véhicules - frontale,,,,,,,,,,,1,2,1,1.0,1.0
201800013516,0018-07-05 01:00:00,18,7,5,1,0,140,714,RD 572,49.21359,-0.80767,Nuit avec éclairage non allumé,Hors agglomération,Hors intersection,Normale,Deux véhicules - arrière,,,,,,,,,,,4,1,1,1.0,2.0
201800013517,0018-07-09 11:10:00,18,7,9,11,10,140,605,17 RUE DE LA LIBERATION,49.36776,-0.88131,Plein jour,En agglomération,Hors intersection,Normale,Deux véhicules - frontale,,,,,,,,,,,1,2,1,1.0,1.0
201800013518,0018-07-09 22:30:00,18,7,9,22,30,140,204,7 la pointe du hoc,49.39138,-0.99046,Nuit sans éclairage public,Hors agglomération,Hors intersection,Normale,Sans collision,,,,,,,,,,,3,1,1,1.0,7.0
201800013519,0018-08-19 04:05:00,18,8,19,4,5,140,342,36 rue de littry,49.31316,-1.09997,Nuit avec éclairage allumé,En agglomération,Hors intersection,Normale,Autre collision,,,,,,,,,,,5,2,1,1.0,6.0
201800013520,0018-09-11 13:30:00,18,9,11,13,30,140,652,D514,49.38735,-0.97399,Plein jour,Hors agglomération,Hors intersection,Normale,Sans collision,,,,,,,,,,,1,1,1,1.0,7.0
201800013521,0018-09-13 17:00:00,18,9,13,17,0,140,256,le hameau becquet,49.32024,-0.79424,Plein jour,En agglomération,Hors intersection,Normale,Autre collision,,,,,,,,,,,1,2,1,1.0,6.0
201800013522,0018-10-13 12:30:00,18,10,13,12,30,140,763,D11 D5,49.29459,-1.05446,Plein jour,Hors agglomération,Intersection en Y,Normale,Autre collision,,,,,,,,,,,1,1,4,1.0,6.0
201800013523,0018-10-23 14:30:00,18,10,23,14,30,140,705,CD15,49.23259,-0.93577,Plein jour,En agglomération,Hors intersection,Normale,Deux véhicules - frontale,,,,,,,,,,,1,2,1,1.0,1.0
201800013524,0018-10-27 10:15:00,18,10,27,10,15,140,397,CD29 - DOUVILLE,49.30851,-0.84862,Plein jour,Hors agglomération,Hors intersection,Normale,Autre collision,,,,,,,,,,,1,1,1,1.0,6.0
201800013525,0018-11-03 13:40:00,18,11,3,13,40,140,342,2 rue Emile Demagny,49.31688,-1.10285,Plein jour,En agglomération,Intersection en X,Normale,Deux véhicules - côté,,,,,,,,,,,1,2,2,1.0,3.0
201800013526,0018-12-04 19:35:00,18,12,4,19,35,140,445,D13,49.18516,-0.85481,Nuit sans éclairage public,Hors agglomération,Hors intersection,Pluie légère,Autre collision,,,,,,,,,,,3,1,1,2.0,6.0
201800013527,0018-12-16 09:30:00,18,12,16,9,30,140,342,rue lazare carnot,49.31852,-1.09978,Plein jour,En agglomération,Intersection en X,Normale,Autre collision,,,,,,,,,,,1,2,2,1.0,6.0
201800013528,0018-02-19 14:20:00,18,2,19,14,20,140,515,RUE DE BAYEUX,49.3445,-0.75525,Plein jour,En agglomération,Hors intersection,Temps couvert,Autre collision,,,,,,,,,,,1,2,1,8.0,6.0
201800013529,0018-04-01 11:00:00,18,4,1,11,0,140,676,Rue des alliés,49.29372,-0.64546,Plein jour,En agglomération,Hors intersection,Normale,Autre collision,,,,,,,,,,,1,2,1,1.0,6.0
201800013530,0018-04-02 10:15:00,18,4,2,10,15,140,196,D65,49.31082,-0.54686,Plein jour,En agglomération,Hors intersection,Temps couvert,Deux véhicules - frontale,,,,,,,,,,,1,2,1,8.0,1.0
201800013531,0018-04-06 21:00:00,18,4,6,21,0,140,200,lieu dit le creullet,49.28935,-0.5423,Nuit sans éclairage public,Hors agglomération,Hors intersection,Normale,Sans collision,,,,,,,,,,,3,1,1,1.0,7.0
201800013532,0018-04-14 17:15:00,18,4,14,17,15,140,191,Route Anglaise,49.32322,-0.45201,Plein jour,En agglomération,Hors intersection,Pluie forte,Sans collision,,,,,,,,,,,1,2,1,3.0,7.0
201800013533,0018-05-15 11:05:00,18,5,15,11,5,140,49,Carrefour  D112 / D87,49.30239,-0.60357,Plein jour,Hors agglomération,Intersection en X,Normale,Deux véhicules - côté,,,,,,,,,,,1,1,2,1.0,3.0
201800013534,0018-06-08 16:45:00,18,6,8,16,45,140,200,CARREFOUR    D93/D35,49.28034,-0.53466,Plein jour,Hors agglomération,Intersection en X,Normale,Deux véhicules - côté,,,,,,,,,,,1,1,2,1.0,3.0
201800013535,0018-07-09 18:20:00,18,7,9,18,20,140,62,D141,49.27286,-0.4464,Crépuscule ou aube,Hors agglomération,Hors intersection,Temps éblouissant,Autre collision,,,,,,,,,,,2,1,1,7.0,6.0
201800013536,0018-07-23 17:00:00,18,7,23,17,0,140,565,rue du flouet,49.33902,-0.60149,Plein jour,En agglomération,Intersection en Y,Normale,Deux véhicules - côté,,,,,,,,,,,1,2,4,1.0,3.0
201800013537,0018-09-29 15:30:00,18,9,29,15,30,140,577,D82,49.26871,-0.55855,Plein jour,Hors agglomération,Intersection en X,Normale,Deux véhicules - côté,,,,,,,,,,,1,1,2,1.0,3.0
201800013538,0018-10-25 21:10:00,18,10,25,21,10,140,355,Lieu-dit Pierrepont,49.27287,-0.49374,Nuit sans éclairage public,Hors agglomération,Hors intersection,Normale,Sans collision,,,,,,,,,,,3,1,1,1.0,7.0
201800013539,0018-10-26 14:45:00,18,10,26,14,45,140,196,D65,49.31009,-0.54691,Plein jour,Hors agglomération,Hors intersection,Pluie légère,Deux véhicules - arrière,,,,,,,,,,,1,1,1,2.0,2.0
201800013540,0018-11-06 09:15:00,18,11,6,9,15,140,377,route des monts,49.33142,-0.71056,Plein jour,Hors agglomération,Hors intersection,Normale,Sans collision,,,,,,,,,,,1,1,1,1.0,7.0
201800013541,0018-12-14 19:20:00,18,12,14,19,20,140,200,D93-D35,49.28032,-0.53449,Nuit avec éclairage allumé,Hors agglomération,Intersection en X,Normale,Deux véhicules - côté,,,,,,,,,,,5,1,2,1.0,3.0
201800013542,0018-12-15 09:00:00,18,12,15,9,0,140,21,route de ryes,49.33732,-0.62293,Plein jour,En agglomération,Hors intersection,Pluie forte,Autre collision,,,,,,,,,,,1,2,1,3.0,6.0
201800013543,0018-12-28 21:00:00,18,12,28,21,0,140,400,Intersection D12 D127,49.28662,-0.60678,Nuit sans éclairage public,Hors agglomération,Intersection en T,Brouillard / fumée,Deux véhicules - côté,,,,,,,,,,,3,1,3,5.0,3.0
201800013544,0018-01-04 17:50:00,18,1,4,17,50,140,752,RUE D'AUNAY,49.07968,-0.65944,Nuit avec éclairage allumé,En agglomération,Hors intersection,Pluie légère,Autre collision,,,,,,,,,,,5,2,1,2.0,6.0
201800013545,0018-01-31 17:25:00,18,1,31,17,25,140,282,LA CARBONNIERE,49.1395,-0.80185,Crépuscule ou aube,Hors agglomération,Intersection en X,Pluie légère,Deux véhicules - côté,,,,,,,,,,,2,1,2,2.0,3.0
201800013546,0018-03-11 17:25:00,18,3,11,17,25,140,143,ROUTE DE TORIGNI,49.0883,-0.81574,Crépuscule ou aube,En agglomération,Hors intersection,Temps éblouissant,Deux véhicules - arrière,,,,,,,,,,,2,2,1,7.0,2.0
201800013547,0018-03-30 16:25:00,18,3,30,16,25,140,449,LIEU DIT ESTIMANVILLE,49.1173,-0.6095,Plein jour,Hors agglomération,Hors intersection,Normale,Autre collision,,,,,,,,,,,1,1,1,1.0,6.0
201800013548,0018-04-17 07:20:00,18,4,17,7,20,140,353,RD 8,49.08003,-0.55578,Plein jour,Hors agglomération,Hors intersection,Normale,Autre collision,,,,,,,,,,,1,1,1,1.0,6.0
201800013549,0018-05-14 08:35:00,18,5,14,8,35,140,702,Voie communale n° 7,49.10401,-0.58439,Plein jour,Hors agglomération,Hors intersection,Normale,Deux véhicules - frontale,,,,,,,,,,,1,1,1,1.0,1.0
201800013550,0018-06-20 16:10:00,18,6,20,16,10,140,111,le haut but,49.18293,-0.63074,Plein jour,Hors agglomération,Hors intersection,Normale,Deux véhicules - côté,,,,,,,,,,,1,1,1,1.0,3.0
201800013551,0018-07-04 11:05:00,18,7,4,11,5,140,278,D217,49.1752,-0.58175,Plein jour,Hors agglomération,Hors intersection,Normale,Deux véhicules - côté,,,,,,,,,,,1,1,1,1.0,3.0
201800013552,0018-07-08 19:00:00,18,7,8,19,0,140,695,D9,49.13104,-0.73095,Plein jour,Hors agglomération,Hors intersection,Normale,Sans collision,,,,,,,,,,,1,1,1,1.0,7.0