accident_id,datetime,annee,mois,jour,heure,minute,departement,commune_insee,adresse,latitude,longitude,luminosite,agglomeration,intersection,meteo,collision,nb_vehicules,nb_usagers,nb_indemnes,nb_tues,nb_blesses_hosp,nb_blesses_legers,age_cond_1,age_cond_2,veh_type_cond_1,veh_type_cond_2,lum_code,agg_code,int_code,atm_code,col_code
201800013553,0018-07-19 21:00:00,18,7,19,21,0,140,702,D83,49.10143,-0.58389,Plein jour,Hors agglomération,Hors intersection,Normale,Sans collision,,,,,,,,,,,1,1,1,1.0,7.0
201800013554,0018-08-16 15:55:00,18,8,16,15,55,140,752,ROUTE D'AUNAY RD6,49.07573,-0.65916,Plein jour,En agglomération,Hors intersection,Normale,Autre collision,,,,,,,,,,,1,2,1,1.0,6.0
201800013555,0018-08-21 19:15:00,18,8,21,19,15,140,364,D13,49.17644,-0.68376,Plein jour,Hors agglomération,Intersection en X,Normale,Deux véhicules - côté,,,,,,,,,,,1,1,2,1.0,3.0
201800013556,0018-09-09 00:01:00,18,9,9,0,1,140,353,D8,49.07274,-0.56724,Nuit sans éclairage public,Hors agglomération,Hors intersection,Normale,Autre collision,,,,,,,,,,,3,1,1,1.0,6.0
201800013557,0018-09-11 17:15:00,18,9,11,17,15,140,7,lieu dit saint germain,49.08059,-0.706,Plein jour,En agglomération,Hors intersection,Normale,Sans collision,,,,,,,,,,,1,2,1,1.0,7.0
201800013558,0018-09-28 18:00:00,18,9,28,18,0,140,596,LE  BOURG,49.04518,-0.83757,Plein jour,En agglomération,Intersection en T,Normale,Deux véhicules - côté,,,,,,,,,,,1,2,3,1.0,3.0
201800013559,0018-09-30 02:45:00,18,9,30,2,45,140,278,Route de Caen,49.17138,-0.56026,Nuit sans éclairage public,Hors agglomération,Hors intersection,Normale,Autre collision,,,,,,,,,,,3,1,1,1.0,6.0
201800013560,0018-10-01 16:50:00,18,10,1,16,50,140,692,rue du 18 juin 1944,49.17273,-0.63042,Plein jour,En agglomération,Hors intersection,Normale,Deux véhicules - côté,,,,,,,,,,,1,2,1,1.0,3.0
201800013561,0018-11-15 16:10:00,18,11,15,16,10,140,475,D 675  Route de Bretagne,49.11868,-0.57122,Plein jour,En agglomération,Intersection en T,Normale,Deux véhicules - côté,,,,,,,,,,,1,2,3,1.0,3.0
201800013562,0018-12-26 14:30:00,18,12,26,14,30,140,11,D9,49.10823,-0.77593,Plein jour,Hors agglomération,Hors intersection,Normale,Deux véhicules - côté,,,,,,,,,,,1,1,1,1.0,3.0
201800013563,0018-01-14 11:00:00,18,1,14,11,0,140,514,RUE SAINT MÉLAINE,,,Plein jour,En agglomération,Hors intersection,Normale,Autre collision,,,,,,,,,,,1,2,1,1.0,6.0
201800013564,0018-04-04 16:56:00,18,4,4,16,56,140,578,CD579 LE LIEU CHENARD,49.36951,0.21346,Plein jour,Hors agglomération,Hors intersection,Normale,Trois véhicules et plus - collisions multiples,,,,,,,,,,,1,1,1,1.0,5.0
201800013565,0018-05-19 17:50:00,18,5,19,17,50,140,578,Carrefour de la Vierge,49.35538,0.17091,Plein jour,Hors agglomération,Intersection en X,Normale,Sans collision,,,,,,,,,,,1,1,2,1.0,7.0
201800013566,0018-06-07 22:15:00,18,6,7,22,15,140,514,Rue Saint-Michel,49.28593,0.18491,Crépuscule ou aube,En agglomération,Hors intersection,Normale,Autre collision,,,,,,,,,,,2,2,1,1.0,6.0
201800013567,0018-06-13 17:15:00,18,6,13,17,15,140,534,Route Départementale 675,49.27363,0.1692,Plein jour,Hors agglomération,Hors intersection,Normale,Deux véhicules - côté,,,,,,,,,,,1,1,1,1.0,3.0
201800013568,0018-06-13 19:15:00,18,6,13,19,15,140,534,d675,49.26486,0.1497,Plein jour,Hors agglomération,Hors intersection,Normale,Autre collision,,,,,,,,,,,1,1,1,1.0,6.0
201800013569,0018-06-23 01:30:00,18,6,23,1,30,140,500,RD 280 A,49.25594,0.20272,Nuit sans éclairage public,En agglomération,Hors intersection,Normale,Autre collision,,,,,,,,,,,3,2,1,1.0,6.0
201800013570,0018-07-29 01:25:00,18,7,29,1,25,140,620,RD 58,49.30627,0.15013,Nuit sans éclairage public,Hors agglomération,Hors intersection,Temps couvert,Autre collision,,,,,,,,,,,3,1,1,8.0,6.0
201800013571,0018-07-31 00:05:00,18,7,31,0,5,140,86,route de honfleur RD 288,49.33955,0.13471,Nuit sans éclairage public,Hors agglomération,Hors intersection,Normale,Autre collision,,,,,,,,,,,3,1,1,1.0,6.0
201800013572,0018-08-13 19:30:00,18,8,13,19,30,140,85,CD 68 route de Beuzevill,49.27331,0.34498,Plein jour,Hors agglomération,Hors intersection,Normale,Autre collision,,,,,,,,,,,1,1,1,1.0,6.0
201800013573,0018-08-28 20:20:00,18,8,28,20,20,140,161,RD 285,49.2487,0.12052,Crépuscule ou aube,Hors agglomération,Hors intersection,Normale,Deux véhicules - frontale,,,,,,,,,,,2,1,1,1.0,1.0
201800013574,0018-10-03 16:40:00,18,10,3,16,40,140,578,RD  74,49.35541,0.17083,Plein jour,Hors agglomération,Intersection en X,Normale,Deux véhicules - côté,,,,,,,,,,,1,1,2,1.0,3.0
201800013575,0018-12-16 01:00:00,18,12,16,1,0,140,86,CD 677,49.32547,0.12263,Nuit sans éclairage public,En agglomération,Hors intersection,Normale,Deux véhicules - frontale,,,,,,,,,,,3,2,1,1.0,1.0
201800013576,0018-12-19 04:40:00,18,12,19,4,40,140,578,D17,49.33226,0.23523,Nuit sans éclairage public,Hors agglomération,Hors intersection,Pluie légère,Autre collision,,,,,,,,,,,3,1,1,2.0,6.0
201800013577,0018-01-01 11:00:00,18,1,1,11,0,140,494,CD49,49.2613,-0.09444,Plein jour,Hors agglomération,Hors intersection,Temps couvert,Autre collision,,,,,,,,,,,1,1,1,8.0,6.0
201800013578,0018-01-03 10:55:00,18,1,3,10,55,140,754,16 AVENUE DE LA RÉPUBLIQ,49.3245,-0.00309,Plein jour,En agglomération,Hors intersection,Vent fort / tempête,Autre collision,,,,,,,,,,,1,2,1,6.0,6.0
201800013579,0018-04-03 07:45:00,18,4,3,7,45,140,335,D 78,49.17922,-0.07142,Crépuscule ou aube,Hors agglomération,Hors intersection,Temps couvert,Deux véhicules - frontale,,,,,,,,,,,2,1,1,8.0,1.0
201800013580,0018-04-12 07:40:00,18,4,12,7,40,140,494,Intersection D 400-Che,49.26678,-0.10428,Plein jour,Hors agglomération,Intersection en X,Normale,Deux véhicules - côté,,,,,,,,,,,1,1,2,1.0,3.0
201800013581,0018-04-15 22:45:00,18,4,15,22,45,140,305,route départementale 513,49.30063,-0.04045,Nuit sans éclairage public,Hors agglomération,Hors intersection,Pluie légère,Autre collision,,,,,,,,,,,3,1,1,2.0,6.0
201800013582,0018-04-20 16:55:00,18,4,20,16,55,140,494,CD27,49.25639,-0.07709,Plein jour,En agglomération,Hors intersection,Temps éblouissant,Sans collision,,,,,,,,,,,1,2,1,7.0,7.0
201800013583,0018-05-21 17:20:00,18,5,21,17,20,140,126,intersection D613 - D 2,49.12096,0.06859,Plein jour,Hors agglomération,Intersection en T,Normale,Deux véhicules - arrière,,,,,,,,,,,1,1,3,1.0,2.0
201800013584,0018-05-24 16:30:00,18,5,24,16,30,140,754,avenue jean moulin,49.32298,0.01205,Plein jour,En agglomération,Hors intersection,Normale,Deux véhicules - frontale,,,,,,,,,,,1,2,1,1.0,1.0
201800013585,0018-05-27 19:40:00,18,5,27,19,40,140,280,D45,49.21671,0.13512,Plein jour,Hors agglomération,Hors intersection,Normale,Sans collision,,,,,,,,,,,1,1,1,1.0,7.0
201800013586,0018-06-22 16:45:00,18,6,22,16,45,140,231,RD276-Chemin de la Vall,49.21022,0.03124,Plein jour,Hors agglomération,Intersection en Y,Normale,Deux véhicules - côté,,,,,,,,,,,1,1,4,1.0,3.0
201800013587,0018-06-27 18:10:00,18,6,27,18,10,140,316,RD 142,49.26149,-0.04086,Plein jour,Hors agglomération,Hors intersection,Normale,Autre collision,,,,,,,,,,,1,1,1,1.0,6.0
201800013588,0018-07-12 19:20:00,18,7,12,19,20,140,743,Intersection D16  Rue P,49.16562,0.00181,Plein jour,Hors agglomération,Intersection en T,Normale,Deux véhicules - arrière,,,,,,,,,,,1,1,3,1.0,2.0
201800013589,0018-07-15 10:45:00,18,7,15,10,45,140,398,RD 45,49.2069,0.15658,Plein jour,Hors agglomération,Hors intersection,Normale,Deux véhicules - côté,,,,,,,,,,,1,1,1,1.0,3.0
201800013590,0018-07-19 17:20:00,18,7,19,17,20,140,203,Intersection D400/ Entr,49.23054,-0.08637,Plein jour,Hors agglomération,Intersection en T,Normale,Deux véhicules - côté,,,,,,,,,,,1,1,3,1.0,3.0
201800013591,0018-07-23 05:30:00,18,7,23,5,30,140,110,D 400,49.24627,-0.1031,Nuit sans éclairage public,Hors agglomération,Hors intersection,Normale,Deux véhicules - frontale,,,,,,,,,,,3,1,1,1.0,1.0
201800013592,0018-07-30 12:05:00,18,7,30,12,5,140,70,rd 49,49.19586,-0.06286,Plein jour,Hors agglomération,Hors intersection,Normale,Deux véhicules - frontale,,,,,,,,,,,1,1,1,1.0,1.0
201800013593,0018-08-01 23:30:00,18,8,1,23,30,140,398,CD 59,49.16758,0.09464,Nuit sans éclairage public,Hors agglomération,Hors intersection,Normale,Sans collision,,,,,,,,,,,3,1,1,1.0,7.0
201800013594,0018-08-09 15:15:00,18,8,9,15,15,140,316,route départementale 142,49.26226,-0.05762,Plein jour,Hors agglomération,Hors intersection,Normale,Autre collision,,,,,,,,,,,1,1,1,1.0,6.0
201800013595,0018-08-12 15:00:00,18,8,12,15,0,140,754,avenue de la république,49.32503,-0.00177,Plein jour,En agglomération,Hors intersection,Normale,Autre collision,,,,,,,,,,,1,2,1,1.0,6.0
201800013596,0018-08-18 16:05:00,18,8,18,16,5,140,541,route départementale 59,49.17527,0.08821,Plein jour,Hors agglomération,Hors intersection,Normale,Autre collision,,,,,,,,,,,1,1,1,1.0,6.0
201800013597,0018-09-25 08:50:00,18,9,25,8,50,140,316,D 45,49.27365,-0.05254,Plein jour,Hors agglomération,Intersection en X,Normale,Deux véhicules - frontale,,,,,,,,,,,1,1,2,1.0,1.0
201800013598,0018-09-26 17:15:00,18,9,26,17,15,140,754,rue du lieutenant Fernan,49.32187,-0.00219,Plein jour,En agglomération,Intersection en X,Normale,Deux véhicules - côté,,,,,,,,,,,1,2,2,1.0,3.0
201800013599,0018-10-11 21:35:00,18,10,11,21,35,140,448,RD 85,49.17279,0.04533,Nuit sans éclairage public,Hors agglomération,Intersection en Y,Normale,Autre collision,,,,,,,,,,,3,1,4,1.0,6.0
201800013600,0018-10-25 19:18:00,18,10,25,19,18,140,754,140 avenue de la Républi,49.33221,0.0143,Nuit avec éclairage allumé,En agglomération,Hors intersection,Normale,Deux véhicules - côté,,,,,,,,,,,5,2,1,1.0,3.0
201800013601,0018-11-14 18:15:00,18,11,14,18,15,140,398,d59 - PK 4+900,49.16475,0.09568,Nuit sans éclairage public,Hors agglomération,Hors intersection,Normale,Autre collision,,,,,,,,,,,3,1,1,1.0,6.0
201800013602,0018-01-01 04:45:00,18,1,1,4,45,140,287,D613,49.1389,-0.23877,Nuit sans éclairage public,Hors agglomération,Hors intersection,Pluie légère,Autre collision,,,,,,,,,,,3,1,1,2.0,6.0
201800013603,0018-01-19 08:20:00,18,1,19,8,20,140,57,"RD 613, 53 BIS ROUTE DE",,,Crépuscule ou aube,En agglomération,Hors intersection,Pluie légère,Deux véhicules - arrière,,,,,,,,,,,2,2,1,2.0,2.0
201800013604,0018-01-26 16:15:00,18,1,26,16,15,140,349,RD 562 A,49.0859,-0.37942,Plein jour,Hors agglomération,Hors intersection,Normale,Autre collision,,,,,,,,,,,1,1,1,1.0,6.0
201800013605,0018-02-17 11:08:00,18,2,17,11,8,140,556,RUE DES CANADIENS,49.1164,-0.37666,Plein jour,En agglomération,Hors intersection,Normale,Autre collision,,,,,,,,,,,1,2,1,1.0,6.0
201800013606,0018-02-20 18:15:00,18,2,20,18,15,140,309,RD 132 - PK 008.850,,,Plein jour,Hors agglomération,Hors intersection,Temps couvert,Sans collision,,,,,,,,,,,1,1,1,8.0,7.0
201800013607,0018-03-02 07:35:00,18,3,2,7,35,140,408,RUE PAUL SAMSON,49.0961,-0.37083,Crépuscule ou aube,En agglomération,Hors intersection,Autre,Sans collision,,,,,,,,,,,2,2,1,9.0,7.0
201800013608,0018-04-19 11:15:00,18,4,19,11,15,140,5,Route Départementale 47,49.09769,-0.1441,Plein jour,Hors agglomération,Hors intersection,Normale,Sans collision,,,,,,,,,,,1,1,1,1.0,7.0
201800013609,0018-04-20 15:15:00,18,4,20,15,15,140,456,Rd 80,49.1161,-0.17771,Plein jour,Hors agglomération,Intersection en T,Normale,Sans collision,,,,,,,,,,,1,1,3,1.0,7.0
201800013610,0018-05-04 17:40:00,18,5,4,17,40,140,516,rue des capucines,48.9704,-0.24627,Plein jour,En agglomération,Autre intersection,Normale,Autre collision,,,,,,,,,,,1,2,9,1.0,6.0
201800013611,0018-05-09 23:25:00,18,5,9,23,25,140,659,Rue Saint Sébastien - RD,49.04063,-0.20766,Nuit sans éclairage public,Hors agglomération,Hors intersection,Normale,Autre collision,,,,,,,,,,,3,1,1,1.0,6.0
201800013612,0018-05-11 10:40:00,18,5,11,10,40,140,163,Intersection rue de l'ég,49.15652,-0.09321,Plein jour,En agglomération,Intersection en T,Normale,Deux véhicules - côté,,,,,,,,,,,1,2,3,1.0,3.0
201800013613,0018-06-15 21:25:00,18,6,15,21,25,140,761,RD 613 - route  de Paris,49.12209,-0.19784,Plein jour,En agglomération,Intersection en T,Normale,Deux véhicules - côté,,,,,,,,,,,1,2,3,1.0,3.0
201800013614,0018-06-17 00:01:00,18,6,17,0,1,140,90,D238 - Rue de la républi,49.05261,-0.39209,Nuit avec éclairage allumé,En agglomération,Hors intersection,Normale,Sans collision,,,,,,,,,,,5,2,1,1.0,7.0
201800013615,0018-08-04 14:45:00,18,8,4,14,45,140,456,Route départementale 80,49.11641,-0.17697,Plein jour,En agglomération,Hors intersection,Normale,Autre collision,,,,,,,,,,,1,2,1,1.0,6.0
201800013616,0018-08-19 18:30:00,18,8,19,18,30,140,516,RUE LOUIS LEFEVRE,48.9699,-0.2544,Plein jour,En agglomération,Intersection en X,Normale,Autre collision,,,,,,,,,,,1,2,2,1.0,6.0
201800013617,0018-10-16 21:15:00,18,10,16,21,15,140,5,RD40,49.0873,-0.15439,Nuit sans éclairage public,Hors agglomération,Hors intersection,Normale,Autre collision,,,,,,,,,,,3,1,1,1.0,6.0
201800013618,0018-10-19 17:55:00,18,10,19,17,55,140,516,Rue Louis Lefèvre,48.9703,-0.24245,Plein jour,En agglomération,Intersection en T,Normale,Autre collision,,,,,,,,,,,1,2,3,1.0,6.0
201800013619,0018-10-25 18:25:00,18,10,25,18,25,140,39,RD 23 PR 06 + 450,49.0157,-0.34618,Plein jour,Hors agglomération,Hors intersection,Normale,Deux véhicules - arrière,,,,,,,,,,,1,1,1,1.0,2.0
201800013620,0018-10-27 23:45:00,18,10,27,23,45,140,456,la tringale,49.10115,-0.15424,Nuit avec éclairage allumé,En agglomération,Hors intersection,Pluie légère,Autre collision,,,,,,,,,,,5,2,1,2.0,6.0
201800013621,0018-11-23 20:45:00,18,11,23,20,45,140,20,RD 613,49.11897,-0.17961,Nuit sans éclairage public,Hors agglomération,Hors intersection,Pluie légère,Deux véhicules - côté,,,,,,,,,,,3,1,1,2.0,3.0
201800013622,0018-11-24 09:20:00,18,11,24,9,20,140,556,Rue des canadiens,49.11656,-0.38398,Plein jour,En agglomération,Intersection en X,Normale,Deux véhicules - côté,,,,,,,,,,,1,2,2,1.0,3.0
201800013623,0018-01-02 15:30:00,18,1,2,15,30,140,414,RD 38,48.9999,0.14235,Plein jour,Hors agglomération,Hors intersection,Pluie légère,Deux véhicules - frontale,,,,,,,,,,,1,1,1,2.0,1.0
201800013624,0018-01-19 14:00:00,18,1,19,14,0,140,478,RD 519,,,Plein jour,Hors agglomération,Intersection en T,Normale,Deux véhicules - côté,,,,,,,,,,,1,1,3,1.0,3.0
201800013625,0018-01-19 07:15:00,18,1,19,7,15,140,403,CARREFOUR DU MAY,49.1434,0.37087,Nuit sans éclairage public,Hors agglomération,Hors intersection,Pluie forte,Deux véhicules - côté,,,,,,,,,,,3,1,1,3.0,3.0
201800013626,0018-02-02 11:15:00,18,2,2,11,15,140,371,A HAUTEUR DU 3 RUE MARCE,49.0047,0.15059,Plein jour,En agglomération,Hors intersection,Pluie légère,Autre collision,,,,,,,,,,,1,2,1,2.0,6.0
201800013627,0018-03-12 17:45:00,18,3,12,17,45,140,270,RD613,49.1439,0.33587,Plein jour,Hors agglomération,Hors intersection,Normale,Trois véhicules et plus - collisions multiples,,,,,,,,,,,1,1,1,1.0,5.0
201800013628,0018-03-12 19:30:00,18,3,12,19,30,140,478,,49.0312,0.39107,Nuit sans éclairage public,Hors agglomération,Hors intersection,Normale,Autre collision,,,,,,,,,,,3,1,1,1.0,6.0
201800013629,0018-03-31 13:30:00,18,3,31,13,30,140,414,INTERSECTION D4/D38,,,Plein jour,Hors agglomération,Intersection en T,Normale,Trois véhicules et plus - collisions multiples,,,,,,,,,,,1,1,3,1.0,5.0
201800013630,0018-05-23 13:50:00,18,5,23,13,50,140,371,LIEU-DIT LES BODINIERES,49.05238,0.2006,Plein jour,Hors agglomération,Intersection en Y,Normale,Sans collision,,,,,,,,,,,1,1,4,1.0,7.0
201800013631,0018-05-25 09:30:00,18,5,25,9,30,140,194,LE  BOURG,49.0844,0.37096,Plein jour,En agglomération,Intersection en X,Normale,Autre collision,,,,,,,,,,,1,2,2,1.0,6.0
201800013632,0018-07-07 11:30:00,18,7,7,11,30,140,371,RD  579,49.04319,0.15068,Plein jour,Hors agglomération,Intersection en X,Normale,Deux véhicules - côté,,,,,,,,,,,1,1,2,1.0,3.0
201800013633,0018-08-18 18:35:00,18,8,18,18,35,140,371,carrefour de la D579,49.005,0.1478,Plein jour,En agglomération,Intersection en X,Normale,Deux véhicules - arrière,,,,,,,,,,,1,2,2,1.0,2.0
201800013634,0018-09-06 06:11:00,18,9,6,6,11,140,625,Route de Fervaques,49.10073,0.21755,Nuit sans éclairage public,Hors agglomération,Hors intersection,Normale,Autre collision,,,,,,,,,,,3,1,1,1.0,6.0
201800013635,0018-09-07 17:15:00,18,9,7,17,15,140,570,D519,49.07422,0.32504,Plein jour,Hors agglomération,Intersection en X,Normale,Deux véhicules - arrière,,,,,,,,,,,1,1,2,1.0,2.0
201800013636,0018-10-11 07:55:00,18,10,11,7,55,140,303,RD  519,49.12541,0.27574,Crépuscule ou aube,En agglomération,Intersection en T,Normale,Deux véhicules - frontale,,,,,,,,,,,2,2,3,1.0,1.0
201800013637,0018-12-06 09:25:00,18,12,6,9,25,140,303,RD  519,49.1235,0.27893,Plein jour,En agglomération,Intersection en X,Normale,Deux véhicules - arrière,,,,,,,,,,,1,2,2,1.0,2.0
201800013638,0018-01-04 19:45:00,18,1,4,19,45,140,600,D-511,,,Nuit sans éclairage public,Hors agglomération,Hors intersection,Temps couvert,Deux véhicules - frontale,,,,,,,,,,,3,1,1,8.0,1.0
201800013639,0018-01-08 08:25:00,18,1,8,8,25,140,345,CD 511 - JORT,48.9765,-0.07649,Crépuscule ou aube,Hors agglomération,Hors intersection,Normale,Trois véhicules et plus - collisions multiples,,,,,,,,,,,2,1,1,1.0,5.0
201800013640,0018-02-02 01:30:00,18,2,2,1,30,140,99,,49.0434,-0.01686,Nuit sans éclairage public,Hors agglomération,Hors intersection,Normale,Autre collision,,,,,,,,,,,3,1,1,1.0,6.0
201800013641,0018-02-16 17:20:00,18,2,16,17,20,140,654,RUE CHARLES DE GAULLE,,,Plein jour,En agglomération,Intersection en X,Normale,Sans collision,,,,,,,,,,,1,2,2,1.0,7.0
201800013642,0018-04-03 10:00:00,18,4,3,10,0,140,527,D72 - Route de trouville,49.11454,-0.04961,Plein jour,Hors agglomération,Hors intersection,Pluie légère,Sans collision,,,,,,,,,,,1,1,1,2.0,7.0
201800013643,0018-04-27 17:15:00,18,4,27,17,15,140,527,D 101,49.10176,-0.02821,Plein jour,Hors agglomération,Hors intersection,Normale,Deux véhicules - frontale,,,,,,,,,,,1,1,1,1.0,1.0
201800013644,0018-05-18 14:15:00,18,5,18,14,15,140,520,RD 151 route de Lisieux,49.16081,0.15674,Plein jour,Hors agglomération,Hors intersection,Normale,Sans collision,,,,,,,,,,,1,1,1,1.0,7.0
201800013645,0018-06-12 16:00:00,18,6,12,16,0,140,81,"Lieu dit ""les vallées """,49.01998,0.06035,Plein jour,Hors agglomération,Hors intersection,Normale,Autre collision,,,,,,,,,,,1,1,1,1.0,6.0
201800013646,0018-06-16 12:35:00,18,6,16,12,35,140,648,LE PONT DE LA MOTTE,49.12334,0.18301,Plein jour,Hors agglomération,Hors intersection,Normale,Sans collision,,,,,,,,,,,1,1,1,1.0,7.0
201800013647,0018-07-16 18:00:00,18,7,16,18,0,140,345,d 511,48.98711,-0.0654,Plein jour,Hors agglomération,Intersection en X,Normale,Deux véhicules - arrière,,,,,,,,,,,1,1,2,1.0,2.0
201800013648,0018-07-26 20:15:00,18,7,26,20,15,140,735,D250,48.99216,-0.04724,Plein jour,Hors agglomération,Hors intersection,Normale,Sans collision,,,,,,,,,,,1,1,1,1.0,7.0
201800013649,0018-08-25 11:50:00,18,8,25,11,50,140,431,135 avenue Jean-Jaurès,49.07347,-0.08062,Plein jour,En agglomération,Hors intersection,Normale,Deux véhicules - côté,,,,,,,,,,,1,2,1,1.0,3.0
201800013650,0018-08-29 11:00:00,18,8,29,11,0,140,654,D511 - Vieux pont en aug,49.05038,0.03139,Plein jour,Hors agglomération,Hors intersection,Pluie légère,Autre collision,,,,,,,,,,,1,1,1,2.0,6.0
201800013651,0018-09-28 00:45:00,18,9,28,0,45,140,493,42 grande rue,49.05679,-0.06261,Nuit avec éclairage allumé,En agglomération,Hors intersection,Normale,Autre collision,,,,,,,,,,,5,2,1,1.0,6.0
201800013652,0018-09-28 20:10:00,18,9,28,20,10,140,81,D4,49.01984,0.05832,Crépuscule ou aube,Hors agglomération,Hors intersection,Normale,Deux véhicules - côté,,,,,,,,,,,2,1,1,1.0,3.0
201800013653,0018-10-27 11:35:00,18,10,27,11,35,140,337,RD 613,49.12957,0.11023,Plein jour,Hors agglomération,Hors intersection,Pluie forte,Deux véhicules - côté,,,,,,,,,,,1,1,1,3.0,3.0
201800013654,0018-10-29 20:20:00,18,10,29,20,20,140,331,"Lieu dit les perrelles,",49.01557,0.00912,Nuit sans éclairage public,Hors agglomération,Hors intersection,Pluie forte,Sans collision,,,,,,,,,,,3,1,1,3.0,7.0
201800013655,0018-10-29 17:10:00,18,10,29,17,10,140,431,place Charles De Gaulle,49.07352,-0.06947,Plein jour,En agglomération,Giratoire,Normale,Deux véhicules - arrière,,,,,,,,,,,1,2,6,1.0,2.0
201800013656,0018-10-31 11:17:00,18,10,31,11,17,140,654,Rue de falaise,49.01542,-0.03608,Plein jour,En agglomération,Intersection en T,Temps éblouissant,Autre collision,,,,,,,,,,,1,2,3,7.0,6.0
201800013657,0018-11-04 12:10:00,18,11,4,12,10,140,386,LES BARBITOTS RD 40,49.04835,-0.11103,Plein jour,Hors agglomération,Intersection en X,Normale,Deux véhicules - côté,,,,,,,,,,,1,1,2,1.0,3.0
201800013658,0018-11-06 17:15:00,18,11,6,17,15,140,431,D101,49.11149,0.00587,Crépuscule ou aube,Hors agglomération,Hors intersection,Pluie forte,Sans collision,,,,,,,,,,,2,1,1,3.0,7.0
201800013659,0018-01-04 06:45:00,18,1,4,6,45,140,253,,48.9078,-0.72233,Nuit sans éclairage public,Hors agglomération,Hors intersection,Pluie forte,Autre collision,,,,,,,,,,,3,1,1,3.0,6.0
201800013660,0018-07-14 12:15:00,18,7,14,12,15,140,357,La Caverie - LASSY,48.92333,-0.70779,Plein jour,Hors agglomération,Intersection en X,Normale,Deux véhicules - côté,,,,,,,,,,,1,1,2,1.0,3.0
201800013661,0018-07-16 14:15:00,18,7,16,14,15,140,726,Les clos - VIESSOIX,48.84089,-0.80664,Plein jour,Hors agglomération,Hors intersection,Normale,Autre collision,,,,,,,,,,,1,1,1,1.0,6.0
201800013662,0018-10-07 19:30:00,18,10,7,19,30,140,726,la marvindière,48.8996,-0.77858,Nuit sans éclairage public,Hors agglomération,Hors intersection,Normale,Sans collision,,,,,,,,,,,3,1,1,1.0,7.0
201800013663,0018-12-08 02:15:00,18,12,8,2,15,140,174,Intersection rue de la C,48.84789,-0.55702,Nuit avec éclairage allumé,En agglomération,Intersection en X,Pluie légère,Deux véhicules - côté,,,,,,,,,,,5,2,2,2.0,3.0
201800013664,0018-01-13 18:05:00,18,1,13,18,5,60,108,554 avenue de la Républi,43.57811,6.95041,Nuit avec éclairage allumé,En agglomération,Intersection en T,Normale,Deux véhicules - côté,,,,,,,,,,,5,2,3,1.0,3.0
201800013665,0018-02-10 15:10:00,18,2,10,15,10,60,138,D6098 PK 01 - Avenue de,43.49338,6.9451,Plein jour,Hors agglomération,Hors intersection,Normale,Deux véhicules - frontale,,,,,,,,,,,1,1,1,1.0,1.0
201800013666,0018-03-15 15:35:00,18,3,15,15,35,60,138,RD 6098 PK3+500,43.48663,6.93886,Plein jour,Hors agglomération,Hors intersection,Pluie légère,Deux véhicules - frontale,,,,,,,,,,,1,1,1,2.0,1.0
201800013667,0018-03-16 22:05:00,18,3,16,22,5,60,79,Avenue du Maréchal Lyaut,43.55382,6.94705,Nuit sans éclairage public,En agglomération,Hors intersection,Normale,Deux véhicules - côté,,,,,,,,,,,3,2,1,1.0,3.0
201800013668,0018-03-18 05:10:00,18,3,18,5,10,60,108,1080 chemin de la levade,43.57604,6.94032,Crépuscule ou aube,En agglomération,Hors intersection,Pluie légère,Trois véhicules et plus - collisions multiples,,,,,,,,,,,2,2,1,2.0,5.0
201800013669,0018-04-22 09:15:00,18,4,22,9,15,60,90,rond point D1009 entre c,43.58753,6.93485,Plein jour,Hors agglomération,Giratoire,Normale,Deux véhicules - côté,,,,,,,,,,,1,1,6,1.0,3.0
201800013670,0018-05-08 15:00:00,18,5,8,15,0,60,108,1366 bd du 8 mai,43.59363,6.95678,Plein jour,Hors agglomération,Hors intersection,Normale,Sans collision,,,,,,,,,,,1,1,1,1.0,7.0
201800013671,0018-05-24 10:10:00,18,5,24,10,10,60,79,D6098 en direction de TH,43.52063,6.94055,Plein jour,Hors agglomération,Hors intersection,Normale,Autre collision,,,,,,,,,,,1,1,1,1.0,6.0
201800013672,0018-06-25 23:45:00,18,6,25,23,45,60,138,D6098,43.50587,6.94132,Nuit sans éclairage public,En agglomération,Hors intersection,Normale,Autre collision,,,,,,,,,,,3,2,1,1.0,6.0
201800013673,0018-06-27 10:20:00,18,6,27,10,20,60,79,avenue maréchal juin,43.53677,6.93488,Plein jour,En agglomération,Hors intersection,Normale,Autre collision,,,,,,,,,,,1,2,1,1.0,6.0
201800013674,0018-06-29 11:45:00,18,6,29,11,45,60,79,place jeanne d'arc,43.55555,6.93854,Plein jour,En agglomération,Hors intersection,Normale,Autre collision,,,,,,,,,,,1,2,1,1.0,6.0