accident_id,datetime,annee,mois,jour,heure,minute,departement,commune_insee,adresse,latitude,longitude,luminosite,agglomeration,intersection,meteo,collision,nb_vehicules,nb_usagers,nb_indemnes,nb_tues,nb_blesses_hosp,nb_blesses_legers,age_cond_1,age_cond_2,veh_type_cond_1,veh_type_cond_2,lum_code,agg_code,int_code,atm_code,col_code
201800013918,0018-03-13 10:30:00,18,3,13,10,30,720,276,66 rue nationale,48.27336,0.45885,Plein jour,En agglomération,Hors intersection,Normale,Autre collision,,,,,,,,,,,1,2,1,1.0,6.0
201800013919,0018-04-02 15:00:00,18,4,2,15,0,720,202,le grand manone,48.28659,0.30915,Plein jour,Hors agglomération,Hors intersection,Pluie légère,Autre collision,,,,,,,,,,,1,1,1,2.0,6.0
201800013920,0018-05-24 11:45:00,18,5,24,11,45,720,180,D267 - Les Nos,48.34775,0.37965,Plein jour,En agglomération,Intersection en X,Normale,Deux véhicules - côté,,,,,,,,,,,1,2,2,1.0,3.0
201800013921,0018-05-26 15:40:00,18,5,26,15,40,720,276,RD 301,48.2784,0.45778,Plein jour,En agglomération,Hors intersection,Temps éblouissant,Autre collision,,,,,,,,,,,1,2,1,7.0,6.0
201800013922,0018-06-02 17:00:00,18,6,2,17,0,720,222,D27,48.23906,0.22981,Plein jour,Hors agglomération,Hors intersection,Normale,Autre collision,,,,,,,,,,,1,1,1,1.0,6.0
201800013923,0018-07-21 18:10:00,18,7,21,18,10,720,233,la courbe,48.2525,0.36899,Plein jour,Hors agglomération,Hors intersection,Normale,Autre collision,,,,,,,,,,,1,1,1,1.0,6.0
201800013924,0018-07-29 12:30:00,18,7,29,12,30,720,196,la maison,48.18234,0.30954,Plein jour,Hors agglomération,Hors intersection,Temps couvert,Autre collision,,,,,,,,,,,1,1,1,8.0,6.0
201800013925,0018-08-12 16:30:00,18,8,12,16,30,720,276,avenue Veron de Forbonai,48.2735,0.45147,Plein jour,En agglomération,Hors intersection,Normale,Autre collision,,,,,,,,,,,1,2,1,1.0,6.0
201800013926,0018-08-28 22:00:00,18,8,28,22,0,720,88,lieu dit le coq fresne,48.21167,0.23912,Nuit sans éclairage public,Hors agglomération,Hors intersection,Normale,Autre collision,,,,,,,,,,,3,1,1,1.0,6.0
201800013927,0018-09-30 03:00:00,18,9,30,3,0,720,112,Intersection D27 et D300,48.24913,0.26476,Nuit sans éclairage public,Hors agglomération,Hors intersection,Normale,Autre collision,,,,,,,,,,,3,1,1,1.0,6.0
201800013928,0018-10-04 18:55:00,18,10,4,18,55,720,180,Avenue Louis Legros,48.35006,0.37936,Plein jour,En agglomération,Hors intersection,Normale,Autre collision,,,,,,,,,,,1,2,1,1.0,6.0
201800013929,0018-11-14 09:10:00,18,11,14,9,10,720,39,lieu dit cherre - D60,48.19872,0.44412,Plein jour,Hors agglomération,Hors intersection,Normale,Autre collision,,,,,,,,,,,1,1,1,1.0,6.0
201800013930,0018-11-27 09:15:00,18,11,27,9,15,720,48,Carrrefour D143/D6,48.1809,0.38372,Plein jour,Hors agglomération,Intersection en X,Pluie légère,Deux véhicules - côté,,,,,,,,,,,1,1,2,2.0,3.0
201800013931,0018-12-04 13:50:00,18,12,4,13,50,720,39,La croix,48.17506,0.42966,Plein jour,Hors agglomération,Hors intersection,Normale,Deux véhicules - arrière,,,,,,,,,,,1,1,1,1.0,2.0
201800013932,0018-12-05 15:30:00,18,12,5,15,30,720,180,1 rue du Dr Godart,48.35177,0.36241,Plein jour,En agglomération,Hors intersection,Normale,Autre collision,,,,,,,,,,,1,2,1,1.0,6.0
201800013933,0018-12-09 15:25:00,18,12,9,15,25,720,112,"CD 300, PK 19",48.23318,0.24964,Plein jour,Hors agglomération,Hors intersection,Pluie légère,Sans collision,,,,,,,,,,,1,1,1,2.0,7.0
201800013934,0018-12-09 19:10:00,18,12,9,19,10,720,354,22 rue saint martin,48.28948,0.25164,Nuit sans éclairage public,En agglomération,Hors intersection,Normale,Autre collision,,,,,,,,,,,3,2,1,1.0,6.0
201800013935,0018-01-16 00:20:00,18,1,16,0,20,720,105,Départementale 7,48.16027,0.72957,Nuit sans éclairage public,Hors agglomération,Hors intersection,Pluie légère,Autre collision,,,,,,,,,,,3,1,1,2.0,6.0
201800013936,0018-02-08 02:30:00,18,2,8,2,30,720,132,1 avenue du général de g,48.18425,0.64918,Nuit avec éclairage allumé,En agglomération,Hors intersection,Normale,Autre collision,,,,,,,,,,,5,2,1,1.0,6.0
201800013937,0018-04-04 08:30:00,18,4,4,8,30,720,144,d 14,48.12098,0.78393,Plein jour,Hors agglomération,Hors intersection,Normale,Autre collision,,,,,,,,,,,1,1,1,1.0,6.0
201800013938,0018-04-08 04:10:00,18,4,8,4,10,720,57,"lieu-dit ""Ponteau""",48.07551,0.72852,Nuit sans éclairage public,Hors agglomération,Hors intersection,Pluie légère,Autre collision,,,,,,,,,,,3,1,1,2.0,6.0
201800013939,0018-05-11 19:10:00,18,5,11,19,10,720,80,le buron,48.13891,0.62447,Plein jour,Hors agglomération,Hors intersection,Normale,Autre collision,,,,,,,,,,,1,1,1,1.0,6.0
201800013940,0018-07-08 01:00:00,18,7,8,1,0,720,38,LA FONTAINE,48.13482,0.57318,Nuit sans éclairage public,Hors agglomération,Hors intersection,Normale,Autre collision,,,,,,,,,,,3,1,1,1.0,6.0
201800013941,0018-08-16 18:00:00,18,8,16,18,0,720,296,C 11 lieu-dit la Béduhau,48.11683,0.61133,Plein jour,Hors agglomération,Hors intersection,Normale,Deux véhicules - frontale,,,,,,,,,,,1,1,1,1.0,1.0
201800013942,0018-01-05 08:30:00,18,1,5,8,30,720,318,Route départementale 19,48.40101,0.17232,Crépuscule ou aube,Hors agglomération,Hors intersection,Normale,Deux véhicules - côté,,,,,,,,,,,2,1,1,1.0,3.0
201800013943,0018-01-14 15:15:00,18,1,14,15,15,720,37,45 rue du maine,48.45904,0.34777,Plein jour,En agglomération,Hors intersection,Normale,Autre collision,,,,,,,,,,,1,2,1,1.0,6.0
201800013944,0018-01-30 17:15:00,18,1,30,17,15,720,305,l'étang,48.29441,0.03501,Plein jour,Hors agglomération,Hors intersection,Normale,Deux véhicules - frontale,,,,,,,,,,,1,1,1,1.0,1.0
201800013945,0018-03-06 17:00:00,18,3,6,17,0,720,199,la bruyere,48.24983,0.08228,Plein jour,Hors agglomération,Hors intersection,Pluie légère,Autre collision,,,,,,,,,,,1,1,1,2.0,6.0
201800013946,0018-05-14 08:30:00,18,5,14,8,30,720,282,"D120- kilomètre 14,5",48.29814,-0.11013,Plein jour,Hors agglomération,Hors intersection,Normale,Deux véhicules - frontale,,,,,,,,,,,1,1,1,1.0,1.0
201800013947,0018-06-02 11:35:00,18,6,2,11,35,720,266,les noes,48.26633,-0.00188,Plein jour,Hors agglomération,Hors intersection,Normale,Autre collision,,,,,,,,,,,1,1,1,1.0,6.0
201800013948,0018-08-06 11:20:00,18,8,6,11,20,720,6,LA PETITE OUCHETTE,48.39552,0.07041,Plein jour,Hors agglomération,Hors intersection,Normale,Autre collision,,,,,,,,,,,1,1,1,1.0,6.0
201800013949,0018-09-28 11:30:00,18,9,28,11,30,720,225,1 route du mans,48.34195,0.09206,Plein jour,En agglomération,Intersection en X,Normale,Deux véhicules - côté,,,,,,,,,,,1,2,2,1.0,3.0
201800013950,0018-10-24 07:00:00,18,10,24,7,0,720,11,La Thébaudière,48.34518,0.00718,Nuit sans éclairage public,Hors agglomération,Hors intersection,Normale,Sans collision,,,,,,,,,,,3,1,1,1.0,7.0
201800013951,0018-11-04 17:10:00,18,11,4,17,10,720,199,Route de combre,48.25867,0.07906,Plein jour,Hors agglomération,Hors intersection,Normale,Autre collision,,,,,,,,,,,1,1,1,1.0,6.0
201800013952,0018-11-17 12:15:00,18,11,17,12,15,720,5,Départementale 19,48.3602,0.17356,Plein jour,Hors agglomération,Hors intersection,Normale,Sans collision,,,,,,,,,,,1,1,1,1.0,7.0
201800013953,0018-12-22 07:30:00,18,12,22,7,30,720,11,Les grandes fontenelles,48.34743,0.0091,Nuit sans éclairage public,Hors agglomération,Hors intersection,Normale,Autre collision,,,,,,,,,,,3,1,1,1.0,6.0
201800013954,0018-06-14 15:25:00,18,6,14,15,25,540,27,bois de la fourasse,48.89324,6.13019,Plein jour,Hors agglomération,Hors intersection,Normale,Sans collision,,,,,,,,,,,1,1,1,1.0,7.0
201800013955,0018-10-07 09:30:00,18,10,7,9,30,540,72,RD 40 PK 17.220,48.84924,6.09483,Plein jour,Hors agglomération,Intersection en X,Normale,Deux véhicules - côté,,,,,,,,,,,1,1,2,1.0,3.0
201800013956,0018-10-11 16:35:00,18,10,11,16,35,540,157,3 rue Joliot curie,48.84067,6.06119,Plein jour,En agglomération,Hors intersection,Temps éblouissant,Autre collision,,,,,,,,,,,1,2,1,7.0,6.0
201800013957,0018-10-12 11:52:00,18,10,12,11,52,540,24,Departementale 70,48.84159,6.28432,Plein jour,Hors agglomération,Intersection en T,Temps éblouissant,Sans collision,,,,,,,,,,,1,1,3,7.0,7.0
201800013958,0018-11-03 17:10:00,18,11,3,17,10,540,315,RD 913,48.80478,6.27574,Crépuscule ou aube,Hors agglomération,Intersection en X,Normale,Deux véhicules - côté,,,,,,,,,,,2,1,2,1.0,3.0
201800013959,0018-12-08 20:58:00,18,12,8,20,58,540,589,D657,48.96775,6.0512,Nuit sans éclairage public,Hors agglomération,Hors intersection,Vent fort / tempête,Autre collision,,,,,,,,,,,3,1,1,6.0,6.0
201800013960,0018-07-02 17:15:00,18,7,2,17,15,540,425,rue de Verdun,49.309,5.76537,Plein jour,En agglomération,Giratoire,Normale,Autre collision,,,,,,,,,,,1,2,6,1.0,6.0
201800013961,0018-08-12 17:55:00,18,8,12,17,55,540,425,rue du Luxembourg,49.30219,5.79136,Plein jour,En agglomération,Intersection en T,Normale,Deux véhicules - frontale,,,,,,,,,,,1,2,3,1.0,1.0
201800013962,0018-09-22 17:00:00,18,9,22,17,0,540,4,INCONNU,49.26397,5.77639,Plein jour,Hors agglomération,Hors intersection,Normale,Autre collision,,,,,,,,,,,1,1,1,1.0,6.0
201800013963,0018-10-28 18:45:00,18,10,28,18,45,540,425,53 rue Michel RONDET,49.30238,5.78633,Nuit avec éclairage allumé,En agglomération,Hors intersection,Normale,Autre collision,,,,,,,,,,,5,2,1,1.0,6.0
201800013964,0018-11-01 05:20:00,18,11,1,5,20,540,69,RD 106,49.40105,5.92502,Nuit sans éclairage public,Hors agglomération,Intersection en T,Normale,Deux véhicules - côté,,,,,,,,,,,3,1,3,1.0,3.0
201800013965,0018-12-22 18:30:00,18,12,22,18,30,540,533,6 rue de l'église,49.32466,5.9356,Nuit avec éclairage allumé,En agglomération,Intersection en T,Pluie légère,Autre collision,,,,,,,,,,,5,2,3,2.0,6.0
201800013966,0018-02-09 10:30:00,18,2,9,10,30,540,152,Intersection RD1 ET R110,48.55714,6.38737,Plein jour,En agglomération,Intersection en X,Normale,Deux véhicules - côté,,,,,,,,,,,1,2,2,1.0,3.0
201800013967,0018-05-12 17:45:00,18,5,12,17,45,540,256,RD 110,48.52466,6.32741,Plein jour,Hors agglomération,Hors intersection,Normale,Sans collision,,,,,,,,,,,1,1,1,1.0,7.0
201800013968,0018-05-21 17:45:00,18,5,21,17,45,540,561,Départementale 22,48.44197,6.46061,Plein jour,Hors agglomération,Hors intersection,Normale,Sans collision,,,,,,,,,,,1,1,1,1.0,7.0
201800013969,0018-05-22 18:00:00,18,5,22,18,0,540,152,15 roue de Dombasle,48.56757,6.38517,Plein jour,En agglomération,Hors intersection,Normale,Autre collision,,,,,,,,,,,1,2,1,1.0,6.0
201800013970,0018-07-01 04:30:00,18,7,1,4,30,540,455,chemin communal,48.46062,6.46505,Crépuscule ou aube,Hors agglomération,Hors intersection,Normale,Deux véhicules - côté,,,,,,,,,,,2,1,1,1.0,3.0
201800013971,0018-07-13 14:15:00,18,7,13,14,15,540,449,RN4 - Lieu dit Chaufont,48.57541,6.48224,Plein jour,Hors agglomération,Intersection en Y,Temps éblouissant,Autre collision,,,,,,,,,,,1,1,4,7.0,6.0
201800013972,0018-08-02 16:30:00,18,8,2,16,30,540,595,ROUTE DEPARTEMENTALE 914,48.53939,6.47759,Plein jour,Hors agglomération,Hors intersection,Normale,Autre collision,,,,,,,,,,,1,1,1,1.0,6.0
201800013973,0018-08-07 11:00:00,18,8,7,11,0,540,222,rue carnot,48.49662,6.50967,Plein jour,En agglomération,Hors intersection,Normale,Deux véhicules - frontale,,,,,,,,,,,1,2,1,1.0,1.0
201800013974,0018-08-10 18:50:00,18,8,10,18,50,540,467,Grande rue,48.45248,6.43758,Plein jour,En agglomération,Intersection en Y,Normale,Autre collision,,,,,,,,,,,1,2,4,1.0,6.0
201800013975,0018-09-03 14:15:00,18,9,3,14,15,540,449,RD 914 - ROUTES DES VOSG,48.56813,6.47574,Plein jour,Hors agglomération,Hors intersection,Normale,Autre collision,,,,,,,,,,,1,1,1,1.0,6.0
201800013976,0018-09-24 15:25:00,18,9,24,15,25,540,449,lieu dit chaufontaine,48.57517,6.48624,Plein jour,Hors agglomération,Intersection en Y,Normale,Autre collision,,,,,,,,,,,1,1,4,1.0,6.0
201800013977,0018-12-17 17:41:00,18,12,17,17,41,540,76,rd 1 pk 14+400,48.55624,6.42007,Nuit avec éclairage allumé,Hors agglomération,Hors intersection,Normale,Deux véhicules - côté,,,,,,,,,,,5,1,1,1.0,3.0
201800013978,0018-04-08 16:09:00,18,4,8,16,9,540,427,D182A,48.45555,6.92458,Plein jour,Hors agglomération,Hors intersection,Normale,Autre collision,,,,,,,,,,,1,1,1,1.0,6.0
201800013979,0018-06-09 14:55:00,18,6,9,14,55,540,40,D992,48.49991,6.90627,Plein jour,Hors agglomération,Hors intersection,Pluie forte,Sans collision,,,,,,,,,,,1,1,1,3.0,7.0
201800013980,0018-01-18 17:20:00,18,1,18,17,20,540,135,30 rue carnot,48.52622,5.89662,Crépuscule ou aube,En agglomération,Hors intersection,Pluie forte,Autre collision,,,,,,,,,,,2,2,1,3.0,6.0
201800013981,0018-03-09 18:50:00,18,3,9,18,50,540,88,RD904,48.74364,5.86467,Nuit sans éclairage public,Hors agglomération,Intersection en X,Normale,Autre collision,,,,,,,,,,,3,1,2,1.0,6.0
201800013982,0018-03-29 05:45:00,18,3,29,5,45,540,135,départementale D674,48.53542,5.89659,Nuit sans éclairage public,Hors agglomération,Hors intersection,Normale,Autre collision,,,,,,,,,,,3,1,1,1.0,6.0
201800013983,0018-04-08 17:00:00,18,4,8,17,0,540,80,D 960 pk 13+100,48.60636,5.81736,Plein jour,Hors agglomération,Hors intersection,Normale,Sans collision,,,,,,,,,,,1,1,1,1.0,7.0
201800013984,0018-04-15 17:10:00,18,4,15,17,10,540,189,Rue du Saintois,48.46724,5.95371,Plein jour,En agglomération,Intersection en T,Normale,Deux véhicules - côté,,,,,,,,,,,1,2,3,1.0,3.0
201800013985,0018-05-18 17:25:00,18,5,18,17,25,540,135,"rue de moncel, départeme",48.53016,5.88013,Plein jour,Hors agglomération,Hors intersection,Temps éblouissant,Trois véhicules et plus - en chaîne,,,,,,,,,,,1,1,1,7.0,4.0
201800013986,0018-07-08 02:30:00,18,7,8,2,30,540,102,départementale 118 a,48.71144,5.86737,Nuit sans éclairage public,Hors agglomération,Hors intersection,Normale,Autre collision,,,,,,,,,,,3,1,1,1.0,6.0
201800013987,0018-07-15 10:10:00,18,7,15,10,10,540,496,intersection D177 / D4,48.53684,5.81544,Plein jour,Hors agglomération,Intersection en T,Normale,Deux véhicules - côté,,,,,,,,,,,1,1,3,1.0,3.0
201800013988,0018-07-30 12:15:00,18,7,30,12,15,540,135,RD4 - PK8,48.51482,5.90029,Plein jour,Hors agglomération,Hors intersection,Normale,Autre collision,,,,,,,,,,,1,1,1,1.0,6.0
201800013989,0018-10-06 16:40:00,18,10,6,16,40,540,232,37 rue de l'Église,48.69272,5.95969,Plein jour,En agglomération,Hors intersection,Normale,Autre collision,,,,,,,,,,,1,2,1,1.0,6.0
201800013990,0018-11-06 07:55:00,18,11,6,7,55,540,80,RD11,48.60271,5.84378,Crépuscule ou aube,Hors agglomération,Hors intersection,Brouillard / fumée,Autre collision,,,,,,,,,,,2,1,1,5.0,6.0
201800013991,0018-11-23 16:00:00,18,11,23,16,0,540,523,RD 974,48.56746,5.94899,Plein jour,Hors agglomération,Hors intersection,Temps couvert,Autre collision,,,,,,,,,,,1,1,1,8.0,6.0
201800013992,0018-12-21 16:05:00,18,12,21,16,5,540,205,D11,48.67126,5.80183,Plein jour,Hors agglomération,Intersection en T,Pluie légère,Deux véhicules - côté,,,,,,,,,,,1,1,3,2.0,3.0
201800013993,0018-01-19 22:10:00,18,1,19,22,10,540,182,D904,48.91052,5.81841,Nuit sans éclairage public,Hors agglomération,Hors intersection,Pluie légère,Autre collision,,,,,,,,,,,3,1,1,2.0,6.0
201800013994,0018-01-24 10:00:00,18,1,24,10,0,540,182,D904 PR4+400,48.91052,5.81841,Plein jour,Hors agglomération,Hors intersection,Normale,Autre collision,,,,,,,,,,,1,1,1,1.0,6.0
201800013995,0018-03-31 16:45:00,18,3,31,16,45,540,87,D28,48.93964,5.83867,Plein jour,Hors agglomération,Hors intersection,Normale,Sans collision,,,,,,,,,,,1,1,1,1.0,7.0
201800013996,0018-05-26 11:30:00,18,5,26,11,30,540,470,D 28A,48.88109,5.79081,Plein jour,Hors agglomération,Hors intersection,Normale,Sans collision,,,,,,,,,,,1,1,1,1.0,7.0
201800013997,0018-08-12 21:15:00,18,8,12,21,15,540,518,rue Henri POULET,48.95638,5.86631,Crépuscule ou aube,En agglomération,Intersection en T,Normale,Deux véhicules - arrière,,,,,,,,,,,2,2,3,1.0,2.0
201800013998,0018-08-20 09:07:00,18,8,20,9,7,540,415,Rue de Serre,48.98341,6.0214,Plein jour,En agglomération,Hors intersection,Normale,Autre collision,,,,,,,,,,,1,2,1,1.0,6.0
201800013999,0018-09-11 19:15:00,18,9,11,19,15,540,55,d 952,49.01611,6.00223,Plein jour,Hors agglomération,Hors intersection,Normale,Autre collision,,,,,,,,,,,1,1,1,1.0,6.0
201800014000,0018-09-29 14:00:00,18,9,29,14,0,540,182,D28,48.92375,5.81536,Plein jour,Hors agglomération,Autre intersection,Normale,Sans collision,,,,,,,,,,,1,1,9,1.0,7.0
201800014001,0018-11-07 16:20:00,18,11,7,16,20,540,415,rue anatole France,48.99351,6.02972,Plein jour,En agglomération,Autre intersection,Pluie légère,Autre collision,,,,,,,,,,,1,2,9,2.0,6.0
201800014002,0018-11-12 16:50:00,18,11,12,16,50,540,415,avenue marcel ney,48.98587,6.02464,Crépuscule ou aube,En agglomération,Intersection en Y,Temps couvert,Autre collision,,,,,,,,,,,2,2,4,8.0,6.0
201800014003,0018-11-25 02:00:00,18,11,25,2,0,540,435,Chemin communal 1,48.96086,5.92521,Nuit sans éclairage public,Hors agglomération,Hors intersection,Normale,Sans collision,,,,,,,,,,,3,1,1,1.0,7.0
201800014004,0018-12-04 14:05:00,18,12,4,14,5,540,415,2 rue des Aulnois,48.98376,6.02017,Plein jour,En agglomération,Intersection en X,Normale,Deux véhicules - côté,,,,,,,,,,,1,2,2,1.0,3.0
201800014005,0018-12-13 18:14:00,18,12,13,18,14,540,415,D952,48.99498,6.03098,Nuit sans éclairage public,Hors agglomération,Hors intersection,Normale,Deux véhicules - frontale,,,,,,,,,,,3,1,1,1.0,1.0
201800014006,0018-12-15 05:00:00,18,12,15,5,0,540,415,15 B Rue de la victoire,48.98324,6.01881,Nuit avec éclairage allumé,En agglomération,Intersection en T,Normale,Autre collision,,,,,,,,,,,5,2,3,1.0,6.0
201800014007,0018-01-12 20:00:00,18,1,12,20,0,660,160,rd115,42.49411,2.71963,Nuit sans éclairage public,Hors agglomération,Hors intersection,Normale,Trois véhicules et plus - collisions multiples,,,,,,,,,,,3,1,1,1.0,5.0
201800014008,0018-03-05 12:00:00,18,3,5,12,0,660,9,Avenue de l'Alzine Redon,,,Plein jour,En agglomération,Hors intersection,Normale,Deux véhicules - frontale,,,,,,,,,,,1,2,1,1.0,1.0
201800014009,0018-04-07 18:06:00,18,4,7,18,6,660,9,RD115,,,Plein jour,Hors agglomération,Hors intersection,Normale,Trois véhicules et plus - en chaîne,,,,,,,,,,,1,1,1,1.0,4.0
201800014010,0018-06-12 19:20:00,18,6,12,19,20,660,9,D115B - Avenue de Las In,42.4582,2.63643,Plein jour,En agglomération,Hors intersection,Normale,Deux véhicules - côté,,,,,,,,,,,1,2,1,1.0,3.0
201800014011,0018-07-15 09:50:00,18,7,15,9,50,660,150,D115,42.38392,2.50263,Plein jour,Hors agglomération,Hors intersection,Normale,Sans collision,,,,,,,,,,,1,1,1,1.0,7.0
201800014012,0018-07-15 19:10:00,18,7,15,19,10,660,150,D 115,42.38924,2.4932,Plein jour,Hors agglomération,Hors intersection,Normale,Autre collision,,,,,,,,,,,1,1,1,1.0,6.0
201800014013,0018-10-23 19:30:00,18,10,23,19,30,660,3,Chemin de Rive Mal,42.47307,2.66044,Nuit sans éclairage public,Hors agglomération,Hors intersection,Normale,Autre collision,,,,,,,,,,,3,1,1,1.0,6.0
201800014014,0018-11-15 18:25:00,18,11,15,18,25,660,49,D 115,42.49596,2.74465,Nuit avec éclairage allumé,En agglomération,Intersection en T,Pluie forte,Autre collision,,,,,,,,,,,5,2,3,3.0,6.0
201800014015,0018-01-08 14:28:00,18,1,8,14,28,140,79,MICHEL D'ORNANO (AVENUE),49.3381,0.02673,Plein jour,En agglomération,Hors intersection,Normale,Autre collision,,,,,,,,,,,1,2,1,1.0,6.0
201800014016,0018-01-09 19:15:00,18,1,9,19,15,140,699,ROY (CHEMIN DU),49.3468,0.09709,Nuit avec éclairage allumé,En agglomération,Intersection en T,Normale,Deux véhicules - frontale,,,,,,,,,,,5,2,3,1.0,1.0
201800014017,0018-01-21 16:03:00,18,1,21,16,3,140,557,OX AND BUCKS (AVENUE),49.3393,0.10012,Plein jour,En agglomération,Passage à niveau,Pluie légère,Deux véhicules - côté,,,,,,,,,,,1,2,8,2.0,3.0
201800014018,0018-02-06 20:20:00,18,2,6,20,20,140,699,"4, DOCTEUR LAINE (RUE DU",49.3528,0.09493,Nuit avec éclairage allumé,En agglomération,Intersection en X,Normale,Deux véhicules - côté,,,,,,,,,,,5,2,2,1.0,3.0
201800014019,0018-02-17 15:00:00,18,2,17,15,0,140,715,"21, AGUESSEAU (RUE D')",49.361,0.08792,Plein jour,En agglomération,Hors intersection,Normale,Trois véhicules et plus - en chaîne,,,,,,,,,,,1,2,1,1.0,4.0
201800014020,0018-02-18 23:50:00,18,2,18,23,50,140,699,HONFLEUR (ROUTE D'HONFLE,49.3504,0.11833,Nuit sans éclairage public,Hors agglomération,Intersection en Y,Pluie légère,Autre collision,,,,,,,,,,,3,1,4,2.0,6.0
201800014021,0018-02-17 17:40:00,18,2,17,17,40,140,79,C D 27,49.3071,0.04083,Plein jour,Hors agglomération,Intersection en X,Normale,Deux véhicules - côté,,,,,,,,,,,1,1,2,1.0,3.0
201800014022,0018-02-21 19:25:00,18,2,21,19,25,140,699,CD 677,49.3447,0.09909,Nuit avec éclairage non allumé,En agglomération,Hors intersection,Normale,Deux véhicules - arrière,,,,,,,,,,,4,2,1,1.0,2.0
201800014023,0018-03-04 14:48:00,18,3,4,14,48,140,220,"11, CORNUCHE (BOULEVARD)",49.3628,0.07443,Plein jour,En agglomération,Intersection en X,Temps éblouissant,Autre collision,,,,,,,,,,,1,2,2,7.0,6.0
201800014024,0018-03-10 13:14:00,18,3,10,13,14,140,715,"0, AGUESSEAU (ROUTE D')",49.3655,0.10113,Plein jour,Hors agglomération,Hors intersection,Normale,Autre collision,,,,,,,,,,,1,1,1,1.0,6.0
201800014025,0018-03-14 02:54:00,18,3,14,2,54,140,79,TOURGEVILLE (ROUTE DE),49.3242,0.0286,Nuit sans éclairage public,Hors agglomération,Hors intersection,Normale,Autre collision,,,,,,,,,,,3,1,1,1.0,6.0
201800014026,0018-04-25 13:24:00,18,4,25,13,24,140,701,CD 275,49.30345,0.08186,Plein jour,Hors agglomération,Hors intersection,Normale,Sans collision,,,,,,,,,,,1,1,1,1.0,7.0
201800014027,0018-04-23 19:50:00,18,4,23,19,50,140,220,REPUBLIQUE (AVENUE DE LA,49.3574,0.07415,Plein jour,En agglomération,Intersection en X,Normale,Deux véhicules - côté,,,,,,,,,,,1,2,2,1.0,3.0
201800014028,0018-04-27 10:00:00,18,4,27,10,0,140,557,BRIQUETTERIE (CHEMIN DE,49.33841,0.09308,Plein jour,En agglomération,Hors intersection,Normale,Deux véhicules - arrière,,,,,,,,,,,1,2,1,1.0,2.0
201800014029,0018-04-21 01:20:00,18,4,21,1,20,140,715,CHANCELIER (RUE DU),49.36864,0.0806,Nuit avec éclairage allumé,En agglomération,Hors intersection,Normale,Autre collision,,,,,,,,,,,5,2,1,1.0,6.0
201800014030,0018-05-10 16:55:00,18,5,10,16,55,140,699,CD 677,49.34019,0.10301,Plein jour,En agglomération,Intersection en X,Normale,Deux véhicules - côté,,,,,,,,,,,1,2,2,1.0,3.0
201800014031,0018-05-09 01:25:00,18,5,9,1,25,140,220,REPUBLIQUE (AVENUE DE LA,49.35891,0.07821,Nuit avec éclairage allumé,En agglomération,Intersection en X,Normale,Deux véhicules - côté,,,,,,,,,,,5,2,2,1.0,3.0
201800014032,0018-05-15 04:50:00,18,5,15,4,50,140,59,LITTORAL (AVENUE DU),49.3487,0.05041,Nuit avec éclairage allumé,En agglomération,Intersection en X,Normale,Autre collision,,,,,,,,,,,5,2,2,1.0,6.0
201800014033,0018-06-03 14:35:00,18,6,3,14,35,140,715,MARECHAL FOCH (PLACE),49.36605,0.07969,Plein jour,En agglomération,Hors intersection,Normale,Autre collision,,,,,,,,,,,1,2,1,1.0,6.0
201800014034,0018-06-23 12:50:00,18,6,23,12,50,140,701,CD 278,49.32194,0.09527,Plein jour,Hors agglomération,Hors intersection,Normale,Deux véhicules - côté,,,,,,,,,,,1,1,1,1.0,3.0
201800014035,0018-07-16 12:00:00,18,7,16,12,0,140,699,VALLEE D'AUGE (RUE DE LA,49.34617,0.09587,Plein jour,En agglomération,Hors intersection,Normale,Autre collision,,,,,,,,,,,1,2,1,1.0,6.0
201800014036,0018-07-16 12:50:00,18,7,16,12,50,140,557,L'ORGUEIL  (CHEMIN DE),49.31827,0.09047,Plein jour,Hors agglomération,Intersection en T,Normale,Deux véhicules - frontale,,,,,,,,,,,1,1,3,1.0,1.0
201800014037,0018-09-07 15:59:00,18,9,7,15,59,140,220,REPUBLIQUE (AVENUE DE LA,49.35982,0.08142,Plein jour,En agglomération,Giratoire,Normale,Deux véhicules - côté,,,,,,,,,,,1,2,6,1.0,3.0
201800014038,0018-09-09 15:20:00,18,9,9,15,20,140,715,HAUTPOUL (BOULEVARD),49.36687,0.08374,Plein jour,En agglomération,Hors intersection,Normale,Autre collision,,,,,,,,,,,1,2,1,1.0,6.0
201800014039,0018-09-10 18:10:00,18,9,10,18,10,140,715,PONT DES BELGES,49.36108,0.08512,Plein jour,En agglomération,Hors intersection,Normale,Autre collision,,,,,,,,,,,1,2,1,1.0,6.0
201800014040,0018-10-02 17:10:00,18,10,2,17,10,140,699,HONFLEUR (ROUTE D'HONFLE,49.36788,0.12591,Plein jour,Hors agglomération,Hors intersection,Temps couvert,Sans collision,,,,,,,,,,,1,1,1,8.0,7.0