accident_id,datetime,annee,mois,jour,heure,minute,departement,commune_insee,adresse,latitude,longitude,luminosite,agglomeration,intersection,meteo,collision,nb_vehicules,nb_usagers,nb_indemnes,nb_tues,nb_blesses_hosp,nb_blesses_legers,age_cond_1,age_cond_2,veh_type_cond_1,veh_type_cond_2,lum_code,agg_code,int_code,atm_code,col_code
201800014162,0018-12-23 19:30:00,18,12,23,19,30,580,277,CD 37,47.01465,3.84156,Nuit sans éclairage public,Hors agglomération,Hors intersection,Normale,Deux véhicules - frontale,,,,,,,,,,,3,1,1,1.0,1.0
201800014163,0018-04-15 10:30:00,18,4,15,10,30,580,80,RD 958,47.1731,3.64303,Plein jour,Hors agglomération,Hors intersection,Normale,Autre collision,,,,,,,,,,,1,1,1,1.0,6.0
201800014164,0018-05-19 23:00:00,18,5,19,23,0,580,83,10 avenue ST JEAN,47.25502,3.68072,Nuit avec éclairage allumé,En agglomération,Hors intersection,Normale,Autre collision,,,,,,,,,,,5,2,1,1.0,6.0
201800014165,0018-06-06 14:30:00,18,6,6,14,30,580,145,RD 944,47.29066,3.82689,Plein jour,Hors agglomération,Hors intersection,Normale,Autre collision,,,,,,,,,,,1,1,1,1.0,6.0
201800014166,0018-06-10 12:10:00,18,6,10,12,10,580,157,GR 13,47.31203,3.93403,Plein jour,Hors agglomération,Hors intersection,Normale,Sans collision,,,,,,,,,,,1,1,1,1.0,7.0
201800014167,0018-06-09 10:40:00,18,6,9,10,40,580,305,RD 944,47.235,3.82294,Plein jour,Hors agglomération,Hors intersection,Normale,Sans collision,,,,,,,,,,,1,1,1,1.0,7.0
201800014168,0018-08-14 13:00:00,18,8,14,13,0,580,23,RD 958,47.38347,3.78738,Plein jour,Hors agglomération,Hors intersection,Normale,Autre collision,,,,,,,,,,,1,1,1,1.0,6.0
201800014169,0018-09-15 08:49:00,18,9,15,8,49,580,180,lieu dit Les GADREYS che,47.20102,4.08194,Plein jour,Hors agglomération,Hors intersection,Normale,Deux véhicules - frontale,,,,,,,,,,,1,1,1,1.0,1.0
201800014170,0018-09-16 15:30:00,18,9,16,15,30,580,3,LIEU DIT LA BALANCE,47.21317,4.21905,Plein jour,Hors agglomération,Hors intersection,Normale,Deux véhicules - arrière,,,,,,,,,,,1,1,1,1.0,2.0
201800014171,0018-11-03 16:50:00,18,11,3,16,50,580,255,Lieu-dit Les Granges,47.32288,3.83657,Crépuscule ou aube,Hors agglomération,Hors intersection,Normale,Deux véhicules - frontale,,,,,,,,,,,2,1,1,1.0,1.0
201800014172,0018-01-18 11:15:00,18,1,18,11,15,580,17,RD945 PR 19+72,47.12295,3.70299,Plein jour,Hors agglomération,Hors intersection,Pluie forte,Autre collision,,,,,,,,,,,1,1,1,3.0,6.0
201800014173,0018-08-02 14:45:00,18,8,2,14,45,580,35,lieu dit aglan,47.06919,3.43671,Plein jour,Hors agglomération,Hors intersection,Normale,Sans collision,,,,,,,,,,,1,1,1,1.0,7.0
201800014174,0018-08-07 10:00:00,18,8,7,10,0,580,65,DEPARTEMENTALE 978 - PK,47.05191,3.65461,Plein jour,Hors agglomération,Hors intersection,Temps éblouissant,Deux véhicules - frontale,,,,,,,,,,,1,1,1,7.0,1.0
201800014175,0018-09-09 16:30:00,18,9,9,16,30,580,257,RD 958 - PK 41+700,47.10968,3.58497,Plein jour,Hors agglomération,Hors intersection,Normale,Sans collision,,,,,,,,,,,1,1,1,1.0,7.0
201800014176,0018-11-26 16:45:00,18,11,26,16,45,580,65,RD 945,47.05191,3.65461,Nuit sans éclairage public,Hors agglomération,Hors intersection,Pluie forte,Sans collision,,,,,,,,,,,3,1,1,3.0,7.0
201800014177,0018-12-06 20:00:00,18,12,6,20,0,580,313,RD 181 PK24+700,47.1884,3.56518,Nuit sans éclairage public,Hors agglomération,Hors intersection,Pluie légère,Autre collision,,,,,,,,,,,3,1,1,2.0,6.0
201800014178,0018-05-14 17:50:00,18,5,14,17,50,580,281,lieu dit fontenoy,47.35415,3.03876,Plein jour,Hors agglomération,Intersection en Y,Pluie légère,Deux véhicules - frontale,,,,,,,,,,,1,1,4,2.0,1.0
201800014179,0018-06-24 17:20:00,18,6,24,17,20,580,279,"LIEU DIT ""LES MONTOIS"" P",47.15318,3.26993,Plein jour,Hors agglomération,Hors intersection,Normale,Deux véhicules - frontale,,,,,,,,,,,1,1,1,1.0,1.0
201800014180,0018-07-04 08:30:00,18,7,4,8,30,580,228,"D 503 ""Les Fouinelles""",47.30008,2.96637,Plein jour,Hors agglomération,Hors intersection,Normale,Deux véhicules - frontale,,,,,,,,,,,1,1,1,1.0,1.0
201800014181,0018-07-13 10:15:00,18,7,13,10,15,580,56,D110,47.14467,3.06331,Plein jour,Hors agglomération,Hors intersection,Normale,Sans collision,,,,,,,,,,,1,1,1,1.0,7.0
201800014182,0018-08-11 21:45:00,18,8,11,21,45,580,189,LIEU DIT LA BERNOTTERIE,47.22687,3.10187,Nuit sans éclairage public,Hors agglomération,Hors intersection,Normale,Autre collision,,,,,,,,,,,3,1,1,1.0,6.0
201800014183,0018-08-14 14:51:00,18,8,14,14,51,580,155,D907,47.15432,3.02647,Plein jour,Hors agglomération,Hors intersection,Normale,Deux véhicules - arrière,,,,,,,,,,,1,1,1,1.0,2.0
201800014184,0018-10-11 14:15:00,18,10,11,14,15,580,218,D38,47.16898,3.36138,Plein jour,Hors agglomération,Hors intersection,Normale,Sans collision,,,,,,,,,,,1,1,1,1.0,7.0
201800014185,0018-10-14 09:15:00,18,10,14,9,15,580,281,54 rue de saint symphori,47.33667,3.06578,Plein jour,En agglomération,Hors intersection,Temps éblouissant,Autre collision,,,,,,,,,,,1,2,1,7.0,6.0
201800014186,0018-12-10 00:01:00,18,12,10,0,1,580,295,Rue du buisson sourd Lie,47.34078,2.89664,Nuit sans éclairage public,En agglomération,Hors intersection,Pluie légère,Autre collision,,,,,,,,,,,3,2,1,2.0,6.0
201800014187,0018-05-05 15:30:00,18,5,5,15,30,580,197,RD 119,47.39537,3.69708,Plein jour,Hors agglomération,Hors intersection,Normale,Sans collision,,,,,,,,,,,1,1,1,1.0,7.0
201800014188,0018-05-09 16:50:00,18,5,9,16,50,580,170,CD985,47.33059,3.66367,Plein jour,En agglomération,Hors intersection,Normale,Deux véhicules - frontale,,,,,,,,,,,1,2,1,1.0,1.0
201800014189,0018-05-11 16:15:00,18,5,11,16,15,580,109,D 957 PK 37+400,47.46835,3.32607,Plein jour,Hors agglomération,Intersection en T,Normale,Deux véhicules - côté,,,,,,,,,,,1,1,3,1.0,3.0
201800014190,0018-07-30 11:15:00,18,7,30,11,15,580,198,Rue de Charmois,47.4772,3.44697,Plein jour,En agglomération,Hors intersection,Normale,Autre collision,,,,,,,,,,,1,2,1,1.0,6.0
201800014191,0018-12-08 23:20:00,18,12,8,23,20,580,79,D951 Pk 0+900,47.47396,3.52851,Nuit sans éclairage public,Hors agglomération,Hors intersection,Pluie légère,Autre collision,,,,,,,,,,,3,1,1,2.0,6.0
201800014192,0018-02-02 16:15:00,18,2,2,16,15,260,124,D247,,,Plein jour,En agglomération,Hors intersection,Normale,Deux véhicules - côté,,,,,,,,,,,1,2,1,1.0,3.0
201800014193,0018-02-11 07:00:00,18,2,11,7,0,260,6,D125,44.76192,4.91854,Nuit sans éclairage public,Hors agglomération,Intersection en T,Normale,Autre collision,,,,,,,,,,,3,1,3,1.0,6.0
201800014194,0018-03-09 19:50:00,18,3,9,19,50,260,165,PONT DE LA VOULTE,,,Nuit sans éclairage public,Hors agglomération,Hors intersection,Pluie légère,Trois véhicules et plus - collisions multiples,,,,,,,,,,,3,1,1,2.0,5.0
201800014195,0018-03-13 18:00:00,18,3,13,18,0,260,166,RN 7,,,Plein jour,Hors agglomération,Hors intersection,Normale,Deux véhicules - arrière,,,,,,,,,,,1,1,1,1.0,2.0
201800014196,0018-03-21 07:30:00,18,3,21,7,30,260,165,D 215,,,Plein jour,Hors agglomération,Hors intersection,Vent fort / tempête,Deux véhicules - côté,,,,,,,,,,,1,1,1,6.0,3.0
201800014197,0018-03-28 09:36:00,18,3,28,9,36,260,124,PONT DU LAUD,,,Plein jour,Hors agglomération,Hors intersection,Normale,Sans collision,,,,,,,,,,,1,1,1,1.0,7.0
201800014198,0018-04-03 09:45:00,18,4,3,9,45,260,166,RD 104 N,,,Plein jour,Hors agglomération,Hors intersection,Normale,Autre collision,,,,,,,,,,,1,1,1,1.0,6.0
201800014199,0018-03-30 08:41:00,18,3,30,8,41,260,165,CHEMIN DE GRAND GRANGES,44.79374,4.80044,Plein jour,Hors agglomération,Hors intersection,Pluie légère,Deux véhicules - côté,,,,,,,,,,,1,1,1,2.0,3.0
201800014200,0018-04-13 14:45:00,18,4,13,14,45,260,166,CHEMIN SAINT MARTIN,44.75381,4.7729,Plein jour,Hors agglomération,Hors intersection,Normale,Deux véhicules - frontale,,,,,,,,,,,1,1,1,1.0,1.0
201800014201,0018-04-30 16:40:00,18,4,30,16,40,260,165,AVENUE DES CEVENNES,44.77117,4.83612,Plein jour,En agglomération,Hors intersection,Normale,Deux véhicules - côté,,,,,,,,,,,1,2,1,1.0,3.0
201800014202,0018-05-09 11:45:00,18,5,9,11,45,260,165,76 AV JOSPEH COMBIER,,,Plein jour,En agglomération,Hors intersection,Normale,Autre collision,,,,,,,,,,,1,2,1,1.0,6.0
201800014203,0018-06-21 07:49:00,18,6,21,7,49,260,166,RD 104,,,Plein jour,Hors agglomération,Hors intersection,Normale,Trois véhicules et plus - en chaîne,,,,,,,,,,,1,1,1,1.0,4.0
201800014204,0018-06-21 07:44:00,18,6,21,7,44,260,124,ROUTE DE MARMANS,,,Plein jour,En agglomération,Intersection en X,Normale,Deux véhicules - côté,,,,,,,,,,,1,2,2,1.0,3.0
201800014205,0018-06-21 18:22:00,18,6,21,18,22,260,6,ROUTE DE CREST,44.76243,4.93722,Plein jour,Hors agglomération,Hors intersection,Normale,Deux véhicules - frontale,,,,,,,,,,,1,1,1,1.0,1.0
201800014206,0018-06-24 14:05:00,18,6,24,14,5,260,166,RD 104,,,Plein jour,Hors agglomération,Hors intersection,Normale,Deux véhicules - frontale,,,,,,,,,,,1,1,1,1.0,1.0
201800014207,0018-06-29 12:05:00,18,6,29,12,5,260,124,D111,,,Plein jour,Hors agglomération,Hors intersection,Normale,Deux véhicules - frontale,,,,,,,,,,,1,1,1,1.0,1.0
201800014208,0018-06-30 16:45:00,18,6,30,16,45,260,165,R N 7,,,Plein jour,Hors agglomération,Hors intersection,Normale,Deux véhicules - côté,,,,,,,,,,,1,1,1,1.0,3.0
201800014209,0018-07-07 01:00:00,18,7,7,1,0,260,337,AV DE PROVENCE,,,Nuit sans éclairage public,En agglomération,Hors intersection,Normale,Autre collision,,,,,,,,,,,3,2,1,1.0,6.0
201800014210,0018-07-25 18:15:00,18,7,25,18,15,260,124,RUE DE LA RAYE,44.85037,4.87,Plein jour,En agglomération,Hors intersection,Normale,Deux véhicules - côté,,,,,,,,,,,1,2,1,1.0,3.0
201800014211,0018-08-13 23:58:00,18,8,13,23,58,260,124,RN 7,,,Nuit sans éclairage public,Hors agglomération,Hors intersection,Normale,Sans collision,,,,,,,,,,,3,1,1,1.0,7.0
201800014212,0018-09-16 20:40:00,18,9,16,20,40,260,124,RN7 les iles du chez,44.86552,4.85999,Nuit sans éclairage public,Hors agglomération,Hors intersection,Normale,Trois véhicules et plus - collisions multiples,,,,,,,,,,,3,1,1,1.0,5.0
201800014213,0018-09-11 17:50:00,18,9,11,17,50,260,166,D104N,44.75524,4.79294,Plein jour,Hors agglomération,Hors intersection,Normale,Trois véhicules et plus - en chaîne,,,,,,,,,,,1,1,1,1.0,4.0
201800014214,0018-10-20 17:25:00,18,10,20,17,25,260,337,LE PAVE,44.6812,4.79589,Plein jour,Hors agglomération,Intersection en T,Normale,Deux véhicules - frontale,,,,,,,,,,,1,1,3,1.0,1.0
201800014215,0018-10-27 20:15:00,18,10,27,20,15,260,124,RD 111,44.83548,4.89959,Nuit avec éclairage allumé,Hors agglomération,Hors intersection,Pluie légère,Deux véhicules - arrière,,,,,,,,,,,5,1,1,2.0,2.0
201800014216,0018-11-09 08:35:00,18,11,9,8,35,260,166,LES BLACHES,44.73353,4.80932,Plein jour,En agglomération,Intersection en Y,Normale,Deux véhicules - côté,,,,,,,,,,,1,2,4,1.0,3.0
201800014217,0018-11-14 10:40:00,18,11,14,10,40,260,165,rue du parc,44.76979,4.84065,Plein jour,En agglomération,Hors intersection,Normale,Autre collision,,,,,,,,,,,1,2,1,1.0,6.0
201800014218,0018-11-16 17:45:00,18,11,16,17,45,260,144,intersection D104 - D437,44.73009,4.93481,Nuit sans éclairage public,Hors agglomération,Autre intersection,Normale,Deux véhicules - frontale,,,,,,,,,,,3,1,9,1.0,1.0
201800014219,0018-11-18 08:00:00,18,11,18,8,0,260,124,D247,44.8266,4.87709,Nuit sans éclairage public,Hors agglomération,Hors intersection,Normale,Autre collision,,,,,,,,,,,3,1,1,1.0,6.0
201800014220,0018-05-04 17:00:00,18,5,4,17,0,260,108,RUE SADI CARNOT,44.73085,5.01758,Plein jour,En agglomération,Intersection en X,Normale,Deux véhicules - frontale,,,,,,,,,,,1,2,2,1.0,1.0
201800014221,0018-05-25 15:30:00,18,5,25,15,30,260,365,QUARTIER FESTEILLE,,,Plein jour,Hors agglomération,Hors intersection,Normale,Deux véhicules - frontale,,,,,,,,,,,1,1,1,1.0,1.0
201800014222,0018-06-02 20:00:00,18,6,2,20,0,260,195,RD 70,,,Plein jour,Hors agglomération,Hors intersection,Normale,Deux véhicules - frontale,,,,,,,,,,,1,1,1,1.0,1.0
201800014223,0018-06-19 17:40:00,18,6,19,17,40,260,11,ROUTE DE  BLACONS,44.71489,5.06904,Plein jour,Hors agglomération,Hors intersection,Normale,Deux véhicules - côté,,,,,,,,,,,1,1,1,1.0,3.0
201800014224,0018-08-17 18:05:00,18,8,17,18,5,260,108,RD 538,,,Plein jour,Hors agglomération,Intersection en Y,Temps couvert,Deux véhicules - côté,,,,,,,,,,,1,1,4,8.0,3.0
201800014225,0018-10-17 14:20:00,18,10,17,14,20,260,365,D538,44.78394,5.02423,Plein jour,Hors agglomération,Hors intersection,Normale,Autre collision,,,,,,,,,,,1,1,1,1.0,6.0
201800014226,0018-10-18 14:15:00,18,10,18,14,15,260,141,RD 731,44.80477,5.11571,Plein jour,Hors agglomération,Hors intersection,Normale,Autre collision,,,,,,,,,,,1,1,1,1.0,6.0
201800014227,0018-01-20 17:30:00,18,1,20,17,30,260,113,RUINEL ET ONGLANE,,,Nuit sans éclairage public,Hors agglomération,Hors intersection,Neige / grêle,Deux véhicules - frontale,,,,,,,,,,,3,1,1,4.0,1.0
201800014228,0018-02-01 10:19:00,18,2,1,10,19,260,40,RD 93,,,Plein jour,Hors agglomération,Hors intersection,Neige / grêle,Sans collision,,,,,,,,,,,1,1,1,4.0,7.0
201800014229,0018-04-12 12:15:00,18,4,12,12,15,260,113,RD 543,44.7727,5.3622,Plein jour,Hors agglomération,Hors intersection,Normale,Deux véhicules - côté,,,,,,,,,,,1,1,1,1.0,3.0
201800014230,0018-07-20 15:00:00,18,7,20,15,0,260,113,BD MARECHAL LECLERC,,,Plein jour,En agglomération,Hors intersection,Normale,Autre collision,,,,,,,,,,,1,2,1,1.0,6.0
201800014231,0018-07-21 19:00:00,18,7,21,19,0,260,248,R D 93,,,Plein jour,En agglomération,Hors intersection,Normale,Sans collision,,,,,,,,,,,1,2,1,1.0,7.0
201800014232,0018-09-04 14:45:00,18,9,4,14,45,260,167,PK3+500,44.61144,5.4727,Plein jour,Hors agglomération,Hors intersection,Normale,Deux véhicules - frontale,,,,,,,,,,,1,1,1,1.0,1.0
201800014233,0018-09-04 20:45:00,18,9,4,20,45,260,86,RD539,44.69177,5.49246,Nuit sans éclairage public,Hors agglomération,Hors intersection,Normale,Autre collision,,,,,,,,,,,3,1,1,1.0,6.0
201800014234,0018-09-10 14:00:00,18,9,10,14,0,260,69,ROUTE DU COL DE ROUSSET,44.80909,5.39372,Plein jour,Hors agglomération,Hors intersection,Normale,Autre collision,,,,,,,,,,,1,1,1,1.0,6.0
201800014235,0018-10-27 12:22:00,18,10,27,12,22,260,113,AV SADI CARNO,44.75769,5.36505,Plein jour,En agglomération,Intersection en T,Pluie forte,Deux véhicules - côté,,,,,,,,,,,1,2,3,3.0,3.0
201800014236,0018-12-27 19:15:00,18,12,27,19,15,260,246,Route départementale 93.,44.7785,5.31351,Nuit sans éclairage public,Hors agglomération,Hors intersection,Normale,Deux véhicules - frontale,,,,,,,,,,,3,1,1,1.0,1.0
201800014237,0018-03-01 12:00:00,18,3,1,12,0,260,95,LES BLACHES,,,Plein jour,Hors agglomération,Hors intersection,Pluie légère,Deux véhicules - frontale,,,,,,,,,,,1,1,1,2.0,1.0
201800014238,0018-03-15 16:06:00,18,3,15,16,6,260,176,LES BERRYS,,,Plein jour,Hors agglomération,Intersection en X,Normale,Deux véhicules - côté,,,,,,,,,,,1,1,2,1.0,3.0
201800014239,0018-06-05 16:45:00,18,6,5,16,45,260,338,RD 74,,,Plein jour,Hors agglomération,Hors intersection,Normale,Deux véhicules - frontale,,,,,,,,,,,1,1,1,1.0,1.0
201800014240,0018-08-01 08:10:00,18,8,1,8,10,260,176,LES BASTETS,,,Plein jour,Hors agglomération,Hors intersection,Normale,Sans collision,,,,,,,,,,,1,1,1,1.0,7.0
201800014241,0018-08-20 18:45:00,18,8,20,18,45,260,45,route de SAINT PAULET,44.55278,4.93085,Plein jour,Hors agglomération,Hors intersection,Temps éblouissant,Deux véhicules - côté,,,,,,,,,,,1,1,1,7.0,3.0
201800014242,0018-09-16 16:50:00,18,9,16,16,50,260,5,CD 169 le sastre,44.52596,4.79936,Plein jour,Hors agglomération,Hors intersection,Normale,Autre collision,,,,,,,,,,,1,1,1,1.0,6.0
201800014243,0018-09-21 20:20:00,18,9,21,20,20,260,344,RD 538 Quartier LAMOTTE,44.63116,5.00774,Crépuscule ou aube,Hors agglomération,Hors intersection,Normale,Sans collision,,,,,,,,,,,2,1,1,1.0,7.0
201800014244,0018-09-29 09:15:00,18,9,29,9,15,260,52,D128 PK 08+700,44.58422,4.85602,Plein jour,Hors agglomération,Hors intersection,Normale,Autre collision,,,,,,,,,,,1,1,1,1.0,6.0
201800014245,0018-01-21 06:30:00,18,1,21,6,30,260,114,D540,,,Nuit sans éclairage public,Hors agglomération,Hors intersection,Pluie légère,Autre collision,,,,,,,,,,,3,1,1,2.0,6.0
201800014246,0018-11-17 19:00:00,18,11,17,19,0,260,241,RD233,44.59882,5.08199,Nuit sans éclairage public,Hors agglomération,Hors intersection,Brouillard / fumée,Sans collision,,,,,,,,,,,3,1,1,5.0,7.0
201800014247,0018-01-17 08:45:00,18,1,17,8,45,260,324,AVENUE DES COTEAUX,,,Plein jour,En agglomération,Hors intersection,Normale,Deux véhicules - arrière,,,,,,,,,,,1,2,1,1.0,2.0
201800014248,0018-04-25 19:55:00,18,4,25,19,55,260,357,RTE DE BOUCHET,,,Plein jour,Hors agglomération,Hors intersection,Normale,Autre collision,,,,,,,,,,,1,1,1,1.0,6.0
201800014249,0018-05-25 12:15:00,18,5,25,12,15,260,345,RD 59,,,Plein jour,Hors agglomération,Hors intersection,Normale,Autre collision,,,,,,,,,,,1,1,1,1.0,6.0
201800014250,0018-07-10 09:30:00,18,7,10,9,30,260,345,2370 Chemin des Paluds,44.29981,4.80625,Plein jour,Hors agglomération,Hors intersection,Normale,Deux véhicules - frontale,,,,,,,,,,,1,1,1,1.0,1.0
201800014251,0018-08-14 12:40:00,18,8,14,12,40,260,345,RD 59,,,Plein jour,Hors agglomération,Hors intersection,Normale,Deux véhicules - arrière,,,,,,,,,,,1,1,1,1.0,2.0
201800014252,0018-07-05 18:15:00,18,7,5,18,15,260,376,RD 94,,,Plein jour,Hors agglomération,Hors intersection,Temps éblouissant,Autre collision,,,,,,,,,,,1,1,1,7.0,6.0
201800014253,0018-08-12 10:00:00,18,8,12,10,0,260,363,RD 130,,,Plein jour,Hors agglomération,Hors intersection,Normale,Sans collision,,,,,,,,,,,1,1,1,1.0,7.0
201800014254,0018-07-08 15:05:00,18,7,8,15,5,260,239,RD 72,,,Plein jour,Hors agglomération,Hors intersection,Normale,Autre collision,,,,,,,,,,,1,1,1,1.0,6.0
201800014255,0018-09-03 13:50:00,18,9,3,13,50,260,263,Hameau de Briancon,44.18324,5.38797,Plein jour,Hors agglomération,Hors intersection,Normale,Deux véhicules - frontale,,,,,,,,,,,1,1,1,1.0,1.0
201800014256,0018-11-26 13:35:00,18,11,26,13,35,260,63,PK 02 - ROUTE DEPARTEMEN,44.25993,5.26035,Plein jour,Hors agglomération,Hors intersection,Normale,Deux véhicules - frontale,,,,,,,,,,,1,1,1,1.0,1.0
201800014257,0018-01-14 17:40:00,18,1,14,17,40,260,172,RD 121,,,Nuit sans éclairage public,Hors agglomération,Hors intersection,Normale,Autre collision,,,,,,,,,,,3,1,1,1.0,6.0
201800014258,0018-05-30 12:10:00,18,5,30,12,10,260,118,ROUTE DE ST RAMBERT,45.30938,4.91899,Plein jour,Hors agglomération,Hors intersection,Temps couvert,Deux véhicules - frontale,,,,,,,,,,,1,1,1,8.0,1.0
201800014259,0018-06-01 22:30:00,18,6,1,22,30,260,148,1000 ROUTE DU  LARIS,,,Nuit sans éclairage public,Hors agglomération,Hors intersection,Normale,Sans collision,,,,,,,,,,,3,1,1,1.0,7.0
201800014260,0018-08-06 17:30:00,18,8,6,17,30,260,330,RD 139,,,Plein jour,Hors agglomération,Autre intersection,Normale,Deux véhicules - frontale,,,,,,,,,,,1,1,9,1.0,1.0
201800014261,0018-11-29 08:10:00,18,11,29,8,10,260,162,Route de MANTHES (D137),45.30236,5.02346,Plein jour,Hors agglomération,Hors intersection,Normale,Autre collision,,,,,,,,,,,1,1,1,1.0,6.0
201800014262,0018-02-28 10:00:00,18,2,28,10,0,700,20,departementale 457,47.58238,6.11529,Plein jour,Hors agglomération,Hors intersection,Normale,Deux véhicules - frontale,,,,,,,,,,,1,1,1,1.0,1.0
201800014263,0018-03-28 13:50:00,18,3,28,13,50,700,163,nationale 57,47.65364,6.20746,Plein jour,Hors agglomération,Hors intersection,Pluie légère,Deux véhicules - frontale,,,,,,,,,,,1,1,1,2.0,1.0
201800014264,0018-04-30 19:50:00,18,4,30,19,50,700,390,25 RUE BASSE,47.61379,6.3023,Plein jour,En agglomération,Hors intersection,Normale,Autre collision,,,,,,,,,,,1,2,1,1.0,6.0
201800014265,0018-07-09 07:55:00,18,7,9,7,55,700,522,D113,47.71609,6.2107,Plein jour,Hors agglomération,Hors intersection,Normale,Deux véhicules - frontale,,,,,,,,,,,1,1,1,1.0,1.0
201800014266,0018-07-22 18:05:00,18,7,22,18,5,700,433,D9,47.58599,6.22618,Plein jour,Hors agglomération,Hors intersection,Normale,Trois véhicules et plus - collisions multiples,,,,,,,,,,,1,1,1,1.0,5.0
201800014267,0018-08-31 22:05:00,18,8,31,22,5,700,136,RN 19,47.65997,6.10676,Nuit sans éclairage public,Hors agglomération,Hors intersection,Normale,Deux véhicules - arrière,,,,,,,,,,,3,1,1,1.0,2.0
201800014268,0018-09-04 19:30:00,18,9,4,19,30,700,40,CD81,47.6176,6.34257,Plein jour,Hors agglomération,Hors intersection,Normale,Sans collision,,,,,,,,,,,1,1,1,1.0,7.0
201800014269,0018-10-11 10:20:00,18,10,11,10,20,700,166,RN57,47.64612,6.19445,Plein jour,Hors agglomération,Intersection en X,Normale,Sans collision,,,,,,,,,,,1,1,2,1.0,7.0
201800014270,0018-01-29 14:15:00,18,1,29,14,15,700,228,PK 13.7 RD 434,47.77125,6.0795,Plein jour,Hors agglomération,Hors intersection,Pluie légère,Autre collision,,,,,,,,,,,1,1,1,2.0,6.0
201800014271,0018-06-03 02:15:00,18,6,3,2,15,700,292,voie communale 204,47.8171,5.89003,Nuit sans éclairage public,Hors agglomération,Hors intersection,Normale,Sans collision,,,,,,,,,,,3,1,1,1.0,7.0
201800014272,0018-06-04 20:15:00,18,6,4,20,15,700,415,route départementale 434,47.84623,6.08204,Nuit sans éclairage public,Hors agglomération,Hors intersection,Pluie forte,Sans collision,,,,,,,,,,,3,1,1,3.0,7.0
201800014273,0018-06-18 13:30:00,18,6,18,13,30,700,373,RD1 PK 12 - 500,47.68544,5.73136,Plein jour,Hors agglomération,Hors intersection,Normale,Sans collision,,,,,,,,,,,1,1,1,1.0,7.0
201800014274,0018-06-29 18:45:00,18,6,29,18,45,700,430,Route Nationale 19,47.76705,5.70838,Plein jour,Hors agglomération,Hors intersection,Normale,Sans collision,,,,,,,,,,,1,1,1,1.0,7.0
201800014275,0018-09-08 15:45:00,18,9,8,15,45,700,17,voie communale 1,47.85364,6.12583,Plein jour,Hors agglomération,Hors intersection,Normale,Deux véhicules - côté,,,,,,,,,,,1,1,1,1.0,3.0
201800014276,0018-02-11 05:40:00,18,2,11,5,40,700,421,RD 155,47.67714,6.04945,Nuit sans éclairage public,Hors agglomération,Hors intersection,Normale,Autre collision,,,,,,,,,,,3,1,1,1.0,6.0
201800014277,0018-03-30 15:20:00,18,3,30,15,20,700,324,Départementale 474 PK 44,47.55104,6.06271,Plein jour,Hors agglomération,Hors intersection,Pluie légère,Autre collision,,,,,,,,,,,1,1,1,2.0,6.0
201800014278,0018-04-02 05:40:00,18,4,2,5,40,700,275,Cd 474 PK 37+500,47.51618,6.00148,Nuit sans éclairage public,Hors agglomération,Hors intersection,Normale,Sans collision,,,,,,,,,,,3,1,1,1.0,7.0
201800014279,0018-04-07 21:44:00,18,4,7,21,44,700,2,D56,47.77379,5.95813,Nuit sans éclairage public,Hors agglomération,Hors intersection,Normale,Autre collision,,,,,,,,,,,3,1,1,1.0,6.0
201800014280,0018-06-01 17:20:00,18,6,1,17,20,700,426,61 grande rue,47.71967,6.12294,Plein jour,En agglomération,Hors intersection,Normale,Deux véhicules - côté,,,,,,,,,,,1,2,1,1.0,3.0
201800014281,0018-06-16 03:30:00,18,6,16,3,30,700,421,lieu-dit Maupatet,47.69044,6.00767,Nuit sans éclairage public,Hors agglomération,Hors intersection,Normale,Deux véhicules - frontale,,,,,,,,,,,3,1,1,1.0,1.0
201800014282,0018-07-04 16:05:00,18,7,4,16,5,700,384,intersection de D3 et CD,47.52206,5.93911,Plein jour,Hors agglomération,Intersection en T,Normale,Deux véhicules - côté,,,,,,,,,,,1,1,3,1.0,3.0
201800014283,0018-07-16 00:10:00,18,7,16,0,10,700,272,2 rue du chanois,47.7185,5.84529,Nuit avec éclairage allumé,En agglomération,Hors intersection,Normale,Autre collision,,,,,,,,,,,5,2,1,1.0,6.0
201800014284,0018-11-10 01:30:00,18,11,10,1,30,700,421,26 rue de saint valère,47.69166,6.03516,Nuit avec éclairage allumé,En agglomération,Hors intersection,Normale,Autre collision,,,,,,,,,,,5,2,1,1.0,6.0
201800014285,0018-05-11 15:30:00,18,5,11,15,30,700,441,"RD 5, PR 16+ 67",47.4573,5.99549,Plein jour,Hors agglomération,Intersection en X,Normale,Deux véhicules - côté,,,,,,,,,,,1,1,2,1.0,3.0
201800014286,0018-06-11 17:50:00,18,6,11,17,50,700,575,Bretelle de sortie RN 57,47.34724,6.01777,Plein jour,Hors agglomération,Intersection en Y,Normale,Autre collision,,,,,,,,,,,1,1,4,1.0,6.0
201800014287,0018-06-16 12:40:00,18,6,16,12,40,700,447,D15,47.43312,6.10992,Plein jour,En agglomération,Hors intersection,Normale,Sans collision,,,,,,,,,,,1,2,1,1.0,7.0