accident_id,datetime,annee,mois,jour,heure,minute,departement,commune_insee,adresse,latitude,longitude,luminosite,agglomeration,intersection,meteo,collision,nb_vehicules,nb_usagers,nb_indemnes,nb_tues,nb_blesses_hosp,nb_blesses_legers,age_cond_1,age_cond_2,veh_type_cond_1,veh_type_cond_2,lum_code,agg_code,int_code,atm_code,col_code
201800014288,0018-07-09 18:00:00,18,7,9,18,0,700,309,"RD 15, PR 3 + 230",47.45196,6.22261,Plein jour,Hors agglomération,Hors intersection,Normale,Deux véhicules - côté,,,,,,,,,,,1,1,1,1.0,3.0
201800014289,0018-07-27 11:45:00,18,7,27,11,45,700,560,"D5, PR 20",47.44014,5.96997,Plein jour,Hors agglomération,Hors intersection,Normale,Deux véhicules - côté,,,,,,,,,,,1,1,1,1.0,3.0
201800014290,0018-08-09 09:15:00,18,8,9,9,15,700,575,41 Grande Rue,47.33922,6.01812,Plein jour,En agglomération,Hors intersection,Normale,Deux véhicules - arrière,,,,,,,,,,,1,2,1,1.0,2.0
201800014291,0018-09-07 10:30:00,18,9,7,10,30,700,575,rue de Vesoul,47.34629,6.02005,Plein jour,En agglomération,Hors intersection,Normale,Deux véhicules - arrière,,,,,,,,,,,1,2,1,1.0,2.0
201800014292,0018-11-07 18:20:00,18,11,7,18,20,700,493,RN 57,47.39369,6.06298,Nuit sans éclairage public,Hors agglomération,Hors intersection,Pluie légère,Trois véhicules et plus - collisions multiples,,,,,,,,,,,3,1,1,2.0,5.0
201800014293,0018-11-10 05:45:00,18,11,10,5,45,700,383,RN 57 - PK 71+473,47.41263,6.0695,Nuit avec éclairage non allumé,Hors agglomération,Hors intersection,Normale,Deux véhicules - frontale,,,,,,,,,,,4,1,1,1.0,1.0
201800014294,0018-01-18 18:35:00,18,1,18,18,35,700,122,D222 PK 001.500 sens Mon,47.6276,5.50887,Nuit sans éclairage public,Hors agglomération,Hors intersection,Pluie forte,Autre collision,,,,,,,,,,,3,1,1,3.0,6.0
201800014295,0018-04-03 11:39:00,18,4,3,11,39,700,299,20 rue de l'Europe,47.62401,5.78382,Plein jour,En agglomération,Intersection en T,Normale,Deux véhicules - côté,,,,,,,,,,,1,2,3,1.0,3.0
201800014296,0018-09-23 08:20:00,18,9,23,8,20,700,122,D67,47.65323,5.43784,Plein jour,Hors agglomération,Hors intersection,Normale,Sans collision,,,,,,,,,,,1,1,1,1.0,7.0
201800014297,0018-10-05 19:50:00,18,10,5,19,50,700,122,RD 460 PR 13+500,47.69253,5.57307,Nuit sans éclairage public,Hors agglomération,Hors intersection,Normale,Deux véhicules - frontale,,,,,,,,,,,3,1,1,1.0,1.0
201800014298,0018-10-28 14:00:00,18,10,28,14,0,700,122,Rond point de Langres,47.62013,5.51041,Plein jour,En agglomération,Giratoire,Vent fort / tempête,Autre collision,,,,,,,,,,,1,2,6,6.0,6.0
201800014299,0018-12-16 08:45:00,18,12,16,8,45,700,122,lieu dit les BARRAGAS,47.60271,5.52619,Plein jour,Hors agglomération,Hors intersection,Neige / grêle,Sans collision,,,,,,,,,,,1,1,1,4.0,7.0
201800014300,0018-12-18 11:50:00,18,12,18,11,50,700,58,D 2 PR 20+300,47.50078,5.66799,Plein jour,Hors agglomération,Hors intersection,Brouillard / fumée,Sans collision,,,,,,,,,,,1,1,1,5.0,7.0
201800014301,0018-03-13 05:45:00,18,3,13,5,45,700,104,route de vesoul,47.42608,5.84915,Nuit sans éclairage public,Hors agglomération,Hors intersection,Pluie légère,Deux véhicules - arrière,,,,,,,,,,,3,1,1,2.0,2.0
201800014302,0018-04-28 07:15:00,18,4,28,7,15,700,408,D12 - PK 3.900,47.29081,5.60204,Plein jour,Hors agglomération,Hors intersection,Normale,Trois véhicules et plus - collisions multiples,,,,,,,,,,,1,1,1,1.0,5.0
201800014303,0018-07-01 17:30:00,18,7,1,17,30,700,393,RD3,47.4155,5.93854,Plein jour,Hors agglomération,Hors intersection,Normale,Deux véhicules - frontale,,,,,,,,,,,1,1,1,1.0,1.0
201800014304,0018-10-31 07:45:00,18,10,31,7,45,700,150,D15,47.28444,5.74849,Plein jour,Hors agglomération,Hors intersection,Pluie légère,Deux véhicules - frontale,,,,,,,,,,,1,1,1,2.0,1.0
201800014305,0018-01-22 17:30:00,18,1,22,17,30,700,215,D219,47.68377,6.76891,Crépuscule ou aube,Hors agglomération,Hors intersection,Pluie forte,Autre collision,,,,,,,,,,,2,1,1,3.0,6.0
201800014306,0018-04-01 18:15:00,18,4,1,18,15,700,413,Lieu dit le Pré Bresson,47.70011,6.73447,Plein jour,Hors agglomération,Hors intersection,Normale,Autre collision,,,,,,,,,,,1,1,1,1.0,6.0
201800014307,0018-06-28 14:50:00,18,6,28,14,50,700,451,RD619 pk 80,47.69709,6.5895,Plein jour,Hors agglomération,Hors intersection,Normale,Deux véhicules - côté,,,,,,,,,,,1,1,1,1.0,3.0
201800014308,0018-07-10 17:00:00,18,7,10,17,0,700,328,RUE DU CIMETIÈRE,47.71401,6.56912,Plein jour,Hors agglomération,Hors intersection,Normale,Autre collision,,,,,,,,,,,1,1,1,1.0,6.0
201800014309,0018-09-08 17:00:00,18,9,8,17,0,700,248,D16,47.67843,6.74187,Plein jour,Hors agglomération,Hors intersection,Normale,Autre collision,,,,,,,,,,,1,1,1,1.0,6.0
201800014310,0018-10-07 11:00:00,18,10,7,11,0,700,283,26 rue de la Vierge - ru,47.84324,6.72295,Plein jour,En agglomération,Intersection en Y,Normale,Autre collision,,,,,,,,,,,1,2,4,1.0,6.0
201800014311,0018-02-10 05:55:00,18,2,10,5,55,700,311,RD6,47.80494,6.37105,Nuit sans éclairage public,Hors agglomération,Autre intersection,Pluie légère,Deux véhicules - côté,,,,,,,,,,,3,1,9,2.0,3.0
201800014312,0018-04-14 17:15:00,18,4,14,17,15,700,188,route de SAULX,47.68254,6.29383,Plein jour,Hors agglomération,Hors intersection,Normale,Trois véhicules et plus - collisions multiples,,,,,,,,,,,1,1,1,1.0,5.0
201800014313,0018-04-30 11:30:00,18,4,30,11,30,700,258,rue du souvenir,47.81708,6.42486,Plein jour,En agglomération,Intersection en X,Normale,Deux véhicules - côté,,,,,,,,,,,1,2,2,1.0,3.0
201800014314,0018-06-07 18:15:00,18,6,7,18,15,700,294,21 rue des Vosges,47.74723,6.50506,Plein jour,Hors agglomération,Hors intersection,Normale,Trois véhicules et plus - collisions multiples,,,,,,,,,,,1,1,1,1.0,5.0
201800014315,0018-07-31 11:57:00,18,7,31,11,57,700,216,Route Départementale 370,47.80964,6.44425,Plein jour,En agglomération,Hors intersection,Normale,Deux véhicules - côté,,,,,,,,,,,1,2,1,1.0,3.0
201800014316,0018-09-18 17:45:00,18,9,18,17,45,700,473,rue Aristide Briand,47.79377,6.39102,Plein jour,En agglomération,Autre intersection,Normale,Deux véhicules - côté,,,,,,,,,,,1,2,9,1.0,3.0
201800014317,0018-09-20 21:10:00,18,9,20,21,10,700,141,chemin goudronné,47.68857,6.31532,Nuit sans éclairage public,Hors agglomération,Hors intersection,Normale,Sans collision,,,,,,,,,,,3,1,1,1.0,7.0
201800014318,0018-10-10 05:10:00,18,10,10,5,10,700,311,27 rue Aristide Briand,47.81488,6.38694,Nuit avec éclairage allumé,En agglomération,Hors intersection,Normale,Autre collision,,,,,,,,,,,5,2,1,1.0,6.0
201800014319,0018-10-26 18:05:00,18,10,26,18,5,700,473,RD64,47.78677,6.39706,Crépuscule ou aube,Hors agglomération,Hors intersection,Normale,Trois véhicules et plus - en chaîne,,,,,,,,,,,2,1,1,1.0,4.0
201800014320,0018-11-23 07:20:00,18,11,23,7,20,700,258,rue du souvenir,47.81812,6.42218,Crépuscule ou aube,En agglomération,Intersection en Y,Normale,Deux véhicules - côté,,,,,,,,,,,2,2,4,1.0,3.0
201800014321,0018-05-09 07:50:00,18,5,9,7,50,700,83,place NAPOLEON,47.89448,6.2409,Plein jour,En agglomération,Hors intersection,Normale,Autre collision,,,,,,,,,,,1,2,1,1.0,6.0
201800014322,0018-05-14 08:20:00,18,5,14,8,20,700,10,rd 50,47.93534,6.09666,Plein jour,Hors agglomération,Hors intersection,Pluie légère,Sans collision,,,,,,,,,,,1,1,1,2.0,7.0
201800014323,0018-06-27 07:55:00,18,6,27,7,55,700,526,route départementale 147,47.91731,6.09276,Plein jour,Hors agglomération,Hors intersection,Temps éblouissant,Deux véhicules - frontale,,,,,,,,,,,1,1,1,7.0,1.0
201800014324,0018-07-15 23:30:00,18,7,15,23,30,700,87,D 28 PK 15.400,47.80135,6.16205,Nuit sans éclairage public,Hors agglomération,Hors intersection,Normale,Sans collision,,,,,,,,,,,3,1,1,1.0,7.0
201800014325,0018-07-16 00:45:00,18,7,16,0,45,700,245,D64 PK 015.100,47.86756,6.37804,Nuit sans éclairage public,Hors agglomération,Hors intersection,Normale,Sans collision,,,,,,,,,,,3,1,1,1.0,7.0
201800014326,0018-08-20 18:00:00,18,8,20,18,0,700,245,RD 83,47.89152,6.41919,Plein jour,Hors agglomération,Hors intersection,Normale,Deux véhicules - arrière,,,,,,,,,,,1,1,1,1.0,2.0
201800014327,0018-10-16 18:10:00,18,10,16,18,10,700,467,avenue Christiane Jansen,47.88212,6.27497,Plein jour,En agglomération,Hors intersection,Temps éblouissant,Autre collision,,,,,,,,,,,1,2,1,7.0,6.0
201800014328,0018-10-22 14:50:00,18,10,22,14,50,700,315,Rond point de Magnoncour,47.89918,6.29138,Plein jour,Hors agglomération,Giratoire,Normale,Deux véhicules - côté,,,,,,,,,,,1,1,6,1.0,3.0
201800014329,0018-03-05 18:00:00,18,3,5,18,0,700,116,RD16,47.60534,6.73986,Plein jour,Hors agglomération,Hors intersection,Normale,Sans collision,,,,,,,,,,,1,1,1,1.0,7.0
201800014330,0018-04-08 13:58:00,18,4,8,13,58,700,317,D486,47.53142,6.4189,Plein jour,Hors agglomération,Hors intersection,Normale,Sans collision,,,,,,,,,,,1,1,1,1.0,7.0
201800014331,0018-04-23 14:45:00,18,4,23,14,45,700,42,D9,47.53664,6.39968,Plein jour,Hors agglomération,Hors intersection,Pluie forte,Sans collision,,,,,,,,,,,1,1,1,3.0,7.0
201800014332,0018-05-09 15:45:00,18,5,9,15,45,700,317,D486,47.53413,6.41849,Plein jour,Hors agglomération,Intersection en X,Pluie légère,Deux véhicules - côté,,,,,,,,,,,1,1,2,2.0,3.0
201800014333,0018-06-21 21:00:00,18,6,21,21,0,700,117,03 rue de chenebier,47.63967,6.78451,Plein jour,En agglomération,Intersection en Y,Normale,Deux véhicules - frontale,,,,,,,,,,,1,2,4,1.0,1.0
201800014334,0018-07-15 20:15:00,18,7,15,20,15,700,117,D218,47.6262,6.76698,Plein jour,Hors agglomération,Hors intersection,Normale,Autre collision,,,,,,,,,,,1,1,1,1.0,6.0
201800014335,0018-08-18 04:40:00,18,8,18,4,40,700,117,RN 619,47.64219,6.79312,Nuit avec éclairage allumé,En agglomération,Intersection en T,Normale,Deux véhicules - côté,,,,,,,,,,,5,2,3,1.0,3.0
201800014336,0018-09-12 13:38:00,18,9,12,13,38,700,317,intersection d9- d486,47.53414,6.41849,Plein jour,Hors agglomération,Intersection en Y,Normale,Sans collision,,,,,,,,,,,1,1,4,1.0,7.0
201800014337,0018-11-30 06:30:00,18,11,30,6,30,700,349,Néant,47.55415,6.4153,Nuit sans éclairage public,Hors agglomération,Hors intersection,Pluie légère,Deux véhicules - frontale,,,,,,,,,,,3,1,1,2.0,1.0
201800014338,0018-08-27 13:45:00,18,8,27,13,45,640,136,RN 134,42.8945,-0.56484,Plein jour,Hors agglomération,Hors intersection,Normale,Sans collision,,,,,,,,,,,1,1,1,1.0,7.0
201800014339,0018-01-11 08:02:00,18,1,11,8,2,850,144,,46.83893,-1.0885,Nuit sans éclairage public,Hors agglomération,Hors intersection,Normale,Trois véhicules et plus - collisions multiples,,,,,,,,,,,3,1,1,1.0,5.0
201800014340,0018-03-16 14:30:00,18,3,16,14,30,850,151,,46.99232,-0.91413,Plein jour,Hors agglomération,Hors intersection,Normale,Deux véhicules - arrière,,,,,,,,,,,1,1,1,1.0,2.0
201800014341,0018-04-10 15:10:00,18,4,10,15,10,850,302,,46.94188,-0.98423,Plein jour,Hors agglomération,Hors intersection,Normale,Deux véhicules - frontale,,,,,,,,,,,1,1,1,1.0,1.0
201800014342,0018-04-19 15:29:00,18,4,19,15,29,850,257,LA BAIRE,46.83585,-0.88635,Plein jour,Hors agglomération,Intersection en T,Normale,Deux véhicules - arrière,,,,,,,,,,,1,1,3,1.0,2.0
201800014343,0018-05-16 09:39:00,18,5,16,9,39,850,84,LA MERLATIERE,46.77109,-1.2926,Plein jour,Hors agglomération,Hors intersection,Normale,Deux véhicules - côté,,,,,,,,,,,1,1,1,1.0,3.0
201800014344,0018-05-27 17:25:00,18,5,27,17,25,850,191,,46.67339,-1.34444,Plein jour,Hors agglomération,Hors intersection,Normale,Autre collision,,,,,,,,,,,1,1,1,1.0,6.0
201800014345,0018-06-25 09:25:00,18,6,25,9,25,850,84,,46.7641,-1.10516,Plein jour,Hors agglomération,Hors intersection,Normale,Trois véhicules et plus - en chaîne,,,,,,,,,,,1,1,1,1.0,4.0
201800014346,0018-06-28 14:50:00,18,6,28,14,50,850,190,La Coindrie,46.92215,-1.50552,Plein jour,Hors agglomération,Intersection en T,Normale,Trois véhicules et plus - collisions multiples,,,,,,,,,,,1,1,3,1.0,5.0
201800014347,0018-07-04 15:55:00,18,7,4,15,55,850,65,,46.87272,-1.28543,Plein jour,Hors agglomération,Hors intersection,Normale,Sans collision,,,,,,,,,,,1,1,1,1.0,7.0
201800014348,0018-07-04 13:00:00,18,7,4,13,0,850,202,La Raudière,46.7537,-1.12483,Plein jour,Hors agglomération,Hors intersection,Normale,Autre collision,,,,,,,,,,,1,1,1,1.0,6.0
201800014349,0018-08-03 22:31:00,18,8,3,22,31,850,34,,46.62798,-1.16266,Nuit sans éclairage public,Hors agglomération,Giratoire,Normale,Deux véhicules - côté,,,,,,,,,,,3,1,6,1.0,3.0
201800014350,0018-08-09 17:30:00,18,8,9,17,30,850,196,,46.83282,-1.16377,Plein jour,Hors agglomération,Hors intersection,Normale,Autre collision,,,,,,,,,,,1,1,1,1.0,6.0
201800014351,0018-08-10 11:25:00,18,8,10,11,25,850,151,,46.98896,-0.91599,Plein jour,Hors agglomération,Hors intersection,Normale,Sans collision,,,,,,,,,,,1,1,1,1.0,7.0
201800014352,0018-09-07 19:19:00,18,9,7,19,19,850,296,,46.91406,-0.85722,Plein jour,Hors agglomération,Hors intersection,Normale,Deux véhicules - frontale,,,,,,,,,,,1,1,1,1.0,1.0
201800014353,0018-11-30 23:45:00,18,11,30,23,45,850,300,Bretelle entrée A87 N°33,46.64295,-1.52247,Nuit sans éclairage public,Hors agglomération,Hors intersection,Temps couvert,Autre collision,,,,,,,,,,,3,1,1,8.0,6.0
201800014354,0018-01-05 12:45:00,18,1,5,12,45,10,245,départementale 42,46.12699,5.39061,Plein jour,Hors agglomération,Hors intersection,Normale,Sans collision,,,,,,,,,,,1,1,1,1.0,7.0
201800014355,0018-01-20 18:45:00,18,1,20,18,45,10,254,CD 1075,46.16508,5.26594,Nuit avec éclairage allumé,Hors agglomération,Hors intersection,Pluie légère,Deux véhicules - frontale,,,,,,,,,,,5,1,1,2.0,1.0
201800014356,0018-02-02 16:15:00,18,2,2,16,15,10,254,chemin du gourd,46.17321,5.27884,Plein jour,En agglomération,Hors intersection,Normale,Deux véhicules - frontale,,,,,,,,,,,1,2,1,1.0,1.0
201800014357,0018-05-24 15:28:00,18,5,24,15,28,10,408,Lieu dit Marcou,46.24719,5.42345,Plein jour,Hors agglomération,Hors intersection,Normale,Deux véhicules - côté,,,,,,,,,,,1,1,1,1.0,3.0
201800014358,0018-06-01 19:40:00,18,6,1,19,40,10,350,1175 route de BOURG,46.26469,5.28067,Plein jour,Hors agglomération,Hors intersection,Normale,Deux véhicules - côté,,,,,,,,,,,1,1,1,1.0,3.0
201800014359,0018-06-17 11:15:00,18,6,17,11,15,10,106,route départementale 98,46.20848,5.44029,Plein jour,Hors agglomération,Hors intersection,Normale,Sans collision,,,,,,,,,,,1,1,1,1.0,7.0
201800014360,0018-06-26 17:50:00,18,6,26,17,50,10,426,Montmerle,46.23864,5.37957,Plein jour,Hors agglomération,Intersection en Y,Normale,Trois véhicules et plus - collisions multiples,,,,,,,,,,,1,1,4,1.0,5.0
201800014361,0018-07-10 17:50:00,18,7,10,17,50,10,95,RD 42,46.2864,5.43106,Plein jour,Hors agglomération,Hors intersection,Normale,Sans collision,,,,,,,,,,,1,1,1,1.0,7.0
201800014362,0018-08-03 15:50:00,18,8,3,15,50,10,125,RD 936 lieu dit conflans,46.26137,5.50882,Plein jour,Hors agglomération,Hors intersection,Normale,Autre collision,,,,,,,,,,,1,1,1,1.0,6.0
201800014363,0018-08-31 01:00:00,18,8,31,1,0,10,184,839 route de neuville,46.15465,5.41893,Nuit avec éclairage non allumé,En agglomération,Hors intersection,Normale,Sans collision,,,,,,,,,,,4,2,1,1.0,7.0
201800014364,0018-09-01 20:30:00,18,9,1,20,30,10,447,route de villereversure,46.18304,5.36935,Crépuscule ou aube,Hors agglomération,Hors intersection,Normale,Sans collision,,,,,,,,,,,2,1,1,1.0,7.0
201800014365,0018-09-09 13:00:00,18,9,9,13,0,10,408,Montée de la Rousse - D9,46.22656,5.39638,Plein jour,Hors agglomération,Hors intersection,Normale,Deux véhicules - arrière,,,,,,,,,,,1,1,1,1.0,2.0
201800014366,0018-09-09 18:30:00,18,9,9,18,30,10,184,D979,46.15853,5.42204,Plein jour,Hors agglomération,Hors intersection,Normale,Deux véhicules - côté,,,,,,,,,,,1,1,1,1.0,3.0
201800014367,0018-09-29 14:30:00,18,9,29,14,30,10,72,D 979,46.18343,5.30782,Plein jour,Hors agglomération,Hors intersection,Normale,Trois véhicules et plus - collisions multiples,,,,,,,,,,,1,1,1,1.0,5.0
201800014368,0018-09-28 15:14:00,18,9,28,15,14,10,408,chemin de la bouverie,46.23022,5.4035,Plein jour,Hors agglomération,Intersection en Y,Normale,Deux véhicules - côté,,,,,,,,,,,1,1,4,1.0,3.0
201800014369,0018-10-27 12:50:00,18,10,27,12,50,10,72,Départementale 979,46.17966,5.31996,Plein jour,Hors agglomération,Hors intersection,Pluie légère,Trois véhicules et plus - en chaîne,,,,,,,,,,,1,1,1,2.0,4.0
201800014370,0018-11-21 16:50:00,18,11,21,16,50,10,426,1 rue principal - cuisia,46.29638,5.38259,Nuit sans éclairage public,En agglomération,Hors intersection,Brouillard / fumée,Autre collision,,,,,,,,,,,3,2,1,5.0,6.0
201800014371,0018-04-06 17:15:00,18,4,6,17,15,10,1,D7 - clemenciat PK 25,46.13415,4.92689,Plein jour,Hors agglomération,Hors intersection,Normale,Trois véhicules et plus - en chaîne,,,,,,,,,,,1,1,1,1.0,4.0
201800014372,0018-04-19 15:30:00,18,4,19,15,30,10,85,D7,46.08542,5.02568,Plein jour,Hors agglomération,Intersection en X,Normale,Deux véhicules - frontale,,,,,,,,,,,1,1,2,1.0,1.0
201800014373,0018-04-23 09:45:00,18,4,23,9,45,10,93,Avenue Clément Desormes,46.12034,4.95762,Plein jour,En agglomération,Hors intersection,Normale,Autre collision,,,,,,,,,,,1,2,1,1.0,6.0
201800014374,0018-05-06 10:15:00,18,5,6,10,15,10,96,lieu dit les preux,46.19417,5.06264,Plein jour,En agglomération,Hors intersection,Normale,Deux véhicules - côté,,,,,,,,,,,1,2,1,1.0,3.0
201800014375,0018-05-07 17:10:00,18,5,7,17,10,10,457,rue MALADIERE,46.21642,4.98885,Plein jour,En agglomération,Intersection en X,Normale,Deux véhicules - côté,,,,,,,,,,,1,2,2,1.0,3.0
201800014376,0018-05-15 17:59:00,18,5,15,17,59,10,412,D2,46.16577,4.96322,Plein jour,Hors agglomération,Intersection en X,Normale,Deux véhicules - côté,,,,,,,,,,,1,1,2,1.0,3.0
201800014377,0018-05-25 18:30:00,18,5,25,18,30,10,146,d 66,46.14226,4.90473,Plein jour,Hors agglomération,Hors intersection,Normale,Autre collision,,,,,,,,,,,1,1,1,1.0,6.0
201800014378,0018-06-01 22:58:00,18,6,1,22,58,10,246,D26B,46.23341,5.04531,Nuit sans éclairage public,En agglomération,Hors intersection,Normale,Autre collision,,,,,,,,,,,3,2,1,1.0,6.0
201800014379,0018-06-25 14:30:00,18,6,25,14,30,10,412,route de chatillon,46.16599,4.96287,Plein jour,Hors agglomération,Intersection en X,Normale,Deux véhicules - côté,,,,,,,,,,,1,1,2,1.0,3.0
201800014380,0018-06-24 10:15:00,18,6,24,10,15,10,272,Route de Thoissey,46.16324,4.98809,Plein jour,Hors agglomération,Hors intersection,Normale,Deux véhicules - côté,,,,,,,,,,,1,1,1,1.0,3.0
201800014381,0018-06-24 13:20:00,18,6,24,13,20,10,412,Carrefour D2/D64,46.16577,4.96313,Plein jour,Hors agglomération,Intersection en X,Temps éblouissant,Deux véhicules - côté,,,,,,,,,,,1,1,2,7.0,3.0
201800014382,0018-07-03 20:50:00,18,7,3,20,50,10,368,d96,46.21625,4.97143,Crépuscule ou aube,Hors agglomération,Hors intersection,Normale,Autre collision,,,,,,,,,,,2,1,1,1.0,6.0
201800014383,0018-07-23 15:15:00,18,7,23,15,15,10,412,Départementale 2,46.17595,4.96185,Plein jour,En agglomération,Hors intersection,Normale,Deux véhicules - arrière,,,,,,,,,,,1,2,1,1.0,2.0
201800014384,0018-07-25 17:30:00,18,7,25,17,30,10,46,les rutets - RD2,46.29627,5.15402,Plein jour,Hors agglomération,Intersection en X,Normale,Trois véhicules et plus - en chaîne,,,,,,,,,,,1,1,2,1.0,4.0
201800014385,0018-08-05 13:45:00,18,8,5,13,45,10,389,CD 936,46.10059,4.93222,Plein jour,Hors agglomération,Hors intersection,Normale,Sans collision,,,,,,,,,,,1,1,1,1.0,7.0
201800014386,0018-08-26 02:30:00,18,8,26,2,30,10,457,1921 ROUTE DE NEUVILLE L,46.19959,4.99401,Nuit sans éclairage public,Hors agglomération,Hors intersection,Pluie légère,Autre collision,,,,,,,,,,,3,1,1,2.0,6.0
201800014387,0018-09-02 00:40:00,18,9,2,0,40,10,457,CD 80 - LIEU DIT CHASSIN,46.20001,4.99382,Nuit avec éclairage allumé,En agglomération,Hors intersection,Normale,Deux véhicules - frontale,,,,,,,,,,,5,2,1,1.0,1.0
201800014388,0018-09-02 04:20:00,18,9,2,4,20,10,93,cd 7,46.10897,4.97871,Nuit sans éclairage public,Hors agglomération,Hors intersection,Normale,Sans collision,,,,,,,,,,,3,1,1,1.0,7.0
201800014389,0018-10-14 15:05:00,18,10,14,15,5,10,319,D936,46.10277,4.93473,Plein jour,Hors agglomération,Hors intersection,Normale,Sans collision,,,,,,,,,,,1,1,1,1.0,7.0
201800014390,0018-10-10 16:40:00,18,10,10,16,40,10,412,Croisement axes D64 / D2,46.16574,4.96332,Plein jour,Hors agglomération,Intersection en X,Normale,Deux véhicules - côté,,,,,,,,,,,1,1,2,1.0,3.0
201800014391,0018-11-01 13:40:00,18,11,1,13,40,10,356,CD 80,46.09752,5.02845,Plein jour,Hors agglomération,Hors intersection,Pluie légère,Sans collision,,,,,,,,,,,1,1,1,2.0,7.0
201800014392,0018-11-12 17:45:00,18,11,12,17,45,10,93,RD 936 - lieu dit les ri,46.13137,4.96756,Nuit sans éclairage public,Hors agglomération,Hors intersection,Normale,Trois véhicules et plus - collisions multiples,,,,,,,,,,,3,1,1,1.0,5.0
201800014393,0018-10-17 19:50:00,18,10,17,19,50,10,93,ROUTE DE ROMANS,46.11954,4.97736,Nuit avec éclairage allumé,En agglomération,Intersection en T,Normale,Deux véhicules - côté,,,,,,,,,,,5,2,3,1.0,3.0
201800014394,0018-12-05 20:45:00,18,12,5,20,45,10,93,D2,46.14092,4.96069,Nuit sans éclairage public,Hors agglomération,Hors intersection,Normale,Deux véhicules - frontale,,,,,,,,,,,3,1,1,1.0,1.0
201800014395,0018-12-20 11:30:00,18,12,20,11,30,10,246,CD 26 C INTERSECTION ROU,46.241,5.02535,Plein jour,Hors agglomération,Intersection en X,Normale,Deux véhicules - côté,,,,,,,,,,,1,1,2,1.0,3.0
201800014396,0018-01-07 15:50:00,18,1,7,15,50,10,115,route du logis neuf,46.25609,5.05702,Plein jour,Hors agglomération,Autre intersection,Normale,Autre collision,,,,,,,,,,,1,1,9,1.0,6.0
201800014397,0018-01-29 17:45:00,18,1,29,17,45,10,367,RD975,46.39905,5.11348,Crépuscule ou aube,Hors agglomération,Hors intersection,Pluie légère,Autre collision,,,,,,,,,,,2,1,1,2.0,6.0
201800014398,0018-02-01 14:40:00,18,2,1,14,40,10,108,RD 52 Direction BEAUPONT,46.38926,5.33806,Plein jour,Hors agglomération,Intersection en X,Normale,Deux véhicules - côté,,,,,,,,,,,1,1,2,1.0,3.0
201800014399,0018-03-14 16:45:00,18,3,14,16,45,10,24,Rue de l'église,46.29069,5.16375,Plein jour,En agglomération,Hors intersection,Normale,Sans collision,,,,,,,,,,,1,2,1,1.0,7.0
201800014400,0018-03-16 20:00:00,18,3,16,20,0,10,380,route de Curciat,46.46075,5.15344,Nuit avec éclairage allumé,En agglomération,Intersection en T,Pluie légère,Autre collision,,,,,,,,,,,5,2,3,2.0,6.0
201800014401,0018-03-18 20:30:00,18,3,18,20,30,10,230,RD 975 - PK5+960,46.42999,5.11872,Nuit sans éclairage public,Hors agglomération,Hors intersection,Pluie légère,Autre collision,,,,,,,,,,,3,1,1,2.0,6.0
201800014402,0018-03-21 07:15:00,18,3,21,7,15,10,232,lieu-dit les Couhardes,46.29872,5.23459,Plein jour,Hors agglomération,Hors intersection,Normale,Autre collision,,,,,,,,,,,1,1,1,1.0,6.0
201800014403,0018-03-13 14:55:00,18,3,13,14,55,10,130,D975,46.30274,5.14976,Plein jour,Hors agglomération,Intersection en X,Normale,Deux véhicules - côté,,,,,,,,,,,1,1,2,1.0,3.0
201800014404,0018-03-28 19:45:00,18,3,28,19,45,10,232,D996,46.31578,5.2395,Crépuscule ou aube,Hors agglomération,Hors intersection,Pluie forte,Autre collision,,,,,,,,,,,2,1,1,3.0,6.0
201800014405,0018-03-26 18:00:00,18,3,26,18,0,10,24,Route de BOURG,46.28921,5.15838,Plein jour,Hors agglomération,Hors intersection,Normale,Trois véhicules et plus - en chaîne,,,,,,,,,,,1,1,1,1.0,4.0
201800014406,0018-04-13 20:15:00,18,4,13,20,15,10,266,Grande rue,46.3381,5.12812,Nuit avec éclairage allumé,En agglomération,Hors intersection,Normale,Deux véhicules - arrière,,,,,,,,,,,5,2,1,1.0,2.0
201800014407,0018-04-19 07:30:00,18,4,19,7,30,10,445,chemin de la teppe des o,46.35289,5.28876,Plein jour,Hors agglomération,Intersection en X,Normale,Deux véhicules - côté,,,,,,,,,,,1,1,2,1.0,3.0
201800014408,0018-04-18 18:20:00,18,4,18,18,20,10,229,95 chemin des tronches,46.33163,5.14656,Plein jour,Hors agglomération,Hors intersection,Normale,Autre collision,,,,,,,,,,,1,1,1,1.0,6.0
201800014409,0018-05-07 14:00:00,18,5,7,14,0,10,266,Rue des serves,46.33173,5.11991,Plein jour,En agglomération,Intersection en X,Normale,Deux véhicules - frontale,,,,,,,,,,,1,2,2,1.0,1.0