accident_id,datetime,annee,mois,jour,heure,minute,departement,commune_insee,adresse,latitude,longitude,luminosite,agglomeration,intersection,meteo,collision,nb_vehicules,nb_usagers,nb_indemnes,nb_tues,nb_blesses_hosp,nb_blesses_legers,age_cond_1,age_cond_2,veh_type_cond_1,veh_type_cond_2,lum_code,agg_code,int_code,atm_code,col_code
201800014410,0018-05-08 12:50:00,18,5,8,12,50,10,163,150 rue du stade,46.37857,5.18457,Plein jour,En agglomération,Hors intersection,Normale,Autre collision,,,,,,,,,,,1,2,1,1.0,6.0
201800014411,0018-05-24 14:10:00,18,5,24,14,10,10,24,Route de Bourg,46.29627,5.15402,Plein jour,Hors agglomération,Hors intersection,Normale,Trois véhicules et plus - collisions multiples,,,,,,,,,,,1,1,1,1.0,5.0
201800014412,0018-05-29 15:00:00,18,5,29,15,0,10,115,L'effondras - RD1079,46.25836,5.0426,Plein jour,Hors agglomération,Hors intersection,Normale,Trois véhicules et plus - collisions multiples,,,,,,,,,,,1,1,1,1.0,5.0
201800014413,0018-06-12 16:16:00,18,6,12,16,16,10,266,place du Général DE GAUL,46.33593,5.12623,Plein jour,En agglomération,Place,Normale,Autre collision,,,,,,,,,,,1,2,7,1.0,6.0
201800014414,0018-06-17 13:20:00,18,6,17,13,20,10,445,Lieu dit Moulin des pont,46.32773,5.31142,Plein jour,Hors agglomération,Hors intersection,Normale,Deux véhicules - frontale,,,,,,,,,,,1,1,1,1.0,1.0
201800014415,0018-06-24 01:30:00,18,6,24,1,30,10,388,D2B,46.45947,5.08239,Nuit avec éclairage allumé,En agglomération,Intersection en Y,Normale,Autre collision,,,,,,,,,,,5,2,4,1.0,6.0
201800014416,0018-06-25 16:00:00,18,6,25,16,0,10,163,route d'Etrez,46.35512,5.1756,Plein jour,Hors agglomération,Hors intersection,Normale,Autre collision,,,,,,,,,,,1,1,1,1.0,6.0
201800014417,0018-06-28 20:55:00,18,6,28,20,55,10,140,"D1079, 2 route de Bourg",46.25162,5.10372,Plein jour,Hors agglomération,Hors intersection,Normale,Deux véhicules - côté,,,,,,,,,,,1,1,1,1.0,3.0
201800014418,0018-07-20 08:35:00,18,7,20,8,35,10,364,D80 A,46.36749,5.07599,Plein jour,Hors agglomération,Hors intersection,Normale,Deux véhicules - frontale,,,,,,,,,,,1,1,1,1.0,1.0
201800014419,0018-08-02 11:55:00,18,8,2,11,55,10,40,d26,46.37101,5.0357,Plein jour,Hors agglomération,Intersection en T,Normale,Deux véhicules - arrière,,,,,,,,,,,1,1,3,1.0,2.0
201800014420,0018-08-03 05:30:00,18,8,3,5,30,10,24,246 Grande Rue,46.291,5.15724,Crépuscule ou aube,En agglomération,Hors intersection,Normale,Autre collision,,,,,,,,,,,2,2,1,1.0,6.0
201800014421,0018-08-12 08:11:00,18,8,12,8,11,10,391,D 1083,46.36642,5.33554,Plein jour,Hors agglomération,Hors intersection,Normale,Sans collision,,,,,,,,,,,1,1,1,1.0,7.0
201800014422,0018-08-30 13:40:00,18,8,30,13,40,10,232,Lieu-dit les Devins,46.3576,5.23224,Plein jour,Hors agglomération,Hors intersection,Normale,Autre collision,,,,,,,,,,,1,1,1,1.0,6.0
201800014423,0018-09-04 08:24:00,18,9,4,8,24,10,367,D1,46.40023,5.10324,Plein jour,Hors agglomération,Hors intersection,Normale,Deux véhicules - côté,,,,,,,,,,,1,1,1,1.0,3.0
201800014424,0018-09-20 18:15:00,18,9,20,18,15,10,375,RD 67,46.28703,5.1136,Plein jour,Hors agglomération,Hors intersection,Normale,Sans collision,,,,,,,,,,,1,1,1,1.0,7.0
201800014425,0018-10-08 13:00:00,18,10,8,13,0,10,130,Les Puthods,46.30289,5.17041,Plein jour,Hors agglomération,Hors intersection,Normale,Autre collision,,,,,,,,,,,1,1,1,1.0,6.0
201800014426,0018-10-09 16:35:00,18,10,9,16,35,10,375,D67,46.30334,5.10042,Plein jour,Hors agglomération,Hors intersection,Normale,Autre collision,,,,,,,,,,,1,1,1,1.0,6.0
201800014427,0018-10-19 18:35:00,18,10,19,18,35,10,108,RD 86,46.38057,5.3429,Plein jour,En agglomération,Intersection en Y,Normale,Deux véhicules - frontale,,,,,,,,,,,1,2,4,1.0,1.0
201800014428,0018-10-27 04:30:00,18,10,27,4,30,10,236,route de saint didier,46.32488,5.06457,Nuit sans éclairage public,Hors agglomération,Intersection en T,Pluie légère,Autre collision,,,,,,,,,,,3,1,3,2.0,6.0
201800014429,0018-12-02 08:35:00,18,12,2,8,35,10,346,RD26,46.3183,5.06335,Plein jour,Hors agglomération,Hors intersection,Pluie forte,Autre collision,,,,,,,,,,,1,1,1,3.0,6.0
201800014430,0018-12-06 12:00:00,18,12,6,12,0,10,24,ROUTE DE VIRIAT,46.28988,5.17699,Plein jour,Hors agglomération,Intersection en X,Pluie légère,Autre collision,,,,,,,,,,,1,1,2,2.0,6.0
201800014431,0018-12-08 16:20:00,18,12,8,16,20,10,232,RD 996,46.33543,5.25211,Plein jour,Hors agglomération,Hors intersection,Pluie légère,Deux véhicules - frontale,,,,,,,,,,,1,1,1,2.0,1.0
201800014432,0018-12-21 19:00:00,18,12,21,19,0,10,232,RD86,46.35081,5.26778,Nuit sans éclairage public,Hors agglomération,Hors intersection,Pluie légère,Sans collision,,,,,,,,,,,3,1,1,2.0,7.0
201800014433,0018-03-09 11:11:00,18,3,9,11,11,10,134,495 route de la madelein,46.27194,4.89366,Plein jour,Hors agglomération,Intersection en T,Normale,Deux véhicules - côté,,,,,,,,,,,1,1,3,1.0,3.0
201800014434,0018-03-23 06:00:00,18,3,23,6,0,10,305,39 rue de l'hôpital,46.43613,4.94592,Crépuscule ou aube,En agglomération,Intersection en X,Normale,Deux véhicules - côté,,,,,,,,,,,2,2,2,1.0,3.0
201800014435,0018-04-22 18:35:00,18,4,22,18,35,10,231,"D933, 970 grande route",46.35654,4.90608,Plein jour,En agglomération,Hors intersection,Normale,Autre collision,,,,,,,,,,,1,2,1,1.0,6.0
201800014436,0018-05-15 19:40:00,18,5,15,19,40,10,231,grand' route,46.36262,4.90806,Plein jour,En agglomération,Intersection en T,Normale,Deux véhicules - arrière,,,,,,,,,,,1,2,3,1.0,2.0
201800014437,0018-05-12 13:00:00,18,5,12,13,0,10,305,rue du moulin,46.43282,4.93694,Plein jour,En agglomération,Place,Normale,Autre collision,,,,,,,,,,,1,2,7,1.0,6.0
201800014438,0018-05-24 18:00:00,18,5,24,18,0,10,134,"D1079, rond point de l'a",46.29364,4.89612,Plein jour,Hors agglomération,Giratoire,Normale,Autre collision,,,,,,,,,,,1,1,6,1.0,6.0
201800014439,0018-06-17 12:30:00,18,6,17,12,30,10,179,D51,46.26467,4.83761,Plein jour,Hors agglomération,Intersection en Y,Normale,Deux véhicules - frontale,,,,,,,,,,,1,1,4,1.0,1.0
201800014440,0018-07-01 08:00:00,18,7,1,8,0,10,144,RD28,46.32175,5.01648,Plein jour,Hors agglomération,Hors intersection,Normale,Deux véhicules - arrière,,,,,,,,,,,1,1,1,1.0,2.0
201800014441,0018-07-25 11:30:00,18,7,25,11,30,10,134,D933,46.27836,4.88046,Plein jour,Hors agglomération,Hors intersection,Normale,Deux véhicules - côté,,,,,,,,,,,1,1,1,1.0,3.0
201800014442,0018-08-20 22:35:00,18,8,20,22,35,10,231,RD 933,46.3491,4.9002,Nuit sans éclairage public,Hors agglomération,Hors intersection,Normale,Autre collision,,,,,,,,,,,3,1,1,1.0,6.0
201800014443,0018-09-02 17:55:00,18,9,2,17,55,10,305,RD 933-A,46.44718,4.89949,Plein jour,Hors agglomération,Hors intersection,Normale,Deux véhicules - côté,,,,,,,,,,,1,1,1,1.0,3.0
201800014444,0018-12-04 10:55:00,18,12,4,10,55,10,16,le moulin du bief,46.48038,4.97469,Plein jour,Hors agglomération,Hors intersection,Temps couvert,Autre collision,,,,,,,,,,,1,1,1,8.0,6.0
201800014445,0018-12-08 17:45:00,18,12,8,17,45,10,25,lieu-dit Longecour,46.32929,4.97232,Nuit sans éclairage public,Hors agglomération,Hors intersection,Pluie légère,Deux véhicules - frontale,,,,,,,,,,,3,1,1,2.0,1.0
201800014446,0018-02-10 14:35:00,18,2,10,14,35,10,316,RD 1504,45.82016,5.64478,Plein jour,Hors agglomération,Hors intersection,Normale,Deux véhicules - frontale,,,,,,,,,,,1,1,1,1.0,1.0
201800014447,0018-02-27 07:00:00,18,2,27,7,0,10,34,avenue alsace lorraine,45.76145,5.68712,Plein jour,En agglomération,Hors intersection,Autre,Deux véhicules - côté,,,,,,,,,,,1,2,1,9.0,3.0
201800014448,0018-03-26 11:40:00,18,3,26,11,40,10,338,D19,45.6759,5.60618,Plein jour,Hors agglomération,Intersection en T,Normale,Deux véhicules - arrière,,,,,,,,,,,1,1,3,1.0,2.0
201800014449,0018-05-10 15:10:00,18,5,10,15,10,10,15,RD10,45.7096,5.65888,Plein jour,Hors agglomération,Hors intersection,Temps couvert,Deux véhicules - frontale,,,,,,,,,,,1,1,1,8.0,1.0
201800014450,0018-06-29 17:30:00,18,6,29,17,30,10,34,RD992,45.74155,5.6782,Plein jour,Hors agglomération,Hors intersection,Temps éblouissant,Deux véhicules - frontale,,,,,,,,,,,1,1,1,7.0,1.0
201800014451,0018-07-24 14:30:00,18,7,24,14,30,10,268,DÉPARTENTAL 992 - PK 7+5,45.64484,5.6744,Plein jour,Hors agglomération,Intersection en Y,Normale,Deux véhicules - arrière,,,,,,,,,,,1,1,4,1.0,2.0
201800014452,0018-08-01 17:45:00,18,8,1,17,45,10,239,route de parves,45.74973,5.76228,Plein jour,Hors agglomération,Hors intersection,Normale,Deux véhicules - frontale,,,,,,,,,,,1,1,1,1.0,1.0
201800014453,0018-08-03 10:40:00,18,8,3,10,40,10,98,RD 1504,45.80193,5.68191,Plein jour,En agglomération,Hors intersection,Normale,Deux véhicules - côté,,,,,,,,,,,1,2,1,1.0,3.0
201800014454,0018-11-08 17:50:00,18,11,8,17,50,10,294,RD 992,45.69114,5.67629,Nuit avec éclairage allumé,Hors agglomération,Intersection en X,Temps couvert,Trois véhicules et plus - en chaîne,,,,,,,,,,,5,1,2,8.0,4.0
201800014455,0018-12-28 13:45:00,18,12,28,13,45,10,34,Avenue de Livet,45.75657,5.68056,Plein jour,En agglomération,Intersection en T,Normale,Deux véhicules - côté,,,,,,,,,,,1,2,3,1.0,3.0
201800014456,0018-01-14 16:30:00,18,1,14,16,30,10,118,RD 992 à hauteur du lieu,45.94409,5.81447,Plein jour,Hors agglomération,Hors intersection,Normale,Autre collision,,,,,,,,,,,1,1,1,1.0,6.0
201800014457,0018-01-25 07:55:00,18,1,25,7,55,10,133,D 992,45.77452,5.76272,Plein jour,Hors agglomération,Hors intersection,Normale,Deux véhicules - frontale,,,,,,,,,,,1,1,1,1.0,1.0
201800014458,0018-02-20 17:30:00,18,2,20,17,30,10,10,route départementale 992,45.92417,5.80978,Plein jour,Hors agglomération,Hors intersection,Normale,Deux véhicules - frontale,,,,,,,,,,,1,1,1,1.0,1.0
201800014459,0018-04-11 16:30:00,18,4,11,16,30,10,442,ROUTE DÉPARTEMENTALE 31,45.88688,5.68673,Plein jour,Hors agglomération,Hors intersection,Normale,Deux véhicules - frontale,,,,,,,,,,,1,1,1,1.0,1.0
201800014460,0018-04-12 19:30:00,18,4,12,19,30,10,36,route départementale 69,45.87514,5.6718,Crépuscule ou aube,Hors agglomération,Hors intersection,Normale,Sans collision,,,,,,,,,,,2,1,1,1.0,7.0
201800014461,0018-04-17 18:00:00,18,4,17,18,0,10,22,rue de lyon,45.86381,5.6851,Plein jour,En agglomération,Intersection en T,Normale,Autre collision,,,,,,,,,,,1,2,3,1.0,6.0
201800014462,0018-04-21 18:20:00,18,4,21,18,20,10,415,Route départementale 904,45.86154,5.73683,Plein jour,Hors agglomération,Hors intersection,Normale,Autre collision,,,,,,,,,,,1,1,1,1.0,6.0
201800014463,0018-04-29 01:20:00,18,4,29,1,20,10,22,rue de la Vellaz,45.86886,5.69474,Nuit avec éclairage allumé,En agglomération,Hors intersection,Normale,Autre collision,,,,,,,,,,,5,2,1,1.0,6.0
201800014464,0018-05-21 17:30:00,18,5,21,17,30,10,73,Lieu dit Le Catton,45.83365,5.69632,Plein jour,En agglomération,Hors intersection,Normale,Autre collision,,,,,,,,,,,1,2,1,1.0,6.0
201800014465,0018-06-02 12:15:00,18,6,2,12,15,10,10,rue du Four,45.91153,5.80838,Plein jour,En agglomération,Intersection en T,Normale,Autre collision,,,,,,,,,,,1,2,3,1.0,6.0
201800014466,0018-06-21 16:15:00,18,6,21,16,15,10,138,RD 37E,45.84282,5.78965,Plein jour,En agglomération,Hors intersection,Normale,Deux véhicules - côté,,,,,,,,,,,1,2,1,1.0,3.0
201800014467,0018-06-28 14:00:00,18,6,28,14,0,10,82,RD991,45.99748,5.78478,Plein jour,Hors agglomération,Hors intersection,Normale,Deux véhicules - frontale,,,,,,,,,,,1,1,1,1.0,1.0
201800014468,0018-07-15 09:30:00,18,7,15,9,30,10,79,route du château d'eau H,45.93199,5.69318,Plein jour,En agglomération,Hors intersection,Normale,Sans collision,,,,,,,,,,,1,2,1,1.0,7.0
201800014469,0018-08-19 18:20:00,18,8,19,18,20,10,138,CD 992,45.83048,5.78898,Plein jour,Hors agglomération,Hors intersection,Normale,Deux véhicules - côté,,,,,,,,,,,1,1,1,1.0,3.0
201800014470,0018-09-16 12:00:00,18,9,16,12,0,10,414,D 8 - Route du col de la,45.90815,5.63168,Plein jour,Hors agglomération,Hors intersection,Normale,Deux véhicules - frontale,,,,,,,,,,,1,1,1,1.0,1.0
201800014471,0018-09-26 16:54:00,18,9,26,16,54,10,10,RD 120 Col du Grand Colo,45.90357,5.76266,Plein jour,Hors agglomération,Hors intersection,Temps éblouissant,Sans collision,,,,,,,,,,,1,1,1,7.0,7.0
201800014472,0018-09-28 07:55:00,18,9,28,7,55,10,118,456 Gde Route - D991A,45.94786,5.81323,Crépuscule ou aube,Hors agglomération,Intersection en X,Normale,Deux véhicules - frontale,,,,,,,,,,,2,1,2,1.0,1.0
201800014473,0018-11-24 21:30:00,18,11,24,21,30,10,442,109 route du valromey -d,45.88118,5.69062,Nuit avec éclairage allumé,En agglomération,Hors intersection,Normale,Autre collision,,,,,,,,,,,5,2,1,1.0,6.0
201800014474,0018-03-05 09:55:00,18,3,5,9,55,10,392,lieu dit moulin du pont,46.26033,5.56679,Plein jour,Hors agglomération,Hors intersection,Normale,Sans collision,,,,,,,,,,,1,1,1,1.0,7.0
201800014475,0018-02-08 20:20:00,18,2,8,20,20,10,181,D111 - P.K. 1+000,46.22975,5.61362,Nuit sans éclairage public,En agglomération,Intersection en T,Normale,Deux véhicules - arrière,,,,,,,,,,,3,2,3,1.0,2.0
201800014476,0018-03-23 13:18:00,18,3,23,13,18,10,228,route de condamine,46.12008,5.52827,Plein jour,Hors agglomération,Intersection en T,Normale,Deux véhicules - côté,,,,,,,,,,,1,1,3,1.0,3.0
201800014477,0018-03-25 01:10:00,18,3,25,1,10,10,373,D 1084 - PK 63+800,46.13294,5.54794,Nuit avec éclairage allumé,En agglomération,Hors intersection,Normale,Sans collision,,,,,,,,,,,5,2,1,1.0,7.0
201800014478,0018-04-18 22:15:00,18,4,18,22,15,10,267,RD 11,46.1834,5.51453,Nuit sans éclairage public,Hors agglomération,Hors intersection,Normale,Autre collision,,,,,,,,,,,3,1,1,1.0,6.0
201800014479,0018-04-26 17:45:00,18,4,26,17,45,10,265,9 rue de croze,46.18858,5.57382,Plein jour,En agglomération,Hors intersection,Normale,Deux véhicules - frontale,,,,,,,,,,,1,2,1,1.0,1.0
201800014480,0018-06-06 10:40:00,18,6,6,10,40,10,265,51 Rue du landeyron,46.18148,5.57942,Plein jour,En agglomération,Hors intersection,Normale,Autre collision,,,,,,,,,,,1,2,1,1.0,6.0
201800014481,0018-07-08 19:15:00,18,7,8,19,15,10,265,Avenue de Bresse,46.17098,5.57564,Plein jour,En agglomération,Hors intersection,Normale,Deux véhicules - côté,,,,,,,,,,,1,2,1,1.0,3.0
201800014482,0018-07-24 13:45:00,18,7,24,13,45,10,269,Rue Saint-Michel,46.15632,5.60487,Plein jour,En agglomération,Hors intersection,Normale,Autre collision,,,,,,,,,,,1,2,1,1.0,6.0
201800014483,0018-08-28 14:40:00,18,8,28,14,40,10,265,Avenue de Bresse,46.17129,5.5747,Plein jour,En agglomération,Hors intersection,Normale,Autre collision,,,,,,,,,,,1,2,1,1.0,6.0
201800014484,0018-12-11 18:15:00,18,12,11,18,15,10,265,Place Jean Coupat,46.18444,5.57686,Nuit sans éclairage public,En agglomération,Giratoire,Normale,Autre collision,,,,,,,,,,,3,2,6,1.0,6.0
201800014485,0018-01-29 17:00:00,18,1,29,17,0,10,200,pk56 D1084,46.09827,5.48613,Crépuscule ou aube,Hors agglomération,Hors intersection,Pluie légère,Sans collision,,,,,,,,,,,2,1,1,2.0,7.0
201800014486,0018-04-16 16:45:00,18,4,16,16,45,10,56,D12,46.04944,5.46126,Plein jour,Hors agglomération,Hors intersection,Normale,Sans collision,,,,,,,,,,,1,1,1,1.0,7.0
201800014487,0018-05-01 16:00:00,18,5,1,16,0,10,304,rue Bernard Gangloff,46.04907,5.3367,Plein jour,En agglomération,Intersection en T,Normale,Autre collision,,,,,,,,,,,1,2,3,1.0,6.0
201800014488,0018-05-04 17:13:00,18,5,4,17,13,10,56,RD 12,46.03871,5.4516,Plein jour,Hors agglomération,Hors intersection,Normale,Sans collision,,,,,,,,,,,1,1,1,1.0,7.0
201800014489,0018-05-31 16:50:00,18,5,31,16,50,10,273,rue pierre goujon,46.07912,5.37212,Plein jour,En agglomération,Hors intersection,Normale,Sans collision,,,,,,,,,,,1,2,1,1.0,7.0
201800014490,0018-06-26 15:00:00,18,6,26,15,0,10,273,RD 1084,46.07966,5.38368,Plein jour,Hors agglomération,Intersection en T,Normale,Deux véhicules - frontale,,,,,,,,,,,1,1,3,1.0,1.0
201800014491,0018-06-30 04:25:00,18,6,30,4,25,10,374,D1075,46.09935,5.31001,Nuit sans éclairage public,Hors agglomération,Hors intersection,Normale,Autre collision,,,,,,,,,,,3,1,1,1.0,6.0
201800014492,0018-07-13 16:50:00,18,7,13,16,50,10,363,RD 12 - route de Hautevi,46.03402,5.40146,Plein jour,En agglomération,Hors intersection,Normale,Deux véhicules - arrière,,,,,,,,,,,1,2,1,1.0,2.0
201800014493,0018-08-03 15:15:00,18,8,3,15,15,10,303,D81,46.09042,5.40239,Plein jour,Hors agglomération,Hors intersection,Normale,Sans collision,,,,,,,,,,,1,1,1,1.0,7.0
201800014494,0018-08-05 09:55:00,18,8,5,9,55,10,56,D12 - chatillon de corne,46.04292,5.48076,Plein jour,Hors agglomération,Hors intersection,Normale,Sans collision,,,,,,,,,,,1,1,1,1.0,7.0
201800014495,0018-09-15 22:30:00,18,9,15,22,30,10,95,hameau de DHUYS,46.23022,5.4035,Nuit sans éclairage public,En agglomération,Hors intersection,Normale,Sans collision,,,,,,,,,,,3,2,1,1.0,7.0
201800014496,0018-09-18 20:30:00,18,9,18,20,30,10,304,RD 1075,46.03686,5.3375,Nuit sans éclairage public,Hors agglomération,Hors intersection,Normale,Deux véhicules - côté,,,,,,,,,,,3,1,1,1.0,3.0
201800014497,0018-09-17 14:25:00,18,9,17,14,25,10,363,Route de Genève,46.02954,5.39018,Plein jour,En agglomération,Intersection en T,Normale,Sans collision,,,,,,,,,,,1,2,3,1.0,7.0
201800014498,0018-10-01 23:30:00,18,10,1,23,30,10,69,RD64,46.1251,5.24146,Nuit sans éclairage public,Hors agglomération,Hors intersection,Normale,Autre collision,,,,,,,,,,,3,1,1,1.0,6.0
201800014499,0018-10-14 11:37:00,18,10,14,11,37,10,68,Route D1084,46.07645,5.4779,Plein jour,Hors agglomération,Hors intersection,Normale,Deux véhicules - frontale,,,,,,,,,,,1,1,1,1.0,1.0
201800014500,0018-11-01 07:35:00,18,11,1,7,35,10,304,D984 - Oussiat,46.05757,5.36742,Crépuscule ou aube,Hors agglomération,Hors intersection,Autre,Autre collision,,,,,,,,,,,2,1,1,9.0,6.0
201800014501,0018-11-10 17:15:00,18,11,10,17,15,10,273,rue Pierre Goujon,46.07903,5.37206,Nuit avec éclairage allumé,En agglomération,Hors intersection,Pluie légère,Autre collision,,,,,,,,,,,5,2,1,2.0,6.0
201800014502,0018-11-15 18:25:00,18,11,15,18,25,10,363,route de Genève,46.03342,5.38991,Nuit avec éclairage allumé,En agglomération,Autre intersection,Normale,Deux véhicules - arrière,,,,,,,,,,,5,2,9,1.0,2.0
201800014503,0018-11-19 13:10:00,18,11,19,13,10,10,304,21 rue Gabriel Vicaire,46.0414,5.33676,Plein jour,En agglomération,Hors intersection,Temps couvert,Deux véhicules - arrière,,,,,,,,,,,1,2,1,8.0,2.0
201800014504,0018-11-18 14:30:00,18,11,18,14,30,10,430,D984,46.04468,5.3184,Plein jour,En agglomération,Hors intersection,Temps couvert,Autre collision,,,,,,,,,,,1,2,1,8.0,6.0
201800014505,0018-12-05 07:00:00,18,12,5,7,0,10,304,Route de Bourg,46.05903,5.33137,Crépuscule ou aube,En agglomération,Hors intersection,Normale,Deux véhicules - arrière,,,,,,,,,,,2,2,1,1.0,2.0
201800014506,0018-12-17 22:00:00,18,12,17,22,0,10,273,RD 1084 route de genève,46.08069,5.38434,Nuit sans éclairage public,Hors agglomération,Hors intersection,Normale,Autre collision,,,,,,,,,,,3,1,1,1.0,6.0
201800014507,0018-02-28 15:50:00,18,2,28,15,50,10,348,535 Route de Bourg,46.17492,4.82472,Plein jour,En agglomération,Intersection en T,Temps couvert,Deux véhicules - côté,,,,,,,,,,,1,2,3,8.0,3.0
201800014508,0018-03-29 16:40:00,18,3,29,16,40,10,83,RD17,46.09762,4.8533,Plein jour,Hors agglomération,Hors intersection,Normale,Deux véhicules - frontale,,,,,,,,,,,1,1,1,1.0,1.0
201800014509,0018-04-09 18:30:00,18,4,9,18,30,10,389,CD 27 - PK 12.640,46.06188,4.90089,Plein jour,Hors agglomération,Hors intersection,Temps couvert,Deux véhicules - frontale,,,,,,,,,,,1,1,1,8.0,1.0
201800014510,0018-04-11 19:30:00,18,4,11,19,30,10,389,lieu-dit Grand Champ,46.09724,4.92993,Nuit sans éclairage public,Hors agglomération,Hors intersection,Normale,Autre collision,,,,,,,,,,,3,1,1,1.0,6.0
201800014511,0018-05-05 11:30:00,18,5,5,11,30,10,351,D64 PK 36+70,46.16632,4.87649,Plein jour,Hors agglomération,Hors intersection,Normale,Deux véhicules - côté,,,,,,,,,,,1,1,1,1.0,3.0
201800014512,0018-07-04 16:35:00,18,7,4,16,35,10,165,D88,46.08377,4.79758,Plein jour,Hors agglomération,Hors intersection,Normale,Sans collision,,,,,,,,,,,1,1,1,1.0,7.0
201800014513,0018-08-12 01:00:00,18,8,12,1,0,10,252,D933,46.16063,4.81599,Nuit sans éclairage public,Hors agglomération,Hors intersection,Normale,Sans collision,,,,,,,,,,,3,1,1,1.0,7.0
201800014514,0018-09-29 06:20:00,18,9,29,6,20,10,167,Départementale 933,46.20328,4.83171,Nuit sans éclairage public,Hors agglomération,Hors intersection,Normale,Deux véhicules - frontale,,,,,,,,,,,3,1,1,1.0,1.0
201800014515,0018-09-28 17:55:00,18,9,28,17,55,10,83,D 66 B,46.09369,4.8607,Plein jour,Hors agglomération,Intersection en T,Normale,Deux véhicules - côté,,,,,,,,,,,1,1,3,1.0,3.0
201800014516,0018-10-20 09:10:00,18,10,20,9,10,10,83,route de cesseins,46.07755,4.8369,Plein jour,Hors agglomération,Hors intersection,Normale,Sans collision,,,,,,,,,,,1,1,1,1.0,7.0
201800014517,0018-11-01 15:40:00,18,11,1,15,40,10,389,D66,46.08865,4.90005,Plein jour,Hors agglomération,Hors intersection,Pluie légère,Sans collision,,,,,,,,,,,1,1,1,2.0,7.0
201800014518,0018-10-31 18:15:00,18,10,31,18,15,10,243,D933,46.04525,4.76287,Nuit sans éclairage public,En agglomération,Hors intersection,Normale,Trois véhicules et plus - en chaîne,,,,,,,,,,,3,2,1,1.0,4.0
201800014519,0018-11-01 10:25:00,18,11,1,10,25,10,183,D933,46.10442,4.77639,Plein jour,En agglomération,Intersection à plus de 4 branches,Normale,Deux véhicules - côté,,,,,,,,,,,1,2,5,1.0,3.0
201800014520,0018-12-18 13:35:00,18,12,18,13,35,10,348,D933,46.17316,4.81923,Plein jour,En agglomération,Intersection en T,Normale,Deux véhicules - côté,,,,,,,,,,,1,2,3,1.0,3.0
201800014521,0018-12-27 17:10:00,18,12,27,17,10,10,258,D17,46.09618,4.81092,Crépuscule ou aube,Hors agglomération,Hors intersection,Normale,Deux véhicules - côté,,,,,,,,,,,2,1,1,1.0,3.0
201800014522,0018-01-20 19:45:00,18,1,20,19,45,150,221,D153 PK2+200,44.89282,2.36266,Nuit sans éclairage public,Hors agglomération,Hors intersection,Pluie forte,Deux véhicules - frontale,,,,,,,,,,,3,1,1,3.0,1.0
201800014523,0018-03-11 12:20:00,18,3,11,12,20,150,83,Avenue du Pont d'Authre,44.99332,2.42017,Plein jour,En agglomération,Giratoire,Normale,Deux véhicules - frontale,,,,,,,,,,,1,2,6,1.0,1.0
201800014524,0018-03-22 20:15:00,18,3,22,20,15,150,267,pont du bex RD45,44.91573,2.36631,Nuit sans éclairage public,Hors agglomération,Hors intersection,Normale,Autre collision,,,,,,,,,,,3,1,1,1.0,6.0
201800014525,0018-03-30 15:45:00,18,3,30,15,45,150,221,"N122, au niveau du pont",44.88261,2.32807,Plein jour,Hors agglomération,Hors intersection,Pluie légère,Deux véhicules - frontale,,,,,,,,,,,1,1,1,2.0,1.0
201800014526,0018-04-06 08:30:00,18,4,6,8,30,150,267,Rue du plomb du Cantal,44.90986,2.36799,Plein jour,En agglomération,Hors intersection,Normale,Autre collision,,,,,,,,,,,1,2,1,1.0,6.0
201800014527,0018-04-20 17:00:00,18,4,20,17,0,150,267,D18,44.90582,2.3182,Plein jour,Hors agglomération,Hors intersection,Normale,Sans collision,,,,,,,,,,,1,1,1,1.0,7.0
201800014528,0018-04-24 17:33:00,18,4,24,17,33,150,267,8 Avenue de l'Égalité,44.91633,2.36536,Plein jour,Hors agglomération,Hors intersection,Temps éblouissant,Deux véhicules - frontale,,,,,,,,,,,1,1,1,7.0,1.0
201800014529,0018-06-12 14:00:00,18,6,12,14,0,150,211,RD 43,45.01655,2.22641,Plein jour,Hors agglomération,Hors intersection,Normale,Deux véhicules - frontale,,,,,,,,,,,1,1,1,1.0,1.0
201800014530,0018-07-08 10:35:00,18,7,8,10,35,150,267,D53 route du barrage,44.91836,2.32438,Plein jour,Hors agglomération,Hors intersection,Normale,Sans collision,,,,,,,,,,,1,1,1,1.0,7.0
201800014531,0018-07-28 09:40:00,18,7,28,9,40,150,233,Le bourg,44.97421,2.36071,Plein jour,En agglomération,Hors intersection,Temps couvert,Sans collision,,,,,,,,,,,1,2,1,8.0,7.0
201800014532,0018-09-14 15:40:00,18,9,14,15,40,150,267,Carrefour D18 D53,44.90532,2.32641,Plein jour,Hors agglomération,Hors intersection,Normale,Deux véhicules - frontale,,,,,,,,,,,1,1,1,1.0,1.0
201800014533,0018-10-14 14:17:00,18,10,14,14,17,150,175,ROUTE DEPARTEMENTALE 160,45.04853,2.42255,Plein jour,Hors agglomération,Hors intersection,Vent fort / tempête,Deux véhicules - frontale,,,,,,,,,,,1,1,1,6.0,1.0