accident_id,datetime,annee,mois,jour,heure,minute,departement,commune_insee,adresse,latitude,longitude,luminosite,agglomeration,intersection,meteo,collision,nb_vehicules,nb_usagers,nb_indemnes,nb_tues,nb_blesses_hosp,nb_blesses_legers,age_cond_1,age_cond_2,veh_type_cond_1,veh_type_cond_2,lum_code,agg_code,int_code,atm_code,col_code
201800014781,0018-02-05 17:30:00,18,2,5,17,30,20,159,D1,49.54761,3.26024,Crépuscule ou aube,Hors agglomération,Hors intersection,Normale,Trois véhicules et plus - collisions multiples,,,,,,,,,,,2,1,1,1.0,5.0
201800014782,0018-03-15 17:00:00,18,3,15,17,0,20,707,CD14,49.5646,3.39012,Plein jour,Hors agglomération,Hors intersection,Normale,Autre collision,,,,,,,,,,,1,1,1,1.0,6.0
201800014783,0018-03-26 14:45:00,18,3,26,14,45,20,217,CD1,49.4998,3.33021,Plein jour,Hors agglomération,Hors intersection,Normale,Deux véhicules - arrière,,,,,,,,,,,1,1,1,1.0,2.0
201800014784,0018-04-05 15:40:00,18,4,5,15,40,20,93,28 avenue pasteur,49.51458,3.15886,Plein jour,En agglomération,Hors intersection,Normale,Deux véhicules - frontale,,,,,,,,,,,1,2,1,1.0,1.0
201800014785,0018-04-11 11:15:00,18,4,11,11,15,20,159,CD1,49.55168,3.26084,Plein jour,Hors agglomération,Hors intersection,Normale,Deux véhicules - frontale,,,,,,,,,,,1,1,1,1.0,1.0
201800014786,0018-04-24 21:00:00,18,4,24,21,0,20,661,CD5,49.50993,3.53704,Crépuscule ou aube,Hors agglomération,Hors intersection,Normale,Deux véhicules - côté,,,,,,,,,,,2,1,1,1.0,3.0
201800014787,0018-05-22 18:50:00,18,5,22,18,50,20,217,Départementale 1,49.51265,3.31421,Plein jour,Hors agglomération,Intersection en X,Normale,Deux véhicules - côté,,,,,,,,,,,1,1,2,1.0,3.0
201800014788,0018-12-03 16:40:00,18,12,3,16,40,20,49,Route départementale 7 P,49.60516,3.33263,Plein jour,Hors agglomération,Hors intersection,Pluie légère,Deux véhicules - côté,,,,,,,,,,,1,1,1,2.0,3.0
201800014789,0018-12-21 16:10:00,18,12,21,16,10,20,602,9/10 rue du 7eme BCA,49.4944,3.44898,Crépuscule ou aube,En agglomération,Hors intersection,Temps couvert,Sans collision,,,,,,,,,,,2,2,1,8.0,7.0
201800014790,0018-12-21 21:45:00,18,12,21,21,45,20,750,32 ROUTE DE COUCY LE CHÂ,49.51808,3.22773,Nuit sans éclairage public,En agglomération,Hors intersection,Normale,Deux véhicules - frontale,,,,,,,,,,,3,2,1,1.0,1.0
201800014791,0018-01-05 21:50:00,18,1,5,21,50,20,453,D 22,49.37896,3.71316,Nuit sans éclairage public,Hors agglomération,Hors intersection,Normale,Autre collision,,,,,,,,,,,3,1,1,1.0,6.0
201800014792,0018-03-05 22:25:00,18,3,5,22,25,20,565,8 rue de Bourg et Comin,49.39054,3.6878,Nuit sans éclairage public,En agglomération,Hors intersection,Normale,Autre collision,,,,,,,,,,,3,2,1,1.0,6.0
201800014793,0018-03-15 15:15:00,18,3,15,15,15,20,158,CD19,49.4732,3.68056,Plein jour,Hors agglomération,Hors intersection,Normale,Sans collision,,,,,,,,,,,1,1,1,1.0,7.0
201800014794,0018-05-05 12:15:00,18,5,5,12,15,20,72,01 rue du teignons,49.48687,3.84662,Plein jour,En agglomération,Hors intersection,Normale,Autre collision,,,,,,,,,,,1,2,1,1.0,6.0
201800014795,0018-05-05 19:30:00,18,5,5,19,30,20,751,13 rue georges posset,49.47189,3.61163,Plein jour,En agglomération,Autre intersection,Normale,Autre collision,,,,,,,,,,,1,2,9,1.0,6.0
201800014796,0018-05-20 16:10:00,18,5,20,16,10,20,5,"PK 005.600, D62, rue Mar",49.40635,3.96698,Plein jour,En agglomération,Hors intersection,Normale,Autre collision,,,,,,,,,,,1,2,1,1.0,6.0
201800014797,0018-06-07 17:45:00,18,6,7,17,45,20,215,rd1044,49.45816,3.82958,Plein jour,Hors agglomération,Hors intersection,Normale,Deux véhicules - frontale,,,,,,,,,,,1,1,1,1.0,1.0
201800014798,0018-10-06 18:30:00,18,10,6,18,30,20,475,rue des chenevrières,49.42351,4.01082,Plein jour,En agglomération,Hors intersection,Normale,Deux véhicules - côté,,,,,,,,,,,1,2,1,1.0,3.0
201800014799,0018-10-10 20:40:00,18,10,10,20,40,20,572,D 62,49.38363,4.01429,Nuit sans éclairage public,Hors agglomération,Hors intersection,Normale,Sans collision,,,,,,,,,,,3,1,1,1.0,7.0
201800014800,0018-10-13 03:30:00,18,10,13,3,30,20,73,D1044,49.41249,3.88719,Nuit avec éclairage non allumé,Hors agglomération,Giratoire,Normale,Sans collision,,,,,,,,,,,4,1,6,1.0,7.0
201800014801,0018-11-06 18:35:00,18,11,6,18,35,20,399,sortie de l'autoroute A2,49.42406,3.92759,Nuit sans éclairage public,Hors agglomération,Intersection en T,Normale,Deux véhicules - arrière,,,,,,,,,,,3,1,3,1.0,2.0
201800014802,0018-11-07 10:50:00,18,11,7,10,50,20,541,rue de Menneville,49.42825,4.02686,Plein jour,En agglomération,Hors intersection,Pluie légère,Deux véhicules - côté,,,,,,,,,,,1,2,1,2.0,3.0
201800014803,0018-01-27 14:00:00,18,1,27,14,0,20,465,D1003,49.03284,3.23722,Plein jour,Hors agglomération,Intersection en X,Brouillard / fumée,Deux véhicules - côté,,,,,,,,,,,1,1,2,5.0,3.0
201800014804,0018-02-01 11:45:00,18,2,1,11,45,20,748,départementale 6,49.09312,3.6053,Plein jour,Hors agglomération,Hors intersection,Pluie légère,Deux véhicules - arrière,,,,,,,,,,,1,1,1,2.0,2.0
201800014805,0018-04-15 11:30:00,18,4,15,11,30,20,292,21 rue Pierre Sémard,49.03575,3.41591,Plein jour,En agglomération,Hors intersection,Normale,Autre collision,,,,,,,,,,,1,2,1,1.0,6.0
201800014806,0018-02-12 14:00:00,18,2,12,14,0,20,458,INTERSECTION RD1/RD 933,48.89152,3.48847,Plein jour,Hors agglomération,Intersection en X,Temps éblouissant,Deux véhicules - côté,,,,,,,,,,,1,1,2,7.0,3.0
201800014807,0018-04-27 20:15:00,18,4,27,20,15,20,328,RD1003,49.04905,3.49357,Nuit sans éclairage public,Hors agglomération,Hors intersection,Vent fort / tempête,Sans collision,,,,,,,,,,,3,1,1,6.0,7.0
201800014808,0018-05-06 16:30:00,18,5,6,16,30,20,228,RD 1003,49.06852,3.52833,Plein jour,Hors agglomération,Hors intersection,Temps éblouissant,Autre collision,,,,,,,,,,,1,1,1,7.0,6.0
201800014809,0018-06-17 07:15:00,18,6,17,7,15,20,279,cd 87,49.09854,3.38346,Crépuscule ou aube,Hors agglomération,Hors intersection,Normale,Sans collision,,,,,,,,,,,2,1,1,1.0,7.0
201800014810,0018-09-24 16:00:00,18,9,24,16,0,20,748,CD 320,49.07461,3.6037,Plein jour,Hors agglomération,Hors intersection,Temps éblouissant,Sans collision,,,,,,,,,,,1,1,1,7.0,7.0
201800014811,0018-10-15 16:54:00,18,10,15,16,54,20,42,Route départementale D 9,49.00286,3.34796,Crépuscule ou aube,Hors agglomération,Hors intersection,Normale,Deux véhicules - côté,,,,,,,,,,,2,1,1,1.0,3.0
201800014812,0018-10-19 17:10:00,18,10,19,17,10,20,187,Départementale 1003,49.03936,3.42567,Plein jour,En agglomération,Hors intersection,Normale,Deux véhicules - frontale,,,,,,,,,,,1,2,1,1.0,1.0
201800014813,0018-10-29 09:22:00,18,10,29,9,22,20,114,D967,49.06049,3.42101,Plein jour,Hors agglomération,Hors intersection,Temps couvert,Deux véhicules - arrière,,,,,,,,,,,1,1,1,8.0,2.0
201800014814,0018-11-23 22:35:00,18,11,23,22,35,20,554,D15,49.01936,3.39741,Nuit sans éclairage public,Hors agglomération,Hors intersection,Pluie légère,Autre collision,,,,,,,,,,,3,1,1,2.0,6.0
201800014815,0018-02-05 07:36:00,18,2,5,7,36,20,693,PR31,49.23107,3.3071,Crépuscule ou aube,Hors agglomération,Hors intersection,Autre,Deux véhicules - frontale,,,,,,,,,,,2,1,1,9.0,1.0
201800014816,0018-03-29 09:45:00,18,3,29,9,45,20,305,3 rue des marchands,49.20076,3.51444,Plein jour,En agglomération,Hors intersection,Normale,Autre collision,,,,,,,,,,,1,2,1,1.0,6.0
201800014817,0018-04-07 16:45:00,18,4,7,16,45,20,438,hameau de beau repère,49.29767,3.24016,Plein jour,Hors agglomération,Intersection en X,Normale,Deux véhicules - côté,,,,,,,,,,,1,1,2,1.0,3.0
201800014818,0018-04-20 08:10:00,18,4,20,8,10,20,585,RD 1 PK66+300,49.2736,3.34488,Plein jour,Hors agglomération,Hors intersection,Normale,Sans collision,,,,,,,,,,,1,1,1,1.0,7.0
201800014819,0018-09-02 20:30:00,18,9,2,20,30,20,816,route departementale 6,49.18269,3.54559,Crépuscule ou aube,Hors agglomération,Hors intersection,Normale,Sans collision,,,,,,,,,,,2,1,1,1.0,7.0
201800014820,0018-09-23 09:43:00,18,9,23,9,43,20,799,RD172,49.27606,3.29586,Plein jour,Hors agglomération,Hors intersection,Pluie légère,Deux véhicules - frontale,,,,,,,,,,,1,1,1,2.0,1.0
201800014821,0018-09-29 16:19:00,18,9,29,16,19,20,806,D 310 PK 3+400,49.18808,3.4636,Plein jour,Hors agglomération,Hors intersection,Normale,Trois véhicules et plus - en chaîne,,,,,,,,,,,1,1,1,1.0,4.0
201800014822,0018-11-07 12:20:00,18,11,7,12,20,20,82,ROUTE DEPARTEMENTALE 2,49.23171,3.41904,Plein jour,Hors agglomération,Hors intersection,Pluie légère,Deux véhicules - frontale,,,,,,,,,,,1,1,1,2.0,1.0
201800014823,0018-04-17 16:15:00,18,4,17,16,15,20,397,rue de l'emonteau,49.71189,3.22432,Plein jour,Hors agglomération,Hors intersection,Normale,Autre collision,,,,,,,,,,,1,1,1,1.0,6.0
201800014824,0018-06-01 10:10:00,18,6,1,10,10,20,371,départementale D1029,49.84297,3.33818,Plein jour,Hors agglomération,Hors intersection,Normale,Deux véhicules - arrière,,,,,,,,,,,1,1,1,1.0,2.0
201800014825,0018-06-04 08:45:00,18,6,4,8,45,20,570,CD 438,49.73641,3.16365,Plein jour,Hors agglomération,Hors intersection,Temps éblouissant,Deux véhicules - arrière,,,,,,,,,,,1,1,1,7.0,2.0
201800014826,0018-06-15 04:30:00,18,6,15,4,30,20,382,Route départementale 102,49.86676,3.20248,Crépuscule ou aube,Hors agglomération,Hors intersection,Normale,Sans collision,,,,,,,,,,,2,1,1,1.0,7.0
201800014827,0018-07-08 08:30:00,18,7,8,8,30,20,315,D937 D810,49.71346,3.20241,Plein jour,En agglomération,Intersection en T,Temps éblouissant,Deux véhicules - frontale,,,,,,,,,,,1,2,3,7.0,1.0
201800014828,0018-09-08 18:45:00,18,9,8,18,45,20,785,Route départementale D10,49.87477,3.17802,Plein jour,Hors agglomération,Hors intersection,Normale,Deux véhicules - arrière,,,,,,,,,,,1,1,1,1.0,2.0
201800014829,0018-09-24 18:45:00,18,9,24,18,45,20,303,RD 1029,49.85871,3.24622,Plein jour,Hors agglomération,Hors intersection,Normale,Deux véhicules - arrière,,,,,,,,,,,1,1,1,1.0,2.0
201800014830,0018-10-03 15:15:00,18,10,3,15,15,20,785,cd1029,49.8796,3.13995,Plein jour,Hors agglomération,Intersection en X,Normale,Deux véhicules - côté,,,,,,,,,,,1,1,2,1.0,3.0
201800014831,0018-11-11 11:30:00,18,11,11,11,30,20,32,10 rue saint nicolas,49.7756,3.11127,Plein jour,En agglomération,Hors intersection,Pluie légère,Autre collision,,,,,,,,,,,1,2,1,2.0,6.0
201800014832,0018-11-17 17:26:00,18,11,17,17,26,20,214,D321,49.78951,3.22684,Nuit sans éclairage public,Hors agglomération,Hors intersection,Normale,Deux véhicules - frontale,,,,,,,,,,,3,1,1,1.0,1.0
201800014833,0018-02-02 18:00:00,18,2,2,18,0,20,112,RD 28,49.98237,3.40439,Nuit sans éclairage public,Hors agglomération,Hors intersection,Pluie forte,Autre collision,,,,,,,,,,,3,1,1,3.0,6.0
201800014834,0018-02-11 11:30:00,18,2,11,11,30,20,57,rue de l'industrie,49.99702,3.30972,Plein jour,En agglomération,Hors intersection,Normale,Autre collision,,,,,,,,,,,1,2,1,1.0,6.0
201800014835,0018-03-02 15:30:00,18,3,2,15,30,20,100,RD.1044 - PK 4.950,49.98802,3.23994,Plein jour,Hors agglomération,Hors intersection,Pluie légère,Deux véhicules - frontale,,,,,,,,,,,1,1,1,2.0,1.0
201800014836,0018-04-28 06:45:00,18,4,28,6,45,20,323,DEPARTEMENTALE 8 PK 28+2,49.9312,3.3773,Plein jour,Hors agglomération,Hors intersection,Normale,Sans collision,,,,,,,,,,,1,1,1,1.0,7.0
201800014837,0018-05-09 13:30:00,18,5,9,13,30,20,352,D28,50.00256,3.27121,Plein jour,Hors agglomération,Hors intersection,Normale,Autre collision,,,,,,,,,,,1,1,1,1.0,6.0
201800014838,0018-07-07 09:30:00,18,7,7,9,30,20,95,RUE FAGARD,49.98734,3.45385,Plein jour,En agglomération,Hors intersection,Normale,Trois véhicules et plus - collisions multiples,,,,,,,,,,,1,2,1,1.0,5.0
201800014839,0018-07-26 19:00:00,18,7,26,19,0,20,293,DEPARTEMENTALE 13 PK 5+2,49.9416,3.46903,Plein jour,Hors agglomération,Hors intersection,Normale,Sans collision,,,,,,,,,,,1,1,1,1.0,7.0
201800014840,0018-08-13 14:00:00,18,8,13,14,0,20,95,"Rue Gérard Parent, Dépar",49.99254,3.451,Plein jour,En agglomération,Intersection en Y,Normale,Deux véhicules - côté,,,,,,,,,,,1,2,4,1.0,3.0
201800014841,0018-09-12 09:15:00,18,9,12,9,15,20,374,Départementale 93,49.90765,3.27371,Plein jour,Hors agglomération,Hors intersection,Brouillard / fumée,Sans collision,,,,,,,,,,,1,1,1,5.0,7.0
201800014842,0018-09-26 18:00:00,18,9,26,18,0,20,95,41 rue jacquard,49.98465,3.45093,Plein jour,En agglomération,Autre intersection,Normale,Autre collision,,,,,,,,,,,1,2,9,1.0,6.0
201800014843,0018-10-07 08:20:00,18,10,7,8,20,20,65,D 932 PK : 15 + 054,49.94218,3.246,Plein jour,Hors agglomération,Hors intersection,Normale,Sans collision,,,,,,,,,,,1,1,1,1.0,7.0
201800014844,0018-12-17 11:30:00,18,12,17,11,30,20,95,Route de Vaux,50.0091,3.49361,Plein jour,Hors agglomération,Hors intersection,Normale,Deux véhicules - frontale,,,,,,,,,,,1,1,1,1.0,1.0
201800014845,0018-12-27 18:40:00,18,12,27,18,40,20,709,D932,50.0307,3.39204,Nuit sans éclairage public,Hors agglomération,Hors intersection,Normale,Sans collision,,,,,,,,,,,3,1,1,1.0,7.0
201800014846,0018-08-11 22:15:00,18,8,11,22,15,20,422,D 946,49.93407,3.63281,Nuit sans éclairage public,Hors agglomération,Hors intersection,Normale,Deux véhicules - frontale,,,,,,,,,,,3,1,1,1.0,1.0
201800014847,0018-09-05 10:50:00,18,9,5,10,50,20,361,380 rue des docteurs dev,49.90148,3.63437,Plein jour,En agglomération,Hors intersection,Temps couvert,Autre collision,,,,,,,,,,,1,2,1,8.0,6.0
201800014848,0018-01-10 17:50:00,18,1,10,17,50,20,639,Route Départementale 1,49.72463,3.27528,Nuit sans éclairage public,Hors agglomération,Hors intersection,Normale,Deux véhicules - arrière,,,,,,,,,,,3,1,1,1.0,2.0
201800014849,0018-01-26 00:01:00,18,1,26,0,1,20,124,Départementale 13,49.7347,3.37845,Nuit sans éclairage public,Hors agglomération,Hors intersection,Normale,Sans collision,,,,,,,,,,,3,1,1,1.0,7.0
201800014850,0018-03-03 06:15:00,18,3,3,6,15,20,149,CD 1044 PK 30,49.77086,3.33343,Nuit sans éclairage public,Hors agglomération,Hors intersection,Autre,Deux véhicules - arrière,,,,,,,,,,,3,1,1,9.0,2.0
201800014851,0018-03-30 17:38:00,18,3,30,17,38,20,503,"54, rue des aubépines",49.84053,3.49623,Plein jour,En agglomération,Hors intersection,Normale,Autre collision,,,,,,,,,,,1,2,1,1.0,6.0
201800014852,0018-04-01 19:26:00,18,4,1,19,26,20,717,22 rue de la gare,49.77659,3.41337,Plein jour,En agglomération,Hors intersection,Normale,Autre collision,,,,,,,,,,,1,2,1,1.0,6.0
201800014853,0018-04-15 16:40:00,18,4,15,16,40,20,75,D34,49.77538,3.38249,Plein jour,Hors agglomération,Hors intersection,Normale,Deux véhicules - côté,,,,,,,,,,,1,1,1,1.0,3.0
201800014854,0018-06-10 04:15:00,18,6,10,4,15,20,532,lieu dit la guinguette,49.75901,3.33737,Crépuscule ou aube,Hors agglomération,Intersection en X,Normale,Trois véhicules et plus - en chaîne,,,,,,,,,,,2,1,2,1.0,4.0
201800014855,0018-06-15 21:20:00,18,6,15,21,20,20,648,D58,49.79725,3.47961,Crépuscule ou aube,Hors agglomération,Hors intersection,Normale,Deux véhicules - côté,,,,,,,,,,,2,1,1,1.0,3.0
201800014856,0018-10-27 07:15:00,18,10,27,7,15,20,775,RD 1044,49.71513,3.34639,Nuit sans éclairage public,Hors agglomération,Hors intersection,Normale,Autre collision,,,,,,,,,,,3,1,1,1.0,6.0
201800014857,0018-01-07 01:30:00,18,1,7,1,30,20,131,Route nationale 2,49.38946,3.375,Nuit sans éclairage public,Hors agglomération,Hors intersection,Pluie légère,Deux véhicules - frontale,,,,,,,,,,,3,1,1,2.0,1.0
201800014858,0018-03-02 16:30:00,18,3,2,16,30,20,89,RN 31,49.36962,3.35874,Plein jour,Hors agglomération,Hors intersection,Normale,Trois véhicules et plus - en chaîne,,,,,,,,,,,1,1,1,1.0,4.0
201800014859,0018-05-30 13:50:00,18,5,30,13,50,20,528,Départementale 81,49.33442,3.09938,Plein jour,Hors agglomération,Hors intersection,Normale,Autre collision,,,,,,,,,,,1,1,1,1.0,6.0
201800014860,0018-06-03 16:45:00,18,6,3,16,45,20,528,D94,49.32985,3.05422,Plein jour,Hors agglomération,Hors intersection,Normale,Autre collision,,,,,,,,,,,1,1,1,1.0,6.0
201800014861,0018-06-16 08:00:00,18,6,16,8,0,20,326,Rue du Pont,49.40802,3.18348,Plein jour,En agglomération,Hors intersection,Normale,Deux véhicules - frontale,,,,,,,,,,,1,2,1,1.0,1.0
201800014862,0018-08-08 17:15:00,18,8,8,17,15,20,687,RD 17 - Point kilométriq,49.3205,3.19688,Plein jour,Hors agglomération,Hors intersection,Normale,Autre collision,,,,,,,,,,,1,1,1,1.0,6.0
201800014863,0018-09-06 19:30:00,18,9,6,19,30,20,89,D6,49.34727,3.36706,Plein jour,Hors agglomération,Hors intersection,Normale,Deux véhicules - arrière,,,,,,,,,,,1,1,1,1.0,2.0
201800014864,0018-09-20 15:30:00,18,9,20,15,30,20,131,2 rue de BROYON,49.38957,3.40088,Plein jour,En agglomération,Intersection en T,Normale,Sans collision,,,,,,,,,,,1,2,3,1.0,7.0
201800014865,0018-09-24 20:20:00,18,9,24,20,20,20,226,route du vauxbuin,49.34802,3.31159,Nuit sans éclairage public,En agglomération,Hors intersection,Normale,Autre collision,,,,,,,,,,,3,2,1,1.0,6.0
201800014866,0018-10-29 03:30:00,18,10,29,3,30,20,770,126 ROUTE DE PARIS,49.36344,3.30217,Nuit avec éclairage allumé,En agglomération,Hors intersection,Normale,Autre collision,,,,,,,,,,,5,2,1,1.0,6.0
201800014867,0018-11-16 02:50:00,18,11,16,2,50,20,400,RN2,49.43744,3.42298,Nuit sans éclairage public,Hors agglomération,Hors intersection,Brouillard / fumée,Autre collision,,,,,,,,,,,3,1,1,5.0,6.0
201800014868,0018-11-17 14:10:00,18,11,17,14,10,20,71,rue de l'église,49.41015,3.1315,Plein jour,En agglomération,Hors intersection,Temps éblouissant,Deux véhicules - côté,,,,,,,,,,,1,2,1,7.0,3.0
201800014869,0018-12-03 00:30:00,18,12,3,0,30,20,245,rue du belvédère,49.39858,3.33264,Nuit avec éclairage non allumé,En agglomération,Hors intersection,Pluie légère,Sans collision,,,,,,,,,,,4,2,1,2.0,7.0
201800014870,0018-12-06 12:20:00,18,12,6,12,20,20,770,n2,49.35293,3.28031,Plein jour,Hors agglomération,Intersection en X,Normale,Deux véhicules - frontale,,,,,,,,,,,1,1,2,1.0,1.0
201800014871,0018-12-26 11:30:00,18,12,26,11,30,20,11,D943,49.38474,3.19642,Plein jour,Hors agglomération,Hors intersection,Brouillard / fumée,Sans collision,,,,,,,,,,,1,1,1,5.0,7.0
201800014872,0018-01-13 18:05:00,18,1,13,18,5,20,167,route de Braine D14,49.37971,3.50538,Nuit avec éclairage allumé,En agglomération,Hors intersection,Normale,Deux véhicules - côté,,,,,,,,,,,5,2,1,1.0,3.0
201800014873,0018-01-18 05:30:00,18,1,18,5,30,20,174,ROUTE NATIONALE 2,49.47738,3.53401,Nuit sans éclairage public,Hors agglomération,Hors intersection,Normale,Deux véhicules - arrière,,,,,,,,,,,3,1,1,1.0,2.0
201800014874,0018-05-30 19:35:00,18,5,30,19,35,20,646,8 route de maizy,49.36968,3.70173,Plein jour,En agglomération,Hors intersection,Normale,Autre collision,,,,,,,,,,,1,2,1,1.0,6.0
201800014875,0018-06-08 08:25:00,18,6,8,8,25,20,589,RD 18 PK 3,49.45384,3.53123,Crépuscule ou aube,Hors agglomération,Autre intersection,Brouillard / fumée,Deux véhicules - frontale,,,,,,,,,,,2,1,9,5.0,1.0
201800014876,0018-07-19 08:24:00,18,7,19,8,24,20,174,Route nationale 2 --- PK,49.45657,3.48912,Plein jour,Hors agglomération,Hors intersection,Normale,Deux véhicules - arrière,,,,,,,,,,,1,1,1,1.0,2.0
201800014877,0018-08-19 16:23:00,18,8,19,16,23,20,167,"D14 PK 27,500",49.37156,3.50168,Plein jour,Hors agglomération,Hors intersection,Normale,Sans collision,,,,,,,,,,,1,1,1,1.0,7.0
201800014878,0018-09-03 18:15:00,18,9,3,18,15,20,148,35 route de vouziers,49.40305,3.48183,Plein jour,En agglomération,Hors intersection,Normale,Autre collision,,,,,,,,,,,1,2,1,1.0,6.0
201800014879,0018-12-13 11:40:00,18,12,13,11,40,20,36,"RN31, PK 32+900",49.34791,3.50524,Plein jour,Hors agglomération,Hors intersection,Normale,Trois véhicules et plus - collisions multiples,,,,,,,,,,,1,1,1,1.0,5.0
201800014880,0018-12-18 12:38:00,18,12,18,12,38,20,439,RD 481,49.34082,3.63728,Plein jour,Hors agglomération,Intersection en X,Normale,Deux véhicules - côté,,,,,,,,,,,1,1,2,1.0,3.0
201800014881,0018-12-18 18:10:00,18,12,18,18,10,20,174,RN 02 PK 45+200,49.48557,3.54282,Nuit sans éclairage public,Hors agglomération,Hors intersection,Normale,Autre collision,,,,,,,,,,,3,1,1,1.0,6.0
201800014882,0018-01-11 08:30:00,18,1,11,8,30,20,810,place de la liberté,49.2529,3.09748,Crépuscule ou aube,En agglomération,Intersection en X,Pluie légère,Deux véhicules - arrière,,,,,,,,,,,2,2,2,2.0,2.0
201800014883,0018-01-19 07:10:00,18,1,19,7,10,20,506,RN2,49.29385,3.17857,Nuit sans éclairage public,Hors agglomération,Hors intersection,Pluie légère,Trois véhicules et plus - en chaîne,,,,,,,,,,,3,1,1,2.0,4.0
201800014884,0018-02-03 18:36:00,18,2,3,18,36,20,307,"cd4, pk 3+900",49.16692,3.16846,Nuit sans éclairage public,Hors agglomération,Hors intersection,Pluie légère,Deux véhicules - arrière,,,,,,,,,,,3,1,1,2.0,2.0
201800014885,0018-02-05 07:45:00,18,2,5,7,45,20,734,D973,49.30673,3.0469,Crépuscule ou aube,Hors agglomération,Hors intersection,Neige / grêle,Deux véhicules - arrière,,,,,,,,,,,2,1,1,4.0,2.0
201800014886,0018-02-24 16:20:00,18,2,24,16,20,20,543,D973,49.16577,3.27116,Plein jour,Hors agglomération,Hors intersection,Temps éblouissant,Autre collision,,,,,,,,,,,1,1,1,7.0,6.0
201800014887,0018-04-14 11:44:00,18,4,14,11,44,20,810,D231,49.25447,3.10326,Plein jour,Hors agglomération,Hors intersection,Normale,Deux véhicules - frontale,,,,,,,,,,,1,1,1,1.0,1.0
201800014888,0018-04-15 12:30:00,18,4,15,12,30,20,644,RUE DE L'EGLISE,49.32212,3.01219,Plein jour,En agglomération,Intersection en Y,Normale,Deux véhicules - frontale,,,,,,,,,,,1,2,4,1.0,1.0
201800014889,0018-04-26 15:35:00,18,4,26,15,35,20,410,RN2,49.24704,3.03984,Plein jour,Hors agglomération,Hors intersection,Normale,Autre collision,,,,,,,,,,,1,1,1,1.0,6.0
201800014890,0018-05-20 19:50:00,18,5,20,19,50,20,543,D 79,49.18362,3.2501,Plein jour,Hors agglomération,Hors intersection,Normale,Autre collision,,,,,,,,,,,1,1,1,1.0,6.0
201800014891,0018-05-26 12:40:00,18,5,26,12,40,20,734,D 973,49.30502,3.04866,Plein jour,Hors agglomération,Hors intersection,Normale,Sans collision,,,,,,,,,,,1,1,1,1.0,7.0
201800014892,0018-06-04 13:10:00,18,6,4,13,10,20,232,RN2,49.23493,2.99271,Plein jour,Hors agglomération,Hors intersection,Normale,Deux véhicules - frontale,,,,,,,,,,,1,1,1,1.0,1.0
201800014893,0018-07-24 16:10:00,18,7,24,16,10,20,810,RN2,49.26611,3.10411,Plein jour,Hors agglomération,Hors intersection,Normale,Trois véhicules et plus - en chaîne,,,,,,,,,,,1,1,1,1.0,4.0
201800014894,0018-08-04 17:35:00,18,8,4,17,35,20,679,Carrefour D11 et D841,49.1025,3.19703,Plein jour,Hors agglomération,Intersection en X,Normale,Deux véhicules - côté,,,,,,,,,,,1,1,2,1.0,3.0
201800014895,0018-09-01 04:15:00,18,9,1,4,15,20,302,D17,49.20197,3.16704,Nuit sans éclairage public,En agglomération,Hors intersection,Normale,Autre collision,,,,,,,,,,,3,2,1,1.0,6.0
201800014896,0018-02-26 16:55:00,18,2,26,16,55,20,369,PR31 RD37,49.79751,3.99912,Plein jour,Hors agglomération,Hors intersection,Normale,Sans collision,,,,,,,,,,,1,1,1,1.0,7.0
201800014897,0018-03-09 15:00:00,18,3,9,15,0,20,109,Hameau de foigny,49.89526,3.97275,Plein jour,En agglomération,Intersection en T,Pluie légère,Deux véhicules - arrière,,,,,,,,,,,1,2,3,2.0,2.0
201800014898,0018-07-08 14:15:00,18,7,8,14,15,20,491,RD967,49.78341,3.62874,Plein jour,Hors agglomération,Hors intersection,Normale,Sans collision,,,,,,,,,,,1,1,1,1.0,7.0
201800014899,0018-07-08 13:10:00,18,7,8,13,10,20,801,d966,49.7392,3.99008,Plein jour,Hors agglomération,Hors intersection,Normale,Sans collision,,,,,,,,,,,1,1,1,1.0,7.0
201800014900,0018-10-05 17:15:00,18,10,5,17,15,20,789,Rue du général Deville,49.83038,3.91787,Plein jour,En agglomération,Intersection en T,Normale,Deux véhicules - côté,,,,,,,,,,,1,2,3,1.0,3.0
201800014901,0018-12-04 17:45:00,18,12,4,17,45,20,789,Avenue Paul Doumer,49.83275,3.90228,Nuit avec éclairage allumé,En agglomération,Hors intersection,Normale,Autre collision,,,,,,,,,,,5,2,1,1.0,6.0
201800014902,0018-04-07 17:30:00,18,4,7,17,30,20,419,"D1029, PK55+2040",49.9544,3.79702,Plein jour,Hors agglomération,Hors intersection,Normale,Sans collision,,,,,,,,,,,1,1,1,1.0,7.0