accident_id,datetime,annee,mois,jour,heure,minute,departement,commune_insee,adresse,latitude,longitude,luminosite,agglomeration,intersection,meteo,collision,nb_vehicules,nb_usagers,nb_indemnes,nb_tues,nb_blesses_hosp,nb_blesses_legers,age_cond_1,age_cond_2,veh_type_cond_1,veh_type_cond_2,lum_code,agg_code,int_code,atm_code,col_code
201800015025,0018-03-01 14:15:00,18,3,1,14,15,380,410,D 1092,45.08485,5.21212,Plein jour,Hors agglomération,Hors intersection,Normale,Deux véhicules - côté,,,,,,,,,,,1,1,1,1.0,3.0
201800015026,0018-06-16 12:10:00,18,6,16,12,10,380,410,Giratoire D1092 et D69,45.07662,5.16246,Plein jour,Hors agglomération,Giratoire,Normale,Deux véhicules - côté,,,,,,,,,,,1,1,6,1.0,3.0
201800015027,0018-07-07 04:30:00,18,7,7,4,30,380,394,D1092,45.10262,5.25022,Crépuscule ou aube,Hors agglomération,Hors intersection,Normale,Autre collision,,,,,,,,,,,2,1,1,1.0,6.0
201800015028,0018-09-28 15:40:00,18,9,28,15,40,380,463,D518,45.19478,5.34688,Plein jour,Hors agglomération,Hors intersection,Normale,Deux véhicules - frontale,,,,,,,,,,,1,1,1,1.0,1.0
201800015029,0018-10-17 14:45:00,18,10,17,14,45,380,36,D1532,45.12476,5.33682,Plein jour,Hors agglomération,Intersection en X,Normale,Deux véhicules - côté,,,,,,,,,,,1,1,2,1.0,3.0
201800015030,0018-10-24 17:35:00,18,10,24,17,35,380,394,Giratoire D76 et D21A,45.06901,5.24368,Plein jour,En agglomération,Giratoire,Normale,Deux véhicules - côté,,,,,,,,,,,1,2,6,1.0,3.0
201800015031,0018-10-28 11:30:00,18,10,28,11,30,380,409,DEPARTEMENTALE 1532,45.06282,5.26452,Plein jour,Hors agglomération,Hors intersection,Normale,Deux véhicules - frontale,,,,,,,,,,,1,1,1,1.0,1.0
201800015032,0018-11-04 18:20:00,18,11,4,18,20,380,394,D1092,45.10915,5.25931,Nuit sans éclairage public,Hors agglomération,Hors intersection,Normale,Trois véhicules et plus - collisions multiples,,,,,,,,,,,3,1,1,1.0,5.0
201800015033,0018-03-10 18:30:00,18,3,10,18,30,380,219,D73-Chemin du Champlard,45.32805,5.09316,Crépuscule ou aube,Hors agglomération,Intersection en X,Normale,Deux véhicules - côté,,,,,,,,,,,2,1,2,1.0,3.0
201800015034,0018-05-16 20:30:00,18,5,16,20,30,380,457,RUE DE CHAMPLAINE,45.33715,5.25627,Crépuscule ou aube,En agglomération,Hors intersection,Normale,Autre collision,,,,,,,,,,,2,2,1,1.0,6.0
201800015035,0018-06-28 17:35:00,18,6,28,17,35,380,561,D130 - Chemin Novelay,45.32296,5.21749,Plein jour,Hors agglomération,Intersection en T,Normale,Deux véhicules - côté,,,,,,,,,,,1,1,3,1.0,3.0
201800015036,0018-06-27 17:30:00,18,6,27,17,30,380,347,D71,45.27003,5.25612,Plein jour,Hors agglomération,Hors intersection,Normale,Autre collision,,,,,,,,,,,1,1,1,1.0,6.0
201800015037,0018-07-14 12:10:00,18,7,14,12,10,380,473,D519,45.34558,5.23856,Plein jour,Hors agglomération,Hors intersection,Normale,Deux véhicules - frontale,,,,,,,,,,,1,1,1,1.0,1.0
201800015038,0018-07-19 09:25:00,18,7,19,9,25,380,457,D71,45.31473,5.26728,Plein jour,Hors agglomération,Hors intersection,Normale,Autre collision,,,,,,,,,,,1,1,1,1.0,6.0
201800015039,0018-09-04 18:13:00,18,9,4,18,13,380,387,D518,45.31049,5.33734,Plein jour,Hors agglomération,Hors intersection,Normale,Sans collision,,,,,,,,,,,1,1,1,1.0,7.0
201800015040,0018-09-07 17:45:00,18,9,7,17,45,380,219,D73,45.32513,5.08522,Crépuscule ou aube,Hors agglomération,Intersection en Y,Normale,Deux véhicules - frontale,,,,,,,,,,,2,1,4,1.0,1.0
201800015041,0018-09-09 04:00:00,18,9,9,4,0,380,561,D156D - Rte Montfalcon,45.30869,5.19931,Nuit sans éclairage public,Hors agglomération,Hors intersection,Normale,Sans collision,,,,,,,,,,,3,1,1,1.0,7.0
201800015042,0018-10-14 03:30:00,18,10,14,3,30,380,379,Route du Grand Serre,45.26076,5.13819,Nuit sans éclairage public,Hors agglomération,Intersection en Y,Normale,Autre collision,,,,,,,,,,,3,1,4,1.0,6.0
201800015043,0018-12-14 12:30:00,18,12,14,12,30,380,384,Départementale 518,45.33472,5.34028,Plein jour,Hors agglomération,Hors intersection,Normale,Deux véhicules - frontale,,,,,,,,,,,1,1,1,1.0,1.0
201800015044,0018-02-16 21:55:00,18,2,16,21,55,380,517,Av. de la gare - D1092,45.3003,5.48718,Nuit avec éclairage allumé,En agglomération,Hors intersection,Normale,Autre collision,,,,,,,,,,,5,2,1,1.0,6.0
201800015045,0018-02-17 23:30:00,18,2,17,23,30,380,517,1 bis rue hector BERLIOZ,45.30824,5.49635,Nuit avec éclairage allumé,En agglomération,Hors intersection,Normale,Deux véhicules - côté,,,,,,,,,,,5,2,1,1.0,3.0
201800015046,0018-04-25 14:00:00,18,4,25,14,0,380,117,D1532,45.19569,5.42892,Plein jour,Hors agglomération,Hors intersection,Normale,Autre collision,,,,,,,,,,,1,1,1,1.0,6.0
201800015047,0018-05-15 06:50:00,18,5,15,6,50,380,517,9 chemin du Salamot,45.30193,5.49788,Crépuscule ou aube,En agglomération,Hors intersection,Pluie légère,Autre collision,,,,,,,,,,,2,2,1,2.0,6.0
201800015048,0018-05-27 17:30:00,18,5,27,17,30,380,500,RD 1092,45.17849,5.37606,Plein jour,Hors agglomération,Hors intersection,Pluie légère,Autre collision,,,,,,,,,,,1,1,1,2.0,6.0
201800015049,0018-06-27 22:20:00,18,6,27,22,20,380,310,Avenue du Vercors,45.27106,5.46898,Nuit sans éclairage public,Hors agglomération,Hors intersection,Normale,Autre collision,,,,,,,,,,,3,1,1,1.0,6.0
201800015050,0018-07-06 16:30:00,18,7,6,16,30,380,517,Rue du Thenevet,45.30541,5.4981,Plein jour,En agglomération,Intersection en T,Normale,Sans collision,,,,,,,,,,,1,2,3,1.0,7.0
201800015051,0018-11-10 13:00:00,18,11,10,13,0,380,517,Route de POLIENAS,45.27488,5.48137,Plein jour,Hors agglomération,Hors intersection,Normale,Deux véhicules - côté,,,,,,,,,,,1,1,1,1.0,3.0
201800015052,0018-11-29 06:15:00,18,11,29,6,15,380,450,RD 45,45.28355,5.53331,Nuit sans éclairage public,Hors agglomération,Intersection en T,Normale,Deux véhicules - côté,,,,,,,,,,,3,1,3,1.0,3.0
201800015053,0018-01-07 11:40:00,18,1,7,11,40,380,473,route de Châtenay,45.3435,5.21683,Plein jour,Hors agglomération,Hors intersection,Normale,Sans collision,,,,,,,,,,,1,1,1,1.0,7.0
201800015054,0018-01-30 19:30:00,18,1,30,19,30,380,134,892 route de vienne,45.44515,4.99486,Nuit sans éclairage public,Hors agglomération,Hors intersection,Pluie légère,Deux véhicules - côté,,,,,,,,,,,3,1,1,2.0,3.0
201800015055,0018-02-27 15:45:00,18,2,27,15,45,380,16,route de beaurepaire,45.42166,5.1679,Plein jour,Hors agglomération,Hors intersection,Normale,Autre collision,,,,,,,,,,,1,1,1,1.0,6.0
201800015056,0018-03-02 09:00:00,18,3,2,9,0,380,130,D518A,45.38017,5.26251,Plein jour,Hors agglomération,Intersection en T,Pluie légère,Deux véhicules - frontale,,,,,,,,,,,1,1,3,2.0,1.0
201800015057,0018-03-09 14:25:00,18,3,9,14,25,380,121,D518,45.41271,5.23284,Plein jour,Hors agglomération,Hors intersection,Normale,Sans collision,,,,,,,,,,,1,1,1,1.0,7.0
201800015058,0018-03-10 19:00:00,18,3,10,19,0,380,130,avenue camille rocher,45.39318,5.27024,Nuit avec éclairage allumé,En agglomération,Hors intersection,Normale,Autre collision,,,,,,,,,,,5,2,1,1.0,6.0
201800015059,0018-03-24 15:30:00,18,3,24,15,30,380,130,1 avenue camille rocher,45.39317,5.2716,Plein jour,En agglomération,Hors intersection,Normale,Deux véhicules - arrière,,,,,,,,,,,1,2,1,1.0,2.0
201800015060,0018-04-21 16:45:00,18,4,21,16,45,380,393,1455 route des Alpes,45.3905,5.33113,Plein jour,En agglomération,Intersection en T,Normale,Deux véhicules - côté,,,,,,,,,,,1,2,3,1.0,3.0
201800015061,0018-04-26 13:15:00,18,4,26,13,15,380,130,D518,45.3828,5.2768,Plein jour,Hors agglomération,Intersection en X,Normale,Deux véhicules - côté,,,,,,,,,,,1,1,2,1.0,3.0
201800015062,0018-04-28 15:45:00,18,4,28,15,45,380,291,chemin du Chaffaud,45.36365,5.12964,Plein jour,Hors agglomération,Intersection en X,Normale,Deux véhicules - côté,,,,,,,,,,,1,1,2,1.0,3.0
201800015063,0018-04-28 19:00:00,18,4,28,19,0,380,284,25 chemin de bellevue,45.39789,5.21901,Plein jour,En agglomération,Hors intersection,Normale,Autre collision,,,,,,,,,,,1,2,1,1.0,6.0
201800015064,0018-04-29 06:40:00,18,4,29,6,40,380,69,Routes des Alpes,45.44467,5.29137,Crépuscule ou aube,En agglomération,Hors intersection,Normale,Autre collision,,,,,,,,,,,2,2,1,1.0,6.0
201800015065,0018-06-01 08:15:00,18,6,1,8,15,380,130,chemin de passe farine,45.37846,5.27516,Plein jour,Hors agglomération,Intersection en X,Normale,Deux véhicules - côté,,,,,,,,,,,1,1,2,1.0,3.0
201800015066,0018-06-04 08:35:00,18,6,4,8,35,380,274,D71,45.43345,5.28127,Plein jour,Hors agglomération,Intersection en X,Normale,Deux véhicules - frontale,,,,,,,,,,,1,1,2,1.0,1.0
201800015067,0018-06-15 12:50:00,18,6,15,12,50,380,267,route de NAPOLEON RD 108,45.42784,5.31331,Plein jour,Hors agglomération,Intersection en X,Normale,Deux véhicules - frontale,,,,,,,,,,,1,1,2,1.0,1.0
201800015068,0018-06-18 17:05:00,18,6,18,17,5,380,130,Avenue Camille Rocher,45.39326,5.26487,Plein jour,En agglomération,Hors intersection,Temps éblouissant,Autre collision,,,,,,,,,,,1,2,1,7.0,6.0
201800015069,0018-06-21 16:10:00,18,6,21,16,10,380,130,Rue des Cordiers,45.39437,5.25707,Plein jour,En agglomération,Giratoire,Normale,Autre collision,,,,,,,,,,,1,2,6,1.0,6.0
201800015070,0018-06-23 09:40:00,18,6,23,9,40,380,34,Inter D519D / D519,45.33173,5.03357,Plein jour,Hors agglomération,Intersection en T,Normale,Deux véhicules - frontale,,,,,,,,,,,1,1,3,1.0,1.0
201800015071,0018-06-30 19:40:00,18,6,30,19,40,380,37,Inter D51C et D46,45.35621,4.9536,Plein jour,Hors agglomération,Intersection en X,Normale,Deux véhicules - côté,,,,,,,,,,,1,1,2,1.0,3.0
201800015072,0018-07-07 04:30:00,18,7,7,4,30,380,134,D538,45.44544,4.99426,Nuit sans éclairage public,Hors agglomération,Hors intersection,Normale,Deux véhicules - côté,,,,,,,,,,,3,1,1,1.0,3.0
201800015073,0018-07-12 20:00:00,18,7,12,20,0,380,311,Lieu dit CHARDON,45.40297,5.12934,Plein jour,Hors agglomération,Intersection en X,Normale,Deux véhicules - côté,,,,,,,,,,,1,1,2,1.0,3.0
201800015074,0018-07-11 21:35:00,18,7,11,21,35,380,473,Chemin de Poinponnier,45.36422,5.21618,Crépuscule ou aube,Hors agglomération,Hors intersection,Normale,Autre collision,,,,,,,,,,,2,1,1,1.0,6.0
201800015075,0018-07-15 12:30:00,18,7,15,12,30,380,69,D1085,45.43643,5.29884,Plein jour,Hors agglomération,Intersection en Y,Normale,Sans collision,,,,,,,,,,,1,1,4,1.0,7.0
201800015076,0018-08-04 20:10:00,18,8,4,20,10,380,49,Chemin de Chassagne,45.40582,5.18778,Plein jour,Hors agglomération,Intersection en T,Normale,Deux véhicules - côté,,,,,,,,,,,1,1,3,1.0,3.0
201800015077,0018-08-12 17:30:00,18,8,12,17,30,380,161,Chemin de la Croze,45.39079,5.16318,Plein jour,En agglomération,Hors intersection,Normale,Deux véhicules - frontale,,,,,,,,,,,1,2,1,1.0,1.0
201800015078,0018-09-30 10:30:00,18,9,30,10,30,380,69,D51,45.43541,5.31107,Plein jour,Hors agglomération,Hors intersection,Normale,Deux véhicules - frontale,,,,,,,,,,,1,1,1,1.0,1.0
201800015079,0018-10-26 02:50:00,18,10,26,2,50,380,284,route d'arzay,45.40051,5.35423,Nuit sans éclairage public,Hors agglomération,Hors intersection,Pluie légère,Sans collision,,,,,,,,,,,3,1,1,2.0,7.0
201800015080,0018-10-29 11:50:00,18,10,29,11,50,380,37,Inter D51C et D46,45.35632,4.95381,Plein jour,Hors agglomération,Intersection en X,Pluie forte,Deux véhicules - côté,,,,,,,,,,,1,1,2,3.0,3.0
201800015081,0018-11-08 08:10:00,18,11,8,8,10,380,274,D51,45.43429,5.26252,Plein jour,Hors agglomération,Hors intersection,Normale,Trois véhicules et plus - en chaîne,,,,,,,,,,,1,1,1,1.0,4.0
201800015082,0018-11-09 16:30:00,18,11,9,16,30,380,130,chemin de la vie du mule,45.34855,5.2464,Plein jour,En agglomération,Intersection en X,Normale,Deux véhicules - frontale,,,,,,,,,,,1,2,2,1.0,1.0
201800015083,0018-11-12 14:20:00,18,11,12,14,20,380,300,D157,45.36417,5.19681,Plein jour,Hors agglomération,Hors intersection,Normale,Deux véhicules - côté,,,,,,,,,,,1,1,1,1.0,3.0
201800015084,0018-12-16 14:15:00,18,12,16,14,15,380,130,D119 AXE DE BIÈVRE,45.35048,5.28265,Plein jour,Hors agglomération,Hors intersection,Normale,Deux véhicules - frontale,,,,,,,,,,,1,1,1,1.0,1.0
201800015085,0018-01-02 13:10:00,18,1,2,13,10,380,288,D75,45.57318,5.0266,Plein jour,Hors agglomération,Hors intersection,Normale,Autre collision,,,,,,,,,,,1,1,1,1.0,6.0
201800015086,0018-01-20 20:20:00,18,1,20,20,20,380,408,D36A,45.61142,5.01807,Nuit sans éclairage public,Hors agglomération,Hors intersection,Pluie forte,Autre collision,,,,,,,,,,,3,1,1,3.0,6.0
201800015087,0018-02-12 16:50:00,18,2,12,16,50,380,351,lieu dit le moule,45.54862,5.25681,Plein jour,Hors agglomération,Hors intersection,Normale,Deux véhicules - frontale,,,,,,,,,,,1,1,1,1.0,1.0
201800015088,0018-02-15 17:30:00,18,2,15,17,30,380,519,D36A,45.60726,5.01592,Plein jour,Hors agglomération,Hors intersection,Normale,Deux véhicules - frontale,,,,,,,,,,,1,1,1,1.0,1.0
201800015089,0018-03-11 13:45:00,18,3,11,13,45,380,389,D75,45.58747,5.06447,Plein jour,Hors agglomération,Hors intersection,Normale,Deux véhicules - frontale,,,,,,,,,,,1,1,1,1.0,1.0
201800015090,0018-03-22 16:00:00,18,3,22,16,0,380,389,6 chemin du sautaret,45.55376,5.07627,Plein jour,En agglomération,Hors intersection,Normale,Autre collision,,,,,,,,,,,1,2,1,1.0,6.0
201800015091,0018-04-03 07:35:00,18,4,3,7,35,380,346,D 502 - Ch des Glissiere,45.49989,5.09912,Plein jour,Hors agglomération,Intersection en X,Normale,Deux véhicules - côté,,,,,,,,,,,1,1,2,1.0,3.0
201800015092,0018-04-07 13:30:00,18,4,7,13,30,380,389,Intersection CD518 et Ch,45.55669,5.09762,Plein jour,Hors agglomération,Intersection en X,Normale,Deux véhicules - côté,,,,,,,,,,,1,1,2,1.0,3.0
201800015093,0018-04-05 09:45:00,18,4,5,9,45,380,144,D75,45.59355,5.06959,Plein jour,Hors agglomération,Hors intersection,Normale,Trois véhicules et plus - collisions multiples,,,,,,,,,,,1,1,1,1.0,5.0
201800015094,0018-04-16 15:10:00,18,4,16,15,10,380,408,Route du Stade,45.57801,5.00147,Plein jour,En agglomération,Hors intersection,Normale,Autre collision,,,,,,,,,,,1,2,1,1.0,6.0
201800015095,0018-04-19 09:50:00,18,4,19,9,50,380,15,Rue des guinières,45.53558,5.16387,Plein jour,En agglomération,Hors intersection,Normale,Sans collision,,,,,,,,,,,1,2,1,1.0,7.0
201800015096,0018-05-01 11:05:00,18,5,1,11,5,380,389,RD 518,45.55977,5.09742,Plein jour,Hors agglomération,Hors intersection,Normale,Deux véhicules - côté,,,,,,,,,,,1,1,1,1.0,3.0
201800015097,0018-05-05 08:50:00,18,5,5,8,50,380,399,D518,45.49674,5.14057,Plein jour,En agglomération,Giratoire,Normale,Deux véhicules - côté,,,,,,,,,,,1,2,6,1.0,3.0
201800015098,0018-05-16 09:30:00,18,5,16,9,30,380,399,chemin des Embouffus,45.49955,5.12756,Plein jour,En agglomération,Hors intersection,Normale,Sans collision,,,,,,,,,,,1,2,1,1.0,7.0
201800015099,0018-05-18 07:00:00,18,5,18,7,0,380,476,RD 502,45.49682,5.06328,Plein jour,Hors agglomération,Hors intersection,Normale,Autre collision,,,,,,,,,,,1,1,1,1.0,6.0
201800015100,0018-05-18 17:00:00,18,5,18,17,0,380,399,rue de la barre,45.50201,5.15042,Plein jour,En agglomération,Intersection en T,Normale,Deux véhicules - frontale,,,,,,,,,,,1,2,3,1.0,1.0
201800015101,0018-05-20 10:15:00,18,5,20,10,15,380,15,Chemin de la verne,45.54194,5.19057,Plein jour,Hors agglomération,Intersection en T,Normale,Deux véhicules - frontale,,,,,,,,,,,1,1,3,1.0,1.0
201800015102,0018-05-21 00:45:00,18,5,21,0,45,380,476,D502,45.49575,5.05546,Nuit sans éclairage public,Hors agglomération,Hors intersection,Normale,Sans collision,,,,,,,,,,,3,1,1,1.0,7.0
201800015103,0018-06-10 11:30:00,18,6,10,11,30,380,389,Intersection Route de la,45.55246,5.10419,Plein jour,Hors agglomération,Intersection en X,Normale,Deux véhicules - côté,,,,,,,,,,,1,1,2,1.0,3.0
201800015104,0018-06-28 08:00:00,18,6,28,8,0,380,35,D518,45.52263,5.08311,Plein jour,En agglomération,Hors intersection,Temps éblouissant,Autre collision,,,,,,,,,,,1,2,1,7.0,6.0
201800015105,0018-07-03 10:30:00,18,7,3,10,30,380,15,910 route du stade,45.54017,5.15512,Plein jour,En agglomération,Hors intersection,Normale,Trois véhicules et plus - collisions multiples,,,,,,,,,,,1,2,1,1.0,5.0
201800015106,0018-07-04 14:00:00,18,7,4,14,0,380,189,D53A,45.63598,5.06145,Plein jour,En agglomération,Intersection en X,Normale,Deux véhicules - côté,,,,,,,,,,,1,2,2,1.0,3.0
201800015107,0018-07-14 18:40:00,18,7,14,18,40,380,231,D522 rte des gantières,45.51343,5.19789,Crépuscule ou aube,En agglomération,Hors intersection,Pluie forte,Autre collision,,,,,,,,,,,2,2,1,3.0,6.0
201800015108,0018-07-15 16:50:00,18,7,15,16,50,380,35,D53B,45.51122,5.07086,Plein jour,Hors agglomération,Hors intersection,Normale,Sans collision,,,,,,,,,,,1,1,1,1.0,7.0
201800015109,0018-07-25 19:36:00,18,7,25,19,36,380,189,D76,45.63076,5.07283,Crépuscule ou aube,En agglomération,Hors intersection,Normale,Deux véhicules - côté,,,,,,,,,,,2,2,1,1.0,3.0
201800015110,0018-07-27 10:20:00,18,7,27,10,20,380,189,Avenue du 19 mars 1962,45.63793,5.04446,Plein jour,En agglomération,Autre intersection,Normale,Deux véhicules - côté,,,,,,,,,,,1,2,9,1.0,3.0
201800015111,0018-08-10 15:35:00,18,8,10,15,35,380,346,lieu dit Laval,45.50586,5.09931,Plein jour,En agglomération,Hors intersection,Normale,Sans collision,,,,,,,,,,,1,2,1,1.0,7.0
201800015112,0018-08-19 20:00:00,18,8,19,20,0,380,94,route des étangs,45.4759,5.22239,Crépuscule ou aube,Hors agglomération,Hors intersection,Normale,Deux véhicules - frontale,,,,,,,,,,,2,1,1,1.0,1.0
201800015113,0018-09-05 06:45:00,18,9,5,6,45,380,211,D518,45.45007,5.19155,Plein jour,Hors agglomération,Intersection en T,Normale,Deux véhicules - côté,,,,,,,,,,,1,1,3,1.0,3.0
201800015114,0018-09-08 02:40:00,18,9,8,2,40,380,389,Chemin du Revoireau,45.54617,5.07563,Nuit sans éclairage public,Hors agglomération,Hors intersection,Normale,Autre collision,,,,,,,,,,,3,1,1,1.0,6.0
201800015115,0018-10-30 09:45:00,18,10,30,9,45,380,399,D518 - Route de Lyon,45.49708,5.14026,Plein jour,En agglomération,Hors intersection,Pluie légère,Autre collision,,,,,,,,,,,1,2,1,2.0,6.0
201800015116,0018-11-17 14:00:00,18,11,17,14,0,380,399,GIRATOIRE D518 ET D502,45.49679,5.14076,Plein jour,En agglomération,Giratoire,Normale,Autre collision,,,,,,,,,,,1,2,6,1.0,6.0
201800015117,0018-11-19 17:40:00,18,11,19,17,40,380,144,D75,45.60803,5.079,Nuit sans éclairage public,Hors agglomération,Hors intersection,Neige / grêle,Deux véhicules - côté,,,,,,,,,,,3,1,1,4.0,3.0
201800015118,0018-02-02 19:00:00,18,2,2,19,0,310,91,Avenue du Bruguet,43.72227,1.41631,Nuit avec éclairage allumé,En agglomération,Giratoire,Normale,Deux véhicules - côté,,,,,,,,,,,5,2,6,1.0,3.0
201800015119,0018-03-04 16:45:00,18,3,4,16,45,310,182,68 avenue de paris,43.68746,1.40513,Plein jour,En agglomération,Hors intersection,Normale,Autre collision,,,,,,,,,,,1,2,1,1.0,6.0
201800015120,0018-04-13 10:20:00,18,4,13,10,20,310,205,"lieu-dit ""lespagnoulet""",43.7056,1.37644,Plein jour,En agglomération,Hors intersection,Normale,Deux véhicules - côté,,,,,,,,,,,1,2,1,1.0,3.0
201800015121,0018-05-06 22:40:00,18,5,6,22,40,310,182,route départementale 820,43.68444,1.40614,Nuit sans éclairage public,Hors agglomération,Hors intersection,Normale,Deux véhicules - côté,,,,,,,,,,,3,1,1,1.0,3.0
201800015122,0018-06-29 17:30:00,18,6,29,17,30,310,252,route de montberon,43.72971,1.4791,Plein jour,En agglomération,Hors intersection,Temps éblouissant,Deux véhicules - côté,,,,,,,,,,,1,2,1,7.0,3.0
201800015123,0018-07-08 15:55:00,18,7,8,15,55,310,490,D20,43.7525,1.38333,Plein jour,Hors agglomération,Hors intersection,Temps éblouissant,Deux véhicules - frontale,,,,,,,,,,,1,1,1,7.0,1.0
201800015124,0018-07-30 14:25:00,18,7,30,14,25,310,490,74RD820,43.74062,1.35369,Plein jour,Hors agglomération,Hors intersection,Normale,Deux véhicules - frontale,,,,,,,,,,,1,1,1,1.0,1.0
201800015125,0018-08-01 16:15:00,18,8,1,16,15,310,182,RD 820 face au 163 ROUTE,43.69699,1.39952,Plein jour,Hors agglomération,Autre intersection,Normale,Deux véhicules - côté,,,,,,,,,,,1,1,9,1.0,3.0
201800015126,0018-08-03 17:00:00,18,8,3,17,0,310,205,"D63, route de Seilh",43.70025,1.36578,Plein jour,Hors agglomération,Hors intersection,Normale,Trois véhicules et plus - en chaîne,,,,,,,,,,,1,1,1,1.0,4.0
201800015127,0018-08-26 23:30:00,18,8,26,23,30,310,182,Route départementale 820,43.68899,1.40467,Nuit avec éclairage allumé,Hors agglomération,Hors intersection,Normale,Deux véhicules - arrière,,,,,,,,,,,5,1,1,1.0,2.0
201800015128,0018-09-08 13:00:00,18,9,8,13,0,310,490,18 route de saint sauveu,43.74981,1.37977,Plein jour,Hors agglomération,Hors intersection,Normale,Deux véhicules - côté,,,,,,,,,,,1,1,1,1.0,3.0
201800015129,0018-09-12 07:45:00,18,9,12,7,45,310,293,RD63G,43.71996,1.39402,Plein jour,Hors agglomération,Hors intersection,Normale,Deux véhicules - côté,,,,,,,,,,,1,1,1,1.0,3.0
201800015130,0018-10-04 11:00:00,18,10,4,11,0,310,490,intersection route de Sa,43.74323,1.36301,Plein jour,En agglomération,Intersection en T,Temps éblouissant,Deux véhicules - côté,,,,,,,,,,,1,2,3,7.0,3.0
201800015131,0018-10-22 08:44:00,18,10,22,8,44,310,467,145 route de Paris,43.68899,1.40458,Plein jour,En agglomération,Hors intersection,Normale,Sans collision,,,,,,,,,,,1,2,1,1.0,7.0
201800015132,0018-11-17 15:40:00,18,11,17,15,40,310,293,Route de la Plage,43.70852,1.38335,Plein jour,Hors agglomération,Hors intersection,Normale,Deux véhicules - côté,,,,,,,,,,,1,1,1,1.0,3.0
201800015133,0018-11-08 14:30:00,18,11,8,14,30,310,490,84 route de paris,43.73641,1.37411,Plein jour,Hors agglomération,Hors intersection,Normale,Sans collision,,,,,,,,,,,1,1,1,1.0,7.0
201800015134,0018-11-28 16:40:00,18,11,28,16,40,310,230,Rue de Rayssac,43.71777,1.42401,Plein jour,En agglomération,Hors intersection,Normale,Deux véhicules - frontale,,,,,,,,,,,1,2,1,1.0,1.0
201800015135,0018-12-25 14:20:00,18,12,25,14,20,310,136,route de Toulouse,43.74842,1.43195,Plein jour,En agglomération,Giratoire,Normale,Deux véhicules - côté,,,,,,,,,,,1,2,6,1.0,3.0
201800015136,0018-01-05 10:30:00,18,1,5,10,30,310,311,D32A,43.80472,1.52055,Plein jour,Hors agglomération,Hors intersection,Normale,Sans collision,,,,,,,,,,,1,1,1,1.0,7.0
201800015137,0018-01-11 07:45:00,18,1,11,7,45,310,202,Avenue de Villaudric,43.83468,1.3981,Nuit avec éclairage non allumé,En agglomération,Hors intersection,Normale,Autre collision,,,,,,,,,,,4,2,1,1.0,6.0
201800015138,0018-02-25 07:00:00,18,2,25,7,0,310,515,D 820,43.80597,1.32289,Crépuscule ou aube,Hors agglomération,Hors intersection,Normale,Deux véhicules - côté,,,,,,,,,,,2,1,1,1.0,3.0
201800015139,0018-04-20 22:00:00,18,4,20,22,0,310,73,Route de montvalen,43.8424,1.5432,Nuit sans éclairage public,Hors agglomération,Hors intersection,Normale,Deux véhicules - frontale,,,,,,,,,,,3,1,1,1.0,1.0
201800015140,0018-04-21 18:19:00,18,4,21,18,19,310,118,CHEMIN DE FLOTIS,43.79766,1.3717,Plein jour,Hors agglomération,Autre intersection,Normale,Deux véhicules - frontale,,,,,,,,,,,1,1,9,1.0,1.0
201800015141,0018-05-15 15:35:00,18,5,15,15,35,310,584,Route de Bondigoux,43.86216,1.50698,Plein jour,Hors agglomération,Hors intersection,Pluie légère,Deux véhicules - frontale,,,,,,,,,,,1,1,1,2.0,1.0
201800015142,0018-09-18 07:00:00,18,9,18,7,0,310,79,Rue Jean Jaurès,43.78022,1.40218,Nuit sans éclairage public,En agglomération,Intersection en X,Normale,Deux véhicules - côté,,,,,,,,,,,3,2,2,1.0,3.0
201800015143,0018-10-16 07:30:00,18,10,16,7,30,310,79,route de Fronton,43.77188,1.40618,Nuit sans éclairage public,Hors agglomération,Hors intersection,Pluie légère,Deux véhicules - frontale,,,,,,,,,,,3,1,1,2.0,1.0
201800015144,0018-10-25 18:30:00,18,10,25,18,30,310,118,Route de Fronton,43.80582,1.36645,Plein jour,Hors agglomération,Hors intersection,Normale,Deux véhicules - frontale,,,,,,,,,,,1,1,1,1.0,1.0
201800015145,0018-11-08 17:40:00,18,11,8,17,40,310,202,ROUTE DE GRISOLLES,43.84086,1.34285,Crépuscule ou aube,Hors agglomération,Hors intersection,Normale,Autre collision,,,,,,,,,,,2,1,1,1.0,6.0
201800015146,0018-11-13 06:40:00,18,11,13,6,40,310,587,route de toulouse,43.78128,1.44884,Nuit sans éclairage public,Hors agglomération,Hors intersection,Normale,Deux véhicules - frontale,,,,,,,,,,,3,1,1,1.0,1.0