accident_id,datetime,annee,mois,jour,heure,minute,departement,commune_insee,adresse,latitude,longitude,luminosite,agglomeration,intersection,meteo,collision,nb_vehicules,nb_usagers,nb_indemnes,nb_tues,nb_blesses_hosp,nb_blesses_legers,age_cond_1,age_cond_2,veh_type_cond_1,veh_type_cond_2,lum_code,agg_code,int_code,atm_code,col_code
201800015147,0018-11-15 09:00:00,18,11,15,9,0,310,118,avenue de montauban,43.78605,1.35357,Crépuscule ou aube,En agglomération,Hors intersection,Normale,Autre collision,,,,,,,,,,,2,2,1,1.0,6.0
201800015148,0018-01-02 12:20:00,18,1,2,12,20,310,117,RD 888,43.6886,1.54557,Plein jour,Hors agglomération,Hors intersection,Pluie légère,Deux véhicules - côté,,,,,,,,,,,1,1,1,2.0,3.0
201800015149,0018-01-18 10:48:00,18,1,18,10,48,310,383,"PK 61, D15 , RTE BESSIER",43.7703,1.54686,Plein jour,Hors agglomération,Hors intersection,Normale,Sans collision,,,,,,,,,,,1,1,1,1.0,7.0
201800015150,0018-02-16 12:15:00,18,2,16,12,15,310,561,route de BESSIERES,43.65105,1.47146,Plein jour,En agglomération,Intersection en T,Normale,Deux véhicules - côté,,,,,,,,,,,1,2,3,1.0,3.0
201800015151,0018-05-23 07:10:00,18,5,23,7,10,310,561,50 route de Bessières,43.65568,1.47052,Plein jour,En agglomération,Giratoire,Normale,Deux véhicules - côté,,,,,,,,,,,1,2,6,1.0,3.0
201800015152,0018-09-07 02:45:00,18,9,7,2,45,310,358,chemin des Brantes,43.7127,1.58442,Nuit sans éclairage public,Hors agglomération,Hors intersection,Pluie forte,Autre collision,,,,,,,,,,,3,1,1,3.0,6.0
201800015153,0018-10-21 06:42:00,18,10,21,6,42,310,94,3410 route départemental,43.75329,1.61955,Nuit sans éclairage public,Hors agglomération,Hors intersection,Brouillard / fumée,Autre collision,,,,,,,,,,,3,1,1,5.0,6.0
201800015154,0018-02-01 12:30:00,18,2,1,12,30,310,592,lieu-dit engarres,43.74385,1.24843,Plein jour,Hors agglomération,Hors intersection,Autre,Autre collision,,,,,,,,,,,1,1,1,9.0,6.0
201800015155,0018-03-02 17:30:00,18,3,2,17,30,310,341,route des platanes,43.71834,1.31079,Plein jour,Hors agglomération,Hors intersection,Normale,Deux véhicules - frontale,,,,,,,,,,,1,1,1,1.0,1.0
201800015156,0018-04-24 12:00:00,18,4,24,12,0,310,553,CD1 route de cadours,43.71452,1.16853,Plein jour,Hors agglomération,Intersection en X,Normale,Deux véhicules - côté,,,,,,,,,,,1,1,2,1.0,3.0
201800015157,0018-05-13 02:40:00,18,5,13,2,40,310,281,D29,43.74321,1.17515,Nuit sans éclairage public,Hors agglomération,Hors intersection,Normale,Autre collision,,,,,,,,,,,3,1,1,1.0,6.0
201800015158,0018-06-19 12:35:00,18,6,19,12,35,310,160,départementale 17,43.6894,1.28404,Plein jour,Hors agglomération,Hors intersection,Normale,Autre collision,,,,,,,,,,,1,1,1,1.0,6.0
201800015159,0018-07-01 08:30:00,18,7,1,8,30,310,93,RD 30 - Route de Belless,43.79108,1.12883,Plein jour,Hors agglomération,Hors intersection,Normale,Deux véhicules - frontale,,,,,,,,,,,1,1,1,1.0,1.0
201800015160,0018-08-15 07:30:00,18,8,15,7,30,310,281,2188 Route de Launac,43.75326,1.20295,Plein jour,Hors agglomération,Hors intersection,Temps éblouissant,Autre collision,,,,,,,,,,,1,1,1,7.0,6.0
201800015161,0018-09-28 20:40:00,18,9,28,20,40,310,341,Départementale 17,43.72204,1.29563,Nuit sans éclairage public,Hors agglomération,Hors intersection,Normale,Autre collision,,,,,,,,,,,3,1,1,1.0,6.0
201800015162,0018-11-25 04:00:00,18,11,25,4,0,310,90,D41 C,43.75565,0.99132,Nuit sans éclairage public,Hors agglomération,Hors intersection,Normale,Sans collision,,,,,,,,,,,3,1,1,1.0,7.0
201800015163,0018-01-30 22:00:00,18,1,30,22,0,310,33,carrefour D820 / D622,43.34974,1.47115,Nuit avec éclairage allumé,En agglomération,Intersection en X,Normale,Deux véhicules - côté,,,,,,,,,,,5,2,2,1.0,3.0
201800015164,0018-02-07 11:55:00,18,2,7,11,55,310,33,RD820,43.35446,1.46845,Plein jour,En agglomération,Intersection en X,Normale,Deux véhicules - côté,,,,,,,,,,,1,2,2,1.0,3.0
201800015165,0018-02-25 18:50:00,18,2,25,18,50,310,145,intersection D820-D25M,43.29813,1.52813,Nuit sans éclairage public,Hors agglomération,Hors intersection,Normale,Deux véhicules - côté,,,,,,,,,,,3,1,1,1.0,3.0
201800015166,0018-02-27 20:20:00,18,2,27,20,20,310,33,"49, Avenue Etienne Billi",43.3543,1.47038,Nuit avec éclairage allumé,En agglomération,Hors intersection,Normale,Deux véhicules - côté,,,,,,,,,,,5,2,1,1.0,3.0
201800015167,0018-03-21 22:30:00,18,3,21,22,30,310,33,LIEU-DIT SAVY,43.3654,1.47573,Nuit sans éclairage public,Hors agglomération,Hors intersection,Normale,Autre collision,,,,,,,,,,,3,1,1,1.0,6.0
201800015168,0018-04-03 16:40:00,18,4,3,16,40,310,574,chemin sans nom,43.43213,1.41683,Plein jour,Hors agglomération,Hors intersection,Normale,Sans collision,,,,,,,,,,,1,1,1,1.0,7.0
201800015169,0018-04-07 06:00:00,18,4,7,6,0,310,33,D820,43.35845,1.4656,Nuit sans éclairage public,Hors agglomération,Hors intersection,Normale,Deux véhicules - frontale,,,,,,,,,,,3,1,1,1.0,1.0
201800015170,0018-05-06 12:50:00,18,5,6,12,50,310,33,"RD622 - ""LA GOREILLE""",43.35964,1.49775,Plein jour,Hors agglomération,Hors intersection,Normale,Trois véhicules et plus - collisions multiples,,,,,,,,,,,1,1,1,1.0,5.0
201800015171,0018-05-27 08:45:00,18,5,27,8,45,310,33,D622,43.34786,1.44976,Plein jour,Hors agglomération,Hors intersection,Normale,Autre collision,,,,,,,,,,,1,1,1,1.0,6.0
201800015172,0018-06-09 06:30:00,18,6,9,6,30,310,33,Rue Jean JAURÈS,43.34975,1.47116,Plein jour,En agglomération,Intersection en X,Normale,Deux véhicules - côté,,,,,,,,,,,1,2,2,1.0,3.0
201800015173,0018-07-08 08:15:00,18,7,8,8,15,310,206,D25 - Lieu-dit Bastisse,43.25753,1.47163,Plein jour,Hors agglomération,Hors intersection,Normale,Autre collision,,,,,,,,,,,1,1,1,1.0,6.0
201800015174,0018-07-14 23:50:00,18,7,14,23,50,310,33,D820,43.33718,1.48047,Nuit sans éclairage public,Hors agglomération,Hors intersection,Normale,Deux véhicules - frontale,,,,,,,,,,,3,1,1,1.0,1.0
201800015175,0018-07-15 15:37:00,18,7,15,15,37,310,33,99 route de grépiac,43.38187,1.46137,Plein jour,Hors agglomération,Hors intersection,Normale,Sans collision,,,,,,,,,,,1,1,1,1.0,7.0
201800015176,0018-08-15 11:30:00,18,8,15,11,30,310,345,route de beaumont,43.37292,1.4164,Plein jour,En agglomération,Hors intersection,Normale,Sans collision,,,,,,,,,,,1,2,1,1.0,7.0
201800015177,0018-08-16 18:35:00,18,8,16,18,35,310,33,route de grepiac,43.37026,1.47015,Plein jour,Hors agglomération,Hors intersection,Normale,Autre collision,,,,,,,,,,,1,1,1,1.0,6.0
201800015178,0018-08-23 21:10:00,18,8,23,21,10,310,33,D820,43.36119,1.46278,Nuit avec éclairage allumé,En agglomération,Hors intersection,Normale,Autre collision,,,,,,,,,,,5,2,1,1.0,6.0
201800015179,0018-08-26 19:30:00,18,8,26,19,30,310,128,RD12D - 345 route d'Aute,43.30417,1.47063,Plein jour,En agglomération,Hors intersection,Normale,Autre collision,,,,,,,,,,,1,2,1,1.0,6.0
201800015180,0018-09-27 11:05:00,18,9,27,11,5,310,33,20 route de Cintegabelle,43.34678,1.49024,Plein jour,En agglomération,Hors intersection,Normale,Deux véhicules - frontale,,,,,,,,,,,1,2,1,1.0,1.0
201800015181,0018-10-14 16:20:00,18,10,14,16,20,310,145,D820,43.27271,1.54998,Plein jour,Hors agglomération,Hors intersection,Normale,Sans collision,,,,,,,,,,,1,1,1,1.0,7.0
201800015182,0018-10-21 22:10:00,18,10,21,22,10,310,206,CD 25,43.25653,1.4564,Nuit sans éclairage public,Hors agglomération,Hors intersection,Normale,Sans collision,,,,,,,,,,,3,1,1,1.0,7.0
201800015183,0018-11-17 15:15:00,18,11,17,15,15,310,33,Chemin des BRUZES,43.37996,1.44495,Plein jour,Hors agglomération,Intersection en T,Normale,Deux véhicules - côté,,,,,,,,,,,1,1,3,1.0,3.0
201800015184,0018-01-01 17:15:00,18,1,1,17,15,310,375,CD627,43.15722,1.20153,Crépuscule ou aube,Hors agglomération,Hors intersection,Pluie forte,Autre collision,,,,,,,,,,,2,1,1,3.0,6.0
201800015185,0018-02-03 20:50:00,18,2,3,20,50,310,361,RD622,43.33756,1.29243,Nuit sans éclairage public,Hors agglomération,Hors intersection,Pluie légère,Deux véhicules - côté,,,,,,,,,,,3,1,1,2.0,3.0
201800015186,0018-02-11 13:50:00,18,2,11,13,50,310,52,85 Chemin du Buherle,43.37882,1.36739,Plein jour,En agglomération,Hors intersection,Temps couvert,Sans collision,,,,,,,,,,,1,2,1,8.0,7.0
201800015187,0018-02-18 12:15:00,18,2,18,12,15,310,455,route de latrape,43.26624,1.20627,Plein jour,En agglomération,Hors intersection,Normale,Sans collision,,,,,,,,,,,1,2,1,1.0,7.0
201800015188,0018-03-07 14:20:00,18,3,7,14,20,310,107,Départementale 627 C,43.31973,1.21637,Plein jour,Hors agglomération,Hors intersection,Temps éblouissant,Deux véhicules - frontale,,,,,,,,,,,1,1,1,7.0,1.0
201800015189,0018-04-11 17:30:00,18,4,11,17,30,310,280,Lieu-dit La Pierre,43.24325,1.2853,Plein jour,Hors agglomération,Hors intersection,Normale,Deux véhicules - côté,,,,,,,,,,,1,1,1,1.0,3.0
201800015190,0018-04-24 16:35:00,18,4,24,16,35,310,455,avenue ST MARTIN,43.25552,1.20075,Plein jour,En agglomération,Hors intersection,Normale,Sans collision,,,,,,,,,,,1,2,1,1.0,7.0
201800015191,0018-06-05 10:30:00,18,6,5,10,30,310,107,D10,43.28164,1.19106,Plein jour,Hors agglomération,Hors intersection,Normale,Autre collision,,,,,,,,,,,1,1,1,1.0,6.0
201800015192,0018-06-17 10:45:00,18,6,17,10,45,310,416,Route de Longages - D49,43.31942,1.18365,Plein jour,En agglomération,Hors intersection,Normale,Autre collision,,,,,,,,,,,1,2,1,1.0,6.0
201800015193,0018-06-24 18:25:00,18,6,24,18,25,310,320,LD MOULIS,43.30291,1.27118,Plein jour,Hors agglomération,Hors intersection,Normale,Deux véhicules - frontale,,,,,,,,,,,1,1,1,1.0,1.0
201800015194,0018-07-22 07:00:00,18,7,22,7,0,310,303,22 chemin du bois de la,43.36196,1.19786,Crépuscule ou aube,Hors agglomération,Hors intersection,Normale,Autre collision,,,,,,,,,,,2,1,1,1.0,6.0
201800015195,0018-07-13 06:30:00,18,7,13,6,30,310,399,"CD 10 ""les Clauzoles""",43.36466,1.26497,Plein jour,Hors agglomération,Intersection en T,Normale,Deux véhicules - côté,,,,,,,,,,,1,1,3,1.0,3.0
201800015196,0018-07-27 23:50:00,18,7,27,23,50,310,455,D25,43.25717,1.19957,Nuit sans éclairage public,Hors agglomération,Hors intersection,Normale,Deux véhicules - arrière,,,,,,,,,,,3,1,1,1.0,2.0
201800015197,0018-11-25 06:15:00,18,11,25,6,15,310,286,772 chemin des entrepren,43.25599,1.11473,Crépuscule ou aube,Hors agglomération,Hors intersection,Pluie légère,Autre collision,,,,,,,,,,,2,1,1,2.0,6.0
201800015198,0018-09-12 18:20:00,18,9,12,18,20,310,107,route de l'arize,43.30079,1.22026,Plein jour,En agglomération,Hors intersection,Normale,Deux véhicules - côté,,,,,,,,,,,1,2,1,1.0,3.0
201800015199,0018-10-08 08:00:00,18,10,8,8,0,310,107,route départementale D37,43.32576,1.21803,Plein jour,Hors agglomération,Intersection en Y,Temps couvert,Deux véhicules - frontale,,,,,,,,,,,1,1,4,8.0,1.0
201800015200,0018-10-22 18:50:00,18,10,22,18,50,310,399,Route de toulouse,43.3499,1.26928,Nuit avec éclairage allumé,En agglomération,Intersection en X,Normale,Deux véhicules - côté,,,,,,,,,,,5,2,2,1.0,3.0
201800015201,0018-11-21 22:45:00,18,11,21,22,45,310,258,D626 B - PK 0 + 100,43.27942,1.27819,Nuit sans éclairage public,Hors agglomération,Hors intersection,Normale,Sans collision,,,,,,,,,,,3,1,1,1.0,7.0
201800015202,0018-12-05 13:10:00,18,12,5,13,10,310,399,D617,43.35671,1.27438,Plein jour,Hors agglomération,Hors intersection,Normale,Autre collision,,,,,,,,,,,1,1,1,1.0,6.0
201800015203,0018-01-13 10:45:00,18,1,13,10,45,310,135,CD 36,43.21465,1.07282,Plein jour,Hors agglomération,Hors intersection,Normale,Sans collision,,,,,,,,,,,1,1,1,1.0,7.0
201800015204,0018-03-03 23:00:00,18,3,3,23,0,310,193,D6 - Benque,43.27527,1.06506,Nuit avec éclairage allumé,En agglomération,Hors intersection,Normale,Autre collision,,,,,,,,,,,5,2,1,1.0,6.0
201800015205,0018-03-06 15:30:00,18,3,6,15,30,310,135,CD36/ CHEMIN DE RASSAC,43.22109,1.10016,Plein jour,Hors agglomération,Intersection en X,Pluie légère,Deux véhicules - côté,,,,,,,,,,,1,1,2,2.0,3.0
201800015206,0018-04-20 15:14:00,18,4,20,15,14,310,406,avenue de martres,43.19824,1.04768,Plein jour,Hors agglomération,Hors intersection,Normale,Sans collision,,,,,,,,,,,1,1,1,1.0,7.0
201800015207,0018-04-26 12:05:00,18,4,26,12,5,310,261,"D626, Route de Carbonne",43.30113,1.17465,Plein jour,Hors agglomération,Hors intersection,Normale,Deux véhicules - frontale,,,,,,,,,,,1,1,1,1.0,1.0
201800015208,0018-04-29 10:50:00,18,4,29,10,50,310,196,D8,43.26138,0.98889,Plein jour,Hors agglomération,Hors intersection,Pluie forte,Sans collision,,,,,,,,,,,1,1,1,3.0,7.0
201800015209,0018-06-13 10:46:00,18,6,13,10,46,310,327,Route de mauran,43.18568,1.00943,Plein jour,Hors agglomération,Hors intersection,Normale,Autre collision,,,,,,,,,,,1,1,1,1.0,6.0
201800015210,0018-07-26 19:50:00,18,7,26,19,50,310,425,route de cazeres,43.16906,1.11768,Plein jour,Hors agglomération,Hors intersection,Normale,Sans collision,,,,,,,,,,,1,1,1,1.0,7.0
201800015211,0018-08-29 21:20:00,18,8,29,21,20,310,530,Départementale 10,43.22248,1.00139,Nuit avec éclairage non allumé,Hors agglomération,Hors intersection,Temps couvert,Autre collision,,,,,,,,,,,4,1,1,8.0,6.0
201800015212,0018-12-24 19:30:00,18,12,24,19,30,310,317,Lieu dit Le Moulin,43.30336,1.13338,Nuit sans éclairage public,Hors agglomération,Autre intersection,Pluie légère,Autre collision,,,,,,,,,,,3,1,9,2.0,6.0
201800015213,0018-03-01 22:40:00,18,3,1,22,40,310,187,D632,43.53637,1.23033,Nuit avec éclairage allumé,En agglomération,Giratoire,Temps couvert,Sans collision,,,,,,,,,,,5,2,6,8.0,7.0
201800015214,0018-03-21 10:35:00,18,3,21,10,35,310,499,Rue du 19 Mars 1962,43.50903,1.18655,Plein jour,En agglomération,Intersection en T,Normale,Deux véhicules - côté,,,,,,,,,,,1,2,3,1.0,3.0
201800015215,0018-05-03 14:00:00,18,5,3,14,0,310,424,route de Lamasquère,43.54004,1.28356,Plein jour,Hors agglomération,Hors intersection,Normale,Autre collision,,,,,,,,,,,1,1,1,1.0,6.0
201800015216,0018-06-12 16:00:00,18,6,12,16,0,310,424,boulevard pierre et mari,43.5962,1.29217,Plein jour,Hors agglomération,Hors intersection,Normale,Autre collision,,,,,,,,,,,1,1,1,1.0,6.0
201800015217,0018-07-11 10:29:00,18,7,11,10,29,310,424,Avenue de Lingfield,43.56486,1.2979,Plein jour,En agglomération,Hors intersection,Normale,Autre collision,,,,,,,,,,,1,2,1,1.0,6.0
201800015218,0018-07-12 16:35:00,18,7,12,16,35,310,187,D 68 - Route de seysses,43.52535,1.26692,Plein jour,En agglomération,Intersection en X,Normale,Deux véhicules - côté,,,,,,,,,,,1,2,2,1.0,3.0
201800015219,0018-07-19 10:15:00,18,7,19,10,15,310,187,2134 route de Tarbes,43.53577,1.22972,Plein jour,En agglomération,Hors intersection,Normale,Deux véhicules - côté,,,,,,,,,,,1,2,1,1.0,3.0
201800015220,0018-10-08 07:30:00,18,10,8,7,30,310,424,RD 82 - au niveau du N°2,43.55753,1.28569,Crépuscule ou aube,Hors agglomération,Hors intersection,Normale,Deux véhicules - côté,,,,,,,,,,,2,1,1,1.0,3.0
201800015221,0018-10-26 12:35:00,18,10,26,12,35,310,75,D12,43.54863,1.15236,Plein jour,Hors agglomération,Hors intersection,Brouillard / fumée,Autre collision,,,,,,,,,,,1,1,1,5.0,6.0
201800015222,0018-11-16 09:08:00,18,11,16,9,8,310,499,route de fontenilles,43.52702,1.18247,Plein jour,Hors agglomération,Intersection en T,Normale,Deux véhicules - côté,,,,,,,,,,,1,1,3,1.0,3.0
201800015223,0018-12-20 16:10:00,18,12,20,16,10,310,424,Rue des Landes,43.55231,1.247,Plein jour,Hors agglomération,Hors intersection,Normale,Deux véhicules - frontale,,,,,,,,,,,1,1,1,1.0,1.0
201800015224,0018-02-13 01:00:00,18,2,13,1,0,310,427,Route départementale 21,43.08383,0.79487,Nuit avec éclairage allumé,En agglomération,Hors intersection,Autre,Autre collision,,,,,,,,,,,5,2,1,9.0,6.0
201800015225,0018-03-03 09:45:00,18,3,3,9,45,310,255,Chemin de Seinges,43.03972,0.57039,Plein jour,Hors agglomération,Hors intersection,Normale,Sans collision,,,,,,,,,,,1,1,1,1.0,7.0
201800015226,0018-04-16 13:45:00,18,4,16,13,45,310,502,RD 5,43.19712,0.74542,Plein jour,Hors agglomération,Hors intersection,Pluie légère,Deux véhicules - frontale,,,,,,,,,,,1,1,1,2.0,1.0
201800015227,0018-05-05 07:45:00,18,5,5,7,45,310,536,rd 5,43.16261,0.74934,Plein jour,Hors agglomération,Hors intersection,Normale,Autre collision,,,,,,,,,,,1,1,1,1.0,6.0
201800015228,0018-07-30 18:55:00,18,7,30,18,55,310,390,avenue Salvador Allende,43.08196,0.56459,Plein jour,En agglomération,Hors intersection,Temps éblouissant,Autre collision,,,,,,,,,,,1,2,1,7.0,6.0
201800015229,0018-08-11 16:45:00,18,8,11,16,45,650,427,avenue de la Barousse,42.96761,0.62269,Plein jour,En agglomération,Hors intersection,Normale,Deux véhicules - frontale,,,,,,,,,,,1,2,1,1.0,1.0
201800015230,0018-09-10 15:25:00,18,9,10,15,25,310,147,route départementale 817,43.10464,0.62021,Plein jour,Hors agglomération,Hors intersection,Normale,Deux véhicules - côté,,,,,,,,,,,1,1,1,1.0,3.0
201800015231,0018-11-29 11:30:00,18,11,29,11,30,310,308,RN 125,43.00995,0.61909,Plein jour,Hors agglomération,Hors intersection,Normale,Trois véhicules et plus - collisions multiples,,,,,,,,,,,1,1,1,1.0,5.0
201800015232,0018-01-27 19:15:00,18,1,27,19,15,310,85,D 44,42.92018,0.71888,Nuit sans éclairage public,En agglomération,Hors intersection,Normale,Autre collision,,,,,,,,,,,3,2,1,1.0,6.0
201800015233,0018-08-13 15:30:00,18,8,13,15,30,310,471,RD 44,42.90519,0.68496,Plein jour,Hors agglomération,Hors intersection,Normale,Deux véhicules - côté,,,,,,,,,,,1,1,1,1.0,3.0
201800015234,0018-08-25 12:45:00,18,8,25,12,45,310,42,Boulevard Charles de Gau,42.79235,0.59772,Plein jour,En agglomération,Hors intersection,Normale,Autre collision,,,,,,,,,,,1,2,1,1.0,6.0
201800015235,0018-09-08 13:30:00,18,9,8,13,30,310,432,RD618,42.8043,0.47687,Plein jour,Hors agglomération,Hors intersection,Normale,Deux véhicules - arrière,,,,,,,,,,,1,1,1,1.0,2.0
201800015236,0018-01-10 23:45:00,18,1,10,23,45,310,28,D8,43.21038,0.8738,Nuit sans éclairage public,Hors agglomération,Hors intersection,Pluie légère,Autre collision,,,,,,,,,,,3,1,1,2.0,6.0
201800015237,0018-02-08 10:00:00,18,2,8,10,0,310,28,Route départementale 635,43.19554,0.92136,Plein jour,Hors agglomération,Hors intersection,Neige / grêle,Autre collision,,,,,,,,,,,1,1,1,4.0,6.0
201800015238,0018-05-15 17:30:00,18,5,15,17,30,310,412,RD41B,43.32123,0.66914,Plein jour,Hors agglomération,Hors intersection,Normale,Deux véhicules - frontale,,,,,,,,,,,1,1,1,1.0,1.0
201800015239,0018-05-20 00:30:00,18,5,20,0,30,310,494,RD 17,43.31696,0.77622,Nuit sans éclairage public,Hors agglomération,Hors intersection,Pluie légère,Autre collision,,,,,,,,,,,3,1,1,2.0,6.0
201800015240,0018-05-26 15:50:00,18,5,26,15,50,310,152,RD 6,43.34161,0.89039,Plein jour,Hors agglomération,Hors intersection,Normale,Deux véhicules - frontale,,,,,,,,,,,1,1,1,1.0,1.0
201800015241,0018-07-07 17:45:00,18,7,7,17,45,310,482,Départementale 3 - PK 14,43.33094,0.85118,Plein jour,Hors agglomération,Hors intersection,Normale,Sans collision,,,,,,,,,,,1,1,1,1.0,7.0
201800015242,0018-08-02 02:15:00,18,8,2,2,15,310,477,D8D,43.1985,0.85412,Nuit sans éclairage public,Hors agglomération,Hors intersection,Normale,Autre collision,,,,,,,,,,,3,1,1,1.0,6.0
201800015243,0018-10-25 09:40:00,18,10,25,9,40,310,70,D633 route de Boulogne s,43.25877,0.64314,Plein jour,En agglomération,Intersection en X,Normale,Autre collision,,,,,,,,,,,1,2,2,1.0,6.0
201800015244,0018-11-21 18:40:00,18,11,21,18,40,310,70,D633,43.2532,0.65151,Nuit sans éclairage public,Hors agglomération,Hors intersection,Normale,Autre collision,,,,,,,,,,,3,1,1,1.0,6.0
201800015245,0018-12-05 06:30:00,18,12,5,6,30,310,493,RD 5,43.22316,0.75417,Nuit sans éclairage public,Hors agglomération,Hors intersection,Normale,Autre collision,,,,,,,,,,,3,1,1,1.0,6.0
201800015246,0018-01-12 15:27:00,18,1,12,15,27,310,183,D26,43.08856,0.90678,Plein jour,Hors agglomération,Hors intersection,Normale,Autre collision,,,,,,,,,,,1,1,1,1.0,6.0
201800015247,0018-01-27 11:50:00,18,1,27,11,50,310,550,Lieu-dit Lucas,43.06556,0.79445,Plein jour,Hors agglomération,Hors intersection,Normale,Autre collision,,,,,,,,,,,1,1,1,1.0,6.0
201800015248,0018-07-05 07:15:00,18,7,5,7,15,310,183,Lieu dit les moureres,43.09027,0.90856,Plein jour,Hors agglomération,Hors intersection,Normale,Autre collision,,,,,,,,,,,1,1,1,1.0,6.0
201800015249,0018-09-06 14:40:00,18,9,6,14,40,310,523,14 avenue du sel,43.10035,0.95296,Plein jour,En agglomération,Hors intersection,Normale,Autre collision,,,,,,,,,,,1,2,1,1.0,6.0
201800015250,0018-08-18 10:15:00,18,8,18,10,15,310,357,Carrefour entre la D60 e,43.03524,0.89544,Plein jour,Hors agglomération,Intersection en X,Normale,Deux véhicules - frontale,,,,,,,,,,,1,1,2,1.0,1.0
201800015251,0018-09-07 14:00:00,18,9,7,14,0,310,544,"RD 85 PK 4,5",42.93679,0.76565,Plein jour,Hors agglomération,Hors intersection,Normale,Autre collision,,,,,,,,,,,1,1,1,1.0,6.0
201800015252,0018-09-11 11:40:00,18,9,11,11,40,310,336,Chemin des Quouarts,43.13005,0.97016,Plein jour,Hors agglomération,Hors intersection,Normale,Autre collision,,,,,,,,,,,1,1,1,1.0,6.0
201800015253,0018-09-15 16:15:00,18,9,15,16,15,310,503,lieu-dit l'Escalère,43.14102,0.92139,Plein jour,Hors agglomération,Hors intersection,Normale,Autre collision,,,,,,,,,,,1,1,1,1.0,6.0
201800015254,0018-10-03 14:30:00,18,10,3,14,30,310,237,D 117,43.06889,0.96728,Plein jour,Hors agglomération,Hors intersection,Normale,Autre collision,,,,,,,,,,,1,1,1,1.0,6.0
201800015255,0018-10-20 18:20:00,18,10,20,18,20,310,191,Chemin du relais de Mont,42.97981,0.9385,Plein jour,Hors agglomération,Hors intersection,Normale,Sans collision,,,,,,,,,,,1,1,1,1.0,7.0
201800015256,0018-11-28 17:35:00,18,11,28,17,35,310,391,rd117,43.11732,0.93522,Nuit sans éclairage public,En agglomération,Hors intersection,Normale,Deux véhicules - côté,,,,,,,,,,,3,2,1,1.0,3.0
201800015257,0018-01-06 21:20:00,18,1,6,21,20,310,374,lieu dit mestres frances,43.424,1.60201,Nuit sans éclairage public,Hors agglomération,Hors intersection,Pluie forte,Autre collision,,,,,,,,,,,3,1,1,3.0,6.0
201800015258,0018-02-03 03:00:00,18,2,3,3,0,310,589,RD813,43.43283,1.66831,Nuit sans éclairage public,Hors agglomération,Hors intersection,Pluie légère,Sans collision,,,,,,,,,,,3,1,1,2.0,7.0
201800015259,0018-02-07 06:58:00,18,2,7,6,58,310,100,lieu dit CHOYNE,43.30195,1.62514,Crépuscule ou aube,Hors agglomération,Hors intersection,Normale,Deux véhicules - côté,,,,,,,,,,,2,1,1,1.0,3.0
201800015260,0018-02-17 12:25:00,18,2,17,12,25,310,210,D622,43.37676,1.67993,Plein jour,Hors agglomération,Hors intersection,Normale,Deux véhicules - frontale,,,,,,,,,,,1,1,1,1.0,1.0
201800015261,0018-04-01 12:05:00,18,4,1,12,5,310,396,D19,43.37997,1.6156,Plein jour,Hors agglomération,Hors intersection,Normale,Autre collision,,,,,,,,,,,1,1,1,1.0,6.0
201800015262,0018-05-07 09:00:00,18,5,7,9,0,310,582,112 RUE DE LA REPUBLIQUE,43.39946,1.71629,Plein jour,En agglomération,Hors intersection,Normale,Autre collision,,,,,,,,,,,1,2,1,1.0,6.0
201800015263,0018-05-19 11:45:00,18,5,19,11,45,310,37,"RD 43, à proximité du ca",43.35611,1.76377,Plein jour,Hors agglomération,Intersection en T,Normale,Deux véhicules - frontale,,,,,,,,,,,1,1,3,1.0,1.0
201800015264,0018-07-05 21:30:00,18,7,5,21,30,310,210,"Route de Mirepoix, RD625",43.38695,1.69712,Crépuscule ou aube,Hors agglomération,Hors intersection,Temps couvert,Deux véhicules - frontale,,,,,,,,,,,2,1,1,8.0,1.0
201800015265,0018-07-11 11:30:00,18,7,11,11,30,310,374,Chemin de Goudet,43.40669,1.63187,Plein jour,Hors agglomération,Hors intersection,Normale,Sans collision,,,,,,,,,,,1,1,1,1.0,7.0
201800015266,0018-07-22 20:15:00,18,7,22,20,15,310,374,carrefour D11 - D16,43.41774,1.63936,Plein jour,Hors agglomération,Intersection en X,Normale,Deux véhicules - côté,,,,,,,,,,,1,1,2,1.0,3.0
201800015267,0018-08-23 22:30:00,18,8,23,22,30,310,100,lieu dit coupe,43.31471,1.62407,Nuit sans éclairage public,Hors agglomération,Hors intersection,Pluie légère,Autre collision,,,,,,,,,,,3,1,1,2.0,6.0
201800015268,0018-09-03 16:40:00,18,9,3,16,40,310,589,DR813 LD Les Mathieux,43.43137,1.67195,Plein jour,Hors agglomération,Hors intersection,Normale,Deux véhicules - frontale,,,,,,,,,,,1,1,1,1.0,1.0
201800015269,0018-10-04 11:55:00,18,10,4,11,55,310,210,D97 - Hameau de Laval,43.3989,1.67956,Plein jour,Hors agglomération,Intersection en X,Normale,Deux véhicules - côté,,,,,,,,,,,1,1,2,1.0,3.0