accident_id,datetime,annee,mois,jour,heure,minute,departement,commune_insee,adresse,latitude,longitude,luminosite,agglomeration,intersection,meteo,collision,nb_vehicules,nb_usagers,nb_indemnes,nb_tues,nb_blesses_hosp,nb_blesses_legers,age_cond_1,age_cond_2,veh_type_cond_1,veh_type_cond_2,lum_code,agg_code,int_code,atm_code,col_code
201800015270,0018-11-07 10:00:00,18,11,7,10,0,310,210,HAMEAU DE LAVAL,43.39794,1.6785,Plein jour,Hors agglomération,Hors intersection,Normale,Deux véhicules - frontale,,,,,,,,,,,1,1,1,1.0,1.0
201800015271,0018-11-24 00:22:00,18,11,24,0,22,310,374,CD16,43.42088,1.63414,Nuit sans éclairage public,Hors agglomération,Hors intersection,Normale,Autre collision,,,,,,,,,,,3,1,1,1.0,6.0
201800015272,0018-02-03 04:40:00,18,2,3,4,40,310,534,RD 826,43.59061,1.72478,Nuit sans éclairage public,Hors agglomération,Hors intersection,Neige / grêle,Autre collision,,,,,,,,,,,3,1,1,4.0,6.0
201800015273,0018-02-05 02:30:00,18,2,5,2,30,310,534,D826,43.59154,1.7172,Nuit sans éclairage public,Hors agglomération,Hors intersection,Pluie forte,Autre collision,,,,,,,,,,,3,1,1,3.0,6.0
201800015274,0018-05-21 17:05:00,18,5,21,17,5,310,325,D.11,43.55846,1.76731,Plein jour,Hors agglomération,Hors intersection,Normale,Autre collision,,,,,,,,,,,1,1,1,1.0,6.0
201800015275,0018-08-04 03:30:00,18,8,4,3,30,310,371,d43,43.47756,1.92698,Nuit avec éclairage non allumé,En agglomération,Hors intersection,Normale,Autre collision,,,,,,,,,,,4,2,1,1.0,6.0
201800015276,0018-08-13 18:40:00,18,8,13,18,40,310,558,D25,43.47553,1.745,Plein jour,Hors agglomération,Intersection en X,Normale,Deux véhicules - côté,,,,,,,,,,,1,1,2,1.0,3.0
201800015277,0018-08-19 09:10:00,18,8,19,9,10,310,451,rond point des trois Grâ,43.46027,2.00502,Plein jour,En agglomération,Giratoire,Normale,Autre collision,,,,,,,,,,,1,2,6,1.0,6.0
201800015278,0018-10-05 10:15:00,18,10,5,10,15,310,451,AVENUE DE ST FERREOL,43.45153,2.0051,Plein jour,En agglomération,Giratoire,Temps éblouissant,Autre collision,,,,,,,,,,,1,2,6,7.0,6.0
201800015279,0018-01-01 05:30:00,18,1,1,5,30,290,216,D785,47.95793,-4.16704,Nuit sans éclairage public,Hors agglomération,Hors intersection,Vent fort / tempête,Autre collision,,,,,,,,,,,3,1,1,6.0,6.0
201800015280,0018-02-02 18:00:00,18,2,2,18,0,290,225,logan,47.96578,-4.36842,Plein jour,Hors agglomération,Intersection en T,Normale,Deux véhicules - frontale,,,,,,,,,,,1,1,3,1.0,1.0
201800015281,0018-04-11 18:20:00,18,4,11,18,20,290,108,Guilguiffin,47.99885,-4.30691,Plein jour,Hors agglomération,Hors intersection,Normale,Deux véhicules - frontale,,,,,,,,,,,1,1,1,1.0,1.0
201800015282,0018-05-04 16:50:00,18,5,4,16,50,290,216,D56,47.98874,-4.18803,Plein jour,Hors agglomération,Intersection en X,Normale,Deux véhicules - côté,,,,,,,,,,,1,1,2,1.0,3.0
201800015283,0018-05-15 14:40:00,18,5,15,14,40,290,216,D785,47.95794,-4.16706,Plein jour,Hors agglomération,Hors intersection,Normale,Deux véhicules - côté,,,,,,,,,,,1,1,1,1.0,3.0
201800015284,0018-05-19 15:00:00,18,5,19,15,0,290,225,D40 - Penhors,47.93878,-4.40014,Plein jour,En agglomération,Hors intersection,Normale,Autre collision,,,,,,,,,,,1,2,1,1.0,6.0
201800015285,0018-06-02 18:10:00,18,6,2,18,10,290,216,chemin de pen allé kerin,47.97737,-4.15334,Plein jour,Hors agglomération,Intersection en Y,Normale,Trois véhicules et plus - collisions multiples,,,,,,,,,,,1,1,4,1.0,5.0
201800015286,0018-06-22 16:25:00,18,6,22,16,25,290,197,rue saint-winoc,48.01391,-4.48581,Plein jour,En agglomération,Hors intersection,Normale,Autre collision,,,,,,,,,,,1,2,1,1.0,6.0
201800015287,0018-07-13 14:35:00,18,7,13,14,35,290,298,D2,47.92477,-4.32667,Plein jour,Hors agglomération,Hors intersection,Normale,Deux véhicules - côté,,,,,,,,,,,1,1,1,1.0,3.0
201800015288,0018-07-22 06:30:00,18,7,22,6,30,290,167,Lieu-dit Menez Kerveyen,47.96451,-4.29811,Crépuscule ou aube,Hors agglomération,Intersection en T,Normale,Autre collision,,,,,,,,,,,2,1,3,1.0,6.0
201800015289,0018-07-24 15:00:00,18,7,24,15,0,290,3,rue Pierre Brossolette,48.02941,-4.54134,Plein jour,En agglomération,Hors intersection,Autre,Autre collision,,,,,,,,,,,1,2,1,9.0,6.0
201800015290,0018-08-13 18:30:00,18,8,13,18,30,290,215,gorréquer,47.96644,-4.42238,Plein jour,En agglomération,Hors intersection,Normale,Deux véhicules - côté,,,,,,,,,,,1,2,1,1.0,3.0
201800015291,0018-08-16 16:50:00,18,8,16,16,50,290,3,rue lamartine,48.02736,-4.53772,Plein jour,En agglomération,Hors intersection,Normale,Autre collision,,,,,,,,,,,1,2,1,1.0,6.0
201800015292,0018-08-22 18:05:00,18,8,22,18,5,290,3,kerivoas,48.02846,-4.55648,Plein jour,En agglomération,Intersection en X,Normale,Deux véhicules - côté,,,,,,,,,,,1,2,2,1.0,3.0
201800015293,0018-09-21 17:45:00,18,9,21,17,45,290,3,Quai Jean Jaurès,48.02076,-4.53679,Plein jour,En agglomération,Hors intersection,Normale,Autre collision,,,,,,,,,,,1,2,1,1.0,6.0
201800015294,0018-10-21 17:00:00,18,10,21,17,0,290,168,Route de la pointe du Ra,48.03983,-4.69687,Plein jour,Hors agglomération,Intersection en T,Normale,Deux véhicules - côté,,,,,,,,,,,1,1,3,1.0,3.0
201800015295,0018-11-02 12:45:00,18,11,2,12,45,290,143,lieu dit Ty Moguell,48.00731,-4.40043,Plein jour,Hors agglomération,Intersection en X,Normale,Deux véhicules - côté,,,,,,,,,,,1,1,2,1.0,3.0
201800015296,0018-11-24 11:30:00,18,11,24,11,30,290,215,route d'Audierne,47.99612,-4.43668,Plein jour,Hors agglomération,Intersection en T,Normale,Deux véhicules - côté,,,,,,,,,,,1,1,3,1.0,3.0
201800015297,0018-02-03 06:30:00,18,2,3,6,30,290,174,lieu dit Quélordan,47.87395,-4.25655,Nuit sans éclairage public,Hors agglomération,Hors intersection,Pluie forte,Autre collision,,,,,,,,,,,3,1,1,3.0,6.0
201800015298,0018-03-23 16:45:00,18,3,23,16,45,290,220,C3,47.8625,-4.24793,Plein jour,Hors agglomération,Hors intersection,Pluie forte,Deux véhicules - arrière,,,,,,,,,,,1,1,1,3.0,2.0
201800015299,0018-03-30 17:15:00,18,3,30,17,15,290,135,Route de Plonivel,47.83011,-4.20723,Plein jour,Hors agglomération,Hors intersection,Normale,Deux véhicules - frontale,,,,,,,,,,,1,1,1,1.0,1.0
201800015300,0018-04-18 17:10:00,18,4,18,17,10,290,220,rue du Sequer,47.85587,-4.238,Plein jour,En agglomération,Hors intersection,Normale,Autre collision,,,,,,,,,,,1,2,1,1.0,6.0
201800015301,0018-04-19 15:30:00,18,4,19,15,30,290,171,langougou,47.83808,-4.26242,Plein jour,Hors agglomération,Hors intersection,Normale,Autre collision,,,,,,,,,,,1,1,1,1.0,6.0
201800015302,0018-05-24 19:15:00,18,5,24,19,15,290,216,Lieu-dit Ar Voutik,47.94759,-4.20122,Plein jour,Hors agglomération,Hors intersection,Normale,Deux véhicules - frontale,,,,,,,,,,,1,1,1,1.0,1.0
201800015303,0018-06-22 18:10:00,18,6,22,18,10,290,170,KERUHEL,47.95836,-4.12824,Plein jour,Hors agglomération,Hors intersection,Normale,Deux véhicules - frontale,,,,,,,,,,,1,1,1,1.0,1.0
201800015304,0018-06-21 09:00:00,18,6,21,9,0,290,220,place gambetta,47.86445,-4.22171,Plein jour,En agglomération,Place,Normale,Autre collision,,,,,,,,,,,1,2,7,1.0,6.0
201800015305,0018-07-06 17:30:00,18,7,6,17,30,290,220,"lieu dit kerguevelen, ro",47.87801,-4.20506,Plein jour,Hors agglomération,Hors intersection,Normale,Deux véhicules - frontale,,,,,,,,,,,1,1,1,1.0,1.0
201800015306,0018-07-15 05:45:00,18,7,15,5,45,290,174,Villoury Caoudal,47.93539,-4.22452,Crépuscule ou aube,Hors agglomération,Hors intersection,Normale,Autre collision,,,,,,,,,,,2,1,1,1.0,6.0
201800015307,0018-07-14 12:15:00,18,7,14,12,15,290,220,Parking intermarché - ru,47.86344,-4.23217,Plein jour,En agglomération,Hors intersection,Normale,Autre collision,,,,,,,,,,,1,2,1,1.0,6.0
201800015308,0018-07-08 13:00:00,18,7,8,13,0,290,165,Pont Plat,47.82042,-4.26882,Plein jour,Hors agglomération,Intersection en T,Normale,Sans collision,,,,,,,,,,,1,1,3,1.0,7.0
201800015309,0018-07-30 21:45:00,18,7,30,21,45,290,171,kersivy,47.8211,-4.28282,Nuit avec éclairage allumé,En agglomération,Hors intersection,Normale,Autre collision,,,,,,,,,,,5,2,1,1.0,6.0
201800015310,0018-08-02 08:50:00,18,8,2,8,50,290,174,rue de la République,47.90317,-4.28281,Plein jour,En agglomération,Hors intersection,Normale,Autre collision,,,,,,,,,,,1,2,1,1.0,6.0
201800015311,0018-08-02 14:20:00,18,8,2,14,20,290,174,Départementale 2 lieu di,47.90938,-4.30542,Plein jour,Hors agglomération,Hors intersection,Normale,Trois véhicules et plus - collisions multiples,,,,,,,,,,,1,1,1,1.0,5.0
201800015312,0018-08-12 16:20:00,18,8,12,16,20,290,171,TREMILLEC,47.83067,-4.29002,Plein jour,Hors agglomération,Intersection en T,Temps couvert,Deux véhicules - arrière,,,,,,,,,,,1,1,3,8.0,2.0
201800015313,0018-09-13 15:25:00,18,9,13,15,25,290,174,Départementale D785,47.86773,-4.24214,Plein jour,Hors agglomération,Hors intersection,Normale,Deux véhicules - frontale,,,,,,,,,,,1,1,1,1.0,1.0
201800015314,0018-09-14 15:45:00,18,9,14,15,45,290,171,lieu dit PORS DIBORD,47.82611,-4.33214,Plein jour,Hors agglomération,Hors intersection,Normale,Deux véhicules - frontale,,,,,,,,,,,1,1,1,1.0,1.0
201800015315,0018-12-04 08:30:00,18,12,4,8,30,290,284,Hent Korniguelou,47.88576,-4.16988,Crépuscule ou aube,En agglomération,Hors intersection,Pluie légère,Autre collision,,,,,,,,,,,2,2,1,2.0,6.0
201800015316,0018-12-24 04:15:00,18,12,24,4,15,290,284,Barrière rouge,47.80506,-4.26015,Nuit sans éclairage public,Hors agglomération,Hors intersection,Normale,Autre collision,,,,,,,,,,,3,1,1,1.0,6.0
201800015317,0018-12-25 01:20:00,18,12,25,1,20,290,37,le lannou,47.8847,-4.17401,Nuit sans éclairage public,Hors agglomération,Intersection en T,Normale,Deux véhicules - côté,,,,,,,,,,,3,1,3,1.0,3.0
201800015318,0018-01-03 18:45:00,18,1,3,18,45,290,235,rue Danton,48.40797,-4.39842,Nuit avec éclairage allumé,En agglomération,Hors intersection,Pluie forte,Autre collision,,,,,,,,,,,5,2,1,3.0,6.0
201800015319,0018-01-15 08:30:00,18,1,15,8,30,290,75,VOIE COMMUNALE 5,48.421,-4.41969,Crépuscule ou aube,Hors agglomération,Hors intersection,Pluie forte,Deux véhicules - frontale,,,,,,,,,,,2,1,1,3.0,1.0
201800015320,0018-01-17 08:55:00,18,1,17,8,55,290,75,rue Anne de Bretagne,48.43745,-4.40901,Plein jour,En agglomération,Hors intersection,Normale,Deux véhicules - arrière,,,,,,,,,,,1,2,1,1.0,2.0
201800015321,0018-01-11 18:35:00,18,1,11,18,35,290,75,rond point de la vallée,48.43137,-4.40274,Nuit avec éclairage allumé,En agglomération,Giratoire,Normale,Deux véhicules - côté,,,,,,,,,,,5,2,6,1.0,3.0
201800015322,0018-01-19 07:20:00,18,1,19,7,20,290,235,15 rue de Keriguel,48.40367,-4.39512,Nuit avec éclairage allumé,En agglomération,Hors intersection,Brouillard / fumée,Autre collision,,,,,,,,,,,5,2,1,5.0,6.0
201800015323,0018-03-02 14:00:00,18,3,2,14,0,290,75,167 chemin de Kernoas,48.44314,-4.41496,Plein jour,En agglomération,Giratoire,Pluie légère,Deux véhicules - arrière,,,,,,,,,,,1,2,6,2.0,2.0
201800015324,0018-04-04 17:25:00,18,4,4,17,25,290,235,D165,48.39825,-4.42073,Plein jour,Hors agglomération,Autre intersection,Temps couvert,Trois véhicules et plus - en chaîne,,,,,,,,,,,1,1,9,8.0,4.0
201800015325,0018-03-28 07:15:00,18,3,28,7,15,290,75,rond point de Palaren,48.39684,-4.43564,Nuit sans éclairage public,En agglomération,Giratoire,Pluie forte,Autre collision,,,,,,,,,,,3,2,6,3.0,6.0
201800015326,0018-05-14 08:15:00,18,5,14,8,15,290,75,rue de paris,48.43549,-4.3996,Plein jour,En agglomération,Giratoire,Normale,Deux véhicules - côté,,,,,,,,,,,1,2,6,1.0,3.0
201800015327,0018-06-16 17:50:00,18,6,16,17,50,290,61,rond point du dorguen,48.44987,-4.472,Plein jour,Hors agglomération,Giratoire,Normale,Autre collision,,,,,,,,,,,1,1,6,1.0,6.0
201800015328,0018-06-25 15:00:00,18,6,25,15,0,290,235,boulevard Gambetta,48.40401,-4.38715,Plein jour,En agglomération,Hors intersection,Normale,Autre collision,,,,,,,,,,,1,2,1,1.0,6.0
201800015329,0018-08-02 19:00:00,18,8,2,19,0,290,75,Le Cloastre,48.41856,-4.34031,Plein jour,Hors agglomération,Hors intersection,Normale,Autre collision,,,,,,,,,,,1,1,1,1.0,6.0
201800015330,0018-09-10 09:50:00,18,9,10,9,50,290,235,rue Danton,48.40771,-4.40233,Plein jour,En agglomération,Hors intersection,Normale,Sans collision,,,,,,,,,,,1,2,1,1.0,7.0
201800015331,0018-10-18 18:15:00,18,10,18,18,15,290,235,Boulevard Charles de Gau,48.40078,-4.40586,Crépuscule ou aube,En agglomération,Intersection en X,Temps éblouissant,Deux véhicules - côté,,,,,,,,,,,2,2,2,7.0,3.0
201800015332,0018-10-22 14:00:00,18,10,22,14,0,290,75,Moulin du Pont,48.42835,-4.38386,Plein jour,Hors agglomération,Hors intersection,Normale,Deux véhicules - frontale,,,,,,,,,,,1,1,1,1.0,1.0
201800015333,0018-10-24 12:00:00,18,10,24,12,0,290,235,rue de Strasbourg,48.40507,-4.39386,Plein jour,En agglomération,Hors intersection,Normale,Autre collision,,,,,,,,,,,1,2,1,1.0,6.0
201800015334,0018-10-30 17:30:00,18,10,30,17,30,290,75,NISSAN rue Augustin Fres,48.42881,-4.44621,Crépuscule ou aube,En agglomération,Autre intersection,Normale,Deux véhicules - côté,,,,,,,,,,,2,2,9,1.0,3.0
201800015335,0018-10-17 13:10:00,18,10,17,13,10,290,235,ROND POINT DU COSTOUR,48.40138,-4.4226,Plein jour,En agglomération,Hors intersection,Pluie légère,Sans collision,,,,,,,,,,,1,2,1,2.0,7.0
201800015336,0018-11-17 15:00:00,18,11,17,15,0,290,75,D205,48.41896,-4.44076,Plein jour,Hors agglomération,Hors intersection,Normale,Autre collision,,,,,,,,,,,1,1,1,1.0,6.0
201800015337,0018-12-13 12:30:00,18,12,13,12,30,290,61,143 RUE AMIRAL DEFOSSES,48.42764,-4.47331,Plein jour,En agglomération,Hors intersection,Normale,Sans collision,,,,,,,,,,,1,2,1,1.0,7.0
201800015338,0018-12-21 15:40:00,18,12,21,15,40,290,56,Lieu-dit la grande palud,48.44564,-4.29177,Plein jour,Hors agglomération,Intersection en Y,Pluie légère,Autre collision,,,,,,,,,,,1,1,4,2.0,6.0
201800015339,0018-01-01 02:40:00,18,1,1,2,40,290,101,lieu dit saint Antoine,48.59228,-4.55638,Nuit sans éclairage public,En agglomération,Hors intersection,Pluie légère,Autre collision,,,,,,,,,,,3,2,1,2.0,6.0
201800015340,0018-03-15 20:55:00,18,3,15,20,55,290,149,KERVERN,48.46525,-4.51568,Nuit sans éclairage public,Hors agglomération,Hors intersection,Normale,Deux véhicules - arrière,,,,,,,,,,,3,1,1,1.0,2.0
201800015341,0018-03-25 15:40:00,18,3,25,15,40,290,290,Rue des Fontaines,48.55113,-4.53731,Plein jour,En agglomération,Hors intersection,Normale,Autre collision,,,,,,,,,,,1,2,1,1.0,6.0
201800015342,0018-04-27 22:00:00,18,4,27,22,0,290,195,Ravanion,48.61339,-4.54082,Nuit sans éclairage public,Hors agglomération,Hors intersection,Normale,Autre collision,,,,,,,,,,,3,1,1,1.0,6.0
201800015343,0018-05-19 21:30:00,18,5,19,21,30,290,101,Croas Aotred,48.58638,-4.57065,Crépuscule ou aube,Hors agglomération,Hors intersection,Normale,Autre collision,,,,,,,,,,,2,1,1,1.0,6.0
201800015344,0018-07-07 04:30:00,18,7,7,4,30,290,77,route du vougot,48.62961,-4.45656,Nuit sans éclairage public,Hors agglomération,Hors intersection,Normale,Autre collision,,,,,,,,,,,3,1,1,1.0,6.0
201800015345,0018-07-14 21:55:00,18,7,14,21,55,290,195,départementale 71,48.60038,-4.49302,Plein jour,Hors agglomération,Hors intersection,Normale,Deux véhicules - côté,,,,,,,,,,,1,1,1,1.0,3.0
201800015346,0018-07-24 18:00:00,18,7,24,18,0,290,15,Menez Bihan,48.51789,-4.50068,Plein jour,Hors agglomération,Hors intersection,Normale,Trois véhicules et plus - en chaîne,,,,,,,,,,,1,1,1,1.0,4.0
201800015347,0018-08-18 19:45:00,18,8,18,19,45,290,195,leuré,48.6152,-4.46061,Crépuscule ou aube,Hors agglomération,Intersection en X,Normale,Deux véhicules - frontale,,,,,,,,,,,2,1,2,1.0,1.0
201800015348,0018-09-05 09:50:00,18,9,5,9,50,290,117,rue du docteur MORVAN,48.57092,-4.52304,Plein jour,Hors agglomération,Giratoire,Normale,Deux véhicules - côté,,,,,,,,,,,1,1,6,1.0,3.0
201800015349,0018-09-21 08:40:00,18,9,21,8,40,290,15,D 13,48.48212,-4.49576,Plein jour,Hors agglomération,Intersection en T,Normale,Deux véhicules - côté,,,,,,,,,,,1,1,3,1.0,3.0
201800015350,0018-10-10 08:00:00,18,10,10,8,0,290,93,lieu dit BOTEDEN,48.57054,-4.3926,Nuit sans éclairage public,Hors agglomération,Intersection en X,Normale,Deux véhicules - côté,,,,,,,,,,,3,1,2,1.0,3.0
201800015351,0018-02-23 13:30:00,18,2,23,13,30,290,40,route de brest,48.35947,-4.76236,Plein jour,En agglomération,Intersection en X,Normale,Deux véhicules - côté,,,,,,,,,,,1,2,2,1.0,3.0
201800015352,0018-04-16 16:30:00,18,4,16,16,30,290,155,frugullou,48.4673,-5.0739,Plein jour,En agglomération,Hors intersection,Normale,Autre collision,,,,,,,,,,,1,2,1,1.0,6.0
201800015353,0018-04-18 12:00:00,18,4,18,12,0,290,130,Croaz Ar Go,48.39092,-4.67068,Plein jour,Hors agglomération,Intersection en X,Autre,Deux véhicules - côté,,,,,,,,,,,1,1,2,9.0,3.0
201800015354,0018-04-30 18:15:00,18,4,30,18,15,290,212,route du trenen,48.3809,-4.57601,Plein jour,Hors agglomération,Intersection en X,Normale,Deux véhicules - côté,,,,,,,,,,,1,1,2,1.0,3.0
201800015355,0018-05-29 15:25:00,18,5,29,15,25,290,11,D5 avenue Victor Le Gorg,48.41025,-4.52154,Plein jour,Hors agglomération,Intersection en X,Normale,Deux véhicules - côté,,,,,,,,,,,1,1,2,1.0,3.0
201800015356,0018-06-12 17:15:00,18,6,12,17,15,290,190,Lieu dit Goasmeur RD 789,48.3646,-4.69619,Plein jour,Hors agglomération,Hors intersection,Normale,Deux véhicules - côté,,,,,,,,,,,1,1,1,1.0,3.0
201800015357,0018-06-15 14:30:00,18,6,15,14,30,290,212,Route du Conquet,48.3646,-4.59783,Plein jour,Hors agglomération,Intersection en T,Normale,Deux véhicules - arrière,,,,,,,,,,,1,1,3,1.0,2.0
201800015358,0018-06-28 03:45:00,18,6,28,3,45,290,201,Kergounan,48.37596,-4.70924,Nuit sans éclairage public,Hors agglomération,Hors intersection,Normale,Autre collision,,,,,,,,,,,3,1,1,1.0,6.0
201800015359,0018-07-01 13:46:00,18,7,1,13,46,290,190,Route de SAINT RENAN,48.36622,-4.69248,Plein jour,Hors agglomération,Intersection en Y,Normale,Deux véhicules - côté,,,,,,,,,,,1,1,4,1.0,3.0
201800015360,0018-07-16 08:15:00,18,7,16,8,15,290,130,Kerlannou Bras,48.37214,-4.62951,Plein jour,Hors agglomération,Hors intersection,Normale,Deux véhicules - frontale,,,,,,,,,,,1,1,1,1.0,1.0
201800015361,0018-07-20 13:25:00,18,7,20,13,25,290,155,bourg,48.46142,-5.08705,Plein jour,En agglomération,Hors intersection,Normale,Sans collision,,,,,,,,,,,1,2,1,1.0,7.0
201800015362,0018-07-30 19:30:00,18,7,30,19,30,290,190,Rue du Lannou,48.34833,-4.71986,Plein jour,En agglomération,Hors intersection,Normale,Autre collision,,,,,,,,,,,1,2,1,1.0,6.0
201800015363,0018-08-15 19:05:00,18,8,15,19,5,290,190,Rue St Mathieu,48.33881,-4.74194,Plein jour,En agglomération,Intersection en X,Normale,Deux véhicules - côté,,,,,,,,,,,1,2,2,1.0,3.0
201800015364,0018-08-27 09:15:00,18,8,27,9,15,290,190,"PK 14,800; RD 789",48.34642,-4.72344,Plein jour,Hors agglomération,Hors intersection,Normale,Sans collision,,,,,,,,,,,1,1,1,1.0,7.0
201800015365,0018-09-05 17:30:00,18,9,5,17,30,290,69,lieu dit St Fiacre,48.42747,-4.59123,Plein jour,Hors agglomération,Hors intersection,Normale,Deux véhicules - côté,,,,,,,,,,,1,1,1,1.0,3.0
201800015366,0018-09-08 15:45:00,18,9,8,15,45,290,40,LIEU DIT ST MATHIEU,48.33542,-4.77113,Plein jour,Hors agglomération,Hors intersection,Normale,Sans collision,,,,,,,,,,,1,1,1,1.0,7.0
201800015367,0018-10-25 07:50:00,18,10,25,7,50,290,11,rue François DROGOU,48.41825,-4.52431,Nuit avec éclairage allumé,En agglomération,Giratoire,Normale,Autre collision,,,,,,,,,,,5,2,6,1.0,6.0
201800015368,0018-11-05 17:40:00,18,11,5,17,40,290,69,route de saint pierre,48.41083,-4.55703,Crépuscule ou aube,Hors agglomération,Hors intersection,Pluie légère,Deux véhicules - frontale,,,,,,,,,,,2,1,1,2.0,1.0
201800015369,0018-11-11 15:45:00,18,11,11,15,45,290,201,MEN AR YAR,48.41744,-4.72974,Plein jour,Hors agglomération,Hors intersection,Normale,Trois véhicules et plus - en chaîne,,,,,,,,,,,1,1,1,1.0,4.0
201800015370,0018-12-04 08:40:00,18,12,4,8,40,290,69,rond point de Kermengleu,48.42473,-4.56636,Crépuscule ou aube,En agglomération,Giratoire,Normale,Deux véhicules - côté,,,,,,,,,,,2,2,6,1.0,3.0
201800015371,0018-12-08 08:30:00,18,12,8,8,30,290,212,kerourin,48.36291,-4.60037,Crépuscule ou aube,Hors agglomération,Giratoire,Pluie légère,Autre collision,,,,,,,,,,,2,1,6,2.0,6.0
201800015372,0018-12-08 14:45:00,18,12,8,14,45,290,212,rue KROAZ TEO,48.37981,-4.61734,Plein jour,En agglomération,Hors intersection,Pluie légère,Sans collision,,,,,,,,,,,1,2,1,2.0,7.0
201800015373,0018-01-01 16:19:00,18,1,1,16,19,290,177,"CD 5 -  PK 16,050",48.43331,-4.68833,Plein jour,Hors agglomération,Hors intersection,Normale,Deux véhicules - frontale,,,,,,,,,,,1,1,1,1.0,1.0
201800015374,0018-01-28 13:25:00,18,1,28,13,25,290,149,bel air,48.45891,-4.58277,Plein jour,Hors agglomération,Hors intersection,Pluie légère,Deux véhicules - côté,,,,,,,,,,,1,1,1,2.0,3.0
201800015375,0018-02-03 06:45:00,18,2,3,6,45,290,149,kergaouren,48.47448,-4.53571,Nuit sans éclairage public,Hors agglomération,Hors intersection,Pluie forte,Autre collision,,,,,,,,,,,3,1,1,3.0,6.0
201800015376,0018-03-29 16:50:00,18,3,29,16,50,290,208,Kérounaval,48.49541,-4.64805,Plein jour,Hors agglomération,Hors intersection,Normale,Autre collision,,,,,,,,,,,1,1,1,1.0,6.0
201800015377,0018-04-06 11:45:00,18,4,6,11,45,290,208,keryar - CD 28,48.49749,-4.69801,Plein jour,Hors agglomération,Intersection en T,Normale,Deux véhicules - côté,,,,,,,,,,,1,1,3,1.0,3.0
201800015378,0018-04-18 13:55:00,18,4,18,13,55,290,119,KERINIZAN NEVEZ,48.48498,-4.64459,Plein jour,Hors agglomération,Intersection en T,Normale,Trois véhicules et plus - en chaîne,,,,,,,,,,,1,1,3,1.0,4.0
201800015379,0018-05-08 11:50:00,18,5,8,11,50,290,149,keroudy,48.43846,-4.54555,Plein jour,Hors agglomération,Intersection en T,Normale,Deux véhicules - arrière,,,,,,,,,,,1,1,3,1.0,2.0
201800015380,0018-05-13 15:30:00,18,5,13,15,30,290,260,LIEU DIT PETIT PARIS,48.41913,-4.63335,Plein jour,Hors agglomération,Hors intersection,Temps éblouissant,Deux véhicules - frontale,,,,,,,,,,,1,1,1,7.0,1.0
201800015381,0018-05-25 20:30:00,18,5,25,20,30,290,98,rue de Molène,48.44633,-4.76696,Crépuscule ou aube,En agglomération,Intersection en T,Normale,Deux véhicules - côté,,,,,,,,,,,2,2,3,1.0,3.0
201800015382,0018-06-14 12:00:00,18,6,14,12,0,290,208,Lieu-dit Keryard,48.49668,-4.69843,Plein jour,Hors agglomération,Giratoire,Temps couvert,Deux véhicules - côté,,,,,,,,,,,1,1,6,8.0,3.0
201800015383,0018-07-22 18:50:00,18,7,22,18,50,290,260,route de l'aber,48.43874,-4.63652,Plein jour,Hors agglomération,Hors intersection,Temps éblouissant,Deux véhicules - frontale,,,,,,,,,,,1,1,1,7.0,1.0
201800015384,0018-08-23 18:45:00,18,8,23,18,45,290,177,"lieu dit craos audren, r",48.44041,-4.74082,Plein jour,Hors agglomération,Intersection en X,Normale,Deux véhicules - côté,,,,,,,,,,,1,1,2,1.0,3.0
201800015385,0018-09-02 15:20:00,18,9,2,15,20,290,178,avenue de portsall,48.54617,-4.68312,Plein jour,En agglomération,Hors intersection,Normale,Autre collision,,,,,,,,,,,1,2,1,1.0,6.0
201800015386,0018-09-26 16:45:00,18,9,26,16,45,290,208,"CD 168, lieu-dit Kerneve",48.50316,-4.65366,Plein jour,Hors agglomération,Intersection en T,Normale,Autre collision,,,,,,,,,,,1,1,3,1.0,6.0
201800015387,0018-10-19 16:45:00,18,10,19,16,45,290,260,rue racine,48.42731,-4.63082,Plein jour,En agglomération,Hors intersection,Normale,Autre collision,,,,,,,,,,,1,2,1,1.0,6.0
201800015388,0018-10-30 08:50:00,18,10,30,8,50,290,196,PAOTR TREOURE,48.52468,-4.60125,Plein jour,En agglomération,Hors intersection,Temps éblouissant,Autre collision,,,,,,,,,,,1,2,1,7.0,6.0
201800015389,0018-11-24 18:50:00,18,11,24,18,50,290,260,rue Commandant Thuilliez,48.43539,-4.62191,Nuit avec éclairage allumé,En agglomération,Hors intersection,Temps couvert,Sans collision,,,,,,,,,,,5,2,1,8.0,7.0
201800015390,0018-09-16 08:00:00,18,9,16,8,0,290,166,lieu-dit Kerlaoueret,48.15462,-4.18104,Crépuscule ou aube,Hors agglomération,Hors intersection,Normale,Autre collision,,,,,,,,,,,2,1,1,1.0,6.0
201800015391,0018-09-23 16:40:00,18,9,23,16,40,290,25,Corn ar c'hoat,48.17761,-4.09732,Plein jour,Hors agglomération,Hors intersection,Normale,Deux véhicules - frontale,,,,,,,,,,,1,1,1,1.0,1.0