accident_id,datetime,annee,mois,jour,heure,minute,departement,commune_insee,adresse,latitude,longitude,luminosite,agglomeration,intersection,meteo,collision,nb_vehicules,nb_usagers,nb_indemnes,nb_tues,nb_blesses_hosp,nb_blesses_legers,age_cond_1,age_cond_2,veh_type_cond_1,veh_type_cond_2,lum_code,agg_code,int_code,atm_code,col_code
201800015392,0018-12-23 19:30:00,18,12,23,19,30,290,240,Térénez,48.26716,-4.26931,Nuit sans éclairage public,Hors agglomération,Hors intersection,Pluie légère,Deux véhicules - frontale,,,,,,,,,,,3,1,1,2.0,1.0
201800015393,0018-12-27 22:30:00,18,12,27,22,30,290,263,D770,48.22789,-4.07878,Nuit sans éclairage public,Hors agglomération,Intersection en T,Brouillard / fumée,Autre collision,,,,,,,,,,,3,1,3,5.0,6.0
201800015394,0018-02-04 02:15:00,18,2,4,2,15,290,275,Lieu-dit le Rest,48.42058,-3.66479,Nuit sans éclairage public,Hors agglomération,Hors intersection,Pluie légère,Autre collision,,,,,,,,,,,3,1,1,2.0,6.0
201800015395,0018-04-24 12:30:00,18,4,24,12,30,290,24,Avenue de waldkappel,48.27824,-3.5521,Plein jour,En agglomération,Intersection en T,Normale,Deux véhicules - côté,,,,,,,,,,,1,2,3,1.0,3.0
201800015396,0018-05-06 06:50:00,18,5,6,6,50,290,152,le moulin neuf,48.203,-3.58285,Crépuscule ou aube,Hors agglomération,Hors intersection,Normale,Autre collision,,,,,,,,,,,2,1,1,1.0,6.0
201800015397,0018-05-06 14:25:00,18,5,6,14,25,290,152,GLAZENNOU,48.23741,-3.55361,Plein jour,Hors agglomération,Intersection en T,Normale,Deux véhicules - côté,,,,,,,,,,,1,1,3,1.0,3.0
201800015398,0018-07-27 20:10:00,18,7,27,20,10,290,24,kergorvo,48.27085,-3.53377,Plein jour,Hors agglomération,Giratoire,Temps éblouissant,Deux véhicules - frontale,,,,,,,,,,,1,1,6,7.0,1.0
201800015399,0018-08-17 16:40:00,18,8,17,16,40,290,278,lieu dit kerfranc,48.18106,-3.74537,Plein jour,Hors agglomération,Hors intersection,Normale,Sans collision,,,,,,,,,,,1,1,1,1.0,7.0
201800015400,0018-09-15 13:00:00,18,9,15,13,0,290,29,kerdivoal,48.25677,-3.61044,Plein jour,Hors agglomération,Hors intersection,Temps éblouissant,Deux véhicules - frontale,,,,,,,,,,,1,1,1,7.0,1.0
201800015401,0018-10-24 11:15:00,18,10,24,11,15,290,89,D48,48.2674,-3.6165,Plein jour,Hors agglomération,Intersection en Y,Brouillard / fumée,Autre collision,,,,,,,,,,,1,1,4,5.0,6.0
201800015402,0018-11-07 18:00:00,18,11,7,18,0,290,250,RD 769 lieu dit goaranve,48.21705,-3.58361,Crépuscule ou aube,Hors agglomération,Hors intersection,Pluie légère,Autre collision,,,,,,,,,,,2,1,1,2.0,6.0
201800015403,0018-12-08 01:30:00,18,12,8,1,30,290,81,D769A PK 1+800,48.36448,-3.73022,Nuit sans éclairage public,Hors agglomération,Hors intersection,Temps couvert,Autre collision,,,,,,,,,,,3,1,1,8.0,6.0
201800015404,0018-12-07 08:00:00,18,12,7,8,0,290,24,avenue Waldkappel,48.27824,-3.5521,Nuit avec éclairage allumé,En agglomération,Hors intersection,Pluie forte,Autre collision,,,,,,,,,,,5,2,1,3.0,6.0
201800015405,0018-01-31 09:07:00,18,1,31,9,7,290,27,Trémélé,48.20573,-3.79719,Plein jour,Hors agglomération,Intersection en X,Pluie légère,Deux véhicules - côté,,,,,,,,,,,1,1,2,2.0,3.0
201800015406,0018-02-21 17:30:00,18,2,21,17,30,290,48,Poulzaff D785,48.11642,-4.01434,Plein jour,Hors agglomération,Intersection en X,Temps éblouissant,Deux véhicules - côté,,,,,,,,,,,1,1,2,7.0,3.0
201800015407,0018-02-25 17:50:00,18,2,25,17,50,290,107,Trévidec,48.05107,-3.94809,Plein jour,Hors agglomération,Hors intersection,Temps éblouissant,Autre collision,,,,,,,,,,,1,1,1,7.0,6.0
201800015408,0018-04-17 06:30:00,18,4,17,6,30,290,102,pont triffin,48.21958,-3.7059,Crépuscule ou aube,Hors agglomération,Hors intersection,Normale,Sans collision,,,,,,,,,,,2,1,1,1.0,7.0
201800015409,0018-04-29 07:15:00,18,4,29,7,15,290,27,Lieu dit TREMELE,48.22684,-3.73112,Crépuscule ou aube,Hors agglomération,Hors intersection,Normale,Autre collision,,,,,,,,,,,2,1,1,1.0,6.0
201800015410,0018-06-03 16:45:00,18,6,3,16,45,290,36,restidonval,48.29241,-3.81234,Plein jour,Hors agglomération,Hors intersection,Pluie forte,Autre collision,,,,,,,,,,,1,1,1,3.0,6.0
201800015411,0018-07-02 07:20:00,18,7,2,7,20,290,20,KERLEZ,48.09976,-4.0311,Plein jour,En agglomération,Hors intersection,Pluie légère,Deux véhicules - côté,,,,,,,,,,,1,2,1,2.0,3.0
201800015412,0018-07-09 18:30:00,18,7,9,18,30,290,125,Menez Braz,48.08868,-3.76375,Plein jour,Hors agglomération,Intersection en T,Normale,Autre collision,,,,,,,,,,,1,1,3,1.0,6.0
201800015413,0018-07-20 12:36:00,18,7,20,12,36,290,27,lieu dit saint André,48.20947,-3.76854,Plein jour,Hors agglomération,Hors intersection,Normale,Trois véhicules et plus - collisions multiples,,,,,,,,,,,1,1,1,1.0,5.0
201800015414,0018-07-19 10:00:00,18,7,19,10,0,290,27,Rue du général DE GAULLE,48.19317,-3.81996,Plein jour,En agglomération,Hors intersection,Normale,Autre collision,,,,,,,,,,,1,2,1,1.0,6.0
201800015415,0018-08-04 06:18:00,18,8,4,6,18,290,162,Rue de la gare,48.23231,-3.96479,Crépuscule ou aube,En agglomération,Hors intersection,Normale,Autre collision,,,,,,,,,,,2,2,1,1.0,6.0
201800015416,0018-08-10 22:55:00,18,8,10,22,55,290,48,LIEU-DIT KERIGOU,48.11655,-4.01445,Nuit sans éclairage public,Hors agglomération,Intersection en X,Normale,Deux véhicules - côté,,,,,,,,,,,3,1,2,1.0,3.0
201800015417,0018-08-15 02:45:00,18,8,15,2,45,290,123,C8 Nenvez,48.23002,-3.90492,Nuit sans éclairage public,Hors agglomération,Hors intersection,Normale,Autre collision,,,,,,,,,,,3,1,1,1.0,6.0
201800015418,0018-08-16 11:15:00,18,8,16,11,15,290,162,Rue de la gare,48.23204,-3.96474,Plein jour,En agglomération,Intersection en T,Pluie légère,Deux véhicules - côté,,,,,,,,,,,1,2,3,2.0,3.0
201800015419,0018-09-08 18:25:00,18,9,8,18,25,290,20,Rte de Landrévarzec,48.10066,-4.02274,Plein jour,En agglomération,Hors intersection,Normale,Autre collision,,,,,,,,,,,1,2,1,1.0,6.0
201800015420,0018-09-10 07:50:00,18,9,10,7,50,290,125,LIEU-DIT CROAS AR BEC,48.10014,-3.75737,Plein jour,Hors agglomération,Intersection en T,Normale,Deux véhicules - côté,,,,,,,,,,,1,1,3,1.0,3.0
201800015421,0018-10-31 16:46:00,18,10,31,16,46,290,261,D785,48.35601,-3.94844,Plein jour,Hors agglomération,Hors intersection,Normale,Deux véhicules - frontale,,,,,,,,,,,1,1,1,1.0,1.0
201800015422,0018-12-12 19:45:00,18,12,12,19,45,290,48,Langelin,48.10107,-3.98562,Nuit avec éclairage allumé,Hors agglomération,Giratoire,Pluie légère,Deux véhicules - arrière,,,,,,,,,,,5,1,6,2.0,2.0
201800015423,0018-12-21 17:45:00,18,12,21,17,45,290,41,rue Pen PAVÉ,48.05745,-3.82712,Nuit avec éclairage non allumé,En agglomération,Hors intersection,Normale,Autre collision,,,,,,,,,,,4,2,1,1.0,6.0
201800015424,0018-12-28 22:45:00,18,12,28,22,45,290,175,lieu dit Kerdiane,48.21695,-3.81853,Nuit sans éclairage public,Hors agglomération,Hors intersection,Normale,Autre collision,,,,,,,,,,,3,1,1,1.0,6.0
201800015425,0018-06-05 21:30:00,18,6,5,21,30,290,186,Toul ar groaz bihan - CD,48.63228,-3.82551,Nuit sans éclairage public,Hors agglomération,Hors intersection,Normale,Autre collision,,,,,,,,,,,3,1,1,1.0,6.0
201800015426,0018-06-15 10:15:00,18,6,15,10,15,290,188,route de Lanmeur,48.68893,-3.78284,Plein jour,En agglomération,Hors intersection,Normale,Deux véhicules - côté,,,,,,,,,,,1,2,1,1.0,3.0
201800015427,0018-07-05 20:00:00,18,7,5,20,0,290,199,ZA de KERVANON,48.57278,-3.71785,Plein jour,En agglomération,Hors intersection,Normale,Deux véhicules - côté,,,,,,,,,,,1,2,1,1.0,3.0
201800015428,0018-07-15 21:15:00,18,7,15,21,15,290,73,pen ar guer,48.66408,-3.66892,Plein jour,Hors agglomération,Hors intersection,Normale,Autre collision,,,,,,,,,,,1,1,1,1.0,6.0
201800015429,0018-07-21 22:00:00,18,7,21,22,0,290,207,Cosquer vihan - D109,48.54486,-3.8152,Crépuscule ou aube,Hors agglomération,Hors intersection,Normale,Deux véhicules - frontale,,,,,,,,,,,2,1,1,1.0,1.0
201800015430,0018-10-25 13:20:00,18,10,25,13,20,290,207,Le Fume,48.52443,-3.83535,Plein jour,Hors agglomération,Intersection à plus de 4 branches,Temps couvert,Deux véhicules - côté,,,,,,,,,,,1,1,5,8.0,3.0
201800015431,0018-11-17 15:05:00,18,11,17,15,5,290,183,Les quatre chemins,48.5674,-3.6097,Plein jour,Hors agglomération,Intersection en X,Temps couvert,Autre collision,,,,,,,,,,,1,1,2,8.0,6.0
201800015432,0018-11-25 00:05:00,18,11,25,0,5,290,113,lieu dit hopital bell,48.64186,-3.69695,Nuit sans éclairage public,Hors agglomération,Hors intersection,Normale,Autre collision,,,,,,,,,,,3,1,1,1.0,6.0
201800015433,0018-11-24 11:40:00,18,11,24,11,40,290,113,Place Tanguy Prigent,48.64663,-3.71652,Plein jour,En agglomération,Hors intersection,Temps éblouissant,Autre collision,,,,,,,,,,,1,2,1,7.0,6.0
201800015434,0018-12-08 11:15:00,18,12,8,11,15,290,199,lieu dit guerzavret,48.55771,-3.69323,Plein jour,Hors agglomération,Hors intersection,Pluie légère,Autre collision,,,,,,,,,,,1,1,1,2.0,6.0
201800015435,0018-12-15 12:20:00,18,12,15,12,20,290,133,route de keraloas,48.67754,-3.66606,Plein jour,En agglomération,Hors intersection,Pluie forte,Deux véhicules - frontale,,,,,,,,,,,1,2,1,3.0,1.0
201800015436,0018-02-28 12:15:00,18,2,28,12,15,290,105,Rue du manoir,48.51041,-4.07552,Plein jour,En agglomération,Hors intersection,Normale,Autre collision,,,,,,,,,,,1,2,1,1.0,6.0
201800015437,0018-04-12 13:20:00,18,4,12,13,20,290,97,rue de Landivisiau,48.49251,-4.04183,Plein jour,En agglomération,Intersection en T,Normale,Deux véhicules - côté,,,,,,,,,,,1,2,3,1.0,3.0
201800015438,0018-04-26 16:15:00,18,4,26,16,15,290,105,allée canik ar haro,48.50423,-4.0831,Plein jour,En agglomération,Intersection en X,Normale,Deux véhicules - frontale,,,,,,,,,,,1,2,2,1.0,1.0
201800015439,0018-05-04 16:04:00,18,5,4,16,4,290,163,La Justice,48.51829,-3.86754,Plein jour,Hors agglomération,Hors intersection,Normale,Autre collision,,,,,,,,,,,1,1,1,1.0,6.0
201800015440,0018-05-31 10:03:00,18,5,31,10,3,290,277,D764,48.41098,-4.08551,Plein jour,Hors agglomération,Giratoire,Pluie légère,Deux véhicules - côté,,,,,,,,,,,1,1,6,2.0,3.0
201800015441,0018-06-12 08:03:00,18,6,12,8,3,290,131,Dirizinet,48.44837,-4.03861,Plein jour,Hors agglomération,Hors intersection,Normale,Deux véhicules - côté,,,,,,,,,,,1,1,1,1.0,3.0
201800015442,0018-06-24 01:53:00,18,6,24,1,53,290,105,rue bellevue,48.49857,-4.07862,Nuit avec éclairage allumé,En agglomération,Hors intersection,Normale,Autre collision,,,,,,,,,,,5,2,1,1.0,6.0
201800015443,0018-07-15 18:50:00,18,7,15,18,50,290,97,Kerbrat,48.49573,-4.04969,Plein jour,Hors agglomération,Hors intersection,Normale,Autre collision,,,,,,,,,,,1,1,1,1.0,6.0
201800015444,0018-08-05 06:40:00,18,8,5,6,40,290,277,D18,48.40036,-4.0819,Crépuscule ou aube,Hors agglomération,Autre intersection,Normale,Deux véhicules - frontale,,,,,,,,,,,2,1,9,1.0,1.0
201800015445,0018-08-15 18:25:00,18,8,15,18,25,290,38,"Lieu-dit Pontigou, D11",48.39567,-3.94415,Plein jour,Hors agglomération,Hors intersection,Autre,Autre collision,,,,,,,,,,,1,1,1,9.0,6.0
201800015446,0018-08-24 18:00:00,18,8,24,18,0,290,10,Kervennou Bihan,48.51181,-4.11117,Plein jour,Hors agglomération,Intersection en T,Normale,Deux véhicules - arrière,,,,,,,,,,,1,1,3,1.0,2.0
201800015447,0018-08-20 08:00:00,18,8,20,8,0,290,10,RD 712,48.48997,-4.12657,Plein jour,Hors agglomération,Hors intersection,Pluie légère,Autre collision,,,,,,,,,,,1,1,1,2.0,6.0
201800015448,0018-09-27 08:30:00,18,9,27,8,30,290,265,D19,48.57898,-3.88238,Plein jour,Hors agglomération,Hors intersection,Temps éblouissant,Deux véhicules - frontale,,,,,,,,,,,1,1,1,7.0,1.0
201800015449,0018-10-05 07:20:00,18,10,5,7,20,290,266,lieu dit CROAS CREIS,48.50136,-3.94382,Nuit sans éclairage public,Hors agglomération,Intersection en X,Normale,Autre collision,,,,,,,,,,,3,1,2,1.0,6.0
201800015450,0018-10-24 15:07:00,18,10,24,15,7,290,38,Goarem Poteau,48.39012,-3.94001,Plein jour,Hors agglomération,Hors intersection,Normale,Sans collision,,,,,,,,,,,1,1,1,1.0,7.0
201800015451,0018-11-01 16:00:00,18,11,1,16,0,290,131,D30 MOULIN DE BOSCOURNOU,48.45193,-4.08108,Plein jour,Hors agglomération,Hors intersection,Pluie légère,Trois véhicules et plus - collisions multiples,,,,,,,,,,,1,1,1,2.0,5.0
201800015452,0018-11-12 18:00:00,18,11,12,18,0,290,277,Croas cabellec,48.42131,-4.0237,Nuit sans éclairage public,Hors agglomération,Hors intersection,Normale,Sans collision,,,,,,,,,,,3,1,1,1.0,7.0
201800015453,0018-11-13 16:30:00,18,11,13,16,30,290,105,13 avenue Maréchal FOCH,48.5109,-4.06827,Plein jour,En agglomération,Hors intersection,Normale,Autre collision,,,,,,,,,,,1,2,1,1.0,6.0
201800015454,0018-12-18 08:00:00,18,12,18,8,0,290,204,kerlan,48.52736,-4.1903,Nuit sans éclairage public,Hors agglomération,Hors intersection,Pluie légère,Autre collision,,,,,,,,,,,3,1,1,2.0,6.0
201800015455,0018-01-07 17:45:00,18,1,7,17,45,290,259,Rue des forces française,48.68369,-4.00079,Nuit avec éclairage allumé,Hors agglomération,Hors intersection,Vent fort / tempête,Trois véhicules et plus - en chaîne,,,,,,,,,,,5,1,1,6.0,4.0
201800015456,0018-01-08 19:00:00,18,1,8,19,0,290,210,D19 Carrefour Locquevry,48.57877,-4.00826,Nuit sans éclairage public,Hors agglomération,Intersection en T,Normale,Deux véhicules - arrière,,,,,,,,,,,3,1,3,1.0,2.0
201800015457,0018-01-31 08:15:00,18,1,31,8,15,290,276,Poul Ar Streat,48.68665,-4.08042,Nuit sans éclairage public,En agglomération,Hors intersection,Pluie légère,Autre collision,,,,,,,,,,,3,2,1,2.0,6.0
201800015458,0018-01-30 13:50:00,18,1,30,13,50,290,82,l'embarcadère,48.74074,-4.0277,Plein jour,En agglomération,Hors intersection,Normale,Autre collision,,,,,,,,,,,1,2,1,1.0,6.0
201800015459,0018-02-04 11:25:00,18,2,4,11,25,290,276,Lieu-dit Kermaria,48.6697,-4.06632,Plein jour,Hors agglomération,Intersection en X,Normale,Deux véhicules - côté,,,,,,,,,,,1,1,2,1.0,3.0
201800015460,0018-02-22 03:00:00,18,2,22,3,0,290,259,RD 788,48.65957,-3.9681,Nuit sans éclairage public,Hors agglomération,Hors intersection,Autre,Autre collision,,,,,,,,,,,3,1,1,9.0,6.0
201800015461,0018-02-25 08:40:00,18,2,25,8,40,290,279,RD58,48.62422,-3.907,Crépuscule ou aube,Hors agglomération,Hors intersection,Normale,Autre collision,,,,,,,,,,,2,1,1,1.0,6.0
201800015462,0018-03-19 14:35:00,18,3,19,14,35,290,271,Lieu-dit Bellevue,48.56761,-4.1563,Plein jour,Hors agglomération,Intersection en X,Neige / grêle,Deux véhicules - côté,,,,,,,,,,,1,1,2,4.0,3.0
201800015463,0018-03-22 06:30:00,18,3,22,6,30,290,148,D69,48.61054,-4.05677,Crépuscule ou aube,Hors agglomération,Hors intersection,Normale,Deux véhicules - frontale,,,,,,,,,,,2,1,1,1.0,1.0
201800015464,0018-04-30 18:00:00,18,4,30,18,0,290,192,Kerguiduff,48.62205,-4.07222,Plein jour,Hors agglomération,Hors intersection,Normale,Autre collision,,,,,,,,,,,1,1,1,1.0,6.0
201800015465,0018-05-01 11:45:00,18,5,1,11,45,290,259,Kerlevic,48.6554,-4.00967,Plein jour,Hors agglomération,Hors intersection,Normale,Deux véhicules - arrière,,,,,,,,,,,1,1,1,1.0,2.0
201800015466,0018-05-06 15:35:00,18,5,6,15,35,290,271,D 229 - Lieu-dit Lilloue,48.57104,-4.15414,Plein jour,Hors agglomération,Hors intersection,Normale,Autre collision,,,,,,,,,,,1,1,1,1.0,6.0
201800015467,0018-05-06 11:50:00,18,5,6,11,50,290,271,mengleuz carrefour d30-d,48.60357,-4.14043,Plein jour,Hors agglomération,Intersection en X,Normale,Trois véhicules et plus - collisions multiples,,,,,,,,,,,1,1,2,1.0,5.0
201800015468,0018-05-08 23:30:00,18,5,8,23,30,290,271,D30,48.59374,-4.13809,Nuit sans éclairage public,Hors agglomération,Hors intersection,Normale,Autre collision,,,,,,,,,,,3,1,1,1.0,6.0
201800015469,0018-05-26 15:40:00,18,5,26,15,40,290,213,rue de brest,48.60591,-4.11942,Plein jour,En agglomération,Hors intersection,Pluie forte,Deux véhicules - frontale,,,,,,,,,,,1,2,1,3.0,1.0
201800015470,0018-06-07 18:45:00,18,6,7,18,45,290,287,kerveltoc,48.61143,-4.26532,Plein jour,Hors agglomération,Intersection en X,Normale,Deux véhicules - arrière,,,,,,,,,,,1,1,2,1.0,2.0
201800015471,0018-06-21 15:15:00,18,6,21,15,15,290,30,rue de saint pol de léon,48.66287,-4.10255,Plein jour,En agglomération,Intersection en X,Normale,Trois véhicules et plus - en chaîne,,,,,,,,,,,1,2,2,1.0,4.0
201800015472,0018-07-09 18:10:00,18,7,9,18,10,290,259,Lieu-dit Vilin Vraz,48.67522,-3.97686,Plein jour,Hors agglomération,Hors intersection,Normale,Deux véhicules - frontale,,,,,,,,,,,1,1,1,1.0,1.0
201800015473,0018-07-29 18:10:00,18,7,29,18,10,290,192,Lieu-dit Stang,48.66077,-4.02295,Plein jour,Hors agglomération,Hors intersection,Pluie légère,Deux véhicules - côté,,,,,,,,,,,1,1,1,2.0,3.0
201800015474,0018-08-04 05:45:00,18,8,4,5,45,290,259,Ldt Poteau bleu,48.65957,-3.9681,Crépuscule ou aube,Hors agglomération,Intersection en Y,Brouillard / fumée,Trois véhicules et plus - en chaîne,,,,,,,,,,,2,1,4,5.0,4.0
201800015475,0018-08-15 10:55:00,18,8,15,10,55,290,239,38 rue laennec,48.71913,-3.98528,Plein jour,En agglomération,Hors intersection,Normale,Deux véhicules - côté,,,,,,,,,,,1,2,1,1.0,3.0
201800015476,0018-08-17 18:30:00,18,8,17,18,30,290,192,Lieu dit Croaz Hent,48.67193,-4.04417,Plein jour,En agglomération,Intersection en X,Normale,Deux véhicules - côté,,,,,,,,,,,1,2,2,1.0,3.0
201800015477,0018-09-28 18:35:00,18,9,28,18,35,290,184,Kerlaudy,48.63867,-3.96936,Plein jour,En agglomération,Intersection en T,Temps éblouissant,Deux véhicules - frontale,,,,,,,,,,,1,2,3,7.0,1.0
201800015478,0018-09-29 16:00:00,18,9,29,16,0,290,259,Rond point de Kerjean,48.68778,-3.99964,Plein jour,En agglomération,Giratoire,Normale,Deux véhicules - côté,,,,,,,,,,,1,2,6,1.0,3.0
201800015479,0018-10-13 10:30:00,18,10,13,10,30,290,239,rue Albert de Mun,48.72658,-3.98622,Plein jour,En agglomération,Hors intersection,Normale,Autre collision,,,,,,,,,,,1,2,1,1.0,6.0
201800015480,0018-11-25 10:20:00,18,11,25,10,20,290,30,Rue de l'Armorique,48.66307,-4.10297,Plein jour,En agglomération,Autre intersection,Temps éblouissant,Autre collision,,,,,,,,,,,1,2,9,7.0,6.0
201800015481,0018-11-20 07:30:00,18,11,20,7,30,290,206,streat ar vran,48.61636,-4.19858,Crépuscule ou aube,En agglomération,Intersection en X,Pluie légère,Deux véhicules - côté,,,,,,,,,,,2,2,2,2.0,3.0
201800015482,0018-12-20 16:30:00,18,12,20,16,30,290,185,carrefour D 10 - D 30,48.65261,-4.17333,Crépuscule ou aube,En agglomération,Intersection en X,Pluie légère,Deux véhicules - côté,,,,,,,,,,,2,2,2,2.0,3.0
201800015483,0018-12-21 08:55:00,18,12,21,8,55,290,184,robinson,48.60182,-3.94035,Plein jour,Hors agglomération,Intersection en T,Normale,Deux véhicules - côté,,,,,,,,,,,1,1,3,1.0,3.0
201800015484,0018-12-21 17:35:00,18,12,21,17,35,290,184,D75,48.62191,-3.9859,Nuit sans éclairage public,Hors agglomération,Intersection en X,Pluie légère,Deux véhicules - côté,,,,,,,,,,,3,1,2,2.0,3.0
201800015485,0018-01-05 20:40:00,18,1,5,20,40,290,233,65 Rue de Pont Aven,47.87217,-3.55495,Nuit avec éclairage allumé,En agglomération,Hors intersection,Pluie forte,Autre collision,,,,,,,,,,,5,2,1,3.0,6.0
201800015486,0018-03-22 15:50:00,18,3,22,15,50,290,233,Pont Douar,47.83631,-3.55229,Plein jour,Hors agglomération,Hors intersection,Normale,Autre collision,,,,,,,,,,,1,1,1,1.0,6.0
201800015487,0018-05-05 13:37:00,18,5,5,13,37,290,230,rue de St Thurien,47.9599,-3.53753,Plein jour,En agglomération,Hors intersection,Normale,Deux véhicules - côté,,,,,,,,,,,1,2,1,1.0,3.0
201800015488,0018-05-23 11:15:00,18,5,23,11,15,290,233,67 rue de pont aven,47.87217,-3.55495,Plein jour,En agglomération,Hors intersection,Normale,Autre collision,,,,,,,,,,,1,2,1,1.0,6.0
201800015489,0018-02-05 14:45:00,18,2,5,14,45,290,293,Rte de la Corniche,47.79251,-3.84816,Plein jour,En agglomération,Hors intersection,Normale,Autre collision,,,,,,,,,,,1,2,1,1.0,6.0
201800015490,0018-04-03 16:10:00,18,4,3,16,10,290,150,petite lande,47.80813,-3.65986,Plein jour,Hors agglomération,Hors intersection,Normale,Deux véhicules - arrière,,,,,,,,,,,1,1,1,1.0,2.0
201800015491,0018-04-28 20:45:00,18,4,28,20,45,290,31,Quai Kernabat,47.77244,-3.60826,Plein jour,En agglomération,Place,Normale,Sans collision,,,,,,,,,,,1,2,7,1.0,7.0
201800015492,0018-05-07 18:50:00,18,5,7,18,50,290,236,kervidéo,47.84931,-3.66809,Plein jour,Hors agglomération,Hors intersection,Normale,Deux véhicules - frontale,,,,,,,,,,,1,1,1,1.0,1.0
201800015493,0018-05-15 06:30:00,18,5,15,6,30,290,293,Kersalaun,47.83769,-3.81945,Plein jour,Hors agglomération,Hors intersection,Normale,Autre collision,,,,,,,,,,,1,1,1,1.0,6.0
201800015494,0018-07-10 22:20:00,18,7,10,22,20,290,236,RUE ALAIN BERTHOU,47.84471,-3.69488,Nuit avec éclairage allumé,En agglomération,Intersection en T,Normale,Deux véhicules - côté,,,,,,,,,,,5,2,3,1.0,3.0
201800015495,0018-08-08 14:25:00,18,8,8,14,25,290,150,Lieu dit Lanriot,47.80814,-3.70174,Plein jour,En agglomération,Hors intersection,Normale,Sans collision,,,,,,,,,,,1,2,1,1.0,7.0
201800015496,0018-08-14 16:00:00,18,8,14,16,0,290,217,rue de la villemarque,47.85743,-3.74532,Plein jour,En agglomération,Hors intersection,Normale,Autre collision,,,,,,,,,,,1,2,1,1.0,6.0
201800015497,0018-09-02 11:35:00,18,9,2,11,35,290,150,Kermeuzach,47.78402,-3.66966,Plein jour,En agglomération,Intersection en T,Normale,Deux véhicules - côté,,,,,,,,,,,1,2,3,1.0,3.0
201800015498,0018-09-02 17:20:00,18,9,2,17,20,290,153,Célan,47.80899,-3.79501,Plein jour,Hors agglomération,Intersection en X,Normale,Deux véhicules - côté,,,,,,,,,,,1,1,2,1.0,3.0
201800015499,0018-10-05 11:40:00,18,10,5,11,40,290,293,keriquel vihan,47.81283,-3.82338,Plein jour,Hors agglomération,Hors intersection,Normale,Deux véhicules - arrière,,,,,,,,,,,1,1,1,1.0,2.0
201800015500,0018-11-01 08:40:00,18,11,1,8,40,290,150,route de QUIMPERLE,47.81804,-3.61984,Plein jour,Hors agglomération,Hors intersection,Normale,Autre collision,,,,,,,,,,,1,1,1,1.0,6.0
201800015501,0018-01-18 15:39:00,18,1,18,15,39,290,241,Rue Ernest Renan,47.96098,-3.83169,Plein jour,En agglomération,Intersection en T,Normale,Deux véhicules - côté,,,,,,,,,,,1,2,3,1.0,3.0
201800015502,0018-02-25 15:03:00,18,2,25,15,3,290,4,Lieu-dit KERLUC,47.92159,-3.65087,Plein jour,Hors agglomération,Hors intersection,Normale,Deux véhicules - côté,,,,,,,,,,,1,1,1,1.0,3.0
201800015503,0018-03-07 17:54:00,18,3,7,17,54,290,272,roudou,47.97042,-3.97431,Plein jour,Hors agglomération,Intersection en T,Normale,Deux véhicules - côté,,,,,,,,,,,1,1,3,1.0,3.0
201800015504,0018-03-23 00:17:00,18,3,23,0,17,290,146,"D 24, PK 8 + 25",47.91289,-3.84199,Nuit sans éclairage public,Hors agglomération,Hors intersection,Pluie forte,Autre collision,,,,,,,,,,,3,1,1,3.0,6.0
201800015505,0018-03-27 17:40:00,18,3,27,17,40,290,4,86 rue de Saint-Thurien,47.94009,-3.69132,Plein jour,En agglomération,Hors intersection,Normale,Autre collision,,,,,,,,,,,1,2,1,1.0,6.0
201800015506,0018-04-07 11:50:00,18,4,7,11,50,290,300,Le Rozic,47.90144,-3.68388,Plein jour,En agglomération,Intersection en T,Normale,Deux véhicules - côté,,,,,,,,,,,1,2,3,1.0,3.0
201800015507,0018-04-11 12:20:00,18,4,11,12,20,290,241,rue auguste richard,47.96023,-3.82932,Plein jour,En agglomération,Intersection en T,Normale,Autre collision,,,,,,,,,,,1,2,3,1.0,6.0
201800015508,0018-04-21 10:48:00,18,4,21,10,48,290,269,départementale 6,47.95634,-3.62007,Plein jour,Hors agglomération,Hors intersection,Normale,Sans collision,,,,,,,,,,,1,1,1,1.0,7.0
201800015509,0018-04-30 18:00:00,18,4,30,18,0,290,146,RN 165 P.K 26+600,47.91289,-3.84199,Plein jour,Hors agglomération,Hors intersection,Normale,Autre collision,,,,,,,,,,,1,1,1,1.0,6.0
201800015510,0018-05-18 14:35:00,18,5,18,14,35,290,241,rue de scaer,47.96229,-3.81132,Plein jour,En agglomération,Autre intersection,Normale,Deux véhicules - côté,,,,,,,,,,,1,2,9,1.0,3.0
201800015511,0018-07-06 11:30:00,18,7,6,11,30,290,241,8 rue de la résistance,47.95463,-3.8291,Plein jour,En agglomération,Hors intersection,Normale,Autre collision,,,,,,,,,,,1,2,1,1.0,6.0
201800015512,0018-08-06 18:00:00,18,8,6,18,0,290,146,Luzuen,47.88888,-3.78793,Plein jour,Hors agglomération,Hors intersection,Normale,Autre collision,,,,,,,,,,,1,1,1,1.0,6.0