accident_id,datetime,annee,mois,jour,heure,minute,departement,commune_insee,adresse,latitude,longitude,luminosite,agglomeration,intersection,meteo,collision,nb_vehicules,nb_usagers,nb_indemnes,nb_tues,nb_blesses_hosp,nb_blesses_legers,age_cond_1,age_cond_2,veh_type_cond_1,veh_type_cond_2,lum_code,agg_code,int_code,atm_code,col_code
201800015633,0018-12-27 22:00:00,18,12,27,22,0,350,38,Lieu dit Le Bon Abri,48.10504,-1.05568,Nuit sans éclairage public,Hors agglomération,Intersection en T,Brouillard / fumée,Autre collision,,,,,,,,,,,3,1,3,5.0,6.0
201800015634,0018-02-12 16:50:00,18,2,12,16,50,350,68,7 rue de la goulgatière,48.10349,-1.41627,Plein jour,En agglomération,Hors intersection,Normale,Autre collision,,,,,,,,,,,1,2,1,1.0,6.0
201800015635,0018-04-08 15:40:00,18,4,8,15,40,350,209,D34,48.05972,-1.45106,Plein jour,Hors agglomération,Intersection en X,Pluie légère,Deux véhicules - côté,,,,,,,,,,,1,1,2,2.0,3.0
201800015636,0018-04-11 18:00:00,18,4,11,18,0,350,69,Les Courtrais,48.02813,-1.50546,Plein jour,Hors agglomération,Intersection en T,Normale,Deux véhicules - côté,,,,,,,,,,,1,1,3,1.0,3.0
201800015637,0018-06-20 04:40:00,18,6,20,4,40,350,327,la pie morais,48.1252,-1.47293,Nuit sans éclairage public,Hors agglomération,Hors intersection,Normale,Autre collision,,,,,,,,,,,3,1,1,1.0,6.0
201800015638,0018-06-24 13:00:00,18,6,24,13,0,350,327,RN 157 PK 33,48.10354,-1.4635,Plein jour,Hors agglomération,Hors intersection,Normale,Autre collision,,,,,,,,,,,1,1,1,1.0,6.0
201800015639,0018-06-29 09:00:00,18,6,29,9,0,350,204,la maison neuve,48.0453,-1.56856,Plein jour,Hors agglomération,Intersection en T,Normale,Deux véhicules - côté,,,,,,,,,,,1,1,3,1.0,3.0
201800015640,0018-07-05 15:15:00,18,7,5,15,15,350,69,Intersection D463 et D32,48.03755,-1.49295,Plein jour,Hors agglomération,Autre intersection,Normale,Deux véhicules - arrière,,,,,,,,,,,1,1,9,1.0,2.0
201800015641,0018-07-13 20:45:00,18,7,13,20,45,350,207,rond point,48.11155,-1.52748,Plein jour,En agglomération,Giratoire,Normale,Autre collision,,,,,,,,,,,1,2,6,1.0,6.0
201800015642,0018-09-11 14:30:00,18,9,11,14,30,350,68,Route Départementale 33,48.10294,-1.40129,Plein jour,En agglomération,Intersection en X,Normale,Deux véhicules - côté,,,,,,,,,,,1,2,2,1.0,3.0
201800015643,0018-10-22 21:25:00,18,10,22,21,25,350,204,lieu dit l'éclosel,48.04443,-1.56273,Nuit sans éclairage public,Hors agglomération,Intersection en X,Normale,Deux véhicules - côté,,,,,,,,,,,3,1,2,1.0,3.0
201800015644,0018-11-19 09:15:00,18,11,19,9,15,350,207,RN 157 - PK 37+710,48.10822,-1.52425,Plein jour,Hors agglomération,Hors intersection,Normale,Trois véhicules et plus - en chaîne,,,,,,,,,,,1,1,1,1.0,4.0
201800015645,0018-12-18 17:15:00,18,12,18,17,15,350,68,3 rue de bel air,48.1075,-1.40445,Nuit avec éclairage allumé,En agglomération,Hors intersection,Pluie forte,Autre collision,,,,,,,,,,,5,2,1,3.0,6.0
201800015646,0018-12-22 18:30:00,18,12,22,18,30,350,207,Route Nationale 157 - PK,48.11309,-1.54693,Nuit sans éclairage public,Hors agglomération,Hors intersection,Normale,Trois véhicules et plus - en chaîne,,,,,,,,,,,3,1,1,1.0,4.0
201800015647,0018-01-13 18:20:00,18,1,13,18,20,440,45,la croix de bauche,47.29746,-1.83494,Nuit sans éclairage public,Hors agglomération,Hors intersection,Normale,Deux véhicules - frontale,,,,,,,,,,,3,1,1,1.0,1.0
201800015648,0018-01-27 01:30:00,18,1,27,1,30,440,158,route du temple,47.28201,-1.78451,Nuit avec éclairage allumé,En agglomération,Hors intersection,Autre,Sans collision,,,,,,,,,,,5,2,1,9.0,7.0
201800015649,0018-01-27 14:15:00,18,1,27,14,15,440,158,la soudenais,47.29331,-1.76065,Plein jour,Hors agglomération,Intersection en T,Normale,Deux véhicules - côté,,,,,,,,,,,1,1,3,1.0,3.0
201800015650,0018-03-26 13:45:00,18,3,26,13,45,440,158,le Bois Alix,47.28272,-1.80222,Plein jour,Hors agglomération,Hors intersection,Normale,Deux véhicules - côté,,,,,,,,,,,1,1,1,1.0,3.0
201800015651,0018-03-27 07:45:00,18,3,27,7,45,440,217,la haymionnière,47.32206,-1.75131,Plein jour,Hors agglomération,Intersection en X,Pluie légère,Deux véhicules - côté,,,,,,,,,,,1,1,2,2.0,3.0
201800015652,0018-09-07 07:20:00,18,9,7,7,20,440,45,bel air,47.31808,-1.77896,Crépuscule ou aube,Hors agglomération,Hors intersection,Normale,Autre collision,,,,,,,,,,,2,1,1,1.0,6.0
201800015653,0018-11-13 11:10:00,18,11,13,11,10,440,158,rue de la Paix,47.27566,-1.78108,Plein jour,En agglomération,Hors intersection,Normale,Autre collision,,,,,,,,,,,1,2,1,1.0,6.0
201800015654,0018-01-17 18:15:00,18,1,17,18,15,440,17,La Fontaine Marie,47.5232,-1.26536,Nuit sans éclairage public,Hors agglomération,Hors intersection,Normale,Deux véhicules - frontale,,,,,,,,,,,3,1,1,1.0,1.0
201800015655,0018-01-24 04:45:00,18,1,24,4,45,440,191,Lieu dit La Gérardière,47.573,-1.19042,Nuit avec éclairage allumé,Hors agglomération,Intersection en Y,Pluie légère,Autre collision,,,,,,,,,,,5,1,4,2.0,6.0
201800015656,0018-01-26 07:20:00,18,1,26,7,20,440,213,RD 752,47.37717,-1.02159,Nuit sans éclairage public,Hors agglomération,Hors intersection,Normale,Autre collision,,,,,,,,,,,3,1,1,1.0,6.0
201800015657,0018-03-17 16:15:00,18,3,17,16,15,440,3,Le Moulin de la Guère,47.38901,-1.19947,Plein jour,Hors agglomération,Hors intersection,Pluie légère,Deux véhicules - côté,,,,,,,,,,,1,1,1,2.0,3.0
201800015658,0018-04-04 19:39:00,18,4,4,19,39,440,4,La Barbinière,47.38398,-1.10635,Plein jour,Hors agglomération,Intersection en T,Normale,Deux véhicules - frontale,,,,,,,,,,,1,1,3,1.0,1.0
201800015659,0018-04-22 14:25:00,18,4,22,14,25,440,160,bd de l'atlantique,47.37062,-1.20943,Plein jour,En agglomération,Autre intersection,Normale,Autre collision,,,,,,,,,,,1,2,9,1.0,6.0
201800015660,0018-04-19 04:40:00,18,4,19,4,40,440,191,lieu dit La Bohinière,47.55347,-1.18554,Nuit sans éclairage public,Hors agglomération,Hors intersection,Normale,Autre collision,,,,,,,,,,,3,1,1,1.0,6.0
201800015661,0018-05-18 17:30:00,18,5,18,17,30,440,180,avenue alexandre BRAUD,47.52194,-1.18448,Plein jour,En agglomération,Hors intersection,Normale,Autre collision,,,,,,,,,,,1,2,1,1.0,6.0
201800015662,0018-09-01 21:45:00,18,9,1,21,45,440,163,rue de versailles,47.40064,-1.09755,Nuit avec éclairage allumé,En agglomération,Autre intersection,Normale,Deux véhicules - côté,,,,,,,,,,,5,2,9,1.0,3.0
201800015663,0018-09-29 16:20:00,18,9,29,16,20,440,96,les lionnais,47.41801,-1.28772,Plein jour,Hors agglomération,Hors intersection,Normale,Deux véhicules - frontale,,,,,,,,,,,1,1,1,1.0,1.0
201800015664,0018-11-04 02:30:00,18,11,4,2,30,440,11,beau soleil,47.4785,-1.0398,Nuit sans éclairage public,Hors agglomération,Intersection en T,Normale,Deux véhicules - côté,,,,,,,,,,,3,1,3,1.0,3.0
201800015665,0018-11-30 16:50:00,18,11,30,16,50,440,3,rond point Pierre George,47.41021,-1.18958,Plein jour,Hors agglomération,Giratoire,Pluie légère,Deux véhicules - arrière,,,,,,,,,,,1,1,6,2.0,2.0
201800015666,0018-12-21 08:15:00,18,12,21,8,15,440,163,la filiere,47.39553,-1.07186,Crépuscule ou aube,Hors agglomération,Hors intersection,Pluie forte,Deux véhicules - côté,,,,,,,,,,,2,1,1,3.0,3.0
201800015667,0018-12-19 19:30:00,18,12,19,19,30,440,96,Lieu dit les Grands Mont,47.40555,-1.21642,Nuit sans éclairage public,Hors agglomération,Hors intersection,Pluie légère,Deux véhicules - arrière,,,,,,,,,,,3,1,1,2.0,2.0
201800015668,0018-01-10 07:00:00,18,1,10,7,0,440,48,LA PICHODIERE,47.37933,-1.25564,Crépuscule ou aube,Hors agglomération,Intersection en X,Pluie légère,Sans collision,,,,,,,,,,,2,1,2,2.0,7.0
201800015669,0018-03-25 17:30:00,18,3,25,17,30,440,28,lieu dit la Robinière,47.33457,-1.36277,Plein jour,Hors agglomération,Hors intersection,Normale,Deux véhicules - frontale,,,,,,,,,,,1,1,1,1.0,1.0
201800015670,0018-04-06 06:35:00,18,4,6,6,35,440,82,Le jarrier,47.41838,-1.3602,Nuit sans éclairage public,Hors agglomération,Intersection en T,Normale,Deux véhicules - frontale,,,,,,,,,,,3,1,3,1.0,1.0
201800015671,0018-04-24 15:30:00,18,4,24,15,30,440,82,route départementale 9,47.39184,-1.3876,Plein jour,Hors agglomération,Hors intersection,Normale,Deux véhicules - frontale,,,,,,,,,,,1,1,1,1.0,1.0
201800015672,0018-06-23 22:55:00,18,6,23,22,55,440,115,Lieu-dit croix rouge,47.35302,-1.27019,Nuit sans éclairage public,Hors agglomération,Hors intersection,Normale,Deux véhicules - côté,,,,,,,,,,,3,1,1,1.0,3.0
201800015673,0018-08-19 11:25:00,18,8,19,11,25,440,144,rue de bretagne,47.5202,-1.29767,Plein jour,En agglomération,Giratoire,Normale,Deux véhicules - côté,,,,,,,,,,,1,2,6,1.0,3.0
201800015674,0018-09-13 18:00:00,18,9,13,18,0,440,82,Avenue des Frênes,47.41177,-1.37802,Plein jour,En agglomération,Hors intersection,Normale,Autre collision,,,,,,,,,,,1,2,1,1.0,6.0
201800015675,0018-09-27 19:45:00,18,9,27,19,45,440,144,la fontaine minérale,47.50693,-1.31007,Crépuscule ou aube,Hors agglomération,Hors intersection,Normale,Autre collision,,,,,,,,,,,2,1,1,1.0,6.0
201800015676,0018-09-30 07:40:00,18,9,30,7,40,440,77,la roche,47.51878,-1.45718,Crépuscule ou aube,Hors agglomération,Hors intersection,Normale,Sans collision,,,,,,,,,,,2,1,1,1.0,7.0
201800015677,0018-12-06 08:00:00,18,12,6,8,0,440,28,La Joie,47.34018,-1.34943,Nuit avec éclairage allumé,Hors agglomération,Giratoire,Pluie légère,Autre collision,,,,,,,,,,,5,1,6,2.0,6.0
201800015678,0018-04-07 19:05:00,18,4,7,19,5,440,170,fresnais,47.64552,-1.25188,Crépuscule ou aube,Hors agglomération,Autre intersection,Pluie forte,Sans collision,,,,,,,,,,,2,1,9,3.0,7.0
201800015679,0018-05-19 01:30:00,18,5,19,1,30,440,99,INTERSECTION CD 40- CD 1,47.66873,-1.32631,Nuit sans éclairage public,Hors agglomération,Intersection en X,Normale,Deux véhicules - côté,,,,,,,,,,,3,1,2,1.0,3.0
201800015680,0018-06-12 04:45:00,18,6,12,4,45,440,85,LA TRESLAIS,47.6835,-1.40651,Nuit sans éclairage public,Hors agglomération,Hors intersection,Normale,Deux véhicules - frontale,,,,,,,,,,,3,1,1,1.0,1.0
201800015681,0018-07-01 18:50:00,18,7,1,18,50,440,112,Place des marronniers,47.77628,-1.34587,Plein jour,En agglomération,Place,Normale,Sans collision,,,,,,,,,,,1,2,7,1.0,7.0
201800015682,0018-09-22 06:15:00,18,9,22,6,15,440,153,Le Val Marie - RD 771,47.6951,-1.41707,Nuit sans éclairage public,Hors agglomération,Hors intersection,Normale,Autre collision,,,,,,,,,,,3,1,1,1.0,6.0
201800015683,0018-09-29 20:45:00,18,9,29,20,45,440,112,Le Grand Sauzay,47.7695,-1.35483,Nuit sans éclairage public,Hors agglomération,Hors intersection,Normale,Autre collision,,,,,,,,,,,3,1,1,1.0,6.0
201800015684,0018-12-01 00:45:00,18,12,1,0,45,440,54,Le Hadet,47.66634,-1.29689,Nuit sans éclairage public,Hors agglomération,Hors intersection,Normale,Autre collision,,,,,,,,,,,3,1,1,1.0,6.0
201800015685,0018-11-22 21:00:00,18,11,22,21,0,440,153,"Lieu-dit ""La Chapelle""",47.69015,-1.50832,Nuit sans éclairage public,Hors agglomération,Intersection en X,Pluie légère,Deux véhicules - côté,,,,,,,,,,,3,1,2,2.0,3.0
201800015686,0018-01-04 07:50:00,18,1,4,7,50,440,62,D15 - foret du GAVRE,47.51995,-1.8033,Nuit sans éclairage public,Hors agglomération,Hors intersection,Pluie légère,Deux véhicules - arrière,,,,,,,,,,,3,1,1,2.0,2.0
201800015687,0018-03-31 21:30:00,18,3,31,21,30,440,185,AVENUE JEAN BUREL,47.64808,-2.08351,Nuit avec éclairage allumé,En agglomération,Hors intersection,Temps couvert,Autre collision,,,,,,,,,,,5,2,1,8.0,6.0
201800015688,0018-04-12 08:15:00,18,4,12,8,15,440,23,Lieu-dit malabry,47.44036,-1.91551,Plein jour,Hors agglomération,Hors intersection,Normale,Sans collision,,,,,,,,,,,1,1,1,1.0,7.0
201800015689,0018-05-03 18:15:00,18,5,3,18,15,440,44,La butte des Fougères,47.6643,-1.79417,Plein jour,Hors agglomération,Intersection en X,Normale,Deux véhicules - côté,,,,,,,,,,,1,1,2,1.0,3.0
201800015690,0018-05-05 23:00:00,18,5,5,23,0,440,56,LA RIDELAIS,47.41573,-1.82575,Nuit sans éclairage public,Hors agglomération,Hors intersection,Normale,Autre collision,,,,,,,,,,,3,1,1,1.0,6.0
201800015691,0018-06-05 15:50:00,18,6,5,15,50,440,56,le gué géraud,47.4116,-1.7672,Plein jour,Hors agglomération,Hors intersection,Normale,Autre collision,,,,,,,,,,,1,1,1,1.0,6.0
201800015692,0018-07-06 19:20:00,18,7,6,19,20,440,57,étang aumée,47.60315,-2.06124,Plein jour,Hors agglomération,Place,Normale,Autre collision,,,,,,,,,,,1,1,7,1.0,6.0
201800015693,0018-07-30 08:45:00,18,7,30,8,45,440,15,Lieu dit Le Terrier,47.46964,-1.73047,Plein jour,Hors agglomération,Autre intersection,Pluie légère,Autre collision,,,,,,,,,,,1,1,9,2.0,6.0
201800015694,0018-08-15 19:15:00,18,8,15,19,15,440,67,TREFOUX,47.615,-1.82236,Plein jour,Hors agglomération,Hors intersection,Temps éblouissant,Deux véhicules - frontale,,,,,,,,,,,1,1,1,7.0,1.0
201800015695,0018-08-29 16:24:00,18,8,29,16,24,440,128,rue michel manoll,47.54157,-1.8872,Plein jour,En agglomération,Hors intersection,Normale,Autre collision,,,,,,,,,,,1,2,1,1.0,6.0
201800015696,0018-09-12 07:15:00,18,9,12,7,15,440,57,le pont de trouhel,47.57815,-2.07744,Crépuscule ou aube,Hors agglomération,Hors intersection,Normale,Autre collision,,,,,,,,,,,2,1,1,1.0,6.0
201800015697,0018-03-22 21:00:00,18,3,22,21,0,440,131,RD 751 Lieu dit La Noé d,47.11176,-2.01776,Nuit sans éclairage public,Hors agglomération,Hors intersection,Normale,Deux véhicules - côté,,,,,,,,,,,3,1,1,1.0,3.0
201800015698,0018-06-05 03:10:00,18,6,5,3,10,440,131,Lieudit marais mainguy,47.11163,-2.00385,Nuit sans éclairage public,Hors agglomération,Hors intersection,Brouillard / fumée,Deux véhicules - frontale,,,,,,,,,,,3,1,1,5.0,1.0
201800015699,0018-06-19 19:00:00,18,6,19,19,0,440,131,31 rue de la bernerie,47.11091,-2.08899,Plein jour,En agglomération,Intersection en X,Normale,Deux véhicules - côté,,,,,,,,,,,1,2,2,1.0,3.0
201800015700,0018-07-08 11:30:00,18,7,8,11,30,440,131,corniche du porteau,47.11215,-2.13964,Plein jour,En agglomération,Hors intersection,Normale,Autre collision,,,,,,,,,,,1,2,1,1.0,6.0
201800015701,0018-09-29 18:45:00,18,9,29,18,45,440,131,6 LIEU-DIT LA HOURSERIE,47.13218,-2.04941,Plein jour,En agglomération,Hors intersection,Normale,Deux véhicules - frontale,,,,,,,,,,,1,2,1,1.0,1.0
201800015702,0018-09-30 14:40:00,18,9,30,14,40,440,21,Lieudit La Croix Blanche,47.069,-1.90481,Plein jour,Hors agglomération,Hors intersection,Normale,Autre collision,,,,,,,,,,,1,1,1,1.0,6.0
201800015703,0018-10-31 18:45:00,18,10,31,18,45,440,21,RD13,47.01961,-1.86858,Nuit sans éclairage public,Hors agglomération,Hors intersection,Normale,Deux véhicules - frontale,,,,,,,,,,,3,1,1,1.0,1.0
201800015704,0018-11-03 15:50:00,18,11,3,15,50,440,131,Rue de la fontaines aux,47.10574,-2.07174,Plein jour,En agglomération,Intersection en T,Normale,Deux véhicules - côté,,,,,,,,,,,1,2,3,1.0,3.0
201800015705,0018-01-10 08:55:00,18,1,10,8,55,440,87,bd Gabriel RELIQUET,46.99671,-1.8169,Plein jour,En agglomération,Giratoire,Pluie légère,Deux véhicules - côté,,,,,,,,,,,1,2,6,2.0,3.0
201800015706,0018-03-14 09:30:00,18,3,14,9,30,440,119,Rue de la Motte Noire,46.96251,-1.7534,Plein jour,En agglomération,Hors intersection,Normale,Autre collision,,,,,,,,,,,1,2,1,1.0,6.0
201800015707,0018-03-23 09:00:00,18,3,23,9,0,440,87,Boulevard des Prises,46.99681,-1.8153,Plein jour,En agglomération,Giratoire,Pluie légère,Deux véhicules - côté,,,,,,,,,,,1,2,6,2.0,3.0
201800015708,0018-03-30 14:50:00,18,3,30,14,50,440,220,le pigeonnier,47.20021,-1.90018,Plein jour,Hors agglomération,Intersection en T,Normale,Deux véhicules - arrière,,,,,,,,,,,1,1,3,1.0,2.0
201800015709,0018-05-11 12:15:00,18,5,11,12,15,440,119,lieudit Thibaudière,46.93324,-1.78926,Plein jour,Hors agglomération,Hors intersection,Normale,Deux véhicules - côté,,,,,,,,,,,1,1,1,1.0,3.0
201800015710,0018-05-19 12:25:00,18,5,19,12,25,440,119,D117,46.99388,-1.7551,Plein jour,Hors agglomération,Intersection en T,Normale,Deux véhicules - côté,,,,,,,,,,,1,1,3,1.0,3.0
201800015711,0018-06-26 08:30:00,18,6,26,8,30,440,119,lieu-dit beauséjour,46.99299,-1.7647,Plein jour,Hors agglomération,Intersection en T,Temps éblouissant,Deux véhicules - frontale,,,,,,,,,,,1,1,3,7.0,1.0
201800015712,0018-06-25 16:30:00,18,6,25,16,30,440,87,D 117 - la haute folie,46.9929,-1.76523,Plein jour,Hors agglomération,Hors intersection,Normale,Deux véhicules - frontale,,,,,,,,,,,1,1,1,1.0,1.0
201800015713,0018-06-25 18:15:00,18,6,25,18,15,440,220,D 723 - tartifume,47.19955,-1.86255,Plein jour,Hors agglomération,Hors intersection,Normale,Trois véhicules et plus - collisions multiples,,,,,,,,,,,1,1,1,1.0,5.0
201800015714,0018-07-10 10:30:00,18,7,10,10,30,440,186,Lieu Dit la Crois Morton,47.08188,-1.83103,Plein jour,Hors agglomération,Hors intersection,Normale,Deux véhicules - frontale,,,,,,,,,,,1,1,1,1.0,1.0
201800015715,0018-07-04 16:40:00,18,7,4,16,40,440,220,la morissais,47.20533,-1.91071,Plein jour,Hors agglomération,Hors intersection,Normale,Deux véhicules - côté,,,,,,,,,,,1,1,1,1.0,3.0
201800015716,0018-07-13 17:55:00,18,7,13,17,55,440,186,Rue de l'Hotel de ville,47.10352,-1.81052,Plein jour,En agglomération,Hors intersection,Normale,Deux véhicules - arrière,,,,,,,,,,,1,2,1,1.0,2.0
201800015717,0018-08-01 18:20:00,18,8,1,18,20,440,133,D64 la jutière,47.1383,-1.74205,Plein jour,Hors agglomération,Hors intersection,Normale,Deux véhicules - frontale,,,,,,,,,,,1,1,1,1.0,1.0
201800015718,0018-09-07 19:35:00,18,9,7,19,35,440,186,RUE DE L'AUDITOIRE,47.10349,-1.8068,Crépuscule ou aube,En agglomération,Intersection en T,Temps éblouissant,Deux véhicules - côté,,,,,,,,,,,2,2,3,7.0,3.0
201800015719,0018-09-09 18:15:00,18,9,9,18,15,440,145,RD 723,47.17801,-1.8715,Plein jour,Hors agglomération,Hors intersection,Normale,Trois véhicules et plus - en chaîne,,,,,,,,,,,1,1,1,1.0,4.0
201800015720,0018-09-21 07:20:00,18,9,21,7,20,440,133,Lieu-dit la paternière -,47.13269,-1.7985,Crépuscule ou aube,Hors agglomération,Intersection en X,Pluie légère,Deux véhicules - côté,,,,,,,,,,,2,1,2,2.0,3.0
201800015721,0018-09-25 19:00:00,18,9,25,19,0,440,87,le chene semé,47.0423,-1.81449,Plein jour,Hors agglomération,Hors intersection,Normale,Trois véhicules et plus - collisions multiples,,,,,,,,,,,1,1,1,1.0,5.0
201800015722,0018-12-23 08:00:00,18,12,23,8,0,440,133,D758 PK 2+800,47.11209,-1.77978,Nuit sans éclairage public,Hors agglomération,Hors intersection,Temps couvert,Deux véhicules - arrière,,,,,,,,,,,3,1,1,8.0,2.0
201800015723,0018-01-31 11:45:00,18,1,31,11,45,440,154,rond point de santomera,47.23872,-2.16881,Plein jour,En agglomération,Giratoire,Pluie légère,Deux véhicules - côté,,,,,,,,,,,1,2,6,2.0,3.0
201800015724,0018-02-23 16:30:00,18,2,23,16,30,440,154,rue du fief,47.23486,-2.15901,Plein jour,En agglomération,Giratoire,Normale,Deux véhicules - côté,,,,,,,,,,,1,2,6,1.0,3.0
201800015725,0018-03-17 20:05:00,18,3,17,20,5,440,154,rue des etangs,47.22576,-2.15556,Nuit avec éclairage allumé,En agglomération,Autre intersection,Normale,Deux véhicules - côté,,,,,,,,,,,5,2,9,1.0,3.0
201800015726,0018-03-31 17:10:00,18,3,31,17,10,440,46,rue du chatelais,47.24585,-2.13518,Plein jour,Hors agglomération,Intersection en T,Normale,Deux véhicules - côté,,,,,,,,,,,1,1,3,1.0,3.0
201800015727,0018-06-05 05:05:00,18,6,5,5,5,440,46,le fossiais,47.26757,-2.11161,Nuit sans éclairage public,Hors agglomération,Intersection en Y,Brouillard / fumée,Deux véhicules - côté,,,,,,,,,,,3,1,4,5.0,3.0
201800015728,0018-06-26 16:38:00,18,6,26,16,38,440,116,Rue de Bel Air,47.28685,-2.03327,Plein jour,En agglomération,Hors intersection,Normale,Sans collision,,,,,,,,,,,1,2,1,1.0,7.0
201800015729,0018-07-23 06:50:00,18,7,23,6,50,440,38,RD 97 - L'AIGUILLON,47.18145,-2.05085,Plein jour,Hors agglomération,Intersection en T,Normale,Autre collision,,,,,,,,,,,1,1,3,1.0,6.0
201800015730,0018-09-06 09:00:00,18,9,6,9,0,440,46,D77 lieu dit les moisans,47.27311,-2.0914,Plein jour,Hors agglomération,Hors intersection,Temps couvert,Deux véhicules - frontale,,,,,,,,,,,1,1,1,8.0,1.0
201800015731,0018-09-09 17:30:00,18,9,9,17,30,440,182,Avenue Ernest Chevrier,47.16492,-2.16409,Plein jour,En agglomération,Hors intersection,Normale,Autre collision,,,,,,,,,,,1,2,1,1.0,6.0
201800015732,0018-11-13 07:52:00,18,11,13,7,52,440,182,route de la plaine,47.16528,-2.15226,Nuit avec éclairage non allumé,En agglomération,Hors intersection,Normale,Autre collision,,,,,,,,,,,4,2,1,1.0,6.0
201800015733,0018-11-29 15:40:00,18,11,29,15,40,440,182,rd pt ROUTE DE LA PLAINE,47.16975,-2.14862,Plein jour,En agglomération,Giratoire,Normale,Autre collision,,,,,,,,,,,1,2,6,1.0,6.0
201800015734,0018-01-27 18:20:00,18,1,27,18,20,440,165,D 58,47.06546,-1.31425,Crépuscule ou aube,Hors agglomération,Hors intersection,Normale,Sans collision,,,,,,,,,,,2,1,1,1.0,7.0
201800015735,0018-02-02 16:00:00,18,2,2,16,0,440,14,LES TROIS HERMINES,47.10947,-1.47284,Plein jour,Hors agglomération,Intersection en X,Pluie forte,Deux véhicules - côté,,,,,,,,,,,1,1,2,3.0,3.0
201800015736,0018-04-12 09:00:00,18,4,12,9,0,440,127,carrefour D 257 - D 56,47.01626,-1.43553,Plein jour,Hors agglomération,Intersection en X,Normale,Deux véhicules - côté,,,,,,,,,,,1,1,2,1.0,3.0
201800015737,0018-05-01 09:50:00,18,5,1,9,50,440,102,Lieu dit le landais,47.06877,-1.43411,Plein jour,Hors agglomération,Intersection en T,Temps éblouissant,Deux véhicules - frontale,,,,,,,,,,,1,1,3,7.0,1.0
201800015738,0018-06-20 11:15:00,18,6,20,11,15,440,216,rue d'aigrefeuille sur m,46.97393,-1.43193,Plein jour,En agglomération,Hors intersection,Normale,Autre collision,,,,,,,,,,,1,2,1,1.0,6.0
201800015739,0018-07-01 19:10:00,18,7,1,19,10,440,88,La grenouillère,47.11768,-1.38802,Plein jour,Hors agglomération,Hors intersection,Normale,Deux véhicules - arrière,,,,,,,,,,,1,1,1,1.0,2.0
201800015740,0018-07-17 20:05:00,18,7,17,20,5,440,22,lieu dit la peltière,47.04741,-1.14707,Plein jour,Hors agglomération,Hors intersection,Normale,Autre collision,,,,,,,,,,,1,1,1,1.0,6.0
201800015741,0018-07-19 23:15:00,18,7,19,23,15,440,223,23 avenue de la vendée,47.05119,-1.50922,Nuit avec éclairage allumé,En agglomération,Hors intersection,Pluie légère,Autre collision,,,,,,,,,,,5,2,1,2.0,6.0
201800015742,0018-07-20 09:13:00,18,7,20,9,13,440,43,Route de St Lumine,47.09058,-1.29204,Plein jour,En agglomération,Hors intersection,Normale,Autre collision,,,,,,,,,,,1,2,1,1.0,6.0
201800015743,0018-07-20 19:20:00,18,7,20,19,20,440,223,rue de la grange à l'abb,47.04724,-1.50835,Plein jour,Hors agglomération,Intersection en X,Normale,Autre collision,,,,,,,,,,,1,1,2,1.0,6.0
201800015744,0018-09-09 20:25:00,18,9,9,20,25,440,2,Avenue de Nantes,47.0809,-1.41119,Plein jour,En agglomération,Giratoire,Normale,Deux véhicules - côté,,,,,,,,,,,1,2,6,1.0,3.0
201800015745,0018-09-11 18:40:00,18,9,11,18,40,440,14,Lieu dit Le landais,47.09823,-1.53269,Plein jour,Hors agglomération,Hors intersection,Temps éblouissant,Deux véhicules - frontale,,,,,,,,,,,1,1,1,7.0,1.0
201800015746,0018-09-15 22:10:00,18,9,15,22,10,440,223,place george gaudet,47.05568,-1.51247,Nuit avec éclairage allumé,En agglomération,Intersection en X,Normale,Deux véhicules - côté,,,,,,,,,,,5,2,2,1.0,3.0
201800015747,0018-09-22 18:50:00,18,9,22,18,50,440,223,Lieudit la Noé Grivaud,47.05768,-1.51392,Plein jour,Hors agglomération,Hors intersection,Pluie légère,Deux véhicules - frontale,,,,,,,,,,,1,1,1,2.0,1.0
201800015748,0018-09-24 18:45:00,18,9,24,18,45,440,43,pont de nid d'oie,47.09036,-1.2822,Plein jour,En agglomération,Hors intersection,Normale,Deux véhicules - côté,,,,,,,,,,,1,2,1,1.0,3.0
201800015749,0018-09-28 18:00:00,18,9,28,18,0,440,43,rue angevine,47.10864,-1.24399,Plein jour,En agglomération,Intersection en X,Normale,Deux véhicules - côté,,,,,,,,,,,1,2,2,1.0,3.0
201800015750,0018-10-01 07:10:00,18,10,1,7,10,440,64,Intersection RD 763 - RD,47.10824,-1.28083,Nuit sans éclairage public,Hors agglomération,Intersection en Y,Normale,Deux véhicules - côté,,,,,,,,,,,3,1,4,1.0,3.0
201800015751,0018-10-09 13:10:00,18,10,9,13,10,440,43,Route de Cugand D763,47.08475,-1.282,Plein jour,En agglomération,Hors intersection,Normale,Deux véhicules - côté,,,,,,,,,,,1,2,1,1.0,3.0