accident_id,datetime,annee,mois,jour,heure,minute,departement,commune_insee,adresse,latitude,longitude,luminosite,agglomeration,intersection,meteo,collision,nb_vehicules,nb_usagers,nb_indemnes,nb_tues,nb_blesses_hosp,nb_blesses_legers,age_cond_1,age_cond_2,veh_type_cond_1,veh_type_cond_2,lum_code,agg_code,int_code,atm_code,col_code
201800015752,0018-10-17 08:25:00,18,10,17,8,25,440,2,la basse chaise,47.06726,-1.39143,Plein jour,Hors agglomération,Intersection en T,Brouillard / fumée,Deux véhicules - côté,,,,,,,,,,,1,1,3,5.0,3.0
201800015753,0018-11-16 10:46:00,18,11,16,10,46,440,43,Avenue du général lecler,47.08497,-1.2822,Plein jour,En agglomération,Hors intersection,Normale,Autre collision,,,,,,,,,,,1,2,1,1.0,6.0
201800015754,0018-11-23 22:30:00,18,11,23,22,30,440,14,d57,47.12259,-1.50887,Nuit sans éclairage public,Hors agglomération,Hors intersection,Pluie légère,Deux véhicules - arrière,,,,,,,,,,,3,1,1,2.0,2.0
201800015755,0018-11-29 03:30:00,18,11,29,3,30,440,64,7 Lieu dit La Poiteviniè,47.11762,-1.30714,Nuit sans éclairage public,Hors agglomération,Hors intersection,Pluie légère,Autre collision,,,,,,,,,,,3,1,1,2.0,6.0
201800015756,0018-03-22 01:45:00,18,3,22,1,45,440,70,RN 249,47.16219,-1.36535,Nuit sans éclairage public,Hors agglomération,Hors intersection,Normale,Autre collision,,,,,,,,,,,3,1,1,1.0,6.0
201800015757,0018-03-31 19:20:00,18,3,31,19,20,440,117,ZI Les Petits Primeaux,47.15162,-1.36426,Plein jour,Hors agglomération,Hors intersection,Normale,Autre collision,,,,,,,,,,,1,1,1,1.0,6.0
201800015758,0018-04-01 09:45:00,18,4,1,9,45,440,79,route des moulins - D307,47.2081,-1.31495,Plein jour,Hors agglomération,Hors intersection,Normale,Deux véhicules - arrière,,,,,,,,,,,1,1,1,1.0,2.0
201800015759,0018-07-01 22:08:00,18,7,1,22,8,440,169,le pré chauveau - D 37,47.24683,-1.40585,Crépuscule ou aube,Hors agglomération,Hors intersection,Normale,Sans collision,,,,,,,,,,,2,1,1,1.0,7.0
201800015760,0018-07-15 20:00:00,18,7,15,20,0,440,108,les quatre chemins,47.12631,-1.28158,Plein jour,Hors agglomération,Giratoire,Normale,Sans collision,,,,,,,,,,,1,1,6,1.0,7.0
201800015761,0018-12-21 08:45:00,18,12,21,8,45,440,108,ZI les quatre chemins,47.12582,-1.28158,Crépuscule ou aube,Hors agglomération,Hors intersection,Pluie forte,Deux véhicules - côté,,,,,,,,,,,2,1,1,3.0,3.0
201800015762,0018-02-03 01:15:00,18,2,3,1,15,440,130,rue des 3 moulins,47.15081,-1.56014,Nuit sans éclairage public,Hors agglomération,Hors intersection,Normale,Deux véhicules - frontale,,,,,,,,,,,3,1,1,1.0,1.0
201800015763,0018-03-18 18:55:00,18,3,18,18,55,440,166,rue de la Prinze,47.18997,-1.71857,Plein jour,Hors agglomération,Hors intersection,Normale,Sans collision,,,,,,,,,,,1,1,1,1.0,7.0
201800015764,0018-04-09 14:00:00,18,4,9,14,0,440,171,La haute galerie,47.13715,-1.71881,Plein jour,Hors agglomération,Hors intersection,Normale,Deux véhicules - frontale,,,,,,,,,,,1,1,1,1.0,1.0
201800015765,0018-04-12 12:00:00,18,4,12,12,0,440,171,Lieudit la haute galerie,47.13919,-1.7182,Plein jour,Hors agglomération,Hors intersection,Normale,Deux véhicules - arrière,,,,,,,,,,,1,1,1,1.0,2.0
201800015766,0018-05-09 01:12:00,18,5,9,1,12,440,150,12 route de la paillerie,47.14017,-1.61363,Nuit sans éclairage public,En agglomération,Hors intersection,Normale,Autre collision,,,,,,,,,,,3,2,1,1.0,6.0
201800015767,0018-07-13 17:47:00,18,7,13,17,47,440,24,rue du petit pesle,47.15925,-1.73269,Plein jour,Hors agglomération,Hors intersection,Temps éblouissant,Autre collision,,,,,,,,,,,1,1,1,7.0,6.0
201800015768,0018-07-31 08:30:00,18,7,31,8,30,440,120,Quai des coteaux,47.2041,-1.76115,Plein jour,En agglomération,Intersection en T,Normale,Deux véhicules - côté,,,,,,,,,,,1,2,3,1.0,3.0
201800015769,0018-09-22 15:45:00,18,9,22,15,45,440,130,rd 178,47.10733,-1.54716,Plein jour,Hors agglomération,Hors intersection,Pluie légère,Autre collision,,,,,,,,,,,1,1,1,2.0,6.0
201800015770,0018-09-22 15:30:00,18,9,22,15,30,440,130,D11 - rue du vignoble,47.12079,-1.57007,Plein jour,En agglomération,Hors intersection,Pluie légère,Sans collision,,,,,,,,,,,1,2,1,2.0,7.0
201800015771,0018-10-21 03:00:00,18,10,21,3,0,440,101,rue de la haie d'anchete,47.17828,-1.67453,Nuit sans éclairage public,En agglomération,Hors intersection,Normale,Autre collision,,,,,,,,,,,3,2,1,1.0,6.0
201800015772,0018-10-30 09:45:00,18,10,30,9,45,440,101,rue du cimetière,47.18712,-1.68558,Plein jour,En agglomération,Hors intersection,Temps éblouissant,Autre collision,,,,,,,,,,,1,2,1,7.0,6.0
201800015773,0018-11-08 21:30:00,18,11,8,21,30,440,130,rue du pays de retz,47.12496,-1.60275,Nuit sans éclairage public,Hors agglomération,Hors intersection,Normale,Autre collision,,,,,,,,,,,3,1,1,1.0,6.0
201800015774,0018-11-13 16:30:00,18,11,13,16,30,440,18,15 route des mares,47.15611,-1.68372,Plein jour,En agglomération,Hors intersection,Normale,Autre collision,,,,,,,,,,,1,2,1,1.0,6.0
201800015775,0018-11-30 16:40:00,18,11,30,16,40,440,130,lieu dit la rairie,47.13475,-1.57634,Plein jour,Hors agglomération,Hors intersection,Normale,Deux véhicules - côté,,,,,,,,,,,1,1,1,1.0,3.0
201800015776,0018-01-21 02:15:00,18,1,21,2,15,440,69,route de St-Lyphard - D4,47.34187,-2.33495,Nuit sans éclairage public,Hors agglomération,Hors intersection,Normale,Autre collision,,,,,,,,,,,3,1,1,1.0,6.0
201800015777,0018-02-21 10:00:00,18,2,21,10,0,440,69,RUE DES PEUPLIERS,47.32878,-2.42663,Plein jour,En agglomération,Hors intersection,Normale,Autre collision,,,,,,,,,,,1,2,1,1.0,6.0
201800015778,0018-03-09 17:38:00,18,3,9,17,38,440,69,PETIT POISSEVIN,47.35057,-2.39412,Plein jour,Hors agglomération,Hors intersection,Normale,Deux véhicules - frontale,,,,,,,,,,,1,1,1,1.0,1.0
201800015779,0018-04-15 23:15:00,18,4,15,23,15,440,72,D51 lieu-dit hoscas,47.42272,-2.28435,Nuit sans éclairage public,Hors agglomération,Hors intersection,Normale,Autre collision,,,,,,,,,,,3,1,1,1.0,6.0
201800015780,0018-04-10 10:00:00,18,4,10,10,0,440,69,boulevard du 19Mars 1962,47.3407,-2.42774,Plein jour,En agglomération,Giratoire,Pluie forte,Deux véhicules - côté,,,,,,,,,,,1,2,6,3.0,3.0
201800015781,0018-05-05 02:05:00,18,5,5,2,5,440,69,Rue des Guérets,47.32391,-2.41098,Nuit avec éclairage allumé,En agglomération,Hors intersection,Normale,Autre collision,,,,,,,,,,,5,2,1,1.0,6.0
201800015782,0018-05-08 04:00:00,18,5,8,4,0,440,69,D774,47.31859,-2.42515,Nuit sans éclairage public,Hors agglomération,Hors intersection,Normale,Autre collision,,,,,,,,,,,3,1,1,1.0,6.0
201800015783,0018-06-11 20:30:00,18,6,11,20,30,440,125,port au loup,47.38099,-2.51755,Plein jour,En agglomération,Hors intersection,Pluie forte,Autre collision,,,,,,,,,,,1,2,1,3.0,6.0
201800015784,0018-06-09 09:40:00,18,6,9,9,40,440,211,Boulevard de l'Europe,47.35265,-2.51385,Plein jour,En agglomération,Hors intersection,Normale,Sans collision,,,,,,,,,,,1,2,1,1.0,7.0
201800015785,0018-06-22 18:15:00,18,6,22,18,15,440,183,RD48,47.37551,-2.4129,Plein jour,Hors agglomération,Hors intersection,Normale,Trois véhicules et plus - en chaîne,,,,,,,,,,,1,1,1,1.0,4.0
201800015786,0018-07-07 18:35:00,18,7,7,18,35,440,183,Le Pont Clin,47.38422,-2.43041,Plein jour,Hors agglomération,Hors intersection,Normale,Deux véhicules - frontale,,,,,,,,,,,1,1,1,1.0,1.0
201800015787,0018-07-15 19:30:00,18,7,15,19,30,440,175,D51,47.3877,-2.32446,Plein jour,Hors agglomération,Hors intersection,Normale,Deux véhicules - arrière,,,,,,,,,,,1,1,1,1.0,2.0
201800015788,0018-08-03 18:50:00,18,8,3,18,50,440,69,D 247 route de saint and,47.32507,-2.38697,Plein jour,Hors agglomération,Hors intersection,Normale,Deux véhicules - arrière,,,,,,,,,,,1,1,1,1.0,2.0
201800015789,0018-08-05 14:35:00,18,8,5,14,35,440,151,D47 lieu dit le gros Che,47.33531,-2.3324,Plein jour,Hors agglomération,Hors intersection,Normale,Deux véhicules - frontale,,,,,,,,,,,1,1,1,1.0,1.0
201800015790,0018-08-10 11:40:00,18,8,10,11,40,440,211,D333,47.35186,-2.48904,Plein jour,En agglomération,Hors intersection,Normale,Sans collision,,,,,,,,,,,1,2,1,1.0,7.0
201800015791,0018-08-15 10:50:00,18,8,15,10,50,440,6,12 rue barzin,47.41926,-2.38061,Plein jour,Hors agglomération,Hors intersection,Normale,Sans collision,,,,,,,,,,,1,1,1,1.0,7.0
201800015792,0018-09-03 10:20:00,18,9,3,10,20,440,49,Avenue Aristide Briand,47.28352,-2.50321,Plein jour,En agglomération,Hors intersection,Normale,Deux véhicules - côté,,,,,,,,,,,1,2,1,1.0,3.0
201800015793,0018-09-13 03:00:00,18,9,13,3,0,440,49,Quai Lénigo,47.2978,-2.51478,Nuit sans éclairage public,En agglomération,Hors intersection,Normale,Autre collision,,,,,,,,,,,3,2,1,1.0,6.0
201800015794,0018-10-10 15:15:00,18,10,10,15,15,440,69,D247,47.32507,-2.38697,Plein jour,Hors agglomération,Hors intersection,Pluie légère,Deux véhicules - côté,,,,,,,,,,,1,1,1,2.0,3.0
201800015795,0018-10-16 09:45:00,18,10,16,9,45,440,69,Route de Saint Molf - D2,47.34605,-2.43019,Plein jour,Hors agglomération,Hors intersection,Normale,Autre collision,,,,,,,,,,,1,1,1,1.0,6.0
201800015796,0018-11-03 10:35:00,18,11,3,10,35,440,69,place du 11 novembre,47.33161,-2.42907,Plein jour,En agglomération,Giratoire,Normale,Deux véhicules - côté,,,,,,,,,,,1,2,6,1.0,3.0
201800015797,0018-11-04 07:50:00,18,11,4,7,50,440,72,"D51 - Lieu dit ""KEROUGAS",47.42305,-2.28386,Plein jour,Hors agglomération,Hors intersection,Normale,Sans collision,,,,,,,,,,,1,1,1,1.0,7.0
201800015798,0018-11-06 07:38:00,18,11,6,7,38,440,30,Lieu-dit le Gué de Camer,47.43183,-2.24716,Crépuscule ou aube,Hors agglomération,Intersection en T,Brouillard / fumée,Deux véhicules - côté,,,,,,,,,,,2,1,3,5.0,3.0
201800015799,0018-11-26 16:25:00,18,11,26,16,25,440,69,avenue Anne de Bretagne,47.32744,-2.41613,Plein jour,En agglomération,Giratoire,Temps éblouissant,Autre collision,,,,,,,,,,,1,2,6,7.0,6.0
201800015800,0018-12-12 16:05:00,18,12,12,16,5,440,49,Avenue de Port Val,47.29922,-2.53794,Plein jour,En agglomération,Hors intersection,Temps couvert,Sans collision,,,,,,,,,,,1,2,1,8.0,7.0
201800015801,0018-05-06 08:10:00,18,5,6,8,10,440,13,12 rue du pt de l'angle,47.39309,-2.09849,Plein jour,En agglomération,Hors intersection,Normale,Deux véhicules - frontale,,,,,,,,,,,1,2,1,1.0,1.0
201800015802,0018-05-25 15:10:00,18,5,25,15,10,440,98,Lieu dit Coetquen,47.48004,-2.20813,Plein jour,Hors agglomération,Hors intersection,Pluie légère,Autre collision,,,,,,,,,,,1,1,1,2.0,6.0
201800015803,0018-06-21 12:15:00,18,6,21,12,15,440,129,la foret,47.43362,-2.09523,Plein jour,Hors agglomération,Intersection en X,Normale,Deux véhicules - côté,,,,,,,,,,,1,1,2,1.0,3.0
201800015804,0018-07-02 16:30:00,18,7,2,16,30,440,196,rue de la station,47.55117,-2.06802,Plein jour,Hors agglomération,Hors intersection,Normale,Autre collision,,,,,,,,,,,1,1,1,1.0,6.0
201800015805,0018-09-12 16:00:00,18,9,12,16,0,440,68,La croix blanche,47.50027,-1.94235,Plein jour,Hors agglomération,Hors intersection,Normale,Sans collision,,,,,,,,,,,1,1,1,1.0,7.0
201800015806,0018-10-06 18:50:00,18,10,6,18,50,440,152,lieu dit St Lomer,47.44592,-2.03033,Crépuscule ou aube,Hors agglomération,Hors intersection,Pluie légère,Deux véhicules - frontale,,,,,,,,,,,2,1,1,2.0,1.0
201800015807,0018-10-20 14:45:00,18,10,20,14,45,440,13,rue du Clos de Launain,47.39916,-2.08638,Plein jour,En agglomération,Giratoire,Normale,Autre collision,,,,,,,,,,,1,2,6,1.0,6.0
201800015808,0018-11-05 09:10:00,18,11,5,9,10,440,139,Départementale 3,47.4468,-1.92594,Plein jour,Hors agglomération,Hors intersection,Normale,Deux véhicules - frontale,,,,,,,,,,,1,1,1,1.0,1.0
201800015809,0018-01-25 14:50:00,18,1,25,14,50,250,245,Intersection CD111 / CD,47.19681,6.02684,Plein jour,Hors agglomération,Intersection en X,Normale,Deux véhicules - côté,,,,,,,,,,,1,1,2,1.0,3.0
201800015810,0018-02-16 06:00:00,18,2,16,6,0,250,58,route de lyon,47.20398,5.99742,Nuit avec éclairage non allumé,En agglomération,Hors intersection,Normale,Deux véhicules - côté,,,,,,,,,,,4,2,1,1.0,3.0
201800015811,0018-05-21 18:55:00,18,5,21,18,55,250,36,route nationale RN 83,47.1895,5.96623,Plein jour,Hors agglomération,Hors intersection,Pluie légère,Deux véhicules - côté,,,,,,,,,,,1,1,1,2.0,3.0
201800015812,0018-06-16 14:50:00,18,6,16,14,50,250,112,"RD683, Route de Belfort",47.26304,6.05304,Plein jour,En agglomération,Hors intersection,Normale,Sans collision,,,,,,,,,,,1,2,1,1.0,7.0
201800015813,0018-07-07 16:00:00,18,7,7,16,0,250,328,Route départementale 9,47.17228,5.97664,Plein jour,Hors agglomération,Hors intersection,Normale,Deux véhicules - frontale,,,,,,,,,,,1,1,1,1.0,1.0
201800015814,0018-07-12 17:00:00,18,7,12,17,0,250,58,23 route de Lyon,47.20709,5.99922,Plein jour,En agglomération,Hors intersection,Normale,Deux véhicules - côté,,,,,,,,,,,1,2,1,1.0,3.0
201800015815,0018-07-12 10:00:00,18,7,12,10,0,250,532,ROUTE DEPARTEMENTALE 67,47.20521,6.10231,Plein jour,Hors agglomération,Autre intersection,Normale,Deux véhicules - côté,,,,,,,,,,,1,1,9,1.0,3.0
201800015816,0018-07-28 19:48:00,18,7,28,19,48,250,278,Route départementale 492,47.22385,6.2973,Plein jour,Hors agglomération,Hors intersection,Normale,Deux véhicules - côté,,,,,,,,,,,1,1,1,1.0,3.0
201800015817,0018-07-26 18:30:00,18,7,26,18,30,250,112,RD 683,47.2635,6.05477,Plein jour,Hors agglomération,Hors intersection,Normale,Deux véhicules - arrière,,,,,,,,,,,1,1,1,1.0,2.0
201800015818,0018-09-21 18:00:00,18,9,21,18,0,250,410,N57,47.22288,6.07583,Plein jour,Hors agglomération,Intersection à plus de 4 branches,Pluie forte,Deux véhicules - côté,,,,,,,,,,,1,1,5,3.0,3.0
201800015819,0018-12-07 23:43:00,18,12,7,23,43,250,410,RD 571,47.21662,6.07949,Nuit sans éclairage public,Hors agglomération,Hors intersection,Pluie légère,Deux véhicules - frontale,,,,,,,,,,,3,1,1,2.0,1.0
201800015820,0018-12-11 16:30:00,18,12,11,16,30,250,437,D112 PR 14+300,47.26779,6.21463,Crépuscule ou aube,Hors agglomération,Hors intersection,Temps éblouissant,Deux véhicules - arrière,,,,,,,,,,,2,1,1,7.0,2.0
201800015821,0018-12-20 01:50:00,18,12,20,1,50,250,395,chemin de Chevriot Desso,47.23375,6.07046,Nuit sans éclairage public,Hors agglomération,Hors intersection,Temps couvert,Sans collision,,,,,,,,,,,3,1,1,8.0,7.0
201800015822,0018-12-21 16:45:00,18,12,21,16,45,250,36,RN 83,47.1981,5.97605,Crépuscule ou aube,Hors agglomération,Hors intersection,Pluie légère,Trois véhicules et plus - collisions multiples,,,,,,,,,,,2,1,1,2.0,5.0
201800015823,0018-01-07 07:00:00,18,1,7,7,0,250,212,RD 75,47.26645,5.98258,Nuit sans éclairage public,Hors agglomération,Hors intersection,Normale,Autre collision,,,,,,,,,,,3,1,1,1.0,6.0
201800015824,0018-01-16 08:15:00,18,1,16,8,15,250,455,RD 67 PR 7+300,47.26496,5.85723,Plein jour,Hors agglomération,Hors intersection,Pluie légère,Trois véhicules et plus - collisions multiples,,,,,,,,,,,1,1,1,2.0,5.0
201800015825,0018-03-06 02:45:00,18,3,6,2,45,250,326,départementale 415,47.22572,5.7528,Nuit sans éclairage public,Hors agglomération,Hors intersection,Normale,Autre collision,,,,,,,,,,,3,1,1,1.0,6.0
201800015826,0018-03-06 15:50:00,18,3,6,15,50,250,225,route départementale 415,47.2236,5.7491,Plein jour,Hors agglomération,Hors intersection,Pluie légère,Autre collision,,,,,,,,,,,1,1,1,2.0,6.0
201800015827,0018-03-11 22:15:00,18,3,11,22,15,250,217,route départementale 8 P,47.30286,5.87278,Nuit sans éclairage public,Hors agglomération,Hors intersection,Pluie légère,Autre collision,,,,,,,,,,,3,1,1,2.0,6.0
201800015828,0018-04-06 16:30:00,18,4,6,16,30,250,56,RN57 PK 8.600,47.27048,5.99997,Plein jour,Hors agglomération,Hors intersection,Normale,Trois véhicules et plus - en chaîne,,,,,,,,,,,1,1,1,1.0,4.0
201800015829,0018-05-09 15:50:00,18,5,9,15,50,250,186,rue de Besancon,47.33599,5.941,Plein jour,En agglomération,Intersection en T,Normale,Trois véhicules et plus - collisions multiples,,,,,,,,,,,1,2,3,1.0,5.0
201800015830,0018-06-08 22:10:00,18,6,8,22,10,250,455,RD 67,47.26679,5.85058,Nuit sans éclairage public,Hors agglomération,Intersection en X,Pluie légère,Deux véhicules - côté,,,,,,,,,,,3,1,2,2.0,3.0
201800015831,0018-07-29 17:50:00,18,7,29,17,50,250,265,D1,47.31789,5.95878,Plein jour,Hors agglomération,Intersection en X,Normale,Deux véhicules - côté,,,,,,,,,,,1,1,2,1.0,3.0
201800015832,0018-08-08 11:22:00,18,8,8,11,22,250,482,Grande rue,47.27266,5.82692,Plein jour,En agglomération,Intersection en T,Normale,Deux véhicules - côté,,,,,,,,,,,1,2,3,1.0,3.0
201800015833,0018-08-12 03:15:00,18,8,12,3,15,250,136,Route départementale n°8,47.2876,5.8917,Nuit sans éclairage public,Hors agglomération,Hors intersection,Normale,Sans collision,,,,,,,,,,,3,1,1,1.0,7.0
201800015834,0018-08-19 01:30:00,18,8,19,1,30,250,186,RD14,47.31344,5.93481,Nuit sans éclairage public,Hors agglomération,Hors intersection,Normale,Autre collision,,,,,,,,,,,3,1,1,1.0,6.0
201800015835,0018-08-23 12:45:00,18,8,23,12,45,250,265,chemin des papetiers,47.33331,5.97028,Plein jour,Hors agglomération,Hors intersection,Normale,Deux véhicules - côté,,,,,,,,,,,1,1,1,1.0,3.0
201800015836,0018-10-04 14:55:00,18,10,4,14,55,250,542,"route départementale 75,",47.24121,5.93154,Plein jour,Hors agglomération,Hors intersection,Normale,Autre collision,,,,,,,,,,,1,1,1,1.0,6.0
201800015837,0018-11-13 19:20:00,18,11,13,19,20,250,212,rue de Chatillon,47.2795,5.99295,Nuit avec éclairage allumé,En agglomération,Autre intersection,Normale,Deux véhicules - frontale,,,,,,,,,,,5,2,9,1.0,1.0
201800015838,0018-12-06 14:03:00,18,12,6,14,3,250,35,RD230,47.2873,5.9578,Plein jour,Hors agglomération,Hors intersection,Temps couvert,Sans collision,,,,,,,,,,,1,1,1,8.0,7.0
201800015839,0018-12-19 06:45:00,18,12,19,6,45,250,510,RD 67 PK 00+200,47.2801,5.77693,Nuit sans éclairage public,Hors agglomération,Intersection en X,Pluie légère,Trois véhicules et plus - collisions multiples,,,,,,,,,,,3,1,2,2.0,5.0
201800015840,0018-03-25 16:30:00,18,3,25,16,30,250,199,D9,47.01209,6.07307,Plein jour,Hors agglomération,Intersection en X,Normale,Deux véhicules - côté,,,,,,,,,,,1,1,2,1.0,3.0
201800015841,0018-06-24 14:30:00,18,6,24,14,30,250,434,D 67,47.10678,6.14595,Plein jour,Hors agglomération,Hors intersection,Normale,Sans collision,,,,,,,,,,,1,1,1,1.0,7.0
201800015842,0018-07-26 20:00:00,18,7,26,20,0,250,236,rue du repos D132,47.05405,6.06077,Plein jour,En agglomération,Hors intersection,Normale,Deux véhicules - frontale,,,,,,,,,,,1,2,1,1.0,1.0
201800015843,0018-08-11 19:35:00,18,8,11,19,35,250,537,Le puit noir CD 67,47.12558,6.12357,Plein jour,Hors agglomération,Hors intersection,Normale,Deux véhicules - côté,,,,,,,,,,,1,1,1,1.0,3.0
201800015844,0018-10-07 17:00:00,18,10,7,17,0,250,537,cd 67,47.10048,6.0603,Plein jour,Hors agglomération,Hors intersection,Normale,Autre collision,,,,,,,,,,,1,1,1,1.0,6.0
201800015845,0018-10-23 07:45:00,18,10,23,7,45,250,537,RD9 PK14+350,47.09102,6.05953,Crépuscule ou aube,Hors agglomération,Hors intersection,Temps couvert,Autre collision,,,,,,,,,,,2,1,1,8.0,6.0
201800015846,0018-11-05 21:00:00,18,11,5,21,0,250,155,d 103,47.0813,6.04566,Nuit sans éclairage public,Hors agglomération,Hors intersection,Normale,Autre collision,,,,,,,,,,,3,1,1,1.0,6.0
201800015847,0018-11-06 11:15:00,18,11,6,11,15,250,339,CD 67,47.04671,6.23855,Plein jour,En agglomération,Hors intersection,Normale,Sans collision,,,,,,,,,,,1,2,1,1.0,7.0
201800015848,0018-01-13 15:50:00,18,1,13,15,50,250,560,CD 683,47.26923,6.07694,Plein jour,Hors agglomération,Hors intersection,Normale,Deux véhicules - côté,,,,,,,,,,,1,1,1,1.0,3.0
201800015849,0018-02-28 20:00:00,18,2,28,20,0,250,132,carrefour D372 - D 30,47.3336,6.17603,Nuit sans éclairage public,Hors agglomération,Hors intersection,Normale,Sans collision,,,,,,,,,,,3,1,1,1.0,7.0
201800015850,0018-03-25 18:24:00,18,3,25,18,24,250,560,30 route de Marchaux,47.27994,6.06034,Plein jour,Hors agglomération,Hors intersection,Normale,Trois véhicules et plus - collisions multiples,,,,,,,,,,,1,1,1,1.0,5.0
201800015851,0018-04-02 08:00:00,18,4,2,8,0,250,560,RD 683,47.27042,6.07886,Plein jour,Hors agglomération,Hors intersection,Normale,Deux véhicules - arrière,,,,,,,,,,,1,1,1,1.0,2.0
201800015852,0018-08-20 05:30:00,18,8,20,5,30,250,163,PK 14.600 - RD486,47.36179,6.18595,Crépuscule ou aube,Hors agglomération,Hors intersection,Normale,Autre collision,,,,,,,,,,,2,1,1,1.0,6.0
201800015853,0018-10-15 16:04:00,18,10,15,16,4,250,137,Intersection D486 et D30,47.34208,6.16977,Plein jour,Hors agglomération,Intersection en T,Normale,Autre collision,,,,,,,,,,,1,1,3,1.0,6.0
201800015854,0018-10-20 16:20:00,18,10,20,16,20,250,111,rue de Besançon,47.26833,6.08642,Plein jour,En agglomération,Hors intersection,Normale,Deux véhicules - côté,,,,,,,,,,,1,2,1,1.0,3.0
201800015855,0018-10-31 19:35:00,18,10,31,19,35,250,560,32 route de marchaux,47.27994,6.06034,Nuit avec éclairage allumé,Hors agglomération,Hors intersection,Temps couvert,Autre collision,,,,,,,,,,,5,1,1,8.0,6.0
201800015856,0018-11-11 19:30:00,18,11,11,19,30,250,598,RD138,47.34118,6.11144,Nuit sans éclairage public,Hors agglomération,Hors intersection,Normale,Sans collision,,,,,,,,,,,3,1,1,1.0,7.0
201800015857,0018-01-24 06:57:00,18,1,24,6,57,250,287,RD 673,47.20316,5.88329,Crépuscule ou aube,Hors agglomération,Autre intersection,Normale,Trois véhicules et plus - collisions multiples,,,,,,,,,,,2,1,9,1.0,5.0
201800015858,0018-02-05 07:47:00,18,2,5,7,47,250,162,Rue des Planches - D 11,47.22862,5.81675,Plein jour,Hors agglomération,Hors intersection,Normale,Deux véhicules - frontale,,,,,,,,,,,1,1,1,1.0,1.0
201800015859,0018-02-24 18:15:00,18,2,24,18,15,250,147,RD216,47.21918,5.89541,Nuit sans éclairage public,Hors agglomération,Hors intersection,Normale,Autre collision,,,,,,,,,,,3,1,1,1.0,6.0
201800015860,0018-05-01 05:35:00,18,5,1,5,35,250,109,RD110 A lieu dit les gra,47.12912,5.93215,Nuit sans éclairage public,Hors agglomération,Hors intersection,Normale,Autre collision,,,,,,,,,,,3,1,1,1.0,6.0
201800015861,0018-05-26 19:20:00,18,5,26,19,20,250,527,RUE DES GRANDS VAUBRENOT,47.18834,5.8311,Plein jour,En agglomération,Intersection en X,Normale,Autre collision,,,,,,,,,,,1,2,2,1.0,6.0
201800015862,0018-06-08 01:40:00,18,6,8,1,40,250,195,RD673,47.19836,5.86706,Nuit sans éclairage public,Hors agglomération,Hors intersection,Normale,Deux véhicules - frontale,,,,,,,,,,,3,1,1,1.0,1.0
201800015863,0018-06-12 17:25:00,18,6,12,17,25,250,103,Le Comice,47.16609,5.95653,Plein jour,Hors agglomération,Hors intersection,Normale,Autre collision,,,,,,,,,,,1,1,1,1.0,6.0
201800015864,0018-06-28 12:10:00,18,6,28,12,10,250,21,D17E/avenue de la saline,47.0256,5.78284,Plein jour,En agglomération,Intersection en T,Normale,Deux véhicules - arrière,,,,,,,,,,,1,2,3,1.0,2.0
201800015865,0018-07-11 11:00:00,18,7,11,11,0,250,336,RD 17,47.04709,5.79891,Plein jour,Hors agglomération,Hors intersection,Normale,Deux véhicules - frontale,,,,,,,,,,,1,1,1,1.0,1.0
201800015866,0018-07-22 20:45:00,18,7,22,20,45,250,149,chemin du chalet d'argue,47.14356,5.97482,Crépuscule ou aube,Hors agglomération,Hors intersection,Normale,Sans collision,,,,,,,,,,,2,1,1,1.0,7.0
201800015867,0018-07-24 09:55:00,18,7,24,9,55,250,220,RD9,47.1112,6.03746,Plein jour,Hors agglomération,Hors intersection,Normale,Deux véhicules - frontale,,,,,,,,,,,1,1,1,1.0,1.0
201800015868,0018-09-05 20:55:00,18,9,5,20,55,250,397,D 105 - PK 01+050,47.20336,5.92804,Nuit sans éclairage public,Hors agglomération,Hors intersection,Normale,Autre collision,,,,,,,,,,,3,1,1,1.0,6.0
201800015869,0018-10-02 15:45:00,18,10,2,15,45,250,147,route de besançon,47.22616,5.90179,Plein jour,En agglomération,Intersection en X,Normale,Deux véhicules - côté,,,,,,,,,,,1,2,2,1.0,3.0
201800015870,0018-04-22 09:45:00,18,4,22,9,45,250,22,RD 683,47.5187,6.65129,Plein jour,Hors agglomération,Hors intersection,Normale,Sans collision,,,,,,,,,,,1,1,1,1.0,7.0
201800015871,0018-04-26 22:00:00,18,4,26,22,0,250,18,D73 PK3+280,47.38895,6.53011,Nuit sans éclairage public,Hors agglomération,Hors intersection,Normale,Autre collision,,,,,,,,,,,3,1,1,1.0,6.0
201800015872,0018-05-06 19:30:00,18,5,6,19,30,250,529,D464,47.3025,6.56881,Plein jour,Hors agglomération,Hors intersection,Normale,Sans collision,,,,,,,,,,,1,1,1,1.0,7.0