accident_id,datetime,annee,mois,jour,heure,minute,departement,commune_insee,adresse,latitude,longitude,luminosite,agglomeration,intersection,meteo,collision,nb_vehicules,nb_usagers,nb_indemnes,nb_tues,nb_blesses_hosp,nb_blesses_legers,age_cond_1,age_cond_2,veh_type_cond_1,veh_type_cond_2,lum_code,agg_code,int_code,atm_code,col_code
201800016241,0018-05-07 18:40:00,18,5,7,18,40,680,82,15 R de Pulversheim,47.85873,7.33991,Plein jour,En agglomération,Intersection en T,Normale,Deux véhicules - arrière,,,,,,,,,,,1,2,3,1.0,2.0
201800016242,0018-05-11 13:50:00,18,5,11,13,50,680,41,Rte départementale 52,47.87397,7.54907,Plein jour,Hors agglomération,Hors intersection,Normale,Deux véhicules - frontale,,,,,,,,,,,1,1,1,1.0,1.0
201800016243,0018-06-10 15:40:00,18,6,10,15,40,680,37,Chm Hardtweg,47.9451,7.42842,Plein jour,Hors agglomération,Hors intersection,Normale,Deux véhicules - arrière,,,,,,,,,,,1,1,1,1.0,2.0
201800016244,0018-07-09 11:10:00,18,7,9,11,10,680,234,Rte départementale 18 bi,47.9523,7.36572,Plein jour,Hors agglomération,Hors intersection,Normale,Autre collision,,,,,,,,,,,1,1,1,1.0,6.0
201800016245,0018-07-26 07:55:00,18,7,26,7,55,680,235,Rte départementale 1 bis,47.99202,7.38127,Plein jour,Hors agglomération,Giratoire,Normale,Deux véhicules - arrière,,,,,,,,,,,1,1,6,1.0,2.0
201800016246,0018-08-08 15:11:00,18,8,8,15,11,680,258,chemin du cimetière,47.83999,7.2973,Plein jour,Hors agglomération,Hors intersection,Normale,Deux véhicules - frontale,,,,,,,,,,,1,1,1,1.0,1.0
201800016247,0018-08-30 20:55:00,18,8,30,20,55,680,258,piste cyclable,47.84842,7.30884,Nuit sans éclairage public,Hors agglomération,Hors intersection,Normale,Autre collision,,,,,,,,,,,3,1,1,1.0,6.0
201800016248,0018-09-26 17:40:00,18,9,26,17,40,680,205,D3 bis,47.91126,7.36074,Plein jour,En agglomération,Giratoire,Temps éblouissant,Deux véhicules - arrière,,,,,,,,,,,1,2,6,7.0,2.0
201800016249,0018-10-23 10:10:00,18,10,23,10,10,680,266,Route départementale 2,47.87565,7.38415,Plein jour,Hors agglomération,Hors intersection,Normale,Deux véhicules - côté,,,,,,,,,,,1,1,1,1.0,3.0
201800016250,0018-10-24 19:20:00,18,10,24,19,20,680,235,RD1bis,48.00019,7.35814,Nuit sans éclairage public,Hors agglomération,Hors intersection,Normale,Deux véhicules - arrière,,,,,,,,,,,3,1,1,1.0,2.0
201800016251,0018-11-03 09:00:00,18,11,3,9,0,680,258,D429,47.84454,7.28422,Plein jour,Hors agglomération,Intersection en X,Normale,Deux véhicules - frontale,,,,,,,,,,,1,1,2,1.0,1.0
201800016252,0018-12-04 19:05:00,18,12,4,19,5,680,234,D 18 Bis,47.95127,7.37186,Nuit sans éclairage public,Hors agglomération,Hors intersection,Pluie légère,Autre collision,,,,,,,,,,,3,1,1,2.0,6.0
201800016253,0018-12-06 04:30:00,18,12,6,4,30,680,82,1 rue des mirabelliers,47.86754,7.34146,Nuit avec éclairage allumé,En agglomération,Hors intersection,Normale,Autre collision,,,,,,,,,,,5,2,1,1.0,6.0
201800016254,0018-12-20 18:10:00,18,12,20,18,10,680,266,Route départementale 2,47.87549,7.38362,Nuit sans éclairage public,Hors agglomération,Intersection en X,Pluie légère,Autre collision,,,,,,,,,,,3,1,2,2.0,6.0
201800016255,0018-12-23 04:20:00,18,12,23,4,20,680,242,Départemental 8,47.96365,7.42041,Nuit sans éclairage public,Hors agglomération,Hors intersection,Temps couvert,Autre collision,,,,,,,,,,,3,1,1,8.0,6.0
201800016256,0018-01-01 16:50:00,18,1,1,16,50,680,201,rue du Général de GAULLE,47.77117,7.00314,Crépuscule ou aube,En agglomération,Hors intersection,Pluie légère,Deux véhicules - frontale,,,,,,,,,,,2,2,1,2.0,1.0
201800016257,0018-02-19 17:50:00,18,2,19,17,50,680,239,39 RUE PRINCIPALE,47.80813,6.94068,Crépuscule ou aube,En agglomération,Hors intersection,Normale,Autre collision,,,,,,,,,,,2,2,1,1.0,6.0
201800016258,0018-04-04 16:30:00,18,4,4,16,30,680,313,Rte départementale 483,47.71761,7.0568,Plein jour,Hors agglomération,Hors intersection,Normale,Autre collision,,,,,,,,,,,1,1,1,1.0,6.0
201800016259,0018-04-21 12:30:00,18,4,21,12,30,680,201,27 R de Niederbruck,47.77478,6.98698,Plein jour,En agglomération,Hors intersection,Normale,Autre collision,,,,,,,,,,,1,2,1,1.0,6.0
201800016260,0018-06-02 14:45:00,18,6,2,14,45,680,60,Rte de Guewenheim,47.74039,7.1425,Plein jour,Hors agglomération,Giratoire,Normale,Deux véhicules - arrière,,,,,,,,,,,1,1,6,1.0,2.0
201800016261,0018-06-13 12:30:00,18,6,13,12,30,680,11,20 R de thann,47.76688,7.14957,Plein jour,En agglomération,Hors intersection,Normale,Deux véhicules - côté,,,,,,,,,,,1,2,1,1.0,3.0
201800016262,0018-08-05 15:30:00,18,8,5,15,30,680,201,1 R de Mulhouse,47.77025,7.00392,Plein jour,En agglomération,Intersection en T,Normale,Deux véhicules - côté,,,,,,,,,,,1,2,3,1.0,3.0
201800016263,0018-08-07 10:48:00,18,8,7,10,48,680,201,13 R Joseph VOGT,47.78526,6.96613,Plein jour,En agglomération,Hors intersection,Temps éblouissant,Deux véhicules - arrière,,,,,,,,,,,1,2,1,7.0,2.0
201800016264,0018-10-05 13:55:00,18,10,5,13,55,680,307,Rte départementale 466,47.81672,6.85383,Plein jour,Hors agglomération,Hors intersection,Normale,Autre collision,,,,,,,,,,,1,1,1,1.0,6.0
201800016265,0018-10-16 16:00:00,18,10,16,16,0,680,46,D 37 - route de bourbach,47.78299,7.03937,Plein jour,Hors agglomération,Hors intersection,Normale,Deux véhicules - frontale,,,,,,,,,,,1,1,1,1.0,1.0
201800016266,0018-10-20 08:30:00,18,10,20,8,30,680,59,D26,47.71145,7.15796,Crépuscule ou aube,En agglomération,Intersection en T,Brouillard / fumée,Autre collision,,,,,,,,,,,2,2,3,5.0,6.0
201800016267,0018-10-27 21:15:00,18,10,27,21,15,680,313,1 rue de Diefmatten,47.71662,7.09084,Nuit sans éclairage public,En agglomération,Hors intersection,Pluie légère,Autre collision,,,,,,,,,,,3,2,1,2.0,6.0
201800016268,0018-01-04 16:15:00,18,1,4,16,15,340,144,D35,43.7131,3.21179,Plein jour,Hors agglomération,Hors intersection,Vent fort / tempête,Trois véhicules et plus - collisions multiples,,,,,,,,,,,1,1,1,6.0,5.0
201800016269,0018-01-17 22:25:00,18,1,17,22,25,340,312,CD 35 PK 26+900,43.64028,3.16538,Nuit sans éclairage public,Hors agglomération,Hors intersection,Normale,Autre collision,,,,,,,,,,,3,1,1,1.0,6.0
201800016270,0018-01-25 14:45:00,18,1,25,14,45,340,96,Route départementale 13,43.55188,3.1974,Plein jour,Hors agglomération,Hors intersection,Pluie légère,Autre collision,,,,,,,,,,,1,1,1,2.0,6.0
201800016271,0018-04-28 05:00:00,18,4,28,5,0,340,119,RD 909,43.58049,3.13744,Nuit sans éclairage public,Hors agglomération,Hors intersection,Normale,Autre collision,,,,,,,,,,,3,1,1,1.0,6.0
201800016272,0018-04-30 22:45:00,18,4,30,22,45,340,96,D909,43.55754,3.18146,Nuit sans éclairage public,Hors agglomération,Hors intersection,Pluie forte,Autre collision,,,,,,,,,,,3,1,1,3.0,6.0
201800016273,0018-05-31 21:00:00,18,5,31,21,0,340,126,D908,43.58826,3.0928,Nuit sans éclairage public,Hors agglomération,Hors intersection,Autre,Autre collision,,,,,,,,,,,3,1,1,9.0,6.0
201800016274,0018-08-04 07:30:00,18,8,4,7,30,340,28,d908,43.61861,3.19859,Crépuscule ou aube,En agglomération,Hors intersection,Normale,Deux véhicules - frontale,,,,,,,,,,,2,2,1,1.0,1.0
201800016275,0018-08-06 10:15:00,18,8,6,10,15,340,144,D138,43.72524,3.19909,Plein jour,Hors agglomération,Hors intersection,Normale,Deux véhicules - frontale,,,,,,,,,,,1,1,1,1.0,1.0
201800016276,0018-08-07 08:30:00,18,8,7,8,30,340,96,rd 909,43.55161,3.18321,Plein jour,Hors agglomération,Hors intersection,Normale,Deux véhicules - arrière,,,,,,,,,,,1,1,1,1.0,2.0
201800016277,0018-08-22 12:00:00,18,8,22,12,0,340,308,LES QUINTES,43.63356,3.068,Plein jour,Hors agglomération,Hors intersection,Normale,Autre collision,,,,,,,,,,,1,1,1,1.0,6.0
201800016278,0018-09-08 18:00:00,18,9,8,18,0,340,200,D908,43.61852,3.24875,Plein jour,Hors agglomération,Intersection en T,Normale,Deux véhicules - côté,,,,,,,,,,,1,1,3,1.0,3.0
201800016279,0018-09-09 03:30:00,18,9,9,3,30,340,260,rd 922,43.66113,3.06538,Nuit sans éclairage public,Hors agglomération,Hors intersection,Normale,Autre collision,,,,,,,,,,,3,1,1,1.0,6.0
201800016280,0018-09-12 12:10:00,18,9,12,12,10,340,144,D35,43.71361,3.22446,Plein jour,Hors agglomération,Hors intersection,Normale,Autre collision,,,,,,,,,,,1,1,1,1.0,6.0
201800016281,0018-09-15 17:30:00,18,9,15,17,30,340,28,Causse de Boussagues,43.63306,3.14657,Plein jour,En agglomération,Intersection en Y,Normale,Autre collision,,,,,,,,,,,1,2,4,1.0,6.0
201800016282,0018-09-27 14:10:00,18,9,27,14,10,340,235,D 922 - PK 12+700,43.6669,3.01853,Plein jour,Hors agglomération,Hors intersection,Normale,Deux véhicules - côté,,,,,,,,,,,1,1,1,1.0,3.0
201800016283,0018-10-02 06:10:00,18,10,2,6,10,340,126,rue paul cere,43.59454,3.0809,Nuit avec éclairage allumé,En agglomération,Intersection en X,Normale,Deux véhicules - côté,,,,,,,,,,,5,2,2,1.0,3.0
201800016284,0018-10-06 15:30:00,18,10,6,15,30,340,19,rd 8,43.76803,3.09592,Plein jour,Hors agglomération,Hors intersection,Normale,Sans collision,,,,,,,,,,,1,1,1,1.0,7.0
201800016285,0018-12-01 09:30:00,18,12,1,9,30,340,312,RD922,43.65423,3.11074,Plein jour,Hors agglomération,Hors intersection,Pluie légère,Autre collision,,,,,,,,,,,1,1,1,2.0,6.0
201800016286,0018-12-16 17:15:00,18,12,16,17,15,340,144,départementale 35,43.71464,3.22812,Crépuscule ou aube,Hors agglomération,Hors intersection,Pluie forte,Autre collision,,,,,,,,,,,2,1,1,3.0,6.0
201800016287,0018-01-19 14:50:00,18,1,19,14,50,340,218,D177,43.46324,2.97988,Plein jour,Hors agglomération,Hors intersection,Normale,Deux véhicules - côté,,,,,,,,,,,1,1,1,1.0,3.0
201800016288,0018-03-15 08:20:00,18,3,15,8,20,340,74,RD20,43.44867,3.02568,Plein jour,Hors agglomération,Hors intersection,Pluie légère,Sans collision,,,,,,,,,,,1,1,1,2.0,7.0
201800016289,0018-04-15 07:15:00,18,4,15,7,15,340,178,D36. lieu dit de réals,43.43687,3.10187,Crépuscule ou aube,Hors agglomération,Autre intersection,Pluie légère,Autre collision,,,,,,,,,,,2,1,9,2.0,6.0
201800016290,0018-05-21 00:01:00,18,5,21,0,1,340,201,RD 20,43.43673,2.98686,Nuit sans éclairage public,Hors agglomération,Hors intersection,Normale,Sans collision,,,,,,,,,,,3,1,1,1.0,7.0
201800016291,0018-07-22 00:20:00,18,7,22,0,20,340,74,RD 36 La moulinette,43.43258,3.05504,Nuit sans éclairage public,Hors agglomération,Hors intersection,Normale,Sans collision,,,,,,,,,,,3,1,1,1.0,7.0
201800016292,0018-08-18 03:40:00,18,8,18,3,40,340,130,RD136,43.52091,3.18582,Nuit sans éclairage public,Hors agglomération,Hors intersection,Normale,Autre collision,,,,,,,,,,,3,1,1,1.0,6.0
201800016293,0018-08-18 11:00:00,18,8,18,11,0,340,70,rd612,43.4068,2.96904,Plein jour,En agglomération,Hors intersection,Normale,Deux véhicules - frontale,,,,,,,,,,,1,2,1,1.0,1.0
201800016294,0018-09-20 11:30:00,18,9,20,11,30,340,44,D136 hameau de Lenthéric,43.52266,3.15342,Plein jour,Hors agglomération,Hors intersection,Normale,Sans collision,,,,,,,,,,,1,1,1,1.0,7.0
201800016295,0018-09-25 17:40:00,18,9,25,17,40,340,130,"Départementale 909, PK 1",43.5069,3.18972,Plein jour,Hors agglomération,Hors intersection,Normale,Deux véhicules - frontale,,,,,,,,,,,1,1,1,1.0,1.0
201800016296,0018-09-30 08:40:00,18,9,30,8,40,340,21,RD612,43.44879,2.91394,Plein jour,Hors agglomération,Hors intersection,Normale,Deux véhicules - frontale,,,,,,,,,,,1,1,1,1.0,1.0
201800016297,0018-11-24 17:35:00,18,11,24,17,35,340,74,RD 36,43.4372,3.07145,Nuit sans éclairage public,Hors agglomération,Intersection en Y,Normale,Autre collision,,,,,,,,,,,3,1,4,1.0,6.0
201800016298,0018-02-11 16:35:00,18,2,11,16,35,340,300,D18 lieu dit la marceill,43.41909,3.31929,Plein jour,Hors agglomération,Hors intersection,Normale,Deux véhicules - côté,,,,,,,,,,,1,1,1,1.0,3.0
201800016299,0018-03-04 01:30:00,18,3,4,1,30,340,147,RD 30,43.47379,3.23285,Nuit sans éclairage public,Hors agglomération,Hors intersection,Normale,Sans collision,,,,,,,,,,,3,1,1,1.0,7.0
201800016300,0018-03-13 07:00:00,18,3,13,7,0,340,214,D146 / D15,43.48991,3.27695,Plein jour,Hors agglomération,Intersection en X,Normale,Deux véhicules - côté,,,,,,,,,,,1,1,2,1.0,3.0
201800016301,0018-03-15 13:45:00,18,3,15,13,45,340,300,D146E2,43.43522,3.29322,Plein jour,Hors agglomération,Hors intersection,Normale,Deux véhicules - arrière,,,,,,,,,,,1,1,1,1.0,2.0
201800016302,0018-05-02 17:44:00,18,5,2,17,44,340,214,D15,43.49021,3.29304,Plein jour,Hors agglomération,Hors intersection,Normale,Sans collision,,,,,,,,,,,1,1,1,1.0,7.0
201800016303,0018-05-21 13:30:00,18,5,21,13,30,340,237,RD13,43.50381,3.3122,Plein jour,Hors agglomération,Hors intersection,Normale,Deux véhicules - frontale,,,,,,,,,,,1,1,1,1.0,1.0
201800016304,0018-06-01 20:50:00,18,6,1,20,50,340,139,route de roujan,43.42065,3.2417,Crépuscule ou aube,En agglomération,Hors intersection,Normale,Autre collision,,,,,,,,,,,2,2,1,1.0,6.0
201800016305,0018-06-17 00:01:00,18,6,17,0,1,340,139,rd 15,43.40447,3.23502,Nuit sans éclairage public,Hors agglomération,Hors intersection,Normale,Autre collision,,,,,,,,,,,3,1,1,1.0,6.0
201800016306,0018-07-02 17:15:00,18,7,2,17,15,340,300,Avenue Mas Viel,43.42093,3.3133,Plein jour,En agglomération,Hors intersection,Normale,Autre collision,,,,,,,,,,,1,2,1,1.0,6.0
201800016307,0018-09-24 16:30:00,18,9,24,16,30,340,85,D15,43.4544,3.26947,Plein jour,Hors agglomération,Hors intersection,Normale,Autre collision,,,,,,,,,,,1,1,1,1.0,6.0
201800016308,0018-10-09 09:50:00,18,10,9,9,50,340,181,CD 15,43.55058,3.34549,Plein jour,Hors agglomération,Hors intersection,Normale,Deux véhicules - frontale,,,,,,,,,,,1,1,1,1.0,1.0
201800016309,0018-12-03 16:35:00,18,12,3,16,35,340,181,RD15,43.53313,3.32976,Plein jour,Hors agglomération,Intersection en T,Normale,Deux véhicules - côté,,,,,,,,,,,1,1,3,1.0,3.0
201800016310,0018-03-21 10:00:00,18,3,21,10,0,340,250,la salce,43.54904,2.83822,Plein jour,Hors agglomération,Hors intersection,Normale,Sans collision,,,,,,,,,,,1,1,1,1.0,7.0
201800016311,0018-09-02 18:00:00,18,9,2,18,0,340,80,23 avenue marcel raynal,43.57905,3.00868,Plein jour,En agglomération,Hors intersection,Normale,Autre collision,,,,,,,,,,,1,2,1,1.0,6.0
201800016312,0018-09-15 08:35:00,18,9,15,8,35,340,284,grand rue,43.48884,2.7585,Plein jour,En agglomération,Hors intersection,Normale,Autre collision,,,,,,,,,,,1,2,1,1.0,6.0
201800016313,0018-10-25 18:05:00,18,10,25,18,5,340,187,D908,43.55839,2.91596,Plein jour,En agglomération,Hors intersection,Normale,Sans collision,,,,,,,,,,,1,2,1,1.0,7.0
201800016314,0018-11-01 15:30:00,18,11,1,15,30,340,293,D150,43.56585,2.68521,Plein jour,Hors agglomération,Hors intersection,Normale,Autre collision,,,,,,,,,,,1,1,1,1.0,6.0
201800016315,0018-12-31 23:30:00,18,12,31,23,30,340,283,"D25, route de saint etie",43.78518,3.41531,Nuit sans éclairage public,Hors agglomération,Hors intersection,Normale,Autre collision,,,,,,,,,,,3,1,1,1.0,6.0
201800016316,0018-01-07 14:20:00,18,1,7,14,20,340,142,Route de Montpellier - R,43.71904,3.32413,Plein jour,Hors agglomération,Hors intersection,Pluie légère,Autre collision,,,,,,,,,,,1,1,1,2.0,6.0
201800016317,0018-03-04 13:30:00,18,3,4,13,30,340,36,Route de Saint Martin,43.69885,3.36723,Plein jour,Hors agglomération,Hors intersection,Pluie forte,Sans collision,,,,,,,,,,,1,1,1,3.0,7.0
201800016318,0018-04-04 09:55:00,18,4,4,9,55,340,306,D153,43.73597,3.33374,Plein jour,Hors agglomération,Hors intersection,Pluie légère,Sans collision,,,,,,,,,,,1,1,1,2.0,7.0
201800016319,0018-05-11 17:10:00,18,5,11,17,10,340,142,D35,43.7226,3.26534,Plein jour,Hors agglomération,Hors intersection,Normale,Sans collision,,,,,,,,,,,1,1,1,1.0,7.0
201800016320,0018-05-17 02:15:00,18,5,17,2,15,340,304,quartier du pont,43.76573,3.34207,Nuit avec éclairage allumé,En agglomération,Hors intersection,Normale,Autre collision,,,,,,,,,,,5,2,1,1.0,6.0
201800016321,0018-06-19 09:50:00,18,6,19,9,50,340,36,RD 144E2,43.69291,3.35058,Plein jour,Hors agglomération,Hors intersection,Normale,Deux véhicules - côté,,,,,,,,,,,1,1,1,1.0,3.0
201800016322,0018-07-01 11:45:00,18,7,1,11,45,340,36,zone les vignes rouges,43.696,3.38706,Plein jour,En agglomération,Autre intersection,Normale,Sans collision,,,,,,,,,,,1,2,9,1.0,7.0
201800016323,0018-07-12 18:00:00,18,7,12,18,0,340,142,D35 E2,43.73374,3.29935,Plein jour,Hors agglomération,Hors intersection,Normale,Sans collision,,,,,,,,,,,1,1,1,1.0,7.0
201800016324,0018-12-27 14:00:00,18,12,27,14,0,340,142,bd général de gaulle,43.72824,3.32439,Plein jour,En agglomération,Intersection en T,Normale,Deux véhicules - arrière,,,,,,,,,,,1,2,3,1.0,2.0
201800016325,0018-01-15 17:40:00,18,1,15,17,40,340,180,D128,43.58927,3.4254,Nuit sans éclairage public,Hors agglomération,Hors intersection,Normale,Deux véhicules - frontale,,,,,,,,,,,3,1,1,1.0,1.0
201800016326,0018-02-02 21:45:00,18,2,2,21,45,340,13,D609,43.5819,3.46007,Nuit sans éclairage public,Hors agglomération,Hors intersection,Normale,Deux véhicules - arrière,,,,,,,,,,,3,1,1,1.0,2.0
201800016327,0018-03-20 10:30:00,18,3,20,10,30,340,194,2 rue du docteur Cambon,43.53873,3.45906,Plein jour,En agglomération,Hors intersection,Normale,Autre collision,,,,,,,,,,,1,2,1,1.0,6.0
201800016328,0018-04-01 17:45:00,18,4,1,17,45,340,210,Carrefour D32 / D139,43.59754,3.50097,Plein jour,Hors agglomération,Intersection en T,Normale,Deux véhicules - côté,,,,,,,,,,,1,1,3,1.0,3.0
201800016329,0018-04-29 17:10:00,18,4,29,17,10,340,323,RD 908,43.6115,3.29875,Plein jour,Hors agglomération,Hors intersection,Pluie forte,Sans collision,,,,,,,,,,,1,1,1,3.0,7.0
201800016330,0018-05-03 19:30:00,18,5,3,19,30,340,79,D 609 - route de Nébian,43.6127,3.43681,Plein jour,Hors agglomération,Intersection en T,Normale,Deux véhicules - côté,,,,,,,,,,,1,1,3,1.0,3.0
201800016331,0018-06-02 14:15:00,18,6,2,14,15,340,194,D128,43.52786,3.43692,Plein jour,Hors agglomération,Hors intersection,Normale,Deux véhicules - frontale,,,,,,,,,,,1,1,1,1.0,1.0
201800016332,0018-07-14 12:05:00,18,7,14,12,5,340,79,"Route de Nebian, D609",43.61281,3.43677,Plein jour,Hors agglomération,Intersection en T,Normale,Deux véhicules - frontale,,,,,,,,,,,1,1,3,1.0,1.0
201800016333,0018-09-09 17:45:00,18,9,9,17,45,340,47,"avenue de St Pargoire, D",43.5345,3.49987,Plein jour,En agglomération,Autre intersection,Normale,Deux véhicules - arrière,,,,,,,,,,,1,2,9,1.0,2.0
201800016334,0018-10-19 14:50:00,18,10,19,14,50,340,41,Départementale 2,43.6088,3.4709,Plein jour,Hors agglomération,Hors intersection,Normale,Autre collision,,,,,,,,,,,1,1,1,1.0,6.0
201800016335,0018-11-30 20:25:00,18,11,30,20,25,340,79,Route de Canet,43.61302,3.46303,Nuit sans éclairage public,Hors agglomération,Hors intersection,Normale,Trois véhicules et plus - en chaîne,,,,,,,,,,,3,1,1,1.0,4.0
201800016336,0018-12-11 20:30:00,18,12,11,20,30,340,79,route de Brignac,43.62793,3.45798,Nuit sans éclairage public,Hors agglomération,Hors intersection,Normale,Autre collision,,,,,,,,,,,3,1,1,1.0,6.0
201800016337,0018-04-17 17:05:00,18,4,17,17,5,340,122,Route de SAINT SATURNIN,43.68267,3.47424,Plein jour,Hors agglomération,Hors intersection,Normale,Deux véhicules - frontale,,,,,,,,,,,1,1,1,1.0,1.0
201800016338,0018-05-02 17:50:00,18,5,2,17,50,340,239,route de Lagamas,43.65386,3.50886,Plein jour,En agglomération,Intersection en X,Normale,Deux véhicules - côté,,,,,,,,,,,1,2,2,1.0,3.0
201800016339,0018-06-03 10:40:00,18,6,3,10,40,340,221,D 32 PK 12+500,43.72892,3.63539,Plein jour,Hors agglomération,Hors intersection,Normale,Sans collision,,,,,,,,,,,1,1,1,1.0,7.0
201800016340,0018-08-14 19:30:00,18,8,14,19,30,340,239,route des Bages,43.6352,3.50018,Crépuscule ou aube,Hors agglomération,Hors intersection,Normale,Sans collision,,,,,,,,,,,2,1,1,1.0,7.0
201800016341,0018-09-27 15:19:00,18,9,27,15,19,340,239,route de lodève,43.65175,3.49475,Plein jour,Hors agglomération,Hors intersection,Normale,Autre collision,,,,,,,,,,,1,1,1,1.0,6.0
201800016342,0018-11-15 18:08:00,18,11,15,18,8,340,239,avenue de Clermont l'Hér,43.64675,3.48896,Nuit avec éclairage allumé,En agglomération,Intersection en T,Normale,Autre collision,,,,,,,,,,,5,2,3,1.0,6.0
201800016343,0018-11-16 08:30:00,18,11,16,8,30,340,114,D32,43.63572,3.53267,Plein jour,En agglomération,Hors intersection,Normale,Autre collision,,,,,,,,,,,1,2,1,1.0,6.0
201800016344,0018-12-15 13:30:00,18,12,15,13,30,340,239,RD 619 - Lieu dit Cousse,43.65467,3.48492,Plein jour,Hors agglomération,Hors intersection,Temps couvert,Sans collision,,,,,,,,,,,1,1,1,8.0,7.0
201800016345,0018-01-21 18:15:00,18,1,21,18,15,150,14,PUPILLES DE LA NATION (A,,,Nuit avec éclairage allumé,En agglomération,Intersection en T,Pluie légère,Autre collision,,,,,,,,,,,5,2,3,2.0,6.0
201800016346,0018-01-28 22:40:00,18,1,28,22,40,150,14,"7, CAMISIERES (RUE DES)",44.91759,2.43781,Nuit avec éclairage allumé,En agglomération,Hors intersection,Normale,Autre collision,,,,,,,,,,,5,2,1,1.0,6.0
201800016347,0018-02-12 09:55:00,18,2,12,9,55,150,12,RN 122 ( LA SABLIERE),,,Plein jour,Hors agglomération,Hors intersection,Normale,Autre collision,,,,,,,,,,,1,1,1,1.0,6.0
201800016348,0018-03-03 13:20:00,18,3,3,13,20,150,14,"15, SQUARE (PLACE DU)",44.92809,2.44329,Plein jour,En agglomération,Hors intersection,Normale,Autre collision,,,,,,,,,,,1,2,1,1.0,6.0
201800016349,0018-03-14 07:45:00,18,3,14,7,45,150,12,JAURES (AVENUE JEAN),,,Plein jour,En agglomération,Intersection en T,Normale,Deux véhicules - frontale,,,,,,,,,,,1,2,3,1.0,1.0
201800016350,0018-05-01 16:35:00,18,5,1,16,35,150,12,FANGA (LOTISSEMENT LE),44.88625,2.4143,Plein jour,En agglomération,Intersection en T,Normale,Deux véhicules - côté,,,,,,,,,,,1,2,3,1.0,3.0
201800016351,0018-05-29 18:00:00,18,5,29,18,0,150,14,REPUBLIQUE (AVENUE DE LA,44.9263,2.436,Plein jour,En agglomération,Hors intersection,Normale,Deux véhicules - frontale,,,,,,,,,,,1,2,1,1.0,1.0
201800016352,0018-06-05 09:00:00,18,6,5,9,0,150,14,BRAQUE (RUE GEORGES),44.92895,2.43337,Plein jour,En agglomération,Hors intersection,Temps éblouissant,Autre collision,,,,,,,,,,,1,2,1,7.0,6.0
201800016353,0018-06-16 17:50:00,18,6,16,17,50,150,14,DAUZIER (BOULEVARD LOUIS,44.92777,2.45,Plein jour,En agglomération,Hors intersection,Normale,Trois véhicules et plus - collisions multiples,,,,,,,,,,,1,2,1,1.0,5.0
201800016354,0018-06-29 12:00:00,18,6,29,12,0,150,14,PASCAL (RUE BLAISE),44.90055,2.42651,Plein jour,En agglomération,Hors intersection,Normale,Deux véhicules - côté,,,,,,,,,,,1,2,1,1.0,3.0
201800016355,0018-09-15 20:40:00,18,9,15,20,40,150,12,RD 920,44.89223,2.44565,Nuit sans éclairage public,Hors agglomération,Hors intersection,Normale,Deux véhicules - frontale,,,,,,,,,,,3,1,1,1.0,1.0
201800016356,0018-10-25 16:05:00,18,10,25,16,5,150,14,DOCTEUR CHANAL (RUE DU),44.93887,2.45671,Plein jour,Hors agglomération,Hors intersection,Normale,Autre collision,,,,,,,,,,,1,1,1,1.0,6.0
201800016357,0018-11-16 08:35:00,18,11,16,8,35,150,14,LIBERTE (AVENUE DE LA),44.92107,2.43017,Crépuscule ou aube,En agglomération,Hors intersection,Normale,Autre collision,,,,,,,,,,,2,2,1,1.0,6.0
201800016358,0018-12-09 03:40:00,18,12,9,3,40,150,14,BOUSQUET (CHEMIN DU),44.90135,2.43969,Nuit avec éclairage allumé,En agglomération,Hors intersection,Pluie légère,Autre collision,,,,,,,,,,,5,2,1,2.0,6.0
201800016359,0018-12-26 08:20:00,18,12,26,8,20,150,14,DOUMER (AVENUE PAUL),44.92238,2.44072,Crépuscule ou aube,En agglomération,Hors intersection,Normale,Autre collision,,,,,,,,,,,2,2,1,1.0,6.0
201800016360,0018-01-22 13:15:00,18,1,22,13,15,340,31,RUE DU VENT GREC,43.3714,3.42618,Plein jour,En agglomération,Hors intersection,Normale,Autre collision,,,,,,,,,,,1,2,1,1.0,6.0
201800016361,0018-01-30 22:00:00,18,1,30,22,0,340,101,d32,43.37763,3.47163,Nuit sans éclairage public,Hors agglomération,Hors intersection,Normale,Autre collision,,,,,,,,,,,3,1,1,1.0,6.0
201800016362,0018-02-09 20:00:00,18,2,9,20,0,340,150,86 avenue de SETE,43.32112,3.55261,Nuit avec éclairage allumé,En agglomération,Hors intersection,Pluie légère,Autre collision,,,,,,,,,,,5,2,1,2.0,6.0
201800016363,0018-06-01 20:45:00,18,6,1,20,45,340,332,AVENUE DE LA MEDITERRANÉ,43.30209,3.41792,Plein jour,En agglomération,Giratoire,Normale,Sans collision,,,,,,,,,,,1,2,6,1.0,7.0
201800016364,0018-07-05 09:45:00,18,7,5,9,45,340,203,route de MEZE rd51,43.40777,3.54226,Plein jour,Hors agglomération,Hors intersection,Normale,Deux véhicules - côté,,,,,,,,,,,1,1,1,1.0,3.0