accident_id,datetime,annee,mois,jour,heure,minute,departement,commune_insee,adresse,latitude,longitude,luminosite,agglomeration,intersection,meteo,collision,nb_vehicules,nb_usagers,nb_indemnes,nb_tues,nb_blesses_hosp,nb_blesses_legers,age_cond_1,age_cond_2,veh_type_cond_1,veh_type_cond_2,lum_code,agg_code,int_code,atm_code,col_code
201800016484,0018-01-21 20:50:00,18,1,21,20,50,470,274,LASPEYRES - D813,44.1445,0.77632,Nuit sans éclairage public,Hors agglomération,Hors intersection,Pluie légère,Deux véhicules - frontale,,,,,,,,,,,3,1,1,2.0,1.0
201800016485,0018-02-11 11:30:00,18,2,11,11,30,470,138,LIEU DIT BARBUT,44.26,0.7339,Plein jour,Hors agglomération,Hors intersection,Normale,Autre collision,,,,,,,,,,,1,1,1,1.0,6.0
201800016486,0018-04-16 16:00:00,18,4,16,16,0,470,228,RD821 (4.300) EX RN21,44.3463,0.70685,Plein jour,Hors agglomération,Hors intersection,Normale,Autre collision,,,,,,,,,,,1,1,1,1.0,6.0
201800016487,0018-04-21 16:15:00,18,4,21,16,15,470,51,1800 ROUTE DE TOULOUSE,44.1744,0.68808,Plein jour,En agglomération,Hors intersection,Normale,Deux véhicules - côté,,,,,,,,,,,1,2,1,1.0,3.0
201800016488,0018-06-22 07:50:00,18,6,22,7,50,470,128,DÉPARTEMENTALE 813,44.1632,0.71268,Plein jour,Hors agglomération,Intersection en T,Normale,Deux véhicules - côté,,,,,,,,,,,1,1,3,1.0,3.0
201800016489,0018-06-23 01:10:00,18,6,23,1,10,470,274,RD 813 - PR 2.050,44.1452,0.77375,Nuit sans éclairage public,Hors agglomération,Hors intersection,Normale,Trois véhicules et plus - en chaîne,,,,,,,,,,,3,1,1,1.0,4.0
201800016490,0018-07-22 18:15:00,18,7,22,18,15,470,217,D16,44.1894,0.79663,Plein jour,Hors agglomération,Hors intersection,Normale,Autre collision,,,,,,,,,,,1,1,1,1.0,6.0
201800016491,0018-09-09 07:30:00,18,9,9,7,30,470,75,RN 21,44.2944,0.68526,Crépuscule ou aube,Hors agglomération,Hors intersection,Normale,Deux véhicules - frontale,,,,,,,,,,,2,1,1,1.0,1.0
201800016492,0018-09-09 15:40:00,18,9,9,15,40,470,75,RN21 FACE AU NUMÉRO 709,44.2805,0.68708,Plein jour,Hors agglomération,Hors intersection,Normale,Autre collision,,,,,,,,,,,1,1,1,1.0,6.0
201800016493,0018-10-06 00:18:00,18,10,6,0,18,470,51,Lieu-dit Siailles,44.17956,0.67657,Nuit avec éclairage allumé,En agglomération,Hors intersection,Normale,Deux véhicules - frontale,,,,,,,,,,,5,2,1,1.0,1.0
201800016494,0018-10-06 07:30:00,18,10,6,7,30,470,228,route de Penne,44.334,0.71845,Crépuscule ou aube,En agglomération,Hors intersection,Normale,Autre collision,,,,,,,,,,,2,2,1,1.0,6.0
201800016495,0018-12-07 06:00:00,18,12,7,6,0,470,171,RN 21 Lieu dit Larrichar,44.31408,0.72203,Nuit sans éclairage public,Hors agglomération,Hors intersection,Brouillard / fumée,Deux véhicules - frontale,,,,,,,,,,,3,1,1,5.0,1.0
201800016496,0018-12-29 08:00:00,18,12,29,8,0,470,228,RN 21 lieu dit Caminol,44.33692,0.70947,Crépuscule ou aube,Hors agglomération,Giratoire,Brouillard / fumée,Autre collision,,,,,,,,,,,2,1,6,5.0,6.0
201800016497,0018-01-12 11:00:00,18,1,12,11,0,470,86,LIEU DIT LE BOSQUET,44.6774,0.17368,Plein jour,Hors agglomération,Intersection en T,Normale,Deux véhicules - côté,,,,,,,,,,,1,1,3,1.0,3.0
201800016498,0018-03-25 21:40:00,18,3,25,21,40,470,301,D933,44.548,0.3058,Nuit sans éclairage public,Hors agglomération,Hors intersection,Normale,Deux véhicules - frontale,,,,,,,,,,,3,1,1,1.0,1.0
201800016499,0018-03-10 00:40:00,18,3,10,0,40,470,3,VC1,44.6396,0.39396,Nuit sans éclairage public,Hors agglomération,Hors intersection,Pluie légère,Autre collision,,,,,,,,,,,3,1,1,2.0,6.0
201800016500,0018-04-08 09:02:00,18,4,8,9,2,470,218,LIEU DIT AU MONDI,44.5822,0.33226,Crépuscule ou aube,Hors agglomération,Hors intersection,Normale,Autre collision,,,,,,,,,,,2,1,1,1.0,6.0
201800016501,0018-04-07 09:00:00,18,4,7,9,0,470,88,RD 132,44.5494,0.25377,Plein jour,Hors agglomération,Hors intersection,Normale,Deux véhicules - côté,,,,,,,,,,,1,1,1,1.0,3.0
201800016502,0018-05-22 09:45:00,18,5,22,9,45,470,187,BORIE NEUVE,44.6314,0.26444,Plein jour,Hors agglomération,Intersection en X,Normale,Deux véhicules - côté,,,,,,,,,,,1,1,2,1.0,3.0
201800016503,0018-08-03 17:45:00,18,8,3,17,45,470,14,LIEUDIT GALAND,44.5503,0.3995,Plein jour,Hors agglomération,Hors intersection,Normale,Autre collision,,,,,,,,,,,1,1,1,1.0,6.0
201800016504,0018-08-13 19:15:00,18,8,13,19,15,470,147,RD 708 PK 19,44.6112,0.19219,Plein jour,Hors agglomération,Hors intersection,Normale,Autre collision,,,,,,,,,,,1,1,1,1.0,6.0
201800016505,0018-10-06 12:00:00,18,10,6,12,0,470,3,ld petit lieu,44.65245,0.38458,Plein jour,Hors agglomération,Hors intersection,Normale,Autre collision,,,,,,,,,,,1,1,1,1.0,6.0
201800016506,0018-10-10 20:30:00,18,10,10,20,30,470,264,Avenue de Paris D933,44.61151,0.35682,Nuit sans éclairage public,En agglomération,Hors intersection,Normale,Autre collision,,,,,,,,,,,3,2,1,1.0,6.0
201800016507,0018-12-04 16:55:00,18,12,4,16,55,470,216,intersection RD 641 / RD,44.52785,0.31782,Plein jour,Hors agglomération,Intersection en T,Normale,Deux véhicules - côté,,,,,,,,,,,1,1,3,1.0,3.0
201800016508,0018-12-31 14:20:00,18,12,31,14,20,470,65,lieu dit Moulin,44.43735,0.36502,Plein jour,Hors agglomération,Hors intersection,Normale,Sans collision,,,,,,,,,,,1,1,1,1.0,7.0
201800016509,0018-01-25 18:20:00,18,1,25,18,20,470,310,46 RUE COLISSON,44.3946,0.30285,Nuit avec éclairage allumé,En agglomération,Hors intersection,Pluie légère,Autre collision,,,,,,,,,,,5,2,1,2.0,6.0
201800016510,0018-04-25 12:30:00,18,4,25,12,30,470,110,LIEU-DIT BAQUEY - D299,44.459,0.27158,Plein jour,Hors agglomération,Hors intersection,Normale,Autre collision,,,,,,,,,,,1,1,1,1.0,6.0
201800016511,0018-05-25 16:40:00,18,5,25,16,40,470,310,DÉPARTEMENTALE 813,44.3655,0.31926,Plein jour,Hors agglomération,Hors intersection,Normale,Deux véhicules - frontale,,,,,,,,,,,1,1,1,1.0,1.0
201800016512,0018-07-05 15:45:00,18,7,5,15,45,470,285,CROISEMENT CD 2 - CD 7,44.4395,0.09076,Plein jour,Hors agglomération,Intersection en T,Normale,Deux véhicules - frontale,,,,,,,,,,,1,1,3,1.0,1.0
201800016513,0018-07-22 11:00:00,18,7,22,11,0,470,110,RD 299,44.4562,0.28778,Plein jour,Hors agglomération,Hors intersection,Temps éblouissant,Deux véhicules - côté,,,,,,,,,,,1,1,1,7.0,3.0
201800016514,0018-09-11 13:45:00,18,9,11,13,45,470,253,LIEU DIT CAILLAOUERE,44.4422,0.13252,Plein jour,Hors agglomération,Hors intersection,Normale,Deux véhicules - arrière,,,,,,,,,,,1,1,1,1.0,2.0
201800016515,0018-09-15 18:00:00,18,9,15,18,0,470,285,ROUTE DES MERLES,44.4452,0.08827,Plein jour,Hors agglomération,Hors intersection,Normale,Sans collision,,,,,,,,,,,1,1,1,1.0,7.0
201800016516,0018-09-17 13:40:00,18,9,17,13,40,470,127,LIEU DIT TOUZINAS,44.3471,0.41512,Plein jour,Hors agglomération,Intersection en X,Normale,Deux véhicules - côté,,,,,,,,,,,1,1,2,1.0,3.0
201800016517,0018-10-02 14:15:00,18,10,2,14,15,470,65,D 911,44.36691,0.39567,Plein jour,Hors agglomération,Autre intersection,Normale,Sans collision,,,,,,,,,,,1,1,9,1.0,7.0
201800016518,0018-10-20 03:00:00,18,10,20,3,0,470,130,PK 2.9,44.39808,0.26594,Nuit sans éclairage public,Hors agglomération,Hors intersection,Brouillard / fumée,Sans collision,,,,,,,,,,,3,1,1,5.0,7.0
201800016519,0018-10-20 23:00:00,18,10,20,23,0,470,317,Maraud,44.48034,0.42674,Nuit sans éclairage public,Hors agglomération,Hors intersection,Normale,Sans collision,,,,,,,,,,,3,1,1,1.0,7.0
201800016520,0018-11-22 10:55:00,18,11,22,10,55,470,285,D933,44.43431,0.12977,Plein jour,Hors agglomération,Hors intersection,Normale,Trois véhicules et plus - en chaîne,,,,,,,,,,,1,1,1,1.0,4.0
201800016521,0018-12-17 10:20:00,18,12,17,10,20,470,310,RD 813,44.3835,0.32508,Plein jour,En agglomération,Giratoire,Normale,Deux véhicules - côté,,,,,,,,,,,1,2,6,1.0,3.0
201800016522,0018-12-26 05:00:00,18,12,26,5,0,470,310,ayet,44.33368,0.32365,Crépuscule ou aube,Hors agglomération,Hors intersection,Normale,Autre collision,,,,,,,,,,,2,1,1,1.0,6.0
201800016523,0018-01-07 07:40:00,18,1,7,7,40,470,167,LDT REFFY,44.0723,0.27486,Crépuscule ou aube,Hors agglomération,Hors intersection,Pluie légère,Autre collision,,,,,,,,,,,2,1,1,2.0,6.0
201800016524,0018-02-17 17:45:00,18,2,17,17,45,470,134,HILLET,44.0112,0.30774,Plein jour,Hors agglomération,Hors intersection,Normale,Autre collision,,,,,,,,,,,1,1,1,1.0,6.0
201800016525,0018-02-28 13:00:00,18,2,28,13,0,470,180,D 656,44.1387,0.46138,Plein jour,Hors agglomération,Hors intersection,Neige / grêle,Autre collision,,,,,,,,,,,1,1,1,4.0,6.0
201800016526,0018-04-04 15:00:00,18,4,4,15,0,470,98,INTERSECTION D137 / D131,44.1003,0.43999,Plein jour,Hors agglomération,Intersection en X,Normale,Deux véhicules - côté,,,,,,,,,,,1,1,2,1.0,3.0
201800016527,0018-06-03 19:28:00,18,6,3,19,28,470,221,LIEU DIT MONPLAISIR,44.0591,0.24252,Plein jour,Hors agglomération,Hors intersection,Normale,Deux véhicules - frontale,,,,,,,,,,,1,1,1,1.0,1.0
201800016528,0018-06-09 00:25:00,18,6,9,0,25,470,195,LIEU DIT HOUNSEGUE,44.1405,0.36124,Nuit sans éclairage public,Hors agglomération,Hors intersection,Normale,Autre collision,,,,,,,,,,,3,1,1,1.0,6.0
201800016529,0018-06-24 19:00:00,18,6,24,19,0,470,186,D119,44.2058,0.44147,Plein jour,Hors agglomération,Intersection en T,Normale,Trois véhicules et plus - en chaîne,,,,,,,,,,,1,1,3,1.0,4.0
201800016530,0018-07-07 21:25:00,18,7,7,21,25,470,143,D 930,44.1682,0.29934,Crépuscule ou aube,Hors agglomération,Hors intersection,Normale,Autre collision,,,,,,,,,,,2,1,1,1.0,6.0
201800016531,0018-09-18 04:15:00,18,9,18,4,15,470,97,RUE DU 1ER FÉVRIER 1944,44.2218,0.34671,Nuit avec éclairage allumé,En agglomération,Giratoire,Normale,Autre collision,,,,,,,,,,,5,2,6,1.0,6.0
201800016532,0018-09-21 20:45:00,18,9,21,20,45,470,172,3370 VOIE ROMAINE,44.1483,0.5027,Nuit sans éclairage public,Hors agglomération,Hors intersection,Normale,Autre collision,,,,,,,,,,,3,1,1,1.0,6.0
201800016533,0018-10-02 08:20:00,18,10,2,8,20,470,143,rue des cerisiers,44.17744,0.30128,Crépuscule ou aube,En agglomération,Hors intersection,Normale,Autre collision,,,,,,,,,,,2,2,1,1.0,6.0
201800016534,0018-10-26 17:00:00,18,10,26,17,0,470,97,lieu-dit La Dagues,44.22057,0.37901,Plein jour,Hors agglomération,Hors intersection,Normale,Deux véhicules - frontale,,,,,,,,,,,1,1,1,1.0,1.0
201800016535,0018-06-21 15:00:00,18,6,21,15,0,470,222,CD655 PK14+730,44.2793,0.11411,Plein jour,Hors agglomération,Intersection en X,Normale,Deux véhicules - côté,,,,,,,,,,,1,1,2,1.0,3.0
201800016536,0018-06-29 10:00:00,18,6,29,10,0,470,52,LE LANIN D11,44.2982,0.10088,Plein jour,Hors agglomération,Intersection en X,Normale,Deux véhicules - côté,,,,,,,,,,,1,1,2,1.0,3.0
201800016537,0018-07-11 13:45:00,18,7,11,13,45,470,52,AVENUE JOSEPH TURROQUES,44.3043,0.07655,Plein jour,En agglomération,Hors intersection,Normale,Deux véhicules - arrière,,,,,,,,,,,1,2,1,1.0,2.0
201800016538,0018-09-03 11:10:00,18,9,3,11,10,470,12,LIEU DIT CARRASSET,44.2736,0.1839,Plein jour,Hors agglomération,Hors intersection,Normale,Deux véhicules - frontale,,,,,,,,,,,1,1,1,1.0,1.0
201800016539,0018-10-03 09:00:00,18,10,3,9,0,470,52,Boulevard Victor Hugo,44.31388,0.08588,Plein jour,En agglomération,Hors intersection,Normale,Autre collision,,,,,,,,,,,1,2,1,1.0,6.0
201800016540,0018-01-12 18:25:00,18,1,12,18,25,470,179,39 AVENUE DE LA GARE,44.4852,0.94309,Nuit avec éclairage allumé,En agglomération,Hors intersection,Normale,Deux véhicules - côté,,,,,,,,,,,5,2,1,1.0,3.0
201800016541,0018-01-23 18:50:00,18,1,23,18,50,470,283,LDT LIBOUSSOU,44.4789,0.94864,Nuit avec éclairage allumé,En agglomération,Intersection en X,Normale,Deux véhicules - côté,,,,,,,,,,,5,2,2,1.0,3.0
201800016542,0018-02-08 13:45:00,18,2,8,13,45,470,328,LA PRONQUIERE,44.4472,0.92223,Plein jour,Hors agglomération,Hors intersection,Normale,Deux véhicules - frontale,,,,,,,,,,,1,1,1,1.0,1.0
201800016543,0018-05-09 19:00:00,18,5,9,19,0,470,185,ZA LES PORTES DU QUERCY,44.4844,0.97928,Plein jour,Hors agglomération,Hors intersection,Normale,Autre collision,,,,,,,,,,,1,1,1,1.0,6.0
201800016544,0018-05-30 10:10:00,18,5,30,10,10,470,106,AVENUE CHARLES DE GAULLE,44.4971,0.95797,Plein jour,En agglomération,Autre intersection,Pluie légère,Deux véhicules - côté,,,,,,,,,,,1,2,9,2.0,3.0
201800016545,0018-07-05 17:35:00,18,7,5,17,35,470,117,RD 103,44.3345,0.78191,Plein jour,Hors agglomération,Hors intersection,Normale,Deux véhicules - frontale,,,,,,,,,,,1,1,1,1.0,1.0
201800016546,0018-07-08 15:28:00,18,7,8,15,28,470,312,RD 18,44.3783,1.00433,Plein jour,Hors agglomération,Hors intersection,Normale,Autre collision,,,,,,,,,,,1,1,1,1.0,6.0
201800016547,0018-08-11 20:25:00,18,8,11,20,25,470,307,ROUTE DE FUMEL,44.4365,1.00638,Plein jour,Hors agglomération,Hors intersection,Normale,Deux véhicules - frontale,,,,,,,,,,,1,1,1,1.0,1.0
201800016548,0018-08-14 16:30:00,18,8,14,16,30,470,283,24 RUE DU PONT,44.4798,0.94781,Plein jour,En agglomération,Intersection en T,Normale,Deux véhicules - côté,,,,,,,,,,,1,2,3,1.0,3.0
201800016549,0018-08-14 16:20:00,18,8,14,16,20,470,283,1 RUE DU PONT,44.4789,0.94864,Plein jour,En agglomération,Intersection en X,Normale,Deux véhicules - côté,,,,,,,,,,,1,2,2,1.0,3.0
201800016550,0018-09-25 09:50:00,18,9,25,9,50,470,70,LIEU-DIT CIPIÈRES,44.4724,0.91505,Plein jour,Hors agglomération,Hors intersection,Normale,Deux véhicules - côté,,,,,,,,,,,1,1,1,1.0,3.0
201800016551,0018-09-27 19:50:00,18,9,27,19,50,470,106,19 AVENUE EMILE ZOLA,44.4852,0.9507,Nuit avec éclairage allumé,En agglomération,Intersection en T,Normale,Deux véhicules - côté,,,,,,,,,,,5,2,3,1.0,3.0
201800016552,0018-09-30 23:14:00,18,9,30,23,14,470,328,LA PRONQUIÈRE,44.4496,0.92258,Nuit sans éclairage public,Hors agglomération,Hors intersection,Normale,Autre collision,,,,,,,,,,,3,1,1,1.0,6.0
201800016553,0018-10-19 07:14:00,18,10,19,7,14,470,203,escoute,44.3991,0.83068,Nuit sans éclairage public,Hors agglomération,Intersection en T,Brouillard / fumée,Autre collision,,,,,,,,,,,3,1,3,5.0,6.0
201800016554,0018-09-15 15:10:00,18,9,15,15,10,470,312,INTERSECTION D656 /VC201,44.3919,0.99444,Plein jour,Hors agglomération,Intersection en T,Normale,Deux véhicules - côté,,,,,,,,,,,1,1,3,1.0,3.0
201800016555,0018-03-16 16:10:00,18,3,16,16,10,470,6,LIEU-DIT MONPLAISIR,44.4008,0.62704,Plein jour,Hors agglomération,Hors intersection,Pluie forte,Trois véhicules et plus - collisions multiples,,,,,,,,,,,1,1,1,3.0,5.0
201800016556,0018-03-22 08:00:00,18,3,22,8,0,470,252,AVENUE RENÉ CASSIN,44.4019,0.59399,Plein jour,En agglomération,Hors intersection,Normale,Autre collision,,,,,,,,,,,1,2,1,1.0,6.0
201800016557,0018-05-22 16:39:00,18,5,22,16,39,470,49,QUAI DES GABARRES,44.4443,0.61779,Plein jour,En agglomération,Intersection en T,Normale,Deux véhicules - frontale,,,,,,,,,,,1,2,3,1.0,1.0
201800016558,0018-06-06 17:50:00,18,6,6,17,50,470,206,CD152,44.4603,0.5534,Plein jour,Hors agglomération,Hors intersection,Normale,Autre collision,,,,,,,,,,,1,1,1,1.0,6.0
201800016559,0018-07-23 16:37:00,18,7,23,16,37,470,252,AVENUE BAGNARIA ARSA,44.4002,0.58825,Plein jour,En agglomération,Giratoire,Normale,Deux véhicules - côté,,,,,,,,,,,1,2,6,1.0,3.0
201800016560,0018-11-14 08:50:00,18,11,14,8,50,470,252,route départementale 911,44.40592,0.60041,Plein jour,Hors agglomération,Intersection en X,Normale,Sans collision,,,,,,,,,,,1,1,2,1.0,7.0
201800016561,0018-12-22 11:50:00,18,12,22,11,50,470,81,Lieu-dit Roussous,44.34087,0.62186,Plein jour,Hors agglomération,Intersection en X,Pluie légère,Deux véhicules - côté,,,,,,,,,,,1,1,2,2.0,3.0
201800016562,0018-12-30 23:50:00,18,12,30,23,50,470,265,lieu-dit Arade,44.47848,0.62943,Nuit sans éclairage public,Hors agglomération,Hors intersection,Normale,Autre collision,,,,,,,,,,,3,1,1,1.0,6.0
201800016563,0018-01-07 20:40:00,18,1,7,20,40,460,322,route de rassiels,44.43156,1.34031,Nuit sans éclairage public,Hors agglomération,Hors intersection,Pluie légère,Autre collision,,,,,,,,,,,3,1,1,2.0,6.0
201800016564,0018-03-31 04:00:00,18,3,31,4,0,460,33,CD28 PK028+350,44.43717,1.13521,Nuit sans éclairage public,Hors agglomération,Hors intersection,Pluie légère,Autre collision,,,,,,,,,,,3,1,1,2.0,6.0
201800016565,0018-04-26 19:57:00,18,4,26,19,57,460,335,intersection D27-D67,44.40381,1.34669,Crépuscule ou aube,Hors agglomération,Intersection en T,Normale,Deux véhicules - côté,,,,,,,,,,,2,1,3,1.0,3.0
201800016566,0018-05-07 18:20:00,18,5,7,18,20,460,80,D06 PK23+500,44.51677,1.3304,Plein jour,Hors agglomération,Hors intersection,Normale,Deux véhicules - frontale,,,,,,,,,,,1,1,1,1.0,1.0
201800016567,0018-08-23 10:55:00,18,8,23,10,55,460,61,D 673,44.57086,1.1411,Plein jour,Hors agglomération,Hors intersection,Normale,Sans collision,,,,,,,,,,,1,1,1,1.0,7.0
201800016568,0018-11-23 09:00:00,18,11,23,9,0,460,231,RD 811 PK 32+800,44.5105,1.10884,Plein jour,Hors agglomération,Hors intersection,Normale,Sans collision,,,,,,,,,,,1,1,1,1.0,7.0
201800016569,0018-05-17 12:00:00,18,5,17,12,0,460,167,D653 PR72+800,44.56365,1.65751,Plein jour,Hors agglomération,Hors intersection,Normale,Autre collision,,,,,,,,,,,1,1,1,1.0,6.0
201800016570,0018-08-22 10:15:00,18,8,22,10,15,460,7,Départementale 911,44.45053,1.52078,Plein jour,Hors agglomération,Hors intersection,Normale,Deux véhicules - arrière,,,,,,,,,,,1,1,1,1.0,2.0
201800016571,0018-08-24 10:50:00,18,8,24,10,50,460,82,les fournets,44.40936,1.57597,Plein jour,Hors agglomération,Hors intersection,Pluie légère,Sans collision,,,,,,,,,,,1,1,1,2.0,7.0
201800016572,0018-01-14 12:30:00,18,1,14,12,30,460,21,sabin,44.56208,1.90668,Plein jour,Hors agglomération,Hors intersection,Pluie légère,Autre collision,,,,,,,,,,,1,1,1,2.0,6.0
201800016573,0018-04-05 20:00:00,18,4,5,20,0,460,4,d15,44.7371,1.89365,Plein jour,Hors agglomération,Hors intersection,Temps éblouissant,Autre collision,,,,,,,,,,,1,1,1,7.0,6.0
201800016574,0018-04-22 00:50:00,18,4,22,0,50,460,45,Route départementale D66,44.48475,1.84353,Nuit sans éclairage public,En agglomération,Hors intersection,Normale,Autre collision,,,,,,,,,,,3,2,1,1.0,6.0
201800016575,0018-05-19 12:55:00,18,5,19,12,55,460,235,Lieu-dit Goudelan,44.70164,1.72557,Plein jour,Hors agglomération,Hors intersection,Normale,Autre collision,,,,,,,,,,,1,1,1,1.0,6.0
201800016576,0018-05-30 12:00:00,18,5,30,12,0,460,45,98 Boulevard du tour de,44.48611,1.8418,Plein jour,En agglomération,Hors intersection,Normale,Autre collision,,,,,,,,,,,1,2,1,1.0,6.0
201800016577,0018-06-19 17:45:00,18,6,19,17,45,460,39,lieu-dit Caudenat,44.56743,1.82647,Plein jour,Hors agglomération,Hors intersection,Normale,Deux véhicules - frontale,,,,,,,,,,,1,1,1,1.0,1.0
201800016578,0018-06-27 08:35:00,18,6,27,8,35,460,143,Route départementale 940,44.72736,1.91996,Plein jour,En agglomération,Hors intersection,Normale,Autre collision,,,,,,,,,,,1,2,1,1.0,6.0
201800016579,0018-07-28 16:30:00,18,7,28,16,30,460,34,RD 840,44.70439,1.90933,Plein jour,Hors agglomération,Hors intersection,Normale,Autre collision,,,,,,,,,,,1,1,1,1.0,6.0
201800016580,0018-10-28 07:00:00,18,10,28,7,0,460,75,RD 41 moulin de cavarrot,44.60582,1.88873,Crépuscule ou aube,Hors agglomération,Hors intersection,Pluie légère,Sans collision,,,,,,,,,,,2,1,1,2.0,7.0
201800016581,0018-01-18 12:00:00,18,1,18,12,0,460,251,D30,44.85523,1.93467,Plein jour,Hors agglomération,Hors intersection,Pluie légère,Autre collision,,,,,,,,,,,1,1,1,2.0,6.0
201800016582,0018-05-06 16:00:00,18,5,6,16,0,460,251,quai auguste salesses,44.85789,1.8961,Plein jour,En agglomération,Hors intersection,Normale,Sans collision,,,,,,,,,,,1,2,1,1.0,7.0
201800016583,0018-07-17 17:10:00,18,7,17,17,10,460,29,"Avenue de la République,",44.9273,1.84572,Plein jour,En agglomération,Intersection en X,Normale,Deux véhicules - côté,,,,,,,,,,,1,2,2,1.0,3.0
201800016584,0018-07-27 15:20:00,18,7,27,15,20,460,159,Le bourg,44.85252,1.95687,Plein jour,Hors agglomération,Intersection en T,Normale,Deux véhicules - frontale,,,,,,,,,,,1,1,3,1.0,1.0
201800016585,0018-08-13 13:30:00,18,8,13,13,30,460,311,D653,44.86841,2.04582,Plein jour,Hors agglomération,Intersection en X,Temps couvert,Deux véhicules - côté,,,,,,,,,,,1,1,2,8.0,3.0
201800016586,0018-11-10 09:00:00,18,11,10,9,0,460,122,D30,44.89573,1.77294,Crépuscule ou aube,Hors agglomération,Hors intersection,Pluie légère,Autre collision,,,,,,,,,,,2,1,1,2.0,6.0
201800016587,0018-12-30 18:30:00,18,12,30,18,30,460,160,D653,44.79599,2.05307,Nuit sans éclairage public,Hors agglomération,Hors intersection,Brouillard / fumée,Sans collision,,,,,,,,,,,3,1,1,5.0,7.0
201800016588,0018-10-12 17:25:00,18,10,12,17,25,460,127,RD801,44.74063,1.41139,Plein jour,Hors agglomération,Hors intersection,Temps éblouissant,Deux véhicules - côté,,,,,,,,,,,1,1,1,7.0,3.0
201800016589,0018-05-05 23:14:00,18,5,5,23,14,460,240,"D247 lieu dit ""La Borie",44.81156,1.60645,Nuit sans éclairage public,Hors agglomération,Hors intersection,Normale,Autre collision,,,,,,,,,,,3,1,1,1.0,6.0
201800016590,0018-05-06 11:13:00,18,5,6,11,13,460,128,route département 840,44.7942,1.6947,Plein jour,Hors agglomération,Intersection en T,Normale,Trois véhicules et plus - en chaîne,,,,,,,,,,,1,1,3,1.0,4.0
201800016591,0018-07-11 09:40:00,18,7,11,9,40,460,128,355 Avenue François Soul,44.78205,1.73632,Plein jour,En agglomération,Hors intersection,Normale,Autre collision,,,,,,,,,,,1,2,1,1.0,6.0
201800016592,0018-07-09 07:50:00,18,7,9,7,50,460,181,route départementale 802,44.67348,1.70586,Plein jour,Hors agglomération,Intersection en T,Temps éblouissant,Deux véhicules - côté,,,,,,,,,,,1,1,3,7.0,3.0
201800016593,0018-08-21 18:10:00,18,8,21,18,10,460,128,D840 PK 50+150,44.77627,1.73338,Plein jour,En agglomération,Hors intersection,Normale,Deux véhicules - côté,,,,,,,,,,,1,2,1,1.0,3.0
201800016594,0018-08-07 18:00:00,18,8,7,18,0,460,128,av georges clemenceau,44.77415,1.72041,Plein jour,En agglomération,Intersection en X,Normale,Deux véhicules - côté,,,,,,,,,,,1,2,2,1.0,3.0
201800016595,0018-10-13 14:00:00,18,10,13,14,0,460,317,lieu dit gaule,44.83557,1.73792,Plein jour,Hors agglomération,Intersection en X,Normale,Deux véhicules - côté,,,,,,,,,,,1,1,2,1.0,3.0
201800016596,0018-05-04 00:01:00,18,5,4,0,1,460,193,RD 20 - PK 19 + 45,44.85813,1.70556,Nuit sans éclairage public,Hors agglomération,Hors intersection,Normale,Autre collision,,,,,,,,,,,3,1,1,1.0,6.0
201800016597,0018-05-06 11:30:00,18,5,6,11,30,460,153,Lieu dit grézelade,44.85523,1.46197,Plein jour,Hors agglomération,Intersection en T,Normale,Deux véhicules - côté,,,,,,,,,,,1,1,3,1.0,3.0
201800016598,0018-06-08 11:00:00,18,6,8,11,0,460,185,RD96,44.96283,1.61275,Plein jour,Hors agglomération,Hors intersection,Normale,Sans collision,,,,,,,,,,,1,1,1,1.0,7.0
201800016599,0018-07-26 19:10:00,18,7,26,19,10,460,185,RD 840 face au garage CH,44.93881,1.60647,Plein jour,En agglomération,Intersection en T,Normale,Deux véhicules - côté,,,,,,,,,,,1,2,3,1.0,3.0
201800016600,0018-08-06 10:50:00,18,8,6,10,50,460,185,COMBE ROUSSE,44.94303,1.6246,Plein jour,Hors agglomération,Hors intersection,Normale,Deux véhicules - frontale,,,,,,,,,,,1,1,1,1.0,1.0
201800016601,0018-10-24 19:45:00,18,10,24,19,45,460,309,AVENUE DE SARLAT,44.89295,1.4774,Nuit avec éclairage allumé,En agglomération,Autre intersection,Normale,Autre collision,,,,,,,,,,,5,2,9,1.0,6.0
201800016602,0018-01-01 19:15:00,18,1,1,19,15,420,23,Route départementale 108,45.2995,4.57494,Nuit sans éclairage public,Hors agglomération,Hors intersection,Pluie légère,Deux véhicules - arrière,,,,,,,,,,,3,1,1,2.0,2.0
201800016603,0018-03-08 08:15:00,18,3,8,8,15,420,23,19 rue Cardinal Donnet,45.29654,4.5615,Plein jour,En agglomération,Hors intersection,Temps éblouissant,Autre collision,,,,,,,,,,,1,2,1,7.0,6.0
201800016604,0018-06-21 14:00:00,18,6,21,14,0,420,224,2 route de la pierre lég,45.34064,4.41038,Plein jour,En agglomération,Hors intersection,Normale,Sans collision,,,,,,,,,,,1,2,1,1.0,7.0
201800016605,0018-06-21 16:38:00,18,6,21,16,38,420,101,D8,45.35282,4.57346,Plein jour,Hors agglomération,Hors intersection,Normale,Autre collision,,,,,,,,,,,1,1,1,1.0,6.0