accident_id,datetime,annee,mois,jour,heure,minute,departement,commune_insee,adresse,latitude,longitude,luminosite,agglomeration,intersection,meteo,collision,nb_vehicules,nb_usagers,nb_indemnes,nb_tues,nb_blesses_hosp,nb_blesses_legers,age_cond_1,age_cond_2,veh_type_cond_1,veh_type_cond_2,lum_code,agg_code,int_code,atm_code,col_code
201800016970,0018-08-06 18:30:00,18,8,6,18,30,550,39,D905,49.252,5.3968,Plein jour,Hors agglomération,Hors intersection,Normale,Sans collision,,,,,,,,,,,1,1,1,1.0,7.0
201800016971,0018-10-03 18:10:00,18,10,3,18,10,550,498,9 rue de la voie sacrée,49.03806,5.29176,Plein jour,En agglomération,Hors intersection,Normale,Deux véhicules - côté,,,,,,,,,,,1,2,1,1.0,3.0
201800016972,0018-11-13 21:15:00,18,11,13,21,15,550,385,D603,49.11458,5.25981,Nuit sans éclairage public,Hors agglomération,Hors intersection,Normale,Deux véhicules - frontale,,,,,,,,,,,3,1,1,1.0,1.0
201800016973,0018-12-23 11:45:00,18,12,23,11,45,550,73,"PK 7+500, RD 913",49.20955,5.39046,Plein jour,Hors agglomération,Hors intersection,Pluie légère,Autre collision,,,,,,,,,,,1,1,1,2.0,6.0
201800016974,0018-02-14 10:30:00,18,2,14,10,30,550,103,CD946,49.2507,5.02469,Plein jour,Hors agglomération,Hors intersection,Normale,Autre collision,,,,,,,,,,,1,1,1,1.0,6.0
201800016975,0018-10-29 15:10:00,18,10,29,15,10,550,582,RD 30 PK 6 + 800,49.4603,5.17085,Plein jour,Hors agglomération,Hors intersection,Normale,Sans collision,,,,,,,,,,,1,1,1,1.0,7.0
201800016976,0018-03-11 10:45:00,18,3,11,10,45,550,500,D618,49.33734,5.6595,Plein jour,Hors agglomération,Hors intersection,Pluie légère,Autre collision,,,,,,,,,,,1,1,1,2.0,6.0
201800016977,0018-05-27 05:00:00,18,5,27,5,0,550,8,D14,49.26941,5.64726,Crépuscule ou aube,Hors agglomération,Hors intersection,Normale,Autre collision,,,,,,,,,,,2,1,1,1.0,6.0
201800016978,0018-06-02 20:20:00,18,6,2,20,20,550,8,D 618 - Ferme du longeau,49.24662,5.66767,Crépuscule ou aube,Hors agglomération,Hors intersection,Normale,Sans collision,,,,,,,,,,,2,1,1,1.0,7.0
201800016979,0018-06-17 15:10:00,18,6,17,15,10,550,228,intersection rue de la p,49.03805,5.65833,Plein jour,En agglomération,Intersection en T,Normale,Deux véhicules - côté,,,,,,,,,,,1,2,3,1.0,3.0
201800016980,0018-07-18 09:15:00,18,7,18,9,15,550,557,RD 908,49.1388,5.62817,Plein jour,Hors agglomération,Hors intersection,Normale,Deux véhicules - arrière,,,,,,,,,,,1,1,1,1.0,2.0
201800016981,0018-07-20 04:10:00,18,7,20,4,10,550,72,D908 pk 5,49.15708,5.62874,Nuit sans éclairage public,En agglomération,Hors intersection,Normale,Sans collision,,,,,,,,,,,3,2,1,1.0,7.0
201800016982,0018-07-22 18:30:00,18,7,22,18,30,550,198,RD 908 - PK 11 (lieu dit,49.10091,5.63384,Plein jour,Hors agglomération,Hors intersection,Normale,Deux véhicules - frontale,,,,,,,,,,,1,1,1,1.0,1.0
201800016983,0018-09-11 18:00:00,18,9,11,18,0,550,191,Chemin communal dit rout,49.23879,5.60774,Plein jour,Hors agglomération,Hors intersection,Normale,Sans collision,,,,,,,,,,,1,1,1,1.0,7.0
201800016984,0018-09-13 15:30:00,18,9,13,15,30,550,405,Ferme de HANDEVILLE,49.3682,5.60834,Plein jour,Hors agglomération,Hors intersection,Normale,Autre collision,,,,,,,,,,,1,1,1,1.0,6.0
201800016985,0018-10-13 17:35:00,18,10,13,17,35,550,181,3 rue paul valéry,49.21038,5.64339,Plein jour,En agglomération,Hors intersection,Normale,Autre collision,,,,,,,,,,,1,2,1,1.0,6.0
201800016986,0018-02-28 06:20:00,18,2,28,6,20,610,499,D42,48.52832,0.27764,Nuit sans éclairage public,Hors agglomération,Hors intersection,Normale,Autre collision,,,,,,,,,,,3,1,1,1.0,6.0
201800016987,0018-03-10 09:10:00,18,3,10,9,10,610,464,"""le poteau""",48.61271,0.20888,Plein jour,Hors agglomération,Hors intersection,Pluie légère,Autre collision,,,,,,,,,,,1,1,1,2.0,6.0
201800016988,0018-04-14 18:30:00,18,4,14,18,30,610,82,La Moguiniere,48.59898,0.32762,Plein jour,Hors agglomération,Hors intersection,Normale,Deux véhicules - arrière,,,,,,,,,,,1,1,1,1.0,2.0
201800016989,0018-04-21 14:00:00,18,4,21,14,0,610,464,"CD 958, PK 3+500, lieu d",48.62595,0.13635,Plein jour,Hors agglomération,Hors intersection,Normale,Deux véhicules - frontale,,,,,,,,,,,1,1,1,1.0,1.0
201800016990,0018-04-21 16:40:00,18,4,21,16,40,610,464,intersection entre route,48.61236,0.16575,Plein jour,Hors agglomération,Intersection en X,Normale,Deux véhicules - côté,,,,,,,,,,,1,1,2,1.0,3.0
201800016991,0018-04-22 19:45:00,18,4,22,19,45,610,464,boulevard du 8 mai 1945,48.59038,0.16953,Plein jour,En agglomération,Intersection en T,Normale,Autre collision,,,,,,,,,,,1,2,3,1.0,6.0
201800016992,0018-05-26 19:05:00,18,5,26,19,5,610,464,D3,48.61954,0.2095,Plein jour,Hors agglomération,Intersection en X,Normale,Deux véhicules - côté,,,,,,,,,,,1,1,2,1.0,3.0
201800016993,0018-06-07 13:15:00,18,6,7,13,15,610,81,Route départementale 737,48.67561,0.18886,Plein jour,Hors agglomération,Hors intersection,Normale,Autre collision,,,,,,,,,,,1,1,1,1.0,6.0
201800016994,0018-07-12 18:20:00,18,7,12,18,20,610,15,la fauvelière,48.62353,0.2421,Plein jour,Hors agglomération,Hors intersection,Normale,Deux véhicules - frontale,,,,,,,,,,,1,1,1,1.0,1.0
201800016995,0018-07-27 10:15:00,18,7,27,10,15,610,164,Le Chêne Bossu,48.57114,0.06549,Plein jour,Hors agglomération,Hors intersection,Normale,Sans collision,,,,,,,,,,,1,1,1,1.0,7.0
201800016996,0018-08-07 18:00:00,18,8,7,18,0,610,412,rd7,48.51185,0.35242,Plein jour,En agglomération,Intersection en X,Normale,Deux véhicules - côté,,,,,,,,,,,1,2,2,1.0,3.0
201800016997,0018-08-16 16:15:00,18,8,16,16,15,610,253,départementale 438,48.67236,0.20175,Plein jour,Hors agglomération,Intersection en X,Normale,Deux véhicules - côté,,,,,,,,,,,1,1,2,1.0,3.0
201800016998,0018-08-28 09:15:00,18,8,28,9,15,610,68,D31,48.5299,0.20432,Plein jour,Hors agglomération,Intersection en T,Normale,Deux véhicules - côté,,,,,,,,,,,1,1,3,1.0,3.0
201800016999,0018-11-08 22:00:00,18,11,8,22,0,610,464,LA PARFAITERIE,48.57879,0.18966,Nuit sans éclairage public,Hors agglomération,Hors intersection,Pluie légère,Sans collision,,,,,,,,,,,3,1,1,2.0,7.0
201800017000,0018-11-18 05:30:00,18,11,18,5,30,610,464,D958,48.61339,0.15865,Nuit sans éclairage public,Hors agglomération,Hors intersection,Normale,Autre collision,,,,,,,,,,,3,1,1,1.0,6.0
201800017001,0018-01-30 17:00:00,18,1,30,17,0,610,339,5 rue aristide briand,48.76414,-0.24573,Plein jour,En agglomération,Hors intersection,Temps couvert,Deux véhicules - arrière,,,,,,,,,,,1,2,1,8.0,2.0
201800017002,0018-02-22 14:45:00,18,2,22,14,45,610,153,rue des trois frères ter,48.71747,-0.12316,Plein jour,En agglomération,Intersection en T,Temps éblouissant,Deux véhicules - côté,,,,,,,,,,,1,2,3,7.0,3.0
201800017003,0018-04-25 18:45:00,18,4,25,18,45,610,283,RD 958,48.80158,-0.1008,Plein jour,Hors agglomération,Intersection en X,Temps éblouissant,Deux véhicules - arrière,,,,,,,,,,,1,1,2,7.0,2.0
201800017004,0018-06-07 16:30:00,18,6,7,16,30,610,344,11 rue de la libération,48.63814,-0.20765,Plein jour,En agglomération,Hors intersection,Normale,Autre collision,,,,,,,,,,,1,2,1,1.0,6.0
201800017005,0018-07-13 22:00:00,18,7,13,22,0,610,273,Lieu dit canteloup,48.54997,-0.32137,Crépuscule ou aube,Hors agglomération,Hors intersection,Normale,Sans collision,,,,,,,,,,,2,1,1,1.0,7.0
201800017006,0018-11-29 18:30:00,18,11,29,18,30,610,84,D909,48.79013,-0.24526,Nuit sans éclairage public,Hors agglomération,Intersection en X,Normale,Trois véhicules et plus - collisions multiples,,,,,,,,,,,3,1,2,1.0,5.0
201800017007,0018-12-06 16:00:00,18,12,6,16,0,610,173,D 924,48.71899,-0.07108,Plein jour,Hors agglomération,Hors intersection,Temps couvert,Autre collision,,,,,,,,,,,1,1,1,8.0,6.0
201800017008,0018-05-05 12:40:00,18,5,5,12,40,610,72,lieu dit la haute folie,48.95855,0.27905,Plein jour,Hors agglomération,Hors intersection,Normale,Autre collision,,,,,,,,,,,1,1,1,1.0,6.0
201800017009,0018-05-22 18:30:00,18,5,22,18,30,610,389,15 cité du Pays d'Auge,48.71589,0.43287,Plein jour,En agglomération,Hors intersection,Normale,Deux véhicules - frontale,,,,,,,,,,,1,2,1,1.0,1.0
201800017010,0018-06-23 04:00:00,18,6,23,4,0,610,150,D932 les bruyères,48.72508,0.41612,Nuit sans éclairage public,Hors agglomération,Hors intersection,Normale,Autre collision,,,,,,,,,,,3,1,1,1.0,6.0
201800017011,0018-07-10 13:20:00,18,7,10,13,20,610,268,La Garenne,48.78854,0.22202,Plein jour,Hors agglomération,Hors intersection,Normale,Autre collision,,,,,,,,,,,1,1,1,1.0,6.0
201800017012,0018-08-02 15:03:00,18,8,2,15,3,610,150,FUMECON,48.72802,0.40897,Plein jour,Hors agglomération,Hors intersection,Normale,Sans collision,,,,,,,,,,,1,1,1,1.0,7.0
201800017013,0018-09-07 17:35:00,18,9,7,17,35,610,493,La butte,48.79593,0.35915,Plein jour,Hors agglomération,Intersection en X,Normale,Deux véhicules - côté,,,,,,,,,,,1,1,2,1.0,3.0
201800017014,0018-09-14 13:45:00,18,9,14,13,45,610,108,D13,48.79479,0.35205,Plein jour,Hors agglomération,Hors intersection,Normale,Autre collision,,,,,,,,,,,1,1,1,1.0,6.0
201800017015,0018-10-17 12:45:00,18,10,17,12,45,610,508,"cutesson, D979",48.92439,0.21841,Plein jour,Hors agglomération,Hors intersection,Normale,Autre collision,,,,,,,,,,,1,1,1,1.0,6.0
201800017016,0018-11-20 12:30:00,18,11,20,12,30,610,181,RD 13 - PK 23+500,48.80024,0.31689,Plein jour,Hors agglomération,Hors intersection,Temps couvert,Deux véhicules - frontale,,,,,,,,,,,1,1,1,8.0,1.0
201800017017,0018-02-04 14:30:00,18,2,4,14,30,610,145,rue du mont saint michel,48.59063,-0.65811,Plein jour,En agglomération,Hors intersection,Normale,Autre collision,,,,,,,,,,,1,2,1,1.0,6.0
201800017018,0018-11-03 15:20:00,18,11,3,15,20,610,355,lieu dit le GRICHU,48.60518,-0.72554,Plein jour,Hors agglomération,Intersection en Y,Temps éblouissant,Deux véhicules - arrière,,,,,,,,,,,1,1,4,7.0,2.0
201800017019,0018-02-16 14:10:00,18,2,16,14,10,610,145,rue du Pressoir,48.5847,-0.63512,Plein jour,En agglomération,Intersection en X,Normale,Autre collision,,,,,,,,,,,1,2,2,1.0,6.0
201800017020,0018-04-11 12:40:00,18,4,11,12,40,610,201,La mangeantière,48.61692,-0.68644,Plein jour,Hors agglomération,Hors intersection,Normale,Autre collision,,,,,,,,,,,1,1,1,1.0,6.0
201800017021,0018-04-16 18:15:00,18,4,16,18,15,610,145,2b rue notre dame,48.59261,-0.65223,Plein jour,En agglomération,Hors intersection,Normale,Sans collision,,,,,,,,,,,1,2,1,1.0,7.0
201800017022,0018-04-29 16:00:00,18,4,29,16,0,610,91,la maufaire,48.61329,-0.57015,Plein jour,Hors agglomération,Hors intersection,Pluie légère,Autre collision,,,,,,,,,,,1,1,1,2.0,6.0
201800017023,0018-05-28 13:50:00,18,5,28,13,50,610,91,La Butte,48.60013,-0.5501,Plein jour,Hors agglomération,Hors intersection,Normale,Autre collision,,,,,,,,,,,1,1,1,1.0,6.0
201800017024,0018-06-02 18:55:00,18,6,2,18,55,610,452,Lieu dit Beau Soleil,48.56115,-0.74974,Plein jour,Hors agglomération,Hors intersection,Normale,Deux véhicules - frontale,,,,,,,,,,,1,1,1,1.0,1.0
201800017025,0018-06-30 18:45:00,18,6,30,18,45,610,163,INTERSECTION CD21/CD21A,48.66053,-0.51942,Plein jour,En agglomération,Intersection en X,Temps éblouissant,Deux véhicules - côté,,,,,,,,,,,1,2,2,7.0,3.0
201800017026,0018-07-10 15:15:00,18,7,10,15,15,610,487,lieu dit LA FOUTAIE,48.54084,-0.64774,Plein jour,Hors agglomération,Hors intersection,Normale,Autre collision,,,,,,,,,,,1,1,1,1.0,6.0
201800017027,0018-07-24 14:50:00,18,7,24,14,50,610,145,Lieu dit La croix de la,48.56938,-0.58203,Plein jour,Hors agglomération,Hors intersection,Normale,Deux véhicules - frontale,,,,,,,,,,,1,1,1,1.0,1.0
201800017028,0018-07-28 21:00:00,18,7,28,21,0,610,91,D908,48.58939,-0.53799,Crépuscule ou aube,Hors agglomération,Hors intersection,Normale,Autre collision,,,,,,,,,,,2,1,1,1.0,6.0
201800017029,0018-08-24 12:30:00,18,8,24,12,30,610,369,les vallées le coq - -RD,48.61942,-0.64353,Plein jour,Hors agglomération,Intersection en Y,Normale,Deux véhicules - côté,,,,,,,,,,,1,1,4,1.0,3.0
201800017030,0018-08-23 13:30:00,18,8,23,13,30,610,163,La friponnerie,48.65918,-0.5099,Plein jour,En agglomération,Intersection en T,Normale,Deux véhicules - frontale,,,,,,,,,,,1,2,3,1.0,1.0
201800017031,0018-09-02 12:00:00,18,9,2,12,0,610,163,PK 13,48.65775,-0.5078,Plein jour,Hors agglomération,Hors intersection,Normale,Trois véhicules et plus - collisions multiples,,,,,,,,,,,1,1,1,1.0,5.0
201800017032,0018-11-11 06:40:00,18,11,11,6,40,610,145,La rouillère,48.57168,-0.60814,Nuit sans éclairage public,Hors agglomération,Hors intersection,Pluie légère,Autre collision,,,,,,,,,,,3,1,1,2.0,6.0
201800017033,0018-11-27 07:40:00,18,11,27,7,40,610,421,RD21,48.55102,-0.71991,Nuit sans éclairage public,Hors agglomération,Intersection en X,Pluie légère,Deux véhicules - côté,,,,,,,,,,,3,1,2,2.0,3.0
201800017034,0018-12-14 19:20:00,18,12,14,19,20,610,146,"Lieu dit ""La butte rouge",48.60648,-0.57423,Nuit avec éclairage non allumé,Hors agglomération,Hors intersection,Normale,Deux véhicules - arrière,,,,,,,,,,,4,1,1,1.0,2.0
201800017035,0018-04-23 16:45:00,18,4,23,16,45,610,377,La chesneliere,48.7141,-0.71141,Plein jour,Hors agglomération,Hors intersection,Normale,Deux véhicules - frontale,,,,,,,,,,,1,1,1,1.0,1.0
201800017036,0018-04-23 06:00:00,18,4,23,6,0,610,287,la jouvinière,48.81122,-0.56825,Crépuscule ou aube,Hors agglomération,Hors intersection,Normale,Autre collision,,,,,,,,,,,2,1,1,1.0,6.0
201800017037,0018-04-28 14:45:00,18,4,28,14,45,610,486,33 grande rue,48.61329,-0.57015,Plein jour,En agglomération,Intersection en Y,Normale,Deux véhicules - côté,,,,,,,,,,,1,2,4,1.0,3.0
201800017038,0018-06-17 15:30:00,18,6,17,15,30,610,377,"RD 22, Lieu-dit la chesn",48.71364,-0.7108,Plein jour,Hors agglomération,Hors intersection,Normale,Sans collision,,,,,,,,,,,1,1,1,1.0,7.0
201800017039,0018-06-23 10:20:00,18,6,23,10,20,610,353,La royauté,48.78471,-0.46845,Plein jour,Hors agglomération,Hors intersection,Normale,Sans collision,,,,,,,,,,,1,1,1,1.0,7.0
201800017040,0018-06-28 20:00:00,18,6,28,20,0,610,443,les monts,48.73733,-0.62724,Plein jour,Hors agglomération,Intersection en T,Normale,Deux véhicules - côté,,,,,,,,,,,1,1,3,1.0,3.0
201800017041,0018-07-19 20:30:00,18,7,19,20,30,610,222,lieu-dit la prairie,48.75031,-0.6474,Plein jour,Hors agglomération,Hors intersection,Normale,Autre collision,,,,,,,,,,,1,1,1,1.0,6.0
201800017042,0018-08-20 10:30:00,18,8,20,10,30,610,445,le couhan,48.82426,-0.66117,Plein jour,Hors agglomération,Hors intersection,Normale,Autre collision,,,,,,,,,,,1,1,1,1.0,6.0
201800017043,0018-08-24 09:45:00,18,8,24,9,45,610,443,le Val Saunier,48.7491,-0.63206,Plein jour,Hors agglomération,Hors intersection,Normale,Sans collision,,,,,,,,,,,1,1,1,1.0,7.0
201800017044,0018-09-02 05:30:00,18,9,2,5,30,610,447,le clos des canges,48.84692,-0.54284,Nuit sans éclairage public,Hors agglomération,Hors intersection,Normale,Autre collision,,,,,,,,,,,3,1,1,1.0,6.0
201800017045,0018-09-25 14:20:00,18,9,25,14,20,610,30,la fouillée,48.77422,-0.59992,Plein jour,Hors agglomération,Hors intersection,Normale,Deux véhicules - arrière,,,,,,,,,,,1,1,1,1.0,2.0
201800017046,0018-10-16 14:15:00,18,10,16,14,15,610,148,Le domaine,48.7499,-0.42396,Plein jour,Hors agglomération,Intersection en X,Normale,Deux véhicules - côté,,,,,,,,,,,1,1,2,1.0,3.0
201800017047,0018-10-18 23:30:00,18,10,18,23,30,610,292,"lieu-dit ""l'ingrie""",48.78739,-0.6512,Nuit sans éclairage public,Hors agglomération,Hors intersection,Normale,Autre collision,,,,,,,,,,,3,1,1,1.0,6.0
201800017048,0018-11-15 16:00:00,18,11,15,16,0,610,218,le mesnil,48.74814,-0.61209,Plein jour,Hors agglomération,Hors intersection,Normale,Autre collision,,,,,,,,,,,1,1,1,1.0,6.0
201800017049,0018-02-06 05:15:00,18,2,6,5,15,610,463,Le champ du bas,48.62718,-0.42672,Nuit sans éclairage public,Hors agglomération,Hors intersection,Autre,Autre collision,,,,,,,,,,,3,1,1,9.0,6.0
201800017050,0018-02-26 10:55:00,18,2,26,10,55,610,463,D53 - LA HÉRONNIÈRE,48.61681,-0.42081,Plein jour,Hors agglomération,Hors intersection,Normale,Autre collision,,,,,,,,,,,1,1,1,1.0,6.0
201800017051,0018-03-25 14:45:00,18,3,25,14,45,610,243,la forge de cossé,48.5374,-0.31051,Plein jour,Hors agglomération,Hors intersection,Normale,Autre collision,,,,,,,,,,,1,1,1,1.0,6.0
201800017052,0018-04-02 10:40:00,18,4,2,10,40,610,63,la haie,48.73532,-0.37538,Plein jour,Hors agglomération,Hors intersection,Normale,Autre collision,,,,,,,,,,,1,1,1,1.0,6.0
201800017053,0018-04-17 08:00:00,18,4,17,8,0,610,168,rue Pierre NEVEU,48.5905,-0.35538,Plein jour,En agglomération,Hors intersection,Normale,Autre collision,,,,,,,,,,,1,2,1,1.0,6.0
201800017054,0018-06-03 18:20:00,18,6,3,18,20,610,195,CD 19 / CD 856,48.63857,-0.32953,Plein jour,En agglomération,Intersection en T,Normale,Deux véhicules - frontale,,,,,,,,,,,1,2,3,1.0,1.0
201800017055,0018-06-27 21:00:00,18,6,27,21,0,610,211,RD 976,48.55105,-0.51328,Crépuscule ou aube,Hors agglomération,Hors intersection,Temps éblouissant,Trois véhicules et plus - en chaîne,,,,,,,,,,,2,1,1,7.0,4.0
201800017056,0018-07-15 18:50:00,18,7,15,18,50,610,260,Le Chesnet,48.66981,-0.39361,Plein jour,Hors agglomération,Hors intersection,Normale,Sans collision,,,,,,,,,,,1,1,1,1.0,7.0
201800017057,0018-08-16 12:00:00,18,8,16,12,0,610,295,le bourg,48.56788,-0.28332,Plein jour,En agglomération,Hors intersection,Temps éblouissant,Deux véhicules - frontale,,,,,,,,,,,1,2,1,7.0,1.0
201800017058,0018-09-01 18:10:00,18,9,1,18,10,610,63,RUE DE LA FERTÉ MACÉ,48.69786,-0.36673,Plein jour,En agglomération,Intersection en X,Normale,Deux véhicules - côté,,,,,,,,,,,1,2,2,1.0,3.0
201800017059,0018-09-10 16:30:00,18,9,10,16,30,610,463,le bourg,48.62269,-0.41674,Plein jour,En agglomération,Intersection en T,Normale,Autre collision,,,,,,,,,,,1,2,3,1.0,6.0
201800017060,0018-09-30 21:00:00,18,9,30,21,0,610,257,rd 976,48.49796,-0.37956,Nuit sans éclairage public,Hors agglomération,Hors intersection,Normale,Deux véhicules - frontale,,,,,,,,,,,3,1,1,1.0,1.0
201800017061,0018-10-03 15:30:00,18,10,3,15,30,610,186,D976,48.525,-0.46098,Plein jour,Hors agglomération,Hors intersection,Normale,Autre collision,,,,,,,,,,,1,1,1,1.0,6.0
201800017062,0018-10-12 18:45:00,18,10,12,18,45,610,96,Rue des Camélias,48.53616,-0.4758,Crépuscule ou aube,En agglomération,Hors intersection,Normale,Sans collision,,,,,,,,,,,2,2,1,1.0,7.0
201800017063,0018-10-25 16:45:00,18,10,25,16,45,610,483,d53,48.57826,-0.41992,Plein jour,En agglomération,Autre intersection,Normale,Sans collision,,,,,,,,,,,1,2,9,1.0,7.0
201800017064,0018-10-31 17:00:00,18,10,31,17,0,610,257,RD 976,48.50371,-0.38615,Plein jour,En agglomération,Hors intersection,Pluie légère,Autre collision,,,,,,,,,,,1,2,1,2.0,6.0
201800017065,0018-12-02 17:20:00,18,12,2,17,20,610,483,9 avenue robert cousin,48.55772,-0.41866,Nuit avec éclairage allumé,En agglomération,Hors intersection,Pluie légère,Autre collision,,,,,,,,,,,5,2,1,2.0,6.0
201800017066,0018-12-12 07:40:00,18,12,12,7,40,610,211,la sotiniere,48.56225,-0.53632,Crépuscule ou aube,Hors agglomération,Hors intersection,Normale,Sans collision,,,,,,,,,,,2,1,1,1.0,7.0
201800017067,0018-01-30 07:10:00,18,1,30,7,10,610,507,N12,48.55359,0.59212,Nuit sans éclairage public,Hors agglomération,Hors intersection,Brouillard / fumée,Deux véhicules - frontale,,,,,,,,,,,3,1,1,5.0,1.0
201800017068,0018-02-16 22:45:00,18,2,16,22,45,610,475,CD32,48.6317,0.50454,Nuit sans éclairage public,Hors agglomération,Hors intersection,Normale,Autre collision,,,,,,,,,,,3,1,1,1.0,6.0
201800017069,0018-03-02 06:25:00,18,3,2,6,25,610,29,LE VAUROGER,48.5367,0.48685,Nuit sans éclairage public,Hors agglomération,Hors intersection,Temps couvert,Autre collision,,,,,,,,,,,3,1,1,8.0,6.0
201800017070,0018-03-21 13:00:00,18,3,21,13,0,610,48,N12,48.51741,0.45451,Plein jour,Hors agglomération,Hors intersection,Normale,Deux véhicules - côté,,,,,,,,,,,1,1,1,1.0,3.0
201800017071,0018-03-28 07:20:00,18,3,28,7,20,610,66,D912,48.50831,0.41854,Crépuscule ou aube,Hors agglomération,Hors intersection,Pluie légère,Autre collision,,,,,,,,,,,2,1,1,2.0,6.0
201800017072,0018-05-06 12:15:00,18,5,6,12,15,610,414,rue du bourg,48.51276,0.54022,Plein jour,En agglomération,Intersection en X,Normale,Deux véhicules - côté,,,,,,,,,,,1,2,2,1.0,3.0
201800017073,0018-07-17 15:15:00,18,7,17,15,15,610,129,DEPARTEMENTALE 10,48.47871,0.6007,Plein jour,Hors agglomération,Hors intersection,Normale,Autre collision,,,,,,,,,,,1,1,1,1.0,6.0
201800017074,0018-08-06 06:25:00,18,8,6,6,25,610,411,la Gravelle,48.43968,0.45701,Crépuscule ou aube,En agglomération,Intersection en X,Normale,Deux véhicules - côté,,,,,,,,,,,2,2,2,1.0,3.0
201800017075,0018-08-22 21:15:00,18,8,22,21,15,610,476,RD 931,48.38844,0.41602,Crépuscule ou aube,Hors agglomération,Hors intersection,Normale,Autre collision,,,,,,,,,,,2,1,1,1.0,6.0
201800017076,0018-10-28 17:47:00,18,10,28,17,47,610,414,avenue de la gare,48.51176,0.54824,Crépuscule ou aube,En agglomération,Intersection en X,Normale,Deux véhicules - côté,,,,,,,,,,,2,2,2,1.0,3.0
201800017077,0018-11-25 18:30:00,18,11,25,18,30,610,322,D931,48.48078,0.50419,Nuit sans éclairage public,Hors agglomération,Hors intersection,Normale,Sans collision,,,,,,,,,,,3,1,1,1.0,7.0
201800017078,0018-12-17 18:40:00,18,12,17,18,40,610,507,"Lieu-dit ""la Jarretière""",48.54648,0.57423,Nuit sans éclairage public,Hors agglomération,Giratoire,Pluie légère,Autre collision,,,,,,,,,,,3,1,6,2.0,6.0
201800017079,0018-12-21 18:50:00,18,12,21,18,50,610,348,D938,48.48311,0.54667,Nuit sans éclairage public,Hors agglomération,Hors intersection,Temps couvert,Trois véhicules et plus - collisions multiples,,,,,,,,,,,3,1,1,8.0,5.0
201800017080,0018-01-10 20:55:00,18,1,10,20,55,610,140,LES CLOS,48.68729,0.66939,Nuit sans éclairage public,Hors agglomération,Hors intersection,Brouillard / fumée,Deux véhicules - frontale,,,,,,,,,,,3,1,1,5.0,1.0
201800017081,0018-01-12 12:50:00,18,1,12,12,50,610,47,RD 230,48.81289,0.46258,Plein jour,Hors agglomération,Hors intersection,Temps couvert,Autre collision,,,,,,,,,,,1,1,1,8.0,6.0
201800017082,0018-03-02 22:00:00,18,3,2,22,0,610,140,Croisement entre la D918,48.70099,0.66601,Nuit sans éclairage public,Hors agglomération,Intersection en T,Normale,Autre collision,,,,,,,,,,,3,1,3,1.0,6.0
201800017083,0018-06-21 17:40:00,18,6,21,17,40,610,214,rue Louis Pasteur,48.76238,0.62087,Plein jour,En agglomération,Hors intersection,Normale,Deux véhicules - côté,,,,,,,,,,,1,2,1,1.0,3.0
201800017084,0018-07-04 15:20:00,18,7,4,15,20,610,187,D930,48.66168,0.58438,Plein jour,Hors agglomération,Hors intersection,Normale,Deux véhicules - arrière,,,,,,,,,,,1,1,1,1.0,2.0
201800017085,0018-08-15 01:00:00,18,8,15,1,0,610,8,"D278, zone artisanale La",48.72973,0.56007,Nuit sans éclairage public,Hors agglomération,Hors intersection,Normale,Autre collision,,,,,,,,,,,3,1,1,1.0,6.0
201800017086,0018-08-19 05:40:00,18,8,19,5,40,610,440,RUE DU CHEMIN DE FER,48.73658,0.69128,Nuit sans éclairage public,En agglomération,Hors intersection,Normale,Autre collision,,,,,,,,,,,3,2,1,1.0,6.0
201800017087,0018-09-10 17:50:00,18,9,10,17,50,610,140,Lieu-dit Le Buisson,48.68276,0.66254,Plein jour,Hors agglomération,Hors intersection,Normale,Autre collision,,,,,,,,,,,1,1,1,1.0,6.0
201800017088,0018-09-21 11:49:00,18,9,21,11,49,610,92,120 route de Paris,48.75478,0.72211,Plein jour,Hors agglomération,Hors intersection,Normale,Deux véhicules - arrière,,,,,,,,,,,1,1,1,1.0,2.0
201800017089,0018-10-05 07:56:00,18,10,5,7,56,610,432,les Courreux - RD 926,48.75841,0.68485,Crépuscule ou aube,Hors agglomération,Intersection en X,Temps éblouissant,Deux véhicules - côté,,,,,,,,,,,2,1,2,7.0,3.0
201800017090,0018-10-22 15:30:00,18,10,22,15,30,610,214,rue du docteur rouyer,48.76309,0.6267,Plein jour,En agglomération,Intersection en T,Normale,Autre collision,,,,,,,,,,,1,2,3,1.0,6.0
201800017091,0018-10-29 17:10:00,18,10,29,17,10,610,432,D926,48.75717,0.69691,Crépuscule ou aube,Hors agglomération,Hors intersection,Normale,Autre collision,,,,,,,,,,,2,1,1,1.0,6.0