accident_id,datetime,annee,mois,jour,heure,minute,departement,commune_insee,adresse,latitude,longitude,luminosite,agglomeration,intersection,meteo,collision,nb_vehicules,nb_usagers,nb_indemnes,nb_tues,nb_blesses_hosp,nb_blesses_legers,age_cond_1,age_cond_2,veh_type_cond_1,veh_type_cond_2,lum_code,agg_code,int_code,atm_code,col_code
201800017092,0018-10-31 07:30:00,18,10,31,7,30,610,342,ROUTE DÉPARTEMENTALE 220,48.7496,0.55851,Plein jour,Hors agglomération,Hors intersection,Normale,Autre collision,,,,,,,,,,,1,1,1,1.0,6.0
201800017093,0018-12-03 10:50:00,18,12,3,10,50,610,386,"Départementale 13, Lieu-",48.79654,0.43459,Plein jour,Hors agglomération,Hors intersection,Pluie légère,Autre collision,,,,,,,,,,,1,1,1,2.0,6.0
201800017094,0018-12-11 13:40:00,18,12,11,13,40,610,214,51 avenue du perche,48.75258,0.63277,Plein jour,En agglomération,Hors intersection,Temps éblouissant,Autre collision,,,,,,,,,,,1,2,1,7.0,6.0
201800017095,0018-12-19 14:33:00,18,12,19,14,33,610,140,RD918,48.68039,0.67093,Plein jour,Hors agglomération,Hors intersection,Pluie légère,Autre collision,,,,,,,,,,,1,1,1,2.0,6.0
201800017096,0018-02-12 21:30:00,18,2,12,21,30,610,196,Les Vaux Chapperons,48.36663,0.48823,Nuit sans éclairage public,Hors agglomération,Hors intersection,Autre,Autre collision,,,,,,,,,,,3,1,1,9.0,6.0
201800017097,0018-02-16 12:00:00,18,2,16,12,0,610,79,RD 923 - PR 15+050,48.24715,0.69377,Plein jour,Hors agglomération,Intersection en T,Normale,Deux véhicules - côté,,,,,,,,,,,1,1,3,1.0,3.0
201800017098,0018-05-08 17:10:00,18,5,8,17,10,610,426,"PK 20+300, D955",48.37405,0.54405,Plein jour,Hors agglomération,Hors intersection,Normale,Deux véhicules - frontale,,,,,,,,,,,1,1,1,1.0,1.0
201800017099,0018-05-16 14:40:00,18,5,16,14,40,610,319,D276,48.34271,0.42282,Plein jour,Hors agglomération,Hors intersection,Normale,Deux véhicules - frontale,,,,,,,,,,,1,1,1,1.0,1.0
201800017100,0018-05-14 09:30:00,18,5,14,9,30,610,394,9 rue Germaine de Courso,48.27961,0.60658,Plein jour,En agglomération,Hors intersection,Normale,Autre collision,,,,,,,,,,,1,2,1,1.0,6.0
201800017101,0018-07-23 13:34:00,18,7,23,13,34,610,246,RD 923 - PK 10+600 - MAL,48.26206,0.74053,Plein jour,Hors agglomération,Hors intersection,Normale,Autre collision,,,,,,,,,,,1,1,1,1.0,6.0
201800017102,0018-08-01 15:30:00,18,8,1,15,30,610,79,RD 136,48.23054,0.74983,Plein jour,En agglomération,Hors intersection,Temps éblouissant,Autre collision,,,,,,,,,,,1,2,1,7.0,6.0
201800017103,0018-09-02 18:30:00,18,9,2,18,30,610,437,Lieu-dit la Brosse,48.40087,0.5803,Plein jour,Hors agglomération,Hors intersection,Normale,Autre collision,,,,,,,,,,,1,1,1,1.0,6.0
201800017104,0018-12-07 15:50:00,18,12,7,15,50,610,38,Route de Mamers,48.37662,0.55466,Plein jour,En agglomération,Autre intersection,Pluie légère,Deux véhicules - côté,,,,,,,,,,,1,2,9,2.0,3.0
201800017105,0018-02-02 11:35:00,18,2,2,11,35,610,242,"Lieu-dit ""La Tuilerie de",48.51967,0.80612,Plein jour,Hors agglomération,Hors intersection,Normale,Deux véhicules - frontale,,,,,,,,,,,1,1,1,1.0,1.0
201800017106,0018-02-10 14:10:00,18,2,10,14,10,610,250,LE MOULIN DU GUÉ HERSANT,48.57798,0.80261,Plein jour,Hors agglomération,Hors intersection,Neige / grêle,Autre collision,,,,,,,,,,,1,1,1,4.0,6.0
201800017107,0018-03-17 03:15:00,18,3,17,3,15,610,429,lieu dit champthierry,48.62843,0.7334,Nuit sans éclairage public,Hors agglomération,Hors intersection,Normale,Autre collision,,,,,,,,,,,3,1,1,1.0,6.0
201800017108,0018-05-06 13:15:00,18,5,6,13,15,610,345,La Noué,48.41755,0.79974,Plein jour,En agglomération,Hors intersection,Temps éblouissant,Autre collision,,,,,,,,,,,1,2,1,7.0,6.0
201800017109,0018-05-20 22:30:00,18,5,20,22,30,610,116,Route Départementale 203,48.36537,0.89125,Nuit sans éclairage public,Hors agglomération,Hors intersection,Normale,Autre collision,,,,,,,,,,,3,1,1,1.0,6.0
201800017110,0018-06-08 14:35:00,18,6,8,14,35,610,125,RD923,48.37864,0.89566,Plein jour,Hors agglomération,Intersection en T,Normale,Deux véhicules - côté,,,,,,,,,,,1,1,3,1.0,3.0
201800017111,0018-07-01 08:55:00,18,7,1,8,55,610,395,RD 622 - PK 05+500,48.39679,0.83279,Plein jour,Hors agglomération,Hors intersection,Normale,Sans collision,,,,,,,,,,,1,1,1,1.0,7.0
201800017112,0018-07-22 16:45:00,18,7,22,16,45,610,296,LD MOULIN DES BRUYÈRES,48.55066,0.77595,Plein jour,Hors agglomération,Hors intersection,Normale,Sans collision,,,,,,,,,,,1,1,1,1.0,7.0
201800017113,0018-09-02 15:50:00,18,9,2,15,50,610,296,"RD 289, PK 5.5 sens croi",48.5665,0.76625,Plein jour,Hors agglomération,Hors intersection,Normale,Sans collision,,,,,,,,,,,1,1,1,1.0,7.0
201800017114,0018-09-04 16:45:00,18,9,4,16,45,610,429,Route Nationale 12,48.62369,0.72702,Plein jour,Hors agglomération,Intersection en X,Temps couvert,Deux véhicules - côté,,,,,,,,,,,1,1,2,8.0,3.0
201800017115,0018-09-11 19:30:00,18,9,11,19,30,610,116,"Lieu-dit ""Rivray"" - Cond",48.39565,0.86635,Crépuscule ou aube,Hors agglomération,Hors intersection,Normale,Autre collision,,,,,,,,,,,2,1,1,1.0,6.0
201800017116,0018-09-13 20:40:00,18,9,13,20,40,610,335,La guimandière - la pote,48.61912,0.72033,Nuit sans éclairage public,Hors agglomération,Hors intersection,Normale,Trois véhicules et plus - collisions multiples,,,,,,,,,,,3,1,1,1.0,5.0
201800017117,0018-09-24 12:15:00,18,9,24,12,15,610,242,RD8 PK45,48.52472,0.81855,Plein jour,Hors agglomération,Intersection en Y,Normale,Sans collision,,,,,,,,,,,1,1,4,1.0,7.0
201800017118,0018-11-05 17:50:00,18,11,5,17,50,610,45,LE COUDRAY,48.56465,0.6169,Crépuscule ou aube,Hors agglomération,Hors intersection,Normale,Trois véhicules et plus - collisions multiples,,,,,,,,,,,2,1,1,1.0,5.0
201800017119,0018-11-08 11:10:00,18,11,8,11,10,610,42,bel air,48.40966,0.69557,Plein jour,Hors agglomération,Hors intersection,Normale,Deux véhicules - frontale,,,,,,,,,,,1,1,1,1.0,1.0
201800017120,0018-11-20 12:45:00,18,11,20,12,45,610,116,la fourche - coulonges l,48.38655,0.9004,Plein jour,Hors agglomération,Hors intersection,Pluie légère,Autre collision,,,,,,,,,,,1,1,1,2.0,6.0
201800017121,0018-11-27 06:00:00,18,11,27,6,0,610,345,25 AVENUE ALBERT DE MUN,48.43421,0.77627,Nuit avec éclairage allumé,En agglomération,Hors intersection,Brouillard / fumée,Autre collision,,,,,,,,,,,5,2,1,5.0,6.0
201800017122,0018-11-29 11:50:00,18,11,29,11,50,610,61,rue garreau,48.43827,0.88961,Plein jour,En agglomération,Hors intersection,Normale,Autre collision,,,,,,,,,,,1,2,1,1.0,6.0
201800017123,0018-12-08 21:00:00,18,12,8,21,0,610,299,RN 12 - PK 0+ 250,48.67333,0.79269,Nuit sans éclairage public,Hors agglomération,Hors intersection,Pluie forte,Sans collision,,,,,,,,,,,3,1,1,3.0,7.0
201800017124,0018-01-05 19:00:00,18,1,5,19,0,760,255,chaussée de Picardie,50.05225,1.42146,Crépuscule ou aube,En agglomération,Intersection en T,Normale,Autre collision,,,,,,,,,,,2,2,3,1.0,6.0
201800017125,0018-01-13 18:05:00,18,1,13,18,5,760,255,D925,50.06193,1.4244,Crépuscule ou aube,Hors agglomération,Intersection en T,Normale,Deux véhicules - frontale,,,,,,,,,,,2,1,3,1.0,1.0
201800017126,0018-02-07 17:45:00,18,2,7,17,45,760,422,Rue des tilleuls,49.95757,1.47425,Plein jour,En agglomération,Hors intersection,Normale,Trois véhicules et plus - collisions multiples,,,,,,,,,,,1,2,1,1.0,5.0
201800017127,0018-03-14 15:30:00,18,3,14,15,30,760,255,ROUTE D ABBEVILLE,50.06718,1.44744,Plein jour,Hors agglomération,Hors intersection,Normale,Sans collision,,,,,,,,,,,1,1,1,1.0,7.0
201800017128,0018-04-28 16:55:00,18,4,28,16,55,760,374,rue pasteur,50.00921,1.50631,Plein jour,Hors agglomération,Hors intersection,Normale,Autre collision,,,,,,,,,,,1,1,1,1.0,6.0
201800017129,0018-05-08 14:10:00,18,5,8,14,10,760,255,route d'Abbeville D925,50.067,1.44731,Plein jour,Hors agglomération,Intersection en T,Normale,Deux véhicules - côté,,,,,,,,,,,1,1,3,1.0,3.0
201800017130,0018-06-06 12:25:00,18,6,6,12,25,760,618,rue du chasse marée hare,49.96564,1.3041,Plein jour,Hors agglomération,Hors intersection,Normale,Autre collision,,,,,,,,,,,1,1,1,1.0,6.0
201800017131,0018-06-09 11:42:00,18,6,9,11,42,760,711,quai françois 1er,50.06093,1.37208,Plein jour,En agglomération,Hors intersection,Normale,Autre collision,,,,,,,,,,,1,2,1,1.0,6.0
201800017132,0018-07-04 21:00:00,18,7,4,21,0,800,533,D925,50.06081,1.41028,Plein jour,Hors agglomération,Hors intersection,Normale,Sans collision,,,,,,,,,,,1,1,1,1.0,7.0
201800017133,0018-07-29 09:45:00,18,7,29,9,45,760,618,route de DIEPPE,49.9397,1.18413,Plein jour,En agglomération,Giratoire,Normale,Deux véhicules - arrière,,,,,,,,,,,1,2,6,1.0,2.0
201800017134,0018-08-12 18:15:00,18,8,12,18,15,800,533,"115, AV PIERRE CURIE",50.06496,1.39434,Plein jour,En agglomération,Hors intersection,Temps couvert,Autre collision,,,,,,,,,,,1,2,1,8.0,6.0
201800017135,0018-09-25 11:20:00,18,9,25,11,20,760,255,boulevard Gambetta 925C,50.04968,1.4244,Plein jour,En agglomération,Hors intersection,Temps éblouissant,Autre collision,,,,,,,,,,,1,2,1,7.0,6.0
201800017136,0018-10-05 17:00:00,18,10,5,17,0,760,255,Boulevard Victor Hugo,50.04656,1.41581,Plein jour,En agglomération,Hors intersection,Temps éblouissant,Deux véhicules - côté,,,,,,,,,,,1,2,1,7.0,3.0
201800017137,0018-11-20 07:30:00,18,11,20,7,30,800,533,R DES CANADIENS,50.06606,1.3874,Nuit avec éclairage allumé,En agglomération,Hors intersection,Normale,Autre collision,,,,,,,,,,,5,2,1,1.0,6.0
201800017138,0018-11-23 16:10:00,18,11,23,16,10,800,533,AV MARIE ET PIERRE CURIE,50.06541,1.39156,Crépuscule ou aube,En agglomération,Hors intersection,Brouillard / fumée,Deux véhicules - arrière,,,,,,,,,,,2,2,1,5.0,2.0
201800017139,0018-12-06 19:50:00,18,12,6,19,50,760,438,rue des canadiens,49.96761,1.50124,Nuit sans éclairage public,En agglomération,Hors intersection,Pluie légère,Autre collision,,,,,,,,,,,3,2,1,2.0,6.0
201800017140,0018-12-14 17:15:00,18,12,14,17,15,760,618,CD 925 - ST MARTIN EN CA,49.96251,1.23693,Nuit avec éclairage allumé,Hors agglomération,Intersection en X,Normale,Deux véhicules - côté,,,,,,,,,,,5,1,2,1.0,3.0
201800017141,0018-12-20 18:30:00,18,12,20,18,30,800,533,AV MARIE ET PIERRE CURIE,50.06375,1.39935,Nuit avec éclairage allumé,En agglomération,Hors intersection,Normale,Deux véhicules - frontale,,,,,,,,,,,5,2,1,1.0,1.0
201800017142,0018-01-19 18:00:00,18,1,19,18,0,630,453,Jacques DUCLOS,45.78623,3.28141,Crépuscule ou aube,En agglomération,Hors intersection,Normale,Autre collision,,,,,,,,,,,2,2,1,1.0,6.0
201800017143,0018-03-08 08:00:00,18,3,8,8,0,630,334,D 997 - LIEU DIT PUYCUBE,45.66386,3.49334,Crépuscule ou aube,Hors agglomération,Hors intersection,Autre,Autre collision,,,,,,,,,,,2,1,1,9.0,6.0
201800017144,0018-04-23 08:20:00,18,4,23,8,20,630,453,RD 997,45.76692,3.30209,Plein jour,Hors agglomération,Hors intersection,Pluie légère,Trois véhicules et plus - en chaîne,,,,,,,,,,,1,1,1,2.0,4.0
201800017145,0018-05-03 10:15:00,18,5,3,10,15,630,334,Planavel - D 997 - PK 24,45.68179,3.46922,Plein jour,Hors agglomération,Hors intersection,Normale,Autre collision,,,,,,,,,,,1,1,1,1.0,6.0
201800017146,0018-05-05 19:45:00,18,5,5,19,45,630,296,"Lieu-dit ""Moulin Rodier""",45.77501,3.39322,Plein jour,En agglomération,Hors intersection,Normale,Sans collision,,,,,,,,,,,1,2,1,1.0,7.0
201800017147,0018-06-08 07:00:00,18,6,8,7,0,630,40,Avenue de la République,,,Plein jour,En agglomération,Giratoire,Normale,Sans collision,,,,,,,,,,,1,2,6,1.0,7.0
201800017148,0018-06-24 08:30:00,18,6,24,8,30,630,239,Route de la beauté,45.68346,3.35101,Plein jour,Hors agglomération,Hors intersection,Normale,Autre collision,,,,,,,,,,,1,1,1,1.0,6.0
201800017149,0018-09-24 17:00:00,18,9,24,17,0,630,106,D4,45.72642,3.27902,Plein jour,Hors agglomération,Hors intersection,Normale,Sans collision,,,,,,,,,,,1,1,1,1.0,7.0
201800017150,0018-12-08 22:00:00,18,12,8,22,0,630,296,Lieu dit Chez Tareyre -,45.79124,3.39275,Nuit sans éclairage public,Hors agglomération,Hors intersection,Normale,Deux véhicules - côté,,,,,,,,,,,3,1,1,1.0,3.0
201800017151,0018-12-19 18:00:00,18,12,19,18,0,630,40,D212,45.72452,3.28864,Nuit sans éclairage public,Hors agglomération,Hors intersection,Normale,Deux véhicules - frontale,,,,,,,,,,,3,1,1,1.0,1.0
201800017152,0018-12-21 14:45:00,18,12,21,14,45,630,40,rue de la tour,45.72255,3.33622,Plein jour,En agglomération,Intersection en X,Normale,Autre collision,,,,,,,,,,,1,2,2,1.0,6.0
201800017153,0018-01-08 17:15:00,18,1,8,17,15,630,262,D979,45.71137,3.1798,Crépuscule ou aube,Hors agglomération,Giratoire,Normale,Deux véhicules - côté,,,,,,,,,,,2,1,6,1.0,3.0
201800017154,0018-01-11 18:00:00,18,1,11,18,0,630,350,D212,45.72482,3.27848,Crépuscule ou aube,Hors agglomération,Intersection en X,Pluie légère,Deux véhicules - côté,,,,,,,,,,,2,1,2,2.0,3.0
201800017155,0018-01-28 14:00:00,18,1,28,14,0,630,413,CD 792,45.62971,3.17535,Plein jour,Hors agglomération,Hors intersection,Normale,Deux véhicules - frontale,,,,,,,,,,,1,1,1,1.0,1.0
201800017156,0018-04-06 16:35:00,18,4,6,16,35,630,214,rue jean zay,45.69487,3.198,Plein jour,En agglomération,Hors intersection,Normale,Autre collision,,,,,,,,,,,1,2,1,1.0,6.0
201800017157,0018-04-23 18:30:00,18,4,23,18,30,630,413,RD 978 PK 11+800,45.65088,3.16655,Plein jour,Hors agglomération,Hors intersection,Normale,Deux véhicules - côté,,,,,,,,,,,1,1,1,1.0,3.0
201800017158,0018-06-24 12:30:00,18,6,24,12,30,630,455,CD978,45.65251,3.16743,Plein jour,Hors agglomération,Intersection en X,Normale,Deux véhicules - côté,,,,,,,,,,,1,1,2,1.0,3.0
201800017159,0018-07-02 15:25:00,18,7,2,15,25,630,457,Boulevard du Comté,45.66318,3.20793,Plein jour,En agglomération,Giratoire,Normale,Deux véhicules - côté,,,,,,,,,,,1,2,6,1.0,3.0
201800017160,0018-09-05 21:00:00,18,9,5,21,0,630,227,D1,,,Nuit sans éclairage public,Hors agglomération,Hors intersection,Pluie légère,Deux véhicules - frontale,,,,,,,,,,,3,1,1,2.0,1.0
201800017161,0018-09-14 14:00:00,18,9,14,14,0,630,227,AVENUE DE L'ALLIER,45.69145,3.21457,Plein jour,En agglomération,Hors intersection,Normale,Deux véhicules - frontale,,,,,,,,,,,1,2,1,1.0,1.0
201800017162,0018-10-15 20:05:00,18,10,15,20,5,630,405,D225,45.63417,3.30361,Nuit sans éclairage public,Hors agglomération,Hors intersection,Pluie légère,Deux véhicules - frontale,,,,,,,,,,,3,1,1,2.0,1.0
201800017163,0018-11-05 20:05:00,18,11,5,20,5,630,306,intersection D118/D1 che,45.71376,3.22103,Nuit sans éclairage public,Hors agglomération,Intersection en T,Normale,Deux véhicules - arrière,,,,,,,,,,,3,1,3,1.0,2.0
201800017164,0018-01-23 18:10:00,18,1,23,18,10,630,3,48 boulevard Henri IV,45.54881,3.74383,Nuit avec éclairage allumé,En agglomération,Hors intersection,Normale,Autre collision,,,,,,,,,,,5,2,1,1.0,6.0
201800017165,0018-01-29 19:30:00,18,1,29,19,30,630,3,45 bd henri 4,45.54873,3.74443,Nuit avec éclairage allumé,En agglomération,Autre intersection,Normale,Autre collision,,,,,,,,,,,5,2,9,1.0,6.0
201800017166,0018-03-15 13:15:00,18,3,15,13,15,630,341,la roche,45.5532,3.67858,Plein jour,Hors agglomération,Hors intersection,Pluie légère,Deux véhicules - frontale,,,,,,,,,,,1,1,1,2.0,1.0
201800017167,0018-03-17 11:45:00,18,3,17,11,45,630,341,charbaud,,,Plein jour,Hors agglomération,Hors intersection,Normale,Sans collision,,,,,,,,,,,1,1,1,1.0,7.0
201800017168,0018-04-02 12:50:00,18,4,2,12,50,630,394,Lieu dit raffiny,45.48803,3.9025,Plein jour,Hors agglomération,Hors intersection,Normale,Sans collision,,,,,,,,,,,1,1,1,1.0,7.0
201800017169,0018-04-14 19:45:00,18,4,14,19,45,630,179,La Volpie,45.60978,3.75896,Crépuscule ou aube,Hors agglomération,Hors intersection,Pluie légère,Sans collision,,,,,,,,,,,2,1,1,2.0,7.0
201800017170,0018-04-20 21:15:00,18,4,20,21,15,630,341,Aubignat RD 56,,,Nuit avec éclairage non allumé,En agglomération,Hors intersection,Normale,Deux véhicules - frontale,,,,,,,,,,,4,2,1,1.0,1.0
201800017171,0018-05-05 11:15:00,18,5,5,11,15,630,179,La chaux,,,Plein jour,Hors agglomération,Hors intersection,Normale,Deux véhicules - côté,,,,,,,,,,,1,1,1,1.0,3.0
201800017172,0018-05-05 09:45:00,18,5,5,9,45,630,3,lieu-dit le soldat,45.57409,3.74708,Plein jour,Hors agglomération,Giratoire,Normale,Sans collision,,,,,,,,,,,1,1,6,1.0,7.0
201800017173,0018-05-10 16:00:00,18,5,10,16,0,630,221,RD251 PK 10 + 900,45.42065,3.81594,Plein jour,Hors agglomération,Intersection en T,Normale,Deux véhicules - côté,,,,,,,,,,,1,1,3,1.0,3.0
201800017174,0018-06-03 16:10:00,18,6,3,16,10,630,10,"PK 19+400, Rd 300",45.40745,3.70291,Plein jour,Hors agglomération,Hors intersection,Normale,Sans collision,,,,,,,,,,,1,1,1,1.0,7.0
201800017175,0018-06-08 12:55:00,18,6,8,12,55,630,3,LIEU DIT BOISSEYRE,45.5436,3.70848,Plein jour,Hors agglomération,Hors intersection,Normale,Sans collision,,,,,,,,,,,1,1,1,1.0,7.0
201800017176,0018-06-23 13:40:00,18,6,23,13,40,630,374,Route de Grandrif,45.5238,3.8003,Plein jour,Hors agglomération,Hors intersection,Temps éblouissant,Deux véhicules - côté,,,,,,,,,,,1,1,1,7.0,3.0
201800017177,0018-07-11 16:40:00,18,7,11,16,40,630,10,8 place charles DE GAULL,45.41356,3.72446,Plein jour,En agglomération,Hors intersection,Normale,Autre collision,,,,,,,,,,,1,2,1,1.0,6.0
201800017178,0018-07-14 23:30:00,18,7,14,23,30,630,398,RD 265 - PK2,45.40095,3.65869,Nuit sans éclairage public,Hors agglomération,Hors intersection,Normale,Autre collision,,,,,,,,,,,3,1,1,1.0,6.0
201800017179,0018-07-19 08:00:00,18,7,19,8,0,630,3,rue du docteur Chassaing,45.54527,3.74587,Plein jour,En agglomération,Intersection en T,Normale,Deux véhicules - arrière,,,,,,,,,,,1,2,3,1.0,2.0
201800017180,0018-09-28 18:35:00,18,9,28,18,35,630,211,lieu-dit Riols,45.47463,3.71971,Plein jour,Hors agglomération,Intersection en T,Normale,Autre collision,,,,,,,,,,,1,1,3,1.0,6.0
201800017181,0018-10-13 16:15:00,18,10,13,16,15,630,441,Bois de Birou RD 106,45.58857,3.77759,Plein jour,Hors agglomération,Hors intersection,Normale,Sans collision,,,,,,,,,,,1,1,1,1.0,7.0
201800017182,0018-10-21 17:45:00,18,10,21,17,45,630,412,D 251 - pK 18 + 500,,,Crépuscule ou aube,Hors agglomération,Hors intersection,Normale,Sans collision,,,,,,,,,,,2,1,1,1.0,7.0
201800017183,0018-12-02 18:19:00,18,12,2,18,19,630,341,1er ac avec le cond A,45.53234,3.72793,Nuit sans éclairage public,Hors agglomération,Giratoire,Pluie forte,Deux véhicules - frontale,,,,,,,,,,,3,1,6,3.0,1.0
201800017184,0018-12-02 18:20:00,18,12,2,18,20,630,211,2ème ac avec le mê condu,45.50289,3.72708,Nuit sans éclairage public,Hors agglomération,Hors intersection,Pluie forte,Deux véhicules - frontale,,,,,,,,,,,3,1,1,3.0,1.0
201800017185,0018-12-07 20:25:00,18,12,7,20,25,630,211,CD 906 PK/PR 16+910,45.49257,3.72689,Nuit sans éclairage public,Hors agglomération,Hors intersection,Normale,Deux véhicules - côté,,,,,,,,,,,3,1,1,1.0,3.0
201800017186,0018-12-29 11:15:00,18,12,29,11,15,630,465,9 route d'Églisolles,45.4353,3.88559,Plein jour,En agglomération,Autre intersection,Normale,Deux véhicules - frontale,,,,,,,,,,,1,2,9,1.0,1.0
201800017187,0018-07-08 01:45:00,18,7,8,1,45,630,86,Piste forestière,45.62423,3.60935,Nuit sans éclairage public,Hors agglomération,Hors intersection,Normale,Autre collision,,,,,,,,,,,3,1,1,1.0,6.0
201800017188,0018-06-28 15:30:00,18,6,28,15,30,630,162,D 37 - PK 006.500 - Lieu,45.50119,3.58631,Plein jour,Hors agglomération,Hors intersection,Normale,Autre collision,,,,,,,,,,,1,1,1,1.0,6.0
201800017189,0018-07-12 14:00:00,18,7,12,14,0,630,337,D39,45.56076,3.57088,Plein jour,Hors agglomération,Hors intersection,Normale,Deux véhicules - côté,,,,,,,,,,,1,1,1,1.0,3.0
201800017190,0018-07-30 15:56:00,18,7,30,15,56,630,162,"départementale 37, lieu-",45.50352,3.58894,Plein jour,Hors agglomération,Hors intersection,Normale,Deux véhicules - frontale,,,,,,,,,,,1,1,1,1.0,1.0
201800017191,0018-01-04 16:35:00,18,1,4,16,35,630,178,intersection rue des fou,45.54283,3.249,Plein jour,En agglomération,Intersection en T,Normale,Deux véhicules - côté,,,,,,,,,,,1,2,3,1.0,3.0
201800017192,0018-03-02 00:01:00,18,3,2,0,1,630,172,RD 996,,,Nuit sans éclairage public,Hors agglomération,Hors intersection,Normale,Sans collision,,,,,,,,,,,3,1,1,1.0,7.0
201800017193,0018-06-13 08:20:00,18,6,13,8,20,630,178,68 route de perrier,45.54354,3.23773,Plein jour,En agglomération,Hors intersection,Normale,Autre collision,,,,,,,,,,,1,2,1,1.0,6.0
201800017194,0018-06-27 19:00:00,18,6,27,19,0,630,178,boulevard JF KENNEDY,45.5468,3.24929,Plein jour,En agglomération,Hors intersection,Normale,Deux véhicules - arrière,,,,,,,,,,,1,2,1,1.0,2.0
201800017195,0018-06-29 23:45:00,18,6,29,23,45,630,178,Carrefour Marius Courtia,45.54426,3.24179,Nuit avec éclairage allumé,En agglomération,Giratoire,Normale,Deux véhicules - côté,,,,,,,,,,,5,2,6,1.0,3.0
201800017196,0018-07-16 09:55:00,18,7,16,9,55,630,80,D 978,45.59154,3.142,Plein jour,Hors agglomération,Hors intersection,Normale,Autre collision,,,,,,,,,,,1,1,1,1.0,6.0
201800017197,0018-08-04 11:00:00,18,8,4,11,0,630,54,D718,,,Plein jour,Hors agglomération,Hors intersection,Normale,Deux véhicules - frontale,,,,,,,,,,,1,1,1,1.0,1.0
201800017198,0018-08-21 17:55:00,18,8,21,17,55,630,109,Intersec CD26 et CD23,45.55085,3.16218,Plein jour,Hors agglomération,Intersection en T,Normale,Autre collision,,,,,,,,,,,1,1,3,1.0,6.0
201800017199,0018-10-04 07:55:00,18,10,4,7,55,630,178,Rue du 14 juillet,45.54809,3.24505,Plein jour,En agglomération,Hors intersection,Normale,Deux véhicules - côté,,,,,,,,,,,1,2,1,1.0,3.0
201800017200,0018-10-28 17:45:00,18,10,28,17,45,630,178,D996 - route de Parentig,45.54356,3.27268,Nuit sans éclairage public,Hors agglomération,Autre intersection,Pluie forte,Deux véhicules - frontale,,,,,,,,,,,3,1,9,3.0,1.0
201800017201,0018-12-26 11:30:00,18,12,26,11,30,630,178,boulevard Jules Cibrand,45.54494,3.25104,Plein jour,En agglomération,Intersection en X,Normale,Autre collision,,,,,,,,,,,1,2,2,1.0,6.0
201800017202,0018-02-10 17:00:00,18,2,10,17,0,630,375,D24,45.48995,3.32724,Plein jour,Hors agglomération,Hors intersection,Normale,Autre collision,,,,,,,,,,,1,1,1,1.0,6.0
201800017203,0018-06-07 17:45:00,18,6,7,17,45,630,50,avenue du chateau,45.40871,3.32711,Plein jour,En agglomération,Giratoire,Normale,Deux véhicules - côté,,,,,,,,,,,1,2,6,1.0,3.0
201800017204,0018-06-30 15:45:00,18,6,30,15,45,630,448,D999 - PK 24+500,45.4688,3.51544,Plein jour,Hors agglomération,Intersection en T,Normale,Autre collision,,,,,,,,,,,1,1,3,1.0,6.0
201800017205,0018-10-27 01:40:00,18,10,27,1,40,630,182,rue du pont d'allier,45.42838,3.33377,Nuit avec éclairage allumé,En agglomération,Intersection en Y,Normale,Autre collision,,,,,,,,,,,5,2,4,1.0,6.0
201800017206,0018-11-03 06:20:00,18,11,3,6,20,630,366,lieu dit ventalon RD214,45.51335,3.35222,Nuit avec éclairage allumé,Hors agglomération,Intersection en X,Normale,Autre collision,,,,,,,,,,,5,1,2,1.0,6.0
201800017207,0018-11-24 10:15:00,18,11,24,10,15,630,444,RD 996 - PK 70,,,Plein jour,Hors agglomération,Hors intersection,Normale,Autre collision,,,,,,,,,,,1,1,1,1.0,6.0
201800017208,0018-04-06 18:40:00,18,4,6,18,40,630,114,RD 214,45.43966,3.20923,Plein jour,Hors agglomération,Intersection en X,Normale,Deux véhicules - arrière,,,,,,,,,,,1,1,2,1.0,2.0
201800017209,0018-07-17 19:15:00,18,7,17,19,15,630,7,RD28,,,Plein jour,Hors agglomération,Hors intersection,Normale,Deux véhicules - frontale,,,,,,,,,,,1,1,1,1.0,1.0
201800017210,0018-08-05 00:40:00,18,8,5,0,40,630,352,PK 7+200,45.46999,3.23373,Nuit sans éclairage public,Hors agglomération,Hors intersection,Normale,Deux véhicules - frontale,,,,,,,,,,,3,1,1,1.0,1.0
201800017211,0018-08-20 14:00:00,18,8,20,14,0,630,9,D 28,,,Plein jour,Hors agglomération,Hors intersection,Normale,Sans collision,,,,,,,,,,,1,1,1,1.0,7.0
201800017212,0018-11-03 00:01:00,18,11,3,0,1,630,299,CD 142 PK 7+600,45.4292,3.14794,Nuit sans éclairage public,Hors agglomération,Hors intersection,Autre,Sans collision,,,,,,,,,,,3,1,1,9.0,7.0
201800017213,0018-11-10 17:30:00,18,11,10,17,30,630,352,rd 214,45.44896,3.22206,Crépuscule ou aube,Hors agglomération,Hors intersection,Pluie légère,Sans collision,,,,,,,,,,,2,1,1,2.0,7.0