accident_id,datetime,annee,mois,jour,heure,minute,departement,commune_insee,adresse,latitude,longitude,luminosite,agglomeration,intersection,meteo,collision,nb_vehicules,nb_usagers,nb_indemnes,nb_tues,nb_blesses_hosp,nb_blesses_legers,age_cond_1,age_cond_2,veh_type_cond_1,veh_type_cond_2,lum_code,agg_code,int_code,atm_code,col_code
201800017214,0018-06-22 17:45:00,18,6,22,17,45,630,397,D996 - pk 002+700,45.60057,2.70959,Plein jour,Hors agglomération,Hors intersection,Normale,Autre collision,,,,,,,,,,,1,1,1,1.0,6.0
201800017215,0018-06-23 18:55:00,18,6,23,18,55,630,236,rd 36 PK 53+900 croissan,,,Plein jour,Hors agglomération,Hors intersection,Normale,Autre collision,,,,,,,,,,,1,1,1,1.0,6.0
201800017216,0018-08-09 09:30:00,18,8,9,9,30,630,397,"cd 996, pk2",45.59834,2.71452,Plein jour,Hors agglomération,Hors intersection,Temps couvert,Deux véhicules - frontale,,,,,,,,,,,1,1,1,8.0,1.0
201800017217,0018-08-11 11:15:00,18,8,11,11,15,630,426,RD 922,45.55248,2.61749,Plein jour,Hors agglomération,Intersection en T,Normale,Trois véhicules et plus - collisions multiples,,,,,,,,,,,1,1,3,1.0,5.0
201800017218,0018-09-11 13:30:00,18,9,11,13,30,630,236,rue de la saigne,45.56713,2.81335,Plein jour,En agglomération,Intersection en Y,Normale,Deux véhicules - côté,,,,,,,,,,,1,2,4,1.0,3.0
201800017219,0018-12-29 02:45:00,18,12,29,2,45,630,192,rue de la pavade,45.53307,2.68959,Nuit sans éclairage public,En agglomération,Hors intersection,Normale,Autre collision,,,,,,,,,,,3,2,1,1.0,6.0
201800017220,0018-02-11 17:30:00,18,2,11,17,30,630,332,route du puy de dôme,,,Plein jour,Hors agglomération,Hors intersection,Temps couvert,Deux véhicules - frontale,,,,,,,,,,,1,1,1,8.0,1.0
201800017221,0018-02-18 10:11:00,18,2,18,10,11,630,148,D210-D224,45.89429,3.23527,Plein jour,Hors agglomération,Giratoire,Normale,Sans collision,,,,,,,,,,,1,1,6,1.0,7.0
201800017222,0018-04-19 18:40:00,18,4,19,18,40,630,148,route de Clermont,45.89412,3.22462,Plein jour,En agglomération,Intersection en X,Normale,Deux véhicules - côté,,,,,,,,,,,1,2,2,1.0,3.0
201800017223,0018-04-27 15:05:00,18,4,27,15,5,630,295,19 rue commerce/rue Riom,46.01412,3.35366,Plein jour,En agglomération,Intersection en X,Normale,Deux véhicules - côté,,,,,,,,,,,1,2,2,1.0,3.0
201800017224,0018-05-04 20:50:00,18,5,4,20,50,630,372,CD 224 PK 18+47,,,Nuit sans éclairage public,Hors agglomération,Hors intersection,Normale,Sans collision,,,,,,,,,,,3,1,1,1.0,7.0
201800017225,0018-05-31 17:50:00,18,5,31,17,50,630,89,CD 210 E,45.87003,3.221,Plein jour,En agglomération,Intersection en T,Pluie légère,Deux véhicules - côté,,,,,,,,,,,1,2,3,2.0,3.0
201800017226,0018-10-27 22:45:00,18,10,27,22,45,630,332,6ter & 8 ter rue du puy,45.99575,3.29353,Nuit avec éclairage allumé,En agglomération,Hors intersection,Normale,Autre collision,,,,,,,,,,,5,2,1,1.0,6.0
201800017227,0018-12-17 13:55:00,18,12,17,13,55,630,362,CD210,45.91692,3.2403,Plein jour,Hors agglomération,Intersection en X,Normale,Deux véhicules - frontale,,,,,,,,,,,1,1,2,1.0,1.0
201800017228,0018-12-21 21:30:00,18,12,21,21,30,630,443,3 rue du Maréchal,45.94232,3.18471,Nuit avec éclairage allumé,En agglomération,Intersection en X,Normale,Autre collision,,,,,,,,,,,5,2,2,1.0,6.0
201800017229,0018-12-31 18:15:00,18,12,31,18,15,630,424,D91,45.94081,3.2679,Nuit sans éclairage public,Hors agglomération,Hors intersection,Normale,Autre collision,,,,,,,,,,,3,1,1,1.0,6.0
201800017230,0018-01-16 18:15:00,18,1,16,18,15,630,55,av des combrailles/Forge,45.83824,2.81936,Nuit avec éclairage allumé,En agglomération,Intersection en T,Pluie forte,Autre collision,,,,,,,,,,,5,2,3,3.0,6.0
201800017231,0018-02-17 12:00:00,18,2,17,12,0,630,85,Départementale 62,45.88557,2.86828,Plein jour,Hors agglomération,Hors intersection,Pluie légère,Sans collision,,,,,,,,,,,1,1,1,2.0,7.0
201800017232,0018-05-15 10:00:00,18,5,15,10,0,630,290,Route départementale 90,45.90098,2.92225,Plein jour,Hors agglomération,Hors intersection,Brouillard / fumée,Autre collision,,,,,,,,,,,1,1,1,5.0,6.0
201800017233,0018-06-10 15:50:00,18,6,10,15,50,630,170,RD 941,45.84366,2.7671,Plein jour,Hors agglomération,Hors intersection,Pluie forte,Deux véhicules - frontale,,,,,,,,,,,1,1,1,3.0,1.0
201800017234,0018-07-13 09:00:00,18,7,13,9,0,630,237,lieu dit les besses,45.92735,2.54785,Plein jour,Hors agglomération,Hors intersection,Temps éblouissant,Deux véhicules - frontale,,,,,,,,,,,1,1,1,7.0,1.0
201800017235,0018-07-18 17:15:00,18,7,18,17,15,630,320,Beaublange,45.90479,2.54645,Plein jour,Hors agglomération,Hors intersection,Normale,Deux véhicules - frontale,,,,,,,,,,,1,1,1,1.0,1.0
201800017236,0018-08-04 15:20:00,18,8,4,15,20,630,85,Rd 62,,,Plein jour,Hors agglomération,Hors intersection,Normale,Deux véhicules - frontale,,,,,,,,,,,1,1,1,1.0,1.0
201800017237,0018-08-05 11:00:00,18,8,5,11,0,630,283,lieu dit montglandier,,,Plein jour,Hors agglomération,Hors intersection,Normale,Autre collision,,,,,,,,,,,1,1,1,1.0,6.0
201800017238,0018-08-07 12:20:00,18,8,7,12,20,630,290,CD 90 - PK 35 +100,45.90008,2.92329,Plein jour,Hors agglomération,Intersection en X,Normale,Deux véhicules - côté,,,,,,,,,,,1,1,2,1.0,3.0
201800017239,0018-10-07 09:15:00,18,10,7,9,15,630,170,D941,45.83601,2.73541,Plein jour,Hors agglomération,Hors intersection,Pluie légère,Autre collision,,,,,,,,,,,1,1,1,2.0,6.0
201800017240,0018-10-12 17:30:00,18,10,12,17,30,630,385,lieu dit BONNABEAU,45.78787,2.84231,Plein jour,En agglomération,Hors intersection,Normale,Sans collision,,,,,,,,,,,1,2,1,1.0,7.0
201800017241,0018-10-28 13:00:00,18,10,28,13,0,630,228,Lieu-dit Grégotier,45.90836,2.70207,Plein jour,Hors agglomération,Hors intersection,Pluie légère,Autre collision,,,,,,,,,,,1,1,1,2.0,6.0
201800017242,0018-11-01 17:15:00,18,11,1,17,15,630,118,Le bourg,45.85194,2.56289,Crépuscule ou aube,En agglomération,Intersection en X,Normale,Sans collision,,,,,,,,,,,2,2,2,1.0,7.0
201800017243,0018-03-01 07:50:00,18,3,1,7,50,630,281,rd 1089,46.1261,2.67817,Crépuscule ou aube,Hors agglomération,Hors intersection,Temps couvert,Autre collision,,,,,,,,,,,2,1,1,8.0,6.0
201800017244,0018-06-30 12:10:00,18,6,30,12,10,630,67,"RD 227, lieu dit le fas",,,Plein jour,Hors agglomération,Hors intersection,Normale,Sans collision,,,,,,,,,,,1,1,1,1.0,7.0
201800017245,0018-08-01 19:55:00,18,8,1,19,55,630,391,le bourg,,,Plein jour,En agglomération,Hors intersection,Normale,Sans collision,,,,,,,,,,,1,2,1,1.0,7.0
201800017246,0018-08-12 18:00:00,18,8,12,18,0,630,391,RD 109 PK 07+100,,,Plein jour,Hors agglomération,Hors intersection,Normale,Sans collision,,,,,,,,,,,1,1,1,1.0,7.0
201800017247,0018-08-24 14:15:00,18,8,24,14,15,630,338,Le sucharet,46.14686,2.8244,Plein jour,Hors agglomération,Hors intersection,Pluie légère,Autre collision,,,,,,,,,,,1,1,1,2.0,6.0
201800017248,0018-08-24 12:50:00,18,8,24,12,50,630,391,RD16,46.06887,2.96502,Plein jour,Hors agglomération,Hors intersection,Pluie légère,Autre collision,,,,,,,,,,,1,1,1,2.0,6.0
201800017249,0018-09-15 17:55:00,18,9,15,17,55,630,344,Route départementale 16,46.10146,2.99218,Plein jour,Hors agglomération,Hors intersection,Normale,Autre collision,,,,,,,,,,,1,1,1,1.0,6.0
201800017250,0018-12-17 14:00:00,18,12,17,14,0,630,286,Lieu-dit LA CARRIÈRE,46.09203,2.95762,Plein jour,Hors agglomération,Hors intersection,Temps couvert,Autre collision,,,,,,,,,,,1,1,1,8.0,6.0
201800017251,0018-12-27 20:30:00,18,12,27,20,30,630,338,rue des brandes,46.16233,2.82991,Nuit sans éclairage public,En agglomération,Hors intersection,Normale,Autre collision,,,,,,,,,,,3,2,1,1.0,6.0
201800017252,0018-01-05 17:20:00,18,1,5,17,20,630,430,22 avenue du général DE,45.84325,3.51674,Nuit avec éclairage allumé,En agglomération,Hors intersection,Pluie forte,Autre collision,,,,,,,,,,,5,2,1,3.0,6.0
201800017253,0018-02-11 10:45:00,18,2,11,10,45,630,276,Lieu dit Vernières,45.83225,3.48518,Plein jour,Hors agglomération,Hors intersection,Pluie légère,Deux véhicules - frontale,,,,,,,,,,,1,1,1,2.0,1.0
201800017254,0018-03-10 06:15:00,18,3,10,6,15,630,138,Lieu-dit MAILLET,45.89513,3.4965,Nuit sans éclairage public,Hors agglomération,Hors intersection,Pluie forte,Autre collision,,,,,,,,,,,3,1,1,3.0,6.0
201800017255,0018-04-24 07:40:00,18,4,24,7,40,630,430,rue torpilleur sirrocco,45.83946,3.51288,Plein jour,En agglomération,Hors intersection,Brouillard / fumée,Autre collision,,,,,,,,,,,1,2,1,5.0,6.0
201800017256,0018-04-26 07:00:00,18,4,26,7,0,630,276,croisement D335 et D906,45.83209,3.46047,Plein jour,Hors agglomération,Intersection en X,Normale,Deux véhicules - côté,,,,,,,,,,,1,1,2,1.0,3.0
201800017257,0018-05-27 16:20:00,18,5,27,16,20,630,430,D44,45.8649,3.50087,Plein jour,Hors agglomération,Intersection en Y,Pluie forte,Deux véhicules - côté,,,,,,,,,,,1,1,4,3.0,3.0
201800017258,0018-06-02 12:50:00,18,6,2,12,50,630,267,Les Pins des Sarraix,45.89756,3.63448,Plein jour,Hors agglomération,Hors intersection,Normale,Deux véhicules - frontale,,,,,,,,,,,1,1,1,1.0,1.0
201800017259,0018-06-17 08:20:00,18,6,17,8,20,630,72,la goutte du mouchon,45.87826,3.68589,Plein jour,Hors agglomération,Hors intersection,Normale,Sans collision,,,,,,,,,,,1,1,1,1.0,7.0
201800017260,0018-06-29 08:30:00,18,6,29,8,30,630,430,iloa,45.87203,3.48712,Plein jour,Hors agglomération,Intersection en X,Normale,Deux véhicules - côté,,,,,,,,,,,1,1,2,1.0,3.0
201800017261,0018-07-30 18:00:00,18,7,30,18,0,630,276,44 route de billom,45.82725,3.48678,Plein jour,En agglomération,Hors intersection,Normale,Sans collision,,,,,,,,,,,1,2,1,1.0,7.0
201800017262,0018-08-13 13:15:00,18,8,13,13,15,630,276,Lieu dit Vernières,,,Plein jour,Hors agglomération,Hors intersection,Normale,Deux véhicules - frontale,,,,,,,,,,,1,1,1,1.0,1.0
201800017263,0018-08-13 14:40:00,18,8,13,14,40,630,430,membrun,46.50968,2.65871,Plein jour,Hors agglomération,Autre intersection,Normale,Sans collision,,,,,,,,,,,1,1,9,1.0,7.0
201800017264,0018-09-01 10:00:00,18,9,1,10,0,630,463,Lieu dit Fontbonne,45.81855,3.69601,Plein jour,Hors agglomération,Hors intersection,Normale,Autre collision,,,,,,,,,,,1,1,1,1.0,6.0
201800017265,0018-09-30 13:20:00,18,9,30,13,20,630,430,Avenue Joseph Claussat,45.85553,3.55177,Plein jour,En agglomération,Hors intersection,Normale,Sans collision,,,,,,,,,,,1,2,1,1.0,7.0
201800017266,0018-11-08 17:45:00,18,11,8,17,45,630,430,avenue Léo Lagrange,45.84905,3.53525,Nuit avec éclairage allumé,En agglomération,Intersection en T,Normale,Deux véhicules - côté,,,,,,,,,,,5,2,3,1.0,3.0
201800017267,0018-11-26 17:30:00,18,11,26,17,30,630,72,rue de Clermont,45.87849,3.68696,Nuit avec éclairage allumé,En agglomération,Hors intersection,Pluie légère,Autre collision,,,,,,,,,,,5,2,1,2.0,6.0
201800017268,0018-12-18 08:59:00,18,12,18,8,59,630,430,D906- ZI DU FELET,45.85404,3.50902,Nuit avec éclairage allumé,Hors agglomération,Hors intersection,Normale,Deux véhicules - frontale,,,,,,,,,,,5,1,1,1.0,1.0
201800017269,0018-02-15 15:00:00,18,2,15,15,0,630,265,rd 224,45.8845,3.44842,Plein jour,Hors agglomération,Intersection en T,Temps couvert,Deux véhicules - frontale,,,,,,,,,,,1,1,3,8.0,1.0
201800017270,0018-05-18 16:10:00,18,5,18,16,10,630,195,Rue des augustins,45.82704,3.37718,Plein jour,En agglomération,Autre intersection,Normale,Autre collision,,,,,,,,,,,1,2,9,1.0,6.0
201800017271,0018-05-19 15:30:00,18,5,19,15,30,630,298,vialle,45.73223,3.70576,Plein jour,Hors agglomération,Hors intersection,Normale,Autre collision,,,,,,,,,,,1,1,1,1.0,6.0
201800017272,0018-05-14 14:44:00,18,5,14,14,44,630,194,D327 PK 8+700,45.8325,3.32029,Plein jour,Hors agglomération,Hors intersection,Pluie forte,Deux véhicules - frontale,,,,,,,,,,,1,1,1,3.0,1.0
201800017273,0018-07-12 19:10:00,18,7,12,19,10,630,195,D2089 - PK34,45.82176,3.35783,Plein jour,Hors agglomération,Hors intersection,Normale,Deux véhicules - frontale,,,,,,,,,,,1,1,1,1.0,1.0
201800017274,0018-07-10 13:00:00,18,7,10,13,0,630,125,14 rue de Lagat,45.76354,3.54125,Plein jour,En agglomération,Hors intersection,Normale,Autre collision,,,,,,,,,,,1,2,1,1.0,6.0
201800017275,0018-07-27 17:15:00,18,7,27,17,15,630,58,Les jouberts,45.8816,3.39291,Plein jour,Hors agglomération,Hors intersection,Temps couvert,Deux véhicules - côté,,,,,,,,,,,1,1,1,8.0,3.0
201800017276,0018-09-06 12:20:00,18,9,6,12,20,630,125,D 223,45.7689,3.5219,Plein jour,Hors agglomération,Hors intersection,Pluie légère,Sans collision,,,,,,,,,,,1,1,1,2.0,7.0
201800017277,0018-09-30 11:45:00,18,9,30,11,45,630,195,INTERSECTION D115 ET D22,45.8037,3.37157,Plein jour,Hors agglomération,Intersection en Y,Normale,Deux véhicules - côté,,,,,,,,,,,1,1,4,1.0,3.0
201800017278,0018-12-13 21:15:00,18,12,13,21,15,630,15,Lieu dit la croix neuve,45.75592,3.60438,Nuit sans éclairage public,Hors agglomération,Hors intersection,Brouillard / fumée,Autre collision,,,,,,,,,,,3,1,1,5.0,6.0
201800017279,0018-01-05 17:30:00,18,1,5,17,30,630,291,Rue des caves,45.96408,3.47046,Nuit sans éclairage public,En agglomération,Hors intersection,Pluie légère,Sans collision,,,,,,,,,,,3,2,1,2.0,7.0
201800017280,0018-01-27 05:43:00,18,1,27,5,43,630,210,D 223,45.91736,3.36102,Nuit sans éclairage public,Hors agglomération,Hors intersection,Normale,Autre collision,,,,,,,,,,,3,1,1,1.0,6.0
201800017281,0018-03-12 17:30:00,18,3,12,17,30,630,180,"D 327, lieu dit Medagues",,,Plein jour,Hors agglomération,Hors intersection,Pluie légère,Autre collision,,,,,,,,,,,1,1,1,2.0,6.0
201800017282,0018-04-20 16:25:00,18,4,20,16,25,630,180,ROUTE DE LEMPTY,45.85074,3.31674,Plein jour,Hors agglomération,Hors intersection,Normale,Deux véhicules - frontale,,,,,,,,,,,1,1,1,1.0,1.0
201800017283,0018-08-15 14:45:00,18,8,15,14,45,630,271,La chauprillade,45.90161,3.51665,Plein jour,En agglomération,Intersection en Y,Normale,Autre collision,,,,,,,,,,,1,2,4,1.0,6.0
201800017284,0018-08-29 15:14:00,18,8,29,15,14,630,271,D906 PK 83+400,45.92474,3.50355,Plein jour,En agglomération,Intersection en T,Normale,Deux véhicules - côté,,,,,,,,,,,1,2,3,1.0,3.0
201800017285,0018-09-01 13:45:00,18,9,1,13,45,630,271,"106 route de Thiers, lie",45.91055,3.51649,Plein jour,Hors agglomération,Hors intersection,Normale,Autre collision,,,,,,,,,,,1,1,1,1.0,6.0
201800017286,0018-10-28 18:15:00,18,10,28,18,15,630,128,RD 224 - PK 12+400,45.90557,3.38785,Nuit sans éclairage public,Hors agglomération,Hors intersection,Pluie légère,Sans collision,,,,,,,,,,,3,1,1,2.0,7.0
201800017287,0018-03-01 07:20:00,18,3,1,7,20,890,478,D 606,47.69074,3.64895,Crépuscule ou aube,Hors agglomération,Hors intersection,Neige / grêle,Trois véhicules et plus - en chaîne,,,,,,,,,,,2,1,1,4.0,4.0
201800017288,0018-03-09 19:00:00,18,3,9,19,0,890,478,RD38,47.70618,3.63623,Nuit avec éclairage non allumé,En agglomération,Hors intersection,Normale,Deux véhicules - frontale,,,,,,,,,,,4,2,1,1.0,1.0
201800017289,0018-04-25 21:30:00,18,4,25,21,30,890,256,Route de Courson,47.67046,3.53262,Nuit sans éclairage public,Hors agglomération,Hors intersection,Autre,Autre collision,,,,,,,,,,,3,1,1,9.0,6.0
201800017290,0018-05-14 07:00:00,18,5,14,7,0,890,237,CD 950 - AVIGNY,47.58577,3.71003,Crépuscule ou aube,En agglomération,Intersection en X,Pluie forte,Deux véhicules - côté,,,,,,,,,,,2,2,2,3.0,3.0
201800017291,0018-05-17 22:40:00,18,5,17,22,40,890,125,RN 151,47.60447,3.50096,Nuit sans éclairage public,Hors agglomération,Hors intersection,Normale,Deux véhicules - frontale,,,,,,,,,,,3,1,1,1.0,1.0
201800017292,0018-05-31 06:55:00,18,5,31,6,55,890,155,D606 PK97+680,47.71736,3.61556,Crépuscule ou aube,Hors agglomération,Hors intersection,Normale,Deux véhicules - frontale,,,,,,,,,,,2,1,1,1.0,1.0
201800017293,0018-07-05 15:00:00,18,7,5,15,0,890,233,D606,47.62927,3.74436,Plein jour,En agglomération,Hors intersection,Pluie légère,Deux véhicules - arrière,,,,,,,,,,,1,2,1,2.0,2.0
201800017294,0018-07-23 00:45:00,18,7,23,0,45,890,30,chemin vicinal,47.64399,3.60641,Nuit sans éclairage public,Hors agglomération,Hors intersection,Normale,Autre collision,,,,,,,,,,,3,1,1,1.0,6.0
201800017295,0018-11-10 01:30:00,18,11,10,1,30,890,478,D100,47.67917,3.65567,Nuit sans éclairage public,Hors agglomération,Hors intersection,Normale,Autre collision,,,,,,,,,,,3,1,1,1.0,6.0
201800017296,0018-12-13 11:26:00,18,12,13,11,26,890,283,Départementale 85,47.6447,3.39722,Plein jour,Hors agglomération,Hors intersection,Autre,Sans collision,,,,,,,,,,,1,1,1,9.0,7.0
201800017297,0018-02-10 05:20:00,18,2,10,5,20,890,382,avenue Colbert,47.9071,3.60086,Nuit avec éclairage non allumé,En agglomération,Intersection en T,Normale,Deux véhicules - côté,,,,,,,,,,,4,2,3,1.0,3.0
201800017298,0018-02-20 19:20:00,18,2,20,19,20,890,198,D48,47.88035,3.54081,Nuit sans éclairage public,Hors agglomération,Hors intersection,Normale,Sans collision,,,,,,,,,,,3,1,1,1.0,7.0
201800017299,0018-03-14 13:45:00,18,3,14,13,45,890,68,rue du pressoir,47.81597,3.78268,Plein jour,En agglomération,Intersection en X,Normale,Deux véhicules - côté,,,,,,,,,,,1,2,2,1.0,3.0
201800017300,0018-04-25 15:30:00,18,4,25,15,30,890,68,RD 62,47.81315,3.79659,Plein jour,En agglomération,Intersection en X,Normale,Sans collision,,,,,,,,,,,1,2,2,1.0,7.0
201800017301,0018-05-18 17:30:00,18,5,18,17,30,890,382,RD84,47.89975,3.59807,Plein jour,En agglomération,Intersection en T,Normale,Deux véhicules - côté,,,,,,,,,,,1,2,3,1.0,3.0
201800017302,0018-05-19 15:30:00,18,5,19,15,30,890,307,INTERSECTION N77/D8,47.89059,3.71142,Plein jour,Hors agglomération,Intersection à plus de 4 branches,Normale,Deux véhicules - côté,,,,,,,,,,,1,1,5,1.0,3.0
201800017303,0018-05-24 20:30:00,18,5,24,20,30,890,31,D80 PK 6,47.91288,3.55938,Plein jour,Hors agglomération,Hors intersection,Normale,Sans collision,,,,,,,,,,,1,1,1,1.0,7.0
201800017304,0018-06-06 21:59:00,18,6,6,21,59,890,201,RD 91 sens HAUTERIVE / L,47.92776,3.63448,Nuit sans éclairage public,Hors agglomération,Hors intersection,Normale,Autre collision,,,,,,,,,,,3,1,1,1.0,6.0
201800017305,0018-07-02 17:15:00,18,7,2,17,15,890,200,D91,47.9319,3.58474,Plein jour,Hors agglomération,Hors intersection,Normale,Deux véhicules - frontale,,,,,,,,,,,1,1,1,1.0,1.0
201800017306,0018-07-02 10:00:00,18,7,2,10,0,890,382,Départementale 84,47.90857,3.60129,Plein jour,En agglomération,Intersection en X,Normale,Deux véhicules - côté,,,,,,,,,,,1,2,2,1.0,3.0
201800017307,0018-07-09 14:30:00,18,7,9,14,30,890,34,D965,47.81275,3.70478,Plein jour,Hors agglomération,Hors intersection,Normale,Autre collision,,,,,,,,,,,1,1,1,1.0,6.0
201800017308,0018-07-13 13:00:00,18,7,13,13,0,890,13,Nationale 6,47.84749,3.54754,Plein jour,Hors agglomération,Hors intersection,Normale,Deux véhicules - frontale,,,,,,,,,,,1,1,1,1.0,1.0
201800017309,0018-08-01 11:45:00,18,8,1,11,45,890,263,Avenue de paris,47.84799,3.55869,Plein jour,Hors agglomération,Hors intersection,Normale,Autre collision,,,,,,,,,,,1,1,1,1.0,6.0
201800017310,0018-08-14 19:00:00,18,8,14,19,0,890,34,D524,47.82036,3.70786,Plein jour,Hors agglomération,Hors intersection,Normale,Sans collision,,,,,,,,,,,1,1,1,1.0,7.0
201800017311,0018-08-18 05:30:00,18,8,18,5,30,890,226,N77,47.88562,3.70896,Crépuscule ou aube,Hors agglomération,Hors intersection,Normale,Autre collision,,,,,,,,,,,2,1,1,1.0,6.0
201800017312,0018-09-01 13:50:00,18,9,1,13,50,890,263,3 rue des marronniers -,47.85789,3.61632,Plein jour,En agglomération,Hors intersection,Normale,Autre collision,,,,,,,,,,,1,2,1,1.0,6.0
201800017313,0018-09-13 18:15:00,18,9,13,18,15,890,198,Route d'Auxerre,47.87272,3.58812,Crépuscule ou aube,Hors agglomération,Hors intersection,Normale,Deux véhicules - frontale,,,,,,,,,,,2,1,1,1.0,1.0
201800017314,0018-09-19 14:55:00,18,9,19,14,55,890,201,RD91,47.92674,3.64089,Plein jour,Hors agglomération,Hors intersection,Normale,Deux véhicules - frontale,,,,,,,,,,,1,1,1,1.0,1.0
201800017315,0018-11-01 19:00:00,18,11,1,19,0,890,263,N6,47.84249,3.55079,Nuit sans éclairage public,Hors agglomération,Hors intersection,Normale,Autre collision,,,,,,,,,,,3,1,1,1.0,6.0
201800017316,0018-12-11 21:25:00,18,12,11,21,25,890,263,1 bis rue de SEIGNELAY,47.85082,3.57879,Nuit avec éclairage allumé,En agglomération,Hors intersection,Normale,Autre collision,,,,,,,,,,,5,2,1,1.0,6.0
201800017317,0018-01-15 07:00:00,18,1,15,7,0,890,345,Avenue du 08 mai 1945,48.00025,3.71848,Nuit sans éclairage public,En agglomération,Hors intersection,Normale,Autre collision,,,,,,,,,,,3,2,1,1.0,6.0
201800017318,0018-03-29 06:30:00,18,3,29,6,30,890,101,route départementale 334,47.96092,3.75775,Nuit sans éclairage public,Hors agglomération,Hors intersection,Normale,Autre collision,,,,,,,,,,,3,1,1,1.0,6.0
201800017319,0018-05-21 18:57:00,18,5,21,18,57,890,276,Départemental 112 Lieu-d,48.05309,3.77284,Plein jour,En agglomération,Hors intersection,Normale,Deux véhicules - frontale,,,,,,,,,,,1,2,1,1.0,1.0
201800017320,0018-06-04 14:50:00,18,6,4,14,50,890,276,N 77 Courcelle pk 35,48.03159,3.77287,Plein jour,Hors agglomération,Hors intersection,Normale,Autre collision,,,,,,,,,,,1,1,1,1.0,6.0
201800017321,0018-08-06 13:15:00,18,8,6,13,15,890,425,D 220,48.05882,3.74635,Plein jour,Hors agglomération,Intersection en X,Normale,Deux véhicules - côté,,,,,,,,,,,1,1,2,1.0,3.0
201800017322,0018-09-01 20:00:00,18,9,1,20,0,890,436,18 RUE DES ROCHES,48.01917,3.71799,Crépuscule ou aube,En agglomération,Hors intersection,Normale,Autre collision,,,,,,,,,,,2,2,1,1.0,6.0
201800017323,0018-09-18 08:45:00,18,9,18,8,45,890,436,2 impasse des Parisiens,48.03681,3.70841,Plein jour,En agglomération,Hors intersection,Normale,Autre collision,,,,,,,,,,,1,2,1,1.0,6.0
201800017324,0018-11-07 17:45:00,18,11,7,17,45,890,345,Place dilo,48.00252,3.72935,Nuit avec éclairage allumé,En agglomération,Intersection en T,Pluie légère,Deux véhicules - côté,,,,,,,,,,,5,2,3,2.0,3.0
201800017325,0018-11-09 20:00:00,18,11,9,20,0,890,345,rue Maurice Néron - AVRO,47.99491,3.67819,Nuit sans éclairage public,Hors agglomération,Hors intersection,Normale,Autre collision,,,,,,,,,,,3,1,1,1.0,6.0
201800017326,0018-12-01 16:20:00,18,12,1,16,20,890,345,avenue de Genève,47.9965,3.75486,Plein jour,Hors agglomération,Hors intersection,Temps couvert,Autre collision,,,,,,,,,,,1,1,1,8.0,6.0
201800017327,0018-12-11 11:25:00,18,12,11,11,25,890,345,RN 77,48.00616,3.74124,Plein jour,Hors agglomération,Hors intersection,Normale,Sans collision,,,,,,,,,,,1,1,1,1.0,7.0
201800017328,0018-12-11 16:10:00,18,12,11,16,10,890,398,rue guillot,48.09052,3.77047,Plein jour,En agglomération,Hors intersection,Normale,Autre collision,,,,,,,,,,,1,2,1,1.0,6.0
201800017329,0018-12-12 14:40:00,18,12,12,14,40,890,219,RN77,48.0664,3.81109,Plein jour,Hors agglomération,Hors intersection,Temps éblouissant,Trois véhicules et plus - collisions multiples,,,,,,,,,,,1,1,1,7.0,5.0
201800017330,0018-01-12 23:00:00,18,1,12,23,0,890,221,D4,47.69585,3.38106,Nuit sans éclairage public,Hors agglomération,Hors intersection,Brouillard / fumée,Sans collision,,,,,,,,,,,3,1,1,5.0,7.0
201800017331,0018-04-08 15:20:00,18,4,8,15,20,890,368,ROUTE DES JANETS,47.61599,3.21057,Plein jour,En agglomération,Hors intersection,Normale,Deux véhicules - côté,,,,,,,,,,,1,2,1,1.0,3.0
201800017332,0018-05-12 11:00:00,18,5,12,11,0,890,419,les crançons,47.72064,3.30977,Plein jour,Hors agglomération,Hors intersection,Normale,Autre collision,,,,,,,,,,,1,1,1,1.0,6.0
201800017333,0018-06-17 15:30:00,18,6,17,15,30,890,254,RD 965,47.69521,3.16584,Plein jour,Hors agglomération,Hors intersection,Normale,Deux véhicules - frontale,,,,,,,,,,,1,1,1,1.0,1.0
201800017334,0018-06-20 16:30:00,18,6,20,16,30,890,221,départementale 1,47.69596,3.39855,Plein jour,Hors agglomération,Hors intersection,Normale,Autre collision,,,,,,,,,,,1,1,1,1.0,6.0
201800017335,0018-07-22 11:50:00,18,7,22,11,50,890,273,carrefour chemin communa,47.60317,3.20076,Plein jour,Hors agglomération,Intersection en T,Normale,Deux véhicules - côté,,,,,,,,,,,1,1,3,1.0,3.0
201800017336,0018-08-31 20:15:00,18,8,31,20,15,890,324,rue andré henriat,47.73614,2.89523,Nuit avec éclairage allumé,Hors agglomération,Hors intersection,Normale,Deux véhicules - frontale,,,,,,,,,,,5,1,1,1.0,1.0