accident_id,datetime,annee,mois,jour,heure,minute,departement,commune_insee,adresse,latitude,longitude,luminosite,agglomeration,intersection,meteo,collision,nb_vehicules,nb_usagers,nb_indemnes,nb_tues,nb_blesses_hosp,nb_blesses_legers,age_cond_1,age_cond_2,veh_type_cond_1,veh_type_cond_2,lum_code,agg_code,int_code,atm_code,col_code
201800017337,0018-09-14 17:30:00,18,9,14,17,30,890,419,8 rue du patis,47.73367,3.29542,Plein jour,En agglomération,Hors intersection,Normale,Autre collision,,,,,,,,,,,1,2,1,1.0,6.0
201800017338,0018-10-11 10:10:00,18,10,11,10,10,890,352,d90,47.67584,3.01639,Plein jour,Hors agglomération,Hors intersection,Normale,Sans collision,,,,,,,,,,,1,1,1,1.0,7.0
201800017339,0018-10-12 09:00:00,18,10,12,9,0,890,420,lieu-dit les carrières -,47.58901,3.17247,Plein jour,Hors agglomération,Hors intersection,Normale,Autre collision,,,,,,,,,,,1,1,1,1.0,6.0
201800017340,0018-10-27 08:30:00,18,10,27,8,30,890,365,D52,47.6993,3.06674,Crépuscule ou aube,Hors agglomération,Hors intersection,Brouillard / fumée,Sans collision,,,,,,,,,,,2,1,1,5.0,7.0
201800017341,0018-12-01 21:30:00,18,12,1,21,30,890,254,Route départementale 7,47.68944,3.176,Nuit sans éclairage public,Hors agglomération,Hors intersection,Pluie légère,Autre collision,,,,,,,,,,,3,1,1,2.0,6.0
201800017342,0018-12-03 00:15:00,18,12,3,0,15,890,420,rue de la maison blanche,47.54463,3.1791,Nuit sans éclairage public,Hors agglomération,Hors intersection,Pluie légère,Autre collision,,,,,,,,,,,3,1,1,2.0,6.0
201800017343,0018-04-22 19:00:00,18,4,22,19,0,890,25,PK 2+200,47.45928,3.91811,Plein jour,Hors agglomération,Hors intersection,Normale,Sans collision,,,,,,,,,,,1,1,1,1.0,7.0
201800017344,0018-05-09 17:00:00,18,5,9,17,0,890,25,D944,47.46157,3.9023,Plein jour,Hors agglomération,Hors intersection,Normale,Sans collision,,,,,,,,,,,1,1,1,1.0,7.0
201800017345,0018-05-09 21:00:00,18,5,9,21,0,890,349,Lieu dit Moulin SIMMONNE,47.38079,4.02511,Plein jour,Hors agglomération,Hors intersection,Normale,Sans collision,,,,,,,,,,,1,1,1,1.0,7.0
201800017346,0018-06-22 16:15:00,18,6,22,16,15,890,306,chemin du foulon,47.49063,3.86258,Plein jour,En agglomération,Intersection en X,Normale,Deux véhicules - côté,,,,,,,,,,,1,2,2,1.0,3.0
201800017347,0018-07-05 09:55:00,18,7,5,9,55,890,203,route départementale 957,47.47453,3.83096,Plein jour,Hors agglomération,Hors intersection,Pluie légère,Deux véhicules - frontale,,,,,,,,,,,1,1,1,2.0,1.0
201800017348,0018-07-14 16:00:00,18,7,14,16,0,890,362,RD 606,47.57207,3.78237,Plein jour,Hors agglomération,Hors intersection,Normale,Autre collision,,,,,,,,,,,1,1,1,1.0,6.0
201800017349,0018-07-21 18:00:00,18,7,21,18,0,890,364,D 957,47.46405,3.75662,Plein jour,Hors agglomération,Hors intersection,Normale,Deux véhicules - frontale,,,,,,,,,,,1,1,1,1.0,1.0
201800017350,0018-07-21 16:00:00,18,7,21,16,0,890,159,champs ravier,47.5174,3.90829,Plein jour,Hors agglomération,Intersection en X,Normale,Deux véhicules - côté,,,,,,,,,,,1,1,2,1.0,3.0
201800017351,0018-07-24 03:45:00,18,7,24,3,45,890,159,"D944, PR 49+270",47.52025,3.90792,Nuit sans éclairage public,Hors agglomération,Hors intersection,Normale,Deux véhicules - arrière,,,,,,,,,,,3,1,1,1.0,2.0
201800017352,0018-07-27 08:50:00,18,7,27,8,50,890,25,face au 47 route de lorm,47.48498,3.90959,Plein jour,En agglomération,Hors intersection,Normale,Deux véhicules - arrière,,,,,,,,,,,1,2,1,1.0,2.0
201800017353,0018-07-31 16:40:00,18,7,31,16,40,890,485,D 950 PK 79+500,47.55772,3.78358,Plein jour,Hors agglomération,Hors intersection,Normale,Deux véhicules - frontale,,,,,,,,,,,1,1,1,1.0,1.0
201800017354,0018-08-23 18:00:00,18,8,23,18,0,890,21,D 123,47.49746,3.72219,Plein jour,Hors agglomération,Hors intersection,Temps éblouissant,Deux véhicules - frontale,,,,,,,,,,,1,1,1,7.0,1.0
201800017355,0018-09-29 12:00:00,18,9,29,12,0,890,25,avenue de la morlande,47.49075,3.90165,Plein jour,En agglomération,Hors intersection,Normale,Deux véhicules - côté,,,,,,,,,,,1,2,1,1.0,3.0
201800017356,0018-02-27 09:00:00,18,2,27,9,0,890,277,Intersection RD 944 et l,47.65912,3.87693,Plein jour,Hors agglomération,Autre intersection,Normale,Deux véhicules - côté,,,,,,,,,,,1,1,9,1.0,3.0
201800017357,0018-07-01 14:00:00,18,7,1,14,0,890,246,départemental 86,47.64633,3.97043,Plein jour,Hors agglomération,Hors intersection,Normale,Sans collision,,,,,,,,,,,1,1,1,1.0,7.0
201800017358,0018-07-19 11:15:00,18,7,19,11,15,890,351,Route communale,47.453,4.08717,Plein jour,Hors agglomération,Intersection en T,Normale,Deux véhicules - côté,,,,,,,,,,,1,1,3,1.0,3.0
201800017359,0018-11-11 15:55:00,18,11,11,15,55,890,379,rue François Magdelaine,47.49511,4.06946,Plein jour,En agglomération,Hors intersection,Normale,Autre collision,,,,,,,,,,,1,2,1,1.0,6.0
201800017360,0018-11-30 08:30:00,18,11,30,8,30,890,339,route départemental 86,47.56003,3.97409,Crépuscule ou aube,Hors agglomération,Hors intersection,Pluie légère,Deux véhicules - frontale,,,,,,,,,,,2,1,1,2.0,1.0
201800017361,0018-01-18 12:00:00,18,1,18,12,0,890,5,rue de l'église,47.77564,4.16405,Plein jour,En agglomération,Hors intersection,Pluie légère,Deux véhicules - frontale,,,,,,,,,,,1,2,1,2.0,1.0
201800017362,0018-02-02 13:35:00,18,2,2,13,35,890,418,D 965 PK 28+195,47.84336,3.95588,Plein jour,Hors agglomération,Intersection en X,Normale,Deux véhicules - côté,,,,,,,,,,,1,1,2,1.0,3.0
201800017363,0018-05-18 08:20:00,18,5,18,8,20,890,168,D 965 - PR 34+590,47.81349,3.88893,Plein jour,Hors agglomération,Hors intersection,Normale,Autre collision,,,,,,,,,,,1,1,1,1.0,6.0
201800017364,0018-06-18 21:15:00,18,6,18,21,15,890,321,route d'ANCY LE FRANC,47.73627,4.22357,Crépuscule ou aube,En agglomération,Hors intersection,Normale,Sans collision,,,,,,,,,,,2,2,1,1.0,7.0
201800017365,0018-07-06 16:20:00,18,7,6,16,20,890,418,route de Paris à Genève,47.8622,3.98648,Plein jour,Hors agglomération,Hors intersection,Normale,Autre collision,,,,,,,,,,,1,1,1,1.0,6.0
201800017366,0018-07-24 14:55:00,18,7,24,14,55,890,418,rond point des ovis,47.8513,3.99095,Plein jour,En agglomération,Giratoire,Normale,Deux véhicules - côté,,,,,,,,,,,1,2,6,1.0,3.0
201800017367,0018-08-19 17:20:00,18,8,19,17,20,890,418,D 944 PR 9 +850,47.83439,3.96074,Plein jour,Hors agglomération,Hors intersection,Normale,Autre collision,,,,,,,,,,,1,1,1,1.0,6.0
201800017368,0018-10-15 00:30:00,18,10,15,0,30,890,418,D43 - PR43+300,47.86535,3.96304,Nuit sans éclairage public,Hors agglomération,Hors intersection,Normale,Sans collision,,,,,,,,,,,3,1,1,1.0,7.0
201800017369,0018-11-17 17:00:00,18,11,17,17,0,890,132,"Lieux dit ""Ferme de Marn",47.70575,4.21603,Nuit sans éclairage public,Hors agglomération,Hors intersection,Normale,Autre collision,,,,,,,,,,,3,1,1,1.0,6.0
201800017370,0018-01-30 09:00:00,18,1,30,9,0,890,88,RD57,47.85238,3.35959,Plein jour,Hors agglomération,Intersection en X,Normale,Deux véhicules - côté,,,,,,,,,,,1,1,2,1.0,3.0
201800017371,0018-06-07 12:30:00,18,6,7,12,30,890,86,Lieu-dit Les girandes,47.84978,3.16433,Plein jour,Hors agglomération,Hors intersection,Normale,Deux véhicules - frontale,,,,,,,,,,,1,1,1,1.0,1.0
201800017372,0018-06-23 11:50:00,18,6,23,11,50,890,86,D 950 - GRANDCHAMP,47.78823,3.19237,Plein jour,Hors agglomération,Hors intersection,Normale,Autre collision,,,,,,,,,,,1,1,1,1.0,6.0
201800017373,0018-06-24 11:00:00,18,6,24,11,0,890,397,route départementale D3,47.83344,3.24857,Plein jour,Hors agglomération,Intersection en T,Normale,Deux véhicules - côté,,,,,,,,,,,1,1,3,1.0,3.0
201800017374,0018-06-25 15:00:00,18,6,25,15,0,890,86,route de Saint-Martin,47.87759,3.09542,Plein jour,En agglomération,Hors intersection,Normale,Autre collision,,,,,,,,,,,1,2,1,1.0,6.0
201800017375,0018-07-05 17:55:00,18,7,5,17,55,890,86,"CD18, VILLEFRANCHE",47.95975,3.13928,Plein jour,Hors agglomération,Hors intersection,Normale,Autre collision,,,,,,,,,,,1,1,1,1.0,6.0
201800017376,0018-07-23 16:45:00,18,7,23,16,45,890,360,RD4,47.81636,3.36189,Plein jour,Hors agglomération,Hors intersection,Temps éblouissant,Deux véhicules - frontale,,,,,,,,,,,1,1,1,7.0,1.0
201800017377,0018-09-12 17:40:00,18,9,12,17,40,890,103,RD 16 à CHEVILLON PK 15,47.91891,3.18675,Plein jour,Hors agglomération,Hors intersection,Normale,Deux véhicules - frontale,,,,,,,,,,,1,1,1,1.0,1.0
201800017378,0018-11-03 20:50:00,18,11,3,20,50,890,281,24 RUE DU COUVENT,47.85041,3.26497,Nuit avec éclairage non allumé,En agglomération,Hors intersection,Brouillard / fumée,Sans collision,,,,,,,,,,,4,2,1,5.0,7.0
201800017379,0018-12-22 17:15:00,18,12,22,17,15,890,3,département 955,47.88773,3.35318,Crépuscule ou aube,Hors agglomération,Hors intersection,Pluie légère,Autre collision,,,,,,,,,,,2,1,1,2.0,6.0
201800017380,0018-01-14 22:26:00,18,1,14,22,26,890,460,RD 606,48.33835,3.0608,Nuit sans éclairage public,Hors agglomération,Hors intersection,Pluie légère,Autre collision,,,,,,,,,,,3,1,1,2.0,6.0
201800017381,0018-01-28 18:45:00,18,1,28,18,45,890,255,carrefour D23/D222,48.31342,3.23739,Nuit sans éclairage public,Hors agglomération,Intersection en X,Pluie légère,Sans collision,,,,,,,,,,,3,1,2,2.0,7.0
201800017382,0018-04-15 11:40:00,18,4,15,11,40,890,391,intersection D976 - D470,48.34602,3.23155,Plein jour,Hors agglomération,Intersection en X,Normale,Deux véhicules - côté,,,,,,,,,,,1,1,2,1.0,3.0
201800017383,0018-04-15 20:00:00,18,4,15,20,0,890,309,quai des buttes,48.28923,3.2054,Crépuscule ou aube,En agglomération,Hors intersection,Normale,Deux véhicules - frontale,,,,,,,,,,,2,2,1,1.0,1.0
201800017384,0018-04-27 04:26:00,18,4,27,4,26,890,309,37 avenue du général Lec,48.28189,3.21509,Nuit avec éclairage non allumé,En agglomération,Autre intersection,Normale,Autre collision,,,,,,,,,,,4,2,9,1.0,6.0
201800017385,0018-04-29 23:45:00,18,4,29,23,45,890,391,4 rue Geoffroy de Sargin,48.34289,3.2595,Nuit sans éclairage public,En agglomération,Hors intersection,Pluie forte,Autre collision,,,,,,,,,,,3,2,1,3.0,6.0
201800017386,0018-05-01 20:25:00,18,5,1,20,25,890,369,D82,48.24761,3.15762,Plein jour,En agglomération,Intersection en X,Normale,Deux véhicules - côté,,,,,,,,,,,1,2,2,1.0,3.0
201800017387,0018-05-16 17:50:00,18,5,16,17,50,890,309,29 avenue du Général Lec,48.28434,3.21176,Plein jour,En agglomération,Hors intersection,Normale,Deux véhicules - arrière,,,,,,,,,,,1,2,1,1.0,2.0
201800017388,0018-06-24 13:25:00,18,6,24,13,25,890,449,Carrefour RD 606 - RD 33,48.33204,3.09806,Plein jour,En agglomération,Intersection en X,Normale,Deux véhicules - côté,,,,,,,,,,,1,2,2,1.0,3.0
201800017389,0018-07-07 23:00:00,18,7,7,23,0,890,189,D25,48.28398,3.24849,Nuit sans éclairage public,En agglomération,Hors intersection,Normale,Autre collision,,,,,,,,,,,3,2,1,1.0,6.0
201800017390,0018-07-15 05:00:00,18,7,15,5,0,890,469,"1 rue des chênes ""grange",48.32769,3.43553,Crépuscule ou aube,En agglomération,Hors intersection,Normale,Autre collision,,,,,,,,,,,2,2,1,1.0,6.0
201800017391,0018-07-21 15:05:00,18,7,21,15,5,890,255,D976,48.30938,3.21854,Plein jour,Hors agglomération,Hors intersection,Normale,Trois véhicules et plus - collisions multiples,,,,,,,,,,,1,1,1,1.0,5.0
201800017392,0018-07-28 20:00:00,18,7,28,20,0,890,189,rue saint-pregts,48.28549,3.26122,Crépuscule ou aube,Hors agglomération,Intersection en X,Temps éblouissant,Deux véhicules - côté,,,,,,,,,,,2,1,2,7.0,3.0
201800017393,0018-08-22 13:48:00,18,8,22,13,48,890,255,D23,48.29853,3.24885,Plein jour,Hors agglomération,Hors intersection,Normale,Deux véhicules - frontale,,,,,,,,,,,1,1,1,1.0,1.0
201800017394,0018-10-15 06:45:00,18,10,15,6,45,890,309,RD 606,48.28165,3.21535,Nuit avec éclairage allumé,En agglomération,Hors intersection,Normale,Sans collision,,,,,,,,,,,5,2,1,1.0,7.0
201800017395,0018-11-08 06:45:00,18,11,8,6,45,890,136,D 606 PR 18+500,48.25882,3.23973,Nuit sans éclairage public,Hors agglomération,Hors intersection,Brouillard / fumée,Autre collision,,,,,,,,,,,3,1,1,5.0,6.0
201800017396,0018-11-14 18:00:00,18,11,14,18,0,890,391,D976,48.34589,3.23151,Nuit sans éclairage public,Hors agglomération,Intersection en X,Normale,Autre collision,,,,,,,,,,,3,1,2,1.0,6.0
201800017397,0018-12-13 17:00:00,18,12,13,17,0,890,460,27 route de misy,48.34814,3.07646,Crépuscule ou aube,En agglomération,Hors intersection,Normale,Autre collision,,,,,,,,,,,2,2,1,1.0,6.0
201800017398,0018-01-25 09:10:00,18,1,25,9,10,890,467,CD103 PK29+500,48.28518,3.05822,Plein jour,Hors agglomération,Hors intersection,Pluie légère,Autre collision,,,,,,,,,,,1,1,1,2.0,6.0
201800017399,0018-07-24 16:00:00,18,7,24,16,0,890,380,D103,48.07891,3.08983,Plein jour,Hors agglomération,Intersection en T,Normale,Deux véhicules - côté,,,,,,,,,,,1,1,3,1.0,3.0
201800017400,0018-08-11 06:30:00,18,8,11,6,30,890,459,Route départementale 63,48.13356,3.12557,Crépuscule ou aube,Hors agglomération,Hors intersection,Normale,Autre collision,,,,,,,,,,,2,1,1,1.0,6.0
201800017401,0018-08-13 12:30:00,18,8,13,12,30,890,180,CD 370 ldt les frelins,48.18974,3.14896,Plein jour,Hors agglomération,Intersection en T,Normale,Deux véhicules - côté,,,,,,,,,,,1,1,3,1.0,3.0
201800017402,0018-02-03 17:40:00,18,2,3,17,40,890,142,rue Saint Gervais,48.08352,3.41532,Crépuscule ou aube,En agglomération,Intersection en X,Pluie légère,Deux véhicules - côté,,,,,,,,,,,2,2,2,2.0,3.0
201800017403,0018-03-12 10:00:00,18,3,12,10,0,890,350,"Lieu dit ""la petite jard",47.99609,3.14412,Plein jour,Hors agglomération,Hors intersection,Pluie légère,Sans collision,,,,,,,,,,,1,1,1,2.0,7.0
201800017404,0018-05-02 15:50:00,18,5,2,15,50,890,388,CD 943,47.93794,3.25812,Plein jour,Hors agglomération,Autre intersection,Normale,Deux véhicules - côté,,,,,,,,,,,1,1,9,1.0,3.0
201800017405,0018-05-10 20:22:00,18,5,10,20,22,890,464,D 15,48.09715,3.35327,Crépuscule ou aube,Hors agglomération,Autre intersection,Normale,Deux véhicules - côté,,,,,,,,,,,2,1,9,1.0,3.0
201800017406,0018-05-11 08:05:00,18,5,11,8,5,890,60,Lieu dit le Chateau,48.05937,3.26095,Plein jour,Hors agglomération,Hors intersection,Normale,Deux véhicules - côté,,,,,,,,,,,1,1,1,1.0,3.0
201800017407,0018-10-28 21:20:00,18,10,28,21,20,890,388,D3,47.95714,3.23954,Nuit sans éclairage public,Hors agglomération,Hors intersection,Pluie légère,Sans collision,,,,,,,,,,,3,1,1,2.0,7.0
201800017408,0018-12-10 13:15:00,18,12,10,13,15,890,63,DÉPARTEMENTALE 3,47.98441,3.279,Plein jour,Hors agglomération,Hors intersection,Normale,Deux véhicules - frontale,,,,,,,,,,,1,1,1,1.0,1.0
201800017409,0018-02-02 16:45:00,18,2,2,16,45,710,290,l'épine,46.39127,4.59915,Plein jour,En agglomération,Intersection en X,Normale,Deux véhicules - côté,,,,,,,,,,,1,2,2,1.0,3.0
201800017410,0018-03-24 10:50:00,18,3,24,10,50,710,397,D22,46.3962,4.6418,Plein jour,Hors agglomération,Hors intersection,Normale,Deux véhicules - frontale,,,,,,,,,,,1,1,1,1.0,1.0
201800017411,0018-03-30 14:50:00,18,3,30,14,50,710,289,PR 26+900,46.30293,4.45047,Plein jour,Hors agglomération,Hors intersection,Normale,Sans collision,,,,,,,,,,,1,1,1,1.0,7.0
201800017412,0018-04-20 18:00:00,18,4,20,18,0,710,137,rd 981,46.44418,4.66189,Crépuscule ou aube,En agglomération,Intersection en X,Normale,Deux véhicules - côté,,,,,,,,,,,2,2,2,1.0,3.0
201800017413,0018-05-13 16:50:00,18,5,13,16,50,710,289,présentin,46.31921,4.51846,Plein jour,Hors agglomération,Hors intersection,Pluie forte,Autre collision,,,,,,,,,,,1,1,1,3.0,6.0
201800017414,0018-05-14 00:40:00,18,5,14,0,40,710,470,Lieu dit Joux,46.34475,4.62073,Nuit sans éclairage public,Hors agglomération,Hors intersection,Pluie légère,Autre collision,,,,,,,,,,,3,1,1,2.0,6.0
201800017415,0018-05-14 17:30:00,18,5,14,17,30,710,397,CD22,46.39213,4.6393,Plein jour,Hors agglomération,Hors intersection,Pluie légère,Deux véhicules - arrière,,,,,,,,,,,1,1,1,2.0,2.0
201800017416,0018-08-14 14:14:00,18,8,14,14,14,710,55,ROUTE NATIONALE 79,46.36498,4.57269,Plein jour,Hors agglomération,Autre intersection,Normale,Deux véhicules - côté,,,,,,,,,,,1,1,9,1.0,3.0
201800017417,0018-02-02 21:00:00,18,2,2,21,0,710,135,route de quintaine,46.43174,4.82956,Nuit avec éclairage allumé,En agglomération,Hors intersection,Normale,Autre collision,,,,,,,,,,,5,2,1,1.0,6.0
201800017418,0018-05-06 15:30:00,18,5,6,15,30,710,416,1015 route d'AZE,46.46169,4.77128,Plein jour,En agglomération,Hors intersection,Normale,Autre collision,,,,,,,,,,,1,2,1,1.0,6.0
201800017419,0018-05-12 10:39:00,18,5,12,10,39,710,156,d161,46.50321,4.79516,Plein jour,Hors agglomération,Intersection en T,Normale,Deux véhicules - arrière,,,,,,,,,,,1,1,3,1.0,2.0
201800017420,0018-06-23 01:50:00,18,6,23,1,50,710,494,120 chemin sous l'église,46.40728,4.86768,Nuit avec éclairage allumé,En agglomération,Hors intersection,Normale,Autre collision,,,,,,,,,,,5,2,1,1.0,6.0
201800017421,0018-06-25 16:55:00,18,6,25,16,55,710,584,Rue du 19 mars 1962,46.4479,4.8523,Plein jour,En agglomération,Intersection en T,Normale,Deux véhicules - côté,,,,,,,,,,,1,2,3,1.0,3.0
201800017422,0018-06-27 15:00:00,18,6,27,15,0,710,543,Avenue des alpes,46.56354,4.91825,Plein jour,En agglomération,Intersection en T,Normale,Deux véhicules - côté,,,,,,,,,,,1,2,3,1.0,3.0
201800017423,0018-06-30 15:35:00,18,6,30,15,35,710,550,Départementale 906,46.49382,4.9058,Plein jour,Hors agglomération,Intersection en T,Normale,Deux véhicules - côté,,,,,,,,,,,1,1,3,1.0,3.0
201800017424,0018-08-09 17:30:00,18,8,9,17,30,710,305,Route champ à bois D15,46.47068,4.87807,Plein jour,Hors agglomération,Intersection en X,Temps couvert,Deux véhicules - frontale,,,,,,,,,,,1,1,2,8.0,1.0
201800017425,0018-08-11 15:30:00,18,8,11,15,30,710,305,RD933A,46.44774,4.89527,Plein jour,Hors agglomération,Hors intersection,Normale,Deux véhicules - arrière,,,,,,,,,,,1,1,1,1.0,2.0
201800017426,0018-09-02 18:05:00,18,9,2,18,5,710,543,avenue des Alpes,46.56256,4.92158,Plein jour,En agglomération,Hors intersection,Normale,Trois véhicules et plus - collisions multiples,,,,,,,,,,,1,2,1,1.0,5.0
201800017427,0018-09-05 18:45:00,18,9,5,18,45,710,267,rue du 19 mars 1962,46.47095,4.81097,Plein jour,En agglomération,Hors intersection,Normale,Deux véhicules - frontale,,,,,,,,,,,1,2,1,1.0,1.0
201800017428,0018-10-12 20:35:00,18,10,12,20,35,710,267,Rue du 19 mars 1962,46.46848,4.81104,Nuit avec éclairage allumé,En agglomération,Hors intersection,Normale,Autre collision,,,,,,,,,,,5,2,1,1.0,6.0
201800017429,0018-10-31 17:45:00,18,10,31,17,45,710,543,748 route de plottes,46.54759,4.89708,Nuit avec éclairage allumé,En agglomération,Hors intersection,Normale,Autre collision,,,,,,,,,,,5,2,1,1.0,6.0
201800017430,0018-11-21 08:45:00,18,11,21,8,45,710,543,"RD56, PK 13 + 500 décroi",46.55741,4.90308,Plein jour,En agglomération,Hors intersection,Temps couvert,Deux véhicules - arrière,,,,,,,,,,,1,2,1,8.0,2.0
201800017431,0018-12-19 16:20:00,18,12,19,16,20,710,14,16 avenue Charles DE GAU,46.95192,4.29707,Crépuscule ou aube,En agglomération,Intersection en X,Normale,Autre collision,,,,,,,,,,,2,2,2,1.0,6.0
201800017432,0018-01-13 11:25:00,18,1,13,11,25,710,14,"Parking Intermarché, Lie",46.94611,4.31056,Plein jour,En agglomération,Hors intersection,Normale,Autre collision,,,,,,,,,,,1,2,1,1.0,6.0
201800017433,0018-01-29 03:15:00,18,1,29,3,15,710,313,Lieu-dit Les Branges - R,46.95397,4.25,Nuit sans éclairage public,Hors agglomération,Hors intersection,Normale,Sans collision,,,,,,,,,,,3,1,1,1.0,7.0
201800017434,0018-02-20 15:30:00,18,2,20,15,30,710,266,usseau,47.06732,4.24997,Plein jour,Hors agglomération,Intersection en T,Temps éblouissant,Deux véhicules - côté,,,,,,,,,,,1,1,3,7.0,3.0
201800017435,0018-03-04 07:20:00,18,3,4,7,20,710,14,PK 4+900 - RD 120,46.8961,4.31233,Crépuscule ou aube,Hors agglomération,Hors intersection,Temps couvert,Sans collision,,,,,,,,,,,2,1,1,8.0,7.0
201800017436,0018-03-24 19:15:00,18,3,24,19,15,710,14,"4, chemin des Ragots",46.94799,4.32,Crépuscule ou aube,En agglomération,Hors intersection,Normale,Sans collision,,,,,,,,,,,2,2,1,1.0,7.0
201800017437,0018-04-02 15:10:00,18,4,2,15,10,710,493,"RD 973, PK 72",46.96218,4.55805,Plein jour,Hors agglomération,Hors intersection,Normale,Sans collision,,,,,,,,,,,1,1,1,1.0,7.0
201800017438,0018-04-04 17:40:00,18,4,4,17,40,710,14,17 rue de  Paris,46.9568,4.29802,Plein jour,En agglomération,Intersection en X,Pluie légère,Autre collision,,,,,,,,,,,1,2,2,2.0,6.0
201800017439,0018-04-29 18:15:00,18,4,29,18,15,710,14,RD 973 route Beaune,46.96024,4.32452,Plein jour,Hors agglomération,Hors intersection,Pluie forte,Autre collision,,,,,,,,,,,1,1,1,3.0,6.0
201800017440,0018-05-03 12:00:00,18,5,3,12,0,710,376,croisement D277 - D978,47.02194,4.10447,Plein jour,Hors agglomération,Intersection en T,Normale,Deux véhicules - côté,,,,,,,,,,,1,1,3,1.0,3.0
201800017441,0018-05-09 21:05:00,18,5,9,21,5,710,190,15 rue de l'Ile-de-Franc,46.98778,4.53073,Crépuscule ou aube,En agglomération,Intersection en X,Normale,Deux véhicules - côté,,,,,,,,,,,2,2,2,1.0,3.0
201800017442,0018-05-25 21:30:00,18,5,25,21,30,710,14,rue niecephore niepce,46.97165,4.30405,Nuit avec éclairage allumé,En agglomération,Hors intersection,Normale,Sans collision,,,,,,,,,,,5,2,1,1.0,7.0
201800017443,0018-06-05 09:20:00,18,6,5,9,20,710,14,35 avenue Charles de Gau,46.95343,4.29566,Plein jour,En agglomération,Intersection en X,Temps couvert,Autre collision,,,,,,,,,,,1,2,2,8.0,6.0
201800017444,0018-06-26 09:10:00,18,6,26,9,10,710,144,RD 681,47.04093,4.33593,Plein jour,Hors agglomération,Hors intersection,Normale,Deux véhicules - arrière,,,,,,,,,,,1,1,1,1.0,2.0
201800017445,0018-07-03 17:45:00,18,7,3,17,45,710,14,avenue de la république,46.95893,4.30284,Plein jour,En agglomération,Autre intersection,Normale,Deux véhicules - côté,,,,,,,,,,,1,2,9,1.0,3.0
201800017446,0018-07-07 09:20:00,18,7,7,9,20,710,14,rue de l'arbalète,46.9495,4.30034,Plein jour,En agglomération,Intersection en Y,Normale,Autre collision,,,,,,,,,,,1,2,4,1.0,6.0
201800017447,0018-07-11 15:15:00,18,7,11,15,15,710,535,D978,46.99861,4.22589,Plein jour,Hors agglomération,Hors intersection,Normale,Sans collision,,,,,,,,,,,1,1,1,1.0,7.0
201800017448,0018-07-12 13:35:00,18,7,12,13,35,710,14,05 rue de la Garenne Bre,,,Plein jour,En agglomération,Hors intersection,Normale,Sans collision,,,,,,,,,,,1,2,1,1.0,7.0
201800017449,0018-07-13 16:20:00,18,7,13,16,20,710,14,RD 681 - lieu dit la gui,46.94611,4.31056,Plein jour,Hors agglomération,Hors intersection,Normale,Deux véhicules - frontale,,,,,,,,,,,1,1,1,1.0,1.0
201800017450,0018-07-19 10:20:00,18,7,19,10,20,710,14,avenue Charles de GAULLE,46.95455,4.29416,Plein jour,En agglomération,Intersection en X,Temps éblouissant,Autre collision,,,,,,,,,,,1,2,2,7.0,6.0
201800017451,0018-07-26 08:15:00,18,7,26,8,15,710,162,rue du vieux Saint Denis,46.97497,4.33674,Plein jour,En agglomération,Hors intersection,Temps éblouissant,Trois véhicules et plus - en chaîne,,,,,,,,,,,1,2,1,7.0,4.0
201800017452,0018-08-15 15:25:00,18,8,15,15,25,710,14,Place du Carrouge,46.95024,4.2951,Plein jour,En agglomération,Place,Normale,Deux véhicules - frontale,,,,,,,,,,,1,2,7,1.0,1.0
201800017453,0018-08-01 08:30:00,18,8,1,8,30,710,237,16 route de la Drée,47.05626,4.3746,Plein jour,En agglomération,Hors intersection,Normale,Sans collision,,,,,,,,,,,1,2,1,1.0,7.0
201800017454,0018-08-25 11:50:00,18,8,25,11,50,710,266,"Départementale 88, Hamea",47.08815,4.23734,Plein jour,En agglomération,Hors intersection,Temps couvert,Autre collision,,,,,,,,,,,1,2,1,8.0,6.0
201800017455,0018-09-04 12:20:00,18,9,4,12,20,710,535,RD 978 - ROUTE DE CHATEA,46.98918,4.24644,Plein jour,Hors agglomération,Hors intersection,Normale,Deux véhicules - frontale,,,,,,,,,,,1,1,1,1.0,1.0
201800017456,0018-09-19 02:20:00,18,9,19,2,20,710,162,D 973 PK 55+460 décroiss,46.98327,4.4196,Nuit sans éclairage public,Hors agglomération,Hors intersection,Normale,Sans collision,,,,,,,,,,,3,1,1,1.0,7.0
201800017457,0018-09-24 17:25:00,18,9,24,17,25,710,190,Route de la Gare,46.98468,4.52065,Plein jour,En agglomération,Hors intersection,Normale,Sans collision,,,,,,,,,,,1,2,1,1.0,7.0
201800017458,0018-10-04 11:30:00,18,10,4,11,30,710,14,27 rue de Parpas,46.95021,4.28792,Plein jour,En agglomération,Hors intersection,Normale,Autre collision,,,,,,,,,,,1,2,1,1.0,6.0