accident_id,datetime,annee,mois,jour,heure,minute,departement,commune_insee,adresse,latitude,longitude,luminosite,agglomeration,intersection,meteo,collision,nb_vehicules,nb_usagers,nb_indemnes,nb_tues,nb_blesses_hosp,nb_blesses_legers,age_cond_1,age_cond_2,veh_type_cond_1,veh_type_cond_2,lum_code,agg_code,int_code,atm_code,col_code
201800017701,0018-03-27 16:15:00,18,3,27,16,15,320,104,CD 150,43.4878,0.52609,Plein jour,Hors agglomération,Hors intersection,Normale,Autre collision,,,,,,,,,,,1,1,1,1.0,6.0
201800017702,0018-04-02 18:40:00,18,4,2,18,40,320,397,CD 939,43.4313,0.41451,Plein jour,En agglomération,Intersection en Y,Normale,Deux véhicules - côté,,,,,,,,,,,1,2,4,1.0,3.0
201800017703,0018-05-18 07:00:00,18,5,18,7,0,320,355,CHEMIN DE LESPIAU,43.4006,0.34906,Crépuscule ou aube,Hors agglomération,Hors intersection,Brouillard / fumée,Sans collision,,,,,,,,,,,2,1,1,5.0,7.0
201800017704,0018-06-18 13:45:00,18,6,18,13,45,320,256,BOULEVARD ALSACE LORRAIN,43.5151,0.40737,Plein jour,En agglomération,Intersection en X,Normale,Deux véhicules - frontale,,,,,,,,,,,1,2,2,1.0,1.0
201800017705,0018-06-18 14:35:00,18,6,18,14,35,320,254,RN 21,43.545,0.46928,Plein jour,Hors agglomération,Hors intersection,Normale,Trois véhicules et plus - collisions multiples,,,,,,,,,,,1,1,1,1.0,5.0
201800017706,0018-06-27 08:30:00,18,6,27,8,30,320,272,PEY CRABÉ,43.3565,0.54987,Plein jour,Hors agglomération,Intersection en T,Normale,Trois véhicules et plus - en chaîne,,,,,,,,,,,1,1,3,1.0,4.0
201800017707,0018-08-03 14:15:00,18,8,3,14,15,320,242,LIEU DIT LE PARQUET CD 9,43.4178,0.57581,Plein jour,Hors agglomération,Intersection en X,Normale,Deux véhicules - arrière,,,,,,,,,,,1,1,2,1.0,2.0
201800017708,0018-08-11 23:15:00,18,8,11,23,15,320,250,RD 27,43.4243,0.6938,Nuit sans éclairage public,Hors agglomération,Hors intersection,Normale,Autre collision,,,,,,,,,,,3,1,1,1.0,6.0
201800017709,0018-08-24 15:50:00,18,8,24,15,50,320,172,NATIONALE 21 PK 62+160,43.5818,0.54059,Plein jour,Hors agglomération,Hors intersection,Normale,Deux véhicules - côté,,,,,,,,,,,1,1,1,1.0,3.0
201800017710,0018-09-15 10:15:00,18,9,15,10,15,320,397,D237,43.4317,0.38716,Plein jour,Hors agglomération,Hors intersection,Normale,Autre collision,,,,,,,,,,,1,1,1,1.0,6.0
201800017711,0018-09-27 09:30:00,18,9,27,9,30,320,256,AVENUE DE CHANZY,43.5115,0.40432,Plein jour,En agglomération,Intersection en Y,Normale,Deux véhicules - côté,,,,,,,,,,,1,2,4,1.0,3.0
201800017712,0018-10-07 07:00:00,18,10,7,7,0,320,242,"CD 929, LIEU DIT RIBÈRE",43.4431,0.57894,Nuit sans éclairage public,En agglomération,Hors intersection,Pluie légère,Autre collision,,,,,,,,,,,3,2,1,2.0,6.0
201800017713,0018-10-13 23:30:00,18,10,13,23,30,320,281,AU VILLAGE,43.383,0.35883,Nuit sans éclairage public,En agglomération,Intersection en T,Normale,Deux véhicules - côté,,,,,,,,,,,3,2,3,1.0,3.0
201800017714,0018-10-21 18:15:00,18,10,21,18,15,320,156,DÉPARTEMENTALE 2,43.5206,0.45958,Plein jour,Hors agglomération,Hors intersection,Normale,Deux véhicules - frontale,,,,,,,,,,,1,1,1,1.0,1.0
201800017715,0018-11-21 17:45:00,18,11,21,17,45,320,169,CD 929,43.4762,0.58585,Crépuscule ou aube,Hors agglomération,Hors intersection,Normale,Deux véhicules - frontale,,,,,,,,,,,2,1,1,1.0,1.0
201800017716,0018-12-23 17:50:00,18,12,23,17,50,320,41,ROUTE DÉPARTEMENTALE N°2,43.4198,0.62621,Nuit sans éclairage public,Hors agglomération,Hors intersection,Brouillard / fumée,Autre collision,,,,,,,,,,,3,1,1,5.0,6.0
201800017717,0018-06-21 16:30:00,18,6,21,16,30,320,440,LIEU DIT VERDUN,43.6428,0.02108,Plein jour,Hors agglomération,Intersection en X,Normale,Trois véhicules et plus - collisions multiples,,,,,,,,,,,1,1,2,1.0,5.0
201800017718,0018-11-08 19:30:00,18,11,8,19,30,320,36,LIEU DIT DUPEYRON,43.5571,0.13091,Nuit sans éclairage public,Hors agglomération,Intersection en T,Normale,Deux véhicules - arrière,,,,,,,,,,,3,1,3,1.0,2.0
201800017719,0018-12-29 16:30:00,18,12,29,16,30,320,109,RD 37,43.6191,0.10405,Plein jour,Hors agglomération,Hors intersection,Normale,Deux véhicules - frontale,,,,,,,,,,,1,1,1,1.0,1.0
201800017720,0018-03-16 18:05:00,18,3,16,18,5,320,49,D111,43.7109,0.02668,Plein jour,Hors agglomération,Hors intersection,Normale,Autre collision,,,,,,,,,,,1,1,1,1.0,6.0
201800017721,0018-03-30 18:55:00,18,3,30,18,55,320,296,D 147 AVENUE DE L'AUTODR,43.7617,-0.03826,Plein jour,En agglomération,Hors intersection,Normale,Sans collision,,,,,,,,,,,1,2,1,1.0,7.0
201800017722,0018-04-06 14:00:00,18,4,6,14,0,320,93,ROUTE DÉPARTEMENTALE 935,43.6766,-0.11603,Plein jour,Hors agglomération,Hors intersection,Normale,Deux véhicules - frontale,,,,,,,,,,,1,1,1,1.0,1.0
201800017723,0018-06-20 07:30:00,18,6,20,7,30,320,296,20 AVENUE DES SPORTS,43.7648,-0.03331,Plein jour,En agglomération,Hors intersection,Normale,Autre collision,,,,,,,,,,,1,2,1,1.0,6.0
201800017724,0018-08-13 12:05:00,18,8,13,12,5,320,463,D22 - PK 14+915,43.5891,-0.15398,Plein jour,Hors agglomération,Hors intersection,Pluie légère,Deux véhicules - frontale,,,,,,,,,,,1,1,1,2.0,1.0
201800017725,0018-09-30 01:00:00,18,9,30,1,0,320,170,RD 262,43.6377,-0.15114,Nuit sans éclairage public,Hors agglomération,Hors intersection,Normale,Autre collision,,,,,,,,,,,3,1,1,1.0,6.0
201800017726,0018-10-31 15:30:00,18,10,31,15,30,320,5,D25 PK 5 + 530,43.7231,-0.04663,Plein jour,Hors agglomération,Hors intersection,Normale,Deux véhicules - frontale,,,,,,,,,,,1,1,1,1.0,1.0
201800017727,0018-12-03 06:35:00,18,12,3,6,35,320,378,AU VILLAGE,43.6798,-0.14695,Nuit avec éclairage allumé,En agglomération,Hors intersection,Pluie légère,Autre collision,,,,,,,,,,,5,2,1,2.0,6.0
201800017728,0018-02-06 20:55:00,18,2,6,20,55,810,186,RN 88 - 2x2 voies -,44.07917,2.25949,Nuit sans éclairage public,Hors agglomération,Hors intersection,Pluie légère,Autre collision,,,,,,,,,,,3,1,1,2.0,6.0
201800017729,0018-05-20 19:50:00,18,5,20,19,50,810,259,la besse,44.01353,2.34721,Plein jour,Hors agglomération,Hors intersection,Normale,Autre collision,,,,,,,,,,,1,1,1,1.0,6.0
201800017730,0018-10-13 16:45:00,18,10,13,16,45,810,230,Echangeur de Rosières n°,44.04124,2.19754,Plein jour,Hors agglomération,Autre intersection,Normale,Autre collision,,,,,,,,,,,1,1,9,1.0,6.0
201800017731,0018-06-02 12:45:00,18,6,2,12,45,810,103,RD 81 - PK 65+900,43.7126,2.63438,Plein jour,Hors agglomération,Hors intersection,Pluie forte,Sans collision,,,,,,,,,,,1,1,1,3.0,7.0
201800017732,0018-08-30 15:29:00,18,8,30,15,29,810,193,Lieu-dit Montredon,43.68067,2.78717,Plein jour,Hors agglomération,Hors intersection,Normale,Autre collision,,,,,,,,,,,1,1,1,1.0,6.0
201800017733,0018-04-28 17:45:00,18,4,28,17,45,810,182,La Vitarelle,43.7136,2.28732,Plein jour,Hors agglomération,Hors intersection,Normale,Sans collision,,,,,,,,,,,1,1,1,1.0,7.0
201800017734,0018-06-09 01:45:00,18,6,9,1,45,810,42,Route départementale 622,43.62188,2.30627,Nuit sans éclairage public,Hors agglomération,Autre intersection,Normale,Deux véhicules - frontale,,,,,,,,,,,3,1,9,1.0,1.0
201800017735,0018-07-29 01:00:00,18,7,29,1,0,810,182,Route départementale D89,43.71372,2.29042,Nuit sans éclairage public,Hors agglomération,Hors intersection,Normale,Autre collision,,,,,,,,,,,3,1,1,1.0,6.0
201800017736,0018-08-11 11:00:00,18,8,11,11,0,810,305,intersection Route du si,43.69026,2.42493,Plein jour,En agglomération,Intersection en T,Normale,Deux véhicules - côté,,,,,,,,,,,1,2,3,1.0,3.0
201800017737,0018-09-14 17:15:00,18,9,14,17,15,810,128,45 rue du Sidobre,43.66262,2.3542,Plein jour,En agglomération,Autre intersection,Normale,Deux véhicules - frontale,,,,,,,,,,,1,2,9,1.0,1.0
201800017738,0018-12-19 07:50:00,18,12,19,7,50,810,128,D30 - 45 AVENUE DE ROQUE,43.65993,2.35825,Nuit sans éclairage public,En agglomération,Hors intersection,Pluie légère,Deux véhicules - côté,,,,,,,,,,,3,2,1,2.0,3.0
201800017739,0018-01-05 14:15:00,18,1,5,14,15,810,45,14 promenade de l'Autan,44.0665,1.9417,Plein jour,En agglomération,Hors intersection,Normale,Deux véhicules - arrière,,,,,,,,,,,1,2,1,1.0,2.0
201800017740,0018-01-18 18:40:00,18,1,18,18,40,810,64,D 964,43.9578,1.83415,Nuit sans éclairage public,Hors agglomération,Hors intersection,Pluie légère,Sans collision,,,,,,,,,,,3,1,1,2.0,7.0
201800017741,0018-03-11 15:50:00,18,3,11,15,50,810,206,"Lieu dit ""Courgnac""",44.10355,1.72258,Plein jour,Hors agglomération,Hors intersection,Normale,Autre collision,,,,,,,,,,,1,1,1,1.0,6.0
201800017742,0018-07-11 14:40:00,18,7,11,14,40,810,263,RD.922,44.12347,1.96927,Plein jour,Hors agglomération,Hors intersection,Normale,Sans collision,,,,,,,,,,,1,1,1,1.0,7.0
201800017743,0018-04-04 20:00:00,18,4,4,20,0,810,145,place Paul Saissac,43.85331,1.81015,Plein jour,En agglomération,Place,Normale,Deux véhicules - frontale,,,,,,,,,,,1,2,7,1.0,1.0
201800017744,0018-06-20 07:40:00,18,6,20,7,40,810,220,route de condel,43.81789,1.69641,Crépuscule ou aube,Hors agglomération,Hors intersection,Temps éblouissant,Deux véhicules - arrière,,,,,,,,,,,2,1,1,7.0,2.0
201800017745,0018-07-29 08:30:00,18,7,29,8,30,810,171,la borie neuve,43.86436,1.86383,Plein jour,Hors agglomération,Hors intersection,Normale,Autre collision,,,,,,,,,,,1,1,1,1.0,6.0
201800017746,0018-09-09 11:45:00,18,9,9,11,45,810,171,RD 10 PK 11+500,43.84781,1.8896,Plein jour,Hors agglomération,Hors intersection,Normale,Trois véhicules et plus - collisions multiples,,,,,,,,,,,1,1,1,1.0,5.0
201800017747,0018-10-26 13:30:00,18,10,26,13,30,810,171,"VC 12 - ""Balsegure""",43.86311,1.8879,Plein jour,Hors agglomération,Hors intersection,Normale,Autre collision,,,,,,,,,,,1,1,1,1.0,6.0
201800017748,0018-11-20 09:40:00,18,11,20,9,40,810,171,A68 PK46+800,43.86356,1.89598,Plein jour,Hors agglomération,Hors intersection,Normale,Autre collision,,,,,,,,,,,1,1,1,1.0,6.0
201800017749,0018-12-06 13:55:00,18,12,6,13,55,810,145,Lastour,43.87584,1.84404,Plein jour,Hors agglomération,Autre intersection,Pluie légère,Autre collision,,,,,,,,,,,1,1,9,2.0,6.0
201800017750,0018-01-16 15:35:00,18,1,16,15,35,810,289,chemin de soulet,43.55968,2.11722,Plein jour,En agglomération,Hors intersection,Pluie légère,Autre collision,,,,,,,,,,,1,2,1,2.0,6.0
201800017751,0018-02-08 07:20:00,18,2,8,7,20,810,204,N 112 PR 52+500,43.56004,2.32494,Nuit sans éclairage public,Hors agglomération,Hors intersection,Neige / grêle,Deux véhicules - frontale,,,,,,,,,,,3,1,1,4.0,1.0
201800017752,0018-02-11 19:15:00,18,2,11,19,15,810,130,Avenue de MAZAMET,43.58167,2.27592,Nuit avec éclairage allumé,En agglomération,Hors intersection,Pluie légère,Autre collision,,,,,,,,,,,5,2,1,2.0,6.0
201800017753,0018-04-12 17:15:00,18,4,12,17,15,810,289,route de Dourgne,43.54216,2.11939,Plein jour,Hors agglomération,Hors intersection,Normale,Autre collision,,,,,,,,,,,1,1,1,1.0,6.0
201800017754,0018-04-14 22:25:00,18,4,14,22,25,810,288,Lieu Dit LATOUR,43.46673,2.03464,Nuit sans éclairage public,Hors agglomération,Hors intersection,Normale,Trois véhicules et plus - collisions multiples,,,,,,,,,,,3,1,1,1.0,5.0
201800017755,0018-06-20 19:50:00,18,6,20,19,50,810,130,10 Avenue de Castres,43.58153,2.27601,Crépuscule ou aube,En agglomération,Hors intersection,Normale,Deux véhicules - frontale,,,,,,,,,,,2,2,1,1.0,1.0
201800017756,0018-08-01 18:30:00,18,8,1,18,30,810,204,Avenue de Payrin,43.51905,2.35516,Plein jour,En agglomération,Intersection en T,Normale,Deux véhicules - côté,,,,,,,,,,,1,2,3,1.0,3.0
201800017757,0018-08-06 12:45:00,18,8,6,12,45,810,289,D926,43.55687,2.11715,Plein jour,Hors agglomération,Hors intersection,Normale,Deux véhicules - frontale,,,,,,,,,,,1,1,1,1.0,1.0
201800017758,0018-08-27 15:15:00,18,8,27,15,15,810,204,RD612 PK30,43.54585,2.34562,Plein jour,Hors agglomération,Hors intersection,Normale,Autre collision,,,,,,,,,,,1,1,1,1.0,6.0
201800017759,0018-09-15 10:50:00,18,9,15,10,50,810,312,RD85 PK 14+900,43.50664,2.15609,Plein jour,Hors agglomération,Intersection en T,Normale,Deux véhicules - arrière,,,,,,,,,,,1,1,3,1.0,2.0
201800017760,0018-11-23 20:00:00,18,11,23,20,0,810,120,D60,43.55407,2.26406,Nuit sans éclairage public,Hors agglomération,Hors intersection,Normale,Deux véhicules - frontale,,,,,,,,,,,3,1,1,1.0,1.0
201800017761,0018-01-11 13:25:00,18,1,11,13,25,690,88,quai lamartine,45.8333,4.84561,Plein jour,En agglomération,Hors intersection,Normale,Deux véhicules - côté,,,,,,,,,,,1,2,1,1.0,3.0
201800017762,0018-01-20 12:50:00,18,1,20,12,50,690,292,Montée du Village,45.82767,4.87942,Plein jour,Hors agglomération,Hors intersection,Pluie légère,Deux véhicules - côté,,,,,,,,,,,1,1,1,2.0,3.0
201800017763,0018-03-04 11:10:00,18,3,4,11,10,690,292,Boulevard de l'Ouest,45.82534,4.868,Plein jour,En agglomération,Hors intersection,Normale,Autre collision,,,,,,,,,,,1,2,1,1.0,6.0
201800017764,0018-04-12 02:05:00,18,4,12,2,5,690,63,Quai d'Illhaeusern,45.82903,4.85038,Nuit sans éclairage public,Hors agglomération,Hors intersection,Normale,Autre collision,,,,,,,,,,,3,1,1,1.0,6.0
201800017765,0018-05-05 17:15:00,18,5,5,17,15,690,292,06 avenue du val de saon,45.82726,4.87369,Plein jour,En agglomération,Autre intersection,Normale,Autre collision,,,,,,,,,,,1,2,9,1.0,6.0
201800017766,0018-05-27 16:30:00,18,5,27,16,30,690,168,565 chemin de la plage,45.83627,4.83547,Plein jour,En agglomération,Hors intersection,Normale,Autre collision,,,,,,,,,,,1,2,1,1.0,6.0
201800017767,0018-05-31 07:40:00,18,5,31,7,40,690,63,Rue Pierre Pays,45.8297,4.84621,Plein jour,En agglomération,Hors intersection,Pluie légère,Autre collision,,,,,,,,,,,1,2,1,2.0,6.0
201800017768,0018-06-16 07:30:00,18,6,16,7,30,690,88,Avenue des Marronniers,45.81667,4.86297,Plein jour,En agglomération,Hors intersection,Normale,Autre collision,,,,,,,,,,,1,2,1,1.0,6.0
201800017769,0018-07-07 10:40:00,18,7,7,10,40,690,168,63 chemin des Lones,45.83591,4.83824,Plein jour,En agglomération,Giratoire,Normale,Deux véhicules - côté,,,,,,,,,,,1,2,6,1.0,3.0
201800017770,0018-09-19 10:35:00,18,9,19,10,35,690,63,d51,45.81476,4.84638,Plein jour,Hors agglomération,Giratoire,Normale,Deux véhicules - côté,,,,,,,,,,,1,1,6,1.0,3.0
201800017771,0018-09-27 19:00:00,18,9,27,19,0,690,63,quai d'illhaeusern,45.83046,4.84826,Plein jour,En agglomération,Autre intersection,Normale,Deux véhicules - frontale,,,,,,,,,,,1,2,9,1.0,1.0
201800017772,0018-10-11 10:25:00,18,10,11,10,25,690,292,14 av Félix Faure,45.82507,4.87335,Plein jour,En agglomération,Intersection en X,Temps éblouissant,Autre collision,,,,,,,,,,,1,2,2,7.0,6.0
201800017773,0018-12-09 23:45:00,18,12,9,23,45,690,63,quai d'illaheusern,45.83046,4.84826,Nuit sans éclairage public,Hors agglomération,Hors intersection,Pluie légère,Autre collision,,,,,,,,,,,3,1,1,2.0,6.0
201800017774,0018-12-12 17:35:00,18,12,12,17,35,690,292,13 allée carnot,45.81878,4.87134,Nuit avec éclairage allumé,En agglomération,Giratoire,Normale,Autre collision,,,,,,,,,,,5,2,6,1.0,6.0
201800017775,0018-12-20 17:10:00,18,12,20,17,10,690,63,Quai Illhaeusern,45.81498,4.84618,Crépuscule ou aube,En agglomération,Giratoire,Normale,Deux véhicules - côté,,,,,,,,,,,2,2,6,1.0,3.0
201800017776,0018-02-02 13:35:00,18,2,2,13,35,690,162,Rue du bourg,46.11177,4.61468,Plein jour,En agglomération,Intersection en T,Normale,Deux véhicules - côté,,,,,,,,,,,1,2,3,1.0,3.0
201800017777,0018-02-18 04:10:00,18,2,18,4,10,690,109,Route départementale D78,46.14544,4.62533,Nuit sans éclairage public,Hors agglomération,Hors intersection,Normale,Autre collision,,,,,,,,,,,3,1,1,1.0,6.0
201800017778,0018-03-04 16:30:00,18,3,4,16,30,690,103,Rond point des tournets,46.22966,4.7215,Plein jour,Hors agglomération,Giratoire,Pluie légère,Deux véhicules - frontale,,,,,,,,,,,1,1,6,2.0,1.0
201800017779,0018-04-15 11:00:00,18,4,15,11,0,690,58,lieu-dit ''les terrasses,46.18774,4.62973,Plein jour,Hors agglomération,Hors intersection,Normale,Deux véhicules - arrière,,,,,,,,,,,1,1,1,1.0,2.0
201800017780,0018-04-18 09:00:00,18,4,18,9,0,690,18,Place de l'hôtel de vill,46.15458,4.58706,Plein jour,En agglomération,Place,Normale,Autre collision,,,,,,,,,,,1,2,7,1.0,6.0
201800017781,0018-05-18 18:20:00,18,5,18,18,20,690,109,Chemin des mûriers,46.15491,4.61865,Plein jour,En agglomération,Hors intersection,Normale,Deux véhicules - frontale,,,,,,,,,,,1,2,1,1.0,1.0
201800017782,0018-07-18 16:15:00,18,7,18,16,15,690,209,D10,46.23201,4.418,Plein jour,Hors agglomération,Hors intersection,Normale,Sans collision,,,,,,,,,,,1,1,1,1.0,7.0
201800017783,0018-08-26 11:15:00,18,8,26,11,15,690,12,D337 - PK 22+038,46.17908,4.53252,Plein jour,Hors agglomération,Hors intersection,Normale,Trois véhicules et plus - collisions multiples,,,,,,,,,,,1,1,1,1.0,5.0
201800017784,0018-09-27 15:50:00,18,9,27,15,50,690,150,D 32,46.22988,4.5974,Plein jour,En agglomération,Intersection en Y,Temps éblouissant,Deux véhicules - frontale,,,,,,,,,,,1,2,4,7.0,1.0
201800017785,0018-10-16 09:05:00,18,10,16,9,5,690,165,intersection D602/D9,46.13635,4.64302,Plein jour,En agglomération,Intersection en X,Normale,Deux véhicules - côté,,,,,,,,,,,1,2,2,1.0,3.0
201800017786,0018-10-19 15:40:00,18,10,19,15,40,690,108,D306,46.17288,4.74704,Plein jour,Hors agglomération,Intersection en T,Normale,Deux véhicules - frontale,,,,,,,,,,,1,1,3,1.0,1.0
201800017787,0018-10-27 11:30:00,18,10,27,11,30,690,84,D32,46.19821,4.69115,Plein jour,Hors agglomération,Hors intersection,Pluie légère,Deux véhicules - frontale,,,,,,,,,,,1,1,1,2.0,1.0
201800017788,0018-12-06 17:30:00,18,12,6,17,30,690,162,D337,46.13106,4.62107,Nuit sans éclairage public,Hors agglomération,Hors intersection,Normale,Trois véhicules et plus - en chaîne,,,,,,,,,,,3,1,1,1.0,4.0
201800017789,0018-12-28 00:40:00,18,12,28,0,40,690,162,rond point des samsons,46.11375,4.62835,Nuit avec éclairage allumé,Hors agglomération,Giratoire,Brouillard / fumée,Autre collision,,,,,,,,,,,5,1,6,5.0,6.0
201800017790,0018-01-23 15:00:00,18,1,23,15,0,690,214,Lieu dit le bancillon,46.00714,4.36158,Plein jour,Hors agglomération,Hors intersection,Normale,Deux véhicules - côté,,,,,,,,,,,1,1,1,1.0,3.0
201800017791,0018-02-18 16:05:00,18,2,18,16,5,690,66,rue de la mairie,46.09974,4.32142,Plein jour,En agglomération,Hors intersection,Normale,Deux véhicules - côté,,,,,,,,,,,1,2,1,1.0,3.0
201800017792,0018-03-02 19:45:00,18,3,2,19,45,690,70,15 rue de l'Hotel de Vil,46.01885,4.37792,Nuit avec éclairage allumé,En agglomération,Hors intersection,Normale,Deux véhicules - frontale,,,,,,,,,,,5,2,1,1.0,1.0
201800017793,0018-04-09 17:40:00,18,4,9,17,40,690,6,16 Avenue Jean Moos,45.98492,4.34093,Plein jour,En agglomération,Hors intersection,Normale,Autre collision,,,,,,,,,,,1,2,1,1.0,6.0
201800017794,0018-04-18 17:00:00,18,4,18,17,0,690,70,3 route de Cublize,45.98204,4.33633,Plein jour,En agglomération,Hors intersection,Normale,Deux véhicules - arrière,,,,,,,,,,,1,2,1,1.0,2.0
201800017795,0018-04-20 15:10:00,18,4,20,15,10,690,66,45 rue Georges Clémencea,46.10027,4.32209,Plein jour,En agglomération,Hors intersection,Normale,Deux véhicules - côté,,,,,,,,,,,1,2,1,1.0,3.0
201800017796,0018-07-26 18:40:00,18,7,26,18,40,690,6,3 route de cublize,45.98174,4.33564,Plein jour,En agglomération,Autre intersection,Temps éblouissant,Deux véhicules - côté,,,,,,,,,,,1,2,9,7.0,3.0
201800017797,0018-09-12 16:30:00,18,9,12,16,30,690,214,RD 308,45.99824,4.32505,Plein jour,En agglomération,Hors intersection,Normale,Trois véhicules et plus - collisions multiples,,,,,,,,,,,1,2,1,1.0,5.0
201800017798,0018-10-09 09:50:00,18,10,9,9,50,690,248,RD 504,46.03568,4.28521,Plein jour,Hors agglomération,Intersection en X,Brouillard / fumée,Autre collision,,,,,,,,,,,1,1,2,5.0,6.0
201800017799,0018-10-31 19:00:00,18,10,31,19,0,690,214,avenue victor hugo,46.00269,4.32548,Nuit avec éclairage allumé,En agglomération,Hors intersection,Normale,Autre collision,,,,,,,,,,,5,2,1,1.0,6.0
201800017800,0018-11-12 17:00:00,18,11,12,17,0,690,248,rue du moulin dezalaire,46.03782,4.29809,Nuit avec éclairage allumé,En agglomération,Hors intersection,Pluie légère,Autre collision,,,,,,,,,,,5,2,1,2.0,6.0
201800017801,0018-12-08 03:00:00,18,12,8,3,0,690,248,RD9,46.02236,4.28232,Nuit sans éclairage public,Hors agglomération,Hors intersection,Normale,Autre collision,,,,,,,,,,,3,1,1,1.0,6.0
201800017802,0018-12-22 16:00:00,18,12,22,16,0,690,248,13 rue Jean Jaurès,46.03079,4.31234,Plein jour,En agglomération,Hors intersection,Normale,Autre collision,,,,,,,,,,,1,2,1,1.0,6.0
201800017803,0018-01-25 06:45:00,18,1,25,6,45,330,363,"D 14, PK 7+800.",44.76737,-0.4168,Nuit sans éclairage public,Hors agglomération,Hors intersection,Normale,Trois véhicules et plus - collisions multiples,,,,,,,,,,,3,1,1,1.0,5.0
201800017804,0018-07-25 18:35:00,18,7,25,18,35,330,83,route de Créon,44.81629,-0.36228,Plein jour,Hors agglomération,Hors intersection,Normale,Deux véhicules - frontale,,,,,,,,,,,1,1,1,1.0,1.0
201800017805,0018-12-31 16:25:00,18,12,31,16,25,330,431,route de Blésignac,44.77397,-0.27802,Plein jour,Hors agglomération,Intersection en X,Normale,Deux véhicules - arrière,,,,,,,,,,,1,1,2,1.0,2.0
201800017806,0018-01-23 17:20:00,18,1,23,17,20,330,11,RD3 PR79+470 réel,44.76126,-1.12806,Plein jour,En agglomération,Hors intersection,Temps couvert,Deux véhicules - frontale,,,,,,,,,,,1,2,1,8.0,1.0
201800017807,0018-02-02 15:00:00,18,2,2,15,0,330,236,D106/All Grd Piquey.,44.71667,-1.21242,Plein jour,En agglomération,Intersection en X,Normale,Deux véhicules - arrière,,,,,,,,,,,1,2,2,1.0,2.0
201800017808,0018-04-15 14:10:00,18,4,15,14,10,330,236,Route Forestière du Truc,44.70585,-1.24531,Plein jour,Hors agglomération,Hors intersection,Normale,Deux véhicules - côté,,,,,,,,,,,1,1,1,1.0,3.0
201800017809,0018-08-06 21:00:00,18,8,6,21,0,330,236,RD106E5 PR1+738 réel,44.79029,-1.15795,Crépuscule ou aube,En agglomération,Hors intersection,Normale,Autre collision,,,,,,,,,,,2,2,1,1.0,6.0
201800017810,0018-07-30 11:25:00,18,7,30,11,25,330,11,Route de Bordeaux,44.77137,-1.11769,Plein jour,En agglomération,Hors intersection,Normale,Autre collision,,,,,,,,,,,1,2,1,1.0,6.0
201800017811,0018-08-24 18:15:00,18,8,24,18,15,330,236,Av Océan/Av Mon Salliens,44.65578,-1.2461,Plein jour,En agglomération,Intersection en X,Normale,Deux véhicules - côté,,,,,,,,,,,1,2,2,1.0,3.0
201800017812,0018-11-10 16:25:00,18,11,10,16,25,330,236,205 route du Cap Ferret.,44.69626,-1.23245,Plein jour,En agglomération,Hors intersection,Pluie légère,Autre collision,,,,,,,,,,,1,2,1,2.0,6.0
201800017813,0018-12-11 11:25:00,18,12,11,11,25,330,11,20 avenue de la libérati,44.76542,-1.13754,Plein jour,En agglomération,Hors intersection,Normale,Autre collision,,,,,,,,,,,1,2,1,1.0,6.0
201800017814,0018-01-25 18:00:00,18,1,25,18,0,330,382,RD250 PR11+065 réel.,45.11966,-0.52687,Nuit sans éclairage public,Hors agglomération,Hors intersection,Pluie légère,Autre collision,,,,,,,,,,,3,1,1,2.0,6.0
201800017815,0018-02-08 18:15:00,18,2,8,18,15,330,473,Petit Terrier/La Chaise,45.14122,-0.43781,Crépuscule ou aube,En agglomération,Intersection en T,Normale,Deux véhicules - côté,,,,,,,,,,,2,2,3,1.0,3.0
201800017816,0018-03-22 17:00:00,18,3,22,17,0,330,114,886 rue de papon,45.10235,-0.38188,Plein jour,En agglomération,Hors intersection,Normale,Autre collision,,,,,,,,,,,1,2,1,1.0,6.0
201800017817,0018-05-10 17:35:00,18,5,10,17,35,330,233,D22 PR22+043 réel,45.10921,-0.34712,Plein jour,En agglomération,Hors intersection,Normale,Autre collision,,,,,,,,,,,1,2,1,1.0,6.0
201800017818,0018-06-23 14:20:00,18,6,23,14,20,330,233,D22PR21+216/VCMaillerie,45.11268,-0.3554,Plein jour,Hors agglomération,Intersection en X,Normale,Deux véhicules - côté,,,,,,,,,,,1,1,2,1.0,3.0
201800017819,0018-06-30 23:30:00,18,6,30,23,30,330,272,D142 PR11+458 réel,45.0676,-0.38746,Nuit sans éclairage public,En agglomération,Hors intersection,Normale,Deux véhicules - frontale,,,,,,,,,,,3,2,1,1.0,1.0
201800017820,0018-09-27 11:50:00,18,9,27,11,50,330,272,RN10 PK13,45.06066,-0.39839,Plein jour,Hors agglomération,Hors intersection,Normale,Deux véhicules - côté,,,,,,,,,,,1,1,1,1.0,3.0
201800017821,0018-12-10 21:30:00,18,12,10,21,30,330,142,ruisseau saint martial,45.06335,-0.43489,Nuit sans éclairage public,Hors agglomération,Intersection en Y,Brouillard / fumée,Autre collision,,,,,,,,,,,3,1,4,5.0,6.0