accident_id,datetime,annee,mois,jour,heure,minute,departement,commune_insee,adresse,latitude,longitude,luminosite,agglomeration,intersection,meteo,collision,nb_vehicules,nb_usagers,nb_indemnes,nb_tues,nb_blesses_hosp,nb_blesses_legers,age_cond_1,age_cond_2,veh_type_cond_1,veh_type_cond_2,lum_code,agg_code,int_code,atm_code,col_code
201800017943,0018-12-10 00:30:00,18,12,10,0,30,820,179,route du causse,44.17068,1.58979,Nuit sans éclairage public,Hors agglomération,Hors intersection,Pluie légère,Autre collision,,,,,,,,,,,3,1,1,2.0,6.0
201800017944,0018-12-29 05:00:00,18,12,29,5,0,820,87,D927 LE SAULA,44.09449,1.26186,Nuit sans éclairage public,Hors agglomération,Hors intersection,Normale,Autre collision,,,,,,,,,,,3,1,1,1.0,6.0
201800017945,0018-02-03 21:00:00,18,2,3,21,0,820,44,1612 route de Reynies,43.93202,1.38178,Nuit sans éclairage public,Hors agglomération,Hors intersection,Normale,Autre collision,,,,,,,,,,,3,1,1,1.0,6.0
201800017946,0018-02-16 19:45:00,18,2,16,19,45,820,142,125 route de Montauban,43.81941,1.30778,Nuit avec éclairage allumé,En agglomération,Hors intersection,Normale,Autre collision,,,,,,,,,,,5,2,1,1.0,6.0
201800017947,0018-03-24 17:00:00,18,3,24,17,0,820,17,chemin des placettes,43.88972,1.26265,Plein jour,Hors agglomération,Hors intersection,Temps couvert,Autre collision,,,,,,,,,,,1,1,1,8.0,6.0
201800017948,0018-05-10 17:20:00,18,5,10,17,20,820,188,RD999,43.93227,1.49278,Plein jour,Hors agglomération,Hors intersection,Normale,Deux véhicules - frontale,,,,,,,,,,,1,1,1,1.0,1.0
201800017949,0018-05-16 20:35:00,18,5,16,20,35,820,79,"Lieu dit ""Lespinet""",43.91208,1.34208,Plein jour,En agglomération,Hors intersection,Normale,Autre collision,,,,,,,,,,,1,2,1,1.0,6.0
201800017950,0018-07-03 05:00:00,18,7,3,5,0,820,75,D94 bis,43.84019,1.29467,Nuit sans éclairage public,En agglomération,Intersection en Y,Normale,Autre collision,,,,,,,,,,,3,2,4,1.0,6.0
201800017951,0018-07-19 14:00:00,18,7,19,14,0,820,167,RD999- route d'Albi,43.95763,1.43866,Plein jour,Hors agglomération,Hors intersection,Normale,Autre collision,,,,,,,,,,,1,1,1,1.0,6.0
201800017952,0018-09-01 16:00:00,18,9,1,16,0,820,17,Chemin des acacias,43.89915,1.27136,Plein jour,Hors agglomération,Hors intersection,Normale,Autre collision,,,,,,,,,,,1,1,1,1.0,6.0
201800017953,0018-09-16 02:30:00,18,9,16,2,30,820,27,D6,43.89834,1.31976,Nuit sans éclairage public,Hors agglomération,Hors intersection,Normale,Autre collision,,,,,,,,,,,3,1,1,1.0,6.0
201800017954,0018-10-28 20:10:00,18,10,28,20,10,820,79,"RD 930, route de Montaub",43.94132,1.35567,Nuit sans éclairage public,Hors agglomération,Hors intersection,Normale,Deux véhicules - frontale,,,,,,,,,,,3,1,1,1.0,1.0
201800017955,0018-12-05 09:45:00,18,12,5,9,45,820,79,Chemin de berthouly,43.93571,1.34536,Plein jour,Hors agglomération,Hors intersection,Normale,Deux véhicules - frontale,,,,,,,,,,,1,1,1,1.0,1.0
201800017956,0018-02-06 14:00:00,18,2,6,14,0,820,23,D 26,43.96147,1.16013,Plein jour,Hors agglomération,Hors intersection,Normale,Sans collision,,,,,,,,,,,1,1,1,1.0,7.0
201800017957,0018-02-19 18:26:00,18,2,19,18,26,820,171,D14,44.01453,1.17179,Nuit sans éclairage public,Hors agglomération,Hors intersection,Pluie légère,Deux véhicules - côté,,,,,,,,,,,3,1,1,2.0,3.0
201800017958,0018-04-09 00:40:00,18,4,9,0,40,820,125,D928,43.95356,1.19352,Nuit sans éclairage public,Hors agglomération,Hors intersection,Pluie légère,Autre collision,,,,,,,,,,,3,1,1,2.0,6.0
201800017959,0018-06-17 02:25:00,18,6,17,2,25,820,124,RD42 Bois de la Barraque,44.01611,1.228,Nuit sans éclairage public,Hors agglomération,Hors intersection,Normale,Sans collision,,,,,,,,,,,3,1,1,1.0,7.0
201800017960,0018-08-21 17:00:00,18,8,21,17,0,820,125,d928,43.95633,1.22677,Plein jour,En agglomération,Hors intersection,Normale,Deux véhicules - arrière,,,,,,,,,,,1,2,1,1.0,2.0
201800017961,0018-10-05 19:40:00,18,10,5,19,40,820,178,Intersection D100/C7,43.83832,1.19409,Nuit sans éclairage public,Hors agglomération,Intersection en X,Normale,Deux véhicules - côté,,,,,,,,,,,3,1,2,1.0,3.0
201800017962,0018-10-27 15:30:00,18,10,27,15,30,820,124,Lieu dit Meauzaguelles,44.02322,1.26879,Plein jour,Hors agglomération,Hors intersection,Normale,Deux véhicules - arrière,,,,,,,,,,,1,1,1,1.0,2.0
201800017963,0018-11-10 19:30:00,18,11,10,19,30,820,190,route d'Aucamville,43.83627,1.22755,Nuit sans éclairage public,Hors agglomération,Hors intersection,Pluie légère,Autre collision,,,,,,,,,,,3,1,1,2.0,6.0
201800017964,0018-02-12 08:10:00,18,2,12,8,10,820,18,lieu dit la tanguine,44.1149,1.53138,Plein jour,Hors agglomération,Hors intersection,Normale,Autre collision,,,,,,,,,,,1,1,1,1.0,6.0
201800017965,0018-02-18 15:12:00,18,2,18,15,12,820,134,Route départementale 115,44.06203,1.49238,Plein jour,Hors agglomération,Hors intersection,Pluie légère,Autre collision,,,,,,,,,,,1,1,1,2.0,6.0
201800017966,0018-03-18 19:50:00,18,3,18,19,50,820,2,D.820,44.0789,1.43257,Nuit sans éclairage public,Hors agglomération,Hors intersection,Normale,Deux véhicules - côté,,,,,,,,,,,3,1,1,1.0,3.0
201800017967,0018-04-29 05:40:00,18,4,29,5,40,820,161,1394 route de la Brive,44.04965,1.48598,Nuit sans éclairage public,Hors agglomération,Hors intersection,Temps couvert,Autre collision,,,,,,,,,,,3,1,1,8.0,6.0
201800017968,0018-07-18 21:30:00,18,7,18,21,30,820,39,D820,44.09482,1.45174,Nuit sans éclairage public,Hors agglomération,Giratoire,Normale,Autre collision,,,,,,,,,,,3,1,6,1.0,6.0
201800017969,0018-08-11 06:20:00,18,8,11,6,20,820,26,rond point du bugarel,44.07239,1.61455,Crépuscule ou aube,Hors agglomération,Giratoire,Normale,Autre collision,,,,,,,,,,,2,1,6,1.0,6.0
201800017970,0018-08-22 11:50:00,18,8,22,11,50,820,161,Chemin des Mourets,44.0341,1.42659,Plein jour,Hors agglomération,Hors intersection,Normale,Deux véhicules - arrière,,,,,,,,,,,1,1,1,1.0,2.0
201800017971,0018-08-26 16:45:00,18,8,26,16,45,820,134,1557 route de albias,44.08636,1.50634,Plein jour,Hors agglomération,Hors intersection,Normale,Sans collision,,,,,,,,,,,1,1,1,1.0,7.0
201800017972,0018-10-02 10:57:00,18,10,2,10,57,820,134,Lieu dit La Vergne,44.07872,1.57995,Plein jour,Hors agglomération,Intersection en X,Normale,Deux véhicules - côté,,,,,,,,,,,1,1,2,1.0,3.0
201800017973,0018-10-23 16:35:00,18,10,23,16,35,820,66,Les Penards,44.00547,1.48828,Plein jour,Hors agglomération,Hors intersection,Normale,Deux véhicules - arrière,,,,,,,,,,,1,1,1,1.0,2.0
201800017974,0018-11-17 03:40:00,18,11,17,3,40,820,2,D820,44.08233,1.43694,Nuit sans éclairage public,Hors agglomération,Hors intersection,Normale,Autre collision,,,,,,,,,,,3,1,1,1.0,6.0
201800017975,0018-01-14 00:05:00,18,1,14,0,5,820,38,RD 19,44.24626,1.7235,Nuit sans éclairage public,Hors agglomération,Hors intersection,Normale,Autre collision,,,,,,,,,,,3,1,1,1.0,6.0
201800017976,0018-01-19 09:00:00,18,1,19,9,0,820,38,D 84,44.24498,1.80954,Plein jour,Hors agglomération,Hors intersection,Pluie légère,Deux véhicules - frontale,,,,,,,,,,,1,1,1,2.0,1.0
201800017977,0018-05-11 06:15:00,18,5,11,6,15,820,56,d 75,44.19327,1.82356,Crépuscule ou aube,Hors agglomération,Hors intersection,Normale,Autre collision,,,,,,,,,,,2,1,1,1.0,6.0
201800017978,0018-07-01 15:20:00,18,7,1,15,20,820,155,RD115,44.14753,1.76166,Plein jour,Hors agglomération,Hors intersection,Normale,Autre collision,,,,,,,,,,,1,1,1,1.0,6.0
201800017979,0018-08-01 12:20:00,18,8,1,12,20,820,155,D926 - avant le croiseme,44.19754,1.69342,Plein jour,Hors agglomération,Hors intersection,Normale,Autre collision,,,,,,,,,,,1,1,1,1.0,6.0
201800017980,0018-09-11 08:20:00,18,9,11,8,20,820,155,RD19,44.16513,1.74901,Plein jour,Hors agglomération,Hors intersection,Normale,Autre collision,,,,,,,,,,,1,1,1,1.0,6.0
201800017981,0018-10-11 16:00:00,18,10,11,16,0,820,147,D926,44.2935,1.86937,Plein jour,Hors agglomération,Hors intersection,Normale,Deux véhicules - frontale,,,,,,,,,,,1,1,1,1.0,1.0
201800017982,0018-12-22 12:50:00,18,12,22,12,50,820,82,RD926,44.26232,1.82111,Plein jour,Hors agglomération,Hors intersection,Pluie légère,Deux véhicules - frontale,,,,,,,,,,,1,1,1,2.0,1.0
201800017983,0018-03-13 07:30:00,18,3,13,7,30,820,13,RD 3,43.87892,1.01433,Crépuscule ou aube,Hors agglomération,Hors intersection,Normale,Sans collision,,,,,,,,,,,2,1,1,1.0,7.0
201800017984,0018-04-22 16:00:00,18,4,22,16,0,820,13,bonnevie,43.86621,1.0628,Plein jour,Hors agglomération,Hors intersection,Normale,Deux véhicules - côté,,,,,,,,,,,1,1,1,1.0,3.0
201800017985,0018-04-22 19:30:00,18,4,22,19,30,820,103,route d'auch,43.84415,0.93127,Plein jour,Hors agglomération,Hors intersection,Normale,Autre collision,,,,,,,,,,,1,1,1,1.0,6.0
201800017986,0018-05-06 15:20:00,18,5,6,15,20,820,36,RD18,43.80267,0.97382,Plein jour,Hors agglomération,Hors intersection,Normale,Autre collision,,,,,,,,,,,1,1,1,1.0,6.0
201800017987,0018-05-28 17:05:00,18,5,28,17,5,820,13,34 boulevard ouest,43.88345,0.98477,Plein jour,En agglomération,Hors intersection,Normale,Autre collision,,,,,,,,,,,1,2,1,1.0,6.0
201800017988,0018-08-07 16:35:00,18,8,7,16,35,820,97,Carrefour RD15 - VC.6 ou,43.95961,0.9229,Plein jour,En agglomération,Intersection en X,Normale,Deux véhicules - côté,,,,,,,,,,,1,2,2,1.0,3.0
201800017989,0018-10-02 17:04:00,18,10,2,17,4,820,97,D3,43.92011,0.94926,Plein jour,Hors agglomération,Hors intersection,Normale,Sans collision,,,,,,,,,,,1,1,1,1.0,7.0
201800017990,0018-11-16 16:55:00,18,11,16,16,55,820,97,la bordette,43.97349,0.95169,Plein jour,Hors agglomération,Hors intersection,Normale,Deux véhicules - côté,,,,,,,,,,,1,1,1,1.0,3.0
201800017991,0018-12-05 14:15:00,18,12,5,14,15,820,13,56 boulevard général Foc,43.88333,0.99186,Plein jour,En agglomération,Hors intersection,Normale,Autre collision,,,,,,,,,,,1,2,1,1.0,6.0
201800017992,0018-02-15 11:30:00,18,2,15,11,30,820,42,RD34,44.21138,1.24512,Plein jour,Hors agglomération,Hors intersection,Normale,Deux véhicules - frontale,,,,,,,,,,,1,1,1,1.0,1.0
201800017993,0018-03-02 20:50:00,18,3,2,20,50,820,94,"Lieu-dit ""Vignals""",44.26604,1.14283,Nuit sans éclairage public,Hors agglomération,Hors intersection,Normale,Autre collision,,,,,,,,,,,3,1,1,1.0,6.0
201800017994,0018-04-01 15:55:00,18,4,1,15,55,820,117,Fillol,44.33035,1.0278,Plein jour,Hors agglomération,Hors intersection,Normale,Autre collision,,,,,,,,,,,1,1,1,1.0,6.0
201800017995,0018-04-09 15:55:00,18,4,9,15,55,820,22,Bouyssounet,44.26381,0.95391,Plein jour,Hors agglomération,Hors intersection,Normale,Autre collision,,,,,,,,,,,1,1,1,1.0,6.0
201800017996,0018-05-30 12:30:00,18,5,30,12,30,820,111,Miral,44.20642,1.05133,Plein jour,Hors agglomération,Intersection en X,Normale,Deux véhicules - côté,,,,,,,,,,,1,1,2,1.0,3.0
201800017997,0018-08-10 09:10:00,18,8,10,9,10,820,51,RD2,44.18677,1.1549,Plein jour,Hors agglomération,Hors intersection,Normale,Autre collision,,,,,,,,,,,1,1,1,1.0,6.0
201800017998,0018-08-21 11:30:00,18,8,21,11,30,820,111,Miral,44.21509,1.05935,Plein jour,Hors agglomération,Hors intersection,Normale,Autre collision,,,,,,,,,,,1,1,1,1.0,6.0
201800017999,0018-09-17 16:45:00,18,9,17,16,45,820,127,RD 16,44.16873,1.11735,Plein jour,Hors agglomération,Hors intersection,Normale,Autre collision,,,,,,,,,,,1,1,1,1.0,6.0
201800018000,0018-10-05 18:45:00,18,10,5,18,45,820,151,Les Alignès,44.32731,0.9492,Crépuscule ou aube,Hors agglomération,Hors intersection,Temps éblouissant,Autre collision,,,,,,,,,,,2,1,1,7.0,6.0
201800018001,0018-10-18 03:10:00,18,10,18,3,10,820,51,"""les bouzigues""",44.15518,1.13809,Nuit sans éclairage public,Hors agglomération,Hors intersection,Normale,Autre collision,,,,,,,,,,,3,1,1,1.0,6.0
201800018002,0018-11-18 14:50:00,18,11,18,14,50,820,151,Route de Roquecor - RD 7,44.31649,0.94693,Plein jour,Hors agglomération,Hors intersection,Normale,Autre collision,,,,,,,,,,,1,1,1,1.0,6.0
201800018003,0018-01-28 16:50:00,18,1,28,16,50,820,112,lieu dit  la megere,44.12208,1.14592,Plein jour,Hors agglomération,Intersection en T,Normale,Deux véhicules - côté,,,,,,,,,,,1,1,3,1.0,3.0
201800018004,0018-03-30 20:10:00,18,3,30,20,10,820,12,491 route de CASTELSARRA,44.07678,1.18096,Plein jour,Hors agglomération,Hors intersection,Normale,Deux véhicules - arrière,,,,,,,,,,,1,1,1,1.0,2.0
201800018005,0018-05-25 18:43:00,18,5,25,18,43,820,31,D26,44.04642,1.03041,Plein jour,Hors agglomération,Hors intersection,Normale,Deux véhicules - frontale,,,,,,,,,,,1,1,1,1.0,1.0
201800018006,0018-07-19 12:45:00,18,7,19,12,45,820,112,D813 VC 113,44.09091,1.08749,Plein jour,Hors agglomération,Intersection en X,Normale,Deux véhicules - côté,,,,,,,,,,,1,1,2,1.0,3.0
201800018007,0018-07-21 16:35:00,18,7,21,16,35,820,152,371 route d'ANGEVILLE,44.01501,1.06703,Plein jour,Hors agglomération,Hors intersection,Normale,Autre collision,,,,,,,,,,,1,1,1,1.0,6.0
201800018008,0018-09-10 16:25:00,18,9,10,16,25,820,112,avenue du Chasselas,44.1086,1.1002,Plein jour,En agglomération,Hors intersection,Normale,Deux véhicules - arrière,,,,,,,,,,,1,2,1,1.0,2.0
201800018009,0018-09-22 11:35:00,18,9,22,11,35,820,112,place des récollets,44.10359,1.08565,Plein jour,En agglomération,Place,Normale,Autre collision,,,,,,,,,,,1,2,7,1.0,6.0
201800018010,0018-09-28 11:45:00,18,9,28,11,45,820,112,RD927,44.1168,1.11574,Plein jour,Hors agglomération,Hors intersection,Normale,Autre collision,,,,,,,,,,,1,1,1,1.0,6.0
201800018011,0018-10-26 08:20:00,18,10,26,8,20,820,112,rue de l'innondation 193,44.10164,1.08901,Plein jour,En agglomération,Intersection en T,Pluie légère,Deux véhicules - côté,,,,,,,,,,,1,2,3,2.0,3.0
201800018012,0018-11-27 17:45:00,18,11,27,17,45,820,112,"Lieu dit Roussel, chemin",44.14401,1.052,Nuit sans éclairage public,Hors agglomération,Intersection en X,Normale,Deux véhicules - frontale,,,,,,,,,,,3,1,2,1.0,1.0
201800018013,0018-02-12 09:15:00,18,2,12,9,15,820,72,"5,  place du Padouen",44.11406,0.85097,Plein jour,En agglomération,Hors intersection,Temps éblouissant,Autre collision,,,,,,,,,,,1,2,1,7.0,6.0
201800018014,0018-03-17 16:40:00,18,3,17,16,40,820,89,29 avenue St Michel,44.12286,0.82727,Plein jour,En agglomération,Hors intersection,Normale,Autre collision,,,,,,,,,,,1,2,1,1.0,6.0
201800018015,0018-06-27 09:40:00,18,6,27,9,40,820,72,13 impasse des Chardonne,44.12084,0.85445,Plein jour,En agglomération,Hors intersection,Normale,Deux véhicules - côté,,,,,,,,,,,1,2,1,1.0,3.0
201800018016,0018-02-13 19:20:00,18,2,13,19,20,800,463,D1029,49.87105,2.56081,Crépuscule ou aube,Hors agglomération,Hors intersection,Pluie légère,Trois véhicules et plus - collisions multiples,,,,,,,,,,,2,1,1,2.0,5.0
201800018017,0018-12-16 19:30:00,18,12,16,19,30,800,463,D42,49.86386,2.58699,Nuit sans éclairage public,Hors agglomération,Intersection en T,Brouillard / fumée,Trois véhicules et plus - collisions multiples,,,,,,,,,,,3,1,3,5.0,5.0
201800018018,0018-04-12 17:20:00,18,4,12,17,20,800,456,D1015/D178,49.80724,1.79346,Plein jour,Hors agglomération,Intersection en X,Brouillard / fumée,Deux véhicules - côté,,,,,,,,,,,1,1,2,5.0,3.0
201800018019,0018-04-20 16:45:00,18,4,20,16,45,800,142,D141/D9,49.90293,2.08626,Plein jour,Hors agglomération,Intersection en X,Normale,Deux véhicules - frontale,,,,,,,,,,,1,1,2,1.0,1.0
201800018020,0018-04-22 16:30:00,18,4,22,16,30,800,592,RTE DE SAINT AUBIN,49.85388,1.75396,Plein jour,En agglomération,Hors intersection,Normale,Deux véhicules - côté,,,,,,,,,,,1,2,1,1.0,3.0
201800018021,0018-09-15 18:00:00,18,9,15,18,0,800,655,D70,49.95136,1.98353,Plein jour,Hors agglomération,Hors intersection,Normale,Sans collision,,,,,,,,,,,1,1,1,1.0,7.0
201800018022,0018-09-27 18:05:00,18,9,27,18,5,800,699,D211,49.87198,1.78062,Plein jour,Hors agglomération,Intersection en X,Normale,Deux véhicules - côté,,,,,,,,,,,1,1,2,1.0,3.0
201800018023,0018-12-24 19:30:00,18,12,24,19,30,800,655,D936,49.95938,1.9907,Nuit avec éclairage allumé,Hors agglomération,Intersection en X,Normale,Deux véhicules - frontale,,,,,,,,,,,5,1,2,1.0,1.0
201800018024,0018-01-15 08:20:00,18,1,15,8,20,800,791,4 ROUTE DE BACOUEL,49.83953,2.22418,Plein jour,En agglomération,Hors intersection,Normale,Deux véhicules - frontale,,,,,,,,,,,1,2,1,1.0,1.0
201800018025,0018-01-24 14:15:00,18,1,24,14,15,800,761,,49.75888,2.18574,Plein jour,Hors agglomération,Hors intersection,Vent fort / tempête,Sans collision,,,,,,,,,,,1,1,1,6.0,7.0
201800018026,0018-02-23 12:00:00,18,2,23,12,0,800,317,D100,49.73217,2.09071,Plein jour,Hors agglomération,Hors intersection,Normale,Autre collision,,,,,,,,,,,1,1,1,1.0,6.0
201800018027,0018-05-04 21:40:00,18,5,4,21,40,800,424,D1001,49.82374,2.26575,Crépuscule ou aube,Hors agglomération,Hors intersection,Normale,Sans collision,,,,,,,,,,,2,1,1,1.0,7.0
201800018028,0018-05-08 01:30:00,18,5,8,1,30,800,630,AV DU GENERAL LECLERC,49.77466,1.98567,Nuit avec éclairage allumé,En agglomération,Intersection en Y,Normale,Deux véhicules - frontale,,,,,,,,,,,5,2,4,1.0,1.0
201800018029,0018-05-14 09:05:00,18,5,14,9,5,800,424,D1001,49.81593,2.26262,Plein jour,Hors agglomération,Hors intersection,Normale,Deux véhicules - côté,,,,,,,,,,,1,1,1,1.0,3.0
201800018030,0018-06-04 21:30:00,18,6,4,21,30,800,352,D138 / D38,49.7887,2.11551,Crépuscule ou aube,Hors agglomération,Intersection en X,Normale,Autre collision,,,,,,,,,,,2,1,2,1.0,6.0
201800018031,0018-06-04 15:10:00,18,6,4,15,10,800,352,D138 / D38,49.78892,2.11535,Plein jour,Hors agglomération,Intersection en X,Normale,Deux véhicules - côté,,,,,,,,,,,1,1,2,1.0,3.0
201800018032,0018-06-09 18:15:00,18,6,9,18,15,800,375,"4, R DU VIADUC",49.78113,1.75968,Plein jour,En agglomération,Hors intersection,Normale,Deux véhicules - côté,,,,,,,,,,,1,2,1,1.0,3.0
201800018033,0018-07-24 08:00:00,18,7,24,8,0,800,273,chemin d Eplessier,49.78676,1.9406,Plein jour,Hors agglomération,Hors intersection,Normale,Deux véhicules - frontale,,,,,,,,,,,1,1,1,1.0,1.0
201800018034,0018-07-29 19:20:00,18,7,29,19,20,800,227,D901,49.78356,1.98147,Plein jour,Hors agglomération,Hors intersection,Normale,Autre collision,,,,,,,,,,,1,1,1,1.0,6.0
201800018035,0018-08-01 16:35:00,18,8,1,16,35,800,791,D210,49.83522,2.2395,Plein jour,Hors agglomération,Hors intersection,Normale,Trois véhicules et plus - collisions multiples,,,,,,,,,,,1,1,1,1.0,5.0
201800018036,0018-10-12 21:15:00,18,10,12,21,15,800,211,RTE DE LUZIERES,49.7352,2.15197,Nuit sans éclairage public,En agglomération,Hors intersection,Normale,Sans collision,,,,,,,,,,,3,2,1,1.0,7.0
201800018037,0018-11-04 22:30:00,18,11,4,22,30,800,582,D38,49.79181,2.10774,Nuit sans éclairage public,Hors agglomération,Hors intersection,Pluie légère,Autre collision,,,,,,,,,,,3,1,1,2.0,6.0
201800018038,0018-11-21 17:30:00,18,11,21,17,30,800,627,D8,49.80954,2.2146,Crépuscule ou aube,Hors agglomération,Intersection en T,Normale,Deux véhicules - frontale,,,,,,,,,,,2,1,3,1.0,1.0
201800018039,0018-12-10 12:45:00,18,12,10,12,45,800,211,D920 / D210,49.73972,2.18085,Plein jour,Hors agglomération,Intersection en X,Pluie forte,Deux véhicules - côté,,,,,,,,,,,1,1,2,3.0,3.0
201800018040,0018-12-30 22:15:00,18,12,30,22,15,800,455,D919,49.7728,1.96778,Nuit sans éclairage public,Hors agglomération,Hors intersection,Pluie légère,Autre collision,,,,,,,,,,,3,1,1,2.0,6.0
201800018041,0018-12-31 18:55:00,18,12,31,18,55,800,656,"35, CHS THIERS",49.82294,2.08541,Nuit avec éclairage allumé,En agglomération,Hors intersection,Temps couvert,Autre collision,,,,,,,,,,,5,2,1,8.0,6.0
201800018042,0018-01-08 19:20:00,18,1,8,19,20,800,639,chemin de Longpré,49.93988,2.29571,Nuit sans éclairage public,Hors agglomération,Hors intersection,Temps couvert,Sans collision,,,,,,,,,,,3,1,1,8.0,7.0
201800018043,0018-02-11 22:15:00,18,2,11,22,15,800,650,D929,49.92927,2.39792,Nuit sans éclairage public,Hors agglomération,Hors intersection,Neige / grêle,Deux véhicules - frontale,,,,,,,,,,,3,1,1,4.0,1.0
201800018044,0018-02-21 20:55:00,18,2,21,20,55,800,202,D11,49.95461,2.34086,Nuit sans éclairage public,Hors agglomération,Intersection en X,Normale,Deux véhicules - côté,,,,,,,,,,,3,1,2,1.0,3.0
201800018045,0018-02-24 09:00:00,18,2,24,9,0,800,187,D49,49.96295,2.1596,Plein jour,Hors agglomération,Hors intersection,Normale,Autre collision,,,,,,,,,,,1,1,1,1.0,6.0
201800018046,0018-03-16 16:20:00,18,3,16,16,20,800,661,RTE D'AMIENS,49.9711,2.35372,Plein jour,En agglomération,Hors intersection,Normale,Deux véhicules - frontale,,,,,,,,,,,1,2,1,1.0,1.0
201800018047,0018-03-18 12:20:00,18,3,18,12,20,800,622,D141,49.93358,2.13737,Plein jour,Hors agglomération,Hors intersection,Normale,Deux véhicules - frontale,,,,,,,,,,,1,1,1,1.0,1.0
201800018048,0018-04-22 16:30:00,18,4,22,16,30,800,82,D1001,49.97821,2.14086,Plein jour,Hors agglomération,Hors intersection,Normale,Trois véhicules et plus - collisions multiples,,,,,,,,,,,1,1,1,1.0,5.0
201800018049,0018-04-21 13:00:00,18,4,21,13,0,800,187,D1001,49.96385,2.17376,Plein jour,Hors agglomération,Hors intersection,Normale,Trois véhicules et plus - en chaîne,,,,,,,,,,,1,1,1,1.0,4.0
201800018050,0018-05-04 20:00:00,18,5,4,20,0,800,704,D919,49.97073,2.4072,Crépuscule ou aube,Hors agglomération,Intersection en X,Normale,Deux véhicules - côté,,,,,,,,,,,2,1,2,1.0,3.0
201800018051,0018-05-30 18:15:00,18,5,30,18,15,800,137,D1235,49.93865,2.16236,Plein jour,Hors agglomération,Hors intersection,Normale,Deux véhicules - frontale,,,,,,,,,,,1,1,1,1.0,1.0
201800018052,0018-06-14 09:30:00,18,6,14,9,30,800,639,N25,49.94544,2.30958,Plein jour,En agglomération,Giratoire,Normale,Sans collision,,,,,,,,,,,1,2,6,1.0,7.0
201800018053,0018-09-01 06:00:00,18,9,1,6,0,800,24,D1001,49.93601,2.24375,Crépuscule ou aube,Hors agglomération,Giratoire,Brouillard / fumée,Autre collision,,,,,,,,,,,2,1,6,5.0,6.0
201800018054,0018-09-07 21:30:00,18,9,7,21,30,800,639,N25,49.97899,2.31568,Nuit sans éclairage public,Hors agglomération,Hors intersection,Normale,Deux véhicules - arrière,,,,,,,,,,,3,1,1,1.0,2.0
201800018055,0018-09-23 15:00:00,18,9,23,15,0,800,718,D1001,49.9525,2.20282,Plein jour,Hors agglomération,Hors intersection,Pluie légère,Deux véhicules - frontale,,,,,,,,,,,1,1,1,2.0,1.0
201800018056,0018-09-28 22:23:00,18,9,28,22,23,800,11,D1235,49.92024,2.2158,Nuit avec éclairage allumé,En agglomération,Hors intersection,Normale,Autre collision,,,,,,,,,,,5,2,1,1.0,6.0
201800018057,0018-01-26 19:30:00,18,1,26,19,30,800,78,Intersection D183 - D100,50.0845,1.92854,Nuit sans éclairage public,Hors agglomération,Intersection en X,Normale,Autre collision,,,,,,,,,,,3,1,2,1.0,6.0
201800018058,0018-03-04 06:00:00,18,3,4,6,0,800,328,D3,50.02447,1.95789,Crépuscule ou aube,Hors agglomération,Hors intersection,Normale,Deux véhicules - frontale,,,,,,,,,,,2,1,1,1.0,1.0
201800018059,0018-03-31 14:30:00,18,3,31,14,30,800,830,D153,50.10896,1.98683,Plein jour,Hors agglomération,Hors intersection,Normale,Sans collision,,,,,,,,,,,1,1,1,1.0,7.0
201800018060,0018-04-15 18:45:00,18,4,15,18,45,800,716,D12,50.13351,1.95596,Plein jour,Hors agglomération,Hors intersection,Normale,Deux véhicules - côté,,,,,,,,,,,1,1,1,1.0,3.0
201800018061,0018-04-17 18:57:00,18,4,17,18,57,800,19,D936,49.95802,1.89912,Plein jour,Hors agglomération,Intersection en X,Normale,Deux véhicules - côté,,,,,,,,,,,1,1,2,1.0,3.0
201800018062,0018-05-03 22:55:00,18,5,3,22,55,800,779,D1001,50.09039,1.88194,Nuit sans éclairage public,Hors agglomération,Hors intersection,Normale,Autre collision,,,,,,,,,,,3,1,1,1.0,6.0
201800018063,0018-05-07 18:45:00,18,5,7,18,45,800,446,D25,50.02136,1.77011,Plein jour,En agglomération,Hors intersection,Normale,Autre collision,,,,,,,,,,,1,2,1,1.0,6.0
201800018064,0018-05-20 23:25:00,18,5,20,23,25,800,282,D13,50.03705,1.83371,Nuit sans éclairage public,Hors agglomération,Hors intersection,Normale,Autre collision,,,,,,,,,,,3,1,1,1.0,6.0
201800018065,0018-06-15 03:00:00,18,6,15,3,0,800,488,"40, R DE LA REPUBLIQUE",50.01128,1.99192,Nuit sans éclairage public,En agglomération,Hors intersection,Normale,Sans collision,,,,,,,,,,,3,2,1,1.0,7.0
201800018066,0018-06-17 12:15:00,18,6,17,12,15,800,779,D153,50.10624,1.88547,Plein jour,Hors agglomération,Hors intersection,Normale,Sans collision,,,,,,,,,,,1,1,1,1.0,7.0