accident_id,datetime,annee,mois,jour,heure,minute,departement,commune_insee,adresse,latitude,longitude,luminosite,agglomeration,intersection,meteo,collision,nb_vehicules,nb_usagers,nb_indemnes,nb_tues,nb_blesses_hosp,nb_blesses_legers,age_cond_1,age_cond_2,veh_type_cond_1,veh_type_cond_2,lum_code,agg_code,int_code,atm_code,col_code
201800018067,0018-07-02 17:35:00,18,7,2,17,35,800,78,D1001,50.07973,1.98483,Plein jour,Hors agglomération,Hors intersection,Normale,Deux véhicules - côté,,,,,,,,,,,1,1,1,1.0,3.0
201800018068,0018-07-12 08:25:00,18,7,12,8,25,800,260,RUE DU BOIS BOULLON,50.13418,1.85956,Plein jour,Hors agglomération,Hors intersection,Normale,Trois véhicules et plus - collisions multiples,,,,,,,,,,,1,1,1,1.0,5.0
201800018069,0018-07-20 23:15:00,18,7,20,23,15,800,215,D941 / D108,50.16713,2.01191,Nuit sans éclairage public,Hors agglomération,Intersection en X,Pluie légère,Deux véhicules - côté,,,,,,,,,,,3,1,2,2.0,3.0
201800018070,0018-08-13 15:15:00,18,8,13,15,15,800,262,D901,50.06104,1.89393,Plein jour,Hors agglomération,Hors intersection,Normale,Autre collision,,,,,,,,,,,1,1,1,1.0,6.0
201800018071,0018-08-29 13:15:00,18,8,29,13,15,800,163,D925,50.10425,1.76289,Plein jour,Hors agglomération,Hors intersection,Pluie forte,Trois véhicules et plus - collisions multiples,,,,,,,,,,,1,1,1,3.0,5.0
201800018072,0018-09-15 17:45:00,18,9,15,17,45,800,78,D1001 / D183,50.0846,1.92873,Plein jour,Hors agglomération,Intersection en X,Normale,Deux véhicules - côté,,,,,,,,,,,1,1,2,1.0,3.0
201800018073,0018-09-21 11:30:00,18,9,21,11,30,800,163,D3,50.12395,1.74697,Plein jour,Hors agglomération,Hors intersection,Normale,Autre collision,,,,,,,,,,,1,1,1,1.0,6.0
201800018074,0018-09-30 08:00:00,18,9,30,8,0,800,446,ROUTE DE TRINQUIES,50.03546,1.74683,Plein jour,Hors agglomération,Hors intersection,Normale,Autre collision,,,,,,,,,,,1,1,1,1.0,6.0
201800018075,0018-10-27 11:20:00,18,10,27,11,20,800,446,D13,50.02329,1.75899,Plein jour,En agglomération,Hors intersection,Normale,Deux véhicules - côté,,,,,,,,,,,1,2,1,1.0,3.0
201800018076,0018-12-13 12:30:00,18,12,13,12,30,800,446,"21, R DE L'EGLISE",50.0253,1.7643,Plein jour,En agglomération,Hors intersection,Normale,Autre collision,,,,,,,,,,,1,2,1,1.0,6.0
201800018077,0018-12-15 19:15:00,18,12,15,19,15,800,78,D1001 / D183,50.08433,1.92882,Nuit sans éclairage public,Hors agglomération,Intersection en X,Pluie forte,Deux véhicules - côté,,,,,,,,,,,3,1,2,3.0,3.0
201800018078,0018-01-26 16:30:00,18,1,26,16,30,800,183,13 rue d'Arleux,49.98016,1.74939,Plein jour,En agglomération,Hors intersection,Temps éblouissant,Autre collision,,,,,,,,,,,1,2,1,7.0,6.0
201800018079,0018-04-14 18:00:00,18,4,14,18,0,800,714,"141, R DU TRINVIL",50.07306,1.45914,Plein jour,En agglomération,Hors intersection,Normale,Deux véhicules - côté,,,,,,,,,,,1,2,1,1.0,3.0
201800018080,0018-04-18 10:55:00,18,4,18,10,55,800,63,"11, GRANDE RUE",50.01672,1.5091,Plein jour,En agglomération,Hors intersection,Normale,Autre collision,,,,,,,,,,,1,2,1,1.0,6.0
201800018081,0018-05-13 04:45:00,18,5,13,4,45,800,8,R DE VISSE,50.02958,1.61908,Nuit sans éclairage public,En agglomération,Hors intersection,Normale,Autre collision,,,,,,,,,,,3,2,1,1.0,6.0
201800018082,0018-06-20 20:00:00,18,6,20,20,0,800,760,"8, R DE L'EGLISE",49.99733,1.57112,Plein jour,En agglomération,Hors intersection,Normale,Deux véhicules - côté,,,,,,,,,,,1,2,1,1.0,3.0
201800018083,0018-07-06 15:50:00,18,7,6,15,50,800,373,"112, R CHARLES DE GAULLE",49.98769,1.55465,Plein jour,En agglomération,Hors intersection,Normale,Deux véhicules - côté,,,,,,,,,,,1,2,1,1.0,3.0
201800018084,0018-07-09 22:30:00,18,7,9,22,30,800,827,R JEAN JAURES,50.06453,1.53664,Crépuscule ou aube,En agglomération,Hors intersection,Normale,Deux véhicules - côté,,,,,,,,,,,2,2,1,1.0,3.0
201800018085,0018-07-21 16:55:00,18,7,21,16,55,800,368,D925,50.07348,1.54298,Plein jour,Hors agglomération,Hors intersection,Normale,Autre collision,,,,,,,,,,,1,1,1,1.0,6.0
201800018086,0018-08-22 21:40:00,18,8,22,21,40,800,368,R JULES VALLES,50.08954,1.55212,Nuit avec éclairage allumé,En agglomération,Hors intersection,Normale,Autre collision,,,,,,,,,,,5,2,1,1.0,6.0
201800018087,0018-10-09 11:45:00,18,10,9,11,45,800,770,R DE LA CAVEE DE TULLY,50.08581,1.52011,Plein jour,En agglomération,Intersection en X,Normale,Deux véhicules - côté,,,,,,,,,,,1,2,2,1.0,3.0
201800018088,0018-10-11 22:00:00,18,10,11,22,0,800,96,D19,50.07063,1.50785,Nuit sans éclairage public,Hors agglomération,Autre intersection,Temps couvert,Autre collision,,,,,,,,,,,3,1,9,8.0,6.0
201800018089,0018-11-23 09:10:00,18,11,23,9,10,800,190,D65,50.06586,1.64895,Plein jour,Hors agglomération,Autre intersection,Temps éblouissant,Deux véhicules - frontale,,,,,,,,,,,1,1,9,7.0,1.0
201800018090,0018-03-04 09:30:00,18,3,4,9,30,800,633,D940,50.20835,1.67915,Plein jour,Hors agglomération,Hors intersection,Pluie légère,Deux véhicules - côté,,,,,,,,,,,1,1,1,2.0,3.0
201800018091,0018-05-20 22:30:00,18,5,20,22,30,800,250,D928,50.21313,1.91088,Nuit sans éclairage public,Hors agglomération,Hors intersection,Normale,Autre collision,,,,,,,,,,,3,1,1,1.0,6.0
201800018092,0018-06-17 17:40:00,18,6,17,17,40,800,167,D928,50.19561,1.88016,Plein jour,Hors agglomération,Hors intersection,Normale,Sans collision,,,,,,,,,,,1,1,1,1.0,7.0
201800018093,0018-07-12 09:35:00,18,7,12,9,35,800,248,R CRECY GRANGE,50.26653,1.89864,Plein jour,En agglomération,Hors intersection,Normale,Autre collision,,,,,,,,,,,1,2,1,1.0,6.0
201800018094,0018-08-25 21:55:00,18,8,25,21,55,800,713,RTE DE FOREST-MONTIERS,50.27083,1.60098,Nuit avec éclairage allumé,Hors agglomération,Hors intersection,Normale,Autre collision,,,,,,,,,,,5,1,1,1.0,6.0
201800018095,0018-11-01 15:10:00,18,11,1,15,10,800,303,D940,50.23648,1.64488,Plein jour,Hors agglomération,Hors intersection,Normale,Deux véhicules - frontale,,,,,,,,,,,1,1,1,1.0,1.0
201800018096,0018-01-04 12:40:00,18,1,4,12,40,800,122,"77, RTE DE SAINT POL",50.22235,2.33484,Plein jour,En agglomération,Hors intersection,Normale,Sans collision,,,,,,,,,,,1,2,1,1.0,7.0
201800018097,0018-02-28 16:50:00,18,2,28,16,50,800,253,RN25,50.14498,2.3378,Plein jour,Hors agglomération,Hors intersection,Normale,Deux véhicules - frontale,,,,,,,,,,,1,1,1,1.0,1.0
201800018098,0018-04-15 11:15:00,18,4,15,11,15,800,253,R JEAN MOULIN,50.15997,2.34795,Plein jour,En agglomération,Hors intersection,Normale,Deux véhicules - côté,,,,,,,,,,,1,2,1,1.0,3.0
201800018099,0018-05-02 07:25:00,18,5,2,7,25,800,498,D919,50.07414,2.59475,Plein jour,Hors agglomération,Hors intersection,Normale,Autre collision,,,,,,,,,,,1,1,1,1.0,6.0
201800018100,0018-06-27 16:15:00,18,6,27,16,15,800,733,CH COMMUNAL / RUE NEUVE,50.02798,2.5664,Plein jour,Hors agglomération,Intersection en T,Normale,Sans collision,,,,,,,,,,,1,1,3,1.0,7.0
201800018101,0018-07-14 12:40:00,18,7,14,12,40,800,498,D919 / D176,50.07489,2.59512,Plein jour,Hors agglomération,Intersection en T,Normale,Deux véhicules - côté,,,,,,,,,,,1,1,3,1.0,3.0
201800018102,0018-08-19 12:50:00,18,8,19,12,50,800,431,D60 / D11,50.03089,2.39389,Plein jour,Hors agglomération,Intersection en X,Normale,Deux véhicules - côté,,,,,,,,,,,1,1,2,1.0,3.0
201800018103,0018-08-22 00:05:00,18,8,22,0,5,800,253,"28, R DU COLLEGE",50.16042,2.33621,Nuit avec éclairage allumé,En agglomération,Hors intersection,Normale,Autre collision,,,,,,,,,,,5,2,1,1.0,6.0
201800018104,0018-02-17 17:00:00,18,2,17,17,0,800,86,R DE LA VACQUERIE,50.1238,2.16687,Plein jour,En agglomération,Autre intersection,Normale,Autre collision,,,,,,,,,,,1,2,9,1.0,6.0
201800018105,0018-02-18 19:15:00,18,2,18,19,15,800,346,D130,50.08903,2.11329,Nuit sans éclairage public,Hors agglomération,Hors intersection,Normale,Autre collision,,,,,,,,,,,3,1,1,1.0,6.0
201800018106,0018-03-24 17:35:00,18,3,24,17,35,800,318,RTE DE BOURDON,50.00512,2.07489,Plein jour,En agglomération,Hors intersection,Normale,Trois véhicules et plus - collisions multiples,,,,,,,,,,,1,2,1,1.0,5.0
201800018107,0018-05-26 16:05:00,18,5,26,16,5,800,466,RTE DE DOMART,50.0881,2.14006,Plein jour,En agglomération,Hors intersection,Normale,Autre collision,,,,,,,,,,,1,2,1,1.0,6.0
201800018108,0018-06-24 18:28:00,18,6,24,18,28,800,566,"12, R DE CANDAS",50.0871,2.23301,Plein jour,En agglomération,Intersection en T,Normale,Deux véhicules - côté,,,,,,,,,,,1,2,3,1.0,3.0
201800018109,0018-07-13 11:22:00,18,7,13,11,22,800,711,"67, R AMBROISE CROIZAT",50.03898,2.12474,Plein jour,En agglomération,Intersection en T,Temps couvert,Deux véhicules - côté,,,,,,,,,,,1,2,3,8.0,3.0
201800018110,0018-07-14 23:00:00,18,7,14,23,0,800,296,"44, R JULES VERNE",50.02253,2.03891,Nuit avec éclairage allumé,En agglomération,Hors intersection,Normale,Autre collision,,,,,,,,,,,5,2,1,1.0,6.0
201800018111,0018-07-27 15:50:00,18,7,27,15,50,800,86,D933,50.13069,2.1722,Plein jour,Hors agglomération,Hors intersection,Normale,Deux véhicules - côté,,,,,,,,,,,1,1,1,1.0,3.0
201800018112,0018-09-14 08:25:00,18,9,14,8,25,800,835,D81,49.9847,2.10269,Crépuscule ou aube,Hors agglomération,Hors intersection,Brouillard / fumée,Sans collision,,,,,,,,,,,2,1,1,5.0,7.0
201800018113,0018-01-16 04:50:00,18,1,16,4,50,800,230,RTE DE NESLE,49.77543,2.86577,Nuit sans éclairage public,Hors agglomération,Hors intersection,Pluie forte,Autre collision,,,,,,,,,,,3,1,1,3.0,6.0
201800018114,0018-02-20 16:40:00,18,2,20,16,40,800,685,R DE GOYENCOURT,49.70319,2.78038,Plein jour,En agglomération,Hors intersection,Normale,Autre collision,,,,,,,,,,,1,2,1,1.0,6.0
201800018115,0018-03-20 10:15:00,18,3,20,10,15,800,224,D15,49.72784,2.91615,Plein jour,Hors agglomération,Hors intersection,Normale,Deux véhicules - frontale,,,,,,,,,,,1,1,1,1.0,1.0
201800018116,0018-04-20 17:30:00,18,4,20,17,30,800,393,D1017,49.72795,2.80407,Plein jour,Hors agglomération,Hors intersection,Temps éblouissant,Deux véhicules - frontale,,,,,,,,,,,1,1,1,7.0,1.0
201800018117,0018-04-21 11:20:00,18,4,21,11,20,800,541,D26,49.6467,2.5312,Plein jour,Hors agglomération,Autre intersection,Normale,Deux véhicules - frontale,,,,,,,,,,,1,1,9,1.0,1.0
201800018118,0018-05-11 04:00:00,18,5,11,4,0,800,232,D934,49.71815,2.74237,Nuit sans éclairage public,Hors agglomération,Hors intersection,Normale,Autre collision,,,,,,,,,,,3,1,1,1.0,6.0
201800018119,0018-05-21 00:01:00,18,5,21,0,1,800,326,D155,49.66548,2.52606,Nuit sans éclairage public,Hors agglomération,Hors intersection,Normale,Sans collision,,,,,,,,,,,3,1,1,1.0,7.0
201800018120,0018-05-22 22:35:00,18,5,22,22,35,800,561,R JEAN LABORDERE,49.63428,2.56142,Nuit avec éclairage allumé,En agglomération,Hors intersection,Normale,Autre collision,,,,,,,,,,,5,2,1,1.0,6.0
201800018121,0018-05-30 08:15:00,18,5,30,8,15,800,292,CH VICINAL,49.76956,2.83961,Plein jour,Hors agglomération,Hors intersection,Normale,Deux véhicules - frontale,,,,,,,,,,,1,1,1,1.0,1.0
201800018122,0018-05-30 10:30:00,18,5,30,10,30,800,395,D329,49.69539,2.65172,Plein jour,Hors agglomération,Hors intersection,Normale,Sans collision,,,,,,,,,,,1,1,1,1.0,7.0
201800018123,0018-08-03 12:18:00,18,8,3,12,18,800,685,R DU DOCTEUR DUQUESNEL,49.69806,2.79058,Plein jour,En agglomération,Intersection en T,Normale,Deux véhicules - côté,,,,,,,,,,,1,2,3,1.0,3.0
201800018124,0018-08-13 01:50:00,18,8,13,1,50,800,395,RTE D'ANDECHY,49.70415,2.66202,Nuit sans éclairage public,En agglomération,Hors intersection,Pluie légère,Autre collision,,,,,,,,,,,3,2,1,2.0,6.0
201800018125,0018-08-19 17:00:00,18,8,19,17,0,800,279,R DU MARTROY,49.70517,2.94563,Plein jour,En agglomération,Hors intersection,Normale,Autre collision,,,,,,,,,,,1,2,1,1.0,6.0
201800018126,0018-08-26 08:00:00,18,8,26,8,0,800,383,D934,49.71224,2.75682,Crépuscule ou aube,Hors agglomération,Hors intersection,Normale,Sans collision,,,,,,,,,,,2,1,1,1.0,7.0
201800018127,0018-09-03 16:58:00,18,9,3,16,58,800,421,D161,49.7669,2.79834,Plein jour,Hors agglomération,Intersection en T,Normale,Sans collision,,,,,,,,,,,1,1,3,1.0,7.0
201800018128,0018-09-27 09:39:00,18,9,27,9,39,800,279,"14, R DE MARTROY",49.70345,2.94687,Plein jour,En agglomération,Hors intersection,Temps éblouissant,Deux véhicules - côté,,,,,,,,,,,1,2,1,7.0,3.0
201800018129,0018-10-02 08:00:00,18,10,2,8,0,800,685,RTE DE PARIS,49.68407,2.78015,Plein jour,En agglomération,Hors intersection,Normale,Sans collision,,,,,,,,,,,1,2,1,1.0,7.0
201800018130,0018-10-16 12:30:00,18,10,16,12,30,800,395,D329,49.70446,2.66134,Plein jour,En agglomération,Hors intersection,Normale,Deux véhicules - frontale,,,,,,,,,,,1,2,1,1.0,1.0
201800018131,0018-10-18 12:14:00,18,10,18,12,14,800,685,D1017,49.69656,2.80659,Plein jour,Hors agglomération,Intersection en X,Normale,Deux véhicules - arrière,,,,,,,,,,,1,1,2,1.0,2.0
201800018132,0018-10-24 13:00:00,18,10,24,13,0,800,541,R SAINT-PIERRE,49.64225,2.52099,Plein jour,En agglomération,Hors intersection,Normale,Deux véhicules - arrière,,,,,,,,,,,1,2,1,1.0,2.0
201800018133,0018-10-25 20:30:00,18,10,25,20,30,800,676,D934,49.67967,2.83482,Nuit sans éclairage public,Hors agglomération,Hors intersection,Normale,Trois véhicules et plus - collisions multiples,,,,,,,,,,,3,1,1,1.0,5.0
201800018134,0018-10-26 22:50:00,18,10,26,22,50,800,386,D935,49.68192,2.55986,Nuit sans éclairage public,Hors agglomération,Hors intersection,Normale,Sans collision,,,,,,,,,,,3,1,1,1.0,7.0
201800018135,0018-10-30 19:55:00,18,10,30,19,55,800,293,D329,49.65949,2.58751,Nuit sans éclairage public,Hors agglomération,Hors intersection,Normale,Autre collision,,,,,,,,,,,3,1,1,1.0,6.0
201800018136,0018-11-09 07:50:00,18,11,9,7,50,800,685,LAUCOURT,49.67889,2.7726,Plein jour,Hors agglomération,Hors intersection,Normale,Deux véhicules - frontale,,,,,,,,,,,1,1,1,1.0,1.0
201800018137,0018-11-16 04:40:00,18,11,16,4,40,800,685,D1017 / D221,49.68421,2.78928,Nuit sans éclairage public,Hors agglomération,Intersection en X,Brouillard / fumée,Deux véhicules - côté,,,,,,,,,,,3,1,2,5.0,3.0
201800018138,0018-11-30 17:20:00,18,11,30,17,20,800,685,D934 / D34,49.70858,2.77607,Nuit avec éclairage allumé,Hors agglomération,Giratoire,Pluie légère,Deux véhicules - côté,,,,,,,,,,,5,1,6,2.0,3.0
201800018139,0018-02-15 17:05:00,18,2,15,17,5,800,752,D935,49.81659,2.44449,Plein jour,Hors agglomération,Intersection en X,Normale,Deux véhicules - côté,,,,,,,,,,,1,1,2,1.0,3.0
201800018140,0018-03-17 05:00:00,18,3,17,5,0,800,10,D920,49.75843,2.3752,Nuit sans éclairage public,Hors agglomération,Hors intersection,Normale,Sans collision,,,,,,,,,,,3,1,1,1.0,7.0
201800018141,0018-04-09 16:50:00,18,4,9,16,50,800,545,D934/D28,49.78845,2.57462,Plein jour,Hors agglomération,Intersection en X,Pluie légère,Deux véhicules - côté,,,,,,,,,,,1,1,2,2.0,3.0
201800018142,0018-04-11 14:25:00,18,4,11,14,25,800,652,"26, R DE CAIX",49.77921,2.62647,Plein jour,En agglomération,Hors intersection,Normale,Autre collision,,,,,,,,,,,1,2,1,1.0,6.0
201800018143,0018-04-11 21:50:00,18,4,11,21,50,800,570,R DU 8 AOUT 1918,49.77259,2.4909,Nuit avec éclairage allumé,En agglomération,Hors intersection,Normale,Autre collision,,,,,,,,,,,5,2,1,1.0,6.0
201800018144,0018-05-24 18:45:00,18,5,24,18,45,800,337,R DE L'AVRE,49.82878,2.4062,Plein jour,Hors agglomération,Hors intersection,Normale,Autre collision,,,,,,,,,,,1,1,1,1.0,6.0
201800018145,0018-08-10 18:55:00,18,8,10,18,55,800,10,D116,49.7712,2.36783,Plein jour,Hors agglomération,Hors intersection,Normale,Sans collision,,,,,,,,,,,1,1,1,1.0,7.0
201800018146,0018-08-12 18:25:00,18,8,12,18,25,800,213,D75,49.80639,2.35484,Plein jour,Hors agglomération,Hors intersection,Temps couvert,Sans collision,,,,,,,,,,,1,1,1,8.0,7.0
201800018147,0018-09-07 16:45:00,18,9,7,16,45,800,545,D934 / D137,49.79355,2.55735,Plein jour,Hors agglomération,Intersection en X,Normale,Deux véhicules - côté,,,,,,,,,,,1,1,2,1.0,3.0
201800018148,0018-09-24 11:15:00,18,9,24,11,15,800,242,D934,49.81427,2.48886,Plein jour,Hors agglomération,Hors intersection,Temps éblouissant,Deux véhicules - arrière,,,,,,,,,,,1,1,1,7.0,2.0
201800018149,0018-09-24 20:45:00,18,9,24,20,45,800,452,D162,49.7601,2.33862,Nuit sans éclairage public,Hors agglomération,Hors intersection,Normale,Sans collision,,,,,,,,,,,3,1,1,1.0,7.0
201800018150,0018-09-29 18:40:00,18,9,29,18,40,800,31,D934,49.75705,2.64759,Plein jour,Hors agglomération,Hors intersection,Normale,Sans collision,,,,,,,,,,,1,1,1,1.0,7.0
201800018151,0018-11-10 07:45:00,18,11,10,7,45,800,246,D90,49.80034,2.3951,Plein jour,Hors agglomération,Hors intersection,Pluie légère,Sans collision,,,,,,,,,,,1,1,1,2.0,7.0
201800018152,0018-12-20 08:00:00,18,12,20,8,0,800,570,D920,49.77199,2.48291,Crépuscule ou aube,En agglomération,Hors intersection,Normale,Autre collision,,,,,,,,,,,2,2,1,1.0,6.0
201800018153,0018-12-20 18:30:00,18,12,20,18,30,800,570,"87, R DE LA REPUBLIQUE",49.771,2.47615,Nuit avec éclairage allumé,En agglomération,Hors intersection,Normale,Autre collision,,,,,,,,,,,5,2,1,1.0,6.0
201800018154,0018-01-17 20:45:00,18,1,17,20,45,800,204,R DE LA MONTAGNE,50.00838,2.86982,Nuit avec éclairage allumé,En agglomération,Intersection en X,Pluie légère,Deux véhicules - côté,,,,,,,,,,,5,2,2,2.0,3.0
201800018155,0018-01-28 14:30:00,18,1,28,14,30,800,801,D35,49.86725,2.89878,Plein jour,Hors agglomération,Hors intersection,Normale,Autre collision,,,,,,,,,,,1,1,1,1.0,6.0
201800018156,0018-02-10 17:45:00,18,2,10,17,45,800,150,D6,49.93837,3.00105,Crépuscule ou aube,Hors agglomération,Hors intersection,Normale,Deux véhicules - côté,,,,,,,,,,,2,1,1,1.0,3.0
201800018157,0018-03-05 05:30:00,18,3,5,5,30,800,801,D1029,49.87644,2.91361,Crépuscule ou aube,Hors agglomération,Hors intersection,Temps couvert,Deux véhicules - côté,,,,,,,,,,,2,1,1,8.0,3.0
201800018158,0018-03-17 09:35:00,18,3,17,9,35,800,812,D1029,49.87842,3.06526,Plein jour,Hors agglomération,Hors intersection,Neige / grêle,Deux véhicules - côté,,,,,,,,,,,1,1,1,4.0,3.0
201800018159,0018-04-23 13:50:00,18,4,23,13,50,800,434,R DE ROISEL,49.93691,3.11041,Plein jour,En agglomération,Hors intersection,Normale,Autre collision,,,,,,,,,,,1,2,1,1.0,6.0
201800018160,0018-05-21 19:55:00,18,5,21,19,55,800,801,D1017,49.86567,2.88785,Plein jour,Hors agglomération,Hors intersection,Normale,Autre collision,,,,,,,,,,,1,1,1,1.0,6.0
201800018161,0018-07-08 18:00:00,18,7,8,18,0,800,490,D20,50.02771,2.78508,Plein jour,Hors agglomération,Hors intersection,Normale,Sans collision,,,,,,,,,,,1,1,1,1.0,7.0
201800018162,0018-07-16 15:05:00,18,7,16,15,5,800,271,R RAOUL TROCME,50.00666,3.13045,Plein jour,En agglomération,Intersection en T,Normale,Deux véhicules - côté,,,,,,,,,,,1,2,3,1.0,3.0
201800018163,0018-08-26 21:00:00,18,8,26,21,0,800,620,"39, FAUBOURG DE PARIS",49.92108,2.9333,Nuit avec éclairage allumé,En agglomération,Hors intersection,Pluie légère,Autre collision,,,,,,,,,,,5,2,1,2.0,6.0
201800018164,0018-08-28 00:55:00,18,8,28,0,55,800,312,"2, R DU PAVE",50.03243,3.04128,Nuit avec éclairage allumé,En agglomération,Hors intersection,Normale,Autre collision,,,,,,,,,,,5,2,1,1.0,6.0
201800018165,0018-10-18 22:30:00,18,10,18,22,30,800,271,D24,50.01193,3.12628,Nuit sans éclairage public,Hors agglomération,Hors intersection,Normale,Deux véhicules - frontale,,,,,,,,,,,3,1,1,1.0,1.0
201800018166,0018-11-08 13:15:00,18,11,8,13,15,800,557,D1029,49.87768,3.0015,Plein jour,En agglomération,Hors intersection,Normale,Trois véhicules et plus - en chaîne,,,,,,,,,,,1,2,1,1.0,4.0
201800018167,0018-12-19 18:20:00,18,12,19,18,20,800,557,D44,49.88696,3.0367,Nuit sans éclairage public,Hors agglomération,Hors intersection,Normale,Deux véhicules - arrière,,,,,,,,,,,3,1,1,1.0,2.0
201800018168,0018-12-22 18:35:00,18,12,22,18,35,800,404,D72,49.98898,3.07587,Nuit sans éclairage public,Hors agglomération,Intersection en X,Pluie légère,Deux véhicules - côté,,,,,,,,,,,3,1,2,2.0,3.0
201800018169,0018-01-19 15:15:00,18,1,19,15,15,800,823,Rue de Folies,49.7759,2.68424,Plein jour,En agglomération,Intersection en X,Normale,Deux véhicules - côté,,,,,,,,,,,1,2,2,1.0,3.0
201800018170,0018-03-16 15:35:00,18,3,16,15,35,800,353,D1017,49.85049,2.87644,Plein jour,En agglomération,Intersection en T,Normale,Deux véhicules - arrière,,,,,,,,,,,1,2,3,1.0,2.0
201800018171,0018-03-17 21:00:00,18,3,17,21,0,800,136,D329,49.95136,2.71487,Nuit sans éclairage public,Hors agglomération,Hors intersection,Normale,Sans collision,,,,,,,,,,,3,1,1,1.0,7.0
201800018172,0018-04-18 02:00:00,18,4,18,2,0,800,192,D1,49.93523,2.63609,Nuit sans éclairage public,Hors agglomération,Hors intersection,Normale,Autre collision,,,,,,,,,,,3,1,1,1.0,6.0
201800018173,0018-04-24 10:25:00,18,4,24,10,25,800,644,LA RAPERIE,49.87361,2.71143,Plein jour,Hors agglomération,Intersection en X,Normale,Deux véhicules - frontale,,,,,,,,,,,1,1,2,1.0,1.0
201800018174,0018-05-11 08:50:00,18,5,11,8,50,800,781,D337,49.84509,2.68789,Plein jour,Hors agglomération,Hors intersection,Normale,Deux véhicules - frontale,,,,,,,,,,,1,1,1,1.0,1.0
201800018175,0018-05-25 12:00:00,18,5,25,12,0,800,116,D329 / D934,49.74444,2.6707,Plein jour,Hors agglomération,Intersection en X,Temps éblouissant,Deux véhicules - côté,,,,,,,,,,,1,1,2,7.0,3.0
201800018176,0018-06-05 11:12:00,18,6,5,11,12,800,572,D1 / D42,49.93614,2.62714,Plein jour,Hors agglomération,Intersection en X,Temps couvert,Deux véhicules - côté,,,,,,,,,,,1,1,2,8.0,3.0
201800018177,0018-06-26 20:45:00,18,6,26,20,45,800,680,"18, R DU 14 JUILLET",49.82052,2.70909,Crépuscule ou aube,En agglomération,Hors intersection,Normale,Autre collision,,,,,,,,,,,2,2,1,1.0,6.0
201800018178,0018-08-07 03:52:00,18,8,7,3,52,800,186,"ROUTE D'HALLU, GARE",49.80775,2.80133,Nuit avec éclairage allumé,En agglomération,Hors intersection,Normale,Autre collision,,,,,,,,,,,5,2,1,1.0,6.0
201800018179,0018-09-04 09:15:00,18,9,4,9,15,800,680,R JEAN JAURES,49.8152,2.7049,Plein jour,En agglomération,Hors intersection,Pluie légère,Autre collision,,,,,,,,,,,1,2,1,2.0,6.0
201800018180,0018-11-12 12:05:00,18,11,12,12,5,800,136,"11, AV GEORGES DUHAMEL",49.94539,2.71664,Plein jour,En agglomération,Hors intersection,Pluie légère,Autre collision,,,,,,,,,,,1,2,1,2.0,6.0
201800018181,0018-11-23 06:50:00,18,11,23,6,50,800,58,D1029,49.87238,2.63613,Nuit sans éclairage public,Hors agglomération,Intersection en X,Brouillard / fumée,Deux véhicules - côté,,,,,,,,,,,3,1,2,5.0,3.0
201800018182,0018-11-28 06:50:00,18,11,28,6,50,800,186,"73, AV ARISTIDE BRIAND",49.81061,2.80307,Nuit avec éclairage allumé,En agglomération,Hors intersection,Pluie forte,Autre collision,,,,,,,,,,,5,2,1,3.0,6.0
201800018183,0018-11-28 19:00:00,18,11,28,19,0,800,191,R DE LIHONS,49.79682,2.76679,Nuit sans éclairage public,Hors agglomération,Hors intersection,Normale,Autre collision,,,,,,,,,,,3,1,1,1.0,6.0
201800018184,0018-03-12 17:15:00,18,3,12,17,15,800,410,AV JEAN MOULIN,49.74966,3.07662,Plein jour,En agglomération,Hors intersection,Pluie légère,Sans collision,,,,,,,,,,,1,2,1,2.0,7.0
201800018185,0018-03-13 22:15:00,18,3,13,22,15,800,585,D930,49.75073,2.89148,Nuit sans éclairage public,Hors agglomération,Hors intersection,Normale,Autre collision,,,,,,,,,,,3,1,1,1.0,6.0
201800018186,0018-04-19 11:50:00,18,4,19,11,50,800,410,R SALVADOR ALLENDE,49.75004,3.07108,Plein jour,En agglomération,Hors intersection,Normale,Trois véhicules et plus - en chaîne,,,,,,,,,,,1,2,1,1.0,4.0
201800018187,0018-05-12 16:00:00,18,5,12,16,0,800,579,"21, RTE DE PARIS",49.73745,3.06836,Plein jour,En agglomération,Hors intersection,Normale,Deux véhicules - côté,,,,,,,,,,,1,2,1,1.0,3.0
201800018188,0018-06-04 23:15:00,18,6,4,23,15,800,726,D937,49.78037,3.03499,Nuit sans éclairage public,Hors agglomération,Hors intersection,Normale,Deux véhicules - frontale,,,,,,,,,,,3,1,1,1.0,1.0
201800018189,0018-06-08 10:30:00,18,6,8,10,30,800,519,"2, R D'OFFOY",49.79173,3.01268,Plein jour,En agglomération,Intersection en T,Normale,Deux véhicules - côté,,,,,,,,,,,1,2,3,1.0,3.0
201800018190,0018-06-25 22:45:00,18,6,25,22,45,800,252,D145,49.78406,3.04713,Nuit sans éclairage public,Hors agglomération,Hors intersection,Normale,Sans collision,,,,,,,,,,,3,1,1,1.0,7.0