accident_id,datetime,annee,mois,jour,heure,minute,departement,commune_insee,adresse,latitude,longitude,luminosite,agglomeration,intersection,meteo,collision,nb_vehicules,nb_usagers,nb_indemnes,nb_tues,nb_blesses_hosp,nb_blesses_legers,age_cond_1,age_cond_2,veh_type_cond_1,veh_type_cond_2,lum_code,agg_code,int_code,atm_code,col_code
201800018191,0018-06-27 13:55:00,18,6,27,13,55,800,585,"42, RTE DE CHAULNES",49.76243,2.90353,Plein jour,En agglomération,Hors intersection,Normale,Autre collision,,,,,,,,,,,1,2,1,1.0,6.0
201800018192,0018-07-01 00:01:00,18,7,1,0,1,800,794,"15, R DE ROISEL",49.79539,2.97138,Nuit avec éclairage allumé,En agglomération,Hors intersection,Normale,Autre collision,,,,,,,,,,,5,2,1,1.0,6.0
201800018193,0018-07-22 18:05:00,18,7,22,18,5,800,274,R DE LA PAIX,49.73975,3.06555,Plein jour,En agglomération,Intersection en T,Normale,Autre collision,,,,,,,,,,,1,2,3,1.0,6.0
201800018194,0018-08-13 02:00:00,18,8,13,2,0,800,555,R DES VRAIGNES,49.86082,3.04874,Nuit sans éclairage public,Hors agglomération,Hors intersection,Pluie légère,Sans collision,,,,,,,,,,,3,1,1,2.0,7.0
201800018195,0018-09-07 11:50:00,18,9,7,11,50,800,410,R DE PERONNE,49.75302,3.06608,Plein jour,En agglomération,Intersection en X,Normale,Autre collision,,,,,,,,,,,1,2,2,1.0,6.0
201800018196,0018-09-19 15:05:00,18,9,19,15,5,800,410,"8, R DE VERDUN",49.74198,3.08757,Plein jour,En agglomération,Hors intersection,Normale,Autre collision,,,,,,,,,,,1,2,1,1.0,6.0
201800018197,0018-11-02 19:15:00,18,11,2,19,15,800,410,RTE DE CHAUNY,49.74041,3.09174,Nuit sans éclairage public,En agglomération,Hors intersection,Normale,Deux véhicules - côté,,,,,,,,,,,3,2,1,1.0,3.0
201800018198,0018-12-07 07:15:00,18,12,7,7,15,800,726,D937,49.76161,3.05498,Nuit sans éclairage public,Hors agglomération,Hors intersection,Pluie légère,Sans collision,,,,,,,,,,,3,1,1,2.0,7.0
201800018199,0018-12-20 16:00:00,18,12,20,16,0,800,410,R DU GENERAL LECLERC,49.74476,3.07515,Plein jour,En agglomération,Hors intersection,Normale,Autre collision,,,,,,,,,,,1,2,1,1.0,6.0
201800018200,0018-12-22 18:40:00,18,12,22,18,40,800,579,RTE DE PARIS,49.73365,3.06795,Nuit avec éclairage allumé,En agglomération,Hors intersection,Pluie légère,Deux véhicules - frontale,,,,,,,,,,,5,2,1,2.0,1.0
201800018201,0018-04-04 07:20:00,18,4,4,7,20,600,539,D200,49.29589,2.51535,Plein jour,Hors agglomération,Hors intersection,Pluie légère,Deux véhicules - côté,,,,,,,,,,,1,1,1,2.0,3.0
201800018202,0018-05-01 14:45:00,18,5,1,14,45,600,36,D75,49.38638,2.57889,Plein jour,Hors agglomération,Hors intersection,Normale,Deux véhicules - côté,,,,,,,,,,,1,1,1,1.0,3.0
201800018203,0018-06-19 16:14:00,18,6,19,16,14,600,36,RN31,49.39138,2.58923,Plein jour,Hors agglomération,Hors intersection,Normale,Deux véhicules - frontale,,,,,,,,,,,1,1,1,1.0,1.0
201800018204,0018-07-19 18:20:00,18,7,19,18,20,600,587,Rue de Paris,49.33521,2.60402,Plein jour,En agglomération,Hors intersection,Normale,Autre collision,,,,,,,,,,,1,2,1,1.0,6.0
201800018205,0018-10-01 18:25:00,18,10,1,18,25,600,78,Rue de Grandfresnoy,49.38082,2.62355,Plein jour,Hors agglomération,Hors intersection,Normale,Sans collision,,,,,,,,,,,1,1,1,1.0,7.0
201800018206,0018-11-12 07:25:00,18,11,12,7,25,600,102,D29,49.30706,2.56609,Nuit sans éclairage public,Hors agglomération,Hors intersection,Pluie légère,Autre collision,,,,,,,,,,,3,1,1,2.0,6.0
201800018207,0018-12-09 03:35:00,18,12,9,3,35,600,539,Départementale 200,49.2968,2.51719,Nuit sans éclairage public,Hors agglomération,Hors intersection,Pluie forte,Sans collision,,,,,,,,,,,3,1,1,3.0,7.0
201800018208,0018-12-18 15:00:00,18,12,18,15,0,600,587,rue de paris,49.34165,2.60619,Plein jour,En agglomération,Place,Normale,Autre collision,,,,,,,,,,,1,2,7,1.0,6.0
201800018209,0018-12-18 16:15:00,18,12,18,16,15,600,102,D 29,49.30765,2.56539,Plein jour,Hors agglomération,Intersection en X,Temps couvert,Trois véhicules et plus - collisions multiples,,,,,,,,,,,1,1,2,8.0,5.0
201800018210,0018-07-23 09:54:00,18,7,23,9,54,240,166,A89,45.15828,0.87773,Crépuscule ou aube,Hors agglomération,Hors intersection,Normale,Sans collision,,,,,,,,,,,2,1,1,1.0,7.0
201800018211,0018-03-28 07:40:00,18,3,28,7,40,202,305,"D80, 10 route du cap, pi",42.71999,9.45451,Plein jour,En agglomération,Hors intersection,Normale,Autre collision,,,,,,,,,,,1,2,1,1.0,6.0
201800018212,0018-04-07 10:00:00,18,4,7,10,0,202,152,RD 80 - Santa Severa,42.88543,9.47342,Plein jour,Hors agglomération,Hors intersection,Normale,Autre collision,,,,,,,,,,,1,1,1,1.0,6.0
201800018213,0018-05-11 17:45:00,18,5,11,17,45,202,281,RD 80,42.81714,9.48855,Plein jour,Hors agglomération,Hors intersection,Normale,Sans collision,,,,,,,,,,,1,1,1,1.0,7.0
201800018214,0018-05-18 13:50:00,18,5,18,13,50,202,152,U Poghju,42.89815,9.40137,Plein jour,Hors agglomération,Hors intersection,Normale,Deux véhicules - côté,,,,,,,,,,,1,1,1,1.0,3.0
201800018215,0018-06-25 11:50:00,18,6,25,11,50,202,261,RD80,42.96201,9.42584,Plein jour,Hors agglomération,Hors intersection,Normale,Sans collision,,,,,,,,,,,1,1,1,1.0,7.0
201800018216,0018-06-30 16:50:00,18,6,30,16,50,202,170,d80,42.93775,9.36104,Plein jour,Hors agglomération,Hors intersection,Normale,Sans collision,,,,,,,,,,,1,1,1,1.0,7.0
201800018217,0018-07-16 03:00:00,18,7,16,3,0,202,327,RD 80,42.94351,9.46135,Nuit sans éclairage public,Hors agglomération,Hors intersection,Normale,Autre collision,,,,,,,,,,,3,1,1,1.0,6.0
201800018218,0018-07-23 19:45:00,18,7,23,19,45,202,281,RD 80 - Cap Sagro,42.79611,9.48999,Plein jour,Hors agglomération,Hors intersection,Normale,Autre collision,,,,,,,,,,,1,1,1,1.0,6.0
201800018219,0018-08-05 07:10:00,18,8,5,7,10,202,224,d 80,42.83014,9.48602,Plein jour,Hors agglomération,Hors intersection,Normale,Deux véhicules - côté,,,,,,,,,,,1,1,1,1.0,3.0
201800018220,0018-08-26 00:15:00,18,8,26,0,15,202,224,D80,42.84298,9.48298,Nuit sans éclairage public,Hors agglomération,Hors intersection,Vent fort / tempête,Autre collision,,,,,,,,,,,3,1,1,6.0,6.0
201800018221,0018-09-06 14:15:00,18,9,6,14,15,202,30,Marine de Giotanni,42.86721,9.34884,Plein jour,Hors agglomération,Hors intersection,Normale,Autre collision,,,,,,,,,,,1,1,1,1.0,6.0
201800018222,0018-09-12 12:56:00,18,9,12,12,56,202,309,route de la mer,42.7409,9.4611,Plein jour,Hors agglomération,Hors intersection,Normale,Deux véhicules - frontale,,,,,,,,,,,1,1,1,1.0,1.0
201800018223,0018-01-08 18:50:00,18,1,8,18,50,202,207,FOLELLI RT 10,42.45434,9.50367,Nuit sans éclairage public,Hors agglomération,Hors intersection,Normale,Deux véhicules - arrière,,,,,,,,,,,3,1,1,1.0,2.0
201800018224,0018-03-14 13:00:00,18,3,14,13,0,202,242,RT 10 - Figaretto,42.41142,9.53083,Plein jour,Hors agglomération,Hors intersection,Normale,Deux véhicules - frontale,,,,,,,,,,,1,1,1,1.0,1.0
201800018225,0018-03-14 08:15:00,18,3,14,8,15,202,77,D106,42.46802,9.47906,Plein jour,Hors agglomération,Hors intersection,Normale,Deux véhicules - frontale,,,,,,,,,,,1,1,1,1.0,1.0
201800018226,0018-03-23 20:35:00,18,3,23,20,35,202,77,route territoriale 10,42.47451,9.48393,Nuit sans éclairage public,Hors agglomération,Hors intersection,Normale,Deux véhicules - arrière,,,,,,,,,,,3,1,1,1.0,2.0
201800018227,0018-04-18 09:20:00,18,4,18,9,20,202,318,Rt10,42.43935,9.51391,Plein jour,Hors agglomération,Hors intersection,Normale,Trois véhicules et plus - en chaîne,,,,,,,,,,,1,1,1,1.0,4.0
201800018228,0018-04-30 02:30:00,18,4,30,2,30,202,319,FIGARETTO,42.41656,9.52914,Nuit avec éclairage allumé,En agglomération,Hors intersection,Normale,Autre collision,,,,,,,,,,,5,2,1,1.0,6.0
201800018229,0018-05-04 13:15:00,18,5,4,13,15,202,318,RT 10 sortie sud de FOLE,42.44026,9.51279,Plein jour,Hors agglomération,Hors intersection,Pluie légère,Deux véhicules - frontale,,,,,,,,,,,1,1,1,2.0,1.0
201800018230,0018-05-22 10:15:00,18,5,22,10,15,202,207,RT 10 Folelli,42.4454,9.50774,Plein jour,En agglomération,Hors intersection,Normale,Autre collision,,,,,,,,,,,1,2,1,1.0,6.0
201800018231,0018-07-19 14:23:00,18,7,19,14,23,202,207,10,42.46264,9.49704,Plein jour,Hors agglomération,Hors intersection,Normale,Autre collision,,,,,,,,,,,1,1,1,1.0,6.0
201800018232,0018-07-19 15:45:00,18,7,19,15,45,202,145,D6,42.47552,9.43008,Plein jour,Hors agglomération,Hors intersection,Normale,Sans collision,,,,,,,,,,,1,1,1,1.0,7.0
201800018233,0018-07-23 08:15:00,18,7,23,8,15,202,77,Croisement Saint Pancras,42.4705,9.48729,Plein jour,Hors agglomération,Intersection en X,Normale,Deux véhicules - côté,,,,,,,,,,,1,1,2,1.0,3.0
201800018234,0018-08-07 21:30:00,18,8,7,21,30,202,297,RD506,42.4101,9.39112,Nuit sans éclairage public,Hors agglomération,Hors intersection,Normale,Autre collision,,,,,,,,,,,3,1,1,1.0,6.0
201800018235,0018-08-07 03:00:00,18,8,7,3,0,202,77,Lieu Dit Corso,42.46511,9.49431,Nuit sans éclairage public,Hors agglomération,Hors intersection,Normale,Deux véhicules - côté,,,,,,,,,,,3,1,1,1.0,3.0
201800018236,0018-08-13 16:30:00,18,8,13,16,30,202,346,RT 10 ARENA,42.49866,9.46756,Plein jour,En agglomération,Hors intersection,Normale,Trois véhicules et plus - collisions multiples,,,,,,,,,,,1,2,1,1.0,5.0
201800018237,0018-08-13 17:45:00,18,8,13,17,45,202,207,Garage Peugeot RT 10 Fol,42.46196,9.49767,Plein jour,Hors agglomération,Intersection en T,Normale,Deux véhicules - côté,,,,,,,,,,,1,1,3,1.0,3.0
201800018238,0018-08-15 15:40:00,18,8,15,15,40,202,280,CD 237,42.45648,9.42887,Plein jour,Hors agglomération,Hors intersection,Normale,Deux véhicules - côté,,,,,,,,,,,1,1,1,1.0,3.0
201800018239,0018-08-19 20:00:00,18,8,19,20,0,202,77,CD 106,42.47444,9.51617,Crépuscule ou aube,Hors agglomération,Hors intersection,Normale,Trois véhicules et plus - collisions multiples,,,,,,,,,,,2,1,1,1.0,5.0
201800018240,0018-09-10 15:10:00,18,9,10,15,10,202,346,Lieu-dit AREANA,42.50019,9.46625,Plein jour,En agglomération,Hors intersection,Normale,Deux véhicules - arrière,,,,,,,,,,,1,2,1,1.0,2.0
201800018241,0018-09-25 12:10:00,18,9,25,12,10,202,72,RD 306,42.4411,9.40512,Plein jour,Hors agglomération,Hors intersection,Normale,Autre collision,,,,,,,,,,,1,1,1,1.0,6.0
201800018242,0018-10-25 15:20:00,18,10,25,15,20,202,77,RT 10 - route royale,42.46399,9.49596,Plein jour,Hors agglomération,Intersection en Y,Normale,Deux véhicules - frontale,,,,,,,,,,,1,1,4,1.0,1.0
201800018243,0018-11-02 14:20:00,18,11,2,14,20,202,252,lieu dit Campu Pianu,42.44462,9.4652,Plein jour,Hors agglomération,Hors intersection,Pluie légère,Deux véhicules - frontale,,,,,,,,,,,1,1,1,2.0,1.0
201800018244,0018-11-07 11:40:00,18,11,7,11,40,202,77,RT 10,42.46598,9.49321,Plein jour,Hors agglomération,Hors intersection,Normale,Deux véhicules - arrière,,,,,,,,,,,1,1,1,1.0,2.0
201800018245,0018-11-10 09:20:00,18,11,10,9,20,202,210,Village,42.41572,9.46652,Plein jour,En agglomération,Hors intersection,Normale,Autre collision,,,,,,,,,,,1,2,1,1.0,6.0
201800018246,0018-11-29 21:00:00,18,11,29,21,0,202,207,D 506 route de san Pelle,42.4477,9.53584,Nuit sans éclairage public,Hors agglomération,Hors intersection,Normale,Autre collision,,,,,,,,,,,3,1,1,1.0,6.0
201800018247,0018-12-22 20:09:00,18,12,22,20,9,202,286,RT 10 - Querciolo,42.48742,9.47953,Nuit avec éclairage allumé,En agglomération,Hors intersection,Normale,Autre collision,,,,,,,,,,,5,2,1,1.0,6.0
201800018248,0018-04-11 17:46:00,18,4,11,17,46,202,150,RT 30,42.58471,8.83074,Plein jour,Hors agglomération,Hors intersection,Pluie légère,Deux véhicules - côté,,,,,,,,,,,1,1,1,2.0,3.0
201800018249,0018-05-02 13:50:00,18,5,2,13,50,202,50,AVENUE CHRISTOPHE COLOMB,42.55016,8.76138,Plein jour,En agglomération,Autre intersection,Pluie légère,Deux véhicules - côté,,,,,,,,,,,1,2,9,2.0,3.0
201800018250,0018-05-06 12:30:00,18,5,6,12,30,202,50,Rue LORETTO,42.56819,8.75585,Plein jour,En agglomération,Hors intersection,Pluie légère,Sans collision,,,,,,,,,,,1,2,1,2.0,7.0
201800018251,0018-05-10 17:00:00,18,5,10,17,0,202,121,route de PORTO,42.4336,8.7749,Plein jour,En agglomération,Hors intersection,Normale,Autre collision,,,,,,,,,,,1,2,1,1.0,6.0
201800018252,0018-05-11 16:09:00,18,5,11,16,9,202,49,D81,42.47981,8.77505,Plein jour,Hors agglomération,Hors intersection,Normale,Sans collision,,,,,,,,,,,1,1,1,1.0,7.0
201800018253,0018-06-15 09:30:00,18,6,15,9,30,202,165,RD 51,42.49055,8.80787,Plein jour,Hors agglomération,Hors intersection,Normale,Deux véhicules - côté,,,,,,,,,,,1,1,1,1.0,3.0
201800018254,0018-06-21 17:15:00,18,6,21,17,15,202,50,Avenue Christophe Colomb,42.56307,8.75474,Plein jour,En agglomération,Hors intersection,Normale,Autre collision,,,,,,,,,,,1,2,1,1.0,6.0
201800018255,0018-07-06 05:45:00,18,7,6,5,45,202,121,RT81,42.41958,8.71541,Crépuscule ou aube,Hors agglomération,Hors intersection,Normale,Autre collision,,,,,,,,,,,2,1,1,1.0,6.0
201800018256,0018-07-09 07:30:00,18,7,9,7,30,202,50,route du stade,42.5625,8.75314,Plein jour,En agglomération,Intersection en T,Normale,Deux véhicules - côté,,,,,,,,,,,1,2,3,1.0,3.0
201800018257,0018-10-13 14:40:00,18,10,13,14,40,202,50,AVENUE CHRISTOPHE COLOMB,42.55102,8.76598,Plein jour,En agglomération,Intersection en T,Normale,Deux véhicules - côté,,,,,,,,,,,1,2,3,1.0,3.0
201800018258,0018-10-13 01:00:00,18,10,13,1,0,202,49,D81,42.48084,8.77391,Nuit sans éclairage public,Hors agglomération,Hors intersection,Normale,Sans collision,,,,,,,,,,,3,1,1,1.0,7.0
201800018259,0018-11-22 13:30:00,18,11,22,13,30,202,361,RD151,42.52458,8.886,Plein jour,Hors agglomération,Hors intersection,Normale,Deux véhicules - frontale,,,,,,,,,,,1,1,1,1.0,1.0
201800018260,0018-12-18 18:15:00,18,12,18,18,15,202,50,d81,42.54425,8.78771,Nuit sans éclairage public,Hors agglomération,Intersection en Y,Autre,Trois véhicules et plus - collisions multiples,,,,,,,,,,,3,1,4,9.0,5.0
201800018261,0018-01-09 07:00:00,18,1,9,7,0,202,96,20 rue du 09 septembre,42.30211,9.15666,Nuit avec éclairage allumé,En agglomération,Autre intersection,Normale,Autre collision,,,,,,,,,,,5,2,9,1.0,6.0
201800018262,0018-01-12 18:50:00,18,1,12,18,50,202,238,RT 50,42.27288,9.22148,Nuit sans éclairage public,Hors agglomération,Hors intersection,Normale,Autre collision,,,,,,,,,,,3,1,1,1.0,6.0
201800018263,0018-01-30 12:30:00,18,1,30,12,30,202,341,RT20,42.24227,9.17787,Plein jour,Hors agglomération,Hors intersection,Normale,Sans collision,,,,,,,,,,,1,1,1,1.0,7.0
201800018264,0018-04-18 08:05:00,18,4,18,8,5,202,354,RT20,42.17048,9.17205,Plein jour,Hors agglomération,Hors intersection,Normale,Deux véhicules - frontale,,,,,,,,,,,1,1,1,1.0,1.0
201800018265,0018-05-13 15:00:00,18,5,13,15,0,202,354,route territoriale 20,42.17048,9.17203,Plein jour,Hors agglomération,Hors intersection,Normale,Deux véhicules - frontale,,,,,,,,,,,1,1,1,1.0,1.0
201800018266,0018-06-07 10:00:00,18,6,7,10,0,202,96,"Rue du donjon, Parking d",42.30604,9.14865,Plein jour,En agglomération,Hors intersection,Normale,Autre collision,,,,,,,,,,,1,2,1,1.0,6.0
201800018267,0018-06-22 07:30:00,18,6,22,7,30,202,260,route territoriale 20,42.24757,9.17762,Plein jour,Hors agglomération,Hors intersection,Normale,Sans collision,,,,,,,,,,,1,1,1,1.0,7.0
201800018268,0018-06-28 18:30:00,18,6,28,18,30,202,126,Lieu dit COSTADI,42.1915,9.36433,Plein jour,Hors agglomération,Hors intersection,Pluie légère,Autre collision,,,,,,,,,,,1,1,1,2.0,6.0
201800018269,0018-07-07 10:18:00,18,7,7,10,18,202,96,RT 20,42.31593,9.1581,Plein jour,Hors agglomération,Hors intersection,Normale,Deux véhicules - arrière,,,,,,,,,,,1,1,1,1.0,2.0
201800018270,0018-07-24 13:08:00,18,7,24,13,8,202,354,RT 20,42.13224,9.13898,Plein jour,Hors agglomération,Hors intersection,Normale,Deux véhicules - frontale,,,,,,,,,,,1,1,1,1.0,1.0
201800018271,0018-07-26 17:55:00,18,7,26,17,55,202,96,rt20,42.27018,9.08305,Plein jour,Hors agglomération,Autre intersection,Autre,Autre collision,,,,,,,,,,,1,1,9,9.0,6.0
201800018272,0018-07-27 15:30:00,18,7,27,15,30,202,96,22 cours Paoli,42.30729,9.1505,Plein jour,En agglomération,Hors intersection,Pluie forte,Autre collision,,,,,,,,,,,1,2,1,3.0,6.0
201800018273,0018-09-11 15:15:00,18,9,11,15,15,202,329,CD41,42.34022,9.21299,Plein jour,Hors agglomération,Autre intersection,Normale,Sans collision,,,,,,,,,,,1,1,9,1.0,7.0
201800018274,0018-09-11 20:15:00,18,9,11,20,15,202,260,D40,42.25111,9.18232,Nuit sans éclairage public,Hors agglomération,Hors intersection,Normale,Autre collision,,,,,,,,,,,3,1,1,1.0,6.0
201800018275,0018-09-14 12:00:00,18,9,14,12,0,202,96,rt 20,42.27018,9.08305,Plein jour,Hors agglomération,Hors intersection,Normale,Autre collision,,,,,,,,,,,1,1,1,1.0,6.0
201800018276,0018-10-30 10:01:00,18,10,30,10,1,202,96,rue Xavier Lucciani,42.30588,9.15112,Plein jour,En agglomération,Hors intersection,Normale,Autre collision,,,,,,,,,,,1,2,1,1.0,6.0
201800018277,0018-11-23 17:00:00,18,11,23,17,0,202,226,D14,42.23729,9.34036,Crépuscule ou aube,En agglomération,Hors intersection,Normale,Autre collision,,,,,,,,,,,2,2,1,1.0,6.0
201800018278,0018-11-27 08:04:00,18,11,27,8,4,202,96,RT 50,42.27018,9.08305,Plein jour,En agglomération,Autre intersection,Pluie légère,Deux véhicules - arrière,,,,,,,,,,,1,2,9,2.0,2.0
201800018279,0018-12-06 01:50:00,18,12,6,1,50,202,96,3 cours Paoli,42.30638,9.15073,Nuit avec éclairage allumé,En agglomération,Hors intersection,Normale,Autre collision,,,,,,,,,,,5,2,1,1.0,6.0
201800018280,0018-12-06 18:15:00,18,12,6,18,15,202,218,RT50,42.21542,9.3065,Nuit sans éclairage public,Hors agglomération,Hors intersection,Normale,Deux véhicules - frontale,,,,,,,,,,,3,1,1,1.0,1.0
201800018281,0018-12-16 08:10:00,18,12,16,8,10,202,354,T20 - route de vizzavone,42.13284,9.14014,Plein jour,Hors agglomération,Hors intersection,Normale,Autre collision,,,,,,,,,,,1,1,1,1.0,6.0
201800018282,0018-12-20 16:30:00,18,12,20,16,30,202,341,route territoriale 20,42.20114,9.17199,Plein jour,Hors agglomération,Hors intersection,Normale,Autre collision,,,,,,,,,,,1,1,1,1.0,6.0
201800018283,0018-03-16 12:40:00,18,3,16,12,40,202,123,Lieu-dit Vadina,42.06939,9.45234,Plein jour,Hors agglomération,Hors intersection,Normale,Deux véhicules - côté,,,,,,,,,,,1,1,1,1.0,3.0
201800018284,0018-04-03 09:00:00,18,4,3,9,0,202,251,RT10,41.99911,9.403,Plein jour,En agglomération,Giratoire,Normale,Trois véhicules et plus - en chaîne,,,,,,,,,,,1,2,6,1.0,4.0
201800018285,0018-05-09 16:00:00,18,5,9,16,0,202,251,Zone commerciale de MIGL,42.00156,9.39447,Plein jour,En agglomération,Hors intersection,Pluie légère,Deux véhicules - côté,,,,,,,,,,,1,2,1,2.0,3.0
201800018286,0018-07-14 14:40:00,18,7,14,14,40,202,342,Départementale 45,41.9406,9.33727,Plein jour,Hors agglomération,Hors intersection,Normale,Autre collision,,,,,,,,,,,1,1,1,1.0,6.0
201800018287,0018-08-09 05:00:00,18,8,9,5,0,202,123,1680 avenue du 9 septemb,42.02355,9.41115,Nuit avec éclairage allumé,En agglomération,Hors intersection,Normale,Deux véhicules - frontale,,,,,,,,,,,5,2,1,1.0,1.0
201800018288,0018-08-12 14:45:00,18,8,12,14,45,202,342,CD 45,41.94483,9.35606,Plein jour,Hors agglomération,Hors intersection,Normale,Autre collision,,,,,,,,,,,1,1,1,1.0,6.0
201800018289,0018-08-26 06:15:00,18,8,26,6,15,202,123,RT 10 - LIEU-DIT ARISTON,42.06201,9.43675,Nuit sans éclairage public,Hors agglomération,Hors intersection,Normale,Autre collision,,,,,,,,,,,3,1,1,1.0,6.0
201800018290,0018-08-30 20:30:00,18,8,30,20,30,202,251,RT10,42.00364,9.40313,Nuit avec éclairage allumé,Hors agglomération,Hors intersection,Normale,Deux véhicules - frontale,,,,,,,,,,,5,1,1,1.0,1.0
201800018291,0018-09-27 12:30:00,18,9,27,12,30,202,342,rt 10,41.91498,9.38918,Plein jour,En agglomération,Intersection en T,Normale,Deux véhicules - côté,,,,,,,,,,,1,2,3,1.0,3.0
201800018292,0018-11-25 15:45:00,18,11,25,15,45,202,283,RT 10 - Scaffa Rossa,41.87976,9.32057,Plein jour,Hors agglomération,Hors intersection,Normale,Deux véhicules - frontale,,,,,,,,,,,1,1,1,1.0,1.0
201800018293,0018-12-27 11:35:00,18,12,27,11,35,202,251,Parking supermarché CASI,42.00152,9.40193,Plein jour,En agglomération,Autre intersection,Normale,Deux véhicules - côté,,,,,,,,,,,1,2,9,1.0,3.0
201800018294,0018-02-02 14:30:00,18,2,2,14,30,310,150,route de AUSSONNE,43.66062,1.32492,Plein jour,Hors agglomération,Hors intersection,Normale,Deux véhicules - frontale,,,,,,,,,,,1,1,1,1.0,1.0
201800018295,0018-04-13 16:20:00,18,4,13,16,20,310,56,RD902,43.66716,1.36173,Plein jour,Hors agglomération,Hors intersection,Normale,Deux véhicules - côté,,,,,,,,,,,1,1,1,1.0,3.0
201800018296,0018-11-01 09:15:00,18,11,1,9,15,310,150,RN 224,43.66056,1.33051,Plein jour,Hors agglomération,Hors intersection,Temps couvert,Deux véhicules - côté,,,,,,,,,,,1,1,1,8.0,3.0
201800018297,0018-02-17 13:40:00,18,2,17,13,40,201,6,"RD81, 240 mètres avant l",41.97845,8.77919,Plein jour,Hors agglomération,Hors intersection,Normale,Deux véhicules - côté,,,,,,,,,,,1,1,1,1.0,3.0
201800018298,0018-02-22 11:10:00,18,2,22,11,10,201,209,RT 20,41.9949,8.85004,Plein jour,Hors agglomération,Intersection en T,Normale,Deux véhicules - côté,,,,,,,,,,,1,1,3,1.0,3.0
201800018299,0018-04-08 08:50:00,18,4,8,8,50,201,271,RD01 lieu dit Ribarotti,42.00641,8.83722,Plein jour,Hors agglomération,Hors intersection,Normale,Autre collision,,,,,,,,,,,1,1,1,1.0,6.0
201800018300,0018-04-19 07:45:00,18,4,19,7,45,201,271,Zone de Baléone - Rond p,41.95652,8.79912,Plein jour,Hors agglomération,Giratoire,Normale,Deux véhicules - arrière,,,,,,,,,,,1,1,6,1.0,2.0
201800018301,0018-04-22 18:30:00,18,4,22,18,30,201,17,D81 col san bastiano,42.0067,8.74968,Plein jour,Hors agglomération,Hors intersection,Normale,Deux véhicules - côté,,,,,,,,,,,1,1,1,1.0,3.0
201800018302,0018-04-29 11:15:00,18,4,29,11,15,201,40,RT 20 - Col de Vizzavona,42.08277,9.03467,Plein jour,Hors agglomération,Hors intersection,Normale,Trois véhicules et plus - collisions multiples,,,,,,,,,,,1,1,1,1.0,5.0
201800018303,0018-05-03 18:20:00,18,5,3,18,20,201,6,RD 81,41.97313,8.75971,Plein jour,Hors agglomération,Hors intersection,Normale,Deux véhicules - frontale,,,,,,,,,,,1,1,1,1.0,1.0
201800018304,0018-05-09 17:15:00,18,5,9,17,15,201,40,RT20 - Col de Vizzavona,42.09419,9.08059,Plein jour,Hors agglomération,Hors intersection,Temps couvert,Sans collision,,,,,,,,,,,1,1,1,8.0,7.0
201800018305,0018-05-30 11:15:00,18,5,30,11,15,201,351,Lieu dit Costi di Villan,41.96627,8.66121,Plein jour,Hors agglomération,Giratoire,Normale,Autre collision,,,,,,,,,,,1,1,6,1.0,6.0
201800018306,0018-05-17 18:30:00,18,5,17,18,30,201,323,RT 20,42.02337,8.90054,Plein jour,Hors agglomération,Intersection en T,Normale,Deux véhicules - frontale,,,,,,,,,,,1,1,3,1.0,1.0
201800018307,0018-06-23 13:30:00,18,6,23,13,30,201,271,"Route territoriale 22, a",41.96739,8.8164,Plein jour,Hors agglomération,Hors intersection,Normale,Deux véhicules - côté,,,,,,,,,,,1,1,1,1.0,3.0
201800018308,0018-07-19 07:28:00,18,7,19,7,28,201,6,Route départementale 81,41.96819,8.77923,Plein jour,Hors agglomération,Hors intersection,Normale,Deux véhicules - arrière,,,,,,,,,,,1,1,1,1.0,2.0
201800018309,0018-07-22 21:15:00,18,7,22,21,15,201,40,"Lieu dit ""A Piana""",42.08464,9.03927,Nuit sans éclairage public,Hors agglomération,Hors intersection,Normale,Deux véhicules - côté,,,,,,,,,,,3,1,1,1.0,3.0
201800018310,0018-09-08 14:20:00,18,9,8,14,20,201,271,RT 20,42.01019,8.86713,Plein jour,Hors agglomération,Intersection en X,Normale,Deux véhicules - côté,,,,,,,,,,,1,1,2,1.0,3.0
201800018311,0018-09-29 01:45:00,18,9,29,1,45,201,6,"Rond point de Trova, RD8",41.97057,8.77883,Nuit sans éclairage public,Hors agglomération,Giratoire,Normale,Autre collision,,,,,,,,,,,3,1,6,1.0,6.0
201800018312,0018-10-10 07:10:00,18,10,10,7,10,201,6,Boca di Pruna - D 61,41.96408,8.72146,Crépuscule ou aube,Hors agglomération,Hors intersection,Normale,Deux véhicules - côté,,,,,,,,,,,2,1,1,1.0,3.0
201800018313,0018-10-13 15:30:00,18,10,13,15,30,201,40,RT 20 - hauteur du champ,42.0859,9.03958,Plein jour,Hors agglomération,Hors intersection,Normale,Deux véhicules - frontale,,,,,,,,,,,1,1,1,1.0,1.0