accident_id,datetime,annee,mois,jour,heure,minute,departement,commune_insee,adresse,latitude,longitude,luminosite,agglomeration,intersection,meteo,collision,nb_vehicules,nb_usagers,nb_indemnes,nb_tues,nb_blesses_hosp,nb_blesses_legers,age_cond_1,age_cond_2,veh_type_cond_1,veh_type_cond_2,lum_code,agg_code,int_code,atm_code,col_code
201800018314,0018-10-17 16:00:00,18,10,17,16,0,201,103,"Dicepu supranu, RD701",41.97553,8.84447,Plein jour,Hors agglomération,Intersection en T,Temps couvert,Deux véhicules - côté,,,,,,,,,,,1,1,3,8.0,3.0
201800018315,0018-10-16 19:10:00,18,10,16,19,10,201,271,Rond point Atrium,41.95274,8.79521,Crépuscule ou aube,En agglomération,Giratoire,Normale,Autre collision,,,,,,,,,,,2,2,6,1.0,6.0
201800018316,0018-11-29 17:30:00,18,11,29,17,30,201,271,RT 20 - Embranchement ro,41.94859,8.81188,Nuit sans éclairage public,Hors agglomération,Intersection en T,Normale,Deux véhicules - côté,,,,,,,,,,,3,1,3,1.0,3.0
201800018317,0018-12-26 12:45:00,18,12,26,12,45,201,209,"Lieu dit ""Facciata Rossa",41.99977,8.85381,Plein jour,En agglomération,Hors intersection,Normale,Deux véhicules - frontale,,,,,,,,,,,1,2,1,1.0,1.0
201800018318,0018-03-19 07:25:00,18,3,19,7,25,201,130,D55 À PORTICCIO,41.90186,8.81288,Plein jour,En agglomération,Hors intersection,Normale,Deux véhicules - frontale,,,,,,,,,,,1,2,1,1.0,1.0
201800018319,0018-04-06 20:30:00,18,4,6,20,30,201,181,lieu-dit Arghiaccia,41.93236,8.89199,Nuit sans éclairage public,Hors agglomération,Hors intersection,Normale,Deux véhicules - côté,,,,,,,,,,,3,1,1,1.0,3.0
201800018320,0018-05-10 18:15:00,18,5,10,18,15,201,85,Village,41.91756,8.91681,Plein jour,En agglomération,Hors intersection,Normale,Deux véhicules - arrière,,,,,,,,,,,1,2,1,1.0,2.0
201800018321,0018-05-16 12:45:00,18,5,16,12,45,201,130,route du collège,41.88866,8.87611,Plein jour,En agglomération,Hors intersection,Normale,Sans collision,,,,,,,,,,,1,2,1,1.0,7.0
201800018322,0018-06-08 16:30:00,18,6,8,16,30,201,130,RT 40,41.88559,8.93397,Plein jour,Hors agglomération,Hors intersection,Normale,Autre collision,,,,,,,,,,,1,1,1,1.0,6.0
201800018323,0018-07-09 19:00:00,18,7,9,19,0,201,130,438 bld Marie J. Bozzi,41.89811,8.80926,Plein jour,En agglomération,Hors intersection,Normale,Sans collision,,,,,,,,,,,1,2,1,1.0,7.0
201800018324,0018-07-10 18:45:00,18,7,10,18,45,201,130,Rocade D555 - Porticcio,41.88976,8.81524,Plein jour,Hors agglomération,Hors intersection,Normale,Autre collision,,,,,,,,,,,1,1,1,1.0,6.0
201800018325,0018-07-15 15:00:00,18,7,15,15,0,201,98,acqua doria,41.76889,8.74391,Plein jour,Hors agglomération,Hors intersection,Normale,Autre collision,,,,,,,,,,,1,1,1,1.0,6.0
201800018326,0018-07-18 20:30:00,18,7,18,20,30,201,130,départementale 555 rocad,41.88557,8.80777,Crépuscule ou aube,En agglomération,Hors intersection,Normale,Sans collision,,,,,,,,,,,2,2,1,1.0,7.0
201800018327,0018-08-06 00:43:00,18,8,6,0,43,201,104,RT 40,41.91648,8.88653,Nuit avec éclairage non allumé,Hors agglomération,Hors intersection,Normale,Deux véhicules - côté,,,,,,,,,,,4,1,1,1.0,3.0
201800018328,0018-08-18 06:30:00,18,8,18,6,30,201,85,st jean,41.91156,8.83807,Crépuscule ou aube,Hors agglomération,Intersection en T,Normale,Deux véhicules - côté,,,,,,,,,,,2,1,3,1.0,3.0
201800018329,0018-09-10 11:55:00,18,9,10,11,55,201,130,RD55 BLd BOZZI Hameau de,41.89862,8.80979,Plein jour,En agglomération,Hors intersection,Normale,Deux véhicules - frontale,,,,,,,,,,,1,2,1,1.0,1.0
201800018330,0018-09-13 17:50:00,18,9,13,17,50,201,85,RT 40,41.91323,8.8834,Plein jour,Hors agglomération,Hors intersection,Normale,Deux véhicules - côté,,,,,,,,,,,1,1,1,1.0,3.0
201800018331,0018-09-18 07:55:00,18,9,18,7,55,201,104,Bartulettu,41.91382,8.84748,Plein jour,Hors agglomération,Intersection en T,Temps éblouissant,Deux véhicules - côté,,,,,,,,,,,1,1,3,7.0,3.0
201800018332,0018-10-05 09:00:00,18,10,5,9,0,201,8,CD 55 - Lieu dit Molini,41.85855,8.80078,Plein jour,En agglomération,Hors intersection,Normale,Autre collision,,,,,,,,,,,1,2,1,1.0,6.0
201800018333,0018-10-16 09:30:00,18,10,16,9,30,201,130,rt40,41.86494,8.96476,Plein jour,Hors agglomération,Hors intersection,Pluie forte,Autre collision,,,,,,,,,,,1,1,1,3.0,6.0
201800018334,0018-01-06 15:30:00,18,1,6,15,30,201,139,route de Toraccia sens d,41.67968,9.33393,Plein jour,En agglomération,Hors intersection,Normale,Deux véhicules - frontale,,,,,,,,,,,1,2,1,1.0,1.0
201800018335,0018-05-13 17:00:00,18,5,13,17,0,201,269,RT 10,41.82104,9.40318,Plein jour,Hors agglomération,Hors intersection,Normale,Sans collision,,,,,,,,,,,1,1,1,1.0,7.0
201800018336,0018-06-18 11:50:00,18,6,18,11,50,201,269,route de bavella - D268,41.84975,9.35648,Plein jour,Hors agglomération,Hors intersection,Normale,Autre collision,,,,,,,,,,,1,1,1,1.0,6.0
201800018337,0018-07-04 12:45:00,18,7,4,12,45,201,139,D 668,41.65588,9.31678,Plein jour,Hors agglomération,Hors intersection,Normale,Deux véhicules - frontale,,,,,,,,,,,1,1,1,1.0,1.0
201800018338,0018-07-08 14:10:00,18,7,8,14,10,201,139,Avenue de la Marine. St,41.6362,9.33895,Plein jour,En agglomération,Hors intersection,Normale,Sans collision,,,,,,,,,,,1,2,1,1.0,7.0
201800018339,0018-07-10 04:35:00,18,7,10,4,35,201,362,LIEU DIT PINARELLO,41.68422,9.3715,Nuit avec éclairage allumé,Hors agglomération,Hors intersection,Normale,Autre collision,,,,,,,,,,,5,1,1,1.0,6.0
201800018340,0018-08-16 11:45:00,18,8,16,11,45,201,362,RT10,41.69363,9.33561,Plein jour,Hors agglomération,Hors intersection,Normale,Deux véhicules - côté,,,,,,,,,,,1,1,1,1.0,3.0
201800018341,0018-09-20 02:00:00,18,9,20,2,0,201,92,lieu dit TARCO RT 10,41.74966,9.40123,Nuit sans éclairage public,En agglomération,Hors intersection,Normale,Autre collision,,,,,,,,,,,3,2,1,1.0,6.0
201800018342,0018-01-13 18:09:00,18,1,13,18,9,790,66,4 ROUTE DE MAZIERE,46.48723,-0.40111,Crépuscule ou aube,En agglomération,Hors intersection,Normale,Autre collision,,,,,,,,,,,2,2,1,1.0,6.0
201800018343,0018-02-11 16:15:00,18,2,11,16,15,790,101,RUE GEDEON OUVRARD,46.46787,-0.59914,Plein jour,Hors agglomération,Intersection en Y,Normale,Sans collision,,,,,,,,,,,1,1,4,1.0,7.0
201800018344,0018-04-07 12:00:00,18,4,7,12,0,790,101,"LD ""CHAUVIN""",46.47928,-0.62876,Plein jour,Hors agglomération,Intersection en T,Pluie légère,Deux véhicules - côté,,,,,,,,,,,1,1,3,2.0,3.0
201800018345,0018-04-13 17:50:00,18,4,13,17,50,790,12,,46.45282,-0.53455,Plein jour,Hors agglomération,Hors intersection,Normale,Autre collision,,,,,,,,,,,1,1,1,1.0,6.0
201800018346,0018-04-16 12:45:00,18,4,16,12,45,790,284,"LD ""LA MOURANDIERE""",46.42626,-0.44551,Plein jour,Hors agglomération,Hors intersection,Normale,Autre collision,,,,,,,,,,,1,1,1,1.0,6.0
201800018347,0018-04-21 08:45:00,18,4,21,8,45,790,309,,46.59598,-0.5443,Plein jour,Hors agglomération,Hors intersection,Normale,Deux véhicules - frontale,,,,,,,,,,,1,1,1,1.0,1.0
201800018348,0018-05-06 17:20:00,18,5,6,17,20,790,12,LE CHAILLOT,46.51709,-0.56136,Plein jour,Hors agglomération,Intersection en X,Normale,Deux véhicules - côté,,,,,,,,,,,1,1,2,1.0,3.0
201800018349,0018-06-15 09:30:00,18,6,15,9,30,790,101,ROUTE DE SAINT-POMPAIN,46.47802,-0.6009,Plein jour,Hors agglomération,Hors intersection,Pluie légère,Deux véhicules - frontale,,,,,,,,,,,1,1,1,2.0,1.0
201800018350,0018-06-15 20:00:00,18,6,15,20,0,790,66,,46.48522,-0.41473,Plein jour,Hors agglomération,Hors intersection,Normale,Autre collision,,,,,,,,,,,1,1,1,1.0,6.0
201800018351,0018-06-28 07:30:00,18,6,28,7,30,790,263,"LD ""LA MORISSETTERIE""",46.51496,-0.57476,Plein jour,Hors agglomération,Intersection en T,Normale,Deux véhicules - côté,,,,,,,,,,,1,1,3,1.0,3.0
201800018352,0018-06-28 22:45:00,18,6,28,22,45,790,200,18 RUE DU VAL D'AUTIZE,46.53547,-0.44065,Nuit sans éclairage public,En agglomération,Intersection en T,Normale,Deux véhicules - frontale,,,,,,,,,,,3,2,3,1.0,1.0
201800018353,0018-06-29 23:00:00,18,6,29,23,0,790,101,"LD ""CHAUVIN""",46.47999,-0.62647,Nuit avec éclairage non allumé,Hors agglomération,Hors intersection,Normale,Autre collision,,,,,,,,,,,4,1,1,1.0,6.0
201800018354,0018-07-02 11:10:00,18,7,2,11,10,790,12,,46.46763,-0.57958,Plein jour,Hors agglomération,Hors intersection,Temps couvert,Autre collision,,,,,,,,,,,1,1,1,8.0,6.0
201800018355,0018-07-05 09:00:00,18,7,5,9,0,790,249,ROUTE DE NIORT,46.3644,-0.40895,Plein jour,Hors agglomération,Intersection en X,Normale,Deux véhicules - côté,,,,,,,,,,,1,1,2,1.0,3.0
201800018356,0018-06-12 18:30:00,18,6,12,18,30,790,241,,46.46094,-0.37556,Plein jour,Hors agglomération,Hors intersection,Normale,Deux véhicules - arrière,,,,,,,,,,,1,1,1,1.0,2.0
201800018357,0018-07-17 16:41:00,18,7,17,16,41,790,12,,46.46731,-0.5792,Plein jour,Hors agglomération,Hors intersection,Normale,Autre collision,,,,,,,,,,,1,1,1,1.0,6.0
201800018358,0018-07-26 19:00:00,18,7,26,19,0,790,200,,46.52569,-0.43213,Plein jour,Hors agglomération,Hors intersection,Normale,Autre collision,,,,,,,,,,,1,1,1,1.0,6.0
201800018359,0018-08-18 14:30:00,18,8,18,14,30,790,109,"LD ""CROIX DE L'ORATOIRE""",46.37768,-0.44437,Plein jour,Hors agglomération,Intersection à plus de 4 branches,Normale,Trois véhicules et plus - collisions multiples,,,,,,,,,,,1,1,5,1.0,5.0
201800018360,0018-08-19 19:12:00,18,8,19,19,12,790,86,"LD "" LA GRANGE-NEUVE""",46.43093,-0.32961,Plein jour,Hors agglomération,Hors intersection,Normale,Sans collision,,,,,,,,,,,1,1,1,1.0,7.0
201800018361,0018-08-21 18:30:00,18,8,21,18,30,790,133,,46.4797,-0.41872,Plein jour,Hors agglomération,Hors intersection,Normale,Autre collision,,,,,,,,,,,1,1,1,1.0,6.0
201800018362,0018-09-21 18:40:00,18,9,21,18,40,790,101,,46.49441,-0.58848,Plein jour,Hors agglomération,Intersection en T,Normale,Autre collision,,,,,,,,,,,1,1,3,1.0,6.0
201800018363,0018-09-22 15:15:00,18,9,22,15,15,790,66,,46.48647,-0.41898,Plein jour,Hors agglomération,Intersection en X,Normale,Deux véhicules - frontale,,,,,,,,,,,1,1,2,1.0,1.0
201800018364,0018-03-31 16:35:00,18,3,31,16,35,790,130,,46.24271,-0.54014,Plein jour,Hors agglomération,Hors intersection,Pluie forte,Deux véhicules - côté,,,,,,,,,,,1,1,1,3.0,3.0
201800018365,0018-05-12 13:20:00,18,5,12,13,20,790,130,,46.28238,-0.56447,Plein jour,Hors agglomération,Hors intersection,Pluie légère,Autre collision,,,,,,,,,,,1,1,1,2.0,6.0
201800018366,0018-06-14 01:30:00,18,6,14,1,30,790,34,,46.28945,-0.50924,Nuit sans éclairage public,Hors agglomération,Giratoire,Normale,Autre collision,,,,,,,,,,,3,1,6,1.0,6.0
201800018367,0018-07-20 18:00:00,18,7,20,18,0,790,219,4 RUE DES CORMIERS,46.14135,-0.60726,Plein jour,En agglomération,Hors intersection,Normale,Deux véhicules - frontale,,,,,,,,,,,1,2,1,1.0,1.0
201800018368,0018-09-01 04:30:00,18,9,1,4,30,790,3,267 RUE FIEF CHEVALIER,46.29709,-0.42506,Nuit sans éclairage public,En agglomération,Hors intersection,Normale,Autre collision,,,,,,,,,,,3,2,1,1.0,6.0
201800018369,0018-09-06 09:40:00,18,9,6,9,40,790,100,,46.34717,-0.59328,Plein jour,Hors agglomération,Hors intersection,Pluie légère,Trois véhicules et plus - en chaîne,,,,,,,,,,,1,1,1,2.0,4.0
201800018370,0018-09-12 14:50:00,18,9,12,14,50,790,298,"LD ""PIED-BLANC""",46.27023,-0.44893,Plein jour,Hors agglomération,Hors intersection,Normale,Sans collision,,,,,,,,,,,1,1,1,1.0,7.0
201800018371,0018-09-15 02:00:00,18,9,15,2,0,790,216,Place de l'Eglise,46.25912,-0.3451,Nuit avec éclairage allumé,En agglomération,Hors intersection,Normale,Autre collision,,,,,,,,,,,5,2,1,1.0,6.0
201800018372,0018-02-03 11:05:00,18,2,3,11,5,790,185,,46.29948,-0.31445,Plein jour,Hors agglomération,Hors intersection,Normale,Deux véhicules - frontale,,,,,,,,,,,1,1,1,1.0,1.0
201800018373,0018-03-05 18:00:00,18,3,5,18,0,790,174,16 RUE DE LA FOUCAUDERIE,46.22858,-0.13985,Plein jour,En agglomération,Hors intersection,Normale,Deux véhicules - côté,,,,,,,,,,,1,2,1,1.0,3.0
201800018374,0018-03-11 02:30:00,18,3,11,2,30,790,57,1 ROUTE DE COULONGES,46.1464,-0.21598,Nuit avec éclairage non allumé,En agglomération,Intersection en T,Normale,Deux véhicules - arrière,,,,,,,,,,,4,2,3,1.0,2.0
201800018375,0018-04-07 20:30:00,18,4,7,20,30,790,312,,46.14329,-0.28612,Crépuscule ou aube,Hors agglomération,Intersection en T,Temps couvert,Autre collision,,,,,,,,,,,2,1,3,8.0,6.0
201800018376,0018-06-25 18:45:00,18,6,25,18,45,790,217,"LD ""LA BROUSSE""",46.30604,-0.19514,Plein jour,Hors agglomération,Hors intersection,Normale,Sans collision,,,,,,,,,,,1,1,1,1.0,7.0
201800018377,0018-08-28 18:00:00,18,8,28,18,0,790,61,AVENUE DE LIMOGES,46.2603,-0.21266,Plein jour,En agglomération,Intersection en T,Normale,Deux véhicules - côté,,,,,,,,,,,1,2,3,1.0,3.0
201800018378,0018-08-30 20:30:00,18,8,30,20,30,790,61,28 RUE LOUIS MAGNERON,46.25703,-0.20018,Plein jour,En agglomération,Hors intersection,Pluie légère,Sans collision,,,,,,,,,,,1,2,1,2.0,7.0
201800018379,0018-09-26 19:15:00,18,9,26,19,15,790,4,,46.33188,-0.23121,Crépuscule ou aube,Hors agglomération,Intersection en T,Normale,Deux véhicules - côté,,,,,,,,,,,2,1,3,1.0,3.0
201800018380,0018-10-18 13:45:00,18,10,18,13,45,790,352,,46.10408,-0.29164,Plein jour,Hors agglomération,Hors intersection,Normale,Autre collision,,,,,,,,,,,1,1,1,1.0,6.0
201800018381,0018-02-28 21:45:00,18,2,28,21,45,790,195,D35 - PK8,46.92091,-0.57588,Nuit sans éclairage public,Hors agglomération,Hors intersection,Neige / grêle,Sans collision,,,,,,,,,,,3,1,1,4.0,7.0
201800018382,0018-03-17 20:00:00,18,3,17,20,0,790,195,,46.91391,-0.68496,Nuit sans éclairage public,Hors agglomération,Hors intersection,Neige / grêle,Sans collision,,,,,,,,,,,3,1,1,4.0,7.0
201800018383,0018-04-08 00:01:00,18,4,8,0,1,790,62,AVENUE DU GRAL DE GAULLE,46.82724,-0.65359,Nuit sans éclairage public,En agglomération,Hors intersection,Pluie légère,Sans collision,,,,,,,,,,,3,2,1,2.0,7.0
201800018384,0018-06-04 18:30:00,18,6,4,18,30,790,123,"LD ""LA MAISON NEUVE""",46.80143,-0.65128,Plein jour,Hors agglomération,Hors intersection,Normale,Autre collision,,,,,,,,,,,1,1,1,1.0,6.0
201800018385,0018-08-04 14:55:00,18,8,4,14,55,790,195,,46.92687,-0.59176,Plein jour,Hors agglomération,Intersection en X,Normale,Deux véhicules - côté,,,,,,,,,,,1,1,2,1.0,3.0
201800018386,0018-08-24 15:50:00,18,8,24,15,50,790,79,,46.98304,-0.65903,Plein jour,Hors agglomération,Hors intersection,Normale,Autre collision,,,,,,,,,,,1,1,1,1.0,6.0
201800018387,0018-09-21 07:45:00,18,9,21,7,45,790,195,"LD ""LA VACHERASSE""",46.95082,-0.55293,Plein jour,Hors agglomération,Intersection en T,Pluie légère,Deux véhicules - côté,,,,,,,,,,,1,1,3,2.0,3.0
201800018388,0018-09-26 14:45:00,18,9,26,14,45,790,103,,46.76166,-0.56938,Plein jour,Hors agglomération,Hors intersection,Normale,Deux véhicules - côté,,,,,,,,,,,1,1,1,1.0,3.0
201800018389,0018-10-01 13:45:00,18,10,1,13,45,790,195,3 CHEMIN DE LINEAU,46.94647,-0.59482,Plein jour,En agglomération,Intersection en T,Normale,Deux véhicules - frontale,,,,,,,,,,,1,2,3,1.0,1.0
201800018390,0018-10-07 16:15:00,18,10,7,16,15,790,195,39 AVENUE SAINT-HUBERT,46.95151,-0.5917,Plein jour,En agglomération,Intersection en T,Normale,Deux véhicules - côté,,,,,,,,,,,1,2,3,1.0,3.0
201800018391,0018-10-08 23:00:00,18,10,8,23,0,790,210,"LD ""LE ROSIER""",46.85701,-0.65216,Nuit sans éclairage public,Hors agglomération,Hors intersection,Normale,Autre collision,,,,,,,,,,,3,1,1,1.0,6.0
201800018392,0018-12-17 07:50:00,18,12,17,7,50,790,195,RUE DU THEATRE,46.93771,-0.57908,Crépuscule ou aube,Hors agglomération,Hors intersection,Temps couvert,Deux véhicules - côté,,,,,,,,,,,2,1,1,8.0,3.0
201800018393,0018-01-31 17:15:00,18,1,31,17,15,790,292,83 ROUTE DE THOUARS,46.9886,-0.2323,Crépuscule ou aube,En agglomération,Intersection en T,Pluie forte,Sans collision,,,,,,,,,,,2,2,3,3.0,7.0
201800018394,0018-04-06 10:04:00,18,4,6,10,4,790,265,,46.98956,-0.15484,Plein jour,Hors agglomération,Hors intersection,Normale,Sans collision,,,,,,,,,,,1,1,1,1.0,7.0
201800018395,0018-04-12 16:50:00,18,4,12,16,50,790,265,"LD ""ORBE""",46.96901,-0.14264,Plein jour,Hors agglomération,Intersection en X,Pluie forte,Deux véhicules - côté,,,,,,,,,,,1,1,2,3.0,3.0
201800018396,0018-05-08 18:45:00,18,5,8,18,45,790,44,,47.05395,-0.31722,Plein jour,Hors agglomération,Intersection en X,Normale,Deux véhicules - côté,,,,,,,,,,,1,1,2,1.0,3.0
201800018397,0018-07-13 12:45:00,18,7,13,12,45,790,265,,46.97798,-0.13682,Plein jour,Hors agglomération,Hors intersection,Normale,Autre collision,,,,,,,,,,,1,1,1,1.0,6.0
201800018398,0018-09-12 19:00:00,18,9,12,19,0,790,63,"LD ""LE COLOMBIER""",47.04005,-0.36567,Crépuscule ou aube,Hors agglomération,Hors intersection,Normale,Sans collision,,,,,,,,,,,2,1,1,1.0,7.0
201800018399,0018-09-28 07:55:00,18,9,28,7,55,790,196,,46.92799,-0.08507,Crépuscule ou aube,Hors agglomération,Intersection en X,Normale,Deux véhicules - côté,,,,,,,,,,,2,1,2,1.0,3.0
201800018400,0018-10-21 17:52:00,18,10,21,17,52,790,321,,46.94414,-0.12384,Plein jour,Hors agglomération,Hors intersection,Normale,Trois véhicules et plus - collisions multiples,,,,,,,,,,,1,1,1,1.0,5.0
201800018401,0018-01-16 16:30:00,18,1,16,16,30,790,202,PLACE DU DRAPEAU,46.64676,-0.24737,Plein jour,En agglomération,Hors intersection,Normale,Deux véhicules - côté,,,,,,,,,,,1,2,1,1.0,3.0
201800018402,0018-02-03 17:30:00,18,2,3,17,30,790,339,33 RUE DU VIEUX CHATEAU,46.5806,-0.03056,Crépuscule ou aube,En agglomération,Hors intersection,Pluie légère,Autre collision,,,,,,,,,,,2,2,1,2.0,6.0
201800018403,0018-04-22 12:07:00,18,4,22,12,7,790,285,"LD ""LES BORDES""",46.58747,-0.29223,Plein jour,Hors agglomération,Hors intersection,Normale,Deux véhicules - frontale,,,,,,,,,,,1,1,1,1.0,1.0
201800018404,0018-04-19 15:20:00,18,4,19,15,20,790,202,1 AVENUE F. MITTERAND,46.64509,-0.25308,Plein jour,En agglomération,Hors intersection,Normale,Deux véhicules - côté,,,,,,,,,,,1,2,1,1.0,3.0
201800018405,0018-06-16 21:12:00,18,6,16,21,12,790,145,,46.73548,-0.23486,Plein jour,Hors agglomération,Hors intersection,Normale,Deux véhicules - frontale,,,,,,,,,,,1,1,1,1.0,1.0
201800018406,0018-06-18 00:40:00,18,6,18,0,40,790,285,,46.57176,-0.33803,Nuit sans éclairage public,Hors agglomération,Hors intersection,Normale,Sans collision,,,,,,,,,,,3,1,1,1.0,7.0
201800018407,0018-07-25 22:30:00,18,7,25,22,30,790,339,,46.57498,-0.01387,Crépuscule ou aube,En agglomération,Hors intersection,Normale,Autre collision,,,,,,,,,,,2,2,1,1.0,6.0
201800018408,0018-08-10 12:15:00,18,8,10,12,15,790,80,AVENUE DE MORINIERE,46.65582,-0.24868,Plein jour,En agglomération,Giratoire,Normale,Deux véhicules - côté,,,,,,,,,,,1,2,6,1.0,3.0
201800018409,0018-08-13 10:25:00,18,8,13,10,25,790,202,19 AV DU 114e RGT D'INF.,46.64477,-0.25052,Plein jour,En agglomération,Hors intersection,Normale,Autre collision,,,,,,,,,,,1,2,1,1.0,6.0
201800018410,0018-08-25 21:32:00,18,8,25,21,32,790,213,"LD ""LA CENDRINIERE""",46.62581,-0.25023,Nuit sans éclairage public,Hors agglomération,Hors intersection,Normale,Deux véhicules - frontale,,,,,,,,,,,3,1,1,1.0,1.0
201800018411,0018-09-14 23:20:00,18,9,14,23,20,790,8,"LD ""JUSSAY""",46.72241,-0.29794,Nuit sans éclairage public,Hors agglomération,Hors intersection,Normale,Deux véhicules - frontale,,,,,,,,,,,3,1,1,1.0,1.0
201800018412,0018-10-10 14:45:00,18,10,10,14,45,790,121,,46.48119,-0.10227,Plein jour,Hors agglomération,Hors intersection,Pluie légère,Autre collision,,,,,,,,,,,1,1,1,2.0,6.0
201800018413,0018-10-15 18:58:00,18,10,15,18,58,790,322,,46.62376,-0.27944,Crépuscule ou aube,Hors agglomération,Hors intersection,Normale,Autre collision,,,,,,,,,,,2,1,1,1.0,6.0
201800018414,0018-12-01 11:30:00,18,12,1,11,30,790,202,14 RUE JEAN MACE,46.64657,-0.24977,Plein jour,En agglomération,Hors intersection,Pluie légère,Autre collision,,,,,,,,,,,1,2,1,2.0,6.0
201800018415,0018-09-05 14:50:00,18,9,5,14,50,790,5,2 RUE LA CROIX BARBOUINE,46.81953,-0.14296,Plein jour,En agglomération,Hors intersection,Normale,Sans collision,,,,,,,,,,,1,2,1,1.0,7.0
201800018416,0018-09-17 18:10:00,18,9,17,18,10,790,5,,46.84202,-0.11184,Plein jour,Hors agglomération,Intersection en X,Temps éblouissant,Deux véhicules - côté,,,,,,,,,,,1,1,2,7.0,3.0
201800018417,0018-12-22 06:30:00,18,12,22,6,30,790,120,,46.6573,-0.05079,Nuit sans éclairage public,Hors agglomération,Hors intersection,Temps couvert,Deux véhicules - frontale,,,,,,,,,,,3,1,1,8.0,1.0
201800018418,0018-02-14 14:15:00,18,2,14,14,15,790,311,,46.5993,-0.4304,Plein jour,Hors agglomération,Hors intersection,Pluie légère,Deux véhicules - côté,,,,,,,,,,,1,1,1,2.0,3.0
201800018419,0018-04-05 11:30:00,18,4,5,11,30,790,222,"LD ""LA COULAISIERE""",46.73414,-0.5201,Plein jour,Hors agglomération,Hors intersection,Normale,Autre collision,,,,,,,,,,,1,1,1,1.0,6.0
201800018420,0018-04-10 15:05:00,18,4,10,15,5,790,179,,46.75356,-0.54774,Plein jour,Hors agglomération,Hors intersection,Temps couvert,Deux véhicules - frontale,,,,,,,,,,,1,1,1,8.0,1.0
201800018421,0018-09-11 12:45:00,18,9,11,12,45,790,179,RUE CAMILLE GOURDON,46.72274,-0.589,Plein jour,En agglomération,Hors intersection,Normale,Deux véhicules - frontale,,,,,,,,,,,1,2,1,1.0,1.0
201800018422,0018-09-29 19:05:00,18,9,29,19,5,790,311,,46.61286,-0.43711,Plein jour,Hors agglomération,Hors intersection,Normale,Deux véhicules - côté,,,,,,,,,,,1,1,1,1.0,3.0
201800018423,0018-10-09 17:00:00,18,10,9,17,0,790,147,,46.67111,-0.50126,Plein jour,Hors agglomération,Hors intersection,Normale,Autre collision,,,,,,,,,,,1,1,1,1.0,6.0
201800018424,0018-10-15 19:50:00,18,10,15,19,50,790,147,3 RUE DU GYMNASE,46.69169,-0.49965,Nuit sans éclairage public,En agglomération,Hors intersection,Normale,Sans collision,,,,,,,,,,,3,2,1,1.0,7.0
201800018425,0018-10-28 03:30:00,18,10,28,3,30,790,179,23 AVENUE DE PARIS,46.72931,-0.58214,Nuit avec éclairage allumé,En agglomération,Hors intersection,Brouillard / fumée,Autre collision,,,,,,,,,,,5,2,1,5.0,6.0
201800018426,0018-11-13 07:00:00,18,11,13,7,0,790,311,"LD ""LE PETIT PALAIS""",46.62085,-0.46532,Nuit sans éclairage public,Hors agglomération,Hors intersection,Brouillard / fumée,Deux véhicules - frontale,,,,,,,,,,,3,1,1,5.0,1.0
201800018427,0018-03-12 16:00:00,18,3,12,16,0,760,517,90 route de Neuchatel,49.50758,1.16283,Plein jour,Hors agglomération,Hors intersection,Pluie légère,Deux véhicules - frontale,,,,,,,,,,,1,1,1,2.0,1.0
201800018428,0018-04-02 18:40:00,18,4,2,18,40,760,179,Lieu Dit Moulin du Tot,49.57903,1.09083,Plein jour,Hors agglomération,Hors intersection,Pluie légère,Deux véhicules - frontale,,,,,,,,,,,1,1,1,2.0,1.0
201800018429,0018-05-10 15:00:00,18,5,10,15,0,760,517,RD 61,49.49985,1.18401,Plein jour,Hors agglomération,Hors intersection,Normale,Autre collision,,,,,,,,,,,1,1,1,1.0,6.0
201800018430,0018-07-13 07:00:00,18,7,13,7,0,760,443,D3,49.57155,1.10997,Crépuscule ou aube,Hors agglomération,Hors intersection,Normale,Autre collision,,,,,,,,,,,2,1,1,1.0,6.0
201800018431,0018-09-08 13:45:00,18,9,8,13,45,760,245,route de pavilly,49.55308,1.05217,Plein jour,Hors agglomération,Hors intersection,Normale,Deux véhicules - arrière,,,,,,,,,,,1,1,1,1.0,2.0
201800018432,0018-10-12 16:30:00,18,10,12,16,30,760,555,RD 87 A,49.53415,1.21415,Plein jour,Hors agglomération,Hors intersection,Normale,Sans collision,,,,,,,,,,,1,1,1,1.0,7.0
201800018433,0018-11-23 18:20:00,18,11,23,18,20,760,367,D121,49.50417,1.09266,Nuit sans éclairage public,Hors agglomération,Hors intersection,Brouillard / fumée,Deux véhicules - frontale,,,,,,,,,,,3,1,1,5.0,1.0
201800018434,0018-01-23 08:00:00,18,1,23,8,0,760,100,route de buchy,49.50482,1.306,Nuit avec éclairage non allumé,En agglomération,Hors intersection,Pluie légère,Autre collision,,,,,,,,,,,4,2,1,2.0,6.0
201800018435,0018-02-20 16:45:00,18,2,20,16,45,760,358,121 route de buchy,49.47682,1.4055,Plein jour,En agglomération,Hors intersection,Normale,Deux véhicules - arrière,,,,,,,,,,,1,2,1,1.0,2.0
201800018436,0018-04-10 12:45:00,18,4,10,12,45,760,617,246 place de la Cour sou,49.46973,1.16597,Plein jour,En agglomération,Place,Normale,Autre collision,,,,,,,,,,,1,2,7,1.0,6.0
201800018437,0018-06-20 21:10:00,18,6,20,21,10,760,248,devant le 396 route de R,49.58588,1.3443,Plein jour,Hors agglomération,Hors intersection,Normale,Deux véhicules - frontale,,,,,,,,,,,1,1,1,1.0,1.0