accident_id,datetime,annee,mois,jour,heure,minute,departement,commune_insee,adresse,latitude,longitude,luminosite,agglomeration,intersection,meteo,collision,nb_vehicules,nb_usagers,nb_indemnes,nb_tues,nb_blesses_hosp,nb_blesses_legers,age_cond_1,age_cond_2,veh_type_cond_1,veh_type_cond_2,lum_code,agg_code,int_code,atm_code,col_code
201800018438,0018-07-26 19:00:00,18,7,26,19,0,760,46,D13,49.43097,1.29338,Plein jour,Hors agglomération,Hors intersection,Normale,Deux véhicules - frontale,,,,,,,,,,,1,1,1,1.0,1.0
201800018439,0018-08-11 18:26:00,18,8,11,18,26,760,248,Départementale 928,49.57978,1.27602,Plein jour,Hors agglomération,Hors intersection,Normale,Autre collision,,,,,,,,,,,1,1,1,1.0,6.0
201800018440,0018-10-12 13:50:00,18,10,12,13,50,760,591,"rd 91 , lieu dit de QUIE",49.44643,1.20787,Plein jour,En agglomération,Autre intersection,Normale,Deux véhicules - frontale,,,,,,,,,,,1,2,9,1.0,1.0
201800018441,0018-11-02 14:55:00,18,11,2,14,55,760,591,intersection rue de la b,49.44687,1.20322,Plein jour,Hors agglomération,Intersection en T,Normale,Trois véhicules et plus - collisions multiples,,,,,,,,,,,1,1,3,1.0,5.0
201800018442,0018-11-30 10:30:00,18,11,30,10,30,760,740,rue de la cazerie,49.51536,1.2309,Plein jour,Hors agglomération,Hors intersection,Normale,Autre collision,,,,,,,,,,,1,1,1,1.0,6.0
201800018443,0018-12-02 14:26:00,18,12,2,14,26,760,111,D 43,49.44029,1.25341,Plein jour,Hors agglomération,Hors intersection,Pluie légère,Sans collision,,,,,,,,,,,1,1,1,2.0,7.0
201800018444,0018-01-16 18:00:00,18,1,16,18,0,760,482,Route départementale 55,49.88282,1.03863,Nuit sans éclairage public,Hors agglomération,Hors intersection,Pluie légère,Deux véhicules - frontale,,,,,,,,,,,3,1,1,2.0,1.0
201800018445,0018-01-17 13:30:00,18,1,17,13,30,760,334,intersection RD27 et rue,49.83544,0.9201,Plein jour,Hors agglomération,Intersection en T,Normale,Deux véhicules - côté,,,,,,,,,,,1,1,3,1.0,3.0
201800018446,0018-02-04 19:40:00,18,2,4,19,40,760,482,route départementale 70,49.85223,1.02288,Nuit sans éclairage public,Hors agglomération,Hors intersection,Normale,Sans collision,,,,,,,,,,,3,1,1,1.0,7.0
201800018447,0018-03-01 18:55:00,18,3,1,18,55,760,85,Route départementale 308,49.82081,1.03347,Nuit sans éclairage public,Hors agglomération,Hors intersection,Pluie légère,Autre collision,,,,,,,,,,,3,1,1,2.0,6.0
201800018448,0018-05-04 15:30:00,18,5,4,15,30,760,85,route de bertreville,49.81563,1.03584,Plein jour,Hors agglomération,Hors intersection,Normale,Deux véhicules - côté,,,,,,,,,,,1,1,1,1.0,3.0
201800018449,0018-07-03 15:20:00,18,7,3,15,20,760,356,D123,49.8187,0.99354,Plein jour,Hors agglomération,Hors intersection,Normale,Deux véhicules - côté,,,,,,,,,,,1,1,1,1.0,3.0
201800018450,0018-07-07 04:10:00,18,7,7,4,10,760,720,RD75 - Pk 58+320,49.90361,0.99616,Nuit sans éclairage public,En agglomération,Hors intersection,Normale,Autre collision,,,,,,,,,,,3,2,1,1.0,6.0
201800018451,0018-07-14 00:30:00,18,7,14,0,30,760,36,rd 55,49.8422,1.03723,Nuit sans éclairage public,Hors agglomération,Hors intersection,Normale,Sans collision,,,,,,,,,,,3,1,1,1.0,7.0
201800018452,0018-10-10 18:15:00,18,10,10,18,15,760,570,D149,49.78258,1.10948,Plein jour,Hors agglomération,Hors intersection,Normale,Autre collision,,,,,,,,,,,1,1,1,1.0,6.0
201800018453,0018-01-14 16:45:00,18,1,14,16,45,760,18,route de saint sulpice,49.68552,0.98418,Crépuscule ou aube,Hors agglomération,Hors intersection,Normale,Sans collision,,,,,,,,,,,2,1,1,1.0,7.0
201800018454,0018-02-03 16:50:00,18,2,3,16,50,760,138,D929,49.67009,1.17306,Plein jour,Hors agglomération,Intersection en X,Pluie légère,Deux véhicules - côté,,,,,,,,,,,1,1,2,2.0,3.0
201800018455,0018-03-25 04:15:00,18,3,25,4,15,760,126,RD 118,49.66416,1.34334,Nuit sans éclairage public,Hors agglomération,Hors intersection,Normale,Sans collision,,,,,,,,,,,3,1,1,1.0,7.0
201800018456,0018-05-05 17:40:00,18,5,5,17,40,760,138,Intersection RD 151 - Ru,49.65877,1.18182,Plein jour,Hors agglomération,Intersection en X,Temps éblouissant,Deux véhicules - frontale,,,,,,,,,,,1,1,2,7.0,1.0
201800018457,0018-06-25 07:50:00,18,6,25,7,50,760,72,route de st vaast du val,49.69984,0.99457,Plein jour,En agglomération,Intersection en T,Temps éblouissant,Deux véhicules - côté,,,,,,,,,,,1,2,3,7.0,3.0
201800018458,0018-08-14 23:50:00,18,8,14,23,50,760,63,D23,49.7355,1.0099,Nuit sans éclairage public,Hors agglomération,Hors intersection,Normale,Sans collision,,,,,,,,,,,3,1,1,1.0,7.0
201800018459,0018-09-29 11:45:00,18,9,29,11,45,760,125,allée des fleurs,49.62901,1.17801,Plein jour,En agglomération,Intersection en X,Normale,Deux véhicules - côté,,,,,,,,,,,1,2,2,1.0,3.0
201800018460,0018-12-29 14:43:00,18,12,29,14,43,760,18,D2,49.69876,0.96862,Plein jour,Hors agglomération,Hors intersection,Normale,Autre collision,,,,,,,,,,,1,1,1,1.0,6.0
201800018461,0018-12-30 12:50:00,18,12,30,12,50,760,648,D929,49.66898,1.2826,Plein jour,Hors agglomération,Hors intersection,Pluie légère,Deux véhicules - frontale,,,,,,,,,,,1,1,1,2.0,1.0
201800018462,0018-01-03 16:50:00,18,1,3,16,50,760,281,LA GRANDE RUE,49.52678,0.5891,Plein jour,Hors agglomération,Hors intersection,Normale,Autre collision,,,,,,,,,,,1,1,1,1.0,6.0
201800018463,0018-01-20 14:03:00,18,1,20,14,3,760,421,RD 6015 - PR 74 + 709,49.55484,0.42695,Plein jour,Hors agglomération,Hors intersection,Normale,Trois véhicules et plus - en chaîne,,,,,,,,,,,1,1,1,1.0,4.0
201800018464,0018-02-24 15:15:00,18,2,24,15,15,760,421,"lieu-dit ""Le Château""",49.55479,0.4248,Plein jour,Hors agglomération,Hors intersection,Normale,Deux véhicules - frontale,,,,,,,,,,,1,1,1,1.0,1.0
201800018465,0018-04-18 19:10:00,18,4,18,19,10,760,90,route de saint jean,49.59334,0.41788,Plein jour,En agglomération,Intersection en X,Normale,Deux véhicules - côté,,,,,,,,,,,1,2,2,1.0,3.0
201800018466,0018-04-25 17:55:00,18,4,25,17,55,760,622,D81,49.4781,0.61239,Plein jour,Hors agglomération,Intersection en Y,Normale,Deux véhicules - frontale,,,,,,,,,,,1,1,4,1.0,1.0
201800018467,0018-05-11 01:15:00,18,5,11,1,15,760,715,D34,49.56845,0.5932,Nuit sans éclairage public,En agglomération,Hors intersection,Normale,Autre collision,,,,,,,,,,,3,2,1,1.0,6.0
201800018468,0018-05-17 15:50:00,18,5,17,15,50,760,592,route zone industrielle,49.49521,0.48428,Plein jour,Hors agglomération,Hors intersection,Normale,Deux véhicules - frontale,,,,,,,,,,,1,1,1,1.0,1.0
201800018469,0018-05-19 08:30:00,18,5,19,8,30,760,80,D240,49.64471,0.6382,Plein jour,Hors agglomération,Intersection en X,Normale,Deux véhicules - côté,,,,,,,,,,,1,1,2,1.0,3.0
201800018470,0018-05-28 11:10:00,18,5,28,11,10,760,593,route de saint jean- ham,49.57846,0.42007,Plein jour,En agglomération,Hors intersection,Normale,Deux véhicules - frontale,,,,,,,,,,,1,2,1,1.0,1.0
201800018471,0018-06-03 22:40:00,18,6,3,22,40,760,80,Croisement D29-RD 926,49.64185,0.6359,Nuit sans éclairage public,Hors agglomération,Intersection en X,Normale,Deux véhicules - côté,,,,,,,,,,,3,1,2,1.0,3.0
201800018472,0018-07-01 15:00:00,18,7,1,15,0,760,2,route de la chapelle,49.61758,0.63561,Plein jour,En agglomération,Intersection en X,Normale,Deux véhicules - côté,,,,,,,,,,,1,2,2,1.0,3.0
201800018473,0018-07-08 02:00:00,18,7,8,2,0,760,499,"D281, grand rue",49.4639,0.58167,Nuit sans éclairage public,En agglomération,Hors intersection,Normale,Sans collision,,,,,,,,,,,3,2,1,1.0,7.0
201800018474,0018-07-15 05:20:00,18,7,15,5,20,760,90,CD 910,49.5885,0.433,Crépuscule ou aube,Hors agglomération,Hors intersection,Normale,Deux véhicules - côté,,,,,,,,,,,2,1,1,1.0,3.0
201800018475,0018-09-27 17:00:00,18,9,27,17,0,760,518,D30,49.58992,0.51215,Plein jour,Hors agglomération,Hors intersection,Normale,Deux véhicules - frontale,,,,,,,,,,,1,1,1,1.0,1.0
201800018476,0018-10-06 16:57:00,18,10,6,16,57,760,2,cd 6015,49.6052,0.63505,Plein jour,En agglomération,Intersection en T,Normale,Deux véhicules - frontale,,,,,,,,,,,1,2,3,1.0,1.0
201800018477,0018-01-08 17:55:00,18,1,8,17,55,760,527,départementale 920,49.82048,1.62801,Nuit sans éclairage public,Hors agglomération,Intersection en X,Normale,Deux véhicules - côté,,,,,,,,,,,3,1,2,1.0,3.0
201800018478,0018-01-27 20:50:00,18,1,27,20,50,760,233,CD 49 - lieu dit Val à l,49.79913,1.74112,Nuit sans éclairage public,Hors agglomération,Hors intersection,Pluie légère,Deux véhicules - côté,,,,,,,,,,,3,1,1,2.0,3.0
201800018479,0018-02-23 12:20:00,18,2,23,12,20,760,101,route de NEUFCHATEL,49.92682,1.62837,Plein jour,En agglomération,Hors intersection,Normale,Autre collision,,,,,,,,,,,1,2,1,1.0,6.0
201800018480,0018-09-16 00:01:00,18,9,16,0,1,760,363,4 rue de la gare - hamea,49.88236,1.70953,Nuit sans éclairage public,En agglomération,Hors intersection,Normale,Autre collision,,,,,,,,,,,3,2,1,1.0,6.0
201800018481,0018-10-26 17:29:00,18,10,26,17,29,760,101,Rue des étangs,49.93105,1.63572,Plein jour,En agglomération,Giratoire,Pluie légère,Autre collision,,,,,,,,,,,1,2,6,2.0,6.0
201800018482,0018-11-24 17:45:00,18,11,24,17,45,760,520,15 grande rue,49.85389,1.61851,Nuit avec éclairage allumé,En agglomération,Hors intersection,Temps couvert,Deux véhicules - côté,,,,,,,,,,,5,2,1,8.0,3.0
201800018483,0018-12-04 09:40:00,18,12,4,9,40,760,441,Intersection RD49 et RD4,49.93726,1.59689,Plein jour,Hors agglomération,Intersection en T,Normale,Trois véhicules et plus - collisions multiples,,,,,,,,,,,1,1,3,1.0,5.0
201800018484,0018-02-06 15:50:00,18,2,6,15,50,760,312,boulevard montmorency,49.48329,1.72208,Plein jour,En agglomération,Intersection en Y,Normale,Autre collision,,,,,,,,,,,1,2,4,1.0,6.0
201800018485,0018-03-27 21:30:00,18,3,27,21,30,760,260,RN 31,49.481,1.73773,Nuit avec éclairage allumé,En agglomération,Giratoire,Normale,Deux véhicules - frontale,,,,,,,,,,,5,2,6,1.0,1.0
201800018486,0018-06-16 18:10:00,18,6,16,18,10,760,209,D915,49.51691,1.65421,Plein jour,Hors agglomération,Hors intersection,Normale,Deux véhicules - côté,,,,,,,,,,,1,1,1,1.0,3.0
201800018487,0018-08-19 13:20:00,18,8,19,13,20,760,208,D915,49.50312,1.67357,Plein jour,Hors agglomération,Hors intersection,Normale,Deux véhicules - côté,,,,,,,,,,,1,1,1,1.0,3.0
201800018488,0018-09-22 09:25:00,18,9,22,9,25,760,67,Route des livrées,49.48009,1.54419,Plein jour,Hors agglomération,Autre intersection,Normale,Sans collision,,,,,,,,,,,1,1,9,1.0,7.0
201800018489,0018-11-09 16:00:00,18,11,9,16,0,760,260,D930,49.49309,1.76265,Plein jour,Hors agglomération,Hors intersection,Normale,Autre collision,,,,,,,,,,,1,1,1,1.0,6.0
201800018490,0018-03-19 13:00:00,18,3,19,13,0,760,709,Rue maréchal Foch,49.4808,0.8094,Plein jour,En agglomération,Hors intersection,Normale,Autre collision,,,,,,,,,,,1,2,1,1.0,6.0
201800018491,0018-03-21 10:45:00,18,3,21,10,45,760,728,CD 1043,49.47319,1.02553,Plein jour,Hors agglomération,Hors intersection,Normale,Deux véhicules - côté,,,,,,,,,,,1,1,1,1.0,3.0
201800018492,0018-03-22 16:00:00,18,3,22,16,0,760,378,route du conihout,49.42689,0.81675,Plein jour,Hors agglomération,Hors intersection,Normale,Autre collision,,,,,,,,,,,1,1,1,1.0,6.0
201800018493,0018-05-26 14:00:00,18,5,26,14,0,760,634,57 route de sahurs,49.3848,0.93131,Plein jour,En agglomération,Giratoire,Normale,Deux véhicules - côté,,,,,,,,,,,1,2,6,1.0,3.0
201800018494,0018-05-27 03:30:00,18,5,27,3,30,760,354,CD982,49.47464,0.94672,Nuit sans éclairage public,Hors agglomération,Hors intersection,Normale,Autre collision,,,,,,,,,,,3,1,1,1.0,6.0
201800018495,0018-05-31 12:30:00,18,5,31,12,30,760,354,230 route de Duclair,49.46542,0.95355,Plein jour,Hors agglomération,Hors intersection,Normale,Deux véhicules - côté,,,,,,,,,,,1,1,1,1.0,3.0
201800018496,0018-07-01 18:15:00,18,7,1,18,15,760,56,route de duclair,49.43008,0.92517,Plein jour,Hors agglomération,Hors intersection,Normale,Deux véhicules - frontale,,,,,,,,,,,1,1,1,1.0,1.0
201800018497,0018-08-03 19:05:00,18,8,3,19,5,760,541,CD43 - CD47,49.49906,0.98122,Plein jour,Hors agglomération,Intersection en T,Normale,Deux véhicules - côté,,,,,,,,,,,1,1,3,1.0,3.0
201800018498,0018-08-04 16:25:00,18,8,4,16,25,760,541,chemin du grand melmont,49.49316,0.952,Plein jour,Hors agglomération,Hors intersection,Normale,Autre collision,,,,,,,,,,,1,1,1,1.0,6.0
201800018499,0018-11-20 12:10:00,18,11,20,12,10,760,594,route du havre CD 6015,49.50364,1.0037,Plein jour,Hors agglomération,Hors intersection,Pluie légère,Trois véhicules et plus - en chaîne,,,,,,,,,,,1,1,1,2.0,4.0
201800018500,0018-12-08 05:50:00,18,12,8,5,50,760,709,RUE CLÉMENCEAU,49.4899,0.80242,Nuit avec éclairage allumé,En agglomération,Hors intersection,Pluie forte,Deux véhicules - frontale,,,,,,,,,,,5,2,1,3.0,1.0
201800018501,0018-12-31 19:45:00,18,12,31,19,45,760,219,D20,49.71003,0.7997,Nuit sans éclairage public,Hors agglomération,Intersection en X,Normale,Deux véhicules - côté,,,,,,,,,,,3,1,2,1.0,3.0
201800018502,0018-01-17 15:30:00,18,1,17,15,30,760,752,avenue Charles de Gaulle,49.66444,0.88768,Plein jour,En agglomération,Hors intersection,Normale,Deux véhicules - côté,,,,,,,,,,,1,2,1,1.0,3.0
201800018503,0018-01-22 07:55:00,18,1,22,7,55,760,132,cd 929,49.6712,0.93919,Crépuscule ou aube,Hors agglomération,Hors intersection,Pluie forte,Deux véhicules - frontale,,,,,,,,,,,2,1,1,3.0,1.0
201800018504,0018-05-11 19:00:00,18,5,11,19,0,760,692,Intersection RD5 avec RD,49.69389,0.62902,Plein jour,Hors agglomération,Intersection en X,Normale,Deux véhicules - côté,,,,,,,,,,,1,1,2,1.0,3.0
201800018505,0018-06-04 17:25:00,18,6,4,17,25,760,161,cd 149,49.71158,0.72137,Plein jour,Hors agglomération,Hors intersection,Normale,Deux véhicules - frontale,,,,,,,,,,,1,1,1,1.0,1.0
201800018506,0018-07-08 19:15:00,18,7,8,19,15,760,346,Départementale 20,49.76551,0.75541,Plein jour,Hors agglomération,Intersection en X,Normale,Trois véhicules et plus - collisions multiples,,,,,,,,,,,1,1,2,1.0,5.0
201800018507,0018-08-26 00:20:00,18,8,26,0,20,760,228,RD 336,49.64383,0.8093,Nuit sans éclairage public,Hors agglomération,Hors intersection,Normale,Autre collision,,,,,,,,,,,3,1,1,1.0,6.0
201800018508,0018-09-04 15:50:00,18,9,4,15,50,760,752,route de tôtes D929,49.66998,0.90379,Plein jour,En agglomération,Hors intersection,Pluie légère,Deux véhicules - arrière,,,,,,,,,,,1,2,1,2.0,2.0
201800018509,0018-09-13 01:00:00,18,9,13,1,0,760,219,CD 20,49.7093,0.80058,Nuit sans éclairage public,Hors agglomération,Hors intersection,Normale,Sans collision,,,,,,,,,,,3,1,1,1.0,7.0
201800018510,0018-09-12 16:45:00,18,9,12,16,45,760,346,D 20,49.76181,0.77196,Plein jour,Hors agglomération,Intersection en X,Normale,Deux véhicules - côté,,,,,,,,,,,1,1,2,1.0,3.0
201800018511,0018-10-10 17:35:00,18,10,10,17,35,760,10,D103,49.6543,0.9591,Plein jour,Hors agglomération,Intersection en X,Normale,Deux véhicules - côté,,,,,,,,,,,1,1,2,1.0,3.0
201800018512,0018-10-17 07:45:00,18,10,17,7,45,760,158,Carrefour D 89 D 107,49.77007,0.84089,Crépuscule ou aube,En agglomération,Intersection en X,Brouillard / fumée,Deux véhicules - frontale,,,,,,,,,,,2,2,2,5.0,1.0
201800018513,0018-12-20 21:15:00,18,12,20,21,15,760,752,D929,49.66761,0.89563,Nuit avec éclairage allumé,En agglomération,Intersection à plus de 4 branches,Normale,Deux véhicules - côté,,,,,,,,,,,5,2,5,1.0,3.0
201800018514,0018-02-17 19:10:00,18,2,17,19,10,760,68,INTERSECTION D926 RUE DE,49.71543,0.46321,Nuit sans éclairage public,Hors agglomération,Intersection en T,Normale,Deux véhicules - côté,,,,,,,,,,,3,1,3,1.0,3.0
201800018515,0018-04-11 15:40:00,18,4,11,15,40,760,615,RD32,49.60784,0.20793,Plein jour,Hors agglomération,Intersection en Y,Normale,Deux véhicules - côté,,,,,,,,,,,1,1,4,1.0,3.0
201800018516,0018-04-11 08:40:00,18,4,11,8,40,760,196,rue d'Hareauville,49.64677,0.26981,Plein jour,En agglomération,Intersection en T,Normale,Autre collision,,,,,,,,,,,1,2,3,1.0,6.0
201800018517,0018-06-23 12:46:00,18,6,23,12,46,760,595,Cote Cap d'Antifer,49.64964,0.1561,Plein jour,Hors agglomération,Hors intersection,Normale,Sans collision,,,,,,,,,,,1,1,1,1.0,7.0
201800018518,0018-07-02 17:10:00,18,7,2,17,10,760,33,cd 925,49.682,0.3616,Plein jour,Hors agglomération,Hors intersection,Normale,Deux véhicules - arrière,,,,,,,,,,,1,1,1,1.0,2.0
201800018519,0018-07-15 23:50:00,18,7,15,23,50,760,508,Route du HAVRE,49.67042,0.19553,Nuit sans éclairage public,Hors agglomération,Intersection en X,Normale,Deux véhicules - arrière,,,,,,,,,,,3,1,2,1.0,2.0
201800018520,0018-08-14 08:20:00,18,8,14,8,20,760,695,Route de la Flamme Olymp,49.66711,0.49844,Plein jour,En agglomération,Intersection en X,Normale,Deux véhicules - côté,,,,,,,,,,,1,2,2,1.0,3.0
201800018521,0018-08-20 09:40:00,18,8,20,9,40,760,693,route du HAVRE,49.68308,0.20213,Plein jour,En agglomération,Intersection en Y,Normale,Deux véhicules - côté,,,,,,,,,,,1,2,4,1.0,3.0
201800018522,0018-08-27 11:15:00,18,8,27,11,15,760,317,D 10,49.65704,0.40905,Plein jour,Hors agglomération,Hors intersection,Normale,Sans collision,,,,,,,,,,,1,1,1,1.0,7.0
201800018523,0018-09-04 10:05:00,18,9,4,10,5,760,734,d925,49.5955,0.26705,Plein jour,Hors agglomération,Autre intersection,Temps couvert,Deux véhicules - côté,,,,,,,,,,,1,1,9,8.0,3.0
201800018524,0018-10-11 12:35:00,18,10,11,12,35,760,595,1 chemin des échos,49.65409,0.17485,Plein jour,Hors agglomération,Hors intersection,Normale,Autre collision,,,,,,,,,,,1,1,1,1.0,6.0
201800018525,0018-10-26 21:30:00,18,10,26,21,30,760,734,route de Blesimare,49.59663,0.28385,Nuit sans éclairage public,Hors agglomération,Hors intersection,Normale,Deux véhicules - frontale,,,,,,,,,,,3,1,1,1.0,1.0
201800018526,0018-11-03 15:10:00,18,11,3,15,10,760,508,RD 940 - RD32,49.6668,0.19526,Plein jour,Hors agglomération,Intersection en X,Temps éblouissant,Deux véhicules - frontale,,,,,,,,,,,1,1,2,7.0,1.0
201800018527,0018-11-26 08:00:00,18,11,26,8,0,760,307,1 rue Léon delaquerrière,49.6364,0.22291,Crépuscule ou aube,En agglomération,Intersection en X,Normale,Deux véhicules - côté,,,,,,,,,,,2,2,2,1.0,3.0
201800018528,0018-12-10 17:50:00,18,12,10,17,50,760,595,RD 940,49.64407,0.18896,Nuit sans éclairage public,Hors agglomération,Hors intersection,Normale,Deux véhicules - arrière,,,,,,,,,,,3,1,1,1.0,2.0
201800018529,0018-12-10 17:30:00,18,12,10,17,30,760,595,route d'Etretat,49.64072,0.18721,Nuit sans éclairage public,Hors agglomération,Hors intersection,Normale,Deux véhicules - arrière,,,,,,,,,,,3,1,1,1.0,2.0
201800018530,0018-12-18 09:30:00,18,12,18,9,30,760,33,Cd 925,49.6803,0.36141,Plein jour,Hors agglomération,Hors intersection,Normale,Deux véhicules - côté,,,,,,,,,,,1,1,1,1.0,3.0
201800018531,0018-12-26 11:10:00,18,12,26,11,10,760,143,CD 925,49.6707,0.36028,Plein jour,Hors agglomération,Hors intersection,Normale,Deux véhicules - frontale,,,,,,,,,,,1,1,1,1.0,1.0
201800018532,0018-01-04 18:00:00,18,1,4,18,0,760,655,av de la 51eme highl,49.8627,0.70576,Nuit avec éclairage allumé,En agglomération,Intersection en X,Normale,Deux véhicules - côté,,,,,,,,,,,5,2,2,1.0,3.0
201800018533,0018-05-06 16:30:00,18,5,6,16,30,760,683,d68,49.87939,0.82262,Plein jour,Hors agglomération,Intersection en Y,Normale,Trois véhicules et plus - collisions multiples,,,,,,,,,,,1,1,4,1.0,5.0
201800018534,0018-06-08 07:50:00,18,6,8,7,50,760,241,Route du calvaire (D37),49.79818,0.78685,Plein jour,En agglomération,Intersection en X,Brouillard / fumée,Deux véhicules - côté,,,,,,,,,,,1,2,2,5.0,3.0
201800018535,0018-07-14 00:25:00,18,7,14,0,25,760,488,D 925,49.78191,0.58384,Nuit sans éclairage public,Hors agglomération,Intersection en X,Normale,Deux véhicules - côté,,,,,,,,,,,3,1,2,1.0,3.0
201800018536,0018-08-14 19:30:00,18,8,14,19,30,760,504,Intersection de la D20 e,49.80826,0.75267,Plein jour,Hors agglomération,Intersection en X,Normale,Deux véhicules - côté,,,,,,,,,,,1,1,2,1.0,3.0
201800018537,0018-08-25 15:15:00,18,8,25,15,15,760,569,CD20,49.79524,0.76164,Plein jour,Hors agglomération,Hors intersection,Normale,Deux véhicules - frontale,,,,,,,,,,,1,1,1,1.0,1.0
201800018538,0018-09-01 03:15:00,18,9,1,3,15,760,159,D88,49.77464,0.65009,Nuit sans éclairage public,En agglomération,Hors intersection,Normale,Deux véhicules - frontale,,,,,,,,,,,3,2,1,1.0,1.0
201800018539,0018-09-16 03:30:00,18,9,16,3,30,760,655,avenue d'écosse,49.86069,0.72348,Nuit avec éclairage allumé,En agglomération,Hors intersection,Normale,Sans collision,,,,,,,,,,,5,2,1,1.0,7.0
201800018540,0018-10-14 17:00:00,18,10,14,17,0,760,159,route de fécamp,49.78551,0.62922,Plein jour,En agglomération,Hors intersection,Temps couvert,Autre collision,,,,,,,,,,,1,2,1,8.0,6.0
201800018541,0018-11-04 02:30:00,18,11,4,2,30,760,353,rue de l'église,49.77705,0.80384,Nuit avec éclairage allumé,En agglomération,Intersection en X,Normale,Deux véhicules - frontale,,,,,,,,,,,5,2,2,1.0,1.0
201800018542,0018-11-19 17:30:00,18,11,19,17,30,760,655,D925,49.8634,0.73949,Crépuscule ou aube,Hors agglomération,Hors intersection,Normale,Deux véhicules - frontale,,,,,,,,,,,2,1,1,1.0,1.0
201800018543,0018-05-05 15:15:00,18,5,5,15,15,760,529,CD 150,49.72914,0.57248,Plein jour,Hors agglomération,Intersection en X,Normale,Trois véhicules et plus - collisions multiples,,,,,,,,,,,1,1,2,1.0,5.0
201800018544,0018-07-15 20:40:00,18,7,15,20,40,760,670,route de Cany CD925,49.76819,0.42152,Plein jour,En agglomération,Hors intersection,Normale,Sans collision,,,,,,,,,,,1,2,1,1.0,7.0
201800018545,0018-08-25 11:15:00,18,8,25,11,15,760,240,4 hameau la grande mare,49.69734,0.36856,Plein jour,Hors agglomération,Hors intersection,Normale,Autre collision,,,,,,,,,,,1,1,1,1.0,6.0
201800018546,0018-10-27 09:35:00,18,10,27,9,35,760,708,route de rouen,49.73987,0.41752,Crépuscule ou aube,En agglomération,Hors intersection,Pluie légère,Sans collision,,,,,,,,,,,2,2,1,2.0,7.0
201800018547,0018-02-04 17:00:00,18,2,4,17,0,670,436,route du Hantz - RD 424,48.40027,7.12053,Crépuscule ou aube,Hors agglomération,Hors intersection,Neige / grêle,Autre collision,,,,,,,,,,,2,1,1,4.0,6.0
201800018548,0018-03-02 16:08:00,18,3,2,16,8,670,377,D1420 - PR13+800,48.42781,7.18366,Plein jour,Hors agglomération,Hors intersection,Neige / grêle,Deux véhicules - frontale,,,,,,,,,,,1,1,1,4.0,1.0
201800018549,0018-06-16 15:15:00,18,6,16,15,15,670,26,RD 214 - PR 20 + 367,48.39932,7.21926,Plein jour,Hors agglomération,Hors intersection,Normale,Autre collision,,,,,,,,,,,1,1,1,1.0,6.0
201800018550,0018-06-17 10:20:00,18,6,17,10,20,670,325,,48.53583,7.3504,Plein jour,Hors agglomération,Hors intersection,Normale,Deux véhicules - côté,,,,,,,,,,,1,1,1,1.0,3.0
201800018551,0018-08-15 16:00:00,18,8,15,16,0,670,314,RD130 PR 11+200,48.44715,7.28063,Plein jour,Hors agglomération,Hors intersection,Normale,Sans collision,,,,,,,,,,,1,1,1,1.0,7.0
201800018552,0018-08-22 09:25:00,18,8,22,9,25,670,377,D196,48.42359,7.15299,Plein jour,Hors agglomération,Hors intersection,Normale,Autre collision,,,,,,,,,,,1,1,1,1.0,6.0
201800018553,0018-10-20 12:20:00,18,10,20,12,20,670,384,D 214,48.36743,7.20721,Plein jour,Hors agglomération,Hors intersection,Normale,Deux véhicules - frontale,,,,,,,,,,,1,1,1,1.0,1.0
201800018554,0018-04-27 15:35:00,18,4,27,15,35,670,234,RD1061,48.9584,7.0534,Plein jour,Hors agglomération,Autre intersection,Normale,Deux véhicules - côté,,,,,,,,,,,1,1,9,1.0,3.0
201800018555,0018-05-05 12:35:00,18,5,5,12,35,670,2,intersection D9 et D182,48.90693,7.1881,Plein jour,Hors agglomération,Intersection en T,Temps éblouissant,Deux véhicules - frontale,,,,,,,,,,,1,1,3,7.0,1.0
201800018556,0018-06-08 11:45:00,18,6,8,11,45,670,105,bretelle d'accès Nord de,48.86308,7.18297,Plein jour,Hors agglomération,Intersection en Y,Temps éblouissant,Sans collision,,,,,,,,,,,1,1,4,7.0,7.0
201800018557,0018-06-08 16:34:00,18,6,8,16,34,670,434,ROUTE DE SARREBOURG,48.933,7.08918,Plein jour,En agglomération,Intersection en T,Normale,Deux véhicules - frontale,,,,,,,,,,,1,2,3,1.0,1.0
201800018558,0018-06-08 21:51:00,18,6,8,21,51,670,134,RD655,48.85464,7.12514,Crépuscule ou aube,Hors agglomération,Hors intersection,Temps éblouissant,Autre collision,,,,,,,,,,,2,1,1,7.0,6.0