accident_id,datetime,annee,mois,jour,heure,minute,departement,commune_insee,adresse,latitude,longitude,luminosite,agglomeration,intersection,meteo,collision,nb_vehicules,nb_usagers,nb_indemnes,nb_tues,nb_blesses_hosp,nb_blesses_legers,age_cond_1,age_cond_2,veh_type_cond_1,veh_type_cond_2,lum_code,agg_code,int_code,atm_code,col_code
201800018559,0018-06-13 22:50:00,18,6,13,22,50,670,434,Place de la République,48.93912,7.0868,Nuit avec éclairage allumé,En agglomération,Intersection en X,Normale,Deux véhicules - frontale,,,,,,,,,,,5,2,2,1.0,1.0
201800018560,0018-06-19 19:11:00,18,6,19,19,11,670,105,"8 Allée des Hêtres, Chem",48.87069,7.19361,Plein jour,En agglomération,Intersection en T,Autre,Deux véhicules - côté,,,,,,,,,,,1,2,3,9.0,3.0
201800018561,0018-07-03 21:00:00,18,7,3,21,0,670,234,rue de la Libération,48.98422,7.04546,Plein jour,Hors agglomération,Hors intersection,Normale,Deux véhicules - frontale,,,,,,,,,,,1,1,1,1.0,1.0
201800018562,0018-08-14 14:00:00,18,8,14,14,0,670,95,60 Grand rue,48.93995,7.18695,Plein jour,En agglomération,Hors intersection,Normale,Autre collision,,,,,,,,,,,1,2,1,1.0,6.0
201800018563,0018-09-15 18:30:00,18,9,15,18,30,670,234,118 RUE DE LIBERATION,48.97675,7.04611,Crépuscule ou aube,En agglomération,Intersection en T,Normale,Deux véhicules - côté,,,,,,,,,,,2,2,3,1.0,3.0
201800018564,0018-09-26 07:27:00,18,9,26,7,27,670,434,D638,48.94684,7.12232,Plein jour,Hors agglomération,Hors intersection,Normale,Sans collision,,,,,,,,,,,1,1,1,1.0,7.0
201800018565,0018-10-16 18:35:00,18,10,16,18,35,670,99,D8,48.94951,7.14113,Crépuscule ou aube,Hors agglomération,Hors intersection,Normale,Deux véhicules - côté,,,,,,,,,,,2,1,1,1.0,3.0
201800018566,0018-10-20 14:45:00,18,10,20,14,45,670,355,route de kalhausen,49.00303,7.14155,Plein jour,Hors agglomération,Hors intersection,Temps éblouissant,Autre collision,,,,,,,,,,,1,1,1,7.0,6.0
201800018567,0018-11-12 17:00:00,18,11,12,17,0,670,528,D 40,48.85438,7.15733,Crépuscule ou aube,Hors agglomération,Intersection en T,Normale,Deux véhicules - arrière,,,,,,,,,,,2,1,3,1.0,2.0
201800018568,0018-12-02 18:00:00,18,12,2,18,0,670,70,chemin communale goudron,48.91463,7.0948,Nuit sans éclairage public,Hors agglomération,Hors intersection,Pluie forte,Autre collision,,,,,,,,,,,3,1,1,3.0,6.0
201800018569,0018-12-10 15:36:00,18,12,10,15,36,670,274,D8,48.96051,7.18702,Plein jour,Hors agglomération,Hors intersection,Pluie légère,Sans collision,,,,,,,,,,,1,1,1,2.0,7.0
201800018570,0018-02-14 17:00:00,18,2,14,17,0,670,281,rue de la chapelle,48.15868,7.54337,Plein jour,En agglomération,Giratoire,Normale,Deux véhicules - côté,,,,,,,,,,,1,2,6,1.0,3.0
201800018571,0018-03-06 08:25:00,18,3,6,8,25,670,196,D211,48.28986,7.57159,Plein jour,Hors agglomération,Hors intersection,Normale,Autre collision,,,,,,,,,,,1,1,1,1.0,6.0
201800018572,0018-04-09 16:45:00,18,4,9,16,45,670,196,,48.30154,7.58048,Plein jour,Hors agglomération,Hors intersection,Normale,Autre collision,,,,,,,,,,,1,1,1,1.0,6.0
201800018573,0018-06-03 16:06:00,18,6,3,16,6,670,547,rue de Muttersholtz,48.26494,7.57719,Plein jour,En agglomération,Hors intersection,Normale,Deux véhicules - frontale,,,,,,,,,,,1,2,1,1.0,1.0
201800018574,0018-07-24 05:22:00,18,7,24,5,22,670,19,33 rue de Sélestat,48.24124,7.54129,Crépuscule ou aube,En agglomération,Intersection en Y,Normale,Autre collision,,,,,,,,,,,2,2,4,1.0,6.0
201800018575,0018-08-09 17:15:00,18,8,9,17,15,670,398,D468,48.22655,7.59628,Plein jour,Hors agglomération,Hors intersection,Normale,Deux véhicules - côté,,,,,,,,,,,1,1,1,1.0,3.0
201800018576,0018-08-21 08:25:00,18,8,21,8,25,670,281,rue d'Ohnenheim,48.16961,7.53762,Plein jour,En agglomération,Giratoire,Temps éblouissant,Deux véhicules - côté,,,,,,,,,,,1,2,6,7.0,3.0
201800018577,0018-10-06 13:45:00,18,10,6,13,45,670,196,Rue de Wittisheim,48.28283,7.57008,Plein jour,Hors agglomération,Hors intersection,Normale,Deux véhicules - arrière,,,,,,,,,,,1,1,1,1.0,2.0
201800018578,0018-10-08 17:55:00,18,10,8,17,55,670,486,rue du maire gruber,48.25166,7.60423,Plein jour,En agglomération,Hors intersection,Normale,Autre collision,,,,,,,,,,,1,2,1,1.0,6.0
201800018579,0018-11-13 18:30:00,18,11,13,18,30,670,277,CD 424 - PK 44 + 650,48.18072,7.60998,Nuit sans éclairage public,Hors agglomération,Hors intersection,Normale,Trois véhicules et plus - en chaîne,,,,,,,,,,,3,1,1,1.0,4.0
201800018580,0018-01-02 10:45:00,18,1,2,10,45,670,443,,48.97361,8.1592,Plein jour,En agglomération,Hors intersection,Normale,Deux véhicules - frontale,,,,,,,,,,,1,2,1,1.0,1.0
201800018581,0018-01-18 18:15:00,18,1,18,18,15,670,315,D248,48.94332,8.10903,Nuit sans éclairage public,Hors agglomération,Hors intersection,Pluie légère,Autre collision,,,,,,,,,,,3,1,1,2.0,6.0
201800018582,0018-04-10 11:30:00,18,4,10,11,30,670,261,26 rue du général Mittel,48.97481,8.17989,Plein jour,En agglomération,Hors intersection,Normale,Deux véhicules - côté,,,,,,,,,,,1,2,1,1.0,3.0
201800018583,0018-07-14 16:30:00,18,7,14,16,30,670,308,Chemin Digue,48.92143,8.16271,Plein jour,Hors agglomération,Hors intersection,Normale,Sans collision,,,,,,,,,,,1,1,1,1.0,7.0
201800018584,0018-08-16 18:45:00,18,8,16,18,45,670,432,53 RUE PRINCIPALE,48.97899,8.06906,Plein jour,En agglomération,Intersection en T,Normale,Deux véhicules - frontale,,,,,,,,,,,1,2,3,1.0,1.0
201800018585,0018-10-23 07:00:00,18,10,23,7,0,670,305,D 248 - PK 07 + 400,48.93998,8.1538,Crépuscule ou aube,Hors agglomération,Hors intersection,Normale,Trois véhicules et plus - collisions multiples,,,,,,,,,,,2,1,1,1.0,5.0
201800018586,0018-11-30 09:35:00,18,11,30,9,35,670,409,,48.83923,8.07667,Plein jour,En agglomération,Giratoire,Pluie légère,Sans collision,,,,,,,,,,,1,2,6,2.0,7.0
201800018587,0018-01-05 22:40:00,18,1,5,22,40,780,291,rd 113,48.95227,1.74056,Nuit avec éclairage allumé,Hors agglomération,Hors intersection,Normale,Deux véhicules - frontale,,,,,,,,,,,5,1,1,1.0,1.0
201800018588,0018-04-18 16:50:00,18,4,18,16,50,780,192,la gressaye,48.91408,1.61885,Plein jour,Hors agglomération,Hors intersection,Normale,Sans collision,,,,,,,,,,,1,1,1,1.0,7.0
201800018589,0018-06-19 10:00:00,18,6,19,10,0,780,281,"RD130, rue des Murets",48.92474,1.78042,Plein jour,Hors agglomération,Intersection en T,Normale,Deux véhicules - côté,,,,,,,,,,,1,1,3,1.0,3.0
201800018590,0018-06-26 16:45:00,18,6,26,16,45,780,281,RD 158,48.92825,1.76916,Plein jour,Hors agglomération,Hors intersection,Normale,Deux véhicules - frontale,,,,,,,,,,,1,1,1,1.0,1.0
201800018591,0018-09-26 18:10:00,18,9,26,18,10,780,192,Rue du tertre,48.92643,1.61072,Plein jour,Hors agglomération,Hors intersection,Normale,Sans collision,,,,,,,,,,,1,1,1,1.0,7.0
201800018592,0018-10-18 00:35:00,18,10,18,0,35,780,104,RUE D'ARNOUVILLE,48.94035,1.72154,Nuit sans éclairage public,Hors agglomération,Hors intersection,Normale,Sans collision,,,,,,,,,,,3,1,1,1.0,7.0
201800018593,0018-03-12 11:25:00,18,3,12,11,25,770,66,N4,48.69095,3.34115,Plein jour,Hors agglomération,Hors intersection,Normale,Trois véhicules et plus - collisions multiples,,,,,,,,,,,1,1,1,1.0,5.0
201800018594,0018-03-12 10:30:00,18,3,12,10,30,770,66,N4 X D71,48.69106,3.34492,Plein jour,Hors agglomération,Intersection en X,Normale,Deux véhicules - côté,,,,,,,,,,,1,1,2,1.0,3.0
201800018595,0018-03-24 14:20:00,18,3,24,14,20,770,134,D204 X D12,48.63528,3.29041,Plein jour,En agglomération,Intersection en X,Normale,Deux véhicules - côté,,,,,,,,,,,1,2,2,1.0,3.0
201800018596,0018-04-01 09:45:00,18,4,1,9,45,770,246,Route départementale 74,48.55584,3.39166,Plein jour,Hors agglomération,Hors intersection,Normale,Autre collision,,,,,,,,,,,1,1,1,1.0,6.0
201800018597,0018-05-11 18:30:00,18,5,11,18,30,770,32,intersection D55 et D75,48.68804,3.24583,Plein jour,Hors agglomération,Intersection en Y,Normale,Deux véhicules - frontale,,,,,,,,,,,1,1,4,1.0,1.0
201800018598,0018-08-03 22:05:00,18,8,3,22,5,770,134,Départementale 204,48.63188,3.29093,Nuit sans éclairage public,Hors agglomération,Hors intersection,Normale,Autre collision,,,,,,,,,,,3,1,1,1.0,6.0
201800018599,0018-08-05 22:45:00,18,8,5,22,45,770,66,RN 4,48.69108,3.34588,Nuit sans éclairage public,Hors agglomération,Hors intersection,Normale,Deux véhicules - frontale,,,,,,,,,,,3,1,1,1.0,1.0
201800018600,0018-09-02 19:50:00,18,9,2,19,50,770,20,RN 4,48.69257,3.19075,Plein jour,Hors agglomération,Hors intersection,Normale,Deux véhicules - frontale,,,,,,,,,,,1,1,1,1.0,1.0
201800018601,0018-09-15 12:15:00,18,9,15,12,15,770,246,Intersection RD78 - RD 2,48.57816,3.36971,Plein jour,Hors agglomération,Intersection en X,Normale,Deux véhicules - côté,,,,,,,,,,,1,1,2,1.0,3.0
201800018602,0018-09-23 11:50:00,18,9,23,11,50,770,32,D55,48.71362,3.2387,Plein jour,Hors agglomération,Hors intersection,Pluie légère,Deux véhicules - frontale,,,,,,,,,,,1,1,1,2.0,1.0
201800018603,0018-09-25 15:50:00,18,9,25,15,50,770,416,D209 X D12,48.59862,3.1041,Plein jour,Hors agglomération,Intersection en X,Normale,Deux véhicules - frontale,,,,,,,,,,,1,1,2,1.0,1.0
201800018604,0018-03-02 15:30:00,18,3,2,15,30,770,289,D619,48.5284,3.40379,Plein jour,Hors agglomération,Hors intersection,Normale,Autre collision,,,,,,,,,,,1,1,1,1.0,6.0
201800018605,0018-04-16 08:05:00,18,4,16,8,5,770,310,D412,48.37593,3.23378,Plein jour,Hors agglomération,Hors intersection,Normale,Deux véhicules - arrière,,,,,,,,,,,1,1,1,1.0,2.0
201800018606,0018-05-01 15:15:00,18,5,1,15,15,770,159,D403,48.47366,3.11914,Plein jour,Hors agglomération,Hors intersection,Normale,Autre collision,,,,,,,,,,,1,1,1,1.0,6.0
201800018607,0018-06-01 19:15:00,18,6,1,19,15,770,208,101 grande rue,48.49088,3.29153,Plein jour,En agglomération,Hors intersection,Pluie légère,Deux véhicules - côté,,,,,,,,,,,1,2,1,2.0,3.0
201800018608,0018-06-24 17:00:00,18,6,24,17,0,770,355,D403,48.48291,3.19127,Plein jour,Hors agglomération,Hors intersection,Normale,Deux véhicules - côté,,,,,,,,,,,1,1,1,1.0,3.0
201800018609,0018-06-28 17:25:00,18,6,28,17,25,770,524,Carrefour D18- D213,48.44975,3.17732,Plein jour,Hors agglomération,Intersection en X,Normale,Deux véhicules - côté,,,,,,,,,,,1,1,2,1.0,3.0
201800018610,0018-08-01 12:45:00,18,8,1,12,45,770,289,Intersection D18 - D18A,48.49761,3.38929,Plein jour,Hors agglomération,Intersection en X,Normale,Deux véhicules - côté,,,,,,,,,,,1,1,2,1.0,3.0
201800018611,0018-09-01 11:19:00,18,9,1,11,19,770,524,D213/D18,48.44974,3.17741,Plein jour,Hors agglomération,Intersection en X,Normale,Deux véhicules - côté,,,,,,,,,,,1,1,2,1.0,3.0
201800018612,0018-10-18 13:20:00,18,10,18,13,20,770,467,RD411,48.38653,3.09203,Plein jour,Hors agglomération,Hors intersection,Normale,Deux véhicules - frontale,,,,,,,,,,,1,1,1,1.0,1.0
201800018613,0018-10-20 15:50:00,18,10,20,15,50,770,355,D403,48.4835,3.18991,Plein jour,Hors agglomération,Hors intersection,Normale,Sans collision,,,,,,,,,,,1,1,1,1.0,7.0
201800018614,0018-12-01 16:30:00,18,12,1,16,30,770,19,D411 X D77,48.39047,3.14938,Plein jour,Hors agglomération,Intersection en X,Pluie forte,Deux véhicules - frontale,,,,,,,,,,,1,1,2,3.0,1.0
201800018615,0018-12-14 00:01:00,18,12,14,0,1,770,311,"RD 403, PK059.000",48.45324,3.07475,Nuit sans éclairage public,Hors agglomération,Hors intersection,Normale,Autre collision,,,,,,,,,,,3,1,1,1.0,6.0
201800018616,0018-12-30 08:08:00,18,12,30,8,8,770,509,D201 X D213,48.48556,3.05063,Crépuscule ou aube,Hors agglomération,Giratoire,Brouillard / fumée,Autre collision,,,,,,,,,,,2,1,6,5.0,6.0
201800018617,0018-01-13 16:30:00,18,1,13,16,30,740,245,,45.97575,6.13748,Plein jour,Hors agglomération,Hors intersection,Normale,Trois véhicules et plus - collisions multiples,,,,,,,,,,,1,1,1,1.0,5.0
201800018618,0018-01-16 20:30:00,18,1,16,20,30,740,11,24 route de thones,45.92506,6.15477,Nuit avec éclairage allumé,En agglomération,Hors intersection,Pluie forte,Deux véhicules - frontale,,,,,,,,,,,5,2,1,3.0,1.0
201800018619,0018-02-15 07:50:00,18,2,15,7,50,740,137,RD 02 - Route de la cail,46.00516,6.15924,Crépuscule ou aube,Hors agglomération,Hors intersection,Neige / grêle,Deux véhicules - frontale,,,,,,,,,,,2,1,1,4.0,1.0
201800018620,0018-04-02 01:00:00,18,4,2,1,0,740,299,28 Route d'ANNECY,45.89216,6.16922,Nuit sans éclairage public,En agglomération,Hors intersection,Normale,Sans collision,,,,,,,,,,,3,2,1,1.0,7.0
201800018621,0018-04-14 02:45:00,18,4,14,2,45,740,120,104 route des sapins sur,46.02402,6.23478,Nuit sans éclairage public,Hors agglomération,Hors intersection,Normale,Autre collision,,,,,,,,,,,3,1,1,1.0,6.0
201800018622,0018-04-18 19:45:00,18,4,18,19,45,740,299,RD 909A,45.87819,6.18084,Plein jour,En agglomération,Intersection en X,Normale,Deux véhicules - côté,,,,,,,,,,,1,2,2,1.0,3.0
201800018623,0018-07-18 06:20:00,18,7,18,6,20,740,137,D2 - route de la caille,46.00369,6.15217,Plein jour,Hors agglomération,Hors intersection,Normale,Sans collision,,,,,,,,,,,1,1,1,1.0,7.0
201800018624,0018-07-20 16:30:00,18,7,20,16,30,740,120,RD 102,46.04878,6.2272,Plein jour,Hors agglomération,Intersection en T,Normale,Deux véhicules - côté,,,,,,,,,,,1,1,3,1.0,3.0
201800018625,0018-07-29 19:49:00,18,7,29,19,49,740,307,D2,45.99999,6.13356,Plein jour,En agglomération,Hors intersection,Normale,Autre collision,,,,,,,,,,,1,2,1,1.0,6.0
201800018626,0018-11-14 15:00:00,18,11,14,15,0,740,11,rue du lachat,45.92072,6.14458,Plein jour,En agglomération,Hors intersection,Normale,Autre collision,,,,,,,,,,,1,2,1,1.0,6.0
201800018627,0018-11-18 12:20:00,18,11,18,12,20,740,303,1648 route de la filière,45.95525,6.17474,Plein jour,Hors agglomération,Hors intersection,Normale,Sans collision,,,,,,,,,,,1,1,1,1.0,7.0
201800018628,0018-11-19 20:15:00,18,11,19,20,15,740,11,rue des mouettes,45.90807,6.14313,Nuit avec éclairage allumé,En agglomération,Intersection en T,Normale,Deux véhicules - côté,,,,,,,,,,,5,2,3,1.0,3.0
201800018629,0018-11-30 16:30:00,18,11,30,16,30,740,299,chemin des guerres,45.87561,6.18265,Crépuscule ou aube,En agglomération,Hors intersection,Pluie légère,Autre collision,,,,,,,,,,,2,2,1,2.0,6.0
201800018630,0018-04-06 14:00:00,18,4,6,14,0,740,270,RD 12 route du col de Ta,45.70577,6.30762,Plein jour,Hors agglomération,Intersection en X,Temps éblouissant,Deux véhicules - côté,,,,,,,,,,,1,1,2,7.0,3.0
201800018631,0018-04-14 11:15:00,18,4,14,11,15,740,123,route d'annecy,45.75306,6.27864,Plein jour,En agglomération,Hors intersection,Normale,Autre collision,,,,,,,,,,,1,2,1,1.0,6.0
201800018632,0018-04-19 16:30:00,18,4,19,16,30,740,108,RD 1508 ROUTE D'ANNECY,45.8412,6.15632,Plein jour,Hors agglomération,Hors intersection,Normale,Deux véhicules - côté,,,,,,,,,,,1,1,1,1.0,3.0
201800018633,0018-04-21 18:45:00,18,4,21,18,45,740,104,RD1508,45.77656,6.2346,Plein jour,Hors agglomération,Hors intersection,Normale,Deux véhicules - côté,,,,,,,,,,,1,1,1,1.0,3.0
201800018634,0018-05-19 12:35:00,18,5,19,12,35,740,187,D42,45.79737,6.26033,Plein jour,Hors agglomération,Hors intersection,Normale,Deux véhicules - frontale,,,,,,,,,,,1,1,1,1.0,1.0
201800018635,0018-05-25 12:25:00,18,5,25,12,25,740,275,RD 909A,45.91793,6.38425,Plein jour,En agglomération,Hors intersection,Normale,Deux véhicules - arrière,,,,,,,,,,,1,2,1,1.0,2.0
201800018636,0018-05-28 16:50:00,18,5,28,16,50,740,123,RD12 -SEYTHENEX,45.704,6.30812,Plein jour,Hors agglomération,Hors intersection,Normale,Deux véhicules - frontale,,,,,,,,,,,1,1,1,1.0,1.0
201800018637,0018-06-02 12:45:00,18,6,2,12,45,740,104,D909 A ROUTE DE TALLOIRE,45.79537,6.23182,Plein jour,Hors agglomération,Hors intersection,Normale,Deux véhicules - côté,,,,,,,,,,,1,1,1,1.0,3.0
201800018638,0018-06-22 20:10:00,18,6,22,20,10,740,242,route d'entrodozon,45.82269,6.14948,Plein jour,Hors agglomération,Hors intersection,Normale,Autre collision,,,,,,,,,,,1,1,1,1.0,6.0
201800018639,0018-06-24 19:45:00,18,6,24,19,45,740,242,50 route d'albertville,45.83354,6.16506,Crépuscule ou aube,En agglomération,Hors intersection,Normale,Trois véhicules et plus - en chaîne,,,,,,,,,,,2,2,1,1.0,4.0
201800018640,0018-07-09 13:45:00,18,7,9,13,45,740,123,rd 1508,45.75535,6.27809,Plein jour,Hors agglomération,Hors intersection,Normale,Sans collision,,,,,,,,,,,1,1,1,1.0,7.0
201800018641,0018-07-24 00:20:00,18,7,24,0,20,740,104,"D909A, Glière",45.79904,6.2305,Nuit sans éclairage public,En agglomération,Hors intersection,Normale,Deux véhicules - frontale,,,,,,,,,,,3,2,1,1.0,1.0
201800018642,0018-07-26 10:30:00,18,7,26,10,30,740,275,RD 42 - MONTMIN,45.79569,6.26006,Plein jour,Hors agglomération,Hors intersection,Normale,Deux véhicules - côté,,,,,,,,,,,1,1,1,1.0,3.0
201800018643,0018-08-12 08:40:00,18,8,12,8,40,740,123,RD1508,45.75797,6.26608,Plein jour,Hors agglomération,Hors intersection,Normale,Autre collision,,,,,,,,,,,1,1,1,1.0,6.0
201800018644,0018-08-17 13:00:00,18,8,17,13,0,740,123,rue des épinettes,45.75259,6.29099,Plein jour,En agglomération,Intersection en X,Pluie forte,Deux véhicules - côté,,,,,,,,,,,1,2,2,3.0,3.0
201800018645,0018-09-07 08:15:00,18,9,7,8,15,740,275,RD1508,45.83545,6.23091,Plein jour,Hors agglomération,Intersection en T,Normale,Deux véhicules - côté,,,,,,,,,,,1,1,3,1.0,3.0
201800018646,0018-09-07 19:00:00,18,9,7,19,0,740,104,route de la poste,45.77488,6.22427,Plein jour,En agglomération,Intersection en T,Normale,Deux véhicules - côté,,,,,,,,,,,1,2,3,1.0,3.0
201800018647,0018-09-08 02:30:00,18,9,8,2,30,740,267,route d'albertville,45.84344,6.15087,Nuit avec éclairage allumé,En agglomération,Hors intersection,Normale,Autre collision,,,,,,,,,,,5,2,1,1.0,6.0
201800018648,0018-09-26 12:30:00,18,9,26,12,30,740,242,1426 route de la cote,45.82929,6.14159,Plein jour,Hors agglomération,Intersection en T,Normale,Deux véhicules - frontale,,,,,,,,,,,1,1,3,1.0,1.0
201800018649,0018-11-08 08:15:00,18,11,8,8,15,740,242,route d'alberville,45.83311,6.16673,Plein jour,En agglomération,Intersection en X,Pluie légère,Deux véhicules - côté,,,,,,,,,,,1,2,2,2.0,3.0
201800018650,0018-02-19 12:00:00,18,2,19,12,0,740,233,route d'Aix Les Bains,45.79608,5.96599,Plein jour,En agglomération,Autre intersection,Normale,Deux véhicules - côté,,,,,,,,,,,1,2,9,1.0,3.0
201800018651,0018-05-02 17:45:00,18,5,2,17,45,740,225,Boulevard louis dagand,45.86763,5.93859,Plein jour,En agglomération,Intersection en X,Normale,Autre collision,,,,,,,,,,,1,2,2,1.0,6.0
201800018652,0018-05-05 13:08:00,18,5,5,13,8,740,2,RD 1201,45.81894,6.00428,Plein jour,Hors agglomération,Hors intersection,Normale,Deux véhicules - arrière,,,,,,,,,,,1,1,1,1.0,2.0
201800018653,0018-05-06 21:50:00,18,5,6,21,50,740,274,Route du Mont des Prince,45.93107,5.89673,Nuit sans éclairage public,En agglomération,Hors intersection,Normale,Autre collision,,,,,,,,,,,3,2,1,1.0,6.0
201800018654,0018-05-13 07:14:00,18,5,13,7,14,740,142,2050 route des bauges,45.79105,6.0116,Crépuscule ou aube,Hors agglomération,Hors intersection,Pluie légère,Autre collision,,,,,,,,,,,2,1,1,2.0,6.0
201800018655,0018-06-16 00:10:00,18,6,16,0,10,740,2,Route d'AIX LES BAINS,45.86984,6.09,Nuit sans éclairage public,Hors agglomération,Hors intersection,Temps éblouissant,Deux véhicules - frontale,,,,,,,,,,,3,1,1,7.0,1.0
201800018656,0018-07-12 10:15:00,18,7,12,10,15,740,194,route d'alby,45.8061,6.03947,Plein jour,En agglomération,Hors intersection,Normale,Autre collision,,,,,,,,,,,1,2,1,1.0,6.0
201800018657,0018-08-07 18:20:00,18,8,7,18,20,740,161,ROUTE D'ANNECY D16,45.87311,6.00724,Plein jour,Hors agglomération,Hors intersection,Normale,Autre collision,,,,,,,,,,,1,1,1,1.0,6.0
201800018658,0018-09-23 01:00:00,18,9,23,1,0,740,274,route du val,45.92232,5.90926,Nuit avec éclairage allumé,En agglomération,Hors intersection,Normale,Deux véhicules - frontale,,,,,,,,,,,5,2,1,1.0,1.0
201800018659,0018-10-03 19:15:00,18,10,3,19,15,740,225,90 route d'aix les bains,45.84768,5.9523,Nuit avec éclairage allumé,En agglomération,Intersection en Y,Normale,Trois véhicules et plus - collisions multiples,,,,,,,,,,,5,2,4,1.0,5.0
201800018660,0018-10-08 12:00:00,18,10,8,12,0,740,165,D53,45.83804,5.96338,Plein jour,En agglomération,Intersection en X,Normale,Deux véhicules - côté,,,,,,,,,,,1,2,2,1.0,3.0
201800018661,0018-11-10 21:25:00,18,11,10,21,25,740,225,avenue jean moulin,45.84503,5.96274,Nuit avec éclairage allumé,En agglomération,Giratoire,Pluie légère,Autre collision,,,,,,,,,,,5,2,6,2.0,6.0
201800018662,0018-11-23 17:10:00,18,11,23,17,10,740,225,Rue de la foret,45.86677,5.9362,Nuit avec éclairage allumé,En agglomération,Hors intersection,Pluie forte,Autre collision,,,,,,,,,,,5,2,1,3.0,6.0
201800018663,0018-12-13 18:55:00,18,12,13,18,55,740,255,d16,45.87794,5.97581,Nuit sans éclairage public,Hors agglomération,Hors intersection,Normale,Deux véhicules - frontale,,,,,,,,,,,3,1,1,1.0,1.0
201800018664,0018-04-12 19:10:00,18,4,12,19,10,740,164,avenue de l'industrie,46.07835,6.51291,Plein jour,En agglomération,Hors intersection,Normale,Deux véhicules - frontale,,,,,,,,,,,1,2,1,1.0,1.0
201800018665,0018-04-27 09:15:00,18,4,27,9,15,740,312,901 route de geneve,46.0676,6.48004,Plein jour,En agglomération,Hors intersection,Normale,Deux véhicules - côté,,,,,,,,,,,1,2,1,1.0,3.0
201800018666,0018-06-22 23:50:00,18,6,22,23,50,740,311,route du fer à cheval,46.14154,6.40916,Nuit sans éclairage public,Hors agglomération,Hors intersection,Normale,Deux véhicules - frontale,,,,,,,,,,,3,1,1,1.0,1.0
201800018667,0018-06-23 16:33:00,18,6,23,16,33,740,164,route du giffre,46.11872,6.49758,Plein jour,Hors agglomération,Hors intersection,Normale,Deux véhicules - frontale,,,,,,,,,,,1,1,1,1.0,1.0
201800018668,0018-08-06 18:00:00,18,8,6,18,0,740,164,rue du pont neuf,46.08928,6.50249,Plein jour,En agglomération,Hors intersection,Normale,Autre collision,,,,,,,,,,,1,2,1,1.0,6.0
201800018669,0018-10-09 06:00:00,18,10,9,6,0,740,164,route du coteau,46.10222,6.50161,Nuit sans éclairage public,Hors agglomération,Hors intersection,Normale,Autre collision,,,,,,,,,,,3,1,1,1.0,6.0
201800018670,0018-10-13 05:45:00,18,10,13,5,45,740,241,D26,46.1281,6.48799,Nuit sans éclairage public,Hors agglomération,Hors intersection,Normale,Deux véhicules - frontale,,,,,,,,,,,3,1,1,1.0,1.0
201800018671,0018-11-03 23:00:00,18,11,3,23,0,740,240,chez pierruz,46.1168,6.40455,Nuit sans éclairage public,Hors agglomération,Intersection en Y,Normale,Deux véhicules - frontale,,,,,,,,,,,3,1,4,1.0,1.0
201800018672,0018-11-25 10:45:00,18,11,25,10,45,740,312,rue de la fruitière,46.06634,6.49146,Plein jour,En agglomération,Intersection en T,Normale,Deux véhicules - frontale,,,,,,,,,,,1,2,3,1.0,1.0
201800018673,0018-12-20 11:25:00,18,12,20,11,25,740,164,avenue d'anterne,46.07412,6.49577,Plein jour,En agglomération,Intersection en T,Temps couvert,Deux véhicules - côté,,,,,,,,,,,1,2,3,8.0,3.0
201800018674,0018-02-05 19:00:00,18,2,5,19,0,740,276,Route d'Annemasse (RD907,46.10836,6.57106,Nuit avec éclairage allumé,En agglomération,Hors intersection,Normale,Autre collision,,,,,,,,,,,5,2,1,1.0,6.0
201800018675,0018-02-10 10:48:00,18,2,10,10,48,740,190,"Le Bosson, route du chat",46.08122,6.67295,Plein jour,En agglomération,Hors intersection,Normale,Autre collision,,,,,,,,,,,1,2,1,1.0,6.0
201800018676,0018-02-25 13:00:00,18,2,25,13,0,740,183,"""Messy""",46.14573,6.51436,Plein jour,Hors agglomération,Hors intersection,Normale,Deux véhicules - frontale,,,,,,,,,,,1,1,1,1.0,1.0
201800018677,0018-03-26 18:10:00,18,3,26,18,10,740,183,"Lieu dit les vagnys, D90",46.12041,6.54701,Plein jour,Hors agglomération,Hors intersection,Normale,Deux véhicules - frontale,,,,,,,,,,,1,1,1,1.0,1.0
201800018678,0018-04-27 17:20:00,18,4,27,17,20,740,273,Place de la gare,46.05364,6.77391,Plein jour,En agglomération,Hors intersection,Normale,Deux véhicules - côté,,,,,,,,,,,1,2,1,1.0,3.0
201800018679,0018-06-14 18:20:00,18,6,14,18,20,740,183,le pont du diable,46.12921,6.5158,Plein jour,Hors agglomération,Hors intersection,Normale,Deux véhicules - frontale,,,,,,,,,,,1,1,1,1.0,1.0
201800018680,0018-06-17 11:50:00,18,6,17,11,50,740,223,"Lieu-dit Arsonnex, Route",46.09587,6.59815,Plein jour,Hors agglomération,Hors intersection,Normale,Sans collision,,,,,,,,,,,1,1,1,1.0,7.0