accident_id,datetime,annee,mois,jour,heure,minute,departement,commune_insee,adresse,latitude,longitude,luminosite,agglomeration,intersection,meteo,collision,nb_vehicules,nb_usagers,nb_indemnes,nb_tues,nb_blesses_hosp,nb_blesses_legers,age_cond_1,age_cond_2,veh_type_cond_1,veh_type_cond_2,lum_code,agg_code,int_code,atm_code,col_code
201800018681,0018-06-30 10:30:00,18,6,30,10,30,740,183,carrefour D907/D226,46.1293,6.51149,Plein jour,Hors agglomération,Intersection en T,Normale,Deux véhicules - côté,,,,,,,,,,,1,1,3,1.0,3.0
201800018682,0018-07-21 15:50:00,18,7,21,15,50,740,183,Route de l'étroit denté,46.11274,6.55431,Plein jour,Hors agglomération,Intersection en T,Normale,Deux véhicules - arrière,,,,,,,,,,,1,1,3,1.0,2.0
201800018683,0018-08-07 12:15:00,18,8,7,12,15,740,183,route de sommand,46.13453,6.52499,Plein jour,En agglomération,Intersection en T,Normale,Deux véhicules - côté,,,,,,,,,,,1,2,3,1.0,3.0
201800018684,0018-08-06 21:10:00,18,8,6,21,10,740,134,Route des Grandes Alpes,46.14099,6.64018,Nuit sans éclairage public,Hors agglomération,Hors intersection,Pluie forte,Deux véhicules - frontale,,,,,,,,,,,3,1,1,3.0,1.0
201800018685,0018-09-28 18:20:00,18,9,28,18,20,740,134,Route départementale 902,46.16243,6.67334,Plein jour,En agglomération,Hors intersection,Normale,Sans collision,,,,,,,,,,,1,2,1,1.0,7.0
201800018686,0018-11-25 05:40:00,18,11,25,5,40,740,134,Route des grandes Alpes,46.14649,6.65346,Nuit avec éclairage allumé,En agglomération,Hors intersection,Normale,Autre collision,,,,,,,,,,,5,2,1,1.0,6.0
201800018687,0018-12-26 11:15:00,18,12,26,11,15,740,134,Route des chavannes,46.16197,6.67942,Plein jour,En agglomération,Hors intersection,Normale,Deux véhicules - arrière,,,,,,,,,,,1,2,1,1.0,2.0
201800018688,0018-03-15 07:25:00,18,3,15,7,25,740,52,route de la croix biche,46.07844,6.05402,Plein jour,Hors agglomération,Hors intersection,Pluie légère,Deux véhicules - frontale,,,,,,,,,,,1,1,1,2.0,1.0
201800018689,0018-04-10 00:45:00,18,4,10,0,45,740,309,D1206,46.1252,6.0421,Nuit sans éclairage public,Hors agglomération,Hors intersection,Normale,Autre collision,,,,,,,,,,,3,1,1,1.0,6.0
201800018690,0018-06-10 12:00:00,18,6,10,12,0,740,296,route de la Croix biche,46.08428,6.04507,Plein jour,Hors agglomération,Hors intersection,Normale,Sans collision,,,,,,,,,,,1,1,1,1.0,7.0
201800018691,0018-06-09 10:45:00,18,6,9,10,45,740,314,ZAC des Grands Chavanoux,46.1052,5.95841,Plein jour,En agglomération,Intersection en T,Normale,Deux véhicules - côté,,,,,,,,,,,1,2,3,1.0,3.0
201800018692,0018-07-03 11:10:00,18,7,3,11,10,740,96,329 avenue des Ebeaux,46.03231,6.10389,Plein jour,En agglomération,Hors intersection,Normale,Autre collision,,,,,,,,,,,1,2,1,1.0,6.0
201800018693,0018-07-10 18:15:00,18,7,10,18,15,740,309,chemin de la perrière,46.13464,6.03561,Plein jour,Hors agglomération,Hors intersection,Normale,Deux véhicules - frontale,,,,,,,,,,,1,1,1,1.0,1.0
201800018694,0018-07-22 15:45:00,18,7,22,15,45,740,96,D27,46.04062,6.12245,Plein jour,Hors agglomération,Hors intersection,Normale,Deux véhicules - côté,,,,,,,,,,,1,1,1,1.0,3.0
201800018695,0018-08-09 00:45:00,18,8,9,0,45,740,309,ROUTE DE LA COTE - RD18,46.11362,6.0478,Nuit sans éclairage public,En agglomération,Hors intersection,Normale,Autre collision,,,,,,,,,,,3,2,1,1.0,6.0
201800018696,0018-09-13 17:45:00,18,9,13,17,45,740,314,421 route de faramaz,46.1018,5.93683,Plein jour,En agglomération,Hors intersection,Normale,Autre collision,,,,,,,,,,,1,2,1,1.0,6.0
201800018697,0018-09-26 22:50:00,18,9,26,22,50,740,216,D1201,46.07946,6.0979,Nuit sans éclairage public,Hors agglomération,Hors intersection,Normale,Autre collision,,,,,,,,,,,3,1,1,1.0,6.0
201800018698,0018-10-02 17:55:00,18,10,2,17,55,740,101,D7/ route de conchy,46.0887,5.94843,Plein jour,Hors agglomération,Intersection en X,Normale,Deux véhicules - côté,,,,,,,,,,,1,1,2,1.0,3.0
201800018699,0018-10-04 18:00:00,18,10,4,18,0,740,96,D1201 route de geneve,46.03602,6.10792,Plein jour,En agglomération,Autre intersection,Normale,Deux véhicules - côté,,,,,,,,,,,1,2,9,1.0,3.0
201800018700,0018-10-05 17:35:00,18,10,5,17,35,740,288,638 ROUTE DE BELLEGARDE,46.10513,5.96052,Plein jour,En agglomération,Hors intersection,Normale,Autre collision,,,,,,,,,,,1,2,1,1.0,6.0
201800018701,0018-10-11 11:15:00,18,10,11,11,15,740,88,Lieu dit Malbuisson - RD,46.05319,6.08666,Plein jour,En agglomération,Intersection en X,Normale,Deux véhicules - côté,,,,,,,,,,,1,2,2,1.0,3.0
201800018702,0018-10-15 17:30:00,18,10,15,17,30,740,296,D23,46.0894,6.03069,Plein jour,Hors agglomération,Hors intersection,Normale,Trois véhicules et plus - collisions multiples,,,,,,,,,,,1,1,1,1.0,5.0
201800018703,0018-11-08 09:14:00,18,11,8,9,14,740,306,D27,46.05252,6.1538,Plein jour,Hors agglomération,Hors intersection,Temps couvert,Trois véhicules et plus - collisions multiples,,,,,,,,,,,1,1,1,8.0,5.0
201800018704,0018-11-24 18:15:00,18,11,24,18,15,740,309,750 route de la cote,46.11378,6.04656,Crépuscule ou aube,En agglomération,Hors intersection,Normale,Sans collision,,,,,,,,,,,2,2,1,1.0,7.0
201800018705,0018-11-30 18:30:00,18,11,30,18,30,740,288,3 route de bellegarde,46.10652,5.96507,Nuit avec éclairage allumé,En agglomération,Hors intersection,Pluie légère,Autre collision,,,,,,,,,,,5,2,1,2.0,6.0
201800018706,0018-01-11 18:30:00,18,1,11,18,30,740,168,route des usses,46.01632,6.00245,Nuit sans éclairage public,Hors agglomération,Hors intersection,Normale,Sans collision,,,,,,,,,,,3,1,1,1.0,7.0
201800018707,0018-03-02 07:50:00,18,3,2,7,50,740,130,D14,46.0411,5.84548,Crépuscule ou aube,Hors agglomération,Hors intersection,Neige / grêle,Sans collision,,,,,,,,,,,2,1,1,4.0,7.0
201800018708,0018-03-05 11:05:00,18,3,5,11,5,740,109,RD 1508,46.06429,5.86219,Plein jour,Hors agglomération,Hors intersection,Normale,Deux véhicules - côté,,,,,,,,,,,1,1,1,1.0,3.0
201800018709,0018-04-04 13:10:00,18,4,4,13,10,740,75,RD 910,45.99793,5.92309,Plein jour,Hors agglomération,Hors intersection,Pluie forte,Deux véhicules - frontale,,,,,,,,,,,1,1,1,3.0,1.0
201800018710,0018-04-08 11:28:00,18,4,8,11,28,740,168,D2,46.01322,5.99753,Plein jour,Hors agglomération,Intersection en Y,Normale,Deux véhicules - côté,,,,,,,,,,,1,1,4,1.0,3.0
201800018711,0018-04-16 17:30:00,18,4,16,17,30,740,269,RD 992,45.97929,5.84222,Plein jour,Hors agglomération,Hors intersection,Normale,Deux véhicules - frontale,,,,,,,,,,,1,1,1,1.0,1.0
201800018712,0018-04-18 11:36:00,18,4,18,11,36,740,178,D910,45.95052,5.92049,Plein jour,Hors agglomération,Hors intersection,Normale,Deux véhicules - côté,,,,,,,,,,,1,1,1,1.0,3.0
201800018713,0018-04-25 17:49:00,18,4,25,17,49,740,109,6000 Route d'Annecy - D1,46.1024,5.82308,Plein jour,Hors agglomération,Intersection en T,Normale,Deux véhicules - côté,,,,,,,,,,,1,1,3,1.0,3.0
201800018714,0018-04-30 14:13:00,18,4,30,14,13,740,269,RD 991,45.95035,5.83933,Plein jour,En agglomération,Hors intersection,Pluie légère,Autre collision,,,,,,,,,,,1,2,1,2.0,6.0
201800018715,0018-05-07 15:49:00,18,5,7,15,49,740,65,D992 - LE MALPAS,46.02935,5.96255,Plein jour,Hors agglomération,Hors intersection,Normale,Deux véhicules - côté,,,,,,,,,,,1,1,1,1.0,3.0
201800018716,0018-05-21 16:40:00,18,5,21,16,40,740,291,D1508,46.03136,5.88864,Plein jour,Hors agglomération,Hors intersection,Normale,Trois véhicules et plus - collisions multiples,,,,,,,,,,,1,1,1,1.0,5.0
201800018717,0018-05-24 08:45:00,18,5,24,8,45,740,100,D992,46.00419,5.86165,Plein jour,Hors agglomération,Hors intersection,Normale,Autre collision,,,,,,,,,,,1,1,1,1.0,6.0
201800018718,0018-06-27 13:06:00,18,6,27,13,6,740,86,D1508,46.0082,5.97235,Plein jour,Hors agglomération,Autre intersection,Normale,Deux véhicules - côté,,,,,,,,,,,1,1,9,1.0,3.0
201800018719,0018-07-13 08:00:00,18,7,13,8,0,740,131,RD 1508,46.01895,5.92042,Plein jour,Hors agglomération,Hors intersection,Normale,Deux véhicules - côté,,,,,,,,,,,1,1,1,1.0,3.0
201800018720,0018-07-29 14:10:00,18,7,29,14,10,740,291,RD1508,46.03913,5.88851,Plein jour,En agglomération,Hors intersection,Normale,Deux véhicules - frontale,,,,,,,,,,,1,2,1,1.0,1.0
201800018721,0018-08-16 17:30:00,18,8,16,17,30,740,131,189 route du Grand pont,46.01873,5.92772,Plein jour,En agglomération,Intersection en T,Normale,Deux véhicules - arrière,,,,,,,,,,,1,2,3,1.0,2.0
201800018722,0018-10-10 13:28:00,18,10,10,13,28,740,178,route de foraz,45.95923,5.93898,Plein jour,En agglomération,Hors intersection,Normale,Autre collision,,,,,,,,,,,1,2,1,1.0,6.0
201800018723,0018-11-02 06:30:00,18,11,2,6,30,740,55,RD 14 CHALLONGES,46.02221,5.82674,Crépuscule ou aube,Hors agglomération,Intersection en T,Pluie légère,Autre collision,,,,,,,,,,,2,1,3,2.0,6.0
201800018724,0018-11-13 17:05:00,18,11,13,17,5,740,195,D1508,46.01072,5.9516,Crépuscule ou aube,Hors agglomération,Hors intersection,Pluie légère,Deux véhicules - frontale,,,,,,,,,,,2,1,1,2.0,1.0
201800018725,0018-11-19 20:50:00,18,11,19,20,50,740,131,350 route d'annecy,46.01821,5.93823,Nuit avec éclairage allumé,En agglomération,Hors intersection,Pluie légère,Autre collision,,,,,,,,,,,5,2,1,2.0,6.0
201800018726,0018-12-01 06:00:00,18,12,1,6,0,740,109,Route départementale 150,46.06429,5.86219,Crépuscule ou aube,Hors agglomération,Intersection en T,Normale,Autre collision,,,,,,,,,,,2,1,3,1.0,6.0
201800018727,0018-12-11 09:25:00,18,12,11,9,25,740,131,RD 910 - Route d'Aix-les,46.00596,5.92229,Plein jour,Hors agglomération,Autre intersection,Normale,Deux véhicules - frontale,,,,,,,,,,,1,1,9,1.0,1.0
201800018728,0018-12-22 01:35:00,18,12,22,1,35,740,195,"Lieu-dit Serrasson, RD 1",46.00547,5.95939,Nuit sans éclairage public,En agglomération,Hors intersection,Brouillard / fumée,Deux véhicules - frontale,,,,,,,,,,,3,2,1,5.0,1.0
201800018729,0018-04-09 17:11:00,18,4,9,17,11,740,85,2010 route du plan mouli,45.83387,6.72556,Plein jour,En agglomération,Hors intersection,Normale,Autre collision,,,,,,,,,,,1,2,1,1.0,6.0
201800018730,0018-07-19 07:20:00,18,7,19,7,20,740,99,149 route de Sallanches,45.87018,6.62926,Crépuscule ou aube,En agglomération,Hors intersection,Normale,Deux véhicules - frontale,,,,,,,,,,,2,2,1,1.0,1.0
201800018731,0018-08-28 18:43:00,18,8,28,18,43,740,85,903 route de Saint Gerva,45.83534,6.72952,Plein jour,En agglomération,Hors intersection,Normale,Deux véhicules - arrière,,,,,,,,,,,1,2,1,1.0,2.0
201800018732,0018-12-18 10:15:00,18,12,18,10,15,740,236,391 Avenue de Miage,45.88781,6.71435,Plein jour,En agglomération,Hors intersection,Normale,Autre collision,,,,,,,,,,,1,2,1,1.0,6.0
201800018733,0018-01-14 14:38:00,18,1,14,14,38,740,256,route de Megève,45.90328,6.64635,Plein jour,Hors agglomération,Hors intersection,Normale,Deux véhicules - frontale,,,,,,,,,,,1,1,1,1.0,1.0
201800018734,0018-04-05 16:40:00,18,4,5,16,40,740,256,RD1205 - avenue de Genèv,45.96431,6.63016,Plein jour,Hors agglomération,Giratoire,Normale,Deux véhicules - côté,,,,,,,,,,,1,1,6,1.0,3.0
201800018735,0018-04-09 07:00:00,18,4,9,7,0,740,208,avenue de Saint Martin,45.91676,6.69436,Crépuscule ou aube,Hors agglomération,Hors intersection,Normale,Autre collision,,,,,,,,,,,2,1,1,1.0,6.0
201800018736,0018-05-05 19:10:00,18,5,5,19,10,740,256,Route du Fayet,45.93097,6.63515,Plein jour,En agglomération,Hors intersection,Normale,Deux véhicules - frontale,,,,,,,,,,,1,2,1,1.0,1.0
201800018737,0018-06-07 18:40:00,18,6,7,18,40,740,256,Rue de l'hôpital,45.9366,6.63709,Plein jour,En agglomération,Intersection en T,Normale,Deux véhicules - côté,,,,,,,,,,,1,2,3,1.0,3.0
201800018738,0018-06-21 08:50:00,18,6,21,8,50,740,208,Descente de Saint Antoin,45.92406,6.70458,Plein jour,En agglomération,Hors intersection,Normale,Autre collision,,,,,,,,,,,1,2,1,1.0,6.0
201800018739,0018-06-28 14:20:00,18,6,28,14,20,740,256,route de cordon,45.93321,6.62276,Plein jour,Hors agglomération,Hors intersection,Normale,Autre collision,,,,,,,,,,,1,1,1,1.0,6.0
201800018740,0018-07-13 14:30:00,18,7,13,14,30,740,208,rue du plateau Passy,45.92896,6.68571,Plein jour,En agglomération,Hors intersection,Normale,Deux véhicules - frontale,,,,,,,,,,,1,2,1,1.0,1.0
201800018741,0018-08-06 18:05:00,18,8,6,18,5,740,256,Rue du Docteur Laffin,45.94284,6.63291,Plein jour,En agglomération,Intersection en X,Pluie légère,Deux véhicules - côté,,,,,,,,,,,1,2,2,2.0,3.0
201800018742,0018-09-05 18:15:00,18,9,5,18,15,740,256,ancienne route de Comblo,45.9233,6.62752,Plein jour,En agglomération,Hors intersection,Normale,Autre collision,,,,,,,,,,,1,2,1,1.0,6.0
201800018743,0018-09-08 18:25:00,18,9,8,18,25,740,256,avenue de Geneve,45.95111,6.62979,Plein jour,En agglomération,Hors intersection,Normale,Deux véhicules - frontale,,,,,,,,,,,1,2,1,1.0,1.0
201800018744,0018-09-23 12:00:00,18,9,23,12,0,740,208,avenue de Saint martin,45.91835,6.68265,Plein jour,En agglomération,Intersection en T,Normale,Deux véhicules - frontale,,,,,,,,,,,1,2,3,1.0,1.0
201800018745,0018-10-09 17:40:00,18,10,9,17,40,740,256,Route de Megève,45.91398,6.63586,Plein jour,Hors agglomération,Intersection en T,Normale,Deux véhicules - côté,,,,,,,,,,,1,1,3,1.0,3.0
201800018746,0018-10-10 13:30:00,18,10,10,13,30,740,256,D1212,45.914,6.63582,Plein jour,Hors agglomération,Hors intersection,Normale,Autre collision,,,,,,,,,,,1,1,1,1.0,6.0
201800018747,0018-11-01 01:30:00,18,11,1,1,30,740,89,route de cordon,45.91819,6.60761,Nuit sans éclairage public,Hors agglomération,Hors intersection,Normale,Trois véhicules et plus - collisions multiples,,,,,,,,,,,3,1,1,1.0,5.0
201800018748,0018-12-05 10:05:00,18,12,5,10,5,740,208,Avenue de Saint Martin,45.91706,6.69222,Plein jour,Hors agglomération,Hors intersection,Normale,Deux véhicules - frontale,,,,,,,,,,,1,1,1,1.0,1.0
201800018749,0018-01-25 17:20:00,18,1,25,17,20,590,94,route de Saint Nicolas,50.92986,2.19169,Plein jour,Hors agglomération,Hors intersection,Normale,Deux véhicules - frontale,,,,,,,,,,,1,1,1,1.0,1.0
201800018750,0018-04-18 16:45:00,18,4,18,16,45,590,94,rue paul machy,50.94515,2.19716,Plein jour,En agglomération,Hors intersection,Normale,Autre collision,,,,,,,,,,,1,2,1,1.0,6.0
201800018751,0018-09-29 15:30:00,18,9,29,15,30,590,130,D3,50.88959,2.23421,Plein jour,Hors agglomération,Hors intersection,Normale,Deux véhicules - frontale,,,,,,,,,,,1,1,1,1.0,1.0
201800018752,0018-10-04 21:00:00,18,10,4,21,0,590,94,CD 2 ROUTE DE COPPENAXFO,50.9539,2.25712,Nuit sans éclairage public,Hors agglomération,Hors intersection,Normale,Autre collision,,,,,,,,,,,3,1,1,1.0,6.0
201800018753,0018-10-27 03:40:00,18,10,27,3,40,590,94,route de loon-plage,50.95249,2.20451,Nuit avec éclairage allumé,En agglomération,Hors intersection,Normale,Sans collision,,,,,,,,,,,5,2,1,1.0,7.0
201800018754,0018-11-16 17:25:00,18,11,16,17,25,590,539,505 RUE DE L'AA,50.88913,2.17989,Crépuscule ou aube,En agglomération,Hors intersection,Temps couvert,Sans collision,,,,,,,,,,,2,2,1,8.0,7.0
201800018755,0018-11-28 18:20:00,18,11,28,18,20,590,94,82 avenue Anthony Caro,50.95062,2.19235,Nuit avec éclairage allumé,En agglomération,Hors intersection,Pluie légère,Autre collision,,,,,,,,,,,5,2,1,2.0,6.0
201800018756,0018-12-29 12:00:00,18,12,29,12,0,590,94,Rue Paul Machy,50.94515,2.19716,Plein jour,En agglomération,Autre intersection,Normale,Autre collision,,,,,,,,,,,1,2,9,1.0,6.0
201800018757,0018-02-12 09:30:00,18,2,12,9,30,590,89,CD928 ROUTE DE SAINT OME,50.8613,2.34561,Plein jour,Hors agglomération,Hors intersection,Temps éblouissant,Autre collision,,,,,,,,,,,1,1,1,7.0,6.0
201800018758,0018-03-27 17:00:00,18,3,27,17,0,590,663,"12, rue d'esquelbec",50.88327,2.46461,Plein jour,En agglomération,Hors intersection,Temps couvert,Sans collision,,,,,,,,,,,1,2,1,8.0,7.0
201800018759,0018-04-17 08:20:00,18,4,17,8,20,590,663,D 916,50.9113,2.45306,Plein jour,Hors agglomération,Hors intersection,Normale,Autre collision,,,,,,,,,,,1,1,1,1.0,6.0
201800018760,0018-07-08 18:15:00,18,7,8,18,15,590,628,Route de Bollezeele,50.83941,2.29488,Plein jour,Hors agglomération,Hors intersection,Normale,Sans collision,,,,,,,,,,,1,1,1,1.0,7.0
201800018761,0018-07-28 10:25:00,18,7,28,10,25,590,663,363 route d'herzeele,50.8824,2.47613,Plein jour,En agglomération,Hors intersection,Normale,Deux véhicules - arrière,,,,,,,,,,,1,2,1,1.0,2.0
201800018762,0018-09-14 08:10:00,18,9,14,8,10,590,210,RUE DE LA GARE,50.88971,2.41009,Plein jour,En agglomération,Hors intersection,Normale,Deux véhicules - arrière,,,,,,,,,,,1,2,1,1.0,2.0
201800018763,0018-09-17 04:00:00,18,9,17,4,0,590,478,CD 916,50.9287,2.44109,Nuit sans éclairage public,Hors agglomération,Hors intersection,Normale,Deux véhicules - frontale,,,,,,,,,,,3,1,1,1.0,1.0
201800018764,0018-09-19 08:30:00,18,9,19,8,30,590,666,CD52,50.899,2.39593,Plein jour,Hors agglomération,Intersection en T,Normale,Deux véhicules - côté,,,,,,,,,,,1,1,3,1.0,3.0
201800018765,0018-11-09 11:10:00,18,11,9,11,10,590,663,cd 18,50.87794,2.47865,Plein jour,Hors agglomération,Hors intersection,Vent fort / tempête,Autre collision,,,,,,,,,,,1,1,1,6.0,6.0
201800018766,0018-02-01 10:10:00,18,2,1,10,10,590,135,route départementale 916,50.80945,2.48765,Plein jour,Hors agglomération,Intersection en X,Normale,Deux véhicules - côté,,,,,,,,,,,1,1,2,1.0,3.0
201800018767,0018-03-16 13:00:00,18,3,16,13,0,590,587,Route d'Eecke,50.79339,2.58827,Plein jour,Hors agglomération,Hors intersection,Normale,Sans collision,,,,,,,,,,,1,1,1,1.0,7.0
201800018768,0018-04-08 15:00:00,18,4,8,15,0,590,135,1938 Route de Lille,50.79624,2.50447,Plein jour,Hors agglomération,Hors intersection,Normale,Sans collision,,,,,,,,,,,1,1,1,1.0,7.0
201800018769,0018-04-18 15:30:00,18,4,18,15,30,590,453,route de wormhout,50.82423,2.54958,Plein jour,Hors agglomération,Hors intersection,Normale,Sans collision,,,,,,,,,,,1,1,1,1.0,7.0
201800018770,0018-05-31 11:00:00,18,5,31,11,0,590,262,rue LAFERE,50.79699,2.64561,Plein jour,En agglomération,Autre intersection,Normale,Deux véhicules - côté,,,,,,,,,,,1,2,9,1.0,3.0
201800018771,0018-07-11 12:05:00,18,7,11,12,5,590,282,RD 916,50.81153,2.48312,Plein jour,Hors agglomération,Hors intersection,Normale,Autre collision,,,,,,,,,,,1,1,1,1.0,6.0
201800018772,0018-07-17 17:30:00,18,7,17,17,30,590,516,route du calvaire,50.83796,2.35632,Plein jour,En agglomération,Intersection en Y,Normale,Deux véhicules - côté,,,,,,,,,,,1,2,4,1.0,3.0
201800018773,0018-07-20 19:45:00,18,7,20,19,45,590,318,D947,50.89505,2.57805,Plein jour,Hors agglomération,Hors intersection,Normale,Sans collision,,,,,,,,,,,1,1,1,1.0,7.0
201800018774,0018-09-01 15:50:00,18,9,1,15,50,590,587,route départementale 37,50.79214,2.56499,Plein jour,Hors agglomération,Intersection en X,Normale,Deux véhicules - frontale,,,,,,,,,,,1,1,2,1.0,1.0
201800018775,0018-09-14 09:30:00,18,9,14,9,30,590,546,CD933,50.77175,2.56904,Plein jour,En agglomération,Hors intersection,Normale,Deux véhicules - côté,,,,,,,,,,,1,2,1,1.0,3.0
201800018776,0018-09-22 09:50:00,18,9,22,9,50,590,516,CD 11,50.83355,2.36158,Plein jour,Hors agglomération,Intersection en X,Pluie légère,Deux véhicules - côté,,,,,,,,,,,1,1,2,2.0,3.0
201800018777,0018-10-05 19:30:00,18,10,5,19,30,590,580,Route d'Hondschoote,50.82064,2.57851,Nuit sans éclairage public,Hors agglomération,Hors intersection,Normale,Sans collision,,,,,,,,,,,3,1,1,1.0,7.0
201800018778,0018-10-09 08:30:00,18,10,9,8,30,590,54,RD 933,50.78379,2.45529,Plein jour,En agglomération,Intersection en T,Normale,Sans collision,,,,,,,,,,,1,2,3,1.0,7.0
201800018779,0018-11-06 11:15:00,18,11,6,11,15,590,580,Rue GOETGHELUCK,50.81535,2.57148,Plein jour,En agglomération,Hors intersection,Normale,Autre collision,,,,,,,,,,,1,2,1,1.0,6.0
201800018780,0018-11-28 20:57:00,18,11,28,20,57,590,587,rue mahieux,50.80284,2.53445,Nuit sans éclairage public,Hors agglomération,Hors intersection,Normale,Autre collision,,,,,,,,,,,3,1,1,1.0,6.0
201800018781,0018-12-11 14:30:00,18,12,11,14,30,590,587,D37,50.79798,2.56767,Plein jour,Hors agglomération,Hors intersection,Normale,Deux véhicules - frontale,,,,,,,,,,,1,1,1,1.0,1.0
201800018782,0018-12-25 12:45:00,18,12,25,12,45,590,536,D 916,50.78649,2.52592,Plein jour,Hors agglomération,Hors intersection,Normale,Deux véhicules - arrière,,,,,,,,,,,1,1,1,1.0,2.0
201800018783,0018-02-20 08:00:00,18,2,20,8,0,560,164,Rue du Guernehue,47.65728,-2.86163,Plein jour,En agglomération,Hors intersection,Normale,Deux véhicules - côté,,,,,,,,,,,1,2,1,1.0,3.0
201800018784,0018-03-01 10:20:00,18,3,1,10,20,560,3,D101 - Le moustoir,47.63204,-2.84298,Plein jour,Hors agglomération,Hors intersection,Neige / grêle,Deux véhicules - côté,,,,,,,,,,,1,1,1,4.0,3.0
201800018785,0018-03-16 17:15:00,18,3,16,17,15,560,157,Lieu dit LE CLOTTE,47.78794,-2.72719,Plein jour,Hors agglomération,Autre intersection,Normale,Autre collision,,,,,,,,,,,1,1,9,1.0,6.0
201800018786,0018-04-13 05:45:00,18,4,13,5,45,560,3,Route de Lignol,47.64721,-2.84484,Nuit sans éclairage public,Hors agglomération,Hors intersection,Normale,Deux véhicules - côté,,,,,,,,,,,3,1,1,1.0,3.0
201800018787,0018-07-13 18:15:00,18,7,13,18,15,560,3,D101,47.62719,-2.85651,Plein jour,Hors agglomération,Intersection en Y,Normale,Deux véhicules - côté,,,,,,,,,,,1,1,4,1.0,3.0
201800018788,0018-07-15 10:15:00,18,7,15,10,15,560,22,Kerdroguen - RD 779,47.79717,-2.9294,Plein jour,Hors agglomération,Intersection en T,Normale,Autre collision,,,,,,,,,,,1,1,3,1.0,6.0
201800018789,0018-07-26 13:25:00,18,7,26,13,25,560,67,Route de Baud,47.76042,-2.8589,Plein jour,En agglomération,Hors intersection,Normale,Deux véhicules - côté,,,,,,,,,,,1,2,1,1.0,3.0
201800018790,0018-07-28 16:35:00,18,7,28,16,35,560,158,Le Visclen - D779,47.71338,-2.82443,Plein jour,Hors agglomération,Intersection en T,Normale,Deux véhicules - arrière,,,,,,,,,,,1,1,3,1.0,2.0
201800018791,0018-08-30 10:50:00,18,8,30,10,50,560,157,lieu-dit KERHORNO,47.79834,-2.72932,Plein jour,Hors agglomération,Intersection en X,Normale,Deux véhicules - côté,,,,,,,,,,,1,1,2,1.0,3.0
201800018792,0018-09-16 20:55:00,18,9,16,20,55,560,120,Le Rest,47.75539,-2.74204,Nuit sans éclairage public,Hors agglomération,Hors intersection,Normale,Deux véhicules - frontale,,,,,,,,,,,3,1,1,1.0,1.0
201800018793,0018-09-29 15:30:00,18,9,29,15,30,560,42,La Croix de Bois,47.81436,-2.84774,Plein jour,Hors agglomération,Hors intersection,Normale,Deux véhicules - frontale,,,,,,,,,,,1,1,1,1.0,1.0
201800018794,0018-10-12 20:45:00,18,10,12,20,45,560,8,RD 101,47.62993,-2.848,Nuit sans éclairage public,Hors agglomération,Intersection en X,Normale,Deux véhicules - côté,,,,,,,,,,,3,1,2,1.0,3.0
201800018795,0018-11-23 19:30:00,18,11,23,19,30,560,158,Route du Grand Moustoir,47.68555,-2.80959,Nuit sans éclairage public,Hors agglomération,Intersection en T,Pluie légère,Autre collision,,,,,,,,,,,3,1,3,2.0,6.0
201800018796,0018-12-07 07:15:00,18,12,7,7,15,560,67,D 150 Kermelin,47.73457,-2.85104,Nuit sans éclairage public,Hors agglomération,Hors intersection,Pluie légère,Deux véhicules - côté,,,,,,,,,,,3,1,1,2.0,3.0
201800018797,0018-12-20 08:10:00,18,12,20,8,10,560,22,la Barrière,47.80818,-2.8975,Nuit sans éclairage public,Hors agglomération,Hors intersection,Pluie légère,Sans collision,,,,,,,,,,,3,1,1,2.0,7.0
201800018798,0018-02-16 13:00:00,18,2,16,13,0,560,171,kerpena,47.68115,-2.38932,Plein jour,Hors agglomération,Hors intersection,Normale,Autre collision,,,,,,,,,,,1,1,1,1.0,6.0
201800018799,0018-02-16 12:40:00,18,2,16,12,40,560,221,La Marre,47.65514,-2.2324,Plein jour,Hors agglomération,Intersection en X,Normale,Deux véhicules - côté,,,,,,,,,,,1,1,2,1.0,3.0
201800018800,0018-04-21 18:50:00,18,4,21,18,50,560,1,rue de la châtaigneraie,47.64077,-2.16021,Plein jour,En agglomération,Hors intersection,Normale,Sans collision,,,,,,,,,,,1,2,1,1.0,7.0
201800018801,0018-05-04 16:30:00,18,5,4,16,30,560,154,Goul d'oie,47.70627,-2.20927,Plein jour,Hors agglomération,Hors intersection,Normale,Deux véhicules - côté,,,,,,,,,,,1,1,1,1.0,3.0
201800018802,0018-06-02 18:50:00,18,6,2,18,50,560,154,le petit moulin,47.72234,-2.21445,Plein jour,Hors agglomération,Hors intersection,Normale,Autre collision,,,,,,,,,,,1,1,1,1.0,6.0