accident_id,datetime,annee,mois,jour,heure,minute,departement,commune_insee,adresse,latitude,longitude,luminosite,agglomeration,intersection,meteo,collision,nb_vehicules,nb_usagers,nb_indemnes,nb_tues,nb_blesses_hosp,nb_blesses_legers,age_cond_1,age_cond_2,veh_type_cond_1,veh_type_cond_2,lum_code,agg_code,int_code,atm_code,col_code
201800018803,0018-07-04 12:45:00,18,7,4,12,45,560,194,ch. du Val de la Lande,47.60993,-2.11707,Plein jour,Hors agglomération,Intersection en T,Normale,Deux véhicules - côté,,,,,,,,,,,1,1,3,1.0,3.0
201800018804,0018-07-07 10:30:00,18,7,7,10,30,560,232,RD 153 Clos Mort,47.68052,-2.13583,Plein jour,Hors agglomération,Intersection en T,Temps éblouissant,Autre collision,,,,,,,,,,,1,1,3,7.0,6.0
201800018805,0018-09-02 13:05:00,18,9,2,13,5,560,11,lieu dit La Renaudière,47.59452,-2.28534,Plein jour,Hors agglomération,Intersection en Y,Normale,Autre collision,,,,,,,,,,,1,1,4,1.0,6.0
201800018806,0018-09-10 02:00:00,18,9,10,2,0,560,11,La Saudraie,47.60716,-2.26204,Nuit sans éclairage public,Hors agglomération,Hors intersection,Normale,Autre collision,,,,,,,,,,,3,1,1,1.0,6.0
201800018807,0018-09-11 09:30:00,18,9,11,9,30,560,171,La pierre longue,47.72919,-2.34675,Plein jour,Hors agglomération,Intersection en X,Normale,Deux véhicules - arrière,,,,,,,,,,,1,1,2,1.0,2.0
201800018808,0018-09-23 12:00:00,18,9,23,12,0,560,28,Le Valauga,47.62338,-2.29031,Plein jour,Hors agglomération,Intersection en Y,Pluie légère,Deux véhicules - frontale,,,,,,,,,,,1,1,4,2.0,1.0
201800018809,0018-10-18 18:50:00,18,10,18,18,50,560,11,la ville au vent,47.61069,-2.19341,Crépuscule ou aube,Hors agglomération,Hors intersection,Temps éblouissant,Deux véhicules - frontale,,,,,,,,,,,2,1,1,7.0,1.0
201800018810,0018-10-23 14:55:00,18,10,23,14,55,560,184,La ville Aubert,47.67613,-2.3751,Plein jour,Hors agglomération,Intersection en T,Normale,Trois véhicules et plus - collisions multiples,,,,,,,,,,,1,1,3,1.0,5.0
201800018811,0018-10-19 18:00:00,18,10,19,18,0,560,171,RD 774,47.72281,-2.3416,Plein jour,Hors agglomération,Intersection en T,Normale,Deux véhicules - arrière,,,,,,,,,,,1,1,3,1.0,2.0
201800018812,0018-11-04 02:30:00,18,11,4,2,30,560,123,le moulin neuf,47.68739,-2.33821,Nuit sans éclairage public,Hors agglomération,Autre intersection,Normale,Autre collision,,,,,,,,,,,3,1,9,1.0,6.0
201800018813,0018-12-22 12:05:00,18,12,22,12,5,560,194,Route de Redon RD 114,47.6011,-2.10441,Plein jour,Hors agglomération,Intersection en Y,Normale,Deux véhicules - arrière,,,,,,,,,,,1,1,4,1.0,2.0
201800018814,0018-01-01 22:25:00,18,1,1,22,25,560,2,RN 165,47.57687,-2.5267,Nuit sans éclairage public,Hors agglomération,Hors intersection,Pluie légère,Autre collision,,,,,,,,,,,3,1,1,2.0,6.0
201800018815,0018-02-23 11:20:00,18,2,23,11,20,560,126,Poteau de Kergentil,47.57265,-2.40476,Plein jour,Hors agglomération,Intersection en X,Normale,Deux véhicules - côté,,,,,,,,,,,1,1,2,1.0,3.0
201800018816,0018-04-07 17:15:00,18,4,7,17,15,560,155,allée de la Lande,47.47518,-2.48459,Plein jour,Hors agglomération,Hors intersection,Pluie légère,Autre collision,,,,,,,,,,,1,1,1,2.0,6.0
201800018817,0018-04-14 23:30:00,18,4,14,23,30,560,153,3 rue du gal de Gaulle,47.58055,-2.35763,Nuit avec éclairage allumé,En agglomération,Hors intersection,Normale,Autre collision,,,,,,,,,,,5,2,1,1.0,6.0
201800018818,0018-04-26 17:45:00,18,4,26,17,45,560,126,lieu dit kerjoseph,47.53574,-2.34271,Plein jour,Hors agglomération,Intersection en T,Normale,Deux véhicules - frontale,,,,,,,,,,,1,1,3,1.0,1.0
201800018819,0018-05-06 17:30:00,18,5,6,17,30,560,4,Quellec,47.50999,-2.41585,Plein jour,Hors agglomération,Hors intersection,Temps éblouissant,Deux véhicules - côté,,,,,,,,,,,1,1,1,7.0,3.0
201800018820,0018-06-22 19:10:00,18,6,22,19,10,560,153,La VILLENEUVE,47.57353,-2.31674,Plein jour,Hors agglomération,Intersection en X,Normale,Deux véhicules - côté,,,,,,,,,,,1,1,2,1.0,3.0
201800018821,0018-07-10 18:45:00,18,7,10,18,45,560,149,LE GRAND BEAUFORT,47.59577,-2.45123,Plein jour,Hors agglomération,Hors intersection,Normale,Deux véhicules - côté,,,,,,,,,,,1,1,1,1.0,3.0
201800018822,0018-09-09 11:53:00,18,9,9,11,53,560,4,RD139A KERISAN,47.59434,-2.4104,Plein jour,Hors agglomération,Intersection en X,Normale,Deux véhicules - frontale,,,,,,,,,,,1,1,2,1.0,1.0
201800018823,0018-11-10 12:30:00,18,11,10,12,30,560,77,Le Poteau de Kergentil,47.57272,-2.40472,Plein jour,Hors agglomération,Intersection en X,Normale,Deux véhicules - côté,,,,,,,,,,,1,1,2,1.0,3.0
201800018824,0018-12-08 19:40:00,18,12,8,19,40,560,126,lieu dit Craslon,47.54847,-2.33486,Nuit sans éclairage public,Hors agglomération,Hors intersection,Normale,Deux véhicules - frontale,,,,,,,,,,,3,1,1,1.0,1.0
201800018825,0018-05-06 10:30:00,18,5,6,10,30,560,137,Lieu-dit Kermouel,47.73936,-2.70568,Plein jour,Hors agglomération,Intersection en T,Normale,Deux véhicules - frontale,,,,,,,,,,,1,1,3,1.0,1.0
201800018826,0018-07-23 21:30:00,18,7,23,21,30,560,184,Lieu-dit Kérisel,47.68604,-2.47104,Plein jour,Hors agglomération,Hors intersection,Normale,Sans collision,,,,,,,,,,,1,1,1,1.0,7.0
201800018827,0018-08-30 15:20:00,18,8,30,15,20,560,45,Lieu dit les Landreaux,47.75815,-2.53345,Plein jour,Hors agglomération,Hors intersection,Normale,Autre collision,,,,,,,,,,,1,1,1,1.0,6.0
201800018828,0018-08-28 19:30:00,18,8,28,19,30,560,184,RD 5 Le Herbon,47.65298,-2.46977,Crépuscule ou aube,Hors agglomération,Hors intersection,Normale,Deux véhicules - frontale,,,,,,,,,,,2,1,1,1.0,1.0
201800018829,0018-10-21 21:00:00,18,10,21,21,0,560,184,allée Eric Tabarly,47.66637,-2.44458,Nuit avec éclairage allumé,En agglomération,Hors intersection,Normale,Sans collision,,,,,,,,,,,5,2,1,1.0,7.0
201800018830,0018-01-10 10:40:00,18,1,10,10,40,560,243,avenue de penhoët,47.6187,-2.73484,Plein jour,En agglomération,Hors intersection,Pluie légère,Autre collision,,,,,,,,,,,1,2,1,2.0,6.0
201800018831,0018-01-13 23:00:00,18,1,13,23,0,560,251,"LD KERAVELO , LE GORVELL",47.63707,-2.60401,Nuit sans éclairage public,Hors agglomération,Hors intersection,Normale,Sans collision,,,,,,,,,,,3,1,1,1.0,7.0
201800018832,0018-01-15 17:40:00,18,1,15,17,40,560,243,rue de limur,47.64877,-2.7302,Crépuscule ou aube,En agglomération,Giratoire,Pluie légère,Deux véhicules - côté,,,,,,,,,,,2,2,6,2.0,3.0
201800018833,0018-03-07 16:20:00,18,3,7,16,20,560,248,11 rue de l'ile Radenec,47.58133,-2.62527,Plein jour,En agglomération,Autre intersection,Normale,Autre collision,,,,,,,,,,,1,2,9,1.0,6.0
201800018834,0018-03-14 14:45:00,18,3,14,14,45,560,240,D780 Coët Y Huël,47.52924,-2.80452,Plein jour,Hors agglomération,Hors intersection,Normale,Deux véhicules - arrière,,,,,,,,,,,1,1,1,1.0,2.0
201800018835,0018-03-23 22:00:00,18,3,23,22,0,560,214,Place Monseigneur Ropert,47.50044,-2.84002,Nuit avec éclairage allumé,En agglomération,Hors intersection,Pluie légère,Autre collision,,,,,,,,,,,5,2,1,2.0,6.0
201800018836,0018-03-31 22:10:00,18,3,31,22,10,560,251,Le Petit Tréfel,47.64716,-2.63423,Nuit sans éclairage public,Hors agglomération,Hors intersection,Normale,Autre collision,,,,,,,,,,,3,1,1,1.0,6.0
201800018837,0018-04-06 15:10:00,18,4,6,15,10,560,248,RN165 PR28+900,47.59808,-2.57906,Plein jour,Hors agglomération,Hors intersection,Normale,Autre collision,,,,,,,,,,,1,1,1,1.0,6.0
201800018838,0018-04-24 15:30:00,18,4,24,15,30,560,240,50 rue clos er bert,47.49681,-2.78765,Plein jour,En agglomération,Hors intersection,Normale,Autre collision,,,,,,,,,,,1,2,1,1.0,6.0
201800018839,0018-04-25 13:10:00,18,4,25,13,10,560,251,Lieu dit LE GRAVE,47.64417,-2.63785,Plein jour,Hors agglomération,Hors intersection,Normale,Autre collision,,,,,,,,,,,1,1,1,1.0,6.0
201800018840,0018-05-06 19:20:00,18,5,6,19,20,560,205,RD780,47.56178,-2.71104,Plein jour,Hors agglomération,Intersection en T,Normale,Deux véhicules - côté,,,,,,,,,,,1,1,3,1.0,3.0
201800018841,0018-05-08 12:15:00,18,5,8,12,15,560,214,RD 198,47.50487,-2.8203,Plein jour,Hors agglomération,Intersection en T,Normale,Deux véhicules - côté,,,,,,,,,,,1,1,3,1.0,3.0
201800018842,0018-06-26 17:20:00,18,6,26,17,20,560,251,D.104 CORN ER HOUET,47.6569,-2.66021,Plein jour,Hors agglomération,Hors intersection,Normale,Deux véhicules - frontale,,,,,,,,,,,1,1,1,1.0,1.0
201800018843,0018-07-03 08:25:00,18,7,3,8,25,560,251,RN 165 sortie Sarzeau,47.64,-2.68286,Plein jour,Hors agglomération,Hors intersection,Pluie légère,Sans collision,,,,,,,,,,,1,1,1,2.0,7.0
201800018844,0018-07-30 10:10:00,18,7,30,10,10,560,240,la croix de suscinio,47.5171,-2.72699,Plein jour,Hors agglomération,Intersection en T,Normale,Deux véhicules - frontale,,,,,,,,,,,1,1,3,1.0,1.0
201800018845,0018-08-02 20:00:00,18,8,2,20,0,560,240,lieu dit le duer,47.53947,-2.7431,Plein jour,Hors agglomération,Hors intersection,Normale,Deux véhicules - frontale,,,,,,,,,,,1,1,1,1.0,1.0
201800018846,0018-08-15 02:15:00,18,8,15,2,15,560,240,rue Pratel Vihan,47.48959,-2.8007,Nuit avec éclairage allumé,En agglomération,Autre intersection,Normale,Autre collision,,,,,,,,,,,5,2,9,1.0,6.0
201800018847,0018-08-27 17:45:00,18,8,27,17,45,560,214,"D780, Larguéven",47.5318,-2.83902,Plein jour,Hors agglomération,Hors intersection,Normale,Deux véhicules - arrière,,,,,,,,,,,1,1,1,1.0,2.0
201800018848,0018-09-04 13:00:00,18,9,4,13,0,560,247,Le Gorvello,47.63699,-2.60425,Plein jour,Hors agglomération,Hors intersection,Normale,Deux véhicules - frontale,,,,,,,,,,,1,1,1,1.0,1.0
201800018849,0018-10-15 20:20:00,18,10,15,20,20,560,251,Le Petit Moustoir - RN 1,47.62173,-2.6297,Nuit sans éclairage public,Hors agglomération,Hors intersection,Normale,Deux véhicules - arrière,,,,,,,,,,,3,1,1,1.0,2.0
201800018850,0018-10-18 16:45:00,18,10,18,16,45,560,251,RP la Croix de la Lande,47.61182,-2.61216,Plein jour,Hors agglomération,Giratoire,Normale,Deux véhicules - côté,,,,,,,,,,,1,1,6,1.0,3.0
201800018851,0018-10-23 08:30:00,18,10,23,8,30,560,243,rue Cousteau,47.64869,-2.72345,Crépuscule ou aube,En agglomération,Hors intersection,Normale,Deux véhicules - arrière,,,,,,,,,,,2,2,1,1.0,2.0
201800018852,0018-10-29 11:05:00,18,10,29,11,5,560,251,Lieu-dit Le poteau Rouge,47.64121,-2.69391,Plein jour,Hors agglomération,Hors intersection,Normale,Deux véhicules - côté,,,,,,,,,,,1,1,1,1.0,3.0
201800018853,0018-12-03 10:15:00,18,12,3,10,15,560,243,RD 779 Bis,47.6492,-2.7114,Plein jour,Hors agglomération,Hors intersection,Pluie forte,Deux véhicules - frontale,,,,,,,,,,,1,1,1,3.0,1.0
201800018854,0018-12-17 10:30:00,18,12,17,10,30,560,243,14 route de Nantes,47.65291,-2.73251,Plein jour,En agglomération,Hors intersection,Normale,Autre collision,,,,,,,,,,,1,2,1,1.0,6.0
201800018855,0018-02-23 14:55:00,18,2,23,14,55,560,116,Place du Gal de Gaulle,47.56976,-2.94487,Plein jour,En agglomération,Hors intersection,Normale,Autre collision,,,,,,,,,,,1,2,1,1.0,6.0
201800018856,0018-05-26 00:45:00,18,5,26,0,45,560,34,PK 04+200- le nignol,47.60666,-3.06987,Nuit sans éclairage public,Hors agglomération,Hors intersection,Normale,Autre collision,,,,,,,,,,,3,1,1,1.0,6.0
201800018857,0018-06-30 10:50:00,18,6,30,10,50,560,234,RD768 av du Lizeau,47.53218,-3.13459,Plein jour,Hors agglomération,Hors intersection,Temps éblouissant,Deux véhicules - arrière,,,,,,,,,,,1,1,1,7.0,2.0
201800018858,0018-06-29 21:00:00,18,6,29,21,0,560,34,Lieu-dit Kerguearec,47.61129,-3.0496,Plein jour,Hors agglomération,Hors intersection,Normale,Deux véhicules - frontale,,,,,,,,,,,1,1,1,1.0,1.0
201800018859,0018-07-08 11:30:00,18,7,8,11,30,560,34,108 avenue des druides,47.574,-3.06873,Plein jour,En agglomération,Hors intersection,Normale,Deux véhicules - côté,,,,,,,,,,,1,2,1,1.0,3.0
201800018860,0018-08-01 14:53:00,18,8,1,14,53,560,168,D 768 - Les sables blanc,47.56412,-3.13447,Plein jour,Hors agglomération,Hors intersection,Normale,Deux véhicules - frontale,,,,,,,,,,,1,1,1,1.0,1.0
201800018861,0018-08-20 12:15:00,18,8,20,12,15,560,34,Kerbois,47.63693,-3.07361,Plein jour,Hors agglomération,Hors intersection,Normale,Deux véhicules - frontale,,,,,,,,,,,1,1,1,1.0,1.0
201800018862,0018-11-04 08:30:00,18,11,4,8,30,560,234,1 Avenue de St Malo,47.55118,-3.1343,Plein jour,Hors agglomération,Hors intersection,Normale,Autre collision,,,,,,,,,,,1,1,1,1.0,6.0
201800018863,0018-01-11 16:55:00,18,1,11,16,55,560,101,mane kervrehan,47.82139,-3.13863,Plein jour,Hors agglomération,Hors intersection,Normale,Autre collision,,,,,,,,,,,1,1,1,1.0,6.0
201800018864,0018-01-12 19:15:00,18,1,12,19,15,560,101,Lieu dit Kergolvé,47.8161,-3.14625,Nuit sans éclairage public,Hors agglomération,Hors intersection,Brouillard / fumée,Sans collision,,,,,,,,,,,3,1,1,5.0,7.0
201800018865,0018-01-19 21:30:00,18,1,19,21,30,560,101,RN24 PK90,47.81717,-3.21877,Nuit sans éclairage public,Hors agglomération,Hors intersection,Brouillard / fumée,Autre collision,,,,,,,,,,,3,1,1,5.0,6.0
201800018866,0018-01-28 15:40:00,18,1,28,15,40,560,97,lieu-dit kerhelo - D765,47.75733,-3.11514,Plein jour,Hors agglomération,Hors intersection,Normale,Sans collision,,,,,,,,,,,1,1,1,1.0,7.0
201800018867,0018-02-09 19:30:00,18,2,9,19,30,560,94,D 194,47.76351,-3.29805,Nuit avec éclairage allumé,Hors agglomération,Intersection en X,Normale,Deux véhicules - frontale,,,,,,,,,,,5,1,2,1.0,1.0
201800018868,0018-02-17 18:15:00,18,2,17,18,15,560,90,Kerzalo,47.83884,-3.23788,Plein jour,Hors agglomération,Hors intersection,Normale,Autre collision,,,,,,,,,,,1,1,1,1.0,6.0
201800018869,0018-03-17 12:40:00,18,3,17,12,40,560,97,rue d'auray,47.76333,-3.11894,Plein jour,En agglomération,Hors intersection,Normale,Deux véhicules - arrière,,,,,,,,,,,1,2,1,1.0,2.0
201800018870,0018-03-17 20:30:00,18,3,17,20,30,560,175,Locmaria,47.71986,-2.94274,Nuit sans éclairage public,Hors agglomération,Hors intersection,Normale,Autre collision,,,,,,,,,,,3,1,1,1.0,6.0
201800018871,0018-05-11 17:30:00,18,5,11,17,30,560,94,"Lieu-dit LOCADOUR, D170",47.7499,-3.27056,Plein jour,Hors agglomération,Hors intersection,Pluie légère,Autre collision,,,,,,,,,,,1,1,1,2.0,6.0
201800018872,0018-05-18 20:30:00,18,5,18,20,30,560,31,le Golut,47.81711,-3.015,Crépuscule ou aube,Hors agglomération,Hors intersection,Normale,Autre collision,,,,,,,,,,,2,1,1,1.0,6.0
201800018873,0018-06-27 23:50:00,18,6,27,23,50,560,101,3 place du Gal de Gaulle,47.83384,-3.15761,Nuit avec éclairage allumé,En agglomération,Hors intersection,Normale,Sans collision,,,,,,,,,,,5,2,1,1.0,7.0
201800018874,0018-07-06 17:45:00,18,7,6,17,45,560,94,D194 Giratoire de Kergo,47.75986,-3.28612,Plein jour,Hors agglomération,Giratoire,Normale,Sans collision,,,,,,,,,,,1,1,6,1.0,7.0
201800018875,0018-07-14 15:30:00,18,7,14,15,30,560,101,Kerzrain,47.85942,-3.10196,Plein jour,Hors agglomération,Hors intersection,Normale,Autre collision,,,,,,,,,,,1,1,1,1.0,6.0
201800018876,0018-07-17 00:01:00,18,7,17,0,1,560,101,2 CROIX DE KERLAVAREC,47.83389,-3.17043,Nuit sans éclairage public,En agglomération,Hors intersection,Normale,Autre collision,,,,,,,,,,,3,2,1,1.0,6.0
201800018877,0018-07-30 18:35:00,18,7,30,18,35,560,175,RD102 - 6 Le Nines,47.7137,-2.95574,Plein jour,Hors agglomération,Hors intersection,Normale,Deux véhicules - frontale,,,,,,,,,,,1,1,1,1.0,1.0
201800018878,0018-08-12 04:40:00,18,8,12,4,40,560,31,"Lieu-dit ""Le petit bois""",47.84678,-3.0141,Nuit sans éclairage public,Hors agglomération,Hors intersection,Normale,Autre collision,,,,,,,,,,,3,1,1,1.0,6.0
201800018879,0018-08-19 07:30:00,18,8,19,7,30,560,101,la croix du resto,47.84633,-3.09493,Plein jour,Hors agglomération,Hors intersection,Normale,Autre collision,,,,,,,,,,,1,1,1,1.0,6.0
201800018880,0018-08-27 11:50:00,18,8,27,11,50,560,94,RD 9 - avenue des Plages,47.76297,-3.24096,Plein jour,Hors agglomération,Intersection en X,Normale,Deux véhicules - frontale,,,,,,,,,,,1,1,2,1.0,1.0
201800018881,0018-09-13 16:45:00,18,9,13,16,45,560,96,KERBASCO,47.74287,-3.10069,Plein jour,Hors agglomération,Hors intersection,Normale,Autre collision,,,,,,,,,,,1,1,1,1.0,6.0
201800018882,0018-10-12 17:32:00,18,10,12,17,32,560,94,Keranden,47.782,-3.2386,Plein jour,Hors agglomération,Hors intersection,Normale,Sans collision,,,,,,,,,,,1,1,1,1.0,7.0
201800018883,0018-10-30 13:50:00,18,10,30,13,50,560,94,RN 165 Lorient-Vannes,47.78748,-3.24253,Plein jour,Hors agglomération,Hors intersection,Normale,Sans collision,,,,,,,,,,,1,1,1,1.0,7.0
201800018884,0018-11-07 18:00:00,18,11,7,18,0,560,175,Lieu dit LE CLUD,47.73274,-2.91361,Nuit sans éclairage public,Hors agglomération,Hors intersection,Pluie légère,Trois véhicules et plus - collisions multiples,,,,,,,,,,,3,1,1,2.0,5.0
201800018885,0018-11-07 07:40:00,18,11,7,7,40,560,94,RN 165,47.78754,-3.24175,Crépuscule ou aube,Hors agglomération,Hors intersection,Vent fort / tempête,Trois véhicules et plus - collisions multiples,,,,,,,,,,,2,1,1,6.0,5.0
201800018886,0018-12-25 09:28:00,18,12,25,9,28,560,94,Malpignon,47.7957,-3.22023,Plein jour,Hors agglomération,Hors intersection,Temps couvert,Autre collision,,,,,,,,,,,1,1,1,8.0,6.0
201800018887,0018-02-02 14:00:00,18,2,2,14,0,560,36,Rue Pierre Landais,47.78574,-3.33511,Plein jour,En agglomération,Hors intersection,Normale,Deux véhicules - côté,,,,,,,,,,,1,2,1,1.0,3.0
201800018888,0018-02-17 18:30:00,18,2,17,18,30,560,36,lieu dit kervoter,47.79389,-3.35264,Plein jour,En agglomération,Hors intersection,Normale,Autre collision,,,,,,,,,,,1,2,1,1.0,6.0
201800018889,0018-03-12 13:40:00,18,3,12,13,40,560,36,"RD 26, lieu-dit Kermain",47.83514,-3.36911,Plein jour,Hors agglomération,Hors intersection,Pluie forte,Autre collision,,,,,,,,,,,1,1,1,3.0,6.0
201800018890,0018-04-01 06:35:00,18,4,1,6,35,560,166,"D178, lieu-dit Le Lézot",47.92596,-3.32977,Nuit sans éclairage public,Hors agglomération,Hors intersection,Normale,Autre collision,,,,,,,,,,,3,1,1,1.0,6.0
201800018891,0018-04-06 17:15:00,18,4,6,17,15,560,36,N 165,47.79111,-3.31828,Plein jour,Hors agglomération,Hors intersection,Normale,Deux véhicules - arrière,,,,,,,,,,,1,1,1,1.0,2.0
201800018892,0018-04-18 07:00:00,18,4,18,7,0,560,185,D765 rue Col J. Muller,47.77198,-3.41124,Plein jour,Hors agglomération,Intersection en X,Normale,Autre collision,,,,,,,,,,,1,1,2,1.0,6.0
201800018893,0018-05-18 22:15:00,18,5,18,22,15,560,78,rue Febvrier Despointes,47.79227,-3.49091,Nuit avec éclairage allumé,En agglomération,Hors intersection,Normale,Sans collision,,,,,,,,,,,5,2,1,1.0,7.0
201800018894,0018-05-29 12:45:00,18,5,29,12,45,560,185,Route de Kerdual,47.77675,-3.39225,Plein jour,Hors agglomération,Hors intersection,Autre,Autre collision,,,,,,,,,,,1,1,1,9.0,6.0
201800018895,0018-06-02 18:30:00,18,6,2,18,30,560,78,Locmiquel Méné,47.74674,-3.48749,Plein jour,Hors agglomération,Hors intersection,Normale,Autre collision,,,,,,,,,,,1,1,1,1.0,6.0
201800018896,0018-06-03 20:45:00,18,6,3,20,45,560,166,D769,47.8845,-3.33905,Plein jour,Hors agglomération,Hors intersection,Normale,Sans collision,,,,,,,,,,,1,1,1,1.0,7.0
201800018897,0018-06-08 06:45:00,18,6,8,6,45,560,179,lieu dit LE LONGE,47.84336,-3.40783,Plein jour,Hors agglomération,Hors intersection,Normale,Autre collision,,,,,,,,,,,1,1,1,1.0,6.0
201800018898,0018-06-28 08:25:00,18,6,28,8,25,560,185,RN 165 le Mourillon,47.78016,-3.4231,Plein jour,Hors agglomération,Hors intersection,Normale,Sans collision,,,,,,,,,,,1,1,1,1.0,7.0
201800018899,0018-06-29 17:45:00,18,6,29,17,45,560,185,RN 165 PR 99,47.77223,-3.38709,Plein jour,Hors agglomération,Hors intersection,Normale,Autre collision,,,,,,,,,,,1,1,1,1.0,6.0
201800018900,0018-07-15 23:50:00,18,7,15,23,50,560,185,rue Jean Jaurès,47.78816,-3.41606,Nuit avec éclairage allumé,En agglomération,Hors intersection,Normale,Autre collision,,,,,,,,,,,5,2,1,1.0,6.0
201800018901,0018-08-01 09:30:00,18,8,1,9,30,560,36,Rue du Maneguen,47.7873,-3.32816,Plein jour,En agglomération,Intersection en T,Normale,Deux véhicules - arrière,,,,,,,,,,,1,2,3,1.0,2.0
201800018902,0018-08-05 17:45:00,18,8,5,17,45,560,185,rue du SCORFF,47.77191,-3.37616,Plein jour,Hors agglomération,Hors intersection,Normale,Autre collision,,,,,,,,,,,1,1,1,1.0,6.0
201800018903,0018-08-14 18:15:00,18,8,14,18,15,560,89,rue de la Résistance,47.97687,-3.28559,Plein jour,Hors agglomération,Hors intersection,Normale,Autre collision,,,,,,,,,,,1,1,1,1.0,6.0
201800018904,0018-08-22 01:15:00,18,8,22,1,15,560,166,lieu dit le Paou,47.91683,-3.39322,Nuit sans éclairage public,Hors agglomération,Hors intersection,Normale,Autre collision,,,,,,,,,,,3,1,1,1.0,6.0
201800018905,0018-09-15 17:45:00,18,9,15,17,45,560,40,Kerchopine,47.88698,-3.33939,Plein jour,Hors agglomération,Hors intersection,Normale,Deux véhicules - frontale,,,,,,,,,,,1,1,1,1.0,1.0
201800018906,0018-09-22 01:40:00,18,9,22,1,40,560,185,RN165 - PR 100+870,47.7781,-3.40931,Nuit sans éclairage public,Hors agglomération,Hors intersection,Normale,Deux véhicules - arrière,,,,,,,,,,,3,1,1,1.0,2.0
201800018907,0018-09-29 16:30:00,18,9,29,16,30,560,36,kerbeban,47.79873,-3.34794,Plein jour,En agglomération,Hors intersection,Normale,Autre collision,,,,,,,,,,,1,2,1,1.0,6.0
201800018908,0018-10-06 21:40:00,18,10,6,21,40,560,185,St Nicodème,47.77815,-3.42706,Nuit sans éclairage public,Hors agglomération,Hors intersection,Temps couvert,Autre collision,,,,,,,,,,,3,1,1,8.0,6.0
201800018909,0018-10-22 14:40:00,18,10,22,14,40,560,36,280 Rue Pierre Landais,47.78515,-3.33686,Plein jour,En agglomération,Autre intersection,Normale,Deux véhicules - côté,,,,,,,,,,,1,2,9,1.0,3.0
201800018910,0018-11-18 10:40:00,18,11,18,10,40,560,63,rue des plages,47.804,-3.44541,Plein jour,En agglomération,Hors intersection,Normale,Sans collision,,,,,,,,,,,1,2,1,1.0,7.0
201800018911,0018-11-23 20:40:00,18,11,23,20,40,560,166,lieu-dit restavy,47.91374,-3.35552,Nuit avec éclairage allumé,Hors agglomération,Hors intersection,Pluie légère,Sans collision,,,,,,,,,,,5,1,1,2.0,7.0
201800018912,0018-12-08 13:00:00,18,12,8,13,0,560,40,lieu dit la Garenne,47.84028,-3.37592,Plein jour,Hors agglomération,Hors intersection,Pluie forte,Sans collision,,,,,,,,,,,1,1,1,3.0,7.0
201800018913,0018-12-18 11:50:00,18,12,18,11,50,560,179,RD 6,47.84401,-3.40904,Plein jour,Hors agglomération,Hors intersection,Pluie forte,Autre collision,,,,,,,,,,,1,1,1,3.0,6.0
201800018914,0018-02-26 17:30:00,18,2,26,17,30,560,193,départementale 781,47.74006,-3.30276,Plein jour,Hors agglomération,Hors intersection,Normale,Trois véhicules et plus - en chaîne,,,,,,,,,,,1,1,1,1.0,4.0
201800018915,0018-03-01 17:30:00,18,3,1,17,30,560,130,KERVENANT,47.74196,-3.21163,Plein jour,Hors agglomération,Hors intersection,Pluie légère,Deux véhicules - frontale,,,,,,,,,,,1,1,1,2.0,1.0
201800018916,0018-05-05 17:50:00,18,5,5,17,50,560,54,Kerfelicité,47.62853,-3.14312,Plein jour,Hors agglomération,Intersection en X,Normale,Deux véhicules - côté,,,,,,,,,,,1,1,2,1.0,3.0
201800018917,0018-05-08 16:10:00,18,5,8,16,10,560,161,Kerjégo,47.66619,-3.03499,Plein jour,Hors agglomération,Hors intersection,Normale,Deux véhicules - côté,,,,,,,,,,,1,1,1,1.0,3.0
201800018918,0018-06-05 23:00:00,18,6,5,23,0,560,119,rue Poul Prio,47.71029,-3.10862,Nuit sans éclairage public,En agglomération,Hors intersection,Normale,Autre collision,,,,,,,,,,,3,2,1,1.0,6.0
201800018919,0018-06-21 13:45:00,18,6,21,13,45,560,161,Pen Er Pont,47.66686,-3.04922,Plein jour,Hors agglomération,Intersection en T,Normale,Deux véhicules - frontale,,,,,,,,,,,1,1,3,1.0,1.0
201800018920,0018-07-04 02:15:00,18,7,4,2,15,560,169,la Croix Audran,47.69645,-3.2581,Nuit avec éclairage allumé,En agglomération,Giratoire,Normale,Sans collision,,,,,,,,,,,5,2,6,1.0,7.0
201800018921,0018-07-09 18:50:00,18,7,9,18,50,560,161,La grille de Kervernic,47.6654,-3.10401,Plein jour,Hors agglomération,Hors intersection,Normale,Sans collision,,,,,,,,,,,1,1,1,1.0,7.0
201800018922,0018-07-11 12:50:00,18,7,11,12,50,560,130,RD170 - St Efflam,47.74329,-3.27492,Plein jour,Hors agglomération,Hors intersection,Normale,Autre collision,,,,,,,,,,,1,1,1,1.0,6.0