accident_id,datetime,annee,mois,jour,heure,minute,departement,commune_insee,adresse,latitude,longitude,luminosite,agglomeration,intersection,meteo,collision,nb_vehicules,nb_usagers,nb_indemnes,nb_tues,nb_blesses_hosp,nb_blesses_legers,age_cond_1,age_cond_2,veh_type_cond_1,veh_type_cond_2,lum_code,agg_code,int_code,atm_code,col_code
201800018923,0018-08-24 17:10:00,18,8,24,17,10,560,193,RD781-Mané Branroc'h,47.73998,-3.3027,Plein jour,Hors agglomération,Intersection en X,Normale,Deux véhicules - arrière,,,,,,,,,,,1,1,2,1.0,2.0
201800018924,0018-09-03 12:00:00,18,9,3,12,0,560,161,"Lieu Dit ""Mont Salut""",47.64459,-3.04011,Plein jour,Hors agglomération,Hors intersection,Normale,Trois véhicules et plus - en chaîne,,,,,,,,,,,1,1,1,1.0,4.0
201800018925,0018-09-15 21:50:00,18,9,15,21,50,560,119,lieu dit Kerio,47.70229,-3.11171,Nuit sans éclairage public,En agglomération,Hors intersection,Normale,Autre collision,,,,,,,,,,,3,2,1,1.0,6.0
201800018926,0018-09-16 21:05:00,18,9,16,21,5,560,169,lieu-dit Kerzine,47.6898,-3.26068,Nuit sans éclairage public,Hors agglomération,Hors intersection,Normale,Sans collision,,,,,,,,,,,3,1,1,1.0,7.0
201800018927,0018-09-19 19:00:00,18,9,19,19,0,560,130,RP de la Madeleine,47.73921,-3.22602,Plein jour,Hors agglomération,Giratoire,Normale,Deux véhicules - côté,,,,,,,,,,,1,1,6,1.0,3.0
201800018928,0018-12-12 19:15:00,18,12,12,19,15,560,193,route d'Hennebont,47.7295,-3.31974,Nuit sans éclairage public,Hors agglomération,Hors intersection,Normale,Deux véhicules - frontale,,,,,,,,,,,3,1,1,1.0,1.0
201800018929,0018-12-24 18:00:00,18,12,24,18,0,560,119,Route de l'Océan,47.71041,-3.10495,Nuit avec éclairage allumé,En agglomération,Hors intersection,Normale,Autre collision,,,,,,,,,,,5,2,1,1.0,6.0
201800018930,0018-01-05 23:38:00,18,1,5,23,38,560,145,D766,48.04175,-2.30387,Nuit sans éclairage public,Hors agglomération,Hors intersection,Normale,Deux véhicules - frontale,,,,,,,,,,,3,1,1,1.0,1.0
201800018931,0018-03-11 19:40:00,18,3,11,19,40,560,249,D.8 PK 14.250,47.95186,-2.42998,Nuit sans éclairage public,Hors agglomération,Hors intersection,Pluie forte,Deux véhicules - frontale,,,,,,,,,,,3,1,1,3.0,1.0
201800018932,0018-04-07 10:30:00,18,4,7,10,30,560,127,Le bois de la roche,48.04378,-2.33027,Plein jour,En agglomération,Hors intersection,Normale,Sans collision,,,,,,,,,,,1,2,1,1.0,7.0
201800018933,0018-06-03 01:30:00,18,6,3,1,30,560,165,rue Saint Michel,47.92275,-2.40701,Nuit avec éclairage allumé,En agglomération,Hors intersection,Normale,Deux véhicules - arrière,,,,,,,,,,,5,2,1,1.0,2.0
201800018934,0018-06-27 16:50:00,18,6,27,16,50,560,208,la petite rochette,48.0843,-2.32707,Plein jour,Hors agglomération,Hors intersection,Normale,Autre collision,,,,,,,,,,,1,1,1,1.0,6.0
201800018935,0018-07-17 17:50:00,18,7,17,17,50,560,32,LA VILLE ANDRE,47.97403,-2.29122,Plein jour,Hors agglomération,Hors intersection,Normale,Autre collision,,,,,,,,,,,1,1,1,1.0,6.0
201800018936,0018-07-26 09:05:00,18,7,26,9,5,560,32,RD 141 St Laurent,47.96401,-2.34191,Plein jour,Hors agglomération,Hors intersection,Normale,Sans collision,,,,,,,,,,,1,1,1,1.0,7.0
201800018937,0018-08-31 19:35:00,18,8,31,19,35,560,122,lieu dit Saint Malo,47.97602,-2.37987,Plein jour,Hors agglomération,Giratoire,Normale,Autre collision,,,,,,,,,,,1,1,6,1.0,6.0
201800018938,0018-09-16 11:55:00,18,9,16,11,55,560,35,Lieu dit grand village,47.85439,-2.3366,Plein jour,Hors agglomération,Intersection en X,Normale,Deux véhicules - côté,,,,,,,,,,,1,1,2,1.0,3.0
201800018939,0018-12-07 08:15:00,18,12,7,8,15,560,165,124 rue du Val,47.94094,-2.39821,Crépuscule ou aube,En agglomération,Hors intersection,Pluie forte,Sans collision,,,,,,,,,,,2,2,1,3.0,7.0
201800018940,0018-12-08 19:40:00,18,12,8,19,40,560,249,la Rivière Cornillet,47.95988,-2.41847,Nuit sans éclairage public,Hors agglomération,Hors intersection,Pluie légère,Deux véhicules - frontale,,,,,,,,,,,3,1,1,2.0,1.0
201800018941,0018-01-07 03:00:00,18,1,7,3,0,560,244,LE GROS CHENE,47.82089,-2.43153,Nuit sans éclairage public,Hors agglomération,Hors intersection,Normale,Sans collision,,,,,,,,,,,3,1,1,1.0,7.0
201800018942,0018-03-07 18:40:00,18,3,7,18,40,560,244,lieu-dit Pinieux,47.8114,-2.49199,Crépuscule ou aube,Hors agglomération,Hors intersection,Normale,Sans collision,,,,,,,,,,,2,1,1,1.0,7.0
201800018943,0018-03-13 15:25:00,18,3,13,15,25,560,33,Les landes menues,47.82294,-2.11153,Plein jour,Hors agglomération,Hors intersection,Normale,Autre collision,,,,,,,,,,,1,1,1,1.0,6.0
201800018944,0018-03-20 22:30:00,18,3,20,22,30,560,159,lieu dit ''la crolaie'',47.74861,-2.39814,Nuit sans éclairage public,Hors agglomération,Hors intersection,Normale,Sans collision,,,,,,,,,,,3,1,1,1.0,7.0
201800018945,0018-04-25 11:50:00,18,4,25,11,50,560,33,LA GUICHARDAIE,47.82403,-2.12586,Plein jour,Hors agglomération,Intersection en T,Normale,Deux véhicules - frontale,,,,,,,,,,,1,1,3,1.0,1.0
201800018946,0018-05-20 13:45:00,18,5,20,13,45,560,61,L'Abbaye aux Saloux,47.78327,-2.09689,Plein jour,Hors agglomération,Hors intersection,Normale,Autre collision,,,,,,,,,,,1,1,1,1.0,6.0
201800018947,0018-05-23 21:30:00,18,5,23,21,30,560,244,TREFIGUET,47.79733,-2.50737,Plein jour,Hors agglomération,Hors intersection,Normale,Sans collision,,,,,,,,,,,1,1,1,1.0,7.0
201800018948,0018-05-29 07:30:00,18,5,29,7,30,560,75,avenue de brocéilande,47.9467,-2.13329,Plein jour,En agglomération,Hors intersection,Temps couvert,Autre collision,,,,,,,,,,,1,2,1,8.0,6.0
201800018949,0018-06-17 00:20:00,18,6,17,0,20,560,33,la Métairie de Bas,47.82634,-2.06608,Nuit sans éclairage public,En agglomération,Hors intersection,Normale,Autre collision,,,,,,,,,,,3,2,1,1.0,6.0
201800018950,0018-06-26 22:50:00,18,6,26,22,50,560,75,44 rue de St Cyr,47.93752,-2.13135,Nuit sans éclairage public,En agglomération,Hors intersection,Normale,Autre collision,,,,,,,,,,,3,2,1,1.0,6.0
201800018951,0018-07-02 14:00:00,18,7,2,14,0,560,124,Faubourg la Madeleine,47.8109,-2.37781,Plein jour,En agglomération,Hors intersection,Temps couvert,Autre collision,,,,,,,,,,,1,2,1,8.0,6.0
201800018952,0018-07-12 16:40:00,18,7,12,16,40,560,61,D138/ av des Erables,47.75778,-2.14428,Plein jour,En agglomération,Intersection en T,Normale,Deux véhicules - côté,,,,,,,,,,,1,2,3,1.0,3.0
201800018953,0018-07-15 16:30:00,18,7,15,16,30,560,244,LIEU-DIT RIDOLET,47.81228,-2.51158,Plein jour,Hors agglomération,Intersection en T,Normale,Deux véhicules - côté,,,,,,,,,,,1,1,3,1.0,3.0
201800018954,0018-07-12 10:00:00,18,7,12,10,0,560,124,Faubourg Saint Michel,47.81096,-2.38401,Plein jour,En agglomération,Hors intersection,Normale,Autre collision,,,,,,,,,,,1,2,1,1.0,6.0
201800018955,0018-08-01 12:00:00,18,8,1,12,0,560,136,lieu-dit Bécihan,47.86958,-2.1958,Plein jour,Hors agglomération,Hors intersection,Normale,Autre collision,,,,,,,,,,,1,1,1,1.0,6.0
201800018956,0018-08-15 16:30:00,18,8,15,16,30,560,38,Rte de la Gacilly,47.78416,-2.10656,Plein jour,En agglomération,Hors intersection,Normale,Autre collision,,,,,,,,,,,1,2,1,1.0,6.0
201800018957,0018-08-27 07:45:00,18,8,27,7,45,560,226,LES SABLES,47.95758,-2.14522,Plein jour,Hors agglomération,Hors intersection,Normale,Deux véhicules - frontale,,,,,,,,,,,1,1,1,1.0,1.0
201800018958,0018-09-15 19:30:00,18,9,15,19,30,560,159,Kergo,47.76797,-2.41951,Crépuscule ou aube,Hors agglomération,Intersection en T,Temps éblouissant,Deux véhicules - côté,,,,,,,,,,,2,1,3,7.0,3.0
201800018959,0018-09-16 10:45:00,18,9,16,10,45,560,6,Le Binio,47.89793,-2.27042,Plein jour,Hors agglomération,Hors intersection,Normale,Autre collision,,,,,,,,,,,1,1,1,1.0,6.0
201800018960,0018-10-18 13:15:00,18,10,18,13,15,560,228,la Paviotaie,47.80534,-2.40194,Plein jour,En agglomération,Giratoire,Normale,Deux véhicules - frontale,,,,,,,,,,,1,2,6,1.0,1.0
201800018961,0018-03-06 01:05:00,18,3,6,1,5,560,24,11 rue de Noé,48.05642,-2.68929,Nuit avec éclairage non allumé,En agglomération,Hors intersection,Normale,Sans collision,,,,,,,,,,,4,2,1,1.0,7.0
201800018962,0018-02-11 08:50:00,18,2,11,8,50,560,59,d 793,48.0313,-2.53542,Crépuscule ou aube,Hors agglomération,Hors intersection,Normale,Autre collision,,,,,,,,,,,2,1,1,1.0,6.0
201800018963,0018-02-26 00:30:00,18,2,26,0,30,560,51,la Ville Auray,47.90458,-2.58932,Nuit sans éclairage public,Hors agglomération,Hors intersection,Normale,Autre collision,,,,,,,,,,,3,1,1,1.0,6.0
201800018964,0018-02-26 20:40:00,18,2,26,20,40,560,51,La ville au Lau,47.88112,-2.6178,Nuit sans éclairage public,Hors agglomération,Hors intersection,Normale,Autre collision,,,,,,,,,,,3,1,1,1.0,6.0
201800018965,0018-02-28 10:55:00,18,2,28,10,55,560,91,rue Théodore Botrel,47.96131,-2.55018,Plein jour,En agglomération,Hors intersection,Normale,Deux véhicules - frontale,,,,,,,,,,,1,2,1,1.0,1.0
201800018966,0018-03-11 05:00:00,18,3,11,5,0,560,172,cadoudal,47.82124,-2.65575,Nuit sans éclairage public,Hors agglomération,Hors intersection,Normale,Autre collision,,,,,,,,,,,3,1,1,1.0,6.0
201800018967,0018-04-28 03:10:00,18,4,28,3,10,560,79,L'Abbaye aux oies,47.93885,-2.46384,Nuit sans éclairage public,Hors agglomération,Hors intersection,Normale,Autre collision,,,,,,,,,,,3,1,1,1.0,6.0
201800018968,0018-07-26 20:05:00,18,7,26,20,5,560,102,lieu dit Les Croix,47.99196,-2.539,Plein jour,Hors agglomération,Hors intersection,Normale,Deux véhicules - côté,,,,,,,,,,,1,1,1,1.0,3.0
201800018969,0018-04-29 22:40:00,18,4,29,22,40,560,79,RN24-sens RENNES/LORIENT,47.94022,-2.49818,Nuit sans éclairage public,Hors agglomération,Hors intersection,Pluie forte,Sans collision,,,,,,,,,,,3,1,1,3.0,7.0
201800018970,0018-05-22 17:10:00,18,5,22,17,10,560,59,le haut bodinais,48.03074,-2.64938,Plein jour,Hors agglomération,Hors intersection,Normale,Autre collision,,,,,,,,,,,1,1,1,1.0,6.0
201800018971,0018-06-09 21:30:00,18,6,9,21,30,560,91,rue de la Tannerie,47.95797,-2.5568,Crépuscule ou aube,Hors agglomération,Hors intersection,Normale,Sans collision,,,,,,,,,,,2,1,1,1.0,7.0
201800018972,0018-06-19 14:30:00,18,6,19,14,30,560,24,Le Guétavet,48.08968,-2.6911,Plein jour,Hors agglomération,Intersection en X,Normale,Deux véhicules - côté,,,,,,,,,,,1,1,2,1.0,3.0
201800018973,0018-06-25 14:30:00,18,6,25,14,30,560,19,Kerivaux,47.87743,-2.65452,Plein jour,Hors agglomération,Hors intersection,Normale,Sans collision,,,,,,,,,,,1,1,1,1.0,7.0
201800018974,0018-07-10 10:40:00,18,7,10,10,40,560,172,LIEU-DIT LE CLAIRIO,47.83262,-2.59285,Plein jour,Hors agglomération,Intersection en T,Normale,Deux véhicules - côté,,,,,,,,,,,1,1,3,1.0,3.0
201800018975,0018-08-23 18:00:00,18,8,23,18,0,560,172,D126,47.83008,-2.64935,Plein jour,Hors agglomération,Intersection en Y,Normale,Autre collision,,,,,,,,,,,1,1,4,1.0,6.0
201800018976,0018-09-29 14:56:00,18,9,29,14,56,560,24,22 rue de Chateaubriant,48.06,-2.6904,Plein jour,En agglomération,Intersection en T,Normale,Deux véhicules - frontale,,,,,,,,,,,1,2,3,1.0,1.0
201800018977,0018-09-29 17:40:00,18,9,29,17,40,560,17,Kersalouz,47.88357,-2.7983,Plein jour,Hors agglomération,Hors intersection,Normale,Trois véhicules et plus - collisions multiples,,,,,,,,,,,1,1,1,1.0,5.0
201800018978,0018-10-03 06:30:00,18,10,3,6,30,560,102,lieu-dit la ville aubert,47.97336,-2.57455,Crépuscule ou aube,Hors agglomération,Hors intersection,Temps couvert,Autre collision,,,,,,,,,,,2,1,1,8.0,6.0
201800018979,0018-12-29 16:30:00,18,12,29,16,30,560,79,RN 24 PR 28+655,47.94022,-2.49818,Plein jour,Hors agglomération,Hors intersection,Normale,Deux véhicules - arrière,,,,,,,,,,,1,1,1,1.0,2.0
201800018980,0018-01-09 18:15:00,18,1,9,18,15,560,178,20 rue Albert de MUN,48.05748,-2.96344,Nuit avec éclairage allumé,En agglomération,Hors intersection,Pluie légère,Autre collision,,,,,,,,,,,5,2,1,2.0,6.0
201800018981,0018-03-06 12:00:00,18,3,6,12,0,560,163,Crénénan,48.08301,-3.23377,Plein jour,Hors agglomération,Intersection en Y,Pluie légère,Autre collision,,,,,,,,,,,1,1,4,2.0,6.0
201800018982,0018-03-20 19:00:00,18,3,20,19,0,560,246,Lieu-dit Le Coledo,48.05023,-2.97678,Plein jour,Hors agglomération,Hors intersection,Normale,Autre collision,,,,,,,,,,,1,1,1,1.0,6.0
201800018983,0018-04-06 22:30:00,18,4,6,22,30,560,178,RUE NATIONALE,48.06298,-2.96683,Nuit avec éclairage allumé,En agglomération,Autre intersection,Normale,Autre collision,,,,,,,,,,,5,2,9,1.0,6.0
201800018984,0018-06-22 15:40:00,18,6,22,15,40,560,151,La Ville Neuve Tranle,48.02823,-2.91627,Plein jour,Hors agglomération,Intersection en X,Normale,Deux véhicules - côté,,,,,,,,,,,1,1,2,1.0,3.0
201800018985,0018-09-08 16:20:00,18,9,8,16,20,560,178,41 rue du Gal de Gaulle,48.0718,-2.96364,Plein jour,En agglomération,Intersection en T,Normale,Deux véhicules - côté,,,,,,,,,,,1,2,3,1.0,3.0
201800018986,0018-10-07 03:00:00,18,10,7,3,0,560,73,RD 1,48.07158,-3.21069,Nuit sans éclairage public,Hors agglomération,Intersection en T,Temps couvert,Autre collision,,,,,,,,,,,3,1,3,8.0,6.0
201800018987,0018-10-22 04:00:00,18,10,22,4,0,560,76,lieu-dit LANN ER FROSTE,48.02884,-3.02764,Nuit sans éclairage public,Hors agglomération,Intersection en Y,Normale,Autre collision,,,,,,,,,,,3,1,4,1.0,6.0
201800018988,0018-12-07 11:20:00,18,12,7,11,20,560,178,Rue Francois Mitterand,48.06485,-2.96662,Plein jour,En agglomération,Hors intersection,Normale,Autre collision,,,,,,,,,,,1,2,1,1.0,6.0
201800018989,0018-12-22 16:30:00,18,12,22,16,30,560,237,RD 768 PR 68+966,48.01347,-2.97349,Plein jour,Hors agglomération,Hors intersection,Normale,Deux véhicules - frontale,,,,,,,,,,,1,1,1,1.0,1.0
201800018990,0018-12-29 20:00:00,18,12,29,20,0,560,242,Lieu-dit Locmaria,48.11425,-3.15185,Nuit sans éclairage public,Hors agglomération,Hors intersection,Normale,Autre collision,,,,,,,,,,,3,1,1,1.0,6.0
201800018991,0018-01-14 19:00:00,18,1,14,19,0,560,128,Kergoste,48.00416,-3.06384,Nuit sans éclairage public,Hors agglomération,Hors intersection,Normale,Deux véhicules - frontale,,,,,,,,,,,3,1,1,1.0,1.0
201800018992,0018-03-12 16:10:00,18,3,12,16,10,560,10,RN24,47.89493,-3.00846,Plein jour,Hors agglomération,Hors intersection,Pluie légère,Sans collision,,,,,,,,,,,1,1,1,2.0,7.0
201800018993,0018-03-25 05:15:00,18,3,25,5,15,560,174,Breneuh,47.87036,-2.85875,Nuit sans éclairage public,Hors agglomération,Hors intersection,Pluie légère,Autre collision,,,,,,,,,,,3,1,1,2.0,6.0
201800018994,0018-04-10 11:26:00,18,4,10,11,26,560,10,chemin des écureuils,47.88034,-3.02788,Plein jour,Hors agglomération,Intersection en T,Pluie légère,Deux véhicules - frontale,,,,,,,,,,,1,1,3,2.0,1.0
201800018995,0018-04-28 15:30:00,18,4,28,15,30,560,117,rue Duguesclin,47.88753,-2.83088,Plein jour,En agglomération,Hors intersection,Normale,Autre collision,,,,,,,,,,,1,2,1,1.0,6.0
201800018996,0018-05-14 08:15:00,18,5,14,8,15,560,174,Zone de Kerichelard,47.89258,-2.87395,Plein jour,Hors agglomération,Intersection en T,Normale,Deux véhicules - arrière,,,,,,,,,,,1,1,3,1.0,2.0
201800018997,0018-05-21 12:43:00,18,5,21,12,43,560,10,25 Rue des Fontaines,47.87578,-3.0167,Plein jour,En agglomération,Giratoire,Normale,Deux véhicules - côté,,,,,,,,,,,1,2,6,1.0,3.0
201800018998,0018-07-02 15:10:00,18,7,2,15,10,560,117,R D117,47.88403,-2.8412,Plein jour,En agglomération,Hors intersection,Pluie légère,Deux véhicules - frontale,,,,,,,,,,,1,2,1,2.0,1.0
201800018999,0018-07-03 08:45:00,18,7,3,8,45,560,174,Kerbasque,47.86974,-2.88944,Plein jour,Hors agglomération,Intersection en T,Pluie légère,Deux véhicules - côté,,,,,,,,,,,1,1,3,2.0,3.0
201800019000,0018-08-14 16:55:00,18,8,14,16,55,560,141,le Moulin du resto,47.84799,-2.86513,Plein jour,Hors agglomération,Hors intersection,Normale,Deux véhicules - frontale,,,,,,,,,,,1,1,1,1.0,1.0
201800019001,0018-10-28 09:00:00,18,10,28,9,0,560,74,Koh Koed,47.89655,-2.92123,Plein jour,Hors agglomération,Intersection en T,Pluie légère,Deux véhicules - côté,,,,,,,,,,,1,1,3,2.0,3.0
201800019002,0018-12-26 22:20:00,18,12,26,22,20,560,140,LIEU DIT KERBOLOT,47.90508,-2.83895,Nuit sans éclairage public,Hors agglomération,Intersection en T,Normale,Deux véhicules - arrière,,,,,,,,,,,3,1,3,1.0,2.0
201800019003,0018-01-11 16:15:00,18,1,11,16,15,560,66,GIRATOIRE de GUIRZOUT,48.1553,-3.59386,Plein jour,Hors agglomération,Giratoire,Normale,Deux véhicules - arrière,,,,,,,,,,,1,1,6,1.0,2.0
201800019004,0018-02-24 17:30:00,18,2,24,17,30,560,57,rue du Poher,48.03136,-3.48696,Plein jour,En agglomération,Intersection en T,Normale,Deux véhicules - frontale,,,,,,,,,,,1,2,3,1.0,1.0
201800019005,0018-03-25 15:32:00,18,3,25,15,32,560,131,le moustoir,48.01329,-3.46523,Plein jour,Hors agglomération,Hors intersection,Normale,Deux véhicules - frontale,,,,,,,,,,,1,1,1,1.0,1.0
201800019006,0018-05-06 13:40:00,18,5,6,13,40,560,14,Poulhibet,47.95545,-3.39349,Plein jour,Hors agglomération,Intersection en T,Normale,Deux véhicules - côté,,,,,,,,,,,1,1,3,1.0,3.0
201800019007,0018-05-27 10:15:00,18,5,27,10,15,560,170,KERGUZUL,48.13534,-3.34899,Plein jour,Hors agglomération,Intersection en X,Normale,Deux véhicules - frontale,,,,,,,,,,,1,1,2,1.0,1.0
201800019008,0018-08-15 10:15:00,18,8,15,10,15,560,182,Moulin de la Garenne,48.09069,-3.44835,Plein jour,Hors agglomération,Hors intersection,Pluie légère,Autre collision,,,,,,,,,,,1,1,1,2.0,6.0
201800019009,0018-08-26 16:00:00,18,8,26,16,0,560,100,CROAS LOAZ,48.14545,-3.50039,Plein jour,Hors agglomération,Intersection en X,Pluie légère,Deux véhicules - côté,,,,,,,,,,,1,1,2,2.0,3.0
201800019010,0018-11-10 14:06:00,18,11,10,14,6,560,66,23 rue de Cornouaille,48.14148,-3.62057,Plein jour,En agglomération,Intersection en Y,Pluie légère,Deux véhicules - arrière,,,,,,,,,,,1,2,4,2.0,2.0
201800019011,0018-12-08 14:15:00,18,12,8,14,15,560,66,penhoat bever,48.1363,-3.66189,Plein jour,Hors agglomération,Autre intersection,Pluie légère,Autre collision,,,,,,,,,,,1,1,9,2.0,6.0
201800019012,0018-03-09 16:05:00,18,3,9,16,5,950,527,RD 317,49.0155,2.4932,Plein jour,Hors agglomération,Hors intersection,Pluie légère,Deux véhicules - arrière,,,,,,,,,,,1,1,1,2.0,2.0
201800019013,0018-06-20 22:10:00,18,6,20,22,10,950,612,RUE MAURICE BERTEAUX,49.0011,2.4822,Plein jour,En agglomération,Hors intersection,Normale,Autre collision,,,,,,,,,,,1,2,1,1.0,6.0
201800019014,0018-10-11 14:30:00,18,10,11,14,30,950,527,RD 317,49.0219,2.4971,Plein jour,Hors agglomération,Hors intersection,Normale,Trois véhicules et plus - en chaîne,,,,,,,,,,,1,1,1,1.0,4.0
201800019015,0018-10-26 14:45:00,18,10,26,14,45,950,527,RUE DE LA BELLE ETOILE,48.9803,2.5027,Plein jour,En agglomération,Hors intersection,Normale,Deux véhicules - frontale,,,,,,,,,,,1,2,1,1.0,1.0
201800019016,0018-11-07 19:00:00,18,11,7,19,0,950,527,ROND POINT DU TERROIR,48.9965,2.5109,Nuit sans éclairage public,Hors agglomération,Giratoire,Normale,Deux véhicules - côté,,,,,,,,,,,3,1,6,1.0,3.0
201800019017,0018-03-24 19:50:00,18,3,24,19,50,190,192,la chabanne,45.12555,1.89731,Nuit sans éclairage public,Hors agglomération,Hors intersection,Normale,Deux véhicules - frontale,,,,,,,,,,,3,1,1,1.0,1.0
201800019018,0018-03-30 15:45:00,18,3,30,15,45,190,4,Roche de vic - RD 940,45.12248,1.78774,Plein jour,Hors agglomération,Hors intersection,Pluie légère,Deux véhicules - frontale,,,,,,,,,,,1,1,1,2.0,1.0
201800019019,0018-06-25 07:30:00,18,6,25,7,30,190,86,D13E2,45.03749,2.05975,Plein jour,Hors agglomération,Hors intersection,Normale,Deux véhicules - frontale,,,,,,,,,,,1,1,1,1.0,1.0
201800019020,0018-09-01 14:40:00,18,9,1,14,40,190,181,la tourrondel,45.4236,1.8662,Plein jour,Hors agglomération,Hors intersection,Normale,Autre collision,,,,,,,,,,,1,1,1,1.0,6.0
201800019021,0018-10-08 16:50:00,18,10,8,16,50,190,145,LES FARGES,45.37329,2.0872,Plein jour,Hors agglomération,Hors intersection,Normale,Deux véhicules - côté,,,,,,,,,,,1,1,1,1.0,3.0
201800019022,0018-06-21 05:00:00,18,6,21,5,0,190,225,route départementale 978,45.26796,2.08426,Crépuscule ou aube,Hors agglomération,Hors intersection,Normale,Autre collision,,,,,,,,,,,2,1,1,1.0,6.0
201800019023,0018-03-18 19:50:00,18,3,18,19,50,190,60,lieu dit La Jonchère - P,45.47691,1.59067,Nuit sans éclairage public,Hors agglomération,Hors intersection,Pluie forte,Autre collision,,,,,,,,,,,3,1,1,3.0,6.0
201800019024,0018-05-20 11:00:00,18,5,20,11,0,190,248,"Lieu dit ""La Brugère""",45.43265,1.5159,Plein jour,Hors agglomération,Hors intersection,Normale,Deux véhicules - frontale,,,,,,,,,,,1,1,1,1.0,1.0
201800019025,0018-06-07 17:02:00,18,6,7,17,2,190,118,"lieu-dit ""La Tronche""",45.46711,1.74704,Plein jour,Hors agglomération,Hors intersection,Normale,Sans collision,,,,,,,,,,,1,1,1,1.0,7.0
201800019026,0018-08-06 03:45:00,18,8,6,3,45,190,255,Le Puy Pinson,45.35455,1.70819,Nuit sans éclairage public,Hors agglomération,Hors intersection,Normale,Autre collision,,,,,,,,,,,3,1,1,1.0,6.0
201800019027,0018-10-14 17:05:00,18,10,14,17,5,190,131,bissol,45.54148,1.66459,Plein jour,Hors agglomération,Hors intersection,Normale,Autre collision,,,,,,,,,,,1,1,1,1.0,6.0
201800019028,0018-03-25 17:15:00,18,3,25,17,15,190,43,le pré lafon,45.14387,1.62687,Plein jour,Hors agglomération,Hors intersection,Normale,Deux véhicules - frontale,,,,,,,,,,,1,1,1,1.0,1.0
201800019029,0018-04-11 18:30:00,18,4,11,18,30,190,66,face au 33 rue Pierre Gu,45.14062,1.30665,Plein jour,En agglomération,Hors intersection,Normale,Autre collision,,,,,,,,,,,1,2,1,1.0,6.0
201800019030,0018-05-11 11:15:00,18,5,11,11,15,190,93,Rote départementale 08 -,45.09306,1.56953,Plein jour,Hors agglomération,Hors intersection,Temps éblouissant,Deux véhicules - côté,,,,,,,,,,,1,1,1,7.0,3.0
201800019031,0018-06-20 15:25:00,18,6,20,15,25,190,123,Giratoire Rhin et Danube,45.16231,1.58136,Plein jour,En agglomération,Giratoire,Normale,Deux véhicules - côté,,,,,,,,,,,1,2,6,1.0,3.0
201800019032,0018-07-06 15:08:00,18,7,6,15,8,190,124,Route départementale 133,45.13442,1.36775,Plein jour,Hors agglomération,Intersection en Y,Normale,Deux véhicules - côté,,,,,,,,,,,1,1,4,1.0,3.0
201800019033,0018-07-08 18:00:00,18,7,8,18,0,190,147,Reyjade,45.04333,1.49854,Plein jour,Hors agglomération,Hors intersection,Normale,Deux véhicules - frontale,,,,,,,,,,,1,1,1,1.0,1.0
201800019034,0018-07-10 18:30:00,18,7,10,18,30,190,66,LE PONTOUR,45.13968,1.31169,Plein jour,Hors agglomération,Intersection en Y,Temps éblouissant,Deux véhicules - côté,,,,,,,,,,,1,1,4,7.0,3.0
201800019035,0018-07-28 23:59:00,18,7,28,23,59,190,147,favars,45.05152,1.48173,Nuit sans éclairage public,En agglomération,Hors intersection,Normale,Sans collision,,,,,,,,,,,3,2,1,1.0,7.0
201800019036,0018-08-23 12:20:00,18,8,23,12,20,190,123,AVENUE DU CAPITAINE FERN,45.17772,1.59213,Plein jour,Hors agglomération,Hors intersection,Normale,Deux véhicules - côté,,,,,,,,,,,1,1,1,1.0,3.0
201800019037,0018-02-03 16:15:00,18,2,3,16,15,190,271,Le pont de la Jeanne,45.03811,1.77715,Plein jour,Hors agglomération,Hors intersection,Normale,Autre collision,,,,,,,,,,,1,1,1,1.0,6.0
201800019038,0018-03-24 10:40:00,18,3,24,10,40,190,19,"37, AVENUE DU GÉNÉRAL DE",44.97877,1.83748,Plein jour,En agglomération,Hors intersection,Pluie légère,Sans collision,,,,,,,,,,,1,2,1,2.0,7.0
201800019039,0018-04-05 08:05:00,18,4,5,8,5,190,13,Lieu-dit La Courtade,45.19545,1.65702,Plein jour,Hors agglomération,Hors intersection,Temps couvert,Trois véhicules et plus - collisions multiples,,,,,,,,,,,1,1,1,8.0,5.0
201800019040,0018-09-15 13:15:00,18,9,15,13,15,190,273,Le Bourg - RD8,45.0535,1.58064,Plein jour,En agglomération,Hors intersection,Temps éblouissant,Autre collision,,,,,,,,,,,1,2,1,7.0,6.0
201800019041,0018-10-08 05:50:00,18,10,8,5,50,190,163,LDT ROC DE MAILLE,45.09298,1.77693,Nuit sans éclairage public,Hors agglomération,Hors intersection,Normale,Autre collision,,,,,,,,,,,3,1,1,1.0,6.0
201800019042,0018-11-01 06:15:00,18,11,1,6,15,190,163,le bosplos,45.06178,1.73752,Nuit sans éclairage public,Hors agglomération,Hors intersection,Pluie légère,Autre collision,,,,,,,,,,,3,1,1,2.0,6.0
201800019043,0018-05-17 15:00:00,18,5,17,15,0,190,278,LE BOS PLAT,45.21209,1.43204,Plein jour,Hors agglomération,Hors intersection,Temps couvert,Autre collision,,,,,,,,,,,1,1,1,8.0,6.0