accident_id,datetime,annee,mois,jour,heure,minute,departement,commune_insee,adresse,latitude,longitude,luminosite,agglomeration,intersection,meteo,collision,nb_vehicules,nb_usagers,nb_indemnes,nb_tues,nb_blesses_hosp,nb_blesses_legers,age_cond_1,age_cond_2,veh_type_cond_1,veh_type_cond_2,lum_code,agg_code,int_code,atm_code,col_code
201800019044,0018-05-26 17:30:00,18,5,26,17,30,190,5,Les Rivières,45.25216,1.46019,Plein jour,Hors agglomération,Autre intersection,Normale,Deux véhicules - côté,,,,,,,,,,,1,1,9,1.0,3.0
201800019045,0018-10-24 07:15:00,18,10,24,7,15,190,274,D1089 - Giratoire de ST,45.19539,1.54113,Crépuscule ou aube,Hors agglomération,Giratoire,Normale,Deux véhicules - côté,,,,,,,,,,,2,1,6,1.0,3.0
201800019046,0018-11-02 19:10:00,18,11,2,19,10,190,274,Giratoire à La Croix de,45.1927,1.49742,Nuit avec éclairage allumé,Hors agglomération,Giratoire,Normale,Deux véhicules - côté,,,,,,,,,,,5,1,6,1.0,3.0
201800019047,0018-11-10 12:15:00,18,11,10,12,15,190,72,D25,45.22953,1.50671,Plein jour,Hors agglomération,Hors intersection,Pluie forte,Sans collision,,,,,,,,,,,1,1,1,3.0,7.0
201800019048,0018-06-23 12:30:00,18,6,23,12,30,190,154,Lieu-dit ''le péage'',45.32968,1.457,Plein jour,Hors agglomération,Hors intersection,Temps éblouissant,Deux véhicules - côté,,,,,,,,,,,1,1,1,7.0,3.0
201800019049,0018-08-10 17:30:00,18,8,10,17,30,190,286,Lieu dit la SUDRIE,45.34944,1.39455,Plein jour,Hors agglomération,Hors intersection,Normale,Deux véhicules - frontale,,,,,,,,,,,1,1,1,1.0,1.0
201800019050,0018-08-19 17:00:00,18,8,19,17,0,190,25,La Plaisance,45.40239,1.33976,Plein jour,Hors agglomération,Hors intersection,Normale,Deux véhicules - frontale,,,,,,,,,,,1,1,1,1.0,1.0
201800019051,0018-08-28 07:25:00,18,8,28,7,25,190,254,D7,45.41268,1.29837,Crépuscule ou aube,Hors agglomération,Intersection en T,Normale,Deux véhicules - frontale,,,,,,,,,,,2,1,3,1.0,1.0
201800019052,0018-04-18 16:00:00,18,4,18,16,0,190,153,01 avenue georges clemen,45.2625,1.40867,Plein jour,En agglomération,Hors intersection,Normale,Autre collision,,,,,,,,,,,1,2,1,1.0,6.0
201800019053,0018-09-06 14:30:00,18,9,6,14,30,190,94,Les Prades,45.3358,1.32135,Plein jour,Hors agglomération,Hors intersection,Pluie légère,Deux véhicules - frontale,,,,,,,,,,,1,1,1,2.0,1.0
201800019054,0018-11-03 19:30:00,18,11,3,19,30,190,15,"D39, avenue du burg de v",45.25668,1.32103,Nuit avec éclairage allumé,En agglomération,Hors intersection,Normale,Autre collision,,,,,,,,,,,5,2,1,1.0,6.0
201800019055,0018-10-08 13:00:00,18,10,8,13,0,190,180,Lieu dit Cussac,45.47806,2.22535,Plein jour,Hors agglomération,Hors intersection,Normale,Autre collision,,,,,,,,,,,1,1,1,1.0,6.0
201800019056,0018-11-01 06:30:00,18,11,1,6,30,190,114,D 982,45.60702,2.29279,Nuit avec éclairage allumé,Hors agglomération,Hors intersection,Normale,Deux véhicules - frontale,,,,,,,,,,,5,1,1,1.0,1.0
201800019057,0018-08-14 19:15:00,18,8,14,19,15,190,28,route du barrage,45.40867,2.49882,Plein jour,Hors agglomération,Hors intersection,Normale,Autre collision,,,,,,,,,,,1,1,1,1.0,6.0
201800019058,0018-02-12 10:30:00,18,2,12,10,30,190,136,La Feuillade,45.55691,2.14736,Plein jour,Hors agglomération,Hors intersection,Normale,Deux véhicules - côté,,,,,,,,,,,1,1,1,1.0,3.0
201800019059,0018-06-05 09:00:00,18,6,5,9,0,190,58,LIEU DIT LE NAUDEIX,45.4952,2.15026,Plein jour,Hors agglomération,Hors intersection,Normale,Sans collision,,,,,,,,,,,1,1,1,1.0,7.0
201800019060,0018-05-20 08:15:00,18,5,20,8,15,190,241,Lieu-dit CHASSELINE,45.6754,2.15133,Plein jour,Hors agglomération,Hors intersection,Normale,Deux véhicules - frontale,,,,,,,,,,,1,1,1,1.0,1.0
201800019061,0018-08-15 12:00:00,18,8,15,12,0,190,74,LIEU DIT LA BARGE,45.648,1.8236,Plein jour,Hors agglomération,Hors intersection,Normale,Deux véhicules - frontale,,,,,,,,,,,1,1,1,1.0,1.0
201800019062,0018-10-01 11:45:00,18,10,1,11,45,190,241,le bourg,45.69444,2.11846,Plein jour,En agglomération,Hors intersection,Pluie légère,Deux véhicules - arrière,,,,,,,,,,,1,2,1,2.0,2.0
201800019063,0018-02-01 07:00:00,18,2,1,7,0,590,331,route de maroilles,50.11871,3.70589,Nuit avec éclairage allumé,En agglomération,Intersection en X,Temps couvert,Deux véhicules - côté,,,,,,,,,,,5,2,2,8.0,3.0
201800019064,0018-05-07 18:40:00,18,5,7,18,40,590,474,rue des vallées,50.10529,3.76358,Plein jour,Hors agglomération,Hors intersection,Normale,Trois véhicules et plus - collisions multiples,,,,,,,,,,,1,1,1,1.0,5.0
201800019065,0018-05-12 03:55:00,18,5,12,3,55,590,331,route de maroilles,50.11845,3.7051,Nuit avec éclairage allumé,En agglomération,Intersection en Y,Normale,Autre collision,,,,,,,,,,,5,2,4,1.0,6.0
201800019066,0018-07-11 17:27:00,18,7,11,17,27,590,503,CD 934,50.14507,3.66344,Plein jour,Hors agglomération,Intersection en T,Normale,Deux véhicules - côté,,,,,,,,,,,1,1,3,1.0,3.0
201800019067,0018-09-25 16:45:00,18,9,25,16,45,590,353,RD33,50.21567,3.68976,Plein jour,Hors agglomération,Intersection à plus de 4 branches,Normale,Deux véhicules - côté,,,,,,,,,,,1,1,5,1.0,3.0
201800019068,0018-10-06 16:25:00,18,10,6,16,25,590,353,CD 951,50.22956,3.74161,Plein jour,Hors agglomération,Hors intersection,Normale,Deux véhicules - frontale,,,,,,,,,,,1,1,1,1.0,1.0
201800019069,0018-10-10 16:00:00,18,10,10,16,0,590,331,16 avenue villars,50.12233,3.69407,Plein jour,En agglomération,Hors intersection,Normale,Trois véhicules et plus - collisions multiples,,,,,,,,,,,1,2,1,1.0,5.0
201800019070,0018-10-17 16:50:00,18,10,17,16,50,590,549,Route départementale 86,50.20806,3.59631,Plein jour,Hors agglomération,Hors intersection,Normale,Sans collision,,,,,,,,,,,1,1,1,1.0,7.0
201800019071,0018-11-24 08:00:00,18,11,24,8,0,590,464,Chaussée Brunehaut,50.17949,3.62517,Crépuscule ou aube,Hors agglomération,Hors intersection,Pluie légère,Autre collision,,,,,,,,,,,2,1,1,2.0,6.0
201800019072,0018-04-04 15:35:00,18,4,4,15,35,590,601,route départementale 951,50.05675,4.12603,Plein jour,Hors agglomération,Hors intersection,Vent fort / tempête,Deux véhicules - frontale,,,,,,,,,,,1,1,1,6.0,1.0
201800019073,0018-09-09 07:25:00,18,9,9,7,25,590,347,D963,50.11071,4.08474,Crépuscule ou aube,Hors agglomération,Hors intersection,Normale,Autre collision,,,,,,,,,,,2,1,1,1.0,6.0
201800019074,0018-09-25 15:00:00,18,9,25,15,0,590,229,Route départementale 42,50.03509,4.02742,Plein jour,Hors agglomération,Hors intersection,Normale,Trois véhicules et plus - collisions multiples,,,,,,,,,,,1,1,1,1.0,5.0
201800019075,0018-01-24 12:30:00,18,1,24,12,30,590,533,62 rue Henri Barbusse,50.17999,3.40835,Plein jour,En agglomération,Hors intersection,Normale,Autre collision,,,,,,,,,,,1,2,1,1.0,6.0
201800019076,0018-03-17 08:30:00,18,3,17,8,30,590,432,D76,50.14181,3.24526,Plein jour,Hors agglomération,Autre intersection,Temps couvert,Sans collision,,,,,,,,,,,1,1,9,8.0,7.0
201800019077,0018-04-08 03:20:00,18,4,8,3,20,590,502,Rue Joseph DOLLET,50.20928,3.34541,Nuit avec éclairage allumé,En agglomération,Hors intersection,Normale,Sans collision,,,,,,,,,,,5,2,1,1.0,7.0
201800019078,0018-05-04 16:15:00,18,5,4,16,15,590,37,rue camélinat,50.19753,3.37926,Plein jour,En agglomération,Hors intersection,Normale,Deux véhicules - frontale,,,,,,,,,,,1,2,1,1.0,1.0
201800019079,0018-07-20 14:15:00,18,7,20,14,15,590,39,28 rue Pasteur,50.15348,3.27675,Plein jour,En agglomération,Hors intersection,Pluie légère,Sans collision,,,,,,,,,,,1,2,1,2.0,7.0
201800019080,0018-11-30 23:00:00,18,11,30,23,0,590,121,Départementale 942,50.1851,3.33695,Nuit sans éclairage public,Hors agglomération,Hors intersection,Normale,Deux véhicules - frontale,,,,,,,,,,,3,1,1,1.0,1.0
201800019081,0018-01-18 18:59:00,18,1,18,18,59,590,149,ferme des iris,50.05865,3.3852,Nuit sans éclairage public,Hors agglomération,Hors intersection,Pluie forte,Deux véhicules - frontale,,,,,,,,,,,3,1,1,3.0,1.0
201800019082,0018-04-03 13:07:00,18,4,3,13,7,590,413,D115,50.10327,3.42677,Plein jour,Hors agglomération,Hors intersection,Normale,Sans collision,,,,,,,,,,,1,1,1,1.0,7.0
201800019083,0018-05-22 16:30:00,18,5,22,16,30,590,545,rue de la fabrique,50.05045,3.53791,Plein jour,En agglomération,Intersection en T,Normale,Deux véhicules - frontale,,,,,,,,,,,1,2,3,1.0,1.0
201800019084,0018-07-10 18:20:00,18,7,10,18,20,590,382,rue du général Leclerc,50.04297,3.41301,Plein jour,En agglomération,Hors intersection,Normale,Deux véhicules - frontale,,,,,,,,,,,1,2,1,1.0,1.0
201800019085,0018-07-15 19:00:00,18,7,15,19,0,590,118,rue des frères desjardin,50.03705,3.46461,Plein jour,En agglomération,Hors intersection,Normale,Sans collision,,,,,,,,,,,1,2,1,1.0,7.0
201800019086,0018-07-15 22:00:00,18,7,15,22,0,590,191,grand rue,50.04532,3.37189,Crépuscule ou aube,En agglomération,Hors intersection,Normale,Autre collision,,,,,,,,,,,2,2,1,1.0,6.0
201800019087,0018-07-18 07:15:00,18,7,18,7,15,590,118,cd 98C,50.04661,3.42097,Plein jour,Hors agglomération,Hors intersection,Normale,Sans collision,,,,,,,,,,,1,1,1,1.0,7.0
201800019088,0018-08-04 02:47:00,18,8,4,2,47,590,74,82 rue jules guesde,50.09372,3.43737,Nuit sans éclairage public,En agglomération,Hors intersection,Normale,Autre collision,,,,,,,,,,,3,2,1,1.0,6.0
201800019089,0018-09-03 09:20:00,18,9,3,9,20,590,624,105 rue Gambetta,50.0297,3.28787,Plein jour,En agglomération,Hors intersection,Normale,Deux véhicules - côté,,,,,,,,,,,1,2,1,1.0,3.0
201800019090,0018-01-28 18:20:00,18,1,28,18,20,590,555,départementale 962,50.16652,4.03747,Nuit sans éclairage public,Hors agglomération,Hors intersection,Pluie légère,Sans collision,,,,,,,,,,,3,1,1,2.0,7.0
201800019091,0018-02-04 18:20:00,18,2,4,18,20,590,187,RN2 - Lieu dit ROBINSON,50.19552,3.95089,Nuit avec éclairage allumé,Hors agglomération,Hors intersection,Normale,Autre collision,,,,,,,,,,,5,1,1,1.0,6.0
201800019092,0018-02-21 18:45:00,18,2,21,18,45,590,151,RD 963,50.26925,4.10799,Nuit sans éclairage public,Hors agglomération,Hors intersection,Normale,Autre collision,,,,,,,,,,,3,1,1,1.0,6.0
201800019093,0018-03-02 18:45:00,18,3,2,18,45,590,151,rue de la gare,50.24958,4.07394,Nuit sans éclairage public,Hors agglomération,Hors intersection,Autre,Deux véhicules - frontale,,,,,,,,,,,3,1,1,9.0,1.0
201800019094,0018-03-08 00:01:00,18,3,8,0,1,590,151,Cd 936,50.25994,4.10565,Nuit sans éclairage public,Hors agglomération,Hors intersection,Normale,Autre collision,,,,,,,,,,,3,1,1,1.0,6.0
201800019095,0018-04-24 17:05:00,18,4,24,17,5,590,58,départementale 602,50.23524,3.95129,Plein jour,Hors agglomération,Hors intersection,Normale,Deux véhicules - arrière,,,,,,,,,,,1,1,1,1.0,2.0
201800019096,0018-05-02 15:00:00,18,5,2,15,0,590,58,RN2,50.21099,3.94934,Plein jour,Hors agglomération,Hors intersection,Normale,Trois véhicules et plus - collisions multiples,,,,,,,,,,,1,1,1,1.0,5.0
201800019097,0018-07-06 13:55:00,18,7,6,13,55,590,58,route nationale 2,50.21865,3.96525,Plein jour,Hors agglomération,Hors intersection,Normale,Autre collision,,,,,,,,,,,1,1,1,1.0,6.0
201800019098,0018-07-11 16:50:00,18,7,11,16,50,590,148,D104,50.15841,4.12645,Plein jour,Hors agglomération,Hors intersection,Normale,Sans collision,,,,,,,,,,,1,1,1,1.0,7.0
201800019099,0018-07-19 19:55:00,18,7,19,19,55,590,142,d936,50.2603,4.02446,Plein jour,En agglomération,Hors intersection,Normale,Deux véhicules - arrière,,,,,,,,,,,1,2,1,1.0,2.0
201800019100,0018-08-02 21:20:00,18,8,2,21,20,590,3,Rue de Quiévelon,50.23649,4.09173,Crépuscule ou aube,En agglomération,Intersection en Y,Normale,Deux véhicules - côté,,,,,,,,,,,2,2,4,1.0,3.0
201800019101,0018-09-03 18:36:00,18,9,3,18,36,590,572,rue léo lagrange,50.23937,4.23635,Plein jour,Hors agglomération,Hors intersection,Normale,Sans collision,,,,,,,,,,,1,1,1,1.0,7.0
201800019102,0018-09-28 21:50:00,18,9,28,21,50,590,157,D936,50.25063,4.11312,Nuit sans éclairage public,Hors agglomération,Intersection en T,Normale,Deux véhicules - côté,,,,,,,,,,,3,1,3,1.0,3.0
201800019103,0018-11-13 17:45:00,18,11,13,17,45,590,169,D27,50.22141,4.01448,Nuit sans éclairage public,Hors agglomération,Hors intersection,Normale,Autre collision,,,,,,,,,,,3,1,1,1.0,6.0
201800019104,0018-02-06 18:50:00,18,2,6,18,50,510,193,12 RUE MASSEZ,48.98693,4.51711,Nuit avec éclairage allumé,En agglomération,Hors intersection,Neige / grêle,Autre collision,,,,,,,,,,,5,2,1,4.0,6.0
201800019105,0018-04-21 01:10:00,18,4,21,1,10,510,146,RUE PRINCIPALE,48.88535,4.24667,Nuit avec éclairage allumé,En agglomération,Intersection en T,Normale,Autre collision,,,,,,,,,,,5,2,3,1.0,6.0
201800019106,0018-05-11 00:40:00,18,5,11,0,40,510,482,N44,48.88937,4.45358,Nuit sans éclairage public,Hors agglomération,Giratoire,Normale,Sans collision,,,,,,,,,,,3,1,6,1.0,7.0
201800019107,0018-05-25 17:30:00,18,5,25,17,30,510,548,D994,48.99943,4.59534,Plein jour,Hors agglomération,Hors intersection,Normale,Autre collision,,,,,,,,,,,1,1,1,1.0,6.0
201800019108,0018-06-01 17:00:00,18,6,1,17,0,510,146,RUE PRINCIPALE,48.88474,4.24437,Plein jour,En agglomération,Intersection en T,Normale,Deux véhicules - frontale,,,,,,,,,,,1,2,3,1.0,1.0
201800019109,0018-06-25 19:00:00,18,6,25,19,0,510,617,N44,49.02812,4.32349,Plein jour,Hors agglomération,Hors intersection,Normale,Sans collision,,,,,,,,,,,1,1,1,1.0,7.0
201800019110,0018-06-29 15:05:00,18,6,29,15,5,510,409,D977,48.87269,4.28235,Plein jour,Hors agglomération,Hors intersection,Normale,Deux véhicules - côté,,,,,,,,,,,1,1,1,1.0,3.0
201800019111,0018-09-14 21:25:00,18,9,14,21,25,510,278,D944,49.07171,4.2916,Nuit sans éclairage public,Hors agglomération,Hors intersection,Normale,Trois véhicules et plus - collisions multiples,,,,,,,,,,,3,1,1,1.0,5.0
201800019112,0018-11-09 03:21:00,18,11,9,3,21,510,193,D3,48.98959,4.07625,Nuit sans éclairage public,Hors agglomération,Hors intersection,Normale,Autre collision,,,,,,,,,,,3,1,1,1.0,6.0
201800019113,0018-11-09 05:45:00,18,11,9,5,45,510,193,61 RUE SAINT MARTIN,48.98586,4.51189,Nuit avec éclairage allumé,En agglomération,Hors intersection,Normale,Autre collision,,,,,,,,,,,5,2,1,1.0,6.0
201800019114,0018-11-23 13:20:00,18,11,23,13,20,510,538,RUE D'ECURY,48.89636,4.38495,Plein jour,Hors agglomération,Intersection en X,Normale,Deux véhicules - côté,,,,,,,,,,,1,1,2,1.0,3.0
201800019115,0018-12-01 16:30:00,18,12,1,16,30,510,538,D2,48.89473,4.38803,Crépuscule ou aube,Hors agglomération,Hors intersection,Pluie légère,Sans collision,,,,,,,,,,,2,1,1,2.0,7.0
201800019116,0018-12-16 02:00:00,18,12,16,2,0,510,278,D944,49.07277,4.28964,Nuit sans éclairage public,Hors agglomération,Hors intersection,Neige / grêle,Trois véhicules et plus - collisions multiples,,,,,,,,,,,3,1,1,4.0,5.0
201800019117,0018-12-28 05:35:00,18,12,28,5,35,510,548,D65,48.98138,4.6172,Nuit sans éclairage public,Hors agglomération,Hors intersection,Brouillard / fumée,Sans collision,,,,,,,,,,,3,1,1,5.0,7.0
201800019118,0018-12-28 14:10:00,18,12,28,14,10,510,339,Lieu dit LES PERRIÈRES,48.86791,4.39363,Plein jour,Hors agglomération,Hors intersection,Brouillard / fumée,Sans collision,,,,,,,,,,,1,1,1,5.0,7.0
201800019119,0018-01-04 11:00:00,18,1,4,11,0,510,281,D240,48.98912,3.94554,Plein jour,Hors agglomération,Hors intersection,Pluie légère,Sans collision,,,,,,,,,,,1,1,1,2.0,7.0
201800019120,0018-04-08 18:01:00,18,4,8,18,1,510,413,D9,49.01266,4.03477,Plein jour,Hors agglomération,Intersection en T,Normale,Deux véhicules - côté,,,,,,,,,,,1,1,3,1.0,3.0
201800019121,0018-05-15 14:50:00,18,5,15,14,50,510,367,D38,48.94807,3.98966,Plein jour,Hors agglomération,Hors intersection,Normale,Deux véhicules - côté,,,,,,,,,,,1,1,1,1.0,3.0
201800019122,0018-06-02 18:50:00,18,6,2,18,50,510,158,D40,48.84322,3.98323,Plein jour,Hors agglomération,Hors intersection,Normale,Deux véhicules - côté,,,,,,,,,,,1,1,1,1.0,3.0
201800019123,0018-06-28 09:50:00,18,6,28,9,50,510,154,D83,48.82853,4.08234,Plein jour,En agglomération,Intersection en X,Normale,Deux véhicules - côté,,,,,,,,,,,1,2,2,1.0,3.0
201800019124,0018-07-27 08:30:00,18,7,27,8,30,510,49,D9,48.87164,3.9996,Plein jour,Hors agglomération,Hors intersection,Normale,Autre collision,,,,,,,,,,,1,1,1,1.0,6.0
201800019125,0018-08-16 18:00:00,18,8,16,18,0,510,93,D36,48.99315,3.87977,Plein jour,Hors agglomération,Hors intersection,Normale,Autre collision,,,,,,,,,,,1,1,1,1.0,6.0
201800019126,0018-09-13 15:26:00,18,9,13,15,26,510,93,D36,48.98831,3.88589,Plein jour,Hors agglomération,Hors intersection,Normale,Sans collision,,,,,,,,,,,1,1,1,1.0,7.0
201800019127,0018-09-28 02:13:00,18,9,28,2,13,510,638,D5,48.84157,4.14968,Nuit sans éclairage public,Hors agglomération,Hors intersection,Normale,Deux véhicules - frontale,,,,,,,,,,,3,1,1,1.0,1.0
201800019128,0018-10-13 10:52:00,18,10,13,10,52,510,411,D240,48.95727,3.98563,Plein jour,Hors agglomération,Hors intersection,Temps éblouissant,Trois véhicules et plus - en chaîne,,,,,,,,,,,1,1,1,7.0,4.0
201800019129,0018-03-16 11:58:00,18,3,16,11,58,510,563,D951,48.82465,3.74284,Plein jour,Hors agglomération,Hors intersection,Normale,Trois véhicules et plus - collisions multiples,,,,,,,,,,,1,1,1,1.0,5.0
201800019130,0018-04-14 04:50:00,18,4,14,4,50,510,170,D44,48.8305,3.70354,Nuit sans éclairage public,Hors agglomération,Hors intersection,Normale,Deux véhicules - arrière,,,,,,,,,,,3,1,1,1.0,2.0
201800019131,0018-08-16 10:15:00,18,8,16,10,15,510,416,2 RUE DU PARC,48.95307,3.69681,Plein jour,En agglomération,Hors intersection,Normale,Autre collision,,,,,,,,,,,1,2,1,1.0,6.0
201800019132,0018-09-04 13:20:00,18,9,4,13,20,510,380,D373,48.86015,3.55729,Plein jour,Hors agglomération,Hors intersection,Normale,Deux véhicules - frontale,,,,,,,,,,,1,1,1,1.0,1.0
201800019133,0018-01-10 09:45:00,18,1,10,9,45,510,185,N4,48.71814,3.52203,Plein jour,Hors agglomération,Hors intersection,Pluie légère,Autre collision,,,,,,,,,,,1,1,1,2.0,6.0
201800019134,0018-02-10 18:50:00,18,2,10,18,50,510,514,N4,48.72045,3.77203,Nuit sans éclairage public,Hors agglomération,Hors intersection,Normale,Deux véhicules - frontale,,,,,,,,,,,3,1,1,1.0,1.0
201800019135,0018-02-25 11:05:00,18,2,25,11,5,510,535,D951,48.73221,3.72021,Plein jour,Hors agglomération,Hors intersection,Normale,Autre collision,,,,,,,,,,,1,1,1,1.0,6.0
201800019136,0018-02-25 10:30:00,18,2,25,10,30,510,360,D239,48.70725,3.6584,Plein jour,Hors agglomération,Hors intersection,Normale,Autre collision,,,,,,,,,,,1,1,1,1.0,6.0
201800019137,0018-03-02 08:40:00,18,3,2,8,40,510,254,D951,48.63085,3.65024,Plein jour,Hors agglomération,Hors intersection,Pluie légère,Autre collision,,,,,,,,,,,1,1,1,2.0,6.0
201800019138,0018-04-25 18:30:00,18,4,25,18,30,510,92,D39,48.75818,3.76102,Plein jour,En agglomération,Hors intersection,Normale,Deux véhicules - frontale,,,,,,,,,,,1,2,1,1.0,1.0
201800019139,0018-05-02 15:15:00,18,5,2,15,15,510,535,D951/D53,48.71342,3.74106,Plein jour,Hors agglomération,Intersection en X,Normale,Deux véhicules - frontale,,,,,,,,,,,1,1,2,1.0,1.0
201800019140,0018-05-23 11:45:00,18,5,23,11,45,510,514,D53/D53E,48.69868,3.76645,Plein jour,Hors agglomération,Intersection en X,Normale,Deux véhicules - côté,,,,,,,,,,,1,1,2,1.0,3.0
201800019141,0018-06-15 23:00:00,18,6,15,23,0,510,155,D352,48.52817,3.81013,Nuit sans éclairage public,Hors agglomération,Hors intersection,Normale,Autre collision,,,,,,,,,,,3,1,1,1.0,6.0
201800019142,0018-07-09 06:00:00,18,7,9,6,0,510,625,D934,48.75866,3.41188,Nuit sans éclairage public,Hors agglomération,Hors intersection,Normale,Sans collision,,,,,,,,,,,3,1,1,1.0,7.0
201800019143,0018-07-21 20:15:00,18,7,21,20,15,510,56,D951/D48,48.61634,3.60685,Crépuscule ou aube,Hors agglomération,Intersection en X,Normale,Deux véhicules - côté,,,,,,,,,,,2,1,2,1.0,3.0
201800019144,0018-07-27 23:40:00,18,7,27,23,40,510,237,RUE DU DOCTEUR CARRERE,48.73235,3.56048,Nuit avec éclairage allumé,En agglomération,Hors intersection,Pluie légère,Sans collision,,,,,,,,,,,5,2,1,2.0,7.0
201800019145,0018-09-13 09:10:00,18,9,13,9,10,510,343,D50,48.55052,3.71615,Plein jour,Hors agglomération,Hors intersection,Normale,Deux véhicules - côté,,,,,,,,,,,1,1,1,1.0,3.0
201800019146,0018-09-24 12:20:00,18,9,24,12,20,510,535,MAIL DE MARSEILLE,48.72254,3.72487,Plein jour,En agglomération,Intersection en T,Normale,Deux véhicules - côté,,,,,,,,,,,1,2,3,1.0,3.0
201800019147,0018-10-01 10:10:00,18,10,1,10,10,510,92,RD39,48.76038,3.7686,Plein jour,En agglomération,Hors intersection,Normale,Autre collision,,,,,,,,,,,1,2,1,1.0,6.0
201800019148,0018-11-04 15:15:00,18,11,4,15,15,510,185,AVENUE DE L'EUROPE,48.71352,3.48738,Plein jour,En agglomération,Intersection en X,Normale,Deux véhicules - arrière,,,,,,,,,,,1,2,2,1.0,2.0
201800019149,0018-01-14 16:10:00,18,1,14,16,10,510,210,D251,49.0698,3.97481,Plein jour,Hors agglomération,Hors intersection,Normale,Deux véhicules - frontale,,,,,,,,,,,1,1,1,1.0,1.0
201800019150,0018-02-10 13:30:00,18,2,10,13,30,510,2,RUE DU MOULIN BLEU,49.01524,3.87865,Plein jour,En agglomération,Hors intersection,Normale,Sans collision,,,,,,,,,,,1,2,1,1.0,7.0
201800019151,0018-02-22 11:40:00,18,2,22,11,40,510,119,D951,49.09166,3.97345,Plein jour,Hors agglomération,Autre intersection,Temps éblouissant,Deux véhicules - côté,,,,,,,,,,,1,1,9,7.0,3.0
201800019152,0018-04-08 10:20:00,18,4,8,10,20,510,210,D251,49.0733,3.97346,Plein jour,Hors agglomération,Hors intersection,Normale,Deux véhicules - frontale,,,,,,,,,,,1,1,1,1.0,1.0
201800019153,0018-04-22 03:30:00,18,4,22,3,30,510,153,D3,49.02915,4.00833,Nuit sans éclairage public,Hors agglomération,Hors intersection,Normale,Autre collision,,,,,,,,,,,3,1,1,1.0,6.0
201800019154,0018-05-12 22:00:00,18,5,12,22,0,510,347,D1,49.04934,4.0244,Nuit sans éclairage public,Hors agglomération,Hors intersection,Temps couvert,Autre collision,,,,,,,,,,,3,1,1,8.0,6.0
201800019155,0018-05-19 21:25:00,18,5,19,21,25,510,576,D1,49.04992,4.1513,Crépuscule ou aube,Hors agglomération,Hors intersection,Normale,Sans collision,,,,,,,,,,,2,1,1,1.0,7.0
201800019156,0018-05-21 04:30:00,18,5,21,4,30,510,28,11 RUE DE CHANZY,49.07125,4.04887,Nuit avec éclairage non allumé,En agglomération,Hors intersection,Normale,Autre collision,,,,,,,,,,,4,2,1,1.0,6.0
201800019157,0018-07-06 18:25:00,18,7,6,18,25,510,204,D1,49.0698,3.89603,Plein jour,Hors agglomération,Hors intersection,Temps éblouissant,Autre collision,,,,,,,,,,,1,1,1,7.0,6.0
201800019158,0018-11-01 06:30:00,18,11,1,6,30,510,576,D1,49.05017,4.14071,Nuit sans éclairage public,Hors agglomération,Hors intersection,Pluie légère,Autre collision,,,,,,,,,,,3,1,1,2.0,6.0
201800019159,0018-12-14 18:15:00,18,12,14,18,15,510,393,D22,49.15203,3.92577,Nuit avec éclairage allumé,Hors agglomération,Intersection en X,Normale,Autre collision,,,,,,,,,,,5,1,2,1.0,6.0
201800019160,0018-01-17 19:30:00,18,1,17,19,30,510,109,D26,49.29204,3.91319,Nuit sans éclairage public,Hors agglomération,Hors intersection,Pluie légère,Deux véhicules - frontale,,,,,,,,,,,3,1,1,2.0,1.0
201800019161,0018-03-24 16:15:00,18,3,24,16,15,510,532,D26,49.15717,3.99633,Plein jour,Hors agglomération,Hors intersection,Normale,Sans collision,,,,,,,,,,,1,1,1,1.0,7.0
201800019162,0018-04-27 21:45:00,18,4,27,21,45,510,569,RUE D'ORMES,49.25316,3.9537,Nuit avec éclairage allumé,En agglomération,Intersection en X,Normale,Deux véhicules - côté,,,,,,,,,,,5,2,2,1.0,3.0
201800019163,0018-05-25 18:50:00,18,5,25,18,50,510,183,RD944,49.31164,3.98307,Plein jour,Hors agglomération,Intersection en T,Normale,Deux véhicules - côté,,,,,,,,,,,1,1,3,1.0,3.0
201800019164,0018-06-15 14:50:00,18,6,15,14,50,510,291,D30,49.32993,3.93155,Plein jour,Hors agglomération,Hors intersection,Normale,Deux véhicules - frontale,,,,,,,,,,,1,1,1,1.0,1.0
201800019165,0018-06-27 14:00:00,18,6,27,14,0,510,282,D227,49.24538,3.89238,Plein jour,Hors agglomération,Hors intersection,Normale,Sans collision,,,,,,,,,,,1,1,1,1.0,7.0
201800019166,0018-07-03 13:45:00,18,7,3,13,45,510,69,D980,49.20117,3.86667,Plein jour,Hors agglomération,Hors intersection,Normale,Deux véhicules - frontale,,,,,,,,,,,1,1,1,1.0,1.0
201800019167,0018-07-27 07:45:00,18,7,27,7,45,510,362,D475,49.28908,3.94659,Plein jour,Hors agglomération,Hors intersection,Normale,Deux véhicules - frontale,,,,,,,,,,,1,1,1,1.0,1.0