accident_id,datetime,annee,mois,jour,heure,minute,departement,commune_insee,adresse,latitude,longitude,luminosite,agglomeration,intersection,meteo,collision,nb_vehicules,nb_usagers,nb_indemnes,nb_tues,nb_blesses_hosp,nb_blesses_legers,age_cond_1,age_cond_2,veh_type_cond_1,veh_type_cond_2,lum_code,agg_code,int_code,atm_code,col_code
201800019293,0018-03-21 17:55:00,18,3,21,17,55,570,59,D674,48.90761,6.56121,Crépuscule ou aube,Hors agglomération,Intersection en X,Temps éblouissant,Deux véhicules - côté,,,,,,,,,,,2,1,2,7.0,3.0
201800019294,0018-05-04 14:00:00,18,5,4,14,0,570,692,D674,48.7732,6.59427,Plein jour,Hors agglomération,Hors intersection,Normale,Autre collision,,,,,,,,,,,1,1,1,1.0,6.0
201800019295,0018-05-05 13:25:00,18,5,5,13,25,570,126,rue principale,48.78862,6.45223,Plein jour,En agglomération,Hors intersection,Normale,Sans collision,,,,,,,,,,,1,2,1,1.0,7.0
201800019296,0018-07-15 20:13:00,18,7,15,20,13,570,171,44 rue Raymond Poincaré,48.8897,6.38778,Plein jour,En agglomération,Hors intersection,Pluie légère,Deux véhicules - côté,,,,,,,,,,,1,2,1,2.0,3.0
201800019297,0018-10-07 00:50:00,18,10,7,0,50,570,99,D 955,48.7203,6.72941,Nuit sans éclairage public,Hors agglomération,Hors intersection,Normale,Autre collision,,,,,,,,,,,3,1,1,1.0,6.0
201800019298,0018-12-15 04:30:00,18,12,15,4,30,570,141,RD20,48.91001,6.50049,Nuit sans éclairage public,Hors agglomération,Hors intersection,Normale,Sans collision,,,,,,,,,,,3,1,1,1.0,7.0
201800019299,0018-12-22 21:25:00,18,12,22,21,25,570,490,Rue de METZ,48.77855,6.56372,Nuit avec éclairage allumé,En agglomération,Hors intersection,Normale,Deux véhicules - frontale,,,,,,,,,,,5,2,1,1.0,1.0
201800019300,0018-02-17 12:19:00,18,2,17,12,19,570,560,RD27,48.92912,6.67769,Plein jour,Hors agglomération,Hors intersection,Pluie légère,Autre collision,,,,,,,,,,,1,1,1,2.0,6.0
201800019301,0018-05-21 15:21:00,18,5,21,15,21,570,389,D24,49.03803,6.70557,Plein jour,En agglomération,Hors intersection,Normale,Autre collision,,,,,,,,,,,1,2,1,1.0,6.0
201800019302,0018-06-08 15:00:00,18,6,8,15,0,570,311,D674 PK40+950,48.99632,6.8186,Plein jour,Hors agglomération,Hors intersection,Normale,Deux véhicules - frontale,,,,,,,,,,,1,1,1,1.0,1.0
201800019303,0018-06-27 17:23:00,18,6,27,17,23,570,483,D76,48.93226,6.65253,Plein jour,En agglomération,Giratoire,Normale,Deux véhicules - côté,,,,,,,,,,,1,2,6,1.0,3.0
201800019304,0018-07-31 20:38:00,18,7,31,20,38,570,262,D674 PK36+25,48.97879,6.73666,Crépuscule ou aube,Hors agglomération,Hors intersection,Normale,Autre collision,,,,,,,,,,,2,1,1,1.0,6.0
201800019305,0018-10-01 17:55:00,18,10,1,17,55,570,189,D20 PK 22+400,48.98646,6.60219,Plein jour,Hors agglomération,Hors intersection,Normale,Autre collision,,,,,,,,,,,1,1,1,1.0,6.0
201800019306,0018-02-11 01:20:00,18,2,11,1,20,570,414,RD 44bis PR1,48.66961,7.00556,Nuit sans éclairage public,Hors agglomération,Hors intersection,Normale,Autre collision,,,,,,,,,,,3,1,1,1.0,6.0
201800019307,0018-03-02 09:15:00,18,3,2,9,15,570,321,route départementale RD4,48.70759,7.04461,Plein jour,Hors agglomération,Hors intersection,Temps couvert,Sans collision,,,,,,,,,,,1,1,1,8.0,7.0
201800019308,0018-07-27 19:00:00,18,7,27,19,0,570,321,RD 42,48.69431,7.02313,Plein jour,Hors agglomération,Hors intersection,Normale,Deux véhicules - côté,,,,,,,,,,,1,1,1,1.0,3.0
201800019309,0018-10-07 19:30:00,18,10,7,19,30,570,3,119 rue du Général Jordy,48.6357,7.09861,Nuit avec éclairage allumé,En agglomération,Hors intersection,Normale,Autre collision,,,,,,,,,,,5,2,1,1.0,6.0
201800019310,0018-10-13 20:20:00,18,10,13,20,20,570,734,"30, Rue de la Libération",48.65261,7.07112,Nuit avec éclairage allumé,En agglomération,Hors intersection,Normale,Sans collision,,,,,,,,,,,5,2,1,1.0,7.0
201800019311,0018-12-05 12:15:00,18,12,5,12,15,570,113,17 rue des Vosges,48.69764,7.10249,Plein jour,En agglomération,Hors intersection,Temps couvert,Deux véhicules - frontale,,,,,,,,,,,1,2,1,8.0,1.0
201800019312,0018-12-22 08:00:00,18,12,22,8,0,570,544,"RD 45, pk 9+900 - lieu-d",48.69007,7.17471,Plein jour,Hors agglomération,Hors intersection,Pluie légère,Autre collision,,,,,,,,,,,1,1,1,2.0,6.0
201800019313,0018-02-07 07:40:00,18,2,7,7,40,570,300,D98D pk 0+600,48.70084,7.21254,Crépuscule ou aube,Hors agglomération,Hors intersection,Autre,Autre collision,,,,,,,,,,,2,1,1,9.0,6.0
201800019314,0018-03-03 11:50:00,18,3,3,11,50,570,468,15 route de Sarrebourg,48.7678,7.22598,Plein jour,En agglomération,Hors intersection,Temps couvert,Autre collision,,,,,,,,,,,1,2,1,8.0,6.0
201800019315,0018-05-01 21:12:00,18,5,1,21,12,570,291,Départementale 161C,48.8151,7.22808,Nuit sans éclairage public,Hors agglomération,Hors intersection,Normale,Autre collision,,,,,,,,,,,3,1,1,1.0,6.0
201800019316,0018-05-05 16:05:00,18,5,5,16,5,570,244,rd 98,48.71905,7.22618,Plein jour,Hors agglomération,Hors intersection,Normale,Deux véhicules - côté,,,,,,,,,,,1,1,1,1.0,3.0
201800019317,0018-05-26 23:00:00,18,5,26,23,0,570,761,rue des marronniers,48.78556,7.20618,Nuit sans éclairage public,Hors agglomération,Hors intersection,Normale,Autre collision,,,,,,,,,,,3,1,1,1.0,6.0
201800019318,0018-07-10 14:30:00,18,7,10,14,30,570,315,RD 104F,48.73249,7.21069,Plein jour,Hors agglomération,Passage à niveau,Normale,Deux véhicules - frontale,,,,,,,,,,,1,1,8,1.0,1.0
201800019319,0018-08-04 11:12:00,18,8,4,11,12,570,298,RD 97,48.65869,7.18272,Plein jour,Hors agglomération,Hors intersection,Normale,Sans collision,,,,,,,,,,,1,1,1,1.0,7.0
201800019320,0018-08-15 12:55:00,18,8,15,12,55,570,540,28 rue de Bitche,48.77315,7.26267,Plein jour,En agglomération,Intersection en T,Normale,Autre collision,,,,,,,,,,,1,2,3,1.0,6.0
201800019321,0018-08-19 05:40:00,18,8,19,5,40,570,540,rue erckmann,48.76834,7.25902,Nuit sans éclairage public,En agglomération,Hors intersection,Normale,Autre collision,,,,,,,,,,,3,2,1,1.0,6.0
201800019322,0018-09-29 09:40:00,18,9,29,9,40,570,168,60 grand rue,48.76691,7.29724,Plein jour,En agglomération,Hors intersection,Normale,Trois véhicules et plus - en chaîne,,,,,,,,,,,1,2,1,1.0,4.0
201800019323,0018-12-15 13:15:00,18,12,15,13,15,570,540,route de Sarrebourg,48.76897,7.24436,Plein jour,En agglomération,Hors intersection,Normale,Deux véhicules - côté,,,,,,,,,,,1,2,1,1.0,3.0
201800019324,0018-12-28 15:15:00,18,12,28,15,15,570,407,Départementale 46,48.77964,7.14521,Plein jour,Hors agglomération,Hors intersection,Normale,Deux véhicules - frontale,,,,,,,,,,,1,1,1,1.0,1.0
201800019325,0018-01-06 17:40:00,18,1,6,17,40,570,598,avenue pasteur,49.13988,7.00885,Nuit avec éclairage allumé,En agglomération,Hors intersection,Pluie forte,Autre collision,,,,,,,,,,,5,2,1,3.0,6.0
201800019326,0018-03-12 15:49:00,18,3,12,15,49,570,584,RD620,49.09786,7.27357,Plein jour,Hors agglomération,Hors intersection,Pluie légère,Trois véhicules et plus - collisions multiples,,,,,,,,,,,1,1,1,2.0,5.0
201800019327,0018-04-23 15:20:00,18,4,23,15,20,570,748,2 rue du Val de Sarre,49.0561,7.14889,Plein jour,En agglomération,Hors intersection,Temps couvert,Autre collision,,,,,,,,,,,1,2,1,8.0,6.0
201800019328,0018-07-01 16:10:00,18,7,1,16,10,570,408,d31 bis,49.15024,6.99271,Plein jour,Hors agglomération,Hors intersection,Temps éblouissant,Autre collision,,,,,,,,,,,1,1,1,7.0,6.0
201800019329,0018-09-16 18:10:00,18,9,16,18,10,570,750,PK 43 +162 RD 662,49.08594,7.18433,Plein jour,Hors agglomération,Hors intersection,Normale,Deux véhicules - frontale,,,,,,,,,,,1,1,1,1.0,1.0
201800019330,0018-10-07 03:30:00,18,10,7,3,30,570,348,rue de METZ,49.10608,7.00163,Nuit avec éclairage allumé,En agglomération,Hors intersection,Normale,Sans collision,,,,,,,,,,,5,2,1,1.0,7.0
201800019331,0018-11-13 17:00:00,18,11,13,17,0,570,535,RD 662,49.05475,7.31626,Nuit sans éclairage public,Hors agglomération,Hors intersection,Temps couvert,Deux véhicules - côté,,,,,,,,,,,3,1,1,8.0,3.0
201800019332,0018-11-25 04:00:00,18,11,25,4,0,570,6,RD 84,49.04957,7.18469,Nuit sans éclairage public,Hors agglomération,Hors intersection,Pluie légère,Autre collision,,,,,,,,,,,3,1,1,2.0,6.0
201800019333,0018-12-30 11:00:00,18,12,30,11,0,570,355,RD 33,49.03777,7.12782,Plein jour,Hors agglomération,Hors intersection,Pluie légère,Sans collision,,,,,,,,,,,1,1,1,2.0,7.0
201800019334,0018-02-24 19:20:00,18,2,24,19,20,570,577,28 rue principale,49.04062,7.39572,Nuit avec éclairage non allumé,En agglomération,Hors intersection,Normale,Autre collision,,,,,,,,,,,4,2,1,1.0,6.0
201800019335,0018-06-16 22:15:00,18,6,16,22,15,570,489,D36,48.98282,7.48089,Nuit sans éclairage public,Hors agglomération,Hors intersection,Normale,Deux véhicules - frontale,,,,,,,,,,,3,1,1,1.0,1.0
201800019336,0018-06-24 10:45:00,18,6,24,10,45,570,477,2 place du Géneral de Ga,48.99383,7.30917,Plein jour,En agglomération,Autre intersection,Normale,Sans collision,,,,,,,,,,,1,2,9,1.0,7.0
201800019337,0018-07-14 15:15:00,18,7,14,15,15,570,89,Rue Colonel Teyssier,49.05282,7.42709,Plein jour,En agglomération,Hors intersection,Normale,Autre collision,,,,,,,,,,,1,2,1,1.0,6.0
201800019338,0018-08-12 13:30:00,18,8,12,13,30,570,89,INTERSECTION RUE DE LA P,49.04969,7.42905,Plein jour,En agglomération,Hors intersection,Normale,Deux véhicules - côté,,,,,,,,,,,1,2,1,1.0,3.0
201800019339,0018-08-16 09:30:00,18,8,16,9,30,570,89,2 rue de la paix,49.04874,7.42812,Plein jour,En agglomération,Autre intersection,Normale,Autre collision,,,,,,,,,,,1,2,9,1.0,6.0
201800019340,0018-09-15 00:30:00,18,9,15,0,30,570,195,RD 620 PK 15+100,49.10628,7.3183,Nuit sans éclairage public,Hors agglomération,Hors intersection,Normale,Autre collision,,,,,,,,,,,3,1,1,1.0,6.0
201800019341,0018-10-30 10:30:00,18,10,30,10,30,570,192,D36 PK 2+200,49.02142,7.33316,Plein jour,Hors agglomération,Hors intersection,Pluie légère,Autre collision,,,,,,,,,,,1,1,1,2.0,6.0
201800019342,0018-11-08 17:05:00,18,11,8,17,5,570,390,rue de sarreguemines,48.9979,7.37943,Nuit avec éclairage allumé,En agglomération,Hors intersection,Normale,Autre collision,,,,,,,,,,,5,2,1,1.0,6.0
201800019343,0018-12-05 11:50:00,18,12,5,11,50,570,89,entre le 14 et le 16 rue,49.0402,7.4275,Plein jour,En agglomération,Hors intersection,Temps couvert,Autre collision,,,,,,,,,,,1,2,1,8.0,6.0
201800019344,0018-12-05 18:25:00,18,12,5,18,25,570,89,54 rue des Tilleuls,49.05184,7.43262,Nuit avec éclairage allumé,En agglomération,Hors intersection,Temps couvert,Deux véhicules - côté,,,,,,,,,,,5,2,1,8.0,3.0
201800019345,0018-12-12 14:40:00,18,12,12,14,40,570,250,ZA D37,48.99127,7.38277,Plein jour,Hors agglomération,Intersection en T,Normale,Deux véhicules - côté,,,,,,,,,,,1,1,3,1.0,3.0
201800019346,0018-04-22 11:40:00,18,4,22,11,40,570,556,Route Départementale 30,49.06386,6.91872,Plein jour,Hors agglomération,Hors intersection,Normale,Deux véhicules - arrière,,,,,,,,,,,1,1,1,1.0,2.0
201800019347,0018-05-04 16:30:00,18,5,4,16,30,570,325,route de petit tenquin,49.00167,6.88931,Plein jour,Hors agglomération,Hors intersection,Normale,Deux véhicules - côté,,,,,,,,,,,1,1,1,1.0,3.0
201800019348,0018-08-31 22:50:00,18,8,31,22,50,570,330,08 rue de l'Etang,49.01372,6.95357,Nuit avec éclairage allumé,En agglomération,Hors intersection,Normale,Autre collision,,,,,,,,,,,5,2,1,1.0,6.0
201800019349,0018-04-22 05:45:00,18,4,22,5,45,570,305,rond point de havange,49.38849,6.0008,Crépuscule ou aube,Hors agglomération,Giratoire,Normale,Autre collision,,,,,,,,,,,2,1,6,1.0,6.0
201800019350,0018-05-14 09:55:00,18,5,14,9,55,570,731,RD15,49.4395,6.06552,Plein jour,Hors agglomération,Hors intersection,Autre,Deux véhicules - frontale,,,,,,,,,,,1,1,1,9.0,1.0
201800019351,0018-05-26 16:34:00,18,5,26,16,34,570,22,Rue de Rochonvillers,49.38852,6.04177,Plein jour,En agglomération,Hors intersection,Normale,Deux véhicules - côté,,,,,,,,,,,1,2,1,1.0,3.0
201800019352,0018-06-22 17:20:00,18,6,22,17,20,570,678,R de la liberté,49.40269,5.98033,Plein jour,En agglomération,Hors intersection,Normale,Autre collision,,,,,,,,,,,1,2,1,1.0,6.0
201800019353,0018-06-23 14:45:00,18,6,23,14,45,570,529,02 rue des jardins,49.4428,6.01809,Plein jour,En agglomération,Intersection en X,Normale,Autre collision,,,,,,,,,,,1,2,2,1.0,6.0
201800019354,0018-07-15 00:30:00,18,7,15,0,30,570,678,D952- LUDELANGE,49.40068,5.96882,Nuit sans éclairage public,Hors agglomération,Hors intersection,Normale,Autre collision,,,,,,,,,,,3,1,1,1.0,6.0
201800019355,0018-08-16 17:10:00,18,8,16,17,10,570,226,RD58,49.37288,6.0184,Plein jour,Hors agglomération,Hors intersection,Normale,Autre collision,,,,,,,,,,,1,1,1,1.0,6.0
201800019356,0018-08-20 04:35:00,18,8,20,4,35,570,41,rue du maréchal FOCH,49.41667,5.94059,Nuit avec éclairage allumé,En agglomération,Intersection en T,Normale,Deux véhicules - côté,,,,,,,,,,,5,2,3,1.0,3.0
201800019357,0018-10-11 07:10:00,18,10,11,7,10,570,529,RUE PRINCIPALE,49.4415,6.01871,Crépuscule ou aube,En agglomération,Hors intersection,Normale,Autre collision,,,,,,,,,,,2,2,1,1.0,6.0
201800019358,0018-10-24 20:15:00,18,10,24,20,15,570,199,RD 58,49.41737,6.06522,Nuit sans éclairage public,Hors agglomération,Hors intersection,Pluie légère,Deux véhicules - frontale,,,,,,,,,,,3,1,1,2.0,1.0
201800019359,0018-11-16 19:50:00,18,11,16,19,50,570,41,D906,49.40587,5.92826,Nuit avec éclairage allumé,Hors agglomération,Autre intersection,Temps couvert,Deux véhicules - frontale,,,,,,,,,,,5,1,9,8.0,1.0
201800019360,0018-12-08 21:50:00,18,12,8,21,50,570,678,Route de boulange - CD59,49.39716,5.96731,Nuit sans éclairage public,Hors agglomération,Hors intersection,Pluie forte,Deux véhicules - frontale,,,,,,,,,,,3,1,1,3.0,1.0
201800019361,0018-04-15 17:20:00,18,4,15,17,20,570,287,croisement D56 - D654,49.38438,6.24782,Plein jour,Hors agglomération,Intersection en X,Normale,Deux véhicules - côté,,,,,,,,,,,1,1,2,1.0,3.0
201800019362,0018-04-17 18:00:00,18,4,17,18,0,570,465,intersection RD 60/RD 91,49.31581,6.30279,Plein jour,Hors agglomération,Intersection en T,Normale,Deux véhicules - côté,,,,,,,,,,,1,1,3,1.0,3.0
201800019363,0018-04-29 14:04:00,18,4,29,14,4,570,269,Départementale 60,49.30161,6.18126,Plein jour,Hors agglomération,Hors intersection,Normale,Deux véhicules - frontale,,,,,,,,,,,1,1,1,1.0,1.0
201800019364,0018-05-09 17:00:00,18,5,9,17,0,570,269,boulevard sous les vigne,49.30176,6.20786,Plein jour,En agglomération,Hors intersection,Normale,Autre collision,,,,,,,,,,,1,2,1,1.0,6.0
201800019365,0018-05-18 18:40:00,18,5,18,18,40,570,287,D56,49.37515,6.25661,Plein jour,Hors agglomération,Hors intersection,Normale,Sans collision,,,,,,,,,,,1,1,1,1.0,7.0
201800019366,0018-07-17 20:30:00,18,7,17,20,30,350,24,lieu dit la victoire,48.16238,-1.64735,Plein jour,Hors agglomération,Intersection en T,Normale,Autre collision,,,,,,,,,,,1,1,3,1.0,6.0
201800019367,0018-09-21 16:50:00,18,9,21,16,50,350,193,RD82,48.24951,-1.71995,Plein jour,Hors agglomération,Intersection en X,Normale,Deux véhicules - côté,,,,,,,,,,,1,1,2,1.0,3.0
201800019368,0018-10-05 18:55:00,18,10,5,18,55,350,296,Lieu-Dit Darancel,48.27841,-1.66324,Crépuscule ou aube,Hors agglomération,Intersection en T,Normale,Deux véhicules - côté,,,,,,,,,,,2,1,3,1.0,3.0
201800019369,0018-10-11 12:30:00,18,10,11,12,30,350,173,rue de rennes,48.21583,-1.69722,Plein jour,En agglomération,Hors intersection,Normale,Autre collision,,,,,,,,,,,1,2,1,1.0,6.0
201800019370,0018-12-06 19:45:00,18,12,6,19,45,350,251,CD 175 - PK 28+905,48.26655,-1.59871,Nuit sans éclairage public,Hors agglomération,Hors intersection,Normale,Deux véhicules - frontale,,,,,,,,,,,3,1,1,1.0,1.0
201800019371,0018-03-21 19:20:00,18,3,21,19,20,310,588,route de Roques,43.51857,1.34501,Nuit avec éclairage allumé,En agglomération,Hors intersection,Normale,Deux véhicules - frontale,,,,,,,,,,,5,2,1,1.0,1.0
201800019372,0018-06-14 18:00:00,18,6,14,18,0,310,588,BOULEVARD DES ÉCOLES,43.52687,1.33565,Plein jour,En agglomération,Giratoire,Normale,Deux véhicules - côté,,,,,,,,,,,1,2,6,1.0,3.0
201800019373,0018-06-30 11:45:00,18,6,30,11,45,310,203,11 avenue des Pyrénées,43.51206,1.32859,Plein jour,En agglomération,Intersection en T,Normale,Deux véhicules - côté,,,,,,,,,,,1,2,3,1.0,3.0
201800019374,0018-10-10 18:35:00,18,10,10,18,35,310,157,avenue du 11 novembre,43.54497,1.34809,Crépuscule ou aube,En agglomération,Giratoire,Normale,Autre collision,,,,,,,,,,,2,2,6,1.0,6.0
201800019375,0018-10-31 17:20:00,18,10,31,17,20,310,157,18 rue du comminges,43.53002,1.35331,Plein jour,En agglomération,Hors intersection,Normale,Deux véhicules - côté,,,,,,,,,,,1,2,1,1.0,3.0
201800019376,0018-10-31 17:19:00,18,10,31,17,19,310,203,avenue des pyrénées,43.51439,1.3307,Plein jour,En agglomération,Intersection en T,Normale,Trois véhicules et plus - collisions multiples,,,,,,,,,,,1,2,3,1.0,5.0
201800019377,0018-01-11 18:55:00,18,1,11,18,55,440,9,boulevard de la loire,47.22344,-1.47219,Nuit sans éclairage public,Hors agglomération,Giratoire,Normale,Deux véhicules - arrière,,,,,,,,,,,3,1,6,1.0,2.0
201800019378,0018-05-20 00:15:00,18,5,20,0,15,440,71,rd pt de la louée,47.18463,-1.43877,Nuit avec éclairage allumé,Hors agglomération,Giratoire,Normale,Sans collision,,,,,,,,,,,5,1,6,1.0,7.0
201800019379,0018-05-29 17:25:00,18,5,29,17,25,440,70,"RD 249, PK 11,700, sens",47.16972,-1.37818,Plein jour,Hors agglomération,Hors intersection,Normale,Trois véhicules et plus - en chaîne,,,,,,,,,,,1,1,1,1.0,4.0
201800019380,0018-09-29 20:58:00,18,9,29,20,58,440,71,RN 249 - PK 5.600,47.19718,-1.44561,Nuit sans éclairage public,Hors agglomération,Hors intersection,Normale,Autre collision,,,,,,,,,,,3,1,1,1.0,6.0
201800019381,0018-02-13 20:30:00,18,2,13,20,30,30,247,RD 953,46.58819,3.14372,Nuit avec éclairage allumé,En agglomération,Hors intersection,Neige / grêle,Deux véhicules - frontale,,,,,,,,,,,5,2,1,4.0,1.0
201800019382,0018-06-07 16:50:00,18,6,7,16,50,30,207,rn 79,46.49448,3.80078,Plein jour,Hors agglomération,Hors intersection,Normale,Trois véhicules et plus - collisions multiples,,,,,,,,,,,1,1,1,1.0,5.0
201800019383,0018-03-28 07:00:00,18,3,28,7,0,330,387,RD10 PR26+751 réel,45.03065,-0.27439,Nuit avec éclairage allumé,En agglomération,Hors intersection,Pluie légère,Deux véhicules - frontale,,,,,,,,,,,5,2,1,2.0,1.0
201800019384,0018-01-24 12:30:00,18,1,24,12,30,330,321,D115 PR29+490 reel.,45.06169,-0.43341,Plein jour,Hors agglomération,Hors intersection,Normale,Autre collision,,,,,,,,,,,1,1,1,1.0,6.0
201800019385,0018-02-03 17:00:00,18,2,3,17,0,300,34,D6113,43.75877,4.50199,Plein jour,Hors agglomération,Hors intersection,Normale,Deux véhicules - arrière,,,,,,,,,,,1,1,1,1.0,2.0
201800019386,0018-02-17 09:30:00,18,2,17,9,30,300,47,Chemin du pont des iles,43.8095,4.41941,Plein jour,Hors agglomération,Hors intersection,Pluie légère,Deux véhicules - frontale,,,,,,,,,,,1,1,1,2.0,1.0
201800019387,0018-02-18 01:30:00,18,2,18,1,30,300,356,D 135,43.80583,4.41064,Nuit sans éclairage public,Hors agglomération,Hors intersection,Pluie légère,Deux véhicules - frontale,,,,,,,,,,,3,1,1,2.0,1.0
201800019388,0018-04-26 10:20:00,18,4,26,10,20,300,47,d6113,43.77614,4.46412,Plein jour,Hors agglomération,Hors intersection,Normale,Autre collision,,,,,,,,,,,1,1,1,1.0,6.0
201800019389,0018-05-04 20:55:00,18,5,4,20,55,300,34,RD163 - Route de Bellega,43.75695,4.52457,Nuit sans éclairage public,Hors agglomération,Hors intersection,Normale,Sans collision,,,,,,,,,,,3,1,1,1.0,7.0
201800019390,0018-05-17 03:30:00,18,5,17,3,30,300,117,40 avenue de beaucaire,43.70085,4.60805,Nuit sans éclairage public,En agglomération,Hors intersection,Normale,Autre collision,,,,,,,,,,,3,2,1,1.0,6.0
201800019391,0018-06-04 17:50:00,18,6,4,17,50,300,60,CD135,43.7929,4.38336,Plein jour,En agglomération,Intersection en X,Normale,Deux véhicules - côté,,,,,,,,,,,1,2,2,1.0,3.0
201800019392,0018-06-22 14:10:00,18,6,22,14,10,300,135,D 999,43.8271,4.5341,Plein jour,Hors agglomération,Hors intersection,Temps éblouissant,Deux véhicules - frontale,,,,,,,,,,,1,1,1,7.0,1.0
201800019393,0018-07-11 08:05:00,18,7,11,8,5,300,60,avenue de la laune,43.79188,4.38266,Plein jour,En agglomération,Hors intersection,Temps éblouissant,Autre collision,,,,,,,,,,,1,2,1,7.0,6.0
201800019394,0018-08-26 23:30:00,18,8,26,23,30,300,135,RD 999 SORTIE JONQUIERES,43.83125,4.57357,Nuit sans éclairage public,Hors agglomération,Hors intersection,Normale,Deux véhicules - frontale,,,,,,,,,,,3,1,1,1.0,1.0
201800019395,0018-10-12 08:30:00,18,10,12,8,30,300,34,place carnot,43.75395,4.51344,Plein jour,En agglomération,Hors intersection,Temps couvert,Autre collision,,,,,,,,,,,1,2,1,8.0,6.0
201800019396,0018-10-17 16:50:00,18,10,17,16,50,300,60,D42  PK 7+500,43.78707,4.38981,Plein jour,Hors agglomération,Intersection en Y,Normale,Deux véhicules - côté,,,,,,,,,,,1,1,4,1.0,3.0
201800019397,0018-11-19 12:15:00,18,11,19,12,15,300,117,D6113,43.70416,4.5661,Plein jour,Hors agglomération,Hors intersection,Normale,Deux véhicules - côté,,,,,,,,,,,1,1,1,1.0,3.0
201800019398,0018-11-21 17:30:00,18,11,21,17,30,300,60,D42,43.802,4.37468,Nuit sans éclairage public,Hors agglomération,Hors intersection,Normale,Deux véhicules - arrière,,,,,,,,,,,3,1,1,1.0,2.0
201800019399,0018-11-29 07:45:00,18,11,29,7,45,300,34,rond point de la Sita Dé,43.75695,4.52457,Crépuscule ou aube,Hors agglomération,Giratoire,Normale,Autre collision,,,,,,,,,,,2,1,6,1.0,6.0
201800019400,0018-11-30 14:05:00,18,11,30,14,5,300,60,D42,43.79413,4.38416,Plein jour,En agglomération,Hors intersection,Pluie légère,Deux véhicules - arrière,,,,,,,,,,,1,2,1,2.0,2.0
201800019401,0018-12-03 17:50:00,18,12,3,17,50,300,117,Route Départementale 611,43.69466,4.59156,Nuit sans éclairage public,Hors agglomération,Hors intersection,Normale,Deux véhicules - arrière,,,,,,,,,,,3,1,1,1.0,2.0
201800019402,0018-12-22 01:40:00,18,12,22,1,40,300,34,cd6113,43.75877,4.50199,Nuit sans éclairage public,Hors agglomération,Hors intersection,Pluie légère,Autre collision,,,,,,,,,,,3,1,1,2.0,6.0
201800019403,0018-01-26 11:55:00,18,1,26,11,55,620,772,Intersection RD 943,50.76657,2.2161,Plein jour,Hors agglomération,Intersection en X,Normale,Deux véhicules - frontale,,,,,,,,,,,1,1,2,1.0,1.0
201800019404,0018-02-21 16:40:00,18,2,21,16,40,620,297,rue de la gare,50.82461,2.20389,Plein jour,Hors agglomération,Hors intersection,Temps couvert,Autre collision,,,,,,,,,,,1,1,1,8.0,6.0
201800019405,0018-09-25 07:45:00,18,9,25,7,45,620,792,rd943,50.7826,2.1889,Plein jour,Hors agglomération,Intersection en X,Normale,Deux véhicules - côté,,,,,,,,,,,1,1,2,1.0,3.0
201800019406,0018-12-21 00:45:00,18,12,21,0,45,620,792,Départementale 943,50.7826,2.1889,Nuit sans éclairage public,Hors agglomération,Hors intersection,Normale,Autre collision,,,,,,,,,,,3,1,1,1.0,6.0
201800019407,0018-01-27 16:30:00,18,1,27,16,30,830,120,Avenue Gaston de Saporta,43.38082,5.70079,Plein jour,En agglomération,Hors intersection,Normale,Deux véhicules - côté,,,,,,,,,,,1,2,1,1.0,3.0
201800019408,0018-02-20 13:00:00,18,2,20,13,0,830,116,route nationale 7,43.42957,5.88685,Plein jour,Hors agglomération,Hors intersection,Normale,Deux véhicules - frontale,,,,,,,,,,,1,1,1,1.0,1.0
201800019409,0018-03-20 11:30:00,18,3,20,11,30,830,116,Route de marseille,43.43515,5.85424,Plein jour,En agglomération,Hors intersection,Normale,Deux véhicules - arrière,,,,,,,,,,,1,2,1,1.0,2.0
201800019410,0018-03-22 19:31:00,18,3,22,19,31,830,87,D280,43.37179,5.78214,Nuit avec éclairage allumé,En agglomération,Hors intersection,Normale,Deux véhicules - côté,,,,,,,,,,,5,2,1,1.0,3.0
201800019411,0018-04-28 05:00:00,18,4,28,5,0,830,87,D560 - D1,43.39276,5.79822,Nuit sans éclairage public,Hors agglomération,Giratoire,Normale,Sans collision,,,,,,,,,,,3,1,6,1.0,7.0
201800019412,0018-04-27 23:30:00,18,4,27,23,30,830,125,D560,43.5021,5.9082,Nuit sans éclairage public,Hors agglomération,Hors intersection,Normale,Autre collision,,,,,,,,,,,3,1,1,1.0,6.0
201800019413,0018-05-05 12:30:00,18,5,5,12,30,830,21,parking de l'école prima,43.46973,5.95908,Plein jour,En agglomération,Autre intersection,Normale,Autre collision,,,,,,,,,,,1,2,9,1.0,6.0