accident_id,datetime,annee,mois,jour,heure,minute,departement,commune_insee,adresse,latitude,longitude,luminosite,agglomeration,intersection,meteo,collision,nb_vehicules,nb_usagers,nb_indemnes,nb_tues,nb_blesses_hosp,nb_blesses_legers,age_cond_1,age_cond_2,veh_type_cond_1,veh_type_cond_2,lum_code,agg_code,int_code,atm_code,col_code
201800019414,0018-05-12 09:50:00,18,5,12,9,50,830,140,DN7,43.40527,5.93245,Plein jour,Hors agglomération,Hors intersection,Normale,Trois véhicules et plus - collisions multiples,,,,,,,,,,,1,1,1,1.0,5.0
201800019415,0018-06-07 14:05:00,18,6,7,14,5,830,116,boulevard jean jaurès,43.45312,5.86019,Plein jour,En agglomération,Autre intersection,Pluie légère,Autre collision,,,,,,,,,,,1,2,9,2.0,6.0
201800019416,0018-06-20 19:40:00,18,6,20,19,40,830,97,grand rue,43.50304,5.73554,Plein jour,En agglomération,Hors intersection,Normale,Deux véhicules - frontale,,,,,,,,,,,1,2,1,1.0,1.0
201800019417,0018-07-03 08:55:00,18,7,3,8,55,830,87,RD 560,43.38541,5.74903,Plein jour,Hors agglomération,Hors intersection,Normale,Deux véhicules - frontale,,,,,,,,,,,1,1,1,1.0,1.0
201800019418,0018-07-11 21:15:00,18,7,11,21,15,830,96,DN7,43.46723,5.78897,Nuit sans éclairage public,Hors agglomération,Hors intersection,Normale,Deux véhicules - frontale,,,,,,,,,,,3,1,1,1.0,1.0
201800019419,0018-07-16 14:00:00,18,7,16,14,0,830,116,DN 7,43.45471,5.85345,Plein jour,Hors agglomération,Hors intersection,Temps couvert,Deux véhicules - frontale,,,,,,,,,,,1,1,1,8.0,1.0
201800019420,0018-07-22 07:03:00,18,7,22,7,3,830,140,DN7,43.40826,5.97025,Crépuscule ou aube,Hors agglomération,Hors intersection,Temps éblouissant,Deux véhicules - frontale,,,,,,,,,,,2,1,1,7.0,1.0
201800019421,0018-08-29 19:55:00,18,8,29,19,55,830,116,RD 560 A,43.43995,5.86297,Crépuscule ou aube,En agglomération,Hors intersection,Normale,Deux véhicules - côté,,,,,,,,,,,2,2,1,1.0,3.0
201800019422,0018-10-04 08:10:00,18,10,4,8,10,830,116,RD 560 A,43.4399,5.86308,Plein jour,En agglomération,Intersection en X,Temps éblouissant,Deux véhicules - côté,,,,,,,,,,,1,2,2,7.0,3.0
201800019423,0018-10-07 06:00:00,18,10,7,6,0,830,140,DN7,43.40838,5.97737,Nuit sans éclairage public,Hors agglomération,Hors intersection,Pluie légère,Sans collision,,,,,,,,,,,3,1,1,2.0,7.0
201800019424,0018-10-19 16:45:00,18,10,19,16,45,830,120,Rue Jean-Moulin,43.38186,5.70728,Plein jour,En agglomération,Hors intersection,Normale,Autre collision,,,,,,,,,,,1,2,1,1.0,6.0
201800019425,0018-10-26 00:20:00,18,10,26,0,20,830,110,RD1,43.39483,5.86549,Nuit sans éclairage public,Hors agglomération,Hors intersection,Normale,Autre collision,,,,,,,,,,,3,1,1,1.0,6.0
201800019426,0018-10-31 19:00:00,18,10,31,19,0,830,96,DN07,43.46723,5.78897,Nuit sans éclairage public,Hors agglomération,Hors intersection,Pluie forte,Trois véhicules et plus - en chaîne,,,,,,,,,,,3,1,1,3.0,4.0
201800019427,0018-12-05 15:05:00,18,12,5,15,5,830,140,Départementale 1 - PR01,43.40938,5.90853,Plein jour,Hors agglomération,Hors intersection,Normale,Deux véhicules - frontale,,,,,,,,,,,1,1,1,1.0,1.0
201800019428,0018-12-14 04:00:00,18,12,14,4,0,830,140,DN7,43.40841,5.96032,Nuit sans éclairage public,Hors agglomération,Hors intersection,Normale,Autre collision,,,,,,,,,,,3,1,1,1.0,6.0
201800019429,0018-01-18 11:20:00,18,1,18,11,20,830,31,avenue de verdun,43.39245,6.33791,Plein jour,En agglomération,Hors intersection,Vent fort / tempête,Deux véhicules - côté,,,,,,,,,,,1,2,1,6.0,3.0
201800019430,0018-02-01 12:45:00,18,2,1,12,45,830,73,15 boulevard Charles GAU,43.39192,6.31408,Plein jour,En agglomération,Hors intersection,Normale,Trois véhicules et plus - en chaîne,,,,,,,,,,,1,2,1,1.0,4.0
201800019431,0018-03-16 07:45:00,18,3,16,7,45,830,31,RD17 - Route du Thoronet,43.40314,6.35686,Plein jour,Hors agglomération,Hors intersection,Normale,Trois véhicules et plus - en chaîne,,,,,,,,,,,1,1,1,1.0,4.0
201800019432,0018-03-31 13:00:00,18,3,31,13,0,830,67,RD97,43.34991,6.29601,Plein jour,Hors agglomération,Hors intersection,Normale,Autre collision,,,,,,,,,,,1,1,1,1.0,6.0
201800019433,0018-05-27 11:30:00,18,5,27,11,30,830,31,RD 558,43.38666,6.35767,Plein jour,Hors agglomération,Hors intersection,Normale,Deux véhicules - côté,,,,,,,,,,,1,1,1,1.0,3.0
201800019434,0018-05-27 05:00:00,18,5,27,5,0,830,73,"Rd97, les basses retrach",43.38811,6.30869,Nuit avec éclairage allumé,En agglomération,Hors intersection,Normale,Autre collision,,,,,,,,,,,5,2,1,1.0,6.0
201800019435,0018-06-11 18:20:00,18,6,11,18,20,830,57,Route Nationale 07 - Bor,43.37648,6.2217,Plein jour,En agglomération,Hors intersection,Normale,Deux véhicules - côté,,,,,,,,,,,1,2,1,1.0,3.0
201800019436,0018-06-14 13:20:00,18,6,14,13,20,830,73,les Destres Nord,43.39517,6.27607,Plein jour,Hors agglomération,Hors intersection,Normale,Autre collision,,,,,,,,,,,1,1,1,1.0,6.0
201800019437,0018-07-31 06:35:00,18,7,31,6,35,830,18,Départementale 13,43.34257,6.18412,Plein jour,Hors agglomération,Hors intersection,Normale,Deux véhicules - frontale,,,,,,,,,,,1,1,1,1.0,1.0
201800019438,0018-08-07 10:15:00,18,8,7,10,15,830,67,Avenue Gabriel Péri,43.32043,6.28899,Plein jour,En agglomération,Intersection en T,Normale,Deux véhicules - côté,,,,,,,,,,,1,2,3,1.0,3.0
201800019439,0018-08-23 07:50:00,18,8,23,7,50,830,75,D75,43.31791,6.35818,Plein jour,Hors agglomération,Hors intersection,Normale,Deux véhicules - frontale,,,,,,,,,,,1,1,1,1.0,1.0
201800019440,0018-09-02 18:45:00,18,9,2,18,45,830,57,DN7,43.36935,6.21602,Plein jour,Hors agglomération,Giratoire,Normale,Autre collision,,,,,,,,,,,1,1,6,1.0,6.0
201800019441,0018-09-26 07:30:00,18,9,26,7,30,830,31,D558 - PK 9+300,43.34894,6.42789,Plein jour,Hors agglomération,Hors intersection,Normale,Trois véhicules et plus - collisions multiples,,,,,,,,,,,1,1,1,1.0,5.0
201800019442,0018-10-05 13:00:00,18,10,5,13,0,830,57,rd 13,43.35869,6.19893,Plein jour,Hors agglomération,Hors intersection,Normale,Deux véhicules - frontale,,,,,,,,,,,1,1,1,1.0,1.0
201800019443,0018-10-12 15:30:00,18,10,12,15,30,830,31,D17 route du Thoronet,43.40314,6.35686,Plein jour,Hors agglomération,Hors intersection,Normale,Deux véhicules - frontale,,,,,,,,,,,1,1,1,1.0,1.0
201800019444,0018-10-18 21:00:00,18,10,18,21,0,830,92,D97,43.30571,6.24515,Nuit sans éclairage public,Hors agglomération,Hors intersection,Normale,Deux véhicules - côté,,,,,,,,,,,3,1,1,1.0,3.0
201800019445,0018-10-21 15:30:00,18,10,21,15,30,830,26,ancien chemin cabasse lo,43.42839,6.23065,Plein jour,Hors agglomération,Hors intersection,Normale,Sans collision,,,,,,,,,,,1,1,1,1.0,7.0
201800019446,0018-10-29 14:15:00,18,10,29,14,15,830,18,D13,43.34628,6.17986,Plein jour,Hors agglomération,Hors intersection,Pluie forte,Sans collision,,,,,,,,,,,1,1,1,3.0,7.0
201800019447,0018-11-14 05:10:00,18,11,14,5,10,830,73,D33,43.36872,6.31561,Nuit sans éclairage public,Hors agglomération,Hors intersection,Normale,Deux véhicules - arrière,,,,,,,,,,,3,1,1,1.0,2.0
201800019448,0018-12-17 03:30:00,18,12,17,3,30,830,18,D13,43.32899,6.18005,Nuit sans éclairage public,Hors agglomération,Hors intersection,Temps couvert,Autre collision,,,,,,,,,,,3,1,1,8.0,6.0
201800019449,0018-12-21 17:50:00,18,12,21,17,50,830,92,PARKING BOULODROME,43.29675,6.25399,Nuit avec éclairage allumé,En agglomération,Hors intersection,Normale,Autre collision,,,,,,,,,,,5,2,1,1.0,6.0
201800019450,0018-12-24 09:45:00,18,12,24,9,45,830,73,avenue pablo picasso,43.39735,6.3069,Plein jour,En agglomération,Autre intersection,Normale,Autre collision,,,,,,,,,,,1,2,9,1.0,6.0
201800019451,0018-02-18 18:30:00,18,2,18,18,30,740,157,Intersection D233 / D35,46.33389,6.50528,Nuit avec éclairage allumé,En agglomération,Intersection en T,Normale,Trois véhicules et plus - collisions multiples,,,,,,,,,,,5,2,3,1.0,5.0
201800019452,0018-02-20 00:45:00,18,2,20,0,45,740,20,CD 26,46.35322,6.50354,Nuit sans éclairage public,Hors agglomération,Hors intersection,Normale,Autre collision,,,,,,,,,,,3,1,1,1.0,6.0
201800019453,0018-03-25 03:00:00,18,3,25,3,0,740,180,56 route des repingons,46.34541,6.28488,Nuit avec éclairage allumé,En agglomération,Hors intersection,Normale,Autre collision,,,,,,,,,,,5,2,1,1.0,6.0
201800019454,0018-04-26 07:00:00,18,4,26,7,0,740,293,Route départementale 100,46.27567,6.24597,Plein jour,En agglomération,Hors intersection,Normale,Deux véhicules - côté,,,,,,,,,,,1,2,1,1.0,3.0
201800019455,0018-04-29 16:50:00,18,4,29,16,50,740,180,route de la pointe,46.34994,6.28787,Plein jour,En agglomération,Hors intersection,Normale,Deux véhicules - frontale,,,,,,,,,,,1,2,1,1.0,1.0
201800019456,0018-04-17 17:30:00,18,4,17,17,30,740,263,CHEMIN DES VOIES,46.32572,6.39442,Plein jour,En agglomération,Hors intersection,Normale,Deux véhicules - côté,,,,,,,,,,,1,2,1,1.0,3.0
201800019457,0018-05-18 16:30:00,18,5,18,16,30,740,105,39 avenue de GENEVE,46.30383,6.29595,Plein jour,En agglomération,Hors intersection,Normale,Deux véhicules - côté,,,,,,,,,,,1,2,1,1.0,3.0
201800019458,0018-05-28 17:20:00,18,5,28,17,20,740,5,D12 route du Noyer,46.3484,6.47865,Plein jour,Hors agglomération,Hors intersection,Normale,Deux véhicules - frontale,,,,,,,,,,,1,1,1,1.0,1.0
201800019459,0018-06-25 18:30:00,18,6,25,18,30,740,263,d1005,46.33204,6.37778,Plein jour,Hors agglomération,Hors intersection,Normale,Deux véhicules - côté,,,,,,,,,,,1,1,1,1.0,3.0
201800019460,0018-07-11 19:35:00,18,7,11,19,35,740,315,route de messery,46.36767,6.32118,Plein jour,En agglomération,Intersection en X,Normale,Deux véhicules - côté,,,,,,,,,,,1,2,2,1.0,3.0
201800019461,0018-07-23 17:15:00,18,7,23,17,15,740,157,Route de bellevaux,46.34149,6.53511,Plein jour,Hors agglomération,Hors intersection,Normale,Deux véhicules - frontale,,,,,,,,,,,1,1,1,1.0,1.0
201800019462,0018-08-12 09:24:00,18,8,12,9,24,740,263,448 ROUTE DE BONNATRAIT,46.33339,6.38751,Plein jour,En agglomération,Autre intersection,Normale,Deux véhicules - arrière,,,,,,,,,,,1,2,9,1.0,2.0
201800019463,0018-08-25 18:40:00,18,8,25,18,40,740,263,RD25,46.31977,6.3958,Plein jour,Hors agglomération,Hors intersection,Normale,Sans collision,,,,,,,,,,,1,1,1,1.0,7.0
201800019464,0018-08-26 09:00:00,18,8,26,9,0,740,150,D1206,46.28031,6.31078,Plein jour,En agglomération,Giratoire,Temps éblouissant,Deux véhicules - côté,,,,,,,,,,,1,2,6,7.0,3.0
201800019465,0018-09-18 18:14:00,18,9,18,18,14,740,105,45 rue du centre,46.30593,6.30185,Plein jour,En agglomération,Hors intersection,Normale,Autre collision,,,,,,,,,,,1,2,1,1.0,6.0
201800019466,0018-09-24 16:30:00,18,9,24,16,30,740,105,avenue des acacias,46.30496,6.30791,Plein jour,En agglomération,Autre intersection,Normale,Autre collision,,,,,,,,,,,1,2,9,1.0,6.0
201800019467,0018-10-07 17:12:00,18,10,7,17,12,740,171,Départementale 1005,46.32201,6.34248,Plein jour,Hors agglomération,Hors intersection,Normale,Deux véhicules - frontale,,,,,,,,,,,1,1,1,1.0,1.0
201800019468,0018-11-16 16:50:00,18,11,16,16,50,740,43,RD 903 - Avenue du salèv,46.26085,6.35138,Plein jour,Hors agglomération,Hors intersection,Pluie légère,Trois véhicules et plus - collisions multiples,,,,,,,,,,,1,1,1,2.0,5.0
201800019469,0018-11-23 22:45:00,18,11,23,22,45,740,105,Avenue de Thonon - D1005,46.31061,6.31542,Nuit avec éclairage allumé,En agglomération,Hors intersection,Pluie forte,Deux véhicules - frontale,,,,,,,,,,,5,2,1,3.0,1.0
201800019470,0018-11-28 18:35:00,18,11,28,18,35,740,106,Carrefour D12/D35,46.30737,6.47264,Nuit avec éclairage allumé,Hors agglomération,Intersection en X,Normale,Deux véhicules - côté,,,,,,,,,,,5,1,2,1.0,3.0
201800019471,0018-12-25 00:50:00,18,12,25,0,50,740,150,455 grande rue,46.2921,6.30964,Nuit avec éclairage allumé,En agglomération,Intersection en Y,Normale,Sans collision,,,,,,,,,,,5,2,4,1.0,7.0
201800019472,0018-12-28 04:00:00,18,12,28,4,0,740,150,route des penets,46.28163,6.30989,Nuit sans éclairage public,Hors agglomération,Hors intersection,Normale,Autre collision,,,,,,,,,,,3,1,1,1.0,6.0
201800019473,0018-01-30 15:06:00,18,1,30,15,6,240,234,D709,45.00083,0.3807,Plein jour,Hors agglomération,Hors intersection,Normale,Deux véhicules - frontale,,,,,,,,,,,1,1,1,1.0,1.0
201800019474,0018-03-17 15:20:00,18,3,17,15,20,240,442,A89 - pk 100.650,45.12536,0.52905,Plein jour,Hors agglomération,Hors intersection,Neige / grêle,Trois véhicules et plus - collisions multiples,,,,,,,,,,,1,1,1,4.0,5.0
201800019475,0018-11-30 09:00:00,18,11,30,9,0,240,312,A89,45.14131,0.70107,Plein jour,Hors agglomération,Hors intersection,Pluie légère,Trois véhicules et plus - en chaîne,,,,,,,,,,,1,1,1,2.0,4.0
201800019476,0018-02-20 11:57:00,18,2,20,11,57,340,169,chemin des sarments,43.6779,3.85541,Plein jour,Hors agglomération,Giratoire,Normale,Sans collision,,,,,,,,,,,1,1,6,1.0,7.0
201800019477,0018-02-26 15:08:00,18,2,26,15,8,340,14,départementale 68,43.7253,3.89149,Plein jour,Hors agglomération,Hors intersection,Normale,Sans collision,,,,,,,,,,,1,1,1,1.0,7.0
201800019478,0018-04-18 08:40:00,18,4,18,8,40,340,309,RD21,43.67573,3.91726,Plein jour,En agglomération,Hors intersection,Normale,Trois véhicules et plus - en chaîne,,,,,,,,,,,1,2,1,1.0,4.0
201800019479,0018-04-27 10:05:00,18,4,27,10,5,340,118,Domaine de la Triballe -,43.70907,3.93586,Plein jour,Hors agglomération,Hors intersection,Normale,Deux véhicules - côté,,,,,,,,,,,1,1,1,1.0,3.0
201800019480,0018-04-26 17:05:00,18,4,26,17,5,340,118,route de Saint Mathieu C,43.73848,3.90906,Plein jour,Hors agglomération,Hors intersection,Normale,Deux véhicules - côté,,,,,,,,,,,1,1,1,1.0,3.0
201800019481,0018-05-24 12:00:00,18,5,24,12,0,340,14,RD 109,43.7002,3.89924,Plein jour,En agglomération,Intersection en T,Normale,Deux véhicules - frontale,,,,,,,,,,,1,2,3,1.0,1.0
201800019482,0018-06-05 15:45:00,18,6,5,15,45,340,77,RD65,43.64549,3.88999,Plein jour,Hors agglomération,Intersection en T,Normale,Deux véhicules - côté,,,,,,,,,,,1,1,3,1.0,3.0
201800019483,0018-06-26 15:00:00,18,6,26,15,0,340,217,Route de Mende,43.70104,3.8627,Plein jour,En agglomération,Hors intersection,Normale,Autre collision,,,,,,,,,,,1,2,1,1.0,6.0
201800019484,0018-06-26 12:00:00,18,6,26,12,0,340,77,cd 17,43.66027,3.86654,Plein jour,Hors agglomération,Hors intersection,Normale,Sans collision,,,,,,,,,,,1,1,1,1.0,7.0
201800019485,0018-07-25 12:30:00,18,7,25,12,30,340,120,Parking public espace bo,43.6632,3.91184,Plein jour,En agglomération,Autre intersection,Normale,Deux véhicules - côté,,,,,,,,,,,1,2,9,1.0,3.0
201800019486,0018-08-07 07:45:00,18,8,7,7,45,340,217,CD.17,43.71168,3.86695,Plein jour,Hors agglomération,Autre intersection,Normale,Autre collision,,,,,,,,,,,1,1,9,1.0,6.0
201800019487,0018-09-13 13:35:00,18,9,13,13,35,340,309,D109,43.67781,3.90113,Plein jour,Hors agglomération,Giratoire,Normale,Deux véhicules - arrière,,,,,,,,,,,1,1,6,1.0,2.0
201800019488,0018-09-14 18:30:00,18,9,14,18,30,340,120,rue Fernand Soubeyran,43.66011,3.91147,Plein jour,En agglomération,Hors intersection,Normale,Deux véhicules - côté,,,,,,,,,,,1,2,1,1.0,3.0
201800019489,0018-10-10 11:45:00,18,10,10,11,45,340,309,DEPARMENTALE 21,43.69279,3.92935,Plein jour,En agglomération,Hors intersection,Pluie forte,Deux véhicules - frontale,,,,,,,,,,,1,2,1,3.0,1.0
201800019490,0018-10-16 16:00:00,18,10,16,16,0,340,118,D26,43.73003,3.91342,Plein jour,Hors agglomération,Hors intersection,Normale,Sans collision,,,,,,,,,,,1,1,1,1.0,7.0
201800019491,0018-11-08 18:00:00,18,11,8,18,0,340,120,Commerce Biocoop,43.6632,3.91184,Nuit avec éclairage allumé,En agglomération,Hors intersection,Normale,Autre collision,,,,,,,,,,,5,2,1,1.0,6.0
201800019492,0018-12-08 13:30:00,18,12,8,13,30,340,309,Avenue de Montaud,43.68833,3.9275,Plein jour,En agglomération,Intersection en X,Normale,Deux véhicules - côté,,,,,,,,,,,1,2,2,1.0,3.0
201800019493,0018-01-24 21:00:00,18,1,24,21,0,160,154,,45.67296,0.17399,Nuit avec éclairage allumé,En agglomération,Intersection en T,Normale,Deux véhicules - frontale,,,,,,,,,,,5,2,3,1.0,1.0
201800019494,0018-01-10 14:15:00,18,1,10,14,15,160,15,BOULEVARD BESSON BEY,45.65808,0.16057,Plein jour,En agglomération,Intersection en T,Normale,Autre collision,,,,,,,,,,,1,2,3,1.0,6.0
201800019495,0018-01-26 13:00:00,18,1,26,13,0,160,15,,45.64762,0.15322,Plein jour,En agglomération,Hors intersection,Normale,Autre collision,,,,,,,,,,,1,2,1,1.0,6.0
201800019496,0018-01-21 18:45:00,18,1,21,18,45,160,15,,45.64983,0.17025,Nuit avec éclairage allumé,En agglomération,Intersection en T,Pluie légère,Deux véhicules - frontale,,,,,,,,,,,5,2,3,2.0,1.0
201800019497,0018-03-31 22:20:00,18,3,31,22,20,160,154,50 route de VArs,45.66355,0.16231,Nuit avec éclairage allumé,En agglomération,Hors intersection,Normale,Autre collision,,,,,,,,,,,5,2,1,1.0,6.0
201800019498,0018-04-06 19:40:00,18,4,6,19,40,160,15,,45.65827,0.17208,Plein jour,En agglomération,Hors intersection,Normale,Autre collision,,,,,,,,,,,1,2,1,1.0,6.0
201800019499,0018-04-20 17:10:00,18,4,20,17,10,160,113,Deviation la Couronne,45.61896,0.10295,Plein jour,Hors agglomération,Autre intersection,Normale,Autre collision,,,,,,,,,,,1,1,9,1.0,6.0
201800019500,0018-02-18 22:20:00,18,2,18,22,20,160,15,AVENUE GAMBETTA,45.65173,0.16281,Nuit avec éclairage allumé,En agglomération,Hors intersection,Normale,Autre collision,,,,,,,,,,,5,2,1,1.0,6.0
201800019501,0018-04-06 04:30:00,18,4,6,4,30,160,15,VOIE DE L'EUROPE,45.64226,0.14885,Nuit sans éclairage public,Hors agglomération,Hors intersection,Normale,Autre collision,,,,,,,,,,,3,1,1,1.0,6.0
201800019502,0018-06-02 09:45:00,18,6,2,9,45,160,15,Intermarché,45.66081,0.1404,Plein jour,En agglomération,Autre intersection,Normale,Autre collision,,,,,,,,,,,1,2,9,1.0,6.0
201800019503,0018-06-14 17:30:00,18,6,14,17,30,160,341,RN 10 - Saint Michel,45.63857,0.11832,Plein jour,Hors agglomération,Hors intersection,Normale,Sans collision,,,,,,,,,,,1,1,1,1.0,7.0
201800019504,0018-07-22 07:45:00,18,7,22,7,45,160,15,rue de BASSEAU,45.6529,0.10773,Crépuscule ou aube,Hors agglomération,Hors intersection,Normale,Deux véhicules - frontale,,,,,,,,,,,2,1,1,1.0,1.0
201800019505,0018-09-03 14:00:00,18,9,3,14,0,160,15,rue de MONTMOREAU,45.64956,0.16065,Plein jour,En agglomération,Hors intersection,Normale,Autre collision,,,,,,,,,,,1,2,1,1.0,6.0
201800019506,0018-09-07 16:20:00,18,9,7,16,20,160,15,BOULEVARD DE BIGORRE,45.62936,0.13973,Plein jour,Hors agglomération,Hors intersection,Normale,Deux véhicules - côté,,,,,,,,,,,1,1,1,1.0,3.0
201800019507,0018-09-07 18:00:00,18,9,7,18,0,160,374,Giratoie des Effamiers,45.63424,0.212,Plein jour,En agglomération,Giratoire,Normale,Deux véhicules - arrière,,,,,,,,,,,1,2,6,1.0,2.0
201800019508,0018-07-29 19:30:00,18,7,29,19,30,160,358,le Clos,45.69662,0.09792,Plein jour,Hors agglomération,Hors intersection,Normale,Deux véhicules - frontale,,,,,,,,,,,1,1,1,1.0,1.0
201800019509,0018-09-11 13:10:00,18,9,11,13,10,160,374,ROUTE DE SAINT-MARC,45.63641,0.17553,Plein jour,En agglomération,Hors intersection,Normale,Deux véhicules - frontale,,,,,,,,,,,1,2,1,1.0,1.0
201800019510,0018-09-14 09:33:00,18,9,14,9,33,160,15,Place Victor Hugo,45.6489,0.17487,Plein jour,En agglomération,Hors intersection,Normale,Autre collision,,,,,,,,,,,1,2,1,1.0,6.0
201800019511,0018-09-27 09:10:00,18,9,27,9,10,160,358,rue de ROYAN,45.66464,0.12716,Plein jour,En agglomération,Intersection en T,Normale,Deux véhicules - côté,,,,,,,,,,,1,2,3,1.0,3.0
201800019512,0018-10-04 21:05:00,18,10,4,21,5,160,15,rue de BASSEAU,45.653,0.10754,Nuit avec éclairage allumé,En agglomération,Hors intersection,Normale,Deux véhicules - frontale,,,,,,,,,,,5,2,1,1.0,1.0
201800019513,0018-10-12 11:55:00,18,10,12,11,55,160,374,AVENUE DU GAL DE GAULLE,45.64115,0.19506,Plein jour,En agglomération,Hors intersection,Normale,Deux véhicules - arrière,,,,,,,,,,,1,2,1,1.0,2.0
201800019514,0018-10-24 16:00:00,18,10,24,16,0,160,154,RUE DE PARIS,45.66767,0.17201,Plein jour,En agglomération,Hors intersection,Normale,Autre collision,,,,,,,,,,,1,2,1,1.0,6.0
201800019515,0018-11-05 12:15:00,18,11,5,12,15,160,374,AVENUE DU Gal DE GAULLE,45.64174,0.19266,Plein jour,En agglomération,Intersection en T,Normale,Deux véhicules - arrière,,,,,,,,,,,1,2,3,1.0,2.0
201800019516,0018-02-12 08:25:00,18,2,12,8,25,160,89,Le Fief du Roy,45.67479,-0.30843,Plein jour,En agglomération,Giratoire,Normale,Sans collision,,,,,,,,,,,1,2,6,1.0,7.0
201800019517,0018-03-04 06:30:00,18,3,4,6,30,160,102,23 BOULEVARD CHATENAY,45.69589,-0.31769,Nuit avec éclairage allumé,En agglomération,Intersection en X,Pluie légère,Autre collision,,,,,,,,,,,5,2,2,2.0,6.0
201800019518,0018-03-09 14:15:00,18,3,9,14,15,160,102,Boulevard de PARIS,45.6891,-0.3177,Plein jour,En agglomération,Intersection en X,Normale,Deux véhicules - côté,,,,,,,,,,,1,2,2,1.0,3.0
201800019519,0018-03-17 19:10:00,18,3,17,19,10,160,89,,45.68109,-0.31059,Plein jour,En agglomération,Hors intersection,Normale,Autre collision,,,,,,,,,,,1,2,1,1.0,6.0
201800019520,0018-04-14 01:40:00,18,4,14,1,40,160,102,HUGO (AVENUE VICTOR),45.69019,-0.3201,Nuit avec éclairage allumé,En agglomération,Intersection en X,Normale,Deux véhicules - côté,,,,,,,,,,,5,2,2,1.0,3.0
201800019521,0018-04-26 19:29:00,18,4,26,19,29,160,102,PLACE SAINT-JACQUES,45.69964,-0.33375,Plein jour,En agglomération,Giratoire,Normale,Deux véhicules - côté,,,,,,,,,,,1,2,6,1.0,3.0
201800019522,0018-05-09 23:10:00,18,5,9,23,10,160,89,RUE DU COMMERCE,45.68286,-0.31435,Nuit avec éclairage allumé,En agglomération,Giratoire,Normale,Autre collision,,,,,,,,,,,5,2,6,1.0,6.0
201800019523,0018-06-25 07:40:00,18,6,25,7,40,160,102,boulevard de PARIS,45.68845,-0.31886,Plein jour,En agglomération,Intersection en X,Normale,Autre collision,,,,,,,,,,,1,2,2,1.0,6.0
201800019524,0018-07-07 13:50:00,18,7,7,13,50,160,102,BOULEVARD DE CHATENAY,45.69668,-0.31789,Plein jour,En agglomération,Intersection en X,Normale,Deux véhicules - côté,,,,,,,,,,,1,2,2,1.0,3.0
201800019525,0018-08-05 15:00:00,18,8,5,15,0,160,102,Bd DENFERT ROCHEREAU,45.69754,-0.32769,Plein jour,En agglomération,Hors intersection,Normale,Deux véhicules - côté,,,,,,,,,,,1,2,1,1.0,3.0
201800019526,0018-08-03 12:05:00,18,8,3,12,5,160,89,Giratoire de la Trâche,45.68099,-0.29264,Plein jour,Hors agglomération,Giratoire,Normale,Deux véhicules - arrière,,,,,,,,,,,1,1,6,1.0,2.0
201800019527,0018-08-15 11:20:00,18,8,15,11,20,160,102,RUE DES MINOTIERS,45.69956,-0.33273,Plein jour,En agglomération,Intersection en T,Normale,Deux véhicules - frontale,,,,,,,,,,,1,2,3,1.0,1.0
201800019528,0018-08-30 13:55:00,18,8,30,13,55,160,102,boulevard de PARIS,45.68701,-0.3215,Plein jour,En agglomération,Hors intersection,Normale,Autre collision,,,,,,,,,,,1,2,1,1.0,6.0
201800019529,0018-08-31 22:00:00,18,8,31,22,0,160,102,rue TURNER,45.69068,-0.32714,Nuit avec éclairage allumé,En agglomération,Intersection en T,Normale,Deux véhicules - côté,,,,,,,,,,,5,2,3,1.0,3.0
201800019530,0018-09-25 07:00:00,18,9,25,7,0,160,89,GIRATOIRE DE LATRACHE,45.68124,-0.29291,Nuit avec éclairage allumé,En agglomération,Hors intersection,Normale,Sans collision,,,,,,,,,,,5,2,1,1.0,7.0
201800019531,0018-10-01 16:40:00,18,10,1,16,40,160,102,,45.6987,-0.32084,Plein jour,En agglomération,Intersection en X,Normale,Deux véhicules - côté,,,,,,,,,,,1,2,2,1.0,3.0
201800019532,0018-10-13 20:30:00,18,10,13,20,30,160,89,ZI Le Fief du Roy,45.68297,-0.31408,Nuit avec éclairage allumé,En agglomération,Giratoire,Normale,Deux véhicules - côté,,,,,,,,,,,5,2,6,1.0,3.0
201800019533,0018-10-14 18:30:00,18,10,14,18,30,160,102,AVENUE VICTO HUGO,45.69092,-0.32215,Crépuscule ou aube,En agglomération,Intersection en T,Pluie légère,Deux véhicules - côté,,,,,,,,,,,2,2,3,2.0,3.0
201800019534,0018-10-15 16:05:00,18,10,15,16,5,160,102,RUE HAUTE DE CROUIN,45.68975,-0.34565,Plein jour,En agglomération,Hors intersection,Normale,Deux véhicules - côté,,,,,,,,,,,1,2,1,1.0,3.0
201800019535,0018-10-27 18:35:00,18,10,27,18,35,160,102,,45.69901,-0.35385,Crépuscule ou aube,En agglomération,Hors intersection,Normale,Trois véhicules et plus - en chaîne,,,,,,,,,,,2,2,1,1.0,4.0