accident_id,datetime,annee,mois,jour,heure,minute,departement,commune_insee,adresse,latitude,longitude,luminosite,agglomeration,intersection,meteo,collision,nb_vehicules,nb_usagers,nb_indemnes,nb_tues,nb_blesses_hosp,nb_blesses_legers,age_cond_1,age_cond_2,veh_type_cond_1,veh_type_cond_2,lum_code,agg_code,int_code,atm_code,col_code
201800019536,0018-11-06 17:10:00,18,11,6,17,10,160,102,AVENUE VICTOR HUGO,45.68849,-0.31454,Plein jour,En agglomération,Hors intersection,Pluie légère,Autre collision,,,,,,,,,,,1,2,1,2.0,6.0
201800019537,0018-11-14 17:10:00,18,11,14,17,10,160,102,AVENUE DE ROYAN,45.68332,-0.34112,Plein jour,En agglomération,Intersection en T,Normale,Trois véhicules et plus - collisions multiples,,,,,,,,,,,1,2,3,1.0,5.0
201800019538,0018-11-27 15:30:00,18,11,27,15,30,160,89,LD Beauregard,45.67278,-0.30681,Plein jour,En agglomération,Intersection en X,Normale,Deux véhicules - côté,,,,,,,,,,,1,2,2,1.0,3.0
201800019539,0018-12-03 20:50:00,18,12,3,20,50,160,102,BOULEVARD DE CHATENAY,45.69471,-0.31719,Nuit avec éclairage allumé,En agglomération,Hors intersection,Pluie légère,Autre collision,,,,,,,,,,,5,2,1,2.0,6.0
201800019540,0018-12-07 00:20:00,18,12,7,0,20,160,102,AVENUE VICTOR HUGO,45.68946,-0.3178,Nuit avec éclairage allumé,En agglomération,Intersection en T,Pluie légère,Deux véhicules - arrière,,,,,,,,,,,5,2,3,2.0,2.0
201800019541,0018-12-26 16:15:00,18,12,26,16,15,160,102,RUE DE PONS,45.68728,-0.33587,Plein jour,En agglomération,Intersection en T,Normale,Deux véhicules - côté,,,,,,,,,,,1,2,3,1.0,3.0
201800019542,0018-12-30 20:30:00,18,12,30,20,30,160,102,BD DENFERT ROCHEREAU,45.69543,-0.32608,Nuit avec éclairage allumé,En agglomération,Intersection en X,Normale,Deux véhicules - frontale,,,,,,,,,,,5,2,2,1.0,1.0
201800019543,0018-09-11 17:45:00,18,9,11,17,45,770,185,Rue Passeroux,48.44684,2.55347,Plein jour,En agglomération,Hors intersection,Normale,Sans collision,,,,,,,,,,,1,2,1,1.0,7.0
201800019544,0018-10-14 08:40:00,18,10,14,8,40,770,185,lieu dit chalmont,48.43319,2.52087,Crépuscule ou aube,Hors agglomération,Hors intersection,Normale,Sans collision,,,,,,,,,,,2,1,1,1.0,7.0
201800019545,0018-11-01 13:45:00,18,11,1,13,45,770,6,départementale 409 PK 5,48.41519,2.59193,Plein jour,Hors agglomération,Hors intersection,Pluie légère,Autre collision,,,,,,,,,,,1,1,1,2.0,6.0
201800019546,0018-11-06 11:15:00,18,11,6,11,15,770,185,50 rue des meuniers,48.45519,2.55226,Plein jour,En agglomération,Hors intersection,Normale,Deux véhicules - frontale,,,,,,,,,,,1,2,1,1.0,1.0
201800019547,0018-11-08 07:40:00,18,11,8,7,40,770,425,D50 X RUE F. BOURGEOIS,48.43649,2.56145,Plein jour,En agglomération,Intersection en X,Normale,Deux véhicules - côté,,,,,,,,,,,1,2,2,1.0,3.0
201800019548,0018-01-03 17:30:00,18,1,3,17,30,690,100,rue Baudrand,45.67527,4.82282,Nuit avec éclairage allumé,En agglomération,Hors intersection,Pluie légère,Autre collision,,,,,,,,,,,5,2,1,2.0,6.0
201800019549,0018-03-09 17:30:00,18,3,9,17,30,690,133,intersection rue des gel,45.63686,4.78016,Plein jour,En agglomération,Hors intersection,Normale,Deux véhicules - frontale,,,,,,,,,,,1,2,1,1.0,1.0
201800019550,0018-05-03 10:30:00,18,5,3,10,30,690,133,place du BOUTON,45.62666,4.78166,Plein jour,En agglomération,Place,Pluie légère,Autre collision,,,,,,,,,,,1,2,7,2.0,6.0
201800019551,0018-06-05 14:15:00,18,6,5,14,15,690,260,chemin des gaupières,45.65103,4.8084,Plein jour,En agglomération,Hors intersection,Normale,Deux véhicules - côté,,,,,,,,,,,1,2,1,1.0,3.0
201800019552,0018-06-10 00:45:00,18,6,10,0,45,690,46,intersection rue de la f,45.65188,4.7966,Nuit avec éclairage allumé,En agglomération,Intersection en T,Normale,Deux véhicules - côté,,,,,,,,,,,5,2,3,1.0,3.0
201800019553,0018-08-31 12:30:00,18,8,31,12,30,690,260,rue du pont,45.64413,4.82344,Plein jour,En agglomération,Intersection en T,Normale,Deux véhicules - côté,,,,,,,,,,,1,2,3,1.0,3.0
201800019554,0018-10-02 17:10:00,18,10,2,17,10,690,46,1545 chemin du bas priva,45.64886,4.78484,Plein jour,Hors agglomération,Hors intersection,Normale,Deux véhicules - frontale,,,,,,,,,,,1,1,1,1.0,1.0
201800019555,0018-11-07 07:50:00,18,11,7,7,50,690,260,rue de la fée des eaux,45.6522,4.79783,Plein jour,En agglomération,Hors intersection,Normale,Deux véhicules - frontale,,,,,,,,,,,1,2,1,1.0,1.0
201800019556,0018-11-28 07:15:00,18,11,28,7,15,690,46,angle rue du malpas - ch,45.652,4.79601,Crépuscule ou aube,En agglomération,Intersection en T,Normale,Deux véhicules - côté,,,,,,,,,,,2,2,3,1.0,3.0
201800019557,0018-04-06 22:25:00,18,4,6,22,25,590,335,1958 route de Tournai,50.47427,3.42646,Nuit avec éclairage allumé,En agglomération,Intersection en T,Normale,Autre collision,,,,,,,,,,,5,2,3,1.0,6.0
201800019558,0018-05-04 03:30:00,18,5,4,3,30,590,434,970 rue d'en bas,50.46428,3.48291,Nuit avec éclairage allumé,En agglomération,Hors intersection,Normale,Autre collision,,,,,,,,,,,5,2,1,1.0,6.0
201800019559,0018-05-25 14:47:00,18,5,25,14,47,590,114,60 rue henri durre,50.4532,3.52167,Plein jour,En agglomération,Hors intersection,Normale,Autre collision,,,,,,,,,,,1,2,1,1.0,6.0
201800019560,0018-01-23 18:25:00,18,1,23,18,25,660,28,avenue du 19 mars 1962,42.68122,2.93416,Nuit avec éclairage allumé,En agglomération,Hors intersection,Normale,Autre collision,,,,,,,,,,,5,2,1,1.0,6.0
201800019561,0018-06-28 07:50:00,18,6,28,7,50,660,28,Ancien chemin de Villene,42.66849,2.93117,Plein jour,Hors agglomération,Intersection en X,Temps éblouissant,Deux véhicules - côté,,,,,,,,,,,1,1,2,7.0,3.0
201800019562,0018-10-16 07:00:00,18,10,16,7,0,660,28,avenue Camille Claudel,42.6891,2.93667,Crépuscule ou aube,En agglomération,Hors intersection,Temps couvert,Deux véhicules - côté,,,,,,,,,,,2,2,1,8.0,3.0
201800019563,0018-01-19 15:20:00,18,1,19,15,20,170,299,"., MOUILLEPIED RUE DE",45.95369,-0.95911,Plein jour,En agglomération,Hors intersection,Normale,Sans collision,,,,,,,,,,,1,2,1,1.0,7.0
201800019564,0018-03-28 13:45:00,18,3,28,13,45,170,299,"., DIERAS AVENUE DU DOCT",45.94349,-0.97521,Plein jour,En agglomération,Giratoire,Pluie légère,Deux véhicules - côté,,,,,,,,,,,1,2,6,2.0,3.0
201800019565,0018-05-25 13:40:00,18,5,25,13,40,170,299,TORRELAVEGA AVENUE DE,45.92943,-0.96427,Plein jour,En agglomération,Hors intersection,Pluie légère,Deux véhicules - frontale,,,,,,,,,,,1,2,1,2.0,1.0
201800019566,0018-06-03 18:00:00,18,6,3,18,0,170,299,THIERS RUE,45.93346,-0.96384,Plein jour,En agglomération,Hors intersection,Normale,Autre collision,,,,,,,,,,,1,2,1,1.0,6.0
201800019567,0018-06-07 14:35:00,18,6,7,14,35,170,299,BIGNON BOULEVARD ET ROND,45.93851,-0.98499,Plein jour,En agglomération,Hors intersection,Normale,Deux véhicules - frontale,,,,,,,,,,,1,2,1,1.0,1.0
201800019568,0018-07-03 19:00:00,18,7,3,19,0,170,449,BRAILLE RUE LOUIS,45.95509,-0.8881,Plein jour,En agglomération,Intersection en T,Normale,Deux véhicules - côté,,,,,,,,,,,1,2,3,1.0,3.0
201800019569,0018-08-05 22:15:00,18,8,5,22,15,170,299,TORRELAVEGA AVENUE DE,45.92929,-0.96421,Nuit avec éclairage allumé,En agglomération,Hors intersection,Normale,Sans collision,,,,,,,,,,,5,2,1,1.0,7.0
201800019570,0018-09-12 09:50:00,18,9,12,9,50,170,299,R.D.733BIS,45.9233,-0.9695,Plein jour,Hors agglomération,Hors intersection,Normale,Autre collision,,,,,,,,,,,1,1,1,1.0,6.0
201800019571,0018-09-25 18:40:00,18,9,25,18,40,170,299,SADI CARNOT AVENUE,45.93816,-0.9647,Plein jour,En agglomération,Hors intersection,Normale,Autre collision,,,,,,,,,,,1,2,1,1.0,6.0
201800019572,0018-10-02 09:55:00,18,10,2,9,55,170,449,PONT ROUGE AVENUE DU,45.95063,-0.93705,Plein jour,En agglomération,Hors intersection,Normale,Sans collision,,,,,,,,,,,1,2,1,1.0,7.0
201800019573,0018-10-06 22:20:00,18,10,6,22,20,170,299,TORRELAVEGA AVENUE DE,45.9291,-0.96424,Nuit avec éclairage allumé,Hors agglomération,Hors intersection,Pluie légère,Autre collision,,,,,,,,,,,5,1,1,2.0,6.0
201800019574,0018-10-31 19:10:00,18,10,31,19,10,170,449,AUNIS AVENUE D',45.94997,-0.92453,Nuit avec éclairage allumé,En agglomération,Hors intersection,Pluie légère,Sans collision,,,,,,,,,,,5,2,1,2.0,7.0
201800019575,0018-11-09 23:40:00,18,11,9,23,40,170,449,R.D. 137 (TONNAY CHARENT,45.95188,-0.88732,Nuit sans éclairage public,En agglomération,Hors intersection,Pluie légère,Deux véhicules - frontale,,,,,,,,,,,3,2,1,2.0,1.0
201800019576,0018-11-13 07:15:00,18,11,13,7,15,170,299,DEPORTES ET FUSILLES AVE,45.93138,-0.96543,Nuit sans éclairage public,En agglomération,Hors intersection,Pluie légère,Sans collision,,,,,,,,,,,3,2,1,2.0,7.0
201800019577,0018-11-15 14:48:00,18,11,15,14,48,170,299,BIGNON BOULEVARD ET ROND,45.94728,-0.98801,Plein jour,Hors agglomération,Hors intersection,Normale,Deux véhicules - arrière,,,,,,,,,,,1,1,1,1.0,2.0
201800019578,0018-12-07 08:15:00,18,12,7,8,15,170,299,BONNET RUE DU DOCTEUR,45.94539,-0.98299,Nuit avec éclairage allumé,En agglomération,Giratoire,Pluie légère,Deux véhicules - côté,,,,,,,,,,,5,2,6,2.0,3.0
201800019579,0018-12-20 17:55:00,18,12,20,17,55,170,299,BRILLOUET ROND POINT,45.95847,-0.97878,Nuit sans éclairage public,Hors agglomération,Giratoire,Pluie légère,Deux véhicules - côté,,,,,,,,,,,3,1,6,2.0,3.0
201800019580,0018-01-02 17:30:00,18,1,2,17,30,170,300,"1, QUATORZE JUILLET   AV",46.15316,-1.13074,Nuit sans éclairage public,En agglomération,Hors intersection,Pluie légère,Deux véhicules - frontale,,,,,,,,,,,3,2,1,2.0,1.0
201800019581,0018-01-03 00:05:00,18,1,3,0,5,170,300,SAUTEL  BOULEVARD ANDRE,46.16919,-1.12913,Nuit avec éclairage allumé,En agglomération,Hors intersection,Pluie légère,Deux véhicules - côté,,,,,,,,,,,5,2,1,2.0,3.0
201800019582,0018-01-03 18:05:00,18,1,3,18,5,170,300,"0, JOFFRE   BOULEVARD (2",46.16131,-1.14008,Nuit avec éclairage allumé,En agglomération,Hors intersection,Pluie forte,Autre collision,,,,,,,,,,,5,2,1,3.0,6.0
201800019583,0018-01-09 15:05:00,18,1,9,15,5,170,300,Légion d'honneur,46.16974,-1.15196,Plein jour,En agglomération,Giratoire,Temps couvert,Deux véhicules - côté,,,,,,,,,,,1,2,6,8.0,3.0
201800019584,0018-01-10 12:45:00,18,1,10,12,45,170,300,"49, AMERIQUES   AVENUE D",46.14844,-1.15444,Plein jour,En agglomération,Hors intersection,Normale,Autre collision,,,,,,,,,,,1,2,1,1.0,6.0
201800019585,0018-01-12 07:30:00,18,1,12,7,30,170,28,"09, EINSTEIN   RUE",46.12679,-1.09477,Nuit avec éclairage allumé,En agglomération,Hors intersection,Normale,Autre collision,,,,,,,,,,,5,2,1,1.0,6.0
201800019586,0018-01-12 19:35:00,18,1,12,19,35,170,291,"0, MARE   RUE DU FIEF DE",46.18149,-1.1241,Nuit avec éclairage allumé,En agglomération,Hors intersection,Normale,Deux véhicules - frontale,,,,,,,,,,,5,2,1,1.0,1.0
201800019587,0018-01-15 13:45:00,18,1,15,13,45,170,291,"0, QUATORZE JUILLET   RU",46.17458,-1.11532,Plein jour,En agglomération,Hors intersection,Pluie légère,Autre collision,,,,,,,,,,,1,2,1,2.0,6.0
201800019588,0018-01-16 18:30:00,18,1,16,18,30,170,300,"160, GUITON   AVENUE JEA",46.16108,-1.1744,Nuit avec éclairage allumé,En agglomération,Hors intersection,Pluie légère,Autre collision,,,,,,,,,,,5,2,1,2.0,6.0
201800019589,0018-01-18 07:30:00,18,1,18,7,30,170,300,05 PK RN237 RE MOULIN JU,46.17367,-1.17832,Crépuscule ou aube,Hors agglomération,Hors intersection,Normale,Trois véhicules et plus - en chaîne,,,,,,,,,,,2,1,1,1.0,4.0
201800019590,0018-01-19 08:55:00,18,1,19,8,55,170,300,"5, VIETE   RUE FRANOIS",46.14441,-1.14128,Plein jour,En agglomération,Hors intersection,Normale,Deux véhicules - côté,,,,,,,,,,,1,2,1,1.0,3.0
201800019591,0018-01-23 08:20:00,18,1,23,8,20,170,300,"0, 118 PK RN137 ROCHEFOR",46.17177,-1.12098,Crépuscule ou aube,Hors agglomération,Hors intersection,Pluie légère,Trois véhicules et plus - en chaîne,,,,,,,,,,,2,1,1,2.0,4.0
201800019592,0018-01-24 06:46:00,18,1,24,6,46,170,200,"0, RAYON D'OR   RUE DU",46.19018,-1.14696,Nuit sans éclairage public,En agglomération,Giratoire,Normale,Deux véhicules - côté,,,,,,,,,,,3,2,6,1.0,3.0
201800019593,0018-01-26 12:20:00,18,1,26,12,20,170,300,"55, JOFFRE   BOULEVARD (",46.15814,-1.14215,Plein jour,En agglomération,Hors intersection,Normale,Deux véhicules - arrière,,,,,,,,,,,1,2,1,1.0,2.0
201800019594,0018-01-26 13:20:00,18,1,26,13,20,170,274,REPUBLIQUE   ROND-POINT,46.153,1.112,Plein jour,En agglomération,Giratoire,Normale,Deux véhicules - arrière,,,,,,,,,,,1,2,6,1.0,2.0
201800019595,0018-01-27 15:10:00,18,1,27,15,10,170,300,117 PK RN137 JUSTICE ROC,46.16248,-1.12193,Plein jour,Hors agglomération,Hors intersection,Temps éblouissant,Deux véhicules - arrière,,,,,,,,,,,1,1,1,7.0,2.0
201800019596,0018-01-29 18:40:00,18,1,29,18,40,170,291,"1, LOGIS   RUE DU",46.18811,-1.11919,Nuit sans éclairage public,Hors agglomération,Hors intersection,Normale,Sans collision,,,,,,,,,,,3,1,1,1.0,7.0
201800019597,0018-01-30 18:00:00,18,1,30,18,0,170,274,"01, Route de Belle Croix",46.16768,-1.09527,Crépuscule ou aube,Hors agglomération,Hors intersection,Normale,Deux véhicules - frontale,,,,,,,,,,,2,1,1,1.0,1.0
201800019598,0018-01-31 07:30:00,18,1,31,7,30,170,300,"12, LECLERC   AVENUE DU",46.16272,-1.16143,Nuit avec éclairage allumé,En agglomération,Intersection en T,Pluie légère,Deux véhicules - côté,,,,,,,,,,,5,2,3,2.0,3.0
201800019599,0018-02-01 15:45:00,18,2,1,15,45,170,300,"1, FOLLETIER  RUE FRANO",46.14086,-1.15338,Plein jour,En agglomération,Hors intersection,Normale,Autre collision,,,,,,,,,,,1,2,1,1.0,6.0
201800019600,0018-02-02 15:20:00,18,2,2,15,20,170,300,SARTRE   AVENUE JEAN-PAU,46.15451,-1.13616,Plein jour,En agglomération,Hors intersection,Normale,Deux véhicules - côté,,,,,,,,,,,1,2,1,1.0,3.0
201800019601,0018-02-02 17:40:00,18,2,2,17,40,170,300,"00, SAUTEL  BOULEVARD AN",46.17037,-1.12542,Crépuscule ou aube,En agglomération,Hors intersection,Normale,Deux véhicules - arrière,,,,,,,,,,,2,2,1,1.0,2.0
201800019602,0018-02-04 12:00:00,18,2,4,12,0,170,300,THIERS   RUE,46.16144,-1.14864,Plein jour,En agglomération,Hors intersection,Normale,Autre collision,,,,,,,,,,,1,2,1,1.0,6.0
201800019603,0018-02-13 19:05:00,18,2,13,19,5,170,274,"24, GRANDE RUE   RUE",46.15332,-1.09952,Nuit avec éclairage allumé,En agglomération,Hors intersection,Normale,Deux véhicules - arrière,,,,,,,,,,,5,2,1,1.0,2.0
201800019604,0018-02-14 00:50:00,18,2,14,0,50,170,300,08 PK RN237 RE MOULIN JU,46.17902,-1.1534,Nuit avec éclairage allumé,En agglomération,Hors intersection,Temps couvert,Autre collision,,,,,,,,,,,5,2,1,8.0,6.0
201800019605,0018-02-14 19:10:00,18,2,14,19,10,170,300,"1.000, CENT-VINGT-TROISI",46.15281,-1.14862,Nuit avec éclairage allumé,En agglomération,Hors intersection,Pluie forte,Deux véhicules - côté,,,,,,,,,,,5,2,1,3.0,3.0
201800019606,0018-02-16 10:30:00,18,2,16,10,30,170,274,", POTEAU   RUE DU",46.16614,-1.10995,Plein jour,En agglomération,Hors intersection,Normale,Deux véhicules - arrière,,,,,,,,,,,1,2,1,1.0,2.0
201800019607,0018-02-19 19:15:00,18,2,19,19,15,170,300,SARTRE   AVENUE JEAN-PAU,46.1531,1.11504,Nuit avec éclairage allumé,En agglomération,Giratoire,Pluie légère,Deux véhicules - côté,,,,,,,,,,,5,2,6,2.0,3.0
201800019608,0018-02-22 17:15:00,18,2,22,17,15,170,291,35 PK RN11 ROCADE NANTES,46.17221,-1.12009,Plein jour,Hors agglomération,Hors intersection,Normale,Trois véhicules et plus - en chaîne,,,,,,,,,,,1,1,1,1.0,4.0
201800019609,0018-02-23 17:45:00,18,2,23,17,45,170,300,CIMETIERE   AVENUE DU,46.1653,-1.11974,Plein jour,En agglomération,Intersection en T,Normale,Deux véhicules - côté,,,,,,,,,,,1,2,3,1.0,3.0
201800019610,0018-02-24 11:10:00,18,2,24,11,10,170,200,"1, VENDOME   RUE DU MOUL",46.1782,-1.15325,Plein jour,En agglomération,Hors intersection,Normale,Deux véhicules - arrière,,,,,,,,,,,1,2,1,1.0,2.0
201800019611,0018-02-24 15:21:00,18,2,24,15,21,170,291,33 PK RN11 ROCADE NANTES,46.17921,-1.09665,Plein jour,Hors agglomération,Hors intersection,Normale,Deux véhicules - arrière,,,,,,,,,,,1,1,1,1.0,2.0
201800019612,0018-02-25 12:30:00,18,2,25,12,30,170,300,CORDELIERS  AVENUE DES,46.1654,-1.14263,Plein jour,En agglomération,Intersection en T,Normale,Deux véhicules - côté,,,,,,,,,,,1,2,3,1.0,3.0
201800019613,0018-02-25 17:45:00,18,2,25,17,45,170,300,"77, COGNEHORS   BOULEVAR",46.16779,-1.14137,Plein jour,En agglomération,Hors intersection,Normale,Deux véhicules - arrière,,,,,,,,,,,1,2,1,1.0,2.0
201800019614,0018-03-09 08:58:00,18,3,9,8,58,170,300,DURAND  QUAI LOUIS,46.15859,-1.14937,Plein jour,En agglomération,Hors intersection,Normale,Deux véhicules - arrière,,,,,,,,,,,1,2,1,1.0,2.0
201800019615,0018-03-09 14:30:00,18,3,9,14,30,170,300,"1, EINSTEIN   AVENUE ALB",46.14774,-1.15849,Plein jour,En agglomération,Intersection en T,Normale,Deux véhicules - côté,,,,,,,,,,,1,2,3,1.0,3.0
201800019616,0018-03-13 18:09:00,18,3,13,18,9,170,300,"., CHURCHILL   BOULEVARD",46.15377,-1.18705,Plein jour,En agglomération,Hors intersection,Normale,Deux véhicules - côté,,,,,,,,,,,1,2,1,1.0,3.0
201800019617,0018-03-14 20:15:00,18,3,14,20,15,170,300,KENNEDY   AVENUE DU PRES,46.16736,-1.1791,Nuit avec éclairage allumé,Hors agglomération,Hors intersection,Pluie légère,Autre collision,,,,,,,,,,,5,1,1,2.0,6.0
201800019618,0018-03-15 03:00:00,18,3,15,3,0,170,28,Chemin Gigas,46.1269,-1.13254,Nuit sans éclairage public,Hors agglomération,Hors intersection,Temps couvert,Sans collision,,,,,,,,,,,3,1,1,8.0,7.0
201800019619,0018-03-15 17:00:00,18,3,15,17,0,170,300,"91, GRASSET   AVENUE EDM",46.16314,-1.16517,Plein jour,En agglomération,Intersection en X,Pluie forte,Deux véhicules - côté,,,,,,,,,,,1,2,2,3.0,3.0
201800019620,0018-03-17 01:15:00,18,3,17,1,15,170,28,114 PK RN137 JUSTICE ROC,46.13728,-1.10364,Nuit sans éclairage public,Hors agglomération,Hors intersection,Pluie légère,Autre collision,,,,,,,,,,,3,1,1,2.0,6.0
201800019621,0018-03-17 14:20:00,18,3,17,14,20,170,300,"1, CREPEAU   AVENUE MICH",46.15385,-1.15347,Plein jour,En agglomération,Hors intersection,Normale,Deux véhicules - côté,,,,,,,,,,,1,2,1,1.0,3.0
201800019622,0018-03-24 17:47:00,18,3,24,17,47,170,200,"0, 04 PK RN237 RE MOULIN",46.17657,-1.166,Plein jour,En agglomération,Hors intersection,Pluie légère,Deux véhicules - arrière,,,,,,,,,,,1,2,1,2.0,2.0
201800019623,0018-03-24 22:05:00,18,3,24,22,5,170,300,LECLERC   AVENUE DU GENE,46.16292,-1.16339,Nuit avec éclairage allumé,En agglomération,Intersection en T,Normale,Deux véhicules - côté,,,,,,,,,,,5,2,3,1.0,3.0
201800019624,0018-03-29 12:05:00,18,3,29,12,5,170,291,EUROPE  ROND POINT DE,46.17608,-1.11344,Plein jour,En agglomération,Giratoire,Normale,Deux véhicules - côté,,,,,,,,,,,1,2,6,1.0,3.0
201800019625,0018-04-04 18:03:00,18,4,4,18,3,170,300,DAUPHINE  AVENUE DE LA P,46.1677,-1.15032,Plein jour,En agglomération,Hors intersection,Normale,Autre collision,,,,,,,,,,,1,2,1,1.0,6.0
201800019626,0018-04-06 16:00:00,18,4,6,16,0,170,300,BAZOGES   RUE,46.16123,-1.15299,Plein jour,En agglomération,Intersection en T,Normale,Deux véhicules - côté,,,,,,,,,,,1,2,3,1.0,3.0
201800019627,0018-04-06 23:30:00,18,4,6,23,30,170,300,ECOLES   RUE DES,46.16346,-1.1547,Nuit avec éclairage allumé,En agglomération,Hors intersection,Normale,Deux véhicules - côté,,,,,,,,,,,5,2,1,1.0,3.0
201800019628,0018-04-07 10:50:00,18,4,7,10,50,170,300,112 PK RN137 JUSTICE ROC,46.17223,-1.12132,Plein jour,Hors agglomération,Autre intersection,Normale,Deux véhicules - arrière,,,,,,,,,,,1,1,9,1.0,2.0
201800019629,0018-04-07 15:10:00,18,4,7,15,10,170,300,MONNET   AVENUE JEAN,46.14514,-1.15285,Plein jour,En agglomération,Hors intersection,Pluie forte,Autre collision,,,,,,,,,,,1,2,1,3.0,6.0
201800019630,0018-04-13 14:23:00,18,4,13,14,23,170,28,GRASSET   AVENUE EDMOND,46.13181,-1.10656,Plein jour,En agglomération,Hors intersection,Normale,Deux véhicules - côté,,,,,,,,,,,1,2,1,1.0,3.0
201800019631,0018-04-13 17:20:00,18,4,13,17,20,170,300,SAUTEL  BOULEVARD ANDRE,46.17076,-1.12427,Plein jour,En agglomération,Hors intersection,Normale,Trois véhicules et plus - en chaîne,,,,,,,,,,,1,2,1,1.0,4.0
201800019632,0018-04-16 16:25:00,18,4,16,16,25,170,300,MAIL   ALLEE DU,46.15587,-1.1616,Plein jour,En agglomération,Hors intersection,Normale,Autre collision,,,,,,,,,,,1,2,1,1.0,6.0
201800019633,0018-04-16 18:45:00,18,4,16,18,45,170,28,GRASSET   AVENUE EDMOND,46.13152,-1.10295,Plein jour,En agglomération,Hors intersection,Normale,Deux véhicules - arrière,,,,,,,,,,,1,2,1,1.0,2.0
201800019634,0018-04-18 13:10:00,18,4,18,13,10,170,300,EGLANTINE   RUE FABRE D',46.15251,-1.11422,Plein jour,En agglomération,Hors intersection,Normale,Deux véhicules - frontale,,,,,,,,,,,1,2,1,1.0,1.0
201800019635,0018-04-19 16:00:00,18,4,19,16,0,170,200,OISEAUX DE MER   AVENUE,46.18422,-1.15628,Plein jour,En agglomération,Hors intersection,Normale,Autre collision,,,,,,,,,,,1,2,1,1.0,6.0
201800019636,0018-04-20 14:45:00,18,4,20,14,45,170,300,LECLERC   AVENUE DU GENE,46.16249,-1.15887,Plein jour,En agglomération,Hors intersection,Normale,Trois véhicules et plus - en chaîne,,,,,,,,,,,1,2,1,1.0,4.0
201800019637,0018-04-20 16:35:00,18,4,20,16,35,170,28,GRASSET   AVENUE EDMOND,46.13186,-1.10706,Plein jour,En agglomération,Intersection en T,Normale,Deux véhicules - arrière,,,,,,,,,,,1,2,3,1.0,2.0
201800019638,0018-04-25 22:10:00,18,4,25,22,10,170,300,SAINT-YON   RUE,46.1607,-1.1508,Nuit avec éclairage allumé,En agglomération,Intersection en X,Normale,Deux véhicules - côté,,,,,,,,,,,5,2,2,1.0,3.0
201800019639,0018-04-26 07:57:00,18,4,26,7,57,170,300,FETILLY   AVENUE DE,46.17299,-1.15581,Plein jour,En agglomération,Hors intersection,Normale,Deux véhicules - côté,,,,,,,,,,,1,2,1,1.0,3.0
201800019640,0018-04-27 16:20:00,18,4,27,16,20,170,300,ALBERT IER   RUE,46.1637,-1.15202,Plein jour,En agglomération,Hors intersection,Normale,Autre collision,,,,,,,,,,,1,2,1,1.0,6.0
201800019641,0018-05-02 14:10:00,18,5,2,14,10,170,300,VILLENEUVE   RUE,46.15905,-1.14768,Plein jour,En agglomération,Hors intersection,Temps couvert,Autre collision,,,,,,,,,,,1,2,1,8.0,6.0
201800019642,0018-05-02 17:45:00,18,5,2,17,45,170,273,112 PK RN137 ROCHEFORT J,46.15148,-1.11265,Plein jour,En agglomération,Hors intersection,Pluie légère,Deux véhicules - arrière,,,,,,,,,,,1,2,1,2.0,2.0
201800019643,0018-05-09 18:20:00,18,5,9,18,20,170,300,BALANDE   RUE GASTON,46.1714,-1.177,Plein jour,En agglomération,Intersection en T,Normale,Deux véhicules - côté,,,,,,,,,,,1,2,3,1.0,3.0
201800019644,0018-05-09 20:00:00,18,5,9,20,0,170,300,POINCARE   AVENUE RAYMON,46.16889,-1.19995,Plein jour,En agglomération,Intersection en T,Normale,Deux véhicules - côté,,,,,,,,,,,1,2,3,1.0,3.0
201800019645,0018-05-14 00:30:00,18,5,14,0,30,170,300,LOTI   AVENUE PIERRE,46.16293,-1.17613,Nuit avec éclairage allumé,En agglomération,Hors intersection,Normale,Sans collision,,,,,,,,,,,5,2,1,1.0,7.0
201800019646,0018-05-15 18:52:00,18,5,15,18,52,170,300,MARILLAC   AVENUE,46.14113,-1.16073,Plein jour,En agglomération,Intersection en T,Temps éblouissant,Deux véhicules - côté,,,,,,,,,,,1,2,3,7.0,3.0
201800019647,0018-05-16 08:50:00,18,5,16,8,50,170,28,GAULLE   AVENUE DU GENER,46.13235,-1.11876,Plein jour,En agglomération,Intersection en T,Normale,Trois véhicules et plus - en chaîne,,,,,,,,,,,1,2,3,1.0,4.0
201800019648,0018-05-16 14:45:00,18,5,16,14,45,170,200,03 PK RN237 MOULIN JUSTI,46.18053,-1.1491,Plein jour,En agglomération,Hors intersection,Normale,Trois véhicules et plus - collisions multiples,,,,,,,,,,,1,2,1,1.0,5.0
201800019649,0018-05-16 15:35:00,18,5,16,15,35,170,200,ROSE AVENUE DU FIEF,46.17498,-1.17016,Plein jour,Hors agglomération,Hors intersection,Normale,Autre collision,,,,,,,,,,,1,1,1,1.0,6.0
201800019650,0018-05-16 17:45:00,18,5,16,17,45,170,291,0 PK RN237 RE MOULIN DE,46.17401,-1.12316,Plein jour,En agglomération,Hors intersection,Normale,Deux véhicules - arrière,,,,,,,,,,,1,2,1,1.0,2.0
201800019651,0018-05-17 17:20:00,18,5,17,17,20,170,300,LECLERC   AVENUE DU GENE,46.16268,-1.16142,Plein jour,En agglomération,Intersection en T,Normale,Deux véhicules - côté,,,,,,,,,,,1,2,3,1.0,3.0
201800019652,0018-05-19 23:35:00,18,5,19,23,35,170,300,JERICHO   RUE DE,46.16673,-1.16344,Nuit avec éclairage allumé,En agglomération,Hors intersection,Normale,Deux véhicules - côté,,,,,,,,,,,5,2,1,1.0,3.0