accident_id,datetime,annee,mois,jour,heure,minute,departement,commune_insee,adresse,latitude,longitude,luminosite,agglomeration,intersection,meteo,collision,nb_vehicules,nb_usagers,nb_indemnes,nb_tues,nb_blesses_hosp,nb_blesses_legers,age_cond_1,age_cond_2,veh_type_cond_1,veh_type_cond_2,lum_code,agg_code,int_code,atm_code,col_code
201800019772,0018-10-25 17:20:00,18,10,25,17,20,170,200,Route de Nieul,46.19094,-1.14711,Plein jour,Hors agglomération,Giratoire,Normale,Deux véhicules - arrière,,,,,,,,,,,1,1,6,1.0,2.0
201800019773,0018-10-25 18:55:00,18,10,25,18,55,170,300,KENNEDY   AVENUE DU PRES,46.16721,-1.17769,Crépuscule ou aube,En agglomération,Intersection en X,Normale,Deux véhicules - côté,,,,,,,,,,,2,2,2,1.0,3.0
201800019774,0018-10-28 17:30:00,18,10,28,17,30,170,291,HIRONDELLES  RUE DES,46.18603,-1.09387,Crépuscule ou aube,Hors agglomération,Hors intersection,Pluie légère,Sans collision,,,,,,,,,,,2,1,1,2.0,7.0
201800019775,0018-10-30 01:25:00,18,10,30,1,25,170,300,BALANDE   RUE GASTON,46.1713,-1.17498,Nuit sans éclairage public,En agglomération,Hors intersection,Normale,Autre collision,,,,,,,,,,,3,2,1,1.0,6.0
201800019776,0018-10-31 16:36:00,18,10,31,16,36,170,300,Rue du Moulin des Justic,46.16995,-1.12122,Plein jour,En agglomération,Hors intersection,Pluie légère,Deux véhicules - côté,,,,,,,,,,,1,2,1,2.0,3.0
201800019777,0018-10-31 22:40:00,18,10,31,22,40,170,300,NORMANDIN   RUE EMILE,46.15051,-1.14623,Nuit avec éclairage allumé,En agglomération,Intersection en T,Pluie légère,Autre collision,,,,,,,,,,,5,2,3,2.0,6.0
201800019778,0018-11-03 18:00:00,18,11,3,18,0,170,300,GUITON   AVENUE JEAN (16,46.16041,-1.19196,Crépuscule ou aube,En agglomération,Hors intersection,Normale,Deux véhicules - côté,,,,,,,,,,,2,2,1,1.0,3.0
201800019779,0018-11-04 13:20:00,18,11,4,13,20,170,300,QUEBEC   RUE DE,46.15419,-1.20324,Plein jour,En agglomération,Intersection en T,Normale,Deux véhicules - frontale,,,,,,,,,,,1,2,3,1.0,1.0
201800019780,0018-11-05 16:40:00,18,11,5,16,40,170,300,SAUTEL  BOULEVARD ANDRE,46.17061,-1.12461,Plein jour,En agglomération,Intersection en T,Normale,Autre collision,,,,,,,,,,,1,2,3,1.0,6.0
201800019781,0018-11-06 20:35:00,18,11,6,20,35,170,200,03 PK RN237 RE MOULIN JU,46.17695,-1.16435,Nuit sans éclairage public,Hors agglomération,Hors intersection,Pluie légère,Deux véhicules - arrière,,,,,,,,,,,3,1,1,2.0,2.0
201800019782,0018-11-06 20:35:00,18,11,6,20,35,170,200,03 PK RN237 MOULIN JUSTI,46.17701,-1.1641,Nuit sans éclairage public,Hors agglomération,Hors intersection,Pluie légère,Deux véhicules - arrière,,,,,,,,,,,3,1,1,2.0,2.0
201800019783,0018-11-08 08:04:00,18,11,8,8,4,170,300,SCIERIE   RUE DE LA,46.14729,-1.15202,Plein jour,En agglomération,Giratoire,Normale,Deux véhicules - côté,,,,,,,,,,,1,2,6,1.0,3.0
201800019784,0018-11-08 18:25:00,18,11,8,18,25,170,300,MONTCALM   RUE,46.16194,-1.22012,Nuit avec éclairage allumé,En agglomération,Hors intersection,Normale,Sans collision,,,,,,,,,,,5,2,1,1.0,7.0
201800019785,0018-11-10 00:50:00,18,11,10,0,50,170,291,33 PK RN11 ROCADE NANTES,46.17225,-1.11938,Nuit sans éclairage public,En agglomération,Hors intersection,Pluie légère,Deux véhicules - arrière,,,,,,,,,,,3,2,1,2.0,2.0
201800019786,0018-11-10 16:45:00,18,11,10,16,45,170,300,Rond Point Lgion d'Honn,46.1694,-1.15173,Plein jour,En agglomération,Hors intersection,Normale,Autre collision,,,,,,,,,,,1,2,1,1.0,6.0
201800019787,0018-11-10 17:35:00,18,11,10,17,35,170,291,34 PK RN11 NANTES ROCADE,46.17361,-1.11533,Crépuscule ou aube,Hors agglomération,Hors intersection,Temps couvert,Deux véhicules - arrière,,,,,,,,,,,2,1,1,8.0,2.0
201800019788,0018-11-11 11:45:00,18,11,11,11,45,170,300,JUIN   AVENUE DU MARECHA,46.15685,-1.18037,Plein jour,En agglomération,Intersection en X,Temps couvert,Deux véhicules - côté,,,,,,,,,,,1,2,2,8.0,3.0
201800019789,0018-11-11 20:25:00,18,11,11,20,25,170,300,MONNET   AVENUE JEAN,46.14334,-1.15367,Nuit avec éclairage allumé,En agglomération,Giratoire,Pluie légère,Autre collision,,,,,,,,,,,5,2,6,2.0,6.0
201800019790,0018-11-15 15:25:00,18,11,15,15,25,170,300,MESCHINET DE RICHEMOND,46.16234,-1.1831,Plein jour,En agglomération,Hors intersection,Normale,Deux véhicules - côté,,,,,,,,,,,1,2,1,1.0,3.0
201800019791,0018-11-15 15:13:00,18,11,15,15,13,170,300,LACROIX   RUE MARIUS,46.17627,-1.13821,Plein jour,En agglomération,Hors intersection,Normale,Deux véhicules - arrière,,,,,,,,,,,1,2,1,1.0,2.0
201800019792,0018-11-15 19:05:00,18,11,15,19,5,170,28,118 PK RN137 JUSTICE ROC,46.13498,-1.10214,Nuit sans éclairage public,Hors agglomération,Hors intersection,Normale,Trois véhicules et plus - en chaîne,,,,,,,,,,,3,1,1,1.0,4.0
201800019793,0018-11-16 08:55:00,18,11,16,8,55,170,291,33 PK RN11 NANTES ROCADE,46.17752,-1.10215,Plein jour,Hors agglomération,Hors intersection,Normale,Trois véhicules et plus - en chaîne,,,,,,,,,,,1,1,1,1.0,4.0
201800019794,0018-11-16 12:50:00,18,11,16,12,50,170,300,LECLERC   AVENUE DU GENE,46.16226,-1.15622,Plein jour,En agglomération,Hors intersection,Normale,Deux véhicules - côté,,,,,,,,,,,1,2,1,1.0,3.0
201800019795,0018-11-16 22:15:00,18,11,16,22,15,170,274,D108,46.16035,-1.08131,Nuit sans éclairage public,Hors agglomération,Hors intersection,Brouillard / fumée,Autre collision,,,,,,,,,,,3,1,1,5.0,6.0
201800019796,0018-11-17 03:35:00,18,11,17,3,35,170,291,EUROPE  ROND POINT DE,46.17752,-1.12457,Nuit sans éclairage public,En agglomération,Giratoire,Brouillard / fumée,Autre collision,,,,,,,,,,,3,2,6,5.0,6.0
201800019797,0018-11-18 15:45:00,18,11,18,15,45,170,200,VERGER   RUE DU,46.18424,-1.16635,Plein jour,En agglomération,Hors intersection,Normale,Deux véhicules - arrière,,,,,,,,,,,1,2,1,1.0,2.0
201800019798,0018-11-20 17:35:00,18,11,20,17,35,170,291,BELGIQUE  RUE,46.17794,-1.11907,Crépuscule ou aube,En agglomération,Intersection en X,Normale,Deux véhicules - côté,,,,,,,,,,,2,2,2,1.0,3.0
201800019799,0018-11-20 18:00:00,18,11,20,18,0,170,300,DENFERT-ROCHEREAU   AVEN,46.16393,-1.20779,Crépuscule ou aube,En agglomération,Hors intersection,Normale,Deux véhicules - côté,,,,,,,,,,,2,2,1,1.0,3.0
201800019800,0018-11-20 21:15:00,18,11,20,21,15,170,200,04 PK RN237 MOULIN JUSTI,46.17587,-1.16901,Nuit sans éclairage public,En agglomération,Hors intersection,Normale,Deux véhicules - arrière,,,,,,,,,,,3,2,1,1.0,2.0
201800019801,0018-11-21 10:20:00,18,11,21,10,20,170,28,MER   BOULEVARD DE LA,46.12764,-1.12792,Plein jour,En agglomération,Hors intersection,Normale,Autre collision,,,,,,,,,,,1,2,1,1.0,6.0
201800019802,0018-11-21 11:40:00,18,11,21,11,40,170,300,ARTILLERIE   RUE DE L',46.17107,-1.13333,Plein jour,En agglomération,Hors intersection,Normale,Autre collision,,,,,,,,,,,1,2,1,1.0,6.0
201800019803,0018-11-21 18:40:00,18,11,21,18,40,170,300,35 PK RN11 ROCADE NANTES,46.17398,-1.11269,Nuit avec éclairage allumé,Hors agglomération,Hors intersection,Normale,Deux véhicules - arrière,,,,,,,,,,,5,1,1,1.0,2.0
201800019804,0018-11-23 12:30:00,18,11,23,12,30,170,200,02 PK RN237 MOULIN JUSTI,46.18159,-1.14208,Plein jour,Hors agglomération,Hors intersection,Pluie légère,Trois véhicules et plus - en chaîne,,,,,,,,,,,1,1,1,2.0,4.0
201800019805,0018-11-23 13:05:00,18,11,23,13,5,170,300,BECQUEREL   AVENUE HENRI,46.14738,-1.1531,Plein jour,En agglomération,Intersection en X,Pluie forte,Trois véhicules et plus - collisions multiples,,,,,,,,,,,1,2,2,3.0,5.0
201800019806,0018-11-27 18:00:00,18,11,27,18,0,170,300,05 PK RN237 RE MOULIN JU,46.18064,-1.14854,Nuit sans éclairage public,En agglomération,Hors intersection,Normale,Trois véhicules et plus - en chaîne,,,,,,,,,,,3,2,1,1.0,4.0
201800019807,0018-11-30 20:10:00,18,11,30,20,10,170,291,SATURNE   RUE,46.17463,-1.10846,Nuit sans éclairage public,Hors agglomération,Hors intersection,Normale,Deux véhicules - arrière,,,,,,,,,,,3,1,1,1.0,2.0
201800019808,0018-12-01 17:24:00,18,12,1,17,24,170,274,ECOLES   RUE DES,46.16761,-1.11097,Crépuscule ou aube,En agglomération,Giratoire,Pluie forte,Deux véhicules - côté,,,,,,,,,,,2,2,6,3.0,3.0
201800019809,0018-12-03 17:38:00,18,12,3,17,38,170,200,08 PK RN237 RE MOULIN JU,46.1815,-1.14415,Crépuscule ou aube,Hors agglomération,Hors intersection,Pluie légère,Sans collision,,,,,,,,,,,2,1,1,2.0,7.0
201800019810,0018-12-04 17:15:00,18,12,4,17,15,170,300,MONTCALM   RUE,46.16815,-1.21188,Plein jour,En agglomération,Hors intersection,Normale,Sans collision,,,,,,,,,,,1,2,1,1.0,7.0
201800019811,0018-12-06 23:25:00,18,12,6,23,25,170,300,ROMPSAY   AVENUE DE,46.16158,-1.14011,Nuit avec éclairage allumé,En agglomération,Hors intersection,Temps couvert,Autre collision,,,,,,,,,,,5,2,1,8.0,6.0
201800019812,0018-12-07 07:40:00,18,12,7,7,40,170,300,VILLENEUVE   RUE,46.16174,-1.14667,Crépuscule ou aube,En agglomération,Intersection en X,Pluie légère,Deux véhicules - côté,,,,,,,,,,,2,2,2,2.0,3.0
201800019813,0018-12-07 09:30:00,18,12,7,9,30,170,300,PERRIER   RUE GASTON,46.16293,-1.13996,Plein jour,En agglomération,Hors intersection,Pluie légère,Autre collision,,,,,,,,,,,1,2,1,2.0,6.0
201800019814,0018-12-07 18:50:00,18,12,7,18,50,170,300,06 PK RN237 RE MOULIN JU,46.17631,-1.126,Nuit sans éclairage public,En agglomération,Autre intersection,Normale,Deux véhicules - côté,,,,,,,,,,,3,2,9,1.0,3.0
201800019815,0018-12-07 20:19:00,18,12,7,20,19,170,300,COGNEHORS   BOULEVARD DE,46.16758,-1.1403,Nuit avec éclairage allumé,En agglomération,Giratoire,Normale,Autre collision,,,,,,,,,,,5,2,6,1.0,6.0
201800019816,0018-12-10 08:25:00,18,12,10,8,25,170,300,THIERS   RUE,46.1613,-1.14804,Plein jour,En agglomération,Hors intersection,Normale,Autre collision,,,,,,,,,,,1,2,1,1.0,6.0
201800019817,0018-12-10 09:37:00,18,12,10,9,37,170,300,VILLENEUVE   RUE,46.16111,-1.14694,Plein jour,En agglomération,Intersection en X,Normale,Deux véhicules - côté,,,,,,,,,,,1,2,2,1.0,3.0
201800019818,0018-12-11 08:00:00,18,12,11,8,0,170,300,GAMBETTA   AVENUE,46.1616,-1.14552,Plein jour,En agglomération,Intersection en X,Normale,Deux véhicules - côté,,,,,,,,,,,1,2,2,1.0,3.0
201800019819,0018-12-14 14:35:00,18,12,14,14,35,170,300,35 PK RN11 ROCADE NANTES,46.17315,-1.11629,Plein jour,Hors agglomération,Hors intersection,Normale,Deux véhicules - arrière,,,,,,,,,,,1,1,1,1.0,2.0
201800019820,0018-12-16 11:05:00,18,12,16,11,5,170,300,GUITON   AVENUE JEAN (9-,46.15873,-1.15963,Plein jour,En agglomération,Hors intersection,Pluie légère,Autre collision,,,,,,,,,,,1,2,1,2.0,6.0
201800019821,0018-12-17 07:00:00,18,12,17,7,0,170,300,SARTRE   AVENUE JEAN-PAU,46.15304,-1.11479,Nuit avec éclairage allumé,En agglomération,Giratoire,Pluie légère,Deux véhicules - côté,,,,,,,,,,,5,2,6,2.0,3.0
201800019822,0018-12-12 10:20:00,18,12,12,10,20,170,300,SAUTEL  BOULEVARD ANDRE,46.16989,-1.1266,Plein jour,En agglomération,Hors intersection,Pluie légère,Autre collision,,,,,,,,,,,1,2,1,2.0,6.0
201800019823,0018-12-21 15:56:00,18,12,21,15,56,170,300,CARNOT   AVENUE,46.1645,-1.18181,Plein jour,En agglomération,Giratoire,Pluie forte,Deux véhicules - côté,,,,,,,,,,,1,2,6,3.0,3.0
201800019824,0018-12-21 17:48:00,18,12,21,17,48,170,300,CHAUDRIER   RUE,46.16109,-1.15312,Nuit avec éclairage allumé,En agglomération,Hors intersection,Pluie légère,Deux véhicules - arrière,,,,,,,,,,,5,2,1,2.0,2.0
201800019825,0018-12-22 15:15:00,18,12,22,15,15,170,300,115 PK RN137 JUSTICE ROC,46.16792,-1.12115,Plein jour,Hors agglomération,Hors intersection,Normale,Autre collision,,,,,,,,,,,1,1,1,1.0,6.0
201800019826,0018-12-26 18:14:00,18,12,26,18,14,170,300,REPUBLIQUE   BOULEVARD D,46.13986,-1.14517,Nuit avec éclairage allumé,En agglomération,Giratoire,Normale,Deux véhicules - arrière,,,,,,,,,,,5,2,6,1.0,2.0
201800019827,0018-12-29 17:53:00,18,12,29,17,53,170,300,117 PK RN137 ROCHEFORT J,46.16692,-1.12122,Crépuscule ou aube,Hors agglomération,Autre intersection,Normale,Trois véhicules et plus - en chaîne,,,,,,,,,,,2,1,9,1.0,4.0
201800019828,0018-12-31 18:15:00,18,12,31,18,15,170,300,BOUCHE   RUE JEAN,46.14943,-1.14464,Nuit avec éclairage allumé,En agglomération,Intersection en T,Normale,Autre collision,,,,,,,,,,,5,2,3,1.0,6.0
201800019829,0018-12-31 18:20:00,18,12,31,18,20,170,300,DANTON   AVENUE,46.15243,-1.11984,Nuit avec éclairage allumé,En agglomération,Hors intersection,Normale,Deux véhicules - arrière,,,,,,,,,,,5,2,1,1.0,2.0
201800019830,0018-01-01 18:22:00,18,1,1,18,22,170,306,"80, LAMY (BD FRANCK)",45.62731,-1.01391,Nuit avec éclairage non allumé,En agglomération,Hors intersection,Pluie légère,Autre collision,,,,,,,,,,,4,2,1,2.0,6.0
201800019831,0018-01-08 11:30:00,18,1,8,11,30,170,306,FRESNEL AUGUSTIN,45.63175,-0.9916,Plein jour,En agglomération,Hors intersection,Pluie légère,Autre collision,,,,,,,,,,,1,2,1,2.0,6.0
201800019832,0018-01-12 17:45:00,18,1,12,17,45,170,306,"67, REPUBLIQUE (DE LA) (",45.62486,-1.02591,Crépuscule ou aube,En agglomération,Hors intersection,Normale,Autre collision,,,,,,,,,,,2,2,1,1.0,6.0
201800019833,0018-01-12 17:30:00,18,1,12,17,30,170,306,EXPRESS (VOIE),45.63906,-1.02452,Crépuscule ou aube,En agglomération,Hors intersection,Normale,Deux véhicules - arrière,,,,,,,,,,,2,2,1,1.0,2.0
201800019834,0018-01-23 21:30:00,18,1,23,21,30,170,306,"21, DUNANT HENRY",45.61887,-1.00116,Nuit avec éclairage allumé,En agglomération,Hors intersection,Normale,Deux véhicules - côté,,,,,,,,,,,5,2,1,1.0,3.0
201800019835,0018-01-26 09:25:00,18,1,26,9,25,170,333,"45, CURIE (PIERRE ET MAR",45.60471,-0.99834,Plein jour,En agglomération,Hors intersection,Normale,Autre collision,,,,,,,,,,,1,2,1,1.0,6.0
201800019836,0018-02-08 15:46:00,18,2,8,15,46,170,306,HEDDE (AVENUE DANIEL),45.63292,-1.0304,Plein jour,En agglomération,Hors intersection,Normale,Trois véhicules et plus - en chaîne,,,,,,,,,,,1,2,1,1.0,4.0
201800019837,0018-02-13 16:25:00,18,2,13,16,25,170,306,"79, HEDDE (AVENUE DANIEL",45.6375,-1.02789,Plein jour,En agglomération,Hors intersection,Normale,Deux véhicules - arrière,,,,,,,,,,,1,2,1,1.0,2.0
201800019838,0018-02-16 12:20:00,18,2,16,12,20,170,306,"46, GRANDE CONCHE (DE LA",45.62363,-1.01885,Plein jour,En agglomération,Hors intersection,Normale,Autre collision,,,,,,,,,,,1,2,1,1.0,6.0
201800019839,0018-02-19 08:00:00,18,2,19,8,0,170,306,EXPRESS (voie),45.61934,-0.99192,Plein jour,Hors agglomération,Hors intersection,Pluie forte,Deux véhicules - frontale,,,,,,,,,,,1,1,1,3.0,1.0
201800019840,0018-03-12 12:20:00,18,3,12,12,20,170,306,"28, QUEBEC (AVENUE)",45.63384,-1.02011,Plein jour,En agglomération,Hors intersection,Normale,Autre collision,,,,,,,,,,,1,2,1,1.0,6.0
201800019841,0018-03-15 08:35:00,18,3,15,8,35,170,461,DEVAUX LUCIEN,45.65868,-1.05977,Crépuscule ou aube,En agglomération,Hors intersection,Normale,Deux véhicules - frontale,,,,,,,,,,,2,2,1,1.0,1.0
201800019842,0018-03-25 12:05:00,18,3,25,12,5,170,306,EUROPE (COURS DE L'),45.62483,-1.0224,Plein jour,En agglomération,Hors intersection,Normale,Autre collision,,,,,,,,,,,1,2,1,1.0,6.0
201800019843,0018-03-29 15:16:00,18,3,29,15,16,170,306,EXPRESS (VOIE),45.64463,-1.04273,Plein jour,Hors agglomération,Hors intersection,Normale,Deux véhicules - frontale,,,,,,,,,,,1,1,1,1.0,1.0
201800019844,0018-04-21 14:47:00,18,4,21,14,47,170,306,REPUBLIQUE (DE LA) (BD),45.62458,-1.0274,Plein jour,En agglomération,Hors intersection,Normale,Deux véhicules - côté,,,,,,,,,,,1,2,1,1.0,3.0
201800019845,0018-04-24 18:35:00,18,4,24,18,35,170,306,FRONT DE MER (PROMENADE,45.62351,-1.02833,Plein jour,En agglomération,Hors intersection,Normale,Autre collision,,,,,,,,,,,1,2,1,1.0,6.0
201800019846,0018-04-24 18:20:00,18,4,24,18,20,170,333,MEDIS  (DE),45.61241,-0.96553,Plein jour,Hors agglomération,Hors intersection,Normale,Deux véhicules - frontale,,,,,,,,,,,1,1,1,1.0,1.0
201800019847,0018-05-06 14:30:00,18,5,6,14,30,170,333,DE LATTRE DE TASSIGNY (B,45.61087,-1.00905,Plein jour,En agglomération,Intersection en T,Normale,Deux véhicules - côté,,,,,,,,,,,1,2,3,1.0,3.0
201800019848,0018-05-11 11:05:00,18,5,11,11,5,170,306,4E ZOUAVE (DU) (AVENUE),45.62941,-0.99364,Plein jour,En agglomération,Intersection en X,Normale,Deux véhicules - frontale,,,,,,,,,,,1,2,2,1.0,1.0
201800019849,0018-05-15 23:35:00,18,5,15,23,35,170,461,TREMBLADE ( ROUTE DE LA),45.66185,-1.06021,Nuit avec éclairage allumé,En agglomération,Giratoire,Normale,Autre collision,,,,,,,,,,,5,2,6,1.0,6.0
201800019850,0018-05-19 18:40:00,18,5,19,18,40,170,306,CENDRILLES (DES),45.64352,-1.02962,Plein jour,En agglomération,Giratoire,Normale,Deux véhicules - côté,,,,,,,,,,,1,2,6,1.0,3.0
201800019851,0018-05-26 18:15:00,18,5,26,18,15,170,380,GANIPOTE (AVENUE DE LA),45.65159,-1.08471,Plein jour,En agglomération,Giratoire,Normale,Deux véhicules - côté,,,,,,,,,,,1,2,6,1.0,3.0
201800019852,0018-05-28 15:45:00,18,5,28,15,45,170,306,ROCHEFORT (DE)  (AVENUE),45.6537,-1.02309,Plein jour,En agglomération,Hors intersection,Normale,Autre collision,,,,,,,,,,,1,2,1,1.0,6.0
201800019853,0018-06-09 14:30:00,18,6,9,14,30,170,306,BASTIE MARYSE,45.62457,-1.01683,Plein jour,En agglomération,Intersection en T,Normale,Deux véhicules - arrière,,,,,,,,,,,1,2,3,1.0,2.0
201800019854,0018-06-20 21:15:00,18,6,20,21,15,170,306,PONTAILLAC (DE) (AVENUE),45.62332,-1.04288,Crépuscule ou aube,En agglomération,Hors intersection,Normale,Autre collision,,,,,,,,,,,2,2,1,1.0,6.0
201800019855,0018-06-25 19:14:00,18,6,25,19,14,170,306,AMANDIERS (DES),45.64825,-1.03123,Plein jour,En agglomération,Hors intersection,Normale,Autre collision,,,,,,,,,,,1,2,1,1.0,6.0
201800019856,0018-06-30 02:20:00,18,6,30,2,20,170,306,REUTIN (BD FELIX),45.63669,-1.02919,Nuit avec éclairage allumé,En agglomération,Hors intersection,Normale,Autre collision,,,,,,,,,,,5,2,1,1.0,6.0
201800019857,0018-07-13 10:18:00,18,7,13,10,18,170,306,ROCHEFORT (ALLEE),45.64253,-1.02475,Plein jour,En agglomération,Autre intersection,Normale,Deux véhicules - côté,,,,,,,,,,,1,2,9,1.0,3.0
201800019858,0018-07-23 19:20:00,18,7,23,19,20,170,461,GARNIER (AVENUE  FREDERI,45.63658,-1.07004,Plein jour,En agglomération,Giratoire,Normale,Deux véhicules - côté,,,,,,,,,,,1,2,6,1.0,3.0
201800019859,0018-07-29 12:25:00,18,7,29,12,25,170,306,REPUBLIQUE (DE LA) (BD),45.6243,-1.0284,Plein jour,En agglomération,Hors intersection,Normale,Deux véhicules - côté,,,,,,,,,,,1,2,1,1.0,3.0
201800019860,0018-07-30 09:20:00,18,7,30,9,20,170,306,HEDDE (AVENUE DANIEL),45.63521,-1.0289,Plein jour,En agglomération,Hors intersection,Normale,Autre collision,,,,,,,,,,,1,2,1,1.0,6.0
201800019861,0018-06-28 16:53:00,18,6,28,16,53,170,306,AQUITAINE (ALIENOR D') (,45.61927,-1.00685,Plein jour,En agglomération,Intersection en X,Normale,Deux véhicules - frontale,,,,,,,,,,,1,2,2,1.0,1.0
201800019862,0018-07-25 11:00:00,18,7,25,11,0,170,306,ROCHEFORT (DE)  (AVENUE),45.64018,-1.02503,Plein jour,En agglomération,Hors intersection,Normale,Trois véhicules et plus - collisions multiples,,,,,,,,,,,1,2,1,1.0,5.0
201800019863,0018-08-10 09:25:00,18,8,10,9,25,170,306,DOUMER PAUL (PARKING),45.62621,-1.02722,Plein jour,En agglomération,Hors intersection,Normale,Autre collision,,,,,,,,,,,1,2,1,1.0,6.0
201800019864,0018-08-14 11:00:00,18,8,14,11,0,170,306,ARAGO FRANCOIS,45.63149,-1.0013,Plein jour,En agglomération,Intersection en T,Normale,Deux véhicules - côté,,,,,,,,,,,1,2,3,1.0,3.0
201800019865,0018-08-10 22:35:00,18,8,10,22,35,170,380,PALMYRE (AVENUE DE LA),45.65411,-1.10659,Nuit sans éclairage public,Hors agglomération,Hors intersection,Normale,Deux véhicules - frontale,,,,,,,,,,,3,1,1,1.0,1.0
201800019866,0018-08-18 17:45:00,18,8,18,17,45,170,306,EXPRESS (VOIE),45.64508,-1.04346,Plein jour,En agglomération,Hors intersection,Normale,Deux véhicules - arrière,,,,,,,,,,,1,2,1,1.0,2.0
201800019867,0018-09-11 13:50:00,18,9,11,13,50,170,380,EXPRESS (VOIE),45.66663,-1.14049,Plein jour,Hors agglomération,Autre intersection,Normale,Deux véhicules - côté,,,,,,,,,,,1,1,9,1.0,3.0
201800019868,0018-09-13 18:25:00,18,9,13,18,25,170,306,ROND POINT (DU) (AVENUE),45.6231,-1.01289,Plein jour,En agglomération,Intersection en Y,Normale,Sans collision,,,,,,,,,,,1,2,4,1.0,7.0
201800019869,0018-09-18 13:55:00,18,9,18,13,55,170,306,DE LATTRE DE TASSIGNY (B,45.62525,-1.02268,Plein jour,En agglomération,Giratoire,Normale,Autre collision,,,,,,,,,,,1,2,6,1.0,6.0
201800019870,0018-09-29 21:40:00,18,9,29,21,40,170,461,PASTEUR (AVENUE),45.6317,-1.05685,Nuit avec éclairage allumé,En agglomération,Intersection en T,Normale,Deux véhicules - côté,,,,,,,,,,,5,2,3,1.0,3.0
201800019871,0018-10-06 16:20:00,18,10,6,16,20,170,306,ROCHEFORT (DE)  (AVENUE),45.64353,-1.02479,Plein jour,En agglomération,Hors intersection,Normale,Deux véhicules - arrière,,,,,,,,,,,1,2,1,1.0,2.0
201800019872,0018-11-01 05:05:00,18,11,1,5,5,170,306,LOUISE (AVENUE),45.62921,-1.04787,Nuit avec éclairage allumé,En agglomération,Hors intersection,Pluie légère,Autre collision,,,,,,,,,,,5,2,1,2.0,6.0
201800019873,0018-11-05 13:50:00,18,11,5,13,50,170,306,THIERS  (BD),45.61973,-1.0315,Plein jour,En agglomération,Autre intersection,Normale,Autre collision,,,,,,,,,,,1,2,9,1.0,6.0
201800019874,0018-11-15 18:39:00,18,11,15,18,39,170,306,GAMBETTA,45.62176,-1.03116,Nuit avec éclairage allumé,En agglomération,Intersection en Y,Normale,Deux véhicules - côté,,,,,,,,,,,5,2,4,1.0,3.0
201800019875,0018-11-08 12:05:00,18,11,8,12,5,170,306,BOUCHET LOUIS (AVENUE),45.62685,-0.99805,Plein jour,En agglomération,Hors intersection,Normale,Deux véhicules - côté,,,,,,,,,,,1,2,1,1.0,3.0
201800019876,0018-11-21 16:30:00,18,11,21,16,30,170,306,AMPERE,45.6315,-1.00137,Plein jour,En agglomération,Intersection en T,Normale,Deux véhicules - côté,,,,,,,,,,,1,2,3,1.0,3.0
201800019877,0018-12-06 18:41:00,18,12,6,18,41,170,461,TOURNESOLS (CHEMIN DES),45.65308,-1.05202,Nuit sans éclairage public,Hors agglomération,Hors intersection,Pluie légère,Sans collision,,,,,,,,,,,3,1,1,2.0,7.0
201800019878,0018-12-10 20:35:00,18,12,10,20,35,170,306,BAILLET (BD COLONEL ROBE,45.62871,-1.0405,Nuit avec éclairage allumé,En agglomération,Hors intersection,Normale,Autre collision,,,,,,,,,,,5,2,1,1.0,6.0
201800019879,0018-12-18 15:50:00,18,12,18,15,50,170,306,5 JANVIER 1945 (DU) (BD),45.62514,-1.02807,Plein jour,En agglomération,Hors intersection,Normale,Autre collision,,,,,,,,,,,1,2,1,1.0,6.0
201800019880,0018-12-19 16:40:00,18,12,19,16,40,170,306,DE LATTRE DE TASSIGNY (B,45.62619,-1.02015,Plein jour,En agglomération,Hors intersection,Temps couvert,Autre collision,,,,,,,,,,,1,2,1,8.0,6.0
201800019881,0018-12-21 12:45:00,18,12,21,12,45,170,306,FRESNEL AUGUSTIN,45.63029,-0.99456,Plein jour,Hors agglomération,Autre intersection,Pluie forte,Autre collision,,,,,,,,,,,1,1,9,3.0,6.0
201800019882,0018-12-28 15:05:00,18,12,28,15,5,170,306,5 JANVIER 1945 (DU) (BD),45.62507,-1.02829,Plein jour,En agglomération,Hors intersection,Normale,Autre collision,,,,,,,,,,,1,2,1,1.0,6.0
201800019883,0018-01-07 08:20:00,18,1,7,8,20,270,125,autoroute A28 PK 263.700,49.18564,0.76322,Crépuscule ou aube,Hors agglomération,Hors intersection,Normale,Sans collision,,,,,,,,,,,2,1,1,1.0,7.0
201800019884,0018-01-16 22:40:00,18,1,16,22,40,270,680,"A28, PK 218.000 Sens Ale",48.91351,0.40373,Nuit sans éclairage public,Hors agglomération,Hors intersection,Neige / grêle,Sans collision,,,,,,,,,,,3,1,1,4.0,7.0
201800019885,0018-01-22 09:50:00,18,1,22,9,50,270,637,Autoroute A28 PK 279.500,49.30998,0.8148,Plein jour,Hors agglomération,Hors intersection,Pluie forte,Sans collision,,,,,,,,,,,1,1,1,3.0,7.0
201800019886,0018-02-05 08:35:00,18,2,5,8,35,270,637,"A 28 , PK 279+600",49.3107,0.8158,Plein jour,Hors agglomération,Hors intersection,Temps couvert,Sans collision,,,,,,,,,,,1,1,1,8.0,7.0
201800019887,0018-04-15 14:20:00,18,4,15,14,20,270,130,Autoroute A28 - PK 235+2,49.05729,0.46331,Plein jour,Hors agglomération,Hors intersection,Normale,Sans collision,,,,,,,,,,,1,1,1,1.0,7.0
201800019888,0018-05-23 08:45:00,18,5,23,8,45,270,552,A28 PK 229+200,49.0079,0.4444,Plein jour,Hors agglomération,Hors intersection,Normale,Autre collision,,,,,,,,,,,1,1,1,1.0,6.0