accident_id,datetime,annee,mois,jour,heure,minute,departement,commune_insee,adresse,latitude,longitude,luminosite,agglomeration,intersection,meteo,collision,nb_vehicules,nb_usagers,nb_indemnes,nb_tues,nb_blesses_hosp,nb_blesses_legers,age_cond_1,age_cond_2,veh_type_cond_1,veh_type_cond_2,lum_code,agg_code,int_code,atm_code,col_code
201800019889,0018-08-06 14:30:00,18,8,6,14,30,270,654,"RD 80, PK 005.500",49.20682,0.8905,Plein jour,Hors agglomération,Hors intersection,Normale,Deux véhicules - côté,,,,,,,,,,,1,1,1,1.0,3.0
201800019890,0018-08-21 12:10:00,18,8,21,12,10,270,524,d840,49.09901,0.91657,Plein jour,Hors agglomération,Intersection en X,Normale,Deux véhicules - arrière,,,,,,,,,,,1,1,2,1.0,2.0
201800019891,0018-09-12 21:00:00,18,9,12,21,0,270,131,D613,49.15485,0.67892,Nuit sans éclairage public,Hors agglomération,Hors intersection,Normale,Deux véhicules - arrière,,,,,,,,,,,3,1,1,1.0,2.0
201800019892,0018-10-04 16:20:00,18,10,4,16,20,270,626,A28,49.2903,0.7855,Plein jour,Hors agglomération,Hors intersection,Normale,Autre collision,,,,,,,,,,,1,1,1,1.0,6.0
201800019893,0018-11-17 08:00:00,18,11,17,8,0,270,252,intersection D22/D36,49.17005,0.42758,Nuit sans éclairage public,Hors agglomération,Intersection en X,Brouillard / fumée,Autre collision,,,,,,,,,,,3,1,2,5.0,6.0
201800019894,0018-01-19 19:00:00,18,1,19,19,0,400,319,D 834,44.22983,-0.75741,Nuit sans éclairage public,Hors agglomération,Hors intersection,Pluie légère,Deux véhicules - frontale,,,,,,,,,,,3,1,1,2.0,1.0
201800019895,0018-01-20 20:45:00,18,1,20,20,45,400,60,Lieu-dit ROBERT SUD,44.3039,-0.52484,Nuit sans éclairage public,Hors agglomération,Hors intersection,Pluie légère,Autre collision,,,,,,,,,,,3,1,1,2.0,6.0
201800019896,0018-05-09 16:52:00,18,5,9,16,52,400,246,Lieu-dit Le Lanne,44.14935,-0.84359,Plein jour,Hors agglomération,Hors intersection,Normale,Sans collision,,,,,,,,,,,1,1,1,1.0,7.0
201800019897,0018-05-11 16:05:00,18,5,11,16,5,400,200,RD120 PK2+022,44.37299,-0.75198,Plein jour,Hors agglomération,Intersection en T,Normale,Deux véhicules - arrière,,,,,,,,,,,1,1,3,1.0,2.0
201800019898,0018-06-28 17:30:00,18,6,28,17,30,400,319,RD45,44.22326,-0.71186,Plein jour,Hors agglomération,Hors intersection,Normale,Autre collision,,,,,,,,,,,1,1,1,1.0,6.0
201800019899,0018-07-18 02:10:00,18,7,18,2,10,400,227,RD 43 - Pont du pas de N,44.32021,-0.7389,Nuit sans éclairage public,Hors agglomération,Hors intersection,Normale,Autre collision,,,,,,,,,,,3,1,1,1.0,6.0
201800019900,0018-08-07 22:40:00,18,8,7,22,40,400,85,RD 626-PK 67,44.21241,-0.8302,Nuit sans éclairage public,Hors agglomération,Hors intersection,Normale,Autre collision,,,,,,,,,,,3,1,1,1.0,6.0
201800019901,0018-12-10 13:37:00,18,12,10,13,37,400,165,"Route de sabres, lieu di",44.09993,-0.72216,Plein jour,Hors agglomération,Hors intersection,Normale,Deux véhicules - frontale,,,,,,,,,,,1,1,1,1.0,1.0
201800019902,0018-12-14 14:30:00,18,12,14,14,30,400,167,lieu dit Pince -RD 651,44.26893,-0.56813,Plein jour,Hors agglomération,Hors intersection,Normale,Autre collision,,,,,,,,,,,1,1,1,1.0,6.0
201800019903,0018-01-02 20:20:00,18,1,2,20,20,610,122,A28 PK 201+200,48.77374,0.30542,Nuit sans éclairage public,Hors agglomération,Hors intersection,Pluie légère,Deux véhicules - arrière,,,,,,,,,,,3,1,1,2.0,2.0
201800019904,0018-02-01 10:10:00,18,2,1,10,10,610,103,A 28 PK 207+800,48.8288,0.35775,Plein jour,Hors agglomération,Hors intersection,Pluie légère,Sans collision,,,,,,,,,,,1,1,1,2.0,7.0
201800019905,0018-04-07 13:20:00,18,4,7,13,20,610,464,"A 28, Pr 181+600",48.62806,0.19478,Plein jour,Hors agglomération,Hors intersection,Normale,Autre collision,,,,,,,,,,,1,1,1,1.0,6.0
201800019906,0018-04-07 15:15:00,18,4,7,15,15,610,385,autoroute A28 - PK 206.0,48.81038,0.34647,Plein jour,Hors agglomération,Hors intersection,Temps couvert,Autre collision,,,,,,,,,,,1,1,1,8.0,6.0
201800019907,0018-08-03 15:10:00,18,8,3,15,10,610,282,autoroute A28 - PK 213+5,48.87642,0.38182,Plein jour,Hors agglomération,Hors intersection,Temps éblouissant,Autre collision,,,,,,,,,,,1,1,1,7.0,6.0
201800019908,0018-09-26 08:50:00,18,9,26,8,50,610,301,autoroute A 28 PK 171+10,48.54106,0.16676,Plein jour,Hors agglomération,Hors intersection,Normale,Deux véhicules - côté,,,,,,,,,,,1,1,1,1.0,3.0
201800019909,0018-12-15 14:00:00,18,12,15,14,0,610,464,Autoroute A28 - PK 178+9,48.60645,0.19668,Plein jour,Hors agglomération,Hors intersection,Pluie légère,Autre collision,,,,,,,,,,,1,1,1,2.0,6.0
201800019910,0018-01-10 12:40:00,18,1,10,12,40,170,415,"1, COTE DE BEAUTE RUE DE",45.74645,-0.66934,Plein jour,En agglomération,Hors intersection,Normale,Autre collision,,,,,,,,,,,1,2,1,1.0,6.0
201800019911,0018-02-28 09:52:00,18,2,28,9,52,170,415,"10, GLYCINES RUE DES",45.73756,-0.64771,Plein jour,En agglomération,Hors intersection,Normale,Autre collision,,,,,,,,,,,1,2,1,1.0,6.0
201800019912,0018-02-21 16:30:00,18,2,21,16,30,170,415,"1, ROCADE OUEST",45.74159,-0.66098,Plein jour,Hors agglomération,Hors intersection,Normale,Deux véhicules - frontale,,,,,,,,,,,1,1,1,1.0,1.0
201800019913,0018-04-21 19:30:00,18,4,21,19,30,170,415,Route Nationale 150,45.73962,-0.60136,Plein jour,Hors agglomération,Hors intersection,Normale,Deux véhicules - côté,,,,,,,,,,,1,1,1,1.0,3.0
201800019914,0018-05-18 15:05:00,18,5,18,15,5,170,415,KENNEDY AVENUE JOHN FITZ,45.73175,-0.64559,Plein jour,En agglomération,Hors intersection,Normale,Trois véhicules et plus - en chaîne,,,,,,,,,,,1,2,1,1.0,4.0
201800019915,0018-06-01 15:35:00,18,6,1,15,35,170,415,ARC DE TRIOMPHE,45.74569,-0.62603,Plein jour,En agglomération,Hors intersection,Normale,Autre collision,,,,,,,,,,,1,2,1,1.0,6.0
201800019916,0018-06-01 17:20:00,18,6,1,17,20,170,415,TAILLEBOURG RUE DE,45.7574,-0.6181,Plein jour,En agglomération,Hors intersection,Normale,Deux véhicules - frontale,,,,,,,,,,,1,2,1,1.0,1.0
201800019917,0018-08-04 20:20:00,18,8,4,20,20,170,415,GAUTIER RUE,45.74215,-0.62445,Plein jour,En agglomération,Hors intersection,Normale,Autre collision,,,,,,,,,,,1,2,1,1.0,6.0
201800019918,0018-08-14 22:30:00,18,8,14,22,30,170,415,Route Dpartementale 728,45.74692,-0.70346,Nuit sans éclairage public,Hors agglomération,Hors intersection,Normale,Trois véhicules et plus - collisions multiples,,,,,,,,,,,3,1,1,1.0,5.0
201800019919,0018-09-23 18:50:00,18,9,23,18,50,170,415,ROCADE SUD,45.7251,-0.6377,Plein jour,Hors agglomération,Hors intersection,Normale,Deux véhicules - frontale,,,,,,,,,,,1,1,1,1.0,1.0
201800019920,0018-10-19 15:39:00,18,10,19,15,39,170,415,DOUMER ROCADE COTE BEAUT,45.74583,-0.65896,Plein jour,En agglomération,Giratoire,Normale,Autre collision,,,,,,,,,,,1,2,6,1.0,6.0
201800019921,0018-11-04 13:45:00,18,11,4,13,45,170,415,route nationale 141,45.72819,-0.63329,Plein jour,Hors agglomération,Hors intersection,Normale,Deux véhicules - frontale,,,,,,,,,,,1,1,1,1.0,1.0
201800019922,0018-12-02 19:20:00,18,12,2,19,20,170,415,Dpartementale  137,45.75475,-0.65811,Nuit avec éclairage allumé,Hors agglomération,Hors intersection,Pluie légère,Deux véhicules - arrière,,,,,,,,,,,5,1,1,2.0,2.0
201800019923,0018-12-18 08:10:00,18,12,18,8,10,170,415,MARTEL RUE GEOFFROY,45.74301,-0.62199,Plein jour,En agglomération,Intersection en X,Temps couvert,Deux véhicules - côté,,,,,,,,,,,1,2,2,8.0,3.0
201800019924,0018-02-21 23:00:00,18,2,21,23,0,370,166,A10 PK 184+500 vers PARI,47.51703,0.91224,Nuit sans éclairage public,Hors agglomération,Hors intersection,Normale,Autre collision,,,,,,,,,,,3,1,1,1.0,6.0
201800019925,0018-03-08 16:05:00,18,3,8,16,5,370,10,"A 10, PK 181+900, sens P",47.52557,0.9373,Plein jour,Hors agglomération,Hors intersection,Normale,Deux véhicules - arrière,,,,,,,,,,,1,1,1,1.0,2.0
201800019926,0018-04-14 16:45:00,18,4,14,16,45,370,229,A10 - Pk 173+500,47.56904,1.04743,Plein jour,Hors agglomération,Hors intersection,Normale,Trois véhicules et plus - collisions multiples,,,,,,,,,,,1,1,1,1.0,5.0
201800019927,0018-05-28 06:45:00,18,5,28,6,45,370,194,"Pk 189+700, A sens BORDE",47.48638,0.87199,Plein jour,Hors agglomération,Hors intersection,Normale,Deux véhicules - arrière,,,,,,,,,,,1,1,1,1.0,2.0
201800019928,0018-06-29 22:30:00,18,6,29,22,30,370,160,A10 PK 175+100,47.55439,1.01103,Nuit sans éclairage public,Hors agglomération,Hors intersection,Normale,Autre collision,,,,,,,,,,,3,1,1,1.0,6.0
201800019929,0018-08-24 07:30:00,18,8,24,7,30,370,160,A10 - PK175 sens TOURS/P,47.55439,1.01103,Plein jour,Hors agglomération,Hors intersection,Normale,Deux véhicules - côté,,,,,,,,,,,1,1,1,1.0,3.0
201800019930,0018-09-04 17:35:00,18,9,4,17,35,370,194,"Autoroute A10, Point kil",47.499,0.85091,Plein jour,Hors agglomération,Hors intersection,Normale,Deux véhicules - arrière,,,,,,,,,,,1,1,1,1.0,2.0
201800019931,0018-09-05 06:25:00,18,9,5,6,25,370,47,"Autoroute A28, Point kil",47.49082,0.66529,Nuit sans éclairage public,Hors agglomération,Hors intersection,Normale,Autre collision,,,,,,,,,,,3,1,1,1.0,6.0
201800019932,0018-12-17 17:50:00,18,12,17,17,50,370,10,"Autoroute A10, Point kil",47.53376,0.95798,Nuit sans éclairage public,Hors agglomération,Hors intersection,Normale,Deux véhicules - arrière,,,,,,,,,,,3,1,1,1.0,2.0
201800019933,0018-12-21 10:45:00,18,12,21,10,45,370,194,"A 10 sens PARIS / TOURS,",47.50144,0.8585,Plein jour,Hors agglomération,Hors intersection,Pluie forte,Deux véhicules - arrière,,,,,,,,,,,1,1,1,3.0,2.0
201800019934,0018-01-25 04:05:00,18,1,25,4,5,340,95,RD.613 lieu dit les troi,43.55976,3.79781,Nuit sans éclairage public,Hors agglomération,Hors intersection,Pluie légère,Autre collision,,,,,,,,,,,3,1,1,2.0,6.0
201800019935,0018-01-25 19:05:00,18,1,25,19,5,340,270,route de sète,43.56848,3.8498,Nuit avec éclairage allumé,Hors agglomération,Hors intersection,Pluie légère,Deux véhicules - côté,,,,,,,,,,,5,1,1,2.0,3.0
201800019936,0018-02-24 15:00:00,18,2,24,15,0,340,270,D132,43.59697,3.82002,Plein jour,Hors agglomération,Hors intersection,Pluie légère,Deux véhicules - côté,,,,,,,,,,,1,1,1,2.0,3.0
201800019937,0018-04-07 15:15:00,18,4,7,15,15,340,88,Rue des devèzes D102,43.56949,3.72077,Plein jour,Hors agglomération,Hors intersection,Normale,Sans collision,,,,,,,,,,,1,1,1,1.0,7.0
201800019938,0018-04-22 10:30:00,18,4,22,10,30,340,95,départementale 613,43.54016,3.76371,Plein jour,Hors agglomération,Hors intersection,Normale,Deux véhicules - frontale,,,,,,,,,,,1,1,1,1.0,1.0
201800019939,0018-05-11 14:00:00,18,5,11,14,0,340,95,D114,43.53112,3.7594,Plein jour,Hors agglomération,Hors intersection,Normale,Trois véhicules et plus - collisions multiples,,,,,,,,,,,1,1,1,1.0,5.0
201800019940,0018-06-09 08:40:00,18,6,9,8,40,340,95,avenue Georges Clémencea,43.54374,3.7726,Plein jour,En agglomération,Hors intersection,Normale,Autre collision,,,,,,,,,,,1,2,1,1.0,6.0
201800019941,0018-06-23 16:25:00,18,6,23,16,25,340,95,RD.114,43.5345,3.75765,Plein jour,Hors agglomération,Intersection en T,Normale,Deux véhicules - côté,,,,,,,,,,,1,1,3,1.0,3.0
201800019942,0018-07-19 15:34:00,18,7,19,15,34,340,95,ROUTE DE BÉSIERS-RD613,43.5584,3.79659,Plein jour,Hors agglomération,Hors intersection,Normale,Trois véhicules et plus - collisions multiples,,,,,,,,,,,1,1,1,1.0,5.0
201800019943,0018-07-27 09:10:00,18,7,27,9,10,340,270,ROUTE DE SÈTE,43.56848,3.8498,Plein jour,Hors agglomération,Hors intersection,Normale,Deux véhicules - côté,,,,,,,,,,,1,1,1,1.0,3.0
201800019944,0018-08-13 14:40:00,18,8,13,14,40,340,95,D613,43.54016,3.76371,Plein jour,Hors agglomération,Hors intersection,Normale,Deux véhicules - frontale,,,,,,,,,,,1,1,1,1.0,1.0
201800019945,0018-08-24 18:15:00,18,8,24,18,15,340,270,RD132 E2,43.58745,3.83414,Plein jour,Hors agglomération,Hors intersection,Normale,Deux véhicules - côté,,,,,,,,,,,1,1,1,1.0,3.0
201800019946,0018-09-12 20:15:00,18,9,12,20,15,340,88,RD185,43.56617,3.74646,Nuit sans éclairage public,Hors agglomération,Hors intersection,Normale,Deux véhicules - frontale,,,,,,,,,,,3,1,1,1.0,1.0
201800019947,0018-09-30 17:20:00,18,9,30,17,20,340,95,RD614,43.51783,3.76487,Plein jour,Hors agglomération,Hors intersection,Normale,Deux véhicules - frontale,,,,,,,,,,,1,1,1,1.0,1.0
201800019948,0018-09-04 13:00:00,18,9,4,13,0,340,88,CD 114,43.57213,3.67965,Plein jour,Hors agglomération,Hors intersection,Normale,Autre collision,,,,,,,,,,,1,1,1,1.0,6.0
201800019949,0018-01-22 18:40:00,18,1,22,18,40,660,141,2 chemin de la poudrière,42.73868,2.91416,Nuit avec éclairage allumé,En agglomération,Intersection en T,Normale,Deux véhicules - côté,,,,,,,,,,,5,2,3,1.0,3.0
201800019950,0018-08-18 23:30:00,18,8,18,23,30,660,21,route de CLAIRA - Départ,42.7374,2.94154,Nuit sans éclairage public,Hors agglomération,Hors intersection,Normale,Deux véhicules - côté,,,,,,,,,,,3,1,1,1.0,3.0
201800019951,0018-10-02 15:30:00,18,10,2,15,30,660,141,avenue de rivesaltes,42.74731,2.91417,Plein jour,En agglomération,Hors intersection,Temps éblouissant,Autre collision,,,,,,,,,,,1,2,1,7.0,6.0
201800019952,0018-10-22 11:35:00,18,10,22,11,35,660,21,ROND POINT DES MOISSONS,42.7266,2.94653,Plein jour,Hors agglomération,Giratoire,Normale,Deux véhicules - côté,,,,,,,,,,,1,1,6,1.0,3.0
201800019953,0018-11-10 14:50:00,18,11,10,14,50,660,141,RD900,,,Plein jour,Hors agglomération,Hors intersection,Normale,Deux véhicules - arrière,,,,,,,,,,,1,1,1,1.0,2.0
201800019954,0018-03-14 12:00:00,18,3,14,12,0,300,225,CD 6 - route d'ALES,44.16358,4.56497,Plein jour,Hors agglomération,Hors intersection,Normale,Autre collision,,,,,,,,,,,1,1,1,1.0,6.0
201800019955,0018-04-06 21:45:00,18,4,6,21,45,300,141,CD9,44.10046,4.65778,Nuit sans éclairage public,Hors agglomération,Giratoire,Normale,Autre collision,,,,,,,,,,,3,1,6,1.0,6.0
201800019956,0018-04-17 17:45:00,18,4,17,17,45,300,141,RN 580,44.10282,4.66359,Plein jour,Hors agglomération,Hors intersection,Normale,Deux véhicules - côté,,,,,,,,,,,1,1,1,1.0,3.0
201800019957,0018-05-15 16:30:00,18,5,15,16,30,300,141,Carrefour route d'Alès e,44.10139,4.65414,Plein jour,En agglomération,Intersection en T,Normale,Deux véhicules - frontale,,,,,,,,,,,1,2,3,1.0,1.0
201800019958,0018-05-25 05:50:00,18,5,25,5,50,300,191,RN 580,44.14356,4.6603,Crépuscule ou aube,Hors agglomération,Intersection en X,Normale,Deux véhicules - côté,,,,,,,,,,,2,1,2,1.0,3.0
201800019959,0018-06-13 05:00:00,18,6,13,5,0,300,225,Route départementale 6,44.15051,4.55137,Nuit sans éclairage public,Hors agglomération,Hors intersection,Pluie forte,Autre collision,,,,,,,,,,,3,1,1,3.0,6.0
201800019960,0018-06-29 17:10:00,18,6,29,17,10,300,141,Route départementale 608,44.10906,4.61187,Plein jour,Hors agglomération,Hors intersection,Normale,Autre collision,,,,,,,,,,,1,1,1,1.0,6.0
201800019961,0018-07-06 06:45:00,18,7,6,6,45,300,81,cd138A,44.15077,4.69604,Plein jour,Hors agglomération,Hors intersection,Normale,Autre collision,,,,,,,,,,,1,1,1,1.0,6.0
201800019962,0018-10-01 16:15:00,18,10,1,16,15,300,127,CD 6086,44.07776,4.58709,Plein jour,Hors agglomération,Intersection en X,Normale,Deux véhicules - côté,,,,,,,,,,,1,1,2,1.0,3.0
201800019963,0018-10-04 16:45:00,18,10,4,16,45,300,331,Départementale 6086,44.11304,4.61498,Plein jour,Hors agglomération,Hors intersection,Normale,Deux véhicules - frontale,,,,,,,,,,,1,1,1,1.0,1.0
201800019964,0018-12-21 00:50:00,18,12,21,0,50,300,141,RN 580,44.11872,4.68753,Nuit sans éclairage public,Hors agglomération,Hors intersection,Brouillard / fumée,Autre collision,,,,,,,,,,,3,1,1,5.0,6.0
201800019965,0018-01-12 20:25:00,18,1,12,20,25,410,294,Avenue des Rondaizes,47.80165,0.9972,Nuit sans éclairage public,En agglomération,Hors intersection,Normale,Deux véhicules - arrière,,,,,,,,,,,3,2,1,1.0,2.0
201800019966,0018-03-10 18:35:00,18,3,10,18,35,410,287,rn 10 pk 31.800,47.73928,1.03401,Crépuscule ou aube,Hors agglomération,Intersection en T,Normale,Deux véhicules - côté,,,,,,,,,,,2,1,3,1.0,3.0
201800019967,0018-04-01 11:40:00,18,4,1,11,40,410,201,"D9, rue de la Garenne",47.70986,0.8734,Plein jour,En agglomération,Intersection en T,Normale,Deux véhicules - côté,,,,,,,,,,,1,2,3,1.0,3.0
201800019968,0018-04-20 04:50:00,18,4,20,4,50,410,287,Roule nationale 10,47.75616,1.03994,Nuit sans éclairage public,Hors agglomération,Hors intersection,Normale,Deux véhicules - frontale,,,,,,,,,,,3,1,1,1.0,1.0
201800019969,0018-05-05 12:45:00,18,5,5,12,45,410,278,ROUTE NATIONALE 10,47.65101,0.95489,Plein jour,Hors agglomération,Hors intersection,Normale,Deux véhicules - frontale,,,,,,,,,,,1,1,1,1.0,1.0
201800019970,0018-05-18 13:45:00,18,5,18,13,45,410,287,RN 10- PK 27+530,47.77268,1.06013,Plein jour,Hors agglomération,Hors intersection,Normale,Trois véhicules et plus - collisions multiples,,,,,,,,,,,1,1,1,1.0,5.0
201800019971,0018-05-30 15:45:00,18,5,30,15,45,410,7,Route Départementale 9,47.6225,0.90871,Plein jour,Hors agglomération,Hors intersection,Normale,Deux véhicules - côté,,,,,,,,,,,1,1,1,1.0,3.0
201800019972,0018-06-28 19:40:00,18,6,28,19,40,410,103,RN 10,47.72692,1.02418,Plein jour,Hors agglomération,Intersection en T,Normale,Deux véhicules - côté,,,,,,,,,,,1,1,3,1.0,3.0
201800019973,0018-06-20 19:15:00,18,6,20,19,15,410,294,Route Départementale 67,47.80431,0.98265,Plein jour,En agglomération,Hors intersection,Temps éblouissant,Autre collision,,,,,,,,,,,1,2,1,7.0,6.0
201800019974,0018-07-03 17:35:00,18,7,3,17,35,410,102,Rue du Haut Bourg,47.75344,0.93808,Plein jour,En agglomération,Hors intersection,Normale,Sans collision,,,,,,,,,,,1,2,1,1.0,7.0
201800019975,0018-07-29 00:25:00,18,7,29,0,25,410,225,Le Ranay,47.76146,0.82243,Nuit sans éclairage public,Hors agglomération,Hors intersection,Normale,Sans collision,,,,,,,,,,,3,1,1,1.0,7.0
201800019976,0018-10-26 14:20:00,18,10,26,14,20,410,265,Les buissons - Route Dép,47.80132,0.78028,Plein jour,Hors agglomération,Hors intersection,Normale,Deux véhicules - frontale,,,,,,,,,,,1,1,1,1.0,1.0
201800019977,0018-11-10 18:50:00,18,11,10,18,50,410,149,18 Avenue de la Paix,47.75886,0.87584,Nuit avec éclairage allumé,En agglomération,Hors intersection,Pluie forte,Trois véhicules et plus - en chaîne,,,,,,,,,,,5,2,1,3.0,4.0
201800019978,0018-11-22 18:45:00,18,11,22,18,45,410,70,Le Baumat,47.75567,0.66511,Nuit sans éclairage public,Hors agglomération,Hors intersection,Brouillard / fumée,Autre collision,,,,,,,,,,,3,1,1,5.0,6.0
201800019979,0018-11-26 16:45:00,18,11,26,16,45,410,149,Rue du Dr. JEULAIN,47.75876,0.87387,Plein jour,En agglomération,Hors intersection,Normale,Deux véhicules - côté,,,,,,,,,,,1,2,1,1.0,3.0
201800019980,0018-12-24 19:55:00,18,12,24,19,55,410,184,03 rue des quatre vents,47.69377,0.91539,Nuit avec éclairage allumé,En agglomération,Hors intersection,Normale,Autre collision,,,,,,,,,,,5,2,1,1.0,6.0
201800019981,0018-02-16 11:00:00,18,2,16,11,0,770,162,D19,48.86949,3.12527,Plein jour,Hors agglomération,Hors intersection,Normale,Deux véhicules - frontale,,,,,,,,,,,1,1,1,1.0,1.0
201800019982,0018-04-10 10:00:00,18,4,10,10,0,770,182,RD 215,48.79265,3.32102,Plein jour,Hors agglomération,Hors intersection,Normale,Sans collision,,,,,,,,,,,1,1,1,1.0,7.0
201800019983,0018-05-07 15:50:00,18,5,7,15,50,770,240,rue de la ferté gaucher,48.792,3.28139,Plein jour,Hors agglomération,Hors intersection,Temps éblouissant,Deux véhicules - frontale,,,,,,,,,,,1,1,1,7.0,1.0
201800019984,0018-05-14 07:50:00,18,5,14,7,50,770,421,départementale 204,48.74237,3.28823,Crépuscule ou aube,Hors agglomération,Hors intersection,Pluie forte,Deux véhicules - frontale,,,,,,,,,,,2,1,1,3.0,1.0
201800019985,0018-07-06 11:15:00,18,7,6,11,15,770,385,Intersection rue St Nico,48.84848,3.23189,Plein jour,En agglomération,Intersection en T,Normale,Deux véhicules - côté,,,,,,,,,,,1,2,3,1.0,3.0
201800019986,0018-07-26 15:30:00,18,7,26,15,30,770,240,D934 PK56,48.78625,3.25246,Plein jour,Hors agglomération,Hors intersection,Temps éblouissant,Deux véhicules - frontale,,,,,,,,,,,1,1,1,7.0,1.0
201800019987,0018-08-13 18:55:00,18,8,13,18,55,770,423,1-5 rue de Guillard,48.77772,3.32947,Plein jour,En agglomération,Hors intersection,Normale,Deux véhicules - frontale,,,,,,,,,,,1,2,1,1.0,1.0
201800019988,0018-09-23 01:50:00,18,9,23,1,50,770,405,D31,48.90578,3.17223,Nuit sans éclairage public,Hors agglomération,Hors intersection,Pluie légère,Autre collision,,,,,,,,,,,3,1,1,2.0,6.0
201800019989,0018-09-29 18:38:00,18,9,29,18,38,770,423,D934 X RUE DE GUILLARD,48.77282,3.32748,Plein jour,Hors agglomération,Intersection en T,Normale,Deux véhicules - frontale,,,,,,,,,,,1,1,3,1.0,1.0
201800019990,0018-09-29 13:13:00,18,9,29,13,13,770,345,D31 -R. DES GRANDS PRES,48.90575,3.22598,Plein jour,En agglomération,Intersection en Y,Normale,Deux véhicules - côté,,,,,,,,,,,1,2,4,1.0,3.0
201800019991,0018-10-04 07:20:00,18,10,4,7,20,770,182,6 rue de sezanne,48.77949,3.30805,Nuit avec éclairage allumé,En agglomération,Hors intersection,Normale,Autre collision,,,,,,,,,,,5,2,1,1.0,6.0
201800019992,0018-11-18 18:00:00,18,11,18,18,0,770,423,DEPARTEMENTALE 14,48.77951,3.32387,Nuit avec éclairage allumé,En agglomération,Hors intersection,Normale,Deux véhicules - frontale,,,,,,,,,,,5,2,1,1.0,1.0
201800019993,0018-03-11 09:00:00,18,3,11,9,0,620,424,D956,50.21308,2.94969,Plein jour,Hors agglomération,Hors intersection,Normale,Deux véhicules - arrière,,,,,,,,,,,1,1,1,1.0,2.0
201800019994,0018-04-23 19:30:00,18,4,23,19,30,620,568,d 917,50.23736,2.80005,Plein jour,Hors agglomération,Hors intersection,Normale,Autre collision,,,,,,,,,,,1,1,1,1.0,6.0
201800019995,0018-07-05 11:45:00,18,7,5,11,45,620,428,rue René Edouard,50.22541,2.83516,Plein jour,En agglomération,Intersection en X,Temps éblouissant,Deux véhicules - côté,,,,,,,,,,,1,2,2,7.0,3.0
201800019996,0018-08-12 18:05:00,18,8,12,18,5,620,582,d 939,50.26206,2.88546,Plein jour,Hors agglomération,Intersection en T,Normale,Deux véhicules - côté,,,,,,,,,,,1,1,3,1.0,3.0
201800019997,0018-08-18 14:25:00,18,8,18,14,25,620,81,Départementale 14,50.22134,3.07488,Plein jour,Hors agglomération,Hors intersection,Normale,Autre collision,,,,,,,,,,,1,1,1,1.0,6.0
201800019998,0018-09-19 15:44:00,18,9,19,15,44,620,384,D930,50.15028,3.08162,Plein jour,Hors agglomération,Intersection en X,Temps éblouissant,Deux véhicules - côté,,,,,,,,,,,1,1,2,7.0,3.0
201800019999,0018-09-20 16:30:00,18,9,20,16,30,620,864,RD 939,50.25176,2.92699,Plein jour,Hors agglomération,Hors intersection,Normale,Sans collision,,,,,,,,,,,1,1,1,1.0,7.0
201800020000,0018-10-07 00:10:00,18,10,7,0,10,620,839,D956,50.14913,2.88723,Nuit sans éclairage public,Hors agglomération,Hors intersection,Pluie légère,Sans collision,,,,,,,,,,,3,1,1,2.0,7.0
201800020001,0018-10-08 08:50:00,18,10,8,8,50,620,873,CD34,50.24975,2.842,Plein jour,Hors agglomération,Hors intersection,Normale,Deux véhicules - côté,,,,,,,,,,,1,1,1,1.0,3.0
201800020002,0018-10-11 22:00:00,18,10,11,22,0,620,873,allée de BELGIQUE,50.25737,2.85957,Nuit avec éclairage allumé,Hors agglomération,Intersection en T,Normale,Deux véhicules - côté,,,,,,,,,,,5,1,3,1.0,3.0
201800020003,0018-10-27 01:30:00,18,10,27,1,30,620,469,RD 19,50.20527,3.05094,Nuit sans éclairage public,Hors agglomération,Hors intersection,Normale,Autre collision,,,,,,,,,,,3,1,1,1.0,6.0
201800020004,0018-12-27 17:10:00,18,12,27,17,10,620,864,D 939,50.25099,2.9293,Nuit sans éclairage public,Hors agglomération,Hors intersection,Autre,Trois véhicules et plus - collisions multiples,,,,,,,,,,,3,1,1,9.0,5.0
201800020005,0018-01-18 14:45:00,18,1,18,14,45,620,378,D339 -,50.30662,2.63094,Plein jour,Hors agglomération,Hors intersection,Vent fort / tempête,Sans collision,,,,,,,,,,,1,1,1,6.0,7.0
201800020006,0018-04-14 05:10:00,18,4,14,5,10,620,279,RD 939,50.30233,2.71471,Nuit sans éclairage public,Hors agglomération,Hors intersection,Brouillard / fumée,Autre collision,,,,,,,,,,,3,1,1,5.0,6.0
201800020007,0018-04-22 13:55:00,18,4,22,13,55,620,97,Rue nationale,50.24163,2.65945,Plein jour,En agglomération,Hors intersection,Temps éblouissant,Deux véhicules - frontale,,,,,,,,,,,1,2,1,7.0,1.0
201800020008,0018-05-05 16:45:00,18,5,5,16,45,620,649,15 voie notre dame,50.15551,2.48673,Plein jour,En agglomération,Hors intersection,Temps éblouissant,Autre collision,,,,,,,,,,,1,2,1,7.0,6.0