accident_id,datetime,annee,mois,jour,heure,minute,departement,commune_insee,adresse,latitude,longitude,luminosite,agglomeration,intersection,meteo,collision,nb_vehicules,nb_usagers,nb_indemnes,nb_tues,nb_blesses_hosp,nb_blesses_legers,age_cond_1,age_cond_2,veh_type_cond_1,veh_type_cond_2,lum_code,agg_code,int_code,atm_code,col_code
201800020009,0018-05-06 09:55:00,18,5,6,9,55,620,378,RD 56,50.3029,2.64575,Plein jour,Hors agglomération,Hors intersection,Temps éblouissant,Deux véhicules - arrière,,,,,,,,,,,1,1,1,7.0,2.0
201800020010,0018-05-10 18:35:00,18,5,10,18,35,620,869,Rue des anciens combatta,50.24509,2.71837,Plein jour,En agglomération,Hors intersection,Normale,Autre collision,,,,,,,,,,,1,2,1,1.0,6.0
201800020011,0018-07-02 11:40:00,18,7,2,11,40,620,672,RD919 SERRE LES PUISIEUX,50.09741,2.65264,Plein jour,Hors agglomération,Hors intersection,Temps éblouissant,Sans collision,,,,,,,,,,,1,1,1,7.0,7.0
201800020012,0018-07-04 17:25:00,18,7,4,17,25,620,422,14 rue de sailly,50.12553,2.63307,Plein jour,En agglomération,Intersection en T,Normale,Deux véhicules - frontale,,,,,,,,,,,1,2,3,1.0,1.0
201800020013,0018-09-05 17:55:00,18,9,5,17,55,620,689,Route de Monchy,50.20753,2.69008,Plein jour,En agglomération,Intersection en X,Pluie légère,Deux véhicules - côté,,,,,,,,,,,1,2,2,2.0,3.0
201800020014,0018-10-15 16:30:00,18,10,15,16,30,620,272,3 rue des processions,50.17467,2.71243,Plein jour,En agglomération,Hors intersection,Normale,Autre collision,,,,,,,,,,,1,2,1,1.0,6.0
201800020015,0018-10-26 14:30:00,18,10,26,14,30,620,97,intersection D7/D30,50.24387,2.65618,Plein jour,En agglomération,Giratoire,Normale,Deux véhicules - côté,,,,,,,,,,,1,2,6,1.0,3.0
201800020016,0018-11-30 09:00:00,18,11,30,9,0,620,465,D1,50.1911,2.56525,Plein jour,Hors agglomération,Intersection en X,Pluie légère,Deux véhicules - frontale,,,,,,,,,,,1,1,2,2.0,1.0
201800020017,0018-12-03 15:20:00,18,12,3,15,20,620,332,D919,50.23514,2.76363,Plein jour,Hors agglomération,Intersection en X,Pluie légère,Deux véhicules - côté,,,,,,,,,,,1,1,2,2.0,3.0
201800020018,0018-12-07 20:00:00,18,12,7,20,0,620,147,RD919,50.21239,2.75723,Nuit sans éclairage public,Hors agglomération,Intersection en T,Pluie légère,Deux véhicules - frontale,,,,,,,,,,,3,1,3,2.0,1.0
201800020019,0018-02-03 18:30:00,18,2,3,18,30,620,512,Route Départementale 341,50.56522,2.34137,Nuit sans éclairage public,Hors agglomération,Hors intersection,Normale,Autre collision,,,,,,,,,,,3,1,1,1.0,6.0
201800020020,0018-06-27 16:50:00,18,6,27,16,50,620,713,D94,50.59483,2.54089,Plein jour,Hors agglomération,Intersection en X,Normale,Deux véhicules - côté,,,,,,,,,,,1,1,2,1.0,3.0
201800020021,0018-07-01 13:00:00,18,7,1,13,0,620,190,1242 rue de St VENANT,50.59797,2.52295,Plein jour,En agglomération,Hors intersection,Normale,Deux véhicules - frontale,,,,,,,,,,,1,2,1,1.0,1.0
201800020022,0018-07-03 07:40:00,18,7,3,7,40,620,195,111 rue de la gare,50.62412,2.60878,Plein jour,En agglomération,Hors intersection,Normale,Deux véhicules - côté,,,,,,,,,,,1,2,1,1.0,3.0
201800020023,0018-10-30 19:15:00,18,10,30,19,15,620,516,Route Départementale 188,50.58391,2.44874,Nuit sans éclairage public,Hors agglomération,Hors intersection,Pluie légère,Deux véhicules - frontale,,,,,,,,,,,3,1,1,2.0,1.0
201800020024,0018-11-02 08:15:00,18,11,2,8,15,620,162,D188,50.5758,2.45103,Crépuscule ou aube,Hors agglomération,Hors intersection,Normale,Deux véhicules - frontale,,,,,,,,,,,2,1,1,1.0,1.0
201800020025,0018-11-13 11:50:00,18,11,13,11,50,620,162,RD 943,50.57352,2.43327,Plein jour,Hors agglomération,Hors intersection,Normale,Deux véhicules - côté,,,,,,,,,,,1,1,1,1.0,3.0
201800020026,0018-11-19 12:15:00,18,11,19,12,15,620,770,rue de Robecq,50.61324,2.55084,Plein jour,Hors agglomération,Hors intersection,Temps couvert,Deux véhicules - arrière,,,,,,,,,,,1,1,1,8.0,2.0
201800020027,0018-12-14 16:45:00,18,12,14,16,45,620,500,22 rue de lillers,50.55177,2.42347,Crépuscule ou aube,En agglomération,Hors intersection,Normale,Autre collision,,,,,,,,,,,2,2,1,1.0,6.0
201800020028,0018-02-10 18:30:00,18,2,10,18,30,620,670,ROUTE D'HUCQUELIERS - LE,50.54982,1.87814,Nuit avec éclairage allumé,En agglomération,Hors intersection,Pluie forte,Autre collision,,,,,,,,,,,5,2,1,3.0,6.0
201800020029,0018-02-18 10:45:00,18,2,18,10,45,620,886,15 rue du catelet,50.57922,1.95417,Plein jour,En agglomération,Hors intersection,Normale,Trois véhicules et plus - en chaîne,,,,,,,,,,,1,2,1,1.0,4.0
201800020030,0018-04-14 18:00:00,18,4,14,18,0,620,886,Cd 148,50.57256,1.95046,Plein jour,Hors agglomération,Hors intersection,Normale,Sans collision,,,,,,,,,,,1,1,1,1.0,7.0
201800020031,0018-04-15 02:45:00,18,4,15,2,45,620,312,D 149,50.49259,1.83654,Nuit sans éclairage public,Hors agglomération,Hors intersection,Normale,Sans collision,,,,,,,,,,,3,1,1,1.0,7.0
201800020032,0018-04-25 12:15:00,18,4,25,12,15,620,554,7 rue de la dordogne,50.52962,1.73045,Plein jour,En agglomération,Hors intersection,Normale,Autre collision,,,,,,,,,,,1,2,1,1.0,6.0
201800020033,0018-05-08 16:30:00,18,5,8,16,30,620,499,D901,50.38737,1.72777,Plein jour,Hors agglomération,Intersection en T,Normale,Deux véhicules - arrière,,,,,,,,,,,1,1,3,1.0,2.0
201800020034,0018-05-12 19:45:00,18,5,12,19,45,620,44,32 rue de la Vendée,50.48406,1.74688,Plein jour,En agglomération,Hors intersection,Temps couvert,Sans collision,,,,,,,,,,,1,2,1,8.0,7.0
201800020035,0018-06-24 10:30:00,18,6,24,10,30,620,670,Cd 150,50.57519,1.88197,Plein jour,Hors agglomération,Hors intersection,Normale,Sans collision,,,,,,,,,,,1,1,1,1.0,7.0
201800020036,0018-07-06 21:00:00,18,7,6,21,0,620,844,D 126 GOURNAY,50.55492,2.03948,Plein jour,En agglomération,Hors intersection,Normale,Sans collision,,,,,,,,,,,1,2,1,1.0,7.0
201800020037,0018-07-12 17:15:00,18,7,12,17,15,620,602,37 rue Nationale,50.36694,1.73107,Plein jour,En agglomération,Hors intersection,Normale,Deux véhicules - frontale,,,,,,,,,,,1,2,1,1.0,1.0
201800020038,0018-08-04 13:40:00,18,8,4,13,40,620,134,D128,50.54911,1.89119,Plein jour,Hors agglomération,Hors intersection,Normale,Deux véhicules - côté,,,,,,,,,,,1,1,1,1.0,3.0
201800020039,0018-08-13 14:15:00,18,8,13,14,15,620,870,D901,50.40483,1.7252,Plein jour,Hors agglomération,Hors intersection,Normale,Deux véhicules - frontale,,,,,,,,,,,1,1,1,1.0,1.0
201800020040,0018-09-09 06:10:00,18,9,9,6,10,620,602,ROUTE NATIONALE,50.35889,1.73247,Nuit sans éclairage public,En agglomération,Intersection en X,Normale,Deux véhicules - côté,,,,,,,,,,,3,2,2,1.0,3.0
201800020041,0018-11-05 16:05:00,18,11,5,16,5,620,207,RUE DU MOULIN,50.45141,1.74711,Plein jour,Hors agglomération,Intersection en T,Normale,Deux véhicules - côté,,,,,,,,,,,1,1,3,1.0,3.0
201800020042,0018-01-10 16:10:00,18,1,10,16,10,620,767,intersection rd 941 /rd,50.38773,2.35005,Plein jour,En agglomération,Intersection en T,Normale,Deux véhicules - côté,,,,,,,,,,,1,2,3,1.0,3.0
201800020043,0018-02-05 18:35:00,18,2,5,18,35,620,58,D90,50.50059,2.40144,Nuit sans éclairage public,Hors agglomération,Hors intersection,Normale,Autre collision,,,,,,,,,,,3,1,1,1.0,6.0
201800020044,0018-03-25 06:00:00,18,3,25,6,0,620,344,26 rue de Hurtebise,50.52359,2.34058,Nuit sans éclairage public,En agglomération,Hors intersection,Normale,Autre collision,,,,,,,,,,,3,2,1,1.0,6.0
201800020045,0018-03-24 18:20:00,18,3,24,18,20,620,668,9 rue d'Heuchin,50.49931,2.25721,Plein jour,En agglomération,Hors intersection,Normale,Deux véhicules - frontale,,,,,,,,,,,1,2,1,1.0,1.0
201800020046,0018-03-28 16:15:00,18,3,28,16,15,620,749,rue de Watelet,50.35702,2.08761,Plein jour,En agglomération,Intersection en X,Normale,Deux véhicules - côté,,,,,,,,,,,1,2,2,1.0,3.0
201800020047,0018-05-07 12:00:00,18,5,7,12,0,620,180,cd941,50.41395,2.38803,Plein jour,Hors agglomération,Hors intersection,Temps éblouissant,Deux véhicules - arrière,,,,,,,,,,,1,1,1,7.0,2.0
201800020048,0018-05-10 08:10:00,18,5,10,8,10,620,180,départementale 941,50.41833,2.41332,Plein jour,Hors agglomération,Intersection en T,Temps couvert,Deux véhicules - côté,,,,,,,,,,,1,1,3,8.0,3.0
201800020049,0018-05-27 13:05:00,18,5,27,13,5,620,36,Départementale D343,50.453,2.25512,Plein jour,Hors agglomération,Hors intersection,Normale,Autre collision,,,,,,,,,,,1,1,1,1.0,6.0
201800020050,0018-07-08 05:00:00,18,7,8,5,0,620,740,CD 70,50.47937,2.36143,Crépuscule ou aube,Hors agglomération,Hors intersection,Normale,Autre collision,,,,,,,,,,,2,1,1,1.0,6.0
201800020051,0018-07-25 16:30:00,18,7,25,16,30,620,468,cd 939,50.38488,2.20793,Plein jour,Hors agglomération,Hors intersection,Normale,Deux véhicules - frontale,,,,,,,,,,,1,1,1,1.0,1.0
201800020052,0018-10-28 11:40:00,18,10,28,11,40,620,686,D102,50.36356,2.30586,Plein jour,Hors agglomération,Hors intersection,Normale,Deux véhicules - frontale,,,,,,,,,,,1,1,1,1.0,1.0
201800020053,0018-12-13 13:30:00,18,12,13,13,30,620,647,rue du bas parcq,50.38403,2.07609,Plein jour,Hors agglomération,Intersection en T,Temps éblouissant,Deux véhicules - côté,,,,,,,,,,,1,1,3,7.0,3.0
201800020054,0018-01-09 11:00:00,18,1,9,11,0,620,198,carrefour des quatre ven,50.38871,2.62301,Plein jour,Hors agglomération,Intersection en X,Normale,Trois véhicules et plus - collisions multiples,,,,,,,,,,,1,1,2,1.0,5.0
201800020055,0018-01-17 16:32:00,18,1,17,16,32,620,86,"RN 25, PR 13+500",50.21976,2.58466,Crépuscule ou aube,Hors agglomération,Hors intersection,Vent fort / tempête,Trois véhicules et plus - collisions multiples,,,,,,,,,,,2,1,1,6.0,5.0
201800020056,0018-01-29 18:45:00,18,1,29,18,45,620,113,RD 939,50.35139,2.51532,Nuit sans éclairage public,Hors agglomération,Intersection en X,Pluie légère,Deux véhicules - frontale,,,,,,,,,,,3,1,2,2.0,1.0
201800020057,0018-02-12 16:00:00,18,2,12,16,0,620,63,Rue de St Pol,50.27824,2.52311,Plein jour,En agglomération,Autre intersection,Normale,Deux véhicules - côté,,,,,,,,,,,1,2,9,1.0,3.0
201800020058,0018-03-05 05:45:00,18,3,5,5,45,620,477,D54,50.31633,2.54847,Nuit sans éclairage public,Hors agglomération,Hors intersection,Autre,Deux véhicules - frontale,,,,,,,,,,,3,1,1,9.0,1.0
201800020059,0018-03-05 06:30:00,18,3,5,6,30,620,630,D339,50.28706,2.56203,Nuit sans éclairage public,Hors agglomération,Hors intersection,Autre,Sans collision,,,,,,,,,,,3,1,1,9.0,7.0
201800020060,0018-03-13 08:20:00,18,3,13,8,20,620,198,RD 75,50.38769,2.62186,Plein jour,Hors agglomération,Hors intersection,Normale,Autre collision,,,,,,,,,,,1,1,1,1.0,6.0
201800020061,0018-03-20 16:55:00,18,3,20,16,55,620,45,D939,50.34277,2.59209,Plein jour,Hors agglomération,Giratoire,Temps éblouissant,Deux véhicules - côté,,,,,,,,,,,1,1,6,7.0,3.0
201800020062,0018-03-30 21:55:00,18,3,30,21,55,620,399,D61,50.31618,2.61707,Nuit sans éclairage public,Hors agglomération,Hors intersection,Normale,Deux véhicules - arrière,,,,,,,,,,,3,1,1,1.0,2.0
201800020063,0018-04-10 08:00:00,18,4,10,8,0,620,477,CD 75 E1,50.32777,2.52524,Plein jour,Hors agglomération,Hors intersection,Normale,Deux véhicules - frontale,,,,,,,,,,,1,1,1,1.0,1.0
201800020064,0018-04-21 11:00:00,18,4,21,11,0,620,113,RD 939,50.35061,2.52304,Plein jour,Hors agglomération,Hors intersection,Normale,Deux véhicules - arrière,,,,,,,,,,,1,1,1,1.0,2.0
201800020065,0018-06-08 10:50:00,18,6,8,10,50,620,63,Grand rue,50.2784,2.53334,Plein jour,En agglomération,Hors intersection,Normale,Autre collision,,,,,,,,,,,1,2,1,1.0,6.0
201800020066,0018-07-05 17:45:00,18,7,5,17,45,620,860,Route départementale 77,50.31726,2.49135,Plein jour,En agglomération,Intersection en X,Normale,Trois véhicules et plus - collisions multiples,,,,,,,,,,,1,2,2,1.0,5.0
201800020067,0018-07-07 00:20:00,18,7,7,0,20,620,784,route nationale 25,50.21218,2.52514,Nuit sans éclairage public,Hors agglomération,Hors intersection,Normale,Autre collision,,,,,,,,,,,3,1,1,1.0,6.0
201800020068,0018-07-14 10:55:00,18,7,14,10,55,620,820,Route départementale 939,50.35681,2.47463,Plein jour,Hors agglomération,Intersection en T,Normale,Trois véhicules et plus - en chaîne,,,,,,,,,,,1,1,3,1.0,4.0
201800020069,0018-07-30 10:15:00,18,7,30,10,15,620,86,RN 25,50.2234,2.56462,Plein jour,Hors agglomération,Hors intersection,Normale,Autre collision,,,,,,,,,,,1,1,1,1.0,6.0
201800020070,0018-08-09 14:30:00,18,8,9,14,30,620,804,CD 75,50.23972,2.45818,Plein jour,Hors agglomération,Intersection en X,Pluie forte,Deux véhicules - côté,,,,,,,,,,,1,1,2,3.0,3.0
201800020071,0018-09-07 16:20:00,18,9,7,16,20,620,778,CD 79E1/CD 54,50.30679,2.43781,Plein jour,Hors agglomération,Intersection en X,Normale,Deux véhicules - côté,,,,,,,,,,,1,1,2,1.0,3.0
201800020072,0018-09-08 09:30:00,18,9,8,9,30,620,63,rue d'hauteville,50.27619,2.53448,Plein jour,En agglomération,Hors intersection,Normale,Sans collision,,,,,,,,,,,1,2,1,1.0,7.0
201800020073,0018-09-25 19:50:00,18,9,25,19,50,620,84,D59,50.24993,2.53846,Crépuscule ou aube,Hors agglomération,Hors intersection,Normale,Autre collision,,,,,,,,,,,2,1,1,1.0,6.0
201800020074,0018-01-26 23:45:00,18,1,26,23,45,620,631,18 ROUTE NATIONALE,50.30339,2.29058,Nuit avec éclairage non allumé,En agglomération,Hors intersection,Normale,Deux véhicules - côté,,,,,,,,,,,4,2,1,1.0,3.0
201800020075,0018-02-08 21:30:00,18,2,8,21,30,620,182,D102,50.26833,2.16259,Nuit sans éclairage public,Hors agglomération,Hors intersection,Normale,Autre collision,,,,,,,,,,,3,1,1,1.0,6.0
201800020076,0018-04-29 10:50:00,18,4,29,10,50,620,631,D111,50.29902,2.28023,Plein jour,Hors agglomération,Intersection en X,Pluie légère,Deux véhicules - côté,,,,,,,,,,,1,1,2,2.0,3.0
201800020077,0018-06-09 19:39:00,18,6,9,19,39,620,859,D114,50.229,2.20761,Plein jour,Hors agglomération,Hors intersection,Normale,Sans collision,,,,,,,,,,,1,1,1,1.0,7.0
201800020078,0018-09-16 16:10:00,18,9,16,16,10,620,337,rue de St pol,50.32977,2.27091,Plein jour,Hors agglomération,Hors intersection,Normale,Deux véhicules - côté,,,,,,,,,,,1,1,1,1.0,3.0
201800020079,0018-11-08 06:30:00,18,11,8,6,30,620,345,D124,50.29437,2.06232,Nuit sans éclairage public,Hors agglomération,Hors intersection,Autre,Autre collision,,,,,,,,,,,3,1,1,9.0,6.0
201800020080,0018-12-05 17:46:00,18,12,5,17,46,620,361,rue de Doullens,50.27749,2.29144,Nuit avec éclairage allumé,En agglomération,Hors intersection,Pluie légère,Autre collision,,,,,,,,,,,5,2,1,2.0,6.0
201800020081,0018-06-01 16:10:00,18,6,1,16,10,440,182,Avenue du cormier,47.16087,-2.16851,Plein jour,En agglomération,Intersection en X,Normale,Deux véhicules - côté,,,,,,,,,,,1,2,2,1.0,3.0
201800020082,0018-11-14 08:35:00,18,11,14,8,35,440,192,RD 86 PR003+311,47.2491,-1.98629,Plein jour,Hors agglomération,Hors intersection,Normale,Deux véhicules - frontale,,,,,,,,,,,1,1,1,1.0,1.0
201800020083,0018-07-06 09:00:00,18,7,6,9,0,630,370,A89 ouest 309+751,,,Plein jour,Hors agglomération,Hors intersection,Normale,Autre collision,,,,,,,,,,,1,1,1,1.0,6.0
201800020084,0018-06-15 13:20:00,18,6,15,13,20,370,208,A10,47.36122,0.71166,Plein jour,Hors agglomération,Hors intersection,Normale,Deux véhicules - côté,,,,,,,,,,,1,1,1,1.0,3.0
201800020085,0018-06-26 12:30:00,18,6,26,12,30,370,216,AUTOROUTE A 10 - SENS NO,47.15483,0.57741,Plein jour,Hors agglomération,Hors intersection,Normale,Trois véhicules et plus - collisions multiples,,,,,,,,,,,1,1,1,1.0,5.0
201800020086,0018-07-10 20:35:00,18,7,10,20,35,370,99,Autoroute A85,47.3023,0.54752,Plein jour,Hors agglomération,Autre intersection,Normale,Autre collision,,,,,,,,,,,1,1,9,1.0,6.0
201800020087,0018-08-11 09:20:00,18,8,11,9,20,370,141,autoroute A85,47.28526,1.05955,Plein jour,Hors agglomération,Hors intersection,Normale,Autre collision,,,,,,,,,,,1,1,1,1.0,6.0
201800020088,0018-08-12 21:30:00,18,8,12,21,30,370,99,A85,47.3023,0.54752,Nuit sans éclairage public,Hors agglomération,Hors intersection,Normale,Sans collision,,,,,,,,,,,3,1,1,1.0,7.0
201800020089,0018-07-19 15:30:00,18,7,19,15,30,370,100,A85,47.29369,1.11756,Plein jour,Hors agglomération,Hors intersection,Normale,Sans collision,,,,,,,,,,,1,1,1,1.0,7.0
201800020090,0018-11-09 10:33:00,18,11,9,10,33,370,142,A10,47.04994,0.58721,Plein jour,Hors agglomération,Hors intersection,Normale,Deux véhicules - arrière,,,,,,,,,,,1,1,1,1.0,2.0
201800020091,0018-12-21 06:30:00,18,12,21,6,30,370,261,A10 pk 207+900,47.3865,0.70891,Nuit avec éclairage allumé,Hors agglomération,Hors intersection,Pluie légère,Autre collision,,,,,,,,,,,5,1,1,2.0,6.0
201800020092,0018-04-02 16:30:00,18,4,2,16,30,210,559,D35,47.29583,4.81454,Plein jour,Hors agglomération,Hors intersection,Normale,Sans collision,,,,,,,,,,,1,1,1,1.0,7.0
201800020093,0018-06-09 00:55:00,18,6,9,0,55,210,478,D10,47.36789,4.84148,Nuit sans éclairage public,Hors agglomération,Hors intersection,Normale,Sans collision,,,,,,,,,,,3,1,1,1.0,7.0
201800020094,0018-01-17 20:30:00,18,1,17,20,30,830,130,4280 Chemin de Sauvebonn,43.16853,6.0725,Nuit sans éclairage public,Hors agglomération,Hors intersection,Vent fort / tempête,Sans collision,,,,,,,,,,,3,1,1,6.0,7.0
201800020095,0018-02-04 15:30:00,18,2,4,15,30,830,17,RD 554,43.24,5.99627,Plein jour,Hors agglomération,Hors intersection,Normale,Sans collision,,,,,,,,,,,1,1,1,1.0,7.0
201800020096,0018-02-07 18:45:00,18,2,7,18,45,830,54,635 chemin Alphonse Lava,43.15719,6.0457,Nuit avec éclairage allumé,Hors agglomération,Hors intersection,Normale,Deux véhicules - côté,,,,,,,,,,,5,1,1,1.0,3.0
201800020097,0018-03-08 15:45:00,18,3,8,15,45,830,54,637 CHEMIN Alphonse LAVA,43.15719,6.0457,Plein jour,Hors agglomération,Hors intersection,Normale,Deux véhicules - côté,,,,,,,,,,,1,1,1,1.0,3.0
201800020098,0018-03-23 11:30:00,18,3,23,11,30,830,130,D554,43.19624,6.03972,Plein jour,En agglomération,Hors intersection,Normale,Deux véhicules - frontale,,,,,,,,,,,1,2,1,1.0,1.0
201800020099,0018-04-19 20:55:00,18,4,19,20,55,830,131,avenue Casabianca,43.20933,6.02833,Nuit avec éclairage allumé,En agglomération,Autre intersection,Normale,Autre collision,,,,,,,,,,,5,2,9,1.0,6.0
201800020100,0018-04-22 14:00:00,18,4,22,14,0,830,54,D554 - Route de la Crau,43.1598,6.05494,Plein jour,Hors agglomération,Hors intersection,Normale,Deux véhicules - côté,,,,,,,,,,,1,1,1,1.0,3.0
201800020101,0018-06-15 21:55:00,18,6,15,21,55,830,54,Chemin Alphonse Lavallée,43.15719,6.0457,Nuit avec éclairage allumé,Hors agglomération,Hors intersection,Normale,Deux véhicules - côté,,,,,,,,,,,5,1,1,1.0,3.0
201800020102,0018-06-27 18:45:00,18,6,27,18,45,830,130,rond point Antoine PINAY,43.1812,6.07949,Plein jour,En agglomération,Giratoire,Temps éblouissant,Autre collision,,,,,,,,,,,1,2,6,7.0,6.0
201800020103,0018-07-25 13:50:00,18,7,25,13,50,830,54,rd 96,43.16161,6.04282,Plein jour,En agglomération,Autre intersection,Normale,Deux véhicules - côté,,,,,,,,,,,1,2,9,1.0,3.0
201800020104,0018-08-19 19:30:00,18,8,19,19,30,830,130,chemin de sauvebonne,43.17412,6.06989,Plein jour,Hors agglomération,Hors intersection,Normale,Deux véhicules - frontale,,,,,,,,,,,1,1,1,1.0,1.0
201800020105,0018-10-03 07:00:00,18,10,3,7,0,830,17,Rue de la République,43.24358,6.0011,Nuit avec éclairage allumé,En agglomération,Hors intersection,Normale,Autre collision,,,,,,,,,,,5,2,1,1.0,6.0
201800020106,0018-10-06 11:49:00,18,10,6,11,49,830,17,CD554,43.24617,5.99991,Plein jour,En agglomération,Autre intersection,Normale,Sans collision,,,,,,,,,,,1,2,9,1.0,7.0
201800020107,0018-12-09 06:10:00,18,12,9,6,10,830,132,983 le logis neuf,43.17933,6.04581,Nuit avec éclairage allumé,En agglomération,Hors intersection,Vent fort / tempête,Deux véhicules - arrière,,,,,,,,,,,5,2,1,6.0,2.0
201800020108,0018-02-13 14:20:00,18,2,13,14,20,870,107,RN147 LIEU-DIT LA CURE,45.9228,1.19918,Plein jour,Hors agglomération,Hors intersection,Neige / grêle,Deux véhicules - frontale,,,,,,,,,,,1,1,1,4.0,1.0
201800020109,0018-04-01 11:50:00,18,4,1,11,50,870,177,GRAND'RUE DES BOUCHATS,45.8123,1.07441,Plein jour,En agglomération,Hors intersection,Normale,Deux véhicules - frontale,,,,,,,,,,,1,2,1,1.0,1.0
201800020110,0018-05-16 16:45:00,18,5,16,16,45,870,152,D28,45.9529,1.21544,Plein jour,Hors agglomération,Hors intersection,Normale,Sans collision,,,,,,,,,,,1,1,1,1.0,7.0
201800020111,0018-07-14 15:45:00,18,7,14,15,45,870,185,LA MALAISE,45.9021,1.00024,Plein jour,Hors agglomération,Hors intersection,Normale,Autre collision,,,,,,,,,,,1,1,1,1.0,6.0
201800020112,0018-09-16 16:20:00,18,9,16,16,20,870,1,ROND-POINT D2000-D10,45.8006,1.10868,Plein jour,Hors agglomération,Giratoire,Temps éblouissant,Sans collision,,,,,,,,,,,1,1,6,7.0,7.0
201800020113,0018-09-20 22:10:00,18,9,20,22,10,870,202,ROUTE DÉPARTEMENTALE 9 -,45.9031,1.07788,Nuit sans éclairage public,Hors agglomération,Hors intersection,Normale,Autre collision,,,,,,,,,,,3,1,1,1.0,6.0
201800020114,0018-11-03 18:25:00,18,11,3,18,25,870,191,CLOS BARRIANT,45.7392,1.0367,Nuit sans éclairage public,Hors agglomération,Hors intersection,Normale,Autre collision,,,,,,,,,,,3,1,1,1.0,6.0
201800020115,0018-12-24 10:00:00,18,12,24,10,0,870,202,RD 101 LE MAS DE GLANE,45.941,1.08422,Plein jour,Hors agglomération,Hors intersection,Normale,Trois véhicules et plus - collisions multiples,,,,,,,,,,,1,1,1,1.0,5.0
201800020116,0018-03-02 20:00:00,18,3,2,20,0,202,9,route du roi Théodore,42.11291,9.53384,Nuit sans éclairage public,Hors agglomération,Hors intersection,Normale,Sans collision,,,,,,,,,,,3,1,1,1.0,7.0
201800020117,0018-05-22 12:15:00,18,5,22,12,15,202,9,RT 10,42.13096,9.51001,Plein jour,Hors agglomération,Hors intersection,Normale,Deux véhicules - côté,,,,,,,,,,,1,1,1,1.0,3.0
201800020118,0018-06-11 20:00:00,18,6,11,20,0,202,143,RT 10 - Bravone,42.2276,9.54357,Plein jour,Hors agglomération,Hors intersection,Normale,Autre collision,,,,,,,,,,,1,1,1,1.0,6.0
201800020119,0018-07-01 18:15:00,18,7,1,18,15,202,320,Canicioletto,42.15732,9.51533,Plein jour,Hors agglomération,Hors intersection,Normale,Autre collision,,,,,,,,,,,1,1,1,1.0,6.0
201800020120,0018-07-24 22:00:00,18,7,24,22,0,202,9,RT10 - lieudit Arboratel,42.09835,9.51497,Nuit sans éclairage public,Hors agglomération,Hors intersection,Normale,Deux véhicules - côté,,,,,,,,,,,3,1,1,1.0,3.0
201800020121,0018-08-03 12:50:00,18,8,3,12,50,202,320,RD 16,42.17139,9.47994,Plein jour,Hors agglomération,Hors intersection,Normale,Autre collision,,,,,,,,,,,1,1,1,1.0,6.0
201800020122,0018-08-26 18:00:00,18,8,26,18,0,202,143,Bravone,42.2032,9.53476,Plein jour,En agglomération,Intersection en T,Normale,Deux véhicules - arrière,,,,,,,,,,,1,2,3,1.0,2.0
201800020123,0018-08-29 12:34:00,18,8,29,12,34,202,9,Lieu-dit Catteragio,42.11523,9.51343,Plein jour,En agglomération,Hors intersection,Normale,Autre collision,,,,,,,,,,,1,2,1,1.0,6.0
201800020124,0018-10-07 18:30:00,18,10,7,18,30,202,9,route de Bonifacio,42.11147,9.51402,Nuit avec éclairage allumé,En agglomération,Hors intersection,Pluie légère,Autre collision,,,,,,,,,,,5,2,1,2.0,6.0
201800020125,0018-12-14 00:20:00,18,12,14,0,20,202,9,RT 10 - PK 95+000,42.09073,9.5085,Nuit sans éclairage public,Hors agglomération,Hors intersection,Pluie forte,Autre collision,,,,,,,,,,,3,1,1,3.0,6.0
201800020126,0018-02-22 05:50:00,18,2,22,5,50,470,34,LIEU DIT LA GRELE,44.4047,0.12478,Nuit sans éclairage public,Hors agglomération,Hors intersection,Normale,Deux véhicules - arrière,,,,,,,,,,,3,1,1,1.0,2.0
201800020127,0018-03-02 22:30:00,18,3,2,22,30,470,165,LIEU DIT BOUZON,44.5248,0.01994,Nuit sans éclairage public,Hors agglomération,Hors intersection,Normale,Autre collision,,,,,,,,,,,3,1,1,1.0,6.0
201800020128,0018-04-10 02:30:00,18,4,10,2,30,470,165,CAP DE BOSC,44.5138,0.02368,Nuit sans éclairage public,Hors agglomération,Hors intersection,Pluie légère,Autre collision,,,,,,,,,,,3,1,1,2.0,6.0
201800020129,0018-04-27 16:05:00,18,4,27,16,5,470,156,LIEU-DIT LES BERNÈS,44.4926,0.07222,Plein jour,Hors agglomération,Hors intersection,Normale,Autre collision,,,,,,,,,,,1,1,1,1.0,6.0
201800020130,0018-11-25 11:35:00,18,11,25,11,35,470,233,Carrefour RD 239 / VC15,44.54235,0.09381,Plein jour,Hors agglomération,Intersection en X,Normale,Deux véhicules - côté,,,,,,,,,,,1,1,2,1.0,3.0