accident_id,datetime,annee,mois,jour,heure,minute,departement,commune_insee,adresse,latitude,longitude,luminosite,agglomeration,intersection,meteo,collision,nb_vehicules,nb_usagers,nb_indemnes,nb_tues,nb_blesses_hosp,nb_blesses_legers,age_cond_1,age_cond_2,veh_type_cond_1,veh_type_cond_2,lum_code,agg_code,int_code,atm_code,col_code
201800020131,0018-12-05 10:35:00,18,12,5,10,35,470,233,Bordeneuve,44.54086,0.08887,Plein jour,Hors agglomération,Intersection en T,Normale,Trois véhicules et plus - en chaîne,,,,,,,,,,,1,1,3,1.0,4.0
201800020132,0018-12-11 07:50:00,18,12,11,7,50,470,165,Avenue de la fontaine d',44.52181,0.03259,Crépuscule ou aube,En agglomération,Intersection en X,Brouillard / fumée,Autre collision,,,,,,,,,,,2,2,2,5.0,6.0
201800020133,0018-12-12 17:50:00,18,12,12,17,50,470,233,RD 813 lieu dit Capdevil,44.52378,0.10865,Crépuscule ou aube,Hors agglomération,Intersection en T,Normale,Deux véhicules - côté,,,,,,,,,,,2,1,3,1.0,3.0
201800020134,0018-12-17 11:25:00,18,12,17,11,25,470,245,la boissière,44.61351,0.16002,Plein jour,Hors agglomération,Hors intersection,Temps éblouissant,Deux véhicules - frontale,,,,,,,,,,,1,1,1,7.0,1.0
201800020135,0018-05-04 16:40:00,18,5,4,16,40,230,90,,45.78597,2.00538,Plein jour,Hors agglomération,Hors intersection,Normale,Autre collision,,,,,,,,,,,1,1,1,1.0,6.0
201800020136,0018-05-05 00:50:00,18,5,5,0,50,230,79,les combes,45.91186,2.17344,Nuit sans éclairage public,Hors agglomération,Hors intersection,Normale,Autre collision,,,,,,,,,,,3,1,1,1.0,6.0
201800020137,0018-06-28 06:50:00,18,6,28,6,50,230,232,"LE COMPEIX, RD08",45.90777,1.8969,Plein jour,Hors agglomération,Hors intersection,Normale,Autre collision,,,,,,,,,,,1,1,1,1.0,6.0
201800020138,0018-06-30 19:45:00,18,6,30,19,45,230,227,RD 13 aux abords de l'in,45.8949,1.79059,Plein jour,Hors agglomération,Autre intersection,Temps éblouissant,Deux véhicules - frontale,,,,,,,,,,,1,1,9,7.0,1.0
201800020139,0018-08-06 05:45:00,18,8,6,5,45,230,134,Lieu-dit Rigole du Diabl,45.87444,1.93194,Crépuscule ou aube,Hors agglomération,Hors intersection,Normale,Autre collision,,,,,,,,,,,2,1,1,1.0,6.0
201800020140,0018-05-26 11:00:00,18,5,26,11,0,230,176,boulevard Jean Moulin,46.23355,1.48608,Plein jour,En agglomération,Hors intersection,Normale,Deux véhicules - frontale,,,,,,,,,,,1,2,1,1.0,1.0
201800020141,0018-06-08 17:40:00,18,6,8,17,40,230,75,D913,46.29888,1.67768,Plein jour,Hors agglomération,Giratoire,Normale,Deux véhicules - côté,,,,,,,,,,,1,1,6,1.0,3.0
201800020142,0018-08-08 17:55:00,18,8,8,17,55,230,219,RN145 PK+R3,46.21744,1.42701,Plein jour,Hors agglomération,Hors intersection,Normale,Autre collision,,,,,,,,,,,1,1,1,1.0,6.0
201800020143,0018-08-26 18:15:00,18,8,26,18,15,230,47,D4 - route de Fursac,46.1596,1.55279,Plein jour,Hors agglomération,Autre intersection,Normale,Sans collision,,,,,,,,,,,1,1,9,1.0,7.0
201800020144,0018-10-13 20:00:00,18,10,13,20,0,230,176,"intersection RD72, RD 95",46.23672,1.47581,Nuit sans éclairage public,Hors agglomération,Autre intersection,Normale,Deux véhicules - frontale,,,,,,,,,,,3,1,9,1.0,1.0
201800020145,0018-10-28 15:50:00,18,10,28,15,50,230,207,Le Bourg D951,46.28306,1.58734,Plein jour,En agglomération,Hors intersection,Pluie légère,Autre collision,,,,,,,,,,,1,2,1,2.0,6.0
201800020146,0018-10-31 18:15:00,18,10,31,18,15,230,176,Route de Dun Le Palestel,46.23672,1.47581,Nuit avec éclairage non allumé,En agglomération,Hors intersection,Pluie légère,Autre collision,,,,,,,,,,,4,2,1,2.0,6.0
201800020147,0018-11-16 18:15:00,18,11,16,18,15,230,75,Le Puy Brevier,46.28803,1.67012,Nuit avec éclairage allumé,Hors agglomération,Intersection en X,Normale,Deux véhicules - côté,,,,,,,,,,,5,1,2,1.0,3.0
201800020148,0018-12-01 00:30:00,18,12,1,0,30,230,65,Route de La Souterraine,46.29651,1.63536,Nuit sans éclairage public,Hors agglomération,Hors intersection,Pluie légère,Autre collision,,,,,,,,,,,3,1,1,2.0,6.0
201800020149,0018-02-17 19:55:00,18,2,17,19,55,500,439,RD 21,,,Nuit avec éclairage allumé,En agglomération,Hors intersection,Normale,Autre collision,,,,,,,,,,,5,2,1,1.0,6.0
201800020150,0018-02-17 23:55:00,18,2,17,23,55,500,592,,48.98127,-1.07839,Nuit sans éclairage public,Hors agglomération,Hors intersection,Normale,Autre collision,,,,,,,,,,,3,1,1,1.0,6.0
201800020151,0018-03-16 12:10:00,18,3,16,12,10,500,393,avenue du Général Bradle,48.91734,-1.19114,Plein jour,En agglomération,Hors intersection,Temps couvert,Autre collision,,,,,,,,,,,1,2,1,8.0,6.0
201800020152,0018-04-25 11:35:00,18,4,25,11,35,500,465,PR 65+320 RD999,49.08019,-1.12058,Plein jour,Hors agglomération,Hors intersection,Normale,Deux véhicules - frontale,,,,,,,,,,,1,1,1,1.0,1.0
201800020153,0018-06-04 09:53:00,18,6,4,9,53,500,214,D975,48.9264,-1.07698,Plein jour,Hors agglomération,Hors intersection,Pluie légère,Deux véhicules - frontale,,,,,,,,,,,1,1,1,2.0,1.0
201800020154,0018-08-05 11:25:00,18,8,5,11,25,500,393,le mesnil cocq,48.92147,-1.21332,Plein jour,Hors agglomération,Hors intersection,Normale,Deux véhicules - frontale,,,,,,,,,,,1,1,1,1.0,1.0
201800020155,0018-09-04 16:15:00,18,9,4,16,15,500,137,LE BIGNON,48.87292,-1.20101,Plein jour,Hors agglomération,Hors intersection,Normale,Deux véhicules - frontale,,,,,,,,,,,1,1,1,1.0,1.0
201800020156,0018-09-14 23:20:00,18,9,14,23,20,500,592,Le Nid de Loup,48.97386,-1.06443,Nuit sans éclairage public,Hors agglomération,Hors intersection,Normale,Deux véhicules - frontale,,,,,,,,,,,3,1,1,1.0,1.0
201800020157,0018-11-05 20:20:00,18,11,5,20,20,500,592,rue des anciennes halles,48.9734,-1.05905,Nuit sans éclairage public,En agglomération,Hors intersection,Normale,Autre collision,,,,,,,,,,,3,2,1,1.0,6.0
201800020158,0018-11-09 18:50:00,18,11,9,18,50,500,363,la vallequerie,48.99792,-1.14046,Nuit sans éclairage public,Hors agglomération,Intersection en T,Vent fort / tempête,Deux véhicules - frontale,,,,,,,,,,,3,1,3,6.0,1.0
201800020159,0018-11-12 18:15:00,18,11,12,18,15,500,465,rue du bas chemin,49.07258,-1.14214,Nuit sans éclairage public,Hors agglomération,Hors intersection,Normale,Deux véhicules - frontale,,,,,,,,,,,3,1,1,1.0,1.0
201800020160,0018-11-22 07:30:00,18,11,22,7,30,500,512,la rivière de haut,49.03264,-1.13776,Nuit sans éclairage public,Hors agglomération,Hors intersection,Normale,Autre collision,,,,,,,,,,,3,1,1,1.0,6.0
201800020161,0018-01-29 09:45:00,18,1,29,9,45,220,305,La Ville Es Michel,48.25808,-2.16588,Plein jour,Hors agglomération,Hors intersection,Normale,Autre collision,,,,,,,,,,,1,1,1,1.0,6.0
201800020162,0018-06-01 16:00:00,18,6,1,16,0,220,20,La ville Trema,48.29662,-2.22574,Plein jour,Hors agglomération,Intersection en T,Normale,Deux véhicules - côté,,,,,,,,,,,1,1,3,1.0,3.0
201800020163,0018-07-13 16:20:00,18,7,13,16,20,220,239,rue de Dinan - RD 64,48.36037,-2.10268,Plein jour,Hors agglomération,Hors intersection,Normale,Deux véhicules - frontale,,,,,,,,,,,1,1,1,1.0,1.0
201800020164,0018-07-21 00:15:00,18,7,21,0,15,220,84,la croix guillaume,48.42625,-2.30596,Nuit sans éclairage public,Hors agglomération,Intersection en Y,Normale,Deux véhicules - côté,,,,,,,,,,,3,1,4,1.0,3.0
201800020165,0018-08-09 14:20:00,18,8,9,14,20,220,32,LA BARRE rd 766,48.3071,-2.13576,Plein jour,Hors agglomération,Intersection en T,Normale,Deux véhicules - côté,,,,,,,,,,,1,1,3,1.0,3.0
201800020166,0018-09-09 16:15:00,18,9,9,16,15,220,341,RD 44 - la lande du moul,48.3993,-2.37879,Plein jour,Hors agglomération,Intersection en X,Normale,Deux véhicules - côté,,,,,,,,,,,1,1,2,1.0,3.0
201800020167,0018-10-20 15:45:00,18,10,20,15,45,220,84,D 106 - Bourg de LESCOUE,48.41209,-2.31026,Plein jour,En agglomération,Intersection en X,Normale,Deux véhicules - côté,,,,,,,,,,,1,2,2,1.0,3.0
201800020168,0018-11-05 13:30:00,18,11,5,13,30,220,337,lieu dit la croix verte,48.35818,-2.33691,Plein jour,Hors agglomération,Intersection en X,Normale,Deux véhicules - côté,,,,,,,,,,,1,1,2,1.0,3.0
201800020169,0018-11-27 15:50:00,18,11,27,15,50,220,185,Lieu dit Le cloitre,48.34576,-2.38811,Plein jour,Hors agglomération,Intersection en T,Pluie forte,Autre collision,,,,,,,,,,,1,1,3,3.0,6.0
201800020170,0018-11-28 08:30:00,18,11,28,8,30,220,84,LA TOURELLE,48.41604,-2.2998,Crépuscule ou aube,Hors agglomération,Intersection en Y,Temps couvert,Autre collision,,,,,,,,,,,2,1,4,8.0,6.0
201800020171,0018-03-26 14:45:00,18,3,26,14,45,300,67,D982,44.03772,4.54495,Plein jour,Hors agglomération,Hors intersection,Normale,Trois véhicules et plus - collisions multiples,,,,,,,,,,,1,1,1,1.0,5.0
201800020172,0018-04-13 03:00:00,18,4,13,3,0,300,262,D982,44.0309,4.49428,Nuit sans éclairage public,Hors agglomération,Hors intersection,Pluie légère,Autre collision,,,,,,,,,,,3,1,1,2.0,6.0
201800020173,0018-04-27 15:20:00,18,4,27,15,20,300,334,Rue Paul Cezanne,44.02616,4.41665,Plein jour,En agglomération,Intersection en Y,Normale,Deux véhicules - frontale,,,,,,,,,,,1,2,4,1.0,1.0
201800020174,0018-05-29 17:55:00,18,5,29,17,55,300,334,D 981 route de Nimes,44.32678,4.37398,Plein jour,Hors agglomération,Hors intersection,Normale,Deux véhicules - frontale,,,,,,,,,,,1,1,1,1.0,1.0
201800020175,0018-06-01 22:45:00,18,6,1,22,45,300,299,D979,44.0216,4.45154,Nuit sans éclairage public,Hors agglomération,Hors intersection,Normale,Autre collision,,,,,,,,,,,3,1,1,1.0,6.0
201800020176,0018-06-23 18:10:00,18,6,23,18,10,300,334,avenue Maxime Pascal,44.01579,4.42525,Plein jour,Hors agglomération,Hors intersection,Normale,Deux véhicules - côté,,,,,,,,,,,1,1,1,1.0,3.0
201800020177,0018-06-29 18:00:00,18,6,29,18,0,300,14,route départementale 120,43.99967,4.36484,Plein jour,Hors agglomération,Hors intersection,Temps éblouissant,Sans collision,,,,,,,,,,,1,1,1,7.0,7.0
201800020178,0018-07-07 10:00:00,18,7,7,10,0,300,338,départementale 6,44.12957,4.34368,Plein jour,En agglomération,Hors intersection,Temps éblouissant,Autre collision,,,,,,,,,,,1,2,1,7.0,6.0
201800020179,0018-07-10 02:50:00,18,7,10,2,50,300,151,"D6, PK 25+700",44.13301,4.40504,Nuit sans éclairage public,Hors agglomération,Hors intersection,Normale,Autre collision,,,,,,,,,,,3,1,1,1.0,6.0
201800020180,0018-07-11 07:30:00,18,7,11,7,30,300,30,D981 lieu-dit fontcouver,44.05598,4.27388,Plein jour,Hors agglomération,Hors intersection,Normale,Sans collision,,,,,,,,,,,1,1,1,1.0,7.0
201800020181,0018-07-21 01:25:00,18,7,21,1,25,300,14,D 982,44.00037,4.36874,Nuit sans éclairage public,En agglomération,Hors intersection,Pluie légère,Autre collision,,,,,,,,,,,3,2,1,2.0,6.0
201800020182,0018-07-20 12:43:00,18,7,20,12,43,300,334,D981,44.00601,4.41681,Plein jour,En agglomération,Hors intersection,Normale,Autre collision,,,,,,,,,,,1,2,1,1.0,6.0
201800020183,0018-08-13 08:45:00,18,8,13,8,45,300,113,D37 - D687,44.16943,4.31964,Plein jour,Hors agglomération,Intersection en X,Temps éblouissant,Deux véhicules - côté,,,,,,,,,,,1,1,2,7.0,3.0
201800020184,0018-08-23 17:40:00,18,8,23,17,40,300,174,"D979, montée de l'arnac",44.06332,4.39673,Plein jour,Hors agglomération,Hors intersection,Normale,Deux véhicules - côté,,,,,,,,,,,1,1,1,1.0,3.0
201800020185,0018-09-19 18:40:00,18,9,19,18,40,300,334,avenue de la libération,44.01169,4.41758,Plein jour,En agglomération,Hors intersection,Normale,Autre collision,,,,,,,,,,,1,2,1,1.0,6.0
201800020186,0018-09-21 10:35:00,18,9,21,10,35,300,41,D979,43.97009,4.39138,Plein jour,Hors agglomération,Hors intersection,Normale,Deux véhicules - côté,,,,,,,,,,,1,1,1,1.0,3.0
201800020187,0018-09-28 12:30:00,18,9,28,12,30,300,14,D982 pk 45,44.00037,4.36874,Plein jour,Hors agglomération,Hors intersection,Normale,Trois véhicules et plus - collisions multiples,,,,,,,,,,,1,1,1,1.0,5.0
201800020188,0018-11-09 07:00:00,18,11,9,7,0,300,308,CD 112,43.95862,4.41918,Crépuscule ou aube,Hors agglomération,Hors intersection,Pluie forte,Autre collision,,,,,,,,,,,2,1,1,3.0,6.0
201800020189,0018-11-09 17:00:00,18,11,9,17,0,300,282,D6,44.15064,4.50329,Crépuscule ou aube,Hors agglomération,Hors intersection,Pluie légère,Deux véhicules - frontale,,,,,,,,,,,2,1,1,2.0,1.0
201800020190,0018-11-27 15:00:00,18,11,27,15,0,300,343,Départementale 23,44.1887,4.48159,Plein jour,Hors agglomération,Hors intersection,Normale,Deux véhicules - frontale,,,,,,,,,,,1,1,1,1.0,1.0
201800020191,0018-12-16 15:20:00,18,12,16,15,20,300,174,d981,44.03273,4.36822,Plein jour,Hors agglomération,Hors intersection,Pluie légère,Autre collision,,,,,,,,,,,1,1,1,2.0,6.0
201800020192,0018-12-31 16:15:00,18,12,31,16,15,300,295,352 chemin du mas d'Aura,44.04418,4.42732,Plein jour,En agglomération,Hors intersection,Normale,Autre collision,,,,,,,,,,,1,2,1,1.0,6.0
201800020193,0018-02-19 15:10:00,18,2,19,15,10,300,202,2 avenue Gaston Doumergu,44.25473,4.64576,Plein jour,En agglomération,Intersection en T,Normale,Deux véhicules - côté,,,,,,,,,,,1,2,3,1.0,3.0
201800020194,0018-03-17 00:45:00,18,3,17,0,45,300,304,D141,44.25911,4.52485,Nuit sans éclairage public,Hors agglomération,Autre intersection,Normale,Autre collision,,,,,,,,,,,3,1,9,1.0,6.0
201800020195,0018-05-18 17:40:00,18,5,18,17,40,300,202,rue de la Liberté,44.25456,4.64874,Plein jour,En agglomération,Hors intersection,Temps éblouissant,Autre collision,,,,,,,,,,,1,2,1,7.0,6.0
201800020196,0018-05-31 11:40:00,18,5,31,11,40,300,202,route de Carsan,44.24635,4.6075,Plein jour,Hors agglomération,Hors intersection,Pluie légère,Autre collision,,,,,,,,,,,1,1,1,2.0,6.0
201800020197,0018-06-20 11:25:00,18,6,20,11,25,300,202,11 Boulevard Gambetta,44.25651,4.64754,Plein jour,En agglomération,Intersection en X,Normale,Deux véhicules - frontale,,,,,,,,,,,1,2,2,1.0,1.0
201800020198,0018-07-14 18:12:00,18,7,14,18,12,300,288,RN86,44.21313,4.63163,Plein jour,Hors agglomération,Hors intersection,Normale,Deux véhicules - frontale,,,,,,,,,,,1,1,1,1.0,1.0
201800020199,0018-07-16 16:30:00,18,7,16,16,30,300,226,Départementale 6086,44.22678,4.63361,Plein jour,Hors agglomération,Hors intersection,Temps éblouissant,Deux véhicules - frontale,,,,,,,,,,,1,1,1,7.0,1.0
201800020200,0018-07-22 01:00:00,18,7,22,1,0,300,290,route de barjac,44.2745,4.60282,Nuit sans éclairage public,Hors agglomération,Intersection en T,Normale,Deux véhicules - frontale,,,,,,,,,,,3,1,3,1.0,1.0
201800020201,0018-09-21 15:20:00,18,9,21,15,20,300,222,D166 Route de St Laurent,44.20312,4.52771,Plein jour,Hors agglomération,Hors intersection,Normale,Autre collision,,,,,,,,,,,1,1,1,1.0,6.0
201800020202,0018-11-16 18:00:00,18,11,16,18,0,300,288,RN86,44.20067,4.62633,Nuit sans éclairage public,Hors agglomération,Hors intersection,Normale,Trois véhicules et plus - en chaîne,,,,,,,,,,,3,1,1,1.0,4.0
201800020203,0018-12-01 06:15:00,18,12,1,6,15,300,256,RD 980 PK15+900,44.18857,4.55743,Nuit sans éclairage public,Hors agglomération,Hors intersection,Normale,Autre collision,,,,,,,,,,,3,1,1,1.0,6.0
201800020204,0018-01-22 15:45:00,18,1,22,15,45,300,221,N 6580,44.04042,4.72731,Plein jour,Hors agglomération,Autre intersection,Normale,Deux véhicules - arrière,,,,,,,,,,,1,1,9,1.0,2.0
201800020205,0018-01-31 12:20:00,18,1,31,12,20,300,217,ROUTE D'ORANGE,43.98288,4.70132,Plein jour,En agglomération,Autre intersection,Normale,Deux véhicules - arrière,,,,,,,,,,,1,2,9,1.0,2.0
201800020206,0018-04-01 08:50:00,18,4,1,8,50,300,209,Route départementale 658,43.99415,4.74088,Plein jour,Hors agglomération,Hors intersection,Normale,Deux véhicules - côté,,,,,,,,,,,1,1,1,1.0,3.0
201800020207,0018-05-22 16:20:00,18,5,22,16,20,300,315,RN100 - Quartier LARGNAC,43.94903,4.69842,Plein jour,Hors agglomération,Hors intersection,Pluie forte,Deux véhicules - frontale,,,,,,,,,,,1,1,1,3.0,1.0
201800020208,0018-07-07 18:55:00,18,7,7,18,55,300,315,RN 100,43.94482,4.69789,Plein jour,Hors agglomération,Hors intersection,Temps éblouissant,Deux véhicules - frontale,,,,,,,,,,,1,1,1,7.0,1.0
201800020209,0018-07-13 18:20:00,18,7,13,18,20,300,278,ROUTE NATIONALE 580,44.05348,4.70846,Plein jour,Hors agglomération,Intersection en X,Normale,Deux véhicules - côté,,,,,,,,,,,1,1,2,1.0,3.0
201800020210,0018-07-13 19:55:00,18,7,13,19,55,300,221,avenue de la gare,44.04961,4.77568,Plein jour,En agglomération,Intersection en T,Normale,Deux véhicules - côté,,,,,,,,,,,1,2,3,1.0,3.0
201800020211,0018-08-05 16:00:00,18,8,5,16,0,300,278,Départementale 580,44.05348,4.70846,Plein jour,Hors agglomération,Hors intersection,Normale,Sans collision,,,,,,,,,,,1,1,1,1.0,7.0
201800020212,0018-09-03 12:20:00,18,9,3,12,20,300,217,D111,43.96054,4.72091,Plein jour,En agglomération,Hors intersection,Normale,Deux véhicules - côté,,,,,,,,,,,1,2,1,1.0,3.0
201800020213,0018-09-24 21:00:00,18,9,24,21,0,300,315,Nationale 100,43.94886,4.6972,Nuit sans éclairage public,Hors agglomération,Hors intersection,Normale,Deux véhicules - côté,,,,,,,,,,,3,1,1,1.0,3.0
201800020214,0018-11-13 18:00:00,18,11,13,18,0,300,221,D6580,44.0283,4.73689,Nuit sans éclairage public,Hors agglomération,Intersection en T,Normale,Deux véhicules - côté,,,,,,,,,,,3,1,3,1.0,3.0
201800020215,0018-03-23 16:20:00,18,3,23,16,20,380,429,D1075 et D8A,44.86758,5.60574,Plein jour,Hors agglomération,Intersection en Y,Normale,Autre collision,,,,,,,,,,,1,1,4,1.0,6.0
201800020216,0018-05-05 12:30:00,18,5,5,12,30,380,456,Route,44.8385,5.79753,Plein jour,Hors agglomération,Hors intersection,Normale,Sans collision,,,,,,,,,,,1,1,1,1.0,7.0
201800020217,0018-05-14 12:20:00,18,5,14,12,20,380,208,chemin communal la Chaux,44.85352,5.67337,Plein jour,En agglomération,Hors intersection,Normale,Sans collision,,,,,,,,,,,1,2,1,1.0,7.0
201800020218,0018-05-29 07:00:00,18,5,29,7,0,380,438,D8,44.9431,5.61615,Plein jour,Hors agglomération,Hors intersection,Normale,Sans collision,,,,,,,,,,,1,1,1,1.0,7.0
201800020219,0018-06-10 15:22:00,18,6,10,15,22,380,204,RD 1075 PK153,44.73908,5.67773,Plein jour,Hors agglomération,Hors intersection,Normale,Sans collision,,,,,,,,,,,1,1,1,1.0,7.0
201800020220,0018-07-29 14:20:00,18,7,29,14,20,380,429,D8A,44.86947,5.576,Plein jour,Hors agglomération,Hors intersection,Normale,Autre collision,,,,,,,,,,,1,1,1,1.0,6.0
201800020221,0018-08-06 18:20:00,18,8,6,18,20,380,90,Chemin du Mas Roux,44.97602,5.5629,Plein jour,Hors agglomération,Hors intersection,Normale,Autre collision,,,,,,,,,,,1,1,1,1.0,6.0
201800020222,0018-08-09 17:40:00,18,8,9,17,40,380,419,D1075,44.84195,5.61809,Plein jour,Hors agglomération,Hors intersection,Pluie légère,Sans collision,,,,,,,,,,,1,1,1,2.0,7.0
201800020223,0018-09-08 18:50:00,18,9,8,18,50,380,342,D34,44.87435,5.64966,Plein jour,Hors agglomération,Hors intersection,Normale,Deux véhicules - côté,,,,,,,,,,,1,1,1,1.0,3.0
201800020224,0018-10-05 20:39:00,18,10,5,20,39,380,127,le hameau Villard Julien,44.85019,5.70746,Nuit sans éclairage public,En agglomération,Hors intersection,Normale,Autre collision,,,,,,,,,,,3,2,1,1.0,6.0
201800020225,0018-10-06 14:30:00,18,10,6,14,30,380,204,D1075,44.73405,5.68093,Plein jour,Hors agglomération,Hors intersection,Normale,Autre collision,,,,,,,,,,,1,1,1,1.0,6.0
201800020226,0018-10-09 20:50:00,18,10,9,20,50,380,342,RD1075,44.90733,5.62605,Nuit sans éclairage public,Hors agglomération,Giratoire,Normale,Autre collision,,,,,,,,,,,3,1,6,1.0,6.0
201800020227,0018-11-04 15:10:00,18,11,4,15,10,380,204,D1075,44.74642,5.67881,Plein jour,Hors agglomération,Hors intersection,Temps couvert,Sans collision,,,,,,,,,,,1,1,1,8.0,7.0
201800020228,0018-12-31 15:59:00,18,12,31,15,59,180,33,REPUBLIQUE (BOULEVARD DE,47.08833,2.39662,Plein jour,En agglomération,Hors intersection,Pluie légère,Autre collision,,,,,,,,,,,1,2,1,2.0,6.0
201800020229,0018-01-15 23:53:00,18,1,15,23,53,180,33,CHAPPE (CHAUSSEE DE),47.09385,2.42104,Nuit sans éclairage public,En agglomération,Hors intersection,Normale,Autre collision,,,,,,,,,,,3,2,1,1.0,6.0
201800020230,0018-02-12 11:30:00,18,2,12,11,30,180,33,RIMBAULT (RUE JACQUES),,,Plein jour,En agglomération,Intersection en X,Normale,Autre collision,,,,,,,,,,,1,2,2,1.0,6.0
201800020231,0018-02-16 07:20:00,18,2,16,7,20,180,267,SAINT-AMAND (ROUTE DE),47.01027,2.39237,Nuit sans éclairage public,Hors agglomération,Hors intersection,Normale,Deux véhicules - côté,,,,,,,,,,,3,1,1,1.0,3.0
201800020232,0018-04-06 18:30:00,18,4,6,18,30,180,33,MALRAUX (PLACE ANDRE),47.07943,2.39847,Plein jour,En agglomération,Giratoire,Normale,Autre collision,,,,,,,,,,,1,2,6,1.0,6.0
201800020233,0018-04-16 13:55:00,18,4,16,13,55,180,205,PRES LE ROI (AVENUE DES),47.09,2.39,Plein jour,En agglomération,Hors intersection,Normale,Autre collision,,,,,,,,,,,1,2,1,1.0,6.0
201800020234,0018-04-18 13:46:00,18,4,18,13,46,180,33,ORLEANS (AVENUE D'),47.08947,2.38473,Plein jour,En agglomération,Intersection en T,Normale,Deux véhicules - côté,,,,,,,,,,,1,2,3,1.0,3.0
201800020235,0018-04-27 16:30:00,18,4,27,16,30,180,33,BARBES (RUE),47.07649,2.38988,Plein jour,En agglomération,Autre intersection,Normale,Deux véhicules - côté,,,,,,,,,,,1,2,9,1.0,3.0
201800020236,0018-04-26 09:30:00,18,4,26,9,30,180,33,PORTE JAUNE (RUE DE LA),,,Plein jour,En agglomération,Intersection en T,Normale,Deux véhicules - côté,,,,,,,,,,,1,2,3,1.0,3.0
201800020237,0018-05-02 14:20:00,18,5,2,14,20,180,33,JAURES (AVENUE JEAN),47.0891,2.39318,Plein jour,En agglomération,Hors intersection,Normale,Deux véhicules - frontale,,,,,,,,,,,1,2,1,1.0,1.0
201800020238,0018-05-08 19:35:00,18,5,8,19,35,180,33,LATTRE DE TASSIGNY (AVEN,47.09931,2.41627,Plein jour,En agglomération,Hors intersection,Normale,Deux véhicules - arrière,,,,,,,,,,,1,2,1,1.0,2.0
201800020239,0018-05-13 01:00:00,18,5,13,1,0,180,33,DE GAULLE (AV DU GENERAL,47.10433,2.41008,Nuit avec éclairage allumé,En agglomération,Hors intersection,Pluie légère,Deux véhicules - arrière,,,,,,,,,,,5,2,1,2.0,2.0
201800020240,0018-05-31 03:00:00,18,5,31,3,0,180,33,AUTVAL (RUE ADELAIDE),47.09967,2.40177,Nuit avec éclairage allumé,En agglomération,Hors intersection,Normale,Autre collision,,,,,,,,,,,5,2,1,1.0,6.0
201800020241,0018-06-01 22:25:00,18,6,1,22,25,180,33,SERAUCOURT (RUE DE),47.07719,2.40023,Nuit avec éclairage allumé,En agglomération,Intersection en T,Normale,Deux véhicules - arrière,,,,,,,,,,,5,2,3,1.0,2.0
201800020242,0018-06-01 16:55:00,18,6,1,16,55,180,205,BERRY-BOUY (ROUTE DE),47.09472,2.35561,Plein jour,En agglomération,Intersection en T,Normale,Deux véhicules - côté,,,,,,,,,,,1,2,3,1.0,3.0
201800020243,0018-06-15 02:23:00,18,6,15,2,23,180,33,HERVET (RUE ALBERT),47.07354,2.35846,Nuit avec éclairage allumé,En agglomération,Hors intersection,Normale,Trois véhicules et plus - en chaîne,,,,,,,,,,,5,2,1,1.0,4.0
201800020244,0018-06-14 11:55:00,18,6,14,11,55,180,33,ROUSSEAU (RUE JEAN-JACQU,47.07923,2.38976,Plein jour,En agglomération,Autre intersection,Normale,Autre collision,,,,,,,,,,,1,2,9,1.0,6.0
201800020245,0018-06-25 09:30:00,18,6,25,9,30,180,33,RENAN (AVENUE ERNEST),47.08117,2.40751,Plein jour,En agglomération,Hors intersection,Normale,Autre collision,,,,,,,,,,,1,2,1,1.0,6.0
201800020246,0018-07-07 19:00:00,18,7,7,19,0,180,205,BERRY-BOUY (ROUTE DE),47.09297,2.38141,Plein jour,En agglomération,Hors intersection,Normale,Deux véhicules - frontale,,,,,,,,,,,1,2,1,1.0,1.0
201800020247,0018-07-14 15:25:00,18,7,14,15,25,180,213,SAINTE-SOLANGE (ROUTE DE,47.116,2.51037,Plein jour,Hors agglomération,Hors intersection,Normale,Autre collision,,,,,,,,,,,1,1,1,1.0,6.0
201800020248,0018-07-18 19:10:00,18,7,18,19,10,180,205,GAULLE (AVENUE DU GENERA,47.09669,2.37296,Plein jour,En agglomération,Hors intersection,Normale,Deux véhicules - arrière,,,,,,,,,,,1,2,1,1.0,2.0
201800020249,0018-07-23 15:31:00,18,7,23,15,31,180,33,RENAN (AVENUE ERNEST),48.86272,2.28759,Plein jour,En agglomération,Intersection en T,Temps éblouissant,Autre collision,,,,,,,,,,,1,2,3,7.0,6.0
201800020250,0018-07-22 14:10:00,18,7,22,14,10,180,33,LATTRE DE TASSIGNY (AVEN,47.1011,2.41454,Plein jour,En agglomération,Hors intersection,Normale,Autre collision,,,,,,,,,,,1,2,1,1.0,6.0
201800020251,0018-07-29 01:50:00,18,7,29,1,50,180,267,CABARET (AVENUE DU),47.01154,2.359,Nuit avec éclairage allumé,En agglomération,Hors intersection,Normale,Autre collision,,,,,,,,,,,5,2,1,1.0,6.0