accident_id,datetime,annee,mois,jour,heure,minute,departement,commune_insee,adresse,latitude,longitude,luminosite,agglomeration,intersection,meteo,collision,nb_vehicules,nb_usagers,nb_indemnes,nb_tues,nb_blesses_hosp,nb_blesses_legers,age_cond_1,age_cond_2,veh_type_cond_1,veh_type_cond_2,lum_code,agg_code,int_code,atm_code,col_code
201800020252,0018-08-08 04:40:00,18,8,8,4,40,180,33,SEMARD (AVENUE PIERRE),47.09387,2.39613,Nuit avec éclairage allumé,En agglomération,Hors intersection,Normale,Autre collision,,,,,,,,,,,5,2,1,1.0,6.0
201800020253,0018-08-19 23:57:00,18,8,19,23,57,180,33,RN 151,47.05204,2.34825,Nuit sans éclairage public,Hors agglomération,Hors intersection,Normale,Deux véhicules - arrière,,,,,,,,,,,3,1,1,1.0,2.0
201800020254,0018-08-21 00:09:00,18,8,21,0,9,180,205,REPUBLIQUE (AVENUE DE LA,47.09984,2.38073,Nuit avec éclairage allumé,En agglomération,Hors intersection,Normale,Autre collision,,,,,,,,,,,5,2,1,1.0,6.0
201800020255,0018-08-31 17:05:00,18,8,31,17,5,180,33,ROBINSON (AVENUE DE),47.07193,2.39384,Plein jour,En agglomération,Intersection en T,Normale,Trois véhicules et plus - collisions multiples,,,,,,,,,,,1,2,3,1.0,5.0
201800020256,0018-08-31 18:06:00,18,8,31,18,6,180,33,REPUBLIQUE (BD DE LA),47.08881,2.39594,Plein jour,En agglomération,Intersection en T,Normale,Deux véhicules - côté,,,,,,,,,,,1,2,3,1.0,3.0
201800020257,0018-09-16 01:05:00,18,9,16,1,5,180,33,PAIX (RUE DE LA),47.05673,2.3914,Nuit avec éclairage allumé,En agglomération,Intersection en X,Normale,Deux véhicules - côté,,,,,,,,,,,5,2,2,1.0,3.0
201800020258,0018-09-03 16:48:00,18,9,3,16,48,180,33,INDUSTRIE (BOULEVARD DE,47.07245,2.39688,Plein jour,En agglomération,Hors intersection,Normale,Deux véhicules - côté,,,,,,,,,,,1,2,1,1.0,3.0
201800020259,0018-09-19 18:40:00,18,9,19,18,40,180,213,GENERAL DE GAULLE (AVENU,47.09,2.47,Plein jour,En agglomération,Intersection en T,Normale,Deux véhicules - côté,,,,,,,,,,,1,2,3,1.0,3.0
201800020260,0018-09-25 18:00:00,18,9,25,18,0,180,33,LOUPS (RUE DE LA SENTE A,47.10145,2.39934,Plein jour,En agglomération,Hors intersection,Normale,Deux véhicules - frontale,,,,,,,,,,,1,2,1,1.0,1.0
201800020261,0018-10-30 15:05:00,18,10,30,15,5,180,33,BOUVREUILS (ALLEE DES),47.12044,2.39826,Plein jour,En agglomération,Autre intersection,Normale,Deux véhicules - frontale,,,,,,,,,,,1,2,9,1.0,1.0
201800020262,0018-11-01 03:10:00,18,11,1,3,10,180,33,DUN-SUR-AURON (AV DE),47.07122,2.41225,Nuit avec éclairage allumé,En agglomération,Hors intersection,Temps couvert,Trois véhicules et plus - en chaîne,,,,,,,,,,,5,2,1,8.0,4.0
201800020263,0018-11-02 13:30:00,18,11,2,13,30,180,33,PRES-LE-ROI (AVENUE DES),47.09381,2.39238,Plein jour,En agglomération,Intersection en T,Normale,Autre collision,,,,,,,,,,,1,2,3,1.0,6.0
201800020264,0018-11-02 16:40:00,18,11,2,16,40,180,213,CHARITE (ROUTE DE LA),47.95197,2.44196,Plein jour,En agglomération,Hors intersection,Normale,Autre collision,,,,,,,,,,,1,2,1,1.0,6.0
201800020265,0018-11-22 14:00:00,18,11,22,14,0,180,33,BERANGER (RUE),47.08095,2.38697,Plein jour,En agglomération,Intersection en T,Temps couvert,Deux véhicules - côté,,,,,,,,,,,1,2,3,8.0,3.0
201800020266,0018-10-05 12:10:00,18,10,5,12,10,180,33,RENAN (AVENUE ERNEST),47.08348,2.41802,Plein jour,En agglomération,Hors intersection,Normale,Trois véhicules et plus - en chaîne,,,,,,,,,,,1,2,1,1.0,4.0
201800020267,0018-12-05 18:28:00,18,12,5,18,28,180,33,BILLANT (RUE LOUIS),47.05538,2.31078,Nuit avec éclairage allumé,Hors agglomération,Hors intersection,Normale,Deux véhicules - côté,,,,,,,,,,,5,1,1,1.0,3.0
201800020268,0018-12-11 01:55:00,18,12,11,1,55,180,33,DUN-SUR-AURON (AVENUE DE,47.05114,2.43525,Nuit avec éclairage allumé,Hors agglomération,Hors intersection,Brouillard / fumée,Trois véhicules et plus - en chaîne,,,,,,,,,,,5,1,1,5.0,4.0
201800020269,0018-12-23 22:09:00,18,12,23,22,9,180,33,MERY-ES-BOIS (ROUTE DE),47.11762,2.40263,Nuit avec éclairage allumé,En agglomération,Intersection en T,Normale,Deux véhicules - frontale,,,,,,,,,,,5,2,3,1.0,1.0
201800020270,0018-04-27 06:40:00,18,4,27,6,40,410,270,lieu dit MONCHAUX,47.95365,1.42818,Nuit sans éclairage public,Hors agglomération,Hors intersection,Normale,Autre collision,,,,,,,,,,,3,1,1,1.0,6.0
201800020271,0018-05-22 09:00:00,18,5,22,9,0,410,105,RD 917,47.79145,1.5406,Plein jour,Hors agglomération,Hors intersection,Normale,Deux véhicules - frontale,,,,,,,,,,,1,1,1,1.0,1.0
201800020272,0018-05-25 23:20:00,18,5,25,23,20,410,123,route de beaugency,47.82065,1.39485,Nuit avec éclairage non allumé,En agglomération,Hors intersection,Temps couvert,Sans collision,,,,,,,,,,,4,2,1,8.0,7.0
201800020273,0018-06-18 15:10:00,18,6,18,15,10,410,221,intersection D110/D156,47.81521,1.37482,Plein jour,Hors agglomération,Hors intersection,Normale,Sans collision,,,,,,,,,,,1,1,1,1.0,7.0
201800020274,0018-09-16 20:00:00,18,9,16,20,0,410,273,RD924,47.85934,1.32013,Nuit sans éclairage public,Hors agglomération,Hors intersection,Normale,Autre collision,,,,,,,,,,,3,1,1,1.0,6.0
201800020275,0018-09-14 18:30:00,18,9,14,18,30,410,289,D25,47.88613,1.53131,Crépuscule ou aube,Hors agglomération,Hors intersection,Normale,Deux véhicules - côté,,,,,,,,,,,2,1,1,1.0,3.0
201800020276,0018-01-17 18:50:00,18,1,17,18,50,120,270,A75 PK 188+300 borne 122,44.34473,3.08663,Nuit sans éclairage public,Hors agglomération,Hors intersection,Normale,Deux véhicules - arrière,,,,,,,,,,,3,1,1,1.0,2.0
201800020277,0018-05-20 17:00:00,18,5,20,17,0,120,291,A75 - PR 204.700,44.21611,3.07191,Plein jour,Hors agglomération,Hors intersection,Pluie forte,Autre collision,,,,,,,,,,,1,1,1,3.0,6.0
201800020278,0018-08-11 06:55:00,18,8,11,6,55,120,77,A75,43.92717,3.23714,Plein jour,Hors agglomération,Hors intersection,Normale,Deux véhicules - arrière,,,,,,,,,,,1,1,1,1.0,2.0
201800020279,0018-08-14 08:30:00,18,8,14,8,30,120,47,A 75 pk 185+291,44.35854,3.11528,Plein jour,Hors agglomération,Hors intersection,Normale,Deux véhicules - côté,,,,,,,,,,,1,1,1,1.0,3.0
201800020280,0018-08-21 08:40:00,18,8,21,8,40,120,291,AUTOROUTE A 75 - PK 203.,44.35697,3.11265,Plein jour,Hors agglomération,Hors intersection,Normale,Sans collision,,,,,,,,,,,1,1,1,1.0,7.0
201800020281,0018-08-25 12:45:00,18,8,25,12,45,120,47,A75 PK 183+800 sens Nord,44.38633,3.11944,Plein jour,Hors agglomération,Hors intersection,Normale,Deux véhicules - arrière,,,,,,,,,,,1,1,1,1.0,2.0
201800020282,0018-08-26 08:10:00,18,8,26,8,10,120,291,A75 PK 202+500 dans le s,44.23304,3.0626,Plein jour,Hors agglomération,Hors intersection,Normale,Sans collision,,,,,,,,,,,1,1,1,1.0,7.0
201800020283,0018-08-28 17:25:00,18,8,28,17,25,120,291,A75 PR 208+300 sens N/S,44.18751,3.0548,Plein jour,Hors agglomération,Hors intersection,Normale,Sans collision,,,,,,,,,,,1,1,1,1.0,7.0
201800020284,0018-09-03 14:45:00,18,9,3,14,45,120,238,D911 PR 19+0240,44.22625,2.98804,Plein jour,Hors agglomération,Hors intersection,Normale,Trois véhicules et plus - collisions multiples,,,,,,,,,,,1,1,1,1.0,5.0
201800020285,0018-09-18 00:55:00,18,9,18,0,55,120,270,A75 PR 192+645 Sud-Nord,44.31732,3.09445,Nuit sans éclairage public,Hors agglomération,Hors intersection,Normale,Autre collision,,,,,,,,,,,3,1,1,1.0,6.0
201800020286,0018-11-14 16:15:00,18,11,14,16,15,120,270,autoroute A 75,44.34212,3.08481,Plein jour,Hors agglomération,Hors intersection,Normale,Deux véhicules - arrière,,,,,,,,,,,1,1,1,1.0,2.0
201800020287,0018-11-19 17:05:00,18,11,19,17,5,120,115,A 75,43.95502,3.21303,Crépuscule ou aube,Hors agglomération,Hors intersection,Temps couvert,Sans collision,,,,,,,,,,,2,1,1,8.0,7.0
201800020288,0018-05-26 04:00:00,18,5,26,4,0,580,300,A77 - PK 152+728,47.02245,3.1892,Nuit sans éclairage public,Hors agglomération,Hors intersection,Normale,Deux véhicules - arrière,,,,,,,,,,,3,1,1,1.0,2.0
201800020289,0018-07-04 17:00:00,18,7,4,17,0,580,238,A77 PK 158.100,46.98919,3.20621,Plein jour,Hors agglomération,Hors intersection,Normale,Sans collision,,,,,,,,,,,1,1,1,1.0,7.0
201800020290,0018-08-12 10:43:00,18,8,12,10,43,580,67,A 77,47.10504,3.07137,Plein jour,Hors agglomération,Hors intersection,Normale,Sans collision,,,,,,,,,,,1,1,1,1.0,7.0
201800020291,0018-09-01 11:50:00,18,9,1,11,50,580,295,A77 - PK 112+700,47.32263,2.93455,Plein jour,Hors agglomération,Hors intersection,Normale,Deux véhicules - arrière,,,,,,,,,,,1,1,1,1.0,2.0
201800020292,0018-09-04 16:20:00,18,9,4,16,20,580,295,A77 PK 111+500,47.32077,2.93568,Plein jour,Hors agglomération,Hors intersection,Normale,Deux véhicules - côté,,,,,,,,,,,1,1,1,1.0,3.0
201800020293,0018-09-11 15:05:00,18,9,11,15,5,580,164,A77,47.23435,2.99337,Plein jour,Hors agglomération,Autre intersection,Normale,Deux véhicules - frontale,,,,,,,,,,,1,1,9,1.0,1.0
201800020294,0018-09-18 09:15:00,18,9,18,9,15,580,86,A 77 PK 108+892 sens Nev,47.35036,2.92458,Plein jour,Hors agglomération,Hors intersection,Normale,Deux véhicules - arrière,,,,,,,,,,,1,1,1,1.0,2.0
201800020295,0018-10-31 19:15:00,18,10,31,19,15,580,207,A77 pr 143+550 sens PARI,47.08008,3.12267,Nuit sans éclairage public,Hors agglomération,Hors intersection,Vent fort / tempête,Trois véhicules et plus - en chaîne,,,,,,,,,,,3,1,1,6.0,4.0
201800020296,0018-12-16 18:20:00,18,12,16,18,20,580,51,RN 7,46.93845,3.15818,Nuit sans éclairage public,Hors agglomération,Hors intersection,Pluie légère,Autre collision,,,,,,,,,,,3,1,1,2.0,6.0
201800020297,0018-01-06 13:25:00,18,1,6,13,25,710,456,5 route de Chalon -Perri,46.81444,5.05831,Plein jour,En agglomération,Hors intersection,Normale,Sans collision,,,,,,,,,,,1,2,1,1.0,7.0
201800020298,0018-02-25 05:40:00,18,2,25,5,40,710,566,avenue du président borg,46.88985,5.0328,Nuit sans éclairage public,En agglomération,Hors intersection,Normale,Autre collision,,,,,,,,,,,3,2,1,1.0,6.0
201800020299,0018-05-16 14:00:00,18,5,16,14,0,710,2,"lieu-dit ""Villargeau""",46.74891,5.04388,Plein jour,Hors agglomération,Hors intersection,Pluie légère,Deux véhicules - frontale,,,,,,,,,,,1,1,1,2.0,1.0
201800020300,0018-05-21 15:00:00,18,5,21,15,0,710,189,RD 978 Route de Louhans,46.73405,4.92025,Plein jour,Hors agglomération,Hors intersection,Normale,Sans collision,,,,,,,,,,,1,1,1,1.0,7.0
201800020301,0018-06-15 15:10:00,18,6,15,15,10,710,189,Route de chalon,46.74373,4.91072,Plein jour,En agglomération,Intersection en T,Normale,Deux véhicules - frontale,,,,,,,,,,,1,2,3,1.0,1.0
201800020302,0018-06-30 17:25:00,18,6,30,17,25,710,2,Route de St germain,46.74993,5.02027,Plein jour,En agglomération,Intersection en X,Normale,Deux véhicules - côté,,,,,,,,,,,1,2,2,1.0,3.0
201800020303,0018-08-14 16:00:00,18,8,14,16,0,710,578,rd673,46.96224,5.18542,Plein jour,Hors agglomération,Hors intersection,Normale,Sans collision,,,,,,,,,,,1,1,1,1.0,7.0
201800020304,0018-08-29 19:15:00,18,8,29,19,15,710,336,27 rue bruchet,46.724,4.95158,Plein jour,En agglomération,Hors intersection,Normale,Autre collision,,,,,,,,,,,1,2,1,1.0,6.0
201800020305,0018-10-06 05:15:00,18,10,6,5,15,710,167,RD673 - PK12+124,46.83049,4.98518,Nuit sans éclairage public,Hors agglomération,Hors intersection,Normale,Deux véhicules - côté,,,,,,,,,,,3,1,1,1.0,3.0
201800020306,0018-10-15 07:35:00,18,10,15,7,35,710,189,Rue du bourg,46.7509,4.90081,Plein jour,En agglomération,Intersection en Y,Normale,Deux véhicules - côté,,,,,,,,,,,1,2,4,1.0,3.0
201800020307,0018-10-30 08:40:00,18,10,30,8,40,710,578,D673,46.95866,5.20067,Plein jour,Hors agglomération,Hors intersection,Pluie légère,Deux véhicules - frontale,,,,,,,,,,,1,1,1,2.0,1.0
201800020308,0018-10-31 21:00:00,18,10,31,21,0,710,570,RD 439,46.87851,4.97574,Nuit sans éclairage public,Hors agglomération,Hors intersection,Temps couvert,Sans collision,,,,,,,,,,,3,1,1,8.0,7.0
201800020309,0018-12-02 18:30:00,18,12,2,18,30,710,333,PR 2+700,46.77468,4.95289,Nuit sans éclairage public,Hors agglomération,Hors intersection,Pluie légère,Deux véhicules - frontale,,,,,,,,,,,3,1,1,2.0,1.0
201800020310,0018-12-27 23:05:00,18,12,27,23,5,710,566,AVENUE VALÉRY GISCARD D',46.89301,5.02331,Nuit avec éclairage allumé,En agglomération,Hors intersection,Normale,Autre collision,,,,,,,,,,,5,2,1,1.0,6.0
201800020311,0018-02-23 22:50:00,18,2,23,22,50,360,239,,46.46574,1.49713,Nuit sans éclairage public,Hors agglomération,Hors intersection,Normale,Deux véhicules - arrière,,,,,,,,,,,3,1,1,1.0,2.0
201800020312,0018-08-16 19:00:00,18,8,16,19,0,360,101,A20,46.71325,1.59434,Plein jour,Hors agglomération,Hors intersection,Normale,Deux véhicules - arrière,,,,,,,,,,,1,1,1,1.0,2.0
201800020313,0018-09-28 18:50:00,18,9,28,18,50,360,219,,46.64713,1.55653,Plein jour,Hors agglomération,Hors intersection,Normale,Deux véhicules - arrière,,,,,,,,,,,1,1,1,1.0,2.0
201800020314,0018-10-18 14:30:00,18,10,18,14,30,360,231,A20,46.7233,1.60309,Plein jour,Hors agglomération,Hors intersection,Normale,Trois véhicules et plus - en chaîne,,,,,,,,,,,1,1,1,1.0,4.0
201800020315,0018-10-18 14:45:00,18,10,18,14,45,360,231,,46.72661,1.60541,Plein jour,Hors agglomération,Hors intersection,Normale,Deux véhicules - arrière,,,,,,,,,,,1,1,1,1.0,2.0
201800020316,0018-10-18 14:00:00,18,10,18,14,0,360,231,,46.7265,1.60585,Plein jour,Hors agglomération,Hors intersection,Normale,Deux véhicules - arrière,,,,,,,,,,,1,1,1,1.0,2.0
201800020317,0018-11-11 02:50:00,18,11,11,2,50,360,33,,46.5267,1.51482,Nuit sans éclairage public,Hors agglomération,Hors intersection,Normale,Deux véhicules - côté,,,,,,,,,,,3,1,1,1.0,3.0
201800020318,0018-11-27 22:30:00,18,11,27,22,30,360,6,,46.57151,1.50037,Nuit sans éclairage public,Hors agglomération,Hors intersection,Pluie légère,Deux véhicules - frontale,,,,,,,,,,,3,1,1,2.0,1.0
201800020319,0018-12-05 15:30:00,18,12,5,15,30,360,101,,46.6958,1.58382,Plein jour,Hors agglomération,Hors intersection,Normale,Autre collision,,,,,,,,,,,1,1,1,1.0,6.0
201800020320,0018-12-20 15:50:00,18,12,20,15,50,360,150,,46.45661,1.49801,Plein jour,Hors agglomération,Hors intersection,Normale,Autre collision,,,,,,,,,,,1,1,1,1.0,6.0
201800020321,0018-03-24 12:00:00,18,3,24,12,0,430,191,,45.3575,3.2795,Plein jour,Hors agglomération,Hors intersection,Normale,Deux véhicules - arrière,,,,,,,,,,,1,1,1,1.0,2.0
201800020322,0018-03-31 04:05:00,18,3,31,4,5,150,207,A75 PK 080.800,45.14619,3.14314,Nuit sans éclairage public,Hors agglomération,Autre intersection,Normale,Autre collision,,,,,,,,,,,3,1,9,1.0,6.0
201800020323,0018-04-27 18:15:00,18,4,27,18,15,150,108,Autoroute A75 PK 110.300,44.93925,3.20107,Plein jour,Hors agglomération,Hors intersection,Normale,Autre collision,,,,,,,,,,,1,1,1,1.0,6.0
201800020324,0018-05-04 12:50:00,18,5,4,12,50,430,123,,45.3212,3.26186,Plein jour,Hors agglomération,Hors intersection,Normale,Deux véhicules - arrière,,,,,,,,,,,1,1,1,1.0,2.0
201800020325,0018-08-19 15:24:00,18,8,19,15,24,480,2,A 75 sens Nord/sud PK 11,44.88638,3.25135,Plein jour,Hors agglomération,Hors intersection,Normale,Autre collision,,,,,,,,,,,1,1,1,1.0,6.0
201800020326,0018-01-01 03:32:00,18,1,1,3,32,630,54,autoroute A75 sens n/s P,45.50841,3.26285,Nuit sans éclairage public,Hors agglomération,Hors intersection,Pluie légère,Autre collision,,,,,,,,,,,3,1,1,2.0,6.0
201800020327,0018-03-05 15:40:00,18,3,5,15,40,630,352,A75,45.46929,3.24923,Plein jour,Hors agglomération,Hors intersection,Normale,Sans collision,,,,,,,,,,,1,1,1,1.0,7.0
201800020328,0018-03-16 06:20:00,18,3,16,6,20,630,121,A 75 - PK 19+500 - Sens,,,Crépuscule ou aube,Hors agglomération,Hors intersection,Normale,Deux véhicules - arrière,,,,,,,,,,,2,1,1,1.0,2.0
201800020329,0018-04-14 09:55:00,18,4,14,9,55,630,352,Autoroute A75 - sens Nor,45.45867,3.26048,Plein jour,Hors agglomération,Hors intersection,Temps couvert,Autre collision,,,,,,,,,,,1,1,1,8.0,6.0
201800020330,0018-04-21 16:30:00,18,4,21,16,30,630,411,"autoroute A75, PK22+500",45.59969,3.21718,Plein jour,Hors agglomération,Hors intersection,Normale,Sans collision,,,,,,,,,,,1,1,1,1.0,7.0
201800020331,0018-04-25 17:30:00,18,4,25,17,30,630,54,Autoroute A 75 - 36-600,45.49091,3.24882,Plein jour,Hors agglomération,Hors intersection,Normale,Autre collision,,,,,,,,,,,1,1,1,1.0,6.0
201800020332,0018-08-01 19:00:00,18,8,1,19,0,630,121,A75 - PK 020+800 sens No,45.6109,3.21582,Plein jour,Hors agglomération,Hors intersection,Normale,Deux véhicules - arrière,,,,,,,,,,,1,1,1,1.0,2.0
201800020333,0018-08-25 09:45:00,18,8,25,9,45,630,54,Autoroute A75 - PK 038.0,45.48646,3.24694,Plein jour,Hors agglomération,Hors intersection,Normale,Trois véhicules et plus - en chaîne,,,,,,,,,,,1,1,1,1.0,4.0
201800020334,0018-08-25 17:20:00,18,8,25,17,20,630,242,Autoroute A75 - PK 048.0,45.4031,3.27376,Plein jour,Hors agglomération,Hors intersection,Normale,Trois véhicules et plus - en chaîne,,,,,,,,,,,1,1,1,1.0,4.0
201800020335,0018-12-21 16:35:00,18,12,21,16,35,630,91,A75 - PK 045+100 - Sens,45.42815,3.27271,Plein jour,Hors agglomération,Hors intersection,Normale,Autre collision,,,,,,,,,,,1,1,1,1.0,6.0
201800020336,0018-12-21 19:00:00,18,12,21,19,0,630,52,A75 - PK042+000 - Sens N,45.45485,3.26395,Nuit sans éclairage public,Hors agglomération,Hors intersection,Pluie légère,Deux véhicules - arrière,,,,,,,,,,,3,1,1,2.0,2.0
201800020337,0018-10-26 12:50:00,18,10,26,12,50,870,14,A20,46.0648,1.36105,Plein jour,Hors agglomération,Hors intersection,Normale,Deux véhicules - arrière,,,,,,,,,,,1,1,1,1.0,2.0
201800020338,0018-01-01 15:55:00,18,1,1,15,55,340,114,A 750  OPK 26+500,43.63087,3.5899,Plein jour,Hors agglomération,Hors intersection,Pluie légère,Autre collision,,,,,,,,,,,1,1,1,2.0,6.0
201800020339,0018-01-07 18:43:00,18,1,7,18,43,340,64,A75,43.86962,3.31185,Nuit sans éclairage public,Hors agglomération,Hors intersection,Pluie légère,Autre collision,,,,,,,,,,,3,1,1,2.0,6.0
201800020340,0018-01-02 19:30:00,18,1,2,19,30,340,142,A75,43.75374,3.32905,Nuit sans éclairage public,Hors agglomération,Hors intersection,Pluie légère,Autre collision,,,,,,,,,,,3,1,1,2.0,6.0
201800020341,0018-01-20 20:35:00,18,1,20,20,35,340,123,RN109,43.63263,3.76023,Nuit sans éclairage public,Hors agglomération,Hors intersection,Normale,Sans collision,,,,,,,,,,,3,1,1,1.0,7.0
201800020342,0018-02-04 12:10:00,18,2,4,12,10,340,114,Autoroute A750 PK 24+050,43.63033,3.59078,Plein jour,Hors agglomération,Hors intersection,Normale,Autre collision,,,,,,,,,,,1,1,1,1.0,6.0
201800020343,0018-02-21 16:30:00,18,2,21,16,30,340,254,autoroute A750 - PK35+84,43.65756,3.46613,Plein jour,Hors agglomération,Hors intersection,Normale,Autre collision,,,,,,,,,,,1,1,1,1.0,6.0
201800020344,0018-02-15 02:20:00,18,2,15,2,20,340,163,"A750, PK 13+100, sens Mo",43.63293,3.72802,Nuit sans éclairage public,Hors agglomération,Hors intersection,Pluie légère,Trois véhicules et plus - collisions multiples,,,,,,,,,,,3,1,1,2.0,5.0
201800020345,0018-03-24 03:35:00,18,3,24,3,35,340,163,A750 PK13,43.63037,3.71631,Nuit sans éclairage public,Hors agglomération,Hors intersection,Normale,Deux véhicules - arrière,,,,,,,,,,,3,1,1,1.0,2.0
201800020346,0018-04-09 18:05:00,18,4,9,18,5,340,123,RN109,43.61684,3.79661,Plein jour,Hors agglomération,Hors intersection,Normale,Deux véhicules - arrière,,,,,,,,,,,1,1,1,1.0,2.0
201800020347,0018-04-29 14:30:00,18,4,29,14,30,340,282,Autoroute A750,43.63287,3.7311,Plein jour,Hors agglomération,Hors intersection,Pluie forte,Deux véhicules - côté,,,,,,,,,,,1,1,1,3.0,3.0
201800020348,0018-07-11 09:40:00,18,7,11,9,40,340,180,Autoroute A75,43.59987,3.4621,Plein jour,Hors agglomération,Hors intersection,Normale,Autre collision,,,,,,,,,,,1,1,1,1.0,6.0
201800020349,0018-07-20 20:45:00,18,7,20,20,45,340,114,PK 30.500 A750,43.63886,3.57881,Crépuscule ou aube,Hors agglomération,Hors intersection,Pluie légère,Autre collision,,,,,,,,,,,2,1,1,2.0,6.0
201800020350,0018-08-05 21:45:00,18,8,5,21,45,340,36,A75 PK 285+100 (Bretelle,43.67809,3.40779,Nuit sans éclairage public,Hors agglomération,Autre intersection,Normale,Autre collision,,,,,,,,,,,3,1,9,1.0,6.0
201800020351,0018-08-06 14:30:00,18,8,6,14,30,340,199,AUTOROUTE A75 PK 314+060,43.45677,3.43166,Plein jour,Hors agglomération,Hors intersection,Normale,Autre collision,,,,,,,,,,,1,1,1,1.0,6.0
201800020352,0018-08-13 20:30:00,18,8,13,20,30,340,325,A75 PK 320+835,43.41264,3.37587,Nuit sans éclairage public,Hors agglomération,Hors intersection,Normale,Trois véhicules et plus - collisions multiples,,,,,,,,,,,3,1,1,1.0,5.0
201800020353,0018-08-17 15:30:00,18,8,17,15,30,340,239,A750 PK 035.400,43.65909,3.48539,Plein jour,Hors agglomération,Hors intersection,Vent fort / tempête,Sans collision,,,,,,,,,,,1,1,1,6.0,7.0
201800020354,0018-08-31 10:00:00,18,8,31,10,0,340,76,A75,43.65709,3.44576,Plein jour,Hors agglomération,Hors intersection,Normale,Autre collision,,,,,,,,,,,1,1,1,1.0,6.0
201800020355,0018-09-06 08:30:00,18,9,6,8,30,340,253,autoroute A75 - PK 260 +,43.83846,3.31024,Plein jour,Hors agglomération,Hors intersection,Normale,Autre collision,,,,,,,,,,,1,1,1,1.0,6.0
201800020356,0018-09-09 00:30:00,18,9,9,0,30,340,282,"A750, PK 17+500, vers Mi",43.62697,3.66614,Nuit sans éclairage public,Hors agglomération,Hors intersection,Normale,Autre collision,,,,,,,,,,,3,1,1,1.0,6.0
201800020357,0018-10-05 11:40:00,18,10,5,11,40,340,163,a750 pk 13+800,43.63037,3.71631,Plein jour,Hors agglomération,Hors intersection,Normale,Autre collision,,,,,,,,,,,1,1,1,1.0,6.0
201800020358,0018-11-06 08:30:00,18,11,6,8,30,340,114,A750 PK 30 + 000,43.65091,3.5401,Plein jour,Hors agglomération,Hors intersection,Temps couvert,Sans collision,,,,,,,,,,,1,1,1,8.0,7.0
201800020359,0018-11-08 09:55:00,18,11,8,9,55,340,142,A75,43.70829,3.32762,Plein jour,Hors agglomération,Hors intersection,Normale,Autre collision,,,,,,,,,,,1,1,1,1.0,6.0
201800020360,0018-11-09 14:50:00,18,11,9,14,50,340,114,A750 PK 30+570 sens 1,43.63872,3.57889,Plein jour,Hors agglomération,Hors intersection,Pluie légère,Autre collision,,,,,,,,,,,1,1,1,2.0,6.0
201800020361,0018-11-25 04:00:00,18,11,25,4,0,340,163,A750,43.63037,3.71631,Nuit sans éclairage public,Hors agglomération,Hors intersection,Normale,Autre collision,,,,,,,,,,,3,1,1,1.0,6.0
201800020362,0018-11-19 20:30:00,18,11,19,20,30,340,35,A750,43.62491,3.64111,Nuit sans éclairage public,Hors agglomération,Hors intersection,Pluie forte,Deux véhicules - arrière,,,,,,,,,,,3,1,1,3.0,2.0
201800020363,0018-11-26 20:10:00,18,11,26,20,10,340,123,RN 109 PR 08.800,43.62887,3.78091,Nuit sans éclairage public,Hors agglomération,Hors intersection,Normale,Trois véhicules et plus - collisions multiples,,,,,,,,,,,3,1,1,1.0,5.0
201800020364,0018-11-29 17:45:00,18,11,29,17,45,340,35,"Autoroute A/750, PK 21+8",43.62529,3.64456,Nuit sans éclairage public,Hors agglomération,Hors intersection,Normale,Trois véhicules et plus - collisions multiples,,,,,,,,,,,3,1,1,1.0,5.0
201800020365,0018-11-29 18:15:00,18,11,29,18,15,340,36,"A/75, PK 279+800, sens M",43.694,3.34321,Nuit sans éclairage public,Hors agglomération,Hors intersection,Normale,Autre collision,,,,,,,,,,,3,1,1,1.0,6.0
201800020366,0018-12-16 07:30:00,18,12,16,7,30,340,35,"A750, PK 21+592, sens MO",43.62385,3.63225,Nuit sans éclairage public,Hors agglomération,Hors intersection,Pluie légère,Autre collision,,,,,,,,,,,3,1,1,2.0,6.0
201800020367,0018-03-16 14:54:00,18,3,16,14,54,480,183,Autoroute A75 point kilo,44.65785,3.25587,Plein jour,Hors agglomération,Hors intersection,Neige / grêle,Deux véhicules - arrière,,,,,,,,,,,1,1,1,4.0,2.0
201800020368,0018-07-03 11:55:00,18,7,3,11,55,480,9,A75 CHAZE DE PEYRE,44.7235,3.28174,Plein jour,Hors agglomération,Hors intersection,Normale,Deux véhicules - arrière,,,,,,,,,,,1,1,1,1.0,2.0
201800020369,0018-07-18 06:25:00,18,7,18,6,25,480,5,A75 PK153+779,44.57523,3.24857,Plein jour,Hors agglomération,Hors intersection,Normale,Sans collision,,,,,,,,,,,1,1,1,1.0,7.0
201800020370,0018-08-05 10:45:00,18,8,5,10,45,480,9,A75 aire de l'Aubrac,44.74566,3.28748,Plein jour,Hors agglomération,Hors intersection,Normale,Autre collision,,,,,,,,,,,1,1,1,1.0,6.0
201800020371,0018-01-16 09:00:00,18,1,16,9,0,80,395,A34,49.7037,4.69705,Plein jour,Hors agglomération,Hors intersection,Neige / grêle,Autre collision,,,,,,,,,,,1,1,1,4.0,6.0