accident_id,datetime,annee,mois,jour,heure,minute,departement,commune_insee,adresse,latitude,longitude,luminosite,agglomeration,intersection,meteo,collision,nb_vehicules,nb_usagers,nb_indemnes,nb_tues,nb_blesses_hosp,nb_blesses_legers,age_cond_1,age_cond_2,veh_type_cond_1,veh_type_cond_2,lum_code,agg_code,int_code,atm_code,col_code
201800020372,0018-05-14 22:30:00,18,5,14,22,30,80,503,A34,49.67681,4.65858,Nuit sans éclairage public,Hors agglomération,Hors intersection,Pluie légère,Deux véhicules - arrière,,,,,,,,,,,3,1,1,2.0,2.0
201800020373,0018-08-07 00:06:00,18,8,7,0,6,80,402,Autoroute A34,49.59331,4.4983,Nuit sans éclairage public,Hors agglomération,Hors intersection,Normale,Trois véhicules et plus - collisions multiples,,,,,,,,,,,3,1,1,1.0,5.0
201800020374,0018-05-05 14:45:00,18,5,5,14,45,670,418,rue de Leutenheim,48.8255,8.00156,Plein jour,Hors agglomération,Hors intersection,Normale,Sans collision,,,,,,,,,,,1,1,1,1.0,7.0
201800020375,0018-05-26 02:00:00,18,5,26,2,0,670,407,RD 29,48.74957,7.90372,Nuit sans éclairage public,Hors agglomération,Hors intersection,Normale,Deux véhicules - frontale,,,,,,,,,,,3,1,1,1.0,1.0
201800020376,0018-06-28 15:00:00,18,6,28,15,0,670,472,Giratoire D 37 / D 1063,48.82188,7.95906,Plein jour,Hors agglomération,Giratoire,Normale,Sans collision,,,,,,,,,,,1,1,6,1.0,7.0
201800020377,0018-06-30 13:45:00,18,6,30,13,45,670,418,7 rue de Soufflenheim,48.82188,8.00637,Plein jour,En agglomération,Intersection en X,Normale,Deux véhicules - côté,,,,,,,,,,,1,2,2,1.0,3.0
201800020378,0018-09-18 12:20:00,18,9,18,12,20,670,106,105 rue du Général de G,48.76089,7.95166,Plein jour,En agglomération,Intersection en T,Normale,Deux véhicules - frontale,,,,,,,,,,,1,2,3,1.0,1.0
201800020379,0018-09-26 15:20:00,18,9,26,15,20,670,106,RUE DU GÉNÉRAL DE GAULLE,48.76172,7.95139,Plein jour,En agglomération,Hors intersection,Normale,Autre collision,,,,,,,,,,,1,2,1,1.0,6.0
201800020380,0018-10-09 13:45:00,18,10,9,13,45,670,472,RD37,48.8324,7.96295,Plein jour,Hors agglomération,Hors intersection,Normale,Deux véhicules - arrière,,,,,,,,,,,1,1,1,1.0,2.0
201800020381,0018-11-07 06:45:00,18,11,7,6,45,670,405,17 rue principale,48.82744,8.03571,Crépuscule ou aube,En agglomération,Intersection en X,Normale,Deux véhicules - frontale,,,,,,,,,,,2,2,2,1.0,1.0
201800020382,0018-11-27 10:00:00,18,11,27,10,0,670,106,rue beethoven,48.76171,7.95125,Plein jour,En agglomération,Intersection en X,Normale,Sans collision,,,,,,,,,,,1,2,2,1.0,7.0
201800020383,0018-12-02 17:30:00,18,12,2,17,30,670,472,GRAND RUE,48.82984,7.96438,Nuit avec éclairage allumé,En agglomération,Hors intersection,Pluie légère,Autre collision,,,,,,,,,,,5,2,1,2.0,6.0
201800020384,0018-12-12 16:00:00,18,12,12,16,0,670,106,1 rue du collège,48.76023,7.95446,Plein jour,En agglomération,Hors intersection,Normale,Autre collision,,,,,,,,,,,1,2,1,1.0,6.0
201800020385,0018-03-15 14:05:00,18,3,15,14,5,440,23,Calan,47.41178,-1.91388,Plein jour,Hors agglomération,Hors intersection,Pluie forte,Deux véhicules - côté,,,,,,,,,,,1,1,1,3.0,3.0
201800020386,0018-04-24 20:40:00,18,4,24,20,40,440,138,N137 - PR 58+110,47.5149,-1.63991,Crépuscule ou aube,Hors agglomération,Hors intersection,Normale,Sans collision,,,,,,,,,,,2,1,1,1.0,7.0
201800020387,0018-05-11 19:30:00,18,5,11,19,30,440,113,Bretelle RN.137 sortie R,47.57787,-1.62936,Plein jour,Hors agglomération,Autre intersection,Normale,Autre collision,,,,,,,,,,,1,1,9,1.0,6.0
201800020388,0018-05-27 02:30:00,18,5,27,2,30,440,209,rn 137,47.33156,-1.65251,Nuit sans éclairage public,Hors agglomération,Hors intersection,Normale,Sans collision,,,,,,,,,,,3,1,1,1.0,7.0
201800020389,0018-10-22 02:25:00,18,10,22,2,25,440,149,RN 137 PR053.000,47.492,-1.58157,Nuit sans éclairage public,Hors agglomération,Hors intersection,Normale,Sans collision,,,,,,,,,,,3,1,1,1.0,7.0
201800020390,0018-10-22 09:43:00,18,10,22,9,43,440,15,Lieu dit LA RABATELAIS,47.46135,-1.81294,Plein jour,Hors agglomération,Hors intersection,Normale,Deux véhicules - frontale,,,,,,,,,,,1,1,1,1.0,1.0
201800020391,0018-04-22 10:20:00,18,4,22,10,20,440,89,La grande noë,47.34333,-1.84193,Plein jour,Hors agglomération,Hors intersection,Normale,Sans collision,,,,,,,,,,,1,1,1,1.0,7.0
201800020392,0018-05-14 15:10:00,18,5,14,15,10,440,129,RN 165 PK 50+500,47.44286,-2.08025,Plein jour,Hors agglomération,Hors intersection,Normale,Sans collision,,,,,,,,,,,1,1,1,1.0,7.0
201800020393,0018-05-27 03:25:00,18,5,27,3,25,440,195,"RN 171, P.R 67+292",47.36932,-1.93596,Nuit sans éclairage public,Hors agglomération,Hors intersection,Normale,Deux véhicules - arrière,,,,,,,,,,,3,1,1,1.0,2.0
201800020394,0018-06-07 21:30:00,18,6,7,21,30,440,194,"N 165, PR 11+900, sens N",47.26047,-1.69896,Crépuscule ou aube,Hors agglomération,Hors intersection,Normale,Trois véhicules et plus - en chaîne,,,,,,,,,,,2,1,1,1.0,4.0
201800020395,0018-06-08 18:45:00,18,6,8,18,45,440,152,RN 165 - PR 47+600,47.43694,-2.07294,Plein jour,Hors agglomération,Hors intersection,Temps couvert,Trois véhicules et plus - collisions multiples,,,,,,,,,,,1,1,1,8.0,5.0
201800020396,0018-06-17 14:15:00,18,6,17,14,15,440,33,"N171, PR 68+200, sens NA",47.36281,-1.95794,Plein jour,Hors agglomération,Hors intersection,Normale,Deux véhicules - arrière,,,,,,,,,,,1,1,1,1.0,2.0
201800020397,0018-06-20 12:20:00,18,6,20,12,20,440,89,"RN 165, PR 25+800",47.34489,-1.85802,Plein jour,Hors agglomération,Hors intersection,Normale,Deux véhicules - arrière,,,,,,,,,,,1,1,1,1.0,2.0
201800020398,0018-07-08 20:20:00,18,7,8,20,20,440,89,RN 165 PR 29+200,47.34898,-1.87225,Plein jour,Hors agglomération,Hors intersection,Normale,Trois véhicules et plus - en chaîne,,,,,,,,,,,1,1,1,1.0,4.0
201800020399,0018-07-23 11:10:00,18,7,23,11,10,440,52,RD 773- Lieu dit Hélé,47.3763,-2.09694,Plein jour,Hors agglomération,Hors intersection,Normale,Deux véhicules - frontale,,,,,,,,,,,1,1,1,1.0,1.0
201800020400,0018-08-02 15:30:00,18,8,2,15,30,440,89,"RN 165, Point Routier 02",47.34132,-1.87094,Plein jour,Hors agglomération,Hors intersection,Normale,Autre collision,,,,,,,,,,,1,1,1,1.0,6.0
201800020401,0018-08-30 19:10:00,18,8,30,19,10,440,196,RD 773,47.54562,-2.05966,Plein jour,Hors agglomération,Hors intersection,Normale,Deux véhicules - frontale,,,,,,,,,,,1,1,1,1.0,1.0
201800020402,0018-09-14 15:20:00,18,9,14,15,20,440,217,N165 PK 16+100,47.30358,-1.759,Plein jour,Hors agglomération,Hors intersection,Normale,Deux véhicules - côté,,,,,,,,,,,1,1,1,1.0,3.0
201800020403,0018-10-12 18:50:00,18,10,12,18,50,440,137,rue de la croix blanche,47.36354,-2.0112,Plein jour,En agglomération,Intersection en X,Normale,Deux véhicules - frontale,,,,,,,,,,,1,2,2,1.0,1.0
201800020404,0018-10-15 04:45:00,18,10,15,4,45,440,52,"RN 171, PR 76+615, sens",47.34845,-2.07161,Nuit sans éclairage public,Hors agglomération,Hors intersection,Normale,Autre collision,,,,,,,,,,,3,1,1,1.0,6.0
201800020405,0018-10-19 17:45:00,18,10,19,17,45,440,189,"N 165, PR 53+240, sens V",47.45389,-2.13823,Plein jour,Hors agglomération,Hors intersection,Normale,Autre collision,,,,,,,,,,,1,1,1,1.0,6.0
201800020406,0018-11-24 02:50:00,18,11,24,2,50,440,89,Route nationale 165,47.34755,-1.86779,Nuit sans éclairage public,Hors agglomération,Hors intersection,Pluie légère,Autre collision,,,,,,,,,,,3,1,1,2.0,6.0
201800020407,0018-11-24 10:20:00,18,11,24,10,20,440,52,RN 171,47.34118,-2.09998,Plein jour,Hors agglomération,Hors intersection,Autre,Deux véhicules - arrière,,,,,,,,,,,1,1,1,9.0,2.0
201800020408,0018-11-30 12:05:00,18,11,30,12,5,440,217,"N 165, PR 18+100,",47.30045,-1.75407,Plein jour,Hors agglomération,Autre intersection,Normale,Trois véhicules et plus - en chaîne,,,,,,,,,,,1,1,9,1.0,4.0
201800020409,0018-11-30 20:06:00,18,11,30,20,6,440,210,RN 171,47.32124,-2.18953,Nuit sans éclairage public,Hors agglomération,Hors intersection,Normale,Deux véhicules - arrière,,,,,,,,,,,3,1,1,1.0,2.0
201800020410,0018-03-24 19:50:00,18,3,24,19,50,850,144,La Maison neuve,46.86431,-1.1277,Nuit sans éclairage public,Hors agglomération,Hors intersection,Normale,Deux véhicules - frontale,,,,,,,,,,,3,1,1,1.0,1.0
201800020411,0018-04-06 15:30:00,18,4,6,15,30,850,215,Rue des Mauges,46.85546,-1.17538,Plein jour,En agglomération,Hors intersection,Normale,Deux véhicules - arrière,,,,,,,,,,,1,2,1,1.0,2.0
201800020412,0018-04-17 18:30:00,18,4,17,18,30,850,153,Le Deffend,46.77236,-1.02739,Plein jour,Hors agglomération,Intersection en X,Normale,Deux véhicules - côté,,,,,,,,,,,1,1,2,1.0,3.0
201800020413,0018-06-25 08:35:00,18,6,25,8,35,850,153,Gravereau,46.75257,-1.09602,Plein jour,Hors agglomération,Hors intersection,Normale,Deux véhicules - frontale,,,,,,,,,,,1,1,1,1.0,1.0
201800020414,0018-06-25 07:45:00,18,6,25,7,45,850,259,ZA du Charfait,46.81288,-0.98595,Plein jour,Hors agglomération,Intersection en T,Normale,Deux véhicules - côté,,,,,,,,,,,1,1,3,1.0,3.0
201800020415,0018-07-03 07:55:00,18,7,3,7,55,850,65,,46.9048,-1.23638,Plein jour,Hors agglomération,Hors intersection,Normale,Deux véhicules - frontale,,,,,,,,,,,1,1,1,1.0,1.0
201800020416,0018-07-22 19:30:00,18,7,22,19,30,850,65,Carrefour D137 - D6,46.90127,-1.23093,Plein jour,Hors agglomération,Intersection en X,Temps éblouissant,Deux véhicules - côté,,,,,,,,,,,1,1,2,7.0,3.0
201800020417,0018-08-04 00:53:00,18,8,4,0,53,850,153,,46.795,-1.10354,Nuit sans éclairage public,Hors agglomération,Hors intersection,Normale,Deux véhicules - frontale,,,,,,,,,,,3,1,1,1.0,1.0
201800020418,0018-08-10 20:15:00,18,8,10,20,15,850,109,,46.84611,-1.02156,Plein jour,Hors agglomération,Hors intersection,Normale,Trois véhicules et plus - collisions multiples,,,,,,,,,,,1,1,1,1.0,5.0
201800020419,0018-08-19 23:30:00,18,8,19,23,30,850,65,LA PROMENADE,46.91451,-1.24206,Nuit sans éclairage public,Hors agglomération,Hors intersection,Normale,Autre collision,,,,,,,,,,,3,1,1,1.0,6.0
201800020420,0018-09-05 04:45:00,18,9,5,4,45,850,65,,46.9048,-1.23638,Nuit sans éclairage public,Hors agglomération,Hors intersection,Normale,Autre collision,,,,,,,,,,,3,1,1,1.0,6.0
201800020421,0018-09-21 08:45:00,18,9,21,8,45,850,109,Rue de Clisson,46.87389,-1.01936,Plein jour,En agglomération,Intersection en T,Temps couvert,Deux véhicules - côté,,,,,,,,,,,1,2,3,8.0,3.0
201800020422,0018-09-30 10:45:00,18,9,30,10,45,850,82,RUE DES EGLISES,46.88358,-0.89911,Plein jour,En agglomération,Hors intersection,Normale,Autre collision,,,,,,,,,,,1,2,1,1.0,6.0
201800020423,0018-11-11 12:00:00,18,11,11,12,0,850,64,Villeneuve,46.83073,-1.21084,Plein jour,Hors agglomération,Hors intersection,Pluie légère,Sans collision,,,,,,,,,,,1,1,1,2.0,7.0
201800020424,0018-11-20 18:40:00,18,11,20,18,40,850,109,Avenue des Sables,46.86734,-1.02543,Nuit avec éclairage allumé,En agglomération,Hors intersection,Normale,Autre collision,,,,,,,,,,,5,2,1,1.0,6.0
201800020425,0018-11-22 20:35:00,18,11,22,20,35,850,82,14 rue Pierre de Coubert,46.8812,-0.90558,Nuit avec éclairage allumé,En agglomération,Hors intersection,Normale,Autre collision,,,,,,,,,,,5,2,1,1.0,6.0
201800020426,0018-02-08 22:20:00,18,2,8,22,20,140,475,A84,49.115,-0.58693,Nuit sans éclairage public,Hors agglomération,Hors intersection,Normale,Deux véhicules - arrière,,,,,,,,,,,3,1,1,1.0,2.0
201800020427,0018-03-24 17:05:00,18,3,24,17,5,140,188,"A84, PR237.300",49.0504,-0.72129,Plein jour,Hors agglomération,Hors intersection,Normale,Autre collision,,,,,,,,,,,1,1,1,1.0,6.0
201800020428,0018-07-17 16:10:00,18,7,17,16,10,140,449,Autoroute A 84 PK 248.00,49.10749,-0.60257,Plein jour,Hors agglomération,Hors intersection,Normale,Trois véhicules et plus - en chaîne,,,,,,,,,,,1,1,1,1.0,4.0
201800020429,0018-09-02 18:20:00,18,9,2,18,20,140,752,échangeur 43 A84 interse,49.06729,-0.65872,Plein jour,Hors agglomération,Intersection en T,Normale,Deux véhicules - arrière,,,,,,,,,,,1,1,3,1.0,2.0
201800020430,0018-12-10 12:55:00,18,12,10,12,55,140,738,A84,49.16132,-0.45432,Plein jour,Hors agglomération,Hors intersection,Normale,Deux véhicules - arrière,,,,,,,,,,,1,1,1,1.0,2.0
201800020431,0018-12-15 08:10:00,18,12,15,8,10,140,752,A84 - PR244.670,49.07823,-0.6412,Crépuscule ou aube,Hors agglomération,Hors intersection,Autre,Autre collision,,,,,,,,,,,2,1,1,9.0,6.0
201800020432,0018-02-10 06:20:00,18,2,10,6,20,500,112,"A84, PR 180+700",48.76379,-1.27796,Nuit sans éclairage public,Hors agglomération,Hors intersection,Normale,Autre collision,,,,,,,,,,,3,1,1,1.0,6.0
201800020433,0018-04-23 10:30:00,18,4,23,10,30,500,185,"A84, sens CAEN-RENNES, P",48.84946,-1.2402,Plein jour,Hors agglomération,Hors intersection,Normale,Deux véhicules - côté,,,,,,,,,,,1,1,1,1.0,3.0
201800020434,0018-04-26 11:45:00,18,4,26,11,45,500,543,,48.64015,-1.34159,Plein jour,Hors agglomération,Hors intersection,Normale,Autre collision,,,,,,,,,,,1,1,1,1.0,6.0
201800020435,0018-05-06 15:00:00,18,5,6,15,0,500,25,"PR 042+400, RN 175",48.68962,-1.36859,Plein jour,Hors agglomération,Hors intersection,Normale,Autre collision,,,,,,,,,,,1,1,1,1.0,6.0
201800020436,0018-06-28 16:20:00,18,6,28,16,20,500,639,,,,Plein jour,Hors agglomération,Hors intersection,Normale,Autre collision,,,,,,,,,,,1,1,1,1.0,6.0
201800020437,0018-08-29 08:42:00,18,8,29,8,42,500,554,RUE JEANNE PAISNEL,48.68165,-1.32463,Plein jour,Hors agglomération,Intersection en X,Normale,Deux véhicules - côté,,,,,,,,,,,1,1,2,1.0,3.0
201800020438,0018-09-04 10:30:00,18,9,4,10,30,500,448,aire du mont st michel,48.58426,-1.32843,Plein jour,Hors agglomération,Hors intersection,Normale,Autre collision,,,,,,,,,,,1,1,1,1.0,6.0
201800020439,0018-12-21 23:50:00,18,12,21,23,50,500,407,autoroute A84,48.62777,-1.33991,Nuit sans éclairage public,Hors agglomération,Hors intersection,Normale,Deux véhicules - arrière,,,,,,,,,,,3,1,1,1.0,2.0
201800020440,0018-01-19 09:20:00,18,1,19,9,20,500,615,RN 13 PR 40+1000 Sens CH,49.5135,-1.4756,Plein jour,Hors agglomération,Hors intersection,Normale,Autre collision,,,,,,,,,,,1,1,1,1.0,6.0
201800020441,0018-02-08 11:10:00,18,2,8,11,10,500,458,N13,49.33734,-1.26565,Plein jour,Hors agglomération,Hors intersection,Normale,Autre collision,,,,,,,,,,,1,1,1,1.0,6.0
201800020442,0018-02-08 17:13:00,18,2,8,17,13,500,498,N13,49.53055,-1.5216,Plein jour,Hors agglomération,Intersection en Y,Normale,Deux véhicules - arrière,,,,,,,,,,,1,1,4,1.0,2.0
201800020443,0018-02-15 09:30:00,18,2,15,9,30,500,631,Route Nationale 13,49.304,-1.15518,Plein jour,Hors agglomération,Hors intersection,Normale,Deux véhicules - arrière,,,,,,,,,,,1,1,1,1.0,2.0
201800020444,0018-03-29 21:45:00,18,3,29,21,45,500,498,,49.53014,-1.52549,Nuit sans éclairage public,Hors agglomération,Autre intersection,Pluie légère,Deux véhicules - côté,,,,,,,,,,,3,1,9,2.0,3.0
201800020445,0018-04-28 13:25:00,18,4,28,13,25,500,615,RN 13 PK 39+800 SENS CHE,49.51462,-1.4956,Plein jour,Hors agglomération,Hors intersection,Pluie légère,Deux véhicules - côté,,,,,,,,,,,1,1,1,2.0,3.0
201800020446,0018-05-09 19:05:00,18,5,9,19,5,500,99,n13,49.34702,-1.27534,Plein jour,Hors agglomération,Hors intersection,Normale,Deux véhicules - arrière,,,,,,,,,,,1,1,1,1.0,2.0
201800020447,0018-05-17 10:22:00,18,5,17,10,22,500,498,D974- LE BOURG,49.53454,-1.53081,Plein jour,En agglomération,Intersection en Y,Normale,Autre collision,,,,,,,,,,,1,2,4,1.0,6.0
201800020448,0018-06-09 01:50:00,18,6,9,1,50,500,59,RN 13 Pk 16+500 sens Che,49.37097,-1.29086,Nuit sans éclairage public,Hors agglomération,Hors intersection,Normale,Sans collision,,,,,,,,,,,3,1,1,1.0,7.0
201800020449,0018-07-17 07:30:00,18,7,17,7,30,500,341,RN 13 Pk 31.5 Sens Cherb,49.48459,-1.39431,Plein jour,Hors agglomération,Hors intersection,Normale,Autre collision,,,,,,,,,,,1,1,1,1.0,6.0
201800020450,0018-09-03 08:25:00,18,9,3,8,25,500,172,"RN 13, PR28+700",49.46368,-1.35881,Plein jour,Hors agglomération,Hors intersection,Normale,Autre collision,,,,,,,,,,,1,1,1,1.0,6.0
201800020451,0018-09-18 22:25:00,18,9,18,22,25,500,373,,49.42401,-1.32925,Nuit sans éclairage public,Hors agglomération,Autre intersection,Normale,Deux véhicules - frontale,,,,,,,,,,,3,1,9,1.0,1.0
201800020452,0018-10-10 16:40:00,18,10,10,16,40,500,373,,49.42606,-1.33096,Plein jour,Hors agglomération,Autre intersection,Normale,Autre collision,,,,,,,,,,,1,1,9,1.0,6.0
201800020453,0018-11-02 14:45:00,18,11,2,14,45,500,461,Route Nationale 13 PR 33,49.49301,-1.4103,Plein jour,Hors agglomération,Autre intersection,Normale,Deux véhicules - arrière,,,,,,,,,,,1,1,9,1.0,2.0
201800020454,0018-11-03 18:00:00,18,11,3,18,0,500,59,SENS CHERBOURG CAEN,49.37204,-1.28518,Nuit sans éclairage public,Hors agglomération,Hors intersection,Normale,Autre collision,,,,,,,,,,,3,1,1,1.0,6.0
201800020455,0018-12-01 02:30:00,18,12,1,2,30,500,498,RN.13,49.52499,-1.50895,Nuit sans éclairage public,Hors agglomération,Hors intersection,Temps couvert,Autre collision,,,,,,,,,,,3,1,1,8.0,6.0
201800020456,0018-02-23 17:10:00,18,2,23,17,10,180,279,CD 926,47.24393,2.08425,Plein jour,En agglomération,Intersection en X,Temps couvert,Deux véhicules - côté,,,,,,,,,,,1,2,2,8.0,3.0
201800020457,0018-03-18 01:05:00,18,3,18,1,5,180,279,"13, LABOURBE (AVANT RTE",47.23168,2.06007,Nuit avec éclairage allumé,En agglomération,Hors intersection,Normale,Autre collision,,,,,,,,,,,5,2,1,1.0,6.0
201800020458,0018-03-27 17:40:00,18,3,27,17,40,180,279,"138, VAILLANT (AVENUE ED",47.24013,2.06082,Plein jour,En agglomération,Intersection en T,Pluie légère,Deux véhicules - côté,,,,,,,,,,,1,2,3,2.0,3.0
201800020459,0018-04-27 14:00:00,18,4,27,14,0,180,279,HUIT MAI 1945 (RUE DU (J,47.22732,2.07591,Plein jour,En agglomération,Intersection en T,Normale,Deux véhicules - côté,,,,,,,,,,,1,2,3,1.0,3.0
201800020460,0018-04-29 13:35:00,18,4,29,13,35,180,279,MITTERRAND ( RUE FRANCOI,47.2222,2.06172,Plein jour,En agglomération,Intersection en Y,Pluie légère,Deux véhicules - frontale,,,,,,,,,,,1,2,4,2.0,1.0
201800020461,0018-05-22 22:50:00,18,5,22,22,50,180,279,PYAT (RUE .F) (AVANT CAR,47.22773,2.08467,Nuit avec éclairage allumé,En agglomération,Hors intersection,Normale,Deux véhicules - arrière,,,,,,,,,,,5,2,1,1.0,2.0
201800020462,0018-06-07 13:40:00,18,6,7,13,40,180,279,MOUTON (RUE DU ),47.23031,2.08706,Plein jour,En agglomération,Intersection en X,Normale,Deux véhicules - côté,,,,,,,,,,,1,2,2,1.0,3.0
201800020463,0018-06-14 13:30:00,18,6,14,13,30,180,279,VAILLANT (AVENUE EDOUARD,47.23188,2.06124,Plein jour,En agglomération,Hors intersection,Normale,Sans collision,,,,,,,,,,,1,2,1,1.0,7.0
201800020464,0018-06-27 12:05:00,18,6,27,12,5,180,279,JUILLET (AVENUE DU 14),47.21463,2.06449,Plein jour,En agglomération,Intersection en T,Normale,Trois véhicules et plus - en chaîne,,,,,,,,,,,1,2,3,1.0,4.0
201800020465,0018-08-03 20:35:00,18,8,3,20,35,180,279,BONEGUE (ROUTE DE) APRES,47.24533,2.07615,Crépuscule ou aube,En agglomération,Giratoire,Normale,Deux véhicules - arrière,,,,,,,,,,,2,2,6,1.0,2.0
201800020466,0018-08-04 20:24:00,18,8,4,20,24,180,279,VOLTAIRE ( RUE ),47.22156,2.06774,Plein jour,En agglomération,Hors intersection,Normale,Autre collision,,,,,,,,,,,1,2,1,1.0,6.0
201800020467,0018-08-21 09:30:00,18,8,21,9,30,180,279,DE LATTRE DE TASSIGNY (A,,,Plein jour,En agglomération,Hors intersection,Normale,Autre collision,,,,,,,,,,,1,2,1,1.0,6.0
201800020468,0018-08-15 20:15:00,18,8,15,20,15,180,279,BELLON (ROUTE DE) JUSQU',47.21446,2.06949,Plein jour,En agglomération,Hors intersection,Temps éblouissant,Deux véhicules - côté,,,,,,,,,,,1,2,1,7.0,3.0
201800020469,0018-08-28 17:10:00,18,8,28,17,10,180,279,FORET DE VIERZON ROUTE D,,,Plein jour,Hors agglomération,Hors intersection,Normale,Sans collision,,,,,,,,,,,1,1,1,1.0,7.0
201800020470,0018-09-12 19:35:00,18,9,12,19,35,180,279,POTTIER ( RUE EUGENE ),47.21876,2.0992,Plein jour,En agglomération,Intersection en Y,Normale,Deux véhicules - côté,,,,,,,,,,,1,2,4,1.0,3.0
201800020471,0018-10-09 16:20:00,18,10,9,16,20,180,279,MITTERRAND ( RUE FRANCOI,47.22,2.06,Plein jour,En agglomération,Giratoire,Normale,Deux véhicules - côté,,,,,,,,,,,1,2,6,1.0,3.0
201800020472,0018-11-09 11:45:00,18,11,9,11,45,180,279,RATEAU (ROUTE DU PETIT),47.23427,2.04644,Plein jour,En agglomération,Intersection en T,Normale,Deux véhicules - frontale,,,,,,,,,,,1,2,3,1.0,1.0
201800020473,0018-11-18 14:29:00,18,11,18,14,29,180,279,RN 76 (ROUTE DE BOURGES),47.21429,2.11689,Plein jour,En agglomération,Giratoire,Normale,Autre collision,,,,,,,,,,,1,2,6,1.0,6.0
201800020474,0018-11-28 19:00:00,18,11,28,19,0,180,279,VIEUX DOMAINE (ROUTE DU),47.21039,2.09626,Crépuscule ou aube,En agglomération,Hors intersection,Normale,Deux véhicules - frontale,,,,,,,,,,,2,2,1,1.0,1.0
201800020475,0018-12-13 08:15:00,18,12,13,8,15,180,279,LIBERTE (BOULEVARD DE LA,47.22733,2.06416,Crépuscule ou aube,En agglomération,Intersection en X,Normale,Deux véhicules - côté,,,,,,,,,,,2,2,2,1.0,3.0
201800020476,0018-12-19 18:10:00,18,12,19,18,10,180,279,RIPARIA ( RUE ),47.21477,2.0604,Nuit avec éclairage allumé,En agglomération,Hors intersection,Normale,Autre collision,,,,,,,,,,,5,2,1,1.0,6.0
201800020477,0018-01-26 18:00:00,18,1,26,18,0,440,113,lieu dit l'avenir,47.58719,-1.60234,Nuit sans éclairage public,Hors agglomération,Hors intersection,Normale,Deux véhicules - frontale,,,,,,,,,,,3,1,1,1.0,1.0
201800020478,0018-03-17 08:40:00,18,3,17,8,40,440,214,lieu-dit la rivière,47.51306,-1.73534,Plein jour,Hors agglomération,Hors intersection,Pluie légère,Sans collision,,,,,,,,,,,1,1,1,2.0,7.0
201800020479,0018-04-06 14:35:00,18,4,6,14,35,440,138,LE BOUILLON JAUNE,47.51658,-1.63732,Plein jour,Hors agglomération,Hors intersection,Normale,Autre collision,,,,,,,,,,,1,1,1,1.0,6.0
201800020480,0018-04-25 21:40:00,18,4,25,21,40,440,214,BOURRUEN,47.54624,-1.69012,Nuit sans éclairage public,Hors agglomération,Hors intersection,Normale,Autre collision,,,,,,,,,,,3,1,1,1.0,6.0
201800020481,0018-08-06 18:00:00,18,8,6,18,0,440,138,le moulin à vent Rd 121,47.5281,-1.58884,Plein jour,Hors agglomération,Intersection en Y,Normale,Deux véhicules - arrière,,,,,,,,,,,1,1,4,1.0,2.0
201800020482,0018-09-27 03:00:00,18,9,27,3,0,440,1,14 rue des écoles,47.54984,-1.53205,Nuit avec éclairage allumé,En agglomération,Hors intersection,Normale,Deux véhicules - frontale,,,,,,,,,,,5,2,1,1.0,1.0
201800020483,0018-10-12 12:20:00,18,10,12,12,20,440,214,D2 Km39,47.5544,-1.7075,Plein jour,Hors agglomération,Hors intersection,Normale,Deux véhicules - frontale,,,,,,,,,,,1,1,1,1.0,1.0
201800020484,0018-10-25 00:20:00,18,10,25,0,20,440,113,La Chenuhétière,47.57518,-1.61385,Nuit sans éclairage public,En agglomération,Hors intersection,Brouillard / fumée,Deux véhicules - frontale,,,,,,,,,,,3,2,1,5.0,1.0
201800020485,0018-12-08 08:30:00,18,12,8,8,30,440,113,boulevard de la pré Robe,47.56557,-1.63055,Crépuscule ou aube,En agglomération,Intersection en T,Pluie légère,Deux véhicules - côté,,,,,,,,,,,2,2,3,2.0,3.0
201800020486,0018-01-08 18:20:00,18,1,8,18,20,720,58,23 route de l'Epau,47.99046,0.2406,Nuit sans éclairage public,En agglomération,Hors intersection,Normale,Deux véhicules - côté,,,,,,,,,,,3,2,1,1.0,3.0
201800020487,0018-02-09 19:25:00,18,2,9,19,25,720,58,lieu dit la croix des fe,47.97166,0.25419,Nuit sans éclairage public,Hors agglomération,Hors intersection,Normale,Deux véhicules - côté,,,,,,,,,,,3,1,1,1.0,3.0
201800020488,0018-03-27 07:00:00,18,3,27,7,0,720,58,LE CLOS DU JARRIER,47.96678,0.27495,Crépuscule ou aube,Hors agglomération,Hors intersection,Autre,Autre collision,,,,,,,,,,,2,1,1,9.0,6.0
201800020489,0018-04-04 15:55:00,18,4,4,15,55,720,260,la pointe,47.95149,0.25669,Plein jour,Hors agglomération,Hors intersection,Normale,Trois véhicules et plus - collisions multiples,,,,,,,,,,,1,1,1,1.0,5.0
201800020490,0018-04-07 14:20:00,18,4,7,14,20,720,58,Route des Aulnaies,47.9985,0.31761,Plein jour,Hors agglomération,Autre intersection,Pluie légère,Deux véhicules - frontale,,,,,,,,,,,1,1,9,2.0,1.0
201800020491,0018-04-10 18:18:00,18,4,10,18,18,720,200,Le Champ de la Lande,47.90779,0.1912,Plein jour,Hors agglomération,Hors intersection,Normale,Deux véhicules - frontale,,,,,,,,,,,1,1,1,1.0,1.0