accident_id,datetime,annee,mois,jour,heure,minute,departement,commune_insee,adresse,latitude,longitude,luminosite,agglomeration,intersection,meteo,collision,nb_vehicules,nb_usagers,nb_indemnes,nb_tues,nb_blesses_hosp,nb_blesses_legers,age_cond_1,age_cond_2,veh_type_cond_1,veh_type_cond_2,lum_code,agg_code,int_code,atm_code,col_code
201800020492,0018-04-11 16:43:00,18,4,11,16,43,720,58,Les épinettes,47.96358,0.24415,Plein jour,En agglomération,Hors intersection,Normale,Autre collision,,,,,,,,,,,1,2,1,1.0,6.0
201800020493,0018-04-24 19:45:00,18,4,24,19,45,720,200,rue du belinois,47.8938,0.21881,Plein jour,Hors agglomération,Hors intersection,Normale,Deux véhicules - côté,,,,,,,,,,,1,1,1,1.0,3.0
201800020494,0018-04-26 09:00:00,18,4,26,9,0,720,287,Route du Lude - D307,47.86519,0.19911,Plein jour,Hors agglomération,Autre intersection,Normale,Deux véhicules - frontale,,,,,,,,,,,1,1,9,1.0,1.0
201800020495,0018-04-28 12:09:00,18,4,28,12,9,720,124,3 route de Saint Biez,47.8244,0.2629,Plein jour,En agglomération,Hors intersection,Normale,Deux véhicules - côté,,,,,,,,,,,1,2,1,1.0,3.0
201800020496,0018-05-03 07:35:00,18,5,3,7,35,720,260,La Guitière,47.94665,0.2878,Plein jour,Hors agglomération,Hors intersection,Normale,Autre collision,,,,,,,,,,,1,1,1,1.0,6.0
201800020497,0018-05-04 17:38:00,18,5,4,17,38,720,231,le poste avancé,47.89337,0.41106,Plein jour,Hors agglomération,Hors intersection,Normale,Deux véhicules - frontale,,,,,,,,,,,1,1,1,1.0,1.0
201800020498,0018-05-07 15:04:00,18,5,7,15,4,720,58,51 Route de Bois Martin,47.97634,0.27524,Plein jour,En agglomération,Hors intersection,Normale,Autre collision,,,,,,,,,,,1,2,1,1.0,6.0
201800020499,0018-05-15 11:30:00,18,5,15,11,30,720,58,D323,47.98517,0.27563,Plein jour,Hors agglomération,Hors intersection,Normale,Deux véhicules - arrière,,,,,,,,,,,1,1,1,1.0,2.0
201800020500,0018-05-18 08:55:00,18,5,18,8,55,720,200,la croix de pierre,47.8928,0.20975,Plein jour,Hors agglomération,Hors intersection,Normale,Autre collision,,,,,,,,,,,1,1,1,1.0,6.0
201800020501,0018-05-20 15:40:00,18,5,20,15,40,720,58,D323,47.98517,0.27563,Plein jour,Hors agglomération,Hors intersection,Normale,Deux véhicules - arrière,,,,,,,,,,,1,1,1,1.0,2.0
201800020502,0018-05-20 23:20:00,18,5,20,23,20,720,231,lieu dit la houssaie,47.91696,0.37188,Nuit sans éclairage public,Hors agglomération,Hors intersection,Normale,Autre collision,,,,,,,,,,,3,1,1,1.0,6.0
201800020503,0018-06-15 11:10:00,18,6,15,11,10,720,58,rue du grand pins,47.98105,0.2765,Plein jour,En agglomération,Giratoire,Normale,Deux véhicules - arrière,,,,,,,,,,,1,2,6,1.0,2.0
201800020504,0018-07-07 21:45:00,18,7,7,21,45,720,350,lieu-dit la fuie poupée,47.88275,0.29171,Plein jour,Hors agglomération,Hors intersection,Normale,Sans collision,,,,,,,,,,,1,1,1,1.0,7.0
201800020505,0018-07-22 06:06:00,18,7,22,6,6,720,124,le neuvilette,47.80418,0.31265,Crépuscule ou aube,Hors agglomération,Hors intersection,Normale,Autre collision,,,,,,,,,,,2,1,1,1.0,6.0
201800020506,0018-07-23 14:30:00,18,7,23,14,30,720,231,lieu dit la planchette,47.94334,0.35963,Plein jour,Hors agglomération,Hors intersection,Normale,Deux véhicules - frontale,,,,,,,,,,,1,1,1,1.0,1.0
201800020507,0018-07-25 15:25:00,18,7,25,15,25,720,213,72 bis avenue François M,47.90664,0.24457,Plein jour,En agglomération,Hors intersection,Temps éblouissant,Trois véhicules et plus - collisions multiples,,,,,,,,,,,1,2,1,7.0,5.0
201800020508,0018-08-21 18:15:00,18,8,21,18,15,720,124,19 rue de tours,47.82687,0.28197,Plein jour,En agglomération,Hors intersection,Normale,Autre collision,,,,,,,,,,,1,2,1,1.0,6.0
201800020509,0018-08-24 10:20:00,18,8,24,10,20,720,287,rd 307,47.87966,0.19131,Plein jour,Hors agglomération,Hors intersection,Normale,Deux véhicules - arrière,,,,,,,,,,,1,1,1,1.0,2.0
201800020510,0018-09-07 11:55:00,18,9,7,11,55,720,47,maugerie,47.90296,0.30967,Plein jour,Hors agglomération,Hors intersection,Normale,Deux véhicules - côté,,,,,,,,,,,1,1,1,1.0,3.0
201800020511,0018-09-27 21:00:00,18,9,27,21,0,720,124,lieu dit le bordage,47.85175,0.25535,Nuit sans éclairage public,Hors agglomération,Hors intersection,Normale,Deux véhicules - côté,,,,,,,,,,,3,1,1,1.0,3.0
201800020512,0018-09-29 01:00:00,18,9,29,1,0,720,187,D140,47.83489,0.34843,Nuit sans éclairage public,Hors agglomération,Hors intersection,Normale,Autre collision,,,,,,,,,,,3,1,1,1.0,6.0
201800020513,0018-11-08 13:30:00,18,11,8,13,30,720,299,rue fierbois,47.8714,0.32677,Plein jour,En agglomération,Hors intersection,Normale,Deux véhicules - frontale,,,,,,,,,,,1,2,1,1.0,1.0
201800020514,0018-11-29 20:00:00,18,11,29,20,0,720,8,Route du Chene,47.94432,0.19236,Nuit avec éclairage allumé,En agglomération,Hors intersection,Pluie légère,Deux véhicules - frontale,,,,,,,,,,,5,2,1,2.0,1.0
201800020515,0018-11-29 11:45:00,18,11,29,11,45,720,299,Bois de Vaugottier,47.89451,0.34568,Plein jour,Hors agglomération,Hors intersection,Normale,Autre collision,,,,,,,,,,,1,1,1,1.0,6.0
201800020516,0018-12-04 09:30:00,18,12,4,9,30,720,231,CD 304,47.95022,0.3299,Plein jour,Hors agglomération,Hors intersection,Normale,Trois véhicules et plus - collisions multiples,,,,,,,,,,,1,1,1,1.0,5.0
201800020517,0018-12-06 16:00:00,18,12,6,16,0,720,124,lieu dit le pissot RD 32,47.84885,0.29281,Plein jour,Hors agglomération,Hors intersection,Normale,Deux véhicules - frontale,,,,,,,,,,,1,1,1,1.0,1.0
201800020518,0018-12-06 18:40:00,18,12,6,18,40,720,213,route des hunaudières,47.91332,0.24368,Nuit avec éclairage allumé,En agglomération,Giratoire,Pluie légère,Deux véhicules - arrière,,,,,,,,,,,5,2,6,2.0,2.0
201800020519,0018-12-15 08:15:00,18,12,15,8,15,720,124,ROUTE DES GUÉRINIÈRES,47.80943,0.28334,Plein jour,En agglomération,Hors intersection,Pluie légère,Deux véhicules - côté,,,,,,,,,,,1,2,1,2.0,3.0
201800020520,0018-12-27 16:27:00,18,12,27,16,27,720,231,La croix aux Guettes,47.94902,0.35561,Crépuscule ou aube,Hors agglomération,Hors intersection,Brouillard / fumée,Autre collision,,,,,,,,,,,2,1,1,5.0,6.0
201800020521,0018-12-28 19:30:00,18,12,28,19,30,720,47,la brebionnière,47.92599,0.32388,Nuit sans éclairage public,Hors agglomération,Hors intersection,Normale,Autre collision,,,,,,,,,,,3,1,1,1.0,6.0
201800020522,0018-12-29 10:54:00,18,12,29,10,54,720,8,41 Avenue Nationale,47.93196,0.18695,Plein jour,En agglomération,Hors intersection,Normale,Autre collision,,,,,,,,,,,1,2,1,1.0,6.0
201800020523,0018-03-30 13:30:00,18,3,30,13,30,650,332,C2,43.27162,0.13336,Plein jour,Hors agglomération,Hors intersection,Normale,Sans collision,,,,,,,,,,,1,1,1,1.0,7.0
201800020524,0018-04-18 14:30:00,18,4,18,14,30,650,375,intersection D5 - D6,43.37288,0.15382,Plein jour,Hors agglomération,Intersection en X,Normale,Deux véhicules - côté,,,,,,,,,,,1,1,2,1.0,3.0
201800020525,0018-06-27 15:40:00,18,6,27,15,40,650,409,route départementale 934,43.38553,0.10024,Plein jour,Hors agglomération,Hors intersection,Normale,Autre collision,,,,,,,,,,,1,1,1,1.0,6.0
201800020526,0018-07-03 10:00:00,18,7,3,10,0,650,375,INTERSECTION D5-D206,43.37287,0.15384,Plein jour,Hors agglomération,Intersection en X,Normale,Deux véhicules - côté,,,,,,,,,,,1,1,2,1.0,3.0
201800020527,0018-07-04 12:15:00,18,7,4,12,15,650,369,D 5 - D 632,43.27445,0.17433,Plein jour,Hors agglomération,Intersection en X,Normale,Deux véhicules - côté,,,,,,,,,,,1,1,2,1.0,3.0
201800020528,0018-09-22 15:30:00,18,9,22,15,30,650,324,rue du moulin,43.22915,0.23281,Plein jour,En agglomération,Hors intersection,Normale,Sans collision,,,,,,,,,,,1,2,1,1.0,7.0
201800020529,0018-12-14 18:10:00,18,12,14,18,10,650,161,RN21 - PK7 +30m,43.34707,0.13541,Nuit sans éclairage public,Hors agglomération,Hors intersection,Normale,Deux véhicules - frontale,,,,,,,,,,,3,1,1,1.0,1.0
201800020530,0018-03-29 18:10:00,18,3,29,18,10,830,19,rond point de la baou,43.13883,6.35121,Plein jour,En agglomération,Giratoire,Normale,Deux véhicules - côté,,,,,,,,,,,1,2,6,1.0,3.0
201800020531,0018-04-26 15:45:00,18,4,26,15,45,830,19,rond point de la baou,43.13883,6.35121,Plein jour,En agglomération,Giratoire,Normale,Deux véhicules - côté,,,,,,,,,,,1,2,6,1.0,3.0
201800020532,0018-06-03 05:10:00,18,6,3,5,10,830,70,9 bd des hautes collines,43.14177,6.37271,Crépuscule ou aube,En agglomération,Hors intersection,Normale,Deux véhicules - côté,,,,,,,,,,,2,2,1,1.0,3.0
201800020533,0018-06-09 13:50:00,18,6,9,13,50,830,70,503 avenue du général bo,43.13229,6.36494,Plein jour,En agglomération,Hors intersection,Normale,Autre collision,,,,,,,,,,,1,2,1,1.0,6.0
201800020534,0018-07-07 22:40:00,18,7,7,22,40,830,19,1565 rte des lavandières,43.14343,6.35185,Nuit avec éclairage allumé,En agglomération,Hors intersection,Normale,Autre collision,,,,,,,,,,,5,2,1,1.0,6.0
201800020535,0018-07-21 14:20:00,18,7,21,14,20,830,19,1319 boulevard du soleil,43.14876,6.34359,Plein jour,En agglomération,Hors intersection,Normale,Sans collision,,,,,,,,,,,1,2,1,1.0,7.0
201800020536,0018-07-26 08:45:00,18,7,26,8,45,830,70,36 boulevard du levant,43.14479,6.38319,Plein jour,En agglomération,Hors intersection,Normale,Autre collision,,,,,,,,,,,1,2,1,1.0,6.0
201800020537,0018-07-28 12:20:00,18,7,28,12,20,830,19,bld du front de mer,43.12424,6.36088,Plein jour,En agglomération,Hors intersection,Normale,Autre collision,,,,,,,,,,,1,2,1,1.0,6.0
201800020538,0018-07-24 16:00:00,18,7,24,16,0,830,19,RD 98,43.14621,6.31717,Plein jour,Hors agglomération,Hors intersection,Normale,Sans collision,,,,,,,,,,,1,1,1,1.0,7.0
201800020539,0018-08-07 16:15:00,18,8,7,16,15,830,19,4000 avenue lou mistraou,43.14961,6.31732,Plein jour,Hors agglomération,Hors intersection,Normale,Trois véhicules et plus - collisions multiples,,,,,,,,,,,1,1,1,1.0,5.0
201800020540,0018-08-02 11:50:00,18,8,2,11,50,830,19,RD 98,43.14751,6.31988,Plein jour,Hors agglomération,Hors intersection,Normale,Trois véhicules et plus - collisions multiples,,,,,,,,,,,1,1,1,1.0,5.0
201800020541,0018-08-12 16:30:00,18,8,12,16,30,830,70,avenue andré gide,43.13808,6.3772,Plein jour,En agglomération,Hors intersection,Normale,Autre collision,,,,,,,,,,,1,2,1,1.0,6.0
201800020542,0018-08-16 22:16:00,18,8,16,22,16,830,70,avenue du professeur Pau,43.14964,6.41616,Nuit avec éclairage allumé,Hors agglomération,Hors intersection,Normale,Trois véhicules et plus - collisions multiples,,,,,,,,,,,5,1,1,1.0,5.0
201800020543,0018-08-19 17:10:00,18,8,19,17,10,830,19,avenue Lou Mistraou,43.13907,6.35099,Plein jour,En agglomération,Giratoire,Normale,Deux véhicules - côté,,,,,,,,,,,1,2,6,1.0,3.0
201800020544,0018-08-20 13:00:00,18,8,20,13,0,830,19,RD98 foret du DOM,43.18106,6.34567,Plein jour,Hors agglomération,Hors intersection,Normale,Deux véhicules - frontale,,,,,,,,,,,1,1,1,1.0,1.0
201800020545,0018-08-25 18:50:00,18,8,25,18,50,830,19,RD 98 Route de la Foret,43.14621,6.31717,Plein jour,Hors agglomération,Hors intersection,Normale,Deux véhicules - côté,,,,,,,,,,,1,1,1,1.0,3.0
201800020546,0018-09-12 12:55:00,18,9,12,12,55,830,19,937 route du dom,43.1784,6.33595,Plein jour,Hors agglomération,Hors intersection,Normale,Autre collision,,,,,,,,,,,1,1,1,1.0,6.0
201800020547,0018-10-06 10:10:00,18,10,6,10,10,830,70,avenue de la 1 ere DFL,43.14485,6.38484,Plein jour,Hors agglomération,Hors intersection,Normale,Deux véhicules - côté,,,,,,,,,,,1,1,1,1.0,3.0
201800020548,0018-10-26 19:25:00,18,10,26,19,25,830,19,boulevard du soleil,43.1488,6.34369,Nuit avec éclairage allumé,En agglomération,Hors intersection,Normale,Sans collision,,,,,,,,,,,5,2,1,1.0,7.0
201800020549,0018-12-09 11:30:00,18,12,9,11,30,830,19,"RD 98, foret du Dom",43.16014,6.3202,Plein jour,Hors agglomération,Hors intersection,Normale,Sans collision,,,,,,,,,,,1,1,1,1.0,7.0
201800020550,0018-07-26 17:55:00,18,7,26,17,55,600,479,départementale 136,49.1975,2.8455,Plein jour,Hors agglomération,Hors intersection,Normale,Autre collision,,,,,,,,,,,1,1,1,1.0,6.0
201800020551,0018-09-24 15:15:00,18,9,24,15,15,600,203,D 1324,49.23526,2.85248,Plein jour,Hors agglomération,Intersection en T,Normale,Deux véhicules - côté,,,,,,,,,,,1,1,3,1.0,3.0
201800020552,0018-10-17 05:20:00,18,10,17,5,20,600,176,D1324,49.23387,2.93412,Nuit sans éclairage public,Hors agglomération,Hors intersection,Normale,Deux véhicules - frontale,,,,,,,,,,,3,1,1,1.0,1.0
201800020553,0018-11-26 18:30:00,18,11,26,18,30,600,430,ROUTE DE PIERREFONDS,49.29968,2.92089,Nuit avec éclairage allumé,En agglomération,Hors intersection,Pluie légère,Autre collision,,,,,,,,,,,5,2,1,2.0,6.0
201800020554,0018-12-21 07:40:00,18,12,21,7,40,600,380,Rue de Meaux,49.13235,3.07607,Nuit avec éclairage allumé,En agglomération,Hors intersection,Pluie légère,Autre collision,,,,,,,,,,,5,2,1,2.0,6.0
201800020555,0018-09-08 13:33:00,18,9,8,13,33,800,377,R DU MARAIS,50.1458,2.32088,Plein jour,En agglomération,Hors intersection,Normale,Deux véhicules - frontale,,,,,,,,,,,1,2,1,1.0,1.0
201800020556,0018-01-07 02:35:00,18,1,7,2,35,190,31,"50, COURTELINE (RUE)",45.15518,1.55396,Nuit avec éclairage non allumé,En agglomération,Intersection en T,Normale,Sans collision,,,,,,,,,,,4,2,3,1.0,7.0
201800020557,0018-01-09 09:30:00,18,1,9,9,30,190,31,"0, MAILLARD (AVENUE)",45.16612,1.54147,Plein jour,En agglomération,Giratoire,Normale,Deux véhicules - arrière,,,,,,,,,,,1,2,6,1.0,2.0
201800020558,0018-01-13 17:15:00,18,1,13,17,15,190,31,"4, RIVET (AVENUE JEAN CH",45.15164,1.50203,Plein jour,En agglomération,Intersection en T,Normale,Deux véhicules - côté,,,,,,,,,,,1,2,3,1.0,3.0
201800020559,0018-01-17 12:30:00,18,1,17,12,30,190,31,"02, PASCAL (RUE)",45.15955,1.53393,Plein jour,En agglomération,Hors intersection,Normale,Deux véhicules - arrière,,,,,,,,,,,1,2,1,1.0,2.0
201800020560,0018-01-17 18:35:00,18,1,17,18,35,190,31,"0, TEINCHURIER (AVENUE D",45.14944,1.48203,Crépuscule ou aube,En agglomération,Hors intersection,Normale,Autre collision,,,,,,,,,,,2,2,1,1.0,6.0
201800020561,0018-01-17 19:35:00,18,1,17,19,35,190,31,"0, LISSAC (ROUTE DE)",45.13516,1.47676,Nuit sans éclairage public,Hors agglomération,Hors intersection,Normale,Autre collision,,,,,,,,,,,3,1,1,1.0,6.0
201800020562,0018-01-25 12:00:00,18,1,25,12,0,190,31,"0, ROOSEVELT (AVENUE DU",45.15744,1.5238,Plein jour,En agglomération,Intersection en X,Normale,Autre collision,,,,,,,,,,,1,2,2,1.0,6.0
201800020563,0018-01-30 17:50:00,18,1,30,17,50,190,31,"0, MAILLARD (AVENUE)",45.16544,1.53697,Crépuscule ou aube,En agglomération,Intersection en T,Normale,Deux véhicules - côté,,,,,,,,,,,2,2,3,1.0,3.0
201800020564,0018-02-08 16:20:00,18,2,8,16,20,190,31,"12, LACHAUD (RUE LEOPOLD",45.15241,1.53385,Plein jour,En agglomération,Hors intersection,Normale,Autre collision,,,,,,,,,,,1,2,1,1.0,6.0
201800020565,0018-02-19 16:50:00,18,2,19,16,50,190,31,"172, RIBOT  (AVENUE)",45.16494,1.50243,Plein jour,En agglomération,Intersection en X,Normale,Deux véhicules - côté,,,,,,,,,,,1,2,2,1.0,3.0
201800020566,0018-03-02 14:00:00,18,3,2,14,0,190,31,"61, ALSACE LORRAINE (AVE",45.15367,1.5389,Plein jour,En agglomération,Hors intersection,Normale,Deux véhicules - arrière,,,,,,,,,,,1,2,1,1.0,2.0
201800020567,0018-03-02 19:20:00,18,3,2,19,20,190,31,"0, VOLTAIRE (BOULEVARD)",45.16148,1.54087,Nuit sans éclairage public,En agglomération,Intersection en X,Normale,Deux véhicules - côté,,,,,,,,,,,3,2,2,1.0,3.0
201800020568,0018-03-08 03:15:00,18,3,8,3,15,190,31,"78, ILE DU ROI (RUE DE L",45.16172,1.51496,Nuit avec éclairage allumé,En agglomération,Hors intersection,Normale,Autre collision,,,,,,,,,,,5,2,1,1.0,6.0
201800020569,0018-03-10 14:30:00,18,3,10,14,30,190,31,"1, TEINCHURIER (IMPASSE",45.1499,1.48156,Plein jour,En agglomération,Intersection en T,Normale,Deux véhicules - côté,,,,,,,,,,,1,2,3,1.0,3.0
201800020570,0018-03-10 15:10:00,18,3,10,15,10,190,31,"7, LACHAUD (BOULEVARD ED",45.15681,1.53082,Plein jour,En agglomération,Hors intersection,Pluie légère,Autre collision,,,,,,,,,,,1,2,1,2.0,6.0
201800020571,0018-03-14 02:30:00,18,3,14,2,30,190,31,"00, MALRAUX (AVENUE ANDR",45.16192,1.48661,Nuit avec éclairage allumé,En agglomération,Giratoire,Normale,Autre collision,,,,,,,,,,,5,2,6,1.0,6.0
201800020572,0018-03-16 16:00:00,18,3,16,16,0,190,31,"0, ""MOULIN (BOULEVARD JE",45.16131,1.50312,Plein jour,En agglomération,Intersection en T,Normale,Deux véhicules - côté,,,,,,,,,,,1,2,3,1.0,3.0
201800020573,0018-03-28 10:45:00,18,3,28,10,45,190,31,"00, VEZERE (ROND POINT D",45.15955,1.53393,Plein jour,En agglomération,Giratoire,Pluie légère,Deux véhicules - côté,,,,,,,,,,,1,2,6,2.0,3.0
201800020574,0018-03-31 17:45:00,18,3,31,17,45,190,31,"159, POMPIDOU (AVENUE GE",45.15815,1.55673,Plein jour,En agglomération,Hors intersection,Pluie légère,Autre collision,,,,,,,,,,,1,2,1,2.0,6.0
201800020575,0018-04-01 20:15:00,18,4,1,20,15,190,31,PARIS (AVENUE DE),45.16244,1.53254,Crépuscule ou aube,En agglomération,Intersection en Y,Normale,Deux véhicules - arrière,,,,,,,,,,,2,2,4,1.0,2.0
201800020576,0018-04-08 21:45:00,18,4,8,21,45,190,31,FOCH (AVENUE MARECHAL),45.16317,1.53753,Nuit avec éclairage allumé,En agglomération,Intersection en T,Pluie légère,Deux véhicules - côté,,,,,,,,,,,5,2,3,2.0,3.0
201800020577,0018-04-09 09:50:00,18,4,9,9,50,190,31,SEMARD (AVENUE PIERRE) J,45.15565,1.51713,Plein jour,En agglomération,Hors intersection,Normale,Deux véhicules - arrière,,,,,,,,,,,1,2,1,1.0,2.0
201800020578,0018-04-12 14:30:00,18,4,12,14,30,190,31,ROCHE (RUE MARCELIN),45.16473,1.52904,Plein jour,En agglomération,Hors intersection,Normale,Deux véhicules - arrière,,,,,,,,,,,1,2,1,1.0,2.0
201800020579,0018-04-12 18:30:00,18,4,12,18,30,190,31,RIVET (AVENUE JEAN CHARL,45.14622,1.48179,Plein jour,En agglomération,Hors intersection,Normale,Deux véhicules - arrière,,,,,,,,,,,1,2,1,1.0,2.0
201800020580,0018-04-19 19:20:00,18,4,19,19,20,190,31,KOENIG (BOULEVARD GENERA,45.15941,1.5309,Plein jour,En agglomération,Hors intersection,Normale,Deux véhicules - côté,,,,,,,,,,,1,2,1,1.0,3.0
201800020581,0018-04-22 06:20:00,18,4,22,6,20,190,31,DE JOUVENEL (BOULEVARD H,45.16007,1.52324,Nuit avec éclairage allumé,En agglomération,Hors intersection,Normale,Autre collision,,,,,,,,,,,5,2,1,1.0,6.0
201800020582,0018-04-21 12:05:00,18,4,21,12,5,190,31,CHAUMEIL (RUE PIERRE),45.15649,1.50419,Plein jour,En agglomération,Giratoire,Normale,Deux véhicules - côté,,,,,,,,,,,1,2,6,1.0,3.0
201800020583,0018-04-23 10:40:00,18,4,23,10,40,190,31,ALVITRE (AVENUE ABBE),45.15235,1.50527,Plein jour,En agglomération,Giratoire,Normale,Autre collision,,,,,,,,,,,1,2,6,1.0,6.0
201800020584,0018-04-23 17:30:00,18,4,23,17,30,190,31,BRUNE (BOULEVARD),45.15335,1.53639,Plein jour,En agglomération,Hors intersection,Normale,Deux véhicules - côté,,,,,,,,,,,1,2,1,1.0,3.0
201800020585,0018-04-24 18:35:00,18,4,24,18,35,190,31,POMPIDOU (AVENUE GEORGES,45.15799,1.55543,Plein jour,En agglomération,Intersection en T,Normale,Deux véhicules - arrière,,,,,,,,,,,1,2,3,1.0,2.0
201800020586,0018-04-25 12:30:00,18,4,25,12,30,190,31,NEWTON (RUE),45.1599,1.52518,Plein jour,En agglomération,Intersection en T,Normale,Deux véhicules - côté,,,,,,,,,,,1,2,3,1.0,3.0
201800020587,0018-05-01 09:45:00,18,5,1,9,45,190,31,GUYNEMER (AVENUE),45.15304,1.51907,Plein jour,En agglomération,Intersection en T,Normale,Deux véhicules - arrière,,,,,,,,,,,1,2,3,1.0,2.0
201800020588,0018-05-04 13:05:00,18,5,4,13,5,190,31,TEINCHURIER (AVENUE DU),45.1494,1.48206,Plein jour,En agglomération,Hors intersection,Normale,Deux véhicules - arrière,,,,,,,,,,,1,2,1,1.0,2.0
201800020589,0018-05-05 21:10:00,18,5,5,21,10,190,31,EMERY (AVENUE ANDRE),45.16057,1.50327,Crépuscule ou aube,En agglomération,Intersection en X,Normale,Deux véhicules - côté,,,,,,,,,,,2,2,2,1.0,3.0
201800020590,0018-05-08 17:10:00,18,5,8,17,10,190,31,CHASSAING (RUE VINCENT),45.16073,1.54367,Plein jour,En agglomération,Intersection en X,Normale,Deux véhicules - côté,,,,,,,,,,,1,2,2,1.0,3.0
201800020591,0018-05-12 12:20:00,18,5,12,12,20,190,31,KOENIG (BOULEVARD GENERA,45.15768,1.52996,Plein jour,En agglomération,Hors intersection,Normale,Deux véhicules - côté,,,,,,,,,,,1,2,1,1.0,3.0
201800020592,0018-05-14 18:00:00,18,5,14,18,0,190,31,ALVITRE (AVENUE ABBE),45.15221,1.50426,Plein jour,En agglomération,Hors intersection,Pluie légère,Trois véhicules et plus - collisions multiples,,,,,,,,,,,1,2,1,2.0,5.0
201800020593,0018-05-17 17:10:00,18,5,17,17,10,190,31,RIVET (AVENUE JEAN CHARL,45.14712,1.48526,Plein jour,En agglomération,Hors intersection,Normale,Autre collision,,,,,,,,,,,1,2,1,1.0,6.0
201800020594,0018-05-18 11:00:00,18,5,18,11,0,190,31,POMPIDOU (AVENUE GEORGES,45.15799,1.55451,Plein jour,En agglomération,Intersection en T,Normale,Deux véhicules - côté,,,,,,,,,,,1,2,3,1.0,3.0
201800020595,0018-05-19 08:50:00,18,5,19,8,50,190,31,HUIT MAI 1945 (AVENUE DU,45.16303,1.54815,Plein jour,En agglomération,Hors intersection,Normale,Deux véhicules - côté,,,,,,,,,,,1,2,1,1.0,3.0
201800020596,0018-05-20 11:20:00,18,5,20,11,20,190,31,DE JOUVENEL (BOULEVARD H,45.15742,1.52376,Plein jour,En agglomération,Intersection en X,Normale,Deux véhicules - côté,,,,,,,,,,,1,2,2,1.0,3.0
201800020597,0018-05-29 17:45:00,18,5,29,17,45,190,31,"""MOULIN (BOULEVARD JEAN)",45.1613,1.50312,Plein jour,En agglomération,Intersection en T,Normale,Deux véhicules - côté,,,,,,,,,,,1,2,3,1.0,3.0
201800020598,0018-06-06 16:25:00,18,6,6,16,25,190,31,ALVITRE (AVENUE ABBE),45.1528,1.50649,Plein jour,En agglomération,Hors intersection,Normale,Autre collision,,,,,,,,,,,1,2,1,1.0,6.0
201800020599,0018-06-08 16:25:00,18,6,8,16,25,190,31,POMPIDOU (AVENUE GEORGES,45.1579,1.55184,Plein jour,En agglomération,Intersection en T,Normale,Deux véhicules - côté,,,,,,,,,,,1,2,3,1.0,3.0
201800020600,0018-06-15 15:15:00,18,6,15,15,15,190,31,ALVITRE (AVENUE ABBE),45.15275,1.50623,Plein jour,En agglomération,Hors intersection,Normale,Trois véhicules et plus - en chaîne,,,,,,,,,,,1,2,1,1.0,4.0
201800020601,0018-06-19 12:15:00,18,6,19,12,15,190,31,RIVET (AVENUE JEAN CHARL,45.14984,1.49531,Plein jour,En agglomération,Intersection en T,Normale,Deux véhicules - côté,,,,,,,,,,,1,2,3,1.0,3.0
201800020602,0018-06-20 14:25:00,18,6,20,14,25,190,31,HUIT MAI 1945 (AVENUE DU,45.16338,1.55057,Plein jour,En agglomération,Intersection en X,Normale,Autre collision,,,,,,,,,,,1,2,2,1.0,6.0
201800020603,0018-06-24 03:15:00,18,6,24,3,15,190,31,LISSAC (ROUTE DE),45.13674,1.4809,Nuit sans éclairage public,En agglomération,Hors intersection,Normale,Sans collision,,,,,,,,,,,3,2,1,1.0,7.0
201800020604,0018-06-26 17:10:00,18,6,26,17,10,190,31,FERRY (BOULEVARD JULES),45.1571,1.53555,Plein jour,En agglomération,Hors intersection,Normale,Deux véhicules - arrière,,,,,,,,,,,1,2,1,1.0,2.0
201800020605,0018-06-29 22:30:00,18,6,29,22,30,190,31,DELON (RUE ANDRE),45.16251,1.52322,Nuit avec éclairage allumé,En agglomération,Hors intersection,Normale,Sans collision,,,,,,,,,,,5,2,1,1.0,7.0
201800020606,0018-06-30 09:35:00,18,6,30,9,35,190,31,MARBEAU (BOULEVARD DU DO,45.15471,1.52867,Plein jour,En agglomération,Hors intersection,Normale,Deux véhicules - frontale,,,,,,,,,,,1,2,1,1.0,1.0
201800020607,0018-07-03 19:30:00,18,7,3,19,30,190,31,DEVAUD (RUE ANDRE),45.1567,1.51141,Plein jour,En agglomération,Intersection en T,Normale,Deux véhicules - côté,,,,,,,,,,,1,2,3,1.0,3.0
201800020608,0018-07-08 21:50:00,18,7,8,21,50,190,31,DE JOUVENEL (BOULEVARD H,45.16065,1.52313,Crépuscule ou aube,En agglomération,Intersection en X,Normale,Deux véhicules - côté,,,,,,,,,,,2,2,2,1.0,3.0
201800020609,0018-07-22 00:45:00,18,7,22,0,45,190,31,TURGOT (AVENUE),45.1655,1.52128,Nuit avec éclairage allumé,En agglomération,Intersection en T,Normale,Deux véhicules - côté,,,,,,,,,,,5,2,3,1.0,3.0
201800020610,0018-07-23 17:50:00,18,7,23,17,50,190,31,LECAT (RUE),45.13941,1.47361,Plein jour,En agglomération,Intersection en T,Normale,Deux véhicules - côté,,,,,,,,,,,1,2,3,1.0,3.0
201800020611,0018-07-31 11:40:00,18,7,31,11,40,190,31,TEYSSIER (RUE CHARLES),45.16039,1.53356,Plein jour,En agglomération,Hors intersection,Normale,Autre collision,,,,,,,,,,,1,2,1,1.0,6.0