accident_id,datetime,annee,mois,jour,heure,minute,departement,commune_insee,adresse,latitude,longitude,luminosite,agglomeration,intersection,meteo,collision,nb_vehicules,nb_usagers,nb_indemnes,nb_tues,nb_blesses_hosp,nb_blesses_legers,age_cond_1,age_cond_2,veh_type_cond_1,veh_type_cond_2,lum_code,agg_code,int_code,atm_code,col_code
201800020851,0018-07-07 19:53:00,18,7,7,19,53,220,278,ABERYSTWYTH (RD-PT),48.49821,-2.75195,Plein jour,En agglomération,Giratoire,Normale,Deux véhicules - côté,,,,,,,,,,,1,2,6,1.0,3.0
201800020852,0018-07-10 12:42:00,18,7,10,12,42,220,278,8 MAI 1945 (PL DU),48.51209,-2.75567,Plein jour,En agglomération,Giratoire,Normale,Sans collision,,,,,,,,,,,1,2,6,1.0,7.0
201800020853,0018-07-11 10:20:00,18,7,11,10,20,220,215,CARPONT (LE),48.50025,-2.77729,Plein jour,En agglomération,Hors intersection,Normale,Deux véhicules - arrière,,,,,,,,,,,1,2,1,1.0,2.0
201800020854,0018-07-10 19:55:00,18,7,10,19,55,220,278,CORNEILLE COTE PAIR,48.3045,-2.4518,Plein jour,En agglomération,Hors intersection,Normale,Autre collision,,,,,,,,,,,1,2,1,1.0,6.0
201800020855,0018-07-20 20:40:00,18,7,20,20,40,220,215,DOUETS (RUE DES),48.50788,-2.81347,Plein jour,En agglomération,Hors intersection,Normale,Autre collision,,,,,,,,,,,1,2,1,1.0,6.0
201800020856,0018-07-20 16:30:00,18,7,20,16,30,220,187,BEAUREGARD (RUE DE),48.52539,-2.76911,Plein jour,Hors agglomération,Hors intersection,Normale,Autre collision,,,,,,,,,,,1,1,1,1.0,6.0
201800020857,0018-07-23 21:00:00,18,7,23,21,0,220,215,BEL AIR ( rue de ),48.49857,-2.78594,Plein jour,En agglomération,Intersection en Y,Normale,Deux véhicules - côté,,,,,,,,,,,1,2,4,1.0,3.0
201800020858,0018-07-24 08:15:00,18,7,24,8,15,220,187,ville neuve (rue de la ),48.53579,-2.76304,Plein jour,Hors agglomération,Hors intersection,Normale,Autre collision,,,,,,,,,,,1,1,1,1.0,6.0
201800020859,0018-07-31 18:30:00,18,7,31,18,30,220,187,PORT (rue du ),48.52918,-2.73503,Plein jour,En agglomération,Hors intersection,Normale,Deux véhicules - arrière,,,,,,,,,,,1,2,1,1.0,2.0
201800020860,0018-08-01 13:25:00,18,8,1,13,25,220,106,BREST (RUE DE),48.50063,-2.72999,Plein jour,Hors agglomération,Giratoire,Normale,Deux véhicules - arrière,,,,,,,,,,,1,1,6,1.0,2.0
201800020861,0018-08-05 09:00:00,18,8,5,9,0,220,106,LAMARTINE (RUE),48.49584,-2.70706,Plein jour,En agglomération,Intersection en T,Normale,Deux véhicules - côté,,,,,,,,,,,1,2,3,1.0,3.0
201800020862,0018-08-06 18:35:00,18,8,6,18,35,220,215,BOURGNEUF (RUE DU),48.46721,-2.82582,Plein jour,Hors agglomération,Hors intersection,Normale,Trois véhicules et plus - collisions multiples,,,,,,,,,,,1,1,1,1.0,5.0
201800020863,0018-08-08 12:00:00,18,8,8,12,0,220,278,ABERYSTWYTH (RD-PT),48.49801,-2.75299,Plein jour,En agglomération,Giratoire,Normale,Deux véhicules - côté,,,,,,,,,,,1,2,6,1.0,3.0
201800020864,0018-08-16 07:13:00,18,8,16,7,13,220,187,SURCOUF (RUE),48.53985,-2.72608,Plein jour,En agglomération,Hors intersection,Normale,Autre collision,,,,,,,,,,,1,2,1,1.0,6.0
201800020865,0018-08-18 16:47:00,18,8,18,16,47,220,215,PONT DES ILES (RUE DU),48.52565,-2.82327,Plein jour,Hors agglomération,Hors intersection,Normale,Sans collision,,,,,,,,,,,1,1,1,1.0,7.0
201800020866,0018-08-20 21:00:00,18,8,20,21,0,220,278,BALZAC,48.5141,-2.74624,Plein jour,En agglomération,Hors intersection,Normale,Deux véhicules - arrière,,,,,,,,,,,1,2,1,1.0,2.0
201800020867,0018-08-22 22:50:00,18,8,22,22,50,220,278,quai armez,48.52283,-2.75229,Nuit sans éclairage public,En agglomération,Hors intersection,Normale,Deux véhicules - arrière,,,,,,,,,,,3,2,1,1.0,2.0
201800020868,0018-08-27 18:15:00,18,8,27,18,15,220,278,ATLANTIQUE (BD) Nø1 A 56,48.51938,-2.78826,Plein jour,En agglomération,Intersection en T,Normale,Deux véhicules - côté,,,,,,,,,,,1,2,3,1.0,3.0
201800020869,0018-08-31 19:45:00,18,8,31,19,45,220,187,RUE DES PRUNELLES,48.53679,-2.75613,Plein jour,Hors agglomération,Hors intersection,Normale,Deux véhicules - frontale,,,,,,,,,,,1,1,1,1.0,1.0
201800020870,0018-09-06 15:00:00,18,9,6,15,0,220,278,FONTAINE-SAINT-BRIEUC (D,48.5173,-2.76733,Plein jour,En agglomération,Hors intersection,Normale,Deux véhicules - arrière,,,,,,,,,,,1,2,1,1.0,2.0
201800020871,0018-09-07 17:10:00,18,9,7,17,10,220,278,EUROPE (DE L'),48.51586,-2.74331,Plein jour,En agglomération,Hors intersection,Normale,Deux véhicules - côté,,,,,,,,,,,1,2,1,1.0,3.0
201800020872,0018-09-06 13:20:00,18,9,6,13,20,220,215,LOGE (RUE DE LA),48.47139,-2.80202,Plein jour,Hors agglomération,Giratoire,Normale,Sans collision,,,,,,,,,,,1,1,6,1.0,7.0
201800020873,0018-09-14 09:50:00,18,9,14,9,50,220,278,BECQUEREL (HENRI),48.50004,-2.75102,Plein jour,En agglomération,Intersection en T,Temps éblouissant,Autre collision,,,,,,,,,,,1,2,3,7.0,6.0
201800020874,0018-09-18 18:05:00,18,9,18,18,5,220,278,LUZEL,48.50635,-2.77352,Plein jour,En agglomération,Intersection en T,Normale,Deux véhicules - côté,,,,,,,,,,,1,2,3,1.0,3.0
201800020875,0018-09-18 10:35:00,18,9,18,10,35,220,278,SEVIGNE (BD),48.5169,-2.75095,Plein jour,En agglomération,Hors intersection,Normale,Deux véhicules - côté,,,,,,,,,,,1,2,1,1.0,3.0
201800020876,0018-09-20 15:30:00,18,9,20,15,30,220,278,VILLE JOUHA (BD DE LA),48.50664,-2.78351,Plein jour,Hors agglomération,Giratoire,Normale,Deux véhicules - côté,,,,,,,,,,,1,1,6,1.0,3.0
201800020877,0018-09-22 08:25:00,18,9,22,8,25,220,215,RD 222,48.47692,-2.71207,Plein jour,Hors agglomération,Hors intersection,Normale,Sans collision,,,,,,,,,,,1,1,1,1.0,7.0
201800020878,0018-09-19 17:47:00,18,9,19,17,47,220,215,CARPONT (LE),48.50061,-2.77674,Plein jour,En agglomération,Giratoire,Normale,Deux véhicules - côté,,,,,,,,,,,1,2,6,1.0,3.0
201800020879,0018-09-25 11:15:00,18,9,25,11,15,220,215,CROIX FICHET (RUE DE LA),48.49255,-2.79529,Plein jour,En agglomération,Intersection en X,Normale,Deux véhicules - côté,,,,,,,,,,,1,2,2,1.0,3.0
201800020880,0018-09-22 17:04:00,18,9,22,17,4,220,187,VIEUX MOULIN (RUE DU),48.5243,-2.75511,Plein jour,En agglomération,Hors intersection,Normale,Deux véhicules - frontale,,,,,,,,,,,1,2,1,1.0,1.0
201800020881,0018-09-25 18:45:00,18,9,25,18,45,220,278,PROUST (MARCEL),48.49271,-2.74983,Plein jour,En agglomération,Hors intersection,Normale,Autre collision,,,,,,,,,,,1,2,1,1.0,6.0
201800020882,0018-09-30 09:00:00,18,9,30,9,0,220,278,PORT (DU),48.51874,-2.75859,Plein jour,En agglomération,Intersection en X,Normale,Deux véhicules - côté,,,,,,,,,,,1,2,2,1.0,3.0
201800020883,0018-10-03 08:40:00,18,10,3,8,40,220,215,PONT NOIR (RUE DU),48.48975,-2.84082,Plein jour,Hors agglomération,Hors intersection,Normale,Autre collision,,,,,,,,,,,1,1,1,1.0,6.0
201800020884,0018-10-05 08:30:00,18,10,5,8,30,220,278,SAINT-FRANCOIS,48.51151,-2.75942,Plein jour,En agglomération,Hors intersection,Normale,Autre collision,,,,,,,,,,,1,2,1,1.0,6.0
201800020885,0018-10-09 09:00:00,18,10,9,9,0,220,360,EPINE BLANCHE (RUE DE L',48.49246,-2.73919,Plein jour,En agglomération,Giratoire,Normale,Deux véhicules - côté,,,,,,,,,,,1,2,6,1.0,3.0
201800020886,0018-10-09 08:45:00,18,10,9,8,45,220,278,FERRY (JULES),48.49872,-2.77171,Plein jour,Hors agglomération,Giratoire,Normale,Deux véhicules - côté,,,,,,,,,,,1,1,6,1.0,3.0
201800020887,0018-10-12 16:50:00,18,10,12,16,50,220,215,MERLET (RUE DE),48.48996,-2.81227,Plein jour,En agglomération,Hors intersection,Normale,Deux véhicules - côté,,,,,,,,,,,1,2,1,1.0,3.0
201800020888,0018-10-13 18:40:00,18,10,13,18,40,220,187,Martin Plage (rue de ),48.55553,-2.72711,Plein jour,Hors agglomération,Autre intersection,Normale,Deux véhicules - frontale,,,,,,,,,,,1,1,9,1.0,1.0
201800020889,0018-10-05 08:30:00,18,10,5,8,30,220,215,rue de Coëtquen,48.46871,-2.79035,Plein jour,Hors agglomération,Hors intersection,Normale,Sans collision,,,,,,,,,,,1,1,1,1.0,7.0
201800020890,0018-10-17 09:00:00,18,10,17,9,0,220,278,GARNIER (ABBE),48.5057,-2.76137,Plein jour,En agglomération,Hors intersection,Normale,Deux véhicules - côté,,,,,,,,,,,1,2,1,1.0,3.0
201800020891,0018-10-18 20:20:00,18,10,18,20,20,220,360,Rue Jane Dieulafoy,48.4673,-2.7691,Nuit avec éclairage allumé,Hors agglomération,Intersection en X,Normale,Autre collision,,,,,,,,,,,5,1,2,1.0,6.0
201800020892,0018-10-20 17:45:00,18,10,20,17,45,220,106,VERNE (RUE JULES),48.49667,-2.73451,Plein jour,En agglomération,Intersection en T,Normale,Deux véhicules - arrière,,,,,,,,,,,1,2,3,1.0,2.0
201800020893,0018-10-20 19:55:00,18,10,20,19,55,220,187,VIADUC (RUE DU),48.52747,-2.77141,Crépuscule ou aube,En agglomération,Hors intersection,Normale,Trois véhicules et plus - collisions multiples,,,,,,,,,,,2,2,1,1.0,5.0
201800020894,0018-10-23 14:30:00,18,10,23,14,30,220,278,RPOINT ABERYTWYTH,48.49751,-2.75219,Plein jour,En agglomération,Giratoire,Normale,Deux véhicules - arrière,,,,,,,,,,,1,2,6,1.0,2.0
201800020895,0018-10-27 21:25:00,18,10,27,21,25,220,278,GARNIER (ABBE),48.50588,-2.76129,Nuit avec éclairage allumé,En agglomération,Hors intersection,Pluie forte,Autre collision,,,,,,,,,,,5,2,1,3.0,6.0
201800020896,0018-10-26 19:15:00,18,10,26,19,15,220,278,GARNIER (ABBE),48.50564,-2.76152,Plein jour,En agglomération,Hors intersection,Normale,Autre collision,,,,,,,,,,,1,2,1,1.0,6.0
201800020897,0018-10-31 15:05:00,18,10,31,15,5,220,215,GRANDE METAIRIE (RUE DE,48.4912,-2.80672,Plein jour,En agglomération,Intersection en T,Normale,Deux véhicules - frontale,,,,,,,,,,,1,2,3,1.0,1.0
201800020898,0018-10-23 18:53:00,18,10,23,18,53,220,215,CENTRE COMMERCIAL,48.49948,-2.77818,Plein jour,En agglomération,Hors intersection,Normale,Deux véhicules - côté,,,,,,,,,,,1,2,1,1.0,3.0
201800020899,0018-11-10 14:30:00,18,11,10,14,30,220,278,BECQUEREL (HENRI),48.49893,-2.74974,Plein jour,En agglomération,Intersection en X,Normale,Deux véhicules - arrière,,,,,,,,,,,1,2,2,1.0,2.0
201800020900,0018-11-03 17:00:00,18,11,3,17,0,220,187,RUE DE LA CADOIRE,48.52899,-2.7555,Plein jour,En agglomération,Hors intersection,Normale,Autre collision,,,,,,,,,,,1,2,1,1.0,6.0
201800020901,0018-11-10 18:30:00,18,11,10,18,30,220,278,GOUEDIC (DE),48.50806,-2.7521,Nuit avec éclairage allumé,En agglomération,Hors intersection,Normale,Deux véhicules - côté,,,,,,,,,,,5,2,1,1.0,3.0
201800020902,0018-11-14 18:35:00,18,11,14,18,35,220,278,MERIMEE (PROSPER),48.49661,-2.74857,Nuit sans éclairage public,En agglomération,Hors intersection,Normale,Deux véhicules - arrière,,,,,,,,,,,3,2,1,1.0,2.0
201800020903,0018-11-19 16:25:00,18,11,19,16,25,220,278,MAROT (CLEMENT),48.50958,-2.75119,Plein jour,Hors agglomération,Hors intersection,Normale,Autre collision,,,,,,,,,,,1,1,1,1.0,6.0
201800020904,0018-11-21 17:45:00,18,11,21,17,45,220,215,PONT NOIR (RUE DU),48.487,-2.83431,Crépuscule ou aube,Hors agglomération,Hors intersection,Normale,Deux véhicules - frontale,,,,,,,,,,,2,1,1,1.0,1.0
201800020905,0018-11-22 12:55:00,18,11,22,12,55,220,278,BALZAC,48.51233,-2.7522,Plein jour,En agglomération,Intersection en X,Normale,Autre collision,,,,,,,,,,,1,2,2,1.0,6.0
201800020906,0018-11-23 17:45:00,18,11,23,17,45,220,278,ROSTAND (EDMOND),48.51329,-2.73818,Nuit avec éclairage non allumé,En agglomération,Giratoire,Pluie légère,Autre collision,,,,,,,,,,,4,2,6,2.0,6.0
201800020907,0018-11-26 18:30:00,18,11,26,18,30,220,215,MAUPASSANT (Rue Guy de),48.49389,-2.76305,Crépuscule ou aube,Hors agglomération,Giratoire,Normale,Deux véhicules - arrière,,,,,,,,,,,2,1,6,1.0,2.0
201800020908,0018-11-30 12:15:00,18,11,30,12,15,220,278,LEGUE (DU),48.52283,-2.76119,Plein jour,En agglomération,Intersection en Y,Normale,Deux véhicules - côté,,,,,,,,,,,1,2,4,1.0,3.0
201800020909,0018-12-05 17:14:00,18,12,5,17,14,220,278,LAENNEC (BD),48.51074,-2.77411,Crépuscule ou aube,En agglomération,Hors intersection,Normale,Deux véhicules - côté,,,,,,,,,,,2,2,1,1.0,3.0
201800020910,0018-12-10 08:00:00,18,12,10,8,0,220,215,CROIX FICHET (RUE DE LA),48.2942,-2.4748,Nuit sans éclairage public,En agglomération,Hors intersection,Normale,Autre collision,,,,,,,,,,,3,2,1,1.0,6.0
201800020911,0018-12-14 20:00:00,18,12,14,20,0,220,278,RIBOT (THEODULE),48.51743,-2.77887,Nuit avec éclairage allumé,En agglomération,Hors intersection,Normale,Autre collision,,,,,,,,,,,5,2,1,1.0,6.0
201800020912,0018-12-13 18:30:00,18,12,13,18,30,220,187,VERDUN (rue de ),48.54469,-2.78563,Nuit sans éclairage public,En agglomération,Intersection en T,Normale,Deux véhicules - côté,,,,,,,,,,,3,2,3,1.0,3.0
201800020913,0018-12-20 21:30:00,18,12,20,21,30,220,187,CROIX (RUE DE LA ),48.53075,-2.76521,Nuit sans éclairage public,En agglomération,Hors intersection,Normale,Autre collision,,,,,,,,,,,3,2,1,1.0,6.0
201800020914,0018-12-11 17:30:00,18,12,11,17,30,220,278,FERRY (JULES),48.4987,-2.77172,Crépuscule ou aube,Hors agglomération,Giratoire,Normale,Deux véhicules - côté,,,,,,,,,,,2,1,6,1.0,3.0
201800020915,0018-12-21 18:45:00,18,12,21,18,45,220,215,CROIX FICHET (RUE DE LA),48.49474,-2.79635,Nuit avec éclairage allumé,Hors agglomération,Intersection en X,Normale,Deux véhicules - côté,,,,,,,,,,,5,1,2,1.0,3.0
201800020916,0018-12-28 18:30:00,18,12,28,18,30,220,106,BREST (RUE DE),48.49548,-2.71784,Nuit avec éclairage allumé,En agglomération,Intersection en X,Normale,Deux véhicules - côté,,,,,,,,,,,5,2,2,1.0,3.0
201800020917,0018-03-14 11:20:00,18,3,14,11,20,230,96,"8, MANOUVRIER (AVENUE)",46.16908,1.87408,Plein jour,En agglomération,Hors intersection,Temps éblouissant,Autre collision,,,,,,,,,,,1,2,1,7.0,6.0
201800020918,0018-06-12 09:50:00,18,6,12,9,50,230,96,VERDUN (RUE DE ),46.16861,1.875,Plein jour,En agglomération,Hors intersection,Normale,Autre collision,,,,,,,,,,,1,2,1,1.0,6.0
201800020919,0018-08-08 02:00:00,18,8,8,2,0,230,96,BERRY (AVENUE DU),46.17609,1.87525,Nuit avec éclairage allumé,En agglomération,Hors intersection,Normale,Sans collision,,,,,,,,,,,5,2,1,1.0,7.0
201800020920,0018-09-07 22:10:00,18,9,7,22,10,230,96,GAMBETTA (AVENUE),46.16972,1.87583,Nuit avec éclairage allumé,En agglomération,Autre intersection,Normale,Autre collision,,,,,,,,,,,5,2,9,1.0,6.0
201800020921,0018-09-26 17:50:00,18,9,26,17,50,230,96,BERRY (AVENUE),46.18039,1.88404,Plein jour,En agglomération,Intersection en T,Normale,Autre collision,,,,,,,,,,,1,2,3,1.0,6.0
201800020922,0018-12-20 19:20:00,18,12,20,19,20,230,96,DE PIERREBOURG  (RUE OLI,46.17583,1.87155,Nuit sans éclairage public,En agglomération,Hors intersection,Pluie légère,Autre collision,,,,,,,,,,,3,2,1,2.0,6.0
201800020923,0018-01-24 19:50:00,18,1,24,19,50,240,37,RUE DE LA BOETIE,44.85753,0.48081,Nuit avec éclairage allumé,En agglomération,Hors intersection,Normale,Autre collision,,,,,,,,,,,5,2,1,1.0,6.0
201800020924,0018-02-02 19:03:00,18,2,2,19,3,240,37,ALLEE DES GRANDS DUCS,44.84822,0.50999,Nuit avec éclairage allumé,En agglomération,Hors intersection,Normale,Deux véhicules - côté,,,,,,,,,,,5,2,1,1.0,3.0
201800020925,0018-04-18 20:00:00,18,4,18,20,0,240,37,RUE FRANCOIS COUPERIN,44.86643,0.49817,Plein jour,En agglomération,Intersection en T,Normale,Deux véhicules - côté,,,,,,,,,,,1,2,3,1.0,3.0
201800020926,0018-06-01 12:40:00,18,6,1,12,40,240,37,MALBEC (PLACE),44.8516,0.48452,Plein jour,En agglomération,Place,Normale,Autre collision,,,,,,,,,,,1,2,7,1.0,6.0
201800020927,0018-06-07 23:30:00,18,6,7,23,30,240,37,AVENUE PAUL DOUMER,44.83551,0.47914,Nuit avec éclairage allumé,En agglomération,Intersection en X,Normale,Deux véhicules - côté,,,,,,,,,,,5,2,2,1.0,3.0
201800020928,0018-06-13 11:05:00,18,6,13,11,5,240,37,RUE LOUIS BELIN,44.85695,0.49194,Plein jour,En agglomération,Intersection en X,Normale,Deux véhicules - côté,,,,,,,,,,,1,2,2,1.0,3.0
201800020929,0018-01-19 12:02:00,18,1,19,12,2,240,322,"12, COURS MONTAIGNE",45.18362,0.71879,Plein jour,En agglomération,Hors intersection,Normale,Autre collision,,,,,,,,,,,1,2,1,1.0,6.0
201800020930,0018-03-03 11:09:00,18,3,3,11,9,240,256,ROUTE de RIBERAC,45.19979,0.66682,Plein jour,En agglomération,Hors intersection,Normale,Autre collision,,,,,,,,,,,1,2,1,1.0,6.0
201800020931,0018-03-26 07:15:00,18,3,26,7,15,240,557,AVENUE DE L'AUTOMOBILE,45.2064,0.81131,Nuit sans éclairage public,Hors agglomération,Hors intersection,Normale,Deux véhicules - côté,,,,,,,,,,,3,1,1,1.0,3.0
201800020932,0018-06-02 00:10:00,18,6,2,0,10,240,322,RUE VICTOR HUGO,45.18979,0.71154,Nuit avec éclairage allumé,En agglomération,Intersection en T,Normale,Deux véhicules - côté,,,,,,,,,,,5,2,3,1.0,3.0
201800020933,0018-06-09 16:20:00,18,6,9,16,20,240,322,PLACE FRANCHEVILLE,45.18324,0.71831,Plein jour,En agglomération,Hors intersection,Normale,Autre collision,,,,,,,,,,,1,2,1,1.0,6.0
201800020934,0018-06-29 06:30:00,18,6,29,6,30,240,322,TOUTE D'ANGOULEME,45.19847,0.699,Crépuscule ou aube,En agglomération,Hors intersection,Normale,Autre collision,,,,,,,,,,,2,2,1,1.0,6.0
201800020935,0018-07-07 21:45:00,18,7,7,21,45,240,322,VOIE DES STADES,45.2012,0.69257,Plein jour,En agglomération,Hors intersection,Normale,Sans collision,,,,,,,,,,,1,2,1,1.0,7.0
201800020936,0018-07-27 09:20:00,18,7,27,9,20,240,312,ROUTE DE BERGERAC,45.17825,0.72665,Plein jour,En agglomération,Hors intersection,Normale,Autre collision,,,,,,,,,,,1,2,1,1.0,6.0
201800020937,0018-07-31 09:30:00,18,7,31,9,30,240,322,PLACE YVES GUENA,45.18697,0.72153,Plein jour,En agglomération,Giratoire,Normale,Deux véhicules - côté,,,,,,,,,,,1,2,6,1.0,3.0
201800020938,0018-08-16 12:20:00,18,8,16,12,20,240,138,AVENUE DU GEN. de GAULLE,45.19007,0.69465,Plein jour,En agglomération,Intersection en X,Normale,Trois véhicules et plus - en chaîne,,,,,,,,,,,1,2,2,1.0,4.0
201800020939,0018-09-13 15:45:00,18,9,13,15,45,240,256,ROUTE DE BORDEAUX,45.18954,0.67639,Plein jour,Hors agglomération,Hors intersection,Normale,Deux véhicules - côté,,,,,,,,,,,1,1,1,1.0,3.0
201800020940,0018-09-11 16:17:00,18,9,11,16,17,240,322,COURS SAINT GEORGES,45.17745,0.73041,Plein jour,En agglomération,Hors intersection,Normale,Deux véhicules - côté,,,,,,,,,,,1,2,1,1.0,3.0
201800020941,0018-09-17 10:05:00,18,9,17,10,5,240,322,PLACE FRANCHEVILLE,45.18318,0.7186,Plein jour,En agglomération,Hors intersection,Normale,Autre collision,,,,,,,,,,,1,2,1,1.0,6.0
201800020942,0018-10-10 07:53:00,18,10,10,7,53,240,322,AVENUE GEORGES POMPIDOU,45.19533,0.73326,Crépuscule ou aube,En agglomération,Hors intersection,Normale,Autre collision,,,,,,,,,,,2,2,1,1.0,6.0
201800020943,0018-10-23 15:10:00,18,10,23,15,10,240,53,ROUTE DE LYON,45.17884,0.74147,Plein jour,En agglomération,Hors intersection,Normale,Deux véhicules - côté,,,,,,,,,,,1,2,1,1.0,3.0
201800020944,0018-11-07 18:15:00,18,11,7,18,15,240,557,RUE DES DIGITALES,45.19494,0.74623,Nuit sans éclairage public,En agglomération,Hors intersection,Normale,Autre collision,,,,,,,,,,,3,2,1,1.0,6.0
201800020945,0018-11-15 18:15:00,18,11,15,18,15,240,138,RUE EDOUARD MICHEL,45.17632,0.68999,Crépuscule ou aube,En agglomération,Intersection en T,Normale,Deux véhicules - côté,,,,,,,,,,,2,2,3,1.0,3.0
201800020946,0018-11-26 18:35:00,18,11,26,18,35,240,322,RUE LAGRANGE CHANCEL,45.19377,0.70666,Nuit avec éclairage allumé,En agglomération,Intersection en X,Pluie légère,Autre collision,,,,,,,,,,,5,2,2,2.0,6.0
201800020947,0018-01-06 09:48:00,18,1,6,9,48,250,56,"38, BELFORT RUE DE <144",47.24805,6.02929,Plein jour,En agglomération,Hors intersection,Pluie légère,Autre collision,,,,,,,,,,,1,2,1,2.0,6.0
201800020948,0018-01-18 13:04:00,18,1,18,13,4,250,56,"sans, VIGNY  RUE ALFRED",47.21783,5.96486,Plein jour,En agglomération,Giratoire,Normale,Deux véhicules - côté,,,,,,,,,,,1,2,6,1.0,3.0
201800020949,0018-01-20 00:18:00,18,1,20,0,18,250,56,RN 1057 (ROUTE DE GRAY-C,47.26198,6.00551,Nuit avec éclairage allumé,En agglomération,Hors intersection,Pluie légère,Autre collision,,,,,,,,,,,5,2,1,2.0,6.0
201800020950,0018-01-20 09:52:00,18,1,20,9,52,250,56,"SANS, MORRE ROUTE DE",47.22957,6.05914,Plein jour,En agglomération,Hors intersection,Pluie légère,Autre collision,,,,,,,,,,,1,2,1,2.0,6.0
201800020951,0018-01-25 21:25:00,18,1,25,21,25,250,56,GIBELOTTE PONT DE LA,47.24241,6.00858,Nuit avec éclairage allumé,En agglomération,Intersection en X,Pluie légère,Autre collision,,,,,,,,,,,5,2,2,2.0,6.0
201800020952,0018-01-27 23:43:00,18,1,27,23,43,250,56,"33, VESOUL RUE DE < 52",42.24977,6.01938,Nuit avec éclairage allumé,En agglomération,Hors intersection,Normale,Autre collision,,,,,,,,,,,5,2,1,1.0,6.0
201800020953,0018-01-28 07:50:00,18,1,28,7,50,250,56,"SANS, BLUM BOULEVARD LEO",47.25606,6.02022,Crépuscule ou aube,En agglomération,Intersection en X,Normale,Deux véhicules - côté,,,,,,,,,,,2,2,2,1.0,3.0
201800020954,0018-02-03 00:40:00,18,2,3,0,40,250,56,"SANS, FOCH AVENUE MARECH",47.24282,6.02527,Nuit avec éclairage allumé,En agglomération,Hors intersection,Pluie légère,Autre collision,,,,,,,,,,,5,2,1,2.0,6.0
201800020955,0018-02-08 15:32:00,18,2,8,15,32,250,56,DOLE RUE DE >82 & <185,47.23703,6.01406,Plein jour,En agglomération,Hors intersection,Autre,Deux véhicules - arrière,,,,,,,,,,,1,2,1,9.0,2.0
201800020956,0018-02-13 20:48:00,18,2,13,20,48,250,56,"SANS, ARMEE FRANCAISE PL",47.24246,6.02943,Nuit avec éclairage allumé,En agglomération,Intersection en X,Normale,Deux véhicules - côté,,,,,,,,,,,5,2,2,1.0,3.0
201800020957,0018-02-21 19:13:00,18,2,21,19,13,250,56,"11, LUXEMBOURG RUE DU",47.22326,5.96613,Nuit sans éclairage public,En agglomération,Hors intersection,Normale,Sans collision,,,,,,,,,,,3,2,1,1.0,7.0
201800020958,0018-02-25 03:58:00,18,2,25,3,58,250,56,"4, GALILEE RUE",47.2467,5.99971,Nuit avec éclairage allumé,En agglomération,Hors intersection,Normale,Autre collision,,,,,,,,,,,5,2,1,1.0,6.0
201800020959,0018-02-27 22:56:00,18,2,27,22,56,250,56,"75, BELFORT RUE DE <144",47.24953,6.03204,Nuit sans éclairage public,En agglomération,Hors intersection,Normale,Sans collision,,,,,,,,,,,3,2,1,1.0,7.0
201800020960,0018-03-12 05:44:00,18,3,12,5,44,250,56,"SANS, JOUCHOUX RUE AUGUS",47.23899,5.98765,Nuit avec éclairage allumé,En agglomération,Intersection en T,Temps couvert,Deux véhicules - côté,,,,,,,,,,,5,2,3,8.0,3.0
201800020961,0018-03-13 19:53:00,18,3,13,19,53,250,56,"SANS, STRASBOURG QUAI DE",47.2426,6.02564,Nuit avec éclairage allumé,En agglomération,Intersection en T,Normale,Autre collision,,,,,,,,,,,5,2,3,1.0,6.0
201800020962,0018-03-21 17:16:00,18,3,21,17,16,250,56,"SANS, MITTERAND AVENUE F",47.22132,5.98081,Plein jour,En agglomération,Giratoire,Normale,Deux véhicules - arrière,,,,,,,,,,,1,2,6,1.0,2.0
201800020963,0018-03-29 12:02:00,18,3,29,12,2,250,56,"SANS, OBSERVATOIRE AVENU",47.24736,5.99249,Plein jour,En agglomération,Hors intersection,Normale,Autre collision,,,,,,,,,,,1,2,1,1.0,6.0
201800020964,0018-03-30 11:44:00,18,3,30,11,44,250,56,DOLE RUE DE (sup 200),47.22596,5.97884,Plein jour,En agglomération,Intersection à plus de 4 branches,Pluie légère,Deux véhicules - arrière,,,,,,,,,,,1,2,5,2.0,2.0
201800020965,0018-03-30 14:55:00,18,3,30,14,55,250,56,"SANS, BLUM  BOULEVARD LE",47.26368,6.04515,Plein jour,En agglomération,Hors intersection,Normale,Autre collision,,,,,,,,,,,1,2,1,1.0,6.0
201800020966,0018-03-30 21:46:00,18,3,30,21,46,250,56,"SANS, ALLENDE  BOULEVARD",47.21949,5.97559,Nuit avec éclairage allumé,En agglomération,Intersection en T,Normale,Autre collision,,,,,,,,,,,5,2,3,1.0,6.0
201800020967,0018-04-04 19:32:00,18,4,4,19,32,250,56,BLUM  BOULEVARD LEON (in,47.26355,6.0473,Crépuscule ou aube,En agglomération,Intersection en X,Pluie forte,Deux véhicules - côté,,,,,,,,,,,2,2,2,3.0,3.0
201800020968,0018-04-07 16:47:00,18,4,7,16,47,250,56,JOUCHOUX RUE AUGUSTE,47.24072,5.98648,Plein jour,En agglomération,Hors intersection,Normale,Sans collision,,,,,,,,,,,1,2,1,1.0,7.0
201800020969,0018-04-09 17:52:00,18,4,9,17,52,250,56,BLUM  BOULEVARD LEON (in,47.25343,6.01527,Plein jour,En agglomération,Autre intersection,Pluie légère,Autre collision,,,,,,,,,,,1,2,9,2.0,6.0
201800020970,0018-04-09 12:10:00,18,4,9,12,10,250,56,DOLE RUE DE (entre 82 et,47.23061,5.98878,Plein jour,En agglomération,Autre intersection,Normale,Autre collision,,,,,,,,,,,1,2,9,1.0,6.0
201800020971,0018-04-09 19:16:00,18,4,9,19,16,250,56,DOLE RUE DE (entre 185 e,47.22648,5.97829,Plein jour,En agglomération,Intersection à plus de 4 branches,Pluie légère,Deux véhicules - arrière,,,,,,,,,,,1,2,5,2.0,2.0