accident_id,datetime,annee,mois,jour,heure,minute,departement,commune_insee,adresse,latitude,longitude,luminosite,agglomeration,intersection,meteo,collision,nb_vehicules,nb_usagers,nb_indemnes,nb_tues,nb_blesses_hosp,nb_blesses_legers,age_cond_1,age_cond_2,veh_type_cond_1,veh_type_cond_2,lum_code,agg_code,int_code,atm_code,col_code
201800020972,0018-04-12 05:45:00,18,4,12,5,45,250,56,TORCOLS CHEMIN DES,47.26059,6.01528,Crépuscule ou aube,En agglomération,Hors intersection,Normale,Autre collision,,,,,,,,,,,2,2,1,1.0,6.0
201800020973,0018-04-12 15:00:00,18,4,12,15,0,250,56,FORT DES MONTBOUC. CH. D,47.25802,5.98515,Plein jour,En agglomération,Intersection en T,Normale,Deux véhicules - côté,,,,,,,,,,,1,2,3,1.0,3.0
201800020974,0018-04-12 20:30:00,18,4,12,20,30,250,56,ARMEE FRANCAISE PL. DE L,47.24276,6.02983,Crépuscule ou aube,En agglomération,Intersection en X,Normale,Deux véhicules - côté,,,,,,,,,,,2,2,2,1.0,3.0
201800020975,0018-04-13 16:53:00,18,4,13,16,53,250,56,CRAS RUE DES,47.25293,6.03066,Plein jour,En agglomération,Intersection en T,Normale,Deux véhicules - côté,,,,,,,,,,,1,2,3,1.0,3.0
201800020976,0018-04-15 04:54:00,18,4,15,4,54,250,56,DOLE RUE DE (entre 82 et,47.22817,5.98507,Nuit avec éclairage allumé,En agglomération,Hors intersection,Normale,Autre collision,,,,,,,,,,,5,2,1,1.0,6.0
201800020977,0018-04-17 18:18:00,18,4,17,18,18,250,56,GAULARD AVENUE (inf 14),47.23498,6.03376,Plein jour,En agglomération,Hors intersection,Normale,Autre collision,,,,,,,,,,,1,2,1,1.0,6.0
201800020978,0018-04-18 14:30:00,18,4,18,14,30,250,56,DOLE RUE DE (sup 200),47.22226,5.96197,Plein jour,En agglomération,Hors intersection,Temps éblouissant,Deux véhicules - côté,,,,,,,,,,,1,2,1,7.0,3.0
201800020979,0018-04-19 07:40:00,18,4,19,7,40,250,56,MONTBOUCONS CHEMIN DES,47.25379,5.99631,Plein jour,En agglomération,Giratoire,Normale,Deux véhicules - côté,,,,,,,,,,,1,2,6,1.0,3.0
201800020980,0018-04-24 12:15:00,18,4,24,12,15,250,56,EDISON RUE THOMAS,47.23463,5.98014,Plein jour,En agglomération,Hors intersection,Normale,Trois véhicules et plus - en chaîne,,,,,,,,,,,1,2,1,1.0,4.0
201800020981,0018-04-26 16:10:00,18,4,26,16,10,250,56,GARE D'EAU AV.  DE LA (i,47.23182,6.02339,Plein jour,En agglomération,Hors intersection,Normale,Deux véhicules - arrière,,,,,,,,,,,1,2,1,1.0,2.0
201800020982,0018-04-26 23:14:00,18,4,26,23,14,250,56,SIFFERT  AVENUE CHARLES,47.24008,6.01515,Nuit avec éclairage allumé,En agglomération,Intersection en T,Normale,Deux véhicules - arrière,,,,,,,,,,,5,2,3,1.0,2.0
201800020983,0018-04-30 13:30:00,18,4,30,13,30,250,56,BLUM  BOULEVARD LEON (in,47.26095,6.03476,Plein jour,En agglomération,Hors intersection,Normale,Autre collision,,,,,,,,,,,1,2,1,1.0,6.0
201800020984,0018-05-06 15:30:00,18,5,6,15,30,250,56,CASSIN PLACE RENE,47.21823,5.97035,Plein jour,En agglomération,Hors intersection,Normale,Deux véhicules - frontale,,,,,,,,,,,1,2,1,1.0,1.0
201800020985,0018-05-06 05:10:00,18,5,6,5,10,250,56,LAGRANGE  AVENUE LEO,47.2454,6.00164,Nuit avec éclairage allumé,En agglomération,Intersection en Y,Normale,Deux véhicules - côté,,,,,,,,,,,5,2,4,1.0,3.0
201800020986,0018-05-11 13:50:00,18,5,11,13,50,250,56,FRANCHE COMTE RUE DE,47.22319,5.97516,Plein jour,En agglomération,Hors intersection,Normale,Deux véhicules - arrière,,,,,,,,,,,1,2,1,1.0,2.0
201800020987,0018-05-14 17:25:00,18,5,14,17,25,250,56,BOURGOGNE AVENUE DE,47.22281,5.97424,Plein jour,En agglomération,Place,Normale,Deux véhicules - côté,,,,,,,,,,,1,2,7,1.0,3.0
201800020988,0018-05-14 23:25:00,18,5,14,23,25,250,56,RIVOTTE  FAUBOURG,47.23295,6.03527,Nuit avec éclairage allumé,En agglomération,Giratoire,Pluie forte,Deux véhicules - côté,,,,,,,,,,,5,2,6,3.0,3.0
201800020989,0018-05-16 18:23:00,18,5,16,18,23,250,56,DOLE RUE DE (entre 82 et,47.2263,5.97839,Plein jour,En agglomération,Autre intersection,Normale,Deux véhicules - côté,,,,,,,,,,,1,2,9,1.0,3.0
201800020990,0018-05-17 11:50:00,18,5,17,11,50,250,56,MONTJOUX  AVENUE DE,47.24849,6.01489,Plein jour,En agglomération,Hors intersection,Normale,Deux véhicules - côté,,,,,,,,,,,1,2,1,1.0,3.0
201800020991,0018-05-19 23:25:00,18,5,19,23,25,250,56,MONTRAPON AVENUE DE,47.24398,6.01296,Nuit avec éclairage allumé,En agglomération,Intersection en X,Normale,Deux véhicules - côté,,,,,,,,,,,5,2,2,1.0,3.0
201800020992,0018-05-21 09:15:00,18,5,21,9,15,250,56,CUSENIER AVENUE ELISEE,47.24086,6.02518,Plein jour,En agglomération,Intersection en T,Normale,Deux véhicules - côté,,,,,,,,,,,1,2,3,1.0,3.0
201800020993,0018-05-22 12:15:00,18,5,22,12,15,250,56,DOLE RUE DE (sup 200),47.2215,5.9588,Plein jour,En agglomération,Autre intersection,Normale,Deux véhicules - côté,,,,,,,,,,,1,2,9,1.0,3.0
201800020994,0018-05-21 13:45:00,18,5,21,13,45,250,56,CASAMENE  CH. DE HALAGE,47.21778,6.01982,Plein jour,En agglomération,Hors intersection,Normale,Deux véhicules - côté,,,,,,,,,,,1,2,1,1.0,3.0
201800020995,0018-05-24 10:57:00,18,5,24,10,57,250,56,JANVIER RUE ANTIDE,47.23664,6.01519,Plein jour,En agglomération,Hors intersection,Normale,Deux véhicules - arrière,,,,,,,,,,,1,2,1,1.0,2.0
201800020996,0018-05-25 08:39:00,18,5,25,8,39,250,56,VESOUL RUE DE (inf 52),47.25238,6.01683,Plein jour,En agglomération,Hors intersection,Normale,Deux véhicules - arrière,,,,,,,,,,,1,2,1,1.0,2.0
201800020997,0018-06-08 16:55:00,18,6,8,16,55,250,56,GAUGUIN RUE PAUL,47.21727,5.97746,Plein jour,En agglomération,Hors intersection,Normale,Deux véhicules - côté,,,,,,,,,,,1,2,1,1.0,3.0
201800020998,0018-06-08 16:05:00,18,6,8,16,5,250,56,MONTBOUCONS CHEMIN DES,47.25583,5.99453,Plein jour,En agglomération,Giratoire,Normale,Deux véhicules - côté,,,,,,,,,,,1,2,6,1.0,3.0
201800020999,0018-06-10 15:23:00,18,6,10,15,23,250,56,BRABANT RUE DE,47.22352,5.96825,Plein jour,En agglomération,Hors intersection,Normale,Sans collision,,,,,,,,,,,1,2,1,1.0,7.0
201800021000,0018-06-12 07:35:00,18,6,12,7,35,250,56,TARRAGNOZ FAUBOURG,47.22716,6.03252,Plein jour,En agglomération,Hors intersection,Normale,Deux véhicules - arrière,,,,,,,,,,,1,2,1,1.0,2.0
201800021001,0018-06-11 20:40:00,18,6,11,20,40,250,56,KENNEDY  BOULEVARD J.F.,47.23287,5.98264,Plein jour,En agglomération,Hors intersection,Pluie légère,Deux véhicules - arrière,,,,,,,,,,,1,2,1,2.0,2.0
201800021002,0018-06-15 08:10:00,18,6,15,8,10,250,56,HUIT MAI 1945 AVENUE DU,47.23463,6.01916,Plein jour,Hors agglomération,Hors intersection,Normale,Deux véhicules - côté,,,,,,,,,,,1,1,1,1.0,3.0
201800021003,0018-06-16 15:50:00,18,6,16,15,50,250,56,RELANCONS CHEMIN DES,47.27333,6.03224,Plein jour,En agglomération,Hors intersection,Normale,Autre collision,,,,,,,,,,,1,2,1,1.0,6.0
201800021004,0018-06-16 11:02:00,18,6,16,11,2,250,56,CASSIN PLACE RENE,47.21905,5.97115,Plein jour,En agglomération,Autre intersection,Normale,Trois véhicules et plus - en chaîne,,,,,,,,,,,1,2,9,1.0,4.0
201800021005,0018-06-16 20:10:00,18,6,16,20,10,250,56,rue d'artois,47.22396,5.97152,Plein jour,En agglomération,Hors intersection,Normale,Autre collision,,,,,,,,,,,1,2,1,1.0,6.0
201800021006,0018-06-18 10:45:00,18,6,18,10,45,250,56,HUIT MAI 1945 AVENUE DU,47.23466,6.01926,Plein jour,En agglomération,Hors intersection,Normale,Deux véhicules - côté,,,,,,,,,,,1,2,1,1.0,3.0
201800021007,0018-06-19 08:30:00,18,6,19,8,30,250,56,VESOUL RUE DE (inf 52),47.24964,6.01961,Plein jour,En agglomération,Intersection en T,Normale,Deux véhicules - côté,,,,,,,,,,,1,2,3,1.0,3.0
201800021008,0018-06-20 07:45:00,18,6,20,7,45,250,56,MICHEL  AVENUE LOUISE,47.23579,6.01418,Plein jour,En agglomération,Hors intersection,Normale,Deux véhicules - côté,,,,,,,,,,,1,2,1,1.0,3.0
201800021009,0018-06-21 16:05:00,18,6,21,16,5,250,56,VESOUL RUE DE (inf 52),47.253,6.0164,Plein jour,En agglomération,Hors intersection,Normale,Autre collision,,,,,,,,,,,1,2,1,1.0,6.0
201800021010,0018-06-22 11:30:00,18,6,22,11,30,250,56,CHAR  RUE RENE,47.2183,5.9517,Plein jour,En agglomération,Autre intersection,Normale,Autre collision,,,,,,,,,,,1,2,9,1.0,6.0
201800021011,0018-06-26 10:13:00,18,6,26,10,13,250,56,DOLE RUE DE (inf 82),47.23089,5.99543,Plein jour,En agglomération,Hors intersection,Normale,Deux véhicules - côté,,,,,,,,,,,1,2,1,1.0,3.0
201800021012,0018-06-29 19:45:00,18,6,29,19,45,250,56,BRABANT RUE DE,47.22375,5.9692,Plein jour,En agglomération,Intersection en Y,Normale,Autre collision,,,,,,,,,,,1,2,4,1.0,6.0
201800021013,0018-06-30 08:45:00,18,6,30,8,45,250,56,BELFORT RUE DE (inf144),47.25779,6.04364,Plein jour,En agglomération,Hors intersection,Normale,Autre collision,,,,,,,,,,,1,2,1,1.0,6.0
201800021014,0018-07-02 13:50:00,18,7,2,13,50,250,56,HUIT MAI 1945 AVENUE DU,47.23464,6.01925,Plein jour,En agglomération,Hors intersection,Normale,Deux véhicules - côté,,,,,,,,,,,1,2,1,1.0,3.0
201800021015,0018-07-03 15:55:00,18,7,3,15,55,250,56,MONTRAPON AVENUE DE,47.24515,6.0105,Plein jour,En agglomération,Hors intersection,Temps couvert,Deux véhicules - arrière,,,,,,,,,,,1,2,1,8.0,2.0
201800021016,0018-07-10 09:55:00,18,7,10,9,55,250,56,FLEMING BOULEVARD,47.22684,5.96549,Plein jour,En agglomération,Hors intersection,Normale,Deux véhicules - côté,,,,,,,,,,,1,2,1,1.0,3.0
201800021017,0018-07-10 16:30:00,18,7,10,16,30,250,56,SOIXANTIEME R.I. AVENUE,47.24236,6.0091,Plein jour,En agglomération,Giratoire,Normale,Deux véhicules - arrière,,,,,,,,,,,1,2,6,1.0,2.0
201800021018,0018-07-13 22:05:00,18,7,13,22,5,250,56,JARDINS RUE DES,47.25086,6.03761,Nuit avec éclairage allumé,En agglomération,Hors intersection,Normale,Deux véhicules - frontale,,,,,,,,,,,5,2,1,1.0,1.0
201800021019,0018-07-17 16:00:00,18,7,17,16,0,250,56,DOLE RUE DE (sup 200),47.22558,5.9741,Plein jour,En agglomération,Hors intersection,Normale,Autre collision,,,,,,,,,,,1,2,1,1.0,6.0
201800021020,0018-07-18 10:50:00,18,7,18,10,50,250,56,ALLENDE  BOULEVARD SALVA,47.22007,5.9734,Plein jour,En agglomération,Hors intersection,Normale,Autre collision,,,,,,,,,,,1,2,1,1.0,6.0
201800021021,0018-07-18 17:10:00,18,7,18,17,10,250,56,KENNEDY  BOULEVARD J.F.,47.2419,5.99336,Plein jour,En agglomération,Hors intersection,Normale,Deux véhicules - côté,,,,,,,,,,,1,2,1,1.0,3.0
201800021022,0018-07-19 14:20:00,18,7,19,14,20,250,56,GRAY ROUTE DE,47.24445,5.98329,Plein jour,En agglomération,Hors intersection,Normale,Deux véhicules - arrière,,,,,,,,,,,1,2,1,1.0,2.0
201800021023,0018-07-26 22:20:00,18,7,26,22,20,250,56,BLUM BOULEVARD LEON (ent,47.26111,6.03436,Nuit avec éclairage non allumé,En agglomération,Hors intersection,Normale,Deux véhicules - arrière,,,,,,,,,,,4,2,1,1.0,2.0
201800021024,0018-07-30 08:50:00,18,7,30,8,50,250,56,CHOPARD RUE ALEXIS,47.24831,6.03197,Plein jour,En agglomération,Autre intersection,Normale,Deux véhicules - côté,,,,,,,,,,,1,2,9,1.0,3.0
201800021025,0018-08-01 11:35:00,18,8,1,11,35,250,56,JARDINS RUE DES,47.25009,6.03689,Plein jour,En agglomération,Hors intersection,Temps éblouissant,Deux véhicules - arrière,,,,,,,,,,,1,2,1,7.0,2.0
201800021026,0018-07-30 21:55:00,18,7,30,21,55,250,56,MARCHAUX ROUTE DE,47.2847,6.06348,Crépuscule ou aube,Hors agglomération,Hors intersection,Normale,Deux véhicules - côté,,,,,,,,,,,2,1,1,1.0,3.0
201800021027,0018-08-04 20:38:00,18,8,4,20,38,250,56,CARNOT AVENUE,47.24569,6.02738,Plein jour,En agglomération,Hors intersection,Normale,Deux véhicules - côté,,,,,,,,,,,1,2,1,1.0,3.0
201800021028,0018-08-16 03:45:00,18,8,16,3,45,250,56,OUEST BOULEVARD,47.21812,5.98389,Nuit avec éclairage allumé,En agglomération,Hors intersection,Normale,Autre collision,,,,,,,,,,,5,2,1,1.0,6.0
201800021029,0018-08-17 12:15:00,18,8,17,12,15,250,56,ESSARTS CHEMIN DES,47.26925,6.01015,Plein jour,En agglomération,Hors intersection,Normale,Autre collision,,,,,,,,,,,1,2,1,1.0,6.0
201800021030,0018-08-17 03:55:00,18,8,17,3,55,250,56,OUEST BOULEVARD,47.25595,5.99567,Nuit sans éclairage public,En agglomération,Hors intersection,Normale,Sans collision,,,,,,,,,,,3,2,1,1.0,7.0
201800021031,0018-08-25 16:41:00,18,8,25,16,41,250,56,CLERC RUE FRANCIS (inf 2,47.25565,6.02173,Plein jour,En agglomération,Giratoire,Pluie légère,Deux véhicules - côté,,,,,,,,,,,1,2,6,2.0,3.0
201800021032,0018-08-25 17:27:00,18,8,25,17,27,250,56,BELFORT RUE DE BELFORT (,47.26141,6.04864,Plein jour,En agglomération,Hors intersection,Pluie légère,Deux véhicules - côté,,,,,,,,,,,1,2,1,2.0,3.0
201800021033,0018-08-28 07:15:00,18,8,28,7,15,250,56,FEBVRE RUE LUCIEN,47.24669,6.01718,Plein jour,En agglomération,Intersection en T,Normale,Autre collision,,,,,,,,,,,1,2,3,1.0,6.0
201800021034,0018-08-30 17:55:00,18,8,30,17,55,250,56,RN 1057 (BD CHURCHIL-ROU,47.23766,5.97898,Plein jour,En agglomération,Autre intersection,Normale,Trois véhicules et plus - en chaîne,,,,,,,,,,,1,2,9,1.0,4.0
201800021035,0018-08-31 14:50:00,18,8,31,14,50,250,56,RN 1057 (CH. EPITAPHE-CH,47.25262,5.98693,Plein jour,Hors agglomération,Hors intersection,Normale,Autre collision,,,,,,,,,,,1,1,1,1.0,6.0
201800021036,0018-09-02 22:45:00,18,9,2,22,45,250,56,MAROT RUE CLEMENT,47.21811,5.95769,Nuit avec éclairage allumé,En agglomération,Intersection en T,Normale,Deux véhicules - côté,,,,,,,,,,,5,2,3,1.0,3.0
201800021037,0018-09-05 12:10:00,18,9,5,12,10,250,56,WYRSCH RUE JEAN,47.2579,6.0204,Plein jour,En agglomération,Hors intersection,Normale,Deux véhicules - côté,,,,,,,,,,,1,2,1,1.0,3.0
201800021038,0018-09-07 07:24:00,18,9,7,7,24,250,56,DOLE RUE DE (inf 82),47.23216,6.00026,Plein jour,En agglomération,Hors intersection,Temps couvert,Autre collision,,,,,,,,,,,1,2,1,8.0,6.0
201800021039,0018-09-19 19:25:00,18,9,19,19,25,250,56,LAGRANGE  AVENUE LEO,47.24304,6.00772,Plein jour,En agglomération,Intersection en T,Normale,Deux véhicules - côté,,,,,,,,,,,1,2,3,1.0,3.0
201800021040,0018-09-25 16:45:00,18,9,25,16,45,250,56,COLOGNE  RUE DE,47.22032,5.97003,Plein jour,En agglomération,Hors intersection,Normale,Autre collision,,,,,,,,,,,1,2,1,1.0,6.0
201800021041,0018-09-25 18:30:00,18,9,25,18,30,250,56,GAULARD AVENUE (sup 14),47.23404,6.03428,Plein jour,En agglomération,Intersection en T,Normale,Trois véhicules et plus - collisions multiples,,,,,,,,,,,1,2,3,1.0,5.0
201800021042,0018-10-04 18:00:00,18,10,4,18,0,250,56,PAIX  AVENUE DE LA,47.24596,6.02126,Plein jour,En agglomération,Autre intersection,Normale,Deux véhicules - côté,,,,,,,,,,,1,2,9,1.0,3.0
201800021043,0018-10-10 12:04:00,18,10,10,12,4,250,56,KENNEDY  BOULEVARD J.F.,47.23166,5.98222,Plein jour,Hors agglomération,Autre intersection,Normale,Autre collision,,,,,,,,,,,1,1,9,1.0,6.0
201800021044,0018-10-08 17:44:00,18,10,8,17,44,250,56,GRAY ROUTE DE,47.2445,5.993,Plein jour,En agglomération,Intersection en X,Normale,Trois véhicules et plus - collisions multiples,,,,,,,,,,,1,2,2,1.0,5.0
201800021045,0018-10-13 09:10:00,18,10,13,9,10,250,56,DENFERT ROCHEREAU AVENUE,47.24269,6.02579,Plein jour,En agglomération,Intersection en X,Normale,Deux véhicules - côté,,,,,,,,,,,1,2,2,1.0,3.0
201800021046,0018-10-14 17:25:00,18,10,14,17,25,250,56,RIVOTTE  FAUBOURG,47.23088,6.03625,Plein jour,En agglomération,Hors intersection,Normale,Deux véhicules - arrière,,,,,,,,,,,1,2,1,1.0,2.0
201800021047,0018-10-18 09:05:00,18,10,18,9,5,250,56,OUEST BOULEVARD,47.22255,5.97949,Plein jour,En agglomération,Hors intersection,Normale,Deux véhicules - côté,,,,,,,,,,,1,2,1,1.0,3.0
201800021048,0018-10-18 14:15:00,18,10,18,14,15,250,56,GARE D'EAU AV.  DE LA (i,47.2327,6.02002,Plein jour,En agglomération,Intersection en X,Normale,Deux véhicules - côté,,,,,,,,,,,1,2,2,1.0,3.0
201800021049,0018-10-29 22:33:00,18,10,29,22,33,250,56,BRULARD  RUE GENERAL,47.22833,6.04166,Nuit avec éclairage allumé,En agglomération,Hors intersection,Pluie légère,Deux véhicules - arrière,,,,,,,,,,,5,2,1,2.0,2.0
201800021050,0018-10-30 18:45:00,18,10,30,18,45,250,56,RN 1057 (ROUTE DE GRAY-C,47.26548,6.00477,Crépuscule ou aube,Hors agglomération,Hors intersection,Normale,Deux véhicules - arrière,,,,,,,,,,,2,1,1,1.0,2.0
201800021051,0018-10-31 18:25:00,18,10,31,18,25,250,56,RN 1057 (CH. EPITAPHE-CH,47.26207,6.00489,Nuit sans éclairage public,En agglomération,Hors intersection,Normale,Trois véhicules et plus - en chaîne,,,,,,,,,,,3,2,1,1.0,4.0
201800021052,0018-11-08 14:15:00,18,11,8,14,15,250,56,PAIX  AVENUE DE LA,47.24566,6.02044,Plein jour,En agglomération,Autre intersection,Normale,Deux véhicules - côté,,,,,,,,,,,1,2,9,1.0,3.0
201800021053,0018-11-16 20:00:00,18,11,16,20,0,250,56,KENNEDY  BOULEVARD J.F.,47.24313,5.99492,Nuit avec éclairage allumé,En agglomération,Intersection en X,Normale,Deux véhicules - frontale,,,,,,,,,,,5,2,2,1.0,1.0
201800021054,0018-11-17 09:10:00,18,11,17,9,10,250,56,RN 1057 (CH. EPITAPHE-CH,47.2711,5.99913,Plein jour,Hors agglomération,Hors intersection,Normale,Trois véhicules et plus - en chaîne,,,,,,,,,,,1,1,1,1.0,4.0
201800021055,0018-11-23 12:25:00,18,11,23,12,25,250,56,BERT RUE PAUL,47.25431,6.02825,Plein jour,En agglomération,Hors intersection,Normale,Autre collision,,,,,,,,,,,1,2,1,1.0,6.0
201800021056,0018-11-27 18:30:00,18,11,27,18,30,250,56,LAPLACE   RUE PIERRE,47.25185,5.9878,Nuit avec éclairage allumé,En agglomération,Hors intersection,Normale,Deux véhicules - frontale,,,,,,,,,,,5,2,1,1.0,1.0
201800021057,0018-11-30 07:55:00,18,11,30,7,55,250,56,DOLE RUE DE (entre 185 e,47.21733,5.94269,Plein jour,En agglomération,Hors intersection,Pluie légère,Deux véhicules - côté,,,,,,,,,,,1,2,1,2.0,3.0
201800021058,0018-12-05 06:25:00,18,12,5,6,25,250,56,VIGNY  RUE ALFRED,47.2179,5.9648,Nuit avec éclairage allumé,En agglomération,Giratoire,Pluie légère,Deux véhicules - frontale,,,,,,,,,,,5,2,6,2.0,1.0
201800021059,0018-12-06 11:41:00,18,12,6,11,41,250,56,DOLE RUE DE (sup 200),47.21586,5.9408,Plein jour,Hors agglomération,Hors intersection,Pluie légère,Deux véhicules - côté,,,,,,,,,,,1,1,1,2.0,3.0
201800021060,0018-12-10 17:21:00,18,12,10,17,21,250,56,FRANCHE COMTE RUE DE,47.22283,5.97639,Nuit avec éclairage allumé,En agglomération,Intersection en T,Pluie légère,Deux véhicules - côté,,,,,,,,,,,5,2,3,2.0,3.0
201800021061,0018-12-18 15:58:00,18,12,18,15,58,250,56,BELFORT RUE DE BELFORT (,47.25576,6.04098,Plein jour,En agglomération,Giratoire,Normale,Autre collision,,,,,,,,,,,1,2,6,1.0,6.0
201800021062,0018-12-19 12:17:00,18,12,19,12,17,250,56,RN 1057 (CH. EPITAPHE-CH,47.25166,5.98555,Plein jour,Hors agglomération,Hors intersection,Temps couvert,Autre collision,,,,,,,,,,,1,1,1,8.0,6.0
201800021063,0018-12-21 07:20:00,18,12,21,7,20,250,56,FOUNOTTES CHEMIN DES,47.25744,6.0058,Nuit avec éclairage allumé,En agglomération,Hors intersection,Pluie forte,Autre collision,,,,,,,,,,,5,2,1,3.0,6.0
201800021064,0018-12-21 21:30:00,18,12,21,21,30,250,56,VESOUL RUE DE (inf 52),47.24683,6.01964,Nuit avec éclairage allumé,En agglomération,Hors intersection,Pluie légère,Deux véhicules - arrière,,,,,,,,,,,5,2,1,2.0,2.0
201800021065,0018-12-28 19:35:00,18,12,28,19,35,250,56,JOUCHOUX RUE AUGUSTE,47.24094,5.98635,Nuit avec éclairage allumé,En agglomération,Hors intersection,Normale,Deux véhicules - arrière,,,,,,,,,,,5,2,1,1.0,2.0
201800021066,0018-12-29 01:40:00,18,12,29,1,40,250,56,RN 57,47.26207,6.00535,Nuit sans éclairage public,Hors agglomération,Hors intersection,Normale,Autre collision,,,,,,,,,,,3,1,1,1.0,6.0
201800021067,0018-01-31 13:45:00,18,1,31,13,45,250,388,PRAIRIE (RUE DE LA),47.51587,6.81568,Plein jour,En agglomération,Intersection en X,Temps couvert,Deux véhicules - côté,,,,,,,,,,,1,2,2,8.0,3.0
201800021068,0018-02-06 00:01:00,18,2,6,0,1,700,285,D438 H,47.56196,6.76956,Nuit sans éclairage public,Hors agglomération,Hors intersection,Normale,Deux véhicules - côté,,,,,,,,,,,3,1,1,1.0,3.0
201800021069,0018-02-23 14:45:00,18,2,23,14,45,250,580,OEHMICHEN (RUE),47.46311,6.83235,Plein jour,En agglomération,Intersection en X,Temps couvert,Deux véhicules - côté,,,,,,,,,,,1,2,2,8.0,3.0
201800021070,0018-03-11 16:30:00,18,3,11,16,30,250,388,"11, JUIN (RUE DU MARECHA",47.52188,6.79205,Plein jour,En agglomération,Intersection en Y,Normale,Autre collision,,,,,,,,,,,1,2,4,1.0,6.0
201800021071,0018-03-15 05:30:00,18,3,15,5,30,250,580,AUDINCOURT-R.N.437 (ROUT,47.4626,6.84199,Nuit avec éclairage allumé,En agglomération,Hors intersection,Normale,Autre collision,,,,,,,,,,,5,2,1,1.0,6.0
201800021072,0018-03-10 14:20:00,18,3,10,14,20,700,285,GUSTAVE COURBET(RUE),47.58173,6.76393,Plein jour,En agglomération,Hors intersection,Normale,Autre collision,,,,,,,,,,,1,2,1,1.0,6.0
201800021073,0018-03-24 12:06:00,18,3,24,12,6,250,388,PRAIRIE (RUE DE LA),47.51587,6.81589,Plein jour,En agglomération,Intersection en X,Normale,Deux véhicules - côté,,,,,,,,,,,1,2,2,1.0,3.0
201800021074,0018-03-22 13:35:00,18,3,22,13,35,250,388,CHAMP DE FOIRE (RUE DU),47.50688,6.79289,Plein jour,En agglomération,Place,Neige / grêle,Autre collision,,,,,,,,,,,1,2,7,4.0,6.0
201800021075,0018-03-30 21:00:00,18,3,30,21,0,250,31,REVOLUTION DE 1789 AVENU,47.47895,6.84269,Nuit avec éclairage non allumé,En agglomération,Hors intersection,Pluie légère,Autre collision,,,,,,,,,,,4,2,1,2.0,6.0
201800021076,0018-04-12 19:15:00,18,4,12,19,15,250,388,ROSES (RUE DE),47.5106,6.7778,Plein jour,En agglomération,Autre intersection,Normale,Autre collision,,,,,,,,,,,1,2,9,1.0,6.0
201800021077,0018-04-14 12:15:00,18,4,14,12,15,250,31,MONTBELIARD (RUE DE),47.49148,6.81124,Plein jour,En agglomération,Hors intersection,Normale,Autre collision,,,,,,,,,,,1,2,1,1.0,6.0
201800021078,0018-04-26 08:40:00,18,4,26,8,40,250,230,GRANDE RUE,47.50235,6.83678,Plein jour,En agglomération,Hors intersection,Normale,Autre collision,,,,,,,,,,,1,2,1,1.0,6.0
201800021079,0018-04-23 13:56:00,18,4,23,13,56,250,388,ARMEE (RUE DE LA 1IERE),47.51685,6.81473,Plein jour,En agglomération,Autre intersection,Normale,Autre collision,,,,,,,,,,,1,2,9,1.0,6.0
201800021080,0018-05-22 12:05:00,18,5,22,12,5,250,547,PONTARLIER (RUE DE),47.51505,6.83339,Plein jour,En agglomération,Hors intersection,Normale,Autre collision,,,,,,,,,,,1,2,1,1.0,6.0
201800021081,0018-06-15 16:55:00,18,6,15,16,55,250,388,BESANCON (FAUBOURG DE),,,Plein jour,En agglomération,Intersection en X,Normale,Deux véhicules - frontale,,,,,,,,,,,1,2,2,1.0,1.0
201800021082,0018-06-28 21:30:00,18,6,28,21,30,250,539,AUDINCOURT (RUE D'),47.46701,6.85438,Plein jour,En agglomération,Intersection en T,Normale,Deux véhicules - côté,,,,,,,,,,,1,2,3,1.0,3.0
201800021083,0018-07-22 16:55:00,18,7,22,16,55,250,388,CHENOIS (RUE DU PETIT),47.50079,6.79438,Plein jour,En agglomération,Intersection en T,Normale,Deux véhicules - côté,,,,,,,,,,,1,2,3,1.0,3.0
201800021084,0018-08-24 21:18:00,18,8,24,21,18,250,388,D 438,47.51152,6.79789,Nuit avec éclairage allumé,En agglomération,Intersection en X,Normale,Autre collision,,,,,,,,,,,5,2,2,1.0,6.0
201800021085,0018-09-22 19:00:00,18,9,22,19,0,250,539,BANNOT (RUE DU),47.51209,6.79419,Plein jour,En agglomération,Hors intersection,Normale,Autre collision,,,,,,,,,,,1,2,1,1.0,6.0
201800021086,0018-10-11 07:40:00,18,10,11,7,40,700,285,D483,47.57979,6.73605,Plein jour,Hors agglomération,Hors intersection,Normale,Deux véhicules - frontale,,,,,,,,,,,1,1,1,1.0,1.0
201800021087,0018-10-15 16:38:00,18,10,15,16,38,250,388,DEBUSSY (RUE CLAUDE),47.49842,6.7952,Plein jour,En agglomération,Autre intersection,Normale,Autre collision,,,,,,,,,,,1,2,9,1.0,6.0
201800021088,0018-12-20 13:25:00,18,12,20,13,25,250,539,LECLERC (AVENUE DU GENER,47.45924,6.86647,Plein jour,En agglomération,Hors intersection,Pluie légère,Autre collision,,,,,,,,,,,1,2,1,2.0,6.0
201800021089,0018-01-12 11:10:00,18,1,12,11,10,250,462,"12, DENIS PAPIN",46.91401,6.33729,Plein jour,En agglomération,Intersection en X,Temps couvert,Deux véhicules - côté,,,,,,,,,,,1,2,2,8.0,3.0
201800021090,0018-01-20 23:50:00,18,1,20,23,50,250,462,"70, BESANCON (DU 72TER A",46.9138,6.3463,Nuit avec éclairage allumé,En agglomération,Intersection en T,Pluie forte,Deux véhicules - côté,,,,,,,,,,,5,2,3,3.0,3.0
201800021091,0018-02-03 07:35:00,18,2,3,7,35,250,204,R-N 57.,46.90047,6.34102,Plein jour,En agglomération,Hors intersection,Pluie légère,Deux véhicules - frontale,,,,,,,,,,,1,2,1,2.0,1.0