accident_id,datetime,annee,mois,jour,heure,minute,departement,commune_insee,adresse,latitude,longitude,luminosite,agglomeration,intersection,meteo,collision,nb_vehicules,nb_usagers,nb_indemnes,nb_tues,nb_blesses_hosp,nb_blesses_legers,age_cond_1,age_cond_2,veh_type_cond_1,veh_type_cond_2,lum_code,agg_code,int_code,atm_code,col_code
201800021214,0018-08-23 08:20:00,18,8,23,8,20,830,91,"RD 14, PK 3+227",43.23308,6.17938,Plein jour,Hors agglomération,Hors intersection,Normale,Deux véhicules - côté,,,,,,,,,,,1,1,1,1.0,3.0
201800021215,0018-09-07 20:55:00,18,9,7,20,55,830,49,Avenue Eugénie et Henri,43.23574,6.08772,Nuit sans éclairage public,Hors agglomération,Hors intersection,Normale,Deux véhicules - frontale,,,,,,,,,,,3,1,1,1.0,1.0
201800021216,0018-12-03 11:45:00,18,12,3,11,45,830,49,quartier des défends,43.2457,6.08972,Plein jour,Hors agglomération,Hors intersection,Normale,Sans collision,,,,,,,,,,,1,1,1,1.0,7.0
201800021217,0018-12-06 08:20:00,18,12,6,8,20,830,33,D97 PK34+200,43.30031,6.18589,Plein jour,Hors agglomération,Intersection en T,Normale,Deux véhicules - côté,,,,,,,,,,,1,1,3,1.0,3.0
201800021218,0018-03-25 17:45:00,18,3,25,17,45,540,198,D15 PK0,49.25155,5.82976,Plein jour,Hors agglomération,Intersection en T,Normale,Sans collision,,,,,,,,,,,1,1,3,1.0,7.0
201800021219,0018-09-02 19:30:00,18,9,2,19,30,540,410,Route départementale 28,48.99907,5.97639,Plein jour,Hors agglomération,Hors intersection,Normale,Autre collision,,,,,,,,,,,1,1,1,1.0,6.0
201800021220,0018-09-06 15:05:00,18,9,6,15,5,540,353,Route Départementale 952,49.09931,5.89081,Plein jour,Hors agglomération,Hors intersection,Normale,Autre collision,,,,,,,,,,,1,1,1,1.0,6.0
201800021221,0018-09-10 10:55:00,18,9,10,10,55,540,283,RD 13,49.15827,5.96141,Plein jour,Hors agglomération,Hors intersection,Normale,Sans collision,,,,,,,,,,,1,1,1,1.0,7.0
201800021222,0018-01-17 20:25:00,18,1,17,20,25,260,198,5 AV ESPOULETTE,44.55681,4.75528,Nuit avec éclairage allumé,En agglomération,Hors intersection,Normale,Deux véhicules - frontale,,,,,,,,,,,5,2,1,1.0,1.0
201800021223,0018-10-05 12:15:00,18,10,5,12,15,260,198,CHATEAUNEUF ROUTE DE,44.54243,4.74459,Plein jour,En agglomération,Hors intersection,Normale,Autre collision,,,,,,,,,,,1,2,1,1.0,6.0
201800021224,0018-01-26 16:10:00,18,1,26,16,10,260,198,RTE DU TEIL,44.55538,4.72031,Plein jour,En agglomération,Hors intersection,Pluie légère,Trois véhicules et plus - en chaîne,,,,,,,,,,,1,2,1,2.0,4.0
201800021225,0018-10-24 09:00:00,18,10,24,9,0,260,198,KENNEDY Avenue John F,44.5533,4.74823,Plein jour,En agglomération,Intersection en T,Normale,Autre collision,,,,,,,,,,,1,2,3,1.0,6.0
201800021226,0018-02-02 10:25:00,18,2,2,10,25,260,198,ROUTE DU TEIL,44.55227,4.70292,Plein jour,Hors agglomération,Hors intersection,Normale,Deux véhicules - frontale,,,,,,,,,,,1,1,1,1.0,1.0
201800021227,0018-02-03 16:25:00,18,2,3,16,25,260,198,ROUTE DU TEIL,44.55677,4.72928,Plein jour,En agglomération,Hors intersection,Normale,Deux véhicules - côté,,,,,,,,,,,1,2,1,1.0,3.0
201800021228,0018-02-12 21:15:00,18,2,12,21,15,260,198,7 BD MEYNOT,44.55532,4.75004,Nuit avec éclairage allumé,En agglomération,Hors intersection,Normale,Autre collision,,,,,,,,,,,5,2,1,1.0,6.0
201800021229,0018-02-07 09:30:00,18,2,7,9,30,260,198,ROUTE DU TEIL,44.55728,4.72884,Plein jour,En agglomération,Intersection en T,Normale,Deux véhicules - côté,,,,,,,,,,,1,2,3,1.0,3.0
201800021230,0018-02-19 15:13:00,18,2,19,15,13,260,198,2 BD EUROPE,44.55412,4.75835,Plein jour,En agglomération,Hors intersection,Normale,Sans collision,,,,,,,,,,,1,2,1,1.0,7.0
201800021231,0018-03-06 06:40:00,18,3,6,6,40,260,198,ROUTE DU TEIL,44.55682,4.7269,Nuit avec éclairage allumé,En agglomération,Hors intersection,Normale,Autre collision,,,,,,,,,,,5,2,1,1.0,6.0
201800021232,0018-03-09 20:50:00,18,3,9,20,50,260,198,BOULEVARD DU FUST,44.55728,4.75406,Nuit avec éclairage allumé,En agglomération,Hors intersection,Normale,Autre collision,,,,,,,,,,,5,2,1,1.0,6.0
201800021233,0018-03-09 23:30:00,18,3,9,23,30,260,198,35  RTE DE ESPELUCHE,44.54609,4.76072,Nuit sans éclairage public,En agglomération,Hors intersection,Normale,Sans collision,,,,,,,,,,,3,2,1,1.0,7.0
201800021234,0018-03-29 13:35:00,18,3,29,13,35,260,198,RN 7,44.55866,4.72956,Plein jour,En agglomération,Intersection en X,Normale,Deux véhicules - côté,,,,,,,,,,,1,2,2,1.0,3.0
201800021235,0018-03-30 15:40:00,18,3,30,15,40,260,198,83 AVENUE DU TEIL,44.55803,4.73168,Plein jour,En agglomération,Hors intersection,Pluie légère,Autre collision,,,,,,,,,,,1,2,1,2.0,6.0
201800021236,0018-04-14 10:25:00,18,4,14,10,25,260,8,ROUTE DE  ROCHEMAURE,,,Plein jour,Hors agglomération,Intersection en X,Pluie légère,Deux véhicules - frontale,,,,,,,,,,,1,1,2,2.0,1.0
201800021237,0018-05-16 11:45:00,18,5,16,11,45,260,198,ESPRATS (Chemin des),44.58134,4.74563,Plein jour,Hors agglomération,Hors intersection,Normale,Sans collision,,,,,,,,,,,1,1,1,1.0,7.0
201800021238,0018-06-10 05:30:00,18,6,10,5,30,260,198,RTE DE VALENCE,44.58697,4.75179,Crépuscule ou aube,En agglomération,Hors intersection,Normale,Autre collision,,,,,,,,,,,2,2,1,1.0,6.0
201800021239,0018-07-18 15:15:00,18,7,18,15,15,260,198,ESPOULETTE (Avenue d'),44.55554,4.75722,Plein jour,En agglomération,Intersection en T,Normale,Deux véhicules - côté,,,,,,,,,,,1,2,3,1.0,3.0
201800021240,0018-07-26 16:04:00,18,7,26,16,4,260,198,MEYNOT (Boulevard),44.55551,4.75073,Plein jour,En agglomération,Hors intersection,Normale,Autre collision,,,,,,,,,,,1,2,1,1.0,6.0
201800021241,0018-09-12 05:10:00,18,9,12,5,10,260,198,AVENUE DE GOURNIER,,,Nuit avec éclairage allumé,En agglomération,Intersection en T,Normale,Deux véhicules - côté,,,,,,,,,,,5,2,3,1.0,3.0
201800021242,0018-10-06 04:20:00,18,10,6,4,20,260,198,BRES (Rue Marceau),44.54546,4.71679,Nuit sans éclairage public,Hors agglomération,Hors intersection,Normale,Sans collision,,,,,,,,,,,3,1,1,1.0,7.0
201800021243,0018-11-11 11:08:00,18,11,11,11,8,260,198,TEIL (Route du),44.55673,4.72639,Plein jour,En agglomération,Hors intersection,Normale,Deux véhicules - côté,,,,,,,,,,,1,2,1,1.0,3.0
201800021244,0018-11-19 18:03:00,18,11,19,18,3,260,198,FOURCHES CHEMIN DES,44.54308,4.74246,Nuit avec éclairage allumé,En agglomération,Hors intersection,Pluie légère,Autre collision,,,,,,,,,,,5,2,1,2.0,6.0
201800021245,0018-01-11 15:19:00,18,1,11,15,19,260,281,RTE DE SAINT BARDOUX,45.05638,5.01238,Plein jour,En agglomération,Intersection en X,Normale,Deux véhicules - côté,,,,,,,,,,,1,2,2,1.0,3.0
201800021246,0018-01-12 08:15:00,18,1,12,8,15,260,281,BD JEAN ETIENNE LAPASSAT,45.0576,5.06473,Plein jour,En agglomération,Giratoire,Normale,Deux véhicules - côté,,,,,,,,,,,1,2,6,1.0,3.0
201800021247,0018-01-17 07:50:00,18,1,17,7,50,260,57,PONT LATTRE DE TASSIGNY,45.04042,5.05624,Crépuscule ou aube,En agglomération,Hors intersection,Temps couvert,Autre collision,,,,,,,,,,,2,2,1,8.0,6.0
201800021248,0018-03-25 13:45:00,18,3,25,13,45,260,281,PLACE JEAN JAURES,45.04601,5.05185,Plein jour,En agglomération,Intersection en X,Pluie légère,Deux véhicules - côté,,,,,,,,,,,1,2,2,2.0,3.0
201800021249,0018-04-27 08:15:00,18,4,27,8,15,260,281,AVENUE DU 8 MAI,45.0462,5.0758,Plein jour,En agglomération,Hors intersection,Normale,Autre collision,,,,,,,,,,,1,2,1,1.0,6.0
201800021250,0018-04-27 12:25:00,18,4,27,12,25,260,57,AVENUE KENNEDY,45.03181,5.06592,Plein jour,Hors agglomération,Hors intersection,Normale,Deux véhicules - côté,,,,,,,,,,,1,1,1,1.0,3.0
201800021251,0018-05-10 20:10:00,18,5,10,20,10,260,281,BOULEVARD VOLTAIRE,45.04394,5.05856,Crépuscule ou aube,En agglomération,Hors intersection,Normale,Deux véhicules - frontale,,,,,,,,,,,2,2,1,1.0,1.0
201800021252,0018-06-01 08:30:00,18,6,1,8,30,260,281,BERTHELOT (AVENUE),45.04415,5.30491,Plein jour,En agglomération,Intersection en T,Normale,Deux véhicules - côté,,,,,,,,,,,1,2,3,1.0,3.0
201800021253,0018-06-25 20:20:00,18,6,25,20,20,260,281,ROND POINT DEVAL,45.04531,5.04636,Crépuscule ou aube,En agglomération,Giratoire,Normale,Deux véhicules - côté,,,,,,,,,,,2,2,6,1.0,3.0
201800021254,0018-06-26 17:45:00,18,6,26,17,45,260,281,RTE DE SAINT BARDOUX,45.05422,5.02413,Plein jour,En agglomération,Hors intersection,Normale,Deux véhicules - frontale,,,,,,,,,,,1,2,1,1.0,1.0
201800021255,0018-06-29 18:25:00,18,6,29,18,25,260,281,RTE DE SAINT BARDOUX,,,Plein jour,Hors agglomération,Intersection en X,Temps éblouissant,Deux véhicules - côté,,,,,,,,,,,1,1,2,7.0,3.0
201800021256,0018-07-03 10:00:00,18,7,3,10,0,260,281,GAMBETTA (AVENUE),45.0454,5.05697,Plein jour,En agglomération,Autre intersection,Temps éblouissant,Autre collision,,,,,,,,,,,1,2,9,7.0,6.0
201800021257,0018-07-05 11:23:00,18,7,5,11,23,260,57,RUE ANTONIN VALLON,45.0402,5.0565,Plein jour,En agglomération,Intersection en T,Normale,Deux véhicules - arrière,,,,,,,,,,,1,2,3,1.0,2.0
201800021258,0018-07-10 07:50:00,18,7,10,7,50,260,281,RUE DE LA REPUBLIQUE,45.04769,5.05166,Plein jour,En agglomération,Intersection en X,Normale,Deux véhicules - côté,,,,,,,,,,,1,2,2,1.0,3.0
201800021259,0018-07-11 16:00:00,18,7,11,16,0,260,57,RUE ANTONIN VALLON,45.04006,5.05576,Plein jour,En agglomération,Intersection en T,Normale,Deux véhicules - côté,,,,,,,,,,,1,2,3,1.0,3.0
201800021260,0018-07-11 19:05:00,18,7,11,19,5,260,281,RD 532,45.05325,4.99401,Plein jour,Hors agglomération,Intersection en T,Normale,Deux véhicules - côté,,,,,,,,,,,1,1,3,1.0,3.0
201800021261,0018-07-16 14:55:00,18,7,16,14,55,260,281,JAURES JEAN (PLACE),45.04565,5.05116,Plein jour,En agglomération,Hors intersection,Normale,Deux véhicules - arrière,,,,,,,,,,,1,2,1,1.0,2.0
201800021262,0018-07-10 17:35:00,18,7,10,17,35,260,281,RUE PALESTRO,45.04669,5.05389,Plein jour,En agglomération,Intersection en T,Normale,Deux véhicules - côté,,,,,,,,,,,1,2,3,1.0,3.0
201800021263,0018-07-18 12:55:00,18,7,18,12,55,260,281,AVENUE EMILE ZOLA,45.05029,5.05779,Plein jour,En agglomération,Hors intersection,Normale,Deux véhicules - côté,,,,,,,,,,,1,2,1,1.0,3.0
201800021264,0018-07-20 22:30:00,18,7,20,22,30,260,281,BOULEVARD VOLTAIRE,45.04379,5.05844,Crépuscule ou aube,En agglomération,Hors intersection,Normale,Deux véhicules - frontale,,,,,,,,,,,2,2,1,1.0,1.0
201800021265,0018-10-03 14:30:00,18,10,3,14,30,260,281,PRESLE PLACE DE LA,45.04289,5.04575,Plein jour,En agglomération,Hors intersection,Normale,Autre collision,,,,,,,,,,,1,2,1,1.0,6.0
201800021266,0018-10-31 17:55:00,18,10,31,17,55,260,281,VERCORS (AVENUE DU),45.0455,5.08227,Nuit avec éclairage allumé,En agglomération,Autre intersection,Pluie légère,Autre collision,,,,,,,,,,,5,2,9,2.0,6.0
201800021267,0018-12-09 18:00:00,18,12,9,18,0,260,281,MASSES (COTE DES),45.04442,5.04296,Nuit avec éclairage allumé,En agglomération,Hors intersection,Normale,Autre collision,,,,,,,,,,,5,2,1,1.0,6.0
201800021268,0018-12-13 07:35:00,18,12,13,7,35,260,281,TAIN ROUTE DE,45.04508,5.01299,Crépuscule ou aube,En agglomération,Hors intersection,Normale,Deux véhicules - côté,,,,,,,,,,,2,2,1,1.0,3.0
201800021269,0018-01-11 14:40:00,18,1,11,14,40,260,362,RUE CHEVANDIER,44.92755,4.89178,Plein jour,En agglomération,Hors intersection,Normale,Autre collision,,,,,,,,,,,1,2,1,1.0,6.0
201800021270,0018-01-24 07:50:00,18,1,24,7,50,260,58,ROUTE DE PONT  ISERE,,,Plein jour,Hors agglomération,Hors intersection,Normale,Deux véhicules - côté,,,,,,,,,,,1,1,1,1.0,3.0
201800021271,0018-01-30 13:20:00,18,1,30,13,20,260,362,AV SALVATOR  ALLENDE,,,Plein jour,En agglomération,Intersection en X,Normale,Deux véhicules - côté,,,,,,,,,,,1,2,2,1.0,3.0
201800021272,0018-02-02 20:50:00,18,2,2,20,50,260,362,RUE DE FAVENTINES,44.92645,4.90155,Nuit avec éclairage allumé,En agglomération,Intersection en X,Normale,Deux véhicules - côté,,,,,,,,,,,5,2,2,1.0,3.0
201800021273,0018-02-09 19:50:00,18,2,9,19,50,260,362,L A C R A RN7,,,Nuit sans éclairage public,Hors agglomération,Hors intersection,Normale,Deux véhicules - côté,,,,,,,,,,,3,1,1,1.0,3.0
201800021274,0018-02-09 19:35:00,18,2,9,19,35,260,362,ROUTE DE ROMANS,44.95028,4.92756,Nuit sans éclairage public,En agglomération,Hors intersection,Normale,Autre collision,,,,,,,,,,,3,2,1,1.0,6.0
201800021275,0018-02-25 14:50:00,18,2,25,14,50,260,362,25 RUE CHARLES GOUNOD,44.92892,4.92567,Plein jour,En agglomération,Hors intersection,Normale,Sans collision,,,,,,,,,,,1,2,1,1.0,7.0
201800021276,0018-12-24 10:30:00,18,12,24,10,30,260,362,CHURCHILL BOULEVARD WINS,44.93274,4.91859,Plein jour,En agglomération,Intersection en T,Normale,Deux véhicules - côté,,,,,,,,,,,1,2,3,1.0,3.0
201800021277,0018-02-27 13:30:00,18,2,27,13,30,260,362,11 RUE DE LA CECILE,44.92247,4.88982,Plein jour,En agglomération,Hors intersection,Normale,Deux véhicules - côté,,,,,,,,,,,1,2,1,1.0,3.0
201800021278,0018-03-16 18:40:00,18,3,16,18,40,260,362,AVENUE DE PROVENCE,,,Plein jour,En agglomération,Hors intersection,Normale,Deux véhicules - frontale,,,,,,,,,,,1,2,1,1.0,1.0
201800021279,0018-03-30 01:00:00,18,3,30,1,0,260,362,RUE FAVENTINES,44.92961,4.89813,Nuit avec éclairage allumé,En agglomération,Intersection en T,Normale,Autre collision,,,,,,,,,,,5,2,3,1.0,6.0
201800021280,0018-04-06 08:30:00,18,4,6,8,30,260,362,ROUTE DE CREST,44.90748,4.91965,Plein jour,Hors agglomération,Hors intersection,Normale,Deux véhicules - côté,,,,,,,,,,,1,1,1,1.0,3.0
201800021281,0018-04-08 01:25:00,18,4,8,1,25,260,252,ROUTE DE BEAUVALLON,44.8821,4.8938,Nuit sans éclairage public,Hors agglomération,Hors intersection,Normale,Sans collision,,,,,,,,,,,3,1,1,1.0,7.0
201800021282,0018-04-13 14:50:00,18,4,13,14,50,260,362,AVENUE GAMBETTA,44.93124,4.88617,Plein jour,En agglomération,Hors intersection,Temps couvert,Autre collision,,,,,,,,,,,1,2,1,8.0,6.0
201800021283,0018-04-19 08:50:00,18,4,19,8,50,260,58,RTE COMBEAUX  CHANALETS,44.97415,4.88181,Plein jour,Hors agglomération,Intersection en T,Normale,Autre collision,,,,,,,,,,,1,1,3,1.0,6.0
201800021284,0018-04-18 17:00:00,18,4,18,17,0,260,362,L A C R A R N 7,44.94,4.94285,Plein jour,Hors agglomération,Hors intersection,Normale,Deux véhicules - côté,,,,,,,,,,,1,1,1,1.0,3.0
201800021285,0018-04-21 16:36:00,18,4,21,16,36,260,362,RN7 DEV PLV,44.897,4.8745,Plein jour,Hors agglomération,Hors intersection,Normale,Deux véhicules - côté,,,,,,,,,,,1,1,1,1.0,3.0
201800021286,0018-04-18 19:00:00,18,4,18,19,0,260,362,RUE DE GRANDS HORIZONS,44.90929,4.92024,Plein jour,En agglomération,Hors intersection,Normale,Autre collision,,,,,,,,,,,1,2,1,1.0,6.0
201800021287,0018-04-24 17:50:00,18,4,24,17,50,260,58,RTE DE ROCHE DE GLUN,,,Plein jour,Hors agglomération,Hors intersection,Normale,Deux véhicules - frontale,,,,,,,,,,,1,1,1,1.0,1.0
201800021288,0018-04-26 09:15:00,18,4,26,9,15,260,362,BOULEVARD  BANCEL,44.93044,4.89275,Plein jour,En agglomération,Hors intersection,Normale,Autre collision,,,,,,,,,,,1,2,1,1.0,6.0
201800021289,0018-05-13 22:00:00,18,5,13,22,0,260,58,AVENUE DE LYON,44.95489,4.89056,Nuit avec éclairage allumé,En agglomération,Hors intersection,Pluie légère,Deux véhicules - côté,,,,,,,,,,,5,2,1,2.0,3.0
201800021290,0018-05-19 15:10:00,18,5,19,15,10,260,58,LONG MONTEE DU,44.96443,4.88713,Plein jour,En agglomération,Intersection en T,Normale,Deux véhicules - côté,,,,,,,,,,,1,2,3,1.0,3.0
201800021291,0018-05-21 13:35:00,18,5,21,13,35,260,362,JUIN BOULEVARD MARECHAL,44.9129,4.8986,Plein jour,En agglomération,Hors intersection,Normale,Deux véhicules - frontale,,,,,,,,,,,1,2,1,1.0,1.0
201800021292,0018-05-19 09:15:00,18,5,19,9,15,260,362,L A C R A R N 7,,,Plein jour,Hors agglomération,Hors intersection,Normale,Sans collision,,,,,,,,,,,1,1,1,1.0,7.0
201800021293,0018-03-04 06:06:00,18,3,4,6,6,260,362,AVENUE GAMBETTA,44.93046,4.88932,Nuit avec éclairage allumé,En agglomération,Hors intersection,Normale,Deux véhicules - frontale,,,,,,,,,,,5,2,1,1.0,1.0
201800021294,0018-06-19 08:30:00,18,6,19,8,30,260,362,CANTARELLES ALLEE DES,44.0,4.91,Plein jour,En agglomération,Intersection en T,Normale,Autre collision,,,,,,,,,,,1,2,3,1.0,6.0
201800021295,0018-06-22 17:05:00,18,6,22,17,5,260,362,ROMANS ROUTE DE,44.9557,4.9331,Plein jour,Hors agglomération,Intersection en T,Normale,Deux véhicules - côté,,,,,,,,,,,1,1,3,1.0,3.0
201800021296,0018-07-12 21:05:00,18,7,12,21,5,260,252,RN 7,44.87881,4.86655,Plein jour,Hors agglomération,Intersection en T,Normale,Deux véhicules - côté,,,,,,,,,,,1,1,3,1.0,3.0
201800021297,0018-07-14 08:35:00,18,7,14,8,35,260,362,L.A.C.R.A. (RN532),44.97699,4.96609,Plein jour,Hors agglomération,Hors intersection,Normale,Sans collision,,,,,,,,,,,1,1,1,1.0,7.0
201800021298,0018-07-19 19:45:00,18,7,19,19,45,260,362,PROVENCE AVENUE DE,44.913,4.87785,Plein jour,Hors agglomération,Intersection en T,Normale,Deux véhicules - arrière,,,,,,,,,,,1,1,3,1.0,2.0
201800021299,0018-08-11 20:15:00,18,8,11,20,15,260,362,RUE DU PONT DES ANGLAIS,44.90564,4.8763,Plein jour,En agglomération,Hors intersection,Normale,Deux véhicules - frontale,,,,,,,,,,,1,2,1,1.0,1.0
201800021300,0018-08-17 01:25:00,18,8,17,1,25,260,362,L A C R A R N 532,,,Nuit sans éclairage public,Hors agglomération,Hors intersection,Normale,Autre collision,,,,,,,,,,,3,1,1,1.0,6.0
201800021301,0018-09-01 22:45:00,18,9,1,22,45,260,362,AVENUE DE CHABEUIL,44.93144,4.90128,Nuit avec éclairage allumé,En agglomération,Intersection en X,Normale,Deux véhicules - côté,,,,,,,,,,,5,2,2,1.0,3.0
201800021302,0018-08-23 15:10:00,18,8,23,15,10,260,362,ROUTE DE MONTELEGER,44.89589,4.91596,Plein jour,Hors agglomération,Giratoire,Normale,Deux véhicules - côté,,,,,,,,,,,1,1,6,1.0,3.0
201800021303,0018-09-11 15:03:00,18,9,11,15,3,260,362,RN7 DEV PLV,,,Plein jour,Hors agglomération,Hors intersection,Normale,Deux véhicules - côté,,,,,,,,,,,1,1,1,1.0,3.0
201800021304,0018-09-24 08:00:00,18,9,24,8,0,260,362,RUE CLAUDE BERNARD,44.94447,4.92107,Plein jour,En agglomération,Hors intersection,Normale,Deux véhicules - frontale,,,,,,,,,,,1,2,1,1.0,1.0
201800021305,0018-10-17 16:20:00,18,10,17,16,20,260,362,TOSCANINI RUE ARTURO,44.93343,4.92825,Plein jour,En agglomération,Hors intersection,Normale,Deux véhicules - frontale,,,,,,,,,,,1,2,1,1.0,1.0
201800021306,0018-10-24 18:30:00,18,10,24,18,30,260,362,LECARDONNEL PLACE LOUIS,44.93677,4.8902,Plein jour,En agglomération,Giratoire,Normale,Deux véhicules - côté,,,,,,,,,,,1,2,6,1.0,3.0
201800021307,0018-10-25 07:00:00,18,10,25,7,0,260,58,RD2007N,44.95867,4.8788,Nuit sans éclairage public,Hors agglomération,Hors intersection,Normale,Autre collision,,,,,,,,,,,3,1,1,1.0,6.0
201800021308,0018-11-08 20:30:00,18,11,8,20,30,260,362,CIRE BOULEVARD DU,44.93563,4.89308,Nuit avec éclairage allumé,En agglomération,Hors intersection,Pluie légère,Autre collision,,,,,,,,,,,5,2,1,2.0,6.0
201800021309,0018-11-19 07:25:00,18,11,19,7,25,260,252,RN7 DEV PLV,44.85,4.86,Crépuscule ou aube,Hors agglomération,Hors intersection,Normale,Autre collision,,,,,,,,,,,2,1,1,1.0,6.0
201800021310,0018-12-04 19:40:00,18,12,4,19,40,260,252,DE GAULLE AVENUE CHARLES,44.86518,4.87373,Nuit avec éclairage allumé,En agglomération,Intersection en X,Normale,Deux véhicules - côté,,,,,,,,,,,5,2,2,1.0,3.0
201800021311,0018-12-01 16:30:00,18,12,1,16,30,260,362,L.A.C.R.A  RN 7 (101),44.94985,4.93814,Plein jour,Hors agglomération,Hors intersection,Normale,Deux véhicules - arrière,,,,,,,,,,,1,1,1,1.0,2.0
201800021312,0018-12-01 09:15:00,18,12,1,9,15,260,362,FAVENTINES RUE,44.92131,4.90823,Plein jour,En agglomération,Intersection en T,Pluie légère,Deux véhicules - frontale,,,,,,,,,,,1,2,3,2.0,1.0
201800021313,0018-04-23 08:30:00,18,4,23,8,30,840,56,42 avenue de la Libérati,44.11511,4.90006,Plein jour,En agglomération,Intersection en X,Normale,Autre collision,,,,,,,,,,,1,2,2,1.0,6.0
201800021314,0018-06-02 21:30:00,18,6,2,21,30,840,39,chemin des mulets,44.08485,4.85876,Nuit sans éclairage public,Hors agglomération,Intersection en X,Normale,Deux véhicules - côté,,,,,,,,,,,3,1,2,1.0,3.0
201800021315,0018-08-17 10:25:00,18,8,17,10,25,840,39,738 chemin de saint laur,44.08191,4.90189,Plein jour,Hors agglomération,Hors intersection,Normale,Sans collision,,,,,,,,,,,1,1,1,1.0,7.0
201800021316,0018-10-20 08:30:00,18,10,20,8,30,840,37,D?partementale 68,44.07758,4.83267,Plein jour,Hors agglomération,Hors intersection,Normale,Sans collision,,,,,,,,,,,1,1,1,1.0,7.0
201800021317,0018-01-05 15:15:00,18,1,5,15,15,60,33,1045 route Lieu-dit LA G,43.7788,7.20671,Plein jour,Hors agglomération,Intersection en X,Temps éblouissant,Deux véhicules - côté,,,,,,,,,,,1,1,2,7.0,3.0
201800021318,0018-02-07 14:15:00,18,2,7,14,15,60,33,rue des bosquets,43.77569,7.19124,Plein jour,En agglomération,Hors intersection,Normale,Autre collision,,,,,,,,,,,1,2,1,1.0,6.0
201800021319,0018-04-15 13:30:00,18,4,15,13,30,60,33,M1,43.78531,7.19627,Plein jour,Hors agglomération,Hors intersection,Temps couvert,Deux véhicules - côté,,,,,,,,,,,1,1,1,8.0,3.0
201800021320,0018-05-31 07:55:00,18,5,31,7,55,60,46,"route de la manda, RM414",43.76162,7.21788,Plein jour,Hors agglomération,Intersection en T,Normale,Deux véhicules - côté,,,,,,,,,,,1,1,3,1.0,3.0
201800021321,0018-06-05 12:20:00,18,6,5,12,20,60,6,route métropolitaine N°,43.79022,7.24337,Plein jour,Hors agglomération,Hors intersection,Normale,Autre collision,,,,,,,,,,,1,1,1,1.0,6.0
201800021322,0018-06-09 10:00:00,18,6,9,10,0,60,109,M 20,43.83605,7.20945,Plein jour,En agglomération,Hors intersection,Normale,Deux véhicules - frontale,,,,,,,,,,,1,2,1,1.0,1.0
201800021323,0018-06-25 07:15:00,18,6,25,7,15,60,33,"2 Avenue, Route de la ZA",43.77218,7.20488,Plein jour,Hors agglomération,Intersection en T,Temps éblouissant,Deux véhicules - frontale,,,,,,,,,,,1,1,3,7.0,1.0
201800021324,0018-07-05 18:00:00,18,7,5,18,0,60,33,Route départementale 1,43.79933,7.18244,Plein jour,Hors agglomération,Hors intersection,Normale,Deux véhicules - frontale,,,,,,,,,,,1,1,1,1.0,1.0
201800021325,0018-07-11 14:40:00,18,7,11,14,40,60,34,Route de Castagniers - Q,43.79074,7.21657,Plein jour,En agglomération,Hors intersection,Normale,Deux véhicules - frontale,,,,,,,,,,,1,2,1,1.0,1.0
201800021326,0018-07-21 04:15:00,18,7,21,4,15,60,6,4611 route de Nice,43.7517,7.24728,Nuit avec éclairage allumé,Hors agglomération,Hors intersection,Normale,Autre collision,,,,,,,,,,,5,1,1,1.0,6.0
201800021327,0018-07-28 19:00:00,18,7,28,19,0,60,22,ROUTE DE NICE,43.81629,7.12185,Plein jour,Hors agglomération,Hors intersection,Normale,Sans collision,,,,,,,,,,,1,1,1,1.0,7.0
201800021328,0018-08-29 09:00:00,18,8,29,9,0,60,33,M1 / route Jean Natale,43.79209,7.18503,Plein jour,En agglomération,Intersection en Y,Normale,Deux véhicules - côté,,,,,,,,,,,1,2,4,1.0,3.0
201800021329,0018-09-08 12:00:00,18,9,8,12,0,60,46,"Lieu dit Le Golfan, RD 4",43.75857,7.2079,Plein jour,Hors agglomération,Autre intersection,Normale,Deux véhicules - côté,,,,,,,,,,,1,1,9,1.0,3.0
201800021330,0018-09-08 18:30:00,18,9,8,18,30,60,46,94 route de nice,43.75528,7.21866,Plein jour,En agglomération,Hors intersection,Normale,Autre collision,,,,,,,,,,,1,2,1,1.0,6.0
201800021331,0018-09-29 10:20:00,18,9,29,10,20,60,66,RM 17,43.8417,7.17774,Plein jour,En agglomération,Intersection en T,Normale,Deux véhicules - côté,,,,,,,,,,,1,2,3,1.0,3.0
201800021332,0018-10-05 13:10:00,18,10,5,13,10,60,64,1100 ROUTE DE SAINT LAUR,43.75395,7.17054,Plein jour,En agglomération,Hors intersection,Normale,Deux véhicules - frontale,,,,,,,,,,,1,2,1,1.0,1.0
201800021333,0018-11-16 18:35:00,18,11,16,18,35,60,64,955 route de la baronne,43.75868,7.18895,Nuit avec éclairage allumé,Hors agglomération,Hors intersection,Normale,Deux véhicules - frontale,,,,,,,,,,,5,1,1,1.0,1.0
201800021334,0018-11-27 06:30:00,18,11,27,6,30,60,126,Aire de Lubac/ Route de,43.82229,7.18869,Crépuscule ou aube,Hors agglomération,Intersection en T,Normale,Deux véhicules - côté,,,,,,,,,,,2,1,3,1.0,3.0
201800021335,0018-12-10 08:05:00,18,12,10,8,5,60,34,4461 chemin du nougairet,43.8055,7.22748,Plein jour,En agglomération,Autre intersection,Normale,Sans collision,,,,,,,,,,,1,2,9,1.0,7.0