accident_id,datetime,annee,mois,jour,heure,minute,departement,commune_insee,adresse,latitude,longitude,luminosite,agglomeration,intersection,meteo,collision,nb_vehicules,nb_usagers,nb_indemnes,nb_tues,nb_blesses_hosp,nb_blesses_legers,age_cond_1,age_cond_2,veh_type_cond_1,veh_type_cond_2,lum_code,agg_code,int_code,atm_code,col_code
201800021336,0018-12-10 08:15:00,18,12,10,8,15,60,25,Route Métropolitaine 1,43.82423,7.158,Crépuscule ou aube,Hors agglomération,Hors intersection,Normale,Sans collision,,,,,,,,,,,2,1,1,1.0,7.0
201800021337,0018-02-12 07:50:00,18,2,12,7,50,380,30,chemin des Michonnes,45.35102,5.47952,Plein jour,En agglomération,Hors intersection,Normale,Autre collision,,,,,,,,,,,1,2,1,1.0,6.0
201800021338,0018-02-16 08:00:00,18,2,16,8,0,380,373,Chemin des Croix,45.35198,5.56053,Plein jour,En agglomération,Hors intersection,Pluie légère,Deux véhicules - frontale,,,,,,,,,,,1,2,1,2.0,1.0
201800021339,0018-02-16 11:47:00,18,2,16,11,47,380,337,Route de la Liampre,45.34534,5.50363,Plein jour,Hors agglomération,Hors intersection,Pluie légère,Autre collision,,,,,,,,,,,1,1,1,2.0,6.0
201800021340,0018-03-22 19:00:00,18,3,22,19,0,380,383,D49 -LIEU DIT GATTELIÈRE,45.39078,5.62193,Nuit sans éclairage public,Hors agglomération,Hors intersection,Normale,Sans collision,,,,,,,,,,,3,1,1,1.0,7.0
201800021341,0018-04-14 16:00:00,18,4,14,16,0,380,383,route de la chartreuse,45.37588,5.65775,Plein jour,Hors agglomération,Hors intersection,Normale,Autre collision,,,,,,,,,,,1,1,1,1.0,6.0
201800021342,0018-05-20 04:00:00,18,5,20,4,0,380,105,D1075 route du Marais,45.42605,5.56122,Nuit sans éclairage public,Hors agglomération,Hors intersection,Normale,Autre collision,,,,,,,,,,,3,1,1,1.0,6.0
201800021343,0018-06-04 19:00:00,18,6,4,19,0,380,270,165 rue du village,45.38112,5.54208,Plein jour,En agglomération,Intersection en T,Normale,Deux véhicules - côté,,,,,,,,,,,1,2,3,1.0,3.0
201800021344,0018-06-09 14:30:00,18,6,9,14,30,380,30,805 RD 1085,45.34766,5.47004,Plein jour,En agglomération,Hors intersection,Normale,Deux véhicules - arrière,,,,,,,,,,,1,2,1,1.0,2.0
201800021345,0018-06-30 10:20:00,18,6,30,10,20,380,383,Route de Voiron - D520,45.3693,5.63788,Plein jour,Hors agglomération,Hors intersection,Normale,Deux véhicules - arrière,,,,,,,,,,,1,1,1,1.0,2.0
201800021346,0018-08-06 21:00:00,18,8,6,21,0,380,337,D 1085,45.34576,5.49774,Crépuscule ou aube,Hors agglomération,Hors intersection,Normale,Trois véhicules et plus - en chaîne,,,,,,,,,,,2,1,1,1.0,4.0
201800021347,0018-10-05 17:45:00,18,10,5,17,45,380,239,Avenue louis moyroud,45.32576,5.56008,Plein jour,En agglomération,Hors intersection,Normale,Sans collision,,,,,,,,,,,1,2,1,1.0,7.0
201800021348,0018-10-07 01:50:00,18,10,7,1,50,380,105,le cras,45.43888,5.59643,Nuit sans éclairage public,Hors agglomération,Hors intersection,Normale,Autre collision,,,,,,,,,,,3,1,1,1.0,6.0
201800021349,0018-11-07 06:35:00,18,11,7,6,35,380,383,Chemin de la Burletière,45.3859,5.64511,Nuit sans éclairage public,Hors agglomération,Hors intersection,Pluie légère,Sans collision,,,,,,,,,,,3,1,1,2.0,7.0
201800021350,0018-11-12 08:25:00,18,11,12,8,25,380,239,D1085,45.32736,5.57255,Plein jour,En agglomération,Hors intersection,Normale,Deux véhicules - arrière,,,,,,,,,,,1,2,1,1.0,2.0
201800021351,0018-02-04 07:50:00,18,2,4,7,50,620,487,D 250,50.86028,1.79584,Crépuscule ou aube,Hors agglomération,Hors intersection,Neige / grêle,Autre collision,,,,,,,,,,,2,1,1,4.0,6.0
201800021352,0018-04-18 16:45:00,18,4,18,16,45,620,455,D 215,50.76793,1.93873,Plein jour,Hors agglomération,Intersection en X,Temps éblouissant,Deux véhicules - frontale,,,,,,,,,,,1,1,2,7.0,1.0
201800021353,0018-05-02 02:00:00,18,5,2,2,0,620,397,chemin du premier banc m,50.88776,1.89102,Nuit sans éclairage public,En agglomération,Place,Normale,Autre collision,,,,,,,,,,,3,2,7,1.0,6.0
201800021354,0018-05-26 16:55:00,18,5,26,16,55,620,307,CD 940,50.91975,1.71626,Plein jour,Hors agglomération,Hors intersection,Temps éblouissant,Autre collision,,,,,,,,,,,1,1,1,7.0,6.0
201800021355,0018-05-28 09:40:00,18,5,28,9,40,620,397,19 rue du camp du drap d,50.86491,1.87774,Plein jour,En agglomération,Intersection en T,Normale,Deux véhicules - côté,,,,,,,,,,,1,2,3,1.0,3.0
201800021356,0018-07-16 14:30:00,18,7,16,14,30,620,334,D127,50.82562,1.83007,Plein jour,En agglomération,Hors intersection,Normale,Deux véhicules - côté,,,,,,,,,,,1,2,1,1.0,3.0
201800021357,0018-07-24 14:45:00,18,7,24,14,45,620,397,RUE NARCISSE BOULANGER,50.86957,1.8741,Plein jour,En agglomération,Hors intersection,Normale,Deux véhicules - côté,,,,,,,,,,,1,2,1,1.0,3.0
201800021358,0018-01-11 07:53:00,18,1,11,7,53,580,86,route de donzy,47.40753,2.94214,Nuit avec éclairage allumé,En agglomération,Hors intersection,Autre,Deux véhicules - frontale,,,,,,,,,,,5,2,1,9.0,1.0
201800021359,0018-01-22 18:50:00,18,1,22,18,50,580,227,D2,47.54987,3.06458,Nuit sans éclairage public,Hors agglomération,Hors intersection,Pluie légère,Sans collision,,,,,,,,,,,3,1,1,2.0,7.0
201800021360,0018-03-12 15:00:00,18,3,12,15,0,580,64,"Bellevue, N151",47.28064,3.24116,Plein jour,Hors agglomération,Hors intersection,Pluie forte,Sans collision,,,,,,,,,,,1,1,1,3.0,7.0
201800021361,0018-04-30 11:10:00,18,4,30,11,10,580,86,avenue du 85ème de ligne,47.38968,2.92326,Plein jour,En agglomération,Hors intersection,Pluie légère,Autre collision,,,,,,,,,,,1,2,1,2.0,6.0
201800021362,0018-06-01 12:50:00,18,6,1,12,50,580,44,D 907,47.48392,2.92379,Plein jour,Hors agglomération,Hors intersection,Normale,Deux véhicules - côté,,,,,,,,,,,1,1,1,1.0,3.0
201800021363,0018-06-16 14:25:00,18,6,16,14,25,580,261,rue du croquant,47.40854,2.96674,Plein jour,Hors agglomération,Hors intersection,Normale,Sans collision,,,,,,,,,,,1,1,1,1.0,7.0
201800021364,0018-07-09 11:50:00,18,7,9,11,50,580,193,rue du port au bois,47.52203,2.88142,Plein jour,En agglomération,Hors intersection,Normale,Autre collision,,,,,,,,,,,1,2,1,1.0,6.0
201800021365,0018-07-30 18:30:00,18,7,30,18,30,580,33,la cannerie,47.50471,3.05639,Plein jour,Hors agglomération,Hors intersection,Normale,Autre collision,,,,,,,,,,,1,1,1,1.0,6.0
201800021366,0018-08-03 13:45:00,18,8,3,13,45,580,44,CD907,47.47926,2.9259,Plein jour,Hors agglomération,Hors intersection,Normale,Deux véhicules - côté,,,,,,,,,,,1,1,1,1.0,3.0
201800021367,0018-08-24 16:20:00,18,8,24,16,20,580,270,"RD 955, Lieu-dit ""le Jou",47.48602,2.99334,Plein jour,Hors agglomération,Hors intersection,Normale,Autre collision,,,,,,,,,,,1,1,1,1.0,6.0
201800021368,0018-08-24 17:05:00,18,8,24,17,5,580,193,pont de belleville sur l,47.53211,2.89019,Plein jour,Hors agglomération,Hors intersection,Normale,Deux véhicules - frontale,,,,,,,,,,,1,1,1,1.0,1.0
201800021369,0018-09-14 13:30:00,18,9,14,13,30,580,86,boulevard pierre de coub,47.39647,2.93003,Plein jour,En agglomération,Hors intersection,Normale,Deux véhicules - arrière,,,,,,,,,,,1,2,1,1.0,2.0
201800021370,0018-10-19 19:05:00,18,10,19,19,5,580,86,rue saint lazare,47.42443,2.94186,Nuit avec éclairage allumé,En agglomération,Hors intersection,Normale,Deux véhicules - côté,,,,,,,,,,,5,2,1,1.0,3.0
201800021371,0018-11-30 16:30:00,18,11,30,16,30,580,187,d955,47.45332,2.94963,Crépuscule ou aube,Hors agglomération,Hors intersection,Normale,Deux véhicules - frontale,,,,,,,,,,,2,1,1,1.0,1.0
201800021372,0018-04-14 12:38:00,18,4,14,12,38,410,206,PK 146+900,47.64216,1.3632,Plein jour,Hors agglomération,Hors intersection,Normale,Deux véhicules - arrière,,,,,,,,,,,1,1,1,1.0,2.0
201800021373,0018-04-20 09:30:00,18,4,20,9,30,410,245,A10 pk 128.470 sens prov,47.74868,1.54044,Plein jour,Hors agglomération,Hors intersection,Normale,Sans collision,,,,,,,,,,,1,1,1,1.0,7.0
201800021374,0018-04-30 02:00:00,18,4,30,2,0,410,223,A10,47.61794,1.21934,Nuit sans éclairage public,Hors agglomération,Hors intersection,Pluie forte,Autre collision,,,,,,,,,,,3,1,1,3.0,6.0
201800021375,0018-05-21 03:15:00,18,5,21,3,15,410,114,"A10, PK 128.000, sens PR",47.7514,1.54395,Nuit sans éclairage public,Hors agglomération,Hors intersection,Normale,Autre collision,,,,,,,,,,,3,1,1,1.0,6.0
201800021376,0018-05-29 10:30:00,18,5,29,10,30,410,234,Autoroute A10 Aquitaine,47.58958,1.08578,Plein jour,Hors agglomération,Autre intersection,Normale,Sans collision,,,,,,,,,,,1,1,9,1.0,7.0
201800021377,0018-06-19 15:20:00,18,6,19,15,20,410,136,Autoroute A10 - PK 134+9,47.72367,1.4942,Plein jour,Hors agglomération,Hors intersection,Normale,Autre collision,,,,,,,,,,,1,1,1,1.0,6.0
201800021378,0018-06-24 17:30:00,18,6,24,17,30,410,252,A10 PK:136.000 sens Prov,47.70836,1.45903,Plein jour,Hors agglomération,Hors intersection,Normale,Autre collision,,,,,,,,,,,1,1,1,1.0,6.0
201800021379,0018-07-07 08:50:00,18,7,7,8,50,410,93,"PK 166+100, sens 1",47.60624,1.12085,Plein jour,Hors agglomération,Hors intersection,Normale,Autre collision,,,,,,,,,,,1,1,1,1.0,6.0
201800021380,0018-09-03 12:25:00,18,9,3,12,25,410,288,autoroute A10 - pk 144.8,47.6533,1.37685,Plein jour,Hors agglomération,Hors intersection,Normale,Autre collision,,,,,,,,,,,1,1,1,1.0,6.0
201800021381,0018-10-01 21:30:00,18,10,1,21,30,410,93,A10,47.60387,1.11555,Nuit sans éclairage public,Hors agglomération,Hors intersection,Normale,Trois véhicules et plus - en chaîne,,,,,,,,,,,3,1,1,1.0,4.0
201800021382,0018-10-29 05:25:00,18,10,29,5,25,410,252,a10,47.70376,1.45095,Nuit sans éclairage public,Hors agglomération,Hors intersection,Pluie légère,Autre collision,,,,,,,,,,,3,1,1,2.0,6.0
201800021383,0018-12-27 10:30:00,18,12,27,10,30,410,101,autoroute a.10,47.6147,1.15669,Plein jour,Hors agglomération,Hors intersection,Brouillard / fumée,Deux véhicules - arrière,,,,,,,,,,,1,1,1,5.0,2.0
201800021384,0018-01-06 05:05:00,18,1,6,5,5,270,229,"0, VERNON (RUE DE)",49.03184,1.15863,Nuit avec éclairage allumé,En agglomération,Intersection en T,Normale,Deux véhicules - frontale,,,,,,,,,,,5,2,3,1.0,1.0
201800021385,0018-01-08 07:45:00,18,1,8,7,45,270,229,"0, CITES UNIES (BOULEVAR",49.01844,1.14257,Nuit avec éclairage allumé,En agglomération,Hors intersection,Normale,Deux véhicules - arrière,,,,,,,,,,,5,2,1,1.0,2.0
201800021386,0018-01-29 13:50:00,18,1,29,13,50,270,229,"977, COCHEREL (RUE DE)",49.0175,1.1853,Plein jour,En agglomération,Hors intersection,Pluie légère,Deux véhicules - côté,,,,,,,,,,,1,2,1,2.0,3.0
201800021387,0018-01-31 18:40:00,18,1,31,18,40,270,229,"24, PASTEUR (BOULEVARD)",49.02664,1.15875,Nuit sans éclairage public,En agglomération,Hors intersection,Pluie légère,Autre collision,,,,,,,,,,,3,2,1,2.0,6.0
201800021388,0018-02-04 12:25:00,18,2,4,12,25,270,229,"16, SAINT ANDRE (ROUTE D",49.01294,1.1641,Plein jour,En agglomération,Hors intersection,Normale,Autre collision,,,,,,,,,,,1,2,1,1.0,6.0
201800021389,0018-02-05 16:45:00,18,2,5,16,45,270,229,"0, EIFFEL (PONT)",49.01885,1.15488,Plein jour,En agglomération,Intersection en T,Neige / grêle,Deux véhicules - côté,,,,,,,,,,,1,2,3,4.0,3.0
201800021390,0018-02-13 08:05:00,18,2,13,8,5,270,229,"0, JACQUARD (RUE)",49.0019,1.13518,Plein jour,En agglomération,Intersection en T,Normale,Deux véhicules - côté,,,,,,,,,,,1,2,3,1.0,3.0
201800021391,0018-02-09 18:35:00,18,2,9,18,35,270,229,"58, PASTEUR (BOULEVARD)",49.02908,1.16071,Nuit avec éclairage allumé,En agglomération,Hors intersection,Pluie légère,Autre collision,,,,,,,,,,,5,2,1,2.0,6.0
201800021392,0018-02-15 19:56:00,18,2,15,19,56,270,229,"12, LAVOISIER (RUE)",49.0004,1.14922,Nuit avec éclairage allumé,En agglomération,Hors intersection,Normale,Deux véhicules - côté,,,,,,,,,,,5,2,1,1.0,3.0
201800021393,0018-02-18 06:25:00,18,2,18,6,25,270,229,"01, CONCHES (ROUTE DE)",49.02388,1.12544,Nuit avec éclairage allumé,En agglomération,Hors intersection,Normale,Deux véhicules - côté,,,,,,,,,,,5,2,1,1.0,3.0
201800021394,0018-02-19 10:25:00,18,2,19,10,25,270,229,"0, GAMBETTA (BOULEVARD)",49.01934,1.15251,Plein jour,En agglomération,Hors intersection,Pluie légère,Deux véhicules - arrière,,,,,,,,,,,1,2,1,2.0,2.0
201800021395,0018-02-22 19:00:00,18,2,22,19,0,270,229,"0., FUSILLES (RUE DES)",49.01796,1.15826,Nuit avec éclairage allumé,En agglomération,Hors intersection,Normale,Autre collision,,,,,,,,,,,5,2,1,1.0,6.0
201800021396,0018-03-04 12:10:00,18,3,4,12,10,270,299,RN 154,49.05282,1.17766,Plein jour,Hors agglomération,Hors intersection,Pluie forte,Deux véhicules - arrière,,,,,,,,,,,1,1,1,3.0,2.0
201800021397,0018-03-12 18:40:00,18,3,12,18,40,270,229,"1, MONOD (RUE JACQUES)",49.02807,1.18001,Crépuscule ou aube,En agglomération,Hors intersection,Pluie légère,Deux véhicules - côté,,,,,,,,,,,2,2,1,2.0,3.0
201800021398,0018-03-13 15:00:00,18,3,13,15,0,270,229,"0, QUATORZE JUILLET (BOU",49.00677,1.16309,Plein jour,En agglomération,Hors intersection,Normale,Deux véhicules - arrière,,,,,,,,,,,1,2,1,1.0,2.0
201800021399,0018-03-22 12:00:00,18,3,22,12,0,270,229,"64, CONCHES (ROUTE DE)",49.0174,1.11444,Plein jour,En agglomération,Hors intersection,Normale,Deux véhicules - arrière,,,,,,,,,,,1,2,1,1.0,2.0
201800021400,0018-03-26 07:40:00,18,3,26,7,40,270,20,,49.00447,1.11313,Plein jour,En agglomération,Intersection en T,Normale,Deux véhicules - côté,,,,,,,,,,,1,2,3,1.0,3.0
201800021401,0018-03-26 17:15:00,18,3,26,17,15,270,229,FOCH (AVENUE DU MARECHAL,49.0242,1.1222,Plein jour,En agglomération,Intersection en T,Normale,Deux véhicules - côté,,,,,,,,,,,1,2,3,1.0,3.0
201800021402,0018-04-07 22:00:00,18,4,7,22,0,270,229,GIRAUDOUX (RUE JEAN),49.01186,1.1656,Nuit avec éclairage allumé,En agglomération,Hors intersection,Temps couvert,Deux véhicules - frontale,,,,,,,,,,,5,2,1,8.0,1.0
201800021403,0018-04-11 07:50:00,18,4,11,7,50,270,229,Alice Guy (rue),49.04129,1.13724,Plein jour,En agglomération,Hors intersection,Temps éblouissant,Deux véhicules - côté,,,,,,,,,,,1,2,1,7.0,3.0
201800021404,0018-04-17 14:20:00,18,4,17,14,20,270,229,LEPOUZE (RUE),49.03039,1.15611,Plein jour,En agglomération,Hors intersection,Normale,Autre collision,,,,,,,,,,,1,2,1,1.0,6.0
201800021405,0018-04-19 15:30:00,18,4,19,15,30,270,229,PASTEUR (BOULEVARD),49.02783,1.15973,Plein jour,En agglomération,Autre intersection,Normale,Deux véhicules - côté,,,,,,,,,,,1,2,9,1.0,3.0
201800021406,0018-04-19 16:45:00,18,4,19,16,45,270,229,SAINT ANDRE (ROUTE DE),49.00947,1.16723,Plein jour,En agglomération,Autre intersection,Normale,Deux véhicules - côté,,,,,,,,,,,1,2,9,1.0,3.0
201800021407,0018-04-22 12:10:00,18,4,22,12,10,270,229,MONDUIT (RUE HENRI),49.02857,1.13982,Plein jour,En agglomération,Hors intersection,Temps éblouissant,Deux véhicules - côté,,,,,,,,,,,1,2,1,7.0,3.0
201800021408,0018-04-27 15:15:00,18,4,27,15,15,270,299,BRIAND (AVENUE ARISTIDE),49.04717,1.16277,Plein jour,En agglomération,Autre intersection,Normale,Deux véhicules - côté,,,,,,,,,,,1,2,9,1.0,3.0
201800021409,0018-05-02 08:30:00,18,5,2,8,30,270,229,COLBERT (RUE),49.01151,1.16972,Plein jour,En agglomération,Hors intersection,Normale,Deux véhicules - côté,,,,,,,,,,,1,2,1,1.0,3.0
201800021410,0018-05-02 19:30:00,18,5,2,19,30,270,229,FOCH (AVENUE DU MARECHAL,49.02408,1.12598,Plein jour,En agglomération,Hors intersection,Pluie légère,Autre collision,,,,,,,,,,,1,2,1,2.0,6.0
201800021411,0018-05-03 13:15:00,18,5,3,13,15,270,229,BROSSOLETTE (RUE PIERRE),49.02326,1.16947,Plein jour,En agglomération,Giratoire,Normale,Deux véhicules - côté,,,,,,,,,,,1,2,6,1.0,3.0
201800021412,0018-05-03 17:20:00,18,5,3,17,20,270,229,POLITZER (RUE GEORGES),49.0069,1.14754,Plein jour,En agglomération,Hors intersection,Normale,Autre collision,,,,,,,,,,,1,2,1,1.0,6.0
201800021413,0018-05-13 10:40:00,18,5,13,10,40,270,229,MATISSE (ALLEE HENRI),49.00529,1.14054,Plein jour,En agglomération,Intersection en X,Normale,Deux véhicules - arrière,,,,,,,,,,,1,2,2,1.0,2.0
201800021414,0018-05-25 20:10:00,18,5,25,20,10,270,229,LEPOUZE (RUE),49.02981,1.15571,Plein jour,En agglomération,Intersection en T,Normale,Deux véhicules - côté,,,,,,,,,,,1,2,3,1.0,3.0
201800021415,0018-05-26 15:40:00,18,5,26,15,40,270,229,QUATORZE JUILLET (BOULEV,49.00478,1.15826,Plein jour,En agglomération,Hors intersection,Normale,Trois véhicules et plus - en chaîne,,,,,,,,,,,1,2,1,1.0,4.0
201800021416,0018-05-29 12:10:00,18,5,29,12,10,270,229,VERNON (RUE DE),49.03196,1.15831,Plein jour,En agglomération,Hors intersection,Normale,Trois véhicules et plus - en chaîne,,,,,,,,,,,1,2,1,1.0,4.0
201800021417,0018-06-03 18:00:00,18,6,3,18,0,270,229,PASTEUR (BOULEVARD),49.02901,1.16066,Plein jour,En agglomération,Hors intersection,Normale,Autre collision,,,,,,,,,,,1,2,1,1.0,6.0
201800021418,0018-06-07 18:10:00,18,6,7,18,10,270,229,BRIAND (AVENUE ARISTIDE),49.02217,1.13901,Plein jour,En agglomération,Hors intersection,Normale,Autre collision,,,,,,,,,,,1,2,1,1.0,6.0
201800021419,0018-06-07 16:50:00,18,6,7,16,50,270,229,GAY LUSSAC (RUE),49.02281,1.18562,Plein jour,En agglomération,Hors intersection,Normale,Deux véhicules - côté,,,,,,,,,,,1,2,1,1.0,3.0
201800021420,0018-06-11 09:35:00,18,6,11,9,35,270,229,COCHEREL (RUE DE),49.02179,1.17856,Plein jour,En agglomération,Hors intersection,Pluie légère,Trois véhicules et plus - collisions multiples,,,,,,,,,,,1,2,1,2.0,5.0
201800021421,0018-06-12 13:40:00,18,6,12,13,40,270,229,BRIAND (AVENUE ARISTIDE),49.01932,1.13038,Plein jour,En agglomération,Hors intersection,Pluie légère,Trois véhicules et plus - en chaîne,,,,,,,,,,,1,2,1,2.0,4.0
201800021422,0018-06-13 15:55:00,18,6,13,15,55,270,229,DUGUESCLIN (RUE),49.01701,1.171,Plein jour,En agglomération,Autre intersection,Normale,Trois véhicules et plus - en chaîne,,,,,,,,,,,1,2,9,1.0,4.0
201800021423,0018-06-15 14:35:00,18,6,15,14,35,270,229,CORBEAU (RUE CHARLES),49.02422,1.14923,Plein jour,En agglomération,Hors intersection,Temps éblouissant,Deux véhicules - arrière,,,,,,,,,,,1,2,1,7.0,2.0
201800021424,0018-06-15 16:50:00,18,6,15,16,50,270,229,PEGUY (RUE CHARLES),49.00839,1.1588,Plein jour,En agglomération,Hors intersection,Normale,Autre collision,,,,,,,,,,,1,2,1,1.0,6.0
201800021425,0018-06-23 16:30:00,18,6,23,16,30,270,229,HORLOGE (RUE DE L'),49.02641,1.15056,Plein jour,En agglomération,Autre intersection,Normale,Deux véhicules - côté,,,,,,,,,,,1,2,9,1.0,3.0
201800021426,0018-07-04 16:50:00,18,7,4,16,50,270,229,RESISTANCE (RUE DE LA),49.02016,1.15645,Plein jour,En agglomération,Autre intersection,Normale,Deux véhicules - arrière,,,,,,,,,,,1,2,9,1.0,2.0
201800021427,0018-07-04 19:40:00,18,7,4,19,40,270,229,SAINT ANDRE (ROUTE DE),49.01555,1.16182,Plein jour,En agglomération,Autre intersection,Normale,Deux véhicules - côté,,,,,,,,,,,1,2,9,1.0,3.0
201800021428,0018-07-12 22:30:00,18,7,12,22,30,270,229,NORMANDIE (BOULEVARD DE),49.02169,1.13753,Nuit avec éclairage allumé,En agglomération,Intersection en X,Normale,Deux véhicules - côté,,,,,,,,,,,5,2,2,1.0,3.0
201800021429,0018-07-18 22:30:00,18,7,18,22,30,270,229,BUZOT (RUE),49.02835,1.15336,Nuit avec éclairage allumé,En agglomération,Intersection en X,Normale,Deux véhicules - côté,,,,,,,,,,,5,2,2,1.0,3.0
201800021430,0018-07-28 18:55:00,18,7,28,18,55,270,299,BRIAND (AVENUE ARISTIDE),49.04437,1.16074,Plein jour,En agglomération,Hors intersection,Normale,Deux véhicules - frontale,,,,,,,,,,,1,2,1,1.0,1.0
201800021431,0018-08-13 09:35:00,18,8,13,9,35,270,229,BUFFARDIERE (BOULEVARD D,49.02129,1.1413,Plein jour,En agglomération,Intersection en T,Temps couvert,Autre collision,,,,,,,,,,,1,2,3,8.0,6.0
201800021432,0018-08-17 18:10:00,18,8,17,18,10,270,229,QUATORZE JUILLET (BOULEV,49.00358,1.15233,Plein jour,En agglomération,Giratoire,Normale,Deux véhicules - côté,,,,,,,,,,,1,2,6,1.0,3.0
201800021433,0018-08-23 20:15:00,18,8,23,20,15,270,229,VOLTAIRE (RUE),49.00848,1.15793,Crépuscule ou aube,En agglomération,Hors intersection,Normale,Autre collision,,,,,,,,,,,2,2,1,1.0,6.0
201800021434,0018-08-24 14:25:00,18,8,24,14,25,270,229,CITES UNIES (BOULEVARD D,49.01564,1.1442,Plein jour,En agglomération,Hors intersection,Normale,Deux véhicules - arrière,,,,,,,,,,,1,2,1,1.0,2.0
201800021435,0018-09-03 10:15:00,18,9,3,10,15,270,229,SAINT LEGER (RUE DU FAUB,49.0349,1.15618,Plein jour,En agglomération,Hors intersection,Normale,Deux véhicules - arrière,,,,,,,,,,,1,2,1,1.0,2.0
201800021436,0018-09-11 15:00:00,18,9,11,15,0,270,229,SACQUENVILLE (RUE DE),49.03468,1.13357,Plein jour,En agglomération,Giratoire,Normale,Deux véhicules - côté,,,,,,,,,,,1,2,6,1.0,3.0
201800021437,0018-09-25 16:55:00,18,9,25,16,55,270,229,BUZOT (RUE),49.02821,1.15355,Plein jour,En agglomération,Hors intersection,Normale,Autre collision,,,,,,,,,,,1,2,1,1.0,6.0
201800021438,0018-09-24 17:10:00,18,9,24,17,10,270,229,SEMARD (RUE PIERRE),49.01826,1.15648,Plein jour,En agglomération,Hors intersection,Normale,Deux véhicules - arrière,,,,,,,,,,,1,2,1,1.0,2.0
201800021439,0018-10-01 10:00:00,18,10,1,10,0,270,229,JOFFRE (AVENUE DU MARECH,49.03281,1.15551,Plein jour,En agglomération,Giratoire,Normale,Deux véhicules - côté,,,,,,,,,,,1,2,6,1.0,3.0
201800021440,0018-10-03 08:25:00,18,10,3,8,25,270,229,SEMARD (RUE PIERRE),49.01602,1.16568,Plein jour,En agglomération,Hors intersection,Temps couvert,Deux véhicules - côté,,,,,,,,,,,1,2,1,8.0,3.0
201800021441,0018-10-04 15:35:00,18,10,4,15,35,270,299,BRIAND (AVENUE ARISTIDE),49.05731,1.16858,Plein jour,En agglomération,Autre intersection,Normale,Deux véhicules - côté,,,,,,,,,,,1,2,9,1.0,3.0
201800021442,0018-10-05 10:15:00,18,10,5,10,15,270,229,CONCHES (ROUTE DE),49.01744,1.11458,Plein jour,En agglomération,Hors intersection,Normale,Deux véhicules - arrière,,,,,,,,,,,1,2,1,1.0,2.0
201800021443,0018-10-06 22:10:00,18,10,6,22,10,270,229,COCHEREL (RUE DE),49.01666,1.18625,Nuit avec éclairage allumé,En agglomération,Hors intersection,Pluie forte,Deux véhicules - arrière,,,,,,,,,,,5,2,1,3.0,2.0
201800021444,0018-10-08 10:55:00,18,10,8,10,55,270,229,RONDE (RUE DE LA),49.02224,1.15218,Plein jour,En agglomération,Hors intersection,Normale,Deux véhicules - côté,,,,,,,,,,,1,2,1,1.0,3.0
201800021445,0018-10-09 20:20:00,18,10,9,20,20,270,299,BRIAND (AVENUE ARISTIDE),49.03944,1.15815,Nuit avec éclairage allumé,En agglomération,Hors intersection,Normale,Deux véhicules - arrière,,,,,,,,,,,5,2,1,1.0,2.0
201800021446,0018-10-16 13:05:00,18,10,16,13,5,270,229,PASTEUR (BOULEVARD),49.02857,1.16034,Plein jour,En agglomération,Hors intersection,Normale,Autre collision,,,,,,,,,,,1,2,1,1.0,6.0
201800021447,0018-10-24 15:00:00,18,10,24,15,0,270,229,ORLEANS (RUE D'),49.00008,1.15382,Plein jour,En agglomération,Hors intersection,Temps couvert,Trois véhicules et plus - en chaîne,,,,,,,,,,,1,2,1,8.0,4.0
201800021448,0018-10-26 13:00:00,18,10,26,13,0,270,299,BRIAND (AVENUE ARISTIDE),49.0457,1.16142,Plein jour,En agglomération,Hors intersection,Normale,Trois véhicules et plus - en chaîne,,,,,,,,,,,1,2,1,1.0,4.0
201800021449,0018-10-27 17:50:00,18,10,27,17,50,270,229,SAINT ANDRE (ROUTE DE),49.00789,1.16856,Plein jour,En agglomération,Hors intersection,Normale,Deux véhicules - côté,,,,,,,,,,,1,2,1,1.0,3.0
201800021450,0018-10-29 15:35:00,18,10,29,15,35,270,229,BRIAND (AVENUE ARISTIDE),49.02212,1.13883,Plein jour,En agglomération,Hors intersection,Normale,Deux véhicules - côté,,,,,,,,,,,1,2,1,1.0,3.0
201800021451,0018-10-31 09:00:00,18,10,31,9,0,270,229,MONOD (RUE JACQUES),49.02672,1.18014,Plein jour,En agglomération,Hors intersection,Normale,Deux véhicules - arrière,,,,,,,,,,,1,2,1,1.0,2.0
201800021452,0018-11-01 06:05:00,18,11,1,6,5,270,229,ALLENDE (BOULEVARD DU PR,49.00325,1.14973,Nuit avec éclairage allumé,En agglomération,Hors intersection,Normale,Autre collision,,,,,,,,,,,5,2,1,1.0,6.0
201800021453,0018-11-01 12:55:00,18,11,1,12,55,270,229,JUSTICE (RUE DE LA),49.02354,1.15535,Plein jour,En agglomération,Intersection en X,Pluie légère,Deux véhicules - côté,,,,,,,,,,,1,2,2,2.0,3.0
201800021454,0018-11-05 09:35:00,18,11,5,9,35,270,229,QUATORZE JUILLET (BOULEV,49.0045,1.15749,Plein jour,En agglomération,Hors intersection,Normale,Autre collision,,,,,,,,,,,1,2,1,1.0,6.0
201800021455,0018-11-07 16:30:00,18,11,7,16,30,270,229,NORMANDIE (BOULEVARD DE),49.02138,1.13764,Plein jour,En agglomération,Hors intersection,Normale,Trois véhicules et plus - en chaîne,,,,,,,,,,,1,2,1,1.0,4.0