accident_id,datetime,annee,mois,jour,heure,minute,departement,commune_insee,adresse,latitude,longitude,luminosite,agglomeration,intersection,meteo,collision,nb_vehicules,nb_usagers,nb_indemnes,nb_tues,nb_blesses_hosp,nb_blesses_legers,age_cond_1,age_cond_2,veh_type_cond_1,veh_type_cond_2,lum_code,agg_code,int_code,atm_code,col_code
201800021456,0018-11-08 05:10:00,18,11,8,5,10,270,306,NATIONALE 1013 (ROUTE),49.0003,1.18323,Nuit sans éclairage public,Hors agglomération,Hors intersection,Normale,Deux véhicules - arrière,,,,,,,,,,,3,1,1,1.0,2.0
201800021457,0018-11-09 09:30:00,18,11,9,9,30,270,229,CHAUVIN (BOULEVARD GEORG,49.02508,1.14323,Plein jour,En agglomération,Hors intersection,Normale,Deux véhicules - côté,,,,,,,,,,,1,2,1,1.0,3.0
201800021458,0018-11-10 18:30:00,18,11,10,18,30,270,229,CONCHES (ROUTE DE),49.01746,1.11447,Nuit avec éclairage allumé,En agglomération,Hors intersection,Pluie légère,Deux véhicules - arrière,,,,,,,,,,,5,2,1,2.0,2.0
201800021459,0018-11-18 11:15:00,18,11,18,11,15,270,299,NETREVILLE (RUE DE),49.03779,1.17384,Plein jour,En agglomération,Hors intersection,Normale,Deux véhicules - frontale,,,,,,,,,,,1,2,1,1.0,1.0
201800021460,0018-11-17 15:15:00,18,11,17,15,15,270,229,QUATORZE JUILLET (BOULEV,49.00936,1.16681,Plein jour,En agglomération,Hors intersection,Normale,Autre collision,,,,,,,,,,,1,2,1,1.0,6.0
201800021461,0018-11-21 18:00:00,18,11,21,18,0,270,229,SAINT LEGER (RUE DU FAUB,49.03756,1.15713,Nuit avec éclairage allumé,En agglomération,Intersection en T,Normale,Deux véhicules - côté,,,,,,,,,,,5,2,3,1.0,3.0
201800021462,0018-12-02 19:10:00,18,12,2,19,10,270,229,GAMBETTA (BOULEVARD),49.01909,1.14855,Nuit avec éclairage allumé,En agglomération,Hors intersection,Normale,Autre collision,,,,,,,,,,,5,2,1,1.0,6.0
201800021463,0018-12-04 16:30:00,18,12,4,16,30,270,299,BRIAND (AVENUE ARISTIDE),49.04148,1.15915,Plein jour,En agglomération,Hors intersection,Normale,Deux véhicules - côté,,,,,,,,,,,1,2,1,1.0,3.0
201800021464,0018-12-06 13:50:00,18,12,6,13,50,270,306,SAINT ANDRE (ROUTE DE),49.00467,1.17469,Plein jour,En agglomération,Hors intersection,Temps couvert,Deux véhicules - arrière,,,,,,,,,,,1,2,1,8.0,2.0
201800021465,0018-12-12 07:45:00,18,12,12,7,45,270,306,SAINT ANDRE (ROUTE DE),49.00763,1.16885,Nuit avec éclairage non allumé,Hors agglomération,Hors intersection,Normale,Deux véhicules - frontale,,,,,,,,,,,4,1,1,1.0,1.0
201800021466,0018-12-14 17:55:00,18,12,14,17,55,270,229,GAMBETTA (BOULEVARD),49.01909,1.151,Nuit avec éclairage allumé,En agglomération,Hors intersection,Autre,Autre collision,,,,,,,,,,,5,2,1,9.0,6.0
201800021467,0018-12-31 18:20:00,18,12,31,18,20,270,229,CARNOT (RUE),49.02915,1.1798,Nuit avec éclairage allumé,En agglomération,Autre intersection,Autre,Deux véhicules - côté,,,,,,,,,,,5,2,9,9.0,3.0
201800021468,0018-03-31 22:15:00,18,3,31,22,15,510,486,D931,49.17751,4.45164,Nuit sans éclairage public,Hors agglomération,Hors intersection,Normale,Autre collision,,,,,,,,,,,3,1,1,1.0,6.0
201800021469,0018-04-21 18:00:00,18,4,21,18,0,510,486,D931,49.18543,4.43011,Plein jour,Hors agglomération,Hors intersection,Normale,Autre collision,,,,,,,,,,,1,1,1,1.0,6.0
201800021470,0018-05-06 21:42:00,18,5,6,21,42,510,388,D19,49.13776,4.34986,Nuit sans éclairage public,Hors agglomération,Hors intersection,Normale,Autre collision,,,,,,,,,,,3,1,1,1.0,6.0
201800021471,0018-05-25 20:30:00,18,5,25,20,30,510,389,D19/D35,49.133,4.33699,Plein jour,Hors agglomération,Intersection en T,Normale,Deux véhicules - côté,,,,,,,,,,,1,1,3,1.0,3.0
201800021472,0018-08-13 23:15:00,18,8,13,23,15,510,97,D66,49.06192,4.53313,Nuit sans éclairage public,Hors agglomération,Hors intersection,Normale,Autre collision,,,,,,,,,,,3,1,1,1.0,6.0
201800021473,0018-09-09 16:30:00,18,9,9,16,30,510,78,D21,49.07986,4.35157,Plein jour,Hors agglomération,Autre intersection,Normale,Sans collision,,,,,,,,,,,1,1,9,1.0,7.0
201800021474,0018-09-22 19:30:00,18,9,22,19,30,510,31,4 RUE DES REMPARTS,49.16101,4.33618,Crépuscule ou aube,En agglomération,Intersection en Y,Pluie légère,Autre collision,,,,,,,,,,,2,2,4,2.0,6.0
201800021475,0018-10-01 17:00:00,18,10,1,17,0,510,388,5 RUE DU MARECHAL FOCH,49.14005,4.36552,Plein jour,En agglomération,Hors intersection,Normale,Autre collision,,,,,,,,,,,1,2,1,1.0,6.0
201800021476,0018-10-11 11:30:00,18,10,11,11,30,510,388,D19,49.13286,4.33677,Plein jour,Hors agglomération,Intersection en X,Normale,Trois véhicules et plus - collisions multiples,,,,,,,,,,,1,1,2,1.0,5.0
201800021477,0018-01-05 11:20:00,18,1,5,11,20,270,701,ANDELLE (CHAUSSEE D'),49.28046,1.22624,Plein jour,Hors agglomération,Intersection en X,Normale,Deux véhicules - côté,,,,,,,,,,,1,1,2,1.0,3.0
201800021478,0018-01-02 06:00:00,18,1,2,6,0,270,375,VACHERIE (ROUTE DE LA),49.20877,1.13137,Nuit sans éclairage public,Hors agglomération,Hors intersection,Vent fort / tempête,Autre collision,,,,,,,,,,,3,1,1,6.0,6.0
201800021479,0018-01-28 01:30:00,18,1,28,1,30,270,528,"59, DE LA HAYE (AVENUE M",49.25764,1.22635,Nuit avec éclairage allumé,En agglomération,Hors intersection,Pluie légère,Autre collision,,,,,,,,,,,5,2,1,2.0,6.0
201800021480,0018-01-30 18:25:00,18,1,30,18,25,270,701,Rue du Triangle,49.26748,1.20738,Nuit avec éclairage allumé,En agglomération,Intersection en X,Pluie légère,Deux véhicules - côté,,,,,,,,,,,5,2,2,2.0,3.0
201800021481,0018-02-03 16:55:00,18,2,3,16,55,270,375,"6, VEDRINE (ALLEE JULES)",49.20451,1.18709,Plein jour,En agglomération,Hors intersection,Normale,Autre collision,,,,,,,,,,,1,2,1,1.0,6.0
201800021482,0018-02-13 20:10:00,18,2,13,20,10,270,375,GRIL (RUE DU),49.2112,1.17318,Nuit avec éclairage allumé,En agglomération,Hors intersection,Pluie légère,Autre collision,,,,,,,,,,,5,2,1,2.0,6.0
201800021483,0018-02-20 21:35:00,18,2,20,21,35,270,375,SAINT JEAN (RUE),49.20959,1.17869,Nuit avec éclairage allumé,En agglomération,Hors intersection,Pluie légère,Autre collision,,,,,,,,,,,5,2,1,2.0,6.0
201800021484,0018-02-23 14:05:00,18,2,23,14,5,270,456,SCHWEITZER (RUE DU DOCTE,49.19234,1.18348,Plein jour,En agglomération,Giratoire,Normale,Deux véhicules - côté,,,,,,,,,,,1,2,6,1.0,3.0
201800021485,0018-03-27 07:35:00,18,3,27,7,35,270,701,ORMET (VOIE DE L'),49.24418,1.23703,Crépuscule ou aube,Hors agglomération,Hors intersection,Pluie forte,Autre collision,,,,,,,,,,,2,1,1,3.0,6.0
201800021486,0018-03-30 19:50:00,18,3,30,19,50,270,375,"face 12B, LINANT (RUE)",49.20797,1.16273,Plein jour,En agglomération,Autre intersection,Normale,Deux véhicules - côté,,,,,,,,,,,1,2,9,1.0,3.0
201800021487,0018-04-02 01:25:00,18,4,2,1,25,270,375,FERRY (BOULEVARD JULES),49.21398,1.16454,Nuit avec éclairage allumé,En agglomération,Intersection en X,Pluie légère,Autre collision,,,,,,,,,,,5,2,2,2.0,6.0
201800021488,0018-04-05 09:50:00,18,4,5,9,50,270,375,FERRY (BOULEVARD JULES),49.21262,1.16479,Plein jour,En agglomération,Hors intersection,Temps couvert,Deux véhicules - côté,,,,,,,,,,,1,2,1,8.0,3.0
201800021489,0018-03-31 17:00:00,18,3,31,17,0,270,701,DIX MAI 1981 (VOIE DU),49.27,1.21,Plein jour,En agglomération,Hors intersection,Normale,Autre collision,,,,,,,,,,,1,2,1,1.0,6.0
201800021490,0018-04-21 04:30:00,18,4,21,4,30,270,375,DUNANT (AVENUE HENRI),49.20631,1.16889,Nuit avec éclairage allumé,En agglomération,Hors intersection,Normale,Autre collision,,,,,,,,,,,5,2,1,1.0,6.0
201800021491,0018-05-10 23:25:00,18,5,10,23,25,270,375,SALENGRO (RUE ROGER),49.22284,1.16448,Nuit avec éclairage allumé,En agglomération,Intersection en X,Normale,Deux véhicules - côté,,,,,,,,,,,5,2,2,1.0,3.0
201800021492,0018-05-12 21:45:00,18,5,12,21,45,270,375,SALENGRO (RUE ROGER),49.22116,1.16349,Nuit avec éclairage allumé,En agglomération,Intersection en X,Normale,Deux véhicules - côté,,,,,,,,,,,5,2,2,1.0,3.0
201800021493,0018-05-27 23:10:00,18,5,27,23,10,270,375,DUPONT DE L'EURE (UE),49.21186,1.16636,Nuit avec éclairage allumé,En agglomération,Intersection en X,Normale,Deux véhicules - côté,,,,,,,,,,,5,2,2,1.0,3.0
201800021494,0018-05-30 15:20:00,18,5,30,15,20,270,375,TABARLY (VOIE ERIC),49.20922,1.18061,Plein jour,En agglomération,Hors intersection,Normale,Autre collision,,,,,,,,,,,1,2,1,1.0,6.0
201800021495,0018-06-05 15:30:00,18,6,5,15,30,270,375,LAITERIE (RUE DE LA),49.21111,1.17038,Plein jour,En agglomération,Autre intersection,Temps couvert,Trois véhicules et plus - en chaîne,,,,,,,,,,,1,2,9,8.0,4.0
201800021496,0018-06-07 14:55:00,18,6,7,14,55,270,375,MASSACRE (RUE),49.2112,1.15941,Plein jour,En agglomération,Intersection en X,Normale,Deux véhicules - côté,,,,,,,,,,,1,2,2,1.0,3.0
201800021497,0018-06-09 05:30:00,18,6,9,5,30,270,701,LOUVIERS (ROUTE DE) RITT,49.27226,1.20905,Crépuscule ou aube,En agglomération,Hors intersection,Normale,Autre collision,,,,,,,,,,,2,2,1,1.0,6.0
201800021498,0018-06-11 16:25:00,18,6,11,16,25,270,375,CHURCHILL (AVENUE WINSTO,49.21991,1.16644,Plein jour,En agglomération,Autre intersection,Pluie légère,Autre collision,,,,,,,,,,,1,2,9,2.0,6.0
201800021499,0018-06-12 19:35:00,18,6,12,19,35,270,375,DE GAULLE (RUE DU GENERA,49.21,1.166,Plein jour,En agglomération,Intersection en X,Normale,Deux véhicules - côté,,,,,,,,,,,1,2,2,1.0,3.0
201800021500,0018-06-23 21:10:00,18,6,23,21,10,270,701,OMBELLES (CLOS DES),49.27378,1.2052,Plein jour,En agglomération,Hors intersection,Normale,Trois véhicules et plus - en chaîne,,,,,,,,,,,1,2,1,1.0,4.0
201800021501,0018-06-24 13:20:00,18,6,24,13,20,270,351,DELAMARE (RUE ABBE),49.23602,1.17925,Plein jour,En agglomération,Hors intersection,Normale,Deux véhicules - frontale,,,,,,,,,,,1,2,1,1.0,1.0
201800021502,0018-06-26 09:00:00,18,6,26,9,0,270,701,CHAUSSE DU VEXIN,49.25641,1.17945,Plein jour,Hors agglomération,Intersection en X,Normale,Deux véhicules - arrière,,,,,,,,,,,1,1,2,1.0,2.0
201800021503,0018-06-28 21:05:00,18,6,28,21,5,270,375,CROSNE (BOULEVARD DE),49.21595,1.17158,Plein jour,En agglomération,Autre intersection,Normale,Trois véhicules et plus - collisions multiples,,,,,,,,,,,1,2,9,1.0,5.0
201800021504,0018-07-12 16:15:00,18,7,12,16,15,270,701,FALAISES (ROUTE DES) MAI,49.26766,1.20447,Plein jour,En agglomération,Intersection en T,Normale,Deux véhicules - côté,,,,,,,,,,,1,2,3,1.0,3.0
201800021505,0018-07-13 20:25:00,18,7,13,20,25,270,375,SALENGRO (RUE ROGER),49.22281,1.16447,Plein jour,En agglomération,Intersection en X,Normale,Deux véhicules - côté,,,,,,,,,,,1,2,2,1.0,3.0
201800021506,0018-07-29 12:25:00,18,7,29,12,25,270,375,RD313,49.2331,1.1429,Plein jour,Hors agglomération,Hors intersection,Normale,Autre collision,,,,,,,,,,,1,1,1,1.0,6.0
201800021507,0018-08-01 19:52:00,18,8,1,19,52,270,375,BAL CHAMPETRE (RUE DU),49.21115,1.15944,Plein jour,En agglomération,Intersection en X,Normale,Deux véhicules - côté,,,,,,,,,,,1,2,2,1.0,3.0
201800021508,0018-08-02 23:00:00,18,8,2,23,0,270,375,JOFFRE (BOULEVARD DU ML),49.21488,1.16702,Nuit avec éclairage allumé,En agglomération,Intersection en X,Normale,Deux véhicules - côté,,,,,,,,,,,5,2,2,1.0,3.0
201800021509,0018-08-03 21:50:00,18,8,3,21,50,270,375,TRINITE (RUE),49.21402,1.17287,Nuit avec éclairage allumé,En agglomération,Hors intersection,Normale,Sans collision,,,,,,,,,,,5,2,1,1.0,7.0
201800021510,0018-08-02 15:25:00,18,8,2,15,25,270,701,FALAISES (ROUTE DES) MAI,42.26,1.19,Plein jour,En agglomération,Autre intersection,Normale,Deux véhicules - côté,,,,,,,,,,,1,2,9,1.0,3.0
201800021511,0018-08-07 11:20:00,18,8,7,11,20,270,375,CHAMP DE VILLE (PLACE DU,49.2102,1.1654,Plein jour,En agglomération,Giratoire,Normale,Autre collision,,,,,,,,,,,1,2,6,1.0,6.0
201800021512,0018-08-14 17:20:00,18,8,14,17,20,270,375,DE LATTRE DE TASSIGNY (A,49.22446,1.16526,Plein jour,En agglomération,Intersection en X,Normale,Deux véhicules - arrière,,,,,,,,,,,1,2,2,1.0,2.0
201800021513,0018-09-26 17:55:00,18,9,26,17,55,270,375,CHURCHILL (AVENUE WINSTO,49.23,1.16,Plein jour,En agglomération,Intersection en T,Normale,Trois véhicules et plus - collisions multiples,,,,,,,,,,,1,2,3,1.0,5.0
201800021514,0018-10-09 07:35:00,18,10,9,7,35,270,375,CHURCHILL (AVENUE WINSTO,49.2225,1.16722,Crépuscule ou aube,En agglomération,Hors intersection,Normale,Trois véhicules et plus - en chaîne,,,,,,,,,,,2,2,1,1.0,4.0
201800021515,0018-10-17 13:00:00,18,10,17,13,0,270,528,BOUT DES JARDINS (RUE DU,49.259,1.2085,Plein jour,En agglomération,Giratoire,Normale,Deux véhicules - côté,,,,,,,,,,,1,2,6,1.0,3.0
201800021516,0018-11-06 19:55:00,18,11,6,19,55,270,701,LOUVIERS (ROUTE DE) BLAN,49.2739,1.2102,Nuit avec éclairage allumé,En agglomération,Hors intersection,Temps couvert,Autre collision,,,,,,,,,,,5,2,1,8.0,6.0
201800021517,0018-11-09 12:25:00,18,11,9,12,25,270,701,RD 6015,49.24013,1.1987,Plein jour,En agglomération,Hors intersection,Normale,Deux véhicules - arrière,,,,,,,,,,,1,2,1,1.0,2.0
201800021518,0018-11-30 19:50:00,18,11,30,19,50,270,701,ANDELLE (CHAUSSEE D'),49.2739,1.2328,Nuit sans éclairage public,Hors agglomération,Hors intersection,Temps couvert,Autre collision,,,,,,,,,,,3,1,1,8.0,6.0
201800021519,0018-12-17 18:00:00,18,12,17,18,0,270,375,CLEMENCEAU (BOULEVARD GE,49.2102,1.1647,Nuit avec éclairage allumé,En agglomération,Hors intersection,Pluie légère,Deux véhicules - arrière,,,,,,,,,,,5,2,1,2.0,2.0
201800021520,0018-12-20 16:55:00,18,12,20,16,55,270,375,FERRY (BOULEVARD JULES),49.21582,1.16513,Plein jour,En agglomération,Hors intersection,Normale,Deux véhicules - côté,,,,,,,,,,,1,2,1,1.0,3.0
201800021521,0018-01-31 07:15:00,18,1,31,7,15,380,304,N85,44.95998,5.77994,Nuit sans éclairage public,Hors agglomération,Giratoire,Brouillard / fumée,Sans collision,,,,,,,,,,,3,1,6,5.0,7.0
201800021522,0018-11-30 13:58:00,18,11,30,13,58,380,158,D5,45.14718,5.75522,Plein jour,En agglomération,Giratoire,Pluie forte,Autre collision,,,,,,,,,,,1,2,6,3.0,6.0
201800021523,0018-01-20 09:40:00,18,1,20,9,40,140,132,RN 13 PK 115+400,49.3413,-0.97771,Plein jour,Hors agglomération,Hors intersection,Pluie légère,Autre collision,,,,,,,,,,,1,1,1,2.0,6.0
201800021524,0018-02-04 20:30:00,18,2,4,20,30,140,214,RN 13 - PR 97+800,49.2863,-0.75387,Nuit sans éclairage public,Hors agglomération,Hors intersection,Neige / grêle,Trois véhicules et plus - en chaîne,,,,,,,,,,,3,1,1,4.0,4.0
201800021525,0018-03-01 21:20:00,18,3,1,21,20,140,342,,49.3081,-1.11291,Nuit sans éclairage public,Hors agglomération,Hors intersection,Normale,Deux véhicules - arrière,,,,,,,,,,,3,1,1,1.0,2.0
201800021526,0018-03-11 07:45:00,18,3,11,7,45,140,681,RN 13 - PR 106+100,49.3257,-0.877,Plein jour,Hors agglomération,Hors intersection,Temps éblouissant,Autre collision,,,,,,,,,,,1,1,1,7.0,6.0
201800021527,0018-08-05 06:40:00,18,8,5,6,40,140,681,RN 13 PK 104,49.32175,-0.86311,Crépuscule ou aube,Hors agglomération,Hors intersection,Normale,Autre collision,,,,,,,,,,,2,1,1,1.0,6.0
201800021528,0018-02-13 18:20:00,18,2,13,18,20,60,140,ROUTE DE DRAGUIGNAN,43.63604,6.85874,Nuit avec éclairage allumé,En agglomération,Giratoire,Normale,Autre collision,,,,,,,,,,,5,2,6,1.0,6.0
201800021529,0018-04-22 05:20:00,18,4,22,5,20,60,118,D101,43.65973,6.78347,Nuit sans éclairage public,Hors agglomération,Hors intersection,Normale,Autre collision,,,,,,,,,,,3,1,1,1.0,6.0
201800021530,0018-05-17 07:05:00,18,5,17,7,5,60,140,2572 route de DRAGUIGNAN,43.62768,6.83623,Plein jour,En agglomération,Hors intersection,Normale,Autre collision,,,,,,,,,,,1,2,1,1.0,6.0
201800021531,0018-06-30 15:00:00,18,6,30,15,0,60,130,rd 6085,43.70664,6.82099,Plein jour,Hors agglomération,Hors intersection,Normale,Deux véhicules - côté,,,,,,,,,,,1,1,1,1.0,3.0
201800021532,0018-07-09 20:55:00,18,7,9,20,55,60,26,477 boulevard des 5 comm,43.64852,6.8758,Crépuscule ou aube,Hors agglomération,Hors intersection,Normale,Deux véhicules - frontale,,,,,,,,,,,2,1,1,1.0,1.0
201800021533,0018-08-19 14:55:00,18,8,19,14,55,60,130,d6085 - PK 36 + 550,43.69496,6.85482,Plein jour,Hors agglomération,Hors intersection,Normale,Sans collision,,,,,,,,,,,1,1,1,1.0,7.0
201800021534,0018-08-24 19:00:00,18,8,24,19,0,60,95,86 avenue de boutiny,43.64487,6.88538,Plein jour,En agglomération,Hors intersection,Normale,Deux véhicules - arrière,,,,,,,,,,,1,2,1,1.0,2.0
201800021535,0018-09-11 09:23:00,18,9,11,9,23,60,95,D2562,43.64052,6.87751,Plein jour,En agglomération,Intersection en T,Normale,Deux véhicules - côté,,,,,,,,,,,1,2,3,1.0,3.0
201800021536,0018-09-15 12:22:00,18,9,15,12,22,60,37,Route départementale n°5,43.74128,6.8735,Plein jour,Hors agglomération,Hors intersection,Normale,Deux véhicules - frontale,,,,,,,,,,,1,1,1,1.0,1.0
201800021537,0018-12-11 17:25:00,18,12,11,17,25,60,95,route de draguignan,43.63902,6.87579,Crépuscule ou aube,En agglomération,Intersection en X,Normale,Deux véhicules - côté,,,,,,,,,,,2,2,2,1.0,3.0
201800021538,0018-01-20 22:45:00,18,1,20,22,45,270,681,DEVOS (BOULEVARD JULIEN),49.08629,1.47454,Nuit avec éclairage allumé,En agglomération,Hors intersection,Normale,Deux véhicules - côté,,,,,,,,,,,5,2,1,1.0,3.0
201800021539,0018-01-10 10:30:00,18,1,10,10,30,270,681,DEVOS (BOULEVARD JULIEN),49.08688,1.47389,Plein jour,En agglomération,Intersection en T,Normale,Autre collision,,,,,,,,,,,1,2,3,1.0,6.0
201800021540,0018-01-18 19:55:00,18,1,18,19,55,270,681,AYLMER (BOULEVARD D'),49.07911,1.50514,Nuit avec éclairage allumé,En agglomération,Hors intersection,Normale,Deux véhicules - frontale,,,,,,,,,,,5,2,1,1.0,1.0
201800021541,0018-02-08 10:05:00,18,2,8,10,5,270,681,"8, THIBOUT (RUE DU CAPIT",49.09998,1.47007,Plein jour,En agglomération,Hors intersection,Normale,Autre collision,,,,,,,,,,,1,2,1,1.0,6.0
201800021542,0018-02-19 10:15:00,18,2,19,10,15,270,681,"03, GAMILLY (RUE DE)",49.088,1.489,Plein jour,En agglomération,Intersection en Y,Pluie légère,Autre collision,,,,,,,,,,,1,2,4,2.0,6.0
201800021543,0018-03-12 14:00:00,18,3,12,14,0,270,681,ROND POINT DE L'ESPACE,49.09691,1.48959,Plein jour,En agglomération,Giratoire,Pluie légère,Deux véhicules - côté,,,,,,,,,,,1,2,6,2.0,3.0
201800021544,0018-04-05 02:55:00,18,4,5,2,55,270,681,AYLMER (BOULEVARD D'),49.0794,1.5053,Nuit avec éclairage allumé,En agglomération,Giratoire,Normale,Autre collision,,,,,,,,,,,5,2,6,1.0,6.0
201800021545,0018-04-16 18:00:00,18,4,16,18,0,270,588,MESTREVILLE (RUE DE),49.13004,1.42969,Plein jour,Hors agglomération,Hors intersection,Normale,Deux véhicules - arrière,,,,,,,,,,,1,1,1,1.0,2.0
201800021546,0018-04-17 13:20:00,18,4,17,13,20,270,681,IVRY (ROUTE D'),49.0812,1.4764,Plein jour,En agglomération,Autre intersection,Normale,Deux véhicules - côté,,,,,,,,,,,1,2,9,1.0,3.0
201800021547,0018-04-21 14:40:00,18,4,21,14,40,270,681,DE LATTRE DE TASSIGNY (A,49.07676,1.4641,Plein jour,Hors agglomération,Hors intersection,Normale,Sans collision,,,,,,,,,,,1,1,1,1.0,7.0
201800021548,0018-05-06 10:50:00,18,5,6,10,50,270,554,ROUEN (AVENUE DE),49.11227,1.45019,Plein jour,En agglomération,Giratoire,Normale,Sans collision,,,,,,,,,,,1,2,6,1.0,7.0
201800021549,0018-05-06 11:05:00,18,5,6,11,5,270,681,DE LATTRE DE TASSIGNY (A,49.07676,1.46408,Plein jour,Hors agglomération,Intersection en Y,Normale,Deux véhicules - côté,,,,,,,,,,,1,1,4,1.0,3.0
201800021550,0018-05-31 21:05:00,18,5,31,21,5,270,681,IVRY (ROUTE D'),49.062,1.46448,Plein jour,Hors agglomération,Hors intersection,Temps couvert,Autre collision,,,,,,,,,,,1,1,1,8.0,6.0
201800021551,0018-06-07 16:25:00,18,6,7,16,25,270,681,DE LATTRE DE TASSIGNY (A,49.07757,1.44257,Plein jour,Hors agglomération,Hors intersection,Normale,Autre collision,,,,,,,,,,,1,1,1,1.0,6.0
201800021552,0018-06-16 02:40:00,18,6,16,2,40,270,554,HARELLE (RUE DE LA),49.10623,1.44152,Nuit avec éclairage non allumé,En agglomération,Autre intersection,Normale,Autre collision,,,,,,,,,,,4,2,9,1.0,6.0
201800021553,0018-06-22 00:01:00,18,6,22,0,1,270,681,MONET (RUE CLAUDE),49.0832,1.4809,Nuit avec éclairage allumé,En agglomération,Intersection en X,Normale,Deux véhicules - côté,,,,,,,,,,,5,2,2,1.0,3.0
201800021554,0018-07-04 16:55:00,18,7,4,16,55,270,681,DE LATTRE DE TASSIGNY (A,49.08219,1.46387,Plein jour,En agglomération,Hors intersection,Normale,Deux véhicules - arrière,,,,,,,,,,,1,2,1,1.0,2.0
201800021555,0018-07-07 13:10:00,18,7,7,13,10,270,681,FOCH (AVENUE DU MARECHAL,49.09769,1.47609,Plein jour,En agglomération,Intersection en Y,Normale,Deux véhicules - arrière,,,,,,,,,,,1,2,4,1.0,2.0
201800021556,0018-07-15 21:00:00,18,7,15,21,0,270,681,EVREUX (PLACE D'),49.09201,1.48241,Plein jour,En agglomération,Place,Temps éblouissant,Autre collision,,,,,,,,,,,1,2,7,7.0,6.0
201800021557,0018-07-18 20:05:00,18,7,18,20,5,270,681,GISORS (ROUTE DE),49.11713,1.49584,Plein jour,Hors agglomération,Hors intersection,Normale,Autre collision,,,,,,,,,,,1,1,1,1.0,6.0
201800021558,0018-07-19 21:35:00,18,7,19,21,35,270,681,CHAMPOURGS (RUE DES),49.09032,1.49183,Crépuscule ou aube,En agglomération,Hors intersection,Normale,Autre collision,,,,,,,,,,,2,2,1,1.0,6.0
201800021559,0018-08-04 09:40:00,18,8,4,9,40,270,681,DE LATTRE DE TASSIGNY Av,49.07687,1.46418,Plein jour,En agglomération,Intersection en Y,Normale,Deux véhicules - côté,,,,,,,,,,,1,2,4,1.0,3.0
201800021560,0018-08-25 12:10:00,18,8,25,12,10,270,681,BONNARD (RUE PIERRE),49.09952,1.48833,Plein jour,En agglomération,Hors intersection,Normale,Autre collision,,,,,,,,,,,1,2,1,1.0,6.0
201800021561,0018-09-09 11:05:00,18,9,9,11,5,270,681,SORET (RUE JULES),49.09785,1.49086,Plein jour,En agglomération,Autre intersection,Normale,Autre collision,,,,,,,,,,,1,2,9,1.0,6.0
201800021562,0018-09-12 12:40:00,18,9,12,12,40,270,681,IVRY (ROUTE D'),49.08128,1.47749,Plein jour,En agglomération,Autre intersection,Normale,Trois véhicules et plus - collisions multiples,,,,,,,,,,,1,2,9,1.0,5.0
201800021563,0018-09-30 14:40:00,18,9,30,14,40,270,681,IVRY (ROUTE D'),49.07177,1.4728,Plein jour,Hors agglomération,Hors intersection,Normale,Deux véhicules - côté,,,,,,,,,,,1,1,1,1.0,3.0
201800021564,0018-10-05 14:55:00,18,10,5,14,55,270,562,PRES (RUE DES),49.10144,1.45029,Plein jour,En agglomération,Intersection en T,Normale,Deux véhicules - côté,,,,,,,,,,,1,2,3,1.0,3.0
201800021565,0018-10-09 08:35:00,18,10,9,8,35,270,681,DE LATTRE DE TASSIGNY (A,49.08158,1.46406,Plein jour,En agglomération,Intersection en T,Normale,Deux véhicules - côté,,,,,,,,,,,1,2,3,1.0,3.0
201800021566,0018-10-13 11:40:00,18,10,13,11,40,270,681,JAURES (BOULEVARD JAURES,49.09529,1.46449,Plein jour,En agglomération,Hors intersection,Normale,Autre collision,,,,,,,,,,,1,2,1,1.0,6.0
201800021567,0018-10-26 08:05:00,18,10,26,8,5,270,681,DE LATTRE DE TASSIGNY (A,49.0852,1.4626,Crépuscule ou aube,En agglomération,Intersection en T,Normale,Deux véhicules - côté,,,,,,,,,,,2,2,3,1.0,3.0
201800021568,0018-10-27 04:30:00,18,10,27,4,30,270,681,RENAISSANCE (RUE DE LA),49.08222,1.48001,Nuit avec éclairage allumé,En agglomération,Intersection en X,Normale,Deux véhicules - côté,,,,,,,,,,,5,2,2,1.0,3.0
201800021569,0018-11-14 17:50:00,18,11,14,17,50,270,681,JAURES (BOULEVARD JAURES,49.09366,1.46904,Nuit avec éclairage allumé,En agglomération,Autre intersection,Normale,Deux véhicules - frontale,,,,,,,,,,,5,2,9,1.0,1.0
201800021570,0018-11-21 15:35:00,18,11,21,15,35,270,681,EVREUX (PLACE D'),49.0921,1.4824,Plein jour,En agglomération,Autre intersection,Normale,Autre collision,,,,,,,,,,,1,2,9,1.0,6.0
201800021571,0018-11-30 15:50:00,18,11,30,15,50,270,681,ISAMBARD (BOULEVARD),49.09117,1.47089,Plein jour,En agglomération,Autre intersection,Normale,Autre collision,,,,,,,,,,,1,2,9,1.0,6.0
201800021572,0018-12-16 21:45:00,18,12,16,21,45,270,562,MONT VERNON (ROND POINT),49.0935,1.3986,Nuit sans éclairage public,Hors agglomération,Hors intersection,Pluie forte,Autre collision,,,,,,,,,,,3,1,1,3.0,6.0
201800021573,0018-12-18 06:30:00,18,12,18,6,30,270,681,JAURES (BOULEVARD JAURES,49.09388,1.46872,Nuit avec éclairage allumé,En agglomération,Giratoire,Normale,Deux véhicules - côté,,,,,,,,,,,5,2,6,1.0,3.0
201800021574,0018-12-23 17:55:00,18,12,23,17,55,270,681,FOCH (AVENUE DU MARECHAL,49.09547,1.47438,Nuit avec éclairage allumé,En agglomération,Hors intersection,Temps couvert,Autre collision,,,,,,,,,,,5,2,1,8.0,6.0