accident_id,datetime,annee,mois,jour,heure,minute,departement,commune_insee,adresse,latitude,longitude,luminosite,agglomeration,intersection,meteo,collision,nb_vehicules,nb_usagers,nb_indemnes,nb_tues,nb_blesses_hosp,nb_blesses_legers,age_cond_1,age_cond_2,veh_type_cond_1,veh_type_cond_2,lum_code,agg_code,int_code,atm_code,col_code
201800021694,0018-07-10 12:05:00,18,7,10,12,5,740,272,RD1508,45.94752,6.04764,Plein jour,Hors agglomération,Autre intersection,Normale,Deux véhicules - arrière,,,,,,,,,,,1,1,9,1.0,2.0
201800021695,0018-07-11 04:45:00,18,7,11,4,45,740,217,RD 1201,45.95805,6.12569,Nuit sans éclairage public,Hors agglomération,Hors intersection,Normale,Deux véhicules - frontale,,,,,,,,,,,3,1,1,1.0,1.0
201800021696,0018-09-04 20:00:00,18,9,4,20,0,740,217,ROUTE DE GENÈVE,45.94373,6.12296,Plein jour,En agglomération,Hors intersection,Normale,Deux véhicules - arrière,,,,,,,,,,,1,2,1,1.0,2.0
201800021697,0018-09-08 16:59:00,18,9,8,16,59,740,26,D1508,45.97107,6.03296,Plein jour,Hors agglomération,Hors intersection,Normale,Trois véhicules et plus - collisions multiples,,,,,,,,,,,1,1,1,1.0,5.0
201800021698,0018-09-23 06:06:00,18,9,23,6,6,740,19,route de la vouettaz,45.95516,6.15599,Crépuscule ou aube,Hors agglomération,Hors intersection,Normale,Sans collision,,,,,,,,,,,2,1,1,1.0,7.0
201800021699,0018-10-25 01:15:00,18,10,25,1,15,740,19,avenue marcel dassault,45.93603,6.13445,Nuit sans éclairage public,Hors agglomération,Hors intersection,Normale,Sans collision,,,,,,,,,,,3,1,1,1.0,7.0
201800021700,0018-10-27 22:50:00,18,10,27,22,50,740,26,d1508,45.97453,6.0325,Nuit sans éclairage public,Hors agglomération,Hors intersection,Pluie légère,Autre collision,,,,,,,,,,,3,1,1,2.0,6.0
201800021701,0018-11-17 12:30:00,18,11,17,12,30,740,112,D3508,45.93148,6.11449,Plein jour,Hors agglomération,Hors intersection,Normale,Deux véhicules - frontale,,,,,,,,,,,1,1,1,1.0,1.0
201800021702,0018-11-18 11:00:00,18,11,18,11,0,740,182,27 chemin de la fruitièr,45.91983,6.09259,Plein jour,En agglomération,Hors intersection,Normale,Autre collision,,,,,,,,,,,1,2,1,1.0,6.0
201800021703,0018-12-05 08:20:00,18,12,5,8,20,740,182,Rue de l'aérodrome,45.92303,6.09861,Plein jour,En agglomération,Giratoire,Normale,Deux véhicules - frontale,,,,,,,,,,,1,2,6,1.0,1.0
201800021704,0018-12-13 07:15:00,18,12,13,7,15,740,283,4040 route de la combe,45.9543,5.98748,Nuit sans éclairage public,Hors agglomération,Hors intersection,Normale,Autre collision,,,,,,,,,,,3,1,1,1.0,6.0
201800021705,0018-12-16 01:10:00,18,12,16,1,10,740,213,D3508,45.90855,6.08608,Nuit avec éclairage non allumé,Hors agglomération,Hors intersection,Pluie forte,Deux véhicules - frontale,,,,,,,,,,,4,1,1,3.0,1.0
201800021706,0018-12-21 14:35:00,18,12,21,14,35,740,182,Route de Frangy,45.91719,6.09019,Plein jour,En agglomération,Giratoire,Pluie légère,Autre collision,,,,,,,,,,,1,2,6,2.0,6.0
201800021707,0018-12-21 19:30:00,18,12,21,19,30,740,272,route départementale 150,45.94315,6.0598,Nuit avec éclairage allumé,En agglomération,Hors intersection,Pluie forte,Trois véhicules et plus - collisions multiples,,,,,,,,,,,5,2,1,3.0,5.0
201800021708,0018-02-15 17:15:00,18,2,15,17,15,950,641,RUE PIERRE CURIE,49.0713,2.5661,Plein jour,En agglomération,Intersection en X,Normale,Trois véhicules et plus - collisions multiples,,,,,,,,,,,1,2,2,1.0,5.0
201800021709,0018-02-09 23:15:00,18,2,9,23,15,140,52,D 577,48.9158,-0.82291,Nuit avec éclairage allumé,En agglomération,Hors intersection,Normale,Autre collision,,,,,,,,,,,5,2,1,1.0,6.0
201800021710,0018-03-15 14:05:00,18,3,15,14,5,140,255,LE ROCHER,48.8842,-0.90647,Plein jour,Hors agglomération,Hors intersection,Normale,Autre collision,,,,,,,,,,,1,1,1,1.0,6.0
201800021711,0018-04-23 09:45:00,18,4,23,9,45,140,61,D 577 - La Ferronnière,48.92972,-0.81006,Plein jour,Hors agglomération,Intersection en X,Normale,Deux véhicules - côté,,,,,,,,,,,1,1,2,1.0,3.0
201800021712,0018-05-11 08:30:00,18,5,11,8,30,140,61,RD 185 - ST MARTIN DES B,48.98696,-0.88385,Plein jour,Hors agglomération,Hors intersection,Normale,Sans collision,,,,,,,,,,,1,1,1,1.0,7.0
201800021713,0018-07-31 18:30:00,18,7,31,18,30,140,61,D674 - la graverie,48.88772,-0.88371,Plein jour,Hors agglomération,Hors intersection,Normale,Deux véhicules - frontale,,,,,,,,,,,1,1,1,1.0,1.0
201800021714,0018-08-23 13:00:00,18,8,23,13,0,140,379,CD06 - cote de Belissent,49.0453,-0.65271,Plein jour,Hors agglomération,Hors intersection,Normale,Autre collision,,,,,,,,,,,1,1,1,1.0,6.0
201800021715,0018-08-31 17:15:00,18,8,31,17,15,140,37,"''mont mort"" - saint aig",49.02902,-0.60178,Plein jour,Hors agglomération,Hors intersection,Normale,Autre collision,,,,,,,,,,,1,1,1,1.0,6.0
201800021716,0018-09-08 19:00:00,18,9,8,19,0,140,139,les trois croix,48.94149,-0.85855,Plein jour,Hors agglomération,Hors intersection,Normale,Sans collision,,,,,,,,,,,1,1,1,1.0,7.0
201800021717,0018-10-06 13:15:00,18,10,6,13,15,140,61,Lieu dit le moulin - MAL,48.94078,-0.95631,Plein jour,Hors agglomération,Hors intersection,Normale,Autre collision,,,,,,,,,,,1,1,1,1.0,6.0
201800021718,0018-10-10 11:30:00,18,10,10,11,30,140,27,Rue de villers,49.02125,-0.6319,Plein jour,En agglomération,Autre intersection,Normale,Autre collision,,,,,,,,,,,1,2,9,1.0,6.0
201800021719,0018-10-25 07:30:00,18,10,25,7,30,140,508,d 54,48.95459,-0.59842,Crépuscule ou aube,Hors agglomération,Hors intersection,Brouillard / fumée,Deux véhicules - frontale,,,,,,,,,,,2,1,1,5.0,1.0
201800021720,0018-01-03 09:40:00,18,1,3,9,40,220,4,rd 767,48.64452,-3.32684,Plein jour,Hors agglomération,Hors intersection,Pluie légère,Autre collision,,,,,,,,,,,1,1,1,2.0,6.0
201800021721,0018-01-06 16:30:00,18,1,6,16,30,220,354,"RN12, PR94+500, sens BRE",48.56545,-3.21467,Plein jour,Hors agglomération,Hors intersection,Temps couvert,Deux véhicules - arrière,,,,,,,,,,,1,1,1,8.0,2.0
201800021722,0018-02-03 19:40:00,18,2,3,19,40,220,227,route nationale 12 - PR,48.56379,-3.53816,Nuit sans éclairage public,Hors agglomération,Hors intersection,Neige / grêle,Sans collision,,,,,,,,,,,3,1,1,4.0,7.0
201800021723,0018-02-11 18:30:00,18,2,11,18,30,220,225,RN 12 PR 085+000,48.54652,-3.0957,Nuit sans éclairage public,Hors agglomération,Hors intersection,Neige / grêle,Autre collision,,,,,,,,,,,3,1,1,4.0,6.0
201800021724,0018-02-12 13:15:00,18,2,12,13,15,220,4,rd 767 PR 038 +900,48.63065,-3.32187,Plein jour,Hors agglomération,Hors intersection,Normale,Autre collision,,,,,,,,,,,1,1,1,1.0,6.0
201800021725,0018-03-13 07:50:00,18,3,13,7,50,220,223,Route nationale 12 PR 09,48.56379,-3.19232,Plein jour,Hors agglomération,Hors intersection,Normale,Autre collision,,,,,,,,,,,1,1,1,1.0,6.0
201800021726,0018-07-29 05:50:00,18,7,29,5,50,220,4,RD767 - PR 034+0190,48.60813,-3.27477,Nuit sans éclairage public,Hors agglomération,Hors intersection,Normale,Autre collision,,,,,,,,,,,3,1,1,1.0,6.0
201800021727,0018-08-22 12:05:00,18,8,22,12,5,220,372,Lieu dit Le Plessix N12,48.53288,-2.8533,Plein jour,Hors agglomération,Hors intersection,Normale,Deux véhicules - arrière,,,,,,,,,,,1,1,1,1.0,2.0
201800021728,0018-09-02 05:15:00,18,9,2,5,15,220,372,N 12,48.52885,-2.8602,Nuit sans éclairage public,Hors agglomération,Hors intersection,Normale,Autre collision,,,,,,,,,,,3,1,1,1.0,6.0
201800021729,0018-09-04 14:30:00,18,9,4,14,30,220,206,N 12 PR 75+600,48.52949,-2.97449,Plein jour,Hors agglomération,Hors intersection,Normale,Deux véhicules - côté,,,,,,,,,,,1,1,1,1.0,3.0
201800021730,0018-10-05 10:45:00,18,10,5,10,45,220,4,D767,48.62025,-3.31118,Plein jour,Hors agglomération,Hors intersection,Normale,Sans collision,,,,,,,,,,,1,1,1,1.0,7.0
201800021731,0018-10-18 11:00:00,18,10,18,11,0,220,182,"Route nationale 12, sens",48.53151,-2.93358,Plein jour,Hors agglomération,Intersection en Y,Normale,Deux véhicules - arrière,,,,,,,,,,,1,1,4,1.0,2.0
201800021732,0018-10-29 19:50:00,18,10,29,19,50,220,304,RN 12 PR 81+250G,48.53604,-3.052,Nuit sans éclairage public,Hors agglomération,Hors intersection,Pluie légère,Sans collision,,,,,,,,,,,3,1,1,2.0,7.0
201800021733,0018-11-19 13:30:00,18,11,19,13,30,220,225,"RN12, PR84+650, sens REN",48.54561,-3.09144,Plein jour,Hors agglomération,Hors intersection,Normale,Deux véhicules - arrière,,,,,,,,,,,1,1,1,1.0,2.0
201800021734,0018-01-07 14:45:00,18,1,7,14,45,220,81,bretelle d'accès RN.12 -,48.48087,-2.64474,Plein jour,Hors agglomération,Hors intersection,Normale,Autre collision,,,,,,,,,,,1,1,1,1.0,6.0
201800021735,0018-02-10 21:30:00,18,2,10,21,30,220,93,RN 12. PR 037+200. Lieu,48.45645,-2.50837,Nuit sans éclairage public,Hors agglomération,Hors intersection,Normale,Autre collision,,,,,,,,,,,3,1,1,1.0,6.0
201800021736,0018-02-19 08:45:00,18,2,19,8,45,220,246,RN 12 PR 44 +780,48.47699,-2.60334,Plein jour,Hors agglomération,Hors intersection,Pluie légère,Trois véhicules et plus - en chaîne,,,,,,,,,,,1,1,1,2.0,4.0
201800021737,0018-02-27 07:00:00,18,2,27,7,0,220,339,RN 176 PR 07 +400,48.50273,-2.03952,Crépuscule ou aube,Hors agglomération,Hors intersection,Normale,Autre collision,,,,,,,,,,,2,1,1,1.0,6.0
201800021738,0018-06-15 18:45:00,18,6,15,18,45,220,213,RN 176 PR 01+600,48.53708,-1.99296,Plein jour,Hors agglomération,Hors intersection,Normale,Trois véhicules et plus - en chaîne,,,,,,,,,,,1,1,1,1.0,4.0
201800021739,0018-06-27 08:50:00,18,6,27,8,50,220,389,RN 12 PR 048+900,48.46265,-2.70632,Plein jour,Hors agglomération,Hors intersection,Normale,Deux véhicules - arrière,,,,,,,,,,,1,1,1,1.0,2.0
201800021740,0018-07-08 03:15:00,18,7,8,3,15,220,193,RN12 - PR033.700 - Vers,48.43869,-2.47425,Nuit sans éclairage public,Hors agglomération,Hors intersection,Normale,Sans collision,,,,,,,,,,,3,1,1,1.0,7.0
201800021741,0018-07-16 17:10:00,18,7,16,17,10,220,369,RN.12 PR.014+100 - VERS,48.33892,-2.27982,Plein jour,Hors agglomération,Hors intersection,Normale,Autre collision,,,,,,,,,,,1,1,1,1.0,6.0
201800021742,0018-07-29 17:00:00,18,7,29,17,0,220,84,"Echangeur des 4 routes,",48.40865,-2.34498,Plein jour,Hors agglomération,Autre intersection,Normale,Sans collision,,,,,,,,,,,1,1,9,1.0,7.0
201800021743,0018-08-18 09:20:00,18,8,18,9,20,220,81,"RN 12, PR 46 + 700",48.47969,-2.6278,Plein jour,Hors agglomération,Hors intersection,Normale,Deux véhicules - côté,,,,,,,,,,,1,1,1,1.0,3.0
201800021744,0018-08-24 11:20:00,18,8,24,11,20,220,213,N176 PR001+500,48.53667,-1.99886,Plein jour,Hors agglomération,Hors intersection,Normale,Deux véhicules - arrière,,,,,,,,,,,1,1,1,1.0,2.0
201800021745,0018-08-31 23:50:00,18,8,31,23,50,220,93,RN.12 - PR.037+450,48.45689,-2.51259,Nuit sans éclairage public,Hors agglomération,Hors intersection,Normale,Deux véhicules - arrière,,,,,,,,,,,3,1,1,1.0,2.0
201800021746,0018-09-22 16:10:00,18,9,22,16,10,220,389,RN.12 - PR.048+750,48.47991,-2.65621,Plein jour,Hors agglomération,Hors intersection,Normale,Trois véhicules et plus - en chaîne,,,,,,,,,,,1,1,1,1.0,4.0
201800021747,0018-09-27 00:35:00,18,9,27,0,35,220,20,RN12 - PR 10+800,48.31827,-2.24899,Nuit sans éclairage public,Hors agglomération,Autre intersection,Normale,Deux véhicules - arrière,,,,,,,,,,,3,1,9,1.0,2.0
201800021748,0018-09-30 18:30:00,18,9,30,18,30,220,369,NATIONALE 12 PR 018+020,48.35462,-2.30854,Plein jour,Hors agglomération,Hors intersection,Normale,Trois véhicules et plus - collisions multiples,,,,,,,,,,,1,1,1,1.0,5.0
201800021749,0018-10-12 07:00:00,18,10,12,7,0,220,185,RN 12 - PR 19+300,48.36245,-2.32105,Crépuscule ou aube,Hors agglomération,Hors intersection,Normale,Deux véhicules - arrière,,,,,,,,,,,2,1,1,1.0,2.0
201800021750,0018-10-11 18:00:00,18,10,11,18,0,220,389,RN 12 - PR 49+250,48.47926,-2.6626,Plein jour,Hors agglomération,Hors intersection,Normale,Autre collision,,,,,,,,,,,1,1,1,1.0,6.0
201800021751,0018-10-17 10:29:00,18,10,17,10,29,220,160,RN12 PR34+700,48.44805,-2.48185,Plein jour,Hors agglomération,Hors intersection,Normale,Deux véhicules - arrière,,,,,,,,,,,1,1,1,1.0,2.0
201800021752,0018-10-18 08:30:00,18,10,18,8,30,220,93,RN 12 PR 38+200,48.45821,-2.52298,Plein jour,Hors agglomération,Hors intersection,Normale,Trois véhicules et plus - collisions multiples,,,,,,,,,,,1,1,1,1.0,5.0
201800021753,0018-10-21 16:42:00,18,10,21,16,42,220,193,RN 176 PR 37+280,48.41267,-2.3708,Plein jour,Hors agglomération,Hors intersection,Normale,Autre collision,,,,,,,,,,,1,1,1,1.0,6.0
201800021754,0018-10-12 18:00:00,18,10,12,18,0,220,389,Route Nationale 12,48.48147,-2.68234,Plein jour,Hors agglomération,Hors intersection,Normale,Trois véhicules et plus - en chaîne,,,,,,,,,,,1,1,1,1.0,4.0
201800021755,0018-11-25 19:30:00,18,11,25,19,30,220,389,Route nationale 12,48.48117,-2.67954,Nuit sans éclairage public,Hors agglomération,Hors intersection,Normale,Trois véhicules et plus - en chaîne,,,,,,,,,,,3,1,1,1.0,4.0
201800021756,0018-11-30 15:06:00,18,11,30,15,6,220,259,route nationale 176,48.45443,-2.08266,Plein jour,Hors agglomération,Hors intersection,Temps couvert,Deux véhicules - côté,,,,,,,,,,,1,1,1,8.0,3.0
201800021757,0018-12-03 19:40:00,18,12,3,19,40,220,185,route national 12,48.38255,-2.37548,Nuit sans éclairage public,Hors agglomération,Hors intersection,Normale,Autre collision,,,,,,,,,,,3,1,1,1.0,6.0
201800021758,0018-02-24 22:30:00,18,2,24,22,30,290,75,N12,48.44182,-4.40802,Nuit sans éclairage public,Hors agglomération,Hors intersection,Normale,Autre collision,,,,,,,,,,,3,1,1,1.0,6.0
201800021759,0018-03-31 09:45:00,18,3,31,9,45,290,265,"RN 12 , PK 024.000",48.56007,-3.88946,Plein jour,Hors agglomération,Hors intersection,Pluie légère,Deux véhicules - côté,,,,,,,,,,,1,1,1,2.0,3.0
201800021760,0018-06-21 08:00:00,18,6,21,8,0,290,95,nationale 12,48.45681,-4.36674,Plein jour,Hors agglomération,Hors intersection,Normale,Trois véhicules et plus - en chaîne,,,,,,,,,,,1,1,1,1.0,4.0
201800021761,0018-08-17 10:20:00,18,8,17,10,20,290,181,N12,48.49178,-4.21927,Plein jour,Hors agglomération,Hors intersection,Normale,Autre collision,,,,,,,,,,,1,1,1,1.0,6.0
201800021762,0018-08-19 23:05:00,18,8,19,23,5,290,179,route nationale 12,48.52296,-4.31369,Nuit sans éclairage public,Hors agglomération,Hors intersection,Brouillard / fumée,Autre collision,,,,,,,,,,,3,1,1,5.0,6.0
201800021763,0018-09-28 02:50:00,18,9,28,2,50,290,181,RN 12,48.4893,-4.2299,Nuit sans éclairage public,Hors agglomération,Hors intersection,Normale,Autre collision,,,,,,,,,,,3,1,1,1.0,6.0
201800021764,0018-12-19 20:50:00,18,12,19,20,50,290,181,N12,48.48866,-4.2519,Nuit sans éclairage public,Hors agglomération,Hors intersection,Pluie forte,Deux véhicules - côté,,,,,,,,,,,3,1,1,3.0,3.0
201800021765,0018-03-08 06:40:00,18,3,8,6,40,290,20,RN 165,48.0859,-4.0016,Nuit sans éclairage public,Hors agglomération,Hors intersection,Pluie légère,Autre collision,,,,,,,,,,,3,1,1,2.0,6.0
201800021766,0018-07-01 02:30:00,18,7,1,2,30,290,80,RN165 PR97+800,48.32797,-4.22641,Nuit sans éclairage public,Hors agglomération,Hors intersection,Pluie légère,Sans collision,,,,,,,,,,,3,1,1,2.0,7.0
201800021767,0018-08-07 14:30:00,18,8,7,14,30,290,26,N165 - PR 73+900,48.20308,-4.04408,Plein jour,Hors agglomération,Hors intersection,Normale,Deux véhicules - arrière,,,,,,,,,,,1,1,1,1.0,2.0
201800021768,0018-05-23 12:10:00,18,5,23,12,10,350,363,Route Nationale 137 Poin,48.00777,-1.69216,Plein jour,Hors agglomération,Hors intersection,Normale,Deux véhicules - arrière,,,,,,,,,,,1,1,1,1.0,2.0
201800021769,0018-06-10 10:30:00,18,6,10,10,30,350,89,La Tremblais,47.90387,-1.49889,Plein jour,Hors agglomération,Hors intersection,Normale,Autre collision,,,,,,,,,,,1,1,1,1.0,6.0
201800021770,0018-06-25 19:10:00,18,6,25,19,10,350,221,"Route nationale 137, poi",47.86243,-1.6908,Plein jour,Hors agglomération,Hors intersection,Normale,Deux véhicules - arrière,,,,,,,,,,,1,1,1,1.0,2.0
201800021771,0018-07-15 09:28:00,18,7,15,9,28,350,12,RN 137,47.83889,-1.69556,Plein jour,Hors agglomération,Hors intersection,Normale,Autre collision,,,,,,,,,,,1,1,1,1.0,6.0
201800021772,0018-08-15 19:00:00,18,8,15,19,0,350,124,N137,47.75868,-1.71318,Plein jour,Hors agglomération,Hors intersection,Normale,Deux véhicules - arrière,,,,,,,,,,,1,1,1,1.0,2.0
201800021773,0018-09-11 06:10:00,18,9,11,6,10,350,90,RN 137 PK 26 + 200,47.93058,-1.67278,Nuit sans éclairage public,Hors agglomération,Hors intersection,Brouillard / fumée,Autre collision,,,,,,,,,,,3,1,1,5.0,6.0
201800021774,0018-09-17 08:00:00,18,9,17,8,0,350,206,route nationale 137 pk 0,48.04165,-1.68542,Plein jour,Hors agglomération,Hors intersection,Normale,Deux véhicules - côté,,,,,,,,,,,1,1,1,1.0,3.0
201800021775,0018-10-19 17:30:00,18,10,19,17,30,350,231,route nationale 137 pk 2,47.89473,-1.68688,Plein jour,Hors agglomération,Hors intersection,Normale,Autre collision,,,,,,,,,,,1,1,1,1.0,6.0
201800021776,0018-11-10 19:45:00,18,11,10,19,45,350,90,route nationale 137,47.92916,-1.67355,Nuit sans éclairage public,Hors agglomération,Hors intersection,Pluie légère,Autre collision,,,,,,,,,,,3,1,1,2.0,6.0
201800021777,0018-12-02 19:50:00,18,12,2,19,50,350,12,RN 137 PK 10 + 600,47.79923,-1.68902,Nuit sans éclairage public,Hors agglomération,Hors intersection,Pluie légère,Deux véhicules - côté,,,,,,,,,,,3,1,1,2.0,3.0
201800021778,0018-12-28 19:45:00,18,12,28,19,45,350,66,route nationale 137 poin,48.04413,-1.68456,Nuit sans éclairage public,Hors agglomération,Autre intersection,Brouillard / fumée,Deux véhicules - arrière,,,,,,,,,,,3,1,9,5.0,2.0
201800021779,0018-12-21 20:30:00,18,12,21,20,30,350,139,Route Nationale 137 pk 2,47.97131,-1.69295,Nuit sans éclairage public,Hors agglomération,Hors intersection,Normale,Deux véhicules - côté,,,,,,,,,,,3,1,1,1.0,3.0
201800021780,0018-12-30 14:45:00,18,12,30,14,45,350,363,Route Nationale 137 - Po,48.01043,-1.69185,Plein jour,Hors agglomération,Hors intersection,Temps couvert,Deux véhicules - arrière,,,,,,,,,,,1,1,1,8.0,2.0
201800021781,0018-02-16 06:32:00,18,2,16,6,32,350,152,A84,48.18931,-1.54591,Nuit sans éclairage public,Hors agglomération,Hors intersection,Temps couvert,Autre collision,,,,,,,,,,,3,1,1,8.0,6.0
201800021782,0018-04-26 17:30:00,18,4,26,17,30,350,152,"Autoroute A.84, point ki",48.19302,-1.54058,Plein jour,Hors agglomération,Hors intersection,Normale,Deux véhicules - arrière,,,,,,,,,,,1,1,1,1.0,2.0
201800021783,0018-07-30 07:15:00,18,7,30,7,15,350,152,"PK 101+500, A84",48.17889,-1.56047,Plein jour,Hors agglomération,Hors intersection,Pluie légère,Autre collision,,,,,,,,,,,1,1,1,2.0,6.0
201800021784,0018-08-05 19:35:00,18,8,5,19,35,350,152,A 84 PK 105.700,48.2075,-1.52404,Plein jour,Hors agglomération,Hors intersection,Normale,Sans collision,,,,,,,,,,,1,1,1,1.0,7.0
201800021785,0018-10-04 11:50:00,18,10,4,11,50,350,152,A 84 PK 105+400,48.20499,-1.52574,Plein jour,Hors agglomération,Hors intersection,Normale,Autre collision,,,,,,,,,,,1,1,1,1.0,6.0
201800021786,0018-01-10 17:20:00,18,1,10,17,20,10,209,rd 1206,46.10623,5.87713,Nuit sans éclairage public,Hors agglomération,Hors intersection,Pluie légère,Deux véhicules - côté,,,,,,,,,,,3,1,1,2.0,3.0
201800021787,0018-01-23 13:00:00,18,1,23,13,0,10,419,Rue des hauts de thoiry,46.24061,5.974,Plein jour,En agglomération,Hors intersection,Temps éblouissant,Deux véhicules - frontale,,,,,,,,,,,1,2,1,7.0,1.0
201800021788,0018-02-11 19:42:00,18,2,11,19,42,10,209,D1206,46.10623,5.87713,Nuit sans éclairage public,Hors agglomération,Hors intersection,Pluie légère,Deux véhicules - frontale,,,,,,,,,,,3,1,1,2.0,1.0
201800021789,0018-02-27 14:00:00,18,2,27,14,0,10,109,CD984,46.1424,5.90407,Plein jour,Hors agglomération,Intersection en Y,Normale,Sans collision,,,,,,,,,,,1,1,4,1.0,7.0
201800021790,0018-03-27 16:00:00,18,3,27,16,0,10,354,Rd 35,46.25044,6.04358,Plein jour,Hors agglomération,Hors intersection,Normale,Deux véhicules - arrière,,,,,,,,,,,1,1,1,1.0,2.0
201800021791,0018-04-18 15:15:00,18,4,18,15,15,10,354,rue de Lyon,46.24547,6.02344,Plein jour,En agglomération,Giratoire,Normale,Deux véhicules - côté,,,,,,,,,,,1,2,6,1.0,3.0
201800021792,0018-04-26 16:45:00,18,4,26,16,45,10,354,rue de la petite vie,46.24503,6.02621,Plein jour,En agglomération,Hors intersection,Normale,Sans collision,,,,,,,,,,,1,2,1,1.0,7.0
201800021793,0018-05-07 17:15:00,18,5,7,17,15,10,308,route de la gare,46.14001,5.95873,Plein jour,En agglomération,Intersection en Y,Pluie légère,Sans collision,,,,,,,,,,,1,2,4,2.0,7.0
201800021794,0018-05-11 11:19:00,18,5,11,11,19,10,419,rue des battoirs,46.24103,5.99027,Plein jour,Hors agglomération,Hors intersection,Normale,Autre collision,,,,,,,,,,,1,1,1,1.0,6.0
201800021795,0018-07-31 17:40:00,18,7,31,17,40,10,209,route de geneve,46.11315,5.88003,Plein jour,Hors agglomération,Hors intersection,Normale,Autre collision,,,,,,,,,,,1,1,1,1.0,6.0
201800021796,0018-08-14 19:35:00,18,8,14,19,35,10,360,GRAND ROUTE,46.21045,5.96696,Plein jour,Hors agglomération,Hors intersection,Normale,Autre collision,,,,,,,,,,,1,1,1,1.0,6.0
201800021797,0018-09-06 21:15:00,18,9,6,21,15,10,401,route de crozet,46.25938,5.99681,Nuit sans éclairage public,Hors agglomération,Hors intersection,Pluie légère,Deux véhicules - côté,,,,,,,,,,,3,1,1,2.0,3.0
201800021798,0018-08-30 18:00:00,18,8,30,18,0,10,158,Chemin de Monthey,46.16524,5.90817,Plein jour,Hors agglomération,Hors intersection,Normale,Autre collision,,,,,,,,,,,1,1,1,1.0,6.0
201800021799,0018-09-16 02:40:00,18,9,16,2,40,10,354,rue de geneve,46.24152,6.02691,Nuit avec éclairage allumé,En agglomération,Giratoire,Normale,Autre collision,,,,,,,,,,,5,2,6,1.0,6.0
201800021800,0018-11-03 20:05:00,18,11,3,20,5,10,354,Intersection RD35 - RD35,46.25202,6.04481,Nuit sans éclairage public,Hors agglomération,Giratoire,Normale,Deux véhicules - arrière,,,,,,,,,,,3,1,6,1.0,2.0
201800021801,0018-11-18 18:35:00,18,11,18,18,35,10,78,route de mucelle,46.17916,5.96724,Nuit avec éclairage allumé,En agglomération,Hors intersection,Normale,Autre collision,,,,,,,,,,,5,2,1,1.0,6.0
201800021802,0018-12-23 11:20:00,18,12,23,11,20,10,209,RD 1206,46.10403,5.87593,Plein jour,Hors agglomération,Hors intersection,Pluie légère,Trois véhicules et plus - collisions multiples,,,,,,,,,,,1,1,1,2.0,5.0
201800021803,0018-08-05 13:05:00,18,8,5,13,5,540,385,RD125,49.44618,5.80472,Plein jour,Hors agglomération,Hors intersection,Temps éblouissant,Sans collision,,,,,,,,,,,1,1,1,7.0,7.0
201800021804,0018-08-03 14:55:00,18,8,3,14,55,540,476,D643,49.45707,5.48183,Plein jour,Hors agglomération,Hors intersection,Normale,Sans collision,,,,,,,,,,,1,1,1,1.0,7.0
201800021805,0018-08-13 13:45:00,18,8,13,13,45,540,322,Avenue de la Libération,49.43406,5.61344,Plein jour,En agglomération,Hors intersection,Normale,Deux véhicules - côté,,,,,,,,,,,1,2,1,1.0,3.0
201800021806,0018-10-22 02:15:00,18,10,22,2,15,540,138,RD 618,49.52868,5.73503,Nuit avec éclairage allumé,Hors agglomération,Giratoire,Normale,Sans collision,,,,,,,,,,,5,1,6,1.0,7.0
201800021807,0018-10-29 17:30:00,18,10,29,17,30,540,314,Zone des Maragolles,49.5031,5.72997,Crépuscule ou aube,Hors agglomération,Autre intersection,Normale,Autre collision,,,,,,,,,,,2,1,9,1.0,6.0
201800021808,0018-11-01 02:30:00,18,11,1,2,30,540,322,RD618,49.4522,5.60145,Nuit sans éclairage public,Hors agglomération,Hors intersection,Normale,Autre collision,,,,,,,,,,,3,1,1,1.0,6.0
201800021809,0018-11-05 06:00:00,18,11,5,6,0,540,574,RN18,49.50559,5.68944,Nuit sans éclairage public,Hors agglomération,Hors intersection,Normale,Deux véhicules - arrière,,,,,,,,,,,3,1,1,1.0,2.0
201800021810,0018-11-06 13:50:00,18,11,6,13,50,540,322,RD 643,49.44832,5.59294,Plein jour,Hors agglomération,Hors intersection,Temps couvert,Sans collision,,,,,,,,,,,1,1,1,8.0,7.0
201800021811,0018-12-15 01:30:00,18,12,15,1,30,540,234,rue des usines,49.53362,5.68794,Nuit sans éclairage public,En agglomération,Hors intersection,Normale,Autre collision,,,,,,,,,,,3,2,1,1.0,6.0
201800021812,0018-12-21 07:05:00,18,12,21,7,5,540,151,D18,49.48081,5.74129,Nuit avec éclairage non allumé,Hors agglomération,Hors intersection,Pluie forte,Deux véhicules - frontale,,,,,,,,,,,4,1,1,3.0,1.0