accident_id,datetime,annee,mois,jour,heure,minute,departement,commune_insee,adresse,latitude,longitude,luminosite,agglomeration,intersection,meteo,collision,nb_vehicules,nb_usagers,nb_indemnes,nb_tues,nb_blesses_hosp,nb_blesses_legers,age_cond_1,age_cond_2,veh_type_cond_1,veh_type_cond_2,lum_code,agg_code,int_code,atm_code,col_code
201800021813,0018-12-04 17:00:00,18,12,4,17,0,540,314,rue de longwy,49.50329,5.73385,Nuit sans éclairage public,Hors agglomération,Hors intersection,Pluie légère,Deux véhicules - arrière,,,,,,,,,,,3,1,1,2.0,2.0
201800021814,0018-12-26 15:20:00,18,12,26,15,20,540,138,N18 sens COSNES ET ROMAI,49.52735,5.72966,Plein jour,Hors agglomération,Hors intersection,Normale,Deux véhicules - frontale,,,,,,,,,,,1,1,1,1.0,1.0
201800021815,0018-12-27 14:00:00,18,12,27,14,0,540,314,ROUTE DE LONGWY,49.51327,5.7355,Plein jour,En agglomération,Hors intersection,Normale,Autre collision,,,,,,,,,,,1,2,1,1.0,6.0
201800021816,0018-02-08 07:40:00,18,2,8,7,40,670,437,rue du Maréchal  Joffre,48.74068,7.36982,Plein jour,En agglomération,Intersection en X,Normale,Deux véhicules - côté,,,,,,,,,,,1,2,2,1.0,3.0
201800021817,0018-03-14 19:30:00,18,3,14,19,30,670,229,RD 1004,48.66239,7.40037,Nuit sans éclairage public,Hors agglomération,Hors intersection,Normale,Deux véhicules - frontale,,,,,,,,,,,3,1,1,1.0,1.0
201800021818,0018-03-19 15:30:00,18,3,19,15,30,670,437,rue des églises,48.73977,7.36257,Plein jour,En agglomération,Hors intersection,Normale,Autre collision,,,,,,,,,,,1,2,1,1.0,6.0
201800021819,0018-04-08 12:10:00,18,4,8,12,10,670,478,,48.77459,7.40765,Plein jour,Hors agglomération,Hors intersection,Normale,Sans collision,,,,,,,,,,,1,1,1,1.0,7.0
201800021820,0018-06-09 19:40:00,18,6,9,19,40,670,459,rue principale,48.71238,7.4102,Plein jour,En agglomération,Hors intersection,Normale,Autre collision,,,,,,,,,,,1,2,1,1.0,6.0
201800021821,0018-09-22 19:35:00,18,9,22,19,35,670,367,D1004,48.72469,7.37338,Nuit avec éclairage allumé,En agglomération,Hors intersection,Pluie légère,Trois véhicules et plus - en chaîne,,,,,,,,,,,5,2,1,2.0,4.0
201800021822,0018-10-24 08:50:00,18,10,24,8,50,670,302,RD 421,48.74297,7.40487,Plein jour,Hors agglomération,Hors intersection,Normale,Deux véhicules - frontale,,,,,,,,,,,1,1,1,1.0,1.0
201800021823,0018-10-29 07:20:00,18,10,29,7,20,670,478,RD 421,48.74549,7.42563,Crépuscule ou aube,Hors agglomération,Hors intersection,Temps couvert,Autre collision,,,,,,,,,,,2,1,1,8.0,6.0
201800021824,0018-01-30 12:05:00,18,1,30,12,5,830,48,"rd 559, route de St Raph",43.18527,65.45675,Plein jour,En agglomération,Hors intersection,Temps couvert,Deux véhicules - côté,,,,,,,,,,,1,2,1,8.0,3.0
201800021825,0018-06-13 08:55:00,18,6,13,8,55,830,48,Route départementale 559,43.19092,6.55411,Plein jour,Hors agglomération,Hors intersection,Normale,Deux véhicules - côté,,,,,,,,,,,1,1,1,1.0,3.0
201800021826,0018-06-19 15:40:00,18,6,19,15,40,830,48,rond point du débarqueme,43.19162,6.55641,Plein jour,En agglomération,Giratoire,Normale,Sans collision,,,,,,,,,,,1,2,6,1.0,7.0
201800021827,0018-08-10 00:30:00,18,8,10,0,30,830,36,Boulevard Saint-Raphaël,43.18336,6.5411,Nuit avec éclairage allumé,Hors agglomération,Hors intersection,Normale,Autre collision,,,,,,,,,,,5,1,1,1.0,6.0
201800021828,0018-08-16 14:30:00,18,8,16,14,30,830,48,Boulevard du Littoral,43.18916,6.57726,Plein jour,En agglomération,Hors intersection,Normale,Deux véhicules - côté,,,,,,,,,,,1,2,1,1.0,3.0
201800021829,0018-08-18 21:20:00,18,8,18,21,20,830,48,1559 boulevard saint rap,43.20036,6.56394,Nuit avec éclairage allumé,Hors agglomération,Hors intersection,Normale,Deux véhicules - frontale,,,,,,,,,,,5,1,1,1.0,1.0
201800021830,0018-08-19 09:00:00,18,8,19,9,0,830,36,promenade de la mer,43.17579,6.53442,Plein jour,En agglomération,Hors intersection,Normale,Autre collision,,,,,,,,,,,1,2,1,1.0,6.0
201800021831,0018-09-25 17:30:00,18,9,25,17,30,830,36,promenade de la mer,43.17677,6.53493,Plein jour,En agglomération,Hors intersection,Normale,Autre collision,,,,,,,,,,,1,2,1,1.0,6.0
201800021832,0018-04-18 14:50:00,18,4,18,14,50,670,532,CD 41,48.67372,7.51565,Plein jour,En agglomération,Hors intersection,Normale,Sans collision,,,,,,,,,,,1,2,1,1.0,7.0
201800021833,0018-04-18 23:25:00,18,4,18,23,25,670,485,ROUTE DE SAVERNE RD 41,48.62062,7.64675,Nuit sans éclairage public,Hors agglomération,Hors intersection,Normale,Autre collision,,,,,,,,,,,3,1,1,1.0,6.0
201800021834,0018-05-14 08:55:00,18,5,14,8,55,670,485,Route Départementale 41,48.62661,7.6273,Plein jour,Hors agglomération,Hors intersection,Normale,Deux véhicules - côté,,,,,,,,,,,1,1,1,1.0,3.0
201800021835,0018-05-24 18:30:00,18,5,24,18,30,670,530,PR11,48.77596,7.54694,Plein jour,Hors agglomération,Hors intersection,Normale,Deux véhicules - côté,,,,,,,,,,,1,1,1,1.0,3.0
201800021836,0018-06-01 12:45:00,18,6,1,12,45,670,287,RD 421,48.75062,7.5262,Plein jour,Hors agglomération,Hors intersection,Normale,Autre collision,,,,,,,,,,,1,1,1,1.0,6.0
201800021837,0018-06-09 20:30:00,18,6,9,20,30,670,138,D  228,48.63412,7.5482,Plein jour,Hors agglomération,Intersection en T,Normale,Deux véhicules - côté,,,,,,,,,,,1,1,3,1.0,3.0
201800021838,0018-08-12 01:00:00,18,8,12,1,0,670,363,RD718,48.59382,7.55915,Nuit sans éclairage public,Hors agglomération,Hors intersection,Normale,Deux véhicules - frontale,,,,,,,,,,,3,1,1,1.0,1.0
201800021839,0018-01-08 13:55:00,18,1,8,13,55,350,45,LIEU-DIT BELLEVUE,47.79546,-2.00918,Plein jour,Hors agglomération,Intersection en X,Normale,Deux véhicules - côté,,,,,,,,,,,1,1,2,1.0,3.0
201800021840,0018-01-30 20:18:00,18,1,30,20,18,350,168,RD 61 Lieu-dit Le bois a,47.90016,-2.00317,Nuit sans éclairage public,Hors agglomération,Hors intersection,Temps couvert,Autre collision,,,,,,,,,,,3,1,1,8.0,6.0
201800021841,0018-02-12 11:20:00,18,2,12,11,20,350,219,la ville rolland,47.78916,-1.93267,Plein jour,Hors agglomération,Intersection en T,Normale,Deux véhicules - côté,,,,,,,,,,,1,1,3,1.0,3.0
201800021842,0018-03-13 17:00:00,18,3,13,17,0,350,57,bel air,47.93992,-1.92556,Plein jour,Hors agglomération,Intersection en X,Normale,Deux véhicules - côté,,,,,,,,,,,1,1,2,1.0,3.0
201800021843,0018-03-26 05:47:00,18,3,26,5,47,350,176,lieu-dit maupertuis,47.8627,-1.86489,Nuit sans éclairage public,Hors agglomération,Hors intersection,Normale,Autre collision,,,,,,,,,,,3,1,1,1.0,6.0
201800021844,0018-04-05 22:15:00,18,4,5,22,15,350,219,LA BLONNAIS,47.82134,-1.90499,Nuit sans éclairage public,Hors agglomération,Hors intersection,Normale,Autre collision,,,,,,,,,,,3,1,1,1.0,6.0
201800021845,0018-04-03 15:30:00,18,4,3,15,30,350,219,Le Breil aux oyons,47.80388,-1.96886,Plein jour,Hors agglomération,Intersection en T,Normale,Deux véhicules - côté,,,,,,,,,,,1,1,3,1.0,3.0
201800021846,0018-04-13 11:15:00,18,4,13,11,15,350,328,Le Pigeon Blanc,47.75823,-2.02839,Plein jour,Hors agglomération,Intersection en X,Normale,Deux véhicules - côté,,,,,,,,,,,1,1,2,1.0,3.0
201800021847,0018-05-22 08:25:00,18,5,22,8,25,350,168,44 rue de guer,47.89271,-1.99374,Plein jour,En agglomération,Hors intersection,Normale,Autre collision,,,,,,,,,,,1,2,1,1.0,6.0
201800021848,0018-07-02 08:50:00,18,7,2,8,50,350,219,Lieu-dit La Glochais,47.82963,-1.95027,Plein jour,Hors agglomération,Hors intersection,Temps couvert,Sans collision,,,,,,,,,,,1,1,1,8.0,7.0
201800021849,0018-07-08 22:30:00,18,7,8,22,30,350,176,Lieu-dit La Pirronaie,47.84969,-1.80929,Crépuscule ou aube,Hors agglomération,Hors intersection,Normale,Autre collision,,,,,,,,,,,2,1,1,1.0,6.0
201800021850,0018-08-15 18:10:00,18,8,15,18,10,350,168,La Bessonais,47.87458,-1.91838,Plein jour,Hors agglomération,Intersection en X,Normale,Deux véhicules - côté,,,,,,,,,,,1,1,2,1.0,3.0
201800021851,0018-08-23 21:40:00,18,8,23,21,40,350,219,RD 59,47.77276,-1.92104,Nuit sans éclairage public,Hors agglomération,Hors intersection,Normale,Deux véhicules - arrière,,,,,,,,,,,3,1,1,1.0,2.0
201800021852,0018-11-13 09:40:00,18,11,13,9,40,350,219,la hautiere,47.82632,-1.9725,Plein jour,Hors agglomération,Hors intersection,Normale,Autre collision,,,,,,,,,,,1,1,1,1.0,6.0
201800021853,0018-01-15 03:00:00,18,1,15,3,0,350,359,Route de Marcillé-Robert,47.95389,-1.30846,Nuit sans éclairage public,Hors agglomération,Hors intersection,Normale,Autre collision,,,,,,,,,,,3,1,1,1.0,6.0
201800021854,0018-04-28 19:30:00,18,4,28,19,30,350,239,le haut bouillon,47.92716,-1.31893,Plein jour,Hors agglomération,Hors intersection,Normale,Sans collision,,,,,,,,,,,1,1,1,1.0,7.0
201800021855,0018-05-13 17:40:00,18,5,13,17,40,350,77,D178 - PK 52+077,47.86827,-1.27459,Plein jour,Hors agglomération,Hors intersection,Normale,Trois véhicules et plus - en chaîne,,,,,,,,,,,1,1,1,1.0,4.0
201800021856,0018-07-26 14:15:00,18,7,26,14,15,350,114,ROUTE DEPARTEMENTALE 178,47.86585,-1.27722,Plein jour,Hors agglomération,Hors intersection,Normale,Deux véhicules - frontale,,,,,,,,,,,1,1,1,1.0,1.0
201800021857,0018-08-10 16:45:00,18,8,10,16,45,350,239,rue maréchal Foch,47.9139,-1.37969,Plein jour,En agglomération,Intersection en Y,Normale,Autre collision,,,,,,,,,,,1,2,4,1.0,6.0
201800021858,0018-09-07 19:30:00,18,9,7,19,30,350,167,La sauvallerie,47.85465,-1.33472,Plein jour,Hors agglomération,Intersection en X,Normale,Deux véhicules - frontale,,,,,,,,,,,1,1,2,1.0,1.0
201800021859,0018-09-20 12:10:00,18,9,20,12,10,350,77,La herpinerie,47.83977,-1.21782,Plein jour,Hors agglomération,Intersection en T,Normale,Deux véhicules - arrière,,,,,,,,,,,1,1,3,1.0,2.0
201800021860,0018-09-28 09:40:00,18,9,28,9,40,350,235,Lieu-dit La Maison Neuve,47.91578,-1.20509,Plein jour,Hors agglomération,Intersection en X,Temps éblouissant,Deux véhicules - côté,,,,,,,,,,,1,1,2,7.0,3.0
201800021861,0018-10-28 16:00:00,18,10,28,16,0,350,167,Lieu dit l'Orière,47.84194,-1.32927,Plein jour,Hors agglomération,Hors intersection,Normale,Autre collision,,,,,,,,,,,1,1,1,1.0,6.0
201800021862,0018-12-13 18:10:00,18,12,13,18,10,350,125,rue de rennes,47.943,-1.23385,Nuit avec éclairage allumé,En agglomération,Hors intersection,Normale,Autre collision,,,,,,,,,,,5,2,1,1.0,6.0
201800021863,0018-01-07 07:30:00,18,1,7,7,30,860,83,"A10,  PK  320+60",46.50816,0.17729,Nuit sans éclairage public,Hors agglomération,Hors intersection,Temps couvert,Deux véhicules - arrière,,,,,,,,,,,3,1,1,8.0,2.0
201800021864,0018-03-23 19:40:00,18,3,23,19,40,860,27,autoroure A10 sens BORDE,46.58734,0.29764,Nuit sans éclairage public,Hors agglomération,Hors intersection,Normale,Autre collision,,,,,,,,,,,3,1,1,1.0,6.0
201800021865,0018-07-11 21:20:00,18,7,11,21,20,860,7,Lieu dit la Gerbaudière,46.85908,0.49106,Plein jour,Hors agglomération,Hors intersection,Normale,Deux véhicules - frontale,,,,,,,,,,,1,1,1,1.0,1.0
201800021866,0018-09-24 08:15:00,18,9,24,8,15,860,68,Route Départementale 35,46.2201,0.13005,Plein jour,Hors agglomération,Hors intersection,Normale,Deux véhicules - frontale,,,,,,,,,,,1,1,1,1.0,1.0
201800021867,0018-01-16 10:55:00,18,1,16,10,55,620,491,19 rue Robert Parfait,50.62729,2.77184,Plein jour,En agglomération,Hors intersection,Normale,Deux véhicules - côté,,,,,,,,,,,1,2,1,1.0,3.0
201800021868,0018-01-17 11:45:00,18,1,17,11,45,620,491,Rue du bois,50.60032,2.78648,Plein jour,Hors agglomération,Intersection en X,Normale,Deux véhicules - côté,,,,,,,,,,,1,1,2,1.0,3.0
201800021869,0018-01-30 09:20:00,18,1,30,9,20,620,491,rue du vieux moulin,50.61209,2.78241,Plein jour,En agglomération,Intersection en X,Temps éblouissant,Deux véhicules - côté,,,,,,,,,,,1,2,2,7.0,3.0
201800021870,0018-05-08 09:35:00,18,5,8,9,35,620,252,route d'Armentieres,50.56131,2.71564,Plein jour,En agglomération,Hors intersection,Normale,Trois véhicules et plus - collisions multiples,,,,,,,,,,,1,2,1,1.0,5.0
201800021871,0018-05-22 16:25:00,18,5,22,16,25,620,606,rue du grand chemin,50.57628,2.77456,Plein jour,En agglomération,Hors intersection,Normale,Deux véhicules - frontale,,,,,,,,,,,1,2,1,1.0,1.0
201800021872,0018-07-04 16:15:00,18,7,4,16,15,620,338,rue Louis Bouquet,50.63856,2.82922,Plein jour,En agglomération,Intersection en X,Normale,Deux véhicules - côté,,,,,,,,,,,1,2,2,1.0,3.0
201800021873,0018-08-10 02:00:00,18,8,10,2,0,620,706,203 rue des Charbonniers,50.57531,2.75448,Nuit sans éclairage public,En agglomération,Intersection en T,Normale,Autre collision,,,,,,,,,,,3,2,3,1.0,6.0
201800021874,0018-10-20 13:15:00,18,10,20,13,15,620,252,1101 rue de lobiau,50.57406,2.72643,Plein jour,En agglomération,Intersection en T,Normale,Deux véhicules - côté,,,,,,,,,,,1,2,3,1.0,3.0
201800021875,0018-12-31 19:15:00,18,12,31,19,15,620,491,rue de la Vangerie,50.61537,2.78765,Nuit sans éclairage public,Hors agglomération,Hors intersection,Autre,Deux véhicules - frontale,,,,,,,,,,,3,1,1,9.0,1.0
201800021876,0018-02-01 21:05:00,18,2,1,21,5,210,2,A38,47.30269,4.76606,Nuit sans éclairage public,Hors agglomération,Hors intersection,Autre,Sans collision,,,,,,,,,,,3,1,1,9.0,7.0
201800021877,0018-02-27 08:10:00,18,2,27,8,10,210,681,autoroute A6- PK 221+600,47.48862,4.1433,Plein jour,Hors agglomération,Hors intersection,Normale,Deux véhicules - arrière,,,,,,,,,,,1,1,1,1.0,2.0
201800021878,0018-04-01 16:45:00,18,4,1,16,45,210,642,Autoroute A6- PK 220+720,47.48977,4.13755,Plein jour,Hors agglomération,Hors intersection,Normale,Autre collision,,,,,,,,,,,1,1,1,1.0,6.0
201800021879,0018-04-11 14:15:00,18,4,11,14,15,210,273,Autoroute A.38 Point kil,47.30622,4.85927,Plein jour,Hors agglomération,Autre intersection,Normale,Autre collision,,,,,,,,,,,1,1,9,1.0,6.0
201800021880,0018-04-27 20:15:00,18,4,27,20,15,210,282,Autoroute A6- PK 225+150,47.47655,4.19924,Plein jour,Hors agglomération,Hors intersection,Normale,Deux véhicules - arrière,,,,,,,,,,,1,1,1,1.0,2.0
201800021881,0018-05-28 09:55:00,18,5,28,9,55,210,634,Autoroute A6 - PK 281+60,47.14822,4.69975,Plein jour,Hors agglomération,Hors intersection,Temps couvert,Autre collision,,,,,,,,,,,1,1,1,8.0,6.0
201800021882,0018-05-29 17:45:00,18,5,29,17,45,210,559,A38 échangeur de PONT DE,47.29796,4.80428,Plein jour,Hors agglomération,Hors intersection,Normale,Deux véhicules - arrière,,,,,,,,,,,1,1,1,1.0,2.0
201800021883,0018-06-01 18:12:00,18,6,1,18,12,210,559,A38,47.29872,4.7966,Plein jour,Hors agglomération,Hors intersection,Normale,Deux véhicules - côté,,,,,,,,,,,1,1,1,1.0,3.0
201800021884,0018-06-11 15:58:00,18,6,11,15,58,210,634,A6 SENS LYON - PARIS,47.14822,4.69975,Plein jour,Hors agglomération,Hors intersection,Normale,Deux véhicules - arrière,,,,,,,,,,,1,1,1,1.0,2.0
201800021885,0018-07-02 08:25:00,18,7,2,8,25,210,449,AUTOROUTE A.6 PK 239+700,47.39171,4.36284,Plein jour,Hors agglomération,Hors intersection,Normale,Deux véhicules - arrière,,,,,,,,,,,1,1,1,1.0,2.0
201800021886,0018-07-07 07:14:00,18,7,7,7,14,210,214,A6 PK277.550 en directio,47.17625,4.68669,Plein jour,Hors agglomération,Hors intersection,Normale,Autre collision,,,,,,,,,,,1,1,1,1.0,6.0
201800021887,0018-07-15 17:00:00,18,7,15,17,0,210,485,Autoroute A38 PK 31+000,47.33449,4.95054,Plein jour,Hors agglomération,Hors intersection,Normale,Sans collision,,,,,,,,,,,1,1,1,1.0,7.0
201800021888,0018-08-03 07:20:00,18,8,3,7,20,210,282,"a6 , pk 227+350",47.47161,4.21899,Plein jour,Hors agglomération,Hors intersection,Normale,Deux véhicules - arrière,,,,,,,,,,,1,1,1,1.0,2.0
201800021889,0018-08-11 08:30:00,18,8,11,8,30,210,406,AUTOROUTE A38,47.30743,4.7418,Plein jour,Hors agglomération,Hors intersection,Normale,Deux véhicules - arrière,,,,,,,,,,,1,1,1,1.0,2.0
201800021890,0018-08-19 18:05:00,18,8,19,18,5,210,501,autoroute A6 Pk 265+100,47.25281,4.55141,Plein jour,Hors agglomération,Hors intersection,Normale,Sans collision,,,,,,,,,,,1,1,1,1.0,7.0
201800021891,0018-08-20 21:40:00,18,8,20,21,40,210,247,Autoroute A6 - PK 224+43,47.48428,4.16709,Nuit sans éclairage public,Hors agglomération,Hors intersection,Normale,Deux véhicules - arrière,,,,,,,,,,,3,1,1,1.0,2.0
201800021892,0018-09-05 11:10:00,18,9,5,11,10,210,298,A6 PK 253+180 sens LYON,47.31998,4.49216,Plein jour,Hors agglomération,Hors intersection,Normale,Sans collision,,,,,,,,,,,1,1,1,1.0,7.0
201800021893,0018-01-05 19:15:00,18,1,5,19,15,860,31,RD749 - PK 35+900,46.63431,0.59282,Nuit sans éclairage public,Hors agglomération,Hors intersection,Pluie légère,Deux véhicules - frontale,,,,,,,,,,,3,1,1,2.0,1.0
201800021894,0018-08-19 10:45:00,18,8,19,10,45,860,70,vernelle   -   Pk 20+350,46.58872,0.64615,Plein jour,Hors agglomération,Hors intersection,Normale,Deux véhicules - frontale,,,,,,,,,,,1,1,1,1.0,1.0
201800021895,0018-08-24 20:30:00,18,8,24,20,30,860,202,Le pré guyon,46.63772,0.75823,Plein jour,Hors agglomération,Hors intersection,Normale,Sans collision,,,,,,,,,,,1,1,1,1.0,7.0
201800021896,0018-09-11 11:00:00,18,9,11,11,0,860,226,RD 1 pk 47+000,46.55475,0.50337,Plein jour,Hors agglomération,Hors intersection,Normale,Autre collision,,,,,,,,,,,1,1,1,1.0,6.0
201800021897,0018-11-16 05:00:00,18,11,16,5,0,860,256,D1 - PK 54,46.52059,0.48407,Nuit sans éclairage public,Hors agglomération,Hors intersection,Normale,Autre collision,,,,,,,,,,,3,1,1,1.0,6.0
201800021898,0018-12-13 10:25:00,18,12,13,10,25,860,233,RUE DE MASSARD,46.53322,0.64565,Plein jour,Hors agglomération,Hors intersection,Normale,Autre collision,,,,,,,,,,,1,1,1,1.0,6.0
201800021899,0018-02-02 16:50:00,18,2,2,16,50,860,25,D 32,46.55947,0.94047,Plein jour,Hors agglomération,Hors intersection,Normale,Autre collision,,,,,,,,,,,1,1,1,1.0,6.0
201800021900,0018-02-14 06:15:00,18,2,14,6,15,860,191,RD54 - lieu dit Bellevue,46.44829,0.81938,Nuit sans éclairage public,Hors agglomération,Hors intersection,Autre,Autre collision,,,,,,,,,,,3,1,1,9.0,6.0
201800021901,0018-02-28 18:39:00,18,2,28,18,39,860,170,Route  Nationale  147,46.32574,0.81714,Crépuscule ou aube,Hors agglomération,Hors intersection,Neige / grêle,Deux véhicules - côté,,,,,,,,,,,2,1,1,4.0,3.0
201800021902,0018-08-04 05:45:00,18,8,4,5,45,860,273,RD 727,46.46975,1.05482,Crépuscule ou aube,Hors agglomération,Hors intersection,Normale,Sans collision,,,,,,,,,,,2,1,1,1.0,7.0
201800021903,0018-08-05 18:40:00,18,8,5,18,40,860,236,RD2,46.68178,0.86084,Plein jour,Hors agglomération,Hors intersection,Normale,Deux véhicules - côté,,,,,,,,,,,1,1,1,1.0,3.0
201800021904,0018-10-04 08:00:00,18,10,4,8,0,860,170,RN 147 PK10,46.34044,0.80061,Crépuscule ou aube,Hors agglomération,Hors intersection,Brouillard / fumée,Autre collision,,,,,,,,,,,2,1,1,5.0,6.0
201800021905,0018-11-22 17:40:00,18,11,22,17,40,860,120,D10,46.36977,0.97616,Nuit sans éclairage public,Hors agglomération,Hors intersection,Normale,Sans collision,,,,,,,,,,,3,1,1,1.0,7.0
201800021906,0018-12-02 15:25:00,18,12,2,15,25,860,37,Lieu-dit La Grand  Motte,46.37912,1.08571,Plein jour,Hors agglomération,Intersection en T,Pluie légère,Deux véhicules - côté,,,,,,,,,,,1,1,3,2.0,3.0
201800021907,0018-12-02 18:00:00,18,12,2,18,0,860,117,RD5,46.51465,0.85891,Nuit sans éclairage public,Hors agglomération,Hors intersection,Pluie légère,Deux véhicules - côté,,,,,,,,,,,3,1,1,2.0,3.0
201800021908,0018-01-07 07:00:00,18,1,7,7,0,10,173,731 rue du creux du loup,46.34821,6.05896,Nuit avec éclairage allumé,En agglomération,Intersection en T,Normale,Autre collision,,,,,,,,,,,5,2,3,1.0,6.0
201800021909,0018-01-18 19:00:00,18,1,18,19,0,10,173,avenue Francis Blanchard,46.32559,6.05501,Nuit avec éclairage allumé,En agglomération,Hors intersection,Pluie légère,Autre collision,,,,,,,,,,,5,2,1,2.0,6.0
201800021910,0018-05-07 11:45:00,18,5,7,11,45,10,173,"233, Rue de l'Oudar",46.33828,6.06751,Plein jour,En agglomération,Autre intersection,Normale,Autre collision,,,,,,,,,,,1,2,9,1.0,6.0
201800021911,0018-05-31 12:45:00,18,5,31,12,45,10,143,Route département 1005 -,46.41407,6.05981,Plein jour,Hors agglomération,Hors intersection,Normale,Autre collision,,,,,,,,,,,1,1,1,1.0,6.0
201800021912,0018-10-13 09:20:00,18,10,13,9,20,10,71,Route de la Plaine,46.30837,6.067,Plein jour,Hors agglomération,Intersection en T,Normale,Deux véhicules - côté,,,,,,,,,,,1,1,3,1.0,3.0
201800021913,0018-10-25 23:45:00,18,10,25,23,45,10,173,rue de l'aiglette nord,46.3383,6.07374,Nuit avec éclairage allumé,En agglomération,Giratoire,Normale,Autre collision,,,,,,,,,,,5,2,6,1.0,6.0
201800021914,0018-11-23 16:50:00,18,11,23,16,50,10,173,Avenue Francis BLANCHARD,46.33181,6.0574,Nuit avec éclairage allumé,En agglomération,Autre intersection,Pluie forte,Autre collision,,,,,,,,,,,5,2,9,3.0,6.0
201800021915,0018-01-29 09:00:00,18,1,29,9,0,120,131,RN 88 - PK 38+700,44.38527,2.66872,Plein jour,Hors agglomération,Hors intersection,Brouillard / fumée,Deux véhicules - frontale,,,,,,,,,,,1,1,1,5.0,1.0
201800021916,0018-02-10 17:00:00,18,2,10,17,0,120,157,RN 88 - PR 35+750,44.38874,2.70203,Plein jour,Hors agglomération,Hors intersection,Normale,Deux véhicules - frontale,,,,,,,,,,,1,1,1,1.0,1.0
201800021917,0018-05-16 15:10:00,18,5,16,15,10,120,131,RN 88,44.39143,2.6767,Plein jour,Hors agglomération,Hors intersection,Normale,Trois véhicules et plus - collisions multiples,,,,,,,,,,,1,1,1,1.0,5.0
201800021918,0018-06-15 17:45:00,18,6,15,17,45,120,96,RD 921 - Route de Laguio,44.52919,2.76215,Plein jour,Hors agglomération,Hors intersection,Normale,Autre collision,,,,,,,,,,,1,1,1,1.0,6.0
201800021919,0018-07-14 16:15:00,18,7,14,16,15,120,64,ROUTE DÉPARTEMENTALE 921,44.55755,2.78179,Plein jour,Hors agglomération,Hors intersection,Normale,Deux véhicules - frontale,,,,,,,,,,,1,1,1,1.0,1.0
201800021920,0018-08-05 06:20:00,18,8,5,6,20,120,96,Picard,44.51468,2.75173,Nuit sans éclairage public,Hors agglomération,Hors intersection,Normale,Trois véhicules et plus - collisions multiples,,,,,,,,,,,3,1,1,1.0,5.0
201800021921,0018-08-04 22:30:00,18,8,4,22,30,120,131,LIOUJAS,44.40279,2.62803,Nuit sans éclairage public,Hors agglomération,Hors intersection,Normale,Deux véhicules - frontale,,,,,,,,,,,3,1,1,1.0,1.0
201800021922,0018-08-12 16:30:00,18,8,12,16,30,120,157,RN 88 - PR 32+700,44.40203,2.73189,Plein jour,Hors agglomération,Hors intersection,Normale,Deux véhicules - frontale,,,,,,,,,,,1,1,1,1.0,1.0
201800021923,0018-08-23 22:30:00,18,8,23,22,30,120,96,lieu-dit Matelines,44.50829,2.76373,Nuit sans éclairage public,Hors agglomération,Hors intersection,Normale,Sans collision,,,,,,,,,,,3,1,1,1.0,7.0
201800021924,0018-10-05 08:05:00,18,10,5,8,5,120,264,"D 27, PR 23 + 000",44.44568,2.66496,Plein jour,Hors agglomération,Hors intersection,Normale,Deux véhicules - frontale,,,,,,,,,,,1,1,1,1.0,1.0
201800021925,0018-10-14 17:40:00,18,10,14,17,40,120,216,D987,44.51586,2.8038,Plein jour,Hors agglomération,Hors intersection,Vent fort / tempête,Deux véhicules - côté,,,,,,,,,,,1,1,1,6.0,3.0
201800021926,0018-10-13 16:25:00,18,10,13,16,25,120,96,10 boulevard de Guizard,44.5243,2.76459,Plein jour,En agglomération,Hors intersection,Temps éblouissant,Autre collision,,,,,,,,,,,1,2,1,7.0,6.0
201800021927,0018-10-16 07:45:00,18,10,16,7,45,120,157,RN 88 - Gages le Bas,44.39386,2.70652,Crépuscule ou aube,En agglomération,Hors intersection,Normale,Autre collision,,,,,,,,,,,2,2,1,1.0,6.0
201800021928,0018-11-11 00:50:00,18,11,11,0,50,120,33,D988 pont d'alenq,44.45013,2.72242,Nuit sans éclairage public,Hors agglomération,Hors intersection,Pluie légère,Sans collision,,,,,,,,,,,3,1,1,2.0,7.0
201800021929,0018-01-17 19:40:00,18,1,17,19,40,120,194,LIEU-DIT LES CARBONIÉS,44.24163,2.41079,Nuit sans éclairage public,Hors agglomération,Hors intersection,Temps couvert,Trois véhicules et plus - collisions multiples,,,,,,,,,,,3,1,1,8.0,5.0
201800021930,0018-06-13 12:15:00,18,6,13,12,15,120,207,intersection D63 / chemi,44.13947,2.47516,Plein jour,Hors agglomération,Intersection en T,Normale,Deux véhicules - côté,,,,,,,,,,,1,1,3,1.0,3.0
201800021931,0018-10-05 19:15:00,18,10,5,19,15,120,197,La Rivaldie,43.98771,2.56358,Crépuscule ou aube,Hors agglomération,Hors intersection,Normale,Deux véhicules - frontale,,,,,,,,,,,2,1,1,1.0,1.0
201800021932,0018-01-19 18:15:00,18,1,19,18,15,640,396,RD 31,43.4383,-0.63123,Nuit sans éclairage public,Hors agglomération,Hors intersection,Pluie forte,Autre collision,,,,,,,,,,,3,1,1,3.0,6.0