accident_id,datetime,annee,mois,jour,heure,minute,departement,commune_insee,adresse,latitude,longitude,luminosite,agglomeration,intersection,meteo,collision,nb_vehicules,nb_usagers,nb_indemnes,nb_tues,nb_blesses_hosp,nb_blesses_legers,age_cond_1,age_cond_2,veh_type_cond_1,veh_type_cond_2,lum_code,agg_code,int_code,atm_code,col_code
201800021933,0018-03-11 15:25:00,18,3,11,15,25,640,556,RD 111,43.3512,-0.6864,Plein jour,Hors agglomération,Intersection en Y,Normale,Deux véhicules - frontale,,,,,,,,,,,1,1,4,1.0,1.0
201800021934,0018-05-18 20:00:00,18,5,18,20,0,640,410,AVENUE DU BOURG,43.3793,-0.60665,Plein jour,En agglomération,Intersection en T,Normale,Deux véhicules - côté,,,,,,,,,,,1,2,3,1.0,3.0
201800021935,0018-07-25 12:45:00,18,7,25,12,45,640,396,18 RD 817,43.4353,-0.66219,Plein jour,Hors agglomération,Hors intersection,Normale,Autre collision,,,,,,,,,,,1,1,1,1.0,6.0
201800021936,0018-08-01 09:30:00,18,8,1,9,30,640,61,RD 32,43.399,-0.57027,Plein jour,En agglomération,Giratoire,Normale,Autre collision,,,,,,,,,,,1,2,6,1.0,6.0
201800021937,0018-08-17 07:50:00,18,8,17,7,50,640,144,CHEMIN DE BERDOLOU,43.4459,-0.51237,Plein jour,Hors agglomération,Hors intersection,Pluie forte,Sans collision,,,,,,,,,,,1,1,1,3.0,7.0
201800021938,0018-10-10 11:15:00,18,10,10,11,15,640,410,AVENUE DU LAC - D281,43.3813,-0.5958,Plein jour,Hors agglomération,Passage à niveau,Normale,Sans collision,,,,,,,,,,,1,1,8,1.0,7.0
201800021939,0018-10-12 14:15:00,18,10,12,14,15,640,396,CHEMIN DE L'ECRETEUR,43.4391,-0.64173,Plein jour,Hors agglomération,Autre intersection,Pluie légère,Autre collision,,,,,,,,,,,1,1,9,2.0,6.0
201800021940,0018-10-30 16:45:00,18,10,30,16,45,640,61,ROUTE DE CESCAU,43.3998,-0.5665,Plein jour,En agglomération,Intersection en Y,Normale,Deux véhicules - côté,,,,,,,,,,,1,2,4,1.0,3.0
201800021941,0018-04-12 16:50:00,18,4,12,16,50,680,253,18 rue de chalampé,47.79005,7.51099,Plein jour,En agglomération,Giratoire,Normale,Autre collision,,,,,,,,,,,1,2,6,1.0,6.0
201800021942,0018-04-15 14:40:00,18,4,15,14,40,680,300,5 Av de Cusset,47.78645,7.36812,Plein jour,En agglomération,Hors intersection,Normale,Deux véhicules - frontale,,,,,,,,,,,1,2,1,1.0,1.0
201800021943,0018-05-19 17:55:00,18,5,19,17,55,680,64,Rte départementale 52,47.84836,7.55356,Plein jour,Hors agglomération,Intersection en T,Normale,Deux véhicules - arrière,,,,,,,,,,,1,1,3,1.0,2.0
201800021944,0018-05-21 11:00:00,18,5,21,11,0,680,20,70 R de Bale,47.81071,7.50605,Plein jour,En agglomération,Hors intersection,Normale,Deux véhicules - côté,,,,,,,,,,,1,2,1,1.0,3.0
201800021945,0018-05-23 13:44:00,18,5,23,13,44,680,64,Rte départementale 52,47.84915,7.55344,Plein jour,Hors agglomération,Intersection en T,Normale,Deux véhicules - arrière,,,,,,,,,,,1,1,3,1.0,2.0
201800021946,0018-06-11 15:35:00,18,6,11,15,35,680,15,Rte départementale 8.2,47.79303,7.4344,Plein jour,Hors agglomération,Hors intersection,Pluie légère,Deux véhicules - frontale,,,,,,,,,,,1,1,1,2.0,1.0
201800021947,0018-07-27 19:38:00,18,7,27,19,38,680,289,Rte de Colmar,47.8319,7.34025,Plein jour,En agglomération,Hors intersection,Temps éblouissant,Autre collision,,,,,,,,,,,1,2,1,7.0,6.0
201800021948,0018-07-29 12:08:00,18,7,29,12,8,680,300,40 R de Mulhouse,47.78163,7.36569,Plein jour,En agglomération,Hors intersection,Normale,Autre collision,,,,,,,,,,,1,2,1,1.0,6.0
201800021949,0018-09-09 09:28:00,18,9,9,9,28,680,300,Rte départementale 38,47.77954,7.365,Plein jour,En agglomération,Giratoire,Normale,Autre collision,,,,,,,,,,,1,2,6,1.0,6.0
201800021950,0018-10-19 23:50:00,18,10,19,23,50,680,300,route de Chalampé,47.79272,7.45078,Nuit sans éclairage public,Hors agglomération,Hors intersection,Normale,Deux véhicules - arrière,,,,,,,,,,,3,1,1,1.0,2.0
201800021951,0018-10-20 13:00:00,18,10,20,13,0,680,22,D8 II - PK4 + 900,47.81305,7.4385,Plein jour,Hors agglomération,Hors intersection,Normale,Deux véhicules - côté,,,,,,,,,,,1,1,1,1.0,3.0
201800021952,0018-10-31 18:50:00,18,10,31,18,50,680,254,2 rue des alpes,47.73063,7.5143,Nuit avec éclairage allumé,En agglomération,Intersection en X,Normale,Deux véhicules - frontale,,,,,,,,,,,5,2,2,1.0,1.0
201800021953,0018-11-25 01:45:00,18,11,25,1,45,680,300,jonction CD39 et CD54,47.77307,7.39486,Nuit sans éclairage public,Hors agglomération,Autre intersection,Brouillard / fumée,Sans collision,,,,,,,,,,,3,1,9,5.0,7.0
201800021954,0018-11-19 11:50:00,18,11,19,11,50,680,300,Rte départementale 55,47.7925,7.39888,Plein jour,Hors agglomération,Intersection en Y,Normale,Deux véhicules - arrière,,,,,,,,,,,1,1,4,1.0,2.0
201800021955,0018-01-07 02:20:00,18,1,7,2,20,10,166,RD 904 PK 1+232,45.5909,4.4557,Nuit avec éclairage allumé,En agglomération,Hors intersection,Brouillard / fumée,Autre collision,,,,,,,,,,,5,2,1,5.0,6.0
201800021956,0018-01-25 21:00:00,18,1,25,21,0,10,166,avenue de la dombe - D90,45.98591,4.76615,Nuit sans éclairage public,Hors agglomération,Hors intersection,Normale,Deux véhicules - frontale,,,,,,,,,,,3,1,1,1.0,1.0
201800021957,0018-03-05 12:00:00,18,3,5,12,0,10,194,Avenue de Bellevue,45.9788,4.76121,Plein jour,En agglomération,Hors intersection,Normale,Deux véhicules - frontale,,,,,,,,,,,1,2,1,1.0,1.0
201800021958,0018-03-16 13:50:00,18,3,16,13,50,10,75,RD28,46.03742,4.7782,Plein jour,Hors agglomération,Hors intersection,Pluie forte,Deux véhicules - frontale,,,,,,,,,,,1,1,1,3.0,1.0
201800021959,0018-03-21 16:00:00,18,3,21,16,0,10,446,D66,46.02601,4.89791,Plein jour,Hors agglomération,Intersection en X,Normale,Deux véhicules - côté,,,,,,,,,,,1,1,2,1.0,3.0
201800021960,0018-05-14 08:50:00,18,5,14,8,50,10,398,route de la dombes,46.00068,4.85004,Plein jour,En agglomération,Intersection en T,Pluie légère,Deux véhicules - côté,,,,,,,,,,,1,2,3,2.0,3.0
201800021961,0018-05-23 14:30:00,18,5,23,14,30,10,322,chemin du bret,45.93038,4.82157,Plein jour,En agglomération,Hors intersection,Normale,Deux véhicules - frontale,,,,,,,,,,,1,2,1,1.0,1.0
201800021962,0018-06-16 17:20:00,18,6,16,17,20,10,157,"RD 933 lieu-dit ""Les Nue",46.0161,4.75332,Plein jour,Hors agglomération,Intersection en T,Temps éblouissant,Autre collision,,,,,,,,,,,1,1,3,7.0,6.0
201800021963,0018-06-17 12:10:00,18,6,17,12,10,10,427,19 grande rue,45.94081,4.77449,Plein jour,En agglomération,Intersection en Y,Normale,Trois véhicules et plus - collisions multiples,,,,,,,,,,,1,2,4,1.0,5.0
201800021964,0018-06-25 19:00:00,18,6,25,19,0,10,75,77 chemin de Chavaleins,46.03131,4.8026,Plein jour,En agglomération,Hors intersection,Normale,Deux véhicules - frontale,,,,,,,,,,,1,2,1,1.0,1.0
201800021965,0018-08-11 16:38:00,18,8,11,16,38,10,194,303 Route des CHAMPS RIO,45.96819,4.75922,Plein jour,Hors agglomération,Hors intersection,Normale,Sans collision,,,,,,,,,,,1,1,1,1.0,7.0
201800021966,0018-10-20 12:00:00,18,10,20,12,0,10,194,458 rue notre dame des c,45.99477,4.75665,Plein jour,En agglomération,Hors intersection,Normale,Sans collision,,,,,,,,,,,1,2,1,1.0,7.0
201800021967,0018-10-19 21:30:00,18,10,19,21,30,10,166,RD 904,45.98584,4.76614,Nuit avec éclairage allumé,En agglomération,Hors intersection,Normale,Deux véhicules - frontale,,,,,,,,,,,5,2,1,1.0,1.0
201800021968,0018-10-30 13:53:00,18,10,30,13,53,10,194,rue du beaujolais,45.98533,4.75454,Plein jour,En agglomération,Hors intersection,Normale,Deux véhicules - arrière,,,,,,,,,,,1,2,1,1.0,2.0
201800021969,0018-11-12 14:00:00,18,11,12,14,0,10,194,rue des sports,45.98381,4.75804,Plein jour,En agglomération,Intersection en T,Normale,Deux véhicules - côté,,,,,,,,,,,1,2,3,1.0,3.0
201800021970,0018-12-08 17:40:00,18,12,8,17,40,10,322,1016 route de veissieux,45.92508,4.82585,Nuit sans éclairage public,En agglomération,Hors intersection,Pluie légère,Deux véhicules - frontale,,,,,,,,,,,3,2,1,2.0,1.0
201800021971,0018-01-11 17:15:00,18,1,11,17,15,280,337,rue Edouard Branly,48.42465,1.36459,Crépuscule ou aube,En agglomération,Hors intersection,Normale,Sans collision,,,,,,,,,,,2,2,1,1.0,7.0
201800021972,0018-02-22 21:05:00,18,2,22,21,5,280,35,D29 - PR7-500,48.35657,1.54665,Nuit sans éclairage public,Hors agglomération,Hors intersection,Normale,Sans collision,,,,,,,,,,,3,1,1,1.0,7.0
201800021973,0018-05-13 17:00:00,18,5,13,17,0,280,358,intersection D327-3 et D,48.5072,1.51351,Plein jour,Hors agglomération,Intersection en T,Normale,Deux véhicules - arrière,,,,,,,,,,,1,1,3,1.0,2.0
201800021974,0018-06-15 15:30:00,18,6,15,15,30,280,22,20 rue du Bois Herbain,48.4921,1.39702,Plein jour,En agglomération,Hors intersection,Normale,Autre collision,,,,,,,,,,,1,2,1,1.0,6.0
201800021975,0018-06-28 17:00:00,18,6,28,17,0,280,177,intersection D29-D150-3,48.39946,1.51564,Plein jour,Hors agglomération,Intersection en X,Normale,Deux véhicules - côté,,,,,,,,,,,1,1,2,1.0,3.0
201800021976,0018-07-15 16:15:00,18,7,15,16,15,280,358,Croisement de la D906 et,48.50669,1.50988,Plein jour,Hors agglomération,Intersection en X,Normale,Deux véhicules - côté,,,,,,,,,,,1,1,2,1.0,3.0
201800021977,0018-08-27 09:55:00,18,8,27,9,55,280,337,D6.10 PK31,48.43134,1.37761,Plein jour,Hors agglomération,Hors intersection,Pluie légère,Deux véhicules - arrière,,,,,,,,,,,1,1,1,2.0,2.0
201800021978,0018-08-25 11:00:00,18,8,25,11,0,280,158,D 921,48.40984,1.42167,Plein jour,Hors agglomération,Hors intersection,Normale,Deux véhicules - frontale,,,,,,,,,,,1,1,1,1.0,1.0
201800021979,0018-09-05 11:58:00,18,9,5,11,58,280,278,Départementale 910,48.46136,1.57791,Plein jour,Hors agglomération,Hors intersection,Normale,Trois véhicules et plus - collisions multiples,,,,,,,,,,,1,1,1,1.0,5.0
201800021980,0018-10-24 19:30:00,18,10,24,19,30,280,309,D130,48.36159,1.61568,Nuit sans éclairage public,Hors agglomération,Intersection en X,Normale,Deux véhicules - côté,,,,,,,,,,,3,1,2,1.0,3.0
201800021981,0018-10-24 16:15:00,18,10,24,16,15,280,281,D921,48.38247,1.36053,Plein jour,Hors agglomération,Hors intersection,Normale,Trois véhicules et plus - collisions multiples,,,,,,,,,,,1,1,1,1.0,5.0
201800021982,0018-10-30 16:45:00,18,10,30,16,45,280,22,rd 939,48.48381,1.39682,Plein jour,Hors agglomération,Hors intersection,Normale,Autre collision,,,,,,,,,,,1,1,1,1.0,6.0
201800021983,0018-10-31 15:50:00,18,10,31,15,50,280,388,D910,48.38072,1.44754,Plein jour,Hors agglomération,Hors intersection,Pluie légère,Deux véhicules - frontale,,,,,,,,,,,1,1,1,2.0,1.0
201800021984,0018-11-19 18:45:00,18,11,19,18,45,280,24,RD 127,48.40874,1.46522,Nuit sans éclairage public,En agglomération,Intersection en T,Normale,Deux véhicules - côté,,,,,,,,,,,3,2,3,1.0,3.0
201800021985,0018-11-30 07:45:00,18,11,30,7,45,280,100,D923,48.4376,1.37663,Nuit sans éclairage public,Hors agglomération,Hors intersection,Normale,Trois véhicules et plus - collisions multiples,,,,,,,,,,,3,1,1,1.0,5.0
201800021986,0018-01-03 15:07:00,18,1,3,15,7,290,19,"114, HUIT MAI 1945 (DE 4",48.4125,-4.47561,Plein jour,En agglomération,Giratoire,Normale,Deux véhicules - arrière,,,,,,,,,,,1,2,6,1.0,2.0
201800021987,0018-01-10 12:11:00,18,1,10,12,11,290,19,PROVENCE (AVENUE de),48.40761,-4.51458,Plein jour,En agglomération,Hors intersection,Normale,Autre collision,,,,,,,,,,,1,2,1,1.0,6.0
201800021988,0018-01-11 08:16:00,18,1,11,8,16,290,19,"14, LYON (DE 1 A 33 ET 2",48.38722,-4.48611,Nuit avec éclairage allumé,En agglomération,Hors intersection,Pluie légère,Deux véhicules - arrière,,,,,,,,,,,5,2,1,2.0,2.0
201800021989,0018-01-11 07:15:00,18,1,11,7,15,290,19,"., CORNICHE (DE 1 A 39 E",48.38227,-4.50351,Nuit avec éclairage allumé,En agglomération,Intersection en X,Normale,Autre collision,,,,,,,,,,,5,2,2,1.0,6.0
201800021990,0018-01-03 19:20:00,18,1,3,19,20,290,19,LESVEN JULES (DE 18 A,48.40532,-4.47822,Nuit sans éclairage public,En agglomération,Giratoire,Pluie forte,Autre collision,,,,,,,,,,,3,2,6,3.0,6.0
201800021991,0018-01-11 17:00:00,18,1,11,17,0,290,19,BOURGELAT CLAUDE,48.4063,-4.46824,Plein jour,En agglomération,Hors intersection,Normale,Autre collision,,,,,,,,,,,1,2,1,1.0,6.0
201800021992,0018-01-14 16:15:00,18,1,14,16,15,290,19,"34, LOSCOAT",48.4229,-4.4949,Plein jour,En agglomération,Hors intersection,Normale,Deux véhicules - frontale,,,,,,,,,,,1,2,1,1.0,1.0
201800021993,0018-01-17 11:50:00,18,1,17,11,50,290,19,LE GORGEU (Nø29 (TOTAL)+,48.39988,-4.4968,Plein jour,En agglomération,Hors intersection,Normale,Autre collision,,,,,,,,,,,1,2,1,1.0,6.0
201800021994,0018-01-09 20:15:00,18,1,9,20,15,290,19,"., PREMIERE DFL (AVENUE)",48.3764,-4.5533,Nuit avec éclairage allumé,En agglomération,Hors intersection,Pluie légère,Autre collision,,,,,,,,,,,5,2,1,2.0,6.0
201800021995,0018-01-15 07:50:00,18,1,15,7,50,290,19,Rue de QUIMPER,48.40118,-4.45008,Nuit avec éclairage allumé,En agglomération,Hors intersection,Pluie forte,Autre collision,,,,,,,,,,,5,2,1,3.0,6.0
201800021996,0018-01-19 17:07:00,18,1,19,17,7,290,19,LE PRAT CLAUDE,48.41206,-4.48424,Plein jour,En agglomération,Intersection en T,Normale,Deux véhicules - côté,,,,,,,,,,,1,2,3,1.0,3.0
201800021997,0018-01-12 19:40:00,18,1,12,19,40,290,19,EUSEN VICTOR,48.38016,-4.5334,Nuit avec éclairage allumé,En agglomération,Intersection en T,Normale,Deux véhicules - côté,,,,,,,,,,,5,2,3,1.0,3.0
201800021998,0018-01-12 08:30:00,18,1,12,8,30,290,19,"., GLASGOW (DE 1 A 9 ET",48.39773,-4.48253,Crépuscule ou aube,En agglomération,Hors intersection,Normale,Autre collision,,,,,,,,,,,2,2,1,1.0,6.0
201800021999,0018-01-27 19:20:00,18,1,27,19,20,290,19,"175, GOUESNOU (DE 43 A 2",48.41623,-4.46803,Nuit avec éclairage allumé,En agglomération,Intersection en X,Normale,Deux véhicules - côté,,,,,,,,,,,5,2,2,1.0,3.0
201800022000,0018-01-31 07:59:00,18,1,31,7,59,290,19,"5, LE GORGEU",48.40745,-4.51027,Nuit avec éclairage allumé,En agglomération,Hors intersection,Pluie forte,Autre collision,,,,,,,,,,,5,2,1,3.0,6.0
201800022001,0018-01-25 07:52:00,18,1,25,7,52,290,19,"127, ECOLE NAVALE (DE 86",48.38139,-4.52715,Nuit avec éclairage allumé,En agglomération,Giratoire,Normale,Autre collision,,,,,,,,,,,5,2,6,1.0,6.0
201800022002,0018-02-12 13:40:00,18,2,12,13,40,290,19,"71, BOHARS",48.41959,-4.49598,Plein jour,En agglomération,Intersection en T,Normale,Deux véhicules - côté,,,,,,,,,,,1,2,3,1.0,3.0
201800022003,0018-01-18 16:30:00,18,1,18,16,30,290,19,"., FRANCE ANATOLE (DE 1",48.38316,-4.5092,Plein jour,En agglomération,Hors intersection,Normale,Sans collision,,,,,,,,,,,1,2,1,1.0,7.0
201800022004,0018-01-18 13:55:00,18,1,18,13,55,290,19,SAINT MARC (DE 1 A 59 ET,48.3917,-4.47396,Plein jour,En agglomération,Intersection en X,Normale,Autre collision,,,,,,,,,,,1,2,2,1.0,6.0
201800022005,0018-02-12 10:09:00,18,2,12,10,9,290,19,Rue de  VALMY,48.39805,-4.46523,Plein jour,En agglomération,Giratoire,Normale,Deux véhicules - côté,,,,,,,,,,,1,2,6,1.0,3.0
201800022006,0018-02-13 14:02:00,18,2,13,14,2,290,19,FOCH MARECHAL,48.39299,-4.48781,Plein jour,En agglomération,Hors intersection,Normale,Deux véhicules - arrière,,,,,,,,,,,1,2,1,1.0,2.0
201800022007,0018-01-06 11:20:00,18,1,6,11,20,290,19,RUE GAL PAULET,48.41763,-4.47652,Plein jour,En agglomération,Intersection en T,Normale,Deux véhicules - côté,,,,,,,,,,,1,2,3,1.0,3.0
201800022008,0018-02-19 06:39:00,18,2,19,6,39,290,19,LECONTE ALDERIC,48.38089,-4.48902,Nuit avec éclairage allumé,En agglomération,Intersection en T,Normale,Deux véhicules - côté,,,,,,,,,,,5,2,3,1.0,3.0
201800022009,0018-02-17 12:55:00,18,2,17,12,55,290,19,"54, QUIMPER (DE 1 A 103",48.40147,4.45674,Plein jour,En agglomération,Intersection en T,Normale,Deux véhicules - arrière,,,,,,,,,,,1,2,3,1.0,2.0
201800022010,0018-02-22 15:01:00,18,2,22,15,1,290,19,DOURJACQ,48.40722,-4.47237,Plein jour,En agglomération,Intersection en T,Normale,Deux véhicules - côté,,,,,,,,,,,1,2,3,1.0,3.0
201800022011,0018-02-12 06:27:00,18,2,12,6,27,290,19,"., LE GORGEU (SANS Nø EN",48.41049,-4.51861,Nuit avec éclairage allumé,En agglomération,Hors intersection,Neige / grêle,Autre collision,,,,,,,,,,,5,2,1,4.0,6.0
201800022012,0018-02-16 08:42:00,18,2,16,8,42,290,19,MASSON PAUL (DE 11 A,48.39815,-4.48197,Plein jour,En agglomération,Intersection en T,Normale,Autre collision,,,,,,,,,,,1,2,3,1.0,6.0
201800022013,0018-02-24 17:55:00,18,2,24,17,55,290,19,"., PARIS (DE 1 A 31 ET 2",48.40368,-4.4655,Plein jour,En agglomération,Hors intersection,Normale,Autre collision,,,,,,,,,,,1,2,1,1.0,6.0
201800022014,0018-02-11 19:20:00,18,2,11,19,20,290,19,EUROPE (DE 201 A 215),48.40992,-4.51446,Nuit avec éclairage allumé,En agglomération,Intersection en X,Normale,Autre collision,,,,,,,,,,,5,2,2,1.0,6.0
201800022015,0018-03-07 20:30:00,18,3,7,20,30,290,19,"65, JAURES JEAN (DE 44 A",48.39338,-4.48114,Nuit avec éclairage allumé,En agglomération,Intersection en X,Normale,Deux véhicules - côté,,,,,,,,,,,5,2,2,1.0,3.0
201800022016,0018-03-05 17:45:00,18,3,5,17,45,290,19,"96, MONTAIGNE (DE 39 A 1",48.40531,-4.47796,Plein jour,En agglomération,Giratoire,Normale,Autre collision,,,,,,,,,,,1,2,6,1.0,6.0
201800022017,0018-02-28 12:05:00,18,2,28,12,5,290,19,"., PAULET GENERAL (173 E",48.42123,-4.47716,Plein jour,En agglomération,Hors intersection,Normale,Deux véhicules - arrière,,,,,,,,,,,1,2,1,1.0,2.0
201800022018,0018-02-14 05:25:00,18,2,14,5,25,290,19,ROND POINT DE KERESSEIS,48.3953,-4.5381,Nuit avec éclairage allumé,En agglomération,Hors intersection,Pluie légère,Deux véhicules - arrière,,,,,,,,,,,5,2,1,2.0,2.0
201800022019,0018-03-13 09:00:00,18,3,13,9,0,290,19,COLIN ANDRE,48.4259,-4.47045,Plein jour,En agglomération,Intersection en T,Normale,Autre collision,,,,,,,,,,,1,2,3,1.0,6.0
201800022020,0018-03-15 13:48:00,18,3,15,13,48,290,19,"2;, DUC D'AUMALE",48.40121,-4.50629,Plein jour,En agglomération,Hors intersection,Normale,Autre collision,,,,,,,,,,,1,2,1,1.0,6.0
201800022021,0018-03-19 20:34:00,18,3,19,20,34,290,19,Av le Gorgeu,48.41048,-4.51855,Nuit avec éclairage allumé,En agglomération,Hors intersection,Pluie légère,Deux véhicules - côté,,,,,,,,,,,5,2,1,2.0,3.0
201800022022,0018-03-28 20:45:00,18,3,28,20,45,290,19,"., AUDEMAR PIERRE",48.39926,-4.53154,Nuit avec éclairage allumé,En agglomération,Hors intersection,Normale,Deux véhicules - arrière,,,,,,,,,,,5,2,1,1.0,2.0
201800022023,0018-03-21 12:00:00,18,3,21,12,0,290,19,"., BLUM LEON",48.40753,-4.48496,Plein jour,En agglomération,Intersection en X,Normale,Deux véhicules - côté,,,,,,,,,,,1,2,2,1.0,3.0
201800022024,0018-03-09 00:25:00,18,3,9,0,25,290,19,65 FRANCE ANATOLE,48.38178,-4.52592,Nuit avec éclairage allumé,En agglomération,Hors intersection,Temps couvert,Autre collision,,,,,,,,,,,5,2,1,8.0,6.0
201800022025,0018-03-11 04:50:00,18,3,11,4,50,290,19,"., LESVEN JULES (DE 1 A",48.4062,-4.4791,Nuit avec éclairage allumé,En agglomération,Hors intersection,Normale,Autre collision,,,,,,,,,,,5,2,1,1.0,6.0
201800022026,0018-03-21 23:30:00,18,3,21,23,30,290,19,"., LE FRAPPER JOSEPH",48.4051,-4.49471,Nuit avec éclairage allumé,En agglomération,Intersection en T,Normale,Autre collision,,,,,,,,,,,5,2,3,1.0,6.0
201800022027,0018-03-01 14:00:00,18,3,1,14,0,290,19,Rte de  BOHARS,48.41869,-4.49544,Plein jour,En agglomération,Intersection en T,Neige / grêle,Deux véhicules - arrière,,,,,,,,,,,1,2,3,4.0,2.0
201800022028,0018-03-13 10:15:00,18,3,13,10,15,290,19,"., WATTEAU",48.4141,-4.47387,Plein jour,En agglomération,Intersection en X,Normale,Deux véhicules - côté,,,,,,,,,,,1,2,2,1.0,3.0
201800022029,0018-02-06 20:00:00,18,2,6,20,0,290,19,DROGOU COMMANDANT (DE,48.4047,-4.49798,Nuit avec éclairage allumé,En agglomération,Hors intersection,Normale,Autre collision,,,,,,,,,,,5,2,1,1.0,6.0
201800022030,0018-02-11 13:00:00,18,2,11,13,0,290,19,"., CLEMENCEAU GEORGES (D",48.38814,-4.48302,Plein jour,En agglomération,Intersection en T,Normale,Deux véhicules - côté,,,,,,,,,,,1,2,3,1.0,3.0
201800022031,0018-05-15 16:17:00,18,5,15,16,17,290,19,GLASGOW (DE 1 A 9 ET 2 A,48.39563,-4.48417,Plein jour,En agglomération,Hors intersection,Normale,Autre collision,,,,,,,,,,,1,2,1,1.0,6.0
201800022032,0018-04-04 07:50:00,18,4,4,7,50,290,19,PORTZMOGUER,48.39404,-4.49617,Nuit avec éclairage allumé,En agglomération,Intersection en X,Pluie légère,Deux véhicules - arrière,,,,,,,,,,,5,2,2,2.0,2.0
201800022033,0018-04-06 07:47:00,18,4,6,7,47,290,19,DIX HUIT JUIN 1940,48.386,-4.5012,Plein jour,En agglomération,Intersection en X,Normale,Deux véhicules - côté,,,,,,,,,,,1,2,2,1.0,3.0
201800022034,0018-04-07 10:45:00,18,4,7,10,45,290,19,BOURGELAT CLAUDE,48.40431,-4.47004,Plein jour,En agglomération,Intersection en X,Normale,Deux véhicules - côté,,,,,,,,,,,1,2,2,1.0,3.0
201800022035,0018-03-30 04:25:00,18,3,30,4,25,290,19,ROND POINT DE KERESSEIS,48.39515,-4.53907,Nuit avec éclairage non allumé,En agglomération,Giratoire,Pluie légère,Autre collision,,,,,,,,,,,4,2,6,2.0,6.0
201800022036,0018-04-12 14:00:00,18,4,12,14,0,290,19,RUE GRAHAM BELL,48.42717,-4.47352,Plein jour,En agglomération,Hors intersection,Normale,Deux véhicules - arrière,,,,,,,,,,,1,2,1,1.0,2.0
201800022037,0018-04-13 17:55:00,18,4,13,17,55,290,19,TARENTE,48.40417,-4.50944,Plein jour,En agglomération,Hors intersection,Normale,Deux véhicules - côté,,,,,,,,,,,1,2,1,1.0,3.0
201800022038,0018-04-16 10:40:00,18,4,16,10,40,290,19,PEN AR CH'LEUZ (ROND POI,48.41404,-4.47943,Plein jour,En agglomération,Giratoire,Normale,Deux véhicules - côté,,,,,,,,,,,1,2,6,1.0,3.0
201800022039,0018-04-18 07:40:00,18,4,18,7,40,290,19,GARY ROMAIN,48.37734,-4.54364,Plein jour,En agglomération,Intersection en X,Normale,Deux véhicules - côté,,,,,,,,,,,1,2,2,1.0,3.0
201800022040,0018-04-17 21:35:00,18,4,17,21,35,290,19,MAISSIN,48.39172,-4.50477,Nuit avec éclairage allumé,En agglomération,Hors intersection,Normale,Deux véhicules - côté,,,,,,,,,,,5,2,1,1.0,3.0
201800022041,0018-04-22 17:50:00,18,4,22,17,50,290,19,DOUANE (QUAI DE LA),48.38243,-4.48526,Plein jour,En agglomération,Hors intersection,Normale,Autre collision,,,,,,,,,,,1,2,1,1.0,6.0
201800022042,0018-04-16 13:26:00,18,4,16,13,26,290,19,CORMORANS,48.38965,-4.4385,Plein jour,En agglomération,Giratoire,Normale,Sans collision,,,,,,,,,,,1,2,6,1.0,7.0
201800022043,0018-04-22 04:15:00,18,4,22,4,15,290,19,NIEPCE NICEPHORE,48.42612,-4.4874,Nuit avec éclairage allumé,En agglomération,Hors intersection,Normale,Autre collision,,,,,,,,,,,5,2,1,1.0,6.0
201800022044,0018-04-27 09:10:00,18,4,27,9,10,290,19,JAURES JEAN (DE 44 A 108,48.39339,-4.48115,Plein jour,En agglomération,Intersection en X,Temps couvert,Deux véhicules - côté,,,,,,,,,,,1,2,2,8.0,3.0
201800022045,0018-04-26 16:12:00,18,4,26,16,12,290,19,ALBERT 1ER,48.39757,-4.48907,Plein jour,En agglomération,Giratoire,Normale,Deux véhicules - côté,,,,,,,,,,,1,2,6,1.0,3.0
201800022046,0018-04-28 12:18:00,18,4,28,12,18,290,19,GOUESNOU (DE 1 A 29 ET 2,48.40639,-4.4678,Plein jour,En agglomération,Intersection en X,Normale,Deux véhicules - côté,,,,,,,,,,,1,2,2,1.0,3.0
201800022047,0018-04-30 15:35:00,18,4,30,15,35,290,19,GAMBETTA (DE 2 A 64 SANS,48.38834,-4.48204,Plein jour,En agglomération,Hors intersection,Normale,Autre collision,,,,,,,,,,,1,2,1,1.0,6.0
201800022048,0018-04-07 20:40:00,18,4,7,20,40,290,19,FARRERE CLAUDE,48.4162,-4.49121,Plein jour,En agglomération,Hors intersection,Normale,Autre collision,,,,,,,,,,,1,2,1,1.0,6.0
201800022049,0018-05-03 14:25:00,18,5,3,14,25,290,19,KERANFURUST,48.41364,-4.47539,Plein jour,En agglomération,Intersection en T,Normale,Deux véhicules - côté,,,,,,,,,,,1,2,3,1.0,3.0
201800022050,0018-05-12 09:30:00,18,5,12,9,30,290,19,RUE GUSTAVE ZEDE,48.41839,-4.46312,Plein jour,En agglomération,Giratoire,Normale,Deux véhicules - côté,,,,,,,,,,,1,2,6,1.0,3.0
201800022051,0018-05-09 23:14:00,18,5,9,23,14,290,19,MONTAIGNE (DE 98 ET 113,48.39979,-4.48612,Nuit avec éclairage allumé,En agglomération,Intersection en X,Pluie légère,Deux véhicules - côté,,,,,,,,,,,5,2,2,2.0,3.0
201800022052,0018-05-22 08:25:00,18,5,22,8,25,290,19,VALY HIR (DE 21 A 57 ET,48.38539,-4.52817,Plein jour,En agglomération,Giratoire,Normale,Deux véhicules - côté,,,,,,,,,,,1,2,6,1.0,3.0