accident_id,datetime,annee,mois,jour,heure,minute,departement,commune_insee,adresse,latitude,longitude,luminosite,agglomeration,intersection,meteo,collision,nb_vehicules,nb_usagers,nb_indemnes,nb_tues,nb_blesses_hosp,nb_blesses_legers,age_cond_1,age_cond_2,veh_type_cond_1,veh_type_cond_2,lum_code,agg_code,int_code,atm_code,col_code
201800022053,0018-05-22 23:28:00,18,5,22,23,28,290,19,CHABRIER EMMANUEL,48.4105,-4.49978,Nuit avec éclairage allumé,En agglomération,Hors intersection,Normale,Autre collision,,,,,,,,,,,5,2,1,1.0,6.0
201800022054,0018-05-24 05:50:00,18,5,24,5,50,290,19,FRANCE ANATOLE (DE 55 A,48.38299,-4.51002,Nuit avec éclairage allumé,En agglomération,Hors intersection,Normale,Autre collision,,,,,,,,,,,5,2,1,1.0,6.0
201800022055,0018-05-24 18:30:00,18,5,24,18,30,290,19,PERDRIEL VAISSIERE,48.4156,-4.48833,Plein jour,En agglomération,Hors intersection,Normale,Autre collision,,,,,,,,,,,1,2,1,1.0,6.0
201800022056,0018-05-25 09:10:00,18,5,25,9,10,290,19,ROBESPIERRE (DE 1 A 31 E,48.41379,-4.49146,Plein jour,En agglomération,Intersection en T,Normale,Deux véhicules - côté,,,,,,,,,,,1,2,3,1.0,3.0
201800022057,0018-05-25 17:45:00,18,5,25,17,45,290,19,PREMIERE DFL (AVENUE),48.37742,4.54642,Plein jour,En agglomération,Hors intersection,Normale,Deux véhicules - arrière,,,,,,,,,,,1,2,1,1.0,2.0
201800022058,0018-05-25 17:50:00,18,5,25,17,50,290,19,MONTAIGNE (DE 39 A 111 E,48.4012,-4.48377,Plein jour,En agglomération,Hors intersection,Normale,Trois véhicules et plus - en chaîne,,,,,,,,,,,1,2,1,1.0,4.0
201800022059,0018-05-26 05:10:00,18,5,26,5,10,290,19,COMMANDANT GROIX,48.40712,-4.5016,Nuit sans éclairage public,En agglomération,Intersection en X,Normale,Deux véhicules - côté,,,,,,,,,,,3,2,2,1.0,3.0
201800022060,0018-05-30 09:10:00,18,5,30,9,10,290,19,PEN AR CH'LEUZ,48.41639,-4.47926,Plein jour,Hors agglomération,Giratoire,Normale,Deux véhicules - arrière,,,,,,,,,,,1,1,6,1.0,2.0
201800022061,0018-05-30 09:21:00,18,5,30,9,21,290,19,PEN AR CH'LEUZ (ROND POI,48.41426,-4.47883,Plein jour,En agglomération,Giratoire,Normale,Deux véhicules - côté,,,,,,,,,,,1,2,6,1.0,3.0
201800022062,0018-05-29 10:45:00,18,5,29,10,45,290,19,KERVERN AUGUSTE,48.40294,-4.4887,Plein jour,En agglomération,Intersection en T,Normale,Deux véhicules - côté,,,,,,,,,,,1,2,3,1.0,3.0
201800022063,0018-06-03 20:28:00,18,6,3,20,28,290,19,VALY HIR (DE 1 A 19 ET 2,48.38536,-4.5283,Plein jour,En agglomération,Giratoire,Pluie légère,Deux véhicules - côté,,,,,,,,,,,1,2,6,2.0,3.0
201800022064,0018-06-04 11:00:00,18,6,4,11,0,290,19,rue de KERVAO,48.42225,-4.49971,Plein jour,En agglomération,Hors intersection,Pluie légère,Deux véhicules - arrière,,,,,,,,,,,1,2,1,2.0,2.0
201800022065,0018-06-07 16:30:00,18,6,7,16,30,290,19,Rue ILE DE SEIN,48.40315,-4.46251,Plein jour,En agglomération,Hors intersection,Normale,Autre collision,,,,,,,,,,,1,2,1,1.0,6.0
201800022066,0018-06-10 18:00:00,18,6,10,18,0,290,19,MOUCHOTTE (DE 23 ET 36 A,48.38727,4.50797,Plein jour,En agglomération,Hors intersection,Normale,Autre collision,,,,,,,,,,,1,2,1,1.0,6.0
201800022067,0018-06-09 14:18:00,18,6,9,14,18,290,19,PEN AR CH'LEUZ (ROND POI,48.41338,-4.48008,Plein jour,En agglomération,Hors intersection,Normale,Deux véhicules - arrière,,,,,,,,,,,1,2,1,1.0,2.0
201800022068,0018-06-13 16:35:00,18,6,13,16,35,290,19,MOZART,48.39556,-4.52363,Plein jour,En agglomération,Hors intersection,Normale,Deux véhicules - côté,,,,,,,,,,,1,2,1,1.0,3.0
201800022069,0018-06-16 08:29:00,18,6,16,8,29,290,19,VAUBAN (DE 1 A 23 ET 2 A,48.38608,4.50125,Plein jour,En agglomération,Intersection en X,Pluie légère,Deux véhicules - côté,,,,,,,,,,,1,2,2,2.0,3.0
201800022070,0018-06-18 17:59:00,18,6,18,17,59,290,19,MONTAIGNE (DE 39 A 111 E,48.40221,-4.48248,Plein jour,En agglomération,Hors intersection,Normale,Trois véhicules et plus - en chaîne,,,,,,,,,,,1,2,1,1.0,4.0
201800022071,0018-06-20 19:40:00,18,6,20,19,40,290,19,DESMOULINS CAMILLE,48.39708,-4.48686,Plein jour,En agglomération,Hors intersection,Normale,Deux véhicules - arrière,,,,,,,,,,,1,2,1,1.0,2.0
201800022072,0018-06-23 12:22:00,18,6,23,12,22,290,19,MELVILLE HERMAN (ROND PO,48.38671,-4.47082,Plein jour,En agglomération,Giratoire,Normale,Deux véhicules - côté,,,,,,,,,,,1,2,6,1.0,3.0
201800022073,0018-06-01 20:30:00,18,6,1,20,30,290,19,JAURES JEAN (DE 1 A 41 E,48.4005,-4.66998,Plein jour,En agglomération,Hors intersection,Normale,Deux véhicules - arrière,,,,,,,,,,,1,2,1,1.0,2.0
201800022074,0018-06-21 03:42:00,18,6,21,3,42,290,19,Edwige FEUILLERE,48.39093,-4.53321,Nuit avec éclairage allumé,En agglomération,Hors intersection,Normale,Autre collision,,,,,,,,,,,5,2,1,1.0,6.0
201800022075,0018-06-27 15:30:00,18,6,27,15,30,290,19,PREMIERE DFL (AVENUE),48.37483,-4.55739,Plein jour,En agglomération,Hors intersection,Normale,Autre collision,,,,,,,,,,,1,2,1,1.0,6.0
201800022076,0018-06-21 16:39:00,18,6,21,16,39,290,19,LE GORGEU (Nø29 (TOTAL)-,48.41011,-4.51473,Plein jour,En agglomération,Intersection en Y,Normale,Trois véhicules et plus - en chaîne,,,,,,,,,,,1,2,4,1.0,4.0
201800022077,0018-06-29 14:11:00,18,6,29,14,11,290,19,GILLET MAURICE,48.3951,-4.4795,Plein jour,En agglomération,Hors intersection,Normale,Autre collision,,,,,,,,,,,1,2,1,1.0,6.0
201800022078,0018-07-03 10:27:00,18,7,3,10,27,290,19,LOUPPE ALBERT (DE 1 A 69,48.4039,-4.47488,Plein jour,En agglomération,Giratoire,Normale,Deux véhicules - côté,,,,,,,,,,,1,2,6,1.0,3.0
201800022079,0018-07-09 09:21:00,18,7,9,9,21,290,19,VILLENEUVE (RUE),48.41144,-4.45736,Plein jour,En agglomération,Intersection en X,Normale,Autre collision,,,,,,,,,,,1,2,2,1.0,6.0
201800022080,0018-07-04 16:25:00,18,7,4,16,25,290,19,EUSEN VICTOR,48.37961,-4.53534,Plein jour,En agglomération,Hors intersection,Normale,Deux véhicules - arrière,,,,,,,,,,,1,2,1,1.0,2.0
201800022081,0018-07-10 18:50:00,18,7,10,18,50,290,19,BROSSOLETTE PIERRE,48.38343,-4.49177,Plein jour,En agglomération,Hors intersection,Normale,Deux véhicules - arrière,,,,,,,,,,,1,2,1,1.0,2.0
201800022082,0018-07-10 22:39:00,18,7,10,22,39,290,19,DOUANE (QUAI DE LA),48.38266,-4.48495,Nuit avec éclairage allumé,En agglomération,Hors intersection,Normale,Autre collision,,,,,,,,,,,5,2,1,1.0,6.0
201800022083,0018-07-13 12:40:00,18,7,13,12,40,290,19,ROCH GLAS (ROUTE ET CHEM,48.433,-4.49069,Plein jour,Hors agglomération,Intersection en T,Normale,Deux véhicules - frontale,,,,,,,,,,,1,1,3,1.0,1.0
201800022084,0018-07-12 19:35:00,18,7,12,19,35,290,19,ALSACE LORAINE,48.3814,-4.51536,Plein jour,En agglomération,Intersection en X,Normale,Deux véhicules - côté,,,,,,,,,,,1,2,2,1.0,3.0
201800022085,0018-06-29 21:13:00,18,6,29,21,13,290,19,VILLENEUVE (PONT),48.4039,-4.52371,Plein jour,En agglomération,Hors intersection,Normale,Deux véhicules - frontale,,,,,,,,,,,1,2,1,1.0,1.0
201800022086,0018-07-20 16:40:00,18,7,20,16,40,290,19,FOULON CHARLES,48.4257,-4.48009,Plein jour,En agglomération,Intersection en T,Normale,Autre collision,,,,,,,,,,,1,2,3,1.0,6.0
201800022087,0018-07-21 10:15:00,18,7,21,10,15,290,19,FRANCE ANATOLE (DE 55 A,48.38291,-4.52024,Plein jour,En agglomération,Hors intersection,Normale,Autre collision,,,,,,,,,,,1,2,1,1.0,6.0
201800022088,0018-07-13 14:46:00,18,7,13,14,46,290,19,EUROPE (DE 161 A 199),48.4129,-4.50434,Plein jour,En agglomération,Hors intersection,Normale,Trois véhicules et plus - en chaîne,,,,,,,,,,,1,2,1,1.0,4.0
201800022089,0018-07-10 22:10:00,18,7,10,22,10,290,19,RUE ROUSSE EMILE,48.38586,-4.52774,Nuit avec éclairage allumé,En agglomération,Hors intersection,Normale,Deux véhicules - côté,,,,,,,,,,,5,2,1,1.0,3.0
201800022090,0018-08-03 11:18:00,18,8,3,11,18,290,19,PICARDIE,48.40406,-4.50481,Plein jour,En agglomération,Hors intersection,Normale,Autre collision,,,,,,,,,,,1,2,1,1.0,6.0
201800022091,0018-08-05 20:51:00,18,8,5,20,51,290,19,RN 12 (PEN AR CH'LEUZ A,48.41523,-4.47972,Crépuscule ou aube,Hors agglomération,Hors intersection,Normale,Deux véhicules - arrière,,,,,,,,,,,2,1,1,1.0,2.0
201800022092,0018-08-07 20:16:00,18,8,7,20,16,290,19,ROUSSE EMILE,48.38537,-4.52804,Crépuscule ou aube,En agglomération,Giratoire,Normale,Deux véhicules - côté,,,,,,,,,,,2,2,6,1.0,3.0
201800022093,0018-08-08 11:52:00,18,8,8,11,52,290,19,HUIT MAI 1945 (DE 2 A 44,48.4101,-4.4705,Plein jour,En agglomération,Hors intersection,Normale,Deux véhicules - côté,,,,,,,,,,,1,2,1,1.0,3.0
201800022094,0018-08-10 11:20:00,18,8,10,11,20,290,19,DUVAL MARCELLIN (DE 1 A,48.4144,-4.4868,Plein jour,En agglomération,Hors intersection,Normale,Deux véhicules - arrière,,,,,,,,,,,1,2,1,1.0,2.0
201800022095,0018-08-11 20:00:00,18,8,11,20,0,290,19,Pen Ar Ch'leuz,48.41515,-4.47972,Plein jour,En agglomération,Giratoire,Normale,Deux véhicules - arrière,,,,,,,,,,,1,2,6,1.0,2.0
201800022096,0018-08-13 20:20:00,18,8,13,20,20,290,19,KERMENGUY,48.40462,-4.50664,Plein jour,En agglomération,Hors intersection,Normale,Deux véhicules - côté,,,,,,,,,,,1,2,1,1.0,3.0
201800022097,0018-08-13 14:21:00,18,8,13,14,21,290,19,ROUTE DE SAINTE ANNE DU,48.36799,-4.5487,Plein jour,En agglomération,Intersection en T,Normale,Deux véhicules - côté,,,,,,,,,,,1,2,3,1.0,3.0
201800022098,0018-08-14 09:50:00,18,8,14,9,50,290,19,KERVAO,48.42236,-4.49821,Plein jour,En agglomération,Intersection en X,Pluie légère,Deux véhicules - côté,,,,,,,,,,,1,2,2,2.0,3.0
201800022099,0018-08-18 02:10:00,18,8,18,2,10,290,19,MOULIN A POUDRE (DE 1 A,48.39725,-4.49131,Nuit avec éclairage allumé,En agglomération,Hors intersection,Normale,Autre collision,,,,,,,,,,,5,2,1,1.0,6.0
201800022100,0018-08-21 18:13:00,18,8,21,18,13,290,19,MONTAIGNE (DE 39 A 111 E,48.40635,-4.47647,Plein jour,En agglomération,Hors intersection,Normale,Deux véhicules - arrière,,,,,,,,,,,1,2,1,1.0,2.0
201800022101,0018-08-29 17:45:00,18,8,29,17,45,290,19,FRANCE ANATOLE (DE 55 A,48.38292,-4.51756,Plein jour,En agglomération,Hors intersection,Normale,Trois véhicules et plus - collisions multiples,,,,,,,,,,,1,2,1,1.0,5.0
201800022102,0018-08-30 13:45:00,18,8,30,13,45,290,19,ALBERT 1ER,48.39796,-4.48921,Plein jour,En agglomération,Giratoire,Normale,Deux véhicules - côté,,,,,,,,,,,1,2,6,1.0,3.0
201800022103,0018-09-08 14:40:00,18,9,8,14,40,290,19,QUIMPER (DE 1 A 103 ET 2,48.402,-4.461,Plein jour,En agglomération,Hors intersection,Normale,Trois véhicules et plus - en chaîne,,,,,,,,,,,1,2,1,1.0,4.0
201800022104,0018-09-10 13:10:00,18,9,10,13,10,290,19,ROUSSE EMILE,48.38503,-4.52798,Plein jour,En agglomération,Hors intersection,Normale,Deux véhicules - arrière,,,,,,,,,,,1,2,1,1.0,2.0
201800022105,0018-09-13 16:19:00,18,9,13,16,19,290,19,ROND POINT DE KERESSEIS,48.3952,-4.53864,Plein jour,En agglomération,Giratoire,Normale,Deux véhicules - arrière,,,,,,,,,,,1,2,6,1.0,2.0
201800022106,0018-09-24 08:30:00,18,9,24,8,30,290,19,TANGUY DU CHATEL,48.3798,-4.53379,Plein jour,En agglomération,Hors intersection,Normale,Deux véhicules - côté,,,,,,,,,,,1,2,1,1.0,3.0
201800022107,0018-09-24 17:46:00,18,9,24,17,46,290,19,ROUSSE EMILE,48.3853,-4.52804,Plein jour,En agglomération,Giratoire,Normale,Autre collision,,,,,,,,,,,1,2,6,1.0,6.0
201800022108,0018-10-18 12:09:00,18,10,18,12,9,290,19,FRANCE ANATOLE (DE 1 A 5,48.38143,-4.52856,Plein jour,En agglomération,Hors intersection,Normale,Autre collision,,,,,,,,,,,1,2,1,1.0,6.0
201800022109,0018-10-16 08:00:00,18,10,16,8,0,290,19,SAINT MARC ROUTE DU VIEU,48.3936,-4.4454,Crépuscule ou aube,En agglomération,Hors intersection,Normale,Deux véhicules - arrière,,,,,,,,,,,2,2,1,1.0,2.0
201800022110,0018-09-29 17:35:00,18,9,29,17,35,290,19,SEMARD PIERRE,48.3904,-4.47012,Plein jour,En agglomération,Hors intersection,Normale,Deux véhicules - côté,,,,,,,,,,,1,2,1,1.0,3.0
201800022111,0018-09-30 13:00:00,18,9,30,13,0,290,19,SALAUN PENQUER,48.38443,-4.48369,Plein jour,En agglomération,Hors intersection,Pluie légère,Autre collision,,,,,,,,,,,1,2,1,2.0,6.0
201800022112,0018-09-27 15:53:00,18,9,27,15,53,290,19,VALMY,48.39959,-4.46596,Plein jour,En agglomération,Intersection en T,Normale,Deux véhicules - arrière,,,,,,,,,,,1,2,3,1.0,2.0
201800022113,0018-10-02 07:35:00,18,10,2,7,35,290,19,LESVEN JULES (DE 26 A 58,48.4091,-4.48042,Crépuscule ou aube,En agglomération,Hors intersection,Normale,Autre collision,,,,,,,,,,,2,2,1,1.0,6.0
201800022114,0018-10-04 07:35:00,18,10,4,7,35,290,19,GREBES (ROND POINT),48.38899,-4.45832,Plein jour,En agglomération,Hors intersection,Normale,Deux véhicules - côté,,,,,,,,,,,1,2,1,1.0,3.0
201800022115,0018-10-05 13:33:00,18,10,5,13,33,290,19,DONNART MATHIEU (DE 1 A,48.3994,-4.48534,Plein jour,En agglomération,Intersection en T,Normale,Deux véhicules - côté,,,,,,,,,,,1,2,3,1.0,3.0
201800022116,0018-10-18 13:23:00,18,10,18,13,23,290,19,GOUESNOU (DE 43 A 219 ET,48.4127,-4.46835,Plein jour,En agglomération,Hors intersection,Normale,Deux véhicules - côté,,,,,,,,,,,1,2,1,1.0,3.0
201800022117,0018-10-07 00:20:00,18,10,7,0,20,290,19,COLBERT,48.3873,-4.4848,Nuit avec éclairage allumé,En agglomération,Hors intersection,Normale,Deux véhicules - arrière,,,,,,,,,,,5,2,1,1.0,2.0
201800022118,0018-10-08 14:00:00,18,10,8,14,0,290,19,PAULET GENERAL (173 ET 2,48.4235,-4.47723,Plein jour,En agglomération,Autre intersection,Normale,Deux véhicules - arrière,,,,,,,,,,,1,2,9,1.0,2.0
201800022119,0018-10-05 08:51:00,18,10,5,8,51,290,19,LE GUEN LOUIS,48.39091,-4.47032,Crépuscule ou aube,En agglomération,Hors intersection,Normale,Autre collision,,,,,,,,,,,2,2,1,1.0,6.0
201800022120,0018-10-09 08:45:00,18,10,9,8,45,290,19,RUE PAUL DOUMER,48.39958,-4.48618,Plein jour,En agglomération,Hors intersection,Normale,Deux véhicules - côté,,,,,,,,,,,1,2,1,1.0,3.0
201800022121,0018-10-09 12:20:00,18,10,9,12,20,290,19,GALLIENI GENERAL (DE 1 A,48.3909,-4.50639,Plein jour,En agglomération,Hors intersection,Normale,Deux véhicules - frontale,,,,,,,,,,,1,2,1,1.0,1.0
201800022122,0018-10-08 21:58:00,18,10,8,21,58,290,19,JAURES JEAN (DE 105 A 23,48.39567,-4.47752,Nuit avec éclairage non allumé,En agglomération,Hors intersection,Normale,Autre collision,,,,,,,,,,,4,2,1,1.0,6.0
201800022123,0018-10-09 18:00:00,18,10,9,18,0,290,19,DAUPHINE,48.40557,-4.51122,Plein jour,En agglomération,Intersection en X,Normale,Autre collision,,,,,,,,,,,1,2,2,1.0,6.0
201800022124,0018-10-09 19:10:00,18,10,9,19,10,290,19,KERVAO,48.42333,-4.50518,Plein jour,En agglomération,Giratoire,Normale,Deux véhicules - côté,,,,,,,,,,,1,2,6,1.0,3.0
201800022125,0018-10-11 10:15:00,18,10,11,10,15,290,19,RUE LEOPOLD SEDAR SENGHO,48.4213,-4.508,Plein jour,En agglomération,Hors intersection,Normale,Sans collision,,,,,,,,,,,1,2,1,1.0,7.0
201800022126,0018-10-12 11:30:00,18,10,12,11,30,290,19,CHEVREUL,48.40729,-4.49189,Plein jour,En agglomération,Hors intersection,Normale,Deux véhicules - frontale,,,,,,,,,,,1,2,1,1.0,1.0
201800022127,0018-10-14 06:45:00,18,10,14,6,45,290,19,SALAUN PENQUER,48.38432,-4.48404,Crépuscule ou aube,En agglomération,Hors intersection,Pluie légère,Autre collision,,,,,,,,,,,2,2,1,2.0,6.0
201800022128,0018-10-14 18:00:00,18,10,14,18,0,290,19,DE LATTRE DE TASSIGNY MA,48.38773,-4.51223,Plein jour,En agglomération,Hors intersection,Pluie légère,Autre collision,,,,,,,,,,,1,2,1,2.0,6.0
201800022129,0018-10-15 09:45:00,18,10,15,9,45,290,19,DESFOSSES ROMAIN (AMIRAL,48.4264,-4.4778,Plein jour,En agglomération,Hors intersection,Normale,Deux véhicules - côté,,,,,,,,,,,1,2,1,1.0,3.0
201800022130,0018-10-20 16:40:00,18,10,20,16,40,290,19,MUSSET ALFRED DE,48.3902,-4.4711,Plein jour,En agglomération,Intersection en X,Normale,Deux véhicules - côté,,,,,,,,,,,1,2,2,1.0,3.0
201800022131,0018-10-17 08:40:00,18,10,17,8,40,290,19,CASABIANCA,48.3734,-4.53745,Plein jour,En agglomération,Intersection en X,Pluie légère,Deux véhicules - côté,,,,,,,,,,,1,2,2,2.0,3.0
201800022132,0018-10-18 18:15:00,18,10,18,18,15,290,19,GOUESNOU (DE 221 ET 214,48.42468,-4.4672,Plein jour,En agglomération,Intersection en X,Normale,Deux véhicules - côté,,,,,,,,,,,1,2,2,1.0,3.0
201800022133,0018-10-22 06:50:00,18,10,22,6,50,290,19,DUQUESNE (DE 8 ET 13 A 2,48.39144,-4.48842,Crépuscule ou aube,En agglomération,Giratoire,Pluie légère,Deux véhicules - côté,,,,,,,,,,,2,2,6,2.0,3.0
201800022134,0018-10-24 08:23:00,18,10,24,8,23,290,19,LE BRIS JEAN MARIE,48.38339,-4.4855,Plein jour,En agglomération,Giratoire,Normale,Deux véhicules - côté,,,,,,,,,,,1,2,6,1.0,3.0
201800022135,0018-10-20 16:40:00,18,10,20,16,40,290,19,DUPUY DE LOME (DE 1 A 33,48.38965,-4.5128,Plein jour,En agglomération,Intersection en T,Normale,Deux véhicules - côté,,,,,,,,,,,1,2,3,1.0,3.0
201800022136,0018-10-23 17:45:00,18,10,23,17,45,290,19,DUPUY DE LOME (DE 34 ET,48.38852,-4.51543,Plein jour,En agglomération,Autre intersection,Normale,Trois véhicules et plus - en chaîne,,,,,,,,,,,1,2,9,1.0,4.0
201800022137,0018-10-29 18:41:00,18,10,29,18,41,290,19,EUROPE (DE 201 A 215),48.41316,-4.49612,Crépuscule ou aube,En agglomération,Intersection en X,Normale,Deux véhicules - arrière,,,,,,,,,,,2,2,2,1.0,2.0
201800022138,0018-10-31 12:55:00,18,10,31,12,55,290,19,CHATEAU (DE 1 A 35 ET 2,48.38484,-4.48915,Plein jour,En agglomération,Intersection en X,Normale,Deux véhicules - côté,,,,,,,,,,,1,2,2,1.0,3.0
201800022139,0018-11-01 01:30:00,18,11,1,1,30,290,19,Rue de SIAM,48.38453,-4.4936,Nuit avec éclairage allumé,En agglomération,Intersection en T,Normale,Autre collision,,,,,,,,,,,5,2,3,1.0,6.0
201800022140,0018-11-04 18:06:00,18,11,4,18,6,290,19,RN 12 (PEN AR CH'LEUZ A,48.41497,-4.47854,Crépuscule ou aube,Hors agglomération,Giratoire,Pluie légère,Trois véhicules et plus - en chaîne,,,,,,,,,,,2,1,6,2.0,4.0
201800022141,0018-11-06 08:55:00,18,11,6,8,55,290,19,PRIGENT TANGUY (DE MESNO,48.39741,-4.53108,Plein jour,En agglomération,Hors intersection,Normale,Trois véhicules et plus - collisions multiples,,,,,,,,,,,1,2,1,1.0,5.0
201800022142,0018-11-03 15:18:00,18,11,3,15,18,290,19,CEZANNE,48.41228,-4.47137,Plein jour,En agglomération,Intersection en X,Vent fort / tempête,Deux véhicules - frontale,,,,,,,,,,,1,2,2,6.0,1.0
201800022143,0018-11-09 16:40:00,18,11,9,16,40,290,19,MONTAIGNE (DE 39 A 111 E,48.40287,-4.48134,Crépuscule ou aube,En agglomération,Hors intersection,Pluie forte,Autre collision,,,,,,,,,,,2,2,1,3.0,6.0
201800022144,0018-11-13 07:25:00,18,11,13,7,25,290,19,LE GORGEU (SANS Nø ENTRE,48.40734,-4.51035,Nuit avec éclairage allumé,En agglomération,Hors intersection,Normale,Autre collision,,,,,,,,,,,5,2,1,1.0,6.0
201800022145,0018-11-20 18:50:00,18,11,20,18,50,290,19,FOCH MARECHAL,48.39206,-4.4876,Nuit avec éclairage allumé,En agglomération,Giratoire,Pluie légère,Deux véhicules - côté,,,,,,,,,,,5,2,6,2.0,3.0
201800022146,0018-11-23 06:10:00,18,11,23,6,10,290,19,PLYMOUTH (Nø 63),48.38695,-4.52779,Nuit avec éclairage allumé,En agglomération,Intersection à plus de 4 branches,Normale,Deux véhicules - côté,,,,,,,,,,,5,2,5,1.0,3.0
201800022147,0018-11-24 12:30:00,18,11,24,12,30,290,19,ROND POINT DU GENERAL KO,48.3782,-4.54504,Plein jour,En agglomération,Hors intersection,Normale,Sans collision,,,,,,,,,,,1,2,1,1.0,7.0
201800022148,0018-11-25 13:50:00,18,11,25,13,50,290,19,SAINT MARC ROUTE DU VIEU,48.39284,-4.45262,Plein jour,En agglomération,Hors intersection,Normale,Deux véhicules - arrière,,,,,,,,,,,1,2,1,1.0,2.0
201800022149,0018-11-25 17:50:00,18,11,25,17,50,290,19,DONNART MATHIEU (DE 1 A,48.39976,-4.48617,Nuit avec éclairage allumé,En agglomération,Intersection en X,Normale,Deux véhicules - côté,,,,,,,,,,,5,2,2,1.0,3.0
201800022150,0018-11-22 08:30:00,18,11,22,8,30,290,19,ROCH GLAS (ROUTE ET CHEM,48.43556,-4.48936,Plein jour,En agglomération,Autre intersection,Normale,Deux véhicules - côté,,,,,,,,,,,1,2,9,1.0,3.0
201800022151,0018-11-27 17:00:00,18,11,27,17,0,290,19,RN 12,48.42828,-4.47485,Plein jour,Hors agglomération,Hors intersection,Pluie légère,Trois véhicules et plus - en chaîne,,,,,,,,,,,1,1,1,2.0,4.0
201800022152,0018-11-29 16:40:00,18,11,29,16,40,290,19,EUROPE (DE 161 A 199),48.41331,-4.48534,Plein jour,En agglomération,Hors intersection,Pluie légère,Deux véhicules - arrière,,,,,,,,,,,1,2,1,2.0,2.0
201800022153,0018-11-29 18:20:00,18,11,29,18,20,290,19,PAULET GENERAL (DE 1 A 1,48.41028,-4.47628,Nuit avec éclairage allumé,En agglomération,Hors intersection,Normale,Autre collision,,,,,,,,,,,5,2,1,1.0,6.0
201800022154,0018-12-02 18:20:00,18,12,2,18,20,290,19,ECOLE NAVALE  (DE 1 A 10,48.3809,-4.5271,Nuit avec éclairage non allumé,En agglomération,Hors intersection,Pluie légère,Deux véhicules - arrière,,,,,,,,,,,4,2,1,2.0,2.0
201800022155,0018-12-05 20:15:00,18,12,5,20,15,290,19,D'ESTIENNE D'ORVES,48.39126,-4.46196,Nuit avec éclairage allumé,En agglomération,Hors intersection,Pluie légère,Autre collision,,,,,,,,,,,5,2,1,2.0,6.0
201800022156,0018-12-08 18:03:00,18,12,8,18,3,290,19,GLASGOW (DE 1 A 9 ET 2 A,48.39291,-4.48454,Crépuscule ou aube,En agglomération,Giratoire,Normale,Deux véhicules - côté,,,,,,,,,,,2,2,6,1.0,3.0
201800022157,0018-12-09 00:20:00,18,12,9,0,20,290,19,VERDUN (DE 53 A 199 ET 7,48.39898,-4.45788,Nuit avec éclairage allumé,En agglomération,Hors intersection,Temps couvert,Autre collision,,,,,,,,,,,5,2,1,8.0,6.0
201800022158,0018-12-06 17:31:00,18,12,6,17,31,290,19,PARIS ( 33 ET 42 A FIN),48.40745,-4.45975,Crépuscule ou aube,En agglomération,Hors intersection,Pluie légère,Autre collision,,,,,,,,,,,2,2,1,2.0,6.0
201800022159,0018-12-10 17:00:00,18,12,10,17,0,290,19,LESVEN JULES (DE 26 A 58,48.40924,-4.48255,Plein jour,En agglomération,Giratoire,Normale,Deux véhicules - côté,,,,,,,,,,,1,2,6,1.0,3.0
201800022160,0018-12-11 18:00:00,18,12,11,18,0,290,19,MOZART,48.39555,-4.52683,Nuit avec éclairage non allumé,En agglomération,Hors intersection,Normale,Autre collision,,,,,,,,,,,4,2,1,1.0,6.0
201800022161,0018-11-27 16:29:00,18,11,27,16,29,290,19,MONTAIGNE (DE 39 A 111 E,48.40112,-4.484,Crépuscule ou aube,En agglomération,Hors intersection,Pluie forte,Autre collision,,,,,,,,,,,2,2,1,3.0,6.0
201800022162,0018-12-07 09:00:00,18,12,7,9,0,290,19,SEBASTOPOL,48.39818,-4.47206,Crépuscule ou aube,En agglomération,Hors intersection,Pluie forte,Autre collision,,,,,,,,,,,2,2,1,3.0,6.0
201800022163,0018-12-13 18:32:00,18,12,13,18,32,290,19,EUROPE (DE 58 A 166 ET 9,48.41403,-4.48207,Nuit avec éclairage allumé,En agglomération,Hors intersection,Pluie légère,Autre collision,,,,,,,,,,,5,2,1,2.0,6.0
201800022164,0018-12-16 05:04:00,18,12,16,5,4,290,19,SALAUN PENQUER,48.3853,-4.4828,Nuit avec éclairage allumé,En agglomération,Hors intersection,Pluie légère,Autre collision,,,,,,,,,,,5,2,1,2.0,6.0
201800022165,0018-12-14 21:06:00,18,12,14,21,6,290,19,SAINT MARC (DE 64 A 112,48.39745,-4.47396,Nuit avec éclairage allumé,En agglomération,Hors intersection,Normale,Autre collision,,,,,,,,,,,5,2,1,1.0,6.0
201800022166,0018-11-26 17:58:00,18,11,26,17,58,290,19,DROGOU COMMANDANT (DE 1,48.40472,-4.49899,Nuit avec éclairage allumé,En agglomération,Hors intersection,Normale,Autre collision,,,,,,,,,,,5,2,1,1.0,6.0
201800022167,0018-12-19 18:15:00,18,12,19,18,15,290,19,CASANOVA DANIELE,48.404,-4.48,Nuit avec éclairage allumé,En agglomération,Intersection en T,Normale,Deux véhicules - côté,,,,,,,,,,,5,2,3,1.0,3.0
201800022168,0018-11-13 21:07:00,18,11,13,21,7,290,19,ROBESPIERRE (DE 1 A 31 E,48.41005,-4.49085,Nuit avec éclairage allumé,En agglomération,Intersection en T,Pluie légère,Deux véhicules - côté,,,,,,,,,,,5,2,3,2.0,3.0
201800022169,0018-12-06 19:25:00,18,12,6,19,25,290,19,PEN AR HOAT (IMPASSE ET,48.39587,-4.44183,Nuit avec éclairage allumé,En agglomération,Intersection en T,Pluie légère,Deux véhicules - côté,,,,,,,,,,,5,2,3,2.0,3.0
201800022170,0018-12-20 17:30:00,18,12,20,17,30,290,19,ROBESPIERRE (DE 1 A 31 E,48.4158,-4.49213,Nuit avec éclairage allumé,En agglomération,Intersection en T,Pluie légère,Trois véhicules et plus - collisions multiples,,,,,,,,,,,5,2,3,2.0,5.0
201800022171,0018-12-27 11:08:00,18,12,27,11,8,290,19,EUROPE (DE 58 A 166 ET 9,48.41615,-4.46842,Plein jour,En agglomération,Intersection en X,Normale,Deux véhicules - côté,,,,,,,,,,,1,2,2,1.0,3.0
201800022172,0018-12-28 08:55:00,18,12,28,8,55,290,19,SAINT MARC (DE 64 A 112,48.4162,-4.46819,Plein jour,En agglomération,Intersection en X,Normale,Deux véhicules - côté,,,,,,,,,,,1,2,2,1.0,3.0