accident_id,datetime,annee,mois,jour,heure,minute,departement,commune_insee,adresse,latitude,longitude,luminosite,agglomeration,intersection,meteo,collision,nb_vehicules,nb_usagers,nb_indemnes,nb_tues,nb_blesses_hosp,nb_blesses_legers,age_cond_1,age_cond_2,veh_type_cond_1,veh_type_cond_2,lum_code,agg_code,int_code,atm_code,col_code
201800022173,0018-12-28 12:45:00,18,12,28,12,45,290,19,SEBASTOPOL,48.4005,-4.46885,Plein jour,En agglomération,Hors intersection,Normale,Deux véhicules - côté,,,,,,,,,,,1,2,1,1.0,3.0
201800022174,0018-01-01 09:00:00,18,1,1,9,0,400,164,autoroute 65 - PK 44.300,44.12194,-0.27607,Plein jour,Hors agglomération,Hors intersection,Temps couvert,Autre collision,,,,,,,,,,,1,1,1,8.0,6.0
201800022175,0018-06-05 10:00:00,18,6,5,10,0,400,164,"A65, PK 048+000",44.13406,-0.27575,Plein jour,Hors agglomération,Hors intersection,Pluie forte,Sans collision,,,,,,,,,,,1,1,1,3.0,7.0
201800022176,0018-08-16 18:40:00,18,8,16,18,40,400,245,Autoroute A 65 PK 060.75,44.03856,-0.32879,Plein jour,Hors agglomération,Hors intersection,Normale,Autre collision,,,,,,,,,,,1,1,1,1.0,6.0
201800022177,0018-09-04 14:28:00,18,9,4,14,28,400,158,"D933, point routier 08+3",44.07788,-0.03719,Plein jour,Hors agglomération,Hors intersection,Normale,Deux véhicules - frontale,,,,,,,,,,,1,1,1,1.0,1.0
201800022178,0018-11-23 05:10:00,18,11,23,5,10,400,320,D834,43.93358,-0.56897,Nuit sans éclairage public,Hors agglomération,Hors intersection,Pluie légère,Deux véhicules - côté,,,,,,,,,,,3,1,1,2.0,3.0
201800022179,0018-12-21 22:45:00,18,12,21,22,45,400,164,PK 041.800,44.12982,-0.2759,Nuit sans éclairage public,Hors agglomération,Hors intersection,Pluie légère,Autre collision,,,,,,,,,,,3,1,1,2.0,6.0
201800022180,0018-01-08 18:35:00,18,1,8,18,35,290,39,"21, GARE (AVENUE DE LA)",47.87565,-3.91912,Crépuscule ou aube,En agglomération,Hors intersection,Normale,Deux véhicules - frontale,,,,,,,,,,,2,2,1,1.0,1.0
201800022181,0018-01-15 20:15:00,18,1,15,20,15,290,39,RN165 (VE),47.927,-3.89833,Nuit sans éclairage public,Hors agglomération,Hors intersection,Pluie légère,Autre collision,,,,,,,,,,,3,1,1,2.0,6.0
201800022182,0018-01-28 19:40:00,18,1,28,19,40,290,39,RD 783 BEUZEC,47.87991,-3.9067,Nuit avec éclairage allumé,Hors agglomération,Giratoire,Pluie légère,Autre collision,,,,,,,,,,,5,1,6,2.0,6.0
201800022183,0018-01-29 13:07:00,18,1,29,13,7,290,39,JOSEPH BIGOT,47.88569,-3.91419,Plein jour,En agglomération,Hors intersection,Normale,Sans collision,,,,,,,,,,,1,2,1,1.0,7.0
201800022184,0018-02-06 20:27:00,18,2,6,20,27,290,39,RD 70 (route dpartement,47.91173,-3.90372,Nuit sans éclairage public,Hors agglomération,Hors intersection,Neige / grêle,Deux véhicules - frontale,,,,,,,,,,,3,1,1,4.0,1.0
201800022185,0018-02-21 03:45:00,18,2,21,3,45,290,39,MOROS (  QUAI RIVE DROIT,47.87589,-3.90853,Nuit avec éclairage allumé,En agglomération,Intersection en T,Normale,Sans collision,,,,,,,,,,,5,2,3,1.0,7.0
201800022186,0018-03-04 19:05:00,18,3,4,19,5,290,39,"5, GARE (AVENUE DE LA)",47.87474,-3.9189,Nuit avec éclairage allumé,En agglomération,Intersection en Y,Normale,Sans collision,,,,,,,,,,,5,2,4,1.0,7.0
201800022187,0018-03-09 17:45:00,18,3,9,17,45,290,39,RD 70 (route dpartement,47.91872,-3.9033,Plein jour,Hors agglomération,Hors intersection,Temps couvert,Autre collision,,,,,,,,,,,1,1,1,8.0,6.0
201800022188,0018-03-23 15:45:00,18,3,23,15,45,290,39,RD 44,47.921,-3.90673,Plein jour,Hors agglomération,Hors intersection,Temps couvert,Sans collision,,,,,,,,,,,1,1,1,8.0,7.0
201800022189,0018-03-24 19:05:00,18,3,24,19,5,290,39,STANG AR LIN ( RUE DE),47.88415,-3.90613,Crépuscule ou aube,En agglomération,Hors intersection,Temps couvert,Deux véhicules - côté,,,,,,,,,,,2,2,1,8.0,3.0
201800022190,0018-04-24 08:05:00,18,4,24,8,5,290,39,RD 44,47.92073,-3.92859,Plein jour,Hors agglomération,Intersection en X,Normale,Deux véhicules - côté,,,,,,,,,,,1,1,2,1.0,3.0
201800022191,0018-04-27 13:30:00,18,4,27,13,30,290,39,RD 783,47.88127,-3.90969,Plein jour,En agglomération,Intersection en X,Pluie légère,Deux véhicules - arrière,,,,,,,,,,,1,2,2,2.0,2.0
201800022192,0018-05-13 08:10:00,18,5,13,8,10,290,39,JAN (RUE ROBERT),47.8815,-3.92226,Plein jour,En agglomération,Hors intersection,Normale,Autre collision,,,,,,,,,,,1,2,1,1.0,6.0
201800022193,0018-05-15 17:05:00,18,5,15,17,5,290,39,QUIMPER ( RUE DE),47.88915,-3.91774,Plein jour,En agglomération,Hors intersection,Normale,Autre collision,,,,,,,,,,,1,2,1,1.0,6.0
201800022194,0018-05-22 04:00:00,18,5,22,4,0,290,39,COLGUEN ( RUE DE),47.90445,-3.90712,Nuit sans éclairage public,En agglomération,Hors intersection,Normale,Autre collision,,,,,,,,,,,3,2,1,1.0,6.0
201800022195,0018-05-29 14:25:00,18,5,29,14,25,290,39,TRICHARD (RUE YVES),47.8766,-3.88577,Plein jour,Hors agglomération,Hors intersection,Pluie légère,Sans collision,,,,,,,,,,,1,1,1,2.0,7.0
201800022196,0018-06-12 17:20:00,18,6,12,17,20,290,39,VILLENEUVE ( RUE DE LA),47.89473,-3.91396,Plein jour,En agglomération,Giratoire,Normale,Deux véhicules - arrière,,,,,,,,,,,1,2,6,1.0,2.0
201800022197,0018-06-14 12:15:00,18,6,14,12,15,290,39,VILLENEUVE ( RUE DE LA),47.89579,-3.91331,Plein jour,En agglomération,Hors intersection,Pluie légère,Sans collision,,,,,,,,,,,1,2,1,2.0,7.0
201800022198,0018-06-16 14:20:00,18,6,16,14,20,290,39,VILLENEUVE ( RUE DE LA),47.89635,-3.91295,Plein jour,Hors agglomération,Hors intersection,Pluie légère,Deux véhicules - arrière,,,,,,,,,,,1,1,1,2.0,2.0
201800022199,0018-06-19 17:30:00,18,6,19,17,30,290,39,TREGUNC (ROUTE DE),47.86128,-3.88523,Plein jour,En agglomération,Hors intersection,Normale,Deux véhicules - côté,,,,,,,,,,,1,2,1,1.0,3.0
201800022200,0018-06-25 15:30:00,18,6,25,15,30,290,39,VIDIE ( RUE LUCIEN),47.89166,-3.91653,Plein jour,En agglomération,Autre intersection,Normale,Deux véhicules - côté,,,,,,,,,,,1,2,9,1.0,3.0
201800022201,0018-06-26 15:45:00,18,6,26,15,45,290,39,RN165 (VE),47.93622,-3.9111,Plein jour,Hors agglomération,Hors intersection,Normale,Autre collision,,,,,,,,,,,1,1,1,1.0,6.0
201800022202,0018-07-07 01:45:00,18,7,7,1,45,290,39,KERGUERES (Route de),47.89844,-3.93557,Nuit sans éclairage public,Hors agglomération,Hors intersection,Normale,Sans collision,,,,,,,,,,,3,1,1,1.0,7.0
201800022203,0018-07-09 20:48:00,18,7,9,20,48,290,39,RD 783,47.87417,-3.89823,Plein jour,Hors agglomération,Intersection en X,Normale,Deux véhicules - côté,,,,,,,,,,,1,1,2,1.0,3.0
201800022204,0018-07-19 12:20:00,18,7,19,12,20,290,39,beg menez,47.8948,-3.94138,Plein jour,Hors agglomération,Hors intersection,Normale,Sans collision,,,,,,,,,,,1,1,1,1.0,7.0
201800022205,0018-07-27 15:20:00,18,7,27,15,20,290,39,KERIOLET ( RUE DE ),47.888,-3.90823,Plein jour,En agglomération,Autre intersection,Pluie légère,Deux véhicules - côté,,,,,,,,,,,1,2,9,2.0,3.0
201800022206,0018-07-31 11:10:00,18,7,31,11,10,290,39,TREGUNC (ROUTE DE),47.86958,-3.89549,Plein jour,Hors agglomération,Hors intersection,Normale,Trois véhicules et plus - collisions multiples,,,,,,,,,,,1,1,1,1.0,5.0
201800022207,0018-08-10 11:35:00,18,8,10,11,35,290,39,BONNIER ( RUE GASTON),47.86877,-3.90014,Plein jour,En agglomération,Hors intersection,Normale,Deux véhicules - frontale,,,,,,,,,,,1,2,1,1.0,1.0
201800022208,0018-08-11 01:40:00,18,8,11,1,40,290,39,MOROS ( QUAI RIVE GAUCHE,47.87593,-3.90648,Nuit avec éclairage allumé,En agglomération,Intersection en T,Normale,Deux véhicules - frontale,,,,,,,,,,,5,2,3,1.0,1.0
201800022209,0018-08-22 17:10:00,18,8,22,17,10,290,39,RD 783,47.88111,-3.90956,Plein jour,Hors agglomération,Hors intersection,Normale,Sans collision,,,,,,,,,,,1,1,1,1.0,7.0
201800022210,0018-08-25 17:40:00,18,8,25,17,40,290,39,maison blanche (rond poi,47.88839,-3.91888,Plein jour,En agglomération,Giratoire,Normale,Deux véhicules - côté,,,,,,,,,,,1,2,6,1.0,3.0
201800022211,0018-09-07 12:00:00,18,9,7,12,0,290,39,RD 783 BEUZEC,47.878,-3.90127,Plein jour,En agglomération,Hors intersection,Normale,Deux véhicules - arrière,,,,,,,,,,,1,2,1,1.0,2.0
201800022212,0018-09-14 08:00:00,18,9,14,8,0,290,39,KERSIMONOU ( CHEMIN DE ),47.93675,-3.92071,Plein jour,Hors agglomération,Hors intersection,Normale,Sans collision,,,,,,,,,,,1,1,1,1.0,7.0
201800022213,0018-09-19 05:54:00,18,9,19,5,54,290,39,VILLENEUVE ( RUE DE LA),47.89978,-3.91309,Nuit avec éclairage allumé,En agglomération,Hors intersection,Normale,Autre collision,,,,,,,,,,,5,2,1,1.0,6.0
201800022214,0018-10-22 14:00:00,18,10,22,14,0,290,39,KERGUERES (Route de),47.89159,-3.92302,Plein jour,En agglomération,Hors intersection,Normale,Trois véhicules et plus - collisions multiples,,,,,,,,,,,1,2,1,1.0,5.0
201800022215,0018-10-25 10:40:00,18,10,25,10,40,290,39,QUIMPER ( RUE DE),47.88263,-3.91921,Plein jour,En agglomération,Giratoire,Normale,Deux véhicules - côté,,,,,,,,,,,1,2,6,1.0,3.0
201800022216,0018-11-07 11:50:00,18,11,7,11,50,290,39,SAULE ( AVENUE DU ),47.88348,-3.91793,Plein jour,En agglomération,Hors intersection,Pluie légère,Deux véhicules - côté,,,,,,,,,,,1,2,1,2.0,3.0
201800022217,0018-11-15 08:15:00,18,11,15,8,15,290,39,DOLTO Francoise (RUE),47.89183,-3.92417,Crépuscule ou aube,En agglomération,Hors intersection,Pluie légère,Sans collision,,,,,,,,,,,2,2,1,2.0,7.0
201800022218,0018-11-20 07:40:00,18,11,20,7,40,290,39,RN165 (VE),47.93927,-3.91754,Nuit sans éclairage public,Hors agglomération,Hors intersection,Normale,Deux véhicules - arrière,,,,,,,,,,,3,1,1,1.0,2.0
201800022219,0018-11-29 17:05:00,18,11,29,17,5,290,39,CARNOT ( QUAI),47.87472,-3.91721,Plein jour,En agglomération,Hors intersection,Temps couvert,Sans collision,,,,,,,,,,,1,2,1,8.0,7.0
201800022220,0018-11-30 16:45:00,18,11,30,16,45,290,39,CARNOT ( QUAI),47.87461,-3.91715,Plein jour,En agglomération,Hors intersection,Normale,Sans collision,,,,,,,,,,,1,2,1,1.0,7.0
201800022221,0018-12-13 19:10:00,18,12,13,19,10,290,39,RD 122,47.87802,-3.87902,Nuit sans éclairage public,Hors agglomération,Hors intersection,Temps couvert,Autre collision,,,,,,,,,,,3,1,1,8.0,6.0
201800022222,0018-12-27 15:20:00,18,12,27,15,20,290,39,KERVINIOU ( RUE DE ),47.86293,-3.88701,Plein jour,En agglomération,Hors intersection,Normale,Autre collision,,,,,,,,,,,1,2,1,1.0,6.0
201800022223,0018-12-31 19:25:00,18,12,31,19,25,290,39,RD 783,47.88459,-3.91263,Nuit sans éclairage public,Hors agglomération,Hors intersection,Normale,Autre collision,,,,,,,,,,,3,1,1,1.0,6.0
201800022224,0018-02-03 23:19:00,18,2,3,23,19,290,151,RN12,48.59533,-3.82514,Nuit sans éclairage public,Hors agglomération,Hors intersection,Pluie légère,Deux véhicules - arrière,,,,,,,,,,,3,1,1,2.0,2.0
201800022225,0018-02-16 17:25:00,18,2,16,17,25,290,151,"3, LEON (QUAI DE)",48.58208,-3.83323,Plein jour,En agglomération,Hors intersection,Normale,Autre collision,,,,,,,,,,,1,2,1,1.0,6.0
201800022226,0018-05-15 16:35:00,18,5,15,16,35,290,151,EXPRESS RN 12 (VOIE),48.59569,-3.83129,Plein jour,Hors agglomération,Autre intersection,Normale,Autre collision,,,,,,,,,,,1,1,9,1.0,6.0
201800022227,0018-06-27 17:15:00,18,6,27,17,15,290,151,BAS DE LA RIVIERE (ROUTE,48.62571,-3.8476,Plein jour,Hors agglomération,Hors intersection,Normale,Sans collision,,,,,,,,,,,1,1,1,1.0,7.0
201800022228,0018-07-20 15:00:00,18,7,20,15,0,290,151,RN12,48.57512,-3.71962,Plein jour,Hors agglomération,Autre intersection,Normale,Sans collision,,,,,,,,,,,1,1,9,1.0,7.0
201800022229,0018-08-23 10:15:00,18,8,23,10,15,290,151,COURBET (RUE GUSTAVE),48.58946,-3.81472,Plein jour,En agglomération,Hors intersection,Normale,Autre collision,,,,,,,,,,,1,2,1,1.0,6.0
201800022230,0018-08-23 12:15:00,18,8,23,12,15,290,151,SERUSIER (RUE PAUL),48.58264,-3.81992,Plein jour,En agglomération,Hors intersection,Pluie légère,Autre collision,,,,,,,,,,,1,2,1,2.0,6.0
201800022231,0018-08-25 16:12:00,18,8,25,16,12,290,151,JAURES (RUE JEAN),48.5751,-3.84275,Plein jour,En agglomération,Hors intersection,Normale,Sans collision,,,,,,,,,,,1,2,1,1.0,7.0
201800022232,0018-10-08 12:30:00,18,10,8,12,30,290,151,AERODROME (RUE DE L'),48.6051,-3.82993,Plein jour,Hors agglomération,Hors intersection,Normale,Deux véhicules - arrière,,,,,,,,,,,1,1,1,1.0,2.0
201800022233,0018-10-19 11:25:00,18,10,19,11,25,290,254,KERELISA (RUE DE ),48.574,-3.85655,Plein jour,En agglomération,Giratoire,Normale,Deux véhicules - côté,,,,,,,,,,,1,2,6,1.0,3.0
201800022234,0018-11-03 17:20:00,18,11,3,17,20,290,151,CD 786 MORLAIX A DINARD,48.5973,-3.81152,Crépuscule ou aube,Hors agglomération,Intersection en T,Normale,Deux véhicules - côté,,,,,,,,,,,2,1,3,1.0,3.0
201800022235,0018-11-18 13:30:00,18,11,18,13,30,290,151,KERFRAVAL (RUE DE),48.58747,-3.81427,Plein jour,En agglomération,Giratoire,Normale,Deux véhicules - arrière,,,,,,,,,,,1,2,6,1.0,2.0
201800022236,0018-11-29 18:15:00,18,11,29,18,15,290,254,PLOUVORN (ROUTE DE),48.57501,-3.84627,Crépuscule ou aube,En agglomération,Hors intersection,Normale,Deux véhicules - arrière,,,,,,,,,,,2,2,1,1.0,2.0
201800022237,0018-02-03 09:40:00,18,2,3,9,40,520,332,A31 PK 143+100 sens NANC,48.01944,5.52931,Plein jour,Hors agglomération,Hors intersection,Normale,Deux véhicules - arrière,,,,,,,,,,,1,1,1,1.0,2.0
201800022238,0018-03-15 07:40:00,18,3,15,7,40,520,14,"A31, pk 97+900",47.7719,5.20293,Plein jour,Hors agglomération,Hors intersection,Pluie forte,Sans collision,,,,,,,,,,,1,1,1,3.0,7.0
201800022239,0018-04-05 15:05:00,18,4,5,15,5,520,14,A31 PK 95+200 sens DIJON,47.75483,5.19037,Plein jour,En agglomération,Hors intersection,Normale,Trois véhicules et plus - en chaîne,,,,,,,,,,,1,2,1,1.0,4.0
201800022240,0018-04-23 02:45:00,18,4,23,2,45,520,205,A5 PK 215.300,48.00093,5.11614,Nuit sans éclairage public,Hors agglomération,Hors intersection,Normale,Autre collision,,,,,,,,,,,3,1,1,1.0,6.0
201800022241,0018-05-03 05:31:00,18,5,3,5,31,520,258,AUTOROUTE A5 PK 186+500,48.10634,4.79493,Crépuscule ou aube,Hors agglomération,Hors intersection,Normale,Deux véhicules - arrière,,,,,,,,,,,2,1,1,1.0,2.0
201800022242,0018-05-09 20:20:00,18,5,9,20,20,520,519,A31 PK 88+900,47.69916,5.1863,Crépuscule ou aube,Hors agglomération,Hors intersection,Pluie forte,Autre collision,,,,,,,,,,,2,1,1,3.0,6.0
201800022243,0018-06-20 19:30:00,18,6,20,19,30,520,384,autoroute a31,47.80824,5.22418,Plein jour,Hors agglomération,Hors intersection,Normale,Deux véhicules - arrière,,,,,,,,,,,1,1,1,1.0,2.0
201800022244,0018-07-08 10:20:00,18,7,8,10,20,520,114,aire de service de CHATE,48.05531,4.95845,Plein jour,Hors agglomération,Giratoire,Normale,Autre collision,,,,,,,,,,,1,1,6,1.0,6.0
201800022245,0018-07-30 05:40:00,18,7,30,5,40,520,189,"A31 - PK 90,300 - sens N",47.68116,5.17869,Crépuscule ou aube,Hors agglomération,Hors intersection,Normale,Deux véhicules - arrière,,,,,,,,,,,2,1,1,1.0,2.0
201800022246,0018-09-04 15:00:00,18,9,4,15,0,520,312,A31 PK 110+300,47.88477,5.22241,Plein jour,Hors agglomération,Hors intersection,Normale,Deux véhicules - arrière,,,,,,,,,,,1,1,1,1.0,2.0
201800022247,0018-01-14 07:45:00,18,1,14,7,45,570,373,route départementale 22,49.07938,6.73937,Plein jour,Hors agglomération,Hors intersection,Normale,Sans collision,,,,,,,,,,,1,1,1,1.0,7.0
201800022248,0018-01-17 15:00:00,18,1,17,15,0,570,224,29 rue principale,49.06926,6.68441,Plein jour,En agglomération,Intersection en X,Temps couvert,Deux véhicules - côté,,,,,,,,,,,1,2,2,8.0,3.0
201800022249,0018-01-22 13:55:00,18,1,22,13,55,570,224,route départementale 20,49.06306,6.67728,Plein jour,Hors agglomération,Hors intersection,Pluie forte,Autre collision,,,,,,,,,,,1,1,1,3.0,6.0
201800022250,0018-04-06 10:00:00,18,4,6,10,0,570,690,Grand rue,49.08714,6.70144,Plein jour,En agglomération,Hors intersection,Normale,Sans collision,,,,,,,,,,,1,2,1,1.0,7.0
201800022251,0018-04-16 07:40:00,18,4,16,7,40,570,224,44 rue calmette,49.07819,6.68395,Plein jour,En agglomération,Hors intersection,Temps éblouissant,Autre collision,,,,,,,,,,,1,2,1,7.0,6.0
201800022252,0018-07-02 15:45:00,18,7,2,15,45,570,15,D22,49.06412,6.74958,Plein jour,Hors agglomération,Hors intersection,Normale,Deux véhicules - frontale,,,,,,,,,,,1,1,1,1.0,1.0
201800022253,0018-09-20 15:40:00,18,9,20,15,40,570,690,D 910 a,49.07257,6.70058,Plein jour,Hors agglomération,Hors intersection,Normale,Deux véhicules - frontale,,,,,,,,,,,1,1,1,1.0,1.0
201800022254,0018-10-07 13:00:00,18,10,7,13,0,570,690,2 Rue du Wenheck,49.09356,6.71544,Plein jour,En agglomération,Hors intersection,Normale,Autre collision,,,,,,,,,,,1,2,1,1.0,6.0
201800022255,0018-03-02 08:10:00,18,3,2,8,10,760,238,rue de la Lézarde,49.56369,0.2271,Plein jour,En agglomération,Hors intersection,Pluie légère,Sans collision,,,,,,,,,,,1,2,1,2.0,7.0
201800022256,0018-11-02 15:20:00,18,11,2,15,20,760,534,Rue René Coty - Départem,49.57385,0.21777,Plein jour,Hors agglomération,Hors intersection,Normale,Deux véhicules - frontale,,,,,,,,,,,1,1,1,1.0,1.0
201800022257,0018-01-29 12:30:00,18,1,29,12,30,410,46,A71 PK 134+600 SENS 1,47.63939,1.94834,Plein jour,Hors agglomération,Hors intersection,Normale,Trois véhicules et plus - collisions multiples,,,,,,,,,,,1,1,1,1.0,5.0
201800022258,0018-02-20 17:45:00,18,2,20,17,45,410,106,A71 - PK 137+300,47.59439,1.98438,Crépuscule ou aube,Hors agglomération,Hors intersection,Pluie légère,Trois véhicules et plus - collisions multiples,,,,,,,,,,,2,1,1,2.0,5.0
201800022259,0018-02-28 23:10:00,18,2,28,23,10,410,256,PK 167+300,47.31913,2.03949,Nuit sans éclairage public,Hors agglomération,Hors intersection,Neige / grêle,Sans collision,,,,,,,,,,,3,1,1,4.0,7.0
201800022260,0018-05-12 07:00:00,18,5,12,7,0,410,161,"A71, PK 137+600",47.60121,1.97636,Crépuscule ou aube,Hors agglomération,Hors intersection,Normale,Sans collision,,,,,,,,,,,2,1,1,1.0,7.0
201800022261,0018-07-09 11:50:00,18,7,9,11,50,410,232,PK 159.000 sens 2,47.40051,2.03443,Plein jour,Hors agglomération,Hors intersection,Normale,Sans collision,,,,,,,,,,,1,1,1,1.0,7.0
201800022262,0018-07-17 13:01:00,18,7,17,13,1,410,161,A71 - PK 144 - sens 2,47.53002,2.0037,Plein jour,Hors agglomération,Hors intersection,Normale,Deux véhicules - arrière,,,,,,,,,,,1,1,1,1.0,2.0
201800022263,0018-07-25 11:50:00,18,7,25,11,50,410,46,autoroute A71,47.6605,1.93111,Plein jour,Hors agglomération,Hors intersection,Temps éblouissant,Sans collision,,,,,,,,,,,1,1,1,7.0,7.0
201800022264,0018-09-02 15:10:00,18,9,2,15,10,410,46,A71,47.62682,1.95844,Plein jour,Hors agglomération,Hors intersection,Normale,Sans collision,,,,,,,,,,,1,1,1,1.0,7.0
201800022265,0018-01-03 19:36:00,18,1,3,19,36,290,232,GIRONDINS AVENUE DES,47.98997,-4.13195,Nuit avec éclairage allumé,En agglomération,Giratoire,Pluie légère,Deux véhicules - côté,,,,,,,,,,,5,2,6,2.0,3.0
201800022266,0018-01-04 16:20:00,18,1,4,16,20,290,232,"., MORBIHAN AVENUE DU",47.97905,-4.07621,Plein jour,Hors agglomération,Hors intersection,Pluie légère,Deux véhicules - arrière,,,,,,,,,,,1,1,1,2.0,2.0
201800022267,0018-01-06 20:30:00,18,1,6,20,30,290,232,"42, LIBERATION AVENUE DE",47.99298,-4.08581,Nuit avec éclairage allumé,En agglomération,Hors intersection,Normale,Deux véhicules - côté,,,,,,,,,,,5,2,1,1.0,3.0
201800022268,0018-01-09 16:30:00,18,1,9,16,30,290,232,"., TY BOS AVENUE DE",47.97381,-4.06568,Plein jour,En agglomération,Hors intersection,Pluie forte,Deux véhicules - frontale,,,,,,,,,,,1,2,1,3.0,1.0
201800022269,0018-01-11 09:30:00,18,1,11,9,30,290,232,"18, PARC RUE DU",47.99452,-4.10443,Plein jour,En agglomération,Hors intersection,Normale,Autre collision,,,,,,,,,,,1,2,1,1.0,6.0
201800022270,0018-01-17 20:00:00,18,1,17,20,0,290,232,ERGUE ARMEL BOULEVARD D',47.98875,-4.0747,Nuit sans éclairage public,Hors agglomération,Hors intersection,Normale,Autre collision,,,,,,,,,,,3,1,1,1.0,6.0
201800022271,0018-01-18 08:20:00,18,1,18,8,20,290,232,"11 BIS, PIVERTS RUE DES",47.98948,-4.13094,Nuit sans éclairage public,En agglomération,Hors intersection,Pluie légère,Autre collision,,,,,,,,,,,3,2,1,2.0,6.0
201800022272,0018-01-15 12:47:00,18,1,15,12,47,290,232,RUE HAUTE,47.99026,-4.11038,Plein jour,En agglomération,Hors intersection,Pluie légère,Trois véhicules et plus - en chaîne,,,,,,,,,,,1,2,1,2.0,4.0
201800022273,0018-01-19 09:15:00,18,1,19,9,15,290,232,"9, KEROMNES RUE DE",47.98396,-4.06924,Plein jour,En agglomération,Hors intersection,Normale,Autre collision,,,,,,,,,,,1,2,1,1.0,6.0
201800022274,0018-01-23 07:20:00,18,1,23,7,20,290,232,"9 bis, HIPPODROME RUE DE",47.99612,-4.09559,Nuit avec éclairage non allumé,En agglomération,Hors intersection,Normale,Autre collision,,,,,,,,,,,4,2,1,1.0,6.0
201800022275,0018-01-22 14:25:00,18,1,22,14,25,290,232,"51, KERVRAHU ROUTE DE",48.00692,-4.15918,Plein jour,Hors agglomération,Hors intersection,Pluie légère,Autre collision,,,,,,,,,,,1,1,1,2.0,6.0
201800022276,0018-01-24 17:50:00,18,1,24,17,50,290,232,"., PRESIDENT ALLENDE BOU",47.99205,-4.07355,Crépuscule ou aube,En agglomération,Hors intersection,Pluie légère,Deux véhicules - arrière,,,,,,,,,,,2,2,1,2.0,2.0
201800022277,0018-01-25 08:10:00,18,1,25,8,10,290,232,"., PLUGUFFAN ROUTE DE",47.97822,-4.12971,Crépuscule ou aube,Hors agglomération,Hors intersection,Pluie légère,Deux véhicules - arrière,,,,,,,,,,,2,1,1,2.0,2.0
201800022278,0018-01-06 19:15:00,18,1,6,19,15,290,232,"., BRETAGNE BOULEVARD DE",47.98405,-4.12582,Nuit avec éclairage allumé,En agglomération,Hors intersection,Normale,Sans collision,,,,,,,,,,,5,2,1,1.0,7.0
201800022279,0018-01-20 17:20:00,18,1,20,17,20,290,232,"., POULGUINAN BOULEVARD",47.98427,-4.11308,Plein jour,En agglomération,Hors intersection,Pluie légère,Sans collision,,,,,,,,,,,1,2,1,2.0,7.0
201800022280,0018-02-01 12:00:00,18,2,1,12,0,290,232,FRANCE LIBRE  AVENUE DE,48.00548,-4.09762,Plein jour,En agglomération,Hors intersection,Normale,Deux véhicules - arrière,,,,,,,,,,,1,2,1,1.0,2.0
201800022281,0018-02-01 12:20:00,18,2,1,12,20,290,232,19 mars 1962,47.98876,-4.11114,Plein jour,En agglomération,Hors intersection,Normale,Sans collision,,,,,,,,,,,1,2,1,1.0,7.0
201800022282,0018-02-01 15:30:00,18,2,1,15,30,290,232,PRESIDENT ALLENDE BOULEV,47.99139,-4.07352,Plein jour,En agglomération,Giratoire,Normale,Deux véhicules - arrière,,,,,,,,,,,1,2,6,1.0,2.0
201800022283,0018-02-03 17:40:00,18,2,3,17,40,290,232,"25, COSQUER RUE DU",48.00207,-4.11186,Crépuscule ou aube,En agglomération,Hors intersection,Pluie légère,Autre collision,,,,,,,,,,,2,2,1,2.0,6.0
201800022284,0018-01-21 16:11:00,18,1,21,16,11,290,232,"., LOUIS LE GUENNEC",47.97931,-4.09564,Plein jour,En agglomération,Hors intersection,Pluie forte,Deux véhicules - côté,,,,,,,,,,,1,2,1,3.0,3.0
201800022285,0018-02-04 15:20:00,18,2,4,15,20,290,232,GOUNOD CHARLES RUE,47.99948,-4.09339,Plein jour,En agglomération,Hors intersection,Pluie légère,Sans collision,,,,,,,,,,,1,2,1,2.0,7.0
201800022286,0018-02-08 20:50:00,18,2,8,20,50,290,51,"., CORAY ROUTE DE",48.00066,-4.04878,Nuit avec éclairage allumé,Hors agglomération,Hors intersection,Normale,Deux véhicules - côté,,,,,,,,,,,5,1,1,1.0,3.0
201800022287,0018-02-07 11:35:00,18,2,7,11,35,290,232,"27, BAUDELAIRE CHARLES R",48.00383,-4.11238,Plein jour,En agglomération,Intersection en T,Normale,Deux véhicules - côté,,,,,,,,,,,1,2,3,1.0,3.0
201800022288,0018-02-08 15:15:00,18,2,8,15,15,290,51,Kersaux Chemin de,48.03013,-3.9812,Plein jour,Hors agglomération,Intersection en Y,Normale,Sans collision,,,,,,,,,,,1,1,4,1.0,7.0
201800022289,0018-02-09 13:50:00,18,2,9,13,50,290,232,"., LE GUENNEC LOUIS BOUL",47.97971,-4.10481,Plein jour,En agglomération,Autre intersection,Normale,Deux véhicules - arrière,,,,,,,,,,,1,2,9,1.0,2.0
201800022290,0018-02-16 09:15:00,18,2,16,9,15,290,232,"57, BLUM  LEON RUE",47.98636,-4.08036,Plein jour,En agglomération,Intersection en T,Normale,Deux véhicules - côté,,,,,,,,,,,1,2,3,1.0,3.0
201800022291,0018-02-24 19:45:00,18,2,24,19,45,290,51,"., RN 165",48.00041,-4.05173,Crépuscule ou aube,Hors agglomération,Hors intersection,Normale,Autre collision,,,,,,,,,,,2,1,1,1.0,6.0
201800022292,0018-03-01 14:45:00,18,3,1,14,45,290,232,"07, PROVENCE BOULEVARD D",47.98529,-4.12718,Plein jour,En agglomération,Hors intersection,Neige / grêle,Sans collision,,,,,,,,,,,1,2,1,4.0,7.0