accident_id,datetime,annee,mois,jour,heure,minute,departement,commune_insee,adresse,latitude,longitude,luminosite,agglomeration,intersection,meteo,collision,nb_vehicules,nb_usagers,nb_indemnes,nb_tues,nb_blesses_hosp,nb_blesses_legers,age_cond_1,age_cond_2,veh_type_cond_1,veh_type_cond_2,lum_code,agg_code,int_code,atm_code,col_code
201800022293,0018-01-01 08:15:00,18,1,1,8,15,290,232,"., POHER RUE DU",47.98307,-4.10536,Nuit avec éclairage allumé,En agglomération,Hors intersection,Pluie forte,Deux véhicules - côté,,,,,,,,,,,5,2,1,3.0,3.0
201800022294,0018-03-05 18:10:00,18,3,5,18,10,290,232,"., GUILLOU YVES RUE",47.98886,-4.0891,Plein jour,En agglomération,Hors intersection,Normale,Deux véhicules - frontale,,,,,,,,,,,1,2,1,1.0,1.0
201800022295,0018-03-06 11:15:00,18,3,6,11,15,290,232,"., THEPOT YVES AVENUE",47.98857,-4.08758,Plein jour,En agglomération,Hors intersection,Pluie légère,Deux véhicules - côté,,,,,,,,,,,1,2,1,2.0,3.0
201800022296,0018-03-08 14:53:00,18,3,8,14,53,290,232,"., GOURVILY AVENUE DE",48.01533,-4.08065,Plein jour,En agglomération,Hors intersection,Pluie légère,Autre collision,,,,,,,,,,,1,2,1,2.0,6.0
201800022297,0018-03-08 17:16:00,18,3,8,17,16,290,232,RN 165,48.03471,-4.08223,Plein jour,Hors agglomération,Hors intersection,Normale,Sans collision,,,,,,,,,,,1,1,1,1.0,7.0
201800022298,0018-03-09 15:22:00,18,3,9,15,22,290,232,"., LEBON PHILIPPE  ROND",47.99518,-4.07315,Plein jour,En agglomération,Giratoire,Temps couvert,Deux véhicules - arrière,,,,,,,,,,,1,2,6,8.0,2.0
201800022299,0018-03-11 08:45:00,18,3,11,8,45,290,232,"., TY BOS AVENUE DE",47.97308,-4.06499,Plein jour,Hors agglomération,Hors intersection,Pluie légère,Autre collision,,,,,,,,,,,1,1,1,2.0,6.0
201800022300,0018-03-09 16:25:00,18,3,9,16,25,290,232,"61, BENODET rue de",47.9853,-4.10623,Plein jour,En agglomération,Hors intersection,Pluie légère,Sans collision,,,,,,,,,,,1,2,1,2.0,7.0
201800022301,0018-03-19 21:25:00,18,3,19,21,25,290,232,BRIAND  ARISTIDE RUE,47.99509,-4.09661,Nuit avec éclairage non allumé,En agglomération,Hors intersection,Pluie légère,Sans collision,,,,,,,,,,,4,2,1,2.0,7.0
201800022302,0018-02-10 21:00:00,18,2,10,21,0,290,232,"., BARBUSSE HENRI RUE",47.99084,-4.07441,Nuit avec éclairage allumé,En agglomération,Hors intersection,Normale,Sans collision,,,,,,,,,,,5,2,1,1.0,7.0
201800022303,0018-03-21 23:18:00,18,3,21,23,18,290,232,"1BIS, RUE LE DANTEC",47.97855,-4.10378,Nuit avec éclairage allumé,En agglomération,Hors intersection,Normale,Autre collision,,,,,,,,,,,5,2,1,1.0,6.0
201800022304,0018-03-23 07:45:00,18,3,23,7,45,290,232,MASSE  ALEXANDRE PLACE,47.99736,-4.10032,Crépuscule ou aube,En agglomération,Giratoire,Normale,Sans collision,,,,,,,,,,,2,2,6,1.0,7.0
201800022305,0018-03-23 08:00:00,18,3,23,8,0,290,232,FLANDRES DUNKERQUE 1940,47.97992,-4.08082,Plein jour,Hors agglomération,Hors intersection,Normale,Deux véhicules - arrière,,,,,,,,,,,1,1,1,1.0,2.0
201800022306,0018-03-22 15:42:00,18,3,22,15,42,290,232,TOURBIE PLACE DE LA,47.99897,-4.10315,Plein jour,En agglomération,Autre intersection,Temps couvert,Autre collision,,,,,,,,,,,1,2,9,8.0,6.0
201800022307,0018-03-23 18:20:00,18,3,23,18,20,290,232,"124, BREST ROUTE DE",48.01005,-4.08132,Crépuscule ou aube,Hors agglomération,Hors intersection,Pluie forte,Deux véhicules - arrière,,,,,,,,,,,2,1,1,3.0,2.0
201800022308,0018-03-29 13:30:00,18,3,29,13,30,290,232,"49, PROVIDENCE RUE DE LA",47.99968,-4.1096,Plein jour,En agglomération,Hors intersection,Normale,Trois véhicules et plus - en chaîne,,,,,,,,,,,1,2,1,1.0,4.0
201800022309,0018-03-29 12:05:00,18,3,29,12,5,290,232,"55, AMIRAL DE KERGUELEN",47.59424,-4.6367,Plein jour,En agglomération,Hors intersection,Normale,Autre collision,,,,,,,,,,,1,2,1,1.0,6.0
201800022310,0018-03-30 15:50:00,18,3,30,15,50,290,232,"11, POHER RUE DU",47.98435,-4.10714,Plein jour,En agglomération,Hors intersection,Normale,Deux véhicules - côté,,,,,,,,,,,1,2,1,1.0,3.0
201800022311,0018-03-31 15:10:00,18,3,31,15,10,290,232,"37, AMIRAL DE KERGUELEN",47.99525,-4.09977,Plein jour,En agglomération,Hors intersection,Normale,Deux véhicules - arrière,,,,,,,,,,,1,2,1,1.0,2.0
201800022312,0018-03-17 11:05:00,18,3,17,11,5,290,232,Rte de Kerledan,48.0374,-4.08819,Plein jour,Hors agglomération,Hors intersection,Normale,Sans collision,,,,,,,,,,,1,1,1,1.0,7.0
201800022313,0018-03-16 22:14:00,18,3,16,22,14,290,232,BROSSOLETTE PIERRE ALLEE,47.99238,-4.08624,Nuit avec éclairage allumé,En agglomération,Hors intersection,Pluie légère,Autre collision,,,,,,,,,,,5,2,1,2.0,6.0
201800022314,0018-04-06 09:00:00,18,4,6,9,0,290,232,ROSPORDEN ROUTE DE,47.98125,-4.03259,Plein jour,Hors agglomération,Hors intersection,Normale,Deux véhicules - côté,,,,,,,,,,,1,1,1,1.0,3.0
201800022315,0018-03-04 12:35:00,18,3,4,12,35,290,232,"., KERIVOAL RUE",48.0068,-4.10964,Plein jour,En agglomération,Hors intersection,Normale,Autre collision,,,,,,,,,,,1,2,1,1.0,6.0
201800022316,0018-04-03 11:52:00,18,4,3,11,52,290,232,LIBERATION AVENUE DE LA,47.99097,-4.07397,Plein jour,En agglomération,Giratoire,Normale,Deux véhicules - arrière,,,,,,,,,,,1,2,6,1.0,2.0
201800022317,0018-04-11 12:25:00,18,4,11,12,25,290,232,PRESIDENT ALLENDE BOULEV,47.99349,-4.07319,Plein jour,En agglomération,Hors intersection,Normale,Deux véhicules - arrière,,,,,,,,,,,1,2,1,1.0,2.0
201800022318,0018-04-12 08:00:00,18,4,12,8,0,290,232,DE GAULLE  CHARLES PLACE,48.00373,-4.09827,Plein jour,En agglomération,Intersection en T,Normale,Autre collision,,,,,,,,,,,1,2,3,1.0,6.0
201800022319,0018-04-12 12:05:00,18,4,12,12,5,290,232,PONTIGOU RUE DU,48.00117,-4.11322,Plein jour,En agglomération,Hors intersection,Normale,Deux véhicules - arrière,,,,,,,,,,,1,2,1,1.0,2.0
201800022320,0018-04-15 01:55:00,18,4,15,1,55,290,232,VOIE EXPRESS QUIMPER - B,48.04867,-4.06602,Nuit sans éclairage public,Hors agglomération,Hors intersection,Normale,Deux véhicules - côté,,,,,,,,,,,3,1,1,1.0,3.0
201800022321,0018-03-02 13:10:00,18,3,2,13,10,290,232,"., LOC' H ROUTE DU",48.0128,-4.08846,Plein jour,En agglomération,Giratoire,Normale,Sans collision,,,,,,,,,,,1,2,6,1.0,7.0
201800022322,0018-04-19 17:25:00,18,4,19,17,25,290,232,LE GUENNEC LOUIS BOULEVA,47.98399,-4.1117,Plein jour,En agglomération,Autre intersection,Normale,Deux véhicules - côté,,,,,,,,,,,1,2,9,1.0,3.0
201800022323,0018-04-23 12:00:00,18,4,23,12,0,290,232,KERFEUNTEUN RUE DE,47.99939,-4.10243,Plein jour,En agglomération,Hors intersection,Normale,Autre collision,,,,,,,,,,,1,2,1,1.0,6.0
201800022324,0018-04-26 14:10:00,18,4,26,14,10,290,232,GUTENBERG BOULEVARD,47.58578,4.43104,Plein jour,En agglomération,Hors intersection,Normale,Deux véhicules - côté,,,,,,,,,,,1,2,1,1.0,3.0
201800022325,0018-04-28 16:35:00,18,4,28,16,35,290,232,MANOIR RUE DU,48.004,-4.10948,Plein jour,En agglomération,Intersection en X,Normale,Deux véhicules - frontale,,,,,,,,,,,1,2,2,1.0,1.0
201800022326,0018-04-28 21:00:00,18,4,28,21,0,290,51,CORAY ROUTE DE,48.01048,-4.025,Crépuscule ou aube,Hors agglomération,Hors intersection,Normale,Sans collision,,,,,,,,,,,2,1,1,1.0,7.0
201800022327,0018-05-03 09:30:00,18,5,3,9,30,290,232,164 BREST ROUTE DE,48.0161,-4.08236,Plein jour,En agglomération,Hors intersection,Normale,Deux véhicules - côté,,,,,,,,,,,1,2,1,1.0,3.0
201800022328,0018-05-07 14:45:00,18,5,7,14,45,290,232,MORBIHAN AVENUE DU,47.97851,-4.05751,Plein jour,Hors agglomération,Hors intersection,Temps éblouissant,Autre collision,,,,,,,,,,,1,1,1,7.0,6.0
201800022329,0018-05-08 21:20:00,18,5,8,21,20,290,232,GUTENBERG BOULEVARD,47.98043,-4.07899,Plein jour,En agglomération,Hors intersection,Normale,Deux véhicules - côté,,,,,,,,,,,1,2,1,1.0,3.0
201800022330,0018-05-10 22:31:00,18,5,10,22,31,290,232,RN 165,48.01591,-4.07938,Nuit sans éclairage public,Hors agglomération,Hors intersection,Normale,Autre collision,,,,,,,,,,,3,1,1,1.0,6.0
201800022331,0018-05-13 08:55:00,18,5,13,8,55,290,232,EAU BLANCHE ROND POINT D,47.99018,-4.07363,Plein jour,En agglomération,Giratoire,Normale,Deux véhicules - côté,,,,,,,,,,,1,2,6,1.0,3.0
201800022332,0018-05-11 11:15:00,18,5,11,11,15,290,232,ROSPORDEN VIEILLE ROUTE,47.98687,-4.05956,Plein jour,En agglomération,Hors intersection,Normale,Deux véhicules - arrière,,,,,,,,,,,1,2,1,1.0,2.0
201800022333,0018-05-15 15:17:00,18,5,15,15,17,290,232,PONT L'ABBE ROUTE DE,47.98261,-4.12054,Plein jour,En agglomération,Hors intersection,Normale,Deux véhicules - côté,,,,,,,,,,,1,2,1,1.0,3.0
201800022334,0018-05-15 13:45:00,18,5,15,13,45,290,232,CROIX DES GARDIENS  ROND,48.01048,-4.0957,Plein jour,En agglomération,Giratoire,Normale,Trois véhicules et plus - en chaîne,,,,,,,,,,,1,2,6,1.0,4.0
201800022335,0018-05-16 14:40:00,18,5,16,14,40,290,232,LENDU ROUTE DU,47.95116,-4.06074,Plein jour,Hors agglomération,Hors intersection,Normale,Autre collision,,,,,,,,,,,1,1,1,1.0,6.0
201800022336,0018-05-18 07:30:00,18,5,18,7,30,290,51,ROUILLEN AVENUE,47.99917,-4.05429,Plein jour,En agglomération,Intersection en X,Normale,Deux véhicules - côté,,,,,,,,,,,1,2,2,1.0,3.0
201800022337,0018-05-23 07:45:00,18,5,23,7,45,290,232,PRESIDENT ALLENDE BOULEV,48.00329,-4.08385,Plein jour,En agglomération,Giratoire,Normale,Autre collision,,,,,,,,,,,1,2,6,1.0,6.0
201800022338,0018-05-22 12:20:00,18,5,22,12,20,290,51,ROUILLEN AVENUE,47.99576,-4.06379,Plein jour,En agglomération,Intersection en T,Normale,Deux véhicules - côté,,,,,,,,,,,1,2,3,1.0,3.0
201800022339,0018-05-25 19:53:00,18,5,25,19,53,290,232,PLUGUFFAN ROUTE DE,47.9799,-4.12106,Plein jour,En agglomération,Hors intersection,Pluie forte,Autre collision,,,,,,,,,,,1,2,1,3.0,6.0
201800022340,0018-05-27 19:30:00,18,5,27,19,30,290,232,GLAIEULS IMPASSE DES,47.99814,-4.1319,Plein jour,En agglomération,Intersection en T,Normale,Deux véhicules - arrière,,,,,,,,,,,1,2,3,1.0,2.0
201800022341,0018-05-29 11:05:00,18,5,29,11,5,290,232,STANG AR C'HOAT RUE,47.9992,-4.09653,Plein jour,En agglomération,Hors intersection,Pluie légère,Autre collision,,,,,,,,,,,1,2,1,2.0,6.0
201800022342,0018-05-29 15:21:00,18,5,29,15,21,290,232,FLANDRES DUNKERQUE 1940,47.97996,-4.08697,Plein jour,Hors agglomération,Hors intersection,Pluie forte,Deux véhicules - côté,,,,,,,,,,,1,1,1,3.0,3.0
201800022343,0018-05-31 10:25:00,18,5,31,10,25,290,232,LE GUENNEC LOUIS BOULEVA,47.592,-4.646,Plein jour,En agglomération,Hors intersection,Pluie légère,Autre collision,,,,,,,,,,,1,2,1,2.0,6.0
201800022344,0018-06-04 18:30:00,18,6,4,18,30,290,232,EAU BLANCHE  ROND POINT,47.99117,-4.07373,Plein jour,En agglomération,Giratoire,Pluie légère,Sans collision,,,,,,,,,,,1,2,6,2.0,7.0
201800022345,0018-06-06 03:07:00,18,6,6,3,7,290,232,BENODET ROUTE DE,47.56585,4.43096,Nuit sans éclairage public,Hors agglomération,Hors intersection,Normale,Autre collision,,,,,,,,,,,3,1,1,1.0,6.0
201800022346,0018-06-06 08:59:00,18,6,6,8,59,290,232,SULLY ALLEE,48.01081,-4.10742,Plein jour,En agglomération,Intersection en X,Normale,Deux véhicules - côté,,,,,,,,,,,1,2,2,1.0,3.0
201800022347,0018-06-10 17:25:00,18,6,10,17,25,290,232,POULGUINAN BOULEVARD DE,47.97948,-4.12141,Plein jour,Hors agglomération,Hors intersection,Temps couvert,Autre collision,,,,,,,,,,,1,1,1,8.0,6.0
201800022348,0018-06-13 18:05:00,18,6,13,18,5,290,232,LUDUGRIS  ROND POINT DE,47.97957,-4.12266,Plein jour,En agglomération,Hors intersection,Normale,Deux véhicules - côté,,,,,,,,,,,1,2,1,1.0,3.0
201800022349,0018-06-15 17:41:00,18,6,15,17,41,290,232,LIBERATION AVENUE DE LA,47.99252,-4.0827,Plein jour,En agglomération,Hors intersection,Normale,Deux véhicules - arrière,,,,,,,,,,,1,2,1,1.0,2.0
201800022350,0018-06-17 08:46:00,18,6,17,8,46,290,232,BRIAND  ARISTIDE RUE,47.99483,-4.09649,Plein jour,En agglomération,Autre intersection,Normale,Deux véhicules - côté,,,,,,,,,,,1,2,9,1.0,3.0
201800022351,0018-06-17 23:50:00,18,6,17,23,50,290,232,BENODET ROUTE DE,47.96332,-4.08382,Nuit avec éclairage allumé,Hors agglomération,Giratoire,Pluie légère,Autre collision,,,,,,,,,,,5,1,6,2.0,6.0
201800022352,0018-06-18 04:30:00,18,6,18,4,30,290,232,VOIE EXPRESS QUIMPER - B,48.00917,-4.06686,Nuit sans éclairage public,Hors agglomération,Hors intersection,Pluie légère,Sans collision,,,,,,,,,,,3,1,1,2.0,7.0
201800022353,0018-06-08 18:10:00,18,6,8,18,10,290,232,ARMAND LOUIS PLACE,47.99454,-4.09352,Plein jour,En agglomération,Hors intersection,Normale,Autre collision,,,,,,,,,,,1,2,1,1.0,6.0
201800022354,0018-06-19 19:00:00,18,6,19,19,0,290,232,DEESSE RUE DE LA,47.99335,-4.10567,Plein jour,En agglomération,Intersection en T,Normale,Deux véhicules - côté,,,,,,,,,,,1,2,3,1.0,3.0
201800022355,0018-06-20 16:55:00,18,6,20,16,55,290,232,BLUM  LEON RUE,47.98622,-4.08006,Plein jour,En agglomération,Hors intersection,Normale,Trois véhicules et plus - en chaîne,,,,,,,,,,,1,2,1,1.0,4.0
201800022356,0018-06-24 10:40:00,18,6,24,10,40,290,232,PLOGONNEC ROUTE DE,48.0383,-4.11986,Plein jour,Hors agglomération,Intersection en X,Normale,Deux véhicules - arrière,,,,,,,,,,,1,1,2,1.0,2.0
201800022357,0018-06-19 20:07:00,18,6,19,20,7,290,51,rue Per Jakes helias,47.9976,-4.05212,Plein jour,En agglomération,Intersection en X,Normale,Deux véhicules - côté,,,,,,,,,,,1,2,2,1.0,3.0
201800022358,0018-06-25 12:10:00,18,6,25,12,10,290,232,56 AV DE KERADENNEC,47.97629,-4.07841,Plein jour,En agglomération,Autre intersection,Normale,Deux véhicules - côté,,,,,,,,,,,1,2,9,1.0,3.0
201800022359,0018-06-27 10:00:00,18,6,27,10,0,290,232,DUNANT HENRI RUE,48.00384,-4.08852,Plein jour,En agglomération,Hors intersection,Normale,Autre collision,,,,,,,,,,,1,2,1,1.0,6.0
201800022360,0018-06-28 07:33:00,18,6,28,7,33,290,232,PLUGUFFAN ROUTE DE,47.97903,-4.12481,Plein jour,En agglomération,Hors intersection,Normale,Autre collision,,,,,,,,,,,1,2,1,1.0,6.0
201800022361,0018-06-13 19:00:00,18,6,13,19,0,290,232,PLOGONNEC ROUTE DE,48.05911,-4.15108,Plein jour,Hors agglomération,Hors intersection,Temps éblouissant,Deux véhicules - arrière,,,,,,,,,,,1,1,1,7.0,2.0
201800022362,0018-06-28 19:00:00,18,6,28,19,0,290,232,PONT L'ABBE ROUTE DE,47.9856,-4.12037,Plein jour,En agglomération,Hors intersection,Normale,Deux véhicules - arrière,,,,,,,,,,,1,2,1,1.0,2.0
201800022363,0018-07-01 19:15:00,18,7,1,19,15,290,232,ILE D' HOEDIC RUE DE L',47.98578,-4.08431,Plein jour,En agglomération,Hors intersection,Normale,Sans collision,,,,,,,,,,,1,2,1,1.0,7.0
201800022364,0018-07-10 11:15:00,18,7,10,11,15,290,232,AMIRAL RONARC'H RUE,47.99531,-4.10822,Plein jour,En agglomération,Intersection en X,Normale,Autre collision,,,,,,,,,,,1,2,2,1.0,6.0
201800022365,0018-07-06 06:00:00,18,7,6,6,0,290,232,BENODET ROUTE DE,47.93777,-4.07059,Crépuscule ou aube,Hors agglomération,Hors intersection,Normale,Autre collision,,,,,,,,,,,2,1,1,1.0,6.0
201800022366,0018-07-11 07:36:00,18,7,11,7,36,290,232,LE GUENNEC LOUIS BOULEVA,47.98571,-4.11243,Plein jour,En agglomération,Hors intersection,Normale,Sans collision,,,,,,,,,,,1,2,1,1.0,7.0
201800022367,0018-07-12 14:50:00,18,7,12,14,50,290,232,118 EME R.I PLACE DU,47.99499,-4.10934,Plein jour,En agglomération,Hors intersection,Normale,Deux véhicules - arrière,,,,,,,,,,,1,2,1,1.0,2.0
201800022368,0018-07-03 21:20:00,18,7,3,21,20,290,51,CORAY ROUTE DE,48.0285,-3.95588,Plein jour,Hors agglomération,Hors intersection,Pluie légère,Autre collision,,,,,,,,,,,1,1,1,2.0,6.0
201800022369,0018-07-15 02:05:00,18,7,15,2,5,290,232,ROUILLEN   ROND POINT DE,47.99408,-4.06704,Nuit avec éclairage allumé,En agglomération,Giratoire,Normale,Sans collision,,,,,,,,,,,5,2,6,1.0,7.0
201800022370,0018-07-18 15:30:00,18,7,18,15,30,290,232,ZOLA EMILE RUE,47.98578,-4.09854,Plein jour,En agglomération,Hors intersection,Normale,Deux véhicules - arrière,,,,,,,,,,,1,2,1,1.0,2.0
201800022371,0018-07-20 11:45:00,18,7,20,11,45,290,232,GARE AVENUE DE LA,47.99449,-4.09459,Plein jour,En agglomération,Hors intersection,Normale,Autre collision,,,,,,,,,,,1,2,1,1.0,6.0
201800022372,0018-07-21 15:40:00,18,7,21,15,40,290,232,ERGUE ARMEL BOULEVARD D',47.99014,-4.07397,Plein jour,En agglomération,Giratoire,Normale,Sans collision,,,,,,,,,,,1,2,6,1.0,7.0
201800022373,0018-07-24 19:39:00,18,7,24,19,39,290,232,LE DEAN AIME JEAN RUE,47.99319,-4.09438,Plein jour,En agglomération,Hors intersection,Normale,Deux véhicules - côté,,,,,,,,,,,1,2,1,1.0,3.0
201800022374,0018-07-25 13:40:00,18,7,25,13,40,290,232,FRANCE BOULEVARD DE,47.98326,-4.12962,Plein jour,En agglomération,Hors intersection,Normale,Autre collision,,,,,,,,,,,1,2,1,1.0,6.0
201800022375,0018-07-27 12:00:00,18,7,27,12,0,290,51,CORAY ROUTE DE,48.02842,-3.9588,Plein jour,Hors agglomération,Intersection en T,Normale,Sans collision,,,,,,,,,,,1,1,3,1.0,7.0
201800022376,0018-07-29 12:40:00,18,7,29,12,40,290,232,ERGUE ARMEL BOULEVARD D',47.99003,-4.07392,Plein jour,En agglomération,Hors intersection,Pluie forte,Autre collision,,,,,,,,,,,1,2,1,3.0,6.0
201800022377,0018-07-29 20:30:00,18,7,29,20,30,290,232,MASSE ALEXANDRE ROND POI,47.99699,-4.10046,Plein jour,En agglomération,Giratoire,Pluie légère,Sans collision,,,,,,,,,,,1,2,6,2.0,7.0
201800022378,0018-07-31 08:40:00,18,7,31,8,40,290,232,ROSPORDEN ROUTE DE,47.9824,-4.0406,Plein jour,En agglomération,Intersection en T,Temps couvert,Deux véhicules - arrière,,,,,,,,,,,1,2,3,8.0,2.0
201800022379,0018-07-31 19:35:00,18,7,31,19,35,290,232,VERGER (ALLEE DU),47.99982,-4.09754,Plein jour,En agglomération,Hors intersection,Normale,Autre collision,,,,,,,,,,,1,2,1,1.0,6.0
201800022380,0018-08-02 16:15:00,18,8,2,16,15,290,232,PONT L'ABBE ROUTE DE,47.98117,-4.12118,Plein jour,En agglomération,Autre intersection,Normale,Autre collision,,,,,,,,,,,1,2,9,1.0,6.0
201800022381,0018-08-02 18:19:00,18,8,2,18,19,290,232,KERUSTUM  ROND POINT DE,47.9794,-4.09525,Plein jour,En agglomération,Hors intersection,Normale,Deux véhicules - côté,,,,,,,,,,,1,2,1,1.0,3.0
201800022382,0018-08-03 00:43:00,18,8,3,0,43,290,232,LUDUGRIS  ROND POINT DE,47.97973,-4.12159,Nuit avec éclairage non allumé,En agglomération,Giratoire,Normale,Autre collision,,,,,,,,,,,4,2,6,1.0,6.0
201800022383,0018-08-12 14:10:00,18,8,12,14,10,290,232,KERUSTUM  ROND POINT DE,47.97952,-4.09499,Plein jour,En agglomération,Giratoire,Normale,Deux véhicules - côté,,,,,,,,,,,1,2,6,1.0,3.0
201800022384,0018-08-20 16:04:00,18,8,20,16,4,290,232,CNO,48.0052,-4.13109,Plein jour,Hors agglomération,Hors intersection,Temps éblouissant,Autre collision,,,,,,,,,,,1,1,1,7.0,6.0
201800022385,0018-08-21 19:34:00,18,8,21,19,34,290,232,PARC RUE DU,47.99452,-4.10432,Plein jour,En agglomération,Intersection en T,Normale,Autre collision,,,,,,,,,,,1,2,3,1.0,6.0
201800022386,0018-09-01 15:55:00,18,9,1,15,55,290,232,PARK MENEZ RUE DE,48.00525,-4.10062,Plein jour,En agglomération,Intersection en X,Normale,Deux véhicules - côté,,,,,,,,,,,1,2,2,1.0,3.0
201800022387,0018-09-02 06:35:00,18,9,2,6,35,290,232,FLANDRES DUNKERQUE 1940,47.97996,-4.08748,Nuit sans éclairage public,En agglomération,Hors intersection,Normale,Autre collision,,,,,,,,,,,3,2,1,1.0,6.0
201800022388,0018-09-05 02:35:00,18,9,5,2,35,290,232,BENODET ROUTE DE,47.9358,-4.06985,Nuit sans éclairage public,Hors agglomération,Hors intersection,Normale,Sans collision,,,,,,,,,,,3,1,1,1.0,7.0
201800022389,0018-09-07 21:55:00,18,9,7,21,55,290,232,LE GOFFIC CHARLES RUE,47.98368,-4.05599,Nuit avec éclairage allumé,En agglomération,Hors intersection,Normale,Sans collision,,,,,,,,,,,5,2,1,1.0,7.0
201800022390,0018-09-05 20:10:00,18,9,5,20,10,290,232,PONT L'ABBE ROUTE DE,47.98825,4.11967,Plein jour,En agglomération,Hors intersection,Normale,Trois véhicules et plus - collisions multiples,,,,,,,,,,,1,2,1,1.0,5.0
201800022391,0018-09-11 10:25:00,18,9,11,10,25,290,232,FRANCE BOULEVARD DE,47.99031,-4.12602,Plein jour,En agglomération,Hors intersection,Normale,Sans collision,,,,,,,,,,,1,2,1,1.0,7.0
201800022392,0018-09-12 15:00:00,18,9,12,15,0,290,51,CORAY ROUTE DE,48.004,-4.03412,Plein jour,Hors agglomération,Hors intersection,Pluie légère,Sans collision,,,,,,,,,,,1,1,1,2.0,7.0
201800022393,0018-09-14 07:45:00,18,9,14,7,45,290,232,BENODET ROUTE DE,47.97474,-4.09145,Crépuscule ou aube,En agglomération,Hors intersection,Normale,Sans collision,,,,,,,,,,,2,2,1,1.0,7.0
201800022394,0018-09-14 09:00:00,18,9,14,9,0,290,232,SEMINAIRE  ROND POINT DU,47.9911,-4.1265,Plein jour,En agglomération,Giratoire,Temps éblouissant,Autre collision,,,,,,,,,,,1,2,6,7.0,6.0
201800022395,0018-09-14 17:58:00,18,9,14,17,58,290,232,REMSCHEID AVENUE DE,47.98186,-4.09525,Plein jour,En agglomération,Hors intersection,Normale,Deux véhicules - côté,,,,,,,,,,,1,2,1,1.0,3.0
201800022396,0018-09-15 10:50:00,18,9,15,10,50,290,232,TOURBIE PLACE DE LA,47.99881,-4.10264,Plein jour,En agglomération,Place,Normale,Autre collision,,,,,,,,,,,1,2,7,1.0,6.0
201800022397,0018-09-18 21:26:00,18,9,18,21,26,290,232,KERFEUNTEUN RUE DE,48.00507,-4.09785,Nuit avec éclairage allumé,En agglomération,Hors intersection,Normale,Deux véhicules - arrière,,,,,,,,,,,5,2,1,1.0,2.0
201800022398,0018-09-18 16:22:00,18,9,18,16,22,290,232,LUZEL RUE,47.99662,-4.10006,Plein jour,En agglomération,Hors intersection,Normale,Autre collision,,,,,,,,,,,1,2,1,1.0,6.0
201800022399,0018-09-20 17:50:00,18,9,20,17,50,290,232,ERGUE ARMEL  ROND POINT,47.98292,-4.0743,Plein jour,En agglomération,Hors intersection,Normale,Deux véhicules - arrière,,,,,,,,,,,1,2,1,1.0,2.0
201800022400,0018-09-21 12:50:00,18,9,21,12,50,290,232,DOUARNENEZ ROUTE DE,47.99909,-4.14111,Plein jour,Hors agglomération,Hors intersection,Normale,Deux véhicules - arrière,,,,,,,,,,,1,1,1,1.0,2.0
201800022401,0018-09-22 06:32:00,18,9,22,6,32,290,232,DE GAULLE  CHARLES PLACE,48.00374,-4.09709,Nuit avec éclairage allumé,En agglomération,Hors intersection,Normale,Autre collision,,,,,,,,,,,5,2,1,1.0,6.0
201800022402,0018-09-23 05:30:00,18,9,23,5,30,290,232,KERUSTUM  ROND POINT DE,47.97902,-4.09515,Nuit avec éclairage allumé,En agglomération,Autre intersection,Pluie légère,Autre collision,,,,,,,,,,,5,2,9,2.0,6.0
201800022403,0018-09-23 12:05:00,18,9,23,12,5,290,232,MORBIHAN AVENUE DU,47.97861,-4.0167,Plein jour,En agglomération,Hors intersection,Pluie légère,Sans collision,,,,,,,,,,,1,2,1,2.0,7.0
201800022404,0018-09-29 18:45:00,18,9,29,18,45,290,232,STANG AR C'HOAT RUE,47.99937,-4.09626,Plein jour,En agglomération,Intersection en X,Normale,Deux véhicules - côté,,,,,,,,,,,1,2,2,1.0,3.0
201800022405,0018-09-30 06:25:00,18,9,30,6,25,290,232,BENODET ROUTE DE,47.95191,-4.0769,Nuit sans éclairage public,Hors agglomération,Hors intersection,Normale,Autre collision,,,,,,,,,,,3,1,1,1.0,6.0
201800022406,0018-10-03 16:45:00,18,10,3,16,45,290,232,POHER RUE DU,47.9835,-4.10832,Plein jour,En agglomération,Hors intersection,Normale,Autre collision,,,,,,,,,,,1,2,1,1.0,6.0
201800022407,0018-10-05 14:15:00,18,10,5,14,15,290,232,FALKIRK RUE DE,47.99545,-4.10823,Plein jour,En agglomération,Hors intersection,Normale,Autre collision,,,,,,,,,,,1,2,1,1.0,6.0
201800022408,0018-10-20 09:45:00,18,10,20,9,45,290,232,149 tte de BREST,48.01497,-4.08185,Plein jour,En agglomération,Giratoire,Temps éblouissant,Autre collision,,,,,,,,,,,1,2,6,7.0,6.0
201800022409,0018-10-22 17:30:00,18,10,22,17,30,290,232,BREST ROUTE DE,48.0017,-4.08509,Plein jour,En agglomération,Hors intersection,Normale,Deux véhicules - côté,,,,,,,,,,,1,2,1,1.0,3.0
201800022410,0018-10-24 11:05:00,18,10,24,11,5,290,232,BREST ROUTE DE,48.01723,-4.083,Plein jour,En agglomération,Hors intersection,Normale,Deux véhicules - arrière,,,,,,,,,,,1,2,1,1.0,2.0
201800022411,0018-10-24 16:26:00,18,10,24,16,26,290,51,CORAY ROUTE DE,48.00949,-4.02682,Plein jour,Hors agglomération,Hors intersection,Normale,Trois véhicules et plus - collisions multiples,,,,,,,,,,,1,1,1,1.0,5.0
201800022412,0018-10-26 16:00:00,18,10,26,16,0,290,232,FLANDRES DUNKERQUE 1940,47.97997,-4.08798,Plein jour,En agglomération,Hors intersection,Normale,Autre collision,,,,,,,,,,,1,2,1,1.0,6.0
201800022413,0018-10-29 14:30:00,18,10,29,14,30,290,232,FLANDRES DUNKERQUE 1940,47.97958,-4.09147,Plein jour,En agglomération,Hors intersection,Normale,Sans collision,,,,,,,,,,,1,2,1,1.0,7.0