accident_id,datetime,annee,mois,jour,heure,minute,departement,commune_insee,adresse,latitude,longitude,luminosite,agglomeration,intersection,meteo,collision,nb_vehicules,nb_usagers,nb_indemnes,nb_tues,nb_blesses_hosp,nb_blesses_legers,age_cond_1,age_cond_2,veh_type_cond_1,veh_type_cond_2,lum_code,agg_code,int_code,atm_code,col_code
201800023011,0018-04-02 11:55:00,18,4,2,11,55,310,555,ALL DE BARCELONE,43.60893,1.42436,Plein jour,En agglomération,Hors intersection,Normale,Autre collision,,,,,,,,,,,1,2,1,1.0,6.0
201800023012,0018-04-01 18:00:00,18,4,1,18,0,310,555,VA007331 A620,43.59447,1.3975,Plein jour,Hors agglomération,Hors intersection,Normale,Deux véhicules - arrière,,,,,,,,,,,1,1,1,1.0,2.0
201800023013,0018-04-02 19:25:00,18,4,2,19,25,310,555,AV DE GRANDE BRETAGNE,43.60605,1.40161,Plein jour,En agglomération,Hors intersection,Normale,Deux véhicules - côté,,,,,,,,,,,1,2,1,1.0,3.0
201800023014,0018-04-03 14:15:00,18,4,3,14,15,310,555,VA007306 A64,43.56465,1.41847,Plein jour,Hors agglomération,Hors intersection,Normale,Deux véhicules - arrière,,,,,,,,,,,1,1,1,1.0,2.0
201800023015,0018-04-04 08:01:00,18,4,4,8,1,310,555,RUE DES COSMONAUTES,43.55995,1.4962,Plein jour,En agglomération,Hors intersection,Normale,Autre collision,,,,,,,,,,,1,2,1,1.0,6.0
201800023016,0018-04-04 09:00:00,18,4,4,9,0,310,555,RTE DE SAINT SIMON,43.58633,1.40573,Plein jour,En agglomération,Hors intersection,Normale,Autre collision,,,,,,,,,,,1,2,1,1.0,6.0
201800023017,0018-04-04 11:10:00,18,4,4,11,10,310,555,CHE CASSAING,43.61679,1.47758,Plein jour,En agglomération,Hors intersection,Normale,Deux véhicules - côté,,,,,,,,,,,1,2,1,1.0,3.0
201800023018,0018-04-05 08:35:00,18,4,5,8,35,310,557,TOUCH (CH DU),43.59098,1.36488,Plein jour,En agglomération,Hors intersection,Normale,Autre collision,,,,,,,,,,,1,2,1,1.0,6.0
201800023019,0018-04-05 08:25:00,18,4,5,8,25,310,555,VA007331 A620,43.58296,1.40409,Plein jour,Hors agglomération,Hors intersection,Normale,Trois véhicules et plus - en chaîne,,,,,,,,,,,1,1,1,1.0,4.0
201800023020,0018-04-06 18:15:00,18,4,6,18,15,310,555,VA007553 A61,43.6043,1.48572,Plein jour,Hors agglomération,Hors intersection,Normale,Deux véhicules - côté,,,,,,,,,,,1,1,1,1.0,3.0
201800023021,0018-04-06 16:30:00,18,4,6,16,30,310,149,PIBRAC (ROUTE DE),43.61504,1.29792,Plein jour,En agglomération,Hors intersection,Normale,Trois véhicules et plus - collisions multiples,,,,,,,,,,,1,2,1,1.0,5.0
201800023022,0018-04-08 21:10:00,18,4,8,21,10,310,555,Alle Serge RAVANEL,43.59411,1.45249,Nuit avec éclairage allumé,En agglomération,Hors intersection,Pluie légère,Autre collision,,,,,,,,,,,5,2,1,2.0,6.0
201800023023,0018-04-09 08:00:00,18,4,9,8,0,310,555,AV DE REYNERIE,43.56744,1.40573,Plein jour,En agglomération,Hors intersection,Normale,Deux véhicules - arrière,,,,,,,,,,,1,2,1,1.0,2.0
201800023024,0018-04-01 06:15:00,18,4,1,6,15,310,555,VA007331 A620,43.57343,1.41017,Nuit avec éclairage allumé,Hors agglomération,Hors intersection,Normale,Autre collision,,,,,,,,,,,5,1,1,1.0,6.0
201800023025,0018-04-10 12:15:00,18,4,10,12,15,310,555,AV DU GENERAL EISENHOWER,43.56335,1.38746,Plein jour,En agglomération,Hors intersection,Normale,Trois véhicules et plus - en chaîne,,,,,,,,,,,1,2,1,1.0,4.0
201800023026,0018-04-11 15:30:00,18,4,11,15,30,310,555,NARBONNE (ROUTE DE),43.5699,1.45557,Plein jour,En agglomération,Intersection en T,Normale,Deux véhicules - côté,,,,,,,,,,,1,2,3,1.0,3.0
201800023027,0018-04-11 22:50:00,18,4,11,22,50,310,555,VA007342 LA CEPIERE  A62,43.58682,1.4013,Nuit avec éclairage allumé,Hors agglomération,Hors intersection,Normale,Deux véhicules - côté,,,,,,,,,,,5,1,1,1.0,3.0
201800023028,0018-04-13 14:00:00,18,4,13,14,0,310,555,VA007355 PURPAN A620 Sor,43.60299,1.40008,Plein jour,Hors agglomération,Hors intersection,Normale,Deux véhicules - arrière,,,,,,,,,,,1,1,1,1.0,2.0
201800023029,0018-04-13 06:15:00,18,4,13,6,15,310,555,VA007331 A620,43.5757,1.44124,Nuit sans éclairage public,Hors agglomération,Hors intersection,Normale,Trois véhicules et plus - collisions multiples,,,,,,,,,,,3,1,1,1.0,5.0
201800023030,0018-04-13 17:50:00,18,4,13,17,50,310,555,RTE D AGDE,43.61233,1.47036,Plein jour,En agglomération,Hors intersection,Normale,Deux véhicules - côté,,,,,,,,,,,1,2,1,1.0,3.0
201800023031,0018-04-16 08:50:00,18,4,16,8,50,310,149,RN124,43.60562,1.29821,Plein jour,Hors agglomération,Hors intersection,Normale,Trois véhicules et plus - collisions multiples,,,,,,,,,,,1,1,1,1.0,5.0
201800023032,0018-04-17 17:40:00,18,4,17,17,40,310,555,VA007342 LA CEPIERE  A62,43.58341,1.40382,Plein jour,Hors agglomération,Hors intersection,Normale,Trois véhicules et plus - collisions multiples,,,,,,,,,,,1,1,1,1.0,5.0
201800023033,0018-04-17 19:16:00,18,4,17,19,16,310,555,VA008482 A624,43.60469,1.39856,Plein jour,Hors agglomération,Hors intersection,Normale,Trois véhicules et plus - collisions multiples,,,,,,,,,,,1,1,1,1.0,5.0
201800023034,0018-04-18 18:10:00,18,4,18,18,10,310,555,BOULINGRIN (ROND POINT D,43.59604,1.45391,Plein jour,En agglomération,Hors intersection,Normale,Trois véhicules et plus - collisions multiples,,,,,,,,,,,1,2,1,1.0,5.0
201800023035,0018-04-19 18:10:00,18,4,19,18,10,310,555,AV LOUIS BAZERQUE,43.57947,1.395,Plein jour,En agglomération,Hors intersection,Normale,Deux véhicules - arrière,,,,,,,,,,,1,2,1,1.0,2.0
201800023036,0018-04-20 11:20:00,18,4,20,11,20,310,555,BD DE STRASBOURG,43.61006,1.44406,Plein jour,En agglomération,Hors intersection,Normale,Deux véhicules - côté,,,,,,,,,,,1,2,1,1.0,3.0
201800023037,0018-04-21 06:45:00,18,4,21,6,45,310,555,BRIENNE (ALL DE) DU 1AU,43.60937,1.42149,Plein jour,En agglomération,Hors intersection,Normale,Autre collision,,,,,,,,,,,1,2,1,1.0,6.0
201800023038,0018-04-23 19:20:00,18,4,23,19,20,310,555,AV CRAMPEL,43.58624,1.45703,Plein jour,En agglomération,Hors intersection,Normale,Deux véhicules - côté,,,,,,,,,,,1,2,1,1.0,3.0
201800023039,0018-04-26 06:15:00,18,4,26,6,15,310,555,CHE D AUDIBERT,43.63674,1.43909,Crépuscule ou aube,En agglomération,Giratoire,Normale,Deux véhicules - côté,,,,,,,,,,,2,2,6,1.0,3.0
201800023040,0018-04-26 08:00:00,18,4,26,8,0,310,555,RUE BERTRAND DE BORN,43.6093,1.45115,Plein jour,En agglomération,Intersection en X,Normale,Deux véhicules - côté,,,,,,,,,,,1,2,2,1.0,3.0
201800023041,0018-04-26 10:10:00,18,4,26,10,10,310,555,AV DE FRONTON,43.64603,1.43325,Plein jour,En agglomération,Hors intersection,Normale,Trois véhicules et plus - collisions multiples,,,,,,,,,,,1,2,1,1.0,5.0
201800023042,0018-04-26 15:41:00,18,4,26,15,41,310,69,FIL D'ARIANE (RD902),43.64493,1.37624,Plein jour,En agglomération,Hors intersection,Normale,Autre collision,,,,,,,,,,,1,2,1,1.0,6.0
201800023043,0018-04-26 17:10:00,18,4,26,17,10,310,555,CHE DE LESTANG,43.56258,1.39508,Plein jour,En agglomération,Hors intersection,Normale,Trois véhicules et plus - en chaîne,,,,,,,,,,,1,2,1,1.0,4.0
201800023044,0018-04-26 18:40:00,18,4,26,18,40,310,149,SELERY (CHEMIN DE),43.62136,1.31041,Plein jour,En agglomération,Hors intersection,Normale,Deux véhicules - côté,,,,,,,,,,,1,2,1,1.0,3.0
201800023045,0018-04-27 04:50:00,18,4,27,4,50,310,555,AV CAMILLE PUJOL,43.60071,1.46799,Nuit avec éclairage allumé,En agglomération,Hors intersection,Normale,Deux véhicules - côté,,,,,,,,,,,5,2,1,1.0,3.0
201800023046,0018-04-17 07:10:00,18,4,17,7,10,310,555,RD PT JEAN LLANTE,43.56384,1.40302,Plein jour,En agglomération,Hors intersection,Normale,Deux véhicules - côté,,,,,,,,,,,1,2,1,1.0,3.0
201800023047,0018-04-27 09:45:00,18,4,27,9,45,310,555,STRASBOURG (BD DE) DU 2A,43.60835,1.44582,Plein jour,En agglomération,Autre intersection,Normale,Autre collision,,,,,,,,,,,1,2,9,1.0,6.0
201800023048,0018-04-27 12:00:00,18,4,27,12,0,310,555,RUE ALAIN FOURNIER,43.60749,1.36692,Plein jour,En agglomération,Hors intersection,Normale,Autre collision,,,,,,,,,,,1,2,1,1.0,6.0
201800023049,0018-04-28 16:25:00,18,4,28,16,25,310,555,AV D ELCHE,43.62383,1.41944,Plein jour,En agglomération,Hors intersection,Normale,Deux véhicules - côté,,,,,,,,,,,1,2,1,1.0,3.0
201800023050,0018-04-29 16:30:00,18,4,29,16,30,310,555,VA007331 A620,43.56863,1.41606,Plein jour,Hors agglomération,Hors intersection,Pluie forte,Deux véhicules - côté,,,,,,,,,,,1,1,1,3.0,3.0
201800023051,0018-04-30 10:40:00,18,4,30,10,40,310,69,GUIMBAUD (RUE DU DOCTEUR,43.6316,1.39733,Plein jour,En agglomération,Hors intersection,Normale,Autre collision,,,,,,,,,,,1,2,1,1.0,6.0
201800023052,0018-05-01 16:30:00,18,5,1,16,30,310,555,ALL JULES GUESDE,43.59438,1.44817,Plein jour,En agglomération,Hors intersection,Normale,Autre collision,,,,,,,,,,,1,2,1,1.0,6.0
201800023053,0018-05-02 09:10:00,18,5,2,9,10,310,555,VA007473 A62,43.65041,1.4319,Plein jour,Hors agglomération,Hors intersection,Normale,Deux véhicules - côté,,,,,,,,,,,1,1,1,1.0,3.0
201800023054,0018-05-04 12:05:00,18,5,4,12,5,310,555,VA007331 A620,43.58132,1.4048,Plein jour,Hors agglomération,Hors intersection,Normale,Deux véhicules - arrière,,,,,,,,,,,1,1,1,1.0,2.0
201800023055,0018-05-04 12:20:00,18,5,4,12,20,310,555,CHE DE RIVALSUPERVIC,43.54741,1.45146,Plein jour,En agglomération,Hors intersection,Normale,Deux véhicules - frontale,,,,,,,,,,,1,2,1,1.0,1.0
201800023056,0018-05-05 20:15:00,18,5,5,20,15,310,555,MINIMES (AV DES) DU 1AU,43.62099,1.43577,Plein jour,En agglomération,Hors intersection,Normale,Trois véhicules et plus - collisions multiples,,,,,,,,,,,1,2,1,1.0,5.0
201800023057,0018-05-07 16:20:00,18,5,7,16,20,310,555,AV DE FRONTON,43.62815,1.43379,Plein jour,En agglomération,Hors intersection,Normale,Autre collision,,,,,,,,,,,1,2,1,1.0,6.0
201800023058,0018-05-08 00:30:00,18,5,8,0,30,310,555,AV DES ETATS UNIS,43.63624,1.43033,Nuit avec éclairage allumé,En agglomération,Hors intersection,Pluie légère,Deux véhicules - arrière,,,,,,,,,,,5,2,1,2.0,2.0
201800023059,0018-05-08 07:25:00,18,5,8,7,25,310,149,PIBRAC (ROUTE DE),43.61223,1.31839,Plein jour,En agglomération,Hors intersection,Normale,Autre collision,,,,,,,,,,,1,2,1,1.0,6.0
201800023060,0018-05-08 14:20:00,18,5,8,14,20,310,555,RUE ROMIGUIERES,43.60482,1.44231,Plein jour,En agglomération,Hors intersection,Normale,Autre collision,,,,,,,,,,,1,2,1,1.0,6.0
201800023061,0018-05-08 17:20:00,18,5,8,17,20,310,555,AV DIDIER DAURAT,43.57298,1.49313,Plein jour,En agglomération,Hors intersection,Normale,Autre collision,,,,,,,,,,,1,2,1,1.0,6.0
201800023062,0018-05-09 15:00:00,18,5,9,15,0,310,555,RTE D ESPAGNE,43.54716,1.4194,Plein jour,En agglomération,Hors intersection,Normale,Autre collision,,,,,,,,,,,1,2,1,1.0,6.0
201800023063,0018-05-11 12:10:00,18,5,11,12,10,310,555,AV DE FRONTON,43.6365,1.43332,Plein jour,En agglomération,Hors intersection,Normale,Deux véhicules - côté,,,,,,,,,,,1,2,1,1.0,3.0
201800023064,0018-05-12 11:10:00,18,5,12,11,10,310,555,ALL DU PRESIDENT ROOSEVE,43.60545,1.4486,Plein jour,En agglomération,Hors intersection,Normale,Autre collision,,,,,,,,,,,1,2,1,1.0,6.0
201800023065,0018-05-12 13:30:00,18,5,12,13,30,310,555,BD LAZARE CARNOT,43.60481,1.44932,Plein jour,En agglomération,Hors intersection,Normale,Autre collision,,,,,,,,,,,1,2,1,1.0,6.0
201800023066,0018-05-13 22:35:00,18,5,13,22,35,310,555,RUE ROLAND GARROS,43.61242,1.42517,Nuit avec éclairage allumé,En agglomération,Intersection en T,Pluie forte,Deux véhicules - côté,,,,,,,,,,,5,2,3,3.0,3.0
201800023067,0018-05-13 15:40:00,18,5,13,15,40,310,555,IMP VITRY,43.6347,1.44214,Plein jour,En agglomération,Hors intersection,Normale,Autre collision,,,,,,,,,,,1,2,1,1.0,6.0
201800023068,0018-05-14 17:30:00,18,5,14,17,30,310,555,VA007331 A620,43.5919,1.39881,Plein jour,Hors agglomération,Hors intersection,Pluie légère,Deux véhicules - arrière,,,,,,,,,,,1,1,1,2.0,2.0
201800023069,0018-05-14 16:10:00,18,5,14,16,10,310,149,RD POINT GASCOGNE,43.6093,1.32717,Plein jour,En agglomération,Giratoire,Pluie légère,Deux véhicules - côté,,,,,,,,,,,1,2,6,2.0,3.0
201800023070,0018-05-15 10:15:00,18,5,15,10,15,310,555,BD DE STRASBOURG,43.60953,1.44499,Plein jour,En agglomération,Hors intersection,Normale,Autre collision,,,,,,,,,,,1,2,1,1.0,6.0
201800023071,0018-05-15 17:35:00,18,5,15,17,35,310,149,Maurice Grynfogel (Bd),43.61825,1.33889,Plein jour,En agglomération,Intersection en T,Pluie légère,Deux véhicules - côté,,,,,,,,,,,1,2,3,2.0,3.0
201800023072,0018-05-15 17:30:00,18,5,15,17,30,310,555,AV DE CASTRES,43.60064,1.47657,Plein jour,En agglomération,Hors intersection,Pluie légère,Trois véhicules et plus - en chaîne,,,,,,,,,,,1,2,1,2.0,4.0
201800023073,0018-05-17 10:30:00,18,5,17,10,30,310,555,BD RICHARD WAGNER,43.60334,1.4231,Plein jour,En agglomération,Intersection en T,Normale,Deux véhicules - côté,,,,,,,,,,,1,2,3,1.0,3.0
201800023074,0018-05-17 15:35:00,18,5,17,15,35,310,555,RTE DE SAINT SIMON,43.5884,1.41108,Plein jour,En agglomération,Hors intersection,Normale,Trois véhicules et plus - en chaîne,,,,,,,,,,,1,2,1,1.0,4.0
201800023075,0018-05-17 19:45:00,18,5,17,19,45,310,555,PL ARMAND LEYGUE,43.59321,1.46449,Nuit sans éclairage public,En agglomération,Intersection en X,Normale,Deux véhicules - côté,,,,,,,,,,,3,2,2,1.0,3.0
201800023076,0018-05-18 07:20:00,18,5,18,7,20,310,555,BD DE LA MEDITERRANEE,43.58482,1.46179,Plein jour,En agglomération,Hors intersection,Normale,Deux véhicules - côté,,,,,,,,,,,1,2,1,1.0,3.0
201800023077,0018-05-18 06:00:00,18,5,18,6,0,310,555,BD GRIFFOUL DORVAL,43.59128,1.45997,Nuit avec éclairage allumé,En agglomération,Hors intersection,Normale,Autre collision,,,,,,,,,,,5,2,1,1.0,6.0
201800023078,0018-05-18 17:30:00,18,5,18,17,30,310,555,D980,43.59939,1.36453,Plein jour,Hors agglomération,Hors intersection,Normale,Trois véhicules et plus - en chaîne,,,,,,,,,,,1,1,1,1.0,4.0
201800023079,0018-05-18 17:40:00,18,5,18,17,40,310,555,RUE DE BIGORRE,43.57546,1.41141,Plein jour,En agglomération,Hors intersection,Normale,Deux véhicules - côté,,,,,,,,,,,1,2,1,1.0,3.0
201800023080,0018-05-18 18:50:00,18,5,18,18,50,310,69,RAYMONDIS (RUE LEON),43.62267,1.39352,Plein jour,En agglomération,Hors intersection,Normale,Deux véhicules - côté,,,,,,,,,,,1,2,1,1.0,3.0
201800023081,0018-05-20 02:40:00,18,5,20,2,40,310,555,RTE DE REVEL,43.57387,1.49138,Nuit avec éclairage allumé,En agglomération,Hors intersection,Normale,Sans collision,,,,,,,,,,,5,2,1,1.0,7.0
201800023082,0018-05-20 15:30:00,18,5,20,15,30,310,555,VA007553 A61,43.59178,1.49406,Plein jour,Hors agglomération,Hors intersection,Normale,Trois véhicules et plus - collisions multiples,,,,,,,,,,,1,1,1,1.0,5.0
201800023083,0018-05-22 09:10:00,18,5,22,9,10,310,555,AV CAMILLE PUJOL,43.60056,1.46418,Plein jour,En agglomération,Hors intersection,Normale,Autre collision,,,,,,,,,,,1,2,1,1.0,6.0
201800023084,0018-05-22 14:45:00,18,5,22,14,45,310,557,MONTJOIE (RUE DE LA),43.59007,1.34694,Plein jour,En agglomération,Hors intersection,Normale,Deux véhicules - arrière,,,,,,,,,,,1,2,1,1.0,2.0
201800023085,0018-05-23 08:55:00,18,5,23,8,55,310,555,RTE DE NARBONNE,43.5571,1.46516,Plein jour,En agglomération,Intersection en T,Normale,Deux véhicules - côté,,,,,,,,,,,1,2,3,1.0,3.0
201800023086,0018-05-23 16:35:00,18,5,23,16,35,310,555,AV HONORE SERRES,43.61448,1.43764,Plein jour,En agglomération,Hors intersection,Normale,Deux véhicules - arrière,,,,,,,,,,,1,2,1,1.0,2.0
201800023087,0018-05-24 08:15:00,18,5,24,8,15,310,555,PONT DU HALAGE DE TOUNIS,43.59321,1.44077,Plein jour,En agglomération,Hors intersection,Normale,Autre collision,,,,,,,,,,,1,2,1,1.0,6.0
201800023088,0018-05-24 10:00:00,18,5,24,10,0,310,555,RD PT GRIFFON,43.55882,1.49607,Plein jour,En agglomération,Giratoire,Normale,Deux véhicules - côté,,,,,,,,,,,1,2,6,1.0,3.0
201800023089,0018-05-24 15:35:00,18,5,24,15,35,310,555,RUE LOUIS PLANA,43.60858,1.48034,Plein jour,En agglomération,Hors intersection,Normale,Deux véhicules - arrière,,,,,,,,,,,1,2,1,1.0,2.0
201800023090,0018-05-25 14:49:00,18,5,25,14,49,310,555,RTE DE SEYSSES,43.56834,1.41348,Plein jour,En agglomération,Hors intersection,Normale,Deux véhicules - arrière,,,,,,,,,,,1,2,1,1.0,2.0
201800023091,0018-05-26 12:00:00,18,5,26,12,0,310,557,D980,43.58902,1.36043,Plein jour,Hors agglomération,Hors intersection,Normale,Deux véhicules - arrière,,,,,,,,,,,1,1,1,1.0,2.0
201800023092,0018-05-27 16:40:00,18,5,27,16,40,310,149,BD DU 14 EME REGIMENT IN,43.61401,1.33139,Plein jour,En agglomération,Hors intersection,Normale,Autre collision,,,,,,,,,,,1,2,1,1.0,6.0
201800023093,0018-05-28 19:00:00,18,5,28,19,0,310,555,BD DE LA MARQUETTE,43.61458,1.43345,Plein jour,En agglomération,Hors intersection,Normale,Autre collision,,,,,,,,,,,1,2,1,1.0,6.0
201800023094,0018-05-28 18:40:00,18,5,28,18,40,310,149,Maurice Grynfogel (Bd),43.61817,1.33898,Plein jour,En agglomération,Hors intersection,Normale,Deux véhicules - côté,,,,,,,,,,,1,2,1,1.0,3.0
201800023095,0018-05-29 16:30:00,18,5,29,16,30,310,555,AV JEAN RIEUX,43.5889,1.47173,Plein jour,En agglomération,Hors intersection,Normale,Autre collision,,,,,,,,,,,1,2,1,1.0,6.0
201800023096,0018-05-30 02:30:00,18,5,30,2,30,310,555,RUE VESTREPAIN,43.58557,1.41284,Nuit avec éclairage non allumé,En agglomération,Hors intersection,Normale,Autre collision,,,,,,,,,,,4,2,1,1.0,6.0
201800023097,0018-06-02 00:10:00,18,6,2,0,10,310,555,VA007553 A61,43.61282,1.4842,Nuit avec éclairage non allumé,Hors agglomération,Hors intersection,Normale,Trois véhicules et plus - collisions multiples,,,,,,,,,,,4,1,1,1.0,5.0
201800023098,0018-06-02 08:22:00,18,6,2,8,22,310,557,CHEMIN DES PAHINS,43.5904,1.32394,Plein jour,En agglomération,Hors intersection,Normale,Deux véhicules - frontale,,,,,,,,,,,1,2,1,1.0,1.0
201800023099,0018-06-03 06:00:00,18,6,3,6,0,310,555,BD DE L EMBOUCHURE,43.61109,1.41507,Crépuscule ou aube,En agglomération,Hors intersection,Normale,Deux véhicules - frontale,,,,,,,,,,,2,2,1,1.0,1.0
201800023100,0018-06-03 17:52:00,18,6,3,17,52,310,555,RUE DE METZ,43.60058,1.44786,Plein jour,En agglomération,Hors intersection,Normale,Deux véhicules - côté,,,,,,,,,,,1,2,1,1.0,3.0
201800023101,0018-06-04 11:28:00,18,6,4,11,28,310,555,RTE DE NARBONNE,43.57071,1.45434,Plein jour,En agglomération,Hors intersection,Normale,Deux véhicules - côté,,,,,,,,,,,1,2,1,1.0,3.0
201800023102,0018-06-04 16:30:00,18,6,4,16,30,310,555,ALL CHARLES DE FITTE,43.59954,1.42967,Plein jour,En agglomération,Hors intersection,Normale,Autre collision,,,,,,,,,,,1,2,1,1.0,6.0
201800023103,0018-06-05 13:30:00,18,6,5,13,30,310,555,ECHANGEUR PALAYS,43.55785,1.49274,Plein jour,En agglomération,Autre intersection,Normale,Deux véhicules - côté,,,,,,,,,,,1,2,9,1.0,3.0
201800023104,0018-06-05 17:00:00,18,6,5,17,0,310,555,RTE D AGDE,43.62949,1.48298,Plein jour,En agglomération,Hors intersection,Pluie forte,Autre collision,,,,,,,,,,,1,2,1,3.0,6.0
201800023105,0018-06-06 18:15:00,18,6,6,18,15,310,555,VA007331 A620,43.56166,1.48885,Plein jour,Hors agglomération,Hors intersection,Normale,Trois véhicules et plus - en chaîne,,,,,,,,,,,1,1,1,1.0,4.0
201800023106,0018-06-06 20:00:00,18,6,6,20,0,310,555,RTE DE SEYSSES,43.56675,1.41173,Plein jour,En agglomération,Hors intersection,Normale,Deux véhicules - côté,,,,,,,,,,,1,2,1,1.0,3.0
201800023107,0018-06-06 13:25:00,18,6,6,13,25,310,149,CHASSE (CHEMIN DE LA),43.60409,1.31379,Plein jour,En agglomération,Hors intersection,Normale,Deux véhicules - côté,,,,,,,,,,,1,2,1,1.0,3.0
201800023108,0018-06-07 08:05:00,18,6,7,8,5,310,555,RUE LOUIS PLANA,43.61014,1.47922,Plein jour,En agglomération,Hors intersection,Normale,Deux véhicules - arrière,,,,,,,,,,,1,2,1,1.0,2.0
201800023109,0018-06-08 17:08:00,18,6,8,17,8,310,555,RUE JOACHIM DU BELLAY,43.58382,1.40654,Plein jour,En agglomération,Hors intersection,Normale,Autre collision,,,,,,,,,,,1,2,1,1.0,6.0
201800023110,0018-06-08 19:15:00,18,6,8,19,15,310,555,CHE DE PAPUS,43.57278,1.41183,Plein jour,En agglomération,Hors intersection,Normale,Deux véhicules - côté,,,,,,,,,,,1,2,1,1.0,3.0
201800023111,0018-06-08 19:45:00,18,6,8,19,45,310,555,VA008482 A624,43.60884,1.36467,Plein jour,Hors agglomération,Hors intersection,Normale,Deux véhicules - côté,,,,,,,,,,,1,1,1,1.0,3.0
201800023112,0018-06-12 08:42:00,18,6,12,8,42,310,149,RN124,43.60746,1.35179,Plein jour,Hors agglomération,Hors intersection,Normale,Autre collision,,,,,,,,,,,1,1,1,1.0,6.0
201800023113,0018-06-13 13:20:00,18,6,13,13,20,310,555,RUE DU FAUBOURG BONNEFOY,43.61603,1.45325,Plein jour,En agglomération,Hors intersection,Normale,Deux véhicules - côté,,,,,,,,,,,1,2,1,1.0,3.0
201800023114,0018-06-14 11:00:00,18,6,14,11,0,310,149,CORREZE (ALLEE DE LA),43.60777,1.33689,Plein jour,En agglomération,Hors intersection,Normale,Autre collision,,,,,,,,,,,1,2,1,1.0,6.0
201800023115,0018-06-15 02:10:00,18,6,15,2,10,310,69,FIL D'ARIANE,43.65294,1.36505,Nuit sans éclairage public,Hors agglomération,Hors intersection,Normale,Autre collision,,,,,,,,,,,3,1,1,1.0,6.0
201800023116,0018-06-15 04:10:00,18,6,15,4,10,310,555,DIEBOLD (Place),43.59797,1.43005,Nuit avec éclairage allumé,En agglomération,Hors intersection,Normale,Sans collision,,,,,,,,,,,5,2,1,1.0,7.0
201800023117,0018-06-13 01:10:00,18,6,13,1,10,310,555,AV D ELCHE,43.6234,1.4206,Nuit avec éclairage allumé,En agglomération,Hors intersection,Normale,Autre collision,,,,,,,,,,,5,2,1,1.0,6.0
201800023118,0018-06-15 10:25:00,18,6,15,10,25,310,555,SAINT EXUPERY (AV ANTOIN,43.58694,1.46263,Plein jour,En agglomération,Hors intersection,Normale,Autre collision,,,,,,,,,,,1,2,1,1.0,6.0
201800023119,0018-06-15 16:50:00,18,6,15,16,50,310,555,CHE DE FENOUILLET,43.65918,1.4098,Plein jour,En agglomération,Hors intersection,Normale,Autre collision,,,,,,,,,,,1,2,1,1.0,6.0
201800023120,0018-06-15 20:30:00,18,6,15,20,30,310,555,VA007553 A61,43.54539,1.49995,Crépuscule ou aube,Hors agglomération,Hors intersection,Normale,Deux véhicules - arrière,,,,,,,,,,,2,1,1,1.0,2.0
201800023121,0018-06-17 21:15:00,18,6,17,21,15,310,555,BD SILVIO TRENTIN,43.62381,1.42777,Crépuscule ou aube,En agglomération,Intersection en X,Normale,Deux véhicules - côté,,,,,,,,,,,2,2,2,1.0,3.0
201800023122,0018-06-15 11:20:00,18,6,15,11,20,310,555,RUE ALBERT CAROVIS,43.54938,1.38294,Plein jour,En agglomération,Hors intersection,Normale,Deux véhicules - arrière,,,,,,,,,,,1,2,1,1.0,2.0
201800023123,0018-06-18 08:15:00,18,6,18,8,15,310,555,QU DE TOUNIS,43.59849,1.4404,Plein jour,En agglomération,Hors intersection,Normale,Trois véhicules et plus - collisions multiples,,,,,,,,,,,1,2,1,1.0,5.0
201800023124,0018-06-19 19:00:00,18,6,19,19,0,310,555,AV JEAN CHAUBET,43.60575,1.48127,Plein jour,En agglomération,Hors intersection,Normale,Autre collision,,,,,,,,,,,1,2,1,1.0,6.0
201800023125,0018-06-20 17:30:00,18,6,20,17,30,310,149,RD POINT GASCOGNE,43.60858,1.32676,Plein jour,En agglomération,Giratoire,Normale,Deux véhicules - côté,,,,,,,,,,,1,2,6,1.0,3.0
201800023126,0018-06-20 19:00:00,18,6,20,19,0,310,555,BD DE STRASBOURG,43.60791,1.44632,Plein jour,En agglomération,Hors intersection,Normale,Deux véhicules - côté,,,,,,,,,,,1,2,1,1.0,3.0
201800023127,0018-06-22 07:55:00,18,6,22,7,55,310,555,CHE DE POUVOURVILLE,43.55548,1.457,Plein jour,En agglomération,Hors intersection,Normale,Autre collision,,,,,,,,,,,1,2,1,1.0,6.0
201800023128,0018-06-22 16:00:00,18,6,22,16,0,310,149,RN124,43.60642,1.30946,Plein jour,Hors agglomération,Hors intersection,Normale,Trois véhicules et plus - en chaîne,,,,,,,,,,,1,1,1,1.0,4.0
201800023129,0018-06-23 18:20:00,18,6,23,18,20,310,149,MONTS DORE (PLACE DES),43.61051,1.3327,Plein jour,En agglomération,Hors intersection,Normale,Autre collision,,,,,,,,,,,1,2,1,1.0,6.0
201800023130,0018-06-24 19:40:00,18,6,24,19,40,310,555,CHE DU RAMELET MOUNDI,43.58228,1.37046,Plein jour,En agglomération,Hors intersection,Normale,Deux véhicules - côté,,,,,,,,,,,1,2,1,1.0,3.0
201800023131,0018-06-25 15:05:00,18,6,25,15,5,310,555,PL JACQUES SAUVEGRAIN,43.58935,1.37852,Plein jour,En agglomération,Hors intersection,Normale,Autre collision,,,,,,,,,,,1,2,1,1.0,6.0
201800023132,0018-06-25 16:00:00,18,6,25,16,0,310,555,BOURBAKI (RUE DU GENERAL,43.6198,1.43488,Plein jour,En agglomération,Hors intersection,Normale,Autre collision,,,,,,,,,,,1,2,1,1.0,6.0