accident_id,datetime,annee,mois,jour,heure,minute,departement,commune_insee,adresse,latitude,longitude,luminosite,agglomeration,intersection,meteo,collision,nb_vehicules,nb_usagers,nb_indemnes,nb_tues,nb_blesses_hosp,nb_blesses_legers,age_cond_1,age_cond_2,veh_type_cond_1,veh_type_cond_2,lum_code,agg_code,int_code,atm_code,col_code
201800023133,0018-06-26 17:20:00,18,6,26,17,20,310,555,BD DES RECOLLETS,43.58412,1.44585,Plein jour,En agglomération,Hors intersection,Normale,Deux véhicules - côté,,,,,,,,,,,1,2,1,1.0,3.0
201800023134,0018-06-27 10:10:00,18,6,27,10,10,310,555,RUE DE KIEV,43.57084,1.40667,Plein jour,En agglomération,Hors intersection,Normale,Deux véhicules - arrière,,,,,,,,,,,1,2,1,1.0,2.0
201800023135,0018-06-27 11:20:00,18,6,27,11,20,310,555,RUE CARAMAN,43.60212,1.45341,Plein jour,En agglomération,Hors intersection,Normale,Autre collision,,,,,,,,,,,1,2,1,1.0,6.0
201800023136,0018-06-28 09:05:00,18,6,28,9,5,310,149,BD DEODAT DE SEVERAC,43.59904,1.35594,Plein jour,En agglomération,Hors intersection,Normale,Deux véhicules - côté,,,,,,,,,,,1,2,1,1.0,3.0
201800023137,0018-06-28 10:30:00,18,6,28,10,30,310,555,BD D ARCOLE,43.6111,1.44194,Plein jour,En agglomération,Hors intersection,Normale,Deux véhicules - côté,,,,,,,,,,,1,2,1,1.0,3.0
201800023138,0018-06-29 01:15:00,18,6,29,1,15,310,555,VA007473 A62,43.64575,1.46698,Nuit avec éclairage allumé,Hors agglomération,Hors intersection,Normale,Sans collision,,,,,,,,,,,5,1,1,1.0,7.0
201800023139,0018-07-01 03:45:00,18,7,1,3,45,310,555,RUE DENFERT ROCHEREAU,43.60718,1.44771,Nuit sans éclairage public,En agglomération,Hors intersection,Normale,Autre collision,,,,,,,,,,,3,2,1,1.0,6.0
201800023140,0018-07-02 09:30:00,18,7,2,9,30,310,555,ETROITS (CHE DES) DU 1AU,43.5534,1.44084,Plein jour,En agglomération,Hors intersection,Normale,Deux véhicules - frontale,,,,,,,,,,,1,2,1,1.0,1.0
201800023141,0018-07-02 18:45:00,18,7,2,18,45,310,555,CHE MICHOUN,43.62774,1.46999,Plein jour,En agglomération,Intersection en X,Normale,Deux véhicules - côté,,,,,,,,,,,1,2,2,1.0,3.0
201800023142,0018-07-04 08:00:00,18,7,4,8,0,310,555,CHE DE COLASSON,43.56734,1.38352,Plein jour,Hors agglomération,Intersection en T,Normale,Deux véhicules - frontale,,,,,,,,,,,1,1,3,1.0,1.0
201800023143,0018-07-04 20:10:00,18,7,4,20,10,310,555,SAINT SIMON (RTE DE) DU,43.58965,1.41484,Nuit avec éclairage allumé,En agglomération,Hors intersection,Pluie forte,Autre collision,,,,,,,,,,,5,2,1,3.0,6.0
201800023144,0018-07-04 20:15:00,18,7,4,20,15,310,555,RUE DE LA REPUBLIQUE,43.59826,1.43357,Plein jour,En agglomération,Hors intersection,Pluie forte,Autre collision,,,,,,,,,,,1,2,1,3.0,6.0
201800023145,0018-07-05 07:50:00,18,7,5,7,50,310,555,VA007306 A64,43.56035,1.41571,Plein jour,Hors agglomération,Hors intersection,Normale,Deux véhicules - côté,,,,,,,,,,,1,1,1,1.0,3.0
201800023146,0018-07-05 12:25:00,18,7,5,12,25,310,555,CHE DE BITET,43.57782,1.48554,Plein jour,En agglomération,Hors intersection,Normale,Autre collision,,,,,,,,,,,1,2,1,1.0,6.0
201800023147,0018-07-06 16:10:00,18,7,6,16,10,310,555,RUE DU PONT GUILHEMERY,43.60048,1.45529,Plein jour,En agglomération,Hors intersection,Normale,Autre collision,,,,,,,,,,,1,2,1,1.0,6.0
201800023148,0018-07-06 15:55:00,18,7,6,15,55,310,557,TARBES (ROUTE DE),43.57815,1.32826,Plein jour,En agglomération,Hors intersection,Normale,Autre collision,,,,,,,,,,,1,2,1,1.0,6.0
201800023149,0018-07-07 17:20:00,18,7,7,17,20,310,555,CHE DES IZARDS,43.65969,1.44031,Plein jour,En agglomération,Hors intersection,Normale,Autre collision,,,,,,,,,,,1,2,1,1.0,6.0
201800023150,0018-07-09 23:00:00,18,7,9,23,0,310,555,BD DE SUISSE,43.62181,1.425,Nuit avec éclairage allumé,En agglomération,Hors intersection,Normale,Deux véhicules - côté,,,,,,,,,,,5,2,1,1.0,3.0
201800023151,0018-07-12 17:21:00,18,7,12,17,21,310,555,CHE DE FENOUILLET,43.65363,1.41203,Plein jour,En agglomération,Intersection en T,Normale,Deux véhicules - côté,,,,,,,,,,,1,2,3,1.0,3.0
201800023152,0018-07-15 16:30:00,18,7,15,16,30,310,555,RUE DE CHAUSSAS,43.61741,1.43064,Plein jour,En agglomération,Hors intersection,Normale,Autre collision,,,,,,,,,,,1,2,1,1.0,6.0
201800023153,0018-07-15 21:10:00,18,7,15,21,10,310,555,PL DU PONT NEUF,43.59895,1.4371,Nuit avec éclairage allumé,En agglomération,Hors intersection,Normale,Autre collision,,,,,,,,,,,5,2,1,1.0,6.0
201800023154,0018-07-16 00:05:00,18,7,16,0,5,310,555,AV DE LATTRE DE TASSIGNY,43.57712,1.43624,Nuit avec éclairage non allumé,En agglomération,Hors intersection,Normale,Autre collision,,,,,,,,,,,4,2,1,1.0,6.0
201800023155,0018-07-17 14:45:00,18,7,17,14,45,310,149,RN124,43.60713,1.32608,Plein jour,Hors agglomération,Hors intersection,Normale,Deux véhicules - arrière,,,,,,,,,,,1,1,1,1.0,2.0
201800023156,0018-07-18 17:15:00,18,7,18,17,15,310,555,VA007331 A620,43.60926,1.4127,Plein jour,Hors agglomération,Hors intersection,Pluie légère,Deux véhicules - côté,,,,,,,,,,,1,1,1,2.0,3.0
201800023157,0018-07-16 16:10:00,18,7,16,16,10,310,555,RD901,43.61679,1.39337,Plein jour,Hors agglomération,Hors intersection,Pluie légère,Deux véhicules - côté,,,,,,,,,,,1,1,1,2.0,3.0
201800023158,0018-07-20 15:45:00,18,7,20,15,45,310,557,MARQUISAT (AV DU),43.57698,1.34961,Plein jour,En agglomération,Hors intersection,Normale,Trois véhicules et plus - collisions multiples,,,,,,,,,,,1,2,1,1.0,5.0
201800023159,0018-07-21 09:45:00,18,7,21,9,45,310,555,BD LAZARE CARNOT,43.6048,1.44932,Plein jour,En agglomération,Hors intersection,Normale,Deux véhicules - côté,,,,,,,,,,,1,2,1,1.0,3.0
201800023160,0018-07-22 13:20:00,18,7,22,13,20,310,555,RUE STALINGRAD,43.60935,1.45123,Plein jour,En agglomération,Intersection à plus de 4 branches,Normale,Deux véhicules - côté,,,,,,,,,,,1,2,5,1.0,3.0
201800023161,0018-07-20 14:00:00,18,7,20,14,0,310,149,RN124,43.60442,1.2842,Plein jour,Hors agglomération,Hors intersection,Normale,Deux véhicules - côté,,,,,,,,,,,1,1,1,1.0,3.0
201800023162,0018-07-23 23:10:00,18,7,23,23,10,310,555,RUE DE METZ,43.60059,1.45016,Nuit sans éclairage public,En agglomération,Hors intersection,Normale,Deux véhicules - côté,,,,,,,,,,,3,2,1,1.0,3.0
201800023163,0018-07-24 08:50:00,18,7,24,8,50,310,555,ALL JULES GUESDE,43.59326,1.44473,Plein jour,En agglomération,Hors intersection,Normale,Deux véhicules - côté,,,,,,,,,,,1,2,1,1.0,3.0
201800023164,0018-07-24 09:10:00,18,7,24,9,10,310,555,RUE HENRI DESBALS,43.59326,1.44473,Plein jour,En agglomération,Hors intersection,Normale,Autre collision,,,,,,,,,,,1,2,1,1.0,6.0
201800023165,0018-07-24 17:55:00,18,7,24,17,55,310,555,AV D ELCHE,43.62191,1.4249,Plein jour,En agglomération,Intersection en T,Normale,Deux véhicules - côté,,,,,,,,,,,1,2,3,1.0,3.0
201800023166,0018-07-25 17:00:00,18,7,25,17,0,310,555,RUE ANDRE VILLET,43.56351,1.49628,Plein jour,En agglomération,Hors intersection,Normale,Deux véhicules - arrière,,,,,,,,,,,1,2,1,1.0,2.0
201800023167,0018-07-26 08:05:00,18,7,26,8,5,310,69,PARC (AV DU),43.62784,1.38621,Plein jour,En agglomération,Hors intersection,Normale,Deux véhicules - côté,,,,,,,,,,,1,2,1,1.0,3.0
201800023168,0018-07-26 12:15:00,18,7,26,12,15,310,555,CHE DE HEREDIA,43.61296,1.47056,Plein jour,En agglomération,Intersection en X,Normale,Deux véhicules - côté,,,,,,,,,,,1,2,2,1.0,3.0
201800023169,0018-07-26 10:20:00,18,7,26,10,20,310,69,MAGA (RD-PT JEAN),43.62187,1.39691,Plein jour,En agglomération,Giratoire,Normale,Deux véhicules - côté,,,,,,,,,,,1,2,6,1.0,3.0
201800023170,0018-07-27 18:15:00,18,7,27,18,15,310,555,AV FRANCOIS COLLIGNON,43.61566,1.44409,Plein jour,En agglomération,Hors intersection,Normale,Deux véhicules - côté,,,,,,,,,,,1,2,1,1.0,3.0
201800023171,0018-07-28 22:45:00,18,7,28,22,45,310,555,BD D ARCOLE,43.61084,1.44273,Nuit avec éclairage allumé,En agglomération,Hors intersection,Normale,Deux véhicules - côté,,,,,,,,,,,5,2,1,1.0,3.0
201800023172,0018-07-30 04:00:00,18,7,30,4,0,310,555,CEPIERE (ROND POINT DE L,43.58383,1.39976,Nuit avec éclairage allumé,En agglomération,Giratoire,Normale,Deux véhicules - côté,,,,,,,,,,,5,2,6,1.0,3.0
201800023173,0018-07-29 10:35:00,18,7,29,10,35,310,555,BD MATABIAU,43.61513,1.44172,Plein jour,En agglomération,Hors intersection,Normale,Deux véhicules - arrière,,,,,,,,,,,1,2,1,1.0,2.0
201800023174,0018-07-31 12:20:00,18,7,31,12,20,310,555,RUE DUBEZY,43.61928,1.4752,Plein jour,En agglomération,Intersection en X,Normale,Deux véhicules - côté,,,,,,,,,,,1,2,2,1.0,3.0
201800023175,0018-08-01 15:15:00,18,8,1,15,15,310,555,BD DES COURTIES,43.53775,1.38784,Plein jour,En agglomération,Hors intersection,Normale,Autre collision,,,,,,,,,,,1,2,1,1.0,6.0
201800023176,0018-08-02 00:40:00,18,8,2,0,40,310,555,RTE DE SEYSSES,43.57225,1.41827,Nuit avec éclairage allumé,En agglomération,Hors intersection,Normale,Deux véhicules - arrière,,,,,,,,,,,5,2,1,1.0,2.0
201800023177,0018-08-03 00:01:00,18,8,3,0,1,310,555,VA007331 A620,43.59227,1.39867,Nuit avec éclairage non allumé,Hors agglomération,Hors intersection,Normale,Deux véhicules - arrière,,,,,,,,,,,4,1,1,1.0,2.0
201800023178,0018-08-04 19:00:00,18,8,4,19,0,310,555,VA007333 LA FAOURETTE A6,43.5749,1.40892,Plein jour,Hors agglomération,Hors intersection,Normale,Deux véhicules - côté,,,,,,,,,,,1,1,1,1.0,3.0
201800023179,0018-08-05 17:35:00,18,8,5,17,35,310,555,BD DE LA MARQUETTE,43.61325,1.43088,Plein jour,En agglomération,Hors intersection,Normale,Autre collision,,,,,,,,,,,1,2,1,1.0,6.0
201800023180,0018-08-05 12:10:00,18,8,5,12,10,310,555,RTE D AGDE,43.62766,1.47843,Plein jour,En agglomération,Intersection en T,Normale,Deux véhicules - côté,,,,,,,,,,,1,2,3,1.0,3.0
201800023181,0018-08-06 19:10:00,18,8,6,19,10,310,555,ALL DE BELLEFONTAINE,43.56579,1.39958,Plein jour,En agglomération,Hors intersection,Normale,Autre collision,,,,,,,,,,,1,2,1,1.0,6.0
201800023182,0018-08-07 19:20:00,18,8,7,19,20,310,555,BD SILVIO TRENTIN,43.62306,1.42628,Plein jour,En agglomération,Hors intersection,Normale,Autre collision,,,,,,,,,,,1,2,1,1.0,6.0
201800023183,0018-08-08 15:45:00,18,8,8,15,45,310,555,RTE DE SAINT SIMON,43.55927,1.36735,Plein jour,En agglomération,Hors intersection,Normale,Deux véhicules - arrière,,,,,,,,,,,1,2,1,1.0,2.0
201800023184,0018-08-10 22:10:00,18,8,10,22,10,310,555,Rd Pt Leon Schwartzenber,43.58579,1.40513,Nuit avec éclairage allumé,Hors agglomération,Hors intersection,Normale,Deux véhicules - côté,,,,,,,,,,,5,1,1,1.0,3.0
201800023185,0018-08-11 01:25:00,18,8,11,1,25,310,555,VA007539 LA ROSERAIE A61,43.62449,1.48029,Nuit avec éclairage allumé,Hors agglomération,Hors intersection,Normale,Deux véhicules - côté,,,,,,,,,,,5,1,1,1.0,3.0
201800023186,0018-08-16 06:18:00,18,8,16,6,18,310,149,FONTAINE LUMINEUSE (Rd P,43.6092,1.35245,Crépuscule ou aube,En agglomération,Giratoire,Normale,Deux véhicules - côté,,,,,,,,,,,2,2,6,1.0,3.0
201800023187,0018-08-16 13:30:00,18,8,16,13,30,310,149,CORNEBARRIEU (ROUTE DE),43.63031,1.3319,Plein jour,Hors agglomération,Hors intersection,Normale,Autre collision,,,,,,,,,,,1,1,1,1.0,6.0
201800023188,0018-08-16 15:50:00,18,8,16,15,50,310,555,RTE DE REVEL,43.57117,1.49836,Plein jour,En agglomération,Intersection en X,Normale,Deux véhicules - côté,,,,,,,,,,,1,2,2,1.0,3.0
201800023189,0018-08-12 17:05:00,18,8,12,17,5,310,555,BD DE STRASBOURG,43.60672,1.44735,Plein jour,En agglomération,Hors intersection,Normale,Deux véhicules - côté,,,,,,,,,,,1,2,1,1.0,3.0
201800023190,0018-08-17 23:30:00,18,8,17,23,30,310,555,ROSTAND (RUE EDMOND) DU,43.64466,1.45343,Nuit avec éclairage allumé,En agglomération,Hors intersection,Normale,Deux véhicules - arrière,,,,,,,,,,,5,2,1,1.0,2.0
201800023191,0018-08-18 14:50:00,18,8,18,14,50,310,557,MONTAGNE (RUE MICHEL),43.58499,1.36347,Plein jour,En agglomération,Hors intersection,Normale,Autre collision,,,,,,,,,,,1,2,1,1.0,6.0
201800023192,0018-08-18 15:25:00,18,8,18,15,25,310,555,BD GRIFFOUL DORVAL,43.59229,1.45922,Plein jour,En agglomération,Hors intersection,Normale,Deux véhicules - côté,,,,,,,,,,,1,2,1,1.0,3.0
201800023193,0018-08-18 21:00:00,18,8,18,21,0,310,555,BD FLORENCE ARTHAUD,43.64592,1.45488,Nuit avec éclairage allumé,Hors agglomération,Hors intersection,Normale,Deux véhicules - côté,,,,,,,,,,,5,1,1,1.0,3.0
201800023194,0018-08-20 19:24:00,18,8,20,19,24,310,555,LARDENNE (AV DE) DU 1AU,43.59311,1.40549,Plein jour,En agglomération,Hors intersection,Normale,Deux véhicules - côté,,,,,,,,,,,1,2,1,1.0,3.0
201800023195,0018-08-21 16:30:00,18,8,21,16,30,310,555,RPT DU DR MAURICE CAHUZA,43.56559,1.39404,Plein jour,En agglomération,Hors intersection,Normale,Deux véhicules - arrière,,,,,,,,,,,1,2,1,1.0,2.0
201800023196,0018-08-21 19:43:00,18,8,21,19,43,310,555,BD DE LA MEDITERRANEE,43.58442,1.46188,Plein jour,En agglomération,Hors intersection,Normale,Deux véhicules - côté,,,,,,,,,,,1,2,1,1.0,3.0
201800023197,0018-08-23 07:15:00,18,8,23,7,15,310,555,PL SAINT PIERRE,43.60367,1.43585,Plein jour,En agglomération,Intersection en X,Normale,Deux véhicules - côté,,,,,,,,,,,1,2,2,1.0,3.0
201800023198,0018-08-23 14:15:00,18,8,23,14,15,310,555,BD D ARCOLE,43.61121,1.44057,Plein jour,En agglomération,Hors intersection,Normale,Deux véhicules - côté,,,,,,,,,,,1,2,1,1.0,3.0
201800023199,0018-08-24 09:15:00,18,8,24,9,15,310,555,ALL JULES GUESDE,43.593,1.44447,Plein jour,En agglomération,Intersection en X,Normale,Deux véhicules - côté,,,,,,,,,,,1,2,2,1.0,3.0
201800023200,0018-08-24 12:35:00,18,8,24,12,35,310,555,RUE VICTOR HUGO,43.6055,1.44733,Plein jour,En agglomération,Hors intersection,Normale,Autre collision,,,,,,,,,,,1,2,1,1.0,6.0
201800023201,0018-08-24 17:55:00,18,8,24,17,55,310,555,VA001490 A621,43.62186,1.40162,Plein jour,Hors agglomération,Hors intersection,Normale,Deux véhicules - arrière,,,,,,,,,,,1,1,1,1.0,2.0
201800023202,0018-08-25 11:30:00,18,8,25,11,30,310,557,D980,43.57764,1.3676,Plein jour,Hors agglomération,Hors intersection,Normale,Deux véhicules - arrière,,,,,,,,,,,1,1,1,1.0,2.0
201800023203,0018-08-27 09:00:00,18,8,27,9,0,310,555,VA008482 A624,43.60963,1.38638,Plein jour,Hors agglomération,Hors intersection,Normale,Deux véhicules - côté,,,,,,,,,,,1,1,1,1.0,3.0
201800023204,0018-08-27 11:25:00,18,8,27,11,25,310,555,BD DE STRASBOURG,43.60671,1.44735,Plein jour,En agglomération,Hors intersection,Normale,Deux véhicules - côté,,,,,,,,,,,1,2,1,1.0,3.0
201800023205,0018-08-28 13:00:00,18,8,28,13,0,310,555,Rond Point Cazaux henri,43.62367,1.41929,Plein jour,Hors agglomération,Hors intersection,Normale,Deux véhicules - côté,,,,,,,,,,,1,1,1,1.0,3.0
201800023206,0018-08-30 11:30:00,18,8,30,11,30,310,555,ALL CHARLES DE FITTE,43.59778,1.43105,Plein jour,En agglomération,Intersection en X,Normale,Deux véhicules - côté,,,,,,,,,,,1,2,2,1.0,3.0
201800023207,0018-08-31 06:05:00,18,8,31,6,5,310,555,VA007331 A620,43.64741,1.42142,Nuit sans éclairage public,Hors agglomération,Hors intersection,Normale,Trois véhicules et plus - en chaîne,,,,,,,,,,,3,1,1,1.0,4.0
201800023208,0018-08-31 15:00:00,18,8,31,15,0,310,555,RUE ANTOINE PUGET,43.62286,1.44432,Plein jour,En agglomération,Intersection en T,Normale,Deux véhicules - côté,,,,,,,,,,,1,2,3,1.0,3.0
201800023209,0018-08-31 15:00:00,18,8,31,15,0,310,555,AV CAMILLE PUJOL,43.60066,1.46662,Plein jour,En agglomération,Intersection en T,Normale,Deux véhicules - côté,,,,,,,,,,,1,2,3,1.0,3.0
201800023210,0018-09-01 08:55:00,18,9,1,8,55,310,555,BRUNAUD (AVENUE YVES),43.6186,1.46713,Plein jour,En agglomération,Hors intersection,Normale,Autre collision,,,,,,,,,,,1,2,1,1.0,6.0
201800023211,0018-09-01 16:20:00,18,9,1,16,20,310,555,AV JEAN ZAY,43.64719,1.43857,Plein jour,En agglomération,Hors intersection,Normale,Trois véhicules et plus - en chaîne,,,,,,,,,,,1,2,1,1.0,4.0
201800023212,0018-09-01 21:45:00,18,9,1,21,45,310,555,VA007473 A62,43.64087,1.47484,Nuit avec éclairage allumé,Hors agglomération,Hors intersection,Normale,Deux véhicules - côté,,,,,,,,,,,5,1,1,1.0,3.0
201800023213,0018-09-02 09:15:00,18,9,2,9,15,310,555,AV JEAN CHAUBET,43.60731,1.48523,Plein jour,En agglomération,Intersection en T,Normale,Deux véhicules - côté,,,,,,,,,,,1,2,3,1.0,3.0
201800023214,0018-09-03 13:35:00,18,9,3,13,35,310,555,RTE DE SEYSSES,43.56553,1.41054,Plein jour,En agglomération,Intersection en T,Normale,Deux véhicules - côté,,,,,,,,,,,1,2,3,1.0,3.0
201800023215,0018-09-04 11:45:00,18,9,4,11,45,310,555,RUE MARIE LAURENCIN,43.63171,1.41567,Plein jour,En agglomération,Hors intersection,Normale,Deux véhicules - arrière,,,,,,,,,,,1,2,1,1.0,2.0
201800023216,0018-09-04 12:30:00,18,9,4,12,30,310,555,RTE DE NARBONNE,43.56914,1.45642,Plein jour,En agglomération,Hors intersection,Normale,Deux véhicules - côté,,,,,,,,,,,1,2,1,1.0,3.0
201800023217,0018-09-04 23:45:00,18,9,4,23,45,310,555,TOEC (VOIE DU) DU 58 AU,43.59725,1.40355,Nuit avec éclairage allumé,Hors agglomération,Intersection en T,Normale,Deux véhicules - frontale,,,,,,,,,,,5,1,3,1.0,1.0
201800023218,0018-09-05 15:45:00,18,9,5,15,45,310,555,RUE CORNEILLE,43.58996,1.41291,Plein jour,En agglomération,Hors intersection,Normale,Autre collision,,,,,,,,,,,1,2,1,1.0,6.0
201800023219,0018-09-07 08:05:00,18,9,7,8,5,310,555,VA007306 A64,43.54122,1.39708,Plein jour,Hors agglomération,Hors intersection,Pluie légère,Deux véhicules - arrière,,,,,,,,,,,1,1,1,2.0,2.0
201800023220,0018-09-07 19:00:00,18,9,7,19,0,310,555,VA007331 A620,43.59261,1.39849,Plein jour,Hors agglomération,Hors intersection,Normale,Deux véhicules - côté,,,,,,,,,,,1,1,1,1.0,3.0
201800023221,0018-09-07 17:20:00,18,9,7,17,20,310,555,VA007313 LE CHAPITRE A64,43.55085,1.4069,Plein jour,Hors agglomération,Hors intersection,Normale,Trois véhicules et plus - collisions multiples,,,,,,,,,,,1,1,1,1.0,5.0
201800023222,0018-09-08 01:45:00,18,9,8,1,45,310,555,RUE DU FERETRA,43.57944,1.44341,Nuit avec éclairage non allumé,En agglomération,Hors intersection,Normale,Sans collision,,,,,,,,,,,4,2,1,1.0,7.0
201800023223,0018-09-10 13:35:00,18,9,10,13,35,310,555,BD LASCROSSES,43.61029,1.43473,Plein jour,En agglomération,Hors intersection,Normale,Deux véhicules - côté,,,,,,,,,,,1,2,1,1.0,3.0
201800023224,0018-09-10 18:30:00,18,9,10,18,30,310,555,VA007331 A620,43.60968,1.41358,Plein jour,Hors agglomération,Hors intersection,Normale,Trois véhicules et plus - collisions multiples,,,,,,,,,,,1,1,1,1.0,5.0
201800023225,0018-09-11 08:55:00,18,9,11,8,55,310,555,AV DES ETATS UNIS,43.6426,1.42834,Plein jour,En agglomération,Giratoire,Normale,Deux véhicules - frontale,,,,,,,,,,,1,2,6,1.0,1.0
201800023226,0018-09-11 09:00:00,18,9,11,9,0,310,555,RUE DE LA SOURCE,43.60746,1.40959,Plein jour,En agglomération,Intersection en X,Normale,Deux véhicules - frontale,,,,,,,,,,,1,2,2,1.0,1.0
201800023227,0018-09-12 17:15:00,18,9,12,17,15,310,69,BD DE L'EUROPE,43.65433,1.37383,Plein jour,En agglomération,Intersection en X,Normale,Deux véhicules - frontale,,,,,,,,,,,1,2,2,1.0,1.0
201800023228,0018-09-13 15:50:00,18,9,13,15,50,310,555,RUE DE METZ,43.60054,1.44698,Plein jour,En agglomération,Intersection en X,Normale,Deux véhicules - côté,,,,,,,,,,,1,2,2,1.0,3.0
201800023229,0018-09-13 16:00:00,18,9,13,16,0,310,555,AV DE GRANDE BRETAGNE,43.59906,1.41721,Plein jour,En agglomération,Hors intersection,Normale,Deux véhicules - arrière,,,,,,,,,,,1,2,1,1.0,2.0
201800023230,0018-09-14 07:50:00,18,9,14,7,50,310,557,MARQUISAT (AV DU),43.57048,1.33594,Plein jour,En agglomération,Hors intersection,Normale,Deux véhicules - côté,,,,,,,,,,,1,2,1,1.0,3.0
201800023231,0018-09-14 10:05:00,18,9,14,10,5,310,555,AV DE LYON,43.61489,1.45176,Plein jour,En agglomération,Hors intersection,Normale,Deux véhicules - côté,,,,,,,,,,,1,2,1,1.0,3.0
201800023232,0018-09-14 11:30:00,18,9,14,11,30,310,555,RTE D ALBI,43.64345,1.46805,Plein jour,En agglomération,Hors intersection,Normale,Deux véhicules - frontale,,,,,,,,,,,1,2,1,1.0,1.0
201800023233,0018-09-14 08:00:00,18,9,14,8,0,310,555,RTE DE NARBONNE,43.56575,1.45919,Crépuscule ou aube,En agglomération,Hors intersection,Normale,Autre collision,,,,,,,,,,,2,2,1,1.0,6.0
201800023234,0018-09-14 12:02:00,18,9,14,12,2,310,557,BD VINCENT AURIOL,43.58616,1.34711,Plein jour,En agglomération,Hors intersection,Normale,Trois véhicules et plus - en chaîne,,,,,,,,,,,1,2,1,1.0,4.0
201800023235,0018-09-16 22:30:00,18,9,16,22,30,310,555,AV DE LATTRE DE TASSIGNY,43.57743,1.43634,Nuit avec éclairage non allumé,Hors agglomération,Hors intersection,Normale,Autre collision,,,,,,,,,,,4,1,1,1.0,6.0
201800023236,0018-09-17 07:55:00,18,9,17,7,55,310,555,CHE DU CHEVREFEUILLE,43.61117,1.35517,Plein jour,En agglomération,Hors intersection,Normale,Deux véhicules - côté,,,,,,,,,,,1,2,1,1.0,3.0
201800023237,0018-09-17 08:35:00,18,9,17,8,35,310,555,VA007331 A620,43.56463,1.41813,Plein jour,Hors agglomération,Hors intersection,Normale,Trois véhicules et plus - collisions multiples,,,,,,,,,,,1,1,1,1.0,5.0
201800023238,0018-09-17 18:00:00,18,9,17,18,0,310,555,VA007473 A62,45.64663,1.45218,Plein jour,Hors agglomération,Hors intersection,Normale,Deux véhicules - arrière,,,,,,,,,,,1,1,1,1.0,2.0
201800023239,0018-09-18 21:25:00,18,9,18,21,25,310,555,RUE DU FAUBOURG BONNEFOY,43.62129,1.45787,Nuit avec éclairage allumé,En agglomération,Intersection en X,Normale,Deux véhicules - côté,,,,,,,,,,,5,2,2,1.0,3.0
201800023240,0018-09-19 17:00:00,18,9,19,17,0,310,555,A621 (SEPT DENIERS-ANCEL,43.62463,1.40859,Plein jour,Hors agglomération,Hors intersection,Normale,Trois véhicules et plus - en chaîne,,,,,,,,,,,1,1,1,1.0,4.0
201800023241,0018-09-19 20:05:00,18,9,19,20,5,310,555,BD DE LA MARQUETTE,43.61138,1.42279,Nuit avec éclairage allumé,En agglomération,Hors intersection,Normale,Autre collision,,,,,,,,,,,5,2,1,1.0,6.0
201800023242,0018-09-20 04:10:00,18,9,20,4,10,310,555,RUE DE CUGNAUX,43.59309,1.424,Nuit avec éclairage allumé,En agglomération,Intersection en T,Normale,Deux véhicules - frontale,,,,,,,,,,,5,2,3,1.0,1.0
201800023243,0018-09-20 09:10:00,18,9,20,9,10,310,555,VA007331 A620,43.56525,1.48435,Plein jour,Hors agglomération,Hors intersection,Normale,Deux véhicules - côté,,,,,,,,,,,1,1,1,1.0,3.0
201800023244,0018-09-20 17:15:00,18,9,20,17,15,310,555,DESBALS (RUE HENRI),43.58426,1.41539,Plein jour,En agglomération,Hors intersection,Normale,Deux véhicules - côté,,,,,,,,,,,1,2,1,1.0,3.0
201800023245,0018-09-21 11:25:00,18,9,21,11,25,310,555,RUE DU REMPART MATABIAU,43.60784,1.44618,Plein jour,En agglomération,Hors intersection,Normale,Autre collision,,,,,,,,,,,1,2,1,1.0,6.0
201800023246,0018-09-21 15:08:00,18,9,21,15,8,310,555,AV DES ETATS UNIS,43.63365,1.43119,Plein jour,En agglomération,Hors intersection,Normale,Deux véhicules - côté,,,,,,,,,,,1,2,1,1.0,3.0
201800023247,0018-09-21 18:30:00,18,9,21,18,30,310,555,CHE DE LA SAUDRUNE,43.54133,1.39029,Plein jour,Hors agglomération,Hors intersection,Normale,Deux véhicules - frontale,,,,,,,,,,,1,1,1,1.0,1.0
201800023248,0018-09-23 04:20:00,18,9,23,4,20,310,555,RUE DE BAYARD,43.60811,1.44654,Nuit avec éclairage allumé,En agglomération,Hors intersection,Normale,Autre collision,,,,,,,,,,,5,2,1,1.0,6.0
201800023249,0018-09-23 06:50:00,18,9,23,6,50,310,555,BD MATABIAU,43.61404,1.44992,Nuit avec éclairage allumé,En agglomération,Hors intersection,Normale,Autre collision,,,,,,,,,,,5,2,1,1.0,6.0
201800023250,0018-09-23 12:14:00,18,9,23,12,14,310,149,RD POINT DE LA MEDITERRA,43.61265,1.33171,Plein jour,En agglomération,Hors intersection,Normale,Deux véhicules - côté,,,,,,,,,,,1,2,1,1.0,3.0
201800023251,0018-09-23 13:40:00,18,9,23,13,40,310,555,RUE DU LOT,43.5807,1.40984,Plein jour,En agglomération,Hors intersection,Normale,Deux véhicules - arrière,,,,,,,,,,,1,2,1,1.0,2.0
201800023252,0018-09-22 20:30:00,18,9,22,20,30,310,555,CHE DU CHAPITRE,43.55991,1.4111,Nuit sans éclairage public,En agglomération,Hors intersection,Normale,Autre collision,,,,,,,,,,,3,2,1,1.0,6.0
201800023253,0018-09-24 07:45:00,18,9,24,7,45,310,555,VA007553 A61,43.6308,1.47858,Plein jour,Hors agglomération,Hors intersection,Pluie légère,Deux véhicules - arrière,,,,,,,,,,,1,1,1,2.0,2.0