accident_id,datetime,annee,mois,jour,heure,minute,departement,commune_insee,adresse,latitude,longitude,luminosite,agglomeration,intersection,meteo,collision,nb_vehicules,nb_usagers,nb_indemnes,nb_tues,nb_blesses_hosp,nb_blesses_legers,age_cond_1,age_cond_2,veh_type_cond_1,veh_type_cond_2,lum_code,agg_code,int_code,atm_code,col_code
201800023254,0018-09-24 16:15:00,18,9,24,16,15,310,149,TOURNEFEUILLE (AVENUE DE,43.6024,1.3507,Plein jour,En agglomération,Hors intersection,Normale,Autre collision,,,,,,,,,,,1,2,1,1.0,6.0
201800023255,0018-09-24 20:15:00,18,9,24,20,15,310,149,AV JEAN MONNET,43.62117,1.34502,Crépuscule ou aube,En agglomération,Hors intersection,Normale,Deux véhicules - côté,,,,,,,,,,,2,2,1,1.0,3.0
201800023256,0018-09-25 15:00:00,18,9,25,15,0,310,555,33 B SESQUIERES  (PERIPH,43.64556,1.42148,Plein jour,Hors agglomération,Hors intersection,Normale,Deux véhicules - côté,,,,,,,,,,,1,1,1,1.0,3.0
201800023257,0018-09-25 15:50:00,18,9,25,15,50,310,149,ORMEAU (CHEMIN DE L'),43.61401,1.32919,Plein jour,En agglomération,Hors intersection,Normale,Autre collision,,,,,,,,,,,1,2,1,1.0,6.0
201800023258,0018-09-25 09:45:00,18,9,25,9,45,310,555,RN 124,43.60603,1.30508,Plein jour,Hors agglomération,Hors intersection,Normale,Trois véhicules et plus - en chaîne,,,,,,,,,,,1,1,1,1.0,4.0
201800023259,0018-09-25 09:30:00,18,9,25,9,30,310,555,BD LASCROSSES,43.61106,1.43743,Plein jour,Hors agglomération,Hors intersection,Normale,Autre collision,,,,,,,,,,,1,1,1,1.0,6.0
201800023260,0018-09-26 14:00:00,18,9,26,14,0,310,555,ALL HENRI SELLIER,43.57725,1.43887,Plein jour,En agglomération,Hors intersection,Normale,Deux véhicules - côté,,,,,,,,,,,1,2,1,1.0,3.0
201800023261,0018-09-26 20:00:00,18,9,26,20,0,310,555,VA007331 A620,43.64738,1.42151,Nuit avec éclairage allumé,Hors agglomération,Hors intersection,Normale,Deux véhicules - côté,,,,,,,,,,,5,1,1,1.0,3.0
201800023262,0018-09-26 22:12:00,18,9,26,22,12,310,555,BD LAZARE CARNOT,43.60449,1.44992,Nuit avec éclairage allumé,En agglomération,Hors intersection,Normale,Autre collision,,,,,,,,,,,5,2,1,1.0,6.0
201800023263,0018-09-26 05:15:00,18,9,26,5,15,310,555,RTE D ALBI,43.64394,1.46832,Nuit sans éclairage public,En agglomération,Hors intersection,Normale,Deux véhicules - côté,,,,,,,,,,,3,2,1,1.0,3.0
201800023264,0018-09-26 12:25:00,18,9,26,12,25,310,555,BD DES COURTIES,43.53985,1.38938,Plein jour,En agglomération,Hors intersection,Normale,Trois véhicules et plus - en chaîne,,,,,,,,,,,1,2,1,1.0,4.0
201800023265,0018-09-27 08:10:00,18,9,27,8,10,310,149,COLLONGUES (RUE ETIENNE),43.59853,1.32923,Plein jour,En agglomération,Intersection en T,Normale,Deux véhicules - côté,,,,,,,,,,,1,2,3,1.0,3.0
201800023266,0018-09-27 15:35:00,18,9,27,15,35,310,555,21 DEMOISELLES  (PERIPH,43.57207,1.47532,Plein jour,Hors agglomération,Hors intersection,Normale,Deux véhicules - frontale,,,,,,,,,,,1,1,1,1.0,1.0
201800023267,0018-09-28 18:20:00,18,9,28,18,20,310,555,BD PIERRE ET MARIE CURIE,43.62392,1.44464,Plein jour,En agglomération,Intersection en T,Normale,Deux véhicules - côté,,,,,,,,,,,1,2,3,1.0,3.0
201800023268,0018-10-01 08:25:00,18,10,1,8,25,310,149,RN124,43.60508,1.34326,Plein jour,Hors agglomération,Hors intersection,Normale,Autre collision,,,,,,,,,,,1,1,1,1.0,6.0
201800023269,0018-10-01 12:50:00,18,10,1,12,50,310,555,AV DE LYON,43.61504,1.45192,Plein jour,En agglomération,Hors intersection,Normale,Deux véhicules - arrière,,,,,,,,,,,1,2,1,1.0,2.0
201800023270,0018-10-02 18:15:00,18,10,2,18,15,310,149,Av Edouard Serres,43.61218,1.35228,Plein jour,En agglomération,Hors intersection,Normale,Deux véhicules - côté,,,,,,,,,,,1,2,1,1.0,3.0
201800023271,0018-10-02 18:20:00,18,10,2,18,20,310,555,ROUTE DE REVEL,43.57511,1.48926,Plein jour,En agglomération,Intersection en X,Normale,Autre collision,,,,,,,,,,,1,2,2,1.0,6.0
201800023272,0018-10-03 11:00:00,18,10,3,11,0,310,555,VA007331 A620,43.57314,1.47239,Plein jour,Hors agglomération,Hors intersection,Normale,Trois véhicules et plus - en chaîne,,,,,,,,,,,1,1,1,1.0,4.0
201800023273,0018-10-03 19:05:00,18,10,3,19,5,310,555,AV DE REYNERIE,43.57542,1.40616,Plein jour,En agglomération,Autre intersection,Normale,Autre collision,,,,,,,,,,,1,2,9,1.0,6.0
201800023274,0018-10-03 15:35:00,18,10,3,15,35,310,69,DEWOITINE (RD-PT EMILE),43.62536,1.38275,Plein jour,En agglomération,Hors intersection,Normale,Deux véhicules - arrière,,,,,,,,,,,1,2,1,1.0,2.0
201800023275,0018-10-04 07:10:00,18,10,4,7,10,310,69,VELASQUEZ (RUE),43.62111,1.39076,Plein jour,En agglomération,Hors intersection,Normale,Autre collision,,,,,,,,,,,1,2,1,1.0,6.0
201800023276,0018-10-04 17:35:00,18,10,4,17,35,310,555,NARBONNE (ROUTE DE),43.56353,1.46126,Plein jour,En agglomération,Hors intersection,Normale,Deux véhicules - côté,,,,,,,,,,,1,2,1,1.0,3.0
201800023277,0018-10-04 20:55:00,18,10,4,20,55,310,555,URSS (AV DE L) DU 1AU 73,43.58094,1.44943,Nuit avec éclairage allumé,En agglomération,Hors intersection,Normale,Deux véhicules - arrière,,,,,,,,,,,5,2,1,1.0,2.0
201800023278,0018-10-05 07:50:00,18,10,5,7,50,310,555,BD LAZARE CARNOT,43.60434,1.45002,Crépuscule ou aube,En agglomération,Hors intersection,Normale,Deux véhicules - côté,,,,,,,,,,,2,2,1,1.0,3.0
201800023279,0018-10-05 07:50:00,18,10,5,7,50,310,557,BELBEZE (RUE DE),43.58116,1.33896,Plein jour,En agglomération,Intersection en T,Normale,Deux véhicules - côté,,,,,,,,,,,1,2,3,1.0,3.0
201800023280,0018-10-05 05:20:00,18,10,5,5,20,310,555,RTE DE SAINT SIMON,43.58578,1.40418,Nuit avec éclairage allumé,En agglomération,Hors intersection,Normale,Autre collision,,,,,,,,,,,5,2,1,1.0,6.0
201800023281,0018-10-05 11:10:00,18,10,5,11,10,310,555,BD DELACOURTIE,43.58393,1.44954,Plein jour,En agglomération,Hors intersection,Normale,Deux véhicules - côté,,,,,,,,,,,1,2,1,1.0,3.0
201800023282,0018-10-07 16:45:00,18,10,7,16,45,310,555,RUE DE LA REPUBLIQUE,43.59864,1.43552,Plein jour,En agglomération,Hors intersection,Normale,Autre collision,,,,,,,,,,,1,2,1,1.0,6.0
201800023283,0018-10-07 17:05:00,18,10,7,17,5,310,555,SAINT SIMON (RTE DE) DU,43.58899,1.4127,Plein jour,En agglomération,Hors intersection,Normale,Deux véhicules - arrière,,,,,,,,,,,1,2,1,1.0,2.0
201800023284,0018-10-08 13:35:00,18,10,8,13,35,310,555,RUE JOACHIM DU BELLAY,43.58574,1.40522,Plein jour,En agglomération,Hors intersection,Normale,Deux véhicules - côté,,,,,,,,,,,1,2,1,1.0,3.0
201800023285,0018-10-09 07:05:00,18,10,9,7,5,310,149,RD POINT GASCOGNE,43.60862,1.32677,Nuit avec éclairage allumé,En agglomération,Giratoire,Normale,Deux véhicules - côté,,,,,,,,,,,5,2,6,1.0,3.0
201800023286,0018-10-09 17:55:00,18,10,9,17,55,310,555,AV DES ETATS UNIS,43.66405,1.4142,Plein jour,En agglomération,Hors intersection,Normale,Deux véhicules - frontale,,,,,,,,,,,1,2,1,1.0,1.0
201800023287,0018-10-10 08:25:00,18,10,10,8,25,310,555,BD DE STRASBOURG,43.60792,1.44634,Crépuscule ou aube,En agglomération,Hors intersection,Normale,Autre collision,,,,,,,,,,,2,2,1,1.0,6.0
201800023288,0018-10-12 06:45:00,18,10,12,6,45,310,149,SERRES (AVENUE EDOUARD),43.61221,1.3522,Nuit avec éclairage allumé,En agglomération,Hors intersection,Normale,Deux véhicules - côté,,,,,,,,,,,5,2,1,1.0,3.0
201800023289,0018-10-12 12:50:00,18,10,12,12,50,310,555,VA007331 A620,43.57036,1.43031,Plein jour,Hors agglomération,Hors intersection,Normale,Deux véhicules - arrière,,,,,,,,,,,1,1,1,1.0,2.0
201800023290,0018-10-12 17:30:00,18,10,12,17,30,310,69,A621,43.62459,1.38665,Plein jour,Hors agglomération,Hors intersection,Normale,Trois véhicules et plus - en chaîne,,,,,,,,,,,1,1,1,1.0,4.0
201800023291,0018-10-13 05:20:00,18,10,13,5,20,310,555,RD901,43.61525,1.38822,Nuit avec éclairage non allumé,Hors agglomération,Hors intersection,Normale,Sans collision,,,,,,,,,,,4,1,1,1.0,7.0
201800023292,0018-10-14 08:45:00,18,10,14,8,45,310,555,AV DES ETATS UNIS,43.62954,1.43275,Plein jour,En agglomération,Hors intersection,Normale,Deux véhicules - côté,,,,,,,,,,,1,2,1,1.0,3.0
201800023293,0018-10-16 08:43:00,18,10,16,8,43,310,555,VA008493 LA CRABE A624 S,43.60914,1.37171,Plein jour,Hors agglomération,Hors intersection,Normale,Deux véhicules - arrière,,,,,,,,,,,1,1,1,1.0,2.0
201800023294,0018-10-16 21:20:00,18,10,16,21,20,310,555,RTE DE REVEL,43.57098,1.49919,Nuit sans éclairage public,En agglomération,Hors intersection,Normale,Autre collision,,,,,,,,,,,3,2,1,1.0,6.0
201800023295,0018-10-17 16:55:00,18,10,17,16,55,310,555,AV DE GRANDE BRETAGNE,43.60596,1.40186,Plein jour,En agglomération,Hors intersection,Normale,Deux véhicules - arrière,,,,,,,,,,,1,2,1,1.0,2.0
201800023296,0018-10-16 18:35:00,18,10,16,18,35,310,555,BD LAZARE CARNOT,43.60428,1.45009,Plein jour,En agglomération,Intersection en T,Normale,Deux véhicules - côté,,,,,,,,,,,1,2,3,1.0,3.0
201800023297,0018-10-18 07:15:00,18,10,18,7,15,310,555,AV ETIENNE BILLIERES,43.59699,1.42559,Crépuscule ou aube,En agglomération,Hors intersection,Pluie légère,Deux véhicules - côté,,,,,,,,,,,2,2,1,2.0,3.0
201800023298,0018-10-17 23:12:00,18,10,17,23,12,310,555,RUE FEDERICO GARCIA LORC,43.63516,1.42654,Nuit avec éclairage allumé,En agglomération,Hors intersection,Normale,Autre collision,,,,,,,,,,,5,2,1,1.0,6.0
201800023299,0018-10-19 07:55:00,18,10,19,7,55,310,149,OUEST (BOULEVARD DE L'),43.61232,1.32244,Plein jour,En agglomération,Intersection en T,Brouillard / fumée,Deux véhicules - côté,,,,,,,,,,,1,2,3,5.0,3.0
201800023300,0018-10-19 17:00:00,18,10,19,17,0,310,149,SALVETAT (CHEMIN DE LA),43.60005,1.29686,Plein jour,En agglomération,Hors intersection,Normale,Deux véhicules - côté,,,,,,,,,,,1,2,1,1.0,3.0
201800023301,0018-10-20 19:52:00,18,10,20,19,52,310,555,CHE DU RAMELET MOUNDI,43.58229,1.37036,Nuit sans éclairage public,En agglomération,Hors intersection,Normale,Deux véhicules - côté,,,,,,,,,,,3,2,1,1.0,3.0
201800023302,0018-10-21 07:29:00,18,10,21,7,29,310,555,RTE D AGDE,43.62811,1.47942,Plein jour,En agglomération,Hors intersection,Pluie légère,Deux véhicules - arrière,,,,,,,,,,,1,2,1,2.0,2.0
201800023303,0018-10-21 13:24:00,18,10,21,13,24,310,555,AV DE LYON,43.61458,1.45159,Plein jour,En agglomération,Hors intersection,Normale,Deux véhicules - côté,,,,,,,,,,,1,2,1,1.0,3.0
201800023304,0018-10-22 07:55:00,18,10,22,7,55,310,555,RTE DE SAINT SIMON,43.58991,1.41512,Plein jour,En agglomération,Intersection en T,Normale,Autre collision,,,,,,,,,,,1,2,3,1.0,6.0
201800023305,0018-10-22 16:50:00,18,10,22,16,50,310,557,DOUMERGUE (RUE GASTON),43.58334,1.34104,Plein jour,En agglomération,Hors intersection,Normale,Deux véhicules - côté,,,,,,,,,,,1,2,1,1.0,3.0
201800023306,0018-10-22 21:18:00,18,10,22,21,18,310,555,ETATS UNIS (AV DES) DU 1,43.65681,1.42078,Nuit avec éclairage allumé,En agglomération,Hors intersection,Normale,Deux véhicules - côté,,,,,,,,,,,5,2,1,1.0,3.0
201800023307,0018-10-23 12:15:00,18,10,23,12,15,310,555,AV DE L URSS,43.58132,1.44925,Plein jour,En agglomération,Hors intersection,Normale,Autre collision,,,,,,,,,,,1,2,1,1.0,6.0
201800023308,0018-10-24 18:00:00,18,10,24,18,0,310,555,VA007331 A620,43.57816,1.40734,Plein jour,Hors agglomération,Hors intersection,Normale,Deux véhicules - arrière,,,,,,,,,,,1,1,1,1.0,2.0
201800023309,0018-10-24 18:00:00,18,10,24,18,0,310,555,CHE DE BOUDOU,43.64795,1.44333,Plein jour,En agglomération,Hors intersection,Normale,Autre collision,,,,,,,,,,,1,2,1,1.0,6.0
201800023310,0018-10-25 09:30:00,18,10,25,9,30,310,555,BD DE THIBAUD,43.54961,1.40079,Plein jour,En agglomération,Hors intersection,Normale,Deux véhicules - côté,,,,,,,,,,,1,2,1,1.0,3.0
201800023311,0018-10-25 12:15:00,18,10,25,12,15,310,555,RUE SAINTE ANNE,43.59802,1.45077,Plein jour,En agglomération,Hors intersection,Normale,Autre collision,,,,,,,,,,,1,2,1,1.0,6.0
201800023312,0018-10-26 08:20:00,18,10,26,8,20,310,555,RUE LOUIS VITET,43.59448,1.45924,Plein jour,En agglomération,Hors intersection,Normale,Autre collision,,,,,,,,,,,1,2,1,1.0,6.0
201800023313,0018-10-26 14:45:00,18,10,26,14,45,310,555,SAINT PIERRE (QU) DU 4AU,43.60377,1.43431,Plein jour,En agglomération,Intersection en T,Normale,Deux véhicules - côté,,,,,,,,,,,1,2,3,1.0,3.0
201800023314,0018-10-26 18:59:00,18,10,26,18,59,310,555,ALL FREDERIC MISTRAL,43.59208,1.4533,Crépuscule ou aube,En agglomération,Hors intersection,Normale,Deux véhicules - arrière,,,,,,,,,,,2,2,1,1.0,2.0
201800023315,0018-10-27 04:45:00,18,10,27,4,45,310,555,BD LAZARE CARNOT,43.60461,1.44974,Nuit avec éclairage allumé,En agglomération,Hors intersection,Pluie légère,Autre collision,,,,,,,,,,,5,2,1,2.0,6.0
201800023316,0018-10-27 11:45:00,18,10,27,11,45,310,555,IMP LOUIS PLANA,43.61929,1.46947,Plein jour,En agglomération,Hors intersection,Normale,Autre collision,,,,,,,,,,,1,2,1,1.0,6.0
201800023317,0018-10-27 23:00:00,18,10,27,23,0,310,555,CHE RAYNAL,43.63123,1.45455,Nuit avec éclairage allumé,En agglomération,Hors intersection,Normale,Sans collision,,,,,,,,,,,5,2,1,1.0,7.0
201800023318,0018-10-25 11:25:00,18,10,25,11,25,310,555,BD FLORENCE ARTHAUD,43.64765,1.45475,Plein jour,En agglomération,Hors intersection,Normale,Deux véhicules - arrière,,,,,,,,,,,1,2,1,1.0,2.0
201800023319,0018-10-30 14:32:00,18,10,30,14,32,310,555,VA007553 A61,43.64486,1.46862,Plein jour,Hors agglomération,Hors intersection,Normale,Deux véhicules - arrière,,,,,,,,,,,1,1,1,1.0,2.0
201800023320,0018-10-30 18:35:00,18,10,30,18,35,310,69,FIL D'ARIANE (RD902),43.64944,1.36566,Nuit sans éclairage public,Hors agglomération,Hors intersection,Normale,Trois véhicules et plus - en chaîne,,,,,,,,,,,3,1,1,1.0,4.0
201800023321,0018-10-30 19:07:00,18,10,30,19,7,310,555,AV DE GRANDE BRETAGNE,43.60739,1.39832,Nuit avec éclairage allumé,En agglomération,Hors intersection,Normale,Deux véhicules - arrière,,,,,,,,,,,5,2,1,1.0,2.0
201800023322,0018-10-30 21:45:00,18,10,30,21,45,310,557,AV JEAN JAURES,43.58849,1.3588,Nuit sans éclairage public,En agglomération,Intersection en X,Normale,Deux véhicules - côté,,,,,,,,,,,3,2,2,1.0,3.0
201800023323,0018-10-25 18:30:00,18,10,25,18,30,310,555,RUE DU FAUBOURG BONNEFOY,43.61802,1.45556,Nuit avec éclairage non allumé,En agglomération,Hors intersection,Normale,Autre collision,,,,,,,,,,,4,2,1,1.0,6.0
201800023324,0018-11-01 03:00:00,18,11,1,3,0,310,555,AV PAUL SEJOURNE,43.60649,1.42801,Nuit avec éclairage allumé,En agglomération,Hors intersection,Normale,Deux véhicules - côté,,,,,,,,,,,5,2,1,1.0,3.0
201800023325,0018-11-02 16:35:00,18,11,2,16,35,310,555,VA007331 A620,43.58731,1.40137,Plein jour,Hors agglomération,Hors intersection,Normale,Trois véhicules et plus - en chaîne,,,,,,,,,,,1,1,1,1.0,4.0
201800023326,0018-11-02 19:30:00,18,11,2,19,30,310,555,RUE JEAN MERMOZ,43.58285,1.41681,Nuit sans éclairage public,En agglomération,Hors intersection,Normale,Deux véhicules - côté,,,,,,,,,,,3,2,1,1.0,3.0
201800023327,0018-11-04 17:09:00,18,11,4,17,9,310,555,RUE DE CUGNAUX,43.59264,1.42297,Plein jour,En agglomération,Passage à niveau,Normale,Deux véhicules - côté,,,,,,,,,,,1,2,8,1.0,3.0
201800023328,0018-11-04 18:52:00,18,11,4,18,52,310,555,AV DE GRANDE BRETAGNE,43.59739,1.42117,Nuit avec éclairage allumé,En agglomération,Hors intersection,Normale,Deux véhicules - côté,,,,,,,,,,,5,2,1,1.0,3.0
201800023329,0018-11-05 08:08:00,18,11,5,8,8,310,555,AV RAYMOND BADIOU,43.59923,1.41123,Plein jour,En agglomération,Autre intersection,Normale,Deux véhicules - côté,,,,,,,,,,,1,2,9,1.0,3.0
201800023330,0018-11-06 11:50:00,18,11,6,11,50,310,555,RUE MALBEC,43.6029,1.43735,Plein jour,En agglomération,Hors intersection,Normale,Autre collision,,,,,,,,,,,1,2,1,1.0,6.0
201800023331,0018-11-07 17:20:00,18,11,7,17,20,310,149,Bd VICTOR HUGO,43.61761,1.31541,Crépuscule ou aube,En agglomération,Hors intersection,Pluie légère,Deux véhicules - frontale,,,,,,,,,,,2,2,1,2.0,1.0
201800023332,0018-11-08 09:05:00,18,11,8,9,5,310,555,RTE D ALBI,43.63867,1.4654,Plein jour,En agglomération,Intersection en T,Normale,Deux véhicules - côté,,,,,,,,,,,1,2,3,1.0,3.0
201800023333,0018-11-08 12:45:00,18,11,8,12,45,310,555,AV DES MINIMES,43.62583,1.43416,Plein jour,En agglomération,Hors intersection,Normale,Autre collision,,,,,,,,,,,1,2,1,1.0,6.0
201800023334,0018-11-08 16:20:00,18,11,8,16,20,310,555,RUE DE COULMIERS,43.61239,1.44207,Plein jour,En agglomération,Hors intersection,Normale,Autre collision,,,,,,,,,,,1,2,1,1.0,6.0
201800023335,0018-11-09 00:20:00,18,11,9,0,20,310,555,JULIEN (AV JULES) DU 4AU,43.57614,1.45097,Nuit avec éclairage allumé,En agglomération,Hors intersection,Normale,Deux véhicules - côté,,,,,,,,,,,5,2,1,1.0,3.0
201800023336,0018-11-09 07:30:00,18,11,9,7,30,310,555,CHE DE L ESPEISSIERE,43.6096,1.37024,Nuit avec éclairage non allumé,En agglomération,Hors intersection,Pluie forte,Deux véhicules - côté,,,,,,,,,,,4,2,1,3.0,3.0
201800023337,0018-11-09 13:30:00,18,11,9,13,30,310,555,AV DE LYON,43.61506,1.45187,Plein jour,En agglomération,Hors intersection,Pluie légère,Autre collision,,,,,,,,,,,1,2,1,2.0,6.0
201800023338,0018-11-09 20:30:00,18,11,9,20,30,310,555,AV DE LARDENNE,43.59357,1.39129,Nuit avec éclairage allumé,En agglomération,Hors intersection,Normale,Deux véhicules - arrière,,,,,,,,,,,5,2,1,1.0,2.0
201800023339,0018-11-10 09:25:00,18,11,10,9,25,310,555,12 LES IZARDS (PERIPH ES,43.64718,1.43901,Plein jour,Hors agglomération,Hors intersection,Normale,Trois véhicules et plus - collisions multiples,,,,,,,,,,,1,1,1,1.0,5.0
201800023340,0018-11-10 23:00:00,18,11,10,23,0,310,555,BD DE SUISSE,43.62192,1.42493,Nuit avec éclairage allumé,En agglomération,Hors intersection,Normale,Deux véhicules - côté,,,,,,,,,,,5,2,1,1.0,3.0
201800023341,0018-11-11 17:00:00,18,11,11,17,0,310,555,RTE DE SAINT SIMON,43.58981,1.41512,Plein jour,En agglomération,Intersection en T,Normale,Autre collision,,,,,,,,,,,1,2,3,1.0,6.0
201800023342,0018-11-09 11:15:00,18,11,9,11,15,310,555,AV CRAMPEL,43.58523,1.45475,Plein jour,En agglomération,Hors intersection,Normale,Trois véhicules et plus - en chaîne,,,,,,,,,,,1,2,1,1.0,4.0
201800023343,0018-11-12 15:15:00,18,11,12,15,15,310,149,Bd VICTOR HUGO,43.61646,1.31132,Plein jour,En agglomération,Hors intersection,Normale,Trois véhicules et plus - en chaîne,,,,,,,,,,,1,2,1,1.0,4.0
201800023344,0018-11-12 14:05:00,18,11,12,14,5,310,555,RUE DES COSMONAUTES,43.56376,1.4959,Plein jour,En agglomération,Hors intersection,Normale,Autre collision,,,,,,,,,,,1,2,1,1.0,6.0
201800023345,0018-11-13 08:40:00,18,11,13,8,40,310,555,RTE DE SEYSSES,43.56838,1.41333,Plein jour,En agglomération,Hors intersection,Normale,Deux véhicules - côté,,,,,,,,,,,1,2,1,1.0,3.0
201800023346,0018-11-13 14:05:00,18,11,13,14,5,310,555,SAINT MICHEL (GRANDE RUE,43.59301,1.44447,Plein jour,En agglomération,Intersection en X,Normale,Deux véhicules - côté,,,,,,,,,,,1,2,2,1.0,3.0
201800023347,0018-11-13 17:44:00,18,11,13,17,44,310,557,AURIOL (BD VINCENT),43.58798,1.35536,Crépuscule ou aube,En agglomération,Hors intersection,Normale,Deux véhicules - arrière,,,,,,,,,,,2,2,1,1.0,2.0
201800023348,0018-11-14 13:35:00,18,11,14,13,35,310,69,COMPANS (AV DU GENERAL),43.62949,1.39746,Plein jour,En agglomération,Hors intersection,Normale,Deux véhicules - côté,,,,,,,,,,,1,2,1,1.0,3.0
201800023349,0018-11-14 20:00:00,18,11,14,20,0,310,555,CHE DE LA BOURIETTE,43.60685,1.37488,Nuit avec éclairage allumé,En agglomération,Intersection en T,Normale,Deux véhicules - côté,,,,,,,,,,,5,2,3,1.0,3.0
201800023350,0018-11-15 12:45:00,18,11,15,12,45,310,555,CHE FERRO LEBRES,43.58983,1.37696,Plein jour,En agglomération,Giratoire,Normale,Deux véhicules - côté,,,,,,,,,,,1,2,6,1.0,3.0
201800023351,0018-11-15 16:05:00,18,11,15,16,5,310,555,CHE DE L ESPEISSIERE,43.60919,1.36722,Plein jour,En agglomération,Hors intersection,Normale,Deux véhicules - côté,,,,,,,,,,,1,2,1,1.0,3.0
201800023352,0018-11-16 10:45:00,18,11,16,10,45,310,555,RUE MICHEL ANGE,43.62231,1.44968,Plein jour,En agglomération,Hors intersection,Normale,Sans collision,,,,,,,,,,,1,2,1,1.0,7.0
201800023353,0018-11-16 12:45:00,18,11,16,12,45,310,555,ROND POINT MADELEINE PEL,43.60668,1.39567,Plein jour,En agglomération,Hors intersection,Normale,Deux véhicules - arrière,,,,,,,,,,,1,2,1,1.0,2.0
201800023354,0018-11-17 09:00:00,18,11,17,9,0,310,555,RUE DU FAUBOURG BONNEFOY,43.62187,1.45822,Plein jour,En agglomération,Hors intersection,Normale,Trois véhicules et plus - en chaîne,,,,,,,,,,,1,2,1,1.0,4.0
201800023355,0018-11-17 09:30:00,18,11,17,9,30,310,555,VA007553 A61,43.56334,1.49387,Plein jour,Hors agglomération,Hors intersection,Normale,Trois véhicules et plus - collisions multiples,,,,,,,,,,,1,1,1,1.0,5.0
201800023356,0018-11-18 21:40:00,18,11,18,21,40,310,555,VA007331 A620,43.57057,1.43054,Nuit avec éclairage non allumé,Hors agglomération,Hors intersection,Normale,Sans collision,,,,,,,,,,,4,1,1,1.0,7.0
201800023357,0018-11-06 09:50:00,18,11,6,9,50,310,555,BD RICHARD WAGNER,43.603,1.41463,Plein jour,En agglomération,Hors intersection,Normale,Trois véhicules et plus - en chaîne,,,,,,,,,,,1,2,1,1.0,4.0
201800023358,0018-11-19 19:10:00,18,11,19,19,10,310,149,RN124,43.60682,1.33057,Nuit sans éclairage public,Hors agglomération,Hors intersection,Normale,Deux véhicules - côté,,,,,,,,,,,3,1,1,1.0,3.0
201800023359,0018-11-19 17:40:00,18,11,19,17,40,310,555,VA007473 A62,43.64626,1.46487,Nuit avec éclairage allumé,Hors agglomération,Hors intersection,Normale,Trois véhicules et plus - collisions multiples,,,,,,,,,,,5,1,1,1.0,5.0
201800023360,0018-11-20 08:45:00,18,11,20,8,45,310,555,AV DU DR MAURICE GRYNFOG,43.57838,1.37879,Plein jour,En agglomération,Hors intersection,Normale,Deux véhicules - côté,,,,,,,,,,,1,2,1,1.0,3.0
201800023361,0018-11-20 09:40:00,18,11,20,9,40,310,555,AV DE MURET,43.58674,1.42952,Plein jour,En agglomération,Hors intersection,Normale,Deux véhicules - arrière,,,,,,,,,,,1,2,1,1.0,2.0
201800023362,0018-11-22 21:30:00,18,11,22,21,30,310,555,RTE D ALBI,43.64428,1.46837,Nuit avec éclairage allumé,En agglomération,Intersection en T,Normale,Deux véhicules - côté,,,,,,,,,,,5,2,3,1.0,3.0
201800023363,0018-11-20 08:40:00,18,11,20,8,40,310,555,RUE DE CUGNAUX,43.59423,1.42724,Plein jour,En agglomération,Intersection en T,Normale,Deux véhicules - côté,,,,,,,,,,,1,2,3,1.0,3.0
201800023364,0018-11-23 08:05:00,18,11,23,8,5,310,555,RTE DE REVEL,43.56823,1.50502,Crépuscule ou aube,En agglomération,Intersection en T,Normale,Deux véhicules - côté,,,,,,,,,,,2,2,3,1.0,3.0
201800023365,0018-11-26 17:00:00,18,11,26,17,0,310,555,AV EDOUARD BELIN,43.56535,1.47903,Crépuscule ou aube,En agglomération,Hors intersection,Normale,Deux véhicules - côté,,,,,,,,,,,2,2,1,1.0,3.0
201800023366,0018-11-27 09:15:00,18,11,27,9,15,310,555,AV DE GRANDE BRETAGNE,43.60441,1.40545,Plein jour,En agglomération,Hors intersection,Normale,Deux véhicules - arrière,,,,,,,,,,,1,2,1,1.0,2.0
201800023367,0018-11-27 13:20:00,18,11,27,13,20,310,555,RTE DE SEYSSES,43.56857,1.41378,Plein jour,En agglomération,Intersection en T,Normale,Deux véhicules - côté,,,,,,,,,,,1,2,3,1.0,3.0
201800023368,0018-11-27 15:15:00,18,11,27,15,15,310,555,AV DE L URSS,43.58297,1.44837,Plein jour,En agglomération,Intersection en T,Normale,Deux véhicules - côté,,,,,,,,,,,1,2,3,1.0,3.0
201800023369,0018-11-27 18:30:00,18,11,27,18,30,310,555,AV DE LA GLOIRE,43.60679,1.47332,Nuit avec éclairage allumé,En agglomération,Intersection en T,Normale,Autre collision,,,,,,,,,,,5,2,3,1.0,6.0
201800023370,0018-11-28 08:50:00,18,11,28,8,50,310,555,AV DES MINIMES,43.61779,1.43659,Plein jour,En agglomération,Hors intersection,Normale,Autre collision,,,,,,,,,,,1,2,1,1.0,6.0
201800023371,0018-11-28 17:29:00,18,11,28,17,29,310,555,AV DE MURET,43.58614,1.42905,Crépuscule ou aube,En agglomération,Hors intersection,Normale,Deux véhicules - frontale,,,,,,,,,,,2,2,1,1.0,1.0
201800023372,0018-11-29 17:45:00,18,11,29,17,45,310,555,VA007553 A61,43.56075,1.49402,Crépuscule ou aube,Hors agglomération,Hors intersection,Normale,Trois véhicules et plus - en chaîne,,,,,,,,,,,2,1,1,1.0,4.0
201800023373,0018-11-29 18:00:00,18,11,29,18,0,310,555,VA008482 A624,43.61086,1.38404,Nuit sans éclairage public,Hors agglomération,Hors intersection,Normale,Trois véhicules et plus - en chaîne,,,,,,,,,,,3,1,1,1.0,4.0