accident_id,datetime,annee,mois,jour,heure,minute,departement,commune_insee,adresse,latitude,longitude,luminosite,agglomeration,intersection,meteo,collision,nb_vehicules,nb_usagers,nb_indemnes,nb_tues,nb_blesses_hosp,nb_blesses_legers,age_cond_1,age_cond_2,veh_type_cond_1,veh_type_cond_2,lum_code,agg_code,int_code,atm_code,col_code
201800023374,0018-11-29 21:30:00,18,11,29,21,30,310,555,CHE DE FENOUILLET,43.64728,1.41432,Nuit avec éclairage allumé,En agglomération,Hors intersection,Normale,Autre collision,,,,,,,,,,,5,2,1,1.0,6.0
201800023375,0018-11-30 02:30:00,18,11,30,2,30,310,555,AV DES MINIMES,43.61743,1.43668,Nuit avec éclairage allumé,En agglomération,Hors intersection,Normale,Deux véhicules - arrière,,,,,,,,,,,5,2,1,1.0,2.0
201800023376,0018-11-29 22:30:00,18,11,29,22,30,310,555,VA007553 A61,43.57522,1.49679,Nuit avec éclairage non allumé,Hors agglomération,Hors intersection,Normale,Autre collision,,,,,,,,,,,4,1,1,1.0,6.0
201800023377,0018-11-30 07:30:00,18,11,30,7,30,310,555,RUE PAUL MERLIN,43.60322,1.40999,Nuit sans éclairage public,En agglomération,Intersection en T,Pluie légère,Deux véhicules - côté,,,,,,,,,,,3,2,3,2.0,3.0
201800023378,0018-11-30 08:35:00,18,11,30,8,35,310,555,AV ETIENNE BILLIERES,43.59723,1.42773,Crépuscule ou aube,En agglomération,Hors intersection,Pluie légère,Deux véhicules - côté,,,,,,,,,,,2,2,1,2.0,3.0
201800023379,0018-11-30 17:55:00,18,11,30,17,55,310,555,RTE DE SEYSSES,43.55227,1.39602,Nuit avec éclairage allumé,En agglomération,Hors intersection,Pluie forte,Deux véhicules - côté,,,,,,,,,,,5,2,1,3.0,3.0
201800023380,0018-11-30 19:40:00,18,11,30,19,40,310,555,VA007495 A62,43.62318,1.48081,Nuit avec éclairage allumé,Hors agglomération,Hors intersection,Normale,Deux véhicules - arrière,,,,,,,,,,,5,1,1,1.0,2.0
201800023381,0018-12-05 08:50:00,18,12,5,8,50,310,555,ALL CHARLES DE FITTE,43.59985,1.42926,Plein jour,En agglomération,Hors intersection,Normale,Deux véhicules - arrière,,,,,,,,,,,1,2,1,1.0,2.0
201800023382,0018-12-06 11:35:00,18,12,6,11,35,310,555,AV DE MURET,43.59106,1.43335,Plein jour,En agglomération,Hors intersection,Normale,Autre collision,,,,,,,,,,,1,2,1,1.0,6.0
201800023383,0018-12-06 12:15:00,18,12,6,12,15,310,555,VA007331 A620,43.60922,1.41262,Plein jour,Hors agglomération,Hors intersection,Normale,Trois véhicules et plus - collisions multiples,,,,,,,,,,,1,1,1,1.0,5.0
201800023384,0018-12-06 16:40:00,18,12,6,16,40,310,69,VIEUX CHEMIN DE GRENADE,43.6512,1.38521,Crépuscule ou aube,En agglomération,Giratoire,Pluie légère,Deux véhicules - côté,,,,,,,,,,,2,2,6,2.0,3.0
201800023385,0018-12-06 17:45:00,18,12,6,17,45,310,149,AV JEAN MONNET,43.62004,1.34375,Nuit avec éclairage allumé,En agglomération,Hors intersection,Pluie légère,Deux véhicules - frontale,,,,,,,,,,,5,2,1,2.0,1.0
201800023386,0018-12-06 20:35:00,18,12,6,20,35,310,555,BD D ARCOLE,43.61061,1.44252,Nuit avec éclairage allumé,En agglomération,Hors intersection,Normale,Autre collision,,,,,,,,,,,5,2,1,1.0,6.0
201800023387,0018-12-06 12:15:00,18,12,6,12,15,310,555,CHE DE LA CEPIERE,43.5846,1.39914,Plein jour,En agglomération,Hors intersection,Normale,Autre collision,,,,,,,,,,,1,2,1,1.0,6.0
201800023388,0018-12-07 07:55:00,18,12,7,7,55,310,555,VA007342 LA CEPIERE  A62,43.58334,1.40407,Crépuscule ou aube,Hors agglomération,Hors intersection,Normale,Deux véhicules - côté,,,,,,,,,,,2,1,1,1.0,3.0
201800023389,0018-12-07 13:45:00,18,12,7,13,45,310,557,SPORTS (ALL DES),43.57961,1.34253,Plein jour,En agglomération,Hors intersection,Normale,Autre collision,,,,,,,,,,,1,2,1,1.0,6.0
201800023390,0018-12-07 13:40:00,18,12,7,13,40,310,555,RD916,43.55465,1.49749,Plein jour,Hors agglomération,Hors intersection,Normale,Trois véhicules et plus - collisions multiples,,,,,,,,,,,1,1,1,1.0,5.0
201800023391,0018-12-07 06:35:00,18,12,7,6,35,310,555,AV DES ETATS UNIS,43.65896,1.41893,Nuit avec éclairage allumé,Hors agglomération,Hors intersection,Normale,Deux véhicules - côté,,,,,,,,,,,5,1,1,1.0,3.0
201800023392,0018-12-08 14:30:00,18,12,8,14,30,310,555,VA007331 A620,43.62651,1.41931,Plein jour,Hors agglomération,Hors intersection,Normale,Autre collision,,,,,,,,,,,1,1,1,1.0,6.0
201800023393,0018-12-10 15:55:00,18,12,10,15,55,310,69,MAGA (RD-PT JEAN),43.62198,1.39759,Plein jour,En agglomération,Giratoire,Normale,Deux véhicules - côté,,,,,,,,,,,1,2,6,1.0,3.0
201800023394,0018-12-10 17:45:00,18,12,10,17,45,310,555,AV DES MINIMES,43.62577,1.43383,Nuit avec éclairage allumé,En agglomération,Hors intersection,Normale,Deux véhicules - côté,,,,,,,,,,,5,2,1,1.0,3.0
201800023395,0018-12-11 07:07:00,18,12,11,7,7,310,555,AV DES MINIMES,43.62065,1.43571,Plein jour,En agglomération,Hors intersection,Brouillard / fumée,Autre collision,,,,,,,,,,,1,2,1,5.0,6.0
201800023396,0018-12-11 08:00:00,18,12,11,8,0,310,557,RAMELET MOUNDI (CH DE),43.5791,1.35886,Plein jour,En agglomération,Intersection en T,Normale,Deux véhicules - côté,,,,,,,,,,,1,2,3,1.0,3.0
201800023397,0018-12-11 18:00:00,18,12,11,18,0,310,555,ALL HENRI SELLIER,43.57725,1.43818,Nuit avec éclairage allumé,En agglomération,Hors intersection,Normale,Autre collision,,,,,,,,,,,5,2,1,1.0,6.0
201800023398,0018-12-12 08:30:00,18,12,12,8,30,310,555,RD901,43.6122,1.38668,Plein jour,Hors agglomération,Hors intersection,Pluie légère,Deux véhicules - côté,,,,,,,,,,,1,1,1,2.0,3.0
201800023399,0018-12-12 18:30:00,18,12,12,18,30,310,555,Rd Pt des Epoux Mongelar,43.59003,1.377,Nuit avec éclairage allumé,En agglomération,Giratoire,Pluie légère,Deux véhicules - côté,,,,,,,,,,,5,2,6,2.0,3.0
201800023400,0018-12-12 13:30:00,18,12,12,13,30,310,69,FLAUBERT (RUE GUSTAVE),43.64828,1.36728,Plein jour,Hors agglomération,Hors intersection,Pluie légère,Deux véhicules - côté,,,,,,,,,,,1,1,1,2.0,3.0
201800023401,0018-12-11 18:30:00,18,12,11,18,30,310,555,VA008482 A624,43.61095,1.37666,Nuit sans éclairage public,Hors agglomération,Hors intersection,Normale,Trois véhicules et plus - en chaîne,,,,,,,,,,,3,1,1,1.0,4.0
201800023402,0018-12-13 18:03:00,18,12,13,18,3,310,149,BD DE L'EUROPE,43.60178,1.35121,Nuit sans éclairage public,En agglomération,Hors intersection,Pluie légère,Autre collision,,,,,,,,,,,3,2,1,2.0,6.0
201800023403,0018-12-14 17:25:00,18,12,14,17,25,310,555,BD LASCROSSES,43.61026,1.43477,Nuit sans éclairage public,En agglomération,Hors intersection,Normale,Deux véhicules - côté,,,,,,,,,,,3,2,1,1.0,3.0
201800023404,0018-12-17 07:39:00,18,12,17,7,39,310,555,VA008482 A624,43.60932,1.37289,Nuit avec éclairage allumé,Hors agglomération,Hors intersection,Pluie légère,Trois véhicules et plus - en chaîne,,,,,,,,,,,5,1,1,2.0,4.0
201800023405,0018-12-17 08:50:00,18,12,17,8,50,310,555,RTE DE BAYONNE,43.60798,1.39349,Plein jour,En agglomération,Hors intersection,Normale,Autre collision,,,,,,,,,,,1,2,1,1.0,6.0
201800023406,0018-12-18 19:37:00,18,12,18,19,37,310,555,BD ANDRE NETWILLER,43.64284,1.45828,Nuit sans éclairage public,En agglomération,Hors intersection,Normale,Deux véhicules - frontale,,,,,,,,,,,3,2,1,1.0,1.0
201800023407,0018-12-19 07:35:00,18,12,19,7,35,310,555,AV DES COTEAUX,43.56782,1.45218,Nuit avec éclairage allumé,En agglomération,Hors intersection,Pluie légère,Autre collision,,,,,,,,,,,5,2,1,2.0,6.0
201800023408,0018-12-19 13:32:00,18,12,19,13,32,310,555,BD D ARCOLE,43.61055,1.4433,Plein jour,En agglomération,Intersection en T,Normale,Deux véhicules - côté,,,,,,,,,,,1,2,3,1.0,3.0
201800023409,0018-12-19 18:35:00,18,12,19,18,35,310,555,BOULINGRIN (ROND POINT D,43.5967,1.45283,Nuit avec éclairage allumé,En agglomération,Hors intersection,Normale,Autre collision,,,,,,,,,,,5,2,1,1.0,6.0
201800023410,0018-12-19 20:20:00,18,12,19,20,20,310,555,BAYONNE (ROUTE DE ),43.60886,1.37248,Nuit avec éclairage allumé,En agglomération,Hors intersection,Normale,Sans collision,,,,,,,,,,,5,2,1,1.0,7.0
201800023411,0018-12-21 07:35:00,18,12,21,7,35,310,555,LATTRE DE TASSIGNY (AV D,43.57721,1.43631,Crépuscule ou aube,En agglomération,Hors intersection,Normale,Autre collision,,,,,,,,,,,2,2,1,1.0,6.0
201800023412,0018-12-21 15:45:00,18,12,21,15,45,310,555,RUE DE LIMAYRAC,43.59328,1.47407,Plein jour,En agglomération,Hors intersection,Normale,Autre collision,,,,,,,,,,,1,2,1,1.0,6.0
201800023413,0018-12-22 01:30:00,18,12,22,1,30,310,69,A621,43.62179,1.39294,Nuit sans éclairage public,Hors agglomération,Hors intersection,Normale,Deux véhicules - côté,,,,,,,,,,,3,1,1,1.0,3.0
201800023414,0018-12-25 14:33:00,18,12,25,14,33,310,555,BD DE STRASBOURG,43.60975,1.44426,Plein jour,En agglomération,Intersection en T,Normale,Deux véhicules - côté,,,,,,,,,,,1,2,3,1.0,3.0
201800023415,0018-12-27 09:00:00,18,12,27,9,0,310,555,CHE DE LA TERRASSE,43.5867,1.48194,Crépuscule ou aube,En agglomération,Hors intersection,Normale,Autre collision,,,,,,,,,,,2,2,1,1.0,6.0
201800023416,0018-12-29 15:35:00,18,12,29,15,35,310,69,FLAUBERT (RUE GUSTAVE),43.64686,1.36799,Plein jour,En agglomération,Hors intersection,Normale,Deux véhicules - côté,,,,,,,,,,,1,2,1,1.0,3.0
201800023417,0018-12-28 18:00:00,18,12,28,18,0,310,555,CHE DES IZARDS,43.63822,1.44425,Nuit avec éclairage allumé,En agglomération,Hors intersection,Normale,Autre collision,,,,,,,,,,,5,2,1,1.0,6.0
201800023418,0018-01-03 05:45:00,18,1,3,5,45,280,88,Rue du Griffon,48.06936,1.31778,Nuit avec éclairage allumé,En agglomération,Hors intersection,Vent fort / tempête,Autre collision,,,,,,,,,,,5,2,1,6.0,6.0
201800023419,0018-01-03 12:05:00,18,1,3,12,5,280,88,2 rue foucaud,48.07286,1.33172,Plein jour,En agglomération,Hors intersection,Normale,Autre collision,,,,,,,,,,,1,2,1,1.0,6.0
201800023420,0018-01-24 18:25:00,18,1,24,18,25,280,204,PK 78.116,48.04883,1.18093,Nuit sans éclairage public,Hors agglomération,Hors intersection,Normale,Trois véhicules et plus - en chaîne,,,,,,,,,,,3,1,1,1.0,4.0
201800023421,0018-03-01 05:00:00,18,3,1,5,0,280,103,Route de Droué,47.99433,1.22227,Nuit avec éclairage allumé,En agglomération,Hors intersection,Neige / grêle,Autre collision,,,,,,,,,,,5,2,1,4.0,6.0
201800023422,0018-03-09 21:45:00,18,3,9,21,45,280,224,rd 927,48.08485,1.42936,Nuit sans éclairage public,Hors agglomération,Intersection en X,Normale,Deux véhicules - côté,,,,,,,,,,,3,1,2,1.0,3.0
201800023423,0018-04-10 14:40:00,18,4,10,14,40,280,334,ROUTE DU MANS,48.06635,1.30309,Plein jour,En agglomération,Hors intersection,Normale,Autre collision,,,,,,,,,,,1,2,1,1.0,6.0
201800023424,0018-05-10 14:00:00,18,5,10,14,0,280,12,921,48.15264,1.08839,Plein jour,Hors agglomération,Hors intersection,Normale,Sans collision,,,,,,,,,,,1,1,1,1.0,7.0
201800023425,0018-05-15 14:00:00,18,5,15,14,0,280,106,31 rue de la sanglerie,48.11099,1.43707,Plein jour,En agglomération,Intersection en T,Normale,Autre collision,,,,,,,,,,,1,2,3,1.0,6.0
201800023426,0018-05-17 12:55:00,18,5,17,12,55,280,75,RN 10,48.04343,1.31393,Plein jour,Hors agglomération,Hors intersection,Normale,Deux véhicules - frontale,,,,,,,,,,,1,1,1,1.0,1.0
201800023427,0018-05-25 13:45:00,18,5,25,13,45,280,88,D 955 - d 111-3,48.09466,1.30259,Plein jour,Hors agglomération,Intersection en T,Normale,Deux véhicules - côté,,,,,,,,,,,1,1,3,1.0,3.0
201800023428,0018-05-28 10:00:00,18,5,28,10,0,280,88,place du 18 octobre,48.07021,1.32886,Plein jour,En agglomération,Hors intersection,Normale,Autre collision,,,,,,,,,,,1,2,1,1.0,6.0
201800023429,0018-05-30 17:55:00,18,5,30,17,55,280,334,route départementale 111,48.05173,1.2896,Plein jour,Hors agglomération,Hors intersection,Normale,Sans collision,,,,,,,,,,,1,1,1,1.0,7.0
201800023430,0018-07-06 18:00:00,18,7,6,18,0,280,88,route de blois,48.05875,1.33509,Plein jour,En agglomération,Hors intersection,Normale,Sans collision,,,,,,,,,,,1,2,1,1.0,7.0
201800023431,0018-07-15 01:00:00,18,7,15,1,0,280,88,1 rue Cavée de la reine,48.0673,1.32253,Nuit avec éclairage allumé,En agglomération,Intersection en Y,Normale,Autre collision,,,,,,,,,,,5,2,4,1.0,6.0
201800023432,0018-08-19 18:30:00,18,8,19,18,30,280,88,rd 111.5,48.08697,1.33741,Plein jour,Hors agglomération,Hors intersection,Normale,Sans collision,,,,,,,,,,,1,1,1,1.0,7.0
201800023433,0018-08-31 19:00:00,18,8,31,19,0,280,103,Rue ST SEVERIN - D8,47.99074,1.254,Plein jour,En agglomération,Intersection en T,Normale,Deux véhicules - côté,,,,,,,,,,,1,2,3,1.0,3.0
201800023434,0018-09-02 09:30:00,18,9,2,9,30,280,132,Rd111,48.09763,1.39129,Plein jour,Hors agglomération,Hors intersection,Normale,Sans collision,,,,,,,,,,,1,1,1,1.0,7.0
201800023435,0018-09-09 13:30:00,18,9,9,13,30,280,205,Croisement D 927 et D 12,48.06975,1.21773,Plein jour,Hors agglomération,Intersection en T,Normale,Deux véhicules - côté,,,,,,,,,,,1,1,3,1.0,3.0
201800023436,0018-11-07 17:30:00,18,11,7,17,30,280,334,RD 927,48.06658,1.26717,Crépuscule ou aube,Hors agglomération,Intersection en X,Normale,Trois véhicules et plus - collisions multiples,,,,,,,,,,,2,1,2,1.0,5.0
201800023437,0018-11-27 17:35:00,18,11,27,17,35,280,88,boulevard toutain,48.0712,1.3375,Nuit avec éclairage allumé,En agglomération,Intersection en X,Pluie forte,Deux véhicules - frontale,,,,,,,,,,,5,2,2,3.0,1.0
201800023438,0018-12-12 17:50:00,18,12,12,17,50,280,198,D955,48.0629,1.38255,Nuit sans éclairage public,Hors agglomération,Hors intersection,Temps couvert,Deux véhicules - frontale,,,,,,,,,,,3,1,1,8.0,1.0
201800023439,0018-02-14 18:45:00,18,2,14,18,45,280,61,RD 955,48.21728,1.13244,Nuit sans éclairage public,Hors agglomération,Autre intersection,Pluie forte,Deux véhicules - arrière,,,,,,,,,,,3,1,9,3.0,2.0
201800023440,0018-02-16 07:45:00,18,2,16,7,45,280,409,D921 PK29+900,48.25553,1.21497,Crépuscule ou aube,En agglomération,Hors intersection,Autre,Autre collision,,,,,,,,,,,2,2,1,9.0,6.0
201800023441,0018-04-15 05:00:00,18,4,15,5,0,280,61,Rue de Robinson,48.21108,1.1701,Nuit avec éclairage allumé,En agglomération,Hors intersection,Normale,Autre collision,,,,,,,,,,,5,2,1,1.0,6.0
201800023442,0018-06-28 12:30:00,18,6,28,12,30,280,196,Intersection D921 et D94,48.29375,1.24824,Plein jour,Hors agglomération,Intersection en X,Normale,Deux véhicules - côté,,,,,,,,,,,1,1,2,1.0,3.0
201800023443,0018-06-29 17:30:00,18,6,29,17,30,280,61,"RD 921, PK 30+000",48.21639,1.18187,Plein jour,Hors agglomération,Hors intersection,Normale,Deux véhicules - frontale,,,,,,,,,,,1,1,1,1.0,1.0
201800023444,0018-07-11 14:15:00,18,7,11,14,15,280,182,Les crances,48.15949,1.18788,Plein jour,Hors agglomération,Intersection en X,Normale,Deux véhicules - côté,,,,,,,,,,,1,1,2,1.0,3.0
201800023445,0018-08-21 18:17:00,18,8,21,18,17,280,127,941 PK71 +400 mètre,48.19663,1.28096,Plein jour,Hors agglomération,Hors intersection,Normale,Sans collision,,,,,,,,,,,1,1,1,1.0,7.0
201800023446,0018-10-21 10:20:00,18,10,21,10,20,280,242,RD 922 - PK 4+29 mètres,48.29096,1.18971,Plein jour,Hors agglomération,Hors intersection,Normale,Autre collision,,,,,,,,,,,1,1,1,1.0,6.0
201800023447,0018-01-10 00:45:00,18,1,10,0,45,100,30,D610,48.3261,4.02955,Nuit avec éclairage allumé,Hors agglomération,Hors intersection,Pluie légère,Autre collision,,,,,,,,,,,5,1,1,2.0,6.0
201800023448,0018-02-05 19:20:00,18,2,5,19,20,100,67,Route départementale D67,48.22705,4.13105,Nuit avec éclairage non allumé,Hors agglomération,Hors intersection,Temps couvert,Deux véhicules - frontale,,,,,,,,,,,4,1,1,8.0,1.0
201800023449,0018-02-05 07:53:00,18,2,5,7,53,100,100,"28, rue de la Vallée",48.20601,4.18896,Crépuscule ou aube,En agglomération,Hors intersection,Pluie légère,Deux véhicules - côté,,,,,,,,,,,2,2,1,2.0,3.0
201800023450,0018-02-15 09:00:00,18,2,15,9,0,100,363,CD1,48.18155,4.15922,Plein jour,Hors agglomération,Hors intersection,Normale,Deux véhicules - frontale,,,,,,,,,,,1,1,1,1.0,1.0
201800023451,0018-02-20 09:30:00,18,2,20,9,30,100,30,D619,48.33315,4.02141,Plein jour,En agglomération,Hors intersection,Normale,Autre collision,,,,,,,,,,,1,2,1,1.0,6.0
201800023452,0018-03-26 15:00:00,18,3,26,15,0,100,115,rocade,48.32915,4.11358,Plein jour,Hors agglomération,Hors intersection,Normale,Autre collision,,,,,,,,,,,1,1,1,1.0,6.0
201800023453,0018-04-09 00:30:00,18,4,9,0,30,100,115,D960,48.32949,4.12453,Nuit avec éclairage allumé,Hors agglomération,Hors intersection,Normale,Autre collision,,,,,,,,,,,5,1,1,1.0,6.0
201800023454,0018-04-19 11:50:00,18,4,19,11,50,100,211,D 60,48.32211,3.92477,Plein jour,Hors agglomération,Hors intersection,Normale,Sans collision,,,,,,,,,,,1,1,1,1.0,7.0
201800023455,0018-05-06 17:30:00,18,5,6,17,30,100,344,D 72,48.24605,4.08913,Plein jour,Hors agglomération,Hors intersection,Normale,Sans collision,,,,,,,,,,,1,1,1,1.0,7.0
201800023456,0018-06-18 12:15:00,18,6,18,12,15,100,67,50 Avenue des Martyrs,48.24712,4.10175,Plein jour,En agglomération,Intersection en X,Normale,Deux véhicules - frontale,,,,,,,,,,,1,2,2,1.0,1.0
201800023457,0018-08-12 23:35:00,18,8,12,23,35,100,67,route de Verrières,48.2321,4.13494,Nuit sans éclairage public,Hors agglomération,Hors intersection,Normale,Autre collision,,,,,,,,,,,3,1,1,1.0,6.0
201800023458,0018-08-26 18:30:00,18,8,26,18,30,100,340,CD 141,48.26024,4.01755,Plein jour,Hors agglomération,Hors intersection,Normale,Sans collision,,,,,,,,,,,1,1,1,1.0,7.0
201800023459,0018-09-10 18:00:00,18,9,10,18,0,100,329,rue de la marnée,48.25529,4.15182,Plein jour,En agglomération,Place,Normale,Autre collision,,,,,,,,,,,1,2,7,1.0,6.0
201800023460,0018-09-16 16:30:00,18,9,16,16,30,100,67,rue de la foret,48.23456,4.12795,Plein jour,Hors agglomération,Hors intersection,Normale,Autre collision,,,,,,,,,,,1,1,1,1.0,6.0
201800023461,0018-09-24 13:30:00,18,9,24,13,30,100,340,N77,48.26179,4.03516,Plein jour,En agglomération,Giratoire,Normale,Sans collision,,,,,,,,,,,1,2,6,1.0,7.0
201800023462,0018-10-02 16:30:00,18,10,2,16,30,100,81,D610,48.32209,4.05271,Plein jour,Hors agglomération,Hors intersection,Normale,Deux véhicules - arrière,,,,,,,,,,,1,1,1,1.0,2.0
201800023463,0018-10-03 12:05:00,18,10,3,12,5,100,191,D610,48.33208,4.0911,Plein jour,Hors agglomération,Hors intersection,Normale,Sans collision,,,,,,,,,,,1,1,1,1.0,7.0
201800023464,0018-12-14 17:48:00,18,12,14,17,48,100,340,139 route de TROYES,48.26172,4.03504,Nuit avec éclairage allumé,En agglomération,Intersection en X,Normale,Deux véhicules - frontale,,,,,,,,,,,5,2,2,1.0,1.0
201800023465,0018-12-19 19:15:00,18,12,19,19,15,100,30,route de troyes,48.33247,4.03639,Nuit avec éclairage non allumé,En agglomération,Hors intersection,Normale,Autre collision,,,,,,,,,,,4,2,1,1.0,6.0
201800023466,0018-02-24 17:00:00,18,2,24,17,0,100,350,rue de la croix -RD374,48.17199,3.8014,Plein jour,En agglomération,Hors intersection,Normale,Autre collision,,,,,,,,,,,1,2,1,1.0,6.0
201800023467,0018-04-11 06:45:00,18,4,11,6,45,100,142,rue de république,48.27358,3.80467,Crépuscule ou aube,En agglomération,Autre intersection,Normale,Autre collision,,,,,,,,,,,2,2,9,1.0,6.0
201800023468,0018-08-24 22:30:00,18,8,24,22,30,100,3,D154,48.29203,3.69471,Nuit sans éclairage public,Hors agglomération,Hors intersection,Normale,Sans collision,,,,,,,,,,,3,1,1,1.0,7.0
201800023469,0018-01-04 17:05:00,18,1,4,17,5,680,145,"73B, Grand'rue",48.08003,7.39804,Nuit avec éclairage allumé,En agglomération,Intersection en T,Pluie légère,Autre collision,,,,,,,,,,,5,2,3,2.0,6.0
201800023470,0018-02-11 01:15:00,18,2,11,1,15,680,295,route de Colmar,48.02298,7.37953,Nuit sans éclairage public,Hors agglomération,Hors intersection,Normale,Sans collision,,,,,,,,,,,3,1,1,1.0,7.0
201800023471,0018-02-24 15:30:00,18,2,24,15,30,680,146,1 rue du parc,48.12697,7.36198,Plein jour,En agglomération,Hors intersection,Normale,Sans collision,,,,,,,,,,,1,2,1,1.0,7.0
201800023472,0018-03-07 07:45:00,18,3,7,7,45,680,295,route départementale 201,47.99559,7.38094,Plein jour,Hors agglomération,Intersection en Y,Normale,Deux véhicules - côté,,,,,,,,,,,1,1,4,1.0,3.0
201800023473,0018-04-22 18:40:00,18,4,22,18,40,680,110,30 route de colmar,48.14263,7.4871,Plein jour,En agglomération,Intersection en T,Normale,Deux véhicules - côté,,,,,,,,,,,1,2,3,1.0,3.0
201800023474,0018-06-03 17:20:00,18,6,3,17,20,680,66,138 Rte de Neuf-Brisach,48.08042,7.3824,Plein jour,En agglomération,Giratoire,Normale,Autre collision,,,,,,,,,,,1,2,6,1.0,6.0
201800023475,0018-08-12 16:40:00,18,8,12,16,40,680,295,RTE DEPARTEMENTALE 1,48.01584,7.35571,Plein jour,Hors agglomération,Hors intersection,Normale,Trois véhicules et plus - collisions multiples,,,,,,,,,,,1,1,1,1.0,5.0
201800023476,0018-08-20 16:25:00,18,8,20,16,25,680,145,42 grand rue,48.08137,7.39234,Plein jour,En agglomération,Hors intersection,Normale,Trois véhicules et plus - en chaîne,,,,,,,,,,,1,2,1,1.0,4.0
201800023477,0018-11-09 07:57:00,18,11,9,7,57,680,145,20B grand rue,48.08134,7.3904,Plein jour,En agglomération,Hors intersection,Normale,Trois véhicules et plus - en chaîne,,,,,,,,,,,1,2,1,1.0,4.0
201800023478,0018-12-17 20:15:00,18,12,17,20,15,680,145,1 rue de mulhouse,48.07516,7.40312,Nuit avec éclairage allumé,En agglomération,Intersection en T,Pluie légère,Deux véhicules - côté,,,,,,,,,,,5,2,3,2.0,3.0
201800023479,0018-04-14 10:20:00,18,4,14,10,20,680,249,Rte départementale 48.2,48.11556,7.11327,Plein jour,Hors agglomération,Intersection en Y,Normale,Sans collision,,,,,,,,,,,1,1,4,1.0,7.0
201800023480,0018-04-15 15:40:00,18,4,15,15,40,680,44,Rte départementale 415,48.16555,7.09863,Plein jour,Hors agglomération,Hors intersection,Normale,Deux véhicules - frontale,,,,,,,,,,,1,1,1,1.0,1.0
201800023481,0018-04-20 07:40:00,18,4,20,7,40,680,175,Rte départementale 48,48.14348,7.18232,Plein jour,Hors agglomération,Hors intersection,Normale,Deux véhicules - côté,,,,,,,,,,,1,1,1,1.0,3.0
201800023482,0018-04-27 15:30:00,18,4,27,15,30,680,44,Lieu-dit la maze,48.13396,7.07449,Plein jour,Hors agglomération,Intersection en Y,Normale,Autre collision,,,,,,,,,,,1,1,4,1.0,6.0
201800023483,0018-05-06 15:08:00,18,5,6,15,8,680,249,21 R Charles de Gaulle,48.12622,7.16472,Plein jour,En agglomération,Intersection en Y,Normale,Autre collision,,,,,,,,,,,1,2,4,1.0,6.0
201800023484,0018-06-01 11:30:00,18,6,1,11,30,680,298,Rte départementale 148,48.19675,7.10937,Plein jour,Hors agglomération,Hors intersection,Normale,Autre collision,,,,,,,,,,,1,1,1,1.0,6.0
201800023485,0018-06-18 20:45:00,18,6,18,20,45,680,44,"23, rue du 3eme spahis a",48.17011,7.12445,Plein jour,En agglomération,Hors intersection,Normale,Deux véhicules - frontale,,,,,,,,,,,1,2,1,1.0,1.0
201800023486,0018-06-28 09:35:00,18,6,28,9,35,680,249,52 R Charles De Gaulle,48.12629,7.15916,Plein jour,En agglomération,Hors intersection,Normale,Sans collision,,,,,,,,,,,1,2,1,1.0,7.0
201800023487,0018-06-28 20:27:00,18,6,28,20,27,680,175,24 la goutte,48.14095,7.15525,Plein jour,En agglomération,Hors intersection,Normale,Deux véhicules - frontale,,,,,,,,,,,1,2,1,1.0,1.0
201800023488,0018-07-15 16:40:00,18,7,15,16,40,680,5,Rte départementale 11.1,48.11727,7.22033,Plein jour,Hors agglomération,Hors intersection,Pluie légère,Sans collision,,,,,,,,,,,1,1,1,2.0,7.0
201800023489,0018-07-18 11:15:00,18,7,18,11,15,680,162,Rte Départementale 1BIS,48.13645,7.32183,Plein jour,Hors agglomération,Hors intersection,Normale,Autre collision,,,,,,,,,,,1,1,1,1.0,6.0
201800023490,0018-07-27 23:25:00,18,7,27,23,25,680,175,R du Général Dufieux,48.16091,7.16575,Nuit avec éclairage allumé,En agglomération,Intersection en Y,Normale,Autre collision,,,,,,,,,,,5,2,4,1.0,6.0
201800023491,0018-08-02 05:20:00,18,8,2,5,20,680,162,Rte départementale 415,48.15189,7.2352,Nuit sans éclairage public,Hors agglomération,Hors intersection,Normale,Autre collision,,,,,,,,,,,3,1,1,1.0,6.0
201800023492,0018-08-15 16:50:00,18,8,15,16,50,680,173,Rte départementale 11.6,48.09419,7.20431,Plein jour,Hors agglomération,Hors intersection,Normale,Sans collision,,,,,,,,,,,1,1,1,1.0,7.0
201800023493,0018-09-02 15:20:00,18,9,2,15,20,680,162,61 Rte de Lapoutroie,48.14907,7.24915,Plein jour,En agglomération,Hors intersection,Normale,Autre collision,,,,,,,,,,,1,2,1,1.0,6.0