accident_id,datetime,annee,mois,jour,heure,minute,departement,commune_insee,adresse,latitude,longitude,luminosite,agglomeration,intersection,meteo,collision,nb_vehicules,nb_usagers,nb_indemnes,nb_tues,nb_blesses_hosp,nb_blesses_legers,age_cond_1,age_cond_2,veh_type_cond_1,veh_type_cond_2,lum_code,agg_code,int_code,atm_code,col_code
201800023494,0018-09-16 00:05:00,18,9,16,0,5,680,173,Rte départementale 11.6,48.08046,7.17008,Nuit sans éclairage public,Hors agglomération,Hors intersection,Normale,Autre collision,,,,,,,,,,,3,1,1,1.0,6.0
201800023495,0018-09-21 15:20:00,18,9,21,15,20,680,162,R de l'Ancienne gare,48.13739,7.26584,Plein jour,En agglomération,Intersection en X,Normale,Deux véhicules - côté,,,,,,,,,,,1,2,2,1.0,3.0
201800023496,0018-09-28 18:44:00,18,9,28,18,44,680,175,D415,48.16736,7.14202,Crépuscule ou aube,Hors agglomération,Hors intersection,Temps couvert,Deux véhicules - arrière,,,,,,,,,,,2,1,1,8.0,2.0
201800023497,0018-09-29 14:50:00,18,9,29,14,50,680,175,Rue de la Bohle,48.15256,7.16655,Plein jour,En agglomération,Hors intersection,Normale,Autre collision,,,,,,,,,,,1,2,1,1.0,6.0
201800023498,0018-10-13 15:15:00,18,10,13,15,15,680,173,CD 11 / CD 11 VI,48.09535,7.20402,Plein jour,Hors agglomération,Intersection en Y,Temps éblouissant,Deux véhicules - côté,,,,,,,,,,,1,1,4,7.0,3.0
201800023499,0018-10-13 15:45:00,18,10,13,15,45,680,249,Route de Tannach,48.10594,7.17238,Plein jour,En agglomération,Hors intersection,Normale,Deux véhicules - arrière,,,,,,,,,,,1,2,1,1.0,2.0
201800023500,0018-10-22 11:10:00,18,10,22,11,10,680,162,D10,48.12486,7.31206,Plein jour,Hors agglomération,Intersection en T,Normale,Trois véhicules et plus - en chaîne,,,,,,,,,,,1,1,3,1.0,4.0
201800023501,0018-10-28 11:30:00,18,10,28,11,30,680,374,57 Route de COLMAR,48.06827,7.30969,Plein jour,En agglomération,Intersection en X,Pluie légère,Deux véhicules - côté,,,,,,,,,,,1,2,2,2.0,3.0
201800023502,0018-10-30 13:00:00,18,10,30,13,0,680,5,R.D. 11 VIII,48.10625,7.23383,Plein jour,Hors agglomération,Hors intersection,Pluie légère,Sans collision,,,,,,,,,,,1,1,1,2.0,7.0
201800023503,0018-12-01 09:12:00,18,12,1,9,12,680,173,DEPARTEMENTALE 11 PK16+9,48.09424,7.19412,Plein jour,Hors agglomération,Hors intersection,Normale,Deux véhicules - côté,,,,,,,,,,,1,1,1,1.0,3.0
201800023504,0018-12-04 14:50:00,18,12,4,14,50,680,249,Départementale 48.2,48.1107,7.11793,Plein jour,Hors agglomération,Hors intersection,Pluie légère,Autre collision,,,,,,,,,,,1,1,1,2.0,6.0
201800023505,0018-12-08 14:00:00,18,12,8,14,0,680,249,242 Les Près du Bois,48.10584,7.12176,Plein jour,Hors agglomération,Hors intersection,Pluie forte,Autre collision,,,,,,,,,,,1,1,1,3.0,6.0
201800023506,0018-12-16 17:00:00,18,12,16,17,0,680,162,route départementale 415,48.13616,7.26001,Crépuscule ou aube,Hors agglomération,Hors intersection,Normale,Autre collision,,,,,,,,,,,2,1,1,1.0,6.0
201800023507,0018-01-29 22:32:00,18,1,29,22,32,710,90,"autoroute A-6, sens LYON",46.21777,4.77812,Nuit sans éclairage public,Hors agglomération,Hors intersection,Pluie légère,Sans collision,,,,,,,,,,,3,1,1,2.0,7.0
201800023508,0018-02-01 13:00:00,18,2,1,13,0,710,305,autoroute A6 pk 370+100,46.47531,4.88618,Plein jour,Hors agglomération,Hors intersection,Normale,Deux véhicules - côté,,,,,,,,,,,1,1,1,1.0,3.0
201800023509,0018-02-17 15:00:00,18,2,17,15,0,710,150,autoroute A.6 sens Paris,46.24093,4.78751,Plein jour,Hors agglomération,Hors intersection,Normale,Autre collision,,,,,,,,,,,1,1,1,1.0,6.0
201800023510,0018-03-15 10:00:00,18,3,15,10,0,710,543,Autoroute A6 - PK355+300,46.58471,4.90057,Plein jour,Hors agglomération,Hors intersection,Pluie forte,Deux véhicules - arrière,,,,,,,,,,,1,1,1,3.0,2.0
201800023511,0018-03-18 00:20:00,18,3,18,0,20,710,150,A6 PK 397.000 sens LYON/,46.23489,4.79539,Nuit sans éclairage public,Hors agglomération,Hors intersection,Normale,Deux véhicules - frontale,,,,,,,,,,,3,1,1,1.0,1.0
201800023512,0018-05-22 16:10:00,18,5,22,16,10,710,543,autoroute A6 PK 358+500,46.54999,4.90965,Plein jour,Hors agglomération,Hors intersection,Normale,Sans collision,,,,,,,,,,,1,1,1,1.0,7.0
201800023513,0018-06-01 13:55:00,18,6,1,13,55,710,543,Autoroute A6 - PK357+400,46.55414,4.90355,Plein jour,Hors agglomération,Hors intersection,Normale,Deux véhicules - côté,,,,,,,,,,,1,1,1,1.0,3.0
201800023514,0018-06-19 07:45:00,18,6,19,7,45,710,90,"Autoroute A.6, sens LYON",46.21777,4.77812,Plein jour,Hors agglomération,Hors intersection,Normale,Deux véhicules - arrière,,,,,,,,,,,1,1,1,1.0,2.0
201800023515,0018-06-24 23:57:00,18,6,24,23,57,710,105,A6 PK 386+900 sens LYON/,46.305,4.79387,Nuit sans éclairage public,Hors agglomération,Hors intersection,Normale,Deux véhicules - arrière,,,,,,,,,,,3,1,1,1.0,2.0
201800023516,0018-07-01 07:02:00,18,7,1,7,2,710,105,Autoroute A6 - PK 391+02,46.28721,4.78971,Plein jour,Hors agglomération,Autre intersection,Normale,Autre collision,,,,,,,,,,,1,1,9,1.0,6.0
201800023517,0018-07-04 08:29:00,18,7,4,8,29,710,543,Autoroute A6 Pk 356+800,46.56279,4.89665,Plein jour,Hors agglomération,Hors intersection,Temps éblouissant,Trois véhicules et plus - en chaîne,,,,,,,,,,,1,1,1,7.0,4.0
201800023518,0018-07-18 15:00:00,18,7,18,15,0,710,270,"Autoroute A.6, sens Pari",46.28827,4.80417,Plein jour,Hors agglomération,Hors intersection,Normale,Deux véhicules - arrière,,,,,,,,,,,1,1,1,1.0,2.0
201800023519,0018-07-22 06:29:00,18,7,22,6,29,710,90,Autoroute A6 - PK 399+95,46.20843,4.78331,Crépuscule ou aube,Hors agglomération,Hors intersection,Normale,Deux véhicules - arrière,,,,,,,,,,,2,1,1,1.0,2.0
201800023520,0018-07-25 18:02:00,18,7,25,18,2,710,150,A6 PK397.685 sens paris/,46.2319,4.79392,Plein jour,Hors agglomération,Hors intersection,Normale,Autre collision,,,,,,,,,,,1,1,1,1.0,6.0
201800023521,0018-08-08 02:30:00,18,8,8,2,30,710,494,autoroute A6 pk 376+400,46.41024,4.85909,Nuit sans éclairage public,Hors agglomération,Hors intersection,Pluie forte,Autre collision,,,,,,,,,,,3,1,1,3.0,6.0
201800023522,0018-09-11 17:15:00,18,9,11,17,15,710,105,Autoroute A6 sens PARIS/,46.305,4.79387,Plein jour,Hors agglomération,Hors intersection,Normale,Trois véhicules et plus - en chaîne,,,,,,,,,,,1,1,1,1.0,4.0
201800023523,0018-10-06 17:34:00,18,10,6,17,34,710,543,A6 PK 358+800 sens Paris,46.56279,4.89665,Plein jour,Hors agglomération,Hors intersection,Normale,Deux véhicules - arrière,,,,,,,,,,,1,1,1,1.0,2.0
201800023524,0018-10-14 01:00:00,18,10,14,1,0,710,550,Autoroute A6 PK 365+270,46.49584,4.89906,Nuit sans éclairage public,Hors agglomération,Hors intersection,Normale,Deux véhicules - frontale,,,,,,,,,,,3,1,1,1.0,1.0
201800023525,0018-12-06 21:56:00,18,12,6,21,56,710,105,"Autoroute A6, sens Paris",46.305,4.79387,Nuit sans éclairage public,Hors agglomération,Hors intersection,Normale,Sans collision,,,,,,,,,,,3,1,1,1.0,7.0
201800023526,0018-01-11 15:50:00,18,1,11,15,50,830,67,autoroute A57,43.32621,6.30333,Plein jour,Hors agglomération,Hors intersection,Normale,Deux véhicules - arrière,,,,,,,,,,,1,1,1,1.0,2.0
201800023527,0018-01-23 08:00:00,18,1,23,8,0,830,62,A57,43.14585,6.03092,Plein jour,Hors agglomération,Hors intersection,Normale,Deux véhicules - côté,,,,,,,,,,,1,1,1,1.0,3.0
201800023528,0018-01-28 09:30:00,18,1,28,9,30,830,130,A57,43.19747,6.04286,Plein jour,Hors agglomération,Hors intersection,Normale,Autre collision,,,,,,,,,,,1,1,1,1.0,6.0
201800023529,0018-02-12 07:15:00,18,2,12,7,15,830,100,A57 - PK 021.000,43.26708,6.15172,Plein jour,Hors agglomération,Hors intersection,Normale,Sans collision,,,,,,,,,,,1,1,1,1.0,7.0
201800023530,0018-05-01 14:20:00,18,5,1,14,20,830,31,Autoroute A8 PK 100,43.39799,6.35543,Plein jour,Hors agglomération,Hors intersection,Normale,Deux véhicules - arrière,,,,,,,,,,,1,1,1,1.0,2.0
201800023531,0018-05-31 17:41:00,18,5,31,17,41,830,26,A8 PK 088.800,43.40224,6.21573,Plein jour,Hors agglomération,Hors intersection,Pluie légère,Sans collision,,,,,,,,,,,1,1,1,2.0,7.0
201800023532,0018-06-15 18:30:00,18,6,15,18,30,830,54,A57 PK 008.900,43.16022,6.04796,Plein jour,Hors agglomération,Hors intersection,Normale,Trois véhicules et plus - en chaîne,,,,,,,,,,,1,1,1,1.0,4.0
201800023533,0018-06-21 00:02:00,18,6,21,0,2,830,49,A57 PK 017.500,43.23292,6.0823,Nuit sans éclairage public,Hors agglomération,Hors intersection,Normale,Deux véhicules - frontale,,,,,,,,,,,3,1,1,1.0,1.0
201800023534,0018-06-17 12:15:00,18,6,17,12,15,830,49,Autoroute A57,43.23292,6.0823,Plein jour,Hors agglomération,Hors intersection,Normale,Sans collision,,,,,,,,,,,1,1,1,1.0,7.0
201800023535,0018-06-22 19:40:00,18,6,22,19,40,830,73,Autoroute A8 pk 093+500,43.4046,6.29767,Plein jour,Hors agglomération,Hors intersection,Normale,Sans collision,,,,,,,,,,,1,1,1,1.0,7.0
201800023536,0018-07-23 00:45:00,18,7,23,0,45,830,107,A8,43.4642,6.62636,Nuit sans éclairage public,Hors agglomération,Hors intersection,Normale,Sans collision,,,,,,,,,,,3,1,1,1.0,7.0
201800023537,0018-07-25 04:20:00,18,7,25,4,20,830,73,Autoroute A8,43.4046,6.29767,Nuit sans éclairage public,Hors agglomération,Hors intersection,Normale,Deux véhicules - arrière,,,,,,,,,,,3,1,1,1.0,2.0
201800023538,0018-07-28 15:00:00,18,7,28,15,0,830,23,autoroute A8,43.41997,6.07953,Plein jour,Hors agglomération,Hors intersection,Normale,Deux véhicules - arrière,,,,,,,,,,,1,1,1,1.0,2.0
201800023539,0018-08-02 07:10:00,18,8,2,7,10,830,23,A8 PK 074.580,43.41997,6.07953,Plein jour,Hors agglomération,Hors intersection,Normale,Deux véhicules - côté,,,,,,,,,,,1,1,1,1.0,3.0
201800023540,0018-09-13 07:00:00,18,9,13,7,0,830,67,autoroute A57 PK 40 - SE,43.32621,6.30333,Crépuscule ou aube,Hors agglomération,Hors intersection,Pluie légère,Autre collision,,,,,,,,,,,2,1,1,2.0,6.0
201800023541,0018-09-18 16:18:00,18,9,18,16,18,830,107,A8 PK 121.600,43.4642,6.62636,Plein jour,Hors agglomération,Hors intersection,Normale,Deux véhicules - arrière,,,,,,,,,,,1,1,1,1.0,2.0
201800023542,0018-10-10 07:00:00,18,10,10,7,0,830,107,Autoroute A8,43.4642,6.62636,Crépuscule ou aube,Hors agglomération,Hors intersection,Normale,Trois véhicules et plus - collisions multiples,,,,,,,,,,,2,1,1,1.0,5.0
201800023543,0018-10-13 07:15:00,18,10,13,7,15,830,23,A8. PK 078.100,43.41997,6.07953,Crépuscule ou aube,Hors agglomération,Hors intersection,Normale,Autre collision,,,,,,,,,,,2,1,1,1.0,6.0
201800023544,0018-10-24 07:25:00,18,10,24,7,25,830,23,AUTOROUTE A8 - 079.540,43.41997,6.07953,Crépuscule ou aube,Hors agglomération,Hors intersection,Normale,Deux véhicules - arrière,,,,,,,,,,,2,1,1,1.0,2.0
201800023545,0018-11-01 06:20:00,18,11,1,6,20,830,107,AUTOROUTE A8 PK 126 + 12,43.4642,6.62636,Nuit sans éclairage public,Hors agglomération,Hors intersection,Pluie forte,Autre collision,,,,,,,,,,,3,1,1,3.0,6.0
201800023546,0018-11-12 07:00:00,18,11,12,7,0,830,130,Autoroute A57,43.19747,6.04286,Crépuscule ou aube,Hors agglomération,Hors intersection,Pluie légère,Trois véhicules et plus - en chaîne,,,,,,,,,,,2,1,1,2.0,4.0
201800023547,0018-11-14 17:15:00,18,11,14,17,15,830,140,Autoroute A8,43.4291,5.94324,Crépuscule ou aube,Hors agglomération,Hors intersection,Normale,Autre collision,,,,,,,,,,,2,1,1,1.0,6.0
201800023548,0018-01-04 12:15:00,18,1,4,12,15,280,425,AUTOROUTE A11   PK 40,48.50783,1.72827,Plein jour,Hors agglomération,Hors intersection,Normale,Deux véhicules - arrière,,,,,,,,,,,1,1,1,1.0,2.0
201800023549,0018-01-25 03:44:00,18,1,25,3,44,280,161,A11 PK 93+000 sens Paris,48.26681,1.15175,Nuit sans éclairage public,Hors agglomération,Hors intersection,Pluie forte,Deux véhicules - arrière,,,,,,,,,,,3,1,1,3.0,2.0
201800023550,0018-02-04 08:47:00,18,2,4,8,47,280,141,A11 - PK 72+200 - sens P,48.33943,1.40391,Plein jour,Hors agglomération,Hors intersection,Pluie légère,Sans collision,,,,,,,,,,,1,1,1,2.0,7.0
201800023551,0018-02-11 08:30:00,18,2,11,8,30,280,273,A11 109+200,48.21643,0.95097,Plein jour,Hors agglomération,Hors intersection,Normale,Autre collision,,,,,,,,,,,1,1,1,1.0,6.0
201800023552,0018-03-05 07:59:00,18,3,5,7,59,280,269,A11 - Pk 61+800 - sens P,48.4037,1.49992,Plein jour,Hors agglomération,Hors intersection,Normale,Deux véhicules - côté,,,,,,,,,,,1,1,1,1.0,3.0
201800023553,0018-03-16 15:50:00,18,3,16,15,50,280,273,autoroute A 11 - PK 108+,48.21725,0.95411,Plein jour,Hors agglomération,Hors intersection,Normale,Deux véhicules - côté,,,,,,,,,,,1,1,1,1.0,3.0
201800023554,0018-04-21 06:20:00,18,4,21,6,20,280,273,A11 Pk 109+150 Sens Pari,48.21746,0.9546,Crépuscule ou aube,Hors agglomération,Hors intersection,Normale,Autre collision,,,,,,,,,,,2,1,1,1.0,6.0
201800023555,0018-04-28 16:00:00,18,4,28,16,0,280,104,AUTOROUTE A11,48.47254,1.6005,Plein jour,Hors agglomération,Hors intersection,Normale,Autre collision,,,,,,,,,,,1,1,1,1.0,6.0
201800023556,0018-05-30 14:25:00,18,5,30,14,25,280,388,Autoroute A11 pk67+950,48.36436,1.44707,Plein jour,Hors agglomération,Hors intersection,Normale,Autre collision,,,,,,,,,,,1,1,1,1.0,6.0
201800023557,0018-06-11 18:10:00,18,6,11,18,10,280,110,A11 PK 60+700 Sens Paris,48.41315,1.50459,Plein jour,Hors agglomération,Hors intersection,Pluie forte,Autre collision,,,,,,,,,,,1,1,1,3.0,6.0
201800023558,0018-06-26 09:10:00,18,6,26,9,10,280,253,A11 - PK 70.07,48.35278,1.4259,Plein jour,Hors agglomération,Hors intersection,Normale,Sans collision,,,,,,,,,,,1,1,1,1.0,7.0
201800023559,0018-07-09 14:35:00,18,7,9,14,35,280,252,Autoroute A11 - Pk 105+8,48.22674,0.98395,Plein jour,Hors agglomération,Hors intersection,Normale,Sans collision,,,,,,,,,,,1,1,1,1.0,7.0
201800023560,0018-08-04 15:20:00,18,8,4,15,20,280,327,A11 - PK 119+050,48.19248,0.82659,Plein jour,Hors agglomération,Hors intersection,Normale,Autre collision,,,,,,,,,,,1,1,1,1.0,6.0
201800023561,0018-08-14 02:50:00,18,8,14,2,50,280,278,Autoroute A11 -PK055.000,48.45769,1.54185,Nuit sans éclairage public,Hors agglomération,Intersection en Y,Normale,Deux véhicules - frontale,,,,,,,,,,,3,1,4,1.0,1.0
201800023562,0018-08-20 07:40:00,18,8,20,7,40,280,219,Autoroute A11 - PK 103.0,48.23166,1.03099,Plein jour,Hors agglomération,Hors intersection,Normale,Autre collision,,,,,,,,,,,1,1,1,1.0,6.0
201800023563,0018-08-25 17:23:00,18,8,25,17,23,280,80,autoroute A.11 PK 111+80,48.20482,0.92171,Plein jour,Hors agglomération,Hors intersection,Normale,Deux véhicules - arrière,,,,,,,,,,,1,1,1,1.0,2.0
201800023564,0018-09-16 17:30:00,18,9,16,17,30,280,18,A11,48.20509,0.90202,Plein jour,Hors agglomération,Hors intersection,Normale,Sans collision,,,,,,,,,,,1,1,1,1.0,7.0
201800023565,0018-10-03 03:00:00,18,10,3,3,0,280,219,autoroute A11 - Pk 104+8,48.22861,1.00679,Nuit sans éclairage public,Hors agglomération,Hors intersection,Normale,Deux véhicules - arrière,,,,,,,,,,,3,1,1,1.0,2.0
201800023566,0018-10-03 15:30:00,18,10,3,15,30,280,327,autoroute A11,48.19278,0.8472,Plein jour,Hors agglomération,Hors intersection,Normale,Sans collision,,,,,,,,,,,1,1,1,1.0,7.0
201800023567,0018-11-16 14:34:00,18,11,16,14,34,280,219,autoroute A11 pk103,48.23218,1.03274,Plein jour,Hors agglomération,Hors intersection,Brouillard / fumée,Autre collision,,,,,,,,,,,1,1,1,5.0,6.0
201800023568,0018-07-13 10:38:00,18,7,13,10,38,450,176,A19 PK079.000,48.08353,2.48487,Plein jour,Hors agglomération,Hors intersection,Normale,Autre collision,,,,,,,,,,,1,1,1,1.0,6.0
201800023569,0018-10-21 21:45:00,18,10,21,21,45,450,95,Autoroute A19 - PK 108+1,48.09398,2.10205,Nuit sans éclairage public,Hors agglomération,Hors intersection,Normale,Autre collision,,,,,,,,,,,3,1,1,1.0,6.0
201800023570,0018-04-18 02:25:00,18,4,18,2,25,440,155,RD178,47.05107,-1.56648,Nuit sans éclairage public,Hors agglomération,Intersection en T,Brouillard / fumée,Deux véhicules - côté,,,,,,,,,,,3,1,3,5.0,3.0
201800023571,0018-05-18 08:30:00,18,5,18,8,30,440,120,rue de la jouardais,47.19879,-1.7567,Plein jour,En agglomération,Hors intersection,Normale,Deux véhicules - côté,,,,,,,,,,,1,2,1,1.0,3.0
201800023572,0018-05-31 08:13:00,18,5,31,8,13,440,41,RD 262,47.07774,-1.57356,Plein jour,Hors agglomération,Intersection en T,Pluie légère,Deux véhicules - côté,,,,,,,,,,,1,1,3,2.0,3.0
201800023573,0018-06-05 07:51:00,18,6,5,7,51,440,81,D753 PR09.870,46.91156,-1.5521,Plein jour,Hors agglomération,Hors intersection,Normale,Deux véhicules - frontale,,,,,,,,,,,1,1,1,1.0,1.0
201800023574,0018-08-24 10:25:00,18,8,24,10,25,440,212,"D116, PK 11.573",47.14588,-1.3141,Plein jour,Hors agglomération,Hors intersection,Normale,Deux véhicules - frontale,,,,,,,,,,,1,1,1,1.0,1.0
201800023575,0018-11-11 06:15:00,18,11,11,6,15,440,142,AUTOROUTE A83 PK 15+500,47.01771,-1.39434,Nuit sans éclairage public,Hors agglomération,Hors intersection,Pluie forte,Sans collision,,,,,,,,,,,3,1,1,3.0,7.0
201800023576,0018-02-12 15:55:00,18,2,12,15,55,130,78,RD 268,43.44508,4.83805,Plein jour,Hors agglomération,Hors intersection,Normale,Deux véhicules - côté,,,,,,,,,,,1,1,1,1.0,3.0
201800023577,0018-05-18 19:15:00,18,5,18,19,15,130,78,Avenue du Port,43.38951,4.80185,Plein jour,En agglomération,Intersection en X,Normale,Autre collision,,,,,,,,,,,1,2,2,1.0,6.0
201800023578,0018-06-02 23:45:00,18,6,2,23,45,130,78,D 268,43.42613,4.81827,Nuit sans éclairage public,Hors agglomération,Hors intersection,Normale,Autre collision,,,,,,,,,,,3,1,1,1.0,6.0
201800023579,0018-02-23 14:00:00,18,2,23,14,0,770,505,Autoroute A4,48.92267,3.00228,Plein jour,Hors agglomération,Hors intersection,Normale,Deux véhicules - arrière,,,,,,,,,,,1,1,1,1.0,2.0
201800023580,0018-05-11 13:00:00,18,5,11,13,0,770,49,Autoroute A4 PK 46+400 s,48.91101,2.95954,Plein jour,Hors agglomération,Hors intersection,Normale,Trois véhicules et plus - collisions multiples,,,,,,,,,,,1,1,1,1.0,5.0
201800023581,0018-05-14 12:00:00,18,5,14,12,0,770,49,A4 - PARIS PROVINCE,48.90003,2.92271,Plein jour,Hors agglomération,Hors intersection,Pluie légère,Deux véhicules - arrière,,,,,,,,,,,1,1,1,2.0,2.0
201800023582,0018-06-19 07:30:00,18,6,19,7,30,770,141,A4,48.87161,2.86246,Plein jour,Hors agglomération,Hors intersection,Normale,Sans collision,,,,,,,,,,,1,1,1,1.0,7.0
201800023583,0018-08-02 14:15:00,18,8,2,14,15,770,478,A4 - PARIS PROVINCE,48.97643,3.07108,Plein jour,Hors agglomération,Hors intersection,Normale,Sans collision,,,,,,,,,,,1,1,1,1.0,7.0
201800023584,0018-09-04 21:30:00,18,9,4,21,30,770,141,autoroute A4,48.86187,2.84586,Nuit sans éclairage public,Hors agglomération,Hors intersection,Normale,Autre collision,,,,,,,,,,,3,1,1,1.0,6.0
201800023585,0018-09-09 02:10:00,18,9,9,2,10,770,382,Autoroute A140,48.88498,2.89457,Nuit sans éclairage public,Hors agglomération,Hors intersection,Normale,Autre collision,,,,,,,,,,,3,1,1,1.0,6.0
201800023586,0018-10-18 15:15:00,18,10,18,15,15,770,382,autoroute A4 pk 40+300,48.88356,2.89128,Plein jour,Hors agglomération,Autre intersection,Normale,Deux véhicules - côté,,,,,,,,,,,1,1,9,1.0,3.0
201800023587,0018-10-19 08:30:00,18,10,19,8,30,770,235,A4 - PROVINCE PARIS,48.98924,3.09691,Plein jour,Hors agglomération,Hors intersection,Normale,Sans collision,,,,,,,,,,,1,1,1,1.0,7.0
201800023588,0018-04-28 20:30:00,18,4,28,20,30,810,88,Combe del Trivalou,43.84857,2.26692,Plein jour,Hors agglomération,Hors intersection,Normale,Autre collision,,,,,,,,,,,1,1,1,1.0,6.0
201800023589,0018-06-04 23:15:00,18,6,4,23,15,810,88,lieu dit les cazelles,43.84512,2.26516,Nuit sans éclairage public,Hors agglomération,Hors intersection,Normale,Autre collision,,,,,,,,,,,3,1,1,1.0,6.0
201800023590,0018-08-31 15:10:00,18,8,31,15,10,810,147,D612,43.80329,2.18287,Plein jour,Hors agglomération,Hors intersection,Normale,Deux véhicules - arrière,,,,,,,,,,,1,1,1,1.0,2.0
201800023591,0018-09-04 14:20:00,18,9,4,14,20,810,88,D41,43.82792,2.25752,Plein jour,Hors agglomération,Intersection en X,Normale,Deux véhicules - côté,,,,,,,,,,,1,1,2,1.0,3.0
201800023592,0018-09-05 18:15:00,18,9,5,18,15,810,156,27 avenue d'Albi,43.91691,2.03263,Plein jour,En agglomération,Intersection en T,Normale,Deux véhicules - frontale,,,,,,,,,,,1,2,3,1.0,1.0
201800023593,0018-09-15 18:05:00,18,9,15,18,5,810,88,D13 PK croissant 60.600,43.82249,2.26125,Plein jour,Hors agglomération,Hors intersection,Normale,Sans collision,,,,,,,,,,,1,1,1,1.0,7.0
201800023594,0018-09-26 21:20:00,18,9,26,21,20,810,260,RD86,43.78335,2.23868,Nuit sans éclairage public,Hors agglomération,Hors intersection,Normale,Autre collision,,,,,,,,,,,3,1,1,1.0,6.0
201800023595,0018-10-15 08:10:00,18,10,15,8,10,810,284,RN88,43.91809,2.1162,Crépuscule ou aube,Hors agglomération,Hors intersection,Pluie forte,Trois véhicules et plus - en chaîne,,,,,,,,,,,2,1,1,3.0,4.0
201800023596,0018-01-19 16:45:00,18,1,19,16,45,810,10,Lieu dit Poun,43.94294,2.39711,Crépuscule ou aube,Hors agglomération,Hors intersection,Pluie légère,Autre collision,,,,,,,,,,,2,1,1,2.0,6.0
201800023597,0018-02-04 19:00:00,18,2,4,19,0,810,295,RD 81 -,43.82207,2.35134,Nuit sans éclairage public,Hors agglomération,Hors intersection,Temps couvert,Autre collision,,,,,,,,,,,3,1,1,8.0,6.0
201800023598,0018-02-18 20:50:00,18,2,18,20,50,810,10,RD 172,43.93642,2.35318,Nuit sans éclairage public,Hors agglomération,Hors intersection,Normale,Sans collision,,,,,,,,,,,3,1,1,1.0,7.0
201800023599,0018-04-02 15:20:00,18,4,2,15,20,810,10,lieu dit les estrets,43.95013,2.41283,Plein jour,Hors agglomération,Hors intersection,Normale,Autre collision,,,,,,,,,,,1,1,1,1.0,6.0
201800023600,0018-08-04 00:20:00,18,8,4,0,20,810,190,D74 - PK 16,43.86784,2.28005,Nuit sans éclairage public,Hors agglomération,Hors intersection,Normale,Sans collision,,,,,,,,,,,3,1,1,1.0,7.0
201800023601,0018-10-06 11:00:00,18,10,6,11,0,810,97,RD 81,43.88311,2.22682,Plein jour,En agglomération,Hors intersection,Normale,Deux véhicules - côté,,,,,,,,,,,1,2,1,1.0,3.0
201800023602,0018-09-29 08:45:00,18,9,29,8,45,810,3,Chemin de Serre - GR 32,43.89896,2.47112,Plein jour,Hors agglomération,Hors intersection,Normale,Autre collision,,,,,,,,,,,1,1,1,1.0,6.0
201800023603,0018-03-01 15:30:00,18,3,1,15,30,810,78,D84,43.67407,1.99292,Plein jour,Hors agglomération,Hors intersection,Vent fort / tempête,Autre collision,,,,,,,,,,,1,1,1,6.0,6.0
201800023604,0018-06-26 08:55:00,18,6,26,8,55,810,281,route de vielmur-sur-ago,43.60568,2.10423,Plein jour,Hors agglomération,Hors intersection,Temps éblouissant,Deux véhicules - frontale,,,,,,,,,,,1,1,1,7.0,1.0
201800023605,0018-06-27 21:45:00,18,6,27,21,45,810,258,lieu dit foulquier,43.74236,2.07062,Crépuscule ou aube,Hors agglomération,Hors intersection,Normale,Sans collision,,,,,,,,,,,2,1,1,1.0,7.0
201800023606,0018-08-15 21:55:00,18,8,15,21,55,810,311,La Sagne,43.74058,2.18528,Nuit sans éclairage public,Hors agglomération,Hors intersection,Normale,Deux véhicules - côté,,,,,,,,,,,3,1,1,1.0,3.0
201800023607,0018-08-22 18:48:00,18,8,22,18,48,810,78,en causse - CD 84,43.67783,1.99692,Plein jour,Hors agglomération,Hors intersection,Normale,Autre collision,,,,,,,,,,,1,1,1,1.0,6.0
201800023608,0018-08-30 07:15:00,18,8,30,7,15,810,311,Départementale 92 / PK37,43.73731,2.18579,Crépuscule ou aube,Hors agglomération,Hors intersection,Normale,Autre collision,,,,,,,,,,,2,1,1,1.0,6.0
201800023609,0018-09-25 08:30:00,18,9,25,8,30,810,78,intersection D84-D49,43.66233,1.98786,Crépuscule ou aube,Hors agglomération,Intersection en X,Normale,Autre collision,,,,,,,,,,,2,1,2,1.0,6.0
201800023610,0018-11-10 07:00:00,18,11,10,7,0,810,258,Lieu-dit ''La Revelle'',43.754,2.08874,Plein jour,Hors agglomération,Hors intersection,Autre,Sans collision,,,,,,,,,,,1,1,1,9.0,7.0
201800023611,0018-11-14 18:20:00,18,11,14,18,20,810,109,RD83,43.66763,2.16961,Nuit sans éclairage public,Hors agglomération,Intersection en T,Normale,Autre collision,,,,,,,,,,,3,1,3,1.0,6.0
201800023612,0018-11-24 13:00:00,18,11,24,13,0,810,40,GRAND RUE,43.71811,2.07279,Plein jour,En agglomération,Hors intersection,Normale,Deux véhicules - frontale,,,,,,,,,,,1,2,1,1.0,1.0
201800023613,0018-02-18 20:40:00,18,2,18,20,40,810,239,lieu-dit Le Colombier,43.48946,2.45693,Nuit sans éclairage public,Hors agglomération,Hors intersection,Pluie légère,Autre collision,,,,,,,,,,,3,1,1,2.0,6.0