accident_id,datetime,annee,mois,jour,heure,minute,departement,commune_insee,adresse,latitude,longitude,luminosite,agglomeration,intersection,meteo,collision,nb_vehicules,nb_usagers,nb_indemnes,nb_tues,nb_blesses_hosp,nb_blesses_legers,age_cond_1,age_cond_2,veh_type_cond_1,veh_type_cond_2,lum_code,agg_code,int_code,atm_code,col_code
201800023614,0018-08-15 12:30:00,18,8,15,12,30,810,238,27 avenue de la méditerr,43.47789,2.48943,Plein jour,En agglomération,Hors intersection,Normale,Deux véhicules - frontale,,,,,,,,,,,1,2,1,1.0,1.0
201800023615,0018-12-29 00:20:00,18,12,29,0,20,810,36,RD 612 - lieu-dit trackt,43.4945,2.43962,Nuit sans éclairage public,Hors agglomération,Hors intersection,Normale,Deux véhicules - arrière,,,,,,,,,,,3,1,1,1.0,2.0
201800023616,0018-01-11 14:50:00,18,1,11,14,50,320,13,ALSACE (AVENUE),43.6488,0.59035,Plein jour,En agglomération,Hors intersection,Normale,Sans collision,,,,,,,,,,,1,2,1,1.0,7.0
201800023617,0018-01-22 12:19:00,18,1,22,12,19,320,13,"115, VICTOR HUGO (RUE)",43.6509,0.57684,Plein jour,En agglomération,Hors intersection,Temps couvert,Deux véhicules - arrière,,,,,,,,,,,1,2,1,8.0,2.0
201800023618,0018-02-02 14:05:00,18,2,2,14,5,320,13,"16, ROUGET DE LISLE",43.6472,0.59224,Plein jour,En agglomération,Hors intersection,Normale,Deux véhicules - côté,,,,,,,,,,,1,2,1,1.0,3.0
201800023619,0018-02-02 18:12:00,18,2,2,18,12,320,13,PAUL VALERY,43.6643,0.59209,Crépuscule ou aube,En agglomération,Hors intersection,Normale,Sans collision,,,,,,,,,,,2,2,1,1.0,7.0
201800023620,0018-02-04 06:05:00,18,2,4,6,5,320,13,ROCADE (RN 124 EST),43.6647,0.60255,Nuit sans éclairage public,Hors agglomération,Hors intersection,Autre,Deux véhicules - arrière,,,,,,,,,,,3,1,1,9.0,2.0
201800023621,0018-02-04 18:50:00,18,2,4,18,50,320,13,CORPS FRANC POMMIES (AVE,43.6311,0.58131,Nuit avec éclairage allumé,En agglomération,Intersection à plus de 4 branches,Normale,Trois véhicules et plus - collisions multiples,,,,,,,,,,,5,2,5,1.0,5.0
201800023622,0018-02-13 01:20:00,18,2,13,1,20,320,13,"73, SADI-CARNOT (BOULEVA",43.6459,0.58798,Nuit avec éclairage allumé,En agglomération,Hors intersection,Normale,Sans collision,,,,,,,,,,,5,2,1,1.0,7.0
201800023623,0018-02-14 16:40:00,18,2,14,16,40,320,13,MONTAIGNE,43.6362,0.59338,Plein jour,En agglomération,Intersection en T,Pluie légère,Deux véhicules - côté,,,,,,,,,,,1,2,3,2.0,3.0
201800023624,0018-03-19 10:15:00,18,3,19,10,15,320,13,REPUBLIQUE (PLACE DE LA),43.6463,0.58473,Plein jour,En agglomération,Place,Normale,Autre collision,,,,,,,,,,,1,2,7,1.0,6.0
201800023625,0018-04-12 08:40:00,18,4,12,8,40,320,13,VICTOR HUGO (RUE),43.6509,0.5769,Plein jour,En agglomération,Hors intersection,Normale,Autre collision,,,,,,,,,,,1,2,1,1.0,6.0
201800023626,0018-04-17 20:20:00,18,4,17,20,20,320,13,SAMBRE ET MEUSE (AVENUE),43.6409,0.59606,Plein jour,En agglomération,Hors intersection,Normale,Autre collision,,,,,,,,,,,1,2,1,1.0,6.0
201800023627,0018-04-28 14:25:00,18,4,28,14,25,320,13,ROQUELAURE (CHEMIN DE),43.6657,0.59412,Plein jour,En agglomération,Hors intersection,Normale,Deux véhicules - frontale,,,,,,,,,,,1,2,1,1.0,1.0
201800023628,0018-05-02 22:30:00,18,5,2,22,30,320,13,AMIRAL BUGARD (RUE),43.6389,0.58786,Nuit avec éclairage allumé,En agglomération,Hors intersection,Pluie légère,Deux véhicules - frontale,,,,,,,,,,,5,2,1,2.0,1.0
201800023629,0018-05-03 16:40:00,18,5,3,16,40,320,13,LIBERATION (PLACE DE LA),43.6469,0.58339,Plein jour,En agglomération,Place,Pluie légère,Deux véhicules - côté,,,,,,,,,,,1,2,7,2.0,3.0
201800023630,0018-05-13 18:15:00,18,5,13,18,15,320,13,SADI-CARNOT (BOULEVARD),43.6449,0.58753,Plein jour,En agglomération,Hors intersection,Temps couvert,Trois véhicules et plus - en chaîne,,,,,,,,,,,1,2,1,8.0,4.0
201800023631,0018-05-17 12:05:00,18,5,17,12,5,320,13,ROCADE (RN 124 EST),43.6614,0.64469,Plein jour,Hors agglomération,Hors intersection,Normale,Sans collision,,,,,,,,,,,1,1,1,1.0,7.0
201800023632,0018-06-11 18:13:00,18,6,11,18,13,320,13,JEANNE D'ALBRET,43.6346,0.59601,Plein jour,En agglomération,Hors intersection,Temps couvert,Deux véhicules - frontale,,,,,,,,,,,1,2,1,8.0,1.0
201800023633,0018-06-18 15:26:00,18,6,18,15,26,320,13,AGEN (ROUTE D'),43.6886,0.60456,Plein jour,Hors agglomération,Hors intersection,Normale,Autre collision,,,,,,,,,,,1,1,1,1.0,6.0
201800023634,0018-06-20 18:10:00,18,6,20,18,10,320,13,GENERAL DE GAULLE,43.6467,0.58612,Plein jour,En agglomération,Hors intersection,Normale,Deux véhicules - frontale,,,,,,,,,,,1,2,1,1.0,1.0
201800023635,0018-06-24 20:32:00,18,6,24,20,32,320,13,TOUGEY (CHEMIN DE),43.6452,0.54523,Plein jour,Hors agglomération,Hors intersection,Normale,Sans collision,,,,,,,,,,,1,1,1,1.0,7.0
201800023636,0018-06-29 16:18:00,18,6,29,16,18,320,13,HENRI IV,43.6381,0.58398,Plein jour,En agglomération,Hors intersection,Normale,Sans collision,,,,,,,,,,,1,2,1,1.0,7.0
201800023637,0018-07-02 11:50:00,18,7,2,11,50,320,13,LAGARRASIC (PONT),43.6436,0.5871,Plein jour,En agglomération,Hors intersection,Temps couvert,Deux véhicules - côté,,,,,,,,,,,1,2,1,8.0,3.0
201800023638,0018-07-03 08:45:00,18,7,3,8,45,320,13,CLAUDE CHAPPE,43.697,0.60725,Plein jour,Hors agglomération,Hors intersection,Normale,Deux véhicules - arrière,,,,,,,,,,,1,1,1,1.0,2.0
201800023639,0018-07-08 19:39:00,18,7,8,19,39,320,13,QUATORZE JUILLET (PLACE,43.6439,0.58633,Plein jour,En agglomération,Intersection en T,Normale,Deux véhicules - côté,,,,,,,,,,,1,2,3,1.0,3.0
201800023640,0018-07-11 08:05:00,18,7,11,8,5,320,13,FEDERICO GARCIA LORCA,43.6712,0.59833,Plein jour,En agglomération,Hors intersection,Normale,Deux véhicules - côté,,,,,,,,,,,1,2,1,1.0,3.0
201800023641,0018-07-26 19:00:00,18,7,26,19,0,320,13,CORPS FRANC POMMIES (AVE,43.6311,0.58129,Plein jour,En agglomération,Hors intersection,Normale,Deux véhicules - côté,,,,,,,,,,,1,2,1,1.0,3.0
201800023642,0018-08-10 11:15:00,18,8,10,11,15,320,13,PIERRE DE MONTESQUIOU (A,43.6365,0.58945,Plein jour,En agglomération,Hors intersection,Normale,Sans collision,,,,,,,,,,,1,2,1,1.0,7.0
201800023643,0018-08-12 16:40:00,18,8,12,16,40,320,13,DURAN (ROUTE DE),43.6578,0.55921,Plein jour,Hors agglomération,Hors intersection,Normale,Sans collision,,,,,,,,,,,1,1,1,1.0,7.0
201800023644,0018-08-15 18:50:00,18,8,15,18,50,320,13,TOULOUSE (ROUTE DE),43.6518,0.61659,Plein jour,Hors agglomération,Hors intersection,Normale,Sans collision,,,,,,,,,,,1,1,1,1.0,7.0
201800023645,0018-08-19 12:19:00,18,8,19,12,19,320,13,PESSAN (ROUTE DE),43.6397,0.5987,Plein jour,Hors agglomération,Hors intersection,Normale,Sans collision,,,,,,,,,,,1,1,1,1.0,7.0
201800023646,0018-09-01 18:10:00,18,9,1,18,10,320,13,JEAN JAURES (AVENUE),43.6645,0.59539,Plein jour,En agglomération,Hors intersection,Normale,Autre collision,,,,,,,,,,,1,2,1,1.0,6.0
201800023647,0018-09-12 19:25:00,18,9,12,19,25,320,13,ALSACE (AVENUE),43.648,0.5921,Plein jour,En agglomération,Hors intersection,Normale,Deux véhicules - côté,,,,,,,,,,,1,2,1,1.0,3.0
201800023648,0018-09-24 15:30:00,18,9,24,15,30,320,13,ALLE DES ARTS,43.6519,0.59303,Plein jour,En agglomération,Hors intersection,Normale,Deux véhicules - frontale,,,,,,,,,,,1,2,1,1.0,1.0
201800023649,0018-10-01 17:00:00,18,10,1,17,0,320,13,JEAN DAVID (PLACE),43.6485,0.58494,Plein jour,En agglomération,Hors intersection,Normale,Autre collision,,,,,,,,,,,1,2,1,1.0,6.0
201800023650,0018-10-04 08:45:00,18,10,4,8,45,320,13,RIBERE (CHEMIN DE LA),43.6284,0.58591,Crépuscule ou aube,En agglomération,Hors intersection,Normale,Autre collision,,,,,,,,,,,2,2,1,1.0,6.0
201800023651,0018-10-10 10:05:00,18,10,10,10,5,320,13,ROUGET DE LISLE,43.6459,0.59135,Plein jour,En agglomération,Hors intersection,Normale,Deux véhicules - côté,,,,,,,,,,,1,2,1,1.0,3.0
201800023652,0018-11-06 20:10:00,18,11,6,20,10,320,13,PREMIERE ARMEE FRANCAISE,43.6495,0.59756,Nuit avec éclairage allumé,En agglomération,Intersection en T,Pluie légère,Deux véhicules - côté,,,,,,,,,,,5,2,3,2.0,3.0
201800023653,0018-11-16 14:32:00,18,11,16,14,32,320,13,AGEN (ROUTE D'),43.6627,0.59947,Plein jour,En agglomération,Hors intersection,Normale,Deux véhicules - arrière,,,,,,,,,,,1,2,1,1.0,2.0
201800023654,0018-11-24 17:20:00,18,11,24,17,20,320,13,POUY,43.6493,0.5875,Crépuscule ou aube,En agglomération,Intersection en T,Normale,Autre collision,,,,,,,,,,,2,2,3,1.0,6.0
201800023655,0018-11-25 15:12:00,18,11,25,15,12,320,13,ETIGNY (RUE D'),43.6454,0.58232,Plein jour,En agglomération,Intersection en T,Temps couvert,Deux véhicules - côté,,,,,,,,,,,1,2,3,8.0,3.0
201800023656,0018-11-28 06:00:00,18,11,28,6,0,320,13,RN 21,43.6259,0.57771,Nuit sans éclairage public,Hors agglomération,Hors intersection,Normale,Autre collision,,,,,,,,,,,3,1,1,1.0,6.0
201800023657,0018-11-28 10:30:00,18,11,28,10,30,320,13,CHATEAUDUN,43.6503,0.58801,Plein jour,En agglomération,Intersection en X,Normale,Autre collision,,,,,,,,,,,1,2,2,1.0,6.0
201800023658,0018-11-30 10:11:00,18,11,30,10,11,320,13,BARON (CHEMIN DE),43.6508,0.58149,Plein jour,En agglomération,Hors intersection,Normale,Deux véhicules - arrière,,,,,,,,,,,1,2,1,1.0,2.0
201800023659,0018-12-01 21:44:00,18,12,1,21,44,320,13,ONZE NOVEMBRE,43.6419,0.59292,Nuit avec éclairage allumé,En agglomération,Hors intersection,Pluie légère,Sans collision,,,,,,,,,,,5,2,1,2.0,7.0
201800023660,0018-12-02 00:30:00,18,12,2,0,30,320,13,GAMBETTA (RUE),43.6479,0.58456,Nuit avec éclairage allumé,En agglomération,Hors intersection,Pluie légère,Deux véhicules - arrière,,,,,,,,,,,5,2,1,2.0,2.0
201800023661,0018-12-03 17:08:00,18,12,3,17,8,320,13,ONZE NOVEMBRE,43.6411,0.59523,Crépuscule ou aube,En agglomération,Intersection en T,Normale,Deux véhicules - côté,,,,,,,,,,,2,2,3,1.0,3.0
201800023662,0018-12-07 10:45:00,18,12,7,10,45,320,13,YSER (AVENUE DE L'),43.6503,0.59391,Plein jour,En agglomération,Hors intersection,Normale,Autre collision,,,,,,,,,,,1,2,1,1.0,6.0
201800023663,0018-12-13 17:49:00,18,12,13,17,49,320,13,PIERRE DE MONTESQUIOU (A,43.6362,0.58936,Nuit avec éclairage allumé,En agglomération,Intersection en X,Pluie légère,Autre collision,,,,,,,,,,,5,2,2,2.0,6.0
201800023664,0018-12-28 16:35:00,18,12,28,16,35,320,13,PYRENEES (AVENUE DES),43.6463,0.58622,Plein jour,En agglomération,Intersection en T,Normale,Deux véhicules - côté,,,,,,,,,,,1,2,3,1.0,3.0
201800023665,0018-12-30 05:55:00,18,12,30,5,55,320,13,GAOUERE (CHEMIN DE),43.6226,0.55433,Nuit sans éclairage public,Hors agglomération,Hors intersection,Normale,Sans collision,,,,,,,,,,,3,1,1,1.0,7.0
201800023666,0018-01-06 17:30:00,18,1,6,17,30,570,177,avenue du Général De Gau,48.81215,6.71995,Nuit avec éclairage allumé,En agglomération,Hors intersection,Pluie légère,Autre collision,,,,,,,,,,,5,2,1,2.0,6.0
201800023667,0018-01-16 13:30:00,18,1,16,13,30,570,177,Rue de la 1ere division,48.81435,6.72072,Plein jour,En agglomération,Hors intersection,Temps couvert,Autre collision,,,,,,,,,,,1,2,1,8.0,6.0
201800023668,0018-01-29 18:09:00,18,1,29,18,9,570,11,23 lieu dit cote des vig,48.94475,6.86695,Nuit sans éclairage public,Hors agglomération,Hors intersection,Pluie légère,Autre collision,,,,,,,,,,,3,1,1,2.0,6.0
201800023669,0018-02-13 06:17:00,18,2,13,6,17,570,255,Rue de GOSSELMING,48.78678,7.0146,Crépuscule ou aube,Hors agglomération,Hors intersection,Normale,Autre collision,,,,,,,,,,,2,1,1,1.0,6.0
201800023670,0018-02-15 11:41:00,18,2,15,11,41,570,232,RD 22,48.96245,6.79565,Plein jour,Hors agglomération,Hors intersection,Pluie légère,Deux véhicules - frontale,,,,,,,,,,,1,1,1,2.0,1.0
201800023671,0018-02-17 20:30:00,18,2,17,20,30,570,394,RD 39,48.95793,6.81886,Nuit sans éclairage public,Hors agglomération,Hors intersection,Autre,Deux véhicules - frontale,,,,,,,,,,,3,1,1,9.0,1.0
201800023672,0018-02-24 04:40:00,18,2,24,4,40,570,496,RD 28 - PK 28 + 700,48.91051,6.81389,Nuit sans éclairage public,Hors agglomération,Hors intersection,Normale,Autre collision,,,,,,,,,,,3,1,1,1.0,6.0
201800023673,0018-03-02 16:20:00,18,3,2,16,20,570,246,60 rue de dieuze,48.76471,6.72816,Plein jour,En agglomération,Hors intersection,Neige / grêle,Deux véhicules - frontale,,,,,,,,,,,1,2,1,4.0,1.0
201800023674,0018-04-12 20:30:00,18,4,12,20,30,570,60,RD27 - PK10+500,48.90725,6.74329,Crépuscule ou aube,Hors agglomération,Hors intersection,Normale,Autre collision,,,,,,,,,,,2,1,1,1.0,6.0
201800023675,0018-05-26 10:30:00,18,5,26,10,30,570,177,Promenade du canal,48.81408,6.72096,Plein jour,En agglomération,Hors intersection,Normale,Deux véhicules - côté,,,,,,,,,,,1,2,1,1.0,3.0
201800023676,0018-06-07 23:36:00,18,6,7,23,36,570,11,RD 39,48.92874,6.86925,Nuit sans éclairage public,Hors agglomération,Hors intersection,Normale,Autre collision,,,,,,,,,,,3,1,1,1.0,6.0
201800023677,0018-06-09 18:00:00,18,6,9,18,0,570,469,RD 38,48.85648,6.96336,Plein jour,Hors agglomération,Hors intersection,Normale,Sans collision,,,,,,,,,,,1,1,1,1.0,7.0
201800023678,0018-06-30 04:37:00,18,6,30,4,37,570,711,9 R DE LA FERME SAINTE,48.93411,6.93078,Crépuscule ou aube,En agglomération,Hors intersection,Normale,Autre collision,,,,,,,,,,,2,2,1,1.0,6.0
201800023679,0018-07-17 17:27:00,18,7,17,17,27,570,161,D38/D27,48.84108,6.83601,Plein jour,Hors agglomération,Intersection en X,Temps éblouissant,Deux véhicules - côté,,,,,,,,,,,1,1,2,7.0,3.0
201800023680,0018-08-11 11:30:00,18,8,11,11,30,570,270,02 rue du chemin du poir,48.82333,6.70431,Plein jour,En agglomération,Hors intersection,Normale,Sans collision,,,,,,,,,,,1,2,1,1.0,7.0
201800023681,0018-08-12 21:32:00,18,8,12,21,32,570,434,RD 955 PK 69+690,48.70765,6.78812,Nuit sans éclairage public,Hors agglomération,Hors intersection,Normale,Trois véhicules et plus - collisions multiples,,,,,,,,,,,3,1,1,1.0,5.0
201800023682,0018-08-21 13:48:00,18,8,21,13,48,570,177,D 38,48.83238,6.79974,Plein jour,Hors agglomération,Hors intersection,Normale,Deux véhicules - arrière,,,,,,,,,,,1,1,1,1.0,2.0
201800023683,0018-12-18 20:30:00,18,12,18,20,30,570,418,RD92 PK3+350,48.87046,6.89391,Nuit sans éclairage public,Hors agglomération,Hors intersection,Normale,Sans collision,,,,,,,,,,,3,1,1,1.0,7.0
201800023684,0018-01-04 03:06:00,18,1,4,3,6,210,638,Autoroute A 31 PK 71+300,47.51589,5.17732,Nuit sans éclairage public,Hors agglomération,Hors intersection,Pluie légère,Deux véhicules - arrière,,,,,,,,,,,3,1,1,2.0,2.0
201800023685,0018-05-02 07:49:00,18,5,2,7,49,210,609,A 39 - PK 21+200,47.21031,5.29732,Plein jour,Hors agglomération,Autre intersection,Normale,Deux véhicules - arrière,,,,,,,,,,,1,1,9,1.0,2.0
201800023686,0018-06-24 05:00:00,18,6,24,5,0,210,21,A31,47.33588,5.16678,Crépuscule ou aube,Hors agglomération,Hors intersection,Normale,Deux véhicules - côté,,,,,,,,,,,2,1,1,1.0,3.0
201800023687,0018-09-12 19:20:00,18,9,12,19,20,210,605,A 39,47.28621,5.09807,Plein jour,Hors agglomération,Hors intersection,Normale,Sans collision,,,,,,,,,,,1,1,1,1.0,7.0
201800023688,0018-11-10 17:15:00,18,11,10,17,15,210,57,A39,47.23903,5.25999,Nuit sans éclairage public,Hors agglomération,Hors intersection,Pluie légère,Autre collision,,,,,,,,,,,3,1,1,2.0,6.0
201800023689,0018-11-30 17:30:00,18,11,30,17,30,210,105,A31,47.31001,5.173,Nuit sans éclairage public,Hors agglomération,Hors intersection,Normale,Trois véhicules et plus - collisions multiples,,,,,,,,,,,3,1,1,1.0,5.0
201800023690,0018-12-14 23:33:00,18,12,14,23,33,210,599,A31,47.60602,5.19572,Nuit sans éclairage public,Hors agglomération,Hors intersection,Normale,Trois véhicules et plus - en chaîne,,,,,,,,,,,3,1,1,1.0,4.0
201800023691,0018-05-18 13:20:00,18,5,18,13,20,760,541,A150,49.51961,0.97494,Plein jour,Hors agglomération,Hors intersection,Normale,Autre collision,,,,,,,,,,,1,1,1,1.0,6.0
201800023692,0018-01-04 08:00:00,18,1,4,8,0,310,44,Avenue Georges Pompidou,43.62845,1.49066,Crépuscule ou aube,En agglomération,Hors intersection,Normale,Deux véhicules - frontale,,,,,,,,,,,2,2,1,1.0,1.0
201800023693,0018-03-19 23:45:00,18,3,19,23,45,310,44,ROUTE DE MONS,43.60825,1.51306,Nuit avec éclairage allumé,En agglomération,Hors intersection,Pluie légère,Autre collision,,,,,,,,,,,5,2,1,2.0,6.0
201800023694,0018-03-22 11:00:00,18,3,22,11,0,310,44,RN126 route de Castres,43.59296,1.50535,Plein jour,En agglomération,Giratoire,Normale,Deux véhicules - côté,,,,,,,,,,,1,2,6,1.0,3.0
201800023695,0018-04-02 22:25:00,18,4,2,22,25,310,445,RD 18,43.57373,1.55832,Nuit sans éclairage public,En agglomération,Hors intersection,Normale,Autre collision,,,,,,,,,,,3,2,1,1.0,6.0
201800023696,0018-04-03 09:15:00,18,4,3,9,15,310,44,Avenue Georges Pompidou,43.62845,1.49067,Plein jour,En agglomération,Intersection en T,Normale,Deux véhicules - côté,,,,,,,,,,,1,2,3,1.0,3.0
201800023697,0018-04-06 18:05:00,18,4,6,18,5,310,44,rond point de Lagarde,43.6034,1.50456,Plein jour,En agglomération,Giratoire,Normale,Sans collision,,,,,,,,,,,1,2,6,1.0,7.0
201800023698,0018-04-06 11:55:00,18,4,6,11,55,310,44,74 route de castres,43.60445,1.49841,Plein jour,En agglomération,Autre intersection,Temps éblouissant,Deux véhicules - côté,,,,,,,,,,,1,2,9,7.0,3.0
201800023699,0018-06-22 21:15:00,18,6,22,21,15,310,44,avenue des aérostiers,43.6091,1.49027,Plein jour,En agglomération,Giratoire,Normale,Autre collision,,,,,,,,,,,1,2,6,1.0,6.0
201800023700,0018-07-19 21:55:00,18,7,19,21,55,310,445,RD 826-PK 08950,43.58486,1.53707,Nuit sans éclairage public,Hors agglomération,Hors intersection,Normale,Autre collision,,,,,,,,,,,3,1,1,1.0,6.0
201800023701,0018-07-23 08:45:00,18,7,23,8,45,310,44,Rond point des aérostier,43.60798,1.487,Plein jour,En agglomération,Giratoire,Temps éblouissant,Sans collision,,,,,,,,,,,1,2,6,7.0,7.0
201800023702,0018-07-25 13:45:00,18,7,25,13,45,310,573,D112,43.66369,1.69446,Plein jour,Hors agglomération,Hors intersection,Normale,Autre collision,,,,,,,,,,,1,1,1,1.0,6.0
201800023703,0018-09-27 03:55:00,18,9,27,3,55,310,512,24 AVENUE de Toulouse,43.57033,1.62344,Nuit avec éclairage allumé,En agglomération,Hors intersection,Normale,Autre collision,,,,,,,,,,,5,2,1,1.0,6.0
201800023704,0018-10-11 07:00:00,18,10,11,7,0,310,445,13 rue des tournesols,43.58266,1.51744,Nuit avec éclairage non allumé,En agglomération,Hors intersection,Normale,Deux véhicules - frontale,,,,,,,,,,,4,2,1,1.0,1.0
201800023705,0018-11-22 08:00:00,18,11,22,8,0,310,184,chemin de lancefoc,43.61052,1.53441,Crépuscule ou aube,Hors agglomération,Hors intersection,Temps éblouissant,Deux véhicules - frontale,,,,,,,,,,,2,1,1,7.0,1.0
201800023706,0018-03-16 00:25:00,18,3,16,0,25,310,547,710 chemin de Vallesvill,43.5001,1.24702,Nuit sans éclairage public,Hors agglomération,Hors intersection,Normale,Sans collision,,,,,,,,,,,3,1,1,1.0,7.0
201800023707,0018-01-12 18:26:00,18,1,12,18,26,310,454,route de sainte foy,43.41613,1.12126,Crépuscule ou aube,En agglomération,Intersection en X,Normale,Trois véhicules et plus - en chaîne,,,,,,,,,,,2,2,2,1.0,4.0
201800023708,0018-03-06 06:20:00,18,3,6,6,20,310,454,D83,43.38649,1.0654,Nuit avec éclairage non allumé,Hors agglomération,Hors intersection,Normale,Sans collision,,,,,,,,,,,4,1,1,1.0,7.0
201800023709,0018-04-18 16:45:00,18,4,18,16,45,310,547,1690 route de saint-lys,43.50164,1.27214,Plein jour,Hors agglomération,Hors intersection,Normale,Deux véhicules - côté,,,,,,,,,,,1,1,1,1.0,3.0
201800023710,0018-08-09 15:30:00,18,8,9,15,30,310,454,Carrefour D7/D28a,43.42813,1.1315,Plein jour,Hors agglomération,Intersection en X,Normale,Deux véhicules - côté,,,,,,,,,,,1,1,2,1.0,3.0
201800023711,0018-09-30 17:25:00,18,9,30,17,25,310,423,D3,43.40409,1.06099,Plein jour,Hors agglomération,Hors intersection,Normale,Deux véhicules - frontale,,,,,,,,,,,1,1,1,1.0,1.0
201800023712,0018-10-25 17:25:00,18,10,25,17,25,310,435,D3,43.43225,1.15954,Plein jour,Hors agglomération,Hors intersection,Normale,Deux véhicules - côté,,,,,,,,,,,1,1,1,1.0,3.0
201800023713,0018-11-10 08:30:00,18,11,10,8,30,310,547,route de Muret,43.49014,1.31608,Plein jour,En agglomération,Giratoire,Normale,Deux véhicules - côté,,,,,,,,,,,1,2,6,1.0,3.0
201800023714,0018-11-19 10:20:00,18,11,19,10,20,310,454,route de Poucharramet -,43.41161,1.13765,Plein jour,En agglomération,Hors intersection,Normale,Deux véhicules - côté,,,,,,,,,,,1,2,1,1.0,3.0
201800023715,0018-02-19 19:55:00,18,2,19,19,55,310,25,D 35,43.47237,1.45155,Nuit sans éclairage public,Hors agglomération,Hors intersection,Pluie légère,Autre collision,,,,,,,,,,,3,1,1,2.0,6.0
201800023716,0018-06-23 16:00:00,18,6,23,16,0,310,446,AVENUE DE SUISSE,43.53212,1.46702,Plein jour,En agglomération,Hors intersection,Normale,Deux véhicules - côté,,,,,,,,,,,1,2,1,1.0,3.0
201800023717,0018-08-20 19:00:00,18,8,20,19,0,310,446,D813 face à l'éthique ve,43.54558,1.48047,Crépuscule ou aube,En agglomération,Hors intersection,Normale,Deux véhicules - côté,,,,,,,,,,,2,2,1,1.0,3.0
201800023718,0018-10-07 13:10:00,18,10,7,13,10,310,446,avenue de suisse,43.53669,1.47289,Plein jour,En agglomération,Hors intersection,Pluie légère,Autre collision,,,,,,,,,,,1,2,1,2.0,6.0
201800023719,0018-01-13 12:15:00,18,1,13,12,15,420,69,449 rue du 11 Novembre,46.00372,4.04856,Plein jour,En agglomération,Hors intersection,Normale,Deux véhicules - frontale,,,,,,,,,,,1,2,1,1.0,1.0
201800023720,0018-01-26 17:30:00,18,1,26,17,30,420,331,LE BOUCHET,45.96199,3.93478,Nuit sans éclairage public,Hors agglomération,Hors intersection,Pluie légère,Deux véhicules - côté,,,,,,,,,,,3,1,1,2.0,3.0
201800023721,0018-02-15 17:15:00,18,2,15,17,15,420,74,RD 57,46.08119,4.17371,Plein jour,Hors agglomération,Hors intersection,Pluie légère,Sans collision,,,,,,,,,,,1,1,1,2.0,7.0
201800023722,0018-03-15 08:45:00,18,3,15,8,45,420,120,lieu dit LE PONT - D53,45.98468,3.96557,Plein jour,En agglomération,Hors intersection,Pluie forte,Sans collision,,,,,,,,,,,1,2,1,3.0,7.0
201800023723,0018-03-21 18:00:00,18,3,21,18,0,420,120,les Olmes,45.9922,3.99699,Plein jour,Hors agglomération,Intersection en X,Normale,Trois véhicules et plus - collisions multiples,,,,,,,,,,,1,1,2,1.0,5.0
201800023724,0018-04-24 13:50:00,18,4,24,13,50,420,162,Route de Lentigny,46.014,3.98618,Plein jour,En agglomération,Hors intersection,Normale,Trois véhicules et plus - collisions multiples,,,,,,,,,,,1,2,1,1.0,5.0
201800023725,0018-05-11 15:30:00,18,5,11,15,30,420,332,919 rue Jean Moulin,45.99342,4.0335,Plein jour,En agglomération,Hors intersection,Normale,Deux véhicules - frontale,,,,,,,,,,,1,2,1,1.0,1.0
201800023726,0018-05-20 08:30:00,18,5,20,8,30,420,239,Route de la croix du lac,45.95466,3.96387,Plein jour,Hors agglomération,Hors intersection,Normale,Autre collision,,,,,,,,,,,1,1,1,1.0,6.0
201800023727,0018-05-20 16:00:00,18,5,20,16,0,420,166,rue de la maladière,46.00201,4.10256,Plein jour,Hors agglomération,Hors intersection,Normale,Sans collision,,,,,,,,,,,1,1,1,1.0,7.0
201800023728,0018-07-10 17:50:00,18,7,10,17,50,420,331,RD 53,45.9654,3.93592,Plein jour,Hors agglomération,Hors intersection,Normale,Deux véhicules - frontale,,,,,,,,,,,1,1,1,1.0,1.0
201800023729,0018-08-21 20:00:00,18,8,21,20,0,420,68,RD504,46.03184,4.26299,Crépuscule ou aube,Hors agglomération,Intersection en X,Normale,Deux véhicules - frontale,,,,,,,,,,,2,1,2,1.0,1.0
201800023730,0018-09-10 17:15:00,18,9,10,17,15,420,332,2646 route de villemonta,46.00905,4.02187,Plein jour,Hors agglomération,Hors intersection,Temps éblouissant,Deux véhicules - côté,,,,,,,,,,,1,1,1,7.0,3.0
201800023731,0018-09-29 10:45:00,18,9,29,10,45,420,145,Départementale 45,46.04399,4.24105,Plein jour,Hors agglomération,Hors intersection,Normale,Deux véhicules - frontale,,,,,,,,,,,1,1,1,1.0,1.0
201800023732,0018-10-17 16:50:00,18,10,17,16,50,420,338,lieu dit bas Jarret,46.07296,4.11888,Plein jour,Hors agglomération,Intersection en X,Normale,Deux véhicules - frontale,,,,,,,,,,,1,1,2,1.0,1.0
201800023733,0018-11-15 23:30:00,18,11,15,23,30,420,338,Rue de Perreux,46.09302,4.11964,Nuit sans éclairage public,Hors agglomération,Hors intersection,Brouillard / fumée,Autre collision,,,,,,,,,,,3,1,1,5.0,6.0
201800023734,0018-12-06 19:45:00,18,12,6,19,45,420,166,D207,45.99768,4.10362,Nuit sans éclairage public,Hors agglomération,Hors intersection,Normale,Deux véhicules - arrière,,,,,,,,,,,3,1,1,1.0,2.0