accident_id,datetime,annee,mois,jour,heure,minute,departement,commune_insee,adresse,latitude,longitude,luminosite,agglomeration,intersection,meteo,collision,nb_vehicules,nb_usagers,nb_indemnes,nb_tues,nb_blesses_hosp,nb_blesses_legers,age_cond_1,age_cond_2,veh_type_cond_1,veh_type_cond_2,lum_code,agg_code,int_code,atm_code,col_code
201800024212,0018-08-20 19:00:00,18,8,20,19,0,340,32,PONT NEUF (RUE DU),43.33848,3.20894,Plein jour,En agglomération,Hors intersection,Normale,Deux véhicules - côté,,,,,,,,,,,1,2,1,1.0,3.0
201800024213,0018-08-23 22:45:00,18,8,23,22,45,340,32,CORNEILHAN (ROUTE DE),43.35429,3.20781,Nuit avec éclairage allumé,En agglomération,Hors intersection,Normale,Autre collision,,,,,,,,,,,5,2,1,1.0,6.0
201800024214,0018-08-25 11:30:00,18,8,25,11,30,340,32,MOULIN JEAN (AV),43.34681,3.21961,Plein jour,En agglomération,Autre intersection,Normale,Deux véhicules - côté,,,,,,,,,,,1,2,9,1.0,3.0
201800024215,0018-09-21 22:00:00,18,9,21,22,0,340,32,ROUTE DE MURVIEL (RD.19,43.35693,3.19922,Nuit sans éclairage public,Hors agglomération,Hors intersection,Normale,Sans collision,,,,,,,,,,,3,1,1,1.0,7.0
201800024216,0018-09-21 09:15:00,18,9,21,9,15,340,32,MOULIN JEAN (AV),43.35252,3.23242,Plein jour,En agglomération,Intersection en X,Normale,Autre collision,,,,,,,,,,,1,2,2,1.0,6.0
201800024217,0018-09-25 15:30:00,18,9,25,15,30,340,32,FOCH MARECHAL FERDINAND,43.34606,3.21593,Plein jour,En agglomération,Hors intersection,Normale,Autre collision,,,,,,,,,,,1,2,1,1.0,6.0
201800024218,0018-10-01 07:45:00,18,10,1,7,45,340,32,AUBER ESPRIT (RUE),43.34004,3.22332,Plein jour,En agglomération,Intersection en T,Normale,Deux véhicules - côté,,,,,,,,,,,1,2,3,1.0,3.0
201800024219,0018-10-03 16:40:00,18,10,3,16,40,340,32,NARBONNE (ROUTE DE),43.33738,3.20381,Plein jour,En agglomération,Autre intersection,Autre,Deux véhicules - arrière,,,,,,,,,,,1,2,9,9.0,2.0
201800024220,0018-10-26 12:40:00,18,10,26,12,40,340,32,CORNEILHAN (ROUTE DE),43.35269,3.21699,Plein jour,En agglomération,Intersection en X,Normale,Deux véhicules - côté,,,,,,,,,,,1,2,2,1.0,3.0
201800024221,0018-11-07 20:00:00,18,11,7,20,0,340,336,RD 37,43.30123,3.27616,Nuit sans éclairage public,Hors agglomération,Hors intersection,Pluie légère,Deux véhicules - côté,,,,,,,,,,,3,1,1,2.0,3.0
201800024222,0018-11-16 16:15:00,18,11,16,16,15,340,32,JUIN MARECHAL (RUE DU),43.3444,3.23853,Plein jour,En agglomération,Hors intersection,Normale,Autre collision,,,,,,,,,,,1,2,1,1.0,6.0
201800024223,0018-11-28 17:15:00,18,11,28,17,15,340,336,GOMEZ RENE (RUE) Z.A ACT,43.32652,3.27286,Plein jour,En agglomération,Intersection en T,Normale,Deux véhicules - côté,,,,,,,,,,,1,2,3,1.0,3.0
201800024224,0018-11-30 22:00:00,18,11,30,22,0,340,32,CLAPAREDE EMILE (AVENUE),43.34335,3.22502,Nuit avec éclairage allumé,En agglomération,Hors intersection,Normale,Autre collision,,,,,,,,,,,5,2,1,1.0,6.0
201800024225,0018-12-05 17:10:00,18,12,5,17,10,340,32,ROUTE DEPARTEMENTALE 612,43.34278,3.26192,Plein jour,En agglomération,Hors intersection,Normale,Deux véhicules - arrière,,,,,,,,,,,1,2,1,1.0,2.0
201800024226,0018-12-06 01:20:00,18,12,6,1,20,340,336,MERIDIENNE (ROND POINT D,43.33686,3.28107,Nuit sans éclairage public,En agglomération,Giratoire,Autre,Sans collision,,,,,,,,,,,3,2,6,9.0,7.0
201800024227,0018-12-08 13:35:00,18,12,8,13,35,340,32,AGDE (AVENUE),43.3245,3.24682,Plein jour,Hors agglomération,Hors intersection,Normale,Deux véhicules - frontale,,,,,,,,,,,1,1,1,1.0,1.0
201800024228,0018-01-03 11:30:00,18,1,3,11,30,340,172,NIMES (AVENUE DE),43.62921,3.88785,Plein jour,En agglomération,Hors intersection,Normale,Deux véhicules - arrière,,,,,,,,,,,1,2,1,1.0,2.0
201800024229,0018-01-03 21:05:00,18,1,3,21,5,340,172,"374, MENDE (ROUTE DE)",43.62627,3.87027,Nuit avec éclairage allumé,En agglomération,Hors intersection,Normale,Autre collision,,,,,,,,,,,5,2,1,1.0,6.0
201800024230,0018-01-05 09:10:00,18,1,5,9,10,340,198,D172,43.57699,3.93298,Plein jour,En agglomération,Intersection en T,Normale,Deux véhicules - arrière,,,,,,,,,,,1,2,3,1.0,2.0
201800024231,0018-01-05 12:30:00,18,1,5,12,30,340,172,"518, MENDE (ROUTE DE)",43.62712,3.86951,Plein jour,En agglomération,Hors intersection,Normale,Deux véhicules - côté,,,,,,,,,,,1,2,1,1.0,3.0
201800024232,0018-01-05 16:10:00,18,1,5,16,10,340,172,PAVELET (AVENUE DU COLON,43.58174,3.86426,Plein jour,En agglomération,Hors intersection,Normale,Deux véhicules - arrière,,,,,,,,,,,1,2,1,1.0,2.0
201800024233,0018-01-06 12:40:00,18,1,6,12,40,340,172,"486, ROQUETURIERE (RUE D",43.6301,3.8858,Plein jour,En agglomération,Hors intersection,Normale,Deux véhicules - côté,,,,,,,,,,,1,2,1,1.0,3.0
201800024234,0018-01-03 18:00:00,18,1,3,18,0,340,172,MARIE DE MONTPELLIER,43.60143,3.89885,Nuit avec éclairage allumé,En agglomération,Intersection en T,Normale,Deux véhicules - côté,,,,,,,,,,,5,2,3,1.0,3.0
201800024235,0018-01-08 18:10:00,18,1,8,18,10,340,172,LODEVE (AVENUE DE,43.61454,3.83549,Nuit avec éclairage allumé,En agglomération,Hors intersection,Pluie forte,Deux véhicules - arrière,,,,,,,,,,,5,2,1,3.0,2.0
201800024236,0018-01-11 17:50:00,18,1,11,17,50,340,172,"sans, NOBEL (RUE ALFRED)",43.61499,3.91153,Crépuscule ou aube,En agglomération,Intersection en T,Normale,Deux véhicules - côté,,,,,,,,,,,2,2,3,1.0,3.0
201800024237,0018-01-11 19:30:00,18,1,11,19,30,340,172,"35, ASSAS (AVENUE D')",43.61498,3.86423,Nuit avec éclairage allumé,En agglomération,Hors intersection,Normale,Deux véhicules - côté,,,,,,,,,,,5,2,1,1.0,3.0
201800024238,0018-01-12 16:00:00,18,1,12,16,0,340,172,PEDRO DE LUNA (BOULEVARD,43.59422,3.87232,Plein jour,En agglomération,Hors intersection,Normale,Autre collision,,,,,,,,,,,1,2,1,1.0,6.0
201800024239,0018-01-17 14:30:00,18,1,17,14,30,340,172,LAVERUNE (ROUTE DE,43.60283,3.85514,Plein jour,En agglomération,Hors intersection,Normale,Deux véhicules - côté,,,,,,,,,,,1,2,1,1.0,3.0
201800024240,0018-01-18 15:05:00,18,1,18,15,5,340,172,"78, FIGUEROLLES FAUBOURG",43.60655,3.86502,Plein jour,En agglomération,Hors intersection,Normale,Autre collision,,,,,,,,,,,1,2,1,1.0,6.0
201800024241,0018-01-18 18:30:00,18,1,18,18,30,340,172,CARTIER (AVENUE JACQUES),43.60705,3.89247,Nuit sans éclairage public,En agglomération,Hors intersection,Normale,Autre collision,,,,,,,,,,,3,2,1,1.0,6.0
201800024242,0018-01-21 01:53:00,18,1,21,1,53,340,172,YERSIN (ROND-POINT ALEXA,43.60392,3.83196,Nuit avec éclairage allumé,En agglomération,Hors intersection,Temps couvert,Autre collision,,,,,,,,,,,5,2,1,8.0,6.0
201800024243,0018-01-22 12:35:00,18,1,22,12,35,340,172,GRASSET AVENUE DU PRO,43.62054,3.86921,Plein jour,En agglomération,Intersection en T,Normale,Autre collision,,,,,,,,,,,1,2,3,1.0,6.0
201800024244,0018-01-24 17:55:00,18,1,24,17,55,340,172,"03, RENOUVIER (BOULEVARD",43.60531,3.86759,Plein jour,En agglomération,Hors intersection,Normale,Sans collision,,,,,,,,,,,1,2,1,1.0,7.0
201800024245,0018-01-24 21:12:00,18,1,24,21,12,340,172,"119, MENDE (ROUTE DE)",43.62388,3.87174,Nuit avec éclairage allumé,En agglomération,Hors intersection,Normale,Trois véhicules et plus - collisions multiples,,,,,,,,,,,5,2,1,1.0,5.0
201800024246,0018-01-13 07:55:00,18,1,13,7,55,340,172,ALCO (ROND POINT D'),43.6255,3.83682,Crépuscule ou aube,En agglomération,Hors intersection,Normale,Sans collision,,,,,,,,,,,2,2,1,1.0,7.0
201800024247,0018-01-26 17:05:00,18,1,26,17,5,340,129,"620, MONTPELLIER (AVENUE",43.56854,3.90416,Plein jour,En agglomération,Hors intersection,Pluie légère,Autre collision,,,,,,,,,,,1,2,1,2.0,6.0
201800024248,0018-01-27 01:25:00,18,1,27,1,25,340,172,RONDELET (PLACE),43.60341,3.87552,Nuit avec éclairage allumé,En agglomération,Place,Pluie légère,Autre collision,,,,,,,,,,,5,2,7,2.0,6.0
201800024249,0018-01-27 10:15:00,18,1,27,10,15,340,172,"02, LODEVE (ROUTE DE)",43.61059,3.87626,Plein jour,En agglomération,Hors intersection,Normale,Deux véhicules - arrière,,,,,,,,,,,1,2,1,1.0,2.0
201800024250,0018-01-28 23:30:00,18,1,28,23,30,340,172,CHAULIAC (PONT RAYMOND),43.60947,3.89926,Nuit avec éclairage allumé,En agglomération,Hors intersection,Normale,Sans collision,,,,,,,,,,,5,2,1,1.0,7.0
201800024251,0018-01-29 16:47:00,18,1,29,16,47,340,172,"40, FLAHAULT (AVENUE CHA",43.62318,3.86323,Plein jour,En agglomération,Hors intersection,Normale,Sans collision,,,,,,,,,,,1,2,1,1.0,7.0
201800024252,0018-01-29 17:30:00,18,1,29,17,30,340,172,NIMES (AVENUE DE),43.6237,3.89247,Crépuscule ou aube,En agglomération,Hors intersection,Normale,Deux véhicules - arrière,,,,,,,,,,,2,2,1,1.0,2.0
201800024253,0018-01-30 13:10:00,18,1,30,13,10,340,172,PARADISIERS (RUE DES),43.61788,3.89231,Plein jour,En agglomération,Intersection en T,Normale,Deux véhicules - côté,,,,,,,,,,,1,2,3,1.0,3.0
201800024254,0018-01-30 14:25:00,18,1,30,14,25,340,172,PAVELET (AVENUE DU COLON,43.58141,3.86498,Plein jour,En agglomération,Hors intersection,Normale,Trois véhicules et plus - en chaîne,,,,,,,,,,,1,2,1,1.0,4.0
201800024255,0018-01-27 20:50:00,18,1,27,20,50,340,172,"0, TOULOUSE (AVENUE DE",43.58672,3.85288,Nuit avec éclairage non allumé,En agglomération,Intersection en T,Normale,Autre collision,,,,,,,,,,,4,2,3,1.0,6.0
201800024256,0018-02-01 04:55:00,18,2,1,4,55,340,172,GIRAUD (AVENUE DU DOYEN,43.63478,3.84897,Nuit avec éclairage allumé,En agglomération,Hors intersection,Pluie légère,Sans collision,,,,,,,,,,,5,2,1,2.0,7.0
201800024257,0018-02-04 18:05:00,18,2,4,18,5,340,172,"sans, VALLOIS (RUE PROFE",43.61441,3.88381,Nuit avec éclairage allumé,En agglomération,Hors intersection,Normale,Autre collision,,,,,,,,,,,5,2,1,1.0,6.0
201800024258,0018-02-08 05:25:00,18,2,8,5,25,340,129,D116,43.56055,3.86635,Nuit sans éclairage public,En agglomération,Hors intersection,Normale,Autre collision,,,,,,,,,,,3,2,1,1.0,6.0
201800024259,0018-02-08 18:25:00,18,2,8,18,25,340,172,"0, BOUNIN (RUE JACQUES)",43.59114,3.86248,Nuit avec éclairage allumé,En agglomération,Intersection en T,Normale,Deux véhicules - côté,,,,,,,,,,,5,2,3,1.0,3.0
201800024260,0018-02-10 19:45:00,18,2,10,19,45,340,172,REINE HELENE D'ITALIE (A,43.62477,3.88921,Plein jour,En agglomération,Intersection en X,Normale,Deux véhicules - côté,,,,,,,,,,,1,2,2,1.0,3.0
201800024261,0018-02-15 08:30:00,18,2,15,8,30,340,172,FLAHAULT (AVENUE CHARLES,43.61758,3.88726,Plein jour,En agglomération,Hors intersection,Normale,Autre collision,,,,,,,,,,,1,2,1,1.0,6.0
201800024262,0018-02-15 11:05:00,18,2,15,11,5,340,172,"sans, CARTIER (AVENUE JA",43.60561,3.89189,Plein jour,En agglomération,Intersection en T,Temps couvert,Deux véhicules - côté,,,,,,,,,,,1,2,3,8.0,3.0
201800024263,0018-02-16 13:00:00,18,2,16,13,0,340,172,FAUBOURG FIGUEROLLES (RU,43.60652,3.86487,Plein jour,En agglomération,Hors intersection,Normale,Autre collision,,,,,,,,,,,1,2,1,1.0,6.0
201800024264,0018-02-17 17:50:00,18,2,17,17,50,340,172,CONSULS MER (BOULEVARD D,43.60397,3.89519,Plein jour,En agglomération,Hors intersection,Normale,Autre collision,,,,,,,,,,,1,2,1,1.0,6.0
201800024265,0018-02-15 19:25:00,18,2,15,19,25,340,172,"0, PONT DE LAVERUNE (RUE",43.60674,3.83751,Nuit avec éclairage allumé,En agglomération,Hors intersection,Normale,Autre collision,,,,,,,,,,,5,2,1,1.0,6.0
201800024266,0018-03-04 13:10:00,18,3,4,13,10,340,172,"0, PAVELET (AVENUE DU CO",43.58722,3.85862,Plein jour,En agglomération,Intersection en T,Temps couvert,Deux véhicules - frontale,,,,,,,,,,,1,2,3,8.0,1.0
201800024267,0018-03-05 09:20:00,18,3,5,9,20,340,172,"24, ABRIVADO (RUE DE L')",43.59066,3.88455,Plein jour,En agglomération,Hors intersection,Pluie légère,Autre collision,,,,,,,,,,,1,2,1,2.0,6.0
201800024268,0018-03-06 01:00:00,18,3,6,1,0,340,172,JUSTICE DE CASTELNAU (AV,43.6269,3.88198,Nuit avec éclairage allumé,En agglomération,Intersection en X,Pluie légère,Deux véhicules - côté,,,,,,,,,,,5,2,2,2.0,3.0
201800024269,0018-03-06 09:00:00,18,3,6,9,0,340,172,CARDONILLE (RUE DE LA),43.6359,3.84691,Plein jour,En agglomération,Hors intersection,Normale,Autre collision,,,,,,,,,,,1,2,1,1.0,6.0
201800024270,0018-03-05 10:20:00,18,3,5,10,20,340,129,EUROPE (AVENUE DE L'),43.57144,3.91369,Plein jour,En agglomération,Intersection en X,Normale,Deux véhicules - arrière,,,,,,,,,,,1,2,2,1.0,2.0
201800024271,0018-02-25 19:10:00,18,2,25,19,10,340,172,GARRATS (AVENUE DES),43.61191,3.8389,Nuit avec éclairage allumé,En agglomération,Hors intersection,Normale,Autre collision,,,,,,,,,,,5,2,1,1.0,6.0
201800024272,0018-03-08 14:30:00,18,3,8,14,30,340,172,JUSTICE DE CASTELNAU (AV,43.62612,3.87726,Plein jour,En agglomération,Intersection en X,Normale,Deux véhicules - côté,,,,,,,,,,,1,2,2,1.0,3.0
201800024273,0018-03-10 06:25:00,18,3,10,6,25,340,172,"116, TOULOUSE (AVENUE DE",43.59519,3.86167,Nuit avec éclairage allumé,En agglomération,Hors intersection,Pluie légère,Deux véhicules - côté,,,,,,,,,,,5,2,1,2.0,3.0
201800024274,0018-03-13 17:30:00,18,3,13,17,30,340,129,"26, MONTPELLIER (AVENUE",43.56994,3.8988,Plein jour,En agglomération,Hors intersection,Normale,Deux véhicules - arrière,,,,,,,,,,,1,2,1,1.0,2.0
201800024275,0018-03-14 23:32:00,18,3,14,23,32,340,172,LIBERTE (AVENUE DE LA,43.61136,3.82851,Nuit avec éclairage allumé,En agglomération,Intersection en X,Normale,Deux véhicules - côté,,,,,,,,,,,5,2,2,1.0,3.0
201800024276,0018-03-17 00:08:00,18,3,17,0,8,340,172,PRES D'ARENES (ROND-POIN,43.58934,3.89064,Nuit avec éclairage allumé,En agglomération,Giratoire,Pluie légère,Deux véhicules - côté,,,,,,,,,,,5,2,6,2.0,3.0
201800024277,0018-03-18 06:15:00,18,3,18,6,15,340,129,PALAVAS D986 (ROUTE DE),43.58095,3.89839,Nuit avec éclairage allumé,Hors agglomération,Autre intersection,Normale,Deux véhicules - arrière,,,,,,,,,,,5,1,9,1.0,2.0
201800024278,0018-03-18 08:45:00,18,3,18,8,45,340,198,D21  ROUTE DE CARNON,43.57768,3.93573,Plein jour,En agglomération,Intersection en X,Normale,Deux véhicules - côté,,,,,,,,,,,1,2,2,1.0,3.0
201800024279,0018-03-18 15:35:00,18,3,18,15,35,340,172,MONDIAL 98 (AVENUE DU),43.60667,3.91337,Plein jour,En agglomération,Intersection en T,Normale,Deux véhicules - côté,,,,,,,,,,,1,2,3,1.0,3.0
201800024280,0018-03-18 14:15:00,18,3,18,14,15,340,172,"sans, SAXIFRAGE (RUE DU)",43.61593,3.83753,Plein jour,En agglomération,Hors intersection,Normale,Autre collision,,,,,,,,,,,1,2,1,1.0,6.0
201800024281,0018-03-20 07:32:00,18,3,20,7,32,340,129,RD21 (ROUTE DE CARNON),43.5828,3.92514,Plein jour,En agglomération,Intersection en X,Normale,Deux véhicules - côté,,,,,,,,,,,1,2,2,1.0,3.0
201800024282,0018-03-20 19:45:00,18,3,20,19,45,340,172,ASSAS (AVENUE D'),43.61701,3.86115,Nuit avec éclairage allumé,En agglomération,Intersection en X,Normale,Trois véhicules et plus - collisions multiples,,,,,,,,,,,5,2,2,1.0,5.0
201800024283,0018-03-22 09:00:00,18,3,22,9,0,340,129,D132,43.57156,3.886,Plein jour,En agglomération,Hors intersection,Normale,Deux véhicules - côté,,,,,,,,,,,1,2,1,1.0,3.0
201800024284,0018-03-21 23:10:00,18,3,21,23,10,340,172,"0, FAJON (ROND-POINT PAU",43.59543,3.83658,Nuit avec éclairage allumé,En agglomération,Giratoire,Normale,Sans collision,,,,,,,,,,,5,2,6,1.0,7.0
201800024285,0018-03-24 06:40:00,18,3,24,6,40,340,172,CITADELLE (ALLEE DE LA),43.6102,3.88299,Crépuscule ou aube,En agglomération,Hors intersection,Temps couvert,Deux véhicules - frontale,,,,,,,,,,,2,2,1,8.0,1.0
201800024286,0018-03-24 13:07:00,18,3,24,13,7,340,172,FLAHAULT (AVENUE CHARLES,43.62391,3.86212,Plein jour,En agglomération,Intersection en T,Normale,Deux véhicules - côté,,,,,,,,,,,1,2,3,1.0,3.0
201800024287,0018-03-24 19:35:00,18,3,24,19,35,340,172,HEIDELBERG (AVENUE DE),43.62328,3.81181,Nuit avec éclairage allumé,En agglomération,Hors intersection,Normale,Sans collision,,,,,,,,,,,5,2,1,1.0,7.0
201800024288,0018-03-29 23:25:00,18,3,29,23,25,340,172,MOULINS (AVENUE DES,43.6369,3.845,Nuit avec éclairage allumé,En agglomération,Hors intersection,Normale,Autre collision,,,,,,,,,,,5,2,1,1.0,6.0
201800024289,0018-03-31 04:45:00,18,3,31,4,45,340,172,"1, RICARD (RUE HILAIRE)",43.61091,3.86816,Nuit avec éclairage allumé,En agglomération,Hors intersection,Normale,Autre collision,,,,,,,,,,,5,2,1,1.0,6.0
201800024290,0018-03-31 14:05:00,18,3,31,14,5,340,172,ALCO (ROND POINT D'),43.62327,3.83421,Plein jour,En agglomération,Hors intersection,Normale,Deux véhicules - côté,,,,,,,,,,,1,2,1,1.0,3.0
201800024291,0018-04-01 05:05:00,18,4,1,5,5,340,172,PONT JUVENAL (AVENUE DU),43.60555,3.88841,Nuit avec éclairage allumé,En agglomération,Intersection en X,Normale,Deux véhicules - arrière,,,,,,,,,,,5,2,2,1.0,2.0
201800024292,0018-04-03 21:00:00,18,4,3,21,0,340,198,D21  ROUTE DE CARNON,43.5591,3.96289,Nuit sans éclairage public,En agglomération,Hors intersection,Normale,Autre collision,,,,,,,,,,,3,2,1,1.0,6.0
201800024293,0018-03-27 12:15:00,18,3,27,12,15,340,172,"0, rond-point de la Cito",43.62518,3.83638,Plein jour,En agglomération,Hors intersection,Normale,Deux véhicules - côté,,,,,,,,,,,1,2,1,1.0,3.0
201800024294,0018-04-03 16:55:00,18,4,3,16,55,340,172,COURREAU FAUBOURG DU,43.60829,3.87184,Plein jour,En agglomération,Hors intersection,Normale,Autre collision,,,,,,,,,,,1,2,1,1.0,6.0
201800024295,0018-04-06 08:45:00,18,4,6,8,45,340,172,MARIE DE MONTPELLIER,43.60166,3.90027,Plein jour,En agglomération,Hors intersection,Normale,Autre collision,,,,,,,,,,,1,2,1,1.0,6.0
201800024296,0018-04-06 18:30:00,18,4,6,18,30,340,172,MERLE MAS DE,43.60517,3.8598,Plein jour,En agglomération,Hors intersection,Normale,Autre collision,,,,,,,,,,,1,2,1,1.0,6.0
201800024297,0018-04-07 15:55:00,18,4,7,15,55,340,172,PRES D'ARENES (AVENUE DE,43.59191,3.8811,Plein jour,En agglomération,Intersection en Y,Normale,Autre collision,,,,,,,,,,,1,2,4,1.0,6.0
201800024298,0018-04-11 14:45:00,18,4,11,14,45,340,172,RIMBAUD (RUE PAUL),43.61951,3.84912,Plein jour,En agglomération,Hors intersection,Pluie forte,Trois véhicules et plus - en chaîne,,,,,,,,,,,1,2,1,3.0,4.0
201800024299,0018-04-12 09:15:00,18,4,12,9,15,340,172,MAURIN (AVENUE DE,43.59129,3.87363,Plein jour,En agglomération,Hors intersection,Pluie légère,Autre collision,,,,,,,,,,,1,2,1,2.0,6.0
201800024300,0018-04-12 17:05:00,18,4,12,17,5,340,172,CARRIEU (RUE MARIUS),43.61623,3.84104,Plein jour,En agglomération,Hors intersection,Pluie légère,Deux véhicules - arrière,,,,,,,,,,,1,2,1,2.0,2.0
201800024301,0018-04-14 22:30:00,18,4,14,22,30,340,172,PENELOPE (BOULEVARD),43.6028,3.91387,Nuit avec éclairage allumé,En agglomération,Hors intersection,Normale,Autre collision,,,,,,,,,,,5,2,1,1.0,6.0
201800024302,0018-04-14 21:35:00,18,4,14,21,35,340,172,EUROPE (AVENUE DE L'),43.6228,3.81955,Nuit avec éclairage allumé,En agglomération,Autre intersection,Temps couvert,Deux véhicules - côté,,,,,,,,,,,5,2,9,8.0,3.0
201800024303,0018-04-15 16:25:00,18,4,15,16,25,340,172,TOULOUSE (AVENUE DE,43.5881,3.85429,Plein jour,En agglomération,Hors intersection,Normale,Autre collision,,,,,,,,,,,1,2,1,1.0,6.0
201800024304,0018-04-17 15:20:00,18,4,17,15,20,340,172,PALAVAS (AVENUE DE),43.59075,3.89063,Plein jour,En agglomération,Hors intersection,Normale,Autre collision,,,,,,,,,,,1,2,1,1.0,6.0
201800024305,0018-04-17 22:57:00,18,4,17,22,57,340,172,CARRIEU (RUE MARIUS),43.61625,3.84107,Nuit avec éclairage allumé,En agglomération,Intersection en X,Normale,Deux véhicules - côté,,,,,,,,,,,5,2,2,1.0,3.0
201800024306,0018-04-18 08:44:00,18,4,18,8,44,340,172,GRAND SAINT JEAN (RUE DU,43.60528,3.8753,Plein jour,En agglomération,Place,Normale,Autre collision,,,,,,,,,,,1,2,7,1.0,6.0
201800024307,0018-04-18 11:20:00,18,4,18,11,20,340,129,LE BERNIN (AVENUE),43.57832,3.90546,Plein jour,En agglomération,Intersection en T,Normale,Autre collision,,,,,,,,,,,1,2,3,1.0,6.0
201800024308,0018-04-18 08:57:00,18,4,18,8,57,340,172,NOBEL (RUE ALFRED),43.61099,3.91241,Plein jour,En agglomération,Hors intersection,Normale,Deux véhicules - côté,,,,,,,,,,,1,2,1,1.0,3.0
201800024309,0018-04-18 12:00:00,18,4,18,12,0,340,172,PEPINIERE (RUE DE LA),43.61401,3.88922,Plein jour,En agglomération,Hors intersection,Normale,Autre collision,,,,,,,,,,,1,2,1,1.0,6.0
201800024310,0018-04-24 17:53:00,18,4,24,17,53,340,172,SOULAS (AVENUE DU PERE,43.6288,3.8453,Plein jour,En agglomération,Hors intersection,Normale,Deux véhicules - côté,,,,,,,,,,,1,2,1,1.0,3.0
201800024311,0018-04-24 17:00:00,18,4,24,17,0,340,172,MONDIAL 98 (AVENUE DU),43.60292,3.90904,Plein jour,En agglomération,Hors intersection,Normale,Deux véhicules - côté,,,,,,,,,,,1,2,1,1.0,3.0
201800024312,0018-04-24 20:15:00,18,4,24,20,15,340,172,ACCONIERS (RUE DES),43.59516,3.90148,Crépuscule ou aube,En agglomération,Hors intersection,Normale,Deux véhicules - côté,,,,,,,,,,,2,2,1,1.0,3.0
201800024313,0018-04-25 04:20:00,18,4,25,4,20,340,172,BLAYAC (RUE DU PROFESSEU,43.62637,3.823,Nuit avec éclairage allumé,En agglomération,Hors intersection,Normale,Autre collision,,,,,,,,,,,5,2,1,1.0,6.0
201800024314,0018-04-21 20:55:00,18,4,21,20,55,340,172,VIEILLE POSTE (RUE DE LA,43.61345,3.9049,Crépuscule ou aube,En agglomération,Intersection en T,Normale,Deux véhicules - côté,,,,,,,,,,,2,2,3,1.0,3.0
201800024315,0018-05-04 12:40:00,18,5,4,12,40,340,172,JACQUARD (RUE),43.61766,3.9122,Plein jour,En agglomération,Hors intersection,Normale,Deux véhicules - côté,,,,,,,,,,,1,2,1,1.0,3.0
201800024316,0018-05-02 10:55:00,18,5,2,10,55,340,129,MONTPELLIER (AVENUE DE),43.56907,3.9045,Plein jour,En agglomération,Hors intersection,Normale,Autre collision,,,,,,,,,,,1,2,1,1.0,6.0
201800024317,0018-05-04 15:55:00,18,5,4,15,55,340,172,MONTPELLIER (AVENUE MARI,43.6013,3.89899,Plein jour,En agglomération,Hors intersection,Normale,Autre collision,,,,,,,,,,,1,2,1,1.0,6.0
201800024318,0018-05-04 21:40:00,18,5,4,21,40,340,172,DUBOUT (AVENUE ALBERT),43.59687,3.88096,Nuit avec éclairage allumé,En agglomération,Hors intersection,Normale,Deux véhicules - arrière,,,,,,,,,,,5,2,1,1.0,2.0
201800024319,0018-05-05 05:10:00,18,5,5,5,10,340,172,HUGO (BOULEVARD VICTOR),43.60666,3.87797,Nuit avec éclairage allumé,En agglomération,Hors intersection,Normale,Autre collision,,,,,,,,,,,5,2,1,1.0,6.0
201800024320,0018-05-05 17:15:00,18,5,5,17,15,340,129,FIGUIERES (AVENUE DE),43.58441,3.92691,Plein jour,En agglomération,Hors intersection,Normale,Trois véhicules et plus - collisions multiples,,,,,,,,,,,1,2,1,1.0,5.0
201800024321,0018-05-05 17:20:00,18,5,5,17,20,340,172,PARGUEL (AVENUE ABBE PAU,43.63265,3.86024,Plein jour,En agglomération,Hors intersection,Normale,Deux véhicules - frontale,,,,,,,,,,,1,2,1,1.0,1.0
201800024322,0018-05-08 11:15:00,18,5,8,11,15,340,172,BOLOGNE (RUE DE),43.63057,3.8202,Plein jour,En agglomération,Hors intersection,Normale,Autre collision,,,,,,,,,,,1,2,1,1.0,6.0
201800024323,0018-05-17 16:20:00,18,5,17,16,20,340,172,MONTELS-EGLISE (RUE DE),43.58012,3.87992,Plein jour,En agglomération,Hors intersection,Normale,Deux véhicules - côté,,,,,,,,,,,1,2,1,1.0,3.0
201800024324,0018-05-19 00:38:00,18,5,19,0,38,340,172,LAVERUNE (ROUTE DE,43.60411,3.85828,Nuit avec éclairage allumé,En agglomération,Intersection en X,Normale,Deux véhicules - côté,,,,,,,,,,,5,2,2,1.0,3.0
201800024325,0018-05-23 08:40:00,18,5,23,8,40,340,172,PRES D'ARENES (AVENUE DE,43.59205,3.8808,Plein jour,En agglomération,Autre intersection,Normale,Autre collision,,,,,,,,,,,1,2,9,1.0,6.0
201800024326,0018-05-23 19:05:00,18,5,23,19,5,340,172,MOULARES (CHEMIN DE,43.60022,3.0,Plein jour,En agglomération,Intersection en X,Normale,Deux véhicules - côté,,,,,,,,,,,1,2,2,1.0,3.0
201800024327,0018-05-24 20:35:00,18,5,24,20,35,340,172,BRANDT (CARREFOUR WILLY),43.6122,3.82427,Plein jour,En agglomération,Hors intersection,Normale,Autre collision,,,,,,,,,,,1,2,1,1.0,6.0
201800024328,0018-05-26 23:30:00,18,5,26,23,30,340,172,LIBERTE (AVENUE DE LA,43.61079,3.83743,Nuit avec éclairage allumé,En agglomération,Hors intersection,Normale,Sans collision,,,,,,,,,,,5,2,1,1.0,7.0
201800024329,0018-05-09 19:50:00,18,5,9,19,50,340,172,CLARET (RUE DE),43.60434,3.86456,Plein jour,En agglomération,Intersection en Y,Normale,Autre collision,,,,,,,,,,,1,2,4,1.0,6.0