accident_id,datetime,annee,mois,jour,heure,minute,departement,commune_insee,adresse,latitude,longitude,luminosite,agglomeration,intersection,meteo,collision,nb_vehicules,nb_usagers,nb_indemnes,nb_tues,nb_blesses_hosp,nb_blesses_legers,age_cond_1,age_cond_2,veh_type_cond_1,veh_type_cond_2,lum_code,agg_code,int_code,atm_code,col_code
201800024449,0018-10-05 11:50:00,18,10,5,11,50,340,172,LODEVE (AVENUE DE,43.61456,3.83526,Plein jour,En agglomération,Hors intersection,Normale,Deux véhicules - arrière,,,,,,,,,,,1,2,1,1.0,2.0
201800024450,0018-10-07 21:10:00,18,10,7,21,10,340,172,JOUHAUX (AVENUE LEON),43.60457,3.81981,Nuit sans éclairage public,En agglomération,Hors intersection,Normale,Sans collision,,,,,,,,,,,3,2,1,1.0,7.0
201800024451,0018-10-08 10:00:00,18,10,8,10,0,340,172,RIMBAUD (RUE PAUL),43.6183,3.84442,Plein jour,En agglomération,Hors intersection,Normale,Autre collision,,,,,,,,,,,1,2,1,1.0,6.0
201800024452,0018-10-08 10:40:00,18,10,8,10,40,340,172,GANGES (ROUTE DE,43.6282,3.85797,Plein jour,En agglomération,Hors intersection,Temps couvert,Deux véhicules - côté,,,,,,,,,,,1,2,1,8.0,3.0
201800024453,0018-10-09 09:33:00,18,10,9,9,33,340,172,EUROPE (AVENUE DE L'),43.63712,3.82285,Plein jour,En agglomération,Hors intersection,Normale,Autre collision,,,,,,,,,,,1,2,1,1.0,6.0
201800024454,0018-10-02 17:30:00,18,10,2,17,30,340,129,PITTOSPORES (RUE DES),43.56664,3.86993,Plein jour,En agglomération,Intersection en T,Normale,Deux véhicules - côté,,,,,,,,,,,1,2,3,1.0,3.0
201800024455,0018-10-10 17:10:00,18,10,10,17,10,340,198,PAGNOL (AVENUE MARCEL),43.55285,3.96841,Plein jour,En agglomération,Hors intersection,Pluie forte,Deux véhicules - arrière,,,,,,,,,,,1,2,1,3.0,2.0
201800024456,0018-10-10 18:15:00,18,10,10,18,15,340,172,JANVIER (RUE GUILLAUME),43.59631,3.86559,Crépuscule ou aube,En agglomération,Hors intersection,Pluie forte,Autre collision,,,,,,,,,,,2,2,1,3.0,6.0
201800024457,0018-10-10 19:00:00,18,10,10,19,0,340,172,CHOLET (RUE DE),43.58359,3.86638,Nuit avec éclairage non allumé,En agglomération,Intersection en T,Pluie légère,Deux véhicules - arrière,,,,,,,,,,,4,2,3,2.0,2.0
201800024458,0018-10-10 12:40:00,18,10,10,12,40,340,172,FLANDRES-DUNKERQUE (PLAC,43.59047,3.85586,Plein jour,En agglomération,Hors intersection,Normale,Deux véhicules - côté,,,,,,,,,,,1,2,1,1.0,3.0
201800024459,0018-10-11 16:30:00,18,10,11,16,30,340,172,LIBERTE (AVENUE DE LA,43.61176,3.82596,Plein jour,En agglomération,Hors intersection,Temps couvert,Deux véhicules - côté,,,,,,,,,,,1,2,1,8.0,3.0
201800024460,0018-10-11 20:10:00,18,10,11,20,10,340,172,JUSTICE DE CASTELNAU (AV,43.62709,3.89009,Nuit avec éclairage allumé,En agglomération,Hors intersection,Temps couvert,Deux véhicules - côté,,,,,,,,,,,5,2,1,8.0,3.0
201800024461,0018-10-13 13:30:00,18,10,13,13,30,340,172,NERUDA (AVENUE PABLO),43.6136,3.82226,Plein jour,En agglomération,Hors intersection,Normale,Deux véhicules - arrière,,,,,,,,,,,1,2,1,1.0,2.0
201800024462,0018-10-13 20:05:00,18,10,13,20,5,340,172,ARCEAUX (BOULEVARD DES),43.61195,3.86238,Nuit avec éclairage allumé,En agglomération,Hors intersection,Normale,Deux véhicules - côté,,,,,,,,,,,5,2,1,1.0,3.0
201800024463,0018-10-16 17:30:00,18,10,16,17,30,340,172,FERMAUD ENCLOS,43.60203,3.87313,Plein jour,En agglomération,Hors intersection,Temps couvert,Autre collision,,,,,,,,,,,1,2,1,8.0,6.0
201800024464,0018-10-17 00:02:00,18,10,17,0,2,340,172,LODEVE (AVENUE DE,43.6099,3.8625,Nuit avec éclairage allumé,En agglomération,Hors intersection,Normale,Deux véhicules - arrière,,,,,,,,,,,5,2,1,1.0,2.0
201800024465,0018-10-17 07:20:00,18,10,17,7,20,340,172,LODEVE (AVENUE DE,43.61156,3.84634,Plein jour,En agglomération,Intersection en T,Normale,Deux véhicules - côté,,,,,,,,,,,1,2,3,1.0,3.0
201800024466,0018-10-17 07:45:00,18,10,17,7,45,340,172,LIBERTE (AVENUE DE LA,43.61177,3.82585,Plein jour,En agglomération,Hors intersection,Normale,Deux véhicules - arrière,,,,,,,,,,,1,2,1,1.0,2.0
201800024467,0018-10-17 12:15:00,18,10,17,12,15,340,172,ROC DE PEZENAS (RUE DU),43.6031,3.85486,Plein jour,En agglomération,Hors intersection,Normale,Deux véhicules - côté,,,,,,,,,,,1,2,1,1.0,3.0
201800024468,0018-10-18 15:55:00,18,10,18,15,55,340,129,CLAIR (RUE RENE),43.58378,3.93401,Plein jour,En agglomération,Hors intersection,Normale,Trois véhicules et plus - collisions multiples,,,,,,,,,,,1,2,1,1.0,5.0
201800024469,0018-10-18 20:30:00,18,10,18,20,30,340,172,JANVIER (RUE GUILLAUME),43.59597,3.86584,Nuit avec éclairage allumé,En agglomération,Hors intersection,Normale,Sans collision,,,,,,,,,,,5,2,1,1.0,7.0
201800024470,0018-10-19 18:00:00,18,10,19,18,0,340,172,FLAHAULT (AVENUE CHARLES,43.61999,3.8653,Plein jour,En agglomération,Hors intersection,Normale,Deux véhicules - côté,,,,,,,,,,,1,2,1,1.0,3.0
201800024471,0018-10-20 21:27:00,18,10,20,21,27,340,172,TOULOUSE (AVENUE DE,43.60007,3.86713,Nuit avec éclairage allumé,En agglomération,Hors intersection,Normale,Deux véhicules - côté,,,,,,,,,,,5,2,1,1.0,3.0
201800024472,0018-10-22 16:30:00,18,10,22,16,30,340,172,RENOUVIER (BOULEVARD),43.60286,3.86779,Plein jour,En agglomération,Hors intersection,Normale,Autre collision,,,,,,,,,,,1,2,1,1.0,6.0
201800024473,0018-10-22 17:20:00,18,10,22,17,20,340,172,MARCHE GARE (AVENUE DU),43.58457,3.88404,Plein jour,En agglomération,Autre intersection,Temps éblouissant,Autre collision,,,,,,,,,,,1,2,9,7.0,6.0
201800024474,0018-10-23 11:55:00,18,10,23,11,55,340,172,LAURAGAIS (AVENUE DU),43.63113,3.82102,Plein jour,En agglomération,Hors intersection,Normale,Autre collision,,,,,,,,,,,1,2,1,1.0,6.0
201800024475,0018-10-26 20:40:00,18,10,26,20,40,340,172,ANTIGONE (BOULEVARD D'),43.60913,3.88872,Plein jour,En agglomération,Hors intersection,Normale,Autre collision,,,,,,,,,,,1,2,1,1.0,6.0
201800024476,0018-10-23 15:55:00,18,10,23,15,55,340,172,PONT JUVENAL (AVENUE DU),43.60593,3.89424,Plein jour,En agglomération,Intersection en T,Normale,Deux véhicules - côté,,,,,,,,,,,1,2,3,1.0,3.0
201800024477,0018-10-23 18:00:00,18,10,23,18,0,340,129,D21 E1,43.59094,3.90852,Plein jour,En agglomération,Intersection en X,Normale,Autre collision,,,,,,,,,,,1,2,2,1.0,6.0
201800024478,0018-10-23 19:05:00,18,10,23,19,5,340,172,LIBERTE (AVENUE DE LA,43.60962,3.83774,Crépuscule ou aube,En agglomération,Hors intersection,Normale,Deux véhicules - arrière,,,,,,,,,,,2,2,1,1.0,2.0
201800024479,0018-10-24 09:30:00,18,10,24,9,30,340,172,CATALPAS (RUE DES),43.59221,3.88463,Plein jour,En agglomération,Hors intersection,Normale,Autre collision,,,,,,,,,,,1,2,1,1.0,6.0
201800024480,0018-10-26 10:10:00,18,10,26,10,10,340,172,LODEVE (AVENUE DE,43.61238,3.84519,Plein jour,En agglomération,Intersection en T,Temps éblouissant,Trois véhicules et plus - collisions multiples,,,,,,,,,,,1,2,3,7.0,5.0
201800024481,0018-10-26 18:40:00,18,10,26,18,40,340,129,CARNON (ROUTE DE  D21),43.58227,3.92646,Nuit avec éclairage allumé,En agglomération,Hors intersection,Normale,Autre collision,,,,,,,,,,,5,2,1,1.0,6.0
201800024482,0018-10-25 20:15:00,18,10,25,20,15,340,172,MONTPELLIER (AVENUE MARI,43.60174,3.90041,Nuit avec éclairage allumé,En agglomération,Hors intersection,Normale,Autre collision,,,,,,,,,,,5,2,1,1.0,6.0
201800024483,0018-10-29 14:45:00,18,10,29,14,45,340,172,LEVAT (RUE),43.60475,3.87891,Plein jour,En agglomération,Hors intersection,Pluie légère,Autre collision,,,,,,,,,,,1,2,1,2.0,6.0
201800024484,0018-10-29 17:00:00,18,10,29,17,0,340,172,TOULOUSE (AVENUE DE,43.59744,3.86433,Nuit avec éclairage allumé,En agglomération,Hors intersection,Pluie légère,Autre collision,,,,,,,,,,,5,2,1,2.0,6.0
201800024485,0018-10-29 06:40:00,18,10,29,6,40,340,172,SOULAS (AVENUE DU PERE,43.62805,3.84609,Crépuscule ou aube,En agglomération,Hors intersection,Pluie légère,Deux véhicules - côté,,,,,,,,,,,2,2,1,2.0,3.0
201800024486,0018-10-30 13:50:00,18,10,30,13,50,340,172,TANNEURS (QUAI DES),43.6156,3.87617,Plein jour,En agglomération,Hors intersection,Normale,Sans collision,,,,,,,,,,,1,2,1,1.0,7.0
201800024487,0018-10-30 18:25:00,18,10,30,18,25,340,172,LAVERUNE (ROUTE DE,43.59265,3.82821,Nuit sans éclairage public,Hors agglomération,Hors intersection,Normale,Deux véhicules - côté,,,,,,,,,,,3,1,1,1.0,3.0
201800024488,0018-11-02 09:10:00,18,11,2,9,10,340,172,CHATEAU D'O (ROND-POINT,43.63086,3.84174,Plein jour,En agglomération,Giratoire,Normale,Deux véhicules - côté,,,,,,,,,,,1,2,6,1.0,3.0
201800024489,0018-11-03 06:30:00,18,11,3,6,30,340,172,VANIERES (AVENUE DE),43.5952,3.84818,Nuit avec éclairage allumé,En agglomération,Hors intersection,Normale,Sans collision,,,,,,,,,,,5,2,1,1.0,7.0
201800024490,0018-11-03 06:50:00,18,11,3,6,50,340,172,GRAND SAINT JEAN (RUE DU,43.60475,3.87679,Crépuscule ou aube,En agglomération,Intersection en X,Normale,Deux véhicules - côté,,,,,,,,,,,2,2,2,1.0,3.0
201800024491,0018-11-04 06:30:00,18,11,4,6,30,340,172,DUBOUT (AVENUE ALBERT),43.59702,3.88568,Nuit avec éclairage allumé,En agglomération,Hors intersection,Normale,Sans collision,,,,,,,,,,,5,2,1,1.0,7.0
201800024492,0018-11-05 14:00:00,18,11,5,14,0,340,172,BADIE (PONT VINCENT),43.63063,3.82227,Plein jour,En agglomération,Hors intersection,Temps couvert,Deux véhicules - arrière,,,,,,,,,,,1,2,1,8.0,2.0
201800024493,0018-11-05 17:05:00,18,11,5,17,5,340,172,CHASSEURS (RUE DES),43.60161,3.85773,Crépuscule ou aube,En agglomération,Hors intersection,Pluie légère,Trois véhicules et plus - en chaîne,,,,,,,,,,,2,2,1,2.0,4.0
201800024494,0018-11-06 09:30:00,18,11,6,9,30,340,172,RIMBAUD (RUE PAUL),43.61806,3.84395,Plein jour,En agglomération,Intersection en T,Normale,Deux véhicules - côté,,,,,,,,,,,1,2,3,1.0,3.0
201800024495,0018-11-06 23:40:00,18,11,6,23,40,340,172,RAYMOND DUGRAND (AVENUE),43.5955,3.90521,Nuit avec éclairage allumé,En agglomération,Hors intersection,Normale,Sans collision,,,,,,,,,,,5,2,1,1.0,7.0
201800024496,0018-11-07 12:00:00,18,11,7,12,0,340,172,PALAVAS (AVENUE DE),43.59941,3.88517,Plein jour,En agglomération,Hors intersection,Temps couvert,Deux véhicules - côté,,,,,,,,,,,1,2,1,8.0,3.0
201800024497,0018-11-07 22:40:00,18,11,7,22,40,340,172,DUBOUT (AVENUE ALBERT),43.59692,3.87777,Nuit avec éclairage allumé,En agglomération,Intersection en X,Pluie légère,Deux véhicules - côté,,,,,,,,,,,5,2,2,2.0,3.0
201800024498,0018-11-09 16:30:00,18,11,9,16,30,340,172,ARCEAUX (BOULEVARD DES),43.6118,3.86583,Plein jour,En agglomération,Hors intersection,Pluie légère,Deux véhicules - frontale,,,,,,,,,,,1,2,1,2.0,1.0
201800024499,0018-11-09 20:35:00,18,11,9,20,35,340,172,LIBERTE (AVENUE DE LA,43.60729,3.86375,Nuit avec éclairage allumé,En agglomération,Hors intersection,Normale,Deux véhicules - arrière,,,,,,,,,,,5,2,1,1.0,2.0
201800024500,0018-11-10 07:15:00,18,11,10,7,15,340,172,PORTALIERE DES MASQUES (,43.61513,3.86626,Plein jour,En agglomération,Hors intersection,Normale,Deux véhicules - côté,,,,,,,,,,,1,2,1,1.0,3.0
201800024501,0018-11-10 17:45:00,18,11,10,17,45,340,172,TOULOUSE (AVENUE DE,43.59734,3.86424,Nuit avec éclairage allumé,En agglomération,Intersection en X,Pluie légère,Deux véhicules - côté,,,,,,,,,,,5,2,2,2.0,3.0
201800024502,0018-11-13 15:08:00,18,11,13,15,8,340,129,CARNON (ROUTE DE  D21),43.58647,3.9293,Plein jour,Hors agglomération,Intersection en X,Normale,Deux véhicules - côté,,,,,,,,,,,1,1,2,1.0,3.0
201800024503,0018-11-14 12:15:00,18,11,14,12,15,340,172,FRANKLIN (ROND POINT BEN,43.61831,3.91272,Plein jour,En agglomération,Giratoire,Temps couvert,Deux véhicules - côté,,,,,,,,,,,1,2,6,8.0,3.0
201800024504,0018-11-15 17:50:00,18,11,15,17,50,340,129,EUROPE (AVENUE DE L'),43.57148,3.8961,Nuit sans éclairage public,En agglomération,Hors intersection,Normale,Deux véhicules - arrière,,,,,,,,,,,3,2,1,1.0,2.0
201800024505,0018-11-15 09:45:00,18,11,15,9,45,340,172,PIC SAINT LOUP (AVENUE D,43.6392,3.85403,Plein jour,En agglomération,Autre intersection,Normale,Deux véhicules - côté,,,,,,,,,,,1,2,9,1.0,3.0
201800024506,0018-11-15 11:30:00,18,11,15,11,30,340,172,DOMITIENNE (VOIE),43.6237,3.8618,Plein jour,En agglomération,Intersection en T,Normale,Deux véhicules - côté,,,,,,,,,,,1,2,3,1.0,3.0
201800024507,0018-11-16 09:35:00,18,11,16,9,35,340,172,NOUVEAU MONDE (ALLEE DU),43.60727,3.88625,Plein jour,En agglomération,Hors intersection,Normale,Sans collision,,,,,,,,,,,1,2,1,1.0,7.0
201800024508,0018-11-18 03:08:00,18,11,18,3,8,340,129,PALAVAS D986 (ROUTE DE),43.5774,3.89749,Nuit sans éclairage public,Hors agglomération,Hors intersection,Normale,Autre collision,,,,,,,,,,,3,1,1,1.0,6.0
201800024509,0018-11-17 20:30:00,18,11,17,20,30,340,172,LIBERTE (AVENUE DE LA,43.60891,3.84184,Nuit avec éclairage allumé,En agglomération,Hors intersection,Normale,Deux véhicules - arrière,,,,,,,,,,,5,2,1,1.0,2.0
201800024510,0018-11-21 06:05:00,18,11,21,6,5,340,172,RIEUCOULON (ROND-POINT D,43.58329,3.84838,Nuit sans éclairage public,En agglomération,Hors intersection,Temps couvert,Sans collision,,,,,,,,,,,3,2,1,8.0,7.0
201800024511,0018-11-21 09:35:00,18,11,21,9,35,340,172,NERUDA (AVENUE PABLO),43.61219,3.82395,Plein jour,En agglomération,Hors intersection,Normale,Deux véhicules - côté,,,,,,,,,,,1,2,1,1.0,3.0
201800024512,0018-11-22 18:20:00,18,11,22,18,20,340,172,CASTELNAU (AVENUE DE),43.61887,3.87928,Nuit avec éclairage allumé,En agglomération,Hors intersection,Normale,Autre collision,,,,,,,,,,,5,2,1,1.0,6.0
201800024513,0018-11-23 16:55:00,18,11,23,16,55,340,172,LECLERC (AVENUE DU MAREC,43.59422,3.88535,Crépuscule ou aube,En agglomération,Hors intersection,Pluie légère,Deux véhicules - côté,,,,,,,,,,,2,2,1,2.0,3.0
201800024514,0018-11-24 15:25:00,18,11,24,15,25,340,172,HIRONDELLE (RUE DE L'),43.6262,3.88522,Plein jour,En agglomération,Intersection en T,Normale,Autre collision,,,,,,,,,,,1,2,3,1.0,6.0
201800024515,0018-11-24 22:40:00,18,11,24,22,40,340,172,BRINGUIER (AVENUE PAUL),43.61618,3.84086,Nuit avec éclairage allumé,En agglomération,Intersection en X,Normale,Autre collision,,,,,,,,,,,5,2,2,1.0,6.0
201800024516,0018-11-25 18:00:00,18,11,25,18,0,340,172,EUROPE (AVENUE DE L'),43.63871,3.82248,Nuit avec éclairage allumé,En agglomération,Hors intersection,Pluie légère,Autre collision,,,,,,,,,,,5,2,1,2.0,6.0
201800024517,0018-11-26 08:30:00,18,11,26,8,30,340,172,SOPHORAS (ALLEE DES),43.60084,3.86816,Plein jour,En agglomération,Hors intersection,Normale,Autre collision,,,,,,,,,,,1,2,1,1.0,6.0
201800024518,0018-11-26 12:05:00,18,11,26,12,5,340,172,MARES (AVENUE HENRI),43.62052,3.85703,Plein jour,En agglomération,Hors intersection,Normale,Deux véhicules - côté,,,,,,,,,,,1,2,1,1.0,3.0
201800024519,0018-11-28 10:20:00,18,11,28,10,20,340,172,GARRATS (AVENUE DES),43.61214,3.83889,Plein jour,En agglomération,Hors intersection,Normale,Autre collision,,,,,,,,,,,1,2,1,1.0,6.0
201800024520,0018-11-30 03:13:00,18,11,30,3,13,340,172,MONTASINOS (RUE DE,43.62292,3.88012,Nuit avec éclairage allumé,En agglomération,Hors intersection,Pluie légère,Autre collision,,,,,,,,,,,5,2,1,2.0,6.0
201800024521,0018-11-28 10:10:00,18,11,28,10,10,340,129,PONT DE GUERRE,43.5756,3.87272,Plein jour,En agglomération,Hors intersection,Normale,Autre collision,,,,,,,,,,,1,2,1,1.0,6.0
201800024522,0018-12-02 20:50:00,18,12,2,20,50,340,172,TRIOLET (RUE DU),43.62447,3.86267,Nuit avec éclairage allumé,En agglomération,Hors intersection,Normale,Autre collision,,,,,,,,,,,5,2,1,1.0,6.0
201800024523,0018-12-03 04:00:00,18,12,3,4,0,340,172,BRAILLE (RUE LOUIS),43.60894,3.86423,Nuit avec éclairage allumé,En agglomération,Hors intersection,Normale,Autre collision,,,,,,,,,,,5,2,1,1.0,6.0
201800024524,0018-12-04 22:00:00,18,12,4,22,0,340,172,DOMITIENNE (VOIE),43.62438,3.86271,Nuit avec éclairage allumé,En agglomération,Intersection en T,Normale,Deux véhicules - côté,,,,,,,,,,,5,2,3,1.0,3.0
201800024525,0018-11-30 20:10:00,18,11,30,20,10,340,172,LODEVE (AVENUE DE,43.61451,3.83562,Nuit avec éclairage allumé,En agglomération,Intersection en X,Normale,Deux véhicules - côté,,,,,,,,,,,5,2,2,1.0,3.0
201800024526,0018-12-05 18:45:00,18,12,5,18,45,340,172,MOUSSERON (RUE MAX),43.62088,3.88389,Crépuscule ou aube,En agglomération,Intersection en X,Normale,Autre collision,,,,,,,,,,,2,2,2,1.0,6.0
201800024527,0018-12-06 18:10:00,18,12,6,18,10,340,172,JUSTICE DE CASTELNAU (AV,43.62612,3.87729,Nuit avec éclairage allumé,En agglomération,Intersection en X,Normale,Deux véhicules - côté,,,,,,,,,,,5,2,2,1.0,3.0
201800024528,0018-12-07 16:50:00,18,12,7,16,50,340,172,MIQUEL (ALLEE JEAN),43.59807,3.88718,Crépuscule ou aube,En agglomération,Hors intersection,Normale,Autre collision,,,,,,,,,,,2,2,1,1.0,6.0
201800024529,0018-12-08 19:20:00,18,12,8,19,20,340,172,DUBOUT (AVENUE ALBERT),43.59942,3.89314,Nuit avec éclairage allumé,En agglomération,Hors intersection,Normale,Trois véhicules et plus - en chaîne,,,,,,,,,,,5,2,1,1.0,4.0
201800024530,0018-12-09 02:55:00,18,12,9,2,55,340,172,ZAMENHOF (RUE LEJZER),43.61607,3.82595,Nuit avec éclairage allumé,En agglomération,Intersection en X,Normale,Autre collision,,,,,,,,,,,5,2,2,1.0,6.0
201800024531,0018-12-06 16:10:00,18,12,6,16,10,340,172,CLEMENCEAU (AVENUE GEORG,43.60261,3.8706,Plein jour,En agglomération,Hors intersection,Temps éblouissant,Autre collision,,,,,,,,,,,1,2,1,7.0,6.0
201800024532,0018-12-09 13:20:00,18,12,9,13,20,340,172,EINSTEIN (AVENUE ALBERT,43.60837,3.9066,Plein jour,En agglomération,Intersection en X,Temps couvert,Deux véhicules - côté,,,,,,,,,,,1,2,2,8.0,3.0
201800024533,0018-12-09 17:05:00,18,12,9,17,5,340,172,LIBERTE (AVENUE DE LA,43.60884,3.8435,Crépuscule ou aube,En agglomération,Hors intersection,Normale,Autre collision,,,,,,,,,,,2,2,1,1.0,6.0
201800024534,0018-12-10 15:20:00,18,12,10,15,20,340,172,PALAVAS (AVENUE DE),43.59635,3.88741,Plein jour,En agglomération,Hors intersection,Normale,Autre collision,,,,,,,,,,,1,2,1,1.0,6.0
201800024535,0018-12-11 09:00:00,18,12,11,9,0,340,172,PAVELET (AVENUE DU COLON,43.5817,3.86451,Plein jour,En agglomération,Intersection en X,Normale,Deux véhicules - frontale,,,,,,,,,,,1,2,2,1.0,1.0
201800024536,0018-12-12 15:20:00,18,12,12,15,20,340,172,MAS DE MERLE (RUE DU),43.60508,3.85934,Plein jour,En agglomération,Intersection en X,Temps couvert,Autre collision,,,,,,,,,,,1,2,2,8.0,6.0
201800024537,0018-12-16 05:52:00,18,12,16,5,52,340,172,FRANQUE (RUE FRANCOIS),43.61116,3.87186,Nuit avec éclairage allumé,En agglomération,Intersection en T,Autre,Autre collision,,,,,,,,,,,5,2,3,9.0,6.0
201800024538,0018-12-16 06:00:00,18,12,16,6,0,340,172,TOULOUSE (AVENUE DE,43.59743,3.86421,Nuit avec éclairage allumé,En agglomération,Intersection en X,Pluie légère,Deux véhicules - côté,,,,,,,,,,,5,2,2,2.0,3.0
201800024539,0018-12-18 05:00:00,18,12,18,5,0,340,172,LIBERTE (AVENUE DE LA,43.60073,3.86876,Nuit avec éclairage allumé,En agglomération,Hors intersection,Normale,Deux véhicules - frontale,,,,,,,,,,,5,2,1,1.0,1.0
201800024540,0018-12-17 14:30:00,18,12,17,14,30,340,172,JUSTICE DE CASTELNAU (AV,43.62621,3.88322,Plein jour,En agglomération,Hors intersection,Normale,Deux véhicules - arrière,,,,,,,,,,,1,2,1,1.0,2.0
201800024541,0018-12-16 18:50:00,18,12,16,18,50,340,129,D172,43.57264,3.91868,Nuit avec éclairage allumé,En agglomération,Hors intersection,Pluie légère,Deux véhicules - frontale,,,,,,,,,,,5,2,1,2.0,1.0
201800024542,0018-12-17 17:40:00,18,12,17,17,40,340,172,MAURIN (AVENUE DE,43.59546,3.87461,Nuit avec éclairage allumé,En agglomération,Hors intersection,Normale,Autre collision,,,,,,,,,,,5,2,1,1.0,6.0
201800024543,0018-12-22 17:10:00,18,12,22,17,10,340,172,LAVERUNE (ROUTE DE,43.60252,3.85446,Crépuscule ou aube,En agglomération,Hors intersection,Normale,Autre collision,,,,,,,,,,,2,2,1,1.0,6.0
201800024544,0018-12-23 16:00:00,18,12,23,16,0,340,172,SCHUMAN (PLACE ROBERT),43.61763,3.819,Plein jour,En agglomération,Hors intersection,Normale,Autre collision,,,,,,,,,,,1,2,1,1.0,6.0
201800024545,0018-12-24 23:40:00,18,12,24,23,40,340,172,LAVERUNE (ROUTE DE,43.60098,3.85032,Nuit avec éclairage allumé,En agglomération,Intersection en T,Normale,Deux véhicules - côté,,,,,,,,,,,5,2,3,1.0,3.0
201800024546,0018-12-26 13:20:00,18,12,26,13,20,340,172,SAINT LAZARE (AVENUE DE),43.6179,3.8864,Plein jour,En agglomération,Hors intersection,Normale,Deux véhicules - arrière,,,,,,,,,,,1,2,1,1.0,2.0
201800024547,0018-12-26 13:50:00,18,12,26,13,50,340,172,TOULOUSE (AVENUE DE,43.5995,3.8665,Plein jour,En agglomération,Hors intersection,Normale,Deux véhicules - côté,,,,,,,,,,,1,2,1,1.0,3.0
201800024548,0018-12-26 16:57:00,18,12,26,16,57,340,172,LAVERUNE (ROUTE DE,43.60202,3.8534,Crépuscule ou aube,En agglomération,Autre intersection,Normale,Deux véhicules - côté,,,,,,,,,,,2,2,9,1.0,3.0
201800024549,0018-12-27 17:20:00,18,12,27,17,20,340,172,JEUNE PARQUE (RUE DE LA),43.5822,3.86814,Nuit avec éclairage allumé,En agglomération,Hors intersection,Normale,Deux véhicules - arrière,,,,,,,,,,,5,2,1,1.0,2.0
201800024550,0018-12-31 15:50:00,18,12,31,15,50,340,172,CROIX DE FIGUEROLLES (RU,43.60471,3.84922,Plein jour,En agglomération,Hors intersection,Normale,Deux véhicules - côté,,,,,,,,,,,1,2,1,1.0,3.0
201800024551,0018-10-07 21:20:00,18,10,7,21,20,340,108,RD 600,43.44427,3.71415,Nuit sans éclairage public,Hors agglomération,Hors intersection,Normale,Deux véhicules - frontale,,,,,,,,,,,3,1,1,1.0,1.0
201800024552,0018-01-24 14:00:00,18,1,24,14,0,340,108,"0, CARAMUS (QUAI DE)",43.44478,3.76145,Plein jour,En agglomération,Intersection en T,Normale,Deux véhicules - côté,,,,,,,,,,,1,2,3,1.0,3.0
201800024553,0018-02-05 18:30:00,18,2,5,18,30,340,301,"50, BOSC (QUAI DE)",43.40919,3.69424,Nuit avec éclairage non allumé,En agglomération,Hors intersection,Pluie forte,Sans collision,,,,,,,,,,,4,2,1,3.0,7.0
201800024554,0018-02-06 21:25:00,18,2,6,21,25,340,108,RD 612,43.42774,3.75208,Nuit sans éclairage public,Hors agglomération,Hors intersection,Pluie légère,Deux véhicules - frontale,,,,,,,,,,,3,1,1,2.0,1.0
201800024555,0018-03-23 16:20:00,18,3,23,16,20,340,108,RD 612,43.42311,3.74331,Plein jour,Hors agglomération,Hors intersection,Temps éblouissant,Autre collision,,,,,,,,,,,1,1,1,7.0,6.0
201800024556,0018-03-26 19:35:00,18,3,26,19,35,340,301,RD 612,43.37766,3.63202,Plein jour,Hors agglomération,Hors intersection,Temps éblouissant,Autre collision,,,,,,,,,,,1,1,1,7.0,6.0
201800024557,0018-04-01 18:18:00,18,4,1,18,18,340,301,CORMORANS (RUE DES),43.42009,3.67324,Plein jour,En agglomération,Intersection en Y,Normale,Trois véhicules et plus - collisions multiples,,,,,,,,,,,1,2,4,1.0,5.0
201800024558,0018-04-13 08:00:00,18,4,13,8,0,340,301,PIERRES BLANCHES (MONTEE,43.40043,3.66833,Plein jour,En agglomération,Autre intersection,Normale,Deux véhicules - frontale,,,,,,,,,,,1,2,9,1.0,1.0
201800024559,0018-04-20 08:50:00,18,4,20,8,50,340,301,VERDUN (BOULEVARD DE),43.41252,3.68329,Plein jour,En agglomération,Hors intersection,Normale,Autre collision,,,,,,,,,,,1,2,1,1.0,6.0
201800024560,0018-05-07 20:25:00,18,5,7,20,25,340,301,BLANC CAMILLE (BOULEVARD,43.40759,3.66598,Crépuscule ou aube,En agglomération,Intersection en T,Normale,Deux véhicules - côté,,,,,,,,,,,2,2,3,1.0,3.0
201800024561,0018-04-01 18:10:00,18,4,1,18,10,340,108,81ème R.I. (AVENUE DU),43.44036,3.75926,Plein jour,Hors agglomération,Hors intersection,Normale,Sans collision,,,,,,,,,,,1,1,1,1.0,7.0
201800024562,0018-06-06 19:45:00,18,6,6,19,45,340,108,BALARUC (ROUTE DE),43.44172,3.71433,Plein jour,En agglomération,Intersection en Y,Normale,Deux véhicules - frontale,,,,,,,,,,,1,2,4,1.0,1.0
201800024563,0018-06-21 11:00:00,18,6,21,11,0,340,301,RD2E2 Route de Balaruc,43.41452,3.69908,Plein jour,En agglomération,Hors intersection,Normale,Deux véhicules - côté,,,,,,,,,,,1,2,1,1.0,3.0
201800024564,0018-07-04 09:21:00,18,7,4,9,21,340,108,RD 600,43.43041,3.72136,Plein jour,Hors agglomération,Hors intersection,Normale,Trois véhicules et plus - collisions multiples,,,,,,,,,,,1,1,1,1.0,5.0
201800024565,0018-07-29 14:05:00,18,7,29,14,5,340,301,CURIE (BOULEVARD JOLIOT),43.39764,3.66511,Plein jour,En agglomération,Intersection en X,Normale,Deux véhicules - frontale,,,,,,,,,,,1,2,2,1.0,1.0