accident_id,datetime,annee,mois,jour,heure,minute,departement,commune_insee,adresse,latitude,longitude,luminosite,agglomeration,intersection,meteo,collision,nb_vehicules,nb_usagers,nb_indemnes,nb_tues,nb_blesses_hosp,nb_blesses_legers,age_cond_1,age_cond_2,veh_type_cond_1,veh_type_cond_2,lum_code,agg_code,int_code,atm_code,col_code
201800024683,0018-03-10 16:00:00,18,3,10,16,0,350,51,A84,48.14847,-1.5954,Plein jour,Hors agglomération,Autre intersection,Normale,Sans collision,,,,,,,,,,,1,1,9,1.0,7.0
201800024684,0018-03-18 02:00:00,18,3,18,2,0,350,238,", AVENUE DES PREALES",48.11289,-1.63966,Nuit avec éclairage allumé,En agglomération,Intersection en T,Temps couvert,Deux véhicules - arrière,,,,,,,,,,,5,2,3,8.0,2.0
201800024685,0018-03-11 22:11:00,18,3,11,22,11,350,238,"00, BERGER (AVENUE GASTO",48.12131,-1.70427,Nuit avec éclairage allumé,En agglomération,Giratoire,Temps couvert,Sans collision,,,,,,,,,,,5,2,6,8.0,7.0
201800024686,0018-11-15 15:00:00,18,11,15,15,0,350,238,POLOGNE (AVENUE DE),48.08979,-1.65066,Plein jour,En agglomération,Hors intersection,Normale,Autre collision,,,,,,,,,,,1,2,1,1.0,6.0
201800024687,0018-03-12 09:49:00,18,3,12,9,49,350,238,"10, KENNEDY (COURS JOHN-",48.12141,-1.70599,Plein jour,En agglomération,Hors intersection,Normale,Deux véhicules - arrière,,,,,,,,,,,1,2,1,1.0,2.0
201800024688,0018-07-25 15:00:00,18,7,25,15,0,350,238,LECLERC (AVENUE DU GENER,48.1146,-1.65066,Plein jour,En agglomération,Hors intersection,Pluie légère,Autre collision,,,,,,,,,,,1,2,1,2.0,6.0
201800024689,0018-03-12 19:53:00,18,3,12,19,53,350,238,"00, LORIENT (DE)",48.10893,-1.71015,Nuit avec éclairage allumé,En agglomération,Intersection en X,Pluie légère,Deux véhicules - côté,,,,,,,,,,,5,2,2,2.0,3.0
201800024690,0018-03-13 09:34:00,18,3,13,9,34,350,51,BEAULIEU (PORTE DE),48.10559,-1.60184,Plein jour,Hors agglomération,Hors intersection,Normale,Deux véhicules - arrière,,,,,,,,,,,1,1,1,1.0,2.0
201800024691,0018-03-13 12:59:00,18,3,13,12,59,350,238,"00, LORIENT (DE)",48.10716,-1.72347,Plein jour,En agglomération,Hors intersection,Normale,Autre collision,,,,,,,,,,,1,2,1,1.0,6.0
201800024692,0018-03-14 08:35:00,18,3,14,8,35,350,278,RD 137,48.1402,-1.69076,Plein jour,Hors agglomération,Hors intersection,Normale,Deux véhicules - arrière,,,,,,,,,,,1,1,1,1.0,2.0
201800024693,0018-03-15 21:09:00,18,3,15,21,9,350,238,"17, VERN (DE)",48.10075,-1.65889,Nuit avec éclairage allumé,En agglomération,Intersection en T,Temps couvert,Deux véhicules - côté,,,,,,,,,,,5,2,3,8.0,3.0
201800024694,0018-03-14 09:31:00,18,3,14,9,31,350,51,"40.100, PORTE DE LA RIGO",48.11402,-1.55486,Plein jour,Hors agglomération,Hors intersection,Normale,Trois véhicules et plus - collisions multiples,,,,,,,,,,,1,1,1,1.0,5.0
201800024695,0018-03-16 12:17:00,18,3,16,12,17,350,206,PORTE ALMA,48.08082,-1.67876,Plein jour,Hors agglomération,Hors intersection,Pluie légère,Deux véhicules - arrière,,,,,,,,,,,1,1,1,2.0,2.0
201800024696,0018-03-16 14:20:00,18,3,16,14,20,350,238,"86, SAINT-HELIER",48.10623,-1.66745,Plein jour,En agglomération,Hors intersection,Pluie forte,Sans collision,,,,,,,,,,,1,2,1,3.0,7.0
201800024697,0018-03-16 15:06:00,18,3,16,15,6,350,238,"00, HENRY (RECTEUR PAUL)",48.12498,-1.70014,Plein jour,En agglomération,Intersection en T,Normale,Deux véhicules - côté,,,,,,,,,,,1,2,3,1.0,3.0
201800024698,0018-03-16 15:44:00,18,3,16,15,44,350,238,"19, BOURGEOIS (BOULEVARD",48.09878,-1.65395,Plein jour,En agglomération,Hors intersection,Normale,Deux véhicules - arrière,,,,,,,,,,,1,2,1,1.0,2.0
201800024699,0018-03-16 16:30:00,18,3,16,16,30,350,238,"13, TREGAIN (DE)",48.12572,-1.66042,Plein jour,En agglomération,Hors intersection,Normale,Autre collision,,,,,,,,,,,1,2,1,1.0,6.0
201800024700,0018-03-18 13:20:00,18,3,18,13,20,350,278,PORTE DE ST MALO,48.13991,-1.69674,Plein jour,Hors agglomération,Hors intersection,Normale,Sans collision,,,,,,,,,,,1,1,1,1.0,7.0
201800024701,0018-03-19 20:58:00,18,3,19,20,58,350,238,"00, FREVILLE (AVENUE HEN",48.09374,-1.67425,Nuit avec éclairage allumé,En agglomération,Intersection en X,Normale,Deux véhicules - côté,,,,,,,,,,,5,2,2,1.0,3.0
201800024702,0018-03-20 08:41:00,18,3,20,8,41,350,238,SEVIGNE (BD DE),48.11628,-1.66617,Plein jour,En agglomération,Intersection en X,Temps éblouissant,Deux véhicules - côté,,,,,,,,,,,1,2,2,7.0,3.0
201800024703,0018-03-23 06:15:00,18,3,23,6,15,350,278,"00, MELESSE (ROND POINT",48.16135,-1.68988,Nuit avec éclairage allumé,En agglomération,Giratoire,Pluie légère,Sans collision,,,,,,,,,,,5,2,6,2.0,7.0
201800024704,0018-03-23 08:50:00,18,3,23,8,50,350,238,", MONNAIE ( DE LA)",48.1102,-1.6846,Plein jour,En agglomération,Intersection en X,Normale,Deux véhicules - côté,,,,,,,,,,,1,2,2,1.0,3.0
201800024705,0018-03-24 17:04:00,18,3,24,17,4,350,278,"00, RD 91",48.16581,-1.68178,Plein jour,Hors agglomération,Hors intersection,Normale,Sans collision,,,,,,,,,,,1,1,1,1.0,7.0
201800024706,0018-03-25 13:03:00,18,3,25,13,3,350,238,"00, PORTE DE VILLEJEAN",48.12525,-1.71801,Plein jour,Hors agglomération,Hors intersection,Normale,Sans collision,,,,,,,,,,,1,1,1,1.0,7.0
201800024707,0018-03-28 08:01:00,18,3,28,8,1,350,281,rue du Patis des Couasne,48.07464,-1.71432,Plein jour,En agglomération,Intersection en T,Pluie légère,Autre collision,,,,,,,,,,,1,2,3,2.0,6.0
201800024708,0018-03-28 18:30:00,18,3,28,18,30,350,238,", YOUGOSLAVIE (BD DE)",48.08758,-1.65439,Plein jour,En agglomération,Hors intersection,Normale,Autre collision,,,,,,,,,,,1,2,1,1.0,6.0
201800024709,0018-03-28 18:45:00,18,3,28,18,45,350,51,"00, FONTAINE (AVENUE DE",48.12709,-1.61381,Plein jour,En agglomération,Giratoire,Normale,Deux véhicules - arrière,,,,,,,,,,,1,2,6,1.0,2.0
201800024710,0018-03-29 08:57:00,18,3,29,8,57,350,238,"00, PREVALAYE (CHEMIN DE",48.09807,-1.72705,Plein jour,Hors agglomération,Intersection en X,Pluie légère,Deux véhicules - côté,,,,,,,,,,,1,1,2,2.0,3.0
201800024711,0018-03-29 12:00:00,18,3,29,12,0,350,238,"00, BELLEVILLE (DE)",48.10144,-1.65968,Plein jour,En agglomération,Intersection en T,Pluie forte,Autre collision,,,,,,,,,,,1,2,3,3.0,6.0
201800024712,0018-03-31 00:10:00,18,3,31,0,10,350,238,"41, JANVIER (AVENUE JEAN",48.10564,-1.67289,Nuit avec éclairage allumé,En agglomération,Hors intersection,Normale,Autre collision,,,,,,,,,,,5,2,1,1.0,6.0
201800024713,0018-04-02 16:10:00,18,4,2,16,10,350,238,SEPT (7ø) D'ARTILLERIE (,48.10338,-1.67912,Plein jour,En agglomération,Hors intersection,Pluie légère,Autre collision,,,,,,,,,,,1,2,1,2.0,6.0
201800024714,0018-04-10 20:56:00,18,4,10,20,56,350,238,CHATEAUGIRON (DE),48.09525,-1.63774,Nuit avec éclairage allumé,En agglomération,Intersection en X,Normale,Deux véhicules - côté,,,,,,,,,,,5,2,2,1.0,3.0
201800024715,0018-04-12 16:40:00,18,4,12,16,40,350,238,ROCADE 13-14,48.12333,-1.71828,Plein jour,Hors agglomération,Hors intersection,Normale,Deux véhicules - arrière,,,,,,,,,,,1,1,1,1.0,2.0
201800024716,0018-04-14 13:24:00,18,4,14,13,24,350,238,MOINE (LOUIS ET RENE),48.09206,-1.68196,Plein jour,En agglomération,Hors intersection,Normale,Autre collision,,,,,,,,,,,1,2,1,1.0,6.0
201800024717,0018-04-19 09:00:00,18,4,19,9,0,350,51,LONGCHAMPS (PORTE DES),48.14858,-1.61233,Plein jour,Hors agglomération,Hors intersection,Normale,Deux véhicules - arrière,,,,,,,,,,,1,1,1,1.0,2.0
201800024718,0018-04-19 17:40:00,18,4,19,17,40,350,238,BRIAND (AVENUE ARISTIDE),48.11009,-1.66332,Plein jour,En agglomération,Hors intersection,Normale,Autre collision,,,,,,,,,,,1,2,1,1.0,6.0
201800024719,0018-04-19 22:20:00,18,4,19,22,20,350,278,RD 137,48.14547,-1.69835,Nuit sans éclairage public,Hors agglomération,Autre intersection,Normale,Sans collision,,,,,,,,,,,3,1,9,1.0,7.0
201800024720,0018-04-23 19:30:00,18,4,23,19,30,350,238,FREVILLE (AVENUE HENRI),48.08195,-1.67507,Plein jour,En agglomération,Giratoire,Normale,Deux véhicules - arrière,,,,,,,,,,,1,2,6,1.0,2.0
201800024721,0018-04-24 08:30:00,18,4,24,8,30,350,51,ARGENTRE (BOULEVARD BERT,48.13518,-1.59235,Plein jour,Hors agglomération,Hors intersection,Normale,Trois véhicules et plus - en chaîne,,,,,,,,,,,1,1,1,1.0,4.0
201800024722,0018-03-25 07:39:00,18,3,25,7,39,350,238,"00, POMPIDOU ( BD GEORGE",48.09736,-1.68884,Nuit avec éclairage allumé,En agglomération,Intersection en T,Pluie légère,Deux véhicules - côté,,,,,,,,,,,5,2,3,2.0,3.0
201800024723,0018-04-24 12:55:00,18,4,24,12,55,350,238,GUILLAUDOT ( DU GENERAL,48.11583,-1.6742,Plein jour,En agglomération,Hors intersection,Normale,Autre collision,,,,,,,,,,,1,2,1,1.0,6.0
201800024724,0018-04-04 11:51:00,18,4,4,11,51,350,238,BERNARD (CLAUDE),48.10354,-1.69395,Plein jour,En agglomération,Intersection en X,Pluie légère,Deux véhicules - côté,,,,,,,,,,,1,2,2,2.0,3.0
201800024725,0018-04-06 15:05:00,18,4,6,15,5,350,238,DUCHESSE ANNE (BLD DE LA,48.11883,-1.66724,Plein jour,En agglomération,Hors intersection,Normale,Deux véhicules - arrière,,,,,,,,,,,1,2,1,1.0,2.0
201800024726,0018-04-24 22:30:00,18,4,24,22,30,350,51,,48.1192,-1.57255,Nuit sans éclairage public,Hors agglomération,Hors intersection,Normale,Sans collision,,,,,,,,,,,3,1,1,1.0,7.0
201800024727,0018-04-07 20:13:00,18,4,7,20,13,350,238,CHATEAU (AVENUE FRANCOIS,48.11029,-1.65549,Crépuscule ou aube,En agglomération,Intersection en X,Pluie forte,Sans collision,,,,,,,,,,,2,2,2,3.0,7.0
201800024728,0018-04-07 18:05:00,18,4,7,18,5,350,238,PORTE ALMA,48.08138,-1.66059,Plein jour,Hors agglomération,Hors intersection,Pluie légère,Trois véhicules et plus - en chaîne,,,,,,,,,,,1,1,1,2.0,4.0
201800024729,0018-04-07 21:05:00,18,4,7,21,5,350,238,AUBRY (ALBERT),48.10568,-1.67399,Nuit avec éclairage allumé,En agglomération,Intersection en X,Pluie légère,Deux véhicules - côté,,,,,,,,,,,5,2,2,2.0,3.0
201800024730,0018-04-08 18:14:00,18,4,8,18,14,350,238,VANEAU,48.10859,-1.69297,Crépuscule ou aube,En agglomération,Intersection en X,Pluie légère,Deux véhicules - côté,,,,,,,,,,,2,2,2,2.0,3.0
201800024731,0018-04-10 08:19:00,18,4,10,8,19,350,55,RD 463,48.09978,-1.60345,Plein jour,Hors agglomération,Hors intersection,Pluie légère,Deux véhicules - côté,,,,,,,,,,,1,1,1,2.0,3.0
201800024732,0018-04-10 13:57:00,18,4,10,13,57,350,55,BONNIN ANDRE (AVENUE),48.08819,-1.61538,Plein jour,En agglomération,Hors intersection,Normale,Autre collision,,,,,,,,,,,1,2,1,1.0,6.0
201800024733,0018-04-10 20:38:00,18,4,10,20,38,350,238,MOTTE BRULON (DE LA),48.12489,-1.66713,Crépuscule ou aube,En agglomération,Intersection en X,Normale,Deux véhicules - côté,,,,,,,,,,,2,2,2,1.0,3.0
201800024734,0018-04-12 18:12:00,18,4,12,18,12,350,238,PORTE ALMA,48.08115,-1.67061,Plein jour,Hors agglomération,Hors intersection,Normale,Deux véhicules - arrière,,,,,,,,,,,1,1,1,1.0,2.0
201800024735,0018-04-29 22:00:00,18,4,29,22,0,350,238,GUILLOUX (LOUIS),48.11112,-1.70085,Nuit avec éclairage allumé,En agglomération,Hors intersection,Pluie légère,Autre collision,,,,,,,,,,,5,2,1,2.0,6.0
201800024736,0018-04-12 18:40:00,18,4,12,18,40,350,238,TILLON (AVENUE CHARLES),48.1243,-1.71303,Plein jour,En agglomération,Hors intersection,Normale,Deux véhicules - côté,,,,,,,,,,,1,2,1,1.0,3.0
201800024737,0018-04-16 12:33:00,18,4,16,12,33,350,238,CARTIER (BD JACQUES),48.09715,-1.68705,Plein jour,En agglomération,Hors intersection,Normale,Autre collision,,,,,,,,,,,1,2,1,1.0,6.0
201800024738,0018-04-30 13:45:00,18,4,30,13,45,350,238,STRASBOURG (BOULEVARD DE,48.11165,-1.65622,Plein jour,En agglomération,Intersection en T,Temps couvert,Deux véhicules - côté,,,,,,,,,,,1,2,3,8.0,3.0
201800024739,0018-04-17 13:43:00,18,4,17,13,43,350,238,BEAUMONT (BD DE),48.10375,-1.67464,Plein jour,En agglomération,Hors intersection,Normale,Autre collision,,,,,,,,,,,1,2,1,1.0,6.0
201800024740,0018-04-17 16:31:00,18,4,17,16,31,350,238,SAINT-MALO (RUE DE),48.11733,-1.68091,Plein jour,En agglomération,Hors intersection,Normale,Autre collision,,,,,,,,,,,1,2,1,1.0,6.0
201800024741,0018-04-17 18:55:00,18,4,17,18,55,350,238,ROCADE 13-14,48.09007,-1.7048,Plein jour,Hors agglomération,Hors intersection,Normale,Trois véhicules et plus - en chaîne,,,,,,,,,,,1,1,1,1.0,4.0
201800024742,0018-04-19 23:25:00,18,4,19,23,25,350,51,EST (ROCADE),48.12687,-1.57431,Nuit sans éclairage public,Hors agglomération,Hors intersection,Normale,Sans collision,,,,,,,,,,,3,1,1,1.0,7.0
201800024743,0018-04-19 17:37:00,18,4,19,17,37,350,206,RN 137,48.07132,-1.67625,Plein jour,Hors agglomération,Hors intersection,Normale,Trois véhicules et plus - en chaîne,,,,,,,,,,,1,1,1,1.0,4.0
201800024744,0018-04-20 18:12:00,18,4,20,18,12,350,281,RABLAIS (RUE DE LA),48.08502,-1.70219,Crépuscule ou aube,En agglomération,Hors intersection,Normale,Autre collision,,,,,,,,,,,2,2,1,1.0,6.0
201800024745,0018-04-23 14:30:00,18,4,23,14,30,350,238,VOLTAIRE (BD),48.10521,-1.70137,Plein jour,En agglomération,Hors intersection,Normale,Sans collision,,,,,,,,,,,1,2,1,1.0,7.0
201800024746,0018-04-23 17:48:00,18,4,23,17,48,350,206,PORTE ALMA,48.07953,-1.69365,Plein jour,Hors agglomération,Hors intersection,Normale,Trois véhicules et plus - en chaîne,,,,,,,,,,,1,1,1,1.0,4.0
201800024747,0018-04-25 10:05:00,18,4,25,10,5,350,55,MOULIN (RUE DU),48.08929,-1.62572,Plein jour,Hors agglomération,Hors intersection,Normale,Deux véhicules - côté,,,,,,,,,,,1,1,1,1.0,3.0
201800024748,0018-04-25 18:00:00,18,4,25,18,0,350,238,MAGENTA (BD),48.10525,-1.67385,Plein jour,En agglomération,Hors intersection,Normale,Autre collision,,,,,,,,,,,1,2,1,1.0,6.0
201800024749,0018-05-02 14:20:00,18,5,2,14,20,350,238,PORTE DE CLEUNAY,48.10307,-1.71619,Plein jour,En agglomération,Hors intersection,Pluie légère,Deux véhicules - arrière,,,,,,,,,,,1,2,1,2.0,2.0
201800024750,0018-05-04 11:39:00,18,5,4,11,39,350,238,BOURGEOIS (BOULEVARD LEO,48.09902,-1.65329,Plein jour,En agglomération,Hors intersection,Normale,Autre collision,,,,,,,,,,,1,2,1,1.0,6.0
201800024751,0018-05-04 12:32:00,18,5,4,12,32,350,238,ROCADE 10-11,48.08531,-1.69951,Plein jour,Hors agglomération,Hors intersection,Normale,Deux véhicules - arrière,,,,,,,,,,,1,1,1,1.0,2.0
201800024752,0018-05-05 05:25:00,18,5,5,5,25,350,238,SUEDE (DE),48.08661,-1.67544,Nuit avec éclairage allumé,En agglomération,Hors intersection,Normale,Sans collision,,,,,,,,,,,5,2,1,1.0,7.0
201800024753,0018-05-05 19:53:00,18,5,5,19,53,350,278,PORTE DE ST MALO,48.14065,-1.68963,Crépuscule ou aube,Hors agglomération,Hors intersection,Normale,Deux véhicules - arrière,,,,,,,,,,,2,1,1,1.0,2.0
201800024754,0018-05-06 18:53:00,18,5,6,18,53,350,238,MITTERAND (MAIL FRANCOIS,48.10922,-1.69012,Plein jour,En agglomération,Hors intersection,Normale,Deux véhicules - arrière,,,,,,,,,,,1,2,1,1.0,2.0
201800024755,0018-05-06 16:59:00,18,5,6,16,59,350,238,MALAKOFF,48.10573,-1.69337,Plein jour,En agglomération,Hors intersection,Normale,Deux véhicules - côté,,,,,,,,,,,1,2,1,1.0,3.0
201800024756,0018-05-06 12:25:00,18,5,6,12,25,350,238,MARTENOT,48.11312,-1.67402,Plein jour,En agglomération,Hors intersection,Normale,Deux véhicules - côté,,,,,,,,,,,1,2,1,1.0,3.0
201800024757,0018-05-07 13:05:00,18,5,7,13,5,350,51,PARIS (RUE DE),48.11431,-1.60072,Plein jour,En agglomération,Hors intersection,Normale,Autre collision,,,,,,,,,,,1,2,1,1.0,6.0
201800024758,0018-05-10 23:40:00,18,5,10,23,40,350,238,MITTERAND (MAIL FRANCOIS,48.10978,-1.68917,Nuit avec éclairage allumé,En agglomération,Intersection en X,Normale,Deux véhicules - côté,,,,,,,,,,,5,2,2,1.0,3.0
201800024759,0018-05-11 13:41:00,18,5,11,13,41,350,238,DUVAL (ALEXANDRE),48.10353,-1.69378,Plein jour,En agglomération,Intersection en T,Normale,Deux véhicules - côté,,,,,,,,,,,1,2,3,1.0,3.0
201800024760,0018-05-11 23:05:00,18,5,11,23,5,350,238,SEVIGNE (BD DE),48.11633,-1.66852,Nuit avec éclairage allumé,En agglomération,Hors intersection,Normale,Autre collision,,,,,,,,,,,5,2,1,1.0,6.0
201800024761,0018-05-13 20:20:00,18,5,13,20,20,350,238,SAINT-BRIEUC (DE),48.11101,-1.70061,Plein jour,En agglomération,Hors intersection,Normale,Autre collision,,,,,,,,,,,1,2,1,1.0,6.0
201800024762,0018-05-14 11:20:00,18,5,14,11,20,350,238,TILLON (AVENUE CHARLES),48.12679,-1.68771,Plein jour,En agglomération,Autre intersection,Normale,Deux véhicules - arrière,,,,,,,,,,,1,2,9,1.0,2.0
201800024763,0018-05-09 09:28:00,18,5,9,9,28,350,238,FREVILLE (AVENUE HENRI),48.08376,-1.67447,Plein jour,En agglomération,Intersection en X,Normale,Deux véhicules - côté,,,,,,,,,,,1,2,2,1.0,3.0
201800024764,0018-05-09 12:45:00,18,5,9,12,45,350,206,PORTE ALMA,48.08016,-1.68116,Plein jour,En agglomération,Hors intersection,Normale,Trois véhicules et plus - en chaîne,,,,,,,,,,,1,2,1,1.0,4.0
201800024765,0018-05-10 16:30:00,18,5,10,16,30,350,238,LEMIRE (DE L'ABBE),48.12519,-1.66206,Plein jour,En agglomération,Hors intersection,Normale,Deux véhicules - arrière,,,,,,,,,,,1,2,1,1.0,2.0
201800024766,0018-05-14 16:40:00,18,5,14,16,40,350,238,ROPARTZ (GUY),48.13072,-1.65683,Plein jour,En agglomération,Hors intersection,Normale,Deux véhicules - côté,,,,,,,,,,,1,2,1,1.0,3.0
201800024767,0018-05-14 17:12:00,18,5,14,17,12,350,238,LORIENT (DE),48.10767,-1.71576,Plein jour,En agglomération,Intersection en T,Normale,Deux véhicules - arrière,,,,,,,,,,,1,2,3,1.0,2.0
201800024768,0018-05-15 19:15:00,18,5,15,19,15,350,55,HALLERAIS (ROND-POINT),48.07842,-1.63289,Plein jour,Hors agglomération,Hors intersection,Normale,Sans collision,,,,,,,,,,,1,1,1,1.0,7.0
201800024769,0018-05-16 17:55:00,18,5,16,17,55,350,55,RD 463,48.07711,-1.58979,Plein jour,Hors agglomération,Autre intersection,Normale,Deux véhicules - arrière,,,,,,,,,,,1,1,9,1.0,2.0
201800024770,0018-05-16 23:02:00,18,5,16,23,2,350,238,TOUR D'AUVERGNE (BD DE L,48.10203,-1.68432,Nuit avec éclairage allumé,En agglomération,Hors intersection,Normale,Autre collision,,,,,,,,,,,5,2,1,1.0,6.0
201800024771,0018-05-17 16:00:00,18,5,17,16,0,350,238,CHEZY (BD DE),48.11305,-1.68703,Plein jour,En agglomération,Hors intersection,Normale,Deux véhicules - côté,,,,,,,,,,,1,2,1,1.0,3.0
201800024772,0018-05-18 08:50:00,18,5,18,8,50,350,238,PORTE DE NANTES,48.08132,-1.67531,Plein jour,Hors agglomération,Giratoire,Normale,Deux véhicules - côté,,,,,,,,,,,1,1,6,1.0,3.0
201800024773,0018-05-23 07:20:00,18,5,23,7,20,350,281,GAITE (ROND-POINT),48.08702,-1.70757,Plein jour,En agglomération,Autre intersection,Normale,Autre collision,,,,,,,,,,,1,2,9,1.0,6.0
201800024774,0018-05-23 12:25:00,18,5,23,12,25,350,238,VERN (DE),48.08891,-1.64463,Plein jour,En agglomération,Hors intersection,Normale,Autre collision,,,,,,,,,,,1,2,1,1.0,6.0
201800024775,0018-05-24 03:20:00,18,5,24,3,20,350,51,BEAULIEU (PORTE DE),48.10217,-1.60887,Nuit sans éclairage public,Hors agglomération,Hors intersection,Normale,Deux véhicules - arrière,,,,,,,,,,,3,1,1,1.0,2.0
201800024776,0018-05-25 18:40:00,18,5,25,18,40,350,51,MESLIERS (RUE DES),48.1057,-1.61758,Plein jour,En agglomération,Hors intersection,Normale,Deux véhicules - arrière,,,,,,,,,,,1,2,1,1.0,2.0
201800024777,0018-05-28 23:40:00,18,5,28,23,40,350,281,DODIN (AVENUE ROGER),48.08233,-1.71155,Nuit avec éclairage allumé,En agglomération,Giratoire,Normale,Sans collision,,,,,,,,,,,5,2,6,1.0,7.0
201800024778,0018-05-29 09:04:00,18,5,29,9,4,350,238,BERGER (AVENUE GASTON),48.11745,-1.7046,Plein jour,En agglomération,Giratoire,Normale,Deux véhicules - côté,,,,,,,,,,,1,2,6,1.0,3.0
201800024779,0018-05-29 17:09:00,18,5,29,17,9,350,238,BIGNON (DU),48.09683,-1.63532,Plein jour,En agglomération,Giratoire,Pluie forte,Deux véhicules - côté,,,,,,,,,,,1,2,6,3.0,3.0
201800024780,0018-05-27 08:12:00,18,5,27,8,12,350,238,CLEMENCEAU (BD GEORGES),48.09411,-1.67945,Plein jour,En agglomération,Autre intersection,Normale,Deux véhicules - côté,,,,,,,,,,,1,2,9,1.0,3.0
201800024781,0018-05-30 16:50:00,18,5,30,16,50,350,238,GAYEULLES (ROND POINT),48.12781,-1.65191,Plein jour,En agglomération,Giratoire,Normale,Deux véhicules - côté,,,,,,,,,,,1,2,6,1.0,3.0
201800024782,0018-05-31 07:40:00,18,5,31,7,40,350,278,MELESSE (ROND POINT DE),48.16127,-1.68971,Plein jour,En agglomération,Giratoire,Normale,Deux véhicules - côté,,,,,,,,,,,1,2,6,1.0,3.0
201800024783,0018-05-31 14:05:00,18,5,31,14,5,350,51,FOUGERES (ROUTE DE),48.13497,-1.62715,Plein jour,En agglomération,Intersection en T,Pluie légère,Deux véhicules - côté,,,,,,,,,,,1,2,3,2.0,3.0
201800024784,0018-06-04 19:33:00,18,6,4,19,33,350,281,ROCADE,48.09286,-1.70802,Plein jour,Hors agglomération,Hors intersection,Pluie légère,Deux véhicules - côté,,,,,,,,,,,1,1,1,2.0,3.0
201800024785,0018-06-04 19:30:00,18,6,4,19,30,350,238,MITTERAND (MAIL FRANCOIS,48.10998,-1.68677,Plein jour,En agglomération,Hors intersection,Pluie légère,Deux véhicules - côté,,,,,,,,,,,1,2,1,2.0,3.0
201800024786,0018-06-05 11:10:00,18,6,5,11,10,350,238,FREVILLE (AVENUE HENRI),48.08194,-1.67509,Plein jour,En agglomération,Giratoire,Pluie légère,Deux véhicules - arrière,,,,,,,,,,,1,2,6,2.0,2.0
201800024787,0018-06-05 15:20:00,18,6,5,15,20,350,238,SUISSE (DE),48.08655,-1.6667,Plein jour,En agglomération,Autre intersection,Normale,Deux véhicules - arrière,,,,,,,,,,,1,2,9,1.0,2.0
201800024788,0018-06-05 18:30:00,18,6,5,18,30,350,238,ROCADE 4-5,48.08462,-1.64055,Plein jour,En agglomération,Giratoire,Normale,Deux véhicules - côté,,,,,,,,,,,1,2,6,1.0,3.0
201800024789,0018-06-05 21:55:00,18,6,5,21,55,350,238,PAYS-BAS (AVENUE DES),48.08529,-1.66103,Crépuscule ou aube,En agglomération,Intersection en T,Normale,Deux véhicules - côté,,,,,,,,,,,2,2,3,1.0,3.0
201800024790,0018-06-06 18:45:00,18,6,6,18,45,350,238,VERN (DE),48.09652,-1.65264,Plein jour,En agglomération,Intersection en X,Pluie légère,Deux véhicules - côté,,,,,,,,,,,1,2,2,2.0,3.0
201800024791,0018-06-06 22:30:00,18,6,6,22,30,350,281,DODIN (AVENUE ROGER),48.0822,-1.71164,Nuit avec éclairage allumé,En agglomération,Giratoire,Pluie légère,Sans collision,,,,,,,,,,,5,2,6,2.0,7.0
201800024792,0018-06-07 09:33:00,18,6,7,9,33,350,238,ROUTE DE ST MALO,48.12781,-1.68686,Plein jour,En agglomération,Intersection en T,Normale,Deux véhicules - côté,,,,,,,,,,,1,2,3,1.0,3.0
201800024793,0018-06-07 12:35:00,18,6,7,12,35,350,238,VANEAU,48.11073,-1.69295,Plein jour,En agglomération,Hors intersection,Normale,Deux véhicules - côté,,,,,,,,,,,1,2,1,1.0,3.0
201800024794,0018-06-07 22:10:00,18,6,7,22,10,350,238,LIBERTE (BD DE LA),48.10797,-1.68221,Nuit avec éclairage allumé,En agglomération,Hors intersection,Normale,Autre collision,,,,,,,,,,,5,2,1,1.0,6.0
201800024795,0018-06-08 08:30:00,18,6,8,8,30,350,238,CHATILLON (DE),48.08836,-1.67217,Plein jour,En agglomération,Intersection en X,Normale,Deux véhicules - côté,,,,,,,,,,,1,2,2,1.0,3.0
201800024796,0018-06-10 05:15:00,18,6,10,5,15,350,238,SAINT-HELIER,48.1027,-1.66138,Nuit avec éclairage allumé,En agglomération,Intersection en T,Brouillard / fumée,Deux véhicules - arrière,,,,,,,,,,,5,2,3,5.0,2.0
201800024797,0018-06-10 20:00:00,18,6,10,20,0,350,238,BULGARIE (BD DE),48.08468,-1.65394,Plein jour,En agglomération,Intersection en T,Normale,Deux véhicules - côté,,,,,,,,,,,1,2,3,1.0,3.0
201800024798,0018-06-13 12:10:00,18,6,13,12,10,350,238,REPUBLIQUE (PLACE DE LA),48.10984,-1.67933,Plein jour,En agglomération,Hors intersection,Normale,Autre collision,,,,,,,,,,,1,2,1,1.0,6.0
201800024799,0018-06-13 20:55:00,18,6,13,20,55,350,238,FOULON (AVENUE PROFESSEU,48.12394,-1.64134,Plein jour,Hors agglomération,Hors intersection,Normale,Autre collision,,,,,,,,,,,1,1,1,1.0,6.0
201800024800,0018-06-13 22:15:00,18,6,13,22,15,350,238,POLOGNE (AVENUE DE),48.08768,-1.651,Plein jour,En agglomération,Giratoire,Normale,Deux véhicules - côté,,,,,,,,,,,1,2,6,1.0,3.0
201800024801,0018-06-15 14:07:00,18,6,15,14,7,350,238,LERAY (ADOLPHE),48.10274,-1.6614,Plein jour,En agglomération,Intersection en T,Normale,Deux véhicules - côté,,,,,,,,,,,1,2,3,1.0,3.0
201800024802,0018-05-23 19:15:00,18,5,23,19,15,350,238,CHEZY (BD DE),48.11674,-1.68622,Plein jour,En agglomération,Hors intersection,Normale,Deux véhicules - arrière,,,,,,,,,,,1,2,1,1.0,2.0
201800024803,0018-06-19 00:25:00,18,6,19,0,25,350,51,ALLIES (BOULEVARD DES),48.11204,-1.62005,Nuit avec éclairage allumé,En agglomération,Hors intersection,Normale,Deux véhicules - frontale,,,,,,,,,,,5,2,1,1.0,1.0