accident_id,datetime,annee,mois,jour,heure,minute,departement,commune_insee,adresse,latitude,longitude,luminosite,agglomeration,intersection,meteo,collision,nb_vehicules,nb_usagers,nb_indemnes,nb_tues,nb_blesses_hosp,nb_blesses_legers,age_cond_1,age_cond_2,veh_type_cond_1,veh_type_cond_2,lum_code,agg_code,int_code,atm_code,col_code
201800024804,0018-06-19 14:30:00,18,6,19,14,30,350,238,PORTE DE CLEUNAY,48.10545,-1.71689,Plein jour,Hors agglomération,Hors intersection,Normale,Deux véhicules - arrière,,,,,,,,,,,1,1,1,1.0,2.0
201800024805,0018-06-20 15:40:00,18,6,20,15,40,350,238,BRETAGNE (PLACE DE),48.10876,-1.68444,Plein jour,En agglomération,Hors intersection,Temps éblouissant,Autre collision,,,,,,,,,,,1,2,1,7.0,6.0
201800024806,0018-06-21 13:55:00,18,6,21,13,55,350,238,ROCADE 15-16,48.11507,-1.71901,Plein jour,Hors agglomération,Hors intersection,Normale,Deux véhicules - arrière,,,,,,,,,,,1,1,1,1.0,2.0
201800024807,0018-06-21 16:00:00,18,6,21,16,0,350,238,BREST (DE),48.11277,-1.69426,Plein jour,En agglomération,Hors intersection,Normale,Autre collision,,,,,,,,,,,1,2,1,1.0,6.0
201800024808,0018-06-23 21:50:00,18,6,23,21,50,350,238,GACET (ALLEE DU),48.0854,-1.66115,Plein jour,En agglomération,Hors intersection,Normale,Autre collision,,,,,,,,,,,1,2,1,1.0,6.0
201800024809,0018-06-26 23:45:00,18,6,26,23,45,350,206,RN136,48.0798,-1.68426,Nuit sans éclairage public,Hors agglomération,Hors intersection,Normale,Deux véhicules - arrière,,,,,,,,,,,3,1,1,1.0,2.0
201800024810,0018-06-27 16:10:00,18,6,27,16,10,350,238,TOUR D'AUVERGNE (BD DE L,48.10575,-1.68465,Plein jour,En agglomération,Hors intersection,Normale,Trois véhicules et plus - en chaîne,,,,,,,,,,,1,2,1,1.0,4.0
201800024811,0018-06-28 20:25:00,18,6,28,20,25,350,281,BENOIT (RUE FREDERIC),48.087,-1.70794,Plein jour,En agglomération,Hors intersection,Temps éblouissant,Autre collision,,,,,,,,,,,1,2,1,7.0,6.0
201800024812,0018-06-28 22:39:00,18,6,28,22,39,350,238,GUILLAUDOT ( DU GENERAL,48.115,-1.67444,Plein jour,En agglomération,Hors intersection,Normale,Autre collision,,,,,,,,,,,1,2,1,1.0,6.0
201800024813,0018-06-29 19:00:00,18,6,29,19,0,350,238,TOUR D'AUVERGNE (BD DE L,48.10673,-1.68457,Plein jour,En agglomération,Intersection en X,Normale,Autre collision,,,,,,,,,,,1,2,2,1.0,6.0
201800024814,0018-07-02 07:50:00,18,7,2,7,50,350,281,MERMOZ (BOULEVARD JEAN),48.09635,-1.69268,Plein jour,En agglomération,Intersection en X,Pluie légère,Deux véhicules - côté,,,,,,,,,,,1,2,2,2.0,3.0
201800024815,0018-07-02 12:45:00,18,7,2,12,45,350,238,JUGAN (JEANNE),48.1157,-1.64944,Plein jour,En agglomération,Hors intersection,Pluie légère,Autre collision,,,,,,,,,,,1,2,1,2.0,6.0
201800024816,0018-07-02 22:00:00,18,7,2,22,0,350,238,CARTIER (BD JACQUES),48.09773,-1.66861,Crépuscule ou aube,En agglomération,Intersection en X,Pluie légère,Deux véhicules - frontale,,,,,,,,,,,2,2,2,2.0,1.0
201800024817,0018-07-03 10:00:00,18,7,3,10,0,350,51,CLOS COURTEL (DU),48.13125,-1.63226,Plein jour,En agglomération,Hors intersection,Normale,Autre collision,,,,,,,,,,,1,2,1,1.0,6.0
201800024818,0018-06-03 18:50:00,18,6,3,18,50,350,238,MAINE (DU),48.12316,-1.71136,Plein jour,En agglomération,Intersection en T,Normale,Deux véhicules - arrière,,,,,,,,,,,1,2,3,1.0,2.0
201800024819,0018-07-03 15:05:00,18,7,3,15,5,350,238,BRETAGNE (PLACE DE),48.10952,-1.68433,Plein jour,En agglomération,Hors intersection,Normale,Autre collision,,,,,,,,,,,1,2,1,1.0,6.0
201800024820,0018-07-06 22:45:00,18,7,6,22,45,350,238,KERVILER,48.10886,-1.70591,Nuit avec éclairage allumé,En agglomération,Intersection en X,Pluie légère,Autre collision,,,,,,,,,,,5,2,2,2.0,6.0
201800024821,0018-07-07 11:00:00,18,7,7,11,0,350,206,RN136,48.07964,-1.68503,Plein jour,Hors agglomération,Hors intersection,Normale,Trois véhicules et plus - en chaîne,,,,,,,,,,,1,1,1,1.0,4.0
201800024822,0018-07-09 07:45:00,18,7,9,7,45,350,238,SAINT-HELIER,48.10349,-1.66268,Plein jour,En agglomération,Intersection en X,Normale,Deux véhicules - arrière,,,,,,,,,,,1,2,2,1.0,2.0
201800024823,0018-07-09 13:10:00,18,7,9,13,10,350,51,CUCE (LIEU-DIT CHATEAU D,48.0937,-1.60699,Plein jour,Hors agglomération,Giratoire,Normale,Autre collision,,,,,,,,,,,1,1,6,1.0,6.0
201800024824,0018-07-09 23:50:00,18,7,9,23,50,350,278,LIBERATION (AVENUE DE LA,48.14809,-1.65671,Nuit avec éclairage allumé,En agglomération,Hors intersection,Normale,Deux véhicules - côté,,,,,,,,,,,5,2,1,1.0,3.0
201800024825,0018-01-31 18:10:00,18,1,31,18,10,350,238,rue de Fougères,48.12793,-1.6493,Nuit avec éclairage allumé,En agglomération,Intersection en T,Normale,Deux véhicules - côté,,,,,,,,,,,5,2,3,1.0,3.0
201800024826,0018-07-10 13:40:00,18,7,10,13,40,350,238,MONTS D'ARREE (AVENUE DE,48.13525,-1.65959,Plein jour,En agglomération,Intersection en X,Normale,Deux véhicules - arrière,,,,,,,,,,,1,2,2,1.0,2.0
201800024827,0018-07-11 10:50:00,18,7,11,10,50,350,51,BOULAIS (AVENUE DE LA),48.12,-1.622,Plein jour,En agglomération,Hors intersection,Normale,Deux véhicules - frontale,,,,,,,,,,,1,2,1,1.0,1.0
201800024828,0018-07-11 13:25:00,18,7,11,13,25,350,55,LOGES (RUE DES),48.07893,-1.63181,Plein jour,En agglomération,Intersection en X,Normale,Deux véhicules - côté,,,,,,,,,,,1,2,2,1.0,3.0
201800024829,0018-05-31 18:40:00,18,5,31,18,40,350,51,PORTE DE LA RIGOURDIERE,48.1163,-1.57377,Plein jour,Hors agglomération,Hors intersection,Pluie légère,Deux véhicules - arrière,,,,,,,,,,,1,1,1,2.0,2.0
201800024830,0018-07-14 00:10:00,18,7,14,0,10,350,238,ALMA (DE L'),48.10436,-1.67723,Nuit avec éclairage allumé,En agglomération,Intersection en Y,Normale,Deux véhicules - arrière,,,,,,,,,,,5,2,4,1.0,2.0
201800024831,0018-07-14 09:55:00,18,7,14,9,55,350,238,SEVIGNE (BD DE),48.11616,-1.66223,Plein jour,En agglomération,Hors intersection,Temps éblouissant,Autre collision,,,,,,,,,,,1,2,1,7.0,6.0
201800024832,0018-05-18 09:30:00,18,5,18,9,30,350,238,BOIS LABBE (AVENUE DU),48.1262,-1.70308,Plein jour,En agglomération,Intersection en T,Normale,Sans collision,,,,,,,,,,,1,2,3,1.0,7.0
201800024833,0018-07-18 09:23:00,18,7,18,9,23,350,238,BRETAGNE (PLACE DE),48.10978,-1.6847,Plein jour,En agglomération,Intersection à plus de 4 branches,Normale,Autre collision,,,,,,,,,,,1,2,5,1.0,6.0
201800024834,0018-06-17 07:20:00,18,6,17,7,20,350,238,VERN (DE),48.09814,-1.65575,Plein jour,En agglomération,Intersection en X,Normale,Deux véhicules - côté,,,,,,,,,,,1,2,2,1.0,3.0
201800024835,0018-05-23 17:23:00,18,5,23,17,23,350,238,VOLCLAIR (BD LOUIS),48.0885,-1.67056,Plein jour,En agglomération,Intersection en T,Normale,Trois véhicules et plus - en chaîne,,,,,,,,,,,1,2,3,1.0,4.0
201800024836,0018-07-19 17:30:00,18,7,19,17,30,350,281,RD 837,48.06984,-1.69747,Plein jour,Hors agglomération,Intersection en X,Normale,Deux véhicules - arrière,,,,,,,,,,,1,1,2,1.0,2.0
201800024837,0018-05-20 11:51:00,18,5,20,11,51,350,278,RD 137,48.18418,-1.72039,Plein jour,Hors agglomération,Hors intersection,Normale,Deux véhicules - arrière,,,,,,,,,,,1,1,1,1.0,2.0
201800024838,0018-07-19 20:15:00,18,7,19,20,15,350,238,MENDES FRANCE (BD PIERRE,48.09865,-1.69462,Crépuscule ou aube,En agglomération,Intersection en X,Normale,Deux véhicules - côté,,,,,,,,,,,2,2,2,1.0,3.0
201800024839,0018-05-28 12:08:00,18,5,28,12,8,350,238,PATTON (AVENUE DU GENERA,48.12489,-1.66715,Plein jour,En agglomération,Intersection en X,Normale,Deux véhicules - côté,,,,,,,,,,,1,2,2,1.0,3.0
201800024840,0018-07-20 17:00:00,18,7,20,17,0,350,238,LORIENT (DE),48.10661,-1.73063,Plein jour,En agglomération,Intersection en T,Normale,Deux véhicules - côté,,,,,,,,,,,1,2,3,1.0,3.0
201800024841,0018-07-21 16:55:00,18,7,21,16,55,350,238,PORTUGAL (BD DU),48.08375,-1.67457,Plein jour,En agglomération,Intersection en X,Normale,Deux véhicules - côté,,,,,,,,,,,1,2,2,1.0,3.0
201800024842,0018-07-21 18:55:00,18,7,21,18,55,350,238,VALLES (JULES),48.10338,-1.71269,Plein jour,En agglomération,Giratoire,Normale,Deux véhicules - côté,,,,,,,,,,,1,2,6,1.0,3.0
201800024843,0018-07-22 16:40:00,18,7,22,16,40,350,238,CHATEAUGIRON (DE),48.10039,-1.64988,Plein jour,En agglomération,Intersection en X,Normale,Deux véhicules - côté,,,,,,,,,,,1,2,2,1.0,3.0
201800024844,0018-07-23 11:30:00,18,7,23,11,30,350,238,LE GUILLOUX (HENRI),48.11997,-1.69129,Plein jour,En agglomération,Hors intersection,Normale,Autre collision,,,,,,,,,,,1,2,1,1.0,6.0
201800024845,0018-07-24 13:30:00,18,7,24,13,30,350,238,VERDUN (BD DE),48.1195,-1.68818,Plein jour,En agglomération,Hors intersection,Normale,Deux véhicules - côté,,,,,,,,,,,1,2,1,1.0,3.0
201800024846,0018-07-24 19:20:00,18,7,24,19,20,350,278,D 175,48.15494,-1.62418,Plein jour,Hors agglomération,Giratoire,Normale,Deux véhicules - côté,,,,,,,,,,,1,1,6,1.0,3.0
201800024847,0018-07-24 22:45:00,18,7,24,22,45,350,238,JANVIER (AVENUE JEAN),48.1078,-1.6735,Nuit avec éclairage allumé,En agglomération,Intersection en X,Normale,Deux véhicules - côté,,,,,,,,,,,5,2,2,1.0,3.0
201800024848,0018-07-23 14:45:00,18,7,23,14,45,350,238,PORTE ALMA,48.08082,-1.67204,Plein jour,Hors agglomération,Hors intersection,Normale,Trois véhicules et plus - collisions multiples,,,,,,,,,,,1,1,1,1.0,5.0
201800024849,0018-06-21 17:45:00,18,6,21,17,45,350,51,LAURIERS (RUE DES),48.11805,-1.61409,Plein jour,En agglomération,Intersection en X,Normale,Deux véhicules - côté,,,,,,,,,,,1,2,2,1.0,3.0
201800024850,0018-07-25 21:30:00,18,7,25,21,30,350,238,VALLES (JULES),48.10496,-1.70876,Plein jour,En agglomération,Giratoire,Normale,Deux véhicules - côté,,,,,,,,,,,1,2,6,1.0,3.0
201800024851,0018-07-27 17:00:00,18,7,27,17,0,350,238,LORIENT (DE),48.10795,-1.71415,Plein jour,En agglomération,Hors intersection,Normale,Deux véhicules - arrière,,,,,,,,,,,1,2,1,1.0,2.0
201800024852,0018-07-30 10:50:00,18,7,30,10,50,350,238,SAINT-BRIEUC (DE),48.11679,-1.71084,Plein jour,En agglomération,Hors intersection,Normale,Deux véhicules - arrière,,,,,,,,,,,1,2,1,1.0,2.0
201800024853,0018-07-30 19:05:00,18,7,30,19,5,350,55,LOGETTES (RUE DES),48.0835,1.62223,Plein jour,Hors agglomération,Hors intersection,Normale,Deux véhicules - côté,,,,,,,,,,,1,1,1,1.0,3.0
201800024854,0018-07-31 18:10:00,18,7,31,18,10,350,238,TOUR D'AUVERGNE (BD DE L,48.10541,-1.68463,Plein jour,En agglomération,Intersection en X,Normale,Deux véhicules - côté,,,,,,,,,,,1,2,2,1.0,3.0
201800024855,0018-08-02 18:10:00,18,8,2,18,10,350,238,RN136,48.1423,-1.65836,Plein jour,Hors agglomération,Hors intersection,Normale,Trois véhicules et plus - en chaîne,,,,,,,,,,,1,1,1,1.0,4.0
201800024856,0018-05-19 12:00:00,18,5,19,12,0,350,281,POTTIER (RUE EUGENE),48.06748,-1.7153,Plein jour,En agglomération,Intersection en T,Temps éblouissant,Deux véhicules - arrière,,,,,,,,,,,1,2,3,7.0,2.0
201800024857,0018-08-03 11:00:00,18,8,3,11,0,350,238,ROCADE 10-11,48.08181,-1.69669,Plein jour,Hors agglomération,Hors intersection,Normale,Deux véhicules - arrière,,,,,,,,,,,1,1,1,1.0,2.0
201800024858,0018-08-03 11:30:00,18,8,3,11,30,350,238,FREVILLE (AVENUE HENRI),48.08366,-1.67512,Plein jour,En agglomération,Intersection en X,Normale,Deux véhicules - côté,,,,,,,,,,,1,2,2,1.0,3.0
201800024859,0018-08-04 07:45:00,18,8,4,7,45,350,238,PAYS-BAS (AVENUE DES),48.08814,-1.66082,Plein jour,En agglomération,Giratoire,Normale,Deux véhicules - côté,,,,,,,,,,,1,2,6,1.0,3.0
201800024860,0018-08-04 14:50:00,18,8,4,14,50,350,238,PAYS-BAS (AVENUE DES),48.08452,-1.66098,Plein jour,En agglomération,Intersection en T,Normale,Deux véhicules - côté,,,,,,,,,,,1,2,3,1.0,3.0
201800024861,0018-08-05 01:24:00,18,8,5,1,24,350,238,TOUR D'AUVERGNE (BD DE L,48.10448,-1.68435,Nuit avec éclairage allumé,En agglomération,Intersection en T,Normale,Deux véhicules - côté,,,,,,,,,,,5,2,3,1.0,3.0
201800024862,0018-08-08 09:36:00,18,8,8,9,36,350,238,SAINT-BRIEUC (DE),48.11634,-1.70983,Plein jour,En agglomération,Intersection en X,Normale,Deux véhicules - côté,,,,,,,,,,,1,2,2,1.0,3.0
201800024863,0018-08-08 18:55:00,18,8,8,18,55,350,238,BIGNON (DU),48.0971,-1.63036,Plein jour,En agglomération,Giratoire,Normale,Deux véhicules - côté,,,,,,,,,,,1,2,6,1.0,3.0
201800024864,0018-08-10 01:20:00,18,8,10,1,20,350,238,PORTE D'ANGERS,48.08331,-1.64342,Nuit sans éclairage public,En agglomération,Hors intersection,Normale,Sans collision,,,,,,,,,,,3,2,1,1.0,7.0
201800024865,0018-08-11 15:55:00,18,8,11,15,55,350,238,CHATILLON (DE),48.09706,-1.67188,Plein jour,En agglomération,Hors intersection,Normale,Deux véhicules - côté,,,,,,,,,,,1,2,1,1.0,3.0
201800024866,0018-08-11 23:35:00,18,8,11,23,35,350,278,COUESNON (AVENUE DU),48.14251,-1.67152,Nuit sans éclairage public,Hors agglomération,Hors intersection,Normale,Sans collision,,,,,,,,,,,3,1,1,1.0,7.0
201800024867,0018-08-13 17:30:00,18,8,13,17,30,350,238,KERAUTRET BOTMEL (LOUIS),48.09414,-1.63428,Plein jour,En agglomération,Intersection en X,Normale,Deux véhicules - côté,,,,,,,,,,,1,2,2,1.0,3.0
201800024868,0018-08-13 21:20:00,18,8,13,21,20,350,238,CHATEAUGIRON (DE),48.0987,-1.6446,Crépuscule ou aube,En agglomération,Hors intersection,Normale,Autre collision,,,,,,,,,,,2,2,1,1.0,6.0
201800024869,0018-08-14 18:21:00,18,8,14,18,21,350,238,GROS MALHON (AVENUE),48.12827,-1.6835,Plein jour,En agglomération,Intersection en X,Normale,Deux véhicules - côté,,,,,,,,,,,1,2,2,1.0,3.0
201800024870,0018-08-16 18:20:00,18,8,16,18,20,350,206,RN136,48.079,-1.69085,Plein jour,Hors agglomération,Autre intersection,Pluie légère,Trois véhicules et plus - en chaîne,,,,,,,,,,,1,1,9,2.0,4.0
201800024871,0018-08-16 18:10:00,18,8,16,18,10,350,238,FREVILLE (AVENUE HENRI),48.09161,-1.67483,Plein jour,En agglomération,Hors intersection,Pluie légère,Deux véhicules - côté,,,,,,,,,,,1,2,1,2.0,3.0
201800024872,0018-08-17 16:15:00,18,8,17,16,15,350,238,FREVILLE (AVENUE HENRI),48.08384,-1.67518,Plein jour,En agglomération,Intersection en X,Normale,Deux véhicules - frontale,,,,,,,,,,,1,2,2,1.0,1.0
201800024873,0018-08-18 19:54:00,18,8,18,19,54,350,238,ROUAULT (ANDRE),48.09233,-1.66764,Plein jour,En agglomération,Giratoire,Normale,Deux véhicules - côté,,,,,,,,,,,1,2,6,1.0,3.0
201800024874,0018-05-25 19:00:00,18,5,25,19,0,350,353,RN 12,48.12323,-1.73314,Plein jour,Hors agglomération,Hors intersection,Pluie forte,Sans collision,,,,,,,,,,,1,1,1,3.0,7.0
201800024875,0018-05-19 12:30:00,18,5,19,12,30,350,238,MITTERAND (MAIL FRANCOIS,48.10903,-1.69291,Plein jour,En agglomération,Intersection en X,Normale,Deux véhicules - côté,,,,,,,,,,,1,2,2,1.0,3.0
201800024876,0018-08-25 10:40:00,18,8,25,10,40,350,206,PORTE DE BREQUIGNY,48.07911,-1.68987,Plein jour,Hors agglomération,Hors intersection,Normale,Trois véhicules et plus - en chaîne,,,,,,,,,,,1,1,1,1.0,4.0
201800024877,0018-08-25 18:20:00,18,8,25,18,20,350,238,SAINT-MALO (RUE DE),48.12106,-1.68271,Plein jour,En agglomération,Intersection en T,Normale,Deux véhicules - côté,,,,,,,,,,,1,2,3,1.0,3.0
201800024878,0018-08-27 17:25:00,18,8,27,17,25,350,238,ROBINOT DE ST-CYR (QUAI),48.10398,-1.72001,Plein jour,En agglomération,Hors intersection,Normale,Deux véhicules - arrière,,,,,,,,,,,1,2,1,1.0,2.0
201800024879,0018-08-28 18:35:00,18,8,28,18,35,350,238,ARMORIQUE (BD D'),48.12953,-1.66668,Plein jour,En agglomération,Hors intersection,Normale,Autre collision,,,,,,,,,,,1,2,1,1.0,6.0
201800024880,0018-08-30 16:00:00,18,8,30,16,0,350,238,PREVALAYE (CHEMIN DE LA),48.09855,-1.7257,Plein jour,Hors agglomération,Hors intersection,Normale,Deux véhicules - frontale,,,,,,,,,,,1,1,1,1.0,1.0
201800024881,0018-08-31 07:50:00,18,8,31,7,50,350,51,FOUGERES (ROUTE DE),48.14758,-1.60479,Plein jour,En agglomération,Hors intersection,Normale,Deux véhicules - côté,,,,,,,,,,,1,2,1,1.0,3.0
201800024882,0018-08-31 17:25:00,18,8,31,17,25,350,238,MARGUERITTE (GAL),48.11766,-1.67779,Plein jour,En agglomération,Intersection en X,Normale,Deux véhicules - frontale,,,,,,,,,,,1,2,2,1.0,1.0
201800024883,0018-08-31 21:10:00,18,8,31,21,10,350,238,SAINTE-ANNE (PLACE),48.11473,-1.68085,Nuit avec éclairage allumé,En agglomération,Place,Normale,Autre collision,,,,,,,,,,,5,2,7,1.0,6.0
201800024884,0018-09-03 15:20:00,18,9,3,15,20,350,281,RD 177,48.07179,-1.71263,Plein jour,Hors agglomération,Hors intersection,Temps éblouissant,Trois véhicules et plus - en chaîne,,,,,,,,,,,1,1,1,7.0,4.0
201800024885,0018-09-05 17:49:00,18,9,5,17,49,350,238,CHATEAUBRIAND (QUAI),48.11019,-1.67621,Plein jour,En agglomération,Hors intersection,Normale,Deux véhicules - arrière,,,,,,,,,,,1,2,1,1.0,2.0
201800024886,0018-09-05 19:30:00,18,9,5,19,30,350,238,GUERINAIS (BD DE LA),48.09751,-1.70618,Plein jour,En agglomération,Hors intersection,Normale,Sans collision,,,,,,,,,,,1,2,1,1.0,7.0
201800024887,0018-09-06 20:45:00,18,9,6,20,45,350,238,ROBERDIERE (DE LA),48.10345,-1.72554,Nuit avec éclairage allumé,En agglomération,Hors intersection,Normale,Deux véhicules - arrière,,,,,,,,,,,5,2,1,1.0,2.0
201800024888,0018-09-07 01:20:00,18,9,7,1,20,350,238,BAS DES LICES (PLACE DU),48.11247,-1.68545,Nuit avec éclairage allumé,En agglomération,Hors intersection,Normale,Autre collision,,,,,,,,,,,5,2,1,1.0,6.0
201800024889,0018-09-07 19:05:00,18,9,7,19,5,350,238,LAMENNAIS (QUAI),48.10986,-1.68029,Plein jour,En agglomération,Hors intersection,Normale,Autre collision,,,,,,,,,,,1,2,1,1.0,6.0
201800024890,0018-09-08 15:09:00,18,9,8,15,9,350,278,RD 137,48.13884,-1.69486,Plein jour,En agglomération,Hors intersection,Normale,Deux véhicules - arrière,,,,,,,,,,,1,2,1,1.0,2.0
201800024891,0018-09-03 09:04:00,18,9,3,9,4,350,238,POLOGNE (AVENUE DE),48.08756,-1.65099,Plein jour,En agglomération,Giratoire,Normale,Sans collision,,,,,,,,,,,1,2,6,1.0,7.0
201800024892,0018-09-10 10:10:00,18,9,10,10,10,350,238,ROOSEVELT (BD FRANKLIN),48.09705,-1.65807,Plein jour,En agglomération,Hors intersection,Normale,Deux véhicules - côté,,,,,,,,,,,1,2,1,1.0,3.0
201800024893,0018-09-12 09:25:00,18,9,12,9,25,350,238,PAPIN (DENIS),48.10616,-1.69212,Plein jour,En agglomération,Intersection en T,Normale,Deux véhicules - côté,,,,,,,,,,,1,2,3,1.0,3.0
201800024894,0018-09-12 09:15:00,18,9,12,9,15,350,238,VERN (DE),48.09619,-1.65203,Plein jour,En agglomération,Hors intersection,Normale,Autre collision,,,,,,,,,,,1,2,1,1.0,6.0
201800024895,0018-09-12 10:50:00,18,9,12,10,50,350,281,DODIN (AVENUE ROGER),48.09058,-1.70469,Plein jour,Hors agglomération,Hors intersection,Normale,Deux véhicules - arrière,,,,,,,,,,,1,1,1,1.0,2.0
201800024896,0018-09-13 08:15:00,18,9,13,8,15,350,238,METZ (BD DE),48.11616,-1.65827,Plein jour,En agglomération,Intersection en X,Temps couvert,Deux véhicules - côté,,,,,,,,,,,1,2,2,8.0,3.0
201800024897,0018-09-13 09:38:00,18,9,13,9,38,350,281,HAIE-DES-COGNETS (BOUL D,48.06817,-1.74981,Plein jour,Hors agglomération,Hors intersection,Normale,Deux véhicules - côté,,,,,,,,,,,1,1,1,1.0,3.0
201800024898,0018-09-13 17:34:00,18,9,13,17,34,350,238,CLOS COURTEL (DU),48.12626,-1.63123,Plein jour,En agglomération,Autre intersection,Temps éblouissant,Autre collision,,,,,,,,,,,1,2,9,7.0,6.0
201800024899,0018-09-14 09:21:00,18,9,14,9,21,350,281,BELLEVUE (AVENUE DE),48.07836,-1.73192,Crépuscule ou aube,Hors agglomération,Autre intersection,Normale,Deux véhicules - côté,,,,,,,,,,,2,1,9,1.0,3.0
201800024900,0018-09-14 15:55:00,18,9,14,15,55,350,238,TILLON (AVENUE CHARLES),48.12428,-1.71357,Plein jour,En agglomération,Hors intersection,Normale,Deux véhicules - arrière,,,,,,,,,,,1,2,1,1.0,2.0
201800024901,0018-09-15 10:30:00,18,9,15,10,30,350,51,CARADEUC (AVENUE DE),48.12106,-1.60257,Plein jour,En agglomération,Giratoire,Normale,Deux véhicules - côté,,,,,,,,,,,1,2,6,1.0,3.0
201800024902,0018-09-15 12:25:00,18,9,15,12,25,350,238,PORTE DE LORIENT,48.11139,-1.71816,Plein jour,En agglomération,Hors intersection,Normale,Deux véhicules - arrière,,,,,,,,,,,1,2,1,1.0,2.0
201800024903,0018-09-15 21:35:00,18,9,15,21,35,350,238,FREVILLE (AVENUE HENRI),48.0837,-1.67516,Nuit avec éclairage allumé,En agglomération,Intersection en X,Normale,Deux véhicules - côté,,,,,,,,,,,5,2,2,1.0,3.0
201800024904,0018-09-16 18:40:00,18,9,16,18,40,350,238,,48.12003,-1.72185,Plein jour,Hors agglomération,Hors intersection,Normale,Trois véhicules et plus - en chaîne,,,,,,,,,,,1,1,1,1.0,4.0
201800024905,0018-09-17 14:10:00,18,9,17,14,10,350,51,BRAY (RUE DE),48.10774,-1.61788,Plein jour,En agglomération,Hors intersection,Normale,Sans collision,,,,,,,,,,,1,2,1,1.0,7.0
201800024906,0018-09-17 14:25:00,18,9,17,14,25,350,238,FOUGERES (ROUTE DE),48.1302,-1.64076,Plein jour,En agglomération,Hors intersection,Normale,Trois véhicules et plus - en chaîne,,,,,,,,,,,1,2,1,1.0,4.0
201800024907,0018-09-17 14:40:00,18,9,17,14,40,350,55,173 RD,48.07777,-1.6321,Plein jour,Hors agglomération,Giratoire,Normale,Deux véhicules - côté,,,,,,,,,,,1,1,6,1.0,3.0
201800024908,0018-09-17 18:07:00,18,9,17,18,7,350,278,SAINT EXUPERY (RUE A DE),48.16025,-1.67718,Plein jour,En agglomération,Hors intersection,Normale,Autre collision,,,,,,,,,,,1,2,1,1.0,6.0
201800024909,0018-09-17 17:15:00,18,9,17,17,15,350,238,BERNARD (CLAUDE),48.10269,-1.69462,Plein jour,En agglomération,Hors intersection,Normale,Autre collision,,,,,,,,,,,1,2,1,1.0,6.0
201800024910,0018-09-18 08:23:00,18,9,18,8,23,350,238,VITRE (BLD DE),48.11988,-1.6503,Plein jour,En agglomération,Hors intersection,Normale,Deux véhicules - arrière,,,,,,,,,,,1,2,1,1.0,2.0
201800024911,0018-09-18 10:57:00,18,9,18,10,57,350,238,MABILAIS (DE LA),48.10627,-1.69376,Plein jour,En agglomération,Hors intersection,Normale,Autre collision,,,,,,,,,,,1,2,1,1.0,6.0
201800024912,0018-09-19 12:30:00,18,9,19,12,30,350,238,MALMOE (ALLEE DE),48.08679,-1.68045,Plein jour,En agglomération,Autre intersection,Normale,Autre collision,,,,,,,,,,,1,2,9,1.0,6.0
201800024913,0018-09-19 15:00:00,18,9,19,15,0,350,238,KENNEDY (COURS JOHN-FITZ,48.12141,-1.70866,Plein jour,En agglomération,Hors intersection,Normale,Autre collision,,,,,,,,,,,1,2,1,1.0,6.0
201800024914,0018-09-20 12:52:00,18,9,20,12,52,350,238,SAINT-HELIER,48.1062,-1.66726,Plein jour,En agglomération,Autre intersection,Normale,Deux véhicules - côté,,,,,,,,,,,1,2,9,1.0,3.0
201800024915,0018-09-21 03:00:00,18,9,21,3,0,350,238,MITTERAND (MAIL FRANCOIS,48.10856,-1.69298,Nuit avec éclairage allumé,En agglomération,Intersection en X,Pluie forte,Deux véhicules - côté,,,,,,,,,,,5,2,2,3.0,3.0
201800024916,0018-09-21 07:15:00,18,9,21,7,15,350,238,FRANCAIS LIBRES (AVENUE,48.10532,-1.66892,Nuit avec éclairage allumé,En agglomération,Intersection en X,Temps couvert,Autre collision,,,,,,,,,,,5,2,2,8.0,6.0
201800024917,0018-09-21 07:55:00,18,9,21,7,55,350,238,GUERINAIS (BD DE LA),48.10001,-1.71136,Plein jour,En agglomération,Hors intersection,Normale,Deux véhicules - côté,,,,,,,,,,,1,2,1,1.0,3.0
201800024918,0018-09-21 08:40:00,18,9,21,8,40,350,238,RN136,48.08462,-1.64106,Plein jour,Hors agglomération,Hors intersection,Normale,Deux véhicules - arrière,,,,,,,,,,,1,1,1,1.0,2.0
201800024919,0018-09-22 12:30:00,18,9,22,12,30,350,238,BRIAND (AVENUE ARISTIDE),48.11019,-1.66279,Plein jour,En agglomération,Hors intersection,Normale,Deux véhicules - arrière,,,,,,,,,,,1,2,1,1.0,2.0
201800024920,0018-09-23 12:23:00,18,9,23,12,23,350,238,PORTUGAL (BD DU),48.08346,-1.6652,Plein jour,En agglomération,Hors intersection,Normale,Deux véhicules - arrière,,,,,,,,,,,1,2,1,1.0,2.0
201800024921,0018-09-23 18:15:00,18,9,23,18,15,350,238,CANADA (AVENUE DU),48.08863,-1.68249,Plein jour,En agglomération,Hors intersection,Normale,Autre collision,,,,,,,,,,,1,2,1,1.0,6.0
201800024922,0018-09-23 20:50:00,18,9,23,20,50,350,238,CHURCHILL (AVENUE SIR WI,48.12357,-1.70866,Nuit avec éclairage allumé,En agglomération,Intersection en T,Temps couvert,Deux véhicules - arrière,,,,,,,,,,,5,2,3,8.0,2.0
201800024923,0018-09-24 08:00:00,18,9,24,8,0,350,238,PAINLEVE (BD PAUL),48.12281,-1.65819,Plein jour,En agglomération,Hors intersection,Normale,Autre collision,,,,,,,,,,,1,2,1,1.0,6.0
201800024924,0018-09-24 18:45:00,18,9,24,18,45,350,238,PORTE DE BREQUIGNY,48.08104,-1.69659,Plein jour,Hors agglomération,Hors intersection,Normale,Trois véhicules et plus - en chaîne,,,,,,,,,,,1,1,1,1.0,4.0