accident_id,datetime,annee,mois,jour,heure,minute,departement,commune_insee,adresse,latitude,longitude,luminosite,agglomeration,intersection,meteo,collision,nb_vehicules,nb_usagers,nb_indemnes,nb_tues,nb_blesses_hosp,nb_blesses_legers,age_cond_1,age_cond_2,veh_type_cond_1,veh_type_cond_2,lum_code,agg_code,int_code,atm_code,col_code
201800024925,0018-09-24 19:37:00,18,9,24,19,37,350,278,ROUTE DE SAINT-MALO,48.13673,-1.69394,Plein jour,En agglomération,Autre intersection,Normale,Deux véhicules - côté,,,,,,,,,,,1,2,9,1.0,3.0
201800024926,0018-09-25 10:22:00,18,9,25,10,22,350,281,LE CORFEC (RUE LT),48.08798,-1.69573,Plein jour,En agglomération,Intersection en T,Normale,Deux véhicules - côté,,,,,,,,,,,1,2,3,1.0,3.0
201800024927,0018-09-25 14:30:00,18,9,25,14,30,350,238,VERN (DE),48.08766,-1.64461,Plein jour,En agglomération,Giratoire,Normale,Deux véhicules - côté,,,,,,,,,,,1,2,6,1.0,3.0
201800024928,0018-09-25 15:30:00,18,9,25,15,30,350,281,NANTES (RUE DE),48.08804,-1.69415,Plein jour,En agglomération,Hors intersection,Normale,Deux véhicules - côté,,,,,,,,,,,1,2,1,1.0,3.0
201800024929,0018-09-26 14:00:00,18,9,26,14,0,350,238,TRONJOLLY PLELO,48.10606,-1.68066,Plein jour,En agglomération,Hors intersection,Normale,Autre collision,,,,,,,,,,,1,2,1,1.0,6.0
201800024930,0018-09-27 09:10:00,18,9,27,9,10,350,278,ROCADE,48.1413,-1.67543,Plein jour,Hors agglomération,Hors intersection,Normale,Trois véhicules et plus - en chaîne,,,,,,,,,,,1,1,1,1.0,4.0
201800024931,0018-10-01 08:05:00,18,10,1,8,5,350,238,RN136,48.08442,-1.64142,Plein jour,Hors agglomération,Hors intersection,Normale,Deux véhicules - arrière,,,,,,,,,,,1,1,1,1.0,2.0
201800024932,0018-10-01 14:40:00,18,10,1,14,40,350,238,CLEMENCEAU (BD GEORGES),48.09397,-1.67747,Plein jour,En agglomération,Intersection en X,Normale,Deux véhicules - arrière,,,,,,,,,,,1,2,2,1.0,2.0
201800024933,0018-10-01 16:40:00,18,10,1,16,40,350,238,ANTRAIN (D') DE 43 ET 80,48.12008,-1.67325,Plein jour,En agglomération,Hors intersection,Normale,Deux véhicules - côté,,,,,,,,,,,1,2,1,1.0,3.0
201800024934,0018-10-01 20:48:00,18,10,1,20,48,350,238,BERNARD (CLAUDE),48.10508,-1.69343,Nuit avec éclairage allumé,En agglomération,Intersection en T,Normale,Sans collision,,,,,,,,,,,5,2,3,1.0,7.0
201800024935,0018-10-02 11:40:00,18,10,2,11,40,350,238,PATTON (AVENUE DU GENERA,48.12526,-1.66648,Plein jour,En agglomération,Hors intersection,Normale,Autre collision,,,,,,,,,,,1,2,1,1.0,6.0
201800024936,0018-10-03 17:38:00,18,10,3,17,38,350,238,MOUNIER (BD EMMANUEL),48.12509,-1.66338,Plein jour,En agglomération,Hors intersection,Normale,Autre collision,,,,,,,,,,,1,2,1,1.0,6.0
201800024937,0018-10-03 18:00:00,18,10,3,18,0,350,238,FOULON (AVENUE PROFESSEU,48.1209,-1.64344,Plein jour,En agglomération,Autre intersection,Normale,Autre collision,,,,,,,,,,,1,2,9,1.0,6.0
201800024938,0018-10-04 08:10:00,18,10,4,8,10,350,238,ALBERT 1ER (BD),48.08982,-1.69118,Plein jour,En agglomération,Giratoire,Normale,Deux véhicules - côté,,,,,,,,,,,1,2,6,1.0,3.0
201800024939,0018-10-04 15:20:00,18,10,4,15,20,350,238,PATTON (AVENUE DU GENERA,48.12607,-1.66566,Plein jour,En agglomération,Intersection en T,Normale,Deux véhicules - côté,,,,,,,,,,,1,2,3,1.0,3.0
201800024940,0018-10-05 08:10:00,18,10,5,8,10,350,238,BIGNON (DU),48.09676,-1.636,Plein jour,En agglomération,Autre intersection,Normale,Deux véhicules - arrière,,,,,,,,,,,1,2,9,1.0,2.0
201800024941,0018-10-05 18:05:00,18,10,5,18,5,350,238,RN136,48.08518,-1.69946,Plein jour,Hors agglomération,Hors intersection,Normale,Trois véhicules et plus - collisions multiples,,,,,,,,,,,1,1,1,1.0,5.0
201800024942,0018-10-06 04:15:00,18,10,6,4,15,350,238,CHATEAUDUN (DE),48.11076,-1.66576,Nuit avec éclairage allumé,En agglomération,Hors intersection,Normale,Autre collision,,,,,,,,,,,5,2,1,1.0,6.0
201800024943,0018-10-06 12:45:00,18,10,6,12,45,350,238,POLOGNE (AVENUE DE),48.08452,-1.65103,Plein jour,En agglomération,Intersection en T,Normale,Deux véhicules - arrière,,,,,,,,,,,1,2,3,1.0,2.0
201800024944,0018-10-06 17:30:00,18,10,6,17,30,350,238,ARMORIQUE (BD D'),48.13121,-1.6716,Plein jour,En agglomération,Hors intersection,Pluie forte,Autre collision,,,,,,,,,,,1,2,1,3.0,6.0
201800024945,0018-10-06 18:00:00,18,10,6,18,0,350,281,PERI (RUE ET RESIDENCE G,48.09207,-1.69284,Plein jour,En agglomération,Autre intersection,Pluie légère,Autre collision,,,,,,,,,,,1,2,9,2.0,6.0
201800024946,0018-10-07 05:06:00,18,10,7,5,6,350,278,RD 137,48.16568,-1.71032,Nuit sans éclairage public,Hors agglomération,Hors intersection,Pluie forte,Deux véhicules - arrière,,,,,,,,,,,3,1,1,3.0,2.0
201800024947,0018-10-07 22:10:00,18,10,7,22,10,350,281,ROCADE,48.09136,-1.707,Nuit sans éclairage public,Hors agglomération,Hors intersection,Normale,Sans collision,,,,,,,,,,,3,1,1,1.0,7.0
201800024948,0018-09-28 11:44:00,18,9,28,11,44,350,238,RENAULT (RUE CHATEAU),48.11183,-1.68026,Plein jour,En agglomération,Intersection en X,Normale,Autre collision,,,,,,,,,,,1,2,2,1.0,6.0
201800024949,0018-10-08 07:00:00,18,10,8,7,0,350,238,CHATEAUGIRON (DE),48.10178,-1.65611,Nuit avec éclairage allumé,En agglomération,Intersection en X,Normale,Deux véhicules - côté,,,,,,,,,,,5,2,2,1.0,3.0
201800024950,0018-10-08 09:15:00,18,10,8,9,15,350,238,LANGEVIN (PAUL),48.09161,-1.65846,Plein jour,En agglomération,Giratoire,Normale,Deux véhicules - côté,,,,,,,,,,,1,2,6,1.0,3.0
201800024951,0018-10-08 11:45:00,18,10,8,11,45,350,278,FILAUX (RUE ABBE),48.15266,-1.68293,Plein jour,En agglomération,Intersection en Y,Temps éblouissant,Autre collision,,,,,,,,,,,1,2,4,7.0,6.0
201800024952,0018-10-09 07:50:00,18,10,9,7,50,350,238,NANTES (DE),48.09484,-1.68993,Crépuscule ou aube,En agglomération,Intersection en X,Normale,Autre collision,,,,,,,,,,,2,2,2,1.0,6.0
201800024953,0018-10-03 18:15:00,18,10,3,18,15,350,238,ANTRAIN (D') DE 43 ET 80,48.12063,-1.67204,Plein jour,En agglomération,Intersection en T,Normale,Deux véhicules - côté,,,,,,,,,,,1,2,3,1.0,3.0
201800024954,0018-10-10 12:50:00,18,10,10,12,50,350,278,ROBIQUETTE (ROND POINT D,48.13485,-1.69346,Plein jour,En agglomération,Giratoire,Normale,Deux véhicules - côté,,,,,,,,,,,1,2,6,1.0,3.0
201800024955,0018-10-11 16:50:00,18,10,11,16,50,350,281,NANTES (RUE DE),48.09204,-1.69172,Plein jour,En agglomération,Intersection en T,Pluie légère,Deux véhicules - côté,,,,,,,,,,,1,2,3,2.0,3.0
201800024956,0018-10-11 19:30:00,18,10,11,19,30,350,238,RN136,48.08153,-1.67248,Nuit sans éclairage public,En agglomération,Hors intersection,Pluie légère,Deux véhicules - arrière,,,,,,,,,,,3,2,1,2.0,2.0
201800024957,0018-10-11 19:40:00,18,10,11,19,40,350,51,RD 29,48.15448,-1.62445,Nuit sans éclairage public,Hors agglomération,Autre intersection,Temps couvert,Sans collision,,,,,,,,,,,3,1,9,8.0,7.0
201800024958,0018-10-12 09:13:00,18,10,12,9,13,350,238,JUILLET ( DE),48.11298,-1.68518,Plein jour,En agglomération,Hors intersection,Normale,Deux véhicules - arrière,,,,,,,,,,,1,2,1,1.0,2.0
201800024959,0018-10-12 14:00:00,18,10,12,14,0,350,238,VANEAU,48.10856,-1.69292,Plein jour,En agglomération,Intersection en X,Normale,Deux véhicules - côté,,,,,,,,,,,1,2,2,1.0,3.0
201800024960,0018-10-13 00:30:00,18,10,13,0,30,350,238,MOTTE BRULON (DE LA),48.12487,-1.66706,Nuit avec éclairage allumé,En agglomération,Intersection en X,Normale,Deux véhicules - côté,,,,,,,,,,,5,2,2,1.0,3.0
201800024961,0018-10-13 07:30:00,18,10,13,7,30,350,238,PORTE DE LORIENT,48.1077,-1.71739,Nuit avec éclairage allumé,En agglomération,Hors intersection,Normale,Deux véhicules - côté,,,,,,,,,,,5,2,1,1.0,3.0
201800024962,0018-10-13 21:30:00,18,10,13,21,30,350,238,LAENNEC (BD RENE),48.10987,-1.66568,Nuit avec éclairage allumé,En agglomération,Intersection en X,Normale,Deux véhicules - côté,,,,,,,,,,,5,2,2,1.0,3.0
201800024963,0018-10-14 11:24:00,18,10,14,11,24,350,238,LANGUEDOC (AVENUE DU),48.11628,-1.7082,Plein jour,En agglomération,Intersection en X,Pluie légère,Deux véhicules - côté,,,,,,,,,,,1,2,2,2.0,3.0
201800024964,0018-10-15 07:40:00,18,10,15,7,40,350,238,CHAMPS ROTIS (LIEU-DIT L,48.13857,-1.71659,Crépuscule ou aube,Hors agglomération,Intersection en T,Pluie légère,Sans collision,,,,,,,,,,,2,1,3,2.0,7.0
201800024965,0018-10-15 15:05:00,18,10,15,15,5,350,278,CHESNAIS BEAUREGARD (RUE,48.13619,-1.69217,Plein jour,En agglomération,Giratoire,Normale,Autre collision,,,,,,,,,,,1,2,6,1.0,6.0
201800024966,0018-10-13 08:00:00,18,10,13,8,0,350,238,PORTE ALMA,48.08114,-1.67036,Crépuscule ou aube,Hors agglomération,Hors intersection,Normale,Autre collision,,,,,,,,,,,2,1,1,1.0,6.0
201800024967,0018-10-16 08:30:00,18,10,16,8,30,350,55,LOGETTES (RUE DES),48.08452,-1.62326,Plein jour,En agglomération,Hors intersection,Normale,Deux véhicules - côté,,,,,,,,,,,1,2,1,1.0,3.0
201800024968,0018-10-15 13:58:00,18,10,15,13,58,350,238,VILLEBOIS MAREUIL (BD),48.10158,-1.64971,Plein jour,En agglomération,Hors intersection,Normale,Sans collision,,,,,,,,,,,1,2,1,1.0,7.0
201800024969,0018-10-16 20:20:00,18,10,16,20,20,350,238,LIBERTE (BD DE LA),48.10742,-1.67527,Nuit avec éclairage allumé,En agglomération,Hors intersection,Normale,Deux véhicules - arrière,,,,,,,,,,,5,2,1,1.0,2.0
201800024970,0018-10-17 09:40:00,18,10,17,9,40,350,238,VILLEBOIS MAREUIL (BD),48.10729,-1.65115,Plein jour,En agglomération,Hors intersection,Normale,Autre collision,,,,,,,,,,,1,2,1,1.0,6.0
201800024971,0018-10-17 10:05:00,18,10,17,10,5,350,238,PREVALAYE (CHEMIN DE LA),48.09084,-1.73896,Plein jour,Hors agglomération,Hors intersection,Brouillard / fumée,Sans collision,,,,,,,,,,,1,1,1,5.0,7.0
201800024972,0018-10-17 17:00:00,18,10,17,17,0,350,51,BRAY (RUE DE),48.10658,-1.62297,Plein jour,En agglomération,Hors intersection,Normale,Deux véhicules - côté,,,,,,,,,,,1,2,1,1.0,3.0
201800024973,0018-10-17 18:50:00,18,10,17,18,50,350,238,MAILLARD DE LA GOURNERIE,48.11542,-1.71382,Crépuscule ou aube,En agglomération,Hors intersection,Normale,Deux véhicules - côté,,,,,,,,,,,2,2,1,1.0,3.0
201800024974,0018-10-18 08:00:00,18,10,18,8,0,350,238,PORTE DU BLOSNE,48.08047,-1.67638,Plein jour,Hors agglomération,Hors intersection,Normale,Deux véhicules - arrière,,,,,,,,,,,1,1,1,1.0,2.0
201800024975,0018-10-19 08:20:00,18,10,19,8,20,350,238,METZ (BD DE),48.11473,-1.65711,Plein jour,En agglomération,Intersection en X,Normale,Autre collision,,,,,,,,,,,1,2,2,1.0,6.0
201800024976,0018-10-19 15:20:00,18,10,19,15,20,350,238,JOFFRE ( DU MARECHAL),48.10942,-1.67781,Plein jour,En agglomération,Intersection en X,Normale,Autre collision,,,,,,,,,,,1,2,2,1.0,6.0
201800024977,0018-10-19 17:30:00,18,10,19,17,30,350,238,RN136,48.09868,-1.71399,Plein jour,Hors agglomération,Hors intersection,Normale,Deux véhicules - arrière,,,,,,,,,,,1,1,1,1.0,2.0
201800024978,0018-10-20 13:00:00,18,10,20,13,0,350,278,GROS MALHON (AVENUE),48.13986,-1.68648,Plein jour,En agglomération,Giratoire,Normale,Deux véhicules - arrière,,,,,,,,,,,1,2,6,1.0,2.0
201800024979,0018-10-22 18:50:00,18,10,22,18,50,350,238,NANTES (DE),48.10156,-1.68447,Plein jour,En agglomération,Hors intersection,Normale,Deux véhicules - arrière,,,,,,,,,,,1,2,1,1.0,2.0
201800024980,0018-10-23 20:45:00,18,10,23,20,45,350,238,FOSSES (DES),48.11353,-1.67526,Nuit avec éclairage allumé,En agglomération,Intersection en X,Normale,Deux véhicules - côté,,,,,,,,,,,5,2,2,1.0,3.0
201800024981,0018-10-25 11:25:00,18,10,25,11,25,350,238,LE GUILLOUX (HENRI),48.11973,-1.69118,Plein jour,En agglomération,Hors intersection,Normale,Autre collision,,,,,,,,,,,1,2,1,1.0,6.0
201800024982,0018-10-25 17:10:00,18,10,25,17,10,350,238,PETIT BLOSNE (LIEU-DIT L,48.09238,-1.73345,Plein jour,Hors agglomération,Hors intersection,Normale,Autre collision,,,,,,,,,,,1,1,1,1.0,6.0
201800024983,0018-06-04 11:30:00,18,6,4,11,30,350,238,TOUR D'AUVERGNE (BD DE L,48.10449,-1.68438,Plein jour,En agglomération,Intersection en T,Pluie forte,Trois véhicules et plus - en chaîne,,,,,,,,,,,1,2,3,3.0,4.0
201800024984,0018-10-26 08:25:00,18,10,26,8,25,350,278,RD 137,48.15973,-1.70568,Crépuscule ou aube,Hors agglomération,Hors intersection,Normale,Deux véhicules - arrière,,,,,,,,,,,2,1,1,1.0,2.0
201800024985,0018-10-27 10:15:00,18,10,27,10,15,350,238,LEROUX (BD OSCAR),48.09127,-1.66908,Plein jour,En agglomération,Intersection en T,Temps couvert,Deux véhicules - côté,,,,,,,,,,,1,2,3,8.0,3.0
201800024986,0018-10-27 09:50:00,18,10,27,9,50,350,206,LE BOIS HAREL,48.07853,-1.69263,Plein jour,Hors agglomération,Hors intersection,Normale,Autre collision,,,,,,,,,,,1,1,1,1.0,6.0
201800024987,0018-10-27 18:00:00,18,10,27,18,0,350,238,MENDES FRANCE (BD PIERRE,48.09462,-1.69022,Plein jour,En agglomération,Autre intersection,Normale,Autre collision,,,,,,,,,,,1,2,9,1.0,6.0
201800024988,0018-10-30 10:35:00,18,10,30,10,35,350,278,RD 137,48.14957,-1.69926,Plein jour,Hors agglomération,Hors intersection,Normale,Autre collision,,,,,,,,,,,1,1,1,1.0,6.0
201800024989,0018-10-30 17:45:00,18,10,30,17,45,350,278,AUGE DE PIERRE (ROND POI,48.13675,-1.69298,Crépuscule ou aube,En agglomération,Hors intersection,Normale,Trois véhicules et plus - en chaîne,,,,,,,,,,,2,2,1,1.0,4.0
201800024990,0018-10-31 12:40:00,18,10,31,12,40,350,238,ROCHESTER (AVENUE DE),48.12796,-1.65899,Plein jour,En agglomération,Hors intersection,Normale,Autre collision,,,,,,,,,,,1,2,1,1.0,6.0
201800024991,0018-10-31 14:25:00,18,10,31,14,25,350,238,RN136,48.10151,-1.7158,Plein jour,Hors agglomération,Hors intersection,Normale,Trois véhicules et plus - en chaîne,,,,,,,,,,,1,1,1,1.0,4.0
201800024992,0018-10-31 17:50:00,18,10,31,17,50,350,238,HORLOGE (DE L'),48.11173,-1.68026,Nuit avec éclairage allumé,En agglomération,Intersection en X,Normale,Deux véhicules - côté,,,,,,,,,,,5,2,2,1.0,3.0
201800024993,0018-11-01 01:20:00,18,11,1,1,20,350,238,VERN (DE),48.0981,-1.6557,Nuit avec éclairage allumé,En agglomération,Intersection en X,Normale,Deux véhicules - côté,,,,,,,,,,,5,2,2,1.0,3.0
201800024994,0018-11-02 18:20:00,18,11,2,18,20,350,238,BREST (DE),48.11288,-1.69494,Nuit avec éclairage allumé,En agglomération,Autre intersection,Normale,Autre collision,,,,,,,,,,,5,2,9,1.0,6.0
201800024995,0018-11-02 18:30:00,18,11,2,18,30,350,238,ROCADE 8-9,48.08079,-1.67184,Nuit sans éclairage public,Hors agglomération,Hors intersection,Normale,Trois véhicules et plus - en chaîne,,,,,,,,,,,3,1,1,1.0,4.0
201800024996,0018-11-04 06:40:00,18,11,4,6,40,350,238,MARBEUF (BLD),48.11442,-1.69996,Nuit avec éclairage non allumé,En agglomération,Intersection en X,Normale,Deux véhicules - côté,,,,,,,,,,,4,2,2,1.0,3.0
201800024997,0018-08-30 17:58:00,18,8,30,17,58,350,278,ECUELLE  (LIEU DIT LA BE,48.17599,-1.69428,Plein jour,Hors agglomération,Intersection en T,Temps couvert,Deux véhicules - côté,,,,,,,,,,,1,1,3,8.0,3.0
201800024998,0018-11-05 19:40:00,18,11,5,19,40,350,238,VEZIN (ROUTE DE),48.11635,-1.71025,Nuit avec éclairage allumé,En agglomération,Hors intersection,Normale,Deux véhicules - arrière,,,,,,,,,,,5,2,1,1.0,2.0
201800024999,0018-11-06 20:10:00,18,11,6,20,10,350,238,CHURCHILL (AVENUE SIR WI,48.12314,-1.70902,Nuit avec éclairage allumé,En agglomération,Intersection en X,Pluie légère,Deux véhicules - côté,,,,,,,,,,,5,2,2,2.0,3.0
201800025000,0018-11-07 08:05:00,18,11,7,8,5,350,238,LE MOINE (BD PIERRE),48.09089,-1.6612,Plein jour,En agglomération,Hors intersection,Temps couvert,Deux véhicules - frontale,,,,,,,,,,,1,2,1,8.0,1.0
201800025001,0018-11-07 15:25:00,18,11,7,15,25,350,238,DE LATTRE DE TASSIGNY (B,48.12043,-1.68332,Plein jour,En agglomération,Intersection en T,Normale,Deux véhicules - côté,,,,,,,,,,,1,2,3,1.0,3.0
201800025002,0018-11-07 21:00:00,18,11,7,21,0,350,51,ALLIES (BOULEVARD DES),48.11308,-1.62095,Nuit avec éclairage allumé,En agglomération,Intersection en T,Normale,Deux véhicules - arrière,,,,,,,,,,,5,2,3,1.0,2.0
201800025003,0018-11-08 09:23:00,18,11,8,9,23,350,238,SAINT-HELIER,48.10361,-1.6625,Plein jour,En agglomération,Intersection en X,Normale,Trois véhicules et plus - collisions multiples,,,,,,,,,,,1,2,2,1.0,5.0
201800025004,0018-11-08 14:00:00,18,11,8,14,0,350,238,RN136,48.10597,-1.71679,Plein jour,Hors agglomération,Hors intersection,Normale,Deux véhicules - arrière,,,,,,,,,,,1,1,1,1.0,2.0
201800025005,0018-11-08 18:35:00,18,11,8,18,35,350,238,LIBERTE (BD DE LA),48.10729,-1.67765,Nuit avec éclairage allumé,En agglomération,Intersection en X,Normale,Deux véhicules - arrière,,,,,,,,,,,5,2,2,1.0,2.0
201800025006,0018-11-09 06:07:00,18,11,9,6,7,350,238,ROCADE 7-8,48.08145,-1.6578,Nuit sans éclairage public,Hors agglomération,Hors intersection,Normale,Deux véhicules - côté,,,,,,,,,,,3,1,1,1.0,3.0
201800025007,0018-11-08 19:58:00,18,11,8,19,58,350,238,FOUGERES (RUE DE),48.12363,-1.65937,Nuit avec éclairage allumé,En agglomération,Hors intersection,Normale,Autre collision,,,,,,,,,,,5,2,1,1.0,6.0
201800025008,0018-11-09 18:25:00,18,11,9,18,25,350,238,VOLNEY (BD),48.12304,-1.66455,Nuit avec éclairage allumé,En agglomération,Intersection en Y,Pluie légère,Deux véhicules - arrière,,,,,,,,,,,5,2,4,2.0,2.0
201800025009,0018-11-10 17:30:00,18,11,10,17,30,350,51,EST (ROCADE),48.14653,-1.61729,Plein jour,Hors agglomération,Hors intersection,Pluie légère,Autre collision,,,,,,,,,,,1,1,1,2.0,6.0
201800025010,0018-11-11 03:20:00,18,11,11,3,20,350,238,MITTERAND (MAIL FRANCOIS,48.10971,-1.6878,Nuit avec éclairage allumé,En agglomération,Autre intersection,Pluie légère,Autre collision,,,,,,,,,,,5,2,9,2.0,6.0
201800025011,0018-11-12 08:00:00,18,11,12,8,0,350,51,SAINT-SULPICE LA FORET (,48.15426,-1.62443,Crépuscule ou aube,Hors agglomération,Hors intersection,Normale,Sans collision,,,,,,,,,,,2,1,1,1.0,7.0
201800025012,0018-11-15 08:52:00,18,11,15,8,52,350,238,VILLEBOIS MAREUIL (BD),48.10936,-1.65518,Plein jour,En agglomération,Hors intersection,Normale,Autre collision,,,,,,,,,,,1,2,1,1.0,6.0
201800025013,0018-11-12 11:18:00,18,11,12,11,18,350,238,KLEBER,48.11066,-1.67387,Plein jour,En agglomération,Autre intersection,Normale,Deux véhicules - côté,,,,,,,,,,,1,2,9,1.0,3.0
201800025014,0018-11-15 18:48:00,18,11,15,18,48,350,238,CLOS COURTEL (DU),48.12712,-1.62873,Nuit avec éclairage allumé,En agglomération,Giratoire,Normale,Deux véhicules - arrière,,,,,,,,,,,5,2,6,1.0,2.0
201800025015,0018-11-15 22:20:00,18,11,15,22,20,350,238,LAENNEC (BD RENE),48.10701,-1.66588,Nuit avec éclairage allumé,En agglomération,Intersection en T,Pluie légère,Deux véhicules - côté,,,,,,,,,,,5,2,3,2.0,3.0
201800025016,0018-11-16 22:00:00,18,11,16,22,0,350,238,PATTON (AVENUE DU GENERA,48.12594,-1.66573,Nuit avec éclairage allumé,En agglomération,Intersection en T,Pluie légère,Deux véhicules - côté,,,,,,,,,,,5,2,3,2.0,3.0
201800025017,0018-11-17 13:10:00,18,11,17,13,10,350,238,CHATEAUGIRON (DE),48.09925,-1.64597,Plein jour,En agglomération,Autre intersection,Normale,Deux véhicules - arrière,,,,,,,,,,,1,2,9,1.0,2.0
201800025018,0018-11-18 12:45:00,18,11,18,12,45,350,238,STRASBOURG (BOULEVARD DE,48.11028,-1.65559,Plein jour,En agglomération,Intersection en X,Normale,Deux véhicules - côté,,,,,,,,,,,1,2,2,1.0,3.0
201800025019,0018-11-18 19:40:00,18,11,18,19,40,350,238,SAINT-MALO (RUE DE),48.12184,-1.68342,Nuit avec éclairage allumé,En agglomération,Hors intersection,Normale,Autre collision,,,,,,,,,,,5,2,1,1.0,6.0
201800025020,0018-11-19 08:00:00,18,11,19,8,0,350,238,SAINT-MARTIN,48.12074,-1.6818,Plein jour,En agglomération,Intersection en X,Normale,Autre collision,,,,,,,,,,,1,2,2,1.0,6.0
201800025021,0018-11-19 08:00:00,18,11,19,8,0,350,281,RD 177,48.06789,-1.71372,Plein jour,Hors agglomération,Hors intersection,Normale,Deux véhicules - arrière,,,,,,,,,,,1,1,1,1.0,2.0
201800025022,0018-11-20 19:36:00,18,11,20,19,36,350,238,DUCHESSE ANNE (BLD DE LA,48.11616,-1.66614,Nuit avec éclairage allumé,En agglomération,Intersection en X,Normale,Autre collision,,,,,,,,,,,5,2,2,1.0,6.0
201800025023,0018-11-20 21:24:00,18,11,20,21,24,350,238,JANVIER (AVENUE JEAN),48.10785,-1.67349,Nuit avec éclairage allumé,En agglomération,Intersection en T,Normale,Deux véhicules - frontale,,,,,,,,,,,5,2,3,1.0,1.0
201800025024,0018-11-21 13:28:00,18,11,21,13,28,350,51,LAMBERT (RUE DE LA TOUCH,48.13207,-1.62431,Plein jour,En agglomération,Intersection en T,Temps éblouissant,Autre collision,,,,,,,,,,,1,2,3,7.0,6.0
201800025025,0018-11-12 18:50:00,18,11,12,18,50,350,206,PORTE DE BREQUIGNY,48.07993,-1.68316,Nuit sans éclairage public,Hors agglomération,Hors intersection,Normale,Trois véhicules et plus - en chaîne,,,,,,,,,,,3,1,1,1.0,4.0
201800025026,0018-11-21 18:05:00,18,11,21,18,5,350,51,ALLIES (BOULEVARD DES),48.13092,-1.62122,Nuit avec éclairage allumé,En agglomération,Intersection en T,Normale,Deux véhicules - frontale,,,,,,,,,,,5,2,3,1.0,1.0
201800025027,0018-11-22 13:35:00,18,11,22,13,35,350,238,LORIENT (DE),48.10768,-1.71509,Plein jour,En agglomération,Hors intersection,Brouillard / fumée,Deux véhicules - arrière,,,,,,,,,,,1,2,1,5.0,2.0
201800025028,0018-11-22 14:35:00,18,11,22,14,35,350,238,PORTE ALMA,48.08058,-1.67293,Plein jour,Hors agglomération,Hors intersection,Pluie légère,Autre collision,,,,,,,,,,,1,1,1,2.0,6.0
201800025029,0018-11-23 14:45:00,18,11,23,14,45,350,238,SAINT-BRIEUC (DE),48.11788,-1.71342,Plein jour,En agglomération,Giratoire,Pluie forte,Trois véhicules et plus - en chaîne,,,,,,,,,,,1,2,6,3.0,4.0
201800025030,0018-11-23 19:40:00,18,11,23,19,40,350,238,NANTES (DE),48.08325,-1.69715,Nuit avec éclairage allumé,En agglomération,Giratoire,Pluie légère,Sans collision,,,,,,,,,,,5,2,6,2.0,7.0
201800025031,0018-11-25 02:30:00,18,11,25,2,30,350,238,PARIS (RUE DE),48.11248,-1.66626,Nuit avec éclairage allumé,En agglomération,Intersection en X,Pluie légère,Deux véhicules - côté,,,,,,,,,,,5,2,2,2.0,3.0
201800025032,0018-11-25 08:40:00,18,11,25,8,40,350,238,LORIENT (DE),48.10758,-1.71628,Plein jour,En agglomération,Autre intersection,Pluie forte,Deux véhicules - côté,,,,,,,,,,,1,2,9,3.0,3.0
201800025033,0018-11-26 10:35:00,18,11,26,10,35,350,51,ALLIES (BOULEVARD DES),48.13092,-1.62119,Plein jour,En agglomération,Intersection en T,Normale,Deux véhicules - côté,,,,,,,,,,,1,2,3,1.0,3.0
201800025034,0018-11-26 13:00:00,18,11,26,13,0,350,238,ANTRAIN (D') DE 0 A 43 E,48.11825,-1.6763,Plein jour,En agglomération,Intersection en X,Normale,Deux véhicules - côté,,,,,,,,,,,1,2,2,1.0,3.0
201800025035,0018-11-27 07:30:00,18,11,27,7,30,350,51,ALLIES (BOULEVARD DES),48.11403,-1.62118,Nuit avec éclairage allumé,En agglomération,Giratoire,Normale,Deux véhicules - côté,,,,,,,,,,,5,2,6,1.0,3.0
201800025036,0018-11-27 16:15:00,18,11,27,16,15,350,238,ROCADE 5-6,48.08118,-1.6645,Plein jour,En agglomération,Hors intersection,Pluie légère,Sans collision,,,,,,,,,,,1,2,1,2.0,7.0
201800025037,0018-11-27 17:50:00,18,11,27,17,50,350,238,GUILLOUX (LOUIS),48.11195,-1.70215,Nuit avec éclairage allumé,En agglomération,Intersection en X,Pluie forte,Autre collision,,,,,,,,,,,5,2,2,3.0,6.0
201800025038,0018-11-27 12:45:00,18,11,27,12,45,350,238,PAYS-BAS (AVENUE DES),48.08648,-1.66077,Plein jour,En agglomération,Giratoire,Pluie légère,Sans collision,,,,,,,,,,,1,2,6,2.0,7.0
201800025039,0018-11-28 08:50:00,18,11,28,8,50,350,278,EGLISE (RUE DE L'),48.15214,-1.68318,Plein jour,En agglomération,Autre intersection,Pluie légère,Autre collision,,,,,,,,,,,1,2,9,2.0,6.0
201800025040,0018-11-20 07:59:00,18,11,20,7,59,350,238,BIGNON (DU),48.09641,-1.63679,Plein jour,En agglomération,Giratoire,Normale,Trois véhicules et plus - en chaîne,,,,,,,,,,,1,2,6,1.0,4.0
201800025041,0018-11-29 01:50:00,18,11,29,1,50,350,238,DUPONT DES LOGES,48.1094,-1.6728,Nuit avec éclairage allumé,En agglomération,Intersection en X,Pluie légère,Deux véhicules - côté,,,,,,,,,,,5,2,2,2.0,3.0
201800025042,0018-11-28 11:00:00,18,11,28,11,0,350,238,MOULIN D'APIGNE (LIEU-DI,48.09223,-1.74386,Plein jour,Hors agglomération,Hors intersection,Pluie légère,Sans collision,,,,,,,,,,,1,1,1,2.0,7.0
201800025043,0018-11-29 13:50:00,18,11,29,13,50,350,238,LORIENT (DE),48.10725,-1.71866,Plein jour,En agglomération,Autre intersection,Normale,Deux véhicules - côté,,,,,,,,,,,1,2,9,1.0,3.0