accident_id,datetime,annee,mois,jour,heure,minute,departement,commune_insee,adresse,latitude,longitude,luminosite,agglomeration,intersection,meteo,collision,nb_vehicules,nb_usagers,nb_indemnes,nb_tues,nb_blesses_hosp,nb_blesses_legers,age_cond_1,age_cond_2,veh_type_cond_1,veh_type_cond_2,lum_code,agg_code,int_code,atm_code,col_code
201800025044,0018-11-29 14:42:00,18,11,29,14,42,350,238,CHATEL (JEAN-MARCEL),48.10291,-1.70711,Plein jour,En agglomération,Hors intersection,Temps couvert,Autre collision,,,,,,,,,,,1,2,1,8.0,6.0
201800025045,0018-11-30 08:20:00,18,11,30,8,20,350,238,LICES (PLACE DES),48.11317,-1.68363,Crépuscule ou aube,En agglomération,Hors intersection,Normale,Autre collision,,,,,,,,,,,2,2,1,1.0,6.0
201800025046,0018-11-30 08:30:00,18,11,30,8,30,350,238,SAINT-HELIER,48.10612,-1.66724,Plein jour,En agglomération,Hors intersection,Normale,Autre collision,,,,,,,,,,,1,2,1,1.0,6.0
201800025047,0018-11-30 14:50:00,18,11,30,14,50,350,238,SAINT-HELIER,48.10269,-1.66117,Plein jour,En agglomération,Intersection en T,Normale,Deux véhicules - arrière,,,,,,,,,,,1,2,3,1.0,2.0
201800025048,0018-11-30 15:15:00,18,11,30,15,15,350,238,41øREGIMENT D'INFANTERIE,48.11801,-1.68621,Plein jour,En agglomération,Hors intersection,Normale,Deux véhicules - côté,,,,,,,,,,,1,2,1,1.0,3.0
201800025049,0018-11-30 18:25:00,18,11,30,18,25,350,238,PORTE D'ANGERS,48.08291,-1.64165,Nuit avec éclairage allumé,En agglomération,Hors intersection,Normale,Deux véhicules - arrière,,,,,,,,,,,5,2,1,1.0,2.0
201800025050,0018-11-30 19:40:00,18,11,30,19,40,350,238,BOSPHORE (DU),48.08238,-1.68206,Nuit avec éclairage allumé,En agglomération,Autre intersection,Normale,Deux véhicules - côté,,,,,,,,,,,5,2,9,1.0,3.0
201800025051,0018-12-01 11:40:00,18,12,1,11,40,350,238,RN136,48.08479,-1.64198,Plein jour,Hors agglomération,Hors intersection,Pluie légère,Sans collision,,,,,,,,,,,1,1,1,2.0,7.0
201800025052,0018-12-02 06:30:00,18,12,2,6,30,350,238,TILLON (AVENUE CHARLES),48.12676,-1.68996,Nuit avec éclairage allumé,En agglomération,Hors intersection,Normale,Autre collision,,,,,,,,,,,5,2,1,1.0,6.0
201800025053,0018-12-03 07:15:00,18,12,3,7,15,350,238,ROBIDOU (BERTRAND),48.10985,-1.6597,Crépuscule ou aube,En agglomération,Hors intersection,Pluie légère,Autre collision,,,,,,,,,,,2,2,1,2.0,6.0
201800025054,0018-12-03 08:00:00,18,12,3,8,0,350,238,ARBRISSEL (ROBERT D'),48.1281,-1.69321,Nuit avec éclairage allumé,En agglomération,Giratoire,Pluie forte,Deux véhicules - côté,,,,,,,,,,,5,2,6,3.0,3.0
201800025055,0018-12-03 19:30:00,18,12,3,19,30,350,281,MERMOZ (BOULEVARD JEAN),48.09498,-1.69693,Nuit avec éclairage allumé,En agglomération,Intersection en T,Temps couvert,Autre collision,,,,,,,,,,,5,2,3,8.0,6.0
201800025056,0018-12-05 15:52:00,18,12,5,15,52,350,281,NANTES (RUE DE),48.0955,-1.6898,Plein jour,En agglomération,Hors intersection,Pluie légère,Deux véhicules - arrière,,,,,,,,,,,1,2,1,2.0,2.0
201800025057,0018-12-05 18:25:00,18,12,5,18,25,350,278,AUGE DE PIERRE (ROND POI,48.13673,-1.6923,Crépuscule ou aube,Hors agglomération,Giratoire,Pluie forte,Autre collision,,,,,,,,,,,2,1,6,3.0,6.0
201800025058,0018-12-07 13:25:00,18,12,7,13,25,350,51,RENNES (RUE DE),48.11431,-1.63376,Plein jour,En agglomération,Giratoire,Temps couvert,Deux véhicules - côté,,,,,,,,,,,1,2,6,8.0,3.0
201800025059,0018-12-07 16:04:00,18,12,7,16,4,350,51,ALLIES (BOULEVARD DES),48.13093,-1.62117,Plein jour,En agglomération,Intersection en T,Temps couvert,Deux véhicules - côté,,,,,,,,,,,1,2,3,8.0,3.0
201800025060,0018-12-07 17:45:00,18,12,7,17,45,350,278,DE GAULLE (AVENUE GENERA,48.14622,-1.6864,Nuit sans éclairage public,En agglomération,Hors intersection,Temps couvert,Autre collision,,,,,,,,,,,3,2,1,8.0,6.0
201800025061,0018-12-08 21:00:00,18,12,8,21,0,350,238,PATTON (AVENUE DU GENERA,48.12487,-1.6671,Nuit avec éclairage allumé,En agglomération,Intersection en X,Temps couvert,Deux véhicules - côté,,,,,,,,,,,5,2,2,8.0,3.0
201800025062,0018-12-09 13:25:00,18,12,9,13,25,350,238,FREVILLE (AVENUE HENRI),48.08379,-1.67506,Plein jour,En agglomération,Intersection en X,Normale,Deux véhicules - côté,,,,,,,,,,,1,2,2,1.0,3.0
201800025063,0018-12-10 11:58:00,18,12,10,11,58,350,281,BUHOTIERE (RUE DE LA),48.0811,-1.7271,Plein jour,En agglomération,Intersection en T,Normale,Deux véhicules - côté,,,,,,,,,,,1,2,3,1.0,3.0
201800025064,0018-12-10 20:05:00,18,12,10,20,5,350,238,FOUGERES (RUE DE),48.1319,-1.63547,Nuit avec éclairage allumé,En agglomération,Intersection en X,Normale,Deux véhicules - côté,,,,,,,,,,,5,2,2,1.0,3.0
201800025065,0018-12-11 08:00:00,18,12,11,8,0,350,51,FOUGERES (RUE DE),48.13279,-1.6327,Nuit avec éclairage allumé,En agglomération,Intersection en X,Brouillard / fumée,Deux véhicules - côté,,,,,,,,,,,5,2,2,5.0,3.0
201800025066,0018-12-11 08:25:00,18,12,11,8,25,350,206,RN136,48.0789,-1.69106,Nuit avec éclairage allumé,Hors agglomération,Autre intersection,Brouillard / fumée,Deux véhicules - côté,,,,,,,,,,,5,1,9,5.0,3.0
201800025067,0018-12-12 17:45:00,18,12,12,17,45,350,238,JANVIER (AVENUE JEAN),48.10695,-1.67326,Nuit avec éclairage allumé,En agglomération,Hors intersection,Normale,Autre collision,,,,,,,,,,,5,2,1,1.0,6.0
201800025068,0018-12-12 18:30:00,18,12,12,18,30,350,238,BERGER (AVENUE GASTON),48.1203,-1.70462,Nuit avec éclairage allumé,En agglomération,Autre intersection,Normale,Autre collision,,,,,,,,,,,5,2,9,1.0,6.0
201800025069,0018-12-12 18:23:00,18,12,12,18,23,350,278,BOIS PARIS  (LIEU DIT),48.18201,-1.71289,Nuit sans éclairage public,Hors agglomération,Hors intersection,Normale,Sans collision,,,,,,,,,,,3,1,1,1.0,7.0
201800025070,0018-12-13 07:26:00,18,12,13,7,26,350,238,VITRE (BLD DE),48.1224,-1.65115,Nuit avec éclairage allumé,En agglomération,Giratoire,Normale,Autre collision,,,,,,,,,,,5,2,6,1.0,6.0
201800025071,0018-12-14 04:20:00,18,12,14,4,20,350,238,GAYEULLES (AVENUE DES),48.1287,-1.6521,Nuit avec éclairage allumé,En agglomération,Autre intersection,Normale,Autre collision,,,,,,,,,,,5,2,9,1.0,6.0
201800025072,0018-12-14 08:10:00,18,12,14,8,10,350,51,BOURGCHEVREUIL (MAIL DE),48.11816,-1.60526,Plein jour,En agglomération,Autre intersection,Normale,Autre collision,,,,,,,,,,,1,2,9,1.0,6.0
201800025073,0018-12-14 19:50:00,18,12,14,19,50,350,238,REDON (DE),48.10587,-1.68833,Nuit avec éclairage allumé,En agglomération,Autre intersection,Normale,Sans collision,,,,,,,,,,,5,2,9,1.0,7.0
201800025074,0018-12-14 19:50:00,18,12,14,19,50,350,238,CLEMENCEAU (BD GEORGES),48.09427,-1.68179,Nuit avec éclairage allumé,En agglomération,Intersection en X,Normale,Deux véhicules - côté,,,,,,,,,,,5,2,2,1.0,3.0
201800025075,0018-12-15 08:30:00,18,12,15,8,30,350,278,DE GAULLE (AVENUE GENERA,48.15204,-1.68606,Nuit avec éclairage allumé,En agglomération,Hors intersection,Pluie légère,Autre collision,,,,,,,,,,,5,2,1,2.0,6.0
201800025076,0018-12-15 19:50:00,18,12,15,19,50,350,238,ALBERT 1ER (BD),48.08974,-1.68461,Nuit avec éclairage allumé,En agglomération,Intersection en X,Pluie légère,Deux véhicules - côté,,,,,,,,,,,5,2,2,2.0,3.0
201800025077,0018-12-17 08:50:00,18,12,17,8,50,350,278,FILAUX (RUE ABBE),48.15285,-1.67998,Plein jour,En agglomération,Hors intersection,Autre,Deux véhicules - frontale,,,,,,,,,,,1,2,1,9.0,1.0
201800025078,0018-12-17 13:50:00,18,12,17,13,50,350,238,ROCADE,48.11213,-1.71848,Plein jour,Hors agglomération,Hors intersection,Temps couvert,Trois véhicules et plus - en chaîne,,,,,,,,,,,1,1,1,8.0,4.0
201800025079,0018-12-17 16:15:00,18,12,17,16,15,350,238,PATIS TATELIN (LIEU-DIT,48.13748,-1.63522,Plein jour,En agglomération,Autre intersection,Normale,Deux véhicules - côté,,,,,,,,,,,1,2,9,1.0,3.0
201800025080,0018-12-18 08:00:00,18,12,18,8,0,350,281,TEMPLE-DE-BLOSN (RUE DU),48.08675,-1.70691,Crépuscule ou aube,En agglomération,Giratoire,Normale,Autre collision,,,,,,,,,,,2,2,6,1.0,6.0
201800025081,0018-12-18 15:00:00,18,12,18,15,0,350,238,CHATEAUGIRON (DE),48.09763,-1.64248,Plein jour,En agglomération,Hors intersection,Pluie légère,Deux véhicules - arrière,,,,,,,,,,,1,2,1,2.0,2.0
201800025082,0018-12-19 09:00:00,18,12,19,9,0,350,278,ROBIQUETTE ( BOULEVARD D,48.13419,-1.69422,Plein jour,En agglomération,Giratoire,Normale,Deux véhicules - côté,,,,,,,,,,,1,2,6,1.0,3.0
201800025083,0018-12-19 16:30:00,18,12,19,16,30,350,55,PORTE DES LOGES,48.09373,-1.624,Plein jour,Hors agglomération,Hors intersection,Normale,Deux véhicules - arrière,,,,,,,,,,,1,1,1,1.0,2.0
201800025084,0018-12-20 07:40:00,18,12,20,7,40,350,238,RN136,48.12126,-1.71974,Crépuscule ou aube,Hors agglomération,Hors intersection,Normale,Trois véhicules et plus - collisions multiples,,,,,,,,,,,2,1,1,1.0,5.0
201800025085,0018-12-20 19:41:00,18,12,20,19,41,350,238,ESPAGNE (D'),48.0868,-1.67437,Nuit avec éclairage allumé,En agglomération,Intersection en X,Pluie légère,Autre collision,,,,,,,,,,,5,2,2,2.0,6.0
201800025086,0018-12-20 23:30:00,18,12,20,23,30,350,238,BERNARD (CLAUDE),48.10354,-1.69397,Nuit avec éclairage allumé,En agglomération,Intersection en X,Normale,Deux véhicules - côté,,,,,,,,,,,5,2,2,1.0,3.0
201800025087,0018-12-21 08:10:00,18,12,21,8,10,350,238,ROCADE 10-11,48.11314,-1.71881,Crépuscule ou aube,Hors agglomération,Hors intersection,Pluie légère,Deux véhicules - côté,,,,,,,,,,,2,1,1,2.0,3.0
201800025088,0018-12-21 16:30:00,18,12,21,16,30,350,238,RN136,48.08158,-1.67365,Crépuscule ou aube,Hors agglomération,Hors intersection,Pluie légère,Deux véhicules - arrière,,,,,,,,,,,2,1,1,2.0,2.0
201800025089,0018-12-21 17:50:00,18,12,21,17,50,350,238,VALLES (JULES),48.10533,-1.70792,Nuit avec éclairage allumé,En agglomération,Giratoire,Pluie légère,Deux véhicules - arrière,,,,,,,,,,,5,2,6,2.0,2.0
201800025090,0018-12-22 04:45:00,18,12,22,4,45,350,238,PARIS (RUE DE),48.11381,-1.66048,Nuit avec éclairage allumé,En agglomération,Hors intersection,Temps couvert,Sans collision,,,,,,,,,,,5,2,1,8.0,7.0
201800025091,0018-12-23 00:40:00,18,12,23,0,40,350,238,REPUBLIQUE (PLACE DE LA),48.10985,-1.67911,Nuit avec éclairage allumé,En agglomération,Hors intersection,Normale,Deux véhicules - côté,,,,,,,,,,,5,2,1,1.0,3.0
201800025092,0018-12-21 13:41:00,18,12,21,13,41,350,238,STRASBOURG (BOULEVARD DE,48.1103,-1.65559,Plein jour,En agglomération,Intersection en X,Normale,Deux véhicules - côté,,,,,,,,,,,1,2,2,1.0,3.0
201800025093,0018-12-25 16:45:00,18,12,25,16,45,350,238,LORIENT (DE),48.10861,-1.70513,Crépuscule ou aube,En agglomération,Hors intersection,Normale,Deux véhicules - côté,,,,,,,,,,,2,2,1,1.0,3.0
201800025094,0018-12-26 09:00:00,18,12,26,9,0,350,238,FOUGERES (RUE DE),48.13192,-1.6354,Plein jour,En agglomération,Intersection en X,Normale,Deux véhicules - côté,,,,,,,,,,,1,2,2,1.0,3.0
201800025095,0018-12-30 19:25:00,18,12,30,19,25,350,238,VILLEBOIS MAREUIL (BD),48.10511,-1.65041,Nuit avec éclairage allumé,En agglomération,Intersection en X,Normale,Deux véhicules - côté,,,,,,,,,,,5,2,2,1.0,3.0
201800025096,0018-12-31 19:00:00,18,12,31,19,0,350,238,ROCADE 14-15,48.13045,-1.70982,Nuit sans éclairage public,En agglomération,Hors intersection,Normale,Trois véhicules et plus - en chaîne,,,,,,,,,,,3,2,1,1.0,4.0
201800025097,0018-01-24 18:40:00,18,1,24,18,40,350,238,Yser/Audibert,48.09194,-1.67822,Nuit sans éclairage public,En agglomération,Intersection en X,Pluie forte,Autre collision,,,,,,,,,,,3,2,2,3.0,6.0
201800025098,0018-03-10 16:00:00,18,3,10,16,0,350,288,ESPERANCE (BOULEVARD DE,48.64868,-1.98842,Plein jour,En agglomération,Intersection en T,Normale,Deux véhicules - côté,,,,,,,,,,,1,2,3,1.0,3.0
201800025099,0018-02-09 17:00:00,18,2,9,17,0,350,241,VILLES BILLY (ZA),48.61247,-2.04906,Plein jour,En agglomération,Hors intersection,Temps couvert,Deux véhicules - frontale,,,,,,,,,,,1,2,1,8.0,1.0
201800025100,0018-12-31 23:00:00,18,12,31,23,0,350,288,SABLONS (DES BAS) DIGUE,48.63596,-2.02296,Nuit avec éclairage allumé,En agglomération,Hors intersection,Normale,Autre collision,,,,,,,,,,,5,2,1,1.0,6.0
201800025101,0018-04-15 22:50:00,18,4,15,22,50,350,93,PRIEURE (RUE DU),48.62642,-2.05491,Nuit avec éclairage allumé,En agglomération,Hors intersection,Normale,Autre collision,,,,,,,,,,,5,2,1,1.0,6.0
201800025102,0018-03-30 08:30:00,18,3,30,8,30,350,288,"53, CITE (RUE DE LA)",48.63562,-2.02277,Plein jour,En agglomération,Hors intersection,Pluie forte,Autre collision,,,,,,,,,,,1,2,1,3.0,6.0
201800025103,0018-06-05 18:15:00,18,6,5,18,15,350,288,BRIAND  ARISTIDE (AVENUE,48.64859,-2.00238,Plein jour,En agglomération,Intersection en T,Normale,Autre collision,,,,,,,,,,,1,2,3,1.0,6.0
201800025104,0018-06-25 00:25:00,18,6,25,0,25,350,288,JUIN MARECHAL  (AVENUE),48.65095,-1.97124,Nuit avec éclairage allumé,En agglomération,Hors intersection,Normale,Autre collision,,,,,,,,,,,5,2,1,1.0,6.0
201800025105,0018-08-02 10:39:00,18,8,2,10,39,350,288,TALARDS (BOULEVARD DES),48.64015,-2.00873,Plein jour,En agglomération,Giratoire,Normale,Autre collision,,,,,,,,,,,1,2,6,1.0,6.0
201800025106,0018-09-13 16:54:00,18,9,13,16,54,350,288,DE GAULLE GENERAL (AVENU,48.64631,-1.98873,Plein jour,En agglomération,Intersection en X,Normale,Deux véhicules - côté,,,,,,,,,,,1,2,2,1.0,3.0
201800025107,0018-09-28 11:27:00,18,9,28,11,27,350,288,UMBRICHT (REVEREND PERE),48.65769,-1.99446,Plein jour,En agglomération,Intersection en X,Normale,Deux véhicules - côté,,,,,,,,,,,1,2,2,1.0,3.0
201800025108,0018-10-23 12:20:00,18,10,23,12,20,350,288,MAISON NEUVE (RUE DE LA),48.62347,-1.98307,Plein jour,En agglomération,Hors intersection,Normale,Autre collision,,,,,,,,,,,1,2,1,1.0,6.0
201800025109,0018-10-29 18:10:00,18,10,29,18,10,350,288,DOUTRELEAU (RUE),48.62571,-2.00434,Crépuscule ou aube,En agglomération,Intersection en T,Normale,Deux véhicules - côté,,,,,,,,,,,2,2,3,1.0,3.0
201800025110,0018-10-29 16:00:00,18,10,29,16,0,350,288,REVENANT (RUE DU),48.6309,-2.00315,Plein jour,En agglomération,Intersection en X,Normale,Deux véhicules - côté,,,,,,,,,,,1,2,2,1.0,3.0
201800025111,0018-08-02 21:15:00,18,8,2,21,15,350,93,FEART (BOULEVARD),48.63279,-2.05497,Crépuscule ou aube,En agglomération,Autre intersection,Normale,Deux véhicules - frontale,,,,,,,,,,,2,2,9,1.0,1.0
201800025112,0018-11-02 16:30:00,18,11,2,16,30,350,288,HOCHELAGA (RUE),48.64057,-2.01039,Plein jour,En agglomération,Intersection en Y,Normale,Deux véhicules - arrière,,,,,,,,,,,1,2,4,1.0,2.0
201800025113,0018-10-23 20:30:00,18,10,23,20,30,350,241,D168,48.61359,-2.06223,Nuit sans éclairage public,Hors agglomération,Hors intersection,Normale,Deux véhicules - frontale,,,,,,,,,,,3,1,1,1.0,1.0
201800025114,0018-12-27 08:39:00,18,12,27,8,39,350,288,BOLTZ  RENE (RUE),48.64637,-1.98895,Nuit avec éclairage allumé,En agglomération,Giratoire,Brouillard / fumée,Autre collision,,,,,,,,,,,5,2,6,5.0,6.0
201800025115,0018-12-06 15:45:00,18,12,6,15,45,350,288,FERRY JULES (RUE),48.6503,-2.00458,Plein jour,En agglomération,Hors intersection,Normale,Autre collision,,,,,,,,,,,1,2,1,1.0,6.0
201800025116,0018-09-18 18:10:00,18,9,18,18,10,350,93,EDOUARD VII - Nø1A 64-(,48.63335,-2.0583,Plein jour,En agglomération,Intersection en X,Normale,Deux véhicules - côté,,,,,,,,,,,1,2,2,1.0,3.0
201800025117,0018-10-24 11:50:00,18,10,24,11,50,350,288,SILLON (DU) CHAUSSEE,48.65577,-2.00437,Plein jour,En agglomération,Intersection en X,Normale,Autre collision,,,,,,,,,,,1,2,2,1.0,6.0
201800025118,0018-11-02 18:25:00,18,11,2,18,25,350,93,MINEES (RUE DES ),48.63021,-2.07061,Nuit avec éclairage allumé,En agglomération,Intersection en T,Normale,Deux véhicules - frontale,,,,,,,,,,,5,2,3,1.0,1.0
201800025119,0018-01-20 20:10:00,18,1,20,20,10,360,44,PLACE ST CHRISTOPHE,46.8167,1.6845,Nuit avec éclairage allumé,En agglomération,Giratoire,Normale,Deux véhicules - côté,,,,,,,,,,,5,2,6,1.0,3.0
201800025120,0018-12-06 04:50:00,18,12,6,4,50,360,44,AV LA CHATRE/AVCOUBERTIN,46.80233,1.71848,Nuit avec éclairage allumé,En agglomération,Intersection en X,Normale,Deux véhicules - côté,,,,,,,,,,,5,2,2,1.0,3.0
201800025121,0018-01-17 18:21:00,18,1,17,18,21,360,63,RP FREESBEE/HENNEQUIN,46.8517,1.70172,Nuit avec éclairage allumé,Hors agglomération,Giratoire,Normale,Deux véhicules - arrière,,,,,,,,,,,5,1,6,1.0,2.0
201800025122,0018-02-03 12:18:00,18,2,3,12,18,360,159,ALLEE DU FORUM,46.7944,1.73339,Plein jour,En agglomération,Hors intersection,Normale,Sans collision,,,,,,,,,,,1,2,1,1.0,7.0
201800025123,0018-02-05 18:37:00,18,2,5,18,37,360,44,AVENUE MARCEL LEMOINE,46.8203,1.697,Nuit avec éclairage allumé,En agglomération,Hors intersection,Normale,Sans collision,,,,,,,,,,,5,2,1,1.0,7.0
201800025124,0018-12-06 04:56:00,18,12,6,4,56,360,44,AV LA CHATRE/AV COUBERTI,46.8023,1.71848,Nuit avec éclairage allumé,En agglomération,Intersection en X,Normale,Deux véhicules - côté,,,,,,,,,,,5,2,2,1.0,3.0
201800025125,0018-03-28 12:14:00,18,3,28,12,14,360,44,164 AVENUE JOHN KENNEDY,46.7969,1.69209,Plein jour,En agglomération,Hors intersection,Normale,Autre collision,,,,,,,,,,,1,2,1,1.0,6.0
201800025126,0018-02-18 10:27:00,18,2,18,10,27,360,44,BD C NORMAND RUE RASPAIL,46.80431,1.69191,Plein jour,En agglomération,Intersection en X,Normale,Deux véhicules - côté,,,,,,,,,,,1,2,2,1.0,3.0
201800025127,0018-02-24 10:10:00,18,2,24,10,10,360,63,47 AVENUE DE GAULLE,46.8261,1.70092,Plein jour,En agglomération,Hors intersection,Normale,Autre collision,,,,,,,,,,,1,2,1,1.0,6.0
201800025128,0018-03-08 21:00:00,18,3,8,21,0,360,202,ANCIENNE ROUTE DE TOURS,46.8205,1.66756,Nuit sans éclairage public,En agglomération,Hors intersection,Pluie légère,Autre collision,,,,,,,,,,,3,2,1,2.0,6.0
201800025129,0018-03-12 09:04:00,18,3,12,9,4,360,44,RUE LA VRILLE/RDE L'ISLE,46.8072,1.6836,Plein jour,En agglomération,Intersection en X,Normale,Deux véhicules - côté,,,,,,,,,,,1,2,2,1.0,3.0
201800025130,0018-03-14 10:54:00,18,3,14,10,54,360,202,2 RUE DES CLES MOREAU,46.802,1.63121,Plein jour,En agglomération,Hors intersection,Normale,Autre collision,,,,,,,,,,,1,2,1,1.0,6.0
201800025131,0018-01-31 19:55:00,18,1,31,19,55,360,44,12 RUE SAINT LUC,46.8123,1.69769,Nuit avec éclairage allumé,En agglomération,Hors intersection,Pluie forte,Autre collision,,,,,,,,,,,5,2,1,3.0,6.0
201800025132,0018-03-28 12:57:00,18,3,28,12,57,360,44,BD CHARMILLES/LA BOETIE,46.8007,1.71624,Plein jour,En agglomération,Intersection en X,Normale,Deux véhicules - côté,,,,,,,,,,,1,2,2,1.0,3.0
201800025133,0018-03-18 19:30:00,18,3,18,19,30,360,63,AVENUE DE BLOIS,46.8694,1.66161,Plein jour,Hors agglomération,Hors intersection,Normale,Deux véhicules - arrière,,,,,,,,,,,1,1,1,1.0,2.0
201800025134,0018-03-28 17:14:00,18,3,28,17,14,360,44,AVENUE DE LA CHATRE,46.8101,1.70222,Plein jour,En agglomération,Hors intersection,Normale,Deux véhicules - arrière,,,,,,,,,,,1,2,1,1.0,2.0
201800025135,0018-03-30 07:51:00,18,3,30,7,51,360,44,30 BD BLAISE PASCAL,46.7972,1.70974,Nuit avec éclairage allumé,En agglomération,Hors intersection,Normale,Sans collision,,,,,,,,,,,5,2,1,1.0,7.0
201800025136,0018-04-02 16:53:00,18,4,2,16,53,360,44,RU RASPAIL/BD CR NORMAND,46.80427,1.69176,Plein jour,En agglomération,Intersection en X,Normale,Deux véhicules - côté,,,,,,,,,,,1,2,2,1.0,3.0
201800025137,0018-04-10 12:27:00,18,4,10,12,27,360,159,18 AVENUE DE LA FORET,46.7629,1.67663,Plein jour,Hors agglomération,Hors intersection,Normale,Trois véhicules et plus - en chaîne,,,,,,,,,,,1,1,1,1.0,4.0
201800025138,0018-04-03 18:57:00,18,4,3,18,57,360,44,AVENUE DU GENERAL RUBY,46.8088,1.6952,Crépuscule ou aube,En agglomération,Hors intersection,Normale,Deux véhicules - frontale,,,,,,,,,,,2,2,1,1.0,1.0
201800025139,0018-04-27 05:40:00,18,4,27,5,40,360,44,73 AVENUE MARCEL LEMOINE,46.8205,1.69735,Nuit avec éclairage allumé,En agglomération,Hors intersection,Normale,Deux véhicules - arrière,,,,,,,,,,,5,2,1,1.0,2.0
201800025140,0018-04-10 14:05:00,18,4,10,14,5,360,44,4 AV MITTERRAND,46.8112,1.6822,Plein jour,En agglomération,Hors intersection,Normale,Deux véhicules - arrière,,,,,,,,,,,1,2,1,1.0,2.0
201800025141,0018-04-12 21:23:00,18,4,12,21,23,360,44,77 AVENUE D'ARGENTON,46.804,1.67361,Nuit avec éclairage allumé,En agglomération,Hors intersection,Normale,Deux véhicules - côté,,,,,,,,,,,5,2,1,1.0,3.0
201800025142,0018-05-05 18:34:00,18,5,5,18,34,360,202,,46.7763,1.64871,Plein jour,En agglomération,Autre intersection,Normale,Deux véhicules - côté,,,,,,,,,,,1,2,9,1.0,3.0
201800025143,0018-05-25 15:01:00,18,5,25,15,1,360,202,AVENUE D'OCCITANIE,46.7757,1.64841,Plein jour,Hors agglomération,Giratoire,Normale,Deux véhicules - côté,,,,,,,,,,,1,1,6,1.0,3.0
201800025144,0018-05-25 19:21:00,18,5,25,19,21,360,44,106 RUE F ST GERMAIN,46.8198,1.70365,Plein jour,En agglomération,Hors intersection,Normale,Autre collision,,,,,,,,,,,1,2,1,1.0,6.0
201800025145,0018-06-03 17:31:00,18,6,3,17,31,360,44,115 AVENUE LEMOINE,46.8221,1.69762,Plein jour,En agglomération,Hors intersection,Normale,Autre collision,,,,,,,,,,,1,2,1,1.0,6.0
201800025146,0018-06-17 19:17:00,18,6,17,19,17,360,63,,46.8198,1.7278,Plein jour,Hors agglomération,Hors intersection,Normale,Sans collision,,,,,,,,,,,1,1,1,1.0,7.0
201800025147,0018-06-16 20:50:00,18,6,16,20,50,360,159,ROUTE DE LA CHENAIE,46.7622,1.67846,Plein jour,Hors agglomération,Giratoire,Normale,Autre collision,,,,,,,,,,,1,1,6,1.0,6.0
201800025148,0018-06-27 10:13:00,18,6,27,10,13,360,202,AVENUE DE LA FORET,46.7741,1.65147,Plein jour,En agglomération,Hors intersection,Temps éblouissant,Trois véhicules et plus - en chaîne,,,,,,,,,,,1,2,1,7.0,4.0
201800025149,0018-07-04 18:45:00,18,7,4,18,45,360,63,RD PT GRAND VERGER,46.8455,1.70895,Plein jour,Hors agglomération,Giratoire,Pluie légère,Autre collision,,,,,,,,,,,1,1,6,2.0,6.0
201800025150,0018-07-05 21:20:00,18,7,5,21,20,360,44,AVENUE DE GAULLE,46.8062,1.69593,Plein jour,En agglomération,Hors intersection,Normale,Autre collision,,,,,,,,,,,1,2,1,1.0,6.0
201800025151,0018-08-12 07:58:00,18,8,12,7,58,360,44,4 RUE DES MADRONS,46.80325,1.66507,Plein jour,En agglomération,Hors intersection,Normale,Sans collision,,,,,,,,,,,1,2,1,1.0,7.0
201800025152,0018-08-20 09:30:00,18,8,20,9,30,360,44,RUE GEORGES COURTELINE,46.80407,1.7108,Plein jour,En agglomération,Hors intersection,Normale,Autre collision,,,,,,,,,,,1,2,1,1.0,6.0
201800025153,0018-03-26 17:25:00,18,3,26,17,25,360,44,AV 6 JUIN 44/RUE C RAOUL,46.81268,1.68492,Plein jour,En agglomération,Intersection en T,Normale,Deux véhicules - côté,,,,,,,,,,,1,2,3,1.0,3.0
201800025154,0018-09-02 09:05:00,18,9,2,9,5,360,44,206 AVENUE JOHN KENNEDY,46.78931,1.69116,Plein jour,En agglomération,Hors intersection,Normale,Deux véhicules - côté,,,,,,,,,,,1,2,1,1.0,3.0
201800025155,0018-09-01 06:30:00,18,9,1,6,30,360,44,ROUTE DEPARTEMENTALE 920,46.7886,1.69023,Crépuscule ou aube,En agglomération,Hors intersection,Normale,Autre collision,,,,,,,,,,,2,2,1,1.0,6.0
201800025156,0018-09-18 15:36:00,18,9,18,15,36,360,159,ROUTE DE VELLES,46.74769,1.67369,Plein jour,Hors agglomération,Hors intersection,Normale,Autre collision,,,,,,,,,,,1,1,1,1.0,6.0
201800025157,0018-03-09 06:15:00,18,3,9,6,15,360,159,ALLEE DE LA VERRERIE,46.7164,1.76962,Nuit sans éclairage public,Hors agglomération,Hors intersection,Normale,Sans collision,,,,,,,,,,,3,1,1,1.0,7.0
201800025158,0018-03-20 16:00:00,18,3,20,16,0,360,44,PLACE ST CHRISTOPHE,46.81681,1.68453,Plein jour,En agglomération,Giratoire,Normale,Deux véhicules - côté,,,,,,,,,,,1,2,6,1.0,3.0
201800025159,0018-09-11 08:50:00,18,9,11,8,50,360,44,ROGER CAZALA,46.81226,1.69855,Plein jour,En agglomération,Hors intersection,Normale,Autre collision,,,,,,,,,,,1,2,1,1.0,6.0
201800025160,0018-09-14 13:50:00,18,9,14,13,50,360,44,H DE BALZAC-P ET M CURIE,46.81074,1.71323,Plein jour,En agglomération,Intersection en X,Normale,Deux véhicules - côté,,,,,,,,,,,1,2,2,1.0,3.0
201800025161,0018-09-15 10:42:00,18,9,15,10,42,360,63,RD 920,46.8204,1.73601,Plein jour,Hors agglomération,Giratoire,Normale,Deux véhicules - arrière,,,,,,,,,,,1,1,6,1.0,2.0