accident_id,datetime,annee,mois,jour,heure,minute,departement,commune_insee,adresse,latitude,longitude,luminosite,agglomeration,intersection,meteo,collision,nb_vehicules,nb_usagers,nb_indemnes,nb_tues,nb_blesses_hosp,nb_blesses_legers,age_cond_1,age_cond_2,veh_type_cond_1,veh_type_cond_2,lum_code,agg_code,int_code,atm_code,col_code
201800025890,0018-04-30 17:30:00,18,4,30,17,30,410,18,BESNARD (QUAI ULYSSE),47.57666,1.31854,Plein jour,En agglomération,Hors intersection,Normale,Deux véhicules - frontale,,,,,,,,,,,1,2,1,1.0,1.0
201800025891,0018-05-03 17:10:00,18,5,3,17,10,410,18,VERDUN (AVENUE DE),47.58998,1.34206,Plein jour,En agglomération,Intersection en T,Normale,Deux véhicules - côté,,,,,,,,,,,1,2,3,1.0,3.0
201800025892,0018-05-04 13:40:00,18,5,4,13,40,410,47,CHAMPLOUET (RUE DE),47.61557,1.34915,Plein jour,En agglomération,Hors intersection,Normale,Trois véhicules et plus - en chaîne,,,,,,,,,,,1,2,1,1.0,4.0
201800025893,0018-05-12 19:20:00,18,5,12,19,20,410,18,CHAILLES (LEVEE DE),47.57277,1.32023,Plein jour,Hors agglomération,Intersection en T,Pluie forte,Deux véhicules - arrière,,,,,,,,,,,1,1,3,3.0,2.0
201800025894,0018-05-17 05:50:00,18,5,17,5,50,410,18,MAUNOURY (AVENUE DE MARE,47.59899,1.34485,Crépuscule ou aube,En agglomération,Hors intersection,Normale,Sans collision,,,,,,,,,,,2,2,1,1.0,7.0
201800025895,0018-05-16 16:20:00,18,5,16,16,20,410,18,BEGON (RUE MICHEL)  Nø I,47.59343,1.3109,Plein jour,En agglomération,Hors intersection,Normale,Autre collision,,,,,,,,,,,1,2,1,1.0,6.0
201800025896,0018-05-22 08:20:00,18,5,22,8,20,410,18,CHATEAU-RENAULT (ROUTE D,47.5845,1.3175,Plein jour,En agglomération,Hors intersection,Normale,Autre collision,,,,,,,,,,,1,2,1,1.0,6.0
201800025897,0018-05-25 17:28:00,18,5,25,17,28,410,47,N152,47.60864,1.35578,Plein jour,En agglomération,Hors intersection,Pluie forte,Autre collision,,,,,,,,,,,1,2,1,3.0,6.0
201800025898,0018-05-31 00:05:00,18,5,31,0,5,410,212,RD 923,47.5617,1.38148,Nuit sans éclairage public,Hors agglomération,Hors intersection,Normale,Autre collision,,,,,,,,,,,3,1,1,1.0,6.0
201800025899,0018-06-01 09:55:00,18,6,1,9,55,410,47,RD 2152,47.60923,1.35652,Plein jour,En agglomération,Giratoire,Normale,Deux véhicules - côté,,,,,,,,,,,1,2,6,1.0,3.0
201800025900,0018-06-06 17:45:00,18,6,6,17,45,410,18,SCHUMAN (AVENUE ROBERT),47.60507,1.32808,Plein jour,En agglomération,Hors intersection,Normale,Deux véhicules - arrière,,,,,,,,,,,1,2,1,1.0,2.0
201800025901,0018-06-09 13:10:00,18,6,9,13,10,410,295,MONTESQUIEU (RUE),47.58406,1.37093,Plein jour,En agglomération,Hors intersection,Normale,Deux véhicules - côté,,,,,,,,,,,1,2,1,1.0,3.0
201800025902,0018-06-21 15:05:00,18,6,21,15,5,410,295,CHEMIN DES ROCHES,47.50684,1.38348,Plein jour,En agglomération,Hors intersection,Normale,Trois véhicules et plus - collisions multiples,,,,,,,,,,,1,2,1,1.0,5.0
201800025903,0018-06-29 15:00:00,18,6,29,15,0,410,212,PATTE D'OIE (rond point),47.56182,1.37288,Plein jour,En agglomération,Giratoire,Normale,Sans collision,,,,,,,,,,,1,2,6,1.0,7.0
201800025904,0018-07-03 18:05:00,18,7,3,18,5,410,212,RD 956,47.56737,1.37099,Plein jour,Hors agglomération,Hors intersection,Normale,Deux véhicules - arrière,,,,,,,,,,,1,1,1,1.0,2.0
201800025905,0018-07-05 14:05:00,18,7,5,14,5,410,18,RD 956,47.59147,1.35694,Plein jour,En agglomération,Hors intersection,Normale,Deux véhicules - arrière,,,,,,,,,,,1,2,1,1.0,2.0
201800025906,0018-07-06 00:01:00,18,7,6,0,1,410,212,SEUR (ALLEE DE),47.55909,1.3714,Nuit sans éclairage public,En agglomération,Hors intersection,Pluie légère,Sans collision,,,,,,,,,,,3,2,1,2.0,7.0
201800025907,0018-07-10 14:47:00,18,7,10,14,47,410,18,PAPIN (RUE DENIS),47.58663,1.3353,Plein jour,En agglomération,Hors intersection,Normale,Autre collision,,,,,,,,,,,1,2,1,1.0,6.0
201800025908,0018-07-17 14:20:00,18,7,17,14,20,410,212,FOUGERETS (RUE DES),47.56629,1.37024,Plein jour,En agglomération,Hors intersection,Normale,Autre collision,,,,,,,,,,,1,2,1,1.0,6.0
201800025909,0018-08-09 10:10:00,18,8,9,10,10,410,18,BRETAGNE (RUE ANNE DE),47.58531,1.33317,Plein jour,En agglomération,Hors intersection,Pluie légère,Sans collision,,,,,,,,,,,1,2,1,2.0,7.0
201800025910,0018-08-20 18:55:00,18,8,20,18,55,410,18,VENDOME (AVENUE DE),47.5966,1.32614,Plein jour,En agglomération,Hors intersection,Normale,Deux véhicules - arrière,,,,,,,,,,,1,2,1,1.0,2.0
201800025911,0018-08-23 18:20:00,18,8,23,18,20,410,18,GAMBETTA (AVENUE),47.58471,1.31863,Plein jour,En agglomération,Hors intersection,Normale,Deux véhicules - arrière,,,,,,,,,,,1,2,1,1.0,2.0
201800025912,0018-08-25 06:20:00,18,8,25,6,20,410,18,VENDOME (AVENUE DE),47.60017,1.31975,Crépuscule ou aube,En agglomération,Intersection en X,Normale,Deux véhicules - côté,,,,,,,,,,,2,2,2,1.0,3.0
201800025913,0018-09-10 06:35:00,18,9,10,6,35,410,18,MAUNOURY (AVENUE DE MARE,47.59834,1.34407,Nuit avec éclairage allumé,En agglomération,Hors intersection,Normale,Deux véhicules - côté,,,,,,,,,,,5,2,1,1.0,3.0
201800025914,0018-09-10 19:40:00,18,9,10,19,40,410,18,TOURVILLE (RUE DU MARECH,47.59087,1.30689,Plein jour,En agglomération,Hors intersection,Normale,Deux véhicules - arrière,,,,,,,,,,,1,2,1,1.0,2.0
201800025915,0018-09-20 19:00:00,18,9,20,19,0,410,18,RD 956,47.59443,1.35324,Plein jour,En agglomération,Hors intersection,Normale,Sans collision,,,,,,,,,,,1,2,1,1.0,7.0
201800025916,0018-09-22 19:30:00,18,9,22,19,30,410,47,POSTE (RUE DE LA),47.61343,1.36488,Crépuscule ou aube,En agglomération,Hors intersection,Normale,Autre collision,,,,,,,,,,,2,2,1,1.0,6.0
201800025917,0018-09-27 17:30:00,18,9,27,17,30,410,18,VENDOME (AVENUE DE),47.59932,1.32123,Plein jour,En agglomération,Autre intersection,Normale,Autre collision,,,,,,,,,,,1,2,9,1.0,6.0
201800025918,0018-09-28 21:30:00,18,9,28,21,30,410,18,GENTIL (BOULEVARD RENE),47.57883,1.34989,Nuit sans éclairage public,En agglomération,Hors intersection,Normale,Sans collision,,,,,,,,,,,3,2,1,1.0,7.0
201800025919,0018-10-08 13:25:00,18,10,8,13,25,410,18,VERDUN (AVENUE DE),47.59086,1.34339,Plein jour,En agglomération,Hors intersection,Normale,Autre collision,,,,,,,,,,,1,2,1,1.0,6.0
201800025920,0018-10-12 17:25:00,18,10,12,17,25,410,295,VALERY (avenue Paul),47.58466,1.37527,Plein jour,En agglomération,Hors intersection,Normale,Deux véhicules - frontale,,,,,,,,,,,1,2,1,1.0,1.0
201800025921,0018-10-17 22:30:00,18,10,17,22,30,410,18,PONT JACQUES GABRIEL,47.58599,1.33624,Nuit avec éclairage allumé,En agglomération,Hors intersection,Normale,Autre collision,,,,,,,,,,,5,2,1,1.0,6.0
201800025922,0018-10-23 18:10:00,18,10,23,18,10,410,212,RD 956,47.57181,1.35744,Plein jour,En agglomération,Intersection en T,Normale,Deux véhicules - arrière,,,,,,,,,,,1,2,3,1.0,2.0
201800025923,0018-10-30 07:25:00,18,10,30,7,25,410,18,ROND POINT CROIX AUX ALO,47.60168,1.29251,Crépuscule ou aube,Hors agglomération,Hors intersection,Pluie légère,Sans collision,,,,,,,,,,,2,1,1,2.0,7.0
201800025924,0018-11-07 12:55:00,18,11,7,12,55,410,18,GALLOIS (RUE),47.58788,1.33011,Plein jour,En agglomération,Hors intersection,Pluie légère,Deux véhicules - arrière,,,,,,,,,,,1,2,1,2.0,2.0
201800025925,0018-11-12 14:25:00,18,11,12,14,25,410,18,CLOUSEAU (MAIL),47.5896,1.33642,Plein jour,En agglomération,Intersection en T,Pluie légère,Deux véhicules - frontale,,,,,,,,,,,1,2,3,2.0,1.0
201800025926,0018-11-10 14:40:00,18,11,10,14,40,410,295,rue (Paul) Verlaine,47.58165,1.37186,Plein jour,En agglomération,Hors intersection,Pluie légère,Deux véhicules - frontale,,,,,,,,,,,1,2,1,2.0,1.0
201800025927,0018-11-18 17:00:00,18,11,18,17,0,410,47,RD 2152,47.60559,1.35246,Plein jour,En agglomération,Hors intersection,Normale,Autre collision,,,,,,,,,,,1,2,1,1.0,6.0
201800025928,0018-11-20 19:08:00,18,11,20,19,8,410,18,BOURG NEUF (RUE DU),47.59432,1.32939,Nuit avec éclairage allumé,En agglomération,Hors intersection,Normale,Deux véhicules - côté,,,,,,,,,,,5,2,1,1.0,3.0
201800025929,0018-11-29 12:10:00,18,11,29,12,10,410,18,PIGELEE (RUE) Nø PAIRS,47.59905,1.30519,Plein jour,En agglomération,Hors intersection,Normale,Autre collision,,,,,,,,,,,1,2,1,1.0,6.0
201800025930,0018-12-06 14:50:00,18,12,6,14,50,410,18,MOULIN (RUE JEAN),47.58652,1.32681,Plein jour,En agglomération,Hors intersection,Pluie légère,Deux véhicules - arrière,,,,,,,,,,,1,2,1,2.0,2.0
201800025931,0018-12-19 08:00:00,18,12,19,8,0,410,18,VEZIN (RUE ALEXANDRE),47.60782,1.3175,Crépuscule ou aube,En agglomération,Hors intersection,Pluie légère,Sans collision,,,,,,,,,,,2,2,1,2.0,7.0
201800025932,0018-12-22 19:00:00,18,12,22,19,0,410,18,BRIAND (QUAI ARISTIDE),47.57674,1.32828,Nuit sans éclairage public,En agglomération,Hors intersection,Normale,Trois véhicules et plus - en chaîne,,,,,,,,,,,3,2,1,1.0,4.0
201800025933,0018-01-12 20:25:00,18,1,12,20,25,410,269,"19, TOURS (ROUTE DE)",47.78192,1.06395,Nuit sans éclairage public,En agglomération,Hors intersection,Normale,Autre collision,,,,,,,,,,,3,2,1,1.0,6.0
201800025934,0018-04-26 08:35:00,18,4,26,8,35,410,269,BLOIS (ROUTE DE),47.76116,1.10097,Plein jour,Hors agglomération,Hors intersection,Normale,Deux véhicules - arrière,,,,,,,,,,,1,1,1,1.0,2.0
201800025935,0018-06-02 14:20:00,18,6,2,14,20,410,269,MAILLETTES (RUE DES),47.81053,1.06552,Plein jour,En agglomération,Intersection en T,Normale,Deux véhicules - côté,,,,,,,,,,,1,2,3,1.0,3.0
201800025936,0018-07-24 11:20:00,18,7,24,11,20,410,269,TUILERIE (ENTRE MAILLETT,47.80677,1.06939,Plein jour,En agglomération,Hors intersection,Normale,Deux véhicules - côté,,,,,,,,,,,1,2,1,1.0,3.0
201800025937,0018-07-15 07:35:00,18,7,15,7,35,410,158,MONTAIGU (RUE DE),47.78154,1.04221,Plein jour,En agglomération,Hors intersection,Normale,Autre collision,,,,,,,,,,,1,2,1,1.0,6.0
201800025938,0018-03-09 12:30:00,18,3,9,12,30,420,95,"24, JAURES (RUE JEAN)",45.39125,4.28982,Plein jour,En agglomération,Hors intersection,Normale,Autre collision,,,,,,,,,,,1,2,1,1.0,6.0
201800025939,0018-07-28 14:00:00,18,7,28,14,0,420,99,GIRARDS (ROUTE DES),45.39373,4.25674,Plein jour,En agglomération,Hors intersection,Autre,Autre collision,,,,,,,,,,,1,2,1,9.0,6.0
201800025940,0018-08-08 09:15:00,18,8,8,9,15,420,44,REPUBLIQUE (RUE DE LA),45.39599,4.32115,Plein jour,En agglomération,Intersection en T,Normale,Deux véhicules - côté,,,,,,,,,,,1,2,3,1.0,3.0
201800025941,0018-08-20 18:10:00,18,8,20,18,10,420,183,GAMBETTA (RUE),45.40512,4.37553,Plein jour,En agglomération,Autre intersection,Normale,Deux véhicules - côté,,,,,,,,,,,1,2,9,1.0,3.0
201800025942,0018-09-01 21:14:00,18,9,1,21,14,420,95,RD 88,45.39291,4.29303,Nuit avec éclairage allumé,En agglomération,Autre intersection,Normale,Deux véhicules - côté,,,,,,,,,,,5,2,9,1.0,3.0
201800025943,0018-08-04 16:00:00,18,8,4,16,0,420,316,RD3,45.40601,4.24143,Plein jour,En agglomération,Hors intersection,Normale,Deux véhicules - arrière,,,,,,,,,,,1,2,1,1.0,2.0
201800025944,0018-10-11 14:58:00,18,10,11,14,58,420,95,VERDIE (RUE),45.38991,4.28396,Plein jour,En agglomération,Hors intersection,Normale,Autre collision,,,,,,,,,,,1,2,1,1.0,6.0
201800025945,0018-10-16 06:40:00,18,10,16,6,40,420,44,DASSAULT (RUE MARCEL),45.39452,4.3064,Nuit sans éclairage public,En agglomération,Intersection en Y,Normale,Autre collision,,,,,,,,,,,3,2,4,1.0,6.0
201800025946,0018-10-16 15:15:00,18,10,16,15,15,420,183,BERAUDIERE (RUE DE LA),45.408,4.37858,Plein jour,Hors agglomération,Autre intersection,Normale,Deux véhicules - côté,,,,,,,,,,,1,1,9,1.0,3.0
201800025947,0018-10-18 16:00:00,18,10,18,16,0,420,270,PEPINIERES (ALLEE DES),45.3932,4.2362,Plein jour,En agglomération,Hors intersection,Normale,Autre collision,,,,,,,,,,,1,2,1,1.0,6.0
201800025948,0018-10-03 19:20:00,18,10,3,19,20,420,95,,45.38595,4.28276,Crépuscule ou aube,En agglomération,Giratoire,Normale,Autre collision,,,,,,,,,,,2,2,6,1.0,6.0
201800025949,0018-10-30 16:40:00,18,10,30,16,40,420,95,ALCAZAR (RUE DE L'),45.39555,4.29279,Plein jour,En agglomération,Hors intersection,Normale,Deux véhicules - côté,,,,,,,,,,,1,2,1,1.0,3.0
201800025950,0018-11-05 22:30:00,18,11,5,22,30,420,95,ALCAZAR (RUE DE L'),45.39557,4.2929,Nuit avec éclairage allumé,En agglomération,Hors intersection,Normale,Autre collision,,,,,,,,,,,5,2,1,1.0,6.0
201800025951,0018-11-08 19:20:00,18,11,8,19,20,420,44,FRACHON RUE BENOIT,45.40039,4.35398,Nuit avec éclairage allumé,En agglomération,Hors intersection,Normale,Autre collision,,,,,,,,,,,5,2,1,1.0,6.0
201800025952,0018-11-23 16:30:00,18,11,23,16,30,420,31,RD 3,45.40503,4.23791,Plein jour,En agglomération,Hors intersection,Normale,Sans collision,,,,,,,,,,,1,2,1,1.0,7.0
201800025953,0018-11-30 10:00:00,18,11,30,10,0,420,316,RD25-1,45.4121,4.28581,Plein jour,Hors agglomération,Hors intersection,Pluie légère,Sans collision,,,,,,,,,,,1,1,1,2.0,7.0
201800025954,0018-12-07 15:30:00,18,12,7,15,30,420,95,JAURES (RUE JEAN),45.3911,4.28946,Plein jour,En agglomération,Hors intersection,Normale,Autre collision,,,,,,,,,,,1,2,1,1.0,6.0
201800025955,0018-12-10 12:55:00,18,12,10,12,55,420,95,GARE AVENUE DE LA,45.39041,4.28677,Plein jour,En agglomération,Hors intersection,Temps couvert,Deux véhicules - arrière,,,,,,,,,,,1,2,1,8.0,2.0
201800025956,0018-12-17 07:25:00,18,12,17,7,25,420,183,FRACHON (RUE BENOIT),45.40025,4.35354,Crépuscule ou aube,En agglomération,Intersection en T,Pluie légère,Deux véhicules - côté,,,,,,,,,,,2,2,3,2.0,3.0
201800025957,0018-12-20 15:00:00,18,12,20,15,0,420,316,RD 3,45.39724,4.25961,Plein jour,En agglomération,Hors intersection,Pluie légère,Deux véhicules - côté,,,,,,,,,,,1,2,1,2.0,3.0
201800025958,0018-12-21 19:30:00,18,12,21,19,30,420,316,RD 25,45.40133,4.26046,Nuit avec éclairage allumé,En agglomération,Intersection en T,Normale,Deux véhicules - côté,,,,,,,,,,,5,2,3,1.0,3.0
201800025959,0018-01-18 08:30:00,18,1,18,8,30,420,170,R.D 504,46.04071,4.15156,Crépuscule ou aube,Hors agglomération,Hors intersection,Temps couvert,Sans collision,,,,,,,,,,,2,1,1,8.0,7.0
201800025960,0018-01-22 18:13:00,18,1,22,18,13,420,71,GUERINS (RUE DES),46.01352,4.09661,Nuit avec éclairage allumé,En agglomération,Intersection en T,Normale,Autre collision,,,,,,,,,,,5,2,3,1.0,6.0
201800025961,0018-01-24 09:35:00,18,1,24,9,35,420,127,"0, CHARLES DE GAULLE(AV",46.08031,4.06659,Plein jour,Hors agglomération,Hors intersection,Normale,Trois véhicules et plus - collisions multiples,,,,,,,,,,,1,1,1,1.0,5.0
201800025962,0018-01-25 13:15:00,18,1,25,13,15,420,187,"24, SALENGRO (RUE ROGER)",46.03859,4.0732,Plein jour,En agglomération,Place,Normale,Autre collision,,,,,,,,,,,1,2,7,1.0,6.0
201800025963,0018-01-26 10:30:00,18,1,26,10,30,420,71,"0, PINAY (RUE ANTOINE)",46.00903,4.09944,Plein jour,En agglomération,Hors intersection,Pluie légère,Deux véhicules - côté,,,,,,,,,,,1,2,1,2.0,3.0
201800025964,0018-01-26 16:45:00,18,1,26,16,45,420,127,"2, CHARLES DE GAULLE(AV)",46.08183,4.06815,Plein jour,En agglomération,Hors intersection,Pluie légère,Trois véhicules et plus - en chaîne,,,,,,,,,,,1,2,1,2.0,4.0
201800025965,0018-01-29 11:00:00,18,1,29,11,0,420,187,"104, MULSANT (RUE)",46.03895,4.05666,Plein jour,En agglomération,Hors intersection,Pluie légère,Autre collision,,,,,,,,,,,1,2,1,2.0,6.0
201800025966,0018-01-30 07:55:00,18,1,30,7,55,420,127,Route nationale 7,46.07329,4.04261,Crépuscule ou aube,Hors agglomération,Hors intersection,Temps couvert,Trois véhicules et plus - en chaîne,,,,,,,,,,,2,1,1,8.0,4.0
201800025967,0018-02-01 17:00:00,18,2,1,17,0,420,187,"0, CHARLIEU (RUE DE )",46.06686,4.09072,Plein jour,En agglomération,Hors intersection,Pluie légère,Deux véhicules - côté,,,,,,,,,,,1,2,1,2.0,3.0
201800025968,0018-02-03 19:50:00,18,2,3,19,50,420,187,RUE ROUSSEAU/BERANGER,46.03844,4.06169,Nuit avec éclairage allumé,En agglomération,Intersection en X,Temps couvert,Deux véhicules - côté,,,,,,,,,,,5,2,2,8.0,3.0
201800025969,0018-02-05 08:05:00,18,2,5,8,5,420,71,"0, VAUBAN (RUE)",46.02549,4.09344,Plein jour,En agglomération,Intersection en X,Neige / grêle,Deux véhicules - côté,,,,,,,,,,,1,2,2,4.0,3.0
201800025970,0018-02-06 16:34:00,18,2,6,16,34,420,187,"73, VERDUN (PLACE DE )",46.03875,4.07317,Plein jour,Hors agglomération,Hors intersection,Neige / grêle,Autre collision,,,,,,,,,,,1,1,1,4.0,6.0
201800025971,0018-02-07 12:25:00,18,2,7,12,25,420,71,CARNOT (RUE),46.03155,4.0827,Plein jour,En agglomération,Hors intersection,Neige / grêle,Deux véhicules - arrière,,,,,,,,,,,1,2,1,4.0,2.0
201800025972,0018-01-01 01:47:00,18,1,1,1,47,420,184,"362, CALMETTE DOCTEUR (R",46.05316,4.05963,Nuit avec éclairage allumé,En agglomération,Hors intersection,Pluie légère,Autre collision,,,,,,,,,,,5,2,1,2.0,6.0
201800025973,0018-01-03 17:20:00,18,1,3,17,20,420,187,"0, PLASSE (RUE GEORGES)",46.03049,4.06259,Nuit avec éclairage allumé,En agglomération,Intersection en T,Pluie forte,Deux véhicules - côté,,,,,,,,,,,5,2,3,3.0,3.0
201800025974,0018-01-04 08:10:00,18,1,4,8,10,420,71,"6, CARNOT (RUE)",46.03138,4.08357,Crépuscule ou aube,En agglomération,Intersection en T,Pluie légère,Autre collision,,,,,,,,,,,2,2,3,2.0,6.0
201800025975,0018-01-06 17:47:00,18,1,6,17,47,420,187,"0, CHARLIEU (RUE DE )",46.04873,4.08303,Nuit avec éclairage allumé,En agglomération,Intersection en T,Normale,Autre collision,,,,,,,,,,,5,2,3,1.0,6.0
201800025976,0018-01-15 18:35:00,18,1,15,18,35,420,127,"0, Route nationale 7",46.064,4.0597,Nuit avec éclairage allumé,Hors agglomération,Hors intersection,Pluie légère,Trois véhicules et plus - en chaîne,,,,,,,,,,,5,1,1,2.0,4.0
201800025977,0018-02-22 16:00:00,18,2,22,16,0,420,187,"159 bis, PARIS (AVENUE D",46.05056,4.06668,Plein jour,En agglomération,Intersection en X,Temps couvert,Deux véhicules - côté,,,,,,,,,,,1,2,2,8.0,3.0
201800025978,0018-02-22 16:40:00,18,2,22,16,40,420,187,"0, REPUBLIQUE (COUR DE L",46.03953,4.06362,Plein jour,En agglomération,Hors intersection,Temps couvert,Autre collision,,,,,,,,,,,1,2,1,8.0,6.0
201800025979,0018-02-28 08:35:00,18,2,28,8,35,420,71,"34, LIBERATION (AVENUE D",46.03,4.08,Plein jour,En agglomération,Hors intersection,Normale,Autre collision,,,,,,,,,,,1,2,1,1.0,6.0
201800025980,0018-03-01 08:35:00,18,3,1,8,35,420,187,"90, QUINET (BOULEVARD ED",46.04914,4.07451,Plein jour,En agglomération,Hors intersection,Neige / grêle,Deux véhicules - arrière,,,,,,,,,,,1,2,1,4.0,2.0
201800025981,0018-03-01 10:05:00,18,3,1,10,5,420,184,"39, ADER CLEMENT (RUE)",46.06132,4.04762,Plein jour,En agglomération,Giratoire,Normale,Deux véhicules - arrière,,,,,,,,,,,1,2,6,1.0,2.0
201800025982,0018-01-18 08:00:00,18,1,18,8,0,420,187,"0, MOULIN PAILLASSON (RU",46.03614,4.06372,Crépuscule ou aube,En agglomération,Intersection en T,Normale,Deux véhicules - côté,,,,,,,,,,,2,2,3,1.0,3.0
201800025983,0018-01-19 13:12:00,18,1,19,13,12,420,71,"0, SAINT-VINCENT (ROUTE",46.00573,4.10246,Plein jour,En agglomération,Hors intersection,Normale,Autre collision,,,,,,,,,,,1,2,1,1.0,6.0
201800025984,0018-03-05 07:32:00,18,3,5,7,32,420,187,"84, THOMAS (RUE ALBERT)",46.04726,4.07418,Plein jour,En agglomération,Hors intersection,Normale,Deux véhicules - arrière,,,,,,,,,,,1,2,1,1.0,2.0
201800025985,0018-03-12 16:30:00,18,3,12,16,30,420,127,"0, MAUPASSANT (RUE GUY D",46.066,4.05758,Plein jour,En agglomération,Hors intersection,Pluie légère,Autre collision,,,,,,,,,,,1,2,1,2.0,6.0
201800025986,0018-03-14 14:45:00,18,3,14,14,45,420,187,"0, BARGE (alle Claude)",46.0285,4.0824,Plein jour,En agglomération,Hors intersection,Normale,Autre collision,,,,,,,,,,,1,2,1,1.0,6.0
201800025987,0018-03-16 17:48:00,18,3,16,17,48,420,187,"23, BOCHARD RUE CLAUDE",46.02851,4.06792,Plein jour,En agglomération,Intersection en T,Temps couvert,Deux véhicules - frontale,,,,,,,,,,,1,2,3,8.0,1.0
201800025988,0018-03-16 08:00:00,18,3,16,8,0,420,127,"0, CORNEILLE PIERRE (RUE",46.06635,4.06301,Plein jour,En agglomération,Giratoire,Normale,Deux véhicules - arrière,,,,,,,,,,,1,2,6,1.0,2.0
201800025989,0018-03-22 05:48:00,18,3,22,5,48,420,170,R.D 504,46.04094,4.15277,Nuit sans éclairage public,Hors agglomération,Hors intersection,Normale,Autre collision,,,,,,,,,,,3,1,1,1.0,6.0
201800025990,0018-03-22 20:15:00,18,3,22,20,15,420,187,"1, CLERMONT (RUE DE )",46.03117,4.06733,Nuit avec éclairage allumé,En agglomération,Intersection en T,Pluie légère,Deux véhicules - côté,,,,,,,,,,,5,2,3,2.0,3.0
201800025991,0018-03-29 14:28:00,18,3,29,14,28,420,184,"18, BRANLY (RUE)",46.05361,4.06423,Plein jour,En agglomération,Hors intersection,Normale,Deux véhicules - arrière,,,,,,,,,,,1,2,1,1.0,2.0
201800025992,0018-04-05 15:40:00,18,4,5,15,40,420,187,OUEST (BOULEVARD),46.05066,4.06667,Plein jour,En agglomération,Intersection en X,Normale,Deux véhicules - arrière,,,,,,,,,,,1,2,2,1.0,2.0
201800025993,0018-04-06 17:50:00,18,4,6,17,50,420,187,MARENGO (RUE),46.03714,4.07538,Plein jour,En agglomération,Autre intersection,Normale,Deux véhicules - côté,,,,,,,,,,,1,2,9,1.0,3.0
201800025994,0018-04-12 17:28:00,18,4,12,17,28,420,127,Route nationale 7,46.0634,4.0614,Plein jour,En agglomération,Autre intersection,Normale,Trois véhicules et plus - collisions multiples,,,,,,,,,,,1,2,9,1.0,5.0
201800025995,0018-04-12 15:00:00,18,4,12,15,0,420,71,LIBERATION (AVENUE DE LA,46.02512,4.08652,Plein jour,En agglomération,Hors intersection,Normale,Deux véhicules - arrière,,,,,,,,,,,1,2,1,1.0,2.0
201800025996,0018-04-23 13:50:00,18,4,23,13,50,420,187,PARIS AVENUE DE,46.04687,4.06937,Plein jour,En agglomération,Hors intersection,Normale,Deux véhicules - arrière,,,,,,,,,,,1,2,1,1.0,2.0
201800025997,0018-04-29 18:00:00,18,4,29,18,0,420,187,DESROCHE (RUE HENRI),46.03338,4.04945,Plein jour,En agglomération,Hors intersection,Pluie légère,Trois véhicules et plus - collisions multiples,,,,,,,,,,,1,2,1,2.0,5.0
201800025998,0018-05-01 11:30:00,18,5,1,11,30,420,184,CHARLES DE GAULLE(AV),46.05051,4.06677,Plein jour,En agglomération,Intersection en X,Normale,Deux véhicules - côté,,,,,,,,,,,1,2,2,1.0,3.0
201800025999,0018-05-07 15:40:00,18,5,7,15,40,420,187,OUEST (BOULEVARD),46.0487,4.0629,Plein jour,En agglomération,Hors intersection,Normale,Autre collision,,,,,,,,,,,1,2,1,1.0,6.0
201800026000,0018-05-18 09:45:00,18,5,18,9,45,420,187,DOURDEIN (RUE AUGUSTE ),46.04044,4.05365,Plein jour,En agglomération,Hors intersection,Normale,Autre collision,,,,,,,,,,,1,2,1,1.0,6.0
201800026001,0018-05-24 10:35:00,18,5,24,10,35,420,184,,46.02719,4.02539,Plein jour,Hors agglomération,Intersection en X,Normale,Deux véhicules - côté,,,,,,,,,,,1,1,2,1.0,3.0
201800026002,0018-05-24 14:39:00,18,5,24,14,39,420,71,REPUBLIQUE (AVENUE DE LA,46.02601,4.09593,Plein jour,En agglomération,Giratoire,Normale,Deux véhicules - côté,,,,,,,,,,,1,2,6,1.0,3.0
201800026003,0018-05-25 08:03:00,18,5,25,8,3,420,71,ETINES (BOULEVARD DES),46.02405,4.09091,Plein jour,En agglomération,Hors intersection,Normale,Autre collision,,,,,,,,,,,1,2,1,1.0,6.0
201800026004,0018-05-23 11:40:00,18,5,23,11,40,420,127,CORNEILLE PIERRE (RUE),46.07825,4.06689,Plein jour,Hors agglomération,Autre intersection,Normale,Sans collision,,,,,,,,,,,1,1,9,1.0,7.0
201800026005,0018-05-30 07:30:00,18,5,30,7,30,420,71,LIBERATION (AVENUE DE LA,46.02431,4.08704,Plein jour,En agglomération,Intersection en T,Normale,Deux véhicules - côté,,,,,,,,,,,1,2,3,1.0,3.0
201800026006,0018-06-01 16:15:00,18,6,1,16,15,420,187,JAURES (RUE JEAN),46.03516,4.07273,Plein jour,En agglomération,Autre intersection,Normale,Autre collision,,,,,,,,,,,1,2,9,1.0,6.0
201800026007,0018-06-01 18:30:00,18,6,1,18,30,420,187,LYON (AVENUE DE),46.03823,4.07739,Plein jour,En agglomération,Hors intersection,Normale,Deux véhicules - côté,,,,,,,,,,,1,2,1,1.0,3.0
201800026008,0018-06-03 08:45:00,18,6,3,8,45,420,184,NOBILE (RT DE),46.05448,4.04082,Plein jour,En agglomération,Autre intersection,Normale,Autre collision,,,,,,,,,,,1,2,9,1.0,6.0
201800026009,0018-06-18 17:11:00,18,6,18,17,11,420,187,DESROCHE (RUE HENRI),46.0338,4.0509,Plein jour,En agglomération,Hors intersection,Normale,Autre collision,,,,,,,,,,,1,2,1,1.0,6.0
201800026010,0018-06-22 15:25:00,18,6,22,15,25,420,187,MARNE (AVENUE DE LA ),46.05763,4.08355,Plein jour,En agglomération,Intersection en T,Normale,Deux véhicules - côté,,,,,,,,,,,1,2,3,1.0,3.0