accident_id,datetime,annee,mois,jour,heure,minute,departement,commune_insee,adresse,latitude,longitude,luminosite,agglomeration,intersection,meteo,collision,nb_vehicules,nb_usagers,nb_indemnes,nb_tues,nb_blesses_hosp,nb_blesses_legers,age_cond_1,age_cond_2,veh_type_cond_1,veh_type_cond_2,lum_code,agg_code,int_code,atm_code,col_code
201800026370,0018-07-18 19:00:00,18,7,18,19,0,440,109,BOULEVARD DES BELGES,47.2352,-1.54552,Plein jour,En agglomération,Hors intersection,Normale,Deux véhicules - côté,,,,,,,,,,,1,2,1,1.0,3.0
201800026371,0018-06-18 16:00:00,18,6,18,16,0,440,114,821,47.25274,-1.63521,Plein jour,Hors agglomération,Hors intersection,Normale,Trois véhicules et plus - en chaîne,,,,,,,,,,,1,1,1,1.0,4.0
201800026372,0018-07-20 18:00:00,18,7,20,18,0,440,109,BD DE LA PRAIRIE DE MAUV,47.225,-1.49755,Plein jour,En agglomération,Hors intersection,Normale,Deux véhicules - côté,,,,,,,,,,,1,2,1,1.0,3.0
201800026373,0018-07-22 18:00:00,18,7,22,18,0,440,109,BOULEVARD DES ANGLAIS,47.22409,-1.58446,Plein jour,En agglomération,Hors intersection,Normale,Deux véhicules - frontale,,,,,,,,,,,1,2,1,1.0,1.0
201800026374,0018-06-06 11:30:00,18,6,6,11,30,440,109,BOULEVARD JULES VERNE,47.24263,-1.52824,Plein jour,En agglomération,Giratoire,Normale,Autre collision,,,,,,,,,,,1,2,6,1.0,6.0
201800026375,0018-06-22 01:00:00,18,6,22,1,0,440,109,BOULEVARD JEAN INGRES,47.22151,-1.60216,Nuit avec éclairage allumé,En agglomération,Hors intersection,Normale,Autre collision,,,,,,,,,,,5,2,1,1.0,6.0
201800026376,0018-06-10 02:35:00,18,6,10,2,35,440,162,PERIPHERIQUE,47.20966,-1.6268,Nuit avec éclairage allumé,Hors agglomération,Hors intersection,Normale,Trois véhicules et plus - en chaîne,,,,,,,,,,,5,1,1,1.0,4.0
201800026377,0018-07-23 18:50:00,18,7,23,18,50,440,109,ROUTE DE SAINT JOSEPH,47.26605,-1.52524,Plein jour,En agglomération,Hors intersection,Normale,Deux véhicules - frontale,,,,,,,,,,,1,2,1,1.0,1.0
201800026378,0018-05-18 16:50:00,18,5,18,16,50,440,109,BOULEVARD DE LA BEAUJOIR,47.27855,-1.51827,Plein jour,En agglomération,Hors intersection,Normale,Autre collision,,,,,,,,,,,1,2,1,1.0,6.0
201800026379,0018-05-28 08:00:00,18,5,28,8,0,440,109,BOULEVARD DE SEATTLE,47.21831,-1.51564,Plein jour,En agglomération,Hors intersection,Normale,Autre collision,,,,,,,,,,,1,2,1,1.0,6.0
201800026380,0018-06-12 07:55:00,18,6,12,7,55,440,109,BOULEVARD AMIRAL COURBET,47.22876,-1.55337,Plein jour,En agglomération,Hors intersection,Normale,Autre collision,,,,,,,,,,,1,2,1,1.0,6.0
201800026381,0018-07-02 18:55:00,18,7,2,18,55,440,143,RUE JEAN JAURES,47.18562,-1.54644,Plein jour,En agglomération,Hors intersection,Normale,Autre collision,,,,,,,,,,,1,2,1,1.0,6.0
201800026382,0018-06-07 17:00:00,18,6,7,17,0,440,109,QUAI ANDRE MORICE,47.20891,-1.54847,Plein jour,En agglomération,Hors intersection,Normale,Deux véhicules - arrière,,,,,,,,,,,1,2,1,1.0,2.0
201800026383,0018-05-11 23:30:00,18,5,11,23,30,440,109,BOULEVARD DE DOULON,47.22423,-1.52034,Nuit avec éclairage allumé,En agglomération,Intersection en X,Normale,Autre collision,,,,,,,,,,,5,2,2,1.0,6.0
201800026384,0018-07-27 13:55:00,18,7,27,13,55,440,162,BOULEVARD MARCEL PAUL,47.2447,-1.61831,Plein jour,En agglomération,Hors intersection,Normale,Deux véhicules - côté,,,,,,,,,,,1,2,1,1.0,3.0
201800026385,0018-05-27 19:00:00,18,5,27,19,0,440,109,PLACE DE LA REPUBLIQUE,47.22685,-1.60102,Plein jour,En agglomération,Hors intersection,Normale,Autre collision,,,,,,,,,,,1,2,1,1.0,6.0
201800026386,0018-08-03 09:45:00,18,8,3,9,45,440,109,POILUS ( BD DES ),47.22798,-1.52562,Plein jour,En agglomération,Intersection en Y,Normale,Deux véhicules - arrière,,,,,,,,,,,1,2,4,1.0,2.0
201800026387,0018-07-25 19:00:00,18,7,25,19,0,440,109,ROUTE DE VANNES,47.23947,-1.58974,Plein jour,En agglomération,Hors intersection,Normale,Autre collision,,,,,,,,,,,1,2,1,1.0,6.0
201800026388,0018-08-04 11:35:00,18,8,4,11,35,440,114,BD MENDES FRANCE,47.26093,-1.58812,Plein jour,En agglomération,Hors intersection,Normale,Deux véhicules - côté,,,,,,,,,,,1,2,1,1.0,3.0
201800026389,0018-08-06 08:05:00,18,8,6,8,5,440,114,RD 965,47.2567,-1.63828,Plein jour,Hors agglomération,Hors intersection,Normale,Deux véhicules - arrière,,,,,,,,,,,1,1,1,1.0,2.0
201800026390,0018-07-27 00:06:00,18,7,27,0,6,440,109,RUE ALBERT LONDRES,47.24659,-1.5023,Nuit avec éclairage allumé,En agglomération,Hors intersection,Normale,Sans collision,,,,,,,,,,,5,2,1,1.0,7.0
201800026391,0018-07-21 11:10:00,18,7,21,11,10,440,109,ANJOU ( PORTE PERIPH INT,47.23968,-1.48655,Plein jour,En agglomération,Hors intersection,Normale,Autre collision,,,,,,,,,,,1,2,1,1.0,6.0
201800026392,0018-07-23 13:55:00,18,7,23,13,55,440,109,ROND-POINT ABEL DURAND,47.22147,-1.60276,Plein jour,En agglomération,Hors intersection,Normale,Autre collision,,,,,,,,,,,1,2,1,1.0,6.0
201800026393,0018-07-19 10:50:00,18,7,19,10,50,440,109,BOULEVARD JEAN PHILIPPOT,47.21169,-1.55698,Plein jour,En agglomération,Hors intersection,Normale,Autre collision,,,,,,,,,,,1,2,1,1.0,6.0
201800026394,0018-07-27 16:15:00,18,7,27,16,15,440,109,RUE GAETAN RONDEAU,47.2063,-1.5363,Plein jour,En agglomération,Hors intersection,Normale,Autre collision,,,,,,,,,,,1,2,1,1.0,6.0
201800026395,0018-08-06 15:20:00,18,8,6,15,20,440,109,RUE DE LA BASSE CHENAIE,47.2399,-1.508,Plein jour,En agglomération,Hors intersection,Normale,Deux véhicules - côté,,,,,,,,,,,1,2,1,1.0,3.0
201800026396,0018-07-25 17:45:00,18,7,25,17,45,440,114,ROUTE DE VANNES,47.25674,-1.63837,Plein jour,En agglomération,Hors intersection,Normale,Trois véhicules et plus - en chaîne,,,,,,,,,,,1,2,1,1.0,4.0
201800026397,0018-08-01 18:10:00,18,8,1,18,10,440,109,PONT DE CHEVIRE,47.1941,-1.61352,Plein jour,En agglomération,Hors intersection,Normale,Autre collision,,,,,,,,,,,1,2,1,1.0,6.0
201800026398,0018-08-10 04:45:00,18,8,10,4,45,440,109,BOULEVARD DE LA PRAIRIE,47.20508,-1.55656,Nuit avec éclairage allumé,En agglomération,Hors intersection,Normale,Autre collision,,,,,,,,,,,5,2,1,1.0,6.0
201800026399,0018-08-04 12:15:00,18,8,4,12,15,440,114,RENNES (RTE DE) RN 137,47.26381,-1.5848,Plein jour,En agglomération,Hors intersection,Normale,Trois véhicules et plus - en chaîne,,,,,,,,,,,1,2,1,1.0,4.0
201800026400,0018-08-16 17:20:00,18,8,16,17,20,440,162,BOULEVARD PROFESSEUR JAC,47.25257,-1.63127,Plein jour,En agglomération,Hors intersection,Normale,Trois véhicules et plus - en chaîne,,,,,,,,,,,1,2,1,1.0,4.0
201800026401,0018-08-17 08:02:00,18,8,17,8,2,440,109,CHEMIN DU PRE HERVE,47.24513,-1.51834,Plein jour,En agglomération,Autre intersection,Normale,Deux véhicules - arrière,,,,,,,,,,,1,2,9,1.0,2.0
201800026402,0018-06-28 09:25:00,18,6,28,9,25,440,109,BOULEVARD GUSTAVE ROCH,47.20218,-1.55389,Plein jour,En agglomération,Hors intersection,Normale,Deux véhicules - côté,,,,,,,,,,,1,2,1,1.0,3.0
201800026403,0018-06-20 18:40:00,18,6,20,18,40,440,109,PONT DE CHEVIRE,47.19233,-1.61366,Plein jour,En agglomération,Hors intersection,Normale,Deux véhicules - arrière,,,,,,,,,,,1,2,1,1.0,2.0
201800026404,0018-08-19 11:30:00,18,8,19,11,30,440,215,PERIPHERIQUE SUD,47.17743,-1.50647,Plein jour,Hors agglomération,Hors intersection,Normale,Deux véhicules - arrière,,,,,,,,,,,1,1,1,1.0,2.0
201800026405,0018-08-25 16:35:00,18,8,25,16,35,440,162,PERIPHERIQUE,47.21504,-1.62558,Plein jour,Hors agglomération,Hors intersection,Normale,Deux véhicules - arrière,,,,,,,,,,,1,1,1,1.0,2.0
201800026406,0018-08-05 22:20:00,18,8,5,22,20,440,109,BOULEVARD ERNEST DALBY,47.22845,-1.5263,Nuit avec éclairage allumé,En agglomération,Intersection en X,Normale,Autre collision,,,,,,,,,,,5,2,2,1.0,6.0
201800026407,0018-08-28 17:40:00,18,8,28,17,40,440,109,BOULEVARD VAN ISEGHEM,47.22974,-1.55167,Plein jour,En agglomération,Hors intersection,Normale,Autre collision,,,,,,,,,,,1,2,1,1.0,6.0
201800026408,0018-05-27 18:35:00,18,5,27,18,35,440,114,PERIPHERIQUE ROUTIER,47.25925,-1.62382,Plein jour,En agglomération,Hors intersection,Normale,Trois véhicules et plus - en chaîne,,,,,,,,,,,1,2,1,1.0,4.0
201800026409,0018-05-25 20:00:00,18,5,25,20,0,440,109,GAULLE  ( BD GAL DE ),47.2066,-1.5389,Plein jour,Hors agglomération,Hors intersection,Normale,Deux véhicules - côté,,,,,,,,,,,1,1,1,1.0,3.0
201800026410,0018-09-09 15:00:00,18,9,9,15,0,440,109,ALLENDE  ( BD SALVADOR ),47.20693,-1.57367,Plein jour,En agglomération,Hors intersection,Normale,Autre collision,,,,,,,,,,,1,2,1,1.0,6.0
201800026411,0018-09-11 11:05:00,18,9,11,11,5,440,162,BOULEVARD SALVADOR ALLEN,47.2198,-1.60848,Plein jour,En agglomération,Hors intersection,Normale,Autre collision,,,,,,,,,,,1,2,1,1.0,6.0
201800026412,0018-09-13 09:00:00,18,9,13,9,0,440,109,JOSEPH ( RTE DE ST ),47.24367,-1.53383,Plein jour,En agglomération,Hors intersection,Pluie légère,Deux véhicules - côté,,,,,,,,,,,1,2,1,2.0,3.0
201800026413,0018-08-18 10:10:00,18,8,18,10,10,440,215,PERIPHERIQUE SUD,47.18166,-1.50194,Plein jour,En agglomération,Hors intersection,Normale,Trois véhicules et plus - en chaîne,,,,,,,,,,,1,2,1,1.0,4.0
201800026414,0018-08-08 14:00:00,18,8,8,14,0,440,109,BRETAGNE ( PONT ANNE DE,47.2079,-1.56555,Plein jour,En agglomération,Hors intersection,Normale,Autre collision,,,,,,,,,,,1,2,1,1.0,6.0
201800026415,0018-09-19 22:09:00,18,9,19,22,9,440,109,BOULEVARD JULES VERNE,47.2413,-1.52959,Nuit avec éclairage allumé,En agglomération,Hors intersection,Normale,Deux véhicules - côté,,,,,,,,,,,5,2,1,1.0,3.0
201800026416,0018-09-22 14:10:00,18,9,22,14,10,440,109,BOULEVARD DU MASSACRE,47.22983,-1.59631,Plein jour,En agglomération,Hors intersection,Normale,Deux véhicules - côté,,,,,,,,,,,1,2,1,1.0,3.0
201800026417,0018-09-25 18:00:00,18,9,25,18,0,440,162,ALLEE DE LA BOURGONNIERE,47.20511,-1.65668,Plein jour,En agglomération,Hors intersection,Normale,Deux véhicules - frontale,,,,,,,,,,,1,2,1,1.0,1.0
201800026418,0018-05-24 21:40:00,18,5,24,21,40,440,109,RUE GEOFFROY DROUET,47.22199,-1.54867,Crépuscule ou aube,En agglomération,Hors intersection,Normale,Autre collision,,,,,,,,,,,2,2,1,1.0,6.0
201800026419,0018-09-25 17:30:00,18,9,25,17,30,440,162,165,47.22552,-1.62245,Plein jour,Hors agglomération,Autre intersection,Normale,Deux véhicules - arrière,,,,,,,,,,,1,1,9,1.0,2.0
201800026420,0018-06-16 14:30:00,18,6,16,14,30,440,109,ROUTE DE LA JONELIERE,47.25002,-1.55,Crépuscule ou aube,En agglomération,Hors intersection,Normale,Autre collision,,,,,,,,,,,2,2,1,1.0,6.0
201800026421,0018-09-28 09:20:00,18,9,28,9,20,440,162,AVENUE DES NAUDIERES,47.2396,-1.60179,Plein jour,En agglomération,Hors intersection,Normale,Autre collision,,,,,,,,,,,1,2,1,1.0,6.0
201800026422,0018-09-22 14:15:00,18,9,22,14,15,440,190,RUE DE LA NOE COTTEE,47.19251,-1.48027,Plein jour,En agglomération,Hors intersection,Normale,Autre collision,,,,,,,,,,,1,2,1,1.0,6.0
201800026423,0018-09-30 21:14:00,18,9,30,21,14,440,162,RD 201,47.23476,-1.65232,Nuit sans éclairage public,Hors agglomération,Hors intersection,Normale,Deux véhicules - frontale,,,,,,,,,,,3,1,1,1.0,1.0
201800026424,0018-10-01 09:00:00,18,10,1,9,0,440,109,AVENUE CARNOT,47.21461,-1.54565,Plein jour,En agglomération,Hors intersection,Normale,Deux véhicules - arrière,,,,,,,,,,,1,2,1,1.0,2.0
201800026425,0018-10-02 09:20:00,18,10,2,9,20,440,109,LONDRES ( RUE ALBERT ),47.24737,-1.50372,Plein jour,En agglomération,Hors intersection,Normale,Autre collision,,,,,,,,,,,1,2,1,1.0,6.0
201800026426,0018-10-04 18:30:00,18,10,4,18,30,440,109,RUE DE LA BASTILLE,47.2188,-1.56846,Plein jour,En agglomération,Hors intersection,Normale,Autre collision,,,,,,,,,,,1,2,1,1.0,6.0
201800026427,0018-09-24 12:20:00,18,9,24,12,20,440,109,BOULEVARD DE DOULON,47.2247,-1.52108,Plein jour,En agglomération,Hors intersection,Normale,Deux véhicules - côté,,,,,,,,,,,1,2,1,1.0,3.0
201800026428,0018-09-06 18:25:00,18,9,6,18,25,440,109,BOULEVARD JOSEPH BOURCY,47.2497,-1.5075,Plein jour,Hors agglomération,Hors intersection,Normale,Trois véhicules et plus - collisions multiples,,,,,,,,,,,1,1,1,1.0,5.0
201800026429,0018-09-11 21:10:00,18,9,11,21,10,440,109,RUE DU STADE DE LA NOUE,47.2468,-1.5356,Nuit avec éclairage allumé,En agglomération,Hors intersection,Normale,Autre collision,,,,,,,,,,,5,2,1,1.0,6.0
201800026430,0018-08-31 17:00:00,18,8,31,17,0,440,143,RUE DE LA CALIFORNIE,47.19107,-1.58501,Plein jour,En agglomération,Intersection en Y,Normale,Deux véhicules - frontale,,,,,,,,,,,1,2,4,1.0,1.0
201800026431,0018-09-04 15:58:00,18,9,4,15,58,440,109,ORIEUX ( BD EUGENE ),47.2352,-1.5494,Plein jour,En agglomération,Hors intersection,Normale,Autre collision,,,,,,,,,,,1,2,1,1.0,6.0
201800026432,0018-10-06 14:40:00,18,10,6,14,40,440,114,ROUTE DE RENNES,47.26267,-1.58398,Plein jour,En agglomération,Hors intersection,Pluie forte,Deux véhicules - arrière,,,,,,,,,,,1,2,1,3.0,2.0
201800026433,0018-10-07 02:30:00,18,10,7,2,30,440,109,RUE DU BOIS BRIAND,47.2529,-1.50101,Nuit avec éclairage allumé,En agglomération,Hors intersection,Pluie légère,Autre collision,,,,,,,,,,,5,2,1,2.0,6.0
201800026434,0018-10-07 05:00:00,18,10,7,5,0,440,109,BOULEVARD DE SARREBRUCK,47.2152,-1.5229,Nuit avec éclairage allumé,En agglomération,Hors intersection,Pluie légère,Autre collision,,,,,,,,,,,5,2,1,2.0,6.0
201800026435,0018-07-05 02:50:00,18,7,5,2,50,440,109,RUE GASTON VEIL,47.20991,-1.55567,Nuit avec éclairage allumé,En agglomération,Intersection en X,Normale,Autre collision,,,,,,,,,,,5,2,2,1.0,6.0
201800026436,0018-09-08 17:45:00,18,9,8,17,45,440,162,RUE OCEANE,47.22663,-1.63433,Plein jour,En agglomération,Hors intersection,Normale,Trois véhicules et plus - collisions multiples,,,,,,,,,,,1,2,1,1.0,5.0
201800026437,0018-10-05 18:10:00,18,10,5,18,10,440,190,RUE JEAN MERMOZ,47.19738,-1.51317,Plein jour,En agglomération,Hors intersection,Normale,Autre collision,,,,,,,,,,,1,2,1,1.0,6.0
201800026438,0018-10-09 17:20:00,18,10,9,17,20,440,114,82,47.25769,-1.6319,Plein jour,Hors agglomération,Hors intersection,Normale,Trois véhicules et plus - collisions multiples,,,,,,,,,,,1,1,1,1.0,5.0
201800026439,0018-10-09 19:09:00,18,10,9,19,9,440,109,PLACE DE LA REPUBLIQUE,47.20531,-1.55422,Plein jour,En agglomération,Hors intersection,Normale,Deux véhicules - côté,,,,,,,,,,,1,2,1,1.0,3.0
201800026440,0018-10-12 10:05:00,18,10,12,10,5,440,109,BOULEVARD VINCENT GACHE,47.20665,-1.54078,Plein jour,En agglomération,Hors intersection,Normale,Deux véhicules - côté,,,,,,,,,,,1,2,1,1.0,3.0
201800026441,0018-10-11 12:10:00,18,10,11,12,10,440,109,BOULEVARD DES BELGES,47.23467,-1.54119,Plein jour,En agglomération,Hors intersection,Normale,Deux véhicules - arrière,,,,,,,,,,,1,2,1,1.0,2.0
201800026442,0018-10-17 13:50:00,18,10,17,13,50,440,109,BOULEVARD LELASSEUR,47.23304,-1.56637,Plein jour,En agglomération,Hors intersection,Normale,,,,,,,,,,,,1,2,1,1.0,
201800026443,0018-05-14 08:40:00,18,5,14,8,40,440,109,RUE DES RENARDS,47.25357,-1.56174,Plein jour,En agglomération,Hors intersection,Normale,Autre collision,,,,,,,,,,,1,2,1,1.0,6.0
201800026444,0018-10-19 21:30:00,18,10,19,21,30,440,162,Bd Charles GAUTIER,47.22151,-1.60399,Nuit avec éclairage allumé,En agglomération,Hors intersection,Normale,Deux véhicules - frontale,,,,,,,,,,,5,2,1,1.0,1.0
201800026445,0018-06-25 18:45:00,18,6,25,18,45,440,114,PERIPHERIQUE ROUTIER,47.26245,-1.61056,Plein jour,En agglomération,Hors intersection,Normale,Deux véhicules - arrière,,,,,,,,,,,1,2,1,1.0,2.0
201800026446,0018-10-21 10:50:00,18,10,21,10,50,440,109,PARIS ( ROUTE DE ),47.25474,-1.51306,Plein jour,Hors agglomération,Hors intersection,Normale,Deux véhicules - arrière,,,,,,,,,,,1,1,1,1.0,2.0
201800026447,0018-10-22 15:55:00,18,10,22,15,55,440,114,PERIPHERIQUE ROUTIER,47.26533,-1.58895,Plein jour,En agglomération,Hors intersection,Normale,Trois véhicules et plus - en chaîne,,,,,,,,,,,1,2,1,1.0,4.0
201800026448,0018-10-23 16:50:00,18,10,23,16,50,440,109,RUE VULCAIN,47.22543,-1.50481,Plein jour,En agglomération,Hors intersection,Temps éblouissant,Deux véhicules - frontale,,,,,,,,,,,1,2,1,7.0,1.0
201800026449,0018-10-26 13:05:00,18,10,26,13,5,440,162,BOULEVARD DU TERTRE,47.21983,-1.60352,Plein jour,En agglomération,Hors intersection,Normale,Deux véhicules - côté,,,,,,,,,,,1,2,1,1.0,3.0
201800026450,0018-09-19 16:50:00,18,9,19,16,50,440,109,ROUTE DE CLISSON,47.19095,-1.52247,Plein jour,En agglomération,Hors intersection,Normale,Deux véhicules - arrière,,,,,,,,,,,1,2,1,1.0,2.0
201800026451,0018-10-28 02:05:00,18,10,28,2,5,440,109,RUE GENERAL BUAT,47.23121,-1.53848,Nuit avec éclairage allumé,En agglomération,Hors intersection,Normale,Trois véhicules et plus - en chaîne,,,,,,,,,,,5,2,1,1.0,4.0
201800026452,0018-10-29 17:10:00,18,10,29,17,10,440,109,RUE ROMAIN ROLLAND,47.20528,-1.60625,Plein jour,En agglomération,Hors intersection,Normale,Autre collision,,,,,,,,,,,1,2,1,1.0,6.0
201800026453,0018-10-31 08:00:00,18,10,31,8,0,440,190,RUE DE LA COMMUNE DE 187,47.19921,-1.50021,Plein jour,En agglomération,Hors intersection,Normale,Deux véhicules - côté,,,,,,,,,,,1,2,1,1.0,3.0
201800026454,0018-10-07 10:45:00,18,10,7,10,45,440,109,BRETAGNE ( PONT ANNE DE,47.2084,-1.56595,Plein jour,En agglomération,Hors intersection,Normale,Autre collision,,,,,,,,,,,1,2,1,1.0,6.0
201800026455,0018-10-31 15:00:00,18,10,31,15,0,440,143,RUE DE LA BAUCHE THIRAUD,47.162,-1.54883,Plein jour,En agglomération,Hors intersection,Normale,Deux véhicules - côté,,,,,,,,,,,1,2,1,1.0,3.0
201800026456,0018-11-01 19:15:00,18,11,1,19,15,440,162,RUE DE SAINT NAZAIRE,47.21149,-1.6166,Nuit avec éclairage allumé,En agglomération,Hors intersection,Normale,Trois véhicules et plus - en chaîne,,,,,,,,,,,5,2,1,1.0,4.0
201800026457,0018-05-26 15:40:00,18,5,26,15,40,440,109,ROUTE DE LA JONELIERE,47.25217,-1.5446,Plein jour,En agglomération,Hors intersection,Normale,Autre collision,,,,,,,,,,,1,2,1,1.0,6.0
201800026458,0018-11-06 20:50:00,18,11,6,20,50,440,109,RUE DU POITOU,47.22405,-1.56509,Nuit avec éclairage allumé,En agglomération,Hors intersection,Normale,Sans collision,,,,,,,,,,,5,2,1,1.0,7.0
201800026459,0018-11-07 07:45:00,18,11,7,7,45,440,162,AVENUE DE LA BOUVARDIERE,47.2383,-1.59584,Nuit avec éclairage allumé,En agglomération,Giratoire,Normale,Deux véhicules - côté,,,,,,,,,,,5,2,6,1.0,3.0
201800026460,0018-10-25 19:30:00,18,10,25,19,30,440,109,BOULEVARD A. MILLERAND,47.20903,-1.53101,Crépuscule ou aube,En agglomération,Hors intersection,Normale,Autre collision,,,,,,,,,,,2,2,1,1.0,6.0
201800026461,0018-10-23 19:30:00,18,10,23,19,30,440,109,BD MARTYRS N. DE LA RESI,47.20601,-1.54803,Crépuscule ou aube,En agglomération,Hors intersection,Normale,Autre collision,,,,,,,,,,,2,2,1,1.0,6.0
201800026462,0018-10-12 08:50:00,18,10,12,8,50,440,109,RUE FERDINAND BUISSON,47.20422,-1.58176,Plein jour,En agglomération,Hors intersection,Normale,Autre collision,,,,,,,,,,,1,2,1,1.0,6.0
201800026463,0018-11-11 00:10:00,18,11,11,0,10,440,172,PERIPHERIQUE EST,47.24084,-1.48873,Nuit avec éclairage allumé,Hors agglomération,Hors intersection,Normale,Autre collision,,,,,,,,,,,5,1,1,1.0,6.0
201800026464,0018-09-28 08:20:00,18,9,28,8,20,440,190,RUE EDOUARD HERVE,47.1904,-1.51874,Crépuscule ou aube,En agglomération,Hors intersection,Normale,Autre collision,,,,,,,,,,,2,2,1,1.0,6.0
201800026465,0018-09-10 19:00:00,18,9,10,19,0,440,109,RUE FREDERIC CAILLIAUD,47.21947,-1.54099,Plein jour,En agglomération,Hors intersection,Normale,Autre collision,,,,,,,,,,,1,2,1,1.0,6.0
201800026466,0018-11-03 17:25:00,18,11,3,17,25,440,109,AVENUE DE WATTIGNIES,47.20362,-1.54626,Plein jour,En agglomération,Hors intersection,Normale,Autre collision,,,,,,,,,,,1,2,1,1.0,6.0
201800026467,0018-11-06 08:30:00,18,11,6,8,30,440,162,75,47.20615,-1.66692,Plein jour,Hors agglomération,Hors intersection,Normale,Autre collision,,,,,,,,,,,1,1,1,1.0,6.0
201800026468,0018-09-06 07:25:00,18,9,6,7,25,440,109,QUAI DE VERSAILLES,47.22661,-1.55571,Plein jour,En agglomération,Intersection en T,Normale,Autre collision,,,,,,,,,,,1,2,3,1.0,6.0
201800026469,0018-09-19 17:43:00,18,9,19,17,43,440,109,RUE FREDERIC MISTRAL,47.24661,-1.51223,Plein jour,En agglomération,Hors intersection,Normale,Autre collision,,,,,,,,,,,1,2,1,1.0,6.0
201800026470,0018-09-25 10:35:00,18,9,25,10,35,440,109,RUE PAUL BELLAMY,47.22084,-1.55562,Plein jour,En agglomération,Hors intersection,Normale,Autre collision,,,,,,,,,,,1,2,1,1.0,6.0
201800026471,0018-09-02 21:00:00,18,9,2,21,0,440,109,QUAI DE LA FOSSE,47.20991,-1.56413,Nuit avec éclairage allumé,En agglomération,Hors intersection,Normale,Autre collision,,,,,,,,,,,5,2,1,1.0,6.0
201800026472,0018-11-06 13:35:00,18,11,6,13,35,440,143,RUE ARISTIDE BRIAND,47.18306,-1.54568,Plein jour,En agglomération,Hors intersection,Normale,Autre collision,,,,,,,,,,,1,2,1,1.0,6.0
201800026473,0018-11-07 17:10:00,18,11,7,17,10,440,109,RUE COPERNIC,47.21472,-1.56568,Crépuscule ou aube,En agglomération,Hors intersection,Normale,Autre collision,,,,,,,,,,,2,2,1,1.0,6.0
201800026474,0018-11-07 14:45:00,18,11,7,14,45,440,162,PLACE OCEANE,47.22455,-1.62916,Plein jour,Hors agglomération,Autre intersection,Normale,Autre collision,,,,,,,,,,,1,1,9,1.0,6.0
201800026475,0018-11-15 16:00:00,18,11,15,16,0,440,109,RUE MARECHAL JOFFRE,47.2206,-1.54873,Plein jour,En agglomération,Hors intersection,Normale,Autre collision,,,,,,,,,,,1,2,1,1.0,6.0
201800026476,0018-11-16 20:50:00,18,11,16,20,50,440,162,BOULEVARD CHARLES DE GAU,47.21144,-1.63075,Nuit sans éclairage public,En agglomération,Hors intersection,Brouillard / fumée,Deux véhicules - frontale,,,,,,,,,,,3,2,1,5.0,1.0
201800026477,0018-11-18 12:30:00,18,11,18,12,30,440,109,RUE DE LA PETITE NOE,47.24508,-1.53322,Plein jour,En agglomération,Giratoire,Normale,Deux véhicules - frontale,,,,,,,,,,,1,2,6,1.0,1.0
201800026478,0018-11-21 08:00:00,18,11,21,8,0,440,114,AVENUE DU BOIS RAGUENET,47.26948,-1.59297,Plein jour,En agglomération,Hors intersection,Normale,Deux véhicules - arrière,,,,,,,,,,,1,2,1,1.0,2.0
201800026479,0018-11-16 15:49:00,18,11,16,15,49,440,143,AVENUE DES TREILLES,47.19057,-1.56874,Plein jour,En agglomération,Hors intersection,Normale,Sans collision,,,,,,,,,,,1,2,1,1.0,7.0
201800026480,0018-07-20 12:02:00,18,7,20,12,2,440,109,BOULEVARD DE STALINGRAD,47.21925,-1.53571,Plein jour,En agglomération,Hors intersection,Normale,Deux véhicules - côté,,,,,,,,,,,1,2,1,1.0,3.0
201800026481,0018-11-15 09:00:00,18,11,15,9,0,440,143,RUE DE LA ROBINIERE,47.16601,-1.53295,Plein jour,En agglomération,Hors intersection,Normale,Autre collision,,,,,,,,,,,1,2,1,1.0,6.0
201800026482,0018-11-22 19:45:00,18,11,22,19,45,440,162,PERIPHERIQUE,47.22217,-1.62231,Nuit sans éclairage public,Hors agglomération,Hors intersection,Normale,Deux véhicules - arrière,,,,,,,,,,,3,1,1,1.0,2.0
201800026483,0018-11-12 06:15:00,18,11,12,6,15,440,109,MELLINET ( PL GENERAL ),47.21096,-1.57659,Crépuscule ou aube,En agglomération,Hors intersection,Normale,Autre collision,,,,,,,,,,,2,2,1,1.0,6.0
201800026484,0018-11-28 01:45:00,18,11,28,1,45,440,114,,47.27744,-1.59814,Nuit avec éclairage allumé,Hors agglomération,Hors intersection,Pluie légère,Autre collision,,,,,,,,,,,5,1,1,2.0,6.0
201800026485,0018-09-25 09:37:00,18,9,25,9,37,440,109,BOULEVARD HENRY ORRION,47.23348,-1.56009,Plein jour,En agglomération,Hors intersection,Normale,Autre collision,,,,,,,,,,,1,2,1,1.0,6.0
201800026486,0018-11-29 11:19:00,18,11,29,11,19,440,162,BOULEVARD SALVADOR ALLEN,47.21848,-1.61804,Plein jour,En agglomération,Hors intersection,Normale,Autre collision,,,,,,,,,,,1,2,1,1.0,6.0
201800026487,0018-11-30 09:10:00,18,11,30,9,10,440,162,PORTE DE SAUTRON,47.25089,-1.62118,Plein jour,Hors agglomération,Giratoire,Normale,Autre collision,,,,,,,,,,,1,1,6,1.0,6.0
201800026488,0018-11-30 16:40:00,18,11,30,16,40,440,109,BOULEVARD JEAN PHILIPPOT,47.21219,-1.55482,Plein jour,En agglomération,Hors intersection,Normale,Autre collision,,,,,,,,,,,1,2,1,1.0,6.0
201800026489,0018-11-28 12:10:00,18,11,28,12,10,440,109,RUE JACQUES DUCLOS,47.23894,-1.54344,Plein jour,En agglomération,Hors intersection,Normale,Autre collision,,,,,,,,,,,1,2,1,1.0,6.0
201800026490,0018-11-27 19:15:00,18,11,27,19,15,440,109,FELTRE ( RUE DE ),47.21597,-1.55764,Crépuscule ou aube,En agglomération,Autre intersection,Normale,Autre collision,,,,,,,,,,,2,2,9,1.0,6.0