accident_id,datetime,annee,mois,jour,heure,minute,departement,commune_insee,adresse,latitude,longitude,luminosite,agglomeration,intersection,meteo,collision,nb_vehicules,nb_usagers,nb_indemnes,nb_tues,nb_blesses_hosp,nb_blesses_legers,age_cond_1,age_cond_2,veh_type_cond_1,veh_type_cond_2,lum_code,agg_code,int_code,atm_code,col_code
201800026491,0018-11-15 14:00:00,18,11,15,14,0,440,109,AVENUE CARNOT,47.21528,-1.54622,Plein jour,En agglomération,Hors intersection,Normale,Autre collision,,,,,,,,,,,1,2,1,1.0,6.0
201800026492,0018-12-05 17:10:00,18,12,5,17,10,440,114,RUE DE LA VIGNE,47.27128,-1.62843,Crépuscule ou aube,En agglomération,Hors intersection,Pluie légère,Deux véhicules - frontale,,,,,,,,,,,2,2,1,2.0,1.0
201800026493,0018-12-12 22:10:00,18,12,12,22,10,440,114,RD-PT DU BOIS CESBRON,47.2584,-1.6238,Nuit avec éclairage allumé,Hors agglomération,Giratoire,Normale,Deux véhicules - côté,,,,,,,,,,,5,1,6,1.0,3.0
201800026494,0018-12-13 03:30:00,18,12,13,3,30,440,143,RUE ORDRONNEAU,47.19289,-1.57809,Nuit sans éclairage public,En agglomération,Hors intersection,Normale,Autre collision,,,,,,,,,,,3,2,1,1.0,6.0
201800026495,0018-12-15 23:40:00,18,12,15,23,40,440,109,RUE EUGENE DELACROIX,47.22302,-1.59033,Nuit avec éclairage allumé,En agglomération,Hors intersection,Normale,Deux véhicules - côté,,,,,,,,,,,5,2,1,1.0,3.0
201800026496,0018-12-16 01:07:00,18,12,16,1,7,440,109,QUAI DE LA FOSSE,47.20993,-1.56414,Nuit avec éclairage allumé,En agglomération,Autre intersection,Pluie légère,Autre collision,,,,,,,,,,,5,2,9,2.0,6.0
201800026497,0018-08-08 11:20:00,18,8,8,11,20,440,162,,47.22199,-1.62198,Plein jour,En agglomération,Hors intersection,Normale,Deux véhicules - arrière,,,,,,,,,,,1,2,1,1.0,2.0
201800026498,0018-12-17 18:15:00,18,12,17,18,15,440,162,PERIPHERIQUE,47.22805,-1.62163,Nuit sans éclairage public,Hors agglomération,Hors intersection,Normale,Deux véhicules - côté,,,,,,,,,,,3,1,1,1.0,3.0
201800026499,0018-10-02 18:55:00,18,10,2,18,55,440,162,PLACE OCEANE,47.22513,-1.62798,Nuit avec éclairage allumé,En agglomération,Hors intersection,Normale,Trois véhicules et plus - collisions multiples,,,,,,,,,,,5,2,1,1.0,5.0
201800026500,0018-12-18 18:55:00,18,12,18,18,55,440,162,BOULEVARD DU TERTRE,47.21913,-1.60364,Nuit avec éclairage allumé,En agglomération,Hors intersection,Normale,Sans collision,,,,,,,,,,,5,2,1,1.0,7.0
201800026501,0018-09-06 17:49:00,18,9,6,17,49,440,114,RUE DU BUSSON,47.25294,-1.60514,Plein jour,En agglomération,Hors intersection,Normale,Sans collision,,,,,,,,,,,1,2,1,1.0,7.0
201800026502,0018-09-03 12:50:00,18,9,3,12,50,440,109,VERNE ( BD JULES ),47.23804,-1.53237,Plein jour,En agglomération,Hors intersection,Normale,Autre collision,,,,,,,,,,,1,2,1,1.0,6.0
201800026503,0018-11-28 10:00:00,18,11,28,10,0,440,143,RUE JULES LAISNE,47.17864,-1.54209,Plein jour,En agglomération,Hors intersection,Normale,Deux véhicules - arrière,,,,,,,,,,,1,2,1,1.0,2.0
201800026504,0018-12-20 10:15:00,18,12,20,10,15,440,109,PONT DE CHEVIRE,47.18827,-1.61374,Plein jour,Hors agglomération,Hors intersection,Pluie légère,Trois véhicules et plus - collisions multiples,,,,,,,,,,,1,1,1,2.0,5.0
201800026505,0018-12-21 08:31:00,18,12,21,8,31,440,109,BOULEVARD PRESIDENT RENE,47.2082,-1.58503,Plein jour,En agglomération,Hors intersection,Pluie forte,Trois véhicules et plus - en chaîne,,,,,,,,,,,1,2,1,3.0,4.0
201800026506,0018-12-21 17:10:00,18,12,21,17,10,440,109,BOULEVARD BABIN CHEVAYE,47.2056,-1.55162,Crépuscule ou aube,En agglomération,Hors intersection,Pluie légère,Autre collision,,,,,,,,,,,2,2,1,2.0,6.0
201800026507,0018-12-23 01:50:00,18,12,23,1,50,440,109,CALVAIRE ( RUE DU ),47.21574,-1.55931,Nuit avec éclairage allumé,En agglomération,Hors intersection,Normale,Autre collision,,,,,,,,,,,5,2,1,1.0,6.0
201800026508,0018-12-20 07:15:00,18,12,20,7,15,440,109,BD SALVADOR ALLENDE,47.20682,-1.57323,Nuit avec éclairage allumé,En agglomération,Hors intersection,Normale,Autre collision,,,,,,,,,,,5,2,1,1.0,6.0
201800026509,0018-12-05 17:00:00,18,12,5,17,0,440,109,BOULEVARD GUSTAVE ROCH,47.20251,-1.5533,Nuit avec éclairage allumé,En agglomération,Hors intersection,Pluie forte,Autre collision,,,,,,,,,,,5,2,1,3.0,6.0
201800026510,0018-12-21 11:25:00,18,12,21,11,25,440,143,RUE JEAN FRAIX,47.18874,-1.54536,Plein jour,En agglomération,Intersection en T,Pluie légère,Autre collision,,,,,,,,,,,1,2,3,2.0,6.0
201800026511,0018-12-28 20:20:00,18,12,28,20,20,440,162,RUE PABLO NERUDA,47.21843,-1.6143,Nuit avec éclairage allumé,En agglomération,Hors intersection,Normale,Autre collision,,,,,,,,,,,5,2,1,1.0,6.0
201800026512,0018-12-30 16:45:00,18,12,30,16,45,440,109,ROUTE DE SAINT JOSEPH,47.26229,-1.52846,Plein jour,En agglomération,Hors intersection,Pluie légère,Deux véhicules - frontale,,,,,,,,,,,1,2,1,2.0,1.0
201800026513,0018-01-02 18:20:00,18,1,2,18,20,440,184,COTE D'AMOUR (RTE DE LA),47.256,-2.264,Nuit avec éclairage allumé,En agglomération,Hors intersection,Pluie légère,Deux véhicules - côté,,,,,,,,,,,5,2,1,2.0,3.0
201800026514,0018-01-05 11:00:00,18,1,5,11,0,440,184,"24,GATE (RUE DU CDT) DU",47.27546,-2.2195,Plein jour,En agglomération,Hors intersection,Normale,Autre collision,,,,,,,,,,,1,2,1,1.0,6.0
201800026515,0018-01-09 12:50:00,18,1,9,12,50,440,184,RD 492 DU RP OCEANIS AU,47.25841,2.2657,Plein jour,En agglomération,Giratoire,Normale,Deux véhicules - côté,,,,,,,,,,,1,2,6,1.0,3.0
201800026516,0018-01-25 08:15:00,18,1,25,8,15,440,184,"17, BART (RUE JEAN)",47.2661,-2.22981,Plein jour,En agglomération,Intersection en X,Pluie légère,Deux véhicules - côté,,,,,,,,,,,1,2,2,2.0,3.0
201800026517,0018-01-26 08:05:00,18,1,26,8,5,440,184,QUEMENEAU (ROUTE DU),47.3089,-2.2691,Crépuscule ou aube,Hors agglomération,Intersection en T,Normale,Deux véhicules - frontale,,,,,,,,,,,2,1,3,1.0,1.0
201800026518,0018-02-02 07:50:00,18,2,2,7,50,440,184,RD 213,47.2898,-2.239,Crépuscule ou aube,Hors agglomération,Hors intersection,Normale,Trois véhicules et plus - en chaîne,,,,,,,,,,,2,1,1,1.0,4.0
201800026519,0018-02-05 10:45:00,18,2,5,10,45,440,184,"240, GRENAPIN (RUE PITRE",47.2574,-2.2591,Plein jour,En agglomération,Intersection en X,Normale,Deux véhicules - côté,,,,,,,,,,,1,2,2,1.0,3.0
201800026520,0018-02-13 14:25:00,18,2,13,14,25,440,184,RD 492 DU RP OCEANIS AU,47.25861,-2.2663,Plein jour,Hors agglomération,Hors intersection,Normale,Sans collision,,,,,,,,,,,1,1,1,1.0,7.0
201800026521,0018-02-21 11:00:00,18,2,21,11,0,440,184,RD 492 DU RP OCEANIS AU,47.26594,-2.256,Plein jour,Hors agglomération,Hors intersection,Normale,Autre collision,,,,,,,,,,,1,1,1,1.0,6.0
201800026522,0018-02-21 12:25:00,18,2,21,12,25,440,184,"33, VILLES-MOLLE (ROUTE",47.25277,-2.28532,Plein jour,En agglomération,Hors intersection,Normale,Deux véhicules - arrière,,,,,,,,,,,1,2,1,1.0,2.0
201800026523,0018-02-25 07:26:00,18,2,25,7,26,440,184,RD 213,47.28394,-2.29299,Plein jour,Hors agglomération,Hors intersection,Normale,Sans collision,,,,,,,,,,,1,1,1,1.0,7.0
201800026524,0018-03-06 06:22:00,18,3,6,6,22,440,184,OCEANIS (ROND-POINT),47.2573,-2.2692,Crépuscule ou aube,En agglomération,Giratoire,Pluie légère,Deux véhicules - côté,,,,,,,,,,,2,2,6,2.0,3.0
201800026525,0018-03-08 07:15:00,18,3,8,7,15,440,184,MAUPERTUIS (BD DE),47.27726,-2.23373,Crépuscule ou aube,En agglomération,Intersection en X,Normale,Deux véhicules - côté,,,,,,,,,,,2,2,2,1.0,3.0
201800026526,0018-03-12 15:50:00,18,3,12,15,50,440,184,"7, ARSONVAL (RUE ARSENE",47.27033,-2.23686,Plein jour,En agglomération,Hors intersection,Normale,Sans collision,,,,,,,,,,,1,2,1,1.0,7.0
201800026527,0018-03-13 10:25:00,18,3,13,10,25,440,184,OFFENBACH (RUE JACQUES),47.26355,-2.23727,Plein jour,En agglomération,Hors intersection,Normale,Sans collision,,,,,,,,,,,1,2,1,1.0,7.0
201800026528,0018-03-23 13:50:00,18,3,23,13,50,440,184,BAUDIN (RUE JEAN),47.29164,-2.19536,Plein jour,En agglomération,Intersection en X,Normale,Deux véhicules - côté,,,,,,,,,,,1,2,2,1.0,3.0
201800026529,0018-03-27 15:30:00,18,3,27,15,30,440,184,parking,47.26687,-2.25533,Plein jour,En agglomération,Hors intersection,Normale,Sans collision,,,,,,,,,,,1,2,1,1.0,7.0
201800026530,0018-03-31 09:45:00,18,3,31,9,45,440,184,30 COTE D'AMOUR (RTE DE,47.26072,-2.23592,Plein jour,En agglomération,Hors intersection,Normale,Autre collision,,,,,,,,,,,1,2,1,1.0,6.0
201800026531,0018-04-06 11:50:00,18,4,6,11,50,440,184,SAINT-NAZAIRE (AVENUE DE,47.2564,-2.26742,Plein jour,En agglomération,Giratoire,Normale,Deux véhicules - arrière,,,,,,,,,,,1,2,6,1.0,2.0
201800026532,0018-04-06 15:50:00,18,4,6,15,50,440,184,RD 492 DU PONT BD HâPITA,47.2798,-2.24873,Plein jour,En agglomération,Hors intersection,Normale,Trois véhicules et plus - en chaîne,,,,,,,,,,,1,2,1,1.0,4.0
201800026533,0018-04-07 13:30:00,18,4,7,13,30,440,184,RD 492 DU PONT BD HâPITA,47.28674,-2.24988,Plein jour,En agglomération,Giratoire,Normale,Deux véhicules - arrière,,,,,,,,,,,1,2,6,1.0,2.0
201800026534,0018-04-12 12:15:00,18,4,12,12,15,440,184,DUMONT D'URVILLE (Bd),47.2421,-2.287,Plein jour,En agglomération,Intersection en X,Normale,Autre collision,,,,,,,,,,,1,2,2,1.0,6.0
201800026535,0018-04-18 06:50:00,18,4,18,6,50,440,184,ZOLA (BOULEVARD EMILE),47.30325,-2.18416,Nuit avec éclairage allumé,En agglomération,Intersection en X,Normale,Deux véhicules - côté,,,,,,,,,,,5,2,2,1.0,3.0
201800026536,0018-05-02 10:00:00,18,5,2,10,0,440,184,RD 213,47.28401,-2.29656,Plein jour,Hors agglomération,Hors intersection,Pluie forte,Trois véhicules et plus - en chaîne,,,,,,,,,,,1,1,1,3.0,4.0
201800026537,0018-05-06 11:05:00,18,5,6,11,5,440,184,MERMOZ (BOULEVARD JEAN),47.27962,-2.22538,Plein jour,En agglomération,Giratoire,Normale,Trois véhicules et plus - en chaîne,,,,,,,,,,,1,2,6,1.0,4.0
201800026538,0018-05-10 10:45:00,18,5,10,10,45,440,184,SUNDERLAND (BOULEVARD DE,47.27096,-2.24429,Plein jour,En agglomération,Giratoire,Normale,Deux véhicules - côté,,,,,,,,,,,1,2,6,1.0,3.0
201800026539,0018-05-13 20:25:00,18,5,13,20,25,440,184,FRECHETS (ROUTE DES),47.2641,-2.2542,Crépuscule ou aube,En agglomération,Intersection en X,Normale,Autre collision,,,,,,,,,,,2,2,2,1.0,6.0
201800026540,0018-05-14 21:10:00,18,5,14,21,10,440,184,MARRE (RUE VICTOR),47.29615,-2.19216,Plein jour,En agglomération,Intersection en X,Normale,Deux véhicules - côté,,,,,,,,,,,1,2,2,1.0,3.0
201800026541,0018-05-15 05:40:00,18,5,15,5,40,440,184,LEFERME (BOULEVARD PAUL),47.28427,-2.20143,Nuit avec éclairage allumé,En agglomération,Intersection en T,Normale,Deux véhicules - frontale,,,,,,,,,,,5,2,3,1.0,1.0
201800026542,0018-05-15 15:40:00,18,5,15,15,40,440,184,SAINT-NAZAIRE (AVENUE DE,47.24429,-2.2785,Plein jour,En agglomération,Hors intersection,Normale,Deux véhicules - arrière,,,,,,,,,,,1,2,1,1.0,2.0
201800026543,0018-05-16 08:00:00,18,5,16,8,0,440,184,G¶T (RUE DU CDT) DU 35,47.2766,-2.2237,Crépuscule ou aube,En agglomération,Intersection en T,Normale,Deux véhicules - côté,,,,,,,,,,,2,2,3,1.0,3.0
201800026544,0018-05-22 17:55:00,18,5,22,17,55,440,184,LAGRANGE (AVENUE LEO),47.27344,-2.22806,Plein jour,En agglomération,Hors intersection,Normale,Deux véhicules - côté,,,,,,,,,,,1,2,1,1.0,3.0
201800026545,0018-05-24 08:10:00,18,5,24,8,10,440,184,LAENNEC (BD DU DR RENE),47.26731,-2.24063,Plein jour,En agglomération,Hors intersection,Normale,Deux véhicules - côté,,,,,,,,,,,1,2,1,1.0,3.0
201800026546,0018-06-05 14:00:00,18,6,5,14,0,440,184,BRANDT (BOULEVARD WILLY),47.2863,-2.2119,Plein jour,En agglomération,Hors intersection,Temps couvert,Trois véhicules et plus - en chaîne,,,,,,,,,,,1,2,1,8.0,4.0
201800026547,0018-06-07 10:15:00,18,6,7,10,15,440,184,RD 492 DU RP OCEANIS AU,47.2644,-2.2581,Plein jour,En agglomération,Giratoire,Temps couvert,Deux véhicules - côté,,,,,,,,,,,1,2,6,8.0,3.0
201800026548,0018-06-12 19:21:00,18,6,12,19,21,440,184,AV GEO ANDRE,47.26789,-2.22783,Plein jour,En agglomération,Hors intersection,Normale,Deux véhicules - côté,,,,,,,,,,,1,2,1,1.0,3.0
201800026549,0018-06-15 18:45:00,18,6,15,18,45,440,184,FRATERNITE (BOULEVARD DE,47.2813,-2.22267,Plein jour,En agglomération,Intersection en X,Normale,Deux véhicules - côté,,,,,,,,,,,1,2,2,1.0,3.0
201800026550,0018-06-21 11:40:00,18,6,21,11,40,440,184,FAURE (RUE GABRIEL),47.2695,-2.2382,Plein jour,En agglomération,Intersection en T,Normale,Deux véhicules - côté,,,,,,,,,,,1,2,3,1.0,3.0
201800026551,0018-06-21 11:45:00,18,6,21,11,45,440,184,DOLMEN (RUE DU),47.28224,-2.20549,Plein jour,En agglomération,Intersection en X,Normale,Deux véhicules - côté,,,,,,,,,,,1,2,2,1.0,3.0
201800026552,0018-06-22 07:55:00,18,6,22,7,55,440,184,APPRENTIS (BOULEVARD DES,47.29812,-2.18344,Plein jour,En agglomération,Hors intersection,Normale,Deux véhicules - côté,,,,,,,,,,,1,2,1,1.0,3.0
201800026553,0018-06-22 16:45:00,18,6,22,16,45,440,184,COUBERTIN (AVENUE PIERRE,47.2702,-2.2334,Plein jour,En agglomération,Hors intersection,Normale,Autre collision,,,,,,,,,,,1,2,1,1.0,6.0
201800026554,0018-06-22 19:45:00,18,6,22,19,45,440,184,VIREES NEUVES (ALLEE DES,47.28184,-2.25663,Plein jour,En agglomération,Intersection en X,Normale,Deux véhicules - côté,,,,,,,,,,,1,2,2,1.0,3.0
201800026555,0018-06-23 00:35:00,18,6,23,0,35,440,184,COTE D'AMOUR (RTE DE LA),47.25735,-2.25926,Nuit avec éclairage allumé,En agglomération,Intersection en X,Normale,Deux véhicules - côté,,,,,,,,,,,5,2,2,1.0,3.0
201800026556,0018-06-27 20:00:00,18,6,27,20,0,440,184,SAINT-NAZAIRE (AVENUE DE,47.24835,-2.2771,Plein jour,En agglomération,Hors intersection,Normale,Deux véhicules - côté,,,,,,,,,,,1,2,1,1.0,3.0
201800026557,0018-06-29 08:56:00,18,6,29,8,56,440,184,LAENNEC (BD DU DR RENE),47.2755,-2.23493,Plein jour,En agglomération,Hors intersection,Normale,Deux véhicules - côté,,,,,,,,,,,1,2,1,1.0,3.0
201800026558,0018-06-29 15:15:00,18,6,29,15,15,440,184,SUNDERLAND (BOULEVARD DE,47.27037,-2.24205,Plein jour,En agglomération,Hors intersection,Normale,Autre collision,,,,,,,,,,,1,2,1,1.0,6.0
201800026559,0018-06-30 18:35:00,18,6,30,18,35,440,184,ZOLA (BOULEVARD EMILE),47.29931,-2.19199,Plein jour,En agglomération,Hors intersection,Normale,Sans collision,,,,,,,,,,,1,2,1,1.0,7.0
201800026560,0018-07-06 16:10:00,18,7,6,16,10,440,184,SAINT-MARC (ROUTE DE) DU,47.25243,-2.26325,Plein jour,En agglomération,Intersection en X,Normale,Trois véhicules et plus - collisions multiples,,,,,,,,,,,1,2,2,1.0,5.0
201800026561,0018-07-08 12:05:00,18,7,8,12,5,440,184,CHARCOT (RUE DU CDT),47.2388,-2.2792,Plein jour,En agglomération,Hors intersection,Normale,Autre collision,,,,,,,,,,,1,2,1,1.0,6.0
201800026562,0018-07-16 12:20:00,18,7,16,12,20,440,184,PERTUISCHAUD (RUE DU),47.26491,-2.2366,Plein jour,En agglomération,Intersection en X,Normale,Deux véhicules - côté,,,,,,,,,,,1,2,2,1.0,3.0
201800026563,0018-07-16 16:45:00,18,7,16,16,45,440,184,JAURES (RUE JEAN) DU 57,47.27978,-2.21214,Plein jour,En agglomération,Intersection en T,Normale,Autre collision,,,,,,,,,,,1,2,3,1.0,6.0
201800026564,0018-07-17 19:35:00,18,7,17,19,35,440,184,RUE DES FRENES,47.2601,-2.2608,Plein jour,En agglomération,Intersection en X,Normale,Deux véhicules - côté,,,,,,,,,,,1,2,2,1.0,3.0
201800026565,0018-07-18 07:45:00,18,7,18,7,45,440,184,RD 492 BD HOPITAL,47.28569,-2.25,Plein jour,Hors agglomération,Hors intersection,Normale,Trois véhicules et plus - en chaîne,,,,,,,,,,,1,1,1,1.0,4.0
201800026566,0018-07-24 18:10:00,18,7,24,18,10,440,184,LANDETTES (ROND POINT),47.2788,-2.24351,Plein jour,En agglomération,Giratoire,Normale,Deux véhicules - côté,,,,,,,,,,,1,2,6,1.0,3.0
201800026567,0018-07-25 14:25:00,18,7,25,14,25,440,184,RD 213,47.28609,-2.25533,Plein jour,Hors agglomération,Hors intersection,Normale,Deux véhicules - arrière,,,,,,,,,,,1,1,1,1.0,2.0
201800026568,0018-07-27 11:00:00,18,7,27,11,0,440,184,AMERIQUE LATINE (PLACE D,47.27559,-2.20452,Plein jour,En agglomération,Hors intersection,Normale,Deux véhicules - frontale,,,,,,,,,,,1,2,1,1.0,1.0
201800026569,0018-07-27 14:50:00,18,7,27,14,50,440,184,RD 492 DU PONT BD HOPITA,47.2769,-2.2484,Plein jour,En agglomération,Hors intersection,Normale,Deux véhicules - arrière,,,,,,,,,,,1,2,1,1.0,2.0
201800026570,0018-07-29 12:40:00,18,7,29,12,40,440,184,COMMANDO (AVENUE DU),47.2724,-2.2045,Plein jour,En agglomération,Hors intersection,Pluie légère,Autre collision,,,,,,,,,,,1,2,1,2.0,6.0
201800026571,0018-08-03 15:20:00,18,8,3,15,20,440,184,SALENGRO (RUE ROGER) DU,47.2742,-2.2096,Plein jour,En agglomération,Hors intersection,Normale,Deux véhicules - côté,,,,,,,,,,,1,2,1,1.0,3.0
201800026572,0018-08-06 16:25:00,18,8,6,16,25,440,184,LAGRANGE (AVENUE LEO),47.27405,-2.22799,Plein jour,En agglomération,Hors intersection,Normale,Deux véhicules - côté,,,,,,,,,,,1,2,1,1.0,3.0
201800026573,0018-08-12 17:45:00,18,8,12,17,45,440,184,RD 392  (Thomas Edison),47.28544,-2.30082,Plein jour,En agglomération,Hors intersection,Pluie légère,Trois véhicules et plus - en chaîne,,,,,,,,,,,1,2,1,2.0,4.0
201800026574,0018-08-18 19:15:00,18,8,18,19,15,440,184,LEFERME (BOULEVARD PAUL),47.29058,-2.19953,Plein jour,En agglomération,Intersection en T,Normale,Trois véhicules et plus - collisions multiples,,,,,,,,,,,1,2,3,1.0,5.0
201800026575,0018-08-23 17:00:00,18,8,23,17,0,440,184,TRIGNAC (RUE DE),47.29854,-2.18536,Plein jour,En agglomération,Hors intersection,Normale,Autre collision,,,,,,,,,,,1,2,1,1.0,6.0
201800026576,0018-08-24 15:55:00,18,8,24,15,55,440,184,MAUPERTUIS (BD DE) DU 83,47.28072,-2.22984,Plein jour,En agglomération,Intersection en X,Normale,Autre collision,,,,,,,,,,,1,2,2,1.0,6.0
201800026577,0018-08-30 08:45:00,18,8,30,8,45,440,184,GUTENBERG (RUE JEAN),47.28074,-2.22988,Plein jour,En agglomération,Intersection en X,Normale,Deux véhicules - côté,,,,,,,,,,,1,2,2,1.0,3.0
201800026578,0018-08-31 18:05:00,18,8,31,18,5,440,184,VILLES-MOLLE (ROUTE DE),47.24625,-2.29312,Plein jour,Hors agglomération,Hors intersection,Normale,Deux véhicules - arrière,,,,,,,,,,,1,1,1,1.0,2.0
201800026579,0018-09-05 12:35:00,18,9,5,12,35,440,184,SUNDERLAND (BOULEVARD DE,47.27097,-2.24426,Plein jour,En agglomération,Hors intersection,Normale,Autre collision,,,,,,,,,,,1,2,1,1.0,6.0
201800026580,0018-09-13 04:45:00,18,9,13,4,45,440,184,CORVISART (AVENUE JEAN),47.2609,-2.23532,Nuit sans éclairage public,En agglomération,Hors intersection,Normale,Deux véhicules - côté,,,,,,,,,,,3,2,1,1.0,3.0
201800026581,0018-09-14 17:00:00,18,9,14,17,0,440,184,BERTHELOT (RUE MARCELLIN,47.27273,-2.23845,Plein jour,En agglomération,Hors intersection,Normale,Deux véhicules - côté,,,,,,,,,,,1,2,1,1.0,3.0
201800026582,0018-09-14 19:20:00,18,9,14,19,20,440,184,GAULLE (RUE DU GAL DE),47.2739,-2.20953,Plein jour,En agglomération,Intersection en X,Normale,Deux véhicules - côté,,,,,,,,,,,1,2,2,1.0,3.0
201800026583,0018-09-17 20:50:00,18,9,17,20,50,440,184,GAULLE (RUE DU GAL DE),47.27413,-2.213,Nuit avec éclairage allumé,En agglomération,Giratoire,Normale,Deux véhicules - côté,,,,,,,,,,,5,2,6,1.0,3.0
201800026584,0018-09-25 08:55:00,18,9,25,8,55,440,184,RD 213,47.28872,-2.2432,Plein jour,Hors agglomération,Hors intersection,Normale,Trois véhicules et plus - en chaîne,,,,,,,,,,,1,1,1,1.0,4.0
201800026585,0018-09-26 17:55:00,18,9,26,17,55,440,184,MUN (RUE ALBERT DE) DU 5,47.27824,-2.20851,Plein jour,En agglomération,Intersection en X,Normale,Deux véhicules - côté,,,,,,,,,,,1,2,2,1.0,3.0
201800026586,0018-09-28 11:30:00,18,9,28,11,30,440,184,HOPITAL (BOULEVARD DE L',47.2777,-2.23761,Plein jour,En agglomération,Hors intersection,Normale,Autre collision,,,,,,,,,,,1,2,1,1.0,6.0
201800026587,0018-10-01 10:00:00,18,10,1,10,0,440,184,RD 213,47.28579,-2.30984,Plein jour,Hors agglomération,Hors intersection,Normale,Trois véhicules et plus - en chaîne,,,,,,,,,,,1,1,1,1.0,4.0
201800026588,0018-10-02 13:55:00,18,10,2,13,55,440,184,REPUBLIQUE (AVENUE DE LA,47.27473,-2.21344,Plein jour,En agglomération,Hors intersection,Normale,Autre collision,,,,,,,,,,,1,2,1,1.0,6.0
201800026589,0018-10-05 21:30:00,18,10,5,21,30,440,184,SAINT-NAZAIRE (AVENUE DE,47.26914,-2.29671,Nuit sans éclairage public,Hors agglomération,Hors intersection,Normale,Deux véhicules - arrière,,,,,,,,,,,3,1,1,1.0,2.0
201800026590,0018-10-09 18:10:00,18,10,9,18,10,440,184,PORNICHET (RUE DE) DU 26,47.26271,-2.23884,Plein jour,En agglomération,Intersection en X,Normale,Deux véhicules - arrière,,,,,,,,,,,1,2,2,1.0,2.0
201800026591,0018-10-10 08:00:00,18,10,10,8,0,440,184,COUBERTIN (AVENUE PIERRE,47.26879,-2.23352,Crépuscule ou aube,En agglomération,Hors intersection,Normale,Sans collision,,,,,,,,,,,2,2,1,1.0,7.0
201800026592,0018-10-10 20:15:00,18,10,10,20,15,440,184,COTE D'AMOUR (RTE DE LA),47.26264,-2.23892,Nuit avec éclairage allumé,En agglomération,Intersection en X,Normale,Deux véhicules - côté,,,,,,,,,,,5,2,2,1.0,3.0
201800026593,0018-10-15 17:00:00,18,10,15,17,0,440,184,FEVRIER 1943 (RUE DU 28),47.27478,-2.20755,Plein jour,En agglomération,Intersection en X,Normale,Autre collision,,,,,,,,,,,1,2,2,1.0,6.0
201800026594,0018-10-19 15:55:00,18,10,19,15,55,440,184,MOULIN DE LA BUTTE (Bd,47.28656,-2.21847,Plein jour,En agglomération,Intersection en X,Normale,Deux véhicules - côté,,,,,,,,,,,1,2,2,1.0,3.0
201800026595,0018-10-20 14:35:00,18,10,20,14,35,440,184,RD 213,47.28367,-2.27707,Plein jour,En agglomération,Hors intersection,Normale,Sans collision,,,,,,,,,,,1,2,1,1.0,7.0
201800026596,0018-10-23 07:50:00,18,10,23,7,50,440,184,BOURDELLE (AVENUE ANTOIN,47.2891,-2.1922,Crépuscule ou aube,En agglomération,Hors intersection,Normale,Autre collision,,,,,,,,,,,2,2,1,1.0,6.0
201800026597,0018-10-27 11:31:00,18,10,27,11,31,440,184,FRECHETS (ROUTE DES),47.2637,-2.242,Plein jour,En agglomération,Intersection en Y,Normale,Autre collision,,,,,,,,,,,1,2,4,1.0,6.0
201800026598,0018-10-25 07:51:00,18,10,25,7,51,440,184,PENHOET (AVENUE DE),47.2906,-2.1994,Nuit avec éclairage allumé,En agglomération,Intersection en T,Brouillard / fumée,Deux véhicules - côté,,,,,,,,,,,5,2,3,5.0,3.0
201800026599,0018-10-31 04:30:00,18,10,31,4,30,440,184,RD 213,47.28584,-2.25737,Nuit sans éclairage public,En agglomération,Hors intersection,Normale,Trois véhicules et plus - en chaîne,,,,,,,,,,,3,2,1,1.0,4.0
201800026600,0018-11-02 14:36:00,18,11,2,14,36,440,184,FRATERNITE (BOULEVARD DE,47.28281,-2.21871,Plein jour,En agglomération,Intersection en X,Normale,Deux véhicules - frontale,,,,,,,,,,,1,2,2,1.0,1.0
201800026601,0018-11-13 07:37:00,18,11,13,7,37,440,184,BOUGAINVILLE (BOULEVARD,47.28696,-2.21904,Nuit sans éclairage public,En agglomération,Hors intersection,Normale,Autre collision,,,,,,,,,,,3,2,1,1.0,6.0
201800026602,0018-11-06 14:50:00,18,11,6,14,50,440,184,FONDELINE (ROUTE DE),47.28777,-2.30016,Plein jour,En agglomération,Giratoire,Normale,Deux véhicules - côté,,,,,,,,,,,1,2,6,1.0,3.0
201800026603,0018-11-13 19:20:00,18,11,13,19,20,440,184,PARE (RUE AMBROISE),47.26122,-2.23739,Plein jour,En agglomération,Hors intersection,Normale,Autre collision,,,,,,,,,,,1,2,1,1.0,6.0
201800026604,0018-11-15 12:05:00,18,11,15,12,5,440,184,LAGRANGE (AVENUE LEO),47.2718,-2.22846,Plein jour,En agglomération,Hors intersection,Normale,Deux véhicules - côté,,,,,,,,,,,1,2,1,1.0,3.0
201800026605,0018-11-24 17:55:00,18,11,24,17,55,440,184,FRATERNITE (BOULEVARD DE,47.28125,-2.22259,Nuit avec éclairage allumé,En agglomération,Intersection en X,Normale,Deux véhicules - frontale,,,,,,,,,,,5,2,2,1.0,1.0
201800026606,0018-11-26 10:40:00,18,11,26,10,40,440,184,RD 213,47.28346,-2.27768,Plein jour,Hors agglomération,Hors intersection,Normale,Deux véhicules - arrière,,,,,,,,,,,1,1,1,1.0,2.0
201800026607,0018-11-27 17:50:00,18,11,27,17,50,440,184,BERTHAUDERIE (RUE DE LA),47.2858,-2.2204,Crépuscule ou aube,En agglomération,Intersection en X,Pluie forte,Autre collision,,,,,,,,,,,2,2,2,3.0,6.0
201800026608,0018-11-30 12:00:00,18,11,30,12,0,440,184,SAINT-MARC (ROUTE DE) DU,47.2507,-2.2638,Plein jour,En agglomération,Hors intersection,Normale,Deux véhicules - arrière,,,,,,,,,,,1,2,1,1.0,2.0