accident_id,datetime,annee,mois,jour,heure,minute,departement,commune_insee,adresse,latitude,longitude,luminosite,agglomeration,intersection,meteo,collision,nb_vehicules,nb_usagers,nb_indemnes,nb_tues,nb_blesses_hosp,nb_blesses_legers,age_cond_1,age_cond_2,veh_type_cond_1,veh_type_cond_2,lum_code,agg_code,int_code,atm_code,col_code
201800026851,0018-06-27 06:30:00,18,6,27,6,30,450,302,RUE DU CHAMP ROUGE,47.95727,1.84771,Crépuscule ou aube,En agglomération,Hors intersection,Normale,Deux véhicules - frontale,,,,,,,,,,,2,2,1,1.0,1.0
201800026852,0018-06-27 11:50:00,18,6,27,11,50,450,298,27 R DES 4 TOURELLES,47.88822,1.883,Plein jour,En agglomération,Hors intersection,Normale,Autre collision,,,,,,,,,,,1,2,1,1.0,6.0
201800026853,0018-06-28 18:00:00,18,6,28,18,0,450,234,28 AV DE SAINT MESMIN,47.88735,1.89151,Plein jour,En agglomération,Hors intersection,Normale,Autre collision,,,,,,,,,,,1,2,1,1.0,6.0
201800026854,0018-06-30 13:20:00,18,6,30,13,20,450,234,AV R SECRETAIN,47.88533,1.89745,Plein jour,En agglomération,Hors intersection,Normale,Trois véhicules et plus - en chaîne,,,,,,,,,,,1,2,1,1.0,4.0
201800026855,0018-07-01 11:20:00,18,7,1,11,20,450,285,R R GAUDRY/PL GAMBETTA,47.90677,1.87812,Plein jour,En agglomération,Giratoire,Normale,Deux véhicules - frontale,,,,,,,,,,,1,2,6,1.0,1.0
201800026856,0018-07-01 22:50:00,18,7,1,22,50,450,284,AV VERDUN/P M FRANCE,47.91693,1.97748,Nuit avec éclairage non allumé,En agglomération,Intersection en X,Normale,Deux véhicules - frontale,,,,,,,,,,,4,2,2,1.0,1.0
201800026857,0018-07-02 15:55:00,18,7,2,15,55,450,169,RUE DE LA GARE,47.93529,1.8374,Plein jour,En agglomération,Hors intersection,Normale,Sans collision,,,,,,,,,,,1,2,1,1.0,7.0
201800026858,0018-07-02 19:38:00,18,7,2,19,38,450,284,AV LOUIS JOSEPH SOULAS,47.9084,1.97277,Plein jour,En agglomération,Hors intersection,Normale,Deux véhicules - côté,,,,,,,,,,,1,2,1,1.0,3.0
201800026859,0018-07-03 09:05:00,18,7,3,9,5,450,147,RUE DE MONTARAN,47.94329,1.92038,Plein jour,En agglomération,Giratoire,Normale,Autre collision,,,,,,,,,,,1,2,6,1.0,6.0
201800026860,0018-07-03 18:22:00,18,7,3,18,22,450,234,AVENUE ROGER SECRETAIN,47.89011,1.89519,Plein jour,En agglomération,Autre intersection,Normale,Deux véhicules - arrière,,,,,,,,,,,1,2,9,1.0,2.0
201800026861,0018-07-03 20:19:00,18,7,3,20,19,450,234,R la Barrière Saint-Marc,47.93226,1.93582,Plein jour,En agglomération,Intersection en X,Normale,Deux véhicules - côté,,,,,,,,,,,1,2,2,1.0,3.0
201800026862,0018-07-04 11:35:00,18,7,4,11,35,450,234,R DES MURLINS/RUE CABAN,47.91019,1.89854,Plein jour,En agglomération,Intersection en X,Normale,Deux véhicules - frontale,,,,,,,,,,,1,2,2,1.0,1.0
201800026863,0018-07-06 13:58:00,18,7,6,13,58,450,169,ROUTE D'ORLEANS,47.91451,1.84871,Plein jour,Hors agglomération,Hors intersection,Normale,Autre collision,,,,,,,,,,,1,1,1,1.0,6.0
201800026864,0018-07-06 17:20:00,18,7,6,17,20,450,147,RUE DU 11 OCTOBRE,47.93412,1.89894,Plein jour,En agglomération,Hors intersection,Normale,Trois véhicules et plus - en chaîne,,,,,,,,,,,1,2,1,1.0,4.0
201800026865,0018-07-08 06:35:00,18,7,8,6,35,450,286,ROUTE DE SANDILLON,47.88837,1.92546,Plein jour,En agglomération,Hors intersection,Normale,Autre collision,,,,,,,,,,,1,2,1,1.0,6.0
201800026866,0018-07-09 10:40:00,18,7,9,10,40,450,234,AVENUE ROGER SECRETAIN,47.88004,1.90762,Plein jour,En agglomération,Hors intersection,Normale,Deux véhicules - arrière,,,,,,,,,,,1,2,1,1.0,2.0
201800026867,0018-07-09 21:10:00,18,7,9,21,10,450,234,AVENUE ROGER SECRETAIN,47.88559,1.89704,Plein jour,En agglomération,Intersection en X,Normale,Trois véhicules et plus - collisions multiples,,,,,,,,,,,1,2,2,1.0,5.0
201800026868,0018-07-10 08:40:00,18,7,10,8,40,450,234,AVENUE EDMOND MICHELET,47.89193,1.91049,Plein jour,En agglomération,Hors intersection,Normale,Autre collision,,,,,,,,,,,1,2,1,1.0,6.0
201800026869,0018-07-11 15:20:00,18,7,11,15,20,450,75,RUE D'INGRE/MANSARD,47.89505,1.8382,Plein jour,En agglomération,Intersection en T,Normale,Deux véhicules - arrière,,,,,,,,,,,1,2,3,1.0,2.0
201800026870,0018-07-11 18:10:00,18,7,11,18,10,450,274,CASSINES/CHATEAU D EAU,47.87742,1.94364,Plein jour,En agglomération,Intersection en X,Normale,Deux véhicules - côté,,,,,,,,,,,1,2,2,1.0,3.0
201800026871,0018-07-12 21:00:00,18,7,12,21,0,450,274,D951-RTE DE SANDILLON,47.86132,1.97831,Plein jour,Hors agglomération,Hors intersection,Normale,Sans collision,,,,,,,,,,,1,1,1,1.0,7.0
201800026872,0018-07-14 16:30:00,18,7,14,16,30,450,234,BD G M RIOBE/R E ZOLA,47.91347,1.9098,Plein jour,En agglomération,Intersection à plus de 4 branches,Normale,Deux véhicules - côté,,,,,,,,,,,1,2,5,1.0,3.0
201800026873,0018-07-15 03:15:00,18,7,15,3,15,450,234,AV DE SOLOGNE,47.85503,1.91267,Nuit avec éclairage allumé,En agglomération,Hors intersection,Normale,Sans collision,,,,,,,,,,,5,2,1,1.0,7.0
201800026874,0018-07-16 20:50:00,18,7,16,20,50,450,234,RUE DU FAUBOURG BANNIER,47.9,1.9,Plein jour,En agglomération,Hors intersection,Normale,Deux véhicules - côté,,,,,,,,,,,1,2,1,1.0,3.0
201800026875,0018-07-17 21:00:00,18,7,17,21,0,450,232,R DE LA BERGERESSE(MCDO),47.84582,1.91802,Plein jour,En agglomération,Hors intersection,Normale,Autre collision,,,,,,,,,,,1,2,1,1.0,6.0
201800026876,0018-07-18 21:40:00,18,7,18,21,40,450,302,Rocade,47.92583,1.87478,Crépuscule ou aube,En agglomération,Autre intersection,Normale,Sans collision,,,,,,,,,,,2,2,9,1.0,7.0
201800026877,0018-07-19 09:35:00,18,7,19,9,35,450,286,AVENUE GASTON GALLOUX,47.88401,1.92446,Plein jour,En agglomération,Autre intersection,Normale,Deux véhicules - arrière,,,,,,,,,,,1,2,9,1.0,2.0
201800026878,0018-07-19 16:30:00,18,7,19,16,30,450,75,D2152-pr67+250,47.87969,1.81021,Plein jour,Hors agglomération,Hors intersection,Normale,Deux véhicules - côté,,,,,,,,,,,1,1,1,1.0,3.0
201800026879,0018-07-20 16:05:00,18,7,20,16,5,450,234,SQ C PEGUY/FB BOURGOGNE,47.90089,1.9202,Plein jour,En agglomération,Giratoire,Normale,Deux véhicules - côté,,,,,,,,,,,1,2,6,1.0,3.0
201800026880,0018-07-25 18:52:00,18,7,25,18,52,450,298,PONT DE L'EUROPE,47.89333,1.87626,Plein jour,En agglomération,Autre intersection,Normale,Deux véhicules - côté,,,,,,,,,,,1,2,9,1.0,3.0
201800026881,0018-07-26 15:00:00,18,7,26,15,0,450,234,BD A MARTIN/R F RABIER,47.90919,1.90919,Plein jour,En agglomération,Intersection en X,Normale,Deux véhicules - arrière,,,,,,,,,,,1,2,2,1.0,2.0
201800026882,0018-07-29 00:10:00,18,7,29,0,10,450,286,LEVEE DE LA CHEVAUCHEE,47.89341,1.9216,Nuit avec éclairage allumé,En agglomération,Hors intersection,Normale,Autre collision,,,,,,,,,,,5,2,1,1.0,6.0
201800026883,0018-07-31 07:15:00,18,7,31,7,15,450,234,AVENUE ROGER SECRETAIN,47.87586,1.91251,Plein jour,En agglomération,Hors intersection,Normale,Autre collision,,,,,,,,,,,1,2,1,1.0,6.0
201800026884,0018-07-31 21:15:00,18,7,31,21,15,450,302,627 RUE NATIONALE 20,47.94335,1.89258,Plein jour,En agglomération,Autre intersection,Normale,Deux véhicules - côté,,,,,,,,,,,1,2,9,1.0,3.0
201800026885,0018-08-01 07:10:00,18,8,1,7,10,450,75,ROUTE DE BLOIS,47.88653,1.82818,Plein jour,En agglomération,Hors intersection,Normale,Deux véhicules - côté,,,,,,,,,,,1,2,1,1.0,3.0
201800026886,0018-08-04 09:15:00,18,8,4,9,15,450,234,DR DE L'HOMME/PETIT PONT,47.92261,1.92966,Plein jour,En agglomération,Intersection en X,Normale,Deux véhicules - côté,,,,,,,,,,,1,2,2,1.0,3.0
201800026887,0018-08-05 13:25:00,18,8,5,13,25,450,75,RTE D'ORLEANS/R ENFER,47.89277,1.84694,Plein jour,En agglomération,Intersection en X,Normale,Deux véhicules - côté,,,,,,,,,,,1,2,2,1.0,3.0
201800026888,0018-08-06 15:50:00,18,8,6,15,50,450,234,Rond Point Novotel-D9020,47.81424,1.92829,Plein jour,En agglomération,Giratoire,Normale,Autre collision,,,,,,,,,,,1,2,6,1.0,6.0
201800026889,0018-08-07 13:25:00,18,8,7,13,25,450,232,AV ROGER SECRETAIN,47.86894,1.91178,Plein jour,En agglomération,Hors intersection,Normale,Trois véhicules et plus - en chaîne,,,,,,,,,,,1,2,1,1.0,4.0
201800026890,0018-08-09 05:40:00,18,8,9,5,40,450,286,RUE DES BALLETIERES,47.8708,1.9302,Nuit sans éclairage public,En agglomération,Hors intersection,Normale,Sans collision,,,,,,,,,,,3,2,1,1.0,7.0
201800026891,0018-08-10 16:30:00,18,8,10,16,30,450,285,RUE DU 11 OCTOBRE,47.91381,1.88202,Plein jour,En agglomération,Intersection en T,Normale,Deux véhicules - côté,,,,,,,,,,,1,2,3,1.0,3.0
201800026892,0018-08-11 07:00:00,18,8,11,7,0,450,234,66 AVENUE DAUPHINE,47.8904,1.90478,Crépuscule ou aube,En agglomération,Hors intersection,Normale,Deux véhicules - arrière,,,,,,,,,,,2,2,1,1.0,2.0
201800026893,0018-08-11 16:40:00,18,8,11,16,40,450,234,BD ALEXANDRE MARTIN,47.90553,1.90946,Plein jour,En agglomération,Hors intersection,Normale,Autre collision,,,,,,,,,,,1,2,1,1.0,6.0
201800026894,0018-08-11 04:55:00,18,8,11,4,55,450,234,PLACE SAINTE CROIX,47.90169,1.90908,Nuit avec éclairage allumé,En agglomération,Place,Normale,Autre collision,,,,,,,,,,,5,2,7,1.0,6.0
201800026895,0018-08-12 12:50:00,18,8,12,12,50,450,234,AVENUE ROGER SECRETAIN,47.87967,1.90852,Plein jour,En agglomération,Hors intersection,Normale,Deux véhicules - arrière,,,,,,,,,,,1,2,1,1.0,2.0
201800026896,0018-08-14 23:42:00,18,8,14,23,42,450,147,R G ROLAND/R KLEBER,47.92874,1.9089,Nuit avec éclairage allumé,En agglomération,Intersection en X,Normale,Deux véhicules - côté,,,,,,,,,,,5,2,2,1.0,3.0
201800026897,0018-08-15 19:43:00,18,8,15,19,43,450,232,750 AVENUE DU LOIRET,47.87678,1.90229,Plein jour,En agglomération,Hors intersection,Normale,Deux véhicules - côté,,,,,,,,,,,1,2,1,1.0,3.0
201800026898,0018-08-20 16:45:00,18,8,20,16,45,450,302,339 RUE NATIONALE 20,47.94084,1.89324,Plein jour,En agglomération,Hors intersection,Normale,Trois véhicules et plus - en chaîne,,,,,,,,,,,1,2,1,1.0,4.0
201800026899,0018-08-20 16:40:00,18,8,20,16,40,450,147,RUE P SEMARD/R G ROLLAND,47.92872,1.90603,Plein jour,En agglomération,Intersection en X,Normale,Deux véhicules - côté,,,,,,,,,,,1,2,2,1.0,3.0
201800026900,0018-08-23 22:15:00,18,8,23,22,15,450,284,R JEAN ZAY/R VERVILLE,47.91099,1.9593,Nuit avec éclairage allumé,En agglomération,Intersection en X,Normale,Autre collision,,,,,,,,,,,5,2,2,1.0,6.0
201800026901,0018-08-25 13:50:00,18,8,25,13,50,450,234,AVENUE DE LA LIBERATION,47.9194,1.90232,Plein jour,En agglomération,Hors intersection,Normale,Sans collision,,,,,,,,,,,1,2,1,1.0,7.0
201800026902,0018-08-27 12:55:00,18,8,27,12,55,450,147,RN 60,47.94062,1.91093,Plein jour,Hors agglomération,Hors intersection,Pluie légère,Trois véhicules et plus - collisions multiples,,,,,,,,,,,1,1,1,2.0,5.0
201800026903,0018-08-27 15:45:00,18,8,27,15,45,450,147,38 BD DE LAMBALLE,47.92279,1.91946,Plein jour,En agglomération,Hors intersection,Normale,Deux véhicules - côté,,,,,,,,,,,1,2,1,1.0,3.0
201800026904,0018-08-28 13:20:00,18,8,28,13,20,450,308,ROUTE ST JEAN DE BRAYE,47.92494,1.95763,Plein jour,En agglomération,Hors intersection,Normale,Autre collision,,,,,,,,,,,1,2,1,1.0,6.0
201800026905,0018-08-28 17:30:00,18,8,28,17,30,450,302,D2701-,47.94791,1.87122,Plein jour,Hors agglomération,Autre intersection,Normale,Trois véhicules et plus - en chaîne,,,,,,,,,,,1,1,9,1.0,4.0
201800026906,0018-08-30 06:43:00,18,8,30,6,43,450,234,24 RUE JEANNE D'ARC,47.90161,1.90596,Crépuscule ou aube,En agglomération,Hors intersection,Normale,Sans collision,,,,,,,,,,,2,2,1,1.0,7.0
201800026907,0018-08-31 17:15:00,18,8,31,17,15,450,298,D951-RTE DE SAINT MESMIN,47.87382,1.84285,Plein jour,Hors agglomération,Hors intersection,Normale,Deux véhicules - frontale,,,,,,,,,,,1,1,1,1.0,1.0
201800026908,0018-09-03 07:52:00,18,9,3,7,52,450,284,D2060-PR90+800,47.92505,1.98911,Plein jour,Hors agglomération,Autre intersection,Normale,Sans collision,,,,,,,,,,,1,1,9,1.0,7.0
201800026909,0018-09-03 09:10:00,18,9,3,9,10,450,232,AV DU LOIRET/R L LE VAUX,47.878,1.90261,Plein jour,En agglomération,Intersection en T,Normale,Deux véhicules - côté,,,,,,,,,,,1,2,3,1.0,3.0
201800026910,0018-09-03 18:30:00,18,9,3,18,30,450,234,R LANDRELOUP/R B D'INGRE,47.9066,1.8824,Plein jour,En agglomération,Intersection en X,Normale,Deux véhicules - côté,,,,,,,,,,,1,2,2,1.0,3.0
201800026911,0018-09-05 15:00:00,18,9,5,15,0,450,232,19 RUE HEME,47.86675,1.90182,Plein jour,En agglomération,Intersection en T,Normale,Sans collision,,,,,,,,,,,1,2,3,1.0,7.0
201800026912,0018-09-06 08:40:00,18,9,6,8,40,450,75,ROUTE D'ORLEANS,47.89558,1.85835,Plein jour,En agglomération,Hors intersection,Normale,Trois véhicules et plus - en chaîne,,,,,,,,,,,1,2,1,1.0,4.0
201800026913,0018-09-08 16:23:00,18,9,8,16,23,450,286,RTE SANDILLON/RTE ST CYR,47.88005,1.93459,Plein jour,En agglomération,Intersection en T,Normale,Deux véhicules - frontale,,,,,,,,,,,1,2,3,1.0,1.0
201800026914,0018-09-10 09:00:00,18,9,10,9,0,450,234,QU CYPIERRE/R G TEMPLIER,47.89822,1.90368,Plein jour,En agglomération,Intersection en Y,Temps éblouissant,Deux véhicules - arrière,,,,,,,,,,,1,2,4,7.0,2.0
201800026915,0018-09-10 13:40:00,18,9,10,13,40,450,285,R AGATHES/R TURQUOISES,47.92338,1.87827,Plein jour,En agglomération,Intersection en X,Normale,Deux véhicules - arrière,,,,,,,,,,,1,2,2,1.0,2.0
201800026916,0018-09-11 08:25:00,18,9,11,8,25,450,302,R D JONQUILLES/M GENEVOI,47.95398,1.88647,Plein jour,En agglomération,Intersection en T,Temps éblouissant,Deux véhicules - côté,,,,,,,,,,,1,2,3,7.0,3.0
201800026917,0018-09-11 15:40:00,18,9,11,15,40,450,274,RTE DE SANDILLON/R MOULI,47.87177,1.94966,Plein jour,En agglomération,Intersection en T,Normale,Deux véhicules - arrière,,,,,,,,,,,1,2,3,1.0,2.0
201800026918,0018-09-12 13:11:00,18,9,12,13,11,450,169,76 RUE DU CHATEAU D'EAU,47.92726,1.83176,Plein jour,En agglomération,Hors intersection,Normale,Sans collision,,,,,,,,,,,1,2,1,1.0,7.0
201800026919,0018-09-12 17:25:00,18,9,12,17,25,450,234,AVENUE DE L'HOPITAL,47.8336,1.92153,Plein jour,En agglomération,Hors intersection,Normale,Trois véhicules et plus - en chaîne,,,,,,,,,,,1,2,1,1.0,4.0
201800026920,0018-09-14 09:00:00,18,9,14,9,0,450,234,AV PARC FLORAL/R GOBSON,47.84625,1.94093,Plein jour,En agglomération,Intersection en X,Normale,Deux véhicules - côté,,,,,,,,,,,1,2,2,1.0,3.0
201800026921,0018-09-15 18:30:00,18,9,15,18,30,450,234,14 AVENUE JEAN ZAY,47.90527,1.92027,Plein jour,En agglomération,Hors intersection,Normale,Deux véhicules - côté,,,,,,,,,,,1,2,1,1.0,3.0
201800026922,0018-09-15 17:21:00,18,9,15,17,21,450,286,RUE BALLETIERES/HEROULT,47.87058,1.93578,Plein jour,En agglomération,Intersection en T,Normale,Deux véhicules - arrière,,,,,,,,,,,1,2,3,1.0,2.0
201800026923,0018-09-17 13:50:00,18,9,17,13,50,450,234,22 QUAI SAINT LAURENT,47.89798,1.89174,Plein jour,En agglomération,Hors intersection,Normale,Trois véhicules et plus - en chaîne,,,,,,,,,,,1,2,1,1.0,4.0
201800026924,0018-09-20 14:58:00,18,9,20,14,58,450,234,AV PRESIDENT KENNEDY,47.83815,1.93815,Plein jour,En agglomération,Intersection en T,Normale,Deux véhicules - côté,,,,,,,,,,,1,2,3,1.0,3.0
201800026925,0018-09-21 09:05:00,18,9,21,9,5,450,302,D9701-bretelle raccordem,47.94176,1.8884,Plein jour,Hors agglomération,Hors intersection,Pluie légère,Autre collision,,,,,,,,,,,1,1,1,2.0,6.0
201800026926,0018-09-21 22:30:00,18,9,21,22,30,450,234,AV D DE L'HOMME/M STUART,47.91186,1.92324,Nuit avec éclairage allumé,En agglomération,Intersection en X,Normale,Deux véhicules - côté,,,,,,,,,,,5,2,2,1.0,3.0
201800026927,0018-09-22 00:30:00,18,9,22,0,30,450,302,RD2020/R DE LA MONTJOIE,47.95181,1.89148,Nuit avec éclairage allumé,En agglomération,Intersection en X,Normale,Deux véhicules - frontale,,,,,,,,,,,5,2,2,1.0,1.0
201800026928,0018-09-23 08:45:00,18,9,23,8,45,450,285,108 R CHARLES BEAUHAIRE,47.91379,1.87224,Crépuscule ou aube,En agglomération,Hors intersection,Pluie légère,Autre collision,,,,,,,,,,,2,2,1,2.0,6.0
201800026929,0018-09-23 16:50:00,18,9,23,16,50,450,234,RUE DU GROS RAISIN,47.89159,1.88663,Plein jour,En agglomération,Hors intersection,Pluie légère,Sans collision,,,,,,,,,,,1,2,1,2.0,7.0
201800026930,0018-09-24 06:50:00,18,9,24,6,50,450,147,RUE MARC SANGNIER,47.921,1.912,Nuit avec éclairage allumé,En agglomération,Autre intersection,Normale,Deux véhicules - côté,,,,,,,,,,,5,2,9,1.0,3.0
201800026931,0018-09-24 16:15:00,18,9,24,16,15,450,234,AV ALAIN SAVARY,47.88895,1.90542,Plein jour,En agglomération,Hors intersection,Temps éblouissant,Autre collision,,,,,,,,,,,1,2,1,7.0,6.0
201800026932,0018-09-25 13:50:00,18,9,25,13,50,450,232,421 AVENUE DULOIRET,47.87451,1.90452,Plein jour,En agglomération,Hors intersection,Normale,Deux véhicules - côté,,,,,,,,,,,1,2,1,1.0,3.0
201800026933,0018-09-25 18:59:00,18,9,25,18,59,450,234,R PIERRE ET MARIE CURIE,47.91082,1.92934,Plein jour,En agglomération,Hors intersection,Normale,Autre collision,,,,,,,,,,,1,2,1,1.0,6.0
201800026934,0018-09-26 12:50:00,18,9,26,12,50,450,232,R DE CHATEAUROUX/R LA SO,47.85004,1.92949,Plein jour,En agglomération,Intersection en T,Normale,Autre collision,,,,,,,,,,,1,2,3,1.0,6.0
201800026935,0018-09-28 07:45:00,18,9,28,7,45,450,285,PLACE PAUL BERT,47.89874,1.87375,Plein jour,En agglomération,Place,Normale,Deux véhicules - côté,,,,,,,,,,,1,2,7,1.0,3.0
201800026936,0018-09-30 09:00:00,18,9,30,9,0,450,234,PLACE SAINTE CROIX,47.90186,1.90879,Plein jour,En agglomération,Hors intersection,Normale,Autre collision,,,,,,,,,,,1,2,1,1.0,6.0
201800026937,0018-09-30 06:20:00,18,9,30,6,20,450,302,D9520-rocade,47.94179,1.88808,Nuit sans éclairage public,Hors agglomération,Hors intersection,Normale,Sans collision,,,,,,,,,,,3,1,1,1.0,7.0
201800026938,0018-09-30 15:20:00,18,9,30,15,20,450,302,RUE DES FRERES LUMIERE,47.96145,1.88274,Plein jour,En agglomération,Giratoire,Normale,Deux véhicules - côté,,,,,,,,,,,1,2,6,1.0,3.0
201800026939,0018-10-01 13:50:00,18,10,1,13,50,450,274,RUE DE DINETARD,47.8688,1.96632,Plein jour,En agglomération,Hors intersection,Normale,Deux véhicules - frontale,,,,,,,,,,,1,2,1,1.0,1.0
201800026940,0018-10-01 20:05:00,18,10,1,20,5,450,234,R PORTE DUNOISE/M SANGNI,47.90249,1.8808,Nuit avec éclairage allumé,En agglomération,Intersection en T,Normale,Deux véhicules - côté,,,,,,,,,,,5,2,3,1.0,3.0
201800026941,0018-10-02 16:45:00,18,10,2,16,45,450,234,R DU FAUBOURG MADELEINE,47.90048,1.88552,Plein jour,En agglomération,Hors intersection,Normale,Deux véhicules - côté,,,,,,,,,,,1,2,1,1.0,3.0
201800026942,0018-10-02 17:50:00,18,10,2,17,50,450,298,PONT DE L'EUROPE,47.89333,1.87761,Plein jour,En agglomération,Hors intersection,Normale,Autre collision,,,,,,,,,,,1,2,1,1.0,6.0
201800026943,0018-10-04 12:10:00,18,10,4,12,10,450,302,RUE NATIONALE 20,47.95433,1.89113,Plein jour,En agglomération,Hors intersection,Normale,Deux véhicules - arrière,,,,,,,,,,,1,2,1,1.0,2.0
201800026944,0018-09-29 11:30:00,18,9,29,11,30,450,234,RUE DE BARBOTTE,47.8797,1.89399,Plein jour,En agglomération,Hors intersection,Normale,Deux véhicules - arrière,,,,,,,,,,,1,2,1,1.0,2.0
201800026945,0018-10-05 16:05:00,18,10,5,16,5,450,234,AVENUE DE TREVISE,47.8945,1.89952,Plein jour,En agglomération,Hors intersection,Normale,Deux véhicules - côté,,,,,,,,,,,1,2,1,1.0,3.0
201800026946,0018-10-05 18:30:00,18,10,5,18,30,450,234,AV ROGER SECRETAIN,47.88664,1.89635,Plein jour,En agglomération,Hors intersection,Normale,Deux véhicules - arrière,,,,,,,,,,,1,2,1,1.0,2.0
201800026947,0018-10-05 23:20:00,18,10,5,23,20,450,234,101 RUE BASSE D'INGRE,47.90605,1.88385,Nuit avec éclairage allumé,En agglomération,Autre intersection,Normale,Deux véhicules - côté,,,,,,,,,,,5,2,9,1.0,3.0
201800026948,0018-10-08 18:00:00,18,10,8,18,0,450,298,RTE ST MESMIN/R ST PRYVE,47.88469,1.87796,Plein jour,En agglomération,Intersection en T,Normale,Deux véhicules - côté,,,,,,,,,,,1,2,3,1.0,3.0
201800026949,0018-10-10 10:15:00,18,10,10,10,15,450,234,89 FB SAINT JEAN,47.90798,1.88611,Plein jour,En agglomération,Hors intersection,Normale,Autre collision,,,,,,,,,,,1,2,1,1.0,6.0
201800026950,0018-10-10 15:40:00,18,10,10,15,40,450,302,620 RUE NATIONALE 20,47.94397,1.89258,Plein jour,En agglomération,Hors intersection,Normale,Deux véhicules - arrière,,,,,,,,,,,1,2,1,1.0,2.0
201800026951,0018-10-11 09:55:00,18,10,11,9,55,450,302,1485 RUE NATIONALE 20,47.95104,1.89163,Plein jour,En agglomération,Autre intersection,Normale,Deux véhicules - arrière,,,,,,,,,,,1,2,9,1.0,2.0
201800026952,0018-10-11 18:20:00,18,10,11,18,20,450,234,DROI DE L'HOMME/M STUART,47.9117,1.9231,Plein jour,En agglomération,Autre intersection,Pluie légère,Deux véhicules - côté,,,,,,,,,,,1,2,9,2.0,3.0
201800026953,0018-10-11 19:10:00,18,10,11,19,10,450,298,PONT DE L'EUROPE,47.89305,1.87599,Nuit sans éclairage public,En agglomération,Giratoire,Pluie légère,Sans collision,,,,,,,,,,,3,2,6,2.0,7.0
201800026954,0018-10-13 09:20:00,18,10,13,9,20,450,284,12 R DU FG DE BOURGOGNE,47.9011,1.9212,Plein jour,En agglomération,Hors intersection,Normale,Deux véhicules - côté,,,,,,,,,,,1,2,1,1.0,3.0
201800026955,0018-10-13 19:25:00,18,10,13,19,25,450,234,D2020-PR39+190,47.81516,1.92764,Crépuscule ou aube,Hors agglomération,Hors intersection,Normale,Deux véhicules - côté,,,,,,,,,,,2,1,1,1.0,3.0
201800026956,0018-10-15 12:15:00,18,10,15,12,15,450,234,AV DE LA LIBERATION,47.91796,1.9012,Plein jour,En agglomération,Giratoire,Normale,Sans collision,,,,,,,,,,,1,2,6,1.0,7.0
201800026957,0018-10-16 07:50:00,18,10,16,7,50,450,232,AVENUE DU LOIRET,47.8707,1.90383,Crépuscule ou aube,En agglomération,Giratoire,Normale,Autre collision,,,,,,,,,,,2,2,6,1.0,6.0
201800026958,0018-10-16 09:40:00,18,10,16,9,40,450,234,AVRECHERCHE SCIENTIFIQUE,47.83961,1.94289,Plein jour,En agglomération,Giratoire,Normale,Deux véhicules - côté,,,,,,,,,,,1,2,6,1.0,3.0
201800026959,0018-10-17 11:15:00,18,10,17,11,15,450,298,RUE DES QUATRE TOURELLES,47.88758,1.87874,Plein jour,En agglomération,Hors intersection,Normale,Trois véhicules et plus - collisions multiples,,,,,,,,,,,1,2,1,1.0,5.0
201800026960,0018-10-18 11:05:00,18,10,18,11,5,450,285,D520/R P DOUMER,47.91126,1.86703,Plein jour,En agglomération,Intersection en X,Normale,Trois véhicules et plus - en chaîne,,,,,,,,,,,1,2,2,1.0,4.0
201800026961,0018-10-19 08:00:00,18,10,19,8,0,450,234,R CHARTRES/L DE VINCI,47.84556,1.94065,Crépuscule ou aube,En agglomération,Intersection en T,Normale,Deux véhicules - côté,,,,,,,,,,,2,2,3,1.0,3.0
201800026962,0018-10-19 07:30:00,18,10,19,7,30,450,302,RUE MARCEL PAUL,47.9457,1.9084,Nuit avec éclairage allumé,En agglomération,Giratoire,Normale,Deux véhicules - côté,,,,,,,,,,,5,2,6,1.0,3.0
201800026963,0018-10-19 15:54:00,18,10,19,15,54,450,234,R P LAROQUE/R GUIGNEGAUL,47.89047,1.88944,Plein jour,En agglomération,Intersection en X,Normale,Deux véhicules - côté,,,,,,,,,,,1,2,2,1.0,3.0
201800026964,0018-10-21 09:20:00,18,10,21,9,20,450,286,RTE SANDILLON/RTE ST CYR,47.88003,1.93453,Plein jour,En agglomération,Intersection en Y,Normale,Deux véhicules - frontale,,,,,,,,,,,1,2,4,1.0,1.0
201800026965,0018-10-22 18:15:00,18,10,22,18,15,450,234,260 RUE DU FG BANNIER,47.92394,1.89725,Plein jour,En agglomération,Hors intersection,Normale,Trois véhicules et plus - en chaîne,,,,,,,,,,,1,2,1,1.0,4.0
201800026966,0018-10-24 15:15:00,18,10,24,15,15,450,232,D9020.35-bretelle raccor,47.84487,1.91353,Plein jour,En agglomération,Hors intersection,Normale,Autre collision,,,,,,,,,,,1,2,1,1.0,6.0
201800026967,0018-10-25 12:15:00,18,10,25,12,15,450,234,AVENUE DE L'HOPITAL,47.83738,1.92413,Plein jour,En agglomération,Autre intersection,Normale,Deux véhicules - arrière,,,,,,,,,,,1,2,9,1.0,2.0
201800026968,0018-10-20 19:00:00,18,10,20,19,0,450,234,MUNSTER (AVENUE DE),47.91258,1.90607,Crépuscule ou aube,En agglomération,Hors intersection,Normale,Autre collision,,,,,,,,,,,2,2,1,1.0,6.0
201800026969,0018-10-26 16:34:00,18,10,26,16,34,450,234,AVENUE DE L'HOPITAL,47.83154,1.91967,Plein jour,En agglomération,Intersection en T,Normale,Deux véhicules - côté,,,,,,,,,,,1,2,3,1.0,3.0
201800026970,0018-10-26 18:50:00,18,10,26,18,50,450,302,FAUCHEUX (RUE ANATOLE),47.93537,1.8732,Nuit avec éclairage allumé,En agglomération,Hors intersection,Temps couvert,Trois véhicules et plus - en chaîne,,,,,,,,,,,5,2,1,8.0,4.0