accident_id,datetime,annee,mois,jour,heure,minute,departement,commune_insee,adresse,latitude,longitude,luminosite,agglomeration,intersection,meteo,collision,nb_vehicules,nb_usagers,nb_indemnes,nb_tues,nb_blesses_hosp,nb_blesses_legers,age_cond_1,age_cond_2,veh_type_cond_1,veh_type_cond_2,lum_code,agg_code,int_code,atm_code,col_code
201800027209,0018-03-28 10:00:00,18,3,28,10,0,490,7,ATLANTIQUE  AVENUE DE L',47.46956,-0.5957,Plein jour,Hors agglomération,Hors intersection,Normale,Deux véhicules - côté,,,,,,,,,,,1,1,1,1.0,3.0
201800027210,0018-03-28 22:50:00,18,3,28,22,50,490,7,"3, POIREL BOULEVARD",47.46221,-0.56264,Nuit avec éclairage non allumé,En agglomération,Hors intersection,Normale,Sans collision,,,,,,,,,,,4,2,1,1.0,7.0
201800027211,0018-03-28 16:13:00,18,3,28,16,13,490,7,"19, BEAUSSIER BOULEVARD",47.47992,-0.59534,Plein jour,En agglomération,Hors intersection,Normale,Deux véhicules - frontale,,,,,,,,,,,1,2,1,1.0,1.0
201800027212,0018-03-28 17:48:00,18,3,28,17,48,490,7,"35, AYRAULT",47.47571,-0.54909,Plein jour,En agglomération,Hors intersection,Normale,Deux véhicules - frontale,,,,,,,,,,,1,2,1,1.0,1.0
201800027213,0018-03-24 09:30:00,18,3,24,9,30,490,7,VALLON,47.46335,-0.60189,Plein jour,En agglomération,Giratoire,Normale,Sans collision,,,,,,,,,,,1,2,6,1.0,7.0
201800027214,0018-03-29 08:35:00,18,3,29,8,35,490,7,"00, CHATENAY AVENUE VICT",47.48636,-0.51422,Plein jour,En agglomération,Hors intersection,Pluie légère,Autre collision,,,,,,,,,,,1,2,1,2.0,6.0
201800027215,0018-03-29 16:46:00,18,3,29,16,46,490,7,"00, MOULIN BOULEVARD",47.49225,-0.55141,Plein jour,Hors agglomération,Hors intersection,Pluie légère,Deux véhicules - côté,,,,,,,,,,,1,1,1,2.0,3.0
201800027216,0018-03-29 15:08:00,18,3,29,15,8,490,353,GARE,47.45352,-0.46963,Plein jour,En agglomération,Giratoire,Pluie légère,Autre collision,,,,,,,,,,,1,2,6,2.0,6.0
201800027217,0018-03-24 10:55:00,18,3,24,10,55,490,7,RALLIEMENT PLACE,47.47156,-0.55202,Plein jour,En agglomération,Hors intersection,Normale,Sans collision,,,,,,,,,,,1,2,1,1.0,7.0
201800027218,0018-03-31 13:30:00,18,3,31,13,30,490,7,MAINE,47.48193,-0.54326,Plein jour,En agglomération,Intersection en X,Normale,Deux véhicules - côté,,,,,,,,,,,1,2,2,1.0,3.0
201800027219,0018-03-31 15:45:00,18,3,31,15,45,490,267,"0, PATIS",47.47293,-0.51366,Plein jour,En agglomération,Hors intersection,Temps couvert,Deux véhicules - arrière,,,,,,,,,,,1,2,1,8.0,2.0
201800027220,0018-04-03 05:30:00,18,4,3,5,30,490,7,ATLANTIQUE  AVENUE DE L',47.46451,-0.57335,Nuit avec éclairage allumé,En agglomération,Hors intersection,Normale,Autre collision,,,,,,,,,,,5,2,1,1.0,6.0
201800027221,0018-04-02 16:18:00,18,4,2,16,18,490,7,AYRAULT,47.47619,-0.55096,Plein jour,En agglomération,Intersection en T,Normale,Deux véhicules - arrière,,,,,,,,,,,1,2,3,1.0,2.0
201800027222,0018-04-03 17:55:00,18,4,3,17,55,490,7,MOULIN PONT ET PLACE,47.48889,-0.54527,Plein jour,En agglomération,Autre intersection,Normale,Deux véhicules - arrière,,,,,,,,,,,1,2,9,1.0,2.0
201800027223,0018-04-04 16:30:00,18,4,4,16,30,490,7,MONTAIGNE AVENUE,47.46825,-0.53068,Plein jour,En agglomération,Hors intersection,Temps couvert,Deux véhicules - arrière,,,,,,,,,,,1,2,1,8.0,2.0
201800027224,0018-04-04 16:58:00,18,4,4,16,58,490,7,GRENIERS SAINT JEAN,47.47851,-0.55887,Plein jour,En agglomération,Hors intersection,Temps couvert,Autre collision,,,,,,,,,,,1,2,1,8.0,6.0
201800027225,0018-03-29 08:09:00,18,3,29,8,9,490,7,BAUMETTE PROMENADE,47.45744,-0.57032,Plein jour,En agglomération,Hors intersection,Pluie légère,Sans collision,,,,,,,,,,,1,2,1,2.0,7.0
201800027226,0018-04-05 15:29:00,18,4,5,15,29,490,7,LIBERTE BOULEVARD,47.44889,-0.53382,Plein jour,En agglomération,Intersection en X,Normale,Deux véhicules - côté,,,,,,,,,,,1,2,2,1.0,3.0
201800027227,0018-04-06 09:59:00,18,4,6,9,59,490,7,BESNADIERE,47.47696,-0.54717,Plein jour,En agglomération,Hors intersection,Temps couvert,Autre collision,,,,,,,,,,,1,2,1,8.0,6.0
201800027228,0018-04-07 13:26:00,18,4,7,13,26,490,7,MEIGNANNE,47.47891,-0.57007,Plein jour,En agglomération,Intersection en X,Pluie légère,Deux véhicules - frontale,,,,,,,,,,,1,2,2,2.0,1.0
201800027229,0018-04-09 18:00:00,18,4,9,18,0,490,15,RD 122,47.50021,-0.62267,Plein jour,Hors agglomération,Intersection en X,Pluie légère,Autre collision,,,,,,,,,,,1,1,2,2.0,6.0
201800027230,0018-04-09 16:45:00,18,4,9,16,45,490,353,BARA,47.44319,-0.48347,Plein jour,En agglomération,Autre intersection,Pluie légère,Deux véhicules - arrière,,,,,,,,,,,1,2,9,2.0,2.0
201800027231,0018-04-10 15:30:00,18,4,10,15,30,490,7,AYRAULT,47.47569,-0.54948,Plein jour,En agglomération,Autre intersection,Normale,Deux véhicules - côté,,,,,,,,,,,1,2,9,1.0,3.0
201800027232,0018-04-10 16:23:00,18,4,10,16,23,490,267,BOIS RINIER,47.47616,-0.49643,Plein jour,En agglomération,Hors intersection,Normale,Deux véhicules - frontale,,,,,,,,,,,1,2,1,1.0,1.0
201800027233,0018-04-06 15:10:00,18,4,6,15,10,490,7,PROUDHON,47.47097,-0.60222,Plein jour,Hors agglomération,Hors intersection,Temps couvert,Autre collision,,,,,,,,,,,1,1,1,8.0,6.0
201800027234,0018-04-10 13:30:00,18,4,10,13,30,490,7,BARRE CITE ET RUE,47.47204,-0.59254,Plein jour,En agglomération,Autre intersection,Normale,Trois véhicules et plus - collisions multiples,,,,,,,,,,,1,2,9,1.0,5.0
201800027235,0018-04-10 17:13:00,18,4,10,17,13,490,7,GRAND LAUNAY,47.46783,-0.59405,Plein jour,En agglomération,Hors intersection,Normale,Deux véhicules - côté,,,,,,,,,,,1,2,1,1.0,3.0
201800027236,0018-04-10 21:40:00,18,4,10,21,40,490,7,PLANTAGENET,47.4728,-0.5562,Nuit avec éclairage allumé,En agglomération,Hors intersection,Normale,Autre collision,,,,,,,,,,,5,2,1,1.0,6.0
201800027237,0018-04-10 17:50:00,18,4,10,17,50,490,7,DETRICHE BOULEVARD,47.44644,-0.53365,Plein jour,En agglomération,Hors intersection,Temps couvert,Autre collision,,,,,,,,,,,1,2,1,8.0,6.0
201800027238,0018-04-12 09:25:00,18,4,12,9,25,490,7,VOLNEY,47.4646,-0.54852,Plein jour,En agglomération,Hors intersection,Normale,Autre collision,,,,,,,,,,,1,2,1,1.0,6.0
201800027239,0018-04-14 21:09:00,18,4,14,21,9,490,7,BEAUREPAIRE,47.47363,-0.55905,Nuit avec éclairage allumé,En agglomération,Intersection en X,Pluie légère,Sans collision,,,,,,,,,,,5,2,2,2.0,7.0
201800027240,0018-04-13 16:55:00,18,4,13,16,55,490,7,ATLANTIQUE  AVENUE DE L',47.46568,-0.58065,Plein jour,Hors agglomération,Autre intersection,Normale,Deux véhicules - arrière,,,,,,,,,,,1,1,9,1.0,2.0
201800027241,0018-04-13 16:58:00,18,4,13,16,58,490,267,A87N,47.47945,-0.50012,Plein jour,Hors agglomération,Hors intersection,Pluie légère,Deux véhicules - arrière,,,,,,,,,,,1,1,1,2.0,2.0
201800027242,0018-04-13 12:16:00,18,4,13,12,16,490,7,PATTON AVENUE,47.47372,-0.58318,Plein jour,En agglomération,Hors intersection,Normale,Autre collision,,,,,,,,,,,1,2,1,1.0,6.0
201800027243,0018-04-16 18:30:00,18,4,16,18,30,490,7,PASTEUR AVENUE,47.47891,-0.52846,Plein jour,En agglomération,Hors intersection,Normale,Autre collision,,,,,,,,,,,1,2,1,1.0,6.0
201800027244,0018-04-16 15:49:00,18,4,16,15,49,490,7,MAINE,47.47932,-0.54594,Plein jour,En agglomération,Hors intersection,Normale,Deux véhicules - côté,,,,,,,,,,,1,2,1,1.0,3.0
201800027245,0018-04-16 13:23:00,18,4,16,13,23,490,15,MENDES FRANCE AVENUE PIE,47.49834,-0.58226,Plein jour,En agglomération,Hors intersection,Normale,Autre collision,,,,,,,,,,,1,2,1,1.0,6.0
201800027246,0018-04-18 15:24:00,18,4,18,15,24,490,246,PETIT POUILLE CHEMIN ET,47.43192,-0.53097,Plein jour,En agglomération,Hors intersection,Normale,Sans collision,,,,,,,,,,,1,2,1,1.0,7.0
201800027247,0018-04-20 01:45:00,18,4,20,1,45,490,7,MOULIN BOULEVARD,47.49161,-0.55745,Nuit avec éclairage allumé,En agglomération,Hors intersection,Normale,Autre collision,,,,,,,,,,,5,2,1,1.0,6.0
201800027248,0018-04-19 15:11:00,18,4,19,15,11,490,7,SAINT LAZARE,47.4805,-0.56634,Plein jour,En agglomération,Intersection en T,Normale,Deux véhicules - frontale,,,,,,,,,,,1,2,3,1.0,1.0
201800027249,0018-04-20 18:00:00,18,4,20,18,0,490,7,MONPLAISIR BOULEVARD,47.49067,-0.52569,Plein jour,En agglomération,Hors intersection,Normale,Deux véhicules - arrière,,,,,,,,,,,1,2,1,1.0,2.0
201800027250,0018-04-20 17:03:00,18,4,20,17,3,490,353,LEFEVRE,47.44346,-0.48877,Plein jour,En agglomération,Hors intersection,Normale,Autre collision,,,,,,,,,,,1,2,1,1.0,6.0
201800027251,0018-04-20 18:10:00,18,4,20,18,10,490,7,BOUTEILLERIE,47.47993,-0.52966,Plein jour,En agglomération,Hors intersection,Normale,Autre collision,,,,,,,,,,,1,2,1,1.0,6.0
201800027252,0018-04-21 10:30:00,18,4,21,10,30,490,7,NEY PLACE,47.47859,-0.54446,Plein jour,En agglomération,Hors intersection,Normale,Deux véhicules - côté,,,,,,,,,,,1,2,1,1.0,3.0
201800027253,0018-04-21 11:15:00,18,4,21,11,15,490,7,DEUX CROIX BOULEVARD,47.47663,-0.52821,Plein jour,En agglomération,Hors intersection,Normale,Autre collision,,,,,,,,,,,1,2,1,1.0,6.0
201800027254,0018-04-21 17:48:00,18,4,21,17,48,490,7,BERANGER,47.47149,-0.53412,Plein jour,En agglomération,Intersection en X,Normale,Deux véhicules - côté,,,,,,,,,,,1,2,2,1.0,3.0
201800027255,0018-04-22 18:15:00,18,4,22,18,15,490,7,RESISTANCE ET DEPORTATIO,47.47053,-0.54757,Plein jour,En agglomération,Hors intersection,Normale,Autre collision,,,,,,,,,,,1,2,1,1.0,6.0
201800027256,0018-04-23 13:51:00,18,4,23,13,51,490,7,DEUX CROIX BOULEVARD,47.47812,-0.52816,Plein jour,En agglomération,Hors intersection,Normale,Autre collision,,,,,,,,,,,1,2,1,1.0,6.0
201800027257,0018-04-24 08:20:00,18,4,24,8,20,490,7,ROMANERIE BOULEVARD,47.48573,-0.5112,Plein jour,En agglomération,Giratoire,Normale,Autre collision,,,,,,,,,,,1,2,6,1.0,6.0
201800027258,0018-04-21 10:13:00,18,4,21,10,13,490,246,HUGO VICTOR RUE,47.42764,-0.52708,Plein jour,Hors agglomération,Hors intersection,Normale,Autre collision,,,,,,,,,,,1,1,1,1.0,6.0
201800027259,0018-04-26 17:12:00,18,4,26,17,12,490,7,LEROY PLACE,47.46499,-0.54914,Plein jour,En agglomération,Hors intersection,Normale,Deux véhicules - arrière,,,,,,,,,,,1,2,1,1.0,2.0
201800027260,0018-04-26 10:06:00,18,4,26,10,6,490,246,DAVID D'ANGERS,47.43782,-0.53173,Plein jour,En agglomération,Hors intersection,Normale,Sans collision,,,,,,,,,,,1,2,1,1.0,7.0
201800027261,0018-04-27 07:34:00,18,4,27,7,34,490,267,ANGERS ROUTE,47.47037,-0.516,Plein jour,En agglomération,Giratoire,Normale,Sans collision,,,,,,,,,,,1,2,6,1.0,7.0
201800027262,0018-04-15 06:40:00,18,4,15,6,40,490,7,FAURE QUAI,47.48082,-0.5505,Crépuscule ou aube,En agglomération,Autre intersection,Normale,Autre collision,,,,,,,,,,,2,2,9,1.0,6.0
201800027263,0018-04-27 17:33:00,18,4,27,17,33,490,353,MOULIN AVENUE,47.44414,-0.4903,Plein jour,En agglomération,Hors intersection,Temps couvert,Autre collision,,,,,,,,,,,1,2,1,8.0,6.0
201800027264,0018-04-29 19:22:00,18,4,29,19,22,490,7,MEIGNANNE,47.47757,-0.56794,Plein jour,En agglomération,Hors intersection,Normale,Sans collision,,,,,,,,,,,1,2,1,1.0,7.0
201800027265,0018-04-28 18:20:00,18,4,28,18,20,490,7,MICHEL,47.4734,-0.54489,Plein jour,En agglomération,Hors intersection,Normale,Autre collision,,,,,,,,,,,1,2,1,1.0,6.0
201800027266,0018-04-27 19:29:00,18,4,27,19,29,490,7,auriol,47.49838,-0.56511,Plein jour,En agglomération,Giratoire,Temps couvert,Deux véhicules - côté,,,,,,,,,,,1,2,6,8.0,3.0
201800027267,0018-04-27 08:10:00,18,4,27,8,10,490,353,MALEMBARDIERES,47.45094,-0.4728,Plein jour,Hors agglomération,Hors intersection,Normale,Deux véhicules - arrière,,,,,,,,,,,1,1,1,1.0,2.0
201800027268,0018-04-30 11:40:00,18,4,30,11,40,490,267,A87N,47.46652,-0.51615,Plein jour,Hors agglomération,Hors intersection,Normale,Autre collision,,,,,,,,,,,1,1,1,1.0,6.0
201800027269,0018-04-27 14:15:00,18,4,27,14,15,490,7,FOCH BOULEVARD,47.46706,-0.55288,Plein jour,En agglomération,Hors intersection,Normale,Sans collision,,,,,,,,,,,1,2,1,1.0,7.0
201800027270,0018-05-02 14:00:00,18,5,2,14,0,490,267,LEVRAUDIERES,47.46665,-0.46866,Plein jour,Hors agglomération,Intersection en X,Normale,Deux véhicules - côté,,,,,,,,,,,1,1,2,1.0,3.0
201800027271,0018-05-02 21:32:00,18,5,2,21,32,490,7,STRASBOURG BOULEVARD,47.457,-0.55387,Plein jour,En agglomération,Intersection en X,Normale,Deux véhicules - côté,,,,,,,,,,,1,2,2,1.0,3.0
201800027272,0018-05-02 08:45:00,18,5,2,8,45,490,7,SAUMUROISE IMPASSE ET RU,47.45933,-0.53538,Plein jour,En agglomération,Hors intersection,Normale,Deux véhicules - côté,,,,,,,,,,,1,2,1,1.0,3.0
201800027273,0018-05-03 18:45:00,18,5,3,18,45,490,246,DAVID D'ANGERS,47.43564,-0.53066,Plein jour,En agglomération,Hors intersection,Normale,Sans collision,,,,,,,,,,,1,2,1,1.0,7.0
201800027274,0018-05-05 18:12:00,18,5,5,18,12,490,7,BICHON PLACE,47.4791,-0.56463,Plein jour,En agglomération,Hors intersection,Normale,Autre collision,,,,,,,,,,,1,2,1,1.0,6.0
201800027275,0018-05-06 14:30:00,18,5,6,14,30,490,7,FOCH BOULEVARD,47.46928,-0.54953,Plein jour,En agglomération,Hors intersection,Normale,Autre collision,,,,,,,,,,,1,2,1,1.0,6.0
201800027276,0018-05-05 02:15:00,18,5,5,2,15,490,7,ATLANTIQUE  AVENUE DE L',47.46947,-0.59359,Nuit sans éclairage public,Hors agglomération,Hors intersection,Normale,Deux véhicules - arrière,,,,,,,,,,,3,1,1,1.0,2.0
201800027277,0018-05-08 13:35:00,18,5,8,13,35,490,7,DUNANT BOULEVARD,47.48563,-0.5333,Plein jour,En agglomération,Hors intersection,Normale,Deux véhicules - côté,,,,,,,,,,,1,2,1,1.0,3.0
201800027278,0018-05-07 11:10:00,18,5,7,11,10,490,353,BAHONNEAU BOULEVARD,47.44953,-0.48592,Plein jour,Hors agglomération,Giratoire,Normale,Deux véhicules - côté,,,,,,,,,,,1,1,6,1.0,3.0
201800027279,0018-05-08 19:11:00,18,5,8,19,11,490,7,VOLNEY,47.45566,-0.53,Plein jour,En agglomération,Hors intersection,Normale,Autre collision,,,,,,,,,,,1,2,1,1.0,6.0
201800027280,0018-05-08 04:45:00,18,5,8,4,45,490,267,CHANTERIE,47.47676,-0.50477,Nuit sans éclairage public,Hors agglomération,Hors intersection,Normale,Deux véhicules - côté,,,,,,,,,,,3,1,1,1.0,3.0
201800027281,0018-05-09 13:55:00,18,5,9,13,55,490,7,ROMANERIE BOULEVARD,47.48597,-0.51186,Plein jour,En agglomération,Hors intersection,Normale,Autre collision,,,,,,,,,,,1,2,1,1.0,6.0
201800027282,0018-05-09 16:35:00,18,5,9,16,35,490,7,TOUSSAINT RUE ET IMPASSE,47.46925,-0.55715,Plein jour,En agglomération,Hors intersection,Normale,Autre collision,,,,,,,,,,,1,2,1,1.0,6.0
201800027283,0018-05-12 17:10:00,18,5,12,17,10,490,246,MOULIN MARCILLE CHEMIN,47.43573,-0.50207,Plein jour,En agglomération,Hors intersection,Pluie légère,Sans collision,,,,,,,,,,,1,2,1,2.0,7.0
201800027284,0018-05-12 17:30:00,18,5,12,17,30,490,7,DEUX CROIX BOULEVARD,47.47344,-0.52994,Plein jour,En agglomération,Hors intersection,Normale,Deux véhicules - arrière,,,,,,,,,,,1,2,1,1.0,2.0
201800027285,0018-05-11 14:14:00,18,5,11,14,14,490,7,GRAND LAUNAY,47.46769,-0.59291,Plein jour,En agglomération,Giratoire,Normale,Autre collision,,,,,,,,,,,1,2,6,1.0,6.0
201800027286,0018-05-11 14:05:00,18,5,11,14,5,490,7,ROI RENE BOULEVARD,47.46909,-0.55988,Plein jour,En agglomération,Hors intersection,Normale,Sans collision,,,,,,,,,,,1,2,1,1.0,7.0
201800027287,0018-05-12 10:27:00,18,5,12,10,27,490,246,CHAUVIN AVENUE,47.43354,-0.52973,Plein jour,En agglomération,Hors intersection,Normale,Sans collision,,,,,,,,,,,1,2,1,1.0,7.0
201800027288,0018-05-15 17:10:00,18,5,15,17,10,490,267,PATIS,47.47435,-0.51552,Plein jour,En agglomération,Giratoire,Normale,Deux véhicules - arrière,,,,,,,,,,,1,2,6,1.0,2.0
201800027289,0018-05-16 09:45:00,18,5,16,9,45,490,7,GASNIER AVENUE,47.48376,-0.57048,Plein jour,En agglomération,Hors intersection,Normale,Deux véhicules - côté,,,,,,,,,,,1,2,1,1.0,3.0
201800027290,0018-05-16 18:22:00,18,5,16,18,22,490,7,COMMERCE,47.47508,-0.54997,Plein jour,En agglomération,Hors intersection,Normale,Deux véhicules - côté,,,,,,,,,,,1,2,1,1.0,3.0
201800027291,0018-05-17 18:40:00,18,5,17,18,40,490,267,RD 116,47.48706,-0.48558,Plein jour,Hors agglomération,Hors intersection,Normale,Deux véhicules - arrière,,,,,,,,,,,1,1,1,1.0,2.0
201800027292,0018-05-20 15:55:00,18,5,20,15,55,490,7,LAREVELLIERE,47.47173,-0.53702,Plein jour,En agglomération,Hors intersection,Normale,Sans collision,,,,,,,,,,,1,2,1,1.0,7.0
201800027293,0018-05-18 11:30:00,18,5,18,11,30,490,7,RAMON BOULEVARD,47.48653,-0.53778,Plein jour,En agglomération,Hors intersection,Normale,Deux véhicules - côté,,,,,,,,,,,1,2,1,1.0,3.0
201800027294,0018-05-19 14:30:00,18,5,19,14,30,490,7,BIRGE BOULEVARD,47.47443,-0.51969,Plein jour,En agglomération,Intersection en X,Normale,Deux véhicules - côté,,,,,,,,,,,1,2,2,1.0,3.0
201800027295,0018-05-20 11:38:00,18,5,20,11,38,490,353,VAILLANT COUTURIER,47.45045,-0.49117,Plein jour,En agglomération,Hors intersection,Normale,Deux véhicules - côté,,,,,,,,,,,1,2,1,1.0,3.0
201800027296,0018-05-18 08:50:00,18,5,18,8,50,490,7,GAULLE BOULEVARD CHARLES,47.46992,-0.56174,Plein jour,En agglomération,Hors intersection,Normale,Autre collision,,,,,,,,,,,1,2,1,1.0,6.0
201800027297,0018-05-19 02:50:00,18,5,19,2,50,490,15,PERRIERE ROUTE DE LA,47.50979,-0.57707,Nuit sans éclairage public,En agglomération,Hors intersection,Normale,Sans collision,,,,,,,,,,,3,2,1,1.0,7.0
201800027298,0018-05-21 12:00:00,18,5,21,12,0,490,7,ECCE HOMO BOULEVARD,47.46424,-0.56483,Plein jour,En agglomération,Intersection en X,Normale,Deux véhicules - frontale,,,,,,,,,,,1,2,2,1.0,1.0
201800027299,0018-05-22 01:35:00,18,5,22,1,35,490,7,SAINTE THERESE PLACE,47.48067,-0.56392,Nuit avec éclairage allumé,En agglomération,Place,Normale,Autre collision,,,,,,,,,,,5,2,7,1.0,6.0
201800027300,0018-05-22 08:32:00,18,5,22,8,32,490,7,BARRE CITE ET RUE,47.47207,-0.5868,Plein jour,En agglomération,Hors intersection,Normale,Deux véhicules - côté,,,,,,,,,,,1,2,1,1.0,3.0
201800027301,0018-05-22 22:50:00,18,5,22,22,50,490,7,LIBERTE BOULEVARD,47.44868,-0.5356,Nuit sans éclairage public,En agglomération,Hors intersection,Normale,Autre collision,,,,,,,,,,,3,2,1,1.0,6.0
201800027302,0018-05-22 14:02:00,18,5,22,14,2,490,7,MONTAIGNE AVENUE,47.46978,-0.53398,Plein jour,En agglomération,Hors intersection,Normale,Deux véhicules - côté,,,,,,,,,,,1,2,1,1.0,3.0
201800027303,0018-05-23 18:08:00,18,5,23,18,8,490,7,NID DE  PIE,47.47185,-0.59982,Plein jour,En agglomération,Hors intersection,Normale,Deux véhicules - côté,,,,,,,,,,,1,2,1,1.0,3.0
201800027304,0018-05-24 01:20:00,18,5,24,1,20,490,7,CHURCHILL AVENUE ET SQUA,47.45117,-0.55735,Nuit avec éclairage allumé,En agglomération,Hors intersection,Normale,Sans collision,,,,,,,,,,,5,2,1,1.0,7.0
201800027305,0018-05-24 17:32:00,18,5,24,17,32,490,7,BARDOUL,47.47518,-0.54286,Plein jour,En agglomération,Hors intersection,Normale,Deux véhicules - côté,,,,,,,,,,,1,2,1,1.0,3.0
201800027306,0018-05-24 21:10:00,18,5,24,21,10,490,7,ROE,47.47187,-0.55242,Nuit avec éclairage allumé,En agglomération,Hors intersection,Normale,Sans collision,,,,,,,,,,,5,2,1,1.0,7.0
201800027307,0018-05-26 19:45:00,18,5,26,19,45,490,7,MOULIN BOULEVARD,47.49628,-0.5602,Plein jour,En agglomération,Hors intersection,Pluie légère,Sans collision,,,,,,,,,,,1,2,1,2.0,7.0
201800027308,0018-05-25 15:56:00,18,5,25,15,56,490,267,HERAUDIERES,47.46357,-0.48937,Plein jour,En agglomération,Hors intersection,Normale,Deux véhicules - côté,,,,,,,,,,,1,2,1,1.0,3.0
201800027309,0018-05-25 15:02:00,18,5,25,15,2,490,7,PATTON AVENUE,47.47316,-0.59807,Plein jour,En agglomération,Hors intersection,Normale,Autre collision,,,,,,,,,,,1,2,1,1.0,6.0
201800027310,0018-05-26 03:08:00,18,5,26,3,8,490,353,CURIE PIERRE ET MARIE,47.45596,-0.50709,Nuit sans éclairage public,Hors agglomération,Hors intersection,Normale,Autre collision,,,,,,,,,,,3,1,1,1.0,6.0
201800027311,0018-05-28 11:59:00,18,5,28,11,59,490,246,BROSSE CHEMINE DE LA,47.43912,-0.50555,Plein jour,En agglomération,Intersection en X,Normale,Deux véhicules - côté,,,,,,,,,,,1,2,2,1.0,3.0
201800027312,0018-05-29 17:55:00,18,5,29,17,55,490,267,A87N,47.47155,-0.50941,Plein jour,Hors agglomération,Hors intersection,Pluie légère,Deux véhicules - arrière,,,,,,,,,,,1,1,1,2.0,2.0
201800027313,0018-05-30 22:50:00,18,5,30,22,50,490,7,PLANTAGENET,47.47263,-0.55474,Nuit avec éclairage allumé,En agglomération,Hors intersection,Pluie légère,Deux véhicules - côté,,,,,,,,,,,5,2,1,2.0,3.0
201800027314,0018-05-30 14:05:00,18,5,30,14,5,490,7,CARMES QUAI ET RUE,47.47302,-0.56004,Plein jour,En agglomération,Hors intersection,Normale,Sans collision,,,,,,,,,,,1,2,1,1.0,7.0
201800027315,0018-05-30 12:52:00,18,5,30,12,52,490,267,A87N,47.43342,-0.508,Plein jour,Hors agglomération,Hors intersection,Normale,Autre collision,,,,,,,,,,,1,1,1,1.0,6.0
201800027316,0018-05-30 20:13:00,18,5,30,20,13,490,15,ARDENNE RUE ET CHEMIN,47.51704,-0.59193,Crépuscule ou aube,Hors agglomération,Hors intersection,Pluie légère,Autre collision,,,,,,,,,,,2,1,1,2.0,6.0
201800027317,0018-06-02 19:00:00,18,6,2,19,0,490,7,MAURIAC SQUARE,47.4459,-0.56625,Plein jour,En agglomération,Autre intersection,Normale,Autre collision,,,,,,,,,,,1,2,9,1.0,6.0
201800027318,0018-06-05 20:15:00,18,6,5,20,15,490,7,JEAN XXIII AVENUE,47.44591,-0.55887,Plein jour,En agglomération,Hors intersection,Normale,Deux véhicules - côté,,,,,,,,,,,1,2,1,1.0,3.0
201800027319,0018-06-05 17:14:00,18,6,5,17,14,490,7,MADELEINE,47.46253,-0.54031,Plein jour,En agglomération,Hors intersection,Normale,Deux véhicules - côté,,,,,,,,,,,1,2,1,1.0,3.0
201800027320,0018-06-05 20:03:00,18,6,5,20,3,490,7,EPINARD ROUTE,47.48967,-0.56286,Crépuscule ou aube,En agglomération,Intersection en X,Normale,Deux véhicules - côté,,,,,,,,,,,2,2,2,1.0,3.0
201800027321,0018-06-06 07:35:00,18,6,6,7,35,490,267,GIBAUDIERE,47.48259,-0.50963,Plein jour,En agglomération,Hors intersection,Pluie légère,Autre collision,,,,,,,,,,,1,2,1,2.0,6.0
201800027322,0018-06-06 11:39:00,18,6,6,11,39,490,7,ACADEMIE PLACE,47.46779,-0.55899,Plein jour,En agglomération,Intersection en X,Pluie légère,Deux véhicules - côté,,,,,,,,,,,1,2,2,2.0,3.0
201800027323,0018-06-06 09:03:00,18,6,6,9,3,490,15,POMPIDOU AVENUE GEORGES,47.49761,-0.59158,Plein jour,En agglomération,Hors intersection,Normale,Sans collision,,,,,,,,,,,1,2,1,1.0,7.0
201800027324,0018-06-07 07:45:00,18,6,7,7,45,490,7,LISE,47.47333,-0.544,Plein jour,En agglomération,Hors intersection,Pluie légère,Sans collision,,,,,,,,,,,1,2,1,2.0,7.0
201800027325,0018-06-08 17:30:00,18,6,8,17,30,490,7,BARANGE BOULEVARD,47.45492,-0.56891,Plein jour,En agglomération,Hors intersection,Normale,Trois véhicules et plus - en chaîne,,,,,,,,,,,1,2,1,1.0,4.0
201800027326,0018-06-09 22:21:00,18,6,9,22,21,490,7,LANDE,47.47591,-0.59435,Crépuscule ou aube,En agglomération,Hors intersection,Normale,Autre collision,,,,,,,,,,,2,2,1,1.0,6.0
201800027327,0018-06-08 19:40:00,18,6,8,19,40,490,246,SORGES ROUTE,47.4311,-0.51666,Plein jour,Hors agglomération,Hors intersection,Normale,Autre collision,,,,,,,,,,,1,1,1,1.0,6.0
201800027328,0018-06-09 02:45:00,18,6,9,2,45,490,267,A87N,47.46157,-0.51736,Nuit avec éclairage allumé,Hors agglomération,Hors intersection,Normale,Autre collision,,,,,,,,,,,5,1,1,1.0,6.0
201800027329,0018-06-08 20:41:00,18,6,8,20,41,490,7,DAVIERS BOULEVARD,47.47883,-0.55661,Plein jour,En agglomération,Hors intersection,Normale,Autre collision,,,,,,,,,,,1,2,1,1.0,6.0
201800027330,0018-06-10 01:24:00,18,6,10,1,24,490,7,VAUBAN AVENUE,47.45902,-0.56134,Nuit avec éclairage allumé,En agglomération,Intersection en X,Normale,Deux véhicules - côté,,,,,,,,,,,5,2,2,1.0,3.0
201800027331,0018-06-10 11:22:00,18,6,10,11,22,490,7,RAMON BOULEVARD,47.48627,-0.53612,Plein jour,En agglomération,Hors intersection,Autre,Deux véhicules - frontale,,,,,,,,,,,1,2,1,9.0,1.0
201800027332,0018-06-11 14:15:00,18,6,11,14,15,490,7,VILLECHIEN,47.46308,-0.51665,Plein jour,En agglomération,Hors intersection,Pluie forte,Autre collision,,,,,,,,,,,1,2,1,3.0,6.0
201800027333,0018-06-12 19:09:00,18,6,12,19,9,490,353,DAUTEL BOULEVARD,47.44306,-0.48352,Plein jour,En agglomération,Hors intersection,Pluie légère,Deux véhicules - côté,,,,,,,,,,,1,2,1,2.0,3.0
201800027334,0018-06-13 17:35:00,18,6,13,17,35,490,7,DESJARDIN,47.46708,-0.54713,Plein jour,En agglomération,Hors intersection,Normale,Autre collision,,,,,,,,,,,1,2,1,1.0,6.0