accident_id,datetime,annee,mois,jour,heure,minute,departement,commune_insee,adresse,latitude,longitude,luminosite,agglomeration,intersection,meteo,collision,nb_vehicules,nb_usagers,nb_indemnes,nb_tues,nb_blesses_hosp,nb_blesses_legers,age_cond_1,age_cond_2,veh_type_cond_1,veh_type_cond_2,lum_code,agg_code,int_code,atm_code,col_code
201800027335,0018-06-13 12:40:00,18,6,13,12,40,490,7,BIRGE BOULEVARD,47.47348,-0.5192,Plein jour,En agglomération,Intersection en T,Normale,Trois véhicules et plus - collisions multiples,,,,,,,,,,,1,2,3,1.0,5.0
201800027336,0018-06-15 10:18:00,18,6,15,10,18,490,7,MICHELET,47.46283,-0.54505,Plein jour,En agglomération,Hors intersection,Pluie légère,Sans collision,,,,,,,,,,,1,2,1,2.0,7.0
201800027337,0018-06-15 15:18:00,18,6,15,15,18,490,7,ROI RENE BOULEVARD,47.46756,-0.55578,Plein jour,En agglomération,Hors intersection,Normale,Autre collision,,,,,,,,,,,1,2,1,1.0,6.0
201800027338,0018-06-15 16:26:00,18,6,15,16,26,490,7,RABELAIS,47.46228,-0.54734,Plein jour,En agglomération,Hors intersection,Normale,Sans collision,,,,,,,,,,,1,2,1,1.0,7.0
201800027339,0018-06-17 01:45:00,18,6,17,1,45,490,7,MEIGNANNE,47.47892,-0.57007,Nuit avec éclairage allumé,En agglomération,Intersection en X,Normale,Deux véhicules - côté,,,,,,,,,,,5,2,2,1.0,3.0
201800027340,0018-06-18 07:50:00,18,6,18,7,50,490,7,ESTIENNE D'ORVES BOULEVA,47.46301,-0.51681,Plein jour,Hors agglomération,Hors intersection,Pluie légère,Autre collision,,,,,,,,,,,1,1,1,2.0,6.0
201800027341,0018-06-16 01:15:00,18,6,16,1,15,490,7,RABELAIS,47.45824,-0.54469,Nuit avec éclairage allumé,En agglomération,Hors intersection,Normale,Deux véhicules - côté,,,,,,,,,,,5,2,1,1.0,3.0
201800027342,0018-06-15 17:48:00,18,6,15,17,48,490,7,CAMUS BOULEVARD,47.48178,-0.57572,Plein jour,En agglomération,Intersection en X,Normale,Deux véhicules - côté,,,,,,,,,,,1,2,2,1.0,3.0
201800027343,0018-06-18 14:11:00,18,6,18,14,11,490,7,FOCH BOULEVARD,47.46788,-0.55095,Plein jour,En agglomération,Intersection en T,Normale,Autre collision,,,,,,,,,,,1,2,3,1.0,6.0
201800027344,0018-06-19 18:02:00,18,6,19,18,2,490,267,ROMANERIE BOULEVARD,47.48268,-0.50105,Plein jour,En agglomération,Hors intersection,Normale,Deux véhicules - côté,,,,,,,,,,,1,2,1,1.0,3.0
201800027345,0018-06-20 11:15:00,18,6,20,11,15,490,7,VOLNEY,47.4601,-0.53732,Plein jour,En agglomération,Hors intersection,Normale,Deux véhicules - côté,,,,,,,,,,,1,2,1,1.0,3.0
201800027346,0018-06-20 16:12:00,18,6,20,16,12,490,7,LETANDUERE,47.46386,-0.55335,Plein jour,En agglomération,Hors intersection,Normale,Sans collision,,,,,,,,,,,1,2,1,1.0,7.0
201800027347,0018-06-22 02:02:00,18,6,22,2,2,490,7,RABELAIS,47.46122,-0.54672,Nuit avec éclairage allumé,En agglomération,Hors intersection,Normale,Autre collision,,,,,,,,,,,5,2,1,1.0,6.0
201800027348,0018-06-23 21:24:00,18,6,23,21,24,490,7,JEAN XXIII AVENUE,47.44981,-0.56667,Plein jour,En agglomération,Hors intersection,Normale,Deux véhicules - côté,,,,,,,,,,,1,2,1,1.0,3.0
201800027349,0018-06-22 08:40:00,18,6,22,8,40,490,7,SAINT MICHEL BOULEVARD,47.47344,-0.54219,Plein jour,En agglomération,Intersection en X,Normale,Deux véhicules - côté,,,,,,,,,,,1,2,2,1.0,3.0
201800027350,0018-06-24 01:53:00,18,6,24,1,53,490,7,PRUNIERS,47.47085,-0.58751,Nuit sans éclairage public,En agglomération,Hors intersection,Normale,Sans collision,,,,,,,,,,,3,2,1,1.0,7.0
201800027351,0018-06-25 08:15:00,18,6,25,8,15,490,7,BARRE CITE ET RUE,47.47209,-0.59081,Plein jour,En agglomération,Hors intersection,Normale,Sans collision,,,,,,,,,,,1,2,1,1.0,7.0
201800027352,0018-06-25 14:30:00,18,6,25,14,30,490,7,BIRGE BOULEVARD,47.4746,-0.51971,Plein jour,En agglomération,Hors intersection,Normale,Trois véhicules et plus - en chaîne,,,,,,,,,,,1,2,1,1.0,4.0
201800027353,0018-06-25 06:59:00,18,6,25,6,59,490,7,ARTOIS D',47.48312,-0.52893,Plein jour,En agglomération,Hors intersection,Normale,Sans collision,,,,,,,,,,,1,2,1,1.0,7.0
201800027354,0018-06-26 08:46:00,18,6,26,8,46,490,7,LEROY PLACE,47.46512,-0.54889,Plein jour,En agglomération,Hors intersection,Normale,Sans collision,,,,,,,,,,,1,2,1,1.0,7.0
201800027355,0018-06-26 18:12:00,18,6,26,18,12,490,7,FAURE QUAI,47.48251,-0.54955,Plein jour,En agglomération,Hors intersection,Normale,Deux véhicules - frontale,,,,,,,,,,,1,2,1,1.0,1.0
201800027356,0018-06-26 16:40:00,18,6,26,16,40,490,7,ATLANTIQUE  AVENUE DE L',47.46474,-0.57435,Plein jour,En agglomération,Hors intersection,Normale,Deux véhicules - côté,,,,,,,,,,,1,2,1,1.0,3.0
201800027357,0018-06-27 15:32:00,18,6,27,15,32,490,7,BASSE CHAINE PONT,47.47008,-0.56259,Plein jour,En agglomération,Hors intersection,Normale,Deux véhicules - côté,,,,,,,,,,,1,2,1,1.0,3.0
201800027358,0018-06-25 07:46:00,18,6,25,7,46,490,7,VIVIERS,47.45305,-0.53857,Plein jour,En agglomération,Hors intersection,Normale,Autre collision,,,,,,,,,,,1,2,1,1.0,6.0
201800027359,0018-06-28 14:27:00,18,6,28,14,27,490,7,MOULIN BOULEVARD,47.49233,-0.55203,Plein jour,En agglomération,Hors intersection,Normale,Deux véhicules - arrière,,,,,,,,,,,1,2,1,1.0,2.0
201800027360,0018-06-30 16:15:00,18,6,30,16,15,490,7,PATTON AVENUE,47.47338,-0.59507,Plein jour,En agglomération,Hors intersection,Normale,Deux véhicules - arrière,,,,,,,,,,,1,2,1,1.0,2.0
201800027361,0018-06-28 23:20:00,18,6,28,23,20,490,7,MONTAIGNE AVENUE,47.46888,-0.53203,Nuit avec éclairage allumé,En agglomération,Hors intersection,Normale,Deux véhicules - côté,,,,,,,,,,,5,2,1,1.0,3.0
201800027362,0018-07-02 17:17:00,18,7,2,17,17,490,7,BON PASTEUR BOULEVARD,47.47307,-0.58133,Plein jour,En agglomération,Intersection en T,Pluie forte,Deux véhicules - côté,,,,,,,,,,,1,2,3,3.0,3.0
201800027363,0018-07-04 14:06:00,18,7,4,14,6,490,7,STRASBOURG BOULEVARD,47.45708,-0.55405,Plein jour,En agglomération,Intersection en X,Normale,Deux véhicules - côté,,,,,,,,,,,1,2,2,1.0,3.0
201800027364,0018-07-06 04:50:00,18,7,6,4,50,490,7,GANDHI,47.47048,-0.51931,Nuit avec éclairage allumé,En agglomération,Hors intersection,Normale,Sans collision,,,,,,,,,,,5,2,1,1.0,7.0
201800027365,0018-07-05 14:49:00,18,7,5,14,49,490,7,LYAUTEY BOULEVARD ET SQU,47.48759,-0.52764,Plein jour,En agglomération,Hors intersection,Normale,Autre collision,,,,,,,,,,,1,2,1,1.0,6.0
201800027366,0018-07-04 17:06:00,18,7,4,17,6,490,246,leve de sainte gemmes,47.43029,-0.52893,Plein jour,Hors agglomération,Hors intersection,Normale,Sans collision,,,,,,,,,,,1,1,1,1.0,7.0
201800027367,0018-07-09 17:27:00,18,7,9,17,27,490,7,BEAUSSIER BOULEVARD,47.4776,-0.5986,Plein jour,En agglomération,Hors intersection,Normale,Deux véhicules - côté,,,,,,,,,,,1,2,1,1.0,3.0
201800027368,0018-07-10 10:25:00,18,7,10,10,25,490,7,MOULIN PONT ET PLACE,47.48885,-0.54588,Plein jour,Hors agglomération,Giratoire,Normale,Deux véhicules - côté,,,,,,,,,,,1,1,6,1.0,3.0
201800027369,0018-07-10 11:46:00,18,7,10,11,46,490,7,LETANDUERE,47.45713,-0.55412,Plein jour,En agglomération,Intersection en X,Normale,Deux véhicules - côté,,,,,,,,,,,1,2,2,1.0,3.0
201800027370,0018-07-11 17:00:00,18,7,11,17,0,490,7,BLANCHOIN BOULEVARD,47.44848,-0.53882,Plein jour,En agglomération,Intersection en X,Normale,Deux véhicules - côté,,,,,,,,,,,1,2,2,1.0,3.0
201800027371,0018-07-13 15:58:00,18,7,13,15,58,490,246,GRANDES MAISONS CHEMIN,47.44106,-0.53464,Plein jour,En agglomération,Hors intersection,Normale,Autre collision,,,,,,,,,,,1,2,1,1.0,6.0
201800027372,0018-07-15 05:55:00,18,7,15,5,55,490,267,A87N,47.41282,-0.50709,Crépuscule ou aube,Hors agglomération,Hors intersection,Normale,Sans collision,,,,,,,,,,,2,1,1,1.0,7.0
201800027373,0018-07-20 16:29:00,18,7,20,16,29,490,15,HERSEN RUE RENE,47.50232,-0.58284,Plein jour,En agglomération,Hors intersection,Normale,Deux véhicules - côté,,,,,,,,,,,1,2,1,1.0,3.0
201800027374,0018-07-21 20:20:00,18,7,21,20,20,490,7,SAINT LEONARD,47.46171,-0.53256,Plein jour,En agglomération,Intersection en X,Normale,Deux véhicules - côté,,,,,,,,,,,1,2,2,1.0,3.0
201800027375,0018-07-21 19:00:00,18,7,21,19,0,490,7,PASTEUR AVENUE,47.47395,-0.53774,Plein jour,En agglomération,Intersection en X,Normale,Deux véhicules - côté,,,,,,,,,,,1,2,2,1.0,3.0
201800027376,0018-07-25 18:38:00,18,7,25,18,38,490,7,MONPLAISIR BOULEVARD,47.4909,-0.52705,Plein jour,En agglomération,Hors intersection,Normale,Deux véhicules - frontale,,,,,,,,,,,1,2,1,1.0,1.0
201800027377,0018-07-29 16:18:00,18,7,29,16,18,490,7,VERDUN PONT,47.48041,-0.55235,Plein jour,En agglomération,Hors intersection,Normale,Autre collision,,,,,,,,,,,1,2,1,1.0,6.0
201800027378,0018-07-28 12:03:00,18,7,28,12,3,490,246,JUIGNE ROUTE,47.41341,-0.50248,Plein jour,En agglomération,Hors intersection,Normale,Trois véhicules et plus - en chaîne,,,,,,,,,,,1,2,1,1.0,4.0
201800027379,0018-07-27 09:31:00,18,7,27,9,31,490,7,JAURES,47.45708,-0.52336,Plein jour,En agglomération,Hors intersection,Normale,Sans collision,,,,,,,,,,,1,2,1,1.0,7.0
201800027380,0018-07-27 16:10:00,18,7,27,16,10,490,267,PAPERIE,47.46356,-0.50988,Plein jour,En agglomération,Hors intersection,Normale,Deux véhicules - côté,,,,,,,,,,,1,2,1,1.0,3.0
201800027381,0018-07-30 17:27:00,18,7,30,17,27,490,7,MOURBEL,47.47805,-0.58914,Plein jour,En agglomération,Hors intersection,Normale,Sans collision,,,,,,,,,,,1,2,1,1.0,7.0
201800027382,0018-07-31 19:30:00,18,7,31,19,30,490,7,MONPLAISIR BOULEVARD,47.49002,-0.52225,Plein jour,En agglomération,Hors intersection,Normale,Deux véhicules - arrière,,,,,,,,,,,1,2,1,1.0,2.0
201800027383,0018-08-01 15:45:00,18,8,1,15,45,490,7,POISSONNERIE,47.4733,-0.5553,Plein jour,En agglomération,Hors intersection,Normale,Sans collision,,,,,,,,,,,1,2,1,1.0,7.0
201800027384,0018-08-01 16:41:00,18,8,1,16,41,490,7,LEFORT,47.47861,-0.54449,Plein jour,En agglomération,Intersection en X,Normale,Deux véhicules - côté,,,,,,,,,,,1,2,2,1.0,3.0
201800027385,0018-08-04 21:35:00,18,8,4,21,35,490,7,FOCH BOULEVARD,47.46916,-0.54928,Nuit avec éclairage non allumé,En agglomération,Hors intersection,Normale,Autre collision,,,,,,,,,,,4,2,1,1.0,6.0
201800027386,0018-08-05 16:20:00,18,8,5,16,20,490,7,MONTAIGNE AVENUE,47.46657,-0.52041,Plein jour,En agglomération,Hors intersection,Normale,Autre collision,,,,,,,,,,,1,2,1,1.0,6.0
201800027387,0018-08-09 21:34:00,18,8,9,21,34,490,7,LAC DE MAINE AVENUE,47.45945,-0.59699,Nuit avec éclairage allumé,En agglomération,Intersection en T,Temps couvert,Autre collision,,,,,,,,,,,5,2,3,8.0,6.0
201800027388,0018-08-10 18:05:00,18,8,10,18,5,490,7,LAC DE MAINE AVENUE,47.46622,-0.59219,Plein jour,En agglomération,Hors intersection,Normale,Sans collision,,,,,,,,,,,1,2,1,1.0,7.0
201800027389,0018-08-13 07:32:00,18,8,13,7,32,490,7,foucaudire,47.45646,-0.51566,Plein jour,En agglomération,Hors intersection,Pluie légère,Sans collision,,,,,,,,,,,1,2,1,2.0,7.0
201800027390,0018-08-13 13:30:00,18,8,13,13,30,490,7,DE LATTRE DE TASSIGNY,47.45288,-0.54083,Plein jour,En agglomération,Hors intersection,Pluie légère,Deux véhicules - côté,,,,,,,,,,,1,2,1,2.0,3.0
201800027391,0018-08-14 19:10:00,18,8,14,19,10,490,7,AYRAULT,47.47536,-0.54941,Plein jour,En agglomération,Hors intersection,Normale,Deux véhicules - arrière,,,,,,,,,,,1,2,1,1.0,2.0
201800027392,0018-08-16 11:40:00,18,8,16,11,40,490,7,FOCH BOULEVARD,47.46714,-0.55242,Plein jour,En agglomération,Hors intersection,Normale,Autre collision,,,,,,,,,,,1,2,1,1.0,6.0
201800027393,0018-08-16 14:30:00,18,8,16,14,30,490,7,SAUMUROISE IMPASSE ET RU,47.45377,-0.52678,Plein jour,En agglomération,Hors intersection,Normale,Deux véhicules - arrière,,,,,,,,,,,1,2,1,1.0,2.0
201800027394,0018-08-16 12:01:00,18,8,16,12,1,490,15,ETANG ROUTE,47.51448,-0.61715,Plein jour,En agglomération,Hors intersection,Normale,Deux véhicules - côté,,,,,,,,,,,1,2,1,1.0,3.0
201800027395,0018-08-16 22:47:00,18,8,16,22,47,490,7,MONTAIGNE AVENUE,47.46729,-0.52775,Nuit avec éclairage allumé,En agglomération,Hors intersection,Normale,Sans collision,,,,,,,,,,,5,2,1,1.0,7.0
201800027396,0018-08-18 20:05:00,18,8,18,20,5,490,7,DE LATTRE DE TASSIGNY,47.44823,-0.53844,Plein jour,En agglomération,Hors intersection,Normale,Deux véhicules - côté,,,,,,,,,,,1,2,1,1.0,3.0
201800027397,0018-08-21 20:00:00,18,8,21,20,0,490,7,PYRAMIDE ROUTE,47.45129,-0.52027,Plein jour,En agglomération,Hors intersection,Normale,Autre collision,,,,,,,,,,,1,2,1,1.0,6.0
201800027398,0018-08-21 09:11:00,18,8,21,9,11,490,15,bretelle d'acces,47.5146,-0.61753,Plein jour,Hors agglomération,Hors intersection,Normale,Deux véhicules - arrière,,,,,,,,,,,1,1,1,1.0,2.0
201800027399,0018-08-22 09:45:00,18,8,22,9,45,490,7,BRIOLLAY ROUTE,47.4863,-0.53287,Plein jour,En agglomération,Hors intersection,Normale,Deux véhicules - arrière,,,,,,,,,,,1,2,1,1.0,2.0
201800027400,0018-08-22 11:40:00,18,8,22,11,40,490,7,CHAUMIN BOULEVARD,47.45026,-0.55544,Plein jour,En agglomération,Hors intersection,Normale,Autre collision,,,,,,,,,,,1,2,1,1.0,6.0
201800027401,0018-08-25 19:15:00,18,8,25,19,15,490,7,LAC DE MAINE AVENUE,47.46569,-0.59261,Plein jour,En agglomération,Hors intersection,Normale,Autre collision,,,,,,,,,,,1,2,1,1.0,6.0
201800027402,0018-08-26 19:15:00,18,8,26,19,15,490,7,auriol,47.49244,-0.56533,Plein jour,En agglomération,Intersection en X,Normale,Autre collision,,,,,,,,,,,1,2,2,1.0,6.0
201800027403,0018-08-27 11:24:00,18,8,27,11,24,490,267,MAURIAC,47.4723,-0.48507,Plein jour,En agglomération,Hors intersection,Normale,Sans collision,,,,,,,,,,,1,2,1,1.0,7.0
201800027404,0018-08-27 17:00:00,18,8,27,17,0,490,267,LANDES DE GEINDRAIGES,47.47879,-0.46343,Plein jour,Hors agglomération,Hors intersection,Normale,Autre collision,,,,,,,,,,,1,1,1,1.0,6.0
201800027405,0018-09-04 21:25:00,18,9,4,21,25,490,7,BARANGE BOULEVARD,47.45436,-0.56764,Nuit avec éclairage allumé,En agglomération,Hors intersection,Normale,Deux véhicules - côté,,,,,,,,,,,5,2,1,1.0,3.0
201800027406,0018-09-05 17:53:00,18,9,5,17,53,490,7,BEDIER BOULEVARD,47.45134,-0.54742,Plein jour,En agglomération,Hors intersection,Normale,Sans collision,,,,,,,,,,,1,2,1,1.0,7.0
201800027407,0018-09-05 15:28:00,18,9,5,15,28,490,353,VEST FERDINANT,47.44235,-0.48263,Plein jour,En agglomération,Hors intersection,Normale,Sans collision,,,,,,,,,,,1,2,1,1.0,7.0
201800027408,0018-09-05 08:30:00,18,9,5,8,30,490,7,STRASBOURG BOULEVARD,47.45706,-0.55405,Plein jour,En agglomération,Intersection en X,Normale,Deux véhicules - côté,,,,,,,,,,,1,2,2,1.0,3.0
201800027409,0018-09-05 18:50:00,18,9,5,18,50,490,7,GARDOT,47.46756,-0.5355,Plein jour,En agglomération,Intersection en X,Normale,Deux véhicules - arrière,,,,,,,,,,,1,2,2,1.0,2.0
201800027410,0018-09-06 14:30:00,18,9,6,14,30,490,15,MENDES FRANCE AVENUE PIE,47.50728,-0.59116,Plein jour,En agglomération,Hors intersection,Normale,Sans collision,,,,,,,,,,,1,2,1,1.0,7.0
201800027411,0018-09-06 08:20:00,18,9,6,8,20,490,7,PASCAL RUE ET PASSAGE,47.45821,-0.53873,Plein jour,En agglomération,Hors intersection,Normale,Autre collision,,,,,,,,,,,1,2,1,1.0,6.0
201800027412,0018-09-08 12:30:00,18,9,8,12,30,490,7,OSNABRUCK,47.4863,-0.52626,Plein jour,En agglomération,Hors intersection,Normale,Deux véhicules - côté,,,,,,,,,,,1,2,1,1.0,3.0
201800027413,0018-09-08 12:30:00,18,9,8,12,30,490,7,PICOTIERE,47.46637,-0.59809,Plein jour,En agglomération,Hors intersection,Normale,Autre collision,,,,,,,,,,,1,2,1,1.0,6.0
201800027414,0018-09-09 12:30:00,18,9,9,12,30,490,7,BODINIER,47.47261,-0.55403,Plein jour,En agglomération,Hors intersection,Normale,Sans collision,,,,,,,,,,,1,2,1,1.0,7.0
201800027415,0018-09-09 21:55:00,18,9,9,21,55,490,7,DEUX CROIX BOULEVARD,47.47425,-0.52939,Nuit avec éclairage allumé,En agglomération,Hors intersection,Normale,Sans collision,,,,,,,,,,,5,2,1,1.0,7.0
201800027416,0018-09-10 15:37:00,18,9,10,15,37,490,7,PASTEUR AVENUE,47.47499,-0.5359,Plein jour,En agglomération,Hors intersection,Normale,Sans collision,,,,,,,,,,,1,2,1,1.0,7.0
201800027417,0018-09-11 16:45:00,18,9,11,16,45,490,7,GAIN ( LOUIS),47.46981,-0.54127,Plein jour,En agglomération,Hors intersection,Normale,Deux véhicules - arrière,,,,,,,,,,,1,2,1,1.0,2.0
201800027418,0018-09-11 13:20:00,18,9,11,13,20,490,7,ROI RENE BOULEVARD,47.46754,-0.55577,Plein jour,En agglomération,Intersection en X,Normale,Autre collision,,,,,,,,,,,1,2,2,1.0,6.0
201800027419,0018-09-11 09:05:00,18,9,11,9,5,490,7,SAUMUROISE IMPASSE ET RU,47.45657,-0.53133,Plein jour,En agglomération,Hors intersection,Normale,Autre collision,,,,,,,,,,,1,2,1,1.0,6.0
201800027420,0018-09-11 19:21:00,18,9,11,19,21,490,7,STRASBOURG BOULEVARD,47.45574,-0.55061,Plein jour,En agglomération,Hors intersection,Normale,Autre collision,,,,,,,,,,,1,2,1,1.0,6.0
201800027421,0018-09-12 11:39:00,18,9,12,11,39,490,7,LETANDUERE,47.46362,-0.55531,Plein jour,En agglomération,Hors intersection,Normale,Sans collision,,,,,,,,,,,1,2,1,1.0,7.0
201800027422,0018-09-12 17:20:00,18,9,12,17,20,490,7,LAREVELLIERE,47.47113,-0.5263,Plein jour,En agglomération,Hors intersection,Normale,Deux véhicules - côté,,,,,,,,,,,1,2,1,1.0,3.0
201800027423,0018-09-13 17:49:00,18,9,13,17,49,490,246,TROIS PAROISSES CHEMIN,47.4429,-0.53517,Plein jour,En agglomération,Hors intersection,Normale,Deux véhicules - arrière,,,,,,,,,,,1,2,1,1.0,2.0
201800027424,0018-09-14 14:40:00,18,9,14,14,40,490,7,PAUL BERT,47.46117,-0.5494,Plein jour,En agglomération,Hors intersection,Normale,Autre collision,,,,,,,,,,,1,2,1,1.0,6.0
201800027425,0018-09-16 07:15:00,18,9,16,7,15,490,267,RD 347,47.47236,-0.50011,Nuit avec éclairage non allumé,Hors agglomération,Hors intersection,Normale,Sans collision,,,,,,,,,,,4,1,1,1.0,7.0
201800027426,0018-09-14 12:43:00,18,9,14,12,43,490,353,VEST FERDINANT,47.44248,-0.4824,Plein jour,En agglomération,Hors intersection,Normale,Deux véhicules - arrière,,,,,,,,,,,1,2,1,1.0,2.0
201800027427,0018-09-15 20:48:00,18,9,15,20,48,490,7,ARAGO BOULEVARD,47.47867,-0.5562,Crépuscule ou aube,En agglomération,Intersection en X,Normale,Deux véhicules - côté,,,,,,,,,,,2,2,2,1.0,3.0
201800027428,0018-09-15 18:27:00,18,9,15,18,27,490,7,MONTESQUIEU PASSAGE,47.47277,-0.58266,Plein jour,En agglomération,Hors intersection,Normale,Deux véhicules - côté,,,,,,,,,,,1,2,1,1.0,3.0
201800027429,0018-09-17 08:58:00,18,9,17,8,58,490,7,VOIE DES BERGES,47.47338,-0.55667,Plein jour,En agglomération,Hors intersection,Normale,Deux véhicules - arrière,,,,,,,,,,,1,2,1,1.0,2.0
201800027430,0018-09-17 17:12:00,18,9,17,17,12,490,7,VISITATION PLACE,47.46638,-0.55733,Plein jour,En agglomération,Giratoire,Normale,Autre collision,,,,,,,,,,,1,2,6,1.0,6.0
201800027431,0018-09-18 18:46:00,18,9,18,18,46,490,7,TARDAT,47.44457,-0.55174,Plein jour,En agglomération,Hors intersection,Normale,Autre collision,,,,,,,,,,,1,2,1,1.0,6.0
201800027432,0018-09-18 22:45:00,18,9,18,22,45,490,7,COUBERTIN BOULEVARD,47.46434,-0.53141,Nuit avec éclairage allumé,En agglomération,Hors intersection,Normale,Sans collision,,,,,,,,,,,5,2,1,1.0,7.0
201800027433,0018-09-19 14:35:00,18,9,19,14,35,490,7,POELIERS RUE ET IMPASSE,47.47306,-0.55102,Plein jour,En agglomération,Hors intersection,Normale,Autre collision,,,,,,,,,,,1,2,1,1.0,6.0
201800027434,0018-09-19 11:44:00,18,9,19,11,44,490,15,MENDES FRANCE AVENUE PIE,47.50695,-0.58987,Plein jour,En agglomération,Intersection en X,Normale,Deux véhicules - arrière,,,,,,,,,,,1,2,2,1.0,2.0
201800027435,0018-09-19 17:29:00,18,9,19,17,29,490,7,BAUDRIERE,47.47235,-0.55699,Plein jour,En agglomération,Hors intersection,Normale,Autre collision,,,,,,,,,,,1,2,1,1.0,6.0
201800027436,0018-09-19 09:18:00,18,9,19,9,18,490,7,MEIGNANNE,47.47925,-0.57058,Plein jour,En agglomération,Hors intersection,Normale,Autre collision,,,,,,,,,,,1,2,1,1.0,6.0
201800027437,0018-09-20 20:46:00,18,9,20,20,46,490,353,CHEVROLIER,47.44907,-0.50343,Nuit sans éclairage public,En agglomération,Hors intersection,Normale,Deux véhicules - arrière,,,,,,,,,,,3,2,1,1.0,2.0
201800027438,0018-09-20 15:50:00,18,9,20,15,50,490,7,BON PASTEUR BOULEVARD,47.47031,-0.56961,Plein jour,En agglomération,Hors intersection,Pluie légère,Sans collision,,,,,,,,,,,1,2,1,2.0,7.0
201800027439,0018-09-22 20:59:00,18,9,22,20,59,490,7,ACADEMIE PLACE,47.46815,-0.55993,Nuit avec éclairage allumé,En agglomération,Hors intersection,Pluie légère,Autre collision,,,,,,,,,,,5,2,1,2.0,6.0
201800027440,0018-09-21 08:20:00,18,9,21,8,20,490,267,MORLIERE AVENUE,47.46213,-0.48151,Plein jour,En agglomération,Hors intersection,Normale,Sans collision,,,,,,,,,,,1,2,1,1.0,7.0
201800027441,0018-09-21 12:40:00,18,9,21,12,40,490,7,DARWIN,47.47516,-0.60769,Plein jour,Hors agglomération,Hors intersection,Normale,Sans collision,,,,,,,,,,,1,1,1,1.0,7.0
201800027442,0018-09-24 18:15:00,18,9,24,18,15,490,7,BEAUSSIER BOULEVARD,47.47459,-0.59973,Plein jour,En agglomération,Hors intersection,Normale,Autre collision,,,,,,,,,,,1,2,1,1.0,6.0
201800027443,0018-09-24 08:19:00,18,9,24,8,19,490,7,ALLONNEAU(AUGUSTE) BOULE,47.48336,-0.52674,Plein jour,Hors agglomération,Intersection en X,Normale,Deux véhicules - côté,,,,,,,,,,,1,1,2,1.0,3.0
201800027444,0018-09-24 13:14:00,18,9,24,13,14,490,7,SAINT JACQUES,47.47383,-0.5696,Plein jour,En agglomération,Hors intersection,Normale,Autre collision,,,,,,,,,,,1,2,1,1.0,6.0
201800027445,0018-09-25 10:00:00,18,9,25,10,0,490,7,BEDIER BOULEVARD,47.45167,-0.54565,Plein jour,En agglomération,Hors intersection,Normale,Deux véhicules - côté,,,,,,,,,,,1,2,1,1.0,3.0
201800027446,0018-09-25 16:15:00,18,9,25,16,15,490,7,NOTRE DAME DU LAC AVENUE,47.4799,-0.58797,Plein jour,En agglomération,Hors intersection,Normale,Deux véhicules - arrière,,,,,,,,,,,1,2,1,1.0,2.0
201800027447,0018-09-25 13:15:00,18,9,25,13,15,490,7,MILLOT BOULEVARD JACQUES,47.45313,-0.53843,Plein jour,En agglomération,Hors intersection,Normale,Trois véhicules et plus - en chaîne,,,,,,,,,,,1,2,1,1.0,4.0
201800027448,0018-09-27 18:30:00,18,9,27,18,30,490,7,ACADEMIE PLACE,47.46757,-0.55895,Plein jour,En agglomération,Hors intersection,Normale,Autre collision,,,,,,,,,,,1,2,1,1.0,6.0
201800027449,0018-09-27 13:35:00,18,9,27,13,35,490,7,BASSE CHAINE PONT,47.47321,-0.55821,Plein jour,En agglomération,Hors intersection,Normale,Sans collision,,,,,,,,,,,1,2,1,1.0,7.0
201800027450,0018-09-27 19:16:00,18,9,27,19,16,490,7,MONTAIGNE AVENUE,47.46671,-0.52583,Plein jour,En agglomération,Hors intersection,Normale,Autre collision,,,,,,,,,,,1,2,1,1.0,6.0
201800027451,0018-09-27 17:30:00,18,9,27,17,30,490,7,BRESSIGNY,47.46636,-0.54773,Plein jour,En agglomération,Hors intersection,Normale,Autre collision,,,,,,,,,,,1,2,1,1.0,6.0
201800027452,0018-09-27 20:05:00,18,9,27,20,5,490,267,MARMITIERE,47.46672,-0.49047,Plein jour,En agglomération,Intersection en X,Normale,Deux véhicules - arrière,,,,,,,,,,,1,2,2,1.0,2.0
201800027453,0018-09-28 12:48:00,18,9,28,12,48,490,7,DAVID D'ANGERS,47.47112,-0.54935,Plein jour,Hors agglomération,Hors intersection,Normale,Sans collision,,,,,,,,,,,1,1,1,1.0,7.0
201800027454,0018-09-28 15:36:00,18,9,28,15,36,490,7,ESTIENNE D'ORVES BOULEVA,47.45595,-0.52951,Plein jour,En agglomération,Hors intersection,Normale,Deux véhicules - arrière,,,,,,,,,,,1,2,1,1.0,2.0
201800027455,0018-09-30 15:35:00,18,9,30,15,35,490,267,PLESSIS GRAMMOIRE ROUTE,47.47763,-0.49113,Plein jour,En agglomération,Hors intersection,Normale,Sans collision,,,,,,,,,,,1,2,1,1.0,7.0
201800027456,0018-10-01 16:16:00,18,10,1,16,16,490,7,LETANDUERE,47.46361,-0.5553,Plein jour,En agglomération,Hors intersection,Normale,Sans collision,,,,,,,,,,,1,2,1,1.0,7.0
201800027457,0018-10-01 11:50:00,18,10,1,11,50,490,267,BEAUFORT ROUTE,47.47339,-0.46578,Plein jour,Hors agglomération,Intersection en X,Normale,Deux véhicules - arrière,,,,,,,,,,,1,1,2,1.0,2.0
201800027458,0018-10-01 07:50:00,18,10,1,7,50,490,7,ARAGON AVENUE,47.4704,-0.5686,Plein jour,En agglomération,Hors intersection,Normale,Deux véhicules - arrière,,,,,,,,,,,1,2,1,1.0,2.0
201800027459,0018-10-02 08:42:00,18,10,2,8,42,490,7,NID DE  PIE,47.47196,-0.59927,Plein jour,En agglomération,Intersection en X,Normale,Deux véhicules - côté,,,,,,,,,,,1,2,2,1.0,3.0