accident_id,datetime,annee,mois,jour,heure,minute,departement,commune_insee,adresse,latitude,longitude,luminosite,agglomeration,intersection,meteo,collision,nb_vehicules,nb_usagers,nb_indemnes,nb_tues,nb_blesses_hosp,nb_blesses_legers,age_cond_1,age_cond_2,veh_type_cond_1,veh_type_cond_2,lum_code,agg_code,int_code,atm_code,col_code
201800027582,0018-02-22 13:55:00,18,2,22,13,55,490,99,TURBAUDIERES (BOULEVARD,47.04857,-0.89733,Plein jour,En agglomération,Giratoire,Normale,Deux véhicules - côté,,,,,,,,,,,1,2,6,1.0,3.0
201800027583,0018-02-23 16:40:00,18,2,23,16,40,490,99,ITALIE (RUE D'),47.0443,-0.87108,Plein jour,En agglomération,Giratoire,Normale,Deux véhicules - côté,,,,,,,,,,,1,2,6,1.0,3.0
201800027584,0018-03-19 10:00:00,18,3,19,10,0,490,99,"5, SOMME (RUE DE LA)",47.05682,-0.86132,Plein jour,En agglomération,Hors intersection,Normale,Deux véhicules - arrière,,,,,,,,,,,1,2,1,1.0,2.0
201800027585,0018-03-29 20:00:00,18,3,29,20,0,490,99,RD 752,46.99047,-0.89026,Plein jour,Hors agglomération,Hors intersection,Pluie forte,Deux véhicules - frontale,,,,,,,,,,,1,1,1,3.0,1.0
201800027586,0018-04-14 16:35:00,18,4,14,16,35,490,99,MUTUALITE (RUE DE LA),47.05727,-0.89238,Plein jour,En agglomération,Hors intersection,Normale,Autre collision,,,,,,,,,,,1,2,1,1.0,6.0
201800027587,0018-04-19 10:55:00,18,4,19,10,55,490,99,RICHELIEU (BOULEVARD DE),47.04423,-0.88475,Plein jour,En agglomération,Hors intersection,Normale,Deux véhicules - arrière,,,,,,,,,,,1,2,1,1.0,2.0
201800027588,0018-04-28 14:30:00,18,4,28,14,30,490,99,VENDEE (RUE DE LA ),47.05253,-0.89071,Plein jour,En agglomération,Hors intersection,Normale,Deux véhicules - côté,,,,,,,,,,,1,2,1,1.0,3.0
201800027589,0018-04-29 20:20:00,18,4,29,20,20,490,99,MALLERAY (RUE DU LT COLO,47.0563,-0.86386,Plein jour,En agglomération,Giratoire,Pluie forte,Deux véhicules - côté,,,,,,,,,,,1,2,6,3.0,3.0
201800027590,0018-04-30 13:15:00,18,4,30,13,15,490,99,RICHELIEU (BOULEVARD DE),47.04411,-0.88557,Plein jour,Hors agglomération,Intersection en X,Pluie légère,Deux véhicules - frontale,,,,,,,,,,,1,1,2,2.0,1.0
201800027591,0018-05-01 17:40:00,18,5,1,17,40,490,99,MOCRAT(AVENUE DE),47.06206,-0.89588,Plein jour,En agglomération,Hors intersection,Normale,Deux véhicules - frontale,,,,,,,,,,,1,2,1,1.0,1.0
201800027592,0018-05-18 18:05:00,18,5,18,18,5,490,99,MANCEAU (AVENUE ANATOLE),47.05143,-0.87843,Plein jour,En agglomération,Hors intersection,Normale,Deux véhicules - côté,,,,,,,,,,,1,2,1,1.0,3.0
201800027593,0018-05-21 18:45:00,18,5,21,18,45,490,99,HIPPODROME (AVENUE DE L',47.01971,-0.8832,Plein jour,Hors agglomération,Hors intersection,Normale,Autre collision,,,,,,,,,,,1,1,1,1.0,6.0
201800027594,0018-05-24 17:35:00,18,5,24,17,35,490,99,ETOILE (RUE DE L'),47.0666,-0.89177,Plein jour,En agglomération,Intersection en T,Normale,Autre collision,,,,,,,,,,,1,2,3,1.0,6.0
201800027595,0018-05-27 17:45:00,18,5,27,17,45,490,99,DOUMER (RUE DU PRESIDENT,47.06688,-0.86635,Plein jour,En agglomération,Intersection en X,Normale,Deux véhicules - arrière,,,,,,,,,,,1,2,2,1.0,2.0
201800027596,0018-06-13 17:40:00,18,6,13,17,40,490,99,TOURAINE (BOULEVARD DE),47.07271,-0.85817,Plein jour,En agglomération,Hors intersection,Normale,Sans collision,,,,,,,,,,,1,2,1,1.0,7.0
201800027597,0018-06-23 19:38:00,18,6,23,19,38,490,99,POITOU (BOULEVARD DU),47.06864,-0.85129,Plein jour,En agglomération,Hors intersection,Normale,Deux véhicules - arrière,,,,,,,,,,,1,2,1,1.0,2.0
201800027598,0018-06-25 11:30:00,18,6,25,11,30,490,99,BERTHELOT (RUE MARCELIN),47.058,-0.90069,Plein jour,En agglomération,Intersection en X,Normale,Deux véhicules - côté,,,,,,,,,,,1,2,2,1.0,3.0
201800027599,0018-06-29 19:00:00,18,6,29,19,0,490,99,NANTES (AVENUE DE),47.0611,-0.89201,Plein jour,En agglomération,Intersection en T,Normale,Deux véhicules - côté,,,,,,,,,,,1,2,3,1.0,3.0
201800027600,0018-07-15 17:50:00,18,7,15,17,50,490,99,TUILERIE (RUE DE LA ),47.06693,-0.89046,Plein jour,En agglomération,Hors intersection,Normale,Sans collision,,,,,,,,,,,1,2,1,1.0,7.0
201800027601,0018-07-12 13:28:00,18,7,12,13,28,490,99,TOUTLEMONDE (RUE DE),47.0663,-0.83974,Plein jour,En agglomération,Hors intersection,Normale,Deux véhicules - côté,,,,,,,,,,,1,2,1,1.0,3.0
201800027602,0018-07-21 19:50:00,18,7,21,19,50,490,99,RD 157,46.99757,-0.88466,Plein jour,Hors agglomération,Hors intersection,Normale,Sans collision,,,,,,,,,,,1,1,1,1.0,7.0
201800027603,0018-07-23 13:30:00,18,7,23,13,30,490,99,JOFFRE (BOULEVARD DU MAR,47.06746,-0.88306,Plein jour,En agglomération,Intersection en T,Normale,Deux véhicules - côté,,,,,,,,,,,1,2,3,1.0,3.0
201800027604,0018-07-26 19:30:00,18,7,26,19,30,490,99,NATIONALE (RUE),47.06222,-0.87684,Plein jour,En agglomération,Hors intersection,Normale,Sans collision,,,,,,,,,,,1,2,1,1.0,7.0
201800027605,0018-08-04 10:00:00,18,8,4,10,0,490,99,LEGION D'HONNEUR (PLACE),47.04648,-0.87618,Plein jour,En agglomération,Giratoire,Normale,Deux véhicules - côté,,,,,,,,,,,1,2,6,1.0,3.0
201800027606,0018-08-08 08:00:00,18,8,8,8,0,490,99,HIPPODROME (AVENUE DE L',47.02016,-0.88327,Plein jour,Hors agglomération,Hors intersection,Normale,Autre collision,,,,,,,,,,,1,1,1,1.0,6.0
201800027607,0018-08-08 17:00:00,18,8,8,17,0,490,99,TOURAINE (BOULEVARD DE),47.07232,-0.85552,Plein jour,En agglomération,Intersection en X,Normale,Trois véhicules et plus - en chaîne,,,,,,,,,,,1,2,2,1.0,4.0
201800027608,0018-08-11 15:30:00,18,8,11,15,30,490,99,DARMAILLACQ (RUE ALPHONS,47.06668,-0.87347,Plein jour,En agglomération,Hors intersection,Normale,Autre collision,,,,,,,,,,,1,2,1,1.0,6.0
201800027609,0018-08-19 22:20:00,18,8,19,22,20,490,99,SARDINERIE (RUE DE LA),47.0611,-0.88268,Nuit avec éclairage allumé,En agglomération,Hors intersection,Normale,Sans collision,,,,,,,,,,,5,2,1,1.0,7.0
201800027610,0018-08-27 16:25:00,18,8,27,16,25,490,99,PERCHE (RUE DU),47.07523,-0.87438,Plein jour,En agglomération,Hors intersection,Normale,Sans collision,,,,,,,,,,,1,2,1,1.0,7.0
201800027611,0018-09-07 13:25:00,18,9,7,13,25,490,99,RUISSEAUX (RUE DES ),47.00602,-0.90352,Plein jour,Hors agglomération,Hors intersection,Normale,Sans collision,,,,,,,,,,,1,1,1,1.0,7.0
201800027612,0018-09-25 22:50:00,18,9,25,22,50,490,99,RD 752,47.01713,-0.88261,Nuit sans éclairage public,Hors agglomération,Giratoire,Normale,Autre collision,,,,,,,,,,,3,1,6,1.0,6.0
201800027613,0018-10-21 07:20:00,18,10,21,7,20,490,99,CHATEAU (ALLEE DU),47.02516,-0.91688,Nuit sans éclairage public,Hors agglomération,Intersection en T,Normale,Sans collision,,,,,,,,,,,3,1,3,1.0,7.0
201800027614,0018-10-28 02:00:00,18,10,28,2,0,490,99,CALINS (AVENUE DES),47.0595,-0.87394,Nuit avec éclairage allumé,En agglomération,Intersection en X,Temps couvert,Sans collision,,,,,,,,,,,5,2,2,8.0,7.0
201800027615,0018-11-20 18:30:00,18,11,20,18,30,490,99,LORRAINE (RUE DE),47.05172,-0.85288,Nuit avec éclairage allumé,En agglomération,Intersection en T,Normale,Deux véhicules - côté,,,,,,,,,,,5,2,3,1.0,3.0
201800027616,0018-11-21 19:15:00,18,11,21,19,15,490,99,BORDAGE MARC (RUE DU),47.05614,-0.87503,Nuit avec éclairage allumé,En agglomération,Hors intersection,Normale,Autre collision,,,,,,,,,,,5,2,1,1.0,6.0
201800027617,0018-12-02 18:40:00,18,12,2,18,40,490,99,HOTEL DE VILLE (RUE DE L,47.05796,-0.87932,Nuit avec éclairage allumé,En agglomération,Intersection en X,Pluie forte,Autre collision,,,,,,,,,,,5,2,2,3.0,6.0
201800027618,0018-12-10 19:45:00,18,12,10,19,45,490,99,ARCOLE (RUE D'),47.04694,-0.89663,Nuit avec éclairage allumé,En agglomération,Intersection en T,Normale,Autre collision,,,,,,,,,,,5,2,3,1.0,6.0
201800027619,0018-12-30 14:40:00,18,12,30,14,40,490,99,RICHELIEU (BOULEVARD DE),47.04409,-0.88546,Plein jour,En agglomération,Intersection en X,Brouillard / fumée,Deux véhicules - côté,,,,,,,,,,,1,2,2,5.0,3.0
201800027620,0018-01-19 08:05:00,18,1,19,8,5,490,328,KLEBER (PLACE),47.26286,-0.07963,Crépuscule ou aube,En agglomération,Hors intersection,Normale,Deux véhicules - côté,,,,,,,,,,,2,2,1,1.0,3.0
201800027621,0018-02-01 14:30:00,18,2,1,14,30,490,328,ROCADE D 347,47.27675,-0.07514,Plein jour,Hors agglomération,Hors intersection,Normale,Deux véhicules - arrière,,,,,,,,,,,1,1,1,1.0,2.0
201800027622,0018-02-19 19:25:00,18,2,19,19,25,490,328,DELESSERT (BOULEVARD BEN,47.2538,-0.08561,Nuit avec éclairage non allumé,En agglomération,Giratoire,Pluie légère,Autre collision,,,,,,,,,,,4,2,6,2.0,6.0
201800027623,0018-02-15 16:50:00,18,2,15,16,50,490,328,DELESSERT (BOULEVARD BEN,47.25377,-0.0857,Plein jour,En agglomération,Giratoire,Normale,Autre collision,,,,,,,,,,,1,2,6,1.0,6.0
201800027624,0018-02-27 07:25:00,18,2,27,7,25,490,328,ANGERS (ROUTE D') D 952,47.27478,-0.0816,Nuit sans éclairage public,Hors agglomération,Intersection en T,Normale,Deux véhicules - côté,,,,,,,,,,,3,1,3,1.0,3.0
201800027625,0018-03-07 18:15:00,18,3,7,18,15,490,328,VIEUX VIVY (ROUTE DU),47.2961,-0.07093,Plein jour,Hors agglomération,Hors intersection,Normale,Sans collision,,,,,,,,,,,1,1,1,1.0,7.0
201800027626,0018-03-08 11:45:00,18,3,8,11,45,490,328,FIDELITE (RUE DE LA),47.26137,-0.07837,Plein jour,En agglomération,Intersection en X,Normale,Deux véhicules - côté,,,,,,,,,,,1,2,2,1.0,3.0
201800027627,0018-03-20 12:20:00,18,3,20,12,20,490,328,rond point du general ar,47.26266,-0.09028,Plein jour,En agglomération,Giratoire,Normale,Deux véhicules - côté,,,,,,,,,,,1,2,6,1.0,3.0
201800027628,0018-03-28 07:50:00,18,3,28,7,50,490,328,RESISTANCE (PLACE DE LA),47.26713,-0.06994,Crépuscule ou aube,En agglomération,Giratoire,Normale,Deux véhicules - côté,,,,,,,,,,,2,2,6,1.0,3.0
201800027629,0018-03-28 17:30:00,18,3,28,17,30,490,328,PRESSOIR (RUE DU),47.2516,-0.07745,Plein jour,En agglomération,Intersection en X,Normale,Deux véhicules - côté,,,,,,,,,,,1,2,2,1.0,3.0
201800027630,0018-04-06 15:55:00,18,4,6,15,55,490,328,ROCADE N 347,47.26684,-0.09149,Plein jour,En agglomération,Hors intersection,Normale,Deux véhicules - arrière,,,,,,,,,,,1,2,1,1.0,2.0
201800027631,0018-04-12 16:45:00,18,4,12,16,45,490,328,MOUTON (RUE DU),47.2531,-0.07922,Plein jour,En agglomération,Intersection en X,Pluie légère,Autre collision,,,,,,,,,,,1,2,2,2.0,6.0
201800027632,0018-04-17 18:40:00,18,4,17,18,40,490,328,PONT FOUCHARD (RUE DU),47.2512,-0.08828,Plein jour,En agglomération,Hors intersection,Normale,Autre collision,,,,,,,,,,,1,2,1,1.0,6.0
201800027633,0018-04-23 12:00:00,18,4,23,12,0,490,328,MUSEE DU MOTEUR (ROND-PO,47.25206,-0.08741,Plein jour,En agglomération,Giratoire,Normale,Deux véhicules - côté,,,,,,,,,,,1,2,6,1.0,3.0
201800027634,0018-04-23 13:30:00,18,4,23,13,30,490,328,BOUJU (RUE),47.27085,-0.07033,Plein jour,En agglomération,Intersection en X,Normale,Deux véhicules - côté,,,,,,,,,,,1,2,2,1.0,3.0
201800027635,0018-05-17 18:00:00,18,5,17,18,0,490,328,ROUEN (RUE DE),47.26865,-0.06813,Plein jour,En agglomération,Intersection en X,Normale,Autre collision,,,,,,,,,,,1,2,2,1.0,6.0
201800027636,0018-05-29 08:30:00,18,5,29,8,30,490,328,CHANTEMERLE (RUE DE),47.23614,-0.09893,Plein jour,En agglomération,Intersection en X,Normale,Deux véhicules - côté,,,,,,,,,,,1,2,2,1.0,3.0
201800027637,0018-05-29 17:55:00,18,5,29,17,55,490,328,AMY (RUE ROBERT),47.24921,-0.07723,Plein jour,En agglomération,Hors intersection,Vent fort / tempête,Sans collision,,,,,,,,,,,1,2,1,6.0,7.0
201800027638,0018-05-30 15:40:00,18,5,30,15,40,490,328,DELESSERT (BOULEVARD BEN,47.25958,-0.08876,Plein jour,En agglomération,Hors intersection,Normale,Deux véhicules - arrière,,,,,,,,,,,1,2,1,1.0,2.0
201800027639,0018-06-27 08:55:00,18,6,27,8,55,490,328,VIEUX VIVY (ROUTE DU),47.28106,-0.06904,Plein jour,Hors agglomération,Giratoire,Normale,Autre collision,,,,,,,,,,,1,1,6,1.0,6.0
201800027640,0018-06-28 08:00:00,18,6,28,8,0,490,328,LOUCHEUR (RUE),47.24609,-0.07041,Plein jour,En agglomération,Intersection en X,Normale,Autre collision,,,,,,,,,,,1,2,2,1.0,6.0
201800027641,0018-07-17 14:35:00,18,7,17,14,35,490,328,ROUEN (RUE DE),47.26875,-0.06827,Plein jour,En agglomération,Hors intersection,Normale,Autre collision,,,,,,,,,,,1,2,1,1.0,6.0
201800027642,0018-08-04 20:30:00,18,8,4,20,30,490,328,CADRE NOIR (PONT DU) N 3,47.27443,-0.07924,Plein jour,En agglomération,Hors intersection,Normale,Deux véhicules - frontale,,,,,,,,,,,1,2,1,1.0,1.0
201800027643,0018-08-09 17:30:00,18,8,9,17,30,490,328,CHANZY (RUE),47.26039,-0.08163,Plein jour,En agglomération,Hors intersection,Normale,Trois véhicules et plus - en chaîne,,,,,,,,,,,1,2,1,1.0,4.0
201800027644,0018-08-11 13:35:00,18,8,11,13,35,490,328,GENNES (ROUTE DE) D 751,47.28316,-0.12343,Plein jour,Hors agglomération,Hors intersection,Normale,Deux véhicules - côté,,,,,,,,,,,1,1,1,1.0,3.0
201800027645,0018-08-11 22:25:00,18,8,11,22,25,490,328,REPUBLIQUE (PLACE DE LA),47.26021,-0.07504,Nuit avec éclairage allumé,En agglomération,Hors intersection,Normale,Autre collision,,,,,,,,,,,5,2,1,1.0,6.0
201800027646,0018-08-14 14:50:00,18,8,14,14,50,490,328,KLEBER (PLACE),47.2629,-0.07965,Plein jour,En agglomération,Place,Normale,Deux véhicules - côté,,,,,,,,,,,1,2,7,1.0,3.0
201800027647,0018-08-17 17:25:00,18,8,17,17,25,490,328,VERRIE D 161 (ROUTE DE),47.27367,-0.13758,Plein jour,Hors agglomération,Hors intersection,Normale,Deux véhicules - frontale,,,,,,,,,,,1,1,1,1.0,1.0
201800027648,0018-08-17 17:50:00,18,8,17,17,50,490,328,ROCADE N 347,47.25014,-0.10241,Plein jour,En agglomération,Hors intersection,Normale,Sans collision,,,,,,,,,,,1,2,1,1.0,7.0
201800027649,0018-08-31 23:00:00,18,8,31,23,0,490,328,FOUQUET (RUE),47.2544,-0.09413,Nuit avec éclairage allumé,En agglomération,Hors intersection,Normale,Deux véhicules - frontale,,,,,,,,,,,5,2,1,1.0,1.0
201800027650,0018-09-05 00:30:00,18,9,5,0,30,490,328,CHANZY (RUE),47.26038,-0.08164,Nuit avec éclairage allumé,En agglomération,Intersection en X,Normale,Deux véhicules - côté,,,,,,,,,,,5,2,2,1.0,3.0
201800027651,0018-09-11 14:30:00,18,9,11,14,30,490,328,FUSILLES (AVENUE DES) N,47.27997,-0.05527,Plein jour,En agglomération,Hors intersection,Normale,Deux véhicules - arrière,,,,,,,,,,,1,2,1,1.0,2.0
201800027652,0018-09-19 18:45:00,18,9,19,18,45,490,328,BOUJU (RUE),47.27002,-0.07062,Plein jour,En agglomération,Intersection en X,Normale,Deux véhicules - côté,,,,,,,,,,,1,2,2,1.0,3.0
201800027653,0018-09-21 07:40:00,18,9,21,7,40,490,328,DELESSERT (BOULEVARD BEN,47.25604,-0.0872,Crépuscule ou aube,En agglomération,Intersection en X,Pluie légère,Autre collision,,,,,,,,,,,2,2,2,2.0,6.0
201800027654,0018-09-20 21:00:00,18,9,20,21,0,490,328,POMPIDOU (AVENUE GEORGES,47.26487,-0.09898,Nuit avec éclairage non allumé,En agglomération,Intersection en T,Normale,Deux véhicules - côté,,,,,,,,,,,4,2,3,1.0,3.0
201800027655,0018-09-25 07:50:00,18,9,25,7,50,490,328,RESISTANCE (PLACE DE LA),47.2673,-0.07,Crépuscule ou aube,En agglomération,Intersection en X,Normale,Deux véhicules - côté,,,,,,,,,,,2,2,2,1.0,3.0
201800027656,0018-10-12 12:00:00,18,10,12,12,0,490,328,ANGERS (ROUTE D') D 952,47.27083,-0.07645,Plein jour,Hors agglomération,Hors intersection,Normale,Trois véhicules et plus - collisions multiples,,,,,,,,,,,1,1,1,1.0,5.0
201800027657,0018-11-05 18:40:00,18,11,5,18,40,490,328,CADETS (PONT DES),47.26697,-0.0701,Nuit avec éclairage allumé,En agglomération,Hors intersection,Temps couvert,Deux véhicules - arrière,,,,,,,,,,,5,2,1,8.0,2.0
201800027658,0018-11-06 14:10:00,18,11,6,14,10,490,328,LAMARTINE (RUE),47.25499,-0.0718,Plein jour,En agglomération,Hors intersection,Normale,Deux véhicules - frontale,,,,,,,,,,,1,2,1,1.0,1.0
201800027659,0018-11-22 07:35:00,18,11,22,7,35,490,328,DE GAULLE (AVENUE DU GEN,47.26496,-0.0725,Nuit avec éclairage allumé,En agglomération,Hors intersection,Brouillard / fumée,Deux véhicules - côté,,,,,,,,,,,5,2,1,5.0,3.0
201800027660,0018-11-21 10:00:00,18,11,21,10,0,490,328,CHUMEAU (ROND-POINT),47.2492,-0.09058,Plein jour,En agglomération,Giratoire,Normale,Deux véhicules - côté,,,,,,,,,,,1,2,6,1.0,3.0
201800027661,0018-12-03 18:15:00,18,12,3,18,15,490,328,ROCADE N 347,47.25586,-0.09891,Nuit sans éclairage public,Hors agglomération,Hors intersection,Normale,Trois véhicules et plus - en chaîne,,,,,,,,,,,3,1,1,1.0,4.0
201800027662,0018-12-03 09:15:00,18,12,3,9,15,490,328,BEAUREPAIRE (RUE),47.2604,-0.08165,Plein jour,En agglomération,Intersection en X,Normale,Deux véhicules - côté,,,,,,,,,,,1,2,2,1.0,3.0
201800027663,0018-12-05 08:15:00,18,12,5,8,15,490,328,RESISTANCE (PLACE DE LA),47.26726,-0.07002,Nuit avec éclairage allumé,En agglomération,Giratoire,Normale,Deux véhicules - côté,,,,,,,,,,,5,2,6,1.0,3.0
201800027664,0018-01-04 18:15:00,18,1,4,18,15,500,129,"00, CALIGNY (QUAI DE)",49.64015,-1.62145,Nuit avec éclairage allumé,En agglomération,Intersection en T,Normale,Deux véhicules - côté,,,,,,,,,,,5,2,3,1.0,3.0
201800027665,0018-01-07 14:00:00,18,1,7,14,0,500,602,"000, RN 13",49.63402,-1.56146,Plein jour,Hors agglomération,Intersection en T,Pluie légère,Sans collision,,,,,,,,,,,1,1,3,2.0,7.0
201800027666,0018-01-06 19:15:00,18,1,6,19,15,500,416,"24, BRETON (RUE DU)",49.65026,-1.699,Nuit avec éclairage allumé,En agglomération,Hors intersection,Pluie forte,Deux véhicules - arrière,,,,,,,,,,,5,2,1,3.0,2.0
201800027667,0018-01-08 19:20:00,18,1,8,19,20,500,129,"00, SCHUMAN (BOULEVARD R",49.63832,-1.62529,Nuit avec éclairage allumé,En agglomération,Intersection en X,Normale,Deux véhicules - frontale,,,,,,,,,,,5,2,2,1.0,1.0
201800027668,0018-01-09 18:00:00,18,1,9,18,0,500,129,QUAI ALEXANDRE III,49.63835,-1.62156,Nuit avec éclairage allumé,En agglomération,Intersection en T,Normale,Sans collision,,,,,,,,,,,5,2,3,1.0,7.0
201800027669,0018-01-10 12:30:00,18,1,10,12,30,500,129,"000, NAPOLEON (PLACE)",49.6439,-1.62603,Plein jour,En agglomération,Intersection en X,Normale,Sans collision,,,,,,,,,,,1,2,2,1.0,7.0
201800027670,0018-01-15 10:45:00,18,1,15,10,45,500,129,"00, CONQUERANT (BOULEVAR",49.64226,-1.637,Plein jour,En agglomération,Intersection en X,Pluie forte,Deux véhicules - côté,,,,,,,,,,,1,2,2,3.0,3.0
201800027671,0018-01-16 08:15:00,18,1,16,8,15,500,203,AXE NORD SUD,49.59638,-1.59501,Plein jour,Hors agglomération,Hors intersection,Temps couvert,Sans collision,,,,,,,,,,,1,1,1,8.0,7.0
201800027672,0018-01-15 08:30:00,18,1,15,8,30,500,129,"000, LECLERC (RUE DU MAR",49.63549,-1.63182,Nuit avec éclairage allumé,En agglomération,Intersection en T,Pluie légère,Sans collision,,,,,,,,,,,5,2,3,2.0,7.0
201800027673,0018-01-17 12:40:00,18,1,17,12,40,500,416,"00, CD 901",49.656,-1.69923,Plein jour,En agglomération,Intersection en Y,Normale,Deux véhicules - arrière,,,,,,,,,,,1,2,4,1.0,2.0
201800027674,0018-01-19 20:20:00,18,1,19,20,20,500,129,"00, RAVENEL (PLACE MARIE",49.63879,-1.61648,Nuit avec éclairage allumé,En agglomération,Intersection en X,Normale,Deux véhicules - frontale,,,,,,,,,,,5,2,2,1.0,1.0
201800027675,0018-01-23 12:25:00,18,1,23,12,25,500,129,"000, CALIGNY (QUAI DE)",49.64209,-1.6223,Plein jour,En agglomération,Intersection en T,Pluie forte,Deux véhicules - côté,,,,,,,,,,,1,2,3,3.0,3.0
201800027676,0018-01-25 10:35:00,18,1,25,10,35,500,602,"00, BREQUECAL (RUE DE)",49.62703,-1.54908,Plein jour,Hors agglomération,Intersection en Y,Normale,Sans collision,,,,,,,,,,,1,1,4,1.0,7.0
201800027677,0018-01-28 08:50:00,18,1,28,8,50,500,173,"000, QUERQUEVILLE (ROND",49.6613,-1.68142,Plein jour,En agglomération,Giratoire,Normale,Deux véhicules - côté,,,,,,,,,,,1,2,6,1.0,3.0
201800027678,0018-01-26 18:20:00,18,1,26,18,20,500,602,"00, HUIT MAI 1945 (RUE D",49.64951,-1.57,Nuit avec éclairage allumé,En agglomération,Intersection en X,Normale,Deux véhicules - côté,,,,,,,,,,,5,2,2,1.0,3.0
201800027679,0018-02-01 09:15:00,18,2,1,9,15,500,129,"23, MENDES FRANCE (BOULE",49.63492,-1.62747,Plein jour,En agglomération,Hors intersection,Normale,Sans collision,,,,,,,,,,,1,2,1,1.0,7.0
201800027680,0018-02-02 19:15:00,18,2,2,19,15,500,173,"70, GAMBETTA (RUE)",49.64765,-1.6481,Nuit avec éclairage allumé,En agglomération,Intersection en Y,Normale,Deux véhicules - côté,,,,,,,,,,,5,2,4,1.0,3.0
201800027681,0018-02-07 02:30:00,18,2,7,2,30,500,129,"109, LECLERC (RUE DU MAR",49.63573,-1.63428,Nuit avec éclairage allumé,En agglomération,Hors intersection,Normale,Autre collision,,,,,,,,,,,5,2,1,1.0,6.0
201800027682,0018-01-28 15:00:00,18,1,28,15,0,500,129,"000, COURBET (RUE AMIRAL",49.64171,-1.63269,Plein jour,En agglomération,Intersection en T,Temps couvert,Autre collision,,,,,,,,,,,1,2,3,8.0,6.0
201800027683,0018-02-07 12:15:00,18,2,7,12,15,500,173,RESISTANTS (RUE DES),49.64834,-1.65362,Plein jour,En agglomération,Hors intersection,Normale,Sans collision,,,,,,,,,,,1,2,1,1.0,7.0
201800027684,0018-02-09 11:50:00,18,2,9,11,50,500,203,"1315, LES ROUGES TERRES",49.61061,-1.6005,Plein jour,En agglomération,Hors intersection,Normale,Deux véhicules - arrière,,,,,,,,,,,1,2,1,1.0,2.0
201800027685,0018-02-10 18:05:00,18,2,10,18,5,500,129,"000, NORMANDIE (AVENUE)",49.62651,-1.63198,Nuit avec éclairage allumé,En agglomération,Hors intersection,Pluie légère,Sans collision,,,,,,,,,,,5,2,1,2.0,7.0
201800027686,0018-02-10 19:15:00,18,2,10,19,15,500,129,"00, THIVET (AVENUE)",49.63472,-1.66302,Nuit avec éclairage allumé,En agglomération,Hors intersection,Pluie forte,Deux véhicules - frontale,,,,,,,,,,,5,2,1,3.0,1.0
201800027687,0018-02-09 09:55:00,18,2,9,9,55,500,129,"00, BOEL MESLIN (RUE)",49.64079,-1.6238,Plein jour,En agglomération,Intersection en T,Normale,Deux véhicules - arrière,,,,,,,,,,,1,2,3,1.0,2.0
201800027688,0018-02-13 10:45:00,18,2,13,10,45,500,602,"126, COTENTIN (BOULEVARD",49.63898,-1.57354,Plein jour,En agglomération,Intersection en X,Pluie légère,Trois véhicules et plus - collisions multiples,,,,,,,,,,,1,2,2,2.0,5.0
201800027689,0018-02-10 18:15:00,18,2,10,18,15,500,129,"00, GUYNEMER (RUE GEORGE",49.63622,-1.60472,Nuit avec éclairage allumé,En agglomération,Intersection en X,Pluie forte,Deux véhicules - côté,,,,,,,,,,,5,2,2,3.0,3.0
201800027690,0018-02-17 12:20:00,18,2,17,12,20,500,173,"60, BERT (RUE PAUL)",49.65059,-1.65333,Plein jour,En agglomération,Hors intersection,Normale,Autre collision,,,,,,,,,,,1,2,1,1.0,6.0
201800027691,0018-02-18 04:20:00,18,2,18,4,20,500,416,"00, QUERQUEVILLE (ROND P",49.66135,-1.68164,Nuit avec éclairage allumé,En agglomération,Giratoire,Pluie légère,Sans collision,,,,,,,,,,,5,2,6,2.0,7.0
201800027692,0018-02-20 12:35:00,18,2,20,12,35,500,602,"000, POMMIERS (RUE DES)",49.63484,-1.58335,Plein jour,En agglomération,Hors intersection,Normale,Deux véhicules - côté,,,,,,,,,,,1,2,1,1.0,3.0
201800027693,0018-02-22 01:15:00,18,2,22,1,15,500,602,"95, EAUX (CHASSE A)",49.63709,-1.57448,Nuit avec éclairage allumé,En agglomération,Hors intersection,Normale,Sans collision,,,,,,,,,,,5,2,1,1.0,7.0
201800027694,0018-02-22 14:50:00,18,2,22,14,50,500,602,"00, BREQUECAL (RUE DE)",49.62941,-1.55761,Plein jour,Hors agglomération,Hors intersection,Normale,Deux véhicules - frontale,,,,,,,,,,,1,1,1,1.0,1.0
201800027695,0018-02-22 15:25:00,18,2,22,15,25,500,129,"000, VINTRAS (RUE)",49.63599,-1.61343,Plein jour,En agglomération,Intersection en T,Normale,Sans collision,,,,,,,,,,,1,2,3,1.0,7.0
201800027696,0018-02-27 15:00:00,18,2,27,15,0,500,602,"00, EST (BOULEVARD DE L'",49.63642,-1.59631,Plein jour,En agglomération,Giratoire,Normale,Deux véhicules - arrière,,,,,,,,,,,1,2,6,1.0,2.0
201800027697,0018-03-04 09:15:00,18,3,4,9,15,500,129,"00, ATLANTIQUE (BOULEVAR",49.62085,-1.64238,Plein jour,En agglomération,Intersection en X,Normale,Deux véhicules - côté,,,,,,,,,,,1,2,2,1.0,3.0
201800027698,0018-03-09 07:10:00,18,3,9,7,10,500,602,RD PT ST JEAN MOULIN,49.63531,-1.59142,Crépuscule ou aube,En agglomération,Giratoire,Pluie légère,Deux véhicules - côté,,,,,,,,,,,2,2,6,2.0,3.0
201800027699,0018-03-09 22:15:00,18,3,9,22,15,500,203,"00, ROUGES TERRES (LES)",49.60893,-1.59995,Nuit avec éclairage allumé,En agglomération,Intersection en Y,Normale,Deux véhicules - côté,,,,,,,,,,,5,2,4,1.0,3.0
201800027700,0018-03-10 01:15:00,18,3,10,1,15,500,203,"2215, BANQUE A GENETS (C",49.60326,-1.59821,Nuit avec éclairage allumé,En agglomération,Hors intersection,Normale,Autre collision,,,,,,,,,,,5,2,1,1.0,6.0