accident_id,datetime,annee,mois,jour,heure,minute,departement,commune_insee,adresse,latitude,longitude,luminosite,agglomeration,intersection,meteo,collision,nb_vehicules,nb_usagers,nb_indemnes,nb_tues,nb_blesses_hosp,nb_blesses_legers,age_cond_1,age_cond_2,veh_type_cond_1,veh_type_cond_2,lum_code,agg_code,int_code,atm_code,col_code
201800027701,0018-03-14 17:20:00,18,3,14,17,20,500,129,BD GUILLAUME CONQUERANT,49.64218,-1.63703,Plein jour,En agglomération,Intersection en X,Normale,Deux véhicules - côté,,,,,,,,,,,1,2,2,1.0,3.0
201800027702,0018-03-15 14:30:00,18,3,15,14,30,500,173,"00, MANGON (RUE HERVE)",49.64918,-1.65247,Plein jour,En agglomération,Hors intersection,Normale,Sans collision,,,,,,,,,,,1,2,1,1.0,7.0
201800027703,0018-03-17 01:10:00,18,3,17,1,10,500,602,"130, LECLERC (RUE DU GEN",49.64043,-1.59837,Nuit avec éclairage allumé,En agglomération,Hors intersection,Normale,Autre collision,,,,,,,,,,,5,2,1,1.0,6.0
201800027704,0018-03-16 07:50:00,18,3,16,7,50,500,129,"00, Quai Lawton COLLINS",49.64208,-1.61747,Crépuscule ou aube,En agglomération,Intersection en Y,Normale,Deux véhicules - côté,,,,,,,,,,,2,2,4,1.0,3.0
201800027705,0018-03-21 11:25:00,18,3,21,11,25,500,129,"00, CHANTEREYNE (PORT)",49.64753,-1.6258,Plein jour,En agglomération,Hors intersection,Normale,Sans collision,,,,,,,,,,,1,2,1,1.0,7.0
201800027706,0018-03-26 18:10:00,18,3,26,18,10,500,129,"0, HUGO (RUE VICTOR)",49.62122,-1.65524,Plein jour,En agglomération,Intersection en T,Normale,Deux véhicules - arrière,,,,,,,,,,,1,2,3,1.0,2.0
201800027707,0018-03-25 00:25:00,18,3,25,0,25,500,129,"07, Quai Lawton COLLINS",49.63978,-1.61855,Nuit avec éclairage allumé,En agglomération,Intersection en T,Normale,Sans collision,,,,,,,,,,,5,2,3,1.0,7.0
201800027708,0018-03-27 08:25:00,18,3,27,8,25,500,203,R N 13,49.58444,-1.59279,Plein jour,Hors agglomération,Hors intersection,Pluie légère,Deux véhicules - arrière,,,,,,,,,,,1,1,1,2.0,2.0
201800027709,0018-03-28 10:30:00,18,3,28,10,30,500,129,"00, ABBAYE (RUE DE L')",49.64654,-1.64304,Plein jour,En agglomération,Intersection en X,Pluie légère,Deux véhicules - côté,,,,,,,,,,,1,2,2,2.0,3.0
201800027710,0018-03-28 17:30:00,18,3,28,17,30,500,602,"000, LECLERC (RUE DU GEN",49.64113,-1.59425,Plein jour,En agglomération,Intersection en T,Normale,Autre collision,,,,,,,,,,,1,2,3,1.0,6.0
201800027711,0018-03-30 17:40:00,18,3,30,17,40,500,129,"00, MILLET (AVENUE JEAN-",49.6335,-1.61756,Plein jour,En agglomération,Intersection en T,Normale,Sans collision,,,,,,,,,,,1,2,3,1.0,7.0
201800027712,0018-04-02 19:15:00,18,4,2,19,15,500,129,ATLANTIQUE (BOULEVARD DE,49.62973,-1.63252,Plein jour,En agglomération,Hors intersection,Normale,Sans collision,,,,,,,,,,,1,2,1,1.0,7.0
201800027713,0018-04-05 10:55:00,18,4,5,10,55,500,129,JAURES (PLACE JEAN),49.63382,-1.62196,Plein jour,En agglomération,Place,Normale,Autre collision,,,,,,,,,,,1,2,7,1.0,6.0
201800027714,0018-04-10 07:45:00,18,4,10,7,45,500,129,ABBAYE (RUE DE L'),49.64676,-1.6426,Plein jour,En agglomération,Hors intersection,Normale,Deux véhicules - arrière,,,,,,,,,,,1,2,1,1.0,2.0
201800027715,0018-04-14 17:00:00,18,4,14,17,0,500,129,TRIBUNAUX (RUE DES),49.63811,-1.62396,Plein jour,En agglomération,Intersection en T,Normale,Autre collision,,,,,,,,,,,1,2,3,1.0,6.0
201800027716,0018-04-16 16:00:00,18,4,16,16,0,500,129,CHAMPAGNE (RUE DE),49.62773,-1.62922,Plein jour,En agglomération,Hors intersection,Normale,Autre collision,,,,,,,,,,,1,2,1,1.0,6.0
201800027717,0018-04-17 16:25:00,18,4,17,16,25,500,203,LANSONNEUR (RUE LOUIS),49.62368,-1.61776,Plein jour,En agglomération,Hors intersection,Normale,Deux véhicules - frontale,,,,,,,,,,,1,2,1,1.0,1.0
201800027718,0018-04-25 22:50:00,18,4,25,22,50,500,129,BUCAILLE (RUE DE LA),49.64135,-1.63191,Nuit avec éclairage allumé,En agglomération,Intersection en X,Normale,Deux véhicules - côté,,,,,,,,,,,5,2,2,1.0,3.0
201800027719,0018-04-26 13:25:00,18,4,26,13,25,500,129,QUAI DE CALIGNY,49.64132,-1.62128,Plein jour,En agglomération,Hors intersection,Normale,Deux véhicules - côté,,,,,,,,,,,1,2,1,1.0,3.0
201800027720,0018-04-27 07:40:00,18,4,27,7,40,500,129,MILLET (AVENUE JEAN-FRAN,49.63355,-1.61715,Plein jour,En agglomération,Hors intersection,Normale,Deux véhicules - arrière,,,,,,,,,,,1,2,1,1.0,2.0
201800027721,0018-04-28 02:30:00,18,4,28,2,30,500,602,FLAMANDS (ROND POINT),49.65335,-1.57928,Nuit sans éclairage public,En agglomération,Giratoire,Normale,Autre collision,,,,,,,,,,,3,2,6,1.0,6.0
201800027722,0018-05-01 00:20:00,18,5,1,0,20,500,129,RUE DE SENNECEY,49.63753,-1.60562,Nuit avec éclairage allumé,En agglomération,Intersection en X,Normale,Deux véhicules - côté,,,,,,,,,,,5,2,2,1.0,3.0
201800027723,0018-05-06 12:15:00,18,5,6,12,15,500,602,LAUBEUF (RUE MAXIME),49.65307,-1.55266,Plein jour,En agglomération,Hors intersection,Normale,Deux véhicules - arrière,,,,,,,,,,,1,2,1,1.0,2.0
201800027724,0018-05-05 18:20:00,18,5,5,18,20,500,602,BOUIN (RUE JEAN),49.6282,-1.5856,Plein jour,En agglomération,Hors intersection,Normale,Deux véhicules - côté,,,,,,,,,,,1,2,1,1.0,3.0
201800027725,0018-05-11 17:20:00,18,5,11,17,20,500,129,CHRISTINE (RUE),49.64,-1.62612,Plein jour,En agglomération,Intersection en Y,Normale,Autre collision,,,,,,,,,,,1,2,4,1.0,6.0
201800027726,0018-05-14 17:45:00,18,5,14,17,45,500,129,GUYNEMER (RUE GEORGES),49.63594,-1.60715,Plein jour,En agglomération,Hors intersection,Normale,Autre collision,,,,,,,,,,,1,2,1,1.0,6.0
201800027727,0018-05-14 10:10:00,18,5,14,10,10,500,173,BD DE LA MER,49.65973,-1.67548,Plein jour,En agglomération,Hors intersection,Normale,Autre collision,,,,,,,,,,,1,2,1,1.0,6.0
201800027728,0018-05-16 17:15:00,18,5,16,17,15,500,173,THIVET ( avenue du ),49.63539,-1.65681,Plein jour,En agglomération,Intersection en T,Normale,Autre collision,,,,,,,,,,,1,2,3,1.0,6.0
201800027729,0018-05-16 13:10:00,18,5,16,13,10,500,129,SALENGRO (RUE ROGER),49.62734,-1.64267,Plein jour,En agglomération,Intersection en T,Normale,Deux véhicules - frontale,,,,,,,,,,,1,2,3,1.0,1.0
201800027730,0018-05-17 16:20:00,18,5,17,16,20,500,602,FONDERIE (RUE DE LA),49.64363,-1.58433,Plein jour,En agglomération,Hors intersection,Normale,Autre collision,,,,,,,,,,,1,2,1,1.0,6.0
201800027731,0018-05-21 19:30:00,18,5,21,19,30,500,602,PYROTECHNIE (rue de la ),49.64693,-1.5993,Plein jour,En agglomération,Hors intersection,Normale,Sans collision,,,,,,,,,,,1,2,1,1.0,7.0
201800027732,0018-05-18 12:10:00,18,5,18,12,10,500,602,MEDERIC (RUE),49.64157,-1.59172,Plein jour,En agglomération,Hors intersection,Normale,Autre collision,,,,,,,,,,,1,2,1,1.0,6.0
201800027733,0018-05-19 11:25:00,18,5,19,11,25,500,602,RN 13,49.64457,-1.56315,Plein jour,Hors agglomération,Hors intersection,Normale,Autre collision,,,,,,,,,,,1,1,1,1.0,6.0
201800027734,0018-05-23 17:00:00,18,5,23,17,0,500,129,ILE DE FRANCE (RUE DE L',49.6275,-1.6344,Plein jour,En agglomération,Hors intersection,Normale,Autre collision,,,,,,,,,,,1,2,1,1.0,6.0
201800027735,0018-05-23 14:35:00,18,5,23,14,35,500,129,PARIS (AVENUE DE),49.63001,-1.61794,Plein jour,En agglomération,Hors intersection,Normale,Deux véhicules - arrière,,,,,,,,,,,1,2,1,1.0,2.0
201800027736,0018-05-27 13:10:00,18,5,27,13,10,500,129,BECQUEREL (RUE),49.6276,-1.63839,Plein jour,En agglomération,Hors intersection,Normale,Autre collision,,,,,,,,,,,1,2,1,1.0,6.0
201800027737,0018-05-26 11:40:00,18,5,26,11,40,500,129,SCHUMAN (BOULEVARD ROBER,49.63808,-1.62526,Plein jour,En agglomération,Intersection en X,Temps couvert,Autre collision,,,,,,,,,,,1,2,2,8.0,6.0
201800027738,0018-05-28 10:00:00,18,5,28,10,0,500,129,LAVIEILLE (RUE FRANCOIS),49.64004,-1.6204,Plein jour,En agglomération,Intersection en T,Normale,Autre collision,,,,,,,,,,,1,2,3,1.0,6.0
201800027739,0018-05-29 07:35:00,18,5,29,7,35,500,602,RUE DES SAUXMARAIS,49.63101,-1.58944,Plein jour,En agglomération,Intersection en X,Normale,Deux véhicules - côté,,,,,,,,,,,1,2,2,1.0,3.0
201800027740,0018-06-06 01:20:00,18,6,6,1,20,500,129,TANNERIES (RUE DES),49.63229,-1.62354,Nuit avec éclairage allumé,En agglomération,Intersection en X,Normale,Autre collision,,,,,,,,,,,5,2,2,1.0,6.0
201800027741,0018-06-13 15:20:00,18,6,13,15,20,500,203,PR 53+2,49.60514,-1.594,Plein jour,Hors agglomération,Hors intersection,Normale,Deux véhicules - frontale,,,,,,,,,,,1,1,1,1.0,1.0
201800027742,0018-06-19 18:10:00,18,6,19,18,10,500,129,PARIS (AVENUE DE),49.63079,1.61778,Plein jour,En agglomération,Hors intersection,Temps couvert,Deux véhicules - arrière,,,,,,,,,,,1,2,1,8.0,2.0
201800027743,0018-06-20 07:40:00,18,6,20,7,40,500,129,NAPOLEON (PLACE),49.64236,-1.62259,Plein jour,En agglomération,Hors intersection,Normale,Deux véhicules - côté,,,,,,,,,,,1,2,1,1.0,3.0
201800027744,0018-06-23 17:10:00,18,6,23,17,10,500,173,SALINE (BOULEVARD DE LA),49.6578,-1.66463,Plein jour,En agglomération,Hors intersection,Normale,Deux véhicules - arrière,,,,,,,,,,,1,2,1,1.0,2.0
201800027745,0018-07-05 09:40:00,18,7,5,9,40,500,129,Quai Lawton COLLINS,49.64155,-1.618,Plein jour,En agglomération,Hors intersection,Normale,Deux véhicules - côté,,,,,,,,,,,1,2,1,1.0,3.0
201800027746,0018-07-06 23:25:00,18,7,6,23,25,500,129,MACONS (RUE DES),49.64624,-1.64311,Nuit avec éclairage allumé,En agglomération,Hors intersection,Normale,Deux véhicules - côté,,,,,,,,,,,5,2,1,1.0,3.0
201800027747,0018-07-09 09:10:00,18,7,9,9,10,500,129,CURIE (RUE),49.63899,-1.60633,Plein jour,En agglomération,Intersection en T,Normale,Autre collision,,,,,,,,,,,1,2,3,1.0,6.0
201800027748,0018-07-10 19:50:00,18,7,10,19,50,500,602,PENESME (ROND POINT),49.63551,-1.576,Plein jour,En agglomération,Giratoire,Normale,Sans collision,,,,,,,,,,,1,2,6,1.0,7.0
201800027749,0018-07-16 07:30:00,18,7,16,7,30,500,173,,49.64574,-1.69227,Plein jour,Hors agglomération,Intersection en T,Normale,Deux véhicules - côté,,,,,,,,,,,1,1,3,1.0,3.0
201800027750,0018-07-23 14:10:00,18,7,23,14,10,500,129,VINTRAS (RUE),49.63606,-1.61359,Plein jour,En agglomération,Intersection en T,Normale,Autre collision,,,,,,,,,,,1,2,3,1.0,6.0
201800027751,0018-07-23 16:25:00,18,7,23,16,25,500,129,CONQUERANT (BOULEVARD GU,49.64218,-1.63701,Plein jour,En agglomération,Intersection en X,Normale,Deux véhicules - côté,,,,,,,,,,,1,2,2,1.0,3.0
201800027752,0018-07-24 19:35:00,18,7,24,19,35,500,129,DELAVILLE ( AVENUE),49.63577,-1.62435,Plein jour,En agglomération,Intersection en T,Normale,Deux véhicules - frontale,,,,,,,,,,,1,2,3,1.0,1.0
201800027753,0018-07-25 15:00:00,18,7,25,15,0,500,129,MENDES FRANCE (BOULEVARD,49.63402,-1.62314,Plein jour,En agglomération,Hors intersection,Normale,Deux véhicules - côté,,,,,,,,,,,1,2,1,1.0,3.0
201800027754,0018-07-25 18:25:00,18,7,25,18,25,500,203,ROUGES TERRES (LES),49.61224,-1.60111,Plein jour,En agglomération,Intersection en X,Normale,Deux véhicules - arrière,,,,,,,,,,,1,2,2,1.0,2.0
201800027755,0018-07-29 16:00:00,18,7,29,16,0,500,173,ARAGO (RUE),49.65467,-1.65825,Plein jour,En agglomération,Intersection en X,Pluie légère,Deux véhicules - côté,,,,,,,,,,,1,2,2,2.0,3.0
201800027756,0018-08-16 17:50:00,18,8,16,17,50,500,173,MER (Bld de la ),49.66197,-1.6804,Plein jour,En agglomération,Hors intersection,Pluie légère,Autre collision,,,,,,,,,,,1,2,1,2.0,6.0
201800027757,0018-08-20 07:40:00,18,8,20,7,40,500,416,FOUQUET (RUE RENE),49.66167,-1.68152,Plein jour,En agglomération,Giratoire,Normale,Autre collision,,,,,,,,,,,1,2,6,1.0,6.0
201800027758,0018-08-20 16:30:00,18,8,20,16,30,500,173,LANGLOIS (HAMEAU),49.65558,-1.69484,Plein jour,En agglomération,Hors intersection,Normale,Sans collision,,,,,,,,,,,1,2,1,1.0,7.0
201800027759,0018-08-26 22:55:00,18,8,26,22,55,500,602,MANCHE (BOULEVARD DE LA),49.6476,-1.57824,Nuit avec éclairage allumé,En agglomération,Intersection en X,Pluie légère,Deux véhicules - côté,,,,,,,,,,,5,2,2,2.0,3.0
201800027760,0018-08-28 14:50:00,18,8,28,14,50,500,129,LAVIEILLE (RUE FRANCOIS),49.64114,-1.62564,Plein jour,En agglomération,Hors intersection,Normale,Deux véhicules - arrière,,,,,,,,,,,1,2,1,1.0,2.0
201800027761,0018-08-30 17:45:00,18,8,30,17,45,500,129,BECQUEREL (RUE),49.62844,-1.63964,Plein jour,En agglomération,Intersection en T,Normale,Deux véhicules - côté,,,,,,,,,,,1,2,3,1.0,3.0
201800027762,0018-09-02 21:45:00,18,9,2,21,45,500,129,RUE ABBAYE,49.64534,-1.63779,Nuit avec éclairage allumé,En agglomération,Intersection en X,Normale,Deux véhicules - côté,,,,,,,,,,,5,2,2,1.0,3.0
201800027763,0018-09-03 08:30:00,18,9,3,8,30,500,203,BEL AIR  (RUE DE),49.61034,-1.61235,Plein jour,Hors agglomération,Hors intersection,Normale,Deux véhicules - frontale,,,,,,,,,,,1,1,1,1.0,1.0
201800027764,0018-09-07 01:20:00,18,9,7,1,20,500,129,BUCAILLE (RUE DE LA),49.64163,-1.63305,Nuit avec éclairage allumé,En agglomération,Intersection en T,Normale,Autre collision,,,,,,,,,,,5,2,3,1.0,6.0
201800027765,0018-09-12 16:15:00,18,9,12,16,15,500,203,PARC DES ACTIVITES,49.60304,-1.60373,Plein jour,Hors agglomération,Hors intersection,Normale,Deux véhicules - arrière,,,,,,,,,,,1,1,1,1.0,2.0
201800027766,0018-09-14 09:30:00,18,9,14,9,30,500,173,D 409,49.6276,-1.67295,Plein jour,Hors agglomération,Intersection en X,Normale,Deux véhicules - frontale,,,,,,,,,,,1,1,2,1.0,1.0
201800027767,0018-09-16 11:25:00,18,9,16,11,25,500,602,GRAND PRE (RUE DU),49.63933,-1.59563,Plein jour,En agglomération,Hors intersection,Normale,Autre collision,,,,,,,,,,,1,2,1,1.0,6.0
201800027768,0018-09-20 18:45:00,18,9,20,18,45,500,416,SEMBAT (RUE MARCEL),49.65744,-1.69472,Plein jour,En agglomération,Intersection en X,Normale,Deux véhicules - côté,,,,,,,,,,,1,2,2,1.0,3.0
201800027769,0018-09-21 08:25:00,18,9,21,8,25,500,129,NORMANDIE (AVENUE DE),49.62693,-1.63537,Plein jour,En agglomération,Intersection en T,Normale,Sans collision,,,,,,,,,,,1,2,3,1.0,7.0
201800027770,0018-09-24 18:30:00,18,9,24,18,30,500,173,MER (Bld de la ),49.65953,-1.67526,Plein jour,En agglomération,Hors intersection,Normale,Autre collision,,,,,,,,,,,1,2,1,1.0,6.0
201800027771,0018-09-26 07:40:00,18,9,26,7,40,500,173,TROIS HANGARS (RUE DES),49.64897,-1.6437,Crépuscule ou aube,En agglomération,Intersection en T,Normale,Deux véhicules - côté,,,,,,,,,,,2,2,3,1.0,3.0
201800027772,0018-09-26 16:15:00,18,9,26,16,15,500,129,RUE ABBAYE,49.64552,-1.63865,Plein jour,En agglomération,Intersection en T,Normale,Trois véhicules et plus - en chaîne,,,,,,,,,,,1,2,3,1.0,4.0
201800027773,0018-10-01 08:45:00,18,10,1,8,45,500,602,JEAN ZAY (RUE),49.64126,-1.5806,Plein jour,En agglomération,Hors intersection,Normale,Autre collision,,,,,,,,,,,1,2,1,1.0,6.0
201800027774,0018-10-02 07:45:00,18,10,2,7,45,500,129,CALIGNY (QUAI DE),49.63919,-1.62107,Crépuscule ou aube,En agglomération,Intersection en Y,Pluie légère,Autre collision,,,,,,,,,,,2,2,4,2.0,6.0
201800027775,0018-10-04 06:10:00,18,10,4,6,10,500,203,LUCET (RUE),49.62417,-1.61612,Nuit avec éclairage allumé,En agglomération,Hors intersection,Normale,Autre collision,,,,,,,,,,,5,2,1,1.0,6.0
201800027776,0018-10-08 00:50:00,18,10,8,0,50,500,129,CALIGNY (QUAI DE),49.64012,-1.62152,Nuit avec éclairage allumé,En agglomération,Intersection en T,Normale,Deux véhicules - côté,,,,,,,,,,,5,2,3,1.0,3.0
201800027777,0018-10-08 08:05:00,18,10,8,8,5,500,129,JOLIOT CURIE (RUE),49.63012,-1.64346,Plein jour,En agglomération,Intersection en T,Normale,Deux véhicules - côté,,,,,,,,,,,1,2,3,1.0,3.0
201800027778,0018-10-11 16:00:00,18,10,11,16,0,500,203,NATIONALE 13,49.59763,-1.59677,Plein jour,Hors agglomération,Hors intersection,Normale,Deux véhicules - arrière,,,,,,,,,,,1,1,1,1.0,2.0
201800027779,0018-10-13 16:05:00,18,10,13,16,5,500,416,,49.64932,-1.716,Plein jour,Hors agglomération,Hors intersection,Normale,Autre collision,,,,,,,,,,,1,1,1,1.0,6.0
201800027780,0018-10-13 12:50:00,18,10,13,12,50,500,129,DIX DECEMBRE 1848 (RUE D,49.63029,-1.64656,Plein jour,En agglomération,Hors intersection,Normale,Deux véhicules - côté,,,,,,,,,,,1,2,1,1.0,3.0
201800027781,0018-10-12 12:20:00,18,10,12,12,20,500,173,MER (Bld de la ),49.66135,-1.67866,Plein jour,En agglomération,Hors intersection,Normale,Deux véhicules - frontale,,,,,,,,,,,1,2,1,1.0,1.0
201800027782,0018-10-14 00:45:00,18,10,14,0,45,500,602,EAUX (CHASSE A),49.63636,-1.57259,Nuit avec éclairage allumé,En agglomération,Hors intersection,Normale,Sans collision,,,,,,,,,,,5,2,1,1.0,7.0
201800027783,0018-10-15 19:10:00,18,10,15,19,10,500,129,FOURCHES (ROUTE DES),49.63771,-1.64949,Plein jour,En agglomération,Hors intersection,Normale,Deux véhicules - côté,,,,,,,,,,,1,2,1,1.0,3.0
201800027784,0018-10-17 17:25:00,18,10,17,17,25,500,129,BECQUEREL (RUE),49.62841,-1.63959,Plein jour,En agglomération,Intersection en T,Normale,Deux véhicules - arrière,,,,,,,,,,,1,2,3,1.0,2.0
201800027785,0018-10-17 07:50:00,18,10,17,7,50,500,129,ABBAYE (RUE DE L'),49.64436,-1.63215,Crépuscule ou aube,En agglomération,Hors intersection,Normale,Deux véhicules - arrière,,,,,,,,,,,2,2,1,1.0,2.0
201800027786,0018-10-19 10:55:00,18,10,19,10,55,500,602,BROSSOLETTE (RUE PIERRE),49.63457,-1.59116,Plein jour,En agglomération,Hors intersection,Normale,Autre collision,,,,,,,,,,,1,2,1,1.0,6.0
201800027787,0018-10-19 20:40:00,18,10,19,20,40,500,129,AVENUE DE PARIS,49.63161,-1.61763,Nuit avec éclairage allumé,En agglomération,Hors intersection,Normale,Deux véhicules - côté,,,,,,,,,,,5,2,1,1.0,3.0
201800027788,0018-10-20 21:05:00,18,10,20,21,5,500,203,LANSONNEUR (RUE LOUIS),49.6206,-1.61869,Nuit avec éclairage allumé,En agglomération,Intersection en T,Normale,Deux véhicules - frontale,,,,,,,,,,,5,2,3,1.0,1.0
201800027789,0018-10-20 03:15:00,18,10,20,3,15,500,129,NAPOLEON (PLACE),49.64279,-1.62138,Nuit avec éclairage allumé,En agglomération,Hors intersection,Normale,Autre collision,,,,,,,,,,,5,2,1,1.0,6.0
201800027790,0018-10-23 14:05:00,18,10,23,14,5,500,173,SEMBAT (RUE MARCEL),49.65857,-1.69098,Plein jour,En agglomération,Intersection en X,Normale,Deux véhicules - arrière,,,,,,,,,,,1,2,2,1.0,2.0
201800027791,0018-10-24 18:05:00,18,10,24,18,5,500,173,MER (Bld de la ),49.66176,-1.68096,Plein jour,En agglomération,Giratoire,Temps éblouissant,Autre collision,,,,,,,,,,,1,2,6,7.0,6.0
201800027792,0018-10-25 21:15:00,18,10,25,21,15,500,129,MILLET (AVENUE JEAN-FRAN,49.63418,-1.61447,Nuit avec éclairage allumé,En agglomération,Giratoire,Normale,Autre collision,,,,,,,,,,,5,2,6,1.0,6.0
201800027793,0018-10-30 18:50:00,18,10,30,18,50,500,129,NORMANDIE (AVENUE DE),49.62623,-1.6292,Nuit sans éclairage public,En agglomération,Intersection en T,Normale,Deux véhicules - arrière,,,,,,,,,,,3,2,3,1.0,2.0
201800027794,0018-11-01 20:50:00,18,11,1,20,50,500,173,SALINE (BOULEVARD DE LA),49.65391,-1.64924,Nuit avec éclairage allumé,En agglomération,Intersection en T,Temps couvert,Deux véhicules - côté,,,,,,,,,,,5,2,3,8.0,3.0
201800027795,0018-11-06 17:05:00,18,11,6,17,5,500,129,CONQUERANT (BOULEVARD GU,49.64531,-1.63812,Plein jour,En agglomération,Intersection en T,Normale,Autre collision,,,,,,,,,,,1,2,3,1.0,6.0
201800027796,0018-11-07 17:30:00,18,11,7,17,30,500,416,AVENUE DE COUVILLE,49.6613,-1.69848,Crépuscule ou aube,En agglomération,Hors intersection,Pluie légère,Autre collision,,,,,,,,,,,2,2,1,2.0,6.0
201800027797,0018-11-08 13:15:00,18,11,8,13,15,500,129,CONQUERANT (BOULEVARD GU,49.63616,-1.6321,Plein jour,En agglomération,Hors intersection,Normale,Autre collision,,,,,,,,,,,1,2,1,1.0,6.0
201800027798,0018-11-10 00:30:00,18,11,10,0,30,500,129,LAVIEILLE (RUE FRANCOIS),49.6419,-1.62536,Nuit avec éclairage allumé,En agglomération,Hors intersection,Pluie légère,Autre collision,,,,,,,,,,,5,2,1,2.0,6.0
201800027799,0018-11-10 23:25:00,18,11,10,23,25,500,129,CESSART (AVENUE DE),49.64489,-1.62962,Nuit avec éclairage allumé,En agglomération,Hors intersection,Normale,Autre collision,,,,,,,,,,,5,2,1,1.0,6.0
201800027800,0018-11-14 07:45:00,18,11,14,7,45,500,129,THIVET (AVENUE),49.63562,-1.65335,Crépuscule ou aube,En agglomération,Giratoire,Normale,Deux véhicules - côté,,,,,,,,,,,2,2,6,1.0,3.0
201800027801,0018-11-14 09:30:00,18,11,14,9,30,500,129,AMIOT (BOULEVARD FELIX),49.64312,-1.60474,Plein jour,En agglomération,Intersection en T,Normale,Autre collision,,,,,,,,,,,1,2,3,1.0,6.0
201800027802,0018-11-17 16:45:00,18,11,17,16,45,500,129,LECLERC (RUE DU MARECHAL,49.63463,-1.63554,Plein jour,En agglomération,Hors intersection,Normale,Autre collision,,,,,,,,,,,1,2,1,1.0,6.0
201800027803,0018-11-17 17:50:00,18,11,17,17,50,500,129,THEMIS (ROND POINT DE),49.63417,-1.61396,Nuit avec éclairage allumé,En agglomération,Giratoire,Normale,Autre collision,,,,,,,,,,,5,2,6,1.0,6.0
201800027804,0018-11-17 22:20:00,18,11,17,22,20,500,129,CONQUERANT (BOULEVARD GU,49.63734,-1.6334,Nuit avec éclairage allumé,En agglomération,Hors intersection,Normale,Autre collision,,,,,,,,,,,5,2,1,1.0,6.0
201800027805,0018-11-17 10:55:00,18,11,17,10,55,500,129,ALEXANDRE III (QUAI),49.63426,-1.62219,Plein jour,En agglomération,Intersection en Y,Normale,Autre collision,,,,,,,,,,,1,2,4,1.0,6.0
201800027806,0018-11-19 10:25:00,18,11,19,10,25,500,173,MER (Bld de la ),49.66019,-1.6766,Plein jour,En agglomération,Hors intersection,Vent fort / tempête,Deux véhicules - côté,,,,,,,,,,,1,2,1,6.0,3.0
201800027807,0018-11-21 07:30:00,18,11,21,7,30,500,129,POLLE (RUE DE LA),49.64044,-1.64067,Nuit avec éclairage allumé,En agglomération,Intersection en X,Normale,Deux véhicules - côté,,,,,,,,,,,5,2,2,1.0,3.0
201800027808,0018-11-21 14:25:00,18,11,21,14,25,500,129,CALIGNY (QUAI DE),49.63977,-1.62138,Plein jour,En agglomération,Intersection en T,Normale,Deux véhicules - côté,,,,,,,,,,,1,2,3,1.0,3.0
201800027809,0018-11-22 16:40:00,18,11,22,16,40,500,129,VOSGES (RUE DES),49.62908,-1.62005,Plein jour,En agglomération,Hors intersection,Normale,Deux véhicules - frontale,,,,,,,,,,,1,2,1,1.0,1.0
201800027810,0018-11-24 02:10:00,18,11,24,2,10,500,129,AVENUE DE CESSART,49.64486,-1.62963,Nuit avec éclairage allumé,En agglomération,Hors intersection,Pluie légère,Autre collision,,,,,,,,,,,5,2,1,2.0,6.0
201800027811,0018-11-25 01:45:00,18,11,25,1,45,500,129,CALIGNY (QUAI DE),49.64108,-1.62132,Nuit avec éclairage allumé,En agglomération,Hors intersection,Normale,Autre collision,,,,,,,,,,,5,2,1,1.0,6.0
201800027812,0018-11-26 08:00:00,18,11,26,8,0,500,129,Robert LECOUVEY,49.63083,-1.60456,Crépuscule ou aube,En agglomération,Intersection en T,Temps couvert,Deux véhicules - côté,,,,,,,,,,,2,2,3,8.0,3.0
201800027813,0018-11-29 13:30:00,18,11,29,13,30,500,129,MENUT (ALLEE DU PRESIDEN,49.64602,-1.61822,Plein jour,En agglomération,Hors intersection,Normale,Sans collision,,,,,,,,,,,1,2,1,1.0,7.0
201800027814,0018-11-29 12:40:00,18,11,29,12,40,500,173,SEMBAT (RUE MARCEL),49.65739,-1.69481,Plein jour,En agglomération,Intersection en X,Pluie légère,Deux véhicules - côté,,,,,,,,,,,1,2,2,2.0,3.0
201800027815,0018-11-30 17:00:00,18,11,30,17,0,500,602,BOUIN (RUE JEAN),49.63295,-1.58606,Plein jour,En agglomération,Hors intersection,Normale,Deux véhicules - arrière,,,,,,,,,,,1,2,1,1.0,2.0
201800027816,0018-11-30 17:00:00,18,11,30,17,0,500,129,LEMONNIER (AVENUE AMIRAL,49.6339,-1.6078,Plein jour,En agglomération,Hors intersection,Normale,Deux véhicules - côté,,,,,,,,,,,1,2,1,1.0,3.0
201800027817,0018-11-30 18:00:00,18,11,30,18,0,500,203,ROUGES TERRES (LES),49.61887,-1.61131,Nuit avec éclairage allumé,En agglomération,Hors intersection,Normale,Trois véhicules et plus - en chaîne,,,,,,,,,,,5,2,1,1.0,4.0
201800027818,0018-12-01 17:25:00,18,12,1,17,25,500,129,AMIOT (BOULEVARD FELIX),49.64255,-1.61514,Crépuscule ou aube,En agglomération,Giratoire,Pluie légère,Sans collision,,,,,,,,,,,2,2,6,2.0,7.0
201800027819,0018-12-05 15:45:00,18,12,5,15,45,500,203,RD PT ANDRE MALRAUX,49.59976,-1.59674,Plein jour,En agglomération,Giratoire,Pluie forte,Deux véhicules - arrière,,,,,,,,,,,1,2,6,3.0,2.0
201800027820,0018-12-09 10:00:00,18,12,9,10,0,500,602,FLAMANDS (ROND POINT),49.65326,-1.57871,Plein jour,En agglomération,Giratoire,Vent fort / tempête,Autre collision,,,,,,,,,,,1,2,6,6.0,6.0