accident_id,datetime,annee,mois,jour,heure,minute,departement,commune_insee,adresse,latitude,longitude,luminosite,agglomeration,intersection,meteo,collision,nb_vehicules,nb_usagers,nb_indemnes,nb_tues,nb_blesses_hosp,nb_blesses_legers,age_cond_1,age_cond_2,veh_type_cond_1,veh_type_cond_2,lum_code,agg_code,int_code,atm_code,col_code
201800027821,0018-12-08 19:30:00,18,12,8,19,30,500,602,PENESME (ROND POINT),49.6359,-1.57663,Nuit avec éclairage allumé,En agglomération,Giratoire,Normale,Autre collision,,,,,,,,,,,5,2,6,1.0,6.0
201800027822,0018-12-10 07:50:00,18,12,10,7,50,500,173,COURBET (RUE AMIRAL),49.64882,-1.65882,Nuit avec éclairage allumé,En agglomération,Intersection en T,Normale,Autre collision,,,,,,,,,,,5,2,3,1.0,6.0
201800027823,0018-12-10 17:45:00,18,12,10,17,45,500,203,CREVECOEUR (CHEMIN DE),49.61595,-1.61332,Nuit sans éclairage public,En agglomération,Hors intersection,Normale,Autre collision,,,,,,,,,,,3,2,1,1.0,6.0
201800027824,0018-12-12 10:10:00,18,12,12,10,10,500,602,BECQUET (RUE DU),49.65165,-1.5588,Plein jour,Hors agglomération,Intersection en T,Normale,Deux véhicules - côté,,,,,,,,,,,1,1,3,1.0,3.0
201800027825,0018-12-12 11:20:00,18,12,12,11,20,500,129,MENDES FRANCE (BOULEVARD,49.63418,-1.62443,Plein jour,En agglomération,Hors intersection,Normale,Trois véhicules et plus - en chaîne,,,,,,,,,,,1,2,1,1.0,4.0
201800027826,0018-12-14 06:15:00,18,12,14,6,15,500,203,hameau La Roquette,49.61315,-1.55216,Nuit sans éclairage public,Hors agglomération,Hors intersection,Normale,Autre collision,,,,,,,,,,,3,1,1,1.0,6.0
201800027827,0018-12-14 08:00:00,18,12,14,8,0,500,129,VAL DE SAIRE (RUE DU),49.63868,-1.61441,Crépuscule ou aube,En agglomération,Intersection en X,Normale,Autre collision,,,,,,,,,,,2,2,2,1.0,6.0
201800027828,0018-12-16 19:35:00,18,12,16,19,35,500,129,PONT FRANCOIS 1ER,49.62963,-1.6181,Nuit avec éclairage allumé,En agglomération,Intersection en T,Pluie légère,Deux véhicules - côté,,,,,,,,,,,5,2,3,2.0,3.0
201800027829,0018-12-19 16:00:00,18,12,19,16,0,500,129,COUBERTIN (RUE PIERRE DE,49.64235,-1.63908,Plein jour,En agglomération,Hors intersection,Normale,Deux véhicules - côté,,,,,,,,,,,1,2,1,1.0,3.0
201800027830,0018-12-21 11:15:00,18,12,21,11,15,500,129,PLACE NAPOLEON,49.64397,-1.62571,Plein jour,En agglomération,Intersection en X,Normale,Deux véhicules - côté,,,,,,,,,,,1,2,2,1.0,3.0
201800027831,0018-12-21 18:20:00,18,12,21,18,20,500,129,NORMANDIE (AVENUE),49.6262,-1.62819,Nuit avec éclairage allumé,En agglomération,Intersection en Y,Normale,Autre collision,,,,,,,,,,,5,2,4,1.0,6.0
201800027832,0018-12-28 17:50:00,18,12,28,17,50,500,129,FRANCOIS 1ER (PONT),49.62788,-1.61808,Nuit avec éclairage allumé,En agglomération,Intersection en T,Temps couvert,Autre collision,,,,,,,,,,,5,2,3,8.0,6.0
201800027833,0018-12-24 11:45:00,18,12,24,11,45,500,416,CD 901,49.65495,-1.70295,Plein jour,Hors agglomération,Hors intersection,Temps couvert,Sans collision,,,,,,,,,,,1,1,1,8.0,7.0
201800027834,0018-12-30 18:00:00,18,12,30,18,0,500,602,PRAIRIES (AVENUE DES),49.64038,-1.58041,Nuit avec éclairage allumé,En agglomération,Intersection en T,Pluie légère,Sans collision,,,,,,,,,,,5,2,3,2.0,7.0
201800027835,0018-02-10 18:50:00,18,2,10,18,50,500,147,MISSION,49.04598,-1.44163,Nuit avec éclairage allumé,En agglomération,Giratoire,Pluie légère,Deux véhicules - côté,,,,,,,,,,,5,2,6,2.0,3.0
201800027836,0018-04-08 07:30:00,18,4,8,7,30,500,147,LA MARE,49.06774,-1.41655,Nuit sans éclairage public,Hors agglomération,Hors intersection,Brouillard / fumée,Autre collision,,,,,,,,,,,3,1,1,5.0,6.0
201800027837,0018-06-27 16:20:00,18,6,27,16,20,500,147,DIVISION LECLERC,49.06325,-1.43347,Plein jour,En agglomération,Hors intersection,Normale,Deux véhicules - arrière,,,,,,,,,,,1,2,1,1.0,2.0
201800027838,0018-08-17 17:30:00,18,8,17,17,30,500,147,ROCADE NORD,49.06811,-1.41996,Plein jour,Hors agglomération,Hors intersection,Normale,Deux véhicules - côté,,,,,,,,,,,1,1,1,1.0,3.0
201800027839,0018-10-25 17:45:00,18,10,25,17,45,500,147,RUE DES CARRIERES ST MIC,49.03283,-1.44633,Plein jour,En agglomération,Hors intersection,Normale,Sans collision,,,,,,,,,,,1,2,1,1.0,7.0
201800027840,0018-11-05 07:50:00,18,11,5,7,50,500,147,VERDUN (AVENUE DE),49.04093,-1.44841,Crépuscule ou aube,En agglomération,Autre intersection,Normale,Deux véhicules - côté,,,,,,,,,,,2,2,9,1.0,3.0
201800027841,0018-12-20 08:35:00,18,12,20,8,35,500,147,DE LA CROUTE,49.04594,-1.44163,Plein jour,En agglomération,Giratoire,Normale,Deux véhicules - côté,,,,,,,,,,,1,2,6,1.0,3.0
201800027842,0018-12-21 18:45:00,18,12,21,18,45,500,147,VERJUSIERE (RUE DE LA),49.05156,-1.44239,Nuit avec éclairage non allumé,En agglomération,Intersection en X,Pluie légère,Autre collision,,,,,,,,,,,4,2,2,2.0,6.0
201800027843,0018-01-04 20:15:00,18,1,4,20,15,500,218,VOIE DE LIASON OUEST -,48.825,-1.5464,Nuit sans éclairage public,Hors agglomération,Hors intersection,Pluie légère,Autre collision,,,,,,,,,,,3,1,1,2.0,6.0
201800027844,0018-01-09 15:15:00,18,1,9,15,15,500,218,VOIE DE LIASON OUEST (D9,48.83137,1.53942,Plein jour,Hors agglomération,Hors intersection,Normale,Sans collision,,,,,,,,,,,1,1,1,1.0,7.0
201800027845,0018-01-17 09:20:00,18,1,17,9,20,500,165,"90, COUTANCES (ROUTE DE)",48.84734,-1.57929,Plein jour,En agglomération,Intersection en T,Pluie légère,Deux véhicules - côté,,,,,,,,,,,1,2,3,2.0,3.0
201800027846,0018-01-17 18:50:00,18,1,17,18,50,500,218,"1287, MATIGNON (AV DES)",48.8379,-1.56782,Nuit avec éclairage allumé,En agglomération,Hors intersection,Pluie légère,Autre collision,,,,,,,,,,,5,2,1,2.0,6.0
201800027847,0018-01-23 22:40:00,18,1,23,22,40,500,218,"25, MARECHAL LECLERC (AV",48.84217,-1.57209,Nuit avec éclairage allumé,En agglomération,Hors intersection,Normale,Autre collision,,,,,,,,,,,5,2,1,1.0,6.0
201800027848,0018-01-23 13:40:00,18,1,23,13,40,500,218,ROUTE D'AVRANCHES,,,Plein jour,Hors agglomération,Hors intersection,Pluie légère,Deux véhicules - arrière,,,,,,,,,,,1,1,1,2.0,2.0
201800027849,0018-01-29 19:10:00,18,1,29,19,10,500,218,"30, MARECHAL LECLERC (AV",48.83783,-1.5877,Nuit avec éclairage allumé,En agglomération,Hors intersection,Temps couvert,Deux véhicules - arrière,,,,,,,,,,,5,2,1,8.0,2.0
201800027850,0018-02-22 21:10:00,18,2,22,21,10,500,647,"0, NORMANDIE (RUE DE)",48.84973,-1.55705,Nuit avec éclairage allumé,En agglomération,Hors intersection,Normale,Autre collision,,,,,,,,,,,5,2,1,1.0,6.0
201800027851,0018-03-10 01:10:00,18,3,10,1,10,500,218,VOIE DE LIASON OUEST (D9,48.82845,-1.54315,Nuit sans éclairage public,Hors agglomération,Hors intersection,Normale,Sans collision,,,,,,,,,,,3,1,1,1.0,7.0
201800027852,0018-04-11 23:30:00,18,4,11,23,30,500,647,VOIE DE LIASON OUEST,48.84834,-1.54223,Nuit sans éclairage public,Hors agglomération,Hors intersection,Normale,Autre collision,,,,,,,,,,,3,1,1,1.0,6.0
201800027853,0018-04-24 08:15:00,18,4,24,8,15,500,218,AVRANCHES (ROUTE D'),48.82472,-1.55826,Plein jour,Hors agglomération,Intersection en X,Normale,Deux véhicules - côté,,,,,,,,,,,1,1,2,1.0,3.0
201800027854,0018-05-10 11:45:00,18,5,10,11,45,500,647,ROUTE DE VILLEDIEU,48.83778,-1.55729,Plein jour,En agglomération,Hors intersection,Normale,Autre collision,,,,,,,,,,,1,2,1,1.0,6.0
201800027855,0018-05-10 19:22:00,18,5,10,19,22,500,165,COUTANCES (ROUTE DE),48.8493,-1.57518,Plein jour,En agglomération,Hors intersection,Normale,Sans collision,,,,,,,,,,,1,2,1,1.0,7.0
201800027856,0018-05-12 11:25:00,18,5,12,11,25,500,218,AVENUE GARE,48.84007,-1.5863,Plein jour,En agglomération,Hors intersection,Normale,Autre collision,,,,,,,,,,,1,2,1,1.0,6.0
201800027857,0018-05-23 16:35:00,18,5,23,16,35,500,218,VAUFLEURY (BD),48.83433,-1.6104,Plein jour,En agglomération,Hors intersection,Normale,Autre collision,,,,,,,,,,,1,2,1,1.0,6.0
201800027858,0018-06-22 17:00:00,18,6,22,17,0,500,532,CHESNAY (ROUTE DU),48.78468,-1.53329,Plein jour,Hors agglomération,Hors intersection,Normale,Deux véhicules - frontale,,,,,,,,,,,1,1,1,1.0,1.0
201800027859,0018-07-02 15:35:00,18,7,2,15,35,500,532,MAIRIE (RUE DE LA),48.8129,1.56605,Plein jour,En agglomération,Giratoire,Normale,Deux véhicules - côté,,,,,,,,,,,1,2,6,1.0,3.0
201800027860,0018-08-01 02:45:00,18,8,1,2,45,500,532,RUE TOMBELAINE,48.79066,-1.56439,Nuit avec éclairage non allumé,En agglomération,Hors intersection,Normale,Autre collision,,,,,,,,,,,4,2,1,1.0,6.0
201800027861,0018-09-28 17:00:00,18,9,28,17,0,500,218,MATIGNON (AV DES),48.83789,-1.57239,Plein jour,En agglomération,Hors intersection,Normale,Trois véhicules et plus - collisions multiples,,,,,,,,,,,1,2,1,1.0,5.0
201800027862,0018-10-27 13:55:00,18,10,27,13,55,500,165,SOUVENIR (RUE DU),48.8503,-1.57917,Plein jour,En agglomération,Intersection en X,Pluie légère,Deux véhicules - côté,,,,,,,,,,,1,2,2,2.0,3.0
201800027863,0018-11-23 17:34:00,18,11,23,17,34,500,218,VIEUX MOULIN (RUE DU),48.84188,-1.57831,Nuit avec éclairage allumé,En agglomération,Hors intersection,Pluie forte,Sans collision,,,,,,,,,,,5,2,1,3.0,7.0
201800027864,0018-11-28 18:00:00,18,11,28,18,0,500,218,ARISTIDE BRIAND (AVENUE),48.83728,-1.58313,Nuit avec éclairage allumé,En agglomération,Hors intersection,Normale,Autre collision,,,,,,,,,,,5,2,1,1.0,6.0
201800027865,0018-12-03 14:40:00,18,12,3,14,40,500,532,,48.80956,-1.53702,Plein jour,Hors agglomération,Giratoire,Temps couvert,Deux véhicules - côté,,,,,,,,,,,1,1,6,8.0,3.0
201800027866,0018-12-06 17:30:00,18,12,6,17,30,500,218,ARMATEURS (RUE DES),48.83693,-1.55177,Nuit avec éclairage allumé,En agglomération,Hors intersection,Pluie légère,Deux véhicules - arrière,,,,,,,,,,,5,2,1,2.0,2.0
201800027867,0018-12-10 16:10:00,18,12,10,16,10,500,218,PORT (RUE DU),48.83698,-1.6016,Plein jour,En agglomération,Giratoire,Normale,Autre collision,,,,,,,,,,,1,2,6,1.0,6.0
201800027868,0018-12-18 17:58:00,18,12,18,17,58,500,218,AV MARECHAL LECLERC,48.83804,-1.58561,Nuit avec éclairage allumé,En agglomération,Hors intersection,Pluie légère,Autre collision,,,,,,,,,,,5,2,1,2.0,6.0
201800027869,0018-01-03 20:45:00,18,1,3,20,45,500,502,D 972,49.10724,-1.0601,Nuit avec éclairage allumé,En agglomération,Giratoire,Pluie forte,Deux véhicules - arrière,,,,,,,,,,,5,2,6,3.0,2.0
201800027870,0018-01-10 09:45:00,18,1,10,9,45,500,502,"39, ALSACE LORRAINE",49.11604,-1.10098,Plein jour,En agglomération,Hors intersection,Normale,Autre collision,,,,,,,,,,,1,2,1,1.0,6.0
201800027871,0018-01-19 21:20:00,18,1,19,21,20,500,502,01 RUE DE CARENTAN,49.1168,-1.09421,Nuit avec éclairage allumé,En agglomération,Giratoire,Temps couvert,Sans collision,,,,,,,,,,,5,2,6,8.0,7.0
201800027872,0018-01-23 13:40:00,18,1,23,13,40,500,502,EXODE,48.1081,-1.0898,Plein jour,En agglomération,Hors intersection,Normale,Autre collision,,,,,,,,,,,1,2,1,1.0,6.0
201800027873,0018-02-08 07:55:00,18,2,8,7,55,500,502,"70, GRIMOUVILLE",49.11081,-1.08903,Plein jour,En agglomération,Hors intersection,Autre,Autre collision,,,,,,,,,,,1,2,1,9.0,6.0
201800027874,0018-02-12 12:35:00,18,2,12,12,35,500,502,HETRES,49.11141,-1.06339,Plein jour,En agglomération,Intersection en T,Normale,Deux véhicules - côté,,,,,,,,,,,1,2,3,1.0,3.0
201800027875,0018-03-15 15:45:00,18,3,15,15,45,500,2,"60, COUTANCES (route de)",49.11682,1.11128,Plein jour,En agglomération,Hors intersection,Normale,Autre collision,,,,,,,,,,,1,2,1,1.0,6.0
201800027876,0018-03-23 12:15:00,18,3,23,12,15,500,502,"64, NEUFBOURG",49.1157,-1.08574,Plein jour,En agglomération,Intersection en T,Normale,Deux véhicules - côté,,,,,,,,,,,1,2,3,1.0,3.0
201800027877,0018-04-04 16:25:00,18,4,4,16,25,500,502,EXODE,49.10491,-1.08606,Plein jour,En agglomération,Hors intersection,Normale,Autre collision,,,,,,,,,,,1,2,1,1.0,6.0
201800027878,0018-05-24 12:35:00,18,5,24,12,35,500,502,RD POINT DE BAUDRE,49.09777,-1.07662,Plein jour,Hors agglomération,Giratoire,Normale,Deux véhicules - côté,,,,,,,,,,,1,1,6,1.0,3.0
201800027879,0018-06-08 08:20:00,18,6,8,8,20,500,502,80EME ET 136EME TERRITOR,49.64011,1.5243,Plein jour,En agglomération,Intersection en X,Normale,Deux véhicules - côté,,,,,,,,,,,1,2,2,1.0,3.0
201800027880,0018-06-11 15:30:00,18,6,11,15,30,500,502,18 pl CHAMPS DE MARS,49.11625,-1.08768,Plein jour,En agglomération,Hors intersection,Pluie forte,Autre collision,,,,,,,,,,,1,2,1,3.0,6.0
201800027881,0018-09-16 22:35:00,18,9,16,22,35,500,502,,49.09543,-1.05632,Nuit sans éclairage public,Hors agglomération,Hors intersection,Normale,Autre collision,,,,,,,,,,,3,1,1,1.0,6.0
201800027882,0018-11-08 19:00:00,18,11,8,19,0,500,502,RUE DE TORIGNI,49.10892,1.07296,Nuit avec éclairage allumé,En agglomération,Hors intersection,Normale,Autre collision,,,,,,,,,,,5,2,1,1.0,6.0
201800027883,0018-11-25 12:00:00,18,11,25,12,0,500,502,RUE HAVIN,49.11488,-1.09182,Plein jour,En agglomération,Giratoire,Normale,Deux véhicules - côté,,,,,,,,,,,1,2,6,1.0,3.0
201800027884,0018-11-30 13:15:00,18,11,30,13,15,500,502,LATTRE DE TASSIGNY (rue,49.11036,-1.0752,Plein jour,En agglomération,Hors intersection,Normale,Deux véhicules - côté,,,,,,,,,,,1,2,1,1.0,3.0
201800027885,0018-01-18 18:19:00,18,1,18,18,19,510,242,ROUTE D'EPERNAY,48.96031,4.31772,Crépuscule ou aube,En agglomération,Hors intersection,Pluie légère,Autre collision,,,,,,,,,,,2,2,1,2.0,6.0
201800027886,0018-02-02 19:35:00,18,2,2,19,35,510,108,AVENUE DES ALLIES,48.93787,4.38368,Nuit avec éclairage allumé,En agglomération,Hors intersection,Pluie légère,Trois véhicules et plus - collisions multiples,,,,,,,,,,,5,2,1,2.0,5.0
201800027887,0018-02-12 20:10:00,18,2,12,20,10,510,108,AVENUE GENERAL SARRAIL,48.9652,4.3656,Nuit avec éclairage allumé,En agglomération,Intersection en T,Normale,Deux véhicules - côté,,,,,,,,,,,5,2,3,1.0,3.0
201800027888,0018-02-15 17:05:00,18,2,15,17,5,510,108,D977,48.99115,4.38932,Plein jour,Hors agglomération,Hors intersection,Pluie légère,Deux véhicules - frontale,,,,,,,,,,,1,1,1,2.0,1.0
201800027889,0018-03-16 13:10:00,18,3,16,13,10,510,108,RUE ANNE DE MERICOURT,48.97886,4.35784,Plein jour,En agglomération,Giratoire,Normale,Autre collision,,,,,,,,,,,1,2,6,1.0,6.0
201800027890,0018-04-21 20:50:00,18,4,21,20,50,510,108,PLACE SAINT JEAN,48.95575,4.37375,Plein jour,En agglomération,Place,Normale,Deux véhicules - côté,,,,,,,,,,,1,2,7,1.0,3.0
201800027891,0018-05-06 00:15:00,18,5,6,0,15,510,108,PLACE DE VERDUN,48.96343,4.36679,Nuit avec éclairage allumé,En agglomération,Intersection en X,Normale,Sans collision,,,,,,,,,,,5,2,2,1.0,7.0
201800027892,0018-05-14 14:20:00,18,5,14,14,20,510,160,D977,48.92316,4.32003,Plein jour,Hors agglomération,Hors intersection,Temps couvert,Trois véhicules et plus - collisions multiples,,,,,,,,,,,1,1,1,8.0,5.0
201800027893,0018-05-26 18:30:00,18,5,26,18,30,510,108,RUE LOUIS GRIGNON,48.95511,4.37691,Plein jour,En agglomération,Hors intersection,Normale,Trois véhicules et plus - collisions multiples,,,,,,,,,,,1,2,1,1.0,5.0
201800027894,0018-06-16 15:30:00,18,6,16,15,30,510,506,RUE EUGENE FREYSSINET,48.9444,4.39567,Plein jour,En agglomération,Autre intersection,Normale,Deux véhicules - côté,,,,,,,,,,,1,2,9,1.0,3.0
201800027895,0018-07-24 17:48:00,18,7,24,17,48,510,168,ROUTE DE BLACY,48.91704,4.35608,Plein jour,Hors agglomération,Hors intersection,Normale,Sans collision,,,,,,,,,,,1,1,1,1.0,7.0
201800027896,0018-07-29 21:40:00,18,7,29,21,40,510,108,ROUTE D'EPERNAY,48.95515,4.32879,Plein jour,En agglomération,Hors intersection,Normale,Autre collision,,,,,,,,,,,1,2,1,1.0,6.0
201800027897,0018-08-09 20:41:00,18,8,9,20,41,510,108,RUE D'ALSACE,48.94655,4.37159,Plein jour,En agglomération,Intersection en X,Normale,Deux véhicules - côté,,,,,,,,,,,1,2,2,1.0,3.0
201800027898,0018-09-05 13:20:00,18,9,5,13,20,510,108,RUE SAINT ELOI,48.95406,4.36958,Plein jour,En agglomération,Hors intersection,Normale,Autre collision,,,,,,,,,,,1,2,1,1.0,6.0
201800027899,0018-09-20 11:10:00,18,9,20,11,10,510,108,RUE DE LA MALTERIE,48.9551,4.33967,Plein jour,En agglomération,Giratoire,Normale,Deux véhicules - frontale,,,,,,,,,,,1,2,6,1.0,1.0
201800027900,0018-10-08 15:55:00,18,10,8,15,55,510,108,RUE MAURICE COLIN,48.94742,4.34096,Plein jour,En agglomération,Hors intersection,Normale,Autre collision,,,,,,,,,,,1,2,1,1.0,6.0
201800027901,0018-10-09 19:30:00,18,10,9,19,30,510,108,RUE PAUL VERLAINE,48.93943,4.39081,Crépuscule ou aube,En agglomération,Intersection en X,Normale,Deux véhicules - côté,,,,,,,,,,,2,2,2,1.0,3.0
201800027902,0018-10-18 16:25:00,18,10,18,16,25,510,108,CHEMIN DE ST THIEBAULT,48.93868,4.40501,Plein jour,En agglomération,Hors intersection,Normale,Autre collision,,,,,,,,,,,1,2,1,1.0,6.0
201800027903,0018-11-26 18:50:00,18,11,26,18,50,510,108,AVENUE WINSTON CHURCHILL,48.94032,4.38628,Nuit avec éclairage allumé,En agglomération,Hors intersection,Normale,Autre collision,,,,,,,,,,,5,2,1,1.0,6.0
201800027904,0018-11-29 03:45:00,18,11,29,3,45,510,504,RUE DE L'ILET,48.977,4.34931,Nuit avec éclairage allumé,En agglomération,Hors intersection,Normale,Autre collision,,,,,,,,,,,5,2,1,1.0,6.0
201800027905,0018-11-29 11:28:00,18,11,29,11,28,510,108,AVENUE ROOSEVELT,48.94336,4.38611,Plein jour,En agglomération,Hors intersection,Autre,Deux véhicules - côté,,,,,,,,,,,1,2,1,9.0,3.0
201800027906,0018-12-08 10:19:00,18,12,8,10,19,510,108,AV PRESIDENT ROOSEVELT,48.94326,4.38573,Plein jour,En agglomération,Hors intersection,Normale,Autre collision,,,,,,,,,,,1,2,1,1.0,6.0
201800027907,0018-01-04 17:45:00,18,1,4,17,45,510,230,1 RUE GALLICE,49.04117,3.95349,Nuit avec éclairage allumé,En agglomération,Giratoire,Normale,Sans collision,,,,,,,,,,,5,2,6,1.0,7.0
201800027908,0018-01-24 07:50:00,18,1,24,7,50,510,230,AVENUE MARECHAL FOCH,49.03233,3.94812,Nuit avec éclairage allumé,En agglomération,Hors intersection,Pluie légère,Autre collision,,,,,,,,,,,5,2,1,2.0,6.0
201800027909,0018-01-27 15:20:00,18,1,27,15,20,510,230,4 REMPART PERRIER,49.04605,3.95525,Plein jour,En agglomération,Hors intersection,Normale,Autre collision,,,,,,,,,,,1,2,1,1.0,6.0
201800027910,0018-02-11 14:15:00,18,2,11,14,15,510,230,ALLEE DE LA FORET,49.03185,3.94151,Plein jour,En agglomération,Hors intersection,Normale,Autre collision,,,,,,,,,,,1,2,1,1.0,6.0
201800027911,0018-02-19 17:31:00,18,2,19,17,31,510,230,AVENUE DU MARECHAL FOCH,49.03792,3.94914,Plein jour,En agglomération,Hors intersection,Normale,Autre collision,,,,,,,,,,,1,2,1,1.0,6.0
201800027912,0018-02-27 16:55:00,18,2,27,16,55,510,230,15 AVENUE D'ETTLINGEN,49.03569,3.96486,Plein jour,En agglomération,Hors intersection,Normale,Autre collision,,,,,,,,,,,1,2,1,1.0,6.0
201800027913,0018-03-05 08:25:00,18,3,5,8,25,510,230,RUE DE L'HOPITAL AUBAN,49.03507,3.95396,Plein jour,En agglomération,Hors intersection,Normale,Deux véhicules - arrière,,,,,,,,,,,1,2,1,1.0,2.0
201800027914,0018-04-06 22:55:00,18,4,6,22,55,510,230,AVENUE MARECHAL FOCH,49.03967,3.9498,Nuit avec éclairage allumé,En agglomération,Intersection en X,Normale,Deux véhicules - côté,,,,,,,,,,,5,2,2,1.0,3.0
201800027915,0018-04-13 14:15:00,18,4,13,14,15,510,230,AVENUE DE CHAMPAGNE,49.04204,3.96559,Plein jour,En agglomération,Hors intersection,Normale,Autre collision,,,,,,,,,,,1,2,1,1.0,6.0
201800027916,0018-05-05 16:07:00,18,5,5,16,7,510,230,RUE DES TANNEURS,49.04601,3.95366,Plein jour,En agglomération,Hors intersection,Normale,Autre collision,,,,,,,,,,,1,2,1,1.0,6.0
201800027917,0018-05-16 16:15:00,18,5,16,16,15,510,230,RUE DE VERDUN,49.04549,3.96184,Plein jour,En agglomération,Intersection en X,Normale,Autre collision,,,,,,,,,,,1,2,2,1.0,6.0
201800027918,0018-05-11 13:40:00,18,5,11,13,40,510,230,RUE GALLICE,49.04117,3.9534,Plein jour,En agglomération,Giratoire,Normale,Autre collision,,,,,,,,,,,1,2,6,1.0,6.0
201800027919,0018-08-23 17:15:00,18,8,23,17,15,510,230,RUE EDOUARD VAILLANT,49.0481,3.97177,Plein jour,En agglomération,Hors intersection,Normale,Deux véhicules - côté,,,,,,,,,,,1,2,1,1.0,3.0
201800027920,0018-09-08 20:55:00,18,9,8,20,55,510,230,RUE HENRY DUNANT,49.04818,3.95482,Nuit avec éclairage allumé,En agglomération,Intersection en T,Normale,Deux véhicules - frontale,,,,,,,,,,,5,2,3,1.0,1.0
201800027921,0018-10-13 12:20:00,18,10,13,12,20,510,230,RUE LOUISE AUBAN MOET,49.03245,3.95675,Plein jour,En agglomération,Intersection en T,Normale,Deux véhicules - côté,,,,,,,,,,,1,2,3,1.0,3.0
201800027922,0018-10-27 10:45:00,18,10,27,10,45,510,230,AVENUE DE MARDEUIL,49.05317,3.95056,Plein jour,En agglomération,Hors intersection,Normale,Autre collision,,,,,,,,,,,1,2,1,1.0,6.0
201800027923,0018-11-09 14:27:00,18,11,9,14,27,510,230,RUE EDOUARD FLEURICOURT,49.04287,3.95761,Plein jour,En agglomération,Hors intersection,Normale,Deux véhicules - arrière,,,,,,,,,,,1,2,1,1.0,2.0
201800027924,0018-11-25 00:01:00,18,11,25,0,1,510,230,RUE DE VERDUN,49.04293,3.96834,Nuit avec éclairage allumé,En agglomération,Hors intersection,Pluie légère,Autre collision,,,,,,,,,,,5,2,1,2.0,6.0
201800027925,0018-01-01 17:50:00,18,1,1,17,50,510,454,RUE DU GENERAL KOENIG,49.22592,4.02121,Nuit avec éclairage allumé,En agglomération,Intersection en T,Pluie forte,Deux véhicules - côté,,,,,,,,,,,5,2,3,3.0,3.0
201800027926,0018-01-03 17:40:00,18,1,3,17,40,510,172,RUE CHANZY,49.22331,4.05124,Nuit avec éclairage allumé,En agglomération,Intersection en X,Normale,Autre collision,,,,,,,,,,,5,2,2,1.0,6.0
201800027927,0018-01-08 15:30:00,18,1,8,15,30,510,55,55 ROUTE DE BETHENY,49.2725,4.05156,Plein jour,En agglomération,Hors intersection,Normale,Deux véhicules - arrière,,,,,,,,,,,1,2,1,1.0,2.0
201800027928,0018-01-08 17:30:00,18,1,8,17,30,510,454,BOULEVARD HENRI HENROT,49.24449,4.03299,Crépuscule ou aube,En agglomération,Intersection en T,Normale,Deux véhicules - côté,,,,,,,,,,,2,2,3,1.0,3.0
201800027929,0018-01-09 07:50:00,18,1,9,7,50,510,573,AVENUE PAUL VAILLANT,49.24753,4.00394,Crépuscule ou aube,En agglomération,Hors intersection,Normale,Trois véhicules et plus - en chaîne,,,,,,,,,,,2,2,1,1.0,4.0
201800027930,0018-01-10 13:00:00,18,1,10,13,0,510,454,AVENUE BONAPARTE,49.22876,4.00939,Plein jour,En agglomération,Hors intersection,Pluie légère,Autre collision,,,,,,,,,,,1,2,1,2.0,6.0
201800027931,0018-01-11 17:45:00,18,1,11,17,45,510,454,4 RUE GERBERT,49.25032,4.03908,Nuit avec éclairage allumé,En agglomération,Autre intersection,Temps couvert,Autre collision,,,,,,,,,,,5,2,9,8.0,6.0
201800027932,0018-01-13 15:30:00,18,1,13,15,30,510,454,AVENUE NATIONALE,49.28406,4.01029,Plein jour,En agglomération,Hors intersection,Normale,Deux véhicules - arrière,,,,,,,,,,,1,2,1,1.0,2.0
201800027933,0018-01-16 18:10:00,18,1,16,18,10,510,454,RUE CLOVIS CHEZEL,49.23985,4.0319,Nuit avec éclairage allumé,En agglomération,Hors intersection,Temps couvert,Deux véhicules - arrière,,,,,,,,,,,5,2,1,8.0,2.0
201800027934,0018-01-17 12:15:00,18,1,17,12,15,510,454,RUE PIERRE TAITTINGER,49.23694,4.00469,Plein jour,En agglomération,Hors intersection,Temps couvert,Autre collision,,,,,,,,,,,1,2,1,8.0,6.0
201800027935,0018-01-19 17:30:00,18,1,19,17,30,510,454,BOULEVARD WILSON,49.23997,4.0208,Plein jour,En agglomération,Intersection en X,Normale,Autre collision,,,,,,,,,,,1,2,2,1.0,6.0
201800027936,0018-01-20 19:50:00,18,1,20,19,50,510,474,RUE DE LA NEUVILLETTE,49.26594,3.99345,Nuit avec éclairage allumé,En agglomération,Intersection en T,Pluie légère,Deux véhicules - frontale,,,,,,,,,,,5,2,3,2.0,1.0
201800027937,0018-01-23 13:30:00,18,1,23,13,30,510,454,ROUTE DE WITRY,49.26779,4.06744,Plein jour,En agglomération,Intersection en T,Normale,Deux véhicules - côté,,,,,,,,,,,1,2,3,1.0,3.0
201800027938,0018-01-25 06:40:00,18,1,25,6,40,510,454,VOIE JEAN TAITTINGER,49.24535,4.02975,Nuit avec éclairage allumé,En agglomération,Intersection en Y,Pluie légère,Deux véhicules - arrière,,,,,,,,,,,5,2,4,2.0,2.0
201800027939,0018-01-25 12:15:00,18,1,25,12,15,510,454,AVENUE JEAN JAURES,49.26048,4.04802,Plein jour,En agglomération,Intersection en X,Pluie légère,Autre collision,,,,,,,,,,,1,2,2,2.0,6.0
201800027940,0018-01-25 19:45:00,18,1,25,19,45,510,454,AVENUE D'EPERNAY,49.22923,4.01423,Nuit avec éclairage allumé,En agglomération,Hors intersection,Normale,Autre collision,,,,,,,,,,,5,2,1,1.0,6.0