accident_id,datetime,annee,mois,jour,heure,minute,departement,commune_insee,adresse,latitude,longitude,luminosite,agglomeration,intersection,meteo,collision,nb_vehicules,nb_usagers,nb_indemnes,nb_tues,nb_blesses_hosp,nb_blesses_legers,age_cond_1,age_cond_2,veh_type_cond_1,veh_type_cond_2,lum_code,agg_code,int_code,atm_code,col_code
201800028418,0018-05-14 16:55:00,18,5,14,16,55,540,395,MALZEVILLE (Rue de),48.70101,6.17786,Plein jour,En agglomération,Hors intersection,Normale,Deux véhicules - arrière,,,,,,,,,,,1,2,1,1.0,2.0
201800028419,0018-05-21 08:14:00,18,5,21,8,14,540,304,RESISTANCE (AV. DE LA -P,48.69449,6.13698,Crépuscule ou aube,En agglomération,Hors intersection,Normale,Deux véhicules - arrière,,,,,,,,,,,2,2,1,1.0,2.0
201800028420,0018-05-15 08:19:00,18,5,15,8,19,540,547,MALINES (RUE DE),48.66355,6.1729,Plein jour,En agglomération,Hors intersection,Normale,Autre collision,,,,,,,,,,,1,2,1,1.0,6.0
201800028421,0018-05-25 12:10:00,18,5,25,12,10,540,526,MILLENAIRE (BOULEVARD DU,48.68344,6.22105,Plein jour,En agglomération,Hors intersection,Normale,Trois véhicules et plus - en chaîne,,,,,,,,,,,1,2,1,1.0,4.0
201800028422,0018-05-25 13:25:00,18,5,25,13,25,540,482,ALEXANDRE 1ER (RUE),46.68601,6.1811,Plein jour,En agglomération,Hors intersection,Normale,Deux véhicules - côté,,,,,,,,,,,1,2,1,1.0,3.0
201800028423,0018-05-25 16:45:00,18,5,25,16,45,540,357,REPUBLIQUE (RUE DE LA),48.7129,6.16179,Plein jour,En agglomération,Hors intersection,Normale,Trois véhicules et plus - en chaîne,,,,,,,,,,,1,2,1,1.0,4.0
201800028424,0018-05-25 20:30:00,18,5,25,20,30,540,357,CRUSNE (RUE DE LA),48.70062,6.1309,Plein jour,En agglomération,Hors intersection,Normale,Autre collision,,,,,,,,,,,1,2,1,1.0,6.0
201800028425,0018-05-26 11:10:00,18,5,26,11,10,540,395,BARRES (RUE MAURICE),48.69256,6.18491,Plein jour,En agglomération,Intersection en X,Normale,Autre collision,,,,,,,,,,,1,2,2,1.0,6.0
201800028426,0018-05-26 00:15:00,18,5,26,0,15,540,395,VISITATION (RUE DE LA),48.69047,6.18028,Nuit avec éclairage allumé,En agglomération,Intersection en X,Normale,Deux véhicules - côté,,,,,,,,,,,5,2,2,1.0,3.0
201800028427,0018-05-28 11:05:00,18,5,28,11,5,540,395,DE LATTRE DE TASSIGNY (A,48.68304,6.19099,Plein jour,En agglomération,Hors intersection,Normale,Autre collision,,,,,,,,,,,1,2,1,1.0,6.0
201800028428,0018-05-23 10:00:00,18,5,23,10,0,540,395,PROUVE (RUE VICTOR),48.68247,6.17425,Plein jour,En agglomération,Hors intersection,Normale,Deux véhicules - arrière,,,,,,,,,,,1,2,1,1.0,2.0
201800028429,0018-05-25 05:00:00,18,5,25,5,0,540,547,BARTHOU (BD LOUIS),48.67153,6.18602,Nuit avec éclairage allumé,En agglomération,Giratoire,Normale,Deux véhicules - côté,,,,,,,,,,,5,2,6,1.0,3.0
201800028430,0018-05-28 17:26:00,18,5,28,17,26,540,257,SONGEUR (RUE LEON),48.653,6.20311,Plein jour,En agglomération,Intersection en T,Normale,Deux véhicules - côté,,,,,,,,,,,1,2,3,1.0,3.0
201800028431,0018-05-28 07:15:00,18,5,28,7,15,540,395,SCARPONE (BD DE),48.70324,6.13456,Plein jour,En agglomération,Hors intersection,Normale,Deux véhicules - frontale,,,,,,,,,,,1,2,1,1.0,1.0
201800028432,0018-05-29 14:55:00,18,5,29,14,55,540,395,SAINT NICOLAS (RUE RESTE,48.68837,6.1866,Plein jour,En agglomération,Hors intersection,Normale,Autre collision,,,,,,,,,,,1,2,1,1.0,6.0
201800028433,0018-05-29 12:25:00,18,5,29,12,25,540,395,SENN (RUE DU RECTEUR),48.68277,6.18472,Plein jour,En agglomération,Hors intersection,Pluie forte,Autre collision,,,,,,,,,,,1,2,1,3.0,6.0
201800028434,0018-05-31 09:01:00,18,5,31,9,1,540,184,BRIGACHTAL (AVENUE DE),48.70843,6.24474,Plein jour,En agglomération,Hors intersection,Normale,Autre collision,,,,,,,,,,,1,2,1,1.0,6.0
201800028435,0018-05-31 09:15:00,18,5,31,9,15,540,578,AIGUILLETTES  (BD 5 A 73,48.67202,6.15539,Plein jour,En agglomération,Hors intersection,Normale,Autre collision,,,,,,,,,,,1,2,1,1.0,6.0
201800028436,0018-05-31 10:00:00,18,5,31,10,0,540,395,LORRAIN (QUAI CLAUDE LE),48.69899,6.16976,Plein jour,En agglomération,Hors intersection,Normale,Autre collision,,,,,,,,,,,1,2,1,1.0,6.0
201800028437,0018-05-31 12:38:00,18,5,31,12,38,540,395,BAZIN (RUE HENRI) + (SEN,48.69623,6.19183,Plein jour,En agglomération,Intersection en X,Normale,Deux véhicules - côté,,,,,,,,,,,1,2,2,1.0,3.0
201800028438,0018-06-03 06:40:00,18,6,3,6,40,540,395,FOURIER (RUE PIERRE),48.69263,6.18414,Plein jour,En agglomération,Hors intersection,Normale,Trois véhicules et plus - collisions multiples,,,,,,,,,,,1,2,1,1.0,5.0
201800028439,0018-06-06 17:02:00,18,6,6,17,2,540,395,ISABEY (RUE),48.69888,6.16858,Plein jour,En agglomération,Intersection en X,Normale,Autre collision,,,,,,,,,,,1,2,2,1.0,6.0
201800028440,0018-06-06 20:00:00,18,6,6,20,0,540,547,LECLERC (AVENUE DU GENER,48.65431,6.15278,Plein jour,En agglomération,Hors intersection,Normale,Deux véhicules - côté,,,,,,,,,,,1,2,1,1.0,3.0
201800028441,0018-06-07 02:40:00,18,6,7,2,40,540,395,BOUFFLERS (AV. DE 74 A 3,48.69092,6.15334,Nuit avec éclairage allumé,En agglomération,Hors intersection,Normale,Deux véhicules - arrière,,,,,,,,,,,5,2,1,1.0,2.0
201800028442,0018-06-09 13:50:00,18,6,9,13,50,540,357,PINCHARD (RUE RAYMOND LI,48.70823,6.16146,Plein jour,En agglomération,Hors intersection,Normale,Trois véhicules et plus - en chaîne,,,,,,,,,,,1,2,1,1.0,4.0
201800028443,0018-06-03 12:15:00,18,6,3,12,15,540,357,PINCHARD (RUE RAYMOND LI,48.70617,6.14866,Plein jour,En agglomération,Hors intersection,Normale,Autre collision,,,,,,,,,,,1,2,1,1.0,6.0
201800028444,0018-06-13 15:25:00,18,6,13,15,25,540,395,JOFFRE (Boulevard),48.68802,6.17807,Plein jour,En agglomération,Hors intersection,Normale,Autre collision,,,,,,,,,,,1,2,1,1.0,6.0
201800028445,0018-06-12 13:28:00,18,6,12,13,28,540,274,REPUBLIQUE (RUE DE LA),48.67448,6.20135,Plein jour,En agglomération,Hors intersection,Normale,Autre collision,,,,,,,,,,,1,2,1,1.0,6.0
201800028446,0018-06-12 18:00:00,18,6,12,18,0,540,265,RD 570,48.62515,6.18509,Plein jour,En agglomération,Hors intersection,Normale,Deux véhicules - arrière,,,,,,,,,,,1,2,1,1.0,2.0
201800028447,0018-06-14 18:10:00,18,6,14,18,10,540,304,RESISTANCE (AV. DE LA -P,48.69445,6.13697,Plein jour,En agglomération,Hors intersection,Normale,Deux véhicules - côté,,,,,,,,,,,1,2,1,1.0,3.0
201800028448,0018-06-21 10:25:00,18,6,21,10,25,540,547,COTEAUX  (CHEMIN DES),48.64748,6.18374,Plein jour,En agglomération,Hors intersection,Normale,Autre collision,,,,,,,,,,,1,2,1,1.0,6.0
201800028449,0018-06-22 05:42:00,18,6,22,5,42,540,395,BLANDAN (IMPASSE ET RUE,48.67779,6.16884,Plein jour,En agglomération,Intersection en X,Normale,Deux véhicules - côté,,,,,,,,,,,1,2,2,1.0,3.0
201800028450,0018-06-22 17:15:00,18,6,22,17,15,540,578,OUDILLE (RUE CHARLES),48.67029,6.1417,Plein jour,En agglomération,Intersection en X,Normale,Autre collision,,,,,,,,,,,1,2,2,1.0,6.0
201800028451,0018-06-23 17:35:00,18,6,23,17,35,540,395,AUSTRASIE (BOULEVARD),48.69085,6.20165,Plein jour,En agglomération,Intersection en X,Normale,Deux véhicules - côté,,,,,,,,,,,1,2,2,1.0,3.0
201800028452,0018-06-24 17:10:00,18,6,24,17,10,540,339,EGLISE (RUE DE L'),48.71112,6.18685,Plein jour,En agglomération,Hors intersection,Normale,Autre collision,,,,,,,,,,,1,2,1,1.0,6.0
201800028453,0018-06-26 08:30:00,18,6,26,8,30,540,300,VERNE (RUE JULES),48.65686,6.21808,Plein jour,En agglomération,Intersection en X,Normale,Deux véhicules - côté,,,,,,,,,,,1,2,2,1.0,3.0
201800028454,0018-06-26 13:55:00,18,6,26,13,55,540,578,AIGUILLETTES  (BD 5 A 73,48.67099,6.157,Plein jour,En agglomération,Hors intersection,Normale,Deux véhicules - côté,,,,,,,,,,,1,2,1,1.0,3.0
201800028455,0018-06-26 12:15:00,18,6,26,12,15,540,395,LOBAU (BOULEVARD),48.67984,6.19868,Plein jour,En agglomération,Intersection en X,Normale,Deux véhicules - côté,,,,,,,,,,,1,2,2,1.0,3.0
201800028456,0018-06-27 19:00:00,18,6,27,19,0,540,578,C.D. 92,48.64171,6.06797,Plein jour,En agglomération,Hors intersection,Normale,Deux véhicules - frontale,,,,,,,,,,,1,2,1,1.0,1.0
201800028457,0018-06-25 12:37:00,18,6,25,12,37,540,395,PONTS (RUE DES 2 A 3,48.68676,6.18304,Plein jour,En agglomération,Hors intersection,Normale,Autre collision,,,,,,,,,,,1,2,1,1.0,6.0
201800028458,0018-06-28 14:50:00,18,6,28,14,50,540,274,MALGRANGE (AVENUE DE LA),48.66677,6.1983,Plein jour,En agglomération,Hors intersection,Normale,Deux véhicules - arrière,,,,,,,,,,,1,2,1,1.0,2.0
201800028459,0018-06-28 15:40:00,18,6,28,15,40,540,328,PASTEUR (RUE LOUIS),48.6174,6.18026,Plein jour,En agglomération,Hors intersection,Normale,Deux véhicules - côté,,,,,,,,,,,1,2,1,1.0,3.0
201800028460,0018-06-28 15:15:00,18,6,28,15,15,540,395,GARENNE (ALLEE ET AVENUE,48.68072,6.17921,Plein jour,En agglomération,Intersection en X,Normale,Deux véhicules - arrière,,,,,,,,,,,1,2,2,1.0,2.0
201800028461,0018-06-28 19:10:00,18,6,28,19,10,540,395,JAURES (BOULEVARD JE,48.68398,6.17673,Plein jour,En agglomération,Hors intersection,Normale,Trois véhicules et plus - en chaîne,,,,,,,,,,,1,2,1,1.0,4.0
201800028462,0018-06-27 20:00:00,18,6,27,20,0,540,395,HACHE (RUE DE LA),48.68818,6.18333,Plein jour,En agglomération,Hors intersection,Normale,Autre collision,,,,,,,,,,,1,2,1,1.0,6.0
201800028463,0018-06-30 18:17:00,18,6,30,18,17,540,395,KENNEDY (VIADUC),48.68527,6.17575,Plein jour,En agglomération,Intersection en X,Normale,Deux véhicules - côté,,,,,,,,,,,1,2,2,1.0,3.0
201800028464,0018-06-29 08:20:00,18,6,29,8,20,540,578,MULLER (AVENUE PAUL),48.66964,6.15553,Plein jour,En agglomération,Intersection en Y,Normale,Trois véhicules et plus - en chaîne,,,,,,,,,,,1,2,4,1.0,4.0
201800028465,0018-06-29 16:10:00,18,6,29,16,10,540,304,CENACLE(ALLEE DU),48.68837,6.13286,Plein jour,En agglomération,Hors intersection,Normale,Autre collision,,,,,,,,,,,1,2,1,1.0,6.0
201800028466,0018-06-20 09:00:00,18,6,20,9,0,540,547,MORVAN (RUE DU),48.64883,6.15298,Plein jour,En agglomération,Hors intersection,Normale,Autre collision,,,,,,,,,,,1,2,1,1.0,6.0
201800028467,0018-07-01 03:30:00,18,7,1,3,30,540,395,SAINT DIZIER (RUE 2,48.687,6.18512,Nuit avec éclairage allumé,En agglomération,Hors intersection,Normale,Deux véhicules - côté,,,,,,,,,,,5,2,1,1.0,3.0
201800028468,0018-07-03 16:55:00,18,7,3,16,55,540,395,QUATRE EGLISES (RUE,48.68651,6.18415,Plein jour,En agglomération,Hors intersection,Normale,Deux véhicules - arrière,,,,,,,,,,,1,2,1,1.0,2.0
201800028469,0018-07-04 14:40:00,18,7,4,14,40,540,304,BOIS GRONEE (AVENUE DU),48.68513,6.13284,Plein jour,En agglomération,Hors intersection,Normale,Autre collision,,,,,,,,,,,1,2,1,1.0,6.0
201800028470,0018-07-05 12:43:00,18,7,5,12,43,540,395,BERTIN (RUE EMILE),48.68125,6.1642,Plein jour,En agglomération,Hors intersection,Normale,Deux véhicules - arrière,,,,,,,,,,,1,2,1,1.0,2.0
201800028471,0018-07-05 13:50:00,18,7,5,13,50,540,395,QUATRE EGLISES (RUE,48.68734,6.18367,Plein jour,En agglomération,Hors intersection,Normale,Deux véhicules - arrière,,,,,,,,,,,1,2,1,1.0,2.0
201800028472,0018-07-04 18:00:00,18,7,4,18,0,540,547,ROUX (RUE DU DOCTEUR),48.67281,6.17987,Plein jour,En agglomération,Hors intersection,Normale,Deux véhicules - arrière,,,,,,,,,,,1,2,1,1.0,2.0
201800028473,0018-07-06 08:17:00,18,7,6,8,17,540,578,MULLER (AVENUE PAUL),48.65663,6.12925,Plein jour,En agglomération,Hors intersection,Normale,Deux véhicules - côté,,,,,,,,,,,1,2,1,1.0,3.0
201800028474,0018-07-03 11:34:00,18,7,3,11,34,540,357,REPUBLIQUE (RUE DE LA),48.71342,6.15356,Plein jour,En agglomération,Hors intersection,Normale,Deux véhicules - arrière,,,,,,,,,,,1,2,1,1.0,2.0
201800028475,0018-07-06 22:25:00,18,7,6,22,25,540,395,TOMBLAINE (RUE DE),48.68721,6.20339,Nuit avec éclairage non allumé,En agglomération,Intersection en X,Normale,Deux véhicules - frontale,,,,,,,,,,,4,2,2,1.0,1.0
201800028476,0018-07-05 20:40:00,18,7,5,20,40,540,395,DEGLIN (RUE HENRI),48.7005,6.1783,Plein jour,En agglomération,Hors intersection,Normale,Autre collision,,,,,,,,,,,1,2,1,1.0,6.0
201800028477,0018-07-06 21:23:00,18,7,6,21,23,540,395,COLLIGNON (Avenue et Pon,48.68738,6.19674,Crépuscule ou aube,En agglomération,Hors intersection,Normale,Deux véhicules - arrière,,,,,,,,,,,2,2,1,1.0,2.0
201800028478,0018-07-09 14:40:00,18,7,9,14,40,540,547,BELGIQUE (RUE DE),48.66525,6.17289,Plein jour,En agglomération,Hors intersection,Normale,Autre collision,,,,,,,,,,,1,2,1,1.0,6.0
201800028479,0018-07-09 18:20:00,18,7,9,18,20,540,304,EUROPE (AVENUE DE L'),48.67931,6.14473,Plein jour,En agglomération,Hors intersection,Normale,Autre collision,,,,,,,,,,,1,2,1,1.0,6.0
201800028480,0018-07-06 09:00:00,18,7,6,9,0,540,395,CARNOT (PLACE),48.69429,6.1778,Plein jour,En agglomération,Hors intersection,Normale,Autre collision,,,,,,,,,,,1,2,1,1.0,6.0
201800028481,0018-07-12 08:15:00,18,7,12,8,15,540,395,AIGUILLETTES  (BD DES),48.66719,6.16466,Plein jour,En agglomération,Intersection en X,Normale,Deux véhicules - côté,,,,,,,,,,,1,2,2,1.0,3.0
201800028482,0018-07-13 16:45:00,18,7,13,16,45,540,395,CRISTALLERIES (RUE DES),48.69761,6.19837,Plein jour,En agglomération,Intersection en T,Normale,Deux véhicules - côté,,,,,,,,,,,1,2,3,1.0,3.0
201800028483,0018-07-14 10:50:00,18,7,14,10,50,540,547,ANGLETERRE  (PLACE D'),48.65989,6.18028,Plein jour,En agglomération,Hors intersection,Normale,Deux véhicules - côté,,,,,,,,,,,1,2,1,1.0,3.0
201800028484,0018-07-15 00:05:00,18,7,15,0,5,540,395,RD 674,48.67615,6.20593,Nuit avec éclairage allumé,Hors agglomération,Hors intersection,Normale,Deux véhicules - arrière,,,,,,,,,,,5,1,1,1.0,2.0
201800028485,0018-07-16 01:23:00,18,7,16,1,23,540,300,GALTIER (RUE LUCIEN),48.66137,6.22587,Nuit avec éclairage allumé,En agglomération,Hors intersection,Autre,Autre collision,,,,,,,,,,,5,2,1,9.0,6.0
201800028486,0018-07-17 20:15:00,18,7,17,20,15,540,395,LAMOUR (RUE JEAN),48.70073,6.17408,Plein jour,En agglomération,Hors intersection,Normale,Deux véhicules - arrière,,,,,,,,,,,1,2,1,1.0,2.0
201800028487,0018-07-22 22:50:00,18,7,22,22,50,540,395,LIBERATION (AVENUE DE LA,48.69739,6.15607,Nuit avec éclairage allumé,En agglomération,Hors intersection,Normale,Deux véhicules - arrière,,,,,,,,,,,5,2,1,1.0,2.0
201800028488,0018-07-15 18:15:00,18,7,15,18,15,540,395,STANISLAS (PLACE ET PORT,48.69352,6.18325,Plein jour,En agglomération,Hors intersection,Normale,Autre collision,,,,,,,,,,,1,2,1,1.0,6.0
201800028489,0018-07-11 11:19:00,18,7,11,11,19,540,395,HERE (RUE),48.69432,6.18286,Plein jour,En agglomération,Hors intersection,Normale,Autre collision,,,,,,,,,,,1,2,1,1.0,6.0
201800028490,0018-07-23 20:00:00,18,7,23,20,0,540,357,CHARCOT (RUE DU COMMANDA,48.71251,6.16385,Plein jour,En agglomération,Hors intersection,Normale,Deux véhicules - arrière,,,,,,,,,,,1,2,1,1.0,2.0
201800028491,0018-07-24 17:45:00,18,7,24,17,45,540,526,LANDERNEAU (RUE DE),48.6974,6.20673,Plein jour,En agglomération,Hors intersection,Normale,Autre collision,,,,,,,,,,,1,2,1,1.0,6.0
201800028492,0018-07-25 09:17:00,18,7,25,9,17,540,304,HARDEVAL (RUE D'),48.67769,6.14891,Plein jour,En agglomération,Hors intersection,Normale,Deux véhicules - côté,,,,,,,,,,,1,2,1,1.0,3.0
201800028493,0018-07-25 17:45:00,18,7,25,17,45,540,395,SEMARD (RUE PIERRE),48.6895,6.1783,Plein jour,En agglomération,Intersection en X,Normale,Autre collision,,,,,,,,,,,1,2,2,1.0,6.0
201800028494,0018-07-26 14:20:00,18,7,26,14,20,540,395,METZ (RUE DE),48.70183,6.17139,Plein jour,En agglomération,Intersection en T,Normale,Deux véhicules - côté,,,,,,,,,,,1,2,3,1.0,3.0
201800028495,0018-07-27 20:00:00,18,7,27,20,0,540,395,MOROT (PLACE AIME),48.69976,6.16568,Plein jour,En agglomération,Intersection en Y,Normale,Deux véhicules - côté,,,,,,,,,,,1,2,4,1.0,3.0
201800028496,0018-07-31 08:20:00,18,7,31,8,20,540,482,CARNOT (AVENUE),48.70193,6.21271,Plein jour,En agglomération,Hors intersection,Normale,Autre collision,,,,,,,,,,,1,2,1,1.0,6.0
201800028497,0018-07-26 16:05:00,18,7,26,16,5,540,274,GARE (AVENUE ET PLACE DE,48.66901,6.20269,Plein jour,En agglomération,Hors intersection,Normale,Deux véhicules - côté,,,,,,,,,,,1,2,1,1.0,3.0
201800028498,0018-07-26 12:10:00,18,7,26,12,10,540,547,FORET DE LA REINE (ALLEE,48.65668,6.13167,Plein jour,En agglomération,Hors intersection,Normale,Autre collision,,,,,,,,,,,1,2,1,1.0,6.0
201800028499,0018-07-27 23:53:00,18,7,27,23,53,540,304,RESISTANCE (AV. DE LA -P,48.69452,6.13695,Nuit avec éclairage allumé,En agglomération,Hors intersection,Normale,Deux véhicules - côté,,,,,,,,,,,5,2,1,1.0,3.0
201800028500,0018-07-31 18:56:00,18,7,31,18,56,540,395,RD 674,48.6766,6.20385,Plein jour,En agglomération,Hors intersection,Normale,Sans collision,,,,,,,,,,,1,2,1,1.0,7.0
201800028501,0018-08-01 11:35:00,18,8,1,11,35,540,328,BON CURE (AVENUE DU),48.61611,6.17377,Plein jour,En agglomération,Hors intersection,Pluie forte,Autre collision,,,,,,,,,,,1,2,1,3.0,6.0
201800028502,0018-08-01 18:20:00,18,8,1,18,20,540,395,RD 674,48.6766,6.20385,Plein jour,En agglomération,Hors intersection,Normale,Trois véhicules et plus - en chaîne,,,,,,,,,,,1,2,1,1.0,4.0
201800028503,0018-08-01 19:36:00,18,8,1,19,36,540,395,MEZIERES (RUE ALFRED),48.70169,6.17128,Plein jour,En agglomération,Hors intersection,Normale,Deux véhicules - côté,,,,,,,,,,,1,2,1,1.0,3.0
201800028504,0018-08-02 00:10:00,18,8,2,0,10,540,395,BOUFFLERS (AVENUE) DE 2,48.69322,6.14093,Nuit avec éclairage allumé,En agglomération,Hors intersection,Normale,Trois véhicules et plus - collisions multiples,,,,,,,,,,,5,2,1,1.0,5.0
201800028505,0018-08-02 14:25:00,18,8,2,14,25,540,274,FAURE (RUE GABRIEL),48.66839,6.21429,Plein jour,En agglomération,Hors intersection,Normale,Trois véhicules et plus - en chaîne,,,,,,,,,,,1,2,1,1.0,4.0
201800028506,0018-08-09 07:30:00,18,8,9,7,30,540,304,BOIS GRONEE (AVENUE DU),48.68749,6.13169,Plein jour,En agglomération,Hors intersection,Normale,Deux véhicules - côté,,,,,,,,,,,1,2,1,1.0,3.0
201800028507,0018-08-09 10:05:00,18,8,9,10,5,540,304,RESISTANCE (AV. DE LA -I,48.69452,6.137,Plein jour,En agglomération,Hors intersection,Normale,Deux véhicules - côté,,,,,,,,,,,1,2,1,1.0,3.0
201800028508,0018-08-14 13:50:00,18,8,14,13,50,540,184,VERDUN (RUE DE),48.70341,6.22069,Plein jour,En agglomération,Hors intersection,Normale,Autre collision,,,,,,,,,,,1,2,1,1.0,6.0
201800028509,0018-08-14 14:07:00,18,8,14,14,7,540,395,POINCARE (RUE RAYMOND 1-,48.69107,6.17485,Plein jour,En agglomération,Hors intersection,Normale,Autre collision,,,,,,,,,,,1,2,1,1.0,6.0
201800028510,0018-08-15 18:02:00,18,8,15,18,2,540,395,LOBAU (BOULEVARD),48.68643,6.19522,Plein jour,En agglomération,Intersection en X,Normale,Deux véhicules - côté,,,,,,,,,,,1,2,2,1.0,3.0
201800028511,0018-08-15 19:30:00,18,8,15,19,30,540,395,OBERLIN (RUE),48.70331,6.18174,Crépuscule ou aube,En agglomération,Intersection en X,Normale,Deux véhicules - côté,,,,,,,,,,,2,2,2,1.0,3.0
201800028512,0018-08-17 06:25:00,18,8,17,6,25,540,395,LOBAU (BOULEVARD),48.68921,6.19385,Crépuscule ou aube,En agglomération,Intersection en Y,Normale,Deux véhicules - côté,,,,,,,,,,,2,2,4,1.0,3.0
201800028513,0018-08-17 13:30:00,18,8,17,13,30,540,184,FOCH (AVENUE),48.70305,6.21648,Plein jour,En agglomération,Intersection en T,Normale,Deux véhicules - frontale,,,,,,,,,,,1,2,3,1.0,1.0
201800028514,0018-08-19 06:50:00,18,8,19,6,50,540,526,MAUVAIS(RUEVIRGINIE Nø I,48.69832,6.20494,Plein jour,En agglomération,Hors intersection,Normale,Autre collision,,,,,,,,,,,1,2,1,1.0,6.0
201800028515,0018-08-20 12:05:00,18,8,20,12,5,540,547,EUROPE (BOULEVARD DE L'),48.66143,6.17463,Plein jour,En agglomération,Intersection en X,Normale,Autre collision,,,,,,,,,,,1,2,2,1.0,6.0
201800028516,0018-08-21 16:10:00,18,8,21,16,10,540,578,MULLER (AVENUE PAUL),48.65657,6.12923,Plein jour,En agglomération,Autre intersection,Normale,Deux véhicules - arrière,,,,,,,,,,,1,2,9,1.0,2.0
201800028517,0018-08-20 11:40:00,18,8,20,11,40,540,395,CINQ PIQUETS (CHEMIN DES,48.68272,6.18539,Plein jour,En agglomération,Intersection en X,Normale,Deux véhicules - côté,,,,,,,,,,,1,2,2,1.0,3.0
201800028518,0018-08-28 17:30:00,18,8,28,17,30,540,578,MULLER (AVENUE PAUL),48.65662,6.12997,Plein jour,En agglomération,Hors intersection,Normale,Autre collision,,,,,,,,,,,1,2,1,1.0,6.0
201800028519,0018-08-28 21:28:00,18,8,28,21,28,540,395,ALBERT 1ER  (BD),48.69736,6.16707,Nuit avec éclairage non allumé,En agglomération,Hors intersection,Normale,Deux véhicules - arrière,,,,,,,,,,,4,2,1,1.0,2.0
201800028520,0018-08-29 16:25:00,18,8,29,16,25,540,578,MALRAUX (AVENUE ANDRE),48.67174,6.1505,Plein jour,En agglomération,Hors intersection,Pluie légère,Deux véhicules - côté,,,,,,,,,,,1,2,1,2.0,3.0
201800028521,0018-08-29 18:15:00,18,8,29,18,15,540,395,MATHIEU (RUE DU CARDINAL,48.67098,6.16885,Plein jour,En agglomération,Hors intersection,Normale,Trois véhicules et plus - en chaîne,,,,,,,,,,,1,2,1,1.0,4.0
201800028522,0018-08-29 17:50:00,18,8,29,17,50,540,395,BROT (Rue Marcel),48.68593,6.20135,Plein jour,En agglomération,Hors intersection,Normale,Deux véhicules - arrière,,,,,,,,,,,1,2,1,1.0,2.0
201800028523,0018-08-30 11:40:00,18,8,30,11,40,540,395,HAUSSONVILLE (BD D'),48.67454,6.16363,Plein jour,En agglomération,Hors intersection,Normale,Deux véhicules - côté,,,,,,,,,,,1,2,1,1.0,3.0
201800028524,0018-09-03 13:55:00,18,9,3,13,55,540,395,MANGIN (AVENUE DU GENERA,48.67178,6.16134,Plein jour,En agglomération,Hors intersection,Normale,Deux véhicules - arrière,,,,,,,,,,,1,2,1,1.0,2.0
201800028525,0018-09-04 20:50:00,18,9,4,20,50,540,547,AIGUILLETTES (BD 1 A 3),48.66664,6.16577,Nuit avec éclairage allumé,En agglomération,Intersection en X,Normale,Deux véhicules - côté,,,,,,,,,,,5,2,2,1.0,3.0
201800028526,0018-09-05 11:26:00,18,9,5,11,26,540,395,CHATEAU SALINS (RUE DE),48.69923,6.19353,Plein jour,En agglomération,Hors intersection,Normale,Autre collision,,,,,,,,,,,1,2,1,1.0,6.0
201800028527,0018-09-05 14:30:00,18,9,5,14,30,540,482,GROUPE LIBERATOR (RUE DU,48.7038,6.20158,Plein jour,En agglomération,Hors intersection,Normale,Deux véhicules - arrière,,,,,,,,,,,1,2,1,1.0,2.0
201800028528,0018-09-06 15:15:00,18,9,6,15,15,540,547,FORET DE HAYE (RUE DE LA,48.65111,6.14492,Plein jour,En agglomération,Hors intersection,Pluie légère,Autre collision,,,,,,,,,,,1,2,1,2.0,6.0
201800028529,0018-09-07 08:00:00,18,9,7,8,0,540,526,JAURES (BOULEVARD JEAN),48.68913,6.21025,Plein jour,En agglomération,Hors intersection,Normale,Autre collision,,,,,,,,,,,1,2,1,1.0,6.0
201800028530,0018-08-07 07:08:00,18,8,7,7,8,540,547,MORVAN (RUE DU),48.6491,6.15105,Plein jour,En agglomération,Hors intersection,Normale,Autre collision,,,,,,,,,,,1,2,1,1.0,6.0
201800028531,0018-09-08 13:00:00,18,9,8,13,0,540,395,VINGT SIXIEME R.I. (BOUL,48.69711,6.18904,Plein jour,En agglomération,Hors intersection,Normale,Deux véhicules - côté,,,,,,,,,,,1,2,1,1.0,3.0
201800028532,0018-09-09 10:08:00,18,9,9,10,8,540,184,AGINCOURT  (ROUTE RD 913,48.71247,6.23973,Plein jour,En agglomération,Hors intersection,Normale,Deux véhicules - arrière,,,,,,,,,,,1,2,1,1.0,2.0
201800028533,0018-09-09 20:30:00,18,9,9,20,30,540,395,MOUILLERON (RUE GABRIEL),48.68418,6.17206,Nuit avec éclairage allumé,En agglomération,Hors intersection,Normale,Autre collision,,,,,,,,,,,5,2,1,1.0,6.0
201800028534,0018-09-10 08:20:00,18,9,10,8,20,540,257,LEMAIRE (RUE GUSTAVE),48.65261,6.19351,Plein jour,En agglomération,Hors intersection,Normale,Deux véhicules - arrière,,,,,,,,,,,1,2,1,1.0,2.0
201800028535,0018-09-10 11:55:00,18,9,10,11,55,540,395,STANISLAS (RUE),48.69237,6.17912,Plein jour,En agglomération,Intersection en X,Normale,Deux véhicules - côté,,,,,,,,,,,1,2,2,1.0,3.0
201800028536,0018-09-12 19:30:00,18,9,12,19,30,540,274,FORGES DU NORD ET DE L'E,48.67314,6.20631,Plein jour,En agglomération,Hors intersection,Normale,Autre collision,,,,,,,,,,,1,2,1,1.0,6.0
201800028537,0018-09-14 08:35:00,18,9,14,8,35,540,357,PASCAL (RUE BLAISE),48.70405,6.13847,Plein jour,En agglomération,Hors intersection,Normale,Autre collision,,,,,,,,,,,1,2,1,1.0,6.0
201800028538,0018-09-14 17:20:00,18,9,14,17,20,540,257,VANDOEUVRE (RUE DE),48.65263,6.1846,Plein jour,En agglomération,Intersection en X,Normale,Deux véhicules - côté,,,,,,,,,,,1,2,2,1.0,3.0