accident_id,datetime,annee,mois,jour,heure,minute,departement,commune_insee,adresse,latitude,longitude,luminosite,agglomeration,intersection,meteo,collision,nb_vehicules,nb_usagers,nb_indemnes,nb_tues,nb_blesses_hosp,nb_blesses_legers,age_cond_1,age_cond_2,veh_type_cond_1,veh_type_cond_2,lum_code,agg_code,int_code,atm_code,col_code
201800028539,0018-09-17 16:25:00,18,9,17,16,25,540,578,LECLERC (AVENUE DU GENER,48.67505,6.15198,Plein jour,En agglomération,Hors intersection,Normale,Autre collision,,,,,,,,,,,1,2,1,1.0,6.0
201800028540,0018-09-17 17:25:00,18,9,17,17,25,540,184,FOCH (AVENUE),48.70329,6.2172,Plein jour,En agglomération,Hors intersection,Normale,Deux véhicules - côté,,,,,,,,,,,1,2,1,1.0,3.0
201800028541,0018-09-18 11:55:00,18,9,18,11,55,540,547,PALISSY (RUE BERNARD),48.65538,6.18139,Plein jour,En agglomération,Hors intersection,Normale,Deux véhicules - arrière,,,,,,,,,,,1,2,1,1.0,2.0
201800028542,0018-09-18 13:40:00,18,9,18,13,40,540,439,SEICHAMPS (RUE DE),48.70342,6.2601,Plein jour,En agglomération,Hors intersection,Normale,Trois véhicules et plus - collisions multiples,,,,,,,,,,,1,2,1,1.0,5.0
201800028543,0018-09-19 12:10:00,18,9,19,12,10,540,395,VINGT SIXIEME R.I. (BOUL,48.6992,6.18748,Plein jour,En agglomération,Hors intersection,Normale,Deux véhicules - côté,,,,,,,,,,,1,2,1,1.0,3.0
201800028544,0018-09-19 17:20:00,18,9,19,17,20,540,526,POTIER (RUE EUGENE),48.68427,6.22113,Plein jour,En agglomération,Hors intersection,Normale,Deux véhicules - côté,,,,,,,,,,,1,2,1,1.0,3.0
201800028545,0018-09-20 14:04:00,18,9,20,14,4,540,395,JACQUINOT (RUE),48.69889,6.16782,Plein jour,En agglomération,Intersection en X,Normale,Deux véhicules - côté,,,,,,,,,,,1,2,2,1.0,3.0
201800028546,0018-09-20 10:35:00,18,9,20,10,35,540,395,STANISLAS (RUE),48.69236,6.17907,Plein jour,En agglomération,Intersection en X,Normale,Deux véhicules - côté,,,,,,,,,,,1,2,2,1.0,3.0
201800028547,0018-09-20 14:28:00,18,9,20,14,28,540,395,ARMEE PATTON (RUE DE L'),48.69051,6.17141,Plein jour,En agglomération,Hors intersection,Normale,Autre collision,,,,,,,,,,,1,2,1,1.0,6.0
201800028548,0018-09-21 20:40:00,18,9,21,20,40,540,547,PORTUGAL (RUE DU),48.6636,6.17058,Nuit avec éclairage allumé,En agglomération,Hors intersection,Normale,Autre collision,,,,,,,,,,,5,2,1,1.0,6.0
201800028549,0018-09-22 15:30:00,18,9,22,15,30,540,357,ZENITH,48.71305,6.14051,Plein jour,En agglomération,Hors intersection,Normale,Deux véhicules - arrière,,,,,,,,,,,1,2,1,1.0,2.0
201800028550,0018-09-23 20:00:00,18,9,23,20,0,540,304,AIGUILLETTES  (BD 16 A 2,48.67911,6.14291,Nuit avec éclairage allumé,En agglomération,Hors intersection,Pluie légère,Deux véhicules - côté,,,,,,,,,,,5,2,1,2.0,3.0
201800028551,0018-09-24 15:32:00,18,9,24,15,32,540,395,STRASBOURG (AVENUE DE),48.67785,6.19845,Plein jour,En agglomération,Hors intersection,Normale,Autre collision,,,,,,,,,,,1,2,1,1.0,6.0
201800028552,0018-09-24 09:50:00,18,9,24,9,50,540,395,SELLIER (RUE),48.70031,6.18123,Plein jour,En agglomération,Hors intersection,Normale,Autre collision,,,,,,,,,,,1,2,1,1.0,6.0
201800028553,0018-09-24 15:25:00,18,9,24,15,25,540,395,STRASBOURG (AVENUE DE),48.67557,6.19983,Plein jour,En agglomération,Hors intersection,Normale,Autre collision,,,,,,,,,,,1,2,1,1.0,6.0
201800028554,0018-09-26 13:20:00,18,9,26,13,20,540,395,ARC (RUE JEANNE D' N,48.68108,6.17503,Plein jour,En agglomération,Hors intersection,Normale,Deux véhicules - arrière,,,,,,,,,,,1,2,1,1.0,2.0
201800028555,0018-09-20 18:00:00,18,9,20,18,0,540,395,SAINT JEAN (RUE),48.6902,6.18008,Crépuscule ou aube,En agglomération,Intersection en X,Normale,Autre collision,,,,,,,,,,,2,2,2,1.0,6.0
201800028556,0018-09-27 10:51:00,18,9,27,10,51,540,339,AVENIR (RUE DE L'),48.13667,6.1813,Plein jour,En agglomération,Hors intersection,Normale,Autre collision,,,,,,,,,,,1,2,1,1.0,6.0
201800028557,0018-09-28 06:45:00,18,9,28,6,45,540,395,ARC ( RUE JEANNE D'N,48.6816,6.17474,Plein jour,En agglomération,Hors intersection,Normale,Deux véhicules - arrière,,,,,,,,,,,1,2,1,1.0,2.0
201800028558,0018-10-04 17:10:00,18,10,4,17,10,540,184,BRIGACHTAL (AVENUE DE),48.70821,6.24352,Plein jour,En agglomération,Hors intersection,Normale,Deux véhicules - frontale,,,,,,,,,,,1,2,1,1.0,1.0
201800028559,0018-10-04 18:20:00,18,10,4,18,20,540,395,TIERCELINS (RUE DES),48.69215,6.19454,Plein jour,En agglomération,Hors intersection,Temps éblouissant,Autre collision,,,,,,,,,,,1,2,1,7.0,6.0
201800028560,0018-10-05 16:00:00,18,10,5,16,0,540,395,ARC ( RUE JEANNE D'N,48.68909,6.16981,Plein jour,En agglomération,Hors intersection,Normale,Autre collision,,,,,,,,,,,1,2,1,1.0,6.0
201800028561,0018-10-07 18:01:00,18,10,7,18,1,540,395,JACQUINOT (RUE),48.69939,6.16748,Plein jour,En agglomération,Hors intersection,Normale,Deux véhicules - côté,,,,,,,,,,,1,2,1,1.0,3.0
201800028562,0018-10-07 19:25:00,18,10,7,19,25,540,526,RD 2 BIS,48.6801,6.22432,Nuit avec éclairage allumé,En agglomération,Hors intersection,Normale,Deux véhicules - côté,,,,,,,,,,,5,2,1,1.0,3.0
201800028563,0018-10-09 12:13:00,18,10,9,12,13,540,547,EUROPE (BOULEVARD DE L'),48.6563,6.17866,Plein jour,En agglomération,Hors intersection,Normale,Autre collision,,,,,,,,,,,1,2,1,1.0,6.0
201800028564,0018-10-17 08:52:00,18,10,17,8,52,540,578,MULLER (AVENUE PAUL),48.66447,6.1433,Plein jour,En agglomération,Hors intersection,Normale,Deux véhicules - côté,,,,,,,,,,,1,2,1,1.0,3.0
201800028565,0018-10-20 02:45:00,18,10,20,2,45,540,357,REPUBLIQUE (RUE DE LA),48.66447,6.1433,Nuit sans éclairage public,En agglomération,Hors intersection,Normale,Autre collision,,,,,,,,,,,3,2,1,1.0,6.0
201800028566,0018-10-18 14:00:00,18,10,18,14,0,540,395,STRASBOURG (AVENUE DE),48.67558,6.19981,Plein jour,En agglomération,Hors intersection,Normale,Deux véhicules - côté,,,,,,,,,,,1,2,1,1.0,3.0
201800028567,0018-10-12 09:55:00,18,10,12,9,55,540,578,FRANCE LANORD (RUE),48.67502,6.15911,Plein jour,En agglomération,Intersection en T,Normale,Autre collision,,,,,,,,,,,1,2,3,1.0,6.0
201800028568,0018-10-03 20:38:00,18,10,3,20,38,540,274,REPUBLIQUE (RUE DE LA),48.6745,6.20143,Nuit sans éclairage public,En agglomération,Hors intersection,Normale,Deux véhicules - côté,,,,,,,,,,,3,2,1,1.0,3.0
201800028569,0018-10-22 17:35:00,18,10,22,17,35,540,357,PINCHARD (RUE RAYMOND LI,48.70029,6.15415,Plein jour,En agglomération,Hors intersection,Normale,Deux véhicules - côté,,,,,,,,,,,1,2,1,1.0,3.0
201800028570,0018-10-25 08:10:00,18,10,25,8,10,540,395,MACARONS (RUE DES SOEURS,48.68834,6.18524,Crépuscule ou aube,En agglomération,Hors intersection,Pluie légère,Autre collision,,,,,,,,,,,2,2,1,2.0,6.0
201800028571,0018-10-27 17:50:00,18,10,27,17,50,540,265,RD 570,48.64579,6.18266,Plein jour,En agglomération,Hors intersection,Normale,Autre collision,,,,,,,,,,,1,2,1,1.0,6.0
201800028572,0018-10-25 18:30:00,18,10,25,18,30,540,300,BAYON (ROUTE DE),48.64091,6.25364,Crépuscule ou aube,En agglomération,Hors intersection,Normale,Autre collision,,,,,,,,,,,2,2,1,1.0,6.0
201800028573,0018-11-07 09:12:00,18,11,7,9,12,540,274,FAURE (RUE GABRIEL),48.66837,6.21434,Plein jour,En agglomération,Hors intersection,Normale,Deux véhicules - côté,,,,,,,,,,,1,2,1,1.0,3.0
201800028574,0018-11-13 17:30:00,18,11,13,17,30,540,395,MOUILLERON (RUE GABRIEL),48.68354,6.16861,Crépuscule ou aube,En agglomération,Hors intersection,Pluie légère,Autre collision,,,,,,,,,,,2,2,1,2.0,6.0
201800028575,0018-11-14 15:05:00,18,11,14,15,5,540,395,PAINLEVE (PLACE PAUL),48.68204,6.16507,Plein jour,En agglomération,Hors intersection,Normale,Deux véhicules - côté,,,,,,,,,,,1,2,1,1.0,3.0
201800028576,0018-10-19 00:01:00,18,10,19,0,1,540,304,VEZOUZE (RUE DE LA),48.69456,6.13172,Nuit avec éclairage allumé,En agglomération,Hors intersection,Normale,Deux véhicules - frontale,,,,,,,,,,,5,2,1,1.0,1.0
201800028577,0018-11-09 12:05:00,18,11,9,12,5,540,395,TOMBLAINE (RUE DE),48.68764,6.2056,Plein jour,En agglomération,Hors intersection,Normale,Deux véhicules - côté,,,,,,,,,,,1,2,1,1.0,3.0
201800028578,0018-11-21 13:51:00,18,11,21,13,51,540,328,PASTEUR (RUE LOUIS),48.61797,6.17849,Plein jour,En agglomération,Intersection en X,Normale,Deux véhicules - côté,,,,,,,,,,,1,2,2,1.0,3.0
201800028579,0018-11-22 16:55:00,18,11,22,16,55,540,395,SAINT DIZIER (RUE 82 ET,48.68888,6.18384,Crépuscule ou aube,En agglomération,Hors intersection,Normale,Autre collision,,,,,,,,,,,2,2,1,1.0,6.0
201800028580,0018-11-23 15:21:00,18,11,23,15,21,540,395,PONT MOUJA (RUE DU),48.69062,6.18428,Plein jour,En agglomération,Hors intersection,Normale,Autre collision,,,,,,,,,,,1,2,1,1.0,6.0
201800028581,0018-12-03 09:47:00,18,12,3,9,47,540,395,SAINT DIZIER (RUE 82 ET,48.68672,6.18545,Plein jour,En agglomération,Hors intersection,Normale,Deux véhicules - côté,,,,,,,,,,,1,2,1,1.0,3.0
201800028582,0018-12-03 23:05:00,18,12,3,23,5,540,395,METZ (RUE DE),48.70167,6.17153,Nuit avec éclairage allumé,En agglomération,Intersection en X,Pluie légère,Deux véhicules - arrière,,,,,,,,,,,5,2,2,2.0,2.0
201800028583,0018-12-07 19:30:00,18,12,7,19,30,540,395,QUATRE EGLISES (RUE,48.68561,6.18487,Nuit avec éclairage allumé,En agglomération,Intersection en T,Pluie légère,Deux véhicules - côté,,,,,,,,,,,5,2,3,2.0,3.0
201800028584,0018-12-09 22:10:00,18,12,9,22,10,540,197,LORIOTS (SQUARE DES),48.62305,6.19412,Nuit avec éclairage allumé,En agglomération,Hors intersection,Normale,Autre collision,,,,,,,,,,,5,2,1,1.0,6.0
201800028585,0018-12-13 09:26:00,18,12,13,9,26,540,495,CHATEAU (AVENUE DU),48.70023,6.24786,Plein jour,En agglomération,Hors intersection,Temps éblouissant,Autre collision,,,,,,,,,,,1,2,1,7.0,6.0
201800028586,0018-12-17 09:57:00,18,12,17,9,57,540,395,MON DESERT (RUE),48.6834,6.17298,Plein jour,En agglomération,Intersection en X,Pluie légère,Autre collision,,,,,,,,,,,1,2,2,2.0,6.0
201800028587,0018-12-04 07:39:00,18,12,4,7,39,540,578,MULLER (AVENUE PAUL),48.65662,6.12922,Plein jour,Hors agglomération,Hors intersection,Pluie légère,Deux véhicules - frontale,,,,,,,,,,,1,1,1,2.0,1.0
201800028588,0018-12-26 12:00:00,18,12,26,12,0,540,547,LUDWIGSHAFEN (RUE DE),48.66064,6.17721,Plein jour,En agglomération,Hors intersection,Normale,Autre collision,,,,,,,,,,,1,2,1,1.0,6.0
201800028589,0018-12-28 00:40:00,18,12,28,0,40,540,328,SECOURS (RUE DU),48.62118,6.16036,Nuit avec éclairage allumé,En agglomération,Hors intersection,Normale,Autre collision,,,,,,,,,,,5,2,1,1.0,6.0
201800028590,0018-12-06 09:10:00,18,12,6,9,10,540,526,HERBUVAUX (PLACE RENE),48.68662,6.21031,Plein jour,En agglomération,Hors intersection,Normale,Autre collision,,,,,,,,,,,1,2,1,1.0,6.0
201800028591,0018-02-20 09:25:00,18,2,20,9,25,540,431,ROGE (RUE XAVIER),48.90049,6.04962,Plein jour,En agglomération,Hors intersection,Normale,Autre collision,,,,,,,,,,,1,2,1,1.0,6.0
201800028592,0018-03-14 14:09:00,18,3,14,14,9,540,431,NORROY (ROUTE DE),48.9236,6.03804,Plein jour,Hors agglomération,Intersection en T,Normale,Deux véhicules - côté,,,,,,,,,,,1,1,3,1.0,3.0
201800028593,0018-03-31 08:25:00,18,3,31,8,25,540,431,RD 657 CHAMPEY,48.91959,6.06334,Plein jour,Hors agglomération,Intersection en X,Brouillard / fumée,Deux véhicules - côté,,,,,,,,,,,1,1,2,5.0,3.0
201800028594,0018-04-11 02:40:00,18,4,11,2,40,540,431,RD 910 LESMENILS,48.91927,6.07805,Nuit sans éclairage public,Hors agglomération,Hors intersection,Normale,Autre collision,,,,,,,,,,,3,1,1,1.0,6.0
201800028595,0018-04-17 17:35:00,18,4,17,17,35,540,431,DE LATTRE DE TASSIGNY (B,48.90392,6.05984,Plein jour,En agglomération,Hors intersection,Normale,Autre collision,,,,,,,,,,,1,2,1,1.0,6.0
201800028596,0018-05-12 17:15:00,18,5,12,17,15,540,431,Camille CAVALIER (AVENUE,48.89453,6.0521,Plein jour,En agglomération,Hors intersection,Normale,Deux véhicules - côté,,,,,,,,,,,1,2,1,1.0,3.0
201800028597,0018-05-14 10:25:00,18,5,14,10,25,540,332,Saint Pierre,48.9,6.04,Plein jour,En agglomération,Hors intersection,Pluie légère,Deux véhicules - arrière,,,,,,,,,,,1,2,1,2.0,2.0
201800028598,0018-06-08 12:23:00,18,6,8,12,23,540,431,DE GAULLE (AVENUE),48.90512,6.04123,Plein jour,En agglomération,Intersection en T,Normale,Deux véhicules - côté,,,,,,,,,,,1,2,3,1.0,3.0
201800028599,0018-06-19 12:42:00,18,6,19,12,42,540,431,MICHELET (AVENUE),48.92375,6.06256,Plein jour,En agglomération,Hors intersection,Normale,Deux véhicules - côté,,,,,,,,,,,1,2,1,1.0,3.0
201800028600,0018-06-23 23:55:00,18,6,23,23,55,540,431,LILAS (RUE DES),48.90762,6.04544,Nuit avec éclairage allumé,En agglomération,Intersection en X,Normale,Autre collision,,,,,,,,,,,5,2,2,1.0,6.0
201800028601,0018-07-05 10:48:00,18,7,5,10,48,540,431,GAMBETTA (RUE),48.90516,6.0589,Plein jour,En agglomération,Hors intersection,Normale,Autre collision,,,,,,,,,,,1,2,1,1.0,6.0
201800028602,0018-07-05 12:15:00,18,7,5,12,15,540,375,RD 958 COTES SAINT-PIERR,48.89961,5.99411,Plein jour,Hors agglomération,Hors intersection,Pluie légère,Deux véhicules - côté,,,,,,,,,,,1,1,1,2.0,3.0
201800028603,0018-07-22 18:30:00,18,7,22,18,30,540,431,FABVIER (RUE),48.902,6.053,Plein jour,En agglomération,Intersection en T,Normale,Autre collision,,,,,,,,,,,1,2,3,1.0,6.0
201800028604,0018-09-07 09:00:00,18,9,7,9,0,540,431,EISENHOWER (AVENUE),48.90263,6.03859,Plein jour,En agglomération,Hors intersection,Normale,Trois véhicules et plus - en chaîne,,,,,,,,,,,1,2,1,1.0,4.0
201800028605,0018-09-21 16:50:00,18,9,21,16,50,540,431,MONTRICHARD (CHEMIN DE),48.91136,6.04319,Plein jour,En agglomération,Hors intersection,Normale,Deux véhicules - côté,,,,,,,,,,,1,2,1,1.0,3.0
201800028606,0018-10-01 13:25:00,18,10,1,13,25,540,431,EISENHOWER (AVENUE),48.90261,6.03844,Plein jour,En agglomération,Hors intersection,Temps couvert,Deux véhicules - arrière,,,,,,,,,,,1,2,1,8.0,2.0
201800028607,0018-10-09 12:10:00,18,10,9,12,10,540,431,HENRI DUNANT (AVENUE),48.91736,6.05634,Plein jour,En agglomération,Intersection en T,Pluie légère,Deux véhicules - côté,,,,,,,,,,,1,2,3,2.0,3.0
201800028608,0018-11-10 20:05:00,18,11,10,20,5,540,431,ETATS-UNIS (AVENUE DES),48.90105,6.0647,Nuit avec éclairage allumé,En agglomération,Giratoire,Pluie légère,Trois véhicules et plus - collisions multiples,,,,,,,,,,,5,2,6,2.0,5.0
201800028609,0018-11-17 17:27:00,18,11,17,17,27,540,375,RD 958 COTES SAINT-PIERR,48.90034,6.0107,Nuit sans éclairage public,Hors agglomération,Hors intersection,Temps couvert,Sans collision,,,,,,,,,,,3,1,1,8.0,7.0
201800028610,0018-11-19 09:53:00,18,11,19,9,53,540,431,BRIEY (ROUTE DE),48.90899,6.04012,Plein jour,En agglomération,Intersection en T,Pluie légère,Deux véhicules - arrière,,,,,,,,,,,1,2,3,2.0,2.0
201800028611,0018-11-16 10:30:00,18,11,16,10,30,540,431,THIERS (PLACE),48.90145,6.05125,Plein jour,En agglomération,Autre intersection,Temps couvert,Autre collision,,,,,,,,,,,1,2,9,8.0,6.0
201800028612,0018-12-03 14:55:00,18,12,3,14,55,540,79,CLAUDE (AVENUE VICTOR),48.88524,6.05329,Plein jour,En agglomération,Hors intersection,Pluie légère,Autre collision,,,,,,,,,,,1,2,1,2.0,6.0
201800028613,0018-12-13 07:07:00,18,12,13,7,7,540,431,RD 657 DIEULOUARD,48.0,6.05132,Nuit avec éclairage allumé,En agglomération,Hors intersection,Autre,Trois véhicules et plus - collisions multiples,,,,,,,,,,,5,2,1,9.0,5.0
201800028614,0018-12-14 16:40:00,18,12,14,16,40,540,431,BRIEY (ROUTE DE),48.90996,6.03879,Crépuscule ou aube,En agglomération,Intersection en T,Normale,Deux véhicules - côté,,,,,,,,,,,2,2,3,1.0,3.0
201800028615,0018-12-18 15:30:00,18,12,18,15,30,540,431,RD 657 CHAMPEY,48.91962,6.06334,Plein jour,En agglomération,Intersection en X,Normale,Deux véhicules - côté,,,,,,,,,,,1,2,2,1.0,3.0
201800028616,0018-11-27 17:10:00,18,11,27,17,10,540,528,VERDUN,48.6905,5.9012,Nuit sans éclairage public,En agglomération,Hors intersection,Normale,Autre collision,,,,,,,,,,,3,2,1,1.0,6.0
201800028617,0018-01-19 15:53:00,18,1,19,15,53,540,167,RD909,48.6732,5.92,Plein jour,Hors agglomération,Hors intersection,Normale,Autre collision,,,,,,,,,,,1,1,1,1.0,6.0
201800028618,0018-09-04 17:25:00,18,9,4,17,25,540,528,MAURICE BOKANOWSKI,48.7023,5.9291,Plein jour,En agglomération,Intersection en T,Normale,Deux véhicules - côté,,,,,,,,,,,1,2,3,1.0,3.0
201800028619,0018-04-29 01:50:00,18,4,29,1,50,540,528,ALBERT DENIS,48.6684,5.88231,Nuit avec éclairage allumé,En agglomération,Intersection en Y,Pluie légère,Autre collision,,,,,,,,,,,5,2,4,2.0,6.0
201800028620,0018-05-09 17:19:00,18,5,9,17,19,540,580,VERDUN (RUE DE),49.46686,5.93266,Plein jour,En agglomération,Intersection en T,Normale,Deux véhicules - frontale,,,,,,,,,,,1,2,3,1.0,1.0
201800028621,0018-06-14 09:50:00,18,6,14,9,50,540,580,ONZE NOVEMBRE 1918 (RUE,49.46246,5.93383,Plein jour,En agglomération,Hors intersection,Normale,Deux véhicules - frontale,,,,,,,,,,,1,2,1,1.0,1.0
201800028622,0018-06-14 19:15:00,18,6,14,19,15,540,181,CRUNES (ROUTE DE),49.41847,5.90624,Plein jour,En agglomération,Intersection en T,Pluie légère,Deux véhicules - frontale,,,,,,,,,,,1,2,3,2.0,1.0
201800028623,0018-06-20 20:00:00,18,6,20,20,0,540,575,MONNET JEAN (AVENUE),49.46,5.85,Plein jour,Hors agglomération,Hors intersection,Normale,Deux véhicules - côté,,,,,,,,,,,1,1,1,1.0,3.0
201800028624,0018-11-03 14:00:00,18,11,3,14,0,540,580,ROOSEVELT FRANKLIN (RUE),49.47088,5.92768,Plein jour,En agglomération,Intersection en T,Normale,Deux véhicules - arrière,,,,,,,,,,,1,2,3,1.0,2.0
201800028625,0018-01-19 15:05:00,18,1,19,15,5,550,29,WEISS ( RUE LOUISE ),48.76291,5.18258,Plein jour,En agglomération,Hors intersection,Pluie légère,Deux véhicules - côté,,,,,,,,,,,1,2,1,2.0,3.0
201800028626,0018-03-22 16:40:00,18,3,22,16,40,550,29,AVENUE DE LA GRANDE TERR,48.75,5.19,Plein jour,En agglomération,Hors intersection,Normale,Autre collision,,,,,,,,,,,1,2,1,1.0,6.0
201800028627,0018-04-05 12:15:00,18,4,5,12,15,550,29,ALLENDE ( RUE SALVATOR ),48.77408,5.16517,Plein jour,En agglomération,Hors intersection,Normale,Autre collision,,,,,,,,,,,1,2,1,1.0,6.0
201800028628,0018-04-24 13:10:00,18,4,24,13,10,550,29,ROSIERS ( ALLEE DES ),48.77296,5.17745,Plein jour,En agglomération,Hors intersection,Normale,Autre collision,,,,,,,,,,,1,2,1,1.0,6.0
201800028629,0018-06-07 08:50:00,18,6,7,8,50,550,29,MAGINOT ( RUE ANDREE ),48.77476,5.1599,Plein jour,En agglomération,Intersection en X,Normale,Sans collision,,,,,,,,,,,1,2,2,1.0,7.0
201800028630,0018-06-08 09:16:00,18,6,8,9,16,550,29,PAS LE VACHE ( CHEMIN DU,48.76279,5.19315,Plein jour,Hors agglomération,Hors intersection,Normale,Sans collision,,,,,,,,,,,1,1,1,1.0,7.0
201800028631,0018-08-03 23:15:00,18,8,3,23,15,550,186,GARE ( RUE DE LA ),48.79348,5.12659,Nuit avec éclairage allumé,En agglomération,Hors intersection,Normale,Autre collision,,,,,,,,,,,5,2,1,1.0,6.0
201800028632,0018-10-05 08:30:00,18,10,5,8,30,550,29,BRADFER ( RUE ERNEST ),48.76906,5.17229,Crépuscule ou aube,En agglomération,Hors intersection,Temps éblouissant,Autre collision,,,,,,,,,,,2,2,1,7.0,6.0
201800028633,0018-01-26 13:00:00,18,1,26,13,0,550,545,DOCTEUR SCHWEITZER ( DU,49.158,5.395,Plein jour,En agglomération,Giratoire,Normale,Deux véhicules - côté,,,,,,,,,,,1,2,6,1.0,3.0
201800028634,0018-05-16 19:45:00,18,5,16,19,45,550,545,DUGNY ( ROUTE DE ),49.14255,5.36115,Plein jour,Hors agglomération,Hors intersection,Normale,Autre collision,,,,,,,,,,,1,1,1,1.0,6.0
201800028635,0018-06-21 20:25:00,18,6,21,20,25,550,545,GENERAL MANGIN,49.161,5.39,Plein jour,En agglomération,Giratoire,Normale,Autre collision,,,,,,,,,,,1,2,6,1.0,6.0
201800028636,0018-07-21 17:00:00,18,7,21,17,0,550,545,MAUBERT,49.15536,5.39197,Plein jour,En agglomération,Hors intersection,Normale,Autre collision,,,,,,,,,,,1,2,1,1.0,6.0
201800028637,0018-08-11 23:00:00,18,8,11,23,0,550,545,LUXEMBOURG ( AVENUE DU ),49.16392,5.3885,Nuit avec éclairage allumé,En agglomération,Giratoire,Normale,Deux véhicules - côté,,,,,,,,,,,5,2,6,1.0,3.0
201800028638,0018-10-15 18:15:00,18,10,15,18,15,550,545,EPARGES ( AVENUE DES ),49.15257,5.39626,Plein jour,En agglomération,Hors intersection,Normale,Sans collision,,,,,,,,,,,1,2,1,1.0,7.0
201800028639,0018-12-03 18:25:00,18,12,3,18,25,550,545,DE GAULLE (AV DU GENERAL,49.16499,5.38091,Nuit avec éclairage allumé,En agglomération,Hors intersection,Normale,Sans collision,,,,,,,,,,,5,2,1,1.0,7.0
201800028640,0018-12-06 20:05:00,18,12,6,20,5,550,505,VARENNES (ROUTE DE ),49.18,5.34,Nuit sans éclairage public,Hors agglomération,Hors intersection,Normale,Deux véhicules - arrière,,,,,,,,,,,3,1,1,1.0,2.0
201800028641,0018-12-21 15:45:00,18,12,21,15,45,550,545,TROYON ( AVENUE DE ),49.57618,5.3949,Plein jour,En agglomération,Hors intersection,Pluie légère,Deux véhicules - arrière,,,,,,,,,,,1,2,1,2.0,2.0
201800028642,0018-01-01 20:35:00,18,1,1,20,35,560,121,"10, MONISTROL (RUE)",47.73849,-3.38139,Nuit avec éclairage allumé,En agglomération,Hors intersection,Normale,Deux véhicules - côté,,,,,,,,,,,5,2,1,1.0,3.0
201800028643,0018-01-02 17:45:00,18,1,2,17,45,560,121,"6-8, QUERO (RUE  RAYMOND",47.76708,-3.38656,Nuit avec éclairage allumé,En agglomération,Intersection en T,Normale,Deux véhicules - côté,,,,,,,,,,,5,2,3,1.0,3.0
201800028644,0018-01-05 15:00:00,18,1,5,15,0,560,83,"33, POMPIDOU ( AVENUE GE",47.80033,-3.2615,Plein jour,En agglomération,Hors intersection,Normale,Deux véhicules - côté,,,,,,,,,,,1,2,1,1.0,3.0
201800028645,0018-01-06 18:25:00,18,1,6,18,25,560,121,"1, SVOB ( BOULEVARD EMMA",47.75012,-3.36662,Nuit avec éclairage allumé,En agglomération,Giratoire,Normale,Autre collision,,,,,,,,,,,5,2,6,1.0,6.0
201800028646,0018-01-07 02:00:00,18,1,7,2,0,560,121,"0, ORADOUR SUR GLANE ( B",47.75422,-3.37125,Nuit avec éclairage allumé,En agglomération,Hors intersection,Pluie légère,Autre collision,,,,,,,,,,,5,2,1,2.0,6.0
201800028647,0018-01-07 12:30:00,18,1,7,12,30,560,162,"24, FORT BLOQUE (RUE DU)",47.73653,3.43251,Plein jour,En agglomération,Giratoire,Pluie forte,Deux véhicules - côté,,,,,,,,,,,1,2,6,3.0,3.0
201800028648,0018-01-08 12:15:00,18,1,8,12,15,560,121,"10, PLOEMEUR ( ET IMP DE",47.7612,-3.38984,Plein jour,En agglomération,Hors intersection,Normale,Deux véhicules - côté,,,,,,,,,,,1,2,1,1.0,3.0
201800028649,0018-01-08 15:47:00,18,1,8,15,47,560,121,"13, NORMANDIE ( BD ET IM",47.75933,-3.3681,Plein jour,En agglomération,Hors intersection,Normale,Deux véhicules - arrière,,,,,,,,,,,1,2,1,1.0,2.0
201800028650,0018-01-08 16:30:00,18,1,8,16,30,560,83,"0, PAPIN (RUE  DENIS )",47.79643,-3.28408,Plein jour,En agglomération,Intersection en Y,Temps couvert,Deux véhicules - côté,,,,,,,,,,,1,2,4,8.0,3.0
201800028651,0018-01-09 19:55:00,18,1,9,19,55,560,121,"6, TURENNE (RUE DU COMTE",47.74976,-3.36071,Nuit avec éclairage allumé,En agglomération,Hors intersection,Pluie légère,Autre collision,,,,,,,,,,,5,2,1,2.0,6.0
201800028652,0018-01-10 16:00:00,18,1,10,16,0,560,121,TOULLEC (RUE  FRANCOIS ),47.73309,-3.3839,Plein jour,En agglomération,Hors intersection,Normale,Autre collision,,,,,,,,,,,1,2,1,1.0,6.0
201800028653,0018-01-11 22:22:00,18,1,11,22,22,560,98,"46, KESLER-DEVILLERS ( A",47.76858,-3.34486,Nuit avec éclairage allumé,En agglomération,Intersection en Y,Normale,Deux véhicules - côté,,,,,,,,,,,5,2,4,1.0,3.0
201800028654,0018-01-13 12:40:00,18,1,13,12,40,560,121,"0, JOFFRE ( BD MARECHAL",47.75225,-3.36295,Plein jour,En agglomération,Intersection en X,Normale,Deux véhicules - côté,,,,,,,,,,,1,2,2,1.0,3.0
201800028655,0018-01-16 08:40:00,18,1,16,8,40,560,121,"17, VERRIERE (RUE  INGEN",47.73269,-3.37094,Plein jour,En agglomération,Hors intersection,Normale,Autre collision,,,,,,,,,,,1,2,1,1.0,6.0
201800028656,0018-01-16 17:10:00,18,1,16,17,10,560,98,GAGARINE (RUE  YOURI ),47.77597,-3.34695,Plein jour,En agglomération,Hors intersection,Normale,Sans collision,,,,,,,,,,,1,2,1,1.0,7.0
201800028657,0018-01-17 18:22:00,18,1,17,18,22,560,121,"16, MICOCOULIERS (RUE  D",47.75793,-3.39289,Nuit avec éclairage allumé,En agglomération,Hors intersection,Normale,Autre collision,,,,,,,,,,,5,2,1,1.0,6.0
201800028658,0018-01-17 18:55:00,18,1,17,18,55,560,98,NERUDA (AVENUE  PABLO ),47.77096,-3.33186,Nuit avec éclairage allumé,En agglomération,Hors intersection,Pluie légère,Deux véhicules - frontale,,,,,,,,,,,5,2,1,2.0,1.0