accident_id,datetime,annee,mois,jour,heure,minute,departement,commune_insee,adresse,latitude,longitude,luminosite,agglomeration,intersection,meteo,collision,nb_vehicules,nb_usagers,nb_indemnes,nb_tues,nb_blesses_hosp,nb_blesses_legers,age_cond_1,age_cond_2,veh_type_cond_1,veh_type_cond_2,lum_code,agg_code,int_code,atm_code,col_code
201800028659,0018-01-18 12:02:00,18,1,18,12,2,560,98,PONT Rte NATIONALE 165,47.77949,-3.3461,Plein jour,En agglomération,Intersection en Y,Vent fort / tempête,Deux véhicules - frontale,,,,,,,,,,,1,2,4,6.0,1.0
201800028660,0018-01-21 06:15:00,18,1,21,6,15,560,107,ROUTE DEPARTEMENTALE 29,47.71779,-3.38369,Nuit avec éclairage allumé,En agglomération,Giratoire,Pluie légère,Autre collision,,,,,,,,,,,5,2,6,2.0,6.0
201800028661,0018-01-22 07:55:00,18,1,22,7,55,560,121,"86, COSMAO-DUMANOIR ( BD",47.75311,-3.37517,Nuit avec éclairage allumé,En agglomération,Hors intersection,Pluie légère,Autre collision,,,,,,,,,,,5,2,1,2.0,6.0
201800028662,0018-01-22 18:30:00,18,1,22,18,30,560,121,"8, QUEUDET ( AV RAYMOND",47.75947,-3.39208,Nuit avec éclairage allumé,En agglomération,Hors intersection,Normale,Autre collision,,,,,,,,,,,5,2,1,1.0,6.0
201800028663,0018-01-23 07:49:00,18,1,23,7,49,560,121,"14, QUEUDET ( AV RAYMOND",47.76017,-3.39312,Nuit avec éclairage allumé,En agglomération,Hors intersection,Pluie légère,Deux véhicules - arrière,,,,,,,,,,,5,2,1,2.0,2.0
201800028664,0018-01-24 17:20:00,18,1,24,17,20,560,121,"32, BELGIQUE (RUE  DE )",47.75868,-3.37769,Crépuscule ou aube,En agglomération,Intersection en Y,Temps couvert,Deux véhicules - côté,,,,,,,,,,,2,2,4,8.0,3.0
201800028665,0018-01-24 20:45:00,18,1,24,20,45,560,107,KERMELO (PONT),47.73062,-3.38621,Nuit avec éclairage allumé,En agglomération,Hors intersection,Temps couvert,Sans collision,,,,,,,,,,,5,2,1,8.0,7.0
201800028666,0018-01-24 22:25:00,18,1,24,22,25,560,121,"34 bis, BELGIQUE (RUE  D",47.75868,-3.37769,Nuit avec éclairage allumé,En agglomération,Intersection en Y,Temps couvert,Deux véhicules - côté,,,,,,,,,,,5,2,4,8.0,3.0
201800028667,0018-01-25 08:15:00,18,1,25,8,15,560,121,"167, MULLER ( DU COLONEL",47.7671,-3.40253,Crépuscule ou aube,En agglomération,Hors intersection,Normale,Autre collision,,,,,,,,,,,2,2,1,1.0,6.0
201800028668,0018-01-25 10:05:00,18,1,25,10,5,560,98,"0, PEN MANE (RUE DE)",47.75944,-3.32649,Plein jour,En agglomération,Giratoire,Normale,Sans collision,,,,,,,,,,,1,2,6,1.0,7.0
201800028669,0018-01-25 18:08:00,18,1,25,18,8,560,121,"8, CARNEL (RUE  DE )",47.74024,-3.36873,Nuit avec éclairage allumé,En agglomération,Intersection en X,Normale,Deux véhicules - côté,,,,,,,,,,,5,2,2,1.0,3.0
201800028670,0018-01-26 09:30:00,18,1,26,9,30,560,98,"0, RN 165",47.77587,-3.36443,Plein jour,Hors agglomération,Hors intersection,Normale,Trois véhicules et plus - en chaîne,,,,,,,,,,,1,1,1,1.0,4.0
201800028671,0018-01-29 07:50:00,18,1,29,7,50,560,121,"14, PERRIERE ( AV DE LA",47.73553,-3.36617,Nuit avec éclairage allumé,En agglomération,Intersection en X,Normale,Deux véhicules - côté,,,,,,,,,,,5,2,2,1.0,3.0
201800028672,0018-02-01 12:45:00,18,2,1,12,45,560,162,QUEVEN (ROUTE DE),47.74744,-3.41978,Plein jour,Hors agglomération,Hors intersection,Normale,Trois véhicules et plus - collisions multiples,,,,,,,,,,,1,1,1,1.0,5.0
201800028673,0018-02-02 12:30:00,18,2,2,12,30,560,121,"0, KERYADO ( RD-PT DE )",47.76381,-3.3951,Plein jour,En agglomération,Giratoire,Normale,Deux véhicules - arrière,,,,,,,,,,,1,2,6,1.0,2.0
201800028674,0018-02-03 14:14:00,18,2,3,14,14,560,121,"121, BELGIQUE (RUE  DE )",47.76033,-3.38368,Plein jour,En agglomération,Hors intersection,Pluie légère,Deux véhicules - arrière,,,,,,,,,,,1,2,1,2.0,2.0
201800028675,0018-02-13 08:33:00,18,2,13,8,33,560,121,"126, BLUM ( BD LEON )",47.74614,-3.37949,Crépuscule ou aube,En agglomération,Intersection en T,Normale,Deux véhicules - arrière,,,,,,,,,,,2,2,3,1.0,2.0
201800028676,0018-02-13 09:55:00,18,2,13,9,55,560,121,RD 465 (DESSERTE PORTUAI,47.75867,-3.38452,Plein jour,En agglomération,Hors intersection,Normale,Autre collision,,,,,,,,,,,1,2,1,1.0,6.0
201800028677,0018-02-14 11:15:00,18,2,14,11,15,560,121,"14, LECLERC ( BD GENERAL",47.74986,-3.36647,Plein jour,En agglomération,Giratoire,Pluie légère,Autre collision,,,,,,,,,,,1,2,6,2.0,6.0
201800028678,0018-02-17 23:22:00,18,2,17,23,22,560,121,"0, TOULLEC (RUE  FRANCOI",47.73315,-3.38384,Nuit avec éclairage allumé,En agglomération,Hors intersection,Pluie légère,Deux véhicules - arrière,,,,,,,,,,,5,2,1,2.0,2.0
201800028679,0018-02-18 06:15:00,18,2,18,6,15,560,162,MOULIN DU TER (RUE DU ),47.73314,-3.40371,Nuit avec éclairage allumé,En agglomération,Hors intersection,Pluie légère,Autre collision,,,,,,,,,,,5,2,1,2.0,6.0
201800028680,0018-02-27 12:30:00,18,2,27,12,30,560,98,"0, LANN-SEVELIN (ROND PO",47.77847,-3.34433,Plein jour,En agglomération,Hors intersection,Normale,Sans collision,,,,,,,,,,,1,2,1,1.0,7.0
201800028681,0018-02-27 17:25:00,18,2,27,17,25,560,121,"0, INTERMARCHE (LANVEUR)",47.74694,-3.38843,Plein jour,En agglomération,Hors intersection,Normale,Autre collision,,,,,,,,,,,1,2,1,1.0,6.0
201800028682,0018-03-02 10:00:00,18,3,2,10,0,560,98,RN 165 (PATINOIRE),47.77835,-3.35378,Plein jour,Hors agglomération,Hors intersection,Normale,Trois véhicules et plus - collisions multiples,,,,,,,,,,,1,1,1,1.0,5.0
201800028683,0018-03-03 17:10:00,18,3,3,17,10,560,83,"232, ALLENDE ( AV. PRES.",47.81545,-3.24397,Plein jour,En agglomération,Giratoire,Normale,Deux véhicules - arrière,,,,,,,,,,,1,2,6,1.0,2.0
201800028684,0018-03-06 04:45:00,18,3,6,4,45,560,121,"0, BLUM ( BD LEON )",47.74471,-3.38131,Nuit avec éclairage allumé,En agglomération,Hors intersection,Normale,Sans collision,,,,,,,,,,,5,2,1,1.0,7.0
201800028685,0018-03-06 16:40:00,18,3,6,16,40,560,121,"0, MITTERAND ( PL. FRANC",47.75428,-3.36615,Plein jour,En agglomération,Intersection en T,Normale,Autre collision,,,,,,,,,,,1,2,3,1.0,6.0
201800028686,0018-03-08 14:05:00,18,3,8,14,5,560,121,"0, MARQUET (RUE  MARY )",47.75843,-3.385,Plein jour,En agglomération,Hors intersection,Normale,Autre collision,,,,,,,,,,,1,2,1,1.0,6.0
201800028687,0018-03-09 12:25:00,18,3,9,12,25,560,121,"0, BIR-HAKEIM ( RD-PT )",47.73945,-3.37959,Plein jour,En agglomération,Giratoire,Normale,Deux véhicules - côté,,,,,,,,,,,1,2,6,1.0,3.0
201800028688,0018-03-11 12:30:00,18,3,11,12,30,560,121,"0, LE MAUX ( BD JEAN )",47.75711,-3.38723,Plein jour,En agglomération,Hors intersection,Normale,Sans collision,,,,,,,,,,,1,2,1,1.0,7.0
201800028689,0018-03-13 17:00:00,18,3,13,17,0,560,98,"13, GRANDE LANDE ( ROUTE",47.75562,-3.33538,Plein jour,En agglomération,Hors intersection,Normale,Autre collision,,,,,,,,,,,1,2,1,1.0,6.0
201800028690,0018-03-18 14:50:00,18,3,18,14,50,560,83,"56, RESISTANCE (AVENUE",47.82214,-3.24707,Plein jour,En agglomération,Hors intersection,Normale,Deux véhicules - côté,,,,,,,,,,,1,2,1,1.0,3.0
201800028691,0018-03-16 09:32:00,18,3,16,9,32,560,98,"221, JAURES (RUE  JEAN )",47.77021,-3.35001,Plein jour,En agglomération,Hors intersection,Normale,Sans collision,,,,,,,,,,,1,2,1,1.0,7.0
201800028692,0018-03-21 11:40:00,18,3,21,11,40,560,98,"0, MALACHAPPE (LIEU-DIT)",47.76785,-3.31456,Plein jour,Hors agglomération,Giratoire,Normale,Deux véhicules - côté,,,,,,,,,,,1,1,6,1.0,3.0
201800028693,0018-03-24 14:38:00,18,3,24,14,38,560,98,"71, KESLER-DEVILLERS ( A",47.76725,-3.33983,Plein jour,En agglomération,Giratoire,Normale,Autre collision,,,,,,,,,,,1,2,6,1.0,6.0
201800028694,0018-03-25 13:03:00,18,3,25,13,3,560,121,"3, FRANCE ( AVE ANATOLE",47.74675,-3.36631,Plein jour,En agglomération,Giratoire,Normale,Deux véhicules - côté,,,,,,,,,,,1,2,6,1.0,3.0
201800028695,0018-03-29 09:24:00,18,3,29,9,24,560,121,JEGOU Francois,47.75951,-3.36746,Plein jour,En agglomération,Intersection en T,Pluie forte,Deux véhicules - côté,,,,,,,,,,,1,2,3,3.0,3.0
201800028696,0018-03-29 16:56:00,18,3,29,16,56,560,83,"0, RN 165",47.7886,-3.28628,Plein jour,Hors agglomération,Hors intersection,Normale,Deux véhicules - côté,,,,,,,,,,,1,1,1,1.0,3.0
201800028697,0018-03-31 17:10:00,18,3,31,17,10,560,83,"0, JOFFRE (RUE  DU MAREC",47.80666,-3.27619,Plein jour,En agglomération,Hors intersection,Normale,Autre collision,,,,,,,,,,,1,2,1,1.0,6.0
201800028698,0018-04-01 18:00:00,18,4,1,18,0,560,83,LIBERATION ( AV. DE LA ),47.80414,-3.27829,Plein jour,En agglomération,Intersection en T,Normale,Deux véhicules - côté,,,,,,,,,,,1,2,3,1.0,3.0
201800028699,0018-04-03 15:15:00,18,4,3,15,15,560,121,PLOEMEUR ( ET IMP DE ),47.76198,-3.38994,Plein jour,En agglomération,Giratoire,Normale,Autre collision,,,,,,,,,,,1,2,6,1.0,6.0
201800028700,0018-04-04 16:40:00,18,4,4,16,40,560,121,LE POULICHET (RUE  JOSEP,47.75293,-3.36124,Plein jour,En agglomération,Hors intersection,Normale,Autre collision,,,,,,,,,,,1,2,1,1.0,6.0
201800028701,0018-04-04 22:50:00,18,4,4,22,50,560,121,BLUM ( BD LEON ),47.7468,-3.37743,Nuit avec éclairage allumé,En agglomération,Giratoire,Normale,Deux véhicules - frontale,,,,,,,,,,,5,2,6,1.0,1.0
201800028702,0018-04-05 05:25:00,18,4,5,5,25,560,121,SAINT-MARCEL (RUE),47.74702,-3.38212,Nuit avec éclairage allumé,En agglomération,Hors intersection,Normale,Autre collision,,,,,,,,,,,5,2,1,1.0,6.0
201800028703,0018-04-05 08:35:00,18,4,5,8,35,560,121,KERGUESTENEN (RUE  DE ),47.75255,-3.39119,Plein jour,En agglomération,Giratoire,Normale,Deux véhicules - côté,,,,,,,,,,,1,2,6,1.0,3.0
201800028704,0018-04-05 13:40:00,18,4,5,13,40,560,121,DRONNEAU (RUE  CLAIRE ),47.7449,-3.37451,Plein jour,En agglomération,Hors intersection,Normale,Deux véhicules - côté,,,,,,,,,,,1,2,1,1.0,3.0
201800028705,0018-04-05 17:35:00,18,4,5,17,35,560,121,BELGIQUE (RUE  DE ),47.7622,-3.39041,Plein jour,En agglomération,Hors intersection,Normale,Autre collision,,,,,,,,,,,1,2,1,1.0,6.0
201800028706,0018-04-06 17:05:00,18,4,6,17,5,560,121,DESSERTE PORT (RD 465),47.76382,-3.38009,Plein jour,Hors agglomération,Hors intersection,Normale,Trois véhicules et plus - en chaîne,,,,,,,,,,,1,1,1,1.0,4.0
201800028707,0018-04-08 14:10:00,18,4,8,14,10,560,83,PORT LOUIS ( ROUTE),47.80194,-3.27693,Plein jour,En agglomération,Hors intersection,Normale,Deux véhicules - côté,,,,,,,,,,,1,2,1,1.0,3.0
201800028708,0018-04-10 10:30:00,18,4,10,10,30,560,162,PRESBYTERE (RUE DU),47.73567,-3.42855,Plein jour,En agglomération,Hors intersection,Normale,Autre collision,,,,,,,,,,,1,2,1,1.0,6.0
201800028709,0018-04-14 16:35:00,18,4,14,16,35,560,107,MOULIN (RUE DU VIEUX),47.72017,-3.38417,Plein jour,En agglomération,Hors intersection,Normale,Autre collision,,,,,,,,,,,1,2,1,1.0,6.0
201800028710,0018-04-16 14:00:00,18,4,16,14,0,560,121,TOULLEC (RUE  FRANCOIS ),47.7324,-3.37977,Plein jour,En agglomération,Hors intersection,Normale,Deux véhicules - côté,,,,,,,,,,,1,2,1,1.0,3.0
201800028711,0018-04-18 01:30:00,18,4,18,1,30,560,162,BRUYERE ( IMP. LA ),47.73787,-3.43743,Nuit avec éclairage allumé,En agglomération,Hors intersection,Normale,Autre collision,,,,,,,,,,,5,2,1,1.0,6.0
201800028712,0018-04-18 12:55:00,18,4,18,12,55,560,83,4 rue H. Tazieff,47.80038,-3.25719,Plein jour,En agglomération,Hors intersection,Normale,Sans collision,,,,,,,,,,,1,2,1,1.0,7.0
201800028713,0018-04-18 14:15:00,18,4,18,14,15,560,121,BELGIQUE (RUE  DE ),47.76042,-3.38393,Plein jour,En agglomération,Hors intersection,Normale,Deux véhicules - arrière,,,,,,,,,,,1,2,1,1.0,2.0
201800028714,0018-04-18 14:55:00,18,4,18,14,55,560,98,DUCLOS (RUE  JACQUES ),47.77524,-3.3403,Plein jour,En agglomération,Intersection en T,Normale,Autre collision,,,,,,,,,,,1,2,3,1.0,6.0
201800028715,0018-04-18 18:20:00,18,4,18,18,20,560,98,GAGARINE (RUE  YOURI ),47.77451,-3.34247,Plein jour,En agglomération,Giratoire,Normale,Deux véhicules - côté,,,,,,,,,,,1,2,6,1.0,3.0
201800028716,0018-04-20 17:35:00,18,4,20,17,35,560,162,SAVOIE (AVENUE DE),47.73239,-3.43151,Plein jour,En agglomération,Giratoire,Normale,Autre collision,,,,,,,,,,,1,2,6,1.0,6.0
201800028717,0018-04-21 17:53:00,18,4,21,17,53,560,121,BOVE ( COURS DE LA ),47.74641,-3.35974,Plein jour,En agglomération,Intersection en X,Normale,Autre collision,,,,,,,,,,,1,2,2,1.0,6.0
201800028718,0018-04-25 19:55:00,18,4,25,19,55,560,121,CARNEL (RUE  DE ),47.73891,-3.36892,Plein jour,En agglomération,Hors intersection,Normale,Autre collision,,,,,,,,,,,1,2,1,1.0,6.0
201800028719,0018-04-25 20:25:00,18,4,25,20,25,560,98,MAURICE (RUE  JEAN-MARIE,47.75616,-3.34061,Plein jour,En agglomération,Intersection en X,Normale,Deux véhicules - côté,,,,,,,,,,,1,2,2,1.0,3.0
201800028720,0018-04-27 09:10:00,18,4,27,9,10,560,83,LOCHRIST (ROUTE DE ),47.81395,-3.25982,Plein jour,En agglomération,Hors intersection,Pluie forte,Autre collision,,,,,,,,,,,1,2,1,3.0,6.0
201800028721,0018-04-28 18:40:00,18,4,28,18,40,560,121,STEPHANT (RUE  JEAN ),47.76187,-3.38026,Plein jour,En agglomération,Giratoire,Temps éblouissant,Autre collision,,,,,,,,,,,1,2,6,7.0,6.0
201800028722,0018-05-02 15:20:00,18,5,2,15,20,560,121,KERGUILLETTE (RUE  DE ),47.76476,-3.3919,Plein jour,En agglomération,Hors intersection,Normale,Sans collision,,,,,,,,,,,1,2,1,1.0,7.0
201800028723,0018-05-07 14:40:00,18,5,7,14,40,560,162,KERVAM,47.71722,-3.42325,Plein jour,En agglomération,Intersection en T,Normale,Deux véhicules - côté,,,,,,,,,,,1,2,3,1.0,3.0
201800028724,0018-05-07 23:30:00,18,5,7,23,30,560,162,COUREGANT (ROUTE DU),47.70549,-3.4609,Nuit sans éclairage public,Hors agglomération,Hors intersection,Normale,Autre collision,,,,,,,,,,,3,1,1,1.0,6.0
201800028725,0018-05-08 06:39:00,18,5,8,6,39,560,98,RN 165,47.79152,-3.30323,Crépuscule ou aube,Hors agglomération,Hors intersection,Normale,Autre collision,,,,,,,,,,,2,1,1,1.0,6.0
201800028726,0018-05-08 15:45:00,18,5,8,15,45,560,162,RD 152,47.72327,-3.48447,Plein jour,Hors agglomération,Intersection en Y,Normale,Autre collision,,,,,,,,,,,1,1,4,1.0,6.0
201800028727,0018-05-08 18:00:00,18,5,8,18,0,560,162,GRAZU (RUE DU),47.70333,-3.43208,Plein jour,En agglomération,Hors intersection,Normale,Deux véhicules - arrière,,,,,,,,,,,1,2,1,1.0,2.0
201800028728,0018-05-09 11:10:00,18,5,9,11,10,560,121,RD 162 rue de Lanveur,47.74436,-3.39527,Plein jour,En agglomération,Giratoire,Normale,Deux véhicules - côté,,,,,,,,,,,1,2,6,1.0,3.0
201800028729,0018-05-10 20:20:00,18,5,10,20,20,560,83,JOFFRE (RUE  DU MARECHAL,47.80986,-3.26716,Plein jour,En agglomération,Hors intersection,Normale,Autre collision,,,,,,,,,,,1,2,1,1.0,6.0
201800028730,0018-05-10 20:25:00,18,5,10,20,25,560,121,BELGIQUE (RUE  DE ),47.76035,-3.38389,Plein jour,En agglomération,Intersection en T,Normale,Deux véhicules - côté,,,,,,,,,,,1,2,3,1.0,3.0
201800028731,0018-05-15 11:12:00,18,5,15,11,12,560,98,Rue  Jean le Couteller,47.75978,-3.33097,Plein jour,En agglomération,Giratoire,Normale,Autre collision,,,,,,,,,,,1,2,6,1.0,6.0
201800028732,0018-05-17 18:10:00,18,5,17,18,10,560,83,REPUBLIQUE ( AV. DE LA ),47.79878,-3.29365,Plein jour,En agglomération,Intersection en X,Normale,Deux véhicules - côté,,,,,,,,,,,1,2,2,1.0,3.0
201800028733,0018-05-20 15:42:00,18,5,20,15,42,560,83,RD 724 PR 96,47.79994,-3.28859,Plein jour,En agglomération,Intersection en T,Normale,Deux véhicules - côté,,,,,,,,,,,1,2,3,1.0,3.0
201800028734,0018-05-20 16:15:00,18,5,20,16,15,560,98,ARAGO (RUE  DOMINIQUE ),47.7835,-3.33903,Plein jour,Hors agglomération,Hors intersection,Normale,Deux véhicules - frontale,,,,,,,,,,,1,1,1,1.0,1.0
201800028735,0018-05-24 13:05:00,18,5,24,13,5,560,83,AV Georges HILLION,47.81617,-3.23471,Plein jour,Hors agglomération,Intersection en T,Normale,Trois véhicules et plus - collisions multiples,,,,,,,,,,,1,1,3,1.0,5.0
201800028736,0018-05-25 17:00:00,18,5,25,17,0,560,121,ROUTE DEPARTEMENTALE 465,47.7627,-3.38109,Plein jour,En agglomération,Hors intersection,Normale,Trois véhicules et plus - en chaîne,,,,,,,,,,,1,2,1,1.0,4.0
201800028737,0018-05-25 18:30:00,18,5,25,18,30,560,121,PERRIERE ( AV DE LA ),47.73443,-3.36534,Plein jour,En agglomération,Intersection en T,Normale,Sans collision,,,,,,,,,,,1,2,3,1.0,7.0
201800028738,0018-05-26 14:05:00,18,5,26,14,5,560,121,CHAZELLES ( COURS LOUIS,47.75288,-3.36187,Plein jour,En agglomération,Intersection en X,Normale,Trois véhicules et plus - en chaîne,,,,,,,,,,,1,2,2,1.0,4.0
201800028739,0018-06-03 11:08:00,18,6,3,11,8,560,121,LE GRAND (RUE  JULES ),47.74624,-3.35618,Plein jour,En agglomération,Intersection en X,Normale,Autre collision,,,,,,,,,,,1,2,2,1.0,6.0
201800028740,0018-06-14 08:40:00,18,6,14,8,40,560,121,GUIEYSSE (RUE  PAUL ),47.75732,-3.36927,Plein jour,En agglomération,Hors intersection,Temps couvert,Autre collision,,,,,,,,,,,1,2,1,8.0,6.0
201800028741,0018-06-15 22:05:00,18,6,15,22,5,560,98,JAURES (RUE  JEAN ),47.77004,-3.35027,Nuit avec éclairage allumé,En agglomération,Intersection en X,Normale,Deux véhicules - côté,,,,,,,,,,,5,2,2,1.0,3.0
201800028742,0018-06-16 18:50:00,18,6,16,18,50,560,121,CESAR (RUE),47.74341,-3.37458,Plein jour,En agglomération,Intersection en X,Normale,Deux véhicules - côté,,,,,,,,,,,1,2,2,1.0,3.0
201800028743,0018-06-18 20:05:00,18,6,18,20,5,560,98,NERUDA (AVENUE  PABLO ),47.76607,-3.32943,Plein jour,En agglomération,Giratoire,Normale,Autre collision,,,,,,,,,,,1,2,6,1.0,6.0
201800028744,0018-06-20 19:45:00,18,6,20,19,45,560,162,SAINT BIEUZY (RUE DE),47.73516,-3.42947,Plein jour,En agglomération,Intersection en T,Normale,Deux véhicules - arrière,,,,,,,,,,,1,2,3,1.0,2.0
201800028745,0018-06-21 18:10:00,18,6,21,18,10,560,98,JAURES (RUE  JEAN ),47.76422,-3.3603,Plein jour,En agglomération,Hors intersection,Normale,Autre collision,,,,,,,,,,,1,2,1,1.0,6.0
201800028746,0018-06-23 21:10:00,18,6,23,21,10,560,121,FERRY ( PL. JULES ),47.74636,-3.3649,Plein jour,En agglomération,Hors intersection,Normale,Sans collision,,,,,,,,,,,1,2,1,1.0,7.0
201800028747,0018-06-23 17:25:00,18,6,23,17,25,560,162,Rond Point du 19/03/1962,47.7382,-3.43125,Plein jour,En agglomération,Giratoire,Normale,Sans collision,,,,,,,,,,,1,2,6,1.0,7.0
201800028748,0018-06-23 12:25:00,18,6,23,12,25,560,121,ROUTE DEPARTEMENTALE 465,47.76258,-3.38104,Plein jour,En agglomération,Intersection en Y,Normale,Trois véhicules et plus - en chaîne,,,,,,,,,,,1,2,4,1.0,4.0
201800028749,0018-06-24 03:17:00,18,6,24,3,17,560,162,RD 163-rue de Quéven,47.74481,-3.4206,Nuit sans éclairage public,Hors agglomération,Hors intersection,Normale,Autre collision,,,,,,,,,,,3,1,1,1.0,6.0
201800028750,0018-06-27 12:43:00,18,6,27,12,43,560,121,MULLER ( DU COLONEL JEAN,47.76535,-3.39935,Plein jour,En agglomération,Hors intersection,Normale,Deux véhicules - côté,,,,,,,,,,,1,2,1,1.0,3.0
201800028751,0018-06-28 09:40:00,18,6,28,9,40,560,121,Av du Gal de Gaulle,47.74247,-3.3692,Plein jour,En agglomération,Hors intersection,Normale,Autre collision,,,,,,,,,,,1,2,1,1.0,6.0
201800028752,0018-06-29 22:15:00,18,6,29,22,15,560,121,CHAIGNEAU (RUE),47.75556,-3.35811,Crépuscule ou aube,En agglomération,Hors intersection,Normale,Sans collision,,,,,,,,,,,2,2,1,1.0,7.0
201800028753,0018-07-05 12:23:00,18,7,5,12,23,560,121,KERJULAUDE ( RUE DE ),47.74375,-3.38114,Plein jour,En agglomération,Intersection en X,Normale,Deux véhicules - côté,,,,,,,,,,,1,2,2,1.0,3.0
201800028754,0018-07-06 14:25:00,18,7,6,14,25,560,162,ORMES (RUE DES),47.75321,-3.39476,Plein jour,En agglomération,Intersection en Y,Normale,Deux véhicules - côté,,,,,,,,,,,1,2,4,1.0,3.0
201800028755,0018-07-07 09:52:00,18,7,7,9,52,560,162,CHASSEURS (RUE DES),47.71765,-3.43616,Plein jour,En agglomération,Hors intersection,Normale,Deux véhicules - côté,,,,,,,,,,,1,2,1,1.0,3.0
201800028756,0018-07-07 18:10:00,18,7,7,18,10,560,121,COMBES (RUE  EMILE ),47.77094,-3.34599,Plein jour,En agglomération,Intersection en X,Normale,Deux véhicules - côté,,,,,,,,,,,1,2,2,1.0,3.0
201800028757,0018-07-07 13:30:00,18,7,7,13,30,560,107,ROUTE DEPARTEMENTALE 29,47.71546,-3.38464,Plein jour,En agglomération,Hors intersection,Normale,Autre collision,,,,,,,,,,,1,2,1,1.0,6.0
201800028758,0018-07-10 17:55:00,18,7,10,17,55,560,98,CROIZAT ( AVE AMBROISE ),47.77454,-3.34658,Plein jour,En agglomération,Hors intersection,Normale,Deux véhicules - arrière,,,,,,,,,,,1,2,1,1.0,2.0
201800028759,0018-07-11 13:05:00,18,7,11,13,5,560,98,KESLER-DEVILLERS ( AV. ),47.76711,-3.33946,Plein jour,En agglomération,Giratoire,Normale,Deux véhicules - côté,,,,,,,,,,,1,2,6,1.0,3.0
201800028760,0018-07-16 16:00:00,18,7,16,16,0,560,121,ROUTE DEPARTEMENTALE 465,47.74317,-3.38449,Plein jour,En agglomération,Hors intersection,Normale,Autre collision,,,,,,,,,,,1,2,1,1.0,6.0
201800028761,0018-07-17 10:20:00,18,7,17,10,20,560,162,RD 162E,47.73372,-3.47689,Plein jour,Hors agglomération,Intersection en Y,Normale,Deux véhicules - côté,,,,,,,,,,,1,1,4,1.0,3.0
201800028762,0018-07-19 12:30:00,18,7,19,12,30,560,121,AV du FAOUEDIC,47.74683,-3.36618,Plein jour,En agglomération,Giratoire,Normale,Deux véhicules - côté,,,,,,,,,,,1,2,6,1.0,3.0
201800028763,0018-07-19 14:42:00,18,7,19,14,42,560,162,RD 162E,47.73469,-3.47417,Plein jour,Hors agglomération,Hors intersection,Normale,Sans collision,,,,,,,,,,,1,1,1,1.0,7.0
201800028764,0018-07-21 18:50:00,18,7,21,18,50,560,83,VILLENEUVE ST-CARADEC (L,47.82176,-3.28295,Plein jour,Hors agglomération,Hors intersection,Normale,Deux véhicules - frontale,,,,,,,,,,,1,1,1,1.0,1.0
201800028765,0018-07-22 14:00:00,18,7,22,14,0,560,98,KESLER-DEVILLERS ( AV. ),47.76768,-3.3414,Plein jour,En agglomération,Hors intersection,Normale,Deux véhicules - arrière,,,,,,,,,,,1,2,1,1.0,2.0
201800028766,0018-07-23 15:00:00,18,7,23,15,0,560,83,PASTEUR ( AVENUE ),47.8125,-3.29412,Plein jour,Hors agglomération,Intersection en Y,Normale,Trois véhicules et plus - collisions multiples,,,,,,,,,,,1,1,4,1.0,5.0
201800028767,0018-07-24 10:25:00,18,7,24,10,25,560,121,COURS DE CHAZELLES,47.75544,-3.36359,Plein jour,En agglomération,Hors intersection,Normale,Autre collision,,,,,,,,,,,1,2,1,1.0,6.0
201800028768,0018-07-27 20:20:00,18,7,27,20,20,560,83,TOUL DOUAR (LIEU-DIT),47.7959,-3.30145,Plein jour,Hors agglomération,Hors intersection,Normale,Autre collision,,,,,,,,,,,1,1,1,1.0,6.0
201800028769,0018-07-29 11:05:00,18,7,29,11,5,560,107,RD 152 LD Kerlavret,47.71043,-3.43126,Plein jour,Hors agglomération,Hors intersection,Normale,Autre collision,,,,,,,,,,,1,1,1,1.0,6.0
201800028770,0018-08-04 01:30:00,18,8,4,1,30,560,121,ROUTE DEPARTEMENTALE 29,47.73344,-3.385,Nuit avec éclairage allumé,En agglomération,Giratoire,Normale,Sans collision,,,,,,,,,,,5,2,6,1.0,7.0
201800028771,0018-08-04 05:50:00,18,8,4,5,50,560,121,RD 465,47.7598,-3.38342,Nuit avec éclairage allumé,En agglomération,Hors intersection,Normale,Autre collision,,,,,,,,,,,5,2,1,1.0,6.0
201800028772,0018-08-06 20:05:00,18,8,6,20,5,560,162,SABLES BLANCS (BD DES),47.728,-3.494,Plein jour,Hors agglomération,Hors intersection,Normale,Trois véhicules et plus - en chaîne,,,,,,,,,,,1,1,1,1.0,4.0
201800028773,0018-08-07 12:17:00,18,8,7,12,17,560,83,AV. DES FRERES LUMIERE,47.79935,-3.26044,Plein jour,En agglomération,Giratoire,Normale,Autre collision,,,,,,,,,,,1,2,6,1.0,6.0
201800028774,0018-08-09 15:00:00,18,8,9,15,0,560,121,COSMAO-DUMANOIR ( BD ),47.75365,-3.36981,Plein jour,En agglomération,Hors intersection,Normale,Trois véhicules et plus - en chaîne,,,,,,,,,,,1,2,1,1.0,4.0
201800028775,0018-08-15 18:10:00,18,8,15,18,10,560,98,JAURES (RUE  JEAN ),47.76713,-3.35556,Plein jour,En agglomération,Hors intersection,Normale,Trois véhicules et plus - en chaîne,,,,,,,,,,,1,2,1,1.0,4.0
201800028776,0018-08-21 10:22:00,18,8,21,10,22,560,83,RN 165,47.78811,-3.27886,Plein jour,Hors agglomération,Hors intersection,Normale,Sans collision,,,,,,,,,,,1,1,1,1.0,7.0
201800028777,0018-08-23 08:55:00,18,8,23,8,55,560,121,CHAZELLES ( COURS LOUIS,47.75293,-3.36191,Plein jour,En agglomération,Intersection en T,Normale,Deux véhicules - arrière,,,,,,,,,,,1,2,3,1.0,2.0
201800028778,0018-08-23 14:28:00,18,8,23,14,28,560,121,LECLERC ( BD GENERAL ),47.74935,-3.36591,Plein jour,En agglomération,Hors intersection,Normale,Trois véhicules et plus - en chaîne,,,,,,,,,,,1,2,1,1.0,4.0