accident_id,datetime,annee,mois,jour,heure,minute,departement,commune_insee,adresse,latitude,longitude,luminosite,agglomeration,intersection,meteo,collision,nb_vehicules,nb_usagers,nb_indemnes,nb_tues,nb_blesses_hosp,nb_blesses_legers,age_cond_1,age_cond_2,veh_type_cond_1,veh_type_cond_2,lum_code,agg_code,int_code,atm_code,col_code
201800028779,0018-08-24 12:40:00,18,8,24,12,40,560,83,rue de la Résistance,47.82214,-3.24705,Plein jour,En agglomération,Hors intersection,Normale,Sans collision,,,,,,,,,,,1,2,1,1.0,7.0
201800028780,0018-08-25 12:45:00,18,8,25,12,45,560,98,Av KESLER DEVILLERS,47.768,-3.34264,Plein jour,En agglomération,Intersection en T,Normale,Deux véhicules - côté,,,,,,,,,,,1,2,3,1.0,3.0
201800028781,0018-08-26 12:55:00,18,8,26,12,55,560,121,FOCH (RUE  MARECHAL ),47.74796,-3.35848,Plein jour,En agglomération,Hors intersection,Pluie légère,Deux véhicules - côté,,,,,,,,,,,1,2,1,2.0,3.0
201800028782,0018-08-28 16:40:00,18,8,28,16,40,560,121,PERAULT Etienne (RUE ),47.74402,-3.36157,Plein jour,En agglomération,Intersection en Y,Normale,Deux véhicules - côté,,,,,,,,,,,1,2,4,1.0,3.0
201800028783,0018-09-01 18:25:00,18,9,1,18,25,560,121,JOFFRE ( BD MARECHAL ),47.75283,-3.36197,Plein jour,En agglomération,Intersection en X,Normale,Autre collision,,,,,,,,,,,1,2,2,1.0,6.0
201800028784,0018-09-02 19:00:00,18,9,2,19,0,560,162,RD 152,47.70912,-3.44395,Plein jour,Hors agglomération,Intersection en X,Normale,Deux véhicules - côté,,,,,,,,,,,1,1,2,1.0,3.0
201800028785,0018-09-02 01:40:00,18,9,2,1,40,560,121,CHAZELLES ( COURS LOUIS,47.75705,-3.36459,Nuit avec éclairage allumé,En agglomération,Giratoire,Normale,Sans collision,,,,,,,,,,,5,2,6,1.0,7.0
201800028786,0018-09-03 12:42:00,18,9,3,12,42,560,98,Rond-point du Plessis,47.75949,-3.32657,Plein jour,En agglomération,Giratoire,Normale,Deux véhicules - côté,,,,,,,,,,,1,2,6,1.0,3.0
201800028787,0018-09-03 18:30:00,18,9,3,18,30,560,121,FAURE (RUE  GABRIEL ),47.76563,-3.37394,Plein jour,En agglomération,Hors intersection,Normale,Autre collision,,,,,,,,,,,1,2,1,1.0,6.0
201800028788,0018-09-04 08:30:00,18,9,4,8,30,560,162,LAITERIE (CHEMIN DE LA ),47.73357,-3.41664,Plein jour,En agglomération,Hors intersection,Normale,Autre collision,,,,,,,,,,,1,2,1,1.0,6.0
201800028789,0018-09-04 19:35:00,18,9,4,19,35,560,121,MARNE ( AV DE LA ),47.7428,-3.36832,Plein jour,En agglomération,Intersection en X,Normale,Deux véhicules - frontale,,,,,,,,,,,1,2,2,1.0,1.0
201800028790,0018-09-04 16:10:00,18,9,4,16,10,560,107,LE GUEN (RUE  JULES ),47.70965,-3.38453,Plein jour,En agglomération,Giratoire,Normale,Autre collision,,,,,,,,,,,1,2,6,1.0,6.0
201800028791,0018-09-06 08:45:00,18,9,6,8,45,560,121,JAURES ( AVE JEAN ),47.7453,-3.36983,Plein jour,En agglomération,Hors intersection,Temps éblouissant,Autre collision,,,,,,,,,,,1,2,1,7.0,6.0
201800028792,0018-09-06 14:05:00,18,9,6,14,5,560,98,AV PRESIDENT ALLENDE,47.75928,-3.32617,Plein jour,En agglomération,Hors intersection,Normale,Autre collision,,,,,,,,,,,1,2,1,1.0,6.0
201800028793,0018-09-07 22:00:00,18,9,7,22,0,560,107,KERDONIS (RUE DE),47.71816,-3.39214,Crépuscule ou aube,En agglomération,Hors intersection,Normale,Deux véhicules - frontale,,,,,,,,,,,2,2,1,1.0,1.0
201800028794,0018-09-08 08:10:00,18,9,8,8,10,560,121,MARIENNE ( AV CAPITAINE,47.74422,-3.39538,Plein jour,En agglomération,Giratoire,Normale,Deux véhicules - côté,,,,,,,,,,,1,2,6,1.0,3.0
201800028795,0018-09-09 19:45:00,18,9,9,19,45,560,83,RN 165,47.79097,-3.30117,Plein jour,Hors agglomération,Hors intersection,Normale,Autre collision,,,,,,,,,,,1,1,1,1.0,6.0
201800028796,0018-09-12 15:40:00,18,9,12,15,40,560,121,Rue du Colonel Muller,47.76366,-3.39563,Plein jour,En agglomération,Giratoire,Normale,Deux véhicules - côté,,,,,,,,,,,1,2,6,1.0,3.0
201800028797,0018-09-13 13:59:00,18,9,13,13,59,560,121,BLUM ( BD LEON ),47.7479,-3.37519,Plein jour,En agglomération,Hors intersection,Normale,Deux véhicules - côté,,,,,,,,,,,1,2,1,1.0,3.0
201800028798,0018-09-14 12:30:00,18,9,14,12,30,560,121,AV CHENAILLER COL MORICE,47.7366,-3.39034,Plein jour,En agglomération,Intersection en T,Normale,Deux véhicules - arrière,,,,,,,,,,,1,2,3,1.0,2.0
201800028799,0018-09-14 13:35:00,18,9,14,13,35,560,121,BLUM ( BD LEON ),47.74767,-3.37558,Plein jour,En agglomération,Hors intersection,Normale,Deux véhicules - côté,,,,,,,,,,,1,2,1,1.0,3.0
201800028800,0018-09-16 17:10:00,18,9,16,17,10,560,121,ROUTE DEPARTEMENTALE 465,47.76378,-3.38026,Plein jour,Hors agglomération,Hors intersection,Normale,Autre collision,,,,,,,,,,,1,1,1,1.0,6.0
201800028801,0018-09-17 02:05:00,18,9,17,2,5,560,107,AV DU PRESIDENT KENNEDY,47.71009,-3.38471,Nuit avec éclairage allumé,En agglomération,Hors intersection,Normale,Autre collision,,,,,,,,,,,5,2,1,1.0,6.0
201800028802,0018-09-18 22:50:00,18,9,18,22,50,560,98,FABIEN ( AV. COLONEL),47.76217,-3.33747,Nuit avec éclairage allumé,En agglomération,Intersection en X,Normale,Deux véhicules - côté,,,,,,,,,,,5,2,2,1.0,3.0
201800028803,0018-09-20 08:30:00,18,9,20,8,30,560,121,BLUM ( BD LEON ),47.74866,-3.37413,Plein jour,En agglomération,Hors intersection,Normale,Autre collision,,,,,,,,,,,1,2,1,1.0,6.0
201800028804,0018-09-21 22:45:00,18,9,21,22,45,560,162,FORT BLOQUE (RUE DU),47.73832,-3.44207,Nuit sans éclairage public,Hors agglomération,Hors intersection,Normale,Autre collision,,,,,,,,,,,3,1,1,1.0,6.0
201800028805,0018-09-22 13:45:00,18,9,22,13,45,560,121,BOVE ( COURS DE LA ),47.74594,-3.36005,Plein jour,En agglomération,Intersection en T,Pluie légère,Sans collision,,,,,,,,,,,1,2,3,2.0,7.0
201800028806,0018-09-22 13:40:00,18,9,22,13,40,560,121,MONISTROL (RUE),47.73644,-3.38297,Plein jour,En agglomération,Giratoire,Pluie légère,Deux véhicules - côté,,,,,,,,,,,1,2,6,2.0,3.0
201800028807,0018-09-23 12:25:00,18,9,23,12,25,560,83,RD 724,47.79208,-3.31019,Plein jour,Hors agglomération,Hors intersection,Pluie légère,Autre collision,,,,,,,,,,,1,1,1,2.0,6.0
201800028808,0018-09-24 18:10:00,18,9,24,18,10,560,121,JAURES ( AVE JEAN ),47.74546,-3.36828,Plein jour,En agglomération,Giratoire,Normale,Autre collision,,,,,,,,,,,1,2,6,1.0,6.0
201800028809,0018-09-25 17:55:00,18,9,25,17,55,560,162,RD 163 KERHOAT,47.76264,-3.42453,Plein jour,Hors agglomération,Hors intersection,Normale,Autre collision,,,,,,,,,,,1,1,1,1.0,6.0
201800028810,0018-09-27 21:05:00,18,9,27,21,5,560,121,BELGIQUE (RUE  DE ),47.75859,-3.37745,Nuit avec éclairage allumé,En agglomération,Hors intersection,Normale,Autre collision,,,,,,,,,,,5,2,1,1.0,6.0
201800028811,0018-09-28 09:05:00,18,9,28,9,5,560,98,NORMANDIE NIEMEN ( BD ),47.76077,-3.35395,Plein jour,En agglomération,Giratoire,Normale,Deux véhicules - côté,,,,,,,,,,,1,2,6,1.0,3.0
201800028812,0018-09-28 21:35:00,18,9,28,21,35,560,83,LIBERATION ( AV. DE LA ),47.80408,-3.27844,Crépuscule ou aube,En agglomération,Hors intersection,Normale,Deux véhicules - arrière,,,,,,,,,,,2,2,1,1.0,2.0
201800028813,0018-09-30 04:48:00,18,9,30,4,48,560,121,NORMANDIE ( BD DE),47.75991,-3.36628,Nuit avec éclairage allumé,En agglomération,Giratoire,Normale,Sans collision,,,,,,,,,,,5,2,6,1.0,7.0
201800028814,0018-09-30 22:20:00,18,9,30,22,20,560,83,ALLENDE ( AV. PRES. SALV,47.81347,-3.24787,Nuit avec éclairage allumé,En agglomération,Hors intersection,Normale,Autre collision,,,,,,,,,,,5,2,1,1.0,6.0
201800028815,0018-10-01 17:15:00,18,10,1,17,15,560,121,KERLIN (RUE  DE ),47.74793,-3.37928,Plein jour,En agglomération,Intersection en T,Normale,Deux véhicules - côté,,,,,,,,,,,1,2,3,1.0,3.0
201800028816,0018-10-02 08:45:00,18,10,2,8,45,560,98,MITTERAND ( AV. FRANCOIS,47.76687,-3.33783,Plein jour,En agglomération,Hors intersection,Temps éblouissant,Autre collision,,,,,,,,,,,1,2,1,7.0,6.0
201800028817,0018-10-02 13:40:00,18,10,2,13,40,560,83,TREGUIER (RUE  MARCEL ),47.81135,-3.26078,Plein jour,En agglomération,Intersection en T,Normale,Sans collision,,,,,,,,,,,1,2,3,1.0,7.0
201800028818,0018-10-02 21:10:00,18,10,2,21,10,560,83,PASTEUR ( AVENUE ),47.80533,-3.28707,Nuit avec éclairage allumé,En agglomération,Hors intersection,Normale,Deux véhicules - frontale,,,,,,,,,,,5,2,1,1.0,1.0
201800028819,0018-10-03 18:00:00,18,10,3,18,0,560,121,ROHAN ( Q DE ),47.74533,-3.3618,Plein jour,En agglomération,Hors intersection,Normale,Autre collision,,,,,,,,,,,1,2,1,1.0,6.0
201800028820,0018-10-05 18:53:00,18,10,5,18,53,560,83,8 MAI 1945 ( AV. DU ),47.80241,-3.29045,Plein jour,En agglomération,Intersection en X,Normale,Deux véhicules - côté,,,,,,,,,,,1,2,2,1.0,3.0
201800028821,0018-10-06 11:08:00,18,10,6,11,8,560,107,Giratoire de Kergalant,47.70763,-3.41451,Plein jour,Hors agglomération,Giratoire,Normale,Sans collision,,,,,,,,,,,1,1,6,1.0,7.0
201800028822,0018-10-06 13:30:00,18,10,6,13,30,560,121,JOFFRE ( BD MARECHAL ),47.75178,-3.36515,Plein jour,En agglomération,Giratoire,Pluie légère,Deux véhicules - côté,,,,,,,,,,,1,2,6,2.0,3.0
201800028823,0018-10-07 00:15:00,18,10,7,0,15,560,83,VAILLANT ( AV. EDOUARD ),47.82362,-3.24947,Nuit avec éclairage allumé,En agglomération,Intersection en X,Normale,Autre collision,,,,,,,,,,,5,2,2,1.0,6.0
201800028824,0018-10-07 06:35:00,18,10,7,6,35,560,98,Av Commune de Paris,47.76916,-3.33885,Nuit avec éclairage allumé,En agglomération,Intersection en X,Normale,Autre collision,,,,,,,,,,,5,2,2,1.0,6.0
201800028825,0018-10-09 07:35:00,18,10,9,7,35,560,83,TROTTIER (RUE),47.80511,-3.27855,Nuit avec éclairage allumé,En agglomération,Hors intersection,Normale,Autre collision,,,,,,,,,,,5,2,1,1.0,6.0
201800028826,0018-10-09 15:35:00,18,10,9,15,35,560,121,RP du PT KENNEDY,47.76381,-3.37965,Plein jour,En agglomération,Giratoire,Normale,Deux véhicules - côté,,,,,,,,,,,1,2,6,1.0,3.0
201800028827,0018-10-11 10:17:00,18,10,11,10,17,560,121,JACOB ( RP. MAX ),47.75416,-3.38379,Plein jour,En agglomération,Giratoire,Temps couvert,Sans collision,,,,,,,,,,,1,2,6,8.0,7.0
201800028828,0018-10-15 22:45:00,18,10,15,22,45,560,83,LA FLAMME (PONT JEHANNE),47.80325,-3.2786,Nuit avec éclairage allumé,En agglomération,Giratoire,Normale,Sans collision,,,,,,,,,,,5,2,6,1.0,7.0
201800028829,0018-10-11 19:55:00,18,10,11,19,55,560,121,ASSEMBLEE-NATIONALE (RUE,47.74881,-3.36297,Nuit avec éclairage allumé,En agglomération,Intersection en X,Normale,Deux véhicules - côté,,,,,,,,,,,5,2,2,1.0,3.0
201800028830,0018-10-11 21:11:00,18,10,11,21,11,560,83,PASTEUR ( AVENUE ),47.80169,-3.28276,Nuit avec éclairage allumé,En agglomération,Hors intersection,Normale,Autre collision,,,,,,,,,,,5,2,1,1.0,6.0
201800028831,0018-10-21 12:20:00,18,10,21,12,20,560,83,ALLENDE (Av Pt Salvador),47.81063,-3.25234,Plein jour,Hors agglomération,Intersection en X,Temps éblouissant,Deux véhicules - côté,,,,,,,,,,,1,1,2,7.0,3.0
201800028832,0018-10-21 16:38:00,18,10,21,16,38,560,98,MALACHAPPE (LIEU-DIT),47.77933,-3.30966,Plein jour,Hors agglomération,Hors intersection,Normale,Deux véhicules - frontale,,,,,,,,,,,1,1,1,1.0,1.0
201800028833,0018-10-21 17:00:00,18,10,21,17,0,560,121,KERGUILLETTE (RUE  DE ),47.76475,-3.39188,Plein jour,En agglomération,Hors intersection,Normale,Autre collision,,,,,,,,,,,1,2,1,1.0,6.0
201800028834,0018-10-22 01:05:00,18,10,22,1,5,560,83,REPUBLIQUE ( AV. DE LA ),47.80035,-3.28671,Nuit avec éclairage allumé,En agglomération,Hors intersection,Normale,Autre collision,,,,,,,,,,,5,2,1,1.0,6.0
201800028835,0018-10-23 16:08:00,18,10,23,16,8,560,162,RD 152,47.70803,-3.41927,Plein jour,Hors agglomération,Hors intersection,Normale,Autre collision,,,,,,,,,,,1,1,1,1.0,6.0
201800028836,0018-10-25 14:25:00,18,10,25,14,25,560,83,MITTERAND ( AV. DU PRES.,47.80623,-3.25964,Plein jour,En agglomération,Giratoire,Normale,Trois véhicules et plus - en chaîne,,,,,,,,,,,1,2,6,1.0,4.0
201800028837,0018-10-30 08:40:00,18,10,30,8,40,560,83,REPUBLIQUE ( AV. DE LA ),47.79656,-3.30092,Plein jour,En agglomération,Giratoire,Normale,Trois véhicules et plus - en chaîne,,,,,,,,,,,1,2,6,1.0,4.0
201800028838,0018-10-30 15:20:00,18,10,30,15,20,560,121,JOFFRE ( BD MARECHAL ),47.75174,-3.36525,Plein jour,En agglomération,Giratoire,Normale,Autre collision,,,,,,,,,,,1,2,6,1.0,6.0
201800028839,0018-10-31 12:25:00,18,10,31,12,25,560,121,MEHEUT (RUE  DOCTEUR ),47.74955,-3.3853,Plein jour,En agglomération,Hors intersection,Normale,Sans collision,,,,,,,,,,,1,2,1,1.0,7.0
201800028840,0018-10-31 16:45:00,18,10,31,16,45,560,98,PEN MANE (RUE DE),47.75943,-3.32594,Plein jour,En agglomération,Hors intersection,Normale,Sans collision,,,,,,,,,,,1,2,1,1.0,7.0
201800028841,0018-11-03 23:35:00,18,11,3,23,35,560,162,BRIAND ( AV. ARISTIDE ),47.73977,-3.4291,Nuit avec éclairage allumé,En agglomération,Hors intersection,Normale,Sans collision,,,,,,,,,,,5,2,1,1.0,7.0
201800028842,0018-11-05 20:40:00,18,11,5,20,40,560,121,DUGUAY-TROUIN (RUE RENE),47.74304,-3.36591,Nuit avec éclairage allumé,En agglomération,Giratoire,Normale,Deux véhicules - côté,,,,,,,,,,,5,2,6,1.0,3.0
201800028843,0018-11-06 09:40:00,18,11,6,9,40,560,121,ROUTE DEPARTEMENTALE 465,47.74958,-3.38726,Plein jour,Hors agglomération,Hors intersection,Pluie légère,Sans collision,,,,,,,,,,,1,1,1,2.0,7.0
201800028844,0018-11-06 14:30:00,18,11,6,14,30,560,121,CHAIGNEAU (RUE),47.75536,-3.35834,Plein jour,En agglomération,Intersection en T,Pluie légère,Deux véhicules - côté,,,,,,,,,,,1,2,3,2.0,3.0
201800028845,0018-11-08 12:10:00,18,11,8,12,10,560,121,SAINT-ARMEL (RUE  DE ),47.76308,-3.38378,Plein jour,En agglomération,Giratoire,Normale,Deux véhicules - côté,,,,,,,,,,,1,2,6,1.0,3.0
201800028846,0018-11-10 17:30:00,18,11,10,17,30,560,83,ALLENDE ( AV. PRES. SALV,47.80849,-3.25582,Crépuscule ou aube,En agglomération,Intersection en T,Normale,Trois véhicules et plus - collisions multiples,,,,,,,,,,,2,2,3,1.0,5.0
201800028847,0018-11-11 09:28:00,18,11,11,9,28,560,121,Rue Louis Guiguen,47.75572,-3.35478,Plein jour,En agglomération,Intersection en X,Normale,Deux véhicules - côté,,,,,,,,,,,1,2,2,1.0,3.0
201800028848,0018-11-12 18:40:00,18,11,12,18,40,560,121,SAINT-ARMEL (RUE  DE ),47.76258,-3.38388,Nuit avec éclairage allumé,En agglomération,Hors intersection,Normale,Deux véhicules - frontale,,,,,,,,,,,5,2,1,1.0,1.0
201800028849,0018-11-13 09:00:00,18,11,13,9,0,560,98,KESLER-DEVILLERS ( AV. ),47.76719,-3.33968,Crépuscule ou aube,En agglomération,Giratoire,Normale,Deux véhicules - côté,,,,,,,,,,,2,2,6,1.0,3.0
201800028850,0018-11-15 10:50:00,18,11,15,10,50,560,98,CROIZAT ( AVE AMBROISE ),47.77146,-3.34872,Plein jour,En agglomération,Hors intersection,Normale,Deux véhicules - arrière,,,,,,,,,,,1,2,1,1.0,2.0
201800028851,0018-11-16 10:15:00,18,11,16,10,15,560,121,KERFORN (RUE ET PLACE  D,47.75368,-3.39175,Plein jour,En agglomération,Intersection en T,Normale,Deux véhicules - arrière,,,,,,,,,,,1,2,3,1.0,2.0
201800028852,0018-11-18 15:10:00,18,11,18,15,10,560,121,62ø R.I. ( DU ),47.75371,-3.3638,Plein jour,En agglomération,Intersection en X,Normale,Deux véhicules - côté,,,,,,,,,,,1,2,2,1.0,3.0
201800028853,0018-11-19 21:40:00,18,11,19,21,40,560,121,RD 465 (DESSERTE PORTUAI,47.75876,-3.38413,Nuit sans éclairage public,Hors agglomération,Autre intersection,Normale,Deux véhicules - côté,,,,,,,,,,,3,1,9,1.0,3.0
201800028854,0018-11-20 11:35:00,18,11,20,11,35,560,121,MARINE (RUE  DE LA ),47.73962,-3.36085,Plein jour,En agglomération,Intersection en T,Normale,Autre collision,,,,,,,,,,,1,2,3,1.0,6.0
201800028855,0018-11-20 15:00:00,18,11,20,15,0,560,83,8 MAI 1945 ( AV. DU ),47.80241,-3.29061,Plein jour,En agglomération,Intersection en X,Temps couvert,Autre collision,,,,,,,,,,,1,2,2,8.0,6.0
201800028856,0018-11-20 17:30:00,18,11,20,17,30,560,98,RN 165,47.77846,-3.35205,Crépuscule ou aube,Hors agglomération,Hors intersection,Normale,Trois véhicules et plus - en chaîne,,,,,,,,,,,2,1,1,1.0,4.0
201800028857,0018-11-22 12:40:00,18,11,22,12,40,560,121,BASE DE SOUS-MARINS ( RD,47.73536,-3.37401,Plein jour,En agglomération,Giratoire,Normale,Sans collision,,,,,,,,,,,1,2,6,1.0,7.0
201800028858,0018-11-23 18:55:00,18,11,23,18,55,560,98,JAURES (RUE  JEAN ),47.76845,-3.35321,Nuit avec éclairage allumé,En agglomération,Hors intersection,Pluie légère,Deux véhicules - arrière,,,,,,,,,,,5,2,1,2.0,2.0
201800028859,0018-11-24 08:00:00,18,11,24,8,0,560,121,RD 465,47.77099,-3.37814,Crépuscule ou aube,Hors agglomération,Hors intersection,Pluie légère,Autre collision,,,,,,,,,,,2,1,1,2.0,6.0
201800028860,0018-11-25 17:45:00,18,11,25,17,45,560,121,TOULLEC (RUE  FRANCOIS ),47.73236,-3.37866,Crépuscule ou aube,En agglomération,Giratoire,Pluie légère,Sans collision,,,,,,,,,,,2,2,6,2.0,7.0
201800028861,0018-11-26 08:30:00,18,11,26,8,30,560,83,REPUBLIQUE ( AVE DE LA ),47.80027,-3.28683,Crépuscule ou aube,En agglomération,Hors intersection,Normale,Deux véhicules - arrière,,,,,,,,,,,2,2,1,1.0,2.0
201800028862,0018-11-27 17:35:00,18,11,27,17,35,560,121,RD 465,47.74623,-3.3865,Nuit avec éclairage allumé,Hors agglomération,Hors intersection,Pluie forte,Trois véhicules et plus - en chaîne,,,,,,,,,,,5,1,1,3.0,4.0
201800028863,0018-11-28 15:45:00,18,11,28,15,45,560,98,CROIZAT ( AVE AMBROISE ),47.77584,-3.34567,Plein jour,En agglomération,Hors intersection,Pluie légère,Autre collision,,,,,,,,,,,1,2,1,2.0,6.0
201800028864,0018-12-01 00:05:00,18,12,1,0,5,560,98,RN 165,47.78112,-3.34268,Nuit sans éclairage public,Hors agglomération,Hors intersection,Temps couvert,Autre collision,,,,,,,,,,,3,1,1,8.0,6.0
201800028865,0018-12-01 17:35:00,18,12,1,17,35,560,121,MONISTROL (RUE),47.73376,-3.3851,Nuit avec éclairage allumé,En agglomération,Hors intersection,Pluie légère,Autre collision,,,,,,,,,,,5,2,1,2.0,6.0
201800028866,0018-12-03 13:15:00,18,12,3,13,15,560,121,BLUM ( BD LEON ),47.7492,-3.37356,Plein jour,En agglomération,Giratoire,Temps couvert,Deux véhicules - côté,,,,,,,,,,,1,2,6,8.0,3.0
201800028867,0018-12-03 18:05:00,18,12,3,18,5,560,121,CHAZELLES (COURS LOUIS),47.7537,-3.3623,Nuit avec éclairage allumé,En agglomération,Intersection en X,Pluie légère,Deux véhicules - côté,,,,,,,,,,,5,2,2,2.0,3.0
201800028868,0018-12-04 08:40:00,18,12,4,8,40,560,162,FORT BLOQUE (RUE DU),47.73667,-3.43518,Nuit avec éclairage allumé,En agglomération,Intersection en X,Temps couvert,Autre collision,,,,,,,,,,,5,2,2,8.0,6.0
201800028869,0018-12-04 16:55:00,18,12,4,16,55,560,121,BELGIQUE (RUE  DE ),47.75976,-3.38144,Plein jour,En agglomération,Intersection en X,Pluie légère,Deux véhicules - côté,,,,,,,,,,,1,2,2,2.0,3.0
201800028870,0018-12-04 22:25:00,18,12,4,22,25,560,83,LIBERATION ( AV. DE LA ),47.80449,-3.2776,Nuit avec éclairage allumé,En agglomération,Hors intersection,Pluie légère,Autre collision,,,,,,,,,,,5,2,1,2.0,6.0
201800028871,0018-12-06 19:25:00,18,12,6,19,25,560,98,SEMBAT (RUE MARCEL),47.76549,-3.34532,Nuit avec éclairage allumé,En agglomération,Intersection en T,Pluie légère,Deux véhicules - côté,,,,,,,,,,,5,2,3,2.0,3.0
201800028872,0018-12-10 07:50:00,18,12,10,7,50,560,121,MONISTROL (RUE),47.73929,-3.38032,Nuit avec éclairage allumé,En agglomération,Giratoire,Normale,Autre collision,,,,,,,,,,,5,2,6,1.0,6.0
201800028873,0018-12-11 10:58:00,18,12,11,10,58,560,121,CARNOT (RUE  LAZARE ),47.74083,-3.36786,Plein jour,En agglomération,Hors intersection,Normale,Deux véhicules - frontale,,,,,,,,,,,1,2,1,1.0,1.0
201800028874,0018-12-13 21:55:00,18,12,13,21,55,560,121,LE COUTALLER ( RUE JEAN,47.74781,-3.36962,Nuit avec éclairage allumé,En agglomération,Hors intersection,Temps couvert,Autre collision,,,,,,,,,,,5,2,1,8.0,6.0
201800028875,0018-12-16 12:25:00,18,12,16,12,25,560,162,Rte du Fort Bloqué,47.73785,-3.45787,Plein jour,En agglomération,Intersection en X,Pluie légère,Deux véhicules - frontale,,,,,,,,,,,1,2,2,2.0,1.0
201800028876,0018-12-18 12:10:00,18,12,18,12,10,560,121,PERAULT (RUE ),47.74445,-3.36237,Plein jour,En agglomération,Hors intersection,Pluie légère,Deux véhicules - côté,,,,,,,,,,,1,2,1,2.0,3.0
201800028877,0018-12-19 15:15:00,18,12,19,15,15,560,121,BELGIQUE (RUE  DE ),47.75866,-3.37753,Plein jour,En agglomération,Hors intersection,Normale,Deux véhicules - arrière,,,,,,,,,,,1,2,1,1.0,2.0
201800028878,0018-12-19 17:15:00,18,12,19,17,15,560,83,LIBERATION ( AV. DE LA ),47.80374,-3.26803,Crépuscule ou aube,En agglomération,Giratoire,Temps couvert,Deux véhicules - côté,,,,,,,,,,,2,2,6,8.0,3.0
201800028879,0018-12-20 12:35:00,18,12,20,12,35,560,98,ALLENDE ( AV. PRESIDENT,47.7565,-3.32439,Plein jour,En agglomération,Intersection en Y,Pluie légère,Trois véhicules et plus - collisions multiples,,,,,,,,,,,1,2,4,2.0,5.0
201800028880,0018-12-21 08:15:00,18,12,21,8,15,560,121,JOFFRE ( BD MARECHAL ),47.75227,-3.36298,Nuit avec éclairage allumé,En agglomération,Intersection en X,Pluie légère,Deux véhicules - arrière,,,,,,,,,,,5,2,2,2.0,2.0
201800028881,0018-12-21 11:45:00,18,12,21,11,45,560,98,JAURES (RUE  JEAN ),47.76635,-3.35681,Plein jour,En agglomération,Hors intersection,Pluie légère,Autre collision,,,,,,,,,,,1,2,1,2.0,6.0
201800028882,0018-12-23 02:15:00,18,12,23,2,15,560,121,LIEGE (RUE  DE ),47.74845,-3.36197,Nuit avec éclairage allumé,En agglomération,Intersection en X,Pluie légère,Deux véhicules - côté,,,,,,,,,,,5,2,2,2.0,3.0
201800028883,0018-12-20 07:35:00,18,12,20,7,35,560,121,BIR-HAKEIM ( RD-PT ),47.73924,-3.37959,Nuit avec éclairage allumé,En agglomération,Giratoire,Pluie légère,Deux véhicules - côté,,,,,,,,,,,5,2,6,2.0,3.0
201800028884,0018-12-28 21:50:00,18,12,28,21,50,560,121,GUIEYSSE (RUE  PAUL ),47.75791,-3.37523,Nuit avec éclairage allumé,En agglomération,Giratoire,Normale,Autre collision,,,,,,,,,,,5,2,6,1.0,6.0
201800028885,0018-05-13 12:00:00,18,5,13,12,0,340,111,D999,43.93665,3.69627,Plein jour,Hors agglomération,Hors intersection,Pluie forte,Deux véhicules - arrière,,,,,,,,,,,1,1,1,3.0,2.0
201800028886,0018-05-19 16:45:00,18,5,19,16,45,340,60,D122,43.80248,3.66497,Plein jour,Hors agglomération,Hors intersection,Normale,Autre collision,,,,,,,,,,,1,1,1,1.0,6.0
201800028887,0018-07-21 13:20:00,18,7,21,13,20,340,152,départementale 1,43.78817,3.80396,Plein jour,Hors agglomération,Hors intersection,Normale,Autre collision,,,,,,,,,,,1,1,1,1.0,6.0
201800028888,0018-08-06 17:00:00,18,8,6,17,0,340,152,route de saint martin de,43.78421,3.75019,Plein jour,Hors agglomération,Hors intersection,Normale,Autre collision,,,,,,,,,,,1,1,1,1.0,6.0
201800028889,0018-08-15 13:05:00,18,8,15,13,5,340,274,route de Frouzet - D122,43.81449,3.70129,Plein jour,Hors agglomération,Hors intersection,Normale,Trois véhicules et plus - collisions multiples,,,,,,,,,,,1,1,1,1.0,5.0
201800028890,0018-09-01 03:45:00,18,9,1,3,45,340,60,RD4,43.81169,3.65768,Nuit sans éclairage public,Hors agglomération,Hors intersection,Normale,Autre collision,,,,,,,,,,,3,1,1,1.0,6.0
201800028891,0018-01-09 17:45:00,18,1,9,17,45,170,131,17 bis rue de bordeaux,45.58297,-0.82903,Nuit avec éclairage allumé,En agglomération,Hors intersection,Normale,Deux véhicules - côté,,,,,,,,,,,5,2,1,1.0,3.0
201800028892,0018-05-10 16:45:00,18,5,10,16,45,170,34,route romaine,45.53624,-0.8596,Plein jour,Hors agglomération,Hors intersection,Normale,Sans collision,,,,,,,,,,,1,1,1,1.0,7.0
201800028893,0018-07-06 00:30:00,18,7,6,0,30,170,172,Les Lignes,45.55777,-0.68586,Nuit sans éclairage public,Hors agglomération,Hors intersection,Normale,Autre collision,,,,,,,,,,,3,1,1,1.0,6.0
201800028894,0018-07-06 20:00:00,18,7,6,20,0,170,441,RUE DES TILLEULS,45.63247,-0.65456,Plein jour,En agglomération,Hors intersection,Normale,Deux véhicules - frontale,,,,,,,,,,,1,2,1,1.0,1.0
201800028895,0018-11-28 11:30:00,18,11,28,11,30,170,296,le Clone Giraud,45.68582,-0.76673,Plein jour,Hors agglomération,Hors intersection,Normale,Autre collision,,,,,,,,,,,1,1,1,1.0,6.0
201800028896,0018-12-07 18:22:00,18,12,7,18,22,170,183,bel air,45.58561,-0.848,Nuit sans éclairage public,Hors agglomération,Hors intersection,Normale,Autre collision,,,,,,,,,,,3,1,1,1.0,6.0
201800028897,0018-12-11 11:30:00,18,12,11,11,30,170,230,boulevard du marais,45.56085,-0.93391,Plein jour,Hors agglomération,Hors intersection,Normale,Deux véhicules - côté,,,,,,,,,,,1,1,1,1.0,3.0