accident_id,datetime,annee,mois,jour,heure,minute,departement,commune_insee,adresse,latitude,longitude,luminosite,agglomeration,intersection,meteo,collision,nb_vehicules,nb_usagers,nb_indemnes,nb_tues,nb_blesses_hosp,nb_blesses_legers,age_cond_1,age_cond_2,veh_type_cond_1,veh_type_cond_2,lum_code,agg_code,int_code,atm_code,col_code
201800029018,0018-02-18 02:45:00,18,2,18,2,45,570,491,CD9,49.15245,6.03853,Nuit sans éclairage public,Hors agglomération,Hors intersection,Autre,Deux véhicules - côté,,,,,,,,,,,3,1,1,9.0,3.0
201800029019,0018-03-12 16:32:00,18,3,12,16,32,570,143,CD9,49.25877,6.08333,Plein jour,Hors agglomération,Giratoire,Temps couvert,Deux véhicules - côté,,,,,,,,,,,1,1,6,8.0,3.0
201800029020,0018-04-14 21:30:00,18,4,14,21,30,570,143,FOCH (RUE),49.26074,6.09439,Nuit avec éclairage allumé,En agglomération,Intersection en T,Normale,Autre collision,,,,,,,,,,,5,2,3,1.0,6.0
201800029021,0018-04-13 12:13:00,18,4,13,12,13,570,591,DE GAULLE (AVENUE DU GEN,49.25334,6.09589,Plein jour,En agglomération,Hors intersection,Normale,Deux véhicules - frontale,,,,,,,,,,,1,2,1,1.0,1.0
201800029022,0018-04-18 12:30:00,18,4,18,12,30,570,591,CD181,49.24325,6.07245,Plein jour,Hors agglomération,Hors intersection,Normale,Deux véhicules - frontale,,,,,,,,,,,1,1,1,1.0,1.0
201800029023,0018-05-17 16:25:00,18,5,17,16,25,570,19,CD181,49.23022,6.06173,Plein jour,Hors agglomération,Intersection en X,Temps éblouissant,Deux véhicules - côté,,,,,,,,,,,1,1,2,7.0,3.0
201800029024,0018-07-04 20:50:00,18,7,4,20,50,570,491,THOREZ (AVENUE MAURICE),49.24974,6.04853,Crépuscule ou aube,En agglomération,Hors intersection,Normale,Deux véhicules - côté,,,,,,,,,,,2,2,1,1.0,3.0
201800029025,0018-07-29 08:52:00,18,7,29,8,52,570,591,METZ (DE),49.25685,6.0976,Plein jour,En agglomération,Giratoire,Normale,Autre collision,,,,,,,,,,,1,2,6,1.0,6.0
201800029026,0018-07-31 09:11:00,18,7,31,9,11,570,491,R DES FORGES,49.24916,6.04347,Plein jour,En agglomération,Hors intersection,Normale,Autre collision,,,,,,,,,,,1,2,1,1.0,6.0
201800029027,0018-08-08 16:58:00,18,8,8,16,58,570,19,CD 112F,49.24889,6.14503,Plein jour,Hors agglomération,Hors intersection,Normale,Autre collision,,,,,,,,,,,1,1,1,1.0,6.0
201800029028,0018-08-13 19:40:00,18,8,13,19,40,570,19,CD 54,49.22009,6.05507,Plein jour,Hors agglomération,Intersection en T,Normale,Deux véhicules - frontale,,,,,,,,,,,1,1,3,1.0,1.0
201800029029,0018-08-30 00:18:00,18,8,30,0,18,570,19,CD 112F,49.24675,6.14558,Nuit sans éclairage public,Hors agglomération,Hors intersection,Pluie forte,Deux véhicules - frontale,,,,,,,,,,,3,1,1,3.0,1.0
201800029030,0018-09-07 21:02:00,18,9,7,21,2,570,491,COTE DES GAYES (ROUTE DE,49.25396,6.04144,Nuit avec éclairage allumé,En agglomération,Hors intersection,Normale,Sans collision,,,,,,,,,,,5,2,1,1.0,7.0
201800029031,0018-10-07 16:52:00,18,10,7,16,52,570,19,CD 112F,49.24993,6.14402,Plein jour,En agglomération,Giratoire,Normale,Deux véhicules - côté,,,,,,,,,,,1,2,6,1.0,3.0
201800029032,0018-10-18 17:22:00,18,10,18,17,22,570,19,CIMENTERIE (RUE DE LA),49.25554,6.12948,Plein jour,En agglomération,Hors intersection,Normale,Autre collision,,,,,,,,,,,1,2,1,1.0,6.0
201800029033,0018-10-22 05:00:00,18,10,22,5,0,570,143,CD9,49.25807,6.07905,Nuit sans éclairage public,Hors agglomération,Hors intersection,Normale,Autre collision,,,,,,,,,,,3,1,1,1.0,6.0
201800029034,0018-10-30 14:33:00,18,10,30,14,33,570,19,VIEIL AMNEVILLE (RUE DU),49.2612,6.1278,Plein jour,Hors agglomération,Hors intersection,Pluie forte,Trois véhicules et plus - collisions multiples,,,,,,,,,,,1,1,1,3.0,5.0
201800029035,0018-12-20 17:20:00,18,12,20,17,20,570,591,RN 52,49.23624,6.10912,Crépuscule ou aube,Hors agglomération,Hors intersection,Pluie légère,Deux véhicules - arrière,,,,,,,,,,,2,1,1,2.0,2.0
201800029036,0018-12-23 19:33:00,18,12,23,19,33,570,591,CD181,49.24168,6.06878,Nuit sans éclairage public,Hors agglomération,Hors intersection,Pluie légère,Deux véhicules - frontale,,,,,,,,,,,3,1,1,2.0,1.0
201800029037,0018-12-27 11:55:00,18,12,27,11,55,570,591,BIZET (RUE GEORGES),49.24779,6.1043,Plein jour,En agglomération,Hors intersection,Brouillard / fumée,Autre collision,,,,,,,,,,,1,2,1,5.0,6.0
201800029038,0018-01-03 19:25:00,18,1,3,19,25,570,463,39 RUE MAZELLE,49.11677,6.18216,Nuit avec éclairage allumé,En agglomération,Hors intersection,Vent fort / tempête,Autre collision,,,,,,,,,,,5,2,1,6.0,6.0
201800029039,0018-01-05 09:00:00,18,1,5,9,0,570,463,1 rue royale,49.11533,6.17898,Plein jour,En agglomération,Hors intersection,Pluie légère,Autre collision,,,,,,,,,,,1,2,1,2.0,6.0
201800029040,0018-01-05 17:00:00,18,1,5,17,0,570,463,RUE DES ROBERT,49.0993,6.17441,Nuit avec éclairage allumé,En agglomération,Hors intersection,Pluie légère,Deux véhicules - côté,,,,,,,,,,,5,2,1,2.0,3.0
201800029041,0018-01-05 19:13:00,18,1,5,19,13,570,463,"0, BOUZONVILLE (ROUTE DE",49.13598,6.21321,Nuit sans éclairage public,En agglomération,Hors intersection,Pluie légère,Deux véhicules - arrière,,,,,,,,,,,3,2,1,2.0,2.0
201800029042,0018-01-16 18:45:00,18,1,16,18,45,570,463,"91, MAZELLE (RUE )",49.11489,6.18416,Nuit avec éclairage non allumé,En agglomération,Hors intersection,Pluie légère,Deux véhicules - côté,,,,,,,,,,,4,2,1,2.0,3.0
201800029043,0018-01-26 15:00:00,18,1,26,15,0,570,463,ROUTE DE PLAPPEVILLE,49.1263,6.15593,Plein jour,En agglomération,Hors intersection,Pluie légère,Deux véhicules - côté,,,,,,,,,,,1,2,1,2.0,3.0
201800029044,0018-01-26 17:30:00,18,1,26,17,30,570,463,,49.11582,6.20218,Crépuscule ou aube,Hors agglomération,Hors intersection,Normale,Trois véhicules et plus - en chaîne,,,,,,,,,,,2,1,1,1.0,4.0
201800029045,0018-01-28 18:50:00,18,1,28,18,50,570,463,"0, BARONETE (RUE DE LA)",49.10162,6.20218,Nuit avec éclairage allumé,En agglomération,Hors intersection,Pluie légère,Autre collision,,,,,,,,,,,5,2,1,2.0,6.0
201800029046,0018-02-13 09:45:00,18,2,13,9,45,570,463,"95, THIONVILLE (ROUTE DE",49.13833,6.13741,Plein jour,En agglomération,Hors intersection,Normale,Deux véhicules - côté,,,,,,,,,,,1,2,1,1.0,3.0
201800029047,0018-02-16 15:45:00,18,2,16,15,45,570,751,"0, BERLANGE (ROND POINT",49.15758,6.15869,Plein jour,En agglomération,Giratoire,Normale,Deux véhicules - côté,,,,,,,,,,,1,2,6,1.0,3.0
201800029048,0018-02-19 11:55:00,18,2,19,11,55,570,447,AV DE LA BELLE FONTAINE,49.06757,6.14496,Plein jour,En agglomération,Hors intersection,Normale,Autre collision,,,,,,,,,,,1,2,1,1.0,6.0
201800029049,0018-02-21 16:10:00,18,2,21,16,10,570,463,"00, PLAPPEVILLE (ROUTE D",49.12867,6.14874,Plein jour,En agglomération,Hors intersection,Temps éblouissant,Autre collision,,,,,,,,,,,1,2,1,7.0,6.0
201800029050,0018-03-03 14:55:00,18,3,3,14,55,570,463,"27, LAFAYETTE (RUE )",49.10731,6.17193,Plein jour,En agglomération,Intersection en X,Neige / grêle,Deux véhicules - côté,,,,,,,,,,,1,2,2,4.0,3.0
201800029051,0018-03-03 19:00:00,18,3,3,19,0,570,463,"00, GRANGE AUX DAMES (RU",49.13464,6.17668,Crépuscule ou aube,En agglomération,Hors intersection,Normale,Deux véhicules - côté,,,,,,,,,,,2,2,1,1.0,3.0
201800029052,0018-03-05 17:50:00,18,3,5,17,50,570,463,R DES CAMPANULES,49.07977,6.18706,Plein jour,En agglomération,Intersection en T,Normale,Deux véhicules - côté,,,,,,,,,,,1,2,3,1.0,3.0
201800029053,0018-03-09 19:48:00,18,3,9,19,48,570,463,"00, MAZELLE (PLACE )",49.11346,6.186,Plein jour,En agglomération,Hors intersection,Pluie légère,Deux véhicules - côté,,,,,,,,,,,1,2,1,2.0,3.0
201800029054,0018-03-12 20:25:00,18,3,12,20,25,570,463,"10, CHARLES ABEL (RUE )",49.10736,6.16661,Nuit avec éclairage allumé,En agglomération,Hors intersection,Pluie forte,Autre collision,,,,,,,,,,,5,2,1,3.0,6.0
201800029055,0018-03-27 11:40:00,18,3,27,11,40,570,463,"2, LAURENT CHARLES MAREC",49.10068,6.18881,Plein jour,En agglomération,Hors intersection,Normale,Autre collision,,,,,,,,,,,1,2,1,1.0,6.0
201800029056,0018-03-28 16:10:00,18,3,28,16,10,570,751,"63, THIONVILLE (AVENUE )",49.14968,6.15957,Plein jour,En agglomération,Hors intersection,Pluie légère,Autre collision,,,,,,,,,,,1,2,1,2.0,6.0
201800029057,0018-03-28 17:40:00,18,3,28,17,40,570,487,"55, JOUY (ROUTE DE )",49.09349,6.13232,Plein jour,En agglomération,Hors intersection,Pluie légère,Autre collision,,,,,,,,,,,1,2,1,2.0,6.0
201800029058,0018-03-29 18:15:00,18,3,29,18,15,570,463,"29, VICTOR HUGO (RUE )",49.10052,6.20033,Plein jour,En agglomération,Hors intersection,Normale,Deux véhicules - côté,,,,,,,,,,,1,2,1,1.0,3.0
201800029059,0018-04-17 17:25:00,18,4,17,17,25,570,463,ROBERT SCHUMAN (AVENUE ),49.11056,6.17065,Plein jour,En agglomération,Hors intersection,Normale,Autre collision,,,,,,,,,,,1,2,1,1.0,6.0
201800029060,0018-05-22 20:50:00,18,5,22,20,50,570,463,NEUFBOURG (RUE DU ),49.11313,6.17767,Crépuscule ou aube,En agglomération,Intersection en T,Normale,Autre collision,,,,,,,,,,,2,2,3,1.0,6.0
201800029061,0018-06-08 20:30:00,18,6,8,20,30,570,463,SAINT LOUIS (PLACE ),49.10991,6.22274,Crépuscule ou aube,En agglomération,Place,Normale,Autre collision,,,,,,,,,,,2,2,7,1.0,6.0
201800029062,0018-06-12 19:20:00,18,6,12,19,20,570,463,R AMALAIRE,49.09863,6.17956,Plein jour,En agglomération,Hors intersection,Normale,Autre collision,,,,,,,,,,,1,2,1,1.0,6.0
201800029063,0018-06-13 15:35:00,18,6,13,15,35,570,463,LAVOIR (RUE DU ),49.09641,6.17568,Plein jour,En agglomération,Intersection en X,Normale,Deux véhicules - côté,,,,,,,,,,,1,2,2,1.0,3.0
201800029064,0018-06-20 13:05:00,18,6,20,13,5,570,463,SENTE A MY (RUE ),49.10443,6.17806,Plein jour,En agglomération,Intersection en T,Normale,Autre collision,,,,,,,,,,,1,2,3,1.0,6.0
201800029065,0018-06-23 17:35:00,18,6,23,17,35,570,447,ECOLES (RUE DES),49.05906,6.15616,Plein jour,En agglomération,Intersection en T,Normale,Deux véhicules - côté,,,,,,,,,,,1,2,3,1.0,3.0
201800029066,0018-07-14 00:30:00,18,7,14,0,30,570,463,VOIE RAPIDE EST,49.11816,6.21759,Nuit sans éclairage public,En agglomération,Hors intersection,Normale,Deux véhicules - arrière,,,,,,,,,,,3,2,1,1.0,2.0
201800029067,0018-07-22 22:09:00,18,7,22,22,9,570,463,LAFAYETTE (RUE ),49.10726,6.1718,Nuit avec éclairage allumé,En agglomération,Intersection en X,Normale,Deux véhicules - frontale,,,,,,,,,,,5,2,2,1.0,1.0
201800029068,0018-08-05 05:25:00,18,8,5,5,25,570,463,FORT GAMBETTA (RUE DU ),49.13187,6.1803,Plein jour,En agglomération,Hors intersection,Temps éblouissant,Deux véhicules - arrière,,,,,,,,,,,1,2,1,7.0,2.0
201800029069,0018-09-17 06:50:00,18,9,17,6,50,570,463,MONSEIGNEUR HEINTZ (RUE,49.09891,6.15878,Plein jour,En agglomération,Autre intersection,Normale,Autre collision,,,,,,,,,,,1,2,9,1.0,6.0
201800029070,0018-10-24 07:20:00,18,10,24,7,20,570,463,SAINT PIERRE (RUE ),49.10545,6.17433,Crépuscule ou aube,En agglomération,Giratoire,Pluie légère,Deux véhicules - arrière,,,,,,,,,,,2,2,6,2.0,2.0
201800029071,0018-10-25 19:10:00,18,10,25,19,10,570,463,AMPHITHEATRE (AVENUE DE,49.1111,6.18412,Nuit sans éclairage public,En agglomération,Hors intersection,Normale,Deux véhicules - côté,,,,,,,,,,,3,2,1,1.0,3.0
201800029072,0018-11-24 16:55:00,18,11,24,16,55,570,480,GENERAL FRANIATTE (RUE D,49.0903,6.15421,Plein jour,En agglomération,Hors intersection,Normale,Deux véhicules - côté,,,,,,,,,,,1,2,1,1.0,3.0
201800029073,0018-12-17 17:20:00,18,12,17,17,20,570,412,SAINT SYMPHORIEN (BOULEV,49.11229,6.16257,Nuit avec éclairage allumé,En agglomération,Hors intersection,Pluie légère,Deux véhicules - côté,,,,,,,,,,,5,2,1,2.0,3.0
201800029074,0018-12-22 19:45:00,18,12,22,19,45,570,463,ESTREES (RUE D' ),49.1197,6.17504,Nuit avec éclairage allumé,En agglomération,Hors intersection,Normale,Trois véhicules et plus - collisions multiples,,,,,,,,,,,5,2,1,1.0,5.0
201800029075,0018-10-22 08:00:00,18,10,22,8,0,570,487,R DE TOURAINE,49.09723,6.13551,Crépuscule ou aube,En agglomération,Hors intersection,Normale,Autre collision,,,,,,,,,,,2,2,1,1.0,6.0
201800029076,0018-10-18 06:36:00,18,10,18,6,36,570,463,AV DE LATTRE DE TASSIGNY,49.10883,6.16649,Nuit avec éclairage allumé,En agglomération,Hors intersection,Normale,Autre collision,,,,,,,,,,,5,2,1,1.0,6.0
201800029077,0018-04-30 13:45:00,18,4,30,13,45,570,630,R DU STADE,48.72729,7.04857,Plein jour,En agglomération,Intersection en T,Normale,Deux véhicules - frontale,,,,,,,,,,,1,2,3,1.0,1.0
201800029078,0018-05-05 14:50:00,18,5,5,14,50,570,630,DIVISION LECLERC,48.7352,7.06047,Plein jour,En agglomération,Giratoire,Normale,Deux véhicules - côté,,,,,,,,,,,1,2,6,1.0,3.0
201800029079,0018-06-25 16:04:00,18,6,25,16,4,570,630,REDING (ROUTE),48.74507,7.07961,Plein jour,Hors agglomération,Hors intersection,Normale,Autre collision,,,,,,,,,,,1,1,1,1.0,6.0
201800029080,0018-09-01 18:41:00,18,9,1,18,41,570,630,DOLVING,48.74621,7.03571,Plein jour,En agglomération,Hors intersection,Normale,Sans collision,,,,,,,,,,,1,2,1,1.0,7.0
201800029081,0018-09-25 12:13:00,18,9,25,12,13,570,630,GAULLE (AV GAL DE),48.72908,7.04969,Plein jour,En agglomération,Intersection en T,Temps éblouissant,Deux véhicules - côté,,,,,,,,,,,1,2,3,7.0,3.0
201800029082,0018-09-27 19:45:00,18,9,27,19,45,570,630,PHALSBOURG,48.73919,7.0679,Nuit avec éclairage allumé,En agglomération,Autre intersection,Normale,Deux véhicules - frontale,,,,,,,,,,,5,2,9,1.0,1.0
201800029083,0018-10-01 11:45:00,18,10,1,11,45,570,119,RD45,48.73571,7.0812,Plein jour,Hors agglomération,Hors intersection,Temps couvert,Autre collision,,,,,,,,,,,1,1,1,8.0,6.0
201800029084,0018-12-14 23:30:00,18,12,14,23,30,570,631,SARREINSMING (RUE DE) F3,49.11358,7.0984,Nuit avec éclairage allumé,En agglomération,Hors intersection,Normale,Autre collision,,,,,,,,,,,5,2,1,1.0,6.0
201800029085,0018-06-09 01:00:00,18,6,9,1,0,570,631,CANAL (RUE DU CANAL),49.11424,7.04783,Nuit sans éclairage public,En agglomération,Hors intersection,Normale,Sans collision,,,,,,,,,,,3,2,1,1.0,7.0
201800029086,0018-11-03 13:45:00,18,11,3,13,45,570,631,BARBE (RUE SAINTE),49.11708,7.1193,Plein jour,En agglomération,Hors intersection,Normale,Autre collision,,,,,,,,,,,1,2,1,1.0,6.0
201800029087,0018-08-17 14:10:00,18,8,17,14,10,570,631,R DU CANAL,49.11403,7.04799,Plein jour,En agglomération,Hors intersection,Normale,Sans collision,,,,,,,,,,,1,2,1,1.0,7.0
201800029088,0018-01-02 17:25:00,18,1,2,17,25,570,306,"1, MARNE (RUE DE LA)",49.33063,6.05981,Nuit avec éclairage allumé,En agglomération,Hors intersection,Pluie légère,Autre collision,,,,,,,,,,,5,2,1,2.0,6.0
201800029089,0018-01-10 11:30:00,18,1,10,11,30,570,672,"16, MILLIAIRE (BOUCLE DE",49.35703,6.14868,Plein jour,En agglomération,Hors intersection,Normale,Autre collision,,,,,,,,,,,1,2,1,1.0,6.0
201800029090,0018-01-18 07:40:00,18,1,18,7,40,570,672,"14, AVENUE ALBERT 1ER",49.36126,6.17025,Nuit avec éclairage allumé,En agglomération,Hors intersection,Pluie légère,Autre collision,,,,,,,,,,,5,2,1,2.0,6.0
201800029091,0018-01-23 19:30:00,18,1,23,19,30,570,672,1 CHAUSSEE D OCEANIE,49.37013,6.16171,Nuit avec éclairage allumé,En agglomération,Hors intersection,Pluie légère,Autre collision,,,,,,,,,,,5,2,1,2.0,6.0
201800029092,0018-02-06 19:50:00,18,2,6,19,50,570,441,"1, MONDORFF (ROUTE DE)",49.38541,6.1802,Nuit sans éclairage public,Hors agglomération,Hors intersection,Normale,Autre collision,,,,,,,,,,,3,1,1,1.0,6.0
201800029093,0018-02-13 11:50:00,18,2,13,11,50,570,221,CENTRALE (RUE DE LA),49.32248,6.1141,Plein jour,En agglomération,Hors intersection,Normale,Autre collision,,,,,,,,,,,1,2,1,1.0,6.0
201800029094,0018-02-16 10:15:00,18,2,16,10,15,570,757,"1, POITIERS (RUE DE)",49.36513,6.20412,Plein jour,En agglomération,Hors intersection,Normale,Deux véhicules - côté,,,,,,,,,,,1,2,1,1.0,3.0
201800029095,0018-02-16 17:20:00,18,2,16,17,20,570,672,"1, LIBERTE (PLACE DE LA)",49.36002,6.16245,Plein jour,En agglomération,Place,Normale,Autre collision,,,,,,,,,,,1,2,7,1.0,6.0
201800029096,0018-03-15 19:42:00,18,3,15,19,42,570,672,"1, GARE (PLACE DE LA)",49.35483,6.17005,Nuit avec éclairage allumé,En agglomération,Hors intersection,Normale,Autre collision,,,,,,,,,,,5,2,1,1.0,6.0
201800029097,0018-03-17 15:27:00,18,3,17,15,27,570,757,"1, INDUSTRIE (RUE DE L')",49.36962,6.20809,Plein jour,En agglomération,Hors intersection,Normale,Autre collision,,,,,,,,,,,1,2,1,1.0,6.0
201800029098,0018-03-28 18:15:00,18,3,28,18,15,570,672,"1, EUROPE (CHAUSSEE D')",49.35623,6.14352,Plein jour,En agglomération,Hors intersection,Pluie légère,Autre collision,,,,,,,,,,,1,2,1,2.0,6.0
201800029099,0018-04-04 23:40:00,18,4,4,23,40,570,508,FOCH (RUE),49.3378,6.04586,Nuit avec éclairage allumé,En agglomération,Intersection en T,Normale,Autre collision,,,,,,,,,,,5,2,3,1.0,6.0
201800029100,0018-04-19 17:08:00,18,4,19,17,8,570,672,STRASBOURG (RUE DE),49.35675,6.16062,Plein jour,En agglomération,Hors intersection,Normale,Autre collision,,,,,,,,,,,1,2,1,1.0,6.0
201800029101,0018-04-22 13:20:00,18,4,22,13,20,570,757,Nations (Avenue),49.36522,6.20394,Plein jour,En agglomération,Intersection en T,Normale,Autre collision,,,,,,,,,,,1,2,3,1.0,6.0
201800029102,0018-04-22 15:10:00,18,4,22,15,10,570,221,SAINTE-AGATHE (RUE),49.32,6.12519,Plein jour,En agglomération,Hors intersection,Normale,Deux véhicules - frontale,,,,,,,,,,,1,2,1,1.0,1.0
201800029103,0018-04-27 22:35:00,18,4,27,22,35,570,368,RIMMEL (RUE VICTOR),49.34206,6.02071,Nuit avec éclairage allumé,En agglomération,Hors intersection,Normale,Autre collision,,,,,,,,,,,5,2,1,1.0,6.0
201800029104,0018-04-28 06:47:00,18,4,28,6,47,570,221,D 13,49.344,6.11481,Crépuscule ou aube,En agglomération,Hors intersection,Normale,Sans collision,,,,,,,,,,,2,2,1,1.0,7.0
201800029105,0018-05-05 18:30:00,18,5,5,18,30,570,672,SAINT-HUBERT (RUE),49.36844,6.15675,Plein jour,En agglomération,Hors intersection,Normale,Autre collision,,,,,,,,,,,1,2,1,1.0,6.0
201800029106,0018-05-25 19:38:00,18,5,25,19,38,570,757,FORT (RUE DU),49.33876,6.18115,Plein jour,Hors agglomération,Hors intersection,Normale,Autre collision,,,,,,,,,,,1,1,1,1.0,6.0
201800029107,0018-05-26 17:25:00,18,5,26,17,25,570,672,ROMAINS (ROUTE DES),49.35736,6.1369,Plein jour,En agglomération,Hors intersection,Normale,Deux véhicules - arrière,,,,,,,,,,,1,2,1,1.0,2.0
201800029108,0018-05-27 09:35:00,18,5,27,9,35,570,672,GENERAL DE CASTELNAU (RU,49.35491,6.16323,Plein jour,En agglomération,Hors intersection,Normale,Autre collision,,,,,,,,,,,1,2,1,1.0,6.0
201800029109,0018-05-27 18:10:00,18,5,27,18,10,570,672,CLEMENCEAU (AVENUE) 33+,49.36071,6.16716,Plein jour,En agglomération,Intersection en X,Normale,Sans collision,,,,,,,,,,,1,2,2,1.0,7.0
201800029110,0018-05-29 09:25:00,18,5,29,9,25,570,508,SAINT-JACQUES (RUE),49.3337,6.05028,Plein jour,En agglomération,Hors intersection,Normale,Deux véhicules - arrière,,,,,,,,,,,1,2,1,1.0,2.0
201800029111,0018-05-31 15:32:00,18,5,31,15,32,570,672,MERLIN (AVENUE) - PAIR,49.0,6.0,Plein jour,En agglomération,Hors intersection,Normale,Autre collision,,,,,,,,,,,1,2,1,1.0,6.0
201800029112,0018-06-04 09:20:00,18,6,4,9,20,570,672,MARIE-LOUISE (PLACE),49.35493,6.15995,Plein jour,En agglomération,Hors intersection,Normale,Autre collision,,,,,,,,,,,1,2,1,1.0,6.0
201800029113,0018-06-15 17:50:00,18,6,15,17,50,570,672,METZ (ROUTE DE),49.33905,6.15938,Plein jour,Hors agglomération,Hors intersection,Normale,Deux véhicules - frontale,,,,,,,,,,,1,1,1,1.0,1.0
201800029114,0018-06-23 16:40:00,18,6,23,16,40,570,672,METZ (ROUTE DE),49.34262,6.16083,Plein jour,En agglomération,Hors intersection,Normale,Deux véhicules - côté,,,,,,,,,,,1,2,1,1.0,3.0
201800029115,0018-06-26 16:10:00,18,6,26,16,10,570,672,GARCHE (ROUTE DE),49.39556,6.19593,Plein jour,En agglomération,Hors intersection,Normale,Deux véhicules - frontale,,,,,,,,,,,1,2,1,1.0,1.0
201800029116,0018-06-27 12:20:00,18,6,27,12,20,570,757,GENERAL DE GAULLE (RUE D,49.36019,6.20005,Plein jour,En agglomération,Hors intersection,Normale,Autre collision,,,,,,,,,,,1,2,1,1.0,6.0
201800029117,0018-06-30 11:17:00,18,6,30,11,17,570,666,FORGERON (RUE DU),49.3539,6.13256,Plein jour,En agglomération,Hors intersection,Normale,Deux véhicules - frontale,,,,,,,,,,,1,2,1,1.0,1.0
201800029118,0018-07-03 13:07:00,18,7,3,13,7,570,757,ILLANGE (ROUTE D'),49.35247,6.17517,Plein jour,En agglomération,Hors intersection,Normale,Autre collision,,,,,,,,,,,1,2,1,1.0,6.0
201800029119,0018-07-05 20:17:00,18,7,5,20,17,570,306,VERDUN (RUE DE),49.32532,6.04886,Plein jour,En agglomération,Hors intersection,Pluie légère,Sans collision,,,,,,,,,,,1,2,1,2.0,7.0
201800029120,0018-07-08 00:14:00,18,7,8,0,14,570,672,22 R DE VERDUN,49.3494,6.158,Nuit avec éclairage allumé,En agglomération,Intersection en T,Normale,Deux véhicules - côté,,,,,,,,,,,5,2,3,1.0,3.0
201800029121,0018-07-11 19:34:00,18,7,11,19,34,570,647,SAINT NICOLAS EN FORET (,49.31696,6.08254,Plein jour,En agglomération,Intersection en T,Normale,Deux véhicules - côté,,,,,,,,,,,1,2,3,1.0,3.0
201800029122,0018-07-12 18:50:00,18,7,12,18,50,570,221,LORRAINE (AVENUE DE),49.32672,6.12779,Plein jour,En agglomération,Intersection en X,Temps éblouissant,Deux véhicules - côté,,,,,,,,,,,1,2,2,7.0,3.0
201800029123,0018-07-15 19:45:00,18,7,15,19,45,570,221,PORT (RUE DU),49.32715,6.15215,Crépuscule ou aube,En agglomération,Hors intersection,Pluie légère,Autre collision,,,,,,,,,,,2,2,1,2.0,6.0
201800029124,0018-07-18 18:30:00,18,7,18,18,30,570,306,CAPUCINES (RUE DES),49.35254,6.06713,Plein jour,En agglomération,Hors intersection,Normale,Autre collision,,,,,,,,,,,1,2,1,1.0,6.0
201800029125,0018-07-27 12:25:00,18,7,27,12,25,570,672,METZ (ROUTE DE),49.34505,6.16126,Plein jour,En agglomération,Hors intersection,Normale,Autre collision,,,,,,,,,,,1,2,1,1.0,6.0
201800029126,0018-08-17 18:00:00,18,8,17,18,0,570,221,D 13,49.34267,6.10928,Plein jour,Hors agglomération,Giratoire,Normale,Deux véhicules - côté,,,,,,,,,,,1,1,6,1.0,3.0
201800029127,0018-08-18 17:30:00,18,8,18,17,30,570,666,D13,49.34432,6.11532,Plein jour,Hors agglomération,Giratoire,Normale,Deux véhicules - côté,,,,,,,,,,,1,1,6,1.0,3.0
201800029128,0018-08-23 15:39:00,18,8,23,15,39,570,306,MENDES FRANCE (RUE PIERR,49.33301,6.07531,Plein jour,En agglomération,Hors intersection,Normale,Autre collision,,,,,,,,,,,1,2,1,1.0,6.0
201800029129,0018-08-26 16:04:00,18,8,26,16,4,570,672,ARLON (ROUTE D'),49.37674,6.09607,Plein jour,Hors agglomération,Hors intersection,Normale,Autre collision,,,,,,,,,,,1,1,1,1.0,6.0
201800029130,0018-09-03 09:17:00,18,9,3,9,17,570,672,ESCH SUR ALZETTE (ROUTE,49.35736,6.13747,Plein jour,Hors agglomération,Hors intersection,Normale,Autre collision,,,,,,,,,,,1,1,1,1.0,6.0
201800029131,0018-09-03 09:26:00,18,9,3,9,26,570,672,CHATEAU JEANNOT (RUE) -,49.36644,6.1531,Plein jour,En agglomération,Autre intersection,Normale,Autre collision,,,,,,,,,,,1,2,9,1.0,6.0
201800029132,0018-09-12 08:00:00,18,9,12,8,0,570,221,VERDUN (RUE DE),49.32203,6.11292,Plein jour,En agglomération,Hors intersection,Normale,Autre collision,,,,,,,,,,,1,2,1,1.0,6.0
201800029133,0018-09-12 20:55:00,18,9,12,20,55,570,757,ROOSEVELT (RUE DU PRESID,49.34807,6.19357,Plein jour,En agglomération,Intersection en X,Normale,Deux véhicules - côté,,,,,,,,,,,1,2,2,1.0,3.0
201800029134,0018-09-15 11:25:00,18,9,15,11,25,570,672,AFRIQUE (CHAUSSEE D') -,49.35841,6.14441,Plein jour,En agglomération,Hors intersection,Normale,Autre collision,,,,,,,,,,,1,2,1,1.0,6.0
201800029135,0018-10-02 12:16:00,18,10,2,12,16,570,306,VOSGES (RUE DES),49.31436,6.07804,Plein jour,En agglomération,Hors intersection,Temps couvert,Autre collision,,,,,,,,,,,1,2,1,8.0,6.0
201800029136,0018-10-05 08:35:00,18,10,5,8,35,570,672,ROBERT SCHUMANN (BOULEVA,49.3551,6.17131,Plein jour,En agglomération,Hors intersection,Normale,Autre collision,,,,,,,,,,,1,2,1,1.0,6.0
201800029137,0018-10-17 14:10:00,18,10,17,14,10,570,672,GENERAL DE CASTELNAU (RU,49.35414,6.16116,Plein jour,En agglomération,Intersection en T,Normale,Deux véhicules - côté,,,,,,,,,,,1,2,3,1.0,3.0
201800029138,0018-10-17 16:15:00,18,10,17,16,15,570,672,COURONNE (RUE DE LA),49.35331,6.71568,Plein jour,En agglomération,Hors intersection,Normale,Deux véhicules - arrière,,,,,,,,,,,1,2,1,1.0,2.0