accident_id,datetime,annee,mois,jour,heure,minute,departement,commune_insee,adresse,latitude,longitude,luminosite,agglomeration,intersection,meteo,collision,nb_vehicules,nb_usagers,nb_indemnes,nb_tues,nb_blesses_hosp,nb_blesses_legers,age_cond_1,age_cond_2,veh_type_cond_1,veh_type_cond_2,lum_code,agg_code,int_code,atm_code,col_code
201800029139,0018-11-02 16:50:00,18,11,2,16,50,570,221,ETOILE (RUE DE L'),49.33868,6.11282,Crépuscule ou aube,Hors agglomération,Hors intersection,Pluie légère,Deux véhicules - frontale,,,,,,,,,,,2,1,1,2.0,1.0
201800029140,0018-11-09 21:16:00,18,11,9,21,16,570,672,CLEMENCEAU (AVENUE) 1 A,49.35928,6.16986,Nuit avec éclairage allumé,En agglomération,Hors intersection,Pluie légère,Autre collision,,,,,,,,,,,5,2,1,2.0,6.0
201800029141,0018-11-18 20:30:00,18,11,18,20,30,570,672,CREVE COEUR (RUE DU),49.37612,6.14581,Nuit avec éclairage allumé,En agglomération,Hors intersection,Normale,Autre collision,,,,,,,,,,,5,2,1,1.0,6.0
201800029142,0018-11-24 18:21:00,18,11,24,18,21,570,221,NATIONALE (RUE),49.3177,6.11305,Nuit avec éclairage allumé,En agglomération,Intersection en X,Pluie légère,Deux véhicules - côté,,,,,,,,,,,5,2,2,2.0,3.0
201800029143,0018-11-30 13:45:00,18,11,30,13,45,570,672,REPUBLIQUE (PLACE DE LA),49.35598,6.16393,Plein jour,En agglomération,Hors intersection,Normale,Deux véhicules - côté,,,,,,,,,,,1,2,1,1.0,3.0
201800029144,0018-12-08 11:50:00,18,12,8,11,50,570,508,FOCH (RUE),49.34009,6.04922,Plein jour,En agglomération,Hors intersection,Normale,Deux véhicules - arrière,,,,,,,,,,,1,2,1,1.0,2.0
201800029145,0018-12-11 06:05:00,18,12,11,6,5,570,306,METROPOLE (AVENUE DE LA),49.35073,6.06523,Nuit avec éclairage allumé,Hors agglomération,Hors intersection,Temps couvert,Deux véhicules - frontale,,,,,,,,,,,5,1,1,8.0,1.0
201800029146,0018-12-12 22:50:00,18,12,12,22,50,570,672,BUCHEL (ROUTE DU),49.36095,6.1072,Nuit avec éclairage allumé,En agglomération,Hors intersection,Normale,Autre collision,,,,,,,,,,,5,2,1,1.0,6.0
201800029147,0018-12-17 20:30:00,18,12,17,20,30,570,12,FOCH (RUE),49.36121,6.05027,Nuit avec éclairage allumé,En agglomération,Hors intersection,Normale,Autre collision,,,,,,,,,,,5,2,1,1.0,6.0
201800029148,0018-12-19 17:25:00,18,12,19,17,25,570,672,ALBERT 1ER (AVENUE) - IM,49.36527,6.16858,Nuit avec éclairage allumé,En agglomération,Intersection en T,Pluie légère,Deux véhicules - côté,,,,,,,,,,,5,2,3,2.0,3.0
201800029149,0018-02-05 20:00:00,18,2,5,20,0,450,187,les Barres,47.87728,2.47427,Nuit sans éclairage public,Hors agglomération,Hors intersection,Neige / grêle,Deux véhicules - frontale,,,,,,,,,,,3,1,1,4.0,1.0
201800029150,0018-02-27 19:15:00,18,2,27,19,15,450,187,D88,47.87791,2.48196,Nuit sans éclairage public,Hors agglomération,Hors intersection,Normale,Autre collision,,,,,,,,,,,3,1,1,1.0,6.0
201800029151,0018-03-17 14:30:00,18,3,17,14,30,450,187,Lieu-dit La Cochonnerie,47.87455,2.49238,Plein jour,Hors agglomération,Hors intersection,Normale,Autre collision,,,,,,,,,,,1,1,1,1.0,6.0
201800029152,0018-04-19 08:15:00,18,4,19,8,15,450,247,440 R de la Charbonniere,48.00276,2.70418,Plein jour,En agglomération,Hors intersection,Normale,Autre collision,,,,,,,,,,,1,2,1,1.0,6.0
201800029153,0018-05-19 14:05:00,18,5,19,14,5,450,293,D2160/chemin halage,47.98821,2.63777,Plein jour,Hors agglomération,Intersection en X,Normale,Deux véhicules - côté,,,,,,,,,,,1,1,2,1.0,3.0
201800029154,0018-06-02 17:00:00,18,6,2,17,0,450,31,15 avenue nicolas braque,47.98858,2.44652,Plein jour,En agglomération,Hors intersection,Normale,Sans collision,,,,,,,,,,,1,2,1,1.0,7.0
201800029155,0018-06-29 09:10:00,18,6,29,9,10,450,66,D38 - 2 + 100,47.93786,2.55168,Plein jour,Hors agglomération,Hors intersection,Normale,Deux véhicules - côté,,,,,,,,,,,1,1,1,1.0,3.0
201800029156,0018-07-23 19:00:00,18,7,23,19,0,450,293,D2160,47.97579,2.62143,Plein jour,Hors agglomération,Hors intersection,Normale,Autre collision,,,,,,,,,,,1,1,1,1.0,6.0
201800029157,0018-09-23 19:25:00,18,9,23,19,25,450,187,D88 PR14+200,47.87851,2.49131,Plein jour,Hors agglomération,Hors intersection,Pluie légère,Autre collision,,,,,,,,,,,1,1,1,2.0,6.0
201800029158,0018-10-15 19:45:00,18,10,15,19,45,450,107,"D44, PK 028+230",47.9151,2.47026,Nuit sans éclairage public,Hors agglomération,Hors intersection,Normale,Autre collision,,,,,,,,,,,3,1,1,1.0,6.0
201800029159,0018-11-22 08:30:00,18,11,22,8,30,450,213,ROUTE DE LORRIS,47.86621,2.5557,Plein jour,En agglomération,Intersection en T,Brouillard / fumée,Deux véhicules - frontale,,,,,,,,,,,1,2,3,5.0,1.0
201800029160,0018-11-24 11:25:00,18,11,24,11,25,450,66,Intersection RD38/RD39,47.94226,2.5546,Plein jour,Hors agglomération,Intersection en X,Normale,Deux véhicules - côté,,,,,,,,,,,1,1,2,1.0,3.0
201800029161,0018-05-30 20:10:00,18,5,30,20,10,201,349,"T40, face rue Trevole",41.66863,8.92117,Crépuscule ou aube,En agglomération,Hors intersection,Normale,Deux véhicules - arrière,,,,,,,,,,,2,2,1,1.0,2.0
201800029162,0018-08-25 15:15:00,18,8,25,15,15,201,191,D69 - lieu dit FURSINA,41.66249,9.00912,Plein jour,Hors agglomération,Hors intersection,Normale,Deux véhicules - frontale,,,,,,,,,,,1,1,1,1.0,1.0
201800029163,0018-09-11 09:45:00,18,9,11,9,45,201,362,D368,41.74942,9.19522,Plein jour,Hors agglomération,Hors intersection,Normale,Deux véhicules - côté,,,,,,,,,,,1,1,1,1.0,3.0
201800029164,0018-09-22 05:15:00,18,9,22,5,15,201,362,lieu dit Cavanello,41.70136,9.18839,Nuit sans éclairage public,Hors agglomération,Hors intersection,Normale,Autre collision,,,,,,,,,,,3,1,1,1.0,6.0
201800029165,0018-10-01 12:36:00,18,10,1,12,36,201,357,RD69,41.74834,9.0678,Plein jour,Hors agglomération,Hors intersection,Normale,Deux véhicules - frontale,,,,,,,,,,,1,1,1,1.0,1.0
201800029166,0018-01-28 01:30:00,18,1,28,1,30,330,447,17 laveau.,45.01523,-0.06873,Nuit sans éclairage public,En agglomération,Hors intersection,Brouillard / fumée,Autre collision,,,,,,,,,,,3,2,1,5.0,6.0
201800029167,0018-03-14 07:15:00,18,3,14,7,15,330,478,RD123 PR13+465 réel.,45.01136,-0.00161,Crépuscule ou aube,En agglomération,Passage à niveau,Normale,Autre collision,,,,,,,,,,,2,2,8,1.0,6.0
201800029168,0018-04-13 16:45:00,18,4,13,16,45,330,243,D910E4 AV FOCH,44.9226,-0.24143,Plein jour,En agglomération,Hors intersection,Normale,Trois véhicules et plus - collisions multiples,,,,,,,,,,,1,2,1,1.0,5.0
201800029169,0018-07-02 04:45:00,18,7,2,4,45,330,332,lieu dit rangeard,45.03438,-0.01071,Nuit sans éclairage public,Hors agglomération,Hors intersection,Pluie forte,Deux véhicules - frontale,,,,,,,,,,,3,1,1,3.0,1.0
201800029170,0018-09-01 19:00:00,18,9,1,19,0,330,154,lieudit chateau gaillard,45.0789,-0.04026,Plein jour,Hors agglomération,Intersection en X,Normale,Deux véhicules - côté,,,,,,,,,,,1,1,2,1.0,3.0
201800029171,0018-10-15 19:00:00,18,10,15,19,0,330,315,VC Pont de Malibeau,45.07769,-0.06976,Crépuscule ou aube,Hors agglomération,Hors intersection,Temps couvert,Deux véhicules - frontale,,,,,,,,,,,2,1,1,8.0,1.0
201800029172,0018-11-08 12:30:00,18,11,8,12,30,330,385,D 121,45.06262,0.02158,Plein jour,Hors agglomération,Hors intersection,Normale,Autre collision,,,,,,,,,,,1,1,1,1.0,6.0
201800029173,0018-11-15 07:30:00,18,11,15,7,30,330,138,RD 10 PR 5+674 réel.,45.0345,-0.02828,Crépuscule ou aube,Hors agglomération,Hors intersection,Autre,Deux véhicules - frontale,,,,,,,,,,,2,1,1,9.0,1.0
201800029174,0018-01-19 09:20:00,18,1,19,9,20,110,254,Autoroute A61 P.K. 308+1,43.22664,2.15215,Plein jour,Hors agglomération,Hors intersection,Pluie légère,Deux véhicules - côté,,,,,,,,,,,1,1,1,2.0,3.0
201800029175,0018-03-20 22:22:00,18,3,20,22,22,110,261,RD 6113,43.18969,2.64466,Nuit sans éclairage public,Hors agglomération,Hors intersection,Vent fort / tempête,Deux véhicules - frontale,,,,,,,,,,,3,1,1,6.0,1.0
201800029176,0018-03-22 00:10:00,18,3,22,0,10,110,69,Autoroute A61 PK 329+730,43.19566,2.42234,Nuit sans éclairage public,Hors agglomération,Hors intersection,Normale,Deux véhicules - arrière,,,,,,,,,,,3,1,1,1.0,2.0
201800029177,0018-08-12 14:10:00,18,8,12,14,10,110,69,A61 PK 329.000,43.19443,2.41914,Plein jour,Hors agglomération,Hors intersection,Normale,Autre collision,,,,,,,,,,,1,1,1,1.0,6.0
201800029178,0018-08-27 02:20:00,18,8,27,2,20,110,69,A 61 PK 322+800,43.19324,2.34239,Nuit sans éclairage public,Hors agglomération,Hors intersection,Normale,Autre collision,,,,,,,,,,,3,1,1,1.0,6.0
201800029179,0018-09-10 11:00:00,18,9,10,11,0,110,98,"A61 PK355.800, sens Narb",43.16771,2.72707,Plein jour,Hors agglomération,Hors intersection,Normale,Deux véhicules - arrière,,,,,,,,,,,1,1,1,1.0,2.0
201800029180,0018-09-17 13:50:00,18,9,17,13,50,110,261,A61 PK 350.500,43.17432,2.64654,Plein jour,Hors agglomération,Hors intersection,Normale,Autre collision,,,,,,,,,,,1,1,1,1.0,6.0
201800029181,0018-08-18 19:30:00,18,8,18,19,30,570,365,RD 855,49.40208,6.41588,Plein jour,Hors agglomération,Intersection en X,Normale,Deux véhicules - arrière,,,,,,,,,,,1,1,2,1.0,2.0
201800029182,0018-09-19 07:20:00,18,9,19,7,20,570,604,rue de l'europe,49.44825,6.36984,Crépuscule ou aube,En agglomération,Intersection en T,Normale,Autre collision,,,,,,,,,,,2,2,3,1.0,6.0
201800029183,0018-01-26 09:35:00,18,1,26,9,35,860,297,lieu-dit    CHANTELOUP,46.54583,0.25841,Plein jour,En agglomération,Giratoire,Normale,Deux véhicules - côté,,,,,,,,,,,1,2,6,1.0,3.0
201800029184,0018-03-25 07:15:00,18,3,25,7,15,860,297,D3,46.55232,0.23765,Nuit sans éclairage public,Hors agglomération,Hors intersection,Normale,Autre collision,,,,,,,,,,,3,1,1,1.0,6.0
201800029185,0018-04-17 12:20:00,18,4,17,12,20,860,121,D93,46.61891,0.08672,Plein jour,Hors agglomération,Intersection en X,Normale,Sans collision,,,,,,,,,,,1,1,2,1.0,7.0
201800029186,0018-04-19 18:00:00,18,4,19,18,0,860,100,rue de  chaumont RD87,46.53594,0.2775,Plein jour,En agglomération,Hors intersection,Normale,Deux véhicules - frontale,,,,,,,,,,,1,2,1,1.0,1.0
201800029187,0018-05-10 11:15:00,18,5,10,11,15,860,76,"N149, au carrefour QUINÇ",46.63444,0.229,Plein jour,Hors agglomération,Intersection en X,Normale,Deux véhicules - côté,,,,,,,,,,,1,1,2,1.0,3.0
201800029188,0018-07-06 20:00:00,18,7,6,20,0,860,74,intersection rue vendelo,46.65469,0.11118,Nuit sans éclairage public,Hors agglomération,Intersection en X,Normale,Deux véhicules - côté,,,,,,,,,,,3,1,2,1.0,3.0
201800029189,0018-09-07 09:30:00,18,9,7,9,30,860,123,D27,46.58512,0.11033,Plein jour,Hors agglomération,Intersection en X,Normale,Deux véhicules - côté,,,,,,,,,,,1,1,2,1.0,3.0
201800029190,0018-10-20 20:40:00,18,10,20,20,40,860,294,RN 149 PK 14+300,46.64755,0.16236,Nuit avec éclairage allumé,Hors agglomération,Hors intersection,Normale,Deux véhicules - côté,,,,,,,,,,,5,1,1,1.0,3.0
201800029191,0018-01-09 07:50:00,18,1,9,7,50,580,194,"sans, MARECHAL LYAUTEY",46.99354,3.12671,Plein jour,En agglomération,Intersection en T,Pluie légère,Deux véhicules - côté,,,,,,,,,,,1,2,3,2.0,3.0
201800029192,0018-01-12 14:20:00,18,1,12,14,20,580,194,"SANS, MARINIERS (QUAI)",46.98396,3.15491,Plein jour,En agglomération,Hors intersection,Normale,Deux véhicules - arrière,,,,,,,,,,,1,2,1,1.0,2.0
201800029193,0018-01-30 19:55:00,18,1,30,19,55,580,194,"sans, COLBERT",46.99,3.15,Nuit avec éclairage allumé,En agglomération,Intersection en T,Pluie légère,Deux véhicules - côté,,,,,,,,,,,5,2,3,2.0,3.0
201800029194,0018-02-07 09:05:00,18,2,7,9,5,580,194,"6 BIS, PETIT MOUESSE",46.98911,3.17118,Plein jour,En agglomération,Hors intersection,Neige / grêle,Deux véhicules - côté,,,,,,,,,,,1,2,1,4.0,3.0
201800029195,0018-02-06 08:00:00,18,2,6,8,0,580,194,"25, JEROME TRESAGUET",46.99,3.15,Plein jour,En agglomération,Hors intersection,Neige / grêle,Deux véhicules - arrière,,,,,,,,,,,1,2,1,4.0,2.0
201800029196,0018-02-16 19:20:00,18,2,16,19,20,580,194,"SANS, CHAMP DE FOIRE (PL",46.98828,3.14457,Nuit sans éclairage public,En agglomération,Hors intersection,Normale,Deux véhicules - arrière,,,,,,,,,,,3,2,1,1.0,2.0
201800029197,0018-02-22 14:50:00,18,2,22,14,50,580,194,PASSIERE,46.98888,3.15101,Plein jour,En agglomération,Hors intersection,Normale,Deux véhicules - arrière,,,,,,,,,,,1,2,1,1.0,2.0
201800029198,0018-03-05 12:55:00,18,3,5,12,55,580,194,"sans, JEROME TRESAGUET",46.99,3.15,Plein jour,En agglomération,Intersection en T,Normale,Deux véhicules - côté,,,,,,,,,,,1,2,3,1.0,3.0
201800029199,0018-03-12 15:05:00,18,3,12,15,5,580,194,"SANS, MARECHAL DE LATTRE",46.99985,3.15773,Plein jour,En agglomération,Hors intersection,Normale,Deux véhicules - côté,,,,,,,,,,,1,2,1,1.0,3.0
201800029200,0018-03-12 14:30:00,18,3,12,14,30,580,194,"sans, GENERAL DE GAULLE",46.98,3.15,Plein jour,En agglomération,Intersection en T,Pluie légère,Autre collision,,,,,,,,,,,1,2,3,2.0,6.0
201800029201,0018-04-04 16:10:00,18,4,4,16,10,580,194,FRANCHET D'ESPEREY,46.99319,3.12821,Plein jour,En agglomération,Intersection en T,Normale,Deux véhicules - côté,,,,,,,,,,,1,2,3,1.0,3.0
201800029202,0018-02-22 20:15:00,18,2,22,20,15,580,194,"SANS, FAIDHERBE",46.99992,3.14769,Nuit avec éclairage non allumé,En agglomération,Intersection en T,Normale,Trois véhicules et plus - collisions multiples,,,,,,,,,,,4,2,3,1.0,5.0
201800029203,0018-04-06 13:45:00,18,4,6,13,45,580,194,MARECHAL LECLERC,47.00051,3.15823,Plein jour,En agglomération,Hors intersection,Normale,Deux véhicules - arrière,,,,,,,,,,,1,2,1,1.0,2.0
201800029204,0018-04-15 02:30:00,18,4,15,2,30,580,194,CHARLEVILLE,46.98,3.15,Nuit avec éclairage allumé,En agglomération,Hors intersection,Normale,Deux véhicules - côté,,,,,,,,,,,5,2,1,1.0,3.0
201800029205,0018-04-23 09:00:00,18,4,23,9,0,580,194,MADEMOISELLE BOURGEOIS,46.9984,3.17248,Plein jour,En agglomération,Intersection en T,Pluie légère,Deux véhicules - côté,,,,,,,,,,,1,2,3,2.0,3.0
201800029206,0018-04-21 15:56:00,18,4,21,15,56,580,194,PIERRE DE COUBERTIN,46.986,3.1598,Plein jour,En agglomération,Hors intersection,Normale,Deux véhicules - arrière,,,,,,,,,,,1,2,1,1.0,2.0
201800029207,0018-04-21 04:31:00,18,4,21,4,31,580,194,MADEMOISELLE BOURGEOIS,46.99,3.17,Nuit avec éclairage allumé,En agglomération,Intersection en Y,Normale,Deux véhicules - frontale,,,,,,,,,,,5,2,4,1.0,1.0
201800029208,0018-04-25 17:30:00,18,4,25,17,30,580,194,PIERRE DE COUBERTIN,46.98709,3.16163,Plein jour,En agglomération,Giratoire,Normale,Deux véhicules - côté,,,,,,,,,,,1,2,6,1.0,3.0
201800029209,0018-05-05 17:20:00,18,5,5,17,20,580,194,FRANCS BOURGEOIS,46.99,3.16,Plein jour,En agglomération,Hors intersection,Normale,Autre collision,,,,,,,,,,,1,2,1,1.0,6.0
201800029210,0018-05-22 19:25:00,18,5,22,19,25,580,194,PIERRE DE COUBERTIN,46.98,3.15,Plein jour,En agglomération,Hors intersection,Normale,Deux véhicules - arrière,,,,,,,,,,,1,2,1,1.0,2.0
201800029211,0018-05-25 22:05:00,18,5,25,22,5,580,194,RUE ALBERT CAMUS,46.98861,3.12717,Nuit avec éclairage allumé,En agglomération,Intersection en T,Normale,Deux véhicules - côté,,,,,,,,,,,5,2,3,1.0,3.0
201800029212,0018-05-29 07:10:00,18,5,29,7,10,580,194,CROIX JOYEUSE (CARREFOUR,46.99505,3.16873,Plein jour,En agglomération,Autre intersection,Normale,Sans collision,,,,,,,,,,,1,2,9,1.0,7.0
201800029213,0018-05-25 10:05:00,18,5,25,10,5,580,194,SAINT VINCENT,46.98923,3.16291,Plein jour,En agglomération,Hors intersection,Normale,Autre collision,,,,,,,,,,,1,2,1,1.0,6.0
201800029214,0018-05-31 12:15:00,18,5,31,12,15,580,194,CAMILLE BAYNAC,46.98736,3.1327,Plein jour,En agglomération,Intersection en X,Normale,Deux véhicules - côté,,,,,,,,,,,1,2,2,1.0,3.0
201800029215,0018-05-31 22:35:00,18,5,31,22,35,580,194,CHARLEVILLE,46.99,3.15,Nuit avec éclairage allumé,En agglomération,Hors intersection,Pluie forte,Deux véhicules - côté,,,,,,,,,,,5,2,1,3.0,3.0
201800029216,0018-06-04 19:45:00,18,6,4,19,45,580,194,MONTOTS,46.99378,3.13599,Plein jour,En agglomération,Intersection en T,Normale,Deux véhicules - côté,,,,,,,,,,,1,2,3,1.0,3.0
201800029217,0018-06-08 08:00:00,18,6,8,8,0,580,194,MADEMOISELLE BOURGEOIS,46.99644,3.17007,Plein jour,En agglomération,Hors intersection,Normale,Deux véhicules - arrière,,,,,,,,,,,1,2,1,1.0,2.0
201800029218,0018-06-17 11:26:00,18,6,17,11,26,580,194,MONTE CASSINO (ROND POIN,46.98,3.12,Plein jour,En agglomération,Giratoire,Normale,Sans collision,,,,,,,,,,,1,2,6,1.0,7.0
201800029219,0018-06-21 09:55:00,18,6,21,9,55,580,194,MOTTE,46.99313,3.17186,Plein jour,En agglomération,Hors intersection,Normale,Deux véhicules - côté,,,,,,,,,,,1,2,1,1.0,3.0
201800029220,0018-06-22 18:30:00,18,6,22,18,30,580,194,RENE MARLIN (CARREFOUR),46.99998,3.15558,Plein jour,En agglomération,Giratoire,Normale,Deux véhicules - côté,,,,,,,,,,,1,2,6,1.0,3.0
201800029221,0018-07-03 08:30:00,18,7,3,8,30,580,194,PONT DE LOIRE,46.98,3.16,Plein jour,En agglomération,Hors intersection,Normale,Autre collision,,,,,,,,,,,1,2,1,1.0,6.0
201800029222,0018-07-04 18:50:00,18,7,4,18,50,580,194,HENRI BARBUSSE,46.98935,3.15691,Plein jour,En agglomération,Intersection en T,Normale,Deux véhicules - côté,,,,,,,,,,,1,2,3,1.0,3.0
201800029223,0018-07-10 19:00:00,18,7,10,19,0,580,194,GRAND PRE DES BORDES,46.99,3.12,Plein jour,En agglomération,Hors intersection,Normale,Deux véhicules - arrière,,,,,,,,,,,1,2,1,1.0,2.0
201800029224,0018-07-05 22:25:00,18,7,5,22,25,580,194,MADEMOISELLE BOURGEOIS,46.98,3.12,Nuit avec éclairage non allumé,En agglomération,Intersection en T,Normale,Deux véhicules - côté,,,,,,,,,,,4,2,3,1.0,3.0
201800029225,0018-07-12 22:35:00,18,7,12,22,35,580,194,CHAMPS PACAUD,46.99436,3.18927,Nuit avec éclairage allumé,En agglomération,Intersection en T,Normale,Deux véhicules - côté,,,,,,,,,,,5,2,3,1.0,3.0
201800029226,0018-07-17 08:40:00,18,7,17,8,40,580,194,MONTE CASSINO (ROND POIN,46.98819,3.12439,Plein jour,En agglomération,Giratoire,Normale,Deux véhicules - côté,,,,,,,,,,,1,2,6,1.0,3.0
201800029227,0018-07-21 09:10:00,18,7,21,9,10,580,194,GENERAL DE GAULLE,46.98932,3.1547,Plein jour,En agglomération,Autre intersection,Normale,Autre collision,,,,,,,,,,,1,2,9,1.0,6.0
201800029228,0018-07-31 17:50:00,18,7,31,17,50,580,194,CHAILLOUX,46.98309,3.13777,Plein jour,En agglomération,Intersection en T,Normale,Deux véhicules - côté,,,,,,,,,,,1,2,3,1.0,3.0
201800029229,0018-08-06 15:20:00,18,8,6,15,20,580,194,GRAND PRE DES BORDES,46.99095,3.12368,Plein jour,En agglomération,Hors intersection,Normale,Deux véhicules - arrière,,,,,,,,,,,1,2,1,1.0,2.0
201800029230,0018-08-21 15:25:00,18,8,21,15,25,580,194,MARECHAL LECLERC,46.99916,3.16351,Plein jour,En agglomération,Hors intersection,Normale,Autre collision,,,,,,,,,,,1,2,1,1.0,6.0
201800029231,0018-08-27 12:50:00,18,8,27,12,50,580,194,MARECHAL JUIN,47.00023,3.15801,Plein jour,En agglomération,Hors intersection,Normale,Autre collision,,,,,,,,,,,1,2,1,1.0,6.0
201800029232,0018-08-31 18:30:00,18,8,31,18,30,580,194,BERNARD PALISSY,46.98,3.17,Plein jour,En agglomération,Hors intersection,Normale,Autre collision,,,,,,,,,,,1,2,1,1.0,6.0
201800029233,0018-09-02 17:40:00,18,9,2,17,40,580,194,SAINT GILDARD,46.99219,3.14906,Plein jour,En agglomération,Hors intersection,Normale,Deux véhicules - côté,,,,,,,,,,,1,2,1,1.0,3.0
201800029234,0018-09-05 19:10:00,18,9,5,19,10,580,194,CHARLEVILLE,46.98759,3.15104,Plein jour,En agglomération,Hors intersection,Normale,Autre collision,,,,,,,,,,,1,2,1,1.0,6.0
201800029235,0018-09-08 12:20:00,18,9,8,12,20,580,194,COLBERT,46.99,3.15,Plein jour,En agglomération,Hors intersection,Normale,Deux véhicules - arrière,,,,,,,,,,,1,2,1,1.0,2.0
201800029236,0018-09-14 08:20:00,18,9,14,8,20,580,194,TAILLES,47.00186,3.15593,Plein jour,En agglomération,Intersection en T,Normale,Deux véhicules - côté,,,,,,,,,,,1,2,3,1.0,3.0
201800029237,0018-09-15 20:00:00,18,9,15,20,0,580,194,GENERAL DE GAULLE,46.98859,3.1558,Plein jour,En agglomération,Hors intersection,Normale,Autre collision,,,,,,,,,,,1,2,1,1.0,6.0
201800029238,0018-09-20 12:10:00,18,9,20,12,10,580,194,GRAND PRE DES BORDES,46.99086,3.1238,Plein jour,En agglomération,Giratoire,Normale,Trois véhicules et plus - en chaîne,,,,,,,,,,,1,2,6,1.0,4.0
201800029239,0018-09-21 14:50:00,18,9,21,14,50,580,194,CHARLEVILLE,46.99,3.14,Plein jour,En agglomération,Hors intersection,Normale,Autre collision,,,,,,,,,,,1,2,1,1.0,6.0
201800029240,0018-09-25 09:35:00,18,9,25,9,35,580,194,MONTAPINS,46.97924,3.13744,Plein jour,En agglomération,Hors intersection,Normale,Autre collision,,,,,,,,,,,1,2,1,1.0,6.0
201800029241,0018-09-25 10:20:00,18,9,25,10,20,580,194,CHAMEANE (PLACE),46.99889,3.16519,Plein jour,En agglomération,Hors intersection,Normale,Autre collision,,,,,,,,,,,1,2,1,1.0,6.0
201800029242,0018-10-04 12:19:00,18,10,4,12,19,580,194,GONZAGUE,46.985,3.1533,Plein jour,En agglomération,Hors intersection,Normale,Deux véhicules - arrière,,,,,,,,,,,1,2,1,1.0,2.0
201800029243,0018-10-10 18:40:00,18,10,10,18,40,580,194,MARECHAL JUIN,47.00094,3.15581,Plein jour,En agglomération,Hors intersection,Pluie légère,Deux véhicules - côté,,,,,,,,,,,1,2,1,2.0,3.0
201800029244,0018-10-10 12:10:00,18,10,10,12,10,580,194,ARDENETS,46.97944,3.13157,Plein jour,En agglomération,Intersection en T,Normale,Deux véhicules - côté,,,,,,,,,,,1,2,3,1.0,3.0
201800029245,0018-11-09 16:50:00,18,11,9,16,50,580,194,PETIT MOUESSE,46.9895,3.1694,Crépuscule ou aube,Hors agglomération,Hors intersection,Normale,Deux véhicules - arrière,,,,,,,,,,,2,1,1,1.0,2.0
201800029246,0018-11-09 17:58:00,18,11,9,17,58,580,194,ESTUTT DE TRACY,46.98264,3.12914,Nuit avec éclairage allumé,En agglomération,Hors intersection,Normale,Deux véhicules - frontale,,,,,,,,,,,5,2,1,1.0,1.0
201800029247,0018-11-14 11:30:00,18,11,14,11,30,580,194,HENRI BOUQUILLARD,46.9961,3.1243,Plein jour,En agglomération,Hors intersection,Normale,Deux véhicules - arrière,,,,,,,,,,,1,2,1,1.0,2.0
201800029248,0018-11-18 20:50:00,18,11,18,20,50,580,194,FRANCIS GARNIER,46.99417,3.1747,Nuit avec éclairage allumé,En agglomération,Intersection en T,Normale,Deux véhicules - côté,,,,,,,,,,,5,2,3,1.0,3.0
201800029249,0018-12-06 08:15:00,18,12,6,8,15,580,194,CHAMEANE (PLACE),46.9939,3.1653,Plein jour,En agglomération,Intersection en T,Normale,Deux véhicules - côté,,,,,,,,,,,1,2,3,1.0,3.0
201800029250,0018-12-11 17:30:00,18,12,11,17,30,580,194,MARZY,46.9874,3.1328,Plein jour,En agglomération,Hors intersection,Normale,Deux véhicules - arrière,,,,,,,,,,,1,2,1,1.0,2.0
201800029251,0018-12-17 21:05:00,18,12,17,21,5,580,194,RENE MARLIN (CARREFOUR),46.99995,3.15579,Nuit avec éclairage allumé,En agglomération,Giratoire,Normale,Deux véhicules - arrière,,,,,,,,,,,5,2,6,1.0,2.0
201800029252,0018-12-24 16:15:00,18,12,24,16,15,580,194,MARECHAL JUIN,47.00446,3.15385,Crépuscule ou aube,En agglomération,Hors intersection,Normale,Autre collision,,,,,,,,,,,2,2,1,1.0,6.0
201800029253,0018-03-30 15:15:00,18,3,30,15,15,690,277,d147,45.73032,5.02856,Plein jour,Hors agglomération,Hors intersection,Normale,Deux véhicules - côté,,,,,,,,,,,1,1,1,1.0,3.0
201800029254,0018-05-03 08:21:00,18,5,3,8,21,690,287,rue des Frères Lumière,45.70269,5.01727,Plein jour,En agglomération,Hors intersection,Pluie légère,Deux véhicules - frontale,,,,,,,,,,,1,2,1,2.0,1.0
201800029255,0018-05-27 09:30:00,18,5,27,9,30,690,110,D2,45.62425,4.49669,Plein jour,Hors agglomération,Hors intersection,Pluie légère,Deux véhicules - frontale,,,,,,,,,,,1,1,1,2.0,1.0
201800029256,0018-11-30 07:00:00,18,11,30,7,0,690,228,rd2E,45.57365,4.632,Plein jour,Hors agglomération,Autre intersection,Pluie légère,Deux véhicules - côté,,,,,,,,,,,1,1,9,2.0,3.0
201800029257,0018-01-16 15:15:00,18,1,16,15,15,950,487,AVENUE JACQUES VOGT,49.1574,2.2635,Plein jour,En agglomération,Giratoire,Temps couvert,Deux véhicules - arrière,,,,,,,,,,,1,2,6,8.0,2.0
201800029258,0018-01-21 21:55:00,18,1,21,21,55,950,452,RD 85,49.1287,2.3016,Nuit sans éclairage public,Hors agglomération,Hors intersection,Pluie légère,Autre collision,,,,,,,,,,,3,1,1,2.0,6.0
201800029259,0018-06-11 08:45:00,18,6,11,8,45,950,52,RUE SAINT ROCH,49.1434,2.2823,Crépuscule ou aube,En agglomération,Hors intersection,Pluie légère,Deux véhicules - côté,,,,,,,,,,,2,2,1,2.0,3.0
201800029260,0018-06-20 14:20:00,18,6,20,14,20,950,436,RD 922,49.1327,2.2636,Plein jour,Hors agglomération,Hors intersection,Normale,Trois véhicules et plus - collisions multiples,,,,,,,,,,,1,1,1,1.0,5.0