accident_id,datetime,annee,mois,jour,heure,minute,departement,commune_insee,adresse,latitude,longitude,luminosite,agglomeration,intersection,meteo,collision,nb_vehicules,nb_usagers,nb_indemnes,nb_tues,nb_blesses_hosp,nb_blesses_legers,age_cond_1,age_cond_2,veh_type_cond_1,veh_type_cond_2,lum_code,agg_code,int_code,atm_code,col_code
201800029261,0018-06-26 08:30:00,18,6,26,8,30,950,134,RD 301,49.1433,2.2512,Plein jour,Hors agglomération,Hors intersection,Normale,Trois véhicules et plus - en chaîne,,,,,,,,,,,1,1,1,1.0,4.0
201800029262,0018-07-04 18:20:00,18,7,4,18,20,950,487,RUE JEAN CATELAS,49.1566,2.2809,Plein jour,En agglomération,Hors intersection,Normale,Deux véhicules - frontale,,,,,,,,,,,1,2,1,1.0,1.0
201800029263,0018-07-17 12:39:00,18,7,17,12,39,950,116,RD 922,49.1432,2.3319,Plein jour,Hors agglomération,Hors intersection,Normale,Deux véhicules - côté,,,,,,,,,,,1,1,1,1.0,3.0
201800029264,0018-12-08 10:50:00,18,12,8,10,50,950,58,CHEMIN PAVE,49.1521,2.2954,Plein jour,Hors agglomération,Hors intersection,Pluie légère,Autre collision,,,,,,,,,,,1,1,1,2.0,6.0
201800029265,0018-12-14 23:40:00,18,12,14,23,40,950,487,RUE PIERRE BROSSOLETTE,49.1501,2.2749,Nuit avec éclairage allumé,En agglomération,Hors intersection,Temps couvert,Autre collision,,,,,,,,,,,5,2,1,8.0,6.0
201800029266,0018-12-09 10:20:00,18,12,9,10,20,950,445,RUE PAUL DUCLOS,49.0912,2.2744,Plein jour,En agglomération,Hors intersection,Pluie forte,Autre collision,,,,,,,,,,,1,2,1,3.0,6.0
201800029267,0018-12-29 23:00:00,18,12,29,23,0,950,313,RUE SAINT LAZARE,49.1121,2.2172,Nuit avec éclairage allumé,En agglomération,Hors intersection,Normale,Deux véhicules - côté,,,,,,,,,,,5,2,1,1.0,3.0
201800029268,0018-01-14 13:00:00,18,1,14,13,0,950,504,R DANIELE CASANOVA,49.1144,2.2883,Plein jour,En agglomération,Hors intersection,Normale,Autre collision,,,,,,,,,,,1,2,1,1.0,6.0
201800029269,0018-02-15 21:00:00,18,2,15,21,0,950,313,RD 922,49.1099,2.2235,Nuit avec éclairage allumé,En agglomération,Hors intersection,Normale,Deux véhicules - arrière,,,,,,,,,,,5,2,1,1.0,2.0
201800029270,0018-05-24 13:50:00,18,5,24,13,50,950,313,CLOS DU MARTIN PECHEUR,49.1247,2.223,Plein jour,En agglomération,Hors intersection,Normale,Sans collision,,,,,,,,,,,1,2,1,1.0,7.0
201800029271,0018-06-08 12:30:00,18,6,8,12,30,950,313,RUE DE PONTOISE,49.0956,2.2131,Plein jour,Hors agglomération,Hors intersection,Normale,Deux véhicules - frontale,,,,,,,,,,,1,1,1,1.0,1.0
201800029272,0018-06-16 01:20:00,18,6,16,1,20,950,480,ALLEE DES PEUPLIERS,49.0984,2.2049,Nuit sans éclairage public,En agglomération,Hors intersection,Normale,Autre collision,,,,,,,,,,,3,2,1,1.0,6.0
201800029273,0018-06-17 16:30:00,18,6,17,16,30,950,313,AVENUE DE PARIS,49.1103,2.2258,Plein jour,En agglomération,Hors intersection,Normale,Deux véhicules - arrière,,,,,,,,,,,1,2,1,1.0,2.0
201800029274,0018-07-09 17:18:00,18,7,9,17,18,950,480,RUE RAYMOND POINCARE,49.1244,2.2124,Plein jour,En agglomération,Hors intersection,Normale,Deux véhicules - frontale,,,,,,,,,,,1,2,1,1.0,1.0
201800029275,0018-07-16 16:45:00,18,7,16,16,45,950,313,RUE DE LA MADELEINE,49.1041,2.2299,Plein jour,En agglomération,Hors intersection,Normale,Deux véhicules - frontale,,,,,,,,,,,1,2,1,1.0,1.0
201800029276,0018-07-27 22:35:00,18,7,27,22,35,950,313,RD 922,49.0937,2.2111,Nuit sans éclairage public,Hors agglomération,Hors intersection,Normale,Autre collision,,,,,,,,,,,3,1,1,1.0,6.0
201800029277,0018-09-04 20:30:00,18,9,4,20,30,950,480,RUE DU MARECHAL FOCH,49.1112,2.2066,Nuit avec éclairage allumé,En agglomération,Hors intersection,Normale,Deux véhicules - côté,,,,,,,,,,,5,2,1,1.0,3.0
201800029278,0018-09-18 15:15:00,18,9,18,15,15,950,313,CHEMIN DES 3 SOURCES,49.1225,2.2333,Plein jour,Hors agglomération,Hors intersection,Normale,Deux véhicules - côté,,,,,,,,,,,1,1,1,1.0,3.0
201800029279,0018-12-23 05:55:00,18,12,23,5,55,950,313,ROND POINT DES HEROS,49.1191,2.2312,Nuit avec éclairage allumé,En agglomération,Giratoire,Pluie légère,Autre collision,,,,,,,,,,,5,2,6,2.0,6.0
201800029280,0018-01-27 07:40:00,18,1,27,7,40,710,47,avenue Claude et Emile P,46.62455,3.75654,Crépuscule ou aube,En agglomération,Intersection en T,Normale,Deux véhicules - côté,,,,,,,,,,,2,2,3,1.0,3.0
201800029281,0018-02-19 14:00:00,18,2,19,14,0,710,166,lieu-dit Chevannes,46.74555,4.05861,Plein jour,Hors agglomération,Hors intersection,Normale,Autre collision,,,,,,,,,,,1,1,1,1.0,6.0
201800029282,0018-03-30 09:45:00,18,3,30,9,45,710,47,avenue puzenat,46.62383,3.75816,Plein jour,En agglomération,Hors intersection,Pluie légère,Deux véhicules - côté,,,,,,,,,,,1,2,1,2.0,3.0
201800029283,0018-05-19 03:37:00,18,5,19,3,37,710,220,Lieu dit les carrières,46.53955,3.75297,Nuit sans éclairage public,Hors agglomération,Hors intersection,Temps couvert,Autre collision,,,,,,,,,,,3,1,1,8.0,6.0
201800029284,0018-05-29 13:25:00,18,5,29,13,25,710,220,d 979,46.53891,3.77455,Plein jour,Hors agglomération,Hors intersection,Normale,Deux véhicules - frontale,,,,,,,,,,,1,1,1,1.0,1.0
201800029285,0018-05-30 09:30:00,18,5,30,9,30,710,239,lieu dit le pavillon,46.70073,3.96504,Plein jour,Hors agglomération,Hors intersection,Normale,Sans collision,,,,,,,,,,,1,1,1,1.0,7.0
201800029286,0018-05-30 21:01:00,18,5,30,21,1,710,155,L'OUCHE BRULÉE,46.72282,3.68671,Crépuscule ou aube,Hors agglomération,Hors intersection,Normale,Autre collision,,,,,,,,,,,2,1,1,1.0,6.0
201800029287,0018-10-05 10:15:00,18,10,5,10,15,710,47,7 place de la République,46.62045,3.77196,Plein jour,En agglomération,Hors intersection,Temps éblouissant,Autre collision,,,,,,,,,,,1,2,1,7.0,6.0
201800029288,0018-01-11 17:30:00,18,1,11,17,30,590,143,"359, NATIONALE  ( ROUTE)",50.67065,2.90274,Nuit avec éclairage allumé,En agglomération,Hors intersection,Brouillard / fumée,Deux véhicules - frontale,,,,,,,,,,,5,2,1,5.0,1.0
201800029289,0018-01-21 06:10:00,18,1,21,6,10,590,143,NATIONALE  ( ROUTE),50.66526,2.91747,Nuit avec éclairage non allumé,Hors agglomération,Hors intersection,Normale,Autre collision,,,,,,,,,,,4,1,1,1.0,6.0
201800029290,0018-02-07 08:20:00,18,2,7,8,20,590,17,"IGNORE, MARCEAU (RUE)",50.69259,2.87584,Plein jour,En agglomération,Hors intersection,Normale,Autre collision,,,,,,,,,,,1,2,1,1.0,6.0
201800029291,0018-02-12 11:45:00,18,2,12,11,45,590,431,"531, TOUQUET (RUE DU)",50.69107,2.82781,Plein jour,Hors agglomération,Hors intersection,Normale,Deux véhicules - frontale,,,,,,,,,,,1,1,1,1.0,1.0
201800029292,0018-02-24 16:30:00,18,2,24,16,30,590,43,ESTAIRES (ROUTE D'),50.717,2.70816,Plein jour,Hors agglomération,Hors intersection,Normale,Autre collision,,,,,,,,,,,1,1,1,1.0,6.0
201800029293,0018-02-24 19:40:00,18,2,24,19,40,590,43,"62, PHILIPPE VAN TIEGHEM",50.73617,2.73021,Nuit avec éclairage allumé,En agglomération,Intersection en T,Normale,Deux véhicules - côté,,,,,,,,,,,5,2,3,1.0,3.0
201800029294,0018-03-14 12:00:00,18,3,14,12,0,590,17,EUROPE  (AVENUE DE L'),50.69121,2.87267,Plein jour,En agglomération,Hors intersection,Normale,Deux véhicules - arrière,,,,,,,,,,,1,2,1,1.0,2.0
201800029295,0018-03-21 22:55:00,18,3,21,22,55,590,43,HAZEBROUCK (ROUTE D'),50.73567,2.70521,Nuit sans éclairage public,Hors agglomération,Hors intersection,Normale,Autre collision,,,,,,,,,,,3,1,1,1.0,6.0
201800029296,0018-04-14 20:10:00,18,4,14,20,10,590,317,ROUTE DEPARTEMENTALE 945,50.69922,2.92992,Plein jour,Hors agglomération,Hors intersection,Pluie forte,Autre collision,,,,,,,,,,,1,1,1,3.0,6.0
201800029297,0018-04-19 09:50:00,18,4,19,9,50,590,17,DUNKERQUE (RUE DE),50.68873,2.88026,Plein jour,En agglomération,Hors intersection,Normale,Autre collision,,,,,,,,,,,1,2,1,1.0,6.0
201800029298,0018-05-05 20:30:00,18,5,5,20,30,590,17,BRIAND (RUE ARISTIDE ),50.69066,2.88599,Plein jour,En agglomération,Hors intersection,Normale,Deux véhicules - arrière,,,,,,,,,,,1,2,1,1.0,2.0
201800029299,0018-05-22 19:00:00,18,5,22,19,0,590,143,KENNEDY (RUE DU PRESIDEN,50.65855,2.89311,Plein jour,Hors agglomération,Hors intersection,Temps éblouissant,Deux véhicules - côté,,,,,,,,,,,1,1,1,7.0,3.0
201800029300,0018-05-27 00:40:00,18,5,27,0,40,590,43,LOCRE (ROUTE DE),50.74627,2.73947,Nuit avec éclairage allumé,En agglomération,Hors intersection,Normale,Sans collision,,,,,,,,,,,5,2,1,1.0,7.0
201800029301,0018-05-27 18:50:00,18,5,27,18,50,590,17,GARE (PLACE DE LA),50.68098,2.87883,Plein jour,En agglomération,Hors intersection,Normale,Autre collision,,,,,,,,,,,1,2,1,1.0,6.0
201800029302,0018-05-31 18:30:00,18,5,31,18,30,590,431,PONTCEAU (RUE DU),50.7041,2.85673,Plein jour,Hors agglomération,Hors intersection,Normale,Autre collision,,,,,,,,,,,1,1,1,1.0,6.0
201800029303,0018-06-21 22:20:00,18,6,21,22,20,590,43,LILLE (ROUTE DE),50.7225,2.7905,Crépuscule ou aube,Hors agglomération,Intersection en T,Normale,Deux véhicules - côté,,,,,,,,,,,2,1,3,1.0,3.0
201800029304,0018-06-25 09:25:00,18,6,25,9,25,590,17,THIERS (PLACE ),50.68774,2.87793,Plein jour,En agglomération,Intersection en X,Normale,Deux véhicules - côté,,,,,,,,,,,1,2,2,1.0,3.0
201800029305,0018-07-01 17:20:00,18,7,1,17,20,590,431,ARMENTIERES  (RUE D' ),50.69784,2.85625,Plein jour,En agglomération,Intersection en X,Normale,Deux véhicules - frontale,,,,,,,,,,,1,2,2,1.0,1.0
201800029306,0018-07-14 17:40:00,18,7,14,17,40,590,17,SCHUMAN (RUE ROBERT ),50.68186,2.87732,Plein jour,En agglomération,Intersection en T,Normale,Deux véhicules - côté,,,,,,,,,,,1,2,3,1.0,3.0
201800029307,0018-07-12 19:20:00,18,7,12,19,20,590,43,BELLE CROIX (RUE DE LA),50.7172,2.69408,Plein jour,Hors agglomération,Intersection en T,Normale,Deux véhicules - arrière,,,,,,,,,,,1,1,3,1.0,2.0
201800029308,0018-10-13 11:00:00,18,10,13,11,0,590,43,OCCIDENT (RUE D'),50.7382,2.7323,Plein jour,En agglomération,Hors intersection,Normale,Autre collision,,,,,,,,,,,1,2,1,1.0,6.0
201800029309,0018-10-22 17:30:00,18,10,22,17,30,590,43,METEREN (ROUTE DE),50.7387,2.72494,Plein jour,En agglomération,Hors intersection,Normale,Autre collision,,,,,,,,,,,1,2,1,1.0,6.0
201800029310,0018-10-26 10:30:00,18,10,26,10,30,590,17,DIX NEUF MARS 1962 (PLAC,50.68853,2.89019,Plein jour,En agglomération,Hors intersection,Normale,Autre collision,,,,,,,,,,,1,2,1,1.0,6.0
201800029311,0018-12-16 17:50:00,18,12,16,17,50,590,143,NATIONALE  ( ROUTE),50.67295,2.89517,Nuit avec éclairage allumé,En agglomération,Intersection en T,Normale,Deux véhicules - côté,,,,,,,,,,,5,2,3,1.0,3.0
201800029312,0018-01-12 12:30:00,18,1,12,12,30,590,122,", VARSOVIE (RUE DE)",50.16,3.26,Plein jour,En agglomération,Intersection en X,Temps couvert,Deux véhicules - côté,,,,,,,,,,,1,2,2,8.0,3.0
201800029313,0018-04-10 17:30:00,18,4,10,17,30,590,122,LIBERTE (BOULEVARD DE LA,50.17061,3.23064,Plein jour,En agglomération,Hors intersection,Normale,Autre collision,,,,,,,,,,,1,2,1,1.0,6.0
201800029314,0018-05-17 08:30:00,18,5,17,8,30,590,244,ROUTE NATIONALE,50.1655,3.15394,Plein jour,En agglomération,Intersection en X,Normale,Deux véhicules - côté,,,,,,,,,,,1,2,2,1.0,3.0
201800029315,0018-06-08 21:40:00,18,6,8,21,40,590,122,CARNOT (RUE SADI),50.17702,3.23321,Crépuscule ou aube,En agglomération,Hors intersection,Normale,Sans collision,,,,,,,,,,,2,2,1,1.0,7.0
201800029316,0018-07-14 11:30:00,18,7,14,11,30,590,206,NAVES (ROUTE DE) OU DEPA,50.18803,3.27138,Plein jour,Hors agglomération,Hors intersection,Normale,Deux véhicules - arrière,,,,,,,,,,,1,1,1,1.0,2.0
201800029317,0018-08-20 04:40:00,18,8,20,4,40,590,476,MARCOING (ROUTE DE),50.15156,3.22014,Nuit avec éclairage allumé,En agglomération,Passage à niveau,Normale,Autre collision,,,,,,,,,,,5,2,8,1.0,6.0
201800029318,0018-08-26 03:15:00,18,8,26,3,15,590,122,PARIS (AVENUE DE),50.15051,3.22079,Nuit avec éclairage allumé,En agglomération,Hors intersection,Normale,Deux véhicules - côté,,,,,,,,,,,5,2,1,1.0,3.0
201800029319,0018-09-19 14:40:00,18,9,19,14,40,590,122,SOLESMES (ROUTE DE),50.18134,3.27695,Plein jour,Hors agglomération,Hors intersection,Normale,Deux véhicules - côté,,,,,,,,,,,1,1,1,1.0,3.0
201800029320,0018-11-07 19:30:00,18,11,7,19,30,590,122,SAINT DRUON (RUE),50.16426,3.23978,Nuit avec éclairage allumé,En agglomération,Hors intersection,Pluie légère,Autre collision,,,,,,,,,,,5,2,1,2.0,6.0
201800029321,0018-12-22 18:55:00,18,12,22,18,55,590,476,MARCOING (ROUTE DE),48.86272,2.28759,Nuit sans éclairage public,Hors agglomération,Hors intersection,Pluie légère,Autre collision,,,,,,,,,,,3,1,1,2.0,6.0
201800029322,0018-12-28 17:50:00,18,12,28,17,50,590,122,MITTERAND AVENUE FRANCO,50.17656,3.21715,Nuit avec éclairage allumé,En agglomération,Intersection en T,Normale,Autre collision,,,,,,,,,,,5,2,3,1.0,6.0
201800029323,0018-03-14 15:30:00,18,3,14,15,30,590,153,"49, MOULIN (RUE DU )",50.4656,3.59197,Plein jour,En agglomération,Hors intersection,Normale,Deux véhicules - frontale,,,,,,,,,,,1,2,1,1.0,1.0
201800029324,0018-09-02 14:40:00,18,9,2,14,40,590,153,C.D. 935 (NOUVEAU ),50.46637,3.5954,Plein jour,Hors agglomération,Hors intersection,Normale,Deux véhicules - côté,,,,,,,,,,,1,1,1,1.0,3.0
201800029325,0018-11-29 07:45:00,18,11,29,7,45,590,153,CHAUSSIETTE (RUE DE LA ),50.4615,3.58538,Nuit avec éclairage non allumé,En agglomération,Intersection en T,Pluie légère,Autre collision,,,,,,,,,,,4,2,3,2.0,6.0
201800029326,0018-12-07 18:50:00,18,12,7,18,50,590,253,JAURES (RUE JEAN ),50.43265,3.57753,Nuit avec éclairage allumé,En agglomération,Hors intersection,Normale,Autre collision,,,,,,,,,,,5,2,1,1.0,6.0
201800029327,0018-01-08 07:45:00,18,1,8,7,45,590,172,COOPERATEURS (R.),,,Nuit sans éclairage public,En agglomération,Hors intersection,Normale,Deux véhicules - côté,,,,,,,,,,,3,2,1,1.0,3.0
201800029328,0018-01-31 08:25:00,18,1,31,8,25,590,632,LAFARGE (R. PAUL),50.37419,3.4004,Nuit avec éclairage allumé,En agglomération,Hors intersection,Normale,Autre collision,,,,,,,,,,,5,2,1,1.0,6.0
201800029329,0018-01-24 04:00:00,18,1,24,4,0,590,205,"2, NERVO (ALLEE)",50.31808,3.36479,Nuit avec éclairage allumé,En agglomération,Hors intersection,Normale,Autre collision,,,,,,,,,,,5,2,1,1.0,6.0
201800029330,0018-02-25 01:50:00,18,2,25,1,50,590,172,CD 40,50.31646,3.41051,Nuit avec éclairage allumé,En agglomération,Autre intersection,Normale,Autre collision,,,,,,,,,,,5,2,9,1.0,6.0
201800029331,0018-03-31 13:15:00,18,3,31,13,15,590,179,HASPRES (R. D'),50.3092,3.40445,Plein jour,En agglomération,Hors intersection,Normale,Autre collision,,,,,,,,,,,1,2,1,1.0,6.0
201800029332,0018-04-11 11:15:00,18,4,11,11,15,590,504,GHESQUIERES (R.),50.30056,3.51909,Plein jour,En agglomération,Hors intersection,Normale,Autre collision,,,,,,,,,,,1,2,1,1.0,6.0
201800029333,0018-04-25 18:45:00,18,4,25,18,45,590,172,1548 Rue Arthur Brunet,50.31851,3.36695,Plein jour,En agglomération,Hors intersection,Normale,Deux véhicules - côté,,,,,,,,,,,1,2,1,1.0,3.0
201800029334,0018-05-11 07:20:00,18,5,11,7,20,590,179,LIBERTE (BD DE LA),50.30125,3.39608,Plein jour,En agglomération,Autre intersection,Normale,Autre collision,,,,,,,,,,,1,2,9,1.0,6.0
201800029335,0018-06-10 19:40:00,18,6,10,19,40,590,292,COUTURIER (R. PAUL VAILL,50.35061,3.41121,Plein jour,En agglomération,Hors intersection,Normale,Deux véhicules - frontale,,,,,,,,,,,1,2,1,1.0,1.0
201800029336,0018-07-03 20:10:00,18,7,3,20,10,590,179,HASPRES (R. D'),50.30453,3.403,Plein jour,En agglomération,Autre intersection,Normale,Autre collision,,,,,,,,,,,1,2,9,1.0,6.0
201800029337,0018-07-18 18:50:00,18,7,18,18,50,590,288,RD 630,50.31789,3.42198,Plein jour,En agglomération,Autre intersection,Normale,Autre collision,,,,,,,,,,,1,2,9,1.0,6.0
201800029338,0018-07-29 12:40:00,18,7,29,12,40,590,205,GUESDE (R. JULES),50.32909,3.33057,Plein jour,En agglomération,Hors intersection,Normale,Autre collision,,,,,,,,,,,1,2,1,1.0,6.0
201800029339,0018-09-21 17:30:00,18,9,21,17,30,590,632,LAFARGE (R. PAUL),50.37367,3.40163,Plein jour,En agglomération,Hors intersection,Normale,Autre collision,,,,,,,,,,,1,2,1,1.0,6.0
201800029340,0018-11-05 16:45:00,18,11,5,16,45,590,172,BRUNET (R. ARTHUR),50.32218,3.37619,Plein jour,En agglomération,Hors intersection,Normale,Autre collision,,,,,,,,,,,1,2,1,1.0,6.0
201800029341,0018-11-23 21:40:00,18,11,23,21,40,590,429,NATIONALE(R.30),50.28685,3.35326,Nuit sans éclairage public,En agglomération,Autre intersection,Normale,Autre collision,,,,,,,,,,,3,2,9,1.0,6.0
201800029342,0018-12-10 07:45:00,18,12,10,7,45,590,179,REPUBLIQUE (AV DE LA),50.30384,3.39137,Nuit avec éclairage allumé,En agglomération,Hors intersection,Normale,Autre collision,,,,,,,,,,,5,2,1,1.0,6.0
201800029343,0018-01-04 20:30:00,18,1,4,20,30,590,569,"315, LEMETTE (RUE HENRI)",50.36254,3.11994,Nuit avec éclairage allumé,En agglomération,Hors intersection,Normale,Deux véhicules - frontale,,,,,,,,,,,5,2,1,1.0,1.0
201800029344,0018-01-04 14:20:00,18,1,4,14,20,590,178,"302, HAYEZ (BOULEVARD PA",50.36336,3.08051,Plein jour,En agglomération,Hors intersection,Normale,Autre collision,,,,,,,,,,,1,2,1,1.0,6.0
201800029345,0018-01-10 07:45:00,18,1,10,7,45,590,574,"02, BD LOUISE MICHEL",50.35694,3.28138,Nuit avec éclairage allumé,En agglomération,Hors intersection,Pluie forte,Autre collision,,,,,,,,,,,5,2,1,3.0,6.0
201800029346,0018-01-13 18:20:00,18,1,13,18,20,590,329,JOFFRE (RUE DU MARECHAL),50.3437,3.09017,Nuit sans éclairage public,En agglomération,Hors intersection,Normale,Deux véhicules - arrière,,,,,,,,,,,3,2,1,1.0,2.0
201800029347,0018-01-13 12:30:00,18,1,13,12,30,590,414,"407, HONORE RAYMOND(AVEN",50.36664,3.19176,Plein jour,En agglomération,Hors intersection,Normale,Autre collision,,,,,,,,,,,1,2,1,1.0,6.0
201800029348,0018-01-17 16:30:00,18,1,17,16,30,590,329,"31, ROUTE NATIONALE",50.34509,3.092,Plein jour,En agglomération,Hors intersection,Normale,Trois véhicules et plus - en chaîne,,,,,,,,,,,1,2,1,1.0,4.0
201800029349,0018-01-15 19:10:00,18,1,15,19,10,590,574,FAIDHERBE(RUE),50.35585,3.28073,Nuit avec éclairage allumé,En agglomération,Hors intersection,Normale,Deux véhicules - côté,,,,,,,,,,,5,2,1,1.0,3.0
201800029350,0018-02-05 08:45:00,18,2,5,8,45,590,574,"02, DEVEMY PHILIPPE(RUE)",50.36635,3.27329,Plein jour,En agglomération,Hors intersection,Normale,Autre collision,,,,,,,,,,,1,2,1,1.0,6.0
201800029351,0018-01-23 19:00:00,18,1,23,19,0,590,489,"81, SALENGRO (RUE)",50.43629,3.09446,Nuit avec éclairage allumé,En agglomération,Hors intersection,Normale,Deux véhicules - côté,,,,,,,,,,,5,2,1,1.0,3.0
201800029352,0018-02-22 15:40:00,18,2,22,15,40,590,327,D (ALLEE - CITE DU NOUVE,50.38598,3.1595,Plein jour,En agglomération,Intersection en X,Temps éblouissant,Deux véhicules - frontale,,,,,,,,,,,1,2,2,7.0,1.0
201800029353,0018-02-23 19:30:00,18,2,23,19,30,590,165,RD 643,50.38334,3.05381,Nuit avec éclairage allumé,En agglomération,Hors intersection,Normale,Autre collision,,,,,,,,,,,5,2,1,1.0,6.0
201800029354,0018-02-17 06:13:00,18,2,17,6,13,590,8,"53, GASPARD (RUE)",50.33702,3.24642,Nuit avec éclairage allumé,En agglomération,Hors intersection,Normale,Autre collision,,,,,,,,,,,5,2,1,1.0,6.0
201800029355,0018-02-20 10:40:00,18,2,20,10,40,590,165,"15, GAULLE (AVENUE DU GE",50.38428,3.05981,Plein jour,En agglomération,Hors intersection,Normale,Autre collision,,,,,,,,,,,1,2,1,1.0,6.0
201800029356,0018-03-06 13:45:00,18,3,6,13,45,590,486,Route d'Orchies,50.42591,3.14384,Plein jour,Hors agglomération,Hors intersection,Normale,Deux véhicules - frontale,,,,,,,,,,,1,1,1,1.0,1.0
201800029357,0018-03-07 19:35:00,18,3,7,19,35,590,375,99 Route nationale,50.43531,3.26181,Nuit avec éclairage allumé,En agglomération,Hors intersection,Normale,Deux véhicules - frontale,,,,,,,,,,,5,2,1,1.0,1.0
201800029358,0018-03-18 16:45:00,18,3,18,16,45,590,574,"48, BOUHOURS FRERES (RUE",50.36436,3.28794,Plein jour,En agglomération,Hors intersection,Normale,Deux véhicules - côté,,,,,,,,,,,1,2,1,1.0,3.0
201800029359,0018-03-27 17:25:00,18,3,27,17,25,590,178,"1, JEANNE D'ARC (BOULEVA",50.36497,3.06903,Plein jour,En agglomération,Giratoire,Normale,Deux véhicules - côté,,,,,,,,,,,1,2,6,1.0,3.0
201800029360,0018-03-22 11:10:00,18,3,22,11,10,590,178,FERME (RUE DE LA),50.39476,3.08673,Plein jour,En agglomération,Intersection en Y,Normale,Deux véhicules - côté,,,,,,,,,,,1,2,4,1.0,3.0
201800029361,0018-04-07 13:20:00,18,4,7,13,20,590,569,RD 500,50.36054,3.12344,Plein jour,Hors agglomération,Hors intersection,Normale,Deux véhicules - frontale,,,,,,,,,,,1,1,1,1.0,1.0
201800029362,0018-04-11 21:50:00,18,4,11,21,50,590,165,VOIE D'ESQUERCHIN,50.38317,3.02951,Nuit sans éclairage public,En agglomération,Hors intersection,Normale,Autre collision,,,,,,,,,,,3,2,1,1.0,6.0
201800029363,0018-04-13 19:00:00,18,4,13,19,0,590,178,MOTTE JULIEN (RUE DE LA),50.39306,3.06353,Plein jour,En agglomération,Hors intersection,Normale,Autre collision,,,,,,,,,,,1,2,1,1.0,6.0
201800029364,0018-04-23 19:30:00,18,4,23,19,30,590,345,JAURES (RUE),50.34085,3.16998,Plein jour,En agglomération,Intersection en X,Normale,Deux véhicules - frontale,,,,,,,,,,,1,2,2,1.0,1.0
201800029365,0018-04-26 11:40:00,18,4,26,11,40,590,239,ALLIES (BOULEVARD DES),50.4276,3.1557,Plein jour,Hors agglomération,Hors intersection,Normale,Trois véhicules et plus - collisions multiples,,,,,,,,,,,1,1,1,1.0,5.0
201800029366,0018-05-07 11:50:00,18,5,7,11,50,590,178,CUVE D'OR (RUE DE LA),50.3673,3.08409,Plein jour,En agglomération,Hors intersection,Normale,Autre collision,,,,,,,,,,,1,2,1,1.0,6.0
201800029367,0018-05-14 09:15:00,18,5,14,9,15,590,329,RD 643,50.34122,3.09198,Plein jour,En agglomération,Hors intersection,Normale,Autre collision,,,,,,,,,,,1,2,1,1.0,6.0
201800029368,0018-06-05 00:40:00,18,6,5,0,40,590,239,CD 35,50.35684,3.16767,Nuit sans éclairage public,Hors agglomération,Hors intersection,Normale,Sans collision,,,,,,,,,,,3,1,1,1.0,7.0
201800029369,0018-06-05 08:50:00,18,6,5,8,50,590,234,RD 621,50.401,3.0417,Plein jour,Hors agglomération,Hors intersection,Normale,Deux véhicules - côté,,,,,,,,,,,1,1,1,1.0,3.0
201800029370,0018-06-04 21:00:00,18,6,4,21,0,590,28,GAULLE RUE DU GENERAL D,50.4131,3.05214,Plein jour,En agglomération,Giratoire,Normale,Deux véhicules - côté,,,,,,,,,,,1,2,6,1.0,3.0
201800029371,0018-07-15 19:00:00,18,7,15,19,0,590,489,SALENGRO (RUE),50.43625,3.09426,Plein jour,En agglomération,Hors intersection,Normale,Sans collision,,,,,,,,,,,1,2,1,1.0,7.0
201800029372,0018-07-19 08:50:00,18,7,19,8,50,590,569,RD 500,50.3766,3.127,Plein jour,Hors agglomération,Hors intersection,Normale,Deux véhicules - frontale,,,,,,,,,,,1,1,1,1.0,1.0
201800029373,0018-07-22 01:30:00,18,7,22,1,30,590,178,TOURNAI (ROUTE DE),50.39673,3.11165,Nuit avec éclairage allumé,En agglomération,Hors intersection,Normale,Autre collision,,,,,,,,,,,5,2,1,1.0,6.0
201800029374,0018-07-30 17:30:00,18,7,30,17,30,590,178,JAURES (RUE JEAN),50.39253,3.08508,Plein jour,En agglomération,Hors intersection,Normale,Autre collision,,,,,,,,,,,1,2,1,1.0,6.0
201800029375,0018-08-09 17:40:00,18,8,9,17,40,590,486,BAILLON (RUE DE),50.41515,3.14984,Crépuscule ou aube,En agglomération,Hors intersection,Pluie légère,Deux véhicules - frontale,,,,,,,,,,,2,2,1,2.0,1.0
201800029376,0018-09-01 10:55:00,18,9,1,10,55,590,203,GUESDE JULES (RUE),50.36039,3.31834,Plein jour,En agglomération,Intersection en X,Normale,Trois véhicules et plus - collisions multiples,,,,,,,,,,,1,2,2,1.0,5.0
201800029377,0018-08-31 09:00:00,18,8,31,9,0,590,574,BOUCHAIN (ROUTE),50.33399,3.28084,Plein jour,Hors agglomération,Intersection en T,Normale,Deux véhicules - côté,,,,,,,,,,,1,1,3,1.0,3.0
201800029378,0018-09-06 15:15:00,18,9,6,15,15,590,414,HONORE RAYMOND(AVENUE),50.36772,3.18831,Plein jour,En agglomération,Hors intersection,Normale,Autre collision,,,,,,,,,,,1,2,1,1.0,6.0
201800029379,0018-09-07 20:00:00,18,9,7,20,0,590,234,LATTRE DE TASSIGNY (RUE,50.39794,3.07885,Plein jour,En agglomération,Hors intersection,Normale,Deux véhicules - côté,,,,,,,,,,,1,2,1,1.0,3.0
201800029380,0018-09-17 09:15:00,18,9,17,9,15,590,569,CROIZAT (RUE AMBROISE),50.36573,3.11769,Plein jour,En agglomération,Giratoire,Normale,Deux véhicules - côté,,,,,,,,,,,1,2,6,1.0,3.0