accident_id,datetime,annee,mois,jour,heure,minute,departement,commune_insee,adresse,latitude,longitude,luminosite,agglomeration,intersection,meteo,collision,nb_vehicules,nb_usagers,nb_indemnes,nb_tues,nb_blesses_hosp,nb_blesses_legers,age_cond_1,age_cond_2,veh_type_cond_1,veh_type_cond_2,lum_code,agg_code,int_code,atm_code,col_code
201800029500,0018-05-17 03:15:00,18,5,17,3,15,590,350,RAMPONNEAU SQUARE DU,50.63933,3.05391,Nuit avec éclairage allumé,En agglomération,Autre intersection,Normale,Autre collision,,,,,,,,,,,5,2,9,1.0,6.0
201800029501,0018-05-14 07:50:00,18,5,14,7,50,590,328,BONTE AUGUSTE RUE,50.64592,3.01782,Plein jour,En agglomération,Intersection en X,Normale,Autre collision,,,,,,,,,,,1,2,2,1.0,6.0
201800029502,0018-05-18 08:20:00,18,5,18,8,20,590,128,ZAMIN RUE DE LA,50.64252,2.97157,Plein jour,En agglomération,Hors intersection,Normale,Deux véhicules - côté,,,,,,,,,,,1,2,1,1.0,3.0
201800029503,0018-05-17 20:44:00,18,5,17,20,44,590,386,MENIN RUE DE,50.6768,3.0809,Plein jour,En agglomération,Intersection en T,Normale,Deux véhicules - côté,,,,,,,,,,,1,2,3,1.0,3.0
201800029504,0018-05-18 10:50:00,18,5,18,10,50,590,9,DE VALMY BOULEVARD,50.61586,3.12927,Plein jour,En agglomération,Autre intersection,Normale,Autre collision,,,,,,,,,,,1,2,9,1.0,6.0
201800029505,0018-04-22 18:09:00,18,4,22,18,9,590,636,COMINES CHEMIN DE,50.69544,3.04221,Plein jour,En agglomération,Hors intersection,Normale,Deux véhicules - frontale,,,,,,,,,,,1,2,1,1.0,1.0
201800029506,0018-05-20 20:30:00,18,5,20,20,30,590,350,LIBERTE BVD Nø147 A FIN-,50.63164,3.06211,Plein jour,En agglomération,Intersection en X,Normale,Deux véhicules - côté,,,,,,,,,,,1,2,2,1.0,3.0
201800029507,0018-05-21 17:00:00,18,5,21,17,0,590,350,NATIONALE RUE Nø2 - 178B,50.63674,3.06205,Plein jour,En agglomération,Hors intersection,Normale,Autre collision,,,,,,,,,,,1,2,1,1.0,6.0
201800029508,0018-05-18 11:35:00,18,5,18,11,35,590,386,MAERTENS GEORGES RUE,50.66591,3.04398,Plein jour,En agglomération,Hors intersection,Normale,Autre collision,,,,,,,,,,,1,2,1,1.0,6.0
201800029509,0018-04-24 18:00:00,18,4,24,18,0,590,507,JAURES JEAN AVENUE,50.60965,3.07552,Plein jour,En agglomération,Hors intersection,Normale,Autre collision,,,,,,,,,,,1,2,1,1.0,6.0
201800029510,0018-05-25 21:10:00,18,5,25,21,10,590,636,DISTILLERIE RUE,50.6884,3.0543,Plein jour,En agglomération,Autre intersection,Normale,Deux véhicules - frontale,,,,,,,,,,,1,2,9,1.0,1.0
201800029511,0018-05-26 21:30:00,18,5,26,21,30,590,350,FAUBOURG D'ARRAS RUE,50.60692,3.0589,Plein jour,En agglomération,Hors intersection,Normale,Trois véhicules et plus - collisions multiples,,,,,,,,,,,1,2,1,1.0,5.0
201800029512,0018-05-27 14:30:00,18,5,27,14,30,590,378,BERLIOZ HECTOR RUE,50.66564,3.08469,Plein jour,En agglomération,Hors intersection,Normale,Autre collision,,,,,,,,,,,1,2,1,1.0,6.0
201800029513,0018-05-30 00:50:00,18,5,30,0,50,590,350,NOIRS RUE,50.63,3.09,Nuit avec éclairage allumé,En agglomération,Intersection en X,Normale,Deux véhicules - côté,,,,,,,,,,,5,2,2,1.0,3.0
201800029514,0018-05-30 22:15:00,18,5,30,22,15,590,350,LEBON PHILLIPE PLACE,,,Nuit avec éclairage allumé,En agglomération,Place,Normale,Autre collision,,,,,,,,,,,5,2,7,1.0,6.0
201800029515,0018-05-31 14:35:00,18,5,31,14,35,590,360,DANTON RUE,50.61228,3.0147,Plein jour,En agglomération,Hors intersection,Normale,Autre collision,,,,,,,,,,,1,2,1,1.0,6.0
201800029516,0018-05-31 20:35:00,18,5,31,20,35,590,9,BOIS AVENUE DU PONT DE,50.62621,3.13657,Plein jour,En agglomération,Intersection en X,Normale,Deux véhicules - côté,,,,,,,,,,,1,2,2,1.0,3.0
201800029517,0018-06-02 15:55:00,18,6,2,15,55,590,193,D.952,50.58312,3.01265,Plein jour,En agglomération,Intersection en X,Normale,Deux véhicules - côté,,,,,,,,,,,1,2,2,1.0,3.0
201800029518,0018-06-05 07:20:00,18,6,5,7,20,590,328,MERMOZ JEAN RUE,50.65379,3.03751,Plein jour,En agglomération,Hors intersection,Temps couvert,Autre collision,,,,,,,,,,,1,2,1,8.0,6.0
201800029519,0018-06-04 13:20:00,18,6,4,13,20,590,378,BONPAIN RUE DE L'ABBE,50.65766,3.08374,Plein jour,En agglomération,Intersection en X,Normale,Autre collision,,,,,,,,,,,1,2,2,1.0,6.0
201800029520,0018-06-06 04:00:00,18,6,6,4,0,590,360,FOCH RUE DU MARECHAL,50.61429,3.01097,Nuit avec éclairage allumé,En agglomération,Intersection en T,Normale,Deux véhicules - côté,,,,,,,,,,,5,2,3,1.0,3.0
201800029521,0018-06-06 22:15:00,18,6,6,22,15,590,350,MONT A CAMP AVENUE DE,50.639,3.0084,Nuit avec éclairage allumé,En agglomération,Autre intersection,Normale,Deux véhicules - frontale,,,,,,,,,,,5,2,9,1.0,1.0
201800029522,0018-06-08 16:20:00,18,6,8,16,20,590,286,DAME RUE DU GENERAL,50.6,2.98,Plein jour,En agglomération,Intersection en T,Normale,Deux véhicules - côté,,,,,,,,,,,1,2,3,1.0,3.0
201800029523,0018-06-08 19:30:00,18,6,8,19,30,590,457,SAINT LEGER CITE/RUE GEN,50.66223,2.97967,Plein jour,En agglomération,Intersection en T,Normale,Deux véhicules - côté,,,,,,,,,,,1,2,3,1.0,3.0
201800029524,0018-06-10 21:30:00,18,6,10,21,30,590,350,LORRAINE BOULEVARD,50.63374,3.03884,Plein jour,En agglomération,Intersection en T,Normale,Deux véhicules - côté,,,,,,,,,,,1,2,3,1.0,3.0
201800029525,0018-06-03 03:25:00,18,6,3,3,25,590,350,JACQUET EUGENE RUE NøIMP,50.63736,3.08515,Nuit avec éclairage allumé,En agglomération,Intersection en T,Normale,Deux véhicules - côté,,,,,,,,,,,5,2,3,1.0,3.0
201800029526,0018-06-18 18:00:00,18,6,18,18,0,590,350,SAMAIN ALBERT RUE,50.34693,3.26843,Plein jour,En agglomération,Intersection en T,Normale,Deux véhicules - frontale,,,,,,,,,,,1,2,3,1.0,1.0
201800029527,0018-06-20 18:40:00,18,6,20,18,40,590,360,FLEURS RUE DES,50.61861,3.01972,Plein jour,En agglomération,Intersection en T,Normale,Deux véhicules - côté,,,,,,,,,,,1,2,3,1.0,3.0
201800029528,0018-06-20 20:25:00,18,6,20,20,25,590,9,CREATIVITE AVENUE DE LA,50.64077,3.14607,Plein jour,En agglomération,Intersection en X,Temps éblouissant,Deux véhicules - côté,,,,,,,,,,,1,2,2,7.0,3.0
201800029529,0018-06-13 17:20:00,18,6,13,17,20,590,648,DE LATTRE DE TASSIGNY RU,50.57883,3.03377,Plein jour,En agglomération,Hors intersection,Normale,Deux véhicules - frontale,,,,,,,,,,,1,2,1,1.0,1.0
201800029530,0018-06-22 08:20:00,18,6,22,8,20,590,350,SALENGRO ROGER RUE,50.62774,3.10752,Plein jour,En agglomération,Hors intersection,Normale,Autre collision,,,,,,,,,,,1,2,1,1.0,6.0
201800029531,0018-06-22 08:50:00,18,6,22,8,50,590,193,D. 341,50.60109,3.01035,Plein jour,Hors agglomération,Hors intersection,Normale,Deux véhicules - côté,,,,,,,,,,,1,1,1,1.0,3.0
201800029532,0018-06-22 23:10:00,18,6,22,23,10,590,328,BOIS RUE DU,50.6498,3.04478,Nuit avec éclairage allumé,En agglomération,Intersection en Y,Normale,Deux véhicules - côté,,,,,,,,,,,5,2,4,1.0,3.0
201800029533,0018-06-25 19:48:00,18,6,25,19,48,590,350,GRAND BUT RUE DU,50.64512,2.9745,Plein jour,En agglomération,Hors intersection,Normale,Deux véhicules - arrière,,,,,,,,,,,1,2,1,1.0,2.0
201800029534,0018-06-26 12:25:00,18,6,26,12,25,590,9,DOUMER PAUL RUE DU PRESI,50.60711,3.15015,Plein jour,En agglomération,Hors intersection,Normale,Deux véhicules - côté,,,,,,,,,,,1,2,1,1.0,3.0
201800029535,0018-06-26 19:30:00,18,6,26,19,30,590,386,MAERTENS GEORGES RUE,50.66571,3.04423,Plein jour,En agglomération,Intersection en X,Normale,Deux véhicules - côté,,,,,,,,,,,1,2,2,1.0,3.0
201800029536,0018-06-30 18:00:00,18,6,30,18,0,590,350,LIBERTE BVD Nø147 A FIN-,50.6345,3.05674,Plein jour,En agglomération,Intersection en X,Normale,Deux véhicules - frontale,,,,,,,,,,,1,2,2,1.0,1.0
201800029537,0018-06-29 07:18:00,18,6,29,7,18,590,350,CORBUSIER AVENUE LE,50.63933,3.07523,Plein jour,En agglomération,Hors intersection,Normale,Trois véhicules et plus - en chaîne,,,,,,,,,,,1,2,1,1.0,4.0
201800029538,0018-07-05 06:43:00,18,7,5,6,43,590,350,ALSACE BOULEVARD D,50.61762,3.06951,Plein jour,En agglomération,Hors intersection,Normale,Autre collision,,,,,,,,,,,1,2,1,1.0,6.0
201800029539,0018-06-26 10:15:00,18,6,26,10,15,590,360,CLEMENCEAU RUE,50.61596,3.01019,Plein jour,En agglomération,Intersection en X,Normale,Deux véhicules - côté,,,,,,,,,,,1,2,2,1.0,3.0
201800029540,0018-07-06 13:15:00,18,7,6,13,15,590,328,DUNKERQUE AVENUE DE,50.64163,3.01799,Plein jour,En agglomération,Intersection en T,Normale,Autre collision,,,,,,,,,,,1,2,3,1.0,6.0
201800029541,0018-06-14 18:45:00,18,6,14,18,45,590,220,FERRER RUE,50.61087,3.06443,Plein jour,En agglomération,Hors intersection,Normale,Deux véhicules - côté,,,,,,,,,,,1,2,1,1.0,3.0
201800029542,0018-07-06 11:10:00,18,7,6,11,10,590,350,CHAUDE RIVIERE RUE DE,50.63442,3.08164,Plein jour,En agglomération,Hors intersection,Normale,Deux véhicules - frontale,,,,,,,,,,,1,2,1,1.0,1.0
201800029543,0018-07-07 15:25:00,18,7,7,15,25,590,350,SANS PEUR RUE JEAN Nø1-6,50.631,3.05602,Plein jour,En agglomération,Intersection en X,Normale,Deux véhicules - côté,,,,,,,,,,,1,2,2,1.0,3.0
201800029544,0018-07-16 21:10:00,18,7,16,21,10,590,350,FAUBOURG D'ARRAS RUE,50.6041,3.05682,Plein jour,En agglomération,Intersection en T,Normale,Deux véhicules - côté,,,,,,,,,,,1,2,3,1.0,3.0
201800029545,0018-06-25 18:15:00,18,6,25,18,15,590,350,PLAINE RUE,50.62086,3.06804,Plein jour,En agglomération,Hors intersection,Normale,Autre collision,,,,,,,,,,,1,2,1,1.0,6.0
201800029546,0018-07-18 15:00:00,18,7,18,15,0,590,560,EPINETTE ROND POINT DE L,50.5491,3.05098,Plein jour,En agglomération,Giratoire,Normale,Autre collision,,,,,,,,,,,1,2,6,1.0,6.0
201800029547,0018-07-18 15:50:00,18,7,18,15,50,590,368,DE COUBERTIN PIERRE  BOU,50.64831,3.07013,Plein jour,En agglomération,Hors intersection,Normale,Deux véhicules - côté,,,,,,,,,,,1,2,1,1.0,3.0
201800029548,0018-07-20 10:30:00,18,7,20,10,30,590,350,BEETHOVEN AVENUE,50.61879,3.03351,Plein jour,En agglomération,Autre intersection,Normale,Autre collision,,,,,,,,,,,1,2,9,1.0,6.0
201800029549,0018-07-21 00:05:00,18,7,21,0,5,590,350,HEGEL RUE,50.63,3.01,Nuit avec éclairage allumé,En agglomération,Hors intersection,Normale,Deux véhicules - frontale,,,,,,,,,,,5,2,1,1.0,1.0
201800029550,0018-07-20 23:10:00,18,7,20,23,10,590,343,JAURES JEAN RUE,50.58152,3.09584,Nuit sans éclairage public,Hors agglomération,Giratoire,Normale,Deux véhicules - arrière,,,,,,,,,,,3,1,6,1.0,2.0
201800029551,0018-07-21 21:05:00,18,7,21,21,5,590,9,ROUBAIX AVENUE DE,50.65,3.16,Plein jour,Hors agglomération,Giratoire,Normale,Deux véhicules - côté,,,,,,,,,,,1,1,6,1.0,3.0
201800029552,0018-06-22 17:30:00,18,6,22,17,30,590,507,"EUROPE, Boulevard de",50.59852,3.10231,Plein jour,En agglomération,Hors intersection,Normale,Autre collision,,,,,,,,,,,1,2,1,1.0,6.0
201800029553,0018-07-24 09:40:00,18,7,24,9,40,590,350,WAZEMMES RUE DE Nø63-78,50.6228,3.06252,Plein jour,En agglomération,Hors intersection,Normale,Autre collision,,,,,,,,,,,1,2,1,1.0,6.0
201800029554,0018-07-25 18:00:00,18,7,25,18,0,590,378,REPUBLIQUE AV DE LA (Nø5,50.65276,3.08345,Plein jour,En agglomération,Hors intersection,Normale,Trois véhicules et plus - collisions multiples,,,,,,,,,,,1,2,1,1.0,5.0
201800029555,0018-07-26 07:45:00,18,7,26,7,45,590,410,PASCAL BLAISE RUE,50.63533,3.10225,Plein jour,En agglomération,Hors intersection,Normale,Deux véhicules - frontale,,,,,,,,,,,1,2,1,1.0,1.0
201800029556,0018-07-26 08:32:00,18,7,26,8,32,590,648,REIMS RUE DE,50.58494,3.06351,Plein jour,Hors agglomération,Hors intersection,Normale,Sans collision,,,,,,,,,,,1,1,1,1.0,7.0
201800029557,0018-07-27 16:55:00,18,7,27,16,55,590,286,JACQUART COU/PLACE JEAN,50.60536,2.98956,Plein jour,En agglomération,Intersection en Y,Normale,Autre collision,,,,,,,,,,,1,2,4,1.0,6.0
201800029558,0018-07-13 15:00:00,18,7,13,15,0,590,507,SALENGRO ROGER RUE,50.6039,3.09457,Plein jour,En agglomération,Hors intersection,Normale,Autre collision,,,,,,,,,,,1,2,1,1.0,6.0
201800029559,0018-08-02 17:20:00,18,8,2,17,20,590,350,COURMONT RUE,50.61947,3.06643,Plein jour,En agglomération,Hors intersection,Normale,Autre collision,,,,,,,,,,,1,2,1,1.0,6.0
201800029560,0018-08-02 16:50:00,18,8,2,16,50,590,350,ESQUERMES RUE  Nø PAIRS,50.6227,3.0406,Plein jour,En agglomération,Intersection en X,Normale,Deux véhicules - côté,,,,,,,,,,,1,2,2,1.0,3.0
201800029561,0018-08-04 22:50:00,18,8,4,22,50,590,350,SALENGRO ROGER RUE,50.6269,3.10962,Nuit avec éclairage allumé,En agglomération,Hors intersection,Normale,Trois véhicules et plus - en chaîne,,,,,,,,,,,5,2,1,1.0,4.0
201800029562,0018-08-06 09:20:00,18,8,6,9,20,590,378,PERI GABRIEL RUE,50.67495,3.08748,Plein jour,En agglomération,Hors intersection,Normale,Autre collision,,,,,,,,,,,1,2,1,1.0,6.0
201800029563,0018-08-06 10:15:00,18,8,6,10,15,590,350,BALLON RUE DU,50.6456,3.0789,Plein jour,En agglomération,Intersection en T,Normale,Deux véhicules - côté,,,,,,,,,,,1,2,3,1.0,3.0
201800029564,0018-08-07 23:00:00,18,8,7,23,0,590,350,SALENGRO ROGER AVENUE,50.62735,3.10864,Nuit avec éclairage allumé,En agglomération,Hors intersection,Pluie légère,Deux véhicules - côté,,,,,,,,,,,5,2,1,2.0,3.0
201800029565,0018-08-07 20:58:00,18,8,7,20,58,590,350,PARIS RUE Nø RESTE,50.63222,3.06833,Nuit avec éclairage allumé,En agglomération,Intersection en X,Temps couvert,Deux véhicules - côté,,,,,,,,,,,5,2,2,8.0,3.0
201800029566,0018-08-19 15:35:00,18,8,19,15,35,590,350,VAUBAN BOULEVARD Nø REST,50.63435,3.04851,Plein jour,En agglomération,Hors intersection,Normale,Deux véhicules - arrière,,,,,,,,,,,1,2,1,1.0,2.0
201800029567,0018-08-22 23:00:00,18,8,22,23,0,590,410,SCHUMAN ROBERT AVENUE,50.63333,3.1,Nuit avec éclairage allumé,En agglomération,Intersection en X,Normale,Deux véhicules - frontale,,,,,,,,,,,5,2,2,1.0,1.0
201800029568,0018-07-26 14:00:00,18,7,26,14,0,590,350,DECOULX PIERRE RUE,50.60703,3.03447,Plein jour,En agglomération,Hors intersection,Normale,Autre collision,,,,,,,,,,,1,2,1,1.0,6.0
201800029569,0018-08-25 21:18:00,18,8,25,21,18,590,350,SAINT AMAND RUE,50.6244,3.09178,Nuit avec éclairage allumé,En agglomération,Hors intersection,Normale,Deux véhicules - côté,,,,,,,,,,,5,2,1,1.0,3.0
201800029570,0018-08-28 21:40:00,18,8,28,21,40,590,648,SCHWIETZER RUE DU DOCTEU,50.88727,3.04221,Nuit avec éclairage allumé,En agglomération,Hors intersection,Normale,Deux véhicules - côté,,,,,,,,,,,5,2,1,1.0,3.0
201800029571,0018-08-30 10:00:00,18,8,30,10,0,590,350,COURBET RUE DE L'AMIRAL,50.6305,3.08531,Plein jour,En agglomération,Intersection en X,Normale,Autre collision,,,,,,,,,,,1,2,2,1.0,6.0
201800029572,0018-09-01 02:40:00,18,9,1,2,40,590,648,DE GAULLE RUE DU GENERAL,50.58647,3.05186,Nuit avec éclairage allumé,En agglomération,Hors intersection,Normale,Autre collision,,,,,,,,,,,5,2,1,1.0,6.0
201800029573,0018-09-01 17:55:00,18,9,1,17,55,590,128,FUSILLES RUE DES,50.63986,2.97054,Plein jour,En agglomération,Intersection en T,Normale,Deux véhicules - frontale,,,,,,,,,,,1,2,3,1.0,1.0
201800029574,0018-09-01 20:20:00,18,9,1,20,20,590,9,TOURNAI BOULEVARD DE,50.61538,3.12178,Nuit avec éclairage allumé,En agglomération,Intersection en X,Normale,Deux véhicules - côté,,,,,,,,,,,5,2,2,1.0,3.0
201800029575,0018-08-17 22:00:00,18,8,17,22,0,590,350,LEGRAND PIERRE RUE,50.63232,3.08725,Nuit avec éclairage allumé,En agglomération,Hors intersection,Normale,Deux véhicules - côté,,,,,,,,,,,5,2,1,1.0,3.0
201800029576,0018-09-04 15:55:00,18,9,4,15,55,590,9,CHEVALERIE RUE DE LA,50.6362,3.13071,Plein jour,En agglomération,Hors intersection,Normale,Autre collision,,,,,,,,,,,1,2,1,1.0,6.0
201800029577,0018-09-04 02:30:00,18,9,4,2,30,590,350,LAMBRET OSCAR AVENUE,50.6104,3.0385,Nuit avec éclairage allumé,En agglomération,Hors intersection,Normale,Autre collision,,,,,,,,,,,5,2,1,1.0,6.0
201800029578,0018-09-05 15:40:00,18,9,5,15,40,590,9,JAURES JEAN RUE    Nø5 A,50.65103,3.12525,Plein jour,En agglomération,Hors intersection,Normale,Autre collision,,,,,,,,,,,1,2,1,1.0,6.0
201800029579,0018-09-05 17:18:00,18,9,5,17,18,590,648,CLEMENCEAU RUE,50.59355,3.05096,Plein jour,En agglomération,Hors intersection,Normale,Deux véhicules - côté,,,,,,,,,,,1,2,1,1.0,3.0
201800029580,0018-09-07 18:10:00,18,9,7,18,10,590,328,DELESCAUX HENRI AVENUE,50.6447,3.03393,Plein jour,En agglomération,Hors intersection,Normale,Autre collision,,,,,,,,,,,1,2,1,1.0,6.0
201800029581,0018-09-08 13:05:00,18,9,8,13,5,590,350,HOOVER AVENUE DU PRESIDE,50.62616,3.07963,Plein jour,En agglomération,Autre intersection,Normale,Trois véhicules et plus - collisions multiples,,,,,,,,,,,1,2,9,1.0,5.0
201800029582,0018-09-11 14:05:00,18,9,11,14,5,590,9,"HALLEY, Avenue",50.60511,3.1492,Plein jour,En agglomération,Hors intersection,Normale,Autre collision,,,,,,,,,,,1,2,1,1.0,6.0
201800029583,0018-09-15 00:27:00,18,9,15,0,27,590,350,FAUBOURG DE BETHUNE RUE,50.61773,3.0276,Nuit avec éclairage allumé,En agglomération,Hors intersection,Normale,Deux véhicules - côté,,,,,,,,,,,5,2,1,1.0,3.0
201800029584,0018-09-16 05:35:00,18,9,16,5,35,590,350,ARC RUE JEANNE D,50.62432,3.03515,Nuit avec éclairage allumé,En agglomération,Intersection en X,Normale,Deux véhicules - côté,,,,,,,,,,,5,2,2,1.0,3.0
201800029585,0018-09-16 07:30:00,18,9,16,7,30,590,560,MULLIER JEAN BAPTISTE RU,50.52943,3.05356,Plein jour,En agglomération,Hors intersection,Normale,Trois véhicules et plus - en chaîne,,,,,,,,,,,1,2,1,1.0,4.0
201800029586,0018-09-20 20:25:00,18,9,20,20,25,590,585,D 952,50.56443,3.05463,Nuit sans éclairage public,Hors agglomération,Hors intersection,Normale,Trois véhicules et plus - collisions multiples,,,,,,,,,,,3,1,1,1.0,5.0
201800029587,0018-09-21 15:45:00,18,9,21,15,45,590,507,JAURES JEAN AVENUE.,50.59147,3.08488,Plein jour,En agglomération,Intersection en T,Normale,Autre collision,,,,,,,,,,,1,2,3,1.0,6.0
201800029588,0018-09-22 07:45:00,18,9,22,7,45,590,350,STATIONS RUE Nø RESTE,50.62676,3.04325,Plein jour,En agglomération,Intersection en X,Normale,Deux véhicules - côté,,,,,,,,,,,1,2,2,1.0,3.0
201800029589,0018-09-18 19:40:00,18,9,18,19,40,590,360,REPUBLIQUE BOULEVARD DE,50.61083,3.01302,Crépuscule ou aube,En agglomération,Hors intersection,Normale,Autre collision,,,,,,,,,,,2,2,1,1.0,6.0
201800029590,0018-09-24 17:10:00,18,9,24,17,10,590,350,FAIDHERBE RUE,50.63676,3.0687,Plein jour,En agglomération,Autre intersection,Normale,Deux véhicules - côté,,,,,,,,,,,1,2,9,1.0,3.0
201800029591,0018-09-24 16:35:00,18,9,24,16,35,590,350,SOLFERINO RUE Nø208-FIN-,50.62595,3.06473,Plein jour,En agglomération,Hors intersection,Normale,Deux véhicules - côté,,,,,,,,,,,1,2,1,1.0,3.0
201800029592,0018-09-22 20:15:00,18,9,22,20,15,590,350,LIBERTE BVD Nø147 A FIN-,50.63021,3.06469,Nuit avec éclairage allumé,En agglomération,Autre intersection,Pluie légère,Deux véhicules - côté,,,,,,,,,,,5,2,9,2.0,3.0
201800029593,0018-09-27 06:55:00,18,9,27,6,55,590,350,LANNOY RUE,50.6341,3.09559,Crépuscule ou aube,En agglomération,Intersection en X,Normale,Deux véhicules - frontale,,,,,,,,,,,2,2,2,1.0,1.0
201800029594,0018-09-16 22:35:00,18,9,16,22,35,590,350,POSTES RUE Nø RESTE,50.62132,3.05247,Nuit avec éclairage allumé,En agglomération,Hors intersection,Normale,Deux véhicules - arrière,,,,,,,,,,,5,2,1,1.0,2.0
201800029595,0018-09-08 18:50:00,18,9,8,18,50,590,566,COMMERCE BOULEVARD DU,50.63748,2.96729,Plein jour,En agglomération,Giratoire,Normale,Deux véhicules - arrière,,,,,,,,,,,1,2,6,1.0,2.0
201800029596,0018-09-02 19:00:00,18,9,2,19,0,590,648,CHARLES GUILLAIN AVENUE,50.58912,3.04857,Plein jour,En agglomération,Giratoire,Normale,Deux véhicules - côté,,,,,,,,,,,1,2,6,1.0,3.0
201800029597,0018-10-03 08:10:00,18,10,3,8,10,590,350,ISLY RUE,,,Plein jour,En agglomération,Intersection en T,Normale,Deux véhicules - côté,,,,,,,,,,,1,2,3,1.0,3.0
201800029598,0018-09-21 13:25:00,18,9,21,13,25,590,350,MONTEBELLO BOULEVARD Nø,50.61868,3.04959,Plein jour,En agglomération,Giratoire,Normale,Deux véhicules - frontale,,,,,,,,,,,1,2,6,1.0,1.0
201800029599,0018-10-04 16:35:00,18,10,4,16,35,590,410,VOLTAIRE RUE,50.63436,3.10774,Plein jour,En agglomération,Hors intersection,Normale,Deux véhicules - côté,,,,,,,,,,,1,2,1,1.0,3.0
201800029600,0018-07-21 11:30:00,18,7,21,11,30,590,350,CAULIER MADELEINE PLACE,50.63684,3.08698,Plein jour,En agglomération,Autre intersection,Normale,Autre collision,,,,,,,,,,,1,2,9,1.0,6.0
201800029601,0018-09-14 17:00:00,18,9,14,17,0,590,457,PREVOTE RUE DE LA,50.6697,2.97159,Plein jour,En agglomération,Intersection en T,Normale,Deux véhicules - côté,,,,,,,,,,,1,2,3,1.0,3.0
201800029602,0018-10-10 11:50:00,18,10,10,11,50,590,378,BRIQUETERIE RUE DE LA,50.66779,3.08031,Plein jour,En agglomération,Hors intersection,Normale,Autre collision,,,,,,,,,,,1,2,1,1.0,6.0
201800029603,0018-10-10 18:05:00,18,10,10,18,5,590,286,CARNOT SADI RUE,50.61066,2.98344,Plein jour,En agglomération,Autre intersection,Normale,Autre collision,,,,,,,,,,,1,2,9,1.0,6.0
201800029604,0018-10-13 17:20:00,18,10,13,17,20,590,350,FAUBOURG D'ARRAS RUE,50.61667,3.06314,Plein jour,En agglomération,Autre intersection,Normale,Trois véhicules et plus - collisions multiples,,,,,,,,,,,1,2,9,1.0,5.0
201800029605,0018-10-14 16:15:00,18,10,14,16,15,590,560,EPINETTE RUE DE L,50.55508,3.05844,Plein jour,En agglomération,Hors intersection,Normale,Deux véhicules - côté,,,,,,,,,,,1,2,1,1.0,3.0
201800029606,0018-10-08 18:20:00,18,10,8,18,20,590,507,DESCARTES RENE AVENUE,50.59421,3.09677,Plein jour,En agglomération,Intersection en T,Normale,Deux véhicules - côté,,,,,,,,,,,1,2,3,1.0,3.0
201800029607,0018-07-20 12:40:00,18,7,20,12,40,590,507,LECLERC RUE DU GENERAL,50.58719,3.08814,Plein jour,En agglomération,Hors intersection,Normale,Deux véhicules - arrière,,,,,,,,,,,1,2,1,1.0,2.0
201800029608,0018-10-01 17:50:00,18,10,1,17,50,590,350,COURBET RUE DE L'AMIRAL,50.63054,3.08529,Plein jour,En agglomération,Intersection en X,Normale,Deux véhicules - côté,,,,,,,,,,,1,2,2,1.0,3.0
201800029609,0018-10-19 23:10:00,18,10,19,23,10,590,343,GAMAND RUE DE,50.34,3.07,Nuit avec éclairage allumé,En agglomération,Hors intersection,Normale,Autre collision,,,,,,,,,,,5,2,1,1.0,6.0
201800029610,0018-09-24 17:00:00,18,9,24,17,0,590,350,MARAIS DE LOMME RUE,,,Plein jour,En agglomération,Hors intersection,Normale,Deux véhicules - côté,,,,,,,,,,,1,2,1,1.0,3.0
201800029611,0018-10-21 04:25:00,18,10,21,4,25,590,350,ARC RUE JEANNE D,50.0,3.0,Nuit avec éclairage allumé,En agglomération,Hors intersection,Normale,Autre collision,,,,,,,,,,,5,2,1,1.0,6.0
201800029612,0018-10-10 12:00:00,18,10,10,12,0,590,410,DE GAULLE RUE DU GENERAL,50.64256,3.09365,Plein jour,En agglomération,Intersection en T,Normale,Deux véhicules - arrière,,,,,,,,,,,1,2,3,1.0,2.0
201800029613,0018-09-07 17:05:00,18,9,7,17,5,590,560,BOUVRY ROGER RUE,50.54908,3.02929,Plein jour,En agglomération,Hors intersection,Normale,Autre collision,,,,,,,,,,,1,2,1,1.0,6.0
201800029614,0018-10-23 16:30:00,18,10,23,16,30,590,220,FERRER RUE,50.61214,3.0625,Plein jour,En agglomération,Hors intersection,Normale,Autre collision,,,,,,,,,,,1,2,1,1.0,6.0
201800029615,0018-10-24 17:40:00,18,10,24,17,40,590,350,CORDONNIER DENIS AVENUE,50.62389,3.08035,Plein jour,En agglomération,Hors intersection,Normale,Deux véhicules - côté,,,,,,,,,,,1,2,1,1.0,3.0
201800029616,0018-09-28 18:00:00,18,9,28,18,0,590,350,CHATEAU D'ISENGHEIN RUE,50.65044,2.98399,Plein jour,En agglomération,Hors intersection,Normale,Deux véhicules - côté,,,,,,,,,,,1,2,1,1.0,3.0
201800029617,0018-10-28 09:00:00,18,10,28,9,0,590,386,PASTEUR RUE,50.67356,3.05534,Plein jour,En agglomération,Intersection en X,Normale,Deux véhicules - frontale,,,,,,,,,,,1,2,2,1.0,1.0
201800029618,0018-10-31 18:40:00,18,10,31,18,40,590,9,TICLENI RUE DE,50.60958,3.15281,Nuit avec éclairage allumé,En agglomération,Hors intersection,Pluie légère,Autre collision,,,,,,,,,,,5,2,1,2.0,6.0
201800029619,0018-11-02 21:00:00,18,11,2,21,0,590,378,MARNE AVENUE DE LA,50.67658,3.11112,Nuit avec éclairage allumé,En agglomération,Intersection en X,Normale,Deux véhicules - côté,,,,,,,,,,,5,2,2,1.0,3.0
201800029620,0018-11-04 01:16:00,18,11,4,1,16,590,350,CHANZY RUE,50.62459,3.09826,Nuit avec éclairage allumé,En agglomération,Intersection en X,Normale,Deux véhicules - côté,,,,,,,,,,,5,2,2,1.0,3.0