accident_id,datetime,annee,mois,jour,heure,minute,departement,commune_insee,adresse,latitude,longitude,luminosite,agglomeration,intersection,meteo,collision,nb_vehicules,nb_usagers,nb_indemnes,nb_tues,nb_blesses_hosp,nb_blesses_legers,age_cond_1,age_cond_2,veh_type_cond_1,veh_type_cond_2,lum_code,agg_code,int_code,atm_code,col_code
201800029740,0018-12-23 17:20:00,18,12,23,17,20,590,512,MOTTE (AVENUE ALFRED),50.67384,3.19306,Nuit avec éclairage allumé,En agglomération,Intersection en X,Pluie légère,Deux véhicules - côté,,,,,,,,,,,5,2,2,2.0,3.0
201800029741,0018-12-23 21:00:00,18,12,23,21,0,590,512,TOURCOING (RUE DE),50.70557,3.17005,Nuit avec éclairage allumé,En agglomération,Intersection en X,Pluie légère,Autre collision,,,,,,,,,,,5,2,2,2.0,6.0
201800029742,0018-12-27 09:45:00,18,12,27,9,45,590,512,LECLERC (BOULEVARD DU GE,50.6875,3.175,Plein jour,En agglomération,Intersection à plus de 4 branches,Normale,Autre collision,,,,,,,,,,,1,2,5,1.0,6.0
201800029743,0018-01-05 19:15:00,18,1,5,19,15,590,526,CD169A GRISE CHEMISE,50.42055,3.2646,Nuit sans éclairage public,Hors agglomération,Hors intersection,Normale,Deux véhicules - frontale,,,,,,,,,,,3,1,1,1.0,1.0
201800029744,0018-04-05 11:05:00,18,4,5,11,5,590,526,DE LA PANNERIE,50.2716,50.0,Plein jour,En agglomération,Autre intersection,Normale,Deux véhicules - frontale,,,,,,,,,,,1,2,9,1.0,1.0
201800029745,0018-04-18 16:45:00,18,4,18,16,45,590,284,CD40,50.24,3.2422,Plein jour,Hors agglomération,Intersection en T,Temps éblouissant,Trois véhicules et plus - collisions multiples,,,,,,,,,,,1,1,3,7.0,5.0
201800029746,0018-05-22 10:50:00,18,5,22,10,50,590,284,VICTOR RENARD,50.4139,3.36358,Plein jour,Hors agglomération,Hors intersection,Normale,Deux véhicules - frontale,,,,,,,,,,,1,1,1,1.0,1.0
201800029747,0018-01-15 08:25:00,18,1,15,8,25,590,599,"115, BRUN PAIN (RUE DU)",50.72613,3.14161,Plein jour,En agglomération,Hors intersection,Normale,Autre collision,,,,,,,,,,,1,2,1,1.0,6.0
201800029748,0018-01-27 02:20:00,18,1,27,2,20,590,152,"28, HURLUPIN (RUE D')",50.76494,3.00817,Nuit avec éclairage allumé,En agglomération,Hors intersection,Normale,Autre collision,,,,,,,,,,,5,2,1,1.0,6.0
201800029749,0018-02-02 14:40:00,18,2,2,14,40,590,599,LAFAYETTE ( AVENUE),50.71755,3.16861,Plein jour,En agglomération,Hors intersection,Pluie forte,Autre collision,,,,,,,,,,,1,2,1,3.0,6.0
201800029750,0018-03-11 18:20:00,18,3,11,18,20,590,599,BETHUNE (RUE DE),50.72281,3.12891,Plein jour,En agglomération,Hors intersection,Normale,Deux véhicules - arrière,,,,,,,,,,,1,2,1,1.0,2.0
201800029751,0018-02-07 15:00:00,18,2,7,15,0,590,599,"75, NATIONALE (RUE)",50.72696,3.1556,Plein jour,En agglomération,Hors intersection,Normale,Autre collision,,,,,,,,,,,1,2,1,1.0,6.0
201800029752,0018-02-19 16:40:00,18,2,19,16,40,590,599,GUERRE (AVE FIN DE LA),50.72965,3.14284,Plein jour,En agglomération,Intersection en X,Normale,Deux véhicules - côté,,,,,,,,,,,1,2,2,1.0,3.0
201800029753,0018-03-10 10:40:00,18,3,10,10,40,590,599,"42, GAMBETTA (BOULEVARD)",50.71445,3.15878,Plein jour,En agglomération,Hors intersection,Normale,Autre collision,,,,,,,,,,,1,2,1,1.0,6.0
201800029754,0018-03-13 17:30:00,18,3,13,17,30,590,508,HALLUIN (BOULEVARD D'),50.7528,3.12882,Plein jour,En agglomération,Hors intersection,Normale,Deux véhicules - arrière,,,,,,,,,,,1,2,1,1.0,2.0
201800029755,0018-03-18 07:50:00,18,3,18,7,50,590,599,"107, CURIE (CHAUSSEE PIE",50.73356,3.18094,Crépuscule ou aube,En agglomération,Hors intersection,Normale,Autre collision,,,,,,,,,,,2,2,1,1.0,6.0
201800029756,0018-03-30 22:30:00,18,3,30,22,30,590,352,TOURCOING (RUE),50.74128,3.08416,Nuit avec éclairage allumé,En agglomération,Intersection en X,Normale,Deux véhicules - côté,,,,,,,,,,,5,2,2,1.0,3.0
201800029757,0018-03-14 06:30:00,18,3,14,6,30,590,98,"13, WERVICQ (RUE DE)",50.7721,3.07724,Crépuscule ou aube,En agglomération,Hors intersection,Normale,Deux véhicules - côté,,,,,,,,,,,2,2,1,1.0,3.0
201800029758,0018-04-17 19:00:00,18,4,17,19,0,590,599,BERTHELOT CHAUSSEE MARC,50.72693,3.18261,Plein jour,En agglomération,Intersection en T,Normale,Deux véhicules - côté,,,,,,,,,,,1,2,3,1.0,3.0
201800029759,0018-04-21 21:15:00,18,4,21,21,15,590,279,LILLE (RUE DE),50.78281,3.12608,Crépuscule ou aube,En agglomération,Intersection en X,Normale,Deux véhicules - côté,,,,,,,,,,,2,2,2,1.0,3.0
201800029760,0018-03-31 20:45:00,18,3,31,20,45,590,599,TURENNE  (RUE DE),50.71848,3.15659,Nuit avec éclairage allumé,En agglomération,Intersection en T,Normale,Deux véhicules - côté,,,,,,,,,,,5,2,3,1.0,3.0
201800029761,0018-03-12 16:00:00,18,3,12,16,0,590,599,"42, GAMBETTA (BOULEVARD)",50.7145,3.15824,Plein jour,En agglomération,Hors intersection,Pluie légère,Autre collision,,,,,,,,,,,1,2,1,2.0,6.0
201800029762,0018-04-17 20:00:00,18,4,17,20,0,590,599,LHOMOND (RUE),50.69598,3.15258,Plein jour,En agglomération,Hors intersection,Normale,Autre collision,,,,,,,,,,,1,2,1,1.0,6.0
201800029763,0018-04-26 01:45:00,18,4,26,1,45,590,426,DRONCKAERT (SENTIER),50.75367,3.14353,Nuit avec éclairage allumé,En agglomération,Hors intersection,Normale,Autre collision,,,,,,,,,,,5,2,1,1.0,6.0
201800029764,0018-04-10 13:15:00,18,4,10,13,15,590,599,GAMBETTA (BOULEVARD),50.71334,3.15893,Plein jour,En agglomération,Hors intersection,Normale,Autre collision,,,,,,,,,,,1,2,1,1.0,6.0
201800029765,0018-04-28 17:00:00,18,4,28,17,0,590,279,LILLE (RUE DE),50.77978,3.12508,Plein jour,En agglomération,Intersection en Y,Normale,Trois véhicules et plus - collisions multiples,,,,,,,,,,,1,2,4,1.0,5.0
201800029766,0018-05-05 13:55:00,18,5,5,13,55,590,279,NOLLET (RUE MARTHE),49.84034,-1.96278,Plein jour,En agglomération,Hors intersection,Normale,Autre collision,,,,,,,,,,,1,2,1,1.0,6.0
201800029767,0018-05-10 19:05:00,18,5,10,19,5,590,599,ROITELET (RUE DU),50.74097,3.17854,Plein jour,En agglomération,Hors intersection,Normale,Deux véhicules - frontale,,,,,,,,,,,1,2,1,1.0,1.0
201800029768,0018-05-17 06:20:00,18,5,17,6,20,590,599,PIERRES (RUE DES TROIS),50.72778,3.18923,Plein jour,En agglomération,Intersection en T,Normale,Deux véhicules - frontale,,,,,,,,,,,1,2,3,1.0,1.0
201800029769,0018-05-17 21:25:00,18,5,17,21,25,590,98,LINSELLES (RUE DE),50.77119,3.07832,Crépuscule ou aube,En agglomération,Hors intersection,Normale,Autre collision,,,,,,,,,,,2,2,1,1.0,6.0
201800029770,0018-05-24 17:50:00,18,5,24,17,50,590,656,LYS ( BOULEVARD DE LA ),50.75282,3.05235,Plein jour,Hors agglomération,Autre intersection,Pluie forte,Deux véhicules - côté,,,,,,,,,,,1,1,9,3.0,3.0
201800029771,0018-06-06 02:45:00,18,6,6,2,45,590,599,FOREST (CHAUSSEE FERNAND,50.73793,3.16129,Nuit avec éclairage allumé,En agglomération,Hors intersection,Normale,Deux véhicules - arrière,,,,,,,,,,,5,2,1,1.0,2.0
201800029772,0018-06-15 19:15:00,18,6,15,19,15,590,599,PIATS (RUE DES),50.72368,3.17216,Plein jour,En agglomération,Hors intersection,Normale,Autre collision,,,,,,,,,,,1,2,1,1.0,6.0
201800029773,0018-06-18 16:50:00,18,6,18,16,50,590,90,FORT MONTAGNE (RUE),50.70285,3.09059,Plein jour,En agglomération,Hors intersection,Normale,Autre collision,,,,,,,,,,,1,2,1,1.0,6.0
201800029774,0018-06-16 11:30:00,18,6,16,11,30,590,279,(RUE DE) LILLE,50.78295,3.12623,Plein jour,En agglomération,Intersection en X,Normale,Autre collision,,,,,,,,,,,1,2,2,1.0,6.0
201800029775,0018-06-15 18:30:00,18,6,15,18,30,590,599,HOUPLINE (RUE DU CHÒNE),50.72821,3.16951,Plein jour,En agglomération,Hors intersection,Normale,Autre collision,,,,,,,,,,,1,2,1,1.0,6.0
201800029776,0018-07-04 17:10:00,18,7,4,17,10,590,599,YSER (RUE DE L'),50.74628,3.17685,Plein jour,En agglomération,Intersection en T,Normale,Deux véhicules - côté,,,,,,,,,,,1,2,3,1.0,3.0
201800029777,0018-07-06 15:10:00,18,7,6,15,10,590,90,CALMETTE (AVENUE ALBERT),50.71635,3.13012,Plein jour,En agglomération,Hors intersection,Normale,Deux véhicules - frontale,,,,,,,,,,,1,2,1,1.0,1.0
201800029778,0018-07-21 15:00:00,18,7,21,15,0,590,599,FOREST (CHAUSSEE FERNAND,50.73659,3.15277,Plein jour,En agglomération,Hors intersection,Normale,Deux véhicules - côté,,,,,,,,,,,1,2,1,1.0,3.0
201800029779,0018-07-20 22:45:00,18,7,20,22,45,590,599,YSER (RUE DE L'),50.74397,3.17276,Nuit avec éclairage allumé,En agglomération,Hors intersection,Normale,Autre collision,,,,,,,,,,,5,2,1,1.0,6.0
201800029780,0018-08-08 11:00:00,18,8,8,11,0,590,279,SIMONO (RUE MAURICE),50.78471,3.12081,Plein jour,En agglomération,Hors intersection,Normale,Autre collision,,,,,,,,,,,1,2,1,1.0,6.0
201800029781,0018-08-11 23:44:00,18,8,11,23,44,590,599,GAND (RUE DE),50.73449,3.16141,Nuit avec éclairage allumé,En agglomération,Intersection en T,Normale,Deux véhicules - côté,,,,,,,,,,,5,2,3,1.0,3.0
201800029782,0018-08-17 13:00:00,18,8,17,13,0,590,599,LEHOUCQ (RUE FIDELE),50.72094,3.15811,Plein jour,En agglomération,Intersection en X,Normale,Deux véhicules - côté,,,,,,,,,,,1,2,2,1.0,3.0
201800029783,0018-09-15 22:25:00,18,9,15,22,25,590,279,RUE DE L'ABBE LEMIRE,50.77683,3.13309,Nuit avec éclairage allumé,En agglomération,Intersection en X,Normale,Autre collision,,,,,,,,,,,5,2,2,1.0,6.0
201800029784,0018-09-11 18:00:00,18,9,11,18,0,590,508,LILLE (RUE DE)LATERALE,50.75087,3.12019,Plein jour,En agglomération,Intersection en Y,Normale,Deux véhicules - côté,,,,,,,,,,,1,2,4,1.0,3.0
201800029785,0018-09-28 17:59:00,18,9,28,17,59,590,599,MARLIERE (RUE DE LA),50.73575,3.1935,Plein jour,En agglomération,Intersection en T,Normale,Deux véhicules - côté,,,,,,,,,,,1,2,3,1.0,3.0
201800029786,0018-10-01 08:30:00,18,10,1,8,30,590,599,BAILLE (RUE DE LA),50.73206,3.15544,Plein jour,En agglomération,Hors intersection,Normale,Autre collision,,,,,,,,,,,1,2,1,1.0,6.0
201800029787,0018-09-27 18:10:00,18,9,27,18,10,590,599,GAMBETTA (BOULEVARD),50.71197,3.15937,Plein jour,En agglomération,Hors intersection,Normale,Deux véhicules - arrière,,,,,,,,,,,1,2,1,1.0,2.0
201800029788,0018-10-07 20:00:00,18,10,7,20,0,590,599,SCHWEITZER (RUE DU DOCTE,50.74199,3.18248,Nuit avec éclairage allumé,En agglomération,Hors intersection,Normale,Deux véhicules - frontale,,,,,,,,,,,5,2,1,1.0,1.0
201800029789,0018-11-02 16:30:00,18,11,2,16,30,590,599,WATT (CHAUSSEE),50.7268,3.13509,Plein jour,En agglomération,Hors intersection,Normale,Autre collision,,,,,,,,,,,1,2,1,1.0,6.0
201800029790,0018-11-16 19:45:00,18,11,16,19,45,590,352,HAUTEVALLE ROUTE,50.73784,3.08821,Nuit avec éclairage non allumé,En agglomération,Intersection en T,Brouillard / fumée,Autre collision,,,,,,,,,,,4,2,3,5.0,6.0
201800029791,0018-12-04 11:00:00,18,12,4,11,0,590,90,GAULLE (AVENUE DU GENERA,50.71972,3.10972,Plein jour,En agglomération,Giratoire,Normale,Deux véhicules - côté,,,,,,,,,,,1,2,6,1.0,3.0
201800029792,0018-12-04 11:20:00,18,12,4,11,20,590,279,SIMONO (RUE MAURICE),50.78176,3.12202,Plein jour,En agglomération,Intersection en T,Normale,Autre collision,,,,,,,,,,,1,2,3,1.0,6.0
201800029793,0018-12-08 11:10:00,18,12,8,11,10,590,426,LECROART (RUE FERNAND),50.74828,3.15188,Plein jour,En agglomération,Intersection en X,Temps éblouissant,Autre collision,,,,,,,,,,,1,2,2,7.0,6.0
201800029794,0018-12-10 13:30:00,18,12,10,13,30,590,599,HALOT (RUE DU),50.7111,3.1491,Plein jour,En agglomération,Intersection en X,Normale,Deux véhicules - côté,,,,,,,,,,,1,2,2,1.0,3.0
201800029795,0018-12-12 18:30:00,18,12,12,18,30,590,421,TOURCOING (RUE DE),50.71707,3.13973,Nuit avec éclairage allumé,En agglomération,Hors intersection,Normale,Sans collision,,,,,,,,,,,5,2,1,1.0,7.0
201800029796,0018-12-12 01:45:00,18,12,12,1,45,590,90,LEBAS (RUE JEAN BAPTISTE,50.7174,3.1123,Nuit avec éclairage allumé,Hors agglomération,Hors intersection,Normale,Autre collision,,,,,,,,,,,5,1,1,1.0,6.0
201800029797,0018-12-15 12:00:00,18,12,15,12,0,590,599,GRAMME (CHAUSSEE),50.73706,3.1726,Plein jour,En agglomération,Hors intersection,Normale,Deux véhicules - arrière,,,,,,,,,,,1,2,1,1.0,2.0
201800029798,0018-12-15 18:30:00,18,12,15,18,30,590,599,INGRES (RUE),,,Nuit avec éclairage allumé,En agglomération,Intersection en T,Neige / grêle,Deux véhicules - côté,,,,,,,,,,,5,2,3,4.0,3.0
201800029799,0018-12-18 14:15:00,18,12,18,14,15,590,421,CARNOT (BLD) DE1 A 29,,,Plein jour,En agglomération,Hors intersection,Normale,Deux véhicules - arrière,,,,,,,,,,,1,2,1,1.0,2.0
201800029800,0018-12-18 14:20:00,18,12,18,14,20,590,599,CHATEAUBRIAND (RUE),50.71795,3.175,Plein jour,En agglomération,Hors intersection,Normale,Autre collision,,,,,,,,,,,1,2,1,1.0,6.0
201800029801,0018-12-19 08:20:00,18,12,19,8,20,590,599,GAMBETTA (BOULEVARD),50.70811,3.1597,Plein jour,En agglomération,Hors intersection,Normale,Autre collision,,,,,,,,,,,1,2,1,1.0,6.0
201800029802,0018-12-22 17:30:00,18,12,22,17,30,590,508,RUE DE LILLE,50.72812,3.11253,Nuit avec éclairage allumé,En agglomération,Hors intersection,Temps couvert,Autre collision,,,,,,,,,,,5,2,1,8.0,6.0
201800029803,0018-12-23 21:15:00,18,12,23,21,15,590,599,MILLET (AVENUE JEAN),50.724,3.15,Nuit avec éclairage allumé,En agglomération,Intersection en T,Pluie légère,Autre collision,,,,,,,,,,,5,2,3,2.0,6.0
201800029804,0018-12-26 14:20:00,18,12,26,14,20,590,599,DROUOT (RUE DU GENERAL),50.73009,3.18251,Plein jour,En agglomération,Hors intersection,Normale,Deux véhicules - frontale,,,,,,,,,,,1,2,1,1.0,1.0
201800029805,0018-12-23 17:03:00,18,12,23,17,3,590,599,EGALITE (BOULEVARD DE L',50.73203,3.16786,Nuit avec éclairage allumé,En agglomération,Hors intersection,Normale,Autre collision,,,,,,,,,,,5,2,1,1.0,6.0
201800029806,0018-12-28 14:30:00,18,12,28,14,30,590,599,JUIN (RUE DU MARECHAL),50.73333,3.18333,Plein jour,En agglomération,Hors intersection,Normale,Autre collision,,,,,,,,,,,1,2,1,1.0,6.0
201800029807,0018-12-29 19:45:00,18,12,29,19,45,590,421,LILLE (RUE DE),50.70088,3.13434,Nuit avec éclairage allumé,En agglomération,Autre intersection,Normale,Trois véhicules et plus - collisions multiples,,,,,,,,,,,5,2,9,1.0,5.0
201800029808,0018-01-02 21:30:00,18,1,2,21,30,590,613,RD 50,50.40707,3.60972,Nuit sans éclairage public,Hors agglomération,Hors intersection,Autre,Deux véhicules - frontale,,,,,,,,,,,3,1,1,9.0,1.0
201800029809,0018-12-28 17:05:00,18,12,28,17,5,590,447,ESTREUX (RUE D'),50.38473,3.59364,Crépuscule ou aube,En agglomération,Intersection en T,Temps couvert,Autre collision,,,,,,,,,,,2,2,3,8.0,6.0
201800029810,0018-01-03 18:05:00,18,1,3,18,5,590,491,"0, DURRE (RUE HENRI)",50.38802,3.48828,Nuit avec éclairage allumé,En agglomération,Intersection en T,Normale,Deux véhicules - côté,,,,,,,,,,,5,2,3,1.0,3.0
201800029811,0018-01-19 14:05:00,18,1,19,14,5,590,484,287 Avenue Jean Jaurès,50.40023,3.65721,Plein jour,En agglomération,Hors intersection,Normale,Autre collision,,,,,,,,,,,1,2,1,1.0,6.0
201800029812,0018-01-27 13:00:00,18,1,27,13,0,590,564,"0, NICOD (PLACE DU CAPIT",50.35051,3.4837,Plein jour,En agglomération,Place,Normale,Sans collision,,,,,,,,,,,1,2,7,1.0,7.0
201800029813,0018-02-02 19:45:00,18,2,2,19,45,590,606,"1, SENATEUR GIRARD (AVEN",50.36106,3.51723,Nuit avec éclairage allumé,En agglomération,Hors intersection,Normale,Autre collision,,,,,,,,,,,5,2,1,1.0,6.0
201800029814,0018-01-03 18:30:00,18,1,3,18,30,590,544,"96, JAURES (RUE JEAN)",50.36918,3.55086,Nuit avec éclairage allumé,En agglomération,Hors intersection,Normale,Autre collision,,,,,,,,,,,5,2,1,1.0,6.0
201800029815,0018-01-12 16:30:00,18,1,12,16,30,590,459,"62, FRANCK (RUE RENE)",50.36808,3.47238,Plein jour,En agglomération,Hors intersection,Normale,Autre collision,,,,,,,,,,,1,2,1,1.0,6.0
201800029816,0018-01-11 12:45:00,18,1,11,12,45,590,383,"00, BARBUSSE (AVENUE HEN",50.34275,3.55186,Plein jour,En agglomération,Giratoire,Normale,Deux véhicules - frontale,,,,,,,,,,,1,2,6,1.0,1.0
201800029817,0018-02-22 16:00:00,18,2,22,16,0,590,479,"20, JAURES (AVENUE JEAN)",50.39083,3.6175,Plein jour,En agglomération,Hors intersection,Normale,Deux véhicules - frontale,,,,,,,,,,,1,2,1,1.0,1.0
201800029818,0018-03-28 15:00:00,18,3,28,15,0,590,606,"1, MONNAYEURS (RUE DES)",50.36346,3.51828,Plein jour,En agglomération,Hors intersection,Normale,Autre collision,,,,,,,,,,,1,2,1,1.0,6.0
201800029819,0018-03-20 16:35:00,18,3,20,16,35,590,606,"19, LIEGE (AVENUE DE)",50.3625,3.53277,Plein jour,En agglomération,Hors intersection,Temps éblouissant,Autre collision,,,,,,,,,,,1,2,1,7.0,6.0
201800029820,0018-03-22 17:50:00,18,3,22,17,50,590,207,JAURES (RUE JEAN),50.42027,3.55861,Plein jour,En agglomération,Hors intersection,Normale,Deux véhicules - frontale,,,,,,,,,,,1,2,1,1.0,1.0
201800029821,0018-02-04 22:00:00,18,2,4,22,0,590,32,"00, LUMIERE (RUE DES FRE",50.32913,3.51134,Nuit avec éclairage allumé,En agglomération,Hors intersection,Normale,Autre collision,,,,,,,,,,,5,2,1,1.0,6.0
201800029822,0018-03-11 01:55:00,18,3,11,1,55,590,606,"0, SENATEUR GIRARD (AVEN",50.36158,3.51765,Nuit avec éclairage allumé,En agglomération,Giratoire,Pluie forte,Autre collision,,,,,,,,,,,5,2,6,3.0,6.0
201800029823,0018-03-12 08:15:00,18,3,12,8,15,590,606,"0, MAGALOTTI (RUE)",50.36074,3.51381,Plein jour,En agglomération,Hors intersection,Normale,Autre collision,,,,,,,,,,,1,2,1,1.0,6.0
201800029824,0018-03-12 13:45:00,18,3,12,13,45,590,459,"0, ZAC AUCHAN",50.37528,3.47489,Plein jour,En agglomération,Autre intersection,Normale,Autre collision,,,,,,,,,,,1,2,9,1.0,6.0
201800029825,0018-03-15 20:00:00,18,3,15,20,0,590,606,"0, LEVASSEUR (RUE ROSALI",50.36869,3.5148,Crépuscule ou aube,En agglomération,Intersection en X,Normale,Deux véhicules - côté,,,,,,,,,,,2,2,2,1.0,3.0
201800029826,0018-03-16 13:40:00,18,3,16,13,40,590,112,JAURES (RUE JEAN),50.40546,3.55015,Plein jour,En agglomération,Intersection en T,Normale,Deux véhicules - côté,,,,,,,,,,,1,2,3,1.0,3.0
201800029827,0018-04-09 17:40:00,18,4,9,17,40,590,491,JAURES (RUE JEAN),50.39227,3.4741,Plein jour,En agglomération,Hors intersection,Normale,Autre collision,,,,,,,,,,,1,2,1,1.0,6.0
201800029828,0018-04-22 18:10:00,18,4,22,18,10,590,160,THIVENCELLE (ROUTE DE),50.43731,3.63723,Plein jour,Hors agglomération,Hors intersection,Normale,Deux véhicules - frontale,,,,,,,,,,,1,1,1,1.0,1.0
201800029829,0018-04-24 15:50:00,18,4,24,15,50,590,606,VILLARS (AVENUE),50.3574,3.50712,Plein jour,En agglomération,Passage à niveau,Normale,Autre collision,,,,,,,,,,,1,2,8,1.0,6.0
201800029830,0018-04-11 14:05:00,18,4,11,14,5,590,603,GHESQUIERE (RUE),50.31859,3.48126,Plein jour,Hors agglomération,Hors intersection,Normale,Sans collision,,,,,,,,,,,1,1,1,1.0,7.0
201800029831,0018-03-06 19:00:00,18,3,6,19,0,590,606,POMPIDOU (AVENUE GEORGES,50.34873,3.51878,Crépuscule ou aube,En agglomération,Hors intersection,Normale,Autre collision,,,,,,,,,,,2,2,1,1.0,6.0
201800029832,0018-03-05 05:00:00,18,3,5,5,0,590,515,"00, ZONE INDUSTRIELLE Nø",50.33566,3.43965,Nuit avec éclairage allumé,En agglomération,Hors intersection,Normale,Deux véhicules - côté,,,,,,,,,,,5,2,1,1.0,3.0
201800029833,0018-03-27 17:25:00,18,3,27,17,25,590,606,"0, MAGALOTTI (RUE)",50.3596,3.51309,Plein jour,En agglomération,Hors intersection,Normale,Autre collision,,,,,,,,,,,1,2,1,1.0,6.0
201800029834,0018-07-09 02:20:00,18,7,9,2,20,590,606,GLACIS (RUE DES),50.36047,3.53708,Nuit avec éclairage allumé,En agglomération,Hors intersection,Normale,Autre collision,,,,,,,,,,,5,2,1,1.0,6.0
201800029835,0018-07-09 20:00:00,18,7,9,20,0,590,479,JAURES (AVENUE JEAN),50.39154,3.62018,Plein jour,En agglomération,Intersection en X,Normale,Autre collision,,,,,,,,,,,1,2,2,1.0,6.0
201800029836,0018-03-06 11:40:00,18,3,6,11,40,590,14,"0, THIETARD (RUE GUSTAVE",50.36885,3.50033,Plein jour,En agglomération,Hors intersection,Normale,Autre collision,,,,,,,,,,,1,2,1,1.0,6.0
201800029837,0018-06-02 14:00:00,18,6,2,14,0,590,160,DEPORTES (RUE DES),50.40363,3.66616,Plein jour,En agglomération,Hors intersection,Normale,Deux véhicules - côté,,,,,,,,,,,1,2,1,1.0,3.0
201800029838,0018-06-03 11:50:00,18,6,3,11,50,590,606,REIMS (AVENUE DE),50.34264,3.52591,Plein jour,En agglomération,Intersection en T,Normale,Deux véhicules - côté,,,,,,,,,,,1,2,3,1.0,3.0
201800029839,0018-07-01 15:20:00,18,7,1,15,20,590,112,BLANCHART (RUE ANDRE),50.39902,3.53804,Plein jour,En agglomération,Hors intersection,Normale,Autre collision,,,,,,,,,,,1,2,1,1.0,6.0
201800029840,0018-08-12 16:30:00,18,8,12,16,30,590,160,DEPORTES (RUE DES),50.41161,3.66307,Plein jour,En agglomération,Hors intersection,Normale,Deux véhicules - côté,,,,,,,,,,,1,2,1,1.0,3.0
201800029841,0018-08-14 22:30:00,18,8,14,22,30,590,515,NATIONALE (ROUTE),50.32806,3.44359,Nuit avec éclairage allumé,En agglomération,Intersection en T,Normale,Deux véhicules - frontale,,,,,,,,,,,5,2,3,1.0,1.0
201800029842,0018-08-07 16:30:00,18,8,7,16,30,590,564,BASLY (RUE EMILE),50.35235,3.48244,Plein jour,En agglomération,Intersection en X,Normale,Autre collision,,,,,,,,,,,1,2,2,1.0,6.0
201800029843,0018-08-06 17:15:00,18,8,6,17,15,590,515,RD 70,50.33084,3.44882,Plein jour,En agglomération,Giratoire,Normale,Deux véhicules - côté,,,,,,,,,,,1,2,6,1.0,3.0
201800029844,0018-09-17 13:25:00,18,9,17,13,25,590,603,RENAISSANCE (RUE DE LA),50.33075,3.48236,Plein jour,En agglomération,Hors intersection,Normale,Autre collision,,,,,,,,,,,1,2,1,1.0,6.0
201800029845,0018-09-19 11:17:00,18,9,19,11,17,590,606,VERDUN (AVENUE DE),50.35235,3.53619,Plein jour,En agglomération,Intersection en X,Normale,Autre collision,,,,,,,,,,,1,2,2,1.0,6.0
201800029846,0018-09-22 22:00:00,18,9,22,22,0,590,515,ZONE INDUSTRIELLE Nø2,50.33111,3.43694,Nuit avec éclairage allumé,En agglomération,Hors intersection,Pluie forte,Autre collision,,,,,,,,,,,5,2,1,3.0,6.0
201800029847,0018-09-11 15:00:00,18,9,11,15,0,590,383,BARBUSSE (AVENUE HENRI),50.35111,3.54081,Plein jour,En agglomération,Hors intersection,Normale,Autre collision,,,,,,,,,,,1,2,1,1.0,6.0
201800029848,0018-08-14 11:00:00,18,8,14,11,0,590,606,MONS (RUE DE),50.35925,3.5278,Plein jour,En agglomération,Giratoire,Normale,Deux véhicules - côté,,,,,,,,,,,1,2,6,1.0,3.0
201800029849,0018-09-24 17:50:00,18,9,24,17,50,590,459,LENINE (RUE),50.37111,3.47888,Plein jour,En agglomération,Intersection en X,Normale,Deux véhicules - côté,,,,,,,,,,,1,2,2,1.0,3.0
201800029850,0018-09-01 12:50:00,18,9,1,12,50,590,14,SPORTS (AVENUE DES),50.36928,3.49614,Plein jour,En agglomération,Hors intersection,Normale,Deux véhicules - arrière,,,,,,,,,,,1,2,1,1.0,2.0
201800029851,0018-09-10 16:30:00,18,9,10,16,30,590,606,LEVASSEUR (RUE ROSALIE),50.36796,3.51637,Plein jour,En agglomération,Hors intersection,Normale,Autre collision,,,,,,,,,,,1,2,1,1.0,6.0
201800029852,0018-08-28 14:00:00,18,8,28,14,0,590,383,RD 75,50.35058,3.56973,Plein jour,Hors agglomération,Hors intersection,Normale,Deux véhicules - côté,,,,,,,,,,,1,1,1,1.0,3.0
201800029853,0018-09-13 18:05:00,18,9,13,18,5,590,484,PASTEUR (AVENUE),50.39216,3.66465,Plein jour,En agglomération,Hors intersection,Normale,Autre collision,,,,,,,,,,,1,2,1,1.0,6.0
201800029854,0018-09-17 20:30:00,18,9,17,20,30,590,606,FINEZ (RUE GREGOIRE NICO,50.35905,3.47989,Nuit avec éclairage non allumé,En agglomération,Hors intersection,Normale,Autre collision,,,,,,,,,,,4,2,1,1.0,6.0
201800029855,0018-09-21 18:00:00,18,9,21,18,0,590,606,GERNEZ (RUE DESIRE),50.35392,3.50457,Plein jour,En agglomération,Giratoire,Normale,Deux véhicules - arrière,,,,,,,,,,,1,2,6,1.0,2.0
201800029856,0018-09-21 12:35:00,18,9,21,12,35,590,606,WINSTON CHURCHILL (PLACE,50.35925,3.51296,Plein jour,En agglomération,Giratoire,Normale,Deux véhicules - côté,,,,,,,,,,,1,2,6,1.0,3.0
201800029857,0018-10-11 13:30:00,18,10,11,13,30,590,14,FRANCE (AVENUE ANATOLE),50.3669,3.51055,Plein jour,En agglomération,Intersection en X,Normale,Deux véhicules - arrière,,,,,,,,,,,1,2,2,1.0,2.0
201800029858,0018-10-12 10:55:00,18,10,12,10,55,590,606,ST-AMAND (AVENUE DE),50.3669,3.51079,Plein jour,En agglomération,Intersection en X,Normale,Deux véhicules - côté,,,,,,,,,,,1,2,2,1.0,3.0
201800029859,0018-10-11 12:45:00,18,10,11,12,45,590,383,SAINT SAULVE (RUE DE),,,Plein jour,En agglomération,Hors intersection,Normale,Deux véhicules - côté,,,,,,,,,,,1,2,1,1.0,3.0
201800029860,0018-10-12 13:00:00,18,10,12,13,0,590,544,JAURES (RUE JEAN),50.37096,3.55641,Plein jour,En agglomération,Hors intersection,Normale,Autre collision,,,,,,,,,,,1,2,1,1.0,6.0