accident_id,datetime,annee,mois,jour,heure,minute,departement,commune_insee,adresse,latitude,longitude,luminosite,agglomeration,intersection,meteo,collision,nb_vehicules,nb_usagers,nb_indemnes,nb_tues,nb_blesses_hosp,nb_blesses_legers,age_cond_1,age_cond_2,veh_type_cond_1,veh_type_cond_2,lum_code,agg_code,int_code,atm_code,col_code
201800029861,0018-10-06 11:30:00,18,10,6,11,30,590,606,HAINAUT (PLACE DU),50.36,2.52308,Plein jour,En agglomération,Place,Normale,Autre collision,,,,,,,,,,,1,2,7,1.0,6.0
201800029862,0018-10-19 15:15:00,18,10,19,15,15,590,606,MACAREZ (RUE ERNEST),50.36798,3.53081,Plein jour,En agglomération,Hors intersection,Normale,Autre collision,,,,,,,,,,,1,2,1,1.0,6.0
201800029863,0018-10-17 16:05:00,18,10,17,16,5,590,160,DEPORTES (RUE DES),50.40556,3.66535,Plein jour,En agglomération,Hors intersection,Normale,Autre collision,,,,,,,,,,,1,2,1,1.0,6.0
201800029864,0018-04-13 18:55:00,18,4,13,18,55,590,606,FOCH (AVENUE MARECHAL),50.36295,3.5193,Crépuscule ou aube,En agglomération,Hors intersection,Normale,Autre collision,,,,,,,,,,,2,2,1,1.0,6.0
201800029865,0018-11-20 14:50:00,18,11,20,14,50,590,606,FAIDHERBE (AVENUE),50.35666,3.50473,Plein jour,En agglomération,Hors intersection,Normale,Deux véhicules - côté,,,,,,,,,,,1,2,1,1.0,3.0
201800029866,0018-10-17 07:45:00,18,10,17,7,45,590,606,MAGALOTTI (RUE),50.35955,3.5131,Crépuscule ou aube,En agglomération,Hors intersection,Normale,Autre collision,,,,,,,,,,,2,2,1,1.0,6.0
201800029867,0018-12-01 05:55:00,18,12,1,5,55,590,606,ESPLANADE (PLACE DE L'),50.35782,3.51671,Nuit avec éclairage allumé,En agglomération,Place,Normale,Autre collision,,,,,,,,,,,5,2,7,1.0,6.0
201800029868,0018-12-03 17:45:00,18,12,3,17,45,590,369,RD 40,50.3158,3.48418,Nuit avec éclairage allumé,Hors agglomération,Intersection en X,Temps couvert,Deux véhicules - côté,,,,,,,,,,,5,1,2,8.0,3.0
201800029869,0018-09-30 14:30:00,18,9,30,14,30,590,606,EPAIX (RUE DE L'),50.36675,3.53232,Plein jour,En agglomération,Autre intersection,Normale,Deux véhicules - côté,,,,,,,,,,,1,2,9,1.0,3.0
201800029870,0018-12-03 12:25:00,18,12,3,12,25,590,603,RD 59,50.33519,3.48106,Plein jour,En agglomération,Giratoire,Normale,Deux véhicules - côté,,,,,,,,,,,1,2,6,1.0,3.0
201800029871,0018-12-05 17:30:00,18,12,5,17,30,590,606,BRUYERES (BOULEVARD DES),50.35658,3.49305,Plein jour,En agglomération,Giratoire,Temps couvert,Deux véhicules - arrière,,,,,,,,,,,1,2,6,8.0,2.0
201800029872,0018-11-17 05:45:00,18,11,17,5,45,590,606,MAGALOTTI (RUE),50.36204,3.51435,Nuit avec éclairage allumé,En agglomération,Hors intersection,Normale,Autre collision,,,,,,,,,,,5,2,1,1.0,6.0
201800029873,0018-11-09 15:00:00,18,11,9,15,0,590,603,AMPERE (RUE),50.33309,3.50796,Plein jour,En agglomération,Intersection en X,Normale,Deux véhicules - côté,,,,,,,,,,,1,2,2,1.0,3.0
201800029874,0018-11-03 15:00:00,18,11,3,15,0,590,207,DURRE (RUE HENRI),50.42428,3.56146,Plein jour,En agglomération,Hors intersection,Normale,Autre collision,,,,,,,,,,,1,2,1,1.0,6.0
201800029875,0018-03-02 16:30:00,18,3,2,16,30,680,188,RTE DEPARTEMENTALE 430,47.93461,7.08646,Plein jour,Hors agglomération,Hors intersection,Neige / grêle,Deux véhicules - frontale,,,,,,,,,,,1,1,1,4.0,1.0
201800029876,0018-03-04 00:42:00,18,3,4,0,42,680,274,31 chemin de la Glashutt,47.90342,7.15389,Nuit sans éclairage public,En agglomération,Hors intersection,Neige / grêle,Autre collision,,,,,,,,,,,3,2,1,4.0,6.0
201800029877,0018-03-27 07:05:00,18,3,27,7,5,680,112,Rte départementale 430,47.90213,7.223,Crépuscule ou aube,En agglomération,Intersection en X,Normale,Deux véhicules - côté,,,,,,,,,,,2,2,2,1.0,3.0
201800029878,0018-04-17 21:25:00,18,4,17,21,25,680,29,12 R d'ISSENHEIM,47.91723,7.24838,Nuit avec éclairage allumé,En agglomération,Hors intersection,Normale,Deux véhicules - frontale,,,,,,,,,,,5,2,1,1.0,1.0
201800029879,0018-04-27 19:00:00,18,4,27,19,0,680,112,36 Rte de Bergholtz,47.90614,7.22942,Plein jour,En agglomération,Intersection en T,Normale,Autre collision,,,,,,,,,,,1,2,3,1.0,6.0
201800029880,0018-07-01 16:56:00,18,7,1,16,56,680,112,48 R du général de gaull,47.91483,7.20871,Plein jour,En agglomération,Intersection en T,Normale,Autre collision,,,,,,,,,,,1,2,3,1.0,6.0
201800029881,0018-07-15 11:32:00,18,7,15,11,32,680,177,Rte départementale 40,47.95139,7.19035,Plein jour,Hors agglomération,Intersection en T,Normale,Deux véhicules - frontale,,,,,,,,,,,1,1,3,1.0,1.0
201800029882,0018-10-11 10:20:00,18,10,11,10,20,680,112,route de colmar,47.90436,7.22195,Plein jour,En agglomération,Intersection en X,Pluie légère,Deux véhicules - arrière,,,,,,,,,,,1,2,2,2.0,2.0
201800029883,0018-10-12 11:15:00,18,10,12,11,15,680,112,RUE VICTOR HUGO,47.90313,7.21597,Plein jour,En agglomération,Intersection en X,Normale,Deux véhicules - côté,,,,,,,,,,,1,2,2,1.0,3.0
201800029884,0018-10-13 19:20:00,18,10,13,19,20,680,188,D430 pk 17+280,47.93652,7.04766,Nuit sans éclairage public,Hors agglomération,Hors intersection,Normale,Autre collision,,,,,,,,,,,3,1,1,1.0,6.0
201800029885,0018-10-22 09:55:00,18,10,22,9,55,680,112,rue du Général de Gaulle,47.91698,7.20488,Plein jour,En agglomération,Hors intersection,Normale,Autre collision,,,,,,,,,,,1,2,1,1.0,6.0
201800029886,0018-10-23 09:55:00,18,10,23,9,55,680,112,Raymon Poincaré,47.90258,7.21649,Plein jour,En agglomération,Intersection en T,Normale,Deux véhicules - côté,,,,,,,,,,,1,2,3,1.0,3.0
201800029887,0018-11-15 16:00:00,18,11,15,16,0,680,112,2 route d'issenheim,47.90262,7.22851,Plein jour,En agglomération,Intersection en T,Normale,Deux véhicules - côté,,,,,,,,,,,1,2,3,1.0,3.0
201800029888,0018-12-22 16:00:00,18,12,22,16,0,680,276,Rue du Sudel,47.89855,7.17455,Plein jour,En agglomération,Intersection en T,Pluie légère,Autre collision,,,,,,,,,,,1,2,3,2.0,6.0
201800029889,0018-12-30 07:55:00,18,12,30,7,55,680,177,Rue Principale,47.93959,7.16008,Crépuscule ou aube,Hors agglomération,Hors intersection,Normale,Autre collision,,,,,,,,,,,2,1,1,1.0,6.0
201800029890,0018-02-06 18:10:00,18,2,6,18,10,680,43,3 route de guebwiller,47.86341,7.25685,Nuit avec éclairage allumé,En agglomération,Intersection en X,Normale,Deux véhicules - côté,,,,,,,,,,,5,2,2,1.0,3.0
201800029891,0018-04-07 12:35:00,18,4,7,12,35,680,156,RTE DEPARTEMENTALE 3 BIS,47.91036,7.26422,Plein jour,Hors agglomération,Intersection en Y,Normale,Deux véhicules - côté,,,,,,,,,,,1,1,4,1.0,3.0
201800029892,0018-05-27 14:00:00,18,5,27,14,0,680,106,Rte départementale 431,47.88652,7.12282,Plein jour,Hors agglomération,Intersection en Y,Normale,Deux véhicules - côté,,,,,,,,,,,1,1,4,1.0,3.0
201800029893,0018-05-27 11:45:00,18,5,27,11,45,680,43,Rte départementale 44,47.85569,7.23726,Plein jour,Hors agglomération,Intersection en T,Normale,Deux véhicules - côté,,,,,,,,,,,1,1,3,1.0,3.0
201800029894,0018-06-16 18:30:00,18,6,16,18,30,680,381,Rte du col Amic,47.87306,7.16862,Plein jour,Hors agglomération,Hors intersection,Normale,Sans collision,,,,,,,,,,,1,1,1,1.0,7.0
201800029895,0018-06-23 23:55:00,18,6,23,23,55,680,156,9 R du tissage,47.90559,7.23869,Nuit avec éclairage allumé,En agglomération,Hors intersection,Normale,Sans collision,,,,,,,,,,,5,2,1,1.0,7.0
201800029896,0018-06-27 08:10:00,18,6,27,8,10,680,260,Rte Départementale 430,47.88109,7.26949,Plein jour,Hors agglomération,Hors intersection,Normale,Trois véhicules et plus - en chaîne,,,,,,,,,,,1,1,1,1.0,4.0
201800029897,0018-06-29 22:00:00,18,6,29,22,0,680,43,2R des Hetres,47.85247,7.26006,Nuit avec éclairage allumé,En agglomération,Intersection en Y,Normale,Sans collision,,,,,,,,,,,5,2,4,1.0,7.0
201800029898,0018-07-16 16:40:00,18,7,16,16,40,680,156,Rte départementale 4 bis,47.90217,7.23889,Plein jour,En agglomération,Intersection en T,Normale,Deux véhicules - côté,,,,,,,,,,,1,2,3,1.0,3.0
201800029899,0018-08-13 22:30:00,18,8,13,22,30,680,315,Rte départementale 430,47.87922,7.1484,Nuit avec éclairage allumé,Hors agglomération,Hors intersection,Normale,Autre collision,,,,,,,,,,,5,1,1,1.0,6.0
201800029900,0018-09-16 11:15:00,18,9,16,11,15,680,343,Rue d'Ensisheim,47.87696,7.31098,Plein jour,En agglomération,Intersection en X,Temps éblouissant,Deux véhicules - arrière,,,,,,,,,,,1,2,2,7.0,2.0
201800029901,0018-09-24 14:45:00,18,9,24,14,45,680,156,Rte départementale d83,47.90412,7.26016,Plein jour,Hors agglomération,Hors intersection,Normale,Sans collision,,,,,,,,,,,1,1,1,1.0,7.0
201800029902,0018-10-16 12:05:00,18,10,16,12,5,680,315,RD 430,47.88793,7.25567,Plein jour,Hors agglomération,Hors intersection,Normale,Deux véhicules - frontale,,,,,,,,,,,1,1,1,1.0,1.0
201800029903,0018-10-18 12:10:00,18,10,18,12,10,680,315,Rue d'Issenheim,47.89242,7.22624,Plein jour,En agglomération,Autre intersection,Normale,Trois véhicules et plus - collisions multiples,,,,,,,,,,,1,2,9,1.0,5.0
201800029904,0018-10-26 16:30:00,18,10,26,16,30,680,260,d4b,47.8831,7.26069,Plein jour,Hors agglomération,Hors intersection,Normale,Deux véhicules - côté,,,,,,,,,,,1,1,1,1.0,3.0
201800029905,0018-10-27 16:55:00,18,10,27,16,55,680,156,Rue du Markstein,47.90578,7.23868,Plein jour,En agglomération,Intersection en T,Temps couvert,Deux véhicules - arrière,,,,,,,,,,,1,2,3,8.0,2.0
201800029906,0018-11-12 18:22:00,18,11,12,18,22,680,260,RD4 bis,47.88694,7.27884,Nuit sans éclairage public,Hors agglomération,Intersection en T,Normale,Deux véhicules - frontale,,,,,,,,,,,3,1,3,1.0,1.0
201800029907,0018-11-29 01:45:00,18,11,29,1,45,680,156,D430,47.89547,7.23998,Nuit sans éclairage public,Hors agglomération,Hors intersection,Normale,Autre collision,,,,,,,,,,,3,1,1,1.0,6.0
201800029908,0018-12-27 12:30:00,18,12,27,12,30,680,315,"chemin forestier , lieu",47.87698,7.12983,Plein jour,Hors agglomération,Hors intersection,Neige / grêle,Sans collision,,,,,,,,,,,1,1,1,4.0,7.0
201800029909,0018-03-14 15:20:00,18,3,14,15,20,430,188,,45.1452,3.55296,Plein jour,Hors agglomération,Hors intersection,Normale,Deux véhicules - frontale,,,,,,,,,,,1,1,1,1.0,1.0
201800029910,0018-04-24 17:10:00,18,4,24,17,10,430,188,CARREFOUR LES AUBENNES,45.1784,3.51843,Plein jour,Hors agglomération,Intersection en X,Normale,Deux véhicules - côté,,,,,,,,,,,1,1,2,1.0,3.0
201800029911,0018-07-17 12:20:00,18,7,17,12,20,430,262,ROUTE DE VAZEILLES,,,Plein jour,Hors agglomération,Hors intersection,Normale,Deux véhicules - frontale,,,,,,,,,,,1,1,1,1.0,1.0
201800029912,0018-08-14 00:10:00,18,8,14,0,10,430,72,LE BOURG,45.2288,3.4753,Nuit avec éclairage allumé,En agglomération,Hors intersection,Pluie forte,Autre collision,,,,,,,,,,,5,2,1,3.0,6.0
201800029913,0018-11-06 08:22:00,18,11,6,8,22,430,188,,45.1678,3.52884,Plein jour,Hors agglomération,Hors intersection,Pluie forte,Deux véhicules - frontale,,,,,,,,,,,1,1,1,3.0,1.0
201800029914,0018-11-23 14:00:00,18,11,23,14,0,430,79,LIEU DIT AMBLARD,45.1949,3.50724,Plein jour,Hors agglomération,Intersection en T,Pluie légère,Deux véhicules - côté,,,,,,,,,,,1,1,3,2.0,3.0
201800029915,0018-11-30 21:45:00,18,11,30,21,45,430,147,,45.3,3.35749,Nuit sans éclairage public,Hors agglomération,Hors intersection,Pluie légère,Autre collision,,,,,,,,,,,3,1,1,2.0,6.0
201800029916,0018-02-04 11:30:00,18,2,4,11,30,430,73,RD499,45.3372,3.64676,Plein jour,Hors agglomération,Hors intersection,Normale,Autre collision,,,,,,,,,,,1,1,1,1.0,6.0
201800029917,0018-04-28 14:30:00,18,4,28,14,30,430,128,LIEU DIT BOUTON,45.3505,3.73932,Plein jour,Hors agglomération,Hors intersection,Normale,Autre collision,,,,,,,,,,,1,1,1,1.0,6.0
201800029918,0018-06-09 11:05:00,18,6,9,11,5,430,80,AVENUE DE LA GARRE,45.3337,3.85108,Plein jour,En agglomération,Intersection en T,Normale,Deux véhicules - arrière,,,,,,,,,,,1,2,3,1.0,2.0
201800029919,0018-06-09 11:40:00,18,6,9,11,40,430,3,RUE DU CHATEAUNEUF,,,Plein jour,En agglomération,Hors intersection,Normale,Deux véhicules - côté,,,,,,,,,,,1,2,1,1.0,3.0
201800029920,0018-08-03 17:00:00,18,8,3,17,0,430,48,RD 906,45.313,3.69809,Plein jour,Hors agglomération,Hors intersection,Normale,Autre collision,,,,,,,,,,,1,1,1,1.0,6.0
201800029921,0018-09-25 15:35:00,18,9,25,15,35,430,3,rue du Mont Bar,45.19999,3.71277,Plein jour,En agglomération,Hors intersection,Normale,Deux véhicules - côté,,,,,,,,,,,1,2,1,1.0,3.0
201800029922,0018-01-12 18:35:00,18,1,12,18,35,410,194,Rue du président Wilson,47.35479,1.74207,Nuit avec éclairage allumé,En agglomération,Hors intersection,Normale,Deux véhicules - frontale,,,,,,,,,,,5,2,1,1.0,1.0
201800029923,0018-01-22 07:05:00,18,1,22,7,5,410,194,58 avenue de blois,47.36553,1.72572,Nuit avec éclairage allumé,En agglomération,Hors intersection,Pluie légère,Deux véhicules - côté,,,,,,,,,,,5,2,1,2.0,3.0
201800029924,0018-03-09 07:30:00,18,3,9,7,30,410,194,Rue henri dunant,47.35279,1.74975,Plein jour,En agglomération,Intersection en X,Normale,Deux véhicules - côté,,,,,,,,,,,1,2,2,1.0,3.0
201800029925,0018-04-03 14:00:00,18,4,3,14,0,410,194,19 avenue de Villefranch,47.35313,1.7443,Plein jour,En agglomération,Hors intersection,Normale,Deux véhicules - arrière,,,,,,,,,,,1,2,1,1.0,2.0
201800029926,0018-04-05 23:20:00,18,4,5,23,20,410,194,19 rue de gy,47.36416,1.7247,Nuit avec éclairage allumé,En agglomération,Autre intersection,Normale,Deux véhicules - frontale,,,,,,,,,,,5,2,9,1.0,1.0
201800029927,0018-04-14 10:00:00,18,4,14,10,0,410,194,3 rue delaune,47.34939,1.75605,Plein jour,En agglomération,Hors intersection,Temps couvert,Sans collision,,,,,,,,,,,1,2,1,8.0,7.0
201800029928,0018-06-04 18:00:00,18,6,4,18,0,410,194,180-176 rue du président,47.35078,1.73935,Plein jour,En agglomération,Hors intersection,Temps couvert,Deux véhicules - arrière,,,,,,,,,,,1,2,1,8.0,2.0
201800029929,0018-06-28 19:00:00,18,6,28,19,0,410,194,Avenue des favignolles,47.34701,1.7511,Plein jour,En agglomération,Intersection en X,Normale,Trois véhicules et plus - collisions multiples,,,,,,,,,,,1,2,2,1.0,5.0
201800029930,0018-07-27 18:30:00,18,7,27,18,30,410,194,rue Joseph Gaveau,47.37284,1.74949,Plein jour,En agglomération,Intersection en T,Temps couvert,Deux véhicules - côté,,,,,,,,,,,1,2,3,8.0,3.0
201800029931,0018-08-05 16:45:00,18,8,5,16,45,410,242,15 RUE DE SION et Cheval,47.27575,1.55176,Plein jour,En agglomération,Intersection en X,Normale,Deux véhicules - côté,,,,,,,,,,,1,2,2,1.0,3.0
201800029932,0018-08-10 16:30:00,18,8,10,16,30,410,194,87 avenue de BLOIS,47.3536,1.74184,Plein jour,En agglomération,Hors intersection,Normale,Deux véhicules - arrière,,,,,,,,,,,1,2,1,1.0,2.0
201800029933,0018-09-26 08:50:00,18,9,26,8,50,410,282,D724,47.36881,1.83021,Plein jour,Hors agglomération,Hors intersection,Normale,Deux véhicules - frontale,,,,,,,,,,,1,1,1,1.0,1.0
201800029934,0018-10-17 17:40:00,18,10,17,17,40,410,194,6 rue de bois joly,47.37506,1.76004,Plein jour,En agglomération,Hors intersection,Normale,Sans collision,,,,,,,,,,,1,2,1,1.0,7.0
201800029935,0018-10-29 12:35:00,18,10,29,12,35,410,194,765,47.35652,1.71854,Plein jour,Hors agglomération,Hors intersection,Pluie légère,Trois véhicules et plus - collisions multiples,,,,,,,,,,,1,1,1,2.0,5.0
201800029936,0018-11-04 10:45:00,18,11,4,10,45,410,194,Mail des platanes,47.35973,1.74712,Plein jour,En agglomération,Hors intersection,Normale,Autre collision,,,,,,,,,,,1,2,1,1.0,6.0
201800029937,0018-11-09 16:00:00,18,11,9,16,0,410,194,AVENUE DE VILLEFRANCHE,47.35068,1.74588,Plein jour,En agglomération,Hors intersection,Normale,Deux véhicules - côté,,,,,,,,,,,1,2,1,1.0,3.0
201800029938,0018-01-05 20:20:00,18,1,5,20,20,410,148,RD951,47.65125,1.4536,Nuit sans éclairage public,Hors agglomération,Hors intersection,Normale,Deux véhicules - frontale,,,,,,,,,,,3,1,1,1.0,1.0
201800029939,0018-01-23 13:45:00,18,1,23,13,45,410,67,"D765, lieu dit le grand",47.48716,1.48576,Plein jour,Hors agglomération,Hors intersection,Normale,Deux véhicules - frontale,,,,,,,,,,,1,1,1,1.0,1.0
201800029940,0018-02-14 06:35:00,18,2,14,6,35,410,67,"D102, toute de Bracieux",47.51599,1.46701,Nuit sans éclairage public,Hors agglomération,Hors intersection,Neige / grêle,Sans collision,,,,,,,,,,,3,1,1,4.0,7.0
201800029941,0018-07-05 17:15:00,18,7,5,17,15,410,204,9 rue de la Loire,47.61562,1.41496,Plein jour,En agglomération,Autre intersection,Normale,Autre collision,,,,,,,,,,,1,2,9,1.0,6.0
201800029942,0018-11-04 14:45:00,18,11,4,14,45,410,104,309 Route de chambord,47.59395,1.46209,Plein jour,En agglomération,Autre intersection,Normale,Autre collision,,,,,,,,,,,1,2,9,1.0,6.0
201800029943,0018-12-23 21:50:00,18,12,23,21,50,410,86,Route d'Arian,47.52466,1.54161,Nuit sans éclairage public,Hors agglomération,Hors intersection,Normale,Autre collision,,,,,,,,,,,3,1,1,1.0,6.0
201800029944,0018-01-22 21:50:00,18,1,22,21,50,600,57,"22, PASCAL BLAISE (AVENU",49.4196,2.1146,Nuit avec éclairage allumé,En agglomération,Intersection en T,Normale,Deux véhicules - côté,,,,,,,,,,,5,2,3,1.0,3.0
201800029945,0018-02-03 17:15:00,18,2,3,17,15,600,57,"1, HENRI BECQUEREL (RUE)",49.41247,2.1146,Plein jour,En agglomération,Hors intersection,Normale,Autre collision,,,,,,,,,,,1,2,1,1.0,6.0
201800029946,0018-02-06 19:15:00,18,2,6,19,15,600,57,"136, MARCEL DASSAULT (AV",49.44339,2.09219,Crépuscule ou aube,En agglomération,Hors intersection,Pluie légère,Autre collision,,,,,,,,,,,2,2,1,2.0,6.0
201800029947,0018-02-10 22:30:00,18,2,10,22,30,600,57,"1, EUROPE (AVENUE DE L')",49.43829,2.07672,Nuit avec éclairage allumé,En agglomération,Intersection en X,Pluie légère,Deux véhicules - côté,,,,,,,,,,,5,2,2,2.0,3.0
201800029948,0018-02-10 21:20:00,18,2,10,21,20,600,57,ROCADE NORD - BAS ROMAIN,49.43607,2.11573,Nuit sans éclairage public,En agglomération,Hors intersection,Pluie légère,Deux véhicules - frontale,,,,,,,,,,,3,2,1,2.0,1.0
201800029949,0018-03-05 20:15:00,18,3,5,20,15,600,57,"39, TAPISSERIE (RUE DE L",49.42749,2.08341,Nuit avec éclairage allumé,En agglomération,Hors intersection,Normale,Autre collision,,,,,,,,,,,5,2,1,1.0,6.0
201800029950,0018-03-16 06:45:00,18,3,16,6,45,600,646,RD 901,49.45952,2.0651,Nuit sans éclairage public,Hors agglomération,Hors intersection,Pluie légère,Autre collision,,,,,,,,,,,3,1,1,2.0,6.0
201800029951,0018-03-17 00:01:00,18,3,17,0,1,600,57,ROUEN (ROUTE DE),49.4339,2.05197,Nuit sans éclairage public,Hors agglomération,Intersection en X,Pluie légère,Deux véhicules - côté,,,,,,,,,,,3,1,2,2.0,3.0
201800029952,0018-04-06 08:30:00,18,4,6,8,30,600,57,PARIS (RUE DE) > AVENUE,49.41619,2.09934,Plein jour,En agglomération,Intersection en X,Normale,Deux véhicules - côté,,,,,,,,,,,1,2,2,1.0,3.0
201800029953,0018-04-06 13:00:00,18,4,6,13,0,600,57,JEAN ROSTAND (AVENUE),49.41382,2.09335,Plein jour,En agglomération,Intersection en X,Normale,Autre collision,,,,,,,,,,,1,2,2,1.0,6.0
201800029954,0018-04-17 17:45:00,18,4,17,17,45,600,57,HENRI BECQUEREL (RUE),49.41145,2.11584,Plein jour,En agglomération,Hors intersection,Normale,Deux véhicules - frontale,,,,,,,,,,,1,2,1,1.0,1.0
201800029955,0018-04-18 08:15:00,18,4,18,8,15,600,57,JEANNE D'ARC (RUE),49.4321,2.08703,Plein jour,En agglomération,Hors intersection,Normale,Autre collision,,,,,,,,,,,1,2,1,1.0,6.0
201800029956,0018-04-20 13:45:00,18,4,20,13,45,600,57,TILLOY (RUE DU),49.44344,2.10117,Plein jour,En agglomération,Giratoire,Normale,Deux véhicules - arrière,,,,,,,,,,,1,2,6,1.0,2.0
201800029957,0018-05-14 11:50:00,18,5,14,11,50,600,57,RAVEL MAURICE (SQUARE),49.41676,2.07796,Plein jour,En agglomération,Hors intersection,Normale,Autre collision,,,,,,,,,,,1,2,1,1.0,6.0
201800029958,0018-05-26 17:50:00,18,5,26,17,50,600,57,PENTEMONT (RUE),49.42848,2.05649,Crépuscule ou aube,En agglomération,Intersection en X,Normale,Deux véhicules - côté,,,,,,,,,,,2,2,2,1.0,3.0
201800029959,0018-06-18 07:45:00,18,6,18,7,45,600,57,RD 901,49.45461,2.09528,Plein jour,Hors agglomération,Hors intersection,Normale,Deux véhicules - côté,,,,,,,,,,,1,1,1,1.0,3.0
201800029960,0018-06-23 23:05:00,18,6,23,23,5,600,57,LOISEL ANTOINE (BOULEVAR,49.43116,2.07762,Nuit avec éclairage allumé,En agglomération,Intersection en T,Normale,Deux véhicules - frontale,,,,,,,,,,,5,2,3,1.0,1.0
201800029961,0018-06-29 17:40:00,18,6,29,17,40,600,57,PIERRE ET MARIE CURIE (R,49.41076,2.1137,Plein jour,En agglomération,Intersection en T,Normale,Autre collision,,,,,,,,,,,1,2,3,1.0,6.0
201800029962,0018-07-10 14:45:00,18,7,10,14,45,600,57,JEAN MOULIN (AVENUE),49.43668,2.09939,Plein jour,En agglomération,Hors intersection,Normale,Deux véhicules - arrière,,,,,,,,,,,1,2,1,1.0,2.0
201800029963,0018-07-17 15:50:00,18,7,17,15,50,600,57,RACINE JEAN (RUE),49.43325,2.08164,Plein jour,En agglomération,Hors intersection,Normale,Deux véhicules - côté,,,,,,,,,,,1,2,1,1.0,3.0
201800029964,0018-07-25 12:50:00,18,7,25,12,50,600,57,SAINT JUST DES MARAIS (R,49.43434,2.0707,Plein jour,En agglomération,Hors intersection,Normale,Autre collision,,,,,,,,,,,1,2,1,1.0,6.0
201800029965,0018-07-27 11:25:00,18,7,27,11,25,600,57,BLAISE PASCAL (AV) - IND,49.42403,2.11517,Plein jour,En agglomération,Hors intersection,Normale,Trois véhicules et plus - en chaîne,,,,,,,,,,,1,2,1,1.0,4.0
201800029966,0018-07-28 21:15:00,18,7,28,21,15,600,57,JEAN MOULIN (AVENUE),49.43795,2.0991,Crépuscule ou aube,En agglomération,Intersection en X,Normale,Deux véhicules - frontale,,,,,,,,,,,2,2,2,1.0,1.0
201800029967,0018-09-01 19:33:00,18,9,1,19,33,600,57,GENERAL DE GAULLE (BOULE,49.42883,2.08953,Crépuscule ou aube,En agglomération,Hors intersection,Normale,Deux véhicules - arrière,,,,,,,,,,,2,2,1,1.0,2.0
201800029968,0018-09-05 17:45:00,18,9,5,17,45,600,57,MONTAIGNE (AVENUE),49.41294,2.10593,Plein jour,En agglomération,Hors intersection,Temps couvert,Autre collision,,,,,,,,,,,1,2,1,8.0,6.0
201800029969,0018-09-08 20:30:00,18,9,8,20,30,600,57,LEON BLUM  (AVENUE),49.45306,2.0745,Nuit avec éclairage allumé,En agglomération,Intersection en X,Normale,Deux véhicules - côté,,,,,,,,,,,5,2,2,1.0,3.0
201800029970,0018-09-28 17:25:00,18,9,28,17,25,600,57,HENRI BECQUEREL (RUE),49.41155,2.11781,Plein jour,En agglomération,Hors intersection,Normale,Deux véhicules - côté,,,,,,,,,,,1,2,1,1.0,3.0
201800029971,0018-09-28 16:10:00,18,9,28,16,10,600,57,VICTOR HUGO (AVENUE),49.43548,2.07809,Crépuscule ou aube,En agglomération,Hors intersection,Normale,Autre collision,,,,,,,,,,,2,2,1,1.0,6.0
201800029972,0018-10-01 16:10:00,18,10,1,16,10,600,57,VIGNES (RUE DES),49.43397,2.10148,Crépuscule ou aube,En agglomération,Hors intersection,Normale,Autre collision,,,,,,,,,,,2,2,1,1.0,6.0
201800029973,0018-10-04 18:40:00,18,10,4,18,40,600,57,THERAIN (RUE DU),49.42616,2.08514,Plein jour,En agglomération,Hors intersection,Normale,Autre collision,,,,,,,,,,,1,2,1,1.0,6.0
201800029974,0018-10-09 12:25:00,18,10,9,12,25,600,57,RUISSELETS (RUE DES),49.44699,2.08503,Plein jour,En agglomération,Intersection en X,Normale,Deux véhicules - côté,,,,,,,,,,,1,2,2,1.0,3.0
201800029975,0018-10-17 12:00:00,18,10,17,12,0,600,57,ROCADE NORD -NOTRE DAME,49.46864,2.07684,Plein jour,En agglomération,Intersection en T,Normale,Autre collision,,,,,,,,,,,1,2,3,1.0,6.0
201800029976,0018-10-16 16:52:00,18,10,16,16,52,600,57,SENEFONTAINE (RUE DE),49.41427,2.06687,Plein jour,En agglomération,Hors intersection,Normale,Deux véhicules - côté,,,,,,,,,,,1,2,1,1.0,3.0
201800029977,0018-10-18 16:30:00,18,10,18,16,30,600,57,CALAIS (RUE DE),49.43706,2.08425,Plein jour,En agglomération,Hors intersection,Normale,Autre collision,,,,,,,,,,,1,2,1,1.0,6.0
201800029978,0018-10-26 20:00:00,18,10,26,20,0,600,57,PIERRE BEREGOVOY (AVENUE,49.44026,2.1035,Nuit sans éclairage public,En agglomération,Intersection en T,Pluie légère,Deux véhicules - côté,,,,,,,,,,,3,2,3,2.0,3.0
201800029979,0018-12-01 02:30:00,18,12,1,2,30,600,57,JEAN MERMOZ (AVENUE),49.436,2.05793,Nuit sans éclairage public,Hors agglomération,Hors intersection,Normale,Autre collision,,,,,,,,,,,3,1,1,1.0,6.0
201800029980,0018-12-06 12:45:00,18,12,6,12,45,600,57,SAINT JUST DES MARAIS (R,49.43425,2.06321,Plein jour,En agglomération,Hors intersection,Normale,Deux véhicules - côté,,,,,,,,,,,1,2,1,1.0,3.0