accident_id,datetime,annee,mois,jour,heure,minute,departement,commune_insee,adresse,latitude,longitude,luminosite,agglomeration,intersection,meteo,collision,nb_vehicules,nb_usagers,nb_indemnes,nb_tues,nb_blesses_hosp,nb_blesses_legers,age_cond_1,age_cond_2,veh_type_cond_1,veh_type_cond_2,lum_code,agg_code,int_code,atm_code,col_code
201800030101,0018-09-05 17:39:00,18,9,5,17,39,740,282,départementale 55,49.41181,5.84232,Plein jour,Hors agglomération,Hors intersection,Normale,Autre collision,,,,,,,,,,,1,1,1,1.0,6.0
201800030102,0018-09-05 17:30:00,18,9,5,17,30,740,268,Avenue Montaigne,45.8867,6.10865,Plein jour,En agglomération,Giratoire,Normale,Sans collision,,,,,,,,,,,1,2,6,1.0,7.0
201800030103,0018-10-10 08:00:00,18,10,10,8,0,740,245,RD1201,45.99155,6.12895,Plein jour,Hors agglomération,Giratoire,Normale,Sans collision,,,,,,,,,,,1,1,6,1.0,7.0
201800030104,0018-01-22 12:20:00,18,1,22,12,20,610,497,SEES (ROUTE DE ),48.46872,0.10314,Plein jour,Hors agglomération,Hors intersection,Pluie légère,Deux véhicules - côté,,,,,,,,,,,1,1,1,2.0,3.0
201800030105,0018-02-14 19:10:00,18,2,14,19,10,610,1,"31, CANDIE (PLACE)",48.42758,0.07713,Nuit avec éclairage allumé,En agglomération,Hors intersection,Pluie légère,Deux véhicules - côté,,,,,,,,,,,5,2,1,2.0,3.0
201800030106,0018-03-14 12:30:00,18,3,14,12,30,610,1,"10, VICQUES (RUE DE)",48.43856,0.10497,Plein jour,En agglomération,Hors intersection,Normale,Autre collision,,,,,,,,,,,1,2,1,1.0,6.0
201800030107,0018-03-25 16:05:00,18,3,25,16,5,610,1,KOUTIALA (BOULEVARD),48.42809,0.07486,Plein jour,En agglomération,Hors intersection,Normale,Autre collision,,,,,,,,,,,1,2,1,1.0,6.0
201800030108,0018-04-02 15:25:00,18,4,2,15,25,610,1,KOUTIALA (AVENUE DE),48.42248,0.08202,Plein jour,En agglomération,Hors intersection,Pluie légère,Sans collision,,,,,,,,,,,1,2,1,2.0,7.0
201800030109,0018-04-05 09:55:00,18,4,5,9,55,610,497,LONGS BAS (LIEUDIT LES ),48.47108,0.10414,Plein jour,En agglomération,Hors intersection,Normale,Deux véhicules - frontale,,,,,,,,,,,1,2,1,1.0,1.0
201800030110,0018-04-18 15:55:00,18,4,18,15,55,610,1,LAZARE CARNOT (RUE),48.44816,0.08666,Plein jour,En agglomération,Intersection en X,Normale,Deux véhicules - côté,,,,,,,,,,,1,2,2,1.0,3.0
201800030111,0018-04-21 14:40:00,18,4,21,14,40,610,1,VILLENEUVE (RUE DE),48.42771,0.07709,Plein jour,En agglomération,Place,Normale,Autre collision,,,,,,,,,,,1,2,7,1.0,6.0
201800030112,0018-05-16 08:00:00,18,5,16,8,0,610,1,RHIN ET DANUBE ( AVENUE),48.41826,0.09768,Plein jour,En agglomération,Giratoire,Temps éblouissant,Deux véhicules - côté,,,,,,,,,,,1,2,6,7.0,3.0
201800030113,0018-05-25 16:20:00,18,5,25,16,20,610,1,GENERAL LECLERC (AVENUE,48.41979,0.08955,Plein jour,En agglomération,Intersection en T,Pluie forte,Autre collision,,,,,,,,,,,1,2,3,3.0,6.0
201800030114,0018-06-12 16:30:00,18,6,12,16,30,610,1,MARCEL PALMIER (RUE),48.43218,0.08479,Plein jour,En agglomération,Intersection en T,Normale,Autre collision,,,,,,,,,,,1,2,3,1.0,6.0
201800030115,0018-08-01 11:10:00,18,8,1,11,10,610,1,RHIN ET DANUBE ( AVENUE),48.41997,0.09489,Plein jour,En agglomération,Hors intersection,Normale,Deux véhicules - côté,,,,,,,,,,,1,2,1,1.0,3.0
201800030116,0018-08-25 18:30:00,18,8,25,18,30,610,1,PIERRE ET MARIE CURIE (R,48.4357,0.10549,Plein jour,En agglomération,Intersection en X,Normale,Deux véhicules - côté,,,,,,,,,,,1,2,2,1.0,3.0
201800030117,0018-08-30 08:35:00,18,8,30,8,35,610,397,FRESNAY (ROUTE DE),48.42168,0.0796,Plein jour,En agglomération,Giratoire,Normale,Deux véhicules - côté,,,,,,,,,,,1,2,6,1.0,3.0
201800030118,0018-09-26 12:00:00,18,9,26,12,0,610,1,REPUBLIQUE (BOULEVARD DE,48.42324,0.08987,Plein jour,En agglomération,Giratoire,Normale,Deux véhicules - côté,,,,,,,,,,,1,2,6,1.0,3.0
201800030119,0018-09-30 17:25:00,18,9,30,17,25,610,1,CLAUDE BERNARD (RUE ),48.4365,0.10493,Plein jour,En agglomération,Giratoire,Normale,Deux véhicules - côté,,,,,,,,,,,1,2,6,1.0,3.0
201800030120,0018-10-23 16:50:00,18,10,23,16,50,610,1,GENERAL LECLERC (AVENUE,48.42082,0.08959,Plein jour,En agglomération,Hors intersection,Normale,Deux véhicules - arrière,,,,,,,,,,,1,2,1,1.0,2.0
201800030121,0018-10-27 14:55:00,18,10,27,14,55,610,1,MEZERAY (BOULEVARD),48.43888,0.08325,Plein jour,En agglomération,Giratoire,Normale,Deux véhicules - côté,,,,,,,,,,,1,2,6,1.0,3.0
201800030122,0018-12-14 19:15:00,18,12,14,19,15,610,111,RD 26,48.46983,0.07845,Nuit sans éclairage public,Hors agglomération,Hors intersection,Pluie légère,Sans collision,,,,,,,,,,,3,1,1,2.0,7.0
201800030123,0018-05-04 19:30:00,18,5,4,19,30,610,6,PANTHOU (RUE ETIENNE),48.74132,-0.02528,Plein jour,En agglomération,Giratoire,Normale,Deux véhicules - côté,,,,,,,,,,,1,2,6,1.0,3.0
201800030124,0018-06-20 20:40:00,18,6,20,20,40,610,6,FORET NORMANDE (AVENUE D,48.74142,-0.02143,Plein jour,En agglomération,Giratoire,Normale,Deux véhicules - côté,,,,,,,,,,,1,2,6,1.0,3.0
201800030125,0018-09-04 18:20:00,18,9,4,18,20,610,6,2EME D.B. (AVENUE DE LA),48.73444,-0.03341,Plein jour,En agglomération,Hors intersection,Normale,Deux véhicules - arrière,,,,,,,,,,,1,2,1,1.0,2.0
201800030126,0018-10-17 12:15:00,18,10,17,12,15,610,6,JEANNE D'ARC (RUE),48.74657,-0.01049,Plein jour,En agglomération,Hors intersection,Normale,Autre collision,,,,,,,,,,,1,2,1,1.0,6.0
201800030127,0018-10-26 12:10:00,18,10,26,12,10,610,6,AUVERGNE (RUE D'),48.75229,-0.02697,Plein jour,En agglomération,Hors intersection,Normale,Autre collision,,,,,,,,,,,1,2,1,1.0,6.0
201800030128,0018-10-10 12:45:00,18,10,10,12,45,610,6,PETITS FOSSES (RUE DES),48.74909,-0.01479,Plein jour,En agglomération,Giratoire,Normale,Deux véhicules - côté,,,,,,,,,,,1,2,6,1.0,3.0
201800030129,0018-10-30 15:50:00,18,10,30,15,50,610,6,PETITS FOSSES (RUE DES),48.74922,-0.02414,Plein jour,En agglomération,Hors intersection,Temps éblouissant,Autre collision,,,,,,,,,,,1,2,1,7.0,6.0
201800030130,0018-10-23 19:40:00,18,10,23,19,40,610,6,CARNOT (BOULEVARD),48.73866,-0.02383,Nuit avec éclairage allumé,En agglomération,Giratoire,Normale,Autre collision,,,,,,,,,,,5,2,6,1.0,6.0
201800030131,0018-01-17 11:10:00,18,1,17,11,10,610,169,"1, MESSEI (RUE DE)",48.74676,-0.56503,Plein jour,En agglomération,Intersection en X,Normale,Deux véhicules - côté,,,,,,,,,,,1,2,2,1.0,3.0
201800030132,0018-02-16 17:10:00,18,2,16,17,10,610,169,"20, LOUIS TOUSSAINT (AVE",48.7426,-0.56212,Plein jour,En agglomération,Autre intersection,Normale,Autre collision,,,,,,,,,,,1,2,9,1.0,6.0
201800030133,0018-05-03 18:55:00,18,5,3,18,55,610,169,GARE (RUE DE LA),48.74592,0.57193,Plein jour,En agglomération,Hors intersection,Normale,Deux véhicules - côté,,,,,,,,,,,1,2,1,1.0,3.0
201800030134,0018-11-21 18:15:00,18,11,21,18,15,610,391,LA POTERIE (LIEU-DIT),48.77965,-0.56858,Nuit sans éclairage public,Hors agglomération,Hors intersection,Normale,Deux véhicules - côté,,,,,,,,,,,3,1,1,1.0,3.0
201800030135,0018-12-04 16:55:00,18,12,4,16,55,610,169,VERDUN (RUE DE),48.74791,-0.5561,Plein jour,En agglomération,Intersection en X,Normale,Deux véhicules - côté,,,,,,,,,,,1,2,2,1.0,3.0
201800030136,0018-02-18 18:00:00,18,2,18,18,0,160,386,l Etoile,45.53835,-0.15493,Nuit sans éclairage public,Hors agglomération,Hors intersection,Temps couvert,Deux véhicules - frontale,,,,,,,,,,,3,1,1,8.0,1.0
201800030137,0018-03-14 07:40:00,18,3,14,7,40,160,386,la Montée de la Roche,45.5193,-0.15817,Crépuscule ou aube,Hors agglomération,Intersection en X,Normale,Deux véhicules - côté,,,,,,,,,,,2,1,2,1.0,3.0
201800030138,0018-05-03 14:00:00,18,5,3,14,0,160,150,Les Mullons,45.67711,-0.27676,Plein jour,Hors agglomération,Autre intersection,Normale,Autre collision,,,,,,,,,,,1,1,9,1.0,6.0
201800030139,0018-05-05 08:00:00,18,5,5,8,0,160,386,,45.51934,-0.16109,Plein jour,Hors agglomération,Hors intersection,Normale,Deux véhicules - frontale,,,,,,,,,,,1,1,1,1.0,1.0
201800030140,0018-05-13 10:10:00,18,5,13,10,10,160,202,La Voute,45.65552,-0.19122,Plein jour,Hors agglomération,Intersection en X,Normale,Deux véhicules - côté,,,,,,,,,,,1,1,2,1.0,3.0
201800030141,0018-06-22 16:45:00,18,6,22,16,45,160,90,,45.61247,-0.03485,Plein jour,Hors agglomération,Hors intersection,Normale,Autre collision,,,,,,,,,,,1,1,1,1.0,6.0
201800030142,0018-07-13 12:15:00,18,7,13,12,15,160,351,rue de la Charente,45.62533,-0.02678,Plein jour,En agglomération,Intersection en T,Normale,Autre collision,,,,,,,,,,,1,2,3,1.0,6.0
201800030143,0018-07-21 12:20:00,18,7,21,12,20,160,366,,45.6343,-0.17566,Plein jour,Hors agglomération,Hors intersection,Normale,Autre collision,,,,,,,,,,,1,1,1,1.0,6.0
201800030144,0018-08-01 04:00:00,18,8,1,4,0,160,247,Lieu-dit Puycaillon,45.54352,-0.06218,Nuit sans éclairage public,Hors agglomération,Hors intersection,Normale,Autre collision,,,,,,,,,,,3,1,1,1.0,6.0
201800030145,0018-01-19 23:45:00,18,1,19,23,45,160,409,,46.00979,0.0735,Nuit sans éclairage public,En agglomération,Hors intersection,Pluie légère,Sans collision,,,,,,,,,,,3,2,1,2.0,7.0
201800030146,0018-02-17 22:00:00,18,2,17,22,0,160,144,,45.9045,0.06775,Nuit sans éclairage public,Hors agglomération,Hors intersection,Normale,Autre collision,,,,,,,,,,,3,1,1,1.0,6.0
201800030147,0018-09-17 13:40:00,18,9,17,13,40,160,253,,46.03819,0.04244,Plein jour,Hors agglomération,Hors intersection,Normale,Autre collision,,,,,,,,,,,1,1,1,1.0,6.0
201800030148,0018-10-27 10:40:00,18,10,27,10,40,160,110,Ld le Petit Village,45.99238,0.1398,Plein jour,En agglomération,Hors intersection,Normale,Autre collision,,,,,,,,,,,1,2,1,1.0,6.0
201800030149,0018-11-11 18:20:00,18,11,11,18,20,160,411,LD Les Baronnes,45.8891,0.04893,Nuit sans éclairage public,Hors agglomération,Intersection en T,Pluie légère,Sans collision,,,,,,,,,,,3,1,3,2.0,7.0
201800030150,0018-11-30 22:30:00,18,11,30,22,30,160,39,route de Monjean,46.04472,0.16617,Nuit avec éclairage allumé,En agglomération,Hors intersection,Normale,Autre collision,,,,,,,,,,,5,2,1,1.0,6.0
201800030151,0018-05-01 07:25:00,18,5,1,7,25,20,63,"Autoroute A.26, Aire de",49.92091,3.23124,Plein jour,Hors agglomération,Autre intersection,Normale,Autre collision,,,,,,,,,,,1,1,9,1.0,6.0
201800030152,0018-08-12 07:00:00,18,8,12,7,0,20,355,Autoroute A26 - PK 162.2,49.89041,3.25512,Crépuscule ou aube,Hors agglomération,Hors intersection,Normale,Autre collision,,,,,,,,,,,2,1,1,1.0,6.0
201800030153,0018-01-12 07:40:00,18,1,12,7,40,170,10,RD 137,46.09989,-1.09233,Nuit sans éclairage public,Hors agglomération,Autre intersection,Normale,Autre collision,,,,,,,,,,,3,1,9,1.0,6.0
201800030154,0018-01-26 10:30:00,18,1,26,10,30,170,109,9 Rue du moulin,46.14112,-1.02811,Plein jour,En agglomération,Hors intersection,Temps éblouissant,Deux véhicules - frontale,,,,,,,,,,,1,2,1,7.0,1.0
201800030155,0018-03-16 18:30:00,18,3,16,18,30,170,373,intersection D 110 - D 1,46.17153,-1.00385,Plein jour,En agglomération,Intersection en X,Normale,Trois véhicules et plus - en chaîne,,,,,,,,,,,1,2,2,1.0,4.0
201800030156,0018-03-18 15:00:00,18,3,18,15,0,170,194,grand rue de grolleau ha,46.11488,-1.01668,Plein jour,En agglomération,Hors intersection,Normale,Deux véhicules - frontale,,,,,,,,,,,1,2,1,1.0,1.0
201800030157,0018-05-18 20:50:00,18,5,18,20,50,170,413,D203E5 - lieu dit Les qu,46.07802,-1.04268,Crépuscule ou aube,Hors agglomération,Hors intersection,Normale,Autre collision,,,,,,,,,,,2,1,1,1.0,6.0
201800030158,0018-06-05 16:20:00,18,6,5,16,20,170,193,D 111,46.12165,-1.07772,Plein jour,Hors agglomération,Intersection en T,Normale,Deux véhicules - arrière,,,,,,,,,,,1,1,3,1.0,2.0
201800030159,0018-06-18 07:35:00,18,6,18,7,35,170,193,route Nationale RD 939,46.12444,-1.05064,Plein jour,Hors agglomération,Hors intersection,Temps couvert,Deux véhicules - côté,,,,,,,,,,,1,1,1,8.0,3.0
201800030160,0018-08-03 23:45:00,18,8,3,23,45,170,420,D 109,46.09087,-1.06045,Nuit sans éclairage public,Hors agglomération,Hors intersection,Normale,Autre collision,,,,,,,,,,,3,1,1,1.0,6.0
201800030161,0018-08-11 11:25:00,18,8,11,11,25,170,420,D111,46.09904,-1.04827,Plein jour,Hors agglomération,Hors intersection,Normale,Sans collision,,,,,,,,,,,1,1,1,1.0,7.0
201800030162,0018-08-18 10:00:00,18,8,18,10,0,170,413,RD 113 - Lieu dit les Bo,46.08215,-1.07056,Plein jour,En agglomération,Hors intersection,Temps éblouissant,Deux véhicules - côté,,,,,,,,,,,1,2,1,7.0,3.0
201800030163,0018-10-03 10:30:00,18,10,3,10,30,170,193,RUE NATIONALE - rd 939,46.12727,-1.06169,Plein jour,En agglomération,Hors intersection,Normale,Deux véhicules - arrière,,,,,,,,,,,1,2,1,1.0,2.0
201800030164,0018-11-04 15:30:00,18,11,4,15,30,170,10,RD137,46.11088,-1.10151,Plein jour,Hors agglomération,Hors intersection,Normale,Deux véhicules - frontale,,,,,,,,,,,1,1,1,1.0,1.0
201800030165,0018-01-06 12:00:00,18,1,6,12,0,600,157,Rue de Paris,49.3745,2.41438,Plein jour,En agglomération,Intersection en T,Normale,Deux véhicules - arrière,,,,,,,,,,,1,2,3,1.0,2.0
201800030166,0018-01-13 18:24:00,18,1,13,18,24,600,568,RD 37,49.41277,2.48585,Nuit sans éclairage public,Hors agglomération,Hors intersection,Temps couvert,Sans collision,,,,,,,,,,,3,1,1,8.0,7.0
201800030167,0018-01-23 15:35:00,18,1,23,15,35,600,7,Route nationale 31,49.39629,2.37744,Plein jour,Hors agglomération,Hors intersection,Temps couvert,Deux véhicules - arrière,,,,,,,,,,,1,1,1,8.0,2.0
201800030168,0018-01-28 16:30:00,18,1,28,16,30,600,115,rue du houssoie,49.45799,2.32649,Plein jour,Hors agglomération,Hors intersection,Normale,Autre collision,,,,,,,,,,,1,1,1,1.0,6.0
201800030169,0018-03-07 11:50:00,18,3,7,11,50,600,106,Échangeur RN31 RN1016,49.38058,2.43631,Plein jour,Hors agglomération,Autre intersection,Pluie légère,Sans collision,,,,,,,,,,,1,1,9,2.0,7.0
201800030170,0018-04-08 22:30:00,18,4,8,22,30,600,7,Route Nationale 31,49.39669,2.37619,Nuit sans éclairage public,Hors agglomération,Hors intersection,Normale,Autre collision,,,,,,,,,,,3,1,1,1.0,6.0
201800030171,0018-06-13 15:45:00,18,6,13,15,45,600,34,37 rue Thierry d'Argenli,49.45311,2.44308,Plein jour,En agglomération,Intersection en T,Normale,Deux véhicules - côté,,,,,,,,,,,1,2,3,1.0,3.0
201800030172,0018-06-22 17:25:00,18,6,22,17,25,600,157,Rue de  paris,49.37066,2.41669,Plein jour,En agglomération,Intersection en X,Normale,Deux véhicules - côté,,,,,,,,,,,1,2,2,1.0,3.0
201800030173,0018-07-17 22:50:00,18,7,17,22,50,600,107,,49.3633,2.4249,Nuit sans éclairage public,Hors agglomération,Hors intersection,Normale,Autre collision,,,,,,,,,,,3,1,1,1.0,6.0
201800030174,0018-08-10 09:40:00,18,8,10,9,40,600,234,place de la république,49.38981,2.43,Plein jour,En agglomération,Place,Normale,Autre collision,,,,,,,,,,,1,2,7,1.0,6.0
201800030175,0018-08-25 01:55:00,18,8,25,1,55,600,451,RD110 grande rue,49.35568,2.3948,Nuit sans éclairage public,Hors agglomération,Hors intersection,Pluie forte,Sans collision,,,,,,,,,,,3,1,1,3.0,7.0
201800030176,0018-09-01 08:00:00,18,9,1,8,0,600,130,RN 31,49.37917,2.52285,Plein jour,Hors agglomération,Hors intersection,Normale,Sans collision,,,,,,,,,,,1,1,1,1.0,7.0
201800030177,0018-12-08 17:15:00,18,12,8,17,15,600,568,Route départementale 37,49.42782,2.50811,Nuit sans éclairage public,Hors agglomération,Hors intersection,Pluie légère,Sans collision,,,,,,,,,,,3,1,1,2.0,7.0
201800030178,0018-01-09 10:30:00,18,1,9,10,30,620,41,"76, LOBBEDEZ ( AVENUE FE",50.28126,2.78068,Plein jour,En agglomération,Autre intersection,Normale,Trois véhicules et plus - collisions multiples,,,,,,,,,,,1,2,9,1.0,5.0
201800030179,0018-02-16 07:00:00,18,2,16,7,0,620,99,RD 260,50.26517,2.79628,Crépuscule ou aube,En agglomération,Hors intersection,Normale,Deux véhicules - arrière,,,,,,,,,,,2,2,1,1.0,2.0
201800030180,0018-02-15 07:30:00,18,2,15,7,30,620,41,"18, LIBERTE ( BOULEVARD",50.29709,2.76474,Nuit avec éclairage allumé,En agglomération,Hors intersection,Normale,Autre collision,,,,,,,,,,,5,2,1,1.0,6.0
201800030181,0018-03-16 22:25:00,18,3,16,22,25,620,37,"26, BLONDEL ( LOUIS )",50.30805,2.74583,Nuit avec éclairage allumé,En agglomération,Hors intersection,Normale,Deux véhicules - côté,,,,,,,,,,,5,2,1,1.0,3.0
201800030182,0018-02-23 16:50:00,18,2,23,16,50,620,37,RD 925,50.31741,2.72385,Plein jour,Hors agglomération,Hors intersection,Normale,Deux véhicules - frontale,,,,,,,,,,,1,1,1,1.0,1.0
201800030183,0018-03-21 08:45:00,18,3,21,8,45,620,41,STRASBOURG ( BOULEVARD D,50.28776,2.77893,Plein jour,En agglomération,Intersection en X,Normale,Autre collision,,,,,,,,,,,1,2,2,1.0,6.0
201800030184,0018-03-24 21:40:00,18,3,24,21,40,620,41,RENOIR,50.29755,2.7443,Nuit avec éclairage allumé,En agglomération,Intersection en T,Normale,Autre collision,,,,,,,,,,,5,2,3,1.0,6.0
201800030185,0018-01-17 16:00:00,18,1,17,16,0,620,753,RD 950,50.30769,2.78717,Plein jour,Hors agglomération,Intersection en Y,Normale,Autre collision,,,,,,,,,,,1,1,4,1.0,6.0
201800030186,0018-04-07 16:35:00,18,4,7,16,35,620,263,AURIOL ( JACQUELINE ),50.28129,2.73498,Plein jour,En agglomération,Autre intersection,Normale,Autre collision,,,,,,,,,,,1,2,9,1.0,6.0
201800030187,0018-04-21 11:00:00,18,4,21,11,0,620,41,CRESPEL ( BOULEVARD ),50.28882,2.76518,Plein jour,En agglomération,Intersection en X,Normale,Deux véhicules - côté,,,,,,,,,,,1,2,2,1.0,3.0
201800030188,0018-05-26 04:05:00,18,5,26,4,5,620,764,JAURES ( PLACE JEAN ),50.30226,2.77669,Nuit sans éclairage public,En agglomération,Place,Autre,Autre collision,,,,,,,,,,,3,2,7,9.0,6.0
201800030189,0018-06-21 21:45:00,18,6,21,21,45,620,764,FORGE AU FER ( DE LA ),50.30073,2.79004,Nuit avec éclairage non allumé,En agglomération,Hors intersection,Normale,Deux véhicules - arrière,,,,,,,,,,,4,2,1,1.0,2.0
201800030190,0018-06-21 17:15:00,18,6,21,17,15,620,764,RD 950,50.30572,2.78405,Plein jour,Hors agglomération,Autre intersection,Normale,Autre collision,,,,,,,,,,,1,1,9,1.0,6.0
201800030191,0018-07-01 13:45:00,18,7,1,13,45,620,753,GERS ( LAURENT ),50.29999,2.80174,Plein jour,En agglomération,Autre intersection,Normale,Autre collision,,,,,,,,,,,1,2,9,1.0,6.0
201800030192,0018-07-08 15:40:00,18,7,8,15,40,620,41,LOBBEDEZ ( AVENUE FERNAN,50.28117,2.78083,Plein jour,En agglomération,Autre intersection,Normale,Deux véhicules - côté,,,,,,,,,,,1,2,9,1.0,3.0
201800030193,0018-07-20 21:55:00,18,7,20,21,55,620,41,FUSILLES ( AVENUE DES ),50.28556,2.75781,Nuit avec éclairage allumé,En agglomération,Hors intersection,Temps couvert,Autre collision,,,,,,,,,,,5,2,1,8.0,6.0
201800030194,0018-07-31 10:40:00,18,7,31,10,40,620,41,TCHECOSLOVAQUIE ( ROND P,50.29715,2.76986,Plein jour,En agglomération,Giratoire,Normale,Autre collision,,,,,,,,,,,1,2,6,1.0,6.0
201800030195,0018-09-16 21:55:00,18,9,16,21,55,620,41,LECLERC ( AV DU MARE D91,50.28627,2.77758,Nuit avec éclairage allumé,En agglomération,Hors intersection,Normale,Deux véhicules - frontale,,,,,,,,,,,5,2,1,1.0,1.0
201800030196,0018-10-05 08:20:00,18,10,5,8,20,620,41,LIBERTE ( BOULEVARD DE L,50.29701,2.76482,Plein jour,En agglomération,Hors intersection,Normale,Autre collision,,,,,,,,,,,1,2,1,1.0,6.0
201800030197,0018-10-17 12:25:00,18,10,17,12,25,620,263,MERMOZ ( AVENUE JEAN ),50.28132,2.73408,Plein jour,En agglomération,Hors intersection,Normale,Autre collision,,,,,,,,,,,1,2,1,1.0,6.0
201800030198,0018-11-05 19:35:00,18,11,5,19,35,620,37,RN 25,50.32308,2.73481,Nuit sans éclairage public,Hors agglomération,Hors intersection,Normale,Autre collision,,,,,,,,,,,3,1,1,1.0,6.0
201800030199,0018-11-14 13:45:00,18,11,14,13,45,620,263,EN BAS ( D' ),50.27869,2.71956,Plein jour,En agglomération,Hors intersection,Normale,Deux véhicules - arrière,,,,,,,,,,,1,2,1,1.0,2.0
201800030200,0018-12-19 17:35:00,18,12,19,17,35,620,41,DE LATTRE DE TASSIGNY (,50.2883,2.78573,Crépuscule ou aube,En agglomération,Intersection en X,Normale,Deux véhicules - frontale,,,,,,,,,,,2,2,2,1.0,1.0
201800030201,0018-12-17 08:50:00,18,12,17,8,50,620,4,AGNY ( D' ),50.26972,2.76685,Crépuscule ou aube,En agglomération,Intersection en T,Normale,Autre collision,,,,,,,,,,,2,2,3,1.0,6.0
201800030202,0018-02-02 23:45:00,18,2,2,23,45,620,516,CD 943,50.56658,2.49514,Nuit sans éclairage public,Hors agglomération,Hors intersection,Pluie légère,Deux véhicules - côté,,,,,,,,,,,3,1,1,2.0,3.0
201800030203,0018-06-02 18:45:00,18,6,2,18,45,620,217,NATIONALE (ROUTE),50.51056,2.44324,Plein jour,En agglomération,Hors intersection,Normale,Deux véhicules - arrière,,,,,,,,,,,1,2,1,1.0,2.0
201800030204,0018-06-17 23:10:00,18,6,17,23,10,620,516,BURBURE-RUE DE -,50.54753,2.45456,Nuit avec éclairage allumé,En agglomération,Hors intersection,Normale,Autre collision,,,,,,,,,,,5,2,1,1.0,6.0
201800030205,0018-06-14 08:15:00,18,6,14,8,15,620,48,LAMENDIN (ARTHUR),50.51792,2.45404,Plein jour,En agglomération,Hors intersection,Normale,Deux véhicules - arrière,,,,,,,,,,,1,2,1,1.0,2.0
201800030206,0018-06-28 13:35:00,18,6,28,13,35,620,48,SORRIAUX (URIANE),50.50321,2.46347,Plein jour,En agglomération,Hors intersection,Normale,Autre collision,,,,,,,,,,,1,2,1,1.0,6.0
201800030207,0018-09-22 17:50:00,18,9,22,17,50,620,328,HURIONVILLE (D')D91E1,50.5328,2.43336,Plein jour,En agglomération,Intersection en X,Pluie forte,Deux véhicules - côté,,,,,,,,,,,1,2,2,3.0,3.0
201800030208,0018-11-16 12:45:00,18,11,16,12,45,620,48,SALENGRO (ROGER) APRES L,50.50051,2.47255,Plein jour,En agglomération,Intersection en T,Normale,Deux véhicules - côté,,,,,,,,,,,1,2,3,1.0,3.0
201800030209,0018-11-17 18:00:00,18,11,17,18,0,620,516,CD 943,50.56902,2.45764,Nuit avec éclairage allumé,En agglomération,Hors intersection,Normale,Deux véhicules - côté,,,,,,,,,,,5,2,1,1.0,3.0
201800030210,0018-12-11 19:50:00,18,12,11,19,50,620,516,C.D 916,50.56574,2.46276,Nuit avec éclairage allumé,En agglomération,Hors intersection,Normale,Trois véhicules et plus - en chaîne,,,,,,,,,,,5,2,1,1.0,4.0
201800030211,0018-04-10 17:35:00,18,4,10,17,35,620,108,VERDUN,50.40393,1.59585,Plein jour,En agglomération,Giratoire,Normale,Autre collision,,,,,,,,,,,1,2,6,1.0,6.0
201800030212,0018-04-28 06:30:00,18,4,28,6,30,620,108,IMPERATRICE,50.2428,1.35222,Nuit avec éclairage allumé,En agglomération,Hors intersection,Temps couvert,Autre collision,,,,,,,,,,,5,2,1,8.0,6.0
201800030213,0018-05-15 17:38:00,18,5,15,17,38,620,108,Rue de la PLAGE,50.40716,1.56699,Plein jour,En agglomération,Hors intersection,Normale,Autre collision,,,,,,,,,,,1,2,1,1.0,6.0
201800030214,0018-06-14 15:40:00,18,6,14,15,40,620,108,RD303,50.40316,1.59644,Plein jour,En agglomération,Autre intersection,Normale,Autre collision,,,,,,,,,,,1,2,9,1.0,6.0
201800030215,0018-06-15 17:30:00,18,6,15,17,30,620,108,CD940,50.40218,1.59651,Plein jour,En agglomération,Hors intersection,Normale,Deux véhicules - côté,,,,,,,,,,,1,2,1,1.0,3.0
201800030216,0018-07-15 00:25:00,18,7,15,0,25,620,108,CELIBAT,50.40861,1.59233,Nuit avec éclairage allumé,En agglomération,Intersection en X,Normale,Deux véhicules - côté,,,,,,,,,,,5,2,2,1.0,3.0
201800030217,0018-07-21 19:50:00,18,7,21,19,50,620,108,DOCTEUR QUETTIER,50.41111,1.58697,Plein jour,En agglomération,Hors intersection,Normale,Autre collision,,,,,,,,,,,1,2,1,1.0,6.0
201800030218,0018-08-04 23:20:00,18,8,4,23,20,620,108,IMPERATRICE,50.40469,1.56316,Nuit avec éclairage allumé,En agglomération,Intersection en X,Normale,Deux véhicules - côté,,,,,,,,,,,5,2,2,1.0,3.0
201800030219,0018-08-24 16:55:00,18,8,24,16,55,620,108,ANGLAIS,50.41026,1.58444,Plein jour,En agglomération,Intersection en X,Normale,Deux véhicules - côté,,,,,,,,,,,1,2,2,1.0,3.0
201800030220,0018-09-04 18:20:00,18,9,4,18,20,620,108,BOULOGNE,50.41435,1.57152,Plein jour,En agglomération,Hors intersection,Normale,Autre collision,,,,,,,,,,,1,2,1,1.0,6.0
201800030221,0018-07-03 08:00:00,18,7,3,8,0,620,108,123 Bd de Boulogne,50.41451,1.58454,Plein jour,En agglomération,Hors intersection,Normale,Autre collision,,,,,,,,,,,1,2,1,1.0,6.0
201800030222,0018-02-13 14:20:00,18,2,13,14,20,620,119,"95, GAMBETTA ( RUE )",50.53219,2.63687,Plein jour,En agglomération,Intersection en X,Normale,Autre collision,,,,,,,,,,,1,2,2,1.0,6.0
201800030223,0018-01-30 17:30:00,18,1,30,17,30,620,276,"6, HUIT MAI 1945 ( RUE D",50.50868,2.8378,Crépuscule ou aube,En agglomération,Hors intersection,Normale,Deux véhicules - côté,,,,,,,,,,,2,2,1,1.0,3.0