accident_id,datetime,annee,mois,jour,heure,minute,departement,commune_insee,adresse,latitude,longitude,luminosite,agglomeration,intersection,meteo,collision,nb_vehicules,nb_usagers,nb_indemnes,nb_tues,nb_blesses_hosp,nb_blesses_legers,age_cond_1,age_cond_2,veh_type_cond_1,veh_type_cond_2,lum_code,agg_code,int_code,atm_code,col_code
201800030224,0018-01-24 17:15:00,18,1,24,17,15,620,119,JUIN ( RUE DU MARECHAL ),50.52643,2.63056,Crépuscule ou aube,En agglomération,Giratoire,Normale,Autre collision,,,,,,,,,,,2,2,6,1.0,6.0
201800030225,0018-01-29 17:15:00,18,1,29,17,15,620,846,"70 bis, GUESDE JULES ( R",50.48933,2.76176,Nuit sans éclairage public,Hors agglomération,Hors intersection,Normale,Deux véhicules - arrière,,,,,,,,,,,3,1,1,1.0,2.0
201800030226,0018-02-15 17:10:00,18,2,15,17,10,620,119,VAUDRICOURT ( RUE DE ),50.51649,2.62492,Plein jour,En agglomération,Giratoire,Normale,Deux véhicules - côté,,,,,,,,,,,1,2,6,1.0,3.0
201800030227,0018-04-07 13:50:00,18,4,7,13,50,620,735,LILLE ( ROUTE DE ) OU PE,50.51281,2.70104,Plein jour,Hors agglomération,Hors intersection,Normale,Deux véhicules - côté,,,,,,,,,,,1,1,1,1.0,3.0
201800030228,0018-05-10 00:10:00,18,5,10,0,10,620,119,AIRE PROLONGEE ( RUE D',50.53897,2.62503,Nuit avec éclairage allumé,En agglomération,Hors intersection,Normale,Trois véhicules et plus - collisions multiples,,,,,,,,,,,5,2,1,1.0,5.0
201800030229,0018-05-25 10:50:00,18,5,25,10,50,620,119,SAINT PRY ( RUE DU FAUBO,50.52084,2.6246,Plein jour,En agglomération,Intersection en Y,Normale,Deux véhicules - côté,,,,,,,,,,,1,2,4,1.0,3.0
201800030230,0018-05-25 17:30:00,18,5,25,17,30,620,119,SAINT ELOI ( PLACE ),50.52822,2.64269,Plein jour,En agglomération,Giratoire,Normale,Autre collision,,,,,,,,,,,1,2,6,1.0,6.0
201800030231,0018-06-07 20:10:00,18,6,7,20,10,620,119,SAINT POL ( RUE DE ),50.51683,2.63214,Plein jour,En agglomération,Hors intersection,Normale,Deux véhicules - côté,,,,,,,,,,,1,2,1,1.0,3.0
201800030232,0018-06-09 13:55:00,18,6,9,13,55,620,119,ORLEANS ( RUE D' ),50.51551,2.63713,Plein jour,En agglomération,Intersection en X,Normale,Deux véhicules - côté,,,,,,,,,,,1,2,2,1.0,3.0
201800030233,0018-07-06 13:05:00,18,7,6,13,5,620,119,BRUAY ( AVENUE DE ),50.52378,2.62791,Plein jour,En agglomération,Giratoire,Normale,Autre collision,,,,,,,,,,,1,2,6,1.0,6.0
201800030234,0018-07-14 00:20:00,18,7,14,0,20,620,262,941 (CD),50.51272,2.74733,Nuit avec éclairage allumé,En agglomération,Giratoire,Normale,Autre collision,,,,,,,,,,,5,2,6,1.0,6.0
201800030235,0018-07-12 12:50:00,18,7,12,12,50,620,119,SAINT PRY ( ROND POINT ),50.52688,2.63025,Plein jour,En agglomération,Giratoire,Normale,Deux véhicules - côté,,,,,,,,,,,1,2,6,1.0,3.0
201800030236,0018-07-15 20:05:00,18,7,15,20,5,620,126,NATIONALE  ( ROUTE ),50.52189,2.66506,Plein jour,En agglomération,Intersection en T,Normale,Autre collision,,,,,,,,,,,1,2,3,1.0,6.0
201800030237,0018-07-20 04:30:00,18,7,20,4,30,620,126,NATIONALE  ( ROUTE ),50.52103,2.67076,Nuit avec éclairage non allumé,En agglomération,Intersection en X,Normale,Deux véhicules - côté,,,,,,,,,,,4,2,2,1.0,3.0
201800030238,0018-07-20 15:30:00,18,7,20,15,30,620,126,CD 941,50.51303,2.67406,Plein jour,Hors agglomération,Giratoire,Pluie forte,Deux véhicules - côté,,,,,,,,,,,1,1,6,3.0,3.0
201800030239,0018-08-04 12:20:00,18,8,4,12,20,620,863,RETUY ( RUE DU ),50.54347,2.78954,Plein jour,En agglomération,Hors intersection,Temps éblouissant,Deux véhicules - côté,,,,,,,,,,,1,2,1,7.0,3.0
201800030240,0018-08-06 19:20:00,18,8,6,19,20,620,846,D39,50.48607,2.7713,Plein jour,Hors agglomération,Hors intersection,Temps éblouissant,Sans collision,,,,,,,,,,,1,1,1,7.0,7.0
201800030241,0018-08-12 17:30:00,18,8,12,17,30,620,350,FOUQUEREUIL ( RUE DE ),50.51569,2.60766,Plein jour,En agglomération,Hors intersection,Normale,Sans collision,,,,,,,,,,,1,2,1,1.0,7.0
201800030242,0018-09-04 11:00:00,18,9,4,11,0,620,119,BRUAY ( AVENUE DE ),50.52274,2.6283,Plein jour,En agglomération,Hors intersection,Normale,Autre collision,,,,,,,,,,,1,2,1,1.0,6.0
201800030243,0018-09-08 01:00:00,18,9,8,1,0,620,349,GRARD ( RUE ),50.52254,2.59322,Nuit sans éclairage public,En agglomération,Hors intersection,Normale,Deux véhicules - côté,,,,,,,,,,,3,2,1,1.0,3.0
201800030244,0018-09-20 08:50:00,18,9,20,8,50,620,34,CD 941,50.50964,2.72823,Plein jour,En agglomération,Intersection en X,Normale,Autre collision,,,,,,,,,,,1,2,2,1.0,6.0
201800030245,0018-09-24 15:10:00,18,9,24,15,10,620,350,941(CD),50.51126,2.60775,Plein jour,Hors agglomération,Hors intersection,Normale,Autre collision,,,,,,,,,,,1,1,1,1.0,6.0
201800030246,0018-09-26 16:25:00,18,9,26,16,25,620,51,ROUTE NATIONALE 41,50.51817,2.78224,Plein jour,En agglomération,Hors intersection,Temps éblouissant,Autre collision,,,,,,,,,,,1,2,1,7.0,6.0
201800030247,0018-09-29 22:25:00,18,9,29,22,25,620,132,HALAGE ( CHEMIN DU ),50.52615,2.87813,Nuit sans éclairage public,Hors agglomération,Hors intersection,Normale,Autre collision,,,,,,,,,,,3,1,1,1.0,6.0
201800030248,0018-10-02 23:20:00,18,10,2,23,20,620,119,VOLTAIRE ( BOULEVARD ),50.52481,2.63898,Nuit avec éclairage allumé,En agglomération,Hors intersection,Normale,Autre collision,,,,,,,,,,,5,2,1,1.0,6.0
201800030249,0018-09-25 11:00:00,18,9,25,11,0,620,119,TRAIN DE LOOS (rue),50.52201,2.62918,Plein jour,En agglomération,Autre intersection,Normale,Autre collision,,,,,,,,,,,1,2,9,1.0,6.0
201800030250,0018-10-23 16:10:00,18,10,23,16,10,620,119,JOFFRE ( PLACE ),50.53276,2.64269,Plein jour,En agglomération,Hors intersection,Normale,Autre collision,,,,,,,,,,,1,2,1,1.0,6.0
201800030251,0018-11-11 16:30:00,18,11,11,16,30,620,841,MERVILLE ( RUE DE ),50.54992,2.61401,Plein jour,En agglomération,Hors intersection,Normale,Autre collision,,,,,,,,,,,1,2,1,1.0,6.0
201800030252,0018-12-18 16:15:00,18,12,18,16,15,620,126,CD 941,50.51165,2.66101,Plein jour,Hors agglomération,Giratoire,Temps couvert,Deux véhicules - côté,,,,,,,,,,,1,1,6,8.0,3.0
201800030253,0018-01-30 19:15:00,18,1,30,19,15,620,160,MONTESQUIEU (Bld),50.42531,1.36007,Nuit avec éclairage allumé,En agglomération,Hors intersection,Temps couvert,Autre collision,,,,,,,,,,,5,2,1,8.0,6.0
201800030254,0018-02-23 17:50:00,18,2,23,17,50,620,755,PONT PITENDAL ( Lieudit),50.7031,1.61266,Plein jour,En agglomération,Hors intersection,Normale,Deux véhicules - côté,,,,,,,,,,,1,2,1,1.0,3.0
201800030255,0018-03-05 12:42:00,18,3,5,12,42,620,160,"12, MALO (Rue Henri )",50.71401,1.61737,Plein jour,En agglomération,Hors intersection,Normale,Autre collision,,,,,,,,,,,1,2,1,1.0,6.0
201800030256,0018-03-08 10:00:00,18,3,8,10,0,620,160,EURVIN (Bld),50.72413,1.61681,Plein jour,En agglomération,Hors intersection,Pluie forte,Deux véhicules - arrière,,,,,,,,,,,1,2,1,3.0,2.0
201800030257,0018-03-21 14:00:00,18,3,21,14,0,620,893,C.D. 940,50.4524,1.3617,Plein jour,Hors agglomération,Hors intersection,Normale,Deux véhicules - arrière,,,,,,,,,,,1,1,1,1.0,2.0
201800030258,0018-04-22 02:50:00,18,4,22,2,50,620,893,GIARD ( Quai Alfred ),50.76985,1.60942,Nuit avec éclairage allumé,En agglomération,Intersection en X,Normale,Deux véhicules - côté,,,,,,,,,,,5,2,2,1.0,3.0
201800030259,0018-05-09 11:05:00,18,5,9,11,5,620,160,DE GAULLE (Ave Charles),50.72769,1.61806,Plein jour,En agglomération,Giratoire,Normale,Autre collision,,,,,,,,,,,1,2,6,1.0,6.0
201800030260,0018-05-25 15:50:00,18,5,25,15,50,620,160,MARGUET (Pont),50.72333,1.60141,Plein jour,En agglomération,Intersection en Y,Normale,Autre collision,,,,,,,,,,,1,2,4,1.0,6.0
201800030261,0018-05-26 10:30:00,18,5,26,10,30,620,755,PETIT CAPORAL ( Lieudit),50.699,1.6112,Plein jour,En agglomération,Hors intersection,Normale,Deux véhicules - arrière,,,,,,,,,,,1,2,1,1.0,2.0
201800030262,0018-04-30 21:00:00,18,4,30,21,0,620,758,DENACRE ( Rue du ),50.73704,1.63491,Plein jour,En agglomération,Autre intersection,Normale,Autre collision,,,,,,,,,,,1,2,9,1.0,6.0
201800030263,0018-07-07 14:10:00,18,7,7,14,10,620,160,CHEMIN VERT (Rue du),50.73409,1.60445,Plein jour,En agglomération,Autre intersection,Normale,Deux véhicules - côté,,,,,,,,,,,1,2,9,1.0,3.0
201800030264,0018-09-17 09:15:00,18,9,17,9,15,620,758,GIRAUD SANNIER ( Rue ),50.72233,1.63309,Plein jour,En agglomération,Intersection en T,Normale,Deux véhicules - côté,,,,,,,,,,,1,2,3,1.0,3.0
201800030265,0018-10-06 04:55:00,18,10,6,4,55,620,667,SARRAZ BOURNET (Bd),50.7179,1.57905,Nuit avec éclairage allumé,En agglomération,Hors intersection,Normale,Sans collision,,,,,,,,,,,5,2,1,1.0,7.0
201800030266,0018-10-18 09:30:00,18,10,18,9,30,620,758,SAINT OMER ( Route de ),50.72657,1.6419,Plein jour,En agglomération,Hors intersection,Temps couvert,Deux véhicules - arrière,,,,,,,,,,,1,2,1,8.0,2.0
201800030267,0018-10-18 06:45:00,18,10,18,6,45,620,758,DESVRES ( Rue de ),50.72379,1.63882,Nuit avec éclairage allumé,En agglomération,Intersection en X,Pluie légère,Deux véhicules - frontale,,,,,,,,,,,5,2,2,2.0,1.0
201800030268,0018-10-20 15:30:00,18,10,20,15,30,620,667,CARNOT ( Rue ),50.7129,1.58698,Plein jour,En agglomération,Hors intersection,Normale,Autre collision,,,,,,,,,,,1,2,1,1.0,6.0
201800030269,0018-11-04 06:40:00,18,11,4,6,40,620,893,CARNOT ( Rue ),50.76166,1.60644,Nuit avec éclairage allumé,En agglomération,Giratoire,Normale,Autre collision,,,,,,,,,,,5,2,6,1.0,6.0
201800030270,0018-11-14 10:10:00,18,11,14,10,10,620,893,SURCOUF ( Rue ),50.77669,1.60832,Plein jour,En agglomération,Hors intersection,Autre,Autre collision,,,,,,,,,,,1,2,1,9.0,6.0
201800030271,0018-12-10 17:35:00,18,12,10,17,35,620,667,LIBERTE ( Bld de la ),50.70844,1.58526,Nuit avec éclairage allumé,En agglomération,Hors intersection,Normale,Autre collision,,,,,,,,,,,5,2,1,1.0,6.0
201800030272,0018-12-14 18:00:00,18,12,14,18,0,620,160,BERTINGHEN (Rue de),50.7145,1.61465,Crépuscule ou aube,En agglomération,Hors intersection,Normale,Autre collision,,,,,,,,,,,2,2,1,1.0,6.0
201800030273,0018-01-19 18:40:00,18,1,19,18,40,620,178,"79, SALENGRO ( ROGER )",50.4741,2.54394,Nuit avec éclairage allumé,En agglomération,Hors intersection,Normale,Autre collision,,,,,,,,,,,5,2,1,1.0,6.0
201800030274,0018-01-25 12:00:00,18,1,25,12,0,620,178,AIRE ( D'),50.49345,2.55016,Plein jour,En agglomération,Hors intersection,Normale,Deux véhicules - arrière,,,,,,,,,,,1,2,1,1.0,2.0
201800030275,0018-03-04 23:25:00,18,3,4,23,25,620,178,"817, BASLY ( EMILE )",50.48771,2.53043,Nuit avec éclairage allumé,En agglomération,Hors intersection,Normale,Sans collision,,,,,,,,,,,5,2,1,1.0,7.0
201800030276,0018-04-11 21:00:00,18,4,11,21,0,620,178,CADOT ( HENRI ),50.48106,2.54728,Nuit avec éclairage allumé,En agglomération,Intersection en X,Normale,Deux véhicules - côté,,,,,,,,,,,5,2,2,1.0,3.0
201800030277,0018-04-17 14:40:00,18,4,17,14,40,620,457,MANGIN (RUE DU GENERAL),50.46212,2.55687,Plein jour,En agglomération,Intersection en Y,Normale,Autre collision,,,,,,,,,,,1,2,4,1.0,6.0
201800030278,0018-05-20 20:35:00,18,5,20,20,35,620,270,CAPELLE (RUE),50.4675,2.50728,Plein jour,En agglomération,Hors intersection,Normale,Sans collision,,,,,,,,,,,1,2,1,1.0,7.0
201800030279,0018-06-13 14:00:00,18,6,13,14,0,620,178,LIBERATION ( AVENUE ),50.49785,2.583,Plein jour,En agglomération,Hors intersection,Normale,Deux véhicules - côté,,,,,,,,,,,1,2,1,1.0,3.0
201800030280,0018-06-14 22:40:00,18,6,14,22,40,620,178,PHILIPPEVILLE,50.49204,2.53229,Nuit sans éclairage public,En agglomération,Hors intersection,Normale,Autre collision,,,,,,,,,,,3,2,1,1.0,6.0
201800030281,0018-06-24 18:25:00,18,6,24,18,25,620,457,BRIAND (RUE ARISTIDE),50.46685,2.55326,Plein jour,En agglomération,Hors intersection,Normale,Autre collision,,,,,,,,,,,1,2,1,1.0,6.0
201800030282,0018-12-21 08:05:00,18,12,21,8,5,620,178,LIBERATION ( AVENUE ),50.49088,2.56535,Nuit avec éclairage allumé,En agglomération,Hors intersection,Pluie forte,Autre collision,,,,,,,,,,,5,2,1,3.0,6.0
201800030283,0018-12-16 22:30:00,18,12,16,22,30,620,457,BRUAY (ROUTE DE),50.45957,2.53792,Nuit avec éclairage non allumé,Hors agglomération,Autre intersection,Pluie légère,Autre collision,,,,,,,,,,,4,1,9,2.0,6.0
201800030284,0018-12-23 02:45:00,18,12,23,2,45,620,445,D86,50.49076,2.60303,Nuit sans éclairage public,Hors agglomération,Autre intersection,Temps couvert,Autre collision,,,,,,,,,,,3,1,9,8.0,6.0
201800030285,0018-01-03 11:10:00,18,1,3,11,10,620,193,"95, ROGER SALENGRO (AVEN",50.94588,1.83667,Plein jour,En agglomération,Hors intersection,Vent fort / tempête,Deux véhicules - côté,,,,,,,,,,,1,2,1,6.0,3.0
201800030286,0018-01-08 09:50:00,18,1,8,9,50,620,193,ARMES (PLACE D'),50.95977,1.85001,Plein jour,En agglomération,Intersection en X,Temps couvert,Deux véhicules - côté,,,,,,,,,,,1,2,2,8.0,3.0
201800030287,0018-01-20 18:30:00,18,1,20,18,30,620,193,"82, SAINT EXUPERY (AVENU",50.9463,1.89557,Nuit avec éclairage allumé,En agglomération,Hors intersection,Pluie légère,Autre collision,,,,,,,,,,,5,2,1,2.0,6.0
201800030288,0018-01-30 09:00:00,18,1,30,9,0,620,193,"148, ST EXUPERY (AVENUE)",50.9465,1.90062,Plein jour,En agglomération,Hors intersection,Normale,Autre collision,,,,,,,,,,,1,2,1,1.0,6.0
201800030289,0018-02-11 15:00:00,18,2,11,15,0,620,193,COSTES ET BELLONTE,50.95324,0.8888,Plein jour,En agglomération,Intersection en T,Normale,Autre collision,,,,,,,,,,,1,2,3,1.0,6.0
201800030290,0018-02-03 15:45:00,18,2,3,15,45,620,193,"1, ROGER SALENGRO (AVENU",50.94587,1.83755,Plein jour,En agglomération,Giratoire,Normale,Deux véhicules - arrière,,,,,,,,,,,1,2,6,1.0,2.0
201800030291,0018-01-26 18:50:00,18,1,26,18,50,620,193,JACQUARD (BOULEVARD),50.95382,1.85106,Nuit sans éclairage public,En agglomération,Hors intersection,Normale,Autre collision,,,,,,,,,,,3,2,1,1.0,6.0
201800030292,0018-03-01 19:30:00,18,3,1,19,30,620,193,"73, LOUIS BLERIOT (AVENU",50.95037,1.86712,Crépuscule ou aube,En agglomération,Intersection en X,Normale,Deux véhicules - frontale,,,,,,,,,,,2,2,2,1.0,1.0
201800030293,0018-03-21 21:30:00,18,3,21,21,30,620,193,BERT (RUE P.),50.95374,1.85576,Nuit avec éclairage allumé,En agglomération,Intersection en T,Normale,Deux véhicules - côté,,,,,,,,,,,5,2,3,1.0,3.0
201800030294,0018-03-23 16:30:00,18,3,23,16,30,620,193,A216,,,Plein jour,Hors agglomération,Hors intersection,Normale,Sans collision,,,,,,,,,,,1,1,1,1.0,7.0
201800030295,0018-04-03 16:00:00,18,4,3,16,0,620,244,CALVAIRE (RUE DU),50.91794,1.88768,Plein jour,En agglomération,Passage à niveau,Temps couvert,Deux véhicules - côté,,,,,,,,,,,1,2,8,8.0,3.0
201800030296,0018-04-07 17:34:00,18,4,7,17,34,620,239,PARC (BOULEVARD DU),50.92988,1.80691,Plein jour,En agglomération,Hors intersection,Normale,Autre collision,,,,,,,,,,,1,2,1,1.0,6.0
201800030297,0018-04-14 21:30:00,18,4,14,21,30,620,193,LOUIS BLERIOT (AVENUE),50.95013,1.86542,Nuit avec éclairage allumé,En agglomération,Autre intersection,Pluie légère,Autre collision,,,,,,,,,,,5,2,9,2.0,6.0
201800030298,0018-04-28 00:25:00,18,4,28,0,25,620,244,CLIPET (RUE LOUIS),50.92306,1.88805,Nuit avec éclairage allumé,En agglomération,Hors intersection,Pluie légère,Autre collision,,,,,,,,,,,5,2,1,2.0,6.0
201800030299,0018-05-06 15:30:00,18,5,6,15,30,620,774,CD 940,50.93516,1.72623,Plein jour,Hors agglomération,Hors intersection,Normale,Deux véhicules - côté,,,,,,,,,,,1,1,1,1.0,3.0
201800030300,0018-05-28 12:20:00,18,5,28,12,20,620,548,avenue de Calais,50.94769,1.94368,Plein jour,En agglomération,Hors intersection,Normale,Trois véhicules et plus - collisions multiples,,,,,,,,,,,1,2,1,1.0,5.0
201800030301,0018-05-30 09:05:00,18,5,30,9,5,620,193,JACQUARD (BOULEVARD),50.95125,1.85373,Plein jour,En agglomération,Hors intersection,Normale,Autre collision,,,,,,,,,,,1,2,1,1.0,6.0
201800030302,0018-06-02 14:20:00,18,6,2,14,20,620,193,LAFAYETTE (BOULEVARD),50.94694,1.85647,Plein jour,En agglomération,Hors intersection,Normale,Autre collision,,,,,,,,,,,1,2,1,1.0,6.0
201800030303,0018-06-08 16:15:00,18,6,8,16,15,620,193,DENIS PAPIN,50.94414,1.85085,Plein jour,En agglomération,Hors intersection,Normale,Deux véhicules - côté,,,,,,,,,,,1,2,1,1.0,3.0
201800030304,0018-06-13 15:50:00,18,6,13,15,50,620,193,FAGUER (RUE J.),50.94386,1.86795,Plein jour,En agglomération,Intersection en T,Normale,Sans collision,,,,,,,,,,,1,2,3,1.0,7.0
201800030305,0018-06-23 12:10:00,18,6,23,12,10,620,193,ROYALE,50.95875,1.84934,Plein jour,En agglomération,Hors intersection,Normale,Deux véhicules - arrière,,,,,,,,,,,1,2,1,1.0,2.0
201800030306,0018-07-30 11:00:00,18,7,30,11,0,620,193,TOUMANIANTZ (AVENUE),50.95336,1.88969,Plein jour,En agglomération,Autre intersection,Normale,Deux véhicules - frontale,,,,,,,,,,,1,2,9,1.0,1.0
201800030307,0018-07-28 09:15:00,18,7,28,9,15,620,548,rue du COLOMBIER,50.92613,1.91867,Plein jour,Hors agglomération,Hors intersection,Temps couvert,Sans collision,,,,,,,,,,,1,1,1,8.0,7.0
201800030308,0018-08-11 02:55:00,18,8,11,2,55,620,193,MOLLIEN,50.95641,1.86729,Nuit avec éclairage allumé,En agglomération,Autre intersection,Temps couvert,Deux véhicules - arrière,,,,,,,,,,,5,2,9,8.0,2.0
201800030309,0018-08-11 19:15:00,18,8,11,19,15,620,193,SAINT EXUPERY (AVENUE. 2,50.94623,1.88903,Plein jour,En agglomération,Intersection à plus de 4 branches,Normale,Deux véhicules - côté,,,,,,,,,,,1,2,5,1.0,3.0
201800030310,0018-08-16 09:50:00,18,8,16,9,50,620,193,VICTOR HUGO (BOULEVARD),50.94207,1.87426,Plein jour,En agglomération,Intersection en T,Normale,Deux véhicules - côté,,,,,,,,,,,1,2,3,1.0,3.0
201800030311,0018-08-30 16:45:00,18,8,30,16,45,620,193,SAINT OMER (ROUTE DE),50.93212,1.89401,Plein jour,En agglomération,Hors intersection,Normale,Deux véhicules - côté,,,,,,,,,,,1,2,1,1.0,3.0
201800030312,0018-09-05 09:50:00,18,9,5,9,50,620,244,HALAGE (CHEMIN DE),50.92444,1.87165,Plein jour,En agglomération,Hors intersection,Pluie légère,Deux véhicules - frontale,,,,,,,,,,,1,2,1,2.0,1.0
201800030313,0018-09-09 11:00:00,18,9,9,11,0,620,193,Bd Jacquard Pont Georges,50.95407,1.85086,Plein jour,En agglomération,Hors intersection,Normale,Autre collision,,,,,,,,,,,1,2,1,1.0,6.0
201800030314,0018-09-21 17:00:00,18,9,21,17,0,620,193,CURIE (BOULEVARD),50.9397,1.8692,Plein jour,En agglomération,Autre intersection,Normale,Trois véhicules et plus - collisions multiples,,,,,,,,,,,1,2,9,1.0,5.0
201800030315,0018-09-25 12:30:00,18,9,25,12,30,620,548,PASTEUR (rue),50.94257,1.95309,Plein jour,En agglomération,Intersection en T,Normale,Autre collision,,,,,,,,,,,1,2,3,1.0,6.0
201800030316,0018-09-26 16:40:00,18,9,26,16,40,620,193,CURIE (BOULEVARD),50.93966,1.86044,Plein jour,En agglomération,Hors intersection,Normale,Autre collision,,,,,,,,,,,1,2,1,1.0,6.0
201800030317,0018-09-30 13:25:00,18,9,30,13,25,620,193,TOUL (RUE DE),50.94126,1.84396,Plein jour,En agglomération,Intersection en T,Normale,Deux véhicules - côté,,,,,,,,,,,1,2,3,1.0,3.0
201800030318,0018-09-30 14:50:00,18,9,30,14,50,620,193,GAMBETTA (BOULEVARD),50.94664,1.84423,Plein jour,En agglomération,Intersection en X,Normale,Deux véhicules - côté,,,,,,,,,,,1,2,2,1.0,3.0
201800030319,0018-10-06 19:00:00,18,10,6,19,0,620,193,BERT (RUE P.),50.95394,1.85634,Crépuscule ou aube,En agglomération,Hors intersection,Temps éblouissant,Trois véhicules et plus - en chaîne,,,,,,,,,,,2,2,1,7.0,4.0
201800030320,0018-10-07 13:20:00,18,10,7,13,20,620,193,MASSENA,50.94276,1.85993,Plein jour,En agglomération,Intersection en X,Normale,Deux véhicules - côté,,,,,,,,,,,1,2,2,1.0,3.0
201800030321,0018-10-15 21:40:00,18,10,15,21,40,620,244,SAINT OMER (ROUTE DE),50.92213,1.90859,Nuit sans éclairage public,En agglomération,Intersection en X,Normale,Deux véhicules - arrière,,,,,,,,,,,3,2,2,1.0,2.0
201800030322,0018-10-17 16:55:00,18,10,17,16,55,620,193,VICTOIRE (RUE DE LA),50.95811,1.84716,Plein jour,En agglomération,Intersection en X,Normale,Deux véhicules - côté,,,,,,,,,,,1,2,2,1.0,3.0
201800030323,0018-10-15 11:45:00,18,10,15,11,45,620,193,LATHAM (RUE H.),50.94838,1.87051,Plein jour,En agglomération,Intersection en T,Temps éblouissant,Autre collision,,,,,,,,,,,1,2,3,7.0,6.0
201800030324,0018-10-22 04:50:00,18,10,22,4,50,620,193,GAMBETTA (BOULEVARD),50.94714,1.84904,Nuit avec éclairage allumé,En agglomération,Hors intersection,Pluie légère,Deux véhicules - côté,,,,,,,,,,,5,2,1,2.0,3.0
201800030325,0018-10-27 03:50:00,18,10,27,3,50,620,193,GAMBETTA (BOULEVARD),50.94765,1.85342,Nuit avec éclairage allumé,En agglomération,Hors intersection,Normale,Autre collision,,,,,,,,,,,5,2,1,1.0,6.0
201800030326,0018-10-29 15:00:00,18,10,29,15,0,620,193,ROGER SALENGRO (AVENUE),50.94506,1.8294,Plein jour,En agglomération,Intersection en T,Normale,Deux véhicules - côté,,,,,,,,,,,1,2,3,1.0,3.0
201800030327,0018-11-09 10:45:00,18,11,9,10,45,620,193,VICTOR HUGO (BOULEVARD),50.94244,1.87311,Plein jour,En agglomération,Autre intersection,Normale,Deux véhicules - côté,,,,,,,,,,,1,2,9,1.0,3.0
201800030328,0018-11-10 15:45:00,18,11,10,15,45,620,193,VAUXHALL (RUE DU),50.9483,1.84345,Plein jour,En agglomération,Intersection en X,Normale,Deux véhicules - côté,,,,,,,,,,,1,2,2,1.0,3.0
201800030329,0018-11-13 16:20:00,18,11,13,16,20,620,193,JEAN DE VIENNE,50.95615,1.84877,Plein jour,En agglomération,Intersection en X,Normale,Autre collision,,,,,,,,,,,1,2,2,1.0,6.0
201800030330,0018-11-19 16:05:00,18,11,19,16,5,620,193,CHEVREUL,50.93685,1.86036,Plein jour,En agglomération,Hors intersection,Pluie forte,Autre collision,,,,,,,,,,,1,2,1,3.0,6.0
201800030331,0018-12-11 07:15:00,18,12,11,7,15,620,193,BERT (RUE P.),50.95372,1.85578,Crépuscule ou aube,En agglomération,Autre intersection,Normale,Deux véhicules - côté,,,,,,,,,,,2,2,9,1.0,3.0
201800030332,0018-12-16 18:20:00,18,12,16,18,20,620,548,rue du COLOMBIER,50.92265,1.91209,Nuit sans éclairage public,Hors agglomération,Hors intersection,Normale,Deux véhicules - frontale,,,,,,,,,,,3,1,1,1.0,1.0
201800030333,0018-12-17 18:15:00,18,12,17,18,15,620,193,DASSAULT (RUE M.),50.95279,1.90878,Nuit avec éclairage allumé,En agglomération,Place,Normale,Autre collision,,,,,,,,,,,5,2,7,1.0,6.0
201800030334,0018-12-20 08:20:00,18,12,20,8,20,620,244,CLIPET (RUE LOUIS),50.9233,1.88797,Crépuscule ou aube,En agglomération,Autre intersection,Pluie forte,Autre collision,,,,,,,,,,,2,2,9,3.0,6.0
201800030335,0018-12-31 15:20:00,18,12,31,15,20,620,193,LHEUREUX (RUE L.),50.9361,1.872,Plein jour,En agglomération,Hors intersection,Normale,Autre collision,,,,,,,,,,,1,2,1,1.0,6.0
201800030336,0018-12-01 18:26:00,18,12,1,18,26,620,563,NATIONALE  D943 N°101,50.46748,2.75707,Nuit avec éclairage non allumé,En agglomération,Hors intersection,Normale,Autre collision,,,,,,,,,,,4,2,1,1.0,6.0
201800030337,0018-10-13 20:30:00,18,10,13,20,30,620,563,D165E1,50.46396,2.74428,Nuit avec éclairage allumé,Hors agglomération,Intersection en T,Normale,Sans collision,,,,,,,,,,,5,1,3,1.0,7.0
201800030338,0018-10-10 18:30:00,18,10,10,18,30,620,186,DEBEAUMONT ( RUE EDMOND),50.44025,2.73085,Plein jour,En agglomération,Intersection en X,Normale,Trois véhicules et plus - collisions multiples,,,,,,,,,,,1,2,2,1.0,5.0
201800030339,0018-12-24 13:30:00,18,12,24,13,30,620,65,ROMAIN ROLLAND,50.399,2.83531,Plein jour,En agglomération,Intersection en X,Normale,Deux véhicules - côté,,,,,,,,,,,1,2,2,1.0,3.0
201800030340,0018-12-17 09:15:00,18,12,17,9,15,620,427,FONTAINE (BD CHARLES),50.39116,2.96326,Plein jour,En agglomération,Hors intersection,Normale,Autre collision,,,,,,,,,,,1,2,1,1.0,6.0
201800030341,0018-12-22 05:55:00,18,12,22,5,55,620,186,BEUGNET (R CASIMIR ),50.44706,2.71969,Nuit avec éclairage allumé,En agglomération,Hors intersection,Normale,Autre collision,,,,,,,,,,,5,2,1,1.0,6.0
201800030342,0018-07-12 18:40:00,18,7,12,18,40,620,570,ASQUIN,50.40853,2.85915,Plein jour,En agglomération,Intersection en X,Normale,Deux véhicules - côté,,,,,,,,,,,1,2,2,1.0,3.0
201800030343,0018-01-13 21:35:00,18,1,13,21,35,620,427,"SANS, PERI (BD GABRIEL)",50.41962,2.9382,Nuit avec éclairage allumé,En agglomération,Intersection en X,Normale,Deux véhicules - côté,,,,,,,,,,,5,2,2,1.0,3.0