accident_id,datetime,annee,mois,jour,heure,minute,departement,commune_insee,adresse,latitude,longitude,luminosite,agglomeration,intersection,meteo,collision,nb_vehicules,nb_usagers,nb_indemnes,nb_tues,nb_blesses_hosp,nb_blesses_legers,age_cond_1,age_cond_2,veh_type_cond_1,veh_type_cond_2,lum_code,agg_code,int_code,atm_code,col_code
201800030344,0018-11-12 21:25:00,18,11,12,21,25,620,724,RD 40e,50.39643,2.90243,Nuit sans éclairage public,Hors agglomération,Hors intersection,Normale,Deux véhicules - arrière,,,,,,,,,,,3,1,1,1.0,2.0
201800030345,0018-11-06 14:35:00,18,11,6,14,35,620,498,BASSEE (RTE DE LA),50.43993,2.81843,Plein jour,En agglomération,Hors intersection,Normale,Sans collision,,,,,,,,,,,1,2,1,1.0,7.0
201800030346,0018-11-29 18:00:00,18,11,29,18,0,620,215,LENS (RTE DE),50.47415,2.92109,Nuit sans éclairage public,En agglomération,Hors intersection,Temps couvert,Deux véhicules - côté,,,,,,,,,,,3,2,1,8.0,3.0
201800030347,0018-01-19 20:25:00,18,1,19,20,25,620,563,SOLDATS (CHE DES),50.47473,2.72886,Nuit sans éclairage public,En agglomération,Hors intersection,Normale,Autre collision,,,,,,,,,,,3,2,1,1.0,6.0
201800030348,0018-10-15 07:40:00,18,10,15,7,40,620,907,SCHUMANN (BD ),50.48013,3.01266,Crépuscule ou aube,En agglomération,Hors intersection,Normale,Autre collision,,,,,,,,,,,2,2,1,1.0,6.0
201800030349,0018-08-03 16:25:00,18,8,3,16,25,620,65,RN 17,50.40293,2.82499,Plein jour,Hors agglomération,Hors intersection,Normale,Deux véhicules - frontale,,,,,,,,,,,1,1,1,1.0,1.0
201800030350,0018-01-17 17:50:00,18,1,17,17,50,620,523,"70, LENS (R DE)",50.43333,2.85,Crépuscule ou aube,En agglomération,Hors intersection,Normale,Deux véhicules - côté,,,,,,,,,,,2,2,1,1.0,3.0
201800030351,0018-05-17 16:50:00,18,5,17,16,50,620,250,BRIQUET (R RAOUL ),50.44388,2.94412,Plein jour,En agglomération,Hors intersection,Normale,Autre collision,,,,,,,,,,,1,2,1,1.0,6.0
201800030352,0018-11-21 10:10:00,18,11,21,10,10,620,895,EVRARD (R FLORENT),50.49702,2.84911,Plein jour,En agglomération,Hors intersection,Normale,Autre collision,,,,,,,,,,,1,2,1,1.0,6.0
201800030353,0018-01-05 01:15:00,18,1,5,1,15,620,498,BASSEE (RTE DE LA),50.43774,2.82129,Nuit avec éclairage allumé,En agglomération,Intersection en X,Pluie légère,Deux véhicules - côté,,,,,,,,,,,5,2,2,2.0,3.0
201800030354,0018-12-01 19:35:00,18,12,1,19,35,620,413,ANNAY (RTE D'),50.44919,2.89949,Nuit avec éclairage non allumé,En agglomération,Intersection en T,Pluie légère,Deux véhicules - côté,,,,,,,,,,,4,2,3,2.0,3.0
201800030355,0018-12-20 17:40:00,18,12,20,17,40,620,498,QUATRE SEPTEMBRE (AV. DU,50.43248,2.83312,Nuit avec éclairage non allumé,En agglomération,Hors intersection,Pluie légère,Autre collision,,,,,,,,,,,4,2,1,2.0,6.0
201800030356,0018-02-15 07:25:00,18,2,15,7,25,620,133,"sans, OUSSEKINE (R MALIK",50.42348,2.91518,Nuit sans éclairage public,En agglomération,Hors intersection,Pluie légère,Autre collision,,,,,,,,,,,3,2,1,2.0,6.0
201800030357,0018-11-28 17:25:00,18,11,28,17,25,620,498,LILLE (RTE DE)  RN 17,50.439,2.84618,Nuit avec éclairage allumé,En agglomération,Intersection en T,Pluie légère,Deux véhicules - côté,,,,,,,,,,,5,2,3,2.0,3.0
201800030358,0018-06-14 21:25:00,18,6,14,21,25,620,427,ROBIAUD (R PHILIBERT),50.41697,2.96214,Crépuscule ou aube,En agglomération,Intersection en T,Normale,Deux véhicules - côté,,,,,,,,,,,2,2,3,1.0,3.0
201800030359,0018-10-30 21:15:00,18,10,30,21,15,620,563,DUTOUQUET (R ),50.46359,2.72077,Crépuscule ou aube,En agglomération,Hors intersection,Normale,Autre collision,,,,,,,,,,,2,2,1,1.0,6.0
201800030360,0018-01-27 18:15:00,18,1,27,18,15,620,510,"SANS, ZOLA (R EMILE)",50.42947,2.75903,Crépuscule ou aube,En agglomération,Intersection en X,Normale,Deux véhicules - côté,,,,,,,,,,,2,2,2,1.0,3.0
201800030361,0018-02-16 10:00:00,18,2,16,10,0,620,724,"SANS, RD 40",50.39723,2.89872,Plein jour,Hors agglomération,Hors intersection,Normale,Deux véhicules - côté,,,,,,,,,,,1,1,1,1.0,3.0
201800030362,0018-12-19 07:45:00,18,12,19,7,45,620,386,LAMENDIN (R ARTHUR),50.44887,2.73717,Nuit sans éclairage public,En agglomération,Hors intersection,Pluie légère,Autre collision,,,,,,,,,,,3,2,1,2.0,6.0
201800030363,0018-01-16 15:00:00,18,1,16,15,0,620,510,"sans, CD 58",50.437,2.75016,Plein jour,Hors agglomération,Intersection en X,Normale,Deux véhicules - côté,,,,,,,,,,,1,1,2,1.0,3.0
201800030364,0018-01-18 15:50:00,18,1,18,15,50,620,842,"SANS, PREMIER MAI (R DU)",50.46657,2.86541,Plein jour,En agglomération,Hors intersection,Normale,Deux véhicules - côté,,,,,,,,,,,1,2,1,1.0,3.0
201800030365,0018-02-10 16:30:00,18,2,10,16,30,620,624,"197, REPUBLIQUE Ex RN 43",50.41636,2.9771,Plein jour,En agglomération,Intersection en X,Normale,Deux véhicules - côté,,,,,,,,,,,1,2,2,1.0,3.0
201800030366,0018-03-08 17:45:00,18,3,8,17,45,620,510,BIAT (R DU DOCTEUR),50.41771,2.78092,Plein jour,En agglomération,Hors intersection,Normale,Autre collision,,,,,,,,,,,1,2,1,1.0,6.0
201800030367,0018-11-26 15:30:00,18,11,26,15,30,620,624,HUGO (R VICTOR),50.4182,2.99435,Plein jour,En agglomération,Hors intersection,Normale,Deux véhicules - côté,,,,,,,,,,,1,2,1,1.0,3.0
201800030368,0018-12-24 14:00:00,18,12,24,14,0,620,510,COURTIN (R FRANCOIS),50.42441,2.77656,Plein jour,En agglomération,Hors intersection,Normale,Sans collision,,,,,,,,,,,1,2,1,1.0,7.0
201800030369,0018-04-01 01:05:00,18,4,1,1,5,620,427,HAUTS MARCHES (VOIE DES),50.4176,2.94105,Nuit sans éclairage public,En agglomération,Hors intersection,Normale,Trois véhicules et plus - collisions multiples,,,,,,,,,,,3,2,1,1.0,5.0
201800030370,0018-03-29 15:30:00,18,3,29,15,30,620,427,"sans, MONTPENCHER (R)",50.42233,2.94803,Plein jour,En agglomération,Hors intersection,Normale,Deux véhicules - côté,,,,,,,,,,,1,2,1,1.0,3.0
201800030371,0018-03-26 07:30:00,18,3,26,7,30,620,32,"sans, ALLENDE (PL.SALVAD",50.40944,2.75682,Nuit sans éclairage public,En agglomération,Giratoire,Normale,Deux véhicules - côté,,,,,,,,,,,3,2,6,1.0,3.0
201800030372,0018-08-03 16:20:00,18,8,3,16,20,620,65,RN 17,50.40426,2.8247,Plein jour,Hors agglomération,Autre intersection,Normale,Deux véhicules - frontale,,,,,,,,,,,1,1,9,1.0,1.0
201800030373,0018-03-24 11:30:00,18,3,24,11,30,620,498,"37, LANOY (R RENE)",50.43121,2.83307,Plein jour,En agglomération,Hors intersection,Normale,Autre collision,,,,,,,,,,,1,2,1,1.0,6.0
201800030374,0018-04-22 19:30:00,18,4,22,19,30,620,249,RD 160 E2,50.42518,3.01994,Plein jour,Hors agglomération,Hors intersection,Normale,Deux véhicules - côté,,,,,,,,,,,1,1,1,1.0,3.0
201800030375,0018-03-20 21:00:00,18,3,20,21,0,620,215,"., RD 919",50.50694,2.96677,Nuit avec éclairage allumé,Hors agglomération,Hors intersection,Normale,Autre collision,,,,,,,,,,,5,1,1,1.0,6.0
201800030376,0018-04-21 17:30:00,18,4,21,17,30,620,498,MANET (R Edouard),50.42454,2.81097,Plein jour,En agglomération,Hors intersection,Normale,Deux véhicules - frontale,,,,,,,,,,,1,2,1,1.0,1.0
201800030377,0018-02-23 13:55:00,18,2,23,13,55,620,724,DE GAULLE (DU GENERAL),50.40371,2.90783,Plein jour,En agglomération,Hors intersection,Normale,Deux véhicules - côté,,,,,,,,,,,1,2,1,1.0,3.0
201800030378,0018-02-14 16:30:00,18,2,14,16,30,620,510,"sans, DELEBECQUE (R GERM",50.43267,2.77241,Plein jour,En agglomération,Intersection en T,Normale,Deux véhicules - côté,,,,,,,,,,,1,2,3,1.0,3.0
201800030379,0018-05-02 15:40:00,18,5,2,15,40,620,498,PICARD (R VICTOR),50.43077,2.83196,Plein jour,En agglomération,Hors intersection,Normale,Autre collision,,,,,,,,,,,1,2,1,1.0,6.0
201800030380,0018-12-20 17:45:00,18,12,20,17,45,620,498,QUATRE SEPTEMBRE (AV. DU,50.4324,2.83352,Nuit avec éclairage non allumé,En agglomération,Autre intersection,Pluie légère,Autre collision,,,,,,,,,,,4,2,9,2.0,6.0
201800030381,0018-06-01 16:20:00,18,6,1,16,20,620,351,OUSSEKINE (R MALIK),50.42107,2.90701,Plein jour,Hors agglomération,Hors intersection,Normale,Deux véhicules - arrière,,,,,,,,,,,1,1,1,1.0,2.0
201800030382,0018-04-17 09:00:00,18,4,17,9,0,620,250,SALENGRO (R ROGER),50.45844,2.94822,Plein jour,En agglomération,Hors intersection,Normale,Autre collision,,,,,,,,,,,1,2,1,1.0,6.0
201800030383,0018-02-20 18:45:00,18,2,20,18,45,620,427,"SANS, BARBUSSE (R HENRI)",50.41464,2.95243,Crépuscule ou aube,En agglomération,Intersection en T,Normale,Deux véhicules - côté,,,,,,,,,,,2,2,3,1.0,3.0
201800030384,0018-06-09 16:47:00,18,6,9,16,47,620,666,GARE D'EAU (R DE LA),50.485,2.882,Plein jour,En agglomération,Hors intersection,Normale,Autre collision,,,,,,,,,,,1,2,1,1.0,6.0
201800030385,0018-06-06 18:25:00,18,6,6,18,25,620,624,ZONE COMMERCIALE AUCHAN,50.4119,2.98011,Plein jour,Hors agglomération,Hors intersection,Normale,Autre collision,,,,,,,,,,,1,1,1,1.0,6.0
201800030386,0018-04-22 22:45:00,18,4,22,22,45,620,215,RD 919,50.50718,2.9638,Crépuscule ou aube,Hors agglomération,Hors intersection,Normale,Deux véhicules - frontale,,,,,,,,,,,2,1,1,1.0,1.0
201800030387,0018-06-02 18:15:00,18,6,2,18,15,620,274,RD 161,50.44227,2.98379,Plein jour,Hors agglomération,Hors intersection,Normale,Deux véhicules - côté,,,,,,,,,,,1,1,1,1.0,3.0
201800030388,0018-04-20 12:10:00,18,4,20,12,10,620,587,HARNES (RTE D'),50.43969,2.92562,Plein jour,En agglomération,Hors intersection,Normale,Autre collision,,,,,,,,,,,1,2,1,1.0,6.0
201800030389,0018-05-03 17:10:00,18,5,3,17,10,620,842,HUIT MAI (R DU),50.46222,2.85721,Plein jour,En agglomération,Intersection en X,Normale,Deux véhicules - côté,,,,,,,,,,,1,2,2,1.0,3.0
201800030390,0018-06-16 18:15:00,18,6,16,18,15,620,386,VEDRINES (R ),50.4531,2.73717,Plein jour,En agglomération,Intersection en X,Normale,Deux véhicules - côté,,,,,,,,,,,1,2,2,1.0,3.0
201800030391,0018-04-20 08:30:00,18,4,20,8,30,620,413,ONZE NOVEMBRE (R DU),50.44826,2.91463,Plein jour,En agglomération,Hors intersection,Normale,Autre collision,,,,,,,,,,,1,2,1,1.0,6.0
201800030392,0018-07-02 19:00:00,18,7,2,19,0,620,510,DUTEMPLE (R ),50.43056,2.75033,Plein jour,En agglomération,Intersection en T,Normale,Deux véhicules - côté,,,,,,,,,,,1,2,3,1.0,3.0
201800030393,0018-06-12 16:00:00,18,6,12,16,0,620,510,DUTEMPLE (R ),50.43037,2.74985,Plein jour,En agglomération,Autre intersection,Normale,Deux véhicules - côté,,,,,,,,,,,1,2,9,1.0,3.0
201800030394,0018-06-24 17:40:00,18,6,24,17,40,620,570,FLOHA (AVENUE DE ),50.40592,2.86724,Plein jour,En agglomération,Intersection en T,Normale,Deux véhicules - côté,,,,,,,,,,,1,2,3,1.0,3.0
201800030395,0018-03-06 16:30:00,18,3,6,16,30,620,624,ZONE COMMERCIALE AUCHAN,50.41258,2.98114,Plein jour,En agglomération,Autre intersection,Normale,Autre collision,,,,,,,,,,,1,2,9,1.0,6.0
201800030396,0018-06-27 08:15:00,18,6,27,8,15,620,274,HUIT MAI 1945,50.43294,2.99935,Plein jour,Hors agglomération,Intersection en X,Normale,Deux véhicules - côté,,,,,,,,,,,1,1,2,1.0,3.0
201800030397,0018-06-22 16:00:00,18,6,22,16,0,620,573,RD165,50.49416,2.9091,Plein jour,Hors agglomération,Intersection en X,Normale,Deux véhicules - côté,,,,,,,,,,,1,1,2,1.0,3.0
201800030398,0018-06-24 20:15:00,18,6,24,20,15,620,33,MATTEI (R JOSEPH),50.45954,2.88348,Plein jour,En agglomération,Intersection en Y,Normale,Deux véhicules - frontale,,,,,,,,,,,1,2,4,1.0,1.0
201800030399,0018-05-15 17:05:00,18,5,15,17,5,620,842,FRANCK (R ANNE),50.47,2.86,Plein jour,En agglomération,Hors intersection,Normale,Deux véhicules - côté,,,,,,,,,,,1,2,1,1.0,3.0
201800030400,0018-06-27 00:30:00,18,6,27,0,30,620,427,EISENHOWER (BD DU GAL),50.4262,2.9413,Nuit avec éclairage allumé,En agglomération,Intersection à plus de 4 branches,Normale,Deux véhicules - côté,,,,,,,,,,,5,2,5,1.0,3.0
201800030401,0018-07-21 03:16:00,18,7,21,3,16,620,724,CD 46,50.40482,2.91422,Nuit sans éclairage public,En agglomération,Hors intersection,Pluie légère,Autre collision,,,,,,,,,,,3,2,1,2.0,6.0
201800030402,0018-07-09 04:50:00,18,7,9,4,50,620,215,MEURCHIN (RTE DE),50.4956,2.91319,Nuit sans éclairage public,Hors agglomération,Hors intersection,Normale,Deux véhicules - frontale,,,,,,,,,,,3,1,1,1.0,1.0
201800030403,0018-07-11 19:35:00,18,7,11,19,35,620,427,BORD DES EAUX (CHE. DU),50.40809,2.97445,Plein jour,Hors agglomération,Hors intersection,Normale,Deux véhicules - côté,,,,,,,,,,,1,1,1,1.0,3.0
201800030404,0018-07-12 14:15:00,18,7,12,14,15,620,133,BARBUSSE (R HENRI ),50.412,2.909,Plein jour,En agglomération,Intersection en T,Normale,Deux véhicules - côté,,,,,,,,,,,1,2,3,1.0,3.0
201800030405,0018-08-23 08:20:00,18,8,23,8,20,620,510,COURTIN (R FRANCOIS),50.42357,2.77704,Plein jour,En agglomération,Autre intersection,Normale,Sans collision,,,,,,,,,,,1,2,9,1.0,7.0
201800030406,0018-06-27 12:15:00,18,6,27,12,15,620,498,SORRIAUX (R URIANE),50.43194,2.83614,Plein jour,En agglomération,Hors intersection,Normale,Sans collision,,,,,,,,,,,1,2,1,1.0,7.0
201800030407,0018-07-19 15:15:00,18,7,19,15,15,620,498,SAINT EDOUARD (AV),50.44185,2.80885,Plein jour,En agglomération,Intersection en X,Normale,Deux véhicules - arrière,,,,,,,,,,,1,2,2,1.0,2.0
201800030408,0018-04-24 14:50:00,18,4,24,14,50,620,498,ARRAS (RTE  D'),50.42007,2.82026,Plein jour,En agglomération,Giratoire,Normale,Trois véhicules et plus - collisions multiples,,,,,,,,,,,1,2,6,1.0,5.0
201800030409,0018-04-26 19:45:00,18,4,26,19,45,620,563,EVRARD (R FLORENT),50.47161,2.7143,Plein jour,En agglomération,Giratoire,Temps éblouissant,Autre collision,,,,,,,,,,,1,2,6,7.0,6.0
201800030410,0018-04-17 11:27:00,18,4,17,11,27,620,215,PRESSENCE (R FRANCIS DE),50.48615,2.95237,Plein jour,En agglomération,Hors intersection,Normale,Autre collision,,,,,,,,,,,1,2,1,1.0,6.0
201800030411,0018-06-17 10:40:00,18,6,17,10,40,620,771,CORDIER (R SERAPHIN),50.41952,2.86282,Plein jour,En agglomération,Hors intersection,Normale,Autre collision,,,,,,,,,,,1,2,1,1.0,6.0
201800030412,0018-07-02 12:20:00,18,7,2,12,20,620,215,RD 919,50.50565,2.97113,Plein jour,En agglomération,Giratoire,Normale,Deux véhicules - côté,,,,,,,,,,,1,2,6,1.0,3.0
201800030413,0018-07-21 12:45:00,18,7,21,12,45,620,510,THIERS (R),50.41945,2.79671,Plein jour,En agglomération,Intersection en T,Normale,Deux véhicules - côté,,,,,,,,,,,1,2,3,1.0,3.0
201800030414,0018-08-13 11:40:00,18,8,13,11,40,620,215,OIGNIES (RTE D'),50.47967,2.966,Plein jour,Hors agglomération,Giratoire,Normale,Autre collision,,,,,,,,,,,1,1,6,1.0,6.0
201800030415,0018-09-24 16:50:00,18,9,24,16,50,620,842,REPUBLIQUE (BD DE LA),50.44849,2.84062,Plein jour,En agglomération,Hors intersection,Normale,Autre collision,,,,,,,,,,,1,2,1,1.0,6.0
201800030416,0018-09-06 11:45:00,18,9,6,11,45,620,250,LAMENDIN (R AR.)RD 161E4,50.45527,2.94587,Plein jour,En agglomération,Hors intersection,Normale,Autre collision,,,,,,,,,,,1,2,1,1.0,6.0
201800030417,0018-08-13 14:45:00,18,8,13,14,45,620,427,COURRIERES (RTE DE),50.43067,2.954,Plein jour,Hors agglomération,Intersection en X,Normale,Deux véhicules - côté,,,,,,,,,,,1,1,2,1.0,3.0
201800030418,0018-09-13 19:55:00,18,9,13,19,55,620,464,VERMELLES (RTE DE),50.48777,2.79866,Crépuscule ou aube,Hors agglomération,Hors intersection,Normale,Deux véhicules - frontale,,,,,,,,,,,2,1,1,1.0,1.0
201800030419,0018-09-30 22:00:00,18,9,30,22,0,620,570,departementale,50.3964,2.87936,Nuit sans éclairage public,Hors agglomération,Hors intersection,Normale,Autre collision,,,,,,,,,,,3,1,1,1.0,6.0
201800030420,0018-10-12 16:10:00,18,10,12,16,10,620,427,COURRIERES (RTE DE),50.43106,2.95443,Plein jour,Hors agglomération,Autre intersection,Normale,Deux véhicules - côté,,,,,,,,,,,1,1,9,1.0,3.0
201800030421,0018-10-08 15:20:00,18,10,8,15,20,620,498,SOUVRAZ (R JEAN),50.43595,2.82321,Plein jour,En agglomération,Hors intersection,Normale,Autre collision,,,,,,,,,,,1,2,1,1.0,6.0
201800030422,0018-09-13 20:40:00,18,9,13,20,40,620,895,LAGRANGE (R LEO),50.49731,2.84894,Nuit avec éclairage allumé,En agglomération,Hors intersection,Normale,Autre collision,,,,,,,,,,,5,2,1,1.0,6.0
201800030423,0018-10-17 19:30:00,18,10,17,19,30,620,628,GAMBETTA (R LEON),50.43217,2.8746,Nuit avec éclairage allumé,En agglomération,Hors intersection,Normale,Autre collision,,,,,,,,,,,5,2,1,1.0,6.0
201800030424,0018-10-27 15:00:00,18,10,27,15,0,620,510,CD 58,50.43902,2.74847,Plein jour,Hors agglomération,Autre intersection,Normale,Deux véhicules - côté,,,,,,,,,,,1,1,9,1.0,3.0
201800030425,0018-10-07 01:35:00,18,10,7,1,35,620,523,DEVOUGES (R GEORGES),50.44287,2.85432,Nuit avec éclairage allumé,En agglomération,Intersection en T,Normale,Deux véhicules - côté,,,,,,,,,,,5,2,3,1.0,3.0
201800030426,0018-12-01 02:00:00,18,12,1,2,0,620,250,TILLOY (R MAURICE),50.46468,2.9425,Nuit avec éclairage allumé,En agglomération,Hors intersection,Normale,Autre collision,,,,,,,,,,,5,2,1,1.0,6.0
201800030427,0018-10-21 06:20:00,18,10,21,6,20,620,895,RN 47,50.49256,2.83769,Nuit avec éclairage allumé,Hors agglomération,Hors intersection,Normale,Autre collision,,,,,,,,,,,5,1,1,1.0,6.0
201800030428,0018-01-23 18:55:00,18,1,23,18,55,620,555,"54, PASTEUR ( RUE LOUIS",50.50283,2.50805,Nuit avec éclairage allumé,En agglomération,Hors intersection,Pluie légère,Sans collision,,,,,,,,,,,5,2,1,2.0,7.0
201800030429,0018-03-13 13:05:00,18,3,13,13,5,620,197,"1, BRUNEHAUT CD 341",50.47936,2.47936,Plein jour,Hors agglomération,Intersection en T,Normale,Deux véhicules - côté,,,,,,,,,,,1,1,3,1.0,3.0
201800030430,0018-06-16 06:45:00,18,6,16,6,45,620,224,GONNEHEM (RUE DE),50.55148,2.56889,Plein jour,En agglomération,Hors intersection,Normale,Deux véhicules - arrière,,,,,,,,,,,1,2,1,1.0,2.0
201800030431,0018-06-19 08:00:00,18,6,19,8,0,620,23,LILLERS (RUE DE),50.53631,2.49411,Plein jour,En agglomération,Hors intersection,Normale,Deux véhicules - frontale,,,,,,,,,,,1,2,1,1.0,1.0
201800030432,0018-07-15 20:15:00,18,7,15,20,15,620,489,PASTEUR ( rue Louis ),50.51898,2.54779,Plein jour,En agglomération,Hors intersection,Normale,Deux véhicules - frontale,,,,,,,,,,,1,2,1,1.0,1.0
201800030433,0018-08-03 18:10:00,18,8,3,18,10,620,489,FERRY  ( rue Jules ),50.52559,2.55843,Plein jour,En agglomération,Intersection en T,Normale,Autre collision,,,,,,,,,,,1,2,3,1.0,6.0
201800030434,0018-10-31 09:55:00,18,10,31,9,55,620,23,RIVIERETTE (RUE DE LA ),50.52988,2.51055,Plein jour,En agglomération,Intersection en Y,Normale,Deux véhicules - côté,,,,,,,,,,,1,2,4,1.0,3.0
201800030435,0018-11-16 17:20:00,18,11,16,17,20,620,197,FRANCE ( RUE ANATOLE ),50.48238,2.47247,Nuit avec éclairage allumé,En agglomération,Hors intersection,Pluie légère,Autre collision,,,,,,,,,,,5,2,1,2.0,6.0
201800030436,0018-12-12 08:05:00,18,12,12,8,5,620,224,RD 943,50.54304,2.55092,Crépuscule ou aube,Hors agglomération,Intersection en T,Autre,Deux véhicules - frontale,,,,,,,,,,,2,1,3,9.0,1.0
201800030437,0018-12-19 13:20:00,18,12,19,13,20,620,194,PAIX ( BOULEVARD DE LA ),50.49597,2.48181,Plein jour,En agglomération,Hors intersection,Normale,Autre collision,,,,,,,,,,,1,2,1,1.0,6.0
201800030438,0018-12-22 16:10:00,18,12,22,16,10,620,224,RD 943,50.55486,2.53594,Crépuscule ou aube,En agglomération,Intersection en T,Normale,Deux véhicules - côté,,,,,,,,,,,2,2,3,1.0,3.0
201800030439,0018-04-23 22:05:00,18,4,23,22,5,620,617,LAVOISIER (RUE),50.48563,2.67589,Nuit sans éclairage public,En agglomération,Hors intersection,Normale,Sans collision,,,,,,,,,,,3,2,1,1.0,7.0
201800030440,0018-05-30 20:40:00,18,5,30,20,40,620,617,JAURES (RUE JEAN),50.47582,2.6571,Plein jour,En agglomération,Hors intersection,Normale,Sans collision,,,,,,,,,,,1,2,1,1.0,7.0
201800030441,0018-06-27 21:30:00,18,6,27,21,30,620,737,NATIONALE (ROUTE) CD937,50.46433,2.67241,Crépuscule ou aube,En agglomération,Giratoire,Normale,Autre collision,,,,,,,,,,,2,2,6,1.0,6.0
201800030442,0018-09-02 15:20:00,18,9,2,15,20,620,617,ROUTE NATIONALE (CD 937),50.47015,2.67123,Plein jour,En agglomération,Hors intersection,Normale,Autre collision,,,,,,,,,,,1,2,1,1.0,6.0
201800030443,0018-09-03 15:50:00,18,9,3,15,50,620,617,ROUTE NATIONALE (CD 937),50.48062,2.66256,Plein jour,En agglomération,Autre intersection,Normale,Deux véhicules - côté,,,,,,,,,,,1,2,9,1.0,3.0
201800030444,0018-07-05 12:45:00,18,7,5,12,45,620,83,WACHEUX(BOULEVARD),50.45399,2.60627,Plein jour,En agglomération,Hors intersection,Normale,Autre collision,,,,,,,,,,,1,2,1,1.0,6.0
201800030445,0018-12-20 08:20:00,18,12,20,8,20,620,83,MILLEVOYE,50.45633,2.61952,Crépuscule ou aube,En agglomération,Hors intersection,Normale,Autre collision,,,,,,,,,,,2,2,1,1.0,6.0
201800030446,0018-01-30 13:40:00,18,1,30,13,40,620,765,"2, FAIDHERBE (RUE ....)",50.75081,2.25918,Plein jour,En agglomération,Autre intersection,Pluie légère,Autre collision,,,,,,,,,,,1,2,9,2.0,6.0
201800030447,0018-01-24 18:45:00,18,1,24,18,45,620,525,"2, RIMBAUD (AVE ARTHUR..",50.73927,2.26534,Crépuscule ou aube,En agglomération,Intersection en X,Normale,Deux véhicules - côté,,,,,,,,,,,2,2,2,1.0,3.0
201800030448,0018-02-25 17:10:00,18,2,25,17,10,620,765,DOYEN (RUE DU COLONEL...,50.7513,2.24798,Plein jour,En agglomération,Hors intersection,Normale,Autre collision,,,,,,,,,,,1,2,1,1.0,6.0
201800030449,0018-01-21 18:20:00,18,1,21,18,20,620,40,"109, MENDES FRANCE (AVE",50.73471,2.33337,Nuit sans éclairage public,En agglomération,Hors intersection,Pluie légère,Autre collision,,,,,,,,,,,3,2,1,2.0,6.0
201800030450,0018-03-11 17:20:00,18,3,11,17,20,620,225,"36, ARQUES (ROUTE D'....",50.753,2.3032,Plein jour,En agglomération,Hors intersection,Normale,Deux véhicules - frontale,,,,,,,,,,,1,2,1,1.0,1.0
201800030451,0018-05-28 08:00:00,18,5,28,8,0,620,757,COMMERCE (RUE DU........,50.76284,2.22733,Plein jour,En agglomération,Hors intersection,Normale,Autre collision,,,,,,,,,,,1,2,1,1.0,6.0
201800030452,0018-06-27 20:00:00,18,6,27,20,0,620,765,FOCH (PLACE.....),50.74972,2.25183,Plein jour,En agglomération,Place,Normale,Autre collision,,,,,,,,,,,1,2,7,1.0,6.0
201800030453,0018-10-11 11:15:00,18,10,11,11,15,620,757,ROCADE (RUE DE LA ......,50.7599,2.22242,Plein jour,En agglomération,Intersection en X,Normale,Deux véhicules - côté,,,,,,,,,,,1,2,2,1.0,3.0
201800030454,0018-12-02 11:55:00,18,12,2,11,55,620,757,RD 942,50.75436,2.22096,Plein jour,Hors agglomération,Hors intersection,Normale,Deux véhicules - arrière,,,,,,,,,,,1,1,1,1.0,2.0
201800030455,0018-12-13 17:15:00,18,12,13,17,15,620,40,CHOCHOY (AVE BERNARD ...,50.72262,2.28979,Nuit avec éclairage allumé,En agglomération,Autre intersection,Temps couvert,Deux véhicules - côté,,,,,,,,,,,5,2,9,8.0,3.0
201800030456,0018-01-26 10:15:00,18,1,26,10,15,620,826,"2, LOUIS ABOUDARAM (AVEN",50.51764,1.59191,Plein jour,En agglomération,Intersection en T,Normale,Deux véhicules - côté,,,,,,,,,,,1,2,3,1.0,3.0
201800030457,0018-01-26 12:50:00,18,1,26,12,50,620,826,"29, DR JULES POUGET (BOU",50.52708,1.58393,Plein jour,En agglomération,Hors intersection,Normale,Autre collision,,,,,,,,,,,1,2,1,1.0,6.0
201800030458,0018-05-01 16:05:00,18,5,1,16,5,620,826,CANCHE (BOULEVARD DE LA),50.53092,1.59364,Plein jour,En agglomération,Hors intersection,Normale,Autre collision,,,,,,,,,,,1,2,1,1.0,6.0
201800030459,0018-06-03 15:20:00,18,6,3,15,20,620,826,JEAN MONNET (RUE),50.5206,1.5827,Plein jour,En agglomération,Intersection en X,Normale,Deux véhicules - côté,,,,,,,,,,,1,2,2,1.0,3.0
201800030460,0018-06-03 17:00:00,18,6,3,17,0,620,826,HIPPODROME (AVENUE DE L',50.5205,1.5963,Plein jour,En agglomération,Hors intersection,Normale,Autre collision,,,,,,,,,,,1,2,1,1.0,6.0
201800030461,0018-06-26 18:00:00,18,6,26,18,0,620,826,DR JULES POUGET (BOULEVA,50.52178,1.58051,Plein jour,En agglomération,Hors intersection,Normale,Deux véhicules - côté,,,,,,,,,,,1,2,1,1.0,3.0
201800030462,0018-09-20 16:45:00,18,9,20,16,45,620,826,CHATEAU (AVENUE DU),50.51603,1.60375,Plein jour,En agglomération,Intersection en X,Normale,Deux véhicules - côté,,,,,,,,,,,1,2,2,1.0,3.0
201800030463,0018-09-30 13:20:00,18,9,30,13,20,620,826,PICARDIE (AVENUE DE),50.52002,1.60319,Plein jour,En agglomération,Giratoire,Normale,Deux véhicules - côté,,,,,,,,,,,1,2,6,1.0,3.0
201800030464,0018-12-07 17:50:00,18,12,7,17,50,620,826,JEAN MONNET (RUE),50.5209,1.5803,Crépuscule ou aube,En agglomération,Intersection en X,Vent fort / tempête,Deux véhicules - côté,,,,,,,,,,,2,2,2,6.0,3.0