accident_id,datetime,annee,mois,jour,heure,minute,departement,commune_insee,adresse,latitude,longitude,luminosite,agglomeration,intersection,meteo,collision,nb_vehicules,nb_usagers,nb_indemnes,nb_tues,nb_blesses_hosp,nb_blesses_legers,age_cond_1,age_cond_2,veh_type_cond_1,veh_type_cond_2,lum_code,agg_code,int_code,atm_code,col_code
201800030465,0018-01-17 13:20:00,18,1,17,13,20,630,113,"38, PRE LA REINE (RUE DU",45.7848,3.11578,Plein jour,En agglomération,Intersection en T,Normale,Deux véhicules - côté,,,,,,,,,,,1,2,3,1.0,3.0
201800030466,0018-02-10 15:59:00,18,2,10,15,59,630,113,"16, TORPILLEUR SIROCCO (",45.81351,3.10709,Plein jour,En agglomération,Intersection en X,Normale,Deux véhicules - côté,,,,,,,,,,,1,2,2,1.0,3.0
201800030467,0018-01-31 18:00:00,18,1,31,18,0,630,113,QUINET (BD EDGAR),45.80635,3.1316,Crépuscule ou aube,En agglomération,Hors intersection,Normale,Trois véhicules et plus - en chaîne,,,,,,,,,,,2,2,1,1.0,4.0
201800030468,0018-04-11 03:05:00,18,4,11,3,5,630,113,FOREST (AVENUE FERNAND),45.79171,3.09923,Nuit avec éclairage allumé,En agglomération,Hors intersection,Normale,Autre collision,,,,,,,,,,,5,2,1,1.0,6.0
201800030469,0018-04-21 03:30:00,18,4,21,3,30,630,113,SAINT JEAN (BD),45.78671,3.11988,Nuit avec éclairage allumé,En agglomération,Hors intersection,Normale,Autre collision,,,,,,,,,,,5,2,1,1.0,6.0
201800030470,0018-03-20 00:25:00,18,3,20,0,25,630,75,"., GAMBETTA (BOULEVARD)",45.76803,3.07013,Nuit avec éclairage allumé,En agglomération,Intersection en X,Normale,Deux véhicules - côté,,,,,,,,,,,5,2,2,1.0,3.0
201800030471,0018-04-27 16:05:00,18,4,27,16,5,630,75,CLAUSSAT (AVENUE JOSEPH),45.78229,3.06293,Plein jour,En agglomération,Hors intersection,Normale,Autre collision,,,,,,,,,,,1,2,1,1.0,6.0
201800030472,0018-05-02 21:30:00,18,5,2,21,30,630,113,COUTHON (AVENUE GEORGES),45.78202,3.09301,Nuit avec éclairage allumé,En agglomération,Hors intersection,Normale,Deux véhicules - arrière,,,,,,,,,,,5,2,1,1.0,2.0
201800030473,0018-05-09 19:35:00,18,5,9,19,35,630,113,POURCHON (BD MAURICE),45.79033,3.08354,Crépuscule ou aube,En agglomération,Intersection en X,Normale,Deux véhicules - côté,,,,,,,,,,,2,2,2,1.0,3.0
201800030474,0018-02-02 15:45:00,18,2,2,15,45,630,113,"06, MOINIER (RUE ANDRE)",45.7806,3.08457,Plein jour,En agglomération,Hors intersection,Normale,Autre collision,,,,,,,,,,,1,2,1,1.0,6.0
201800030475,0018-06-21 18:30:00,18,6,21,18,30,630,113,LIONDARDS (RUE NOUVELLE,45.75946,3.08754,Plein jour,En agglomération,Hors intersection,Normale,Sans collision,,,,,,,,,,,1,2,1,1.0,7.0
201800030476,0018-06-24 17:20:00,18,6,24,17,20,630,308,VAQUEZ (BOULEVARD),45.76779,3.05871,Plein jour,En agglomération,Place,Normale,Autre collision,,,,,,,,,,,1,2,7,1.0,6.0
201800030477,0018-06-29 05:50:00,18,6,29,5,50,630,113,CARMES DECHAUX (PLACE),45.78214,3.09526,Crépuscule ou aube,En agglomération,Intersection en X,Normale,Deux véhicules - côté,,,,,,,,,,,2,2,2,1.0,3.0
201800030478,0018-07-09 09:30:00,18,7,9,9,30,630,113,AUGER (RUE),45.78367,3.10898,Plein jour,En agglomération,Autre intersection,Normale,Deux véhicules - côté,,,,,,,,,,,1,2,9,1.0,3.0
201800030479,0018-07-08 01:00:00,18,7,8,1,0,630,113,QUINET (BD EDGAR),45.80509,3.12327,Nuit avec éclairage allumé,En agglomération,Hors intersection,Normale,Deux véhicules - arrière,,,,,,,,,,,5,2,1,1.0,2.0
201800030480,0018-07-25 09:35:00,18,7,25,9,35,630,113,BLUM (AVENUE LEON),45.77155,3.09408,Plein jour,En agglomération,Hors intersection,Normale,Deux véhicules - côté,,,,,,,,,,,1,2,1,1.0,3.0
201800030481,0018-09-07 22:10:00,18,9,7,22,10,630,113,BLERIOT (AVENUE LOUIS),45.78788,3.13948,Nuit avec éclairage allumé,En agglomération,Giratoire,Normale,Deux véhicules - côté,,,,,,,,,,,5,2,6,1.0,3.0
201800030482,0018-09-15 19:40:00,18,9,15,19,40,630,70,D2089,45.73097,3.06946,Plein jour,Hors agglomération,Hors intersection,Normale,Deux véhicules - arrière,,,,,,,,,,,1,1,1,1.0,2.0
201800030483,0018-09-28 09:30:00,18,9,28,9,30,630,14,MAERTE (RUE ROGER),45.7543,3.11456,Plein jour,En agglomération,Intersection en T,Normale,Deux véhicules - frontale,,,,,,,,,,,1,2,3,1.0,1.0
201800030484,0018-10-16 04:46:00,18,10,16,4,46,630,164,POMPIDOU (BD GEORGES),45.81176,3.13384,Nuit sans éclairage public,En agglomération,Hors intersection,Normale,Deux véhicules - frontale,,,,,,,,,,,3,2,1,1.0,1.0
201800030485,0018-11-11 04:25:00,18,11,11,4,25,630,113,POURCHON (BD MAURICE),45.7905,3.08417,Nuit avec éclairage allumé,En agglomération,Intersection en X,Normale,Autre collision,,,,,,,,,,,5,2,2,1.0,6.0
201800030486,0018-12-01 13:20:00,18,12,1,13,20,630,113,CLEMENTEL (BD ETIENNE),45.81094,3.10925,Plein jour,En agglomération,Hors intersection,Normale,Autre collision,,,,,,,,,,,1,2,1,1.0,6.0
201800030487,0018-01-16 19:00:00,18,1,16,19,0,630,193,"4, COURNIL (PLACE ROGER)",45.77032,3.19786,Nuit avec éclairage allumé,En agglomération,Place,Temps couvert,Autre collision,,,,,,,,,,,5,2,7,8.0,6.0
201800030488,0018-02-19 10:25:00,18,2,19,10,25,630,124,REPUBLIQUE (AVENUE DE LA,45.74057,3.18964,Plein jour,En agglomération,Intersection en T,Normale,Deux véhicules - côté,,,,,,,,,,,1,2,3,1.0,3.0
201800030489,0018-05-02 20:45:00,18,5,2,20,45,630,193,GRASSETTE (RUE DE LA),45.77173,3.18573,Plein jour,En agglomération,Hors intersection,Normale,Autre collision,,,,,,,,,,,1,2,1,1.0,6.0
201800030490,0018-05-13 08:40:00,18,5,13,8,40,630,124,CLERMONT (AVENUE DE),45.75556,3.15446,Plein jour,En agglomération,Hors intersection,Temps couvert,Deux véhicules - frontale,,,,,,,,,,,1,2,1,8.0,1.0
201800030491,0018-05-25 15:50:00,18,5,25,15,50,630,193,RD 769,45.78591,3.204,Plein jour,Hors agglomération,Hors intersection,Temps couvert,Autre collision,,,,,,,,,,,1,1,1,8.0,6.0
201800030492,0018-06-18 20:19:00,18,6,18,20,19,630,124,SARLIEVES (RUE DE),45.7414,3.15887,Plein jour,Hors agglomération,Hors intersection,Normale,Deux véhicules - frontale,,,,,,,,,,,1,1,1,1.0,1.0
201800030493,0018-06-27 20:45:00,18,6,27,20,45,630,124,RD 52,45.749,3.21101,Plein jour,Hors agglomération,Hors intersection,Normale,Autre collision,,,,,,,,,,,1,1,1,1.0,6.0
201800030494,0018-07-18 16:35:00,18,7,18,16,35,630,164,RD2,,,Plein jour,Hors agglomération,Hors intersection,Normale,Deux véhicules - frontale,,,,,,,,,,,1,1,1,1.0,1.0
201800030495,0018-10-29 12:40:00,18,10,29,12,40,630,164,46 GUESDE (RUE JULES),45.81742,3.14081,Plein jour,En agglomération,Hors intersection,Pluie forte,Deux véhicules - côté,,,,,,,,,,,1,2,1,3.0,3.0
201800030496,0018-11-06 14:15:00,18,11,6,14,15,630,164,CEBAZAT ANCIENNE (ROUTE,45.82649,3.12747,Plein jour,Hors agglomération,Hors intersection,Normale,Deux véhicules - côté,,,,,,,,,,,1,1,1,1.0,3.0
201800030497,0018-12-19 10:28:00,18,12,19,10,28,630,63,HUIT MAI (AVENUE DU),45.83042,3.10233,Plein jour,En agglomération,Autre intersection,Normale,Autre collision,,,,,,,,,,,1,2,9,1.0,6.0
201800030498,0018-01-30 18:20:00,18,1,30,18,20,630,245,JAURES JEAN (AVENUE),45.88994,3.0765,Crépuscule ou aube,En agglomération,Intersection en T,Normale,Deux véhicules - côté,,,,,,,,,,,2,2,3,1.0,3.0
201800030499,0018-02-22 07:20:00,18,2,22,7,20,630,300,RD 2009,45.90671,3.12534,Crépuscule ou aube,Hors agglomération,Giratoire,Normale,Deux véhicules - côté,,,,,,,,,,,2,1,6,1.0,3.0
201800030500,0018-04-08 21:15:00,18,4,8,21,15,630,300,RD 2009,45.89019,3.13862,Nuit sans éclairage public,Hors agglomération,Hors intersection,Normale,Deux véhicules - arrière,,,,,,,,,,,3,1,1,1.0,2.0
201800030501,0018-04-18 17:20:00,18,4,18,17,20,630,300,VIRLOGEUX (AVENUE),45.89025,3.11811,Plein jour,En agglomération,Intersection en X,Normale,Autre collision,,,,,,,,,,,1,2,2,1.0,6.0
201800030502,0018-05-12 13:40:00,18,5,12,13,40,630,224,CHATEAU D'EAU (RUE DU),45.87165,3.12554,Plein jour,En agglomération,Intersection en T,Normale,Deux véhicules - côté,,,,,,,,,,,1,2,3,1.0,3.0
201800030503,0018-07-05 11:25:00,18,7,5,11,25,630,300,FAUCON AMABLE (RUE),45.8871,3.11303,Plein jour,En agglomération,Intersection en T,Normale,Deux véhicules - côté,,,,,,,,,,,1,2,3,1.0,3.0
201800030504,0018-07-21 05:35:00,18,7,21,5,35,630,212,CLERMONT (ROUTE DE),45.87585,3.09713,Nuit sans éclairage public,Hors agglomération,Hors intersection,Normale,Autre collision,,,,,,,,,,,3,1,1,1.0,6.0
201800030505,0018-07-27 17:45:00,18,7,27,17,45,630,103,CHAZERON (ROUTE DE),45.92086,3.05083,Plein jour,Hors agglomération,Hors intersection,Normale,Deux véhicules - côté,,,,,,,,,,,1,1,1,1.0,3.0
201800030506,0018-08-21 10:50:00,18,8,21,10,50,630,300,COMMANDANT MADELINE (AVE,45.89311,3.1055,Plein jour,En agglomération,Intersection en T,Normale,Deux véhicules - côté,,,,,,,,,,,1,2,3,1.0,3.0
201800030507,0018-08-26 16:35:00,18,8,26,16,35,630,245,RD 455,45.89948,3.07371,Plein jour,Hors agglomération,Hors intersection,Normale,Deux véhicules - frontale,,,,,,,,,,,1,1,1,1.0,1.0
201800030508,0018-11-06 16:35:00,18,11,6,16,35,630,245,RD 986,45.89112,3.08138,Plein jour,En agglomération,Giratoire,Normale,Deux véhicules - côté,,,,,,,,,,,1,2,6,1.0,3.0
201800030509,0018-11-07 10:10:00,18,11,7,10,10,630,300,RD 6,45.88667,3.11438,Plein jour,En agglomération,Autre intersection,Normale,Autre collision,,,,,,,,,,,1,2,9,1.0,6.0
201800030510,0018-11-08 08:45:00,18,11,8,8,45,630,300,ZOLA EMILE (AVENUE),45.88377,3.10961,Plein jour,En agglomération,Intersection en T,Normale,Autre collision,,,,,,,,,,,1,2,3,1.0,6.0
201800030511,0018-11-15 16:15:00,18,11,15,16,15,630,103,RD 227,45.90885,3.08504,Plein jour,Hors agglomération,Intersection en T,Normale,Trois véhicules et plus - collisions multiples,,,,,,,,,,,1,1,3,1.0,5.0
201800030512,0018-12-05 17:25:00,18,12,5,17,25,630,300,RD 2144,45.9081,3.12376,Nuit avec éclairage allumé,En agglomération,Hors intersection,Normale,Trois véhicules et plus - collisions multiples,,,,,,,,,,,5,2,1,1.0,5.0
201800030513,0018-01-04 14:25:00,18,1,4,14,25,640,102,AVENUE LOUIS DE FOIX,43.5114,-1.46862,Plein jour,En agglomération,Hors intersection,Normale,Sans collision,,,,,,,,,,,1,2,1,1.0,7.0
201800030514,0018-01-04 14:45:00,18,1,4,14,45,640,102,ROND POINT DU PROF DELAY,43.4812,-1.48239,Plein jour,En agglomération,Giratoire,Normale,Deux véhicules - arrière,,,,,,,,,,,1,2,6,1.0,2.0
201800030515,0018-01-10 11:45:00,18,1,10,11,45,640,102,AVENUE HENRI GRENET,43.5025,-1.47646,Plein jour,En agglomération,Hors intersection,Normale,Sans collision,,,,,,,,,,,1,2,1,1.0,7.0
201800030516,0018-01-12 01:30:00,18,1,12,1,30,640,102,AV DUVERGIER D'HAURANE,43.481,-1.46098,Nuit avec éclairage allumé,En agglomération,Hors intersection,Autre,Sans collision,,,,,,,,,,,5,2,1,9.0,7.0
201800030517,0018-01-18 08:20:00,18,1,18,8,20,640,102,AV CAMILLE DELVAILLE,43.5083,-1.48647,Crépuscule ou aube,En agglomération,Intersection en T,Normale,Deux véhicules - côté,,,,,,,,,,,2,2,3,1.0,3.0
201800030518,0018-01-18 16:45:00,18,1,18,16,45,640,24,BOULEVARD DE LA MER,43.4966,-1.53843,Plein jour,En agglomération,Hors intersection,Normale,Autre collision,,,,,,,,,,,1,2,1,1.0,6.0
201800030519,0018-01-19 18:45:00,18,1,19,18,45,640,102,AVENUE MARECHAL SOULT,43.4858,-1.49137,Nuit avec éclairage allumé,En agglomération,Intersection en T,Temps couvert,Deux véhicules - côté,,,,,,,,,,,5,2,3,8.0,3.0
201800030520,0018-01-24 14:45:00,18,1,24,14,45,640,102,ALLEES PAULMY,43.4896,-1.48234,Plein jour,En agglomération,Intersection en T,Normale,Deux véhicules - côté,,,,,,,,,,,1,2,3,1.0,3.0
201800030521,0018-01-25 20:05:00,18,1,25,20,5,640,102,52 AVENUE DUBROCQ,43.4923,-1.48689,Nuit avec éclairage allumé,En agglomération,Intersection en X,Pluie forte,Autre collision,,,,,,,,,,,5,2,2,3.0,6.0
201800030522,0018-01-28 12:20:00,18,1,28,12,20,640,102,QUAI DE LESSEPS,43.4973,-1.47774,Plein jour,En agglomération,Intersection en Y,Normale,Deux véhicules - côté,,,,,,,,,,,1,2,4,1.0,3.0
201800030523,0018-01-29 07:45:00,18,1,29,7,45,640,24,29 AV  LAROCHEFOUCAULD,43.4875,-1.5353,Crépuscule ou aube,En agglomération,Intersection à plus de 4 branches,Temps couvert,Deux véhicules - côté,,,,,,,,,,,2,2,5,8.0,3.0
201800030524,0018-01-29 07:55:00,18,1,29,7,55,640,102,54 DUVERGIER DE HAURANE,43.4842,-1.46641,Nuit avec éclairage allumé,En agglomération,Hors intersection,Brouillard / fumée,Autre collision,,,,,,,,,,,5,2,1,5.0,6.0
201800030525,0018-01-31 07:30:00,18,1,31,7,30,640,102,BOULEVARD ARITXAGUE,43.4734,-1.48996,Nuit avec éclairage allumé,En agglomération,Hors intersection,Normale,Sans collision,,,,,,,,,,,5,2,1,1.0,7.0
201800030526,0018-02-02 12:23:00,18,2,2,12,23,640,102,66 AVENUE LOUIS DE FOIX,43.51,-1.46816,Plein jour,En agglomération,Hors intersection,Normale,Trois véhicules et plus - en chaîne,,,,,,,,,,,1,2,1,1.0,4.0
201800030527,0018-02-02 18:05:00,18,2,2,18,5,640,102,20 AVENUE DUBROCQ,43.4952,-1.48553,Crépuscule ou aube,En agglomération,Intersection en X,Pluie légère,Deux véhicules - côté,,,,,,,,,,,2,2,2,2.0,3.0
201800030528,0018-02-06 13:10:00,18,2,6,13,10,640,102,ALLEES MARINES,43.4977,-1.48576,Plein jour,En agglomération,Hors intersection,Normale,Sans collision,,,,,,,,,,,1,2,1,1.0,7.0
201800030529,0018-02-22 15:25:00,18,2,22,15,25,640,102,ROND POINT DE COMPAGNET,43.4609,-1.4961,Plein jour,En agglomération,Giratoire,Normale,Deux véhicules - côté,,,,,,,,,,,1,2,6,1.0,3.0
201800030530,0018-02-22 16:20:00,18,2,22,16,20,640,24,47 BOULEVARD DE LA MER,43.4944,-1.54381,Plein jour,En agglomération,Hors intersection,Normale,Deux véhicules - frontale,,,,,,,,,,,1,2,1,1.0,1.0
201800030531,0018-02-27 11:30:00,18,2,27,11,30,640,102,7 CHEMIN DE BELLEVUE,43.4812,-1.50113,Plein jour,En agglomération,Hors intersection,Normale,Sans collision,,,,,,,,,,,1,2,1,1.0,7.0
201800030532,0018-02-27 16:50:00,18,2,27,16,50,640,102,PONT SAINT FREDERIC,43.487,-1.46271,Plein jour,En agglomération,Hors intersection,Normale,Deux véhicules - arrière,,,,,,,,,,,1,2,1,1.0,2.0
201800030533,0018-02-27 17:40:00,18,2,27,17,40,640,24,88 RUE DE HAUSQUETTE,43.4932,-1.51029,Plein jour,En agglomération,Hors intersection,Normale,Deux véhicules - côté,,,,,,,,,,,1,2,1,1.0,3.0
201800030534,0018-03-02 03:15:00,18,3,2,3,15,640,140,AVENUE LOUIS DE FOIX,43.5266,-1.49496,Nuit avec éclairage allumé,En agglomération,Hors intersection,Normale,Autre collision,,,,,,,,,,,5,2,1,1.0,6.0
201800030535,0018-03-04 22:40:00,18,3,4,22,40,640,24,28 AV EUGENE BERNAIN,43.4849,-1.5121,Nuit avec éclairage allumé,En agglomération,Hors intersection,Normale,Autre collision,,,,,,,,,,,5,2,1,1.0,6.0
201800030536,0018-03-06 13:10:00,18,3,6,13,10,640,24,AVENUE DE BAYONNE,43.4819,-1.5078,Plein jour,En agglomération,Hors intersection,Normale,Sans collision,,,,,,,,,,,1,2,1,1.0,7.0
201800030537,0018-03-06 16:45:00,18,3,6,16,45,640,140,AVENUE LOUIS DE FOIX,43.5255,-1.49398,Plein jour,En agglomération,Hors intersection,Normale,Sans collision,,,,,,,,,,,1,2,1,1.0,7.0
201800030538,0018-03-07 14:05:00,18,3,7,14,5,640,102,5 ALLEES MARINES,43.4995,-1.48978,Plein jour,En agglomération,Hors intersection,Normale,Sans collision,,,,,,,,,,,1,2,1,1.0,7.0
201800030539,0018-03-08 10:50:00,18,3,8,10,50,640,24,BOULEVARD DU BAB,43.4967,-1.51023,Plein jour,En agglomération,Giratoire,Normale,Deux véhicules - arrière,,,,,,,,,,,1,2,6,1.0,2.0
201800030540,0018-03-14 18:20:00,18,3,14,18,20,640,24,25 AVENUE JEAN LAPORTE,43.4868,-1.50126,Plein jour,En agglomération,Hors intersection,Normale,Sans collision,,,,,,,,,,,1,2,1,1.0,7.0
201800030541,0018-03-15 09:25:00,18,3,15,9,25,640,24,ROND POINT DE BAHINOS,43.4942,-1.518,Plein jour,En agglomération,Giratoire,Normale,Deux véhicules - côté,,,,,,,,,,,1,2,6,1.0,3.0
201800030542,0018-03-16 16:50:00,18,3,16,16,50,640,102,AVENUE DE L'AQUITAINE,43.487,-1.46987,Plein jour,En agglomération,Hors intersection,Normale,Sans collision,,,,,,,,,,,1,2,1,1.0,7.0
201800030543,0018-03-20 14:15:00,18,3,20,14,15,640,24,45 AVENUE DE BIARRITZ,43.4802,-1.52115,Plein jour,En agglomération,Hors intersection,Temps couvert,Deux véhicules - côté,,,,,,,,,,,1,2,1,8.0,3.0
201800030544,0018-03-23 14:55:00,18,3,23,14,55,640,24,66 AVENUE DE BAYONNE,43.4825,-1.50515,Plein jour,En agglomération,Hors intersection,Temps couvert,Deux véhicules - arrière,,,,,,,,,,,1,2,1,8.0,2.0
201800030545,0018-03-25 11:50:00,18,3,25,11,50,640,102,AVENUE DE PLANTOUN,43.4955,-1.45693,Plein jour,En agglomération,Hors intersection,Pluie légère,Autre collision,,,,,,,,,,,1,2,1,2.0,6.0
201800030546,0018-03-25 15:10:00,18,3,25,15,10,640,102,BOULEVARD DU BAB,43.4982,-1.49337,Plein jour,En agglomération,Hors intersection,Pluie forte,Autre collision,,,,,,,,,,,1,2,1,3.0,6.0
201800030547,0018-03-26 13:37:00,18,3,26,13,37,640,102,AVENUE DE MOUNEDE,43.4999,-1.45761,Plein jour,En agglomération,Hors intersection,Temps couvert,Deux véhicules - arrière,,,,,,,,,,,1,2,1,8.0,2.0
201800030548,0018-03-29 07:45:00,18,3,29,7,45,640,102,ALLEES MARINES,43.5007,-1.49202,Crépuscule ou aube,En agglomération,Intersection en T,Pluie légère,Deux véhicules - frontale,,,,,,,,,,,2,2,3,2.0,1.0
201800030549,0018-03-29 14:25:00,18,3,29,14,25,640,102,11 ALLEES PAULMY,43.4931,-1.48034,Plein jour,En agglomération,Autre intersection,Normale,Deux véhicules - arrière,,,,,,,,,,,1,2,9,1.0,2.0
201800030550,0018-03-30 17:25:00,18,3,30,17,25,640,102,"17, LAFAURIE DETCHEPARE",43.4805,-1.4851,Plein jour,En agglomération,Hors intersection,Normale,Deux véhicules - frontale,,,,,,,,,,,1,2,1,1.0,1.0
201800030551,0018-04-03 10:15:00,18,4,3,10,15,640,102,GIRATOIRE DE MAIGNON,43.4658,-1.49509,Plein jour,En agglomération,Giratoire,Normale,Deux véhicules - côté,,,,,,,,,,,1,2,6,1.0,3.0
201800030552,0018-04-06 10:40:00,18,4,6,10,40,640,102,AVENUE DU 8 MAI 1945,43.4621,-1.49435,Plein jour,En agglomération,Hors intersection,Normale,Sans collision,,,,,,,,,,,1,2,1,1.0,7.0
201800030553,0018-04-15 14:50:00,18,4,15,14,50,640,24,RUE DU MOULIN BARBOT,43.5002,-1.53527,Plein jour,En agglomération,Intersection en T,Temps couvert,Deux véhicules - côté,,,,,,,,,,,1,2,3,8.0,3.0
201800030554,0018-04-18 16:20:00,18,4,18,16,20,640,24,BOULEVARD DES PLAGES,43.5003,-1.53903,Plein jour,En agglomération,Hors intersection,Normale,Sans collision,,,,,,,,,,,1,2,1,1.0,7.0
201800030555,0018-04-23 18:05:00,18,4,23,18,5,640,102,AVENUE DUBROCQ,43.4946,-1.48578,Plein jour,En agglomération,Intersection en Y,Normale,Deux véhicules - côté,,,,,,,,,,,1,2,4,1.0,3.0
201800030556,0018-04-25 11:45:00,18,4,25,11,45,640,102,BOULEVARD DU BAB,43.496,-1.48519,Plein jour,En agglomération,Hors intersection,Pluie légère,Sans collision,,,,,,,,,,,1,2,1,2.0,7.0
201800030557,0018-04-25 16:25:00,18,4,25,16,25,640,24,AVENUE DE BAYONNE,43.4819,-1.50787,Plein jour,En agglomération,Hors intersection,Temps couvert,Sans collision,,,,,,,,,,,1,2,1,8.0,7.0
201800030558,0018-04-26 09:55:00,18,4,26,9,55,640,102,AVENUE DU 14 AVRIL,43.5035,-1.4662,Plein jour,En agglomération,Hors intersection,Normale,Deux véhicules - côté,,,,,,,,,,,1,2,1,1.0,3.0
201800030559,0018-04-26 19:10:00,18,4,26,19,10,640,140,RUE SAINT CHARLES,43.52896,-1.49501,Crépuscule ou aube,En agglomération,Hors intersection,Normale,Deux véhicules - frontale,,,,,,,,,,,2,2,1,1.0,1.0
201800030560,0018-04-27 16:46:00,18,4,27,16,46,640,24,AVENUE EUGENE BERNAIN,43.482,-1.50996,Plein jour,En agglomération,Hors intersection,Temps couvert,Autre collision,,,,,,,,,,,1,2,1,8.0,6.0
201800030561,0018-05-06 11:50:00,18,5,6,11,50,640,24,BUTTE AUX CAILLES,43.4967,-1.50879,Plein jour,En agglomération,Giratoire,Normale,Deux véhicules - côté,,,,,,,,,,,1,2,6,1.0,3.0
201800030562,0018-05-07 16:20:00,18,5,7,16,20,640,102,AVENUE DU GRAND BASQUE,43.4897,-1.45619,Plein jour,En agglomération,Hors intersection,Normale,Deux véhicules - côté,,,,,,,,,,,1,2,1,1.0,3.0
201800030563,0018-05-09 12:10:00,18,5,9,12,10,640,140,AVENUE LOUIS DE FOIX,43.5262,-1.49371,Plein jour,En agglomération,Hors intersection,Normale,Deux véhicules - frontale,,,,,,,,,,,1,2,1,1.0,1.0
201800030564,0018-05-10 02:30:00,18,5,10,2,30,640,24,AVENUE D'ESPAGNE,43.4788,-1.52107,Nuit sans éclairage public,En agglomération,Hors intersection,Normale,Autre collision,,,,,,,,,,,3,2,1,1.0,6.0
201800030565,0018-05-10 11:40:00,18,5,10,11,40,640,24,ROND POINT DE BAHINOS,43.4945,-1.51839,Plein jour,En agglomération,Giratoire,Pluie légère,Sans collision,,,,,,,,,,,1,2,6,2.0,7.0
201800030566,0018-05-11 22:55:00,18,5,11,22,55,640,24,RUE DE HAUSQUETTE,43.4915,-1.51152,Nuit avec éclairage allumé,En agglomération,Hors intersection,Normale,Deux véhicules - frontale,,,,,,,,,,,5,2,1,1.0,1.0
201800030567,0018-05-12 17:30:00,18,5,12,17,30,640,102,ALLEES MARINES,43.4964,-1.4819,Plein jour,En agglomération,Hors intersection,Pluie légère,Deux véhicules - côté,,,,,,,,,,,1,2,1,2.0,3.0
201800030568,0018-05-14 14:00:00,18,5,14,14,0,640,102,CHEMIN DE LESTANQUET,43.477,-1.48909,Plein jour,En agglomération,Hors intersection,Temps couvert,Sans collision,,,,,,,,,,,1,2,1,8.0,7.0
201800030569,0018-05-15 10:35:00,18,5,15,10,35,640,102,ROND POINT AMADE,43.5023,-1.47846,Plein jour,En agglomération,Giratoire,Normale,Sans collision,,,,,,,,,,,1,2,6,1.0,7.0
201800030570,0018-05-16 14:55:00,18,5,16,14,55,640,24,AVENUE DE BAYONNE,43.4814,-1.51,Plein jour,En agglomération,Hors intersection,Normale,Sans collision,,,,,,,,,,,1,2,1,1.0,7.0
201800030571,0018-05-20 00:05:00,18,5,20,0,5,640,102,AV RAYMOND DE MARTRES,43.4855,-1.48283,Nuit avec éclairage allumé,En agglomération,Intersection en T,Normale,Autre collision,,,,,,,,,,,5,2,3,1.0,6.0
201800030572,0018-05-24 18:05:00,18,5,24,18,5,640,102,BOULEVARD JEAN D'AMOU,43.4963,-1.46472,Plein jour,En agglomération,Hors intersection,Normale,Autre collision,,,,,,,,,,,1,2,1,1.0,6.0
201800030573,0018-05-26 00:35:00,18,5,26,0,35,640,24,RUE DES BARTHES,43.4835,-1.50887,Nuit avec éclairage allumé,En agglomération,Hors intersection,Normale,Sans collision,,,,,,,,,,,5,2,1,1.0,7.0
201800030574,0018-05-27 17:50:00,18,5,27,17,50,640,24,AVENUE DE BAYONNE,43.4812,-1.51091,Plein jour,En agglomération,Hors intersection,Temps couvert,Autre collision,,,,,,,,,,,1,2,1,8.0,6.0
201800030575,0018-05-29 11:35:00,18,5,29,11,35,640,24,AVENUE DE BAYONNE,43.4828,-1.50408,Plein jour,En agglomération,Hors intersection,Normale,Sans collision,,,,,,,,,,,1,2,1,1.0,7.0
201800030576,0018-05-29 17:15:00,18,5,29,17,15,640,102,RESPLANDY (AVENUE DU CAP,43.4841,-1.44746,Plein jour,En agglomération,Autre intersection,Normale,Sans collision,,,,,,,,,,,1,2,9,1.0,7.0
201800030577,0018-06-02 14:15:00,18,6,2,14,15,640,24,ROUTE DE SAINT PEE,43.4572,-1.50388,Plein jour,En agglomération,Hors intersection,Temps couvert,Sans collision,,,,,,,,,,,1,2,1,8.0,7.0
201800030578,0018-06-06 16:15:00,18,6,6,16,15,640,24,AVENUE DE BAYONNE,43.4812,-1.51064,Plein jour,En agglomération,Intersection en T,Normale,Deux véhicules - côté,,,,,,,,,,,1,2,3,1.0,3.0
201800030579,0018-06-10 03:40:00,18,6,10,3,40,640,24,AV JEAN LEON LAPORTE,43.4865,-1.50176,Nuit avec éclairage allumé,En agglomération,Hors intersection,Temps couvert,Sans collision,,,,,,,,,,,5,2,1,8.0,7.0
201800030580,0018-06-10 05:40:00,18,6,10,5,40,640,102,AVENUE MARECHAL SOULT,43.4856,-1.49217,Nuit avec éclairage non allumé,En agglomération,Intersection en Y,Normale,Sans collision,,,,,,,,,,,4,2,4,1.0,7.0
201800030581,0018-06-10 16:15:00,18,6,10,16,15,640,24,AVENUE DE BAYONNE,43.4812,-1.51064,Plein jour,En agglomération,Intersection en T,Temps couvert,Sans collision,,,,,,,,,,,1,2,3,8.0,7.0
201800030582,0018-06-15 11:10:00,18,6,15,11,10,640,24,BOULEVARD DE LA MER,43.4935,-1.54556,Plein jour,En agglomération,Intersection en T,Temps couvert,Sans collision,,,,,,,,,,,1,2,3,8.0,7.0
201800030583,0018-06-18 16:20:00,18,6,18,16,20,640,102,AV MARECHAL LECLERC,43.4932,-1.47458,Plein jour,En agglomération,Hors intersection,Normale,Deux véhicules - côté,,,,,,,,,,,1,2,1,1.0,3.0
201800030584,0018-06-24 17:15:00,18,6,24,17,15,640,140,RUE GEORGES LASSALLE,43.5288,-1.49193,Plein jour,En agglomération,Hors intersection,Normale,Deux véhicules - côté,,,,,,,,,,,1,2,1,1.0,3.0
201800030585,0018-06-26 18:10:00,18,6,26,18,10,640,102,AVENUE HENRI GRENET,43.5031,-1.47521,Plein jour,En agglomération,Hors intersection,Normale,Deux véhicules - arrière,,,,,,,,,,,1,2,1,1.0,2.0
201800030586,0018-07-03 16:45:00,18,7,3,16,45,640,102,ALLEES MARINES,43.4976,-1.48554,Plein jour,En agglomération,Hors intersection,Normale,Deux véhicules - arrière,,,,,,,,,,,1,2,1,1.0,2.0