accident_id,datetime,annee,mois,jour,heure,minute,departement,commune_insee,adresse,latitude,longitude,luminosite,agglomeration,intersection,meteo,collision,nb_vehicules,nb_usagers,nb_indemnes,nb_tues,nb_blesses_hosp,nb_blesses_legers,age_cond_1,age_cond_2,veh_type_cond_1,veh_type_cond_2,lum_code,agg_code,int_code,atm_code,col_code
201800030587,0018-07-05 18:15:00,18,7,5,18,15,640,102,BOULEVARD ARITXAGUE,43.4759,-1.49,Plein jour,En agglomération,Hors intersection,Temps couvert,Sans collision,,,,,,,,,,,1,2,1,8.0,7.0
201800030588,0018-07-10 10:00:00,18,7,10,10,0,640,102,ALLEES MARINES,43.496,-1.48062,Plein jour,En agglomération,Hors intersection,Normale,Trois véhicules et plus - en chaîne,,,,,,,,,,,1,2,1,1.0,4.0
201800030589,0018-07-11 14:40:00,18,7,11,14,40,640,24,AVENUE DES VAGUES,43.4988,-1.54264,Plein jour,En agglomération,Intersection en T,Normale,Deux véhicules - côté,,,,,,,,,,,1,2,3,1.0,3.0
201800030590,0018-07-13 00:24:00,18,7,13,0,24,640,102,AVENUE DU 8 MAI 1945,43.4749,-1.4849,Nuit avec éclairage allumé,En agglomération,Hors intersection,Normale,Sans collision,,,,,,,,,,,5,2,1,1.0,7.0
201800030591,0018-07-13 16:35:00,18,7,13,16,35,640,24,ROUTE DE PITOYS,43.4643,-1.50173,Plein jour,En agglomération,Intersection en T,Normale,Deux véhicules - côté,,,,,,,,,,,1,2,3,1.0,3.0
201800030592,0018-07-17 16:50:00,18,7,17,16,50,640,102,RUE VAINSOT,43.4939,-1.45403,Plein jour,En agglomération,Intersection en T,Normale,Sans collision,,,,,,,,,,,1,2,3,1.0,7.0
201800030593,0018-07-21 19:45:00,18,7,21,19,45,640,102,RUE MOULIN DE CASTERA,43.4883,-1.45982,Plein jour,En agglomération,Hors intersection,Normale,Deux véhicules - arrière,,,,,,,,,,,1,2,1,1.0,2.0
201800030594,0018-07-29 19:45:00,18,7,29,19,45,640,102,AVENUE DES ALLEES PAULMY,43.4915,-1.48161,Plein jour,En agglomération,Intersection en X,Normale,Sans collision,,,,,,,,,,,1,2,2,1.0,7.0
201800030595,0018-08-05 20:45:00,18,8,5,20,45,640,24,BOULEVARD DU BAB,43.4874,-1.53648,Plein jour,En agglomération,Intersection en X,Normale,Sans collision,,,,,,,,,,,1,2,2,1.0,7.0
201800030596,0018-08-06 10:30:00,18,8,6,10,30,640,24,AVENUE DU 8 MAI,43.464,-1.49548,Plein jour,En agglomération,Giratoire,Normale,Sans collision,,,,,,,,,,,1,2,6,1.0,7.0
201800030597,0018-08-08 15:40:00,18,8,8,15,40,640,24,BOULEVARD DU BAB,43.4932,-1.531,Plein jour,En agglomération,Hors intersection,Normale,Deux véhicules - frontale,,,,,,,,,,,1,2,1,1.0,1.0
201800030598,0018-08-12 11:25:00,18,8,12,11,25,640,102,ALLEES MARINES,43.4953,-1.47834,Plein jour,En agglomération,Intersection en X,Normale,Deux véhicules - côté,,,,,,,,,,,1,2,2,1.0,3.0
201800030599,0018-08-16 13:00:00,18,8,16,13,0,640,102,AVENUE DU GRAND BASQUE,43.4915,-1.45378,Plein jour,En agglomération,Giratoire,Temps couvert,Trois véhicules et plus - en chaîne,,,,,,,,,,,1,2,6,8.0,4.0
201800030600,0018-08-17 15:45:00,18,8,17,15,45,640,24,AVENUE DE L'ADOUR,43.516,-1.5015,Plein jour,En agglomération,Intersection en T,Normale,Sans collision,,,,,,,,,,,1,2,3,1.0,7.0
201800030601,0018-08-19 13:10:00,18,8,19,13,10,640,102,AVENUE RESPLANDY,43.486,-1.46113,Plein jour,En agglomération,Autre intersection,Normale,Deux véhicules - côté,,,,,,,,,,,1,2,9,1.0,3.0
201800030602,0018-08-19 22:00:00,18,8,19,22,0,640,102,AVENUE MARECHALSOULT,43.4839,-1.4993,Nuit avec éclairage allumé,En agglomération,Intersection en T,Normale,Deux véhicules - côté,,,,,,,,,,,5,2,3,1.0,3.0
201800030603,0018-08-21 16:00:00,18,8,21,16,0,640,24,AVENUE DE L'ADOUR,43.5271,-1.52123,Plein jour,En agglomération,Hors intersection,Normale,Deux véhicules - côté,,,,,,,,,,,1,2,1,1.0,3.0
201800030604,0018-08-24 07:30:00,18,8,24,7,30,640,140,QUAI DE LA DOUANE,43.5177,-1.48868,Plein jour,En agglomération,Hors intersection,Temps couvert,Deux véhicules - côté,,,,,,,,,,,1,2,1,8.0,3.0
201800030605,0018-08-23 07:50:00,18,8,23,7,50,640,24,ROUTE DE CAMBO,43.454,-1.49445,Plein jour,En agglomération,Hors intersection,Normale,Autre collision,,,,,,,,,,,1,2,1,1.0,6.0
201800030606,0018-08-25 13:30:00,18,8,25,13,30,640,24,MONTBRUN (AVENUE DE),43.5036,-1.51702,Plein jour,En agglomération,Hors intersection,Normale,Autre collision,,,,,,,,,,,1,2,1,1.0,6.0
201800030607,0018-09-03 11:30:00,18,9,3,11,30,640,24,BOIS BELIN (RUE DU),43.4932,-1.52656,Plein jour,En agglomération,Hors intersection,Normale,Deux véhicules - côté,,,,,,,,,,,1,2,1,1.0,3.0
201800030608,0018-09-05 17:15:00,18,9,5,17,15,640,102,BOUL ALSACE LORRAINE,43.493,-1.4659,Plein jour,En agglomération,Intersection en X,Temps couvert,Trois véhicules et plus - collisions multiples,,,,,,,,,,,1,2,2,8.0,5.0
201800030609,0018-09-11 17:00:00,18,9,11,17,0,640,24,AVENUE DE L' ADOUR,43.5206,-1.50253,Plein jour,En agglomération,Autre intersection,Normale,Deux véhicules - côté,,,,,,,,,,,1,2,9,1.0,3.0
201800030610,0018-09-11 17:45:00,18,9,11,17,45,640,102,RUE DE RAVIGNAN,43.4909,-1.4697,Plein jour,En agglomération,Hors intersection,Normale,Deux véhicules - côté,,,,,,,,,,,1,2,1,1.0,3.0
201800030611,0018-09-14 07:55:00,18,9,14,7,55,640,102,AVENUE PAUL PRAS,43.4818,-1.47753,Plein jour,En agglomération,Giratoire,Normale,Deux véhicules - arrière,,,,,,,,,,,1,2,6,1.0,2.0
201800030612,0018-09-21 16:10:00,18,9,21,16,10,640,102,ALLEE DES PLATANES,43.4876,-1.47316,Plein jour,En agglomération,Hors intersection,Normale,Autre collision,,,,,,,,,,,1,2,1,1.0,6.0
201800030613,0018-09-22 12:50:00,18,9,22,12,50,640,102,AVENUE HENRI DE NAVARRE,43.4966,-1.45065,Plein jour,En agglomération,Intersection en T,Normale,Sans collision,,,,,,,,,,,1,2,3,1.0,7.0
201800030614,0018-09-22 18:50:00,18,9,22,18,50,640,24,BAB (BOULEVARD DU),43.4873,-1.53648,Plein jour,En agglomération,Intersection à plus de 4 branches,Normale,Trois véhicules et plus - collisions multiples,,,,,,,,,,,1,2,5,1.0,5.0
201800030615,0018-09-22 20:45:00,18,9,22,20,45,640,24,CAMOUSEIGT (ALLEE DE),43.4844,-1.5012,Nuit avec éclairage allumé,En agglomération,Autre intersection,Normale,Deux véhicules - côté,,,,,,,,,,,5,2,9,1.0,3.0
201800030616,0018-09-23 01:55:00,18,9,23,1,55,640,102,RP ALLEES MARINES,43.4967,-1.48333,Nuit avec éclairage allumé,En agglomération,Giratoire,Normale,Autre collision,,,,,,,,,,,5,2,6,1.0,6.0
201800030617,0018-09-25 10:00:00,18,9,25,10,0,640,102,PONT SAINT ESPRIT,43.4944,-1.47164,Plein jour,En agglomération,Hors intersection,Normale,Deux véhicules - côté,,,,,,,,,,,1,2,1,1.0,3.0
201800030618,0018-09-27 16:40:00,18,9,27,16,40,640,102,ROND POINT D'AQUITAINE,43.4868,-1.46885,Plein jour,En agglomération,Giratoire,Normale,Deux véhicules - arrière,,,,,,,,,,,1,2,6,1.0,2.0
201800030619,0018-09-28 21:25:00,18,9,28,21,25,640,140,RP SALVADOR ALLENDE,43.5331,-1.47092,Nuit avec éclairage allumé,En agglomération,Giratoire,Normale,Sans collision,,,,,,,,,,,5,2,6,1.0,7.0
201800030620,0018-10-02 12:25:00,18,10,2,12,25,640,102,SABALCE (CHEMIN DE),43.4924,-1.49111,Plein jour,En agglomération,Hors intersection,Normale,Deux véhicules - arrière,,,,,,,,,,,1,2,1,1.0,2.0
201800030621,0018-10-05 18:50:00,18,10,5,18,50,640,102,GIRATOIRE DE COMPAGNET,43.4601,-1.4962,Plein jour,En agglomération,Giratoire,Normale,Deux véhicules - côté,,,,,,,,,,,1,2,6,1.0,3.0
201800030622,0018-10-08 14:25:00,18,10,8,14,25,640,102,BOUL D'ARITXAGUE,43.4908,-1.49426,Plein jour,En agglomération,Hors intersection,Normale,Deux véhicules - côté,,,,,,,,,,,1,2,1,1.0,3.0
201800030623,0018-10-19 12:45:00,18,10,19,12,45,640,102,BOULEVARD DU BAB,43.4972,-1.48823,Plein jour,En agglomération,Hors intersection,Temps couvert,Deux véhicules - côté,,,,,,,,,,,1,2,1,8.0,3.0
201800030624,0018-10-19 17:20:00,18,10,19,17,20,640,102,AVENUE HENRI DE NAVARRE,43.5047,-1.44633,Plein jour,En agglomération,Giratoire,Normale,Sans collision,,,,,,,,,,,1,2,6,1.0,7.0
201800030625,0018-10-20 15:25:00,18,10,20,15,25,640,102,AVENUE MARECHAL SOULT,43.485,-1.49496,Plein jour,En agglomération,Hors intersection,Temps couvert,Autre collision,,,,,,,,,,,1,2,1,8.0,6.0
201800030626,0018-10-22 13:05:00,18,10,22,13,5,640,24,ROND POINT CHIQUITOYS,43.4744,-1.4946,Plein jour,En agglomération,Giratoire,Normale,Deux véhicules - côté,,,,,,,,,,,1,2,6,1.0,3.0
201800030627,0018-10-25 17:10:00,18,10,25,17,10,640,102,BOULEVARD ARITXAGUE,43.487,-1.49083,Plein jour,En agglomération,Hors intersection,Normale,Deux véhicules - arrière,,,,,,,,,,,1,2,1,1.0,2.0
201800030628,0018-10-26 00:30:00,18,10,26,0,30,640,24,BAB (BOULEVARD DU),43.4872,-1.53659,Nuit avec éclairage allumé,En agglomération,Intersection à plus de 4 branches,Normale,Deux véhicules - arrière,,,,,,,,,,,5,2,5,1.0,2.0
201800030629,0018-11-01 16:15:00,18,11,1,16,15,640,24,ROND POINT DE JORLIS,43.4981,-1.4946,Plein jour,En agglomération,Giratoire,Temps couvert,Sans collision,,,,,,,,,,,1,2,6,8.0,7.0
201800030630,0018-11-02 15:20:00,18,11,2,15,20,640,24,AVENUE LAROCHEFOUCAULD,43.4877,-1.53599,Plein jour,En agglomération,Hors intersection,Normale,Deux véhicules - côté,,,,,,,,,,,1,2,1,1.0,3.0
201800030631,0018-11-05 18:45:00,18,11,5,18,45,640,102,BOUL. ALSACE LORRAINE,43.4919,-1.4645,Nuit avec éclairage allumé,En agglomération,Hors intersection,Pluie légère,Autre collision,,,,,,,,,,,5,2,1,2.0,6.0
201800030632,0018-11-09 22:05:00,18,11,9,22,5,640,102,MOULIN DE CASTERA,43.4901,-1.46028,Nuit avec éclairage allumé,En agglomération,Hors intersection,Normale,Sans collision,,,,,,,,,,,5,2,1,1.0,7.0
201800030633,0018-11-10 18:00:00,18,11,10,18,0,640,102,AVENUE MARECHAL SOULT,43.4858,-1.49107,Nuit avec éclairage allumé,En agglomération,Hors intersection,Normale,Autre collision,,,,,,,,,,,5,2,1,1.0,6.0
201800030634,0018-11-16 16:15:00,18,11,16,16,15,640,102,ROND POINT PIECE NOYEE,43.4989,-1.48181,Plein jour,En agglomération,Giratoire,Normale,Deux véhicules - côté,,,,,,,,,,,1,2,6,1.0,3.0
201800030635,0018-11-16 16:45:00,18,11,16,16,45,640,102,ALLEES MARINES (AVENUE D,43.4996,-1.48973,Plein jour,En agglomération,Hors intersection,Normale,Autre collision,,,,,,,,,,,1,2,1,1.0,6.0
201800030636,0018-11-17 19:50:00,18,11,17,19,50,640,102,ALLEES MARINES,43.4977,-1.48582,Nuit avec éclairage allumé,En agglomération,Hors intersection,Normale,Sans collision,,,,,,,,,,,5,2,1,1.0,7.0
201800030637,0018-11-17 21:30:00,18,11,17,21,30,640,24,RUE DES ACACIAS,43.5016,-1.50685,Nuit sans éclairage public,En agglomération,Intersection en X,Normale,Deux véhicules - côté,,,,,,,,,,,3,2,2,1.0,3.0
201800030638,0018-11-28 20:00:00,18,11,28,20,0,640,24,BOULEVARD DU BAB,43.494,-1.52571,Nuit avec éclairage allumé,En agglomération,Hors intersection,Normale,Sans collision,,,,,,,,,,,5,2,1,1.0,7.0
201800030639,0018-12-03 12:50:00,18,12,3,12,50,640,102,PONT SAINT FREDERIC,43.4873,-1.46201,Plein jour,En agglomération,Hors intersection,Pluie légère,Deux véhicules - arrière,,,,,,,,,,,1,2,1,2.0,2.0
201800030640,0018-12-04 19:55:00,18,12,4,19,55,640,24,AVENUE DE BAYONNE,43.4827,-1.50496,Nuit avec éclairage allumé,En agglomération,Hors intersection,Normale,Sans collision,,,,,,,,,,,5,2,1,1.0,7.0
201800030641,0018-12-06 02:40:00,18,12,6,2,40,640,24,BOULEVARD DU BAB,43.494,-1.52829,Nuit avec éclairage allumé,En agglomération,Hors intersection,Autre,Autre collision,,,,,,,,,,,5,2,1,9.0,6.0
201800030642,0018-12-06 17:00:00,18,12,6,17,0,640,102,AVENUE DU GRAND BASQUE,43.4882,-1.4598,Plein jour,En agglomération,Hors intersection,Normale,Deux véhicules - arrière,,,,,,,,,,,1,2,1,1.0,2.0
201800030643,0018-12-12 12:10:00,18,12,12,12,10,640,102,AVENUE MARECHAL SOULT,43.4835,-1.50149,Plein jour,En agglomération,Hors intersection,Pluie forte,Sans collision,,,,,,,,,,,1,2,1,3.0,7.0
201800030644,0018-12-14 19:20:00,18,12,14,19,20,640,24,BOULEVARD DU BAB,43.4967,-1.49845,Nuit avec éclairage allumé,En agglomération,Hors intersection,Pluie forte,Deux véhicules - arrière,,,,,,,,,,,5,2,1,3.0,2.0
201800030645,0018-12-15 06:15:00,18,12,15,6,15,640,102,BOUL ALSACE LORRAINE,43.4948,-1.46894,Nuit avec éclairage allumé,En agglomération,Hors intersection,Normale,Deux véhicules - côté,,,,,,,,,,,5,2,1,1.0,3.0
201800030646,0018-12-15 18:45:00,18,12,15,18,45,640,24,RUE DE NUMA,43.4872,-1.50339,Nuit avec éclairage allumé,En agglomération,Hors intersection,Normale,Autre collision,,,,,,,,,,,5,2,1,1.0,6.0
201800030647,0018-12-19 13:50:00,18,12,19,13,50,640,24,RP BUTTE AUX CAILLES,43.4973,-1.50971,Plein jour,En agglomération,Giratoire,Pluie légère,Sans collision,,,,,,,,,,,1,2,6,2.0,7.0
201800030648,0018-01-17 09:30:00,18,1,17,9,30,640,122,PLAGE DE LA MILADY,43.4662,-1.57255,Plein jour,En agglomération,Hors intersection,Pluie forte,Autre collision,,,,,,,,,,,1,2,1,3.0,6.0
201800030649,0018-01-22 12:15:00,18,1,22,12,15,640,122,17 RUE JEAN JAURES,43.4781,-1.55946,Plein jour,En agglomération,Hors intersection,Temps couvert,Deux véhicules - arrière,,,,,,,,,,,1,2,1,8.0,2.0
201800030650,0018-01-29 19:50:00,18,1,29,19,50,640,122,BOUL MARCEL DASSAULT,43.4542,-1.55354,Nuit avec éclairage allumé,En agglomération,Hors intersection,Normale,Autre collision,,,,,,,,,,,5,2,1,1.0,6.0
201800030651,0018-02-04 10:00:00,18,2,4,10,0,640,125,RUE BURRUNTZ,43.4395,-1.57477,Plein jour,En agglomération,Hors intersection,Pluie légère,Autre collision,,,,,,,,,,,1,2,1,2.0,6.0
201800030652,0018-02-22 08:45:00,18,2,22,8,45,640,122,132 AVENUE DE PIOCHE,43.4691,-1.5554,Plein jour,En agglomération,Hors intersection,Normale,Autre collision,,,,,,,,,,,1,2,1,1.0,6.0
201800030653,0018-02-22 18:50:00,18,2,22,18,50,640,122,MARCEL DASSAULT (BD),43.4593,-1.54834,Crépuscule ou aube,En agglomération,Hors intersection,Temps couvert,Deux véhicules - frontale,,,,,,,,,,,2,2,1,8.0,1.0
201800030654,0018-03-10 18:30:00,18,3,10,18,30,640,122,2 AVENUE EDITH CAVELL,43.4908,-1.54475,Plein jour,En agglomération,Hors intersection,Normale,Deux véhicules - côté,,,,,,,,,,,1,2,1,1.0,3.0
201800030655,0018-03-11 06:00:00,18,3,11,6,0,640,122,2 RUE DES HALLES,43.481,-1.56286,Nuit avec éclairage allumé,En agglomération,Hors intersection,Normale,Autre collision,,,,,,,,,,,5,2,1,1.0,6.0
201800030656,0018-03-12 20:00:00,18,3,12,20,0,640,122,28 RUE LUIS MARIANO,43.459,-1.54499,Nuit avec éclairage allumé,En agglomération,Hors intersection,Normale,Autre collision,,,,,,,,,,,5,2,1,1.0,6.0
201800030657,0018-04-18 17:40:00,18,4,18,17,40,640,122,AVENUE MARECHAL JOFFRE,43.4762,-1.56245,Plein jour,En agglomération,Intersection en X,Normale,Deux véhicules - côté,,,,,,,,,,,1,2,2,1.0,3.0
201800030658,0018-05-05 22:40:00,18,5,5,22,40,640,122,AVENUE DU SABAOU,43.474,-1.54586,Nuit avec éclairage allumé,En agglomération,Hors intersection,Normale,Autre collision,,,,,,,,,,,5,2,1,1.0,6.0
201800030659,0018-05-07 20:50:00,18,5,7,20,50,640,122,AVENUE DU PRES KENNEDY,43.4609,-1.54875,Crépuscule ou aube,En agglomération,Hors intersection,Normale,Deux véhicules - arrière,,,,,,,,,,,2,2,1,1.0,2.0
201800030660,0018-05-17 13:26:00,18,5,17,13,26,640,122,AVENUE DU BRAOU,43.481,-1.53515,Plein jour,En agglomération,Hors intersection,Normale,Deux véhicules - côté,,,,,,,,,,,1,2,1,1.0,3.0
201800030661,0018-05-18 01:20:00,18,5,18,1,20,640,122,AVENUE DE LA MARNE,43.4846,-1.55467,Nuit avec éclairage allumé,En agglomération,Hors intersection,Normale,Autre collision,,,,,,,,,,,5,2,1,1.0,6.0
201800030662,0018-05-18 17:50:00,18,5,18,17,50,640,122,AVENUE COULAOUN,43.4786,-1.53523,Plein jour,En agglomération,Hors intersection,Normale,Deux véhicules - frontale,,,,,,,,,,,1,2,1,1.0,1.0
201800030663,0018-05-20 01:05:00,18,5,20,1,5,640,122,AVENUE DE VERDUN,43.4808,-1.5455,Nuit avec éclairage allumé,En agglomération,Hors intersection,Normale,Deux véhicules - côté,,,,,,,,,,,5,2,1,1.0,3.0
201800030664,0018-05-20 02:40:00,18,5,20,2,40,640,122,RUE LOUIS BARTHOU,43.4837,-1.55778,Nuit avec éclairage non allumé,En agglomération,Hors intersection,Normale,Autre collision,,,,,,,,,,,4,2,1,1.0,6.0
201800030665,0018-05-22 07:49:00,18,5,22,7,49,640,122,AVENUE DU MARECHAL JUIN,43.4753,-1.54027,Plein jour,En agglomération,Autre intersection,Normale,Deux véhicules - côté,,,,,,,,,,,1,2,9,1.0,3.0
201800030666,0018-05-23 12:26:00,18,5,23,12,26,640,122,AVENUE LAHOUZE,43.4814,-1.54502,Plein jour,En agglomération,Hors intersection,Normale,Autre collision,,,,,,,,,,,1,2,1,1.0,6.0
201800030667,0018-06-03 10:57:00,18,6,3,10,57,640,122,AVENUE DE GRAMMONT,43.4759,-1.55256,Plein jour,En agglomération,Hors intersection,Normale,Deux véhicules - arrière,,,,,,,,,,,1,2,1,1.0,2.0
201800030668,0018-06-15 00:25:00,18,6,15,0,25,640,122,PERS. COTE DES BASQUES,43.4813,-1.56708,Nuit avec éclairage allumé,En agglomération,Hors intersection,Normale,Autre collision,,,,,,,,,,,5,2,1,1.0,6.0
201800030669,0018-06-14 13:25:00,18,6,14,13,25,640,122,MOUSSE (ROND POINT DU),43.4676,-1.54001,Plein jour,En agglomération,Autre intersection,Normale,Deux véhicules - côté,,,,,,,,,,,1,2,9,1.0,3.0
201800030670,0018-06-16 18:30:00,18,6,16,18,30,640,125,AVENUE DE BIARRITZ,43.4489,-1.58022,Plein jour,En agglomération,Hors intersection,Normale,Deux véhicules - arrière,,,,,,,,,,,1,2,1,1.0,2.0
201800030671,0018-06-21 03:30:00,18,6,21,3,30,640,122,BOUL. MARECHAL LECLERC,43.4832,-1.566,Nuit avec éclairage allumé,En agglomération,Hors intersection,Normale,Sans collision,,,,,,,,,,,5,2,1,1.0,7.0
201800030672,0018-06-22 19:55:00,18,6,22,19,55,640,122,AVENUE DE GRAMMONT,43.4758,-1.5526,Plein jour,En agglomération,Hors intersection,Normale,Deux véhicules - côté,,,,,,,,,,,1,2,1,1.0,3.0
201800030673,0018-06-30 20:07:00,18,6,30,20,7,640,122,RUE JEAN JAURES,43.4782,-1.55971,Plein jour,En agglomération,Hors intersection,Pluie forte,Sans collision,,,,,,,,,,,1,2,1,3.0,7.0
201800030674,0018-07-11 17:25:00,18,7,11,17,25,640,125,AVENUE DE BAYONNE,43.4507,-1.56712,Plein jour,En agglomération,Hors intersection,Normale,Trois véhicules et plus - collisions multiples,,,,,,,,,,,1,2,1,1.0,5.0
201800030675,0018-07-14 04:56:00,18,7,14,4,56,640,122,AV MARECHAL FOCH,43.4776,-1.55707,Nuit avec éclairage allumé,En agglomération,Hors intersection,Temps couvert,Autre collision,,,,,,,,,,,5,2,1,8.0,6.0
201800030676,0018-07-14 15:15:00,18,7,14,15,15,640,125,AVENUE DE CUMBA,43.4464,-1.58156,Plein jour,En agglomération,Hors intersection,Normale,Deux véhicules - côté,,,,,,,,,,,1,2,1,1.0,3.0
201800030677,0018-07-15 00:25:00,18,7,15,0,25,640,122,BOULEVARD DU BAB,43.4812,-1.54076,Nuit avec éclairage allumé,En agglomération,Hors intersection,Normale,Autre collision,,,,,,,,,,,5,2,1,1.0,6.0
201800030678,0018-07-16 06:10:00,18,7,16,6,10,640,125,AVENUE CHABADENIA,43.4394,-1.58708,Nuit avec éclairage allumé,En agglomération,Hors intersection,Pluie forte,Deux véhicules - frontale,,,,,,,,,,,5,2,1,3.0,1.0
201800030679,0018-07-16 18:20:00,18,7,16,18,20,640,125,AVENUE DE BAYONNE,43.4504,-1.56225,Plein jour,En agglomération,Hors intersection,Normale,Deux véhicules - arrière,,,,,,,,,,,1,2,1,1.0,2.0
201800030680,0018-07-17 11:40:00,18,7,17,11,40,640,122,AVENUE DE PIOCHE,43.4713,-1.56316,Plein jour,En agglomération,Hors intersection,Normale,Autre collision,,,,,,,,,,,1,2,1,1.0,6.0
201800030681,0018-07-25 16:15:00,18,7,25,16,15,640,122,RUE LARIVIERE,43.4798,-1.55282,Plein jour,En agglomération,Hors intersection,Normale,Autre collision,,,,,,,,,,,1,2,1,1.0,6.0
201800030682,0018-07-25 17:25:00,18,7,25,17,25,640,122,ESPLANADE DU PORTE VIEUX,43.482,-1.56857,Plein jour,En agglomération,Hors intersection,Normale,Autre collision,,,,,,,,,,,1,2,1,1.0,6.0
201800030683,0018-08-01 21:05:00,18,8,1,21,5,640,125,AVENUE D'ESPAGNE,43.4304,-1.59926,Nuit avec éclairage allumé,En agglomération,Hors intersection,Normale,Autre collision,,,,,,,,,,,5,2,1,1.0,6.0
201800030684,0018-08-03 06:00:00,18,8,3,6,0,640,122,BOULEVARD DU BAB,43.4747,-1.54546,Nuit avec éclairage allumé,En agglomération,Hors intersection,Normale,Sans collision,,,,,,,,,,,5,2,1,1.0,7.0
201800030685,0018-08-08 11:05:00,18,8,8,11,5,640,122,AVENUE DE VERDUN,43.4818,-1.55572,Plein jour,En agglomération,Autre intersection,Normale,Deux véhicules - côté,,,,,,,,,,,1,2,9,1.0,3.0
201800030686,0018-08-09 02:50:00,18,8,9,2,50,640,122,AVENUE DE LA MILADY,43.4674,-1.57006,Nuit avec éclairage allumé,En agglomération,Hors intersection,Vent fort / tempête,Autre collision,,,,,,,,,,,5,2,1,6.0,6.0
201800030687,0018-08-10 11:35:00,18,8,10,11,35,640,122,AVENUE CARNOT,43.479,-1.5604,Plein jour,En agglomération,Hors intersection,Normale,Autre collision,,,,,,,,,,,1,2,1,1.0,6.0
201800030688,0018-08-16 06:15:00,18,8,16,6,15,640,122,PLA GEORGES CLEMENCEAU,43.4819,-1.5594,Nuit avec éclairage allumé,En agglomération,Hors intersection,Normale,Sans collision,,,,,,,,,,,5,2,1,1.0,7.0
201800030689,0018-08-21 10:00:00,18,8,21,10,0,640,125,BERRUA,43.4382,-1.58272,Plein jour,En agglomération,Hors intersection,Normale,Autre collision,,,,,,,,,,,1,2,1,1.0,6.0
201800030690,0018-08-23 03:45:00,18,8,23,3,45,640,122,99 AVENUE DE LA MARNE,43.483,-1.546,Nuit avec éclairage allumé,En agglomération,Hors intersection,Normale,Autre collision,,,,,,,,,,,5,2,1,1.0,6.0
201800030691,0018-08-23 15:05:00,18,8,23,15,5,640,122,AV PRESIDENT JF KENEDY,43.4625,-1.55126,Plein jour,En agglomération,Autre intersection,Normale,Deux véhicules - frontale,,,,,,,,,,,1,2,9,1.0,1.0
201800030692,0018-08-26 11:30:00,18,8,26,11,30,640,122,MAYOL DE SENILLOSA (BD),43.4845,-1.54301,Plein jour,En agglomération,Autre intersection,Normale,Deux véhicules - côté,,,,,,,,,,,1,2,9,1.0,3.0
201800030693,0018-08-24 14:00:00,18,8,24,14,0,640,122,AVENUE LAHOUZE,43.4807,-1.5454,Plein jour,En agglomération,Hors intersection,Normale,Autre collision,,,,,,,,,,,1,2,1,1.0,6.0
201800030694,0018-09-01 02:15:00,18,9,1,2,15,640,122,RUE DU MARECHAL JOFFRE,43.4778,-1.56232,Nuit avec éclairage allumé,En agglomération,Hors intersection,Normale,Autre collision,,,,,,,,,,,5,2,1,1.0,6.0
201800030695,0018-09-06 07:30:00,18,9,6,7,30,640,122,AVENUE DU PRES KENNEDY,43.4706,-1.55532,Crépuscule ou aube,En agglomération,Hors intersection,Pluie légère,Deux véhicules - côté,,,,,,,,,,,2,2,1,2.0,3.0
201800030696,0018-09-09 00:05:00,18,9,9,0,5,640,122,BOUL. MARECHAL LECLERC,43.483,-1.56471,Nuit avec éclairage allumé,En agglomération,Hors intersection,Normale,Trois véhicules et plus - collisions multiples,,,,,,,,,,,5,2,1,1.0,5.0
201800030697,0018-09-21 17:25:00,18,9,21,17,25,640,122,BOUL MARCEL DASSAULT,43.4696,-1.53822,Plein jour,En agglomération,Hors intersection,Normale,Deux véhicules - arrière,,,,,,,,,,,1,2,1,1.0,2.0
201800030698,0018-09-25 17:54:00,18,9,25,17,54,640,122,AVENUE EDOUARD VII,43.4849,-1.55696,Plein jour,En agglomération,Hors intersection,Normale,Deux véhicules - côté,,,,,,,,,,,1,2,1,1.0,3.0
201800030699,0018-09-26 18:30:00,18,9,26,18,30,640,125,ATHERBEA (AVENUE),43.4383,-1.58912,Plein jour,En agglomération,Hors intersection,Normale,Autre collision,,,,,,,,,,,1,2,1,1.0,6.0
201800030700,0018-09-28 02:20:00,18,9,28,2,20,640,122,ILBARRITZ (AVENUE D'),43.4645,-1.57334,Nuit sans éclairage public,En agglomération,Hors intersection,Normale,Autre collision,,,,,,,,,,,3,2,1,1.0,6.0
201800030701,0018-09-30 02:35:00,18,9,30,2,35,640,122,IMPERATRICE (AVENUE DE L,43.4853,-1.55639,Nuit avec éclairage allumé,En agglomération,Hors intersection,Normale,Deux véhicules - arrière,,,,,,,,,,,5,2,1,1.0,2.0
201800030702,0018-10-01 05:25:00,18,10,1,5,25,640,122,RUE DE MADRID,43.4707,-1.56862,Nuit avec éclairage allumé,En agglomération,Hors intersection,Normale,Deux véhicules - arrière,,,,,,,,,,,5,2,1,1.0,2.0
201800030703,0018-10-03 23:20:00,18,10,3,23,20,640,122,CAVELL EDITH (AVENUE),43.4921,-1.54665,Nuit avec éclairage allumé,En agglomération,Hors intersection,Normale,Autre collision,,,,,,,,,,,5,2,1,1.0,6.0
201800030704,0018-10-22 18:40:00,18,10,22,18,40,640,122,AVENUE DU PRES KENNEDY,43.4673,-1.55437,Plein jour,En agglomération,Hors intersection,Normale,Autre collision,,,,,,,,,,,1,2,1,1.0,6.0
201800030705,0018-10-24 18:00:00,18,10,24,18,0,640,122,AV GENERAL MAC CROSKEY,43.4923,-1.54979,Plein jour,En agglomération,Hors intersection,Normale,Autre collision,,,,,,,,,,,1,2,1,1.0,6.0
201800030706,0018-11-29 20:16:00,18,11,29,20,16,640,122,RP LUIS MARIANO,43.4584,-1.54751,Nuit avec éclairage allumé,En agglomération,Giratoire,Pluie légère,Deux véhicules - côté,,,,,,,,,,,5,2,6,2.0,3.0