accident_id,datetime,annee,mois,jour,heure,minute,departement,commune_insee,adresse,latitude,longitude,luminosite,agglomeration,intersection,meteo,collision,nb_vehicules,nb_usagers,nb_indemnes,nb_tues,nb_blesses_hosp,nb_blesses_legers,age_cond_1,age_cond_2,veh_type_cond_1,veh_type_cond_2,lum_code,agg_code,int_code,atm_code,col_code
201800030707,0018-12-04 10:15:00,18,12,4,10,15,640,122,RUE DE PITCHOT,43.4661,-1.53711,Plein jour,En agglomération,Hors intersection,Normale,Deux véhicules - côté,,,,,,,,,,,1,2,1,1.0,3.0
201800030708,0018-12-09 18:35:00,18,12,9,18,35,640,122,RUE DE PITCHOT,43.4667,-1.53788,Nuit avec éclairage allumé,En agglomération,Hors intersection,Normale,Trois véhicules et plus - collisions multiples,,,,,,,,,,,5,2,1,1.0,5.0
201800030709,0018-12-26 23:40:00,18,12,26,23,40,640,122,BOUL MARCEL DASSAULT,43.4681,-1.53979,Nuit avec éclairage allumé,En agglomération,Hors intersection,Normale,Autre collision,,,,,,,,,,,5,2,1,1.0,6.0
201800030710,0018-01-01 21:30:00,18,1,1,21,30,640,445,57 BOUL ALSACE LORRAINE,43.3043,-0.36756,Nuit avec éclairage allumé,En agglomération,Hors intersection,Pluie légère,Deux véhicules - côté,,,,,,,,,,,5,2,1,2.0,3.0
201800030711,0018-01-02 04:35:00,18,1,2,4,35,640,284,AVENUE HENRI IV,43.2787,-0.38851,Nuit avec éclairage allumé,En agglomération,Giratoire,Pluie légère,Deux véhicules - côté,,,,,,,,,,,5,2,6,2.0,3.0
201800030712,0018-01-02 17:01:00,18,1,2,17,1,640,335,CHEMIN DE LONS,43.3231,-0.42045,Plein jour,En agglomération,Hors intersection,Pluie légère,Deux véhicules - arrière,,,,,,,,,,,1,2,1,2.0,2.0
201800030713,0018-01-03 17:55:00,18,1,3,17,55,640,445,62 AVENUE DES LILAS,43.3098,-0.34372,Nuit avec éclairage allumé,En agglomération,Hors intersection,Pluie légère,Autre collision,,,,,,,,,,,5,2,1,2.0,6.0
201800030714,0018-01-04 11:00:00,18,1,4,11,0,640,129,115 AVENUE JEAN MERMOZ,43.3133,-0.3775,Plein jour,En agglomération,Hors intersection,Normale,Deux véhicules - arrière,,,,,,,,,,,1,2,1,1.0,2.0
201800030715,0018-01-04 19:21:00,18,1,4,19,21,640,445,20 AVENUE GASTON LACOSTE,43.2922,-0.36454,Nuit avec éclairage allumé,En agglomération,Hors intersection,Normale,Deux véhicules - côté,,,,,,,,,,,5,2,1,1.0,3.0
201800030716,0018-01-05 12:45:00,18,1,5,12,45,640,445,RUE STANISLAS LAVIGNE,43.3125,-0.37311,Plein jour,En agglomération,Hors intersection,Pluie légère,Deux véhicules - côté,,,,,,,,,,,1,2,1,2.0,3.0
201800030717,0018-01-08 09:30:00,18,1,8,9,30,640,132,45 RU GEORGES CLEMENCEAU,43.2874,-0.35137,Plein jour,En agglomération,Intersection en X,Normale,Deux véhicules - côté,,,,,,,,,,,1,2,2,1.0,3.0
201800030718,0018-01-09 18:28:00,18,1,9,18,28,640,445,AV DU GENERAL DE GAULLE,43.3023,-0.35405,Nuit avec éclairage allumé,En agglomération,Hors intersection,Normale,Deux véhicules - arrière,,,,,,,,,,,5,2,1,1.0,2.0
201800030719,0018-01-09 19:13:00,18,1,9,19,13,640,445,AUDREY BENGHOZI,43.3191,-0.36736,Nuit avec éclairage allumé,En agglomération,Hors intersection,Pluie légère,Autre collision,,,,,,,,,,,5,2,1,2.0,6.0
201800030720,0018-01-10 07:30:00,18,1,10,7,30,640,445,200 AV JEAN MERMOZ,43.3177,-0.37837,Nuit avec éclairage allumé,En agglomération,Hors intersection,Normale,Deux véhicules - côté,,,,,,,,,,,5,2,1,1.0,3.0
201800030721,0018-01-10 15:30:00,18,1,10,15,30,640,348,BOULEVARD DE L'EUROPE,43.3371,-0.46063,Plein jour,En agglomération,Giratoire,Normale,Deux véhicules - côté,,,,,,,,,,,1,2,6,1.0,3.0
201800030722,0018-01-10 19:00:00,18,1,10,19,0,640,445,RUE DES FRERES CAMORS,43.3113,-0.36893,Nuit avec éclairage allumé,En agglomération,Hors intersection,Normale,Autre collision,,,,,,,,,,,5,2,1,1.0,6.0
201800030723,0018-01-11 07:40:00,18,1,11,7,40,640,445,ALFRED NOBEL,43.3225,-0.30069,Nuit sans éclairage public,En agglomération,Hors intersection,Pluie légère,Trois véhicules et plus - en chaîne,,,,,,,,,,,3,2,1,2.0,4.0
201800030724,0018-01-11 07:55:00,18,1,11,7,55,640,373,RD 802,43.2808,-0.35756,Nuit sans éclairage public,En agglomération,Giratoire,Pluie légère,Deux véhicules - côté,,,,,,,,,,,3,2,6,2.0,3.0
201800030725,0018-01-12 19:10:00,18,1,12,19,10,640,445,AV DU GENERAL LECLERC,43.3032,-0.34939,Nuit avec éclairage allumé,En agglomération,Hors intersection,Normale,Autre collision,,,,,,,,,,,5,2,1,1.0,6.0
201800030726,0018-01-12 15:45:00,18,1,12,15,45,640,445,OLOF PALME,43.3396,-0.37762,Plein jour,En agglomération,Intersection en T,Normale,Deux véhicules - arrière,,,,,,,,,,,1,2,3,1.0,2.0
201800030727,0018-01-12 10:03:00,18,1,12,10,3,640,445,RP ALLEES DE MORLAAS,43.3078,-0.33918,Plein jour,En agglomération,Giratoire,Pluie légère,Deux véhicules - côté,,,,,,,,,,,1,2,6,2.0,3.0
201800030728,0018-01-15 15:46:00,18,1,15,15,46,640,445,AVENUE DE SARAGOSSE,43.3072,-0.3548,Plein jour,En agglomération,Hors intersection,Normale,Autre collision,,,,,,,,,,,1,2,1,1.0,6.0
201800030729,0018-01-17 21:49:00,18,1,17,21,49,640,445,BV D'ALSACE LORRAINE,43.3044,-0.3675,Nuit avec éclairage non allumé,En agglomération,Intersection en X,Pluie légère,Deux véhicules - côté,,,,,,,,,,,4,2,2,2.0,3.0
201800030730,0018-01-18 18:15:00,18,1,18,18,15,640,445,BOSQUET,43.2975,-0.36578,Crépuscule ou aube,En agglomération,Intersection en X,Normale,Autre collision,,,,,,,,,,,2,2,2,1.0,6.0
201800030731,0018-01-21 10:00:00,18,1,21,10,0,640,348,BOULEVARD DE L' EUROPE,43.3172,-0.39483,Plein jour,En agglomération,Giratoire,Pluie forte,Deux véhicules - côté,,,,,,,,,,,1,2,6,3.0,3.0
201800030732,0018-01-23 19:54:00,18,1,23,19,54,640,445,15 AVENUE JEAN MERMOZ,43.3069,-0.37701,Nuit avec éclairage allumé,En agglomération,Hors intersection,Normale,Deux véhicules - côté,,,,,,,,,,,5,2,1,1.0,3.0
201800030733,0018-01-24 08:30:00,18,1,24,8,30,640,445,12 AVENUE DE BEZIOU,43.3074,-0.38021,Plein jour,En agglomération,Hors intersection,Normale,Autre collision,,,,,,,,,,,1,2,1,1.0,6.0
201800030734,0018-01-24 17:05:00,18,1,24,17,5,640,348,7 RUE ROBERT SCHUMAN,43.3275,-0.38478,Plein jour,En agglomération,Hors intersection,Normale,Deux véhicules - côté,,,,,,,,,,,1,2,1,1.0,3.0
201800030735,0018-01-26 14:35:00,18,1,26,14,35,640,445,AV DU CHATEAU D'ESTE,43.308,-0.37682,Plein jour,En agglomération,Hors intersection,Normale,Deux véhicules - arrière,,,,,,,,,,,1,2,1,1.0,2.0
201800030736,0018-01-26 20:20:00,18,1,26,20,20,640,284,48 AVENUE HENRI IV,43.2836,-0.38641,Nuit avec éclairage allumé,En agglomération,Intersection en X,Pluie légère,Deux véhicules - frontale,,,,,,,,,,,5,2,2,2.0,1.0
201800030737,0018-01-28 20:29:00,18,1,28,20,29,640,348,193 AV JEAN MERMOZ,43.3247,-0.37963,Nuit avec éclairage allumé,En agglomération,Intersection en T,Normale,Deux véhicules - côté,,,,,,,,,,,5,2,3,1.0,3.0
201800030738,0018-01-29 12:49:00,18,1,29,12,49,640,335,2 RUE DU VALLON,43.3342,-0.42942,Plein jour,En agglomération,Hors intersection,Normale,Autre collision,,,,,,,,,,,1,2,1,1.0,6.0
201800030739,0018-02-01 07:50:00,18,2,1,7,50,640,445,39 RUE GACHET,43.2947,-0.36758,Nuit avec éclairage allumé,En agglomération,Hors intersection,Pluie légère,Autre collision,,,,,,,,,,,5,2,1,2.0,6.0
201800030740,0018-02-05 08:00:00,18,2,5,8,0,640,445,RUE PIERRE BONNARD,43.3101,-0.36079,Crépuscule ou aube,En agglomération,Intersection en X,Pluie légère,Deux véhicules - côté,,,,,,,,,,,2,2,2,2.0,3.0
201800030741,0018-02-05 18:25:00,18,2,5,18,25,640,445,AVENUE LOUIS SALLENAVE,43.3172,-0.35617,Crépuscule ou aube,En agglomération,Hors intersection,Pluie légère,Deux véhicules - frontale,,,,,,,,,,,2,2,1,2.0,1.0
201800030742,0018-02-07 16:50:00,18,2,7,16,50,640,348,AVENUE MARCEL DASSAULT,43.3011,-0.41152,Plein jour,En agglomération,Hors intersection,Normale,Trois véhicules et plus - en chaîne,,,,,,,,,,,1,2,1,1.0,4.0
201800030743,0018-02-08 09:28:00,18,2,8,9,28,640,132,BOULEVARD RENE MOUCHOTTE,43.3023,-0.31785,Plein jour,En agglomération,Hors intersection,Neige / grêle,Deux véhicules - arrière,,,,,,,,,,,1,2,1,4.0,2.0
201800030744,0018-02-09 18:10:00,18,2,9,18,10,640,445,248 AVENUE JEAN MERMOZ,43.3229,-0.37935,Crépuscule ou aube,En agglomération,Hors intersection,Pluie légère,Autre collision,,,,,,,,,,,2,2,1,2.0,6.0
201800030745,0018-02-12 10:15:00,18,2,12,10,15,640,269,17RUE DE PEYREBLANQUE,43.2976,-0.30382,Plein jour,En agglomération,Hors intersection,Normale,Autre collision,,,,,,,,,,,1,2,1,1.0,6.0
201800030746,0018-02-13 14:00:00,18,2,13,14,0,640,445,RUE DE LA REPUBLIQUE,43.3,-0.36967,Plein jour,En agglomération,Hors intersection,Normale,Autre collision,,,,,,,,,,,1,2,1,1.0,6.0
201800030747,0018-02-14 14:04:00,18,2,14,14,4,640,445,AVENUE ROBERT POPLAWSKI,43.319,-0.36754,Plein jour,En agglomération,Hors intersection,Pluie forte,Autre collision,,,,,,,,,,,1,2,1,3.0,6.0
201800030748,0018-02-14 09:25:00,18,2,14,9,25,640,445,AVENUE DE BUROS,43.307,-0.35329,Plein jour,En agglomération,Intersection en X,Pluie légère,Deux véhicules - côté,,,,,,,,,,,1,2,2,2.0,3.0
201800030749,0018-02-15 08:40:00,18,2,15,8,40,640,445,1 RUE LATAPIE,43.2958,-0.36605,Plein jour,En agglomération,Intersection en X,Normale,Deux véhicules - côté,,,,,,,,,,,1,2,2,1.0,3.0
201800030750,0018-02-16 10:22:00,18,2,16,10,22,640,284,15 AVENUE GASTON CAMBOT,43.2906,-0.3942,Plein jour,En agglomération,Hors intersection,Normale,Deux véhicules - arrière,,,,,,,,,,,1,2,1,1.0,2.0
201800030751,0018-02-17 11:40:00,18,2,17,11,40,640,445,1 AVENUE DE SARAGOSSE,43.3082,-0.35317,Plein jour,En agglomération,Hors intersection,Pluie légère,Deux véhicules - arrière,,,,,,,,,,,1,2,1,2.0,2.0
201800030752,0018-02-18 12:30:00,18,2,18,12,30,640,348,13 AVENUE DIDIER DAURAT,43.3259,-0.37966,Plein jour,En agglomération,Hors intersection,Normale,Deux véhicules - arrière,,,,,,,,,,,1,2,1,1.0,2.0
201800030753,0018-02-21 11:50:00,18,2,21,11,50,640,445,6 RUE EMILE GARET,43.3022,-0.36061,Plein jour,En agglomération,Hors intersection,Pluie légère,Deux véhicules - côté,,,,,,,,,,,1,2,1,2.0,3.0
201800030754,0018-02-19 23:40:00,18,2,19,23,40,640,445,RP COMBATTANTS D'AFRIQUE,43.3384,-0.37971,Nuit avec éclairage allumé,En agglomération,Giratoire,Pluie forte,Deux véhicules - arrière,,,,,,,,,,,5,2,6,3.0,2.0
201800030755,0018-02-23 14:58:00,18,2,23,14,58,640,445,36 AVENUE JEAN MERMOZ,43.3102,-0.37671,Plein jour,En agglomération,Hors intersection,Normale,Deux véhicules - arrière,,,,,,,,,,,1,2,1,1.0,2.0
201800030756,0018-02-23 19:32:00,18,2,23,19,32,640,348,"193, JEAN MERMOZ",43.3245,-0.37964,Nuit avec éclairage allumé,En agglomération,Intersection en T,Normale,Autre collision,,,,,,,,,,,5,2,3,1.0,6.0
201800030757,0018-02-25 23:15:00,18,2,25,23,15,640,445,"20, ALFRED NOBEL",43.31,-0.32598,Nuit avec éclairage allumé,En agglomération,Hors intersection,Normale,Deux véhicules - côté,,,,,,,,,,,5,2,1,1.0,3.0
201800030758,0018-03-02 07:58:00,18,3,2,7,58,640,445,73 AVENUE TRESPOEY,43.2987,-0.35,Plein jour,En agglomération,Hors intersection,Normale,Deux véhicules - arrière,,,,,,,,,,,1,2,1,1.0,2.0
201800030759,0018-03-02 10:55:00,18,3,2,10,55,640,284,1898 AV DU 18 JUIN 1940,43.2912,-0.40492,Plein jour,En agglomération,Hors intersection,Normale,Trois véhicules et plus - en chaîne,,,,,,,,,,,1,2,1,1.0,4.0
201800030760,0018-03-13 15:50:00,18,3,13,15,50,640,445,BOUL D'ALSACE LORRAINE,43.3034,-0.36434,Plein jour,En agglomération,Hors intersection,Normale,Deux véhicules - arrière,,,,,,,,,,,1,2,1,1.0,2.0
201800030761,0018-03-14 19:20:00,18,3,14,19,20,640,445,81 RUE CASTETNAU,43.3003,-0.36607,Crépuscule ou aube,En agglomération,Intersection en T,Normale,Deux véhicules - côté,,,,,,,,,,,2,2,3,1.0,3.0
201800030762,0018-03-15 15:35:00,18,3,15,15,35,640,445,71 RUE CASTETNAU,43.3003,-0.3655,Plein jour,En agglomération,Hors intersection,Normale,Trois véhicules et plus - en chaîne,,,,,,,,,,,1,2,1,1.0,4.0
201800030763,0018-03-16 12:00:00,18,3,16,12,0,640,445,36 RUE HENRI FAISANS,43.2998,-0.36188,Plein jour,En agglomération,Hors intersection,Pluie légère,Autre collision,,,,,,,,,,,1,2,1,2.0,6.0
201800030764,0018-03-18 14:30:00,18,3,18,14,30,640,445,BOULEVARD HAUTERIVE,43.3227,-0.34692,Plein jour,En agglomération,Hors intersection,Normale,Autre collision,,,,,,,,,,,1,2,1,1.0,6.0
201800030765,0018-03-20 20:00:00,18,3,20,20,0,640,129,47 AVENUE LALANNE,43.3114,-0.38872,Nuit avec éclairage allumé,En agglomération,Hors intersection,Normale,Autre collision,,,,,,,,,,,5,2,1,1.0,6.0
201800030766,0018-03-23 19:45:00,18,3,23,19,45,640,445,81AVENUE DU LOUP,43.315,-0.35431,Nuit sans éclairage public,En agglomération,Hors intersection,Normale,Deux véhicules - arrière,,,,,,,,,,,3,2,1,1.0,2.0
201800030767,0018-03-24 01:30:00,18,3,24,1,30,640,445,6 BIS RUE MARCA,43.2946,-0.37716,Nuit avec éclairage allumé,En agglomération,Hors intersection,Pluie légère,Autre collision,,,,,,,,,,,5,2,1,2.0,6.0
201800030768,0018-03-25 06:39:00,18,3,25,6,39,640,445,42 RUE DE LIEGE,43.3003,-0.375,Nuit avec éclairage non allumé,En agglomération,Hors intersection,Pluie légère,Autre collision,,,,,,,,,,,4,2,1,2.0,6.0
201800030769,0018-03-24 20:08:00,18,3,24,20,8,640,445,58 AV DU 14 JUILLET,43.2887,-0.38,Nuit avec éclairage allumé,En agglomération,Hors intersection,Pluie légère,Autre collision,,,,,,,,,,,5,2,1,2.0,6.0
201800030770,0018-03-26 08:05:00,18,3,26,8,5,640,445,JEAN JACQUES DE MONAIX,43.3033,-0.3589,Plein jour,En agglomération,Hors intersection,Pluie légère,Autre collision,,,,,,,,,,,1,2,1,2.0,6.0
201800030771,0018-03-26 13:20:00,18,3,26,13,20,640,348,222 AV JEAN MERMOZ,43.3202,-0.37888,Plein jour,En agglomération,Hors intersection,Pluie légère,Autre collision,,,,,,,,,,,1,2,1,2.0,6.0
201800030772,0018-03-26 16:25:00,18,3,26,16,25,640,373,RD 802,43.2772,-0.36346,Plein jour,En agglomération,Hors intersection,Normale,Trois véhicules et plus - collisions multiples,,,,,,,,,,,1,2,1,1.0,5.0
201800030773,0018-03-28 12:25:00,18,3,28,12,25,640,129,13 ROUTE DE BAYONNE,43.3002,-0.39285,Plein jour,En agglomération,Hors intersection,Normale,Deux véhicules - côté,,,,,,,,,,,1,2,1,1.0,3.0
201800030774,0018-03-29 13:53:00,18,3,29,13,53,640,237,04 RUE SIMIN PALAY,43.2814,-0.37517,Plein jour,En agglomération,Intersection en T,Normale,Deux véhicules - côté,,,,,,,,,,,1,2,3,1.0,3.0
201800030775,0018-03-30 11:35:00,18,3,30,11,35,640,445,BOULEVARD TOURASSE,43.311,-0.35179,Plein jour,En agglomération,Intersection en X,Normale,Deux véhicules - frontale,,,,,,,,,,,1,2,2,1.0,1.0
201800030776,0018-04-01 15:20:00,18,4,1,15,20,640,445,RP COMBATANTS AFRIQUE NO,43.3382,-0.37973,Plein jour,En agglomération,Autre intersection,Normale,Deux véhicules - côté,,,,,,,,,,,1,2,9,1.0,3.0
201800030777,0018-04-02 14:05:00,18,4,2,14,5,640,129,ROUTE DE BAYONNE,43.3051,-0.40126,Plein jour,En agglomération,Giratoire,Normale,Deux véhicules - arrière,,,,,,,,,,,1,2,6,1.0,2.0
201800030778,0018-04-03 08:45:00,18,4,3,8,45,640,445,RECTEUR JEAN SARRAILH,43.3084,-0.3743,Plein jour,En agglomération,Autre intersection,Normale,Deux véhicules - côté,,,,,,,,,,,1,2,9,1.0,3.0
201800030779,0018-04-05 16:20:00,18,4,5,16,20,640,348,CAMI SALIE,43.3357,-0.38512,Plein jour,En agglomération,Autre intersection,Normale,Deux véhicules - arrière,,,,,,,,,,,1,2,9,1.0,2.0
201800030780,0018-04-06 08:55:00,18,4,6,8,55,640,348,AVENUE DE SANTONA,43.323,-0.39967,Plein jour,En agglomération,Hors intersection,Normale,Autre collision,,,,,,,,,,,1,2,1,1.0,6.0
201800030781,0018-04-06 17:00:00,18,4,6,17,0,640,348,CHARLES DE GAULLE,43.3136,-0.41727,Plein jour,En agglomération,Autre intersection,Normale,Deux véhicules - arrière,,,,,,,,,,,1,2,9,1.0,2.0
201800030782,0018-04-11 09:10:00,18,4,11,9,10,640,129,RUE DES TAMARIS,43.308,-0.38306,Plein jour,En agglomération,Autre intersection,Normale,Deux véhicules - côté,,,,,,,,,,,1,2,9,1.0,3.0
201800030783,0018-04-11 10:10:00,18,4,11,10,10,640,348,BOUL CHARLES DE GAULLE,43.3146,-0.41912,Plein jour,En agglomération,Hors intersection,Pluie légère,Deux véhicules - arrière,,,,,,,,,,,1,2,1,2.0,2.0
201800030784,0018-04-15 19:05:00,18,4,15,19,5,640,445,MARECHAL LECLERC DU,43.3055,-0.33835,Plein jour,En agglomération,Hors intersection,Normale,Deux véhicules - arrière,,,,,,,,,,,1,2,1,1.0,2.0
201800030785,0018-04-17 16:50:00,18,4,17,16,50,640,445,RUE VICTOR HUGO,43.3017,-0.37757,Plein jour,En agglomération,Hors intersection,Normale,Autre collision,,,,,,,,,,,1,2,1,1.0,6.0
201800030786,0018-04-17 19:05:00,18,4,17,19,5,640,445,EUROPE DE LA PAIX,43.3204,-0.35222,Plein jour,En agglomération,Hors intersection,Normale,Deux véhicules - arrière,,,,,,,,,,,1,2,1,1.0,2.0
201800030787,0018-04-18 10:45:00,18,4,18,10,45,640,445,BOULEVARD DE LA PAIX,43.3214,-0.36043,Plein jour,En agglomération,Intersection en X,Normale,Deux véhicules - côté,,,,,,,,,,,1,2,2,1.0,3.0
201800030788,0018-04-19 11:40:00,18,4,19,11,40,640,445,AVENUE DU GENERAL LECLER,43.3032,-0.34903,Plein jour,En agglomération,Hors intersection,Normale,Deux véhicules - côté,,,,,,,,,,,1,2,1,1.0,3.0
201800030789,0018-04-20 13:30:00,18,4,20,13,30,640,445,RUE CASTETNAU,43.3008,-0.36142,Plein jour,En agglomération,Autre intersection,Normale,Deux véhicules - côté,,,,,,,,,,,1,2,9,1.0,3.0
201800030790,0018-04-26 14:55:00,18,4,26,14,55,640,445,RUE D'ESPALUNGUE,43.2963,-0.3752,Plein jour,En agglomération,Hors intersection,Normale,Trois véhicules et plus - en chaîne,,,,,,,,,,,1,2,1,1.0,4.0
201800030791,0018-04-30 18:45:00,18,4,30,18,45,640,445,RUE ALFRED NOBEL,43.3175,-0.31069,Plein jour,En agglomération,Hors intersection,Normale,Autre collision,,,,,,,,,,,1,2,1,1.0,6.0
201800030792,0018-04-30 18:25:00,18,4,30,18,25,640,445,AVENUE ALFRED NOBEL,43.3083,-0.32949,Plein jour,En agglomération,Hors intersection,Normale,Autre collision,,,,,,,,,,,1,2,1,1.0,6.0
201800030793,0018-05-04 09:05:00,18,5,4,9,5,640,445,BOUL D'ALSACE LORRAINE,43.3028,-0.36161,Plein jour,En agglomération,Autre intersection,Pluie légère,Deux véhicules - côté,,,,,,,,,,,1,2,9,2.0,3.0
201800030794,0018-05-09 18:06:00,18,5,9,18,6,640,348,BOULEVARD DE L'EUROPE,43.3295,-0.38567,Plein jour,En agglomération,Hors intersection,Normale,Deux véhicules - frontale,,,,,,,,,,,1,2,1,1.0,1.0
201800030795,0018-05-10 03:35:00,18,5,10,3,35,640,129,BON ACCUEIL,43.3159,-0.38645,Nuit avec éclairage allumé,En agglomération,Hors intersection,Normale,Autre collision,,,,,,,,,,,5,2,1,1.0,6.0
201800030796,0018-05-10 20:36:00,18,5,10,20,36,640,335,BOULEVARD DE L' EUROPE,43.3375,-0.46122,Plein jour,En agglomération,Hors intersection,Normale,Autre collision,,,,,,,,,,,1,2,1,1.0,6.0
201800030797,0018-05-11 17:19:00,18,5,11,17,19,640,335,MARGUERITE DE NAVARRE,43.3191,-0.4274,Plein jour,En agglomération,Intersection en Y,Normale,Deux véhicules - côté,,,,,,,,,,,1,2,4,1.0,3.0
201800030798,0018-05-14 16:20:00,18,5,14,16,20,640,129,AV DU CHATEAU D'ESTE,43.3061,-0.38776,Plein jour,En agglomération,Hors intersection,Pluie forte,Deux véhicules - côté,,,,,,,,,,,1,2,1,3.0,3.0
201800030799,0018-05-14 16:45:00,18,5,14,16,45,640,445,BOULEVARD OLOF PALME,43.3389,-0.37838,Plein jour,En agglomération,Hors intersection,Pluie forte,Trois véhicules et plus - en chaîne,,,,,,,,,,,1,2,1,3.0,4.0
201800030800,0018-05-15 10:50:00,18,5,15,10,50,640,335,BOULEVARD DE L' EUROPE,43.3299,-0.44735,Plein jour,En agglomération,Hors intersection,Pluie légère,Trois véhicules et plus - en chaîne,,,,,,,,,,,1,2,1,2.0,4.0
201800030801,0018-05-18 15:11:00,18,5,18,15,11,640,445,GASTON LACOSTE,43.2924,-0.36358,Plein jour,En agglomération,Hors intersection,Normale,Deux véhicules - arrière,,,,,,,,,,,1,2,1,1.0,2.0
201800030802,0018-05-18 22:25:00,18,5,18,22,25,640,348,JEAN MERMOZ,43.3209,-0.37905,Nuit avec éclairage allumé,En agglomération,Hors intersection,Normale,Deux véhicules - frontale,,,,,,,,,,,5,2,1,1.0,1.0
201800030803,0018-05-24 19:24:00,18,5,24,19,24,640,445,AV DE L'UNIVERSITE,43.3113,-0.36425,Plein jour,En agglomération,Hors intersection,Normale,Deux véhicules - côté,,,,,,,,,,,1,2,1,1.0,3.0
201800030804,0018-05-29 07:00:00,18,5,29,7,0,640,445,AVENUE GASTON LACOSTE,43.2932,-0.36127,Crépuscule ou aube,En agglomération,Hors intersection,Pluie légère,Deux véhicules - arrière,,,,,,,,,,,2,2,1,2.0,2.0
201800030805,0018-05-30 16:15:00,18,5,30,16,15,640,445,RUE DE LIVRON,43.3005,-0.37959,Plein jour,En agglomération,Hors intersection,Pluie forte,Autre collision,,,,,,,,,,,1,2,1,3.0,6.0
201800030806,0018-05-31 01:00:00,18,5,31,1,0,640,445,AVENUE DES LILAS,43.3048,-0.35246,Nuit avec éclairage non allumé,En agglomération,Intersection en X,Pluie légère,Deux véhicules - arrière,,,,,,,,,,,4,2,2,2.0,2.0
201800030807,0018-05-31 10:35:00,18,5,31,10,35,640,445,BOULEV ALSACE LORRAINE,43.3024,-0.36049,Plein jour,En agglomération,Intersection en T,Temps couvert,Deux véhicules - côté,,,,,,,,,,,1,2,3,8.0,3.0
201800030808,0018-05-31 17:38:00,18,5,31,17,38,640,445,RUE DE LIEGE,43.2992,-0.37499,Plein jour,En agglomération,Hors intersection,Normale,Autre collision,,,,,,,,,,,1,2,1,1.0,6.0
201800030809,0018-06-04 13:45:00,18,6,4,13,45,640,445,ALLEES DU GRAND TOUR,43.2992,-0.37947,Plein jour,En agglomération,Hors intersection,Pluie forte,Deux véhicules - arrière,,,,,,,,,,,1,2,1,3.0,2.0
201800030810,0018-06-05 16:20:00,18,6,5,16,20,640,445,RUE CARNOT,43.2998,-0.37011,Plein jour,En agglomération,Hors intersection,Normale,Autre collision,,,,,,,,,,,1,2,1,1.0,6.0
201800030811,0018-06-06 12:00:00,18,6,6,12,0,640,445,RUE CASTETNAU,43.3004,-0.36525,Plein jour,En agglomération,Intersection en X,Normale,Deux véhicules - frontale,,,,,,,,,,,1,2,2,1.0,1.0
201800030812,0018-06-06 19:15:00,18,6,6,19,15,640,348,MAIL COUBERTIN,43.325,-0.39321,Plein jour,En agglomération,Autre intersection,Normale,Deux véhicules - côté,,,,,,,,,,,1,2,9,1.0,3.0
201800030813,0018-06-06 19:50:00,18,6,6,19,50,640,129,JEAN MERMOZ,43.3164,-0.37824,Plein jour,En agglomération,Hors intersection,Normale,Deux véhicules - côté,,,,,,,,,,,1,2,1,1.0,3.0
201800030814,0018-06-08 11:55:00,18,6,8,11,55,640,445,RUE BERLIOZ,43.3119,-0.34588,Plein jour,En agglomération,Intersection en T,Normale,Deux véhicules - côté,,,,,,,,,,,1,2,3,1.0,3.0
201800030815,0018-06-08 19:10:00,18,6,8,19,10,640,445,YITZHAK RABIN,43.3061,-0.33372,Plein jour,En agglomération,Giratoire,Normale,Deux véhicules - côté,,,,,,,,,,,1,2,6,1.0,3.0
201800030816,0018-06-08 19:45:00,18,6,8,19,45,640,445,RUE DU 14 JUILLET,43.2926,-0.37797,Plein jour,En agglomération,Hors intersection,Normale,Autre collision,,,,,,,,,,,1,2,1,1.0,6.0
201800030817,0018-06-09 10:05:00,18,6,9,10,5,640,445,FRANCOIS MITTERAND,43.3302,-0.35587,Plein jour,En agglomération,Giratoire,Pluie légère,Deux véhicules - côté,,,,,,,,,,,1,2,6,2.0,3.0
201800030818,0018-06-11 08:30:00,18,6,11,8,30,640,348,CHARLES DE GAULLE,43.3084,-0.40805,Plein jour,En agglomération,Hors intersection,Normale,Deux véhicules - arrière,,,,,,,,,,,1,2,1,1.0,2.0
201800030819,0018-06-09 18:34:00,18,6,9,18,34,640,445,RP DU SOUVENIR FRANCAIS,43.3057,-0.37663,Plein jour,En agglomération,Giratoire,Normale,Trois véhicules et plus - en chaîne,,,,,,,,,,,1,2,6,1.0,4.0
201800030820,0018-06-12 17:15:00,18,6,12,17,15,640,445,EUROPE DE L',43.3236,-0.31648,Plein jour,En agglomération,Hors intersection,Pluie légère,Trois véhicules et plus - en chaîne,,,,,,,,,,,1,2,1,2.0,4.0
201800030821,0018-06-13 15:45:00,18,6,13,15,45,640,335,AVENUE DE TARBES,43.3323,-0.424,Plein jour,En agglomération,Hors intersection,Pluie légère,Deux véhicules - arrière,,,,,,,,,,,1,2,1,2.0,2.0
201800030822,0018-06-14 19:10:00,18,6,14,19,10,640,445,LEON DARAN,43.2959,-0.36599,Plein jour,En agglomération,Hors intersection,Pluie légère,Deux véhicules - côté,,,,,,,,,,,1,2,1,2.0,3.0
201800030823,0018-06-20 15:10:00,18,6,20,15,10,640,445,RUE CASTETNAU,43.3008,-0.36135,Plein jour,En agglomération,Hors intersection,Normale,Trois véhicules et plus - en chaîne,,,,,,,,,,,1,2,1,1.0,4.0
201800030824,0018-06-20 16:20:00,18,6,20,16,20,640,445,AVENUE LEON BLUM,43.3233,-0.32572,Plein jour,En agglomération,Giratoire,Normale,Deux véhicules - côté,,,,,,,,,,,1,2,6,1.0,3.0
201800030825,0018-06-21 16:55:00,18,6,21,16,55,640,445,RUE DE CRAONNE,43.3022,-0.36501,Plein jour,En agglomération,Hors intersection,Normale,Deux véhicules - côté,,,,,,,,,,,1,2,1,1.0,3.0