accident_id,datetime,annee,mois,jour,heure,minute,departement,commune_insee,adresse,latitude,longitude,luminosite,agglomeration,intersection,meteo,collision,nb_vehicules,nb_usagers,nb_indemnes,nb_tues,nb_blesses_hosp,nb_blesses_legers,age_cond_1,age_cond_2,veh_type_cond_1,veh_type_cond_2,lum_code,agg_code,int_code,atm_code,col_code
201800031067,0018-10-04 17:25:00,18,10,4,17,25,640,249,AVENUE GETARIA,43.423,-1.60517,Plein jour,En agglomération,Hors intersection,Normale,Deux véhicules - arrière,,,,,,,,,,,1,2,1,1.0,2.0
201800031068,0018-10-05 10:45:00,18,10,5,10,45,640,483,AVENUE ANDRE ITHURRALDE,43.3967,-1.64535,Plein jour,En agglomération,Hors intersection,Normale,Trois véhicules et plus - en chaîne,,,,,,,,,,,1,2,1,1.0,4.0
201800031069,0018-10-05 18:50:00,18,10,5,18,50,640,545,RD810,43.3598,-1.72726,Plein jour,En agglomération,Hors intersection,Temps éblouissant,Deux véhicules - arrière,,,,,,,,,,,1,2,1,7.0,2.0
201800031070,0018-10-05 19:05:00,18,10,5,19,5,640,130,ROUTE DE KURLEKU,43.3418,-1.72871,Plein jour,Hors agglomération,Hors intersection,Normale,Deux véhicules - frontale,,,,,,,,,,,1,1,1,1.0,1.0
201800031071,0018-10-08 08:15:00,18,10,8,8,15,640,545,ROUTE DE LA CORNICHE,43.3859,-1.71679,Plein jour,Hors agglomération,Hors intersection,Normale,Trois véhicules et plus - en chaîne,,,,,,,,,,,1,1,1,1.0,4.0
201800031072,0018-10-08 10:05:00,18,10,8,10,5,640,483,A BERNARD JAUREGUIBERRY,43.3871,-1.65897,Plein jour,En agglomération,Intersection en X,Temps éblouissant,Deux véhicules - frontale,,,,,,,,,,,1,2,2,7.0,1.0
201800031073,0018-10-09 14:48:00,18,10,9,14,48,640,545,CHEMIN D'AGORRETA,43.3746,-1.68628,Plein jour,Hors agglomération,Hors intersection,Normale,Autre collision,,,,,,,,,,,1,1,1,1.0,6.0
201800031074,0018-10-11 16:55:00,18,10,11,16,55,640,545,RD810,43.3653,-1.68875,Plein jour,Hors agglomération,Hors intersection,Normale,Trois véhicules et plus - en chaîne,,,,,,,,,,,1,1,1,1.0,4.0
201800031075,0018-10-15 17:55:00,18,10,15,17,55,640,483,AVENUE DE LAYATS,43.3963,-1.64024,Plein jour,En agglomération,Hors intersection,Normale,Autre collision,,,,,,,,,,,1,2,1,1.0,6.0
201800031076,0018-10-27 11:35:00,18,10,27,11,35,640,545,ROUTE DE LA CORNICHE,43.3805,-1.73232,Plein jour,Hors agglomération,Hors intersection,Pluie légère,Sans collision,,,,,,,,,,,1,1,1,2.0,7.0
201800031077,0018-10-31 14:50:00,18,10,31,14,50,640,483,ITHURRALDE ANDRE (AVENUE,43.3948,-1.64886,Plein jour,En agglomération,Hors intersection,Pluie légère,Trois véhicules et plus - en chaîne,,,,,,,,,,,1,2,1,2.0,4.0
201800031078,0018-11-03 14:00:00,18,11,3,14,0,640,483,AV DU COL JEAN COULOMME,43.3951,-1.6425,Plein jour,En agglomération,Hors intersection,Normale,Deux véhicules - côté,,,,,,,,,,,1,2,1,1.0,3.0
201800031079,0018-11-07 18:23:00,18,11,7,18,23,640,260,AVENUE D' ESPAGNE,43.3503,-1.78348,Nuit avec éclairage allumé,En agglomération,Hors intersection,Pluie légère,Autre collision,,,,,,,,,,,5,2,1,2.0,6.0
201800031080,0018-11-16 16:30:00,18,11,16,16,30,640,260,BOUL GENERAL DE GAULE,43.3527,-1.78172,Plein jour,En agglomération,Hors intersection,Normale,Deux véhicules - arrière,,,,,,,,,,,1,2,1,1.0,2.0
201800031081,0018-11-24 11:05:00,18,11,24,11,5,640,545,ROUTE DE LA CORNICHE,43.3868,-1.71312,Plein jour,Hors agglomération,Hors intersection,Normale,Sans collision,,,,,,,,,,,1,1,1,1.0,7.0
201800031082,0018-12-01 19:10:00,18,12,1,19,10,640,483,RD 810,43.4048,-1.63127,Nuit sans éclairage public,En agglomération,Hors intersection,Pluie légère,Deux véhicules - côté,,,,,,,,,,,3,2,1,2.0,3.0
201800031083,0018-12-02 18:30:00,18,12,2,18,30,640,483,AVENUE ANDRE ITHURRALDE,43.3968,-1.64539,Nuit avec éclairage allumé,En agglomération,Hors intersection,Normale,Deux véhicules - frontale,,,,,,,,,,,5,2,1,1.0,1.0
201800031084,0018-12-02 18:38:00,18,12,2,18,38,640,483,AVENUE DE CHANTACO,43.3825,-1.64955,Nuit avec éclairage allumé,En agglomération,Hors intersection,Normale,Deux véhicules - côté,,,,,,,,,,,5,2,1,1.0,3.0
201800031085,0018-12-07 18:25:00,18,12,7,18,25,640,483,AVENUE DE CHANTACO,43.372,-1.63801,Nuit sans éclairage public,Hors agglomération,Hors intersection,Pluie forte,Deux véhicules - côté,,,,,,,,,,,3,1,1,3.0,3.0
201800031086,0018-12-10 14:50:00,18,12,10,14,50,640,545,CHEMIN DE TOMASENEA,43.3439,-1.70594,Plein jour,Hors agglomération,Hors intersection,Normale,Autre collision,,,,,,,,,,,1,1,1,1.0,6.0
201800031087,0018-12-10 07:15:00,18,12,10,7,15,640,260,BOULEVARD DE EMPEREUR,43.3623,-1.76191,Nuit avec éclairage allumé,En agglomération,Intersection en T,Normale,Deux véhicules - côté,,,,,,,,,,,5,2,3,1.0,3.0
201800031088,0018-12-12 08:25:00,18,12,12,8,25,640,260,ACCES PONT ST JACQUES,43.3503,-1.78346,Nuit avec éclairage allumé,En agglomération,Hors intersection,Pluie légère,Autre collision,,,,,,,,,,,5,2,1,2.0,6.0
201800031089,0018-12-15 16:30:00,18,12,15,16,30,640,249,RD810,43.4178,-1.60859,Plein jour,Hors agglomération,Hors intersection,Normale,Autre collision,,,,,,,,,,,1,1,1,1.0,6.0
201800031090,0018-12-13 01:20:00,18,12,13,1,20,640,545,RD 810,43.3619,-1.71734,Nuit avec éclairage allumé,En agglomération,Hors intersection,Normale,Deux véhicules - frontale,,,,,,,,,,,5,2,1,1.0,1.0
201800031091,0018-12-20 21:30:00,18,12,20,21,30,640,189,AVENUE JEAN JAURES,43.3806,-1.6685,Nuit avec éclairage allumé,En agglomération,Hors intersection,Normale,Deux véhicules - arrière,,,,,,,,,,,5,2,1,1.0,2.0
201800031092,0018-12-21 17:10:00,18,12,21,17,10,640,483,AVENUE ANDRE ITHURRALDE,43.3998,-1.64013,Plein jour,En agglomération,Hors intersection,Normale,Deux véhicules - arrière,,,,,,,,,,,1,2,1,1.0,2.0
201800031093,0018-12-25 15:15:00,18,12,25,15,15,640,545,RUE PAUL GELOS,43.3784,-1.67086,Plein jour,En agglomération,Hors intersection,Normale,Deux véhicules - côté,,,,,,,,,,,1,2,1,1.0,3.0
201800031094,0018-01-02 12:05:00,18,1,2,12,5,650,286,"0, JEAN PRAT(AVENUE)",43.10938,-0.06989,Plein jour,En agglomération,Intersection en T,Pluie forte,Trois véhicules et plus - en chaîne,,,,,,,,,,,1,2,3,3.0,4.0
201800031095,0018-01-10 14:45:00,18,1,10,14,45,650,286,7 place du CHAMP COMMUN,43.09385,-0.04629,Plein jour,En agglomération,Hors intersection,Normale,Autre collision,,,,,,,,,,,1,2,1,1.0,6.0
201800031096,0018-02-01 14:15:00,18,2,1,14,15,650,286,"0, LAGARDERE (AVENUE FRA",43.08355,-0.04582,Plein jour,En agglomération,Hors intersection,Pluie légère,Deux véhicules - côté,,,,,,,,,,,1,2,1,2.0,3.0
201800031097,0018-02-20 20:00:00,18,2,20,20,0,650,286,"68, MARQUI (AVENUE ALEXA",43.10407,-0.04235,Nuit avec éclairage allumé,En agglomération,Hors intersection,Pluie légère,Deux véhicules - arrière,,,,,,,,,,,5,2,1,2.0,2.0
201800031098,0018-06-15 13:25:00,18,6,15,13,25,650,286,ESPAGNE (BOULEVARD D'),43.08946,-0.04281,Plein jour,En agglomération,Autre intersection,Normale,Autre collision,,,,,,,,,,,1,2,9,1.0,6.0
201800031099,0018-06-25 17:25:00,18,6,25,17,25,650,286,ESPAGNE (BOULEVARD D'),43.09279,-0.03999,Plein jour,En agglomération,Hors intersection,Normale,Autre collision,,,,,,,,,,,1,2,1,1.0,6.0
201800031100,0018-07-12 10:23:00,18,7,12,10,23,650,286,BASSE (RUE),43.09684,-0.04667,Plein jour,En agglomération,Hors intersection,Normale,Autre collision,,,,,,,,,,,1,2,1,1.0,6.0
201800031101,0018-08-08 16:15:00,18,8,8,16,15,650,286,PAU (ROUTE DE),43.10048,-0.06464,Plein jour,En agglomération,Hors intersection,Normale,Autre collision,,,,,,,,,,,1,2,1,1.0,6.0
201800031102,0018-08-22 18:07:00,18,8,22,18,7,650,286,ABADIE (Avenue Franois),43.11198,-0.03596,Plein jour,En agglomération,Hors intersection,Normale,Deux véhicules - côté,,,,,,,,,,,1,2,1,1.0,3.0
201800031103,0018-08-28 11:35:00,18,8,28,11,35,650,286,MARQUI (AVENUE ALEXANDRE,43.10441,-0.04194,Plein jour,En agglomération,Intersection en T,Normale,Deux véhicules - arrière,,,,,,,,,,,1,2,3,1.0,2.0
201800031104,0018-09-26 10:48:00,18,9,26,10,48,650,286,VIZENS (AVENUE DE),43.09914,-0.07663,Plein jour,En agglomération,Intersection en T,Normale,Deux véhicules - côté,,,,,,,,,,,1,2,3,1.0,3.0
201800031105,0018-11-28 10:55:00,18,11,28,10,55,650,286,ESPAGNE (BOULEVARD D'),43.08546,-0.04368,Plein jour,En agglomération,Hors intersection,Normale,Autre collision,,,,,,,,,,,1,2,1,1.0,6.0
201800031106,0018-11-28 18:30:00,18,11,28,18,30,650,286,FOCH (AVENUE MARECHAL),43.09059,-0.04613,Nuit avec éclairage allumé,En agglomération,Hors intersection,Normale,Deux véhicules - arrière,,,,,,,,,,,5,2,1,1.0,2.0
201800031107,0018-12-22 13:15:00,18,12,22,13,15,650,286,DUPIERRIS (BOULEVARD GEO,43.08862,-0.0492,Plein jour,En agglomération,Hors intersection,Normale,Deux véhicules - côté,,,,,,,,,,,1,2,1,1.0,3.0
201800031108,0018-12-24 15:20:00,18,12,24,15,20,650,286,ROUTE NATIONALE 21,43.117,-0.03222,Plein jour,Hors agglomération,Hors intersection,Normale,Deux véhicules - arrière,,,,,,,,,,,1,1,1,1.0,2.0
201800031109,0018-12-27 15:20:00,18,12,27,15,20,650,286,MARQUI (AVENUE ALEXANDRE,43.10216,-0.04371,Plein jour,En agglomération,Hors intersection,Temps éblouissant,Autre collision,,,,,,,,,,,1,2,1,7.0,6.0
201800031110,0018-01-14 05:10:00,18,1,14,5,10,650,440,"108, MARQUES (RUE FRANCO",43.23165,0.04595,Nuit sans éclairage public,En agglomération,Hors intersection,Pluie légère,Autre collision,,,,,,,,,,,3,2,1,2.0,6.0
201800031111,0018-01-28 18:15:00,18,1,28,18,15,650,440,"., LATTRE DE TASSIGNY(BO",43.22801,0.05645,Crépuscule ou aube,En agglomération,Intersection en X,Normale,Deux véhicules - côté,,,,,,,,,,,2,2,2,1.0,3.0
201800031112,0018-02-07 14:55:00,18,2,7,14,55,650,417,"4, GAUTIER (RUE TEOPHILE",43.23034,0.10558,Plein jour,En agglomération,Intersection en X,Normale,Deux véhicules - côté,,,,,,,,,,,1,2,2,1.0,3.0
201800031113,0018-03-05 18:18:00,18,3,5,18,18,650,440,ARDENNES (BOULEVARD DES),43.2496,0.0719,Plein jour,En agglomération,Hors intersection,Normale,Autre collision,,,,,,,,,,,1,2,1,1.0,6.0
201800031114,0018-05-25 15:40:00,18,5,25,15,40,650,440,DIDEROT (RUE),43.24537,0.07436,Plein jour,En agglomération,Intersection en X,Normale,Deux véhicules - côté,,,,,,,,,,,1,2,2,1.0,3.0
201800031115,0018-06-05 16:00:00,18,6,5,16,0,650,440,CORPS FRANC POMMIES (IMP,43.2359,0.0606,Plein jour,En agglomération,Hors intersection,Normale,Deux véhicules - côté,,,,,,,,,,,1,2,1,1.0,3.0
201800031116,0018-06-09 01:07:00,18,6,9,1,7,650,440,LACAUSSADE (BOULEVARD),43.23325,0.0546,Nuit avec éclairage allumé,En agglomération,Hors intersection,Normale,Deux véhicules - côté,,,,,,,,,,,5,2,1,1.0,3.0
201800031117,0018-06-17 03:19:00,18,6,17,3,19,650,433,MAUMUS (RUE JEAN),43.2035,0.08778,Nuit sans éclairage public,Hors agglomération,Hors intersection,Normale,Autre collision,,,,,,,,,,,3,1,1,1.0,6.0
201800031118,0018-06-26 09:30:00,18,6,26,9,30,650,417,MITTERRAND (AVENUE FRANC,43.23279,0.09236,Plein jour,En agglomération,Hors intersection,Temps éblouissant,Autre collision,,,,,,,,,,,1,2,1,7.0,6.0
201800031119,0018-06-29 15:15:00,18,6,29,15,15,650,440,BOIS (PLACE AU),43.2297,0.0802,Plein jour,En agglomération,Autre intersection,Normale,Autre collision,,,,,,,,,,,1,2,9,1.0,6.0
201800031120,0018-07-04 18:10:00,18,7,4,18,10,650,440,BRIAND (AVENUE ARISTIDE),43.2209,0.0607,Plein jour,En agglomération,Giratoire,Normale,Trois véhicules et plus - collisions multiples,,,,,,,,,,,1,2,6,1.0,5.0
201800031121,0018-07-06 20:30:00,18,7,6,20,30,650,440,BASTILLAC (ROND POINT),43.22958,0.04405,Plein jour,En agglomération,Hors intersection,Normale,Autre collision,,,,,,,,,,,1,2,1,1.0,6.0
201800031122,0018-07-15 00:10:00,18,7,15,0,10,650,433,MAUMUS (RUE JEAN),43.2042,0.0969,Nuit avec éclairage allumé,En agglomération,Hors intersection,Pluie forte,Autre collision,,,,,,,,,,,5,2,1,3.0,6.0
201800031123,0018-07-18 09:30:00,18,7,18,9,30,650,440,JOFFRE (AVENUE DU MARECH,43.2394,0.0687,Plein jour,En agglomération,Hors intersection,Normale,Deux véhicules - frontale,,,,,,,,,,,1,2,1,1.0,1.0
201800031124,0018-07-23 22:55:00,18,7,23,22,55,650,440,ALSACE LORRAINE (AVENUE),43.24961,0.0728,Nuit avec éclairage allumé,En agglomération,Intersection en X,Normale,Deux véhicules - côté,,,,,,,,,,,5,2,2,1.0,3.0
201800031125,0018-07-28 22:50:00,18,7,28,22,50,650,440,HARMONIE (RUE DE L'),43.23194,0.07236,Nuit avec éclairage allumé,En agglomération,Intersection à plus de 4 branches,Normale,Deux véhicules - frontale,,,,,,,,,,,5,2,5,1.0,1.0
201800031126,0018-08-02 11:10:00,18,8,2,11,10,650,440,HOCHE (AVENUE),43.22983,0.08581,Plein jour,En agglomération,Hors intersection,Normale,Trois véhicules et plus - en chaîne,,,,,,,,,,,1,2,1,1.0,4.0
201800031127,0018-08-07 10:30:00,18,8,7,10,30,650,440,MAQUIS DE PAYOLLE (RUE D,43.2219,0.0847,Plein jour,En agglomération,Intersection en T,Normale,Deux véhicules - côté,,,,,,,,,,,1,2,3,1.0,3.0
201800031128,0018-09-19 19:15:00,18,9,19,19,15,650,440,SEPTEMBRE (RUE DU IV),43.2288,0.0831,Plein jour,En agglomération,Intersection en X,Normale,Deux véhicules - côté,,,,,,,,,,,1,2,2,1.0,3.0
201800031129,0018-09-25 10:45:00,18,9,25,10,45,650,47,JAURES (AVE JEAN),43.234,0.0921,Plein jour,En agglomération,Intersection en T,Normale,Deux véhicules - côté,,,,,,,,,,,1,2,3,1.0,3.0
201800031130,0018-10-01 07:22:00,18,10,1,7,22,650,440,CORPS FRANC POMMIES (RUE,43.23682,0.05267,Crépuscule ou aube,En agglomération,Intersection en T,Normale,Deux véhicules - frontale,,,,,,,,,,,2,2,3,1.0,1.0
201800031131,0018-10-03 10:20:00,18,10,3,10,20,650,440,VERDUN (PLACE DE),43.2337,0.07391,Plein jour,En agglomération,Hors intersection,Normale,Autre collision,,,,,,,,,,,1,2,1,1.0,6.0
201800031132,0018-10-03 19:10:00,18,10,3,19,10,650,440,ALSACE LORRAINE (AVENUE),43.24111,0.07367,Plein jour,En agglomération,Hors intersection,Normale,Deux véhicules - arrière,,,,,,,,,,,1,2,1,1.0,2.0
201800031133,0018-10-07 05:05:00,18,10,7,5,5,650,440,ALSACE LORRAINE (AVENUE),43.2605,0.0718,Nuit sans éclairage public,En agglomération,Hors intersection,Normale,Autre collision,,,,,,,,,,,3,2,1,1.0,6.0
201800031134,0018-10-14 04:45:00,18,10,14,4,45,650,440,FORGES (AVENUE DES),43.2401,0.0818,Nuit sans éclairage public,En agglomération,Hors intersection,Pluie légère,Autre collision,,,,,,,,,,,3,2,1,2.0,6.0
201800031135,0018-10-20 19:49:00,18,10,20,19,49,650,100,BORDEAUX (ROUTE DE) CD 9,43.26433,0.07138,Nuit sans éclairage public,Hors agglomération,Hors intersection,Normale,Deux véhicules - frontale,,,,,,,,,,,3,1,1,1.0,1.0
201800031136,0018-10-23 17:30:00,18,10,23,17,30,650,226,OURSBELILLE (ROUTE D'),43.2526,0.0224,Plein jour,Hors agglomération,Autre intersection,Normale,Deux véhicules - arrière,,,,,,,,,,,1,1,9,1.0,2.0
201800031137,0018-11-06 21:54:00,18,11,6,21,54,650,440,AMPERE (RUE),43.223,0.0884,Nuit avec éclairage allumé,En agglomération,Hors intersection,Temps couvert,Deux véhicules - frontale,,,,,,,,,,,5,2,1,8.0,1.0
201800031138,0018-11-10 02:00:00,18,11,10,2,0,650,440,FOURCADE (RUE ANDRE),43.2357,0.0779,Nuit avec éclairage allumé,En agglomération,Intersection en X,Normale,Deux véhicules - côté,,,,,,,,,,,5,2,2,1.0,3.0
201800031139,0018-11-17 11:33:00,18,11,17,11,33,650,440,REGIMENT DE BIGORRE (AVE,43.23077,0.07034,Plein jour,En agglomération,Intersection en Y,Normale,Autre collision,,,,,,,,,,,1,2,4,1.0,6.0
201800031140,0018-11-24 14:00:00,18,11,24,14,0,650,440,CARREROTS (CR DIT DE),43.2491,0.0655,Plein jour,En agglomération,Intersection en X,Normale,Deux véhicules - côté,,,,,,,,,,,1,2,2,1.0,3.0
201800031141,0018-11-25 10:51:00,18,11,25,10,51,650,440,HENRI IV (BOULEVARD),43.23342,0.05995,Plein jour,En agglomération,Hors intersection,Temps couvert,Autre collision,,,,,,,,,,,1,2,1,8.0,6.0
201800031142,0018-11-28 19:20:00,18,11,28,19,20,650,440,ALSACE LORRAINE (AVENUE),43.24461,0.07335,Nuit avec éclairage allumé,En agglomération,Intersection en X,Normale,Autre collision,,,,,,,,,,,5,2,2,1.0,6.0
201800031143,0018-11-24 06:15:00,18,11,24,6,15,650,417,MITTERRAND (AVENUE FRANC,43.2259,0.0998,Nuit avec éclairage allumé,En agglomération,Hors intersection,Normale,Autre collision,,,,,,,,,,,5,2,1,1.0,6.0
201800031144,0018-12-19 00:04:00,18,12,19,0,4,650,226,PAU (ROUTE DE),43.2399,-0.0238,Nuit sans éclairage public,Hors agglomération,Hors intersection,Normale,Autre collision,,,,,,,,,,,3,1,1,1.0,6.0
201800031145,0018-01-01 16:15:00,18,1,1,16,15,90,167,D 626 LES MOTTES,43.27235,1.32651,Plein jour,Hors agglomération,Hors intersection,Vent fort / tempête,Autre collision,,,,,,,,,,,1,1,1,6.0,6.0
201800031146,0018-02-15 19:05:00,18,2,15,19,5,90,123,d 628,43.17113,1.26169,Nuit sans éclairage public,Hors agglomération,Hors intersection,Normale,Autre collision,,,,,,,,,,,3,1,1,1.0,6.0
201800031147,0018-03-06 09:40:00,18,3,6,9,40,90,167,le casteras,43.29005,1.34334,Plein jour,Hors agglomération,Hors intersection,Normale,Deux véhicules - arrière,,,,,,,,,,,1,1,1,1.0,2.0
201800031148,0018-05-14 17:30:00,18,5,14,17,30,90,167,RD 919,43.30328,1.33292,Plein jour,Hors agglomération,Hors intersection,Pluie légère,Deux véhicules - frontale,,,,,,,,,,,1,1,1,2.0,1.0
201800031149,0018-05-27 17:50:00,18,5,27,17,50,90,124,D 14 PR 26,43.18231,1.45055,Plein jour,Hors agglomération,Hors intersection,Normale,Deux véhicules - frontale,,,,,,,,,,,1,1,1,1.0,1.0
201800031150,0018-05-28 13:30:00,18,5,28,13,30,90,342,RD 919,43.20286,1.38748,Plein jour,Hors agglomération,Hors intersection,Temps couvert,Sans collision,,,,,,,,,,,1,1,1,8.0,7.0
201800031151,0018-06-26 10:00:00,18,6,26,10,0,90,75,D628 ROND POINT Avenue d,43.12813,1.33872,Plein jour,En agglomération,Giratoire,Normale,Sans collision,,,,,,,,,,,1,2,6,1.0,7.0
201800031152,0018-07-27 17:15:00,18,7,27,17,15,90,19,route de Toulouse D919,43.1431,1.43495,Plein jour,Hors agglomération,Hors intersection,Normale,Deux véhicules - côté,,,,,,,,,,,1,1,1,1.0,3.0
201800031153,0018-08-20 18:00:00,18,8,20,18,0,90,167,"Lieu dit "" Ferrery d'en",43.3048,1.33161,Plein jour,Hors agglomération,Hors intersection,Normale,Deux véhicules - côté,,,,,,,,,,,1,1,1,1.0,3.0
201800031154,0018-08-30 12:25:00,18,8,30,12,25,90,79,D14,43.14092,1.35054,Plein jour,Hors agglomération,Hors intersection,Normale,Autre collision,,,,,,,,,,,1,1,1,1.0,6.0
201800031155,0018-09-13 13:50:00,18,9,13,13,50,90,19,lieu-dit Fourteau,43.12797,1.44181,Plein jour,Hors agglomération,Hors intersection,Normale,Autre collision,,,,,,,,,,,1,1,1,1.0,6.0
201800031156,0018-09-30 14:00:00,18,9,30,14,0,90,342,D919,43.20923,1.38292,Plein jour,Hors agglomération,Hors intersection,Normale,Deux véhicules - frontale,,,,,,,,,,,1,1,1,1.0,1.0
201800031157,0018-10-21 22:00:00,18,10,21,22,0,90,97,D119,43.03344,1.29774,Nuit sans éclairage public,Hors agglomération,Hors intersection,Normale,Deux véhicules - côté,,,,,,,,,,,3,1,1,1.0,3.0
201800031158,0018-11-03 12:30:00,18,11,3,12,30,90,105,RD 628 Rue du Barry,43.14395,1.30724,Plein jour,En agglomération,Hors intersection,Normale,Autre collision,,,,,,,,,,,1,2,1,1.0,6.0
201800031159,0018-04-15 16:20:00,18,4,15,16,20,730,85,Route de Portout,45.80678,5.82374,Plein jour,Hors agglomération,Hors intersection,Normale,Sans collision,,,,,,,,,,,1,1,1,1.0,7.0
201800031160,0018-04-21 15:15:00,18,4,21,15,15,730,180,cd 991,45.91895,5.84474,Plein jour,Hors agglomération,Intersection en X,Normale,Deux véhicules - côté,,,,,,,,,,,1,1,2,1.0,3.0
201800031161,0018-05-12 12:15:00,18,5,12,12,15,730,149,Route du Haut Rhone,45.75764,5.78619,Plein jour,Hors agglomération,Hors intersection,Normale,Sans collision,,,,,,,,,,,1,1,1,1.0,7.0
201800031162,0018-05-27 08:35:00,18,5,27,8,35,730,299,le Cornet,45.66555,5.76223,Plein jour,Hors agglomération,Hors intersection,Normale,Deux véhicules - frontale,,,,,,,,,,,1,1,1,1.0,1.0
201800031163,0018-06-25 08:15:00,18,6,25,8,15,730,286,le Platet,45.89673,5.84869,Plein jour,Hors agglomération,Hors intersection,Normale,Deux véhicules - frontale,,,,,,,,,,,1,1,1,1.0,1.0
201800031164,0018-06-27 17:00:00,18,6,27,17,0,730,245,"lieu dit ""Au Grand Terre",45.71285,5.83359,Plein jour,Hors agglomération,Hors intersection,Normale,Sans collision,,,,,,,,,,,1,1,1,1.0,7.0
201800031165,0018-07-02 13:20:00,18,7,2,13,20,730,286,route de lapeyrouse,45.88255,5.84468,Plein jour,En agglomération,Intersection en Y,Normale,Deux véhicules - frontale,,,,,,,,,,,1,2,4,1.0,1.0
201800031166,0018-07-18 08:20:00,18,7,18,8,20,730,218,d904,45.85071,5.83413,Plein jour,Hors agglomération,Hors intersection,Normale,Deux véhicules - arrière,,,,,,,,,,,1,1,1,1.0,2.0
201800031167,0018-09-09 10:30:00,18,9,9,10,30,730,218,départementale 991,45.85719,5.84072,Plein jour,Hors agglomération,Hors intersection,Normale,Trois véhicules et plus - en chaîne,,,,,,,,,,,1,1,1,1.0,4.0
201800031168,0018-12-16 17:40:00,18,12,16,17,40,730,149,RD921,45.74951,5.79031,Nuit sans éclairage public,Hors agglomération,Hors intersection,Normale,Autre collision,,,,,,,,,,,3,1,1,1.0,6.0
201800031169,0018-01-03 11:15:00,18,1,3,11,15,660,136,Av.joseph Rous,42.70036,2.88668,Plein jour,En agglomération,Hors intersection,Normale,Autre collision,,,,,,,,,,,1,2,1,1.0,6.0
201800031170,0018-01-03 16:45:00,18,1,3,16,45,660,136,"189, TORREILLES (AV DU D",42.69034,2.87269,Plein jour,En agglomération,Hors intersection,Normale,Autre collision,,,,,,,,,,,1,2,1,1.0,6.0
201800031171,0018-01-07 20:30:00,18,1,7,20,30,660,136,"129, JOFFRE (AVENUE DU M",42.71185,2.88968,Nuit avec éclairage allumé,En agglomération,Hors intersection,Pluie forte,Autre collision,,,,,,,,,,,5,2,1,3.0,6.0
201800031172,0018-01-08 07:50:00,18,1,8,7,50,660,136,"., AGASSE PASCAL MARIE",42.6942,2.87153,Crépuscule ou aube,En agglomération,Intersection en T,Pluie légère,Deux véhicules - côté,,,,,,,,,,,2,2,3,2.0,3.0
201800031173,0018-01-09 12:55:00,18,1,9,12,55,660,136,"10, JULIEN PANCHOT (AVEN",42.69372,2.88737,Plein jour,En agglomération,Intersection en T,Normale,Deux véhicules - côté,,,,,,,,,,,1,2,3,1.0,3.0
201800031174,0018-01-09 14:59:00,18,1,9,14,59,660,136,"., NEGUEBOUS (CHEMIN DE)",42.70738,2.88204,Plein jour,En agglomération,Hors intersection,Normale,Sans collision,,,,,,,,,,,1,2,1,1.0,7.0
201800031175,0018-01-12 11:30:00,18,1,12,11,30,660,136,JULIEN PANCHOT (AVENUE),42.69116,2.88186,Plein jour,En agglomération,Hors intersection,Normale,Autre collision,,,,,,,,,,,1,2,1,1.0,6.0
201800031176,0018-01-15 10:50:00,18,1,15,10,50,660,136,"124, DALBIEZ (AVENUE VIC",42.68366,2.88194,Plein jour,En agglomération,Hors intersection,Normale,Autre collision,,,,,,,,,,,1,2,1,1.0,6.0
201800031177,0018-01-14 18:00:00,18,1,14,18,0,660,136,"., COPENHAGUE (ROND POIN",42.69121,2.85199,Nuit avec éclairage allumé,Hors agglomération,Hors intersection,Pluie légère,Autre collision,,,,,,,,,,,5,1,1,2.0,6.0
201800031178,0018-01-16 15:50:00,18,1,16,15,50,660,136,R D 900,42.70162,2.88574,Plein jour,En agglomération,Hors intersection,Normale,Autre collision,,,,,,,,,,,1,2,1,1.0,6.0
201800031179,0018-01-17 17:50:00,18,1,17,17,50,660,136,"., GAUGUIN (AVENUE PAUL)",42.7164,2.89072,Plein jour,En agglomération,Hors intersection,Normale,Autre collision,,,,,,,,,,,1,2,1,1.0,6.0
201800031180,0018-01-25 13:20:00,18,1,25,13,20,660,136,ROUGET-DE-L'ISLE (CLAUDE,42.70063,2.89258,Plein jour,En agglomération,Hors intersection,Normale,Autre collision,,,,,,,,,,,1,2,1,1.0,6.0
201800031181,0018-01-30 07:40:00,18,1,30,7,40,660,136,,42.68258,2.87661,Plein jour,Hors agglomération,Hors intersection,Normale,Trois véhicules et plus - collisions multiples,,,,,,,,,,,1,1,1,1.0,5.0
201800031182,0018-01-30 19:00:00,18,1,30,19,0,660,136,"., SAINT CHARLES (ROCADE",42.67208,2.85724,Nuit sans éclairage public,En agglomération,Hors intersection,Normale,Autre collision,,,,,,,,,,,3,2,1,1.0,6.0
201800031183,0018-02-02 17:46:00,18,2,2,17,46,660,136,SAINT-ASSISCLE (BOULEVAR,42.6911,2.8754,Crépuscule ou aube,En agglomération,Hors intersection,Pluie légère,Autre collision,,,,,,,,,,,2,2,1,2.0,6.0
201800031184,0018-02-03 19:25:00,18,2,3,19,25,660,136,ARGELES SUR MER AVENUE D,42.6835,2.9093,Nuit avec éclairage allumé,En agglomération,Hors intersection,Pluie légère,Autre collision,,,,,,,,,,,5,2,1,2.0,6.0
201800031185,0018-02-05 08:30:00,18,2,5,8,30,660,136,"58, MERCADER (BOULEVARD",42.69261,2.89181,Plein jour,En agglomération,Hors intersection,Pluie légère,Deux véhicules - arrière,,,,,,,,,,,1,2,1,2.0,2.0