accident_id,datetime,annee,mois,jour,heure,minute,departement,commune_insee,adresse,latitude,longitude,luminosite,agglomeration,intersection,meteo,collision,nb_vehicules,nb_usagers,nb_indemnes,nb_tues,nb_blesses_hosp,nb_blesses_legers,age_cond_1,age_cond_2,veh_type_cond_1,veh_type_cond_2,lum_code,agg_code,int_code,atm_code,col_code
201800031186,0018-02-07 16:10:00,18,2,7,16,10,660,136,R D 900,42.6738,2.8623,Plein jour,Hors agglomération,Hors intersection,Normale,Trois véhicules et plus - en chaîne,,,,,,,,,,,1,1,1,1.0,4.0
201800031187,0018-02-08 18:10:00,18,2,8,18,10,660,136,SAINT-ROCH (CHEMIN DE),42.6886,2.9101,Plein jour,En agglomération,Hors intersection,Normale,Deux véhicules - côté,,,,,,,,,,,1,2,1,1.0,3.0
201800031188,0018-02-08 16:56:00,18,2,8,16,56,660,136,MAUREILLAS (DE),42.6912,2.8897,Plein jour,En agglomération,Hors intersection,Normale,Deux véhicules - arrière,,,,,,,,,,,1,2,1,1.0,2.0
201800031189,0018-02-09 08:50:00,18,2,9,8,50,660,136,"27, KENNEDY (BD JOHN-FIT",42.68801,2.90504,Plein jour,En agglomération,Hors intersection,Normale,Autre collision,,,,,,,,,,,1,2,1,1.0,6.0
201800031190,0018-02-10 13:52:00,18,2,10,13,52,660,136,MAS-DONAT (DU),42.70916,2.90583,Plein jour,Hors agglomération,Hors intersection,Normale,Deux véhicules - côté,,,,,,,,,,,1,1,1,1.0,3.0
201800031191,0018-02-12 07:50:00,18,2,12,7,50,660,136,"., CLAIR (RENE)",42.69403,2.93593,Plein jour,En agglomération,Hors intersection,Normale,Autre collision,,,,,,,,,,,1,2,1,1.0,6.0
201800031192,0018-02-13 20:25:00,18,2,13,20,25,660,136,"., JEAN JACQUES ROCADE",42.6996,2.90866,Nuit sans éclairage public,Hors agglomération,Hors intersection,Normale,Deux véhicules - frontale,,,,,,,,,,,3,1,1,1.0,1.0
201800031193,0018-02-15 10:15:00,18,2,15,10,15,660,136,R D 900,42.6587,2.8829,Plein jour,Hors agglomération,Hors intersection,Normale,Deux véhicules - frontale,,,,,,,,,,,1,1,1,1.0,1.0
201800031194,0018-02-16 23:30:00,18,2,16,23,30,660,136,"132, LANGUEDOC (AVENUE D",42.735,2.8902,Nuit avec éclairage allumé,En agglomération,Hors intersection,Normale,Deux véhicules - frontale,,,,,,,,,,,5,2,1,1.0,1.0
201800031195,0018-02-20 16:45:00,18,2,20,16,45,660,136,ARCADES (RD POINT),42.674,2.8882,Plein jour,Hors agglomération,Giratoire,Normale,Deux véhicules - côté,,,,,,,,,,,1,1,6,1.0,3.0
201800031196,0018-02-21 12:07:00,18,2,21,12,7,660,136,DALBIEZ (AVENUE VICTOR),42.6836,2.8835,Plein jour,En agglomération,Hors intersection,Normale,Deux véhicules - arrière,,,,,,,,,,,1,2,1,1.0,2.0
201800031197,0018-02-22 12:48:00,18,2,22,12,48,660,136,POUSSIN (NICOLAS),42.6915,2.891,Plein jour,En agglomération,Hors intersection,Normale,Deux véhicules - côté,,,,,,,,,,,1,2,1,1.0,3.0
201800031198,0018-02-28 16:20:00,18,2,28,16,20,660,136,"10, ROC-DU-MIDI (DU)",42.69145,2.88919,Plein jour,En agglomération,Hors intersection,Normale,Autre collision,,,,,,,,,,,1,2,1,1.0,6.0
201800031199,0018-03-01 12:50:00,18,3,1,12,50,660,136,"28, POINCARE (BOULEVARD",42.69131,2.89533,Plein jour,En agglomération,Hors intersection,Normale,Autre collision,,,,,,,,,,,1,2,1,1.0,6.0
201800031200,0018-03-02 20:00:00,18,3,2,20,0,660,136,R D 900,42.67694,2.89039,Nuit sans éclairage public,Hors agglomération,Hors intersection,Normale,Deux véhicules - arrière,,,,,,,,,,,3,1,1,1.0,2.0
201800031201,0018-03-02 16:40:00,18,3,2,16,40,660,136,Av.LANGUEDOC - Talbot La,42.73276,2.88969,Plein jour,En agglomération,Intersection en X,Normale,Autre collision,,,,,,,,,,,1,2,2,1.0,6.0
201800031202,0018-03-05 09:25:00,18,3,5,9,25,660,136,"11, BARCELONE QUAI DE",42.69708,2.88923,Plein jour,En agglomération,Hors intersection,Normale,Autre collision,,,,,,,,,,,1,2,1,1.0,6.0
201800031203,0018-03-05 11:10:00,18,3,5,11,10,660,136,"35, AVE ARGELES-MER perp",42.68219,2.91144,Plein jour,En agglomération,Hors intersection,Normale,Deux véhicules - arrière,,,,,,,,,,,1,2,1,1.0,2.0
201800031204,0018-03-05 15:50:00,18,3,5,15,50,660,136,"1499, LANGUEDOC (AVENUE",42.73562,2.89553,Plein jour,En agglomération,Hors intersection,Normale,Autre collision,,,,,,,,,,,1,2,1,1.0,6.0
201800031205,0018-03-06 18:15:00,18,3,6,18,15,660,136,"., VIVES (CHEMIN DEL)",42.71015,2.89729,Plein jour,En agglomération,Hors intersection,Normale,Autre collision,,,,,,,,,,,1,2,1,1.0,6.0
201800031206,0018-03-07 18:00:00,18,3,7,18,0,660,136,"01, GRANDE BRETAGNE (AVE",42.69883,2.87786,Plein jour,En agglomération,Hors intersection,Normale,Autre collision,,,,,,,,,,,1,2,1,1.0,6.0
201800031207,0018-03-08 05:30:00,18,3,8,5,30,660,136,"., R D 900",42.71742,2.8735,Nuit avec éclairage non allumé,Hors agglomération,Hors intersection,Normale,Autre collision,,,,,,,,,,,4,1,1,1.0,6.0
201800031208,0018-03-08 13:50:00,18,3,8,13,50,660,136,", GAULLE (AVENUE GENERAL",42.69771,2.88524,Plein jour,En agglomération,Hors intersection,Normale,Autre collision,,,,,,,,,,,1,2,1,1.0,6.0
201800031209,0018-03-12 10:45:00,18,3,12,10,45,660,136,"., LANGUEDOC (AVENUE DU",42.7227,2.88732,Plein jour,En agglomération,Hors intersection,Normale,Autre collision,,,,,,,,,,,1,2,1,1.0,6.0
201800031210,0018-03-19 14:20:00,18,3,19,14,20,660,136,"., AERODROME AVENUE DE L",42.72473,2.88188,Plein jour,En agglomération,Intersection en X,Normale,Autre collision,,,,,,,,,,,1,2,2,1.0,6.0
201800031211,0018-03-19 17:10:00,18,3,19,17,10,660,136,"., PASSIO-VELLA (CHEMIN",42.68655,2.8996,Plein jour,En agglomération,Hors intersection,Normale,Autre collision,,,,,,,,,,,1,2,1,1.0,6.0
201800031212,0018-03-22 06:30:00,18,3,22,6,30,660,136,"129, JOFFRE (AVENUE DU M",42.71184,2.8897,Nuit avec éclairage allumé,En agglomération,Hors intersection,Normale,Autre collision,,,,,,,,,,,5,2,1,1.0,6.0
201800031213,0018-03-23 08:50:00,18,3,23,8,50,660,136,Dpartementale 914,42.66541,2.91947,Plein jour,Hors agglomération,Hors intersection,Normale,Autre collision,,,,,,,,,,,1,1,1,1.0,6.0
201800031214,0018-03-23 15:21:00,18,3,23,15,21,660,136,"., JOFFRE (AVENUE DU MAR",42.705,2.89246,Plein jour,En agglomération,Hors intersection,Normale,Autre collision,,,,,,,,,,,1,2,1,1.0,6.0
201800031215,0018-03-23 18:00:00,18,3,23,18,0,660,136,"225, PASSIO-VELLA (CHEMI",42.67507,2.8916,Plein jour,En agglomération,Hors intersection,Normale,Autre collision,,,,,,,,,,,1,2,1,1.0,6.0
201800031216,0018-04-01 15:40:00,18,4,1,15,40,660,136,NUNGESSER-ET-COLI (BOULE,42.6866,2.8877,Plein jour,En agglomération,Hors intersection,Normale,Deux véhicules - côté,,,,,,,,,,,1,2,1,1.0,3.0
201800031217,0018-04-01 18:40:00,18,4,1,18,40,660,136,BOURRAT BOULEVARD JEAN,42.70052,2.90256,Plein jour,En agglomération,Hors intersection,Normale,Autre collision,,,,,,,,,,,1,2,1,1.0,6.0
201800031218,0018-04-02 19:00:00,18,4,2,19,0,660,136,DEGAS (EDGARD),42.6937,2.913,Plein jour,En agglomération,Hors intersection,Normale,Deux véhicules - arrière,,,,,,,,,,,1,2,1,1.0,2.0
201800031219,0018-04-07 12:20:00,18,4,7,12,20,660,136,Dpartementale 914,42.6689,2.8976,Plein jour,Hors agglomération,Hors intersection,Normale,Deux véhicules - arrière,,,,,,,,,,,1,1,1,1.0,2.0
201800031220,0018-04-07 12:25:00,18,4,7,12,25,660,136,PANCHOT (AVENUE JULIEN),42.6841,2.8645,Plein jour,Hors agglomération,Hors intersection,Normale,Deux véhicules - arrière,,,,,,,,,,,1,1,1,1.0,2.0
201800031221,0018-04-06 18:00:00,18,4,6,18,0,660,136,COUSIN (JEAN),42.704,2.888,Plein jour,En agglomération,Intersection en T,Normale,Deux véhicules - côté,,,,,,,,,,,1,2,3,1.0,3.0
201800031222,0018-04-12 12:15:00,18,4,12,12,15,660,136,ARAGO FRANCOIS PLACE RUE,42.6985,2.892,Plein jour,En agglomération,Hors intersection,Normale,Autre collision,,,,,,,,,,,1,2,1,1.0,6.0
201800031223,0018-04-14 19:05:00,18,4,14,19,5,660,136,COQUELICOTS (DES),42.7053,2.9018,Plein jour,En agglomération,Giratoire,Normale,Deux véhicules - côté,,,,,,,,,,,1,2,6,1.0,3.0
201800031224,0018-04-15 19:27:00,18,4,15,19,27,660,136,MESANGES (DES),42.71365,2.88581,Plein jour,En agglomération,Intersection en X,Normale,Deux véhicules - côté,,,,,,,,,,,1,2,2,1.0,3.0
201800031225,0018-04-15 19:45:00,18,4,15,19,45,660,136,FLANDRES/DUNKERQUE (CARR,42.6863,2.90671,Plein jour,En agglomération,Hors intersection,Normale,Deux véhicules - côté,,,,,,,,,,,1,2,1,1.0,3.0
201800031226,0018-04-17 18:43:00,18,4,17,18,43,660,136,R D 900,42.6606,2.8831,Plein jour,Hors agglomération,Hors intersection,Normale,Deux véhicules - côté,,,,,,,,,,,1,1,1,1.0,3.0
201800031227,0018-04-19 16:55:00,18,4,19,16,55,660,136,PRADES (AVENUE DE),42.6901,2.8361,Plein jour,En agglomération,Hors intersection,Normale,Deux véhicules - arrière,,,,,,,,,,,1,2,1,1.0,2.0
201800031228,0018-04-19 23:54:00,18,4,19,23,54,660,136,PYRENEES (BOULEVARD DES),42.6966,2.8872,Nuit avec éclairage allumé,En agglomération,Intersection en X,Normale,Deux véhicules - côté,,,,,,,,,,,5,2,2,1.0,3.0
201800031229,0018-04-24 19:05:00,18,4,24,19,5,660,136,JUIN (AVENUE DU MARECHAL,42.6878,2.8995,Plein jour,En agglomération,Hors intersection,Normale,Deux véhicules - côté,,,,,,,,,,,1,2,1,1.0,3.0
201800031230,0018-04-26 13:53:00,18,4,26,13,53,660,136,ARGELES SUR MER AVENUE D,42.6831,2.911,Plein jour,En agglomération,Hors intersection,Normale,Deux véhicules - arrière,,,,,,,,,,,1,2,1,1.0,2.0
201800031231,0018-04-27 13:20:00,18,4,27,13,20,660,136,JOFFRE (AVENUE DU MARECH,42.7175,2.88748,Plein jour,En agglomération,Hors intersection,Normale,Deux véhicules - arrière,,,,,,,,,,,1,2,1,1.0,2.0
201800031232,0018-04-28 00:30:00,18,4,28,0,30,660,136,GAULLE (AVENUE GENERAL D,42.69722,2.88326,Nuit avec éclairage allumé,En agglomération,Hors intersection,Normale,Deux véhicules - côté,,,,,,,,,,,5,2,1,1.0,3.0
201800031233,0018-05-02 08:50:00,18,5,2,8,50,660,136,BLANC AVENUE ROSETTE,42.69945,2.91718,Plein jour,En agglomération,Hors intersection,Normale,Autre collision,,,,,,,,,,,1,2,1,1.0,6.0
201800031234,0018-05-11 08:50:00,18,5,11,8,50,660,136,PANCHOT (AVENUE JULIEN),42.69163,2.88283,Plein jour,En agglomération,Hors intersection,Normale,Autre collision,,,,,,,,,,,1,2,1,1.0,6.0
201800031235,0018-05-11 17:10:00,18,5,11,17,10,660,136,FAUCEILLE (CHEMIN DE LA),42.6697,2.8979,Plein jour,Hors agglomération,Hors intersection,Normale,Deux véhicules - côté,,,,,,,,,,,1,1,1,1.0,3.0
201800031236,0018-05-11 19:45:00,18,5,11,19,45,660,136,ARGELES SUR MER AVENUE D,42.6814,2.9104,Plein jour,En agglomération,Hors intersection,Normale,Deux véhicules - arrière,,,,,,,,,,,1,2,1,1.0,2.0
201800031237,0018-05-18 03:08:00,18,5,18,3,8,660,136,JOFFRE (AVENUE DU MARECH,42.71914,2.88682,Nuit avec éclairage allumé,En agglomération,Intersection en T,Normale,Deux véhicules - côté,,,,,,,,,,,5,2,3,1.0,3.0
201800031238,0018-05-18 09:37:00,18,5,18,9,37,660,136,BRIAND BOULEVARD ARISTID,42.6946,2.9015,Plein jour,En agglomération,Hors intersection,Normale,Autre collision,,,,,,,,,,,1,2,1,1.0,6.0
201800031239,0018-05-18 18:13:00,18,5,18,18,13,660,136,AERODROME AVENUE DE L'(C,42.72891,2.87746,Plein jour,Hors agglomération,Hors intersection,Normale,Deux véhicules - arrière,,,,,,,,,,,1,1,1,1.0,2.0
201800031240,0018-05-20 13:33:00,18,5,20,13,33,660,136,COQUELICOTS (DES),42.7053,2.9018,Plein jour,Hors agglomération,Giratoire,Normale,Deux véhicules - côté,,,,,,,,,,,1,1,6,1.0,3.0
201800031241,0018-05-22 08:00:00,18,5,22,8,0,660,136,COURTELINE (GEORGES),42.69401,2.88144,Plein jour,En agglomération,Hors intersection,Normale,Autre collision,,,,,,,,,,,1,2,1,1.0,6.0
201800031242,0018-05-23 11:50:00,18,5,23,11,50,660,136,ALDUY (Paul),42.6809,2.9027,Plein jour,En agglomération,Hors intersection,Normale,Deux véhicules - côté,,,,,,,,,,,1,2,1,1.0,3.0
201800031243,0018-05-28 10:50:00,18,5,28,10,50,660,136,PYRENEES (BOULEVARD DES),42.69675,2.88816,Plein jour,En agglomération,Hors intersection,Normale,Autre collision,,,,,,,,,,,1,2,1,1.0,6.0
201800031244,0018-05-29 10:03:00,18,5,29,10,3,660,136,PALMAROLE (COURS FRANCOI,42.70311,2.89773,Plein jour,En agglomération,Hors intersection,Normale,Autre collision,,,,,,,,,,,1,2,1,1.0,6.0
201800031245,0018-05-31 11:50:00,18,5,31,11,50,660,136,ALDUY (Paul),42.67914,2.90436,Plein jour,En agglomération,Hors intersection,Normale,Deux véhicules - côté,,,,,,,,,,,1,2,1,1.0,3.0
201800031246,0018-06-01 07:37:00,18,6,1,7,37,660,136,JULIEN PANCHOT (AVENUE),42.68802,2.87375,Plein jour,Hors agglomération,Hors intersection,Normale,Deux véhicules - côté,,,,,,,,,,,1,1,1,1.0,3.0
201800031247,0018-06-02 23:43:00,18,6,2,23,43,660,136,R D 900,,,Nuit avec éclairage allumé,Hors agglomération,Hors intersection,Normale,Deux véhicules - arrière,,,,,,,,,,,5,1,1,1.0,2.0
201800031248,0018-06-06 17:05:00,18,6,6,17,5,660,136,Dpartementale  617,42.7145,2.9326,Plein jour,Hors agglomération,Hors intersection,Normale,Deux véhicules - arrière,,,,,,,,,,,1,1,1,1.0,2.0
201800031249,0018-06-07 08:05:00,18,6,7,8,5,660,136,Dpartementale  617,,,Plein jour,Hors agglomération,Hors intersection,Normale,Deux véhicules - arrière,,,,,,,,,,,1,1,1,1.0,2.0
201800031250,0018-06-08 18:35:00,18,6,8,18,35,660,136,BELFORT AVENUE DE,42.6893,2.88121,Plein jour,En agglomération,Hors intersection,Normale,Deux véhicules - côté,,,,,,,,,,,1,2,1,1.0,3.0
201800031251,0018-06-10 12:40:00,18,6,10,12,40,660,136,CATALOGNE (PLACE DE),42.69821,2.88823,Plein jour,En agglomération,Hors intersection,Normale,Autre collision,,,,,,,,,,,1,2,1,1.0,6.0
201800031252,0018-06-12 07:23:00,18,6,12,7,23,660,136,PRADES (AVENUE DE),42.69681,2.86531,Plein jour,En agglomération,Hors intersection,Normale,Sans collision,,,,,,,,,,,1,2,1,1.0,7.0
201800031253,0018-06-11 16:00:00,18,6,11,16,0,660,136,CASSANYES (PLACE JOSEPH),42.6968,2.9035,Plein jour,En agglomération,Hors intersection,Normale,Autre collision,,,,,,,,,,,1,2,1,1.0,6.0
201800031254,0018-06-12 16:15:00,18,6,12,16,15,660,136,ESPAGNE (ROUTE D'),42.6748,2.8885,Plein jour,En agglomération,Hors intersection,Normale,Deux véhicules - arrière,,,,,,,,,,,1,2,1,1.0,2.0
201800031255,0018-06-14 10:33:00,18,6,14,10,33,660,136,AERODROME AVENUE DE L'(C,42.7318,2.8796,Plein jour,Hors agglomération,Hors intersection,Normale,Deux véhicules - côté,,,,,,,,,,,1,1,1,1.0,3.0
201800031256,0018-06-14 11:55:00,18,6,14,11,55,660,136,POINCARE (BOULEVARD HENR,42.69132,2.8959,Plein jour,En agglomération,Hors intersection,Normale,Deux véhicules - côté,,,,,,,,,,,1,2,1,1.0,3.0
201800031257,0018-06-16 11:55:00,18,6,16,11,55,660,136,POINCARE (BOULEVARD HENR,42.6913,2.8954,Plein jour,En agglomération,Hors intersection,Normale,Deux véhicules - arrière,,,,,,,,,,,1,2,1,1.0,2.0
201800031258,0018-06-17 18:35:00,18,6,17,18,35,660,136,SAUVY (EUGENE),42.68093,2.89643,Plein jour,En agglomération,Giratoire,Normale,Deux véhicules - côté,,,,,,,,,,,1,2,6,1.0,3.0
201800031259,0018-06-17 10:20:00,18,6,17,10,20,660,136,FLANDRES/DUNKERQUE (CARR,42.6863,2.9067,Plein jour,En agglomération,Hors intersection,Normale,Trois véhicules et plus - en chaîne,,,,,,,,,,,1,2,1,1.0,4.0
201800031260,0018-06-18 07:10:00,18,6,18,7,10,660,136,MAILLOLES (CHEMIN),42.68303,2.87606,Plein jour,Hors agglomération,Hors intersection,Normale,Deux véhicules - côté,,,,,,,,,,,1,1,1,1.0,3.0
201800031261,0018-06-18 07:55:00,18,6,18,7,55,660,136,EUROPE (PLACE DE L'),42.68007,2.90965,Plein jour,En agglomération,Hors intersection,Normale,Deux véhicules - côté,,,,,,,,,,,1,2,1,1.0,3.0
201800031262,0018-06-18 07:30:00,18,6,18,7,30,660,136,D 616,42.71042,2.87399,Plein jour,Hors agglomération,Hors intersection,Normale,Autre collision,,,,,,,,,,,1,1,1,1.0,6.0
201800031263,0018-06-19 09:25:00,18,6,19,9,25,660,136,ZOLA (EMILE),42.69808,2.89817,Plein jour,En agglomération,Hors intersection,Normale,Autre collision,,,,,,,,,,,1,2,1,1.0,6.0
201800031264,0018-06-22 07:57:00,18,6,22,7,57,660,136,PONT-TRENCAT (CAMI DEL),42.67112,2.85635,Plein jour,Hors agglomération,Giratoire,Normale,Deux véhicules - arrière,,,,,,,,,,,1,1,6,1.0,2.0
201800031265,0018-06-23 12:12:00,18,6,23,12,12,660,136,ESPAGNE (ROUTE D'),42.6829,2.895,Plein jour,En agglomération,Hors intersection,Normale,Trois véhicules et plus - en chaîne,,,,,,,,,,,1,2,1,1.0,4.0
201800031266,0018-06-23 17:02:00,18,6,23,17,2,660,136,CLEMENCEAU (BOULEVARD),42.7008,2.89167,Plein jour,En agglomération,Hors intersection,Normale,Autre collision,,,,,,,,,,,1,2,1,1.0,6.0
201800031267,0018-06-25 13:37:00,18,6,25,13,37,660,136,ESPAGNE (ROUTE D'),42.67335,2.88736,Plein jour,Hors agglomération,Hors intersection,Normale,Sans collision,,,,,,,,,,,1,1,1,1.0,7.0
201800031268,0018-06-25 14:55:00,18,6,25,14,55,660,136,ARGELES SUR MER AVENUE D,42.67982,2.91148,Plein jour,En agglomération,Hors intersection,Normale,Autre collision,,,,,,,,,,,1,2,1,1.0,6.0
201800031269,0018-06-25 09:25:00,18,6,25,9,25,660,136,SULLY (MAXIMILIEN DE),42.6979,2.8893,Plein jour,En agglomération,Hors intersection,Normale,Autre collision,,,,,,,,,,,1,2,1,1.0,6.0
201800031270,0018-06-25 19:50:00,18,6,25,19,50,660,136,CASSANYES (PLACE JOSEPH),42.6954,2.902,Plein jour,En agglomération,Hors intersection,Normale,Autre collision,,,,,,,,,,,1,2,1,1.0,6.0
201800031271,0018-06-27 09:20:00,18,6,27,9,20,660,136,GUYNEMER (AVENUE GEORGES,42.68882,2.90702,Plein jour,Hors agglomération,Hors intersection,Normale,Autre collision,,,,,,,,,,,1,1,1,1.0,6.0
201800031272,0018-06-27 14:10:00,18,6,27,14,10,660,136,WILSON (BOULEVARD THOMAS,42.70202,2.89583,Plein jour,En agglomération,Hors intersection,Normale,Autre collision,,,,,,,,,,,1,2,1,1.0,6.0
201800031273,0018-06-28 17:57:00,18,6,28,17,57,660,136,SALANQUE (AVENUE DE),42.728,2.90799,Plein jour,En agglomération,Hors intersection,Normale,Autre collision,,,,,,,,,,,1,2,1,1.0,6.0
201800031274,0018-06-30 15:25:00,18,6,30,15,25,660,136,CLEMENCEAU (BOULEVARD),42.70095,2.89183,Plein jour,En agglomération,Hors intersection,Normale,Deux véhicules - arrière,,,,,,,,,,,1,2,1,1.0,2.0
201800031275,0018-07-01 19:10:00,18,7,1,19,10,660,136,JOFFRE (AVENUE DU MARECH,42.70444,2.89274,Plein jour,En agglomération,Intersection en X,Normale,Deux véhicules - côté,,,,,,,,,,,1,2,2,1.0,3.0
201800031276,0018-07-05 12:52:00,18,7,5,12,52,660,136,LEVY (MAURICE),42.6942,2.8657,Plein jour,En agglomération,Hors intersection,Normale,Deux véhicules - arrière,,,,,,,,,,,1,2,1,1.0,2.0
201800031277,0018-07-08 06:14:00,18,7,8,6,14,660,136,Dpartementale  617,42.70816,2.91107,Crépuscule ou aube,Hors agglomération,Hors intersection,Normale,Autre collision,,,,,,,,,,,2,1,1,1.0,6.0
201800031278,0018-07-10 04:05:00,18,7,10,4,5,660,136,ROUDAYRE (AVENUE EMILE),42.7102,2.8977,Nuit avec éclairage allumé,En agglomération,Hors intersection,Normale,Autre collision,,,,,,,,,,,5,2,1,1.0,6.0
201800031279,0018-07-10 18:05:00,18,7,10,18,5,660,136,R D 900,42.7052,2.88368,Plein jour,Hors agglomération,Hors intersection,Normale,Trois véhicules et plus - collisions multiples,,,,,,,,,,,1,1,1,1.0,5.0
201800031280,0018-07-10 23:42:00,18,7,10,23,42,660,136,JOFFRE (AVENUE DU MARECH,42.7068,2.8917,Nuit avec éclairage allumé,En agglomération,Hors intersection,Normale,Deux véhicules - côté,,,,,,,,,,,5,2,1,1.0,3.0
201800031281,0018-07-12 21:53:00,18,7,12,21,53,660,136,POTIER (PLACE),42.6966,2.9018,Nuit avec éclairage allumé,En agglomération,Hors intersection,Normale,Autre collision,,,,,,,,,,,5,2,1,1.0,6.0
201800031282,0018-07-13 10:56:00,18,7,13,10,56,660,136,KENNEDY (BD JOHN-FITZGER,42.6896,2.9028,Plein jour,En agglomération,Hors intersection,Normale,Deux véhicules - côté,,,,,,,,,,,1,2,1,1.0,3.0
201800031283,0018-07-13 11:35:00,18,7,13,11,35,660,136,CLEMENCEAU (BOULEVARD),42.70043,2.89031,Plein jour,En agglomération,Hors intersection,Normale,Autre collision,,,,,,,,,,,1,2,1,1.0,6.0
201800031284,0018-07-13 17:50:00,18,7,13,17,50,660,136,LECLERC (AVENUE DU GENER,42.70171,2.8914,Plein jour,En agglomération,Hors intersection,Normale,Autre collision,,,,,,,,,,,1,2,1,1.0,6.0
201800031285,0018-07-17 18:40:00,18,7,17,18,40,660,136,ISABEY,42.69212,2.91214,Plein jour,En agglomération,Hors intersection,Normale,Deux véhicules - côté,,,,,,,,,,,1,2,1,1.0,3.0
201800031286,0018-07-18 11:17:00,18,7,18,11,17,660,136,DIAZ (NARCISSE VIRGILE),42.71753,2.8893,Plein jour,En agglomération,Intersection en T,Normale,Deux véhicules - côté,,,,,,,,,,,1,2,3,1.0,3.0
201800031287,0018-07-20 15:45:00,18,7,20,15,45,660,136,PANCHOT (AVENUE JULIEN),42.68567,2.86789,Plein jour,En agglomération,Intersection en X,Normale,Autre collision,,,,,,,,,,,1,2,2,1.0,6.0
201800031288,0018-07-25 05:30:00,18,7,25,5,30,660,136,CASALS Pau (Av),42.71763,2.8852,Crépuscule ou aube,En agglomération,Hors intersection,Normale,Sans collision,,,,,,,,,,,2,2,1,1.0,7.0
201800031289,0018-07-25 03:54:00,18,7,25,3,54,660,136,BONHEUR ROSA,42.7245,2.8837,Nuit sans éclairage public,En agglomération,Hors intersection,Normale,Autre collision,,,,,,,,,,,3,2,1,1.0,6.0
201800031290,0018-07-27 09:42:00,18,7,27,9,42,660,136,Dpartementale 914,42.6656,2.9192,Plein jour,Hors agglomération,Giratoire,Normale,Deux véhicules - côté,,,,,,,,,,,1,1,6,1.0,3.0
201800031291,0018-07-27 14:00:00,18,7,27,14,0,660,136,KENNEDY (BD JOHN-FITZGER,42.6867,2.9065,Plein jour,En agglomération,Hors intersection,Normale,Autre collision,,,,,,,,,,,1,2,1,1.0,6.0
201800031292,0018-07-30 15:15:00,18,7,30,15,15,660,136,Dpartementale 914,42.67384,2.88842,Plein jour,Hors agglomération,Hors intersection,Normale,Deux véhicules - arrière,,,,,,,,,,,1,1,1,1.0,2.0
201800031293,0018-08-08 18:12:00,18,8,8,18,12,660,136,ESPAGNE (ROUTE D'),42.68402,2.89598,Plein jour,En agglomération,Hors intersection,Normale,Deux véhicules - arrière,,,,,,,,,,,1,2,1,1.0,2.0
201800031294,0018-08-08 23:20:00,18,8,8,23,20,660,136,LECLERC (AVENUE DU GENER,42.7012,2.8901,Nuit avec éclairage allumé,En agglomération,Autre intersection,Normale,Autre collision,,,,,,,,,,,5,2,9,1.0,6.0
201800031295,0018-08-11 19:08:00,18,8,11,19,8,660,136,CLEMENCEAU (BOULEVARD),42.69983,2.88916,Plein jour,En agglomération,Hors intersection,Normale,Autre collision,,,,,,,,,,,1,2,1,1.0,6.0
201800031296,0018-08-11 01:44:00,18,8,11,1,44,660,136,FAUCEILLE (CHEMIN DE LA),42.67238,2.99535,Nuit avec éclairage allumé,Hors agglomération,Hors intersection,Normale,Deux véhicules - côté,,,,,,,,,,,5,1,1,1.0,3.0
201800031297,0018-08-17 12:30:00,18,8,17,12,30,660,136,FOCH (MARECHAL),42.6941,2.8881,Plein jour,En agglomération,Hors intersection,Normale,Autre collision,,,,,,,,,,,1,2,1,1.0,6.0
201800031298,0018-08-17 16:02:00,18,8,17,16,2,660,136,SALANQUE (AVENUE DE),42.72759,2.90424,Plein jour,En agglomération,Hors intersection,Normale,Deux véhicules - côté,,,,,,,,,,,1,2,1,1.0,3.0
201800031299,0018-08-22 19:40:00,18,8,22,19,40,660,136,DEPARTEMENTALE  612  A,42.673,2.8612,Plein jour,En agglomération,Hors intersection,Normale,Trois véhicules et plus - en chaîne,,,,,,,,,,,1,2,1,1.0,4.0
201800031300,0018-08-24 15:46:00,18,8,24,15,46,660,136,ROTTERDAM (ROND POINT DE,42.6943,2.8512,Plein jour,Hors agglomération,Hors intersection,Normale,Deux véhicules - arrière,,,,,,,,,,,1,1,1,1.0,2.0
201800031301,0018-08-28 11:45:00,18,8,28,11,45,660,136,BERGES ARISTIDE,42.73026,2.89411,Plein jour,Hors agglomération,Intersection en X,Normale,Deux véhicules - côté,,,,,,,,,,,1,1,2,1.0,3.0
201800031302,0018-08-28 17:00:00,18,8,28,17,0,660,136,FRANCE (BOULEVARD ANATOL,42.6972,2.9037,Plein jour,En agglomération,Hors intersection,Normale,Deux véhicules - côté,,,,,,,,,,,1,2,1,1.0,3.0
201800031303,0018-08-29 12:20:00,18,8,29,12,20,660,136,VERTEFEUILLE (RAMBLA DE),42.67899,2.90846,Plein jour,Hors agglomération,Hors intersection,Normale,Autre collision,,,,,,,,,,,1,1,1,1.0,6.0
201800031304,0018-08-29 13:45:00,18,8,29,13,45,660,136,TORREILLES (AV DU DOCTEU,42.68572,2.87481,Plein jour,En agglomération,Hors intersection,Normale,Deux véhicules - arrière,,,,,,,,,,,1,2,1,1.0,2.0
201800031305,0018-08-29 18:00:00,18,8,29,18,0,660,136,NUNGESSER-ET-COLI (BOULE,42.68506,2.88901,Plein jour,Hors agglomération,Intersection en T,Normale,Deux véhicules - côté,,,,,,,,,,,1,1,3,1.0,3.0
201800031306,0018-09-03 19:00:00,18,9,3,19,0,660,136,MAS-DONAT (DU),42.70975,2.90365,Plein jour,En agglomération,Hors intersection,Normale,Autre collision,,,,,,,,,,,1,2,1,1.0,6.0
201800031307,0018-09-11 12:35:00,18,9,11,12,35,660,136,LESAGE (ALAIN),42.69018,2.88599,Plein jour,En agglomération,Hors intersection,Normale,Deux véhicules - arrière,,,,,,,,,,,1,2,1,1.0,2.0