accident_id,datetime,annee,mois,jour,heure,minute,departement,commune_insee,adresse,latitude,longitude,luminosite,agglomeration,intersection,meteo,collision,nb_vehicules,nb_usagers,nb_indemnes,nb_tues,nb_blesses_hosp,nb_blesses_legers,age_cond_1,age_cond_2,veh_type_cond_1,veh_type_cond_2,lum_code,agg_code,int_code,atm_code,col_code
201800031308,0018-09-14 11:50:00,18,9,14,11,50,660,136,MARMONTEL (JEAN-FRANCOIS,42.68863,2.8857,Plein jour,En agglomération,Hors intersection,Normale,Autre collision,,,,,,,,,,,1,2,1,1.0,6.0
201800031309,0018-09-14 22:08:00,18,9,14,22,8,660,136,ARCADES (RD POINT),42.67005,2.90507,Nuit avec éclairage allumé,En agglomération,Hors intersection,Normale,Sans collision,,,,,,,,,,,5,2,1,1.0,7.0
201800031310,0018-09-14 18:25:00,18,9,14,18,25,660,136,ARGELES SUR MER AVENUE D,42.67804,2.91265,Plein jour,Hors agglomération,Hors intersection,Normale,Autre collision,,,,,,,,,,,1,1,1,1.0,6.0
201800031311,0018-09-17 08:50:00,18,9,17,8,50,660,136,R D 900,42.69808,2.8663,Plein jour,En agglomération,Hors intersection,Normale,Deux véhicules - arrière,,,,,,,,,,,1,2,1,1.0,2.0
201800031312,0018-09-17 22:30:00,18,9,17,22,30,660,136,PYRENEES (BOULEVARD DES),42.6958,2.88873,Nuit avec éclairage allumé,En agglomération,Hors intersection,Normale,Autre collision,,,,,,,,,,,5,2,1,1.0,6.0
201800031313,0018-09-20 07:50:00,18,9,20,7,50,660,136,POU-DE-LES-COULOBRES (CH,42.67964,2.91952,Plein jour,En agglomération,Hors intersection,Normale,Autre collision,,,,,,,,,,,1,2,1,1.0,6.0
201800031314,0018-09-23 17:00:00,18,9,23,17,0,660,136,COTE RADIEUSE (DE LA),42.6744,2.90626,Plein jour,En agglomération,Hors intersection,Normale,Deux véhicules - frontale,,,,,,,,,,,1,2,1,1.0,1.0
201800031315,0018-09-25 11:32:00,18,9,25,11,32,660,136,FAUCEILLE (CHEMIN DE LA),42.66559,2.9187,Plein jour,En agglomération,Hors intersection,Normale,Deux véhicules - arrière,,,,,,,,,,,1,2,1,1.0,2.0
201800031316,0018-09-25 14:20:00,18,9,25,14,20,660,136,R D 900,,,Plein jour,Hors agglomération,Hors intersection,Normale,Deux véhicules - arrière,,,,,,,,,,,1,1,1,1.0,2.0
201800031317,0018-10-01 10:35:00,18,10,1,10,35,660,136,MERCADER (BOULEVARD FELI,42.69363,2.89057,Plein jour,En agglomération,Intersection en X,Normale,Deux véhicules - côté,,,,,,,,,,,1,2,2,1.0,3.0
201800031318,0018-10-01 18:10:00,18,10,1,18,10,660,136,ALDUY (Paul),42.68038,2.9032,Plein jour,En agglomération,Hors intersection,Normale,Autre collision,,,,,,,,,,,1,2,1,1.0,6.0
201800031319,0018-10-01 18:55:00,18,10,1,18,55,660,136,RUBENS (PAUL),42.69603,2.91474,Plein jour,En agglomération,Hors intersection,Normale,Autre collision,,,,,,,,,,,1,2,1,1.0,6.0
201800031320,0018-10-01 10:50:00,18,10,1,10,50,660,136,FLANDRES/DUNKERQUE (CARR,42.68667,2.90682,Plein jour,En agglomération,Hors intersection,Normale,Autre collision,,,,,,,,,,,1,2,1,1.0,6.0
201800031321,0018-10-01 11:55:00,18,10,1,11,55,660,136,SAUVY (ALFRED),42.67891,2.90125,Plein jour,En agglomération,Hors intersection,Normale,Autre collision,,,,,,,,,,,1,2,1,1.0,6.0
201800031322,0018-10-01 18:10:00,18,10,1,18,10,660,136,SAUVY (ALFRED),42.679,2.90073,Plein jour,En agglomération,Hors intersection,Normale,Autre collision,,,,,,,,,,,1,2,1,1.0,6.0
201800031323,0018-10-02 09:00:00,18,10,2,9,0,660,136,R D 900,,,Plein jour,En agglomération,Hors intersection,Normale,Deux véhicules - arrière,,,,,,,,,,,1,2,1,1.0,2.0
201800031324,0018-10-02 14:10:00,18,10,2,14,10,660,136,CLEMENCEAU (BOULEVARD),42.70008,2.88941,Plein jour,En agglomération,Hors intersection,Normale,Deux véhicules - frontale,,,,,,,,,,,1,2,1,1.0,1.0
201800031325,0018-10-03 12:15:00,18,10,3,12,15,660,136,BOURRAT BOULEVARD JEAN,42.699,2.903,Plein jour,En agglomération,Hors intersection,Normale,Trois véhicules et plus - en chaîne,,,,,,,,,,,1,2,1,1.0,4.0
201800031326,0018-10-07 00:12:00,18,10,7,0,12,660,136,PRADES (AVENUE DE ) ST C,,,Nuit avec éclairage allumé,Hors agglomération,Hors intersection,Normale,Sans collision,,,,,,,,,,,5,1,1,1.0,7.0
201800031327,0018-10-03 15:29:00,18,10,3,15,29,660,136,POUDRIERE (CHEMIN DE LA),42.71714,2.89569,Plein jour,En agglomération,Hors intersection,Normale,Autre collision,,,,,,,,,,,1,2,1,1.0,6.0
201800031328,0018-10-07 11:10:00,18,10,7,11,10,660,136,MERCADER (BOULEVARD FELI,42.6942,2.88978,Plein jour,En agglomération,Hors intersection,Normale,Deux véhicules - arrière,,,,,,,,,,,1,2,1,1.0,2.0
201800031329,0018-10-10 08:11:00,18,10,10,8,11,660,136,MARAGALL (JOAN),42.7218,2.88156,Plein jour,En agglomération,Intersection en X,Pluie légère,Deux véhicules - côté,,,,,,,,,,,1,2,2,2.0,3.0
201800031330,0018-10-10 14:05:00,18,10,10,14,5,660,136,D82,42.70908,2.9058,Plein jour,Hors agglomération,Hors intersection,Normale,Deux véhicules - arrière,,,,,,,,,,,1,1,1,1.0,2.0
201800031331,0018-10-12 08:06:00,18,10,12,8,6,660,136,GUYNEMER (AVENUE GEORGES,42.68707,2.90794,Plein jour,En agglomération,Intersection en Y,Normale,Deux véhicules - côté,,,,,,,,,,,1,2,4,1.0,3.0
201800031332,0018-10-12 08:00:00,18,10,12,8,0,660,136,GUYNEMER (AVENUE GEORGES,42.68791,2.9082,Crépuscule ou aube,En agglomération,Hors intersection,Normale,Autre collision,,,,,,,,,,,2,2,1,1.0,6.0
201800031333,0018-10-15 09:32:00,18,10,15,9,32,660,136,PANCHOT (AVENUE JULIEN),42.69231,2.88484,Plein jour,En agglomération,Hors intersection,Pluie légère,Deux véhicules - arrière,,,,,,,,,,,1,2,1,2.0,2.0
201800031334,0018-10-18 07:00:00,18,10,18,7,0,660,136,R D 900,42.69779,2.86494,Nuit avec éclairage allumé,Hors agglomération,Hors intersection,Pluie légère,Deux véhicules - arrière,,,,,,,,,,,5,1,1,2.0,2.0
201800031335,0018-10-21 18:40:00,18,10,21,18,40,660,136,GIRAL (ALLEE AIME),42.71504,2.8925,Crépuscule ou aube,En agglomération,Hors intersection,Normale,Autre collision,,,,,,,,,,,2,2,1,1.0,6.0
201800031336,0018-10-21 17:16:00,18,10,21,17,16,660,136,FLANDRES/DUNKERQUE (CARR,42.68625,2.9064,Plein jour,En agglomération,Hors intersection,Normale,Autre collision,,,,,,,,,,,1,2,1,1.0,6.0
201800031337,0018-10-23 17:26:00,18,10,23,17,26,660,136,Dpartementale  617,42.706,2.953,Plein jour,Hors agglomération,Hors intersection,Normale,Deux véhicules - arrière,,,,,,,,,,,1,1,1,1.0,2.0
201800031338,0018-10-23 19:50:00,18,10,23,19,50,660,136,ESPAGNE (ROUTE D'),42.67687,2.89021,Crépuscule ou aube,Hors agglomération,Hors intersection,Normale,Autre collision,,,,,,,,,,,2,1,1,1.0,6.0
201800031339,0018-10-25 07:45:00,18,10,25,7,45,660,136,POU-DE-LES-COULOBRES (CH,42.66515,2.91962,Crépuscule ou aube,Hors agglomération,Hors intersection,Normale,Deux véhicules - côté,,,,,,,,,,,2,1,1,1.0,3.0
201800031340,0018-10-26 07:55:00,18,10,26,7,55,660,136,Dpartementale  617,42.70714,2.90876,Crépuscule ou aube,Hors agglomération,Giratoire,Normale,Trois véhicules et plus - collisions multiples,,,,,,,,,,,2,1,6,1.0,5.0
201800031341,0018-10-26 17:40:00,18,10,26,17,40,660,136,BLANC AVENUE ROSETTE,42.70039,2.922,Plein jour,Hors agglomération,Hors intersection,Normale,Autre collision,,,,,,,,,,,1,1,1,1.0,6.0
201800031342,0018-11-04 10:59:00,18,11,4,10,59,660,136,Dpartementale  617,42.71437,2.93452,Plein jour,Hors agglomération,Hors intersection,Normale,Autre collision,,,,,,,,,,,1,1,1,1.0,6.0
201800031343,0018-11-01 02:25:00,18,11,1,2,25,660,136,ALDUY (Paul),42.687,2.901,Nuit avec éclairage allumé,En agglomération,Intersection en X,Normale,Deux véhicules - côté,,,,,,,,,,,5,2,2,1.0,3.0
201800031344,0018-11-05 15:37:00,18,11,5,15,37,660,136,ESPAGNE (ROUTE D'),42.67761,2.89094,Plein jour,Hors agglomération,Hors intersection,Normale,Deux véhicules - arrière,,,,,,,,,,,1,1,1,1.0,2.0
201800031345,0018-11-06 09:07:00,18,11,6,9,7,660,136,CASSIN (AVENUE RENE),42.68121,2.89445,Plein jour,Hors agglomération,Hors intersection,Normale,Autre collision,,,,,,,,,,,1,1,1,1.0,6.0
201800031346,0018-11-06 20:10:00,18,11,6,20,10,660,136,JUIN (AVENUE DU MARECHAL,42.6875,2.9005,Nuit avec éclairage allumé,En agglomération,Hors intersection,Normale,Autre collision,,,,,,,,,,,5,2,1,1.0,6.0
201800031347,0018-11-07 06:20:00,18,11,7,6,20,660,136,BOURRAT BOULEVARD JEAN,42.7,2.902,Nuit avec éclairage allumé,En agglomération,Hors intersection,Normale,Deux véhicules - arrière,,,,,,,,,,,5,2,1,1.0,2.0
201800031348,0018-11-08 11:35:00,18,11,8,11,35,660,136,BATLLO QUAI FRANCOIS,42.70189,2.89378,Plein jour,En agglomération,Hors intersection,Normale,Autre collision,,,,,,,,,,,1,2,1,1.0,6.0
201800031349,0018-11-12 19:02:00,18,11,12,19,2,660,136,R D 900,42.675,2.865,Crépuscule ou aube,Hors agglomération,Hors intersection,Normale,Trois véhicules et plus - en chaîne,,,,,,,,,,,2,1,1,1.0,4.0
201800031350,0018-11-14 07:53:00,18,11,14,7,53,660,136,PASSIO-VELLA (CHEMIN DE,42.686,2.899,Plein jour,En agglomération,Hors intersection,Normale,Autre collision,,,,,,,,,,,1,2,1,1.0,6.0
201800031351,0018-11-14 08:03:00,18,11,14,8,3,660,136,R D 900,42.678,2.872,Plein jour,Hors agglomération,Hors intersection,Normale,Trois véhicules et plus - en chaîne,,,,,,,,,,,1,1,1,1.0,4.0
201800031352,0018-11-14 20:05:00,18,11,14,20,5,660,136,GRANDE BRETAGNE (AVENUE,42.699,2.882,Nuit avec éclairage allumé,En agglomération,Hors intersection,Normale,Deux véhicules - côté,,,,,,,,,,,5,2,1,1.0,3.0
201800031353,0018-11-15 17:32:00,18,11,15,17,32,660,136,RODIN (AUGUSTE),42.69,2.887,Plein jour,En agglomération,Hors intersection,Normale,Autre collision,,,,,,,,,,,1,2,1,1.0,6.0
201800031354,0018-11-15 18:35:00,18,11,15,18,35,660,136,R D 900,42.703,2.88499,Plein jour,Hors agglomération,Hors intersection,Normale,Deux véhicules - arrière,,,,,,,,,,,1,1,1,1.0,2.0
201800031355,0018-11-21 11:32:00,18,11,21,11,32,660,136,POINCARE (BOULEVARD HENR,42.69144,2.89489,Plein jour,En agglomération,Hors intersection,Normale,Autre collision,,,,,,,,,,,1,2,1,1.0,6.0
201800031356,0018-11-22 16:48:00,18,11,22,16,48,660,136,OCCITANIE (RAMBLA DE L'),42.68012,2.90957,Plein jour,En agglomération,Intersection en X,Normale,Deux véhicules - côté,,,,,,,,,,,1,2,2,1.0,3.0
201800031357,0018-11-22 19:01:00,18,11,22,19,1,660,136,R D 900,42.67261,2.85663,Nuit avec éclairage allumé,Hors agglomération,Hors intersection,Normale,Deux véhicules - arrière,,,,,,,,,,,5,1,1,1.0,2.0
201800031358,0018-11-23 10:43:00,18,11,23,10,43,660,136,LANGUEDOC (AVENUE DU CD,42.72228,2.88651,Plein jour,En agglomération,Hors intersection,Normale,Autre collision,,,,,,,,,,,1,2,1,1.0,6.0
201800031359,0018-11-22 09:58:00,18,11,22,9,58,660,136,DESNOYE (BOULEVARD DR. J,42.70923,2.88562,Plein jour,En agglomération,Hors intersection,Normale,Deux véhicules - côté,,,,,,,,,,,1,2,1,1.0,3.0
201800031360,0018-11-26 10:00:00,18,11,26,10,0,660,136,VALETTE (FREDERIC),42.69694,2.88055,Plein jour,En agglomération,Hors intersection,Normale,Autre collision,,,,,,,,,,,1,2,1,1.0,6.0
201800031361,0018-11-23 19:03:00,18,11,23,19,3,660,136,FAUCEILLE (CHEMIN DE LA),42.67139,2.89511,Nuit avec éclairage allumé,Hors agglomération,Hors intersection,Normale,Deux véhicules - côté,,,,,,,,,,,5,1,1,1.0,3.0
201800031362,0018-11-27 21:45:00,18,11,27,21,45,660,136,ALDUY (Paul),42.684,2.901,Nuit avec éclairage allumé,En agglomération,Hors intersection,Normale,Deux véhicules - côté,,,,,,,,,,,5,2,1,1.0,3.0
201800031363,0018-12-02 07:30:00,18,12,2,7,30,660,136,R D 900,,,Nuit avec éclairage allumé,Hors agglomération,Hors intersection,Normale,Deux véhicules - frontale,,,,,,,,,,,5,1,1,1.0,1.0
201800031364,0018-12-03 07:40:00,18,12,3,7,40,660,136,POINCARE (BOULEVARD HENR,42.69158,2.89352,Crépuscule ou aube,En agglomération,Hors intersection,Normale,Autre collision,,,,,,,,,,,2,2,1,1.0,6.0
201800031365,0018-12-06 15:10:00,18,12,6,15,10,660,136,BRIAND BOULEVARD ARISTID,42.6943,2.90122,Plein jour,En agglomération,Hors intersection,Normale,Deux véhicules - arrière,,,,,,,,,,,1,2,1,1.0,2.0
201800031366,0018-12-08 15:55:00,18,12,8,15,55,660,136,BRIAND BOULEVARD ARISTID,42.69214,2.89912,Plein jour,En agglomération,Hors intersection,Normale,Autre collision,,,,,,,,,,,1,2,1,1.0,6.0
201800031367,0018-12-10 12:05:00,18,12,10,12,5,660,136,PYRENEES (BOULEVARD DES),42.69673,2.88811,Plein jour,En agglomération,Hors intersection,Normale,Autre collision,,,,,,,,,,,1,2,1,1.0,6.0
201800031368,0018-12-12 13:30:00,18,12,12,13,30,660,136,PERVENCHES (AVENUE DES),42.70234,2.90411,Plein jour,En agglomération,Hors intersection,Normale,Autre collision,,,,,,,,,,,1,2,1,1.0,6.0
201800031369,0018-12-13 07:45:00,18,12,13,7,45,660,136,SALANQUE (AVENUE DE),42.72685,2.89935,Crépuscule ou aube,En agglomération,Hors intersection,Normale,Deux véhicules - côté,,,,,,,,,,,2,2,1,1.0,3.0
201800031370,0018-12-13 17:50:00,18,12,13,17,50,660,136,CANIGOU PLACE DU,42.68482,2.90223,Plein jour,En agglomération,Hors intersection,Normale,Autre collision,,,,,,,,,,,1,2,1,1.0,6.0
201800031371,0018-12-14 19:32:00,18,12,14,19,32,660,136,RIVES (DOCTEUR ALFRED),42.69222,2.8915,Nuit avec éclairage allumé,En agglomération,Hors intersection,Normale,Autre collision,,,,,,,,,,,5,2,1,1.0,6.0
201800031372,0018-12-15 05:00:00,18,12,15,5,0,660,136,CATALOGNE (PLACE DE),42.69789,2.8877,Nuit avec éclairage allumé,En agglomération,Intersection en X,Normale,Autre collision,,,,,,,,,,,5,2,2,1.0,6.0
201800031373,0018-12-15 15:50:00,18,12,15,15,50,660,136,ARCADES (RD POINT),42.67401,2.88738,Plein jour,En agglomération,Hors intersection,Normale,Autre collision,,,,,,,,,,,1,2,1,1.0,6.0
201800031374,0018-12-15 10:00:00,18,12,15,10,0,660,136,DALBIEZ (AVENUE VICTOR),42.68469,2.88207,Plein jour,En agglomération,Hors intersection,Normale,Deux véhicules - arrière,,,,,,,,,,,1,2,1,1.0,2.0
201800031375,0018-12-19 05:27:00,18,12,19,5,27,660,136,PASCOT (AVENUE PAUL),42.67525,2.84869,Nuit avec éclairage allumé,En agglomération,Hors intersection,Normale,Deux véhicules - frontale,,,,,,,,,,,5,2,1,1.0,1.0
201800031376,0018-12-19 17:33:00,18,12,19,17,33,660,136,MERCADER (BOULEVARD FELI,42.69454,2.88929,Crépuscule ou aube,En agglomération,Hors intersection,Normale,Deux véhicules - côté,,,,,,,,,,,2,2,1,1.0,3.0
201800031377,0018-12-20 10:05:00,18,12,20,10,5,660,136,ARGELES SUR MER AVENUE D,42.68238,2.90992,Plein jour,En agglomération,Hors intersection,Normale,Autre collision,,,,,,,,,,,1,2,1,1.0,6.0
201800031378,0018-12-20 15:11:00,18,12,20,15,11,660,136,ESPAGNE (ROUTE D'),42.6745,2.8884,Plein jour,Hors agglomération,Hors intersection,Normale,Deux véhicules - arrière,,,,,,,,,,,1,1,1,1.0,2.0
201800031379,0018-12-20 19:16:00,18,12,20,19,16,660,136,BLANC AVENUE ROSETTE,42.70067,2.92418,Nuit avec éclairage non allumé,Hors agglomération,Hors intersection,Normale,Deux véhicules - frontale,,,,,,,,,,,4,1,1,1.0,1.0
201800031380,0018-12-20 21:10:00,18,12,20,21,10,660,136,ESCARGUEL (LAZARE),42.69866,2.88733,Nuit avec éclairage allumé,En agglomération,Hors intersection,Normale,Autre collision,,,,,,,,,,,5,2,1,1.0,6.0
201800031381,0018-12-20 22:39:00,18,12,20,22,39,660,136,MERCADER (BOULEVARD FELI,42.69376,2.89039,Nuit avec éclairage allumé,En agglomération,Hors intersection,Normale,Deux véhicules - arrière,,,,,,,,,,,5,2,1,1.0,2.0
201800031382,0018-12-21 23:15:00,18,12,21,23,15,660,136,R D 900,42.67135,2.85788,Nuit avec éclairage allumé,Hors agglomération,Hors intersection,Normale,Deux véhicules - arrière,,,,,,,,,,,5,1,1,1.0,2.0
201800031383,0018-12-22 11:00:00,18,12,22,11,0,660,136,LANGUEDOC (AVENUE DU CD,42.74281,2.89262,Plein jour,En agglomération,Hors intersection,Normale,Deux véhicules - côté,,,,,,,,,,,1,2,1,1.0,3.0
201800031384,0018-12-25 13:10:00,18,12,25,13,10,660,136,R D 900,42.71798,2.87354,Plein jour,Hors agglomération,Hors intersection,Normale,Deux véhicules - côté,,,,,,,,,,,1,1,1,1.0,3.0
201800031385,0018-12-21 15:18:00,18,12,21,15,18,660,136,MERCADER (BOULEVARD FELI,42.69283,2.89157,Plein jour,En agglomération,Hors intersection,Normale,Autre collision,,,,,,,,,,,1,2,1,1.0,6.0
201800031386,0018-12-29 18:55:00,18,12,29,18,55,660,136,PONT-TRENCAT (CAMI DEL),42.67101,2.85661,Nuit sans éclairage public,En agglomération,Hors intersection,Normale,Deux véhicules - arrière,,,,,,,,,,,3,2,1,1.0,2.0
201800031387,0018-12-28 14:15:00,18,12,28,14,15,660,136,BRIAND BOULEVARD ARISTID,42.69291,2.89996,Plein jour,En agglomération,Hors intersection,Normale,Autre collision,,,,,,,,,,,1,2,1,1.0,6.0
201800031388,0018-01-13 12:50:00,18,1,13,12,50,520,114,RD107  virage à gauche,48.02001,5.02889,Plein jour,Hors agglomération,Hors intersection,Normale,Sans collision,,,,,,,,,,,1,1,1,1.0,7.0
201800031389,0018-01-14 14:15:00,18,1,14,14,15,520,349,D143 PR6+900,48.03575,5.16003,Plein jour,Hors agglomération,Hors intersection,Normale,Sans collision,,,,,,,,,,,1,1,1,1.0,7.0
201800031390,0018-04-12 17:30:00,18,4,12,17,30,520,422,RD107,48.0207,5.05746,Plein jour,En agglomération,Intersection en X,Normale,Deux véhicules - côté,,,,,,,,,,,1,2,2,1.0,3.0
201800031391,0018-05-20 05:40:00,18,5,20,5,40,520,151,RD3 - PK25+500,47.95924,4.99089,Crépuscule ou aube,Hors agglomération,Hors intersection,Normale,Sans collision,,,,,,,,,,,2,1,1,1.0,7.0
201800031392,0018-06-03 19:45:00,18,6,3,19,45,520,274,"PK 5+300, 145",47.98682,4.84327,Plein jour,Hors agglomération,Hors intersection,Normale,Sans collision,,,,,,,,,,,1,1,1,1.0,7.0
201800031393,0018-06-17 17:00:00,18,6,17,17,0,520,282,CHEMIN COMMUNAL,47.96927,5.1519,Plein jour,Hors agglomération,Hors intersection,Normale,Sans collision,,,,,,,,,,,1,1,1,1.0,7.0
201800031394,0018-06-29 05:00:00,18,6,29,5,0,520,365,RD105 PK 12+200,48.07829,4.93362,Crépuscule ou aube,Hors agglomération,Hors intersection,Normale,Autre collision,,,,,,,,,,,2,1,1,1.0,6.0
201800031395,0018-07-13 20:30:00,18,7,13,20,30,520,114,RD 6 - PK 42+700,48.06292,4.89377,Plein jour,Hors agglomération,Hors intersection,Normale,Sans collision,,,,,,,,,,,1,1,1,1.0,7.0
201800031396,0018-07-29 05:00:00,18,7,29,5,0,520,114,Rue St-Siméon,48.06875,4.88118,Crépuscule ou aube,En agglomération,Intersection en Y,Normale,Autre collision,,,,,,,,,,,2,2,4,1.0,6.0
201800031397,0018-08-24 16:15:00,18,8,24,16,15,520,258,"RD 396, Pk3+250",48.0819,4.77907,Plein jour,Hors agglomération,Hors intersection,Normale,Sans collision,,,,,,,,,,,1,1,1,1.0,7.0
201800031398,0018-02-24 15:54:00,18,2,24,15,54,60,149,rond point des Amis de l,43.74123,7.31126,Plein jour,En agglomération,Giratoire,Pluie légère,Deux véhicules - côté,,,,,,,,,,,1,2,6,2.0,3.0
201800031399,0018-03-17 14:00:00,18,3,17,14,0,60,149,Boulevard du Général de,43.7406,7.31094,Plein jour,En agglomération,Autre intersection,Normale,Deux véhicules - côté,,,,,,,,,,,1,2,9,1.0,3.0
201800031400,0018-06-13 12:30:00,18,6,13,12,30,60,149,boulevard riba rossa,43.73471,7.30456,Plein jour,En agglomération,Hors intersection,Normale,Deux véhicules - frontale,,,,,,,,,,,1,2,1,1.0,1.0
201800031401,0018-08-13 15:42:00,18,8,13,15,42,60,149,2100 vieux chemin de lag,43.74685,7.32254,Plein jour,En agglomération,Hors intersection,Normale,Sans collision,,,,,,,,,,,1,2,1,1.0,7.0
201800031402,0018-09-11 14:20:00,18,9,11,14,20,60,149,49 Boulevard François Su,43.74247,7.31468,Plein jour,En agglomération,Intersection en T,Normale,Deux véhicules - côté,,,,,,,,,,,1,2,3,1.0,3.0
201800031403,0018-09-19 20:35:00,18,9,19,20,35,60,19,route départementale 220,43.76955,7.33237,Nuit avec éclairage allumé,En agglomération,Hors intersection,Normale,Deux véhicules - côté,,,,,,,,,,,5,2,1,1.0,3.0
201800031404,0018-10-13 15:45:00,18,10,13,15,45,60,149,PARKING AUCHAN LA TRINIT,43.74124,7.31138,Plein jour,En agglomération,Hors intersection,Normale,Autre collision,,,,,,,,,,,1,2,1,1.0,6.0
201800031405,0018-03-17 20:00:00,18,3,17,20,0,670,371,D9,48.86426,7.30906,Nuit sans éclairage public,Hors agglomération,Hors intersection,Neige / grêle,Deux véhicules - frontale,,,,,,,,,,,3,1,1,4.0,1.0
201800031406,0018-04-01 14:25:00,18,4,1,14,25,670,103,,48.80393,7.40653,Plein jour,Hors agglomération,Autre intersection,Pluie légère,Trois véhicules et plus - en chaîne,,,,,,,,,,,1,1,9,2.0,4.0
201800031407,0018-04-15 15:00:00,18,4,15,15,0,670,538,D919 A HAUTEUR DU PK 42+,48.91802,7.38194,Plein jour,Hors agglomération,Hors intersection,Normale,Autre collision,,,,,,,,,,,1,1,1,1.0,6.0
201800031408,0018-04-17 10:55:00,18,4,17,10,55,670,347,D24,48.85694,7.55399,Plein jour,En agglomération,Hors intersection,Normale,Deux véhicules - côté,,,,,,,,,,,1,2,1,1.0,3.0
201800031409,0018-04-21 17:10:00,18,4,21,17,10,670,392,2 rue de  Wimmenau,48.93162,7.46399,Plein jour,En agglomération,Intersection en Y,Normale,Sans collision,,,,,,,,,,,1,2,4,1.0,7.0
201800031410,0018-04-27 12:58:00,18,4,27,12,58,670,265,Route départementale 181,48.90671,7.45938,Plein jour,Hors agglomération,Hors intersection,Normale,Sans collision,,,,,,,,,,,1,1,1,1.0,7.0
201800031411,0018-05-07 10:05:00,18,5,7,10,5,670,222,30 rue de l'asile,48.87022,7.47823,Plein jour,En agglomération,Hors intersection,Normale,Autre collision,,,,,,,,,,,1,2,1,1.0,6.0
201800031412,0018-05-12 16:50:00,18,5,12,16,50,670,371,7 rue principale,48.85742,7.31998,Plein jour,En agglomération,Hors intersection,Normale,Sans collision,,,,,,,,,,,1,2,1,1.0,7.0
201800031413,0018-05-21 23:30:00,18,5,21,23,30,670,535,D919 - point kilométriqu,48.90819,7.4252,Nuit sans éclairage public,Hors agglomération,Hors intersection,Normale,Deux véhicules - arrière,,,,,,,,,,,3,1,1,1.0,2.0
201800031414,0018-06-03 15:35:00,18,6,3,15,35,670,322,rue d'Ingwiller,48.82925,7.42116,Plein jour,Hors agglomération,Hors intersection,Normale,Sans collision,,,,,,,,,,,1,1,1,1.0,7.0
201800031415,0018-08-11 17:50:00,18,8,11,17,50,670,371,route d'Ingwiller,48.858,7.32162,Plein jour,En agglomération,Hors intersection,Normale,Deux véhicules - frontale,,,,,,,,,,,1,2,1,1.0,1.0
201800031416,0018-08-12 00:30:00,18,8,12,0,30,670,265,,48.92667,7.50482,Nuit sans éclairage public,Hors agglomération,Hors intersection,Autre,Autre collision,,,,,,,,,,,3,1,1,9.0,6.0
201800031417,0018-08-22 16:30:00,18,8,22,16,30,670,475,Départementale 7,48.86117,7.37245,Plein jour,Hors agglomération,Hors intersection,Normale,Sans collision,,,,,,,,,,,1,1,1,1.0,7.0
201800031418,0018-09-25 11:45:00,18,9,25,11,45,670,333,3 rue de l'église,48.8498,7.46723,Plein jour,En agglomération,Hors intersection,Normale,Autre collision,,,,,,,,,,,1,2,1,1.0,6.0
201800031419,0018-10-07 15:55:00,18,10,7,15,55,670,347,chemin agricole,48.85115,7.54231,Plein jour,Hors agglomération,Hors intersection,Normale,Sans collision,,,,,,,,,,,1,1,1,1.0,7.0
201800031420,0018-10-21 16:30:00,18,10,21,16,30,670,225,,48.80401,7.53174,Plein jour,Hors agglomération,Hors intersection,Normale,Sans collision,,,,,,,,,,,1,1,1,1.0,7.0
201800031421,0018-12-04 12:15:00,18,12,4,12,15,670,371,D135,48.87617,7.32319,Plein jour,Hors agglomération,Hors intersection,Temps couvert,Deux véhicules - frontale,,,,,,,,,,,1,1,1,8.0,1.0
201800031422,0018-12-10 13:20:00,18,12,10,13,20,670,538,RD 919 - PR 41+918.1,48.92545,7.37034,Plein jour,Hors agglomération,Hors intersection,Pluie légère,Deux véhicules - frontale,,,,,,,,,,,1,1,1,2.0,1.0
201800031423,0018-01-06 14:25:00,18,1,6,14,25,850,34,,46.61755,-1.14228,Plein jour,Hors agglomération,Hors intersection,Normale,Autre collision,,,,,,,,,,,1,1,1,1.0,6.0
201800031424,0018-02-22 15:38:00,18,2,22,15,38,850,216,D137,46.47115,-1.10992,Plein jour,Hors agglomération,Intersection en X,Normale,Deux véhicules - côté,,,,,,,,,,,1,1,2,1.0,3.0
201800031425,0018-03-23 14:00:00,18,3,23,14,0,850,233,Z.I du Vignaud,46.52503,-1.08169,Plein jour,Hors agglomération,Giratoire,Pluie légère,Deux véhicules - côté,,,,,,,,,,,1,1,6,2.0,3.0
201800031426,0018-04-10 14:15:00,18,4,10,14,15,850,128,RD949,46.46865,-1.15461,Plein jour,Hors agglomération,Hors intersection,Pluie légère,Deux véhicules - frontale,,,,,,,,,,,1,1,1,2.0,1.0
201800031427,0018-04-16 17:51:00,18,4,16,17,51,850,254,,46.80385,-0.7169,Plein jour,Hors agglomération,Hors intersection,Normale,Deux véhicules - frontale,,,,,,,,,,,1,1,1,1.0,1.0
201800031428,0018-04-20 23:46:00,18,4,20,23,46,850,188,LA MOTTE,46.58874,-1.04143,Nuit avec éclairage non allumé,En agglomération,Hors intersection,Normale,Deux véhicules - frontale,,,,,,,,,,,4,2,1,1.0,1.0