accident_id,datetime,annee,mois,jour,heure,minute,departement,commune_insee,adresse,latitude,longitude,luminosite,agglomeration,intersection,meteo,collision,nb_vehicules,nb_usagers,nb_indemnes,nb_tues,nb_blesses_hosp,nb_blesses_legers,age_cond_1,age_cond_2,veh_type_cond_1,veh_type_cond_2,lum_code,agg_code,int_code,atm_code,col_code
201800031669,0018-03-01 19:30:00,18,3,1,19,30,670,218,"0, NEUHOF (ROUTE DE)",48.53859,7.73786,Nuit sans éclairage public,Hors agglomération,Hors intersection,Normale,Trois véhicules et plus - collisions multiples,,,,,,,,,,,3,1,1,1.0,5.0
201800031670,0018-03-02 14:50:00,18,3,2,14,50,670,482,"0, ROBERTSAU (ALLEE DE L",48.59146,7.76918,Plein jour,En agglomération,Intersection en T,Normale,Deux véhicules - côté,,,,,,,,,,,1,2,3,1.0,3.0
201800031671,0018-03-02 18:45:00,18,3,2,18,45,670,482,"0, FEGERSHEIM (RUE DE)",48.56778,7.7708,Nuit avec éclairage allumé,En agglomération,Intersection en T,Neige / grêle,Trois véhicules et plus - en chaîne,,,,,,,,,,,5,2,3,4.0,4.0
201800031672,0018-03-03 19:50:00,18,3,3,19,50,670,204,"26, BRUMATH (ROUTE DE)",48.62143,7.73084,Nuit avec éclairage allumé,En agglomération,Hors intersection,Temps couvert,Deux véhicules - arrière,,,,,,,,,,,5,2,1,8.0,2.0
201800031673,0018-03-06 19:00:00,18,3,6,19,0,670,43,"65, BISCHWILLER (ROUTE D",48.59668,7.74161,Nuit avec éclairage allumé,En agglomération,Hors intersection,Temps couvert,Autre collision,,,,,,,,,,,5,2,1,8.0,6.0
201800031674,0018-03-07 17:30:00,18,3,7,17,30,670,447,"12, POMPIERS (RUE DES)",48.6064,7.75024,Plein jour,En agglomération,Intersection en T,Normale,Autre collision,,,,,,,,,,,1,2,3,1.0,6.0
201800031675,0018-03-08 05:50:00,18,3,8,5,50,670,482,THUMENAU (RUE DE LA),48.57173,7.75493,Nuit avec éclairage allumé,En agglomération,Intersection en Y,Pluie légère,Deux véhicules - côté,,,,,,,,,,,5,2,4,2.0,3.0
201800031676,0018-03-08 09:00:00,18,3,8,9,0,670,482,"0, KIRSCHLEGER (RUE)",48.57665,7.74139,Plein jour,En agglomération,Hors intersection,Normale,Autre collision,,,,,,,,,,,1,2,1,1.0,6.0
201800031677,0018-03-09 01:00:00,18,3,9,1,0,670,482,"305, SCHIRMECK (ROUTE DE",48.56165,7.6958,Nuit avec éclairage allumé,En agglomération,Hors intersection,Normale,Deux véhicules - frontale,,,,,,,,,,,5,2,1,1.0,1.0
201800031678,0018-03-09 18:30:00,18,3,9,18,30,670,218,NEUHOF (ROUTE DE),48.53846,7.73765,Nuit sans éclairage public,Hors agglomération,Hors intersection,Normale,Deux véhicules - frontale,,,,,,,,,,,3,1,1,1.0,1.0
201800031679,0018-03-09 19:30:00,18,3,9,19,30,670,482,"0, EXTENWOERTH (RUE DE L",48.56059,7.75281,Nuit avec éclairage allumé,En agglomération,Hors intersection,Normale,Autre collision,,,,,,,,,,,5,2,1,1.0,6.0
201800031680,0018-03-12 07:55:00,18,3,12,7,55,670,482,"0, OBERELSAU (RUE DE L )",48.57076,7.71009,Plein jour,En agglomération,Intersection en T,Pluie légère,Autre collision,,,,,,,,,,,1,2,3,2.0,6.0
201800031681,0018-03-12 08:00:00,18,3,12,8,0,670,482,"0, PAUL DOPFF (RUE)",48.55603,7.77313,Plein jour,En agglomération,Intersection en T,Temps couvert,Deux véhicules - côté,,,,,,,,,,,1,2,3,8.0,3.0
201800031682,0018-03-12 19:05:00,18,3,12,19,5,670,218,"98, STRASBOURG (AVENUE D",48.54438,7.73697,Nuit avec éclairage allumé,En agglomération,Hors intersection,Pluie légère,Autre collision,,,,,,,,,,,5,2,1,2.0,6.0
201800031683,0018-03-14 12:10:00,18,3,14,12,10,670,482,"0, SCHIRMECK (ROUTE DE)",48.57479,7.72598,Plein jour,En agglomération,Intersection en T,Normale,Deux véhicules - côté,,,,,,,,,,,1,2,3,1.0,3.0
201800031684,0018-03-14 17:40:00,18,3,14,17,40,670,482,"16, VIEUX MARCHE AUX VIN",48.5843,7.74394,Plein jour,En agglomération,Hors intersection,Normale,Autre collision,,,,,,,,,,,1,2,1,1.0,6.0
201800031685,0018-03-15 12:20:00,18,3,15,12,20,670,482,"0, ORPHELINS (RUE DES)",48.57911,7.75548,Plein jour,En agglomération,Intersection en T,Temps couvert,Deux véhicules - côté,,,,,,,,,,,1,2,3,8.0,3.0
201800031686,0018-03-16 20:05:00,18,3,16,20,5,670,482,"0, HERRENSCHMIDT (AVENUE",48.59884,7.7529,Nuit avec éclairage allumé,En agglomération,Hors intersection,Normale,Deux véhicules - côté,,,,,,,,,,,5,2,1,1.0,3.0
201800031687,0018-03-17 06:40:00,18,3,17,6,40,670,482,"0, MATHISS (QUAI)",48.57782,7.73643,Crépuscule ou aube,En agglomération,Hors intersection,Normale,Autre collision,,,,,,,,,,,2,2,1,1.0,6.0
201800031688,0018-03-17 19:30:00,18,3,17,19,30,670,218,"0, LYON (RTE DE)",48.53028,7.71226,Nuit avec éclairage allumé,En agglomération,Hors intersection,Neige / grêle,Autre collision,,,,,,,,,,,5,2,1,4.0,6.0
201800031689,0018-03-20 20:40:00,18,3,20,20,40,670,482,NEUHOF (ROUTE),48.55478,7.76628,Crépuscule ou aube,En agglomération,Hors intersection,Normale,Autre collision,,,,,,,,,,,2,2,1,1.0,6.0
201800031690,0018-03-26 19:00:00,18,3,26,19,0,670,482,"0, REMPART (RUE DU)",48.58074,7.72763,Plein jour,En agglomération,Intersection en T,Normale,Deux véhicules - côté,,,,,,,,,,,1,2,3,1.0,3.0
201800031691,0018-03-27 13:50:00,18,3,27,13,50,670,43,"0, PHILIPPE RUEFF (RUE)",48.61081,7.76645,Plein jour,En agglomération,Intersection en T,Normale,Deux véhicules - côté,,,,,,,,,,,1,2,3,1.0,3.0
201800031692,0018-03-29 16:10:00,18,3,29,16,10,670,204,"1, LANDSBERG (RUE DU)",48.62398,7.76848,Plein jour,En agglomération,Hors intersection,Normale,Autre collision,,,,,,,,,,,1,2,1,1.0,6.0
201800031693,0018-03-29 19:10:00,18,3,29,19,10,670,482,"0, ZIEGELAU (RUE DE LA)",48.56449,7.76634,Crépuscule ou aube,En agglomération,Intersection en T,Normale,Deux véhicules - côté,,,,,,,,,,,2,2,3,1.0,3.0
201800031694,0018-04-01 09:45:00,18,4,1,9,45,670,482,MUSAU (RUE DE LA),48.56334,7.77911,Plein jour,En agglomération,Hors intersection,Pluie légère,Autre collision,,,,,,,,,,,1,2,1,2.0,6.0
201800031695,0018-04-02 14:30:00,18,4,2,14,30,670,482,ROMAINS (ROUTE DES),48.57936,7.71444,Plein jour,En agglomération,Intersection en T,Normale,Trois véhicules et plus - collisions multiples,,,,,,,,,,,1,2,3,1.0,5.0
201800031696,0018-04-02 14:35:00,18,4,2,14,35,670,482,DAHLENHEIM (RUE DE),48.5643,7.70256,Plein jour,En agglomération,Hors intersection,Normale,Deux véhicules - côté,,,,,,,,,,,1,2,1,1.0,3.0
201800031697,0018-04-02 19:30:00,18,4,2,19,30,670,43,TROIS MAIRES (RUE DES),48.63173,7.77658,Plein jour,Hors agglomération,Intersection en T,Normale,Deux véhicules - côté,,,,,,,,,,,1,1,3,1.0,3.0
201800031698,0018-04-04 08:10:00,18,4,4,8,10,670,447,GENERAL DE GAULLE (ROUTE,48.60666,7.73586,Plein jour,En agglomération,Intersection en T,Pluie légère,Autre collision,,,,,,,,,,,1,2,3,2.0,6.0
201800031699,0018-04-05 12:08:00,18,4,5,12,8,670,482,WALLONIE (RUE DE),48.58197,7.77489,Plein jour,En agglomération,Intersection en T,Normale,Deux véhicules - frontale,,,,,,,,,,,1,2,3,1.0,1.0
201800031700,0018-04-05 12:30:00,18,4,5,12,30,670,482,COLMAR (AVENUE DE),48.56488,7.75235,Plein jour,En agglomération,Hors intersection,Normale,Autre collision,,,,,,,,,,,1,2,1,1.0,6.0
201800031701,0018-04-05 15:00:00,18,4,5,15,0,670,482,MAGASINS (PETITE RUE DES,48.58901,7.73892,Plein jour,En agglomération,Hors intersection,Normale,Deux véhicules - côté,,,,,,,,,,,1,2,1,1.0,3.0
201800031702,0018-04-06 09:55:00,18,4,6,9,55,670,482,JACQUES KABLE (RUE),48.59223,7.74398,Plein jour,En agglomération,Hors intersection,Normale,Deux véhicules - côté,,,,,,,,,,,1,2,1,1.0,3.0
201800031703,0018-04-07 09:55:00,18,4,7,9,55,670,447,PIERRE MENDES FRANCE (AV,48.60728,7.76221,Plein jour,En agglomération,Hors intersection,Normale,Autre collision,,,,,,,,,,,1,2,1,1.0,6.0
201800031704,0018-04-07 11:05:00,18,4,7,11,5,670,482,PAPETERIE (RUE DE LA),48.6107,7.78231,Plein jour,En agglomération,Hors intersection,Normale,Deux véhicules - arrière,,,,,,,,,,,1,2,1,1.0,2.0
201800031705,0018-04-07 16:00:00,18,4,7,16,0,670,447,BISCHWILLER (ROUTE DE),48.60503,7.74782,Plein jour,En agglomération,Hors intersection,Normale,Autre collision,,,,,,,,,,,1,2,1,1.0,6.0
201800031706,0018-04-08 14:25:00,18,4,8,14,25,670,267,MOZART (RUE),48.55665,7.68511,Plein jour,En agglomération,Hors intersection,Normale,Autre collision,,,,,,,,,,,1,2,1,1.0,6.0
201800031707,0018-04-08 15:15:00,18,4,8,15,15,670,482,DOCTEUR MAURICE FREYSZ (,48.59979,7.78113,Plein jour,En agglomération,Hors intersection,Normale,Deux véhicules - côté,,,,,,,,,,,1,2,1,1.0,3.0
201800031708,0018-04-08 19:55:00,18,4,8,19,55,670,482,RHIN (AVENUE DU),48.57425,7.7709,Crépuscule ou aube,En agglomération,Intersection en T,Normale,Deux véhicules - côté,,,,,,,,,,,2,2,3,1.0,3.0
201800031709,0018-04-09 08:58:00,18,4,9,8,58,670,482,COLMAR (AVENUE DE),48.56167,7.75221,Plein jour,En agglomération,Hors intersection,Normale,Deux véhicules - arrière,,,,,,,,,,,1,2,1,1.0,2.0
201800031710,0018-04-09 18:50:00,18,4,9,18,50,670,482,FRANOIS MITTERRAND (AVE,48.58719,7.69733,Plein jour,En agglomération,Intersection en X,Normale,Deux véhicules - côté,,,,,,,,,,,1,2,2,1.0,3.0
201800031711,0018-04-09 22:45:00,18,4,9,22,45,670,482,SCHULMEISTER (RUE),48.54986,7.75505,Nuit sans éclairage public,En agglomération,Hors intersection,Normale,Autre collision,,,,,,,,,,,3,2,1,1.0,6.0
201800031712,0018-04-10 08:10:00,18,4,10,8,10,670,482,VOSGES (AVENUE DES),48.58753,7.75807,Plein jour,En agglomération,Hors intersection,Normale,Deux véhicules - arrière,,,,,,,,,,,1,2,1,1.0,2.0
201800031713,0018-04-11 17:50:00,18,4,11,17,50,670,482,KASTNER (ALLEE),48.59559,7.77769,Plein jour,En agglomération,Hors intersection,Normale,Autre collision,,,,,,,,,,,1,2,1,1.0,6.0
201800031714,0018-04-12 15:40:00,18,4,12,15,40,670,447,MAIRIE (RUE DE LA),48.60398,7.74937,Plein jour,En agglomération,Hors intersection,Normale,Autre collision,,,,,,,,,,,1,2,1,1.0,6.0
201800031715,0018-04-13 17:05:00,18,4,13,17,5,670,482,PLAINE DES BOUCHERS (RUE,48.5618,7.7381,Plein jour,En agglomération,Hors intersection,Normale,Deux véhicules - côté,,,,,,,,,,,1,2,1,1.0,3.0
201800031716,0018-04-16 07:55:00,18,4,16,7,55,670,218,NEUHOF (ROUTE DE),48.55521,7.76627,Plein jour,En agglomération,Hors intersection,Normale,Deux véhicules - arrière,,,,,,,,,,,1,2,1,1.0,2.0
201800031717,0018-04-16 08:10:00,18,4,16,8,10,670,482,HOPITAL (ROUTE DE L ),48.56791,7.75149,Plein jour,En agglomération,Hors intersection,Normale,Autre collision,,,,,,,,,,,1,2,1,1.0,6.0
201800031718,0018-04-16 20:25:00,18,4,16,20,25,670,204,TROIS MAIRES (RUE DES),48.62325,7.77163,Crépuscule ou aube,Hors agglomération,Intersection en X,Normale,Deux véhicules - côté,,,,,,,,,,,2,1,2,1.0,3.0
201800031719,0018-04-18 17:13:00,18,4,18,17,13,670,482,BELGES (QUAI DES),48.57548,7.77794,Plein jour,En agglomération,Hors intersection,Normale,Autre collision,,,,,,,,,,,1,2,1,1.0,6.0
201800031720,0018-04-19 21:30:00,18,4,19,21,30,670,482,BUCAREST (RUE DE),48.56959,7.77594,Nuit avec éclairage non allumé,En agglomération,Hors intersection,Normale,Autre collision,,,,,,,,,,,4,2,1,1.0,6.0
201800031721,0018-04-20 12:00:00,18,4,20,12,0,670,482,CHARMILLE (RUE DE LA),48.58558,7.7182,Plein jour,En agglomération,Intersection en T,Normale,Autre collision,,,,,,,,,,,1,2,3,1.0,6.0
201800031722,0018-04-20 14:05:00,18,4,20,14,5,670,482,MOLSHEIM (RUE DE),48.58002,7.73567,Plein jour,En agglomération,Intersection en X,Normale,Deux véhicules - côté,,,,,,,,,,,1,2,2,1.0,3.0
201800031723,0018-04-20 17:20:00,18,4,20,17,20,670,482,NORMANDIE (AVENUE DE),48.5491,7.75387,Plein jour,En agglomération,Intersection en T,Normale,Deux véhicules - côté,,,,,,,,,,,1,2,3,1.0,3.0
201800031724,0018-04-21 13:40:00,18,4,21,13,40,670,482,JEAN GIRAUDOUX (RUE),48.58769,7.70149,Plein jour,En agglomération,Hors intersection,Normale,Autre collision,,,,,,,,,,,1,2,1,1.0,6.0
201800031725,0018-04-21 18:20:00,18,4,21,18,20,670,43,VENDENHEIM (RUE DE),48.61557,7.73346,Plein jour,En agglomération,Hors intersection,Normale,Autre collision,,,,,,,,,,,1,2,1,1.0,6.0
201800031726,0018-04-24 14:40:00,18,4,24,14,40,670,482,RHIN (ROUTE DU),48.57134,7.79546,Plein jour,En agglomération,Intersection en T,Normale,Deux véhicules - côté,,,,,,,,,,,1,2,3,1.0,3.0
201800031727,0018-04-24 16:40:00,18,4,24,16,40,670,482,GARE (PLACE DE LA),48.58402,7.73545,Plein jour,En agglomération,Hors intersection,Normale,Autre collision,,,,,,,,,,,1,2,1,1.0,6.0
201800031728,0018-04-26 18:50:00,18,4,26,18,50,670,482,MITTELHAUSBERGEN (ROUTE,48.59902,7.71296,Plein jour,En agglomération,Hors intersection,Temps éblouissant,Autre collision,,,,,,,,,,,1,2,1,7.0,6.0
201800031729,0018-04-28 00:50:00,18,4,28,0,50,670,482,SCHIRMECK (ROUTE DE),48.26897,7.7101,Nuit avec éclairage non allumé,En agglomération,Hors intersection,Normale,Autre collision,,,,,,,,,,,4,2,1,1.0,6.0
201800031730,0018-04-30 15:25:00,18,4,30,15,25,670,482,COLMAR (AVENUE DE),48.55712,7.74754,Plein jour,En agglomération,Autre intersection,Normale,Deux véhicules - côté,,,,,,,,,,,1,2,9,1.0,3.0
201800031731,0018-05-01 10:00:00,18,5,1,10,0,670,482,GENERAL KOENIG (QUAI DU),48.5752,7.75343,Plein jour,En agglomération,Intersection en X,Normale,Deux véhicules - arrière,,,,,,,,,,,1,2,2,1.0,2.0
201800031732,0018-05-03 18:45:00,18,5,3,18,45,670,482,RHIN TORTU (RUE DU),48.54873,7.75779,Plein jour,En agglomération,Hors intersection,Normale,Deux véhicules - côté,,,,,,,,,,,1,2,1,1.0,3.0
201800031733,0018-05-06 19:55:00,18,5,6,19,55,670,482,DUCS (RUE DES),48.59108,7.71585,Crépuscule ou aube,En agglomération,Intersection en X,Temps éblouissant,Deux véhicules - côté,,,,,,,,,,,2,2,2,7.0,3.0
201800031734,0018-05-07 16:30:00,18,5,7,16,30,670,267,FAUVETTES (RUE DES),48.52859,7.77242,Plein jour,En agglomération,Hors intersection,Normale,Autre collision,,,,,,,,,,,1,2,1,1.0,6.0
201800031735,0018-05-09 14:55:00,18,5,9,14,55,670,482,PLAINE DES BOUCHERS (RUE,48.55517,7.7374,Plein jour,En agglomération,Intersection en X,Normale,Deux véhicules - côté,,,,,,,,,,,1,2,2,1.0,3.0
201800031736,0018-05-14 14:05:00,18,5,14,14,5,670,204,FONTAINE (RUE DE LA),48.62366,7.74824,Plein jour,Hors agglomération,Hors intersection,Temps couvert,Deux véhicules - frontale,,,,,,,,,,,1,1,1,8.0,1.0
201800031737,0018-05-14 17:45:00,18,5,14,17,45,670,218,ORME (RUE DE L ),48.51733,7.72007,Plein jour,En agglomération,Intersection en T,Normale,Deux véhicules - côté,,,,,,,,,,,1,2,3,1.0,3.0
201800031738,0018-05-15 10:00:00,18,5,15,10,0,670,482,FEDERATION (ROUTE DE LA),48.56278,7.74362,Plein jour,En agglomération,Hors intersection,Temps couvert,Deux véhicules - arrière,,,,,,,,,,,1,2,1,8.0,2.0
201800031739,0018-05-15 12:00:00,18,5,15,12,0,670,482,PLAINE DES BOUCHERS (RUE,48.57113,7.73598,Plein jour,En agglomération,Autre intersection,Temps couvert,Deux véhicules - côté,,,,,,,,,,,1,2,9,8.0,3.0
201800031740,0018-05-15 17:50:00,18,5,15,17,50,670,218,RHIN (ROUTE DU),48.5097,7.72949,Plein jour,En agglomération,Autre intersection,Normale,Deux véhicules - côté,,,,,,,,,,,1,2,9,1.0,3.0
201800031741,0018-05-15 17:55:00,18,5,15,17,55,670,447,POMPIERS (RUE DES),48.60629,7.75009,Plein jour,En agglomération,Autre intersection,Normale,Deux véhicules - côté,,,,,,,,,,,1,2,9,1.0,3.0
201800031742,0018-05-15 18:30:00,18,5,15,18,30,670,204,WANTZENAU (ROUTE DE LA),48.63084,7.76449,Plein jour,En agglomération,Giratoire,Normale,Deux véhicules - côté,,,,,,,,,,,1,2,6,1.0,3.0
201800031743,0018-05-16 17:00:00,18,5,16,17,0,670,482,ROMAINS (ROUTE DES),48.57938,7.71543,Plein jour,En agglomération,Autre intersection,Normale,Deux véhicules - côté,,,,,,,,,,,1,2,9,1.0,3.0
201800031744,0018-05-16 17:30:00,18,5,16,17,30,670,482,CHAMP DE MANOEUVRE (RUE,48.60282,7.71095,Plein jour,En agglomération,Autre intersection,Temps couvert,Deux véhicules - côté,,,,,,,,,,,1,2,9,8.0,3.0
201800031745,0018-05-17 18:15:00,18,5,17,18,15,670,482,THUMENAU (RUE DE LA),48.57178,7.75591,Plein jour,En agglomération,Hors intersection,Normale,Deux véhicules - côté,,,,,,,,,,,1,2,1,1.0,3.0
201800031746,0018-05-18 12:55:00,18,5,18,12,55,670,482,NUEE BLEUE (RUE DE LA),48.58556,7.74746,Plein jour,En agglomération,Intersection en T,Normale,Deux véhicules - côté,,,,,,,,,,,1,2,3,1.0,3.0
201800031747,0018-05-23 10:00:00,18,5,23,10,0,670,482,FINKMATT (QUAI),48.58703,7.74653,Plein jour,En agglomération,Intersection en T,Normale,Deux véhicules - côté,,,,,,,,,,,1,2,3,1.0,3.0
201800031748,0018-05-24 17:40:00,18,5,24,17,40,670,267,PEAUSERIES (RUE DES),48.55881,7.69814,Plein jour,En agglomération,Hors intersection,Normale,Autre collision,,,,,,,,,,,1,2,1,1.0,6.0
201800031749,0018-05-25 08:30:00,18,5,25,8,30,670,482,WANTZENAU (RTE DE LA),48.61761,7.78833,Plein jour,En agglomération,Hors intersection,Normale,Deux véhicules - côté,,,,,,,,,,,1,2,1,1.0,3.0
201800031750,0018-05-25 21:40:00,18,5,25,21,40,670,218,NEUHOF (ROUTE DE),48.5386,7.73765,Nuit sans éclairage public,Hors agglomération,Hors intersection,Normale,Deux véhicules - arrière,,,,,,,,,,,3,1,1,1.0,2.0
201800031751,0018-05-25 13:10:00,18,5,25,13,10,670,482,BOECKLIN (RUE),48.60035,7.78041,Plein jour,En agglomération,Hors intersection,Normale,Autre collision,,,,,,,,,,,1,2,1,1.0,6.0
201800031752,0018-05-25 15:35:00,18,5,25,15,35,670,482,VIRGILE (RUE),48.58096,7.69617,Plein jour,En agglomération,Intersection en T,Normale,Autre collision,,,,,,,,,,,1,2,3,1.0,6.0
201800031753,0018-05-26 10:20:00,18,5,26,10,20,670,482,ROTTERDAM (RUE DE),48.58314,7.77873,Plein jour,En agglomération,Giratoire,Normale,Deux véhicules - côté,,,,,,,,,,,1,2,6,1.0,3.0
201800031754,0018-05-26 12:10:00,18,5,26,12,10,670,482,SOULTZMATT (RUE DE),48.56829,7.7544,Plein jour,En agglomération,Intersection en T,Normale,Deux véhicules - côté,,,,,,,,,,,1,2,3,1.0,3.0
201800031755,0018-05-26 16:00:00,18,5,26,16,0,670,482,ALPES (QUAI DES),48.57458,7.76673,Plein jour,En agglomération,Intersection en T,Normale,Deux véhicules - frontale,,,,,,,,,,,1,2,3,1.0,1.0
201800031756,0018-05-27 12:55:00,18,5,27,12,55,670,482,HAUTEFORT (RUE DE),48.54905,7.76859,Plein jour,En agglomération,Hors intersection,Normale,Autre collision,,,,,,,,,,,1,2,1,1.0,6.0
201800031757,0018-05-27 23:20:00,18,5,27,23,20,670,482,HOCHFELDEN (RUE DE),48.60328,7.72116,Nuit avec éclairage allumé,En agglomération,Intersection en T,Normale,Deux véhicules - arrière,,,,,,,,,,,5,2,3,1.0,2.0
201800031758,0018-05-31 12:15:00,18,5,31,12,15,670,482,PRESIDENT POINCARE (BOUL,48.59018,7.74398,Plein jour,En agglomération,Hors intersection,Normale,Autre collision,,,,,,,,,,,1,2,1,1.0,6.0
201800031759,0018-05-31 23:10:00,18,5,31,23,10,670,204,BRUMATH (ROUTE DE),48.62329,7.73044,Nuit avec éclairage allumé,En agglomération,Intersection en X,Pluie forte,Deux véhicules - côté,,,,,,,,,,,5,2,2,3.0,3.0
201800031760,0018-06-01 03:40:00,18,6,1,3,40,670,482,POLYGONE (ROUTE DU),48.56545,7.75951,Nuit avec éclairage allumé,En agglomération,Intersection en T,Normale,Deux véhicules - côté,,,,,,,,,,,5,2,3,1.0,3.0
201800031761,0018-06-01 15:40:00,18,6,1,15,40,670,447,EUROPE (AVENUE DE L ),48.61317,7.71605,Plein jour,En agglomération,Intersection en T,Normale,Deux véhicules - côté,,,,,,,,,,,1,2,3,1.0,3.0
201800031762,0018-06-03 22:40:00,18,6,3,22,40,670,482,ROMAINS (ROUTE DES),48.57822,7.7073,Nuit sans éclairage public,En agglomération,Hors intersection,Normale,Deux véhicules - arrière,,,,,,,,,,,3,2,1,1.0,2.0
201800031763,0018-06-04 02:30:00,18,6,4,2,30,670,482,OBERHAUSBERGEN (ROUTE D,48.59423,7.71124,Nuit avec éclairage allumé,En agglomération,Hors intersection,Normale,Deux véhicules - côté,,,,,,,,,,,5,2,1,1.0,3.0
201800031764,0018-06-05 22:35:00,18,6,5,22,35,670,482,MOLIERE (AVENUE),48.5941,7.70788,Nuit avec éclairage allumé,En agglomération,Intersection en T,Normale,Deux véhicules - côté,,,,,,,,,,,5,2,3,1.0,3.0
201800031765,0018-06-06 15:05:00,18,6,6,15,5,670,482,PRESIDENT WILSON (BOULEV,48.58603,7.737,Plein jour,En agglomération,Intersection en T,Normale,Deux véhicules - côté,,,,,,,,,,,1,2,3,1.0,3.0
201800031766,0018-06-07 08:40:00,18,6,7,8,40,670,482,ROMAINS (ROUTE DES),48.57857,7.7104,Plein jour,En agglomération,Hors intersection,Temps couvert,Deux véhicules - côté,,,,,,,,,,,1,2,1,8.0,3.0
201800031767,0018-06-07 10:40:00,18,6,7,10,40,670,482,ROETHIG (RUE DU),48.5669,7.70446,Plein jour,En agglomération,Hors intersection,Temps couvert,Deux véhicules - arrière,,,,,,,,,,,1,2,1,8.0,2.0
201800031768,0018-06-07 15:20:00,18,6,7,15,20,670,447,KLEBER (RUE),48.60796,7.73372,Plein jour,En agglomération,Hors intersection,Normale,Deux véhicules - côté,,,,,,,,,,,1,2,1,1.0,3.0
201800031769,0018-06-08 16:15:00,18,6,8,16,15,670,482,HOPITAL (ROUTE DE L ),48.57319,7.75024,Plein jour,En agglomération,Intersection en T,Normale,Deux véhicules - côté,,,,,,,,,,,1,2,3,1.0,3.0
201800031770,0018-06-08 18:15:00,18,6,8,18,15,670,482,KEMBS (RUE DE),48.56745,7.76252,Plein jour,En agglomération,Intersection en T,Normale,Autre collision,,,,,,,,,,,1,2,3,1.0,6.0
201800031771,0018-06-10 05:45:00,18,6,10,5,45,670,482,GENERAL CONRAD (RUE DU),48.58708,7.78547,Crépuscule ou aube,En agglomération,Hors intersection,Normale,Autre collision,,,,,,,,,,,2,2,1,1.0,6.0
201800031772,0018-06-10 13:20:00,18,6,10,13,20,670,482,VICTOIRE (BOULEVARD DE L,48.58154,7.76826,Plein jour,En agglomération,Hors intersection,Normale,Autre collision,,,,,,,,,,,1,2,1,1.0,6.0
201800031773,0018-06-11 01:10:00,18,6,11,1,10,670,447,MAIRIE (RUE DE LA),48.60422,7.7478,Nuit avec éclairage allumé,En agglomération,Intersection en T,Normale,Deux véhicules - côté,,,,,,,,,,,5,2,3,1.0,3.0
201800031774,0018-06-12 14:10:00,18,6,12,14,10,670,218,FORT UHRICH (ROUTE DU),48.51252,7.71778,Plein jour,Hors agglomération,Intersection en T,Normale,Deux véhicules - côté,,,,,,,,,,,1,1,3,1.0,3.0
201800031775,0018-06-12 18:00:00,18,6,12,18,0,670,482,LAUSANNE (RUE DE),48.57552,7.75578,Plein jour,En agglomération,Hors intersection,Temps couvert,Deux véhicules - côté,,,,,,,,,,,1,2,1,8.0,3.0
201800031776,0018-06-12 20:50:00,18,6,12,20,50,670,482,MONTAGNE VERTE (RUE DE L,48.56961,7.73322,Plein jour,En agglomération,Hors intersection,Pluie légère,Deux véhicules - frontale,,,,,,,,,,,1,2,1,2.0,1.0
201800031777,0018-06-13 11:35:00,18,6,13,11,35,670,218,STRASBOURG (AVENUE DE),48.54694,7.73998,Plein jour,En agglomération,Hors intersection,Temps couvert,Deux véhicules - arrière,,,,,,,,,,,1,2,1,8.0,2.0
201800031778,0018-06-13 19:05:00,18,6,13,19,5,670,482,VOSGES (AVENUE DES),48.59089,7.74624,Plein jour,En agglomération,Intersection en T,Normale,Deux véhicules - frontale,,,,,,,,,,,1,2,3,1.0,1.0
201800031779,0018-06-14 11:40:00,18,6,14,11,40,670,218,BURKEL (ROUTE),48.51526,7.71234,Plein jour,En agglomération,Hors intersection,Normale,Autre collision,,,,,,,,,,,1,2,1,1.0,6.0
201800031780,0018-06-15 09:10:00,18,6,15,9,10,670,482,SAINTE MARGUERITE (RUE),48.58125,7.73673,Plein jour,En agglomération,Hors intersection,Normale,Autre collision,,,,,,,,,,,1,2,1,1.0,6.0
201800031781,0018-06-16 12:45:00,18,6,16,12,45,670,218,STRASBOURG (AVENUE DE),48.5453,7.73839,Plein jour,En agglomération,Hors intersection,Normale,Autre collision,,,,,,,,,,,1,2,1,1.0,6.0
201800031782,0018-06-17 18:00:00,18,6,17,18,0,670,43,MARAIS (RUE DU),48.61249,7.76727,Plein jour,En agglomération,Intersection en T,Normale,Deux véhicules - côté,,,,,,,,,,,1,2,3,1.0,3.0
201800031783,0018-06-18 09:40:00,18,6,18,9,40,670,482,OSTWALD (PLACE D ),48.5642,7.70684,Plein jour,En agglomération,Hors intersection,Normale,Deux véhicules - arrière,,,,,,,,,,,1,2,1,1.0,2.0
201800031784,0018-06-18 18:15:00,18,6,18,18,15,670,447,EUROPE (AVENUE DE L ),48.61319,7.71588,Plein jour,En agglomération,Intersection en T,Normale,Deux véhicules - côté,,,,,,,,,,,1,2,3,1.0,3.0
201800031785,0018-06-18 22:40:00,18,6,18,22,40,670,482,VITRY LE FRANCOIS (AVENU,48.57092,7.79535,Nuit avec éclairage allumé,En agglomération,Intersection en T,Normale,Deux véhicules - côté,,,,,,,,,,,5,2,3,1.0,3.0
201800031786,0018-06-20 07:30:00,18,6,20,7,30,670,482,ALPES (QUAI DES),48.57472,7.76329,Plein jour,En agglomération,Hors intersection,Normale,Deux véhicules - frontale,,,,,,,,,,,1,2,1,1.0,1.0
201800031787,0018-06-21 10:40:00,18,6,21,10,40,670,482,PIERRE PFLIMLIN (BOULEVA,48.59962,7.76814,Plein jour,En agglomération,Hors intersection,Normale,Deux véhicules - arrière,,,,,,,,,,,1,2,1,1.0,2.0
201800031788,0018-06-21 16:10:00,18,6,21,16,10,670,447,SELESTAT (RUE DE),48.61013,7.73975,Plein jour,En agglomération,Intersection en T,Normale,Deux véhicules - côté,,,,,,,,,,,1,2,3,1.0,3.0