accident_id,datetime,annee,mois,jour,heure,minute,departement,commune_insee,adresse,latitude,longitude,luminosite,agglomeration,intersection,meteo,collision,nb_vehicules,nb_usagers,nb_indemnes,nb_tues,nb_blesses_hosp,nb_blesses_legers,age_cond_1,age_cond_2,veh_type_cond_1,veh_type_cond_2,lum_code,agg_code,int_code,atm_code,col_code
201800031909,0018-09-07 16:05:00,18,9,7,16,5,670,447,BISCHWILLER (ROUTE DE),48.60138,7.73886,Plein jour,En agglomération,Intersection en T,Normale,Deux véhicules - côté,,,,,,,,,,,1,2,3,1.0,3.0
201800031910,0018-09-07 18:20:00,18,9,7,18,20,670,447,BITCHE (RUE DE),48.6095,7.75365,Plein jour,En agglomération,Intersection en T,Normale,Deux véhicules - côté,,,,,,,,,,,1,2,3,1.0,3.0
201800031911,0018-09-08 01:15:00,18,9,8,1,15,670,482,PAUL DOPFF (RUE),48.55618,7.77319,Nuit avec éclairage allumé,Hors agglomération,Hors intersection,Normale,Autre collision,,,,,,,,,,,5,1,1,1.0,6.0
201800031912,0018-09-08 16:50:00,18,9,8,16,50,670,482,RHIN TORTU (RUE DU),48.5479,7.75797,Plein jour,En agglomération,Intersection en T,Normale,Deux véhicules - côté,,,,,,,,,,,1,2,3,1.0,3.0
201800031913,0018-09-08 21:10:00,18,9,8,21,10,670,267,MARECHAL FOCH (RUE DU),48.58938,7.74923,Nuit avec éclairage allumé,En agglomération,Intersection en T,Normale,Deux véhicules - côté,,,,,,,,,,,5,2,3,1.0,3.0
201800031914,0018-09-09 20:35:00,18,9,9,20,35,670,482,REUSS (ALLEE),48.5451,7.7681,Nuit avec éclairage allumé,En agglomération,Hors intersection,Normale,Autre collision,,,,,,,,,,,5,2,1,1.0,6.0
201800031915,0018-09-10 07:57:00,18,9,10,7,57,670,267,OSTWALD (RUE D ),48.55113,7.6902,Plein jour,En agglomération,Hors intersection,Normale,Deux véhicules - côté,,,,,,,,,,,1,2,1,1.0,3.0
201800031916,0018-09-10 20:00:00,18,9,10,20,0,670,482,GARE (PLACE DE LA),48.58394,7.73424,Crépuscule ou aube,En agglomération,Hors intersection,Normale,Autre collision,,,,,,,,,,,2,2,1,1.0,6.0
201800031917,0018-09-11 07:55:00,18,9,11,7,55,670,482,MASSENET (RUE),48.58832,7.7721,Plein jour,En agglomération,Hors intersection,Normale,Deux véhicules - côté,,,,,,,,,,,1,2,1,1.0,3.0
201800031918,0018-09-11 08:27:00,18,9,11,8,27,670,482,SOLIGNAC (RUE DE),48.55176,7.76226,Plein jour,En agglomération,Hors intersection,Temps éblouissant,Autre collision,,,,,,,,,,,1,2,1,7.0,6.0
201800031919,0018-09-11 12:15:00,18,9,11,12,15,670,482,LA FONTAINE (BOULEVARD),48.59071,7.70303,Plein jour,En agglomération,Hors intersection,Normale,Autre collision,,,,,,,,,,,1,2,1,1.0,6.0
201800031920,0018-09-11 17:45:00,18,9,11,17,45,670,482,LA FONTAINE (BOULEVARD),48.59098,7.70293,Crépuscule ou aube,En agglomération,Hors intersection,Normale,Deux véhicules - côté,,,,,,,,,,,2,2,1,1.0,3.0
201800031921,0018-09-13 14:15:00,18,9,13,14,15,670,482,LA ROCHELLE (RUE DE),48.53556,7.78638,Plein jour,En agglomération,Intersection en T,Normale,Deux véhicules - côté,,,,,,,,,,,1,2,3,1.0,3.0
201800031922,0018-09-15 14:13:00,18,9,15,14,13,670,482,ROME (RUE DE),48.57745,7.76647,Plein jour,En agglomération,Intersection en T,Normale,Deux véhicules - côté,,,,,,,,,,,1,2,3,1.0,3.0
201800031923,0018-09-15 16:30:00,18,9,15,16,30,670,43,CYGNE (RUE DU),48.61215,7.75516,Plein jour,En agglomération,Intersection en T,Normale,Autre collision,,,,,,,,,,,1,2,3,1.0,6.0
201800031924,0018-09-16 09:40:00,18,9,16,9,40,670,482,PRINTEMPS (ALLEE DU),48.59775,7.76631,Plein jour,En agglomération,Hors intersection,Temps éblouissant,Deux véhicules - frontale,,,,,,,,,,,1,2,1,7.0,1.0
201800031925,0018-09-17 18:00:00,18,9,17,18,0,670,482,RHIN (AVENUE DU),48.56967,7.77849,Plein jour,En agglomération,Hors intersection,Normale,Deux véhicules - arrière,,,,,,,,,,,1,2,1,1.0,2.0
201800031926,0018-09-18 08:30:00,18,9,18,8,30,670,447,GLACIERE (RUE DE LA),48.606,7.75376,Plein jour,En agglomération,Hors intersection,Normale,Autre collision,,,,,,,,,,,1,2,1,1.0,6.0
201800031927,0018-09-18 08:55:00,18,9,18,8,55,670,482,SAINT ETIENNE (QUAI),48.58386,7.75608,Plein jour,En agglomération,Intersection en T,Normale,Deux véhicules - côté,,,,,,,,,,,1,2,3,1.0,3.0
201800031928,0018-09-20 07:50:00,18,9,20,7,50,670,482,MOZART (RUE),48.58649,7.77478,Plein jour,En agglomération,Intersection en T,Normale,Deux véhicules - côté,,,,,,,,,,,1,2,3,1.0,3.0
201800031929,0018-09-20 09:10:00,18,9,20,9,10,670,482,HOCHFELDEN (RUE DE),48.60293,7.72122,Plein jour,En agglomération,Intersection en T,Normale,Deux véhicules - côté,,,,,,,,,,,1,2,3,1.0,3.0
201800031930,0018-09-20 09:40:00,18,9,20,9,40,670,482,RACINE (AVENUE),48.59459,7.6999,Plein jour,En agglomération,Intersection en T,Normale,Deux véhicules - côté,,,,,,,,,,,1,2,3,1.0,3.0
201800031931,0018-09-20 18:20:00,18,9,20,18,20,670,447,DEUXIEME DIVISION BLINDE,48.61005,7.72957,Plein jour,En agglomération,Hors intersection,Normale,Autre collision,,,,,,,,,,,1,2,1,1.0,6.0
201800031932,0018-09-20 22:10:00,18,9,20,22,10,670,482,SCHACH (RUE),48.54518,7.7724,Nuit avec éclairage allumé,En agglomération,Hors intersection,Normale,Sans collision,,,,,,,,,,,5,2,1,1.0,7.0
201800031933,0018-09-21 11:05:00,18,9,21,11,5,670,447,CHATEAU (SQUARE DU),43.29509,5.50371,Plein jour,En agglomération,Hors intersection,Normale,Deux véhicules - arrière,,,,,,,,,,,1,2,1,1.0,2.0
201800031934,0018-09-21 16:05:00,18,9,21,16,5,670,365,GENERAL LECLERC (RUE DU),48.55003,7.71017,Plein jour,En agglomération,Hors intersection,Pluie légère,Autre collision,,,,,,,,,,,1,2,1,2.0,6.0
201800031935,0018-09-21 16:20:00,18,9,21,16,20,670,482,SAINTE MARGUERITE (RUE),48.58108,7.73437,Plein jour,En agglomération,Hors intersection,Pluie légère,Deux véhicules - côté,,,,,,,,,,,1,2,1,2.0,3.0
201800031936,0018-09-23 02:30:00,18,9,23,2,30,670,482,OSTWALD (RUE D ),48.56426,7.70774,Nuit avec éclairage allumé,En agglomération,Intersection en T,Normale,Deux véhicules - côté,,,,,,,,,,,5,2,3,1.0,3.0
201800031937,0018-09-24 09:48:00,18,9,24,9,48,670,482,GENERAL DE GAULLE (AVENU,48.57948,7.76965,Plein jour,En agglomération,Hors intersection,Normale,Autre collision,,,,,,,,,,,1,2,1,1.0,6.0
201800031938,0018-09-24 15:30:00,18,9,24,15,30,670,482,JEAN JAURES (AVENUE),48.56922,7.76374,Plein jour,En agglomération,Hors intersection,Normale,Deux véhicules - côté,,,,,,,,,,,1,2,1,1.0,3.0
201800031939,0018-09-24 17:45:00,18,9,24,17,45,670,482,PRESIDENT WILSON (BOULEV,48.58549,7.73592,Plein jour,En agglomération,Intersection en T,Normale,Deux véhicules - côté,,,,,,,,,,,1,2,3,1.0,3.0
201800031940,0018-09-25 08:45:00,18,9,25,8,45,670,482,FRANOIS MITTERRAND (AVE,48.58389,7.69258,Plein jour,En agglomération,Intersection en T,Normale,Deux véhicules - frontale,,,,,,,,,,,1,2,3,1.0,1.0
201800031941,0018-09-25 14:50:00,18,9,25,14,50,670,482,GENERAL KOENIG (QUAI DU),48.57519,7.7544,Plein jour,En agglomération,Hors intersection,Normale,Deux véhicules - côté,,,,,,,,,,,1,2,1,1.0,3.0
201800031942,0018-09-26 14:50:00,18,9,26,14,50,670,482,SCHIRMECK (ROUTE DE),48.56171,7.69709,Plein jour,En agglomération,Hors intersection,Normale,Deux véhicules - côté,,,,,,,,,,,1,2,1,1.0,3.0
201800031943,0018-09-26 17:30:00,18,9,26,17,30,670,267,MARECHAL FOCH (RUE DU),48.55437,7.67724,Plein jour,En agglomération,Intersection en T,Normale,Deux véhicules - arrière,,,,,,,,,,,1,2,3,1.0,2.0
201800031944,0018-09-27 17:20:00,18,9,27,17,20,670,447,MADRID (RUE DE),48.60832,7.70958,Plein jour,En agglomération,Hors intersection,Temps éblouissant,Deux véhicules - côté,,,,,,,,,,,1,2,1,7.0,3.0
201800031945,0018-09-27 17:40:00,18,9,27,17,40,670,482,FRANOIS MITTERRAND (AVE,48.58676,7.69646,Plein jour,En agglomération,Hors intersection,Normale,Autre collision,,,,,,,,,,,1,2,1,1.0,6.0
201800031946,0018-09-28 07:50:00,18,9,28,7,50,670,482,CARPE HAUTE (RUE DE LA),48.59562,7.7865,Plein jour,En agglomération,Intersection en T,Normale,Deux véhicules - côté,,,,,,,,,,,1,2,3,1.0,3.0
201800031947,0018-09-28 15:00:00,18,9,28,15,0,670,482,FINKMATT (QUAI),48.5874,7.74786,Plein jour,En agglomération,Hors intersection,Normale,Autre collision,,,,,,,,,,,1,2,1,1.0,6.0
201800031948,0018-09-29 09:38:00,18,9,29,9,38,670,482,JEAN JAURES (AVENUE),48.56929,7.76379,Plein jour,En agglomération,Intersection en T,Normale,Autre collision,,,,,,,,,,,1,2,3,1.0,6.0
201800031949,0018-09-29 18:45:00,18,9,29,18,45,670,204,WANTZENAU (ROUTE DE LA),48.63095,7.76454,Crépuscule ou aube,Hors agglomération,Hors intersection,Normale,Deux véhicules - arrière,,,,,,,,,,,2,1,1,1.0,2.0
201800031950,0018-10-01 07:20:00,18,10,1,7,20,670,482,RACINE (AVENUE),48.59146,7.71178,Plein jour,En agglomération,Intersection en T,Normale,Deux véhicules - côté,,,,,,,,,,,1,2,3,1.0,3.0
201800031951,0018-09-28 16:00:00,18,9,28,16,0,670,482,GENERAL GOURAUD (RUE DU),48.58811,7.75709,Plein jour,En agglomération,Intersection en T,Normale,Autre collision,,,,,,,,,,,1,2,3,1.0,6.0
201800031952,0018-10-01 12:10:00,18,10,1,12,10,670,267,SCHUMAN (AVENUE),48.5636,7.6894,Plein jour,En agglomération,Hors intersection,Normale,Autre collision,,,,,,,,,,,1,2,1,1.0,6.0
201800031953,0018-10-03 08:30:00,18,10,3,8,30,670,482,JACQUES KABLE (RUE),48.59319,7.75268,Plein jour,En agglomération,Hors intersection,Temps couvert,Autre collision,,,,,,,,,,,1,2,1,8.0,6.0
201800031954,0018-10-03 10:00:00,18,10,3,10,0,670,482,VOSGES (AVENUE DES),48.59096,7.74627,Plein jour,En agglomération,Intersection en T,Temps couvert,Deux véhicules - côté,,,,,,,,,,,1,2,3,8.0,3.0
201800031955,0018-10-03 21:07:00,18,10,3,21,7,670,482,MENAGERIE (RUE DE LA),48.56878,7.77059,Nuit avec éclairage allumé,En agglomération,Intersection en T,Normale,Autre collision,,,,,,,,,,,5,2,3,1.0,6.0
201800031956,0018-10-03 20:30:00,18,10,3,20,30,670,482,HERRENSCHMIDT (AVENUE),48.5979,7.75432,Nuit avec éclairage non allumé,En agglomération,Hors intersection,Normale,Trois véhicules et plus - en chaîne,,,,,,,,,,,4,2,1,1.0,4.0
201800031957,0018-10-04 10:00:00,18,10,4,10,0,670,482,GEORGES WODLI (RUE),48.58788,7.73778,Plein jour,En agglomération,Hors intersection,Normale,Deux véhicules - frontale,,,,,,,,,,,1,2,1,1.0,1.0
201800031958,0018-10-04 16:17:00,18,10,4,16,17,670,447,BISCHWILLER (ROUTE DE),48.60685,7.74906,Plein jour,En agglomération,Hors intersection,Normale,Deux véhicules - arrière,,,,,,,,,,,1,2,1,1.0,2.0
201800031959,0018-10-04 18:50:00,18,10,4,18,50,670,482,HAGUENAU (PLACE DE),48.59139,7.74388,Crépuscule ou aube,En agglomération,Autre intersection,Normale,Autre collision,,,,,,,,,,,2,2,9,1.0,6.0
201800031960,0018-10-04 18:33:00,18,10,4,18,33,670,218,BURKEL (ROUTE),48.53033,7.71982,Crépuscule ou aube,En agglomération,Intersection en T,Normale,Autre collision,,,,,,,,,,,2,2,3,1.0,6.0
201800031961,0018-10-05 02:15:00,18,10,5,2,15,670,447,BISCHWILLER (ROUTE DE),48.59665,7.74162,Nuit avec éclairage allumé,En agglomération,Hors intersection,Normale,Autre collision,,,,,,,,,,,5,2,1,1.0,6.0
201800031962,0018-10-05 09:35:00,18,10,5,9,35,670,482,DUNTZENHEIM (RUE DE),48.60067,7.70525,Plein jour,En agglomération,Intersection en T,Normale,Autre collision,,,,,,,,,,,1,2,3,1.0,6.0
201800031963,0018-10-05 18:15:00,18,10,5,18,15,670,482,JOSEPH WEYDMANN (RUE),48.54669,7.75541,Plein jour,En agglomération,Intersection en T,Normale,Deux véhicules - côté,,,,,,,,,,,1,2,3,1.0,3.0
201800031964,0018-10-06 16:45:00,18,10,6,16,45,670,482,COLMAR (AVENUE DE),48.5669,7.75195,Plein jour,En agglomération,Hors intersection,Normale,Autre collision,,,,,,,,,,,1,2,1,1.0,6.0
201800031965,0018-10-08 08:16:00,18,10,8,8,16,670,482,FINKWILLER (RUE),48.57883,7.74211,Plein jour,En agglomération,Hors intersection,Temps couvert,Autre collision,,,,,,,,,,,1,2,1,8.0,6.0
201800031966,0018-10-08 11:50:00,18,10,8,11,50,670,482,ALPES (QUAI DES),48.57492,7.76251,Plein jour,En agglomération,Intersection en T,Normale,Deux véhicules - arrière,,,,,,,,,,,1,2,3,1.0,2.0
201800031967,0018-10-09 18:35:00,18,10,9,18,35,670,482,SCHIRMECK (ROUTE DE),48.57337,7.71935,Crépuscule ou aube,En agglomération,Hors intersection,Normale,Sans collision,,,,,,,,,,,2,2,1,1.0,7.0
201800031968,0018-10-10 08:40:00,18,10,10,8,40,670,482,JEAN PIERRE LEVY (ALLEE),48.57476,7.76707,Plein jour,En agglomération,Hors intersection,Brouillard / fumée,Deux véhicules - arrière,,,,,,,,,,,1,2,1,5.0,2.0
201800031969,0018-10-10 15:40:00,18,10,10,15,40,670,482,SALLUSTE (RUE),48.58354,7.69442,Plein jour,En agglomération,Hors intersection,Normale,Autre collision,,,,,,,,,,,1,2,1,1.0,6.0
201800031970,0018-10-10 16:10:00,18,10,10,16,10,670,482,SCHUTZENBERGER (AVENUE),48.59516,7.75831,Plein jour,En agglomération,Hors intersection,Normale,Deux véhicules - côté,,,,,,,,,,,1,2,1,1.0,3.0
201800031971,0018-10-10 18:00:00,18,10,10,18,0,670,482,PIERRE CORNEILLE (AVENUE,48.59327,7.69637,Crépuscule ou aube,En agglomération,Hors intersection,Normale,Autre collision,,,,,,,,,,,2,2,1,1.0,6.0
201800031972,0018-10-11 08:40:00,18,10,11,8,40,670,204,DURANCE (RUE DE LA),48.62413,7.76969,Plein jour,En agglomération,Giratoire,Brouillard / fumée,Deux véhicules - frontale,,,,,,,,,,,1,2,6,5.0,1.0
201800031973,0018-10-11 18:30:00,18,10,11,18,30,670,43,EUROPE (CARREFOUR DE L ),48.61593,7.72044,Crépuscule ou aube,En agglomération,Intersection en T,Normale,Deux véhicules - côté,,,,,,,,,,,2,2,3,1.0,3.0
201800031974,0018-10-12 11:40:00,18,10,12,11,40,670,482,PEUPLIERS (PLACE DES),48.61019,7.77728,Plein jour,En agglomération,Hors intersection,Normale,Deux véhicules - côté,,,,,,,,,,,1,2,1,1.0,3.0
201800031975,0018-10-12 13:00:00,18,10,12,13,0,670,482,OBERHAUSBERGEN (ROUTE D,48.59491,7.7103,Plein jour,En agglomération,Intersection en T,Temps éblouissant,Autre collision,,,,,,,,,,,1,2,3,7.0,6.0
201800031976,0018-10-12 12:30:00,18,10,12,12,30,670,482,SELESTAT (RUE DE),48.56578,7.76272,Plein jour,En agglomération,Intersection en T,Normale,Deux véhicules - côté,,,,,,,,,,,1,2,3,1.0,3.0
201800031977,0018-10-13 15:15:00,18,10,13,15,15,670,482,JESUITES (RUE DES),48.5394,7.76362,Plein jour,En agglomération,Intersection en T,Normale,Deux véhicules - côté,,,,,,,,,,,1,2,3,1.0,3.0
201800031978,0018-10-15 16:25:00,18,10,15,16,25,670,365,ETTORE BUGATTI (RUE),48.54829,7.70056,Plein jour,En agglomération,Hors intersection,Normale,Deux véhicules - arrière,,,,,,,,,,,1,2,1,1.0,2.0
201800031979,0018-10-16 17:30:00,18,10,16,17,30,670,447,23 NOVEMBRE (AVENUE DU),48.60832,7.73123,Crépuscule ou aube,En agglomération,Hors intersection,Normale,Autre collision,,,,,,,,,,,2,2,1,1.0,6.0
201800031980,0018-10-17 09:50:00,18,10,17,9,50,670,482,COLMAR (AVENUE DE),48.55858,7.74878,Plein jour,En agglomération,Hors intersection,Normale,Deux véhicules - arrière,,,,,,,,,,,1,2,1,1.0,2.0
201800031981,0018-10-17 16:10:00,18,10,17,16,10,670,43,PHILIPPE RUEFF (RUE),48.61096,7.76569,Plein jour,En agglomération,Intersection en T,Normale,Autre collision,,,,,,,,,,,1,2,3,1.0,6.0
201800031982,0018-10-18 08:50:00,18,10,18,8,50,670,482,LAUSANNE (RUE DE),48.57578,7.75631,Plein jour,En agglomération,Hors intersection,Normale,Deux véhicules - arrière,,,,,,,,,,,1,2,1,1.0,2.0
201800031983,0018-10-18 17:45:00,18,10,18,17,45,670,267,RIVIERE (ROUTE DE LA),48.5559,7.69309,Plein jour,Hors agglomération,Hors intersection,Normale,Autre collision,,,,,,,,,,,1,1,1,1.0,6.0
201800031984,0018-10-19 16:15:00,18,10,19,16,15,670,43,BISCHWILLER (ROUTE DE),48.61653,7.7535,Plein jour,En agglomération,Hors intersection,Normale,Autre collision,,,,,,,,,,,1,2,1,1.0,6.0
201800031985,0018-10-19 19:43:00,18,10,19,19,43,670,482,DOUBS (RUE DU),48.5553,7.73356,Nuit avec éclairage allumé,En agglomération,Intersection en T,Normale,Deux véhicules - côté,,,,,,,,,,,5,2,3,1.0,3.0
201800031986,0018-10-23 22:15:00,18,10,23,22,15,670,482,OBERHAUSBERGEN (ROUTE D,48.59408,7.71196,Nuit avec éclairage allumé,En agglomération,Intersection en T,Normale,Deux véhicules - côté,,,,,,,,,,,5,2,3,1.0,3.0
201800031987,0018-10-24 05:10:00,18,10,24,5,10,670,482,LA ROCHELLE (RUE DE),48.51849,7.775,Nuit avec éclairage allumé,Hors agglomération,Hors intersection,Normale,Autre collision,,,,,,,,,,,5,1,1,1.0,6.0
201800031988,0018-10-24 15:30:00,18,10,24,15,30,670,447,BISCHWILLER (ROUTE DE),48.60277,7.74587,Plein jour,En agglomération,Hors intersection,Normale,Autre collision,,,,,,,,,,,1,2,1,1.0,6.0
201800031989,0018-10-25 15:30:00,18,10,25,15,30,670,482,HAGUENAU (PLACE DE),48.5921,7.74408,Plein jour,En agglomération,Autre intersection,Normale,Deux véhicules - côté,,,,,,,,,,,1,2,9,1.0,3.0
201800031990,0018-10-27 00:50:00,18,10,27,0,50,670,482,RIBEAUVILLE (RUE DE),48.5654,7.77131,Nuit avec éclairage allumé,En agglomération,Hors intersection,Normale,Deux véhicules - arrière,,,,,,,,,,,5,2,1,1.0,2.0
201800031991,0018-10-27 10:00:00,18,10,27,10,0,670,447,HAUSBERGEN (ROUTE DE),48.60553,7.73457,Plein jour,En agglomération,Intersection en T,Temps couvert,Deux véhicules - arrière,,,,,,,,,,,1,2,3,8.0,2.0
201800031992,0018-10-28 02:45:00,18,10,28,2,45,670,482,LOUIS PASTEUR (QUAI),48.57435,7.73936,Nuit avec éclairage allumé,En agglomération,Hors intersection,Pluie légère,Deux véhicules - arrière,,,,,,,,,,,5,2,1,2.0,2.0
201800031993,0018-10-29 10:15:00,18,10,29,10,15,670,267,MARECHAL FOCH (RUE DU),48.55443,7.67726,Plein jour,En agglomération,Giratoire,Temps couvert,Deux véhicules - côté,,,,,,,,,,,1,2,6,8.0,3.0
201800031994,0018-10-30 11:40:00,18,10,30,11,40,670,43,NATIONALE (RUE),48.61388,7.75434,Plein jour,En agglomération,Hors intersection,Pluie légère,Autre collision,,,,,,,,,,,1,2,1,2.0,6.0
201800031995,0018-10-30 19:30:00,18,10,30,19,30,670,218,CEINTURE (RUE DE LA),48.52665,7.72127,Nuit avec éclairage allumé,En agglomération,Intersection en T,Normale,Autre collision,,,,,,,,,,,5,2,3,1.0,6.0
201800031996,0018-10-31 12:15:00,18,10,31,12,15,670,482,WANTZENAU (RTE DE LA),48.61179,7.78186,Plein jour,En agglomération,Hors intersection,Normale,Deux véhicules - côté,,,,,,,,,,,1,2,1,1.0,3.0
201800031997,0018-10-31 16:30:00,18,10,31,16,30,670,482,SCHIRMECK (ROUTE DE),48.56891,7.71026,Crépuscule ou aube,En agglomération,Hors intersection,Normale,Deux véhicules - côté,,,,,,,,,,,2,2,1,1.0,3.0
201800031998,0018-11-01 09:50:00,18,11,1,9,50,670,43,BRUCHE (RUE DE LA),48.61436,7.75854,Plein jour,En agglomération,Hors intersection,Temps couvert,Autre collision,,,,,,,,,,,1,2,1,8.0,6.0
201800031999,0018-11-02 12:10:00,18,11,2,12,10,670,482,LAUSANNE (RUE DE),48.57721,7.75821,Plein jour,En agglomération,Hors intersection,Normale,Deux véhicules - côté,,,,,,,,,,,1,2,1,1.0,3.0
201800032000,0018-11-02 17:40:00,18,11,2,17,40,670,482,FRANOIS MITTERRAND (AVE,48.58393,7.6926,Nuit avec éclairage allumé,En agglomération,Hors intersection,Normale,Autre collision,,,,,,,,,,,5,2,1,1.0,6.0
201800032001,0018-11-02 21:15:00,18,11,2,21,15,670,482,FUSTEL DE COULANGES (QUA,48.57469,7.74993,Nuit avec éclairage allumé,En agglomération,Intersection en T,Normale,Deux véhicules - côté,,,,,,,,,,,5,2,3,1.0,3.0
201800032002,0018-11-03 14:50:00,18,11,3,14,50,670,482,MUSAU (RUE DE LA),48.55705,7.78263,Plein jour,En agglomération,Intersection en T,Normale,Deux véhicules - côté,,,,,,,,,,,1,2,3,1.0,3.0
201800032003,0018-11-03 21:55:00,18,11,3,21,55,670,482,ABREUVOIR (RUE DE L ),48.57906,7.76025,Nuit avec éclairage allumé,En agglomération,Hors intersection,Normale,Autre collision,,,,,,,,,,,5,2,1,1.0,6.0
201800032004,0018-11-05 19:15:00,18,11,5,19,15,670,218,LYON (RTE DE),48.52983,7.71124,Nuit avec éclairage allumé,En agglomération,Intersection en T,Normale,Deux véhicules - côté,,,,,,,,,,,5,2,3,1.0,3.0
201800032005,0018-11-06 13:45:00,18,11,6,13,45,670,482,HALLES (RUE DES),48.58788,7.74074,Plein jour,En agglomération,Hors intersection,Normale,Autre collision,,,,,,,,,,,1,2,1,1.0,6.0
201800032006,0018-11-07 08:10:00,18,11,7,8,10,670,482,FORET NOIRE (AVENUE DE L,48.58065,7.77681,Plein jour,En agglomération,Hors intersection,Temps éblouissant,Autre collision,,,,,,,,,,,1,2,1,7.0,6.0
201800032007,0018-11-07 16:30:00,18,11,7,16,30,670,482,GENERAL OFFENSTEIN (RUE,48.55469,7.75591,Crépuscule ou aube,En agglomération,Intersection en T,Normale,Deux véhicules - côté,,,,,,,,,,,2,2,3,1.0,3.0
201800032008,0018-11-08 18:55:00,18,11,8,18,55,670,482,DANTE (AVENUE),48.59038,7.70205,Nuit avec éclairage allumé,En agglomération,Hors intersection,Normale,Autre collision,,,,,,,,,,,5,2,1,1.0,6.0
201800032009,0018-11-09 12:06:00,18,11,9,12,6,670,482,JEAN PIERRE LEVY (ALLEE),48.57491,7.7672,Plein jour,En agglomération,Hors intersection,Normale,Autre collision,,,,,,,,,,,1,2,1,1.0,6.0
201800032010,0018-11-10 18:00:00,18,11,10,18,0,670,482,BRIGADE ALSACE LORRAINE,48.57756,7.75314,Nuit avec éclairage allumé,En agglomération,Intersection en T,Temps couvert,Deux véhicules - côté,,,,,,,,,,,5,2,3,8.0,3.0
201800032011,0018-11-13 07:30:00,18,11,13,7,30,670,365,VINGT TROIS NOVEMBRE (RU,48.53273,7.70378,Crépuscule ou aube,En agglomération,Hors intersection,Pluie forte,Autre collision,,,,,,,,,,,2,2,1,3.0,6.0
201800032012,0018-11-13 16:00:00,18,11,13,16,0,670,482,FRANOIS MITTERRAND (AVE,48.58375,7.69242,Crépuscule ou aube,En agglomération,Hors intersection,Normale,Autre collision,,,,,,,,,,,2,2,1,1.0,6.0
201800032013,0018-11-13 15:55:00,18,11,13,15,55,670,482,HOPITAL (ROUTE DE L ),48.57321,7.75007,Plein jour,En agglomération,Intersection en T,Normale,Deux véhicules - frontale,,,,,,,,,,,1,2,3,1.0,1.0
201800032014,0018-11-13 18:40:00,18,11,13,18,40,670,43,PIGEONS (RUE DES),48.61301,7.7579,Nuit avec éclairage allumé,En agglomération,Intersection en T,Temps couvert,Deux véhicules - côté,,,,,,,,,,,5,2,3,8.0,3.0
201800032015,0018-11-14 15:40:00,18,11,14,15,40,670,482,VOSGES (AVENUE DES),48.58895,7.75085,Plein jour,En agglomération,Intersection en T,Temps couvert,Deux véhicules - côté,,,,,,,,,,,1,2,3,8.0,3.0
201800032016,0018-11-15 08:40:00,18,11,15,8,40,670,218,FOOTBALL (RUE DU),48.58291,7.71328,Plein jour,En agglomération,Intersection en T,Temps couvert,Deux véhicules - frontale,,,,,,,,,,,1,2,3,8.0,1.0
201800032017,0018-11-16 22:45:00,18,11,16,22,45,670,482,FORET NOIRE (AVENUE DE L,48.58564,7.76534,Nuit avec éclairage allumé,En agglomération,Hors intersection,Normale,Autre collision,,,,,,,,,,,5,2,1,1.0,6.0
201800032018,0018-11-17 15:15:00,18,11,17,15,15,670,482,COLMAR (AVENUE DE),48.55365,7.74475,Plein jour,En agglomération,Intersection en T,Normale,Deux véhicules - côté,,,,,,,,,,,1,2,3,1.0,3.0
201800032019,0018-11-18 15:45:00,18,11,18,15,45,670,482,FUSTEL DE COULANGES (QUA,48.5752,7.7535,Plein jour,En agglomération,Intersection en T,Normale,Deux véhicules - arrière,,,,,,,,,,,1,2,3,1.0,2.0
201800032020,0018-11-18 17:40:00,18,11,18,17,40,670,482,CANONNIERS (RUE DES),48.5543,7.76168,Nuit avec éclairage allumé,En agglomération,Hors intersection,Normale,Autre collision,,,,,,,,,,,5,2,1,1.0,6.0
201800032021,0018-11-21 17:00:00,18,11,21,17,0,670,365,CHAPELLE (RUE DE LA),48.55461,7.70935,Nuit avec éclairage allumé,En agglomération,Hors intersection,Normale,Autre collision,,,,,,,,,,,5,2,1,1.0,6.0
201800032022,0018-11-22 11:40:00,18,11,22,11,40,670,482,HAGUENAU (PLACE DE),48.59175,7.74382,Plein jour,En agglomération,Hors intersection,Normale,Deux véhicules - côté,,,,,,,,,,,1,2,1,1.0,3.0
201800032023,0018-11-24 09:00:00,18,11,24,9,0,670,218,LYON (RTE DE),48.53257,7.71983,Plein jour,En agglomération,Hors intersection,Normale,Autre collision,,,,,,,,,,,1,2,1,1.0,6.0
201800032024,0018-11-24 19:50:00,18,11,24,19,50,670,482,COLMAR (AVENUE DE),48.56405,7.75248,Nuit avec éclairage allumé,En agglomération,Hors intersection,Normale,Deux véhicules - côté,,,,,,,,,,,5,2,1,1.0,3.0
201800032025,0018-11-25 12:00:00,18,11,25,12,0,670,482,SAINTE MARGUERITE (RUE),48.58112,7.73437,Plein jour,En agglomération,Intersection en T,Normale,Autre collision,,,,,,,,,,,1,2,3,1.0,6.0
201800032026,0018-11-26 13:41:00,18,11,26,13,41,670,482,MARSEILLAISE (AVENUE DE,48.58565,7.75549,Plein jour,En agglomération,Hors intersection,Temps couvert,Autre collision,,,,,,,,,,,1,2,1,8.0,6.0
201800032027,0018-11-26 18:08:00,18,11,26,18,8,670,365,PIERRE PFLIMLIN (ALLEE),48.5534,7.69319,Nuit avec éclairage allumé,En agglomération,Hors intersection,Pluie légère,Deux véhicules - arrière,,,,,,,,,,,5,2,1,2.0,2.0
201800032028,0018-11-27 17:30:00,18,11,27,17,30,670,204,BRUMATH (ROUTE DE),48.62016,7.73133,Nuit avec éclairage allumé,En agglomération,Intersection en T,Pluie légère,Deux véhicules - côté,,,,,,,,,,,5,2,3,2.0,3.0