accident_id,datetime,annee,mois,jour,heure,minute,departement,commune_insee,adresse,latitude,longitude,luminosite,agglomeration,intersection,meteo,collision,nb_vehicules,nb_usagers,nb_indemnes,nb_tues,nb_blesses_hosp,nb_blesses_legers,age_cond_1,age_cond_2,veh_type_cond_1,veh_type_cond_2,lum_code,agg_code,int_code,atm_code,col_code
201800032269,0018-01-31 14:50:00,18,1,31,14,50,690,264,"193, STALINGRAD RUE DE",45.98549,4.72064,Plein jour,En agglomération,Hors intersection,Normale,Autre collision,,,,,,,,,,,1,2,1,1.0,6.0
201800032270,0018-02-05 16:30:00,18,2,5,16,30,690,264,"710, FRANS ROUTE DE",45.98507,4.73,Plein jour,En agglomération,Intersection en X,Normale,Autre collision,,,,,,,,,,,1,2,2,1.0,6.0
201800032271,0018-02-08 18:36:00,18,2,8,18,36,690,13,RN6 (CHARTONNIERE),46.02275,4.72051,Nuit sans éclairage public,Hors agglomération,Hors intersection,Temps couvert,Deux véhicules - frontale,,,,,,,,,,,3,1,1,8.0,1.0
201800032272,0018-03-31 13:20:00,18,3,31,13,20,690,92,"428, BEAUJOLAIS (avenue",45.99872,4.70064,Plein jour,En agglomération,Hors intersection,Pluie légère,Deux véhicules - frontale,,,,,,,,,,,1,2,1,2.0,1.0
201800032273,0018-03-07 18:30:00,18,3,7,18,30,690,13,BLAISE PASCAL (rue),46.00083,4.73555,Plein jour,En agglomération,Hors intersection,Temps couvert,Deux véhicules - frontale,,,,,,,,,,,1,2,1,8.0,1.0
201800032274,0018-04-09 15:50:00,18,4,9,15,50,690,264,HERON  PHILIPPE   R,45.98915,4.70963,Plein jour,En agglomération,Hors intersection,Normale,Trois véhicules et plus - en chaîne,,,,,,,,,,,1,2,1,1.0,4.0
201800032275,0018-03-27 15:50:00,18,3,27,15,50,690,264,SAVOYE CLAUDIUS   R,45.99173,4.73284,Plein jour,En agglomération,Hors intersection,Pluie légère,Trois véhicules et plus - en chaîne,,,,,,,,,,,1,2,1,2.0,4.0
201800032276,0018-04-16 09:50:00,18,4,16,9,50,690,13,LONGSARD (route de),46.01881,4.70691,Plein jour,Hors agglomération,Hors intersection,Normale,Trois véhicules et plus - en chaîne,,,,,,,,,,,1,1,1,1.0,4.0
201800032277,0018-04-17 18:30:00,18,4,17,18,30,690,13,AVE MARIA(rond point),46.0199,4.72067,Plein jour,Hors agglomération,Hors intersection,Normale,Deux véhicules - côté,,,,,,,,,,,1,1,1,1.0,3.0
201800032278,0018-04-25 12:50:00,18,4,25,12,50,690,264,BOINTON  R,45.996,4.7208,Plein jour,En agglomération,Hors intersection,Normale,Autre collision,,,,,,,,,,,1,2,1,1.0,6.0
201800032279,0018-04-24 17:20:00,18,4,24,17,20,690,264,BRAUN THEODORE  AV,45.97804,4.73845,Plein jour,En agglomération,Hors intersection,Normale,Autre collision,,,,,,,,,,,1,2,1,1.0,6.0
201800032280,0018-05-04 18:20:00,18,5,4,18,20,690,115,BELLEROCHE (rue),45.98192,4.70553,Plein jour,En agglomération,Intersection en T,Normale,Autre collision,,,,,,,,,,,1,2,3,1.0,6.0
201800032281,0018-05-08 14:25:00,18,5,8,14,25,690,13,LONGSARD (route de),46.0296,4.69356,Plein jour,Hors agglomération,Hors intersection,Normale,Sans collision,,,,,,,,,,,1,1,1,1.0,7.0
201800032282,0018-05-10 09:30:00,18,5,10,9,30,690,264,GAMBETTA  BD,45.99405,4.71498,Plein jour,En agglomération,Hors intersection,Normale,Autre collision,,,,,,,,,,,1,2,1,1.0,6.0
201800032283,0018-05-19 03:40:00,18,5,19,3,40,690,13,JOUX (avenue de),46.006,4.7316,Nuit avec éclairage allumé,En agglomération,Hors intersection,Normale,Deux véhicules - arrière,,,,,,,,,,,5,2,1,1.0,2.0
201800032284,0018-05-19 12:45:00,18,5,19,12,45,690,13,JOUX (avenue de),46.00191,4.73248,Plein jour,En agglomération,Hors intersection,Normale,Deux véhicules - côté,,,,,,,,,,,1,2,1,1.0,3.0
201800032285,0018-05-18 11:40:00,18,5,18,11,40,690,264,POULET ETIENNE  R,45.99,4.71,Plein jour,En agglomération,Intersection en X,Normale,Deux véhicules - côté,,,,,,,,,,,1,2,2,1.0,3.0
201800032286,0018-05-30 09:15:00,18,5,30,9,15,690,264,SOUS-PREFECTURE  RUE DE,45.98899,4.71787,Plein jour,En agglomération,Intersection en X,Normale,Autre collision,,,,,,,,,,,1,2,2,1.0,6.0
201800032287,0018-06-07 18:25:00,18,6,7,18,25,690,264,BURDEAU BD,45.99666,4.73,Plein jour,En agglomération,Giratoire,Normale,Deux véhicules - côté,,,,,,,,,,,1,2,6,1.0,3.0
201800032288,0018-06-18 17:00:00,18,6,18,17,0,690,13,RN6 (CHARTONNIERE),46.02244,4.72047,Plein jour,Hors agglomération,Hors intersection,Normale,Trois véhicules et plus - en chaîne,,,,,,,,,,,1,1,1,1.0,4.0
201800032289,0018-06-24 03:15:00,18,6,24,3,15,690,264,BURDEAU   BD ( HORS GEAN,45.99528,4.72183,Nuit avec éclairage allumé,En agglomération,Hors intersection,Normale,Deux véhicules - arrière,,,,,,,,,,,5,2,1,1.0,2.0
201800032290,0018-06-22 13:50:00,18,6,22,13,50,690,264,JOUX  AV DE,46.0081,4.72626,Plein jour,En agglomération,Hors intersection,Normale,Deux véhicules - arrière,,,,,,,,,,,1,2,1,1.0,2.0
201800032291,0018-06-30 21:00:00,18,6,30,21,0,690,13,LONGSARD (route de),46.02683,4.70014,Crépuscule ou aube,En agglomération,Hors intersection,Normale,Autre collision,,,,,,,,,,,2,2,1,1.0,6.0
201800032292,0018-06-24 12:50:00,18,6,24,12,50,690,264,QUARANTAINE  RUE DE LA,45.98944,4.72305,Plein jour,En agglomération,Intersection en X,Normale,Deux véhicules - frontale,,,,,,,,,,,1,2,2,1.0,1.0
201800032293,0018-07-09 19:30:00,18,7,9,19,30,690,264,PLAGE AV DE LA,45.97611,4.75222,Plein jour,En agglomération,Hors intersection,Normale,Deux véhicules - frontale,,,,,,,,,,,1,2,1,1.0,1.0
201800032294,0018-07-11 14:10:00,18,7,11,14,10,690,264,RONCEVAUX R,45.9953,4.71667,Plein jour,En agglomération,Place,Normale,Deux véhicules - côté,,,,,,,,,,,1,2,7,1.0,3.0
201800032295,0018-07-11 09:00:00,18,7,11,9,0,690,264,BURDEAU   BD ( HORS GEAN,45.99802,4.72342,Plein jour,En agglomération,Hors intersection,Normale,Autre collision,,,,,,,,,,,1,2,1,1.0,6.0
201800032296,0018-07-21 16:50:00,18,7,21,16,50,690,92,DES PETITES SOEURS (rond,45.99473,4.70718,Plein jour,En agglomération,Giratoire,Normale,Deux véhicules - côté,,,,,,,,,,,1,2,6,1.0,3.0
201800032297,0018-07-22 22:18:00,18,7,22,22,18,690,264,FRANS ROUTE DE,45.98396,4.73925,Nuit avec éclairage allumé,En agglomération,Hors intersection,Normale,Sans collision,,,,,,,,,,,5,2,1,1.0,7.0
201800032298,0018-08-10 14:40:00,18,8,10,14,40,690,264,BELLEVILLE (rue de),45.99955,4.71936,Plein jour,En agglomération,Hors intersection,Normale,Autre collision,,,,,,,,,,,1,2,1,1.0,6.0
201800032299,0018-08-21 19:30:00,18,8,21,19,30,690,264,BRAUN THEODORE  AV,45.97985,4.73956,Plein jour,En agglomération,Intersection en X,Normale,Autre collision,,,,,,,,,,,1,2,2,1.0,6.0
201800032300,0018-08-30 17:15:00,18,8,30,17,15,690,13,JOUX (avenue de),46.00978,4.7256,Plein jour,En agglomération,Hors intersection,Normale,Deux véhicules - arrière,,,,,,,,,,,1,2,1,1.0,2.0
201800032301,0018-09-05 19:00:00,18,9,5,19,0,690,264,BURDEAU   BD ( HORS GEAN,45.99781,4.73371,Plein jour,En agglomération,Hors intersection,Normale,Deux véhicules - arrière,,,,,,,,,,,1,2,1,1.0,2.0
201800032302,0018-09-10 18:40:00,18,9,10,18,40,690,264,RONCEVAUX R,45.99527,4.71694,Plein jour,En agglomération,Hors intersection,Normale,Autre collision,,,,,,,,,,,1,2,1,1.0,6.0
201800032303,0018-09-07 19:30:00,18,9,7,19,30,690,264,HERRIOT EDOUARD  AV,45.97864,4.7258,Plein jour,En agglomération,Hors intersection,Normale,Deux véhicules - côté,,,,,,,,,,,1,2,1,1.0,3.0
201800032304,0018-09-11 17:00:00,18,9,11,17,0,690,264,HERRIOT EDOUARD  AV,45.97899,4.73393,Plein jour,En agglomération,Hors intersection,Normale,Trois véhicules et plus - en chaîne,,,,,,,,,,,1,2,1,1.0,4.0
201800032305,0018-09-18 07:10:00,18,9,18,7,10,690,13,AVE MARIA(rond point),46.02,4.72038,Crépuscule ou aube,Hors agglomération,Giratoire,Normale,Deux véhicules - côté,,,,,,,,,,,2,1,6,1.0,3.0
201800032306,0018-09-22 20:00:00,18,9,22,20,0,690,13,CHAMBURCY (rue),46.01596,4.70518,Nuit sans éclairage public,En agglomération,Hors intersection,Normale,Trois véhicules et plus - collisions multiples,,,,,,,,,,,3,2,1,1.0,5.0
201800032307,0018-10-06 18:35:00,18,10,6,18,35,690,115,MALADIERE (rue de la),45.97875,4.71711,Plein jour,En agglomération,Giratoire,Normale,Deux véhicules - côté,,,,,,,,,,,1,2,6,1.0,3.0
201800032308,0018-10-13 13:50:00,18,10,13,13,50,690,115,VALLON (rue du),45.98,4.69,Plein jour,En agglomération,Giratoire,Normale,Deux véhicules - côté,,,,,,,,,,,1,2,6,1.0,3.0
201800032309,0018-10-12 18:40:00,18,10,12,18,40,690,264,BELLEROCHE (rue de),45.98055,4.70055,Crépuscule ou aube,En agglomération,Giratoire,Normale,Deux véhicules - côté,,,,,,,,,,,2,2,6,1.0,3.0
201800032310,0018-09-25 10:20:00,18,9,25,10,20,690,13,JOUX (avenue de),46.00292,4.73229,Plein jour,En agglomération,Hors intersection,Normale,Deux véhicules - arrière,,,,,,,,,,,1,2,1,1.0,2.0
201800032311,0018-10-22 12:00:00,18,10,22,12,0,690,92,GRILLONS (rue des),45.99556,4.70171,Plein jour,En agglomération,Hors intersection,Normale,Deux véhicules - côté,,,,,,,,,,,1,2,1,1.0,3.0
201800032312,0018-10-24 17:40:00,18,10,24,17,40,690,264,FRANS ROUTE DE,45.98416,4.74138,Plein jour,En agglomération,Hors intersection,Normale,Deux véhicules - côté,,,,,,,,,,,1,2,1,1.0,3.0
201800032313,0018-10-31 05:15:00,18,10,31,5,15,690,264,QUARANTAINE  RUE DE LA,45.98307,4.72213,Nuit avec éclairage allumé,En agglomération,Autre intersection,Normale,Deux véhicules - côté,,,,,,,,,,,5,2,9,1.0,3.0
201800032314,0018-10-30 14:35:00,18,10,30,14,35,690,13,AVE MARIA(rond point),46.01995,4.72024,Plein jour,En agglomération,Giratoire,Normale,Deux véhicules - côté,,,,,,,,,,,1,2,6,1.0,3.0
201800032315,0018-11-09 22:20:00,18,11,9,22,20,690,264,GUILLERMET  PIERRE  R,45.98433,4.70594,Nuit avec éclairage allumé,En agglomération,Hors intersection,Normale,Autre collision,,,,,,,,,,,5,2,1,1.0,6.0
201800032316,0018-11-14 18:20:00,18,11,14,18,20,690,264,RENAN ERNEST  R,45.99,4.7,Crépuscule ou aube,En agglomération,Hors intersection,Normale,Deux véhicules - arrière,,,,,,,,,,,2,2,1,1.0,2.0
201800032317,0018-11-22 18:35:00,18,11,22,18,35,690,264,BELLEVILLE (rue de),45.99,4.71,Crépuscule ou aube,En agglomération,Hors intersection,Temps couvert,Deux véhicules - côté,,,,,,,,,,,2,2,1,8.0,3.0
201800032318,0018-11-23 16:10:00,18,11,23,16,10,690,264,MARTINI JEAN-BAPTISTE  R,45.98555,4.70972,Crépuscule ou aube,En agglomération,Hors intersection,Pluie forte,Autre collision,,,,,,,,,,,2,2,1,3.0,6.0
201800032319,0018-11-30 07:25:00,18,11,30,7,25,690,13,RN6 (CHARTONNIERE),46.00917,4.71981,Nuit avec éclairage allumé,En agglomération,Hors intersection,Pluie légère,Deux véhicules - côté,,,,,,,,,,,5,2,1,2.0,3.0
201800032320,0018-12-04 07:20:00,18,12,4,7,20,690,115,CHANTIERS DU BEAUJOLAIS,45.97864,4.7188,Nuit avec éclairage allumé,En agglomération,Hors intersection,Normale,Autre collision,,,,,,,,,,,5,2,1,1.0,6.0
201800032321,0018-12-09 06:20:00,18,12,9,6,20,690,264,GARET   RUE DU,45.99,4.72,Nuit avec éclairage allumé,En agglomération,Hors intersection,Normale,Autre collision,,,,,,,,,,,5,2,1,1.0,6.0
201800032322,0018-12-13 18:25:00,18,12,13,18,25,690,264,FRANS ROUTE DE,45.98416,4.75083,Nuit avec éclairage allumé,En agglomération,Hors intersection,Normale,Autre collision,,,,,,,,,,,5,2,1,1.0,6.0
201800032323,0018-12-01 13:05:00,18,12,1,13,5,690,264,BRAUN THEODORE  AV,45.98153,4.74115,Plein jour,En agglomération,Intersection en T,Normale,Deux véhicules - côté,,,,,,,,,,,1,2,3,1.0,3.0
201800032324,0018-12-19 11:40:00,18,12,19,11,40,690,264,SALENGRO ROGER  BD,45.99798,4.71591,Plein jour,En agglomération,Intersection en X,Pluie légère,Deux véhicules - côté,,,,,,,,,,,1,2,2,2.0,3.0
201800032325,0018-12-21 07:45:00,18,12,21,7,45,690,264,BERNAND ETIENNE ( boulva,45.986,4.71495,Nuit avec éclairage allumé,En agglomération,Intersection en X,Normale,Deux véhicules - côté,,,,,,,,,,,5,2,2,1.0,3.0
201800032326,0018-01-01 07:00:00,18,1,1,7,0,690,290,GRENOBLE (DE)  -  RN 6,45.70853,4.98269,Nuit avec éclairage allumé,En agglomération,Intersection en X,Pluie légère,Autre collision,,,,,,,,,,,5,2,2,2.0,6.0
201800032327,0018-01-01 23:05:00,18,1,1,23,5,690,256,"83, PAUL TESTE",45.77257,4.91261,Nuit avec éclairage allumé,En agglomération,Hors intersection,Pluie légère,Autre collision,,,,,,,,,,,5,2,1,2.0,6.0
201800032328,0018-01-02 14:25:00,18,1,2,14,25,690,290,JEAN ZAY,45.70676,4.91159,Plein jour,En agglomération,Hors intersection,Normale,Deux véhicules - côté,,,,,,,,,,,1,2,1,1.0,3.0
201800032329,0018-01-03 20:05:00,18,1,3,20,5,690,266,"63, EMILE ZOLA (Cour",45.7711,4.86856,Nuit avec éclairage allumé,En agglomération,Intersection en X,Pluie forte,Autre collision,,,,,,,,,,,5,2,2,3.0,6.0
201800032330,0018-01-05 18:20:00,18,1,5,18,20,690,29,LOUIS MOUILLARD,45.73104,4.93259,Nuit sans éclairage public,En agglomération,Hors intersection,Normale,Deux véhicules - frontale,,,,,,,,,,,3,2,1,1.0,1.0
201800032331,0018-12-07 11:45:00,18,12,7,11,45,690,256,POUDRETTE (DE LA),45.76126,4.92025,Plein jour,En agglomération,Hors intersection,Normale,Autre collision,,,,,,,,,,,1,2,1,1.0,6.0
201800032332,0018-01-06 15:55:00,18,1,6,15,55,690,256,"., FRANKLIN",45.78701,4.92064,Plein jour,En agglomération,Hors intersection,Normale,Autre collision,,,,,,,,,,,1,2,1,1.0,6.0
201800032333,0018-01-07 05:35:00,18,1,7,5,35,690,271,CHARLES DE GAULLE,45.74166,4.93694,Nuit avec éclairage allumé,Hors agglomération,Hors intersection,Normale,Sans collision,,,,,,,,,,,5,1,1,1.0,7.0
201800032334,0018-01-09 17:45:00,18,1,9,17,45,690,266,"53, GENAS    (Route de)",45.75495,4.87936,Nuit avec éclairage allumé,En agglomération,Hors intersection,Temps couvert,Deux véhicules - arrière,,,,,,,,,,,5,2,1,8.0,2.0
201800032335,0018-01-10 07:50:00,18,1,10,7,50,690,275,"29, CHARLES DE GAULLE",45.7467,4.93666,Plein jour,En agglomération,Hors intersection,Normale,Deux véhicules - arrière,,,,,,,,,,,1,2,1,1.0,2.0
201800032336,0018-08-25 00:05:00,18,8,25,0,5,690,266,JEAN JAURES      (Rue),45.75678,4.88056,Nuit avec éclairage allumé,En agglomération,Intersection en T,Normale,Deux véhicules - côté,,,,,,,,,,,5,2,3,1.0,3.0
201800032337,0018-01-11 07:40:00,18,1,11,7,40,690,266,"91, POUDRETTE     (Rue d",45.754,4.921,Crépuscule ou aube,En agglomération,Intersection en T,Normale,Autre collision,,,,,,,,,,,2,2,3,1.0,6.0
201800032338,0018-01-13 07:45:00,18,1,13,7,45,690,290,JULES FERRY,45.69429,4.94642,Crépuscule ou aube,En agglomération,Intersection en X,Brouillard / fumée,Autre collision,,,,,,,,,,,2,2,2,5.0,6.0
201800032339,0018-01-15 21:55:00,18,1,15,21,55,690,290,JULIETTE RECAMIER,45.69511,4.93382,Nuit avec éclairage allumé,En agglomération,Intersection en X,Temps couvert,Deux véhicules - côté,,,,,,,,,,,5,2,2,8.0,3.0
201800032340,0018-01-15 21:50:00,18,1,15,21,50,690,266,"147, LEON BLUM      (Rue",45.76048,4.90372,Nuit avec éclairage allumé,En agglomération,Hors intersection,Pluie légère,Deux véhicules - frontale,,,,,,,,,,,5,2,1,2.0,1.0
201800032341,0018-01-16 11:10:00,18,1,16,11,10,690,266,"., LAURENT BONNEVAY    (",45.787,4.885,Plein jour,En agglomération,Hors intersection,Pluie légère,Autre collision,,,,,,,,,,,1,2,1,2.0,6.0
201800032342,0018-01-16 20:10:00,18,1,16,20,10,690,271,"3, REPUBLIQUE (DE LA)",45.73841,4.96937,Nuit avec éclairage allumé,En agglomération,Hors intersection,Pluie légère,Deux véhicules - côté,,,,,,,,,,,5,2,1,2.0,3.0
201800032343,0018-01-17 14:10:00,18,1,17,14,10,690,266,"20, PIERRE CACARD     (R",45.76553,4.89301,Plein jour,En agglomération,Hors intersection,Normale,Autre collision,,,,,,,,,,,1,2,1,1.0,6.0
201800032344,0018-01-17 18:40:00,18,1,17,18,40,690,266,"40, CHEVREUL   (Rue)",45.76321,4.90022,Nuit avec éclairage allumé,En agglomération,Hors intersection,Normale,Autre collision,,,,,,,,,,,5,2,1,1.0,6.0
201800032345,0018-01-18 11:05:00,18,1,18,11,5,690,266,11 NOVEMBRE 1918    (Bou,45.77907,4.86851,Plein jour,En agglomération,Intersection en X,Normale,Deux véhicules - côté,,,,,,,,,,,1,2,2,1.0,3.0
201800032346,0018-01-17 07:30:00,18,1,17,7,30,690,29,"378, GENAS (DE)",45.74635,4.92582,Plein jour,En agglomération,Hors intersection,Normale,Deux véhicules - côté,,,,,,,,,,,1,2,1,1.0,3.0
201800032347,0018-01-19 08:05:00,18,1,19,8,5,690,290,"94, JEAN JAURES",45.69773,4.92833,Crépuscule ou aube,En agglomération,Intersection en X,Normale,Deux véhicules - arrière,,,,,,,,,,,2,2,2,1.0,2.0
201800032348,0018-01-19 14:35:00,18,1,19,14,35,690,266,EMILE ZOLA     (Cours),45.76697,4.8929,Plein jour,En agglomération,Intersection en T,Normale,Autre collision,,,,,,,,,,,1,2,3,1.0,6.0
201800032349,0018-01-21 14:00:00,18,1,21,14,0,690,256,GASTON MONMOUSSEAU,45.78,4.907,Plein jour,En agglomération,Hors intersection,Pluie légère,Sans collision,,,,,,,,,,,1,2,1,2.0,7.0
201800032350,0018-01-21 23:45:00,18,1,21,23,45,690,275,JEAN JAURES,45.77175,4.96797,Nuit avec éclairage allumé,En agglomération,Intersection en X,Pluie légère,Autre collision,,,,,,,,,,,5,2,2,2.0,6.0
201800032351,0018-01-23 07:45:00,18,1,23,7,45,690,290,TEMPS MODERNES (DES),45.7086,4.9192,Crépuscule ou aube,En agglomération,Intersection en X,Temps couvert,Deux véhicules - côté,,,,,,,,,,,2,2,2,8.0,3.0
201800032352,0018-01-22 17:08:00,18,1,22,17,8,690,290,"1, AVIATION (DE L')",45.70651,4.94025,Crépuscule ou aube,En agglomération,Giratoire,Pluie légère,Deux véhicules - côté,,,,,,,,,,,2,2,6,2.0,3.0
201800032353,0018-01-21 20:35:00,18,1,21,20,35,690,29,"7, MARECHAL DE LATTRE DE",45.73124,4.91764,Nuit avec éclairage allumé,En agglomération,Hors intersection,Temps couvert,Autre collision,,,,,,,,,,,5,2,1,8.0,6.0
201800032354,0018-01-25 13:00:00,18,1,25,13,0,690,256,DROITS DE L'HOMME (DES),45.7635,4.9332,Plein jour,En agglomération,Intersection en X,Normale,Deux véhicules - côté,,,,,,,,,,,1,2,2,1.0,3.0
201800032355,0018-01-25 16:10:00,18,1,25,16,10,690,282,"99, POMMIER (DE)",45.77903,5.02202,Plein jour,En agglomération,Intersection en T,Temps couvert,Deux véhicules - côté,,,,,,,,,,,1,2,3,8.0,3.0
201800032356,0018-01-25 12:05:00,18,1,25,12,5,690,266,"55, EUGENE REGUILLON",45.76196,4.89794,Plein jour,En agglomération,Hors intersection,Normale,Autre collision,,,,,,,,,,,1,2,1,1.0,6.0
201800032357,0018-01-26 08:15:00,18,1,26,8,15,690,266,ALLIES    (Rue des),45.77784,4.88155,Plein jour,En agglomération,Intersection en X,Pluie légère,Trois véhicules et plus - collisions multiples,,,,,,,,,,,1,2,2,2.0,5.0
201800032358,0018-01-31 08:50:00,18,1,31,8,50,690,266,"55, LOUIS GUERIN     (Ru",45.77296,4.85975,Plein jour,En agglomération,Intersection en X,Normale,Deux véhicules - côté,,,,,,,,,,,1,2,2,1.0,3.0
201800032359,0018-02-01 07:25:00,18,2,1,7,25,690,282,"115, LUCIEN BUISSON",45.76467,4.99885,Nuit avec éclairage allumé,En agglomération,Hors intersection,Pluie légère,Autre collision,,,,,,,,,,,5,2,1,2.0,6.0
201800032360,0018-02-01 08:30:00,18,2,1,8,30,690,275,"., SILVIN",45.77089,4.96277,Plein jour,En agglomération,Intersection en T,Pluie légère,Autre collision,,,,,,,,,,,1,2,3,2.0,6.0
201800032361,0018-01-29 13:45:00,18,1,29,13,45,690,290,"87, REVAISON (DE)",45.70507,4.91857,Plein jour,En agglomération,Hors intersection,Normale,Deux véhicules - côté,,,,,,,,,,,1,2,1,1.0,3.0
201800032362,0018-02-02 08:20:00,18,2,2,8,20,690,275,"19, MARAT",45.76905,4.95767,Plein jour,En agglomération,Hors intersection,Normale,Autre collision,,,,,,,,,,,1,2,1,1.0,6.0
201800032363,0018-02-05 08:45:00,18,2,5,8,45,690,290,"590, TROISIEME MILLENAIR",45.71297,4.93314,Plein jour,En agglomération,Hors intersection,Neige / grêle,Autre collision,,,,,,,,,,,1,2,1,4.0,6.0
201800032364,0018-02-06 06:35:00,18,2,6,6,35,690,29,"32, FRANKLIN ROOSEVELT",45.73758,4.89635,Nuit avec éclairage allumé,En agglomération,Hors intersection,Temps couvert,Deux véhicules - frontale,,,,,,,,,,,5,2,1,8.0,1.0
201800032365,0018-02-06 08:35:00,18,2,6,8,35,690,266,"8, PIATON        (Avenue",45.7741,4.86722,Plein jour,En agglomération,Intersection en Y,Normale,Autre collision,,,,,,,,,,,1,2,4,1.0,6.0
201800032366,0018-02-06 19:05:00,18,2,6,19,5,690,282,"., 18 JUIN 40 (DU)",45.77034,4.99287,Nuit avec éclairage allumé,En agglomération,Giratoire,Pluie légère,Deux véhicules - côté,,,,,,,,,,,5,2,6,2.0,3.0
201800032367,0018-02-06 18:20:00,18,2,6,18,20,690,275,"., VERDUN (DE)",45.76344,4.96644,Nuit avec éclairage allumé,En agglomération,Intersection en Y,Pluie légère,Autre collision,,,,,,,,,,,5,2,4,2.0,6.0
201800032368,0018-02-08 16:40:00,18,2,8,16,40,690,290,ANDRE BOULLOCHE,45.721,4.92544,Plein jour,En agglomération,Hors intersection,Temps couvert,Autre collision,,,,,,,,,,,1,2,1,8.0,6.0
201800032369,0018-02-11 05:30:00,18,2,11,5,30,690,29,"269, PINEL",45.72541,4.88711,Nuit avec éclairage allumé,En agglomération,Hors intersection,Normale,Autre collision,,,,,,,,,,,5,2,1,1.0,6.0
201800032370,0018-02-13 08:35:00,18,2,13,8,35,690,29,"06, DOYEN JEAN LEPINE (D",45.75008,4.89829,Plein jour,En agglomération,Hors intersection,Normale,Autre collision,,,,,,,,,,,1,2,1,1.0,6.0
201800032371,0018-02-15 07:10:00,18,2,15,7,10,690,29,UNIVERSITE  (DE L'),45.72544,4.9256,Nuit avec éclairage allumé,En agglomération,Hors intersection,Pluie légère,Deux véhicules - arrière,,,,,,,,,,,5,2,1,2.0,2.0
201800032372,0018-02-15 12:30:00,18,2,15,12,30,690,29,PIERRE MENDES FRANCE,45.72472,4.91527,Plein jour,En agglomération,Giratoire,Normale,Deux véhicules - côté,,,,,,,,,,,1,2,6,1.0,3.0
201800032373,0018-02-17 18:35:00,18,2,17,18,35,690,29,"., PIERRE MENDES FRANCE",45.72445,4.91485,Nuit avec éclairage allumé,En agglomération,Hors intersection,Temps couvert,Deux véhicules - côté,,,,,,,,,,,5,2,1,8.0,3.0
201800032374,0018-02-23 16:50:00,18,2,23,16,50,690,266,"416, EMILE ZOLA     (Cou",45.76385,4.90907,Plein jour,En agglomération,Hors intersection,Normale,Autre collision,,,,,,,,,,,1,2,1,1.0,6.0
201800032375,0018-02-23 18:55:00,18,2,23,18,55,690,266,"229, ROGER SALENGRO",45.78278,4.89022,Nuit avec éclairage allumé,En agglomération,Hors intersection,Normale,Autre collision,,,,,,,,,,,5,2,1,1.0,6.0
201800032376,0018-02-23 20:15:00,18,2,23,20,15,690,275,"., EMILE ZOLA",45.76402,4.95811,Nuit avec éclairage allumé,En agglomération,Intersection en X,Normale,Deux véhicules - côté,,,,,,,,,,,5,2,2,1.0,3.0
201800032377,0018-02-25 02:50:00,18,2,25,2,50,690,282,"., VERDUN (DE)",45.7796,4.99714,Nuit avec éclairage non allumé,En agglomération,Hors intersection,Temps couvert,Deux véhicules - frontale,,,,,,,,,,,4,2,1,8.0,1.0
201800032378,0018-02-26 13:25:00,18,2,26,13,25,690,256,"24, GEORGES DIMITROV",45.77741,4.92554,Plein jour,En agglomération,Hors intersection,Normale,Autre collision,,,,,,,,,,,1,2,1,1.0,6.0
201800032379,0018-02-26 18:10:00,18,2,26,18,10,690,266,"32, JEAN JAURES      (Ru",45.757,4.88,Crépuscule ou aube,En agglomération,Intersection en T,Normale,Deux véhicules - côté,,,,,,,,,,,2,2,3,1.0,3.0
201800032380,0018-02-26 19:00:00,18,2,26,19,0,690,290,EGALITE (DE L'),45.69099,4.94655,Nuit avec éclairage allumé,En agglomération,Hors intersection,Normale,Deux véhicules - arrière,,,,,,,,,,,5,2,1,1.0,2.0
201800032381,0018-02-26 14:05:00,18,2,26,14,5,690,256,"., MAURICE THOREZ",45.78462,4.91132,Plein jour,En agglomération,Hors intersection,Normale,Autre collision,,,,,,,,,,,1,2,1,1.0,6.0
201800032382,0018-02-28 12:20:00,18,2,28,12,20,690,266,"84, EMILE ZOLA     (Cour",45.77091,4.87126,Plein jour,En agglomération,Hors intersection,Temps couvert,Trois véhicules et plus - en chaîne,,,,,,,,,,,1,2,1,8.0,4.0
201800032383,0018-03-01 00:20:00,18,3,1,0,20,690,266,"336, EMILE ZOLA     (Cou",45.76613,4.89783,Nuit avec éclairage allumé,En agglomération,Intersection en X,Neige / grêle,Deux véhicules - côté,,,,,,,,,,,5,2,2,4.0,3.0
201800032384,0018-01-26 07:26:00,18,1,26,7,26,690,275,"112, JEAN JAURES",45.76925,4.94673,Nuit avec éclairage allumé,En agglomération,Hors intersection,Pluie légère,Autre collision,,,,,,,,,,,5,2,1,2.0,6.0
201800032385,0018-03-03 00:30:00,18,3,3,0,30,690,29,"., PIERRE MENDES FRANCE",45.72083,4.91342,Nuit avec éclairage allumé,En agglomération,Hors intersection,Normale,Autre collision,,,,,,,,,,,5,2,1,1.0,6.0
201800032386,0018-03-04 21:00:00,18,3,4,21,0,690,290,"1, JULES FERRY",45.69617,4.94764,Nuit avec éclairage allumé,En agglomération,Intersection en T,Pluie légère,Deux véhicules - côté,,,,,,,,,,,5,2,3,2.0,3.0
201800032387,0018-03-07 07:40:00,18,3,7,7,40,690,266,"02, SEVERINE       (Rue)",45.75384,4.91227,Plein jour,En agglomération,Hors intersection,Normale,Autre collision,,,,,,,,,,,1,2,1,1.0,6.0