accident_id,datetime,annee,mois,jour,heure,minute,departement,commune_insee,adresse,latitude,longitude,luminosite,agglomeration,intersection,meteo,collision,nb_vehicules,nb_usagers,nb_indemnes,nb_tues,nb_blesses_hosp,nb_blesses_legers,age_cond_1,age_cond_2,veh_type_cond_1,veh_type_cond_2,lum_code,agg_code,int_code,atm_code,col_code
201800032872,0018-06-06 20:45:00,18,6,6,20,45,710,153,EPINAC (ROUTE D'),46.81784,4.45544,Plein jour,En agglomération,Hors intersection,Temps couvert,Sans collision,,,,,,,,,,,1,2,1,8.0,7.0
201800032873,0018-06-28 13:15:00,18,6,28,13,15,710,153,VERDUN (AVENUE DE),46.80512,4.43411,Plein jour,En agglomération,Autre intersection,Normale,Deux véhicules - arrière,,,,,,,,,,,1,2,9,1.0,2.0
201800032874,0018-07-04 17:25:00,18,7,4,17,25,710,153,BRUYERES (RUE DES),46.7978,4.45471,Plein jour,En agglomération,Hors intersection,Normale,Sans collision,,,,,,,,,,,1,2,1,1.0,7.0
201800032875,0018-07-10 23:35:00,18,7,10,23,35,710,153,SCHNEIDER (BOULEVARD HEN,46.80669,4.42823,Nuit avec éclairage allumé,En agglomération,Hors intersection,Normale,Deux véhicules - arrière,,,,,,,,,,,5,2,1,1.0,2.0
201800032876,0018-07-18 19:00:00,18,7,18,19,0,710,540,TILLEULS (RUE DES),46.78621,4.428,Plein jour,En agglomération,Autre intersection,Normale,Autre collision,,,,,,,,,,,1,2,9,1.0,6.0
201800032877,0018-07-21 10:15:00,18,7,21,10,15,710,309,R.N.80,46.78424,4.40765,Plein jour,Hors agglomération,Hors intersection,Normale,Sans collision,,,,,,,,,,,1,1,1,1.0,7.0
201800032878,0018-07-25 09:03:00,18,7,25,9,3,710,153,MARECHAL FOCH (RUE),46.80553,4.45878,Plein jour,En agglomération,Hors intersection,Normale,Deux véhicules - côté,,,,,,,,,,,1,2,1,1.0,3.0
201800032879,0018-08-22 15:15:00,18,8,22,15,15,710,153,avenue de la Paix,46.78686,4.43619,Plein jour,En agglomération,Intersection en X,Normale,Autre collision,,,,,,,,,,,1,2,2,1.0,6.0
201800032880,0018-08-26 06:35:00,18,8,26,6,35,710,153,DOCTEUR REBILLARD (RUE D,45.81388,4.44877,Plein jour,En agglomération,Hors intersection,Normale,Autre collision,,,,,,,,,,,1,2,1,1.0,6.0
201800032881,0018-08-30 18:05:00,18,8,30,18,5,710,540,HUIT MAI (AVENUE DU),46.77557,4.44602,Plein jour,Hors agglomération,Hors intersection,Normale,Deux véhicules - arrière,,,,,,,,,,,1,1,1,1.0,2.0
201800032882,0018-09-01 14:55:00,18,9,1,14,55,710,540,GOULOTTES (RUE DES),46.75922,4.46466,Plein jour,Hors agglomération,Intersection en T,Normale,Deux véhicules - côté,,,,,,,,,,,1,1,3,1.0,3.0
201800032883,0018-09-01 18:25:00,18,9,1,18,25,710,153,MARECHAL FOCH (RUE),46.80513,4.45738,Plein jour,En agglomération,Intersection en X,Normale,Deux véhicules - côté,,,,,,,,,,,1,2,2,1.0,3.0
201800032884,0018-09-05 07:30:00,18,9,5,7,30,710,540,Rond-Point du Vieux Saul,46.76756,4.45193,Plein jour,Hors agglomération,Hors intersection,Normale,Deux véhicules - arrière,,,,,,,,,,,1,1,1,1.0,2.0
201800032885,0018-09-05 14:30:00,18,9,5,14,30,710,540,BOIS MOREY (LE),46.76858,4.45285,Plein jour,Hors agglomération,Hors intersection,Normale,Deux véhicules - frontale,,,,,,,,,,,1,1,1,1.0,1.0
201800032886,0018-09-08 16:07:00,18,9,8,16,7,710,153,BARRE (RUE DE LA),46.78765,4.42459,Plein jour,En agglomération,Hors intersection,Normale,Deux véhicules - frontale,,,,,,,,,,,1,2,1,1.0,1.0
201800032887,0018-09-23 17:00:00,18,9,23,17,0,710,153,SAINT SERNIN (ROUTE DE),46.82457,4.43328,Plein jour,En agglomération,Intersection en X,Normale,Deux véhicules - côté,,,,,,,,,,,1,2,2,1.0,3.0
201800032888,0018-09-21 17:30:00,18,9,21,17,30,710,153,ABATTOIRS (boulevard des,46.78624,4.43541,Plein jour,En agglomération,Hors intersection,Normale,Sans collision,,,,,,,,,,,1,2,1,1.0,7.0
201800032889,0018-09-26 08:15:00,18,9,26,8,15,710,153,MARCET (RUE BAPTISTE),46.79685,4.4331,Plein jour,En agglomération,Hors intersection,Normale,Deux véhicules - arrière,,,,,,,,,,,1,2,1,1.0,2.0
201800032890,0018-09-29 03:45:00,18,9,29,3,45,710,59,MONTVALTIN (CHEMIN RURAL,46.80148,4.46399,Nuit sans éclairage public,En agglomération,Hors intersection,Normale,Autre collision,,,,,,,,,,,3,2,1,1.0,6.0
201800032891,0018-10-10 19:15:00,18,10,10,19,15,710,153,MARECHAL FOCH (RUE),46.80508,4.45745,Crépuscule ou aube,En agglomération,Intersection en X,Pluie légère,Deux véhicules - côté,,,,,,,,,,,2,2,2,2.0,3.0
201800032892,0018-10-16 11:55:00,18,10,16,11,55,710,153,ETANG DE LA FORGE (rue),46.79801,4.43307,Plein jour,En agglomération,Hors intersection,Normale,Autre collision,,,,,,,,,,,1,2,1,1.0,6.0
201800032893,0018-10-28 16:15:00,18,10,28,16,15,710,153,MONTVALTIN (Avenue),46.81001,4.43088,Plein jour,En agglomération,Hors intersection,Temps couvert,Deux véhicules - frontale,,,,,,,,,,,1,2,1,8.0,1.0
201800032894,0018-11-02 08:45:00,18,11,2,8,45,710,153,DOCTEUR REBILLARD (RUE D,46.81121,4.44791,Plein jour,En agglomération,Hors intersection,Temps couvert,Autre collision,,,,,,,,,,,1,2,1,8.0,6.0
201800032895,0018-11-07 08:00:00,18,11,7,8,0,710,540,HUIT MAI (CARREFOUR DU),46.78446,4.43408,Plein jour,En agglomération,Intersection en T,Temps couvert,Deux véhicules - côté,,,,,,,,,,,1,2,3,8.0,3.0
201800032896,0018-11-07 12:15:00,18,11,7,12,15,710,309,TOULON (ROUTE DE),46.78282,4.39067,Plein jour,Hors agglomération,Hors intersection,Pluie légère,Deux véhicules - frontale,,,,,,,,,,,1,1,1,2.0,1.0
201800032897,0018-11-09 11:00:00,18,11,9,11,0,710,153,MARECHAL FOCH (RUE),46.80531,4.45789,Plein jour,En agglomération,Hors intersection,Normale,Sans collision,,,,,,,,,,,1,2,1,1.0,7.0
201800032898,0018-11-14 14:25:00,18,11,14,14,25,710,153,avenue de la Paix,46.78684,4.43605,Plein jour,En agglomération,Intersection en T,Normale,Trois véhicules et plus - collisions multiples,,,,,,,,,,,1,2,3,1.0,5.0
201800032899,0018-11-15 08:45:00,18,11,15,8,45,710,153,SAINT SERNIN (ROUTE DE),46.81442,4.42927,Plein jour,En agglomération,Hors intersection,Brouillard / fumée,Sans collision,,,,,,,,,,,1,2,1,5.0,7.0
201800032900,0018-11-21 17:55:00,18,11,21,17,55,710,540,R.N. 80,46.76697,4.43883,Nuit sans éclairage public,Hors agglomération,Hors intersection,Normale,Deux véhicules - côté,,,,,,,,,,,3,1,1,1.0,3.0
201800032901,0018-12-10 19:10:00,18,12,10,19,10,710,153,SAINT SERNIN (ROUTE DE),46.81448,4.42993,Nuit sans éclairage public,En agglomération,Hors intersection,Pluie légère,Autre collision,,,,,,,,,,,3,2,1,2.0,6.0
201800032902,0018-12-19 11:30:00,18,12,19,11,30,710,153,Industrie ( Boulevard de,46.79482,4.43543,Plein jour,En agglomération,Autre intersection,Normale,Deux véhicules - frontale,,,,,,,,,,,1,2,9,1.0,1.0
201800032903,0018-12-20 17:15:00,18,12,20,17,15,710,153,VERDUN (AVENUE DE),46.80672,4.43294,Nuit avec éclairage allumé,En agglomération,Hors intersection,Temps couvert,Autre collision,,,,,,,,,,,5,2,1,8.0,6.0
201800032904,0018-12-29 07:40:00,18,12,29,7,40,710,153,EUROPE (AVENUE DE L'),46.80714,4.41713,Nuit avec éclairage allumé,En agglomération,Intersection en T,Normale,Autre collision,,,,,,,,,,,5,2,3,1.0,6.0
201800032905,0018-02-05 07:10:00,18,2,5,7,10,350,356,CD137,48.24339,-1.76072,Nuit sans éclairage public,Hors agglomération,Hors intersection,Normale,Autre collision,,,,,,,,,,,3,1,1,1.0,6.0
201800032906,0018-06-06 12:17:00,18,6,6,12,17,350,128,la cavalière,48.29028,-1.7225,Plein jour,Hors agglomération,Intersection en T,Normale,Deux véhicules - côté,,,,,,,,,,,1,1,3,1.0,3.0
201800032907,0018-06-21 09:15:00,18,6,21,9,15,350,120,LE HAUT LIMEUL,48.1908,-1.81075,Plein jour,Hors agglomération,Intersection en T,Normale,Deux véhicules - côté,,,,,,,,,,,1,1,3,1.0,3.0
201800032908,0018-06-29 13:45:00,18,6,29,13,45,350,245,le casse,48.24403,-1.88166,Plein jour,Hors agglomération,Hors intersection,Normale,Deux véhicules - arrière,,,,,,,,,,,1,1,1,1.0,2.0
201800032909,0018-08-10 01:00:00,18,8,10,1,0,350,258,aire de montmuran,48.30895,-1.83515,Nuit sans éclairage public,Hors agglomération,Hors intersection,Temps couvert,Autre collision,,,,,,,,,,,3,1,1,8.0,6.0
201800032910,0018-08-22 12:00:00,18,8,22,12,0,350,180,route de Dinan,48.29648,-1.93618,Plein jour,Hors agglomération,Hors intersection,Normale,Autre collision,,,,,,,,,,,1,1,1,1.0,6.0
201800032911,0018-09-15 18:00:00,18,9,15,18,0,350,94,la perche,48.32525,-1.6834,Plein jour,Hors agglomération,Hors intersection,Normale,Sans collision,,,,,,,,,,,1,1,1,1.0,7.0
201800032912,0018-11-16 02:05:00,18,11,16,2,5,350,233,les marzelles,48.35415,-1.77629,Nuit sans éclairage public,Hors agglomération,Hors intersection,Brouillard / fumée,Deux véhicules - frontale,,,,,,,,,,,3,1,1,5.0,1.0
201800032913,0018-01-19 17:55:00,18,1,19,17,55,710,270,Carrefour Europe/ Av Edo,46.29887,4.82657,Nuit avec éclairage allumé,En agglomération,Giratoire,Pluie forte,Autre collision,,,,,,,,,,,5,2,6,3.0,6.0
201800032914,0018-02-06 06:40:00,18,2,6,6,40,710,497,GENERAL DE GAULLE (BOULE,46.3394,4.84691,Nuit sans éclairage public,En agglomération,Hors intersection,Pluie légère,Deux véhicules - arrière,,,,,,,,,,,3,2,1,2.0,2.0
201800032915,0018-02-12 14:10:00,18,2,12,14,10,710,270,"37, Intersection Lacrete",46.30494,4.82823,Plein jour,En agglomération,Intersection en X,Temps couvert,Autre collision,,,,,,,,,,,1,2,2,8.0,6.0
201800032916,0018-02-15 22:55:00,18,2,15,22,55,710,270,Intersection Lacretelle/,46.30491,4.8282,Nuit avec éclairage allumé,En agglomération,Intersection en X,Normale,Deux véhicules - côté,,,,,,,,,,,5,2,2,1.0,3.0
201800032917,0018-04-18 07:59:00,18,4,18,7,59,710,270,REPUBLIQUE (RUE DE LA),46.29363,4.82599,Plein jour,En agglomération,Hors intersection,Normale,Deux véhicules - côté,,,,,,,,,,,1,2,1,1.0,3.0
201800032918,0018-05-22 10:15:00,18,5,22,10,15,710,270,LYON (ROUTE DE),46.29085,4.81392,Plein jour,En agglomération,Hors intersection,Normale,Autre collision,,,,,,,,,,,1,2,1,1.0,6.0
201800032919,0018-05-25 01:55:00,18,5,25,1,55,710,260,Route des Allemands,46.29094,4.77291,Nuit sans éclairage public,Hors agglomération,Hors intersection,Normale,Deux véhicules - côté,,,,,,,,,,,3,1,1,1.0,3.0
201800032920,0018-05-25 19:45:00,18,5,25,19,45,710,270,Inter Rue Paris / Bd Hen,46.31391,4.83597,Plein jour,En agglomération,Intersection en X,Normale,Deux véhicules - côté,,,,,,,,,,,1,2,2,1.0,3.0
201800032921,0018-05-27 12:30:00,18,5,27,12,30,710,270,ROUTE DEPARTEMENTALE 906,46.28704,4.80933,Plein jour,En agglomération,Giratoire,Normale,Sans collision,,,,,,,,,,,1,2,6,1.0,7.0
201800032922,0018-06-05 11:30:00,18,6,5,11,30,710,497,SENNECE (ROUTE DE),46.33634,4.82713,Plein jour,En agglomération,Hors intersection,Normale,Deux véhicules - côté,,,,,,,,,,,1,2,1,1.0,3.0
201800032923,0018-06-14 08:25:00,18,6,14,8,25,710,270,CASSIN (AVENUE RENE),46.32646,4.82436,Plein jour,En agglomération,Hors intersection,Normale,Deux véhicules - côté,,,,,,,,,,,1,2,1,1.0,3.0
201800032924,0018-06-17 15:15:00,18,6,17,15,15,710,270,LATTRE DE TASSIGNY (QUAI,46.31566,4.83942,Plein jour,En agglomération,Hors intersection,Normale,Autre collision,,,,,,,,,,,1,2,1,1.0,6.0
201800032925,0018-07-01 14:10:00,18,7,1,14,10,710,270,LIBERTE (RUE DE LA),46.32497,4.80822,Plein jour,En agglomération,Hors intersection,Normale,Deux véhicules - côté,,,,,,,,,,,1,2,1,1.0,3.0
201800032926,0018-07-11 17:27:00,18,7,11,17,27,710,270,DENAVE (AVENUE PIERRE),46.30149,4.81905,Plein jour,En agglomération,Hors intersection,Normale,Sans collision,,,,,,,,,,,1,2,1,1.0,7.0
201800032927,0018-07-13 18:30:00,18,7,13,18,30,710,270,LYON (ROUTE DE),46.28575,4.80823,Plein jour,En agglomération,Hors intersection,Normale,Deux véhicules - arrière,,,,,,,,,,,1,2,1,1.0,2.0
201800032928,0018-07-20 21:05:00,18,7,20,21,5,710,270,LYON (ROUTE DE),46.28461,4.80713,Crépuscule ou aube,En agglomération,Hors intersection,Normale,Deux véhicules - côté,,,,,,,,,,,2,2,1,1.0,3.0
201800032929,0018-07-22 17:05:00,18,7,22,17,5,710,270,VALLON (RUE DU),46.31838,4.82922,Plein jour,En agglomération,Hors intersection,Normale,Deux véhicules - frontale,,,,,,,,,,,1,2,1,1.0,1.0
201800032930,0018-07-29 15:20:00,18,7,29,15,20,710,511,RTE DE CHARBONNIERES,46.3722,4.83393,Plein jour,Hors agglomération,Intersection en T,Normale,Deux véhicules - arrière,,,,,,,,,,,1,1,3,1.0,2.0
201800032931,0018-08-02 15:22:00,18,8,2,15,22,710,270,CHARLES DE GAULLE (AV),46.35149,4.84856,Plein jour,Hors agglomération,Hors intersection,Normale,Trois véhicules et plus - collisions multiples,,,,,,,,,,,1,1,1,1.0,5.0
201800032932,0018-08-03 12:40:00,18,8,3,12,40,710,270,VALLON (RUE DU),46.31588,4.83305,Plein jour,En agglomération,Autre intersection,Normale,Sans collision,,,,,,,,,,,1,2,9,1.0,7.0
201800032933,0018-08-02 16:49:00,18,8,2,16,49,710,270,JAURES (QUAI),46.30928,4.83749,Plein jour,En agglomération,Giratoire,Normale,Deux véhicules - côté,,,,,,,,,,,1,2,6,1.0,3.0
201800032934,0018-08-14 09:20:00,18,8,14,9,20,710,105,COUPEE (GRANDE-RUE DE LA,46.3092,4.80437,Plein jour,En agglomération,Hors intersection,Normale,Autre collision,,,,,,,,,,,1,2,1,1.0,6.0
201800032935,0018-08-16 18:15:00,18,8,16,18,15,710,270,LYON (ROUTE DE),46.29487,4.81779,Plein jour,En agglomération,Hors intersection,Normale,Deux véhicules - arrière,,,,,,,,,,,1,2,1,1.0,2.0
201800032936,0018-08-17 08:20:00,18,8,17,8,20,710,270,MOREAU (COURS),46.3095,4.83398,Plein jour,En agglomération,Hors intersection,Pluie forte,Autre collision,,,,,,,,,,,1,2,1,3.0,6.0
201800032937,0018-08-25 20:40:00,18,8,25,20,40,710,270,LEX (RUE LEONCE),46.30757,4.8329,Crépuscule ou aube,En agglomération,Intersection en X,Normale,Deux véhicules - côté,,,,,,,,,,,2,2,2,1.0,3.0
201800032938,0018-08-28 18:30:00,18,8,28,18,30,710,270,LYON (ROUTE DE),46.28756,4.81015,Plein jour,En agglomération,Hors intersection,Normale,Deux véhicules - côté,,,,,,,,,,,1,2,1,1.0,3.0
201800032939,0018-09-13 07:15:00,18,9,13,7,15,710,105,DAVAYE (ROUTE DE),46.29866,4.77181,Plein jour,Hors agglomération,Intersection en Y,Normale,Deux véhicules - côté,,,,,,,,,,,1,1,4,1.0,3.0
201800032940,0018-09-19 11:35:00,18,9,19,11,35,710,270,JACQUARD (RUE),46.27937,4.81112,Plein jour,Hors agglomération,Intersection en T,Normale,Sans collision,,,,,,,,,,,1,1,3,1.0,7.0
201800032941,0018-09-22 18:00:00,18,9,22,18,0,710,270,DENAVE (AVENUE PIERRE),43.30162,4.81724,Plein jour,En agglomération,Hors intersection,Normale,Autre collision,,,,,,,,,,,1,2,1,1.0,6.0
201800032942,0018-09-23 02:10:00,18,9,23,2,10,710,270,ROUTE DEPARTEMENTALE 906,46.30278,4.8328,Nuit avec éclairage allumé,En agglomération,Hors intersection,Normale,Deux véhicules - côté,,,,,,,,,,,5,2,1,1.0,3.0
201800032943,0018-09-27 17:37:00,18,9,27,17,37,710,270,BIGONNET (RUE),46.3,4.82388,Plein jour,En agglomération,Hors intersection,Normale,Deux véhicules - arrière,,,,,,,,,,,1,2,1,1.0,2.0
201800032944,0018-09-27 17:45:00,18,9,27,17,45,710,270,LYON (ROUTE DE),46.28855,4.81125,Plein jour,En agglomération,Hors intersection,Normale,Deux véhicules - arrière,,,,,,,,,,,1,2,1,1.0,2.0
201800032945,0018-10-01 09:05:00,18,10,1,9,5,710,270,CHARLES DE GAULLE (AV),46.32662,4.84178,Plein jour,En agglomération,Hors intersection,Normale,Deux véhicules - arrière,,,,,,,,,,,1,2,1,1.0,2.0
201800032946,0018-10-03 12:10:00,18,10,3,12,10,710,270,Carf Libert_EFlac_EHrit,46.31541,4.82394,Plein jour,En agglomération,Hors intersection,Normale,Deux véhicules - côté,,,,,,,,,,,1,2,1,1.0,3.0
201800032947,0018-10-06 16:20:00,18,10,6,16,20,710,270,INTER  Quai Lamartine-Po,46.3053,4.8359,Plein jour,En agglomération,Intersection en X,Normale,Autre collision,,,,,,,,,,,1,2,2,1.0,6.0
201800032948,0018-10-13 11:10:00,18,10,13,11,10,710,105,COUPEE (GRANDE-RUE DE LA,46.30751,4.81726,Plein jour,En agglomération,Hors intersection,Normale,Autre collision,,,,,,,,,,,1,2,1,1.0,6.0
201800032949,0018-10-14 11:40:00,18,10,14,11,40,710,497,SENNECE (ROUTE DE),46.33079,4.82878,Plein jour,En agglomération,Giratoire,Normale,Deux véhicules - côté,,,,,,,,,,,1,2,6,1.0,3.0
201800032950,0018-10-15 13:40:00,18,10,15,13,40,710,260,Route des Allemands,46.27807,4.77667,Plein jour,Hors agglomération,Autre intersection,Normale,Deux véhicules - côté,,,,,,,,,,,1,1,9,1.0,3.0
201800032951,0018-11-18 17:40:00,18,11,18,17,40,710,260,Chemin de la Balme,46.28388,4.77941,Nuit avec éclairage allumé,Hors agglomération,Hors intersection,Normale,Deux véhicules - frontale,,,,,,,,,,,5,1,1,1.0,1.0
201800032952,0018-11-20 17:45:00,18,11,20,17,45,710,105,BOIS D'ALIER (CHEMIN DU),46.29,4.79032,Nuit sans éclairage public,En agglomération,Hors intersection,Pluie légère,Deux véhicules - frontale,,,,,,,,,,,3,2,1,2.0,1.0
201800032953,0018-12-03 17:50:00,18,12,3,17,50,710,105,CLUNY (ROUTE DE),46.3101,4.79365,Nuit avec éclairage allumé,En agglomération,Hors intersection,Pluie légère,Sans collision,,,,,,,,,,,5,2,1,2.0,7.0
201800032954,0018-12-09 00:55:00,18,12,9,0,55,710,270,BIGONNET (RUE),46.30032,4.82413,Nuit avec éclairage allumé,En agglomération,Hors intersection,Normale,Deux véhicules - arrière,,,,,,,,,,,5,2,1,1.0,2.0
201800032955,0018-05-02 08:39:00,18,5,2,8,39,470,100,PK 57.300 ARTIGUES,44.2668,0.68014,Plein jour,Hors agglomération,Hors intersection,Normale,Deux véhicules - arrière,,,,,,,,,,,1,1,1,1.0,2.0
201800032956,0018-05-06 11:45:00,18,5,6,11,45,470,92,LA GARENNE,44.1189,0.70409,Plein jour,Hors agglomération,Hors intersection,Normale,Deux véhicules - arrière,,,,,,,,,,,1,1,1,1.0,2.0
201800032957,0018-06-15 06:50:00,18,6,15,6,50,470,60,D129,44.1147,0.73973,Crépuscule ou aube,Hors agglomération,Hors intersection,Normale,Autre collision,,,,,,,,,,,2,1,1,1.0,6.0
201800032958,0018-07-23 01:40:00,18,7,23,1,40,470,300,438 AVENUE DES LANDES,44.2128,0.48738,Nuit sans éclairage public,Hors agglomération,Hors intersection,Normale,Autre collision,,,,,,,,,,,3,1,1,1.0,6.0
201800032959,0018-08-30 16:15:00,18,8,30,16,15,470,15,N 21,44.036,0.67108,Plein jour,Hors agglomération,Hors intersection,Normale,Deux véhicules - frontale,,,,,,,,,,,1,1,1,1.0,1.0
201800032960,0018-09-25 03:30:00,18,9,25,3,30,470,246,RD 813,44.2266,0.51171,Nuit sans éclairage public,En agglomération,Hors intersection,Normale,Autre collision,,,,,,,,,,,3,2,1,1.0,6.0
201800032961,0018-10-05 18:20:00,18,10,5,18,20,470,209,D656,44.22349,0.6667,Plein jour,Hors agglomération,Intersection en T,Normale,Deux véhicules - côté,,,,,,,,,,,1,1,3,1.0,3.0
201800032962,0018-12-06 08:55:00,18,12,6,8,55,470,209,"Lieu-dit ""La tuquette""",44.25597,0.66224,Plein jour,Hors agglomération,Hors intersection,Temps couvert,Trois véhicules et plus - collisions multiples,,,,,,,,,,,1,1,1,8.0,5.0
201800032963,0018-12-12 18:15:00,18,12,12,18,15,470,15,route nationale 21 - lie,44.07298,0.64439,Nuit sans éclairage public,Hors agglomération,Hors intersection,Temps couvert,Deux véhicules - frontale,,,,,,,,,,,3,1,1,8.0,1.0
201800032964,0018-12-22 19:30:00,18,12,22,19,30,470,60,Route de Layrac,44.11651,0.72779,Nuit sans éclairage public,Hors agglomération,Hors intersection,Temps couvert,Deux véhicules - côté,,,,,,,,,,,3,1,1,8.0,3.0
201800032965,0018-01-11 19:55:00,18,1,11,19,55,470,57,RN21,44.6556,0.58781,Nuit sans éclairage public,Hors agglomération,Hors intersection,Temps couvert,Deux véhicules - frontale,,,,,,,,,,,3,1,1,8.0,1.0
201800032966,0018-01-22 14:50:00,18,1,22,14,50,470,84,"CD 254, PR 19+050",44.6479,0.58176,Plein jour,Hors agglomération,Hors intersection,Pluie légère,Autre collision,,,,,,,,,,,1,1,1,2.0,6.0
201800032967,0018-04-01 05:00:00,18,4,1,5,0,470,146,CAMPAGNAC,44.4311,0.66516,Nuit sans éclairage public,Hors agglomération,Hors intersection,Temps couvert,Autre collision,,,,,,,,,,,3,1,1,8.0,6.0
201800032968,0018-05-01 04:36:00,18,5,1,4,36,470,44,"LIEU-DIT ""JEAN VAILLANT""",44.6665,0.57805,Nuit sans éclairage public,Hors agglomération,Hors intersection,Normale,Autre collision,,,,,,,,,,,3,1,1,1.0,6.0
201800032969,0018-05-13 08:40:00,18,5,13,8,40,470,192,GRANDE BORDE,44.5716,0.54078,Nuit sans éclairage public,Hors agglomération,Hors intersection,Normale,Autre collision,,,,,,,,,,,3,1,1,1.0,6.0
201800032970,0018-06-14 17:45:00,18,6,14,17,45,470,37,MON FERRIER,44.6296,0.69891,Plein jour,Hors agglomération,Hors intersection,Normale,Autre collision,,,,,,,,,,,1,1,1,1.0,6.0
201800032971,0018-07-09 00:50:00,18,7,9,0,50,470,219,PONT BAS,44.6637,0.77064,Nuit sans éclairage public,Hors agglomération,Hors intersection,Normale,Autre collision,,,,,,,,,,,3,1,1,1.0,6.0
201800032972,0018-07-27 18:50:00,18,7,27,18,50,470,57,ROUTE DEPARTEMENTALE 2,44.6499,0.60231,Plein jour,Hors agglomération,Hors intersection,Normale,Deux véhicules - côté,,,,,,,,,,,1,1,1,1.0,3.0
201800032973,0018-08-26 06:45:00,18,8,26,6,45,470,57,AVENUE DE L'HIRONDELLE,44.6493,0.59145,Crépuscule ou aube,En agglomération,Hors intersection,Normale,Autre collision,,,,,,,,,,,2,2,1,1.0,6.0
201800032974,0018-10-15 18:20:00,18,10,15,18,20,470,37,Bosclar,44.62763,0.70767,Plein jour,Hors agglomération,Intersection en Y,Normale,Deux véhicules - frontale,,,,,,,,,,,1,1,4,1.0,1.0
201800032975,0018-11-03 17:40:00,18,11,3,17,40,470,198,Gorse bas,44.47279,0.65118,Crépuscule ou aube,Hors agglomération,Hors intersection,Normale,Deux véhicules - frontale,,,,,,,,,,,2,1,1,1.0,1.0
201800032976,0018-11-29 15:15:00,18,11,29,15,15,470,284,D 162,44.54835,0.8908,Plein jour,Hors agglomération,Hors intersection,Normale,Autre collision,,,,,,,,,,,1,1,1,1.0,6.0
201800032977,0018-12-09 19:35:00,18,12,9,19,35,470,175,BOULEDE,44.52773,0.73965,Nuit sans éclairage public,Hors agglomération,Hors intersection,Normale,Sans collision,,,,,,,,,,,3,1,1,1.0,7.0
201800032978,0018-04-21 08:00:00,18,4,21,8,0,710,306,ROUGET DE L'ISLE (RUE),46.67128,4.36169,Plein jour,En agglomération,Hors intersection,Normale,Autre collision,,,,,,,,,,,1,2,1,1.0,6.0
201800032979,0018-05-10 18:20:00,18,5,10,18,20,710,499,RENE CASSIN (RUE),46.66038,4.28981,Plein jour,En agglomération,Hors intersection,Normale,Deux véhicules - côté,,,,,,,,,,,1,2,1,1.0,3.0
201800032980,0018-05-25 18:55:00,18,5,25,18,55,710,40,MARCEL GUEUGNEAU (RUE),46.69825,4.39138,Plein jour,En agglomération,Hors intersection,Normale,Deux véhicules - côté,,,,,,,,,,,1,2,1,1.0,3.0
201800032981,0018-05-03 11:20:00,18,5,3,11,20,710,499,SAINT BERAIN (RUE DE),46.67559,4.29033,Plein jour,En agglomération,Hors intersection,Normale,Deux véhicules - côté,,,,,,,,,,,1,2,1,1.0,3.0
201800032982,0018-05-08 09:50:00,18,5,8,9,50,710,306,JEAN BOUVERI (RUE),46.62249,4.36584,Plein jour,En agglomération,Hors intersection,Normale,Autre collision,,,,,,,,,,,1,2,1,1.0,6.0
201800032983,0018-05-08 15:10:00,18,5,8,15,10,710,486,LIBERTE (PLACE DE LA),46.64,4.37041,Plein jour,En agglomération,Hors intersection,Normale,Deux véhicules - côté,,,,,,,,,,,1,2,1,1.0,3.0
201800032984,0018-05-25 18:00:00,18,5,25,18,0,710,306,RUGNY (AVENUE DE),46.6938,4.3542,Plein jour,En agglomération,Hors intersection,Normale,Sans collision,,,,,,,,,,,1,2,1,1.0,7.0
201800032985,0018-05-19 18:50:00,18,5,19,18,50,710,306,MARCEL DULAC (RUE),46.68374,4.37148,Plein jour,En agglomération,Hors intersection,Normale,Deux véhicules - côté,,,,,,,,,,,1,2,1,1.0,3.0
201800032986,0018-05-07 20:35:00,18,5,7,20,35,710,306,LOGE (RUE DE LA),46.67764,4.3783,Plein jour,En agglomération,Hors intersection,Normale,Deux véhicules - côté,,,,,,,,,,,1,2,1,1.0,3.0
201800032987,0018-05-22 17:55:00,18,5,22,17,55,710,486,RD 974,46.76,4.3239,Plein jour,En agglomération,Hors intersection,Normale,Sans collision,,,,,,,,,,,1,2,1,1.0,7.0
201800032988,0018-06-19 17:05:00,18,6,19,17,5,710,40,RN 70 (ROUTE EXPRESS),46.70256,4.41293,Plein jour,En agglomération,Hors intersection,Normale,Deux véhicules - arrière,,,,,,,,,,,1,2,1,1.0,2.0
201800032989,0018-06-19 20:55:00,18,6,19,20,55,710,499,SAINT BERAIN (RUE DE),46.67555,4.29033,Crépuscule ou aube,En agglomération,Hors intersection,Normale,Sans collision,,,,,,,,,,,2,2,1,1.0,7.0
201800032990,0018-06-24 12:15:00,18,6,24,12,15,710,486,RN 70 (ROUTE EXPRESS),46.6514,4.3293,Plein jour,En agglomération,Hors intersection,Normale,Autre collision,,,,,,,,,,,1,2,1,1.0,6.0
201800032991,0018-06-04 17:20:00,18,6,4,17,20,710,306,GENERAL DE GAULLE (QUAI,46.67355,4.3614,Plein jour,En agglomération,Hors intersection,Normale,Sans collision,,,,,,,,,,,1,2,1,1.0,7.0
201800032992,0018-06-05 16:15:00,18,6,5,16,15,710,306,MACON (RUE DE),46.67358,4.3745,Plein jour,En agglomération,Hors intersection,Normale,Autre collision,,,,,,,,,,,1,2,1,1.0,6.0