accident_id,datetime,annee,mois,jour,heure,minute,departement,commune_insee,adresse,latitude,longitude,luminosite,agglomeration,intersection,meteo,collision,nb_vehicules,nb_usagers,nb_indemnes,nb_tues,nb_blesses_hosp,nb_blesses_legers,age_cond_1,age_cond_2,veh_type_cond_1,veh_type_cond_2,lum_code,agg_code,int_code,atm_code,col_code
201800033351,0018-12-07 19:45:00,18,12,7,19,45,370,51,Route Départementale 749,47.05188,0.3232,Nuit sans éclairage public,Hors agglomération,Hors intersection,Normale,Deux véhicules - frontale,,,,,,,,,,,3,1,1,1.0,1.0
201800033352,0018-01-03 17:20:00,18,1,3,17,20,740,10,AVENUE DE LOVERCHY,45.85476,6.11892,Nuit avec éclairage allumé,En agglomération,Intersection en Y,Pluie forte,Autre collision,,,,,,,,,,,5,2,4,3.0,6.0
201800033353,0018-01-14 07:45:00,18,1,14,7,45,740,10,"45, NOVEL (AVENUE DE)",45.91476,6.12952,Crépuscule ou aube,En agglomération,Giratoire,Normale,Autre collision,,,,,,,,,,,2,2,6,1.0,6.0
201800033354,0018-01-19 07:40:00,18,1,19,7,40,740,10,AVENUE DE BROGNY,45.91945,6.12564,Crépuscule ou aube,En agglomération,Intersection en Y,Pluie légère,Deux véhicules - côté,,,,,,,,,,,2,2,4,2.0,3.0
201800033355,0018-01-21 14:40:00,18,1,21,14,40,740,93,"9, REPUBLIQUE (AVENUE DE",45.90695,6.11033,Plein jour,En agglomération,Intersection en X,Pluie légère,Autre collision,,,,,,,,,,,1,2,2,2.0,6.0
201800033356,0018-02-02 07:45:00,18,2,2,7,45,740,10,BOULEVARD CORNICHE,45.89412,6.12994,Plein jour,En agglomération,Intersection en Y,Normale,Sans collision,,,,,,,,,,,1,2,4,1.0,7.0
201800033357,0018-02-04 06:10:00,18,2,4,6,10,740,10,BOULEVARD DE LA  ROCADE,45.90916,6.117,Nuit avec éclairage allumé,En agglomération,Intersection en X,Normale,Trois véhicules et plus - collisions multiples,,,,,,,,,,,5,2,2,1.0,5.0
201800033358,0018-02-07 13:40:00,18,2,7,13,40,740,10,"134, AVENUE DE GENEVE",45.92511,6.12451,Plein jour,En agglomération,Hors intersection,Pluie légère,Autre collision,,,,,,,,,,,1,2,1,2.0,6.0
201800033359,0018-02-07 16:25:00,18,2,7,16,25,740,10,"46, NOVEL (AVENUE DE)",45.91662,6.13207,Crépuscule ou aube,En agglomération,Hors intersection,Pluie légère,Autre collision,,,,,,,,,,,2,2,1,2.0,6.0
201800033360,0018-02-08 18:00:00,18,2,8,18,0,740,10,RUE JACQUELINE AURIOL,45.92433,6.12711,Nuit avec éclairage allumé,En agglomération,Intersection en Y,Normale,Trois véhicules et plus - collisions multiples,,,,,,,,,,,5,2,4,1.0,5.0
201800033361,0018-02-11 16:30:00,18,2,11,16,30,740,10,"11-13, ALBIGNY (AVE)",45.9041,6.1383,Plein jour,En agglomération,Intersection en T,Pluie légère,Autre collision,,,,,,,,,,,1,2,3,2.0,6.0
201800033362,0018-03-13 18:26:00,18,3,13,18,26,740,10,"28, RUE SOMMEILLER",45.90215,6.12512,Crépuscule ou aube,En agglomération,Hors intersection,Temps couvert,Autre collision,,,,,,,,,,,2,2,1,8.0,6.0
201800033363,0018-03-31 21:00:00,18,3,31,21,0,740,93,BOULEVARD OUEST,,,Nuit avec éclairage non allumé,En agglomération,Hors intersection,Normale,Deux véhicules - côté,,,,,,,,,,,4,2,1,1.0,3.0
201800033364,0018-04-03 07:00:00,18,4,3,7,0,740,10,MARQUISATS (AVENUE DES),45.89073,6.14072,Plein jour,En agglomération,Hors intersection,Normale,Deux véhicules - frontale,,,,,,,,,,,1,2,1,1.0,1.0
201800033365,0018-04-09 13:45:00,18,4,9,13,45,740,93,GEVRIER (DE),45.90664,6.09767,Plein jour,En agglomération,Intersection en Y,Normale,Autre collision,,,,,,,,,,,1,2,4,1.0,6.0
201800033366,0018-04-10 11:25:00,18,4,10,11,25,740,10,MAX BRUCHET,45.91168,6.124,Plein jour,En agglomération,Intersection en T,Normale,Autre collision,,,,,,,,,,,1,2,3,1.0,6.0
201800033367,0018-01-16 21:10:00,18,1,16,21,10,740,10,BD DE LA  ROCADE,45.90916,6.11733,Nuit avec éclairage allumé,En agglomération,Intersection en X,Pluie légère,Deux véhicules - côté,,,,,,,,,,,5,2,2,2.0,3.0
201800033368,0018-04-10 15:30:00,18,4,10,15,30,740,10,ROCADE (BOULEVARD DE LA),45.9116,6.12145,Plein jour,En agglomération,Intersection en X,Normale,Deux véhicules - côté,,,,,,,,,,,1,2,2,1.0,3.0
201800033369,0018-04-16 17:40:00,18,4,16,17,40,740,10,CHAMBERY,45.89835,6.11677,Plein jour,En agglomération,Intersection en T,Normale,Deux véhicules - côté,,,,,,,,,,,1,2,3,1.0,3.0
201800033370,0018-04-18 14:08:00,18,4,18,14,8,740,10,MAQUIS (CHEMIN DU),45.92134,6.13332,Plein jour,En agglomération,Giratoire,Normale,Deux véhicules - côté,,,,,,,,,,,1,2,6,1.0,3.0
201800033371,0018-04-26 18:05:00,18,4,26,18,5,740,10,FIER (BOULEVARD DU)),45.912,6.1135,Plein jour,En agglomération,Intersection en X,Normale,Autre collision,,,,,,,,,,,1,2,2,1.0,6.0
201800033372,0018-05-05 23:15:00,18,5,5,23,15,740,10,MARQUISATS (AVENUE DES),45.8946,6.13425,Nuit avec éclairage allumé,En agglomération,Hors intersection,Normale,Deux véhicules - arrière,,,,,,,,,,,5,2,1,1.0,2.0
201800033373,0018-05-06 14:45:00,18,5,6,14,45,740,10,BALMETTES (FAUBOURG DES),45.89477,6.12354,Plein jour,En agglomération,Hors intersection,Normale,Deux véhicules - côté,,,,,,,,,,,1,2,1,1.0,3.0
201800033374,0018-05-14 14:00:00,18,5,14,14,0,740,93,BERGES (Chemin des),45.90635,6.10465,Plein jour,En agglomération,Hors intersection,Normale,Autre collision,,,,,,,,,,,1,2,1,1.0,6.0
201800033375,0018-05-18 11:40:00,18,5,18,11,40,740,10,MAVERIA,45.9093,6.1418,Plein jour,En agglomération,Intersection en T,Normale,Deux véhicules - côté,,,,,,,,,,,1,2,3,1.0,3.0
201800033376,0018-05-20 00:01:00,18,5,20,0,1,740,10,PRESIDENT FAVRE,,,Nuit avec éclairage allumé,En agglomération,Hors intersection,Normale,Sans collision,,,,,,,,,,,5,2,1,1.0,7.0
201800033377,0018-05-22 11:53:00,18,5,22,11,53,740,10,BROGNY (AVENUE DE) (SECT,45.92183,6.12562,Plein jour,En agglomération,Hors intersection,Normale,Trois véhicules et plus - collisions multiples,,,,,,,,,,,1,2,1,1.0,5.0
201800033378,0018-05-24 17:04:00,18,5,24,17,4,740,10,MARQUISATS (AVENUE DES),45.89688,6.13186,Plein jour,En agglomération,Hors intersection,Normale,Deux véhicules - côté,,,,,,,,,,,1,2,1,1.0,3.0
201800033379,0018-05-29 19:10:00,18,5,29,19,10,740,93,PONT-NEUF (AVENUE DU),,,Plein jour,En agglomération,Hors intersection,Normale,Deux véhicules - arrière,,,,,,,,,,,1,2,1,1.0,2.0
201800033380,0018-06-12 13:11:00,18,6,12,13,11,740,93,PRELEVET (AVENUE DE),45.89479,6.10118,Plein jour,En agglomération,Hors intersection,Normale,Deux véhicules - arrière,,,,,,,,,,,1,2,1,1.0,2.0
201800033381,0018-06-12 19:53:00,18,6,12,19,53,740,10,CARNOT (RUE),45.90534,6.12393,Plein jour,En agglomération,Hors intersection,Pluie légère,Autre collision,,,,,,,,,,,1,2,1,2.0,6.0
201800033382,0018-06-14 23:15:00,18,6,14,23,15,740,10,RHONE (AVENUE DU),45.90039,6.11733,Nuit avec éclairage allumé,En agglomération,Giratoire,Normale,Deux véhicules - côté,,,,,,,,,,,5,2,6,1.0,3.0
201800033383,0018-06-22 18:20:00,18,6,22,18,20,740,10,JEAN JAURES,45.90323,6.12782,Plein jour,En agglomération,Intersection en T,Normale,Deux véhicules - côté,,,,,,,,,,,1,2,3,1.0,3.0
201800033384,0018-06-30 15:30:00,18,6,30,15,30,740,93,CROISEE (DE LA),45.89611,6.11127,Plein jour,En agglomération,Autre intersection,Normale,Deux véhicules - côté,,,,,,,,,,,1,2,9,1.0,3.0
201800033385,0018-06-30 21:05:00,18,6,30,21,5,740,10,PONT NEUF,46.89774,6.1146,Plein jour,En agglomération,Intersection en T,Normale,Deux véhicules - arrière,,,,,,,,,,,1,2,3,1.0,2.0
201800033386,0018-07-01 01:35:00,18,7,1,1,35,740,93,REPUBLIQUE (AVENUE DE LA,,,Nuit avec éclairage allumé,En agglomération,Hors intersection,Normale,Deux véhicules - côté,,,,,,,,,,,5,2,1,1.0,3.0
201800033387,0018-07-05 07:05:00,18,7,5,7,5,740,10,LYCEE (BOULEVARD DU)(BRO,45.90594,6.12884,Plein jour,En agglomération,Giratoire,Normale,Deux véhicules - côté,,,,,,,,,,,1,2,6,1.0,3.0
201800033388,0018-07-19 23:00:00,18,7,19,23,0,740,93,CHEVENNES (ROUTE DE),45.9043,6.10939,Nuit avec éclairage allumé,En agglomération,Intersection en T,Normale,Deux véhicules - côté,,,,,,,,,,,5,2,3,1.0,3.0
201800033389,0018-07-24 19:00:00,18,7,24,19,0,740,10,CLOCHES (CHEMIN DES),45.91145,6.13687,Plein jour,En agglomération,Hors intersection,Normale,Autre collision,,,,,,,,,,,1,2,1,1.0,6.0
201800033390,0018-07-26 18:45:00,18,7,26,18,45,740,10,BERTHOLLET,45.90432,6.12152,Plein jour,En agglomération,Intersection en T,Normale,Deux véhicules - côté,,,,,,,,,,,1,2,3,1.0,3.0
201800033391,0018-07-27 08:45:00,18,7,27,8,45,740,10,LYCEE (BOULEVARD DU)(BRO,45.9063,6.1312,Plein jour,En agglomération,Giratoire,Normale,Deux véhicules - côté,,,,,,,,,,,1,2,6,1.0,3.0
201800033392,0018-08-08 15:10:00,18,8,8,15,10,740,93,CREUSES (ROUTE DES),45.89356,6.1012,Plein jour,En agglomération,Autre intersection,Normale,Autre collision,,,,,,,,,,,1,2,9,1.0,6.0
201800033393,0018-08-13 13:15:00,18,8,13,13,15,740,10,CROIX ROUGE (CHEMIN DE L,45.89477,6.11502,Plein jour,En agglomération,Hors intersection,Normale,Deux véhicules - côté,,,,,,,,,,,1,2,1,1.0,3.0
201800033394,0018-08-21 11:05:00,18,8,21,11,5,740,10,SOMMEILLER,45.90223,6.12539,Plein jour,En agglomération,Autre intersection,Temps éblouissant,Autre collision,,,,,,,,,,,1,2,9,7.0,6.0
201800033395,0018-09-07 10:10:00,18,9,7,10,10,740,93,PRELEVET (AVENUE DE),45.89801,6.10358,Plein jour,En agglomération,Hors intersection,Normale,Deux véhicules - arrière,,,,,,,,,,,1,2,1,1.0,2.0
201800033396,0018-09-25 21:15:00,18,9,25,21,15,740,10,ROCADE (BOULEVARD DE LA),45.9116,6.1215,Nuit avec éclairage allumé,En agglomération,Hors intersection,Normale,Deux véhicules - côté,,,,,,,,,,,5,2,1,1.0,3.0
201800033397,0018-09-26 01:10:00,18,9,26,1,10,740,10,LOUIS CHAUMONTEL,45.9041,6.121,Nuit avec éclairage allumé,En agglomération,Hors intersection,Normale,Autre collision,,,,,,,,,,,5,2,1,1.0,6.0
201800033398,0018-09-27 13:18:00,18,9,27,13,18,740,10,LOVERCHY (CIMETIERE/AVEN,45.8951,6.1193,Plein jour,En agglomération,Intersection en X,Normale,Deux véhicules - frontale,,,,,,,,,,,1,2,2,1.0,1.0
201800033399,0018-09-30 01:00:00,18,9,30,1,0,740,10,FRANCE (AVENUE)(SECTEUR,45.90719,6.1407,Nuit avec éclairage allumé,En agglomération,Intersection en X,Normale,Deux véhicules - côté,,,,,,,,,,,5,2,2,1.0,3.0
201800033400,0018-10-01 06:45:00,18,10,1,6,45,740,10,BROGNY (AVENUE DE) (SECT,45.9194,6.1256,Nuit avec éclairage allumé,En agglomération,Intersection en T,Normale,Deux véhicules - côté,,,,,,,,,,,5,2,3,1.0,3.0
201800033401,0018-11-21 17:30:00,18,11,21,17,30,740,10,ROCADE (BOULEVARD DE LA),45.90692,6.11514,Nuit avec éclairage allumé,En agglomération,Hors intersection,Pluie légère,Trois véhicules et plus - en chaîne,,,,,,,,,,,5,2,1,2.0,4.0
201800033402,0018-12-05 17:15:00,18,12,5,17,15,740,10,FRANCE (AVENUE)(SECTEUR,45.91345,6.13494,Plein jour,En agglomération,Intersection en X,Normale,Autre collision,,,,,,,,,,,1,2,2,1.0,6.0
201800033403,0018-12-11 19:00:00,18,12,11,19,0,740,93,BEAUREGARD,45.90392,6.09931,Nuit avec éclairage allumé,En agglomération,Intersection en Y,Normale,Autre collision,,,,,,,,,,,5,2,4,1.0,6.0
201800033404,0018-12-12 14:10:00,18,12,12,14,10,740,10,GENEVE (AVENUE DE)(SECTE,45.91082,6.12382,Plein jour,En agglomération,Hors intersection,Normale,Autre collision,,,,,,,,,,,1,2,1,1.0,6.0
201800033405,0018-12-14 08:20:00,18,12,14,8,20,740,93,ANJOT (AVENUE DU CAPITAI,45.89605,6.09729,Plein jour,En agglomération,Hors intersection,Normale,Autre collision,,,,,,,,,,,1,2,1,1.0,6.0
201800033406,0018-12-20 09:49:00,18,12,20,9,49,740,10,FRANCE (AVENUE)(SECTEUR,45.9104,6.1377,Plein jour,En agglomération,Hors intersection,Normale,Autre collision,,,,,,,,,,,1,2,1,1.0,6.0
201800033407,0018-01-03 07:30:00,18,1,3,7,30,740,133,INDUSTRIE (RUE DE L'),46.18258,6.21386,Crépuscule ou aube,En agglomération,Hors intersection,Vent fort / tempête,Trois véhicules et plus - collisions multiples,,,,,,,,,,,2,2,1,6.0,5.0
201800033408,0018-01-02 15:35:00,18,1,2,15,35,740,12,LEMAN (AVENUE DU),46.1824,6.2433,Plein jour,En agglomération,Intersection en T,Normale,Autre collision,,,,,,,,,,,1,2,3,1.0,6.0
201800033409,0018-01-04 19:10:00,18,1,4,19,10,740,12,ROUTE DE THONON,46.19651,6.26416,Nuit sans éclairage public,En agglomération,Giratoire,Pluie légère,Autre collision,,,,,,,,,,,3,2,6,2.0,6.0
201800033410,0018-01-08 16:50:00,18,1,8,16,50,740,12,"5, RUE DU CLOS FLEURY",46.19193,6.23307,Crépuscule ou aube,En agglomération,Intersection en T,Normale,Autre collision,,,,,,,,,,,2,2,3,1.0,6.0
201800033411,0018-01-06 06:25:00,18,1,6,6,25,740,305,VOIRONS (RUE DES),46.20064,6.27524,Nuit sans éclairage public,En agglomération,Giratoire,Autre,Sans collision,,,,,,,,,,,3,2,6,9.0,7.0
201800033412,0018-01-12 08:35:00,18,1,12,8,35,740,12,ZOLA (RUE EMILE),46.19378,6.22838,Plein jour,En agglomération,Giratoire,Normale,Deux véhicules - côté,,,,,,,,,,,1,2,6,1.0,3.0
201800033413,0018-01-12 11:15:00,18,1,12,11,15,740,12,"21, ROUTE DES  VALLEES",46.1935,6.24247,Plein jour,En agglomération,Hors intersection,Normale,Deux véhicules - côté,,,,,,,,,,,1,2,1,1.0,3.0
201800033414,0018-01-15 17:21:00,18,1,15,17,21,740,12,THONON (ROUTE DE),46.20018,6.27466,Crépuscule ou aube,En agglomération,Hors intersection,Normale,Deux véhicules - arrière,,,,,,,,,,,2,2,1,1.0,2.0
201800033415,0018-01-17 07:30:00,18,1,17,7,30,740,12,BONNEVILLE (ROUTE DE),46.18812,6.23586,Nuit avec éclairage allumé,En agglomération,Hors intersection,Pluie légère,Sans collision,,,,,,,,,,,5,2,1,2.0,7.0
201800033416,0018-01-19 06:35:00,18,1,19,6,35,740,305,HENON (RUE ALBERT),46.20304,6.23673,Nuit avec éclairage allumé,En agglomération,Intersection en T,Temps couvert,Deux véhicules - côté,,,,,,,,,,,5,2,3,8.0,3.0
201800033417,0018-01-17 18:50:00,18,1,17,18,50,740,133,LIBERATION (RUE DE LA),46.188,6.2101,Nuit avec éclairage allumé,En agglomération,Hors intersection,Normale,Autre collision,,,,,,,,,,,5,2,1,1.0,6.0
201800033418,0018-01-24 09:00:00,18,1,24,9,0,740,12,"16, VALLEES (ROUTE DES)",46.19348,6.24218,Plein jour,En agglomération,Hors intersection,Temps éblouissant,Autre collision,,,,,,,,,,,1,2,1,7.0,6.0
201800033419,0018-01-24 08:25:00,18,1,24,8,25,740,12,"2, CURIOZ (RUE ALBERT)",46.18571,6.24629,Plein jour,En agglomération,Hors intersection,Normale,Autre collision,,,,,,,,,,,1,2,1,1.0,6.0
201800033420,0018-01-26 15:03:00,18,1,26,15,3,740,12,GARE (AVENUE DE LA),46.19596,6.23464,Plein jour,En agglomération,Intersection en Y,Pluie légère,Deux véhicules - côté,,,,,,,,,,,1,2,4,2.0,3.0
201800033421,0018-01-26 15:30:00,18,1,26,15,30,740,12,ZOLA (RUE EMILE),46.19374,6.22845,Plein jour,En agglomération,Intersection en Y,Pluie légère,Deux véhicules - côté,,,,,,,,,,,1,2,4,2.0,3.0
201800033422,0018-01-23 09:45:00,18,1,23,9,45,740,305,"44, TOURNELLES (RUE DES)",46.19765,6.24324,Plein jour,En agglomération,Hors intersection,Normale,Autre collision,,,,,,,,,,,1,2,1,1.0,6.0
201800033423,0018-01-30 17:30:00,18,1,30,17,30,740,118,SAINT-JULIEN (ROUTE DE),46.17179,6.21478,Plein jour,Hors agglomération,Hors intersection,Temps couvert,Deux véhicules - côté,,,,,,,,,,,1,1,1,8.0,3.0
201800033424,0018-01-31 23:15:00,18,1,31,23,15,740,12,"35, RUE LA RESISTANCE",46.19687,6.26282,Nuit avec éclairage allumé,En agglomération,Hors intersection,Normale,Autre collision,,,,,,,,,,,5,2,1,1.0,6.0
201800033425,0018-01-22 11:00:00,18,1,22,11,0,740,8,"3, NEGOCIANTS (RUE DES)",46.19707,6.23028,Plein jour,En agglomération,Hors intersection,Normale,Autre collision,,,,,,,,,,,1,2,1,1.0,6.0
201800033426,0018-02-02 18:25:00,18,2,2,18,25,740,298,"06, COLLINE (ROUTE DE LA",46.18535,6.25929,Nuit avec éclairage allumé,En agglomération,Hors intersection,Normale,Autre collision,,,,,,,,,,,5,2,1,1.0,6.0
201800033427,0018-02-05 09:00:00,18,2,5,9,0,740,8,"07, JURA (RUE DU)",46.19892,6.22626,Plein jour,En agglomération,Intersection en Y,Neige / grêle,Deux véhicules - côté,,,,,,,,,,,1,2,4,4.0,3.0
201800033428,0018-02-11 21:05:00,18,2,11,21,5,740,8,BRIAND (RUE ARISTIDE),46.19246,6.21691,Nuit avec éclairage allumé,En agglomération,Hors intersection,Normale,Autre collision,,,,,,,,,,,5,2,1,1.0,6.0
201800033429,0018-02-14 17:25:00,18,2,14,17,25,740,12,TANINGES (ROUTE DE),46.19138,6.23131,Plein jour,En agglomération,Giratoire,Normale,Trois véhicules et plus - en chaîne,,,,,,,,,,,1,2,6,1.0,4.0
201800033430,0018-02-16 05:20:00,18,2,16,5,20,740,12,BARON DE LOE (RUE DU),46.19305,6.22841,Nuit sans éclairage public,En agglomération,Hors intersection,Pluie légère,Autre collision,,,,,,,,,,,3,2,1,2.0,6.0
201800033431,0018-01-12 13:25:00,18,1,12,13,25,740,12,"15,RUE EMILE  ZOLA",46.1971,6.23313,Plein jour,En agglomération,Hors intersection,Normale,Deux véhicules - arrière,,,,,,,,,,,1,2,1,1.0,2.0
201800033432,0018-02-17 18:52:00,18,2,17,18,52,740,12,THONON (ROUTE DE),46.20003,6.27402,Crépuscule ou aube,En agglomération,Hors intersection,Normale,Deux véhicules - arrière,,,,,,,,,,,2,2,1,1.0,2.0
201800033433,0018-02-16 11:30:00,18,2,16,11,30,740,12,TOURNELLES (RUE DES),46.19662,6.24243,Plein jour,En agglomération,Hors intersection,Normale,Sans collision,,,,,,,,,,,1,2,1,1.0,7.0
201800033434,0018-02-24 20:25:00,18,2,24,20,25,740,12,"29, RUE DE GENEVE",46.19277,6.22907,Nuit avec éclairage allumé,En agglomération,Giratoire,Normale,Deux véhicules - côté,,,,,,,,,,,5,2,6,1.0,3.0
201800033435,0018-02-26 12:20:00,18,2,26,12,20,740,12,ESSERTS (RUE DES),46.19809,6.2637,Plein jour,En agglomération,Intersection en X,Vent fort / tempête,Deux véhicules - côté,,,,,,,,,,,1,2,2,6.0,3.0
201800033436,0018-03-08 06:40:00,18,3,8,6,40,740,12,AV MARECHAL LECLERC,46.18647,6.24782,Crépuscule ou aube,En agglomération,Intersection en T,Normale,Autre collision,,,,,,,,,,,2,2,3,1.0,6.0
201800033437,0018-03-08 09:12:00,18,3,8,9,12,740,12,"04, BRIAND (RUE ARISITID",46.19347,6.23996,Plein jour,En agglomération,Hors intersection,Normale,Autre collision,,,,,,,,,,,1,2,1,1.0,6.0
201800033438,0018-03-06 08:29:00,18,3,6,8,29,740,12,EUROPE (AVENUE DE L'),46.17807,6.23732,Plein jour,Hors agglomération,Intersection en T,Pluie légère,Deux véhicules - côté,,,,,,,,,,,1,1,3,2.0,3.0
201800033439,0018-03-09 08:35:00,18,3,9,8,35,740,12,"14, SALEVE (RUE DU)",46.19183,6.22965,Plein jour,En agglomération,Hors intersection,Normale,Deux véhicules - côté,,,,,,,,,,,1,2,1,1.0,3.0
201800033440,0018-03-10 05:25:00,18,3,10,5,25,740,133,INDUSTRIE (RUE DE L'),46.1873,6.21895,Nuit avec éclairage allumé,En agglomération,Hors intersection,Pluie légère,Autre collision,,,,,,,,,,,5,2,1,2.0,6.0
201800033441,0018-03-17 05:20:00,18,3,17,5,20,740,12,ARVE (QUAI D'),46.18639,6.22228,Nuit avec éclairage allumé,En agglomération,Giratoire,Pluie légère,Autre collision,,,,,,,,,,,5,2,6,2.0,6.0
201800033442,0018-03-18 19:15:00,18,3,18,19,15,740,12,"14, RUE DE LA RESISTANCE",46.1958,6.25362,Nuit avec éclairage allumé,En agglomération,Hors intersection,Normale,Autre collision,,,,,,,,,,,5,2,1,1.0,6.0
201800033443,0018-03-17 21:35:00,18,3,17,21,35,740,118,SAINT-JULIEN (ROUTE DE),46.1753,6.22146,Nuit avec éclairage allumé,En agglomération,Intersection en T,Normale,Deux véhicules - frontale,,,,,,,,,,,5,2,3,1.0,1.0
201800033444,0018-03-20 08:15:00,18,3,20,8,15,740,12,EUROPE (AVENUE DE L'),46.17684,6.23988,Plein jour,En agglomération,Hors intersection,Normale,Deux véhicules - côté,,,,,,,,,,,1,2,1,1.0,3.0
201800033445,0018-03-22 06:55:00,18,3,22,6,55,740,12,ETREMBIERES (ROUTE D'),46.18781,6.23242,Plein jour,En agglomération,Hors intersection,Normale,Autre collision,,,,,,,,,,,1,2,1,1.0,6.0
201800033446,0018-03-23 00:50:00,18,3,23,0,50,740,12,EUROPE (AVENUE DE L'),46.18244,6.23428,Nuit avec éclairage allumé,En agglomération,Hors intersection,Normale,Deux véhicules - frontale,,,,,,,,,,,5,2,1,1.0,1.0
201800033447,0018-03-24 12:45:00,18,3,24,12,45,740,12,EUROPE (AVENUE DE L'),46.18251,6.23357,Plein jour,En agglomération,Hors intersection,Temps éblouissant,Trois véhicules et plus - collisions multiples,,,,,,,,,,,1,2,1,7.0,5.0
201800033448,0018-03-24 13:15:00,18,3,24,13,15,740,12,GARE (RUE DE LA),46.19401,6.23313,Plein jour,En agglomération,Intersection en Y,Normale,Autre collision,,,,,,,,,,,1,2,4,1.0,6.0
201800033449,0018-03-22 20:00:00,18,3,22,20,0,740,12,"11, GARE (RUE DE LA)",46.19416,6.23377,Nuit avec éclairage allumé,En agglomération,Hors intersection,Normale,Autre collision,,,,,,,,,,,5,2,1,1.0,6.0
201800033450,0018-03-05 00:20:00,18,3,5,0,20,740,298,BONNEVILLE (ROUTE DE ),48.86272,2.28759,Nuit sans éclairage public,En agglomération,Hors intersection,Pluie légère,Autre collision,,,,,,,,,,,3,2,1,2.0,6.0
201800033451,0018-03-27 16:45:00,18,3,27,16,45,740,12,"11, MAGNIN (RUE ADOLPHE)",46.19561,6.23831,Plein jour,En agglomération,Hors intersection,Normale,Autre collision,,,,,,,,,,,1,2,1,1.0,6.0
201800033452,0018-03-28 10:25:00,18,3,28,10,25,740,12,"33,RUE DE LA RESISTANCE",46.19663,6.26139,Plein jour,En agglomération,Hors intersection,Temps couvert,Deux véhicules - arrière,,,,,,,,,,,1,2,1,8.0,2.0
201800033453,0018-03-19 15:20:00,18,3,19,15,20,740,12,"30, RUE LA RESISTANCE",46.1964,6.2609,Plein jour,En agglomération,Hors intersection,Normale,Deux véhicules - arrière,,,,,,,,,,,1,2,1,1.0,2.0
201800033454,0018-03-29 13:40:00,18,3,29,13,40,740,118,"419, MOULIN (RUE JEAN)",46.93471,6.10224,Plein jour,Hors agglomération,Hors intersection,Normale,Deux véhicules - côté,,,,,,,,,,,1,1,1,1.0,3.0
201800033455,0018-03-30 19:40:00,18,3,30,19,40,740,12,EUROPE (AVENUE DE L'),46.17887,6.23634,Nuit avec éclairage allumé,En agglomération,Hors intersection,Pluie légère,Deux véhicules - arrière,,,,,,,,,,,5,2,1,2.0,2.0
201800033456,0018-04-01 10:00:00,18,4,1,10,0,740,298,EUROPE (AVENUE DE L'),46.17919,6.24496,Plein jour,En agglomération,Giratoire,Normale,Deux véhicules - côté,,,,,,,,,,,1,2,6,1.0,3.0
201800033457,0018-03-31 21:30:00,18,3,31,21,30,740,12,MORET (PLACE ALEXANDRE),46.19147,6.23399,Nuit avec éclairage allumé,En agglomération,Giratoire,Normale,Deux véhicules - côté,,,,,,,,,,,5,2,6,1.0,3.0
201800033458,0018-04-06 22:30:00,18,4,6,22,30,740,118,SAINT-JULIEN (ROUTE DE),46.17524,6.2215,Nuit avec éclairage allumé,En agglomération,Intersection en Y,Normale,Deux véhicules - côté,,,,,,,,,,,5,2,4,1.0,3.0
201800033459,0018-04-05 17:10:00,18,4,5,17,10,740,12,50 RUE L'ILE DE FRANCE,46.1909,6.24524,Plein jour,En agglomération,Hors intersection,Pluie légère,Autre collision,,,,,,,,,,,1,2,1,2.0,6.0
201800033460,0018-04-08 13:45:00,18,4,8,13,45,740,12,ANNEXION (RUE DE L'),46.18542,6.24207,Plein jour,En agglomération,Intersection en T,Normale,Sans collision,,,,,,,,,,,1,2,3,1.0,7.0
201800033461,0018-04-12 09:30:00,18,4,12,9,30,740,12,GENEVE (RUE DE),46.1927,6.23061,Plein jour,En agglomération,Hors intersection,Normale,Autre collision,,,,,,,,,,,1,2,1,1.0,6.0
201800033462,0018-04-12 13:02:00,18,4,12,13,2,740,12,GLIERES (RUE DES),46.19422,6.24522,Plein jour,En agglomération,Intersection en X,Normale,Trois véhicules et plus - collisions multiples,,,,,,,,,,,1,2,2,1.0,5.0
201800033463,0018-04-13 05:55:00,18,4,13,5,55,740,8,RAVIER (RUE),46.19961,6.22751,Nuit avec éclairage allumé,En agglomération,Hors intersection,Normale,Deux véhicules - côté,,,,,,,,,,,5,2,1,1.0,3.0
201800033464,0018-04-16 17:05:00,18,4,16,17,5,740,118,DEPORTES (ROUTE DES ),46.18468,6.23151,Plein jour,En agglomération,Intersection en Y,Normale,Deux véhicules - arrière,,,,,,,,,,,1,2,4,1.0,2.0
201800033465,0018-04-19 08:30:00,18,4,19,8,30,740,133,JARDINS (RUE DES),46.18398,6.21876,Plein jour,En agglomération,Hors intersection,Temps éblouissant,Autre collision,,,,,,,,,,,1,2,1,7.0,6.0
201800033466,0018-04-21 14:25:00,18,4,21,14,25,740,133,PEUPLIERS (IMPASSE DES),46.18985,6.20874,Plein jour,En agglomération,Hors intersection,Normale,Deux véhicules - arrière,,,,,,,,,,,1,2,1,1.0,2.0
201800033467,0018-04-22 23:06:00,18,4,22,23,6,740,12,ZOLA (RUE EMILE),46.19692,6.23323,Nuit avec éclairage allumé,En agglomération,Hors intersection,Normale,Autre collision,,,,,,,,,,,5,2,1,1.0,6.0
201800033468,0018-04-23 18:25:00,18,4,23,18,25,740,12,BONNEVILLE (ROUTE DE),,,Plein jour,En agglomération,Hors intersection,Normale,Deux véhicules - arrière,,,,,,,,,,,1,2,1,1.0,2.0
201800033469,0018-04-27 06:59:00,18,4,27,6,59,740,12,GENEVE (RUE DE),46.19272,6.23024,Plein jour,En agglomération,Hors intersection,Normale,Deux véhicules - côté,,,,,,,,,,,1,2,1,1.0,3.0