accident_id,datetime,annee,mois,jour,heure,minute,departement,commune_insee,adresse,latitude,longitude,luminosite,agglomeration,intersection,meteo,collision,nb_vehicules,nb_usagers,nb_indemnes,nb_tues,nb_blesses_hosp,nb_blesses_legers,age_cond_1,age_cond_2,veh_type_cond_1,veh_type_cond_2,lum_code,agg_code,int_code,atm_code,col_code
201800033470,0018-05-02 08:40:00,18,5,2,8,40,740,12,VALLEES (ROUTE DES),46.19209,6.24698,Crépuscule ou aube,En agglomération,Hors intersection,Temps couvert,Deux véhicules - arrière,,,,,,,,,,,2,2,1,8.0,2.0
201800033471,0018-05-02 16:30:00,18,5,2,16,30,740,12,ETREMBIERES (ROUTE D'),46.189,6.233,Plein jour,En agglomération,Hors intersection,Normale,Deux véhicules - arrière,,,,,,,,,,,1,2,1,1.0,2.0
201800033472,0018-05-03 23:45:00,18,5,3,23,45,740,12,LEMAN (AVENUE DU),46.18233,6.24339,Nuit avec éclairage allumé,En agglomération,Intersection en T,Normale,Deux véhicules - côté,,,,,,,,,,,5,2,3,1.0,3.0
201800033473,0018-05-05 20:45:00,18,5,5,20,45,740,118,18 AOUT (RUE DU),46.16931,6.20579,Crépuscule ou aube,Hors agglomération,Autre intersection,Normale,Deux véhicules - arrière,,,,,,,,,,,2,1,9,1.0,2.0
201800033474,0018-05-05 17:55:00,18,5,5,17,55,740,12,BONNEVILLE (ROUTE DE),46.18169,6.23841,Plein jour,Hors agglomération,Hors intersection,Normale,Sans collision,,,,,,,,,,,1,1,1,1.0,7.0
201800033475,0018-05-08 11:05:00,18,5,8,11,5,740,12,FERRY (AVENUE JULES),46.19105,6.23632,Plein jour,En agglomération,Hors intersection,Normale,Deux véhicules - arrière,,,,,,,,,,,1,2,1,1.0,2.0
201800033476,0018-05-09 15:50:00,18,5,9,15,50,740,133,MESANGES (RUE DES),46.19306,6.21498,Plein jour,En agglomération,Intersection en T,Normale,Deux véhicules - côté,,,,,,,,,,,1,2,3,1.0,3.0
201800033477,0018-05-16 08:20:00,18,5,16,8,20,740,298,PRAIRIE (CHEMIN DE LA ),46.1736,6.2693,Plein jour,En agglomération,Hors intersection,Normale,Deux véhicules - frontale,,,,,,,,,,,1,2,1,1.0,1.0
201800033478,0018-05-18 13:10:00,18,5,18,13,10,740,12,ARAVIS (RUE DES),46.18854,6.23311,Plein jour,En agglomération,Hors intersection,Normale,Deux véhicules - côté,,,,,,,,,,,1,2,1,1.0,3.0
201800033479,0018-05-19 10:20:00,18,5,19,10,20,740,118,REIGNIER (ROUTE DE),46.17481,6.23674,Plein jour,Hors agglomération,Hors intersection,Normale,Deux véhicules - frontale,,,,,,,,,,,1,1,1,1.0,1.0
201800033480,0018-05-23 08:20:00,18,5,23,8,20,740,133,INDUSTRIE (RUE DE L'),46.18556,6.2207,Plein jour,En agglomération,Intersection en T,Normale,Deux véhicules - côté,,,,,,,,,,,1,2,3,1.0,3.0
201800033481,0018-05-23 12:20:00,18,5,23,12,20,740,298,BONNEVILLE (ROUTE DE ),46.677,6.24424,Plein jour,Hors agglomération,Giratoire,Pluie légère,Deux véhicules - arrière,,,,,,,,,,,1,1,6,2.0,2.0
201800033482,0018-05-26 10:45:00,18,5,26,10,45,740,305,MONTREAL (RUE DE),46.20235,6.27392,Plein jour,En agglomération,Hors intersection,Normale,Deux véhicules - arrière,,,,,,,,,,,1,2,1,1.0,2.0
201800033483,0018-05-29 20:25:00,18,5,29,20,25,740,12,ANNEXION (RUE DE L'),46.18622,6.23772,Plein jour,En agglomération,Intersection en X,Temps couvert,Deux véhicules - côté,,,,,,,,,,,1,2,2,8.0,3.0
201800033484,0018-06-02 20:30:00,18,6,2,20,30,740,12,VERDUN (AVENUE DE),46.1891,6.24361,Plein jour,En agglomération,Intersection en T,Normale,Autre collision,,,,,,,,,,,1,2,3,1.0,6.0
201800033485,0018-06-04 16:40:00,18,6,4,16,40,740,298,EUROPE (AVENUE DE L'),46.18006,6.24535,Plein jour,En agglomération,Giratoire,Pluie légère,Sans collision,,,,,,,,,,,1,2,6,2.0,7.0
201800033486,0018-06-08 06:50:00,18,6,8,6,50,740,118,SAINT-JULIEN (ROUTE DE),46.17439,6.21979,Plein jour,En agglomération,Hors intersection,Normale,Deux véhicules - côté,,,,,,,,,,,1,2,1,1.0,3.0
201800033487,0018-06-07 17:30:00,18,6,7,17,30,740,12,ARVE (QUAI D'),46.18466,6.22832,Plein jour,En agglomération,Hors intersection,Normale,Trois véhicules et plus - en chaîne,,,,,,,,,,,1,2,1,1.0,4.0
201800033488,0018-06-06 00:25:00,18,6,6,0,25,740,12,VALLEES (ROUTE DES),46.192,6.246,Nuit avec éclairage allumé,En agglomération,Hors intersection,Normale,Autre collision,,,,,,,,,,,5,2,1,1.0,6.0
201800033489,0018-06-11 14:40:00,18,6,11,14,40,740,12,DE GAULLE (AVENUE CHARLE,46.1261,6.24664,Plein jour,En agglomération,Giratoire,Normale,Trois véhicules et plus - en chaîne,,,,,,,,,,,1,2,6,1.0,4.0
201800033490,0018-06-16 10:00:00,18,6,16,10,0,740,12,FOSSARD (RUE DU),46.1973,6.2486,Plein jour,En agglomération,Hors intersection,Normale,Sans collision,,,,,,,,,,,1,2,1,1.0,7.0
201800033491,0018-06-14 07:45:00,18,6,14,7,45,740,12,18 AOUT 44 (RUE DU),46.19454,6.25032,Plein jour,En agglomération,Hors intersection,Normale,Autre collision,,,,,,,,,,,1,2,1,1.0,6.0
201800033492,0018-06-08 10:20:00,18,6,8,10,20,740,12,FAUCIGNY (RUE DU),46.19409,6.23832,Plein jour,En agglomération,Hors intersection,Normale,Autre collision,,,,,,,,,,,1,2,1,1.0,6.0
201800033493,0018-06-20 14:50:00,18,6,20,14,50,740,12,ARVE (QUAI D'),46.18526,6.22623,Plein jour,En agglomération,Hors intersection,Normale,Autre collision,,,,,,,,,,,1,2,1,1.0,6.0
201800033494,0018-06-20 16:40:00,18,6,20,16,40,740,118,18 AOUT (RUE DU),46.16901,6.20507,Plein jour,Hors agglomération,Hors intersection,Normale,Deux véhicules - arrière,,,,,,,,,,,1,1,1,1.0,2.0
201800033495,0018-06-16 22:02:00,18,6,16,22,2,740,12,GENEVE (RUE DE),46.1929,6.22745,Crépuscule ou aube,En agglomération,Hors intersection,Normale,Sans collision,,,,,,,,,,,2,2,1,1.0,7.0
201800033496,0018-06-23 11:35:00,18,6,23,11,35,740,298,HAUTEVILLE (ROUTE DE),46.17368,6.25881,Plein jour,En agglomération,Intersection en T,Normale,Deux véhicules - frontale,,,,,,,,,,,1,2,3,1.0,1.0
201800033497,0018-06-22 02:15:00,18,6,22,2,15,740,133,INDUSTRIE (RUE DE L'),46.18,6.22,Nuit avec éclairage allumé,Hors agglomération,Giratoire,Normale,Sans collision,,,,,,,,,,,5,1,6,1.0,7.0
201800033498,0018-06-28 16:45:00,18,6,28,16,45,740,12,FAVRE (RUE DU DR CHARLES,46.19803,6.23777,Plein jour,En agglomération,Hors intersection,Normale,Autre collision,,,,,,,,,,,1,2,1,1.0,6.0
201800033499,0018-07-02 09:00:00,18,7,2,9,0,740,12,FLORISSANT (AVENUE),46.19895,6.24509,Plein jour,En agglomération,Intersection en X,Normale,Autre collision,,,,,,,,,,,1,2,2,1.0,6.0
201800033500,0018-07-03 14:55:00,18,7,3,14,55,740,133,PEUPLIERS (IMPASSE DES),46.18952,6.20956,Plein jour,En agglomération,Hors intersection,Normale,Autre collision,,,,,,,,,,,1,2,1,1.0,6.0
201800033501,0018-06-30 15:30:00,18,6,30,15,30,740,118,SAINT-JULIEN (ROUTE DE),46.17552,6.2222,Plein jour,En agglomération,Hors intersection,Normale,Sans collision,,,,,,,,,,,1,2,1,1.0,7.0
201800033502,0018-06-30 11:10:00,18,6,30,11,10,740,12,CHARCOT (RUE J.B.),48.1858,6.2499,Plein jour,En agglomération,Hors intersection,Normale,Sans collision,,,,,,,,,,,1,2,1,1.0,7.0
201800033503,0018-07-12 18:05:00,18,7,12,18,5,740,12,LECLERC (AVENUE DU MAREC,46.18801,6.24843,Plein jour,En agglomération,Hors intersection,Normale,Trois véhicules et plus - en chaîne,,,,,,,,,,,1,2,1,1.0,4.0
201800033504,0018-07-17 12:15:00,18,7,17,12,15,740,12,BONNEVILLE (ROUTE DE),46.18561,6.23644,Plein jour,En agglomération,Hors intersection,Normale,Deux véhicules - arrière,,,,,,,,,,,1,2,1,1.0,2.0
201800033505,0018-07-04 10:47:00,18,7,4,10,47,740,12,FLORISSANT (AVENUE),46.1963,6.24191,Plein jour,En agglomération,Hors intersection,Normale,Autre collision,,,,,,,,,,,1,2,1,1.0,6.0
201800033506,0018-07-19 17:30:00,18,7,19,17,30,740,12,CHARCOT (RUE J.B.),46.18581,6.25089,Plein jour,En agglomération,Hors intersection,Normale,Deux véhicules - arrière,,,,,,,,,,,1,2,1,1.0,2.0
201800033507,0018-07-23 18:30:00,18,7,23,18,30,740,305,TOURNELLES (RUE DES),46.19943,6.24517,Plein jour,En agglomération,Intersection en T,Normale,Deux véhicules - côté,,,,,,,,,,,1,2,3,1.0,3.0
201800033508,0018-07-26 17:35:00,18,7,26,17,35,740,118,CYCLAMENS (CHEMIN DE),48.17823,6.22596,Plein jour,En agglomération,Intersection en T,Normale,Deux véhicules - côté,,,,,,,,,,,1,2,3,1.0,3.0
201800033509,0018-07-29 17:10:00,18,7,29,17,10,740,298,AZALEES (CHEMIN DES ),46.17627,6.251,Plein jour,En agglomération,Intersection en T,Normale,Deux véhicules - côté,,,,,,,,,,,1,2,3,1.0,3.0
201800033510,0018-08-02 18:15:00,18,8,2,18,15,740,12,FAUCIGNY (RUE DU),46.19418,6.23843,Plein jour,En agglomération,Hors intersection,Normale,Deux véhicules - côté,,,,,,,,,,,1,2,1,1.0,3.0
201800033511,0018-08-03 15:10:00,18,8,3,15,10,740,118,INDUSTRIE (RUE DE),46.18196,6.23145,Plein jour,En agglomération,Hors intersection,Normale,Autre collision,,,,,,,,,,,1,2,1,1.0,6.0
201800033512,0018-07-31 10:50:00,18,7,31,10,50,740,305,COQUELOUP (RUE DE),46.20048,6.2497,Plein jour,En agglomération,Giratoire,Normale,Sans collision,,,,,,,,,,,1,2,6,1.0,7.0
201800033513,0018-08-14 07:35:00,18,8,14,7,35,740,12,PAIX (RUE DE LA),46.0,6.0,Crépuscule ou aube,En agglomération,Hors intersection,Normale,Deux véhicules - arrière,,,,,,,,,,,2,2,1,1.0,2.0
201800033514,0018-08-16 00:01:00,18,8,16,0,1,740,12,DUSSONCHET (RUE JEAN-PHI,46.18811,6.2438,Nuit avec éclairage allumé,En agglomération,Intersection en X,Normale,Autre collision,,,,,,,,,,,5,2,2,1.0,6.0
201800033515,0018-08-16 08:00:00,18,8,16,8,0,740,12,ARVE (QUAI D'),46.18537,6.22591,Plein jour,En agglomération,Intersection en X,Normale,Deux véhicules - côté,,,,,,,,,,,1,2,2,1.0,3.0
201800033516,0018-08-16 11:15:00,18,8,16,11,15,740,118,MOULIN (RUE JEAN),46.15716,6.17209,Plein jour,Hors agglomération,Hors intersection,Normale,Autre collision,,,,,,,,,,,1,1,1,1.0,6.0
201800033517,0018-08-15 09:40:00,18,8,15,9,40,740,118,SALEVE (ROUTE DU),46.0,6.0,Plein jour,En agglomération,Hors intersection,Normale,Deux véhicules - côté,,,,,,,,,,,1,2,1,1.0,3.0
201800033518,0018-08-19 10:50:00,18,8,19,10,50,740,12,MORET (PLACE ALEXANDRE),46.19154,6.23389,Plein jour,En agglomération,Giratoire,Normale,Deux véhicules - côté,,,,,,,,,,,1,2,6,1.0,3.0
201800033519,0018-08-23 06:40:00,18,8,23,6,40,740,12,18 AOUT 44 (RUE DU),46.19414,6.2507,Crépuscule ou aube,En agglomération,Hors intersection,Normale,Autre collision,,,,,,,,,,,2,2,1,1.0,6.0
201800033520,0018-08-28 11:45:00,18,8,28,11,45,740,305,DUNAND (RUE),46.19945,6.24905,Plein jour,En agglomération,Intersection en T,Normale,Deux véhicules - arrière,,,,,,,,,,,1,2,3,1.0,2.0
201800033521,0018-08-29 08:00:00,18,8,29,8,0,740,12,ANNEXION (RUE DE L'),46.1862,6.23802,Plein jour,En agglomération,Hors intersection,Normale,Deux véhicules - côté,,,,,,,,,,,1,2,1,1.0,3.0
201800033522,0018-08-29 08:17:00,18,8,29,8,17,740,12,BEULET (RUE DU),46.19128,6.24273,Plein jour,En agglomération,Hors intersection,Temps éblouissant,Deux véhicules - côté,,,,,,,,,,,1,2,1,7.0,3.0
201800033523,0018-08-30 14:40:00,18,8,30,14,40,740,118,SAINT-JULIEN (ROUTE DE),46.17977,6.22835,Plein jour,En agglomération,Intersection en T,Temps couvert,Deux véhicules - côté,,,,,,,,,,,1,2,3,8.0,3.0
201800033524,0018-08-31 22:50:00,18,8,31,22,50,740,12,VAILLAT (RUE LEANDRE),46.1907,6.23707,Nuit avec éclairage allumé,En agglomération,Autre intersection,Temps couvert,Autre collision,,,,,,,,,,,5,2,9,8.0,6.0
201800033525,0018-09-01 11:47:00,18,9,1,11,47,740,12,CURIE (RUE MARIE),46.0,6.0,Plein jour,En agglomération,Intersection en T,Normale,Deux véhicules - côté,,,,,,,,,,,1,2,3,1.0,3.0
201800033526,0018-09-04 07:30:00,18,9,4,7,30,740,12,BASTIN (RUE ALFRED),46.19177,6.23775,Crépuscule ou aube,En agglomération,Intersection en T,Normale,Deux véhicules - frontale,,,,,,,,,,,2,2,3,1.0,1.0
201800033527,0018-09-03 16:35:00,18,9,3,16,35,740,12,RESISTANCE (RUE DE LA),46.1966,6.2546,Plein jour,En agglomération,Hors intersection,Normale,Autre collision,,,,,,,,,,,1,2,1,1.0,6.0
201800033528,0018-09-04 18:21:00,18,9,4,18,21,740,12,VERDUN (AVENUE DE),46.0,6.0,Plein jour,En agglomération,Hors intersection,Normale,Deux véhicules - arrière,,,,,,,,,,,1,2,1,1.0,2.0
201800033529,0018-09-05 07:15:00,18,9,5,7,15,740,12,LEMAN (AVENUE DU),46.18258,6.24171,Plein jour,En agglomération,Hors intersection,Normale,Deux véhicules - côté,,,,,,,,,,,1,2,1,1.0,3.0
201800033530,0018-09-05 11:09:00,18,9,5,11,9,740,12,VALLEES (ROUTE DES),46.19245,6.24564,Plein jour,En agglomération,Hors intersection,Normale,Deux véhicules - côté,,,,,,,,,,,1,2,1,1.0,3.0
201800033531,0018-09-08 00:10:00,18,9,8,0,10,740,12,ETREMBIERES (ROUTE D'),46.189,6.233,Nuit avec éclairage allumé,En agglomération,Hors intersection,Normale,Trois véhicules et plus - collisions multiples,,,,,,,,,,,5,2,1,1.0,5.0
201800033532,0018-09-10 08:19:00,18,9,10,8,19,740,298,EUROPE (AVENUE DE L'),46.17711,6.24427,Plein jour,En agglomération,Giratoire,Normale,Deux véhicules - côté,,,,,,,,,,,1,2,6,1.0,3.0
201800033533,0018-09-10 09:35:00,18,9,10,9,35,740,12,EUROPE (AVENUE DE L'),46.18341,6.23173,Plein jour,En agglomération,Hors intersection,Normale,Deux véhicules - arrière,,,,,,,,,,,1,2,1,1.0,2.0
201800033534,0018-09-09 20:55:00,18,9,9,20,55,740,133,CHATELET RUE DU,46.1886,6.21562,Nuit avec éclairage allumé,En agglomération,Intersection à plus de 4 branches,Normale,Sans collision,,,,,,,,,,,5,2,5,1.0,7.0
201800033535,0018-09-13 17:00:00,18,9,13,17,0,740,118,SAINT-JULIEN (ROUTE DE),46.17826,6.20457,Plein jour,En agglomération,Hors intersection,Normale,Deux véhicules - côté,,,,,,,,,,,1,2,1,1.0,3.0
201800033536,0018-09-17 17:00:00,18,9,17,17,0,740,12,18 AOUT 44 (RUE DU),46.1935,6.25098,Plein jour,En agglomération,Hors intersection,Normale,Autre collision,,,,,,,,,,,1,2,1,1.0,6.0
201800033537,0018-09-17 08:30:00,18,9,17,8,30,740,133,MARTINET (RUE DU),48.18263,6.20256,Plein jour,En agglomération,Hors intersection,Normale,Autre collision,,,,,,,,,,,1,2,1,1.0,6.0
201800033538,0018-09-18 14:05:00,18,9,18,14,5,740,8,MON IDEE (RUE DE),46.19965,6.22566,Plein jour,En agglomération,Intersection en X,Normale,Autre collision,,,,,,,,,,,1,2,2,1.0,6.0
201800033539,0018-09-20 11:45:00,18,9,20,11,45,740,12,Avenue Henri Barbusse,46.1932,6.24089,Plein jour,En agglomération,Place,Normale,Autre collision,,,,,,,,,,,1,2,7,1.0,6.0
201800033540,0018-09-21 16:45:00,18,9,21,16,45,740,118,SAINT-JULIEN (ROUTE DE),46.17238,6.21583,Plein jour,En agglomération,Hors intersection,Temps couvert,Trois véhicules et plus - collisions multiples,,,,,,,,,,,1,2,1,8.0,5.0
201800033541,0018-09-15 23:38:00,18,9,15,23,38,740,133,VALLARD (RUE DE),46.191,6.207,Nuit sans éclairage public,En agglomération,Hors intersection,Normale,Autre collision,,,,,,,,,,,3,2,1,1.0,6.0
201800033542,0018-09-22 19:57:00,18,9,22,19,57,740,133,ARVE (RUE DE L'),46.1885,6.2156,Nuit avec éclairage allumé,En agglomération,Hors intersection,Normale,Sans collision,,,,,,,,,,,5,2,1,1.0,7.0
201800033543,0018-09-24 18:10:00,18,9,24,18,10,740,12,EUROPE (AVENUE DE L'),46.1778,6.23769,Plein jour,En agglomération,Intersection en T,Normale,Deux véhicules - côté,,,,,,,,,,,1,2,3,1.0,3.0
201800033544,0018-09-26 17:50:00,18,9,26,17,50,740,12,BEULET (RUE DU),46.19105,6.24302,Plein jour,En agglomération,Intersection en T,Normale,Deux véhicules - côté,,,,,,,,,,,1,2,3,1.0,3.0
201800033545,0018-09-28 07:10:00,18,9,28,7,10,740,12,ETOILE (PLACE DE L'),46.19411,6.24009,Plein jour,En agglomération,Giratoire,Normale,Autre collision,,,,,,,,,,,1,2,6,1.0,6.0
201800033546,0018-10-01 16:55:00,18,10,1,16,55,740,8,RAVIER (RUE),46.20079,6.23037,Plein jour,En agglomération,Hors intersection,Pluie légère,Autre collision,,,,,,,,,,,1,2,1,2.0,6.0
201800033547,0018-10-06 06:40:00,18,10,6,6,40,740,118,18 AOUT (RUE DU),46.16811,6.20142,Nuit sans éclairage public,Hors agglomération,Hors intersection,Normale,Deux véhicules - arrière,,,,,,,,,,,3,1,1,1.0,2.0
201800033548,0018-10-08 13:55:00,18,10,8,13,55,740,12,ROMAGNY (RUE DE),46.19565,6.24431,Plein jour,En agglomération,Autre intersection,Normale,Deux véhicules - côté,,,,,,,,,,,1,2,9,1.0,3.0
201800033549,0018-10-09 06:25:00,18,10,9,6,25,740,8,LACHENAL (AVENUE LOUIS),46.19252,6.22447,Nuit avec éclairage allumé,En agglomération,Hors intersection,Normale,Deux véhicules - côté,,,,,,,,,,,5,2,1,1.0,3.0
201800033550,0018-10-10 08:15:00,18,10,10,8,15,740,298,RAPE (IMPASSE DE LA ),46.18017,6.27362,Plein jour,En agglomération,Hors intersection,Normale,Deux véhicules - côté,,,,,,,,,,,1,2,1,1.0,3.0
201800033551,0018-10-10 14:55:00,18,10,10,14,55,740,12,VERDUN (AVENUE DE),46.1828,6.2406,Plein jour,En agglomération,Hors intersection,Normale,Deux véhicules - côté,,,,,,,,,,,1,2,1,1.0,3.0
201800033552,0018-10-11 16:20:00,18,10,11,16,20,740,12,MARRONIERS (RUE DES),46.19142,6.24096,Plein jour,En agglomération,Intersection en T,Normale,Autre collision,,,,,,,,,,,1,2,3,1.0,6.0
201800033553,0018-10-12 13:50:00,18,10,12,13,50,740,12,Avenue Henri Barbusse,46.19371,6.24056,Plein jour,En agglomération,Hors intersection,Normale,Autre collision,,,,,,,,,,,1,2,1,1.0,6.0
201800033554,0018-10-12 18:35:00,18,10,12,18,35,740,12,AMOUREUX RUE DES,46.19068,6.23691,Plein jour,En agglomération,Intersection en T,Normale,Deux véhicules - côté,,,,,,,,,,,1,2,3,1.0,3.0
201800033555,0018-10-15 05:35:00,18,10,15,5,35,740,298,BONNEVILLE (ROUTE DE ),46.16692,6.27031,Nuit sans éclairage public,En agglomération,Hors intersection,Normale,Autre collision,,,,,,,,,,,3,2,1,1.0,6.0
201800033556,0018-10-15 08:40:00,18,10,15,8,40,740,118,18 AOUT (RUE DU),46.16874,6.20391,Plein jour,Hors agglomération,Hors intersection,Normale,Autre collision,,,,,,,,,,,1,1,1,1.0,6.0
201800033557,0018-10-16 09:33:00,18,10,16,9,33,740,12,PARC (RUE DU),46.19465,6.23242,Plein jour,En agglomération,Intersection en T,Normale,Autre collision,,,,,,,,,,,1,2,3,1.0,6.0
201800033558,0018-10-15 17:37:00,18,10,15,17,37,740,305,ESSERTS (CARREFOUR DES),46.19932,6.26398,Plein jour,En agglomération,Intersection en T,Normale,Deux véhicules - arrière,,,,,,,,,,,1,2,3,1.0,2.0
201800033559,0018-10-15 18:42:00,18,10,15,18,42,740,305,HENON (RUE ALBERT),46.0,20.0,Crépuscule ou aube,En agglomération,Hors intersection,Normale,Deux véhicules - côté,,,,,,,,,,,2,2,1,1.0,3.0
201800033560,0018-10-19 13:05:00,18,10,19,13,5,740,12,AMOUREUX (RUE DES),46.1978,6.23389,Plein jour,En agglomération,Hors intersection,Normale,Autre collision,,,,,,,,,,,1,2,1,1.0,6.0
201800033561,0018-10-19 07:01:00,18,10,19,7,1,740,12,ARVE (QUAI D'),46.0,6.0,Nuit avec éclairage allumé,En agglomération,Hors intersection,Normale,Deux véhicules - côté,,,,,,,,,,,5,2,1,1.0,3.0
201800033562,0018-10-22 16:15:00,18,10,22,16,15,740,12,ANNEXION (RUE DE L'),44.0,6.12,Plein jour,En agglomération,Intersection en T,Normale,Autre collision,,,,,,,,,,,1,2,3,1.0,6.0
201800033563,0018-10-24 21:10:00,18,10,24,21,10,740,12,Avenue Henri Barbusse,46.19138,6.24194,Nuit sans éclairage public,En agglomération,Autre intersection,Normale,Deux véhicules - côté,,,,,,,,,,,3,2,9,1.0,3.0
201800033564,0018-10-26 12:15:00,18,10,26,12,15,740,12,THONON (ROUTE DE),46.19538,6.26117,Plein jour,En agglomération,Hors intersection,Normale,Deux véhicules - côté,,,,,,,,,,,1,2,1,1.0,3.0
201800033565,0018-10-27 19:15:00,18,10,27,19,15,740,12,THONON (ROUTE DE),46.1939,6.25692,Nuit sans éclairage public,En agglomération,Hors intersection,Pluie légère,Trois véhicules et plus - en chaîne,,,,,,,,,,,3,2,1,2.0,4.0
201800033566,0018-10-29 05:35:00,18,10,29,5,35,740,12,ARVE (QUAI D'),46.18453,6.22875,Nuit avec éclairage non allumé,En agglomération,Intersection en T,Pluie légère,Deux véhicules - côté,,,,,,,,,,,4,2,3,2.0,3.0
201800033567,0018-10-27 12:20:00,18,10,27,12,20,740,12,LECLERC (AVENUE DU MAREC,46.18821,6.24867,Plein jour,En agglomération,Hors intersection,Pluie légère,Sans collision,,,,,,,,,,,1,2,1,2.0,7.0
201800033568,0018-10-29 16:40:00,18,10,29,16,40,740,133,GENEVE (RUE DE),46.19189,6.20879,Plein jour,En agglomération,Hors intersection,Pluie légère,Sans collision,,,,,,,,,,,1,2,1,2.0,7.0
201800033569,0018-10-30 16:05:00,18,10,30,16,5,740,133,CASSIN (RUE RENE),46.17985,6.21514,Plein jour,En agglomération,Giratoire,Normale,Deux véhicules - côté,,,,,,,,,,,1,2,6,1.0,3.0
201800033570,0018-10-30 15:10:00,18,10,30,15,10,740,12,LECLERC (AVENUE DU MAREC,46.19118,6.25068,Plein jour,En agglomération,Autre intersection,Normale,Autre collision,,,,,,,,,,,1,2,9,1.0,6.0
201800033571,0018-10-30 12:45:00,18,10,30,12,45,740,298,BONNEVILLE (ROUTE DE ),46.26955,6.26456,Plein jour,Hors agglomération,Hors intersection,Normale,Autre collision,,,,,,,,,,,1,1,1,1.0,6.0
201800033572,0018-11-01 12:09:00,18,11,1,12,9,740,12,ETREMBIERES (ROUTE D'),46.0,6.0,Plein jour,En agglomération,Hors intersection,Normale,Deux véhicules - arrière,,,,,,,,,,,1,2,1,1.0,2.0
201800033573,0018-11-06 18:30:00,18,11,6,18,30,740,12,DE GAULLE (AVENUE CHARLE,46.26955,6.224,Nuit sans éclairage public,En agglomération,Hors intersection,Pluie légère,Autre collision,,,,,,,,,,,3,2,1,2.0,6.0
201800033574,0018-11-08 07:10:00,18,11,8,7,10,740,12,CHABLAIS (RUE DU),46.19739,6.23847,Nuit avec éclairage allumé,En agglomération,Intersection en T,Pluie légère,Deux véhicules - côté,,,,,,,,,,,5,2,3,2.0,3.0
201800033575,0018-11-08 11:05:00,18,11,8,11,5,740,12,TOURNELLES (RUE DES),46.19609,6.24197,Plein jour,En agglomération,Hors intersection,Normale,Autre collision,,,,,,,,,,,1,2,1,1.0,6.0
201800033576,0018-11-09 18:00:00,18,11,9,18,0,740,12,MENDES FRANCE (AVENUE PI,46.18831,6.2233,Crépuscule ou aube,En agglomération,Hors intersection,Normale,Deux véhicules - arrière,,,,,,,,,,,2,2,1,1.0,2.0
201800033577,0018-11-10 20:16:00,18,11,10,20,16,740,12,ETREMBIERES (ROUTE D'),46.18362,6.23088,Nuit avec éclairage allumé,En agglomération,Hors intersection,Pluie légère,Deux véhicules - frontale,,,,,,,,,,,5,2,1,2.0,1.0
201800033578,0018-11-14 06:50:00,18,11,14,6,50,740,12,MOLE (RUE DU),46.19812,6.23567,Nuit avec éclairage allumé,En agglomération,Hors intersection,Normale,Deux véhicules - côté,,,,,,,,,,,5,2,1,1.0,3.0
201800033579,0018-11-14 07:30:00,18,11,14,7,30,740,133,ARVE (RUE DE L'),46.18534,6.22592,Crépuscule ou aube,En agglomération,Intersection en T,Temps couvert,Deux véhicules - côté,,,,,,,,,,,2,2,3,8.0,3.0
201800033580,0018-11-13 22:30:00,18,11,13,22,30,740,133,ZONE (ROUTE DE),46.17642,6.2134,Nuit sans éclairage public,Hors agglomération,Hors intersection,Temps couvert,Sans collision,,,,,,,,,,,3,1,1,8.0,7.0
201800033581,0018-11-17 11:50:00,18,11,17,11,50,740,305,ESSERTS (CARREFOUR DES),46.19976,6.26411,Plein jour,En agglomération,Hors intersection,Normale,Deux véhicules - côté,,,,,,,,,,,1,2,1,1.0,3.0
201800033582,0018-11-20 08:15:00,18,11,20,8,15,740,8,MON IDEE (RUE DE),46.20051,6.22517,Plein jour,En agglomération,Hors intersection,Pluie légère,Trois véhicules et plus - en chaîne,,,,,,,,,,,1,2,1,2.0,4.0
201800033583,0018-11-24 19:20:00,18,11,24,19,20,740,305,MONTREAL (RUE DE),46.20305,6.27638,Nuit avec éclairage allumé,En agglomération,Intersection en T,Temps couvert,Deux véhicules - côté,,,,,,,,,,,5,2,3,8.0,3.0
201800033584,0018-11-27 19:30:00,18,11,27,19,30,740,12,ETREMBIERES (ROUTE D'),,,Nuit avec éclairage allumé,En agglomération,Hors intersection,Normale,Deux véhicules - frontale,,,,,,,,,,,5,2,1,1.0,1.0
201800033585,0018-11-25 17:10:00,18,11,25,17,10,740,8,NEGOCIANTS (RUE DES),46.1949,6.22767,Nuit avec éclairage allumé,En agglomération,Intersection en T,Pluie légère,Sans collision,,,,,,,,,,,5,2,3,2.0,7.0
201800033586,0018-11-29 06:09:00,18,11,29,6,9,740,12,ARVE (QUAI D'),46.19166,6.22972,Nuit avec éclairage allumé,En agglomération,Hors intersection,Normale,Sans collision,,,,,,,,,,,5,2,1,1.0,7.0
201800033587,0018-11-28 17:30:00,18,11,28,17,30,740,305,MONTREAL (RUE DE),46.20238,6.27442,Nuit avec éclairage allumé,En agglomération,Hors intersection,Normale,Deux véhicules - côté,,,,,,,,,,,5,2,1,1.0,3.0
201800033588,0018-11-29 22:00:00,18,11,29,22,0,740,12,VERDUN (AVENUE DE),46.183,6.24,Nuit avec éclairage allumé,En agglomération,Hors intersection,Normale,Autre collision,,,,,,,,,,,5,2,1,1.0,6.0
201800033589,0018-12-02 18:50:00,18,12,2,18,50,740,118,SAINT-JULIEN (ROUTE DE),46.17525,6.2214,Nuit avec éclairage allumé,Hors agglomération,Intersection en T,Pluie forte,Deux véhicules - côté,,,,,,,,,,,5,1,3,3.0,3.0
201800033590,0018-12-04 15:52:00,18,12,4,15,52,740,12,ARVE (QUAI),46.18442,6.22875,Plein jour,En agglomération,Intersection en T,Normale,Deux véhicules - côté,,,,,,,,,,,1,2,3,1.0,3.0