accident_id,datetime,annee,mois,jour,heure,minute,departement,commune_insee,adresse,latitude,longitude,luminosite,agglomeration,intersection,meteo,collision,nb_vehicules,nb_usagers,nb_indemnes,nb_tues,nb_blesses_hosp,nb_blesses_legers,age_cond_1,age_cond_2,veh_type_cond_1,veh_type_cond_2,lum_code,agg_code,int_code,atm_code,col_code
201800033591,0018-12-05 08:10:00,18,12,5,8,10,740,12,ARVE (QUAI D'),46.18,6.22,Crépuscule ou aube,En agglomération,Intersection en T,Normale,Autre collision,,,,,,,,,,,2,2,3,1.0,6.0
201800033592,0018-12-09 19:10:00,18,12,9,19,10,740,12,GENEVE (RUE DE),46.1928,6.23168,Nuit avec éclairage allumé,En agglomération,Giratoire,Pluie légère,Deux véhicules - côté,,,,,,,,,,,5,2,6,2.0,3.0
201800033593,0018-12-09 21:25:00,18,12,9,21,25,740,118,DEPORTES (ROUTE DES ),46.18326,6.23076,Nuit avec éclairage non allumé,En agglomération,Hors intersection,Pluie légère,Deux véhicules - arrière,,,,,,,,,,,4,2,1,2.0,2.0
201800033594,0018-12-10 15:00:00,18,12,10,15,0,740,12,BONNEVILLE (ROUTE DE),46.18431,6.23765,Plein jour,En agglomération,Hors intersection,Pluie légère,Sans collision,,,,,,,,,,,1,2,1,2.0,7.0
201800033595,0018-12-11 07:50:00,18,12,11,7,50,740,12,RISSE (RUE DU),46.18432,6.2442,Crépuscule ou aube,En agglomération,Intersection en T,Brouillard / fumée,Deux véhicules - côté,,,,,,,,,,,2,2,3,5.0,3.0
201800033596,0018-11-20 09:55:00,18,11,20,9,55,740,12,ARAVIS (RUE DES),46.18783,6.23302,Plein jour,En agglomération,Hors intersection,Normale,Sans collision,,,,,,,,,,,1,2,1,1.0,7.0
201800033597,0018-12-13 10:24:00,18,12,13,10,24,740,12,GENEVE RUE DE,46.19291,6.22853,Plein jour,En agglomération,Giratoire,Normale,Autre collision,,,,,,,,,,,1,2,6,1.0,6.0
201800033598,0018-12-17 07:55:00,18,12,17,7,55,740,133,BELOSSES (RUE DES),46.18861,6.21541,Crépuscule ou aube,En agglomération,Intersection en X,Pluie légère,Deux véhicules - côté,,,,,,,,,,,2,2,2,2.0,3.0
201800033599,0018-12-18 07:55:00,18,12,18,7,55,740,12,BEULET (RUE DU),46.19144,6.23919,Plein jour,En agglomération,Hors intersection,Normale,Autre collision,,,,,,,,,,,1,2,1,1.0,6.0
201800033600,0018-12-18 17:10:00,18,12,18,17,10,740,12,EUROPE (AVENUE DE L'),46.17785,6.23766,Nuit sans éclairage public,Hors agglomération,Intersection en T,Autre,Deux véhicules - arrière,,,,,,,,,,,3,1,3,9.0,2.0
201800033601,0018-12-22 17:30:00,18,12,22,17,30,740,12,ANNEXION (RUE DE L'),46.18541,6.24201,Nuit avec éclairage allumé,En agglomération,Hors intersection,Normale,Autre collision,,,,,,,,,,,5,2,1,1.0,6.0
201800033602,0018-12-21 18:37:00,18,12,21,18,37,740,12,ETREMBIERES (ROUTE D'),46.18283,6.23063,Nuit avec éclairage allumé,En agglomération,Hors intersection,Pluie forte,Autre collision,,,,,,,,,,,5,2,1,3.0,6.0
201800033603,0018-12-27 15:50:00,18,12,27,15,50,740,12,ARVE (QUAI D'),46.1854,6.22585,Plein jour,En agglomération,Intersection en T,Normale,Deux véhicules - côté,,,,,,,,,,,1,2,3,1.0,3.0
201800033604,0018-03-11 09:25:00,18,3,11,9,25,490,63,D751,47.34912,-0.75794,Plein jour,Hors agglomération,Hors intersection,Normale,Sans collision,,,,,,,,,,,1,1,1,1.0,7.0
201800033605,0018-04-15 16:30:00,18,4,15,16,30,490,190,534 rue d'Anjou,47.35614,-1.07652,Plein jour,En agglomération,Intersection en X,Normale,Deux véhicules - côté,,,,,,,,,,,1,2,2,1.0,3.0
201800033606,0018-08-19 19:15:00,18,8,19,19,15,490,82,Lieu dit la Croix de l'O,47.31825,-0.70009,Plein jour,Hors agglomération,Hors intersection,Normale,Deux véhicules - frontale,,,,,,,,,,,1,1,1,1.0,1.0
201800033607,0018-09-11 08:20:00,18,9,11,8,20,490,244,lieu-dit la Voie - Saint,47.36065,-1.00666,Plein jour,En agglomération,Intersection en T,Normale,Deux véhicules - frontale,,,,,,,,,,,1,2,3,1.0,1.0
201800033608,0018-12-04 18:30:00,18,12,4,18,30,490,63,LE GODINET,47.34746,-0.72303,Nuit sans éclairage public,Hors agglomération,Hors intersection,Normale,Trois véhicules et plus - collisions multiples,,,,,,,,,,,3,1,1,1.0,5.0
201800033609,0018-12-16 13:42:00,18,12,16,13,42,490,244,25 rue de la loire- LA P,47.35729,-0.8607,Plein jour,En agglomération,Hors intersection,Temps couvert,Autre collision,,,,,,,,,,,1,2,1,8.0,6.0
201800033610,0018-01-23 07:55:00,18,1,23,7,55,500,565,Rue des Halles,48.75209,-1.45786,Nuit avec éclairage allumé,En agglomération,Hors intersection,Pluie légère,Autre collision,,,,,,,,,,,5,2,1,2.0,6.0
201800033611,0018-01-28 15:45:00,18,1,28,15,45,500,565,Route de Carolles,48.75001,-1.46723,Plein jour,En agglomération,Autre intersection,Pluie légère,Deux véhicules - côté,,,,,,,,,,,1,2,9,2.0,3.0
201800033612,0018-02-12 10:00:00,18,2,12,10,0,500,27,RD 911 Lieu dit le Fouge,48.68744,-1.43702,Plein jour,Hors agglomération,Hors intersection,Neige / grêle,Deux véhicules - frontale,,,,,,,,,,,1,1,1,4.0,1.0
201800033613,0018-03-15 19:00:00,18,3,15,19,0,500,102,13 route de la plage,48.75648,-1.56574,Plein jour,En agglomération,Intersection en T,Pluie légère,Autre collision,,,,,,,,,,,1,2,3,2.0,6.0
201800033614,0018-05-11 18:30:00,18,5,11,18,30,500,565,RD 973,48.7563,-1.44588,Plein jour,Hors agglomération,Hors intersection,Normale,Deux véhicules - arrière,,,,,,,,,,,1,1,1,1.0,2.0
201800033615,0018-05-19 08:50:00,18,5,19,8,50,500,199,Lieu dit L'Enfer,48.68743,-1.46072,Plein jour,Hors agglomération,Hors intersection,Temps éblouissant,Trois véhicules et plus - en chaîne,,,,,,,,,,,1,1,1,7.0,4.0
201800033616,0018-06-07 22:45:00,18,6,7,22,45,500,447,"route de la mer, RD 309",48.80735,-1.52212,Nuit sans éclairage public,Hors agglomération,Hors intersection,Normale,Sans collision,,,,,,,,,,,3,1,1,1.0,7.0
201800033617,0018-06-19 00:50:00,18,6,19,0,50,500,66,la Brancherie,48.76339,-1.53011,Nuit avec éclairage non allumé,Hors agglomération,Hors intersection,Normale,Autre collision,,,,,,,,,,,4,1,1,1.0,6.0
201800033618,0018-06-26 11:00:00,18,6,26,11,0,500,281,LA PLANCHE,48.78805,-1.38041,Plein jour,En agglomération,Intersection en X,Normale,Deux véhicules - arrière,,,,,,,,,,,1,2,2,1.0,2.0
201800033619,0018-06-29 17:50:00,18,6,29,17,50,500,493,L'Hermitière,48.83312,-1.46372,Plein jour,Hors agglomération,Intersection en T,Normale,Autre collision,,,,,,,,,,,1,1,3,1.0,6.0
201800033620,0018-08-14 16:00:00,18,8,14,16,0,500,541,les pas,48.83716,-1.48147,Plein jour,Hors agglomération,Hors intersection,Normale,Deux véhicules - frontale,,,,,,,,,,,1,1,1,1.0,1.0
201800033621,0018-09-23 18:30:00,18,9,23,18,30,500,565,Rue Théophile Maupas,48.75499,-1.45442,Plein jour,En agglomération,Intersection en T,Normale,Deux véhicules - frontale,,,,,,,,,,,1,2,3,1.0,1.0
201800033622,0018-11-25 06:15:00,18,11,25,6,15,500,540,Route de la havaudière,48.78433,-1.50147,Nuit sans éclairage public,Hors agglomération,Hors intersection,Pluie forte,Autre collision,,,,,,,,,,,3,1,1,3.0,6.0
201800033623,0018-02-03 18:50:00,18,2,3,18,50,740,119,"19, ANNA DE NOAILLES",46.39883,6.57761,Nuit avec éclairage allumé,En agglomération,Hors intersection,Normale,Deux véhicules - arrière,,,,,,,,,,,5,2,1,1.0,2.0
201800033624,0018-02-01 19:50:00,18,2,1,19,50,740,281,"12, AVENUE DE LA DAME",46.3566,6.47611,Nuit avec éclairage allumé,En agglomération,Hors intersection,Normale,Deux véhicules - frontale,,,,,,,,,,,5,2,1,1.0,1.0
201800033625,0018-02-06 05:40:00,18,2,6,5,40,740,218,DRANSE (RUE DU PONT DE),46.38284,6.50854,Nuit avec éclairage allumé,En agglomération,Intersection en T,Normale,Deux véhicules - frontale,,,,,,,,,,,5,2,3,1.0,1.0
201800033626,0018-01-29 14:12:00,18,1,29,14,12,740,119,"3, THONY (AVENUE DE)",46.39401,6.58049,Plein jour,En agglomération,Intersection en T,Normale,Deux véhicules - côté,,,,,,,,,,,1,2,3,1.0,3.0
201800033627,0018-01-25 18:35:00,18,1,25,18,35,740,281,VALLEES (AVENUE DES),46.37058,6.4849,Nuit avec éclairage allumé,En agglomération,Intersection en X,Normale,Deux véhicules - côté,,,,,,,,,,,5,2,2,1.0,3.0
201800033628,0018-03-16 18:35:00,18,3,16,18,35,740,281,SAINT FRANCOIS DE SALES,46.37293,6.48246,Crépuscule ou aube,En agglomération,Intersection en X,Normale,Deux véhicules - côté,,,,,,,,,,,2,2,2,1.0,3.0
201800033629,0018-04-05 08:25:00,18,4,5,8,25,740,281,SENEVULAZ (AVENUE DE),46.35034,6.46715,Plein jour,En agglomération,Hors intersection,Normale,Trois véhicules et plus - collisions multiples,,,,,,,,,,,1,2,1,1.0,5.0
201800033630,0018-04-18 10:20:00,18,4,18,10,20,740,281,CHAMP BOCHARD (AVENUE DU,46.38661,6.5006,Plein jour,En agglomération,Intersection en Y,Normale,Deux véhicules - côté,,,,,,,,,,,1,2,4,1.0,3.0
201800033631,0018-04-19 09:45:00,18,4,19,9,45,740,281,CLOS BANDERET (AVENUE DU,46.37692,6.49104,Plein jour,En agglomération,Intersection en T,Normale,Deux véhicules - côté,,,,,,,,,,,1,2,3,1.0,3.0
201800033632,0018-04-21 19:15:00,18,4,21,19,15,740,218,DRANSE (RUE DU PONT DE),46.38402,6.51325,Crépuscule ou aube,En agglomération,Intersection en T,Normale,Autre collision,,,,,,,,,,,2,2,3,1.0,6.0
201800033633,0018-04-25 17:40:00,18,4,25,17,40,740,13,PRE-BIOLLAT (CHEMIN DU),46.3494,6.44015,Plein jour,En agglomération,Hors intersection,Normale,Deux véhicules - côté,,,,,,,,,,,1,2,1,1.0,3.0
201800033634,0018-04-28 11:25:00,18,4,28,11,25,740,218,THONON (AVENUE DE),46.38163,6.51047,Plein jour,Hors agglomération,Hors intersection,Normale,Trois véhicules et plus - collisions multiples,,,,,,,,,,,1,1,1,1.0,5.0
201800033635,0018-05-05 11:15:00,18,5,5,11,15,740,218,RIVE (AVENUE DE LA) RD 1,46.39499,6.54176,Plein jour,En agglomération,Hors intersection,Normale,Trois véhicules et plus - en chaîne,,,,,,,,,,,1,2,1,1.0,4.0
201800033636,0018-05-22 17:25:00,18,5,22,17,25,740,281,FERRY (AV JULES) JUSQU'A,46.37239,6.48332,Plein jour,En agglomération,Intersection en X,Normale,Autre collision,,,,,,,,,,,1,2,2,1.0,6.0
201800033637,0018-06-08 16:30:00,18,6,8,16,30,740,218,CHAPELLE (RUE DE LA),46.39426,6.53471,Plein jour,En agglomération,Hors intersection,Normale,Deux véhicules - côté,,,,,,,,,,,1,2,1,1.0,3.0
201800033638,0018-06-29 09:11:00,18,6,29,9,11,740,119,BLONAY (QUAI BARON DE) R,46.40201,6.59037,Plein jour,En agglomération,Hors intersection,Normale,Autre collision,,,,,,,,,,,1,2,1,1.0,6.0
201800033639,0018-06-30 13:50:00,18,6,30,13,50,740,281,SENEVULAZ (AVENUE DE),46.35396,6.46918,Plein jour,En agglomération,Hors intersection,Normale,Autre collision,,,,,,,,,,,1,2,1,1.0,6.0
201800033640,0018-07-16 00:40:00,18,7,16,0,40,740,218,NOAILLES (AVENUE ANNA DE,46.39559,6.55551,Nuit avec éclairage allumé,Hors agglomération,Hors intersection,Normale,Deux véhicules - frontale,,,,,,,,,,,5,1,1,1.0,1.0
201800033641,0018-07-20 12:25:00,18,7,20,12,25,740,281,SORBIERS (RUE DES),,,Plein jour,En agglomération,Intersection en T,Normale,Trois véhicules et plus - collisions multiples,,,,,,,,,,,1,2,3,1.0,5.0
201800033642,0018-07-21 20:45:00,18,7,21,20,45,740,281,FONTAINE COUVERTE (AV DE,46.36,6.49,Plein jour,En agglomération,Hors intersection,Normale,Deux véhicules - côté,,,,,,,,,,,1,2,1,1.0,3.0
201800033643,0018-07-28 13:30:00,18,7,28,13,30,740,281,VERSOIE (ROUTE DE LA),46.3527,6.4589,Plein jour,En agglomération,Giratoire,Pluie légère,Sans collision,,,,,,,,,,,1,2,6,2.0,7.0
201800033644,0018-08-02 19:30:00,18,8,2,19,30,740,119,CORNICHE (ROUTE DE LA),46.38509,6.60448,Plein jour,Hors agglomération,Hors intersection,Normale,Deux véhicules - frontale,,,,,,,,,,,1,1,1,1.0,1.0
201800033645,0018-08-14 19:52:00,18,8,14,19,52,740,119,LEGER (QUAI PAUL) RD 100,46.40146,6.5975,Plein jour,En agglomération,Hors intersection,Normale,Autre collision,,,,,,,,,,,1,2,1,1.0,6.0
201800033646,0018-09-14 20:50:00,18,9,14,20,50,740,281,ANDRIER (BOULEVARD GEORG,46.37057,6.48486,Nuit avec éclairage allumé,En agglomération,Passage à niveau,Normale,Deux véhicules - côté,,,,,,,,,,,5,2,8,1.0,3.0
201800033647,0018-10-06 10:00:00,18,10,6,10,0,740,218,PAYS DE GAVOT (ROUTE DU),46.38,6.54,Plein jour,En agglomération,Intersection en X,Normale,Deux véhicules - côté,,,,,,,,,,,1,2,2,1.0,3.0
201800033648,0018-10-13 10:45:00,18,10,13,10,45,740,119,CORNICHE (ROUTE DE LA),46.38,6.58,Plein jour,Hors agglomération,Intersection en T,Normale,Deux véhicules - côté,,,,,,,,,,,1,1,3,1.0,3.0
201800033649,0018-10-12 15:05:00,18,10,12,15,5,202,121,hameau du Fango,42.40077,8.69764,Plein jour,Hors agglomération,Hors intersection,Normale,Deux véhicules - côté,,,,,,,,,,,1,1,1,1.0,3.0
201800033650,0018-08-27 11:05:00,18,8,27,11,5,202,291,D506,42.38059,9.3774,Plein jour,Hors agglomération,Hors intersection,Normale,Autre collision,,,,,,,,,,,1,1,1,1.0,6.0
201800033651,0018-08-14 19:00:00,18,8,14,19,0,800,238,D52,49.97576,2.62698,Plein jour,Hors agglomération,Autre intersection,Normale,Deux véhicules - frontale,,,,,,,,,,,1,1,9,1.0,1.0
201800033652,0018-09-01 17:05:00,18,9,1,17,5,800,547,D929,49.98898,2.60489,Plein jour,Hors agglomération,Intersection en X,Temps éblouissant,Deux véhicules - côté,,,,,,,,,,,1,1,2,7.0,3.0
201800033653,0018-09-16 22:45:00,18,9,16,22,45,800,659,D31,50.08191,2.42754,Nuit sans éclairage public,Hors agglomération,Hors intersection,Normale,Sans collision,,,,,,,,,,,3,1,1,1.0,7.0
201800033654,0018-10-17 19:10:00,18,10,17,19,10,800,3,D114,50.08293,2.54218,Crépuscule ou aube,Hors agglomération,Hors intersection,Normale,Sans collision,,,,,,,,,,,2,1,1,1.0,7.0
201800033655,0018-11-07 20:25:00,18,11,7,20,25,800,16,CH DE CORBIE,50.00157,2.64267,Nuit avec éclairage allumé,En agglomération,Intersection en T,Normale,Deux véhicules - côté,,,,,,,,,,,5,2,3,1.0,3.0
201800033656,0018-11-13 15:40:00,18,11,13,15,40,800,425,D447,50.04404,2.55201,Plein jour,Hors agglomération,Hors intersection,Normale,Sans collision,,,,,,,,,,,1,1,1,1.0,7.0
201800033657,0018-12-18 09:07:00,18,12,18,9,7,202,148,T20,42.54848,9.50238,Plein jour,En agglomération,Autre intersection,Normale,Trois véhicules et plus - en chaîne,,,,,,,,,,,1,2,9,1.0,4.0
201800033658,0018-02-16 05:05:00,18,2,16,5,5,760,576,D6015,49.55442,0.43671,Nuit sans éclairage public,Hors agglomération,Hors intersection,Normale,Deux véhicules - côté,,,,,,,,,,,3,1,1,1.0,3.0
201800033659,0018-04-18 13:10:00,18,4,18,13,10,760,114,RD 487,49.56472,0.46722,Plein jour,Hors agglomération,Hors intersection,Normale,Deux véhicules - frontale,,,,,,,,,,,1,1,1,1.0,1.0
201800033660,0018-05-04 17:34:00,18,5,4,17,34,760,384,RD 173 (LE PETIT NAVARIN,49.5049,0.5357,Plein jour,Hors agglomération,Hors intersection,Normale,Deux véhicules - arrière,,,,,,,,,,,1,1,1,1.0,2.0
201800033661,0018-07-08 18:30:00,18,7,8,18,30,760,476,RD 81,49.48167,0.5708,Plein jour,Hors agglomération,Giratoire,Normale,Autre collision,,,,,,,,,,,1,1,6,1.0,6.0
201800033662,0018-10-06 15:07:00,18,10,6,15,7,760,114,DEBRAY  LOUIS (AVENUE),49.579,0.472,Plein jour,En agglomération,Place,Normale,Autre collision,,,,,,,,,,,1,2,7,1.0,6.0
201800033663,0018-11-14 12:55:00,18,11,14,12,55,760,114,D6015,49.56643,0.48783,Plein jour,Hors agglomération,Hors intersection,Normale,Sans collision,,,,,,,,,,,1,1,1,1.0,7.0
201800033664,0018-11-22 07:45:00,18,11,22,7,45,760,476,RD 81,49.48436,0.5684,Nuit sans éclairage public,Hors agglomération,Hors intersection,Normale,Deux véhicules - côté,,,,,,,,,,,3,1,1,1.0,3.0
201800033665,0018-01-16 01:45:00,18,1,16,1,45,760,217,GAMBETTA (AVENUE),49.91494,1.07455,Nuit avec éclairage allumé,En agglomération,Intersection en X,Pluie forte,Autre collision,,,,,,,,,,,5,2,2,3.0,6.0
201800033666,0018-01-11 19:00:00,18,1,11,19,0,760,217,"137, CANADIENS (AVENUE D",49.91205,1.07543,Nuit sans éclairage public,En agglomération,Giratoire,Pluie légère,Autre collision,,,,,,,,,,,3,2,6,2.0,6.0
201800033667,0018-01-19 22:50:00,18,1,19,22,50,760,217,AVENUE DE BREAUTE,49.91078,1.075,Nuit avec éclairage allumé,En agglomération,Hors intersection,Pluie légère,Autre collision,,,,,,,,,,,5,2,1,2.0,6.0
201800033668,0018-01-21 16:30:00,18,1,21,16,30,760,217,39 rue jean puech,49.92305,1.1006,Plein jour,En agglomération,Intersection en T,Pluie légère,Autre collision,,,,,,,,,,,1,2,3,2.0,6.0
201800033669,0018-01-28 12:55:00,18,1,28,12,55,760,414,RD 920,49.92015,1.12976,Plein jour,Hors agglomération,Hors intersection,Pluie légère,Sans collision,,,,,,,,,,,1,1,1,2.0,7.0
201800033670,0018-04-06 15:30:00,18,4,6,15,30,760,545,BOURBON (COURS),49.9162,1.09612,Plein jour,En agglomération,Autre intersection,Normale,Deux véhicules - côté,,,,,,,,,,,1,2,9,1.0,3.0
201800033671,0018-02-15 08:00:00,18,2,15,8,0,760,217,6 RUE JACQUES DELESTRE,49.91107,1.06862,Crépuscule ou aube,En agglomération,Autre intersection,Autre,Autre collision,,,,,,,,,,,2,2,9,9.0,6.0
201800033672,0018-02-25 17:30:00,18,2,25,17,30,760,217,VERDUN (BOULEVARD DE),49.92641,1.07359,Plein jour,En agglomération,Hors intersection,Normale,Autre collision,,,,,,,,,,,1,2,1,1.0,6.0
201800033673,0018-05-03 15:01:00,18,5,3,15,1,760,414,RD 920,49.92223,1.11672,Plein jour,En agglomération,Intersection en X,Normale,Deux véhicules - côté,,,,,,,,,,,1,2,2,1.0,3.0
201800033674,0018-04-16 11:20:00,18,4,16,11,20,760,217,MONTREAL (RUE DE),49.90708,1.07779,Plein jour,En agglomération,Place,Normale,Deux véhicules - côté,,,,,,,,,,,1,2,7,1.0,3.0
201800033675,0018-05-20 15:55:00,18,5,20,15,55,760,217,GAMBETTA (AVENUE),49.9193,1.0738,Plein jour,En agglomération,Hors intersection,Normale,Trois véhicules et plus - en chaîne,,,,,,,,,,,1,2,1,1.0,4.0
201800033676,0018-06-01 00:45:00,18,6,1,0,45,760,217,DUMAS (ALEXANDRE),49.92673,1.07022,Nuit sans éclairage public,En agglomération,Hors intersection,Normale,Autre collision,,,,,,,,,,,3,2,1,1.0,6.0
201800033677,0018-06-08 10:39:00,18,6,8,10,39,760,217,CARENAGE (QUAI DU),49.92646,1.08169,Plein jour,En agglomération,Intersection en T,Normale,Autre collision,,,,,,,,,,,1,2,3,1.0,6.0
201800033678,0018-09-07 00:50:00,18,9,7,0,50,760,217,REPUBLIQUE (AVENUE DE LA,49.92771,1.09171,Nuit avec éclairage allumé,En agglomération,Hors intersection,Pluie légère,Deux véhicules - frontale,,,,,,,,,,,5,2,1,2.0,1.0
201800033679,0018-09-08 15:44:00,18,9,8,15,44,760,217,MONTREAL (RUE DE),49.90902,1.07729,Plein jour,En agglomération,Hors intersection,Normale,Deux véhicules - côté,,,,,,,,,,,1,2,1,1.0,3.0
201800033680,0018-10-05 18:20:00,18,10,5,18,20,760,349,RD 925,49.899,1.05,Plein jour,En agglomération,Hors intersection,Normale,Deux véhicules - frontale,,,,,,,,,,,1,2,1,1.0,1.0
201800033681,0018-10-22 13:20:00,18,10,22,13,20,760,414,RD 154E,49.90811,1.1095,Plein jour,En agglomération,Hors intersection,Normale,Trois véhicules et plus - en chaîne,,,,,,,,,,,1,2,1,1.0,4.0
201800033682,0018-10-27 19:00:00,18,10,27,19,0,760,217,GRANDE RUE DU POLLET,49.92728,1.08665,Nuit avec éclairage allumé,En agglomération,Hors intersection,Pluie légère,Autre collision,,,,,,,,,,,5,2,1,2.0,6.0
201800033683,0018-11-07 17:15:00,18,11,7,17,15,760,545,RD 154E,49.90923,1.10013,Plein jour,Hors agglomération,Hors intersection,Normale,Deux véhicules - frontale,,,,,,,,,,,1,1,1,1.0,1.0
201800033684,0018-11-13 18:30:00,18,11,13,18,30,760,217,DUQUESNE (QUAI),49.9247,1.08069,Nuit avec éclairage allumé,En agglomération,Intersection en T,Normale,Deux véhicules - côté,,,,,,,,,,,5,2,3,1.0,3.0
201800033685,0018-12-02 16:10:00,18,12,2,16,10,760,217,FOCH (BOULEVARD MARECHAL,49.93155,1.08137,Plein jour,En agglomération,Hors intersection,Temps couvert,Deux véhicules - côté,,,,,,,,,,,1,2,1,8.0,3.0
201800033686,0018-12-12 16:40:00,18,12,12,16,40,760,349,DIEPPE (ROUTE DE),49.90891,1.05747,Plein jour,Hors agglomération,Hors intersection,Normale,Deux véhicules - frontale,,,,,,,,,,,1,1,1,1.0,1.0
201800033687,0018-12-29 00:05:00,18,12,29,0,5,760,414,RD 485,49.92216,1.11008,Nuit avec éclairage allumé,Hors agglomération,Autre intersection,Normale,Autre collision,,,,,,,,,,,5,1,9,1.0,6.0
201800033688,0018-01-30 19:29:00,18,1,30,19,29,760,600,"445, HAVRE ( ROUTE DU)",49.73981,0.36969,Nuit avec éclairage allumé,En agglomération,Hors intersection,Pluie forte,Autre collision,,,,,,,,,,,5,2,1,3.0,6.0
201800033689,0018-04-03 06:30:00,18,4,3,6,30,760,259,CHEMIN NID DE VERDIER,49.74831,0.40892,Nuit avec éclairage allumé,En agglomération,Hors intersection,Normale,Deux véhicules - côté,,,,,,,,,,,5,2,1,1.0,3.0
201800033690,0018-04-08 15:25:00,18,4,8,15,25,760,259,RUE THEAGENE BOUFFARD,49.75812,0.37077,Plein jour,En agglomération,Intersection à plus de 4 branches,Brouillard / fumée,Deux véhicules - côté,,,,,,,,,,,1,2,5,5.0,3.0
201800033691,0018-03-25 12:25:00,18,3,25,12,25,760,600,ETRETAT ( ROUTE D'),49.74351,0.36227,Plein jour,En agglomération,Giratoire,Normale,Deux véhicules - côté,,,,,,,,,,,1,2,6,1.0,3.0
201800033692,0018-04-22 11:28:00,18,4,22,11,28,760,259,ROUTE DE GANZEVILLE,49.74763,0.40306,Plein jour,En agglomération,Giratoire,Normale,Deux véhicules - côté,,,,,,,,,,,1,2,6,1.0,3.0
201800033693,0018-05-04 12:30:00,18,5,4,12,30,760,259,VALMONT ( ROUTE DE),49.75774,0.39249,Plein jour,En agglomération,Intersection en X,Normale,Deux véhicules - côté,,,,,,,,,,,1,2,2,1.0,3.0
201800033694,0018-05-22 15:40:00,18,5,22,15,40,760,259,INONDATION ( RUE DE L'),49.75625,0.37939,Plein jour,En agglomération,Intersection en X,Normale,Deux véhicules - côté,,,,,,,,,,,1,2,2,1.0,3.0
201800033695,0018-08-02 16:15:00,18,8,2,16,15,760,600,ETRETAT ( ROUTE D'),49.72922,0.33644,Plein jour,Hors agglomération,Hors intersection,Normale,Deux véhicules - côté,,,,,,,,,,,1,1,1,1.0,3.0
201800033696,0018-08-08 19:35:00,18,8,8,19,35,760,259,BERIGNY (QUAI),49.75949,0.3717,Plein jour,En agglomération,Intersection en X,Normale,Deux véhicules - côté,,,,,,,,,,,1,2,2,1.0,3.0
201800033697,0018-08-17 19:00:00,18,8,17,19,0,760,259,MANDELA ( BOULEVARD NELS,49.74506,0.38955,Plein jour,Hors agglomération,Hors intersection,Normale,Deux véhicules - côté,,,,,,,,,,,1,1,1,1.0,3.0
201800033698,0018-08-16 01:30:00,18,8,16,1,30,760,259,BERIGNY (QUAI),49.76079,0.36698,Nuit avec éclairage allumé,En agglomération,Intersection en T,Normale,Deux véhicules - côté,,,,,,,,,,,5,2,3,1.0,3.0
201800033699,0018-09-11 01:30:00,18,9,11,1,30,760,259,ALBERT 1ER ( BOULEVARD ),49.76172,0.3637,Nuit avec éclairage allumé,En agglomération,Giratoire,Normale,Deux véhicules - frontale,,,,,,,,,,,5,2,6,1.0,1.0
201800033700,0018-10-20 16:12:00,18,10,20,16,12,760,259,L'HONORE ( RUE PAUL),49.74627,0.37061,Plein jour,En agglomération,Intersection en T,Normale,Deux véhicules - côté,,,,,,,,,,,1,2,3,1.0,3.0
201800033701,0018-11-29 14:00:00,18,11,29,14,0,760,259,HAVRE ( ROUTE DU),49.74921,0.37146,Plein jour,En agglomération,Hors intersection,Pluie légère,Trois véhicules et plus - en chaîne,,,,,,,,,,,1,2,1,2.0,4.0
201800033702,0018-12-06 09:50:00,18,12,6,9,50,760,259,BERIGNY (QUAI),49.7596,0.37007,Plein jour,En agglomération,Hors intersection,Pluie légère,Autre collision,,,,,,,,,,,1,2,1,2.0,6.0
201800033703,0018-01-04 19:40:00,18,1,4,19,40,760,351,"120, TROIS CENT VINGT NE",49.50399,0.1279,Nuit avec éclairage allumé,En agglomération,Hors intersection,Pluie légère,Autre collision,,,,,,,,,,,5,2,1,2.0,6.0
201800033704,0018-01-01 03:30:00,18,1,1,3,30,760,305,22 av Jacques EBERHARD,49.51016,0.22995,Nuit avec éclairage allumé,En agglomération,Hors intersection,Pluie forte,Sans collision,,,,,,,,,,,5,2,1,3.0,7.0
201800033705,0018-01-07 05:00:00,18,1,7,5,0,760,552,"24, GENERAL DE GAULLE (A",49.50194,0.89285,Nuit avec éclairage allumé,En agglomération,Hors intersection,Normale,Deux véhicules - frontale,,,,,,,,,,,5,2,1,1.0,1.0
201800033706,0018-01-05 01:45:00,18,1,5,1,45,760,351,"neant, REPUBLIQUE (COURS",49.49266,0.12427,Nuit avec éclairage allumé,En agglomération,Intersection en X,Normale,Sans collision,,,,,,,,,,,5,2,2,1.0,7.0
201800033707,0018-01-10 15:18:00,18,1,10,15,18,760,351,59 rue  ANDREI SAKHAROV,49.505,0.1717,Plein jour,En agglomération,Intersection en T,Normale,Deux véhicules - arrière,,,,,,,,,,,1,2,3,1.0,2.0
201800033708,0018-01-06 23:35:00,18,1,6,23,35,760,351,367 rue ARISTIDE BRIAND,49.5008,0.14219,Nuit avec éclairage allumé,En agglomération,Hors intersection,Normale,Autre collision,,,,,,,,,,,5,2,1,1.0,6.0
201800033709,0018-01-13 20:45:00,18,1,13,20,45,760,351,RD 6382,49.52375,0.16768,Nuit sans éclairage public,Hors agglomération,Hors intersection,Normale,Deux véhicules - arrière,,,,,,,,,,,3,1,1,1.0,2.0