accident_id,datetime,annee,mois,jour,heure,minute,departement,commune_insee,adresse,latitude,longitude,luminosite,agglomeration,intersection,meteo,collision,nb_vehicules,nb_usagers,nb_indemnes,nb_tues,nb_blesses_hosp,nb_blesses_legers,age_cond_1,age_cond_2,veh_type_cond_1,veh_type_cond_2,lum_code,agg_code,int_code,atm_code,col_code
201800033710,0018-01-17 15:30:00,18,1,17,15,30,760,351,"NEANT, IRENE JOLIOT CURI",49.5183,0.10574,Plein jour,En agglomération,Intersection en X,Pluie légère,Deux véhicules - côté,,,,,,,,,,,1,2,2,2.0,3.0
201800033711,0018-01-20 03:27:00,18,1,20,3,27,760,351,"NEANT, LOUIS BLERIOT",49.51975,0.08803,Nuit avec éclairage allumé,En agglomération,Hors intersection,Pluie forte,Sans collision,,,,,,,,,,,5,2,1,3.0,7.0
201800033712,0018-01-20 00:30:00,18,1,20,0,30,760,351,"111, LENINGRAD (BD DE)",49.49828,0.15028,Nuit avec éclairage allumé,En agglomération,Hors intersection,Pluie légère,Autre collision,,,,,,,,,,,5,2,1,2.0,6.0
201800033713,0018-01-24 05:35:00,18,1,24,5,35,760,351,"78, VOLTAIRE",49.4898,0.1056,Nuit avec éclairage allumé,En agglomération,Hors intersection,Normale,Autre collision,,,,,,,,,,,5,2,1,1.0,6.0
201800033714,0018-01-29 08:30:00,18,1,29,8,30,760,351,"323, FELIX FAURE",49.5017,0.11452,Plein jour,En agglomération,Intersection en T,Normale,Deux véhicules - frontale,,,,,,,,,,,1,2,3,1.0,1.0
201800033715,0018-01-30 17:50:00,18,1,30,17,50,760,351,"13, WINSTON CHURCHILL",49.4937,0.13596,Crépuscule ou aube,En agglomération,Hors intersection,Pluie légère,Autre collision,,,,,,,,,,,2,2,1,2.0,6.0
201800033716,0018-02-03 18:35:00,18,2,3,18,35,760,447,"0, PIERRE MENDES FRANCE",49.53402,0.1791,Nuit sans éclairage public,Hors agglomération,Hors intersection,Pluie légère,Deux véhicules - frontale,,,,,,,,,,,3,1,1,2.0,1.0
201800033717,0018-02-04 06:45:00,18,2,4,6,45,760,447,avenue  BELLE ETOILE,49.53743,0.17544,Nuit avec éclairage allumé,Hors agglomération,Hors intersection,Normale,Autre collision,,,,,,,,,,,5,1,1,1.0,6.0
201800033718,0018-02-05 20:03:00,18,2,5,20,3,760,351,"46 bis, FREDERIC RISSON",49.4995,0.12067,Nuit avec éclairage allumé,En agglomération,Intersection en X,Normale,Autre collision,,,,,,,,,,,5,2,2,1.0,6.0
201800033719,0018-02-07 22:10:00,18,2,7,22,10,760,351,1 AVENUE FOCH,49.49357,0.09941,Nuit avec éclairage allumé,En agglomération,Intersection en X,Normale,Autre collision,,,,,,,,,,,5,2,2,1.0,6.0
201800033720,0018-02-09 20:05:00,18,2,9,20,5,760,351,74 r FLANDRES DUNKERQUE,49.51329,0.16968,Nuit avec éclairage allumé,En agglomération,Intersection en X,Normale,Autre collision,,,,,,,,,,,5,2,2,1.0,6.0
201800033721,0018-02-11 05:15:00,18,2,11,5,15,760,447,80 av MARECHAL FOCH,49.53666,0.18658,Nuit avec éclairage allumé,En agglomération,Hors intersection,Normale,Deux véhicules - côté,,,,,,,,,,,5,2,1,1.0,3.0
201800033722,0018-02-09 07:45:00,18,2,9,7,45,760,305,"0, INDUSTRIELLE (ROUTE)",49.4857,0.2223,Crépuscule ou aube,Hors agglomération,Hors intersection,Pluie forte,Deux véhicules - côté,,,,,,,,,,,2,1,1,3.0,3.0
201800033723,0018-02-15 08:05:00,18,2,15,8,5,760,351,37 rue  FELIX FAURE,49.49908,0.10096,Crépuscule ou aube,En agglomération,Intersection en T,Normale,Autre collision,,,,,,,,,,,2,2,3,1.0,6.0
201800033724,0018-02-17 17:36:00,18,2,17,17,36,760,351,"162, REPUBLIQUE COURS D",49.49951,0.12953,Plein jour,En agglomération,Hors intersection,Normale,Autre collision,,,,,,,,,,,1,2,1,1.0,6.0
201800033725,0018-02-18 06:25:00,18,2,18,6,25,760,351,"57, VORNIER (DU)",49.51053,0.12033,Nuit avec éclairage allumé,En agglomération,Hors intersection,Normale,Autre collision,,,,,,,,,,,5,2,1,1.0,6.0
201800033726,0018-02-18 19:35:00,18,2,18,19,35,760,351,189 ch 24 territorial,49.49064,0.12108,Nuit avec éclairage allumé,En agglomération,Intersection en T,Normale,Deux véhicules - frontale,,,,,,,,,,,5,2,3,1.0,1.0
201800033727,0018-02-12 19:30:00,18,2,12,19,30,760,351,117 av gral APLEMONT,49.50286,0.18264,Nuit avec éclairage allumé,En agglomération,Hors intersection,Pluie légère,Deux véhicules - arrière,,,,,,,,,,,5,2,1,2.0,2.0
201800033728,0018-01-09 16:10:00,18,1,9,16,10,760,341,"NEANT, RD 6382",49.50861,0.19758,Plein jour,Hors agglomération,Hors intersection,Normale,Sans collision,,,,,,,,,,,1,1,1,1.0,7.0
201800033729,0018-02-23 18:50:00,18,2,23,18,50,760,481,RD 940,49.53625,0.0983,Nuit sans éclairage public,Hors agglomération,Intersection en T,Normale,Deux véhicules - côté,,,,,,,,,,,3,1,3,1.0,3.0
201800033730,0018-02-24 16:40:00,18,2,24,16,40,760,351,"26, BERNARDIN DE SAINT P",49.49031,0.10515,Plein jour,En agglomération,Hors intersection,Normale,Autre collision,,,,,,,,,,,1,2,1,1.0,6.0
201800033731,0018-03-01 17:45:00,18,3,1,17,45,760,351,"151, BIGNE A FOSSE",49.52769,0.11063,Plein jour,En agglomération,Hors intersection,Pluie légère,Deux véhicules - arrière,,,,,,,,,,,1,2,1,2.0,2.0
201800033732,0018-01-28 03:00:00,18,1,28,3,0,760,351,"NEANT, BOIS AU COQ (AVEN",49.51698,0.11911,Nuit avec éclairage allumé,En agglomération,Hors intersection,Normale,Autre collision,,,,,,,,,,,5,2,1,1.0,6.0
201800033733,0018-03-06 09:45:00,18,3,6,9,45,760,351,rue  de SEINE MARITIME,49.50771,0.17343,Plein jour,En agglomération,Intersection en X,Normale,Deux véhicules - côté,,,,,,,,,,,1,2,2,1.0,3.0
201800033734,0018-03-06 18:10:00,18,3,6,18,10,760,351,"68, JULES DURAND (BD)",49.48953,0.1553,Plein jour,En agglomération,Intersection en T,Normale,Deux véhicules - côté,,,,,,,,,,,1,2,3,1.0,3.0
201800033735,0018-02-17 19:00:00,18,2,17,19,0,760,351,2 rue  EUGENE MOPIN,49.51668,0.15624,Plein jour,En agglomération,Hors intersection,Normale,Trois véhicules et plus - collisions multiples,,,,,,,,,,,1,2,1,1.0,5.0
201800033736,0018-03-09 19:00:00,18,3,9,19,0,760,351,45 rue PAUL PAINLEVE,49.51271,0.11068,Nuit avec éclairage allumé,En agglomération,Intersection en X,Normale,Deux véhicules - côté,,,,,,,,,,,5,2,2,1.0,3.0
201800033737,0018-03-10 16:30:00,18,3,10,16,30,760,351,"NEANT, SAONE (QUAI DE LA",49.48438,0.13117,Plein jour,En agglomération,Hors intersection,Normale,Sans collision,,,,,,,,,,,1,2,1,1.0,7.0
201800033738,0018-02-15 07:25:00,18,2,15,7,25,760,351,2 rue  MARECHAL JOFFRE,49.49851,0.11801,Nuit avec éclairage allumé,En agglomération,Intersection en X,Normale,Autre collision,,,,,,,,,,,5,2,2,1.0,6.0
201800033739,0018-03-18 07:38:00,18,3,18,7,38,760,351,871 BD JULES DURAND,49.49147,0.16436,Plein jour,En agglomération,Hors intersection,Normale,Autre collision,,,,,,,,,,,1,2,1,1.0,6.0
201800033740,0018-03-14 11:40:00,18,3,14,11,40,760,447,"29, PIERRE MENDES FRANCE",49.52783,0.18268,Plein jour,En agglomération,Autre intersection,Normale,Deux véhicules - arrière,,,,,,,,,,,1,2,9,1.0,2.0
201800033741,0018-03-21 16:45:00,18,3,21,16,45,760,270,24 avJEAN JAURES,49.53462,0.14646,Plein jour,En agglomération,Hors intersection,Normale,Autre collision,,,,,,,,,,,1,2,1,1.0,6.0
201800033742,0018-03-20 11:45:00,18,3,20,11,45,760,270,RD 6382,49.5313,0.13968,Plein jour,Hors agglomération,Hors intersection,Normale,Trois véhicules et plus - collisions multiples,,,,,,,,,,,1,1,1,1.0,5.0
201800033743,0018-03-22 08:45:00,18,3,22,8,45,760,351,36 r MAGASINS GENERAUX,49.49237,0.13666,Plein jour,En agglomération,Hors intersection,Normale,Autre collision,,,,,,,,,,,1,2,1,1.0,6.0
201800033744,0018-03-24 22:32:00,18,3,24,22,32,760,447,ctre com LA LEZARDE,49.52746,0.19121,Nuit avec éclairage allumé,Hors agglomération,Hors intersection,Normale,Autre collision,,,,,,,,,,,5,1,1,1.0,6.0
201800033745,0018-03-26 15:30:00,18,3,26,15,30,760,351,"0, AUGUSTIN NORMAND",49.48687,0.10258,Plein jour,En agglomération,Intersection en X,Normale,Deux véhicules - côté,,,,,,,,,,,1,2,2,1.0,3.0
201800033746,0018-04-02 00:01:00,18,4,2,0,1,760,351,rue ARISTIDE BRIAND,49.50064,0.14127,Nuit avec éclairage allumé,En agglomération,Intersection en X,Normale,Deux véhicules - côté,,,,,,,,,,,5,2,2,1.0,3.0
201800033747,0018-03-31 15:15:00,18,3,31,15,15,760,351,191 RUE DE VERDUN,49.50237,0.16282,Plein jour,En agglomération,Intersection en X,Normale,Deux véhicules - côté,,,,,,,,,,,1,2,2,1.0,3.0
201800033748,0018-03-27 15:50:00,18,3,27,15,50,760,351,44 rue de la CONCORDE,49.50862,0.15887,Plein jour,En agglomération,Intersection en X,Normale,Deux véhicules - côté,,,,,,,,,,,1,2,2,1.0,3.0
201800033749,0018-03-31 19:55:00,18,3,31,19,55,760,447,22 impasse RIVIERES,49.54698,0.19834,Plein jour,En agglomération,Hors intersection,Normale,Sans collision,,,,,,,,,,,1,2,1,1.0,7.0
201800033750,0018-04-02 16:38:00,18,4,2,16,38,760,351,RUE FLORIMOND LAURENT,49.5198,0.11936,Plein jour,En agglomération,Intersection en X,Pluie légère,Deux véhicules - côté,,,,,,,,,,,1,2,2,2.0,3.0
201800033751,0018-04-08 00:25:00,18,4,8,0,25,760,351,rue de la CONCORDE,49.50591,0.15897,Nuit avec éclairage allumé,En agglomération,Intersection en X,Pluie légère,Deux véhicules - côté,,,,,,,,,,,5,2,2,2.0,3.0
201800033752,0018-04-06 12:05:00,18,4,6,12,5,760,351,JEAN ZAY,49.50428,0.10386,Plein jour,En agglomération,Intersection en X,Normale,Autre collision,,,,,,,,,,,1,2,2,1.0,6.0
201800033753,0018-04-10 18:40:00,18,4,10,18,40,760,351,RUE FERNAND LEGER,49.51131,0.10748,Plein jour,En agglomération,Hors intersection,Normale,Sans collision,,,,,,,,,,,1,2,1,1.0,7.0
201800033754,0018-04-13 15:20:00,18,4,13,15,20,760,447,AV PIERRE MENDES FRANCE,49.52562,0.18372,Plein jour,Hors agglomération,Hors intersection,Normale,Deux véhicules - arrière,,,,,,,,,,,1,1,1,1.0,2.0
201800033755,0018-04-13 23:10:00,18,4,13,23,10,760,351,AV GRAND HAMEAU,49.52508,0.10542,Nuit avec éclairage allumé,En agglomération,Giratoire,Normale,Trois véhicules et plus - collisions multiples,,,,,,,,,,,5,2,6,1.0,5.0
201800033756,0018-04-19 10:00:00,18,4,19,10,0,760,270,RD 6382,49.53128,0.14158,Plein jour,Hors agglomération,Hors intersection,Normale,Autre collision,,,,,,,,,,,1,1,1,1.0,6.0
201800033757,0018-04-18 20:20:00,18,4,18,20,20,760,351,GRAND HAMEAU (Avenue du,49.52051,0.11155,Plein jour,En agglomération,Autre intersection,Normale,Deux véhicules - côté,,,,,,,,,,,1,2,9,1.0,3.0
201800033758,0018-04-19 14:22:00,18,4,19,14,22,760,270,rte SAINT BARTHELEMY,49.55201,0.14599,Plein jour,Hors agglomération,Giratoire,Normale,Deux véhicules - arrière,,,,,,,,,,,1,1,6,1.0,2.0
201800033759,0018-04-21 20:30:00,18,4,21,20,30,760,351,RUE JULES GUESDE,49.506,0.11501,Plein jour,En agglomération,Intersection en X,Normale,Deux véhicules - côté,,,,,,,,,,,1,2,2,1.0,3.0
201800033760,0018-04-22 13:40:00,18,4,22,13,40,760,351,GRAVILLE (BD DE),49.49249,0.14847,Plein jour,En agglomération,Intersection en X,Normale,Deux véhicules - côté,,,,,,,,,,,1,2,2,1.0,3.0
201800033761,0018-04-23 21:45:00,18,4,23,21,45,760,447,RD 489,49.5316,0.18589,Nuit sans éclairage public,Hors agglomération,Hors intersection,Normale,Autre collision,,,,,,,,,,,3,1,1,1.0,6.0
201800033762,0018-04-23 17:45:00,18,4,23,17,45,760,447,av PIERRE MENDES FRANCE,49.53019,0.18125,Plein jour,En agglomération,Intersection en T,Normale,Trois véhicules et plus - en chaîne,,,,,,,,,,,1,2,3,1.0,4.0
201800033763,0018-04-25 02:40:00,18,4,25,2,40,760,447,RD 489,49.53573,0.1995,Nuit sans éclairage public,Hors agglomération,Hors intersection,Normale,Autre collision,,,,,,,,,,,3,1,1,1.0,6.0
201800033764,0018-04-24 09:30:00,18,4,24,9,30,760,351,FRISSARD (QUAI),49.48893,0.12095,Plein jour,En agglomération,Intersection en T,Normale,Trois véhicules et plus - en chaîne,,,,,,,,,,,1,2,3,1.0,4.0
201800033765,0018-04-26 20:00:00,18,4,26,20,0,760,351,ARISTIDE BRIAND,49.50024,0.13542,Plein jour,En agglomération,Hors intersection,Normale,Deux véhicules - côté,,,,,,,,,,,1,2,1,1.0,3.0
201800033766,0018-04-28 18:15:00,18,4,28,18,15,760,351,VERDUN (RUE DE),49.50181,0.15542,Plein jour,En agglomération,Hors intersection,Normale,Deux véhicules - arrière,,,,,,,,,,,1,2,1,1.0,2.0
201800033767,0018-04-29 18:00:00,18,4,29,18,0,760,341,RD 6382,49.5216,0.1868,Plein jour,Hors agglomération,Intersection en Y,Normale,Trois véhicules et plus - collisions multiples,,,,,,,,,,,1,1,4,1.0,5.0
201800033768,0018-04-29 21:59:00,18,4,29,21,59,760,351,LAMBLARDIE (QUAI),49.48975,0.11118,Nuit avec éclairage allumé,En agglomération,Intersection en T,Pluie légère,Deux véhicules - côté,,,,,,,,,,,5,2,3,2.0,3.0
201800033769,0018-04-28 23:30:00,18,4,28,23,30,760,305,MAURICE THOREZ,49.51358,0.23592,Nuit avec éclairage allumé,En agglomération,Intersection en T,Normale,Deux véhicules - côté,,,,,,,,,,,5,2,3,1.0,3.0
201800033770,0018-04-29 01:10:00,18,4,29,1,10,760,481,RD 147,49.5312,0.10804,Nuit avec éclairage allumé,Hors agglomération,Giratoire,Normale,Deux véhicules - côté,,,,,,,,,,,5,1,6,1.0,3.0
201800033771,0018-04-28 18:30:00,18,4,28,18,30,760,341,RD 6382,49.51653,0.19219,Plein jour,Hors agglomération,Intersection à plus de 4 branches,Normale,Trois véhicules et plus - collisions multiples,,,,,,,,,,,1,1,5,1.0,5.0
201800033772,0018-05-03 23:00:00,18,5,3,23,0,760,351,place HOTEL DE VILLE,49.49229,0.10898,Nuit avec éclairage allumé,En agglomération,Hors intersection,Normale,Autre collision,,,,,,,,,,,5,2,1,1.0,6.0
201800033773,0018-05-06 16:40:00,18,5,6,16,40,760,341,JEAN MARIDOR,49.50765,0.18955,Plein jour,En agglomération,Intersection en X,Normale,Deux véhicules - côté,,,,,,,,,,,1,2,2,1.0,3.0
201800033774,0018-05-17 08:20:00,18,5,17,8,20,760,351,RUE JULES LECESNE,49.49379,0.11288,Plein jour,En agglomération,Intersection en T,Normale,Autre collision,,,,,,,,,,,1,2,3,1.0,6.0
201800033775,0018-05-17 18:46:00,18,5,17,18,46,760,351,RENE CANCE,49.50374,0.14709,Plein jour,En agglomération,Hors intersection,Normale,Sans collision,,,,,,,,,,,1,2,1,1.0,7.0
201800033776,0018-05-18 17:00:00,18,5,18,17,0,760,351,LAFAYETTE ( COURS),49.49172,0.12576,Plein jour,En agglomération,Hors intersection,Normale,Autre collision,,,,,,,,,,,1,2,1,1.0,6.0
201800033777,0018-05-19 21:50:00,18,5,19,21,50,760,351,ARMAND BARBES,49.4997,0.15047,Plein jour,En agglomération,Hors intersection,Normale,Deux véhicules - frontale,,,,,,,,,,,1,2,1,1.0,1.0
201800033778,0018-05-21 15:30:00,18,5,21,15,30,760,447,SAINT MARTIN DU MANOIR,49.54334,0.19856,Plein jour,En agglomération,Hors intersection,Normale,Sans collision,,,,,,,,,,,1,2,1,1.0,7.0
201800033779,0018-05-21 10:40:00,18,5,21,10,40,760,305,Jacques EBERHARD (Avenue,49.51049,0.22972,Plein jour,En agglomération,Hors intersection,Normale,Trois véhicules et plus - en chaîne,,,,,,,,,,,1,2,1,1.0,4.0
201800033780,0018-05-25 08:15:00,18,5,25,8,15,760,305,ESTUAIRE,49.45751,0.21413,Plein jour,Hors agglomération,Hors intersection,Brouillard / fumée,Deux véhicules - frontale,,,,,,,,,,,1,1,1,5.0,1.0
201800033781,0018-05-29 14:46:00,18,5,29,14,46,760,351,ALPHONSE DAUDET,49.5143,0.10855,Plein jour,En agglomération,Intersection en X,Normale,Deux véhicules - côté,,,,,,,,,,,1,2,2,1.0,3.0
201800033782,0018-05-30 03:55:00,18,5,30,3,55,760,351,PABLO PICASSO (AVENUE),49.50326,0.15612,Nuit avec éclairage allumé,En agglomération,Hors intersection,Pluie légère,Autre collision,,,,,,,,,,,5,2,1,2.0,6.0
201800033783,0018-05-30 14:45:00,18,5,30,14,45,760,351,CRONSTADT (DE),49.5046,0.11679,Plein jour,En agglomération,Intersection en T,Normale,Autre collision,,,,,,,,,,,1,2,3,1.0,6.0
201800033784,0018-06-01 22:50:00,18,6,1,22,50,760,305,ESTUAIRE,49.45492,0.23014,Nuit sans éclairage public,Hors agglomération,Hors intersection,Normale,Deux véhicules - arrière,,,,,,,,,,,3,1,1,1.0,2.0
201800033785,0018-06-01 13:15:00,18,6,1,13,15,760,351,LOUIS BLANC,49.50728,0.12586,Plein jour,En agglomération,Hors intersection,Normale,Autre collision,,,,,,,,,,,1,2,1,1.0,6.0
201800033786,0018-06-05 12:10:00,18,6,5,12,10,760,351,JEAN JACQUES ROUSSEAU (P,49.49213,0.13255,Plein jour,En agglomération,Hors intersection,Pluie légère,Deux véhicules - côté,,,,,,,,,,,1,2,1,2.0,3.0
201800033787,0018-06-07 18:20:00,18,6,7,18,20,760,351,BIGNE A FOSSE,49.52484,0.11108,Plein jour,En agglomération,Hors intersection,Normale,Deux véhicules - côté,,,,,,,,,,,1,2,1,1.0,3.0
201800033788,0018-06-08 23:30:00,18,6,8,23,30,760,351,GEORGES LAFAURIE (RUE),49.50056,0.11173,Nuit avec éclairage allumé,En agglomération,Hors intersection,Normale,Deux véhicules - arrière,,,,,,,,,,,5,2,1,1.0,2.0
201800033789,0018-06-09 15:20:00,18,6,9,15,20,760,351,DEMIDOFF (RUE),49.49735,0.13122,Plein jour,En agglomération,Intersection en X,Normale,Autre collision,,,,,,,,,,,1,2,2,1.0,6.0
201800033790,0018-06-09 19:45:00,18,6,9,19,45,760,351,LOUIS LUMIERE,49.5256,0.12275,Plein jour,En agglomération,Intersection en X,Normale,Deux véhicules - côté,,,,,,,,,,,1,2,2,1.0,3.0
201800033791,0018-06-11 12:01:00,18,6,11,12,1,760,351,rue JULES LECESNE,49.49296,0.12162,Plein jour,En agglomération,Intersection en X,Normale,Autre collision,,,,,,,,,,,1,2,2,1.0,6.0
201800033792,0018-06-18 18:15:00,18,6,18,18,15,760,351,RENE COTY,49.49713,0.11187,Plein jour,En agglomération,Intersection en X,Normale,Trois véhicules et plus - collisions multiples,,,,,,,,,,,1,2,2,1.0,5.0
201800033793,0018-06-19 09:00:00,18,6,19,9,0,760,351,DOCTEUR PIASCEKI,49.49551,0.14664,Plein jour,En agglomération,Intersection en T,Pluie légère,Deux véhicules - côté,,,,,,,,,,,1,2,3,2.0,3.0
201800033794,0018-06-19 17:00:00,18,6,19,17,0,760,351,JULES DURAND (BD),49.49947,0.19167,Plein jour,En agglomération,Hors intersection,Normale,Deux véhicules - côté,,,,,,,,,,,1,2,1,1.0,3.0
201800033795,0018-06-19 16:15:00,18,6,19,16,15,760,351,rue ARISTIDE BRIAND,49.50036,0.13642,Plein jour,En agglomération,Hors intersection,Normale,Trois véhicules et plus - en chaîne,,,,,,,,,,,1,2,1,1.0,4.0
201800033796,0018-06-21 16:35:00,18,6,21,16,35,760,552,IGNAUVAL (D'),49.51172,0.08429,Plein jour,En agglomération,Intersection en T,Normale,Autre collision,,,,,,,,,,,1,2,3,1.0,6.0
201800033797,0018-06-24 18:47:00,18,6,24,18,47,760,351,HUIT MAI 1945 (AVENUE DU,49.51647,0.16881,Plein jour,En agglomération,Intersection en T,Normale,Deux véhicules - côté,,,,,,,,,,,1,2,3,1.0,3.0
201800033798,0018-06-24 05:15:00,18,6,24,5,15,760,447,PIERRE MENDES FRANCE,49.52985,0.18146,Crépuscule ou aube,En agglomération,Hors intersection,Normale,Autre collision,,,,,,,,,,,2,2,1,1.0,6.0
201800033799,0018-06-26 17:20:00,18,6,26,17,20,760,305,RTE ORCHER,49.50363,0.21329,Plein jour,Hors agglomération,Hors intersection,Normale,Sans collision,,,,,,,,,,,1,1,1,1.0,7.0
201800033800,0018-06-26 17:00:00,18,6,26,17,0,760,351,IRENE JOLIOT CURIE (RUE),49.51325,0.10447,Plein jour,En agglomération,Hors intersection,Normale,Deux véhicules - côté,,,,,,,,,,,1,2,1,1.0,3.0
201800033801,0018-06-27 14:30:00,18,6,27,14,30,760,447,PRESIDENT WILSON,49.54253,0.18101,Plein jour,En agglomération,Hors intersection,Normale,Deux véhicules - côté,,,,,,,,,,,1,2,1,1.0,3.0
201800033802,0018-06-29 01:45:00,18,6,29,1,45,760,351,LOUIS BRINDEAU,49.49107,0.10747,Nuit avec éclairage allumé,En agglomération,Intersection en X,Normale,Autre collision,,,,,,,,,,,5,2,2,1.0,6.0
201800033803,0018-06-29 16:40:00,18,6,29,16,40,760,351,POMMERAIE (AVENUE DE LA),49.51189,0.1613,Plein jour,En agglomération,Hors intersection,Normale,Autre collision,,,,,,,,,,,1,2,1,1.0,6.0
201800033804,0018-06-30 20:20:00,18,6,30,20,20,760,351,GEORGES BRAQUE (RUE),49.49519,0.10328,Crépuscule ou aube,En agglomération,Intersection en T,Normale,Deux véhicules - arrière,,,,,,,,,,,2,2,3,1.0,2.0
201800033805,0018-06-30 00:01:00,18,6,30,0,1,760,351,JULES DURAND (BD),49.4959,0.17931,Nuit avec éclairage allumé,En agglomération,Hors intersection,Normale,Autre collision,,,,,,,,,,,5,2,1,1.0,6.0
201800033806,0018-06-30 05:05:00,18,6,30,5,5,760,351,MICHELET,49.49301,0.12149,Nuit avec éclairage allumé,En agglomération,Intersection en X,Normale,Deux véhicules - côté,,,,,,,,,,,5,2,2,1.0,3.0
201800033807,0018-06-30 15:50:00,18,6,30,15,50,760,351,DESMALLIERES,49.50083,0.14443,Plein jour,En agglomération,Hors intersection,Normale,Deux véhicules - côté,,,,,,,,,,,1,2,1,1.0,3.0
201800033808,0018-07-03 12:15:00,18,7,3,12,15,760,351,MAGASINS GENERAUX (RUE D,49.49152,0.13325,Plein jour,En agglomération,Giratoire,Normale,Deux véhicules - côté,,,,,,,,,,,1,2,6,1.0,3.0
201800033809,0018-07-03 16:20:00,18,7,3,16,20,760,552,GENERAL DE GAULLE (AVENU,49.50248,0.08911,Plein jour,En agglomération,Hors intersection,Normale,Autre collision,,,,,,,,,,,1,2,1,1.0,6.0
201800033810,0018-07-05 02:20:00,18,7,5,2,20,760,552,EDITH CAVELL,49.50814,0.08391,Nuit avec éclairage allumé,En agglomération,Hors intersection,Pluie légère,Deux véhicules - frontale,,,,,,,,,,,5,2,1,2.0,1.0
201800033811,0018-07-06 00:30:00,18,7,6,0,30,760,351,PASTEUR,49.50342,0.13069,Nuit avec éclairage allumé,En agglomération,Hors intersection,Normale,Autre collision,,,,,,,,,,,5,2,1,1.0,6.0
201800033812,0018-07-06 08:25:00,18,7,6,8,25,760,351,GEORGE V (QUAI),49.49099,0.1112,Plein jour,En agglomération,Intersection en T,Normale,Deux véhicules - côté,,,,,,,,,,,1,2,3,1.0,3.0
201800033813,0018-07-09 16:40:00,18,7,9,16,40,760,351,FRISSARD (QUAI),49.49143,0.13252,Plein jour,En agglomération,Giratoire,Normale,Deux véhicules - côté,,,,,,,,,,,1,2,6,1.0,3.0
201800033814,0018-07-14 01:40:00,18,7,14,1,40,760,447,BELLE ETOILE,49.53634,0.17631,Nuit avec éclairage allumé,En agglomération,Hors intersection,Normale,Autre collision,,,,,,,,,,,5,2,1,1.0,6.0
201800033815,0018-07-16 01:50:00,18,7,16,1,50,760,351,GEORGES LAFAURIE (RUE),49.50024,0.11106,Nuit avec éclairage allumé,En agglomération,Hors intersection,Normale,Deux véhicules - côté,,,,,,,,,,,5,2,1,1.0,3.0
201800033816,0018-07-16 11:20:00,18,7,16,11,20,760,351,LAMANDE (QUAI),49.48819,0.11761,Plein jour,En agglomération,Hors intersection,Normale,Autre collision,,,,,,,,,,,1,2,1,1.0,6.0
201800033817,0018-07-26 01:02:00,18,7,26,1,2,760,447,PRESIDENT WILSON,49.53888,0.17854,Nuit avec éclairage allumé,En agglomération,Hors intersection,Normale,Autre collision,,,,,,,,,,,5,2,1,1.0,6.0
201800033818,0018-07-27 04:30:00,18,7,27,4,30,760,552,EDITH CAVELL,49.50811,0.08388,Nuit avec éclairage allumé,En agglomération,Giratoire,Normale,Autre collision,,,,,,,,,,,5,2,6,1.0,6.0
201800033819,0018-07-27 08:55:00,18,7,27,8,55,760,351,PIERRE CURIE,49.50963,0.12762,Plein jour,En agglomération,Intersection en X,Normale,Deux véhicules - arrière,,,,,,,,,,,1,2,2,1.0,2.0
201800033820,0018-07-29 06:30:00,18,7,29,6,30,760,351,SEIZIEME PORT (AVENUE DU,49.48891,0.15003,Crépuscule ou aube,Hors agglomération,Intersection en X,Normale,Deux véhicules - côté,,,,,,,,,,,2,1,2,1.0,3.0
201800033821,0018-08-07 14:10:00,18,8,7,14,10,760,351,GABRIEL PERI,49.49386,0.11836,Plein jour,En agglomération,Intersection en X,Normale,Deux véhicules - côté,,,,,,,,,,,1,2,2,1.0,3.0
201800033822,0018-08-08 11:40:00,18,8,8,11,40,760,351,quai GUILLAUME LE TESTU,49.48982,0.10765,Plein jour,En agglomération,Intersection en X,Normale,Autre collision,,,,,,,,,,,1,2,2,1.0,6.0
201800033823,0018-08-10 16:00:00,18,8,10,16,0,760,351,RHONE (QUAI DU),49.4817,0.13958,Plein jour,Hors agglomération,Hors intersection,Normale,Sans collision,,,,,,,,,,,1,1,1,1.0,7.0
201800033824,0018-08-11 18:35:00,18,8,11,18,35,760,447,BELLE ETOILE,49.535,0.17993,Plein jour,Hors agglomération,Hors intersection,Normale,Sans collision,,,,,,,,,,,1,1,1,1.0,7.0
201800033825,0018-08-12 00:30:00,18,8,12,0,30,760,447,PIERRE MENDES FRANCE,49.52985,0.18146,Nuit avec éclairage allumé,En agglomération,Intersection en T,Normale,Trois véhicules et plus - collisions multiples,,,,,,,,,,,5,2,3,1.0,5.0
201800033826,0018-08-16 09:10:00,18,8,16,9,10,760,552,GENERAL DE GAULLE (AVENU,49.50797,0.08499,Plein jour,En agglomération,Hors intersection,Normale,Autre collision,,,,,,,,,,,1,2,1,1.0,6.0
201800033827,0018-08-16 14:45:00,18,8,16,14,45,760,351,VERDUN (RUE DE),49.50091,0.15785,Plein jour,En agglomération,Intersection en T,Normale,Deux véhicules - arrière,,,,,,,,,,,1,2,3,1.0,2.0
201800033828,0018-08-18 16:25:00,18,8,18,16,25,760,341,GAIETE (DE LA),49.50618,0.19225,Plein jour,Hors agglomération,Hors intersection,Normale,Autre collision,,,,,,,,,,,1,1,1,1.0,6.0
201800033829,0018-08-20 19:30:00,18,8,20,19,30,760,351,ALEXANDRE RIBOT,49.52066,0.11759,Plein jour,En agglomération,Intersection en X,Normale,Deux véhicules - côté,,,,,,,,,,,1,2,2,1.0,3.0