accident_id,datetime,annee,mois,jour,heure,minute,departement,commune_insee,adresse,latitude,longitude,luminosite,agglomeration,intersection,meteo,collision,nb_vehicules,nb_usagers,nb_indemnes,nb_tues,nb_blesses_hosp,nb_blesses_legers,age_cond_1,age_cond_2,veh_type_cond_1,veh_type_cond_2,lum_code,agg_code,int_code,atm_code,col_code
201800033950,0018-02-13 19:20:00,18,2,13,19,20,760,540,618 avenue GRAND COURS,49.42624,1.1049,Nuit avec éclairage allumé,En agglomération,Hors intersection,Pluie forte,Trois véhicules et plus - en chaîne,,,,,,,,,,,5,2,1,3.0,4.0
201800033951,0018-03-06 13:20:00,18,3,6,13,20,760,540,"33, CLEMENCEAU. COURS",49.43405,1.08928,Plein jour,En agglomération,Hors intersection,Normale,Deux véhicules - côté,,,,,,,,,,,1,2,1,1.0,3.0
201800033952,0018-03-12 19:00:00,18,3,12,19,0,760,322,2 RUE ALBERT LACOURT,49.41619,1.05433,Plein jour,En agglomération,Giratoire,Normale,Deux véhicules - côté,,,,,,,,,,,1,2,6,1.0,3.0
201800033953,0018-02-18 21:10:00,18,2,18,21,10,760,540,BELGES. BOULEVARD DES,49.44419,1.0855,Nuit avec éclairage allumé,En agglomération,Intersection en X,Normale,Autre collision,,,,,,,,,,,5,2,2,1.0,6.0
201800033954,0018-02-20 15:05:00,18,2,20,15,5,760,157,A150,49.47391,1.02547,Plein jour,Hors agglomération,Hors intersection,Pluie légère,Deux véhicules - côté,,,,,,,,,,,1,1,1,2.0,3.0
201800033955,0018-03-16 11:20:00,18,3,16,11,20,760,681,57 bvd industriel,49.40272,1.11074,Plein jour,Hors agglomération,Hors intersection,Normale,Deux véhicules - arrière,,,,,,,,,,,1,1,1,1.0,2.0
201800033956,0018-03-27 13:30:00,18,3,27,13,30,760,540,av de la  GRAND MARE,49.45467,1.13567,Plein jour,En agglomération,Intersection en T,Normale,Deux véhicules - arrière,,,,,,,,,,,1,2,3,1.0,2.0
201800033957,0018-03-28 08:15:00,18,3,28,8,15,760,498,109 bd du 11 NOVEMBRE,49.41424,1.07157,Crépuscule ou aube,En agglomération,Intersection en X,Pluie légère,Autre collision,,,,,,,,,,,2,2,2,2.0,6.0
201800033958,0018-03-31 23:45:00,18,3,31,23,45,760,484,2 rue des ECOLES,49.35827,1.0967,Nuit avec éclairage allumé,En agglomération,Intersection en X,Pluie légère,Deux véhicules - côté,,,,,,,,,,,5,2,2,2.0,3.0
201800033959,0018-03-30 18:25:00,18,3,30,18,25,760,212,ROUTE DE LYONS LA FORET,49.43549,1.14559,Plein jour,En agglomération,Hors intersection,Normale,Deux véhicules - arrière,,,,,,,,,,,1,2,1,1.0,2.0
201800033960,0018-04-04 19:40:00,18,4,4,19,40,760,498,AV JEAN JAURES,49.42815,1.0686,Plein jour,En agglomération,Hors intersection,Pluie légère,Trois véhicules et plus - en chaîne,,,,,,,,,,,1,2,1,2.0,4.0
201800033961,0018-04-05 13:50:00,18,4,5,13,50,760,451,RUE DES MOUETTES,49.47041,1.07006,Plein jour,En agglomération,Intersection en X,Normale,Deux véhicules - côté,,,,,,,,,,,1,2,2,1.0,3.0
201800033962,0018-04-05 23:00:00,18,4,5,23,0,760,157,RUE DE LA VALETTE,49.46724,1.03858,Nuit avec éclairage allumé,En agglomération,Intersection en X,Normale,Deux véhicules - côté,,,,,,,,,,,5,2,2,1.0,3.0
201800033963,0018-04-08 19:25:00,18,4,8,19,25,760,681,INDUSTRIEL. BOULEVARD (C,49.42122,1.10676,Plein jour,Hors agglomération,Intersection en X,Normale,Deux véhicules - arrière,,,,,,,,,,,1,1,2,1.0,2.0
201800033964,0018-04-10 07:55:00,18,4,10,7,55,760,540,BOULEVARD DE LA MARNE,49.44709,1.09338,Plein jour,En agglomération,Intersection en X,Normale,Deux véhicules - côté,,,,,,,,,,,1,2,2,1.0,3.0
201800033965,0018-04-11 11:15:00,18,4,11,11,15,760,540,AVENUE bernard bicheray,49.45067,1.05712,Plein jour,En agglomération,Hors intersection,Normale,Deux véhicules - côté,,,,,,,,,,,1,2,1,1.0,3.0
201800033966,0018-04-11 11:00:00,18,4,11,11,0,760,95,RUE GEORGES LIOT,49.45328,1.11818,Plein jour,En agglomération,Intersection en X,Normale,Deux véhicules - côté,,,,,,,,,,,1,2,2,1.0,3.0
201800033967,0018-04-13 16:25:00,18,4,13,16,25,760,212,ROUTE DE ROUEN,49.44019,1.14353,Plein jour,En agglomération,Intersection en X,Normale,Deux véhicules - côté,,,,,,,,,,,1,2,2,1.0,3.0
201800033968,0018-04-13 18:30:00,18,4,13,18,30,760,216,RUE JOSEPH HUE,49.47465,1.05003,Plein jour,En agglomération,Hors intersection,Normale,Autre collision,,,,,,,,,,,1,2,1,1.0,6.0
201800033969,0018-04-17 08:20:00,18,4,17,8,20,760,540,av aristide briand,49.43512,1.10534,Plein jour,En agglomération,Hors intersection,Normale,Deux véhicules - arrière,,,,,,,,,,,1,2,1,1.0,2.0
201800033970,0018-04-18 11:30:00,18,4,18,11,30,760,451,PLACE DES TISSERANDS,49.47046,1.08287,Plein jour,En agglomération,Intersection en X,Normale,Deux véhicules - côté,,,,,,,,,,,1,2,2,1.0,3.0
201800033971,0018-04-20 08:00:00,18,4,20,8,0,760,540,RUE D'AMIENS,49.44018,1.10276,Plein jour,En agglomération,Hors intersection,Normale,Autre collision,,,,,,,,,,,1,2,1,1.0,6.0
201800033972,0018-04-20 22:50:00,18,4,20,22,50,760,575,LENINE. BOULEVARD,49.38101,1.10995,Nuit avec éclairage allumé,En agglomération,Intersection en X,Normale,Autre collision,,,,,,,,,,,5,2,2,1.0,6.0
201800033973,0018-04-21 06:22:00,18,4,21,6,22,760,157,A150,49.44992,1.05917,Nuit avec éclairage allumé,Hors agglomération,Hors intersection,Normale,Deux véhicules - frontale,,,,,,,,,,,5,1,1,1.0,1.0
201800033974,0018-04-21 09:35:00,18,4,21,9,35,760,540,RUE D'AMIENS,49.44063,1.10118,Plein jour,En agglomération,Intersection en X,Normale,Autre collision,,,,,,,,,,,1,2,2,1.0,6.0
201800033975,0018-04-20 10:10:00,18,4,20,10,10,760,540,RUE DU RENARD,49.45193,1.06903,Plein jour,En agglomération,Intersection en X,Normale,Deux véhicules - côté,,,,,,,,,,,1,2,2,1.0,3.0
201800033976,0018-04-25 13:05:00,18,4,25,13,5,760,540,RUE LA FAYETTE,49.43313,1.09056,Plein jour,En agglomération,Intersection en T,Normale,Autre collision,,,,,,,,,,,1,2,3,1.0,6.0
201800033977,0018-04-29 20:20:00,18,4,29,20,20,760,540,QUAI DE FRANCE,49.43982,1.07349,Crépuscule ou aube,En agglomération,Hors intersection,Pluie forte,Deux véhicules - frontale,,,,,,,,,,,2,2,1,3.0,1.0
201800033978,0018-04-30 11:10:00,18,4,30,11,10,760,540,OURS. RUE AUX,49.44064,1.09141,Plein jour,En agglomération,Hors intersection,Normale,Autre collision,,,,,,,,,,,1,2,1,1.0,6.0
201800033979,0018-05-02 17:50:00,18,5,2,17,50,760,165,RUE GALILEE,49.28214,1.02582,Plein jour,En agglomération,Intersection en X,Pluie légère,Deux véhicules - côté,,,,,,,,,,,1,2,2,2.0,3.0
201800033980,0018-05-02 17:20:00,18,5,2,17,20,760,410,MARTYRS DE LA RESISTANCE,49.48201,1.04536,Plein jour,En agglomération,Hors intersection,Pluie légère,Autre collision,,,,,,,,,,,1,2,1,2.0,6.0
201800033981,0018-05-06 23:00:00,18,5,6,23,0,760,410,AVENUE DU VAL AUX DAMES,49.47339,1.03472,Nuit avec éclairage allumé,En agglomération,Hors intersection,Normale,Trois véhicules et plus - collisions multiples,,,,,,,,,,,5,2,1,1.0,5.0
201800033982,0018-05-07 15:15:00,18,5,7,15,15,760,498,JAURES. AVENUE JEAN,49.42698,1.06377,Plein jour,En agglomération,Intersection en T,Normale,Autre collision,,,,,,,,,,,1,2,3,1.0,6.0
201800033983,0018-05-07 16:50:00,18,5,7,16,50,760,599,SOURCES. RUE DES,49.43328,1.15598,Plein jour,Hors agglomération,Hors intersection,Normale,Autre collision,,,,,,,,,,,1,1,1,1.0,6.0
201800033984,0018-05-19 21:00:00,18,5,19,21,0,760,540,HAVRE. QUAI (HAUT) DU,49.43908,1.0886,Plein jour,En agglomération,Intersection en X,Normale,Deux véhicules - côté,,,,,,,,,,,1,2,2,1.0,3.0
201800033985,0018-05-18 10:00:00,18,5,18,10,0,760,681,INDUSTRIEL. BOULEVARD (C,49.4166,1.10782,Plein jour,Hors agglomération,Hors intersection,Normale,Deux véhicules - côté,,,,,,,,,,,1,1,1,1.0,3.0
201800033986,0018-05-20 17:25:00,18,5,20,17,25,760,540,LA FAYETTE. RUE,49.43256,1.08941,Plein jour,En agglomération,Intersection en X,Normale,Deux véhicules - côté,,,,,,,,,,,1,2,2,1.0,3.0
201800033987,0018-05-22 18:45:00,18,5,22,18,45,760,540,RONDEAUX. AVENUE JEAN,49.43456,1.07627,Plein jour,En agglomération,Intersection en X,Normale,Deux véhicules - côté,,,,,,,,,,,1,2,2,1.0,3.0
201800033988,0018-04-30 23:10:00,18,4,30,23,10,760,178,TOURVILLE. ROUTE DE (CD,49.31302,1.05605,Nuit avec éclairage non allumé,Hors agglomération,Hors intersection,Pluie légère,Autre collision,,,,,,,,,,,4,1,1,2.0,6.0
201800033989,0018-05-23 16:15:00,18,5,23,16,15,760,498,PREVERT. AVENUE JACQUES,49.43006,1.06128,Plein jour,En agglomération,Intersection en X,Normale,Deux véhicules - côté,,,,,,,,,,,1,2,2,1.0,3.0
201800033990,0018-05-07 12:15:00,18,5,7,12,15,760,322,BROSSOLETTE. BOULEVARD P,49.41864,1.03143,Plein jour,En agglomération,Intersection en X,Normale,Deux véhicules - côté,,,,,,,,,,,1,2,2,1.0,3.0
201800033991,0018-05-27 04:45:00,18,5,27,4,45,760,540,BRIAND. AVENUE ARISTIDE,49.43507,1.10568,Nuit avec éclairage allumé,En agglomération,Hors intersection,Normale,Deux véhicules - arrière,,,,,,,,,,,5,2,1,1.0,2.0
201800033992,0018-05-27 13:01:00,18,5,27,13,1,760,474,RN 27 (ROUTE DE DIEPPE),49.48713,1.04869,Plein jour,En agglomération,Hors intersection,Normale,Autre collision,,,,,,,,,,,1,2,1,1.0,6.0
201800033993,0018-05-28 12:30:00,18,5,28,12,30,760,540,RUE JEANNE D'ARC,49.44089,1.08989,Plein jour,En agglomération,Hors intersection,Normale,Autre collision,,,,,,,,,,,1,2,1,1.0,6.0
201800033994,0018-05-28 07:50:00,18,5,28,7,50,760,540,D'ESTOUTEVILLE. RUE GUIL,49.4517,1.06962,Plein jour,En agglomération,Intersection en X,Normale,Autre collision,,,,,,,,,,,1,2,2,1.0,6.0
201800033995,0018-05-30 15:50:00,18,5,30,15,50,760,540,BRETAGNE. AVENUE DE,49.43056,1.0792,Plein jour,En agglomération,Autre intersection,Normale,Deux véhicules - côté,,,,,,,,,,,1,2,9,1.0,3.0
201800033996,0018-06-02 21:25:00,18,6,2,21,25,760,540,MOTTE. RUE DE LA,49.43491,1.07512,Plein jour,En agglomération,Hors intersection,Normale,Deux véhicules - côté,,,,,,,,,,,1,2,1,1.0,3.0
201800033997,0018-06-05 15:10:00,18,6,5,15,10,760,540,PONT MATHILDE,49.43447,1.1061,Plein jour,En agglomération,Intersection en X,Normale,Deux véhicules - côté,,,,,,,,,,,1,2,2,1.0,3.0
201800033998,0018-06-06 05:10:00,18,6,6,5,10,760,575,AVENUE DU VAL L ABBE,49.38569,1.09949,Crépuscule ou aube,En agglomération,Intersection en X,Normale,Deux véhicules - côté,,,,,,,,,,,2,2,2,1.0,3.0
201800033999,0018-06-10 00:05:00,18,6,10,0,5,760,540,COUPERIN. RUE FRANCOIS,49.44935,1.13846,Nuit avec éclairage allumé,En agglomération,Hors intersection,Normale,Deux véhicules - arrière,,,,,,,,,,,5,2,1,1.0,2.0
201800034000,0018-06-09 03:00:00,18,6,9,3,0,760,322,VOIE RAPIDE SUD 3 (RN 33,49.40057,1.03214,Nuit avec éclairage non allumé,Hors agglomération,Hors intersection,Normale,Deux véhicules - arrière,,,,,,,,,,,4,1,1,1.0,2.0
201800034001,0018-06-10 00:17:00,18,6,10,0,17,760,540,BOULEVARD DE L' EUROPE,49.43378,1.07778,Nuit avec éclairage allumé,En agglomération,Hors intersection,Normale,Autre collision,,,,,,,,,,,5,2,1,1.0,6.0
201800034002,0018-06-12 15:10:00,18,6,12,15,10,760,216,ROUTE DE DIEPPE,49.47462,1.04848,Plein jour,En agglomération,Hors intersection,Normale,Autre collision,,,,,,,,,,,1,2,1,1.0,6.0
201800034003,0018-06-13 12:00:00,18,6,13,12,0,760,216,ROUTE DE DIEPPE,49.47126,1.04973,Plein jour,En agglomération,Hors intersection,Normale,Deux véhicules - côté,,,,,,,,,,,1,2,1,1.0,3.0
201800034004,0018-06-09 05:35:00,18,6,9,5,35,760,484,CD 18E,49.34599,1.07723,Crépuscule ou aube,Hors agglomération,Giratoire,Normale,Deux véhicules - côté,,,,,,,,,,,2,1,6,1.0,3.0
201800034005,0018-06-18 22:00:00,18,6,18,22,0,760,540,YSER. BOULEVARD DE L',49.44786,1.10226,Crépuscule ou aube,En agglomération,Hors intersection,Normale,Deux véhicules - frontale,,,,,,,,,,,2,2,1,1.0,1.0
201800034006,0018-06-18 21:25:00,18,6,18,21,25,760,681,PARIS. RUE DE,49.41362,1.09828,Plein jour,En agglomération,Hors intersection,Normale,Sans collision,,,,,,,,,,,1,2,1,1.0,7.0
201800034007,0018-06-22 10:55:00,18,6,22,10,55,760,402,DOCTEUR LEROY. RUE DU,49.52411,1.04122,Plein jour,En agglomération,Hors intersection,Normale,Autre collision,,,,,,,,,,,1,2,1,1.0,6.0
201800034008,0018-06-22 17:50:00,18,6,22,17,50,760,498,AVENUE JACQUES PREVERt,49.42889,1.06247,Plein jour,En agglomération,Intersection en X,Normale,Autre collision,,,,,,,,,,,1,2,2,1.0,6.0
201800034009,0018-06-22 19:00:00,18,6,22,19,0,760,231,RANDOING. RUE CAMILLE,49.28947,1.00272,Plein jour,En agglomération,Hors intersection,Normale,Deux véhicules - côté,,,,,,,,,,,1,2,1,1.0,3.0
201800034010,0018-06-28 17:40:00,18,6,28,17,40,760,108,AVENUE DE L'EUROPE,49.4752,1.10711,Plein jour,Hors agglomération,Hors intersection,Normale,Trois véhicules et plus - en chaîne,,,,,,,,,,,1,1,1,1.0,4.0
201800034011,0018-06-29 17:00:00,18,6,29,17,0,760,108,HAIE. RUE DE LA,49.48293,1.1237,Plein jour,En agglomération,Hors intersection,Normale,Deux véhicules - arrière,,,,,,,,,,,1,2,1,1.0,2.0
201800034012,0018-06-30 13:40:00,18,6,30,13,40,760,474,DIEPPE. ROUTE DE (RN 27),49.48934,1.04925,Plein jour,En agglomération,Hors intersection,Normale,Deux véhicules - arrière,,,,,,,,,,,1,2,1,1.0,2.0
201800034013,0018-06-30 16:00:00,18,6,30,16,0,760,540,MADAGASCAR. RUE DE,49.43761,1.06707,Plein jour,Hors agglomération,Giratoire,Normale,Deux véhicules - côté,,,,,,,,,,,1,1,6,1.0,3.0
201800034014,0018-07-03 15:00:00,18,7,3,15,0,760,681,CD 18E (BOULEVARD INDUST,49.41674,1.10779,Plein jour,Hors agglomération,Hors intersection,Normale,Deux véhicules - arrière,,,,,,,,,,,1,1,1,1.0,2.0
201800034015,0018-07-03 17:15:00,18,7,3,17,15,760,157,ANCIENNE ROUTE DUCLAIR,49.44762,1.018,Plein jour,En agglomération,Hors intersection,Normale,Autre collision,,,,,,,,,,,1,2,1,1.0,6.0
201800034016,0018-07-05 23:45:00,18,7,5,23,45,760,540,LECANUET. RUE JEAN,49.44419,1.09472,Nuit avec éclairage allumé,En agglomération,Intersection en X,Normale,Deux véhicules - côté,,,,,,,,,,,5,2,2,1.0,3.0
201800034017,0018-07-05 17:05:00,18,7,5,17,5,760,319,LECLERC. AVENUE DU GENER,49.36321,1.01296,Plein jour,En agglomération,Intersection en T,Normale,Deux véhicules - côté,,,,,,,,,,,1,2,3,1.0,3.0
201800034018,0018-07-10 08:10:00,18,7,10,8,10,760,540,ROUTE DE Neufchatel,49.4516,1.09817,Plein jour,En agglomération,Hors intersection,Normale,Deux véhicules - côté,,,,,,,,,,,1,2,1,1.0,3.0
201800034019,0018-07-10 12:59:00,18,7,10,12,59,760,157,CROISSET. COTE DE (CD 94,49.44255,1.0325,Plein jour,Hors agglomération,Hors intersection,Normale,Deux véhicules - frontale,,,,,,,,,,,1,1,1,1.0,1.0
201800034020,0018-07-10 23:30:00,18,7,10,23,30,760,231,JAURES. RUE JEAN,49.28719,1.00904,Nuit avec éclairage allumé,En agglomération,Hors intersection,Normale,Autre collision,,,,,,,,,,,5,2,1,1.0,6.0
201800034021,0018-07-11 08:23:00,18,7,11,8,23,760,216,PAIX. RUE DE LA,49.47185,1.04626,Plein jour,En agglomération,Hors intersection,Normale,Autre collision,,,,,,,,,,,1,2,1,1.0,6.0
201800034022,0018-07-11 21:06:00,18,7,11,21,6,760,165,FAURE. RUE FELIX,49.28715,1.02292,Plein jour,En agglomération,Hors intersection,Normale,Deux véhicules - arrière,,,,,,,,,,,1,2,1,1.0,2.0
201800034023,0018-07-15 17:10:00,18,7,15,17,10,760,540,BICHERAY. AVENUE DU COMM,49.44929,1.04777,Plein jour,Hors agglomération,Intersection en X,Normale,Deux véhicules - côté,,,,,,,,,,,1,1,2,1.0,3.0
201800034024,0018-07-13 11:10:00,18,7,13,11,10,760,157,A150,49.45796,1.04736,Plein jour,Hors agglomération,Hors intersection,Normale,Deux véhicules - côté,,,,,,,,,,,1,1,1,1.0,3.0
201800034025,0018-06-27 09:20:00,18,6,27,9,20,760,540,BOULEVARD DU MIDI,49.43356,1.04098,Plein jour,Hors agglomération,Hors intersection,Normale,Deux véhicules - côté,,,,,,,,,,,1,1,1,1.0,3.0
201800034026,0018-07-18 07:20:00,18,7,18,7,20,760,498,N338,49.43427,1.06709,Plein jour,Hors agglomération,Hors intersection,Normale,Deux véhicules - côté,,,,,,,,,,,1,1,1,1.0,3.0
201800034027,0018-07-19 01:15:00,18,7,19,1,15,760,216,DUFLO. RUE RAYMOND,49.46469,1.05192,Nuit avec éclairage allumé,En agglomération,Intersection en Y,Normale,Autre collision,,,,,,,,,,,5,2,4,1.0,6.0
201800034028,0018-07-22 10:20:00,18,7,22,10,20,760,231,VOIE SUR BERGE,49.29207,1.0227,Plein jour,En agglomération,Hors intersection,Normale,Deux véhicules - arrière,,,,,,,,,,,1,2,1,1.0,2.0
201800034029,0018-07-24 05:30:00,18,7,24,5,30,760,497,VOIE RAPIDE SUD 3 RN 338,49.41913,1.04908,Nuit sans éclairage public,Hors agglomération,Hors intersection,Normale,Autre collision,,,,,,,,,,,3,1,1,1.0,6.0
201800034030,0018-07-24 08:45:00,18,7,24,8,45,760,216,DUCLAIR. ROUTE DE,49.46731,1.03779,Plein jour,Hors agglomération,Hors intersection,Normale,Sans collision,,,,,,,,,,,1,1,1,1.0,7.0
201800034031,0018-07-26 04:13:00,18,7,26,4,13,760,497,VOIE RAPIDE SUD 3 (RN 33,49.38012,1.04817,Nuit sans éclairage public,Hors agglomération,Hors intersection,Normale,Trois véhicules et plus - collisions multiples,,,,,,,,,,,3,1,1,1.0,5.0
201800034032,0018-07-27 11:15:00,18,7,27,11,15,760,451,POUSSIN. RUE NICOLAS,49.46295,1.06921,Plein jour,En agglomération,Hors intersection,Normale,Autre collision,,,,,,,,,,,1,2,1,1.0,6.0
201800034033,0018-07-27 16:00:00,18,7,27,16,0,760,157,MAGASIN LECLERC (RUE DU,49.45835,1.04438,Plein jour,En agglomération,Hors intersection,Normale,Deux véhicules - côté,,,,,,,,,,,1,2,1,1.0,3.0
201800034034,0018-07-28 15:35:00,18,7,28,15,35,760,212,LYONS LA FORET. ROUTE DE,49.43179,1.15046,Plein jour,En agglomération,Hors intersection,Normale,Deux véhicules - côté,,,,,,,,,,,1,2,1,1.0,3.0
201800034035,0018-08-03 18:55:00,18,8,3,18,55,760,212,CARNOT. RUE SADI,49.44074,1.14656,Plein jour,En agglomération,Hors intersection,Normale,Autre collision,,,,,,,,,,,1,2,1,1.0,6.0
201800034036,0018-08-03 18:55:00,18,8,3,18,55,760,366,DIEPPE. ROUTE DE (EX DE,49.50708,1.04002,Plein jour,En agglomération,Intersection en T,Normale,Autre collision,,,,,,,,,,,1,2,3,1.0,6.0
201800034037,0018-08-04 11:45:00,18,8,4,11,45,760,540,RUE SAINT MAUR,49.45124,1.08795,Plein jour,En agglomération,Intersection en X,Normale,Deux véhicules - arrière,,,,,,,,,,,1,2,2,1.0,2.0
201800034038,0018-08-06 10:15:00,18,8,6,10,15,760,540,YSER. BOULEVARD DE L',49.44731,1.09523,Plein jour,En agglomération,Hors intersection,Normale,Autre collision,,,,,,,,,,,1,2,1,1.0,6.0
201800034039,0018-08-06 15:55:00,18,8,6,15,55,760,540,NEUFCHATEL. ROUTE DE,49.45217,1.10239,Plein jour,En agglomération,Hors intersection,Normale,Sans collision,,,,,,,,,,,1,2,1,1.0,7.0
201800034040,0018-08-07 23:44:00,18,8,7,23,44,760,540,EUROPE. BOULEVARD DE L',49.43112,1.07877,Nuit avec éclairage allumé,En agglomération,Hors intersection,Normale,Autre collision,,,,,,,,,,,5,2,1,1.0,6.0
201800034041,0018-08-08 16:20:00,18,8,8,16,20,760,540,D'ESTOUTEVILLE. RUE GUIL,49.45195,1.06906,Plein jour,En agglomération,Intersection en X,Normale,Deux véhicules - côté,,,,,,,,,,,1,2,2,1.0,3.0
201800034042,0018-08-12 02:05:00,18,8,12,2,5,760,540,VERDUN. BOULEVARD DE,49.44312,1.11275,Nuit avec éclairage allumé,En agglomération,Hors intersection,Normale,Autre collision,,,,,,,,,,,5,2,1,1.0,6.0
201800034043,0018-08-12 15:05:00,18,8,12,15,5,760,540,av  Bernard Bicheray,49.44984,1.05067,Plein jour,En agglomération,Hors intersection,Normale,Deux véhicules - arrière,,,,,,,,,,,1,2,1,1.0,2.0
201800034044,0018-08-16 18:45:00,18,8,16,18,45,760,212,RUE DE PREAUX,49.45334,1.18853,Plein jour,En agglomération,Hors intersection,Normale,Deux véhicules - frontale,,,,,,,,,,,1,2,1,1.0,1.0
201800034045,0018-08-18 16:10:00,18,8,18,16,10,760,540,BOULET. QUAI GASTON,49.44335,1.07751,Plein jour,En agglomération,Intersection en X,Normale,Deux véhicules - côté,,,,,,,,,,,1,2,2,1.0,3.0
201800034046,0018-08-19 06:15:00,18,8,19,6,15,760,103,REPUBLIQUE. RUE DE LA,49.42772,1.11193,Nuit avec éclairage allumé,En agglomération,Hors intersection,Normale,Deux véhicules - arrière,,,,,,,,,,,5,2,1,1.0,2.0
201800034047,0018-08-18 13:30:00,18,8,18,13,30,760,231,CARNOT. COURS,49.28702,1.01277,Plein jour,En agglomération,Hors intersection,Normale,Deux véhicules - côté,,,,,,,,,,,1,2,1,1.0,3.0
201800034048,0018-08-20 07:45:00,18,8,20,7,45,760,540,SAINT JULIEN. RUE,49.42388,1.06982,Plein jour,En agglomération,Intersection en X,Normale,Deux véhicules - côté,,,,,,,,,,,1,2,2,1.0,3.0
201800034049,0018-08-20 16:15:00,18,8,20,16,15,760,498,JAURES. AVENUE JEAN,49.42676,1.06299,Plein jour,En agglomération,Hors intersection,Normale,Autre collision,,,,,,,,,,,1,2,1,1.0,6.0
201800034050,0018-08-20 18:25:00,18,8,20,18,25,760,681,PERI. RUE GABRIEL,49.41342,1.09068,Plein jour,En agglomération,Hors intersection,Normale,Autre collision,,,,,,,,,,,1,2,1,1.0,6.0
201800034051,0018-08-31 16:05:00,18,8,31,16,5,760,231,MARTYRS. RUE DES,49.2885,1.00667,Plein jour,En agglomération,Intersection en X,Normale,Autre collision,,,,,,,,,,,1,2,2,1.0,6.0
201800034052,0018-08-31 10:00:00,18,8,31,10,0,760,540,pont mathilde,49.4286,1.10113,Plein jour,En agglomération,Hors intersection,Normale,Sans collision,,,,,,,,,,,1,2,1,1.0,7.0
201800034053,0018-08-31 12:25:00,18,8,31,12,25,760,540,BOISGUILBERT. QUAI DE,49.44294,1.07556,Plein jour,En agglomération,Hors intersection,Normale,Deux véhicules - arrière,,,,,,,,,,,1,2,1,1.0,2.0
201800034054,0018-08-31 15:00:00,18,8,31,15,0,760,231,rue anatole france,49.29278,1.00128,Plein jour,En agglomération,Intersection en T,Normale,Autre collision,,,,,,,,,,,1,2,3,1.0,6.0
201800034055,0018-09-05 14:30:00,18,9,5,14,30,760,212,ROUEN. ROUTE DE,49.43961,1.13899,Plein jour,En agglomération,Intersection en T,Normale,Deux véhicules - frontale,,,,,,,,,,,1,2,3,1.0,1.0
201800034056,0018-09-05 20:00:00,18,9,5,20,0,760,410,REPUBLIQUE. RUE DE LA,49.48241,1.04279,Plein jour,En agglomération,Intersection en X,Normale,Deux véhicules - côté,,,,,,,,,,,1,2,2,1.0,3.0
201800034057,0018-09-07 07:50:00,18,9,7,7,50,760,540,MAILLOTS SARRAZINS. RUE,49.43708,1.09768,Plein jour,En agglomération,Hors intersection,Normale,Deux véhicules - côté,,,,,,,,,,,1,2,1,1.0,3.0
201800034058,0018-09-06 18:02:00,18,9,6,18,2,760,366,RUE ARISTIDE briand,49.50923,1.0337,Plein jour,En agglomération,Hors intersection,Normale,Deux véhicules - arrière,,,,,,,,,,,1,2,1,1.0,2.0
201800034059,0018-09-08 19:15:00,18,9,8,19,15,760,540,ANGLAIS. RUE AUX,49.43202,1.0751,Crépuscule ou aube,En agglomération,Intersection en Y,Normale,Deux véhicules - côté,,,,,,,,,,,2,2,4,1.0,3.0
201800034060,0018-09-07 11:25:00,18,9,7,11,25,760,540,DARNETAL. ROUTE DE,49.43989,1.13114,Plein jour,En agglomération,Giratoire,Normale,Deux véhicules - arrière,,,,,,,,,,,1,2,6,1.0,2.0
201800034061,0018-09-09 07:00:00,18,9,9,7,0,760,681,SALVA. RUE LEON,49.41066,1.07888,Crépuscule ou aube,En agglomération,Intersection en X,Normale,Deux véhicules - côté,,,,,,,,,,,2,2,2,1.0,3.0
201800034062,0018-09-10 12:10:00,18,9,10,12,10,760,451,TRONQUET. RUE DU,49.4691,1.07691,Plein jour,En agglomération,Giratoire,Normale,Deux véhicules - côté,,,,,,,,,,,1,2,6,1.0,3.0
201800034063,0018-09-14 17:45:00,18,9,14,17,45,760,319,SEELZE. RUE DE,49.35356,1.00458,Plein jour,En agglomération,Intersection en X,Normale,Deux véhicules - côté,,,,,,,,,,,1,2,2,1.0,3.0
201800034064,0018-09-16 14:30:00,18,9,16,14,30,760,5,RN 15 (ROUTE DE PARIS),49.41751,1.11823,Plein jour,En agglomération,Hors intersection,Normale,Deux véhicules - côté,,,,,,,,,,,1,2,1,1.0,3.0
201800034065,0018-09-17 21:05:00,18,9,17,21,5,760,540,BOULET. QUAI GASTON,49.44177,1.08094,Nuit avec éclairage allumé,En agglomération,Hors intersection,Normale,Deux véhicules - côté,,,,,,,,,,,5,2,1,1.0,3.0
201800034066,0018-09-17 21:15:00,18,9,17,21,15,760,540,ROCADE Nord-Est,49.435,1.10603,Nuit avec éclairage allumé,En agglomération,Hors intersection,Normale,Deux véhicules - frontale,,,,,,,,,,,5,2,1,1.0,1.0
201800034067,0018-09-19 07:55:00,18,9,19,7,55,760,410,VAL AUX DAMES. AVENUE DU,49.47887,1.03523,Plein jour,En agglomération,Hors intersection,Normale,Autre collision,,,,,,,,,,,1,2,1,1.0,6.0
201800034068,0018-09-19 05:45:00,18,9,19,5,45,760,540,HAVRE. ROUTE DU,49.4522,1.05919,Nuit avec éclairage allumé,En agglomération,Intersection en X,Normale,Trois véhicules et plus - collisions multiples,,,,,,,,,,,5,2,2,1.0,5.0
201800034069,0018-09-19 16:05:00,18,9,19,16,5,760,540,LECAT. RUE DE,49.44628,1.08302,Plein jour,En agglomération,Intersection en X,Normale,Autre collision,,,,,,,,,,,1,2,2,1.0,6.0
201800034070,0018-09-19 18:40:00,18,9,19,18,40,760,103,BOIS BAGNERES. RUE DU,49.42831,1.13068,Plein jour,En agglomération,Giratoire,Normale,Deux véhicules - côté,,,,,,,,,,,1,2,6,1.0,3.0