accident_id,datetime,annee,mois,jour,heure,minute,departement,commune_insee,adresse,latitude,longitude,luminosite,agglomeration,intersection,meteo,collision,nb_vehicules,nb_usagers,nb_indemnes,nb_tues,nb_blesses_hosp,nb_blesses_legers,age_cond_1,age_cond_2,veh_type_cond_1,veh_type_cond_2,lum_code,agg_code,int_code,atm_code,col_code
201800034071,0018-09-21 07:50:00,18,9,21,7,50,760,540,YSER. BOULEVARD DE L',49.44775,1.1022,Crépuscule ou aube,En agglomération,Hors intersection,Normale,Autre collision,,,,,,,,,,,2,2,1,1.0,6.0
201800034072,0018-10-05 11:00:00,18,10,5,11,0,760,451,MONT AUX MALADES. AVENUE,49.46609,1.07121,Plein jour,En agglomération,Hors intersection,Normale,Deux véhicules - arrière,,,,,,,,,,,1,2,1,1.0,2.0
201800034073,0018-10-08 16:20:00,18,10,8,16,20,760,540,ALSACE LORRAINE. RUE,49.43424,1.07065,Plein jour,En agglomération,Intersection en T,Normale,Autre collision,,,,,,,,,,,1,2,3,1.0,6.0
201800034074,0018-09-07 05:10:00,18,9,7,5,10,760,540,BOURSE. QUAI (HAUT) DE L,49.43905,1.08826,Nuit avec éclairage allumé,En agglomération,Hors intersection,Pluie légère,Deux véhicules - côté,,,,,,,,,,,5,2,1,2.0,3.0
201800034075,0018-10-10 16:20:00,18,10,10,16,20,760,540,HAVRE. ROUTE DU,49.44983,1.06281,Plein jour,En agglomération,Hors intersection,Normale,Deux véhicules - arrière,,,,,,,,,,,1,2,1,1.0,2.0
201800034076,0018-10-11 12:15:00,18,10,11,12,15,760,498,GIRARDIN. BOULEVARD STAN,49.41315,1.06862,Plein jour,En agglomération,Autre intersection,Normale,Deux véhicules - côté,,,,,,,,,,,1,2,9,1.0,3.0
201800034077,0018-10-11 21:15:00,18,10,11,21,15,760,366,RUE DU GAL DE gaulle,49.50921,1.03929,Nuit avec éclairage allumé,En agglomération,Intersection en Y,Pluie légère,Autre collision,,,,,,,,,,,5,2,4,2.0,6.0
201800034078,0018-10-14 12:10:00,18,10,14,12,10,760,540,PONT MATHILDE,49.4348,1.10469,Plein jour,En agglomération,Hors intersection,Normale,Autre collision,,,,,,,,,,,1,2,1,1.0,6.0
201800034079,0018-10-12 07:50:00,18,10,12,7,50,760,681,RUE DE PARIS,49.41224,1.09911,Nuit avec éclairage allumé,En agglomération,Intersection en X,Normale,Deux véhicules - côté,,,,,,,,,,,5,2,2,1.0,3.0
201800034080,0018-10-15 08:20:00,18,10,15,8,20,760,402,RUE GEORGES PELLERIN,49.52613,1.03621,Plein jour,En agglomération,Hors intersection,Normale,Autre collision,,,,,,,,,,,1,2,1,1.0,6.0
201800034081,0018-10-16 11:20:00,18,10,16,11,20,760,540,RUE ALSACE LORRAINE,49.4384,1.10052,Plein jour,En agglomération,Intersection en T,Normale,Autre collision,,,,,,,,,,,1,2,3,1.0,6.0
201800034082,0018-10-16 12:30:00,18,10,16,12,30,760,540,ROUTE DE BONSECOURS,49.42863,1.11448,Plein jour,En agglomération,Intersection en T,Normale,Deux véhicules - côté,,,,,,,,,,,1,2,3,1.0,3.0
201800034083,0018-10-16 17:40:00,18,10,16,17,40,760,540,BOULEVARD DE L'EUROPE,49.43022,1.07885,Plein jour,En agglomération,Hors intersection,Normale,Trois véhicules et plus - en chaîne,,,,,,,,,,,1,2,1,1.0,4.0
201800034084,0018-10-16 18:00:00,18,10,16,18,0,760,108,EUROPE. AVENUE DE L' (CD,49.47807,1.1006,Plein jour,Hors agglomération,Giratoire,Normale,Trois véhicules et plus - collisions multiples,,,,,,,,,,,1,1,6,1.0,5.0
201800034085,0018-10-17 18:34:00,18,10,17,18,34,760,540,SAPINS. RUE DES,49.4477,1.11684,Plein jour,En agglomération,Intersection en T,Normale,Autre collision,,,,,,,,,,,1,2,3,1.0,6.0
201800034086,0018-10-17 08:20:00,18,10,17,8,20,760,540,BICHERAY. AVENUE DU COMM,49.44973,1.05035,Crépuscule ou aube,En agglomération,Intersection en X,Normale,Deux véhicules - côté,,,,,,,,,,,2,2,2,1.0,3.0
201800034087,0018-10-18 09:00:00,18,10,18,9,0,760,157,A150,49.45937,1.04414,Plein jour,Hors agglomération,Hors intersection,Normale,Trois véhicules et plus - en chaîne,,,,,,,,,,,1,1,1,1.0,4.0
201800034088,0018-10-23 09:55:00,18,10,23,9,55,760,540,rue jean mullot,49.42676,1.07887,Plein jour,En agglomération,Hors intersection,Normale,Deux véhicules - côté,,,,,,,,,,,1,2,1,1.0,3.0
201800034089,0018-10-25 19:15:00,18,10,25,19,15,760,540,MOULIN. QUAI (HAUT) JEAN,49.43488,1.09325,Nuit avec éclairage allumé,En agglomération,Intersection en X,Normale,Autre collision,,,,,,,,,,,5,2,2,1.0,6.0
201800034090,0018-10-26 08:15:00,18,10,26,8,15,760,410,AVENUE DU VAL AUX DAMES,49.48156,1.03678,Plein jour,En agglomération,Intersection en X,Normale,Deux véhicules - côté,,,,,,,,,,,1,2,2,1.0,3.0
201800034091,0018-10-26 16:20:00,18,10,26,16,20,760,108,BRETEQUE. CHEMIN DE LA,49.48163,1.10989,Plein jour,Hors agglomération,Giratoire,Normale,Deux véhicules - côté,,,,,,,,,,,1,1,6,1.0,3.0
201800034092,0018-10-26 18:30:00,18,10,26,18,30,760,402,FRESQUIENNES. ROUTE DE (,49.52758,1.02779,Plein jour,Hors agglomération,Hors intersection,Normale,Deux véhicules - frontale,,,,,,,,,,,1,1,1,1.0,1.0
201800034093,0018-10-29 16:00:00,18,10,29,16,0,760,540,DORMOY. RUE AMEDEE,49.44604,1.06622,Plein jour,En agglomération,Hors intersection,Normale,Autre collision,,,,,,,,,,,1,2,1,1.0,6.0
201800034094,0018-10-30 18:30:00,18,10,30,18,30,760,322,VOIE RAPIDE SUD 3 (RN 33,49.41795,1.04794,Nuit avec éclairage allumé,En agglomération,Hors intersection,Normale,Deux véhicules - arrière,,,,,,,,,,,5,2,1,1.0,2.0
201800034095,0018-11-02 20:10:00,18,11,2,20,10,760,540,LESSEPS. QUAI FERDINAND,49.44488,1.06787,Nuit avec éclairage allumé,En agglomération,Intersection en X,Normale,Deux véhicules - côté,,,,,,,,,,,5,2,2,1.0,3.0
201800034096,0018-11-05 21:05:00,18,11,5,21,5,760,497,MARITIME. BOULEVARD,49.39364,1.01881,Nuit sans éclairage public,Hors agglomération,Hors intersection,Normale,Deux véhicules - frontale,,,,,,,,,,,3,1,1,1.0,1.0
201800034097,0018-11-06 18:30:00,18,11,6,18,30,760,498,JAURES. AVENUE JEAN,49.42654,1.06209,Nuit avec éclairage allumé,En agglomération,Hors intersection,Normale,Autre collision,,,,,,,,,,,5,2,1,1.0,6.0
201800034098,0018-11-06 19:15:00,18,11,6,19,15,760,681,14 JUILLET. AVENUE DU,49.40641,1.09676,Nuit avec éclairage allumé,En agglomération,Intersection en X,Normale,Autre collision,,,,,,,,,,,5,2,2,1.0,6.0
201800034099,0018-11-12 13:30:00,18,11,12,13,30,760,474,CD 51 (RUE DE L'ABBAYE),49.49091,1.04159,Plein jour,En agglomération,Intersection en T,Normale,Deux véhicules - côté,,,,,,,,,,,1,2,3,1.0,3.0
201800034100,0018-11-13 11:50:00,18,11,13,11,50,760,451,SAKHAROV. RUE ANDREI DMI,49.47487,1.0914,Plein jour,En agglomération,Hors intersection,Normale,Autre collision,,,,,,,,,,,1,2,1,1.0,6.0
201800034101,0018-11-13 16:07:00,18,11,13,16,7,760,540,MONT RIBOUDET. AVENUE DU,49.44943,1.06316,Plein jour,En agglomération,Hors intersection,Normale,Deux véhicules - côté,,,,,,,,,,,1,2,1,1.0,3.0
201800034102,0018-11-15 08:40:00,18,11,15,8,40,760,108,CLERES. CHEMIN DE,49.47073,1.10982,Plein jour,En agglomération,Hors intersection,Brouillard / fumée,Autre collision,,,,,,,,,,,1,2,1,5.0,6.0
201800034103,0018-11-15 19:15:00,18,11,15,19,15,760,484,ROCHES. ROUTE DES (CD 18,49.33031,1.05916,Nuit avec éclairage allumé,En agglomération,Hors intersection,Normale,Deux véhicules - frontale,,,,,,,,,,,5,2,1,1.0,1.0
201800034104,0018-11-17 11:25:00,18,11,17,11,25,760,498,GAULLE. BOULEVARD CHARLE,49.41761,1.05662,Plein jour,En agglomération,Intersection en T,Normale,Deux véhicules - côté,,,,,,,,,,,1,2,3,1.0,3.0
201800034105,0018-11-16 12:15:00,18,11,16,12,15,760,540,LYONS LA FORET. ROUTE DE,49.43674,1.12469,Plein jour,En agglomération,Hors intersection,Normale,Autre collision,,,,,,,,,,,1,2,1,1.0,6.0
201800034106,0018-11-16 23:20:00,18,11,16,23,20,760,410,8 MAI 1945. RUE DU,49.47445,1.03702,Nuit avec éclairage allumé,En agglomération,Hors intersection,Normale,Autre collision,,,,,,,,,,,5,2,1,1.0,6.0
201800034107,0018-11-19 18:20:00,18,11,19,18,20,760,540,rue de la motte,49.43453,1.07186,Nuit avec éclairage allumé,En agglomération,Giratoire,Normale,Sans collision,,,,,,,,,,,5,2,6,1.0,7.0
201800034108,0018-11-20 01:40:00,18,11,20,1,40,760,484,ROCHES. ROUTE DES (CD 18,49.33064,1.06015,Nuit sans éclairage public,En agglomération,Hors intersection,Normale,Autre collision,,,,,,,,,,,3,2,1,1.0,6.0
201800034109,0018-11-20 08:30:00,18,11,20,8,30,760,474,ROUTE DE DIEPPE,49.49054,1.04917,Nuit avec éclairage allumé,En agglomération,Intersection en T,Normale,Autre collision,,,,,,,,,,,5,2,3,1.0,6.0
201800034110,0018-11-20 14:45:00,18,11,20,14,45,760,212,RN 31 (BOULEVARD DE LA P,49.43724,1.1428,Plein jour,Hors agglomération,Intersection en X,Normale,Deux véhicules - côté,,,,,,,,,,,1,1,2,1.0,3.0
201800034111,0018-11-20 18:00:00,18,11,20,18,0,760,216,RUE ARMAND DAUGE,49.46728,1.05261,Nuit avec éclairage allumé,En agglomération,Intersection en T,Normale,Autre collision,,,,,,,,,,,5,2,3,1.0,6.0
201800034112,0018-11-21 07:30:00,18,11,21,7,30,760,103,HAUTES HAIES. RUE DES,49.42485,1.12813,Nuit avec éclairage allumé,En agglomération,Giratoire,Normale,Autre collision,,,,,,,,,,,5,2,6,1.0,6.0
201800034113,0018-11-21 07:25:00,18,11,21,7,25,760,498,JAURES. AVENUE JEAN,49.42655,1.06209,Nuit avec éclairage allumé,En agglomération,Hors intersection,Normale,Autre collision,,,,,,,,,,,5,2,1,1.0,6.0
201800034114,0018-11-24 02:25:00,18,11,24,2,25,760,681,CD 18E (BOULEVARD INDUST,49.40294,1.11075,Nuit avec éclairage allumé,Hors agglomération,Intersection en X,Normale,Deux véhicules - côté,,,,,,,,,,,5,1,2,1.0,3.0
201800034115,0018-11-23 17:40:00,18,11,23,17,40,760,366,11 NOVEMBRE. RUE DU,49.52234,1.0346,Nuit avec éclairage allumé,En agglomération,Hors intersection,Normale,Deux véhicules - côté,,,,,,,,,,,5,2,1,1.0,3.0
201800034116,0018-11-26 11:50:00,18,11,26,11,50,760,540,quai de la bourse,49.43868,1.08953,Plein jour,En agglomération,Hors intersection,Normale,Deux véhicules - côté,,,,,,,,,,,1,2,1,1.0,3.0
201800034117,0018-11-26 17:43:00,18,11,26,17,43,760,540,N28,49.43863,1.12073,Nuit avec éclairage allumé,Hors agglomération,Hors intersection,Normale,Trois véhicules et plus - collisions multiples,,,,,,,,,,,5,1,1,1.0,5.0
201800034118,0018-10-18 17:15:00,18,10,18,17,15,760,391,138 RN,49.33125,0.91803,Plein jour,Hors agglomération,Intersection en T,Normale,Deux véhicules - côté,,,,,,,,,,,1,1,3,1.0,3.0
201800034119,0018-11-27 07:35:00,18,11,27,7,35,760,681,PARIS. RUE DE,49.41299,1.09849,Nuit avec éclairage allumé,En agglomération,Hors intersection,Pluie légère,Autre collision,,,,,,,,,,,5,2,1,2.0,6.0
201800034120,0018-11-27 18:33:00,18,11,27,18,33,760,216,MANOIR RIGAULT. RUE DU,49.45823,1.05333,Nuit avec éclairage allumé,En agglomération,Giratoire,Pluie légère,Deux véhicules - côté,,,,,,,,,,,5,2,6,2.0,3.0
201800034121,0018-11-29 14:45:00,18,11,29,14,45,760,157,SAHURS. ROUTE DE (CD 351,49.41567,0.99645,Plein jour,Hors agglomération,Hors intersection,Normale,Autre collision,,,,,,,,,,,1,1,1,1.0,6.0
201800034122,0018-12-01 12:55:00,18,12,1,12,55,760,540,pont mathilde,49.43024,1.10125,Plein jour,En agglomération,Hors intersection,Pluie légère,Deux véhicules - arrière,,,,,,,,,,,1,2,1,2.0,2.0
201800034123,0018-11-30 20:50:00,18,11,30,20,50,760,540,SOREL. RUE ALBERT,49.42816,1.08431,Nuit avec éclairage allumé,En agglomération,Intersection en X,Normale,Autre collision,,,,,,,,,,,5,2,2,1.0,6.0
201800034124,0018-12-04 22:30:00,18,12,4,22,30,760,484,RUE DU MUGUET,49.36044,1.09506,Nuit avec éclairage allumé,En agglomération,Intersection en T,Normale,Sans collision,,,,,,,,,,,5,2,3,1.0,7.0
201800034125,0018-12-07 14:30:00,18,12,7,14,30,760,540,DOCTEUR SEGUIN. RUE DU,49.4553,1.12491,Plein jour,En agglomération,Intersection en T,Normale,Autre collision,,,,,,,,,,,1,2,3,1.0,6.0
201800034126,0018-12-13 22:50:00,18,12,13,22,50,760,540,rue jeanne d'arc,49.4388,1.0886,Nuit avec éclairage allumé,En agglomération,Intersection en X,Normale,Deux véhicules - côté,,,,,,,,,,,5,2,2,1.0,3.0
201800034127,0018-12-18 20:50:00,18,12,18,20,50,760,157,QUAI DU DANEMARK.,49.4165,1.01435,Nuit avec éclairage allumé,Hors agglomération,Hors intersection,Pluie légère,Deux véhicules - frontale,,,,,,,,,,,5,1,1,2.0,1.0
201800034128,0018-12-21 04:30:00,18,12,21,4,30,760,540,quai  (haut) du havre,49.43975,1.08628,Nuit avec éclairage allumé,En agglomération,Hors intersection,Pluie forte,Autre collision,,,,,,,,,,,5,2,1,3.0,6.0
201800034129,0018-12-21 00:30:00,18,12,21,0,30,760,322,STALINGRAD. BOULEVARD DE,49.42771,1.0318,Nuit avec éclairage allumé,Hors agglomération,Hors intersection,Normale,Autre collision,,,,,,,,,,,5,1,1,1.0,6.0
201800034130,0018-12-21 05:30:00,18,12,21,5,30,760,705,BOULEVARD GABRIEL PERI,49.3233,1.09325,Nuit avec éclairage non allumé,Hors agglomération,Giratoire,Pluie forte,Autre collision,,,,,,,,,,,4,1,6,3.0,6.0
201800034131,0018-12-23 22:40:00,18,12,23,22,40,760,540,QUAI JACQUES ANQUETIL,49.43494,1.09377,Nuit avec éclairage allumé,En agglomération,Intersection en X,Pluie légère,Deux véhicules - côté,,,,,,,,,,,5,2,2,2.0,3.0
201800034132,0018-12-30 17:30:00,18,12,30,17,30,760,322,RN 138 (AVENUE DES CANAD,49.40203,1.06522,Nuit avec éclairage allumé,Hors agglomération,Intersection en T,Pluie légère,Deux véhicules - côté,,,,,,,,,,,5,1,3,2.0,3.0
201800034133,0018-01-06 23:15:00,18,1,6,23,15,770,108,D934,48.87796,2.6086,Nuit avec éclairage allumé,En agglomération,Hors intersection,Pluie légère,Sans collision,,,,,,,,,,,5,2,1,2.0,7.0
201800034134,0018-01-22 14:35:00,18,1,22,14,35,770,108,D34 X VC 4 AMERICAINS,48.89295,2.61003,Plein jour,En agglomération,Giratoire,Normale,Deux véhicules - frontale,,,,,,,,,,,1,2,6,1.0,1.0
201800034135,0018-01-25 09:33:00,18,1,25,9,33,770,108,"38, RESISTANCE (AVENUE D",48.87668,2.58478,Plein jour,En agglomération,Hors intersection,Pluie légère,Autre collision,,,,,,,,,,,1,2,1,2.0,6.0
201800034136,0018-03-13 03:20:00,18,3,13,3,20,770,108,"D34 - 41, AV. DE CLAYE",48.88263,2.60076,Nuit avec éclairage allumé,En agglomération,Hors intersection,Pluie forte,Autre collision,,,,,,,,,,,5,2,1,3.0,6.0
201800034137,0018-03-26 10:45:00,18,3,26,10,45,770,108,DIGOY (AVENUE GEORGES),48.88048,2.57919,Plein jour,En agglomération,Intersection en X,Normale,Deux véhicules - côté,,,,,,,,,,,1,2,2,1.0,3.0
201800034138,0018-03-30 19:15:00,18,3,30,19,15,770,108,RESISTANCE (AVENUE DE LA,48.87649,2.58454,Plein jour,En agglomération,Intersection en X,Normale,Autre collision,,,,,,,,,,,1,2,2,1.0,6.0
201800034139,0018-04-06 16:00:00,18,4,6,16,0,770,479,RUELLE AUX LOUPS (CHEMIN,48.86493,2.6339,Plein jour,Hors agglomération,Hors intersection,Normale,Deux véhicules - arrière,,,,,,,,,,,1,1,1,1.0,2.0
201800034140,0018-04-20 16:45:00,18,4,20,16,45,770,479,RUELLE AUX LOUPS (CHEMIN,48.86406,2.63659,Plein jour,Hors agglomération,Hors intersection,Normale,Autre collision,,,,,,,,,,,1,1,1,1.0,6.0
201800034141,0018-05-01 14:18:00,18,5,1,14,18,770,108,D224 x D34,48.87939,2.59711,Plein jour,En agglomération,Intersection en X,Normale,Deux véhicules - arrière,,,,,,,,,,,1,2,2,1.0,2.0
201800034142,0018-05-01 15:35:00,18,5,1,15,35,770,517,CD105,48.92118,2.65001,Plein jour,Hors agglomération,Hors intersection,Normale,Deux véhicules - arrière,,,,,,,,,,,1,1,1,1.0,2.0
201800034143,0018-05-04 11:45:00,18,5,4,11,45,770,55,REPUBLIQUE (AVENUE DE LA,48.88202,2.62642,Plein jour,En agglomération,Intersection en T,Normale,Deux véhicules - arrière,,,,,,,,,,,1,2,3,1.0,2.0
201800034144,0018-05-21 17:25:00,18,5,21,17,25,770,108,LAENNEC (RUE),48.9031,2.60287,Plein jour,En agglomération,Hors intersection,Normale,Autre collision,,,,,,,,,,,1,2,1,1.0,6.0
201800034145,0018-06-21 18:48:00,18,6,21,18,48,770,479,RUES PECHEURS/PASTEUR,48.86927,2.63001,Plein jour,En agglomération,Intersection en T,Temps éblouissant,Deux véhicules - côté,,,,,,,,,,,1,2,3,7.0,3.0
201800034146,0018-07-06 16:00:00,18,7,6,16,0,770,517,D404 X D105,48.9119,2.67972,Plein jour,Hors agglomération,Intersection en X,Normale,Deux véhicules - côté,,,,,,,,,,,1,1,2,1.0,3.0
201800034147,0018-07-08 14:00:00,18,7,8,14,0,770,479,CORPS DE GARDE (CHEMIN D,48.8684,2.6218,Plein jour,En agglomération,Autre intersection,Normale,Autre collision,,,,,,,,,,,1,2,9,1.0,6.0
201800034148,0018-09-12 12:20:00,18,9,12,12,20,770,108,D34 X D934,48.87574,2.59629,Plein jour,En agglomération,Intersection en X,Normale,Autre collision,,,,,,,,,,,1,2,2,1.0,6.0
201800034149,0018-09-17 10:20:00,18,9,17,10,20,770,479,MELET (BOULEVARD CONSTAN,48.87347,2.64062,Plein jour,En agglomération,Autre intersection,Normale,Autre collision,,,,,,,,,,,1,2,9,1.0,6.0
201800034150,0018-10-29 17:00:00,18,10,29,17,0,770,108,NAST (RUE GUSTAVE),48.88564,2.58662,Plein jour,En agglomération,Giratoire,Pluie légère,Deux véhicules - côté,,,,,,,,,,,1,2,6,2.0,3.0
201800034151,0018-12-17 11:00:00,18,12,17,11,0,770,108,D224 - AV. JEAN JAURES,48.88064,2.5941,Plein jour,En agglomération,Giratoire,Normale,Autre collision,,,,,,,,,,,1,2,6,1.0,6.0
201800034152,0018-12-30 17:50:00,18,12,30,17,50,770,517,D34,48.91078,2.63948,Plein jour,Hors agglomération,Hors intersection,Autre,Autre collision,,,,,,,,,,,1,1,1,9.0,6.0
201800034153,0018-03-15 10:30:00,18,3,15,10,30,770,111,HERGE ( AVENUE),48.86194,2.78218,Plein jour,En agglomération,Autre intersection,Temps couvert,Autre collision,,,,,,,,,,,1,2,9,8.0,6.0
201800034154,0018-06-19 16:15:00,18,6,19,16,15,770,268,RD 93,48.87624,2.82458,Plein jour,Hors agglomération,Intersection en T,Normale,Trois véhicules et plus - en chaîne,,,,,,,,,,,1,1,3,1.0,4.0
201800034155,0018-07-02 20:03:00,18,7,2,20,3,770,449,DANUBE ( COURS DU ),48.8547,2.77497,Plein jour,En agglomération,Intersection en X,Normale,Autre collision,,,,,,,,,,,1,2,2,1.0,6.0
201800034156,0018-10-03 20:21:00,18,10,3,20,21,770,268,RD 93,48.87447,2.82326,Nuit sans éclairage public,Hors agglomération,Hors intersection,Normale,Deux véhicules - côté,,,,,,,,,,,3,1,1,1.0,3.0
201800034157,0018-09-27 11:19:00,18,9,27,11,19,770,449,D231 X D88A X BRET. A4,48.83204,2.79828,Plein jour,Hors agglomération,Giratoire,Normale,Deux véhicules - arrière,,,,,,,,,,,1,1,6,1.0,2.0
201800034158,0018-10-19 18:30:00,18,10,19,18,30,770,268,CLE DES CHAMPS ( RUE DE,48.86748,2.81471,Plein jour,En agglomération,Intersection en X,Normale,Deux véhicules - frontale,,,,,,,,,,,1,2,2,1.0,1.0
201800034159,0018-01-01 09:20:00,18,1,1,9,20,770,320,"D934 - 821, G. DE GAULLE",48.82797,3.0319,Plein jour,En agglomération,Hors intersection,Temps couvert,Deux véhicules - frontale,,,,,,,,,,,1,2,1,8.0,1.0
201800034160,0018-02-01 13:40:00,18,2,1,13,40,770,320,"67, GENERAL DE GAULLE (A",48.82403,3.04052,Plein jour,En agglomération,Intersection en T,Temps couvert,Deux véhicules - côté,,,,,,,,,,,1,2,3,8.0,3.0
201800034161,0018-02-04 19:00:00,18,2,4,19,0,770,131,GENERAL LECLERC (RUE DU),48.81402,3.07287,Nuit avec éclairage allumé,En agglomération,Hors intersection,Pluie légère,Deux véhicules - arrière,,,,,,,,,,,5,2,1,2.0,2.0
201800034162,0018-03-03 20:26:00,18,3,3,20,26,770,131,STRASBOURG (AVENUE DE),48.80861,3.08307,Nuit avec éclairage non allumé,En agglomération,Giratoire,Pluie légère,Autre collision,,,,,,,,,,,4,2,6,2.0,6.0
201800034163,0018-03-11 20:45:00,18,3,11,20,45,770,320,"678, RUE DES CHALVERGNES",48.81068,3.06052,Nuit avec éclairage allumé,En agglomération,Hors intersection,Normale,Sans collision,,,,,,,,,,,5,2,1,1.0,7.0
201800034164,0018-03-19 14:55:00,18,3,19,14,55,770,42,D66 X D37,48.81659,3.13252,Plein jour,En agglomération,Intersection en X,Normale,Deux véhicules - côté,,,,,,,,,,,1,2,2,1.0,3.0
201800034165,0018-03-04 09:50:00,18,3,4,9,50,770,42,D37,48.82797,3.13902,Plein jour,Hors agglomération,Hors intersection,Normale,Deux véhicules - frontale,,,,,,,,,,,1,1,1,1.0,1.0
201800034166,0018-05-04 15:40:00,18,5,4,15,40,770,131,VERCORS (RUE DU),48.8086,3.07562,Plein jour,En agglomération,Autre intersection,Normale,Autre collision,,,,,,,,,,,1,2,9,1.0,6.0
201800034167,0018-06-08 19:10:00,18,6,8,19,10,770,400,SAPINS (RUE DES),48.79813,3.01795,Plein jour,En agglomération,Hors intersection,Normale,Autre collision,,,,,,,,,,,1,2,1,1.0,6.0
201800034168,0018-06-16 20:20:00,18,6,16,20,20,770,70,D 934,48.79499,3.10501,Plein jour,Hors agglomération,Hors intersection,Normale,Autre collision,,,,,,,,,,,1,1,1,1.0,6.0
201800034169,0018-06-29 23:05:00,18,6,29,23,5,770,131,MARGATS (RUE DES),48.80921,3.10177,Nuit avec éclairage allumé,En agglomération,Hors intersection,Normale,Deux véhicules - frontale,,,,,,,,,,,5,2,1,1.0,1.0
201800034170,0018-06-20 11:10:00,18,6,20,11,10,770,131,MARCEL CLAVIER (RUE),48.80939,3.09035,Plein jour,En agglomération,Giratoire,Normale,Deux véhicules - côté,,,,,,,,,,,1,2,6,1.0,3.0
201800034171,0018-08-03 20:15:00,18,8,3,20,15,770,131,D222 X ENTREE PARKING,48.81488,3.08551,Plein jour,En agglomération,Intersection en T,Normale,Deux véhicules - frontale,,,,,,,,,,,1,2,3,1.0,1.0
201800034172,0018-08-02 16:40:00,18,8,2,16,40,770,131,D402 - AV. JEHAN DE BRIE,48.81693,3.08663,Plein jour,En agglomération,Hors intersection,Normale,Sans collision,,,,,,,,,,,1,2,1,1.0,7.0
201800034173,0018-08-26 01:20:00,18,8,26,1,20,770,320,D934 X RUE DES ALLELUIAS,48.82399,3.04045,Nuit avec éclairage allumé,En agglomération,Intersection en T,Normale,Deux véhicules - frontale,,,,,,,,,,,5,2,3,1.0,1.0
201800034174,0018-08-25 11:45:00,18,8,25,11,45,770,131,D402 (DEVIATION),48.79507,3.0898,Plein jour,Hors agglomération,Hors intersection,Normale,Autre collision,,,,,,,,,,,1,1,1,1.0,6.0
201800034175,0018-10-14 17:10:00,18,10,14,17,10,770,42,CROIX BLANCHE (RUE DE LA,48.82625,3.13785,Plein jour,En agglomération,Intersection en T,Normale,Deux véhicules - côté,,,,,,,,,,,1,2,3,1.0,3.0
201800034176,0018-11-19 17:30:00,18,11,19,17,30,770,13,D402 - 53+744 annoncé,48.84182,3.08773,Nuit sans éclairage public,Hors agglomération,Hors intersection,Pluie légère,Deux véhicules - côté,,,,,,,,,,,3,1,1,2.0,3.0
201800034177,0018-12-14 19:09:00,18,12,14,19,9,770,131,D402 X RUE PIDOUX DE M.,48.82602,3.08731,Nuit avec éclairage allumé,En agglomération,Intersection en X,Temps couvert,Autre collision,,,,,,,,,,,5,2,2,8.0,6.0
201800034178,0018-12-22 18:20:00,18,12,22,18,20,770,131,MONTBILLARD (RUE DU),48.8215,3.09408,Nuit avec éclairage allumé,En agglomération,Hors intersection,Pluie légère,Autre collision,,,,,,,,,,,5,2,1,2.0,6.0
201800034179,0018-01-10 03:50:00,18,1,10,3,50,770,186,"78, GRANDE (RUE)",48.40591,2.70206,Nuit avec éclairage allumé,En agglomération,Hors intersection,Pluie légère,Autre collision,,,,,,,,,,,5,2,1,2.0,6.0
201800034180,0018-01-18 19:35:00,18,1,18,19,35,770,186,RD116,48.43285,2.71289,Nuit sans éclairage public,Hors agglomération,Hors intersection,Temps couvert,Deux véhicules - frontale,,,,,,,,,,,3,1,1,8.0,1.0
201800034181,0018-01-31 12:00:00,18,1,31,12,0,770,186,GRANDE (RUE),48.40515,2.70128,Plein jour,En agglomération,Intersection en X,Autre,Autre collision,,,,,,,,,,,1,2,2,9.0,6.0
201800034182,0018-02-19 19:20:00,18,2,19,19,20,770,186,RD 142,48.46863,2.6675,Nuit sans éclairage public,Hors agglomération,Hors intersection,Normale,Deux véhicules - frontale,,,,,,,,,,,3,1,1,1.0,1.0
201800034183,0018-03-09 00:25:00,18,3,9,0,25,770,186,RD607,48.43252,2.65918,Nuit sans éclairage public,Hors agglomération,Hors intersection,Normale,Autre collision,,,,,,,,,,,3,1,1,1.0,6.0
201800034184,0018-03-19 08:35:00,18,3,19,8,35,770,186,CONSTANCE (BOULEVARD DE,48.40372,2.6871,Plein jour,Hors agglomération,Hors intersection,Temps couvert,Deux véhicules - arrière,,,,,,,,,,,1,1,1,8.0,2.0
201800034185,0018-04-02 16:10:00,18,4,2,16,10,770,186,RD148,48.35484,2.76276,Plein jour,Hors agglomération,Hors intersection,Normale,Trois véhicules et plus - en chaîne,,,,,,,,,,,1,1,1,1.0,4.0
201800034186,0018-04-20 06:00:00,18,4,20,6,0,770,186,D210 - B.GENERAL LECLERC,48.41297,2.70699,Crépuscule ou aube,En agglomération,Intersection en X,Normale,Deux véhicules - côté,,,,,,,,,,,2,2,2,1.0,3.0
201800034187,0018-04-22 16:55:00,18,4,22,16,55,770,186,D301E2 - GARE THOMERY,48.39532,2.76401,Plein jour,Hors agglomération,Hors intersection,Normale,Deux véhicules - arrière,,,,,,,,,,,1,1,1,1.0,2.0
201800034188,0018-06-26 18:00:00,18,6,26,18,0,770,186,D142 X D115,48.48085,2.66695,Plein jour,Hors agglomération,Intersection en X,Temps éblouissant,Trois véhicules et plus - collisions multiples,,,,,,,,,,,1,1,2,7.0,5.0