accident_id,datetime,annee,mois,jour,heure,minute,departement,commune_insee,adresse,latitude,longitude,luminosite,agglomeration,intersection,meteo,collision,nb_vehicules,nb_usagers,nb_indemnes,nb_tues,nb_blesses_hosp,nb_blesses_legers,age_cond_1,age_cond_2,veh_type_cond_1,veh_type_cond_2,lum_code,agg_code,int_code,atm_code,col_code
201800034544,0018-08-25 15:30:00,18,8,25,15,30,770,332,D9 - R. DES TROIS VILLES,49.00873,2.68118,Plein jour,Hors agglomération,Hors intersection,Temps couvert,Deux véhicules - arrière,,,,,,,,,,,1,1,1,8.0,2.0
201800034545,0018-08-26 01:20:00,18,8,26,1,20,770,118,ROUTE NATIONALE 3,48.94202,2.6435,Nuit sans éclairage public,Hors agglomération,Hors intersection,Normale,Autre collision,,,,,,,,,,,3,1,1,1.0,6.0
201800034546,0018-08-29 15:30:00,18,8,29,15,30,770,294,ROUTE NATIONALE 2,48.99689,2.63088,Plein jour,Hors agglomération,Autre intersection,Pluie légère,Deux véhicules - arrière,,,,,,,,,,,1,1,9,2.0,2.0
201800034547,0018-08-30 19:00:00,18,8,30,19,0,770,294,RN 2,48.98677,2.60844,Plein jour,Hors agglomération,Hors intersection,Temps couvert,Deux véhicules - arrière,,,,,,,,,,,1,1,1,8.0,2.0
201800034548,0018-09-01 11:00:00,18,9,1,11,0,770,118,DEPARTEMENTAL 212 (ROUTE,48.94528,2.66739,Plein jour,En agglomération,Autre intersection,Normale,Sans collision,,,,,,,,,,,1,2,9,1.0,7.0
201800034549,0018-09-02 13:25:00,18,9,2,13,25,770,123,N1104/Bretelle,49.0021,2.6327,Plein jour,Hors agglomération,Autre intersection,Normale,Autre collision,,,,,,,,,,,1,1,9,1.0,6.0
201800034550,0018-09-02 18:40:00,18,9,2,18,40,770,514,JEAN JAURES (RUE),48.93924,2.61432,Plein jour,En agglomération,Hors intersection,Normale,Autre collision,,,,,,,,,,,1,2,1,1.0,6.0
201800034551,0018-09-05 09:40:00,18,9,5,9,40,770,294,RD84 X BRET. A104 NORD,48.9652,2.60582,Plein jour,Hors agglomération,Giratoire,Temps couvert,Deux véhicules - côté,,,,,,,,,,,1,1,6,8.0,3.0
201800034552,0018-09-15 00:01:00,18,9,15,0,1,770,292,MOULIGNON (RUE DE),48.96712,2.6987,Nuit avec éclairage allumé,En agglomération,Intersection en X,Normale,Deux véhicules - côté,,,,,,,,,,,5,2,2,1.0,3.0
201800034553,0018-09-16 22:30:00,18,9,16,22,30,770,123,N1104 X D212,48.99701,2.64431,Nuit sans éclairage public,Hors agglomération,Giratoire,Normale,Sans collision,,,,,,,,,,,3,1,6,1.0,7.0
201800034554,0018-09-18 09:25:00,18,9,18,9,25,770,514,ROUTE NATIONALE 3,48.94114,2.63135,Plein jour,Hors agglomération,Hors intersection,Normale,Trois véhicules et plus - en chaîne,,,,,,,,,,,1,1,1,1.0,4.0
201800034555,0018-09-20 14:45:00,18,9,20,14,45,770,462,D9 - R. DES TROIS VILLES,49.00777,2.67144,Plein jour,En agglomération,Hors intersection,Normale,Sans collision,,,,,,,,,,,1,2,1,1.0,7.0
201800034556,0018-09-21 01:45:00,18,9,21,1,45,770,514,D105 X CH. DE COURONNE,48.93921,2.60935,Nuit sans éclairage public,En agglomération,Intersection en T,Temps couvert,Deux véhicules - côté,,,,,,,,,,,3,2,3,8.0,3.0
201800034557,0018-09-24 06:55:00,18,9,24,6,55,770,123,N1104 X D212,48.9971,2.6448,Crépuscule ou aube,Hors agglomération,Giratoire,Normale,Deux véhicules - arrière,,,,,,,,,,,2,1,6,1.0,2.0
201800034558,0018-09-28 18:50:00,18,9,28,18,50,770,123,CD 212,48.97482,2.66087,Plein jour,Hors agglomération,Hors intersection,Normale,Trois véhicules et plus - en chaîne,,,,,,,,,,,1,1,1,1.0,4.0
201800034559,0018-10-02 07:30:00,18,10,2,7,30,770,514,CHARLES GIDE (AVENUE),48.94593,2.60303,Crépuscule ou aube,En agglomération,Intersection en X,Normale,Deux véhicules - côté,,,,,,,,,,,2,2,2,1.0,3.0
201800034560,0018-10-08 23:29:00,18,10,8,23,29,770,514,JEAN MONNET (AVENUE),48.93931,2.62208,Nuit sans éclairage public,En agglomération,Intersection en Y,Normale,Deux véhicules - frontale,,,,,,,,,,,3,2,4,1.0,1.0
201800034561,0018-10-13 07:45:00,18,10,13,7,45,770,294,ENTREPRENEURS (AVENUE),48.954,2.6009,Crépuscule ou aube,En agglomération,Autre intersection,Normale,Autre collision,,,,,,,,,,,2,2,9,1.0,6.0
201800034562,0018-10-17 07:00:00,18,10,17,7,0,770,514,8 MAI 1945 (AVENUE DU),48.93629,2.61074,Nuit avec éclairage allumé,En agglomération,Intersection en Y,Normale,Autre collision,,,,,,,,,,,5,2,4,1.0,6.0
201800034563,0018-10-19 08:40:00,18,10,19,8,40,770,118,DEPARTEMENTAL 212 (ROUTE,48.9436,2.66675,Plein jour,En agglomération,Intersection en T,Normale,Deux véhicules - côté,,,,,,,,,,,1,2,3,1.0,3.0
201800034564,0018-10-31 09:00:00,18,10,31,9,0,770,462,ROUTE NATIONALE 2,49.02453,2.66717,Plein jour,Hors agglomération,Hors intersection,Normale,Deux véhicules - arrière,,,,,,,,,,,1,1,1,1.0,2.0
201800034565,0018-10-31 12:35:00,18,10,31,12,35,770,294,CD84,48.9676,2.6075,Plein jour,Hors agglomération,Autre intersection,Normale,Autre collision,,,,,,,,,,,1,1,9,1.0,6.0
201800034566,0018-11-04 01:10:00,18,11,4,1,10,770,292,D139,48.96558,2.68128,Nuit sans éclairage public,En agglomération,Hors intersection,Brouillard / fumée,Sans collision,,,,,,,,,,,3,2,1,5.0,7.0
201800034567,0018-11-05 05:40:00,18,11,5,5,40,770,462,ROUTE NATIONALE 2,49.02676,2.66942,Nuit sans éclairage public,Hors agglomération,Hors intersection,Normale,Deux véhicules - arrière,,,,,,,,,,,3,1,1,1.0,2.0
201800034568,0018-11-10 00:01:00,18,11,10,0,1,770,118,PARKING C. COMMERCIAL,48.94494,2.662,Nuit sans éclairage public,En agglomération,Hors intersection,Normale,Autre collision,,,,,,,,,,,3,2,1,1.0,6.0
201800034569,0018-11-12 09:30:00,18,11,12,9,30,770,118,D34 X ACCES RIVERAIN,48.93375,2.66755,Plein jour,Hors agglomération,Autre intersection,Pluie légère,Trois véhicules et plus - en chaîne,,,,,,,,,,,1,1,9,2.0,4.0
201800034570,0018-11-09 17:30:00,18,11,9,17,30,770,292,D139 X D404,48.96711,2.69885,Nuit avec éclairage allumé,En agglomération,Intersection en X,Normale,Deux véhicules - côté,,,,,,,,,,,5,2,2,1.0,3.0
201800034571,0018-11-16 00:01:00,18,11,16,0,1,770,123,CD 212,48.99728,2.64393,Nuit sans éclairage public,Hors agglomération,Giratoire,Brouillard / fumée,Autre collision,,,,,,,,,,,3,1,6,5.0,6.0
201800034572,0018-11-19 18:15:00,18,11,19,18,15,770,294,D84 X AV DES FRENES,48.95621,2.60334,Nuit avec éclairage allumé,En agglomération,Intersection en X,Normale,Deux véhicules - côté,,,,,,,,,,,5,2,2,1.0,3.0
201800034573,0018-11-19 18:35:00,18,11,19,18,35,770,118,BRET. N3 PARIS X D34E,48.94353,2.66713,Nuit avec éclairage allumé,Hors agglomération,Autre intersection,Temps couvert,Deux véhicules - arrière,,,,,,,,,,,5,1,9,8.0,2.0
201800034574,0018-12-11 17:30:00,18,12,11,17,30,770,294,RTE PERIPH. SUD X D84,48.99125,2.59956,Nuit sans éclairage public,Hors agglomération,Intersection en T,Normale,Trois véhicules et plus - collisions multiples,,,,,,,,,,,3,1,3,1.0,5.0
201800034575,0018-12-12 16:40:00,18,12,12,16,40,770,294,D 9,48.97474,2.59227,Crépuscule ou aube,Hors agglomération,Hors intersection,Temps couvert,Deux véhicules - arrière,,,,,,,,,,,2,1,1,8.0,2.0
201800034576,0018-12-12 20:20:00,18,12,12,20,20,770,294,D84 - AV. J. B. CLEMENT,48.95712,2.60239,Nuit avec éclairage allumé,En agglomération,Hors intersection,Normale,Deux véhicules - côté,,,,,,,,,,,5,2,1,1.0,3.0
201800034577,0018-12-17 08:30:00,18,12,17,8,30,770,514,D105 X AV. 18 MAI 1945,48.93868,2.60499,Plein jour,En agglomération,Intersection en T,Normale,Autre collision,,,,,,,,,,,1,2,3,1.0,6.0
201800034578,0018-12-17 10:30:00,18,12,17,10,30,770,294,D139 - CLAYE (ROUTE DE),48.97194,2.64,Plein jour,En agglomération,Hors intersection,Normale,Autre collision,,,,,,,,,,,1,2,1,1.0,6.0
201800034579,0018-12-18 11:00:00,18,12,18,11,0,770,123,CD 212,48.9862,2.65817,Plein jour,Hors agglomération,Hors intersection,Normale,Trois véhicules et plus - en chaîne,,,,,,,,,,,1,1,1,1.0,4.0
201800034580,0018-12-21 00:05:00,18,12,21,0,5,770,123,N1104 X BRET. ACCES N2,48.99807,2.64254,Nuit sans éclairage public,Hors agglomération,Autre intersection,Normale,Autre collision,,,,,,,,,,,3,1,9,1.0,6.0
201800034581,0018-12-23 12:20:00,18,12,23,12,20,770,118,D34E X BRET. N3 PARIS,48.9432,2.66666,Plein jour,Hors agglomération,Autre intersection,Normale,Deux véhicules - arrière,,,,,,,,,,,1,1,9,1.0,2.0
201800034582,0018-12-25 15:05:00,18,12,25,15,5,770,514,LIBERATION (RUE DE LA),48.9466,2.5967,Plein jour,En agglomération,Intersection en X,Normale,Sans collision,,,,,,,,,,,1,2,2,1.0,7.0
201800034583,0018-01-21 18:00:00,18,1,21,18,0,780,672,ORGEVAL ROUTE D',48.93213,1.99,Nuit sans éclairage public,Hors agglomération,Intersection en T,Pluie légère,Autre collision,,,,,,,,,,,3,1,3,2.0,6.0
201800034584,0018-01-18 11:40:00,18,1,18,11,40,780,498,"22, GAMBETTA Bd",48.93082,2.04619,Plein jour,En agglomération,Autre intersection,Pluie légère,Deux véhicules - côté,,,,,,,,,,,1,2,9,2.0,3.0
201800034585,0018-01-15 15:10:00,18,1,15,15,10,780,498,"1, QUATORZE JUILLETCOURS",48.86272,2.28759,Plein jour,En agglomération,Hors intersection,Pluie légère,Deux véhicules - arrière,,,,,,,,,,,1,2,1,2.0,2.0
201800034586,0018-02-20 20:15:00,18,2,20,20,15,780,498,"1, MALADRERIE AV DE LA",48.86272,2.28759,Nuit sans éclairage public,En agglomération,Hors intersection,Pluie légère,Autre collision,,,,,,,,,,,3,2,1,2.0,6.0
201800034587,0018-02-16 23:30:00,18,2,16,23,30,780,498,RD30,48.90705,2.01463,Nuit sans éclairage public,Hors agglomération,Hors intersection,Normale,Sans collision,,,,,,,,,,,3,1,1,1.0,7.0
201800034588,0018-02-26 09:50:00,18,2,26,9,50,780,643,TRIEL AVENUE DE,48.97798,1.9959,Plein jour,En agglomération,Intersection en T,Normale,Deux véhicules - côté,,,,,,,,,,,1,2,3,1.0,3.0
201800034589,0018-01-12 21:30:00,18,1,12,21,30,780,498,URSULINES AV DES,48.92648,2.03849,Nuit avec éclairage allumé,En agglomération,Intersection en X,Normale,Deux véhicules - côté,,,,,,,,,,,5,2,2,1.0,3.0
201800034590,0018-03-10 11:20:00,18,3,10,11,20,780,123,"124, BERTAUX RUE MAURICE",48.9424,2.0268,Plein jour,En agglomération,Hors intersection,Pluie légère,Autre collision,,,,,,,,,,,1,2,1,2.0,6.0
201800034591,0018-02-16 07:40:00,18,2,16,7,40,780,498,"25, CEP AVENUE DU",48.55434,2.22982,Nuit avec éclairage allumé,En agglomération,Autre intersection,Normale,Autre collision,,,,,,,,,,,5,2,9,1.0,6.0
201800034592,0018-02-18 06:50:00,18,2,18,6,50,780,498,MALADRERIE AV DE LA,48.91823,2.02683,Nuit avec éclairage allumé,En agglomération,Intersection en T,Normale,Autre collision,,,,,,,,,,,5,2,3,1.0,6.0
201800034593,0018-02-10 19:00:00,18,2,10,19,0,780,123,REINE BLANCHE RUE,48.9432,2.0288,Plein jour,En agglomération,Intersection en T,Normale,Deux véhicules - côté,,,,,,,,,,,1,2,3,1.0,3.0
201800034594,0018-03-10 16:05:00,18,3,10,16,5,780,498,"27, MIGNEAUX RUE DE",48.9204,2.0151,Plein jour,En agglomération,Hors intersection,Normale,Trois véhicules et plus - collisions multiples,,,,,,,,,,,1,2,1,1.0,5.0
201800034595,0018-03-30 00:01:00,18,3,30,0,1,780,384,AULNES  (RUE DES),48.57194,1.58503,Nuit avec éclairage allumé,En agglomération,Hors intersection,Normale,Autre collision,,,,,,,,,,,5,2,1,1.0,6.0
201800034596,0018-04-30 13:10:00,18,4,30,13,10,780,138,,48.97984,2.03293,Plein jour,En agglomération,Hors intersection,Autre,Autre collision,,,,,,,,,,,1,2,1,9.0,6.0
201800034597,0018-03-19 08:00:00,18,3,19,8,0,780,498,PONTOISE AV DE,48.94414,2.06192,Plein jour,Hors agglomération,Hors intersection,Autre,Autre collision,,,,,,,,,,,1,1,1,9.0,6.0
201800034598,0018-04-25 15:45:00,18,4,25,15,45,780,123,Mac Donald's,48.94301,2.02941,Plein jour,En agglomération,Autre intersection,Normale,Autre collision,,,,,,,,,,,1,2,9,1.0,6.0
201800034599,0018-05-19 20:00:00,18,5,19,20,0,780,138,place de l'Eté Vert,48.99898,2.10406,Plein jour,Hors agglomération,Hors intersection,Normale,Autre collision,,,,,,,,,,,1,1,1,1.0,6.0
201800034600,0018-05-20 01:23:00,18,5,20,1,23,780,123,JOLLY RUE ERNEST,48.94223,2.03412,Nuit avec éclairage allumé,En agglomération,Hors intersection,Normale,Sans collision,,,,,,,,,,,5,2,1,1.0,7.0
201800034601,0018-05-11 17:50:00,18,5,11,17,50,780,624,FRERES LEIRIS RUE DES,48.99438,2.01989,Plein jour,En agglomération,Autre intersection,Normale,Deux véhicules - frontale,,,,,,,,,,,1,2,9,1.0,1.0
201800034602,0018-06-05 08:35:00,18,6,5,8,35,780,642,ROUILLARD CHEMIN DU,48.99926,2.1041,Plein jour,En agglomération,Giratoire,Pluie légère,Sans collision,,,,,,,,,,,1,2,6,2.0,7.0
201800034603,0018-06-05 19:50:00,18,6,5,19,50,780,642,MEULAN ROUTE DE CD154,48.98404,1.96686,Plein jour,En agglomération,Hors intersection,Normale,Deux véhicules - côté,,,,,,,,,,,1,2,1,1.0,3.0
201800034604,0018-06-06 15:15:00,18,6,6,15,15,780,498,ROBESPIERRE BD,48.93306,2.04466,Plein jour,En agglomération,Hors intersection,Normale,Deux véhicules - arrière,,,,,,,,,,,1,2,1,1.0,2.0
201800034605,0018-06-12 19:50:00,18,6,12,19,50,780,643,RD 1,48.96573,1.99108,Plein jour,Hors agglomération,Autre intersection,Normale,Autre collision,,,,,,,,,,,1,1,9,1.0,6.0
201800034606,0018-06-15 10:55:00,18,6,15,10,55,780,15,OISE (QUAI DE L'),48.99216,2.07154,Plein jour,En agglomération,Hors intersection,Normale,Sans collision,,,,,,,,,,,1,2,1,1.0,7.0
201800034607,0018-06-10 15:00:00,18,6,10,15,0,780,498,RD30,48.5546,2.24913,Plein jour,En agglomération,Hors intersection,Normale,Deux véhicules - frontale,,,,,,,,,,,1,2,1,1.0,1.0
201800034608,0018-06-26 17:50:00,18,6,26,17,50,780,642,ROSIERS RUE DES,48.98546,1.96901,Plein jour,En agglomération,Hors intersection,Normale,Deux véhicules - côté,,,,,,,,,,,1,2,1,1.0,3.0
201800034609,0018-06-26 21:25:00,18,6,26,21,25,780,498,LEFEBVRE AV FERNAND,48.92711,2.0466,Plein jour,En agglomération,Hors intersection,Normale,Autre collision,,,,,,,,,,,1,2,1,1.0,6.0
201800034610,0018-06-29 10:30:00,18,6,29,10,30,780,172,FRANCE (RUE ANATOLE),49.00016,2.08859,Plein jour,En agglomération,Intersection en X,Normale,Deux véhicules - côté,,,,,,,,,,,1,2,2,1.0,3.0
201800034611,0018-12-13 22:00:00,18,12,13,22,0,780,624,DOUMER RUE PAUL,48.97917,2.00412,Nuit avec éclairage allumé,En agglomération,Intersection en T,Normale,Deux véhicules - côté,,,,,,,,,,,5,2,3,1.0,3.0
201800034612,0018-07-03 20:40:00,18,7,3,20,40,780,624,HAUTIL RUE DE,48.99153,2.00573,Plein jour,En agglomération,Hors intersection,Normale,Deux véhicules - frontale,,,,,,,,,,,1,2,1,1.0,1.0
201800034613,0018-07-11 01:15:00,18,7,11,1,15,780,123,EUROPE (RN 190) AVENUE D,48.94137,2.03254,Nuit avec éclairage allumé,En agglomération,Intersection en X,Normale,Deux véhicules - arrière,,,,,,,,,,,5,2,2,1.0,2.0
201800034614,0018-07-13 12:07:00,18,7,13,12,7,780,384,RENARDIERES (RUE DES),48.9478,1.9794,Plein jour,Hors agglomération,Autre intersection,Normale,Autre collision,,,,,,,,,,,1,1,9,1.0,6.0
201800034615,0018-07-15 23:35:00,18,7,15,23,35,780,672,CD 154,48.94358,1.97818,Nuit sans éclairage public,Hors agglomération,Intersection en X,Normale,Deux véhicules - frontale,,,,,,,,,,,3,1,2,1.0,1.0
201800034616,0018-08-01 19:50:00,18,8,1,19,50,780,642,SEINE BOULEVARD DE LA,48.86272,2.28759,Plein jour,En agglomération,Intersection en T,Normale,Deux véhicules - côté,,,,,,,,,,,1,2,3,1.0,3.0
201800034617,0018-09-07 18:17:00,18,9,7,18,17,780,5,THOREZ (AVENUE MAURICE),48.9662,2.0697,Plein jour,En agglomération,Intersection en T,Normale,Deux véhicules - côté,,,,,,,,,,,1,2,3,1.0,3.0
201800034618,0018-09-12 21:30:00,18,9,12,21,30,780,123,EUROPE (RN 190) AVENUE D,48.94005,2.03402,Nuit avec éclairage allumé,En agglomération,Intersection en T,Normale,Autre collision,,,,,,,,,,,5,2,3,1.0,6.0
201800034619,0018-09-17 18:00:00,18,9,17,18,0,780,498,VERSAILLES AV DE,48.92674,2.04362,Plein jour,En agglomération,Hors intersection,Normale,Deux véhicules - arrière,,,,,,,,,,,1,2,1,1.0,2.0
201800034620,0018-06-06 16:08:00,18,6,6,16,8,780,498,HUGO BD VICTOR,48.86272,2.28759,Plein jour,En agglomération,Hors intersection,Normale,Autre collision,,,,,,,,,,,1,2,1,1.0,6.0
201800034621,0018-10-01 20:23:00,18,10,1,20,23,780,672,CD 154,48.94,1.97,Nuit sans éclairage public,Hors agglomération,Hors intersection,Normale,Trois véhicules et plus - en chaîne,,,,,,,,,,,3,1,1,1.0,4.0
201800034622,0018-10-12 17:20:00,18,10,12,17,20,780,172,GAILLON (QUAI DE),48.99526,2.10527,Plein jour,En agglomération,Hors intersection,Normale,Deux véhicules - côté,,,,,,,,,,,1,2,1,1.0,3.0
201800034623,0018-10-05 19:18:00,18,10,5,19,18,780,498,Carrefour Market,48.5145,2.1715,Plein jour,En agglomération,Hors intersection,Normale,Autre collision,,,,,,,,,,,1,2,1,1.0,6.0
201800034624,0018-09-08 22:00:00,18,9,8,22,0,780,498,MALADRERIE AV DE LA,48.92231,2.0366,Nuit avec éclairage allumé,En agglomération,Hors intersection,Normale,Trois véhicules et plus - en chaîne,,,,,,,,,,,5,2,1,1.0,4.0
201800034625,0018-07-19 23:30:00,18,7,19,23,30,780,384,RD 154,48.9474,1.97768,Nuit sans éclairage public,Hors agglomération,Hors intersection,Normale,Autre collision,,,,,,,,,,,3,1,1,1.0,6.0
201800034626,0018-10-26 19:10:00,18,10,26,19,10,780,498,PONTOISE AV DE,48.93714,2.05507,Nuit avec éclairage allumé,En agglomération,Intersection en T,Pluie légère,Deux véhicules - frontale,,,,,,,,,,,5,2,3,2.0,1.0
201800034627,0018-11-10 16:15:00,18,11,10,16,15,780,643,bretelle Grosse Pierre,48.96844,1.99441,Plein jour,En agglomération,Hors intersection,Normale,Sans collision,,,,,,,,,,,1,2,1,1.0,7.0
201800034628,0018-11-10 22:55:00,18,11,10,22,55,780,172,RD 203,49.0027,2.07559,Nuit avec éclairage allumé,En agglomération,Giratoire,Pluie légère,Trois véhicules et plus - en chaîne,,,,,,,,,,,5,2,6,2.0,4.0
201800034629,0018-11-17 18:00:00,18,11,17,18,0,780,172,BELLES HATES (CHEMIN DES,48.99913,2.10412,Nuit avec éclairage allumé,En agglomération,Giratoire,Normale,Trois véhicules et plus - collisions multiples,,,,,,,,,,,5,2,6,1.0,5.0
201800034630,0018-09-19 00:14:00,18,9,19,0,14,780,498,ROBESPIERRE BD,48.93333,2.04924,Nuit avec éclairage allumé,En agglomération,Intersection en X,Normale,Deux véhicules - frontale,,,,,,,,,,,5,2,2,1.0,1.0
201800034631,0018-11-27 10:50:00,18,11,27,10,50,780,642,VIGNES RUE DES,48.97896,1.97406,Plein jour,En agglomération,Hors intersection,Normale,Autre collision,,,,,,,,,,,1,2,1,1.0,6.0
201800034632,0018-10-20 23:20:00,18,10,20,23,20,780,498,CASTILLE AV BLANCHE DE,48.92319,2.02837,Nuit avec éclairage allumé,En agglomération,Hors intersection,Normale,Autre collision,,,,,,,,,,,5,2,1,1.0,6.0
201800034633,0018-01-16 19:00:00,18,1,16,19,0,780,423,AV DE LA SOURCE,48.76822,2.02897,Nuit avec éclairage allumé,En agglomération,Intersection en T,Pluie légère,Autre collision,,,,,,,,,,,5,2,3,2.0,6.0
201800034634,0018-01-15 08:05:00,18,1,15,8,5,780,297,"78, AVENUE DU CENTRE",48.78813,2.05176,Crépuscule ou aube,En agglomération,Intersection en X,Temps couvert,Autre collision,,,,,,,,,,,2,2,2,8.0,6.0
201800034635,0018-02-04 16:20:00,18,2,4,16,20,780,423,LECLERC (AVENUE DU GENER,48.77648,2.0373,Plein jour,En agglomération,Intersection en X,Normale,Trois véhicules et plus - collisions multiples,,,,,,,,,,,1,2,2,1.0,5.0
201800034636,0018-03-05 15:45:00,18,3,5,15,45,780,621,CD 912,48.78997,1.99172,Plein jour,Hors agglomération,Hors intersection,Normale,Deux véhicules - frontale,,,,,,,,,,,1,1,1,1.0,1.0
201800034637,0018-04-06 19:40:00,18,4,6,19,40,780,297,ALEMBERT / Vauban,48.77998,2.04345,Plein jour,En agglomération,Hors intersection,Normale,Deux véhicules - arrière,,,,,,,,,,,1,2,1,1.0,2.0
201800034638,0018-05-05 18:30:00,18,5,5,18,30,780,423,DESCARTES (BD),48.76692,2.03933,Plein jour,En agglomération,Hors intersection,Normale,Autre collision,,,,,,,,,,,1,2,1,1.0,6.0
201800034639,0018-06-19 21:15:00,18,6,19,21,15,780,208,HUIT MAI 1945 (AVENUE DU,48.77858,1.97011,Plein jour,En agglomération,Hors intersection,Normale,Deux véhicules - arrière,,,,,,,,,,,1,2,1,1.0,2.0
201800034640,0018-06-20 01:00:00,18,6,20,1,0,780,621,CHARTRES (ROUTE DE),48.46521,2.115,Nuit sans éclairage public,Hors agglomération,Hors intersection,Normale,Trois véhicules et plus - collisions multiples,,,,,,,,,,,3,1,1,1.0,5.0
201800034641,0018-06-26 17:11:00,18,6,26,17,11,780,423,4 pavés du roy / st mart,48.77122,2.02556,Plein jour,En agglomération,Autre intersection,Normale,Autre collision,,,,,,,,,,,1,2,9,1.0,6.0
201800034642,0018-07-27 19:05:00,18,7,27,19,5,780,208,ROCADE 12,48.47518,1.59225,Plein jour,Hors agglomération,Hors intersection,Normale,Deux véhicules - côté,,,,,,,,,,,1,1,1,1.0,3.0
201800034643,0018-09-05 16:35:00,18,9,5,16,35,780,423,MANET (AVENUE DU),48.76716,2.02234,Plein jour,En agglomération,Giratoire,Normale,Deux véhicules - côté,,,,,,,,,,,1,2,6,1.0,3.0
201800034644,0018-11-30 18:30:00,18,11,30,18,30,780,423,ABOUT (AVENUE NICOLAS),48.76789,2.03325,Nuit avec éclairage allumé,En agglomération,Hors intersection,Normale,Autre collision,,,,,,,,,,,5,2,1,1.0,6.0
201800034645,0018-12-14 18:00:00,18,12,14,18,0,780,397,henri Husson,48.7407,1.96297,Nuit avec éclairage allumé,En agglomération,Hors intersection,Normale,Autre collision,,,,,,,,,,,5,2,1,1.0,6.0
201800034646,0018-02-16 15:40:00,18,2,16,15,40,780,267,RUE JEAN JAURES,48.97388,1.79919,Plein jour,Hors agglomération,Hors intersection,Normale,Deux véhicules - arrière,,,,,,,,,,,1,1,1,1.0,2.0
201800034647,0018-11-04 22:30:00,18,11,4,22,30,780,217,ROUTE DE SEPTEUIL,48.92608,1.7871,Nuit sans éclairage public,Hors agglomération,Hors intersection,Normale,Sans collision,,,,,,,,,,,3,1,1,1.0,7.0
201800034648,0018-02-15 12:25:00,18,2,15,12,25,780,361,"50, RUE NATIONALE",48.99016,1.71658,Plein jour,En agglomération,Hors intersection,Normale,Autre collision,,,,,,,,,,,1,2,1,1.0,6.0
201800034649,0018-02-26 15:55:00,18,2,26,15,55,780,217,"00, Rue Fernand Lger",48.95752,1.82758,Plein jour,En agglomération,Hors intersection,Normale,Autre collision,,,,,,,,,,,1,2,1,1.0,6.0
201800034650,0018-03-18 04:10:00,18,3,18,4,10,780,267,"12, AVENUE DU COLONEL FA",48.98811,1.80925,Nuit avec éclairage allumé,En agglomération,Hors intersection,Normale,Autre collision,,,,,,,,,,,5,2,1,1.0,6.0
201800034651,0018-03-25 16:55:00,18,3,25,16,55,780,362,"00, BOULEVARD ROGER SALE",48.97941,1.69463,Plein jour,En agglomération,Hors intersection,Normale,Deux véhicules - arrière,,,,,,,,,,,1,2,1,1.0,2.0
201800034652,0018-04-19 02:40:00,18,4,19,2,40,780,361,BLD DES CYGNES,48.99941,1.71366,Nuit avec éclairage allumé,En agglomération,Intersection en T,Normale,Autre collision,,,,,,,,,,,5,2,3,1.0,6.0
201800034653,0018-05-17 18:20:00,18,5,17,18,20,780,361,RUE MARIE LAURENCIN,49.00235,1.68475,Plein jour,En agglomération,Hors intersection,Normale,Deux véhicules - frontale,,,,,,,,,,,1,2,1,1.0,1.0
201800034654,0018-06-06 20:30:00,18,6,6,20,30,780,267,Rue de l'Ile de France,48.99282,1.81311,Plein jour,En agglomération,Intersection en T,Normale,Autre collision,,,,,,,,,,,1,2,3,1.0,6.0
201800034655,0018-06-25 18:40:00,18,6,25,18,40,780,361,Boulevard Marchal Juin,48.99204,1.70401,Plein jour,En agglomération,Hors intersection,Normale,Autre collision,,,,,,,,,,,1,2,1,1.0,6.0
201800034656,0018-06-26 21:35:00,18,6,26,21,35,780,361,RUE GUTEMBERG,48.99611,1.67988,Plein jour,En agglomération,Hors intersection,Normale,Autre collision,,,,,,,,,,,1,2,1,1.0,6.0
201800034657,0018-08-07 15:00:00,18,8,7,15,0,780,361,RUE DE BUCHELAY,48.99427,1.68777,Plein jour,En agglomération,Intersection en X,Temps couvert,Deux véhicules - côté,,,,,,,,,,,1,2,2,8.0,3.0
201800034658,0018-08-07 15:15:00,18,8,7,15,15,780,362,RD983,49.59752,1.43444,Plein jour,En agglomération,Hors intersection,Temps couvert,Autre collision,,,,,,,,,,,1,2,1,8.0,6.0
201800034659,0018-08-09 23:30:00,18,8,9,23,30,780,361,RUE D ALSACE,48.9908,1.71586,Nuit avec éclairage allumé,En agglomération,Intersection en T,Normale,Deux véhicules - côté,,,,,,,,,,,5,2,3,1.0,3.0
201800034660,0018-09-09 13:50:00,18,9,9,13,50,780,361,RUE DE LORRAINE,48.98697,1.71456,Plein jour,En agglomération,Intersection en X,Normale,Deux véhicules - côté,,,,,,,,,,,1,2,2,1.0,3.0
201800034661,0018-09-28 19:20:00,18,9,28,19,20,780,362,BOULEVARD ROGER SALENGRO,48.98243,1.69782,Plein jour,En agglomération,Hors intersection,Normale,Deux véhicules - côté,,,,,,,,,,,1,2,1,1.0,3.0
201800034662,0018-10-21 09:40:00,18,10,21,9,40,780,362,BOULEVARD ROGER SALENGRO,48.9824,1.69782,Plein jour,En agglomération,Hors intersection,Normale,Deux véhicules - arrière,,,,,,,,,,,1,2,1,1.0,2.0
201800034663,0018-10-29 20:00:00,18,10,29,20,0,780,361,PLACE DU MARCHE AU BLE,48.99086,1.71655,Nuit avec éclairage non allumé,En agglomération,Hors intersection,Normale,Deux véhicules - frontale,,,,,,,,,,,4,2,1,1.0,1.0