accident_id,datetime,annee,mois,jour,heure,minute,departement,commune_insee,adresse,latitude,longitude,luminosite,agglomeration,intersection,meteo,collision,nb_vehicules,nb_usagers,nb_indemnes,nb_tues,nb_blesses_hosp,nb_blesses_legers,age_cond_1,age_cond_2,veh_type_cond_1,veh_type_cond_2,lum_code,agg_code,int_code,atm_code,col_code
201800034664,0018-12-21 19:30:00,18,12,21,19,30,780,402,CD 113,48.96179,1.80123,Nuit avec éclairage allumé,En agglomération,Intersection en X,Autre,Trois véhicules et plus - collisions multiples,,,,,,,,,,,5,2,2,9.0,5.0
201800034665,0018-01-06 00:44:00,18,1,6,0,44,780,401,ANNONCIADES (RUE DES),49.00694,1.91856,Nuit avec éclairage allumé,En agglomération,Hors intersection,Autre,Sans collision,,,,,,,,,,,5,2,1,9.0,7.0
201800034666,0018-01-09 08:00:00,18,1,9,8,0,780,403,"137, CHATEAUBRIAND (AVEN",,,Nuit avec éclairage allumé,En agglomération,Hors intersection,Normale,Deux véhicules - arrière,,,,,,,,,,,5,2,1,1.0,2.0
201800034667,0018-01-18 00:23:00,18,1,18,0,23,780,609,CD 28,49.02568,1.9111,Nuit sans éclairage public,Hors agglomération,Hors intersection,Pluie légère,Autre collision,,,,,,,,,,,3,1,1,2.0,6.0
201800034668,0018-01-18 07:50:00,18,1,18,7,50,780,440,VERNEUIL (ROUTE DE),48.995,1.93354,Nuit sans éclairage public,En agglomération,Intersection en T,Pluie légère,Deux véhicules - côté,,,,,,,,,,,3,2,3,2.0,3.0
201800034669,0018-01-30 19:50:00,18,1,30,19,50,780,440,"33, PAUL RAOULT (AVENUE)",,,Nuit avec éclairage allumé,En agglomération,Hors intersection,Pluie légère,Autre collision,,,,,,,,,,,5,2,1,2.0,6.0
201800034670,0018-02-12 01:00:00,18,2,12,1,0,780,440,VERNEUIL (ROUTE DE),48.99287,1.93823,Nuit sans éclairage public,Hors agglomération,Hors intersection,Autre,Deux véhicules - frontale,,,,,,,,,,,3,1,1,9.0,1.0
201800034671,0018-02-13 07:25:00,18,2,13,7,25,780,440,A THOMAS / Blériot,,,Crépuscule ou aube,En agglomération,Hors intersection,Normale,Autre collision,,,,,,,,,,,2,2,1,1.0,6.0
201800034672,0018-03-09 16:00:00,18,3,9,16,0,780,440,GEORGES BIZET (ALLEE),48.977,1.91,Plein jour,En agglomération,Hors intersection,Pluie légère,Autre collision,,,,,,,,,,,1,2,1,2.0,6.0
201800034673,0018-03-12 15:35:00,18,3,12,15,35,780,29,JULES FERRY(RUE),48.95473,1.85478,Plein jour,En agglomération,Hors intersection,Normale,Autre collision,,,,,,,,,,,1,2,1,1.0,6.0
201800034674,0018-03-16 06:55:00,18,3,16,6,55,780,299,"51, MICHELET (BOULEVARD)",,,Crépuscule ou aube,En agglomération,Hors intersection,Normale,Deux véhicules - côté,,,,,,,,,,,2,2,1,1.0,3.0
201800034675,0018-03-16 07:45:00,18,3,16,7,45,780,299,"101, MICHELET BD",49.00002,1.88892,Plein jour,En agglomération,Hors intersection,Normale,Deux véhicules - côté,,,,,,,,,,,1,2,1,1.0,3.0
201800034676,0018-03-18 18:10:00,18,3,18,18,10,780,299,ETANGS PRES (AVENUE DES),49.00961,1.90177,Crépuscule ou aube,En agglomération,Intersection en T,Neige / grêle,Deux véhicules - côté,,,,,,,,,,,2,2,3,4.0,3.0
201800034677,0018-04-07 01:35:00,18,4,7,1,35,780,440,ARISTIDE BRIAND (RUE),48.9891,1.9111,Nuit avec éclairage non allumé,En agglomération,Hors intersection,Normale,Autre collision,,,,,,,,,,,4,2,1,1.0,6.0
201800034678,0018-04-18 07:40:00,18,4,18,7,40,780,238,BOUAFLE (RUE DE),48.9657,1.88261,Plein jour,Hors agglomération,Hors intersection,Normale,Autre collision,,,,,,,,,,,1,1,1,1.0,6.0
201800034679,0018-04-22 15:00:00,18,4,22,15,0,780,638,PARIS (AVENUE DE),48.99562,1.98443,Plein jour,En agglomération,Intersection en T,Temps éblouissant,Deux véhicules - côté,,,,,,,,,,,1,2,3,7.0,3.0
201800034680,0018-04-24 17:05:00,18,4,24,17,5,780,440,GEORGES BIZET (ALLEE),48.97677,1.91694,Plein jour,En agglomération,Hors intersection,Normale,Autre collision,,,,,,,,,,,1,2,1,1.0,6.0
201800034681,0018-05-08 09:55:00,18,5,8,9,55,780,29,CHARLES DE GAULLE (AVENU,48.9641,1.8512,Plein jour,En agglomération,Intersection en T,Temps éblouissant,Deux véhicules - frontale,,,,,,,,,,,1,2,3,7.0,1.0
201800034682,0018-05-08 19:00:00,18,5,8,19,0,780,440,MOLIERE (RUE),48.98214,1.91636,Plein jour,En agglomération,Autre intersection,Normale,Autre collision,,,,,,,,,,,1,2,9,1.0,6.0
201800034683,0018-05-16 08:40:00,18,5,16,8,40,780,440,PAUL RAOULT (AVENUE),48.98987,1.91325,Plein jour,En agglomération,Hors intersection,Normale,Sans collision,,,,,,,,,,,1,2,1,1.0,7.0
201800034684,0018-05-17 17:20:00,18,5,17,17,20,780,440,GABRIEL VILAIN (ALLEE),,,Plein jour,En agglomération,Intersection en X,Normale,Deux véhicules - côté,,,,,,,,,,,1,2,2,1.0,3.0
201800034685,0018-05-17 18:35:00,18,5,17,18,35,780,440,JEAN JAURES  (RUE),48.99013,1.90771,Plein jour,En agglomération,Hors intersection,Normale,Deux véhicules - côté,,,,,,,,,,,1,2,1,1.0,3.0
201800034686,0018-05-18 17:50:00,18,5,18,17,50,780,440,JEAN-JACQUES ROUSSEAU (R,48.9813,1.9131,Plein jour,En agglomération,Hors intersection,Normale,Autre collision,,,,,,,,,,,1,2,1,1.0,6.0
201800034687,0018-06-03 14:20:00,18,6,3,14,20,780,29,PLATEAU (RUE DU),48.95,1.85,Plein jour,En agglomération,Hors intersection,Normale,Autre collision,,,,,,,,,,,1,2,1,1.0,6.0
201800034688,0018-06-10 13:45:00,18,6,10,13,45,780,401,AULNES (AVENUE DES),49.01029,1.90384,Plein jour,En agglomération,Intersection à plus de 4 branches,Normale,Deux véhicules - côté,,,,,,,,,,,1,2,5,1.0,3.0
201800034689,0018-06-20 18:20:00,18,6,20,18,20,780,440,GABRIEL VILAIN (RUE),,,Plein jour,En agglomération,Hors intersection,Normale,Autre collision,,,,,,,,,,,1,2,1,1.0,6.0
201800034690,0018-06-22 20:25:00,18,6,22,20,25,780,440,8 MAI 1945 (PLACE DU),,,Plein jour,En agglomération,Hors intersection,Normale,Autre collision,,,,,,,,,,,1,2,1,1.0,6.0
201800034691,0018-06-24 19:20:00,18,6,24,19,20,780,440,JEAN CESSOU (RUE),48.99173,1.9105,Plein jour,En agglomération,Hors intersection,Normale,Deux véhicules - côté,,,,,,,,,,,1,2,1,1.0,3.0
201800034692,0018-06-25 10:20:00,18,6,25,10,20,780,440,GAMBETTA (RUE),48.99,1.91,Plein jour,En agglomération,Autre intersection,Normale,Autre collision,,,,,,,,,,,1,2,9,1.0,6.0
201800034693,0018-07-10 17:20:00,18,7,10,17,20,780,401,ARQUEBUSE (QUAI DE L'),49.00418,1.91246,Plein jour,En agglomération,Hors intersection,Normale,Autre collision,,,,,,,,,,,1,2,1,1.0,6.0
201800034694,0018-07-25 19:18:00,18,7,25,19,18,780,440,ARISTIDE BRIAND (RUE),48.98881,1.91107,Plein jour,En agglomération,Hors intersection,Normale,Autre collision,,,,,,,,,,,1,2,1,1.0,6.0
201800034695,0018-09-14 20:15:00,18,9,14,20,15,780,440,VERNEUIL (ROUTE DE),48.99,1.9162,Crépuscule ou aube,En agglomération,Intersection en T,Normale,Deux véhicules - côté,,,,,,,,,,,2,2,3,1.0,3.0
201800034696,0018-09-17 17:00:00,18,9,17,17,0,780,401,ECOLES (RUE DES),49.00507,1.91111,Plein jour,En agglomération,Hors intersection,Normale,Autre collision,,,,,,,,,,,1,2,1,1.0,6.0
201800034697,0018-10-01 07:45:00,18,10,1,7,45,780,299,BARRES (RUE DES),,,Crépuscule ou aube,Hors agglomération,Passage à niveau,Normale,Autre collision,,,,,,,,,,,2,1,8,1.0,6.0
201800034698,0018-10-14 14:25:00,18,10,14,14,25,780,440,MARECHAL FOCH (AVENUE DU,48.99242,1.90299,Plein jour,En agglomération,Hors intersection,Normale,Autre collision,,,,,,,,,,,1,2,1,1.0,6.0
201800034699,0018-10-19 19:40:00,18,10,19,19,40,780,401,AULNES (AVENUE DES),,,Nuit avec éclairage allumé,En agglomération,Autre intersection,Normale,Deux véhicules - côté,,,,,,,,,,,5,2,9,1.0,3.0
201800034700,0018-10-30 15:29:00,18,10,30,15,29,780,440,CD 14,48.97947,1.88681,Plein jour,Hors agglomération,Hors intersection,Temps couvert,Deux véhicules - arrière,,,,,,,,,,,1,1,1,8.0,2.0
201800034701,0018-11-07 12:45:00,18,11,7,12,45,780,440,PLIADES (RUE DES),48.9756,1.91122,Plein jour,En agglomération,Intersection en X,Temps couvert,Deux véhicules - côté,,,,,,,,,,,1,2,2,8.0,3.0
201800034702,0018-11-13 16:00:00,18,11,13,16,0,780,440,HELENE BOUCHER (ALLEE),48.98509,1.91394,Plein jour,En agglomération,Hors intersection,Normale,Autre collision,,,,,,,,,,,1,2,1,1.0,6.0
201800034703,0018-11-16 00:10:00,18,11,16,0,10,780,440,MARECHAL FOCH (AVENUE DU,48.995,1.907,Nuit avec éclairage allumé,En agglomération,Hors intersection,Brouillard / fumée,Deux véhicules - arrière,,,,,,,,,,,5,2,1,5.0,2.0
201800034704,0018-11-22 17:40:00,18,11,22,17,40,780,638,GENERAL DE GAULLE (RUE D,49.0036,1.9696,Nuit avec éclairage allumé,En agglomération,Hors intersection,Normale,Autre collision,,,,,,,,,,,5,2,1,1.0,6.0
201800034705,0018-11-27 17:50:00,18,11,27,17,50,780,29,OCTROI (RUE DE L'),,,Nuit avec éclairage allumé,En agglomération,Giratoire,Pluie légère,Autre collision,,,,,,,,,,,5,2,6,2.0,6.0
201800034706,0018-12-13 12:50:00,18,12,13,12,50,780,609,CD 28,49.02757,1.9135,Plein jour,Hors agglomération,Autre intersection,Normale,Autre collision,,,,,,,,,,,1,1,9,1.0,6.0
201800034707,0018-12-20 17:30:00,18,12,20,17,30,780,440,PIERRE CURIE (RUE),,,Crépuscule ou aube,En agglomération,Hors intersection,Normale,Autre collision,,,,,,,,,,,2,2,1,1.0,6.0
201800034708,0018-12-29 16:15:00,18,12,29,16,15,780,238,CD 113,48.95992,1.8715,Plein jour,Hors agglomération,Intersection en X,Pluie légère,Deux véhicules - côté,,,,,,,,,,,1,1,2,2.0,3.0
201800034709,0018-03-01 22:20:00,18,3,1,22,20,780,674,CD 11,48.82055,2.00834,Nuit sans éclairage public,Hors agglomération,Hors intersection,Normale,Autre collision,,,,,,,,,,,3,1,1,1.0,6.0
201800034710,0018-08-10 09:00:00,18,8,10,9,0,780,674,GANDONNERIE (RUE DE LA),48.82632,2.01094,Plein jour,Hors agglomération,Hors intersection,Pluie légère,Autre collision,,,,,,,,,,,1,1,1,2.0,6.0
201800034711,0018-04-21 02:35:00,18,4,21,2,35,780,674,pl Droits de l'Homme,48.83,1.99573,Nuit avec éclairage allumé,En agglomération,Autre intersection,Normale,Sans collision,,,,,,,,,,,5,2,9,1.0,7.0
201800034712,0018-08-20 14:00:00,18,8,20,14,0,780,490,MOULIN (CHEMIN DU,48.80465,1.9655,Plein jour,Hors agglomération,Hors intersection,Temps éblouissant,Deux véhicules - côté,,,,,,,,,,,1,1,1,7.0,3.0
201800034713,0018-05-25 09:55:00,18,5,25,9,55,780,490,CD 30,48.83057,1.95788,Plein jour,En agglomération,Hors intersection,Normale,Deux véhicules - côté,,,,,,,,,,,1,2,1,1.0,3.0
201800034714,0018-06-04 20:00:00,18,6,4,20,0,780,490,ROBESPIERRE (RUE MAXIMIL,48.8226,1.95406,Plein jour,En agglomération,Intersection en T,Brouillard / fumée,Autre collision,,,,,,,,,,,1,2,3,5.0,6.0
201800034715,0018-06-07 13:20:00,18,6,7,13,20,780,73,BARBUSSE  (RUE HENRI),48.79844,2.03175,Plein jour,En agglomération,Intersection en X,Normale,Deux véhicules - côté,,,,,,,,,,,1,2,2,1.0,3.0
201800034716,0018-06-09 09:07:00,18,6,9,9,7,780,674,COLLEGE LEON BLUM,48.83151,1.9988,Plein jour,En agglomération,Autre intersection,Normale,Autre collision,,,,,,,,,,,1,2,9,1.0,6.0
201800034717,0018-06-13 15:40:00,18,6,13,15,40,780,152,RD 98,48.84439,1.98088,Plein jour,Hors agglomération,Hors intersection,Normale,Deux véhicules - frontale,,,,,,,,,,,1,1,1,1.0,1.0
201800034718,0018-06-15 18:30:00,18,6,15,18,30,780,73,TURPAULT (RUE ALEXANDRE),,,Plein jour,En agglomération,Intersection en T,Normale,Deux véhicules - côté,,,,,,,,,,,1,2,3,1.0,3.0
201800034719,0018-06-30 10:25:00,18,6,30,10,25,780,490,DEUX PLATEAUX (ROUTE DES,48.79818,1.96565,Plein jour,En agglomération,Hors intersection,Normale,Deux véhicules - côté,,,,,,,,,,,1,2,1,1.0,3.0
201800034720,0018-10-03 17:20:00,18,10,3,17,20,780,242,sortie gare,48.80761,2.03988,Plein jour,En agglomération,Hors intersection,Normale,Autre collision,,,,,,,,,,,1,2,1,1.0,6.0
201800034721,0018-11-10 12:05:00,18,11,10,12,5,780,490,BARBUSSE (RUE HENRI),48.82866,1.9712,Plein jour,En agglomération,Hors intersection,Normale,Autre collision,,,,,,,,,,,1,2,1,1.0,6.0
201800034722,0018-11-18 16:30:00,18,11,18,16,30,780,490,SAINT GERMAIN (AVENUE DE,48.82748,1.96812,Plein jour,En agglomération,Hors intersection,Normale,Autre collision,,,,,,,,,,,1,2,1,1.0,6.0
201800034723,0018-11-16 10:50:00,18,11,16,10,50,780,73,JAURES (AVENUE JEAN),48.79933,2.03603,Plein jour,En agglomération,Autre intersection,Normale,Autre collision,,,,,,,,,,,1,2,9,1.0,6.0
201800034724,0018-12-12 14:35:00,18,12,12,14,35,780,545,FERRER (RUE FRANSISCO),48.79751,2.07297,Plein jour,En agglomération,Intersection en T,Temps éblouissant,Autre collision,,,,,,,,,,,1,2,3,7.0,6.0
201800034725,0018-12-04 13:55:00,18,12,4,13,55,780,242,REPUBLIQUE (AVENUE DE LA,48.81029,2.04138,Plein jour,En agglomération,Intersection en T,Normale,Autre collision,,,,,,,,,,,1,2,3,1.0,6.0
201800034726,0018-02-25 01:12:00,18,2,25,1,12,780,220,RN 10,48.72277,1.89558,Nuit sans éclairage public,Hors agglomération,Hors intersection,Normale,Autre collision,,,,,,,,,,,3,1,1,1.0,6.0
201800034727,0018-02-22 14:00:00,18,2,22,14,0,780,517,"37, LOUVIERE (RUE DE LA)",48.64326,1.83548,Plein jour,En agglomération,Hors intersection,Normale,Deux véhicules - frontale,,,,,,,,,,,1,2,1,1.0,1.0
201800034728,0018-04-05 15:45:00,18,4,5,15,45,780,517,PROVIDENCE (RUE DE LA),48.65094,1.81842,Plein jour,En agglomération,Hors intersection,Normale,Autre collision,,,,,,,,,,,1,2,1,1.0,6.0
201800034729,0018-06-08 11:50:00,18,6,8,11,50,780,517,RN 10,48.6721,1.83903,Plein jour,Hors agglomération,Hors intersection,Normale,Deux véhicules - arrière,,,,,,,,,,,1,1,1,1.0,2.0
201800034730,0018-07-14 21:15:00,18,7,14,21,15,780,220,RN 10,48.72796,1.89534,Crépuscule ou aube,Hors agglomération,Hors intersection,Normale,Deux véhicules - arrière,,,,,,,,,,,2,1,1,1.0,2.0
201800034731,0018-09-08 20:52:00,18,9,8,20,52,780,486,RN 10,48.6944,1.8451,Nuit sans éclairage public,Hors agglomération,Hors intersection,Normale,Autre collision,,,,,,,,,,,3,1,1,1.0,6.0
201800034732,0018-10-12 12:20:00,18,10,12,12,20,780,517,POTEAU DES 3 SEIGNEURS (,48.64,1.85,Plein jour,En agglomération,Intersection en X,Normale,Deux véhicules - côté,,,,,,,,,,,1,2,2,1.0,3.0
201800034733,0018-12-08 18:45:00,18,12,8,18,45,780,517,LOUVIERE (RUE DE LA),48.64452,1.84563,Nuit avec éclairage allumé,En agglomération,Hors intersection,Pluie légère,Autre collision,,,,,,,,,,,5,2,1,2.0,6.0
201800034734,0018-12-09 20:15:00,18,12,9,20,15,780,269,D 906,48.6352,1.7547,Nuit sans éclairage public,Hors agglomération,Hors intersection,Pluie légère,Deux véhicules - côté,,,,,,,,,,,3,1,1,2.0,3.0
201800034735,0018-01-05 20:27:00,18,1,5,20,27,780,350,VERSAILLES (ROUTE DE),48.85545,2.10734,Nuit avec éclairage allumé,En agglomération,Hors intersection,Normale,Autre collision,,,,,,,,,,,5,2,1,1.0,6.0
201800034736,0018-01-24 19:00:00,18,1,24,19,0,780,146,REPUBLIQUE (BOULEVARD DE,48.89457,2.15234,Crépuscule ou aube,En agglomération,Hors intersection,Normale,Autre collision,,,,,,,,,,,2,2,1,1.0,6.0
201800034737,0018-02-25 06:00:00,18,2,25,6,0,780,551,RN 184,48.93938,2.09589,Nuit sans éclairage public,Hors agglomération,Intersection en X,Normale,Deux véhicules - côté,,,,,,,,,,,3,1,2,1.0,3.0
201800034738,0018-01-18 07:35:00,18,1,18,7,35,780,350,"9, CONTI (QUAI)",48.87507,2.11815,Nuit avec éclairage allumé,En agglomération,Hors intersection,Pluie légère,Autre collision,,,,,,,,,,,5,2,1,2.0,6.0
201800034739,0018-02-24 11:08:00,18,2,24,11,8,780,372,SAINT GERMAIN (AVENUE DE,48.87326,2.09394,Plein jour,En agglomération,Hors intersection,Normale,Autre collision,,,,,,,,,,,1,2,1,1.0,6.0
201800034740,0018-01-16 06:20:00,18,1,16,6,20,780,350,CONTI (QUAI),48.87654,2.11674,Nuit avec éclairage allumé,En agglomération,Hors intersection,Pluie légère,Deux véhicules - arrière,,,,,,,,,,,5,2,1,2.0,2.0
201800034741,0018-02-25 09:25:00,18,2,25,9,25,780,551,"116BIS, FOCH (AVENUE DU",48.90234,2.08554,Plein jour,En agglomération,Hors intersection,Normale,Deux véhicules - côté,,,,,,,,,,,1,2,1,1.0,3.0
201800034742,0018-04-10 19:30:00,18,4,10,19,30,780,502,VERSAILLES (ROUTE DE),48.47865,2.10843,Plein jour,En agglomération,Hors intersection,Normale,Autre collision,,,,,,,,,,,1,2,1,1.0,6.0
201800034743,0018-04-25 17:10:00,18,4,25,17,10,780,650,MONTESSON (ROUTE DE),48.89949,2.1211,Plein jour,En agglomération,Hors intersection,Normale,Deux véhicules - côté,,,,,,,,,,,1,2,1,1.0,3.0
201800034744,0018-05-05 17:00:00,18,5,5,17,0,780,551,école Légion d'honneur,,,Plein jour,En agglomération,Hors intersection,Normale,Autre collision,,,,,,,,,,,1,2,1,1.0,6.0
201800034745,0018-04-22 16:00:00,18,4,22,16,0,780,481,GENERAL LECLERC (AVENUE,48.89106,2.10025,Plein jour,En agglomération,Hors intersection,Normale,Deux véhicules - côté,,,,,,,,,,,1,2,1,1.0,3.0
201800034746,0018-05-31 08:24:00,18,5,31,8,24,780,551,RN 13,48.89942,2.07374,Plein jour,En agglomération,Intersection en Y,Normale,Autre collision,,,,,,,,,,,1,2,4,1.0,6.0
201800034747,0018-05-31 10:34:00,18,5,31,10,34,780,650,MONTESSON (ROUTE DE),48.8981,2.1148,Plein jour,En agglomération,Hors intersection,Normale,Autre collision,,,,,,,,,,,1,2,1,1.0,6.0
201800034748,0018-05-29 18:45:00,18,5,29,18,45,780,418,GENERAL LECLERC (RUE DU),48.90784,2.14943,Plein jour,En agglomération,Intersection en X,Normale,Autre collision,,,,,,,,,,,1,2,2,1.0,6.0
201800034749,0018-06-08 11:30:00,18,6,8,11,30,780,551,PAIX (BD DE LA),48.89563,2.0726,Plein jour,En agglomération,Intersection en X,Normale,Autre collision,,,,,,,,,,,1,2,2,1.0,6.0
201800034750,0018-06-13 20:00:00,18,6,13,20,0,780,133,RD 113,48.91141,2.03269,Plein jour,En agglomération,Giratoire,Normale,Autre collision,,,,,,,,,,,1,2,6,1.0,6.0
201800034751,0018-06-22 21:45:00,18,6,22,21,45,780,502,VERSAILLES (RTE DE),48.87917,2.10904,Crépuscule ou aube,En agglomération,Intersection en T,Normale,Deux véhicules - arrière,,,,,,,,,,,2,2,3,1.0,2.0
201800034752,0018-06-29 16:30:00,18,6,29,16,30,780,7,CD 30 (CH.DEPARTEMENTAL),48.90051,2.00248,Plein jour,Hors agglomération,Hors intersection,Temps éblouissant,Trois véhicules et plus - collisions multiples,,,,,,,,,,,1,1,1,7.0,5.0
201800034753,0018-07-23 23:35:00,18,7,23,23,35,780,372,VERSAILLES (ROUTE DE),48.87388,2.1017,Nuit avec éclairage allumé,En agglomération,Intersection en T,Normale,Deux véhicules - côté,,,,,,,,,,,5,2,3,1.0,3.0
201800034754,0018-07-29 18:02:00,18,7,29,18,2,780,650,GRAND VENEUR (AVENUE DU),48.89809,2.12395,Plein jour,En agglomération,Intersection en T,Temps couvert,Deux véhicules - côté,,,,,,,,,,,1,2,3,8.0,3.0
201800034755,0018-08-19 17:00:00,18,8,19,17,0,780,551,RN 184,,,Plein jour,Hors agglomération,Hors intersection,Normale,Autre collision,,,,,,,,,,,1,1,1,1.0,6.0
201800034756,0018-08-26 22:35:00,18,8,26,22,35,780,650,MONTESSON (ROUTE DE),48.89879,2.11751,Nuit avec éclairage allumé,En agglomération,Intersection en T,Normale,Deux véhicules - côté,,,,,,,,,,,5,2,3,1.0,3.0
201800034757,0018-09-06 17:25:00,18,9,6,17,25,780,551,POISSY (DE),48.89991,2.0928,Plein jour,En agglomération,Hors intersection,Temps éblouissant,Trois véhicules et plus - en chaîne,,,,,,,,,,,1,2,1,7.0,4.0
201800034758,0018-09-16 13:20:00,18,9,16,13,20,780,251,CHEMIN DEPARTEMENTAL 98,48.90001,2.09276,Plein jour,Hors agglomération,Hors intersection,Normale,Deux véhicules - côté,,,,,,,,,,,1,1,1,1.0,3.0
201800034759,0018-09-17 21:35:00,18,9,17,21,35,780,481,GENERAL LECLERC (AVENUE,48.8869,2.1001,Nuit avec éclairage allumé,En agglomération,Hors intersection,Normale,Autre collision,,,,,,,,,,,5,2,1,1.0,6.0
201800034760,0018-09-26 10:00:00,18,9,26,10,0,780,418,GABRIEL PERI (AVENUE),48.92803,2.14322,Plein jour,En agglomération,Autre intersection,Normale,Autre collision,,,,,,,,,,,1,2,9,1.0,6.0
201800034761,0018-09-26 17:00:00,18,9,26,17,0,780,650,MONTESSON (ROUTE DE),48.90248,2.13598,Plein jour,En agglomération,Hors intersection,Normale,Autre collision,,,,,,,,,,,1,2,1,1.0,6.0
201800034762,0018-09-29 14:30:00,18,9,29,14,30,780,133,MANTES (ROUTE DE),48.91146,2.03213,Plein jour,En agglomération,Hors intersection,Normale,Autre collision,,,,,,,,,,,1,2,1,1.0,6.0
201800034763,0018-09-30 17:20:00,18,9,30,17,20,780,481,CHARLES DE GAULLE (AVENU,48.89254,2.10455,Plein jour,En agglomération,Autre intersection,Normale,Sans collision,,,,,,,,,,,1,2,9,1.0,7.0
201800034764,0018-10-05 09:20:00,18,10,5,9,20,780,146,PONT DE CHATOU,48.88819,2.21631,Plein jour,En agglomération,Hors intersection,Temps éblouissant,Deux véhicules - arrière,,,,,,,,,,,1,2,1,7.0,2.0
201800034765,0018-10-05 23:00:00,18,10,5,23,0,780,126,DRIONNE (AVENUE DE LA),48.84614,2.13469,Nuit avec éclairage allumé,En agglomération,Intersection en T,Normale,Deux véhicules - côté,,,,,,,,,,,5,2,3,1.0,3.0
201800034766,0018-10-02 13:14:00,18,10,2,13,14,780,551,GAMBETTA (AVENUE),48.89685,2.0981,Plein jour,En agglomération,Hors intersection,Normale,Deux véhicules - côté,,,,,,,,,,,1,2,1,1.0,3.0
201800034767,0018-10-09 19:40:00,18,10,9,19,40,780,650,MONTESSON (ROUTE DE),48.90209,2.13399,Nuit avec éclairage allumé,En agglomération,Hors intersection,Normale,Autre collision,,,,,,,,,,,5,2,1,1.0,6.0
201800034768,0018-10-09 21:55:00,18,10,9,21,55,780,133,CD 30,48.89629,1.99563,Nuit sans éclairage public,Hors agglomération,Hors intersection,Normale,Deux véhicules - frontale,,,,,,,,,,,3,1,1,1.0,1.0
201800034769,0018-10-16 08:25:00,18,10,16,8,25,780,190,PONTS (RUE DES),48.87746,2.14231,Plein jour,En agglomération,Hors intersection,Normale,Autre collision,,,,,,,,,,,1,2,1,1.0,6.0
201800034770,0018-10-15 19:45:00,18,10,15,19,45,780,418,ESPERANCE / Rue Paix,48.92501,2.1519,Crépuscule ou aube,En agglomération,Hors intersection,Normale,Deux véhicules - frontale,,,,,,,,,,,2,2,1,1.0,1.0
201800034771,0018-10-30 11:40:00,18,10,30,11,40,780,502,SIMON VOUET (AVENUE),48.87882,2.11217,Plein jour,En agglomération,Hors intersection,Pluie légère,Autre collision,,,,,,,,,,,1,2,1,2.0,6.0
201800034772,0018-11-05 18:00:00,18,11,5,18,0,780,551,RN 184,48.92343,2.08716,Nuit sans éclairage public,Hors agglomération,Hors intersection,Normale,Deux véhicules - côté,,,,,,,,,,,3,1,1,1.0,3.0
201800034773,0018-11-14 13:35:00,18,11,14,13,35,780,650,LORRAINE (AVENUE DU),48.88156,2.12386,Plein jour,En agglomération,Intersection en T,Normale,Deux véhicules - côté,,,,,,,,,,,1,2,3,1.0,3.0
201800034774,0018-11-14 17:45:00,18,11,14,17,45,780,146,VESINET (ROUTE DU),48.9031,2.13899,Nuit avec éclairage allumé,En agglomération,Intersection en T,Normale,Deux véhicules - côté,,,,,,,,,,,5,2,3,1.0,3.0
201800034775,0018-11-17 17:50:00,18,11,17,17,50,780,146,REPUBLIQUE (BOULEVARD DE,48.8967,2.15296,Nuit avec éclairage allumé,En agglomération,Hors intersection,Normale,Deux véhicules - frontale,,,,,,,,,,,5,2,1,1.0,1.0
201800034776,0018-11-28 09:30:00,18,11,28,9,30,780,372,SAINT CYR (ROUTE DE),48.85418,2.08375,Plein jour,Hors agglomération,Autre intersection,Normale,Deux véhicules - côté,,,,,,,,,,,1,1,9,1.0,3.0
201800034777,0018-12-05 06:05:00,18,12,5,6,5,780,418,GABRIEL PERI (AVENUE),48.918,2.122,Nuit avec éclairage allumé,En agglomération,Hors intersection,Normale,Deux véhicules - frontale,,,,,,,,,,,5,2,1,1.0,1.0
201800034778,0018-12-14 08:50:00,18,12,14,8,50,780,650,PAGES (AVENUE DES),48.90353,2.1356,Plein jour,En agglomération,Giratoire,Normale,Deux véhicules - côté,,,,,,,,,,,1,2,6,1.0,3.0
201800034779,0018-12-23 19:45:00,18,12,23,19,45,780,551,ROOSEVELT (DU PRESIDENT),48.90343,2.05657,Nuit avec éclairage allumé,Hors agglomération,Hors intersection,Pluie légère,Autre collision,,,,,,,,,,,5,1,1,2.0,6.0
201800034780,0018-01-01 02:17:00,18,1,1,2,17,780,586,MAUPASSANT /Frette,48.9476,2.17116,Nuit avec éclairage allumé,En agglomération,Giratoire,Pluie légère,Sans collision,,,,,,,,,,,5,2,6,2.0,7.0
201800034781,0018-02-02 16:25:00,18,2,2,16,25,780,311,PRESIDENT KENNEDY (RUE D,48.9236,2.1792,Plein jour,En agglomération,Intersection en X,Normale,Autre collision,,,,,,,,,,,1,2,2,1.0,6.0
201800034782,0018-02-04 06:15:00,18,2,4,6,15,780,586,"145, CLEMENCEAU (G.)",48.94208,2.19911,Nuit avec éclairage allumé,En agglomération,Hors intersection,Pluie légère,Autre collision,,,,,,,,,,,5,2,1,2.0,6.0
201800034783,0018-03-26 01:15:00,18,3,26,1,15,780,311,JEAN JAURES (BOULEVARD),48.91946,2.18813,Nuit avec éclairage allumé,En agglomération,Intersection en T,Normale,Deux véhicules - côté,,,,,,,,,,,5,2,3,1.0,3.0
201800034784,0018-03-30 07:45:00,18,3,30,7,45,780,124,SAINT GERMAIN (ROUTE DE),48.91443,2.17434,Plein jour,En agglomération,Hors intersection,Normale,Autre collision,,,,,,,,,,,1,2,1,1.0,6.0