accident_id,datetime,annee,mois,jour,heure,minute,departement,commune_insee,adresse,latitude,longitude,luminosite,agglomeration,intersection,meteo,collision,nb_vehicules,nb_usagers,nb_indemnes,nb_tues,nb_blesses_hosp,nb_blesses_legers,age_cond_1,age_cond_2,veh_type_cond_1,veh_type_cond_2,lum_code,agg_code,int_code,atm_code,col_code
201800034785,0018-04-20 08:50:00,18,4,20,8,50,780,586,CHATOU Nø1 A 25 ET Nø2 A,48.94163,2.18981,Plein jour,En agglomération,Intersection en T,Normale,Deux véhicules - côté,,,,,,,,,,,1,2,3,1.0,3.0
201800034786,0018-04-21 23:50:00,18,4,21,23,50,780,124,FERMETTES (RUE DES),48.91163,2.18699,Nuit avec éclairage non allumé,En agglomération,Hors intersection,Normale,Autre collision,,,,,,,,,,,4,2,1,1.0,6.0
201800034787,0018-04-25 00:30:00,18,4,25,0,30,780,311,EMILE ZOLA (BOULEVARD),48.92438,2.20058,Nuit avec éclairage allumé,En agglomération,Hors intersection,Normale,Autre collision,,,,,,,,,,,5,2,1,1.0,6.0
201800034788,0018-05-11 09:48:00,18,5,11,9,48,780,311,04 SEPTEMBRE (RUE DU),48.92093,2.18475,Plein jour,En agglomération,Hors intersection,Normale,Autre collision,,,,,,,,,,,1,2,1,1.0,6.0
201800034789,0018-05-29 16:18:00,18,5,29,16,18,780,586,TOBROUK / PAIX,,,Plein jour,En agglomération,Giratoire,Normale,Deux véhicules - côté,,,,,,,,,,,1,2,6,1.0,3.0
201800034790,0018-06-01 23:20:00,18,6,1,23,20,780,311,HENRI BARBUSSE (BOULEVAR,48.92694,2.19238,Nuit avec éclairage allumé,En agglomération,Intersection en X,Normale,Deux véhicules - côté,,,,,,,,,,,5,2,2,1.0,3.0
201800034791,0018-06-20 16:55:00,18,6,20,16,55,780,311,DENIS PAPIN (RUE),48.93135,2.19456,Plein jour,En agglomération,Hors intersection,Normale,Deux véhicules - frontale,,,,,,,,,,,1,2,1,1.0,1.0
201800034792,0018-07-17 21:30:00,18,7,17,21,30,780,586,BERTEAUX (MAURICE) Nø15,48.93919,2.16913,Plein jour,En agglomération,Hors intersection,Normale,Trois véhicules et plus - collisions multiples,,,,,,,,,,,1,2,1,1.0,5.0
201800034793,0018-07-20 17:15:00,18,7,20,17,15,780,311,CAMILLE PELLETAN (RUE),48.928,2.186,Plein jour,En agglomération,Hors intersection,Normale,Deux véhicules - côté,,,,,,,,,,,1,2,1,1.0,3.0
201800034794,0018-08-22 22:05:00,18,8,22,22,5,780,311,MOLIERE (RUE),48.9183,2.1924,Nuit avec éclairage allumé,En agglomération,Intersection en X,Normale,Deux véhicules - côté,,,,,,,,,,,5,2,2,1.0,3.0
201800034795,0018-08-25 17:05:00,18,8,25,17,5,780,124,GENERAL LECLERC (RUE DU),48.90715,2.17515,Plein jour,En agglomération,Intersection en T,Normale,Autre collision,,,,,,,,,,,1,2,3,1.0,6.0
201800034796,0018-10-20 00:40:00,18,10,20,0,40,780,586,BERTEAUX (MAURICE) Nø44,48.93733,2.16023,Nuit avec éclairage allumé,En agglomération,Hors intersection,Normale,Autre collision,,,,,,,,,,,5,2,1,1.0,6.0
201800034797,0018-10-21 07:34:00,18,10,21,7,34,780,311,JEAN JAURES (BOULEVARD),,,Nuit avec éclairage allumé,En agglomération,Hors intersection,Normale,Deux véhicules - frontale,,,,,,,,,,,5,2,1,1.0,1.0
201800034798,0018-10-31 10:30:00,18,10,31,10,30,780,311,VOLTAIRE (RUE),48.91918,2.18846,Plein jour,En agglomération,Intersection en X,Normale,Autre collision,,,,,,,,,,,1,2,2,1.0,6.0
201800034799,0018-11-17 16:33:00,18,11,17,16,33,780,586,CORMEILLES Nø IMPAIR,48.9463,2.1759,Plein jour,En agglomération,Hors intersection,Normale,Autre collision,,,,,,,,,,,1,2,1,1.0,6.0
201800034800,0018-11-23 00:05:00,18,11,23,0,5,780,396,JULES REIN (RUE),48.9196,2.11679,Nuit sans éclairage public,En agglomération,Hors intersection,Autre,Sans collision,,,,,,,,,,,3,2,1,9.0,7.0
201800034801,0018-12-01 18:20:00,18,12,1,18,20,780,586,CARREFOUR MARKET,48.9466,2.19527,Nuit avec éclairage allumé,Hors agglomération,Autre intersection,Normale,Autre collision,,,,,,,,,,,5,1,9,1.0,6.0
201800034802,0018-12-16 20:20:00,18,12,16,20,20,780,586,MERMOZ (JEAN),48.94595,2.17402,Nuit avec éclairage allumé,En agglomération,Intersection en X,Pluie légère,Autre collision,,,,,,,,,,,5,2,2,2.0,6.0
201800034803,0018-12-20 19:14:00,18,12,20,19,14,780,124,MAURICE BERTEAUX (BOULEV,48.9135,2.1843,Nuit avec éclairage allumé,En agglomération,Hors intersection,Normale,Autre collision,,,,,,,,,,,5,2,1,1.0,6.0
201800034804,0018-12-11 09:05:00,18,12,11,9,5,780,586,LOUISE MICHEL,48.93758,2.16114,Plein jour,En agglomération,Intersection en T,Normale,Autre collision,,,,,,,,,,,1,2,3,1.0,6.0
201800034805,0018-01-08 13:05:00,18,1,8,13,5,780,640,"101, GENERAL DE GAULLE (",48.78534,2.18062,Plein jour,En agglomération,Intersection en X,Normale,Autre collision,,,,,,,,,,,1,2,2,1.0,6.0
201800034806,0018-01-12 17:40:00,18,1,12,17,40,780,640,"18, SAVOIE (AVENUE DE)",48.78396,2.16979,Nuit avec éclairage allumé,En agglomération,Hors intersection,Normale,Autre collision,,,,,,,,,,,5,2,1,1.0,6.0
201800034807,0018-02-02 17:05:00,18,2,2,17,5,780,646,"77, CHANTIERS (RUE DES)",48.79265,2.14435,Plein jour,En agglomération,Hors intersection,Pluie légère,Deux véhicules - côté,,,,,,,,,,,1,2,1,2.0,3.0
201800034808,0018-01-26 21:00:00,18,1,26,21,0,780,646,"49, MARECHAL FOCH (RUE D",48.80978,2.13149,Nuit avec éclairage allumé,En agglomération,Hors intersection,Normale,Autre collision,,,,,,,,,,,5,2,1,1.0,6.0
201800034809,0018-01-31 15:00:00,18,1,31,15,0,780,646,"20, LA FAYETTE (RUE)",48.8121,2.12778,Plein jour,En agglomération,Hors intersection,Pluie forte,Autre collision,,,,,,,,,,,1,2,1,3.0,6.0
201800034810,0018-02-12 09:50:00,18,2,12,9,50,780,640,ANDRE CITROEN (RUE),48.77573,2.2217,Plein jour,En agglomération,Hors intersection,Temps couvert,Deux véhicules - frontale,,,,,,,,,,,1,2,1,8.0,1.0
201800034811,0018-02-24 12:30:00,18,2,24,12,30,780,158,DUTARTRE (AVENUE),,,Plein jour,En agglomération,Hors intersection,Normale,Deux véhicules - arrière,,,,,,,,,,,1,2,1,1.0,2.0
201800034812,0018-02-21 12:05:00,18,2,21,12,5,780,117,JEAN CASALE (AVENUE),48.7654,2.12801,Plein jour,Hors agglomération,Intersection en X,Normale,Deux véhicules - arrière,,,,,,,,,,,1,1,2,1.0,2.0
201800034813,0018-03-03 12:15:00,18,3,3,12,15,780,524,ROUTE DE VERSAILLES,48.84156,2.11079,Plein jour,Hors agglomération,Hors intersection,Temps couvert,Trois véhicules et plus - collisions multiples,,,,,,,,,,,1,1,1,8.0,5.0
201800034814,0018-03-03 16:20:00,18,3,3,16,20,780,126,"40, SAUT DU LOUP (AVENUE",48.83949,2.12562,Plein jour,En agglomération,Hors intersection,Temps couvert,Autre collision,,,,,,,,,,,1,2,1,8.0,6.0
201800034815,0018-03-20 07:10:00,18,3,20,7,10,780,646,SAINT ANTOINE (BOULEVARD,48.81803,2.12112,Nuit avec éclairage allumé,En agglomération,Intersection en X,Normale,Autre collision,,,,,,,,,,,5,2,2,1.0,6.0
201800034816,0018-04-15 13:45:00,18,4,15,13,45,780,686,GENERAL LECLERC (AVENUE,48.80026,2.1613,Plein jour,En agglomération,Hors intersection,Normale,Deux véhicules - arrière,,,,,,,,,,,1,2,1,1.0,2.0
201800034817,0018-04-24 19:15:00,18,4,24,19,15,780,646,SAINT CYR (ROUTE DE),48.80339,2.10223,Plein jour,Hors agglomération,Hors intersection,Temps éblouissant,Deux véhicules - côté,,,,,,,,,,,1,1,1,7.0,3.0
201800034818,0018-04-29 11:55:00,18,4,29,11,55,780,646,CARNOT (RUE),48.80339,2.10223,Plein jour,En agglomération,Hors intersection,Pluie légère,Autre collision,,,,,,,,,,,1,2,1,2.0,6.0
201800034819,0018-05-09 09:20:00,18,5,9,9,20,780,646,ROCKFELLER (AVENUE),48.80297,2.12637,Plein jour,En agglomération,Intersection en X,Normale,Deux véhicules - côté,,,,,,,,,,,1,2,2,1.0,3.0
201800034820,0018-05-25 08:00:00,18,5,25,8,0,780,646,DIVISION LECLERC (RUE DE,48.8011,2.07995,Plein jour,En agglomération,Hors intersection,Normale,Deux véhicules - arrière,,,,,,,,,,,1,2,1,1.0,2.0
201800034821,0018-05-23 08:40:00,18,5,23,8,40,780,126,DUCHESNE LUCIEN RENE (AV,48.84077,2.13088,Plein jour,En agglomération,Hors intersection,Normale,Deux véhicules - arrière,,,,,,,,,,,1,2,1,1.0,2.0
201800034822,0018-05-29 17:50:00,18,5,29,17,50,780,646,PARIS (AVENUE DE),48.0,2.1613,Plein jour,En agglomération,Intersection en X,Normale,Deux véhicules - côté,,,,,,,,,,,1,2,2,1.0,3.0
201800034823,0018-05-28 19:00:00,18,5,28,19,0,780,646,LOI (PLACE DE LA),48.81505,2.12863,Plein jour,En agglomération,Autre intersection,Normale,Deux véhicules - côté,,,,,,,,,,,1,2,9,1.0,3.0
201800034824,0018-06-01 11:35:00,18,6,1,11,35,780,640,EUROPE (AVENUE DE L'),48.78072,2.19074,Plein jour,En agglomération,Intersection en X,Normale,Autre collision,,,,,,,,,,,1,2,2,1.0,6.0
201800034825,0018-06-04 20:10:00,18,6,4,20,10,780,646,MARECHAL FOCH (RUE DU),48.80656,2.13206,Plein jour,En agglomération,Intersection en X,Normale,Deux véhicules - côté,,,,,,,,,,,1,2,2,1.0,3.0
201800034826,0018-06-08 14:30:00,18,6,8,14,30,780,646,PARIS (AVENUE DE),42.80068,2.13556,Plein jour,En agglomération,Hors intersection,Normale,Deux véhicules - côté,,,,,,,,,,,1,2,1,1.0,3.0
201800034827,0018-05-24 20:00:00,18,5,24,20,0,780,158,SCHWEITZER/POTTIER,48.82405,2.12841,Plein jour,En agglomération,Hors intersection,Normale,Autre collision,,,,,,,,,,,1,2,1,1.0,6.0
201800034828,0018-06-13 20:55:00,18,6,13,20,55,780,646,MARECHAL FOCH (RUE DU),48.80882,2.13336,Plein jour,En agglomération,Intersection en X,Normale,Deux véhicules - côté,,,,,,,,,,,1,2,2,1.0,3.0
201800034829,0018-06-19 17:15:00,18,6,19,17,15,780,646,CARNOT (RUE),48.80641,2.12656,Plein jour,En agglomération,Intersection en T,Normale,Deux véhicules - côté,,,,,,,,,,,1,2,3,1.0,3.0
201800034830,0018-06-20 19:32:00,18,6,20,19,32,780,646,PARIS (AVENUE DE),48.80216,2.12981,Plein jour,En agglomération,Intersection en X,Normale,Deux véhicules - côté,,,,,,,,,,,1,2,2,1.0,3.0
201800034831,0018-06-25 14:15:00,18,6,25,14,15,780,686,PAVE DE MEUDON (ROUTE DU,48.79746,2.17258,Plein jour,En agglomération,Intersection en X,Normale,Deux véhicules - côté,,,,,,,,,,,1,2,2,1.0,3.0
201800034832,0018-06-29 11:05:00,18,6,29,11,5,780,322,PIERRE VAUDENAY (RUE),48.7689,2.16663,Plein jour,En agglomération,Intersection en X,Normale,Autre collision,,,,,,,,,,,1,2,2,1.0,6.0
201800034833,0018-07-01 18:50:00,18,7,1,18,50,780,646,GENERAL PERSHING (RUE DU,48.81196,2.151,Plein jour,En agglomération,Hors intersection,Normale,Deux véhicules - côté,,,,,,,,,,,1,2,1,1.0,3.0
201800034834,0018-07-04 16:14:00,18,7,4,16,14,780,646,ANDRE MIGNOT (PLACE),48.80341,2.13177,Plein jour,En agglomération,Hors intersection,Normale,Deux véhicules - frontale,,,,,,,,,,,1,2,1,1.0,1.0
201800034835,0018-07-06 18:50:00,18,7,6,18,50,780,158,VERSAILLES (RUE DE),48.82034,2.12696,Plein jour,En agglomération,Intersection en T,Normale,Deux véhicules - côté,,,,,,,,,,,1,2,3,1.0,3.0
201800034836,0018-07-10 18:40:00,18,7,10,18,40,780,646,PAROISSE (RUE DE LA),48.80759,2.12683,Plein jour,En agglomération,Hors intersection,Normale,Deux véhicules - côté,,,,,,,,,,,1,2,1,1.0,3.0
201800034837,0018-07-12 17:20:00,18,7,12,17,20,780,158,VERDUN (AVENUE DE),48.83754,2.13956,Plein jour,En agglomération,Hors intersection,Normale,Trois véhicules et plus - collisions multiples,,,,,,,,,,,1,2,1,1.0,5.0
201800034838,0018-07-17 15:10:00,18,7,17,15,10,780,646,parc du Château,48.81123,2.10869,Plein jour,Hors agglomération,Hors intersection,Normale,Sans collision,,,,,,,,,,,1,1,1,1.0,7.0
201800034839,0018-07-30 10:00:00,18,7,30,10,0,780,126,DUCHESNE LUCIEN RENE (AV,48.843,2.13208,Plein jour,En agglomération,Hors intersection,Normale,Trois véhicules et plus - collisions multiples,,,,,,,,,,,1,2,1,1.0,5.0
201800034840,0018-07-27 22:00:00,18,7,27,22,0,780,640,EUROPE (AVENUE DE L'),48.78372,2.21977,Crépuscule ou aube,En agglomération,Hors intersection,Normale,Sans collision,,,,,,,,,,,2,2,1,1.0,7.0
201800034841,0018-06-12 20:50:00,18,6,12,20,50,780,640,LOUIS BREGUET (AVENUE),48.78203,2.17804,Crépuscule ou aube,En agglomération,Hors intersection,Normale,Trois véhicules et plus - collisions multiples,,,,,,,,,,,2,2,1,1.0,5.0
201800034842,0018-08-05 12:30:00,18,8,5,12,30,780,646,HOCHE (RUE),48.80696,2.12839,Plein jour,En agglomération,Hors intersection,Normale,Deux véhicules - arrière,,,,,,,,,,,1,2,1,1.0,2.0
201800034843,0018-08-14 15:58:00,18,8,14,15,58,780,646,MARCHE NOTRE DAME (PLACE,,,Plein jour,En agglomération,Hors intersection,Normale,Autre collision,,,,,,,,,,,1,2,1,1.0,6.0
201800034844,0018-08-19 18:05:00,18,8,19,18,5,780,646,REINE (BD DE LA),48.80851,2.14001,Plein jour,En agglomération,Intersection en X,Normale,Deux véhicules - côté,,,,,,,,,,,1,2,2,1.0,3.0
201800034845,0018-09-06 10:50:00,18,9,6,10,50,780,646,Lagarde / Vauban,48.80246,2.15297,Plein jour,En agglomération,Hors intersection,Normale,Deux véhicules - côté,,,,,,,,,,,1,2,1,1.0,3.0
201800034846,0018-09-11 18:45:00,18,9,11,18,45,780,646,MARECHAL FOCH (RUE DU),48.81073,2.13453,Plein jour,En agglomération,Intersection en X,Normale,Autre collision,,,,,,,,,,,1,2,2,1.0,6.0
201800034847,0018-09-16 13:10:00,18,9,16,13,10,780,524,bretelle A13,48.83906,2.11125,Plein jour,Hors agglomération,Hors intersection,Normale,Trois véhicules et plus - en chaîne,,,,,,,,,,,1,1,1,1.0,4.0
201800034848,0018-09-18 18:53:00,18,9,18,18,53,780,646,REINE (BOULEVARD DE LA),48.80846,2.14003,Plein jour,En agglomération,Intersection en X,Normale,Deux véhicules - côté,,,,,,,,,,,1,2,2,1.0,3.0
201800034849,0018-09-21 08:23:00,18,9,21,8,23,780,646,BONNE AVENTURE (RUE DE L,48.80687,2.15158,Plein jour,En agglomération,Intersection en X,Normale,Autre collision,,,,,,,,,,,1,2,2,1.0,6.0
201800034850,0018-10-05 07:00:00,18,10,5,7,0,780,92,RENNEQUIN SUALEM (QUAI),,,Nuit avec éclairage allumé,En agglomération,Hors intersection,Normale,Autre collision,,,,,,,,,,,5,2,1,1.0,6.0
201800034851,0018-09-30 17:15:00,18,9,30,17,15,780,126,GUIBERT ANDRE-RENE (AVEN,,,Plein jour,En agglomération,Hors intersection,Normale,Autre collision,,,,,,,,,,,1,2,1,1.0,6.0
201800034852,0018-10-31 23:00:00,18,10,31,23,0,780,686,GENERAL LECLERC (AVENUE,48.80416,2.16963,Nuit avec éclairage allumé,En agglomération,Intersection en X,Pluie légère,Deux véhicules - côté,,,,,,,,,,,5,2,2,2.0,3.0
201800034853,0018-11-09 16:51:00,18,11,9,16,51,780,646,MARECHAL JOFFRE (RUE DU),48.79542,2.12163,Crépuscule ou aube,En agglomération,Hors intersection,Temps couvert,Deux véhicules - côté,,,,,,,,,,,2,2,1,8.0,3.0
201800034854,0018-11-14 22:50:00,18,11,14,22,50,780,640,LOUIS BREGUET (AVENUE),48.0,2.17537,Nuit avec éclairage allumé,En agglomération,Hors intersection,Normale,Deux véhicules - côté,,,,,,,,,,,5,2,1,1.0,3.0
201800034855,0018-11-15 20:10:00,18,11,15,20,10,780,646,CLEMENT ADER (AVENUE),48.79117,2.10793,Nuit sans éclairage public,Hors agglomération,Intersection en X,Normale,Deux véhicules - côté,,,,,,,,,,,3,1,2,1.0,3.0
201800034856,0018-11-20 08:40:00,18,11,20,8,40,780,92,MOULIN JEAN (AVENUE),48.85829,2.13955,Crépuscule ou aube,En agglomération,Intersection en T,Pluie légère,Deux véhicules - côté,,,,,,,,,,,2,2,3,2.0,3.0
201800034857,0018-11-27 20:08:00,18,11,27,20,8,780,640,LOUIS BREGUET (AVENUE),48.78201,2.17804,Nuit avec éclairage allumé,En agglomération,Hors intersection,Pluie légère,Autre collision,,,,,,,,,,,5,2,1,2.0,6.0
201800034858,0018-12-03 12:00:00,18,12,3,12,0,780,640,PICARDIE (AVENUE DE),48.78158,2.16917,Plein jour,En agglomération,Intersection en X,Pluie légère,Autre collision,,,,,,,,,,,1,2,2,2.0,6.0
201800034859,0018-12-05 15:35:00,18,12,5,15,35,780,158,POTTIER (RUE),48.82262,2.1269,Plein jour,En agglomération,Intersection en X,Normale,Deux véhicules - côté,,,,,,,,,,,1,2,2,1.0,3.0
201800034860,0018-12-03 18:00:00,18,12,3,18,0,780,158,place simart,48.82545,2.13054,Crépuscule ou aube,En agglomération,Hors intersection,Normale,Autre collision,,,,,,,,,,,2,2,1,1.0,6.0
201800034861,0018-12-09 17:40:00,18,12,9,17,40,780,646,CLEMENT ADER (AVENUE),48.78346,2.10644,Nuit sans éclairage public,Hors agglomération,Hors intersection,Temps couvert,Sans collision,,,,,,,,,,,3,1,1,8.0,7.0
201800034862,0018-12-11 16:14:00,18,12,11,16,14,780,646,ROI (BOULEVARD DU),48.0,2.10644,Plein jour,En agglomération,Hors intersection,Normale,Deux véhicules - arrière,,,,,,,,,,,1,2,1,1.0,2.0
201800034863,0018-12-18 07:43:00,18,12,18,7,43,780,646,PONT COLBERT (RUE DU),48.79173,2.14601,Nuit avec éclairage allumé,En agglomération,Intersection en X,Normale,Autre collision,,,,,,,,,,,5,2,2,1.0,6.0
201800034864,0018-12-26 10:15:00,18,12,26,10,15,780,686,RIEUSSEC (RUE),48.80392,2.16988,Plein jour,En agglomération,Intersection en X,Normale,Autre collision,,,,,,,,,,,1,2,2,1.0,6.0
201800034865,0018-01-29 06:00:00,18,1,29,6,0,790,191,"20, SARRAZINE",46.33234,-0.45758,Nuit sans éclairage public,En agglomération,Hors intersection,Brouillard / fumée,Sans collision,,,,,,,,,,,3,2,1,5.0,7.0
201800034866,0018-02-22 11:20:00,18,2,22,11,20,790,191,9 CHEMIN DE PIERRE,46.31898,-0.47979,Plein jour,En agglomération,Intersection en T,Normale,Deux véhicules - côté,,,,,,,,,,,1,2,3,1.0,3.0
201800034867,0018-02-22 17:40:00,18,2,22,17,40,790,191,2 RUE DU HAUT SURIMEAU,46.35713,-0.45782,Plein jour,En agglomération,Intersection en T,Normale,Deux véhicules - côté,,,,,,,,,,,1,2,3,1.0,3.0
201800034868,0018-04-04 17:55:00,18,4,4,17,55,790,191,519 AVENUE DE PARIS,46.33829,-0.41638,Plein jour,En agglomération,Hors intersection,Normale,Autre collision,,,,,,,,,,,1,2,1,1.0,6.0
201800034869,0018-03-05 18:35:00,18,3,5,18,35,790,191,270 AV DE LA ROCHELLE,46.30803,-0.48457,Plein jour,En agglomération,Hors intersection,Temps couvert,Deux véhicules - côté,,,,,,,,,,,1,2,1,8.0,3.0
201800034870,0018-05-08 11:55:00,18,5,8,11,55,790,191,33 RUE DE SOLFERINO,46.32021,-0.46176,Plein jour,En agglomération,Hors intersection,Normale,Autre collision,,,,,,,,,,,1,2,1,1.0,6.0
201800034871,0018-05-15 20:15:00,18,5,15,20,15,790,191,AV SAINT-JEAN-D'ANGELY,46.31029,-0.46573,Plein jour,En agglomération,Intersection en X,Normale,Deux véhicules - côté,,,,,,,,,,,1,2,2,1.0,3.0
201800034872,0018-05-17 20:00:00,18,5,17,20,0,790,191,21 RUE P.A. BAUGIER,46.32765,-0.46612,Plein jour,En agglomération,Intersection en T,Normale,Deux véhicules - côté,,,,,,,,,,,1,2,3,1.0,3.0
201800034873,0018-05-18 17:15:00,18,5,18,17,15,790,191,23 RUE DE LA TOUR CHABOT,46.32535,-0.48075,Plein jour,En agglomération,Intersection en T,Normale,Deux véhicules - côté,,,,,,,,,,,1,2,3,1.0,3.0
201800034874,0018-05-24 18:35:00,18,5,24,18,35,790,191,222 RUE MARECHAL LECLERC,46.33856,-0.4468,Plein jour,En agglomération,Hors intersection,Normale,Deux véhicules - côté,,,,,,,,,,,1,2,1,1.0,3.0
201800034875,0018-05-25 08:25:00,18,5,25,8,25,790,191,RUE JEAN POMMIER,46.31069,-0.47416,Plein jour,En agglomération,Intersection en T,Normale,Deux véhicules - frontale,,,,,,,,,,,1,2,3,1.0,1.0
201800034876,0018-05-26 23:10:00,18,5,26,23,10,790,191,RUE DE SOUCHE,46.32745,-0.44462,Nuit avec éclairage allumé,En agglomération,Intersection en T,Normale,Deux véhicules - côté,,,,,,,,,,,5,2,3,1.0,3.0
201800034877,0018-06-20 18:05:00,18,6,20,18,5,790,191,BD PIERRE MENDES-FRANCE,46.31932,-0.41821,Plein jour,En agglomération,Hors intersection,Normale,Autre collision,,,,,,,,,,,1,2,1,1.0,6.0
201800034878,0018-06-22 21:55:00,18,6,22,21,55,790,191,13 AVENUE DE PARIS,46.32422,-0.45377,Crépuscule ou aube,En agglomération,Hors intersection,Normale,Deux véhicules - arrière,,,,,,,,,,,2,2,1,1.0,2.0
201800034879,0018-07-06 16:45:00,18,7,6,16,45,790,81,RUE DES COMBES,46.34579,-0.3981,Plein jour,En agglomération,Intersection en X,Normale,Autre collision,,,,,,,,,,,1,2,2,1.0,6.0
201800034880,0018-07-11 08:30:00,18,7,11,8,30,790,191,74 AVENUE DE LIMOGES,46.31988,-0.45112,Plein jour,En agglomération,Intersection à plus de 4 branches,Normale,Autre collision,,,,,,,,,,,1,2,5,1.0,6.0
201800034881,0018-08-02 16:35:00,18,8,2,16,35,790,191,8 RUE STE CLAIRE DEVILLE,46.3158,-0.49457,Plein jour,En agglomération,Hors intersection,Normale,Deux véhicules - côté,,,,,,,,,,,1,2,1,1.0,3.0
201800034882,0018-08-21 08:45:00,18,8,21,8,45,790,191,PLACE DE LA COMEDIE,46.32265,-0.46187,Plein jour,En agglomération,Place,Normale,Deux véhicules - arrière,,,,,,,,,,,1,2,7,1.0,2.0
201800034883,0018-08-24 13:40:00,18,8,24,13,40,790,81,ROUTE DE PARIS,46.33985,-0.40369,Plein jour,En agglomération,Autre intersection,Normale,Deux véhicules - arrière,,,,,,,,,,,1,2,9,1.0,2.0
201800034884,0018-08-31 07:40:00,18,8,31,7,40,790,191,116 RUE CHABAUDY,46.32136,-0.47073,Plein jour,En agglomération,Intersection en T,Normale,Sans collision,,,,,,,,,,,1,2,3,1.0,7.0
201800034885,0018-08-31 11:50:00,18,8,31,11,50,790,191,ROUTE COULONGES,46.36167,-0.4872,Plein jour,En agglomération,Hors intersection,Normale,Trois véhicules et plus - collisions multiples,,,,,,,,,,,1,2,1,1.0,5.0
201800034886,0018-09-08 19:00:00,18,9,8,19,0,790,191,91 RUE DE LA GARE,46.32004,-0.45678,Plein jour,En agglomération,Intersection en X,Normale,Deux véhicules - côté,,,,,,,,,,,1,2,2,1.0,3.0
201800034887,0018-09-14 07:45:00,18,9,14,7,45,790,191,RUE DU MARECHAL LECLERC,46.35341,-0.43961,Crépuscule ou aube,En agglomération,Intersection en T,Temps couvert,Deux véhicules - côté,,,,,,,,,,,2,2,3,8.0,3.0
201800034888,0018-09-16 20:15:00,18,9,16,20,15,790,191,61 RUE D'ANTES,46.34225,-0.4639,Crépuscule ou aube,En agglomération,Hors intersection,Normale,Sans collision,,,,,,,,,,,2,2,1,1.0,7.0
201800034889,0018-09-19 11:51:00,18,9,19,11,51,790,191,22 RUE MAZAGRAN,46.31979,-0.45483,Plein jour,En agglomération,Giratoire,Normale,Deux véhicules - arrière,,,,,,,,,,,1,2,6,1.0,2.0
201800034890,0018-09-27 07:40:00,18,9,27,7,40,790,191,244 RUE MARECHAL LECLERC,46.34046,-0.44554,Crépuscule ou aube,En agglomération,Intersection en Y,Normale,Deux véhicules - côté,,,,,,,,,,,2,2,4,1.0,3.0
201800034891,0018-10-23 11:20:00,18,10,23,11,20,790,191,42 AVENUE PARIS,46.32455,-0.4556,Plein jour,En agglomération,Hors intersection,Normale,Autre collision,,,,,,,,,,,1,2,1,1.0,6.0
201800034892,0018-11-20 18:50:00,18,11,20,18,50,790,191,AVENUE DE PARIS,46.33474,-0.42796,Nuit avec éclairage allumé,En agglomération,Hors intersection,Normale,Trois véhicules et plus - en chaîne,,,,,,,,,,,5,2,1,1.0,4.0
201800034893,0018-12-01 17:55:00,18,12,1,17,55,790,191,580 AVENUE DE PARIS,46.33788,-0.41106,Nuit avec éclairage allumé,En agglomération,Autre intersection,Pluie forte,Autre collision,,,,,,,,,,,5,2,9,3.0,6.0
201800034894,0018-12-04 07:55:00,18,12,4,7,55,790,191,44 RUE P. CHANTELAUZE,46.31202,-0.43993,Nuit avec éclairage allumé,En agglomération,Intersection en T,Pluie légère,Deux véhicules - côté,,,,,,,,,,,5,2,3,2.0,3.0
201800034895,0018-12-11 09:00:00,18,12,11,9,0,790,191,,46.31704,-0.48197,Plein jour,En agglomération,Hors intersection,Normale,Autre collision,,,,,,,,,,,1,2,1,1.0,6.0
201800034896,0018-12-20 12:05:00,18,12,20,12,5,790,191,5 RUE FERDINAND BUISSON,46.31712,-0.447,Plein jour,En agglomération,Hors intersection,Pluie légère,Deux véhicules - côté,,,,,,,,,,,1,2,1,2.0,3.0
201800034897,0018-12-20 08:30:00,18,12,20,8,30,790,191,RUE JEAN COUSINET,46.33531,-0.41253,Crépuscule ou aube,En agglomération,Hors intersection,Pluie légère,Deux véhicules - côté,,,,,,,,,,,2,2,1,2.0,3.0
201800034898,0018-12-27 16:10:00,18,12,27,16,10,790,191,519 AVENUE DE PARIS,46.33832,-0.41601,Plein jour,En agglomération,Hors intersection,Temps couvert,Trois véhicules et plus - collisions multiples,,,,,,,,,,,1,2,1,8.0,5.0
201800034899,0018-01-16 21:20:00,18,1,16,21,20,790,329,49 RUE RABELAIS,46.98289,-0.20725,Nuit avec éclairage allumé,En agglomération,Intersection en T,Pluie légère,Autre collision,,,,,,,,,,,5,2,3,2.0,6.0
201800034900,0018-01-18 16:00:00,18,1,18,16,0,790,259,49 ROUTE DE PARTHENAY,46.96731,-0.21074,Plein jour,En agglomération,Hors intersection,Pluie légère,Deux véhicules - arrière,,,,,,,,,,,1,2,1,2.0,2.0
201800034901,0018-01-24 19:15:00,18,1,24,19,15,790,329,30 AVENUE VICTOR LECLERC,46.9808,-0.21417,Nuit avec éclairage allumé,En agglomération,Intersection en X,Normale,Deux véhicules - côté,,,,,,,,,,,5,2,2,1.0,3.0
201800034902,0018-03-03 19:40:00,18,3,3,19,40,790,329,3 R DE L'HOTEL DE VILLE,46.97488,-0.21571,Nuit avec éclairage allumé,En agglomération,Intersection en X,Pluie légère,Deux véhicules - côté,,,,,,,,,,,5,2,2,2.0,3.0
201800034903,0018-03-14 15:10:00,18,3,14,15,10,790,329,18 RUE ERNEST PEROCHON,46.98733,-0.21656,Plein jour,En agglomération,Intersection en T,Temps couvert,Deux véhicules - arrière,,,,,,,,,,,1,2,3,8.0,2.0