accident_id,datetime,annee,mois,jour,heure,minute,departement,commune_insee,adresse,latitude,longitude,luminosite,agglomeration,intersection,meteo,collision,nb_vehicules,nb_usagers,nb_indemnes,nb_tues,nb_blesses_hosp,nb_blesses_legers,age_cond_1,age_cond_2,veh_type_cond_1,veh_type_cond_2,lum_code,agg_code,int_code,atm_code,col_code
201800035025,0018-04-08 00:55:00,18,4,8,0,55,800,21,CHS SAINT PIERRE,49.90207,2.29987,Nuit avec éclairage allumé,En agglomération,Intersection en X,Normale,Deux véhicules - côté,,,,,,,,,,,5,2,2,1.0,3.0
201800035026,0018-04-09 02:05:00,18,4,9,2,5,800,21,R DE COTTENCHY,49.88373,2.312,Nuit avec éclairage allumé,En agglomération,Hors intersection,Normale,Autre collision,,,,,,,,,,,5,2,1,1.0,6.0
201800035027,0018-04-09 12:20:00,18,4,9,12,20,800,21,AV DU GENERAL FOY,49.88838,2.28059,Plein jour,En agglomération,Hors intersection,Normale,Deux véhicules - arrière,,,,,,,,,,,1,2,1,1.0,2.0
201800035028,0018-04-09 20:00:00,18,4,9,20,0,800,21,AV DU GENERAL DE GAULLE,49.90562,2.30154,Plein jour,En agglomération,Hors intersection,Normale,Deux véhicules - arrière,,,,,,,,,,,1,2,1,1.0,2.0
201800035029,0018-04-11 11:40:00,18,4,11,11,40,800,21,BD FAIDHERBE,49.89664,2.28907,Plein jour,En agglomération,Hors intersection,Normale,Autre collision,,,,,,,,,,,1,2,1,1.0,6.0
201800035030,0018-04-11 13:30:00,18,4,11,13,30,800,21,R DE L'ILE DE FRANCE,49.91398,2.24662,Plein jour,En agglomération,Hors intersection,Normale,Autre collision,,,,,,,,,,,1,2,1,1.0,6.0
201800035031,0018-04-12 18:40:00,18,4,12,18,40,800,21,AV LOUIS BLANC,49.90248,2.27234,Plein jour,En agglomération,Hors intersection,Pluie forte,Autre collision,,,,,,,,,,,1,2,1,3.0,6.0
201800035032,0018-04-12 12:40:00,18,4,12,12,40,800,21,AV DE L'EUROPE,49.91685,2.30329,Plein jour,En agglomération,Hors intersection,Normale,Deux véhicules - arrière,,,,,,,,,,,1,2,1,1.0,2.0
201800035033,0018-04-13 08:25:00,18,4,13,8,25,800,21,AV COMMUNE DE PARIS,49.91167,2.25421,Plein jour,En agglomération,Hors intersection,Normale,Autre collision,,,,,,,,,,,1,2,1,1.0,6.0
201800035034,0018-04-16 11:30:00,18,4,16,11,30,800,21,BD DU PORT,49.89728,2.28957,Plein jour,En agglomération,Intersection en X,Normale,Deux véhicules - côté,,,,,,,,,,,1,2,2,1.0,3.0
201800035035,0018-04-17 08:55:00,18,4,17,8,55,800,21,R JULES BARNI,49.88791,2.31405,Plein jour,En agglomération,Hors intersection,Normale,Deux véhicules - arrière,,,,,,,,,,,1,2,1,1.0,2.0
201800035036,0018-04-18 07:03:00,18,4,18,7,3,800,21,R LUCIEN FOURNIER,49.89435,2.27784,Plein jour,En agglomération,Hors intersection,Normale,Autre collision,,,,,,,,,,,1,2,1,1.0,6.0
201800035037,0018-04-19 14:50:00,18,4,19,14,50,800,21,R VANMARCKE,49.89664,2.30115,Plein jour,En agglomération,Autre intersection,Normale,Autre collision,,,,,,,,,,,1,2,9,1.0,6.0
201800035038,0018-04-20 15:50:00,18,4,20,15,50,800,21,AV GEORGES POMPIDOU,49.90281,2.27971,Plein jour,En agglomération,Hors intersection,Normale,Deux véhicules - côté,,,,,,,,,,,1,2,1,1.0,3.0
201800035039,0018-04-20 22:42:00,18,4,20,22,42,800,21,BOTTICELLI (RUE),49.92256,2.30124,Nuit avec éclairage allumé,En agglomération,Autre intersection,Normale,Sans collision,,,,,,,,,,,5,2,9,1.0,7.0
201800035040,0018-04-20 19:24:00,18,4,20,19,24,800,164,R JEAN DUMESGES,49.89624,2.33575,Plein jour,En agglomération,Hors intersection,Normale,Deux véhicules - frontale,,,,,,,,,,,1,2,1,1.0,1.0
201800035041,0018-04-21 21:10:00,18,4,21,21,10,800,21,BD BEAUVILLE,49.90309,2.31576,Crépuscule ou aube,En agglomération,Hors intersection,Normale,Deux véhicules - frontale,,,,,,,,,,,2,2,1,1.0,1.0
201800035042,0018-04-21 20:20:00,18,4,21,20,20,800,21,AV DU GENERAL DE GAULLE,49.90464,2.30117,Plein jour,En agglomération,Hors intersection,Normale,Trois véhicules et plus - en chaîne,,,,,,,,,,,1,2,1,1.0,4.0
201800035043,0018-04-21 18:20:00,18,4,21,18,20,800,21,ALL TETE D'OR,49.87676,2.27426,Plein jour,En agglomération,Hors intersection,Normale,Deux véhicules - côté,,,,,,,,,,,1,2,1,1.0,3.0
201800035044,0018-04-25 18:40:00,18,4,25,18,40,800,21,R TERRAL,49.90867,2.29164,Plein jour,En agglomération,Intersection en X,Normale,Autre collision,,,,,,,,,,,1,2,2,1.0,6.0
201800035045,0018-04-25 17:20:00,18,4,25,17,20,800,21,AV JULES VALLES,49.91625,2.25033,Plein jour,En agglomération,Hors intersection,Normale,Autre collision,,,,,,,,,,,1,2,1,1.0,6.0
201800035046,0018-05-01 20:35:00,18,5,1,20,35,800,21,"21, R D'ABBEVILLE",49.90598,2.27032,Plein jour,En agglomération,Hors intersection,Normale,Deux véhicules - côté,,,,,,,,,,,1,2,1,1.0,3.0
201800035047,0018-05-01 16:10:00,18,5,1,16,10,800,21,"106, R FREDERIC MISTRAL",49.86931,2.31211,Plein jour,En agglomération,Hors intersection,Normale,Autre collision,,,,,,,,,,,1,2,1,1.0,6.0
201800035048,0018-04-30 20:00:00,18,4,30,20,0,800,379,N25,49.87645,2.36907,Plein jour,Hors agglomération,Hors intersection,Normale,Deux véhicules - arrière,,,,,,,,,,,1,1,1,1.0,2.0
201800035049,0018-05-02 16:25:00,18,5,2,16,25,800,21,R DE ROUEN,49.8866,2.27921,Plein jour,En agglomération,Hors intersection,Normale,Autre collision,,,,,,,,,,,1,2,1,1.0,6.0
201800035050,0018-05-07 12:00:00,18,5,7,12,0,800,21,"99, R DU COMTE RAOUL",49.88406,2.31669,Plein jour,En agglomération,Hors intersection,Normale,Autre collision,,,,,,,,,,,1,2,1,1.0,6.0
201800035051,0018-05-07 14:05:00,18,5,7,14,5,800,21,ESP EDOUARD BRANLY,49.88996,2.29052,Plein jour,En agglomération,Intersection en X,Normale,Deux véhicules - côté,,,,,,,,,,,1,2,2,1.0,3.0
201800035052,0018-05-09 19:55:00,18,5,9,19,55,800,21,BD DE ROUBAIX,49.9081,2.31762,Plein jour,En agglomération,Hors intersection,Normale,Deux véhicules - côté,,,,,,,,,,,1,2,1,1.0,3.0
201800035053,0018-05-11 17:45:00,18,5,11,17,45,800,21,AV DE LA PAIX,49.91163,2.30803,Plein jour,En agglomération,Hors intersection,Normale,Autre collision,,,,,,,,,,,1,2,1,1.0,6.0
201800035054,0018-05-11 17:55:00,18,5,11,17,55,800,21,R DES TROIS CAILLOUX,49.89242,2.29985,Plein jour,En agglomération,Hors intersection,Normale,Autre collision,,,,,,,,,,,1,2,1,1.0,6.0
201800035055,0018-05-16 17:40:00,18,5,16,17,40,800,21,R JULES BARNI,49.88519,2.3202,Plein jour,En agglomération,Hors intersection,Normale,Autre collision,,,,,,,,,,,1,2,1,1.0,6.0
201800035056,0018-03-10 19:02:00,18,3,10,19,2,800,21,QUAI CHARLES TELLIER,49.90275,2.2868,Crépuscule ou aube,En agglomération,Hors intersection,Normale,Sans collision,,,,,,,,,,,2,2,1,1.0,7.0
201800035057,0018-05-18 08:55:00,18,5,18,8,55,800,21,"206, R RIOLAN",49.88521,2.32036,Plein jour,En agglomération,Intersection en X,Normale,Trois véhicules et plus - collisions multiples,,,,,,,,,,,1,2,2,1.0,5.0
201800035058,0018-05-21 16:35:00,18,5,21,16,35,800,21,"18, QU DE L'ECLUSE",49.90017,2.29437,Plein jour,En agglomération,Intersection en X,Normale,Deux véhicules - côté,,,,,,,,,,,1,2,2,1.0,3.0
201800035059,0018-05-21 12:15:00,18,5,21,12,15,800,21,"7, BD DU PORT D'AVAL",49.89869,2.29165,Plein jour,En agglomération,Hors intersection,Normale,Deux véhicules - côté,,,,,,,,,,,1,2,1,1.0,3.0
201800035060,0018-05-25 02:10:00,18,5,25,2,10,800,21,"31, BD BARABAN",49.89957,2.30436,Nuit avec éclairage allumé,En agglomération,Hors intersection,Brouillard / fumée,Sans collision,,,,,,,,,,,5,2,1,5.0,7.0
201800035061,0018-05-25 07:50:00,18,5,25,7,50,800,21,R FONTAINE BERTRICOURT,49.92204,2.27012,Plein jour,En agglomération,Hors intersection,Brouillard / fumée,Deux véhicules - frontale,,,,,,,,,,,1,2,1,5.0,1.0
201800035062,0018-05-28 08:35:00,18,5,28,8,35,800,21,"41, R ABBE DE L'EPEE",49.89987,2.31497,Plein jour,En agglomération,Hors intersection,Normale,Autre collision,,,,,,,,,,,1,2,1,1.0,6.0
201800035063,0018-05-31 08:28:00,18,5,31,8,28,800,21,R MARCHE LANSELLES,49.89607,2.29773,Plein jour,En agglomération,Hors intersection,Normale,Deux véhicules - côté,,,,,,,,,,,1,2,1,1.0,3.0
201800035064,0018-06-01 15:00:00,18,6,1,15,0,800,21,R DES DEPORTES,49.90141,2.2997,Plein jour,En agglomération,Hors intersection,Normale,Autre collision,,,,,,,,,,,1,2,1,1.0,6.0
201800035065,0018-06-04 07:15:00,18,6,4,7,15,800,164,N25,49.88656,2.37274,Plein jour,Hors agglomération,Hors intersection,Normale,Deux véhicules - côté,,,,,,,,,,,1,1,1,1.0,3.0
201800035066,0018-06-06 00:10:00,18,6,6,0,10,800,21,BD DE ROUBAIX,49.90724,2.31811,Nuit avec éclairage allumé,En agglomération,Hors intersection,Normale,Autre collision,,,,,,,,,,,5,2,1,1.0,6.0
201800035067,0018-06-06 17:20:00,18,6,6,17,20,800,674,"212, AV DEFENSE PASSIVE",49.911,2.33393,Plein jour,En agglomération,Hors intersection,Normale,Deux véhicules - côté,,,,,,,,,,,1,2,1,1.0,3.0
201800035068,0018-06-06 19:50:00,18,6,6,19,50,800,21,"427, R COLBERT",49.88885,2.26662,Plein jour,En agglomération,Hors intersection,Normale,Sans collision,,,,,,,,,,,1,2,1,1.0,7.0
201800035069,0018-03-09 13:30:00,18,3,9,13,30,800,21,BD DES FEDERES,49.89693,2.28286,Plein jour,En agglomération,Hors intersection,Normale,Deux véhicules - côté,,,,,,,,,,,1,2,1,1.0,3.0
201800035070,0018-06-12 10:50:00,18,6,12,10,50,800,21,R DES DEPORTES,49.89976,2.29763,Plein jour,En agglomération,Hors intersection,Normale,Deux véhicules - côté,,,,,,,,,,,1,2,1,1.0,3.0
201800035071,0018-06-12 16:45:00,18,6,12,16,45,800,21,AV SALVADOR ALLENDE,49.89689,2.28279,Plein jour,En agglomération,Intersection en X,Normale,Deux véhicules - côté,,,,,,,,,,,1,2,2,1.0,3.0
201800035072,0018-06-12 14:35:00,18,6,12,14,35,800,21,"45, R JULES BARNI",49.88911,2.31066,Plein jour,En agglomération,Hors intersection,Normale,Deux véhicules - arrière,,,,,,,,,,,1,2,1,1.0,2.0
201800035073,0018-06-13 18:15:00,18,6,13,18,15,800,21,R MAURICE RAVEL,49.91357,2.3053,Plein jour,En agglomération,Hors intersection,Normale,Deux véhicules - côté,,,,,,,,,,,1,2,1,1.0,3.0
201800035074,0018-06-15 08:40:00,18,6,15,8,40,800,21,R GLORIETTE,49.89246,2.30734,Plein jour,En agglomération,Hors intersection,Normale,Autre collision,,,,,,,,,,,1,2,1,1.0,6.0
201800035075,0018-06-16 19:50:00,18,6,16,19,50,800,489,R HENRI BARBUSSE,49.87098,2.35598,Plein jour,En agglomération,Hors intersection,Normale,Autre collision,,,,,,,,,,,1,2,1,1.0,6.0
201800035076,0018-06-21 13:05:00,18,6,21,13,5,800,674,R DU BEAU SEJOUR,49.90818,2.32682,Plein jour,En agglomération,Intersection en T,Normale,Deux véhicules - côté,,,,,,,,,,,1,2,3,1.0,3.0
201800035077,0018-06-22 17:40:00,18,6,22,17,40,800,21,"376, R DE PARIS",49.88244,2.28542,Plein jour,En agglomération,Hors intersection,Normale,Trois véhicules et plus - en chaîne,,,,,,,,,,,1,2,1,1.0,4.0
201800035078,0018-06-26 05:50:00,18,6,26,5,50,800,131,PL DE L'AMIRAL COURBET,49.84464,2.38306,Plein jour,En agglomération,Hors intersection,Normale,Autre collision,,,,,,,,,,,1,2,1,1.0,6.0
201800035079,0018-06-26 06:15:00,18,6,26,6,15,800,21,AV ROGER DUMOULIN,49.94671,2.27709,Plein jour,Hors agglomération,Hors intersection,Normale,Deux véhicules - arrière,,,,,,,,,,,1,1,1,1.0,2.0
201800035080,0018-06-26 09:00:00,18,6,26,9,0,800,21,CARR DE LA LIBERATION,49.8867,2.27888,Plein jour,En agglomération,Giratoire,Normale,Deux véhicules - côté,,,,,,,,,,,1,2,6,1.0,3.0
201800035081,0018-06-28 20:20:00,18,6,28,20,20,800,21,R FRANKLIN ROOSEVELT,49.91837,2.29336,Crépuscule ou aube,En agglomération,Hors intersection,Normale,Deux véhicules - arrière,,,,,,,,,,,2,2,1,1.0,2.0
201800035082,0018-07-02 08:45:00,18,7,2,8,45,800,21,R DE GRACE,49.90531,2.24637,Plein jour,En agglomération,Hors intersection,Normale,Deux véhicules - frontale,,,,,,,,,,,1,2,1,1.0,1.0
201800035083,0018-07-03 21:20:00,18,7,3,21,20,800,379,AV PHILEAS FOGG,49.8677,2.37942,Plein jour,En agglomération,Hors intersection,Normale,Sans collision,,,,,,,,,,,1,2,1,1.0,7.0
201800035084,0018-07-02 14:16:00,18,7,2,14,16,800,21,"16, R DE SULLY",49.9099,2.26544,Plein jour,En agglomération,Hors intersection,Normale,Deux véhicules - côté,,,,,,,,,,,1,2,1,1.0,3.0
201800035085,0018-07-05 15:40:00,18,7,5,15,40,800,674,N25,49.91046,2.34414,Plein jour,Hors agglomération,Hors intersection,Normale,Deux véhicules - arrière,,,,,,,,,,,1,1,1,1.0,2.0
201800035086,0018-07-05 22:35:00,18,7,5,22,35,800,21,"390, R D'ABBEVILLE",49.90992,2.25888,Crépuscule ou aube,En agglomération,Hors intersection,Normale,Autre collision,,,,,,,,,,,2,2,1,1.0,6.0
201800035087,0018-07-11 00:30:00,18,7,11,0,30,800,21,PL SAINT-MICHEL,49.89373,2.30309,Nuit avec éclairage allumé,En agglomération,Hors intersection,Normale,Autre collision,,,,,,,,,,,5,2,1,1.0,6.0
201800035088,0018-07-13 14:00:00,18,7,13,14,0,800,21,"62, R DE ABBE L'EPEE",49.89964,2.31588,Plein jour,En agglomération,Hors intersection,Normale,Deux véhicules - côté,,,,,,,,,,,1,2,1,1.0,3.0
201800035089,0018-07-13 22:30:00,18,7,13,22,30,800,21,"48, R JEAN JAURES",49.89802,2.28656,Nuit avec éclairage allumé,En agglomération,Hors intersection,Normale,Deux véhicules - frontale,,,,,,,,,,,5,2,1,1.0,1.0
201800035090,0018-07-14 11:40:00,18,7,14,11,40,800,21,"639, R D'ABBEVILLE",49.9117,2.24525,Plein jour,En agglomération,Intersection en X,Normale,Trois véhicules et plus - collisions multiples,,,,,,,,,,,1,2,2,1.0,5.0
201800035091,0018-07-17 10:57:00,18,7,17,10,57,800,21,AV DE LA LICORNE,49.89721,2.27105,Plein jour,En agglomération,Hors intersection,Normale,Autre collision,,,,,,,,,,,1,2,1,1.0,6.0
201800035092,0018-07-20 23:43:00,18,7,20,23,43,800,21,R D'AUSTRALIE,49.90486,2.27364,Nuit avec éclairage allumé,En agglomération,Hors intersection,Normale,Sans collision,,,,,,,,,,,5,2,1,1.0,7.0
201800035093,0018-07-22 18:30:00,18,7,22,18,30,800,21,R ALBERIC DE CALONNE,49.88664,2.30258,Plein jour,En agglomération,Intersection en X,Normale,Deux véhicules - côté,,,,,,,,,,,1,2,2,1.0,3.0
201800035094,0018-07-21 19:15:00,18,7,21,19,15,800,21,R EDOUARD LUCAS,49.89819,2.27006,Plein jour,En agglomération,Hors intersection,Normale,Deux véhicules - côté,,,,,,,,,,,1,2,1,1.0,3.0
201800035095,0018-07-23 08:20:00,18,7,23,8,20,800,21,"20, BD ALSACE LORRAINE",49.89201,2.30755,Plein jour,En agglomération,Hors intersection,Normale,Deux véhicules - arrière,,,,,,,,,,,1,2,1,1.0,2.0
201800035096,0018-07-24 23:50:00,18,7,24,23,50,800,21,BD DU PORT D'AVAL,49.89877,2.29115,Nuit avec éclairage allumé,En agglomération,Hors intersection,Normale,Sans collision,,,,,,,,,,,5,2,1,1.0,7.0
201800035097,0018-07-26 09:25:00,18,7,26,9,25,800,21,"245, R D'ELBEUF",49.88772,2.26948,Plein jour,En agglomération,Hors intersection,Normale,Autre collision,,,,,,,,,,,1,2,1,1.0,6.0
201800035098,0018-07-27 21:05:00,18,7,27,21,5,800,21,R LE BATONNIER MAHIU,49.89569,2.27564,Crépuscule ou aube,En agglomération,Hors intersection,Pluie légère,Autre collision,,,,,,,,,,,2,2,1,2.0,6.0
201800035099,0018-07-27 19:05:00,18,7,27,19,5,800,21,R LESCOUVE,49.8881,2.2651,Plein jour,En agglomération,Hors intersection,Normale,Autre collision,,,,,,,,,,,1,2,1,1.0,6.0
201800035100,0018-07-31 18:35:00,18,7,31,18,35,800,21,AV DU 14 JUILLET 1789,49.88015,2.28394,Plein jour,En agglomération,Hors intersection,Normale,Autre collision,,,,,,,,,,,1,2,1,1.0,6.0
201800035101,0018-07-31 08:25:00,18,7,31,8,25,800,21,R ROGER ONFRAY,49.90324,2.31563,Plein jour,Hors agglomération,Hors intersection,Normale,Deux véhicules - côté,,,,,,,,,,,1,1,1,1.0,3.0
201800035102,0018-08-01 10:20:00,18,8,1,10,20,800,21,"10, R DES SERGENTS",49.89443,2.29894,Plein jour,En agglomération,Hors intersection,Normale,Autre collision,,,,,,,,,,,1,2,1,1.0,6.0
201800035103,0018-08-07 17:55:00,18,8,7,17,55,800,21,BD BEAUVILLE,49.89476,2.30941,Plein jour,En agglomération,Hors intersection,Normale,Deux véhicules - arrière,,,,,,,,,,,1,2,1,1.0,2.0
201800035104,0018-08-09 10:10:00,18,8,9,10,10,800,21,BD PORT D'AMONT,49.89475,2.30906,Plein jour,Hors agglomération,Intersection en X,Pluie forte,Deux véhicules - côté,,,,,,,,,,,1,1,2,3.0,3.0
201800035105,0018-08-17 19:00:00,18,8,17,19,0,800,21,PL PARMENTIER,49.89554,2.30555,Plein jour,En agglomération,Hors intersection,Normale,Deux véhicules - côté,,,,,,,,,,,1,2,1,1.0,3.0
201800035106,0018-08-22 18:45:00,18,8,22,18,45,800,21,"16, BD PORT D'AMONT",49.89512,2.30702,Plein jour,En agglomération,Hors intersection,Normale,Deux véhicules - côté,,,,,,,,,,,1,2,1,1.0,3.0
201800035107,0018-08-25 10:34:00,18,8,25,10,34,800,21,R GRESSET,49.89385,2.29397,Plein jour,En agglomération,Hors intersection,Normale,Autre collision,,,,,,,,,,,1,2,1,1.0,6.0
201800035108,0018-08-28 16:55:00,18,8,28,16,55,800,21,R SAINT-MAURICE,49.90416,2.28836,Plein jour,En agglomération,Intersection en X,Normale,Deux véhicules - côté,,,,,,,,,,,1,2,2,1.0,3.0
201800035109,0018-08-28 07:05:00,18,8,28,7,5,800,21,"29, R DE ROUEN",49.8891,2.28836,Plein jour,En agglomération,Hors intersection,Normale,Deux véhicules - côté,,,,,,,,,,,1,2,1,1.0,3.0
201800035110,0018-08-28 08:58:00,18,8,28,8,58,800,21,AV DU 14 JUILLET 1789,49.87927,2.28342,Plein jour,En agglomération,Hors intersection,Normale,Deux véhicules - côté,,,,,,,,,,,1,2,1,1.0,3.0
201800035111,0018-08-29 07:55:00,18,8,29,7,55,800,21,"330, R GUTENBERG",49.91887,2.27088,Plein jour,En agglomération,Hors intersection,Pluie légère,Deux véhicules - arrière,,,,,,,,,,,1,2,1,2.0,2.0
201800035112,0018-08-31 17:15:00,18,8,31,17,15,800,21,PL MARECHAL FOCH,49.89369,2.28523,Plein jour,En agglomération,Hors intersection,Normale,Trois véhicules et plus - collisions multiples,,,,,,,,,,,1,2,1,1.0,5.0
201800035113,0018-09-06 17:25:00,18,9,6,17,25,800,21,"32, BD CARNOT",49.8919,2.28844,Plein jour,En agglomération,Hors intersection,Normale,Autre collision,,,,,,,,,,,1,2,1,1.0,6.0
201800035114,0018-09-06 20:45:00,18,9,6,20,45,800,21,BD DU PORT D'AMONT,49.89478,2.30893,Crépuscule ou aube,En agglomération,Hors intersection,Normale,Autre collision,,,,,,,,,,,2,2,1,1.0,6.0
201800035115,0018-09-12 07:45:00,18,9,12,7,45,800,21,R DES PRES FORETS,49.89974,2.28352,Plein jour,En agglomération,Intersection en X,Normale,Deux véhicules - frontale,,,,,,,,,,,1,2,2,1.0,1.0
201800035116,0018-09-12 08:10:00,18,9,12,8,10,800,724,D210,49.85227,2.25036,Plein jour,Hors agglomération,Intersection en X,Brouillard / fumée,Deux véhicules - côté,,,,,,,,,,,1,1,2,5.0,3.0
201800035117,0018-09-12 08:55:00,18,9,12,8,55,800,724,D210,49.84836,2.24778,Plein jour,Hors agglomération,Hors intersection,Brouillard / fumée,Deux véhicules - arrière,,,,,,,,,,,1,1,1,5.0,2.0
201800035118,0018-09-13 20:35:00,18,9,13,20,35,800,21,R ROBERT LE COQ,49.90221,2.27247,Nuit avec éclairage allumé,En agglomération,Intersection en X,Normale,Deux véhicules - côté,,,,,,,,,,,5,2,2,1.0,3.0
201800035119,0018-09-13 18:25:00,18,9,13,18,25,800,261,RTE D'AMIENS,49.86641,2.27788,Plein jour,En agglomération,Intersection en X,Normale,Deux véhicules - côté,,,,,,,,,,,1,2,2,1.0,3.0
201800035120,0018-09-14 00:25:00,18,9,14,0,25,800,21,R VANMARCKE,49.89638,2.3027,Nuit avec éclairage allumé,En agglomération,Hors intersection,Normale,Autre collision,,,,,,,,,,,5,2,1,1.0,6.0
201800035121,0018-09-14 19:30:00,18,9,14,19,30,800,21,ALL DES RIEZ,49.8659,2.33501,Plein jour,En agglomération,Intersection en T,Normale,Deux véhicules - côté,,,,,,,,,,,1,2,3,1.0,3.0
201800035122,0018-09-15 22:00:00,18,9,15,22,0,800,21,R EMILE FRANCFORT,49.89454,2.26163,Nuit avec éclairage allumé,En agglomération,Hors intersection,Normale,Autre collision,,,,,,,,,,,5,2,1,1.0,6.0
201800035123,0018-09-16 01:10:00,18,9,16,1,10,800,21,R DES RINCHEVAUX,49.89597,2.30034,Nuit avec éclairage allumé,En agglomération,Hors intersection,Normale,Autre collision,,,,,,,,,,,5,2,1,1.0,6.0
201800035124,0018-09-18 23:00:00,18,9,18,23,0,800,632,RTE DE ROUEN,49.88045,2.25749,Nuit avec éclairage allumé,En agglomération,Hors intersection,Normale,Autre collision,,,,,,,,,,,5,2,1,1.0,6.0
201800035125,0018-09-20 04:30:00,18,9,20,4,30,800,164,R ROGER ALLOU,49.89252,2.33788,Nuit avec éclairage allumé,En agglomération,Hors intersection,Normale,Deux véhicules - frontale,,,,,,,,,,,5,2,1,1.0,1.0
201800035126,0018-09-22 12:00:00,18,9,22,12,0,800,21,GRANDE RUE DE VEILLERE,49.89824,2.29874,Plein jour,En agglomération,Intersection en X,Normale,Deux véhicules - côté,,,,,,,,,,,1,2,2,1.0,3.0
201800035127,0018-09-24 18:30:00,18,9,24,18,30,800,21,"28, R ALEXANDRE DUMAS",49.87099,2.30425,Plein jour,En agglomération,Autre intersection,Normale,Deux véhicules - côté,,,,,,,,,,,1,2,9,1.0,3.0
201800035128,0018-09-26 18:10:00,18,9,26,18,10,800,256,"64, AV LOUIS PASTEUR",49.9149,2.23137,Plein jour,En agglomération,Hors intersection,Normale,Deux véhicules - côté,,,,,,,,,,,1,2,1,1.0,3.0
201800035129,0018-09-26 17:00:00,18,9,26,17,0,800,21,R CLAUDIUS SERRASSAINT,49.89339,2.311,Plein jour,En agglomération,Hors intersection,Normale,Deux véhicules - côté,,,,,,,,,,,1,2,1,1.0,3.0
201800035130,0018-09-27 17:15:00,18,9,27,17,15,800,21,"35, R ANDRE DUROUCHEZ",49.92944,2.281,Plein jour,En agglomération,Hors intersection,Normale,Deux véhicules - côté,,,,,,,,,,,1,2,1,1.0,3.0
201800035131,0018-09-30 07:30:00,18,9,30,7,30,800,725,D8,49.87065,2.25545,Nuit avec éclairage allumé,En agglomération,Hors intersection,Normale,Autre collision,,,,,,,,,,,5,2,1,1.0,6.0
201800035132,0018-10-01 16:10:00,18,10,1,16,10,800,489,"32, AV DE LA VILLE IDEAL",49.86795,2.37141,Plein jour,En agglomération,Hors intersection,Normale,Autre collision,,,,,,,,,,,1,2,1,1.0,6.0
201800035133,0018-10-01 17:25:00,18,10,1,17,25,800,489,AV DE LA VILLE IDEALE,49.86782,2.36994,Plein jour,En agglomération,Hors intersection,Normale,Autre collision,,,,,,,,,,,1,2,1,1.0,6.0
201800035134,0018-10-02 08:15:00,18,10,2,8,15,800,21,"217, R JEAN MOULIN",49.8773,2.27116,Crépuscule ou aube,En agglomération,Hors intersection,Normale,Trois véhicules et plus - en chaîne,,,,,,,,,,,2,2,1,1.0,4.0
201800035135,0018-10-04 06:50:00,18,10,4,6,50,800,21,PL MARECHAL FOCH,49.89332,2.2856,Nuit avec éclairage allumé,En agglomération,Hors intersection,Normale,Autre collision,,,,,,,,,,,5,2,1,1.0,6.0
201800035136,0018-10-07 10:10:00,18,10,7,10,10,800,21,"83, R JULES BARNI",49.88869,2.31165,Plein jour,En agglomération,Hors intersection,Normale,Autre collision,,,,,,,,,,,1,2,1,1.0,6.0
201800035137,0018-10-06 11:20:00,18,10,6,11,20,800,21,AV DU 14 JUILLET 1789,49.88015,2.28393,Plein jour,En agglomération,Hors intersection,Normale,Trois véhicules et plus - en chaîne,,,,,,,,,,,1,2,1,1.0,4.0
201800035138,0018-10-05 18:30:00,18,10,5,18,30,800,21,R CHAUVELIN,49.89685,2.28245,Plein jour,En agglomération,Hors intersection,Normale,Deux véhicules - arrière,,,,,,,,,,,1,2,1,1.0,2.0
201800035139,0018-10-10 11:40:00,18,10,10,11,40,800,489,N25,49.87193,2.37109,Plein jour,Hors agglomération,Hors intersection,Normale,Deux véhicules - arrière,,,,,,,,,,,1,1,1,1.0,2.0
201800035140,0018-10-13 10:45:00,18,10,13,10,45,800,131,R ALPHONSE TELLIER,49.84149,2.38466,Plein jour,Hors agglomération,Hors intersection,Normale,Deux véhicules - arrière,,,,,,,,,,,1,1,1,1.0,2.0
201800035141,0018-10-12 13:40:00,18,10,12,13,40,800,21,ESP EDOUARD BRANLY,49.89048,2.29153,Plein jour,En agglomération,Intersection en T,Normale,Deux véhicules - frontale,,,,,,,,,,,1,2,3,1.0,1.0
201800035142,0018-10-16 15:15:00,18,10,16,15,15,800,21,AV DU 14 JUILLET 1789,49.87731,2.28277,Plein jour,En agglomération,Hors intersection,Normale,Deux véhicules - frontale,,,,,,,,,,,1,2,1,1.0,1.0
201800035143,0018-10-17 09:20:00,18,10,17,9,20,800,21,"84, R JULES BARNI",49.8871,2.31551,Plein jour,En agglomération,Hors intersection,Normale,Deux véhicules - côté,,,,,,,,,,,1,2,1,1.0,3.0
201800035144,0018-10-18 17:57:00,18,10,18,17,57,800,379,AV PHILEAS FOGG,49.86805,2.37883,Plein jour,En agglomération,Hors intersection,Normale,Autre collision,,,,,,,,,,,1,2,1,1.0,6.0
201800035145,0018-10-18 09:01:00,18,10,18,9,1,800,21,"257, R DE DREUIL",49.90801,2.25857,Plein jour,En agglomération,Hors intersection,Normale,Autre collision,,,,,,,,,,,1,2,1,1.0,6.0
201800035146,0018-10-18 09:15:00,18,10,18,9,15,800,256,"534, AV LOUIS PASTEUR",49.91319,2.23709,Plein jour,En agglomération,Hors intersection,Normale,Deux véhicules - frontale,,,,,,,,,,,1,2,1,1.0,1.0
201800035147,0018-10-19 09:45:00,18,10,19,9,45,800,21,"438, RTE DE ROUEN",49.88608,2.27412,Plein jour,En agglomération,Hors intersection,Normale,Deux véhicules - côté,,,,,,,,,,,1,2,1,1.0,3.0