accident_id,datetime,annee,mois,jour,heure,minute,departement,commune_insee,adresse,latitude,longitude,luminosite,agglomeration,intersection,meteo,collision,nb_vehicules,nb_usagers,nb_indemnes,nb_tues,nb_blesses_hosp,nb_blesses_legers,age_cond_1,age_cond_2,veh_type_cond_1,veh_type_cond_2,lum_code,agg_code,int_code,atm_code,col_code
201800035267,0018-01-15 21:05:00,18,1,15,21,5,820,121,"NC, CEINTURE (CHEMIN DE)",44.04113,1.42155,Nuit sans éclairage public,Hors agglomération,Intersection en X,Pluie légère,Deux véhicules - côté,,,,,,,,,,,3,1,2,2.0,3.0
201800035268,0018-01-25 20:25:00,18,1,25,20,25,820,121,"NC, GASSERAS (AVENUE DE)",44.01761,1.32028,Nuit avec éclairage allumé,Hors agglomération,Intersection en X,Normale,Deux véhicules - côté,,,,,,,,,,,5,1,2,1.0,3.0
201800035269,0018-02-26 09:12:00,18,2,26,9,12,820,121,"NC, VOLTAIRE (RUE)",44.03657,1.36809,Plein jour,En agglomération,Intersection en X,Temps éblouissant,Deux véhicules - côté,,,,,,,,,,,1,2,2,7.0,3.0
201800035270,0018-03-10 08:50:00,18,3,10,8,50,820,121,"12, NOTRE DAME (RUE)",44.01566,1.35504,Plein jour,En agglomération,Hors intersection,Normale,Autre collision,,,,,,,,,,,1,2,1,1.0,6.0
201800035271,0018-03-13 20:00:00,18,3,13,20,0,820,121,"680, ABBAYE (RUE DE L')",44.00827,1.35622,Nuit avec éclairage allumé,En agglomération,Hors intersection,Normale,Autre collision,,,,,,,,,,,5,2,1,1.0,6.0
201800035272,0018-04-03 11:20:00,18,4,3,11,20,820,121,EUROPE (AVENUE DE L'),43.99441,1.33426,Plein jour,En agglomération,Hors intersection,Normale,Deux véhicules - frontale,,,,,,,,,,,1,2,1,1.0,1.0
201800035273,0018-04-22 05:07:00,18,4,22,5,7,820,121,AVEYRON (ROUTE DE L'),44.06084,1.33604,Nuit sans éclairage public,Hors agglomération,Intersection en T,Normale,Autre collision,,,,,,,,,,,3,1,3,1.0,6.0
201800035274,0018-04-27 15:50:00,18,4,27,15,50,820,121,AUTOROUTE A20,44.0526,1.41027,Plein jour,Hors agglomération,Hors intersection,Normale,Autre collision,,,,,,,,,,,1,1,1,1.0,6.0
201800035275,0018-04-30 11:00:00,18,4,30,11,0,820,121,MOURETS ( AVENUE DES),44.01773,1.37026,Plein jour,En agglomération,Intersection en T,Normale,Deux véhicules - frontale,,,,,,,,,,,1,2,3,1.0,1.0
201800035276,0018-04-27 20:20:00,18,4,27,20,20,820,121,MONTBARTIER D 77 (ROUTE,44.02209,1.35483,Plein jour,Hors agglomération,Hors intersection,Normale,Deux véhicules - frontale,,,,,,,,,,,1,1,1,1.0,1.0
201800035277,0018-05-02 14:10:00,18,5,2,14,10,820,121,VERLHAC/TESCOU D 92  (RO,43.98577,1.40324,Plein jour,Hors agglomération,Hors intersection,Normale,Autre collision,,,,,,,,,,,1,1,1,1.0,6.0
201800035278,0018-05-01 20:10:00,18,5,1,20,10,820,121,SARRAIL (RUE DU GENERAL),44.01685,1.34832,Plein jour,En agglomération,Intersection en T,Normale,Autre collision,,,,,,,,,,,1,2,3,1.0,6.0
201800035279,0018-04-30 18:20:00,18,4,30,18,20,820,121,ALBEFEUILLE D 72 ( ROUTE,44.04353,1.35642,Plein jour,Hors agglomération,Hors intersection,Normale,Autre collision,,,,,,,,,,,1,1,1,1.0,6.0
201800035280,0018-05-30 13:35:00,18,5,30,13,35,820,121,NAUPHARY ( ROUTE DE ),43.99423,1.38637,Plein jour,Hors agglomération,Hors intersection,Pluie légère,Deux véhicules - frontale,,,,,,,,,,,1,1,1,2.0,1.0
201800035281,0018-06-01 00:15:00,18,6,1,0,15,820,121,ABBAYE (RUE DE L'),44.00828,1.35621,Nuit avec éclairage allumé,En agglomération,Hors intersection,Normale,Autre collision,,,,,,,,,,,5,2,1,1.0,6.0
201800035282,0018-06-25 19:10:00,18,6,25,19,10,820,121,DOUMERC (BOULEVARD BLAIS,44.01394,1.36421,Plein jour,En agglomération,Hors intersection,Normale,Autre collision,,,,,,,,,,,1,2,1,1.0,6.0
201800035283,0018-06-26 07:50:00,18,6,26,7,50,820,121,GIRATOIRE DE LATTRE DE T,44.01443,1.34735,Plein jour,En agglomération,Giratoire,Normale,Autre collision,,,,,,,,,,,1,2,6,1.0,6.0
201800035284,0018-07-11 20:00:00,18,7,11,20,0,820,121,CAMP D'AVIATION (CHEMIN,44.01837,1.38707,Plein jour,En agglomération,Hors intersection,Normale,Autre collision,,,,,,,,,,,1,2,1,1.0,6.0
201800035285,0018-07-14 04:53:00,18,7,14,4,53,820,121,porte du Moustier (rue),44.01409,1.35485,Nuit avec éclairage allumé,En agglomération,Giratoire,Normale,Deux véhicules - côté,,,,,,,,,,,5,2,6,1.0,3.0
201800035286,0018-07-14 18:00:00,18,7,14,18,0,820,121,FOCH (PLACE DU MARECHAL),44.01546,1.35609,Plein jour,En agglomération,Place,Normale,Autre collision,,,,,,,,,,,1,2,7,1.0,6.0
201800035287,0018-07-16 21:00:00,18,7,16,21,0,820,121,MONTECH (AVENUE DE),44.00361,1.3335,Crépuscule ou aube,Hors agglomération,Hors intersection,Normale,Autre collision,,,,,,,,,,,2,1,1,1.0,6.0
201800035288,0018-07-17 23:50:00,18,7,17,23,50,820,121,SAINT-NAUPHARY D 999 (RO,43.99552,1.3844,Nuit sans éclairage public,Hors agglomération,Hors intersection,Normale,Autre collision,,,,,,,,,,,3,1,1,1.0,6.0
201800035289,0018-07-20 16:51:00,18,7,20,16,51,820,121,FAUVETTES (RUE DES),44.00506,1.36333,Plein jour,En agglomération,Intersection en Y,Normale,Autre collision,,,,,,,,,,,1,2,4,1.0,6.0
201800035290,0018-07-25 20:40:00,18,7,25,20,40,820,121,ROSSIGNOL (CHEMIN DE),44.06127,1.3491,Crépuscule ou aube,En agglomération,Hors intersection,Normale,Autre collision,,,,,,,,,,,2,2,1,1.0,6.0
201800035291,0018-08-01 11:31:00,18,8,1,11,31,820,121,SAINT-ETIENNE DE TULMONT,44.03162,1.4058,Plein jour,Hors agglomération,Hors intersection,Normale,Deux véhicules - frontale,,,,,,,,,,,1,1,1,1.0,1.0
201800035292,0018-08-11 07:10:00,18,8,11,7,10,820,121,COS (AVENUE DE),44.04208,1.3679,Plein jour,En agglomération,Hors intersection,Normale,Sans collision,,,,,,,,,,,1,2,1,1.0,7.0
201800035293,0018-08-28 12:15:00,18,8,28,12,15,820,121,SAINT-JEAN (RUE),44.02102,1.35456,Plein jour,En agglomération,Intersection en X,Normale,Deux véhicules - côté,,,,,,,,,,,1,2,2,1.0,3.0
201800035294,0018-08-31 11:10:00,18,8,31,11,10,820,121,GUIBERT (PLACE),44.02017,1.35438,Plein jour,En agglomération,Intersection en X,Normale,Deux véhicules - côté,,,,,,,,,,,1,2,2,1.0,3.0
201800035295,0018-09-04 21:00:00,18,9,4,21,0,820,121,NEGREPELISSE (AVENUE DE),44.03154,1.37669,Nuit avec éclairage allumé,En agglomération,Hors intersection,Normale,Deux véhicules - côté,,,,,,,,,,,5,2,1,1.0,3.0
201800035296,0018-09-11 09:45:00,18,9,11,9,45,820,121,TOULOUSE (AVENUE DE),44.0044,1.34123,Plein jour,En agglomération,Hors intersection,Normale,Deux véhicules - côté,,,,,,,,,,,1,2,1,1.0,3.0
201800035297,0018-09-20 09:30:00,18,9,20,9,30,820,121,POUVILLON (RUE EMILE),44.01981,1.35766,Plein jour,En agglomération,Intersection en X,Normale,Deux véhicules - côté,,,,,,,,,,,1,2,2,1.0,3.0
201800035298,0018-09-21 11:45:00,18,9,21,11,45,820,121,PRAX-PARIS (ESPLANADE),44.01815,1.35689,Plein jour,En agglomération,Hors intersection,Normale,Autre collision,,,,,,,,,,,1,2,1,1.0,6.0
201800035299,0018-09-23 18:00:00,18,9,23,18,0,820,121,ALBI D 999 (AVENUE D'),44.00211,1.36966,Plein jour,En agglomération,Giratoire,Normale,Deux véhicules - côté,,,,,,,,,,,1,2,6,1.0,3.0
201800035300,0018-10-01 16:30:00,18,10,1,16,30,820,121,VERDUN (QUAI DE),44.0225,1.34816,Plein jour,En agglomération,Intersection en X,Normale,Autre collision,,,,,,,,,,,1,2,2,1.0,6.0
201800035301,0018-10-23 17:00:00,18,10,23,17,0,820,121,CLEMENCEAU (RUE GEORGES),44.01529,1.37871,Plein jour,En agglomération,Intersection en X,Normale,Deux véhicules - côté,,,,,,,,,,,1,2,2,1.0,3.0
201800035302,0018-10-20 18:00:00,18,10,20,18,0,820,121,MIRABEL D 69 (ROUTE DE),44.06914,1.36602,Plein jour,En agglomération,Hors intersection,Normale,Autre collision,,,,,,,,,,,1,2,1,1.0,6.0
201800035303,0018-10-26 22:30:00,18,10,26,22,30,820,121,rue du Colonel Christian,44.02764,1.34559,Nuit avec éclairage allumé,En agglomération,Hors intersection,Normale,Deux véhicules - côté,,,,,,,,,,,5,2,1,1.0,3.0
201800035304,0018-11-16 11:15:00,18,11,16,11,15,820,121,PARIS RD 820 (AVENUE DE),44.03206,1.37357,Plein jour,En agglomération,Hors intersection,Normale,Deux véhicules - frontale,,,,,,,,,,,1,2,1,1.0,1.0
201800035305,0018-11-17 14:40:00,18,11,17,14,40,820,121,MOULIN (avenue jean ),44.02703,1.36742,Plein jour,En agglomération,Intersection en T,Normale,Deux véhicules - arrière,,,,,,,,,,,1,2,3,1.0,2.0
201800035306,0018-11-19 19:18:00,18,11,19,19,18,820,121,RD 820,44.06697,1.41768,Nuit sans éclairage public,Hors agglomération,Intersection en X,Normale,Deux véhicules - arrière,,,,,,,,,,,3,1,2,1.0,2.0
201800035307,0018-11-25 01:20:00,18,11,25,1,20,820,121,ROUTE DE BORDEAUX,44.03632,1.31085,Nuit sans éclairage public,Hors agglomération,Hors intersection,Normale,Autre collision,,,,,,,,,,,3,1,1,1.0,6.0
201800035308,0018-11-29 08:00:00,18,11,29,8,0,820,121,MOLIERES (ROUTE DE),44.04016,1.35663,Plein jour,En agglomération,Intersection en T,Normale,Deux véhicules - côté,,,,,,,,,,,1,2,3,1.0,3.0
201800035309,0018-12-07 06:40:00,18,12,7,6,40,820,121,EUROPE (AVENUE DE L'),43.98045,1.33123,Nuit sans éclairage public,En agglomération,Hors intersection,Normale,Deux véhicules - côté,,,,,,,,,,,3,2,1,1.0,3.0
201800035310,0018-12-08 12:10:00,18,12,8,12,10,820,121,MOULIN (avenue jean ),44.02652,1.36674,Plein jour,En agglomération,Intersection en T,Normale,Deux véhicules - côté,,,,,,,,,,,1,2,3,1.0,3.0
201800035311,0018-12-10 17:04:00,18,12,10,17,4,820,121,MARGUE (CHEMIN DE LA),44.03396,1.32352,Plein jour,Hors agglomération,Intersection en T,Normale,Deux véhicules - côté,,,,,,,,,,,1,1,3,1.0,3.0
201800035312,0018-12-15 06:00:00,18,12,15,6,0,820,121,EUROPE (AVENUE DE L'),43.98035,1.3312,Nuit sans éclairage public,Hors agglomération,Hors intersection,Normale,Deux véhicules - frontale,,,,,,,,,,,3,1,1,1.0,1.0
201800035313,0018-01-06 20:25:00,18,1,6,20,25,830,50,AVENUE LAZARE CARNOT,43.5334,6.46972,Nuit avec éclairage allumé,En agglomération,Intersection en T,Normale,Deux véhicules - côté,,,,,,,,,,,5,2,3,1.0,3.0
201800035314,0018-01-18 07:55:00,18,1,18,7,55,830,50,"17, BD DU MAR FOCH",43.53915,6.46296,Plein jour,En agglomération,Hors intersection,Normale,Autre collision,,,,,,,,,,,1,2,1,1.0,6.0
201800035315,0018-01-27 20:15:00,18,1,27,20,15,830,50,AVE  DU GEN DE GAULLE,43.52664,6.47158,Nuit avec éclairage allumé,En agglomération,Giratoire,Normale,Deux véhicules - côté,,,,,,,,,,,5,2,6,1.0,3.0
201800035316,0018-04-19 15:40:00,18,4,19,15,40,830,50,AVENUE DU MAR. GALLIENI,43.5254,6.5145,Plein jour,En agglomération,Hors intersection,Normale,Deux véhicules - frontale,,,,,,,,,,,1,2,1,1.0,1.0
201800035317,0018-03-12 09:15:00,18,3,12,9,15,830,50,RUE HELENE VIDAL,43.53155,6.46951,Plein jour,En agglomération,Hors intersection,Normale,Sans collision,,,,,,,,,,,1,2,1,1.0,7.0
201800035318,0018-04-29 12:35:00,18,4,29,12,35,830,50,MURAIRE (BD COMTE),43.53102,6.46573,Plein jour,En agglomération,Hors intersection,Normale,Deux véhicules - côté,,,,,,,,,,,1,2,1,1.0,3.0
201800035319,0018-05-02 10:05:00,18,5,2,10,5,830,50,ANCIENS COMBATTANTS A.F.,43.53449,6.45626,Plein jour,En agglomération,Giratoire,Normale,Autre collision,,,,,,,,,,,1,2,6,1.0,6.0
201800035320,0018-05-12 16:50:00,18,5,12,16,50,830,50,QUATRE SEPTEMBRE( AVE),43.53638,6.46016,Plein jour,En agglomération,Intersection en X,Normale,Autre collision,,,,,,,,,,,1,2,2,1.0,6.0
201800035321,0018-05-16 12:05:00,18,5,16,12,5,830,50,SAINT HERMENTAIRE(AVENUE,43.53085,6.45669,Plein jour,En agglomération,Hors intersection,Normale,Deux véhicules - côté,,,,,,,,,,,1,2,1,1.0,3.0
201800035322,0018-06-18 14:50:00,18,6,18,14,50,830,50,ALLENDE (ave Salvador),43.53357,6.41028,Plein jour,Hors agglomération,Intersection en X,Normale,Deux véhicules - frontale,,,,,,,,,,,1,1,2,1.0,1.0
201800035323,0018-06-19 18:15:00,18,6,19,18,15,830,50,VERDUN( AVENUE DE),43.53333,6.47629,Plein jour,En agglomération,Hors intersection,Normale,Deux véhicules - frontale,,,,,,,,,,,1,2,1,1.0,1.0
201800035324,0018-06-19 19:50:00,18,6,19,19,50,830,50,PAGNOL(BD MARCEL),43.53083,6.47997,Plein jour,En agglomération,Intersection en T,Normale,Deux véhicules - côté,,,,,,,,,,,1,2,3,1.0,3.0
201800035325,0018-08-20 16:00:00,18,8,20,16,0,830,50,TUTTLINGEN(AVENUE DE),43.52721,6.43896,Plein jour,En agglomération,Hors intersection,Normale,Deux véhicules - frontale,,,,,,,,,,,1,2,1,1.0,1.0
201800035326,0018-09-21 17:50:00,18,9,21,17,50,830,50,JAURES (BOULEVARD JEAN),43.5368,6.46943,Plein jour,En agglomération,Intersection en X,Normale,Autre collision,,,,,,,,,,,1,2,2,1.0,6.0
201800035327,0018-09-28 18:10:00,18,9,28,18,10,830,50,ANCIENS COMBATTANTS A.F.,43.53415,6.45806,Plein jour,En agglomération,Hors intersection,Normale,Autre collision,,,,,,,,,,,1,2,1,1.0,6.0
201800035328,0018-10-09 18:20:00,18,10,9,18,20,830,50,JUIN( AVENUE DU MARECHAL,43.53051,6.47004,Plein jour,En agglomération,Intersection en T,Pluie légère,Deux véhicules - côté,,,,,,,,,,,1,2,3,2.0,3.0
201800035329,0018-10-15 19:20:00,18,10,15,19,20,830,50,JUIN( AVENUE DU MARECHAL,43.53124,6.47031,Crépuscule ou aube,En agglomération,Intersection en X,Normale,Deux véhicules - arrière,,,,,,,,,,,2,2,2,1.0,2.0
201800035330,0018-10-25 18:45:00,18,10,25,18,45,830,50,CAZELLES(AVENUE JULIEN),43.53131,6.47347,Crépuscule ou aube,En agglomération,Intersection en X,Normale,Deux véhicules - côté,,,,,,,,,,,2,2,2,1.0,3.0
201800035331,0018-11-18 19:30:00,18,11,18,19,30,830,50,LIBERTE(BOULEVARD DE LA),43.53927,6.46308,Nuit avec éclairage allumé,En agglomération,Intersection en T,Normale,Deux véhicules - côté,,,,,,,,,,,5,2,3,1.0,3.0
201800035332,0018-11-11 11:20:00,18,11,11,11,20,830,50,LIBERTE(BOULEVARD DE LA),43.53942,6.46327,Plein jour,En agglomération,Hors intersection,Normale,Autre collision,,,,,,,,,,,1,2,1,1.0,6.0
201800035333,0018-11-24 09:50:00,18,11,24,9,50,830,50,LECLERC(BOULEVARD GENERA,43.53529,6.46117,Plein jour,En agglomération,Hors intersection,Temps couvert,Autre collision,,,,,,,,,,,1,2,1,8.0,6.0
201800035334,0018-11-28 18:40:00,18,11,28,18,40,830,50,DE GAULLE(AVENUE CHARLES,43.52971,6.47088,Nuit sans éclairage public,En agglomération,Giratoire,Normale,Autre collision,,,,,,,,,,,3,2,6,1.0,6.0
201800035335,0018-11-28 19:20:00,18,11,28,19,20,830,50,SCAMARONI(AVENUE FRED),43.52243,6.43318,Nuit sans éclairage public,Hors agglomération,Hors intersection,Normale,Deux véhicules - arrière,,,,,,,,,,,3,1,1,1.0,2.0
201800035336,0018-12-05 21:35:00,18,12,5,21,35,830,50,CARNOT(AVENUE LAZARE),43.53513,6.46654,Nuit avec éclairage allumé,En agglomération,Hors intersection,Normale,Deux véhicules - arrière,,,,,,,,,,,5,2,1,1.0,2.0
201800035337,0018-12-08 20:09:00,18,12,8,20,9,830,50,JAURES(BOULEVARD JEAN),43.53673,6.46775,Nuit avec éclairage allumé,En agglomération,Hors intersection,Normale,Autre collision,,,,,,,,,,,5,2,1,1.0,6.0
201800035338,0018-12-19 13:30:00,18,12,19,13,30,830,50,LAFOURCADE  Bd du colone,43.53188,6.46105,Plein jour,En agglomération,Hors intersection,Pluie légère,Autre collision,,,,,,,,,,,1,2,1,2.0,6.0
201800035339,0018-02-20 13:25:00,18,2,20,13,25,830,61,"161, RUE DE L'ARGENTIERE",43.42905,6.72709,Plein jour,En agglomération,Hors intersection,Normale,Autre collision,,,,,,,,,,,1,2,1,1.0,6.0
201800035340,0018-03-16 16:40:00,18,3,16,16,40,830,118,ROUTE DU TRAYAS,43.45383,6.92024,Plein jour,Hors agglomération,Hors intersection,Normale,Deux véhicules - côté,,,,,,,,,,,1,1,1,1.0,3.0
201800035341,0018-03-29 11:25:00,18,3,29,11,25,830,61,D4,43.48393,6.72035,Plein jour,Hors agglomération,Hors intersection,Normale,Autre collision,,,,,,,,,,,1,1,1,1.0,6.0
201800035342,0018-04-22 06:20:00,18,4,22,6,20,830,118,AVENUE DE LA MER,43.41713,6.79434,Crépuscule ou aube,En agglomération,Intersection en Y,Normale,Trois véhicules et plus - collisions multiples,,,,,,,,,,,2,2,4,1.0,5.0
201800035343,0018-05-29 12:25:00,18,5,29,12,25,830,118,AVENUE DE VALESCURE,43.4324,6.7729,Plein jour,En agglomération,Hors intersection,Normale,Deux véhicules - côté,,,,,,,,,,,1,2,1,1.0,3.0
201800035344,0018-06-01 23:35:00,18,6,1,23,35,830,61,AVENUE HENRI GIRAUD,43.44682,6.76193,Nuit avec éclairage allumé,En agglomération,Hors intersection,Normale,Autre collision,,,,,,,,,,,5,2,1,1.0,6.0
201800035345,0018-05-29 14:15:00,18,5,29,14,15,830,118,AVENUE COMMANDANT CHARCO,43.42763,6.77401,Plein jour,En agglomération,Hors intersection,Normale,Deux véhicules - côté,,,,,,,,,,,1,2,1,1.0,3.0
201800035346,0018-06-12 20:00:00,18,6,12,20,0,830,61,D100 A,43.44356,6.7257,Plein jour,En agglomération,Giratoire,Normale,Autre collision,,,,,,,,,,,1,2,6,1.0,6.0
201800035347,0018-06-16 15:10:00,18,6,16,15,10,830,61,RUE DES COMBATTANTS D'A.,43.44544,6.72647,Plein jour,En agglomération,Autre intersection,Normale,Deux véhicules - côté,,,,,,,,,,,1,2,9,1.0,3.0
201800035348,0018-06-19 21:00:00,18,6,19,21,0,830,61,RN7,43.52138,6.88722,Plein jour,Hors agglomération,Hors intersection,Normale,Deux véhicules - côté,,,,,,,,,,,1,1,1,1.0,3.0
201800035349,0018-06-28 02:10:00,18,6,28,2,10,830,118,BOULEVARD DE L'ASP,43.42999,6.799,Nuit avec éclairage allumé,En agglomération,Hors intersection,Normale,Autre collision,,,,,,,,,,,5,2,1,1.0,6.0
201800035350,0018-07-13 17:55:00,18,7,13,17,55,830,61,AVENUE A. LEOTARD,43.4362,6.7599,Plein jour,En agglomération,Hors intersection,Normale,Trois véhicules et plus - collisions multiples,,,,,,,,,,,1,2,1,1.0,5.0
201800035351,0018-07-18 14:10:00,18,7,18,14,10,830,61,AV DE LA CORNICHE D'AZUR,43.4027,6.7298,Plein jour,En agglomération,Hors intersection,Normale,Autre collision,,,,,,,,,,,1,2,1,1.0,6.0
201800035352,0018-07-31 13:15:00,18,7,31,13,15,830,61,AVE DU GEN D'ARMEE,43.44221,6.74675,Plein jour,En agglomération,Hors intersection,Normale,Deux véhicules - arrière,,,,,,,,,,,1,2,1,1.0,2.0
201800035353,0018-08-14 17:05:00,18,8,14,17,5,830,61,AVENUE DE LA CORNICHE D',43.38733,6.72387,Plein jour,En agglomération,Hors intersection,Normale,Deux véhicules - arrière,,,,,,,,,,,1,2,1,1.0,2.0
201800035354,0018-08-15 17:50:00,18,8,15,17,50,830,61,AVENUE EUGÔNE JOLY,43.42472,6.73666,Plein jour,En agglomération,Hors intersection,Normale,Deux véhicules - côté,,,,,,,,,,,1,2,1,1.0,3.0
201800035355,0018-08-22 21:40:00,18,8,22,21,40,830,61,AVENUE DE PROVENCE,43.2537,6.459,Nuit avec éclairage allumé,En agglomération,Autre intersection,Normale,Deux véhicules - côté,,,,,,,,,,,5,2,9,1.0,3.0
201800035356,0018-08-24 07:40:00,18,8,24,7,40,830,61,RUE DES COMBATTANTS D'A.,43.46,6.7277,Plein jour,En agglomération,Hors intersection,Normale,Deux véhicules - côté,,,,,,,,,,,1,2,1,1.0,3.0
201800035357,0018-10-20 10:46:00,18,10,20,10,46,830,61,RUE MARCHAL GALLIENI,43.4336,6.79314,Plein jour,En agglomération,Giratoire,Normale,Autre collision,,,,,,,,,,,1,2,6,1.0,6.0
201800035358,0018-11-01 03:00:00,18,11,1,3,0,830,61,RN7,43.43814,6.715,Nuit sans éclairage public,En agglomération,Hors intersection,Pluie forte,Autre collision,,,,,,,,,,,3,2,1,3.0,6.0
201800035359,0018-11-05 11:30:00,18,11,5,11,30,830,61,RUE DU DOCTEUR LOUIS TUR,43.43333,6.74027,Plein jour,En agglomération,Autre intersection,Normale,Autre collision,,,,,,,,,,,1,2,9,1.0,6.0
201800035360,0018-12-16 02:15:00,18,12,16,2,15,830,118,AVENUE THEODORE  RIVIERE,43.43851,6.77388,Nuit avec éclairage allumé,En agglomération,Hors intersection,Normale,Autre collision,,,,,,,,,,,5,2,1,1.0,6.0
201800035361,0018-12-22 06:00:00,18,12,22,6,0,830,61,AV DE LA CORNICHE D'Azur,43.37847,6.7196,Nuit avec éclairage allumé,Hors agglomération,Hors intersection,Normale,Sans collision,,,,,,,,,,,5,1,1,1.0,7.0
201800035362,0018-01-18 18:00:00,18,1,18,18,0,830,69,"860, AVE DE L'AEROPORT",43.09522,6.13657,Crépuscule ou aube,En agglomération,Hors intersection,Normale,Deux véhicules - côté,,,,,,,,,,,2,2,1,1.0,3.0
201800035363,0018-01-20 02:50:00,18,1,20,2,50,830,69,"3242, ROUTE DE NICE",43.12638,6.19316,Nuit avec éclairage allumé,Hors agglomération,Hors intersection,Normale,Autre collision,,,,,,,,,,,5,1,1,1.0,6.0
201800035364,0018-01-22 21:15:00,18,1,22,21,15,830,69,"460, RUE DES CAPUCINES",43.10832,6.1179,Nuit avec éclairage allumé,En agglomération,Hors intersection,Normale,Sans collision,,,,,,,,,,,5,2,1,1.0,7.0
201800035365,0018-01-26 15:30:00,18,1,26,15,30,830,69,ROUTE DU REAL MARTIN,43.16776,6.1097,Plein jour,Hors agglomération,Hors intersection,Pluie forte,Deux véhicules - frontale,,,,,,,,,,,1,1,1,3.0,1.0
201800035366,0018-01-25 15:40:00,18,1,25,15,40,830,69,ROUTE DE PIERREFEU,43.15154,6.13269,Plein jour,Hors agglomération,Hors intersection,Pluie légère,Trois véhicules et plus - collisions multiples,,,,,,,,,,,1,1,1,2.0,5.0
201800035367,0018-02-08 19:30:00,18,2,8,19,30,830,69,"8,  AVENUE VICTORIA",43.6584,6.73251,Nuit avec éclairage allumé,En agglomération,Hors intersection,Normale,Autre collision,,,,,,,,,,,5,2,1,1.0,6.0
201800035368,0018-01-02 06:58:00,18,1,2,6,58,830,69,ALLEE DES GRES ROSES,43.12439,6.15048,Nuit sans éclairage public,En agglomération,Hors intersection,Normale,Autre collision,,,,,,,,,,,3,2,1,1.0,6.0
201800035369,0018-02-16 16:00:00,18,2,16,16,0,830,69,"1, MEDITERRANEE (AVENUE",43.08093,6.15399,Plein jour,En agglomération,Hors intersection,Normale,Deux véhicules - côté,,,,,,,,,,,1,2,1,1.0,3.0
201800035370,0018-02-16 20:10:00,18,2,16,20,10,830,69,VOIE OLBIA,43.11738,6.14445,Nuit avec éclairage allumé,En agglomération,Intersection en X,Normale,Deux véhicules - côté,,,,,,,,,,,5,2,2,1.0,3.0
201800035371,0018-02-18 16:35:00,18,2,18,16,35,830,69,ROUTE DES MARAIS,43.08209,6.14377,Plein jour,Hors agglomération,Hors intersection,Normale,Deux véhicules - côté,,,,,,,,,,,1,1,1,1.0,3.0
201800035372,0018-02-19 08:30:00,18,2,19,8,30,830,69,AVENUE DES ALOUETTES,43.08595,6.10663,Plein jour,Hors agglomération,Hors intersection,Normale,Autre collision,,,,,,,,,,,1,1,1,1.0,6.0
201800035373,0018-02-22 13:40:00,18,2,22,13,40,830,69,AVENUE DU XVEME CORPS,43.12199,6.14093,Plein jour,En agglomération,Hors intersection,Normale,Deux véhicules - côté,,,,,,,,,,,1,2,1,1.0,3.0
201800035374,0018-03-22 08:48:00,18,3,22,8,48,830,69,"1, GIENS (ROUTE DE )",43.079,6.149,Plein jour,Hors agglomération,Hors intersection,Normale,Deux véhicules - côté,,,,,,,,,,,1,1,1,1.0,3.0
201800035375,0018-04-13 13:20:00,18,4,13,13,20,830,69,TOULON (VIEUX CHEMIN DE),43.72604,6.5459,Plein jour,En agglomération,Autre intersection,Pluie légère,Trois véhicules et plus - collisions multiples,,,,,,,,,,,1,2,9,2.0,5.0
201800035376,0018-04-22 17:00:00,18,4,22,17,0,830,69,DECUGIS (AVENUE ALFRED),43.10897,6.17158,Plein jour,En agglomération,Hors intersection,Normale,Autre collision,,,,,,,,,,,1,2,1,1.0,6.0
201800035377,0018-04-25 14:45:00,18,4,25,14,45,830,69,GODILLOT ( AVE ALEXIS),43.11077,6.12418,Plein jour,En agglomération,Hors intersection,Normale,Deux véhicules - côté,,,,,,,,,,,1,2,1,1.0,3.0
201800035378,0018-04-28 16:45:00,18,4,28,16,45,830,69,GIENS (ROUTE DE ),43.08051,6.14949,Plein jour,En agglomération,Giratoire,Normale,Deux véhicules - arrière,,,,,,,,,,,1,2,6,1.0,2.0
201800035379,0018-04-28 05:30:00,18,4,28,5,30,830,69,JAURES (AVENUE JEAN),43.16688,6.17425,Nuit avec éclairage allumé,En agglomération,Autre intersection,Normale,Deux véhicules - frontale,,,,,,,,,,,5,2,9,1.0,1.0
201800035380,0018-05-01 19:15:00,18,5,1,19,15,830,69,NICE (ROUTE DE),43.13057,6.16929,Plein jour,Hors agglomération,Hors intersection,Temps couvert,Autre collision,,,,,,,,,,,1,1,1,8.0,6.0
201800035381,0018-05-07 18:00:00,18,5,7,18,0,830,69,TOULON (VIEUX CHEMIN DE),43.12451,6.09473,Plein jour,En agglomération,Hors intersection,Normale,Deux véhicules - arrière,,,,,,,,,,,1,2,1,1.0,2.0
201800035382,0018-05-18 16:15:00,18,5,18,16,15,830,69,CHEMIN DE LA VILLETTE,43.1,6.12,Plein jour,En agglomération,Autre intersection,Normale,Deux véhicules - côté,,,,,,,,,,,1,2,9,1.0,3.0
201800035383,0018-05-27 12:10:00,18,5,27,12,10,830,69,SAINT EXUPERY ( RUE ),43.11849,6.1424,Plein jour,En agglomération,Hors intersection,Normale,Autre collision,,,,,,,,,,,1,2,1,1.0,6.0
201800035384,0018-05-27 13:40:00,18,5,27,13,40,830,34,RUE DES 3 PINS,43.10327,6.05575,Plein jour,Hors agglomération,Hors intersection,Normale,Sans collision,,,,,,,,,,,1,1,1,1.0,7.0
201800035385,0018-05-30 00:15:00,18,5,30,0,15,830,69,COL DU SERRE (CHEMIN DU),43.10823,6.08683,Nuit sans éclairage public,Hors agglomération,Hors intersection,Normale,Sans collision,,,,,,,,,,,3,1,1,1.0,7.0
201800035386,0018-06-05 17:45:00,18,6,5,17,45,830,69,PALYVESTRE (CHEMIN DU),43.09681,6.13758,Plein jour,En agglomération,Hors intersection,Normale,Deux véhicules - côté,,,,,,,,,,,1,2,1,1.0,3.0