accident_id,datetime,annee,mois,jour,heure,minute,departement,commune_insee,adresse,latitude,longitude,luminosite,agglomeration,intersection,meteo,collision,nb_vehicules,nb_usagers,nb_indemnes,nb_tues,nb_blesses_hosp,nb_blesses_legers,age_cond_1,age_cond_2,veh_type_cond_1,veh_type_cond_2,lum_code,agg_code,int_code,atm_code,col_code
201800035627,0018-11-05 19:50:00,18,11,5,19,50,830,137,PICOT (AVE DU COLONEL),43.1257,5.9586,Nuit avec éclairage allumé,En agglomération,Hors intersection,Pluie légère,Autre collision,,,,,,,,,,,5,2,1,2.0,6.0
201800035628,0018-11-06 17:15:00,18,11,6,17,15,830,137,PONT DE BOIS (CHEMIN DU),43.73071,5.90582,Plein jour,En agglomération,Hors intersection,Normale,Deux véhicules - frontale,,,,,,,,,,,1,2,1,1.0,1.0
201800035629,0018-11-08 20:00:00,18,11,8,20,0,830,137,JAUJARD (RUE AMIRAL),,,Nuit avec éclairage allumé,En agglomération,Place,Normale,Deux véhicules - côté,,,,,,,,,,,5,2,7,1.0,3.0
201800035630,0018-11-09 13:35:00,18,11,9,13,35,830,137,STRASBOURG (BD DE ),43.12469,5.93344,Plein jour,En agglomération,Hors intersection,Temps couvert,Autre collision,,,,,,,,,,,1,2,1,8.0,6.0
201800035631,0018-11-13 18:42:00,18,11,13,18,42,830,137,DARDANELLES (AVE DES),43.12791,5.92239,Nuit avec éclairage allumé,En agglomération,Hors intersection,Normale,Autre collision,,,,,,,,,,,5,2,1,1.0,6.0
201800035632,0018-11-16 19:50:00,18,11,16,19,50,830,137,BRIAND (AVE ARISTIDE DE,43.1277,5.90565,Nuit avec éclairage allumé,En agglomération,Hors intersection,Normale,Deux véhicules - côté,,,,,,,,,,,5,2,1,1.0,3.0
201800035633,0018-11-17 14:15:00,18,11,17,14,15,830,137,CAMUS (AVE ALBERT),43.13411,5.88216,Plein jour,En agglomération,Hors intersection,Normale,Deux véhicules - frontale,,,,,,,,,,,1,2,1,1.0,1.0
201800035634,0018-11-17 14:00:00,18,11,17,14,0,830,137,FOCH (AVE DU MARECHAL),43.12711,5.92124,Plein jour,En agglomération,Intersection en X,Normale,Deux véhicules - côté,,,,,,,,,,,1,2,2,1.0,3.0
201800035635,0018-11-18 13:00:00,18,11,18,13,0,830,137,TROLLEY DE PREVEAUX (AVE,43.15488,5.91425,Plein jour,En agglomération,Hors intersection,Normale,Deux véhicules - frontale,,,,,,,,,,,1,2,1,1.0,1.0
201800035636,0018-11-20 15:50:00,18,11,20,15,50,830,62,HOUOT (AVENUE CDT),43.10757,5.98932,Plein jour,En agglomération,Hors intersection,Pluie légère,Deux véhicules - côté,,,,,,,,,,,1,2,1,2.0,3.0
201800035637,0018-11-22 16:50:00,18,11,22,16,50,830,137,ESTIENNE D'ORVES (AVE),43.12731,5.91815,Plein jour,En agglomération,Intersection en X,Normale,Deux véhicules - arrière,,,,,,,,,,,1,2,2,1.0,2.0
201800035638,0018-11-23 20:45:00,18,11,23,20,45,830,137,CUZIN (AVE FRANCOIS),43.12248,5.94472,Nuit avec éclairage allumé,En agglomération,Intersection en T,Pluie forte,Deux véhicules - arrière,,,,,,,,,,,5,2,3,3.0,2.0
201800035639,0018-11-26 07:00:00,18,11,26,7,0,830,137,CLEMENCEAU (BD GEORGES),43.12367,5.93723,Nuit avec éclairage allumé,En agglomération,Hors intersection,Normale,Autre collision,,,,,,,,,,,5,2,1,1.0,6.0
201800035640,0018-11-27 14:30:00,18,11,27,14,30,830,137,CHARCOT (QUAI JEAN),43.129,5.90211,Plein jour,En agglomération,Intersection en X,Normale,Deux véhicules - côté,,,,,,,,,,,1,2,2,1.0,3.0
201800035641,0018-11-29 19:25:00,18,11,29,19,25,830,137,FORT ROUGE (CHEMIN DU),43.14016,5.91311,Nuit avec éclairage allumé,En agglomération,Intersection en X,Normale,Deux véhicules - côté,,,,,,,,,,,5,2,2,1.0,3.0
201800035642,0018-12-01 00:10:00,18,12,1,0,10,830,103,ROUQUIER (AVENUE M.),43.1635,5.92724,Nuit avec éclairage allumé,Hors agglomération,Giratoire,Pluie légère,Autre collision,,,,,,,,,,,5,1,6,2.0,6.0
201800035643,0018-12-01 17:10:00,18,12,1,17,10,830,144,LIBERATION (AVE DE LA),43.14299,5.98798,Crépuscule ou aube,En agglomération,Intersection en T,Normale,Deux véhicules - côté,,,,,,,,,,,2,2,3,1.0,3.0
201800035644,0018-12-05 17:00:00,18,12,5,17,0,830,62,RD97,43.14515,6.02516,Crépuscule ou aube,En agglomération,Hors intersection,Normale,Deux véhicules - côté,,,,,,,,,,,2,2,1,1.0,3.0
201800035645,0018-12-05 17:30:00,18,12,5,17,30,830,144,DESCARTES (RUE),43.13831,6.00085,Crépuscule ou aube,Hors agglomération,Hors intersection,Normale,Autre collision,,,,,,,,,,,2,1,1,1.0,6.0
201800035646,0018-12-05 12:00:00,18,12,5,12,0,830,62,ROUTE NATIONALE 97,43.14917,6.03182,Plein jour,Hors agglomération,Hors intersection,Normale,Deux véhicules - côté,,,,,,,,,,,1,1,1,1.0,3.0
201800035647,0018-12-06 23:47:00,18,12,6,23,47,830,137,MOULINS (AVE DES),43.1428,5.913,Nuit avec éclairage allumé,En agglomération,Hors intersection,Normale,Sans collision,,,,,,,,,,,5,2,1,1.0,7.0
201800035648,0018-12-08 16:20:00,18,12,8,16,20,830,98,PREMIERE (D.F.L),,,Plein jour,En agglomération,Intersection en T,Normale,Deux véhicules - côté,,,,,,,,,,,1,2,3,1.0,3.0
201800035649,0018-12-11 11:00:00,18,12,11,11,0,830,137,LECLERC (AVE GENERAL),43.12569,5.92858,Plein jour,En agglomération,Hors intersection,Normale,Trois véhicules et plus - en chaîne,,,,,,,,,,,1,2,1,1.0,4.0
201800035650,0018-12-13 18:40:00,18,12,13,18,40,830,137,POINCARE (RUE HENRI),43.11906,5.94064,Nuit avec éclairage allumé,En agglomération,Hors intersection,Pluie légère,Autre collision,,,,,,,,,,,5,2,1,2.0,6.0
201800035651,0018-12-18 07:15:00,18,12,18,7,15,830,98,AIGUIER (RUE AUGUSTE),43.10681,6.0316,Nuit avec éclairage allumé,En agglomération,Autre intersection,Normale,Autre collision,,,,,,,,,,,5,2,9,1.0,6.0
201800035652,0018-12-28 14:55:00,18,12,28,14,55,830,62,DRAGUIGNAN (AVENUE DE),43.14111,6.03577,Plein jour,Hors agglomération,Autre intersection,Normale,Deux véhicules - côté,,,,,,,,,,,1,1,9,1.0,3.0
201800035653,0018-12-28 19:00:00,18,12,28,19,0,830,62,DIGNE (AVENUE DE ),43.14644,6.0345,Nuit avec éclairage allumé,Hors agglomération,Hors intersection,Normale,Sans collision,,,,,,,,,,,5,1,1,1.0,7.0
201800035654,0018-12-28 07:30:00,18,12,28,7,30,830,62,CARNOT (AVENUE SADI),43.1247,6.00896,Nuit sans éclairage public,En agglomération,Intersection en T,Normale,Autre collision,,,,,,,,,,,3,2,3,1.0,6.0
201800035655,0018-12-30 17:40:00,18,12,30,17,40,830,98,DE LATTRE (BD DE TASSIGN,43.09812,6.02424,Crépuscule ou aube,En agglomération,Hors intersection,Normale,Deux véhicules - frontale,,,,,,,,,,,2,2,1,1.0,1.0
201800035656,0018-09-06 11:40:00,18,9,6,11,40,840,7,CARRETERIE (Rue),43.95033,4.81363,Plein jour,En agglomération,Hors intersection,Normale,Autre collision,,,,,,,,,,,1,2,1,1.0,6.0
201800035657,0018-01-31 13:05:00,18,1,31,13,5,840,7,C.De GAULLE (Rocade),43.92969,4.82095,Plein jour,En agglomération,Intersection en X,Normale,Deux véhicules - côté,,,,,,,,,,,1,2,2,1.0,3.0
201800035658,0018-02-26 19:30:00,18,2,26,19,30,840,7,"43, MONTFAVET (Route)",43.94067,4.82784,Nuit avec éclairage allumé,En agglomération,Hors intersection,Normale,Autre collision,,,,,,,,,,,5,2,1,1.0,6.0
201800035659,0018-02-23 21:30:00,18,2,23,21,30,300,351,"75, PASTEUR AVENUE",43.95904,4.77711,Nuit avec éclairage allumé,En agglomération,Hors intersection,Normale,Deux véhicules - côté,,,,,,,,,,,5,2,1,1.0,3.0
201800035660,0018-03-06 16:00:00,18,3,6,16,0,840,7,PICASSO (rue Pablo),43.9434,4.84746,Plein jour,En agglomération,Giratoire,Normale,Autre collision,,,,,,,,,,,1,2,6,1.0,6.0
201800035661,0018-02-22 13:25:00,18,2,22,13,25,840,7,MONCLAR (Avenue),43.9293,4.80085,Plein jour,En agglomération,Hors intersection,Normale,Autre collision,,,,,,,,,,,1,2,1,1.0,6.0
201800035662,0018-03-12 07:55:00,18,3,12,7,55,300,351,RHEINBACH AVENUE DE,43.98261,4.78478,Crépuscule ou aube,Hors agglomération,Hors intersection,Normale,Deux véhicules - côté,,,,,,,,,,,2,1,1,1.0,3.0
201800035663,0018-04-11 22:15:00,18,4,11,22,15,840,7,CHARLES DE GAULLE,43.94086,4.79041,Nuit sans éclairage public,En agglomération,Hors intersection,Normale,Deux véhicules - côté,,,,,,,,,,,3,2,1,1.0,3.0
201800035664,0018-03-28 08:30:00,18,3,28,8,30,840,7,CARDINAL BERTRAND (Cours,43.9292,4.87574,Plein jour,En agglomération,Hors intersection,Normale,Autre collision,,,,,,,,,,,1,2,1,1.0,6.0
201800035665,0018-04-22 12:10:00,18,4,22,12,10,840,7,BOSCO  (place Henri)-MON,43.93038,4.84774,Plein jour,En agglomération,Place,Normale,Autre collision,,,,,,,,,,,1,2,7,1.0,6.0
201800035666,0018-04-21 06:10:00,18,4,21,6,10,300,351,PONT DU ROYAUME,43.95337,4.79418,Nuit sans éclairage public,Hors agglomération,Hors intersection,Normale,Deux véhicules - frontale,,,,,,,,,,,3,1,1,1.0,1.0
201800035667,0018-03-15 18:50:00,18,3,15,18,50,840,7,PINEDE (AVENUE DE LA ) M,43.91914,4.89027,Crépuscule ou aube,Hors agglomération,Autre intersection,Normale,Deux véhicules - côté,,,,,,,,,,,2,1,9,1.0,3.0
201800035668,0018-05-18 19:30:00,18,5,18,19,30,840,7,ROUTE DE CAUMONT,43.90747,4.92135,Crépuscule ou aube,Hors agglomération,Hors intersection,Normale,Deux véhicules - frontale,,,,,,,,,,,2,1,1,1.0,1.0
201800035669,0018-05-22 12:05:00,18,5,22,12,5,840,7,MONCLAR (Avenue),43.94098,4.80628,Plein jour,En agglomération,Intersection en T,Normale,Autre collision,,,,,,,,,,,1,2,3,1.0,6.0
201800035670,0018-05-30 17:55:00,18,5,30,17,55,840,7,Rpublique (rue de la ),43.94562,4.80566,Plein jour,En agglomération,Hors intersection,Normale,Autre collision,,,,,,,,,,,1,2,1,1.0,6.0
201800035671,0018-06-02 07:30:00,18,6,2,7,30,300,351,GENERAL LECLERC AVENUE D,43.95466,4.78952,Plein jour,En agglomération,Giratoire,Normale,Deux véhicules - frontale,,,,,,,,,,,1,2,6,1.0,1.0
201800035672,0018-06-09 14:35:00,18,6,9,14,35,840,7,ALGER (rue d'),43.93174,4.80174,Plein jour,En agglomération,Intersection en X,Normale,Deux véhicules - côté,,,,,,,,,,,1,2,2,1.0,3.0
201800035673,0018-06-07 13:15:00,18,6,7,13,15,840,7,MOULIN NOTRE DAME (Rue),43.93471,4.84168,Plein jour,En agglomération,Hors intersection,Normale,Autre collision,,,,,,,,,,,1,2,1,1.0,6.0
201800035674,0018-06-16 14:25:00,18,6,16,14,25,300,11,ARAMON ROUTE D',43.94766,4.78623,Plein jour,Hors agglomération,Autre intersection,Normale,Deux véhicules - côté,,,,,,,,,,,1,1,9,1.0,3.0
201800035675,0018-06-25 16:48:00,18,6,25,16,48,300,11,GRAND TERME BOULEVARD DU,43.96583,4.76583,Plein jour,En agglomération,Autre intersection,Normale,Trois véhicules et plus - collisions multiples,,,,,,,,,,,1,2,9,1.0,5.0
201800035676,0018-06-28 08:25:00,18,6,28,8,25,300,11,TAVEL AVENUE DE,43.96133,4.74868,Plein jour,En agglomération,Giratoire,Normale,Deux véhicules - côté,,,,,,,,,,,1,2,6,1.0,3.0
201800035677,0018-07-10 10:00:00,18,7,10,10,0,300,351,GAMBETTA BOULEVARD LEON,43.9756,4.78918,Plein jour,En agglomération,Autre intersection,Normale,Deux véhicules - arrière,,,,,,,,,,,1,2,9,1.0,2.0
201800035678,0018-07-19 10:40:00,18,7,19,10,40,840,7,HUGO ( Rue Victor),43.94752,4.80146,Plein jour,En agglomération,Intersection en X,Normale,Autre collision,,,,,,,,,,,1,2,2,1.0,6.0
201800035679,0018-05-12 19:20:00,18,5,12,19,20,840,7,ISLON (Chemin de l'),43.99469,4.82346,Plein jour,Hors agglomération,Intersection en Y,Normale,Deux véhicules - côté,,,,,,,,,,,1,1,4,1.0,3.0
201800035680,0018-08-10 13:50:00,18,8,10,13,50,300,11,ARAMON ROUTE D',43.94105,4.77529,Plein jour,Hors agglomération,Autre intersection,Normale,Deux véhicules - côté,,,,,,,,,,,1,1,9,1.0,3.0
201800035681,0018-08-30 18:39:00,18,8,30,18,39,840,7,CAVAILLON (Route de Cava,43.8888,4.91739,Plein jour,En agglomération,Hors intersection,Normale,Deux véhicules - côté,,,,,,,,,,,1,2,1,1.0,3.0
201800035682,0018-09-07 10:00:00,18,9,7,10,0,840,7,LAVARIN (Chemin du ),43.92964,4.80478,Plein jour,En agglomération,Hors intersection,Normale,Autre collision,,,,,,,,,,,1,2,1,1.0,6.0
201800035683,0018-09-18 08:00:00,18,9,18,8,0,840,7,C.De GAULLE (Rocade),43.92883,4.81249,Plein jour,En agglomération,Autre intersection,Normale,Deux véhicules - côté,,,,,,,,,,,1,2,9,1.0,3.0
201800035684,0018-10-02 08:10:00,18,10,2,8,10,300,11,R.N. 100,43.94882,4.77209,Plein jour,Hors agglomération,Hors intersection,Normale,Trois véhicules et plus - collisions multiples,,,,,,,,,,,1,1,1,1.0,5.0
201800035685,0018-10-16 19:30:00,18,10,16,19,30,840,7,Rpublique (rue de la ),43.94554,4.80554,Nuit avec éclairage allumé,En agglomération,Intersection en X,Normale,Deux véhicules - frontale,,,,,,,,,,,5,2,2,1.0,1.0
201800035686,0018-10-22 14:50:00,18,10,22,14,50,840,7,MORIERES (Route de ),43.94934,4.85701,Plein jour,En agglomération,Hors intersection,Normale,Deux véhicules - côté,,,,,,,,,,,1,2,1,1.0,3.0
201800035687,0018-10-29 12:20:00,18,10,29,12,20,840,7,MARSEILLE (Route de ),43.92195,4.85805,Plein jour,Hors agglomération,Autre intersection,Autre,Autre collision,,,,,,,,,,,1,1,9,9.0,6.0
201800035688,0018-09-03 19:10:00,18,9,3,19,10,840,7,SAINT SATURNIN (ROUTE DE,43.95317,4.87147,Plein jour,Hors agglomération,Hors intersection,Normale,Deux véhicules - côté,,,,,,,,,,,1,1,1,1.0,3.0
201800035689,0018-09-27 04:50:00,18,9,27,4,50,840,7,MORIERES (Route de ),43.95096,4.85169,Nuit sans éclairage public,En agglomération,Hors intersection,Normale,Deux véhicules - arrière,,,,,,,,,,,3,2,1,1.0,2.0
201800035690,0018-12-13 00:15:00,18,12,13,0,15,840,7,BONPAS ( Pont)-MONTFAVET,43.89001,4.91355,Nuit avec éclairage allumé,Hors agglomération,Giratoire,Normale,Autre collision,,,,,,,,,,,5,1,6,1.0,6.0
201800035691,0018-12-12 13:35:00,18,12,12,13,35,840,7,LIMBERT (Boulevard),43.9471,4.81782,Plein jour,Hors agglomération,Hors intersection,Normale,Autre collision,,,,,,,,,,,1,1,1,1.0,6.0
201800035692,0018-12-18 12:50:00,18,12,18,12,50,840,7,MONTFAVET (Route),43.93996,4.83318,Plein jour,En agglomération,Hors intersection,Normale,Autre collision,,,,,,,,,,,1,2,1,1.0,6.0
201800035693,0018-12-22 03:57:00,18,12,22,3,57,840,7,DOCTEUR PONS (Route tour,43.95894,4.83574,Nuit sans éclairage public,Hors agglomération,Hors intersection,Pluie légère,Trois véhicules et plus - collisions multiples,,,,,,,,,,,3,1,1,2.0,5.0
201800035694,0018-01-24 19:55:00,18,1,24,19,55,840,31,HUGO AVENUE VICTOR,44.04497,5.04848,Nuit avec éclairage allumé,En agglomération,Hors intersection,Normale,Autre collision,,,,,,,,,,,5,2,1,1.0,6.0
201800035695,0018-03-30 12:11:00,18,3,30,12,11,840,31,DURAND BOULEVARD ALBIN,44.05231,5.04718,Plein jour,En agglomération,Hors intersection,Normale,Autre collision,,,,,,,,,,,1,2,1,1.0,6.0
201800035696,0018-06-13 00:10:00,18,6,13,0,10,840,31,MOULIN AVENUE JEAN,44.0595,5.05907,Nuit avec éclairage allumé,En agglomération,Hors intersection,Normale,Deux véhicules - frontale,,,,,,,,,,,5,2,1,1.0,1.0
201800035697,0018-06-08 17:45:00,18,6,8,17,45,840,80,CD 942 DE CARPENTRAS A R,44.04569,5.00134,Plein jour,Hors agglomération,Autre intersection,Normale,Trois véhicules et plus - collisions multiples,,,,,,,,,,,1,1,9,1.0,5.0
201800035698,0018-08-16 16:00:00,18,8,16,16,0,840,80,CD 942 DE CARPENTRAS A R,44.04513,5.00872,Plein jour,Hors agglomération,Hors intersection,Temps éblouissant,Deux véhicules - arrière,,,,,,,,,,,1,1,1,7.0,2.0
201800035699,0018-07-06 18:45:00,18,7,6,18,45,840,31,MOULIN AVENUE JEAN,44.05971,5.05886,Crépuscule ou aube,En agglomération,Intersection en Y,Normale,Deux véhicules - côté,,,,,,,,,,,2,2,4,1.0,3.0
201800035700,0018-09-05 08:40:00,18,9,5,8,40,840,31,JAURES AVENUE JEAN,44.05314,5.04922,Plein jour,En agglomération,Hors intersection,Normale,Autre collision,,,,,,,,,,,1,2,1,1.0,6.0
201800035701,0018-09-21 19:25:00,18,9,21,19,25,840,31,ROGIER BOULEVARD ALFRED,44.05785,5.05053,Plein jour,En agglomération,Autre intersection,Normale,Autre collision,,,,,,,,,,,1,2,9,1.0,6.0
201800035702,0018-10-06 23:15:00,18,10,6,23,15,840,31,CD 942,44.06313,5.04097,Nuit sans éclairage public,Hors agglomération,Hors intersection,Normale,Deux véhicules - frontale,,,,,,,,,,,3,1,1,1.0,1.0
201800035703,0018-09-30 02:10:00,18,9,30,2,10,840,31,MAZAN ROUTE DE,44.06021,5.07716,Nuit sans éclairage public,Hors agglomération,Hors intersection,Normale,Autre collision,,,,,,,,,,,3,1,1,1.0,6.0
201800035704,0018-12-17 14:45:00,18,12,17,14,45,840,31,KENNEDY AVENUE JOHN .F.,,,Plein jour,En agglomération,Hors intersection,Normale,Deux véhicules - arrière,,,,,,,,,,,1,2,1,1.0,2.0
201800035705,0018-06-17 07:05:00,18,6,17,7,5,840,35,VIGNERES-RD98 (ROUTE DES,43.86959,5.01402,Plein jour,Hors agglomération,Hors intersection,Normale,Autre collision,,,,,,,,,,,1,1,1,1.0,6.0
201800035706,0018-06-16 11:50:00,18,6,16,11,50,840,35,BELLEVUE (CARREFOUR),43.83792,5.04326,Plein jour,En agglomération,Giratoire,Normale,Autre collision,,,,,,,,,,,1,2,6,1.0,6.0
201800035707,0018-06-26 22:45:00,18,6,26,22,45,840,35,CHEVAL BLANC (AVENUE DE),43.8304,5.05523,Nuit avec éclairage allumé,En agglomération,Hors intersection,Normale,Deux véhicules - côté,,,,,,,,,,,5,2,1,1.0,3.0
201800035708,0018-08-10 22:38:00,18,8,10,22,38,840,35,ROBION (AVENUE DE),43.83872,5.04839,Nuit avec éclairage allumé,En agglomération,Intersection en X,Normale,Deux véhicules - côté,,,,,,,,,,,5,2,2,1.0,3.0
201800035709,0018-08-14 19:35:00,18,8,14,19,35,840,35,TAILLADES-RD143 (ROUTES,43.83749,5.06826,Plein jour,Hors agglomération,Intersection en X,Normale,Deux véhicules - frontale,,,,,,,,,,,1,1,2,1.0,1.0
201800035710,0018-02-14 22:25:00,18,2,14,22,25,840,87,"342, GUYENNE (RUE)",44.75149,4.49147,Nuit avec éclairage allumé,En agglomération,Hors intersection,Normale,Sans collision,,,,,,,,,,,5,2,1,1.0,7.0
201800035711,0018-12-20 07:55:00,18,12,20,7,55,840,87,ARON (RUE RAYMOND),44.12994,4.83517,Crépuscule ou aube,En agglomération,Intersection en X,Brouillard / fumée,Autre collision,,,,,,,,,,,2,2,2,5.0,6.0
201800035712,0018-06-14 16:30:00,18,6,14,16,30,840,87,VERDUN (AVENUE DE),44.12849,4.8206,Plein jour,En agglomération,Hors intersection,Normale,Deux véhicules - côté,,,,,,,,,,,1,2,1,1.0,3.0
201800035713,0018-06-21 08:52:00,18,6,21,8,52,840,87,ARC DE TRIOMPHE (AVENUE,44.14058,4.8053,Plein jour,En agglomération,Intersection en T,Normale,Autre collision,,,,,,,,,,,1,2,3,1.0,6.0
201800035714,0018-07-30 20:15:00,18,7,30,20,15,840,87,ROUTE DE SERIGNAN DUD,44.15931,4.79745,Plein jour,Hors agglomération,Intersection en T,Normale,Deux véhicules - côté,,,,,,,,,,,1,1,3,1.0,3.0
201800035715,0018-08-01 19:55:00,18,8,1,19,55,840,87,TERRIER (RUE DU),44.1396,4.81417,Plein jour,En agglomération,Intersection en T,Normale,Deux véhicules - côté,,,,,,,,,,,1,2,3,1.0,3.0
201800035716,0018-08-11 13:20:00,18,8,11,13,20,840,87,DALADIER (BD EDOUARD),44.13687,4.81122,Plein jour,En agglomération,Hors intersection,Normale,Autre collision,,,,,,,,,,,1,2,1,1.0,6.0
201800035717,0018-11-10 16:00:00,18,11,10,16,0,840,87,SOURCES (RUE DES),48.86272,2.28759,Plein jour,En agglomération,Intersection en X,Temps couvert,Deux véhicules - frontale,,,,,,,,,,,1,2,2,8.0,1.0
201800035718,0018-11-19 10:00:00,18,11,19,10,0,840,87,LECLERC (AVENUE DU GENER,44.13423,4.81154,Plein jour,En agglomération,Hors intersection,Normale,Autre collision,,,,,,,,,,,1,2,1,1.0,6.0
201800035719,0018-11-21 18:42:00,18,11,21,18,42,840,87,RD72,44.09514,4.81097,Nuit sans éclairage public,Hors agglomération,Hors intersection,Normale,Trois véhicules et plus - collisions multiples,,,,,,,,,,,3,1,1,1.0,5.0
201800035720,0018-01-05 05:20:00,18,1,5,5,20,850,191,BOULEVARD PAPIN DENIS,46.68131,-1.43554,Crépuscule ou aube,En agglomération,Hors intersection,Normale,Autre collision,,,,,,,,,,,2,2,1,1.0,6.0
201800035721,0018-01-15 08:34:00,18,1,15,8,34,850,191,,46.68804,-1.41266,Crépuscule ou aube,Hors agglomération,Hors intersection,Normale,Deux véhicules - frontale,,,,,,,,,,,2,1,1,1.0,1.0
201800035722,0018-01-16 18:15:00,18,1,16,18,15,850,191,RUE PHILIPPE  LEBON,46.70072,-1.43144,Crépuscule ou aube,En agglomération,Hors intersection,Pluie légère,Autre collision,,,,,,,,,,,2,2,1,2.0,6.0
201800035723,0018-02-03 06:15:00,18,2,3,6,15,850,191,,46.67716,-1.36752,Nuit sans éclairage public,Hors agglomération,Hors intersection,Normale,Sans collision,,,,,,,,,,,3,1,1,1.0,7.0
201800035724,0018-02-15 18:30:00,18,2,15,18,30,850,191,RUE DUCHESNE-DE-DENANT,46.64654,-1.43513,Crépuscule ou aube,En agglomération,Giratoire,Normale,Autre collision,,,,,,,,,,,2,2,6,1.0,6.0
201800035725,0018-02-23 21:45:00,18,2,23,21,45,850,191,129 RUE OLOF PALME,46.65382,-1.41815,Nuit avec éclairage allumé,En agglomération,Hors intersection,Normale,Deux véhicules - arrière,,,,,,,,,,,5,2,1,1.0,2.0
201800035726,0018-02-16 17:00:00,18,2,16,17,0,850,191,RUE DES CASTORS,46.68151,-1.44127,Plein jour,En agglomération,Intersection en T,Normale,Autre collision,,,,,,,,,,,1,2,3,1.0,6.0
201800035727,0018-02-21 19:20:00,18,2,21,19,20,850,191,1 BOULEVARD LEON MARTIN,46.66042,-1.41158,Crépuscule ou aube,En agglomération,Intersection en X,Normale,Autre collision,,,,,,,,,,,2,2,2,1.0,6.0
201800035728,0018-02-24 15:40:00,18,2,24,15,40,850,191,RUE D'ARCOLE,46.68542,-1.4239,Plein jour,En agglomération,Intersection en T,Normale,Deux véhicules - côté,,,,,,,,,,,1,2,3,1.0,3.0
201800035729,0018-03-21 06:55:00,18,3,21,6,55,850,191,,46.67891,-1.38442,Nuit sans éclairage public,Hors agglomération,Hors intersection,Normale,Deux véhicules - arrière,,,,,,,,,,,3,1,1,1.0,2.0
201800035730,0018-03-26 10:30:00,18,3,26,10,30,850,191,PALME RUE OLOF,46.65378,-1.41811,Plein jour,Hors agglomération,Intersection en X,Pluie légère,Deux véhicules - arrière,,,,,,,,,,,1,1,2,2.0,2.0
201800035731,0018-03-28 14:20:00,18,3,28,14,20,850,191,"44, RUE ROGER SALENGRO",46.66784,-1.4382,Plein jour,En agglomération,Hors intersection,Pluie légère,Autre collision,,,,,,,,,,,1,2,1,2.0,6.0
201800035732,0018-03-30 07:30:00,18,3,30,7,30,850,191,BOULEVARD EDISON,46.68149,-1.43974,Nuit sans éclairage public,En agglomération,Hors intersection,Autre,Deux véhicules - frontale,,,,,,,,,,,3,2,1,9.0,1.0
201800035733,0018-04-03 07:35:00,18,4,3,7,35,850,191,ROND POINT D' ATLANTIQUE,46.68483,1.44586,Crépuscule ou aube,En agglomération,Hors intersection,Pluie forte,Trois véhicules et plus - en chaîne,,,,,,,,,,,2,2,1,3.0,4.0
201800035734,0018-04-08 21:20:00,18,4,8,21,20,850,191,RUE PHILIPPE LEBON,46.69643,-1.43182,Crépuscule ou aube,En agglomération,Hors intersection,Normale,Deux véhicules - frontale,,,,,,,,,,,2,2,1,1.0,1.0
201800035735,0018-03-20 03:45:00,18,3,20,3,45,850,191,CHEMIN DE LA GUIBRETIERE,46.67005,-1.46525,Nuit sans éclairage public,Hors agglomération,Hors intersection,Normale,Autre collision,,,,,,,,,,,3,1,1,1.0,6.0
201800035736,0018-04-16 09:00:00,18,4,16,9,0,850,191,RUE VILLEBOIS-MAREUIL,46.67306,-1.44256,Plein jour,En agglomération,Intersection en T,Temps éblouissant,Deux véhicules - côté,,,,,,,,,,,1,2,3,7.0,3.0
201800035737,0018-04-22 11:15:00,18,4,22,11,15,850,191,RUE CLAUDE CHAPPE,46.70358,1.43084,Plein jour,En agglomération,Hors intersection,Temps éblouissant,Sans collision,,,,,,,,,,,1,2,1,7.0,7.0
201800035738,0018-04-29 11:36:00,18,4,29,11,36,850,191,RUE CHARLES GOUNOD,46.65943,-1.4347,Plein jour,En agglomération,Hors intersection,Normale,Autre collision,,,,,,,,,,,1,2,1,1.0,6.0
201800035739,0018-05-06 00:20:00,18,5,6,0,20,850,191,RUE DU GENERAL GUERIN,46.66056,-1.41152,Nuit avec éclairage allumé,En agglomération,Intersection en X,Normale,Deux véhicules - côté,,,,,,,,,,,5,2,2,1.0,3.0
201800035740,0018-05-16 08:20:00,18,5,16,8,20,850,191,BD P. ET M. CURIE,46.66669,1.43242,Plein jour,En agglomération,Hors intersection,Normale,Autre collision,,,,,,,,,,,1,2,1,1.0,6.0
201800035741,0018-05-28 09:15:00,18,5,28,9,15,850,191,MALIDOR-D'EN-HAUT,46.68362,-1.38607,Plein jour,Hors agglomération,Hors intersection,Normale,Deux véhicules - frontale,,,,,,,,,,,1,1,1,1.0,1.0
201800035742,0018-06-11 11:10:00,18,6,11,11,10,850,191,RUE LOUIS LOUCHEUR,46.68043,-1.41769,Plein jour,En agglomération,Intersection en T,Normale,Deux véhicules - côté,,,,,,,,,,,1,2,3,1.0,3.0
201800035743,0018-06-18 20:48:00,18,6,18,20,48,850,191,RUE DU Gnl DE LARMINAT,46.69082,-1.44034,Plein jour,En agglomération,Hors intersection,Normale,Autre collision,,,,,,,,,,,1,2,1,1.0,6.0
201800035744,0018-06-10 16:25:00,18,6,10,16,25,850,191,BOULEVARD GASTON GUITTON,46.65981,-1.44028,Plein jour,En agglomération,Giratoire,Normale,Deux véhicules - côté,,,,,,,,,,,1,2,6,1.0,3.0
201800035745,0018-06-25 15:00:00,18,6,25,15,0,850,191,RUE D'IENA,46.67963,-1.42325,Plein jour,Hors agglomération,Hors intersection,Normale,Autre collision,,,,,,,,,,,1,1,1,1.0,6.0