accident_id,datetime,annee,mois,jour,heure,minute,departement,commune_insee,adresse,latitude,longitude,luminosite,agglomeration,intersection,meteo,collision,nb_vehicules,nb_usagers,nb_indemnes,nb_tues,nb_blesses_hosp,nb_blesses_legers,age_cond_1,age_cond_2,veh_type_cond_1,veh_type_cond_2,lum_code,agg_code,int_code,atm_code,col_code
201800035746,0018-06-29 15:15:00,18,6,29,15,15,850,191,RUE LAMARCK,46.65433,-1.44576,Plein jour,En agglomération,Autre intersection,Temps éblouissant,Deux véhicules - côté,,,,,,,,,,,1,2,9,7.0,3.0
201800035747,0018-07-17 17:05:00,18,7,17,17,5,850,191,RUE JEAN-JACQUE ROUSSEAU,46.66536,-1.42533,Plein jour,En agglomération,Intersection en X,Temps éblouissant,Deux véhicules - côté,,,,,,,,,,,1,2,2,7.0,3.0
201800035748,0018-07-24 19:30:00,18,7,24,19,30,850,191,,46.63714,-1.39738,Plein jour,Hors agglomération,Giratoire,Normale,Deux véhicules - côté,,,,,,,,,,,1,1,6,1.0,3.0
201800035749,0018-09-02 19:05:00,18,9,2,19,5,850,191,BOULEVARD DES ETATS UNIS,46.66517,-1.42157,Plein jour,En agglomération,Intersection en X,Normale,Deux véhicules - arrière,,,,,,,,,,,1,2,2,1.0,2.0
201800035750,0018-09-05 12:10:00,18,9,5,12,10,850,191,RUE GEORGES POMPIDOU,46.67037,-1.41361,Plein jour,En agglomération,Intersection en T,Normale,Deux véhicules - frontale,,,,,,,,,,,1,2,3,1.0,1.0
201800035751,0018-09-07 08:15:00,18,9,7,8,15,850,191,RUE OLOF PALME,46.64693,1.4148,Plein jour,Hors agglomération,Intersection en X,Normale,Deux véhicules - côté,,,,,,,,,,,1,1,2,1.0,3.0
201800035752,0018-09-08 01:25:00,18,9,8,1,25,850,191,BD ARISTIDE BRIAND,46.66363,-1.42879,Nuit avec éclairage allumé,En agglomération,Hors intersection,Normale,Deux véhicules - frontale,,,,,,,,,,,5,2,1,1.0,1.0
201800035753,0018-09-17 13:30:00,18,9,17,13,30,850,191,ANGLETERRE BOULEVARD D',46.67516,1.42649,Plein jour,En agglomération,Autre intersection,Normale,Deux véhicules - côté,,,,,,,,,,,1,2,9,1.0,3.0
201800035754,0018-10-02 12:45:00,18,10,2,12,45,850,191,RUE AUGUSTE MURAIL,46.65555,-1.45554,Plein jour,En agglomération,Hors intersection,Normale,Deux véhicules - côté,,,,,,,,,,,1,2,1,1.0,3.0
201800035755,0018-10-05 20:06:00,18,10,5,20,6,850,191,RUE DU P.DE GAULLE,46.67119,-1.4243,Nuit avec éclairage allumé,En agglomération,Intersection en T,Normale,Deux véhicules - côté,,,,,,,,,,,5,2,3,1.0,3.0
201800035756,0018-10-16 18:15:00,18,10,16,18,15,850,191,CHEMIN DES LOUPS,46.67715,-1.42455,Plein jour,En agglomération,Autre intersection,Normale,Deux véhicules - côté,,,,,,,,,,,1,2,9,1.0,3.0
201800035757,0018-10-22 15:45:00,18,10,22,15,45,850,191,RUE MONTREAL,46.65497,-1.44591,Plein jour,En agglomération,Hors intersection,Normale,Deux véhicules - côté,,,,,,,,,,,1,2,1,1.0,3.0
201800035758,0018-10-30 18:35:00,18,10,30,18,35,850,191,RUE D'ARCOLE,46.6872,-1.42418,Nuit sans éclairage public,En agglomération,Hors intersection,Normale,Autre collision,,,,,,,,,,,3,2,1,1.0,6.0
201800035759,0018-11-03 19:10:00,18,11,3,19,10,850,191,RUE DE LA SIMBRANDIERE,46.66193,-1.42605,Nuit avec éclairage allumé,En agglomération,Intersection en T,Normale,Deux véhicules - côté,,,,,,,,,,,5,2,3,1.0,3.0
201800035760,0018-11-12 18:30:00,18,11,12,18,30,850,191,BOULEVARD A. BRIAND,46.66798,-1.43093,Crépuscule ou aube,En agglomération,Hors intersection,Normale,Deux véhicules - frontale,,,,,,,,,,,2,2,1,1.0,1.0
201800035761,0018-11-14 13:10:00,18,11,14,13,10,850,191,LA BRESILIERE,46.68634,-1.38128,Plein jour,Hors agglomération,Hors intersection,Normale,Trois véhicules et plus - collisions multiples,,,,,,,,,,,1,1,1,1.0,5.0
201800035762,0018-11-22 21:55:00,18,11,22,21,55,850,191,AVENUE DE LA VALLE VERTE,46.65957,-1.42661,Nuit avec éclairage allumé,En agglomération,Hors intersection,Normale,Sans collision,,,,,,,,,,,5,2,1,1.0,7.0
201800035763,0018-11-26 08:00:00,18,11,26,8,0,850,191,BD ARISTIDE BRIAND,46.66702,-1.43038,Nuit avec éclairage allumé,En agglomération,Intersection en T,Normale,Deux véhicules - côté,,,,,,,,,,,5,2,3,1.0,3.0
201800035764,0018-11-27 07:50:00,18,11,27,7,50,850,191,PLACE NAPOLEON,46.67115,-1.42691,Nuit avec éclairage allumé,En agglomération,Hors intersection,Normale,Autre collision,,,,,,,,,,,5,2,1,1.0,6.0
201800035765,0018-12-16 17:56:00,18,12,16,17,56,850,191,RUE D'ARCOLE,46.69249,-1.42496,Nuit sans éclairage public,En agglomération,Intersection en T,Pluie légère,Deux véhicules - côté,,,,,,,,,,,3,2,3,2.0,3.0
201800035766,0018-12-14 16:45:00,18,12,14,16,45,850,191,LE CREUX SEC,46.68507,-1.38398,Plein jour,Hors agglomération,Hors intersection,Temps couvert,Deux véhicules - côté,,,,,,,,,,,1,1,1,8.0,3.0
201800035767,0018-12-07 11:50:00,18,12,7,11,50,850,191,RUE GEORGES CLEMENCEAU,46.67,-1.42911,Plein jour,En agglomération,Hors intersection,Pluie forte,Deux véhicules - frontale,,,,,,,,,,,1,2,1,3.0,1.0
201800035768,0018-01-17 07:50:00,18,1,17,7,50,850,194,AVENUE DE BRETAGNE,46.50561,-1.7775,Nuit avec éclairage allumé,En agglomération,Hors intersection,Pluie légère,Autre collision,,,,,,,,,,,5,2,1,2.0,6.0
201800035769,0018-02-01 09:00:00,18,2,1,9,0,850,194,7 BD PRESIDENT KENNEDY,46.48553,-1.76627,Plein jour,En agglomération,Hors intersection,Normale,Autre collision,,,,,,,,,,,1,2,1,1.0,6.0
201800035770,0018-02-01 18:55:00,18,2,1,18,55,850,166,RD 160,46.51755,-1.74802,Crépuscule ou aube,Hors agglomération,Giratoire,Normale,Deux véhicules - côté,,,,,,,,,,,2,1,6,1.0,3.0
201800035771,0018-02-10 12:30:00,18,2,10,12,30,850,194,COURS JOSEPH DUPONT,46.49797,-1.77886,Plein jour,En agglomération,Hors intersection,Normale,Autre collision,,,,,,,,,,,1,2,1,1.0,6.0
201800035772,0018-01-20 21:45:00,18,1,20,21,45,850,166,36RUE DU MARECHAL JOFFRE,46.5356,1.76934,Nuit avec éclairage allumé,En agglomération,Hors intersection,Pluie légère,Deux véhicules - frontale,,,,,,,,,,,5,2,1,2.0,1.0
201800035773,0018-02-17 20:10:00,18,2,17,20,10,850,194,12 PROMENADE GEORGES V,46.49577,-1.79622,Nuit avec éclairage allumé,En agglomération,Hors intersection,Normale,Autre collision,,,,,,,,,,,5,2,1,1.0,6.0
201800035774,0018-02-01 18:25:00,18,2,1,18,25,850,60,BD DU VENDEE GLOBE,46.49872,-1.75541,Nuit avec éclairage allumé,En agglomération,Hors intersection,Normale,Deux véhicules - frontale,,,,,,,,,,,5,2,1,1.0,1.0
201800035775,0018-03-01 20:02:00,18,3,1,20,2,850,194,QUAI ARCHEREAU,46.49875,1.79296,Nuit avec éclairage allumé,En agglomération,Hors intersection,Normale,Autre collision,,,,,,,,,,,5,2,1,1.0,6.0
201800035776,0018-02-11 19:15:00,18,2,11,19,15,850,60,AVENUE DE TALMONT,46.48382,-1.72613,Crépuscule ou aube,En agglomération,Hors intersection,Normale,Autre collision,,,,,,,,,,,2,2,1,1.0,6.0
201800035777,0018-03-30 11:45:00,18,3,30,11,45,850,194,29 RUE PAUL DOUMER,46.48858,-1.7676,Plein jour,En agglomération,Hors intersection,Normale,Autre collision,,,,,,,,,,,1,2,1,1.0,6.0
201800035778,0018-03-08 11:20:00,18,3,8,11,20,850,166,RUE DU MARECHAL FOCH,46.53747,1.77638,Plein jour,En agglomération,Intersection en X,Normale,Deux véhicules - côté,,,,,,,,,,,1,2,2,1.0,3.0
201800035779,0018-03-09 14:00:00,18,3,9,14,0,850,194,QUAI DES CHANTIERS,46.49835,1.7881,Plein jour,En agglomération,Hors intersection,Normale,Sans collision,,,,,,,,,,,1,2,1,1.0,7.0
201800035780,0018-03-13 14:25:00,18,3,13,14,25,850,60,RUE GEORGES CLEMENCEAU,46.50201,1.7484,Plein jour,En agglomération,Hors intersection,Normale,Deux véhicules - côté,,,,,,,,,,,1,2,1,1.0,3.0
201800035781,0018-04-10 11:25:00,18,4,10,11,25,850,60,RUE DES NOUETTES,46.49778,-1.75735,Plein jour,En agglomération,Intersection en X,Normale,Deux véhicules - côté,,,,,,,,,,,1,2,2,1.0,3.0
201800035782,0018-04-29 20:15:00,18,4,29,20,15,850,166,,46.58726,-1.82867,Plein jour,Hors agglomération,Hors intersection,Pluie légère,Deux véhicules - arrière,,,,,,,,,,,1,1,1,2.0,2.0
201800035783,0018-04-22 10:00:00,18,4,22,10,0,850,194,AVENUE D'AQUITAINE,46.49474,-1.76676,Plein jour,En agglomération,Hors intersection,Normale,Deux véhicules - côté,,,,,,,,,,,1,2,1,1.0,3.0
201800035784,0018-05-11 13:40:00,18,5,11,13,40,850,194,RUE JOSEPH BENATIER,46.50521,-1.80041,Plein jour,En agglomération,Intersection en X,Normale,Deux véhicules - côté,,,,,,,,,,,1,2,2,1.0,3.0
201800035785,0018-05-16 15:00:00,18,5,16,15,0,850,166,RUE CHAINTRELONGUE,46.51281,1.7559,Plein jour,En agglomération,Giratoire,Normale,Deux véhicules - côté,,,,,,,,,,,1,2,6,1.0,3.0
201800035786,0018-05-24 11:20:00,18,5,24,11,20,850,194,RUE FELIX FAURE,46.49133,-1.77126,Plein jour,En agglomération,Intersection en X,Normale,Deux véhicules - côté,,,,,,,,,,,1,2,2,1.0,3.0
201800035787,0018-05-25 16:25:00,18,5,25,16,25,850,166,BOULEVARD VENDEE GLOBE,46.51179,-1.75756,Plein jour,En agglomération,Intersection en X,Pluie légère,Deux véhicules - côté,,,,,,,,,,,1,2,2,2.0,3.0
201800035788,0018-05-26 13:50:00,18,5,26,13,50,850,166,RD 949,46.5173,-1.74808,Plein jour,Hors agglomération,Hors intersection,Normale,Deux véhicules - arrière,,,,,,,,,,,1,1,1,1.0,2.0
201800035789,0018-05-31 07:55:00,18,5,31,7,55,850,194,RUE DU DOCTEUR CHARCOT,46.50697,-1.77737,Plein jour,En agglomération,Intersection en X,Normale,Deux véhicules - côté,,,,,,,,,,,1,2,2,1.0,3.0
201800035790,0018-06-15 17:00:00,18,6,15,17,0,850,166,RUE CHATEAUBRIAND,46.51214,-1.77487,Plein jour,En agglomération,Hors intersection,Normale,Deux véhicules - frontale,,,,,,,,,,,1,2,1,1.0,1.0
201800035791,0018-06-21 17:15:00,18,6,21,17,15,850,194,RUE DU DOCTEUR CHARCOT,46.50599,-1.78423,Plein jour,En agglomération,Intersection en X,Normale,Deux véhicules - côté,,,,,,,,,,,1,2,2,1.0,3.0
201800035792,0018-06-29 01:00:00,18,6,29,1,0,850,60,RUE MAURICE RAVEL,46.49562,-1.76191,Nuit sans éclairage public,En agglomération,Hors intersection,Normale,Sans collision,,,,,,,,,,,3,2,1,1.0,7.0
201800035793,0018-07-01 02:12:00,18,7,1,2,12,850,194,BD DU PRESIDENT KENNEDY,46.48817,-1.76879,Nuit sans éclairage public,En agglomération,Hors intersection,Normale,Autre collision,,,,,,,,,,,3,2,1,1.0,6.0
201800035794,0018-07-12 20:00:00,18,7,12,20,0,850,166,AVENUE CHARLES DEGAULLE,46.51387,-1.75946,Plein jour,En agglomération,Intersection en Y,Normale,Deux véhicules - côté,,,,,,,,,,,1,2,4,1.0,3.0
201800035795,0018-07-17 11:30:00,18,7,17,11,30,850,166,RUE JEAN BERNARD,46.51442,-1.75355,Plein jour,En agglomération,Hors intersection,Normale,Sans collision,,,,,,,,,,,1,2,1,1.0,7.0
201800035796,0018-07-20 19:30:00,18,7,20,19,30,850,166,ROUTE AMIS DE LA NATURE,46.56055,-1.81179,Plein jour,Hors agglomération,Hors intersection,Normale,Deux véhicules - côté,,,,,,,,,,,1,1,1,1.0,3.0
201800035797,0018-07-21 09:05:00,18,7,21,9,5,850,194,RUE DE VERDUN,46.49609,-1.77751,Plein jour,En agglomération,Hors intersection,Normale,Autre collision,,,,,,,,,,,1,2,1,1.0,6.0
201800035798,0018-07-23 19:05:00,18,7,23,19,5,850,166,RUE DOCTEUR CHARCOT,46.50697,-1.77734,Plein jour,En agglomération,Intersection en X,Normale,Deux véhicules - frontale,,,,,,,,,,,1,2,2,1.0,1.0
201800035799,0018-07-24 08:55:00,18,7,24,8,55,850,194,ROUTE DE L'AUBRAIE,46.5188,-1.80748,Plein jour,En agglomération,Hors intersection,Normale,Deux véhicules - arrière,,,,,,,,,,,1,2,1,1.0,2.0
201800035800,0018-07-27 02:35:00,18,7,27,2,35,850,166,AVENUE F. MITTERAND,46.51149,-1.77667,Nuit avec éclairage non allumé,En agglomération,Hors intersection,Normale,Autre collision,,,,,,,,,,,4,2,1,1.0,6.0
201800035801,0018-07-27 11:20:00,18,7,27,11,20,850,194,BOULEVARD ILE VERTIME,46.49877,-1.78496,Plein jour,En agglomération,Hors intersection,Normale,Deux véhicules - arrière,,,,,,,,,,,1,2,1,1.0,2.0
201800035802,0018-08-08 17:30:00,18,8,8,17,30,850,60,AVENUE DU COM. BELMONT,46.48633,-1.75284,Plein jour,En agglomération,Hors intersection,Normale,Deux véhicules - arrière,,,,,,,,,,,1,2,1,1.0,2.0
201800035803,0018-08-16 08:30:00,18,8,16,8,30,850,194,RUE DU MARECHAL LECLERC,46.49761,-1.78566,Plein jour,En agglomération,Hors intersection,Temps éblouissant,Autre collision,,,,,,,,,,,1,2,1,7.0,6.0
201800035804,0018-08-26 09:00:00,18,8,26,9,0,850,60,BOULEVARD DU VENDEE GLOB,46.49522,-1.75226,Plein jour,En agglomération,Intersection en X,Normale,Deux véhicules - côté,,,,,,,,,,,1,2,2,1.0,3.0
201800035805,0018-09-04 15:40:00,18,9,4,15,40,850,194,RUE JEAN NICOT,46.499,-1.78355,Plein jour,En agglomération,Hors intersection,Normale,Deux véhicules - arrière,,,,,,,,,,,1,2,1,1.0,2.0
201800035806,0018-09-05 17:00:00,18,9,5,17,0,850,194,QUAI ERNES FRANQUEVILLE,46.49748,-1.78657,Plein jour,En agglomération,Hors intersection,Normale,Deux véhicules - arrière,,,,,,,,,,,1,2,1,1.0,2.0
201800035807,0018-09-15 09:50:00,18,9,15,9,50,850,166,AVENUE CHARLES DE GAULLE,46.50778,-1.76982,Plein jour,En agglomération,Hors intersection,Normale,Deux véhicules - côté,,,,,,,,,,,1,2,1,1.0,3.0
201800035808,0018-09-17 12:15:00,18,9,17,12,15,850,194,AVENUE DE BRETAGNE,46.50634,-1.7775,Plein jour,En agglomération,Hors intersection,Normale,Deux véhicules - arrière,,,,,,,,,,,1,2,1,1.0,2.0
201800035809,0018-09-21 11:40:00,18,9,21,11,40,850,60,AVENUE DU PAS DU BOIS,46.49761,-1.74145,Plein jour,En agglomération,Intersection en X,Normale,Deux véhicules - côté,,,,,,,,,,,1,2,2,1.0,3.0
201800035810,0018-10-05 19:10:00,18,10,5,19,10,850,60,PROMENADE EDOUARDHERRIOT,46.47165,-1.74444,Plein jour,Hors agglomération,Hors intersection,Normale,Autre collision,,,,,,,,,,,1,1,1,1.0,6.0
201800035811,0018-10-09 10:00:00,18,10,9,10,0,850,60,BOULEVARD VENDEE GLOBE,46.49545,-1.75216,Plein jour,En agglomération,Giratoire,Normale,Autre collision,,,,,,,,,,,1,2,6,1.0,6.0
201800035812,0018-10-30 13:40:00,18,10,30,13,40,850,60,BOULEVARD VENDEE GLOBE,46.49534,-1.75216,Plein jour,En agglomération,Giratoire,Normale,Deux véhicules - côté,,,,,,,,,,,1,2,6,1.0,3.0
201800035813,0018-11-06 15:20:00,18,11,6,15,20,850,166,10 RUE JEAN BERNARD,46.51336,-1.75512,Plein jour,En agglomération,Hors intersection,Normale,Autre collision,,,,,,,,,,,1,2,1,1.0,6.0
201800035814,0018-11-16 11:30:00,18,11,16,11,30,850,166,RUE DE BELLE OLONNAISE,46.51942,-1.76521,Plein jour,En agglomération,Intersection en X,Normale,Deux véhicules - côté,,,,,,,,,,,1,2,2,1.0,3.0
201800035815,0018-11-20 15:15:00,18,11,20,15,15,850,166,ALLEE CHRISTOPHE AUGUIN,46.51934,-1.78552,Plein jour,En agglomération,Hors intersection,Normale,Deux véhicules - arrière,,,,,,,,,,,1,2,1,1.0,2.0
201800035816,0018-12-01 09:20:00,18,12,1,9,20,850,166,RUE DE LABELLE OLONNAISE,46.52421,-1.77266,Plein jour,En agglomération,Hors intersection,Pluie légère,Deux véhicules - frontale,,,,,,,,,,,1,2,1,2.0,1.0
201800035817,0018-12-10 19:00:00,18,12,10,19,0,850,194,109 AVENUE D'AQUITAINE,46.49483,-1.76729,Nuit avec éclairage allumé,En agglomération,Hors intersection,Normale,Deux véhicules - arrière,,,,,,,,,,,5,2,1,1.0,2.0
201800035818,0018-12-19 19:05:00,18,12,19,19,5,850,60,RUE DES NOUETTES,46.49776,-1.75736,Nuit avec éclairage allumé,En agglomération,Intersection en X,Normale,Deux véhicules - côté,,,,,,,,,,,5,2,2,1.0,3.0
201800035819,0018-12-21 07:45:00,18,12,21,7,45,850,166,RUE DES OEILLETS,46.51341,-1.78247,Nuit avec éclairage allumé,En agglomération,Hors intersection,Pluie légère,Deux véhicules - arrière,,,,,,,,,,,5,2,1,2.0,2.0
201800035820,0018-12-22 08:15:00,18,12,22,8,15,850,166,RD 160,46.51543,-1.75847,Nuit avec éclairage allumé,En agglomération,Giratoire,Normale,Deux véhicules - côté,,,,,,,,,,,5,2,6,1.0,3.0
201800035821,0018-12-22 13:00:00,18,12,22,13,0,850,166,49b AVENUE F. MITTERAND,46.51005,-1.77693,Plein jour,En agglomération,Hors intersection,Normale,Deux véhicules - côté,,,,,,,,,,,1,2,1,1.0,3.0
201800035822,0018-02-23 08:10:00,18,2,23,8,10,860,66,Rond pt BROSSOLETTE,46.79643,0.52749,Plein jour,En agglomération,Giratoire,Normale,Autre collision,,,,,,,,,,,1,2,6,1.0,6.0
201800035823,0018-03-08 10:40:00,18,3,8,10,40,860,66,KREBS (RUE LOUIS CLEMENT,46.8148,0.5337,Plein jour,En agglomération,Intersection en X,Normale,Deux véhicules - côté,,,,,,,,,,,1,2,2,1.0,3.0
201800035824,0018-03-21 15:50:00,18,3,21,15,50,860,66,ABELIN   (AVENUE PIERRE),46.80685,0.54296,Plein jour,En agglomération,Hors intersection,Normale,Autre collision,,,,,,,,,,,1,2,1,1.0,6.0
201800035825,0018-03-23 17:50:00,18,3,23,17,50,860,66,NOBEL (RUE ALFRED),46.83355,0.5368,Plein jour,En agglomération,Hors intersection,Pluie légère,Deux véhicules - côté,,,,,,,,,,,1,2,1,2.0,3.0
201800035826,0018-03-24 17:40:00,18,3,24,17,40,860,66,"---, CHATELET (PLACE DU)",46.82103,0.54458,Plein jour,En agglomération,Hors intersection,Normale,Autre collision,,,,,,,,,,,1,2,1,1.0,6.0
201800035827,0018-12-01 19:38:00,18,12,1,19,38,860,66,BALZAC (AVENUE HONORE DE,46.79303,0.5264,Nuit avec éclairage allumé,En agglomération,Hors intersection,Pluie forte,Trois véhicules et plus - collisions multiples,,,,,,,,,,,5,2,1,3.0,5.0
201800035828,0018-03-31 19:55:00,18,3,31,19,55,860,66,"---, CHATEAU (QUAI DU)",46.81845,0.54149,Plein jour,En agglomération,Intersection en T,Normale,Deux véhicules - côté,,,,,,,,,,,1,2,3,1.0,3.0
201800035829,0018-04-21 18:35:00,18,4,21,18,35,860,66,SCHUMANN (AVENUE ROBERT),46.81303,0.54424,Plein jour,En agglomération,Intersection en T,Normale,Deux véhicules - côté,,,,,,,,,,,1,2,3,1.0,3.0
201800035830,0018-04-21 18:00:00,18,4,21,18,0,860,66,BALZAC (AVENUE HONORE DE,46.80064,0.52793,Plein jour,En agglomération,Hors intersection,Normale,Deux véhicules - arrière,,,,,,,,,,,1,2,1,1.0,2.0
201800035831,0018-04-24 05:10:00,18,4,24,5,10,860,66,RD 161 -  ROCADE EST,46.80338,0.56376,Nuit sans éclairage public,Hors agglomération,Hors intersection,Normale,Sans collision,,,,,,,,,,,3,1,1,1.0,7.0
201800035832,0018-05-12 17:25:00,18,5,12,17,25,860,66,PLESSARD (RUE CHARLES),46.8013,0.53333,Plein jour,En agglomération,Hors intersection,Pluie légère,Deux véhicules - frontale,,,,,,,,,,,1,2,1,2.0,1.0
201800035833,0018-05-15 10:05:00,18,5,15,10,5,860,66,SAINT  ANDRE   (RUE),46.8171,0.54157,Plein jour,En agglomération,Hors intersection,Normale,Autre collision,,,,,,,,,,,1,2,1,1.0,6.0
201800035834,0018-08-09 10:55:00,18,8,9,10,55,860,66,PLEUMARTIN (ROUTE DE),46.81189,0.5735,Plein jour,En agglomération,Intersection en X,Pluie légère,Deux véhicules - côté,,,,,,,,,,,1,2,2,2.0,3.0
201800035835,0018-08-10 02:10:00,18,8,10,2,10,860,66,VERDUN (RUE DE),46.81948,0.53833,Nuit avec éclairage allumé,En agglomération,Hors intersection,Normale,Autre collision,,,,,,,,,,,5,2,1,1.0,6.0
201800035836,0018-01-08 07:15:00,18,1,8,7,15,860,194,"250, 8 MAI 1945",46.55172,0.3001,Nuit avec éclairage allumé,En agglomération,Hors intersection,Pluie légère,Deux véhicules - côté,,,,,,,,,,,5,2,1,2.0,3.0
201800035837,0018-01-10 08:00:00,18,1,10,8,0,860,194,EUROPE (AVENUE),46.5919,0.35041,Nuit avec éclairage allumé,En agglomération,Intersection en Y,Pluie légère,Deux véhicules - côté,,,,,,,,,,,5,2,4,2.0,3.0
201800035838,0018-01-14 01:53:00,18,1,14,1,53,860,194,"335, av. NANTES",46.59411,0.32806,Nuit avec éclairage allumé,En agglomération,Hors intersection,Normale,Autre collision,,,,,,,,,,,5,2,1,1.0,6.0
201800035839,0018-01-17 12:00:00,18,1,17,12,0,860,41,"68, voie ROMAINE",46.59958,0.35697,Plein jour,En agglomération,Hors intersection,Temps éblouissant,Autre collision,,,,,,,,,,,1,2,1,7.0,6.0
201800035840,0018-01-18 08:10:00,18,1,18,8,10,860,194,"164,   FBG PONT NEUF",46.57243,0.35911,Plein jour,En agglomération,Hors intersection,Normale,Deux véhicules - côté,,,,,,,,,,,1,2,1,1.0,3.0
201800035841,0018-01-19 09:00:00,18,1,19,9,0,860,194,ROCADE OUEST  (D 910),46.60305,0.3275,Plein jour,Hors agglomération,Intersection en X,Normale,Trois véhicules et plus - collisions multiples,,,,,,,,,,,1,1,2,1.0,5.0
201800035842,0018-01-23 19:30:00,18,1,23,19,30,860,194,FBG PONT  NEUF (RUE),46.57818,0.35073,Crépuscule ou aube,En agglomération,Intersection en X,Pluie légère,Deux véhicules - frontale,,,,,,,,,,,2,2,2,2.0,1.0
201800035843,0018-01-25 19:40:00,18,1,25,19,40,860,194,"0, av. GUILLAUME POULLE",46.56983,0.31506,Nuit avec éclairage allumé,En agglomération,Hors intersection,Pluie légère,Deux véhicules - côté,,,,,,,,,,,5,2,1,2.0,3.0
201800035844,0018-01-28 18:00:00,18,1,28,18,0,860,194,"96, rue de  CHATONNERIE",46.56702,0.35311,Nuit avec éclairage allumé,En agglomération,Intersection en X,Temps couvert,Deux véhicules - côté,,,,,,,,,,,5,2,2,8.0,3.0
201800035845,0018-01-27 04:30:00,18,1,27,4,30,860,158,RN.   147,46.64138,0.29083,Nuit sans éclairage public,Hors agglomération,Hors intersection,Normale,Deux véhicules - frontale,,,,,,,,,,,3,1,1,1.0,1.0
201800035846,0018-01-29 16:00:00,18,1,29,16,0,860,194,ROCADE EST (RD  162),46.55319,0.30995,Plein jour,En agglomération,Intersection en X,Normale,Deux véhicules - côté,,,,,,,,,,,1,2,2,1.0,3.0
201800035847,0018-01-30 07:15:00,18,1,30,7,15,860,194,av. de  NANTES,46.5975,0.32722,Nuit avec éclairage allumé,En agglomération,Intersection en X,Normale,Deux véhicules - côté,,,,,,,,,,,5,2,2,1.0,3.0
201800035848,0018-02-01 17:15:00,18,2,1,17,15,860,194,"3, MARCELLIN BERTHELOT",46.60675,0.33301,Plein jour,En agglomération,Hors intersection,Normale,Deux véhicules - côté,,,,,,,,,,,1,2,1,1.0,3.0
201800035849,0018-02-04 06:15:00,18,2,4,6,15,860,194,"7, ave.   LIBERATION",46.57207,0.32671,Nuit avec éclairage allumé,Hors agglomération,Hors intersection,Normale,Trois véhicules et plus - collisions multiples,,,,,,,,,,,5,1,1,1.0,5.0
201800035850,0018-02-02 08:10:00,18,2,2,8,10,860,194,route   de   GENCAY,46.57252,0.35896,Plein jour,En agglomération,Giratoire,Normale,Deux véhicules - côté,,,,,,,,,,,1,2,6,1.0,3.0
201800035851,0018-02-06 12:35:00,18,2,6,12,35,860,133,route  de ITEUIL,46.52652,0.32098,Plein jour,En agglomération,Hors intersection,Neige / grêle,Deux véhicules - frontale,,,,,,,,,,,1,2,1,4.0,1.0
201800035852,0018-02-10 23:00:00,18,2,10,23,0,860,194,av.  11  NOVEMBRE,46.57111,0.37,Nuit avec éclairage allumé,En agglomération,Intersection en X,Pluie légère,Deux véhicules - côté,,,,,,,,,,,5,2,2,2.0,3.0
201800035853,0018-02-16 12:30:00,18,2,16,12,30,860,194,Blvd   BAJON,46.58127,0.35287,Plein jour,En agglomération,Hors intersection,Normale,Trois véhicules et plus - en chaîne,,,,,,,,,,,1,2,1,1.0,4.0
201800035854,0018-02-14 12:25:00,18,2,14,12,25,860,194,av.  de  NORTHAMPTON,46.57786,0.37857,Plein jour,En agglomération,Intersection en X,Pluie légère,Deux véhicules - côté,,,,,,,,,,,1,2,2,2.0,3.0
201800035855,0018-02-16 18:16:00,18,2,16,18,16,860,194,ROCADE EST (RD   162),46.55355,0.30864,Nuit avec éclairage allumé,En agglomération,Hors intersection,Normale,Deux véhicules - arrière,,,,,,,,,,,5,2,1,1.0,2.0
201800035856,0018-02-17 11:04:00,18,2,17,11,4,860,194,Bvld  du  PONT ACHARD,46.57782,0.33116,Plein jour,En agglomération,Intersection en X,Pluie légère,Deux véhicules - frontale,,,,,,,,,,,1,2,2,2.0,1.0
201800035857,0018-02-24 23:50:00,18,2,24,23,50,860,158,rue  de  RICHELIEU,46.64833,0.30388,Nuit sans éclairage public,Hors agglomération,Hors intersection,Normale,Sans collision,,,,,,,,,,,3,1,1,1.0,7.0
201800035858,0018-02-26 17:30:00,18,2,26,17,30,860,41,"3, rue de    ABEL TASSIN",46.59694,0.34306,Plein jour,En agglomération,Hors intersection,Normale,Deux véhicules - côté,,,,,,,,,,,1,2,1,1.0,3.0
201800035859,0018-03-02 03:30:00,18,3,2,3,30,860,194,"27,  Bvld SOUS  BLOSSAC",46.5725,0.33055,Nuit avec éclairage allumé,En agglomération,Hors intersection,Normale,Deux véhicules - frontale,,,,,,,,,,,5,2,1,1.0,1.0
201800035860,0018-03-02 23:45:00,18,3,2,23,45,860,158,R N.   149,46.63277,0.28055,Nuit sans éclairage public,Hors agglomération,Hors intersection,Normale,Deux véhicules - frontale,,,,,,,,,,,3,1,1,1.0,1.0
201800035861,0018-03-05 13:10:00,18,3,5,13,10,860,194,rue de BONNEUIL MATOURS,46.59722,0.38944,Plein jour,Hors agglomération,Autre intersection,Normale,Deux véhicules - côté,,,,,,,,,,,1,1,9,1.0,3.0
201800035862,0018-03-05 22:10:00,18,3,5,22,10,860,194,ROCADE  EST (RD 162),46.58555,0.36638,Nuit avec éclairage allumé,En agglomération,Intersection en X,Normale,Deux véhicules - côté,,,,,,,,,,,5,2,2,1.0,3.0
201800035863,0018-03-06 08:55:00,18,3,6,8,55,860,41,"0, 4  CYPRES (RUE DES)",46.59323,0.34789,Plein jour,En agglomération,Hors intersection,Normale,Deux véhicules - arrière,,,,,,,,,,,1,2,1,1.0,2.0