accident_id,datetime,annee,mois,jour,heure,minute,departement,commune_insee,adresse,latitude,longitude,luminosite,agglomeration,intersection,meteo,collision,nb_vehicules,nb_usagers,nb_indemnes,nb_tues,nb_blesses_hosp,nb_blesses_legers,age_cond_1,age_cond_2,veh_type_cond_1,veh_type_cond_2,lum_code,agg_code,int_code,atm_code,col_code
201800035864,0018-03-09 19:50:00,18,3,9,19,50,860,194,FAUBOURG  PONT NEUF (RUE,46.57305,0.36277,Nuit avec éclairage allumé,En agglomération,Intersection en X,Normale,Deux véhicules - côté,,,,,,,,,,,5,2,2,1.0,3.0
201800035865,0018-03-10 13:30:00,18,3,10,13,30,860,194,"34,JACOBINS (BOULEVARD",46.5874,0.3821,Plein jour,En agglomération,Hors intersection,Normale,Deux véhicules - côté,,,,,,,,,,,1,2,1,1.0,3.0
201800035866,0018-03-12 17:50:00,18,3,12,17,50,860,194,"22, PONT JOUBERT (BOULEV",46.58021,0.35274,Plein jour,En agglomération,Hors intersection,Normale,Deux véhicules - arrière,,,,,,,,,,,1,2,1,1.0,2.0
201800035867,0018-03-19 14:00:00,18,3,19,14,0,860,158,RN. 147,46.61706,0.31245,Plein jour,Hors agglomération,Hors intersection,Neige / grêle,Trois véhicules et plus - en chaîne,,,,,,,,,,,1,1,1,4.0,4.0
201800035868,0018-03-25 14:30:00,18,3,25,14,30,860,194,"46,  CUEILLE MIREBALAISE",46.59472,0.33333,Plein jour,En agglomération,Hors intersection,Normale,Deux véhicules - arrière,,,,,,,,,,,1,2,1,1.0,2.0
201800035869,0018-03-24 20:50:00,18,3,24,20,50,860,194,CHARLETTERIE (RUE DE LA),46.58833,0.37,Nuit avec éclairage allumé,En agglomération,Intersection en X,Normale,Deux véhicules - côté,,,,,,,,,,,5,2,2,1.0,3.0
201800035870,0018-03-29 09:00:00,18,3,29,9,0,860,158,"7,  POITIERS (RUE DE)",46.62766,0.30556,Plein jour,En agglomération,Hors intersection,Normale,Autre collision,,,,,,,,,,,1,2,1,1.0,6.0
201800035871,0018-01-30 14:40:00,18,1,30,14,40,860,194,"54, rue  JEAN JAURES",46.58112,0.34477,Plein jour,En agglomération,Hors intersection,Normale,Sans collision,,,,,,,,,,,1,2,1,1.0,7.0
201800035872,0018-03-29 14:00:00,18,3,29,14,0,860,194,PAILLERIE  (RUE DE LA),46.55444,0.3075,Plein jour,En agglomération,Hors intersection,Normale,Deux véhicules - arrière,,,,,,,,,,,1,2,1,1.0,2.0
201800035873,0018-04-02 20:00:00,18,4,2,20,0,860,194,ROCADE  OUEST (RD 910),46.55638,0.305,Crépuscule ou aube,En agglomération,Intersection en T,Normale,Deux véhicules - côté,,,,,,,,,,,2,2,3,1.0,3.0
201800035874,0018-03-31 19:20:00,18,3,31,19,20,860,194,"0, WINSTON CHURCHILL (AV",46.59111,0.35583,Plein jour,En agglomération,Intersection en X,Normale,Deux véhicules - côté,,,,,,,,,,,1,2,2,1.0,3.0
201800035875,0018-04-08 12:25:00,18,4,8,12,25,860,194,QUINCAY  (RUE DE),46.59111,0.32638,Plein jour,En agglomération,Hors intersection,Normale,Autre collision,,,,,,,,,,,1,2,1,1.0,6.0
201800035876,0018-04-10 07:20:00,18,4,10,7,20,860,41,COSSES   (RUE DES),46.61166,0.38444,Crépuscule ou aube,Hors agglomération,Hors intersection,Pluie légère,Autre collision,,,,,,,,,,,2,1,1,2.0,6.0
201800035877,0018-04-12 15:00:00,18,4,12,15,0,860,194,ROBERT SCHUMAN (AVENUE),46.58972,0.36,Plein jour,En agglomération,Intersection en T,Temps couvert,Autre collision,,,,,,,,,,,1,2,3,8.0,6.0
201800035878,0018-04-13 18:06:00,18,4,13,18,6,860,194,VOUNEUIL  (RUE DE),46.55777,0.30722,Plein jour,En agglomération,Intersection en T,Normale,Deux véhicules - côté,,,,,,,,,,,1,2,3,1.0,3.0
201800035879,0018-04-16 18:15:00,18,4,16,18,15,860,157,BEAUBATON  (ROUTE DE),46.54782,0.39631,Plein jour,En agglomération,Intersection en X,Normale,Autre collision,,,,,,,,,,,1,2,2,1.0,6.0
201800035880,0018-04-17 12:35:00,18,4,17,12,35,860,88,RN. 10,46.54611,0.29666,Plein jour,Hors agglomération,Hors intersection,Normale,Deux véhicules - arrière,,,,,,,,,,,1,1,1,1.0,2.0
201800035881,0018-04-09 17:50:00,18,4,9,17,50,860,157,RN. 147,46.53452,0.42918,Plein jour,En agglomération,Hors intersection,Normale,Deux véhicules - côté,,,,,,,,,,,1,2,1,1.0,3.0
201800035882,0018-04-19 06:50:00,18,4,19,6,50,860,194,ROCADE  OUEST (RD 910),46.61333,0.34805,Crépuscule ou aube,Hors agglomération,Giratoire,Normale,Deux véhicules - côté,,,,,,,,,,,2,1,6,1.0,3.0
201800035883,0018-04-18 08:50:00,18,4,18,8,50,860,194,CUEILLE MIREBALAISE (FAU,46.59487,0.33264,Plein jour,En agglomération,Hors intersection,Normale,Autre collision,,,,,,,,,,,1,2,1,1.0,6.0
201800035884,0018-04-23 08:10:00,18,4,23,8,10,860,158,CHARDONCHAMP  (ROUTE DE),46.62709,0.33067,Plein jour,En agglomération,Intersection en T,Normale,Deux véhicules - côté,,,,,,,,,,,1,2,3,1.0,3.0
201800035885,0018-04-27 12:00:00,18,4,27,12,0,860,194,ROCADE  OUEST (RD 910),46.61916,0.35138,Plein jour,En agglomération,Giratoire,Normale,Deux véhicules - côté,,,,,,,,,,,1,2,6,1.0,3.0
201800035886,0018-05-03 21:25:00,18,5,3,21,25,860,194,ABBE FREMONT  (BOULEVARD,46.59027,0.34055,Nuit sans éclairage public,En agglomération,Hors intersection,Normale,Sans collision,,,,,,,,,,,3,2,1,1.0,7.0
201800035887,0018-05-05 11:45:00,18,5,5,11,45,860,194,PLATEAU DES GLIERES (AVE,46.60008,0.32521,Plein jour,En agglomération,Hors intersection,Normale,Deux véhicules - côté,,,,,,,,,,,1,2,1,1.0,3.0
201800035888,0018-05-06 06:40:00,18,5,6,6,40,860,158,RN.   149,46.63043,0.25058,Crépuscule ou aube,Hors agglomération,Hors intersection,Normale,Deux véhicules - frontale,,,,,,,,,,,2,1,1,1.0,1.0
201800035889,0018-05-04 19:00:00,18,5,4,19,0,860,88,RN. 10,46.54103,0.29137,Plein jour,Hors agglomération,Hors intersection,Normale,Trois véhicules et plus - en chaîne,,,,,,,,,,,1,1,1,1.0,4.0
201800035890,0018-05-13 13:20:00,18,5,13,13,20,860,41,FRERES LUMIERE (RUE DES),46.61012,0.3672,Plein jour,En agglomération,Hors intersection,Normale,Autre collision,,,,,,,,,,,1,2,1,1.0,6.0
201800035891,0018-05-14 16:31:00,18,5,14,16,31,860,194,VILLAS  (RUE DES),46.5693,0.35929,Plein jour,En agglomération,Autre intersection,Pluie légère,Deux véhicules - côté,,,,,,,,,,,1,2,9,2.0,3.0
201800035892,0018-05-13 16:30:00,18,5,13,16,30,860,194,AERODROME  (RUE DE L'),46.59959,0.32155,Plein jour,En agglomération,Intersection en X,Normale,Trois véhicules et plus - collisions multiples,,,,,,,,,,,1,2,2,1.0,5.0
201800035893,0018-05-17 09:10:00,18,5,17,9,10,860,194,KLEBER  (RUE),46.58755,0.37436,Plein jour,En agglomération,Intersection en X,Normale,Deux véhicules - côté,,,,,,,,,,,1,2,2,1.0,3.0
201800035894,0018-05-18 17:10:00,18,5,18,17,10,860,194,PONT JOUBERT (BOULEVARD),46.57958,0.3526,Crépuscule ou aube,En agglomération,Hors intersection,Normale,Autre collision,,,,,,,,,,,2,2,1,1.0,6.0
201800035895,0018-05-22 18:03:00,18,5,22,18,3,860,194,PARIS  (AVENUE DE),46.61271,0.34889,Plein jour,En agglomération,Hors intersection,Normale,Sans collision,,,,,,,,,,,1,2,1,1.0,7.0
201800035896,0018-05-22 17:45:00,18,5,22,17,45,860,194,PARIS  (AVENUE DE),46.61271,0.34897,Plein jour,En agglomération,Hors intersection,Normale,Sans collision,,,,,,,,,,,1,2,1,1.0,7.0
201800035897,0018-05-23 18:04:00,18,5,23,18,4,860,157,CHAUVIGNY  (ROUTE DE),46.56619,0.39476,Plein jour,En agglomération,Giratoire,Normale,Autre collision,,,,,,,,,,,1,2,6,1.0,6.0
201800035898,0018-05-23 18:04:00,18,5,23,18,4,860,158,CHARDONCHAMP  (ROUTE DE),46.62678,0.3305,Plein jour,En agglomération,Intersection en Y,Normale,Autre collision,,,,,,,,,,,1,2,4,1.0,6.0
201800035899,0018-05-26 06:50:00,18,5,26,6,50,860,194,BAS DES  SABLES (RUE DU),46.57209,0.33588,Plein jour,En agglomération,Hors intersection,Normale,Autre collision,,,,,,,,,,,1,2,1,1.0,6.0
201800035900,0018-06-06 15:10:00,18,6,6,15,10,860,194,11  NOVEMBRE (AVENUE DU),46.565,0.36444,Plein jour,En agglomération,Intersection en X,Normale,Deux véhicules - arrière,,,,,,,,,,,1,2,2,1.0,2.0
201800035901,0018-06-09 05:50:00,18,6,9,5,50,860,158,LOUIS PLAUD (RUE),46.63324,0.33337,Crépuscule ou aube,En agglomération,Hors intersection,Normale,Autre collision,,,,,,,,,,,2,2,1,1.0,6.0
201800035902,0018-06-18 09:45:00,18,6,18,9,45,860,27,LARNAY  (ROUTE DE),46.60129,0.30493,Plein jour,En agglomération,Hors intersection,Normale,Deux véhicules - côté,,,,,,,,,,,1,2,1,1.0,3.0
201800035903,0018-06-20 10:45:00,18,6,20,10,45,860,194,ROCADE EST (RD 162),46.55312,0.31017,Plein jour,En agglomération,Hors intersection,Normale,Deux véhicules - arrière,,,,,,,,,,,1,2,1,1.0,2.0
201800035904,0018-06-21 16:45:00,18,6,21,16,45,860,27,BELLEVUE  (ROUTE DE),46.58611,0.30194,Plein jour,Hors agglomération,Hors intersection,Temps éblouissant,Autre collision,,,,,,,,,,,1,1,1,7.0,6.0
201800035905,0018-06-24 18:05:00,18,6,24,18,5,860,194,SOUS BLOSSAC (BOULEVARD),46.57386,0.33387,Plein jour,En agglomération,Hors intersection,Normale,Deux véhicules - arrière,,,,,,,,,,,1,2,1,1.0,2.0
201800035906,0018-06-26 09:20:00,18,6,26,9,20,860,194,CHARLETTERIE (RUE DE LA),46.59349,0.36708,Plein jour,En agglomération,Giratoire,Normale,Deux véhicules - côté,,,,,,,,,,,1,2,6,1.0,3.0
201800035907,0018-06-26 09:53:00,18,6,26,9,53,860,194,COURONNERIES  (RUE DES),46.59011,0.35899,Plein jour,En agglomération,Hors intersection,Normale,Autre collision,,,,,,,,,,,1,2,1,1.0,6.0
201800035908,0018-06-28 14:50:00,18,6,28,14,50,860,194,PARTHENAY (Rte de) (RD 3,46.5992,0.3226,Plein jour,En agglomération,Hors intersection,Normale,Deux véhicules - côté,,,,,,,,,,,1,2,1,1.0,3.0
201800035909,0018-07-11 10:00:00,18,7,11,10,0,860,88,RN.10,46.53071,0.28296,Plein jour,Hors agglomération,Hors intersection,Normale,Deux véhicules - arrière,,,,,,,,,,,1,1,1,1.0,2.0
201800035910,0018-07-10 07:30:00,18,7,10,7,30,860,194,FAUBOURG PONT NEUF (RUE,46.57277,0.35916,Plein jour,Hors agglomération,Giratoire,Normale,Deux véhicules - côté,,,,,,,,,,,1,1,6,1.0,3.0
201800035911,0018-07-12 17:40:00,18,7,12,17,40,860,194,HOCHE (AVENUE),46.58666,0.37444,Plein jour,En agglomération,Intersection en X,Normale,Deux véhicules - côté,,,,,,,,,,,1,2,2,1.0,3.0
201800035912,0018-07-19 15:00:00,18,7,19,15,0,860,194,PARTHENAY (Rte de) (RD 3,46.59959,0.32135,Crépuscule ou aube,En agglomération,Autre intersection,Normale,Deux véhicules - côté,,,,,,,,,,,2,2,9,1.0,3.0
201800035913,0018-07-31 10:25:00,18,7,31,10,25,860,194,11 NOVEMBRE  (AVENUE DU),46.58057,0.36844,Plein jour,En agglomération,Hors intersection,Normale,Deux véhicules - arrière,,,,,,,,,,,1,2,1,1.0,2.0
201800035914,0018-07-31 10:30:00,18,7,31,10,30,860,194,BIGNOUX (RUE DE),46.58429,0.39441,Plein jour,En agglomération,Hors intersection,Temps éblouissant,Deux véhicules - côté,,,,,,,,,,,1,2,1,7.0,3.0
201800035915,0018-08-02 17:15:00,18,8,2,17,15,860,157,LIMOGES (ROUTE DE),46.54865,0.40604,Plein jour,En agglomération,Hors intersection,Temps éblouissant,Deux véhicules - arrière,,,,,,,,,,,1,2,1,7.0,2.0
201800035916,0018-07-30 10:23:00,18,7,30,10,23,860,194,PARTHENAY (Rte de) (RD 3,46.61024,0.2946,Plein jour,En agglomération,Hors intersection,Normale,Deux véhicules - côté,,,,,,,,,,,1,2,1,1.0,3.0
201800035917,0018-08-10 18:00:00,18,8,10,18,0,860,194,Route de Parthenay,46.59894,0.32335,Plein jour,En agglomération,Autre intersection,Normale,Deux véhicules - côté,,,,,,,,,,,1,2,9,1.0,3.0
201800035918,0018-08-11 18:30:00,18,8,11,18,30,860,194,GRAND MAISON (RUE DE LA),46.56701,0.35312,Plein jour,En agglomération,Autre intersection,Normale,Deux véhicules - côté,,,,,,,,,,,1,2,9,1.0,3.0
201800035919,0018-08-11 08:40:00,18,8,11,8,40,860,27,CRUCHON  (LIEU DIT LE),46.5925,0.28527,Plein jour,Hors agglomération,Intersection en X,Normale,Sans collision,,,,,,,,,,,1,1,2,1.0,7.0
201800035920,0018-08-16 07:25:00,18,8,16,7,25,860,194,BONNES  (ROUTE DE),46.58464,0.42216,Plein jour,En agglomération,Intersection en Y,Normale,Deux véhicules - côté,,,,,,,,,,,1,2,4,1.0,3.0
201800035921,0018-08-16 17:10:00,18,8,16,17,10,860,194,RECTEUR PINEAU (AVENUE D,46.5716,0.372,Plein jour,En agglomération,Hors intersection,Normale,Deux véhicules - côté,,,,,,,,,,,1,2,1,1.0,3.0
201800035922,0018-08-17 21:50:00,18,8,17,21,50,860,194,FAUBOURG PONT NEUF (RUE,46.57622,0.35376,Nuit avec éclairage allumé,En agglomération,Autre intersection,Normale,Deux véhicules - côté,,,,,,,,,,,5,2,9,1.0,3.0
201800035923,0018-08-24 13:55:00,18,8,24,13,55,860,194,GENCAY (ROUTE DE),46.56511,0.35601,Plein jour,En agglomération,Autre intersection,Normale,Deux véhicules - frontale,,,,,,,,,,,1,2,9,1.0,1.0
201800035924,0018-08-28 13:45:00,18,8,28,13,45,860,194,EUROPE (AVENUE DE L'),46.59082,0.35284,Plein jour,En agglomération,Hors intersection,Normale,Trois véhicules et plus - en chaîne,,,,,,,,,,,1,2,1,1.0,4.0
201800035925,0018-08-27 20:00:00,18,8,27,20,0,860,157,RD.951,46.56316,0.41169,Plein jour,En agglomération,Hors intersection,Normale,Sans collision,,,,,,,,,,,1,2,1,1.0,7.0
201800035926,0018-09-02 07:41:00,18,9,2,7,41,860,214,LIGUGE (ROUTE DE),46.53591,0.3233,Crépuscule ou aube,Hors agglomération,Hors intersection,Normale,Deux véhicules - côté,,,,,,,,,,,2,1,1,1.0,3.0
201800035927,0018-09-05 07:35:00,18,9,5,7,35,860,194,PLATEAU DES GLIERES (AVE,46.6016,0.32466,Crépuscule ou aube,En agglomération,Intersection en X,Normale,Trois véhicules et plus - collisions multiples,,,,,,,,,,,2,2,2,1.0,5.0
201800035928,0018-09-05 12:40:00,18,9,5,12,40,860,194,LAVOISIER (RUE),,,Plein jour,En agglomération,Hors intersection,Normale,Deux véhicules - côté,,,,,,,,,,,1,2,1,1.0,3.0
201800035929,0018-09-08 13:30:00,18,9,8,13,30,860,194,GARENNE (RUE DE LA),46.3307,0.1915,Plein jour,En agglomération,Intersection en X,Normale,Deux véhicules - côté,,,,,,,,,,,1,2,2,1.0,3.0
201800035930,0018-09-07 17:45:00,18,9,7,17,45,860,194,ANDRE MALRAUX (VOIE),46.57944,0.36888,Plein jour,Hors agglomération,Autre intersection,Normale,Deux véhicules - arrière,,,,,,,,,,,1,1,9,1.0,2.0
201800035931,0018-09-11 08:45:00,18,9,11,8,45,860,194,JACQUES COEUR (AVENUE),46.5543,0.39697,Plein jour,En agglomération,Hors intersection,Normale,Deux véhicules - arrière,,,,,,,,,,,1,2,1,1.0,2.0
201800035932,0018-06-23 11:13:00,18,6,23,11,13,860,194,ROBERT  SCHUMAN (AVENUE),46.58945,0.35968,Plein jour,En agglomération,Hors intersection,Normale,Autre collision,,,,,,,,,,,1,2,1,1.0,6.0
201800035933,0018-09-14 23:30:00,18,9,14,23,30,860,194,JACQUES COEUR (AVENUE),46.56861,0.37388,Nuit avec éclairage allumé,En agglomération,Hors intersection,Normale,Deux véhicules - arrière,,,,,,,,,,,5,2,1,1.0,2.0
201800035934,0018-09-15 01:47:00,18,9,15,1,47,860,194,PONT ACHARD (BOULEVARD),46.57787,0.33127,Nuit avec éclairage allumé,En agglomération,Intersection en T,Normale,Deux véhicules - frontale,,,,,,,,,,,5,2,3,1.0,1.0
201800035935,0018-09-21 17:15:00,18,9,21,17,15,860,194,11 NOVEMBRE (AVENUE DU),46.56732,0.36616,Plein jour,En agglomération,Hors intersection,Normale,Autre collision,,,,,,,,,,,1,2,1,1.0,6.0
201800035936,0018-09-24 13:30:00,18,9,24,13,30,860,158,SAUMUR (RUE DE),46.63488,0.30007,Plein jour,En agglomération,Hors intersection,Normale,Autre collision,,,,,,,,,,,1,2,1,1.0,6.0
201800035937,0018-09-25 10:30:00,18,9,25,10,30,860,157,NOUAILLE (ROUTE DE),46.58155,0.33795,Plein jour,Hors agglomération,Intersection en T,Normale,Deux véhicules - arrière,,,,,,,,,,,1,1,3,1.0,2.0
201800035938,0018-10-01 06:55:00,18,10,1,6,55,860,194,NANTES (AVENUE DE),46.58703,0.33619,Crépuscule ou aube,En agglomération,Hors intersection,Normale,Autre collision,,,,,,,,,,,2,2,1,1.0,6.0
201800035939,0018-09-30 17:35:00,18,9,30,17,35,860,194,NELSON MANDELA (RUE),46.58861,0.37111,Plein jour,En agglomération,Hors intersection,Normale,Autre collision,,,,,,,,,,,1,2,1,1.0,6.0
201800035940,0018-10-11 20:10:00,18,10,11,20,10,860,194,LAFAYETTE (AVENUE DE),46.5762,0.37406,Nuit avec éclairage non allumé,En agglomération,Hors intersection,Temps couvert,Autre collision,,,,,,,,,,,4,2,1,8.0,6.0
201800035941,0018-10-15 07:55:00,18,10,15,7,55,860,194,LIBERATION (AVENUE DE LA,46.57209,0.32673,Nuit avec éclairage allumé,En agglomération,Hors intersection,Pluie légère,Autre collision,,,,,,,,,,,5,2,1,2.0,6.0
201800035942,0018-10-15 08:35:00,18,10,15,8,35,860,194,FAUBOURG SAINT CYPRIEN (,46.56826,0.34367,Nuit avec éclairage allumé,En agglomération,Hors intersection,Pluie légère,Autre collision,,,,,,,,,,,5,2,1,2.0,6.0
201800035943,0018-10-13 04:50:00,18,10,13,4,50,860,88,Rue de CHAUMONT (D87c),46.54838,0.29312,Nuit sans éclairage public,Hors agglomération,Hors intersection,Normale,Deux véhicules - frontale,,,,,,,,,,,3,1,1,1.0,1.0
201800035944,0018-10-16 13:20:00,18,10,16,13,20,860,194,COLIGNY (BOULEVARD),46.57753,0.35437,Plein jour,En agglomération,Hors intersection,Normale,Autre collision,,,,,,,,,,,1,2,1,1.0,6.0
201800035945,0018-10-18 16:30:00,18,10,18,16,30,860,41,RN 147 BUXEROLLES,46.3547,0.233,Plein jour,Hors agglomération,Hors intersection,Normale,Deux véhicules - côté,,,,,,,,,,,1,1,1,1.0,3.0
201800035946,0018-10-19 12:20:00,18,10,19,12,20,860,214,ERMITAGE (RUE DE L'),46.55857,0.32071,Plein jour,En agglomération,Hors intersection,Normale,Autre collision,,,,,,,,,,,1,2,1,1.0,6.0
201800035947,0018-10-25 21:25:00,18,10,25,21,25,860,194,FAUBOURG DE LA CUEILLE M,46.58757,0.33797,Nuit avec éclairage allumé,En agglomération,Hors intersection,Normale,Autre collision,,,,,,,,,,,5,2,1,1.0,6.0
201800035948,0018-10-30 13:45:00,18,10,30,13,45,860,194,GRAND CERF (BOULEVARD DU,46.58675,0.33895,Plein jour,En agglomération,Hors intersection,Normale,Deux véhicules - arrière,,,,,,,,,,,1,2,1,1.0,2.0
201800035949,0018-10-31 08:58:00,18,10,31,8,58,860,194,FAUBOURG PONT NEUF (RUE,46.57268,0.36055,Plein jour,En agglomération,Hors intersection,Pluie légère,Deux véhicules - côté,,,,,,,,,,,1,2,1,2.0,3.0
201800035950,0018-11-01 10:30:00,18,11,1,10,30,860,194,AERODROME (RUE DE L'),46.59959,0.32152,Plein jour,En agglomération,Intersection en X,Pluie légère,Trois véhicules et plus - collisions multiples,,,,,,,,,,,1,2,2,2.0,5.0
201800035951,0018-10-31 15:40:00,18,10,31,15,40,860,194,FAUBOURG SAINT CYPRIEN (,46.56527,0.345,Plein jour,En agglomération,Hors intersection,Normale,Autre collision,,,,,,,,,,,1,2,1,1.0,6.0
201800035952,0018-11-07 07:55:00,18,11,7,7,55,860,194,JACQUES COEUR (AVENUE),46.56794,0.37477,Plein jour,En agglomération,Hors intersection,Pluie légère,Deux véhicules - côté,,,,,,,,,,,1,2,1,2.0,3.0
201800035953,0018-11-18 15:00:00,18,11,18,15,0,860,194,NANTES (AVENUE DE),46.59255,0.32866,Plein jour,En agglomération,Intersection en X,Normale,Deux véhicules - côté,,,,,,,,,,,1,2,2,1.0,3.0
201800035954,0018-11-19 08:45:00,18,11,19,8,45,860,214,LIGUGE (ROUTE DE),,,Plein jour,En agglomération,Hors intersection,Normale,Autre collision,,,,,,,,,,,1,2,1,1.0,6.0
201800035955,0018-11-21 15:20:00,18,11,21,15,20,860,194,FAUBOURG PONT NEUF (RUE,46.57276,0.3629,Plein jour,En agglomération,Intersection en X,Normale,Deux véhicules - côté,,,,,,,,,,,1,2,2,1.0,3.0
201800035956,0018-11-21 16:20:00,18,11,21,16,20,860,194,ALPHONSE DAUDET (RUE),46.59247,0.36378,Plein jour,En agglomération,Hors intersection,Normale,Deux véhicules - côté,,,,,,,,,,,1,2,1,1.0,3.0
201800035957,0018-11-23 14:20:00,18,11,23,14,20,860,194,JOHN KENNEDY (AVENUE),46.58811,0.36345,Plein jour,En agglomération,Intersection en T,Normale,Deux véhicules - côté,,,,,,,,,,,1,2,3,1.0,3.0
201800035958,0018-11-27 15:10:00,18,11,27,15,10,860,41,PETIT NIEUL (CHEMIN DU),46.61111,0.38888,Plein jour,Hors agglomération,Hors intersection,Normale,Deux véhicules - frontale,,,,,,,,,,,1,1,1,1.0,1.0
201800035959,0018-11-15 12:43:00,18,11,15,12,43,860,194,MAGENTA (RUE DE),46.57833,0.33972,Plein jour,En agglomération,Intersection en X,Normale,Deux véhicules - côté,,,,,,,,,,,1,2,2,1.0,3.0
201800035960,0018-11-15 18:20:00,18,11,15,18,20,860,194,TISON (BOULEVARD),46.57858,0.34023,Nuit sans éclairage public,En agglomération,Hors intersection,Normale,Deux véhicules - côté,,,,,,,,,,,3,2,1,1.0,3.0
201800035961,0018-12-02 03:55:00,18,12,2,3,55,860,157,CHAUVIGNY  (ROUTE DE),46.56361,0.40861,Nuit avec éclairage allumé,En agglomération,Hors intersection,Pluie légère,Autre collision,,,,,,,,,,,5,2,1,2.0,6.0
201800035962,0018-12-04 16:23:00,18,12,4,16,23,860,194,11  NOVEMBRE (AVENUE DU),46.56928,0.36956,Plein jour,En agglomération,Hors intersection,Normale,Autre collision,,,,,,,,,,,1,2,1,1.0,6.0
201800035963,0018-09-14 02:30:00,18,9,14,2,30,860,133,D  611,45.52521,0.16141,Nuit sans éclairage public,Hors agglomération,Hors intersection,Normale,Deux véhicules - frontale,,,,,,,,,,,3,1,1,1.0,1.0
201800035964,0018-12-21 19:35:00,18,12,21,19,35,860,194,8  MAI 1945 (AVENUE DU),46.54797,0.29955,Nuit sans éclairage public,En agglomération,Hors intersection,Pluie légère,Trois véhicules et plus - en chaîne,,,,,,,,,,,3,2,1,2.0,4.0
201800035965,0018-12-07 23:55:00,18,12,7,23,55,860,194,FAUBOURG  PONT NEUF (RUE,46.57364,0.3572,Nuit avec éclairage allumé,En agglomération,Hors intersection,Normale,Deux véhicules - arrière,,,,,,,,,,,5,2,1,1.0,2.0
201800035966,0018-01-01 04:46:00,18,1,1,4,46,870,85,AUTOROUTE A20,45.8292,1.28173,Nuit avec éclairage allumé,Hors agglomération,Hors intersection,Pluie légère,Autre collision,,,,,,,,,,,5,1,1,2.0,6.0
201800035967,0018-01-02 16:45:00,18,1,2,16,45,870,85,"02, GUTEMBERG (RUE)",45.8412,1.25642,Crépuscule ou aube,En agglomération,Intersection en T,Pluie légère,Autre collision,,,,,,,,,,,2,2,3,2.0,6.0
201800035968,0018-01-03 07:20:00,18,1,3,7,20,870,65,MAS GAUTHIER (LIEU DIT),45.7925,1.32365,Nuit sans éclairage public,Hors agglomération,Hors intersection,Vent fort / tempête,Autre collision,,,,,,,,,,,3,1,1,6.0,6.0
201800035969,0018-01-03 12:10:00,18,1,3,12,10,870,85,"02, COOPERATEURS (RUE DE",45.8365,1.25606,Plein jour,En agglomération,Intersection en T,Pluie légère,Autre collision,,,,,,,,,,,1,2,3,2.0,6.0
201800035970,0018-01-02 18:32:00,18,1,2,18,32,870,65,BOISSEUIL (RUE DE),45.7908,1.3054,Crépuscule ou aube,Hors agglomération,Hors intersection,Pluie légère,Deux véhicules - arrière,,,,,,,,,,,2,1,1,2.0,2.0
201800035971,0018-01-04 11:24:00,18,1,4,11,24,870,85,"25, HUGO (BOULEVARD VICT",45.8311,1.25442,Plein jour,En agglomération,Intersection en X,Normale,Deux véhicules - frontale,,,,,,,,,,,1,2,2,1.0,1.0
201800035972,0018-01-06 08:48:00,18,1,6,8,48,870,85,"10, BELFORT (RUE DE)",45.8412,1.26182,Crépuscule ou aube,En agglomération,Hors intersection,Pluie légère,Autre collision,,,,,,,,,,,2,2,1,2.0,6.0
201800035973,0018-01-06 20:27:00,18,1,6,20,27,870,85,"22, BLANC LOUIS (BOULEVA",45.8283,1.26155,Nuit avec éclairage allumé,En agglomération,Hors intersection,Pluie forte,Autre collision,,,,,,,,,,,5,2,1,3.0,6.0
201800035974,0018-01-06 16:33:00,18,1,6,16,33,870,85,"58, ROUSSILLON (AVENUE D",45.8179,1.22311,Plein jour,En agglomération,Hors intersection,Pluie légère,Autre collision,,,,,,,,,,,1,2,1,2.0,6.0
201800035975,0018-01-13 13:05:00,18,1,13,13,5,870,85,"12, CORNUE (ALLEE DE LA)",45.8149,1.2288,Plein jour,Hors agglomération,Hors intersection,Normale,Deux véhicules - frontale,,,,,,,,,,,1,1,1,1.0,1.0
201800035976,0018-01-15 13:00:00,18,1,15,13,0,870,38,CARREFOUR N147 - N520,45.9015,1.22528,Plein jour,Hors agglomération,Hors intersection,Pluie légère,Deux véhicules - côté,,,,,,,,,,,1,1,1,2.0,3.0
201800035977,0018-01-16 19:38:00,18,1,16,19,38,870,85,"31, LATTRE-DE-TASSIGNY (",45.8253,1.27245,Crépuscule ou aube,En agglomération,Intersection en T,Pluie forte,Deux véhicules - côté,,,,,,,,,,,2,2,3,3.0,3.0
201800035978,0018-01-14 22:29:00,18,1,14,22,29,870,85,AUTOROUTE A20,45.8825,1.29065,Nuit avec éclairage allumé,Hors agglomération,Hors intersection,Pluie légère,Deux véhicules - frontale,,,,,,,,,,,5,1,1,2.0,1.0
201800035979,0018-01-16 14:26:00,18,1,16,14,26,870,65,FEYTIAT (RUE DE),45.8183,1.29301,Plein jour,Hors agglomération,Intersection en T,Pluie légère,Trois véhicules et plus - collisions multiples,,,,,,,,,,,1,1,3,2.0,5.0
201800035980,0018-01-18 12:20:00,18,1,18,12,20,870,85,"02, KING (AVENUE MARTIN",45.8116,1.23679,Plein jour,Hors agglomération,Hors intersection,Pluie légère,Autre collision,,,,,,,,,,,1,1,1,2.0,6.0
201800035981,0018-01-19 12:33:00,18,1,19,12,33,870,85,"0, MOULIN (RUE DU)",45.8503,1.22866,Plein jour,Hors agglomération,Hors intersection,Pluie légère,Deux véhicules - frontale,,,,,,,,,,,1,1,1,2.0,1.0
201800035982,0018-01-20 18:38:00,18,1,20,18,38,870,50,RN520 (COUZEIX),45.8905,1.2738,Plein jour,Hors agglomération,Hors intersection,Pluie légère,Deux véhicules - arrière,,,,,,,,,,,1,1,1,2.0,2.0