accident_id,datetime,annee,mois,jour,heure,minute,departement,commune_insee,adresse,latitude,longitude,luminosite,agglomeration,intersection,meteo,collision,nb_vehicules,nb_usagers,nb_indemnes,nb_tues,nb_blesses_hosp,nb_blesses_legers,age_cond_1,age_cond_2,veh_type_cond_1,veh_type_cond_2,lum_code,agg_code,int_code,atm_code,col_code
201800036225,0018-11-02 19:10:00,18,11,2,19,10,870,114,RUE HENRI WALLON,45.8291,1.30946,Nuit avec éclairage allumé,En agglomération,Intersection en X,Normale,Deux véhicules - côté,,,,,,,,,,,5,2,2,1.0,3.0
201800036226,0018-11-04 08:49:00,18,11,4,8,49,870,85,LANDOUGE (AVENUE DE),45.8384,1.2156,Plein jour,En agglomération,Hors intersection,Normale,Autre collision,,,,,,,,,,,1,2,1,1.0,6.0
201800036227,0018-11-12 18:02:00,18,11,12,18,2,870,85,BRIAND (RUE ARISTIDE),45.8576,1.28543,Crépuscule ou aube,En agglomération,Hors intersection,Pluie légère,Autre collision,,,,,,,,,,,2,2,1,2.0,6.0
201800036228,0018-11-10 14:29:00,18,11,10,14,29,870,75,RN 21,45.7854,1.20889,Plein jour,Hors agglomération,Hors intersection,Pluie forte,Deux véhicules - côté,,,,,,,,,,,1,1,1,3.0,3.0
201800036229,0018-11-11 18:36:00,18,11,11,18,36,870,85,CHENIEUX (RUE FRANCOIS),45.8399,1.25752,Plein jour,En agglomération,Giratoire,Normale,Autre collision,,,,,,,,,,,1,2,6,1.0,6.0
201800036230,0018-11-11 18:52:00,18,11,11,18,52,870,85,LONGEQUEUE (RUE LOUIS),45.8268,1.25944,Nuit avec éclairage allumé,En agglomération,Hors intersection,Normale,Autre collision,,,,,,,,,,,5,2,1,1.0,6.0
201800036231,0018-11-11 17:22:00,18,11,11,17,22,870,85,DUMAS (AVENUE GEORGES),45.8266,1.26481,Crépuscule ou aube,En agglomération,Hors intersection,Normale,Autre collision,,,,,,,,,,,2,2,1,1.0,6.0
201800036232,0018-11-13 12:11:00,18,11,13,12,11,870,85,BEAUBREUIL (AVENUE DE),45.8747,1.30065,Plein jour,En agglomération,Hors intersection,Pluie légère,Deux véhicules - frontale,,,,,,,,,,,1,2,1,2.0,1.0
201800036233,0018-11-15 10:58:00,18,11,15,10,58,870,85,AUTOROUTE A20,45.847,1.27691,Plein jour,Hors agglomération,Hors intersection,Normale,Trois véhicules et plus - collisions multiples,,,,,,,,,,,1,1,1,1.0,5.0
201800036234,0018-11-16 14:24:00,18,11,16,14,24,870,85,PETINIAUD BEAUPEYRAT (RU,45.8261,1.25095,Plein jour,En agglomération,Hors intersection,Normale,Trois véhicules et plus - en chaîne,,,,,,,,,,,1,2,1,1.0,4.0
201800036235,0018-11-18 22:38:00,18,11,18,22,38,870,85,ALLENDE (QUAI SALVADOR),45.8212,1.26283,Nuit avec éclairage allumé,En agglomération,Intersection en T,Normale,Deux véhicules - côté,,,,,,,,,,,5,2,3,1.0,3.0
201800036236,0018-11-19 20:06:00,18,11,19,20,6,870,85,LEBON (RUE PHILIPPE),45.8844,1.28215,Nuit avec éclairage allumé,En agglomération,Intersection en T,Normale,Deux véhicules - arrière,,,,,,,,,,,5,2,3,1.0,2.0
201800036237,0018-11-19 11:52:00,18,11,19,11,52,870,85,VALIN (AVENUE DU GENERAL,45.8048,1.27802,Plein jour,En agglomération,Intersection en X,Normale,Deux véhicules - frontale,,,,,,,,,,,1,2,2,1.0,1.0
201800036238,0018-11-20 16:52:00,18,11,20,16,52,870,85,AUTOROUTE A20,45.8818,1.28933,Plein jour,Hors agglomération,Hors intersection,Normale,Autre collision,,,,,,,,,,,1,1,1,1.0,6.0
201800036239,0018-11-21 06:58:00,18,11,21,6,58,870,85,AUTOROUTE A20,45.9106,1.29214,Nuit avec éclairage allumé,Hors agglomération,Hors intersection,Normale,Trois véhicules et plus - en chaîne,,,,,,,,,,,5,1,1,1.0,4.0
201800036240,0018-11-24 15:47:00,18,11,24,15,47,870,85,PERRIN (RUE FRANCOIS),45.8288,1.2432,Plein jour,En agglomération,Hors intersection,Normale,Trois véhicules et plus - en chaîne,,,,,,,,,,,1,2,1,1.0,4.0
201800036241,0018-11-24 20:55:00,18,11,24,20,55,870,85,PERRIN (RUE FRANCOIS),45.8294,1.24469,Nuit avec éclairage allumé,En agglomération,Intersection en X,Normale,Deux véhicules - côté,,,,,,,,,,,5,2,2,1.0,3.0
201800036242,0018-11-25 19:32:00,18,11,25,19,32,870,85,ISLY (RUE D'),45.8328,1.26347,Nuit avec éclairage allumé,En agglomération,Intersection en X,Pluie légère,Deux véhicules - côté,,,,,,,,,,,5,2,2,2.0,3.0
201800036243,0018-11-23 08:11:00,18,11,23,8,11,870,65,AUTOROUTE A20,45.7896,1.3033,Crépuscule ou aube,Hors agglomération,Hors intersection,Normale,Trois véhicules et plus - collisions multiples,,,,,,,,,,,2,1,1,1.0,5.0
201800036244,0018-11-17 15:45:00,18,11,17,15,45,870,85,LECLERC (AVENUE DU GENER,45.8446,1.25997,Plein jour,En agglomération,Hors intersection,Normale,Deux véhicules - arrière,,,,,,,,,,,1,2,1,1.0,2.0
201800036245,0018-11-27 17:40:00,18,11,27,17,40,870,85,CHARENTES (PLACE DES),45.8376,1.25268,Nuit avec éclairage allumé,En agglomération,Intersection en X,Normale,Deux véhicules - côté,,,,,,,,,,,5,2,2,1.0,3.0
201800036246,0018-11-29 12:10:00,18,11,29,12,10,870,85,AUTOROUTE A20,45.831,1.28253,Plein jour,Hors agglomération,Hors intersection,Normale,Trois véhicules et plus - collisions multiples,,,,,,,,,,,1,1,1,1.0,5.0
201800036247,0018-12-03 07:34:00,18,12,3,7,34,870,85,COUDERT (RUE DU),45.8293,1.19855,Crépuscule ou aube,En agglomération,Giratoire,Pluie légère,Deux véhicules - côté,,,,,,,,,,,2,2,6,2.0,3.0
201800036248,0018-12-03 13:17:00,18,12,3,13,17,870,65,INDUSTRIE (CARREFOUR DE,45.8179,1.30258,Plein jour,Hors agglomération,Intersection en X,Pluie légère,Autre collision,,,,,,,,,,,1,1,2,2.0,6.0
201800036249,0018-11-25 21:13:00,18,11,25,21,13,870,85,PETINIAUD BEAUPEYRAT (RU,45.8264,1.25175,Nuit avec éclairage allumé,En agglomération,Intersection en X,Normale,Sans collision,,,,,,,,,,,5,2,2,1.0,7.0
201800036250,0018-12-03 19:19:00,18,12,3,19,19,870,75,RD79,45.8191,1.18781,Crépuscule ou aube,Hors agglomération,Hors intersection,Pluie forte,Deux véhicules - arrière,,,,,,,,,,,2,1,1,3.0,2.0
201800036251,0018-12-05 11:50:00,18,12,5,11,50,870,85,AUTOROUTE A20,45.8576,1.28289,Plein jour,Hors agglomération,Hors intersection,Normale,Deux véhicules - côté,,,,,,,,,,,1,1,1,1.0,3.0
201800036252,0018-12-04 11:11:00,18,12,4,11,11,870,85,DUTREIX (RUE ARMAND),45.8316,1.23567,Plein jour,En agglomération,Intersection en T,Normale,Deux véhicules - côté,,,,,,,,,,,1,2,3,1.0,3.0
201800036253,0018-12-05 15:53:00,18,12,5,15,53,870,85,BROGLIE (AVENUE LOUIS DE,45.8833,1.28462,Plein jour,En agglomération,Hors intersection,Normale,Deux véhicules - arrière,,,,,,,,,,,1,2,1,1.0,2.0
201800036254,0018-12-05 16:44:00,18,12,5,16,44,870,85,RUBEN (AVENUE ERNEST),45.8236,1.25121,Crépuscule ou aube,En agglomération,Intersection en T,Normale,Deux véhicules - côté,,,,,,,,,,,2,2,3,1.0,3.0
201800036255,0018-12-07 09:15:00,18,12,7,9,15,870,85,LEGENDRE (RUE CHARLES),45.8148,1.24525,Plein jour,En agglomération,Hors intersection,Pluie légère,Deux véhicules - arrière,,,,,,,,,,,1,2,1,2.0,2.0
201800036256,0018-12-07 11:32:00,18,12,7,11,32,870,85,BENEDICTINS (AVENUE DES),45.8326,1.26656,Plein jour,En agglomération,Hors intersection,Pluie légère,Sans collision,,,,,,,,,,,1,2,1,2.0,7.0
201800036257,0018-12-10 18:14:00,18,12,10,18,14,870,85,COTY (AVENUE DU PRESIDEN,45.8397,1.23447,Nuit avec éclairage allumé,En agglomération,Intersection en X,Normale,Autre collision,,,,,,,,,,,5,2,2,1.0,6.0
201800036258,0018-09-16 18:10:00,18,9,16,18,10,870,85,GRANDE PIECE (AVE DE LA),45.8849,1.30247,Plein jour,En agglomération,Autre intersection,Normale,Autre collision,,,,,,,,,,,1,2,9,1.0,6.0
201800036259,0018-12-14 11:35:00,18,12,14,11,35,870,85,GAGNANT (AVENUE JEAN),45.8335,1.2699,Plein jour,En agglomération,Hors intersection,Normale,Autre collision,,,,,,,,,,,1,2,1,1.0,6.0
201800036260,0018-12-14 22:33:00,18,12,14,22,33,870,85,BEL AIR (BOULEVARD DE),45.81746,1.25268,Nuit avec éclairage allumé,En agglomération,Autre intersection,Normale,Deux véhicules - côté,,,,,,,,,,,5,2,9,1.0,3.0
201800036261,0018-12-15 16:26:00,18,12,15,16,26,870,85,FARMAN (RUE),45.8494,1.26856,Plein jour,En agglomération,Hors intersection,Pluie légère,Autre collision,,,,,,,,,,,1,2,1,2.0,6.0
201800036262,0018-12-16 18:10:00,18,12,16,18,10,870,85,AUTOROUTE A20,45.8625,1.28696,Nuit sans éclairage public,Hors agglomération,Hors intersection,Pluie légère,Deux véhicules - arrière,,,,,,,,,,,3,1,1,2.0,2.0
201800036263,0018-12-18 14:13:00,18,12,18,14,13,870,85,TOULOUSE (RUE DE),45.8211,1.27611,Plein jour,En agglomération,Hors intersection,Normale,Deux véhicules - côté,,,,,,,,,,,1,2,1,1.0,3.0
201800036264,0018-12-21 10:30:00,18,12,21,10,30,870,65,AUTOROUTE A20,45.7971,1.29709,Plein jour,Hors agglomération,Hors intersection,Pluie forte,Autre collision,,,,,,,,,,,1,1,1,3.0,6.0
201800036265,0018-12-21 10:50:00,18,12,21,10,50,870,85,NAUGEAT (AVENUE DE,45.8254,1.23858,Plein jour,En agglomération,Intersection en T,Pluie forte,Deux véhicules - côté,,,,,,,,,,,1,2,3,3.0,3.0
201800036266,0018-12-21 17:10:00,18,12,21,17,10,870,85,AUTOROUTE A20,45.8378,1.283,Plein jour,Hors agglomération,Hors intersection,Pluie forte,Trois véhicules et plus - en chaîne,,,,,,,,,,,1,1,1,3.0,4.0
201800036267,0018-12-23 11:12:00,18,12,23,11,12,870,85,GARIBALDI (AVENUE),45.8336,1.26144,Plein jour,En agglomération,Hors intersection,Normale,Autre collision,,,,,,,,,,,1,2,1,1.0,6.0
201800036268,0018-12-23 01:52:00,18,12,23,1,52,870,85,LABUSSIERE (AVENUE EMILE,45.8445,1.24833,Nuit avec éclairage allumé,En agglomération,Hors intersection,Pluie légère,Autre collision,,,,,,,,,,,5,2,1,2.0,6.0
201800036269,0018-12-29 00:58:00,18,12,29,0,58,870,85,BELLAC (RUE DE),45.8544,1.24654,Nuit avec éclairage allumé,En agglomération,Hors intersection,Normale,Autre collision,,,,,,,,,,,5,2,1,1.0,6.0
201800036270,0018-12-31 08:01:00,18,12,31,8,1,870,85,ALLENDE (QUAI SALVADOR),45.8212,1.26294,Crépuscule ou aube,En agglomération,Intersection en X,Normale,Deux véhicules - côté,,,,,,,,,,,2,2,2,1.0,3.0
201800036271,0018-01-09 17:35:00,18,1,9,17,35,880,160,"0, BELLE-AU-BOIS-DORMANT",48.19766,6.46367,Nuit avec éclairage allumé,En agglomération,Intersection en T,Pluie légère,Autre collision,,,,,,,,,,,5,2,3,2.0,6.0
201800036272,0018-01-18 20:16:00,18,1,18,20,16,880,160,SAINT-DIE (AV. DE),48.1844,6.46855,Nuit avec éclairage allumé,En agglomération,Hors intersection,Pluie forte,Autre collision,,,,,,,,,,,5,2,1,3.0,6.0
201800036273,0018-01-20 15:24:00,18,1,20,15,24,880,209,"74, LECLERC RUE GENERA",48.1918,6.4219,Plein jour,Hors agglomération,Hors intersection,Pluie légère,Autre collision,,,,,,,,,,,1,1,1,2.0,6.0
201800036274,0018-02-06 21:00:00,18,2,6,21,0,880,160,"13, TEMPLIERS (AV. DES)",48.16732,6.45138,Nuit avec éclairage allumé,En agglomération,Hors intersection,Normale,Autre collision,,,,,,,,,,,5,2,1,1.0,6.0
201800036275,0018-03-02 22:45:00,18,3,2,22,45,880,160,BARTHOU (RUE LOUIS-),48.18903,6.44632,Nuit avec éclairage allumé,En agglomération,Hors intersection,Pluie légère,Deux véhicules - frontale,,,,,,,,,,,5,2,1,2.0,1.0
201800036276,0018-03-03 20:30:00,18,3,3,20,30,880,209,FORGES (RTE. DES),48.18757,6.41858,Nuit sans éclairage public,Hors agglomération,Hors intersection,Pluie légère,Autre collision,,,,,,,,,,,3,1,1,2.0,6.0
201800036277,0018-03-04 05:50:00,18,3,4,5,50,880,160,CARPENTIER (VOIE PIERRE-,48.17978,6.45567,Nuit avec éclairage allumé,En agglomération,Hors intersection,Normale,Autre collision,,,,,,,,,,,5,2,1,1.0,6.0
201800036278,0018-05-20 23:50:00,18,5,20,23,50,880,209,JEAN-CHARLES PELLERIN (R,48.20567,6.41855,Nuit avec éclairage allumé,Hors agglomération,Intersection en T,Normale,Deux véhicules - côté,,,,,,,,,,,5,1,3,1.0,3.0
201800036279,0018-06-30 00:35:00,18,6,30,0,35,880,160,SAINT-DIE (AV. DE),48.18405,6.46855,Nuit avec éclairage allumé,En agglomération,Hors intersection,Normale,Sans collision,,,,,,,,,,,5,2,1,1.0,7.0
201800036280,0018-07-25 19:50:00,18,7,25,19,50,880,160,BLUM (AV. LEON),48.18825,6.46425,Plein jour,En agglomération,Hors intersection,Normale,Autre collision,,,,,,,,,,,1,2,1,1.0,6.0
201800036281,0018-07-27 23:50:00,18,7,27,23,50,880,209,FORT (RUE DU),48.2016,6.42792,Nuit avec éclairage allumé,En agglomération,Autre intersection,Normale,Deux véhicules - côté,,,,,,,,,,,5,2,9,1.0,3.0
201800036282,0018-08-10 17:20:00,18,8,10,17,20,880,87,DE GAULLE (RUE GENERAL-),48.16534,6.43336,Plein jour,En agglomération,Hors intersection,Normale,Deux véhicules - côté,,,,,,,,,,,1,2,1,1.0,3.0
201800036283,0018-07-21 02:07:00,18,7,21,2,7,880,160,CHAUD COTE (RUE DU),48.14323,6.45393,Nuit sans éclairage public,Hors agglomération,Hors intersection,Pluie légère,Sans collision,,,,,,,,,,,3,1,1,2.0,7.0
201800036284,0018-09-27 16:25:00,18,9,27,16,25,880,160,GERARDMER (route de),48.16289,6.54337,Plein jour,Hors agglomération,Hors intersection,Normale,Deux véhicules - arrière,,,,,,,,,,,1,1,1,1.0,2.0
201800036285,0018-09-27 14:07:00,18,9,27,14,7,880,160,BLERIOT (RUE LOUIS-),48.1998,6.4512,Plein jour,En agglomération,Intersection en T,Normale,Deux véhicules - côté,,,,,,,,,,,1,2,3,1.0,3.0
201800036286,0018-09-29 21:50:00,18,9,29,21,50,880,160,SAINT-DIE (AV. DE),48.18785,6.47798,Nuit avec éclairage allumé,En agglomération,Autre intersection,Normale,Deux véhicules - arrière,,,,,,,,,,,5,2,9,1.0,2.0
201800036287,0018-10-20 14:19:00,18,10,20,14,19,880,160,ETATS-UNIS (RUE DES),48.1759,6.4937,Plein jour,En agglomération,Hors intersection,Normale,Autre collision,,,,,,,,,,,1,2,1,1.0,6.0
201800036288,0018-10-18 17:20:00,18,10,18,17,20,880,160,TEMPLIERS (AV. DES),48.16677,6.45156,Plein jour,En agglomération,Hors intersection,Normale,Autre collision,,,,,,,,,,,1,2,1,1.0,6.0
201800036289,0018-11-08 19:08:00,18,11,8,19,8,880,160,GERARDMER (route de),48.1831,6.4961,Nuit sans éclairage public,Hors agglomération,Hors intersection,Normale,Trois véhicules et plus - collisions multiples,,,,,,,,,,,3,1,1,1.0,5.0
201800036290,0018-11-20 17:26:00,18,11,20,17,26,880,160,DOGNEVILLE (Q. DE),48.1819,6.4471,Nuit avec éclairage allumé,En agglomération,Intersection en T,Pluie légère,Deux véhicules - côté,,,,,,,,,,,5,2,3,2.0,3.0
201800036291,0018-11-29 17:28:00,18,11,29,17,28,880,160,RENAN (RUE ERNEST-),48.1871,6.465,Nuit avec éclairage allumé,En agglomération,Hors intersection,Normale,Autre collision,,,,,,,,,,,5,2,1,1.0,6.0
201800036292,0018-12-05 21:40:00,18,12,5,21,40,880,160,ARCHETTES (RTE D'),48.9684,6.27139,Nuit avec éclairage allumé,Hors agglomération,Hors intersection,Pluie légère,Sans collision,,,,,,,,,,,5,1,1,2.0,7.0
201800036293,0018-12-16 19:34:00,18,12,16,19,34,880,160,BRIAND (RUE ARISTIDE-),48.17322,6.45237,Nuit avec éclairage allumé,En agglomération,Intersection en T,Autre,Autre collision,,,,,,,,,,,5,2,3,9.0,6.0
201800036294,0018-12-17 17:42:00,18,12,17,17,42,880,160,HAXO (RUE DU GAL-),48.18425,6.44107,Nuit avec éclairage allumé,En agglomération,Hors intersection,Normale,Autre collision,,,,,,,,,,,5,2,1,1.0,6.0
201800036295,0018-05-05 16:08:00,18,5,5,16,8,880,383,CD 417,48.01266,6.60287,Plein jour,En agglomération,Hors intersection,Normale,Autre collision,,,,,,,,,,,1,2,1,1.0,6.0
201800036296,0018-06-06 15:28:00,18,6,6,15,28,880,383,Rue de la Mouline,48.01517,6.51616,Plein jour,En agglomération,Hors intersection,Normale,Autre collision,,,,,,,,,,,1,2,1,1.0,6.0
201800036297,0018-07-29 13:51:00,18,7,29,13,51,880,415,Grande Rue,48.02094,6.60262,Plein jour,En agglomération,Hors intersection,Temps éblouissant,Autre collision,,,,,,,,,,,1,2,1,7.0,6.0
201800036298,0018-10-26 12:30:00,18,10,26,12,30,880,429,D 157,48.01,6.56,Plein jour,Hors agglomération,Hors intersection,Normale,Deux véhicules - frontale,,,,,,,,,,,1,1,1,1.0,1.0
201800036299,0018-01-09 12:50:00,18,1,9,12,50,880,413,"7, Jacquot ( Rue Ren )",48.28191,6.95844,Plein jour,En agglomération,Hors intersection,Normale,Autre collision,,,,,,,,,,,1,2,1,1.0,6.0
201800036300,0018-03-06 08:55:00,18,3,6,8,55,880,424,Alle de l'Europe,48.27121,6.97233,Plein jour,En agglomération,Hors intersection,Normale,Autre collision,,,,,,,,,,,1,2,1,1.0,6.0
201800036301,0018-05-19 16:30:00,18,5,19,16,30,880,413,AVENUE DE ROBACHE,48.2918,6.95117,Plein jour,En agglomération,Intersection en T,Normale,Deux véhicules - côté,,,,,,,,,,,1,2,3,1.0,3.0
201800036302,0018-06-16 15:30:00,18,6,16,15,30,880,413,Rue Marcel ROGE,48.28213,6.95688,Plein jour,En agglomération,Intersection en T,Normale,Autre collision,,,,,,,,,,,1,2,3,1.0,6.0
201800036303,0018-06-19 10:55:00,18,6,19,10,55,880,424,Rue de BROMPONT,48.268,6.97924,Plein jour,En agglomération,Intersection en X,Normale,Deux véhicules - côté,,,,,,,,,,,1,2,2,1.0,3.0
201800036304,0018-07-10 22:38:00,18,7,10,22,38,880,413,THIERS (RUE),48.28861,6.94944,Nuit avec éclairage allumé,En agglomération,Hors intersection,Normale,Trois véhicules et plus - collisions multiples,,,,,,,,,,,5,2,1,1.0,5.0
201800036305,0018-07-27 16:25:00,18,7,27,16,25,880,413,Rue d'ALSACE,48.28006,6.95555,Plein jour,En agglomération,Autre intersection,Normale,Autre collision,,,,,,,,,,,1,2,9,1.0,6.0
201800036306,0018-08-14 18:40:00,18,8,14,18,40,880,413,Rue de la Mnantille,,,Plein jour,En agglomération,Autre intersection,Normale,Autre collision,,,,,,,,,,,1,2,9,1.0,6.0
201800036307,0018-09-15 19:00:00,18,9,15,19,0,880,428,Rue du Clos,48.31454,6.88804,Plein jour,En agglomération,Autre intersection,Normale,Autre collision,,,,,,,,,,,1,2,9,1.0,6.0
201800036308,0018-09-01 17:20:00,18,9,1,17,20,880,413,rue d'hellieule,48.29622,6.94666,Plein jour,En agglomération,Hors intersection,Normale,Autre collision,,,,,,,,,,,1,2,1,1.0,6.0
201800036309,0018-09-26 16:48:00,18,9,26,16,48,880,413,Avenue de VERDUN,48.30075,6.92929,Plein jour,En agglomération,Hors intersection,Normale,Deux véhicules - côté,,,,,,,,,,,1,2,1,1.0,3.0
201800036310,0018-09-28 15:15:00,18,9,28,15,15,880,413,Rsistance ( Quai de la,48.28585,6.96539,Plein jour,En agglomération,Intersection en T,Normale,Deux véhicules - côté,,,,,,,,,,,1,2,3,1.0,3.0
201800036311,0018-09-29 10:40:00,18,9,29,10,40,880,413,Route de ROBACHE,48.31549,6.96652,Plein jour,En agglomération,Hors intersection,Normale,Sans collision,,,,,,,,,,,1,2,1,1.0,7.0
201800036312,0018-10-05 20:40:00,18,10,5,20,40,880,413,Rue du Petit SAINT-DIE,48.28123,6.94988,Nuit avec éclairage allumé,En agglomération,Hors intersection,Normale,Autre collision,,,,,,,,,,,5,2,1,1.0,6.0
201800036313,0018-11-06 14:15:00,18,11,6,14,15,880,413,Rond Point Modulor,48.28543,6.94932,Plein jour,En agglomération,Giratoire,Normale,Deux véhicules - côté,,,,,,,,,,,1,2,6,1.0,3.0
201800036314,0018-11-14 15:13:00,18,11,14,15,13,880,413,Rue Emile DURCKHEIM,,,Plein jour,En agglomération,Hors intersection,Normale,Autre collision,,,,,,,,,,,1,2,1,1.0,6.0
201800036315,0018-11-24 07:15:00,18,11,24,7,15,880,413,RN 59,48.29656,6.93039,Nuit sans éclairage public,Hors agglomération,Hors intersection,Temps couvert,Deux véhicules - arrière,,,,,,,,,,,3,1,1,8.0,2.0
201800036316,0018-12-03 08:00:00,18,12,3,8,0,880,413,Avenue de VERDUN,48.3002,6.99,Plein jour,En agglomération,Hors intersection,Pluie légère,Deux véhicules - frontale,,,,,,,,,,,1,2,1,2.0,1.0
201800036317,0018-01-10 05:55:00,18,1,10,5,55,890,24,R.N.6.,47.8193,3.57066,Nuit sans éclairage public,Hors agglomération,Hors intersection,Pluie forte,Autre collision,,,,,,,,,,,3,1,1,3.0,6.0
201800036318,0018-01-14 17:34:00,18,1,14,17,34,890,24,R.N 77,47.82227,3.58714,Crépuscule ou aube,En agglomération,Passage à niveau,Normale,Deux véhicules - côté,,,,,,,,,,,2,2,8,1.0,3.0
201800036319,0018-01-22 18:35:00,18,1,22,18,35,890,24,"1, BRICHERES (AVENUE DES",47.78921,3.56094,Nuit avec éclairage non allumé,En agglomération,Intersection à plus de 4 branches,Pluie légère,Autre collision,,,,,,,,,,,4,2,5,2.0,6.0
201800036320,0018-02-13 10:20:00,18,2,13,10,20,890,24,"77, DENFERT ROCHEREAU (A",47.80425,3.56535,Plein jour,En agglomération,Hors intersection,Normale,Autre collision,,,,,,,,,,,1,2,1,1.0,6.0
201800036321,0018-07-10 12:05:00,18,7,10,12,5,890,346,BLEUETS (AVENUE DES ),47.80022,3.53274,Plein jour,En agglomération,Intersection en T,Normale,Autre collision,,,,,,,,,,,1,2,3,1.0,6.0
201800036322,0018-07-10 19:10:00,18,7,10,19,10,890,346,D89 ( DIRECTION AUXERRE,47.80006,3.51218,Plein jour,Hors agglomération,Intersection en T,Normale,Deux véhicules - côté,,,,,,,,,,,1,1,3,1.0,3.0
201800036323,0018-08-28 20:15:00,18,8,28,20,15,890,346,D 22,47.7983,3.46998,Plein jour,En agglomération,Hors intersection,Normale,Deux véhicules - arrière,,,,,,,,,,,1,2,1,1.0,2.0
201800036324,0018-09-20 18:25:00,18,9,20,18,25,890,24,GENERAL WEYGAND (AVENUE),47.8004,3.54982,Plein jour,En agglomération,Hors intersection,Normale,Autre collision,,,,,,,,,,,1,2,1,1.0,6.0
201800036325,0018-10-08 14:50:00,18,10,8,14,50,890,24,CHARLES DE GAULLE (AVENU,47.80107,3.5677,Plein jour,En agglomération,Giratoire,Normale,Deux véhicules - côté,,,,,,,,,,,1,2,6,1.0,3.0
201800036326,0018-10-10 13:05:00,18,10,10,13,5,890,24,VAULABELLE (BOULEVARD) N,47.79487,3.579,Plein jour,En agglomération,Intersection en Y,Normale,Deux véhicules - côté,,,,,,,,,,,1,2,4,1.0,3.0
201800036327,0018-10-22 08:45:00,18,10,22,8,45,890,24,R.N.6,47.82047,3.58377,Crépuscule ou aube,Hors agglomération,Hors intersection,Normale,Deux véhicules - frontale,,,,,,,,,,,2,1,1,1.0,1.0
201800036328,0018-12-11 22:05:00,18,12,11,22,5,890,342,ROUTE NATIONALE 6,48.22991,3.27143,Nuit sans éclairage public,Hors agglomération,Hors intersection,Normale,Sans collision,,,,,,,,,,,3,1,1,1.0,7.0
201800036329,0018-02-14 14:00:00,18,2,14,14,0,890,387,"92, VERDUN (BOULEVARD DE",48.19723,3.29731,Plein jour,En agglomération,Hors intersection,Normale,Deux véhicules - côté,,,,,,,,,,,1,2,1,1.0,3.0
201800036330,0018-07-05 15:40:00,18,7,5,15,40,890,387,VERDUN (BOULEVARD DE),48.19691,3.29707,Plein jour,En agglomération,Intersection en X,Normale,Deux véhicules - frontale,,,,,,,,,,,1,2,2,1.0,1.0
201800036331,0018-03-08 14:45:00,18,3,8,14,45,890,354,"0, BREMONTS(CHEMIN DES)",48.20489,3.25951,Plein jour,Hors agglomération,Hors intersection,Pluie légère,Sans collision,,,,,,,,,,,1,1,1,2.0,7.0
201800036332,0018-05-23 18:29:00,18,5,23,18,29,890,387,HUIT MAI 1945 (AVENUE DU,48.19677,3.30528,Plein jour,En agglomération,Hors intersection,Normale,Autre collision,,,,,,,,,,,1,2,1,1.0,6.0
201800036333,0018-03-25 15:47:00,18,3,25,15,47,890,387,"1, PECHEURS (CHEMIN DES)",48.18588,3.27224,Plein jour,Hors agglomération,Intersection en Y,Normale,Deux véhicules - côté,,,,,,,,,,,1,1,4,1.0,3.0
201800036334,0018-04-06 06:10:00,18,4,6,6,10,890,387,SABLONS (QUAI DES),48.20142,3.27268,Nuit avec éclairage allumé,En agglomération,Hors intersection,Normale,Autre collision,,,,,,,,,,,5,2,1,1.0,6.0
201800036335,0018-03-29 18:50:00,18,3,29,18,50,890,387,"24, TARBE (COURS)",48.19485,3.28039,Plein jour,En agglomération,Intersection en T,Normale,Deux véhicules - côté,,,,,,,,,,,1,2,3,1.0,3.0
201800036336,0018-03-02 17:40:00,18,3,2,17,40,890,387,"7, CASTORS (BOULEVARD DE",48.1951,3.29494,Plein jour,En agglomération,Hors intersection,Normale,Deux véhicules - côté,,,,,,,,,,,1,2,1,1.0,3.0
201800036337,0018-05-16 21:50:00,18,5,16,21,50,890,387,EMILE ZOLA (RUE),48.19545,3.26622,Nuit sans éclairage public,En agglomération,Place,Normale,Autre collision,,,,,,,,,,,3,2,7,1.0,6.0
201800036338,0018-05-19 21:50:00,18,5,19,21,50,890,387,VERDUN (BOULEVARD DE),48.19809,3.2979,Nuit avec éclairage allumé,En agglomération,Autre intersection,Normale,Autre collision,,,,,,,,,,,5,2,9,1.0,6.0
201800036339,0018-05-27 19:15:00,18,5,27,19,15,890,387,HUIT MAI 1945 (AVENUE DU,48.19676,3.30416,Plein jour,En agglomération,Intersection en X,Normale,Deux véhicules - côté,,,,,,,,,,,1,2,2,1.0,3.0
201800036340,0018-06-28 17:35:00,18,6,28,17,35,890,387,GARIBALDI (BOULEVARD DES,48.19942,3.28244,Plein jour,En agglomération,Hors intersection,Normale,Autre collision,,,,,,,,,,,1,2,1,1.0,6.0
201800036341,0018-07-09 11:55:00,18,7,9,11,55,890,387,D606,48.19373,3.31275,Plein jour,Hors agglomération,Hors intersection,Normale,Trois véhicules et plus - collisions multiples,,,,,,,,,,,1,1,1,1.0,5.0
201800036342,0018-04-21 18:20:00,18,4,21,18,20,890,387,ARENES (RUE),48.19984,3.29405,Plein jour,En agglomération,Hors intersection,Normale,Autre collision,,,,,,,,,,,1,2,1,1.0,6.0
201800036343,0018-04-06 07:30:00,18,4,6,7,30,890,287,ARTISANAT (RUE DE L'),48.19548,3.26398,Crépuscule ou aube,En agglomération,Intersection en X,Normale,Autre collision,,,,,,,,,,,2,2,2,1.0,6.0