accident_id,datetime,annee,mois,jour,heure,minute,departement,commune_insee,adresse,latitude,longitude,luminosite,agglomeration,intersection,meteo,collision,nb_vehicules,nb_usagers,nb_indemnes,nb_tues,nb_blesses_hosp,nb_blesses_legers,age_cond_1,age_cond_2,veh_type_cond_1,veh_type_cond_2,lum_code,agg_code,int_code,atm_code,col_code
201800036827,0018-05-27 00:23:00,18,5,27,0,23,910,434,BOIS POMMIER (ROUTE DU),48.65922,2.34642,Nuit avec éclairage allumé,En agglomération,Intersection en T,Normale,Sans collision,,,,,,,,,,,5,2,3,1.0,7.0
201800036828,0018-05-28 17:05:00,18,5,28,17,5,910,687,GENETS (AVENUE DES),48.64793,2.36313,Plein jour,En agglomération,Hors intersection,Normale,Deux véhicules - arrière,,,,,,,,,,,1,2,1,1.0,2.0
201800036829,0018-05-28 18:15:00,18,5,28,18,15,910,687,CORSE (AVENUE DE),48.66995,2.36801,Plein jour,En agglomération,Hors intersection,Temps couvert,Deux véhicules - arrière,,,,,,,,,,,1,2,1,8.0,2.0
201800036830,0018-06-01 10:00:00,18,6,1,10,0,910,434,JEAN-PIERRE TIMBAUD (RUE,48.66211,2.35984,Plein jour,En agglomération,Hors intersection,Temps couvert,Autre collision,,,,,,,,,,,1,2,1,8.0,6.0
201800036831,0018-06-07 18:45:00,18,6,7,18,45,910,286,BERTHIER (RUE),48.64929,2.39277,Plein jour,En agglomération,Intersection en Y,Normale,Autre collision,,,,,,,,,,,1,2,4,1.0,6.0
201800036832,0018-06-11 21:10:00,18,6,11,21,10,910,326,BANETTE ET PLANCHON (PLA,48.68919,2.38253,Crépuscule ou aube,En agglomération,Hors intersection,Pluie forte,Autre collision,,,,,,,,,,,2,2,1,3.0,6.0
201800036833,0018-06-13 08:30:00,18,6,13,8,30,910,687,RIS (RUE DE),48.67333,2.39304,Plein jour,En agglomération,Hors intersection,Normale,Deux véhicules - côté,,,,,,,,,,,1,2,1,1.0,3.0
201800036834,0018-06-14 08:20:00,18,6,14,8,20,910,286,PREMIERE ARMEE (AVENUE),48.65379,2.39647,Plein jour,En agglomération,Hors intersection,Temps éblouissant,Autre collision,,,,,,,,,,,1,2,1,7.0,6.0
201800036835,0018-06-29 16:30:00,18,6,29,16,30,910,434,SAVIGNY (RUE DE),48.66606,2.34285,Plein jour,En agglomération,Hors intersection,Normale,Deux véhicules - côté,,,,,,,,,,,1,2,1,1.0,3.0
201800036836,0018-06-29 18:35:00,18,6,29,18,35,910,687,JEAN MOULIN (ALLEE),48.65857,2.36721,Plein jour,En agglomération,Hors intersection,Normale,Autre collision,,,,,,,,,,,1,2,1,1.0,6.0
201800036837,0018-06-30 09:30:00,18,6,30,9,30,910,286,CORBEIL (ROUTE DE),48.65374,2.39397,Plein jour,En agglomération,Giratoire,Normale,Autre collision,,,,,,,,,,,1,2,6,1.0,6.0
201800036838,0018-07-05 20:30:00,18,7,5,20,30,910,687,COMMANDANT BARRE (AVENUE,48.66076,2.366,Crépuscule ou aube,En agglomération,Intersection en T,Normale,Deux véhicules - côté,,,,,,,,,,,2,2,3,1.0,3.0
201800036839,0018-07-10 12:15:00,18,7,10,12,15,910,326,COUR DE FRANCE (AVENUE D,48.69039,2.37067,Plein jour,En agglomération,Hors intersection,Normale,Trois véhicules et plus - en chaîne,,,,,,,,,,,1,2,1,1.0,4.0
201800036840,0018-07-14 16:00:00,18,7,14,16,0,910,286,CORBEIL (ROUTE DE),48.65,2.38,Plein jour,En agglomération,Hors intersection,Normale,Autre collision,,,,,,,,,,,1,2,1,1.0,6.0
201800036841,0018-07-20 18:00:00,18,7,20,18,0,910,286,HENRI BARBUSSE (PLACE),48.65358,2.39344,Plein jour,En agglomération,Place,Normale,Autre collision,,,,,,,,,,,1,2,7,1.0,6.0
201800036842,0018-07-22 02:40:00,18,7,22,2,40,910,286,PIERRE BROSSOLETTE (RUE),48.6552,2.38736,Nuit sans éclairage public,En agglomération,Intersection à plus de 4 branches,Normale,Deux véhicules - côté,,,,,,,,,,,3,2,5,1.0,3.0
201800036843,0018-07-23 09:30:00,18,7,23,9,30,910,326,COUR DE FRANCE (AVENUE D,48.69287,2.37089,Plein jour,En agglomération,Intersection en X,Normale,Deux véhicules - côté,,,,,,,,,,,1,2,2,1.0,3.0
201800036844,0018-07-24 17:15:00,18,7,24,17,15,910,687,VICTOR SCHOELCHER (PLACE,48.64791,2.36713,Plein jour,Hors agglomération,Giratoire,Normale,Deux véhicules - côté,,,,,,,,,,,1,1,6,1.0,3.0
201800036845,0018-07-24 18:00:00,18,7,24,18,0,910,687,ANDRE MALRAUX (AVENUE),48.67349,2.36152,Plein jour,En agglomération,Hors intersection,Normale,Autre collision,,,,,,,,,,,1,2,1,1.0,6.0
201800036846,0018-07-25 21:45:00,18,7,25,21,45,910,286,TREILLE (PLACE DE LA),48.65218,2.3715,Plein jour,En agglomération,Hors intersection,Normale,Autre collision,,,,,,,,,,,1,2,1,1.0,6.0
201800036847,0018-07-29 16:15:00,18,7,29,16,15,910,687,GENERAL DE GAULLE (AVENU,48.68171,2.37871,Plein jour,En agglomération,Hors intersection,Normale,Autre collision,,,,,,,,,,,1,2,1,1.0,6.0
201800036848,0018-08-02 07:50:00,18,8,2,7,50,910,326,CASCADE (BOULEVARD DE LA,48.69631,2.37436,Plein jour,En agglomération,Hors intersection,Normale,Autre collision,,,,,,,,,,,1,2,1,1.0,6.0
201800036849,0018-08-01 15:25:00,18,8,1,15,25,910,326,COUR DE FRANCE (AVENUE D,48.68728,2.37238,Plein jour,En agglomération,Hors intersection,Normale,Deux véhicules - côté,,,,,,,,,,,1,2,1,1.0,3.0
201800036850,0018-08-11 13:00:00,18,8,11,13,0,910,687,DE FLEURY (ROUTE ),48.65417,2.36995,Plein jour,Hors agglomération,Hors intersection,Normale,Autre collision,,,,,,,,,,,1,1,1,1.0,6.0
201800036851,0018-08-11 23:30:00,18,8,11,23,30,910,434,JARDINET (AVENUE DU),48.6522,2.35112,Nuit avec éclairage allumé,En agglomération,Intersection en X,Normale,Deux véhicules - côté,,,,,,,,,,,5,2,2,1.0,3.0
201800036852,0018-08-13 19:15:00,18,8,13,19,15,910,687,GENERAL DE GAULLE (AVENU,48.68452,2.38269,Plein jour,En agglomération,Hors intersection,Normale,Deux véhicules - arrière,,,,,,,,,,,1,2,1,1.0,2.0
201800036853,0018-08-24 17:55:00,18,8,24,17,55,910,687,COMMANDANT BARRE (AVENUE,48.66,2.36,Plein jour,En agglomération,Hors intersection,Normale,Autre collision,,,,,,,,,,,1,2,1,1.0,6.0
201800036854,0018-08-31 16:45:00,18,8,31,16,45,910,687,VICTOR SCHOELCHER (AVENU,48.6553,2.37169,Plein jour,En agglomération,Giratoire,Normale,Sans collision,,,,,,,,,,,1,2,6,1.0,7.0
201800036855,0018-08-31 21:00:00,18,8,31,21,0,910,687,VICTOR SCHOELCHER (AVENU,48.65622,2.37058,Nuit avec éclairage allumé,En agglomération,Hors intersection,Normale,Trois véhicules et plus - en chaîne,,,,,,,,,,,5,2,1,1.0,4.0
201800036856,0018-09-04 09:30:00,18,9,4,9,30,910,326,ESTIENNE D'ORVES (AVENUE,48.69069,2.38028,Plein jour,En agglomération,Hors intersection,Normale,Autre collision,,,,,,,,,,,1,2,1,1.0,6.0
201800036857,0018-09-04 16:30:00,18,9,4,16,30,910,434,SALVADOR ALLENDE (RUE),48.65209,2.35145,Plein jour,En agglomération,Hors intersection,Normale,Deux véhicules - côté,,,,,,,,,,,1,2,1,1.0,3.0
201800036858,0018-09-08 20:05:00,18,9,8,20,5,910,687,MARSEILLE (AVENUE DE),48.66924,2.36201,Crépuscule ou aube,En agglomération,Hors intersection,Normale,Autre collision,,,,,,,,,,,2,2,1,1.0,6.0
201800036859,0018-09-10 18:10:00,18,9,10,18,10,910,687,GENERAL DE GAULLE (AVENU,48.68135,2.37866,Plein jour,En agglomération,Intersection en T,Normale,Deux véhicules - frontale,,,,,,,,,,,1,2,3,1.0,1.0
201800036860,0018-09-21 07:00:00,18,9,21,7,0,910,286,PLESSIS (CHEMIN DU),48.65047,2.38749,Nuit avec éclairage allumé,En agglomération,Giratoire,Pluie légère,Deux véhicules - frontale,,,,,,,,,,,5,2,6,2.0,1.0
201800036861,0018-09-21 08:30:00,18,9,21,8,30,910,326,ESTIENNE D'ORVES (AVENUE,48.69148,2.37855,Crépuscule ou aube,En agglomération,Hors intersection,Pluie forte,Autre collision,,,,,,,,,,,2,2,1,3.0,6.0
201800036862,0018-09-21 13:07:00,18,9,21,13,7,910,286,EMILE ALLIAUD (AVENUE),48.64763,2.36766,Plein jour,En agglomération,Hors intersection,Normale,Autre collision,,,,,,,,,,,1,2,1,1.0,6.0
201800036863,0018-09-23 16:00:00,18,9,23,16,0,910,326,GABRIEL PERI (AVENUE),48.69798,2.37159,Plein jour,En agglomération,Hors intersection,Pluie forte,Deux véhicules - arrière,,,,,,,,,,,1,2,1,3.0,2.0
201800036864,0018-09-30 11:00:00,18,9,30,11,0,910,434,DANIELLE CASANOVA (RUE),48.65746,2.35894,Plein jour,En agglomération,Hors intersection,Temps éblouissant,Autre collision,,,,,,,,,,,1,2,1,7.0,6.0
201800036865,0018-10-03 06:45:00,18,10,3,6,45,910,326,MONTTESSUY (RUE),48.68625,2.38374,Nuit avec éclairage allumé,En agglomération,Hors intersection,Pluie légère,Trois véhicules et plus - en chaîne,,,,,,,,,,,5,2,1,2.0,4.0
201800036866,0018-10-04 16:35:00,18,10,4,16,35,910,326,MONTTESSUY (RUE DE),48.6895,2.3856,Plein jour,En agglomération,Hors intersection,Normale,Autre collision,,,,,,,,,,,1,2,1,1.0,6.0
201800036867,0018-10-04 17:34:00,18,10,4,17,34,910,687,MARGOT (RUE),48.67113,2.37149,Plein jour,En agglomération,Hors intersection,Temps éblouissant,Deux véhicules - frontale,,,,,,,,,,,1,2,1,7.0,1.0
201800036868,0018-10-05 09:00:00,18,10,5,9,0,910,434,CORBEIL (ROUTE DE),48.6,2.3,Plein jour,En agglomération,Intersection en Y,Normale,Deux véhicules - côté,,,,,,,,,,,1,2,4,1.0,3.0
201800036869,0018-10-05 13:00:00,18,10,5,13,0,910,434,FORET (AVENUE DE LA),48.65178,2.36084,Plein jour,En agglomération,Intersection en X,Normale,Deux véhicules - côté,,,,,,,,,,,1,2,2,1.0,3.0
201800036870,0018-10-06 19:00:00,18,10,6,19,0,910,286,PIERRE BROSSOLETTE (RUE),48.65617,2.3872,Plein jour,En agglomération,Hors intersection,Normale,Autre collision,,,,,,,,,,,1,2,1,1.0,6.0
201800036871,0018-10-09 07:10:00,18,10,9,7,10,910,687,GABRIEL PERI (Bld),48.68108,2.3786,Crépuscule ou aube,En agglomération,Hors intersection,Normale,Autre collision,,,,,,,,,,,2,2,1,1.0,6.0
201800036872,0018-10-09 16:50:00,18,10,9,16,50,910,286,PASTEUR (RUE),48.65424,2.39558,Plein jour,En agglomération,Hors intersection,Normale,Deux véhicules - côté,,,,,,,,,,,1,2,1,1.0,3.0
201800036873,0018-10-13 21:45:00,18,10,13,21,45,910,687,MARTYRS DE CHATEAUBRIANT,48.673,2.375,Nuit avec éclairage allumé,En agglomération,Hors intersection,Normale,Autre collision,,,,,,,,,,,5,2,1,1.0,6.0
201800036874,0018-10-17 08:10:00,18,10,17,8,10,910,326,MONTTESSUY (RUE DE),48.68531,2.38329,Crépuscule ou aube,En agglomération,Hors intersection,Normale,Deux véhicules - côté,,,,,,,,,,,2,2,1,1.0,3.0
201800036875,0018-07-26 17:00:00,18,7,26,17,0,910,687,DE FLEURY (ROUTE ),48.65669,2.37134,Plein jour,En agglomération,Hors intersection,Normale,Autre collision,,,,,,,,,,,1,2,1,1.0,6.0
201800036876,0018-10-20 18:20:00,18,10,20,18,20,910,286,RD445,48.65601,2.37182,Plein jour,En agglomération,Giratoire,Normale,Autre collision,,,,,,,,,,,1,2,6,1.0,6.0
201800036877,0018-10-29 20:00:00,18,10,29,20,0,910,687,ALEXANDRE BOUTON (BOULEV,48.6,2.37,Nuit avec éclairage allumé,En agglomération,Hors intersection,Normale,Deux véhicules - frontale,,,,,,,,,,,5,2,1,1.0,1.0
201800036878,0018-11-01 15:37:00,18,11,1,15,37,910,286,EMILE ALLIAUD (AVENUE),48.64964,2.3837,Plein jour,En agglomération,Giratoire,Pluie légère,Deux véhicules - côté,,,,,,,,,,,1,2,6,2.0,3.0
201800036879,0018-11-09 16:30:00,18,11,9,16,30,910,286,PLESSIS (CHEMIN DU),48.653,2.38477,Plein jour,En agglomération,Hors intersection,Normale,Autre collision,,,,,,,,,,,1,2,1,1.0,6.0
201800036880,0018-11-10 19:10:00,18,11,10,19,10,910,286,PREMIERE ARMEE (AVENUE),48.65945,2.40007,Nuit sans éclairage public,En agglomération,Hors intersection,Normale,Deux véhicules - arrière,,,,,,,,,,,3,2,1,1.0,2.0
201800036881,0018-11-13 16:30:00,18,11,13,16,30,910,687,SAVIGNY (RUE DE),48.68364,2.37281,Plein jour,En agglomération,Hors intersection,Normale,Autre collision,,,,,,,,,,,1,2,1,1.0,6.0
201800036882,0018-11-13 10:00:00,18,11,13,10,0,910,326,COUR DE FRANCE (AVENUE D,48.69662,2.37187,Plein jour,En agglomération,Hors intersection,Pluie légère,Deux véhicules - côté,,,,,,,,,,,1,2,1,2.0,3.0
201800036883,0018-11-19 18:25:00,18,11,19,18,25,910,326,COUR DE FRANCE (AVENUE D,48.69503,2.3714,Nuit avec éclairage allumé,En agglomération,Hors intersection,Normale,Deux véhicules - arrière,,,,,,,,,,,5,2,1,1.0,2.0
201800036884,0018-11-29 23:50:00,18,11,29,23,50,910,687,MARMONT (AVENUE),48.66629,2.3766,Nuit avec éclairage allumé,En agglomération,Hors intersection,Normale,Deux véhicules - côté,,,,,,,,,,,5,2,1,1.0,3.0
201800036885,0018-11-30 20:50:00,18,11,30,20,50,910,326,COUR DE FRANCE (AVENUE D,48.68,2.37,Nuit avec éclairage allumé,Hors agglomération,Hors intersection,Normale,Trois véhicules et plus - en chaîne,,,,,,,,,,,5,1,1,1.0,4.0
201800036886,0018-12-01 12:55:00,18,12,1,12,55,910,687,VICTOR BASCH (RUE),48.68281,2.3894,Plein jour,En agglomération,Hors intersection,Pluie légère,Deux véhicules - frontale,,,,,,,,,,,1,2,1,2.0,1.0
201800036887,0018-12-02 21:50:00,18,12,2,21,50,910,687,VICTOR BASCH (RUE),48.6829,2.3811,Nuit avec éclairage allumé,En agglomération,Hors intersection,Pluie légère,Deux véhicules - frontale,,,,,,,,,,,5,2,1,2.0,1.0
201800036888,0018-12-14 09:20:00,18,12,14,9,20,910,687,CARNOT (RUE),48.67883,2.38276,Plein jour,En agglomération,Hors intersection,Normale,Autre collision,,,,,,,,,,,1,2,1,1.0,6.0
201800036889,0018-12-14 18:50:00,18,12,14,18,50,910,687,GENERAL DE GAULLE (AVENU,48.6782,2.3828,Nuit avec éclairage allumé,En agglomération,Hors intersection,Normale,Trois véhicules et plus - collisions multiples,,,,,,,,,,,5,2,1,1.0,5.0
201800036890,0018-12-19 09:00:00,18,12,19,9,0,910,687,PASSERELLE (AVENUE DE LA,48.6826,2.3733,Plein jour,En agglomération,Intersection en X,Temps couvert,Deux véhicules - côté,,,,,,,,,,,1,2,2,8.0,3.0
201800036891,0018-12-25 17:30:00,18,12,25,17,30,910,687,SAVIGNY (RUE DE),48.66695,2.35395,Crépuscule ou aube,En agglomération,Hors intersection,Normale,Trois véhicules et plus - collisions multiples,,,,,,,,,,,2,2,1,1.0,5.0
201800036892,0018-12-26 15:00:00,18,12,26,15,0,910,687,PRESIDENT KENNEDY (AVENU,48.66334,2.36868,Plein jour,En agglomération,Hors intersection,Normale,Autre collision,,,,,,,,,,,1,2,1,1.0,6.0
201800036893,0018-01-13 18:30:00,18,1,13,18,30,910,161,"43, OLLIVIER BEAUREGARD",48.70455,2.31623,Nuit avec éclairage allumé,En agglomération,Intersection en X,Normale,Deux véhicules - arrière,,,,,,,,,,,5,2,2,1.0,2.0
201800036894,0018-02-16 19:05:00,18,2,16,19,5,910,345,CATHELIN DR (BOULEVARD D,48.68684,2.29101,Nuit sans éclairage public,En agglomération,Hors intersection,Normale,Autre collision,,,,,,,,,,,3,2,1,1.0,6.0
201800036895,0018-02-27 15:55:00,18,2,27,15,55,910,161,RD 118,48.71417,2.31961,Plein jour,Hors agglomération,Hors intersection,Normale,Trois véhicules et plus - collisions multiples,,,,,,,,,,,1,1,1,1.0,5.0
201800036896,0018-02-28 07:05:00,18,2,28,7,5,910,161,MAZARIN (AVENUE),48.70599,2.31352,Crépuscule ou aube,En agglomération,Hors intersection,Normale,Autre collision,,,,,,,,,,,2,2,1,1.0,6.0
201800036897,0018-03-05 14:00:00,18,3,5,14,0,910,161,"1, LONGJUMEAU (route de)",48.71509,2.29812,Plein jour,Hors agglomération,Hors intersection,Normale,Deux véhicules - côté,,,,,,,,,,,1,1,1,1.0,3.0
201800036898,0018-03-20 11:30:00,18,3,20,11,30,910,161,"1, MASSY (ROUTE DE)",48.71377,2.30124,Plein jour,En agglomération,Hors intersection,Normale,Autre collision,,,,,,,,,,,1,2,1,1.0,6.0
201800036899,0018-03-22 18:00:00,18,3,22,18,0,910,161,RP D167 / D120,48.7113,2.31037,Plein jour,En agglomération,Hors intersection,Normale,Autre collision,,,,,,,,,,,1,2,1,1.0,6.0
201800036900,0018-03-25 16:35:00,18,3,25,16,35,910,161,"1, LONGJUMEAU (route de)",48.7105,2.29762,Plein jour,Hors agglomération,Hors intersection,Normale,Autre collision,,,,,,,,,,,1,1,1,1.0,6.0
201800036901,0018-03-31 13:42:00,18,3,31,13,42,910,161,RD 118,48.7135,2.31774,Plein jour,Hors agglomération,Hors intersection,Normale,Deux véhicules - frontale,,,,,,,,,,,1,1,1,1.0,1.0
201800036902,0018-04-20 15:10:00,18,4,20,15,10,910,345,CORBEIL (ROUTE DE),48.69242,2.29685,Plein jour,En agglomération,Hors intersection,Normale,Deux véhicules - frontale,,,,,,,,,,,1,2,1,1.0,1.0
201800036903,0018-05-03 11:50:00,18,5,3,11,50,910,161,HELENE BOUCHER (RUE),48.71749,2.30442,Plein jour,En agglomération,Hors intersection,Normale,Deux véhicules - côté,,,,,,,,,,,1,2,1,1.0,3.0
201800036904,0018-05-20 13:55:00,18,5,20,13,55,910,161,GRAVIGNY (RUE DE),48.69593,2.30676,Plein jour,En agglomération,Hors intersection,Normale,Autre collision,,,,,,,,,,,1,2,1,1.0,6.0
201800036905,0018-05-20 21:05:00,18,5,20,21,5,910,161,"LIBERATION (PLACE, AVENU",48.70252,2.32075,Crépuscule ou aube,En agglomération,Place,Normale,Deux véhicules - arrière,,,,,,,,,,,2,2,7,1.0,2.0
201800036906,0018-06-07 07:00:00,18,6,7,7,0,910,161,MAZARIN (AVENUE),48.70367,2.3181,Plein jour,En agglomération,Hors intersection,Normale,Trois véhicules et plus - collisions multiples,,,,,,,,,,,1,2,1,1.0,5.0
201800036907,0018-06-14 16:40:00,18,6,14,16,40,910,161,PIERRE BROSSOLETTE (AVEN,48.70007,2.30669,Plein jour,En agglomération,Intersection en T,Temps couvert,Deux véhicules - arrière,,,,,,,,,,,1,2,3,8.0,2.0
201800036908,0018-06-18 12:30:00,18,6,18,12,30,910,345,CORBEIL (ROUTE DE),48.68091,2.31407,Plein jour,En agglomération,Hors intersection,Normale,Deux véhicules - côté,,,,,,,,,,,1,2,1,1.0,3.0
201800036909,0018-06-19 15:20:00,18,6,19,15,20,910,345,PRESIDENT FRANCOIS MITTE,48.69257,2.29117,Plein jour,En agglomération,Hors intersection,Normale,Trois véhicules et plus - en chaîne,,,,,,,,,,,1,2,1,1.0,4.0
201800036910,0018-07-15 19:40:00,18,7,15,19,40,910,161,PIERRE BROSSOLETTE (AVEN,48.69958,2.31179,Plein jour,En agglomération,Intersection à plus de 4 branches,Normale,Deux véhicules - arrière,,,,,,,,,,,1,2,5,1.0,2.0
201800036911,0018-07-19 16:00:00,18,7,19,16,0,910,161,PIERRE BROSSOLETTE (AVEN,48.69961,2.31114,Plein jour,En agglomération,Hors intersection,Normale,Deux véhicules - côté,,,,,,,,,,,1,2,1,1.0,3.0
201800036912,0018-07-22 19:10:00,18,7,22,19,10,910,161,EDOUETS (RUE DES),48.71459,2.32394,Plein jour,En agglomération,Hors intersection,Normale,Deux véhicules - côté,,,,,,,,,,,1,2,1,1.0,3.0
201800036913,0018-08-01 21:00:00,18,8,1,21,0,910,345,GENERAL DE GAULLE (AVENU,48.69636,2.29893,Plein jour,En agglomération,Hors intersection,Normale,Deux véhicules - arrière,,,,,,,,,,,1,2,1,1.0,2.0
201800036914,0018-08-07 17:30:00,18,8,7,17,30,910,345,PRESIDENT FRANCOIS MITTE,48.70015,2.29633,Plein jour,En agglomération,Hors intersection,Normale,Deux véhicules - côté,,,,,,,,,,,1,2,1,1.0,3.0
201800036915,0018-08-18 13:52:00,18,8,18,13,52,910,161,MAZARIN (AVENUE),48.70743,2.31143,Plein jour,En agglomération,Hors intersection,Normale,Autre collision,,,,,,,,,,,1,2,1,1.0,6.0
201800036916,0018-09-01 15:45:00,18,9,1,15,45,910,345,COPERNIC (RUE),48.6869,2.31918,Plein jour,En agglomération,Hors intersection,Normale,Deux véhicules - arrière,,,,,,,,,,,1,2,1,1.0,2.0
201800036917,0018-09-01 20:30:00,18,9,1,20,30,910,345,LIERON (RUE),48.69341,2.29113,Nuit sans éclairage public,En agglomération,Intersection en X,Normale,Deux véhicules - côté,,,,,,,,,,,3,2,2,1.0,3.0
201800036918,0018-09-06 19:00:00,18,9,6,19,0,910,161,DIVISION LECLERC (RUE DE,48.69967,2.31612,Plein jour,En agglomération,Intersection en Y,Normale,Deux véhicules - arrière,,,,,,,,,,,1,2,4,1.0,2.0
201800036919,0018-09-28 16:15:00,18,9,28,16,15,910,161,RD 118,48.71461,2.3238,Plein jour,Hors agglomération,Hors intersection,Normale,Deux véhicules - côté,,,,,,,,,,,1,1,1,1.0,3.0
201800036920,0018-10-02 17:30:00,18,10,2,17,30,910,161,EUROPE (RUE DE L'),48.70688,2.32311,Plein jour,En agglomération,Hors intersection,Normale,Autre collision,,,,,,,,,,,1,2,1,1.0,6.0
201800036921,0018-10-03 13:20:00,18,10,3,13,20,910,345,CHARLES STEBER (PLACE),48.69784,2.29415,Plein jour,En agglomération,Hors intersection,Temps couvert,Autre collision,,,,,,,,,,,1,2,1,8.0,6.0
201800036922,0018-10-10 13:15:00,18,10,10,13,15,910,161,LONGJUMEAU (route de),48.71316,2.29806,Plein jour,En agglomération,Hors intersection,Normale,Deux véhicules - côté,,,,,,,,,,,1,2,1,1.0,3.0
201800036923,0018-10-27 19:20:00,18,10,27,19,20,910,161,MASSY (ROUTE DE),48.71223,2.30814,Nuit sans éclairage public,Hors agglomération,Hors intersection,Normale,Trois véhicules et plus - collisions multiples,,,,,,,,,,,3,1,1,1.0,5.0
201800036924,0018-11-20 07:45:00,18,11,20,7,45,910,345,PRESIDENT FRANCOIS MITTE,48.69975,2.29617,Nuit avec éclairage allumé,En agglomération,Intersection en X,Pluie légère,Autre collision,,,,,,,,,,,5,2,2,2.0,6.0
201800036925,0018-11-20 10:35:00,18,11,20,10,35,910,161,MAZARIN (AVENUE),48.70296,2.31971,Plein jour,En agglomération,Hors intersection,Pluie légère,Deux véhicules - côté,,,,,,,,,,,1,2,1,2.0,3.0
201800036926,0018-11-22 09:30:00,18,11,22,9,30,910,161,PIERRE BROSSOLETTE (AVEN,48.69974,2.31221,Plein jour,En agglomération,Hors intersection,Temps couvert,Deux véhicules - arrière,,,,,,,,,,,1,2,1,8.0,2.0
201800036927,0018-11-21 17:44:00,18,11,21,17,44,910,161,MAZARIN (AVENUE),48.70337,2.31908,Nuit avec éclairage allumé,En agglomération,Hors intersection,Normale,Autre collision,,,,,,,,,,,5,2,1,1.0,6.0
201800036928,0018-12-05 23:30:00,18,12,5,23,30,910,161,GUYNEMER (RUE),48.71504,2.30033,Nuit avec éclairage allumé,En agglomération,Giratoire,Pluie légère,Autre collision,,,,,,,,,,,5,2,6,2.0,6.0
201800036929,0018-12-21 12:20:00,18,12,21,12,20,910,161,MARAIS (RUE DES),48.6913,2.31302,Plein jour,Hors agglomération,Hors intersection,Pluie légère,Autre collision,,,,,,,,,,,1,1,1,2.0,6.0
201800036930,0018-01-10 16:45:00,18,1,10,16,45,910,377,VALLEE DE LA BIEVRE (VOI,48.73686,2.24597,Plein jour,Hors agglomération,Hors intersection,Normale,Deux véhicules - arrière,,,,,,,,,,,1,1,1,1.0,2.0
201800036931,0018-01-09 17:15:00,18,1,9,17,15,910,377,MARTYRS DE SOWETO (AVENU,48.7326,2.26622,Crépuscule ou aube,En agglomération,Giratoire,Pluie légère,Trois véhicules et plus - collisions multiples,,,,,,,,,,,2,2,6,2.0,5.0
201800036932,0018-02-23 10:10:00,18,2,23,10,10,910,689,LAVOISIER (AVENUE),48.72875,2.3193,Plein jour,En agglomération,Hors intersection,Normale,Autre collision,,,,,,,,,,,1,2,1,1.0,6.0
201800036933,0018-03-06 13:35:00,18,3,6,13,35,910,377,"27, CARNOT (AVENUE)",48.72626,2.26279,Plein jour,En agglomération,Hors intersection,Normale,Deux véhicules - côté,,,,,,,,,,,1,2,1,1.0,3.0
201800036934,0018-03-07 09:00:00,18,3,7,9,0,910,377,LECLERC (AVENUE DU MAREC,48.73006,2.30059,Plein jour,Hors agglomération,Hors intersection,Pluie légère,Deux véhicules - côté,,,,,,,,,,,1,1,1,2.0,3.0
201800036935,0018-03-19 18:05:00,18,3,19,18,5,910,377,HUIT MAI 1945 (RUE DU),48.7284,2.27435,Plein jour,En agglomération,Hors intersection,Normale,Autre collision,,,,,,,,,,,1,2,1,1.0,6.0
201800036936,0018-03-17 18:40:00,18,3,17,18,40,910,345,PASTEUR (RUE),48.69178,2.29538,Nuit avec éclairage allumé,En agglomération,Intersection en X,Pluie forte,Deux véhicules - côté,,,,,,,,,,,5,2,2,3.0,3.0
201800036937,0018-04-18 15:00:00,18,4,18,15,0,910,377,FRANCE (AVENUE DE),48.7337,2.29033,Plein jour,En agglomération,Place,Normale,Autre collision,,,,,,,,,,,1,2,7,1.0,6.0
201800036938,0018-04-20 16:30:00,18,4,20,16,30,910,377,CARNOT (AVENUE),48.72917,2.26698,Plein jour,En agglomération,Hors intersection,Normale,Deux véhicules - côté,,,,,,,,,,,1,2,1,1.0,3.0
201800036939,0018-04-30 16:00:00,18,4,30,16,0,910,377,BRIIS (VOIE DE),,,Plein jour,Hors agglomération,Hors intersection,Pluie légère,Deux véhicules - côté,,,,,,,,,,,1,1,1,2.0,3.0
201800036940,0018-05-05 19:35:00,18,5,5,19,35,910,377,SAINT-MARC (AVENUE),48.7286,2.2889,Plein jour,En agglomération,Hors intersection,Normale,Trois véhicules et plus - en chaîne,,,,,,,,,,,1,2,1,1.0,4.0
201800036941,0018-06-04 16:45:00,18,6,4,16,45,910,377,CARNOT (AVENUE),48.72627,2.26297,Plein jour,En agglomération,Hors intersection,Normale,Autre collision,,,,,,,,,,,1,2,1,1.0,6.0
201800036942,0018-06-13 17:50:00,18,6,13,17,50,910,377,LECLERC (AVENUE DU MAREC,48.72593,2.29979,Plein jour,Hors agglomération,Hors intersection,Temps couvert,Autre collision,,,,,,,,,,,1,1,1,8.0,6.0
201800036943,0018-06-27 07:10:00,18,6,27,7,10,910,377,ALLENDE (AVENUE DU PRESI,48.73,2.2613,Plein jour,En agglomération,Giratoire,Normale,Deux véhicules - côté,,,,,,,,,,,1,2,6,1.0,3.0
201800036944,0018-07-12 13:50:00,18,7,12,13,50,910,377,DE LATTRE DE TASSIGNY (A,48.7253,2.28341,Plein jour,En agglomération,Intersection en T,Normale,Deux véhicules - côté,,,,,,,,,,,1,2,3,1.0,3.0
201800036945,0018-07-18 17:29:00,18,7,18,17,29,910,689,ARAGO (BOULEVARD),48.7295,2.31769,Plein jour,Hors agglomération,Hors intersection,Normale,Deux véhicules - frontale,,,,,,,,,,,1,1,1,1.0,1.0