accident_id,datetime,annee,mois,jour,heure,minute,departement,commune_insee,adresse,latitude,longitude,luminosite,agglomeration,intersection,meteo,collision,nb_vehicules,nb_usagers,nb_indemnes,nb_tues,nb_blesses_hosp,nb_blesses_legers,age_cond_1,age_cond_2,veh_type_cond_1,veh_type_cond_2,lum_code,agg_code,int_code,atm_code,col_code
201800037305,0018-09-25 17:30:00,18,9,25,17,30,920,9,CHARLES CHEFSON ( RUE ),48.91831,2.27504,Plein jour,En agglomération,Intersection en X,Normale,Deux véhicules - côté,,,,,,,,,,,1,2,2,1.0,3.0
201800037306,0018-09-26 22:30:00,18,9,26,22,30,920,4,GRESILLONS ( AVENUE DES,48.91311,2.31096,Nuit avec éclairage allumé,En agglomération,Hors intersection,Normale,Deux véhicules - arrière,,,,,,,,,,,5,2,1,1.0,2.0
201800037307,0018-09-28 15:00:00,18,9,28,15,0,920,4,LAURENT-CELY  ( AVENUE ),48.91304,2.29753,Plein jour,En agglomération,Autre intersection,Normale,Deux véhicules - côté,,,,,,,,,,,1,2,9,1.0,3.0
201800037308,0018-09-29 14:15:00,18,9,29,14,15,920,4,LAURENT-CELY  ( AVENUE ),48.91334,2.31079,Plein jour,En agglomération,Hors intersection,Normale,Deux véhicules - côté,,,,,,,,,,,1,2,1,1.0,3.0
201800037309,0018-09-29 20:45:00,18,9,29,20,45,920,4,GAMBETTA (RUE),48.90974,2.89225,Nuit avec éclairage allumé,En agglomération,Intersection en X,Normale,Deux véhicules - côté,,,,,,,,,,,5,2,2,1.0,3.0
201800037310,0018-10-01 12:40:00,18,10,1,12,40,920,4,DOCTEUR DERVAUX  ( QUAI,48.90511,2.2874,Plein jour,En agglomération,Autre intersection,Normale,Deux véhicules - côté,,,,,,,,,,,1,2,9,1.0,3.0
201800037311,0018-09-28 14:45:00,18,9,28,14,45,920,4,DOCTEUR DERVAUX  ( QUAI,48.9118,2.29988,Plein jour,En agglomération,Intersection en X,Normale,Deux véhicules - côté,,,,,,,,,,,1,2,2,1.0,3.0
201800037312,0018-10-08 14:45:00,18,10,8,14,45,920,4,PIERRE BOUDOU,48.9151,2.3058,Plein jour,En agglomération,Hors intersection,Normale,Autre collision,,,,,,,,,,,1,2,1,1.0,6.0
201800037313,0018-10-08 17:35:00,18,10,8,17,35,920,4,PIERRE DE COUBERTIN  ( B,48.926,2.284,Plein jour,En agglomération,Hors intersection,Normale,Deux véhicules - côté,,,,,,,,,,,1,2,1,1.0,3.0
201800037314,0018-10-01 16:30:00,18,10,1,16,30,920,4,PONT D'ASNIERES,48.90514,2.28774,Plein jour,En agglomération,Intersection en X,Normale,Trois véhicules et plus - collisions multiples,,,,,,,,,,,1,2,2,1.0,5.0
201800037315,0018-10-04 20:15:00,18,10,4,20,15,920,4,DOCTEUR DERVAUX  ( QUAI,48.90382,2.28536,Nuit avec éclairage allumé,En agglomération,Hors intersection,Pluie légère,Trois véhicules et plus - collisions multiples,,,,,,,,,,,5,2,1,2.0,5.0
201800037316,0018-10-03 18:00:00,18,10,3,18,0,920,4,GRESILLONS ( AVENUE DES,48.91379,2.29225,Plein jour,En agglomération,Hors intersection,Normale,Autre collision,,,,,,,,,,,1,2,1,1.0,6.0
201800037317,0018-10-13 10:25:00,18,10,13,10,25,920,4,ARGENTEUIL AV D',48.91235,2.28444,Plein jour,En agglomération,Hors intersection,Normale,Deux véhicules - arrière,,,,,,,,,,,1,2,1,1.0,2.0
201800037318,0018-10-16 11:40:00,18,10,16,11,40,920,9,GRAMME ( RUE ),48.92296,2.27602,Plein jour,Hors agglomération,Hors intersection,Normale,Autre collision,,,,,,,,,,,1,1,1,1.0,6.0
201800037319,0018-10-16 18:40:00,18,10,16,18,40,920,4,MARNE   ( AVENUE DE LA ),48.91003,2.28743,Plein jour,En agglomération,Hors intersection,Normale,Deux véhicules - côté,,,,,,,,,,,1,2,1,1.0,3.0
201800037320,0018-10-16 22:10:00,18,10,16,22,10,920,4,MARNE   ( AVENUE DE LA ),48.90687,2.28238,Nuit avec éclairage allumé,En agglomération,Hors intersection,Normale,Deux véhicules - frontale,,,,,,,,,,,5,2,1,1.0,1.0
201800037321,0018-10-17 16:30:00,18,10,17,16,30,920,4,ARGENTEUIL AV D',48.91443,2.28317,Plein jour,En agglomération,Intersection en T,Normale,Deux véhicules - frontale,,,,,,,,,,,1,2,3,1.0,1.0
201800037322,0018-10-19 20:20:00,18,10,19,20,20,920,4,LORRAINE   ( RUE DE ),48.90738,2.2699,Nuit avec éclairage allumé,En agglomération,Intersection en X,Normale,Deux véhicules - côté,,,,,,,,,,,5,2,2,1.0,3.0
201800037323,0018-10-20 11:05:00,18,10,20,11,5,920,4,GILBERT ROUSSET ( RUE ),48.92132,2.27844,Plein jour,En agglomération,Hors intersection,Normale,Deux véhicules - côté,,,,,,,,,,,1,2,1,1.0,3.0
201800037324,0018-10-23 09:05:00,18,10,23,9,5,920,4,DOCTEUR DERVAUX  ( QUAI,48.91876,2.29717,Plein jour,En agglomération,Hors intersection,Normale,Deux véhicules - arrière,,,,,,,,,,,1,2,1,1.0,2.0
201800037325,0018-10-25 16:00:00,18,10,25,16,0,920,9,CHEVREUL ( AVENUE ),48.90461,2.26691,Plein jour,En agglomération,Autre intersection,Normale,Sans collision,,,,,,,,,,,1,2,9,1.0,7.0
201800037326,0018-10-28 05:50:00,18,10,28,5,50,920,4,BAS ( RUE DES ),48.9201,2.28863,Nuit avec éclairage allumé,En agglomération,Hors intersection,Normale,Autre collision,,,,,,,,,,,5,2,1,1.0,6.0
201800037327,0018-10-28 10:45:00,18,10,28,10,45,920,4,CHANZY ( RUE DE ),48.907,2.275,Plein jour,En agglomération,Intersection en T,Normale,Deux véhicules - côté,,,,,,,,,,,1,2,3,1.0,3.0
201800037328,0018-10-28 15:45:00,18,10,28,15,45,920,4,AULAGNIER ( QUAI ),,,Plein jour,En agglomération,Hors intersection,Normale,Deux véhicules - arrière,,,,,,,,,,,1,2,1,1.0,2.0
201800037329,0018-09-07 18:15:00,18,9,7,18,15,920,4,MAURICE BOKANOWSKI,48.90744,2.28622,Plein jour,En agglomération,Hors intersection,Normale,Autre collision,,,,,,,,,,,1,2,1,1.0,6.0
201800037330,0018-10-30 17:50:00,18,10,30,17,50,920,4,LAURENT-CELY  ( AVENUE ),48.91542,2.30973,Crépuscule ou aube,En agglomération,Hors intersection,Normale,Deux véhicules - arrière,,,,,,,,,,,2,2,1,1.0,2.0
201800037331,0018-11-06 19:30:00,18,11,6,19,30,920,4,DOCTEUR DERVAUX  ( QUAI,48.9094,2.29438,Nuit avec éclairage allumé,En agglomération,Hors intersection,Normale,Deux véhicules - côté,,,,,,,,,,,5,2,1,1.0,3.0
201800037332,0018-11-12 08:15:00,18,11,12,8,15,920,9,GENERAL LECLERC ( RUE DU,48.91516,2.26982,Nuit avec éclairage allumé,En agglomération,Hors intersection,Pluie légère,Autre collision,,,,,,,,,,,5,2,1,2.0,6.0
201800037333,0018-11-14 03:00:00,18,11,14,3,0,920,4,LA LAUZIERE  ( AVENUE ),,,Nuit avec éclairage allumé,En agglomération,Hors intersection,Normale,Autre collision,,,,,,,,,,,5,2,1,1.0,6.0
201800037334,0018-09-21 16:10:00,18,9,21,16,10,920,4,LOUIS ARMAND,48.91618,2.31015,Plein jour,En agglomération,Hors intersection,Normale,Deux véhicules - arrière,,,,,,,,,,,1,2,1,1.0,2.0
201800037335,0018-09-11 16:00:00,18,9,11,16,0,920,4,INTERCOMMUNAL (B),,,Plein jour,En agglomération,Autre intersection,Normale,Deux véhicules - côté,,,,,,,,,,,1,2,9,1.0,3.0
201800037336,0018-11-23 14:25:00,18,11,23,14,25,920,9,ADOLPHE GUYOT ( RUE ),48.92013,2.2743,Plein jour,En agglomération,Intersection en T,Normale,Deux véhicules - côté,,,,,,,,,,,1,2,3,1.0,3.0
201800037337,0018-12-07 12:35:00,18,12,7,12,35,920,4,VOLTAIRE ( BD ),48.91211,2.29638,Plein jour,En agglomération,Hors intersection,Normale,Deux véhicules - arrière,,,,,,,,,,,1,2,1,1.0,2.0
201800037338,0018-12-11 08:15:00,18,12,11,8,15,920,4,ARGENTEUIL AV D',48.91427,2.28331,Plein jour,En agglomération,Hors intersection,Normale,Deux véhicules - côté,,,,,,,,,,,1,2,1,1.0,3.0
201800037339,0018-10-31 19:10:00,18,10,31,19,10,920,4,ARGENTEUIL AV D',,,Crépuscule ou aube,En agglomération,Hors intersection,Pluie légère,Autre collision,,,,,,,,,,,2,2,1,2.0,6.0
201800037340,0018-12-13 09:10:00,18,12,13,9,10,920,4,PONT D'ASNIERES,48.9044,2.2883,Plein jour,En agglomération,Hors intersection,Normale,Sans collision,,,,,,,,,,,1,2,1,1.0,7.0
201800037341,0018-10-19 14:35:00,18,10,19,14,35,920,4,VOLTAIRE ( BD 16 A FIN ),48.91375,2.29546,Plein jour,En agglomération,Intersection en T,Normale,Deux véhicules - côté,,,,,,,,,,,1,2,3,1.0,3.0
201800037342,0018-12-14 08:50:00,18,12,14,8,50,920,4,MARNE   ( AVENUE DE LA ),48.9,2.28,Crépuscule ou aube,En agglomération,Hors intersection,Normale,Autre collision,,,,,,,,,,,2,2,1,1.0,6.0
201800037343,0018-12-22 17:37:00,18,12,22,17,37,920,4,VOLTAIRE  ( PLACE ),,,Nuit avec éclairage allumé,En agglomération,Place,Pluie légère,Autre collision,,,,,,,,,,,5,2,7,2.0,6.0
201800037344,0018-01-13 20:50:00,18,1,13,20,50,920,7,"121, RAVERA (AVENUE HENR",48.80069,2.30908,Crépuscule ou aube,En agglomération,Hors intersection,Normale,Autre collision,,,,,,,,,,,2,2,1,1.0,6.0
201800037345,0018-01-07 10:10:00,18,1,7,10,10,920,7,"34, PASTEUR (AVENUE LOUI",48.80162,2.31906,Plein jour,En agglomération,Hors intersection,Normale,Autre collision,,,,,,,,,,,1,2,1,1.0,6.0
201800037346,0018-01-07 03:40:00,18,1,7,3,40,920,7,"21, PETIT (AVENUE ALBERT",48.80162,0.8849,Nuit avec éclairage allumé,En agglomération,Hors intersection,Normale,Autre collision,,,,,,,,,,,5,2,1,1.0,6.0
201800037347,0018-01-16 12:20:00,18,1,16,12,20,920,7,"3, BREL (ALLEE JACQUES)",48.0,1.042,Plein jour,En agglomération,Hors intersection,Normale,Autre collision,,,,,,,,,,,1,2,1,1.0,6.0
201800037348,0018-01-21 04:10:00,18,1,21,4,10,920,7,"300, BRIAND (AVENUE ARIS",48.78802,2.31861,Nuit avec éclairage allumé,En agglomération,Intersection en X,Pluie légère,Deux véhicules - côté,,,,,,,,,,,5,2,2,2.0,3.0
201800037349,0018-02-04 14:05:00,18,2,4,14,5,920,7,"85, DORMOY (AVENUE MARX)",48.81001,1.5371,Plein jour,En agglomération,Hors intersection,Normale,Autre collision,,,,,,,,,,,1,2,1,1.0,6.0
201800037350,0018-03-09 16:50:00,18,3,9,16,50,920,7,MEUNIERS (RUE DES),48.79764,2.30956,Plein jour,En agglomération,Hors intersection,Normale,Autre collision,,,,,,,,,,,1,2,1,1.0,6.0
201800037351,0018-01-24 12:00:00,18,1,24,12,0,920,7,"2, DE GAULLE (AVENUE CHA",48.80634,2.30856,Plein jour,En agglomération,Hors intersection,Normale,Autre collision,,,,,,,,,,,1,2,1,1.0,6.0
201800037352,0018-02-27 19:35:00,18,2,27,19,35,920,7,"44, BRIAND (AVENUE ARIST",48.80407,2.3247,Nuit avec éclairage allumé,En agglomération,Hors intersection,Normale,Autre collision,,,,,,,,,,,5,2,1,1.0,6.0
201800037353,0018-03-17 16:20:00,18,3,17,16,20,920,7,SCHWEITZER (ROND POINT D,48.78937,2.31397,Plein jour,En agglomération,Hors intersection,Neige / grêle,Deux véhicules - arrière,,,,,,,,,,,1,2,1,4.0,2.0
201800037354,0018-04-05 19:50:00,18,4,5,19,50,920,7,"1-23, VAILLANT-COUTURIER",,,Plein jour,En agglomération,Hors intersection,Normale,Autre collision,,,,,,,,,,,1,2,1,1.0,6.0
201800037355,0018-04-13 10:00:00,18,4,13,10,0,920,7,"162, BRIAND (AVENUE ARIS",48.79599,2.3216,Plein jour,En agglomération,Giratoire,Normale,Autre collision,,,,,,,,,,,1,2,6,1.0,6.0
201800037356,0018-04-13 15:35:00,18,4,13,15,35,920,7,"28, LISETTE (RUE DE LA)",,,Plein jour,En agglomération,Hors intersection,Normale,Autre collision,,,,,,,,,,,1,2,1,1.0,6.0
201800037357,0018-04-19 02:00:00,18,4,19,2,0,920,7,"248, BRIAND (AVENUE ARIS",48.79135,2.31979,Nuit avec éclairage allumé,En agglomération,Hors intersection,Normale,Deux véhicules - arrière,,,,,,,,,,,5,2,1,1.0,2.0
201800037358,0018-05-19 12:30:00,18,5,19,12,30,920,7,"12, PASTEUR (AVENUE LOUI",48.79827,2.38386,Plein jour,Hors agglomération,Hors intersection,Normale,Autre collision,,,,,,,,,,,1,1,1,1.0,6.0
201800037359,0018-05-04 09:55:00,18,5,4,9,55,920,7,"13, MEUNIERS (RUE DES)",48.79756,2.30898,Plein jour,Hors agglomération,Hors intersection,Normale,Autre collision,,,,,,,,,,,1,1,1,1.0,6.0
201800037360,0018-05-22 22:30:00,18,5,22,22,30,920,7,"22, BRIAND (AVENUE ARIST",48.80523,2.32516,Nuit sans éclairage public,En agglomération,Hors intersection,Normale,Sans collision,,,,,,,,,,,3,2,1,1.0,7.0
201800037361,0018-06-05 20:12:00,18,6,5,20,12,920,7,FONTAINE GUEFFIER PLACE,48.78799,2.30422,Plein jour,En agglomération,Autre intersection,Normale,Autre collision,,,,,,,,,,,1,2,9,1.0,6.0
201800037362,0018-06-06 11:25:00,18,6,6,11,25,920,7,"1, CUVERONS (RUE DES)",48.79019,2.30289,Plein jour,En agglomération,Hors intersection,Normale,Autre collision,,,,,,,,,,,1,2,1,1.0,6.0
201800037363,0018-06-29 19:20:00,18,6,29,19,20,920,7,DE GAULLE AVENUE CHARLE,48.79747,2.29752,Plein jour,En agglomération,Hors intersection,Normale,Sans collision,,,,,,,,,,,1,2,1,1.0,7.0
201800037364,0018-07-01 00:50:00,18,7,1,0,50,920,7,VERDUN (RUE DE) N° PAIRS,48.80175,2.31422,Nuit avec éclairage allumé,En agglomération,Intersection en T,Normale,Deux véhicules - frontale,,,,,,,,,,,5,2,3,1.0,1.0
201800037365,0018-07-06 20:00:00,18,7,6,20,0,920,7,FORTIN (AVENUE JEAN-BAPT,48.79734,2.30034,Plein jour,En agglomération,Hors intersection,Normale,Trois véhicules et plus - en chaîne,,,,,,,,,,,1,2,1,1.0,4.0
201800037366,0018-07-10 20:30:00,18,7,10,20,30,920,7,BRIAND (AVENUE ARISTIDE),48.79986,2.3232,Plein jour,En agglomération,Intersection en T,Normale,Deux véhicules - côté,,,,,,,,,,,1,2,3,1.0,3.0
201800037367,0018-07-26 08:40:00,18,7,26,8,40,920,7,PETIT (AVENUE ALBERT) N°,48.79586,2.31709,Plein jour,En agglomération,Intersection en X,Normale,Deux véhicules - côté,,,,,,,,,,,1,2,2,1.0,3.0
201800037368,0018-07-28 21:25:00,18,7,28,21,25,920,7,BLAINS (RUE DES) N° AUTR,48.7933,2.316,Nuit avec éclairage allumé,En agglomération,Giratoire,Normale,Deux véhicules - côté,,,,,,,,,,,5,2,6,1.0,3.0
201800037369,0018-08-27 09:00:00,18,8,27,9,0,920,7,JAURES (AVENUE JEAN) N°,48.80002,2.30143,Plein jour,En agglomération,Intersection en T,Pluie légère,Sans collision,,,,,,,,,,,1,2,3,2.0,7.0
201800037370,0018-08-26 17:25:00,18,8,26,17,25,920,7,BRIAND (AVENUE ARISTIDE),48.79662,2.32163,Plein jour,Hors agglomération,Intersection en X,Normale,Sans collision,,,,,,,,,,,1,1,2,1.0,7.0
201800037371,0018-09-18 12:30:00,18,9,18,12,30,920,7,TBIRIAN (RUE HAIG),48.7968,2.3161,Plein jour,En agglomération,Hors intersection,Normale,Autre collision,,,,,,,,,,,1,2,1,1.0,6.0
201800037372,0018-09-21 14:50:00,18,9,21,14,50,920,49,BRIAND (AVENUE ARISTIDE),48.812,2.3261,Plein jour,En agglomération,Hors intersection,Normale,Deux véhicules - arrière,,,,,,,,,,,1,2,1,1.0,2.0
201800037373,0018-09-22 10:45:00,18,9,22,10,45,920,7,FORTIN (AVENUE JEAN-BAPT,48.79744,2.30087,Plein jour,En agglomération,Giratoire,Normale,Autre collision,,,,,,,,,,,1,2,6,1.0,6.0
201800037374,0018-09-27 16:20:00,18,9,27,16,20,920,7,LATERAL (CHEMIN),48.80158,2.30032,Plein jour,En agglomération,Intersection en T,Normale,Deux véhicules - frontale,,,,,,,,,,,1,2,3,1.0,1.0
201800037375,0018-10-04 11:16:00,18,10,4,11,16,920,7,PASTEUR (AVENUE LOUIS) N,,,Plein jour,En agglomération,Intersection en X,Normale,Autre collision,,,,,,,,,,,1,2,2,1.0,6.0
201800037376,0018-10-06 13:10:00,18,10,6,13,10,920,7,BRIAND (AVENUE ARISTIDE),48.4757,2.19213,Plein jour,En agglomération,Hors intersection,Normale,Deux véhicules - côté,,,,,,,,,,,1,2,1,1.0,3.0
201800037377,0018-10-12 10:10:00,18,10,12,10,10,920,7,BARBUSSE (AVENUE HENRI),48.79839,2.30893,Plein jour,En agglomération,Intersection en X,Normale,Deux véhicules - côté,,,,,,,,,,,1,2,2,1.0,3.0
201800037378,0018-10-22 17:55:00,18,10,22,17,55,920,7,BRIAND (AVENUE ARISTIDE),,,Crépuscule ou aube,En agglomération,Hors intersection,Normale,Deux véhicules - arrière,,,,,,,,,,,2,2,1,1.0,2.0
201800037379,0018-11-05 13:50:00,18,11,5,13,50,920,7,RAVERA (AVENUE HENRI) N°,48.80152,2.31024,Plein jour,En agglomération,Hors intersection,Normale,Autre collision,,,,,,,,,,,1,2,1,1.0,6.0
201800037380,0018-11-09 13:20:00,18,11,9,13,20,920,7,PETIT (AVENUE ALBERT) N°,48.79604,2.32038,Plein jour,En agglomération,Hors intersection,Normale,Deux véhicules - côté,,,,,,,,,,,1,2,1,1.0,3.0
201800037381,0018-11-15 14:05:00,18,11,15,14,5,920,7,PASTEUR (AVENUE LOUIS) N,48.79939,2.31826,Plein jour,En agglomération,Hors intersection,Normale,Autre collision,,,,,,,,,,,1,2,1,1.0,6.0
201800037382,0018-11-24 14:25:00,18,11,24,14,25,920,7,FROIDE (RUE),,,Plein jour,En agglomération,Giratoire,Temps couvert,Deux véhicules - côté,,,,,,,,,,,1,2,6,8.0,3.0
201800037383,0018-12-01 19:15:00,18,12,1,19,15,920,7,FOCH (AVENUE DU MARECHAL,48.78641,2.30239,Nuit avec éclairage allumé,En agglomération,Hors intersection,Pluie légère,Deux véhicules - frontale,,,,,,,,,,,5,2,1,2.0,1.0
201800037384,0018-12-07 12:07:00,18,12,7,12,7,920,7,BRIAND (AVENUE ARISTIDE),48.79621,2.32172,Plein jour,En agglomération,Hors intersection,Pluie légère,Autre collision,,,,,,,,,,,1,2,1,2.0,6.0
201800037385,0018-12-14 14:00:00,18,12,14,14,0,920,7,PLUCHET (RUE ALPHONSE),48.79879,2.29982,Plein jour,En agglomération,Hors intersection,Normale,Deux véhicules - côté,,,,,,,,,,,1,2,1,1.0,3.0
201800037386,0018-12-08 22:45:00,18,12,8,22,45,920,7,RAVERA (AVENUE HENRI) N°,48.80968,2.31716,Nuit avec éclairage non allumé,En agglomération,Giratoire,Pluie légère,Autre collision,,,,,,,,,,,4,2,6,2.0,6.0
201800037387,0018-01-03 10:10:00,18,1,3,10,10,920,12,PONT DE SEVRES (METRO),,,Plein jour,Hors agglomération,Hors intersection,Pluie légère,Deux véhicules - arrière,,,,,,,,,,,1,1,1,2.0,2.0
201800037388,0018-01-05 21:30:00,18,1,5,21,30,920,12,"200, JEAN JAURES (BOULEV",,,Nuit avec éclairage allumé,En agglomération,Giratoire,Normale,Autre collision,,,,,,,,,,,5,2,6,1.0,6.0
201800037389,0018-12-21 20:40:00,18,12,21,20,40,920,12,CHARLES DE GAULLE (AVENU,48.84079,2.2371,Nuit avec éclairage allumé,En agglomération,Intersection en X,Normale,Deux véhicules - côté,,,,,,,,,,,5,2,2,1.0,3.0
201800037390,0018-01-06 13:55:00,18,1,6,13,55,920,12,"103, EDOUARD VAILLANT",48.83478,2.24974,Plein jour,En agglomération,Giratoire,Normale,Autre collision,,,,,,,,,,,1,2,6,1.0,6.0
201800037391,0018-12-22 20:40:00,18,12,22,20,40,920,12,PIERRE GRENIER (AVENUE),48.82665,2.24882,Nuit avec éclairage allumé,En agglomération,Hors intersection,Normale,Autre collision,,,,,,,,,,,5,2,1,1.0,6.0
201800037392,0018-01-08 14:25:00,18,1,8,14,25,920,12,"7, QUATRE SEPTEMBRE (QUA",,,Plein jour,En agglomération,Hors intersection,Normale,Deux véhicules - arrière,,,,,,,,,,,1,2,1,1.0,2.0
201800037393,0018-01-10 14:38:00,18,1,10,14,38,920,12,"14, ANDRE MORIZET (AVENU",,,Plein jour,En agglomération,Hors intersection,Pluie légère,Trois véhicules et plus - collisions multiples,,,,,,,,,,,1,2,1,2.0,5.0
201800037394,0018-01-11 20:50:00,18,1,11,20,50,920,12,QUATRE SEPTEMBRE (QUAI D,,,Nuit avec éclairage allumé,En agglomération,Intersection en T,Normale,Deux véhicules - côté,,,,,,,,,,,5,2,3,1.0,3.0
201800037395,0018-01-15 20:00:00,18,1,15,20,0,920,12,JEAN JAURES (BOULEVARD),48.4944,2.1446,Nuit avec éclairage allumé,En agglomération,Intersection à plus de 4 branches,Pluie légère,Autre collision,,,,,,,,,,,5,2,5,2.0,6.0
201800037396,0018-01-18 08:05:00,18,1,18,8,5,920,12,"144, REINE (ROUTE DE LA)",48.84049,2.23147,Crépuscule ou aube,En agglomération,Intersection en X,Temps couvert,Autre collision,,,,,,,,,,,2,2,2,8.0,6.0
201800037397,0018-01-19 12:00:00,18,1,19,12,0,920,12,"46, REINE (ROUTE DE LA)",,,Plein jour,En agglomération,Intersection en X,Pluie légère,Deux véhicules - côté,,,,,,,,,,,1,2,2,2.0,3.0
201800037398,0018-01-19 15:50:00,18,1,19,15,50,920,12,QUATRE SEPTEMBRE (QUAI D,,,Plein jour,En agglomération,Hors intersection,Temps éblouissant,Deux véhicules - arrière,,,,,,,,,,,1,2,1,7.0,2.0
201800037399,0018-01-19 22:00:00,18,1,19,22,0,920,12,"126, REINE (ROUTE DE LA)",48.84027,2.23414,Nuit avec éclairage allumé,En agglomération,Intersection en X,Temps couvert,Deux véhicules - côté,,,,,,,,,,,5,2,2,8.0,3.0
201800037400,0018-01-22 20:30:00,18,1,22,20,30,920,12,"81, JEAN BAPTISTE CLEMEN",,,Nuit avec éclairage allumé,En agglomération,Intersection en X,Normale,Deux véhicules - côté,,,,,,,,,,,5,2,2,1.0,3.0
201800037401,0018-01-25 20:00:00,18,1,25,20,0,920,12,MEUDON (RUE DE) - COTE P,,,Nuit avec éclairage allumé,En agglomération,Intersection en T,Pluie légère,Deux véhicules - frontale,,,,,,,,,,,5,2,3,2.0,1.0
201800037402,0018-01-26 10:05:00,18,1,26,10,5,920,12,YVES KERMEN (RUE) 51/FIN,,,Plein jour,En agglomération,Hors intersection,Normale,Deux véhicules - côté,,,,,,,,,,,1,2,1,1.0,3.0
201800037403,0018-01-30 08:45:00,18,1,30,8,45,920,12,"37, AGUESSEAU (RUE D') 1",,,Plein jour,En agglomération,Intersection en X,Normale,Deux véhicules - côté,,,,,,,,,,,1,2,2,1.0,3.0
201800037404,0018-02-02 15:24:00,18,2,2,15,24,920,12,"82, ANDRE MORIZET (AVENU",48.83832,2.23368,Plein jour,En agglomération,Intersection en T,Normale,Deux véhicules - côté,,,,,,,,,,,1,2,3,1.0,3.0
201800037405,0018-02-02 18:55:00,18,2,2,18,55,920,12,"34, PIERRE GRENIER (AVEN",48.83078,2.25227,Nuit avec éclairage allumé,En agglomération,Hors intersection,Normale,Autre collision,,,,,,,,,,,5,2,1,1.0,6.0
201800037406,0018-02-05 23:15:00,18,2,5,23,15,920,12,"105, EDOUARD VAILLANT (A",48.83394,2.24403,Nuit avec éclairage allumé,En agglomération,Giratoire,Pluie légère,Deux véhicules - frontale,,,,,,,,,,,5,2,6,2.0,1.0
201800037407,0018-02-14 22:00:00,18,2,14,22,0,920,12,BELLEVUE (RUE DE) 1/71BI,48.83881,2.23157,Nuit avec éclairage allumé,En agglomération,Intersection en T,Pluie forte,Deux véhicules - frontale,,,,,,,,,,,5,2,3,3.0,1.0
201800037408,0018-02-17 15:20:00,18,2,17,15,20,920,12,"219 bis, JEAN JAURES (BO",48.83185,2.24462,Plein jour,En agglomération,Hors intersection,Normale,Deux véhicules - côté,,,,,,,,,,,1,2,1,1.0,3.0
201800037409,0018-02-19 22:50:00,18,2,19,22,50,920,12,"6, MARECHAL DE LATTRE DE",48.84102,2.2275,Nuit avec éclairage allumé,En agglomération,Hors intersection,Pluie forte,Autre collision,,,,,,,,,,,5,2,1,3.0,6.0
201800037410,0018-02-21 09:05:00,18,2,21,9,5,920,12,"21, ABONDANCES (RUE DES)",48.84472,2.22988,Plein jour,En agglomération,Intersection en X,Normale,Deux véhicules - côté,,,,,,,,,,,1,2,2,1.0,3.0
201800037411,0018-02-23 22:45:00,18,2,23,22,45,920,12,"90, SILLY (RUE DE) 1/87",48.83548,2.23243,Nuit avec éclairage allumé,En agglomération,Intersection en T,Normale,Deux véhicules - côté,,,,,,,,,,,5,2,3,1.0,3.0
201800037412,0018-02-26 14:00:00,18,2,26,14,0,920,12,"21, GENERAL LECLERC (AVE",48.83244,2.24027,Plein jour,En agglomération,Intersection en T,Normale,Deux véhicules - côté,,,,,,,,,,,1,2,3,1.0,3.0
201800037413,0018-02-27 10:15:00,18,2,27,10,15,920,12,VERDUN (RUE DE),48.84236,2.23516,Plein jour,En agglomération,Intersection en T,Normale,Deux véhicules - côté,,,,,,,,,,,1,2,3,1.0,3.0
201800037414,0018-03-01 17:50:00,18,3,1,17,50,920,12,"50, REPUBLIQUE (BOULEVAR",48.83268,2.24968,Plein jour,En agglomération,Intersection en X,Normale,Deux véhicules - côté,,,,,,,,,,,1,2,2,1.0,3.0
201800037415,0018-03-07 00:45:00,18,3,7,0,45,920,12,"33, AVENUE DU GENERAL LE",48.83183,2.23835,Nuit avec éclairage allumé,En agglomération,Intersection en X,Autre,Deux véhicules - côté,,,,,,,,,,,5,2,2,9.0,3.0
201800037416,0018-04-04 14:10:00,18,4,4,14,10,920,12,GENERAL LECLERC (AVENUE,48.83084,2.23473,Plein jour,En agglomération,Intersection en X,Normale,Autre collision,,,,,,,,,,,1,2,2,1.0,6.0
201800037417,0018-03-15 12:00:00,18,3,15,12,0,920,12,YVES KERMEN (RUE) 3/49 -,,,Plein jour,En agglomération,Hors intersection,Normale,Autre collision,,,,,,,,,,,1,2,1,1.0,6.0
201800037418,0018-03-21 09:30:00,18,3,21,9,30,920,12,"123, VICTOR HUGO (AVENUE",48.8342,2.24411,Plein jour,En agglomération,Hors intersection,Normale,Deux véhicules - côté,,,,,,,,,,,1,2,1,1.0,3.0
201800037419,0018-03-24 15:10:00,18,3,24,15,10,920,12,"31, REINE (ROUTE DE LA)",48.83882,2.24814,Plein jour,En agglomération,Hors intersection,Normale,Deux véhicules - côté,,,,,,,,,,,1,2,1,1.0,3.0
201800037420,0018-03-26 19:40:00,18,3,26,19,40,920,12,ANDRE MORIZET (AVENUE) 1,48.83586,2.2391,Crépuscule ou aube,En agglomération,Intersection en T,Normale,Deux véhicules - côté,,,,,,,,,,,2,2,3,1.0,3.0
201800037421,0018-04-03 16:00:00,18,4,3,16,0,920,12,"36, REINE (ROUTE DE LA)",48.83924,2.24652,Plein jour,En agglomération,Intersection en X,Pluie légère,Autre collision,,,,,,,,,,,1,2,2,2.0,6.0
201800037422,0018-04-05 13:05:00,18,4,5,13,5,920,12,"21, QUATRE SEPTEMBRE (QU",48.8461,2.22705,Plein jour,En agglomération,Hors intersection,Normale,Deux véhicules - arrière,,,,,,,,,,,1,2,1,1.0,2.0
201800037423,0018-04-04 16:20:00,18,4,4,16,20,920,12,"16, DENFERT ROCHEREAU (R",48.84652,2.24348,Plein jour,En agglomération,Hors intersection,Pluie légère,Autre collision,,,,,,,,,,,1,2,1,2.0,6.0
201800037424,0018-04-05 19:25:00,18,4,5,19,25,920,12,"31bis, REINE (ROUTE DE L",48.83882,2.24801,Plein jour,En agglomération,Hors intersection,Normale,Autre collision,,,,,,,,,,,1,2,1,1.0,6.0