accident_id,datetime,annee,mois,jour,heure,minute,departement,commune_insee,adresse,latitude,longitude,luminosite,agglomeration,intersection,meteo,collision,nb_vehicules,nb_usagers,nb_indemnes,nb_tues,nb_blesses_hosp,nb_blesses_legers,age_cond_1,age_cond_2,veh_type_cond_1,veh_type_cond_2,lum_code,agg_code,int_code,atm_code,col_code
201800037425,0018-04-06 14:40:00,18,4,6,14,40,920,12,"159, PARIS (RUE DE) 97BI",48.84092,2.22957,Plein jour,En agglomération,Hors intersection,Normale,Autre collision,,,,,,,,,,,1,2,1,1.0,6.0
201800037426,0018-04-08 10:20:00,18,4,8,10,20,920,12,PONT DE SAINT CLOUD (MET,48.84154,2.22381,Plein jour,En agglomération,Hors intersection,Normale,Trois véhicules et plus - collisions multiples,,,,,,,,,,,1,2,1,1.0,5.0
201800037427,0018-04-13 09:25:00,18,4,13,9,25,920,12,"52, ANDRE MORIZET (AVENU",48.83693,2.23655,Plein jour,En agglomération,Hors intersection,Normale,Deux véhicules - arrière,,,,,,,,,,,1,2,1,1.0,2.0
201800037428,0018-04-16 12:55:00,18,4,16,12,55,920,12,"110, REINE (ROUTE DE LA)",48.84014,2.23627,Plein jour,En agglomération,Hors intersection,Temps couvert,Deux véhicules - arrière,,,,,,,,,,,1,2,1,8.0,2.0
201800037429,0018-04-16 21:45:00,18,4,16,21,45,920,12,"122, AVENUE DU GENERAL L",43.83027,2.23207,Nuit avec éclairage allumé,En agglomération,Hors intersection,Normale,Deux véhicules - arrière,,,,,,,,,,,5,2,1,1.0,2.0
201800037430,0018-04-17 09:40:00,18,4,17,9,40,920,12,"20-22, ANDRE MORIZET (AV",48.83496,2.24143,Plein jour,En agglomération,Intersection en X,Normale,Autre collision,,,,,,,,,,,1,2,2,1.0,6.0
201800037431,0018-04-19 08:10:00,18,4,19,8,10,920,12,"10, PIERRE LEFAUCHEUX (A",48.82417,2.24248,Plein jour,En agglomération,Hors intersection,Normale,Autre collision,,,,,,,,,,,1,2,1,1.0,6.0
201800037432,0018-04-26 18:30:00,18,4,26,18,30,920,12,ANDRE MORIZET (AVENUE) -,48.83988,2.23024,Plein jour,En agglomération,Intersection en T,Normale,Deux véhicules - côté,,,,,,,,,,,1,2,3,1.0,3.0
201800037433,0018-05-02 05:20:00,18,5,2,5,20,920,12,PIERRE GRENIER (AVENUE),48.83205,2.25305,Crépuscule ou aube,En agglomération,Intersection en X,Normale,Deux véhicules - côté,,,,,,,,,,,2,2,2,1.0,3.0
201800037434,0018-05-02 16:30:00,18,5,2,16,30,920,12,"39, GEORGES GORSE (QUAI)",48.82444,2.23658,Plein jour,En agglomération,Hors intersection,Normale,Autre collision,,,,,,,,,,,1,2,1,1.0,6.0
201800037435,0018-06-24 10:50:00,18,6,24,10,50,920,12,"160, REINE (ROUTE DE LA)",48.84081,2.22935,Plein jour,En agglomération,Hors intersection,Normale,Trois véhicules et plus - en chaîne,,,,,,,,,,,1,2,1,1.0,4.0
201800037436,0018-05-10 08:40:00,18,5,10,8,40,920,12,AVENUE DU GENERAL LECLER,48.38308,2.23473,Plein jour,En agglomération,Intersection en X,Normale,Deux véhicules - côté,,,,,,,,,,,1,2,2,1.0,3.0
201800037437,0018-05-12 14:40:00,18,5,12,14,40,920,12,"701, AVENUE DU GENERAL L",48.83076,2.2347,Plein jour,En agglomération,Intersection en X,Temps couvert,Deux véhicules - côté,,,,,,,,,,,1,2,2,8.0,3.0
201800037438,0018-05-13 20:35:00,18,5,13,20,35,920,12,EDOUARD VAILLANT (AVENUE,48.83465,2.24634,Plein jour,En agglomération,Intersection en X,Normale,Deux véhicules - côté,,,,,,,,,,,1,2,2,1.0,3.0
201800037439,0018-05-15 19:45:00,18,5,15,19,45,920,12,"74, EDOUARD VAILLANT (AV",48.83445,2.24605,Plein jour,En agglomération,Hors intersection,Normale,Trois véhicules et plus - en chaîne,,,,,,,,,,,1,2,1,1.0,4.0
201800037440,0018-05-17 20:10:00,18,5,17,20,10,920,12,DANJOU (RUE) 17/FIN - 20,48.8327,2.24856,Plein jour,En agglomération,Intersection à plus de 4 branches,Normale,Autre collision,,,,,,,,,,,1,2,5,1.0,6.0
201800037441,0018-05-19 22:15:00,18,5,19,22,15,920,12,"152, PARIS (RUE DE) 97BI",48.8417,2.23445,Nuit avec éclairage allumé,En agglomération,Intersection en T,Normale,Deux véhicules - côté,,,,,,,,,,,5,2,3,1.0,3.0
201800037442,0018-05-23 16:39:00,18,5,23,16,39,920,12,AVENUE DU GENERAL LECLER,48.83029,2.23263,Plein jour,En agglomération,Hors intersection,Normale,Deux véhicules - côté,,,,,,,,,,,1,2,1,1.0,3.0
201800037443,0018-05-29 08:10:00,18,5,29,8,10,920,12,AVENUE DU GENERAL LECLER,48.83082,2.23469,Plein jour,En agglomération,Intersection en X,Normale,Deux véhicules - côté,,,,,,,,,,,1,2,2,1.0,3.0
201800037444,0018-05-29 17:10:00,18,5,29,17,10,920,12,ANDRE MORIZET (AVENUE) -,48.83579,2.23067,Plein jour,En agglomération,Intersection en T,Normale,Deux véhicules - côté,,,,,,,,,,,1,2,3,1.0,3.0
201800037445,0018-05-29 17:47:00,18,5,29,17,47,920,12,SEVRES (RUE DE) 55BIS/FI,48.83111,2.23055,Plein jour,En agglomération,Intersection en T,Normale,Deux véhicules - frontale,,,,,,,,,,,1,2,3,1.0,1.0
201800037446,0018-05-29 19:30:00,18,5,29,19,30,920,12,"174, SILLY (RUE DE) 89/F",48.83117,2.23445,Plein jour,En agglomération,Hors intersection,Normale,Deux véhicules - côté,,,,,,,,,,,1,2,1,1.0,3.0
201800037447,0018-05-30 11:20:00,18,5,30,11,20,920,12,"20, REINE (ROUTE DE LA)",48.8417,2.25698,Plein jour,En agglomération,Hors intersection,Normale,Deux véhicules - côté,,,,,,,,,,,1,2,1,1.0,3.0
201800037448,0018-05-26 20:20:00,18,5,26,20,20,920,12,ANATOLE FRANCE (BOULEVAR,48.85031,2.23774,Plein jour,En agglomération,Intersection en X,Normale,Autre collision,,,,,,,,,,,1,2,2,1.0,6.0
201800037449,0018-06-01 18:25:00,18,6,1,18,25,920,12,"69, ANCIENS COMBATTANT (",48.83567,2.24064,Plein jour,En agglomération,Giratoire,Normale,Deux véhicules - côté,,,,,,,,,,,1,2,6,1.0,3.0
201800037450,0018-06-01 17:45:00,18,6,1,17,45,920,12,"12, QUATRE SEPTEMBRE (QU",48.84367,2.22607,Plein jour,En agglomération,Hors intersection,Normale,Deux véhicules - arrière,,,,,,,,,,,1,2,1,1.0,2.0
201800037451,0018-06-02 11:05:00,18,6,2,11,5,920,12,"247bis, JEAN JAURES (BOU",48.82779,2.24678,Plein jour,En agglomération,Hors intersection,Normale,Autre collision,,,,,,,,,,,1,2,1,1.0,6.0
201800037452,0018-06-06 13:20:00,18,6,6,13,20,920,12,"17, REINE (ROUTE DE LA)",48.0,2.24962,Plein jour,En agglomération,Hors intersection,Temps couvert,Deux véhicules - côté,,,,,,,,,,,1,2,1,8.0,3.0
201800037453,0018-06-07 20:00:00,18,6,7,20,0,920,12,"50, JEAN JAURES (BOULEVA",48.84411,2.23918,Plein jour,En agglomération,Hors intersection,Normale,Autre collision,,,,,,,,,,,1,2,1,1.0,6.0
201800037454,0018-06-12 23:40:00,18,6,12,23,40,920,12,"9, JEAN BAPTISTE CLEMENT",48.8471,2.24007,Nuit avec éclairage allumé,En agglomération,Hors intersection,Normale,Autre collision,,,,,,,,,,,5,2,1,1.0,6.0
201800037455,0018-06-14 19:45:00,18,6,14,19,45,920,12,"217, JEAN JAURES (BOULEV",48.83215,2.24451,Plein jour,En agglomération,Hors intersection,Normale,Deux véhicules - frontale,,,,,,,,,,,1,2,1,1.0,1.0
201800037456,0018-06-29 19:10:00,18,6,29,19,10,920,12,ANDRE MORIZET (AVENUE) -,48.83507,2.24141,Plein jour,En agglomération,Intersection en X,Normale,Deux véhicules - côté,,,,,,,,,,,1,2,2,1.0,3.0
201800037457,0018-06-21 14:50:00,18,6,21,14,50,920,12,"67, GENERAL LECLERC (AVE",48.83007,2.23259,Plein jour,En agglomération,Autre intersection,Normale,Autre collision,,,,,,,,,,,1,2,9,1.0,6.0
201800037458,0018-06-25 09:15:00,18,6,25,9,15,920,12,ANATOLE FRANCE (BOULEVAR,48.85131,2.23332,Plein jour,En agglomération,Hors intersection,Normale,Deux véhicules - côté,,,,,,,,,,,1,2,1,1.0,3.0
201800037459,0018-06-27 17:00:00,18,6,27,17,0,920,12,"20, SAUSSIERE (RUE DE LA",48.83879,2.24,Plein jour,En agglomération,Hors intersection,Normale,Deux véhicules - côté,,,,,,,,,,,1,2,1,1.0,3.0
201800037460,0018-07-05 17:50:00,18,7,5,17,50,920,12,"91, EDOUARD VAILLANT (AV",48.83414,2.24548,Plein jour,En agglomération,Hors intersection,Normale,Deux véhicules - arrière,,,,,,,,,,,1,2,1,1.0,2.0
201800037461,0018-07-06 13:25:00,18,7,6,13,25,920,12,"14, ANATOLE FRANCE (BOUL",48.85215,2.23029,Plein jour,En agglomération,Hors intersection,Normale,Deux véhicules - côté,,,,,,,,,,,1,2,1,1.0,3.0
201800037462,0018-07-06 20:45:00,18,7,6,20,45,920,12,"17, TISSERANT (RUE)",48.84623,2.23417,Plein jour,En agglomération,Hors intersection,Normale,Deux véhicules - arrière,,,,,,,,,,,1,2,1,1.0,2.0
201800037463,0018-07-07 14:50:00,18,7,7,14,50,920,12,"67, ANDRE MORIZET (AVENU",48.83754,2.235,Plein jour,En agglomération,Hors intersection,Normale,Deux véhicules - côté,,,,,,,,,,,1,2,1,1.0,3.0
201800037464,0018-07-10 23:25:00,18,7,10,23,25,920,12,"25, JEAN JAURES (BOULEVA",48.84185,2.23896,Nuit avec éclairage allumé,En agglomération,Intersection en X,Normale,Deux véhicules - côté,,,,,,,,,,,5,2,2,1.0,3.0
201800037465,0018-07-16 15:00:00,18,7,16,15,0,920,12,"130, THIERS (RUE) 67/FIN",48.83159,2.25223,Plein jour,En agglomération,Hors intersection,Normale,Deux véhicules - côté,,,,,,,,,,,1,2,1,1.0,3.0
201800037466,0018-07-16 20:30:00,18,7,16,20,30,920,12,REPUBLIQUE (BOULEVARD DE,48.8311,2.25722,Crépuscule ou aube,En agglomération,Hors intersection,Normale,Deux véhicules - frontale,,,,,,,,,,,2,2,1,1.0,1.0
201800037467,0018-07-17 21:45:00,18,7,17,21,45,920,12,JEAN JAURES (BOULEVARD),48.83678,2.24171,Nuit avec éclairage allumé,En agglomération,Intersection en X,Normale,Deux véhicules - côté,,,,,,,,,,,5,2,2,1.0,3.0
201800037468,0018-07-19 17:35:00,18,7,19,17,35,920,12,ANDRE MORIZET (AVENUE),48.83982,2.23013,Plein jour,En agglomération,Intersection en X,Normale,Deux véhicules - côté,,,,,,,,,,,1,2,2,1.0,3.0
201800037469,0018-07-20 01:05:00,18,7,20,1,5,920,12,"4, STADE DE COUBERTIN (A",48.83426,2.2557,Nuit avec éclairage allumé,En agglomération,Hors intersection,Normale,Autre collision,,,,,,,,,,,5,2,1,1.0,6.0
201800037470,0018-07-20 00:05:00,18,7,20,0,5,920,12,"94, EDOUARD VAILLANT (AV",48.83436,2.24532,Nuit avec éclairage allumé,En agglomération,Hors intersection,Normale,Deux véhicules - arrière,,,,,,,,,,,5,2,1,1.0,2.0
201800037471,0018-07-25 08:40:00,18,7,25,8,40,920,12,"109, VICTOR HUGO (AVENUE",48.83509,2.24463,Plein jour,En agglomération,Hors intersection,Normale,Autre collision,,,,,,,,,,,1,2,1,1.0,6.0
201800037472,0018-07-26 09:19:00,18,7,26,9,19,920,12,TILLEULS (RUE DES) 1/67,48.8452,2.23731,Plein jour,En agglomération,Intersection en X,Temps éblouissant,Autre collision,,,,,,,,,,,1,2,2,7.0,6.0
201800037473,0018-07-27 18:15:00,18,7,27,18,15,920,12,JEAN BAPTISTE CLEMENT (A,48.8332,2.2639,Plein jour,En agglomération,Hors intersection,Normale,Deux véhicules - arrière,,,,,,,,,,,1,2,1,1.0,2.0
201800037474,0018-08-02 18:06:00,18,8,2,18,6,920,12,ANDRE MORIZET (AVENUE) -,48.83726,2.23577,Plein jour,En agglomération,Hors intersection,Normale,Autre collision,,,,,,,,,,,1,2,1,1.0,6.0
201800037475,0018-08-06 15:20:00,18,8,6,15,20,920,12,POINT DU JOUR (QUAI DU),48.83046,2.25733,Plein jour,En agglomération,Hors intersection,Normale,Autre collision,,,,,,,,,,,1,2,1,1.0,6.0
201800037476,0018-08-12 22:07:00,18,8,12,22,7,920,12,REINE (ROUTE DE LA) 1/37,48.83967,2.23979,Nuit avec éclairage allumé,En agglomération,Intersection en X,Normale,Deux véhicules - côté,,,,,,,,,,,5,2,2,1.0,3.0
201800037477,0018-08-17 11:30:00,18,8,17,11,30,920,12,JEAN JAURES (BOULEVARD),48.83064,2.24402,Plein jour,En agglomération,Hors intersection,Normale,Autre collision,,,,,,,,,,,1,2,1,1.0,6.0
201800037478,0018-08-20 08:30:00,18,8,20,8,30,920,12,JEAN BAPTISTE CLEMENT (A,,,Plein jour,En agglomération,Autre intersection,Pluie légère,Deux véhicules - frontale,,,,,,,,,,,1,2,9,2.0,1.0
201800037479,0018-08-23 13:45:00,18,8,23,13,45,920,12,BELLEVUE (RUE DE) 1/71BI,48.83543,2.23073,Plein jour,En agglomération,Intersection en X,Normale,Deux véhicules - côté,,,,,,,,,,,1,2,2,1.0,3.0
201800037480,0018-08-31 10:15:00,18,8,31,10,15,920,12,GALLIENI (RUE) 55/157 -,48.83679,2.2417,Plein jour,En agglomération,Intersection en X,Normale,Deux véhicules - côté,,,,,,,,,,,1,2,2,1.0,3.0
201800037481,0018-09-05 07:45:00,18,9,5,7,45,920,12,REINE (ROUTE DE LA) 82/F,48.84055,2.2315,Plein jour,En agglomération,Hors intersection,Normale,Autre collision,,,,,,,,,,,1,2,1,1.0,6.0
201800037482,0018-09-06 09:35:00,18,9,6,9,35,920,12,ANDRE MORIZET (AVENUE) -,48.8345,2.24218,Crépuscule ou aube,En agglomération,Hors intersection,Normale,Autre collision,,,,,,,,,,,2,2,1,1.0,6.0
201800037483,0018-09-07 10:15:00,18,9,7,10,15,920,12,NATIONALE (RUE) 1/37 - 2,48.82482,2.24414,Plein jour,En agglomération,Intersection en X,Pluie légère,Deux véhicules - côté,,,,,,,,,,,1,2,2,2.0,3.0
201800037484,0018-09-08 17:05:00,18,9,8,17,5,920,12,PIERRE GRENIER (AVENUE),48.82687,2.24943,Plein jour,En agglomération,Intersection en T,Normale,Deux véhicules - côté,,,,,,,,,,,1,2,3,1.0,3.0
201800037485,0018-09-10 20:30:00,18,9,10,20,30,920,12,JEAN BAPTISTE CLEMENT (A,48.8,2.2,Nuit avec éclairage allumé,En agglomération,Hors intersection,Normale,Deux véhicules - arrière,,,,,,,,,,,5,2,1,1.0,2.0
201800037486,0018-09-11 14:35:00,18,9,11,14,35,920,12,CHARLES DE GAULLE (AVENU,44.8488,2.2374,Plein jour,En agglomération,Hors intersection,Normale,Deux véhicules - côté,,,,,,,,,,,1,2,1,1.0,3.0
201800037487,0018-09-13 09:50:00,18,9,13,9,50,920,12,REPUBLIQUE (BOULEVARD DE,,,Plein jour,En agglomération,Hors intersection,Pluie légère,Deux véhicules - arrière,,,,,,,,,,,1,2,1,2.0,2.0
201800037488,0018-09-13 20:40:00,18,9,13,20,40,920,12,SILLY (RUE DE) 89/FIN -,48.83,2.23,Nuit avec éclairage allumé,En agglomération,Hors intersection,Normale,Deux véhicules - frontale,,,,,,,,,,,5,2,1,1.0,1.0
201800037489,0018-09-17 18:00:00,18,9,17,18,0,920,12,VIEUX PONT DE SEVRES (RU,,,Plein jour,En agglomération,Intersection en Y,Temps éblouissant,Autre collision,,,,,,,,,,,1,2,4,7.0,6.0
201800037490,0018-09-24 11:44:00,18,9,24,11,44,920,12,JEAN JAURES (BOULEVARD),48.83289,2.2438,Plein jour,En agglomération,Hors intersection,Normale,Autre collision,,,,,,,,,,,1,2,1,1.0,6.0
201800037491,0018-09-25 15:15:00,18,9,25,15,15,920,12,LE CORBUSIER (RUE),48.83743,2.23842,Plein jour,En agglomération,Intersection en T,Normale,Autre collision,,,,,,,,,,,1,2,3,1.0,6.0
201800037492,0018-09-25 16:25:00,18,9,25,16,25,920,12,EDOUARD VAILLANT (AVENUE,,,Plein jour,En agglomération,Autre intersection,Normale,Deux véhicules - côté,,,,,,,,,,,1,2,9,1.0,3.0
201800037493,0018-09-27 19:35:00,18,9,27,19,35,920,12,COURS DE L'ILE SEGUIN,48.82731,2.23456,Nuit avec éclairage allumé,En agglomération,Intersection en X,Normale,Deux véhicules - côté,,,,,,,,,,,5,2,2,1.0,3.0
201800037494,0018-09-30 13:05:00,18,9,30,13,5,920,12,JEAN BAPTISTE CLEMENT (A,48.84411,2.23351,Plein jour,En agglomération,Hors intersection,Normale,Deux véhicules - côté,,,,,,,,,,,1,2,1,1.0,3.0
201800037495,0018-09-30 19:00:00,18,9,30,19,0,920,12,MARECHAL DE LATTRE DE TA,48.84075,2.22751,Plein jour,En agglomération,Hors intersection,Normale,Deux véhicules - arrière,,,,,,,,,,,1,2,1,1.0,2.0
201800037496,0018-10-02 20:55:00,18,10,2,20,55,920,12,REINE (ROUTE DE LA) 39/1,48.86965,2.24001,Nuit avec éclairage allumé,En agglomération,Hors intersection,Normale,Deux véhicules - côté,,,,,,,,,,,5,2,1,1.0,3.0
201800037497,0018-10-03 13:30:00,18,10,3,13,30,920,12,NATIONALE (RUE) 1/37 - 2,48.82481,2.24419,Plein jour,En agglomération,Intersection en X,Temps couvert,Deux véhicules - côté,,,,,,,,,,,1,2,2,8.0,3.0
201800037498,0018-10-03 18:15:00,18,10,3,18,15,920,12,EST (RUE DE L') 1/FIN -,48.84279,2.24374,Plein jour,En agglomération,Autre intersection,Normale,Autre collision,,,,,,,,,,,1,2,9,1.0,6.0
201800037499,0018-10-04 09:55:00,18,10,4,9,55,920,75,VICTOR HUGO (AVENUE),48.8221,2.2853,Crépuscule ou aube,En agglomération,Hors intersection,Normale,Deux véhicules - côté,,,,,,,,,,,2,2,1,1.0,3.0
201800037500,0018-10-05 13:25:00,18,10,5,13,25,920,12,SAINT DENIS (RUE),48.84538,2.23198,Plein jour,En agglomération,Hors intersection,Normale,Autre collision,,,,,,,,,,,1,2,1,1.0,6.0
201800037501,0018-10-05 20:15:00,18,10,5,20,15,920,12,MEUDON (RUE DE) - COTE P,48.82568,2.24201,Nuit avec éclairage allumé,En agglomération,Hors intersection,Normale,Autre collision,,,,,,,,,,,5,2,1,1.0,6.0
201800037502,0018-10-07 16:00:00,18,10,7,16,0,920,12,JEAN JAURES (BOULEVARD),48.83088,2.24494,Plein jour,En agglomération,Hors intersection,Pluie légère,Autre collision,,,,,,,,,,,1,2,1,2.0,6.0
201800037503,0018-10-08 09:15:00,18,10,8,9,15,920,12,REPUBLIQUE (BOULEVARD DE,48.83273,2.24846,Plein jour,En agglomération,Intersection en X,Normale,Autre collision,,,,,,,,,,,1,2,2,1.0,6.0
201800037504,0018-10-13 13:25:00,18,10,13,13,25,920,12,BONTEMPS (rue Marcel),48.82553,2.2419,Plein jour,En agglomération,Intersection en X,Normale,Deux véhicules - côté,,,,,,,,,,,1,2,2,1.0,3.0
201800037505,0018-10-13 17:40:00,18,10,13,17,40,920,12,GENERAL LECLERC (AVENUE,48.83186,2.23736,Plein jour,En agglomération,Intersection en X,Normale,Deux véhicules - côté,,,,,,,,,,,1,2,2,1.0,3.0
201800037506,0018-10-16 20:00:00,18,10,16,20,0,920,12,JEAN JAURES (BOULEVARD),48.83777,2.24152,Nuit avec éclairage allumé,En agglomération,Intersection en X,Normale,Autre collision,,,,,,,,,,,5,2,2,1.0,6.0
201800037507,0018-10-19 09:38:00,18,10,19,9,38,920,12,GENERAL LECLERC (AVENUE,48.83248,2.24028,Plein jour,En agglomération,Hors intersection,Normale,Deux véhicules - côté,,,,,,,,,,,1,2,1,1.0,3.0
201800037508,0018-10-21 14:00:00,18,10,21,14,0,920,12,GENERAL LECLERC (AVENUE,48.83142,2.23614,Plein jour,En agglomération,Hors intersection,Normale,Deux véhicules - côté,,,,,,,,,,,1,2,1,1.0,3.0
201800037509,0018-10-25 17:55:00,18,10,25,17,55,920,12,AUTEUIL (BOULEVARD D') -,48.84734,2.24336,Plein jour,En agglomération,Hors intersection,Normale,Deux véhicules - côté,,,,,,,,,,,1,2,1,1.0,3.0
201800037510,0018-10-30 08:11:00,18,10,30,8,11,920,12,TILLEULS (RUE DES) 1/67,48.84502,2.23724,Plein jour,En agglomération,Intersection en X,Pluie légère,Autre collision,,,,,,,,,,,1,2,2,2.0,6.0
201800037511,0018-11-01 00:45:00,18,11,1,0,45,920,12,GEORGES GORSE (QUAI),48.8251,2.23571,Nuit avec éclairage non allumé,En agglomération,Hors intersection,Pluie légère,Sans collision,,,,,,,,,,,4,2,1,2.0,7.0
201800037512,0018-11-01 15:13:00,18,11,1,15,13,920,12,LE CORBUSIER (RUE),48.83774,2.24049,Plein jour,En agglomération,Hors intersection,Pluie légère,Autre collision,,,,,,,,,,,1,2,1,2.0,6.0
201800037513,0018-11-03 12:30:00,18,11,3,12,30,920,12,GENERAL LECLERC (AVENUE,48.8329,2.24094,Plein jour,En agglomération,Hors intersection,Normale,Deux véhicules - arrière,,,,,,,,,,,1,2,1,1.0,2.0
201800037514,0018-11-07 08:30:00,18,11,7,8,30,920,12,QUATRE SEPTEMBRE (QUAI D,48.8432,2.226,Plein jour,En agglomération,Hors intersection,Pluie légère,Deux véhicules - côté,,,,,,,,,,,1,2,1,2.0,3.0
201800037515,0018-11-12 22:31:00,18,11,12,22,31,920,12,REINE (ROUTE DE LA) 39/1,48.83979,2.24018,Nuit avec éclairage allumé,En agglomération,Hors intersection,Normale,Deux véhicules - arrière,,,,,,,,,,,5,2,1,1.0,2.0
201800037516,0018-11-13 13:10:00,18,11,13,13,10,920,12,VICTOR HUGO (AVENUE) 49/,48.83694,2.24314,Plein jour,En agglomération,Intersection en T,Normale,Deux véhicules - côté,,,,,,,,,,,1,2,3,1.0,3.0
201800037517,0018-11-20 08:00:00,18,11,20,8,0,920,12,REINE (ROUTE DE LA) 82/F,48.84039,2.23423,Crépuscule ou aube,En agglomération,Hors intersection,Pluie légère,Deux véhicules - arrière,,,,,,,,,,,2,2,1,2.0,2.0
201800037518,0018-11-20 10:10:00,18,11,20,10,10,920,12,VICTOR HUGO (AVENUE) 49/,48.8352,2.24452,Crépuscule ou aube,En agglomération,Autre intersection,Pluie légère,Autre collision,,,,,,,,,,,2,2,9,2.0,6.0
201800037519,0018-11-20 19:05:00,18,11,20,19,5,920,12,ANDRE MORIZET (AVENUE) 1,48.835,2.241,Nuit avec éclairage allumé,En agglomération,Intersection en X,Pluie légère,Deux véhicules - côté,,,,,,,,,,,5,2,2,2.0,3.0
201800037520,0018-11-22 16:40:00,18,11,22,16,40,920,12,JEAN JAURES (BOULEVARD),48.84502,2.23723,Plein jour,En agglomération,Intersection en X,Normale,Deux véhicules - côté,,,,,,,,,,,1,2,2,1.0,3.0
201800037521,0018-11-23 07:10:00,18,11,23,7,10,920,12,EDOUARD VAILLANT (AVENUE,48.83549,2.24949,Nuit avec éclairage allumé,En agglomération,Intersection en X,Normale,Deux véhicules - côté,,,,,,,,,,,5,2,2,1.0,3.0
201800037522,0018-11-25 12:10:00,18,11,25,12,10,920,12,JEAN JAURES (BOULEVARD),48.84188,2.23866,Plein jour,En agglomération,Hors intersection,Pluie légère,Autre collision,,,,,,,,,,,1,2,1,2.0,6.0
201800037523,0018-11-25 18:30:00,18,11,25,18,30,920,12,REPUBLIQUE (BOULEVARD DE,48.83302,2.24638,Nuit avec éclairage allumé,En agglomération,Intersection en X,Normale,Deux véhicules - côté,,,,,,,,,,,5,2,2,1.0,3.0
201800037524,0018-11-27 17:00:00,18,11,27,17,0,920,12,REINE (ROUTE DE LA) 1/37,48.83854,2.25184,Nuit avec éclairage allumé,En agglomération,Hors intersection,Pluie légère,Deux véhicules - côté,,,,,,,,,,,5,2,1,2.0,3.0
201800037525,0018-11-28 16:00:00,18,11,28,16,0,920,12,REINE (ROUTE DE LA) 39/1,48.83914,2.2482,Plein jour,En agglomération,Hors intersection,Normale,Deux véhicules - arrière,,,,,,,,,,,1,2,1,1.0,2.0
201800037526,0018-12-04 08:11:00,18,12,4,8,11,920,12,REINE (ROUTE DE LA) 39/1,48.84042,2.23378,Crépuscule ou aube,En agglomération,Intersection en T,Pluie légère,Deux véhicules - côté,,,,,,,,,,,2,2,3,2.0,3.0
201800037527,0018-12-04 22:30:00,18,12,4,22,30,920,12,CHARLES DE GAULLE (AVENU,48.84908,2.2371,Nuit avec éclairage allumé,En agglomération,Intersection en X,Normale,Deux véhicules - côté,,,,,,,,,,,5,2,2,1.0,3.0
201800037528,0018-12-05 13:15:00,18,12,5,13,15,920,12,NATIONALE (RUE) 1/37 - 2,48.8253,2.24369,Plein jour,En agglomération,Hors intersection,Normale,Autre collision,,,,,,,,,,,1,2,1,1.0,6.0
201800037529,0018-12-06 18:29:00,18,12,6,18,29,920,12,REINE (ROUTE DE LA) 1/37,48.83854,2.25165,Nuit avec éclairage allumé,En agglomération,Intersection en X,Normale,Deux véhicules - côté,,,,,,,,,,,5,2,2,1.0,3.0
201800037530,0018-12-12 12:05:00,18,12,12,12,5,920,12,BILLANCOURT (RUE DE) 106,48.8334,2.23772,Plein jour,En agglomération,Hors intersection,Normale,Autre collision,,,,,,,,,,,1,2,1,1.0,6.0
201800037531,0018-12-12 12:50:00,18,12,12,12,50,920,12,ANDRE MORIZET (AVENUE) 1,48.83449,2.24217,Plein jour,En agglomération,Hors intersection,Normale,Autre collision,,,,,,,,,,,1,2,1,1.0,6.0
201800037532,0018-12-12 13:15:00,18,12,12,13,15,920,12,SEVRES (RUE DE) 1/55 - 2,48.83589,2.22799,Plein jour,En agglomération,Hors intersection,Normale,Autre collision,,,,,,,,,,,1,2,1,1.0,6.0
201800037533,0018-12-12 19:10:00,18,12,12,19,10,920,12,SILLY (RUE DE) 1/87 - 2/,48.837,2.23213,Nuit avec éclairage allumé,En agglomération,Hors intersection,Normale,Autre collision,,,,,,,,,,,5,2,1,1.0,6.0
201800037534,0018-12-15 21:23:00,18,12,15,21,23,920,12,JEAN JAURES (BOULEVARD),48.84169,2.23908,Nuit avec éclairage allumé,En agglomération,Hors intersection,Pluie légère,Autre collision,,,,,,,,,,,5,2,1,2.0,6.0
201800037535,0018-12-18 12:30:00,18,12,18,12,30,920,12,REINE (ROUTE DE LA) 1/37,48.83854,2.25185,Plein jour,En agglomération,Hors intersection,Normale,Autre collision,,,,,,,,,,,1,2,1,1.0,6.0
201800037536,0018-12-19 13:35:00,18,12,19,13,35,920,12,AGUESSEAU (RUE D') 91/FI,48.83735,2.23778,Plein jour,En agglomération,Intersection en X,Normale,Autre collision,,,,,,,,,,,1,2,2,1.0,6.0
201800037537,0018-12-26 11:30:00,18,12,26,11,30,920,40,VERDUN (AVENUE DE) DU 11,48.81805,2.25123,Plein jour,En agglomération,Hors intersection,Normale,Autre collision,,,,,,,,,,,1,2,1,1.0,6.0
201800037538,0018-12-27 19:55:00,18,12,27,19,55,920,12,THIERS (RUE) 2/82 BIS -,48.83239,2.25174,Nuit avec éclairage allumé,En agglomération,Intersection en X,Normale,Deux véhicules - arrière,,,,,,,,,,,5,2,2,1.0,2.0
201800037539,0018-01-16 18:15:00,18,1,16,18,15,920,19,LONGUET CHARLES (RUE),48.76432,2.26524,Nuit avec éclairage allumé,En agglomération,Intersection en T,Pluie légère,Deux véhicules - côté,,,,,,,,,,,5,2,3,2.0,3.0
201800037540,0018-01-19 19:30:00,18,1,19,19,30,920,71,"15, COLBERT (BOULEVARD)",48.77856,2.29701,Nuit avec éclairage allumé,En agglomération,Hors intersection,Pluie légère,Autre collision,,,,,,,,,,,5,2,1,2.0,6.0
201800037541,0018-03-04 16:15:00,18,3,4,16,15,920,32,LANGEVIN PAUL (AVENUE),48.78429,2.29355,Plein jour,En agglomération,Intersection en X,Temps couvert,Deux véhicules - côté,,,,,,,,,,,1,2,2,8.0,3.0
201800037542,0018-03-06 23:05:00,18,3,6,23,5,920,71,"27/27, CHERRIER ALPHONSE",48.77425,2.28815,Nuit avec éclairage allumé,En agglomération,Hors intersection,Pluie légère,Autre collision,,,,,,,,,,,5,2,1,2.0,6.0