accident_id,datetime,annee,mois,jour,heure,minute,departement,commune_insee,adresse,latitude,longitude,luminosite,agglomeration,intersection,meteo,collision,nb_vehicules,nb_usagers,nb_indemnes,nb_tues,nb_blesses_hosp,nb_blesses_legers,age_cond_1,age_cond_2,veh_type_cond_1,veh_type_cond_2,lum_code,agg_code,int_code,atm_code,col_code
201800037543,0018-04-17 08:20:00,18,4,17,8,20,920,32,"32, JAURES JEAN (RUE)",48.7911,2.28468,Plein jour,En agglomération,Hors intersection,Normale,Autre collision,,,,,,,,,,,1,2,1,1.0,6.0
201800037544,0018-05-09 07:35:00,18,5,9,7,35,920,19,"8, MAIL DES HOUSSIERES (",48.76781,2.26968,Plein jour,En agglomération,Hors intersection,Normale,Autre collision,,,,,,,,,,,1,2,1,1.0,6.0
201800037545,0018-05-24 08:15:00,18,5,24,8,15,920,19,RENOIR AUGUSTE (ALLEE),48.76489,2.26539,Plein jour,En agglomération,Intersection en T,Normale,Deux véhicules - côté,,,,,,,,,,,1,2,3,1.0,3.0
201800037546,0018-05-25 19:15:00,18,5,25,19,15,920,32,"2 bis, LOMBARD (AVENUE)",48.7847,2.29361,Plein jour,En agglomération,Hors intersection,Normale,Deux véhicules - côté,,,,,,,,,,,1,2,1,1.0,3.0
201800037547,0018-05-31 17:05:00,18,5,31,17,5,920,71,GENERAL DE GAULLE (PLACE,48.77866,2.29128,Plein jour,En agglomération,Place,Normale,Autre collision,,,,,,,,,,,1,2,7,1.0,6.0
201800037548,0018-06-03 10:40:00,18,6,3,10,40,920,19,"90, LONGUET JEAN (RUE)",48.7675,2.27962,Plein jour,En agglomération,Hors intersection,Normale,Deux véhicules - côté,,,,,,,,,,,1,2,1,1.0,3.0
201800037549,0018-05-24 09:05:00,18,5,24,9,5,920,32,"6, DE GAULLE GENERAL (PL",48.79168,2.28751,Plein jour,En agglomération,Hors intersection,Normale,Autre collision,,,,,,,,,,,1,2,1,1.0,6.0
201800037550,0018-06-07 17:50:00,18,6,7,17,50,920,71,"99, BOUR5G LA REINE (AVE",48.78519,2.30384,Plein jour,En agglomération,Hors intersection,Normale,Autre collision,,,,,,,,,,,1,2,1,1.0,6.0
201800037551,0018-06-10 19:00:00,18,6,10,19,0,920,19,"358, LECLERC DIVISION (A",48.76536,2.26032,Plein jour,En agglomération,Intersection en T,Pluie forte,Deux véhicules - côté,,,,,,,,,,,1,2,3,3.0,3.0
201800037552,0018-05-11 15:20:00,18,5,11,15,20,920,19,JUSTICE (CHEMIN),48.7667,2.26441,Plein jour,En agglomération,Intersection en X,Normale,Deux véhicules - côté,,,,,,,,,,,1,2,2,1.0,3.0
201800037553,0018-06-23 10:45:00,18,6,23,10,45,920,71,"14, RUE Emile MOREL",48.77765,2.28853,Plein jour,En agglomération,Hors intersection,Temps éblouissant,Deux véhicules - côté,,,,,,,,,,,1,2,1,7.0,3.0
201800037554,0018-06-20 07:20:00,18,6,20,7,20,920,19,"355, DIVISION LECLERC (A",48.76926,2.24946,Plein jour,En agglomération,Hors intersection,Normale,Deux véhicules - côté,,,,,,,,,,,1,2,1,1.0,3.0
201800037555,0018-08-25 21:30:00,18,8,25,21,30,920,19,DIVISION LECLERC (AVENUE,48.76667,2.2558,Crépuscule ou aube,En agglomération,Intersection en T,Normale,Deux véhicules - côté,,,,,,,,,,,2,2,3,1.0,3.0
201800037556,0018-11-12 23:15:00,18,11,12,23,15,920,71,GENERAL LECLERC (AVENUE,48.77551,2.31374,Nuit avec éclairage allumé,En agglomération,Hors intersection,Temps couvert,Autre collision,,,,,,,,,,,5,2,1,8.0,6.0
201800037557,0018-12-12 08:55:00,18,12,12,8,55,920,19,SALENGRO ROGER (RUE),48.76709,2.27255,Plein jour,En agglomération,Intersection en T,Normale,Autre collision,,,,,,,,,,,1,2,3,1.0,6.0
201800037558,0018-12-21 09:20:00,18,12,21,9,20,920,32,LANGEVIN PAUL (AVENUE),48.7832,2.2861,Plein jour,En agglomération,Hors intersection,Pluie forte,Deux véhicules - côté,,,,,,,,,,,1,2,1,3.0,3.0
201800037559,0018-01-18 19:15:00,18,1,18,19,15,920,23,"104, HENRI BARBUSSE (AVE",48.41307,2.25803,Nuit avec éclairage allumé,En agglomération,Intersection en X,Pluie légère,Deux véhicules - côté,,,,,,,,,,,5,2,2,2.0,3.0
201800037560,0018-01-19 20:15:00,18,1,19,20,15,920,23,"477, GENERAL DE GAULLE (",48.77941,2.23691,Nuit avec éclairage allumé,En agglomération,Hors intersection,Normale,Deux véhicules - arrière,,,,,,,,,,,5,2,1,1.0,2.0
201800037561,0018-01-22 03:25:00,18,1,22,3,25,920,23,"204, HENRI BARBUSSE (AVE",48.81645,2.25346,Nuit avec éclairage allumé,En agglomération,Hors intersection,Pluie légère,Autre collision,,,,,,,,,,,5,2,1,2.0,6.0
201800037562,0018-01-26 18:40:00,18,1,26,18,40,920,60,"1, ESCARGOT D'OR PASSAG",48.78136,2.26239,Nuit avec éclairage allumé,En agglomération,Hors intersection,Normale,Autre collision,,,,,,,,,,,5,2,1,1.0,6.0
201800037563,0018-01-24 15:15:00,18,1,24,15,15,920,23,"207, PORTE DE TRIVAUX (R",48.78455,2.23485,Plein jour,En agglomération,Giratoire,Normale,Deux véhicules - arrière,,,,,,,,,,,1,2,6,1.0,2.0
201800037564,0018-01-27 19:20:00,18,1,27,19,20,920,23,"1, PAIX (AVENUE DE LA)",48.81491,2.27767,Nuit avec éclairage allumé,En agglomération,Hors intersection,Normale,Deux véhicules - côté,,,,,,,,,,,5,2,1,1.0,3.0
201800037565,0018-01-12 20:20:00,18,1,12,20,20,920,23,"27, PAUL VAILLANT COUTUR",48.80247,2.26383,Crépuscule ou aube,En agglomération,Passage à niveau,Normale,Sans collision,,,,,,,,,,,2,2,8,1.0,7.0
201800037566,0018-01-31 07:35:00,18,1,31,7,35,920,23,"50, VICTOR HUGO (AVENUE)",48.80425,2.26735,Nuit avec éclairage allumé,En agglomération,Hors intersection,Pluie légère,Deux véhicules - côté,,,,,,,,,,,5,2,1,2.0,3.0
201800037567,0018-01-25 03:25:00,18,1,25,3,25,920,23,"1, VILLACOUBLAY (AVENUE",48.78421,2.23371,Nuit avec éclairage allumé,En agglomération,Hors intersection,Pluie légère,Autre collision,,,,,,,,,,,5,2,1,2.0,6.0
201800037568,0018-02-01 08:45:00,18,2,1,8,45,920,23,"00, MOULIN DE PIERRE (RU",48.80765,2.26395,Plein jour,En agglomération,Intersection en X,Pluie forte,Deux véhicules - côté,,,,,,,,,,,1,2,2,3.0,3.0
201800037569,0018-01-31 09:30:00,18,1,31,9,30,920,23,"82, MOULIN DE PIERRE (RU",48.80959,2.26697,Plein jour,En agglomération,Hors intersection,Pluie légère,Deux véhicules - côté,,,,,,,,,,,1,2,1,2.0,3.0
201800037570,0018-02-13 15:45:00,18,2,13,15,45,920,23,"9, PETITS PONTS (CHEMIN",48.78642,2.25101,Plein jour,En agglomération,Hors intersection,Pluie légère,Autre collision,,,,,,,,,,,1,2,1,2.0,6.0
201800037571,0018-02-21 09:50:00,18,2,21,9,50,920,23,"0, PORTE DE TRIVAUX (RUE",48.78535,2.2405,Plein jour,En agglomération,Intersection en X,Normale,Autre collision,,,,,,,,,,,1,2,2,1.0,6.0
201800037572,0018-02-22 12:10:00,18,2,22,12,10,920,23,"22, VANVES (RUE DE)",48.81206,2.27203,Plein jour,En agglomération,Hors intersection,Normale,Sans collision,,,,,,,,,,,1,2,1,1.0,7.0
201800037573,0018-02-04 19:00:00,18,2,4,19,0,920,23,PAVE BLANC (ROUTE DU) N°,48.78457,2.23794,Nuit avec éclairage allumé,En agglomération,Hors intersection,Normale,Trois véhicules et plus - collisions multiples,,,,,,,,,,,5,2,1,1.0,5.0
201800037574,0018-03-13 20:05:00,18,3,13,20,5,920,23,"43, COMMANDANT DUVAL (RU",48.78089,2.23311,Nuit avec éclairage allumé,En agglomération,Hors intersection,Normale,Deux véhicules - arrière,,,,,,,,,,,5,2,1,1.0,2.0
201800037575,0018-03-19 09:50:00,18,3,19,9,50,920,23,"104, HENRI BARBUSSE (AVE",48.81315,2.25809,Plein jour,En agglomération,Hors intersection,Neige / grêle,Autre collision,,,,,,,,,,,1,2,1,4.0,6.0
201800037576,0018-02-16 09:10:00,18,2,16,9,10,920,60,"0, EDOUARD HERRIOT (AVEN",48.78214,2.25291,Plein jour,En agglomération,Hors intersection,Normale,Deux véhicules - côté,,,,,,,,,,,1,2,1,1.0,3.0
201800037577,0018-02-08 19:15:00,18,2,8,19,15,920,23,"0, COMMANDANT DUVAL (RUE",48.78072,2.23295,Nuit avec éclairage allumé,En agglomération,Hors intersection,Normale,Autre collision,,,,,,,,,,,5,2,1,1.0,6.0
201800037578,0018-03-23 19:20:00,18,3,23,19,20,920,23,"64, CHATILLON (RUE DE)",48.80171,2.2743,Nuit avec éclairage allumé,En agglomération,Hors intersection,Normale,Autre collision,,,,,,,,,,,5,2,1,1.0,6.0
201800037579,0018-03-29 12:50:00,18,3,29,12,50,920,23,"11, PAVE BLANC (ROUTE DU",48.78132,2.23868,Plein jour,En agglomération,Hors intersection,Normale,Autre collision,,,,,,,,,,,1,2,1,1.0,6.0
201800037580,0018-03-29 15:30:00,18,3,29,15,30,920,23,"101, HENRI BARBUSSE (AVE",48.81452,2.25759,Plein jour,En agglomération,Hors intersection,Normale,Autre collision,,,,,,,,,,,1,2,1,1.0,6.0
201800037581,0018-04-07 22:00:00,18,4,7,22,0,920,60,"2 BIS, CHARLES DE GAULLE",48.78287,2.26602,Nuit avec éclairage allumé,En agglomération,Hors intersection,Normale,Deux véhicules - côté,,,,,,,,,,,5,2,1,1.0,3.0
201800037582,0018-04-06 08:10:00,18,4,6,8,10,920,23,"492, GENERAL DE GAULLE (",48.77898,2.23546,Plein jour,En agglomération,Hors intersection,Normale,Autre collision,,,,,,,,,,,1,2,1,1.0,6.0
201800037583,0018-03-16 14:00:00,18,3,16,14,0,920,23,"26, GAITE (RUE DE LA)",48.7794,2.2342,Plein jour,En agglomération,Intersection en X,Normale,Deux véhicules - côté,,,,,,,,,,,1,2,2,1.0,3.0
201800037584,0018-04-11 16:10:00,18,4,11,16,10,920,23,"25, JEAN BAPTISTE CLEMEN",48.79896,2.26805,Plein jour,En agglomération,Hors intersection,Normale,Sans collision,,,,,,,,,,,1,2,1,1.0,7.0
201800037585,0018-04-18 19:35:00,18,4,18,19,35,920,20,"150, VERDUN AVENUE DE AU",48.7942,2.27272,Plein jour,En agglomération,Hors intersection,Normale,Deux véhicules - arrière,,,,,,,,,,,1,2,1,1.0,2.0
201800037586,0018-03-17 16:22:00,18,3,17,16,22,920,60,"69, ROBINSON (AVENUE DE)",48.77951,2.27484,Plein jour,En agglomération,Hors intersection,Neige / grêle,Autre collision,,,,,,,,,,,1,2,1,4.0,6.0
201800037587,0018-04-03 08:30:00,18,4,3,8,30,920,60,"07, ALLIES (PLACE DES)",48.77573,2.25692,Plein jour,En agglomération,Hors intersection,Normale,Autre collision,,,,,,,,,,,1,2,1,1.0,6.0
201800037588,0018-04-18 18:50:00,18,4,18,18,50,920,23,"11b, SCHNEIDER (AVENUE)",48.80581,2.25747,Plein jour,En agglomération,Intersection en T,Normale,Deux véhicules - frontale,,,,,,,,,,,1,2,3,1.0,1.0
201800037589,0018-04-12 21:55:00,18,4,12,21,55,920,23,"0, GENERAL DE GAULLE (AV",48.79008,2.26287,Nuit avec éclairage allumé,En agglomération,Intersection en X,Pluie légère,Deux véhicules - côté,,,,,,,,,,,5,2,2,2.0,3.0
201800037590,0018-04-13 08:45:00,18,4,13,8,45,920,23,"235, GENERAL DE GAULLE (",48.78651,2.25429,Plein jour,En agglomération,Hors intersection,Normale,Deux véhicules - côté,,,,,,,,,,,1,2,1,1.0,3.0
201800037591,0018-05-04 07:55:00,18,5,4,7,55,920,23,"81, JEAN JAURES (AVENUE)",48.80529,2.26672,Plein jour,En agglomération,Hors intersection,Normale,Deux véhicules - côté,,,,,,,,,,,1,2,1,1.0,3.0
201800037592,0018-05-11 17:00:00,18,5,11,17,0,920,60,"11, PAUL LANGEVIN (AVENU",48.77762,2.25023,Plein jour,En agglomération,Hors intersection,Normale,Autre collision,,,,,,,,,,,1,2,1,1.0,6.0
201800037593,0018-05-15 01:25:00,18,5,15,1,25,920,23,"235, GENERAL DE GAULLE (",48.78646,2.25412,Nuit avec éclairage allumé,En agglomération,Intersection en X,Normale,Deux véhicules - côté,,,,,,,,,,,5,2,2,1.0,3.0
201800037594,0018-05-16 08:15:00,18,5,16,8,15,920,23,"21, GABRIEL PERI (RUE)",48.80298,2.267,Plein jour,En agglomération,Hors intersection,Normale,Autre collision,,,,,,,,,,,1,2,1,1.0,6.0
201800037595,0018-04-21 18:30:00,18,4,21,18,30,920,60,EDOUARD HERRIOT (AVENUE),48.78236,2.2589,Plein jour,En agglomération,Intersection en X,Normale,Deux véhicules - côté,,,,,,,,,,,1,2,2,1.0,3.0
201800037596,0018-05-16 21:30:00,18,5,16,21,30,920,60,"1, PAUL LANGEVIN (AVENUE",48.78218,2.25313,Plein jour,En agglomération,Hors intersection,Normale,Deux véhicules - arrière,,,,,,,,,,,1,2,1,1.0,2.0
201800037597,0018-04-23 12:40:00,18,4,23,12,40,920,23,"76, PLAISANCE (RUE DE)",48.77851,2.23022,Plein jour,En agglomération,Autre intersection,Normale,Autre collision,,,,,,,,,,,1,2,9,1.0,6.0
201800037598,0018-04-24 08:25:00,18,4,24,8,25,920,23,"514, GENERAL DE GAULLE (",48.77836,2.23403,Plein jour,En agglomération,Hors intersection,Normale,Deux véhicules - côté,,,,,,,,,,,1,2,1,1.0,3.0
201800037599,0018-04-25 22:15:00,18,4,25,22,15,920,23,"0, FRERES VIGOUROUX (BOU",48.81426,2.27813,Nuit avec éclairage allumé,En agglomération,Intersection en X,Normale,Deux véhicules - côté,,,,,,,,,,,5,2,2,1.0,3.0
201800037600,0018-06-11 08:30:00,18,6,11,8,30,920,23,"41, PAVE BLANC (ROUTE DU",48.78318,2.23832,Plein jour,En agglomération,Hors intersection,Normale,Trois véhicules et plus - collisions multiples,,,,,,,,,,,1,2,1,1.0,5.0
201800037601,0018-04-21 02:25:00,18,4,21,2,25,920,23,"557, GENERAL DE GAULLE (",48.77699,2.23101,Nuit avec éclairage allumé,En agglomération,Intersection en X,Normale,Deux véhicules - côté,,,,,,,,,,,5,2,2,1.0,3.0
201800037602,0018-06-20 08:30:00,18,6,20,8,30,920,23,"11, CHARLES DEBRY (RUE)",48.77936,2.23407,Plein jour,En agglomération,Intersection en X,Normale,Autre collision,,,,,,,,,,,1,2,2,1.0,6.0
201800037603,0018-05-05 14:40:00,18,5,5,14,40,920,23,"0, GARENNE (ROUTE DE LA)",48.77924,2.22851,Plein jour,En agglomération,Intersection en X,Normale,Deux véhicules - côté,,,,,,,,,,,1,2,2,1.0,3.0
201800037604,0018-05-09 09:15:00,18,5,9,9,15,920,23,"61, JEAN JAURES (AVENUE)",48.80429,2.2662,Plein jour,En agglomération,Hors intersection,Normale,Autre collision,,,,,,,,,,,1,2,1,1.0,6.0
201800037605,0018-06-04 16:15:00,18,6,4,16,15,920,23,"73, PLAISANCE (RUE DE)",48.77824,2.22966,Plein jour,En agglomération,Autre intersection,Normale,Autre collision,,,,,,,,,,,1,2,9,1.0,6.0
201800037606,0018-06-05 07:45:00,18,6,5,7,45,920,23,"41, PLAISANCE (RUE DE)",48.77903,2.23157,Plein jour,En agglomération,Hors intersection,Pluie légère,Deux véhicules - arrière,,,,,,,,,,,1,2,1,2.0,2.0
201800037607,0018-05-24 21:15:00,18,5,24,21,15,920,60,"12, GRANDE RUE",48.78057,2.2622,Crépuscule ou aube,En agglomération,Hors intersection,Normale,Deux véhicules - côté,,,,,,,,,,,2,2,1,1.0,3.0
201800037608,0018-07-04 18:15:00,18,7,4,18,15,920,23,"169, PORTE DE TRIVAUX (R",48.78943,2.25217,Plein jour,En agglomération,Hors intersection,Normale,Autre collision,,,,,,,,,,,1,2,1,1.0,6.0
201800037609,0018-06-05 16:35:00,18,6,5,16,35,920,60,"0, CHARLES DE GAULLE (AV",48.78154,2.26381,Plein jour,En agglomération,Hors intersection,Normale,Autre collision,,,,,,,,,,,1,2,1,1.0,6.0
201800037610,0018-06-08 16:40:00,18,6,8,16,40,920,23,"54, GENERAL DE GAULLE (A",48.79242,2.26842,Plein jour,En agglomération,Hors intersection,Normale,Deux véhicules - frontale,,,,,,,,,,,1,2,1,1.0,1.0
201800037611,0018-06-27 15:45:00,18,6,27,15,45,920,23,"0, PORTE DE TRIVAUX (RUE",48.78846,2.24982,Plein jour,En agglomération,Hors intersection,Normale,Deux véhicules - arrière,,,,,,,,,,,1,2,1,1.0,2.0
201800037612,0018-07-07 15:50:00,18,7,7,15,50,920,60,"6, GRANDE RUE",48.78091,2.26236,Plein jour,En agglomération,Hors intersection,Normale,Deux véhicules - arrière,,,,,,,,,,,1,2,1,1.0,2.0
201800037613,0018-06-22 18:10:00,18,6,22,18,10,920,60,"86, CHARLES DE GAULLE (A",48.77673,2.25697,Plein jour,En agglomération,Hors intersection,Normale,Deux véhicules - côté,,,,,,,,,,,1,2,1,1.0,3.0
201800037614,0018-07-10 19:45:00,18,7,10,19,45,920,23,"133, GENERAL DE GAULLE (",48.7901,2.26292,Plein jour,En agglomération,Intersection en X,Normale,Deux véhicules - arrière,,,,,,,,,,,1,2,2,1.0,2.0
201800037615,0018-07-20 01:00:00,18,7,20,1,0,920,60,"1, PAUL LANGEVIN (AVENUE",48.78215,2.25291,Nuit avec éclairage allumé,En agglomération,Intersection en X,Normale,Deux véhicules - côté,,,,,,,,,,,5,2,2,1.0,3.0
201800037616,0018-07-21 15:40:00,18,7,21,15,40,920,23,"33, FLEURY (RUE DE)",48.81338,2.26704,Plein jour,En agglomération,Intersection en X,Normale,Deux véhicules - côté,,,,,,,,,,,1,2,2,1.0,3.0
201800037617,0018-07-25 23:10:00,18,7,25,23,10,920,23,"320, GENERAL DE GAULLE (",48.78486,2.24973,Nuit avec éclairage allumé,En agglomération,Hors intersection,Normale,Deux véhicules - côté,,,,,,,,,,,5,2,1,1.0,3.0
201800037618,0018-07-26 11:50:00,18,7,26,11,50,920,23,VICTOR HUGO (AVENUE),48.80475,2.26797,Plein jour,En agglomération,Hors intersection,Normale,Autre collision,,,,,,,,,,,1,2,1,1.0,6.0
201800037619,0018-07-27 16:00:00,18,7,27,16,0,920,60,PAUL LANGEVIN (AVENUE) (,48.78227,2.25311,Plein jour,En agglomération,Intersection en X,Normale,Deux véhicules - côté,,,,,,,,,,,1,2,2,1.0,3.0
201800037620,0018-07-30 17:50:00,18,7,30,17,50,920,23,PLAISANCE (RUE DE),48.77903,2.23136,Plein jour,En agglomération,Hors intersection,Normale,Autre collision,,,,,,,,,,,1,2,1,1.0,6.0
201800037621,0018-06-30 02:30:00,18,6,30,2,30,920,23,"39, CHATILLON (RUE DE)",48.80492,2.26879,Nuit avec éclairage allumé,En agglomération,Autre intersection,Normale,Deux véhicules - arrière,,,,,,,,,,,5,2,9,1.0,2.0
201800037622,0018-06-13 18:10:00,18,6,13,18,10,920,23,"0, PAUL ANDRILLON (RUE)",48.78026,2.22846,Plein jour,En agglomération,Intersection en Y,Normale,Autre collision,,,,,,,,,,,1,2,4,1.0,6.0
201800037623,0018-07-31 12:55:00,18,7,31,12,55,920,23,GATHELOT (RUE),48.79862,2.26486,Plein jour,En agglomération,Hors intersection,Normale,Autre collision,,,,,,,,,,,1,2,1,1.0,6.0
201800037624,0018-06-30 07:30:00,18,6,30,7,30,920,23,"181, GENERAL DE GAULLE (",48.7887,2.25888,Plein jour,En agglomération,Intersection en Y,Normale,Trois véhicules et plus - collisions multiples,,,,,,,,,,,1,2,4,1.0,5.0
201800037625,0018-08-02 20:40:00,18,8,2,20,40,920,60,CHARLES DE GAULLE (AVENU,48.77763,2.2588,Plein jour,En agglomération,Intersection en X,Normale,Deux véhicules - arrière,,,,,,,,,,,1,2,2,1.0,2.0
201800037626,0018-08-03 21:35:00,18,8,3,21,35,920,60,PAUL LANGEVIN (AVENUE) (,48.78222,2.25311,Nuit avec éclairage allumé,En agglomération,Intersection en X,Normale,Deux véhicules - côté,,,,,,,,,,,5,2,2,1.0,3.0
201800037627,0018-06-29 09:35:00,18,6,29,9,35,920,23,"557, GENERAL DE GAULLE (",48.7774,2.23136,Plein jour,En agglomération,Hors intersection,Normale,Deux véhicules - côté,,,,,,,,,,,1,2,1,1.0,3.0
201800037628,0018-06-29 10:05:00,18,6,29,10,5,920,60,"9, PAUL LANGEVIN (AVENUE",48.78194,2.25273,Plein jour,En agglomération,Hors intersection,Normale,Autre collision,,,,,,,,,,,1,2,1,1.0,6.0
201800037629,0018-08-10 18:25:00,18,8,10,18,25,920,23,PAUL VAILLANT COUTURIER,48.8018,2.2659,Plein jour,En agglomération,Intersection en X,Normale,Autre collision,,,,,,,,,,,1,2,2,1.0,6.0
201800037630,0018-09-09 10:20:00,18,9,9,10,20,920,60,CHARLES DE GAULLE (AVENU,48.77699,2.25754,Plein jour,En agglomération,Hors intersection,Normale,Autre collision,,,,,,,,,,,1,2,1,1.0,6.0
201800037631,0018-09-07 16:55:00,18,9,7,16,55,920,23,MOULIN DE LA TOUR (BOULE,48.78882,2.26649,Plein jour,En agglomération,Hors intersection,Normale,Deux véhicules - côté,,,,,,,,,,,1,2,1,1.0,3.0
201800037632,0018-09-10 03:40:00,18,9,10,3,40,920,23,GENERAL DE GAULLE (AV DU,48.78344,2.24665,Nuit avec éclairage allumé,En agglomération,Intersection en X,Normale,Deux véhicules - côté,,,,,,,,,,,5,2,2,1.0,3.0
201800037633,0018-09-11 12:48:00,18,9,11,12,48,920,23,MARQUIS (PLACE) Nø1 ET 2,48.80533,2.2592,Plein jour,En agglomération,Hors intersection,Normale,Deux véhicules - arrière,,,,,,,,,,,1,2,1,1.0,2.0
201800037634,0018-07-03 09:05:00,18,7,3,9,5,920,23,"38, FLEURY (RUE DE)",48.81226,2.26194,Plein jour,En agglomération,Intersection en T,Normale,Deux véhicules - côté,,,,,,,,,,,1,2,3,1.0,3.0
201800037635,0018-07-04 06:45:00,18,7,4,6,45,920,60,"1, PAUL LANGEVIN (AVENUE",48.78216,2.25304,Plein jour,En agglomération,Intersection en X,Normale,Deux véhicules - côté,,,,,,,,,,,1,2,2,1.0,3.0
201800037636,0018-07-06 11:05:00,18,7,6,11,5,920,23,"10, PIERRE ET MARIE CURI",48.80034,2.26443,Plein jour,En agglomération,Hors intersection,Normale,Autre collision,,,,,,,,,,,1,2,1,1.0,6.0
201800037637,0018-07-28 14:30:00,18,7,28,14,30,920,23,HENRI BARBUSSE (AVENUE),48.80699,2.25884,Plein jour,En agglomération,Hors intersection,Normale,Deux véhicules - arrière,,,,,,,,,,,1,2,1,1.0,2.0
201800037638,0018-07-29 01:50:00,18,7,29,1,50,920,23,GENERAL DE GAULLE (AV DU,48.78648,2.25417,Nuit avec éclairage allumé,En agglomération,Hors intersection,Normale,Autre collision,,,,,,,,,,,5,2,1,1.0,6.0
201800037639,0018-07-29 21:20:00,18,7,29,21,20,920,23,GENERAL DE GAULLE (AV DU,48.78633,2.25379,Crépuscule ou aube,En agglomération,Intersection en X,Normale,Deux véhicules - côté,,,,,,,,,,,2,2,2,1.0,3.0
201800037640,0018-09-17 09:22:00,18,9,17,9,22,920,23,HENRI BARBUSSE (AVENUE),48.81382,2.25788,Plein jour,En agglomération,Hors intersection,Normale,Deux véhicules - côté,,,,,,,,,,,1,2,1,1.0,3.0
201800037641,0018-09-22 14:40:00,18,9,22,14,40,920,23,VILLACOUBLAY (AVENUE DE),48.78253,2.22857,Plein jour,En agglomération,Hors intersection,Pluie légère,Deux véhicules - côté,,,,,,,,,,,1,2,1,2.0,3.0
201800037642,0018-09-26 17:30:00,18,9,26,17,30,920,23,GENERAL DE GAULLE (AV DU,48.78531,2.25128,Plein jour,En agglomération,Intersection en X,Normale,Deux véhicules - côté,,,,,,,,,,,1,2,2,1.0,3.0
201800037643,0018-09-26 13:40:00,18,9,26,13,40,920,23,PLAISANCE (RUE DE),48.77927,2.23206,Plein jour,En agglomération,Hors intersection,Normale,Autre collision,,,,,,,,,,,1,2,1,1.0,6.0
201800037644,0018-09-30 18:45:00,18,9,30,18,45,920,23,MARQUIS (PLACE) Nø1 ET 2,48.80533,2.25924,Nuit avec éclairage allumé,En agglomération,Autre intersection,Normale,Deux véhicules - arrière,,,,,,,,,,,5,2,9,1.0,2.0
201800037645,0018-10-10 21:40:00,18,10,10,21,40,920,23,GENERAL DE GAULLE (AV DU,48.78638,2.25406,Nuit avec éclairage allumé,En agglomération,Intersection en X,Normale,Deux véhicules - côté,,,,,,,,,,,5,2,2,1.0,3.0
201800037646,0018-10-11 11:27:00,18,10,11,11,27,920,23,JEAN JAURES (AVENUE) N°1,48.80348,2.26684,Plein jour,En agglomération,Intersection en X,Normale,Autre collision,,,,,,,,,,,1,2,2,1.0,6.0
201800037647,0018-10-25 08:35:00,18,10,25,8,35,920,23,ILE DE FRANCE (RUE DE L',48.78427,2.24519,Plein jour,En agglomération,Hors intersection,Normale,Autre collision,,,,,,,,,,,1,2,1,1.0,6.0
201800037648,0018-10-26 07:32:00,18,10,26,7,32,920,23,PAVE BLANC (ROUTE DU) Nø,44.78046,2.23903,Crépuscule ou aube,En agglomération,Intersection en T,Normale,Deux véhicules - côté,,,,,,,,,,,2,2,3,1.0,3.0
201800037649,0018-11-05 16:42:00,18,11,5,16,42,920,23,MONTS (RUE DES),48.81502,2.25788,Plein jour,En agglomération,Hors intersection,Normale,Autre collision,,,,,,,,,,,1,2,1,1.0,6.0
201800037650,0018-11-08 17:05:00,18,11,8,17,5,920,23,HENRI BARBUSSE (AVENUE),48.80835,2.25869,Crépuscule ou aube,En agglomération,Intersection en T,Normale,Deux véhicules - côté,,,,,,,,,,,2,2,3,1.0,3.0
201800037651,0018-11-08 20:20:00,18,11,8,20,20,920,23,EUGENE BEAUJARD (CARREFO,48.78969,2.25274,Nuit avec éclairage allumé,En agglomération,Giratoire,Normale,Deux véhicules - côté,,,,,,,,,,,5,2,6,1.0,3.0
201800037652,0018-11-09 18:00:00,18,11,9,18,0,920,60,PAUL LANGEVIN (AVENUE) (,48.77667,2.24988,Nuit avec éclairage allumé,En agglomération,Hors intersection,Normale,Trois véhicules et plus - collisions multiples,,,,,,,,,,,5,2,1,1.0,5.0
201800037653,0018-11-09 16:40:00,18,11,9,16,40,920,23,CHAMPAGNE (RUE),48.78531,2.24631,Plein jour,En agglomération,Intersection en Y,Normale,Deux véhicules - frontale,,,,,,,,,,,1,2,4,1.0,1.0
201800037654,0018-11-19 15:35:00,18,11,19,15,35,920,23,CLAUDE TREBIGNAUD (AVENU,48.79261,2.25254,Plein jour,En agglomération,Hors intersection,Normale,Autre collision,,,,,,,,,,,1,2,1,1.0,6.0
201800037655,0018-11-29 17:25:00,18,11,29,17,25,920,60,GALILEE (AVENUE),48.77367,2.24484,Crépuscule ou aube,En agglomération,Hors intersection,Normale,Deux véhicules - côté,,,,,,,,,,,2,2,1,1.0,3.0
201800037656,0018-12-02 20:25:00,18,12,2,20,25,920,23,PICARDIE (RUE DE),48.78671,2.24526,Nuit avec éclairage allumé,En agglomération,Intersection en X,Normale,Deux véhicules - arrière,,,,,,,,,,,5,2,2,1.0,2.0
201800037657,0018-12-03 15:30:00,18,12,3,15,30,920,23,VICTOR HUGO (AVENUE),48.80933,2.27198,Plein jour,En agglomération,Intersection en X,Pluie légère,Autre collision,,,,,,,,,,,1,2,2,2.0,6.0
201800037658,0018-12-05 21:10:00,18,12,5,21,10,920,23,PIERRE LOUVRIER (RUE),48.80509,2.27204,Nuit avec éclairage allumé,Hors agglomération,Hors intersection,Normale,Deux véhicules - côté,,,,,,,,,,,5,1,1,1.0,3.0
201800037659,0018-12-07 16:45:00,18,12,7,16,45,920,23,JEANNE HACHETTE (RUE),48.78447,2.25218,Crépuscule ou aube,En agglomération,Intersection en T,Pluie légère,Deux véhicules - côté,,,,,,,,,,,2,2,3,2.0,3.0