accident_id,datetime,annee,mois,jour,heure,minute,departement,commune_insee,adresse,latitude,longitude,luminosite,agglomeration,intersection,meteo,collision,nb_vehicules,nb_usagers,nb_indemnes,nb_tues,nb_blesses_hosp,nb_blesses_legers,age_cond_1,age_cond_2,veh_type_cond_1,veh_type_cond_2,lum_code,agg_code,int_code,atm_code,col_code
201800037660,0018-12-12 07:05:00,18,12,12,7,5,920,23,GENERAL DE GAULLE (AV DU,48.78644,2.25408,Nuit avec éclairage allumé,En agglomération,Hors intersection,Normale,Autre collision,,,,,,,,,,,5,2,1,1.0,6.0
201800037661,0018-12-13 13:57:00,18,12,13,13,57,920,23,GENERAL DE GAULLE (AV DU,48.77877,2.23521,Plein jour,En agglomération,Hors intersection,Normale,Deux véhicules - arrière,,,,,,,,,,,1,2,1,1.0,2.0
201800037662,0018-12-16 05:00:00,18,12,16,5,0,920,60,PAUL LANGEVIN (AVENUE) (,48.77762,2.25017,Nuit sans éclairage public,En agglomération,Hors intersection,Brouillard / fumée,Autre collision,,,,,,,,,,,3,2,1,5.0,6.0
201800037663,0018-12-21 17:14:00,18,12,21,17,14,920,23,GENERAL DE GAULLE (AVENU,48.78642,2.254,Nuit avec éclairage allumé,En agglomération,Intersection en X,Normale,Deux véhicules - frontale,,,,,,,,,,,5,2,2,1.0,1.0
201800037664,0018-12-27 19:08:00,18,12,27,19,8,920,23,GARENNE (ROUTE DE LA),48.778,2.22943,Nuit avec éclairage allumé,En agglomération,Intersection en X,Normale,Deux véhicules - côté,,,,,,,,,,,5,2,2,1.0,3.0
201800037665,0018-12-27 20:08:00,18,12,27,20,8,920,23,GARDE (PLACE DU) S102,48.80337,2.2573,Nuit avec éclairage allumé,En agglomération,Giratoire,Normale,Deux véhicules - côté,,,,,,,,,,,5,2,6,1.0,3.0
201800037666,0018-12-29 17:00:00,18,12,29,17,0,920,23,PORTE DE TRIVAUX (RUE DE,48.79039,2.25545,Crépuscule ou aube,En agglomération,Intersection en T,Normale,Deux véhicules - côté,,,,,,,,,,,2,2,3,1.0,3.0
201800037667,0018-01-05 13:25:00,18,1,5,13,25,920,24,"3, MADAME DE SANZILLON (",48.9033,2.31363,Plein jour,En agglomération,Hors intersection,Normale,Deux véhicules - côté,,,,,,,,,,,1,2,1,1.0,3.0
201800037668,0018-01-08 17:10:00,18,1,8,17,10,920,24,"84, VICTOR HUGO (BD)",48.90027,2.31498,Plein jour,En agglomération,Hors intersection,Normale,Deux véhicules - côté,,,,,,,,,,,1,2,1,1.0,3.0
201800037669,0018-01-18 12:52:00,18,1,18,12,52,920,24,"63, JEAN JAURES (BD) DE",48.90097,2.30524,Plein jour,En agglomération,Hors intersection,Normale,Deux véhicules - arrière,,,,,,,,,,,1,2,1,1.0,2.0
201800037670,0018-01-21 14:50:00,18,1,21,14,50,920,24,"85, GENERAL LECLERC (RUE",48.90626,2.30909,Plein jour,En agglomération,Hors intersection,Normale,Deux véhicules - côté,,,,,,,,,,,1,2,1,1.0,3.0
201800037671,0018-01-23 14:30:00,18,1,23,14,30,920,24,"12, VILLENEUVE (RUE) DE",48.90346,2.30581,Plein jour,En agglomération,Intersection en X,Normale,Autre collision,,,,,,,,,,,1,2,2,1.0,6.0
201800037672,0018-01-30 13:30:00,18,1,30,13,30,920,24,"2, GEORGES BOISSEAU (RUE",48.90301,2.3187,Plein jour,En agglomération,Intersection en T,Normale,Autre collision,,,,,,,,,,,1,2,3,1.0,6.0
201800037673,0018-03-07 14:35:00,18,3,7,14,35,920,24,"69, HENRI BARBUSSE (RUE)",48.89951,2.3049,Plein jour,En agglomération,Intersection en X,Normale,Autre collision,,,,,,,,,,,1,2,2,1.0,6.0
201800037674,0018-03-07 18:30:00,18,3,7,18,30,920,24,"115, VICTOR HUGO (BD)",48.90185,2.31718,Plein jour,En agglomération,Intersection en T,Normale,Autre collision,,,,,,,,,,,1,2,3,1.0,6.0
201800037675,0018-03-08 15:10:00,18,3,8,15,10,920,24,"14, MARTRE DE (4 A 54)",48.89862,2.31047,Plein jour,En agglomération,Hors intersection,Pluie légère,Autre collision,,,,,,,,,,,1,2,1,2.0,6.0
201800037676,0018-03-08 21:45:00,18,3,8,21,45,920,24,"46, HENRI BARBUSSE (RUE)",48.89948,2.30684,Nuit avec éclairage allumé,En agglomération,Intersection en X,Pluie légère,Autre collision,,,,,,,,,,,5,2,2,2.0,6.0
201800037677,0018-03-10 04:25:00,18,3,10,4,25,920,24,"2, NEUILLY (RUE DE) DE (",48.89899,2.29642,Nuit avec éclairage allumé,En agglomération,Intersection en T,Normale,Deux véhicules - côté,,,,,,,,,,,5,2,3,1.0,3.0
201800037678,0018-03-11 22:10:00,18,3,11,22,10,920,24,"103, HENRI BARBUSSE (RUE",48.90106,2.30819,Nuit avec éclairage allumé,En agglomération,Intersection en X,Normale,Deux véhicules - côté,,,,,,,,,,,5,2,2,1.0,3.0
201800037679,0018-03-12 18:00:00,18,3,12,18,0,920,24,"2, CLICHY (QUAI DE) DE (",48.90306,2.28884,Plein jour,En agglomération,Giratoire,Normale,Deux véhicules - côté,,,,,,,,,,,1,2,6,1.0,3.0
201800037680,0018-03-31 16:15:00,18,3,31,16,15,920,24,"41, MARTRE (RUE) DE (1 A",48.8998,2.30836,Plein jour,En agglomération,Hors intersection,Normale,Deux véhicules - côté,,,,,,,,,,,1,2,1,1.0,3.0
201800037681,0018-04-04 13:20:00,18,4,4,13,20,920,24,"60, CLICHY (QUAI DE) DE",48.90766,2.29881,Plein jour,En agglomération,Intersection en X,Normale,Deux véhicules - côté,,,,,,,,,,,1,2,2,1.0,3.0
201800037682,0018-04-05 07:30:00,18,4,5,7,30,920,24,"4, PIERRE BEREGOVOY (RUE",48.90128,2.29388,Plein jour,En agglomération,Hors intersection,Normale,Sans collision,,,,,,,,,,,1,2,1,1.0,7.0
201800037683,0018-04-19 15:50:00,18,4,19,15,50,920,24,"28, GENERAL ROGUET (RUE",48.90539,2.31316,Plein jour,En agglomération,Hors intersection,Normale,Autre collision,,,,,,,,,,,1,2,1,1.0,6.0
201800037684,0018-04-21 23:10:00,18,4,21,23,10,920,24,"140, MARTRE (RUE) DE (11",48.9078,2.30161,Nuit avec éclairage allumé,En agglomération,Intersection en T,Normale,Deux véhicules - frontale,,,,,,,,,,,5,2,3,1.0,1.0
201800037685,0018-04-24 20:30:00,18,4,24,20,30,920,24,"100, MARTRE (RUE) DE (59",48.90435,2.30522,Plein jour,En agglomération,Hors intersection,Normale,Autre collision,,,,,,,,,,,1,2,1,1.0,6.0
201800037686,0018-04-26 02:00:00,18,4,26,2,0,920,24,"34, CLICHY (QUAI DE)",48.90602,2.29633,Nuit avec éclairage allumé,En agglomération,Intersection en T,Normale,Deux véhicules - côté,,,,,,,,,,,5,2,3,1.0,3.0
201800037687,0018-04-27 14:40:00,18,4,27,14,40,920,24,"2, ASNIERES (ROUTE D')",48.90081,2.29266,Plein jour,En agglomération,Intersection en Y,Normale,Deux véhicules - côté,,,,,,,,,,,1,2,4,1.0,3.0
201800037688,0018-04-28 12:30:00,18,4,28,12,30,920,24,"36, ASNIERES (ROUTE D')",48.90322,2.28989,Plein jour,En agglomération,Giratoire,Normale,Trois véhicules et plus - en chaîne,,,,,,,,,,,1,2,6,1.0,4.0
201800037689,0018-04-07 11:50:00,18,4,7,11,50,920,24,"16, LEON GAMBETTA (ALLEE",48.90199,2.30909,Plein jour,En agglomération,Hors intersection,Normale,Deux véhicules - côté,,,,,,,,,,,1,2,1,1.0,3.0
201800037690,0018-04-10 08:35:00,18,4,10,8,35,920,24,"54, MARTRE DE (4 A 54)",48.90077,2.30831,Plein jour,En agglomération,Intersection en X,Normale,Trois véhicules et plus - en chaîne,,,,,,,,,,,1,2,2,1.0,4.0
201800037691,0018-04-14 09:50:00,18,4,14,9,50,920,24,"14, GUSTAVE EIFFEL (RUE)",48.90426,2.29685,Plein jour,En agglomération,Hors intersection,Normale,Deux véhicules - côté,,,,,,,,,,,1,2,1,1.0,3.0
201800037692,0018-07-17 19:35:00,18,7,17,19,35,920,24,"98, HENRI BARBUSSE (RUE)",48.90275,2.31216,Plein jour,En agglomération,Hors intersection,Normale,Deux véhicules - arrière,,,,,,,,,,,1,2,1,1.0,2.0
201800037693,0018-07-16 23:30:00,18,7,16,23,30,920,24,"22, GENERAL ROGUET (RUE",48.90459,2.31311,Nuit avec éclairage allumé,En agglomération,Intersection en Y,Normale,Trois véhicules et plus - collisions multiples,,,,,,,,,,,5,2,4,1.0,5.0
201800037694,0018-05-01 16:50:00,18,5,1,16,50,920,24,"71, ALSACE (RUE D') DE (",48.90531,2.30883,Plein jour,En agglomération,Intersection en X,Normale,Deux véhicules - côté,,,,,,,,,,,1,2,2,1.0,3.0
201800037695,0018-05-02 21:25:00,18,5,2,21,25,920,24,"95, VICTOR HUGO (BD)",48.90083,2.31546,Nuit avec éclairage allumé,En agglomération,Intersection en X,Pluie légère,Deux véhicules - côté,,,,,,,,,,,5,2,2,2.0,3.0
201800037696,0018-05-04 08:40:00,18,5,4,8,40,920,24,"59, VICTOR HUGO (BD)",48.89915,2.31284,Plein jour,En agglomération,Intersection en T,Normale,Deux véhicules - côté,,,,,,,,,,,1,2,3,1.0,3.0
201800037697,0018-07-23 13:40:00,18,7,23,13,40,920,24,"83, JEAN JAURES (BD) DE",48.90232,2.30424,Plein jour,En agglomération,Intersection en X,Normale,Deux véhicules - côté,,,,,,,,,,,1,2,2,1.0,3.0
201800037698,0018-07-23 19:25:00,18,7,23,19,25,920,24,"18, MARECHAL DELATTRE DE",48.9085,2.30515,Plein jour,En agglomération,Hors intersection,Normale,Autre collision,,,,,,,,,,,1,2,1,1.0,6.0
201800037699,0018-05-15 01:40:00,18,5,15,1,40,920,24,"78, MARTRE (RUE) DE (59",48.9025,2.30709,Nuit avec éclairage allumé,En agglomération,Hors intersection,Normale,Sans collision,,,,,,,,,,,5,2,1,1.0,7.0
201800037700,0018-05-17 17:30:00,18,5,17,17,30,920,24,"44, MARTRE DE (4 A 54)",48.90023,2.30886,Plein jour,En agglomération,Hors intersection,Normale,Deux véhicules - côté,,,,,,,,,,,1,2,1,1.0,3.0
201800037701,0018-05-23 18:00:00,18,5,23,18,0,920,24,"126, JEAN JAURES (BD) DE",48.90621,2.30144,Plein jour,En agglomération,Hors intersection,Normale,Autre collision,,,,,,,,,,,1,2,1,1.0,6.0
201800037702,0018-07-28 22:25:00,18,7,28,22,25,920,24,CLICHY (QUAI DE) DE (104,48.91245,2.31422,Nuit avec éclairage allumé,En agglomération,Intersection en Y,Normale,Deux véhicules - frontale,,,,,,,,,,,5,2,4,1.0,1.0
201800037703,0018-07-29 08:10:00,18,7,29,8,10,920,24,MARTRE (RUE) DE (59 A 10,48.90576,2.30383,Plein jour,En agglomération,Intersection en X,Normale,Deux véhicules - arrière,,,,,,,,,,,1,2,2,1.0,2.0
201800037704,0018-05-25 19:40:00,18,5,25,19,40,920,24,"80, MARTRE (RUE) DE (59",48.90237,2.30699,Crépuscule ou aube,En agglomération,Hors intersection,Normale,Trois véhicules et plus - en chaîne,,,,,,,,,,,2,2,1,1.0,4.0
201800037705,0018-05-26 06:10:00,18,5,26,6,10,920,24,"18, HUIT MAI 1945 (RUE D",48.89857,2.31017,Crépuscule ou aube,En agglomération,Hors intersection,Normale,Autre collision,,,,,,,,,,,2,2,1,1.0,6.0
201800037706,0018-05-30 18:18:00,18,5,30,18,18,920,24,"170, CLICHY (QUAI DE) DE",48.91246,2.31186,Plein jour,En agglomération,Intersection en T,Normale,Deux véhicules - côté,,,,,,,,,,,1,2,3,1.0,3.0
201800037707,0018-05-31 10:15:00,18,5,31,10,15,920,24,"1, JEAN JAURES (BD) DE (",48.89702,2.30893,Plein jour,En agglomération,Intersection en T,Normale,Deux véhicules - côté,,,,,,,,,,,1,2,3,1.0,3.0
201800037708,0018-08-06 19:15:00,18,8,6,19,15,920,24,MARTRE DE (4 A 54),48.86272,2.28759,Plein jour,En agglomération,Intersection en T,Normale,Autre collision,,,,,,,,,,,1,2,3,1.0,6.0
201800037709,0018-08-06 17:50:00,18,8,6,17,50,920,24,GENERAL ROGUET (RUE DU),48.85661,2.35221,Plein jour,En agglomération,Hors intersection,Normale,Autre collision,,,,,,,,,,,1,2,1,1.0,6.0
201800037710,0018-08-07 17:10:00,18,8,7,17,10,920,24,HENRI BARBUSSE (RUE) DE,48.86272,2.28759,Plein jour,En agglomération,Hors intersection,Normale,Deux véhicules - frontale,,,,,,,,,,,1,2,1,1.0,1.0
201800037711,0018-08-14 16:45:00,18,8,14,16,45,920,24,CLICHY (QUAI DE) DE (8 A,48.86272,2.28759,Plein jour,En agglomération,Hors intersection,Normale,Deux véhicules - côté,,,,,,,,,,,1,2,1,1.0,3.0
201800037712,0018-08-22 19:40:00,18,8,22,19,40,920,24,GENERAL LECLERC (BD DU),48.86272,2.28759,Plein jour,En agglomération,Hors intersection,Normale,Autre collision,,,,,,,,,,,1,2,1,1.0,6.0
201800037713,0018-08-24 08:25:00,18,8,24,8,25,920,24,VICTOR HUGO (BD),48.86272,2.28759,Plein jour,En agglomération,Intersection en T,Normale,Deux véhicules - côté,,,,,,,,,,,1,2,3,1.0,3.0
201800037714,0018-06-06 12:10:00,18,6,6,12,10,920,24,"60, CLICHY (QUAI DE) DE",48.90766,2.29881,Plein jour,En agglomération,Intersection en X,Normale,Deux véhicules - côté,,,,,,,,,,,1,2,2,1.0,3.0
201800037715,0018-06-09 15:30:00,18,6,9,15,30,920,24,"7, MARTYRES DE L'OCCUPAT",48.90139,2.30646,Plein jour,En agglomération,Hors intersection,Normale,Autre collision,,,,,,,,,,,1,2,1,1.0,6.0
201800037716,0018-06-10 18:55:00,18,6,10,18,55,920,24,"67, JEAN JAURES (BD) DE",48.90122,2.30506,Plein jour,En agglomération,Intersection en X,Normale,Deux véhicules - côté,,,,,,,,,,,1,2,2,1.0,3.0
201800037717,0018-06-15 18:30:00,18,6,15,18,30,920,24,"2, CLICHY (QUAI DE) DE (",48.90307,2.28883,Plein jour,En agglomération,Hors intersection,Normale,Deux véhicules - côté,,,,,,,,,,,1,2,1,1.0,3.0
201800037718,0018-06-18 18:00:00,18,6,18,18,0,920,24,"88, PARIS (RUE DE) DE (5",48.90146,2.30326,Plein jour,En agglomération,Hors intersection,Normale,Autre collision,,,,,,,,,,,1,2,1,1.0,6.0
201800037719,0018-06-27 08:30:00,18,6,27,8,30,920,24,"12, MOREL (RUE)",48.90104,2.31968,Plein jour,En agglomération,Hors intersection,Normale,Deux véhicules - arrière,,,,,,,,,,,1,2,1,1.0,2.0
201800037720,0018-08-27 09:40:00,18,8,27,9,40,920,24,CLICHY (QUAI DE) DE (8 A,48.90399,2.29166,Plein jour,En agglomération,Hors intersection,Normale,Deux véhicules - côté,,,,,,,,,,,1,2,1,1.0,3.0
201800037721,0018-08-28 15:50:00,18,8,28,15,50,920,24,LANDY (RUE DU) DE (1 A 1,48.90436,2.30455,Plein jour,En agglomération,Intersection en X,Normale,Deux véhicules - arrière,,,,,,,,,,,1,2,2,1.0,2.0
201800037722,0018-09-02 17:50:00,18,9,2,17,50,920,24,CLICHY (PONT DE),48.90484,2.30627,Plein jour,En agglomération,Intersection à plus de 4 branches,Normale,Autre collision,,,,,,,,,,,1,2,5,1.0,6.0
201800037723,0018-09-03 10:40:00,18,9,3,10,40,920,24,MOREL (RUE),48.90104,2.31969,Plein jour,En agglomération,Hors intersection,Normale,Sans collision,,,,,,,,,,,1,2,1,1.0,7.0
201800037724,0018-09-08 11:25:00,18,9,8,11,25,920,24,MARTRE (RUE) DE (59 A 10,48.90531,2.30442,Plein jour,En agglomération,Hors intersection,Normale,Deux véhicules - côté,,,,,,,,,,,1,2,1,1.0,3.0
201800037725,0018-09-13 01:54:00,18,9,13,1,54,920,24,JEAN JAURES (BD) DE 47 A,48.90232,2.30424,Nuit avec éclairage allumé,En agglomération,Intersection en T,Normale,Deux véhicules - arrière,,,,,,,,,,,5,2,3,1.0,2.0
201800037726,0018-09-13 18:50:00,18,9,13,18,50,920,24,ASNIERES (ROUTE D'),48.90174,2.29148,Plein jour,En agglomération,Intersection en Y,Normale,Deux véhicules - côté,,,,,,,,,,,1,2,4,1.0,3.0
201800037727,0018-09-13 15:41:00,18,9,13,15,41,920,24,VICTOR HUGO (BD),48.90157,2.31668,Plein jour,En agglomération,Intersection en T,Normale,Deux véhicules - côté,,,,,,,,,,,1,2,3,1.0,3.0
201800037728,0018-09-18 12:20:00,18,9,18,12,20,920,24,MARTRE (RUE) DE (59 A 10,48.90189,2.30736,Plein jour,En agglomération,Hors intersection,Normale,Deux véhicules - côté,,,,,,,,,,,1,2,1,1.0,3.0
201800037729,0018-10-07 11:30:00,18,10,7,11,30,920,24,MARCEL PAUL (RUE),48.89544,2.30599,Plein jour,En agglomération,Hors intersection,Normale,Sans collision,,,,,,,,,,,1,2,1,1.0,7.0
201800037730,0018-10-09 11:45:00,18,10,9,11,45,920,24,HENRI BARBUSSE (RUE) DE,48.89821,2.30175,Plein jour,En agglomération,Hors intersection,Normale,Autre collision,,,,,,,,,,,1,2,1,1.0,6.0
201800037731,0018-10-10 15:00:00,18,10,10,15,0,920,24,HENRI BARBUSSE (RUE) DE,48.89995,2.30588,Plein jour,En agglomération,Intersection en X,Normale,Autre collision,,,,,,,,,,,1,2,2,1.0,6.0
201800037732,0018-10-11 18:40:00,18,10,11,18,40,920,24,JEAN JAURES (BD) DE (1 A,48.88267,2.33548,Crépuscule ou aube,En agglomération,Hors intersection,Normale,Autre collision,,,,,,,,,,,2,2,1,1.0,6.0
201800037733,0018-10-11 20:15:00,18,10,11,20,15,920,24,VICTOR HUGO (BD),48.86272,2.28759,Nuit avec éclairage allumé,En agglomération,Intersection en X,Normale,Deux véhicules - côté,,,,,,,,,,,5,2,2,1.0,3.0
201800037734,0018-10-19 14:00:00,18,10,19,14,0,920,24,CLICHY (QUAI DE) DE (104,48.91043,2.3051,Plein jour,En agglomération,Giratoire,Normale,Deux véhicules - côté,,,,,,,,,,,1,2,6,1.0,3.0
201800037735,0018-10-23 23:20:00,18,10,23,23,20,920,24,JEAN JAURES (BD) DE 47 A,48.86272,2.28759,Nuit avec éclairage allumé,En agglomération,Intersection en X,Normale,Autre collision,,,,,,,,,,,5,2,2,1.0,6.0
201800037736,0018-10-26 19:50:00,18,10,26,19,50,920,24,GENERAL LECLERC (BD DU),48.90132,2.31558,Nuit avec éclairage allumé,En agglomération,Intersection en T,Normale,Autre collision,,,,,,,,,,,5,2,3,1.0,6.0
201800037737,0018-10-27 17:30:00,18,10,27,17,30,920,24,HENRI BARBUSSE (RUE) DE,48.8984,2.30212,Crépuscule ou aube,En agglomération,Intersection en T,Normale,Deux véhicules - côté,,,,,,,,,,,2,2,3,1.0,3.0
201800037738,0018-10-29 14:10:00,18,10,29,14,10,920,24,CHANCE MILLY (RUE),48.89767,2.30329,Plein jour,En agglomération,Hors intersection,Normale,Deux véhicules - arrière,,,,,,,,,,,1,2,1,1.0,2.0
201800037739,0018-10-30 10:25:00,18,10,30,10,25,920,24,MARC BLOCH (RUE),48.91171,2.311,Plein jour,En agglomération,Hors intersection,Normale,Autre collision,,,,,,,,,,,1,2,1,1.0,6.0
201800037740,0018-11-07 13:45:00,18,11,7,13,45,920,24,HENRI BARBUSSE (RUE) DE,48.86272,2.28759,Plein jour,En agglomération,Hors intersection,Normale,Autre collision,,,,,,,,,,,1,2,1,1.0,6.0
201800037741,0018-11-07 15:50:00,18,11,7,15,50,920,24,GENNEVILLIERS (PONT DE),48.91305,2.31095,Plein jour,En agglomération,Hors intersection,Normale,Autre collision,,,,,,,,,,,1,2,1,1.0,6.0
201800037742,0018-11-07 16:55:00,18,11,7,16,55,920,24,LEON BLUM (RUE),48.90854,2.30253,Crépuscule ou aube,En agglomération,Hors intersection,Normale,Autre collision,,,,,,,,,,,2,2,1,1.0,6.0
201800037743,0018-11-14 12:30:00,18,11,14,12,30,920,24,CASTERES (RUE),48.8992,2.30333,Plein jour,En agglomération,Hors intersection,Normale,Deux véhicules - côté,,,,,,,,,,,1,2,1,1.0,3.0
201800037744,0018-11-16 17:35:00,18,11,16,17,35,920,24,CLICHY (QUAI DE) DE (104,48.91246,2.31186,Nuit avec éclairage allumé,En agglomération,Intersection en T,Normale,Deux véhicules - arrière,,,,,,,,,,,5,2,3,1.0,2.0
201800037745,0018-11-19 16:45:00,18,11,19,16,45,920,24,GENERAL ROGUET (RUE DU),48.90511,2.31309,Plein jour,En agglomération,Hors intersection,Normale,Autre collision,,,,,,,,,,,1,2,1,1.0,6.0
201800037746,0018-11-19 21:10:00,18,11,19,21,10,920,24,PIERRE BEREGOVOY (RUE),48.90211,2.29567,Nuit avec éclairage allumé,En agglomération,Hors intersection,Pluie légère,Deux véhicules - côté,,,,,,,,,,,5,2,1,2.0,3.0
201800037747,0018-11-22 11:56:00,18,11,22,11,56,920,24,GENERAL LECLERC (BD DU),48.90217,2.31402,Plein jour,En agglomération,Hors intersection,Normale,Autre collision,,,,,,,,,,,1,2,1,1.0,6.0
201800037748,0018-11-26 19:30:00,18,11,26,19,30,920,24,JEAN JAURES (BD) DE (1 A,48.89727,2.3084,Nuit avec éclairage allumé,En agglomération,Hors intersection,Normale,Autre collision,,,,,,,,,,,5,2,1,1.0,6.0
201800037749,0018-11-30 21:45:00,18,11,30,21,45,920,24,MARTRE (RUE) DE (1 A 41),48.8992,2.30949,Nuit avec éclairage allumé,En agglomération,Intersection en T,Normale,Deux véhicules - côté,,,,,,,,,,,5,2,3,1.0,3.0
201800037750,0018-12-03 09:40:00,18,12,3,9,40,920,24,VILLEVEUVE (RUE) DE (56,48.90709,2.31657,Plein jour,En agglomération,Intersection en T,Pluie légère,Deux véhicules - côté,,,,,,,,,,,1,2,3,2.0,3.0
201800037751,0018-12-06 20:30:00,18,12,6,20,30,920,24,ASNIERES (ROUTE D'),48.90174,2.29147,Nuit avec éclairage non allumé,En agglomération,Hors intersection,Normale,Autre collision,,,,,,,,,,,4,2,1,1.0,6.0
201800037752,0018-12-22 16:30:00,18,12,22,16,30,920,24,GEORGES BOISSEAU (RUE),48.9028,2.31874,Plein jour,En agglomération,Intersection en T,Pluie légère,Autre collision,,,,,,,,,,,1,2,3,2.0,6.0
201800037753,0018-12-26 11:20:00,18,12,26,11,20,920,24,CLICHY (QUAI DE) DE (104,48.9095,2.30481,Plein jour,En agglomération,Intersection en X,Normale,Deux véhicules - arrière,,,,,,,,,,,1,2,2,1.0,2.0
201800037754,0018-01-01 07:00:00,18,1,1,7,0,920,25,PAUL BERT (RUE),48.9309,2.224,Nuit avec éclairage allumé,En agglomération,Hors intersection,Normale,Deux véhicules - côté,,,,,,,,,,,5,2,1,1.0,3.0
201800037755,0018-01-03 14:00:00,18,1,3,14,0,920,25,"21, PAUL BERT (RUE)",48.72941,2.24696,Plein jour,En agglomération,Intersection en X,Normale,Autre collision,,,,,,,,,,,1,2,2,1.0,6.0
201800037756,0018-01-03 21:25:00,18,1,3,21,25,920,25,"88, PRESIDENT SALVADOR A",48.92214,2.24156,Nuit avec éclairage allumé,En agglomération,Intersection en X,Normale,Autre collision,,,,,,,,,,,5,2,2,1.0,6.0
201800037757,0018-01-05 09:30:00,18,1,5,9,30,920,25,"1, BOURNARD (RUE DU)",48.92354,2.25973,Plein jour,En agglomération,Intersection en X,Normale,Autre collision,,,,,,,,,,,1,2,2,1.0,6.0
201800037758,0018-01-07 17:30:00,18,1,7,17,30,920,25,PAUL BERT (RUE),48.9305,2.2444,Crépuscule ou aube,En agglomération,Hors intersection,Normale,Deux véhicules - côté,,,,,,,,,,,2,2,1,1.0,3.0
201800037759,0018-01-19 18:40:00,18,1,19,18,40,920,25,PONT DE BEZONS,48.92,2.22,Plein jour,En agglomération,Hors intersection,Pluie légère,Deux véhicules - arrière,,,,,,,,,,,1,2,1,2.0,2.0
201800037760,0018-01-24 09:15:00,18,1,24,9,15,920,25,VALMY (BD DE),48.92935,2.25462,Plein jour,En agglomération,Hors intersection,Normale,Autre collision,,,,,,,,,,,1,2,1,1.0,6.0
201800037761,0018-01-30 17:10:00,18,1,30,17,10,920,25,284 COLBERT > 133 & 126,48.91,2.2258,Plein jour,En agglomération,Intersection en X,Normale,Autre collision,,,,,,,,,,,1,2,2,1.0,6.0
201800037762,0018-02-01 09:45:00,18,2,1,9,45,920,25,VICO (RUE),,,Plein jour,En agglomération,Intersection en T,Normale,Autre collision,,,,,,,,,,,1,2,3,1.0,6.0
201800037763,0018-02-01 20:30:00,18,2,1,20,30,920,25,"5, CHARLES PEGUY (RUE &",48.92,2.231,Nuit avec éclairage allumé,En agglomération,Hors intersection,Normale,Deux véhicules - frontale,,,,,,,,,,,5,2,1,1.0,1.0
201800037764,0018-02-03 17:15:00,18,2,3,17,15,920,25,"81, PAUL BERT (RUE)",48.93071,2.54427,Plein jour,En agglomération,Intersection en X,Normale,Deux véhicules - côté,,,,,,,,,,,1,2,2,1.0,3.0
201800037765,0018-02-05 09:04:00,18,2,5,9,4,920,25,"210, CHARLES DE GAULLE (",48.91,2.231,Plein jour,En agglomération,Hors intersection,Pluie légère,Autre collision,,,,,,,,,,,1,2,1,2.0,6.0
201800037766,0018-02-06 10:35:00,18,2,6,10,35,920,25,"176, VOIES DU BOIS (RUE",,,Plein jour,En agglomération,Hors intersection,Neige / grêle,Autre collision,,,,,,,,,,,1,2,1,4.0,6.0
201800037767,0018-02-06 11:30:00,18,2,6,11,30,920,25,AGENT SARRE (AV DE L'),48.91,2.22,Plein jour,En agglomération,Hors intersection,Neige / grêle,Autre collision,,,,,,,,,,,1,2,1,4.0,6.0
201800037768,0018-02-08 18:35:00,18,2,8,18,35,920,25,"2, GABRIEL PERI (RUE)",48.9227,2.24977,Plein jour,En agglomération,Intersection en X,Normale,Autre collision,,,,,,,,,,,1,2,2,1.0,6.0
201800037769,0018-02-11 13:05:00,18,2,11,13,5,920,25,"218, GABRIEL PERI (RUE)",48.9183,2.2393,Plein jour,En agglomération,Hors intersection,Normale,Deux véhicules - côté,,,,,,,,,,,1,2,1,1.0,3.0
201800037770,0018-02-13 16:50:00,18,2,13,16,50,920,25,COLBERT <> 115 A 131 & 1,48.9184,2.26762,Plein jour,En agglomération,Intersection en X,Normale,Autre collision,,,,,,,,,,,1,2,2,1.0,6.0
201800037771,0018-02-19 13:00:00,18,2,19,13,0,920,25,VALMY (BD DE),48.91,2.2258,Plein jour,En agglomération,Intersection en X,Normale,Deux véhicules - côté,,,,,,,,,,,1,2,2,1.0,3.0
201800037772,0018-02-21 09:50:00,18,2,21,9,50,920,25,CHARLES DE GAULLE (BD),48.918,2.22398,Plein jour,En agglomération,Intersection en X,Normale,Deux véhicules - côté,,,,,,,,,,,1,2,2,1.0,3.0
201800037773,0018-02-23 00:25:00,18,2,23,0,25,920,25,"331, PRESIDENT SALVADOR",48.91,2.24977,Nuit avec éclairage allumé,En agglomération,Hors intersection,Normale,Autre collision,,,,,,,,,,,5,2,1,1.0,6.0
201800037774,0018-02-26 09:00:00,18,2,26,9,0,920,25,VICTOR HUGO (AV.VILLA.RU,48.9208,2.263,Plein jour,En agglomération,Intersection en X,Normale,Autre collision,,,,,,,,,,,1,2,2,1.0,6.0
201800037775,0018-02-27 20:00:00,18,2,27,20,0,920,25,HENRI BARBUSSE (AV),48.9183,2.263,Nuit avec éclairage allumé,En agglomération,Hors intersection,Normale,Deux véhicules - côté,,,,,,,,,,,5,2,1,1.0,3.0
201800037776,0018-02-28 22:10:00,18,2,28,22,10,920,25,PAUL BERT (RUE),48.9183,2.2258,Nuit avec éclairage allumé,En agglomération,Intersection en X,Normale,Deux véhicules - frontale,,,,,,,,,,,5,2,2,1.0,1.0
201800037777,0018-03-07 09:45:00,18,3,7,9,45,920,25,"6, MENELOTTE <> 2A 50 (A",48.9244,2.25933,Plein jour,En agglomération,Hors intersection,Normale,Autre collision,,,,,,,,,,,1,2,1,1.0,6.0
201800037778,0018-03-08 17:45:00,18,3,8,17,45,920,25,STALINGRAD (AV DE),48.9268,2.27396,Plein jour,En agglomération,Hors intersection,Normale,Autre collision,,,,,,,,,,,1,2,1,1.0,6.0