accident_id,datetime,annee,mois,jour,heure,minute,departement,commune_insee,adresse,latitude,longitude,luminosite,agglomeration,intersection,meteo,collision,nb_vehicules,nb_usagers,nb_indemnes,nb_tues,nb_blesses_hosp,nb_blesses_legers,age_cond_1,age_cond_2,veh_type_cond_1,veh_type_cond_2,lum_code,agg_code,int_code,atm_code,col_code
201800038142,0018-09-30 15:20:00,18,9,30,15,20,920,36,GENERAL DE GAULLE (AVENU,48.93379,2.31339,Plein jour,En agglomération,Intersection en X,Normale,Deux véhicules - côté,,,,,,,,,,,1,2,2,1.0,3.0
201800038143,0018-10-01 07:40:00,18,10,1,7,40,920,36,GABRIEL PERI (AVENUE) (1,48.92762,2.2949,Crépuscule ou aube,En agglomération,Intersection en T,Normale,Deux véhicules - côté,,,,,,,,,,,2,2,3,1.0,3.0
201800038144,0018-10-03 10:30:00,18,10,3,10,30,920,36,DIX NEUF  MARS 1962 (RUE,48.9189,2.29917,Plein jour,En agglomération,Intersection en X,Normale,Deux véhicules - côté,,,,,,,,,,,1,2,2,1.0,3.0
201800038145,0018-10-06 11:40:00,18,10,6,11,40,920,36,DOCTEUR ROUX (PLACE DU),48.92743,2.2947,Plein jour,En agglomération,Place,Normale,Autre collision,,,,,,,,,,,1,2,7,1.0,6.0
201800038146,0018-10-08 19:40:00,18,10,8,19,40,920,36,LUCIEN LANTERNIER (AVENU,48.93252,2.29159,Nuit avec éclairage allumé,En agglomération,Hors intersection,Normale,Autre collision,,,,,,,,,,,5,2,1,1.0,6.0
201800038147,0018-10-09 16:45:00,18,10,9,16,45,920,36,PAUL VAILLANT COUTURIER,48.91697,2.29964,Plein jour,En agglomération,Intersection en T,Normale,Autre collision,,,,,,,,,,,1,2,3,1.0,6.0
201800038148,0018-10-15 15:50:00,18,10,15,15,50,920,36,MOULIN DE CAGE (QUAI DU),48.92114,2.32496,Plein jour,En agglomération,Intersection en X,Normale,Deux véhicules - côté,,,,,,,,,,,1,2,2,1.0,3.0
201800038149,0018-10-16 08:45:00,18,10,16,8,45,920,36,MOULIN DE CAGE (QUAI DU),48.92102,2.32516,Plein jour,En agglomération,Hors intersection,Normale,Autre collision,,,,,,,,,,,1,2,1,1.0,6.0
201800038150,0018-10-19 08:05:00,18,10,19,8,5,920,36,MARCEL PAUL (AVENUE) (1/,48.94738,2.30498,Plein jour,En agglomération,Hors intersection,Normale,Deux véhicules - côté,,,,,,,,,,,1,2,1,1.0,3.0
201800038151,0018-10-21 13:10:00,18,10,21,13,10,920,36,LOUIS ROCHE (AVENUE) (15,48.92335,2.32132,Plein jour,En agglomération,Intersection en X,Normale,Deux véhicules - frontale,,,,,,,,,,,1,2,2,1.0,1.0
201800038152,0018-10-25 09:00:00,18,10,25,9,0,920,36,CHAMPS FOURGONS (RUE DES,48.94172,2.29538,Plein jour,En agglomération,Hors intersection,Normale,Deux véhicules - arrière,,,,,,,,,,,1,2,1,1.0,2.0
201800038153,0018-10-01 08:10:00,18,10,1,8,10,920,36,GABRIEL PERI (AVENUE) (1,48.9225,2.29476,Plein jour,En agglomération,Hors intersection,Normale,Deux véhicules - côté,,,,,,,,,,,1,2,1,1.0,3.0
201800038154,0018-10-26 16:30:00,18,10,26,16,30,920,36,LUCIEN LANTERNIER (AVENU,48.93287,2.29297,Plein jour,En agglomération,Hors intersection,Normale,Autre collision,,,,,,,,,,,1,2,1,1.0,6.0
201800038155,0018-11-02 22:10:00,18,11,2,22,10,920,36,LOUIS ROCHE (AVENUE) (1/,48.92863,2.31133,Nuit avec éclairage allumé,En agglomération,Hors intersection,Normale,Deux véhicules - arrière,,,,,,,,,,,5,2,1,1.0,2.0
201800038156,0018-11-06 20:25:00,18,11,6,20,25,920,36,GRESILLONS (AVENUE DES),48.91893,2.31145,Nuit avec éclairage allumé,En agglomération,Hors intersection,Normale,Deux véhicules - côté,,,,,,,,,,,5,2,1,1.0,3.0
201800038157,0018-11-11 12:50:00,18,11,11,12,50,920,36,MARCEL PAUL (AVENUE) (1/,48.94608,2.36439,Plein jour,En agglomération,Intersection en X,Normale,Deux véhicules - arrière,,,,,,,,,,,1,2,2,1.0,2.0
201800038158,0018-11-15 13:20:00,18,11,15,13,20,920,36,LOUIS ROCHE (AVENUE) (47,48.92891,2.31025,Plein jour,En agglomération,Hors intersection,Normale,Deux véhicules - côté,,,,,,,,,,,1,2,1,1.0,3.0
201800038159,0018-11-15 19:25:00,18,11,15,19,25,920,36,GABRIEL PERI (AVENUE) (1,48.92766,2.2963,Nuit avec éclairage allumé,En agglomération,Intersection en X,Normale,Deux véhicules - côté,,,,,,,,,,,5,2,2,1.0,3.0
201800038160,0018-11-19 18:20:00,18,11,19,18,20,920,36,MOULIN DE CAGE (QUAI DU),48.92151,2.32569,Nuit avec éclairage allumé,En agglomération,Hors intersection,Normale,Autre collision,,,,,,,,,,,5,2,1,1.0,6.0
201800038161,0018-11-20 14:50:00,18,11,20,14,50,920,36,BEETHOVEN (RUE),48.92859,2.28491,Plein jour,En agglomération,Hors intersection,Pluie légère,Autre collision,,,,,,,,,,,1,2,1,2.0,6.0
201800038162,0018-11-21 21:15:00,18,11,21,21,15,920,36,LAURENT CELY (AVENUE) (1,48.93295,2.30247,Nuit avec éclairage allumé,En agglomération,Hors intersection,Normale,Autre collision,,,,,,,,,,,5,2,1,1.0,6.0
201800038163,0018-11-23 07:30:00,18,11,23,7,30,920,36,LUCIEN LANTERNIER (AVENU,48.93283,2.29272,Crépuscule ou aube,En agglomération,Hors intersection,Normale,Autre collision,,,,,,,,,,,2,2,1,1.0,6.0
201800038164,0018-11-23 07:45:00,18,11,23,7,45,920,36,PIERRE DE COUBERTIN PROL,48.93582,2.27988,Crépuscule ou aube,Hors agglomération,Hors intersection,Normale,Deux véhicules - côté,,,,,,,,,,,2,1,1,1.0,3.0
201800038165,0018-11-28 16:45:00,18,11,28,16,45,920,36,PAUL VERLAINE (RUE),48.93444,2.28933,Crépuscule ou aube,En agglomération,Intersection en X,Normale,Deux véhicules - côté,,,,,,,,,,,2,2,2,1.0,3.0
201800038166,0018-11-29 10:30:00,18,11,29,10,30,920,36,GABRIEL PERI (AVENUE) (2,48.0,2.2,Plein jour,En agglomération,Hors intersection,Normale,Deux véhicules - arrière,,,,,,,,,,,1,2,1,1.0,2.0
201800038167,0018-12-01 21:25:00,18,12,1,21,25,920,36,LOUIS CALMEL (RUE) (1),48.92309,2.28637,Nuit avec éclairage allumé,En agglomération,Giratoire,Pluie légère,Autre collision,,,,,,,,,,,5,2,6,2.0,6.0
201800038168,0018-12-02 19:45:00,18,12,2,19,45,920,36,BONGARDE (RUE DE LA) (1/,48.92494,2.32543,Nuit avec éclairage allumé,En agglomération,Intersection en X,Normale,Deux véhicules - côté,,,,,,,,,,,5,2,2,1.0,3.0
201800038169,0018-12-10 09:50:00,18,12,10,9,50,920,36,PAUL VAILLANT COUTURIER,48.91638,2.29867,Plein jour,En agglomération,Intersection en T,Normale,Autre collision,,,,,,,,,,,1,2,3,1.0,6.0
201800038170,0018-12-11 08:30:00,18,12,11,8,30,920,36,PIERRE DE COUBERTIN (BOU,48.92612,2.28471,Plein jour,En agglomération,Intersection en X,Normale,Deux véhicules - côté,,,,,,,,,,,1,2,2,1.0,3.0
201800038171,0018-12-15 12:25:00,18,12,15,12,25,920,36,MARCEL PAUL (AVENUE) (1/,48.93631,2.30386,Plein jour,En agglomération,Hors intersection,Normale,Autre collision,,,,,,,,,,,1,2,1,1.0,6.0
201800038172,0018-12-15 17:20:00,18,12,15,17,20,920,36,PAUL VAILLANT COUTURIER,48.91983,2.30416,Crépuscule ou aube,En agglomération,Intersection en X,Pluie légère,Autre collision,,,,,,,,,,,2,2,2,2.0,6.0
201800038173,0018-12-15 19:40:00,18,12,15,19,40,920,36,LOUIS CALMEL (RUE) (1),48.92295,2.28674,Nuit avec éclairage allumé,En agglomération,Giratoire,Normale,Autre collision,,,,,,,,,,,5,2,6,1.0,6.0
201800038174,0018-12-21 18:20:00,18,12,21,18,20,920,36,THOMAS EDISON (RUE),48.93268,2.31289,Nuit avec éclairage allumé,En agglomération,Intersection en X,Normale,Deux véhicules - côté,,,,,,,,,,,5,2,2,1.0,3.0
201800038175,0018-12-26 12:15:00,18,12,26,12,15,920,36,LOUISE MICHEL (IMPAIRS),48.92533,2.32045,Plein jour,En agglomération,Intersection en X,Normale,Deux véhicules - côté,,,,,,,,,,,1,2,2,1.0,3.0
201800038176,0018-12-30 04:55:00,18,12,30,4,55,920,36,MARCEL PAUL (AVENUE) (1/,48.9376,2.294,Nuit avec éclairage non allumé,Hors agglomération,Hors intersection,Pluie forte,Deux véhicules - côté,,,,,,,,,,,4,1,1,3.0,3.0
201800038177,0018-01-18 06:50:00,18,1,18,6,50,920,40,RESISTANCE (PLACE DE LA),,,Crépuscule ou aube,En agglomération,Intersection en X,Pluie légère,Trois véhicules et plus - collisions multiples,,,,,,,,,,,2,2,2,2.0,5.0
201800038178,0018-06-27 13:50:00,18,6,27,13,50,920,40,"11, GALLIENI (BOULEVARD)",48.83191,2.26716,Plein jour,En agglomération,Intersection en X,Normale,Deux véhicules - arrière,,,,,,,,,,,1,2,2,1.0,2.0
201800038179,0018-06-12 16:05:00,18,6,12,16,5,920,40,"4, MINARD (RUE)",48.823,2.2762,Plein jour,En agglomération,Hors intersection,Normale,Autre collision,,,,,,,,,,,1,2,1,1.0,6.0
201800038180,0018-06-09 17:30:00,18,6,9,17,30,920,40,"285, STALINGRAD (QUAI DE",48.82623,2.2592,Plein jour,En agglomération,Hors intersection,Normale,Deux véhicules - arrière,,,,,,,,,,,1,2,1,1.0,2.0
201800038181,0018-06-28 09:30:00,18,6,28,9,30,920,40,"194, VERDUN (AVENUE DE)",48.81849,2.24564,Plein jour,En agglomération,Intersection en T,Normale,Deux véhicules - côté,,,,,,,,,,,1,2,3,1.0,3.0
201800038182,0018-01-31 12:00:00,18,1,31,12,0,920,40,"18, ROUGET DE L'ISLE",48.82828,2.2655,Plein jour,En agglomération,Intersection en T,Pluie légère,Autre collision,,,,,,,,,,,1,2,3,2.0,6.0
201800038183,0018-09-17 14:00:00,18,9,17,14,0,920,40,ROUGET DE L'ISLE,48.82846,2.26568,Plein jour,En agglomération,Intersection en X,Normale,Autre collision,,,,,,,,,,,1,2,2,1.0,6.0
201800038184,0018-02-05 08:00:00,18,2,5,8,0,920,40,"87, PDT ROOSEVELT (QUAI",,,Plein jour,En agglomération,Hors intersection,Normale,Deux véhicules - arrière,,,,,,,,,,,1,2,1,1.0,2.0
201800038185,0018-02-12 14:21:00,18,2,12,14,21,920,40,ERNEST RENAN,48.8269,2.26482,Plein jour,En agglomération,Intersection en X,Normale,Sans collision,,,,,,,,,,,1,2,2,1.0,7.0
201800038186,0018-02-13 16:45:00,18,2,13,16,45,920,40,"19, JEAN JACQUES ROUSSEA",,,Plein jour,En agglomération,Hors intersection,Pluie légère,Autre collision,,,,,,,,,,,1,2,1,2.0,6.0
201800038187,0018-02-13 21:30:00,18,2,13,21,30,920,40,"134, PAIX (AVENUE DE LA)",48.16605,2.27499,Nuit avec éclairage allumé,En agglomération,Intersection en X,Pluie légère,Deux véhicules - frontale,,,,,,,,,,,5,2,2,2.0,1.0
201800038188,0018-02-20 09:00:00,18,2,20,9,0,920,40,"57, GALLIENI (BOULEVARD)",48.82533,2.26785,Plein jour,En agglomération,Intersection en X,Pluie légère,Deux véhicules - côté,,,,,,,,,,,1,2,2,2.0,3.0
201800038189,0018-02-27 10:35:00,18,2,27,10,35,920,40,GALLIENI (BOULEVARD),48.822,2.268,Plein jour,En agglomération,Hors intersection,Neige / grêle,Deux véhicules - arrière,,,,,,,,,,,1,2,1,4.0,2.0
201800038190,0018-11-14 22:25:00,18,11,14,22,25,920,40,VIADUC (DU),48.81913,2.25063,Nuit avec éclairage allumé,En agglomération,Hors intersection,Normale,Autre collision,,,,,,,,,,,5,2,1,1.0,6.0
201800038191,0018-03-10 14:30:00,18,3,10,14,30,920,40,"35, GALLIENI (BOULEVARD)",48.82621,2.26766,Plein jour,En agglomération,Hors intersection,Normale,Autre collision,,,,,,,,,,,1,2,1,1.0,6.0
201800038192,0018-03-18 10:30:00,18,3,18,10,30,920,40,"., PASTEUR (AVENUE)",48.82084,2.26024,Plein jour,En agglomération,Intersection à plus de 4 branches,Normale,Deux véhicules - côté,,,,,,,,,,,1,2,5,1.0,3.0
201800038193,0018-03-19 12:05:00,18,3,19,12,5,920,40,"12-18, GOUVERNEUR GAL EB",48.8294,2.278,Plein jour,En agglomération,Hors intersection,Pluie légère,Autre collision,,,,,,,,,,,1,2,1,2.0,6.0
201800038194,0018-01-16 19:58:00,18,1,16,19,58,920,40,"132, VERDUN (AVENUE DE)",48.82614,2.24313,Nuit avec éclairage allumé,En agglomération,Hors intersection,Pluie légère,Deux véhicules - côté,,,,,,,,,,,5,2,1,2.0,3.0
201800038195,0018-01-31 00:20:00,18,1,31,0,20,920,40,"1, ARISTIDE BRIAND",42.25222,2.24556,Nuit avec éclairage allumé,En agglomération,Hors intersection,Pluie légère,Autre collision,,,,,,,,,,,5,2,1,2.0,6.0
201800038196,0018-03-31 13:50:00,18,3,31,13,50,920,40,GAMBETTA (BOULEVARD),48.829,2.281,Plein jour,En agglomération,Hors intersection,Normale,Deux véhicules - côté,,,,,,,,,,,1,2,1,1.0,3.0
201800038197,0018-04-04 09:00:00,18,4,4,9,0,920,40,GARIBALDI (BOULEVARD),48.82349,2.2622,Plein jour,En agglomération,Autre intersection,Normale,Deux véhicules - frontale,,,,,,,,,,,1,2,9,1.0,1.0
201800038198,0018-04-11 10:57:00,18,4,11,10,57,920,40,"143, VERDUN (AVENUE DE)",48.81787,2.25085,Plein jour,En agglomération,Intersection en T,Normale,Deux véhicules - côté,,,,,,,,,,,1,2,3,1.0,3.0
201800038199,0018-04-14 12:25:00,18,4,14,12,25,920,40,JEAN JAURES (AVENUE),48.82408,2.27341,Plein jour,En agglomération,Intersection en T,Normale,Autre collision,,,,,,,,,,,1,2,3,1.0,6.0
201800038200,0018-04-21 13:46:00,18,4,21,13,46,920,40,"50, GALLIENI (BOULEVARD)",,,Plein jour,En agglomération,Hors intersection,Normale,Deux véhicules - côté,,,,,,,,,,,1,2,1,1.0,3.0
201800038201,0018-04-21 13:08:00,18,4,21,13,8,920,40,GALLIENI (BOULEVARD),48.83143,2.26719,Plein jour,En agglomération,Intersection en X,Normale,Deux véhicules - frontale,,,,,,,,,,,1,2,2,1.0,1.0
201800038202,0018-04-26 19:19:00,18,4,26,19,19,920,40,PDT ROOSEVELT (QUAI DU),48.831,2.2617,Plein jour,En agglomération,Hors intersection,Normale,Deux véhicules - côté,,,,,,,,,,,1,2,1,1.0,3.0
201800038203,0018-04-26 20:05:00,18,4,26,20,5,920,40,"18, ARISTIDE BRIAND",48.82127,2.25485,Plein jour,En agglomération,Hors intersection,Normale,Deux véhicules - côté,,,,,,,,,,,1,2,1,1.0,3.0
201800038204,0018-02-02 19:18:00,18,2,2,19,18,920,40,VOLTAIRE,48.82553,2.27044,Nuit avec éclairage allumé,En agglomération,Hors intersection,Normale,Deux véhicules - frontale,,,,,,,,,,,5,2,1,1.0,1.0
201800038205,0018-04-30 21:00:00,18,4,30,21,0,920,40,"6, TELLES DE LA POTERIE",48.82198,2.26999,Nuit avec éclairage allumé,En agglomération,Intersection en X,Pluie légère,Deux véhicules - côté,,,,,,,,,,,5,2,2,2.0,3.0
201800038206,0018-04-28 21:20:00,18,4,28,21,20,920,40,STALINGRAD (QUAI DE),48.82338,2.25702,Nuit sans éclairage public,En agglomération,Hors intersection,Normale,Autre collision,,,,,,,,,,,3,2,1,1.0,6.0
201800038207,0018-05-14 19:15:00,18,5,14,19,15,920,40,"11, ARCHES d'ISSY",48.82277,2.26347,Plein jour,En agglomération,Intersection en Y,Pluie légère,Deux véhicules - côté,,,,,,,,,,,1,2,4,2.0,3.0
201800038208,0018-05-16 17:30:00,18,5,16,17,30,920,40,"38, ARISTIDE BRIAND",48.821,2.25924,Plein jour,En agglomération,Hors intersection,Normale,Deux véhicules - arrière,,,,,,,,,,,1,2,1,1.0,2.0
201800038209,0018-05-27 15:21:00,18,5,27,15,21,920,40,GENERAL DE GAULLE (AVE D,48.8165,2.27494,Plein jour,En agglomération,Intersection en X,Normale,Deux véhicules - frontale,,,,,,,,,,,1,2,2,1.0,1.0
201800038210,0018-05-30 20:00:00,18,5,30,20,0,920,40,"12, VOLTAIRE (BOULEVARD)",48.82837,2.27883,Plein jour,En agglomération,Hors intersection,Normale,Trois véhicules et plus - en chaîne,,,,,,,,,,,1,2,1,1.0,4.0
201800038211,0018-06-08 18:43:00,18,6,8,18,43,920,40,"7, JEAN-PIERRE TIMBAUD",,,Plein jour,En agglomération,Hors intersection,Normale,Deux véhicules - arrière,,,,,,,,,,,1,2,1,1.0,2.0
201800038212,0018-04-06 13:55:00,18,4,6,13,55,920,40,"26, JEAN JACQUES ROUSSEA",42.25222,2.26526,Plein jour,En agglomération,Hors intersection,Normale,Deux véhicules - arrière,,,,,,,,,,,1,2,1,1.0,2.0
201800038213,0018-07-01 15:15:00,18,7,1,15,15,920,40,"54, RODIN (BOULEVARD)",48.82198,2.26999,Plein jour,En agglomération,Hors intersection,Normale,Autre collision,,,,,,,,,,,1,2,1,1.0,6.0
201800038214,0018-07-06 12:20:00,18,7,6,12,20,920,40,"00, ARISTIDE BRIAND",,,Plein jour,En agglomération,Hors intersection,Normale,Sans collision,,,,,,,,,,,1,2,1,1.0,7.0
201800038215,0018-07-18 08:57:00,18,7,18,8,57,920,40,GALLIENI (BOULEVARD),48.83257,2.26721,Plein jour,En agglomération,Hors intersection,Normale,Autre collision,,,,,,,,,,,1,2,1,1.0,6.0
201800038216,0018-07-19 18:50:00,18,7,19,18,50,920,40,"196, STALINGRAD (QUAI DE",48.82297,2.25403,Plein jour,En agglomération,Hors intersection,Normale,Deux véhicules - côté,,,,,,,,,,,1,2,1,1.0,3.0
201800038217,0018-07-20 18:20:00,18,7,20,18,20,920,40,DOCTEUR LOMBARD (DU),48.819,2.251,Plein jour,En agglomération,Hors intersection,Pluie légère,Autre collision,,,,,,,,,,,1,2,1,2.0,6.0
201800038218,0018-07-31 17:15:00,18,7,31,17,15,920,40,FRERES VOISIN (BOULEVARD,,,Plein jour,En agglomération,Hors intersection,Normale,Deux véhicules - arrière,,,,,,,,,,,1,2,1,1.0,2.0
201800038219,0018-05-02 20:33:00,18,5,2,20,33,920,40,rue du passeur de boulog,42.2556,2.2562,Crépuscule ou aube,En agglomération,Hors intersection,Pluie légère,Autre collision,,,,,,,,,,,2,2,1,2.0,6.0
201800038220,0018-08-01 19:00:00,18,8,1,19,0,920,40,PAIX (AVENUE DE LA),48.818,2.27,Plein jour,En agglomération,Hors intersection,Normale,Deux véhicules - arrière,,,,,,,,,,,1,2,1,1.0,2.0
201800038221,0018-08-30 20:10:00,18,8,30,20,10,920,40,RODIN (BOULEVARD),48.8176,2.2561,Plein jour,En agglomération,Hors intersection,Normale,Trois véhicules et plus - collisions multiples,,,,,,,,,,,1,2,1,1.0,5.0
201800038222,0018-08-27 19:35:00,18,8,27,19,35,920,40,ROUGET DE L'ISLE,48.82867,2.26493,Plein jour,En agglomération,Hors intersection,Normale,Deux véhicules - côté,,,,,,,,,,,1,2,1,1.0,3.0
201800038223,0018-09-03 09:40:00,18,9,3,9,40,920,40,STALINGRAD (QUAI DE),48.82835,2.26037,Plein jour,En agglomération,Hors intersection,Normale,Autre collision,,,,,,,,,,,1,2,1,1.0,6.0
201800038224,0018-09-04 13:50:00,18,9,4,13,50,920,40,GALLIENI (BOULEVARD),,,Plein jour,En agglomération,Hors intersection,Normale,Deux véhicules - côté,,,,,,,,,,,1,2,1,1.0,3.0
201800038225,0018-09-18 13:30:00,18,9,18,13,30,920,40,ROUGET DE L'ISLE,,,Plein jour,En agglomération,Autre intersection,Pluie légère,Sans collision,,,,,,,,,,,1,2,9,2.0,7.0
201800038226,0018-09-19 17:10:00,18,9,19,17,10,920,40,ERNEST RENAN,48.82911,2.28282,Plein jour,En agglomération,Hors intersection,Normale,Deux véhicules - arrière,,,,,,,,,,,1,2,1,1.0,2.0
201800038227,0018-09-25 10:44:00,18,9,25,10,44,920,40,GAMBETTA (BOULEVARD),48.82734,2.27745,Plein jour,En agglomération,Hors intersection,Normale,Autre collision,,,,,,,,,,,1,2,1,1.0,6.0
201800038228,0018-09-25 18:05:00,18,9,25,18,5,920,40,GALLIENI (BOULEVARD),48.83144,2.2672,Plein jour,En agglomération,Intersection en X,Normale,Deux véhicules - frontale,,,,,,,,,,,1,2,2,1.0,1.0
201800038229,0018-09-28 07:25:00,18,9,28,7,25,920,40,JULES GUESDES,,,Crépuscule ou aube,En agglomération,Intersection en X,Normale,Autre collision,,,,,,,,,,,2,2,2,1.0,6.0
201800038230,0018-10-02 14:47:00,18,10,2,14,47,920,40,STALINGRAD (QUAI DE),48.82523,2.25491,Plein jour,En agglomération,Hors intersection,Normale,Deux véhicules - arrière,,,,,,,,,,,1,2,1,1.0,2.0
201800038231,0018-10-04 07:54:00,18,10,4,7,54,920,40,VERDUN (AVENUE DE) DU 15,48.81857,2.25267,Plein jour,En agglomération,Hors intersection,Normale,Deux véhicules - côté,,,,,,,,,,,1,2,1,1.0,3.0
201800038232,0018-10-06 18:30:00,18,10,6,18,30,920,40,VERDUN (AVENUE DE) DU 11,48.82238,2.26306,Plein jour,En agglomération,Intersection en X,Normale,Deux véhicules - côté,,,,,,,,,,,1,2,2,1.0,3.0
201800038233,0018-10-11 17:12:00,18,10,11,17,12,920,40,ROUGET DE L'ISLE,48.82927,2.26325,Plein jour,En agglomération,Hors intersection,Normale,Deux véhicules - arrière,,,,,,,,,,,1,2,1,1.0,2.0
201800038234,0018-10-15 15:37:00,18,10,15,15,37,920,40,QUATRE SEPTEMBRE (DU),48.82843,2.28571,Plein jour,En agglomération,Hors intersection,Normale,Deux véhicules - côté,,,,,,,,,,,1,2,1,1.0,3.0
201800038235,0018-11-04 09:00:00,18,11,4,9,0,920,40,STALINGRAD (QUAI DE),48.82328,2.25475,Plein jour,En agglomération,Hors intersection,Normale,Deux véhicules - arrière,,,,,,,,,,,1,2,1,1.0,2.0
201800038236,0018-11-06 22:20:00,18,11,6,22,20,920,40,HOCHE,48.82442,2.27076,Nuit avec éclairage allumé,En agglomération,Intersection en T,Normale,Deux véhicules - côté,,,,,,,,,,,5,2,3,1.0,3.0
201800038237,0018-11-19 17:00:00,18,11,19,17,0,920,40,VERDUN (AVENUE DE) DU 11,48.819,2.2544,Crépuscule ou aube,En agglomération,Hors intersection,Normale,Deux véhicules - côté,,,,,,,,,,,2,2,1,1.0,3.0
201800038238,0018-11-21 09:00:00,18,11,21,9,0,920,40,RESISTANCE (PLACE DE LA),48.82118,2.25077,Plein jour,En agglomération,Place,Normale,Sans collision,,,,,,,,,,,1,2,7,1.0,7.0
201800038239,0018-11-22 08:00:00,18,11,22,8,0,920,40,PAIX (AVENUE DE LA),48.919,2.269,Crépuscule ou aube,En agglomération,Hors intersection,Brouillard / fumée,Autre collision,,,,,,,,,,,2,2,1,5.0,6.0
201800038240,0018-11-26 08:00:00,18,11,26,8,0,920,40,VERDUN (AVENUE DE) DU 83,48.81875,2.24475,Crépuscule ou aube,En agglomération,Hors intersection,Normale,Autre collision,,,,,,,,,,,2,2,1,1.0,6.0
201800038241,0018-11-27 09:05:00,18,11,27,9,5,920,40,PIERRE BROSSOLETTE,,,Plein jour,En agglomération,Hors intersection,Normale,Sans collision,,,,,,,,,,,1,2,1,1.0,7.0
201800038242,0018-11-27 11:45:00,18,11,27,11,45,920,40,HORACE VERNET,,,Plein jour,En agglomération,Intersection en T,Normale,Deux véhicules - côté,,,,,,,,,,,1,2,3,1.0,3.0
201800038243,0018-11-27 17:12:00,18,11,27,17,12,920,7,ROSSINI (RUE),48.80368,2.31477,Nuit avec éclairage allumé,En agglomération,Hors intersection,Pluie légère,Autre collision,,,,,,,,,,,5,2,1,2.0,6.0
201800038244,0018-11-29 08:45:00,18,11,29,8,45,920,40,GABRIEL PERI,48.81929,2.27442,Plein jour,En agglomération,Hors intersection,Normale,Autre collision,,,,,,,,,,,1,2,1,1.0,6.0
201800038245,0018-12-03 01:20:00,18,12,3,1,20,920,40,GALLIENI (BOULEVARD),48.83402,2.2671,Nuit avec éclairage allumé,En agglomération,Hors intersection,Normale,Autre collision,,,,,,,,,,,5,2,1,1.0,6.0
201800038246,0018-12-07 20:15:00,18,12,7,20,15,920,40,J.F KENNEDY (PLACE),48.8208,2.26371,Nuit avec éclairage allumé,En agglomération,Hors intersection,Temps couvert,Trois véhicules et plus - en chaîne,,,,,,,,,,,5,2,1,8.0,4.0
201800038247,0018-12-18 17:40:00,18,12,18,17,40,920,40,RODIN (BOULEVARD),48.81986,2.26066,Nuit avec éclairage allumé,En agglomération,Hors intersection,Normale,Deux véhicules - côté,,,,,,,,,,,5,2,1,1.0,3.0
201800038248,0018-12-19 12:10:00,18,12,19,12,10,920,40,VOLTAIRE (BOULEVARD),48.82682,2.2795,Plein jour,En agglomération,Hors intersection,Pluie légère,Autre collision,,,,,,,,,,,1,2,1,2.0,6.0
201800038249,0018-12-21 14:40:00,18,12,21,14,40,920,48,GARDES (ROUTE DES) N° 55,48.81696,2.22796,Plein jour,En agglomération,Hors intersection,Normale,Deux véhicules - arrière,,,,,,,,,,,1,2,1,1.0,2.0
201800038250,0018-12-21 20:35:00,18,12,21,20,35,920,12,CHARLES DE GAULLE (AVENU,48.84837,2.2732,Nuit avec éclairage allumé,En agglomération,Intersection en X,Normale,Deux véhicules - côté,,,,,,,,,,,5,2,2,1.0,3.0
201800038251,0018-01-10 07:50:00,18,1,10,7,50,920,44,", J. GUESDE(RUE) 1A23 ET",48.89229,2.2935,Nuit avec éclairage allumé,En agglomération,Intersection en T,Pluie légère,Autre collision,,,,,,,,,,,5,2,3,2.0,6.0
201800038252,0018-01-11 18:00:00,18,1,11,18,0,920,44,"9, J. GUESDE(RUE) 1A23 E",48.89276,2.28547,Crépuscule ou aube,En agglomération,Intersection en X,Normale,Deux véhicules - côté,,,,,,,,,,,2,2,2,1.0,3.0
201800038253,0018-01-15 19:36:00,18,1,15,19,36,920,44,"33, ERNEST COGNACQ(RUE)",48.89698,2.27622,Crépuscule ou aube,En agglomération,Intersection en T,Pluie légère,Autre collision,,,,,,,,,,,2,2,3,2.0,6.0
201800038254,0018-01-16 14:33:00,18,1,16,14,33,920,44,"2, BINEAU (BOULEVARD)",48.89276,2.28547,Plein jour,En agglomération,Hors intersection,Pluie légère,Deux véhicules - côté,,,,,,,,,,,1,2,1,2.0,3.0
201800038255,0018-01-19 21:50:00,18,1,19,21,50,920,44,"67, JEAN JAURES(RUE) 57A",48.89276,2.28547,Nuit avec éclairage allumé,En agglomération,Hors intersection,Normale,Deux véhicules - arrière,,,,,,,,,,,5,2,1,1.0,2.0
201800038256,0018-12-17 17:45:00,18,12,17,17,45,920,44,ED.VAILLANT(RUE) 75A117,48.89276,2.28547,Crépuscule ou aube,En agglomération,Intersection en X,Normale,Autre collision,,,,,,,,,,,2,2,2,1.0,6.0
201800038257,0018-10-04 18:30:00,18,10,4,18,30,920,44,J. GUESDE(RUE) 1A23 ET2A,48.89276,2.28547,Plein jour,En agglomération,Intersection en T,Normale,Deux véhicules - côté,,,,,,,,,,,1,2,3,1.0,3.0
201800038258,0018-02-01 15:45:00,18,2,1,15,45,920,44,"45, MICHELET (QUAI) 32 A",48.90047,2.28547,Plein jour,En agglomération,Autre intersection,Pluie légère,Deux véhicules - arrière,,,,,,,,,,,1,2,9,2.0,2.0
201800038259,0018-02-21 10:53:00,18,2,21,10,53,920,51,"53, VICTOR HUGO (BOULEVA",48.88758,2.27953,Plein jour,En agglomération,Hors intersection,Normale,Deux véhicules - côté,,,,,,,,,,,1,2,1,1.0,3.0
201800038260,0018-01-23 18:30:00,18,1,23,18,30,920,44,"110, VIC. HUGO(RUE)077A0",48.89276,2.28547,Crépuscule ou aube,En agglomération,Hors intersection,Normale,Autre collision,,,,,,,,,,,2,2,1,1.0,6.0
201800038261,0018-02-26 22:30:00,18,2,26,22,30,920,44,"02, LOUIS ROUQUIER(RUE)",48.89276,2.28547,Nuit avec éclairage allumé,En agglomération,Intersection en X,Normale,Autre collision,,,,,,,,,,,5,2,2,1.0,6.0