accident_id,datetime,annee,mois,jour,heure,minute,departement,commune_insee,adresse,latitude,longitude,luminosite,agglomeration,intersection,meteo,collision,nb_vehicules,nb_usagers,nb_indemnes,nb_tues,nb_blesses_hosp,nb_blesses_legers,age_cond_1,age_cond_2,veh_type_cond_1,veh_type_cond_2,lum_code,agg_code,int_code,atm_code,col_code
201800038262,0018-01-18 10:30:00,18,1,18,10,30,920,44,"75, ANA. FRANCE(RUE)1A75",48.89276,2.28547,Plein jour,En agglomération,Hors intersection,Pluie légère,Autre collision,,,,,,,,,,,1,2,1,2.0,6.0
201800038263,0018-01-19 11:10:00,18,1,19,11,10,920,44,"86, BAUDIN (RUE)85 + ET",48.89276,2.28547,Plein jour,En agglomération,Intersection en X,Normale,Deux véhicules - côté,,,,,,,,,,,1,2,2,1.0,3.0
201800038264,0018-02-26 08:00:00,18,2,26,8,0,920,44,"114, LOUIS ROUQUIER (RUE",48.89276,2.28547,Plein jour,En agglomération,Intersection en T,Normale,Deux véhicules - côté,,,,,,,,,,,1,2,3,1.0,3.0
201800038265,0018-01-12 18:50:00,18,1,12,18,50,920,44,", KLEBER (RUE)",48.89276,2.28547,Nuit avec éclairage allumé,En agglomération,Intersection en X,Normale,Autre collision,,,,,,,,,,,5,2,2,1.0,6.0
201800038266,0018-03-19 19:10:00,18,3,19,19,10,920,44,"0, ONZE NOVEMBRE 1918 (P",48.89276,2.28547,Nuit avec éclairage allumé,En agglomération,Place,Normale,Deux véhicules - côté,,,,,,,,,,,5,2,7,1.0,3.0
201800038267,0018-03-15 16:20:00,18,3,15,16,20,920,44,"27, MICHELET(QUAI) 2 A 3",48.89276,2.28547,Plein jour,En agglomération,Giratoire,Normale,Deux véhicules - côté,,,,,,,,,,,1,2,6,1.0,3.0
201800038268,0018-03-27 08:17:00,18,3,27,8,17,920,44,23 HENRI BARBUSSE (RUE),48.89276,2.28547,Plein jour,En agglomération,Intersection en T,Pluie légère,Autre collision,,,,,,,,,,,1,2,3,2.0,6.0
201800038269,0018-02-17 16:10:00,18,2,17,16,10,920,44,"25, CARNOT(RUE)1A41 ET 2",48.89276,2.28547,Plein jour,En agglomération,Hors intersection,Normale,Autre collision,,,,,,,,,,,1,2,1,1.0,6.0
201800038270,0018-04-06 19:14:00,18,4,6,19,14,920,44,"FACE AU121, DANTON(RUE)7",48.89276,2.28547,Crépuscule ou aube,En agglomération,Hors intersection,Normale,Deux véhicules - côté,,,,,,,,,,,2,2,1,1.0,3.0
201800038271,0018-04-17 16:45:00,18,4,17,16,45,920,44,"30, MICHELET(QUAI) 2 A 3",48.89276,2.28547,Plein jour,En agglomération,Intersection en X,Normale,Deux véhicules - côté,,,,,,,,,,,1,2,2,1.0,3.0
201800038272,0018-04-14 14:14:00,18,4,14,14,14,920,44,"4, PDT WILSON(RUE)23A49",48.89276,2.28547,Plein jour,En agglomération,Autre intersection,Normale,Deux véhicules - côté,,,,,,,,,,,1,2,9,1.0,3.0
201800038273,0018-05-06 14:40:00,18,5,6,14,40,920,44,CAMILLE PELLETAN(RUE)17,48.89276,2.28547,Plein jour,En agglomération,Intersection en T,Normale,Deux véhicules - côté,,,,,,,,,,,1,2,3,1.0,3.0
201800038274,0018-05-07 18:35:00,18,5,7,18,35,920,44,"36, JEAN JAURES(RUE) 1A5",48.89276,2.28547,Plein jour,En agglomération,Hors intersection,Normale,Autre collision,,,,,,,,,,,1,2,1,1.0,6.0
201800038275,0018-05-11 13:15:00,18,5,11,13,15,920,44,LOUISE MICHEL(RUE) 41+E,48.89276,2.28547,Plein jour,En agglomération,Hors intersection,Normale,Autre collision,,,,,,,,,,,1,2,1,1.0,6.0
201800038276,0018-05-11 17:15:00,18,5,11,17,15,920,44,"86, BAUDIN (RUE)85 + ET",48.89276,2.28547,Plein jour,En agglomération,Autre intersection,Normale,Deux véhicules - côté,,,,,,,,,,,1,2,9,1.0,3.0
201800038277,0018-04-08 12:20:00,18,4,8,12,20,920,44,"90, ANA.FRANCE(RUE)77A13",48.89276,2.28547,Plein jour,En agglomération,Hors intersection,Normale,Deux véhicules - arrière,,,,,,,,,,,1,2,1,1.0,2.0
201800038278,0018-05-07 19:45:00,18,5,7,19,45,920,44,"160, VIC. HUGO(RUE)115A1",48.89276,2.28547,Plein jour,En agglomération,Hors intersection,Normale,Deux véhicules - côté,,,,,,,,,,,1,2,1,1.0,3.0
201800038279,0018-05-22 08:00:00,18,5,22,8,0,920,44,"150, BAUDIN (RUE)85 + ET",48.89276,2.28547,Plein jour,En agglomération,Intersection en X,Normale,Autre collision,,,,,,,,,,,1,2,2,1.0,6.0
201800038280,0018-05-22 22:15:00,18,5,22,22,15,920,44,"92, MARIUS AUFAN(RUE) 69",48.89276,2.28547,Nuit avec éclairage allumé,En agglomération,Autre intersection,Normale,Sans collision,,,,,,,,,,,5,2,9,1.0,7.0
201800038281,0018-05-22 14:40:00,18,5,22,14,40,920,44,"67, ANA. FRANCE(RUE)1A75",48.89276,2.28547,Plein jour,En agglomération,Autre intersection,Normale,Autre collision,,,,,,,,,,,1,2,9,1.0,6.0
201800038282,0018-04-30 16:45:00,18,4,30,16,45,920,44,"99, LOUIS ROUQUIER(RUE)4",48.89276,2.28547,Plein jour,En agglomération,Hors intersection,Normale,Autre collision,,,,,,,,,,,1,2,1,1.0,6.0
201800038283,0018-06-03 13:10:00,18,6,3,13,10,920,44,CLAUDE MONET(ROND POINT),48.89276,2.28547,Plein jour,En agglomération,Hors intersection,Normale,Autre collision,,,,,,,,,,,1,2,1,1.0,6.0
201800038284,0018-05-24 10:05:00,18,5,24,10,5,920,44,"19, ED. VAILLANT(RUE) 1A",48.89276,2.28547,Plein jour,En agglomération,Intersection en T,Normale,Deux véhicules - côté,,,,,,,,,,,1,2,3,1.0,3.0
201800038285,0018-05-14 15:46:00,18,5,14,15,46,920,44,"30, VIC. HUGO(RUE)001A06",48.89276,2.28547,Plein jour,En agglomération,Intersection en X,Normale,Autre collision,,,,,,,,,,,1,2,2,1.0,6.0
201800038286,0018-05-25 16:20:00,18,5,25,16,20,920,44,"6, BAUDIN (RUE) 1A25 ET",48.89276,2.28547,Plein jour,En agglomération,Intersection en X,Pluie légère,Deux véhicules - côté,,,,,,,,,,,1,2,2,2.0,3.0
201800038287,0018-06-25 19:50:00,18,6,25,19,50,920,44,"139, ARISTIDE BRIAND(RUE",48.89276,2.28547,Plein jour,En agglomération,Intersection en X,Normale,Autre collision,,,,,,,,,,,1,2,2,1.0,6.0
201800038288,0018-06-27 20:10:00,18,6,27,20,10,920,44,COLLANGE(RUE) 1A13 ET 2A,48.89276,2.28547,Plein jour,En agglomération,Hors intersection,Normale,Autre collision,,,,,,,,,,,1,2,1,1.0,6.0
201800038289,0018-06-27 21:18:00,18,6,27,21,18,920,44,"12, LORRAINE (RUE DE)",48.89276,2.28547,Crépuscule ou aube,En agglomération,Hors intersection,Normale,Autre collision,,,,,,,,,,,2,2,1,1.0,6.0
201800038290,0018-05-29 21:30:00,18,5,29,21,30,920,44,"28, JACQUES IBERT(RUE)26",48.89276,2.28547,Nuit avec éclairage allumé,En agglomération,Intersection à plus de 4 branches,Normale,Sans collision,,,,,,,,,,,5,2,5,1.0,7.0
201800038291,0018-05-06 12:00:00,18,5,6,12,0,920,44,"4, CLAUDE MONET(ROND POI",48.89276,2.28547,Plein jour,En agglomération,Hors intersection,Normale,Autre collision,,,,,,,,,,,1,2,1,1.0,6.0
201800038292,0018-05-27 18:45:00,18,5,27,18,45,920,44,"45, MICHELET(QUAI) 2 A 3",48.89276,2.28547,Plein jour,En agglomération,Hors intersection,Normale,Deux véhicules - côté,,,,,,,,,,,1,2,1,1.0,3.0
201800038293,0018-06-13 10:56:00,18,6,13,10,56,920,44,"59, PDT WILSON(RUE)51A75",48.89276,2.28547,Plein jour,En agglomération,Intersection en X,Normale,Autre collision,,,,,,,,,,,1,2,2,1.0,6.0
201800038294,0018-06-30 08:15:00,18,6,30,8,15,920,44,"131, ANA.FRANCE(RUE)77A1",48.89276,2.28547,Plein jour,En agglomération,Intersection en X,Normale,Deux véhicules - côté,,,,,,,,,,,1,2,2,1.0,3.0
201800038295,0018-07-06 16:50:00,18,7,6,16,50,920,44,"87, J. GUESDE(RUE)71A101",48.89276,2.28547,Plein jour,En agglomération,Hors intersection,Normale,Deux véhicules - arrière,,,,,,,,,,,1,2,1,1.0,2.0
201800038296,0018-05-18 13:30:00,18,5,18,13,30,920,44,"130, VIC HUGO(RUE)115A1",48.89276,2.28547,Plein jour,En agglomération,Hors intersection,Normale,Autre collision,,,,,,,,,,,1,2,1,1.0,6.0
201800038297,0018-06-05 17:55:00,18,6,5,17,55,920,44,88 PDT WILSON(RUE)77A10,48.89276,2.28547,Plein jour,En agglomération,Hors intersection,Normale,Autre collision,,,,,,,,,,,1,2,1,1.0,6.0
201800038298,0018-06-25 23:00:00,18,6,25,23,0,920,44,"118, VIC. HUGO(RUE)091A1",48.89276,2.28547,Nuit avec éclairage allumé,En agglomération,Hors intersection,Normale,Deux véhicules - côté,,,,,,,,,,,5,2,1,1.0,3.0
201800038299,0018-07-23 13:00:00,18,7,23,13,0,920,44,"29, P.V.COUTURIER(RUE)41",48.89276,2.28547,Plein jour,En agglomération,Intersection en X,Normale,Deux véhicules - côté,,,,,,,,,,,1,2,2,1.0,3.0
201800038300,0018-04-29 23:10:00,18,4,29,23,10,920,44,"30, CHARLES PASQUA(QUAI)",48.89276,2.28547,Nuit avec éclairage allumé,En agglomération,Hors intersection,Normale,Autre collision,,,,,,,,,,,5,2,1,1.0,6.0
201800038301,0018-07-25 01:30:00,18,7,25,1,30,920,44,"63, RIVAY(RUE)41A71 ET38",48.89276,2.28547,Nuit avec éclairage allumé,En agglomération,Hors intersection,Normale,Autre collision,,,,,,,,,,,5,2,1,1.0,6.0
201800038302,0018-07-25 14:25:00,18,7,25,14,25,920,44,"1, CHARLES DEUTSCHMANN(R",48.89276,2.28547,Plein jour,En agglomération,Hors intersection,Normale,Autre collision,,,,,,,,,,,1,2,1,1.0,6.0
201800038303,0018-08-03 12:25:00,18,8,3,12,25,920,44,PDT WILSON(RUE) 2A24 ET,48.89276,2.28547,Plein jour,En agglomération,Intersection en X,Normale,Autre collision,,,,,,,,,,,1,2,2,1.0,6.0
201800038304,0018-06-30 15:10:00,18,6,30,15,10,920,44,"24, VILLIERS(RUE DE)  2A",48.89276,2.28547,Plein jour,En agglomération,Autre intersection,Normale,Autre collision,,,,,,,,,,,1,2,9,1.0,6.0
201800038305,0018-07-09 19:20:00,18,7,9,19,20,920,44,182 DANTON (RUE) 125+,48.89276,2.28547,Plein jour,En agglomération,Intersection en T,Normale,Autre collision,,,,,,,,,,,1,2,3,1.0,6.0
201800038306,0018-08-20 10:15:00,18,8,20,10,15,920,44,VIC. HUGO(RUE)091A113 ET,48.89753,2.29521,Plein jour,En agglomération,Intersection en Y,Normale,Deux véhicules - frontale,,,,,,,,,,,1,2,4,1.0,1.0
201800038307,0018-08-21 11:10:00,18,8,21,11,10,920,44,JEAN JAURES(RUE) 1A55 ET,48.89228,2.29351,Plein jour,En agglomération,Intersection en T,Normale,Deux véhicules - arrière,,,,,,,,,,,1,2,3,1.0,2.0
201800038308,0018-09-03 10:30:00,18,9,3,10,30,920,44,PASTEUR (RUE),48.89276,2.28547,Plein jour,En agglomération,Hors intersection,Normale,Deux véhicules - arrière,,,,,,,,,,,1,2,1,1.0,2.0
201800038309,0018-07-01 00:55:00,18,7,1,0,55,920,44,"44, CHARLES PASQUA (QUAI",48.89276,2.28547,Nuit avec éclairage allumé,En agglomération,Hors intersection,Normale,Sans collision,,,,,,,,,,,5,2,1,1.0,7.0
201800038310,0018-07-02 15:50:00,18,7,2,15,50,920,44,"115, J. GUESDES(RUE)103A",48.89276,2.28547,Plein jour,En agglomération,Hors intersection,Normale,Deux véhicules - côté,,,,,,,,,,,1,2,1,1.0,3.0
201800038311,0018-07-01 20:55:00,18,7,1,20,55,920,44,"132, ANA.FRANCE(RUE)77A1",48.89276,2.28547,Plein jour,En agglomération,Intersection en T,Normale,Deux véhicules - côté,,,,,,,,,,,1,2,3,1.0,3.0
201800038312,0018-07-13 10:15:00,18,7,13,10,15,920,44,"30, VIC. HUGO(RUE)001A06",48.89276,2.28547,Plein jour,En agglomération,Intersection en T,Normale,Deux véhicules - côté,,,,,,,,,,,1,2,3,1.0,3.0
201800038313,0018-07-11 00:01:00,18,7,11,0,1,920,44,VIC. HUGO (RUE) 091A113,48.89276,2.28547,Nuit avec éclairage allumé,En agglomération,Hors intersection,Normale,Deux véhicules - côté,,,,,,,,,,,5,2,1,1.0,3.0
201800038314,0018-08-04 06:00:00,18,8,4,6,0,920,44,VIC. HUGO(RUE)001A067 ET,48.89276,2.28547,Nuit avec éclairage allumé,En agglomération,Hors intersection,Normale,Autre collision,,,,,,,,,,,5,2,1,1.0,6.0
201800038315,0018-09-06 16:00:00,18,9,6,16,0,920,44,MATHILDE GIRAULT (RUE),48.89684,2.28199,Crépuscule ou aube,En agglomération,Hors intersection,Normale,Autre collision,,,,,,,,,,,2,2,1,1.0,6.0
201800038316,0018-09-06 19:44:00,18,9,6,19,44,920,44,J. GUESDE(RUE) 1A23 ET2A,48.89172,2.29392,Plein jour,En agglomération,Hors intersection,Normale,Deux véhicules - côté,,,,,,,,,,,1,2,1,1.0,3.0
201800038317,0018-08-03 15:00:00,18,8,3,15,0,920,44,ED.VAILLANT(RUE) 75A117,48.89276,2.28547,Plein jour,En agglomération,Hors intersection,Normale,Deux véhicules - côté,,,,,,,,,,,1,2,1,1.0,3.0
201800038318,0018-07-12 15:00:00,18,7,12,15,0,920,44,"57, J. GUESDE(RUE)25A57",48.89276,2.28547,Plein jour,En agglomération,Hors intersection,Normale,Autre collision,,,,,,,,,,,1,2,1,1.0,6.0
201800038319,0018-09-10 09:05:00,18,9,10,9,5,920,44,VILLIERS(RUE DE)  88A140,48.89276,2.28547,Plein jour,En agglomération,Hors intersection,Normale,Deux véhicules - arrière,,,,,,,,,,,1,2,1,1.0,2.0
201800038320,0018-09-12 02:08:00,18,9,12,2,8,920,44,ARISTIDE BRIAND(RUE)85 +,48.89276,2.28547,Nuit avec éclairage allumé,En agglomération,Intersection en X,Normale,Deux véhicules - côté,,,,,,,,,,,5,2,2,1.0,3.0
201800038321,0018-09-08 18:00:00,18,9,8,18,0,920,44,PDT WILSON(RUE) 2A24 ET,48.89276,2.28547,Plein jour,En agglomération,Intersection en X,Normale,Deux véhicules - côté,,,,,,,,,,,1,2,2,1.0,3.0
201800038322,0018-09-26 12:45:00,18,9,26,12,45,920,44,MARIUS AUFAN(RUE) 69+ ET,48.89495,2.28091,Plein jour,En agglomération,Intersection en X,Normale,Deux véhicules - côté,,,,,,,,,,,1,2,2,1.0,3.0
201800038323,0018-10-02 19:20:00,18,10,2,19,20,920,44,CAMILLE PELLETAN(RUE)17,48.89597,2.29023,Crépuscule ou aube,Hors agglomération,Intersection en X,Pluie légère,Deux véhicules - frontale,,,,,,,,,,,2,1,2,2.0,1.0
201800038324,0018-10-03 17:26:00,18,10,3,17,26,920,44,ARISTIDE BRIAND(RUE)85 +,48.89276,2.28547,Plein jour,En agglomération,Intersection en T,Normale,Deux véhicules - côté,,,,,,,,,,,1,2,3,1.0,3.0
201800038325,0018-08-27 11:36:00,18,8,27,11,36,920,44,J. GUESDE(RUE)71A101ET80,48.89276,2.28547,Plein jour,En agglomération,Intersection en T,Normale,Deux véhicules - côté,,,,,,,,,,,1,2,3,1.0,3.0
201800038326,0018-10-05 12:55:00,18,10,5,12,55,920,44,PDT WILSON(RUE)51A75 ET,48.89228,2.29032,Plein jour,En agglomération,Hors intersection,Normale,Autre collision,,,,,,,,,,,1,2,1,1.0,6.0
201800038327,0018-10-05 17:35:00,18,10,5,17,35,920,44,J. GUESDES(RUE)103A139ET,48.89276,2.28547,Plein jour,En agglomération,Hors intersection,Normale,Autre collision,,,,,,,,,,,1,2,1,1.0,6.0
201800038328,0018-10-04 09:00:00,18,10,4,9,0,920,44,ALSACE (RUE) N°19 + ET 2,48.8912,2.29518,Plein jour,En agglomération,Hors intersection,Normale,Autre collision,,,,,,,,,,,1,2,1,1.0,6.0
201800038329,0018-10-02 10:35:00,18,10,2,10,35,920,44,V. HUGO (RUE) 91 A113,48.89276,2.28547,Plein jour,En agglomération,Hors intersection,Normale,Autre collision,,,,,,,,,,,1,2,1,1.0,6.0
201800038330,0018-10-11 13:45:00,18,10,11,13,45,920,44,VIC. HUGO(RUE)091A113 ET,48.89817,2.29451,Plein jour,En agglomération,Intersection à plus de 4 branches,Normale,Deux véhicules - côté,,,,,,,,,,,1,2,5,1.0,3.0
201800038331,0018-10-07 13:15:00,18,10,7,13,15,920,44,VILLIERS(RUE DE)  54A86,48.89276,2.28547,Plein jour,En agglomération,Hors intersection,Temps couvert,Deux véhicules - arrière,,,,,,,,,,,1,2,1,8.0,2.0
201800038332,0018-10-04 20:15:00,18,10,4,20,15,920,44,ALSACE (RUE) N°1 A 17 ET,48.89276,2.28547,Nuit avec éclairage allumé,En agglomération,Intersection en X,Normale,Autre collision,,,,,,,,,,,5,2,2,1.0,6.0
201800038333,0018-10-24 21:40:00,18,10,24,21,40,920,44,VIC. HUGO(RUE)115A149 ET,48.89276,2.28547,Nuit avec éclairage allumé,En agglomération,Hors intersection,Normale,Deux véhicules - côté,,,,,,,,,,,5,2,1,1.0,3.0
201800038334,0018-11-05 12:00:00,18,11,5,12,0,920,44,J. GUESDES(RUE)103A139ET,48.89276,2.28547,Plein jour,En agglomération,Intersection en X,Normale,Autre collision,,,,,,,,,,,1,2,2,1.0,6.0
201800038335,0018-08-07 02:50:00,18,8,7,2,50,920,44,VOLTAIRE(RUE)1A51 ET2A40,48.89276,2.28547,Nuit avec éclairage allumé,En agglomération,Intersection en X,Normale,Autre collision,,,,,,,,,,,5,2,2,1.0,6.0
201800038336,0018-11-21 07:40:00,18,11,21,7,40,920,44,CHARLES PASQUA (QUAI) 58,48.89276,2.28547,Plein jour,En agglomération,Hors intersection,Temps couvert,Deux véhicules - arrière,,,,,,,,,,,1,2,1,8.0,2.0
201800038337,0018-11-24 07:45:00,18,11,24,7,45,920,44,DEGUINGAND (RUE),48.89276,2.28547,Plein jour,En agglomération,Intersection en T,Normale,Deux véhicules - frontale,,,,,,,,,,,1,2,3,1.0,1.0
201800038338,0018-11-29 11:10:00,18,11,29,11,10,920,44,VOLTAIRE(RUE)53A81 ET 42,48.89276,2.28547,Plein jour,En agglomération,Intersection en X,Normale,Autre collision,,,,,,,,,,,1,2,2,1.0,6.0
201800038339,0018-12-03 09:10:00,18,12,3,9,10,920,44,DANTON(RUE) 1A73 ET 2A88,,,Plein jour,En agglomération,Intersection en X,Temps couvert,Autre collision,,,,,,,,,,,1,2,2,8.0,6.0
201800038340,0018-11-17 07:20:00,18,11,17,7,20,920,44,ED.VAILLANT(RUE) 47A73 E,48.89276,2.28547,Nuit avec éclairage allumé,En agglomération,Intersection en X,Normale,Deux véhicules - côté,,,,,,,,,,,5,2,2,1.0,3.0
201800038341,0018-11-23 21:11:00,18,11,23,21,11,920,44,GARE(RUE DE LA),48.89276,2.28547,Nuit sans éclairage public,En agglomération,Hors intersection,Normale,Autre collision,,,,,,,,,,,3,2,1,1.0,6.0
201800038342,0018-09-23 13:49:00,18,9,23,13,49,920,44,GABRIEL PERI(RUE) 1A23 E,48.89276,2.28547,Plein jour,En agglomération,Intersection en T,Pluie légère,Sans collision,,,,,,,,,,,1,2,3,2.0,7.0
201800038343,0018-12-07 14:50:00,18,12,7,14,50,920,44,VILLIERS(RUE DE)  54A86,48.89214,2.27759,Plein jour,En agglomération,Hors intersection,Pluie forte,Deux véhicules - côté,,,,,,,,,,,1,2,1,3.0,3.0
201800038344,0018-12-11 11:44:00,18,12,11,11,44,920,44,ED. VAILLANT(RUE) 1A35 E,48.89389,2.29094,Plein jour,En agglomération,Autre intersection,Normale,Autre collision,,,,,,,,,,,1,2,9,1.0,6.0
201800038345,0018-12-11 19:29:00,18,12,11,19,29,920,44,CHAPTAL(RUE) 81+ ET 66+,48.89246,2.27954,Nuit avec éclairage allumé,En agglomération,Intersection en X,Normale,Autre collision,,,,,,,,,,,5,2,2,1.0,6.0
201800038346,0018-08-04 06:10:00,18,8,4,6,10,920,44,VIC. HUGO(RUE)077A089 ET,48.89276,2.28547,Nuit avec éclairage allumé,En agglomération,Hors intersection,Normale,Autre collision,,,,,,,,,,,5,2,1,1.0,6.0
201800038347,0018-12-13 11:05:00,18,12,13,11,5,920,44,LORRAINE (RUE DE),48.89276,2.28547,Plein jour,En agglomération,Hors intersection,Normale,Deux véhicules - côté,,,,,,,,,,,1,2,1,1.0,3.0
201800038348,0018-12-13 11:00:00,18,12,13,11,0,920,44,LORRAINE (RUE DE),48.89276,2.28547,Plein jour,En agglomération,Hors intersection,Normale,Deux véhicules - côté,,,,,,,,,,,1,2,1,1.0,3.0
201800038349,0018-12-14 13:00:00,18,12,14,13,0,920,44,HUIT MAI 1945 (PLACE DU),48.89276,2.28547,Plein jour,En agglomération,Hors intersection,Normale,Autre collision,,,,,,,,,,,1,2,1,1.0,6.0
201800038350,0018-12-19 18:00:00,18,12,19,18,0,920,44,VIC. HUGO(RUE)091A113 ET,48.89276,2.28547,Nuit avec éclairage allumé,En agglomération,Hors intersection,Normale,Autre collision,,,,,,,,,,,5,2,1,1.0,6.0
201800038351,0018-12-23 18:00:00,18,12,23,18,0,920,44,PABLO NERUDA (RUE),48.89361,2.29963,Nuit avec éclairage allumé,En agglomération,Intersection en T,Pluie légère,Autre collision,,,,,,,,,,,5,2,3,2.0,6.0
201800038352,0018-12-27 08:46:00,18,12,27,8,46,920,44,GABRIEL PERI(RUE) 1,48.88898,2.29049,Plein jour,En agglomération,Hors intersection,Normale,Autre collision,,,,,,,,,,,1,2,1,1.0,6.0
201800038353,0018-11-02 18:00:00,18,11,2,18,0,920,44,RiIVAY (RUE),48.89276,2.28547,Nuit sans éclairage public,En agglomération,Hors intersection,Normale,Autre collision,,,,,,,,,,,3,2,1,1.0,6.0
201800038354,0018-01-17 10:30:00,18,1,17,10,30,920,48,rue du PETIT CLAMART,48.78351,2.22508,Plein jour,En agglomération,Hors intersection,Normale,Autre collision,,,,,,,,,,,1,2,1,1.0,6.0
201800038355,0018-02-15 08:30:00,18,2,15,8,30,920,48,"10, JACQUEMINOT (AVENUE)",48.81,2.234,Plein jour,En agglomération,Intersection en T,Pluie légère,Deux véhicules - arrière,,,,,,,,,,,1,2,3,2.0,2.0
201800038356,0018-03-09 13:40:00,18,3,9,13,40,920,48,"3, VILLACOUBLAY (AVENUE",48.78413,2.23273,Plein jour,En agglomération,Hors intersection,Normale,Autre collision,,,,,,,,,,,1,2,1,1.0,6.0
201800038357,0018-03-14 15:29:00,18,3,14,15,29,920,48,"32, REPUBLIQUE (RUE DE L",48.8079,2.23595,Plein jour,En agglomération,Intersection en X,Normale,Autre collision,,,,,,,,,,,1,2,2,1.0,6.0
201800038358,0018-03-15 18:35:00,18,3,15,18,35,920,48,REPUBLIQUE (RUE DE LA) N,,,Crépuscule ou aube,En agglomération,Intersection en T,Pluie légère,Autre collision,,,,,,,,,,,2,2,3,2.0,6.0
201800038359,0018-03-28 08:45:00,18,3,28,8,45,920,48,"23, GARDES (ROUTE DES) N",48.81879,2.23844,Plein jour,En agglomération,Hors intersection,Pluie légère,Autre collision,,,,,,,,,,,1,2,1,2.0,6.0
201800038360,0018-03-29 23:40:00,18,3,29,23,40,920,48,BANES (RUE) N° 2 A 10,48.80806,2.24073,Nuit avec éclairage allumé,En agglomération,Intersection en T,Normale,Deux véhicules - côté,,,,,,,,,,,5,2,3,1.0,3.0
201800038361,0018-04-03 19:41:00,18,4,3,19,41,920,48,"151, VERDUN (AVENUE DE)",,,Plein jour,En agglomération,Autre intersection,Pluie légère,Deux véhicules - côté,,,,,,,,,,,1,2,9,2.0,3.0
201800038362,0018-04-11 06:05:00,18,4,11,6,5,920,48,MORANE SAULNIER (AVENUE),,,Nuit sans éclairage public,En agglomération,Hors intersection,Normale,Autre collision,,,,,,,,,,,3,2,1,1.0,6.0
201800038363,0018-04-13 08:00:00,18,4,13,8,0,920,48,"1bis, REPUBLIQUE (RUE DE",48.81144,2.23691,Plein jour,En agglomération,Intersection en X,Temps couvert,Deux véhicules - côté,,,,,,,,,,,1,2,2,8.0,3.0
201800038364,0018-04-13 15:09:00,18,4,13,15,9,920,48,"., GENERAL DE GAULLE (AV",48.78873,2.23134,Plein jour,En agglomération,Hors intersection,Normale,Deux véhicules - côté,,,,,,,,,,,1,2,1,1.0,3.0
201800038365,0018-04-16 19:45:00,18,4,16,19,45,920,48,"34, MAIL (ALLEE DU)",48.78825,2.22308,Crépuscule ou aube,En agglomération,Hors intersection,Normale,Autre collision,,,,,,,,,,,2,2,1,1.0,6.0
201800038366,0018-05-10 15:15:00,18,5,10,15,15,920,48,"2, ROBERT SCHUMAN (AVENU",48.78885,2.23441,Plein jour,En agglomération,Intersection en T,Normale,Deux véhicules - frontale,,,,,,,,,,,1,2,3,1.0,1.0
201800038367,0018-05-15 13:20:00,18,5,15,13,20,920,48,TRIVAUX (AVENUE DE) N° 9,48.79102,2.23271,Plein jour,Hors agglomération,Hors intersection,Normale,Sans collision,,,,,,,,,,,1,1,1,1.0,7.0
201800038368,0018-05-28 11:30:00,18,5,28,11,30,920,48,PARIS (RUE DE) N° 1 A 15,48.81764,2.2489,Plein jour,En agglomération,Hors intersection,Temps éblouissant,Autre collision,,,,,,,,,,,1,2,1,7.0,6.0
201800038369,0018-05-25 21:55:00,18,5,25,21,55,920,48,LARRIS (RUE DES),,,Nuit avec éclairage allumé,En agglomération,Intersection en T,Pluie forte,Autre collision,,,,,,,,,,,5,2,3,3.0,6.0
201800038370,0018-06-06 09:10:00,18,6,6,9,10,920,48,"5, FOSSES (AVENUE DES)",48.80854,2.24806,Plein jour,En agglomération,Intersection en X,Normale,Autre collision,,,,,,,,,,,1,2,2,1.0,6.0
201800038371,0018-06-21 19:35:00,18,6,21,19,35,920,48,GENERAL DE GAULLE (AVENU,48.78776,2.22799,Plein jour,En agglomération,Hors intersection,Normale,Autre collision,,,,,,,,,,,1,2,1,1.0,6.0
201800038372,0018-06-25 08:35:00,18,6,25,8,35,920,48,"5, ALEMBERT (RUE D')",48.80467,2.23841,Plein jour,En agglomération,Hors intersection,Normale,Autre collision,,,,,,,,,,,1,2,1,1.0,6.0
201800038373,0018-06-24 17:40:00,18,6,24,17,40,920,48,"48, VAUGIRARD (ROUTE DE)",48.82095,2.23594,Plein jour,En agglomération,Hors intersection,Normale,Sans collision,,,,,,,,,,,1,2,1,1.0,7.0
201800038374,0018-06-28 19:25:00,18,6,28,19,25,920,48,"2-4, STALINGRAD (PLACE)",48.81479,2.23423,Plein jour,En agglomération,Place,Normale,Autre collision,,,,,,,,,,,1,2,7,1.0,6.0
201800038375,0018-07-01 09:50:00,18,7,1,9,50,920,48,"., GENERAL LECLERC (PLAC",48.81772,2.20428,Plein jour,En agglomération,Intersection en X,Normale,Deux véhicules - côté,,,,,,,,,,,1,2,2,1.0,3.0
201800038376,0018-07-05 01:20:00,18,7,5,1,20,920,48,FORET ( CAVALIERE DE),48.79709,2.23032,Nuit sans éclairage public,Hors agglomération,Hors intersection,Normale,Autre collision,,,,,,,,,,,3,1,1,1.0,6.0
201800038377,0018-07-03 19:05:00,18,7,3,19,5,920,48,COLONEL MORAINE (ROUT,48.7965,2.21764,Plein jour,Hors agglomération,Intersection en X,Normale,Deux véhicules - côté,,,,,,,,,,,1,1,2,1.0,3.0
201800038378,0018-07-10 18:15:00,18,7,10,18,15,920,48,BELGIQUE (RUE DE LA),48.8085,2.24796,Plein jour,En agglomération,Intersection en X,Normale,Deux véhicules - côté,,,,,,,,,,,1,2,2,1.0,3.0
201800038379,0018-07-16 18:30:00,18,7,16,18,30,920,48,"24bis, VERD DE SAINT JUL",48.81598,2.23274,Plein jour,En agglomération,Hors intersection,Normale,Deux véhicules - côté,,,,,,,,,,,1,2,1,1.0,3.0
201800038380,0018-08-01 00:25:00,18,8,1,0,25,920,48,MARE ADAM (CARREFOUR DE,48.80004,2.21554,Nuit sans éclairage public,Hors agglomération,Autre intersection,Normale,Sans collision,,,,,,,,,,,3,1,9,1.0,7.0