accident_id,datetime,annee,mois,jour,heure,minute,departement,commune_insee,adresse,latitude,longitude,luminosite,agglomeration,intersection,meteo,collision,nb_vehicules,nb_usagers,nb_indemnes,nb_tues,nb_blesses_hosp,nb_blesses_legers,age_cond_1,age_cond_2,veh_type_cond_1,veh_type_cond_2,lum_code,agg_code,int_code,atm_code,col_code
201800038620,0018-09-13 12:15:00,18,9,13,12,15,920,50,CLEMENCEAU GEORGES AVENU,48.88,2.21,Plein jour,En agglomération,Intersection en Y,Normale,Trois véhicules et plus - collisions multiples,,,,,,,,,,,1,2,4,1.0,5.0
201800038621,0018-09-14 18:45:00,18,9,14,18,45,920,50,BOUVETS BOULEVARD DES,48.9,2.21,Plein jour,En agglomération,Hors intersection,Normale,Deux véhicules - côté,,,,,,,,,,,1,2,1,1.0,3.0
201800038622,0018-09-15 13:45:00,18,9,15,13,45,920,50,LENINE VLADIMIR ILITCH A,48.888,2.19306,Plein jour,En agglomération,Hors intersection,Normale,Deux véhicules - frontale,,,,,,,,,,,1,2,1,1.0,1.0
201800038623,0018-09-22 22:50:00,18,9,22,22,50,920,50,CLEMENCEAU GEORGES AVENU,,,Nuit avec éclairage allumé,En agglomération,Intersection en T,Temps couvert,Deux véhicules - côté,,,,,,,,,,,5,2,3,8.0,3.0
201800038624,0018-09-25 13:05:00,18,9,25,13,5,920,50,PONS NOEL RUE,48.9,2.21,Plein jour,En agglomération,Intersection en X,Normale,Deux véhicules - frontale,,,,,,,,,,,1,2,2,1.0,1.0
201800038625,0018-09-30 20:10:00,18,9,30,20,10,920,50,SAINT CLOUD RUE DE,,,Nuit avec éclairage allumé,En agglomération,Autre intersection,Normale,Deux véhicules - côté,,,,,,,,,,,5,2,9,1.0,3.0
201800038626,0018-10-03 10:15:00,18,10,3,10,15,920,50,CLEMENCEAU GEORGES AVENU,48.88,2.2,Plein jour,En agglomération,Hors intersection,Temps couvert,Deux véhicules - côté,,,,,,,,,,,1,2,1,8.0,3.0
201800038627,0018-10-04 22:00:00,18,10,4,22,0,920,50,JOLIOT CURIE F. ET IRENE,48.88,2.2,Nuit avec éclairage allumé,En agglomération,Intersection en X,Normale,Deux véhicules - côté,,,,,,,,,,,5,2,2,1.0,3.0
201800038628,0018-10-05 00:40:00,18,10,5,0,40,920,50,VAILLANT COUTURIER PAUL,48.88,2.206,Nuit avec éclairage allumé,En agglomération,Hors intersection,Normale,Autre collision,,,,,,,,,,,5,2,1,1.0,6.0
201800038629,0018-10-05 16:30:00,18,10,5,16,30,920,50,BALZAC HONORE DE BOULEVA,48.89487,0.20937,Plein jour,En agglomération,Hors intersection,Normale,Deux véhicules - côté,,,,,,,,,,,1,2,1,1.0,3.0
201800038630,0018-10-04 16:35:00,18,10,4,16,35,920,50,STRASBOURG RUE DE,48.91244,2.22491,Plein jour,En agglomération,Intersection en X,Normale,Deux véhicules - côté,,,,,,,,,,,1,2,2,1.0,3.0
201800038631,0018-10-08 17:00:00,18,10,8,17,0,920,50,LEMAITRE THOMAS RUE,48.89024,2.1918,Plein jour,En agglomération,Hors intersection,Normale,Autre collision,,,,,,,,,,,1,2,1,1.0,6.0
201800038632,0018-10-11 13:35:00,18,10,11,13,35,920,50,PICASSO PABLO AVENUE,48.89076,2.21588,Plein jour,En agglomération,Intersection en T,Normale,Deux véhicules - côté,,,,,,,,,,,1,2,3,1.0,3.0
201800038633,0018-10-12 08:25:00,18,10,12,8,25,920,50,LEMAITRE THOMAS RUE,48.88856,2.19391,Plein jour,En agglomération,Intersection en Y,Pluie légère,Deux véhicules - côté,,,,,,,,,,,1,2,4,2.0,3.0
201800038634,0018-10-12 13:45:00,18,10,12,13,45,920,50,COMMUNE DE PARIS AVENUE,48.89,2.19,Plein jour,En agglomération,Hors intersection,Temps couvert,Autre collision,,,,,,,,,,,1,2,1,8.0,6.0
201800038635,0018-10-12 16:45:00,18,10,12,16,45,920,50,MARTIN HENRI AVENUE,48.8932,2.18339,Plein jour,En agglomération,Hors intersection,Normale,Autre collision,,,,,,,,,,,1,2,1,1.0,6.0
201800038636,0018-10-19 17:10:00,18,10,19,17,10,920,50,LIBERTE AVENUE DE LA,48.8899,2.20366,Plein jour,En agglomération,Intersection en T,Normale,Deux véhicules - côté,,,,,,,,,,,1,2,3,1.0,3.0
201800038637,0018-10-24 17:00:00,18,10,24,17,0,920,50,BOULEVARD DE LA DEFENSE,,,Plein jour,Hors agglomération,Hors intersection,Normale,Deux véhicules - arrière,,,,,,,,,,,1,1,1,1.0,2.0
201800038638,0018-10-25 10:25:00,18,10,25,10,25,920,50,JOLIOT CURIE F. ET IRENE,48.89369,2.21183,Plein jour,En agglomération,Intersection en X,Temps couvert,Autre collision,,,,,,,,,,,1,2,2,8.0,6.0
201800038639,0018-10-26 22:42:00,18,10,26,22,42,920,26,AVENUE GAMBETTA,48.89283,2.2451,Nuit avec éclairage allumé,En agglomération,Intersection en X,Normale,Deux véhicules - côté,,,,,,,,,,,5,2,2,1.0,3.0
201800038640,0018-10-28 14:00:00,18,10,28,14,0,920,50,LEGER FERNAND ALLEE,48.88763,2.21964,Plein jour,En agglomération,Hors intersection,Pluie légère,Autre collision,,,,,,,,,,,1,2,1,2.0,6.0
201800038641,0018-10-29 22:10:00,18,10,29,22,10,920,50,BOULE PLACE DE LA,48.0,2.2,Nuit avec éclairage allumé,En agglomération,Giratoire,Temps couvert,Deux véhicules - côté,,,,,,,,,,,5,2,6,8.0,3.0
201800038642,0018-10-30 20:25:00,18,10,30,20,25,920,50,RENAN ERNEST RUE,48.89346,2.18658,Nuit avec éclairage allumé,En agglomération,Intersection en X,Normale,Deux véhicules - côté,,,,,,,,,,,5,2,2,1.0,3.0
201800038643,0018-11-04 12:00:00,18,11,4,12,0,920,50,LENINE VLADIMIR ILITCH A,48.88,2.18,Plein jour,En agglomération,Hors intersection,Normale,Deux véhicules - côté,,,,,,,,,,,1,2,1,1.0,3.0
201800038644,0018-11-12 09:40:00,18,11,12,9,40,920,50,CLEMENCEAU GEORGES AVENU,48.88,2.21,Plein jour,En agglomération,Intersection en Y,Pluie forte,Deux véhicules - côté,,,,,,,,,,,1,2,4,3.0,3.0
201800038645,0018-11-13 08:10:00,18,11,13,8,10,920,50,CLEMENCEAU GEORGES AVENU,,,Plein jour,En agglomération,Hors intersection,Normale,Trois véhicules et plus - collisions multiples,,,,,,,,,,,1,2,1,1.0,5.0
201800038646,0018-11-13 20:40:00,18,11,13,20,40,920,50,FUSILLES DE LA RESISTANC,48.87,2.71,Nuit avec éclairage allumé,En agglomération,Intersection en Y,Normale,Deux véhicules - côté,,,,,,,,,,,5,2,4,1.0,3.0
201800038647,0018-11-14 16:50:00,18,11,14,16,50,920,50,PONS NOEL RUE,48.9,2.21,Plein jour,En agglomération,Hors intersection,Normale,Deux véhicules - côté,,,,,,,,,,,1,2,1,1.0,3.0
201800038648,0018-11-14 08:15:00,18,11,14,8,15,920,50,SUISSES RUE DES,48.88715,2.18908,Plein jour,En agglomération,Intersection en X,Normale,Autre collision,,,,,,,,,,,1,2,2,1.0,6.0
201800038649,0018-11-15 14:30:00,18,11,15,14,30,920,50,PICASSO PABLO AVENUE,48.8902,2.2187,Plein jour,En agglomération,Intersection en T,Normale,Deux véhicules - côté,,,,,,,,,,,1,2,3,1.0,3.0
201800038650,0018-11-19 11:35:00,18,11,19,11,35,920,50,COUCHANT BOULEVARD DU,48.89,2.19,Plein jour,En agglomération,Intersection en T,Normale,Autre collision,,,,,,,,,,,1,2,3,1.0,6.0
201800038651,0018-11-19 20:30:00,18,11,19,20,30,920,50,VAILLANT COUTURIER PAUL,48.8,2.2,Nuit avec éclairage allumé,En agglomération,Hors intersection,Pluie légère,Deux véhicules - côté,,,,,,,,,,,5,2,1,2.0,3.0
201800038652,0018-12-03 00:10:00,18,12,3,0,10,920,50,DUBUIS EDMOND RUE,,,Nuit avec éclairage allumé,En agglomération,Intersection en T,Temps couvert,Deux véhicules - côté,,,,,,,,,,,5,2,3,8.0,3.0
201800038653,0018-12-07 14:35:00,18,12,7,14,35,920,50,LENINE VLADIMIR ILITCH A,48.88781,2.18735,Plein jour,En agglomération,Hors intersection,Pluie forte,Deux véhicules - arrière,,,,,,,,,,,1,2,1,3.0,2.0
201800038654,0018-12-09 00:05:00,18,12,9,0,5,920,50,CLEMENCEAU GEORGES AVENU,48.88505,2.2106,Nuit avec éclairage allumé,En agglomération,Autre intersection,Normale,Deux véhicules - arrière,,,,,,,,,,,5,2,9,1.0,2.0
201800038655,0018-12-10 09:10:00,18,12,10,9,10,920,50,GARCHES RUE DE,48.87869,2.20801,Plein jour,En agglomération,Hors intersection,Pluie légère,Autre collision,,,,,,,,,,,1,2,1,2.0,6.0
201800038656,0018-12-13 13:35:00,18,12,13,13,35,920,50,HUIT MAI 1945 RUE DU,48.8912,2.20321,Plein jour,En agglomération,Hors intersection,Normale,Deux véhicules - côté,,,,,,,,,,,1,2,1,1.0,3.0
201800038657,0018-12-16 18:50:00,18,12,16,18,50,920,50,SAINT MAURICE RUE,48.88,2.19,Nuit avec éclairage allumé,En agglomération,Intersection en X,Pluie légère,Deux véhicules - côté,,,,,,,,,,,5,2,2,2.0,3.0
201800038658,0018-12-17 07:30:00,18,12,17,7,30,920,50,RD 914,48.90022,2.21964,Nuit avec éclairage non allumé,Hors agglomération,Autre intersection,Autre,Trois véhicules et plus - en chaîne,,,,,,,,,,,4,1,9,9.0,4.0
201800038659,0018-12-10 08:50:00,18,12,10,8,50,920,50,JOLIOT CURIE F. ET IRENE,48.88949,2.20464,Plein jour,En agglomération,Hors intersection,Normale,Autre collision,,,,,,,,,,,1,2,1,1.0,6.0
201800038660,0018-12-17 15:20:00,18,12,17,15,20,920,50,JOLIOT CURIE F. ET IRENE,48.89569,2.2153,Plein jour,En agglomération,Hors intersection,Normale,Autre collision,,,,,,,,,,,1,2,1,1.0,6.0
201800038661,0018-12-24 06:15:00,18,12,24,6,15,920,50,REPUBLIQUE AVENUE DE LA,48.91221,2.22391,Nuit avec éclairage allumé,En agglomération,Hors intersection,Pluie légère,Autre collision,,,,,,,,,,,5,2,1,2.0,6.0
201800038662,0018-12-27 22:10:00,18,12,27,22,10,920,50,HOCHE AVENUE,48.9003,2.2002,Nuit avec éclairage allumé,En agglomération,Intersection en X,Normale,Deux véhicules - côté,,,,,,,,,,,5,2,2,1.0,3.0
201800038663,0018-12-29 03:45:00,18,12,29,3,45,920,50,FRACHON BENOIT AVENUE,48.8937,2.1885,Nuit avec éclairage allumé,En agglomération,Hors intersection,Normale,Autre collision,,,,,,,,,,,5,2,1,1.0,6.0
201800038664,0018-01-01 13:00:00,18,1,1,13,0,920,51,"109B, CHARLES DE GAULLE",48.88189,2.2687,Plein jour,En agglomération,Hors intersection,Pluie légère,Autre collision,,,,,,,,,,,1,2,1,2.0,6.0
201800038665,0018-12-10 08:45:00,18,12,10,8,45,920,51,"ACHILLE PERETTI (AVENUE,",48.8887,2.27384,Plein jour,En agglomération,Hors intersection,Normale,Autre collision,,,,,,,,,,,1,2,1,1.0,6.0
201800038666,0018-01-09 10:15:00,18,1,9,10,15,920,51,"58, VICTOR HUGO (BOULEVA",48.88758,2.27953,Plein jour,En agglomération,Hors intersection,Normale,Autre collision,,,,,,,,,,,1,2,1,1.0,6.0
201800038667,0018-01-22 18:37:00,18,1,22,18,37,920,51,"84, CHARLES DE GAULLE (A",48.88189,2.26872,Nuit avec éclairage allumé,En agglomération,Hors intersection,Normale,Deux véhicules - côté,,,,,,,,,,,5,2,1,1.0,3.0
201800038668,0018-01-29 09:55:00,18,1,29,9,55,920,51,"40, GENERAL KOENIG (BOUL",48.88412,2.2544,Plein jour,En agglomération,Intersection en T,Temps couvert,Deux véhicules - côté,,,,,,,,,,,1,2,3,8.0,3.0
201800038669,0018-01-30 20:44:00,18,1,30,20,44,920,51,"1, RICHARD WALLACE (BOUL",48.8763,2.2466,Nuit avec éclairage allumé,En agglomération,Intersection en X,Pluie légère,Deux véhicules - côté,,,,,,,,,,,5,2,2,2.0,3.0
201800038670,0018-02-12 07:00:00,18,2,12,7,0,920,51,"204, BINEAU (BOULEVARD,",48.89532,2.2674,Nuit avec éclairage allumé,En agglomération,Hors intersection,Normale,Autre collision,,,,,,,,,,,5,2,1,1.0,6.0
201800038671,0018-02-12 20:00:00,18,2,12,20,0,920,51,"120, CHARLES DE GAULLE (",48.88293,2.26732,Nuit avec éclairage allumé,En agglomération,Hors intersection,Normale,Trois véhicules et plus - en chaîne,,,,,,,,,,,5,2,1,1.0,4.0
201800038672,0018-02-21 18:15:00,18,2,21,18,15,920,51,"112, ACHILLE PERETTI (AV",48.8858,2.27047,Crépuscule ou aube,En agglomération,Hors intersection,Normale,Autre collision,,,,,,,,,,,2,2,1,1.0,6.0
201800038673,0018-03-06 10:50:00,18,3,6,10,50,920,51,"15, JEAN MERMOZ (BOULEVA",48.88531,2.27005,Plein jour,En agglomération,Hors intersection,Normale,Autre collision,,,,,,,,,,,1,2,1,1.0,6.0
201800038674,0018-03-08 10:20:00,18,3,8,10,20,920,51,"17, EGLISE (RUE DE L')",48.88617,2.26448,Plein jour,En agglomération,Hors intersection,Normale,Autre collision,,,,,,,,,,,1,2,1,1.0,6.0
201800038675,0018-03-13 09:00:00,18,3,13,9,0,920,51,"66, BOURDON (BOULEVARD)",48.8936,2.2678,Plein jour,En agglomération,Intersection en T,Normale,Deux véhicules - côté,,,,,,,,,,,1,2,3,1.0,3.0
201800038676,0018-01-22 08:30:00,18,1,22,8,30,920,51,"70, ROULE (AVENUE DU, N°",48.88352,2.28066,Nuit avec éclairage allumé,En agglomération,Hors intersection,Pluie légère,Autre collision,,,,,,,,,,,5,2,1,2.0,6.0
201800038677,0018-03-16 19:30:00,18,3,16,19,30,920,51,"116, BINEAU (BOULEVARD,",48.8879,2.27384,Nuit avec éclairage allumé,En agglomération,Hors intersection,Normale,Deux véhicules - côté,,,,,,,,,,,5,2,1,1.0,3.0
201800038678,0018-03-19 12:30:00,18,3,19,12,30,920,51,"90, MAURICE BARRES (BOUL",,,Plein jour,En agglomération,Hors intersection,Temps couvert,Deux véhicules - côté,,,,,,,,,,,1,2,1,8.0,3.0
201800038679,0018-02-17 16:00:00,18,2,17,16,0,920,51,"34, CHARLES DE GAULLE (A",48.88189,2.26872,Plein jour,En agglomération,Hors intersection,Normale,Deux véhicules - arrière,,,,,,,,,,,1,2,1,1.0,2.0
201800038680,0018-03-25 19:30:00,18,3,25,19,30,920,51,"134, BINEAU (BOULEVARD,",48.88879,2.27384,Nuit avec éclairage allumé,En agglomération,Hors intersection,Pluie légère,Autre collision,,,,,,,,,,,5,2,1,2.0,6.0
201800038681,0018-03-26 04:10:00,18,3,26,4,10,920,51,"190, CHARLES DE GAULLE (",48.88605,2.25713,Nuit avec éclairage allumé,En agglomération,Hors intersection,Normale,Autre collision,,,,,,,,,,,5,2,1,1.0,6.0
201800038682,0018-04-08 22:25:00,18,4,8,22,25,920,51,"41, CHARLES DE GAULLE (A",48.88189,2.26862,Nuit avec éclairage allumé,En agglomération,Autre intersection,Normale,Deux véhicules - côté,,,,,,,,,,,5,2,9,1.0,3.0
201800038683,0018-04-19 05:45:00,18,4,19,5,45,920,51,"73, CHARLES DE GAULLE (A",48.88215,2.2689,Nuit sans éclairage public,En agglomération,Hors intersection,Normale,Trois véhicules et plus - collisions multiples,,,,,,,,,,,3,2,1,1.0,5.0
201800038684,0018-04-19 12:50:00,18,4,19,12,50,920,51,"20, GENERAL LECLERC (BOU",48.88845,2.25827,Plein jour,En agglomération,Hors intersection,Normale,Deux véhicules - arrière,,,,,,,,,,,1,2,1,1.0,2.0
201800038685,0018-04-24 17:10:00,18,4,24,17,10,920,51,"103, BINEAU (BOULEVARD,",48.88811,2.27532,Plein jour,En agglomération,Hors intersection,Normale,Trois véhicules et plus - en chaîne,,,,,,,,,,,1,2,1,1.0,4.0
201800038686,0018-04-25 18:55:00,18,4,25,18,55,920,51,"209, CHARLES DE GAULLE (",48.885,2.25889,Plein jour,En agglomération,Hors intersection,Normale,Deux véhicules - arrière,,,,,,,,,,,1,2,1,1.0,2.0
201800038687,0018-04-26 00:15:00,18,4,26,0,15,920,51,"44, CHARLES DE GAULLE (A",48.88189,2.26872,Nuit avec éclairage allumé,En agglomération,Hors intersection,Normale,Deux véhicules - arrière,,,,,,,,,,,5,2,1,1.0,2.0
201800038688,0018-04-27 13:15:00,18,4,27,13,15,920,51,"70, CHARLES DE GAULLE (A",48.88189,2.26872,Plein jour,En agglomération,Hors intersection,Normale,Autre collision,,,,,,,,,,,1,2,1,1.0,6.0
201800038689,0018-04-28 12:50:00,18,4,28,12,50,920,51,CHARLES DE GAULLE (AVENU,48.88344,2.27452,Plein jour,En agglomération,Hors intersection,Normale,Deux véhicules - côté,,,,,,,,,,,1,2,1,1.0,3.0
201800038690,0018-05-03 15:45:00,18,5,3,15,45,920,51,"9 bis, RICHARD WALLACE (",48.87714,2.24949,Plein jour,En agglomération,Hors intersection,Normale,Deux véhicules - frontale,,,,,,,,,,,1,2,1,1.0,1.0
201800038691,0018-05-04 20:38:00,18,5,4,20,38,920,51,"122, MAURICE BARRES (BOU",,,Crépuscule ou aube,En agglomération,Hors intersection,Normale,Deux véhicules - côté,,,,,,,,,,,2,2,1,1.0,3.0
201800038692,0018-05-06 16:00:00,18,5,6,16,0,920,51,"11, MADRID (AVENUE DE)",,,Plein jour,En agglomération,Giratoire,Temps éblouissant,Deux véhicules - côté,,,,,,,,,,,1,2,6,7.0,3.0
201800038693,0018-05-09 10:00:00,18,5,9,10,0,920,51,"BINEAU (BOULEVARD, N°133",48.88775,2.27779,Plein jour,En agglomération,Hors intersection,Normale,Deux véhicules - arrière,,,,,,,,,,,1,2,1,1.0,2.0
201800038694,0018-05-17 08:30:00,18,5,17,8,30,920,51,"88, VICTOR HUGO (BOULEVA",48.88,2.28,Plein jour,En agglomération,Hors intersection,Normale,Autre collision,,,,,,,,,,,1,2,1,1.0,6.0
201800038695,0018-05-19 19:20:00,18,5,19,19,20,920,51,"11, MADRID (AVENUE DE)",48.88269,2.26151,Plein jour,En agglomération,Hors intersection,Normale,Autre collision,,,,,,,,,,,1,2,1,1.0,6.0
201800038696,0018-05-23 10:00:00,18,5,23,10,0,920,51,"11, BINEAU (BOULEVARD, N",48.88733,2.28031,Plein jour,En agglomération,Autre intersection,Normale,Autre collision,,,,,,,,,,,1,2,9,1.0,6.0
201800038697,0018-05-24 18:30:00,18,5,24,18,30,920,51,"58, CHARLES DE GAULLE (A",48.88189,2.26872,Plein jour,En agglomération,Hors intersection,Normale,Deux véhicules - côté,,,,,,,,,,,1,2,1,1.0,3.0
201800038698,0018-05-25 01:35:00,18,5,25,1,35,920,51,"33, BINEAU (BOULEVARD, N",48.88879,2.27384,Nuit avec éclairage allumé,En agglomération,Intersection à plus de 4 branches,Normale,Deux véhicules - côté,,,,,,,,,,,5,2,5,1.0,3.0
201800038699,0018-05-25 16:30:00,18,5,25,16,30,920,51,"11, CHARTRES (RUE DE )",48.88007,2.79664,Plein jour,En agglomération,Hors intersection,Pluie forte,Deux véhicules - frontale,,,,,,,,,,,1,2,1,3.0,1.0
201800038700,0018-05-28 12:30:00,18,5,28,12,30,920,51,"4, GENERAL LECLERC (BOUL",48.88705,2.25655,Plein jour,En agglomération,Hors intersection,Normale,Deux véhicules - frontale,,,,,,,,,,,1,2,1,1.0,1.0
201800038701,0018-05-30 03:50:00,18,5,30,3,50,920,51,"31, COMMANDANT CHARCOT (",48.87471,2.25505,Nuit avec éclairage allumé,En agglomération,Hors intersection,Normale,Autre collision,,,,,,,,,,,5,2,1,1.0,6.0
201800038702,0018-03-12 16:55:00,18,3,12,16,55,920,51,"141, GENERAL KOENIG (BB)",48.88412,2.2544,Plein jour,En agglomération,Hors intersection,Normale,Trois véhicules et plus - collisions multiples,,,,,,,,,,,1,2,1,1.0,5.0
201800038703,0018-07-06 11:24:00,18,7,6,11,24,920,51,"62, CHARLES DE GAULLE (A",,,Plein jour,En agglomération,Intersection en T,Normale,Autre collision,,,,,,,,,,,1,2,3,1.0,6.0
201800038704,0018-07-06 17:02:00,18,7,6,17,2,920,51,"131, bld KOENING",48.87787,2.24784,Plein jour,En agglomération,Hors intersection,Normale,Deux véhicules - arrière,,,,,,,,,,,1,2,1,1.0,2.0
201800038705,0018-07-13 01:20:00,18,7,13,1,20,920,51,"60, CHARLES DE GAULLE (A",48.88189,2.26872,Nuit avec éclairage allumé,En agglomération,Hors intersection,Normale,Trois véhicules et plus - en chaîne,,,,,,,,,,,5,2,1,1.0,4.0
201800038706,0018-07-20 11:15:00,18,7,20,11,15,920,51,LONGCHAMP (RUE DE),48.87797,2.25175,Plein jour,En agglomération,Hors intersection,Temps couvert,Autre collision,,,,,,,,,,,1,2,1,8.0,6.0
201800038707,0018-07-23 10:10:00,18,7,23,10,10,920,51,"204, BINEAU (BOULEVARD,",48.88493,2.26827,Plein jour,En agglomération,Passage à niveau,Normale,Deux véhicules - côté,,,,,,,,,,,1,2,8,1.0,3.0
201800038708,0018-07-24 14:20:00,18,7,24,14,20,920,51,"45, CHARLES DE GAULLE (A",48.87945,2.27721,Plein jour,En agglomération,Hors intersection,Normale,Deux véhicules - arrière,,,,,,,,,,,1,2,1,1.0,2.0
201800038709,0018-08-16 09:20:00,18,8,16,9,20,920,51,CHARLES DE GAULLE (AVENU,48.8801,2.27457,Plein jour,En agglomération,Hors intersection,Normale,Deux véhicules - arrière,,,,,,,,,,,1,2,1,1.0,2.0
201800038710,0018-09-01 20:00:00,18,9,1,20,0,920,51,DELABORDERE (RUE),48.87852,2.22545,Plein jour,En agglomération,Hors intersection,Normale,Deux véhicules - côté,,,,,,,,,,,1,2,1,1.0,3.0
201800038711,0018-09-05 09:15:00,18,9,5,9,15,920,51,"ROULE (AVENUE DU, N° 29",48.88224,2.27859,Plein jour,En agglomération,Hors intersection,Normale,Deux véhicules - côté,,,,,,,,,,,1,2,1,1.0,3.0
201800038712,0018-09-06 08:20:00,18,9,6,8,20,920,51,CHARLES DE GAULLE (AVENU,48.8845,2.26233,Plein jour,En agglomération,Hors intersection,Normale,Deux véhicules - arrière,,,,,,,,,,,1,2,1,1.0,2.0
201800038713,0018-09-06 10:30:00,18,9,6,10,30,920,51,CHARLES DE GAULLE (AVENU,48.87935,2.27716,Plein jour,En agglomération,Hors intersection,Pluie légère,Trois véhicules et plus - en chaîne,,,,,,,,,,,1,2,1,2.0,4.0
201800038714,0018-09-07 07:50:00,18,9,7,7,50,920,51,"ACHILLE PERETTI (AVENUE,",48.88359,2.27207,Plein jour,En agglomération,Hors intersection,Normale,Autre collision,,,,,,,,,,,1,2,1,1.0,6.0
201800038715,0018-09-14 09:20:00,18,9,14,9,20,920,51,INKERMANN (BOULEVARD D'),,,Plein jour,En agglomération,Autre intersection,Normale,Autre collision,,,,,,,,,,,1,2,9,1.0,6.0
201800038716,0018-09-20 18:00:00,18,9,20,18,0,920,51,"VICTOR HUGO (BOULEVARD,",48.88758,2.27953,Plein jour,En agglomération,Hors intersection,Normale,Deux véhicules - côté,,,,,,,,,,,1,2,1,1.0,3.0
201800038717,0018-09-20 18:30:00,18,9,20,18,30,920,51,"BINEAU (BOULEVARD, N°53",48.88879,2.27384,Plein jour,En agglomération,Autre intersection,Normale,Deux véhicules - frontale,,,,,,,,,,,1,2,9,1.0,1.0
201800038718,0018-10-04 09:00:00,18,10,4,9,0,920,51,CHARLES DE GAULLE (AVENU,48.8818,2.269,Plein jour,En agglomération,Hors intersection,Normale,Trois véhicules et plus - en chaîne,,,,,,,,,,,1,2,1,1.0,4.0
201800038719,0018-10-04 09:08:00,18,10,4,9,8,920,51,"BINEAU (BOULEVARD, N°133",48.88879,2.27384,Plein jour,En agglomération,Intersection en T,Normale,Deux véhicules - côté,,,,,,,,,,,1,2,3,1.0,3.0
201800038720,0018-10-04 12:45:00,18,10,4,12,45,920,51,"VILLIERS (RUE DE, N° 21",48.89108,2.27879,Plein jour,En agglomération,Intersection en T,Normale,Deux véhicules - côté,,,,,,,,,,,1,2,3,1.0,3.0
201800038721,0018-10-10 08:05:00,18,10,10,8,5,920,51,"ROULE (AVENUE DU, N° 29",,,Plein jour,En agglomération,Hors intersection,Normale,Deux véhicules - côté,,,,,,,,,,,1,2,1,1.0,3.0
201800038722,0018-10-23 07:15:00,18,10,23,7,15,920,51,CHARLES DE GAULLE (AVENU,48.89108,2.26872,Nuit avec éclairage allumé,En agglomération,Hors intersection,Normale,Deux véhicules - arrière,,,,,,,,,,,5,2,1,1.0,2.0
201800038723,0018-10-26 10:00:00,18,10,26,10,0,920,51,CHARLES DE GAULLE (AVENU,48.88189,2.26872,Plein jour,En agglomération,Hors intersection,Normale,Deux véhicules - arrière,,,,,,,,,,,1,2,1,1.0,2.0
201800038724,0018-10-26 19:13:00,18,10,26,19,13,920,51,MAURICE BARRES (BOULEVAR,48.87972,2.26482,Nuit avec éclairage allumé,En agglomération,Hors intersection,Pluie légère,Autre collision,,,,,,,,,,,5,2,1,2.0,6.0
201800038725,0018-11-04 14:45:00,18,11,4,14,45,920,51,INKERMANN (BOULEVARD D'),48.88049,2.27638,Plein jour,En agglomération,Intersection en X,Normale,Deux véhicules - côté,,,,,,,,,,,1,2,2,1.0,3.0
201800038726,0018-11-05 22:45:00,18,11,5,22,45,920,51,GENERAL LECLERC (BOULEVA,48.89025,2.26093,Nuit avec éclairage allumé,En agglomération,Intersection en T,Normale,Deux véhicules - côté,,,,,,,,,,,5,2,3,1.0,3.0
201800038727,0018-11-13 11:15:00,18,11,13,11,15,920,51,GENERAL LECLERC (BOULEVA,48.89194,2.26622,Plein jour,En agglomération,Autre intersection,Normale,Deux véhicules - côté,,,,,,,,,,,1,2,9,1.0,3.0
201800038728,0018-11-16 11:20:00,18,11,16,11,20,920,51,HOTEL DE VILLE (RUE DE L,48.8858,2.27047,Plein jour,En agglomération,Hors intersection,Normale,Deux véhicules - côté,,,,,,,,,,,1,2,1,1.0,3.0
201800038729,0018-11-16 17:30:00,18,11,16,17,30,920,51,"BINEAU (BOULEVARD, N°53",48.89231,2.26887,Nuit avec éclairage allumé,En agglomération,Intersection en X,Normale,Deux véhicules - côté,,,,,,,,,,,5,2,2,1.0,3.0
201800038730,0018-11-20 12:30:00,18,11,20,12,30,920,51,CHARLES DE GAULLE (AVENU,48.88193,2.27018,Plein jour,En agglomération,Hors intersection,Pluie légère,Autre collision,,,,,,,,,,,1,2,1,2.0,6.0
201800038731,0018-11-22 13:30:00,18,11,22,13,30,920,51,CHATEAU (BOULEVARD DU),48.89405,2.27713,Plein jour,En agglomération,Hors intersection,Temps couvert,Deux véhicules - côté,,,,,,,,,,,1,2,1,8.0,3.0
201800038732,0018-11-23 22:55:00,18,11,23,22,55,920,51,ARMENONVILLE (RUE D'),48.88146,2.27944,Nuit avec éclairage allumé,En agglomération,Intersection en X,Pluie forte,Deux véhicules - côté,,,,,,,,,,,5,2,2,3.0,3.0
201800038733,0018-12-10 22:57:00,18,12,10,22,57,920,51,CHARLES DE GAULLE (AVENU,44.88189,2.26872,Nuit avec éclairage allumé,En agglomération,Hors intersection,Normale,Trois véhicules et plus - collisions multiples,,,,,,,,,,,5,2,1,1.0,5.0
201800038734,0018-12-11 22:30:00,18,12,11,22,30,920,51,DAMES AUGUSTINES (RUE DE,48.8857,2.28069,Nuit avec éclairage allumé,En agglomération,Hors intersection,Normale,Autre collision,,,,,,,,,,,5,2,1,1.0,6.0
201800038735,0018-12-18 18:15:00,18,12,18,18,15,920,51,CHARLES LAFFITTE (RUE),48.87916,2.27462,Nuit avec éclairage allumé,En agglomération,Intersection en X,Normale,Autre collision,,,,,,,,,,,5,2,2,1.0,6.0
201800038736,0018-01-07 17:10:00,18,1,7,17,10,920,62,"31, DE DION BOUTON (QUAI",48.88078,2.24481,Crépuscule ou aube,En agglomération,Hors intersection,Normale,Trois véhicules et plus - en chaîne,,,,,,,,,,,2,2,1,1.0,4.0
201800038737,0018-01-10 22:45:00,18,1,10,22,45,920,62,"55, BAS-ROGERS (RUE DES)",48.88084,2.2278,Nuit avec éclairage allumé,En agglomération,Hors intersection,Normale,Deux véhicules - arrière,,,,,,,,,,,5,2,1,1.0,2.0