accident_id,datetime,annee,mois,jour,heure,minute,departement,commune_insee,adresse,latitude,longitude,luminosite,agglomeration,intersection,meteo,collision,nb_vehicules,nb_usagers,nb_indemnes,nb_tues,nb_blesses_hosp,nb_blesses_legers,age_cond_1,age_cond_2,veh_type_cond_1,veh_type_cond_2,lum_code,agg_code,int_code,atm_code,col_code
201800038738,0018-01-25 07:45:00,18,1,25,7,45,920,62,"176, JAURES (RUE JEAN)",48.8797,2.23546,Nuit avec éclairage allumé,En agglomération,Intersection en X,Pluie légère,Autre collision,,,,,,,,,,,5,2,2,2.0,6.0
201800038739,0018-01-27 11:30:00,18,1,27,11,30,920,62,"17, BLANCHE RUE AUGUSTE)",48.87926,2.23949,Plein jour,En agglomération,Hors intersection,Normale,Deux véhicules - arrière,,,,,,,,,,,1,2,1,1.0,2.0
201800038740,0018-02-02 09:50:00,18,2,2,9,50,920,62,"34, VOILIN (RUE LUCIEN)",48.88202,2.23472,Plein jour,En agglomération,Hors intersection,Normale,Autre collision,,,,,,,,,,,1,2,1,1.0,6.0
201800038741,0018-02-20 19:40:00,18,2,20,19,40,920,62,"1, WALLACE (BD RICHARD)",48.877,2.243,Nuit avec éclairage allumé,En agglomération,Hors intersection,Pluie légère,Autre collision,,,,,,,,,,,5,2,1,2.0,6.0
201800038742,0018-02-23 14:00:00,18,2,23,14,0,920,62,52 DE DION BOUTON (QUAI),48.8841,2.2495,Plein jour,En agglomération,Hors intersection,Normale,Deux véhicules - arrière,,,,,,,,,,,1,2,1,1.0,2.0
201800038743,0018-03-02 11:10:00,18,3,2,11,10,920,62,"2, BAS-ROGERS (RUE DES)",,,Plein jour,En agglomération,Intersection en X,Normale,Autre collision,,,,,,,,,,,1,2,2,1.0,6.0
201800038744,0018-03-14 00:01:00,18,3,14,0,1,920,62,"1, JAURES (RUE JEAN) DU",48.88394,2.24488,Nuit avec éclairage allumé,En agglomération,Intersection en T,Normale,Autre collision,,,,,,,,,,,5,2,3,1.0,6.0
201800038745,0018-04-01 18:05:00,18,4,1,18,5,920,62,"14, LAFARGUES (RUE PAUL)",,,Plein jour,En agglomération,Intersection en X,Normale,Deux véhicules - côté,,,,,,,,,,,1,2,2,1.0,3.0
201800038746,0018-04-03 16:30:00,18,4,3,16,30,920,62,"23, WALLACE (BD RICHARD)",48.87986,2.23979,Plein jour,En agglomération,Hors intersection,Pluie légère,Autre collision,,,,,,,,,,,1,2,1,2.0,6.0
201800038747,0018-04-03 17:40:00,18,4,3,17,40,920,62,GENERAL DE GAULLE (AV) D,48.89027,2.24024,Plein jour,Hors agglomération,Hors intersection,Pluie forte,Deux véhicules - côté,,,,,,,,,,,1,1,1,3.0,3.0
201800038748,0018-04-08 16:45:00,18,4,8,16,45,920,62,ARAGO (RUE),48.8852,2.2469,Plein jour,En agglomération,Intersection en X,Normale,Deux véhicules - côté,,,,,,,,,,,1,2,2,1.0,3.0
201800038749,0018-04-10 18:30:00,18,4,10,18,30,920,62,"43, WALLACE (BD RICHARD)",48.88041,2.23852,Plein jour,En agglomération,Hors intersection,Normale,Autre collision,,,,,,,,,,,1,2,1,1.0,6.0
201800038750,0018-04-12 22:42:00,18,4,12,22,42,920,62,"1, WALLACE (BD RICHARD)",48.87883,2.24184,Nuit avec éclairage allumé,En agglomération,Hors intersection,Pluie légère,Autre collision,,,,,,,,,,,5,2,1,2.0,6.0
201800038751,0018-04-22 20:30:00,18,4,22,20,30,920,62,"80, GENERAL DE GAULLE (A",48.88703,2.23112,Plein jour,En agglomération,Intersection en X,Pluie légère,Deux véhicules - côté,,,,,,,,,,,1,2,2,2.0,3.0
201800038752,0018-05-04 16:45:00,18,5,4,16,45,920,62,"159, PDT WILSON (Avenue)",48.88456,2.22673,Plein jour,En agglomération,Hors intersection,Normale,Sans collision,,,,,,,,,,,1,2,1,1.0,7.0
201800038753,0018-05-16 12:05:00,18,5,16,12,5,920,62,"11, DE DION BOUTON (QUAI",48.87765,2.24163,Plein jour,En agglomération,Hors intersection,Normale,Deux véhicules - arrière,,,,,,,,,,,1,2,1,1.0,2.0
201800038754,0018-05-16 18:35:00,18,5,16,18,35,920,62,"5 bis, JAURES (RUE JEAN)",48.88528,2.24984,Plein jour,En agglomération,Hors intersection,Normale,Autre collision,,,,,,,,,,,1,2,1,1.0,6.0
201800038755,0018-05-25 09:40:00,18,5,25,9,40,920,62,"29, DE DION BOUTON (QUAI",48.87939,2.2441,Plein jour,En agglomération,Autre intersection,Normale,Deux véhicules - arrière,,,,,,,,,,,1,2,9,1.0,2.0
201800038756,0018-05-26 13:30:00,18,5,26,13,30,920,62,"1BIS, WALLACE (BD RICHAR",48.87889,2.2416,Plein jour,En agglomération,Intersection en X,Normale,Autre collision,,,,,,,,,,,1,2,2,1.0,6.0
201800038757,0018-05-29 14:05:00,18,5,29,14,5,920,62,"33, FRANCE (RUE  ANATOLE",48.8853,2.2404,Plein jour,En agglomération,Hors intersection,Pluie légère,Autre collision,,,,,,,,,,,1,2,1,2.0,6.0
201800038758,0018-05-31 15:50:00,18,5,31,15,50,920,62,DE DION BOUTON (QUAI) DU,48.87857,2.24257,Plein jour,En agglomération,Intersection en X,Normale,Autre collision,,,,,,,,,,,1,2,2,1.0,6.0
201800038759,0018-06-15 08:30:00,18,6,15,8,30,920,62,"10, PARMENTIER (RUE)",48.87779,2.23992,Plein jour,En agglomération,Hors intersection,Normale,Deux véhicules - arrière,,,,,,,,,,,1,2,1,1.0,2.0
201800038760,0018-06-26 19:50:00,18,6,26,19,50,920,62,"30, WALLACE (BD RICHARD)",48.8797,2.2402,Plein jour,En agglomération,Hors intersection,Normale,Deux véhicules - arrière,,,,,,,,,,,1,2,1,1.0,2.0
201800038761,0018-06-28 09:00:00,18,6,28,9,0,920,62,"59, DE DION BOUTON (QUAI",48.8856,2.25128,Plein jour,Hors agglomération,Hors intersection,Normale,Deux véhicules - côté,,,,,,,,,,,1,1,1,1.0,3.0
201800038762,0018-06-26 20:10:00,18,6,26,20,10,920,62,"42, BAS-ROGERS (RUE DES)",48.88124,2.22643,Plein jour,En agglomération,Intersection en X,Normale,Deux véhicules - côté,,,,,,,,,,,1,2,2,1.0,3.0
201800038763,0018-06-28 09:50:00,18,6,28,9,50,920,62,"0, ROND POINT DE LA LIBE",48.88696,2.24525,Plein jour,En agglomération,Hors intersection,Normale,Deux véhicules - arrière,,,,,,,,,,,1,2,1,1.0,2.0
201800038764,0018-06-28 17:45:00,18,6,28,17,45,920,62,"47, DE DION BOUTON (QUAI",48.8832,2.24851,Plein jour,En agglomération,Hors intersection,Normale,Deux véhicules - côté,,,,,,,,,,,1,2,1,1.0,3.0
201800038765,0018-07-03 19:50:00,18,7,3,19,50,920,62,GENERAL DE GAULLE (AVENU,48.8861,2.23036,Plein jour,En agglomération,Hors intersection,Normale,Deux véhicules - arrière,,,,,,,,,,,1,2,1,1.0,2.0
201800038766,0018-07-06 20:20:00,18,7,6,20,20,920,62,"13, PALISSY (RUE BERNARD",48.88227,2.22825,Plein jour,En agglomération,Hors intersection,Normale,Autre collision,,,,,,,,,,,1,2,1,1.0,6.0
201800038767,0018-07-16 10:10:00,18,7,16,10,10,920,62,LAFARGUES (RUE PAUL),48.8852,2.247,Plein jour,En agglomération,Intersection en X,Normale,Deux véhicules - côté,,,,,,,,,,,1,2,2,1.0,3.0
201800038768,0018-07-26 11:10:00,18,7,26,11,10,920,62,GENERAL DE GAULLE (AV) D,48.88539,2.22805,Plein jour,En agglomération,Place,Normale,Deux véhicules - côté,,,,,,,,,,,1,2,7,1.0,3.0
201800038769,0018-08-27 10:50:00,18,8,27,10,50,920,62,DE DION BOUTON (QUAI) DU,48.87796,2.24201,Plein jour,En agglomération,Hors intersection,Normale,Deux véhicules - arrière,,,,,,,,,,,1,2,1,1.0,2.0
201800038770,0018-09-11 11:20:00,18,9,11,11,20,920,62,DE DION BOUTON (QUAI) DU,48.88126,2.24569,Plein jour,En agglomération,Hors intersection,Normale,Trois véhicules et plus - en chaîne,,,,,,,,,,,1,2,1,1.0,4.0
201800038771,0018-09-17 19:00:00,18,9,17,19,0,920,62,WALLACE (BD RICHARD) DU,48.87912,2.24161,Plein jour,En agglomération,Hors intersection,Normale,Autre collision,,,,,,,,,,,1,2,1,1.0,6.0
201800038772,0018-09-21 18:55:00,18,9,21,18,55,920,62,PUTEAUX (PONT DE),48.87731,2.24398,Plein jour,En agglomération,Intersection en X,Normale,Deux véhicules - côté,,,,,,,,,,,1,2,2,1.0,3.0
201800038773,0018-09-27 18:20:00,18,9,27,18,20,920,62,CARTAULT (RUE),48.88219,2.23133,Plein jour,En agglomération,Hors intersection,Normale,Autre collision,,,,,,,,,,,1,2,1,1.0,6.0
201800038774,0018-10-02 18:50:00,18,10,2,18,50,920,62,KUPKA (RUE FRANCK) TOUR,48.891,2.23299,Crépuscule ou aube,En agglomération,Autre intersection,Pluie légère,Deux véhicules - arrière,,,,,,,,,,,2,2,9,2.0,2.0
201800038775,0018-10-06 17:40:00,18,10,6,17,40,920,62,PUTEAUX (PONT DE),48.87,2.24,Plein jour,En agglomération,Intersection en X,Normale,Deux véhicules - côté,,,,,,,,,,,1,2,2,1.0,3.0
201800038776,0018-10-16 10:03:00,18,10,16,10,3,920,62,GENERAL DE GAULLE (AV) D,48.88761,2.23249,Plein jour,En agglomération,Autre intersection,Normale,Deux véhicules - côté,,,,,,,,,,,1,2,9,1.0,3.0
201800038777,0018-10-16 11:00:00,18,10,16,11,0,920,62,WALLACE (BD RICHARD),48.87872,2.24196,Crépuscule ou aube,En agglomération,Hors intersection,Normale,Deux véhicules - arrière,,,,,,,,,,,2,2,1,1.0,2.0
201800038778,0018-10-16 23:20:00,18,10,16,23,20,920,62,PUTEAUX (PONT DE),48.8784,2.24264,Nuit avec éclairage allumé,En agglomération,Intersection en X,Normale,Deux véhicules - côté,,,,,,,,,,,5,2,2,1.0,3.0
201800038779,0018-10-19 11:20:00,18,10,19,11,20,920,62,DE DION BOUTON (QUAI) DU,48.88556,2.25111,Plein jour,En agglomération,Intersection en T,Normale,Deux véhicules - côté,,,,,,,,,,,1,2,3,1.0,3.0
201800038780,0018-10-27 18:00:00,18,10,27,18,0,920,62,GENERAL DE GAULLE (AV) D,48.88561,2.22784,Plein jour,En agglomération,Hors intersection,Normale,Deux véhicules - arrière,,,,,,,,,,,1,2,1,1.0,2.0
201800038781,0018-10-27 11:20:00,18,10,27,11,20,920,62,DE DION BOUTON (QUAI) DU,48.88399,2.24918,Plein jour,En agglomération,Intersection en T,Normale,Deux véhicules - arrière,,,,,,,,,,,1,2,3,1.0,2.0
201800038782,0018-11-08 20:45:00,18,11,8,20,45,920,62,DE DION BOUTON (QUAI) DU,48.87711,2.24066,Nuit avec éclairage allumé,En agglomération,Hors intersection,Normale,Autre collision,,,,,,,,,,,5,2,1,1.0,6.0
201800038783,0018-11-10 16:00:00,18,11,10,16,0,920,62,REPUBLIQUE (RUE DE LA) D,48.88,2.23,Plein jour,En agglomération,Intersection en X,Pluie légère,Autre collision,,,,,,,,,,,1,2,2,2.0,6.0
201800038784,0018-11-10 17:20:00,18,11,10,17,20,920,62,PDT WILSON (Avenue),48.88528,2.22492,Nuit avec éclairage allumé,En agglomération,Hors intersection,Normale,Deux véhicules - arrière,,,,,,,,,,,5,2,1,1.0,2.0
201800038785,0018-11-16 16:10:00,18,11,16,16,10,920,62,LAFARGUES (RUE PAUL),48.88594,2.24615,Plein jour,En agglomération,Autre intersection,Normale,Deux véhicules - côté,,,,,,,,,,,1,2,9,1.0,3.0
201800038786,0018-11-19 18:50:00,18,11,19,18,50,920,62,BERGERES (RD-PT DES) DU,48.88506,2.22624,Crépuscule ou aube,En agglomération,Giratoire,Temps couvert,Sans collision,,,,,,,,,,,2,2,6,8.0,7.0
201800038787,0018-11-23 17:15:00,18,11,23,17,15,920,62,WALLACE (BD RICHARD) DU,48.87985,2.24002,Nuit avec éclairage allumé,En agglomération,Intersection en T,Normale,Deux véhicules - côté,,,,,,,,,,,5,2,3,1.0,3.0
201800038788,0018-12-03 11:20:00,18,12,3,11,20,920,62,DE DION BOUTON (QUAI) DU,48.88553,2.25147,Plein jour,En agglomération,Intersection en Y,Pluie légère,Deux véhicules - arrière,,,,,,,,,,,1,2,4,2.0,2.0
201800038789,0018-12-04 21:30:00,18,12,4,21,30,920,62,DE DION BOUTON (QUAI) DU,48.87,2.24,Nuit avec éclairage allumé,En agglomération,Intersection en T,Normale,Deux véhicules - côté,,,,,,,,,,,5,2,3,1.0,3.0
201800038790,0018-12-13 09:30:00,18,12,13,9,30,920,62,GENERAL DE GAULLE (AV) D,48.88552,2.22808,Plein jour,En agglomération,Giratoire,Normale,Autre collision,,,,,,,,,,,1,2,6,1.0,6.0
201800038791,0018-12-13 10:45:00,18,12,13,10,45,920,62,PDT WILSON (Avenue),48.88515,2.22626,Plein jour,En agglomération,Intersection en X,Normale,Autre collision,,,,,,,,,,,1,2,2,1.0,6.0
201800038792,0018-12-31 17:15:00,18,12,31,17,15,920,62,WALLACE (BD RICHARD) DU,48.87992,2.23972,Nuit avec éclairage allumé,En agglomération,Hors intersection,Normale,Autre collision,,,,,,,,,,,5,2,1,1.0,6.0
201800038793,0018-01-10 07:50:00,18,1,10,7,50,920,63,RICHELIEU (PLACE),48.87348,2.18155,Nuit avec éclairage non allumé,En agglomération,Giratoire,Pluie légère,Deux véhicules - côté,,,,,,,,,,,4,2,6,2.0,3.0
201800038794,0018-01-13 16:30:00,18,1,13,16,30,920,63,"114, DOUMER (AVENUE PAUL",48.88123,2.18425,Plein jour,En agglomération,Intersection en X,Normale,Deux véhicules - côté,,,,,,,,,,,1,2,2,1.0,3.0
201800038795,0018-01-14 11:05:00,18,1,14,11,5,920,63,"03, VAILLANT-COUTURIER (",48.87728,2.18162,Plein jour,En agglomération,Hors intersection,Normale,Autre collision,,,,,,,,,,,1,2,1,1.0,6.0
201800038796,0018-01-14 12:15:00,18,1,14,12,15,920,63,"168, EMPEREUR (ROUTE DE",48.86385,2.18091,Plein jour,En agglomération,Hors intersection,Normale,Deux véhicules - côté,,,,,,,,,,,1,2,1,1.0,3.0
201800038797,0018-01-17 08:18:00,18,1,17,8,18,920,63,"****, DANTON (RUE)",48.8778,2.19687,Nuit avec éclairage allumé,En agglomération,Intersection en X,Pluie légère,Deux véhicules - arrière,,,,,,,,,,,5,2,2,2.0,2.0
201800038798,0018-01-25 13:15:00,18,1,25,13,15,920,63,"11, BROSSOLETTE (RUE PIE",48.88058,2.18158,Plein jour,En agglomération,Hors intersection,Normale,Deux véhicules - côté,,,,,,,,,,,1,2,1,1.0,3.0
201800038799,0018-01-30 22:00:00,18,1,30,22,0,920,63,MONTBRISON (RUE DU),48.85803,2.19381,Nuit avec éclairage allumé,En agglomération,Giratoire,Pluie légère,Deux véhicules - côté,,,,,,,,,,,5,2,6,2.0,3.0
201800038800,0018-02-14 12:45:00,18,2,14,12,45,920,63,"228, BONAPARTE (AVENUE N",48.87726,2.17295,Plein jour,En agglomération,Hors intersection,Normale,Autre collision,,,,,,,,,,,1,2,1,1.0,6.0
201800038801,0018-03-09 13:15:00,18,3,9,13,15,920,63,"08-10, BUZENVAL (AVENUE",48.86802,2.1859,Plein jour,En agglomération,Hors intersection,Normale,Deux véhicules - arrière,,,,,,,,,,,1,2,1,1.0,2.0
201800038802,0018-03-12 06:00:00,18,3,12,6,0,920,63,"****, Bretelle A86",48.89136,2.17685,Nuit avec éclairage allumé,En agglomération,Intersection en X,Normale,Deux véhicules - côté,,,,,,,,,,,5,2,2,1.0,3.0
201800038803,0018-03-20 13:40:00,18,3,20,13,40,920,63,HOPITAL STELL (BOU,48.87866,2.18655,Plein jour,En agglomération,Intersection en T,Normale,Deux véhicules - côté,,,,,,,,,,,1,2,3,1.0,3.0
201800038804,0018-03-20 12:20:00,18,3,20,12,20,920,63,DANTON (RUE),48.87721,2.19897,Plein jour,En agglomération,Intersection en T,Normale,Deux véhicules - côté,,,,,,,,,,,1,2,3,1.0,3.0
201800038805,0018-03-31 11:20:00,18,3,31,11,20,920,63,"02, GUE (BOULEVARD DU)",48.87957,2.18522,Plein jour,En agglomération,Autre intersection,Normale,Autre collision,,,,,,,,,,,1,2,9,1.0,6.0
201800038806,0018-04-04 20:50:00,18,4,4,20,50,920,63,"237, BONAPARTE (AVENUE N",48.87011,2.15839,Nuit avec éclairage allumé,En agglomération,Hors intersection,Pluie légère,Deux véhicules - arrière,,,,,,,,,,,5,2,1,2.0,2.0
201800038807,0018-04-07 23:00:00,18,4,7,23,0,920,63,"17/19, GALLIENI (RUE)",48.87481,2.20105,Nuit avec éclairage allumé,En agglomération,Intersection en T,Normale,Deux véhicules - côté,,,,,,,,,,,5,2,3,1.0,3.0
201800038808,0018-04-10 19:20:00,18,4,10,19,20,920,63,"44, GALLIENI (RUE)",48.86885,2.20365,Plein jour,En agglomération,Intersection en X,Normale,Deux véhicules - côté,,,,,,,,,,,1,2,2,1.0,3.0
201800038809,0018-04-22 20:55:00,18,4,22,20,55,920,63,"02, DIX-HUIT JUIN 1940 (",48.86896,2.18696,Crépuscule ou aube,En agglomération,Hors intersection,Normale,Autre collision,,,,,,,,,,,2,2,1,1.0,6.0
201800038810,0018-04-23 00:10:00,18,4,23,0,10,920,63,"09, TALUS (RUE DES)",48.86896,2.20806,Nuit avec éclairage allumé,En agglomération,Hors intersection,Normale,Autre collision,,,,,,,,,,,5,2,1,1.0,6.0
201800038811,0018-05-03 15:35:00,18,5,3,15,35,920,63,"37/39, GALLIENI (RUE)",48.8719,2.20314,Plein jour,En agglomération,Hors intersection,Normale,Autre collision,,,,,,,,,,,1,2,1,1.0,6.0
201800038812,0018-05-20 23:00:00,18,5,20,23,0,920,63,"32, BELLE RIVE (BOULEVAR",48.88154,2.16249,Nuit avec éclairage allumé,En agglomération,Hors intersection,Normale,Deux véhicules - frontale,,,,,,,,,,,5,2,1,1.0,1.0
201800038813,0018-05-22 12:50:00,18,5,22,12,50,920,63,"01, PARENT (RUE JULES)",48.88173,2.1866,Plein jour,En agglomération,Hors intersection,Normale,Autre collision,,,,,,,,,,,1,2,1,1.0,6.0
201800038814,0018-05-22 16:20:00,18,5,22,16,20,920,63,"56, DIX-NEUF JANVIER (RU",48.86079,2.19044,Plein jour,En agglomération,Hors intersection,Normale,Trois véhicules et plus - collisions multiples,,,,,,,,,,,1,2,1,1.0,5.0
201800038815,0018-05-22 16:30:00,18,5,22,16,30,920,63,"01/03, DROT (RUE CHARLES",49.8766,2.18716,Plein jour,En agglomération,Hors intersection,Normale,Deux véhicules - frontale,,,,,,,,,,,1,2,1,1.0,1.0
201800038816,0018-05-24 08:40:00,18,5,24,8,40,920,63,"****, JUIN (AVENUE DU MA",48.88142,2.18412,Plein jour,En agglomération,Intersection en X,Normale,Autre collision,,,,,,,,,,,1,2,2,1.0,6.0
201800038817,0018-05-25 14:20:00,18,5,25,14,20,920,63,"21, CHATEAU (RUE DU)",48.87525,2.18101,Plein jour,En agglomération,Hors intersection,Normale,Autre collision,,,,,,,,,,,1,2,1,1.0,6.0
201800038818,0018-05-28 08:10:00,18,5,28,8,10,920,63,DOUMER (AVENUE PAUL),48.87933,2.14942,Plein jour,En agglomération,Intersection en T,Normale,Deux véhicules - côté,,,,,,,,,,,1,2,3,1.0,3.0
201800038819,0018-05-29 11:10:00,18,5,29,11,10,920,63,HOPITAL STELL (Bd),48.87648,2.18598,Plein jour,En agglomération,Intersection en X,Normale,Autre collision,,,,,,,,,,,1,2,2,1.0,6.0
201800038820,0018-05-29 14:00:00,18,5,29,14,0,920,63,"27, GALLIENI (RUE)",48.87295,2.20216,Plein jour,En agglomération,Hors intersection,Normale,Deux véhicules - côté,,,,,,,,,,,1,2,1,1.0,3.0
201800038821,0018-05-29 15:15:00,18,5,29,15,15,920,63,"133, DOUMER (AVENUE PAUL",48.87864,2.17715,Plein jour,En agglomération,Hors intersection,Normale,Deux véhicules - arrière,,,,,,,,,,,1,2,1,1.0,2.0
201800038822,0018-05-31 10:05:00,18,5,31,10,5,920,63,"150, DOUMER (AVENUE PAUL",48.87997,2.18082,Plein jour,En agglomération,Intersection en T,Normale,Deux véhicules - arrière,,,,,,,,,,,1,2,3,1.0,2.0
201800038823,0018-06-06 10:15:00,18,6,6,10,15,920,63,HOPITAL STELL (BD),48.88114,2.18437,Plein jour,En agglomération,Intersection en X,Normale,Trois véhicules et plus - en chaîne,,,,,,,,,,,1,2,2,1.0,4.0
201800038824,0018-06-07 08:10:00,18,6,7,8,10,920,63,PEREIRE (RUE),48.88946,2.17882,Plein jour,En agglomération,Intersection en T,Normale,Deux véhicules - côté,,,,,,,,,,,1,2,3,1.0,3.0
201800038825,0018-06-08 07:15:00,18,6,8,7,15,920,63,"20, DEUX GARES (RUE DES)",48.89068,2.17656,Plein jour,En agglomération,Hors intersection,Normale,Autre collision,,,,,,,,,,,1,2,1,1.0,6.0
201800038826,0018-06-08 07:45:00,18,6,8,7,45,920,63,DIX-HUIT ARPENTS (,48.86469,2.18833,Plein jour,En agglomération,Intersection en T,Normale,Deux véhicules - côté,,,,,,,,,,,1,2,3,1.0,3.0
201800038827,0018-06-12 17:30:00,18,6,12,17,30,920,63,"107, CHATAIGNERAIE (AVEN",48.85954,2.18188,Plein jour,En agglomération,Hors intersection,Normale,Autre collision,,,,,,,,,,,1,2,1,1.0,6.0
201800038828,0018-06-16 11:00:00,18,6,16,11,0,920,63,CHATOU (PONT DE),48.88728,2.16772,Plein jour,En agglomération,Hors intersection,Normale,Deux véhicules - arrière,,,,,,,,,,,1,2,1,1.0,2.0
201800038829,0018-06-17 04:00:00,18,6,17,4,0,920,63,"66, HUGO (AVENUE VICTOR)",48.88701,2.17422,Nuit avec éclairage allumé,En agglomération,Hors intersection,Normale,Autre collision,,,,,,,,,,,5,2,1,1.0,6.0
201800038830,0018-06-20 09:50:00,18,6,20,9,50,920,63,COLMAR (AVENUE DE),48.88683,2.17026,Plein jour,En agglomération,Intersection en Y,Normale,Deux véhicules - côté,,,,,,,,,,,1,2,4,1.0,3.0
201800038831,0018-06-20 11:30:00,18,6,20,11,30,920,63,"101, DOUMER (AVENUE PAUL",48.87984,2.18085,Plein jour,En agglomération,Hors intersection,Normale,Autre collision,,,,,,,,,,,1,2,1,1.0,6.0
201800038832,0018-06-21 14:05:00,18,6,21,14,5,920,63,"101, DOUMER (AVENUE PAUL",48.87991,2.18055,Plein jour,En agglomération,Intersection en T,Normale,Deux véhicules - arrière,,,,,,,,,,,1,2,3,1.0,2.0
201800038833,0018-06-22 00:30:00,18,6,22,0,30,920,63,"15, GALLIENI (RUE)",48.87438,2.20095,Nuit avec éclairage allumé,En agglomération,Hors intersection,Normale,Trois véhicules et plus - collisions multiples,,,,,,,,,,,5,2,1,1.0,5.0
201800038834,0018-07-18 16:40:00,18,7,18,16,40,920,63,"47, DUNANT (RUE HENRI)",48.86385,2.19207,Plein jour,En agglomération,Hors intersection,Normale,Autre collision,,,,,,,,,,,1,2,1,1.0,6.0
201800038835,0018-07-23 17:45:00,18,7,23,17,45,920,63,NATIONAL (BOULEVARD),48.8901,2.18063,Plein jour,En agglomération,Intersection en X,Normale,Deux véhicules - côté,,,,,,,,,,,1,2,2,1.0,3.0
201800038836,0018-07-23 19:40:00,18,7,23,19,40,920,63,"88, DIX-HUIT JUIN 1940 (",48.86768,2.19643,Plein jour,En agglomération,Intersection en X,Normale,Deux véhicules - côté,,,,,,,,,,,1,2,2,1.0,3.0
201800038837,0018-07-05 19:50:00,18,7,5,19,50,920,63,"****, BONAPARTE (AVENUE",48.86987,2.15733,Plein jour,En agglomération,Intersection en X,Normale,Deux véhicules - côté,,,,,,,,,,,1,2,2,1.0,3.0
201800038838,0018-07-26 07:50:00,18,7,26,7,50,920,63,BRU (PLACE DU DOCTEUR JE,48.87615,2.20088,Plein jour,En agglomération,Giratoire,Normale,Deux véhicules - côté,,,,,,,,,,,1,2,6,1.0,3.0
201800038839,0018-07-14 00:30:00,18,7,14,0,30,920,63,"01, FLAUBERT (RUE GUSTAV",48.86968,2.20105,Nuit avec éclairage allumé,En agglomération,Hors intersection,Normale,Autre collision,,,,,,,,,,,5,2,1,1.0,6.0
201800038840,0018-07-15 01:05:00,18,7,15,1,5,920,63,VERSAILLES (AVENUE),48.86791,2.17069,Nuit avec éclairage allumé,En agglomération,Intersection en Y,Normale,Sans collision,,,,,,,,,,,5,2,4,1.0,7.0
201800038841,0018-08-02 07:40:00,18,8,2,7,40,920,63,HABY SOMMER (RUE),48.87443,2.18816,Plein jour,En agglomération,Hors intersection,Normale,Deux véhicules - côté,,,,,,,,,,,1,2,1,1.0,3.0
201800038842,0018-08-30 19:00:00,18,8,30,19,0,920,63,GALLIENI (RUE),48.87711,2.20578,Plein jour,En agglomération,Hors intersection,Normale,Deux véhicules - côté,,,,,,,,,,,1,2,1,1.0,3.0
201800038843,0018-09-17 09:50:00,18,9,17,9,50,920,63,HOPITAL STELL (BOULEVARD,48.87866,2.18655,Plein jour,En agglomération,Intersection en T,Normale,Deux véhicules - côté,,,,,,,,,,,1,2,3,1.0,3.0
201800038844,0018-09-18 09:00:00,18,9,18,9,0,920,63,BONS RAISINS (RUE DES),48.87341,2.19182,Plein jour,En agglomération,Intersection en T,Normale,Autre collision,,,,,,,,,,,1,2,3,1.0,6.0
201800038845,0018-09-18 17:30:00,18,9,18,17,30,920,63,COLMAR (AVENUE DE),48.88706,2.17946,Plein jour,En agglomération,Intersection en X,Normale,Deux véhicules - côté,,,,,,,,,,,1,2,2,1.0,3.0
201800038846,0018-09-21 19:05:00,18,9,21,19,5,920,63,GALLIENI (RUE),48.87214,2.203,Crépuscule ou aube,En agglomération,Hors intersection,Normale,Deux véhicules - côté,,,,,,,,,,,2,2,1,1.0,3.0
201800038847,0018-09-24 07:55:00,18,9,24,7,55,920,63,DOUMER (AVENUE PAUL) EST,48.88277,2.18834,Plein jour,En agglomération,Intersection en Y,Normale,Autre collision,,,,,,,,,,,1,2,4,1.0,6.0
201800038848,0018-09-24 11:10:00,18,9,24,11,10,920,63,JUIN (AVENUE DU MARECHAL,48.88271,2.18216,Plein jour,En agglomération,Intersection en T,Normale,Deux véhicules - côté,,,,,,,,,,,1,2,3,1.0,3.0
201800038849,0018-09-26 14:00:00,18,9,26,14,0,920,63,EMPEREUR (ROUTE DE L') E,48.86562,2.17818,Plein jour,En agglomération,Hors intersection,Normale,Autre collision,,,,,,,,,,,1,2,1,1.0,6.0
201800038850,0018-09-29 12:35:00,18,9,29,12,35,920,63,GALLIENI (RUE),48.8667,2.20383,Plein jour,En agglomération,Hors intersection,Normale,Deux véhicules - arrière,,,,,,,,,,,1,2,1,1.0,2.0
201800038851,0018-09-29 14:50:00,18,9,29,14,50,920,63,DIX-HUIT JUIN 1940 (AVEN,48.86601,2.20238,Plein jour,En agglomération,Intersection en T,Normale,Deux véhicules - côté,,,,,,,,,,,1,2,3,1.0,3.0
201800038852,0018-09-29 19:00:00,18,9,29,19,0,920,63,RICHELIEU (BOULEVARD),48.87077,2.1841,Plein jour,En agglomération,Hors intersection,Normale,Deux véhicules - arrière,,,,,,,,,,,1,2,1,1.0,2.0
201800038853,0018-10-01 08:10:00,18,10,1,8,10,920,63,HOPITAL STELL (BOULEVARD,48.87681,2.18631,Plein jour,En agglomération,Hors intersection,Normale,Autre collision,,,,,,,,,,,1,2,1,1.0,6.0
201800038854,0018-10-05 17:10:00,18,10,5,17,10,920,63,QUATRE SEPTEMBRE (RUE DU,48.87571,2.18222,Plein jour,En agglomération,Intersection en X,Normale,Deux véhicules - côté,,,,,,,,,,,1,2,2,1.0,3.0
201800038855,0018-10-06 23:10:00,18,10,6,23,10,920,63,GALLIENI (RUE),48.86881,2.20359,Nuit avec éclairage allumé,En agglomération,Intersection en X,Normale,Deux véhicules - côté,,,,,,,,,,,5,2,2,1.0,3.0
201800038856,0018-10-10 07:55:00,18,10,10,7,55,920,63,SOLFERINO (BOULEVARD),48.87375,2.18286,Crépuscule ou aube,En agglomération,Hors intersection,Normale,Autre collision,,,,,,,,,,,2,2,1,1.0,6.0