accident_id,datetime,annee,mois,jour,heure,minute,departement,commune_insee,adresse,latitude,longitude,luminosite,agglomeration,intersection,meteo,collision,nb_vehicules,nb_usagers,nb_indemnes,nb_tues,nb_blesses_hosp,nb_blesses_legers,age_cond_1,age_cond_2,veh_type_cond_1,veh_type_cond_2,lum_code,agg_code,int_code,atm_code,col_code
201800038857,0018-10-09 05:25:00,18,10,9,5,25,920,50,PLACE DE LA BOULE,48.88732,2.19992,Nuit avec éclairage allumé,En agglomération,Giratoire,Normale,Deux véhicules - côté,,,,,,,,,,,5,2,6,1.0,3.0
201800038858,0018-10-20 19:42:00,18,10,20,19,42,920,63,HUGO (AVENUE VICTOR),48.88444,2.1819,Crépuscule ou aube,En agglomération,Hors intersection,Normale,Autre collision,,,,,,,,,,,2,2,1,1.0,6.0
201800038859,0018-10-22 08:50:00,18,10,22,8,50,920,63,DIX-HUIT JUIN 1940 (AVEN,48.86479,2.20774,Plein jour,En agglomération,Intersection en T,Pluie légère,Deux véhicules - côté,,,,,,,,,,,1,2,3,2.0,3.0
201800038860,0018-10-22 18:30:00,18,10,22,18,30,920,63,RICHELIEU (BOULEVARD),48.87058,2.18429,Plein jour,En agglomération,Hors intersection,Normale,Deux véhicules - côté,,,,,,,,,,,1,2,1,1.0,3.0
201800038861,0018-10-30 12:45:00,18,10,30,12,45,920,63,DIX-HUIT JUIN 1940 (AVEN,48.86801,2.19364,Plein jour,En agglomération,Hors intersection,Normale,Trois véhicules et plus - en chaîne,,,,,,,,,,,1,2,1,1.0,4.0
201800038862,0018-10-30 21:50:00,18,10,30,21,50,920,63,DIX-HUIT JUIN 1940 (AVEN,48.86568,2.20301,Nuit avec éclairage allumé,En agglomération,Intersection en T,Normale,Deux véhicules - côté,,,,,,,,,,,5,2,3,1.0,3.0
201800038863,0018-11-06 20:20:00,18,11,6,20,20,920,63,DANTON (RUE),48.87677,2.19998,Nuit avec éclairage allumé,En agglomération,Hors intersection,Normale,Deux véhicules - arrière,,,,,,,,,,,5,2,1,1.0,2.0
201800038864,0018-11-08 08:20:00,18,11,8,8,20,920,63,MONTBRISON (RUE DU LIEUT,48.86409,2.19714,Crépuscule ou aube,En agglomération,Hors intersection,Normale,Deux véhicules - côté,,,,,,,,,,,2,2,1,1.0,3.0
201800038865,0018-11-09 08:20:00,18,11,9,8,20,920,63,BONAPARTE (AVENUE NAPOLE,48.87331,2.16429,Crépuscule ou aube,En agglomération,Hors intersection,Normale,Deux véhicules - arrière,,,,,,,,,,,2,2,1,1.0,2.0
201800038866,0018-11-09 12:40:00,18,11,9,12,40,920,63,MYGATT (AVENUE OTIS),48.85941,2.18328,Plein jour,En agglomération,Giratoire,Normale,Deux véhicules - côté,,,,,,,,,,,1,2,6,1.0,3.0
201800038867,0018-11-14 12:30:00,18,11,14,12,30,920,63,TUCK STELL (AVENUE) NORD,48.87046,2.16923,Plein jour,En agglomération,Hors intersection,Normale,Autre collision,,,,,,,,,,,1,2,1,1.0,6.0
201800038868,0018-11-15 17:15:00,18,11,15,17,15,920,63,HUGO (AVENUE VICTOR),48.8844,2.17809,Crépuscule ou aube,En agglomération,Intersection en T,Normale,Deux véhicules - arrière,,,,,,,,,,,2,2,3,1.0,2.0
201800038869,0018-12-04 18:15:00,18,12,4,18,15,920,63,DIX-HUIT JUIN 1940 (AVEN,48.86797,2.19297,Nuit avec éclairage allumé,En agglomération,Intersection en X,Normale,Autre collision,,,,,,,,,,,5,2,2,1.0,6.0
201800038870,0018-12-09 23:15:00,18,12,9,23,15,920,63,BONAPARTE (AVENUE NAPOLE,48.87078,2.15914,Nuit avec éclairage allumé,En agglomération,Intersection en T,Pluie légère,Autre collision,,,,,,,,,,,5,2,3,2.0,6.0
201800038871,0018-12-21 08:19:00,18,12,21,8,19,920,63,EMPEREUR (ROUTE DE L') E,48.85899,2.18951,Nuit avec éclairage allumé,En agglomération,Hors intersection,Pluie légère,Autre collision,,,,,,,,,,,5,2,1,2.0,6.0
201800038872,0018-12-22 12:20:00,18,12,22,12,20,920,63,ROOSEVELT (BOULEVARD FRA,48.87911,2.17184,Plein jour,En agglomération,Hors intersection,Normale,Deux véhicules - arrière,,,,,,,,,,,1,2,1,1.0,2.0
201800038873,0018-12-24 13:00:00,18,12,24,13,0,920,63,DOUMER (AVENUE PAUL) EST,48.87889,2.17748,Plein jour,En agglomération,Intersection en T,Normale,Deux véhicules - côté,,,,,,,,,,,1,2,3,1.0,3.0
201800038874,0018-12-24 15:28:00,18,12,24,15,28,920,63,DOUMER (AVENUE PAUL) EST,48.88241,2.18722,Plein jour,En agglomération,Hors intersection,Normale,Deux véhicules - côté,,,,,,,,,,,1,2,1,1.0,3.0
201800038875,0018-01-04 16:07:00,18,1,4,16,7,920,33,"56, DIX NEUF JANVIER",48.85147,2.19185,Plein jour,En agglomération,Hors intersection,Pluie légère,Autre collision,,,,,,,,,,,1,2,1,2.0,6.0
201800038876,0018-01-09 18:45:00,18,1,9,18,45,920,47,HARAS DE JARDY,,,Crépuscule ou aube,En agglomération,Hors intersection,Pluie légère,Sans collision,,,,,,,,,,,2,2,1,2.0,7.0
201800038877,0018-01-10 18:30:00,18,1,10,18,30,920,64,"27, DAILLY",,,Nuit avec éclairage allumé,En agglomération,Hors intersection,Normale,Sans collision,,,,,,,,,,,5,2,1,1.0,7.0
201800038878,0018-01-11 08:45:00,18,1,11,8,45,920,33,SURESNES,48.84718,2.19717,Crépuscule ou aube,En agglomération,Hors intersection,Normale,Deux véhicules - côté,,,,,,,,,,,2,2,1,1.0,3.0
201800038879,0018-01-11 11:45:00,18,1,11,11,45,920,64,"12, DAILLY",48.84301,2.22093,Plein jour,En agglomération,Hors intersection,Normale,Deux véhicules - côté,,,,,,,,,,,1,2,1,1.0,3.0
201800038880,0018-01-12 11:40:00,18,1,12,11,40,920,64,"5, PASTEUR",,,Plein jour,En agglomération,Hors intersection,Normale,Sans collision,,,,,,,,,,,1,2,1,1.0,7.0
201800038881,0018-01-20 06:39:00,18,1,20,6,39,920,64,"48, CARNOT",,,Nuit avec éclairage allumé,En agglomération,Hors intersection,Pluie forte,Autre collision,,,,,,,,,,,5,2,1,3.0,6.0
201800038882,0018-01-22 10:00:00,18,1,22,10,0,920,64,"2, CAMP CANADIEN",48.85671,2.20954,Plein jour,En agglomération,Hors intersection,Pluie légère,Deux véhicules - arrière,,,,,,,,,,,1,2,1,2.0,2.0
201800038883,0018-01-23 19:00:00,18,1,23,19,0,920,47,JARDY,48.83,2.15,Crépuscule ou aube,En agglomération,Hors intersection,Normale,Trois véhicules et plus - en chaîne,,,,,,,,,,,2,2,1,1.0,4.0
201800038884,0018-01-24 08:15:00,18,1,24,8,15,920,64,"16, MONT VALERIEN",48.85366,2.21578,Plein jour,En agglomération,Hors intersection,Pluie légère,Autre collision,,,,,,,,,,,1,2,1,2.0,6.0
201800038885,0018-01-24 14:20:00,18,1,24,14,20,920,33,"17, PORTE JAUNE",48.84535,2.19806,Plein jour,En agglomération,Hors intersection,Normale,Autre collision,,,,,,,,,,,1,2,1,1.0,6.0
201800038886,0018-01-26 20:55:00,18,1,26,20,55,920,64,LOUIS LOUCHEUR,48.85953,2.21359,Nuit avec éclairage allumé,En agglomération,Place,Normale,Deux véhicules - côté,,,,,,,,,,,5,2,7,1.0,3.0
201800038887,0018-01-30 17:30:00,18,1,30,17,30,920,64,"44, CARNOT",48.85,2.22,Crépuscule ou aube,En agglomération,Hors intersection,Temps couvert,Deux véhicules - arrière,,,,,,,,,,,2,2,1,8.0,2.0
201800038888,0018-02-10 11:10:00,18,2,10,11,10,920,33,BUZENVAL,,,Plein jour,En agglomération,Hors intersection,Normale,Sans collision,,,,,,,,,,,1,2,1,1.0,7.0
201800038889,0018-02-15 09:00:00,18,2,15,9,0,920,64,"47, CARNOT",48.85091,2.22334,Plein jour,En agglomération,Hors intersection,Pluie légère,Deux véhicules - frontale,,,,,,,,,,,1,2,1,2.0,1.0
201800038890,0018-02-16 05:55:00,18,2,16,5,55,920,64,"3, CAMP CANADIEN",48.85291,2.2059,Nuit avec éclairage allumé,En agglomération,Intersection en T,Normale,Deux véhicules - côté,,,,,,,,,,,5,2,3,1.0,3.0
201800038891,0018-02-16 11:00:00,18,2,16,11,0,920,64,", REPUBLIQUE",48.84749,2.21438,Plein jour,En agglomération,Hors intersection,Normale,Deux véhicules - arrière,,,,,,,,,,,1,2,1,1.0,2.0
201800038892,0018-02-27 14:50:00,18,2,27,14,50,920,64,"4, FRANCIS CHAVETON",48.8589,2.2117,Plein jour,En agglomération,Intersection en X,Normale,Autre collision,,,,,,,,,,,1,2,2,1.0,6.0
201800038893,0018-02-28 11:00:00,18,2,28,11,0,920,76,"98, BOULEVARD DE LA REPU",48.83748,2.15398,Plein jour,En agglomération,Hors intersection,Normale,Autre collision,,,,,,,,,,,1,2,1,1.0,6.0
201800038894,0018-03-15 17:15:00,18,3,15,17,15,920,76,BOULEVARD DE LA REPUBLIQ,48.84678,2.16908,Plein jour,En agglomération,Intersection en X,Pluie légère,Deux véhicules - côté,,,,,,,,,,,1,2,2,2.0,3.0
201800038895,0018-03-15 21:47:00,18,3,15,21,47,920,76,"95, BOULEVARD DE LA REPU",48.83748,2.15386,Nuit avec éclairage allumé,En agglomération,Hors intersection,Pluie forte,Autre collision,,,,,,,,,,,5,2,1,3.0,6.0
201800038896,0018-03-20 22:10:00,18,3,20,22,10,920,64,"2, MARECHAL DE LATTRE",48.8519,2.21992,Nuit avec éclairage non allumé,En agglomération,Intersection en T,Normale,Deux véhicules - frontale,,,,,,,,,,,4,2,3,1.0,1.0
201800038897,0018-03-22 08:45:00,18,3,22,8,45,920,64,MARECHAL JUIN,48.8394,2.2214,Plein jour,En agglomération,Hors intersection,Normale,Sans collision,,,,,,,,,,,1,2,1,1.0,7.0
201800038898,0018-03-27 17:55:00,18,3,27,17,55,920,33,"57, SURESNES",48.84,2.19,Plein jour,En agglomération,Hors intersection,Normale,Autre collision,,,,,,,,,,,1,2,1,1.0,6.0
201800038899,0018-03-29 08:30:00,18,3,29,8,30,920,47,"16, JARDY",48.83,2.15,Plein jour,En agglomération,Hors intersection,Normale,Trois véhicules et plus - en chaîne,,,,,,,,,,,1,2,1,1.0,4.0
201800038900,0018-03-30 20:15:00,18,3,30,20,15,920,64,"55, MARECHAL FOCH",48.84,2.2,Plein jour,En agglomération,Intersection en T,Normale,Deux véhicules - frontale,,,,,,,,,,,1,2,3,1.0,1.0
201800038901,0018-04-06 14:10:00,18,4,6,14,10,920,64,"12, SILLY",48.84422,2.2185,Plein jour,En agglomération,Hors intersection,Normale,Sans collision,,,,,,,,,,,1,2,1,1.0,7.0
201800038902,0018-04-10 15:15:00,18,4,10,15,15,920,47,"51, REPUBLIQUE",48.83768,2.15993,Plein jour,En agglomération,Hors intersection,Normale,Deux véhicules - côté,,,,,,,,,,,1,2,1,1.0,3.0
201800038903,0018-04-09 19:51:00,18,4,9,19,51,920,64,"11, VAL D' OR",48.85,2.2,Plein jour,En agglomération,Intersection en T,Normale,Autre collision,,,,,,,,,,,1,2,3,1.0,6.0
201800038904,0018-04-12 09:15:00,18,4,12,9,15,920,33,"104, GENERAL DE GAULLE",48.83994,2.19105,Plein jour,En agglomération,Hors intersection,Temps couvert,Sans collision,,,,,,,,,,,1,2,1,8.0,7.0
201800038905,0018-04-13 11:25:00,18,4,13,11,25,920,64,"29, BERNARD PALISSY",48.85593,2.22126,Plein jour,En agglomération,Autre intersection,Normale,Autre collision,,,,,,,,,,,1,2,9,1.0,6.0
201800038906,0018-04-20 21:00:00,18,4,20,21,0,920,64,"52, REPUBLIQUE",48.84,-2.21,Nuit sans éclairage public,En agglomération,Intersection en X,Normale,Deux véhicules - frontale,,,,,,,,,,,3,2,2,1.0,1.0
201800038907,0018-04-30 05:30:00,18,4,30,5,30,920,76,JARDY,48.83233,2.15305,Nuit avec éclairage allumé,En agglomération,Hors intersection,Pluie forte,Sans collision,,,,,,,,,,,5,2,1,3.0,7.0
201800038908,0018-04-30 09:20:00,18,4,30,9,20,920,33,"56, DIX NEUF JANVIER",48.85143,2.19178,Plein jour,En agglomération,Hors intersection,Pluie légère,Sans collision,,,,,,,,,,,1,2,1,2.0,7.0
201800038909,0018-05-03 08:55:00,18,5,3,8,55,920,33,"107, BUZENVAL",48.85213,2.20426,Plein jour,En agglomération,Hors intersection,Normale,Deux véhicules - côté,,,,,,,,,,,1,2,1,1.0,3.0
201800038910,0018-05-06 11:00:00,18,5,6,11,0,920,76,"92, BOULEVARD DE LA REPU",48.83782,2.15461,Plein jour,En agglomération,Hors intersection,Normale,Autre collision,,,,,,,,,,,1,2,1,1.0,6.0
201800038911,0018-05-11 12:30:00,18,5,11,12,30,920,64,G. CLEMENCEAU (PLACE),,,Plein jour,En agglomération,Place,Normale,Sans collision,,,,,,,,,,,1,2,7,1.0,7.0
201800038912,0018-05-18 04:15:00,18,5,18,4,15,920,76,JARDY HARAS,48.82839,2.15145,Nuit avec éclairage allumé,Hors agglomération,Hors intersection,Normale,Autre collision,,,,,,,,,,,5,1,1,1.0,6.0
201800038913,0018-05-22 13:35:00,18,5,22,13,35,920,64,DAILLY,48.84587,2.21877,Plein jour,En agglomération,Intersection en X,Normale,Deux véhicules - côté,,,,,,,,,,,1,2,2,1.0,3.0
201800038914,0018-05-25 17:10:00,18,5,25,17,10,920,33,"160, GENERAL DE GAULLE",48.83912,2.18789,Plein jour,En agglomération,Hors intersection,Pluie légère,Trois véhicules et plus - en chaîne,,,,,,,,,,,1,2,1,2.0,4.0
201800038915,0018-05-26 20:20:00,18,5,26,20,20,920,12,ANATOLE FRANCE (BOULEVAR,48.85042,2.23764,Plein jour,En agglomération,Intersection en X,Normale,Autre collision,,,,,,,,,,,1,2,2,1.0,6.0
201800038916,0018-05-25 15:40:00,18,5,25,15,40,920,64,PARC SAINT CLOUD,48.82943,2.21506,Plein jour,En agglomération,Hors intersection,Normale,Autre collision,,,,,,,,,,,1,2,1,1.0,6.0
201800038917,0018-05-29 16:05:00,18,5,29,16,5,920,64,MONT VALERIEN,48.85633,2.2152,Plein jour,En agglomération,Intersection en T,Normale,Deux véhicules - côté,,,,,,,,,,,1,2,3,1.0,3.0
201800038918,0018-05-31 09:30:00,18,5,31,9,30,920,64,"27, DAILLY",48.845,2.22,Plein jour,En agglomération,Hors intersection,Normale,Trois véhicules et plus - collisions multiples,,,,,,,,,,,1,2,1,1.0,5.0
201800038919,0018-06-08 12:00:00,18,6,8,12,0,920,64,CAMP CANADIEN,,,Plein jour,En agglomération,Hors intersection,Normale,Deux véhicules - frontale,,,,,,,,,,,1,2,1,1.0,1.0
201800038920,0018-06-09 10:10:00,18,6,9,10,10,920,33,"181, PORTE JAUNE",48.0,2.2,Plein jour,En agglomération,Hors intersection,Normale,Deux véhicules - arrière,,,,,,,,,,,1,2,1,1.0,2.0
201800038921,0018-06-12 18:25:00,18,6,12,18,25,920,64,"54, REPUBLIQUE",48.84,2.21,Plein jour,En agglomération,Intersection en X,Normale,Sans collision,,,,,,,,,,,1,2,2,1.0,7.0
201800038922,0018-06-12 21:55:00,18,6,12,21,55,920,33,"7-9, SUISSES",48.85335,2.19641,Nuit avec éclairage allumé,En agglomération,Hors intersection,Normale,Autre collision,,,,,,,,,,,5,2,1,1.0,6.0
201800038923,0018-06-13 06:25:00,18,6,13,6,25,920,64,"1363, MARCEL DASSAULT",48.8528,2.22287,Crépuscule ou aube,En agglomération,Hors intersection,Normale,Deux véhicules - frontale,,,,,,,,,,,2,2,1,1.0,1.0
201800038924,0018-06-15 19:55:00,18,6,15,19,55,920,64,310 GOUNOD (RUE),,,Plein jour,En agglomération,Hors intersection,Normale,Autre collision,,,,,,,,,,,1,2,1,1.0,6.0
201800038925,0018-06-20 08:30:00,18,6,20,8,30,920,47,JARDY,48.82,2.15,Plein jour,En agglomération,Hors intersection,Normale,Deux véhicules - côté,,,,,,,,,,,1,2,1,1.0,3.0
201800038926,0018-06-22 08:30:00,18,6,22,8,30,920,64,"272, REPUBLIQUE",,,Plein jour,En agglomération,Hors intersection,Normale,Deux véhicules - arrière,,,,,,,,,,,1,2,1,1.0,2.0
201800038927,0018-06-23 10:40:00,18,6,23,10,40,920,33,"4, GUSTAVE LAMBERT",48.84062,2.19357,Plein jour,En agglomération,Intersection en T,Temps éblouissant,Deux véhicules - côté,,,,,,,,,,,1,2,3,7.0,3.0
201800038928,0018-06-24 01:10:00,18,6,24,1,10,920,76,"18, BOULEVARD DE LA REPU",48.83,2.16,Nuit avec éclairage allumé,En agglomération,Intersection en T,Normale,Deux véhicules - côté,,,,,,,,,,,5,2,3,1.0,3.0
201800038929,0018-07-01 06:50:00,18,7,1,6,50,920,33,"28, GENERAL DE GAULLE",,,Plein jour,En agglomération,Hors intersection,Normale,Autre collision,,,,,,,,,,,1,2,1,1.0,6.0
201800038930,0018-07-09 02:15:00,18,7,9,2,15,920,64,"27, DAILLY",,,Nuit avec éclairage allumé,En agglomération,Hors intersection,Normale,Autre collision,,,,,,,,,,,5,2,1,1.0,6.0
201800038931,0018-07-10 19:40:00,18,7,10,19,40,920,47,HARAS DE JARDY,,,Plein jour,En agglomération,Hors intersection,Normale,Deux véhicules - côté,,,,,,,,,,,1,2,1,1.0,3.0
201800038932,0018-07-13 02:45:00,18,7,13,2,45,920,33,"104, RAYMOND POINCARE",48.84,2.17,Nuit avec éclairage allumé,En agglomération,Hors intersection,Normale,Autre collision,,,,,,,,,,,5,2,1,1.0,6.0
201800038933,0018-07-18 13:20:00,18,7,18,13,20,920,64,"1557, CARNOT",48.85158,2.22337,Plein jour,En agglomération,Intersection en X,Normale,Autre collision,,,,,,,,,,,1,2,2,1.0,6.0
201800038934,0018-07-31 11:17:00,18,7,31,11,17,920,76,JARDY,48.83,2.15,Plein jour,En agglomération,Autre intersection,Normale,Trois véhicules et plus - collisions multiples,,,,,,,,,,,1,2,9,1.0,5.0
201800038935,0018-08-01 10:05:00,18,8,1,10,5,920,64,PARC SAINT CLOUD,48.82993,2.22148,Plein jour,Hors agglomération,Hors intersection,Normale,Autre collision,,,,,,,,,,,1,1,1,1.0,6.0
201800038936,0018-08-12 16:10:00,18,8,12,16,10,920,76,CHASSE ROYALE,48.83291,2.14642,Plein jour,En agglomération,Autre intersection,Normale,Deux véhicules - côté,,,,,,,,,,,1,2,9,1.0,3.0
201800038937,0018-08-17 18:34:00,18,8,17,18,34,920,64,REPUBLIQUE,46.34,5.86,Plein jour,En agglomération,Hors intersection,Normale,Autre collision,,,,,,,,,,,1,2,1,1.0,6.0
201800038938,0018-08-17 18:30:00,18,8,17,18,30,920,64,DAILLY,48.84282,2.22098,Plein jour,En agglomération,Hors intersection,Normale,Deux véhicules - côté,,,,,,,,,,,1,2,1,1.0,3.0
201800038939,0018-08-23 18:30:00,18,8,23,18,30,920,64,DAILLY,48.8456,2.21743,Plein jour,En agglomération,Hors intersection,Normale,Autre collision,,,,,,,,,,,1,2,1,1.0,6.0
201800038940,0018-08-23 21:10:00,18,8,23,21,10,920,64,MARCEL DASSAULT,48.85679,2.22314,Nuit avec éclairage allumé,En agglomération,Intersection en T,Normale,Deux véhicules - côté,,,,,,,,,,,5,2,3,1.0,3.0
201800038941,0018-08-27 09:50:00,18,8,27,9,50,920,76,NAPOLEON III,48.83288,2.1471,Plein jour,Hors agglomération,Hors intersection,Pluie légère,Sans collision,,,,,,,,,,,1,1,1,2.0,7.0
201800038942,0018-08-27 09:30:00,18,8,27,9,30,920,76,JARDY (BD DE),48.82997,2.15187,Plein jour,En agglomération,Hors intersection,Normale,Deux véhicules - côté,,,,,,,,,,,1,2,1,1.0,3.0
201800038943,0018-09-01 22:55:00,18,9,1,22,55,920,33,PORTE JAUNE,,,Nuit avec éclairage allumé,En agglomération,Hors intersection,Normale,Deux véhicules - arrière,,,,,,,,,,,5,2,1,1.0,2.0
201800038944,0018-09-03 11:15:00,18,9,3,11,15,920,64,DAILLY,48.84271,2.22104,Plein jour,En agglomération,Hors intersection,Normale,Sans collision,,,,,,,,,,,1,2,1,1.0,7.0
201800038945,0018-09-04 11:10:00,18,9,4,11,10,920,76,REPUBLIQUE,48.83782,2.16424,Plein jour,En agglomération,Intersection en T,Pluie légère,Deux véhicules - côté,,,,,,,,,,,1,2,3,2.0,3.0
201800038946,0018-09-04 13:20:00,18,9,4,13,20,920,33,DIX NEUF JANVIER,48.8513,2.1922,Plein jour,En agglomération,Intersection en T,Pluie légère,Deux véhicules - côté,,,,,,,,,,,1,2,3,2.0,3.0
201800038947,0018-09-05 09:00:00,18,9,5,9,0,920,64,GOUNOD,48.84341,2.21373,Plein jour,En agglomération,Hors intersection,Normale,Autre collision,,,,,,,,,,,1,2,1,1.0,6.0
201800038948,0018-09-07 15:15:00,18,9,7,15,15,920,64,LOUIS PASTEUR,48.84146,2.19894,Plein jour,En agglomération,Hors intersection,Normale,Deux véhicules - arrière,,,,,,,,,,,1,2,1,1.0,2.0
201800038949,0018-09-12 08:00:00,18,9,12,8,0,920,64,PALAIS,48.84127,2.2207,Plein jour,En agglomération,Hors intersection,Normale,Deux véhicules - arrière,,,,,,,,,,,1,2,1,1.0,2.0
201800038950,0018-09-14 08:15:00,18,9,14,8,15,920,64,GOUNOD,48.84342,2.21687,Plein jour,En agglomération,Autre intersection,Normale,Deux véhicules - côté,,,,,,,,,,,1,2,9,1.0,3.0
201800038951,0018-09-14 10:00:00,18,9,14,10,0,920,33,GRANDE RUE,48.84467,2.18664,Plein jour,En agglomération,Autre intersection,Normale,Deux véhicules - côté,,,,,,,,,,,1,2,9,1.0,3.0
201800038952,0018-09-17 10:20:00,18,9,17,10,20,920,33,DIX NEUF JANVIER,48.8513,2.1922,Plein jour,En agglomération,Intersection en T,Temps éblouissant,Autre collision,,,,,,,,,,,1,2,3,7.0,6.0
201800038953,0018-09-17 17:30:00,18,9,17,17,30,920,64,GOUNOD,,,Plein jour,En agglomération,Hors intersection,Normale,Autre collision,,,,,,,,,,,1,2,1,1.0,6.0
201800038954,0018-09-18 20:40:00,18,9,18,20,40,920,33,PASTEUR,48.84116,2.19663,Nuit avec éclairage allumé,En agglomération,Intersection en T,Normale,Deux véhicules - arrière,,,,,,,,,,,5,2,3,1.0,2.0
201800038955,0018-09-20 13:30:00,18,9,20,13,30,920,76,LA CELLE SAINT CLOUD,48.84663,2.16936,Plein jour,En agglomération,Giratoire,Normale,Deux véhicules - côté,,,,,,,,,,,1,2,6,1.0,3.0
201800038956,0018-09-22 15:30:00,18,9,22,15,30,920,76,JARDY (BD DE),48.83192,2.15284,Plein jour,En agglomération,Autre intersection,Pluie légère,Sans collision,,,,,,,,,,,1,2,9,2.0,7.0
201800038957,0018-09-27 12:20:00,18,9,27,12,20,920,33,SUISSES,48.85293,2.16,Plein jour,En agglomération,Intersection en T,Normale,Deux véhicules - côté,,,,,,,,,,,1,2,3,1.0,3.0
201800038958,0018-09-27 17:30:00,18,9,27,17,30,920,47,HARAS DE JARDY,48.83042,2.15211,Plein jour,En agglomération,Intersection en Y,Normale,Trois véhicules et plus - collisions multiples,,,,,,,,,,,1,2,4,1.0,5.0
201800038959,0018-09-27 18:30:00,18,9,27,18,30,920,64,MARCEL DASSAULT (QUAI),48.85211,2.22289,Plein jour,En agglomération,Hors intersection,Normale,Deux véhicules - arrière,,,,,,,,,,,1,2,1,1.0,2.0
201800038960,0018-09-30 15:05:00,18,9,30,15,5,920,64,CARNOT (DU PDT),48.84952,2.22395,Plein jour,En agglomération,Hors intersection,Normale,Trois véhicules et plus - en chaîne,,,,,,,,,,,1,2,1,1.0,4.0
201800038961,0018-10-01 15:00:00,18,10,1,15,0,920,64,REPUBLIQUE,48.84923,2.21376,Plein jour,En agglomération,Hors intersection,Normale,Autre collision,,,,,,,,,,,1,2,1,1.0,6.0
201800038962,0018-10-03 07:00:00,18,10,3,7,0,920,76,REPUBLIQUE,48.83717,2.15078,Nuit avec éclairage allumé,En agglomération,Hors intersection,Pluie légère,Sans collision,,,,,,,,,,,5,2,1,2.0,7.0
201800038963,0018-10-06 16:30:00,18,10,6,16,30,920,64,CARNOT,48.8449,2.2236,Plein jour,En agglomération,Hors intersection,Normale,Trois véhicules et plus - en chaîne,,,,,,,,,,,1,2,1,1.0,4.0
201800038964,0018-10-08 09:50:00,18,10,8,9,50,920,64,DIX-HUI JUIN,,,Plein jour,En agglomération,Hors intersection,Normale,Deux véhicules - arrière,,,,,,,,,,,1,2,1,1.0,2.0
201800038965,0018-10-12 06:25:00,18,10,12,6,25,920,47,REPUBLIQUE (BD),48.0,2.16,Nuit avec éclairage allumé,En agglomération,Intersection en T,Temps couvert,Deux véhicules - côté,,,,,,,,,,,5,2,3,8.0,3.0
201800038966,0018-10-22 12:40:00,18,10,22,12,40,920,33,MARECHAL LECLERC,48.84462,2.18695,Plein jour,En agglomération,Hors intersection,Pluie légère,Deux véhicules - côté,,,,,,,,,,,1,2,1,2.0,3.0
201800038967,0018-10-23 17:15:00,18,10,23,17,15,920,64,PARC SAINT CLOUD,48.83541,2.21716,Plein jour,En agglomération,Hors intersection,Normale,Autre collision,,,,,,,,,,,1,2,1,1.0,6.0
201800038968,0018-10-23 22:30:00,18,10,23,22,30,920,64,REPUBLIQUE,48.8445,2.20789,Nuit avec éclairage allumé,En agglomération,Hors intersection,Normale,Deux véhicules - côté,,,,,,,,,,,5,2,1,1.0,3.0
201800038969,0018-11-02 17:45:00,18,11,2,17,45,920,64,DAILLY,48.84268,2.22115,Crépuscule ou aube,En agglomération,Hors intersection,Normale,Autre collision,,,,,,,,,,,2,2,1,1.0,6.0
201800038970,0018-11-07 18:10:00,18,11,7,18,10,920,64,DAILLY,48.84261,2.22107,Nuit avec éclairage allumé,En agglomération,Hors intersection,Normale,Autre collision,,,,,,,,,,,5,2,1,1.0,6.0
201800038971,0018-11-19 08:40:00,18,11,19,8,40,920,33,DIX NEUF JANVIER,48.8492,2.20063,Crépuscule ou aube,En agglomération,Hors intersection,Normale,Deux véhicules - côté,,,,,,,,,,,2,2,1,1.0,3.0
201800038972,0018-11-26 08:20:00,18,11,26,8,20,920,47,IMPERATRICE,48.82175,2.15354,Crépuscule ou aube,En agglomération,Hors intersection,Pluie légère,Sans collision,,,,,,,,,,,2,2,1,2.0,7.0
201800038973,0018-11-29 08:15:00,18,11,29,8,15,920,64,CARNOT,48.84263,2.22265,Plein jour,En agglomération,Hors intersection,Normale,Autre collision,,,,,,,,,,,1,2,1,1.0,6.0
201800038974,0018-12-07 03:45:00,18,12,7,3,45,920,47,JARDY,48.83183,2.15254,Nuit avec éclairage allumé,En agglomération,Hors intersection,Temps couvert,Autre collision,,,,,,,,,,,5,2,1,8.0,6.0
201800038975,0018-12-08 03:20:00,18,12,8,3,20,920,64,FRANCIS CHAVETON,48.85996,2.20684,Nuit avec éclairage allumé,En agglomération,Hors intersection,Normale,Autre collision,,,,,,,,,,,5,2,1,1.0,6.0
201800038976,0018-12-12 08:40:00,18,12,12,8,40,920,64,CALVAIRE,48.85071,2.2176,Plein jour,En agglomération,Hors intersection,Normale,Autre collision,,,,,,,,,,,1,2,1,1.0,6.0
201800038977,0018-12-16 14:40:00,18,12,16,14,40,920,64,CAMP CANADIEN,48.85281,2.20584,Plein jour,En agglomération,Hors intersection,Temps couvert,Deux véhicules - arrière,,,,,,,,,,,1,2,1,8.0,2.0
201800038978,0018-12-16 22:20:00,18,12,16,22,20,920,64,CARNOT,48.84357,2.22279,Nuit avec éclairage allumé,En agglomération,Giratoire,Pluie légère,Deux véhicules - arrière,,,,,,,,,,,5,2,6,2.0,2.0
201800038979,0018-12-17 22:50:00,18,12,17,22,50,920,47,JARDY,48.83199,2.153,Nuit avec éclairage allumé,En agglomération,Autre intersection,Pluie légère,Deux véhicules - frontale,,,,,,,,,,,5,2,9,2.0,1.0
201800038980,0018-12-20 10:16:00,18,12,20,10,16,920,64,REPUBLIQUE,48.84702,2.21431,Plein jour,En agglomération,Intersection en X,Normale,Autre collision,,,,,,,,,,,1,2,2,1.0,6.0