accident_id,datetime,annee,mois,jour,heure,minute,departement,commune_insee,adresse,latitude,longitude,luminosite,agglomeration,intersection,meteo,collision,nb_vehicules,nb_usagers,nb_indemnes,nb_tues,nb_blesses_hosp,nb_blesses_legers,age_cond_1,age_cond_2,veh_type_cond_1,veh_type_cond_2,lum_code,agg_code,int_code,atm_code,col_code
201800039340,0018-01-21 20:42:00,18,1,21,20,42,930,5,"14, CHARLES GOUPPY (RUE)",48.94216,2.49743,Nuit avec éclairage allumé,En agglomération,Hors intersection,Pluie légère,Deux véhicules - arrière,,,,,,,,,,,5,2,1,2.0,2.0
201800039341,0018-01-31 10:20:00,18,1,31,10,20,930,5,ANATOLE FRANCE (AVENUE),48.93947,2.49578,Plein jour,En agglomération,Autre intersection,Pluie forte,Deux véhicules - côté,,,,,,,,,,,1,2,9,3.0,3.0
201800039342,0018-02-01 18:30:00,18,2,1,18,30,930,5,"109, MITRY [CD115] (ROUT",48.94179,2.50445,Nuit sans éclairage public,En agglomération,Hors intersection,Normale,Trois véhicules et plus - en chaîne,,,,,,,,,,,3,2,1,1.0,4.0
201800039343,0018-02-04 19:20:00,18,2,4,19,20,930,5,PREFET CHALEIL (CD44) (R,48.93966,2.50818,Nuit avec éclairage allumé,En agglomération,Intersection en T,Pluie légère,Trois véhicules et plus - collisions multiples,,,,,,,,,,,5,2,3,2.0,5.0
201800039344,0018-02-07 18:00:00,18,2,7,18,0,930,5,JACQUES DUCLOS [CD44] (R,48.94391,2.49625,Crépuscule ou aube,En agglomération,Hors intersection,Neige / grêle,Deux véhicules - arrière,,,,,,,,,,,2,2,1,4.0,2.0
201800039345,0018-02-22 14:40:00,18,2,22,14,40,930,5,JACQUES DUCLOS [CD44] (R,48.94945,2.48856,Plein jour,En agglomération,Hors intersection,Normale,Trois véhicules et plus - en chaîne,,,,,,,,,,,1,2,1,1.0,4.0
201800039346,0018-02-22 19:00:00,18,2,22,19,0,930,5,RAOUL DUFY (AVENUE),,,Nuit avec éclairage allumé,En agglomération,Hors intersection,Normale,Deux véhicules - frontale,,,,,,,,,,,5,2,1,1.0,1.0
201800039347,0018-03-07 15:55:00,18,3,7,15,55,930,5,"45, DIVISION LECLERC (RU",48.92596,2.48667,Plein jour,En agglomération,Hors intersection,Neige / grêle,Deux véhicules - côté,,,,,,,,,,,1,2,1,4.0,3.0
201800039348,0018-03-13 14:15:00,18,3,13,14,15,930,5,"00, SEVRAN (CD44) (RUE D",,,Plein jour,En agglomération,Hors intersection,Normale,Sans collision,,,,,,,,,,,1,2,1,1.0,7.0
201800039349,0018-03-19 07:20:00,18,3,19,7,20,930,5,JACQUES DUCLOS [CD44] (R,48.9462,2.49341,Crépuscule ou aube,En agglomération,Intersection en T,Neige / grêle,Deux véhicules - côté,,,,,,,,,,,2,2,3,4.0,3.0
201800039350,0018-03-21 08:00:00,18,3,21,8,0,930,5,"120, MITRY [CD115] (RUE",48.9426,2.5056,Plein jour,En agglomération,Intersection en T,Temps couvert,Deux véhicules - côté,,,,,,,,,,,1,2,3,8.0,3.0
201800039351,0018-03-23 10:45:00,18,3,23,10,45,930,5,MAXIMILIEN ROBESPIERRE (,48.94945,2.50416,Plein jour,En agglomération,Hors intersection,Normale,Autre collision,,,,,,,,,,,1,2,1,1.0,6.0
201800039352,0018-03-26 14:40:00,18,3,26,14,40,930,5,MITRY [CD115] (ROUTE DE),48.94941,2.51965,Plein jour,En agglomération,Intersection en X,Normale,Deux véhicules - frontale,,,,,,,,,,,1,2,2,1.0,1.0
201800039353,0018-03-29 19:53:00,18,3,29,19,53,930,5,"2, MARCEL SEMBAT (RUE)",48.93429,2.49126,Nuit avec éclairage allumé,En agglomération,Intersection en X,Pluie légère,Deux véhicules - côté,,,,,,,,,,,5,2,2,2.0,3.0
201800039354,0018-04-03 20:15:00,18,4,3,20,15,930,5,"78, MITRY [CD115] (RUE D",48.9407,2.50292,Plein jour,En agglomération,Hors intersection,Normale,Deux véhicules - côté,,,,,,,,,,,1,2,1,1.0,3.0
201800039355,0018-04-05 16:00:00,18,4,5,16,0,930,5,JEAN JAURES (AVENUE),48.9226,2.5037,Plein jour,En agglomération,Intersection en X,Normale,Deux véhicules - côté,,,,,,,,,,,1,2,2,1.0,3.0
201800039356,0018-04-06 10:00:00,18,4,6,10,0,930,5,ANDRE CITROEN (BOULEVARD,48.95496,2.47752,Plein jour,En agglomération,Hors intersection,Normale,Deux véhicules - arrière,,,,,,,,,,,1,2,1,1.0,2.0
201800039357,0018-04-07 16:30:00,18,4,7,16,30,930,5,"01, EDGAR DEGAS (RUE)",48.95614,2.49607,Plein jour,En agglomération,Hors intersection,Normale,Autre collision,,,,,,,,,,,1,2,1,1.0,6.0
201800039358,0018-04-10 20:30:00,18,4,10,20,30,930,5,MITRY [CD115] (ROUTE DE),48.95054,2.52316,Plein jour,En agglomération,Intersection en X,Normale,Deux véhicules - côté,,,,,,,,,,,1,2,2,1.0,3.0
201800039359,0018-04-15 08:05:00,18,4,15,8,5,930,5,ROBERT SCHUMAN (CARREFOU,48.94875,2.51775,Plein jour,En agglomération,Giratoire,Normale,Deux véhicules - côté,,,,,,,,,,,1,2,6,1.0,3.0
201800039360,0018-04-17 19:15:00,18,4,17,19,15,930,5,PAUL CEZANNE (RUE),,,Plein jour,En agglomération,Hors intersection,Normale,Autre collision,,,,,,,,,,,1,2,1,1.0,6.0
201800039361,0018-04-21 05:20:00,18,4,21,5,20,930,5,IRENE ET FREDERIC JOLIOT,48.92922,2.51242,Nuit avec éclairage allumé,En agglomération,Hors intersection,Normale,Autre collision,,,,,,,,,,,5,2,1,1.0,6.0
201800039362,0018-04-24 17:15:00,18,4,24,17,15,930,5,NONNEVILLE (AVENUE DE),,,Plein jour,En agglomération,Intersection en X,Normale,Deux véhicules - côté,,,,,,,,,,,1,2,2,1.0,3.0
201800039363,0018-04-24 21:10:00,18,4,24,21,10,930,5,EUGENE SCHUELLER (PASSAG,,,Nuit avec éclairage allumé,En agglomération,Hors intersection,Normale,Autre collision,,,,,,,,,,,5,2,1,1.0,6.0
201800039364,0018-04-25 21:15:00,18,4,25,21,15,930,5,SUZANNE LENGLEN (AVENUE),48.95123,2.51388,Nuit sans éclairage public,En agglomération,Intersection en T,Normale,Deux véhicules - côté,,,,,,,,,,,3,2,3,1.0,3.0
201800039365,0018-04-30 10:30:00,18,4,30,10,30,930,5,COMMANDANT BRASSEUR (RUE,48.93766,2.50045,Plein jour,En agglomération,Hors intersection,Temps couvert,Autre collision,,,,,,,,,,,1,2,1,8.0,6.0
201800039366,0018-05-01 14:45:00,18,5,1,14,45,930,5,JACQUES DUCLOS [CD44] (R,48.94821,2.49038,Plein jour,En agglomération,Autre intersection,Normale,Autre collision,,,,,,,,,,,1,2,9,1.0,6.0
201800039367,0018-05-01 18:44:00,18,5,1,18,44,930,5,MARC CHAGALL (BOULEVARD),48.953,2.5006,Plein jour,En agglomération,Intersection en T,Normale,Autre collision,,,,,,,,,,,1,2,3,1.0,6.0
201800039368,0018-05-02 18:40:00,18,5,2,18,40,930,5,GERMAIN PLANQUE (RUE),,,Plein jour,En agglomération,Hors intersection,Normale,Deux véhicules - frontale,,,,,,,,,,,1,2,1,1.0,1.0
201800039369,0018-05-09 08:10:00,18,5,9,8,10,930,5,"24, JULES PRINCET [CD115",,,Plein jour,En agglomération,Hors intersection,Temps éblouissant,Sans collision,,,,,,,,,,,1,2,1,7.0,7.0
201800039370,0018-05-09 11:25:00,18,5,9,11,25,930,5,"3, EUGENE DELACROIX (RUE",,,Plein jour,En agglomération,Hors intersection,Normale,Autre collision,,,,,,,,,,,1,2,1,1.0,6.0
201800039371,0018-05-09 21:45:00,18,5,9,21,45,930,5,CHARLES DE GAULLE [CD115,,,Nuit avec éclairage allumé,En agglomération,Hors intersection,Normale,Autre collision,,,,,,,,,,,5,2,1,1.0,6.0
201800039372,0018-05-12 09:37:00,18,5,12,9,37,930,5,GEORGES BRAQUE (BOULEVA,48.957,2.479,Plein jour,En agglomération,Giratoire,Normale,Autre collision,,,,,,,,,,,1,2,6,1.0,6.0
201800039373,0018-05-14 16:50:00,18,5,14,16,50,930,5,"153, MITRY [CD115] (ROUT",48.95044,2.52322,Plein jour,En agglomération,Autre intersection,Pluie légère,Deux véhicules - côté,,,,,,,,,,,1,2,9,2.0,3.0
201800039374,0018-05-17 10:40:00,18,5,17,10,40,930,5,SEVRAN (CD44) (RUE DE),,,Plein jour,En agglomération,Hors intersection,Normale,Autre collision,,,,,,,,,,,1,2,1,1.0,6.0
201800039375,0018-05-19 20:20:00,18,5,19,20,20,930,5,DAUPHINE (RUE DU),48.94895,2.51215,Plein jour,En agglomération,Hors intersection,Normale,Autre collision,,,,,,,,,,,1,2,1,1.0,6.0
201800039376,0018-05-25 15:45:00,18,5,25,15,45,930,5,TOURVILLE (RUE DE),,,Plein jour,En agglomération,Hors intersection,Normale,Autre collision,,,,,,,,,,,1,2,1,1.0,6.0
201800039377,0018-05-28 11:32:00,18,5,28,11,32,930,5,CHARLES GOUPPY (RUE),,,Plein jour,En agglomération,Hors intersection,Normale,Deux véhicules - frontale,,,,,,,,,,,1,2,1,1.0,1.0
201800039378,0018-05-28 15:55:00,18,5,28,15,55,930,5,MARC CHAGALL (BOULEVARD),48.95618,2.49596,Plein jour,En agglomération,Hors intersection,Normale,Deux véhicules - arrière,,,,,,,,,,,1,2,1,1.0,2.0
201800039379,0018-06-01 14:00:00,18,6,1,14,0,930,5,CROIX BLANCHE (PONT DE L,48.93181,2.50481,Plein jour,Hors agglomération,Hors intersection,Normale,Deux véhicules - arrière,,,,,,,,,,,1,1,1,1.0,2.0
201800039380,0018-06-08 18:45:00,18,6,8,18,45,930,5,"91, JACQUES DUCLOS [CD44",48.94439,2.49606,Plein jour,En agglomération,Hors intersection,Normale,Trois véhicules et plus - en chaîne,,,,,,,,,,,1,2,1,1.0,4.0
201800039381,0018-06-16 15:45:00,18,6,16,15,45,930,5,"33, QUATORZE JUILLET (AV",48.92931,2.49666,Plein jour,En agglomération,Hors intersection,Normale,Autre collision,,,,,,,,,,,1,2,1,1.0,6.0
201800039382,0018-06-17 16:18:00,18,6,17,16,18,930,5,"18, LEON JOUHAUX (RUE)",48.95333,2.48313,Plein jour,En agglomération,Hors intersection,Normale,Autre collision,,,,,,,,,,,1,2,1,1.0,6.0
201800039383,0018-06-23 08:00:00,18,6,23,8,0,930,5,RAOUL DUFY (AVENUE),,,Plein jour,En agglomération,Hors intersection,Temps éblouissant,Deux véhicules - arrière,,,,,,,,,,,1,2,1,7.0,2.0
201800039384,0018-06-24 13:25:00,18,6,24,13,25,930,5,"59, CROIX BLANCHE (AVENU",,,Plein jour,En agglomération,Hors intersection,Normale,Autre collision,,,,,,,,,,,1,2,1,1.0,6.0
201800039385,0018-06-24 18:50:00,18,6,24,18,50,930,5,HENRI MONDOR (RUE),48.9528,2.51373,Plein jour,En agglomération,Intersection en X,Normale,Autre collision,,,,,,,,,,,1,2,2,1.0,6.0
201800039386,0018-06-25 17:00:00,18,6,25,17,0,930,5,BONDY (ROUTE DE),,,Plein jour,En agglomération,Hors intersection,Normale,Autre collision,,,,,,,,,,,1,2,1,1.0,6.0
201800039387,0018-06-28 16:30:00,18,6,28,16,30,930,5,GENERAL GALLIENI (BOULEV,,,Plein jour,En agglomération,Hors intersection,Normale,Trois véhicules et plus - collisions multiples,,,,,,,,,,,1,2,1,1.0,5.0
201800039388,0018-07-01 14:03:00,18,7,1,14,3,930,5,SAVOIE (RUE DE),48.94781,2.5013,Plein jour,En agglomération,Intersection en T,Normale,Deux véhicules - côté,,,,,,,,,,,1,2,3,1.0,3.0
201800039389,0018-06-29 21:20:00,18,6,29,21,20,930,5,HENRI MATISSE (RUE),48.9575,2.5039,Crépuscule ou aube,En agglomération,Intersection en X,Normale,Trois véhicules et plus - collisions multiples,,,,,,,,,,,2,2,2,1.0,5.0
201800039390,0018-07-06 16:05:00,18,7,6,16,5,930,5,GEORGES BRAQUE (BOULEVAR,48.9554,2.48185,Plein jour,En agglomération,Hors intersection,Normale,Deux véhicules - arrière,,,,,,,,,,,1,2,1,1.0,2.0
201800039391,0018-07-08 19:55:00,18,7,8,19,55,930,5,"36, LOUIS BLANC (AVENUE)",48.92256,2.50344,Plein jour,En agglomération,Hors intersection,Normale,Sans collision,,,,,,,,,,,1,2,1,1.0,7.0
201800039392,0018-07-09 09:45:00,18,7,9,9,45,930,5,"69, BONDY (ROUTE DE)",48.92595,2.49078,Plein jour,En agglomération,Hors intersection,Normale,Sans collision,,,,,,,,,,,1,2,1,1.0,7.0
201800039393,0018-07-09 14:30:00,18,7,9,14,30,930,5,PIERRE BROSSOLETTE (PONT,,,Plein jour,En agglomération,Autre intersection,Normale,Deux véhicules - arrière,,,,,,,,,,,1,2,9,1.0,2.0
201800039394,0018-07-10 12:00:00,18,7,10,12,0,930,5,STRASBOURG (BOULEVARD DE,,,Plein jour,En agglomération,Hors intersection,Normale,Deux véhicules - côté,,,,,,,,,,,1,2,1,1.0,3.0
201800039395,0018-07-10 17:10:00,18,7,10,17,10,930,7,AUTOROUTE A3,48.94932,2.47639,Plein jour,Hors agglomération,Hors intersection,Normale,Sans collision,,,,,,,,,,,1,1,1,1.0,7.0
201800039396,0018-07-11 13:20:00,18,7,11,13,20,930,5,CLEMENT ADER (RUE),48.94905,2.48081,Plein jour,En agglomération,Hors intersection,Normale,Sans collision,,,,,,,,,,,1,2,1,1.0,7.0
201800039397,0018-07-16 09:20:00,18,7,16,9,20,930,5,JACQUES DUCLOS [CD44] (R,48.9497,2.4883,Plein jour,En agglomération,Hors intersection,Normale,Deux véhicules - côté,,,,,,,,,,,1,2,1,1.0,3.0
201800039398,0018-07-15 19:45:00,18,7,15,19,45,930,5,ABRAHAM DUQUESNE (RUE),48.95485,2.50222,Plein jour,En agglomération,Hors intersection,Normale,Autre collision,,,,,,,,,,,1,2,1,1.0,6.0
201800039399,0018-07-20 09:30:00,18,7,20,9,30,930,5,NONNEVILLE (AVENUE DE),48.92725,2.51018,Plein jour,En agglomération,Hors intersection,Pluie légère,Deux véhicules - côté,,,,,,,,,,,1,2,1,2.0,3.0
201800039400,0018-07-20 16:40:00,18,7,20,16,40,930,5,PASCAL LECOINTRE (RUE),48.9388,2.4879,Plein jour,En agglomération,Intersection en X,Pluie légère,Deux véhicules - côté,,,,,,,,,,,1,2,2,2.0,3.0
201800039401,0018-07-22 16:30:00,18,7,22,16,30,930,5,CLOCHER (AVENUE DU),,,Plein jour,En agglomération,Intersection en T,Normale,Deux véhicules - frontale,,,,,,,,,,,1,2,3,1.0,1.0
201800039402,0018-07-27 22:10:00,18,7,27,22,10,930,5,DROITS DE LHOMME (CARREF,48.92955,2.48083,Nuit avec éclairage allumé,En agglomération,Intersection en X,Normale,Deux véhicules - côté,,,,,,,,,,,5,2,2,1.0,3.0
201800039403,0018-07-28 09:00:00,18,7,28,9,0,930,5,DIVISION LECLERC (RUE DE,,,Plein jour,En agglomération,Intersection en X,Normale,Deux véhicules - côté,,,,,,,,,,,1,2,2,1.0,3.0
201800039404,0018-07-28 12:12:00,18,7,28,12,12,930,5,JACQUES DUCLOS [CD44] (R,,,Plein jour,En agglomération,Hors intersection,Normale,Autre collision,,,,,,,,,,,1,2,1,1.0,6.0
201800039405,0018-07-28 20:50:00,18,7,28,20,50,930,5,MARC CHAGALL (BOULEVARD),48.95222,2.4946,Plein jour,En agglomération,Intersection à plus de 4 branches,Normale,Deux véhicules - côté,,,,,,,,,,,1,2,5,1.0,3.0
201800039406,0018-07-31 16:00:00,18,7,31,16,0,930,5,PAUL VAILLANT COUTURIER,,,Plein jour,En agglomération,Intersection en X,Normale,Deux véhicules - côté,,,,,,,,,,,1,2,2,1.0,3.0
201800039407,0018-08-09 18:15:00,18,8,9,18,15,930,5,JEAN CHARCOT [CD115] (RU,48.96422,2.49144,Plein jour,En agglomération,Hors intersection,Normale,Deux véhicules - côté,,,,,,,,,,,1,2,1,1.0,3.0
201800039408,0018-08-17 08:40:00,18,8,17,8,40,930,5,PAUL CEZANNE (RUE),48.95025,2.49201,Plein jour,En agglomération,Intersection en X,Normale,Deux véhicules - côté,,,,,,,,,,,1,2,2,1.0,3.0
201800039409,0018-08-19 13:00:00,18,8,19,13,0,930,5,ROISSY EN FRANCE [CR N9],48.94939,2.49197,Plein jour,En agglomération,Hors intersection,Normale,Autre collision,,,,,,,,,,,1,2,1,1.0,6.0
201800039410,0018-08-20 08:52:00,18,8,20,8,52,930,5,DROITS DE LHOMME (CARREF,,,Plein jour,En agglomération,Giratoire,Temps couvert,Deux véhicules - côté,,,,,,,,,,,1,2,6,8.0,3.0
201800039411,0018-08-23 19:00:00,18,8,23,19,0,930,5,JEAN CHARCOT [CD115] (RU,48.93264,2.48825,Plein jour,En agglomération,Intersection en X,Normale,Deux véhicules - côté,,,,,,,,,,,1,2,2,1.0,3.0
201800039412,0018-08-24 03:47:00,18,8,24,3,47,930,5,JULES PRINCET [CD115] (R,48.9271,2.5002,Nuit avec éclairage allumé,En agglomération,Hors intersection,Normale,Autre collision,,,,,,,,,,,5,2,1,1.0,6.0
201800039413,0018-08-24 06:45:00,18,8,24,6,45,930,5,MITRY [CD115] (ROUTE DE),48.95029,2.52304,Crépuscule ou aube,En agglomération,Intersection en X,Normale,Deux véhicules - côté,,,,,,,,,,,2,2,2,1.0,3.0
201800039414,0018-08-27 10:00:00,18,8,27,10,0,930,5,DOCTEUR CLAUDE BERNARD (,48.95222,2.52118,Plein jour,En agglomération,Hors intersection,Pluie légère,Autre collision,,,,,,,,,,,1,2,1,2.0,6.0
201800039415,0018-08-27 11:20:00,18,8,27,11,20,930,5,EUROPE (CARREFOUR DE L'),48.95121,2.48602,Plein jour,En agglomération,Hors intersection,Normale,Deux véhicules - arrière,,,,,,,,,,,1,2,1,1.0,2.0
201800039416,0018-08-28 18:35:00,18,8,28,18,35,930,5,PREFET CHALEIL (CD44) (R,,,Plein jour,En agglomération,Hors intersection,Normale,Trois véhicules et plus - en chaîne,,,,,,,,,,,1,2,1,1.0,4.0
201800039417,0018-08-28 18:05:00,18,8,28,18,5,930,5,MAURICE DE BROGLIE (RUE),48.94751,2.48456,Plein jour,En agglomération,Intersection en T,Normale,Deux véhicules - côté,,,,,,,,,,,1,2,3,1.0,3.0
201800039418,0018-09-03 11:30:00,18,9,3,11,30,930,5,PREFET CHALEIL (CD44) (R,48.94,2.50463,Plein jour,En agglomération,Intersection en X,Normale,Deux véhicules - côté,,,,,,,,,,,1,2,2,1.0,3.0
201800039419,0018-09-09 17:30:00,18,9,9,17,30,930,5,RAOUL DUFY (AVENUE),,,Plein jour,En agglomération,Autre intersection,Normale,Trois véhicules et plus - en chaîne,,,,,,,,,,,1,2,9,1.0,4.0
201800039420,0018-09-09 22:00:00,18,9,9,22,0,930,5,NONNEVILLE (AVENUE DE),,,Nuit avec éclairage allumé,En agglomération,Autre intersection,Normale,Deux véhicules - côté,,,,,,,,,,,5,2,9,1.0,3.0
201800039421,0018-09-12 13:30:00,18,9,12,13,30,930,5,NICOLAS ROBERT (RUE),,,Plein jour,Hors agglomération,Hors intersection,Temps éblouissant,Autre collision,,,,,,,,,,,1,1,1,7.0,6.0
201800039422,0018-09-13 08:20:00,18,9,13,8,20,930,5,JACQUES DUCLOS [CD44] (R,,,Plein jour,En agglomération,Hors intersection,Pluie légère,Deux véhicules - arrière,,,,,,,,,,,1,2,1,2.0,2.0
201800039423,0018-09-14 18:15:00,18,9,14,18,15,930,5,MITRY [CD115] (ROUTE DE),,,Plein jour,En agglomération,Hors intersection,Normale,Deux véhicules - arrière,,,,,,,,,,,1,2,1,1.0,2.0
201800039424,0018-09-18 17:50:00,18,9,18,17,50,930,5,JACQUES DUCLOS [CD44] (R,,,Plein jour,En agglomération,Hors intersection,Temps couvert,Autre collision,,,,,,,,,,,1,2,1,8.0,6.0
201800039425,0018-09-25 19:15:00,18,9,25,19,15,930,5,PETITS PONTS (ROUTE DES),48.93192,2.49094,Plein jour,En agglomération,Giratoire,Temps éblouissant,Deux véhicules - côté,,,,,,,,,,,1,2,6,7.0,3.0
201800039426,0018-09-25 17:50:00,18,9,25,17,50,930,5,MITRY [CD115] (RUE DE),,,Plein jour,En agglomération,Hors intersection,Normale,Autre collision,,,,,,,,,,,1,2,1,1.0,6.0
201800039427,0018-09-26 10:20:00,18,9,26,10,20,930,5,GENERAL LECLERC (PLACE D,,,Plein jour,En agglomération,Hors intersection,Normale,Autre collision,,,,,,,,,,,1,2,1,1.0,6.0
201800039428,0018-10-01 21:15:00,18,10,1,21,15,930,71,JOHN F. KENNEDY (AVENUE),,,Nuit avec éclairage allumé,En agglomération,Hors intersection,Temps couvert,Deux véhicules - arrière,,,,,,,,,,,5,2,1,8.0,2.0
201800039429,0018-10-04 08:00:00,18,10,4,8,0,930,5,ONZE NOVEMBRE (RUE DU),,,Plein jour,En agglomération,Hors intersection,Normale,Autre collision,,,,,,,,,,,1,2,1,1.0,6.0
201800039430,0018-10-09 07:45:00,18,10,9,7,45,930,5,LOUISE MICHEL (RUE),,,Plein jour,En agglomération,Hors intersection,Normale,Deux véhicules - arrière,,,,,,,,,,,1,2,1,1.0,2.0
201800039431,0018-10-12 04:30:00,18,10,12,4,30,930,5,GEORGES BRAQUE (BOULEVAR,48.96141,2.47348,Nuit avec éclairage allumé,En agglomération,Hors intersection,Temps couvert,Autre collision,,,,,,,,,,,5,2,1,8.0,6.0
201800039432,0018-10-12 08:15:00,18,10,12,8,15,930,5,NONNEVILLE (AVENUE DE),,,Plein jour,En agglomération,Intersection en T,Normale,Autre collision,,,,,,,,,,,1,2,3,1.0,6.0
201800039433,0018-10-15 18:00:00,18,10,15,18,0,930,5,MAXIMILIEN ROBESPIERRE (,,,Plein jour,En agglomération,Giratoire,Normale,Deux véhicules - côté,,,,,,,,,,,1,2,6,1.0,3.0
201800039434,0018-10-30 16:35:00,18,10,30,16,35,930,5,DROITS DE LHOMME (CARREF,,,Plein jour,En agglomération,Giratoire,Normale,Deux véhicules - côté,,,,,,,,,,,1,2,6,1.0,3.0
201800039435,0018-11-01 14:40:00,18,11,1,14,40,930,5,EUROPE (CARREFOUR DE L'),,,Plein jour,En agglomération,Hors intersection,Pluie légère,Autre collision,,,,,,,,,,,1,2,1,2.0,6.0
201800039436,0018-11-06 17:00:00,18,11,6,17,0,930,5,GEORGES BRAQUE (BOULEVAR,48.95619,2.47619,Crépuscule ou aube,En agglomération,Hors intersection,Normale,Autre collision,,,,,,,,,,,2,2,1,1.0,6.0
201800039437,0018-11-06 18:30:00,18,11,6,18,30,930,5,MAXIMILIEN ROBESPIERRE (,48.9462,2.4994,Nuit avec éclairage allumé,En agglomération,Intersection en T,Normale,Autre collision,,,,,,,,,,,5,2,3,1.0,6.0
201800039438,0018-11-07 17:10:00,18,11,7,17,10,930,5,CHARLES FLOQUET (BOULEVA,,,Crépuscule ou aube,En agglomération,Intersection en X,Temps couvert,Deux véhicules - côté,,,,,,,,,,,2,2,2,8.0,3.0
201800039439,0018-11-12 17:55:00,18,11,12,17,55,930,5,MITRY [CD115] (ROUTE DE),48.94167,2.50441,Nuit avec éclairage allumé,En agglomération,Passage à niveau,Normale,Autre collision,,,,,,,,,,,5,2,8,1.0,6.0
201800039440,0018-11-14 10:00:00,18,11,14,10,0,930,5,NONNEVILLE (AVENUE DE),48.92507,2.50403,Plein jour,En agglomération,Intersection en X,Normale,Deux véhicules - côté,,,,,,,,,,,1,2,2,1.0,3.0
201800039441,0018-11-16 18:25:00,18,11,16,18,25,930,5,MARC CHAGALL (BOULEVARD),,,Nuit avec éclairage allumé,En agglomération,Hors intersection,Pluie légère,Autre collision,,,,,,,,,,,5,2,1,2.0,6.0
201800039442,0018-11-25 19:30:00,18,11,25,19,30,930,5,MARC CHAGALL (BOULEVARD),48.95196,2.49242,Nuit avec éclairage non allumé,En agglomération,Hors intersection,Pluie légère,Trois véhicules et plus - en chaîne,,,,,,,,,,,4,2,1,2.0,4.0
201800039443,0018-12-10 19:20:00,18,12,10,19,20,930,5,LEFEVRE (BOULEVARD),,,Nuit sans éclairage public,En agglomération,Intersection en X,Normale,Deux véhicules - côté,,,,,,,,,,,3,2,2,1.0,3.0
201800039444,0018-12-15 15:15:00,18,12,15,15,15,930,5,NONNEVILLE (AVENUE DE),,,Plein jour,En agglomération,Intersection en X,Pluie légère,Deux véhicules - côté,,,,,,,,,,,1,2,2,2.0,3.0
201800039445,0018-12-16 11:00:00,18,12,16,11,0,930,5,DROITS DE LHOMME (CARREF,48.93007,2.48076,Plein jour,En agglomération,Autre intersection,Normale,Deux véhicules - arrière,,,,,,,,,,,1,2,9,1.0,2.0
201800039446,0018-12-18 12:30:00,18,12,18,12,30,930,5,SALVADOR ALLENDE (COURS),,,Plein jour,En agglomération,Intersection en T,Temps couvert,Deux véhicules - frontale,,,,,,,,,,,1,2,3,8.0,1.0
201800039447,0018-12-19 07:50:00,18,12,19,7,50,930,5,MITRY [CD115] (RUE DE),48.94804,2.51327,Crépuscule ou aube,En agglomération,Hors intersection,Temps couvert,Deux véhicules - côté,,,,,,,,,,,2,2,1,8.0,3.0
201800039448,0018-12-21 22:30:00,18,12,21,22,30,930,5,GENERAL GALLIENI (BOULEV,48.93138,2.49668,Nuit avec éclairage allumé,En agglomération,Intersection en T,Pluie légère,Deux véhicules - arrière,,,,,,,,,,,5,2,3,2.0,2.0
201800039449,0018-12-23 05:30:00,18,12,23,5,30,930,5,RAOUL DUFY (AVENUE),48.95539,2.50836,Nuit avec éclairage allumé,En agglomération,Hors intersection,Pluie légère,Deux véhicules - côté,,,,,,,,,,,5,2,1,2.0,3.0
201800039450,0018-12-24 08:00:00,18,12,24,8,0,930,5,PIERRE BROSSOLETTE (PONT,48.93276,2.48823,Crépuscule ou aube,En agglomération,Hors intersection,Pluie légère,Deux véhicules - frontale,,,,,,,,,,,2,2,1,2.0,1.0
201800039451,0018-12-27 22:27:00,18,12,27,22,27,930,5,JACQUES DUCLOS [CD44] (R,48.94888,2.48945,Nuit avec éclairage allumé,En agglomération,Hors intersection,Normale,Autre collision,,,,,,,,,,,5,2,1,1.0,6.0
201800039452,0018-01-08 14:30:00,18,1,8,14,30,930,7,"02, ALBERT EINSTEIN (AVE",,,Plein jour,En agglomération,Hors intersection,Normale,Deux véhicules - arrière,,,,,,,,,,,1,2,1,1.0,2.0
201800039453,0018-01-11 18:00:00,18,1,11,18,0,930,7,VICTOIRE (RUE DE LA),,,Nuit avec éclairage allumé,En agglomération,Hors intersection,Pluie légère,Autre collision,,,,,,,,,,,5,2,1,2.0,6.0
201800039454,0018-01-12 13:45:00,18,1,12,13,45,930,7,DIVISION LECLERC (ROND-P,48.94708,2.45907,Plein jour,En agglomération,Giratoire,Normale,Autre collision,,,,,,,,,,,1,2,6,1.0,6.0
201800039455,0018-01-12 22:50:00,18,1,12,22,50,930,7,CHARLES FLOQUET (AVENUE),48.94054,2.44929,Nuit avec éclairage allumé,En agglomération,Intersection en X,Temps couvert,Deux véhicules - côté,,,,,,,,,,,5,2,2,8.0,3.0
201800039456,0018-01-15 01:00:00,18,1,15,1,0,930,7,"107, ""PAUL VAILLANT COUT",48.92656,2.4711,Nuit avec éclairage allumé,En agglomération,Intersection en T,Normale,Autre collision,,,,,,,,,,,5,2,3,1.0,6.0
201800039457,0018-01-23 11:25:00,18,1,23,11,25,930,7,"204, CHARLES FLOQUET (AV",48.9401,2.44203,Plein jour,En agglomération,Giratoire,Normale,Deux véhicules - côté,,,,,,,,,,,1,2,6,1.0,3.0
201800039458,0018-01-24 06:50:00,18,1,24,6,50,930,7,"86, ""PAUL VAILLANT COUTU",,,Nuit avec éclairage allumé,En agglomération,Intersection en T,Pluie légère,Trois véhicules et plus - en chaîne,,,,,,,,,,,5,2,3,2.0,4.0
201800039459,0018-01-24 12:05:00,18,1,24,12,5,930,7,"59, PROFESSEUR LANGEVIN",48.9456,2.45902,Plein jour,En agglomération,Hors intersection,Normale,Trois véhicules et plus - en chaîne,,,,,,,,,,,1,2,1,1.0,4.0
201800039460,0018-01-30 19:50:00,18,1,30,19,50,930,7,"125, ""DESCARTES (AVENUE",48.95027,2.45464,Nuit avec éclairage allumé,En agglomération,Hors intersection,Pluie légère,Deux véhicules - côté,,,,,,,,,,,5,2,1,2.0,3.0