accident_id,datetime,annee,mois,jour,heure,minute,departement,commune_insee,adresse,latitude,longitude,luminosite,agglomeration,intersection,meteo,collision,nb_vehicules,nb_usagers,nb_indemnes,nb_tues,nb_blesses_hosp,nb_blesses_legers,age_cond_1,age_cond_2,veh_type_cond_1,veh_type_cond_2,lum_code,agg_code,int_code,atm_code,col_code
201800039582,0018-09-21 08:30:00,18,9,21,8,30,930,8,BERLIOZ (RUE HECTOR),48.90447,2.45341,Plein jour,En agglomération,Hors intersection,Pluie légère,Autre collision,,,,,,,,,,,1,2,1,2.0,6.0
201800039583,0018-09-21 09:30:00,18,9,21,9,30,930,8,PARIS (RUE DE),48.90144,2.45738,Plein jour,En agglomération,Giratoire,Temps couvert,Deux véhicules - côté,,,,,,,,,,,1,2,6,8.0,3.0
201800039584,0018-09-25 11:15:00,18,9,25,11,15,930,8,LENINE (BOULEVARD),48.90648,2.44105,Plein jour,En agglomération,Intersection en T,Normale,Deux véhicules - côté,,,,,,,,,,,1,2,3,1.0,3.0
201800039585,0018-09-28 07:50:00,18,9,28,7,50,930,8,VAILLANT (AVENUE EDOUARD,48.91171,2.46498,Plein jour,En agglomération,Intersection en X,Normale,Deux véhicules - côté,,,,,,,,,,,1,2,2,1.0,3.0
201800039586,0018-09-28 23:00:00,18,9,28,23,0,930,8,VAILLANT COUTURIER (AVEN,50.0,10.0,Nuit avec éclairage allumé,En agglomération,Intersection en Y,Normale,Deux véhicules - côté,,,,,,,,,,,5,2,4,1.0,3.0
201800039587,0018-10-05 12:00:00,18,10,5,12,0,930,8,BARBUSSE (AVENUE HENRI),48.90625,2.42296,Plein jour,En agglomération,Intersection en T,Normale,Deux véhicules - côté,,,,,,,,,,,1,2,3,1.0,3.0
201800039588,0018-06-25 01:11:00,18,6,25,1,11,930,8,ALLENDE (AVE DU P. SALVA,48.90547,2.44431,Nuit sans éclairage public,En agglomération,Intersection en T,Normale,Trois véhicules et plus - collisions multiples,,,,,,,,,,,3,2,3,1.0,5.0
201800039589,0018-10-12 10:50:00,18,10,12,10,50,930,8,PARIS (RUE DE),48.9,2.45,Plein jour,En agglomération,Hors intersection,Normale,Deux véhicules - arrière,,,,,,,,,,,1,2,1,1.0,2.0
201800039590,0018-10-26 10:15:00,18,10,26,10,15,930,8,ALLENDE (AVE DU P. SALVA,,,Plein jour,En agglomération,Hors intersection,Normale,Deux véhicules - arrière,,,,,,,,,,,1,2,1,1.0,2.0
201800039591,0018-11-10 08:15:00,18,11,10,8,15,930,8,PLACE ESCADRILLE N. NIEM,48.91,2.43,Plein jour,En agglomération,Giratoire,Pluie légère,Autre collision,,,,,,,,,,,1,2,6,2.0,6.0
201800039592,0018-11-13 16:00:00,18,11,13,16,0,930,8,REPUBLIQUE (RUE DE LA),48.906,2.438,Plein jour,En agglomération,Hors intersection,Normale,Autre collision,,,,,,,,,,,1,2,1,1.0,6.0
201800039593,0018-11-13 16:35:00,18,11,13,16,35,930,8,ARAGON (AVENUE LOUIS),48.914,2.44,Plein jour,En agglomération,Hors intersection,Normale,Deux véhicules - côté,,,,,,,,,,,1,2,1,1.0,3.0
201800039594,0018-11-20 23:45:00,18,11,20,23,45,930,8,STALINGRAD (RUE DE) A10,48.91,2.41,Nuit avec éclairage allumé,En agglomération,Autre intersection,Pluie légère,Deux véhicules - côté,,,,,,,,,,,5,2,9,2.0,3.0
201800039595,0018-11-28 08:20:00,18,11,28,8,20,930,8,VAILLANT (AVENUE EDOUARD,48.90723,2.46906,Crépuscule ou aube,En agglomération,Hors intersection,Pluie légère,Autre collision,,,,,,,,,,,2,2,1,2.0,6.0
201800039596,0018-12-03 06:25:00,18,12,3,6,25,930,10,BONDY (PONT),,,Nuit avec éclairage allumé,En agglomération,Hors intersection,Pluie légère,Autre collision,,,,,,,,,,,5,2,1,2.0,6.0
201800039597,0018-12-04 01:50:00,18,12,4,1,50,930,8,VAILLANT COUTURIER (AVEN,48.9,2.45,Nuit sans éclairage public,En agglomération,Hors intersection,Pluie légère,Autre collision,,,,,,,,,,,3,2,1,2.0,6.0
201800039598,0018-12-04 07:35:00,18,12,4,7,35,930,8,DIVISION LECLERC (AVENUE,48.9075,2.4249,Crépuscule ou aube,En agglomération,Hors intersection,Pluie forte,Autre collision,,,,,,,,,,,2,2,1,3.0,6.0
201800039599,0018-12-14 11:30:00,18,12,14,11,30,930,8,PICASSO (RUE PABLO),,,Plein jour,En agglomération,Autre intersection,Normale,Autre collision,,,,,,,,,,,1,2,9,1.0,6.0
201800039600,0018-12-15 12:30:00,18,12,15,12,30,930,8,ESTIENNE D'ORVES (RUE D',48.9,2.45,Plein jour,En agglomération,Hors intersection,Normale,Autre collision,,,,,,,,,,,1,2,1,1.0,6.0
201800039601,0018-12-21 01:50:00,18,12,21,1,50,930,8,STALINGRAD (RUE DE) A10,48.91563,2.42633,Nuit avec éclairage allumé,En agglomération,Intersection en T,Pluie légère,Deux véhicules - frontale,,,,,,,,,,,5,2,3,2.0,1.0
201800039602,0018-12-30 21:50:00,18,12,30,21,50,930,8,FAUVETTES (RUE DES),48.91003,2.46348,Nuit avec éclairage allumé,En agglomération,Intersection en T,Pluie légère,Deux véhicules - frontale,,,,,,,,,,,5,2,3,2.0,1.0
201800039603,0018-01-07 18:10:00,18,1,7,18,10,930,57,"4, QUATORZE JUILLET (AV.",48.91413,2.49161,Nuit avec éclairage allumé,En agglomération,Hors intersection,Normale,Autre collision,,,,,,,,,,,5,2,1,1.0,6.0
201800039604,0018-01-12 18:10:00,18,1,12,18,10,930,57,"138, BRIAND ( AV. ARISTI",,,Nuit avec éclairage allumé,En agglomération,Hors intersection,Normale,Autre collision,,,,,,,,,,,5,2,1,1.0,6.0
201800039605,0018-01-16 06:35:00,18,1,16,6,35,930,10,STAINS (RTE DE),48.90452,2.47052,Nuit sans éclairage public,En agglomération,Hors intersection,Pluie légère,Autre collision,,,,,,,,,,,3,2,1,2.0,6.0
201800039606,0018-01-17 16:10:00,18,1,17,16,10,930,10,DOLET (RUE ETIENNE),48.89064,2.47762,Plein jour,En agglomération,Hors intersection,Normale,Deux véhicules - côté,,,,,,,,,,,1,2,1,1.0,3.0
201800039607,0018-01-18 12:30:00,18,1,18,12,30,930,57,BRIAND ( AV. ARISTIDE) 1,48.90772,2.49287,Plein jour,En agglomération,Hors intersection,Pluie légère,Deux véhicules - côté,,,,,,,,,,,1,2,1,2.0,3.0
201800039608,0018-01-21 18:15:00,18,1,21,18,15,930,10,"26, POLISSARD (RUE AUGUS",48.90381,2.48036,Nuit avec éclairage allumé,En agglomération,Hors intersection,Pluie légère,Deux véhicules - côté,,,,,,,,,,,5,2,1,2.0,3.0
201800039609,0018-01-23 19:00:00,18,1,23,19,0,930,57,"122, JAURES (AV. JEAN) 1",,,Nuit avec éclairage allumé,En agglomération,Hors intersection,Pluie légère,Deux véhicules - côté,,,,,,,,,,,5,2,1,2.0,3.0
201800039610,0018-01-23 17:45:00,18,1,23,17,45,930,10,"106, REPUBLIQUE (AV. DE",48.89635,2.47798,Nuit avec éclairage allumé,En agglomération,Intersection en X,Pluie légère,Autre collision,,,,,,,,,,,5,2,2,2.0,6.0
201800039611,0018-01-26 08:35:00,18,1,26,8,35,930,57,ROBESPIERRE (AL.),48.90196,2.50115,Crépuscule ou aube,En agglomération,Intersection en X,Normale,Autre collision,,,,,,,,,,,2,2,2,1.0,6.0
201800039612,0018-01-26 20:30:00,18,1,26,20,30,930,10,GALLIENI (AV.) DE 188 A,,,Nuit avec éclairage allumé,En agglomération,Intersection en T,Normale,Deux véhicules - côté,,,,,,,,,,,5,2,3,1.0,3.0
201800039613,0018-01-27 22:29:00,18,1,27,22,29,930,10,"64, BLANQUI (AL. LOUIS-A",48.899,2.4836,Nuit avec éclairage allumé,En agglomération,Hors intersection,Normale,Deux véhicules - côté,,,,,,,,,,,5,2,1,1.0,3.0
201800039614,0018-01-30 13:50:00,18,1,30,13,50,930,10,"111, GALLIENI (AV.) DE 1",48.90605,2.48052,Plein jour,En agglomération,Hors intersection,Pluie légère,Deux véhicules - côté,,,,,,,,,,,1,2,1,2.0,3.0
201800039615,0018-02-06 11:20:00,18,2,6,11,20,930,10,"155, CARNOT (AV.) DE 130",48.89495,2.47907,Plein jour,En agglomération,Hors intersection,Neige / grêle,Autre collision,,,,,,,,,,,1,2,1,4.0,6.0
201800039616,0018-02-21 11:30:00,18,2,21,11,30,930,57,CASANOVA (AL. DANIELLE),48.90747,2.49555,Plein jour,En agglomération,Intersection en T,Normale,Deux véhicules - frontale,,,,,,,,,,,1,2,3,1.0,1.0
201800039617,0018-02-22 16:15:00,18,2,22,16,15,930,10,BREUIL (RUE DU) DE 1 A 4,48.90362,2.47618,Plein jour,En agglomération,Intersection en T,Normale,Autre collision,,,,,,,,,,,1,2,3,1.0,6.0
201800039618,0018-03-02 19:20:00,18,3,2,19,20,930,10,"14, LEBAS (AV. JEAN)",48.91359,2.48044,Nuit avec éclairage allumé,En agglomération,Hors intersection,Normale,Autre collision,,,,,,,,,,,5,2,1,1.0,6.0
201800039619,0018-03-11 19:10:00,18,3,11,19,10,930,57,HUGO (AV. VICTOR),48.91039,2.51238,Crépuscule ou aube,En agglomération,Hors intersection,Normale,Autre collision,,,,,,,,,,,2,2,1,1.0,6.0
201800039620,0018-04-05 08:45:00,18,4,5,8,45,930,57,"73, BRIAND ( AV. ARISTID",48.90901,2.5009,Plein jour,En agglomération,Hors intersection,Normale,Autre collision,,,,,,,,,,,1,2,1,1.0,6.0
201800039621,0018-04-03 18:15:00,18,4,3,18,15,930,10,STAINS (RTE DE),,,Plein jour,En agglomération,Hors intersection,Normale,Deux véhicules - arrière,,,,,,,,,,,1,2,1,1.0,2.0
201800039622,0018-04-09 13:15:00,18,4,9,13,15,930,10,GALLIENI (AV.) DE 1 A 10,48.90521,2.4767,Plein jour,En agglomération,Intersection en T,Pluie légère,Deux véhicules - côté,,,,,,,,,,,1,2,3,2.0,3.0
201800039623,0018-04-10 13:30:00,18,4,10,13,30,930,8,"16, GARE ROUTIERE",48.90669,2.4497,Plein jour,En agglomération,Hors intersection,Normale,Autre collision,,,,,,,,,,,1,2,1,1.0,6.0
201800039624,0018-04-11 09:50:00,18,4,11,9,50,930,57,"1, LAFARGUE (AL. PAUL)",48.91103,2.5177,Plein jour,En agglomération,Hors intersection,Temps éblouissant,Autre collision,,,,,,,,,,,1,2,1,7.0,6.0
201800039625,0018-04-13 02:55:00,18,4,13,2,55,930,53,PARIS (RUE DE),48.90185,2.46024,Nuit avec éclairage allumé,En agglomération,Hors intersection,Normale,Deux véhicules - côté,,,,,,,,,,,5,2,1,1.0,3.0
201800039626,0018-04-22 18:10:00,18,4,22,18,10,930,57,BRIAND ( AV. ARISTIDE) 3,,,Plein jour,En agglomération,Hors intersection,Normale,Deux véhicules - arrière,,,,,,,,,,,1,2,1,1.0,2.0
201800039627,0018-04-25 20:50:00,18,4,25,20,50,930,10,BENHAMOU (R. MAURICE),48.91226,2.48523,Crépuscule ou aube,En agglomération,Hors intersection,Normale,Deux véhicules - côté,,,,,,,,,,,2,2,1,1.0,3.0
201800039628,0018-05-03 16:40:00,18,5,3,16,40,930,10,JOUHAUX (AV. LEON),48.91805,2.48477,Plein jour,En agglomération,Hors intersection,Normale,Deux véhicules - arrière,,,,,,,,,,,1,2,1,1.0,2.0
201800039629,0018-05-03 18:40:00,18,5,3,18,40,930,57,"119, ROME (AV.)",48.91571,2.4995,Plein jour,En agglomération,Hors intersection,Normale,Deux véhicules - côté,,,,,,,,,,,1,2,1,1.0,3.0
201800039630,0018-05-04 14:45:00,18,5,4,14,45,930,10,"24, BLUM (AV. LEON)",48.91709,2.47952,Plein jour,En agglomération,Hors intersection,Normale,Deux véhicules - arrière,,,,,,,,,,,1,2,1,1.0,2.0
201800039631,0018-05-05 15:30:00,18,5,5,15,30,930,55,", DIVISION LECLERC (AVE",48.91356,2.4077,Plein jour,En agglomération,Hors intersection,Normale,Deux véhicules - côté,,,,,,,,,,,1,2,1,1.0,3.0
201800039632,0018-05-10 11:37:00,18,5,10,11,37,930,10,VERGER (RUE DU),48.91903,2.47643,Plein jour,En agglomération,Hors intersection,Normale,Autre collision,,,,,,,,,,,1,2,1,1.0,6.0
201800039633,0018-05-11 08:20:00,18,5,11,8,20,930,57,", HUGO (AV. VICTOR)",48.90872,2.51695,Plein jour,En agglomération,Intersection en T,Normale,Deux véhicules - côté,,,,,,,,,,,1,2,3,1.0,3.0
201800039634,0018-05-14 21:30:00,18,5,14,21,30,930,10,"105, GALLIENI (AV.) DE 1",,,Nuit avec éclairage allumé,En agglomération,Intersection en T,Pluie légère,Deux véhicules - côté,,,,,,,,,,,5,2,3,2.0,3.0
201800039635,0018-05-18 17:50:00,18,5,18,17,50,930,10,"113, GALLIENI (AV.) DE 1",48.90614,2.48095,Plein jour,En agglomération,Hors intersection,Normale,Autre collision,,,,,,,,,,,1,2,1,1.0,6.0
201800039636,0018-05-28 14:15:00,18,5,28,14,15,930,10,AULNAY (ROUTE) DE 1 A 45,48.90846,2.48009,Plein jour,En agglomération,Intersection en T,Normale,Deux véhicules - côté,,,,,,,,,,,1,2,3,1.0,3.0
201800039637,0018-05-28 09:45:00,18,5,28,9,45,930,57,"131, WILSON (AV. DU PRES",48.90973,2.51503,Plein jour,En agglomération,Hors intersection,Normale,Autre collision,,,,,,,,,,,1,2,1,1.0,6.0
201800039638,0018-06-08 15:53:00,18,6,8,15,53,930,10,"12, VERDUN (AV. DE) 12 A",,,Plein jour,En agglomération,Hors intersection,Normale,Autre collision,,,,,,,,,,,1,2,1,1.0,6.0
201800039639,0018-06-17 19:44:00,18,6,17,19,44,930,10,SAINT-LOUIS PROLONGE (RU,,,Plein jour,En agglomération,Intersection en T,Normale,Deux véhicules - frontale,,,,,,,,,,,1,2,3,1.0,1.0
201800039640,0018-06-20 12:15:00,18,6,20,12,15,930,10,"87, GUESDES (RUE JULES)",48.9,2.48,Plein jour,En agglomération,Hors intersection,Normale,Deux véhicules - arrière,,,,,,,,,,,1,2,1,1.0,2.0
201800039641,0018-06-20 19:45:00,18,6,20,19,45,930,57,CASANOVA ( AL. DANIELLE),,,Plein jour,En agglomération,Intersection en T,Normale,Deux véhicules - côté,,,,,,,,,,,1,2,3,1.0,3.0
201800039642,0018-07-04 18:20:00,18,7,4,18,20,930,10,VARAGNAT (AVENUE HENRI),48.91378,2.48267,Plein jour,En agglomération,Hors intersection,Normale,Autre collision,,,,,,,,,,,1,2,1,1.0,6.0
201800039643,0018-07-23 06:45:00,18,7,23,6,45,930,10,GALLIENI (AV.) DE 1 A 10,48.90713,2.48887,Plein jour,En agglomération,Intersection en X,Normale,Deux véhicules - côté,,,,,,,,,,,1,2,2,1.0,3.0
201800039644,0018-08-03 14:00:00,18,8,3,14,0,930,57,BRIAND ( AV.  ARISTIDE),48.91058,2.51281,Plein jour,En agglomération,Intersection à plus de 4 branches,Normale,Autre collision,,,,,,,,,,,1,2,5,1.0,6.0
201800039645,0018-08-04 10:21:00,18,8,4,10,21,930,57,BRIAND ( AV. ARISTIDE) 3,,,Plein jour,En agglomération,Autre intersection,Normale,Trois véhicules et plus - en chaîne,,,,,,,,,,,1,2,9,1.0,4.0
201800039646,0018-08-05 19:50:00,18,8,5,19,50,930,10,JOUHAUX (AV. LEON),,,Plein jour,En agglomération,Place,Normale,Autre collision,,,,,,,,,,,1,2,7,1.0,6.0
201800039647,0018-08-06 16:30:00,18,8,6,16,30,930,10,GALLIENI (AV.) DE 1 A 10,,,Plein jour,Hors agglomération,Intersection en Y,Normale,Deux véhicules - côté,,,,,,,,,,,1,1,4,1.0,3.0
201800039648,0018-08-07 22:30:00,18,8,7,22,30,930,10,SAINT-LOUIS PROLONGE (RU,48.89062,2.49448,Nuit avec éclairage allumé,En agglomération,Intersection en T,Normale,Deux véhicules - côté,,,,,,,,,,,5,2,3,1.0,3.0
201800039649,0018-08-09 21:20:00,18,8,9,21,20,930,10,SAKHAROV (RUE ANDREI),48.91681,2.48759,Nuit avec éclairage allumé,En agglomération,Hors intersection,Normale,Sans collision,,,,,,,,,,,5,2,1,1.0,7.0
201800039650,0018-08-10 08:00:00,18,8,10,8,0,930,57,BRIAND ( AV. ARISTIDE) 3,,,Plein jour,En agglomération,Hors intersection,Normale,Autre collision,,,,,,,,,,,1,2,1,1.0,6.0
201800039651,0018-08-15 15:55:00,18,8,15,15,55,930,10,GALLIENI (AV.) DE 1 A 10,48.89699,2.46198,Plein jour,En agglomération,Hors intersection,Normale,Deux véhicules - côté,,,,,,,,,,,1,2,1,1.0,3.0
201800039652,0018-08-15 23:40:00,18,8,15,23,40,930,57,BRIAND ( AV.  ARISTIDE),,,Nuit avec éclairage allumé,En agglomération,Intersection en X,Normale,Autre collision,,,,,,,,,,,5,2,2,1.0,6.0
201800039653,0018-08-27 19:35:00,18,8,27,19,35,930,10,POTAGER (RUE DU),48.90252,2.47201,Plein jour,En agglomération,Hors intersection,Normale,Autre collision,,,,,,,,,,,1,2,1,1.0,6.0
201800039654,0018-09-02 16:00:00,18,9,2,16,0,930,57,BRIAND ( AV. ARISTIDE) 3,48.90896,2.50058,Plein jour,En agglomération,Hors intersection,Normale,Deux véhicules - arrière,,,,,,,,,,,1,2,1,1.0,2.0
201800039655,0018-09-05 09:50:00,18,9,5,9,50,930,10,VAILLANT (RUE EDOUARD) 9,48.89452,2.49268,Plein jour,En agglomération,Intersection en T,Temps couvert,Autre collision,,,,,,,,,,,1,2,3,8.0,6.0
201800039656,0018-09-13 10:40:00,18,9,13,10,40,930,10,PASTEUR (AV),48.907,2.48882,Plein jour,En agglomération,Intersection en Y,Pluie légère,Autre collision,,,,,,,,,,,1,2,4,2.0,6.0
201800039657,0018-09-14 01:35:00,18,9,14,1,35,930,57,BRIAND ( AV. ARISTIDE) 1,48.90916,2.50345,Nuit avec éclairage allumé,En agglomération,Intersection en X,Normale,Autre collision,,,,,,,,,,,5,2,2,1.0,6.0
201800039658,0018-09-16 15:00:00,18,9,16,15,0,930,57,FABIEN (AL. DU COLONEL),48.91246,2.50573,Plein jour,En agglomération,Intersection en X,Normale,Deux véhicules - côté,,,,,,,,,,,1,2,2,1.0,3.0
201800039659,0018-09-17 07:30:00,18,9,17,7,30,930,10,ROSNY (AV. DE),48.90037,2.471,Plein jour,En agglomération,Intersection en T,Normale,Deux véhicules - côté,,,,,,,,,,,1,2,3,1.0,3.0
201800039660,0018-09-19 21:45:00,18,9,19,21,45,930,10,VAILLANT (RUE EDOUARD) 2,48.89636,2.47919,Nuit avec éclairage allumé,En agglomération,Intersection en T,Normale,Deux véhicules - côté,,,,,,,,,,,5,2,3,1.0,3.0
201800039661,0018-09-20 12:49:00,18,9,20,12,49,930,10,CARNOT (AV.) DE 56 A 129,48.89898,2.48113,Plein jour,En agglomération,Hors intersection,Normale,Deux véhicules - arrière,,,,,,,,,,,1,2,1,1.0,2.0
201800039662,0018-09-24 18:20:00,18,9,24,18,20,930,10,PASTEUR (AV.),48.90486,2.48588,Plein jour,En agglomération,Intersection en T,Normale,Autre collision,,,,,,,,,,,1,2,3,1.0,6.0
201800039663,0018-10-01 16:05:00,18,10,1,16,5,930,10,GUESDES (RUE JULES),48.9,2.48,Plein jour,En agglomération,Intersection en T,Normale,Deux véhicules - frontale,,,,,,,,,,,1,2,3,1.0,1.0
201800039664,0018-10-05 07:10:00,18,10,5,7,10,930,10,GALLIENI (AV.) DE 1 A 10,48.90573,2.48035,Nuit avec éclairage allumé,En agglomération,Intersection en X,Normale,Autre collision,,,,,,,,,,,5,2,2,1.0,6.0
201800039665,0018-10-10 16:55:00,18,10,10,16,55,930,10,SALENGRO (RUE ROGER) 96,,,Plein jour,En agglomération,Autre intersection,Normale,Autre collision,,,,,,,,,,,1,2,9,1.0,6.0
201800039666,0018-10-13 09:30:00,18,10,13,9,30,930,57,BRIAND (AV. ARISTIDE) 2,48.90863,2.49999,Plein jour,En agglomération,Hors intersection,Normale,Autre collision,,,,,,,,,,,1,2,1,1.0,6.0
201800039667,0018-10-17 09:50:00,18,10,17,9,50,930,57,JAURES (AV. JEAN) 76 A 1,48.90592,2.5,Plein jour,En agglomération,Hors intersection,Temps éblouissant,Autre collision,,,,,,,,,,,1,2,1,7.0,6.0
201800039668,0018-10-19 17:45:00,18,10,19,17,45,930,10,GUEUGNON (AV.),48.90918,2.48254,Plein jour,En agglomération,Hors intersection,Normale,Deux véhicules - côté,,,,,,,,,,,1,2,1,1.0,3.0
201800039669,0018-10-20 18:15:00,18,10,20,18,15,930,10,BARBUSSE (AV. HENRI) DE,48.90004,2.49235,Plein jour,En agglomération,Hors intersection,Normale,Autre collision,,,,,,,,,,,1,2,1,1.0,6.0
201800039670,0018-11-03 19:25:00,18,11,3,19,25,930,57,BRIAND ( AV. ARISTIDE) 1,48.90981,2.50718,Nuit avec éclairage allumé,En agglomération,Hors intersection,Normale,Deux véhicules - côté,,,,,,,,,,,5,2,1,1.0,3.0
201800039671,0018-11-10 05:25:00,18,11,10,5,25,930,57,BRIAND ( AV. ARISTIDE) 3,48.90921,2.50336,Nuit avec éclairage allumé,En agglomération,Autre intersection,Pluie légère,Deux véhicules - côté,,,,,,,,,,,5,2,9,2.0,3.0
201800039672,0018-11-18 16:50:00,18,11,18,16,50,930,10,PONT (CHEM. DU),48.908,2.489,Plein jour,En agglomération,Autre intersection,Normale,Deux véhicules - frontale,,,,,,,,,,,1,2,9,1.0,1.0
201800039673,0018-11-20 09:45:00,18,11,20,9,45,930,57,BRIAND (AV. ARISTIDE) 2,48.90929,2.50337,Plein jour,Hors agglomération,Hors intersection,Pluie légère,Deux véhicules - côté,,,,,,,,,,,1,1,1,2.0,3.0
201800039674,0018-11-21 05:00:00,18,11,21,5,0,930,10,GALLIENI (AV.) CONFORAMA,48.90566,2.47501,Nuit avec éclairage allumé,En agglomération,Autre intersection,Normale,Deux véhicules - côté,,,,,,,,,,,5,2,9,1.0,3.0
201800039675,0018-11-21 09:30:00,18,11,21,9,30,930,10,VAILLANT (RUE EDOUARD) 2,48.89609,2.48088,Plein jour,En agglomération,Hors intersection,Normale,Autre collision,,,,,,,,,,,1,2,1,1.0,6.0
201800039676,0018-11-23 06:10:00,18,11,23,6,10,930,10,STAINS (RTE DE),48.904,2.4706,Nuit sans éclairage public,En agglomération,Hors intersection,Normale,Autre collision,,,,,,,,,,,3,2,1,1.0,6.0
201800039677,0018-11-30 17:35:00,18,11,30,17,35,930,10,BLUM (AV. LEON),,,Nuit avec éclairage allumé,En agglomération,Hors intersection,Normale,Autre collision,,,,,,,,,,,5,2,1,1.0,6.0
201800039678,0018-12-01 14:39:00,18,12,1,14,39,930,57,BROSSOLETTE (AL. PIERRE),48.90419,2.50464,Plein jour,En agglomération,Intersection en T,Pluie légère,Autre collision,,,,,,,,,,,1,2,3,2.0,6.0
201800039679,0018-12-02 21:45:00,18,12,2,21,45,930,10,QUATORZE-JUILLET (AV. DU,48.91595,2.4922,Nuit avec éclairage allumé,En agglomération,Intersection en X,Pluie légère,Deux véhicules - côté,,,,,,,,,,,5,2,2,2.0,3.0
201800039680,0018-12-08 06:20:00,18,12,8,6,20,930,10,GALLIENI (AV.) DE 1 A 10,48.9047,2.47351,Nuit sans éclairage public,En agglomération,Passage à niveau,Pluie légère,Autre collision,,,,,,,,,,,3,2,8,2.0,6.0
201800039681,0018-12-08 08:10:00,18,12,8,8,10,930,10,GALLIENI (AV.) DE 1 A 10,48.90602,2.48096,Crépuscule ou aube,En agglomération,Autre intersection,Normale,Autre collision,,,,,,,,,,,2,2,9,1.0,6.0
201800039682,0018-12-12 12:30:00,18,12,12,12,30,930,10,ONZE-NOVEMBRE-1918 (PL.,48.90241,2.48245,Plein jour,En agglomération,Hors intersection,Normale,Autre collision,,,,,,,,,,,1,2,1,1.0,6.0
201800039683,0018-12-17 10:50:00,18,12,17,10,50,930,10,VAILLANT (RUE EDOUARD) 9,48.89628,2.4792,Plein jour,En agglomération,Intersection en T,Normale,Deux véhicules - côté,,,,,,,,,,,1,2,3,1.0,3.0
201800039684,0018-12-18 04:00:00,18,12,18,4,0,930,10,PASTEUR (AV.),48.90552,2.48664,Nuit avec éclairage allumé,En agglomération,Hors intersection,Normale,Autre collision,,,,,,,,,,,5,2,1,1.0,6.0
201800039685,0018-12-18 06:15:00,18,12,18,6,15,930,10,GALLIENI (AV.) DE 177 A,48.9073,2.48892,Nuit avec éclairage allumé,En agglomération,Intersection en X,Normale,Deux véhicules - côté,,,,,,,,,,,5,2,2,1.0,3.0
201800039686,0018-12-18 14:35:00,18,12,18,14,35,930,57,BRIAND ( AV.  ARISTIDE),48.91023,2.51011,Plein jour,En agglomération,Hors intersection,Normale,Deux véhicules - côté,,,,,,,,,,,1,2,1,1.0,3.0
201800039687,0018-12-20 15:00:00,18,12,20,15,0,930,57,JAURES (AV. JEAN) 118 A,,,Plein jour,En agglomération,Place,Normale,Deux véhicules - côté,,,,,,,,,,,1,2,7,1.0,3.0
201800039688,0018-12-27 09:10:00,18,12,27,9,10,930,10,GALLIENI (AV.) DE 132 A,48.90611,2.48355,Plein jour,En agglomération,Autre intersection,Normale,Deux véhicules - côté,,,,,,,,,,,1,2,9,1.0,3.0
201800039689,0018-12-28 18:20:00,18,12,28,18,20,930,10,POLISSARD (RUE AUGUSTE),48.90559,2.48035,Crépuscule ou aube,En agglomération,Autre intersection,Normale,Autre collision,,,,,,,,,,,2,2,9,1.0,6.0
201800039690,0018-01-04 19:50:00,18,1,4,19,50,930,47,"133, MUGUETS  (AVENUE DE",,,Nuit avec éclairage allumé,En agglomération,Intersection en X,Vent fort / tempête,Deux véhicules - frontale,,,,,,,,,,,5,2,2,6.0,1.0
201800039691,0018-01-09 18:10:00,18,1,9,18,10,930,47,"48, DANIEL PERDRIGE  (AV",48.89876,2.55949,Nuit avec éclairage allumé,En agglomération,Hors intersection,Pluie légère,Autre collision,,,,,,,,,,,5,2,1,2.0,6.0
201800039692,0018-01-25 09:30:00,18,1,25,9,30,930,14,GAGARINE (BOULEVARD),,,Plein jour,En agglomération,Hors intersection,Pluie légère,Autre collision,,,,,,,,,,,1,2,1,2.0,6.0
201800039693,0018-01-26 18:45:00,18,1,26,18,45,930,47,"2, TUILERIE  (RUE DE LA)",48.90153,2.56984,Nuit avec éclairage allumé,En agglomération,Giratoire,Normale,Autre collision,,,,,,,,,,,5,2,6,1.0,6.0
201800039694,0018-02-01 17:55:00,18,2,1,17,55,930,14,EMILE ZOLA (BOULEVARD),48.90587,2.55193,Crépuscule ou aube,En agglomération,Hors intersection,Temps couvert,Autre collision,,,,,,,,,,,2,2,1,8.0,6.0
201800039695,0018-02-15 18:20:00,18,2,15,18,20,930,47,JEAN JAURES (AVENUE),48.89829,2.55487,Nuit avec éclairage non allumé,En agglomération,Intersection en T,Pluie légère,Deux véhicules - côté,,,,,,,,,,,4,2,3,2.0,3.0
201800039696,0018-02-16 10:20:00,18,2,16,10,20,930,47,GENERAL LECLERC  (RUE DU,,,Plein jour,En agglomération,Hors intersection,Normale,Autre collision,,,,,,,,,,,1,2,1,1.0,6.0
201800039697,0018-02-17 18:00:00,18,2,17,18,0,930,64,"6, PERI (BOULEVARD GABRI",48.87757,2.483,Plein jour,En agglomération,Hors intersection,Normale,Autre collision,,,,,,,,,,,1,2,1,1.0,6.0
201800039698,0018-02-20 14:25:00,18,2,20,14,25,930,14,"3, VICTOR HUGO (ALLEE)",48.90648,2.5439,Plein jour,En agglomération,Hors intersection,Normale,Autre collision,,,,,,,,,,,1,2,1,1.0,6.0
201800039699,0018-02-23 12:30:00,18,2,23,12,30,930,14,"7, TOURELLE (CHEMIN DE L",48.90921,2.55369,Plein jour,En agglomération,Intersection en Y,Normale,Deux véhicules - arrière,,,,,,,,,,,1,2,4,1.0,2.0
201800039700,0018-02-24 22:10:00,18,2,24,22,10,930,14,"10, EMILE ZOLA (BOULEVAR",48.5423,2.3312,Nuit avec éclairage allumé,En agglomération,Hors intersection,Normale,Deux véhicules - côté,,,,,,,,,,,5,2,1,1.0,3.0
201800039701,0018-03-06 09:00:00,18,3,6,9,0,930,47,"145, CHARMILLES (AVENUE",48.8892,2.54827,Plein jour,En agglomération,Intersection en X,Normale,Deux véhicules - côté,,,,,,,,,,,1,2,2,1.0,3.0