accident_id,datetime,annee,mois,jour,heure,minute,departement,commune_insee,adresse,latitude,longitude,luminosite,agglomeration,intersection,meteo,collision,nb_vehicules,nb_usagers,nb_indemnes,nb_tues,nb_blesses_hosp,nb_blesses_legers,age_cond_1,age_cond_2,veh_type_cond_1,veh_type_cond_2,lum_code,agg_code,int_code,atm_code,col_code
201800039702,0018-03-11 02:10:00,18,3,11,2,10,930,14,FREDERIC LADRETTE (ALLEE,48.90733,2.54336,Nuit avec éclairage allumé,En agglomération,Intersection en T,Pluie forte,Deux véhicules - frontale,,,,,,,,,,,5,2,3,3.0,1.0
201800039703,0018-03-12 20:30:00,18,3,12,20,30,930,47,GABRIEL PERI  (AVENUE),48.89219,2.55234,Nuit avec éclairage allumé,En agglomération,Intersection en X,Normale,Deux véhicules - côté,,,,,,,,,,,5,2,2,1.0,3.0
201800039704,0018-03-16 19:16:00,18,3,16,19,16,930,47,"36, CHEVREUL (AVENUE)",48.90614,2.58126,Nuit avec éclairage allumé,En agglomération,Hors intersection,Temps couvert,Deux véhicules - frontale,,,,,,,,,,,5,2,1,8.0,1.0
201800039705,0018-03-21 13:05:00,18,3,21,13,5,930,14,"10, ETIENNE LAURENT (ALL",48.90469,2.55095,Plein jour,En agglomération,Hors intersection,Normale,Autre collision,,,,,,,,,,,1,2,1,1.0,6.0
201800039706,0018-04-02 11:10:00,18,4,2,11,10,930,47,JEAN JAURES (AVENUE),48.89921,2.54788,Plein jour,En agglomération,Hors intersection,Normale,Autre collision,,,,,,,,,,,1,2,1,1.0,6.0
201800039707,0018-04-06 20:00:00,18,4,6,20,0,930,47,EMILE COSSONEAU (AVENUE),48.89437,2.54966,Plein jour,En agglomération,Intersection en X,Normale,Deux véhicules - côté,,,,,,,,,,,1,2,2,1.0,3.0
201800039708,0018-04-06 21:50:00,18,4,6,21,50,930,47,"183, JEAN JAURES (AVENUE",48.90229,2.57055,Nuit avec éclairage non allumé,En agglomération,Hors intersection,Normale,Deux véhicules - arrière,,,,,,,,,,,4,2,1,1.0,2.0
201800039709,0018-04-09 19:20:00,18,4,9,19,20,930,14,SEVIGNE (AVENUE DE),,,Plein jour,En agglomération,Intersection en X,Pluie légère,Deux véhicules - côté,,,,,,,,,,,1,2,2,2.0,3.0
201800039710,0018-04-11 18:40:00,18,4,11,18,40,930,14,GAGARINE (BOULEVARD),,,Plein jour,En agglomération,Hors intersection,Normale,Autre collision,,,,,,,,,,,1,2,1,1.0,6.0
201800039711,0018-04-17 19:45:00,18,4,17,19,45,930,47,GENERAL LECLERC  (RUE DU,48.89877,2.57396,Plein jour,En agglomération,Intersection en T,Normale,Deux véhicules - côté,,,,,,,,,,,1,2,3,1.0,3.0
201800039712,0018-04-27 22:30:00,18,4,27,22,30,930,14,"7, TEMPLE (BOULEVARD DU)",,,Nuit avec éclairage allumé,En agglomération,Intersection en T,Normale,Deux véhicules - arrière,,,,,,,,,,,5,2,3,1.0,2.0
201800039713,0018-05-09 13:00:00,18,5,9,13,0,930,14,GAGNY (ALLEE DE),48.90293,2.54761,Plein jour,En agglomération,Hors intersection,Normale,Autre collision,,,,,,,,,,,1,2,1,1.0,6.0
201800039714,0018-05-11 16:00:00,18,5,11,16,0,930,14,"6, LOUIS BLERIOT (ALLEE)",48.90734,2.54256,Plein jour,En agglomération,Hors intersection,Normale,Autre collision,,,,,,,,,,,1,2,1,1.0,6.0
201800039715,0018-05-13 23:15:00,18,5,13,23,15,930,47,BARGUE  (BOULEVARD),48.90307,2.56223,Nuit avec éclairage allumé,En agglomération,Intersection en T,Pluie légère,Deux véhicules - côté,,,,,,,,,,,5,2,3,2.0,3.0
201800039716,0018-05-15 21:15:00,18,5,15,21,15,930,47,JEAN JAURES (AVENUE),48.89878,2.54764,Crépuscule ou aube,En agglomération,Hors intersection,Normale,Autre collision,,,,,,,,,,,2,2,1,1.0,6.0
201800039717,0018-05-20 08:10:00,18,5,20,8,10,930,47,COQUELICOTS (AVENUE DES),48.89,2.5543,Plein jour,En agglomération,Intersection en X,Normale,Autre collision,,,,,,,,,,,1,2,2,1.0,6.0
201800039718,0018-05-23 16:55:00,18,5,23,16,55,930,47,"JEAN JAURES (AVENUE,IMPA",48.89914,2.54715,Plein jour,En agglomération,Hors intersection,Normale,Deux véhicules - côté,,,,,,,,,,,1,2,1,1.0,3.0
201800039719,0018-06-03 17:00:00,18,6,3,17,0,930,14,SEVIGNE (AVENUE DE),48.91149,2.54947,Plein jour,En agglomération,Hors intersection,Normale,Autre collision,,,,,,,,,,,1,2,1,1.0,6.0
201800039720,0018-06-05 21:30:00,18,6,5,21,30,930,14,"05, FREDERIC LADRETTE (A",48.90841,2.54339,Plein jour,En agglomération,Hors intersection,Normale,Autre collision,,,,,,,,,,,1,2,1,1.0,6.0
201800039721,0018-06-07 18:00:00,18,6,7,18,0,930,14,JEAN MOULIN (AVENUE),48.90607,2.558,Plein jour,En agglomération,Hors intersection,Normale,Deux véhicules - arrière,,,,,,,,,,,1,2,1,1.0,2.0
201800039722,0018-06-08 08:45:00,18,6,8,8,45,930,14,CHENE POINTU (ALLEE DU),,,Plein jour,En agglomération,Hors intersection,Normale,Deux véhicules - arrière,,,,,,,,,,,1,2,1,1.0,2.0
201800039723,0018-06-11 17:42:00,18,6,11,17,42,930,14,COUBRON (ALLEE DE),,,Plein jour,En agglomération,Hors intersection,Pluie forte,Deux véhicules - arrière,,,,,,,,,,,1,2,1,3.0,2.0
201800039724,0018-06-15 15:03:00,18,6,15,15,3,930,14,VIEILLE MONTAGNE (CHEMIN,,,Plein jour,En agglomération,Intersection en Y,Normale,Autre collision,,,,,,,,,,,1,2,4,1.0,6.0
201800039725,0018-06-20 09:30:00,18,6,20,9,30,930,47,MUGUETS  (AVENUE DES),48.89431,2.54962,Plein jour,En agglomération,Intersection en X,Normale,Deux véhicules - côté,,,,,,,,,,,1,2,2,1.0,3.0
201800039726,0018-06-23 17:05:00,18,6,23,17,5,930,14,FOSSE MAUSSOIN (ALLEE DE,,,Plein jour,En agglomération,Hors intersection,Normale,Trois véhicules et plus - en chaîne,,,,,,,,,,,1,2,1,1.0,4.0
201800039727,0018-06-28 12:20:00,18,6,28,12,20,930,14,BEL AIR (RUE DU),,,Plein jour,En agglomération,Intersection en X,Normale,Deux véhicules - côté,,,,,,,,,,,1,2,2,1.0,3.0
201800039728,0018-06-30 13:30:00,18,6,30,13,30,930,47,VICTOR HUGO  (AVENUE),,,Plein jour,En agglomération,Hors intersection,Normale,Deux véhicules - côté,,,,,,,,,,,1,2,1,1.0,3.0
201800039729,0018-07-01 19:20:00,18,7,1,19,20,930,47,EUROPE (BOULEVARD DE L'),48.89648,2.56511,Plein jour,En agglomération,Intersection en T,Normale,Deux véhicules - côté,,,,,,,,,,,1,2,3,1.0,3.0
201800039730,0018-07-05 23:00:00,18,7,5,23,0,930,14,GAGNY (ALLEE DE),48.89889,2.54663,Nuit avec éclairage allumé,En agglomération,Intersection en X,Normale,Deux véhicules - côté,,,,,,,,,,,5,2,2,1.0,3.0
201800039731,0018-07-06 19:06:00,18,7,6,19,6,930,14,"03, MARCEL PAUL (ALLEE)",48.91148,2.54932,Plein jour,En agglomération,Intersection en X,Normale,Sans collision,,,,,,,,,,,1,2,2,1.0,7.0
201800039732,0018-07-07 18:20:00,18,7,7,18,20,930,14,CHENE POINTU (ALLEE DU),,,Plein jour,En agglomération,Intersection en X,Normale,Autre collision,,,,,,,,,,,1,2,2,1.0,6.0
201800039733,0018-07-08 22:10:00,18,7,8,22,10,930,47,CLICHY (AVENUE DE),48.9047,2.55988,Nuit avec éclairage allumé,En agglomération,Hors intersection,Normale,Autre collision,,,,,,,,,,,5,2,1,1.0,6.0
201800039734,0018-07-15 20:45:00,18,7,15,20,45,930,47,CLICHY (AVENUE DE),48.905,2.5588,Plein jour,En agglomération,Autre intersection,Normale,Deux véhicules - côté,,,,,,,,,,,1,2,9,1.0,3.0
201800039735,0018-07-16 08:20:00,18,7,16,8,20,930,47,JEAN JAURES (AVENUE),48.89895,2.5464,Plein jour,En agglomération,Intersection en X,Normale,Deux véhicules - côté,,,,,,,,,,,1,2,2,1.0,3.0
201800039736,0018-07-24 14:15:00,18,7,24,14,15,930,14,GAGNY (ALLEE DE),48.90473,2.54884,Plein jour,En agglomération,Intersection en X,Normale,Deux véhicules - côté,,,,,,,,,,,1,2,2,1.0,3.0
201800039737,0018-08-12 18:00:00,18,8,12,18,0,930,14,GAGNY (ALLEE DE),48.90129,2.54683,Plein jour,En agglomération,Intersection en X,Normale,Deux véhicules - arrière,,,,,,,,,,,1,2,2,1.0,2.0
201800039738,0018-08-16 00:01:00,18,8,16,0,1,930,14,STRATEGIQUE (ROUTE),,,Nuit avec éclairage allumé,En agglomération,Hors intersection,Normale,Autre collision,,,,,,,,,,,5,2,1,1.0,6.0
201800039739,0018-09-03 12:50:00,18,9,3,12,50,930,47,MESANGES  (AVENUE DES),48.89508,2.56328,Plein jour,En agglomération,Intersection en T,Normale,Autre collision,,,,,,,,,,,1,2,3,1.0,6.0
201800039740,0018-09-05 18:30:00,18,9,5,18,30,930,14,EMILE ZOLA (BOULEVARD),,,Plein jour,En agglomération,Intersection en X,Normale,Autre collision,,,,,,,,,,,1,2,2,1.0,6.0
201800039741,0018-09-11 17:00:00,18,9,11,17,0,930,14,MAURICE AUDIN (ALLEE),48.91089,2.54614,Plein jour,En agglomération,Hors intersection,Temps éblouissant,Autre collision,,,,,,,,,,,1,2,1,7.0,6.0
201800039742,0018-09-11 19:30:00,18,9,11,19,30,930,47,TUILERIE  (RUE DE LA),48.90399,2.56628,Crépuscule ou aube,En agglomération,Intersection en Y,Normale,Autre collision,,,,,,,,,,,2,2,4,1.0,6.0
201800039743,0018-09-15 15:50:00,18,9,15,15,50,930,14,SEVIGNE (AVENUE DE),48.905,2.54865,Plein jour,En agglomération,Hors intersection,Normale,Trois véhicules et plus - en chaîne,,,,,,,,,,,1,2,1,1.0,4.0
201800039744,0018-09-26 11:05:00,18,9,26,11,5,930,47,JEAN MERMOZ   (PLACE),48.90206,2.57178,Plein jour,En agglomération,Hors intersection,Normale,Deux véhicules - arrière,,,,,,,,,,,1,2,1,1.0,2.0
201800039745,0018-10-07 21:34:00,18,10,7,21,34,930,14,LIBERTES (CARREFOUR DES),48.90452,2.54838,Nuit avec éclairage allumé,En agglomération,Intersection en T,Pluie légère,Deux véhicules - côté,,,,,,,,,,,5,2,3,2.0,3.0
201800039746,0018-10-08 17:45:00,18,10,8,17,45,930,47,GABRIEL PERI  (AVENUE),48.89317,2.55241,Plein jour,En agglomération,Intersection en X,Normale,Deux véhicules - côté,,,,,,,,,,,1,2,2,1.0,3.0
201800039747,0018-10-11 08:45:00,18,10,11,8,45,930,14,STRATEGIQUE (ROUTE),,,Plein jour,En agglomération,Hors intersection,Normale,Autre collision,,,,,,,,,,,1,2,1,1.0,6.0
201800039748,0018-10-11 18:15:00,18,10,11,18,15,930,14,ANATOLE FRANCE (ALLEE),48.9055,2.55596,Plein jour,En agglomération,Intersection en X,Normale,Autre collision,,,,,,,,,,,1,2,2,1.0,6.0
201800039749,0018-10-16 18:40:00,18,10,16,18,40,930,47,GERANIUMS (AVENUE DES),48.89894,2.55039,Plein jour,En agglomération,Intersection en X,Normale,Deux véhicules - côté,,,,,,,,,,,1,2,2,1.0,3.0
201800039750,0018-10-18 11:15:00,18,10,18,11,15,930,14,CHENE POINTU (ALLEE DU),48.90304,2.54484,Plein jour,En agglomération,Intersection en T,Normale,Autre collision,,,,,,,,,,,1,2,3,1.0,6.0
201800039751,0018-10-22 00:05:00,18,10,22,0,5,930,47,HARDY  (BOULEVARD),48.90452,2.56525,Nuit avec éclairage allumé,En agglomération,Hors intersection,Normale,Autre collision,,,,,,,,,,,5,2,1,1.0,6.0
201800039752,0018-10-30 18:30:00,18,10,30,18,30,930,14,JEAN MOULIN (AVENUE),48.90833,2.55491,Nuit avec éclairage allumé,En agglomération,Autre intersection,Normale,Deux véhicules - côté,,,,,,,,,,,5,2,9,1.0,3.0
201800039753,0018-11-12 08:00:00,18,11,12,8,0,930,47,EUROPE (BOULEVARD DE L'),48.89647,2.56527,Nuit avec éclairage non allumé,En agglomération,Hors intersection,Pluie forte,Autre collision,,,,,,,,,,,4,2,1,3.0,6.0
201800039754,0018-11-15 23:55:00,18,11,15,23,55,930,47,HENRI BARBUSSE  (RUE),48.90019,2.56705,Nuit avec éclairage allumé,En agglomération,Intersection en X,Brouillard / fumée,Deux véhicules - côté,,,,,,,,,,,5,2,2,5.0,3.0
201800039755,0018-11-16 20:15:00,18,11,16,20,15,930,14,JEAN MOULIN (AVENUE),48.90877,2.5542,Nuit avec éclairage allumé,En agglomération,Hors intersection,Brouillard / fumée,Deux véhicules - arrière,,,,,,,,,,,5,2,1,5.0,2.0
201800039756,0018-11-20 15:00:00,18,11,20,15,0,930,47,SCIENCES   (AVENUE DES),48.90608,2.57933,Plein jour,En agglomération,Intersection en T,Brouillard / fumée,Trois véhicules et plus - en chaîne,,,,,,,,,,,1,2,3,5.0,4.0
201800039757,0018-11-23 15:30:00,18,11,23,15,30,930,47,COUBRON (RUE DE ),48.9034,2.578,Plein jour,En agglomération,Hors intersection,Normale,Deux véhicules - frontale,,,,,,,,,,,1,2,1,1.0,1.0
201800039758,0018-11-28 10:30:00,18,11,28,10,30,930,47,UTRILLO  (RUE),48.9004,2.55617,Plein jour,En agglomération,Hors intersection,Pluie légère,Autre collision,,,,,,,,,,,1,2,1,2.0,6.0
201800039759,0018-11-30 16:20:00,18,11,30,16,20,930,47,MORISOT (RUE),48.90431,2.5592,Plein jour,En agglomération,Hors intersection,Normale,Autre collision,,,,,,,,,,,1,2,1,1.0,6.0
201800039760,0018-11-30 19:55:00,18,11,30,19,55,930,14,GAGNY (ALLEE DE),,,Nuit avec éclairage allumé,En agglomération,Intersection en X,Normale,Deux véhicules - côté,,,,,,,,,,,5,2,2,1.0,3.0
201800039761,0018-12-01 02:30:00,18,12,1,2,30,930,47,VIOLETTES   (AVENUE DES),48.8963,2.5469,Nuit avec éclairage allumé,En agglomération,Hors intersection,Normale,Autre collision,,,,,,,,,,,5,2,1,1.0,6.0
201800039762,0018-12-05 14:45:00,18,12,5,14,45,930,47,MOULINS  (RUE DES),48.89831,2.57854,Plein jour,En agglomération,Hors intersection,Temps couvert,Deux véhicules - frontale,,,,,,,,,,,1,2,1,8.0,1.0
201800039763,0018-12-08 16:00:00,18,12,8,16,0,930,14,De SEVIGNE (AVENUE ),48.91282,2.59925,Plein jour,En agglomération,Intersection en X,Vent fort / tempête,Deux véhicules - côté,,,,,,,,,,,1,2,2,6.0,3.0
201800039764,0018-12-09 02:35:00,18,12,9,2,35,930,14,GAGNY (ALLEE DE),,,Nuit avec éclairage allumé,En agglomération,Autre intersection,Pluie légère,Autre collision,,,,,,,,,,,5,2,9,2.0,6.0
201800039765,0018-12-12 16:40:00,18,12,12,16,40,930,14,COUBRON (ALLEE DE),48.91157,2.55005,Plein jour,En agglomération,Hors intersection,Normale,Sans collision,,,,,,,,,,,1,2,1,1.0,7.0
201800039766,0018-12-18 07:25:00,18,12,18,7,25,930,47,GENERAL DE GAULLE (RUE D,48.8994,2.5595,Nuit avec éclairage allumé,En agglomération,Intersection en X,Normale,Deux véhicules - côté,,,,,,,,,,,5,2,2,1.0,3.0
201800039767,0018-12-21 08:30:00,18,12,21,8,30,930,47,FONTAINE JEAN VALJEAN (R,48.89651,2.57091,Plein jour,En agglomération,Autre intersection,Pluie légère,Deux véhicules - côté,,,,,,,,,,,1,2,9,2.0,3.0
201800039768,0018-12-21 16:50:00,18,12,21,16,50,930,14,INDEPENDANCE (ALLEE DE L,48.90308,2.54267,Crépuscule ou aube,En agglomération,Hors intersection,Temps couvert,Autre collision,,,,,,,,,,,2,2,1,8.0,6.0
201800039769,0018-12-22 19:20:00,18,12,22,19,20,930,47,EUROPE (BOULEVARD DE L'),,,Nuit avec éclairage allumé,En agglomération,Giratoire,Pluie légère,Deux véhicules - arrière,,,,,,,,,,,5,2,6,2.0,2.0
201800039770,0018-12-23 23:25:00,18,12,23,23,25,930,14,GAGNY (ALLEE DE),48.905,2.548,Nuit avec éclairage allumé,En agglomération,Intersection en X,Pluie légère,Deux véhicules - côté,,,,,,,,,,,5,2,2,2.0,3.0
201800039771,0018-12-25 16:20:00,18,12,25,16,20,930,14,ANGEL TESTA (ALLEE),48.9,2.544,Plein jour,En agglomération,Intersection en X,Normale,Deux véhicules - côté,,,,,,,,,,,1,2,2,1.0,3.0
201800039772,0018-12-28 11:20:00,18,12,28,11,20,930,14,MONTFERMEIL (ALLEE DE),,,Plein jour,En agglomération,Hors intersection,Temps couvert,Autre collision,,,,,,,,,,,1,2,1,8.0,6.0
201800039773,0018-01-31 17:50:00,18,1,31,17,50,930,27,"102, JAURES (AVENUE JEAN",48.92236,2.40703,Nuit avec éclairage allumé,En agglomération,Intersection en X,Pluie légère,Deux véhicules - côté,,,,,,,,,,,5,2,2,2.0,3.0
201800039774,0018-02-01 07:45:00,18,2,1,7,45,930,27,"133, HUIT-MAI-1945 (PLAC",48.92101,2.41061,Nuit avec éclairage allumé,En agglomération,Giratoire,Pluie légère,Autre collision,,,,,,,,,,,5,2,6,2.0,6.0
201800039775,0018-02-03 14:25:00,18,2,3,14,25,930,27,"24, CONVENTION (RUE DE L",48.92883,2.38843,Plein jour,En agglomération,Hors intersection,Pluie légère,Deux véhicules - arrière,,,,,,,,,,,1,2,1,2.0,2.0
201800039776,0018-02-13 08:39:00,18,2,13,8,39,930,27,"98, JAURES (AVENUE JEAN)",48.92239,2.40707,Plein jour,En agglomération,Intersection en X,Normale,Deux véhicules - côté,,,,,,,,,,,1,2,2,1.0,3.0
201800039777,0018-03-07 16:50:00,18,3,7,16,50,930,27,"11, JAURES (AVENUE JEAN)",48.92589,2.4011,Plein jour,Hors agglomération,Giratoire,Pluie légère,Deux véhicules - arrière,,,,,,,,,,,1,1,6,2.0,2.0
201800039778,0018-03-09 07:37:00,18,3,9,7,37,930,27,"11b, PASTEUR (BOULEVARD)",48.92,2.38,Plein jour,En agglomération,Hors intersection,Pluie légère,Autre collision,,,,,,,,,,,1,2,1,2.0,6.0
201800039779,0018-03-14 07:15:00,18,3,14,7,15,930,27,"139-147, VAILLANT-COUTUR",48.92546,2.41544,Crépuscule ou aube,En agglomération,Hors intersection,Normale,Autre collision,,,,,,,,,,,2,2,1,1.0,6.0
201800039780,0018-03-16 14:25:00,18,3,16,14,25,930,27,"54, LECLERC (AVENUE DU G",48.5541,2.2255,Plein jour,En agglomération,Hors intersection,Normale,Autre collision,,,,,,,,,,,1,2,1,1.0,6.0
201800039781,0018-03-25 19:30:00,18,3,25,19,30,930,27,"15, LENINE (AVENUE)",48.92,2.42,Nuit avec éclairage non allumé,En agglomération,Hors intersection,Normale,Sans collision,,,,,,,,,,,4,2,1,1.0,7.0
201800039782,0018-03-28 16:00:00,18,3,28,16,0,930,27,"01, JAURES (AVENUE JEAN)",48.92467,2.40056,Plein jour,En agglomération,Hors intersection,Pluie légère,Deux véhicules - arrière,,,,,,,,,,,1,2,1,2.0,2.0
201800039783,0018-04-02 19:28:00,18,4,2,19,28,930,13,"88, LECLERC (AVENU DE LA",,,Plein jour,En agglomération,Hors intersection,Pluie légère,Autre collision,,,,,,,,,,,1,2,1,2.0,6.0
201800039784,0018-04-04 07:50:00,18,4,4,7,50,930,27,"133, VAILLANT-COUTURIER",48.92477,2.4149,Plein jour,En agglomération,Intersection en X,Normale,Deux véhicules - côté,,,,,,,,,,,1,2,2,1.0,3.0
201800039785,0018-04-05 20:04:00,18,4,5,20,4,930,27,"41, PERI (AVENUE GABRIEL",48.92694,2.3891,Plein jour,Hors agglomération,Intersection en T,Normale,Autre collision,,,,,,,,,,,1,1,3,1.0,6.0
201800039786,0018-04-06 22:55:00,18,4,6,22,55,930,13,"64, LECLERC (AVENU DE LA",48.93498,2.42626,Nuit avec éclairage allumé,En agglomération,Hors intersection,Normale,Autre collision,,,,,,,,,,,5,2,1,1.0,6.0
201800039787,0018-04-08 19:14:00,18,4,8,19,14,930,13,"1, LINDBERGH (CARREFOUR)",48.943,2.43,Plein jour,Hors agglomération,Hors intersection,Normale,Autre collision,,,,,,,,,,,1,1,1,1.0,6.0
201800039788,0018-04-18 17:30:00,18,4,18,17,30,930,27,"54, PERI (AVENUE GABRIEL",48.92,2.39,Plein jour,En agglomération,Hors intersection,Normale,Autre collision,,,,,,,,,,,1,2,1,1.0,6.0
201800039789,0018-04-20 12:10:00,18,4,20,12,10,930,27,"43, VAILLANT-COUTURIER (",48.9201,2.40974,Plein jour,En agglomération,Hors intersection,Normale,Autre collision,,,,,,,,,,,1,2,1,1.0,6.0
201800039790,0018-04-23 20:00:00,18,4,23,20,0,930,13,"4, NIORT (RUE DE L'ABBE)",48.94043,2.43123,Plein jour,En agglomération,Intersection en Y,Normale,Deux véhicules - côté,,,,,,,,,,,1,2,4,1.0,3.0
201800039791,0018-04-24 13:15:00,18,4,24,13,15,930,27,"211, VAILLANT-COUTURIER",48.92888,2.41641,Plein jour,En agglomération,Giratoire,Normale,Deux véhicules - côté,,,,,,,,,,,1,2,6,1.0,3.0
201800039792,0018-04-25 21:35:00,18,4,25,21,35,930,27,"48, SAINT-DENIS (RUE DE)",48.9307,2.3825,Nuit avec éclairage allumé,En agglomération,Intersection en X,Normale,Deux véhicules - côté,,,,,,,,,,,5,2,2,1.0,3.0
201800039793,0018-04-26 16:55:00,18,4,26,16,55,930,27,"29, PASTEUR (BOULEVARD)",48.92177,2.38335,Plein jour,En agglomération,Intersection en X,Normale,Deux véhicules - côté,,,,,,,,,,,1,2,2,1.0,3.0
201800039794,0018-04-27 21:48:00,18,4,27,21,48,930,27,"4, SALENGRO (AVENUE ROGE",48.92996,2.38605,Nuit avec éclairage allumé,En agglomération,Intersection en X,Normale,Deux véhicules - côté,,,,,,,,,,,5,2,2,1.0,3.0
201800039795,0018-05-07 17:00:00,18,5,7,17,0,930,30,"1, SEIZE-AOUT-1943 (PLAC",48.9514,2.41748,Plein jour,En agglomération,Hors intersection,Normale,Deux véhicules - arrière,,,,,,,,,,,1,2,1,1.0,2.0
201800039796,0018-05-18 00:15:00,18,5,18,0,15,930,27,"19, CACHIN (AVENUE MARCE",48.92837,2.3966,Nuit avec éclairage allumé,En agglomération,Hors intersection,Normale,Deux véhicules - côté,,,,,,,,,,,5,2,1,1.0,3.0
201800039797,0018-05-18 16:00:00,18,5,18,16,0,930,27,"27, TURGOT (RUE)",48.92447,2.41124,Plein jour,En agglomération,Hors intersection,Normale,Autre collision,,,,,,,,,,,1,2,1,1.0,6.0
201800039798,0018-05-19 08:55:00,18,5,19,8,55,930,13,"4, JAURES (AVENUE JEAN)",48.93,2.42,Plein jour,En agglomération,Hors intersection,Normale,Deux véhicules - côté,,,,,,,,,,,1,2,1,1.0,3.0
201800039799,0018-05-19 14:45:00,18,5,19,14,45,930,27,"46, BERTHELOT (RUE MARCE",48.92087,2.41496,Plein jour,En agglomération,Hors intersection,Normale,Autre collision,,,,,,,,,,,1,2,1,1.0,6.0
201800039800,0018-05-20 12:50:00,18,5,20,12,50,930,27,"51, VAILLANT-COUTURIER (",48.92047,2.41018,Plein jour,En agglomération,Hors intersection,Normale,Autre collision,,,,,,,,,,,1,2,1,1.0,6.0
201800039801,0018-05-20 17:20:00,18,5,20,17,20,930,27,"113, JAURES (AVENUE JEAN",48.92177,2.40871,Plein jour,En agglomération,Hors intersection,Normale,Deux véhicules - arrière,,,,,,,,,,,1,2,1,1.0,2.0
201800039802,0018-05-21 14:31:00,18,5,21,14,31,930,27,"35, JAURES (AVENUE JEAN)",48.9244,2.40163,Plein jour,En agglomération,Intersection en T,Normale,Deux véhicules - côté,,,,,,,,,,,1,2,3,1.0,3.0
201800039803,0018-05-27 14:45:00,18,5,27,14,45,930,27,"22b, PASTEUR (BOULEVARD)",48.92083,2.38318,Plein jour,En agglomération,Hors intersection,Normale,Autre collision,,,,,,,,,,,1,2,1,1.0,6.0
201800039804,0018-05-29 20:50:00,18,5,29,20,50,930,27,"17, JAURES (AVENUE JEAN)",48.92481,2.40125,Plein jour,En agglomération,Giratoire,Normale,Deux véhicules - côté,,,,,,,,,,,1,2,6,1.0,3.0
201800039805,0018-06-03 22:14:00,18,6,3,22,14,930,27,"2, SUD (ALLEE DU)",,,Nuit avec éclairage allumé,En agglomération,Intersection en T,Normale,Autre collision,,,,,,,,,,,5,2,3,1.0,6.0
201800039806,0018-06-09 16:30:00,18,6,9,16,30,930,27,"80, SAINT-DENIS (RUE DE)",48.93441,2.38357,Plein jour,En agglomération,Hors intersection,Normale,Autre collision,,,,,,,,,,,1,2,1,1.0,6.0
201800039807,0018-06-16 14:29:00,18,6,16,14,29,930,13,"23, JAURES (AVENUE JEAN)",48.93349,2.42327,Plein jour,En agglomération,Hors intersection,Temps éblouissant,Autre collision,,,,,,,,,,,1,2,1,7.0,6.0
201800039808,0018-06-24 16:30:00,18,6,24,16,30,930,27,"9, MOULIN-NEUF (RUE DU)",48.92768,2.38359,Plein jour,En agglomération,Hors intersection,Normale,Deux véhicules - côté,,,,,,,,,,,1,2,1,1.0,3.0
201800039809,0018-07-04 15:00:00,18,7,4,15,0,930,13,LECLERC (AVENU DE LA DIV,,,Plein jour,En agglomération,Hors intersection,Normale,Autre collision,,,,,,,,,,,1,2,1,1.0,6.0
201800039810,0018-07-07 10:30:00,18,7,7,10,30,930,27,"100, SALENGRO (AVENUE RO",48.93942,2.3876,Plein jour,En agglomération,Hors intersection,Normale,Deux véhicules - côté,,,,,,,,,,,1,2,1,1.0,3.0
201800039811,0018-07-13 14:30:00,18,7,13,14,30,930,27,"1, SAINT-DENIS (RUE DE)",48.93048,2.38348,Plein jour,En agglomération,Hors intersection,Normale,Deux véhicules - arrière,,,,,,,,,,,1,2,1,1.0,2.0
201800039812,0018-07-13 16:50:00,18,7,13,16,50,930,27,"128, RATEAU (RUE)",48.925,2.411,Plein jour,En agglomération,Hors intersection,Normale,Autre collision,,,,,,,,,,,1,2,1,1.0,6.0
201800039813,0018-07-19 19:25:00,18,7,19,19,25,930,13,JAURES (AVENUE JEAN) DE,48.9333,2.42384,Plein jour,En agglomération,Intersection en T,Normale,Autre collision,,,,,,,,,,,1,2,3,1.0,6.0
201800039814,0018-07-16 10:50:00,18,7,16,10,50,930,27,"1, ROCHET (RUE WALDECK)",48.93219,2.39911,Plein jour,En agglomération,Giratoire,Pluie légère,Deux véhicules - arrière,,,,,,,,,,,1,2,6,2.0,2.0
201800039815,0018-07-31 19:18:00,18,7,31,19,18,930,27,17 octobre 1961,48.92728,2.37702,Plein jour,En agglomération,Hors intersection,Normale,Autre collision,,,,,,,,,,,1,2,1,1.0,6.0
201800039816,0018-08-10 18:35:00,18,8,10,18,35,930,27,SAINT-DENIS (RUE DE),48.93,2.3836,Plein jour,En agglomération,Hors intersection,Normale,Deux véhicules - côté,,,,,,,,,,,1,2,1,1.0,3.0
201800039817,0018-08-10 23:00:00,18,8,10,23,0,930,27,PASTEUR (BOULEVARD) DE 4,48.92956,2.38589,Nuit sans éclairage public,En agglomération,Passage à niveau,Normale,Deux véhicules - côté,,,,,,,,,,,3,2,8,1.0,3.0
201800039818,0018-08-13 13:35:00,18,8,13,13,35,930,27,ROCHET (RUE WALDECK),48.93761,2.40442,Plein jour,Hors agglomération,Hors intersection,Pluie légère,Deux véhicules - arrière,,,,,,,,,,,1,1,1,2.0,2.0
201800039819,0018-08-16 18:30:00,18,8,16,18,30,930,1,PRESIDENT ROOSEVELT (AVE,48.9168,2.37984,Plein jour,En agglomération,Hors intersection,Normale,Deux véhicules - côté,,,,,,,,,,,1,2,1,1.0,3.0
201800039820,0018-08-16 22:20:00,18,8,16,22,20,930,66,SAINT OUEN (QUAI DE ),48.92861,2.34104,Nuit avec éclairage allumé,En agglomération,Hors intersection,Normale,Autre collision,,,,,,,,,,,5,2,1,1.0,6.0
201800039821,0018-08-18 14:30:00,18,8,18,14,30,930,13,CAVILLON (RUE ANIZAN),48.94,2.42,Plein jour,En agglomération,Intersection en T,Normale,Deux véhicules - frontale,,,,,,,,,,,1,2,3,1.0,1.0
201800039822,0018-08-23 13:50:00,18,8,23,13,50,930,27,REPUBLIQUE (AVENUE DE LA,48.92,2.39,Plein jour,En agglomération,Hors intersection,Normale,Autre collision,,,,,,,,,,,1,2,1,1.0,6.0