accident_id,datetime,annee,mois,jour,heure,minute,departement,commune_insee,adresse,latitude,longitude,luminosite,agglomeration,intersection,meteo,collision,nb_vehicules,nb_usagers,nb_indemnes,nb_tues,nb_blesses_hosp,nb_blesses_legers,age_cond_1,age_cond_2,veh_type_cond_1,veh_type_cond_2,lum_code,agg_code,int_code,atm_code,col_code
201800039942,0018-01-18 16:25:00,18,1,18,16,25,930,31,"2, REPUBLIQUE (AVENUE)",48.95268,2.31614,Plein jour,En agglomération,Hors intersection,Normale,Autre collision,,,,,,,,,,,1,2,1,1.0,6.0
201800039943,0018-01-19 13:30:00,18,1,19,13,30,930,31,"31, GALLIENI (AVENUE)",48.96,2.29,Plein jour,En agglomération,Hors intersection,Pluie légère,Deux véhicules - arrière,,,,,,,,,,,1,2,1,2.0,2.0
201800039944,0018-01-23 13:00:00,18,1,23,13,0,930,31,"70, ARGENTEUIL (ROUTE D'",,,Plein jour,En agglomération,Hors intersection,Pluie légère,Deux véhicules - côté,,,,,,,,,,,1,2,1,2.0,3.0
201800039945,0018-01-24 19:15:00,18,1,24,19,15,930,31,"20, GALLIENI (AVENUE)",,,Nuit avec éclairage non allumé,En agglomération,Intersection en T,Normale,Autre collision,,,,,,,,,,,4,2,3,1.0,6.0
201800039946,0018-01-30 18:20:00,18,1,30,18,20,930,79,"0, DIVISION LECLERC (AV)",48.94932,2.34193,Nuit avec éclairage allumé,En agglomération,Intersection en X,Pluie légère,Deux véhicules - arrière,,,,,,,,,,,5,2,2,2.0,2.0
201800039947,0018-02-05 18:55:00,18,2,5,18,55,930,31,"4, FOCH (BOULEVARD)",,,Nuit avec éclairage allumé,En agglomération,Hors intersection,Normale,Deux véhicules - côté,,,,,,,,,,,5,2,1,1.0,3.0
201800039948,0018-02-05 19:30:00,18,2,5,19,30,930,31,"5, JOFFRE (AVENUE)",,,Nuit avec éclairage allumé,En agglomération,Hors intersection,Temps couvert,Deux véhicules - côté,,,,,,,,,,,5,2,1,8.0,3.0
201800039949,0018-02-13 14:10:00,18,2,13,14,10,930,31,PARIS (RUE DE),48.9546,2.308,Plein jour,En agglomération,Hors intersection,Normale,Deux véhicules - côté,,,,,,,,,,,1,2,1,1.0,3.0
201800039950,0018-02-19 21:47:00,18,2,19,21,47,930,31,ARGENTEUIL (ROUTE D'),48.95,2.29,Nuit avec éclairage allumé,En agglomération,Autre intersection,Pluie légère,Deux véhicules - frontale,,,,,,,,,,,5,2,9,2.0,1.0
201800039951,0018-02-23 09:20:00,18,2,23,9,20,930,31,"214, SAINT LEU (ROUTE DE",48.95864,2.3291,Plein jour,En agglomération,Autre intersection,Normale,Autre collision,,,,,,,,,,,1,2,9,1.0,6.0
201800039952,0018-02-23 19:25:00,18,2,23,19,25,930,79,"64, SAINT LEU (ROUTE)",48.95167,2.33898,Nuit avec éclairage allumé,En agglomération,Hors intersection,Normale,Deux véhicules - côté,,,,,,,,,,,5,2,1,1.0,3.0
201800039953,0018-05-02 14:10:00,18,5,2,14,10,930,31,DE LATTRE DE TASSIGNY (1,48.95721,3.09923,Plein jour,En agglomération,Hors intersection,Normale,Deux véhicules - côté,,,,,,,,,,,1,2,1,1.0,3.0
201800039954,0018-05-03 20:50:00,18,5,3,20,50,930,31,REPUBLIQUE (AVENUE),,,Crépuscule ou aube,En agglomération,Intersection en X,Normale,Deux véhicules - côté,,,,,,,,,,,2,2,2,1.0,3.0
201800039955,0018-05-05 22:10:00,18,5,5,22,10,930,31,"84, MARNE (AVENUE DE LA)",48.95545,2.32667,Nuit avec éclairage allumé,En agglomération,Intersection en T,Normale,Autre collision,,,,,,,,,,,5,2,3,1.0,6.0
201800039956,0018-05-06 08:45:00,18,5,6,8,45,930,31,PARIS (RUE DE),,,Plein jour,En agglomération,Intersection en X,Normale,Deux véhicules - côté,,,,,,,,,,,1,2,2,1.0,3.0
201800039957,0018-05-12 15:07:00,18,5,12,15,7,930,31,"108, PARIS (RUE DE)",48.95,2.3,Plein jour,En agglomération,Hors intersection,Temps couvert,Deux véhicules - arrière,,,,,,,,,,,1,2,1,8.0,2.0
201800039958,0018-05-14 23:05:00,18,5,14,23,5,930,31,FOCH (BOULEVARD),48.94764,2.33446,Nuit avec éclairage allumé,En agglomération,Hors intersection,Normale,Deux véhicules - côté,,,,,,,,,,,5,2,1,1.0,3.0
201800039959,0018-05-16 18:00:00,18,5,16,18,0,930,31,"124, MARNE (AVENUE DE LA",48.95715,2.32598,Plein jour,En agglomération,Hors intersection,Normale,Deux véhicules - frontale,,,,,,,,,,,1,2,1,1.0,1.0
201800039960,0018-05-20 14:30:00,18,5,20,14,30,930,31,"12, LYON (RUE DE)",48.86666,2.33333,Plein jour,En agglomération,Hors intersection,Normale,Autre collision,,,,,,,,,,,1,2,1,1.0,6.0
201800039961,0018-05-24 13:30:00,18,5,24,13,30,930,31,"62, PARIS (RUE DE)",48.95438,2.30091,Plein jour,En agglomération,Hors intersection,Normale,Autre collision,,,,,,,,,,,1,2,1,1.0,6.0
201800039962,0018-05-25 20:05:00,18,5,25,20,5,930,31,"132, JOFFRE (AVENUE)",48.96169,2.2953,Crépuscule ou aube,En agglomération,Intersection en X,Pluie légère,Deux véhicules - côté,,,,,,,,,,,2,2,2,2.0,3.0
201800039963,0018-05-24 17:34:00,18,5,24,17,34,930,31,HUIT MAI 1945 (RUE DU),48.95419,2.30135,Plein jour,En agglomération,Hors intersection,Normale,Deux véhicules - côté,,,,,,,,,,,1,2,1,1.0,3.0
201800039964,0018-05-31 22:10:00,18,5,31,22,10,930,31,"114, REPUBLIQUE (AVENUE)",48.94991,2.32843,Nuit avec éclairage allumé,En agglomération,Intersection en T,Normale,Deux véhicules - côté,,,,,,,,,,,5,2,3,1.0,3.0
201800039965,0018-06-02 20:12:00,18,6,2,20,12,930,31,", SAINT LEU (ROUTE DE) 1",48.95165,2.33888,Plein jour,En agglomération,Hors intersection,Normale,Deux véhicules - frontale,,,,,,,,,,,1,2,1,1.0,1.0
201800039966,0018-06-10 16:00:00,18,6,10,16,0,930,31,DE LATTRE DE TASSIGNY (1,48.95967,2.30468,Plein jour,En agglomération,Hors intersection,Normale,Sans collision,,,,,,,,,,,1,2,1,1.0,7.0
201800039967,0018-06-10 19:55:00,18,6,10,19,55,930,79,"85, MAURICE GRANDCOING",48.96521,2.3443,Plein jour,En agglomération,Hors intersection,Normale,Autre collision,,,,,,,,,,,1,2,1,1.0,6.0
201800039968,0018-06-18 19:55:00,18,6,18,19,55,930,31,"69, REPUBLIQUE (AVENUE)",,,Plein jour,En agglomération,Hors intersection,Normale,Autre collision,,,,,,,,,,,1,2,1,1.0,6.0
201800039969,0018-06-19 14:43:00,18,6,19,14,43,930,31,"104, DE LATTRE DE TASSIG",48.95951,2.30006,Plein jour,En agglomération,Hors intersection,Normale,Deux véhicules - côté,,,,,,,,,,,1,2,1,1.0,3.0
201800039970,0018-06-20 15:00:00,18,6,20,15,0,930,31,"41, REPUBLIQUE (AVENUE)",48.95,2.31,Plein jour,En agglomération,Autre intersection,Temps éblouissant,Autre collision,,,,,,,,,,,1,2,9,7.0,6.0
201800039971,0018-06-18 13:10:00,18,6,18,13,10,930,31,ARGENTEUIL (ROUTE D',48.96125,2.2941,Plein jour,En agglomération,Intersection en X,Normale,Autre collision,,,,,,,,,,,1,2,2,1.0,6.0
201800039972,0018-06-23 15:50:00,18,6,23,15,50,930,31,"24, FOCH (BOULEVARD)",48.94723,2.33315,Plein jour,En agglomération,Hors intersection,Normale,Deux véhicules - côté,,,,,,,,,,,1,2,1,1.0,3.0
201800039973,0018-06-24 20:10:00,18,6,24,20,10,930,31,"2, CHERBOURG",48.95978,2.29895,Plein jour,Hors agglomération,Hors intersection,Normale,Autre collision,,,,,,,,,,,1,1,1,1.0,6.0
201800039974,0018-06-27 08:05:00,18,6,27,8,5,930,31,"152, JEAN JAURES (AVENUE",48.95859,2.32678,Plein jour,En agglomération,Hors intersection,Normale,Deux véhicules - côté,,,,,,,,,,,1,2,1,1.0,3.0
201800039975,0018-06-28 06:35:00,18,6,28,6,35,930,31,"60, FELIX MERLIN",48.95543,2.2956,Plein jour,En agglomération,Hors intersection,Normale,Autre collision,,,,,,,,,,,1,2,1,1.0,6.0
201800039976,0018-06-30 10:30:00,18,6,30,10,30,930,31,LILLE (RUE DE),48.96124,2.28996,Plein jour,En agglomération,Intersection en T,Normale,Deux véhicules - frontale,,,,,,,,,,,1,2,3,1.0,1.0
201800039977,0018-07-03 08:30:00,18,7,3,8,30,930,31,"7, DE LATTRE DE TASSIGNY",48.9544,2.3131,Plein jour,En agglomération,Intersection en T,Normale,Autre collision,,,,,,,,,,,1,2,3,1.0,6.0
201800039978,0018-07-05 18:00:00,18,7,5,18,0,930,79,"189, DIVISION LECLERC (A",48.94894,2.34215,Plein jour,En agglomération,Intersection en T,Normale,Deux véhicules - côté,,,,,,,,,,,1,2,3,1.0,3.0
201800039979,0018-07-05 20:25:00,18,7,5,20,25,930,31,RESISTANCE (PONT),48.95672,2.30405,Plein jour,En agglomération,Hors intersection,Normale,Deux véhicules - côté,,,,,,,,,,,1,2,1,1.0,3.0
201800039980,0018-07-09 21:35:00,18,7,9,21,35,930,31,"24, DE LATTRE DE TASSIGN",48.95738,2.30988,Plein jour,En agglomération,Intersection en X,Normale,Deux véhicules - côté,,,,,,,,,,,1,2,2,1.0,3.0
201800039981,0018-07-10 09:05:00,18,7,10,9,5,930,31,ALLENDE (AVENUE SALVADOR,48.95561,2.30816,Plein jour,En agglomération,Hors intersection,Normale,Autre collision,,,,,,,,,,,1,2,1,1.0,6.0
201800039982,0018-07-16 07:20:00,18,7,16,7,20,930,31,NANCY (RUE DE),48.95781,2.2998,Plein jour,En agglomération,Hors intersection,Normale,Autre collision,,,,,,,,,,,1,2,1,1.0,6.0
201800039983,0018-07-18 14:10:00,18,7,18,14,10,930,79,SAINT LEU (ROUTE),48.94943,2.34177,Plein jour,En agglomération,Intersection en T,Normale,Deux véhicules - côté,,,,,,,,,,,1,2,3,1.0,3.0
201800039984,0018-07-19 20:45:00,18,7,19,20,45,930,31,PARIS (RUE DE),48.95,2.31,Crépuscule ou aube,En agglomération,Hors intersection,Normale,Autre collision,,,,,,,,,,,2,2,1,1.0,6.0
201800039985,0018-07-22 14:35:00,18,7,22,14,35,930,31,CLAUDE MONET,,,Plein jour,En agglomération,Hors intersection,Normale,Deux véhicules - arrière,,,,,,,,,,,1,2,1,1.0,2.0
201800039986,0018-07-25 12:30:00,18,7,25,12,30,930,31,FOCH (BOULEVARD),,,Plein jour,En agglomération,Hors intersection,Normale,Deux véhicules - arrière,,,,,,,,,,,1,2,1,1.0,2.0
201800039987,0018-07-26 00:01:00,18,7,26,0,1,930,31,ENGHIEN (AV D'),48.95989,2.3076,Nuit avec éclairage allumé,En agglomération,Intersection en X,Normale,Deux véhicules - côté,,,,,,,,,,,5,2,2,1.0,3.0
201800039988,0018-08-03 16:50:00,18,8,3,16,50,930,31,FOCH (BOULEVARD),48.94432,2.33775,Plein jour,En agglomération,Hors intersection,Normale,Deux véhicules - arrière,,,,,,,,,,,1,2,1,1.0,2.0
201800039989,0018-08-08 01:05:00,18,8,8,1,5,930,31,JEAN JAURES (AVENUE),48.95567,2.31883,Nuit avec éclairage allumé,En agglomération,Hors intersection,Normale,Autre collision,,,,,,,,,,,5,2,1,1.0,6.0
201800039990,0018-08-11 10:00:00,18,8,11,10,0,930,31,CLAUDE DEBUSSY,48.94798,2.34229,Plein jour,En agglomération,Hors intersection,Normale,Autre collision,,,,,,,,,,,1,2,1,1.0,6.0
201800039991,0018-08-11 11:02:00,18,8,11,11,2,930,31,FITZELIN (DE),,,Plein jour,En agglomération,Intersection en T,Normale,Deux véhicules - côté,,,,,,,,,,,1,2,3,1.0,3.0
201800039992,0018-08-22 21:40:00,18,8,22,21,40,930,79,SAINT LEU (ROUTE),48.94656,2.34598,Nuit avec éclairage allumé,En agglomération,Hors intersection,Normale,Deux véhicules - arrière,,,,,,,,,,,5,2,1,1.0,2.0
201800039993,0018-08-27 18:35:00,18,8,27,18,35,930,1,REPUBLIQUE (AVENUE DE LA,48.90443,2.39104,Plein jour,En agglomération,Hors intersection,Normale,Autre collision,,,,,,,,,,,1,2,1,1.0,6.0
201800039994,0018-08-27 20:50:00,18,8,27,20,50,930,31,DUMAS (RUE),48.95507,2.30996,Nuit avec éclairage allumé,En agglomération,Hors intersection,Normale,Autre collision,,,,,,,,,,,5,2,1,1.0,6.0
201800039995,0018-09-06 18:05:00,18,9,6,18,5,930,31,DE LATTRE DE TASSIGNY (1,48.95944,2.30038,Plein jour,En agglomération,Autre intersection,Normale,Autre collision,,,,,,,,,,,1,2,9,1.0,6.0
201800039996,0018-09-10 13:25:00,18,9,10,13,25,930,31,DE LATTRE DE TASSIGNY (1,48.95626,2.31094,Plein jour,En agglomération,Hors intersection,Normale,Autre collision,,,,,,,,,,,1,2,1,1.0,6.0
201800039997,0018-09-12 19:20:00,18,9,12,19,20,930,79,JEAN BAPTISTE CLEMENT,48.95,2.33,Plein jour,En agglomération,Hors intersection,Normale,Deux véhicules - frontale,,,,,,,,,,,1,2,1,1.0,1.0
201800039998,0018-09-19 17:23:00,18,9,19,17,23,930,31,CDT LOUIS BOUCHET (AV),48.95398,2.31839,Plein jour,En agglomération,Hors intersection,Normale,Autre collision,,,,,,,,,,,1,2,1,1.0,6.0
201800039999,0018-09-20 09:10:00,18,9,20,9,10,930,66,LURCAT JEAN,48.94132,2.34568,Plein jour,En agglomération,Hors intersection,Normale,Autre collision,,,,,,,,,,,1,2,1,1.0,6.0
201800040000,0018-09-22 21:00:00,18,9,22,21,0,930,31,JOFFRE (AVENU),48.95678,2.30415,Nuit avec éclairage allumé,En agglomération,Intersection en X,Pluie légère,Trois véhicules et plus - collisions multiples,,,,,,,,,,,5,2,2,2.0,5.0
201800040001,0018-09-26 16:20:00,18,9,26,16,20,930,31,MARNE (AVENUE DE LA),48.95545,2.32648,Plein jour,En agglomération,Intersection en T,Normale,Autre collision,,,,,,,,,,,1,2,3,1.0,6.0
201800040002,0018-09-29 01:05:00,18,9,29,1,5,930,31,SAINT LEU (ROUTE DE) 1 à,48.95383,2.33567,Nuit avec éclairage allumé,En agglomération,Autre intersection,Normale,Deux véhicules - côté,,,,,,,,,,,5,2,9,1.0,3.0
201800040003,0018-10-01 12:10:00,18,10,1,12,10,930,31,DE LATTRE DE TASSIGNY (1,48.95287,2.31564,Plein jour,En agglomération,Intersection en T,Normale,Deux véhicules - côté,,,,,,,,,,,1,2,3,1.0,3.0
201800040004,0018-10-02 07:54:00,18,10,2,7,54,930,66,FORT DE LA BRICHE,48.94377,2.34205,Crépuscule ou aube,En agglomération,Intersection en T,Temps couvert,Deux véhicules - côté,,,,,,,,,,,2,2,3,8.0,3.0
201800040005,0018-10-03 06:00:00,18,10,3,6,0,930,79,DIVISION LECLERC (AV),48.95446,2.34402,Nuit avec éclairage allumé,En agglomération,Hors intersection,Pluie légère,Deux véhicules - arrière,,,,,,,,,,,5,2,1,2.0,2.0
201800040006,0018-10-12 19:00:00,18,10,12,19,0,930,31,DE LATTRE DE TASSIGNY (1,48.95504,2.31199,Nuit avec éclairage allumé,En agglomération,Intersection en T,Normale,Deux véhicules - côté,,,,,,,,,,,5,2,3,1.0,3.0
201800040007,0018-10-12 19:30:00,18,10,12,19,30,930,31,PARIS (RUE DE),48.95394,2.31096,Nuit avec éclairage allumé,En agglomération,Intersection en T,Normale,Deux véhicules - arrière,,,,,,,,,,,5,2,3,1.0,2.0
201800040008,0018-10-13 10:15:00,18,10,13,10,15,930,31,JOFFRE (AVENUE),,,Plein jour,En agglomération,Hors intersection,Normale,Autre collision,,,,,,,,,,,1,2,1,1.0,6.0
201800040009,0018-10-18 23:16:00,18,10,18,23,16,930,31,JOFFRE (AVENUE),48.95853,2.30108,Nuit avec éclairage allumé,En agglomération,Intersection en X,Normale,Deux véhicules - côté,,,,,,,,,,,5,2,2,1.0,3.0
201800040010,0018-10-20 10:00:00,18,10,20,10,0,930,31,JEAN JAURES (AVENUE),48.95875,2.32818,Plein jour,En agglomération,Hors intersection,Normale,Deux véhicules - frontale,,,,,,,,,,,1,2,1,1.0,1.0
201800040011,0018-10-25 07:55:00,18,10,25,7,55,930,31,PARIS (RUE DE),48.95401,2.3107,Nuit avec éclairage allumé,En agglomération,Hors intersection,Normale,Autre collision,,,,,,,,,,,5,2,1,1.0,6.0
201800040012,0018-10-25 10:35:00,18,10,25,10,35,930,31,MARNE (AVENUE DE LA),48.95161,2.32778,Plein jour,En agglomération,Hors intersection,Normale,Deux véhicules - arrière,,,,,,,,,,,1,2,1,1.0,2.0
201800040013,0018-10-26 17:45:00,18,10,26,17,45,930,31,PARIS (RUE DE),48.95426,2.30969,Plein jour,En agglomération,Intersection en T,Pluie légère,Autre collision,,,,,,,,,,,1,2,3,2.0,6.0
201800040014,0018-10-26 17:50:00,18,10,26,17,50,930,79,ROGER SALENGRO,48.96359,2.34396,Plein jour,En agglomération,Hors intersection,Pluie légère,Autre collision,,,,,,,,,,,1,2,1,2.0,6.0
201800040015,0018-10-29 14:00:00,18,10,29,14,0,930,31,FOCH (BOULEVARD),48.9472,2.33307,Plein jour,En agglomération,Intersection en T,Normale,Deux véhicules - côté,,,,,,,,,,,1,2,3,1.0,3.0
201800040016,0018-11-03 00:01:00,18,11,3,0,1,930,27,VAILLANT-COUTURIER (Aven,48.91817,2.40771,Nuit avec éclairage allumé,En agglomération,Intersection en X,Normale,Deux véhicules - arrière,,,,,,,,,,,5,2,2,1.0,2.0
201800040017,0018-11-06 15:50:00,18,11,6,15,50,930,31,ARGENTEUIL (ROUTE D'),48.95802,2.28867,Plein jour,En agglomération,Hors intersection,Normale,Deux véhicules - côté,,,,,,,,,,,1,2,1,1.0,3.0
201800040018,0018-11-11 11:20:00,18,11,11,11,20,930,31,REPUBLIQUE (AVENUE),48.9514,2.3208,Plein jour,En agglomération,Intersection en T,Pluie légère,Deux véhicules - côté,,,,,,,,,,,1,2,3,2.0,3.0
201800040019,0018-11-14 17:00:00,18,11,14,17,0,930,31,SAINT LEU (ROUTE DE) 1 à,48.94997,2.34106,Nuit avec éclairage allumé,En agglomération,Autre intersection,Normale,Deux véhicules - arrière,,,,,,,,,,,5,2,9,1.0,2.0
201800040020,0018-11-16 14:40:00,18,11,16,14,40,930,31,SAINT LEU (ROUTE DE) > 1,48.95594,2.33263,Plein jour,En agglomération,Hors intersection,Normale,Trois véhicules et plus - collisions multiples,,,,,,,,,,,1,2,1,1.0,5.0
201800040021,0018-11-20 13:30:00,18,11,20,13,30,930,31,CLAUDE DEBUSSY,48.94755,2.34278,Plein jour,En agglomération,Hors intersection,Pluie légère,Autre collision,,,,,,,,,,,1,2,1,2.0,6.0
201800040022,0018-11-21 00:10:00,18,11,21,0,10,930,1,DANIELLE CASANOVA (RUE),48.91568,2.39951,Nuit avec éclairage allumé,En agglomération,Hors intersection,Normale,Deux véhicules - arrière,,,,,,,,,,,5,2,1,1.0,2.0
201800040023,0018-11-21 21:00:00,18,11,21,21,0,930,31,ANCIENS PRESIDENTS (CHEM,48.95474,2.31322,Nuit avec éclairage allumé,En agglomération,Hors intersection,Normale,Autre collision,,,,,,,,,,,5,2,1,1.0,6.0
201800040024,0018-11-23 09:05:00,18,11,23,9,5,930,31,SAINT LEU (ROUTE DE) 1 à,48.95417,2.33505,Plein jour,En agglomération,Intersection en T,Brouillard / fumée,Deux véhicules - côté,,,,,,,,,,,1,2,3,5.0,3.0
201800040025,0018-11-26 17:35:00,18,11,26,17,35,930,31,REPUBLIQUE (AVENUE),48.9508,2.32484,Nuit avec éclairage allumé,En agglomération,Hors intersection,Normale,Trois véhicules et plus - en chaîne,,,,,,,,,,,5,2,1,1.0,4.0
201800040026,0018-12-01 14:20:00,18,12,1,14,20,930,79,SAINT LEU (ROUTE),48.9503,2.34068,Plein jour,En agglomération,Autre intersection,Pluie légère,Deux véhicules - côté,,,,,,,,,,,1,2,9,2.0,3.0
201800040027,0018-12-04 16:54:00,18,12,4,16,54,930,31,FOCH (BOULEVARD),,,Plein jour,En agglomération,Hors intersection,Temps couvert,Autre collision,,,,,,,,,,,1,2,1,8.0,6.0
201800040028,0018-12-06 12:40:00,18,12,6,12,40,930,31,MARNE (AVENUE DE LA),48.95707,2.32608,Plein jour,En agglomération,Hors intersection,Pluie légère,Autre collision,,,,,,,,,,,1,2,1,2.0,6.0
201800040029,0018-12-13 10:50:00,18,12,13,10,50,930,31,SAINT LEU (ROUTE DE) > 1,48.95843,2.3291,Plein jour,En agglomération,Intersection en T,Normale,Autre collision,,,,,,,,,,,1,2,3,1.0,6.0
201800040030,0018-12-14 11:25:00,18,12,14,11,25,930,31,JOFFRE (AVENUE),48.95672,2.30425,Plein jour,En agglomération,Intersection en X,Normale,Deux véhicules - côté,,,,,,,,,,,1,2,2,1.0,3.0
201800040031,0018-12-16 02:27:00,18,12,16,2,27,930,31,JOFFRE (AVENUE),48.95,2.29,Nuit avec éclairage allumé,En agglomération,Hors intersection,Pluie légère,Autre collision,,,,,,,,,,,5,2,1,2.0,6.0
201800040032,0018-12-16 15:00:00,18,12,16,15,0,930,72,JULES GUESDE (AVENUE) CO,48.96329,2.38583,Plein jour,En agglomération,Intersection en T,Temps couvert,Deux véhicules - côté,,,,,,,,,,,1,2,3,8.0,3.0
201800040033,0018-12-18 15:10:00,18,12,18,15,10,930,31,ARGENTEUIL (ROUTE D'),48.9614,2.29443,Plein jour,En agglomération,Hors intersection,Normale,Autre collision,,,,,,,,,,,1,2,1,1.0,6.0
201800040034,0018-12-20 19:40:00,18,12,20,19,40,930,79,JEAN BAPTISTE CLEMENT (P,48.96279,2.34362,Nuit avec éclairage allumé,En agglomération,Hors intersection,Normale,Deux véhicules - côté,,,,,,,,,,,5,2,1,1.0,3.0
201800040035,0018-12-21 14:45:00,18,12,21,14,45,930,31,LEON BLUM (AVENUE),48.95846,2.31186,Plein jour,En agglomération,Hors intersection,Normale,Autre collision,,,,,,,,,,,1,2,1,1.0,6.0
201800040036,0018-12-21 22:30:00,18,12,21,22,30,930,31,ARGENTEUIL (ROUTE D'),48.95935,2.29094,Nuit avec éclairage allumé,En agglomération,Hors intersection,Pluie légère,Autre collision,,,,,,,,,,,5,2,1,2.0,6.0
201800040037,0018-12-23 10:15:00,18,12,23,10,15,930,31,MARNE (AVENUE DE LA),,,Plein jour,En agglomération,Intersection en X,Pluie forte,Autre collision,,,,,,,,,,,1,2,2,3.0,6.0
201800040038,0018-12-24 07:30:00,18,12,24,7,30,930,31,REPUBLIQUE (AVENUE),48.94701,2.3426,Nuit avec éclairage allumé,En agglomération,Hors intersection,Pluie légère,Autre collision,,,,,,,,,,,5,2,1,2.0,6.0
201800040039,0018-05-07 08:30:00,18,5,7,8,30,930,32,"1, JEAN JAURES (AVENUE)",48.845,2.53345,Plein jour,En agglomération,Hors intersection,Temps éblouissant,Autre collision,,,,,,,,,,,1,2,1,7.0,6.0
201800040040,0018-05-20 21:30:00,18,5,20,21,30,930,32,"226, MONTFERMEIL   (ALLE",48.89868,2.54398,Nuit avec éclairage allumé,En agglomération,Hors intersection,Normale,Deux véhicules - côté,,,,,,,,,,,5,2,1,1.0,3.0
201800040041,0018-05-28 11:00:00,18,5,28,11,0,930,32,"4, SAINT GERMAIN  (RUE)",48.8847,2.53203,Plein jour,En agglomération,Hors intersection,Normale,Deux véhicules - côté,,,,,,,,,,,1,2,1,1.0,3.0
201800040042,0018-06-06 16:15:00,18,6,6,16,15,930,32,"77, JEAN JAURES (AVENUE)",48.8825,2.5243,Plein jour,En agglomération,Hors intersection,Normale,Autre collision,,,,,,,,,,,1,2,1,1.0,6.0
201800040043,0018-06-07 16:55:00,18,6,7,16,55,930,32,"91, ARISTIDE BRIAND (RUE",48.88321,2.53533,Plein jour,En agglomération,Intersection en T,Normale,Deux véhicules - côté,,,,,,,,,,,1,2,3,1.0,3.0
201800040044,0018-06-11 09:15:00,18,6,11,9,15,930,32,MARRONNIERS   (AVENUE DE,48.86833,2.55778,Plein jour,En agglomération,Hors intersection,Autre,Autre collision,,,,,,,,,,,1,2,1,9.0,6.0
201800040045,0018-06-11 11:50:00,18,6,11,11,50,930,32,"69, JEAN JAURES (AVENUE)",48.88,2.52,Plein jour,En agglomération,Hors intersection,Temps couvert,Autre collision,,,,,,,,,,,1,2,1,8.0,6.0
201800040046,0018-06-12 09:10:00,18,6,12,9,10,930,32,MAURICE   (AVENUE),,,Plein jour,En agglomération,Intersection en X,Pluie légère,Deux véhicules - côté,,,,,,,,,,,1,2,2,2.0,3.0
201800040047,0018-06-24 19:10:00,18,6,24,19,10,930,32,"133, ROGER SALENGRO (AV",48.87244,2.56684,Plein jour,En agglomération,Intersection en X,Normale,Deux véhicules - côté,,,,,,,,,,,1,2,2,1.0,3.0
201800040048,0018-07-05 16:25:00,18,7,5,16,25,930,32,CHARLES   (AVENUE),48.89045,2.52171,Plein jour,En agglomération,Intersection en X,Normale,Deux véhicules - côté,,,,,,,,,,,1,2,2,1.0,3.0
201800040049,0018-07-10 06:55:00,18,7,10,6,55,930,32,GABRIEL   (AVENUE),48.88968,2.52146,Plein jour,En agglomération,Hors intersection,Normale,Autre collision,,,,,,,,,,,1,2,1,1.0,6.0
201800040050,0018-07-22 17:15:00,18,7,22,17,15,930,32,MEAUX   (RUE DE),48.87574,2.55539,Plein jour,En agglomération,Intersection en X,Normale,Deux véhicules - côté,,,,,,,,,,,1,2,2,1.0,3.0
201800040051,0018-07-24 18:00:00,18,7,24,18,0,930,32,ARISTIDE BRIAND (RUE),,,Plein jour,En agglomération,Intersection en T,Normale,Deux véhicules - côté,,,,,,,,,,,1,2,3,1.0,3.0
201800040052,0018-07-31 08:00:00,18,7,31,8,0,930,32,GRAMMONT   (RUE),48.87263,2.56004,Plein jour,En agglomération,Hors intersection,Normale,Autre collision,,,,,,,,,,,1,2,1,1.0,6.0
201800040053,0018-08-02 10:15:00,18,8,2,10,15,930,32,JEAN JAURES (AVENUE),48.88368,2.53007,Plein jour,En agglomération,Intersection en Y,Normale,Deux véhicules - frontale,,,,,,,,,,,1,2,4,1.0,1.0
201800040054,0018-08-03 09:45:00,18,8,3,9,45,930,32,SAINT DIZIER   (BOULEVAR,48.88655,2.53787,Plein jour,En agglomération,Intersection en X,Normale,Deux véhicules - côté,,,,,,,,,,,1,2,2,1.0,3.0
201800040055,0018-08-14 17:55:00,18,8,14,17,55,930,32,ARISTIDE BRIAND (RUE),48.87691,2.53155,Plein jour,En agglomération,Autre intersection,Normale,Deux véhicules - côté,,,,,,,,,,,1,2,9,1.0,3.0
201800040056,0018-08-26 05:10:00,18,8,26,5,10,930,32,HIPPOLYTE  PINA  (RUE),48.87443,2.55203,Nuit avec éclairage allumé,En agglomération,Intersection à plus de 4 branches,Normale,Deux véhicules - côté,,,,,,,,,,,5,2,5,1.0,3.0
201800040057,0018-09-19 15:30:00,18,9,19,15,30,930,32,JEAN JAURES (AVENUE),48.8,2.5,Plein jour,En agglomération,Hors intersection,Normale,Deux véhicules - arrière,,,,,,,,,,,1,2,1,1.0,2.0
201800040058,0018-09-22 12:11:00,18,9,22,12,11,930,32,PIERRE BEZET  (RUE),48.87881,2.55127,Plein jour,En agglomération,Intersection en T,Normale,Deux véhicules - côté,,,,,,,,,,,1,2,3,1.0,3.0
201800040059,0018-09-27 10:27:00,18,9,27,10,27,930,32,LILLE   (RUE DE),48.8671,2.5624,Plein jour,En agglomération,Hors intersection,Normale,Autre collision,,,,,,,,,,,1,2,1,1.0,6.0
201800040060,0018-09-27 21:20:00,18,9,27,21,20,930,32,PAUL VAILLANT COUTURIER,48.86615,2.56267,Nuit avec éclairage allumé,En agglomération,Hors intersection,Normale,Deux véhicules - arrière,,,,,,,,,,,5,2,1,1.0,2.0
201800040061,0018-10-11 10:55:00,18,10,11,10,55,930,32,"JULES GUESDES  (RUE, DU",,,Plein jour,En agglomération,Hors intersection,Normale,Autre collision,,,,,,,,,,,1,2,1,1.0,6.0