accident_id,datetime,annee,mois,jour,heure,minute,departement,commune_insee,adresse,latitude,longitude,luminosite,agglomeration,intersection,meteo,collision,nb_vehicules,nb_usagers,nb_indemnes,nb_tues,nb_blesses_hosp,nb_blesses_legers,age_cond_1,age_cond_2,veh_type_cond_1,veh_type_cond_2,lum_code,agg_code,int_code,atm_code,col_code
201800040185,0018-04-22 18:58:00,18,4,22,18,58,930,46,"77, CONSUL GENERAL NORDL",,,Plein jour,En agglomération,Intersection en X,Normale,Deux véhicules - côté,,,,,,,,,,,1,2,2,1.0,3.0
201800040186,0018-04-24 21:54:00,18,4,24,21,54,930,46,"1, CONSUL GENERAL NORDLI",48.91617,2.53072,Nuit avec éclairage allumé,En agglomération,Intersection en T,Normale,Deux véhicules - côté,,,,,,,,,,,5,2,3,1.0,3.0
201800040187,0018-04-27 20:20:00,18,4,27,20,20,930,74,"1, RACINE RUE",48.94054,2.56932,Plein jour,En agglomération,Intersection en X,Normale,Deux véhicules - côté,,,,,,,,,,,1,2,2,1.0,3.0
201800040188,0018-05-03 20:10:00,18,5,3,20,10,930,46,"1, LOUIS BLANC ROND POIN",,,Plein jour,En agglomération,Hors intersection,Normale,Autre collision,,,,,,,,,,,1,2,1,1.0,6.0
201800040189,0018-05-07 19:15:00,18,5,7,19,15,930,46,"4, PRESSOIR RUE DU",48.92156,2.54582,Plein jour,En agglomération,Hors intersection,Normale,Autre collision,,,,,,,,,,,1,2,1,1.0,6.0
201800040190,0018-05-09 23:20:00,18,5,9,23,20,930,74,"1, MEAUX RUE DE",48.93716,2.58858,Nuit avec éclairage allumé,En agglomération,Intersection en T,Normale,Deux véhicules - côté,,,,,,,,,,,5,2,3,1.0,3.0
201800040191,0018-05-16 11:15:00,18,5,16,11,15,930,46,REPUBLIQUE AVENUE DE LA,,,Plein jour,En agglomération,Hors intersection,Normale,Sans collision,,,,,,,,,,,1,2,1,1.0,7.0
201800040192,0018-05-16 20:39:00,18,5,16,20,39,930,46,MARECHAL LECLERC AVENUE,48.92015,2.53928,Plein jour,En agglomération,Intersection en X,Normale,Deux véhicules - côté,,,,,,,,,,,1,2,2,1.0,3.0
201800040193,0018-05-20 10:35:00,18,5,20,10,35,930,46,"8, WINSTON CHURCHILL AVE",,,Plein jour,En agglomération,Hors intersection,Normale,Autre collision,,,,,,,,,,,1,2,1,1.0,6.0
201800040194,0018-05-23 15:05:00,18,5,23,15,5,930,46,"19-13, DOCTEUR HERPIN RU",48.91952,2.54563,Plein jour,En agglomération,Hors intersection,Normale,Trois véhicules et plus - en chaîne,,,,,,,,,,,1,2,1,1.0,4.0
201800040195,0018-05-25 00:30:00,18,5,25,0,30,930,46,MARECHAL LECLERC  AVENUE,48.92008,2.53927,Nuit avec éclairage allumé,En agglomération,Intersection en X,Normale,Autre collision,,,,,,,,,,,5,2,2,1.0,6.0
201800040196,0018-05-29 17:40:00,18,5,29,17,40,930,46,"96, MARX DORMOY BOULEVAR",48.90396,2.52159,Plein jour,En agglomération,Hors intersection,Normale,Autre collision,,,,,,,,,,,1,2,1,1.0,6.0
201800040197,0018-06-02 17:55:00,18,6,2,17,55,930,46,LUCIEN MICHARD ALLEE,48.91006,2.53253,Plein jour,En agglomération,Intersection en T,Normale,Deux véhicules - côté,,,,,,,,,,,1,2,3,1.0,3.0
201800040198,0018-06-06 07:50:00,18,6,6,7,50,930,15,"9, PRESSOIRS RUE DU",48.91509,2.57794,Plein jour,En agglomération,Intersection en T,Pluie forte,Autre collision,,,,,,,,,,,1,2,3,3.0,6.0
201800040199,0018-06-07 21:30:00,18,6,7,21,30,930,15,JAURES RUE JEAN,,,Plein jour,En agglomération,Hors intersection,Normale,Autre collision,,,,,,,,,,,1,2,1,1.0,6.0
201800040200,0018-06-12 08:50:00,18,6,12,8,50,930,46,"36, EUROPE BOULEVARD DE",,,Plein jour,En agglomération,Hors intersection,Pluie forte,Trois véhicules et plus - en chaîne,,,,,,,,,,,1,2,1,3.0,4.0
201800040201,0018-06-12 17:10:00,18,6,12,17,10,930,46,"0, MARECHAL LECLERC AVEN",48.9192,2.5377,Plein jour,En agglomération,Intersection en X,Normale,Autre collision,,,,,,,,,,,1,2,2,1.0,6.0
201800040202,0018-06-14 16:20:00,18,6,14,16,20,930,46,"0, ROGER SALENGRO BOULEV",48.91148,2.52843,Plein jour,En agglomération,Intersection en X,Normale,Deux véhicules - côté,,,,,,,,,,,1,2,2,1.0,3.0
201800040203,0018-06-20 16:45:00,18,6,20,16,45,930,46,"0, JOSEPH NOIZE ALLEE",,,Plein jour,En agglomération,Intersection en T,Normale,Autre collision,,,,,,,,,,,1,2,3,1.0,6.0
201800040204,0018-06-21 19:55:00,18,6,21,19,55,930,74,"0, NOLHAC RUE PIERRE DE",48.93415,2.57341,Plein jour,En agglomération,Autre intersection,Normale,Deux véhicules - frontale,,,,,,,,,,,1,2,9,1.0,1.0
201800040205,0018-06-25 08:45:00,18,6,25,8,45,930,74,"2, DAVID RUE ALBERT",,,Plein jour,En agglomération,Intersection en T,Normale,Deux véhicules - frontale,,,,,,,,,,,1,2,3,1.0,1.0
201800040206,0018-06-27 08:50:00,18,6,27,8,50,930,46,"71, REPUBLIQUE AVENUE DE",48.90641,2.52242,Plein jour,En agglomération,Hors intersection,Normale,Autre collision,,,,,,,,,,,1,2,1,1.0,6.0
201800040207,0018-06-29 23:30:00,18,6,29,23,30,930,74,"10, BOUCHER RUE ALEXANDR",48.93352,6.0,Nuit avec éclairage allumé,En agglomération,Autre intersection,Normale,Autre collision,,,,,,,,,,,5,2,9,1.0,6.0
201800040208,0018-07-03 10:30:00,18,7,3,10,30,930,74,"66, AMYOT BOULEVARD JACQ",48.93528,2.56835,Plein jour,En agglomération,Hors intersection,Temps éblouissant,Trois véhicules et plus - en chaîne,,,,,,,,,,,1,2,1,7.0,4.0
201800040209,0018-07-09 11:10:00,18,7,9,11,10,930,46,"58, JEAN MOULIN BOULEVAR",48.9135,2.5153,Plein jour,En agglomération,Hors intersection,Normale,Deux véhicules - côté,,,,,,,,,,,1,2,1,1.0,3.0
201800040210,0018-07-09 13:50:00,18,7,9,13,50,930,46,ARISTIDE BRIAND AVENUE,,,Plein jour,En agglomération,Intersection en X,Normale,Deux véhicules - arrière,,,,,,,,,,,1,2,2,1.0,2.0
201800040211,0018-07-14 23:20:00,18,7,14,23,20,930,46,"95/97, ARISTIDE BRIAND A",,,Nuit avec éclairage allumé,En agglomération,Hors intersection,Normale,Trois véhicules et plus - collisions multiples,,,,,,,,,,,5,2,1,1.0,5.0
201800040212,0018-07-19 11:15:00,18,7,19,11,15,930,46,ARISTIDE BRIAND  AVENUE,,,Plein jour,En agglomération,Intersection en T,Normale,Deux véhicules - côté,,,,,,,,,,,1,2,3,1.0,3.0
201800040213,0018-07-23 11:00:00,18,7,23,11,0,930,74,BOUCHER RUE ALEXANDRE,,,Plein jour,En agglomération,Intersection en T,Normale,Deux véhicules - frontale,,,,,,,,,,,1,2,3,1.0,1.0
201800040214,0018-07-24 18:40:00,18,7,24,18,40,930,46,PAUL BERT AVENUE,,,Plein jour,En agglomération,Intersection en T,Normale,Deux véhicules - côté,,,,,,,,,,,1,2,3,1.0,3.0
201800040215,0018-07-27 20:53:00,18,7,27,20,53,930,46,ARISTIDE BRIAND AVENUE,48.91196,2.52045,Plein jour,En agglomération,Autre intersection,Normale,Deux véhicules - arrière,,,,,,,,,,,1,2,9,1.0,2.0
201800040216,0018-08-01 09:00:00,18,8,1,9,0,930,46,CONSUL GENERAL NORDLING,48.91837,2.53574,Plein jour,En agglomération,Hors intersection,Normale,Deux véhicules - côté,,,,,,,,,,,1,2,1,1.0,3.0
201800040217,0018-08-08 17:55:00,18,8,8,17,55,930,46,GALLIENI AVENUE,48.91687,2.5089,Plein jour,En agglomération,Intersection en X,Normale,Deux véhicules - côté,,,,,,,,,,,1,2,2,1.0,3.0
201800040218,0018-08-11 20:45:00,18,8,11,20,45,930,46,CONSUL GENERAL NORDLING,48.9165,2.53159,Crépuscule ou aube,En agglomération,Intersection en X,Normale,Deux véhicules - côté,,,,,,,,,,,2,2,2,1.0,3.0
201800040219,0018-08-13 10:15:00,18,8,13,10,15,930,74,Route Nationale 3,,,Plein jour,Hors agglomération,Hors intersection,Normale,Autre collision,,,,,,,,,,,1,1,1,1.0,6.0
201800040220,0018-08-28 17:30:00,18,8,28,17,30,930,46,POUDRERIE Avenue DE LA,48.93263,2.55421,Plein jour,En agglomération,Intersection en X,Normale,Deux véhicules - côté,,,,,,,,,,,1,2,2,1.0,3.0
201800040221,0018-09-04 19:30:00,18,9,4,19,30,930,46,ARISTIDE BRIAND AVENUE,48.91062,2.51235,Plein jour,En agglomération,Intersection en X,Normale,Deux véhicules - côté,,,,,,,,,,,1,2,2,1.0,3.0
201800040222,0018-09-06 19:00:00,18,9,6,19,0,930,46,CONSUL GENERAL NORDLING,48.91788,2.53466,Plein jour,En agglomération,Intersection en T,Normale,Deux véhicules - côté,,,,,,,,,,,1,2,3,1.0,3.0
201800040223,0018-09-08 07:10:00,18,9,8,7,10,930,46,CONSUL GENERAL NORDLING,48.9162,2.53071,Plein jour,En agglomération,Intersection en X,Normale,Deux véhicules - côté,,,,,,,,,,,1,2,2,1.0,3.0
201800040224,0018-09-11 17:50:00,18,9,11,17,50,930,46,CONSUL GENERAL NORDLING,,,Plein jour,En agglomération,Hors intersection,Normale,Deux véhicules - côté,,,,,,,,,,,1,2,1,1.0,3.0
201800040225,0018-09-19 07:15:00,18,9,19,7,15,930,46,VAUJOURS RUE DE,48.92328,2.55056,Plein jour,En agglomération,Hors intersection,Normale,Autre collision,,,,,,,,,,,1,2,1,1.0,6.0
201800040226,0018-09-19 18:10:00,18,9,19,18,10,930,74,MEAUX RUE DE,48.93464,2.56633,Plein jour,En agglomération,Intersection en X,Temps éblouissant,Deux véhicules - frontale,,,,,,,,,,,1,2,2,7.0,1.0
201800040227,0018-09-22 11:30:00,18,9,22,11,30,930,74,DE GAULLE AVENUE DU GENE,48.9414,2.57006,Plein jour,En agglomération,Hors intersection,Normale,Autre collision,,,,,,,,,,,1,2,1,1.0,6.0
201800040228,0018-09-23 02:50:00,18,9,23,2,50,930,46,MARECHAL LECLERC AVENUE,48.92181,2.54236,Nuit avec éclairage allumé,En agglomération,Hors intersection,Normale,Autre collision,,,,,,,,,,,5,2,1,1.0,6.0
201800040229,0018-09-24 16:55:00,18,9,24,16,55,930,46,JULES VALLES RUE,,,Plein jour,En agglomération,Hors intersection,Normale,Autre collision,,,,,,,,,,,1,2,1,1.0,6.0
201800040230,0018-09-24 21:05:00,18,9,24,21,5,930,74,MEAUX RUE DE,,,Nuit avec éclairage allumé,En agglomération,Hors intersection,Normale,Deux véhicules - arrière,,,,,,,,,,,5,2,1,1.0,2.0
201800040231,0018-09-27 13:30:00,18,9,27,13,30,930,46,JEAN JACQUES ROUSSEAU AV,,,Plein jour,En agglomération,Intersection en Y,Normale,Deux véhicules - côté,,,,,,,,,,,1,2,4,1.0,3.0
201800040232,0018-09-29 14:30:00,18,9,29,14,30,930,46,JULES VALLES RUE,48.91961,2.53985,Plein jour,En agglomération,Autre intersection,Normale,Deux véhicules - côté,,,,,,,,,,,1,2,9,1.0,3.0
201800040233,0018-10-01 09:25:00,18,10,1,9,25,930,46,LUCIE AUBRAC ALLEE,48.9328,2.5441,Plein jour,En agglomération,Hors intersection,Normale,Deux véhicules - côté,,,,,,,,,,,1,2,1,1.0,3.0
201800040234,0018-10-08 18:20:00,18,10,8,18,20,930,46,MARECHAL LECLERC AVENUE,48.91998,2.53923,Plein jour,En agglomération,Hors intersection,Normale,Autre collision,,,,,,,,,,,1,2,1,1.0,6.0
201800040235,0018-10-10 03:22:00,18,10,10,3,22,930,46,JULES GUESDES AVENUE,48.91054,2.51186,Nuit avec éclairage allumé,En agglomération,Intersection en X,Normale,Autre collision,,,,,,,,,,,5,2,2,1.0,6.0
201800040236,0018-10-11 09:20:00,18,10,11,9,20,930,74,BRETAGNE RUE DE,,,Plein jour,En agglomération,Intersection en T,Normale,Deux véhicules - côté,,,,,,,,,,,1,2,3,1.0,3.0
201800040237,0018-11-07 11:55:00,18,11,7,11,55,930,46,PAUL BERT AVENUE,48.9195,2.5231,Plein jour,En agglomération,Intersection en X,Pluie forte,Deux véhicules - côté,,,,,,,,,,,1,2,2,3.0,3.0
201800040238,0018-11-07 23:15:00,18,11,7,23,15,930,74,MEAUX RUE DE,48.93462,2.56629,Nuit avec éclairage allumé,En agglomération,Intersection en X,Normale,Deux véhicules - côté,,,,,,,,,,,5,2,2,1.0,3.0
201800040239,0018-11-10 13:10:00,18,11,10,13,10,930,46,JEAN JACQUES ROUSSEAU AV,,,Plein jour,En agglomération,Hors intersection,Pluie forte,Deux véhicules - côté,,,,,,,,,,,1,2,1,3.0,3.0
201800040240,0018-11-12 19:45:00,18,11,12,19,45,930,46,POUDRERIE ALLEE de la,48.93086,2.5552,Nuit avec éclairage allumé,En agglomération,Hors intersection,Normale,Autre collision,,,,,,,,,,,5,2,1,1.0,6.0
201800040241,0018-11-12 17:05:00,18,11,12,17,5,930,46,CHANZY AVENUE DE,,,Crépuscule ou aube,En agglomération,Autre intersection,Pluie légère,Deux véhicules - arrière,,,,,,,,,,,2,2,9,2.0,2.0
201800040242,0018-11-13 23:30:00,18,11,13,23,30,930,46,VAUBAN AVENUE,48.91658,2.52212,Nuit avec éclairage allumé,En agglomération,Intersection en X,Normale,Sans collision,,,,,,,,,,,5,2,2,1.0,7.0
201800040243,0018-11-17 16:20:00,18,11,17,16,20,930,46,WINSTON CHURCHILL AVENUE,,,Plein jour,En agglomération,Intersection en X,Normale,Deux véhicules - côté,,,,,,,,,,,1,2,2,1.0,3.0
201800040244,0018-11-20 20:40:00,18,11,20,20,40,930,46,ARISTIDE BRIAND AVENUE,,,Nuit avec éclairage allumé,En agglomération,Hors intersection,Temps couvert,Autre collision,,,,,,,,,,,5,2,1,8.0,6.0
201800040245,0018-11-21 13:10:00,18,11,21,13,10,930,46,JULES GUESDES AVENUE,48.91067,2.5121,Plein jour,En agglomération,Hors intersection,Normale,Deux véhicules - arrière,,,,,,,,,,,1,2,1,1.0,2.0
201800040246,0018-11-21 13:45:00,18,11,21,13,45,930,15,JAURES RUE JEAN,,,Plein jour,En agglomération,Hors intersection,Normale,Deux véhicules - arrière,,,,,,,,,,,1,2,1,1.0,2.0
201800040247,0018-11-24 18:45:00,18,11,24,18,45,930,46,ARISTIDE BRIAND AVENUE,48.91172,2.51977,Nuit avec éclairage allumé,En agglomération,Hors intersection,Normale,Trois véhicules et plus - en chaîne,,,,,,,,,,,5,2,1,1.0,4.0
201800040248,0018-11-26 00:15:00,18,11,26,0,15,930,46,ARISTIDE BRIAND AVENUE,48.91518,2.52885,Nuit avec éclairage allumé,En agglomération,Hors intersection,Pluie légère,Deux véhicules - arrière,,,,,,,,,,,5,2,1,2.0,2.0
201800040249,0018-11-27 11:45:00,18,11,27,11,45,930,74,MEAUX RUE DE,,,Plein jour,En agglomération,Hors intersection,Normale,Deux véhicules - arrière,,,,,,,,,,,1,2,1,1.0,2.0
201800040250,0018-11-29 00:35:00,18,11,29,0,35,930,14,MONTFERMEIL (ALLEE DE ),,,Nuit avec éclairage allumé,En agglomération,Hors intersection,Pluie légère,Deux véhicules - arrière,,,,,,,,,,,5,2,1,2.0,2.0
201800040251,0018-12-01 18:35:00,18,12,1,18,35,930,74,MARE NEUVE RUE DE LA,48.86272,2.28759,Nuit avec éclairage allumé,En agglomération,Hors intersection,Pluie légère,Autre collision,,,,,,,,,,,5,2,1,2.0,6.0
201800040252,0018-12-04 08:25:00,18,12,4,8,25,930,46,POSTES CHEMIN DES,48.91305,2.53999,Plein jour,En agglomération,Intersection en X,Autre,Deux véhicules - arrière,,,,,,,,,,,1,2,2,9.0,2.0
201800040253,0018-12-04 23:20:00,18,12,4,23,20,930,15,JAURES RUE JEAN,48.91549,2.57225,Nuit avec éclairage allumé,En agglomération,Intersection en T,Normale,Deux véhicules - frontale,,,,,,,,,,,5,2,3,1.0,1.0
201800040254,0018-12-05 08:50:00,18,12,5,8,50,930,74,Route Nationale 3,48.93305,2.56121,Plein jour,Hors agglomération,Hors intersection,Temps couvert,Autre collision,,,,,,,,,,,1,1,1,8.0,6.0
201800040255,0018-12-06 19:00:00,18,12,6,19,0,930,46,EUROPE BOULEVARD DE L',48.92628,2.55001,Nuit avec éclairage allumé,En agglomération,Hors intersection,Normale,Trois véhicules et plus - en chaîne,,,,,,,,,,,5,2,1,1.0,4.0
201800040256,0018-12-07 19:05:00,18,12,7,19,5,930,46,MARECHAL LECLERC AVENUE,48.91912,2.53747,Nuit avec éclairage allumé,En agglomération,Intersection en T,Normale,Deux véhicules - côté,,,,,,,,,,,5,2,3,1.0,3.0
201800040257,0018-12-10 19:35:00,18,12,10,19,35,930,46,MAURICE BERTHEAUX ALLEE,49.91514,2.5156,Nuit avec éclairage allumé,En agglomération,Hors intersection,Normale,Autre collision,,,,,,,,,,,5,2,1,1.0,6.0
201800040258,0018-12-11 16:20:00,18,12,11,16,20,930,46,SOURCE ALLEE DE LA,48.92034,2.51294,Plein jour,En agglomération,Hors intersection,Temps couvert,Autre collision,,,,,,,,,,,1,2,1,8.0,6.0
201800040259,0018-12-11 23:30:00,18,12,11,23,30,930,15,JAURES RUE JEAN,48.91444,2.56787,Nuit avec éclairage allumé,En agglomération,Giratoire,Normale,Autre collision,,,,,,,,,,,5,2,6,1.0,6.0
201800040260,0018-12-13 19:45:00,18,12,13,19,45,930,46,JEAN MOULIN BOULEVARD,48.91079,2.5125,Nuit avec éclairage allumé,En agglomération,Hors intersection,Normale,Trois véhicules et plus - collisions multiples,,,,,,,,,,,5,2,1,1.0,5.0
201800040261,0018-12-15 01:40:00,18,12,15,1,40,930,46,CHARLES DE GAULLE AVENUE,48.91685,2.53088,Nuit avec éclairage allumé,En agglomération,Autre intersection,Normale,Deux véhicules - côté,,,,,,,,,,,5,2,9,1.0,3.0
201800040262,0018-12-16 13:40:00,18,12,16,13,40,930,46,ARISTIDE BRIAND AVENUE,48.91041,2.5108,Plein jour,En agglomération,Hors intersection,Temps couvert,Deux véhicules - arrière,,,,,,,,,,,1,2,1,8.0,2.0
201800040263,0018-12-17 14:25:00,18,12,17,14,25,930,46,CONSUL GENERAL NORDLING,48.91619,2.53075,Plein jour,En agglomération,Intersection en T,Temps éblouissant,Deux véhicules - côté,,,,,,,,,,,1,2,3,7.0,3.0
201800040264,0018-12-19 16:20:00,18,12,19,16,20,930,46,CHANZY boulevard DE,48.91024,2.51945,Plein jour,En agglomération,Hors intersection,Normale,Deux véhicules - arrière,,,,,,,,,,,1,2,1,1.0,2.0
201800040265,0018-12-23 17:20:00,18,12,23,17,20,930,46,VOLTAIRE AVENUE,48.9294,2.54607,Nuit avec éclairage allumé,En agglomération,Intersection en X,Pluie légère,Deux véhicules - côté,,,,,,,,,,,5,2,2,2.0,3.0
201800040266,0018-12-29 14:20:00,18,12,29,14,20,930,46,EGLISE RUE DE L',48.92214,2.54558,Plein jour,En agglomération,Hors intersection,Temps couvert,Autre collision,,,,,,,,,,,1,2,1,8.0,6.0
201800040267,0018-12-30 20:10:00,18,12,30,20,10,930,46,MARECHAL LECLERC AVENUE,48.92128,2.54117,Nuit avec éclairage allumé,En agglomération,Hors intersection,Pluie légère,Deux véhicules - frontale,,,,,,,,,,,5,2,1,2.0,1.0
201800040268,0018-01-03 16:20:00,18,1,3,16,20,930,48,"210, ARISTIDE BRIAND (Bd",,,Plein jour,En agglomération,Autre intersection,Pluie légère,Deux véhicules - côté,,,,,,,,,,,1,2,9,2.0,3.0
201800040269,0018-01-07 10:15:00,18,1,7,10,15,930,48,"1, JACQUES DUCLOS (RUE)",48.85786,2.43573,Plein jour,En agglomération,Place,Pluie légère,Deux véhicules - côté,,,,,,,,,,,1,2,7,2.0,3.0
201800040270,0018-01-16 19:01:00,18,1,16,19,1,930,48,"150, THEOPHILE SUEUR (BO",48.86,2.46775,Nuit avec éclairage allumé,En agglomération,Hors intersection,Pluie légère,Sans collision,,,,,,,,,,,5,2,1,2.0,7.0
201800040271,0018-01-23 20:15:00,18,1,23,20,15,930,48,"136, ROSNY (RUE DE)",,,Nuit sans éclairage public,En agglomération,Intersection en X,Temps couvert,Deux véhicules - frontale,,,,,,,,,,,3,2,2,8.0,1.0
201800040272,0018-02-01 01:40:00,18,2,1,1,40,930,48,"183, ARISTIDE BRIAND S2",48.87514,2.45506,Nuit avec éclairage allumé,En agglomération,Autre intersection,Temps couvert,Deux véhicules - côté,,,,,,,,,,,5,2,9,8.0,3.0
201800040273,0018-02-02 08:15:00,18,2,2,8,15,930,48,"59, RESISTANCE (AVENUE D",48.8611,2.43866,Crépuscule ou aube,En agglomération,Hors intersection,Normale,Autre collision,,,,,,,,,,,2,2,1,1.0,6.0
201800040274,0018-02-02 15:15:00,18,2,2,15,15,930,48,"225, BOISSIERE (BOULEVAR",,,Plein jour,En agglomération,Hors intersection,Normale,Deux véhicules - arrière,,,,,,,,,,,1,2,1,1.0,2.0
201800040275,0018-02-03 19:45:00,18,2,3,19,45,930,48,"236, BOISSIERE (BOULEVAR",,,Nuit avec éclairage allumé,En agglomération,Hors intersection,Pluie légère,Autre collision,,,,,,,,,,,5,2,1,2.0,6.0
201800040276,0018-02-10 03:00:00,18,2,10,3,0,930,50,"49, LOUIS ARMAND (RUE)",48.86373,2.52048,Nuit avec éclairage allumé,En agglomération,Hors intersection,Neige / grêle,Autre collision,,,,,,,,,,,5,2,1,4.0,6.0
201800040277,0018-02-11 06:15:00,18,2,11,6,15,930,64,"26, BEAULIEU (RUE EDOUAR",48.871,2.49,Crépuscule ou aube,En agglomération,Intersection en X,Pluie légère,Deux véhicules - côté,,,,,,,,,,,2,2,2,2.0,3.0
201800040278,0018-02-12 00:10:00,18,2,12,0,10,930,48,"149, PARIS (RUE DE)",48.856,2.42442,Nuit avec éclairage allumé,En agglomération,Hors intersection,Temps couvert,Deux véhicules - arrière,,,,,,,,,,,5,2,1,8.0,2.0
201800040279,0018-02-12 08:50:00,18,2,12,8,50,930,48,"25, FRANKLIN (RUE)",48.86149,2.44355,Plein jour,En agglomération,Hors intersection,Normale,Autre collision,,,,,,,,,,,1,2,1,1.0,6.0
201800040280,0018-02-13 13:30:00,18,2,13,13,30,930,48,"226, BOISSIERE (BOULEVAR",,,Plein jour,En agglomération,Autre intersection,Normale,Autre collision,,,,,,,,,,,1,2,9,1.0,6.0
201800040281,0018-02-14 20:10:00,18,2,14,20,10,930,48,", VICTOR BEAUSSE (RUE)",48.86608,2.44666,Nuit avec éclairage allumé,En agglomération,Intersection en X,Pluie légère,Autre collision,,,,,,,,,,,5,2,2,2.0,6.0
201800040282,0018-02-24 11:30:00,18,2,24,11,30,930,48,"268, ETIENNE MARCEL (RUE",48.8562,2.4182,Plein jour,En agglomération,Intersection en X,Normale,Deux véhicules - côté,,,,,,,,,,,1,2,2,1.0,3.0
201800040283,0018-02-24 15:30:00,18,2,24,15,30,930,48,"276, THEOPHILE SUEUR (BO",48.85857,2.46681,Plein jour,En agglomération,Hors intersection,Normale,Deux véhicules - côté,,,,,,,,,,,1,2,1,1.0,3.0
201800040284,0018-03-02 14:30:00,18,3,2,14,30,930,48,"103b, PARIS (RUE DE)",,,Plein jour,En agglomération,Hors intersection,Temps couvert,Autre collision,,,,,,,,,,,1,2,1,8.0,6.0
201800040285,0018-03-06 08:35:00,18,3,6,8,35,930,48,"189, BOISSIERE (BOULEVAR",48.87718,2.46295,Plein jour,En agglomération,Intersection en X,Normale,Autre collision,,,,,,,,,,,1,2,2,1.0,6.0
201800040286,0018-03-06 11:40:00,18,3,6,11,40,930,48,"24, PARIS (RUE DE)",48.85797,2.43538,Plein jour,En agglomération,Hors intersection,Normale,Autre collision,,,,,,,,,,,1,2,1,1.0,6.0
201800040287,0018-03-30 09:40:00,18,3,30,9,40,930,48,"151, BOISSIERE (BOULEVAR",48.87763,2.46025,Plein jour,En agglomération,Intersection en T,Temps couvert,Deux véhicules - côté,,,,,,,,,,,1,2,3,8.0,3.0
201800040288,0018-03-30 21:10:00,18,3,30,21,10,930,48,"137, HENRI BARBUSSE (BOU",48.87138,2.43967,Nuit avec éclairage allumé,En agglomération,Intersection en X,Normale,Deux véhicules - côté,,,,,,,,,,,5,2,2,1.0,3.0
201800040289,0018-04-01 16:45:00,18,4,1,16,45,930,48,"1, THEOPHILE SUEUR (BOUL",48.8711,2.47089,Plein jour,En agglomération,Intersection en X,Normale,Autre collision,,,,,,,,,,,1,2,2,1.0,6.0
201800040290,0018-04-03 13:30:00,18,4,3,13,30,930,48,"3, ROSNY (RUE DE)",,,Plein jour,En agglomération,Hors intersection,Normale,Autre collision,,,,,,,,,,,1,2,1,1.0,6.0
201800040291,0018-04-04 16:30:00,18,4,4,16,30,930,48,"29, GABRIEL PERI (AVENUE",48.85685,2.44295,Plein jour,En agglomération,Hors intersection,Pluie forte,Autre collision,,,,,,,,,,,1,2,1,3.0,6.0
201800040292,0018-04-05 15:40:00,18,4,5,15,40,930,48,"23, COTE DU NORD (RUE DE",48.86261,2.4709,Plein jour,En agglomération,Hors intersection,Normale,Deux véhicules - côté,,,,,,,,,,,1,2,1,1.0,3.0
201800040293,0018-04-05 17:35:00,18,4,5,17,35,930,48,"5, LAVOISIER (RUE)",,,Plein jour,En agglomération,Hors intersection,Normale,Autre collision,,,,,,,,,,,1,2,1,1.0,6.0
201800040294,0018-04-10 08:50:00,18,4,10,8,50,930,48,"23, PAUL SIGNAC (AVENUE)",,,Plein jour,En agglomération,Hors intersection,Normale,Deux véhicules - frontale,,,,,,,,,,,1,2,1,1.0,1.0
201800040295,0018-04-13 12:00:00,18,4,13,12,0,930,48,"247, ROSNY S4 (RUE DE)",48.86944,2.46348,Plein jour,En agglomération,Hors intersection,Normale,Deux véhicules - frontale,,,,,,,,,,,1,2,1,1.0,1.0
201800040296,0018-04-17 20:56:00,18,4,17,20,56,930,48,"29, VALMY (RUE DE)",,,Crépuscule ou aube,En agglomération,Intersection en X,Normale,Deux véhicules - frontale,,,,,,,,,,,2,2,2,1.0,1.0
201800040297,0018-04-22 20:20:00,18,4,22,20,20,930,48,"40, BELAIR (RUE DU)",48.86075,2.45974,Crépuscule ou aube,En agglomération,Intersection en X,Normale,Deux véhicules - côté,,,,,,,,,,,2,2,2,1.0,3.0
201800040298,0018-04-28 17:23:00,18,4,28,17,23,930,48,"10, ANATOLE FRANCE (RUE)",48.86291,2.46388,Plein jour,En agglomération,Passage à niveau,Normale,Autre collision,,,,,,,,,,,1,2,8,1.0,6.0
201800040299,0018-05-05 11:35:00,18,5,5,11,35,930,48,"34, MIDI (RUE DU)",48.86952,2.43801,Plein jour,En agglomération,Intersection en X,Temps éblouissant,Autre collision,,,,,,,,,,,1,2,2,7.0,6.0
201800040300,0018-05-06 11:15:00,18,5,6,11,15,930,48,"135, BOISSIERE (BOULEVAR",,,Plein jour,En agglomération,Hors intersection,Normale,Deux véhicules - arrière,,,,,,,,,,,1,2,1,1.0,2.0
201800040301,0018-05-07 18:45:00,18,5,7,18,45,930,48,MARCEAU (RUE),48.84905,2.42635,Plein jour,En agglomération,Intersection à plus de 4 branches,Normale,Deux véhicules - côté,,,,,,,,,,,1,2,5,1.0,3.0
201800040302,0018-05-07 23:50:00,18,5,7,23,50,930,48,"11, PASTEUR S2  (AVENUE)",48.86378,2.43969,Nuit avec éclairage allumé,En agglomération,Intersection en X,Normale,Deux véhicules - côté,,,,,,,,,,,5,2,2,1.0,3.0
201800040303,0018-05-08 19:05:00,18,5,8,19,5,930,48,"56, HOCHE (RUE)",,,Plein jour,En agglomération,Hors intersection,Normale,Autre collision,,,,,,,,,,,1,2,1,1.0,6.0
201800040304,0018-05-09 17:10:00,18,5,9,17,10,930,48,"1, CHANZY (BOULEVARD)",48.85805,2.43562,Plein jour,En agglomération,Intersection en T,Normale,Deux véhicules - côté,,,,,,,,,,,1,2,3,1.0,3.0