accident_id,datetime,annee,mois,jour,heure,minute,departement,commune_insee,adresse,latitude,longitude,luminosite,agglomeration,intersection,meteo,collision,nb_vehicules,nb_usagers,nb_indemnes,nb_tues,nb_blesses_hosp,nb_blesses_legers,age_cond_1,age_cond_2,veh_type_cond_1,veh_type_cond_2,lum_code,agg_code,int_code,atm_code,col_code
201800040305,0018-05-11 13:00:00,18,5,11,13,0,930,48,"25, ARISTIDE BRIAND (BOU",48.8625,2.4553,Plein jour,En agglomération,Hors intersection,Normale,Autre collision,,,,,,,,,,,1,2,1,1.0,6.0
201800040306,0018-05-15 21:40:00,18,5,15,21,40,930,48,"31, BARBES (RUE)",,,Nuit avec éclairage allumé,En agglomération,Hors intersection,Normale,Deux véhicules - côté,,,,,,,,,,,5,2,1,1.0,3.0
201800040307,0018-05-16 08:40:00,18,5,16,8,40,930,48,"8, HENRI BARBUSSE (BOULE",48.86427,2.44417,Plein jour,En agglomération,Autre intersection,Normale,Deux véhicules - côté,,,,,,,,,,,1,2,9,1.0,3.0
201800040308,0018-05-18 18:05:00,18,5,18,18,5,930,48,"148, THEOPHILE SUEUR (BO",48.86032,2.46642,Plein jour,En agglomération,Intersection en T,Normale,Deux véhicules - côté,,,,,,,,,,,1,2,3,1.0,3.0
201800040309,0018-05-18 20:15:00,18,5,18,20,15,930,48,THEOPHILE SUEUR (BOULEVA,48.86097,2.46631,Plein jour,En agglomération,Hors intersection,Normale,Deux véhicules - frontale,,,,,,,,,,,1,2,1,1.0,1.0
201800040310,0018-05-20 19:30:00,18,5,20,19,30,930,48,ROLLAND MARTIN (ALLEE),48.86506,2.47745,Plein jour,En agglomération,Hors intersection,Normale,Autre collision,,,,,,,,,,,1,2,1,1.0,6.0
201800040311,0018-05-21 23:50:00,18,5,21,23,50,930,48,"58, ARISTIDE BRIAND S2 (",48.87073,2.45129,Nuit sans éclairage public,En agglomération,Hors intersection,Normale,Deux véhicules - côté,,,,,,,,,,,3,2,1,1.0,3.0
201800040312,0018-05-23 20:20:00,18,5,23,20,20,930,48,"106, PIERRE DE MONTREUIL",48.86352,2.46261,Crépuscule ou aube,En agglomération,Hors intersection,Normale,Deux véhicules - frontale,,,,,,,,,,,2,2,1,1.0,1.0
201800040313,0018-05-28 09:00:00,18,5,28,9,0,930,48,"68, SAINT MANDE (RUE DE)",48.8498,2.41715,Plein jour,En agglomération,Hors intersection,Normale,Deux véhicules - côté,,,,,,,,,,,1,2,1,1.0,3.0
201800040314,0018-05-28 19:00:00,18,5,28,19,0,930,48,"97, PASTEUR S2  (AVENUE)",48.87035,2.43165,Plein jour,En agglomération,Hors intersection,Pluie légère,Deux véhicules - arrière,,,,,,,,,,,1,2,1,2.0,2.0
201800040315,0018-05-29 12:20:00,18,5,29,12,20,930,48,"17, ANATOLE FRANCE (RUE)",,,Plein jour,En agglomération,Hors intersection,Pluie légère,Deux véhicules - côté,,,,,,,,,,,1,2,1,2.0,3.0
201800040316,0018-05-29 21:45:00,18,5,29,21,45,930,48,THEOPHILE SUEUR (BOULEVA,48.863,2.464,Nuit avec éclairage allumé,En agglomération,Hors intersection,Pluie forte,Deux véhicules - côté,,,,,,,,,,,5,2,1,3.0,3.0
201800040317,0018-05-30 13:15:00,18,5,30,13,15,930,48,"35, ARISTIDE BRIAND (BOU",,,Plein jour,En agglomération,Hors intersection,Normale,Autre collision,,,,,,,,,,,1,2,1,1.0,6.0
201800040318,0018-06-05 10:50:00,18,6,5,10,50,930,48,"224, THEOPHILE SUEUR (BO",48.86283,2.46622,Plein jour,En agglomération,Intersection en X,Temps couvert,Trois véhicules et plus - collisions multiples,,,,,,,,,,,1,2,2,8.0,5.0
201800040319,0018-06-02 18:50:00,18,6,2,18,50,930,48,"35, PAUL VAILLANT COUTUR",,,Plein jour,En agglomération,Hors intersection,Normale,Autre collision,,,,,,,,,,,1,2,1,1.0,6.0
201800040320,0018-06-13 09:45:00,18,6,13,9,45,930,48,"5, ALEMBERT (RUE D')",,,Plein jour,En agglomération,Hors intersection,Normale,Autre collision,,,,,,,,,,,1,2,1,1.0,6.0
201800040321,0018-06-16 19:55:00,18,6,16,19,55,930,48,"21, DOUY DELCUPE (RUE)",48.85583,2.43085,Plein jour,En agglomération,Intersection en X,Normale,Deux véhicules - côté,,,,,,,,,,,1,2,2,1.0,3.0
201800040322,0018-06-21 11:55:00,18,6,21,11,55,930,48,"81, PARIS (RUE DE)",,,Plein jour,En agglomération,Hors intersection,Normale,Autre collision,,,,,,,,,,,1,2,1,1.0,6.0
201800040323,0018-06-21 19:55:00,18,6,21,19,55,930,48,"170, ETIENNE MARCEL (RUE",48.85542,2.41585,Plein jour,En agglomération,Hors intersection,Normale,Trois véhicules et plus - collisions multiples,,,,,,,,,,,1,2,1,1.0,5.0
201800040324,0018-06-22 13:50:00,18,6,22,13,50,930,48,"105, CHANZY (BOULEVARD)",,,Plein jour,En agglomération,Hors intersection,Normale,Deux véhicules - côté,,,,,,,,,,,1,2,1,1.0,3.0
201800040325,0018-06-24 19:30:00,18,6,24,19,30,930,48,"62, PARIS (RUE DE)",48.85724,2.43142,Plein jour,En agglomération,Intersection en X,Temps éblouissant,Autre collision,,,,,,,,,,,1,2,2,7.0,6.0
201800040326,0018-06-26 01:25:00,18,6,26,1,25,930,48,"5, PEPIN (RUE)",48.86381,2.44537,Nuit avec éclairage allumé,En agglomération,Hors intersection,Normale,Autre collision,,,,,,,,,,,5,2,1,1.0,6.0
201800040327,0018-06-26 18:30:00,18,6,26,18,30,930,48,"09, PAUL SIGNAC (AVENUE)",48.86772,2.4533,Plein jour,En agglomération,Hors intersection,Normale,Deux véhicules - côté,,,,,,,,,,,1,2,1,1.0,3.0
201800040328,0018-06-28 17:00:00,18,6,28,17,0,930,48,"84, ARISTIDE BRIAND (BOU",48.87114,2.45197,Plein jour,En agglomération,Intersection en X,Normale,Deux véhicules - côté,,,,,,,,,,,1,2,2,1.0,3.0
201800040329,0018-06-30 17:20:00,18,6,30,17,20,930,48,"80, PARIS (RUE DE)",,,Plein jour,En agglomération,Hors intersection,Normale,Autre collision,,,,,,,,,,,1,2,1,1.0,6.0
201800040330,0018-07-04 03:00:00,18,7,4,3,0,930,48,"1, JACQUES DUCLOS (RUE)",48.85788,2.4369,Nuit avec éclairage allumé,En agglomération,Giratoire,Normale,Deux véhicules - côté,,,,,,,,,,,5,2,6,1.0,3.0
201800040331,0018-07-24 03:35:00,18,7,24,3,35,930,48,PIERRE DE MONTREUIL (RUE,,,Nuit avec éclairage allumé,Hors agglomération,Hors intersection,Normale,Autre collision,,,,,,,,,,,5,1,1,1.0,6.0
201800040332,0018-07-13 10:50:00,18,7,13,10,50,930,48,"2, CHANZY (BOULEVARD)",,,Plein jour,En agglomération,Hors intersection,Normale,Autre collision,,,,,,,,,,,1,2,1,1.0,6.0
201800040333,0018-07-17 14:40:00,18,7,17,14,40,930,48,CHANZY (BOULEVARD),48.85,2.43,Plein jour,En agglomération,Hors intersection,Normale,Deux véhicules - côté,,,,,,,,,,,1,2,1,1.0,3.0
201800040334,0018-07-24 03:30:00,18,7,24,3,30,930,48,DIDIER DAURAT (RUE),,,Nuit sans éclairage public,Hors agglomération,Hors intersection,Normale,Sans collision,,,,,,,,,,,3,1,1,1.0,7.0
201800040335,0018-07-24 19:40:00,18,7,24,19,40,930,48,CHANZY (BOULEVARD),,,Plein jour,En agglomération,Intersection à plus de 4 branches,Normale,Deux véhicules - côté,,,,,,,,,,,1,2,5,1.0,3.0
201800040336,0018-07-30 13:30:00,18,7,30,13,30,930,48,PARIS (RUE DE),,,Plein jour,En agglomération,Autre intersection,Normale,Trois véhicules et plus - en chaîne,,,,,,,,,,,1,2,9,1.0,4.0
201800040337,0018-08-03 14:15:00,18,8,3,14,15,930,48,KLEBER (RUE),48.8549,2.43494,Plein jour,En agglomération,Intersection en X,Normale,Deux véhicules - frontale,,,,,,,,,,,1,2,2,1.0,1.0
201800040338,0018-08-16 10:55:00,18,8,16,10,55,930,48,CHANZY (BOULEVARD),48.85,2.43,Plein jour,En agglomération,Passage à niveau,Normale,Autre collision,,,,,,,,,,,1,2,8,1.0,6.0
201800040339,0018-08-21 13:05:00,18,8,21,13,5,930,48,FERDINAND (AVENUE),,,Plein jour,En agglomération,Hors intersection,Normale,Autre collision,,,,,,,,,,,1,2,1,1.0,6.0
201800040340,0018-08-31 16:15:00,18,8,31,16,15,930,48,PARIS (RUE DE),,,Plein jour,En agglomération,Hors intersection,Normale,Trois véhicules et plus - collisions multiples,,,,,,,,,,,1,2,1,1.0,5.0
201800040341,0018-09-15 12:50:00,18,9,15,12,50,930,48,EGLISE (RUE DE L'),,,Plein jour,En agglomération,Hors intersection,Normale,Autre collision,,,,,,,,,,,1,2,1,1.0,6.0
201800040342,0018-09-20 17:50:00,18,9,20,17,50,930,48,MARCEAU (RUE),48.8546,2.42583,Plein jour,En agglomération,Hors intersection,Normale,Autre collision,,,,,,,,,,,1,2,1,1.0,6.0
201800040343,0018-09-20 20:30:00,18,9,20,20,30,930,48,VALMY (RUE DE),,,Nuit sans éclairage public,En agglomération,Intersection en X,Normale,Deux véhicules - côté,,,,,,,,,,,3,2,2,1.0,3.0
201800040344,0018-09-21 18:30:00,18,9,21,18,30,930,48,THEOPHILE SUEUR (BOULEVA,,,Plein jour,En agglomération,Hors intersection,Normale,Deux véhicules - côté,,,,,,,,,,,1,2,1,1.0,3.0
201800040345,0018-09-25 16:05:00,18,9,25,16,5,930,48,THEOPHILE SUEUR (BOULEVA,,,Plein jour,En agglomération,Hors intersection,Normale,Autre collision,,,,,,,,,,,1,2,1,1.0,6.0
201800040346,0018-09-25 19:35:00,18,9,25,19,35,930,48,COTE DU NORD (RUE DE LA),48.8627,2.4699,Nuit sans éclairage public,En agglomération,Hors intersection,Normale,Autre collision,,,,,,,,,,,3,2,1,1.0,6.0
201800040347,0018-09-29 19:40:00,18,9,29,19,40,930,48,ERNEST RENAN (AVENUE),48.856,2.45827,Nuit avec éclairage allumé,En agglomération,Hors intersection,Normale,Deux véhicules - côté,,,,,,,,,,,5,2,1,1.0,3.0
201800040348,0018-10-01 20:00:00,18,10,1,20,0,930,48,PRESIDENT WILSON (AVENUE,48.85563,2.43955,Crépuscule ou aube,En agglomération,Intersection à plus de 4 branches,Normale,Deux véhicules - arrière,,,,,,,,,,,2,2,5,1.0,2.0
201800040349,0018-10-03 09:15:00,18,10,3,9,15,930,48,CAILLOTS (RUE DES),48.8649,2.4394,Plein jour,En agglomération,Intersection en X,Normale,Autre collision,,,,,,,,,,,1,2,2,1.0,6.0
201800040350,0018-10-06 14:40:00,18,10,6,14,40,930,64,BOISSIERE (BOULEVARD DE,,,Plein jour,En agglomération,Intersection en T,Normale,Trois véhicules et plus - collisions multiples,,,,,,,,,,,1,2,3,1.0,5.0
201800040351,0018-10-12 09:40:00,18,10,12,9,40,930,48,GABRIEL PERI (AVENUE),48.85719,2.44115,Plein jour,En agglomération,Intersection en T,Normale,Deux véhicules - côté,,,,,,,,,,,1,2,3,1.0,3.0
201800040352,0018-10-12 14:40:00,18,10,12,14,40,930,48,NUNGESSER (RUE),,,Plein jour,En agglomération,Autre intersection,Normale,Deux véhicules - côté,,,,,,,,,,,1,2,9,1.0,3.0
201800040353,0018-10-15 17:40:00,18,10,15,17,40,930,48,PARIS (RUE DE),,,Plein jour,En agglomération,Hors intersection,Normale,Autre collision,,,,,,,,,,,1,2,1,1.0,6.0
201800040354,0018-10-15 18:30:00,18,10,15,18,30,930,64,KENNEDY (AVENUE DU PRESI,,,Crépuscule ou aube,En agglomération,Hors intersection,Normale,Deux véhicules - arrière,,,,,,,,,,,2,2,1,1.0,2.0
201800040355,0018-10-26 11:20:00,18,10,26,11,20,930,48,RESISTANCE (AVENUE DE LA,48.8639,2.4361,Plein jour,En agglomération,Passage à niveau,Temps couvert,Autre collision,,,,,,,,,,,1,2,8,8.0,6.0
201800040356,0018-10-26 16:50:00,18,10,26,16,50,930,48,PARIS (RUE DE),48.85612,2.42551,Plein jour,En agglomération,Hors intersection,Normale,Deux véhicules - côté,,,,,,,,,,,1,2,1,1.0,3.0
201800040357,0018-10-27 17:40:00,18,10,27,17,40,930,48,ROUGET DE L'ISLE (BOULEV,,,Crépuscule ou aube,En agglomération,Hors intersection,Normale,Autre collision,,,,,,,,,,,2,2,1,1.0,6.0
201800040358,0018-10-31 06:00:00,18,10,31,6,0,930,48,THEOPHILE SUEUR (BOULEVA,48.85871,2.46682,Nuit avec éclairage allumé,En agglomération,Hors intersection,Normale,Deux véhicules - côté,,,,,,,,,,,5,2,1,1.0,3.0
201800040359,0018-11-01 20:10:00,18,11,1,20,10,930,48,PARIS (RUE DE),48.85761,2.43346,Nuit avec éclairage allumé,En agglomération,Intersection en X,Pluie légère,Autre collision,,,,,,,,,,,5,2,2,2.0,6.0
201800040360,0018-11-06 10:30:00,18,11,6,10,30,930,48,FAIDHERBE (AVENUE),48.86678,2.4373,Plein jour,En agglomération,Hors intersection,Normale,Deux véhicules - côté,,,,,,,,,,,1,2,1,1.0,3.0
201800040361,0018-11-10 00:49:00,18,11,10,0,49,930,48,PARIS (RUE DE),48.85894,2.42411,Nuit avec éclairage allumé,En agglomération,Intersection en T,Normale,Autre collision,,,,,,,,,,,5,2,3,1.0,6.0
201800040362,0018-11-12 19:35:00,18,11,12,19,35,930,48,FERDINAND (AVENUE),48.87357,2.43368,Nuit avec éclairage allumé,En agglomération,Intersection en X,Normale,Deux véhicules - côté,,,,,,,,,,,5,2,2,1.0,3.0
201800040363,0018-11-14 07:15:00,18,11,14,7,15,930,48,RESISTANCE S3 (AVENUE DE,,,Crépuscule ou aube,En agglomération,Hors intersection,Normale,Deux véhicules - côté,,,,,,,,,,,2,2,1,1.0,3.0
201800040364,0018-11-16 22:30:00,18,11,16,22,30,930,48,ARISTIDE BRIAND (BOULEVA,48.87089,2.45109,Nuit avec éclairage allumé,Hors agglomération,Hors intersection,Normale,Autre collision,,,,,,,,,,,5,1,1,1.0,6.0
201800040365,0018-11-17 15:00:00,18,11,17,15,0,930,48,EPERNONS (RUE DES),48.86818,2.44672,Plein jour,En agglomération,Intersection en Y,Normale,Autre collision,,,,,,,,,,,1,2,4,1.0,6.0
201800040366,0018-11-19 11:45:00,18,11,19,11,45,930,48,VINCENNES (RUE DE),48.85,2.43,Plein jour,En agglomération,Intersection en T,Normale,Autre collision,,,,,,,,,,,1,2,3,1.0,6.0
201800040367,0018-11-19 15:30:00,18,11,19,15,30,930,48,RASPAIL (RUE),48.85299,2.42618,Plein jour,En agglomération,Hors intersection,Normale,Autre collision,,,,,,,,,,,1,2,1,1.0,6.0
201800040368,0018-11-25 00:40:00,18,11,25,0,40,930,48,ARISTIDE BRIAND (BOULEVA,48.87067,2.451,Nuit avec éclairage allumé,En agglomération,Autre intersection,Temps couvert,Deux véhicules - côté,,,,,,,,,,,5,2,9,8.0,3.0
201800040369,0018-11-25 06:10:00,18,11,25,6,10,930,48,NOUVELLE FRANCE (RUE DE,48.86402,2.45827,Nuit avec éclairage allumé,En agglomération,Hors intersection,Pluie légère,Deux véhicules - arrière,,,,,,,,,,,5,2,1,2.0,2.0
201800040370,0018-11-25 16:10:00,18,11,25,16,10,930,48,DIDIER DAURAT (RUE),48.86763,2.45757,Plein jour,En agglomération,Giratoire,Pluie légère,Autre collision,,,,,,,,,,,1,2,6,2.0,6.0
201800040371,0018-11-26 09:10:00,18,11,26,9,10,930,48,VICTOR HUGO (RUE),48.86309,2.44082,Plein jour,En agglomération,Intersection en X,Pluie légère,Autre collision,,,,,,,,,,,1,2,2,2.0,6.0
201800040372,0018-12-04 18:45:00,18,12,4,18,45,930,48,CHARLES DELAVACQUERIE (R,48.86479,2.47694,Nuit avec éclairage allumé,En agglomération,Hors intersection,Normale,Autre collision,,,,,,,,,,,5,2,1,1.0,6.0
201800040373,0018-12-05 15:30:00,18,12,5,15,30,930,48,THEOPHILE SUEUR (BOULEVA,48.86633,2.46951,Plein jour,En agglomération,Intersection en T,Normale,Autre collision,,,,,,,,,,,1,2,3,1.0,6.0
201800040374,0018-12-06 14:05:00,18,12,6,14,5,930,48,RAPATEL (RUE),,,Plein jour,En agglomération,Hors intersection,Pluie légère,Autre collision,,,,,,,,,,,1,2,1,2.0,6.0
201800040375,0018-12-12 16:50:00,18,12,12,16,50,930,48,RASPAIL (RUE),48.85307,2.42689,Plein jour,En agglomération,Autre intersection,Normale,Autre collision,,,,,,,,,,,1,2,9,1.0,6.0
201800040376,0018-12-13 11:10:00,18,12,13,11,10,930,48,PARIS (RUE DE),48.8575,2.42481,Plein jour,En agglomération,Autre intersection,Normale,Autre collision,,,,,,,,,,,1,2,9,1.0,6.0
201800040377,0018-12-14 13:20:00,18,12,14,13,20,930,48,RASPAIL (RUE),48.85298,2.42616,Plein jour,En agglomération,Intersection en X,Normale,Deux véhicules - côté,,,,,,,,,,,1,2,2,1.0,3.0
201800040378,0018-12-14 16:35:00,18,12,14,16,35,930,48,SOLIDARITE (RUE DE LA),,,Plein jour,En agglomération,Intersection en X,Normale,Deux véhicules - côté,,,,,,,,,,,1,2,2,1.0,3.0
201800040379,0018-12-15 12:20:00,18,12,15,12,20,930,48,ERNEST SAVART (AVENUE),,,Plein jour,En agglomération,Intersection en X,Normale,Deux véhicules - côté,,,,,,,,,,,1,2,2,1.0,3.0
201800040380,0018-12-18 09:30:00,18,12,18,9,30,930,48,CHANZY (BOULEVARD),,,Plein jour,En agglomération,Hors intersection,Normale,Autre collision,,,,,,,,,,,1,2,1,1.0,6.0
201800040381,0018-12-18 15:05:00,18,12,18,15,5,930,48,GENERAL GALLIENI (RUE DU,48.858,2.4372,Plein jour,En agglomération,Intersection à plus de 4 branches,Normale,Autre collision,,,,,,,,,,,1,2,5,1.0,6.0
201800040382,0018-12-18 19:05:00,18,12,18,19,5,930,48,HENRI BARBUSSE (BOULEVAR,48.5213,2.2624,Nuit avec éclairage allumé,En agglomération,Hors intersection,Normale,Autre collision,,,,,,,,,,,5,2,1,1.0,6.0
201800040383,0018-12-21 23:00:00,18,12,21,23,0,930,48,NOUVELLE FRANCE (RUE DE,,,Nuit avec éclairage allumé,En agglomération,Giratoire,Normale,Autre collision,,,,,,,,,,,5,2,6,1.0,6.0
201800040384,0018-12-21 10:20:00,18,12,21,10,20,930,48,GABRIEL PERI (AVENUE),48.85788,2.43815,Plein jour,En agglomération,Autre intersection,Pluie légère,Deux véhicules - côté,,,,,,,,,,,1,2,9,2.0,3.0
201800040385,0018-12-27 07:30:00,18,12,27,7,30,930,48,ROSNY (RUE DE),48.86458,2.45287,Nuit sans éclairage public,En agglomération,Hors intersection,Normale,Deux véhicules - côté,,,,,,,,,,,3,2,1,1.0,3.0
201800040386,0018-12-29 12:30:00,18,12,29,12,30,930,48,SAINT DENIS (RUE),48.87207,2.45522,Plein jour,En agglomération,Intersection en X,Normale,Deux véhicules - côté,,,,,,,,,,,1,2,2,1.0,3.0
201800040387,0018-01-01 02:15:00,18,1,1,2,15,930,50,51 GASTON NAVAILLE (RUE,48.87157,2.53405,Nuit avec éclairage allumé,En agglomération,Intersection en X,Normale,Deux véhicules - frontale,,,,,,,,,,,5,2,2,1.0,1.0
201800040388,0018-01-07 18:40:00,18,1,7,18,40,930,49,GALLIENI  (BOULEVARD),48.85299,2.51475,Nuit avec éclairage allumé,En agglomération,Autre intersection,Pluie légère,Autre collision,,,,,,,,,,,5,2,9,2.0,6.0
201800040389,0018-01-10 18:20:00,18,1,10,18,20,930,50,"29, PAUL DOUMER (RUE)",48.85765,2.52575,Nuit avec éclairage allumé,En agglomération,Intersection en T,Normale,Deux véhicules - côté,,,,,,,,,,,5,2,3,1.0,3.0
201800040390,0018-01-12 10:30:00,18,1,12,10,30,930,50,MARECHAL FOCH (AVENUE) C,48.85,2.51,Plein jour,En agglomération,Hors intersection,Normale,Autre collision,,,,,,,,,,,1,2,1,1.0,6.0
201800040391,0018-01-20 17:00:00,18,1,20,17,0,930,50,LOUIS ARMAND (bd),48.8651,2.5201,Plein jour,En agglomération,Hors intersection,Temps couvert,Deux véhicules - arrière,,,,,,,,,,,1,2,1,8.0,2.0
201800040392,0018-01-23 11:55:00,18,1,23,11,55,930,50,LEON BLUM (AVENUE),,,Plein jour,En agglomération,Intersection en T,Pluie légère,Autre collision,,,,,,,,,,,1,2,3,2.0,6.0
201800040393,0018-01-29 07:20:00,18,1,29,7,20,930,49,GALLIENI (BOULEVARD),48.85,2.511,Nuit avec éclairage allumé,En agglomération,Hors intersection,Normale,Deux véhicules - arrière,,,,,,,,,,,5,2,1,1.0,2.0
201800040394,0018-01-29 13:15:00,18,1,29,13,15,930,49,"22, GALLIENI (BOULEVARD)",48.85282,2.51429,Plein jour,En agglomération,Hors intersection,Normale,Autre collision,,,,,,,,,,,1,2,1,1.0,6.0
201800040395,0018-01-30 09:00:00,18,1,30,9,0,930,50,"60, LOUIS VANNINI (RUE)",48.86521,2.52108,Plein jour,En agglomération,Hors intersection,Normale,Deux véhicules - arrière,,,,,,,,,,,1,2,1,1.0,2.0
201800040396,0018-02-03 16:45:00,18,2,3,16,45,930,50,GRILLE (CHEMIN),48.86086,2.53702,Plein jour,En agglomération,Hors intersection,Pluie légère,Deux véhicules - côté,,,,,,,,,,,1,2,1,2.0,3.0
201800040397,0018-02-04 05:50:00,18,2,4,5,50,930,50,LOUIS ARMAND (RUE),48.86219,2.52035,Nuit avec éclairage allumé,En agglomération,Hors intersection,Pluie légère,Autre collision,,,,,,,,,,,5,2,1,2.0,6.0
201800040398,0018-02-10 03:20:00,18,2,10,3,20,930,50,"49, LOUIS ARMAND (RUE)",48.86373,2.52048,Nuit avec éclairage allumé,En agglomération,Hors intersection,Neige / grêle,Autre collision,,,,,,,,,,,5,2,1,4.0,6.0
201800040399,0018-02-19 19:50:00,18,2,19,19,50,930,50,"71, JEAN JAURES (AVENUE)",48.86533,2.56046,Nuit avec éclairage allumé,En agglomération,Hors intersection,Pluie légère,Trois véhicules et plus - collisions multiples,,,,,,,,,,,5,2,1,2.0,5.0
201800040400,0018-02-25 11:10:00,18,2,25,11,10,930,50,"5, LEON BLUM (AVENUE)",48.86753,2.53279,Plein jour,En agglomération,Autre intersection,Normale,Autre collision,,,,,,,,,,,1,2,9,1.0,6.0
201800040401,0018-03-19 18:00:00,18,3,19,18,0,930,49,"73, JEAN MERMOZ (PLACE)",48.86095,2.5094,Plein jour,En agglomération,Place,Normale,Autre collision,,,,,,,,,,,1,2,7,1.0,6.0
201800040402,0018-02-11 12:40:00,18,2,11,12,40,930,49,"82, GEORGES CLEMENCEAU (",48.86373,2.50646,Plein jour,En agglomération,Hors intersection,Normale,Autre collision,,,,,,,,,,,1,2,1,1.0,6.0
201800040403,0018-04-03 09:00:00,18,4,3,9,0,930,50,"7, JEAN JAURES (AVENUE)",48.86405,2.55005,Plein jour,En agglomération,Hors intersection,Normale,Deux véhicules - côté,,,,,,,,,,,1,2,1,1.0,3.0
201800040404,0018-04-05 13:10:00,18,4,5,13,10,930,50,"104, PAUL ET CAMILLE THO",48.86402,2.52993,Plein jour,En agglomération,Hors intersection,Normale,Deux véhicules - côté,,,,,,,,,,,1,2,1,1.0,3.0
201800040405,0018-04-05 16:15:00,18,4,5,16,15,930,49,"14, GALLIENI (BOULEVARD)",48.85292,2.51389,Plein jour,En agglomération,Hors intersection,Normale,Autre collision,,,,,,,,,,,1,2,1,1.0,6.0
201800040406,0018-04-07 19:20:00,18,4,7,19,20,930,49,RAMIERS (AVENUE),48.86533,2.56046,Plein jour,En agglomération,Hors intersection,Normale,Sans collision,,,,,,,,,,,1,2,1,1.0,7.0
201800040407,0018-04-11 11:55:00,18,4,11,11,55,930,50,LOUIS VANNINI (RUE),48.86509,2.52031,Plein jour,En agglomération,Hors intersection,Normale,Deux véhicules - arrière,,,,,,,,,,,1,2,1,1.0,2.0
201800040408,0018-04-12 07:10:00,18,4,12,7,10,930,50,"4, BERRY (RUE)",48.86622,2.53302,Crépuscule ou aube,En agglomération,Autre intersection,Normale,Deux véhicules - côté,,,,,,,,,,,2,2,9,1.0,3.0
201800040409,0018-04-12 16:40:00,18,4,12,16,40,930,50,SUFFREN (RUE),48.86553,2.53656,Plein jour,En agglomération,Hors intersection,Pluie légère,Autre collision,,,,,,,,,,,1,2,1,2.0,6.0
201800040410,0018-04-13 07:55:00,18,4,13,7,55,930,50,BIZET (AVENUE),48.87311,2.55315,Plein jour,En agglomération,Intersection en T,Normale,Deux véhicules - côté,,,,,,,,,,,1,2,3,1.0,3.0
201800040411,0018-04-14 14:20:00,18,4,14,14,20,930,50,MARX DORMOY (RUE),48.8546,2.532,Plein jour,En agglomération,Hors intersection,Normale,Deux véhicules - frontale,,,,,,,,,,,1,2,1,1.0,1.0
201800040412,0018-04-20 18:00:00,18,4,20,18,0,930,50,ARISTIDE BRIAND (BOULEBA,48.85879,2.52074,Plein jour,En agglomération,Intersection en X,Normale,Deux véhicules - côté,,,,,,,,,,,1,2,2,1.0,3.0
201800040413,0018-04-30 23:20:00,18,4,30,23,20,930,50,MARECHAL FOCH (AVENUE) C,48.8559,2.52807,Nuit avec éclairage allumé,En agglomération,Intersection en T,Pluie légère,Deux véhicules - côté,,,,,,,,,,,5,2,3,2.0,3.0
201800040414,0018-05-02 11:30:00,18,5,2,11,30,930,49,PRESIDENT JOHN KENNEDY (,48.86,2.51,Plein jour,En agglomération,Hors intersection,Normale,Deux véhicules - côté,,,,,,,,,,,1,2,1,1.0,3.0
201800040415,0018-05-11 23:00:00,18,5,11,23,0,930,50,"62/66, LOUIS AMPERE ZI C",48.869,2.52159,Nuit avec éclairage allumé,En agglomération,Intersection en Y,Normale,Deux véhicules - frontale,,,,,,,,,,,5,2,4,1.0,1.0
201800040416,0018-05-17 17:40:00,18,5,17,17,40,930,49,"19, DANIEL PERDRIGE (AVE",48.8727,2.51155,Plein jour,En agglomération,Hors intersection,Normale,Autre collision,,,,,,,,,,,1,2,1,1.0,6.0
201800040417,0018-05-20 09:00:00,18,5,20,9,0,930,50,"20, GAMBETTA (RUE)  13-3",48.85701,2.53266,Plein jour,En agglomération,Intersection en X,Normale,Autre collision,,,,,,,,,,,1,2,2,1.0,6.0
201800040418,0018-05-30 14:40:00,18,5,30,14,40,930,49,MEAUX (CHEMIN),48.86278,2.51237,Plein jour,En agglomération,Hors intersection,Normale,Deux véhicules - frontale,,,,,,,,,,,1,2,1,1.0,1.0
201800040419,0018-05-30 16:00:00,18,5,30,16,0,930,49,PRESIDENT JOHN KENNEDY (,48.86545,2.51159,Plein jour,En agglomération,Hors intersection,Normale,Autre collision,,,,,,,,,,,1,2,1,1.0,6.0
201800040420,0018-06-10 00:20:00,18,6,10,0,20,930,50,GENERAL DE GAULLE (AVENU,48.85785,2.53377,Nuit avec éclairage allumé,En agglomération,Intersection en T,Temps couvert,Deux véhicules - côté,,,,,,,,,,,5,2,3,8.0,3.0
201800040421,0018-06-15 15:30:00,18,6,15,15,30,930,49,EMILE COSSONEAU (RUE),48.5,2.5,Plein jour,En agglomération,Hors intersection,Normale,Autre collision,,,,,,,,,,,1,2,1,1.0,6.0
201800040422,0018-06-23 14:50:00,18,6,23,14,50,930,49,"5, MEAUX (CHEMIN)",48.86182,2.51005,Plein jour,En agglomération,Hors intersection,Normale,Trois véhicules et plus - en chaîne,,,,,,,,,,,1,2,1,1.0,4.0
201800040423,0018-06-29 16:00:00,18,6,29,16,0,930,50,"3, LEON BLUM (AVENUE)",48.86751,2.53281,Plein jour,En agglomération,Hors intersection,Normale,Autre collision,,,,,,,,,,,1,2,1,1.0,6.0
201800040424,0018-06-30 21:00:00,18,6,30,21,0,930,50,"152, PAUL VAILLANT COUTU",48.8658,2.56379,Plein jour,En agglomération,Hors intersection,Normale,Autre collision,,,,,,,,,,,1,2,1,1.0,6.0
201800040425,0018-07-02 09:20:00,18,7,2,9,20,930,49,"9, PELOUSE (RUE)",48.46,2.5,Plein jour,En agglomération,Hors intersection,Normale,Deux véhicules - côté,,,,,,,,,,,1,2,1,1.0,3.0
201800040426,0018-07-04 20:57:00,18,7,4,20,57,930,50,"6, BERGERONNETTES (RUE)",48.87225,2.53464,Crépuscule ou aube,En agglomération,Hors intersection,Normale,Autre collision,,,,,,,,,,,2,2,1,1.0,6.0