accident_id,datetime,annee,mois,jour,heure,minute,departement,commune_insee,adresse,latitude,longitude,luminosite,agglomeration,intersection,meteo,collision,nb_vehicules,nb_usagers,nb_indemnes,nb_tues,nb_blesses_hosp,nb_blesses_legers,age_cond_1,age_cond_2,veh_type_cond_1,veh_type_cond_2,lum_code,agg_code,int_code,atm_code,col_code
201800040666,0018-04-18 14:35:00,18,4,18,14,35,930,46,"41, SULLY AVENUE",48.9144,2.5236,Plein jour,En agglomération,Intersection en T,Normale,Deux véhicules - côté,,,,,,,,,,,1,2,3,1.0,3.0
201800040667,0018-04-24 05:37:00,18,4,24,5,37,930,77,"25, NOISY (ROUTE DE)",48.88322,2.49716,Nuit avec éclairage allumé,En agglomération,Intersection en X,Normale,Deux véhicules - côté,,,,,,,,,,,5,2,2,1.0,3.0
201800040668,0018-04-26 23:30:00,18,4,26,23,30,930,77,GARE (PLACE DE LA),48.88924,2.51129,Nuit avec éclairage allumé,En agglomération,Place,Normale,Deux véhicules - côté,,,,,,,,,,,5,2,7,1.0,3.0
201800040669,0018-04-30 05:50:00,18,4,30,5,50,930,62,"44, FONTAINE (ALLEE DE L",48.89241,2.51927,Nuit avec éclairage allumé,En agglomération,Hors intersection,Pluie légère,Autre collision,,,,,,,,,,,5,2,1,2.0,6.0
201800040670,0018-04-30 18:55:00,18,4,30,18,55,930,77,"55, GALLIENI (AVENUE DU",48.89243,2.50457,Crépuscule ou aube,En agglomération,Intersection en T,Pluie légère,Deux véhicules - arrière,,,,,,,,,,,2,2,3,2.0,2.0
201800040671,0018-05-06 16:40:00,18,5,6,16,40,930,77,GRANDE RUE,48.8826,2.51812,Plein jour,En agglomération,Intersection en T,Normale,Deux véhicules - côté,,,,,,,,,,,1,2,3,1.0,3.0
201800040672,0018-05-10 11:55:00,18,5,10,11,55,930,77,"34, ROND POINT (AVENUE D",48.88592,2.49998,Plein jour,En agglomération,Hors intersection,Normale,Autre collision,,,,,,,,,,,1,2,1,1.0,6.0
201800040673,0018-05-13 17:00:00,18,5,13,17,0,930,77,"24, GUILBERT (RUE)",48.88799,2.50701,Plein jour,En agglomération,Intersection en X,Temps couvert,Deux véhicules - côté,,,,,,,,,,,1,2,2,8.0,3.0
201800040674,0018-05-18 19:10:00,18,5,18,19,10,930,77,"15, OSSEVILLE (AVENUE D'",48.88056,2.51941,Plein jour,En agglomération,Intersection en X,Normale,Deux véhicules - frontale,,,,,,,,,,,1,2,2,1.0,1.0
201800040675,0018-05-24 22:00:00,18,5,24,22,0,930,62,MIDI (BOULEVARD DU),48.89249,2.2192,Nuit avec éclairage allumé,En agglomération,Intersection en X,Normale,Deux véhicules - côté,,,,,,,,,,,5,2,2,1.0,3.0
201800040676,0018-05-26 16:08:00,18,5,26,16,8,930,77,"105, NEUILLY (RUE DE)",48.8772,2.5241,Plein jour,En agglomération,Hors intersection,Normale,Sans collision,,,,,,,,,,,1,2,1,1.0,7.0
201800040677,0018-05-26 23:25:00,18,5,26,23,25,930,77,LUCIE (AVENUE),48.879,2.526,Nuit avec éclairage allumé,Hors agglomération,Intersection en T,Normale,Autre collision,,,,,,,,,,,5,1,3,1.0,6.0
201800040678,0018-05-28 12:50:00,18,5,28,12,50,930,77,"14 bis, SAINT LOUIS (RUE",48.88876,2.50753,Plein jour,En agglomération,Hors intersection,Normale,Autre collision,,,,,,,,,,,1,2,1,1.0,6.0
201800040679,0018-06-08 07:30:00,18,6,8,7,30,930,77,GALLIENI (AVENUE DU GENE,48.89208,2.50556,Crépuscule ou aube,En agglomération,Intersection en T,Normale,Deux véhicules - côté,,,,,,,,,,,2,2,3,1.0,3.0
201800040680,0018-06-08 20:30:00,18,6,8,20,30,930,77,"27, ROSNY (AVENUE DE)",48.88492,2.50558,Crépuscule ou aube,En agglomération,Hors intersection,Normale,Trois véhicules et plus - en chaîne,,,,,,,,,,,2,2,1,1.0,4.0
201800040681,0018-06-10 12:20:00,18,6,10,12,20,930,77,"9, ROSNY (AVENUE DE)",48.88471,2.50673,Plein jour,En agglomération,Hors intersection,Normale,Deux véhicules - arrière,,,,,,,,,,,1,2,1,1.0,2.0
201800040682,0018-06-11 00:20:00,18,6,11,0,20,930,77,"4, NOISY (ROUTE DE)",48.8,2.49921,Nuit avec éclairage allumé,En agglomération,Hors intersection,Normale,Deux véhicules - côté,,,,,,,,,,,5,2,1,1.0,3.0
201800040683,0018-06-14 07:50:00,18,6,14,7,50,930,77,"24, AVRON (RUE D')",48.88315,2.50725,Plein jour,En agglomération,Autre intersection,Normale,Autre collision,,,,,,,,,,,1,2,9,1.0,6.0
201800040684,0018-06-17 02:15:00,18,6,17,2,15,930,62,"49, EST (BOULEVARD DE L'",48.70098,2.52659,Nuit avec éclairage allumé,En agglomération,Hors intersection,Normale,Autre collision,,,,,,,,,,,5,2,1,1.0,6.0
201800040685,0018-06-17 20:15:00,18,6,17,20,15,930,62,"9, EST (BOULEVARD DE L')",48.8975,2.5271,Crépuscule ou aube,En agglomération,Intersection en T,Normale,Deux véhicules - côté,,,,,,,,,,,2,2,3,1.0,3.0
201800040686,0018-06-18 09:15:00,18,6,18,9,15,930,77,CARNOT (BOULEVARD),,,Plein jour,En agglomération,Hors intersection,Normale,Autre collision,,,,,,,,,,,1,2,1,1.0,6.0
201800040687,0018-06-22 16:20:00,18,6,22,16,20,930,62,"26, THIERS (AVENUE)",48.90066,2.51383,Plein jour,En agglomération,Hors intersection,Normale,Autre collision,,,,,,,,,,,1,2,1,1.0,6.0
201800040688,0018-06-23 12:10:00,18,6,23,12,10,930,77,MEISSONNIER (AVENUE),48.88929,2.49558,Plein jour,En agglomération,Intersection en X,Normale,Autre collision,,,,,,,,,,,1,2,2,1.0,6.0
201800040689,0018-07-02 07:30:00,18,7,2,7,30,930,77,"53, LAGACHE (AVENUE)",48.88455,2.52068,Plein jour,En agglomération,Hors intersection,Normale,Autre collision,,,,,,,,,,,1,2,1,1.0,6.0
201800040690,0018-07-02 15:35:00,18,7,2,15,35,930,62,BOSQUETS (ALLEE DES),48.90052,2.52121,Plein jour,En agglomération,Autre intersection,Temps éblouissant,Autre collision,,,,,,,,,,,1,2,9,7.0,6.0
201800040691,0018-07-10 15:40:00,18,7,10,15,40,930,62,FONTAINE (ALLEE DE LA),48.89242,2.51926,Plein jour,En agglomération,Intersection en X,Normale,Autre collision,,,,,,,,,,,1,2,2,1.0,6.0
201800040692,0018-07-13 09:12:00,18,7,13,9,12,930,77,"31, ROSNY (AVENUE DE)",48.8851,2.50523,Plein jour,En agglomération,Intersection en T,Normale,Deux véhicules - arrière,,,,,,,,,,,1,2,3,1.0,2.0
201800040693,0018-07-18 21:18:00,18,7,18,21,18,930,77,OUTREBON (AVENUE),48.88709,2.51099,Plein jour,En agglomération,Intersection en T,Normale,Autre collision,,,,,,,,,,,1,2,3,1.0,6.0
201800040694,0018-07-18 22:00:00,18,7,18,22,0,930,77,ESPERANCE (ALLEE DE L'),,,Nuit avec éclairage allumé,En agglomération,Intersection en T,Normale,Deux véhicules - côté,,,,,,,,,,,5,2,3,1.0,3.0
201800040695,0018-07-24 16:15:00,18,7,24,16,15,930,77,NOISY (ROUTE DE) JUSQU'A,48.8829,2.49549,Plein jour,En agglomération,Intersection en X,Normale,Deux véhicules - côté,,,,,,,,,,,1,2,2,1.0,3.0
201800040696,0018-07-28 15:25:00,18,7,28,15,25,930,62,GENERAL DE GAULLE (PLACE,48.89675,2.5119,Plein jour,En agglomération,Autre intersection,Normale,Deux véhicules - côté,,,,,,,,,,,1,2,9,1.0,3.0
201800040697,0018-08-09 09:40:00,18,8,9,9,40,930,77,GARE (PLACE DE LA),48.88921,2.51105,Plein jour,En agglomération,Place,Pluie légère,Deux véhicules - côté,,,,,,,,,,,1,2,7,2.0,3.0
201800040698,0018-08-09 10:43:00,18,8,9,10,43,930,77,GRANDE RUE,48.88363,2.51177,Plein jour,En agglomération,Hors intersection,Pluie légère,Deux véhicules - arrière,,,,,,,,,,,1,2,1,2.0,2.0
201800040699,0018-08-18 04:55:00,18,8,18,4,55,930,77,GRANDE RUE,48.88281,2.51425,Nuit avec éclairage allumé,En agglomération,Intersection en X,Normale,Deux véhicules - côté,,,,,,,,,,,5,2,2,1.0,3.0
201800040700,0018-08-25 16:40:00,18,8,25,16,40,930,77,RAINCY (AVENUE DU),48.88599,2.50829,Plein jour,En agglomération,Intersection en X,Normale,Deux véhicules - côté,,,,,,,,,,,1,2,2,1.0,3.0
201800040701,0018-08-26 19:40:00,18,8,26,19,40,930,77,PARC (RUE DU),48.88047,2.52697,Plein jour,En agglomération,Intersection en T,Normale,Deux véhicules - côté,,,,,,,,,,,1,2,3,1.0,3.0
201800040702,0018-09-05 08:25:00,18,9,5,8,25,930,77,GALLIENI (AVENUE DU GENE,48.89303,2.50347,Plein jour,En agglomération,Hors intersection,Normale,Deux véhicules - côté,,,,,,,,,,,1,2,1,1.0,3.0
201800040703,0018-09-09 17:20:00,18,9,9,17,20,930,77,BEL AIR (RUE DU),48.87625,2.51334,Plein jour,En agglomération,Hors intersection,Normale,Autre collision,,,,,,,,,,,1,2,1,1.0,6.0
201800040704,0018-09-12 00:25:00,18,9,12,0,25,930,77,GRANDE RUE,48.88,2.51,Nuit avec éclairage allumé,En agglomération,Intersection en X,Normale,Deux véhicules - côté,,,,,,,,,,,5,2,2,1.0,3.0
201800040705,0018-09-12 10:15:00,18,9,12,10,15,930,77,GARE (PLACE DE LA),48.88955,2.51123,Plein jour,En agglomération,Intersection à plus de 4 branches,Normale,Autre collision,,,,,,,,,,,1,2,5,1.0,6.0
201800040706,0018-09-14 16:30:00,18,9,14,16,30,930,77,ROSNY (AVENUE DE),48.88446,2.50436,Plein jour,En agglomération,Hors intersection,Normale,Autre collision,,,,,,,,,,,1,2,1,1.0,6.0
201800040707,0018-09-17 09:20:00,18,9,17,9,20,930,62,MONTFERMEIL (ROND POINT,48.89559,2.52661,Plein jour,En agglomération,Hors intersection,Temps éblouissant,Autre collision,,,,,,,,,,,1,2,1,7.0,6.0
201800040708,0018-09-19 15:00:00,18,9,19,15,0,930,77,OUTREBON (AVENUE),,,Plein jour,En agglomération,Hors intersection,Normale,Deux véhicules - arrière,,,,,,,,,,,1,2,1,1.0,2.0
201800040709,0018-09-21 09:02:00,18,9,21,9,2,930,62,THIERS (AVENUE),48.50083,2.51376,Plein jour,En agglomération,Hors intersection,Pluie légère,Autre collision,,,,,,,,,,,1,2,1,2.0,6.0
201800040710,0018-09-21 09:22:00,18,9,21,9,22,930,62,BALZAC (ALLEE),48.89659,2.52812,Plein jour,En agglomération,Hors intersection,Temps couvert,Autre collision,,,,,,,,,,,1,2,1,8.0,6.0
201800040711,0018-09-25 21:30:00,18,9,25,21,30,930,62,RESISTANCE (AVENUE DE LA,,,Nuit avec éclairage allumé,En agglomération,Hors intersection,Normale,Deux véhicules - arrière,,,,,,,,,,,5,2,1,1.0,2.0
201800040712,0018-09-26 11:20:00,18,9,26,11,20,930,62,COTEAUX (ALLEE DES) 28 -,48.89568,2.52274,Plein jour,En agglomération,Intersection en X,Normale,Deux véhicules - côté,,,,,,,,,,,1,2,2,1.0,3.0
201800040713,0018-10-01 13:50:00,18,10,1,13,50,930,77,GRANDE RUE,48.8828,2.51408,Plein jour,En agglomération,Hors intersection,Normale,Autre collision,,,,,,,,,,,1,2,1,1.0,6.0
201800040714,0018-10-02 17:20:00,18,10,2,17,20,930,62,THIERS (AVENUE),48.90009,2.51666,Plein jour,En agglomération,Intersection en T,Normale,Autre collision,,,,,,,,,,,1,2,3,1.0,6.0
201800040715,0018-10-06 17:35:00,18,10,6,17,35,930,77,AIME (AVENUE),48.87853,2.52323,Plein jour,En agglomération,Intersection en X,Normale,Deux véhicules - côté,,,,,,,,,,,1,2,2,1.0,3.0
201800040716,0018-10-15 19:50:00,18,10,15,19,50,930,77,NEUILLY (RUE DE),48.87437,2.32849,Nuit avec éclairage allumé,En agglomération,Intersection en T,Normale,Deux véhicules - côté,,,,,,,,,,,5,2,3,1.0,3.0
201800040717,0018-10-25 16:00:00,18,10,25,16,0,930,77,VIEVIELLE (RUE MARC),48.88,2.51,Plein jour,En agglomération,Hors intersection,Normale,Autre collision,,,,,,,,,,,1,2,1,1.0,6.0
201800040718,0018-10-25 18:55:00,18,10,25,18,55,930,77,FOSSE AUX BERGERS (RUE D,48.8893,2.49547,Nuit avec éclairage allumé,En agglomération,Intersection en X,Normale,Deux véhicules - frontale,,,,,,,,,,,5,2,2,1.0,1.0
201800040719,0018-10-29 20:45:00,18,10,29,20,45,930,77,MONTAGNE SAVART (RUE DE,48.88476,2.52028,Nuit avec éclairage allumé,En agglomération,Intersection en X,Normale,Deux véhicules - côté,,,,,,,,,,,5,2,2,1.0,3.0
201800040720,0018-10-29 23:25:00,18,10,29,23,25,930,77,LIMITES (AVENUE DES),48.88932,2.49806,Nuit avec éclairage allumé,En agglomération,Intersection en X,Pluie forte,Deux véhicules - côté,,,,,,,,,,,5,2,2,3.0,3.0
201800040721,0018-10-30 19:07:00,18,10,30,19,7,930,77,OUTREBON (AVENUE),48.88422,2.51029,Nuit avec éclairage allumé,En agglomération,Hors intersection,Normale,Autre collision,,,,,,,,,,,5,2,1,1.0,6.0
201800040722,0018-11-03 01:25:00,18,11,3,1,25,930,77,GROS BUISSON (RUE DU),48.89003,2.49256,Nuit sans éclairage public,En agglomération,Intersection en T,Normale,Autre collision,,,,,,,,,,,3,2,3,1.0,6.0
201800040723,0018-11-06 16:55:00,18,11,6,16,55,930,62,JARDIN ANGLAIS ET DE FIN,48.8968,2.52359,Plein jour,En agglomération,Hors intersection,Normale,Autre collision,,,,,,,,,,,1,2,1,1.0,6.0
201800040724,0018-11-06 18:30:00,18,11,6,18,30,930,53,CHASSE (RUE DE LA),48.87946,2.44955,Plein jour,Hors agglomération,Hors intersection,Normale,Deux véhicules - arrière,,,,,,,,,,,1,1,1,1.0,2.0
201800040725,0018-11-08 20:06:00,18,11,8,20,6,930,62,LIVRY (AVENUE DE),48.90271,2.52051,Nuit avec éclairage allumé,En agglomération,Hors intersection,Normale,Deux véhicules - côté,,,,,,,,,,,5,2,1,1.0,3.0
201800040726,0018-11-10 11:30:00,18,11,10,11,30,930,77,LIMITES  (AVENUE DES),48.8893,2.49724,Plein jour,En agglomération,Hors intersection,Pluie légère,Deux véhicules - côté,,,,,,,,,,,1,2,1,2.0,3.0
201800040727,0018-11-13 19:55:00,18,11,13,19,55,930,77,GRANDE RUE,48.88252,5.51829,Nuit avec éclairage allumé,En agglomération,Hors intersection,Normale,Autre collision,,,,,,,,,,,5,2,1,1.0,6.0
201800040728,0018-11-19 08:40:00,18,11,19,8,40,930,77,GALLIENI (AVENUE DU GENE,48.8921,2.50557,Plein jour,En agglomération,Hors intersection,Normale,Autre collision,,,,,,,,,,,1,2,1,1.0,6.0
201800040729,0018-12-02 07:05:00,18,12,2,7,5,930,77,NOISY (ROUTE DE) JUSQU'A,48.88317,2.49719,Nuit avec éclairage non allumé,En agglomération,Intersection en X,Pluie légère,Deux véhicules - côté,,,,,,,,,,,4,2,2,2.0,3.0
201800040730,0018-12-07 16:33:00,18,12,7,16,33,930,77,DETOUCHE (AVENUE),48.88574,2.51397,Crépuscule ou aube,En agglomération,Hors intersection,Pluie légère,Autre collision,,,,,,,,,,,2,2,1,2.0,6.0
201800040731,0018-12-08 14:30:00,18,12,8,14,30,930,77,NOISY (ROUTE DE) JUSQU'A,48.8832,2.49712,Plein jour,En agglomération,Intersection en X,Normale,Trois véhicules et plus - collisions multiples,,,,,,,,,,,1,2,2,1.0,5.0
201800040732,0018-12-10 20:35:00,18,12,10,20,35,930,77,NEUILLY (RUE DE),48.87,2.52,Nuit avec éclairage allumé,En agglomération,Hors intersection,Normale,Trois véhicules et plus - en chaîne,,,,,,,,,,,5,2,1,1.0,4.0
201800040733,0018-12-12 15:25:00,18,12,12,15,25,930,77,PROCESSIONS (CHEMIN DES),48.87435,2.51845,Plein jour,En agglomération,Hors intersection,Normale,Autre collision,,,,,,,,,,,1,2,1,1.0,6.0
201800040734,0018-12-13 17:47:00,18,12,13,17,47,930,77,ROSNY (AVENUE DE),48.8848,2.50676,Nuit avec éclairage allumé,En agglomération,Hors intersection,Normale,Deux véhicules - côté,,,,,,,,,,,5,2,1,1.0,3.0
201800040735,0018-12-28 10:45:00,18,12,28,10,45,930,62,THIERS (ROND POINT),,,Plein jour,En agglomération,Autre intersection,Temps couvert,Sans collision,,,,,,,,,,,1,2,9,8.0,7.0
201800040736,0018-01-06 22:45:00,18,1,6,22,45,930,64,"5, ADENAUER (RUE CONRAD)",48.87803,2.48306,Nuit avec éclairage allumé,En agglomération,Hors intersection,Pluie légère,Deux véhicules - arrière,,,,,,,,,,,5,2,1,2.0,2.0
201800040737,0018-01-07 16:10:00,18,1,7,16,10,930,64,"3, LISBONNE (RUE DE)",48.8784,2.4757,Crépuscule ou aube,En agglomération,Hors intersection,Temps couvert,Trois véhicules et plus - collisions multiples,,,,,,,,,,,2,2,1,8.0,5.0
201800040738,0018-01-09 18:10:00,18,1,9,18,10,930,64,ALSACE-LORRAINE (BOULEVA,48.88327,2.49054,Nuit avec éclairage allumé,En agglomération,Hors intersection,Pluie légère,Autre collision,,,,,,,,,,,5,2,1,2.0,6.0
201800040739,0018-01-16 21:15:00,18,1,16,21,15,930,64,"327, BOISSIERE (BOULEVAR",,,Nuit avec éclairage allumé,En agglomération,Hors intersection,Pluie légère,Deux véhicules - côté,,,,,,,,,,,5,2,1,2.0,3.0
201800040740,0018-01-23 17:30:00,18,1,23,17,30,930,64,ALSACE-LORRAINE (BOULEVA,48.88306,2.49167,Crépuscule ou aube,En agglomération,Hors intersection,Temps couvert,Deux véhicules - côté,,,,,,,,,,,2,2,1,8.0,3.0
201800040741,0018-02-01 05:30:00,18,2,1,5,30,930,64,"37, FERRY (RUE JULES)",48.87463,2.4787,Nuit avec éclairage allumé,En agglomération,Hors intersection,Pluie légère,Deux véhicules - arrière,,,,,,,,,,,5,2,1,2.0,2.0
201800040742,0018-02-10 01:55:00,18,2,10,1,55,930,64,"58, REPUBLIQUE (AVENUE D",48.86876,2.4851,Nuit avec éclairage allumé,En agglomération,Hors intersection,Neige / grêle,Autre collision,,,,,,,,,,,5,2,1,4.0,6.0
201800040743,0018-03-06 08:30:00,18,3,6,8,30,930,64,DE GAULLE (AV DU GENERAL,48.8869,2.47344,Plein jour,Hors agglomération,Hors intersection,Normale,Deux véhicules - arrière,,,,,,,,,,,1,1,1,1.0,2.0
201800040744,0018-03-22 08:10:00,18,3,22,8,10,930,51,"15, UNIVERSITE",48.83728,2.55219,Plein jour,En agglomération,Place,Normale,Deux véhicules - côté,,,,,,,,,,,1,2,7,1.0,3.0
201800040745,0018-03-27 22:00:00,18,3,27,22,0,930,64,"88, DE GAULLE (AV DU GEN",48.87885,2.47861,Nuit avec éclairage allumé,En agglomération,Intersection en T,Normale,Deux véhicules - arrière,,,,,,,,,,,5,2,3,1.0,2.0
201800040746,0018-03-29 13:58:00,18,3,29,13,58,930,64,GAGNY (AVENUE DE),,,Plein jour,En agglomération,Hors intersection,Normale,Deux véhicules - côté,,,,,,,,,,,1,2,1,1.0,3.0
201800040747,0018-04-06 15:45:00,18,4,6,15,45,930,64,DE GAULLE (AV DU GENERAL,48.88615,2.47213,Plein jour,En agglomération,Hors intersection,Normale,Deux véhicules - côté,,,,,,,,,,,1,2,1,1.0,3.0
201800040748,0018-04-09 23:55:00,18,4,9,23,55,930,64,"00, DE GAULLE (AV DU GEN",48.87843,2.47892,Nuit avec éclairage allumé,En agglomération,Hors intersection,Pluie légère,Deux véhicules - arrière,,,,,,,,,,,5,2,1,2.0,2.0
201800040749,0018-04-14 03:40:00,18,4,14,3,40,930,64,"31, JAURES (AVENUE JEAN)",,,Nuit avec éclairage allumé,En agglomération,Hors intersection,Normale,Deux véhicules - frontale,,,,,,,,,,,5,2,1,1.0,1.0
201800040750,0018-04-19 16:05:00,18,4,19,16,5,930,64,"54BIS, ETANG A L'EAU (RU",,,Plein jour,En agglomération,Intersection en T,Temps éblouissant,Deux véhicules - côté,,,,,,,,,,,1,2,3,7.0,3.0
201800040751,0018-04-30 20:00:00,18,4,30,20,0,930,64,"108, DE GAULLE (AV DU GE",48.87979,2.47783,Plein jour,En agglomération,Intersection en X,Pluie légère,Deux véhicules - frontale,,,,,,,,,,,1,2,2,2.0,1.0
201800040752,0018-05-01 16:45:00,18,5,1,16,45,930,64,DE GAULLE (AV DU GENERAL,48.8826,2.4752,Plein jour,En agglomération,Hors intersection,Normale,Deux véhicules - côté,,,,,,,,,,,1,2,1,1.0,3.0
201800040753,0018-05-08 08:40:00,18,5,8,8,40,930,64,PERI (BOULEVARD GABRIEL),48.8775,2.4841,Plein jour,En agglomération,Hors intersection,Normale,Autre collision,,,,,,,,,,,1,2,1,1.0,6.0
201800040754,0018-05-12 00:10:00,18,5,12,0,10,930,47,"156, MYOSOTIS   (AVENUE",48.82948,2.5479,Nuit avec éclairage allumé,En agglomération,Intersection en X,Normale,Deux véhicules - côté,,,,,,,,,,,5,2,2,1.0,3.0
201800040755,0018-05-12 12:40:00,18,5,12,12,40,930,64,"1, LISBONNE (RUE DE)",,,Plein jour,En agglomération,Giratoire,Normale,Autre collision,,,,,,,,,,,1,2,6,1.0,6.0
201800040756,0018-05-13 14:20:00,18,5,13,14,20,930,64,"1, FAIDHERBE (ALLEE)",48.86082,2.48878,Plein jour,En agglomération,Intersection en T,Temps couvert,Deux véhicules - côté,,,,,,,,,,,1,2,3,8.0,3.0
201800040757,0018-05-18 12:50:00,18,5,18,12,50,930,64,LISBONNE (RUE DE),,,Plein jour,En agglomération,Intersection en Y,Normale,Deux véhicules - côté,,,,,,,,,,,1,2,4,1.0,3.0
201800040758,0018-05-19 10:45:00,18,5,19,10,45,930,64,"30, QUATRIEME ZOUAVES (R",48.873,2.4805,Plein jour,En agglomération,Hors intersection,Normale,Deux véhicules - côté,,,,,,,,,,,1,2,1,1.0,3.0
201800040759,0018-05-19 19:35:00,18,5,19,19,35,930,64,"60, QUATRIEME ZOUAVES (R",48.87187,2.475,Crépuscule ou aube,En agglomération,Hors intersection,Normale,Autre collision,,,,,,,,,,,2,2,1,1.0,6.0
201800040760,0018-05-25 15:40:00,18,5,25,15,40,930,64,"126, ALSACE-LORRAINE (BO",48.88553,2.47767,Plein jour,En agglomération,Hors intersection,Normale,Autre collision,,,,,,,,,,,1,2,1,1.0,6.0
201800040761,0018-06-05 17:40:00,18,6,5,17,40,930,64,"14, LISBONNE (RUE DE)",48.8806,2.4737,Plein jour,En agglomération,Place,Normale,Deux véhicules - côté,,,,,,,,,,,1,2,7,1.0,3.0
201800040762,0018-06-10 20:45:00,18,6,10,20,45,930,64,WALESA (AVENUE LECH),,,Plein jour,En agglomération,Intersection en X,Pluie légère,Deux véhicules - côté,,,,,,,,,,,1,2,2,2.0,3.0
201800040763,0018-05-31 18:35:00,18,5,31,18,35,930,50,ARISTIDE BRIAND (BOULEBA,48.85884,2.52055,Plein jour,En agglomération,Hors intersection,Normale,Autre collision,,,,,,,,,,,1,2,1,1.0,6.0
201800040764,0018-06-17 05:05:00,18,6,17,5,5,930,48,EDOUARD VAILLANT (RUE),48.85687,2.43308,Nuit avec éclairage allumé,En agglomération,Intersection en X,Normale,Deux véhicules - côté,,,,,,,,,,,5,2,2,1.0,3.0
201800040765,0018-06-18 17:45:00,18,6,18,17,45,930,64,"29, REPUBLIQUE (AVENUE D",48.86736,2.48474,Plein jour,En agglomération,Hors intersection,Normale,Deux véhicules - côté,,,,,,,,,,,1,2,1,1.0,3.0
201800040766,0018-06-19 16:35:00,18,6,19,16,35,930,64,"84 bis, DE GAULLE (AV DU",48.87836,2.47898,Plein jour,En agglomération,Hors intersection,Normale,Autre collision,,,,,,,,,,,1,2,1,1.0,6.0
201800040767,0018-06-26 04:50:00,18,6,26,4,50,930,64,GUESDES (RUE JULES),48.87627,2.50477,Nuit avec éclairage allumé,En agglomération,Hors intersection,Normale,Autre collision,,,,,,,,,,,5,2,1,1.0,6.0
201800040768,0018-07-18 22:15:00,18,7,18,22,15,930,64,DE GAULLE (AV DU GENERAL,48.88299,2.47509,Nuit sans éclairage public,En agglomération,Hors intersection,Normale,Deux véhicules - côté,,,,,,,,,,,3,2,1,1.0,3.0
201800040769,0018-07-20 17:00:00,18,7,20,17,0,930,64,GAGNY (AVENUE DE),48.88586,2.47593,Plein jour,En agglomération,Autre intersection,Pluie légère,Autre collision,,,,,,,,,,,1,2,9,2.0,6.0
201800040770,0018-09-10 12:40:00,18,9,10,12,40,930,64,REPUBLIQUE (AVENUE DE LA,,,Plein jour,En agglomération,Hors intersection,Normale,Autre collision,,,,,,,,,,,1,2,1,1.0,6.0
201800040771,0018-09-15 19:45:00,18,9,15,19,45,930,64,REPUBLIQUE (AVENUE DE LA,48.86491,2.48327,Plein jour,En agglomération,Hors intersection,Normale,Autre collision,,,,,,,,,,,1,2,1,1.0,6.0
201800040772,0018-09-15 23:35:00,18,9,15,23,35,930,50,JEAN JAURES (AVENUE) COT,48.86097,2.54127,Nuit avec éclairage allumé,En agglomération,Autre intersection,Normale,Autre collision,,,,,,,,,,,5,2,9,1.0,6.0
201800040773,0018-09-21 19:10:00,18,9,21,19,10,930,64,GALLIENI (RUE DU GENERAL,48.87398,2.48285,Plein jour,En agglomération,Hors intersection,Normale,Autre collision,,,,,,,,,,,1,2,1,1.0,6.0
201800040774,0018-09-22 13:45:00,18,9,22,13,45,930,64,ALSACE-LORRAINE (BOULEVA,,,Plein jour,En agglomération,Intersection en X,Normale,Deux véhicules - côté,,,,,,,,,,,1,2,2,1.0,3.0
201800040775,0018-10-04 19:30:00,18,10,4,19,30,930,64,KENNEDY (AVENUE DU PRESI,48.88018,2.49315,Crépuscule ou aube,En agglomération,Hors intersection,Normale,Deux véhicules - côté,,,,,,,,,,,2,2,1,1.0,3.0
201800040776,0018-07-04 12:15:00,18,7,4,12,15,930,64,"17, DUCLOS (RUE JACQUES)",,,Plein jour,En agglomération,Hors intersection,Normale,Autre collision,,,,,,,,,,,1,2,1,1.0,6.0
201800040777,0018-10-07 22:30:00,18,10,7,22,30,930,48,PARIS (RUE DE),48.8549,2.41814,Nuit avec éclairage allumé,En agglomération,Hors intersection,Normale,Deux véhicules - côté,,,,,,,,,,,5,2,1,1.0,3.0
201800040778,0018-10-09 17:55:00,18,10,9,17,55,930,64,GARDEBLED (RUE RICHARD),48.87501,2.48391,Plein jour,En agglomération,Hors intersection,Normale,Autre collision,,,,,,,,,,,1,2,1,1.0,6.0
201800040779,0018-10-10 19:15:00,18,10,10,19,15,930,64,OFFENBACH (RUE JACQUES),,,Crépuscule ou aube,En agglomération,Intersection en X,Normale,Deux véhicules - côté,,,,,,,,,,,2,2,2,1.0,3.0
201800040780,0018-10-14 05:25:00,18,10,14,5,25,930,64,ALSACE-LORRAINE (BOULEVA,48.88391,2.4883,Nuit avec éclairage allumé,En agglomération,Intersection en X,Normale,Deux véhicules - côté,,,,,,,,,,,5,2,2,1.0,3.0
201800040781,0018-10-16 14:15:00,18,10,16,14,15,930,64,BLUM (RUE LEON),,,Plein jour,En agglomération,Hors intersection,Normale,Autre collision,,,,,,,,,,,1,2,1,1.0,6.0
201800040782,0018-10-21 15:50:00,18,10,21,15,50,930,64,DE GAULLE (AV DU GENERAL,48.87726,2.47997,Plein jour,En agglomération,Intersection en X,Normale,Deux véhicules - arrière,,,,,,,,,,,1,2,2,1.0,2.0
201800040783,0018-10-29 19:05:00,18,10,29,19,5,930,64,BLUM (RUE LEON),48.88569,2.47638,Nuit sans éclairage public,En agglomération,Hors intersection,Normale,Autre collision,,,,,,,,,,,3,2,1,1.0,6.0
201800040784,0018-10-30 19:05:00,18,10,30,19,5,930,64,DEUX COMMUNES (RUE DES),48.86816,2.50122,Nuit avec éclairage allumé,En agglomération,Intersection en X,Normale,Deux véhicules - frontale,,,,,,,,,,,5,2,2,1.0,1.0