accident_id,datetime,annee,mois,jour,heure,minute,departement,commune_insee,adresse,latitude,longitude,luminosite,agglomeration,intersection,meteo,collision,nb_vehicules,nb_usagers,nb_indemnes,nb_tues,nb_blesses_hosp,nb_blesses_legers,age_cond_1,age_cond_2,veh_type_cond_1,veh_type_cond_2,lum_code,agg_code,int_code,atm_code,col_code
201800040785,0018-11-01 17:00:00,18,11,1,17,0,930,64,KENNEDY (AVENUE DU PRESI,,,Plein jour,En agglomération,Hors intersection,Pluie légère,Trois véhicules et plus - en chaîne,,,,,,,,,,,1,2,1,2.0,4.0
201800040786,0018-11-10 22:30:00,18,11,10,22,30,930,64,BLUM (RUE LEON),48.88167,2.48092,Nuit avec éclairage allumé,En agglomération,Hors intersection,Pluie légère,Deux véhicules - côté,,,,,,,,,,,5,2,1,2.0,3.0
201800040787,0018-11-13 14:25:00,18,11,13,14,25,930,64,DE GAULLE (AV DU GENERAL,48.88463,2.47354,Plein jour,En agglomération,Autre intersection,Normale,Deux véhicules - côté,,,,,,,,,,,1,2,9,1.0,3.0
201800040788,0018-11-18 17:00:00,18,11,18,17,0,930,64,DE GAULLE (AV DU GENERAL,48.88,2.47,Nuit avec éclairage allumé,En agglomération,Autre intersection,Normale,Autre collision,,,,,,,,,,,5,2,9,1.0,6.0
201800040789,0018-11-19 19:25:00,18,11,19,19,25,930,48,PASTEUR S2  (AVENUE),48.87083,2.43379,Nuit avec éclairage allumé,En agglomération,Hors intersection,Pluie légère,Autre collision,,,,,,,,,,,5,2,1,2.0,6.0
201800040790,0018-11-23 15:00:00,18,11,23,15,0,930,64,HUSSENET (RUE),48.8785,2.47935,Plein jour,En agglomération,Intersection en T,Temps couvert,Autre collision,,,,,,,,,,,1,2,3,8.0,6.0
201800040791,0018-11-27 18:55:00,18,11,27,18,55,930,64,JAURES (AVENUE JEAN),48.87133,2.48641,Nuit avec éclairage allumé,En agglomération,Intersection en X,Pluie légère,Autre collision,,,,,,,,,,,5,2,2,2.0,6.0
201800040792,0018-12-05 12:00:00,18,12,5,12,0,930,64,HUGO (RUE VICTOR),48.86578,2.49567,Plein jour,En agglomération,Autre intersection,Normale,Autre collision,,,,,,,,,,,1,2,9,1.0,6.0
201800040793,0018-12-06 19:25:00,18,12,6,19,25,930,64,CLOS BARON (RUE DU),,,Nuit avec éclairage allumé,En agglomération,Intersection en T,Normale,Trois véhicules et plus - collisions multiples,,,,,,,,,,,5,2,3,1.0,5.0
201800040794,0018-12-15 17:50:00,18,12,15,17,50,930,64,ALSACE-LORRAINE (BOULEVA,48.88397,2.4886,Nuit avec éclairage allumé,En agglomération,Autre intersection,Pluie légère,Autre collision,,,,,,,,,,,5,2,9,2.0,6.0
201800040795,0018-12-27 11:30:00,18,12,27,11,30,930,64,ROME (RUE DE),,,Plein jour,En agglomération,Autre intersection,Normale,Autre collision,,,,,,,,,,,1,2,9,1.0,6.0
201800040796,0018-12-30 18:00:00,18,12,30,18,0,930,64,DE GAULLE (AV DU GENERAL,,,Nuit avec éclairage allumé,En agglomération,Hors intersection,Temps couvert,Autre collision,,,,,,,,,,,5,2,1,8.0,6.0
201800040797,0018-01-01 18:20:00,18,1,1,18,20,930,66,HUGO VICTOR (Place),48.93595,2.35778,Nuit avec éclairage allumé,En agglomération,Place,Pluie légère,Autre collision,,,,,,,,,,,5,2,7,2.0,6.0
201800040798,0018-01-01 19:30:00,18,1,1,19,30,930,66,MARECHAL Lyautey,48.92,2.37,Nuit avec éclairage allumé,En agglomération,Hors intersection,Temps couvert,Autre collision,,,,,,,,,,,5,2,1,8.0,6.0
201800040799,0018-01-06 22:45:00,18,1,6,22,45,930,66,PORTE DE PARIS (PLACE),48.9297,2.35641,Nuit avec éclairage allumé,En agglomération,Hors intersection,Pluie légère,Deux véhicules - côté,,,,,,,,,,,5,2,1,2.0,3.0
201800040800,0018-01-07 08:07:00,18,1,7,8,7,930,66,"33, LENINE (AVENUE) NR 2",48.94334,2.36276,Nuit avec éclairage allumé,En agglomération,Hors intersection,Pluie légère,Deux véhicules - frontale,,,,,,,,,,,5,2,1,2.0,1.0
201800040801,0018-01-07 13:22:00,18,1,7,13,22,930,66,MOCQUET GUY,48.94918,2.36387,Plein jour,En agglomération,Hors intersection,Pluie légère,Autre collision,,,,,,,,,,,1,2,1,2.0,6.0
201800040802,0018-01-09 12:30:00,18,1,9,12,30,930,66,"208, WILSON (AVENUE DU P",,,Plein jour,En agglomération,Hors intersection,Normale,Deux véhicules - arrière,,,,,,,,,,,1,2,1,1.0,2.0
201800040803,0018-01-10 14:00:00,18,1,10,14,0,930,66,COLONEL FABIEN (AVENUE),48.94451,2.35586,Plein jour,En agglomération,Hors intersection,Pluie légère,Autre collision,,,,,,,,,,,1,2,1,2.0,6.0
201800040804,0018-01-11 21:30:00,18,1,11,21,30,930,39,CHATELIER (QUAI DU ),48.92089,2.33013,Nuit avec éclairage allumé,En agglomération,Hors intersection,Normale,Autre collision,,,,,,,,,,,5,2,1,1.0,6.0
201800040805,0018-01-14 18:30:00,18,1,14,18,30,930,66,COLONEL FABIEN (AVENUE),,,Nuit avec éclairage allumé,En agglomération,Hors intersection,Normale,Deux véhicules - arrière,,,,,,,,,,,5,2,1,1.0,2.0
201800040806,0018-01-16 04:15:00,18,1,16,4,15,930,66,"9, ""SEMBAT MARCEL (BD),",48.9309,2.3545,Nuit avec éclairage allumé,En agglomération,Hors intersection,Pluie légère,Autre collision,,,,,,,,,,,5,2,1,2.0,6.0
201800040807,0018-01-16 12:30:00,18,1,16,12,30,930,66,"265, WILSON (AVENUE DU P",48.91847,2.35711,Plein jour,En agglomération,Hors intersection,Normale,Trois véhicules et plus - collisions multiples,,,,,,,,,,,1,2,1,1.0,5.0
201800040808,0018-01-16 21:40:00,18,1,16,21,40,930,66,"55, ORNANO (BOULEVARD)",48.91484,2.34177,Nuit avec éclairage allumé,En agglomération,Hors intersection,Normale,Deux véhicules - côté,,,,,,,,,,,5,2,1,1.0,3.0
201800040809,0018-01-17 18:20:00,18,1,17,18,20,930,66,"227, WILSON (AVENUE DU P",48.91472,2.3573,Nuit avec éclairage allumé,En agglomération,Hors intersection,Pluie légère,Autre collision,,,,,,,,,,,5,2,1,2.0,6.0
201800040810,0018-01-18 06:42:00,18,1,18,6,42,930,66,BRICHE NR 2 A 38,48.94193,2.34157,Nuit avec éclairage allumé,En agglomération,Intersection en X,Pluie légère,Deux véhicules - côté,,,,,,,,,,,5,2,2,2.0,3.0
201800040811,0018-01-21 13:10:00,18,1,21,13,10,930,66,"""LANDY RD 20, NR IMPAIRS",48.915,2.358,Plein jour,En agglomération,Intersection en X,Pluie légère,Autre collision,,,,,,,,,,,1,2,2,2.0,6.0
201800040812,0018-01-22 18:00:00,18,1,22,18,0,930,66,AMPERE,48.92395,2.34324,Nuit avec éclairage allumé,En agglomération,Hors intersection,Pluie légère,Deux véhicules - frontale,,,,,,,,,,,5,2,1,2.0,1.0
201800040813,0018-01-23 13:30:00,18,1,23,13,30,930,66,"STALINGRAD (AVENUE), NR",48.94559,2.36514,Plein jour,En agglomération,Hors intersection,Pluie légère,Autre collision,,,,,,,,,,,1,2,1,2.0,6.0
201800040814,0018-01-27 18:30:00,18,1,27,18,30,930,39,"2, Marcel paul (BOULEVAR",48.91,2.32,Plein jour,En agglomération,Hors intersection,Normale,Deux véhicules - arrière,,,,,,,,,,,1,2,1,1.0,2.0
201800040815,0018-01-30 04:55:00,18,1,30,4,55,930,66,LIBERATION RD14 (BOULEVA,48.9341,2.34028,Nuit avec éclairage allumé,En agglomération,Hors intersection,Normale,Autre collision,,,,,,,,,,,5,2,1,1.0,6.0
201800040816,0018-01-30 08:00:00,18,1,30,8,0,930,66,"138, CASANOVA DANIELLE N",48.92556,2.3676,Plein jour,En agglomération,Autre intersection,Normale,Deux véhicules - côté,,,,,,,,,,,1,2,9,1.0,3.0
201800040817,0018-02-06 09:15:00,18,2,6,9,15,930,66,FRANCE ANATOLE ENTREE A8,48.924,2.348,Plein jour,En agglomération,Hors intersection,Neige / grêle,Deux véhicules - arrière,,,,,,,,,,,1,2,1,4.0,2.0
201800040818,0018-02-06 11:25:00,18,2,6,11,25,930,66,"22, SEMAT ROGER",48.94793,2.35755,Plein jour,En agglomération,Hors intersection,Neige / grêle,Autre collision,,,,,,,,,,,1,2,1,4.0,6.0
201800040819,0018-02-08 16:13:00,18,2,8,16,13,930,66,FRANCE ANATOLE (BOULEVAR,48.91966,2.34346,Plein jour,En agglomération,Hors intersection,Normale,Autre collision,,,,,,,,,,,1,2,1,1.0,6.0
201800040820,0018-02-08 20:20:00,18,2,8,20,20,930,66,SAULNIER JULES,48.925,2.35,Nuit avec éclairage allumé,En agglomération,Hors intersection,Normale,Autre collision,,,,,,,,,,,5,2,1,1.0,6.0
201800040821,0018-02-09 21:50:00,18,2,9,21,50,930,66,"117, MICHELS CHARLES",48.92782,2.34176,Nuit avec éclairage allumé,En agglomération,Hors intersection,Pluie légère,Autre collision,,,,,,,,,,,5,2,1,2.0,6.0
201800040822,0018-02-11 06:30:00,18,2,11,6,30,930,66,"48, SIQUEIROS DAVID",48.94516,2.36838,Nuit avec éclairage allumé,En agglomération,Hors intersection,Autre,Autre collision,,,,,,,,,,,5,2,1,9.0,6.0
201800040823,0018-02-13 11:45:00,18,2,13,11,45,930,66,JOLIOT CURIE IRENE ET FR,48.93363,2.3698,Plein jour,En agglomération,Intersection en T,Temps couvert,Autre collision,,,,,,,,,,,1,2,3,8.0,6.0
201800040824,0018-02-17 22:00:00,18,2,17,22,0,930,66,LENINE (AVENUE) NR 2 A 2,,,Nuit avec éclairage allumé,En agglomération,Hors intersection,Normale,Autre collision,,,,,,,,,,,5,2,1,1.0,6.0
201800040825,0018-02-21 16:40:00,18,2,21,16,40,930,66,"""STALINGRAD (AVENUE), NR",48.94545,2.36394,Plein jour,En agglomération,Intersection en X,Normale,Deux véhicules - côté,,,,,,,,,,,1,2,2,1.0,3.0
201800040826,0018-02-21 15:00:00,18,2,21,15,0,930,66,PORTE DE PARIS (PLACE),48.93084,2.3564,Plein jour,En agglomération,Hors intersection,Normale,Autre collision,,,,,,,,,,,1,2,1,1.0,6.0
201800040827,0018-03-02 23:00:00,18,3,2,23,0,930,66,"""BARBUSSE HENRI, NR 2 A",48.94,2.37,Nuit avec éclairage allumé,En agglomération,Hors intersection,Normale,Trois véhicules et plus - en chaîne,,,,,,,,,,,5,2,1,1.0,4.0
201800040828,0018-03-05 16:35:00,18,3,5,16,35,930,39,JAURES JEAN (AVENUE),48.93,2.36,Plein jour,En agglomération,Intersection en X,Temps couvert,Deux véhicules - côté,,,,,,,,,,,1,2,2,8.0,3.0
201800040829,0018-03-08 16:55:00,18,3,8,16,55,930,66,"27, FAURE FELIX (BOULEVA",48.93893,2.36075,Plein jour,En agglomération,Hors intersection,Pluie légère,Autre collision,,,,,,,,,,,1,2,1,2.0,6.0
201800040830,0018-03-10 13:30:00,18,3,10,13,30,930,66,"14, GENERAL JOINVILLE",48.93476,2.36918,Plein jour,En agglomération,Hors intersection,Normale,Autre collision,,,,,,,,,,,1,2,1,1.0,6.0
201800040831,0018-03-12 17:09:00,18,3,12,17,9,930,66,AMPERE,48.92373,2.34207,Plein jour,En agglomération,Intersection en T,Normale,Deux véhicules - côté,,,,,,,,,,,1,2,3,1.0,3.0
201800040832,0018-03-15 19:00:00,18,3,15,19,0,930,66,STADE DE FRANCE (AVENUE,49.0,3.0,Crépuscule ou aube,En agglomération,Hors intersection,Normale,Deux véhicules - côté,,,,,,,,,,,2,2,1,1.0,3.0
201800040833,0018-03-18 10:55:00,18,3,18,10,55,930,66,"15, GENERAL JOINVILLE",48.93464,2.3692,Plein jour,En agglomération,Hors intersection,Pluie légère,Deux véhicules - côté,,,,,,,,,,,1,2,1,2.0,3.0
201800040834,0018-03-19 14:00:00,18,3,19,14,0,930,66,"60, ""STALINGRAND (AV), N",48.94643,2.37032,Plein jour,En agglomération,Intersection en T,Normale,Deux véhicules - arrière,,,,,,,,,,,1,2,3,1.0,2.0
201800040835,0018-03-22 07:15:00,18,3,22,7,15,930,66,"PHARMA. UNIVERSITE 42,",48.94541,2.36378,Crépuscule ou aube,En agglomération,Intersection en X,Normale,Deux véhicules - côté,,,,,,,,,,,2,2,2,1.0,3.0
201800040836,0018-03-23 12:15:00,18,3,23,12,15,930,66,MENAND,48.93626,2.36984,Plein jour,En agglomération,Intersection en T,Normale,Deux véhicules - côté,,,,,,,,,,,1,2,3,1.0,3.0
201800040837,0018-03-23 19:10:00,18,3,23,19,10,930,66,FORT DE LA BRICHE,48.94216,2.34172,Nuit avec éclairage allumé,En agglomération,Hors intersection,Normale,Autre collision,,,,,,,,,,,5,2,1,1.0,6.0
201800040838,0018-03-27 07:45:00,18,3,27,7,45,930,66,"37, ""LANDY RD 20, NR IMP",48.91542,2.36198,Crépuscule ou aube,En agglomération,Hors intersection,Pluie légère,Autre collision,,,,,,,,,,,2,2,1,2.0,6.0
201800040839,0018-03-28 14:50:00,18,3,28,14,50,930,66,"53, COURNEUVE (ROUTE)",48.93187,2.37793,Plein jour,En agglomération,Hors intersection,Pluie forte,Autre collision,,,,,,,,,,,1,2,1,3.0,6.0
201800040840,0018-03-29 12:55:00,18,3,29,12,55,930,66,"93, ""STRASBOURG, NR 36 E",48.93699,2.37169,Plein jour,En agglomération,Hors intersection,Normale,Autre collision,,,,,,,,,,,1,2,1,1.0,6.0
201800040841,0018-04-02 16:15:00,18,4,2,16,15,930,66,"154 bis, WILSON (AVENUE",48.91064,2.3585,Plein jour,En agglomération,Intersection en T,Normale,Autre collision,,,,,,,,,,,1,2,3,1.0,6.0
201800040842,0018-04-03 17:30:00,18,4,3,17,30,930,66,"31, FAURE FELIX (BOULEVA",48.93884,2.36131,Plein jour,En agglomération,Hors intersection,Pluie forte,Autre collision,,,,,,,,,,,1,2,1,3.0,6.0
201800040843,0018-04-04 19:40:00,18,4,4,19,40,930,66,GENERAL DE GAULLE,48.92264,2.36657,Crépuscule ou aube,En agglomération,Hors intersection,Normale,Deux véhicules - côté,,,,,,,,,,,2,2,1,1.0,3.0
201800040844,0018-04-06 08:35:00,18,4,6,8,35,930,66,"11, ""GUESDE JULES (BD),",48.93467,2.34997,Plein jour,En agglomération,Intersection en T,Temps éblouissant,Autre collision,,,,,,,,,,,1,2,3,7.0,6.0
201800040845,0018-04-06 12:30:00,18,4,6,12,30,930,66,"35, FRANCE ANATOLE (BOUL",48.92659,2.35183,Plein jour,En agglomération,Hors intersection,Normale,Trois véhicules et plus - collisions multiples,,,,,,,,,,,1,2,1,1.0,5.0
201800040846,0018-04-09 16:00:00,18,4,9,16,0,930,66,"44, ""GUESDE JULES (BD),",48.93,2.37,Plein jour,En agglomération,Hors intersection,Pluie légère,Autre collision,,,,,,,,,,,1,2,1,2.0,6.0
201800040847,0018-04-11 04:11:00,18,4,11,4,11,930,66,WILSON (AVENUE DU PRESID,48.9267,2.3571,Nuit avec éclairage allumé,En agglomération,Intersection en Y,Normale,Autre collision,,,,,,,,,,,5,2,4,1.0,6.0
201800040848,0018-04-13 07:10:00,18,4,13,7,10,930,66,"31, LIBERTE",48.94,2.36,Plein jour,En agglomération,Hors intersection,Normale,Autre collision,,,,,,,,,,,1,2,1,1.0,6.0
201800040849,0018-04-13 10:00:00,18,4,13,10,0,930,66,"01, COMMUNE DE PARIS (BO",48.94137,2.36331,Plein jour,En agglomération,Hors intersection,Normale,Autre collision,,,,,,,,,,,1,2,1,1.0,6.0
201800040850,0018-04-13 10:00:00,18,4,13,10,0,930,66,"2, METALLURGIE (AVENUE)",48.90925,2.362,Plein jour,En agglomération,Hors intersection,Normale,Deux véhicules - côté,,,,,,,,,,,1,2,1,1.0,3.0
201800040851,0018-04-13 20:00:00,18,4,13,20,0,930,66,FORT DE LA BRICHE,48.943,2.3418,Crépuscule ou aube,En agglomération,Hors intersection,Normale,Deux véhicules - côté,,,,,,,,,,,2,2,1,1.0,3.0
201800040852,0018-04-13 19:10:00,18,4,13,19,10,930,39,"32, SEINE (QUAI DE )",48.93533,2.34082,Plein jour,En agglomération,Hors intersection,Normale,Autre collision,,,,,,,,,,,1,2,1,1.0,6.0
201800040853,0018-04-14 22:00:00,18,4,14,22,0,930,66,LIBERATION RD14 (BOULEVA,,,Nuit avec éclairage allumé,En agglomération,Intersection en Y,Autre,Autre collision,,,,,,,,,,,5,2,4,9.0,6.0
201800040854,0018-04-16 04:10:00,18,4,16,4,10,930,66,"STALINGRAD (AVENUE), NR",48.9451,2.3614,Nuit avec éclairage allumé,En agglomération,Autre intersection,Normale,Autre collision,,,,,,,,,,,5,2,9,1.0,6.0
201800040855,0018-04-17 13:15:00,18,4,17,13,15,930,66,METALLURGIE (AVENUE),48.90936,2.36242,Plein jour,En agglomération,Intersection en X,Normale,Deux véhicules - côté,,,,,,,,,,,1,2,2,1.0,3.0
201800040856,0018-04-19 16:50:00,18,4,19,16,50,930,66,COLONEL FABIEN (AVENUE),48.9457,2.34949,Plein jour,En agglomération,Hors intersection,Normale,Deux véhicules - arrière,,,,,,,,,,,1,2,1,1.0,2.0
201800040857,0018-04-22 06:40:00,18,4,22,6,40,930,66,"43, ""LANDY RD 20, NR IMP",48.9154,2.3617,Plein jour,En agglomération,Intersection en X,Normale,Deux véhicules - côté,,,,,,,,,,,1,2,2,1.0,3.0
201800040858,0018-04-24 13:55:00,18,4,24,13,55,930,66,"90, PRESSENCE FRANCIS (A",48.92598,2.37697,Plein jour,En agglomération,Hors intersection,Normale,Deux véhicules - côté,,,,,,,,,,,1,2,1,1.0,3.0
201800040859,0018-04-24 07:26:00,18,4,24,7,26,930,66,STADE DE FRANCE (AVENUE,48.91874,2.36188,Crépuscule ou aube,En agglomération,Hors intersection,Normale,Autre collision,,,,,,,,,,,2,2,1,1.0,6.0
201800040860,0018-04-26 16:00:00,18,4,26,16,0,930,66,"31, COLONEL FABIEN (AVEN",48.94587,2.34828,Plein jour,En agglomération,Hors intersection,Normale,Deux véhicules - arrière,,,,,,,,,,,1,2,1,1.0,2.0
201800040861,0018-04-26 17:45:00,18,4,26,17,45,930,72,"12, DIVISION LECLERC (AV",48.95096,2.38218,Plein jour,Hors agglomération,Hors intersection,Normale,Autre collision,,,,,,,,,,,1,1,1,1.0,6.0
201800040862,0018-04-27 23:30:00,18,4,27,23,30,930,66,", MOULIN JEAN (AVE) NR 1",48.9389,2.3618,Nuit avec éclairage allumé,En agglomération,Hors intersection,Normale,Deux véhicules - arrière,,,,,,,,,,,5,2,1,1.0,2.0
201800040863,0018-04-30 19:10:00,18,4,30,19,10,930,66,COMMUNE DE PARIS (BOULEV,48.93769,2.36153,Crépuscule ou aube,En agglomération,Intersection en X,Pluie légère,Deux véhicules - côté,,,,,,,,,,,2,2,2,2.0,3.0
201800040864,0018-05-03 19:45:00,18,5,3,19,45,930,66,"77, ""LANDY RD 20, NR IMP",48.9155,2.35737,Crépuscule ou aube,En agglomération,Hors intersection,Temps éblouissant,Autre collision,,,,,,,,,,,2,2,1,7.0,6.0
201800040865,0018-05-07 03:30:00,18,5,7,3,30,930,66,GENERAL JOINVILLE,48.9342,2.37,Nuit avec éclairage allumé,En agglomération,Hors intersection,Normale,Autre collision,,,,,,,,,,,5,2,1,1.0,6.0
201800040866,0018-05-09 18:00:00,18,5,9,18,0,930,66,"11, MOULIN JEAN (AVENUE)",48.94088,2.36379,Plein jour,En agglomération,Intersection en T,Normale,Autre collision,,,,,,,,,,,1,2,3,1.0,6.0
201800040867,0018-05-10 10:35:00,18,5,10,10,35,930,66,"81, WILSON (AVENUE DU PR",48.90522,2.35819,Plein jour,En agglomération,Hors intersection,Temps couvert,Deux véhicules - arrière,,,,,,,,,,,1,2,1,8.0,2.0
201800040868,0018-05-10 21:10:00,18,5,10,21,10,930,66,"LANDY RD 20, NR IMPAIRS",48.91535,2.35468,Nuit avec éclairage allumé,En agglomération,Intersection en X,Normale,Autre collision,,,,,,,,,,,5,2,2,1.0,6.0
201800040869,0018-05-13 12:10:00,18,5,13,12,10,930,66,"40, COLONEL FABIEN (AVEN",48.9458,2.34938,Plein jour,En agglomération,Hors intersection,Temps couvert,Sans collision,,,,,,,,,,,1,2,1,8.0,7.0
201800040870,0018-05-14 22:46:00,18,5,14,22,46,930,66,METALLURGIE (AVENUE),,,Nuit avec éclairage allumé,En agglomération,Intersection en X,Normale,Deux véhicules - arrière,,,,,,,,,,,5,2,2,1.0,2.0
201800040871,0018-05-15 17:45:00,18,5,15,17,45,930,66,WILSON (AVENUE DU PRESID,48.92,2.35,Plein jour,En agglomération,Hors intersection,Normale,Autre collision,,,,,,,,,,,1,2,1,1.0,6.0
201800040872,0018-05-16 17:40:00,18,5,16,17,40,930,66,"49, COMMUNE DE PARIS (BO",48.93621,2.3643,Plein jour,En agglomération,Hors intersection,Normale,Autre collision,,,,,,,,,,,1,2,1,1.0,6.0
201800040873,0018-05-17 09:06:00,18,5,17,9,6,930,66,"6, BRICHE NR 2 A 38",48.94378,2.34203,Plein jour,En agglomération,Intersection en T,Normale,Deux véhicules - côté,,,,,,,,,,,1,2,3,1.0,3.0
201800040874,0018-05-18 21:05:00,18,5,18,21,5,930,66,GORKI MAXIME,48.94298,2.38713,Plein jour,En agglomération,Hors intersection,Normale,Deux véhicules - côté,,,,,,,,,,,1,2,1,1.0,3.0
201800040875,0018-05-24 16:30:00,18,5,24,16,30,930,66,POSTILLONS,48.93787,2.37983,Plein jour,En agglomération,Hors intersection,Normale,Autre collision,,,,,,,,,,,1,2,1,1.0,6.0
201800040876,0018-05-27 13:28:00,18,5,27,13,28,930,66,LENINE (AVENUE) NR 28 A,,,Plein jour,En agglomération,Intersection en X,Normale,Deux véhicules - côté,,,,,,,,,,,1,2,2,1.0,3.0
201800040877,0018-05-28 12:45:00,18,5,28,12,45,930,66,WILSON (AVENUE DU PRESID,48.92617,2.35642,Plein jour,En agglomération,Intersection en T,Normale,Deux véhicules - côté,,,,,,,,,,,1,2,3,1.0,3.0
201800040878,0018-05-29 08:30:00,18,5,29,8,30,930,66,WILSON (AVENUE DU PRESID,48.91814,2.35754,Plein jour,En agglomération,Intersection en X,Normale,Autre collision,,,,,,,,,,,1,2,2,1.0,6.0
201800040879,0018-05-30 18:40:00,18,5,30,18,40,930,66,STADE DE FRANCE (AVENUE,48.92112,2.36169,Plein jour,En agglomération,Hors intersection,Normale,Autre collision,,,,,,,,,,,1,2,1,1.0,6.0
201800040880,0018-06-02 22:46:00,18,6,2,22,46,930,66,"4, BAUDET",48.86666,2.33333,Nuit avec éclairage allumé,En agglomération,Hors intersection,Normale,Autre collision,,,,,,,,,,,5,2,1,1.0,6.0
201800040881,0018-06-03 13:00:00,18,6,3,13,0,930,66,"10, SEMAT ROGER",48.94446,2.35705,Plein jour,En agglomération,Hors intersection,Normale,Autre collision,,,,,,,,,,,1,2,1,1.0,6.0
201800040882,0018-06-03 16:45:00,18,6,3,16,45,930,66,WILSON (AVENUE DU PRESID,48.92679,2.3565,Plein jour,En agglomération,Hors intersection,Normale,Autre collision,,,,,,,,,,,1,2,1,1.0,6.0
201800040883,0018-06-04 07:30:00,18,6,4,7,30,930,66,"09, DE PRESSENSE FRANCIS",48.91944,2.36081,Plein jour,En agglomération,Hors intersection,Normale,Deux véhicules - arrière,,,,,,,,,,,1,2,1,1.0,2.0
201800040884,0018-06-04 16:30:00,18,6,4,16,30,930,66,"77, ""LANDY RD 20, NR IMP",48.91547,2.35777,Plein jour,En agglomération,Intersection en T,Normale,Deux véhicules - côté,,,,,,,,,,,1,2,3,1.0,3.0
201800040885,0018-06-04 21:50:00,18,6,4,21,50,930,66,"86, ""SEMBAT MARCEL (BD),",48.93544,2.34742,Nuit avec éclairage allumé,En agglomération,Hors intersection,Normale,Autre collision,,,,,,,,,,,5,2,1,1.0,6.0
201800040886,0018-06-09 21:00:00,18,6,9,21,0,930,66,FORT DE LA BRICHE (CHEMI,48.944,2.342,Crépuscule ou aube,En agglomération,Hors intersection,Normale,Deux véhicules - côté,,,,,,,,,,,2,2,1,1.0,3.0
201800040887,0018-06-10 01:42:00,18,6,10,1,42,930,66,"44, ELUARD PAUL NR 2 A 3",48.94101,2.34321,Nuit avec éclairage allumé,En agglomération,Hors intersection,Normale,Trois véhicules et plus - en chaîne,,,,,,,,,,,5,2,1,1.0,4.0
201800040888,0018-06-11 18:50:00,18,6,11,18,50,930,66,DE PRESSENSE FRANCIS,48.92112,2.36532,Plein jour,En agglomération,Hors intersection,Pluie légère,Autre collision,,,,,,,,,,,1,2,1,2.0,6.0
201800040889,0018-06-14 03:30:00,18,6,14,3,30,930,66,SAULNIER JULES,48.92544,2.35237,Nuit avec éclairage allumé,En agglomération,Hors intersection,Normale,Sans collision,,,,,,,,,,,5,2,1,1.0,7.0
201800040890,0018-06-15 17:45:00,18,6,15,17,45,930,66,GARENNE,48.94303,2.38452,Plein jour,Hors agglomération,Hors intersection,Normale,Autre collision,,,,,,,,,,,1,1,1,1.0,6.0
201800040891,0018-06-17 23:20:00,18,6,17,23,20,930,66,LENINE (AVENUE) NR 28 A,48.94208,2.36564,Nuit avec éclairage allumé,En agglomération,Intersection en X,Normale,Autre collision,,,,,,,,,,,5,2,2,1.0,6.0
201800040892,0018-06-20 11:18:00,18,6,20,11,18,930,66,"1, ""PERI GABRIEL, NR 2",48.93044,2.3565,Plein jour,En agglomération,Hors intersection,Normale,Deux véhicules - côté,,,,,,,,,,,1,2,1,1.0,3.0
201800040893,0018-06-20 19:30:00,18,6,20,19,30,930,66,"80, ""STALINGRAD (AVENUE)",48.94668,2.3709,Plein jour,En agglomération,Hors intersection,Normale,Autre collision,,,,,,,,,,,1,2,1,1.0,6.0
201800040894,0018-06-22 11:18:00,18,6,22,11,18,930,66,MONDIAL 98,48.92539,2.36343,Plein jour,En agglomération,Hors intersection,Normale,Autre collision,,,,,,,,,,,1,2,1,1.0,6.0
201800040895,0018-06-22 19:45:00,18,6,22,19,45,930,66,BASILIQUE (PROMENADE),48.94263,2.38432,Plein jour,En agglomération,Hors intersection,Normale,Autre collision,,,,,,,,,,,1,2,1,1.0,6.0
201800040896,0018-06-22 20:50:00,18,6,22,20,50,930,66,"73, ""STRASBOURG, NR 36 E",48.936,2.36893,Plein jour,En agglomération,Hors intersection,Normale,Deux véhicules - côté,,,,,,,,,,,1,2,1,1.0,3.0
201800040897,0018-06-23 15:25:00,18,6,23,15,25,930,66,PORT,48.93846,2.34275,Plein jour,En agglomération,Hors intersection,Normale,Autre collision,,,,,,,,,,,1,2,1,1.0,6.0
201800040898,0018-06-23 17:45:00,18,6,23,17,45,930,66,"15, COLONEL FABIEN (AVEN",48.94452,2.3556,Plein jour,En agglomération,Hors intersection,Normale,Autre collision,,,,,,,,,,,1,2,1,1.0,6.0
201800040899,0018-06-24 05:15:00,18,6,24,5,15,930,59,JULES CHATENAY (RUE),48.96653,2.36623,Plein jour,En agglomération,Intersection en X,Normale,Deux véhicules - côté,,,,,,,,,,,1,2,2,1.0,3.0
201800040900,0018-06-24 21:15:00,18,6,24,21,15,930,66,"142, ""PERI GABRIEL, NR 1",48.94256,2.35678,Plein jour,En agglomération,Intersection en X,Normale,Deux véhicules - côté,,,,,,,,,,,1,2,2,1.0,3.0
201800040901,0018-06-25 08:30:00,18,6,25,8,30,930,66,"28, FAURE FELIX (BOULEVA",48.938,2.35,Plein jour,En agglomération,Hors intersection,Normale,Autre collision,,,,,,,,,,,1,2,1,1.0,6.0
201800040902,0018-06-25 15:30:00,18,6,25,15,30,930,66,"5, MITERRAND FRANCOIS (A",48.91594,2.3549,Plein jour,En agglomération,Hors intersection,Normale,Deux véhicules - côté,,,,,,,,,,,1,2,1,1.0,3.0
201800040903,0018-06-27 13:07:00,18,6,27,13,7,930,66,"2, ""PERI GABRIEL, NR 2",48.92991,2.35639,Plein jour,En agglomération,Hors intersection,Normale,Sans collision,,,,,,,,,,,1,2,1,1.0,7.0
201800040904,0018-06-28 11:10:00,18,6,28,11,10,930,66,DELAUNAY HENRI,48.92601,2.35802,Plein jour,En agglomération,Hors intersection,Temps éblouissant,Deux véhicules - côté,,,,,,,,,,,1,2,1,7.0,3.0