accident_id,datetime,annee,mois,jour,heure,minute,departement,commune_insee,adresse,latitude,longitude,luminosite,agglomeration,intersection,meteo,collision,nb_vehicules,nb_usagers,nb_indemnes,nb_tues,nb_blesses_hosp,nb_blesses_legers,age_cond_1,age_cond_2,veh_type_cond_1,veh_type_cond_2,lum_code,agg_code,int_code,atm_code,col_code
201800040905,0018-06-28 17:45:00,18,6,28,17,45,930,66,CITE PAUL ELUARD,48.93999,2.34502,Plein jour,En agglomération,Hors intersection,Temps éblouissant,Deux véhicules - côté,,,,,,,,,,,1,2,1,7.0,3.0
201800040906,0018-07-04 04:40:00,18,7,4,4,40,930,66,"266, WILSON (AVENUE DU P",48.91813,2.35785,Nuit avec éclairage allumé,En agglomération,Intersection en X,Autre,Deux véhicules - côté,,,,,,,,,,,5,2,2,9.0,3.0
201800040907,0018-07-07 13:24:00,18,7,7,13,24,930,66,"60, FRANCE ANATOLE (BOUL",,,Plein jour,En agglomération,Hors intersection,Normale,Deux véhicules - frontale,,,,,,,,,,,1,2,1,1.0,1.0
201800040908,0018-07-08 09:15:00,18,7,8,9,15,930,66,"02, ""BARBUSSE HENRI, NR",,,Plein jour,En agglomération,Hors intersection,Normale,Autre collision,,,,,,,,,,,1,2,1,1.0,6.0
201800040909,0018-07-09 20:20:00,18,7,9,20,20,930,1,"4, WALDECK ROCHET (RUE)",48.9146,2.36803,Plein jour,En agglomération,Hors intersection,Normale,Autre collision,,,,,,,,,,,1,2,1,1.0,6.0
201800040910,0018-07-16 08:50:00,18,7,16,8,50,930,66,FRUITIERS (AVENUE),48.9192,2.35439,Plein jour,En agglomération,Intersection en X,Normale,Deux véhicules - côté,,,,,,,,,,,1,2,2,1.0,3.0
201800040911,0018-07-17 17:50:00,18,7,17,17,50,930,66,POULBOT FRANCISQUE,48.91858,2.34616,Plein jour,En agglomération,Hors intersection,Normale,Deux véhicules - côté,,,,,,,,,,,1,2,1,1.0,3.0
201800040912,0018-07-16 15:45:00,18,7,16,15,45,930,66,FORT DE LA BRICHE,48.94692,4.2802,Plein jour,En agglomération,Autre intersection,Normale,Deux véhicules - côté,,,,,,,,,,,1,2,9,1.0,3.0
201800040913,0018-07-17 22:26:00,18,7,17,22,26,930,66,ELUARD PAUL NR 2 A 36 ET,48.9388,2.3495,Nuit avec éclairage allumé,En agglomération,Hors intersection,Normale,Deux véhicules - côté,,,,,,,,,,,5,2,1,1.0,3.0
201800040914,0018-07-18 08:50:00,18,7,18,8,50,930,66,WILSON (AVENUE DU PRESID,48.90196,2.35836,Plein jour,En agglomération,Hors intersection,Normale,Autre collision,,,,,,,,,,,1,2,1,1.0,6.0
201800040915,0018-07-19 12:00:00,18,7,19,12,0,930,66,CASANOVA DANIELLE NR 52-,48.925,2.367,Plein jour,En agglomération,Hors intersection,Normale,Deux véhicules - côté,,,,,,,,,,,1,2,1,1.0,3.0
201800040916,0018-07-23 17:55:00,18,7,23,17,55,930,66,FRANCE ANATOLE ENTREE A8,48.92812,2.35337,Plein jour,En agglomération,Intersection en Y,Normale,Deux véhicules - côté,,,,,,,,,,,1,2,4,1.0,3.0
201800040917,0018-07-26 16:30:00,18,7,26,16,30,930,66,COURNEUVE (ROUTE),48.93182,2.37802,Plein jour,En agglomération,Hors intersection,Normale,Autre collision,,,,,,,,,,,1,2,1,1.0,6.0
201800040918,0018-07-26 16:09:00,18,7,26,16,9,930,27,CONVENTION (RUE DE LA),48.92938,2.38669,Plein jour,En agglomération,Hors intersection,Normale,Deux véhicules - côté,,,,,,,,,,,1,2,1,1.0,3.0
201800040919,0018-08-01 19:15:00,18,8,1,19,15,930,66,LIBERTE,48.94358,2.36559,Plein jour,En agglomération,Intersection en T,Normale,Autre collision,,,,,,,,,,,1,2,3,1.0,6.0
201800040920,0018-08-01 20:00:00,18,8,1,20,0,930,66,WILSON (AVENUE DU PRESID,48.90171,2.35856,Plein jour,En agglomération,Hors intersection,Normale,Deux véhicules - côté,,,,,,,,,,,1,2,1,1.0,3.0
201800040921,0018-08-04 13:15:00,18,8,4,13,15,930,66,SEMAT ROGER,48.94,2.35,Plein jour,En agglomération,Intersection en X,Normale,Deux véhicules - côté,,,,,,,,,,,1,2,2,1.0,3.0
201800040922,0018-08-06 05:35:00,18,8,6,5,35,930,66,SEMAT ROGER,,,Crépuscule ou aube,En agglomération,Hors intersection,Normale,Deux véhicules - côté,,,,,,,,,,,2,2,1,1.0,3.0
201800040923,0018-08-06 08:50:00,18,8,6,8,50,930,66,FORT DE LA BRICHE,48.94697,2.34268,Plein jour,En agglomération,Intersection en X,Normale,Deux véhicules - côté,,,,,,,,,,,1,2,2,1.0,3.0
201800040924,0018-08-06 16:10:00,18,8,6,16,10,930,66,CROISAT AMBROISE RD 29 B,48.934,2.347,Plein jour,En agglomération,Hors intersection,Normale,Deux véhicules - frontale,,,,,,,,,,,1,2,1,1.0,1.0
201800040925,0018-08-04 19:45:00,18,8,4,19,45,930,39,CHATELIER (QUAI DU ),48.94,2.33,Plein jour,En agglomération,Hors intersection,Normale,Autre collision,,,,,,,,,,,1,2,1,1.0,6.0
201800040926,0018-08-23 14:52:00,18,8,23,14,52,930,66,POULBOT FRANCISQUE,48.91997,2.34489,Plein jour,En agglomération,Hors intersection,Normale,Autre collision,,,,,,,,,,,1,2,1,1.0,6.0
201800040927,0018-08-24 13:00:00,18,8,24,13,0,930,66,HAYDN,48.94297,2.38353,Plein jour,En agglomération,Intersection en Y,Normale,Autre collision,,,,,,,,,,,1,2,4,1.0,6.0
201800040928,0018-08-26 18:30:00,18,8,26,18,30,930,66,"""GUESDE JULES (BOULEVARD",48.93683,2.35009,Plein jour,En agglomération,Hors intersection,Normale,Trois véhicules et plus - collisions multiples,,,,,,,,,,,1,2,1,1.0,5.0
201800040929,0018-08-26 20:15:00,18,8,26,20,15,930,66,"""GUESDE JULES (BOULEVARD",48.9364,2.3499,Crépuscule ou aube,En agglomération,Intersection en X,Normale,Deux véhicules - arrière,,,,,,,,,,,2,2,2,1.0,2.0
201800040930,0018-08-30 10:00:00,18,8,30,10,0,930,66,SAULNIER JULES,48.9259,2.35488,Plein jour,En agglomération,Hors intersection,Normale,Trois véhicules et plus - en chaîne,,,,,,,,,,,1,2,1,1.0,4.0
201800040931,0018-08-30 16:50:00,18,8,30,16,50,930,66,CARNOT (BOULEVARD),48.93846,2.35616,Plein jour,En agglomération,Intersection en T,Temps couvert,Autre collision,,,,,,,,,,,1,2,3,8.0,6.0
201800040932,0018-08-30 19:10:00,18,8,30,19,10,930,66,TUNIS,48.91519,2.34495,Crépuscule ou aube,En agglomération,Hors intersection,Temps couvert,Deux véhicules - arrière,,,,,,,,,,,2,2,1,8.0,2.0
201800040933,0018-09-06 18:00:00,18,9,6,18,0,930,66,FRANCE ANATOLE (BOULEVAR,48.92681,2.35214,Plein jour,En agglomération,Hors intersection,Normale,Deux véhicules - côté,,,,,,,,,,,1,2,1,1.0,3.0
201800040934,0018-09-07 11:05:00,18,9,7,11,5,930,66,ANDRE CAMPRA (RUE),48.91923,2.3546,Plein jour,En agglomération,Intersection en X,Pluie légère,Deux véhicules - côté,,,,,,,,,,,1,2,2,2.0,3.0
201800040935,0018-09-10 20:05:00,18,9,10,20,5,930,66,"""GUESDE JULES (BOULEVARD",48.9346,2.35003,Nuit avec éclairage allumé,En agglomération,Intersection en X,Normale,Deux véhicules - frontale,,,,,,,,,,,5,2,2,1.0,1.0
201800040936,0018-09-12 08:30:00,18,9,12,8,30,930,66,CROIZAT AMBROISE RD 29 B,48.92799,2.35265,Plein jour,En agglomération,Hors intersection,Normale,Deux véhicules - côté,,,,,,,,,,,1,2,1,1.0,3.0
201800040937,0018-09-13 11:10:00,18,9,13,11,10,930,66,"""GUESDE JULES (BD), NR 2",48.93757,2.35021,Plein jour,En agglomération,Hors intersection,Normale,Autre collision,,,,,,,,,,,1,2,1,1.0,6.0
201800040938,0018-09-14 12:30:00,18,9,14,12,30,930,66,WILSON (AVENUE DU PRESID,48.91283,2.35754,Plein jour,En agglomération,Intersection en T,Normale,Deux véhicules - côté,,,,,,,,,,,1,2,3,1.0,3.0
201800040939,0018-09-14 19:25:00,18,9,14,19,25,930,66,WILSON (AVENUE DU PRESID,48.90955,2.35853,Plein jour,En agglomération,Hors intersection,Normale,Deux véhicules - frontale,,,,,,,,,,,1,2,1,1.0,1.0
201800040940,0018-09-14 18:55:00,18,9,14,18,55,930,66,"STALINGRAND (AV), NR 2",48.94482,2.36032,Plein jour,En agglomération,Autre intersection,Normale,Deux véhicules - côté,,,,,,,,,,,1,2,9,1.0,3.0
201800040941,0018-09-14 20:10:00,18,9,14,20,10,930,66,AMILCAR CABRAL,48.913,2.361,Nuit avec éclairage allumé,En agglomération,Intersection en T,Normale,Deux véhicules - côté,,,,,,,,,,,5,2,3,1.0,3.0
201800040942,0018-09-14 21:00:00,18,9,14,21,0,930,66,CASANOVA DANIELLE NR 52-,48.926,2.366,Nuit avec éclairage allumé,En agglomération,Intersection en T,Normale,Deux véhicules - frontale,,,,,,,,,,,5,2,3,1.0,1.0
201800040943,0018-09-22 17:00:00,18,9,22,17,0,930,66,"STALINGRAD (AVENUE), NR",48.94668,2.37019,Plein jour,En agglomération,Hors intersection,Pluie légère,Autre collision,,,,,,,,,,,1,2,1,2.0,6.0
201800040944,0018-09-24 09:25:00,18,9,24,9,25,930,66,EL OUAFI HAMED BOUGERA,48.92279,2.36469,Plein jour,En agglomération,Intersection en T,Normale,Autre collision,,,,,,,,,,,1,2,3,1.0,6.0
201800040945,0018-09-25 11:10:00,18,9,25,11,10,930,66,WILSON (AVENUE DU PRESID,48.91078,2.35844,Plein jour,En agglomération,Intersection en X,Normale,Deux véhicules - côté,,,,,,,,,,,1,2,2,1.0,3.0
201800040946,0018-09-25 21:00:00,18,9,25,21,0,930,66,CROIZAT AMBROISE RD 29 B,48.93069,2.35005,Nuit avec éclairage allumé,En agglomération,Hors intersection,Normale,Deux véhicules - côté,,,,,,,,,,,5,2,1,1.0,3.0
201800040947,0018-09-26 14:30:00,18,9,26,14,30,930,66,"""STALINGRAD (AVENUE), NR",48.943,2.361,Plein jour,En agglomération,Autre intersection,Normale,Trois véhicules et plus - en chaîne,,,,,,,,,,,1,2,9,1.0,4.0
201800040948,0018-09-26 20:45:00,18,9,26,20,45,930,66,WILSON (AVENUE DU PRESID,48.91117,2.35762,Nuit avec éclairage allumé,En agglomération,Hors intersection,Normale,Deux véhicules - arrière,,,,,,,,,,,5,2,1,1.0,2.0
201800040949,0018-09-27 09:40:00,18,9,27,9,40,930,66,VAILLANT COUTURIER PAUL,,,Plein jour,En agglomération,Hors intersection,Normale,Trois véhicules et plus - collisions multiples,,,,,,,,,,,1,2,1,1.0,5.0
201800040950,0018-09-27 16:55:00,18,9,27,16,55,930,66,WILSON (AVENUE DU PRESID,48.92456,2.35667,Plein jour,En agglomération,Hors intersection,Normale,Deux véhicules - côté,,,,,,,,,,,1,2,1,1.0,3.0
201800040951,0018-09-28 22:30:00,18,9,28,22,30,930,66,COURNEUVE (ROUTE),,,Nuit sans éclairage public,En agglomération,Hors intersection,Normale,Deux véhicules - côté,,,,,,,,,,,3,2,1,1.0,3.0
201800040952,0018-09-29 22:00:00,18,9,29,22,0,930,66,"""BARBUSSE HENRI, NR 35 A",,,Nuit avec éclairage allumé,En agglomération,Hors intersection,Normale,Deux véhicules - côté,,,,,,,,,,,5,2,1,1.0,3.0
201800040953,0018-10-03 07:45:00,18,10,3,7,45,930,31,REPUBLIQUE (AVENUE de l),48.94729,2.34211,Plein jour,En agglomération,Autre intersection,Pluie légère,Autre collision,,,,,,,,,,,1,2,9,2.0,6.0
201800040954,0018-10-03 16:20:00,18,10,3,16,20,930,66,SAULNIER JULES,48.92456,2.34952,Plein jour,En agglomération,Hors intersection,Normale,Trois véhicules et plus - en chaîne,,,,,,,,,,,1,2,1,1.0,4.0
201800040955,0018-10-05 12:11:00,18,10,5,12,11,930,70,SAINT-DENIS(RUE),48.91689,2.33077,Plein jour,En agglomération,Hors intersection,Normale,Autre collision,,,,,,,,,,,1,2,1,1.0,6.0
201800040956,0018-10-06 08:15:00,18,10,6,8,15,930,66,CROISAT AMBROISE RD 29 B,48.93446,2.34728,Plein jour,En agglomération,Hors intersection,Normale,Deux véhicules - côté,,,,,,,,,,,1,2,1,1.0,3.0
201800040957,0018-10-07 20:50:00,18,10,7,20,50,930,39,SEINE (QUAI DE ),48.93379,2.34339,Nuit avec éclairage allumé,En agglomération,Hors intersection,Normale,Trois véhicules et plus - en chaîne,,,,,,,,,,,5,2,1,1.0,4.0
201800040958,0018-10-10 15:20:00,18,10,10,15,20,930,66,VERLAINE PAUL,,,Plein jour,En agglomération,Hors intersection,Normale,Autre collision,,,,,,,,,,,1,2,1,1.0,6.0
201800040959,0018-10-10 21:15:00,18,10,10,21,15,930,66,WILSON (AVENUE DU PRESID,48.90517,2.35888,Nuit avec éclairage allumé,En agglomération,Hors intersection,Normale,Autre collision,,,,,,,,,,,5,2,1,1.0,6.0
201800040960,0018-10-11 13:40:00,18,10,11,13,40,930,66,COLONEL FABIEN (AVENUE),48.0,2.34774,Plein jour,En agglomération,Intersection en T,Normale,Deux véhicules - arrière,,,,,,,,,,,1,2,3,1.0,2.0
201800040961,0018-10-11 14:15:00,18,10,11,14,15,930,66,"""STALINGRAD (AVENUE), NR",48.94433,2.35829,Plein jour,En agglomération,Intersection en T,Normale,Trois véhicules et plus - collisions multiples,,,,,,,,,,,1,2,3,1.0,5.0
201800040962,0018-10-16 15:05:00,18,10,16,15,5,930,66,"""SEMBAT MARCEL (BD), NR",48.93304,2.35113,Plein jour,En agglomération,Autre intersection,Normale,Autre collision,,,,,,,,,,,1,2,9,1.0,6.0
201800040963,0018-10-17 14:50:00,18,10,17,14,50,930,66,SAINT OUEN (QUAI DE ),48.92749,2.33848,Plein jour,En agglomération,Hors intersection,Normale,Deux véhicules - arrière,,,,,,,,,,,1,2,1,1.0,2.0
201800040964,0018-10-18 13:55:00,18,10,18,13,55,930,66,"""SEMBAT MARCEL (BD), NR",48.93358,2.3506,Plein jour,En agglomération,Autre intersection,Normale,Deux véhicules - arrière,,,,,,,,,,,1,2,9,1.0,2.0
201800040965,0018-10-20 23:00:00,18,10,20,23,0,930,66,CASANOVA DANIELLE NR 52-,48.92593,2.36682,Nuit avec éclairage allumé,En agglomération,Hors intersection,Normale,Deux véhicules - arrière,,,,,,,,,,,5,2,1,1.0,2.0
201800040966,0018-10-24 15:30:00,18,10,24,15,30,930,66,WILSON (AVENUE DU PRESID,48.92447,2.35738,Plein jour,En agglomération,Hors intersection,Normale,Sans collision,,,,,,,,,,,1,2,1,1.0,7.0
201800040967,0018-10-28 19:45:00,18,10,28,19,45,930,66,STADE DE FRANCE (AVENUE,48.92101,2.36152,Nuit avec éclairage allumé,En agglomération,Intersection en X,Normale,Deux véhicules - côté,,,,,,,,,,,5,2,2,1.0,3.0
201800040968,0018-10-29 13:00:00,18,10,29,13,0,930,66,DELAUNAY HENRI,48.9259,2.35762,Plein jour,En agglomération,Hors intersection,Normale,Autre collision,,,,,,,,,,,1,2,1,1.0,6.0
201800040969,0018-10-31 21:55:00,18,10,31,21,55,930,66,LENINE (AVENUE) NR 2 A 2,,,Nuit avec éclairage allumé,En agglomération,Hors intersection,Pluie légère,Deux véhicules - arrière,,,,,,,,,,,5,2,1,2.0,2.0
201800040970,0018-11-06 19:00:00,18,11,6,19,0,930,66,CROISAT AMBROISE RD 29 B,48.9292,2.35147,Nuit avec éclairage allumé,En agglomération,Hors intersection,Normale,Trois véhicules et plus - en chaîne,,,,,,,,,,,5,2,1,1.0,4.0
201800040971,0018-11-07 20:45:00,18,11,7,20,45,930,66,PORTE DE PARIS (PLACE),48.92946,2.35649,Nuit avec éclairage allumé,En agglomération,Intersection à plus de 4 branches,Normale,Deux véhicules - frontale,,,,,,,,,,,5,2,5,1.0,1.0
201800040972,0018-11-08 23:35:00,18,11,8,23,35,930,66,DE GEYTER PIERRE (SQUARE,48.93236,2.35223,Nuit avec éclairage allumé,En agglomération,Intersection en X,Normale,Deux véhicules - côté,,,,,,,,,,,5,2,2,1.0,3.0
201800040973,0018-11-11 11:35:00,18,11,11,11,35,930,66,WILSON (AVENUE DU PRESID,48.91817,2.35785,Plein jour,En agglomération,Intersection en T,Pluie légère,Deux véhicules - côté,,,,,,,,,,,1,2,3,2.0,3.0
201800040974,0018-11-11 17:00:00,18,11,11,17,0,930,66,"STALINGRAD (AVENUE), NR",48.94448,2.35853,Nuit avec éclairage allumé,En agglomération,Hors intersection,Pluie forte,Sans collision,,,,,,,,,,,5,2,1,3.0,7.0
201800040975,0018-11-12 15:35:00,18,11,12,15,35,930,66,"""STRASBOURG, NR 36 ET SU",48.93613,2.36487,Plein jour,En agglomération,Hors intersection,Pluie légère,Autre collision,,,,,,,,,,,1,2,1,2.0,6.0
201800040976,0018-11-12 19:15:00,18,11,12,19,15,930,66,WILSON (AVENUE DU PRESID,48.91084,2.35759,Nuit avec éclairage allumé,En agglomération,Hors intersection,Normale,Deux véhicules - arrière,,,,,,,,,,,5,2,1,1.0,2.0
201800040977,0018-11-13 20:10:00,18,11,13,20,10,930,66,PROUDHON,48.90648,2.36229,Nuit avec éclairage allumé,En agglomération,Hors intersection,Normale,Deux véhicules - côté,,,,,,,,,,,5,2,1,1.0,3.0
201800040978,0018-11-19 17:35:00,18,11,19,17,35,930,66,WILSON (AVENUE DU PRESID,48.90518,2.35888,Nuit avec éclairage allumé,En agglomération,Hors intersection,Normale,Autre collision,,,,,,,,,,,5,2,1,1.0,6.0
201800040979,0018-11-20 17:30:00,18,11,20,17,30,930,66,GARCIA CHRISTINO,48.91346,2.36192,Nuit avec éclairage allumé,En agglomération,Intersection en T,Temps couvert,Autre collision,,,,,,,,,,,5,2,3,8.0,6.0
201800040980,0018-11-21 13:20:00,18,11,21,13,20,930,66,STADE DE FRANCE (AVENUE,48.918,2.361,Plein jour,En agglomération,Hors intersection,Normale,Autre collision,,,,,,,,,,,1,2,1,1.0,6.0
201800040981,0018-11-22 21:00:00,18,11,22,21,0,930,66,FRANCE ANATOLE (BOULEVAR,48.91677,2.33964,Nuit avec éclairage allumé,En agglomération,Intersection en T,Temps couvert,Deux véhicules - frontale,,,,,,,,,,,5,2,3,8.0,1.0
201800040982,0018-11-25 21:00:00,18,11,25,21,0,930,66,LENINE (AVENUE) NR 28 A,48.94241,2.36469,Nuit avec éclairage allumé,En agglomération,Hors intersection,Pluie légère,Autre collision,,,,,,,,,,,5,2,1,2.0,6.0
201800040983,0018-11-27 15:10:00,18,11,27,15,10,930,66,FRANCE ANATOLE (BOULEVAR,,,Plein jour,En agglomération,Autre intersection,Normale,Deux véhicules - côté,,,,,,,,,,,1,2,9,1.0,3.0
201800040984,0018-11-30 17:20:00,18,11,30,17,20,930,66,COLONEL FABIEN (AVENUE),48.94538,2.35083,Nuit avec éclairage allumé,En agglomération,Hors intersection,Normale,Autre collision,,,,,,,,,,,5,2,1,1.0,6.0
201800040985,0018-11-30 15:39:00,18,11,30,15,39,930,66,BRETONS,48.91992,2.35845,Plein jour,En agglomération,Intersection en T,Normale,Deux véhicules - côté,,,,,,,,,,,1,2,3,1.0,3.0
201800040986,0018-12-01 04:30:00,18,12,1,4,30,930,66,CROISAT AMBROISE RD 29 B,48.9369,2.34543,Nuit sans éclairage public,En agglomération,Hors intersection,Normale,Trois véhicules et plus - collisions multiples,,,,,,,,,,,3,2,1,1.0,5.0
201800040987,0018-12-04 07:15:00,18,12,4,7,15,930,66,WILSON (AVENUE DU PRESID,48.92854,2.35655,Nuit avec éclairage allumé,En agglomération,Hors intersection,Pluie légère,Deux véhicules - arrière,,,,,,,,,,,5,2,1,2.0,2.0
201800040988,0018-12-08 18:00:00,18,12,8,18,0,930,39,MARINE (QUAI DE LA ),48.93866,2.33989,Nuit avec éclairage allumé,En agglomération,Hors intersection,Pluie légère,Autre collision,,,,,,,,,,,5,2,1,2.0,6.0
201800040989,0018-12-09 19:30:00,18,12,9,19,30,930,66,CARNOT (BOULEVARD),48.93832,2.35434,Nuit avec éclairage allumé,En agglomération,Hors intersection,Pluie légère,Deux véhicules - arrière,,,,,,,,,,,5,2,1,2.0,2.0
201800040990,0018-12-11 19:07:00,18,12,11,19,7,930,66,COMMUNE DE PARIS,48.93759,2.36194,Nuit avec éclairage allumé,En agglomération,Hors intersection,Normale,Autre collision,,,,,,,,,,,5,2,1,1.0,6.0
201800040991,0018-12-17 10:40:00,18,12,17,10,40,930,66,WILSON (AVENUE DU PRESID,48.90681,2.3588,Plein jour,En agglomération,Intersection en T,Normale,Autre collision,,,,,,,,,,,1,2,3,1.0,6.0
201800040992,0018-12-19 17:20:00,18,12,19,17,20,930,66,"""STRASBOURG, NR 36 ET SU",48.93705,2.37166,Nuit avec éclairage allumé,En agglomération,Hors intersection,Pluie légère,Deux véhicules - côté,,,,,,,,,,,5,2,1,2.0,3.0
201800040993,0018-12-20 08:30:00,18,12,20,8,30,930,66,PRESSENCE FRANCIS (AVENU,48.92096,2.365,Plein jour,En agglomération,Hors intersection,Normale,Deux véhicules - arrière,,,,,,,,,,,1,2,1,1.0,2.0
201800040994,0018-12-22 19:00:00,18,12,22,19,0,930,66,WILSON (AVENUE DU PRESID,48.9256,2.35726,Nuit avec éclairage allumé,En agglomération,Hors intersection,Normale,Deux véhicules - côté,,,,,,,,,,,5,2,1,1.0,3.0
201800040995,0018-12-23 20:00:00,18,12,23,20,0,930,66,GARENNE,48.9417,2.38534,Nuit avec éclairage allumé,En agglomération,Intersection en X,Normale,Deux véhicules - arrière,,,,,,,,,,,5,2,2,1.0,2.0
201800040996,0018-12-24 01:30:00,18,12,24,1,30,930,1,REPUBLIQUE (AVENUE DE LA,48.91749,2.37941,Nuit avec éclairage allumé,En agglomération,Hors intersection,Pluie légère,Deux véhicules - frontale,,,,,,,,,,,5,2,1,2.0,1.0
201800040997,0018-12-26 10:30:00,18,12,26,10,30,930,66,"STALINGRAD (AVENUE), NR",48.94853,2.37002,Plein jour,En agglomération,Intersection en X,Normale,Deux véhicules - côté,,,,,,,,,,,1,2,2,1.0,3.0
201800040998,0018-12-27 03:00:00,18,12,27,3,0,930,66,FRANCE ANATOLE ENTREE A1,48.92601,2.35115,Nuit sans éclairage public,En agglomération,Hors intersection,Normale,Deux véhicules - frontale,,,,,,,,,,,3,2,1,1.0,1.0
201800040999,0018-01-10 11:30:00,18,1,10,11,30,930,70,"17, DOCTEUR BAUER(RUE DU",48.91176,2.3365,Plein jour,En agglomération,Hors intersection,Pluie légère,Autre collision,,,,,,,,,,,1,2,1,2.0,6.0
201800041000,0018-01-11 14:45:00,18,1,11,14,45,930,70,DOCTEUR BAUER(RUE DU) :N,48.90879,2.3395,Plein jour,En agglomération,Hors intersection,Normale,Autre collision,,,,,,,,,,,1,2,1,1.0,6.0
201800041001,0018-01-12 22:20:00,18,1,12,22,20,930,70,"0, CHARLES SCHMIDT(RUE)",48.90159,2.33482,Nuit avec éclairage allumé,En agglomération,Intersection en Y,Normale,Deux véhicules - côté,,,,,,,,,,,5,2,4,1.0,3.0
201800041002,0018-01-03 18:20:00,18,1,3,18,20,930,70,RASPAIL (RUE),,,Nuit avec éclairage allumé,En agglomération,Hors intersection,Normale,Deux véhicules - frontale,,,,,,,,,,,5,2,1,1.0,1.0
201800041003,0018-01-17 11:00:00,18,1,17,11,0,930,70,MICHELET(AV):N°1AU 103,,,Plein jour,En agglomération,Hors intersection,Normale,Autre collision,,,,,,,,,,,1,2,1,1.0,6.0
201800041004,0018-01-20 17:50:00,18,1,20,17,50,930,70,GABRIEL-PERI (AV),,,Nuit avec éclairage allumé,En agglomération,Hors intersection,Pluie légère,Deux véhicules - côté,,,,,,,,,,,5,2,1,2.0,3.0
201800041005,0018-01-29 14:00:00,18,1,29,14,0,930,70,GODILLOT(RUE),48.91035,2.34312,Plein jour,En agglomération,Hors intersection,Normale,Deux véhicules - côté,,,,,,,,,,,1,2,1,1.0,3.0
201800041006,0018-02-17 20:15:00,18,2,17,20,15,930,70,"92, DOCTEUR BAUER(RUE DU",48.91,2.34408,Nuit avec éclairage non allumé,En agglomération,Hors intersection,Normale,Autre collision,,,,,,,,,,,4,2,1,1.0,6.0
201800041007,0018-02-23 09:20:00,18,2,23,9,20,930,70,"72, MICHELET (AVE) : DU",48.9,2.34,Plein jour,En agglomération,Hors intersection,Normale,Trois véhicules et plus - collisions multiples,,,,,,,,,,,1,2,1,1.0,5.0
201800041008,0018-02-23 16:25:00,18,2,23,16,25,930,70,"128, MICHELET(AV):N°1AU",48.9039,2.3442,Plein jour,En agglomération,Intersection en T,Normale,Deux véhicules - côté,,,,,,,,,,,1,2,3,1.0,3.0
201800041009,0018-02-25 19:50:00,18,2,25,19,50,930,70,"21, SEINE (QUAI DE)",48.91481,2.31975,Nuit avec éclairage non allumé,En agglomération,Hors intersection,Normale,Trois véhicules et plus - en chaîne,,,,,,,,,,,4,2,1,1.0,4.0
201800041010,0018-03-27 20:30:00,18,3,27,20,30,930,70,"9, SEINE (QUAI DE)",48.914,2.318,Nuit sans éclairage public,Hors agglomération,Hors intersection,Pluie légère,Deux véhicules - frontale,,,,,,,,,,,3,1,1,2.0,1.0
201800041011,0018-03-28 14:40:00,18,3,28,14,40,930,70,"129, ROSIERS(DES) : APRE",48.90168,2.34342,Plein jour,En agglomération,Hors intersection,Pluie forte,Deux véhicules - arrière,,,,,,,,,,,1,2,1,3.0,2.0
201800041012,0018-03-29 09:00:00,18,3,29,9,0,930,70,CAPITAINE GLARNER (PL),48.90716,2.32674,Plein jour,En agglomération,Hors intersection,Normale,Autre collision,,,,,,,,,,,1,2,1,1.0,6.0
201800041013,0018-04-02 11:00:00,18,4,2,11,0,930,70,"152, GABRIEL-PERI (AV)",48.901,2.33,Plein jour,En agglomération,Autre intersection,Normale,Deux véhicules - côté,,,,,,,,,,,1,2,9,1.0,3.0
201800041014,0018-04-03 14:30:00,18,4,3,14,30,930,70,"1, MICHELET (AVE) : DU 1",48.90512,2.34426,Plein jour,En agglomération,Hors intersection,Normale,Autre collision,,,,,,,,,,,1,2,1,1.0,6.0
201800041015,0018-04-05 18:20:00,18,4,5,18,20,930,70,"41, ALBERT-DHALENNE (RUE",,,Plein jour,En agglomération,Hors intersection,Normale,Deux véhicules - côté,,,,,,,,,,,1,2,1,1.0,3.0
201800041016,0018-04-08 12:05:00,18,4,8,12,5,930,70,JEAN-JAURES (BD),48.95513,2.33785,Plein jour,En agglomération,Hors intersection,Normale,Deux véhicules - côté,,,,,,,,,,,1,2,1,1.0,3.0
201800041017,0018-04-08 13:00:00,18,4,8,13,0,930,70,MICHELET(AV):N°1AU 103,48.91088,2.34412,Plein jour,En agglomération,Autre intersection,Normale,Trois véhicules et plus - collisions multiples,,,,,,,,,,,1,2,9,1.0,5.0
201800041018,0018-04-09 23:30:00,18,4,9,23,30,930,70,DOCTEUR BAUER(RUE DU) :N,,,Nuit avec éclairage allumé,En agglomération,Intersection en T,Normale,Deux véhicules - côté,,,,,,,,,,,5,2,3,1.0,3.0
201800041019,0018-04-13 07:55:00,18,4,13,7,55,930,70,"50, MICHELET (AVE) : DU",48.9093,2.34418,Plein jour,En agglomération,Hors intersection,Temps couvert,Deux véhicules - côté,,,,,,,,,,,1,2,1,8.0,3.0
201800041020,0018-04-14 23:05:00,18,4,14,23,5,930,39,"2, PAUL MARCEL (BOULEVAR",,,Nuit avec éclairage allumé,En agglomération,Hors intersection,Normale,Deux véhicules - côté,,,,,,,,,,,5,2,1,1.0,3.0
201800041021,0018-04-19 23:10:00,18,4,19,23,10,930,70,DOCTEUR BAUER(RUE DU) :N,48.91294,2.33488,Nuit avec éclairage non allumé,En agglomération,Hors intersection,Normale,Deux véhicules - côté,,,,,,,,,,,4,2,1,1.0,3.0