accident_id,datetime,annee,mois,jour,heure,minute,departement,commune_insee,adresse,latitude,longitude,luminosite,agglomeration,intersection,meteo,collision,nb_vehicules,nb_usagers,nb_indemnes,nb_tues,nb_blesses_hosp,nb_blesses_legers,age_cond_1,age_cond_2,veh_type_cond_1,veh_type_cond_2,lum_code,agg_code,int_code,atm_code,col_code
201800041022,0018-04-20 07:50:00,18,4,20,7,50,930,70,"32, MICHELET(AV):N°1AU 1",48.91098,2.34408,Plein jour,En agglomération,Hors intersection,Normale,Trois véhicules et plus - collisions multiples,,,,,,,,,,,1,2,1,1.0,5.0
201800041023,0018-04-24 08:10:00,18,4,24,8,10,930,70,"54, CHARLES SCHMIDT(RUE)",48.903,2.334,Plein jour,En agglomération,Intersection en T,Normale,Deux véhicules - frontale,,,,,,,,,,,1,2,3,1.0,1.0
201800041024,0018-05-07 01:05:00,18,5,7,1,5,930,70,"132, VICTOR-HUGO (BD)",48.9053,2.323,Nuit avec éclairage allumé,En agglomération,Hors intersection,Normale,Deux véhicules - frontale,,,,,,,,,,,5,2,1,1.0,1.0
201800041025,0018-05-18 10:00:00,18,5,18,10,0,930,70,"136, MICHELET(AV):N°1AU",48.90205,2.34387,Plein jour,En agglomération,Hors intersection,Normale,Autre collision,,,,,,,,,,,1,2,1,1.0,6.0
201800041026,0018-05-19 21:45:00,18,5,19,21,45,930,70,"120, GABRIEL-PERI (AV)",48.9027,2.33075,Crépuscule ou aube,En agglomération,Hors intersection,Normale,Autre collision,,,,,,,,,,,2,2,1,1.0,6.0
201800041027,0018-05-22 20:40:00,18,5,22,20,40,930,66,"LANDY RD 20, NR IMPAIRS",,,Plein jour,En agglomération,Hors intersection,Normale,Deux véhicules - arrière,,,,,,,,,,,1,2,1,1.0,2.0
201800041028,0018-05-30 09:00:00,18,5,30,9,0,930,70,"140, DOCTEUR BAUER(RUE D",48.90413,2.34594,Plein jour,En agglomération,Hors intersection,Normale,Autre collision,,,,,,,,,,,1,2,1,1.0,6.0
201800041029,0018-05-30 12:00:00,18,5,30,12,0,930,70,"120, GABRIEL-PERI (AV)",48.903,2.3306,Plein jour,En agglomération,Hors intersection,Normale,Deux véhicules - côté,,,,,,,,,,,1,2,1,1.0,3.0
201800041030,0018-06-06 20:30:00,18,6,6,20,30,930,70,"2, CAPITAINE-GLARNER (AV",48.90729,2.3262,Plein jour,En agglomération,Hors intersection,Pluie légère,Deux véhicules - frontale,,,,,,,,,,,1,2,1,2.0,1.0
201800041031,0018-06-08 13:45:00,18,6,8,13,45,930,70,"32, MICHELET(AV):N°1AU 1",,,Plein jour,En agglomération,Hors intersection,Normale,Deux véhicules - côté,,,,,,,,,,,1,2,1,1.0,3.0
201800041032,0018-06-14 13:30:00,18,6,14,13,30,930,70,"63, VICTOR-HUGO (BD)",48.909,2.329,Plein jour,En agglomération,Hors intersection,Normale,Deux véhicules - côté,,,,,,,,,,,1,2,1,1.0,3.0
201800041033,0018-06-14 19:56:00,18,6,14,19,56,930,70,PAUL-BERT(RUE),48.90186,2.3386,Plein jour,En agglomération,Hors intersection,Normale,Deux véhicules - arrière,,,,,,,,,,,1,2,1,1.0,2.0
201800041034,0018-06-15 19:20:00,18,6,15,19,20,930,70,ALBERT-DHALENNE (RUE),,,Plein jour,En agglomération,Hors intersection,Normale,Autre collision,,,,,,,,,,,1,2,1,1.0,6.0
201800041035,0018-06-21 09:30:00,18,6,21,9,30,930,70,"75, MICHELET (AVE) : DU",48.90788,2.34403,Plein jour,En agglomération,Hors intersection,Normale,Autre collision,,,,,,,,,,,1,2,1,1.0,6.0
201800041036,0018-06-22 10:05:00,18,6,22,10,5,930,70,VICTOR-HUGO (BD),48.90917,2.32942,Plein jour,En agglomération,Hors intersection,Normale,Deux véhicules - arrière,,,,,,,,,,,1,2,1,1.0,2.0
201800041037,0018-06-23 18:15:00,18,6,23,18,15,930,70,MICHELET (AVE) : DU 1 AU,,,Plein jour,En agglomération,Hors intersection,Normale,Deux véhicules - arrière,,,,,,,,,,,1,2,1,1.0,2.0
201800041038,0018-06-26 19:30:00,18,6,26,19,30,930,70,ALBERT-DHALENNE (RUE),48.9161,2.331,Plein jour,En agglomération,Hors intersection,Normale,Deux véhicules - frontale,,,,,,,,,,,1,2,1,1.0,1.0
201800041039,0018-07-01 15:50:00,18,7,1,15,50,930,70,"13, KLEBER(RUE)",48.90588,2.33309,Plein jour,En agglomération,Hors intersection,Normale,Autre collision,,,,,,,,,,,1,2,1,1.0,6.0
201800041040,0018-06-21 18:30:00,18,6,21,18,30,930,70,"136, ROSIERS(DES) : APRE",48.90151,2.3438,Plein jour,En agglomération,Intersection en X,Normale,Autre collision,,,,,,,,,,,1,2,2,1.0,6.0
201800041041,0018-07-06 15:50:00,18,7,6,15,50,930,70,BATELIERS (RUE DES),48.9125,2.3273,Plein jour,En agglomération,Hors intersection,Normale,Deux véhicules - côté,,,,,,,,,,,1,2,1,1.0,3.0
201800041042,0018-07-08 13:50:00,18,7,8,13,50,930,70,"71, GABRIEL-PERI (AV)",48.91,2.34,Plein jour,En agglomération,Hors intersection,Normale,Autre collision,,,,,,,,,,,1,2,1,1.0,6.0
201800041043,0018-07-10 13:10:00,18,7,10,13,10,930,70,"126, MICHELET(AV):N°1AU",48.90364,2.34388,Plein jour,En agglomération,Hors intersection,Normale,Deux véhicules - côté,,,,,,,,,,,1,2,1,1.0,3.0
201800041044,0018-07-11 07:35:00,18,7,11,7,35,930,70,"50, GABRIEL-PERI (AV)",48.90837,2.33268,Plein jour,En agglomération,Intersection en T,Normale,Deux véhicules - côté,,,,,,,,,,,1,2,3,1.0,3.0
201800041045,0018-07-14 13:20:00,18,7,14,13,20,930,70,"123, GABRIEL-PERI (AV)",48.90239,2.33067,Plein jour,En agglomération,Hors intersection,Normale,Deux véhicules - côté,,,,,,,,,,,1,2,1,1.0,3.0
201800041046,0018-07-23 15:50:00,18,7,23,15,50,930,70,DOCTEUR BAUER(RUE DU) :N,48.9,2.338,Plein jour,En agglomération,Hors intersection,Normale,Deux véhicules - côté,,,,,,,,,,,1,2,1,1.0,3.0
201800041047,0018-07-23 18:10:00,18,7,23,18,10,930,70,GABRIEL-PERI (AV),48.9,2.33,Plein jour,En agglomération,Autre intersection,Normale,Deux véhicules - côté,,,,,,,,,,,1,2,9,1.0,3.0
201800041048,0018-07-25 21:35:00,18,7,25,21,35,930,70,EMILE-CORDON(RUE),48.91354,2.34358,Plein jour,En agglomération,Hors intersection,Normale,Autre collision,,,,,,,,,,,1,2,1,1.0,6.0
201800041049,0018-07-27 15:15:00,18,7,27,15,15,930,70,VICTOR-HUGO (BD),48.90609,2.32417,Plein jour,En agglomération,Hors intersection,Normale,Autre collision,,,,,,,,,,,1,2,1,1.0,6.0
201800041050,0018-08-01 07:45:00,18,8,1,7,45,930,31,DE LATTRE DE TASSIGNY (1,48.95,2.3,Plein jour,En agglomération,Hors intersection,Normale,Autre collision,,,,,,,,,,,1,2,1,1.0,6.0
201800041051,0018-08-04 13:08:00,18,8,4,13,8,930,70,REPUBLIQUE (PL DE LA),48.91203,2.33412,Plein jour,En agglomération,Hors intersection,Autre,Autre collision,,,,,,,,,,,1,2,1,9.0,6.0
201800041052,0018-08-22 06:15:00,18,8,22,6,15,930,70,MICHELET(AV):N°1AU 103,48.9,2.3,Plein jour,En agglomération,Intersection en X,Normale,Deux véhicules - frontale,,,,,,,,,,,1,2,2,1.0,1.0
201800041053,0018-08-26 19:20:00,18,8,26,19,20,930,70,MICHELET (AVE) : DU 1 AU,48.90642,2.34372,Nuit avec éclairage non allumé,En agglomération,Autre intersection,Normale,Deux véhicules - frontale,,,,,,,,,,,4,2,9,1.0,1.0
201800041054,0018-08-28 13:00:00,18,8,28,13,0,930,70,MICHELET (AVE) : DU 1 AU,48.862,2.287,Plein jour,En agglomération,Hors intersection,Normale,Deux véhicules - côté,,,,,,,,,,,1,2,1,1.0,3.0
201800041055,0018-08-29 16:50:00,18,8,29,16,50,930,70,DOCTEUR BAUER(RUE DU) :N,48.9094,2.3386,Plein jour,En agglomération,Hors intersection,Temps couvert,Deux véhicules - côté,,,,,,,,,,,1,2,1,8.0,3.0
201800041056,0018-09-02 19:00:00,18,9,2,19,0,930,70,ALBERT-DHALENNE (RUE),48.91527,2.33125,Plein jour,En agglomération,Intersection en X,Normale,Deux véhicules - côté,,,,,,,,,,,1,2,2,1.0,3.0
201800041057,0018-09-04 13:03:00,18,9,4,13,3,930,70,MICHELET (AVE) : DU 1 AU,48.91055,2.3442,Plein jour,En agglomération,Intersection en T,Normale,Deux véhicules - frontale,,,,,,,,,,,1,2,3,1.0,1.0
201800041058,0018-09-05 13:00:00,18,9,5,13,0,930,70,ALBERT-DHALENNE (RUE),48.9167,2.3302,Plein jour,En agglomération,Autre intersection,Normale,Autre collision,,,,,,,,,,,1,2,9,1.0,6.0
201800041059,0018-09-13 14:30:00,18,9,13,14,30,930,70,CAPITAINE-GLARNER (AV),48.90539,2.32789,Plein jour,En agglomération,Hors intersection,Normale,Deux véhicules - frontale,,,,,,,,,,,1,2,1,1.0,1.0
201800041060,0018-09-19 18:45:00,18,9,19,18,45,930,70,MICHELET (AVE) : DU 1 AU,48.90598,2.34418,Plein jour,En agglomération,Hors intersection,Normale,Deux véhicules - côté,,,,,,,,,,,1,2,1,1.0,3.0
201800041061,0018-09-20 14:45:00,18,9,20,14,45,930,70,MICHELET (AVE) : DU 1 AU,48.90188,2.34407,Plein jour,En agglomération,Autre intersection,Normale,Trois véhicules et plus - collisions multiples,,,,,,,,,,,1,2,9,1.0,5.0
201800041062,0018-09-22 18:15:00,18,9,22,18,15,930,70,MICHELET (AVE) : DU 1 AU,48.91,2.34,Plein jour,En agglomération,Hors intersection,Normale,Trois véhicules et plus - collisions multiples,,,,,,,,,,,1,2,1,1.0,5.0
201800041063,0018-09-24 18:15:00,18,9,24,18,15,930,70,ALBERT-DHALENNE (RUE),48.91,2.33,Plein jour,En agglomération,Hors intersection,Normale,Deux véhicules - côté,,,,,,,,,,,1,2,1,1.0,3.0
201800041064,0018-09-25 15:40:00,18,9,25,15,40,930,70,ALBERT-DHALENNE (RUE),48.91293,2.3347,Plein jour,En agglomération,Autre intersection,Normale,Autre collision,,,,,,,,,,,1,2,9,1.0,6.0
201800041065,0018-09-27 10:00:00,18,9,27,10,0,930,66,"""LANDY RD 20, NR IMPAIRS",48.9152,2.35402,Plein jour,En agglomération,Hors intersection,Normale,Deux véhicules - frontale,,,,,,,,,,,1,2,1,1.0,1.0
201800041066,0018-09-28 17:00:00,18,9,28,17,0,930,70,GABRIEL-PERI (AV),48.9012,2.33007,Plein jour,En agglomération,Hors intersection,Normale,Autre collision,,,,,,,,,,,1,2,1,1.0,6.0
201800041067,0018-10-10 13:20:00,18,10,10,13,20,930,70,LANDY(RUE):N° 1 AU 43,,,Plein jour,En agglomération,Hors intersection,Normale,Deux véhicules - côté,,,,,,,,,,,1,2,1,1.0,3.0
201800041068,0018-10-16 08:30:00,18,10,16,8,30,930,70,VICTOR-HUGO (BD),48.90809,2.32804,Plein jour,En agglomération,Hors intersection,Normale,Autre collision,,,,,,,,,,,1,2,1,1.0,6.0
201800041069,0018-10-25 12:45:00,18,10,25,12,45,930,70,GABRIEL-PERI (AV),48.90977,2.33308,Plein jour,En agglomération,Intersection en T,Normale,Deux véhicules - frontale,,,,,,,,,,,1,2,3,1.0,1.0
201800041070,0018-10-26 12:30:00,18,10,26,12,30,930,70,CAPITAINE-GLARNER (AV),48.90508,2.3281,Plein jour,En agglomération,Autre intersection,Normale,Deux véhicules - côté,,,,,,,,,,,1,2,9,1.0,3.0
201800041071,0018-10-29 11:33:00,18,10,29,11,33,930,70,GABRIEL-PERI (AV),48.90564,2.33185,Plein jour,En agglomération,Hors intersection,Normale,Deux véhicules - arrière,,,,,,,,,,,1,2,1,1.0,2.0
201800041072,0018-11-03 15:45:00,18,11,3,15,45,930,70,CHARLES SCHMIDT(RUE) : D,48.90364,2.33354,Plein jour,En agglomération,Autre intersection,Normale,Deux véhicules - côté,,,,,,,,,,,1,2,9,1.0,3.0
201800041073,0018-11-05 06:40:00,18,11,5,6,40,930,70,ADRIEN-LESESNE (RUE),48.90211,2.34815,Nuit avec éclairage allumé,En agglomération,Intersection en X,Normale,Deux véhicules - côté,,,,,,,,,,,5,2,2,1.0,3.0
201800041074,0018-11-05 20:45:00,18,11,5,20,45,930,70,VICTOR-HUGO (BD),48.90717,2.32623,Nuit avec éclairage allumé,En agglomération,Hors intersection,Normale,Autre collision,,,,,,,,,,,5,2,1,1.0,6.0
201800041075,0018-11-06 07:50:00,18,11,6,7,50,930,70,ALBERT-DHALENNE (RUE),48.91533,2.33134,Plein jour,En agglomération,Intersection en X,Normale,Deux véhicules - côté,,,,,,,,,,,1,2,2,1.0,3.0
201800041076,0018-11-13 17:45:00,18,11,13,17,45,930,70,MICHELET(AV):N°1AU 103,48.9086,2.34441,Nuit avec éclairage allumé,En agglomération,Hors intersection,Normale,Deux véhicules - côté,,,,,,,,,,,5,2,1,1.0,3.0
201800041077,0018-11-20 09:00:00,18,11,20,9,0,930,70,ALBERT-DHALENNE (RUE),48.91,2.33,Plein jour,En agglomération,Hors intersection,Pluie légère,Autre collision,,,,,,,,,,,1,2,1,2.0,6.0
201800041078,0018-11-22 08:20:00,18,11,22,8,20,930,70,ARDOIN(RUE),48.91063,2.32604,Plein jour,En agglomération,Hors intersection,Normale,Deux véhicules - côté,,,,,,,,,,,1,2,1,1.0,3.0
201800041079,0018-11-25 16:30:00,18,11,25,16,30,930,66,FRANCE ANATOLE ENTREE A1,48.92733,2.35269,Crépuscule ou aube,En agglomération,Hors intersection,Pluie légère,Deux véhicules - frontale,,,,,,,,,,,2,2,1,2.0,1.0
201800041080,0018-12-20 19:15:00,18,12,20,19,15,930,70,PIERRE(RUE),,,Nuit avec éclairage allumé,En agglomération,Hors intersection,Normale,Deux véhicules - côté,,,,,,,,,,,5,2,1,1.0,3.0
201800041081,0018-01-06 20:25:00,18,1,6,20,25,930,71,"0, MARTIN LUTHER KING (A",48.95051,2.52979,Nuit avec éclairage allumé,En agglomération,Hors intersection,Pluie légère,Autre collision,,,,,,,,,,,5,2,1,2.0,6.0
201800041082,0018-01-09 09:45:00,18,1,9,9,45,930,71,"0, LIMANTON (IMPASSE)",48.93133,2.51576,Plein jour,En agglomération,Hors intersection,Normale,Autre collision,,,,,,,,,,,1,2,1,1.0,6.0
201800041083,0018-01-25 07:50:00,18,1,25,7,50,930,71,"107, AULNAY (RUE D')",48.93961,2.51112,Nuit avec éclairage allumé,En agglomération,Hors intersection,Pluie légère,Autre collision,,,,,,,,,,,5,2,1,2.0,6.0
201800041084,0018-02-01 18:50:00,18,2,1,18,50,930,71,"0, ANDRE TOUTAIN (AVENUE",,,Nuit avec éclairage allumé,En agglomération,Hors intersection,Normale,Deux véhicules - côté,,,,,,,,,,,5,2,1,1.0,3.0
201800041085,0018-02-06 10:44:00,18,2,6,10,44,930,71,"0, COMMANDANT CHARCOT (A",48.93535,2.51788,Plein jour,En agglomération,Hors intersection,Neige / grêle,Deux véhicules - côté,,,,,,,,,,,1,2,1,4.0,3.0
201800041086,0018-02-16 07:10:00,18,2,16,7,10,930,71,"0, VICTOR HUGO (AVENUE)",48.93402,2.53561,Plein jour,En agglomération,Hors intersection,Normale,Autre collision,,,,,,,,,,,1,2,1,1.0,6.0
201800041087,0018-04-01 18:55:00,18,4,1,18,55,930,71,"1, MARTIN LUTHER KING (A",48.951,2.5287,Plein jour,Hors agglomération,Hors intersection,Normale,Deux véhicules - côté,,,,,,,,,,,1,1,1,1.0,3.0
201800041088,0018-04-11 18:00:00,18,4,11,18,0,930,71,GUY MOLLET (AVENUE),48.94398,2.54976,Plein jour,En agglomération,Hors intersection,Normale,Deux véhicules - côté,,,,,,,,,,,1,2,1,1.0,3.0
201800041089,0018-04-12 17:55:00,18,4,12,17,55,930,71,PETITS PONTS (ROUTE DES),48.94995,2.52627,Plein jour,En agglomération,Hors intersection,Pluie légère,Autre collision,,,,,,,,,,,1,2,1,2.0,6.0
201800041090,0018-04-22 05:30:00,18,4,22,5,30,930,71,"85, AULNAY (RUE D')",48.93972,2.51461,Nuit avec éclairage allumé,En agglomération,Intersection en X,Pluie légère,Deux véhicules - frontale,,,,,,,,,,,5,2,2,2.0,1.0
201800041091,0018-04-27 17:10:00,18,4,27,17,10,930,71,DANTON (RUE),,,Plein jour,En agglomération,Intersection en X,Normale,Deux véhicules - côté,,,,,,,,,,,1,2,2,1.0,3.0
201800041092,0018-05-08 19:35:00,18,5,8,19,35,930,71,ALFRED NOBEL (AVENUE),48.93,2.5,Plein jour,En agglomération,Intersection en X,Normale,Deux véhicules - côté,,,,,,,,,,,1,2,2,1.0,3.0
201800041093,0018-05-22 17:05:00,18,5,22,17,5,930,71,"5, RAOUL DAUTRY (AVENUE)",48.94895,2.5249,Plein jour,En agglomération,Intersection en T,Normale,Deux véhicules - arrière,,,,,,,,,,,1,2,3,1.0,2.0
201800041094,0018-05-31 20:30:00,18,5,31,20,30,930,71,RENOIR (ALLEE),48.93413,2.51102,Plein jour,En agglomération,Hors intersection,Normale,Deux véhicules - frontale,,,,,,,,,,,1,2,1,1.0,1.0
201800041095,0018-06-05 08:22:00,18,6,5,8,22,930,71,"17, ERNEST PIVOT (AVENUE",48.92999,2.53,Plein jour,En agglomération,Hors intersection,Pluie forte,Deux véhicules - arrière,,,,,,,,,,,1,2,1,3.0,2.0
201800041096,0018-06-10 20:35:00,18,6,10,20,35,930,71,JOHN F. KENNEDY (AVENUE),48.93485,2.5158,Plein jour,En agglomération,Intersection en T,Normale,Deux véhicules - côté,,,,,,,,,,,1,2,3,1.0,3.0
201800041097,0018-06-24 13:55:00,18,6,24,13,55,930,71,AULNAY (RUE D'),48.94007,2.52031,Plein jour,En agglomération,Intersection en X,Normale,Trois véhicules et plus - collisions multiples,,,,,,,,,,,1,2,2,1.0,5.0
201800041098,0018-07-13 13:00:00,18,7,13,13,0,930,71,PEUPLIERS (ALLEE DES),48.93,2.51,Plein jour,Hors agglomération,Hors intersection,Normale,Autre collision,,,,,,,,,,,1,1,1,1.0,6.0
201800041099,0018-07-14 22:10:00,18,7,14,22,10,930,71,WESTINGHOUSE (BOULEVARD),48.92764,2.51935,Nuit sans éclairage public,En agglomération,Intersection en X,Normale,Deux véhicules - côté,,,,,,,,,,,3,2,2,1.0,3.0
201800041100,0018-07-21 18:15:00,18,7,21,18,15,930,71,JOHN F. KENNEDY (AVENUE),48.93,2.51,Plein jour,En agglomération,Hors intersection,Normale,Autre collision,,,,,,,,,,,1,2,1,1.0,6.0
201800041101,0018-07-27 20:25:00,18,7,27,20,25,930,71,CHARLES CONRAD (RUE),48.94,2.52,Plein jour,En agglomération,Hors intersection,Pluie forte,Autre collision,,,,,,,,,,,1,2,1,3.0,6.0
201800041102,0018-08-11 16:55:00,18,8,11,16,55,930,71,GASTON BUSSIERE (PLACE),48.93738,2.53014,Plein jour,En agglomération,Hors intersection,Normale,Autre collision,,,,,,,,,,,1,2,1,1.0,6.0
201800041103,0018-09-12 09:05:00,18,9,12,9,5,930,71,GABRIEL PERI (RUE),,,Plein jour,En agglomération,Hors intersection,Normale,Deux véhicules - côté,,,,,,,,,,,1,2,1,1.0,3.0
201800041104,0018-09-13 18:20:00,18,9,13,18,20,930,5,PIERRE JOUHET (AVENUE),48.92232,2.50513,Plein jour,En agglomération,Intersection en X,Normale,Deux véhicules - côté,,,,,,,,,,,1,2,2,1.0,3.0
201800041105,0018-10-02 15:05:00,18,10,2,15,5,930,71,BALLANGER ROBERT (AVENUE,,,Plein jour,En agglomération,Hors intersection,Temps couvert,Autre collision,,,,,,,,,,,1,2,1,8.0,6.0
201800041106,0018-10-06 08:50:00,18,10,6,8,50,930,71,GENERAL LECLERC (AVENUE,48.0,2.5,Plein jour,En agglomération,Hors intersection,Normale,Autre collision,,,,,,,,,,,1,2,1,1.0,6.0
201800041107,0018-10-11 20:00:00,18,10,11,20,0,930,71,FREDERIC JOLIOT CURIE (R,48.94634,2.52739,Nuit sans éclairage public,En agglomération,Autre intersection,Pluie légère,Deux véhicules - frontale,,,,,,,,,,,3,2,9,2.0,1.0
201800041108,0018-10-13 21:55:00,18,10,13,21,55,930,71,GENERAL LECLERC (AVENUE,,,Nuit avec éclairage allumé,En agglomération,Autre intersection,Normale,Deux véhicules - frontale,,,,,,,,,,,5,2,9,1.0,1.0
201800041109,0018-10-22 17:40:00,18,10,22,17,40,930,71,PETITS PONTS (ROUTE DES),48.951,2.528,Plein jour,En agglomération,Intersection en T,Normale,Autre collision,,,,,,,,,,,1,2,3,1.0,6.0
201800041110,0018-11-15 16:00:00,18,11,15,16,0,930,71,JOHN F. KENNEDY (AVENUE),,,Plein jour,En agglomération,Hors intersection,Normale,Deux véhicules - côté,,,,,,,,,,,1,2,1,1.0,3.0
201800041111,0018-11-18 10:59:00,18,11,18,10,59,930,71,MARECHAL MORTIER (ALLEE,48.93082,2.51615,Plein jour,En agglomération,Intersection en X,Normale,Deux véhicules - frontale,,,,,,,,,,,1,2,2,1.0,1.0
201800041112,0018-11-28 10:15:00,18,11,28,10,15,930,71,LIVRY (AVENUE de),,,Plein jour,En agglomération,Hors intersection,Pluie légère,Deux véhicules - côté,,,,,,,,,,,1,2,1,2.0,3.0
201800041113,0018-12-11 21:27:00,18,12,11,21,27,930,71,HENRI BARBUSSE (AVENUE),48.9348,2.5338,Nuit avec éclairage allumé,En agglomération,Intersection en Y,Normale,Autre collision,,,,,,,,,,,5,2,4,1.0,6.0
201800041114,0018-12-22 19:40:00,18,12,22,19,40,930,5,AMBROISE PARE (RUE),48.95038,2.51554,Nuit avec éclairage allumé,En agglomération,Hors intersection,Pluie légère,Autre collision,,,,,,,,,,,5,2,1,2.0,6.0
201800041115,0018-01-12 18:50:00,18,1,12,18,50,930,72,"39, ARISTIDE BRIAND (AVE",48.96209,2.37995,Nuit avec éclairage allumé,En agglomération,Hors intersection,Normale,Autre collision,,,,,,,,,,,5,2,1,1.0,6.0
201800041116,0018-01-17 09:30:00,18,1,17,9,30,930,59,"6, LENINE (AVENUE) N°2A3",,,Plein jour,En agglomération,Hors intersection,Normale,Deux véhicules - côté,,,,,,,,,,,1,2,1,1.0,3.0
201800041117,0018-01-22 08:00:00,18,1,22,8,0,930,59,"23, GENERAL GALLIENI (Av",48.96912,2.36275,Crépuscule ou aube,En agglomération,Intersection en T,Pluie forte,Deux véhicules - arrière,,,,,,,,,,,2,2,3,3.0,2.0
201800041118,0018-01-30 19:00:00,18,1,30,19,0,930,72,"00, ARISTIDE BRIAND (AVE",48.96236,2.37978,Plein jour,En agglomération,Intersection en T,Pluie légère,Autre collision,,,,,,,,,,,1,2,3,2.0,6.0
201800041119,0018-02-03 18:15:00,18,2,3,18,15,930,72,"0, GASTON MONMOUSSEAU (A",48.94827,2.38849,Nuit avec éclairage allumé,En agglomération,Hors intersection,Pluie légère,Autre collision,,,,,,,,,,,5,2,1,2.0,6.0
201800041120,0018-02-12 18:30:00,18,2,12,18,30,930,72,"205, MAXIME GORKI (BOULE",48.94476,2.38704,Nuit avec éclairage allumé,En agglomération,Hors intersection,Normale,Deux véhicules - côté,,,,,,,,,,,5,2,1,1.0,3.0
201800041121,0018-02-14 08:45:00,18,2,14,8,45,930,72,"66, STALINGRAD (AVENUE)",48.94869,2.38104,Plein jour,En agglomération,Passage à niveau,Normale,Autre collision,,,,,,,,,,,1,2,8,1.0,6.0
201800041122,0018-02-17 17:30:00,18,2,17,17,30,930,72,"48, FLEURS (RUE DES) JEA",48.96602,2.38163,Plein jour,En agglomération,Intersection en T,Normale,Autre collision,,,,,,,,,,,1,2,3,1.0,6.0
201800041123,0018-02-19 21:10:00,18,2,19,21,10,930,72,"8, MAXIME GORKI (BOULEVA",48.98385,2.38409,Nuit avec éclairage allumé,En agglomération,Intersection en T,Pluie légère,Deux véhicules - côté,,,,,,,,,,,5,2,3,2.0,3.0
201800041124,0018-02-20 21:20:00,18,2,20,21,20,930,70,", MICHELET (AVE) : DU 1",48.9039,2.34414,Nuit avec éclairage allumé,En agglomération,Intersection en T,Pluie légère,Deux véhicules - côté,,,,,,,,,,,5,2,3,2.0,3.0
201800041125,0018-02-22 09:45:00,18,2,22,9,45,930,59,"0, AMIENS (RUE D') N° 02",48.95801,2.36587,Plein jour,En agglomération,Hors intersection,Normale,Deux véhicules - arrière,,,,,,,,,,,1,2,1,1.0,2.0
201800041126,0018-02-26 00:40:00,18,2,26,0,40,930,72,"15, ARISTIDE BRIAND (AVE",48.96097,2.38154,Nuit avec éclairage allumé,En agglomération,Intersection en T,Normale,Deux véhicules - arrière,,,,,,,,,,,5,2,3,1.0,2.0
201800041127,0018-02-26 10:00:00,18,2,26,10,0,930,72,"72, MAXIME GORKI (BOULEV",48.94948,2.38697,Plein jour,En agglomération,Intersection en X,Normale,Autre collision,,,,,,,,,,,1,2,2,1.0,6.0
201800041128,0018-03-09 20:45:00,18,3,9,20,45,930,1,"185, JEAN JAURES  (AVE)",48.91107,2.40002,Nuit avec éclairage allumé,En agglomération,Hors intersection,Pluie légère,Deux véhicules - arrière,,,,,,,,,,,5,2,1,2.0,2.0
201800041129,0018-03-21 16:15:00,18,3,21,16,15,930,59,"10, ROBERT DESNOS (PLACE",48.97168,2.36725,Plein jour,En agglomération,Hors intersection,Normale,Autre collision,,,,,,,,,,,1,2,1,1.0,6.0
201800041130,0018-03-31 08:05:00,18,3,31,8,5,930,72,"5, MAXIME GORKI (BOULEVA",48.955,2.38345,Plein jour,En agglomération,Place,Normale,Deux véhicules - frontale,,,,,,,,,,,1,2,7,1.0,1.0
201800041131,0018-04-03 00:40:00,18,4,3,0,40,930,72,"80, MAXIME GORKI (BOULEV",,,Nuit avec éclairage allumé,En agglomération,Hors intersection,Pluie légère,Deux véhicules - côté,,,,,,,,,,,5,2,1,2.0,3.0
201800041132,0018-04-06 08:30:00,18,4,6,8,30,930,72,"152, JEAN DURAND (RUE) N",48.95353,2.36989,Plein jour,En agglomération,Hors intersection,Normale,Autre collision,,,,,,,,,,,1,2,1,1.0,6.0
201800041133,0018-04-06 22:40:00,18,4,6,22,40,930,72,"0, LOUIS BORDES (RUE)",,,Nuit avec éclairage allumé,En agglomération,Intersection en T,Normale,Deux véhicules - côté,,,,,,,,,,,5,2,3,1.0,3.0
201800041134,0018-04-13 17:30:00,18,4,13,17,30,930,72,"0, MARCEL CACHIN (AVENUE",48.95,2.38,Plein jour,En agglomération,Hors intersection,Normale,Trois véhicules et plus - collisions multiples,,,,,,,,,,,1,2,1,1.0,5.0
201800041135,0018-04-14 23:20:00,18,4,14,23,20,930,72,"65, MAXIME GORKI (BOULEV",48.95126,2.38537,Nuit avec éclairage allumé,En agglomération,Hors intersection,Normale,Trois véhicules et plus - en chaîne,,,,,,,,,,,5,2,1,1.0,4.0
201800041136,0018-04-18 09:50:00,18,4,18,9,50,930,72,"0, MARCEL CACHIN (AVENUE",48.961,2.38,Plein jour,En agglomération,Hors intersection,Normale,Autre collision,,,,,,,,,,,1,2,1,1.0,6.0
201800041137,0018-04-18 21:20:00,18,4,18,21,20,930,72,"103, STALINGRAD (Avenue)",48.9497,2.38565,Nuit avec éclairage allumé,En agglomération,Intersection en X,Normale,Autre collision,,,,,,,,,,,5,2,2,1.0,6.0
201800041138,0018-04-20 18:30:00,18,4,20,18,30,930,72,"0, MOUTIER (RUE DU) COTE",48.96068,2.39388,Plein jour,En agglomération,Intersection en X,Normale,Deux véhicules - côté,,,,,,,,,,,1,2,2,1.0,3.0
201800041139,0018-04-24 00:05:00,18,4,24,0,5,930,1,"0, VICTOR HUGO (AVE)  N°",48.91131,2.37946,Nuit avec éclairage allumé,Hors agglomération,Intersection en T,Normale,Deux véhicules - côté,,,,,,,,,,,5,1,3,1.0,3.0
201800041140,0018-04-27 14:25:00,18,4,27,14,25,930,59,"198, ELYSEE RECLUS (AVEN",,,Plein jour,En agglomération,Hors intersection,Normale,Deux véhicules - côté,,,,,,,,,,,1,2,1,1.0,3.0
201800041141,0018-04-30 14:00:00,18,4,30,14,0,930,72,"0, RUE ROLL TANGUY",48.95,2.37,Plein jour,En agglomération,Hors intersection,Pluie légère,Deux véhicules - frontale,,,,,,,,,,,1,2,1,2.0,1.0