accident_id,datetime,annee,mois,jour,heure,minute,departement,commune_insee,adresse,latitude,longitude,luminosite,agglomeration,intersection,meteo,collision,nb_vehicules,nb_usagers,nb_indemnes,nb_tues,nb_blesses_hosp,nb_blesses_legers,age_cond_1,age_cond_2,veh_type_cond_1,veh_type_cond_2,lum_code,agg_code,int_code,atm_code,col_code
201800041380,0018-01-13 22:05:00,18,1,13,22,5,940,71,CHAMPIGNY / PARIS,48.77454,2.51081,Nuit avec éclairage allumé,En agglomération,Giratoire,Normale,Deux véhicules - côté,,,,,,,,,,,5,2,6,1.0,3.0
201800041381,0018-01-16 20:00:00,18,1,16,20,0,940,75,TASSIGNY / GRANGE,48.73414,2.52053,Nuit sans éclairage public,Hors agglomération,Intersection en T,Pluie légère,Autre collision,,,,,,,,,,,3,1,3,2.0,6.0
201800041382,0018-01-16 19:50:00,18,1,16,19,50,940,71,R DE PARIS,48.77304,2.50115,Nuit avec éclairage allumé,Hors agglomération,Giratoire,Pluie légère,Deux véhicules - arrière,,,,,,,,,,,5,1,6,2.0,2.0
201800041383,0018-01-19 13:45:00,18,1,19,13,45,940,71,R DE PARIS,48.77,2.5,Plein jour,En agglomération,Hors intersection,Pluie légère,Sans collision,,,,,,,,,,,1,2,1,2.0,7.0
201800041384,0018-01-20 19:50:00,18,1,20,19,50,940,4,LECLERC / GAULLE,48.75878,2.50052,Nuit avec éclairage allumé,En agglomération,Intersection en X,Pluie légère,Deux véhicules - côté,,,,,,,,,,,5,2,2,2.0,3.0
201800041385,0018-01-24 08:20:00,18,1,24,8,20,940,75,TASSIGNY / DAGORNO,48.7275,2.53117,Plein jour,En agglomération,Intersection en T,Pluie légère,Deux véhicules - arrière,,,,,,,,,,,1,2,3,2.0,2.0
201800041386,0018-01-24 16:30:00,18,1,24,16,30,940,4,PARIS / SUCY,48.74895,2.51216,Plein jour,En agglomération,Intersection en X,Normale,Autre collision,,,,,,,,,,,1,2,2,1.0,6.0
201800041387,0018-01-25 11:00:00,18,1,25,11,0,940,71,"33, PONT DE CHENNEVIERES",48.78365,2.51518,Plein jour,Hors agglomération,Hors intersection,Pluie légère,Deux véhicules - arrière,,,,,,,,,,,1,1,1,2.0,2.0
201800041388,0018-01-26 07:55:00,18,1,26,7,55,940,71,PROCESSION / LACHEVARDIE,48.76607,2.52796,Crépuscule ou aube,En agglomération,Intersection en X,Normale,Autre collision,,,,,,,,,,,2,2,2,1.0,6.0
201800041389,0018-01-27 15:10:00,18,1,27,15,10,940,4,DE GAULLE / LECLERC,48.75499,2.50525,Plein jour,En agglomération,Intersection à plus de 4 branches,Normale,Deux véhicules - côté,,,,,,,,,,,1,2,5,1.0,3.0
201800041390,0018-01-30 14:30:00,18,1,30,14,30,940,71,BOISSY / AMARANTHE,48.76803,2.52214,Plein jour,En agglomération,Intersection en T,Temps couvert,Deux véhicules - arrière,,,,,,,,,,,1,2,3,8.0,2.0
201800041391,0018-02-01 13:25:00,18,2,1,13,25,940,70,"10, ROUTE DE PARIS",48.71624,2.57282,Plein jour,En agglomération,Hors intersection,Normale,Autre collision,,,,,,,,,,,1,2,1,1.0,6.0
201800041392,0018-02-08 21:05:00,18,2,8,21,5,940,71,"21, R ALBERT DRU",48.76341,2.51879,Nuit avec éclairage allumé,En agglomération,Hors intersection,Normale,Autre collision,,,,,,,,,,,5,2,1,1.0,6.0
201800041393,0018-02-10 05:30:00,18,2,10,5,30,940,71,PROCESSION/MOULIN A VENT,48.7641,2.52778,Nuit avec éclairage allumé,En agglomération,Intersection en T,Neige / grêle,Autre collision,,,,,,,,,,,5,2,3,4.0,6.0
201800041394,0018-02-12 12:10:00,18,2,12,12,10,940,56,MANDRES/GENERAL LECLERC,48.69652,2.54801,Plein jour,En agglomération,Intersection en Y,Normale,Autre collision,,,,,,,,,,,1,2,4,1.0,6.0
201800041395,0018-02-21 01:50:00,18,2,21,1,50,940,71,VILLENEUVE/PERRAULT,48.76778,2.50839,Nuit avec éclairage allumé,En agglomération,Intersection en X,Normale,Deux véhicules - côté,,,,,,,,,,,5,2,2,1.0,3.0
201800041396,0018-02-24 15:20:00,18,2,24,15,20,940,44,PERI/GARRY,48.75657,2.48345,Plein jour,En agglomération,Giratoire,Normale,Deux véhicules - côté,,,,,,,,,,,1,2,6,1.0,3.0
201800041397,0018-02-25 19:30:00,18,2,25,19,30,940,75,AV DU MARECHAL TASSIGNY,48.72728,2.53253,Nuit avec éclairage allumé,Hors agglomération,Hors intersection,Normale,Deux véhicules - côté,,,,,,,,,,,5,1,1,1.0,3.0
201800041398,0018-02-26 21:40:00,18,2,26,21,40,940,75,TASSIGNY/DAGORNO,48.72752,2.53102,Nuit avec éclairage non allumé,En agglomération,Intersection en T,Normale,Autre collision,,,,,,,,,,,4,2,3,1.0,6.0
201800041399,0018-02-26 17:30:00,18,2,26,17,30,940,71,D ORVES/MOULIN,48.76336,2.53423,Plein jour,En agglomération,Giratoire,Normale,Autre collision,,,,,,,,,,,1,2,6,1.0,6.0
201800041400,0018-03-08 08:10:00,18,3,8,8,10,940,71,PERI/ROND-POINT,48.76207,2.52982,Plein jour,En agglomération,Giratoire,Normale,Autre collision,,,,,,,,,,,1,2,6,1.0,6.0
201800041401,0018-03-08 18:25:00,18,3,8,18,25,940,71,"6, ROUTE DE BONNEUIL",48.77099,2.50525,Crépuscule ou aube,En agglomération,Intersection en T,Pluie légère,Deux véhicules - arrière,,,,,,,,,,,2,2,3,2.0,2.0
201800041402,0018-03-10 22:35:00,18,3,10,22,35,940,4,AV DU GENERAL LECLERC,48.75504,2.50781,Nuit sans éclairage public,Hors agglomération,Hors intersection,Pluie légère,Deux véhicules - côté,,,,,,,,,,,3,1,1,2.0,3.0
201800041403,0018-03-16 20:20:00,18,3,16,20,20,940,75,GARENNE/BOIS PRIE DIEU,48.72571,2.52792,Nuit avec éclairage allumé,En agglomération,Intersection en X,Pluie légère,Deux véhicules - côté,,,,,,,,,,,5,2,2,2.0,3.0
201800041404,0018-03-18 22:15:00,18,3,18,22,15,940,47,"121, RUE PAUL DOUMER",48.70579,2.53122,Nuit avec éclairage allumé,En agglomération,Hors intersection,Pluie légère,Deux véhicules - arrière,,,,,,,,,,,5,2,1,2.0,2.0
201800041405,0018-03-19 08:30:00,18,3,19,8,30,940,4,RUE LA CARRIERE,48.75381,2.51964,Plein jour,En agglomération,Hors intersection,Neige / grêle,Autre collision,,,,,,,,,,,1,2,1,4.0,6.0
201800041406,0018-03-19 13:20:00,18,3,19,13,20,940,71,PARIS/POLO,48.77373,2.50545,Plein jour,En agglomération,Intersection en T,Neige / grêle,Deux véhicules - arrière,,,,,,,,,,,1,2,3,4.0,2.0
201800041407,0018-03-22 14:00:00,18,3,22,14,0,940,44,VALENTON/MONNET,48.74297,2.50073,Plein jour,En agglomération,Intersection en T,Normale,Deux véhicules - arrière,,,,,,,,,,,1,2,3,1.0,2.0
201800041408,0018-03-25 01:30:00,18,3,25,1,30,940,70,ROCHER / DIMERESSE,48.7286,2.57667,Nuit avec éclairage non allumé,En agglomération,Giratoire,Normale,Autre collision,,,,,,,,,,,4,2,6,1.0,6.0
201800041409,0018-03-27 16:25:00,18,3,27,16,25,940,44,LECLERC / POMPIDOU,48.74473,2.51171,Plein jour,En agglomération,Intersection en X,Pluie légère,Autre collision,,,,,,,,,,,1,2,2,2.0,6.0
201800041410,0018-04-02 18:00:00,18,4,2,18,0,940,71,"99, RTE QUEUE EN BRIE",48.7626,2.53473,Plein jour,En agglomération,Hors intersection,Pluie légère,Autre collision,,,,,,,,,,,1,2,1,2.0,6.0
201800041411,0018-03-17 21:00:00,18,3,17,21,0,940,44,8 MAI 1945/ST-EXUPERY,48.75322,2.49463,Nuit avec éclairage allumé,En agglomération,Intersection en T,Normale,Deux véhicules - côté,,,,,,,,,,,5,2,3,1.0,3.0
201800041412,0018-04-03 16:50:00,18,4,3,16,50,940,44,"63, R HENRI BARBUSSE",48.75079,2.48832,Plein jour,En agglomération,Hors intersection,Pluie forte,Autre collision,,,,,,,,,,,1,2,1,3.0,6.0
201800041413,0018-04-04 08:15:00,18,4,4,8,15,940,48,RN 19,48.72748,2.53863,Plein jour,Hors agglomération,Hors intersection,Pluie légère,Deux véhicules - arrière,,,,,,,,,,,1,1,1,2.0,2.0
201800041414,0018-04-06 10:00:00,18,4,6,10,0,940,44,"67, AV DE VALENTON",48.7417,2.4841,Plein jour,En agglomération,Hors intersection,Normale,Deux véhicules - côté,,,,,,,,,,,1,2,1,1.0,3.0
201800041415,0018-04-09 09:00:00,18,4,9,9,0,940,71,R DE BOISSY,48.75973,2.52657,Plein jour,En agglomération,Giratoire,Normale,Deux véhicules - arrière,,,,,,,,,,,1,2,6,1.0,2.0
201800041416,0018-04-11 16:00:00,18,4,11,16,0,940,56,"8,RTE BRIE COMTE ROBERT",48.69645,2.5603,Plein jour,Hors agglomération,Hors intersection,Temps éblouissant,Deux véhicules - côté,,,,,,,,,,,1,1,1,7.0,3.0
201800041417,0018-04-05 07:45:00,18,4,5,7,45,940,4,"3 B, R DE PARIS",48.74855,2.51309,Plein jour,En agglomération,Hors intersection,Normale,Deux véhicules - côté,,,,,,,,,,,1,2,1,1.0,3.0
201800041418,0018-04-16 09:45:00,18,4,16,9,45,940,4,RN19,48.76127,2.49681,Plein jour,Hors agglomération,Hors intersection,Temps éblouissant,Trois véhicules et plus - en chaîne,,,,,,,,,,,1,1,1,7.0,4.0
201800041419,0018-04-22 21:30:00,18,4,22,21,30,940,71,R DE PARIS,48.77359,2.50492,Nuit avec éclairage allumé,En agglomération,Hors intersection,Normale,Autre collision,,,,,,,,,,,5,2,1,1.0,6.0
201800041420,0018-04-23 08:30:00,18,4,23,8,30,940,4,AV DU GENERAL LECLERC,48.75103,2.50715,Plein jour,En agglomération,Hors intersection,Normale,Sans collision,,,,,,,,,,,1,2,1,1.0,7.0
201800041421,0018-04-30 16:10:00,18,4,30,16,10,940,4,GENERAL LECLERC (AV DU),48.75,2.5,Plein jour,En agglomération,Hors intersection,Pluie légère,Deux véhicules - côté,,,,,,,,,,,1,2,1,2.0,3.0
201800041422,0018-04-30 12:00:00,18,4,30,12,0,940,71,R DES BRUYERES,48.75,5.57,Plein jour,Hors agglomération,Hors intersection,Pluie légère,Autre collision,,,,,,,,,,,1,1,1,2.0,6.0
201800041423,0018-05-03 17:35:00,18,5,3,17,35,940,71,"8, BERTOU (SEN DU)",48.76349,2.52487,Crépuscule ou aube,En agglomération,Hors intersection,Normale,Autre collision,,,,,,,,,,,2,2,1,1.0,6.0
201800041424,0018-05-04 08:20:00,18,5,4,8,20,940,4,"03, CHARLES DE GAULLE (A",48.75283,2.50365,Plein jour,En agglomération,Passage à niveau,Normale,Autre collision,,,,,,,,,,,1,2,8,1.0,6.0
201800041425,0018-05-04 16:55:00,18,5,4,16,55,940,75,"13, MANDRES (R DE)",48.718,2.534,Plein jour,En agglomération,Hors intersection,Normale,Trois véhicules et plus - en chaîne,,,,,,,,,,,1,2,1,1.0,4.0
201800041426,0018-05-07 20:00:00,18,5,7,20,0,940,71,8 AVENUE DU FORT,48.76744,2.53289,Plein jour,En agglomération,Hors intersection,Normale,Sans collision,,,,,,,,,,,1,2,1,1.0,7.0
201800041427,0018-05-08 06:30:00,18,5,8,6,30,940,4,BREVANNES (R DE),48.75007,2.50099,Crépuscule ou aube,En agglomération,Hors intersection,Normale,Sans collision,,,,,,,,,,,2,2,1,1.0,7.0
201800041428,0018-05-14 18:25:00,18,5,14,18,25,940,71,GENERAL LECLERC (R DU),48.77567,2.51117,Plein jour,En agglomération,Intersection en T,Pluie légère,Deux véhicules - côté,,,,,,,,,,,1,2,3,2.0,3.0
201800041429,0018-05-15 16:35:00,18,5,15,16,35,940,4,GENERAL LECLERC (AV DU),48.74657,2.51039,Plein jour,En agglomération,Autre intersection,Normale,Trois véhicules et plus - en chaîne,,,,,,,,,,,1,2,9,1.0,4.0
201800041430,0018-05-15 18:15:00,18,5,15,18,15,940,48,AVENUE DU PARC,48.73812,2.55243,Plein jour,En agglomération,Intersection en T,Normale,Deux véhicules - côté,,,,,,,,,,,1,2,3,1.0,3.0
201800041431,0018-05-18 07:55:00,18,5,18,7,55,940,4,GENERAL LECLERC (AV DU),48.75693,2.50795,Plein jour,En agglomération,Hors intersection,Normale,Sans collision,,,,,,,,,,,1,2,1,1.0,7.0
201800041432,0018-05-22 07:45:00,18,5,22,7,45,940,75,"35, MARECHAL DELATTRE DE",48.72748,5.31072,Plein jour,En agglomération,Hors intersection,Normale,Deux véhicules - côté,,,,,,,,,,,1,2,1,1.0,3.0
201800041433,0018-05-22 17:25:00,18,5,22,17,25,940,48,AVENUE DES BUISSONS,48.7359,2.55561,Plein jour,En agglomération,Autre intersection,Normale,Deux véhicules - côté,,,,,,,,,,,1,2,9,1.0,3.0
201800041434,0018-05-23 19:30:00,18,5,23,19,30,940,71,CHEMIN VERT,48.7636,2.50026,Plein jour,En agglomération,Hors intersection,Normale,Autre collision,,,,,,,,,,,1,2,1,1.0,6.0
201800041435,0018-05-25 07:07:00,18,5,25,7,7,940,75,LATTRE DE TASSIGNY (AV D,48.72448,2.54938,Plein jour,En agglomération,Hors intersection,Normale,Deux véhicules - arrière,,,,,,,,,,,1,2,1,1.0,2.0
201800041436,0018-05-26 00:05:00,18,5,26,0,5,940,71,VILLENEUVE (R DE),48.7665,2.50901,Nuit avec éclairage allumé,En agglomération,Intersection en X,Pluie légère,Trois véhicules et plus - collisions multiples,,,,,,,,,,,5,2,2,2.0,5.0
201800041437,0018-05-26 15:10:00,18,5,26,15,10,940,75,BOURGOGNE (R DE),48.72354,2.52841,Plein jour,En agglomération,Intersection en X,Normale,Deux véhicules - côté,,,,,,,,,,,1,2,2,1.0,3.0
201800041438,0018-05-26 18:40:00,18,5,26,18,40,940,47,CAZEAUX (R),48.70013,2.54268,Plein jour,En agglomération,Hors intersection,Normale,Autre collision,,,,,,,,,,,1,2,1,1.0,6.0
201800041439,0018-05-31 03:05:00,18,5,31,3,5,940,48,NATIONALE 19,48.72939,2.54702,Nuit avec éclairage allumé,En agglomération,Intersection en T,Normale,Deux véhicules - arrière,,,,,,,,,,,5,2,3,1.0,2.0
201800041440,0018-05-31 09:35:00,18,5,31,9,35,940,44,DESCARTES (AV),48.74118,2.48042,Plein jour,En agglomération,Giratoire,Temps couvert,Deux véhicules - côté,,,,,,,,,,,1,2,6,8.0,3.0
201800041441,0018-06-01 17:38:00,18,6,1,17,38,940,4,GENERAL LECLERC (AV DU),48.7585,2.5024,Plein jour,En agglomération,Hors intersection,Pluie légère,Deux véhicules - côté,,,,,,,,,,,1,2,1,2.0,3.0
201800041442,0018-06-05 09:10:00,18,6,5,9,10,940,71,"66, GRAND VAL (R DU)",48.77665,2.52849,Plein jour,En agglomération,Hors intersection,Pluie légère,Autre collision,,,,,,,,,,,1,2,1,2.0,6.0
201800041443,0018-06-06 16:35:00,18,6,6,16,35,940,4,GENERAL LECLERC (AV DU),48.75493,2.50819,Plein jour,Hors agglomération,Hors intersection,Pluie légère,Sans collision,,,,,,,,,,,1,1,1,2.0,7.0
201800041444,0018-06-11 08:40:00,18,6,11,8,40,940,48,VALLON (R DU),,,Crépuscule ou aube,Hors agglomération,Hors intersection,Brouillard / fumée,Trois véhicules et plus - en chaîne,,,,,,,,,,,2,1,1,5.0,4.0
201800041445,0018-06-11 17:35:00,18,6,11,17,35,940,44,"4, ALBERT GARRY (R)",48.75277,2.474,Plein jour,En agglomération,Hors intersection,Temps couvert,Deux véhicules - côté,,,,,,,,,,,1,2,1,8.0,3.0
201800041446,0018-06-12 12:30:00,18,6,12,12,30,940,71,"15, GEORGES POMPIDOU (AV",48.7718,2.52665,Plein jour,En agglomération,Hors intersection,Normale,Deux véhicules - arrière,,,,,,,,,,,1,2,1,1.0,2.0
201800041447,0018-06-12 18:25:00,18,6,12,18,25,940,44,PRESIDENT WILSON (AV DU),48.753,2.49169,Plein jour,En agglomération,Intersection en X,Normale,Deux véhicules - côté,,,,,,,,,,,1,2,2,1.0,3.0
201800041448,0018-06-13 16:05:00,18,6,13,16,5,940,44,JEAN MONNET (R),48.75829,2.48166,Plein jour,Hors agglomération,Hors intersection,Normale,Trois véhicules et plus - en chaîne,,,,,,,,,,,1,1,1,1.0,4.0
201800041449,0018-06-20 08:00:00,18,6,20,8,0,940,44,"26, VERDUN (AV DE)",48.7499,2.48079,Plein jour,En agglomération,Hors intersection,Normale,Sans collision,,,,,,,,,,,1,2,1,1.0,7.0
201800041450,0018-06-22 17:00:00,18,6,22,17,0,940,71,6 RUE JEAN MOULIN,48.77513,2.51421,Plein jour,En agglomération,Intersection en T,Normale,Trois véhicules et plus - en chaîne,,,,,,,,,,,1,2,3,1.0,4.0
201800041451,0018-06-23 12:35:00,18,6,23,12,35,940,70,PARIS (RTE DE),48.7162,2.5728,Plein jour,Hors agglomération,Hors intersection,Normale,Deux véhicules - arrière,,,,,,,,,,,1,1,1,1.0,2.0
201800041452,0018-06-24 02:40:00,18,6,24,2,40,940,75,MARECHAL DE LATTRE DE TA,48.72758,2.53099,Nuit sans éclairage public,En agglomération,Autre intersection,Normale,Autre collision,,,,,,,,,,,3,2,9,1.0,6.0
201800041453,0018-06-25 08:35:00,18,6,25,8,35,940,4,CHARLES DE GAULLE (AV),48.75695,2.49838,Plein jour,En agglomération,Hors intersection,Normale,Autre collision,,,,,,,,,,,1,2,1,1.0,6.0
201800041454,0018-06-11 18:30:00,18,6,11,18,30,940,47,BRIE (R DE),48.69835,2.55048,Plein jour,En agglomération,Intersection en T,Normale,Deux véhicules - arrière,,,,,,,,,,,1,2,3,1.0,2.0
201800041455,0018-06-23 01:30:00,18,6,23,1,30,940,71,GRAND CHAMP (R DU),48.7636,2.5152,Nuit avec éclairage allumé,En agglomération,Giratoire,Normale,Deux véhicules - arrière,,,,,,,,,,,5,2,6,1.0,2.0
201800041456,0018-06-27 09:40:00,18,6,27,9,40,940,71,VERDUN (BD DE),48.76836,2.51021,Plein jour,En agglomération,Intersection en X,Normale,Deux véhicules - côté,,,,,,,,,,,1,2,2,1.0,3.0
201800041457,0018-06-27 13:50:00,18,6,27,13,50,940,75,BOIS PRIE DIEU (R DU),48.72545,2.5273,Plein jour,En agglomération,Intersection en X,Normale,Deux véhicules - côté,,,,,,,,,,,1,2,2,1.0,3.0
201800041458,0018-06-27 20:30:00,18,6,27,20,30,940,71,"28, PIPLE (AV DU)",48.76355,2.51608,Plein jour,En agglomération,Hors intersection,Normale,Deux véhicules - frontale,,,,,,,,,,,1,2,1,1.0,1.0
201800041459,0018-06-29 15:58:00,18,6,29,15,58,940,71,"6-8, CHARLES DE GAULLE (",48.7716,2.5088,Plein jour,En agglomération,Intersection en X,Normale,Autre collision,,,,,,,,,,,1,2,2,1.0,6.0
201800041460,0018-06-30 12:05:00,18,6,30,12,5,940,44,"09, ROGER SALENGRO (R)",48.75,2.48,Plein jour,En agglomération,Hors intersection,Normale,Deux véhicules - côté,,,,,,,,,,,1,2,1,1.0,3.0
201800041461,0018-07-02 17:05:00,18,7,2,17,5,940,75,BRUNOY (R DE),48.70799,2.52929,Plein jour,En agglomération,Intersection en X,Normale,Deux véhicules - côté,,,,,,,,,,,1,2,2,1.0,3.0
201800041462,0018-07-03 15:45:00,18,7,3,15,45,940,71,REMPARTS (R DES),48.76889,2.51933,Plein jour,En agglomération,Autre intersection,Normale,Deux véhicules - côté,,,,,,,,,,,1,2,9,1.0,3.0
201800041463,0018-07-03 19:47:00,18,7,3,19,47,940,75,"33, LATTRE DE TASSIGNY (",48.72747,2.5315,Plein jour,En agglomération,Hors intersection,Normale,Deux véhicules - côté,,,,,,,,,,,1,2,1,1.0,3.0
201800041464,0018-07-05 18:05:00,18,7,5,18,5,940,75,LATTRE DE TASSIGNY (AV D,48.73475,2.51979,Plein jour,Hors agglomération,Hors intersection,Pluie légère,Autre collision,,,,,,,,,,,1,1,1,2.0,6.0
201800041465,0018-07-07 09:30:00,18,7,7,9,30,940,44,GENERAL LECLERC (AV DU),48.75504,2.50788,Plein jour,En agglomération,Hors intersection,Normale,Sans collision,,,,,,,,,,,1,2,1,1.0,7.0
201800041466,0018-07-07 19:20:00,18,7,7,19,20,940,48,VALLON (R DU),48.72755,2.53964,Plein jour,En agglomération,Intersection en X,Normale,Deux véhicules - arrière,,,,,,,,,,,1,2,2,1.0,2.0
201800041467,0018-07-12 18:12:00,18,7,12,18,12,940,47,PAUL DOUMER (R),48.70368,2.53455,Plein jour,En agglomération,Place,Normale,Deux véhicules - arrière,,,,,,,,,,,1,2,7,1.0,2.0
201800041468,0018-07-15 16:02:00,18,7,15,16,2,940,44,"20, VERDUN (AV DE)",48.75024,2.4823,Plein jour,En agglomération,Hors intersection,Normale,Autre collision,,,,,,,,,,,1,2,1,1.0,6.0
201800041469,0018-07-19 19:40:00,18,7,19,19,40,940,44,ALBERT GARRY (R),48.75256,4.72637,Plein jour,En agglomération,Intersection à plus de 4 branches,Normale,Deux véhicules - côté,,,,,,,,,,,1,2,5,1.0,3.0
201800041470,0018-07-22 20:15:00,18,7,22,20,15,940,71,FORT (AV DU),48.77016,2.53443,Plein jour,En agglomération,Intersection à plus de 4 branches,Normale,Autre collision,,,,,,,,,,,1,2,5,1.0,6.0
201800041471,0018-07-23 12:15:00,18,7,23,12,15,940,75,MARECHAL DELATTRE DE TAS,48.7275,5.311,Plein jour,En agglomération,Autre intersection,Normale,Deux véhicules - côté,,,,,,,,,,,1,2,9,1.0,3.0
201800041472,0018-07-21 15:20:00,18,7,21,15,20,940,71,LOUIS BOON (BD),48.77675,2.51373,Plein jour,En agglomération,Autre intersection,Normale,Autre collision,,,,,,,,,,,1,2,9,1.0,6.0
201800041473,0018-08-13 16:45:00,18,8,13,16,45,940,4,GARE (BD DE LA),48.75187,2.50521,Plein jour,Hors agglomération,Hors intersection,Normale,Autre collision,,,,,,,,,,,1,1,1,1.0,6.0
201800041474,0018-08-18 21:40:00,18,8,18,21,40,940,71,QUEUE EN BRIE (RTE DE LA,48.76213,2.53434,Nuit avec éclairage allumé,En agglomération,Hors intersection,Normale,Autre collision,,,,,,,,,,,5,2,1,1.0,6.0
201800041475,0018-08-19 19:15:00,18,8,19,19,15,940,71,QUEUE EN BRIE (RTE DE LA,48.76168,2.53351,Plein jour,En agglomération,Hors intersection,Normale,Autre collision,,,,,,,,,,,1,2,1,1.0,6.0
201800041476,0018-08-20 20:50:00,18,8,20,20,50,940,71,PONT DE CHENNEVIERES (R,48.78648,2.52303,Crépuscule ou aube,En agglomération,Hors intersection,Normale,Autre collision,,,,,,,,,,,2,2,1,1.0,6.0
201800041477,0018-08-21 22:10:00,18,8,21,22,10,940,44,VALENTON (AV DE),48.74213,2.48952,Nuit avec éclairage allumé,En agglomération,Hors intersection,Normale,Autre collision,,,,,,,,,,,5,2,1,1.0,6.0
201800041478,0018-08-31 16:30:00,18,8,31,16,30,940,4,GENERAL LECLERC (AV DU),48.75013,2.50789,Plein jour,En agglomération,Hors intersection,Normale,Deux véhicules - côté,,,,,,,,,,,1,2,1,1.0,3.0
201800041479,0018-09-02 12:15:00,18,9,2,12,15,940,71,QUEUE EN BRIE (RTE DE LA,48.76351,2.5361,Plein jour,En agglomération,Hors intersection,Normale,Deux véhicules - côté,,,,,,,,,,,1,2,1,1.0,3.0
201800041480,0018-09-06 11:55:00,18,9,6,11,55,940,75,AV DU MAL DE LATTRE,48.72751,2.53107,Plein jour,En agglomération,Intersection en T,Normale,Deux véhicules - côté,,,,,,,,,,,1,2,3,1.0,3.0
201800041481,0018-09-19 13:17:00,18,9,19,13,17,940,71,QUEUE EN BRIE (RTE DE LA,48.76183,2.53374,Plein jour,En agglomération,Hors intersection,Normale,Autre collision,,,,,,,,,,,1,2,1,1.0,6.0
201800041482,0018-09-22 16:20:00,18,9,22,16,20,940,44,DIVISION LECLERC (AV),48.73566,2.51907,Plein jour,Hors agglomération,Hors intersection,Temps couvert,Trois véhicules et plus - en chaîne,,,,,,,,,,,1,1,1,8.0,4.0
201800041483,0018-09-23 17:40:00,18,9,23,17,40,940,4,GENERAL LECLERC (AV DU),48.75517,2.50755,Plein jour,Hors agglomération,Hors intersection,Pluie légère,Sans collision,,,,,,,,,,,1,1,1,2.0,7.0
201800041484,0018-09-25 14:30:00,18,9,25,14,30,940,75,MARECHAL DE LATTRE DE TA,48.72747,2.53097,Plein jour,En agglomération,Intersection en T,Normale,Deux véhicules - frontale,,,,,,,,,,,1,2,3,1.0,1.0
201800041485,0018-09-26 19:00:00,18,9,26,19,0,940,44,VERDUN (AV DE),48.74988,2.48134,Plein jour,En agglomération,Hors intersection,Normale,Autre collision,,,,,,,,,,,1,2,1,1.0,6.0
201800041486,0018-09-29 19:30:00,18,9,29,19,30,940,71,MOULIN A VENT (R DU),48.76313,2.53387,Nuit avec éclairage allumé,En agglomération,Giratoire,Normale,Deux véhicules - côté,,,,,,,,,,,5,2,6,1.0,3.0
201800041487,0018-09-30 12:35:00,18,9,30,12,35,940,44,PRESIDENT WILSON (AV DU),48.7508,2.49,Plein jour,En agglomération,Autre intersection,Normale,Autre collision,,,,,,,,,,,1,2,9,1.0,6.0
201800041488,0018-10-02 20:15:00,18,10,2,20,15,940,4,ERABLES (PL DES),48.75792,2.49949,Nuit avec éclairage allumé,En agglomération,Hors intersection,Temps couvert,Autre collision,,,,,,,,,,,5,2,1,8.0,6.0
201800041489,0018-10-02 21:20:00,18,10,2,21,20,940,71,BOISSY (R DE),48.76244,2.52669,Nuit avec éclairage allumé,En agglomération,Autre intersection,Pluie légère,Deux véhicules - arrière,,,,,,,,,,,5,2,9,2.0,2.0
201800041490,0018-10-03 09:10:00,18,10,3,9,10,940,71,ALBERT SARRAULT (AV),48.76341,2.52613,Plein jour,En agglomération,Intersection en T,Normale,Deux véhicules - côté,,,,,,,,,,,1,2,3,1.0,3.0
201800041491,0018-10-03 14:30:00,18,10,3,14,30,940,71,MAURICE BERTEAUX (R),,,Plein jour,En agglomération,Hors intersection,Normale,Autre collision,,,,,,,,,,,1,2,1,1.0,6.0
201800041492,0018-10-04 10:40:00,18,10,4,10,40,940,47,GENERAL LECLERC (R),48.7016,2.54289,Plein jour,En agglomération,Hors intersection,Normale,Autre collision,,,,,,,,,,,1,2,1,1.0,6.0
201800041493,0018-10-04 18:05:00,18,10,4,18,5,940,71,WINSTON CHURCHILL (R),48.77122,2.52123,Plein jour,En agglomération,Autre intersection,Normale,Trois véhicules et plus - en chaîne,,,,,,,,,,,1,2,9,1.0,4.0
201800041494,0018-10-07 13:41:00,18,10,7,13,41,940,4,GENERAL LECLERC (AV),48.75505,2.50767,Plein jour,En agglomération,Hors intersection,Pluie légère,Autre collision,,,,,,,,,,,1,2,1,2.0,6.0
201800041495,0018-10-07 12:20:00,18,10,7,12,20,940,4,GENERAL LECLERC (AV),48.75477,2.50842,Plein jour,En agglomération,Hors intersection,Temps couvert,Sans collision,,,,,,,,,,,1,2,1,8.0,7.0
201800041496,0018-10-11 07:10:00,18,10,11,7,10,940,4,GENERAL LECLERC (AV DU),48.74,2.5,Crépuscule ou aube,En agglomération,Intersection en T,Pluie légère,Deux véhicules - côté,,,,,,,,,,,2,2,3,2.0,3.0
201800041497,0018-10-11 15:10:00,18,10,11,15,10,940,71,PROGRES (AV DU),48.7585,2.5297,Plein jour,En agglomération,Intersection en T,Normale,Deux véhicules - côté,,,,,,,,,,,1,2,3,1.0,3.0
201800041498,0018-10-12 14:40:00,18,10,12,14,40,940,48,MAROLLES A GRANDE PATTE,48.75177,2.55717,Plein jour,Hors agglomération,Hors intersection,Normale,Sans collision,,,,,,,,,,,1,1,1,1.0,7.0
201800041499,0018-10-16 16:45:00,18,10,16,16,45,940,75,CERCAY (R DE),48.71867,2.53064,Plein jour,En agglomération,Intersection en X,Normale,Autre collision,,,,,,,,,,,1,2,2,1.0,6.0
201800041500,0018-10-16 18:10:00,18,10,16,18,10,940,75,MANDRES (R DE),48.71836,2.53469,Plein jour,En agglomération,Autre intersection,Normale,Deux véhicules - arrière,,,,,,,,,,,1,2,9,1.0,2.0