accident_id,datetime,annee,mois,jour,heure,minute,departement,commune_insee,adresse,latitude,longitude,luminosite,agglomeration,intersection,meteo,collision,nb_vehicules,nb_usagers,nb_indemnes,nb_tues,nb_blesses_hosp,nb_blesses_legers,age_cond_1,age_cond_2,veh_type_cond_1,veh_type_cond_2,lum_code,agg_code,int_code,atm_code,col_code
201800041621,0018-11-14 17:20:00,18,11,14,17,20,940,17,ARISTIDE BRIAND (BD),48.82352,2.50429,Crépuscule ou aube,En agglomération,Intersection en X,Normale,Deux véhicules - côté,,,,,,,,,,,2,2,2,1.0,3.0
201800041622,0018-11-16 18:50:00,18,11,16,18,50,940,17,STALINGRAD (BD DE),48.82255,2.49742,Nuit avec éclairage allumé,En agglomération,Hors intersection,Normale,Autre collision,,,,,,,,,,,5,2,1,1.0,6.0
201800041623,0018-11-22 09:00:00,18,11,22,9,0,940,17,REPUBLIQUE (AV DE LA),48.82387,2.51017,Plein jour,En agglomération,Passage à niveau,Normale,Autre collision,,,,,,,,,,,1,2,8,1.0,6.0
201800041624,0018-11-22 12:50:00,18,11,22,12,50,940,17,CHARLES FLOQUET (R),48.81484,2.48116,Plein jour,En agglomération,Intersection en X,Temps couvert,Deux véhicules - côté,,,,,,,,,,,1,2,2,8.0,3.0
201800041625,0018-11-22 17:00:00,18,11,22,17,0,940,17,ALBERT THOMAS - PONT DE,48.8136,2.51142,Crépuscule ou aube,En agglomération,Hors intersection,Pluie légère,Autre collision,,,,,,,,,,,2,2,1,2.0,6.0
201800041626,0018-11-23 13:00:00,18,11,23,13,0,940,17,BOIS L ABBE (R DU),48.8107,2.5404,Plein jour,En agglomération,Hors intersection,Normale,Deux véhicules - arrière,,,,,,,,,,,1,2,1,1.0,2.0
201800041627,0018-11-23 19:10:00,18,11,23,19,10,940,17,REPUBLIQUE (AV DE LA),48.81881,2.5114,Nuit avec éclairage allumé,En agglomération,Hors intersection,Pluie légère,Autre collision,,,,,,,,,,,5,2,1,2.0,6.0
201800041628,0018-11-25 14:40:00,18,11,25,14,40,940,17,CROIX (CHE DE LA),48.81,2.51,Plein jour,En agglomération,Giratoire,Pluie légère,Sans collision,,,,,,,,,,,1,2,6,2.0,7.0
201800041629,0018-11-25 17:40:00,18,11,25,17,40,940,17,ALEXANDRE FOURNY (R),48.8189,2.5254,Nuit avec éclairage allumé,En agglomération,Hors intersection,Pluie légère,Autre collision,,,,,,,,,,,5,2,1,2.0,6.0
201800041630,0018-11-27 17:45:00,18,11,27,17,45,940,17,CHARLES FLOQUET - PONT D,48.81,2.48,Nuit avec éclairage allumé,En agglomération,Intersection en X,Pluie légère,Deux véhicules - côté,,,,,,,,,,,5,2,2,2.0,3.0
201800041631,0018-11-22 00:30:00,18,11,22,0,30,940,17,GUY MOCQUET (R),48.82514,2.51558,Nuit avec éclairage non allumé,En agglomération,Intersection en X,Normale,Deux véhicules - côté,,,,,,,,,,,4,2,2,1.0,3.0
201800041632,0018-12-05 08:05:00,18,12,5,8,5,940,19,CHAMPLAIN (AV),48.79545,2.56086,Plein jour,En agglomération,Hors intersection,Normale,Deux véhicules - frontale,,,,,,,,,,,1,2,1,1.0,1.0
201800041633,0018-12-07 14:50:00,18,12,7,14,50,940,17,SERPENTE (R),48.81784,2.53323,Plein jour,En agglomération,Autre intersection,Pluie forte,Autre collision,,,,,,,,,,,1,2,9,3.0,6.0
201800041634,0018-12-11 12:30:00,18,12,11,12,30,940,17,REPUBLIQUE (AV DE LA),48.81,2.51,Plein jour,En agglomération,Hors intersection,Temps couvert,Autre collision,,,,,,,,,,,1,2,1,8.0,6.0
201800041635,0018-12-12 07:00:00,18,12,12,7,0,940,17,REPUBLIQUE (AV DE LA),48.82491,2.51,Nuit avec éclairage allumé,En agglomération,Hors intersection,Temps couvert,Autre collision,,,,,,,,,,,5,2,1,8.0,6.0
201800041636,0018-12-12 18:15:00,18,12,12,18,15,940,17,LENINE (PL),48.81211,2.51138,Nuit avec éclairage allumé,En agglomération,Hors intersection,Normale,Deux véhicules - arrière,,,,,,,,,,,5,2,1,1.0,2.0
201800041637,0018-12-13 16:45:00,18,12,13,16,45,940,17,ONZE NOVEMBRE 1918 (AV D,48.80898,2.53793,Plein jour,En agglomération,Hors intersection,Normale,Autre collision,,,,,,,,,,,1,2,1,1.0,6.0
201800041638,0018-12-15 18:50:00,18,12,15,18,50,940,79,FRIEDBERG (BD DE),48.8351,2.54744,Nuit avec éclairage non allumé,En agglomération,Intersection en X,Pluie forte,Autre collision,,,,,,,,,,,4,2,2,3.0,6.0
201800041639,0018-12-14 23:40:00,18,12,14,23,40,940,17,JEAN JAURES (R),48.8145,2.5079,Nuit avec éclairage allumé,En agglomération,Autre intersection,Normale,Autre collision,,,,,,,,,,,5,2,9,1.0,6.0
201800041640,0018-12-18 17:10:00,18,12,18,17,10,940,17,SONIA DE LAUNAY (VOI),48.80984,2.5377,Nuit avec éclairage allumé,En agglomération,Intersection en X,Normale,Deux véhicules - côté,,,,,,,,,,,5,2,2,1.0,3.0
201800041641,0018-12-21 22:00:00,18,12,21,22,0,940,17,VICTOR COUPE (AV),48.8165,2.5591,Nuit avec éclairage allumé,En agglomération,Intersection en X,Pluie légère,Deux véhicules - côté,,,,,,,,,,,5,2,2,2.0,3.0
201800041642,0018-12-23 22:55:00,18,12,23,22,55,940,17,MOLIERE (R),48.80845,2.54232,Nuit avec éclairage allumé,En agglomération,Intersection en T,Pluie légère,Deux véhicules - côté,,,,,,,,,,,5,2,3,2.0,3.0
201800041643,0018-12-25 10:25:00,18,12,25,10,25,940,17,REPUBLIQUE (AV DE LA),48.82361,2.5103,Plein jour,En agglomération,Intersection en X,Normale,Deux véhicules - côté,,,,,,,,,,,1,2,2,1.0,3.0
201800041644,0018-12-27 19:10:00,18,12,27,19,10,940,17,STALINGRAD (BD DE),48.82719,2.49438,Nuit avec éclairage allumé,En agglomération,Autre intersection,Normale,Deux véhicules - côté,,,,,,,,,,,5,2,9,1.0,3.0
201800041645,0018-01-06 14:25:00,18,1,6,14,25,940,18,GRAVELLE/VALMY,48.82821,2.40524,Plein jour,En agglomération,Intersection en T,Normale,Autre collision,,,,,,,,,,,1,2,3,1.0,6.0
201800041646,0018-01-09 20:08:00,18,1,9,20,8,940,69,"135, AV DE GRAVELLE",48.82367,2.42902,Nuit avec éclairage allumé,En agglomération,Hors intersection,Pluie légère,Sans collision,,,,,,,,,,,5,2,1,2.0,7.0
201800041647,0018-01-13 21:10:00,18,1,13,21,10,940,69,CANADIENS/GRAVELLE,48.81726,2.45892,Nuit avec éclairage allumé,En agglomération,Intersection en X,Normale,Deux véhicules - côté,,,,,,,,,,,5,2,2,1.0,3.0
201800041648,0018-01-14 02:28:00,18,1,14,2,28,940,18,AV DE GRAVELLE,48.82945,2.40272,Nuit avec éclairage allumé,En agglomération,Hors intersection,Normale,Deux véhicules - côté,,,,,,,,,,,5,2,1,1.0,3.0
201800041649,0018-01-29 23:37:00,18,1,29,23,37,940,69,TASSIGNY/PARIS,48.81874,2.41966,Nuit avec éclairage allumé,En agglomération,Intersection en X,Normale,Deux véhicules - arrière,,,,,,,,,,,5,2,2,1.0,2.0
201800041650,0018-02-01 08:05:00,18,2,1,8,5,940,18,CARRIERES/BERGERAC,48.81996,2.40445,Crépuscule ou aube,En agglomération,Intersection en T,Temps couvert,Deux véhicules - côté,,,,,,,,,,,2,2,3,8.0,3.0
201800041651,0018-02-09 12:32:00,18,2,9,12,32,940,18,"13, QUAI DES CARRIERES",48.81787,2.4171,Plein jour,En agglomération,Hors intersection,Neige / grêle,Autre collision,,,,,,,,,,,1,2,1,4.0,6.0
201800041652,0018-02-22 12:10:00,18,2,22,12,10,940,18,"195, RUE DE PARIS",48.82894,2.40214,Plein jour,En agglomération,Hors intersection,Normale,Deux véhicules - côté,,,,,,,,,,,1,2,1,1.0,3.0
201800041653,0018-02-24 05:40:00,18,2,24,5,40,940,18,BERCY/EUROPE,48.82497,2.39384,Nuit avec éclairage allumé,En agglomération,Intersection en T,Normale,Deux véhicules - frontale,,,,,,,,,,,5,2,3,1.0,1.0
201800041654,0018-02-27 19:50:00,18,2,27,19,50,940,69,LECLERC/GREDAT,48.81811,2.4323,Nuit avec éclairage allumé,En agglomération,Intersection en T,Normale,Deux véhicules - frontale,,,,,,,,,,,5,2,3,1.0,1.0
201800041655,0018-03-06 02:35:00,18,3,6,2,35,940,69,"14, CANADIENS / GRAVELLE",48.81703,2.45863,Nuit avec éclairage allumé,Hors agglomération,Intersection en X,Normale,Autre collision,,,,,,,,,,,5,1,2,1.0,6.0
201800041656,0018-03-13 18:10:00,18,3,13,18,10,940,69,CONTREALLEE AV CANADIENS,48.8176,2.4604,Crépuscule ou aube,En agglomération,Hors intersection,Temps couvert,Autre collision,,,,,,,,,,,2,2,1,8.0,6.0
201800041657,0018-03-27 17:45:00,18,3,27,17,45,940,18,"4, AV DE LA LIBERTE",48.8219,2.4024,Plein jour,En agglomération,Hors intersection,Pluie légère,Deux véhicules - arrière,,,,,,,,,,,1,2,1,2.0,2.0
201800041658,0018-04-07 11:15:00,18,4,7,11,15,940,18,CARRIERES/BORDEAUX,48.81914,2.40782,Plein jour,En agglomération,Intersection en T,Normale,Autre collision,,,,,,,,,,,1,2,3,1.0,6.0
201800041659,0018-04-17 22:10:00,18,4,17,22,10,940,18,ILE MARTINET,48.81908,2.40576,Nuit avec éclairage allumé,En agglomération,Hors intersection,Normale,Sans collision,,,,,,,,,,,5,2,1,1.0,7.0
201800041660,0018-04-20 15:35:00,18,4,20,15,35,940,18,PARIS/LANGLAIS,48.8285,2.40282,Plein jour,En agglomération,Intersection en T,Normale,Autre collision,,,,,,,,,,,1,2,3,1.0,6.0
201800041661,0018-04-25 17:55:00,18,4,25,17,55,940,18,PARIS/LIBERTE,48.82594,2.40682,Plein jour,En agglomération,Intersection en X,Normale,Autre collision,,,,,,,,,,,1,2,2,1.0,6.0
201800041662,0018-04-27 14:25:00,18,4,27,14,25,940,18,PARIS/VALMY,48.82785,2.40374,Plein jour,En agglomération,Intersection en X,Normale,Deux véhicules - côté,,,,,,,,,,,1,2,2,1.0,3.0
201800041663,0018-05-02 10:35:00,18,5,2,10,35,940,18,"50, PARIS (R DE)",48.82007,2.4156,Plein jour,En agglomération,Hors intersection,Normale,Autre collision,,,,,,,,,,,1,2,1,1.0,6.0
201800041664,0018-05-05 11:30:00,18,5,5,11,30,940,18,RUE DE PARIS,48.82252,2.41249,Plein jour,En agglomération,Hors intersection,Normale,Autre collision,,,,,,,,,,,1,2,1,1.0,6.0
201800041665,0018-05-11 15:12:00,18,5,11,15,12,940,18,2-4 RUE DU PONT,48.81824,2.42009,Plein jour,En agglomération,Hors intersection,Normale,Deux véhicules - côté,,,,,,,,,,,1,2,1,1.0,3.0
201800041666,0018-05-14 17:15:00,18,5,14,17,15,940,18,ARTHUR CROQUETTE (R),48.81952,2.41394,Plein jour,En agglomération,Hors intersection,Temps couvert,Sans collision,,,,,,,,,,,1,2,1,8.0,7.0
201800041667,0018-05-12 00:45:00,18,5,12,0,45,940,69,"45, MARECHAL LECLERC (R",48.8179,2.425,Nuit avec éclairage allumé,En agglomération,Hors intersection,Normale,Deux véhicules - côté,,,,,,,,,,,5,2,1,1.0,3.0
201800041668,0018-06-01 15:18:00,18,6,1,15,18,940,18,"01, GABRIELLE (R)",48.82101,2.41472,Plein jour,En agglomération,Intersection en Y,Normale,Autre collision,,,,,,,,,,,1,2,4,1.0,6.0
201800041669,0018-06-05 08:50:00,18,6,5,8,50,940,18,"72, CARRIERES (QU DES)",48.82,2.40477,Plein jour,En agglomération,Hors intersection,Pluie forte,Deux véhicules - côté,,,,,,,,,,,1,2,1,3.0,3.0
201800041670,0018-06-07 01:00:00,18,6,7,1,0,940,18,"3, VICTOR HUGO (R)",48.8187,2.41066,Nuit avec éclairage allumé,En agglomération,Hors intersection,Normale,Autre collision,,,,,,,,,,,5,2,1,1.0,6.0
201800041671,0018-06-11 14:45:00,18,6,11,14,45,940,18,ARTHUR CROQUETTE (R),48.81717,2.41711,Plein jour,En agglomération,Hors intersection,Pluie légère,Autre collision,,,,,,,,,,,1,2,1,2.0,6.0
201800041672,0018-06-16 00:10:00,18,6,16,0,10,940,18,CARRIERES (QU DES),48.81771,2.41965,Nuit avec éclairage allumé,En agglomération,Hors intersection,Normale,Deux véhicules - frontale,,,,,,,,,,,5,2,1,1.0,1.0
201800041673,0018-06-26 08:40:00,18,6,26,8,40,940,18,"24 Bis, GRAVELLE (AV DE)",48.82724,2.40651,Plein jour,En agglomération,Hors intersection,Normale,Autre collision,,,,,,,,,,,1,2,1,1.0,6.0
201800041674,0018-07-07 11:20:00,18,7,7,11,20,940,18,"15, BERCY (QU DE)",48.82563,2.3924,Plein jour,En agglomération,Hors intersection,Normale,Deux véhicules - côté,,,,,,,,,,,1,2,1,1.0,3.0
201800041675,0018-07-10 09:05:00,18,7,10,9,5,940,18,"7, BERCY (QU DE)",48.8221,2.39867,Plein jour,En agglomération,Hors intersection,Normale,Deux véhicules - côté,,,,,,,,,,,1,2,1,1.0,3.0
201800041676,0018-07-11 10:05:00,18,7,11,10,5,940,18,"155, PARIS (R DE)",48.827,2.40491,Plein jour,En agglomération,Hors intersection,Normale,Deux véhicules - côté,,,,,,,,,,,1,2,1,1.0,3.0
201800041677,0018-07-20 16:25:00,18,7,20,16,25,940,18,"125, PARIS (R DE)",48.82473,2.40842,Plein jour,En agglomération,Hors intersection,Pluie légère,Deux véhicules - arrière,,,,,,,,,,,1,2,1,2.0,2.0
201800041678,0018-07-23 17:30:00,18,7,23,17,30,940,18,ARTHUR CROQUETTE (R),48.8201,2.4143,Plein jour,Hors agglomération,Autre intersection,Normale,Autre collision,,,,,,,,,,,1,1,9,1.0,6.0
201800041679,0018-08-11 09:00:00,18,8,11,9,0,940,18,ARTHUR CROQUETTE (R),48.81716,2.41711,Plein jour,En agglomération,Autre intersection,Normale,Autre collision,,,,,,,,,,,1,2,9,1.0,6.0
201800041680,0018-08-23 19:20:00,18,8,23,19,20,940,18,PARIS (R DE),48.82626,2.40618,Plein jour,En agglomération,Hors intersection,Normale,Deux véhicules - frontale,,,,,,,,,,,1,2,1,1.0,1.0
201800041681,0018-08-23 21:00:00,18,8,23,21,0,940,69,REPUBLIQUE (QU DE LA),48.81777,2.42166,Crépuscule ou aube,En agglomération,Autre intersection,Normale,Autre collision,,,,,,,,,,,2,2,9,1.0,6.0
201800041682,0018-08-28 18:40:00,18,8,28,18,40,940,41,HENRI BARBUSSE (AV),48.80784,2.37486,Plein jour,En agglomération,Hors intersection,Normale,Deux véhicules - arrière,,,,,,,,,,,1,2,1,1.0,2.0
201800041683,0018-08-31 09:49:00,18,8,31,9,49,940,69,VAL D OSNE (R DU),48.81977,2.42653,Plein jour,En agglomération,Hors intersection,Normale,Deux véhicules - arrière,,,,,,,,,,,1,2,1,1.0,2.0
201800041684,0018-09-05 21:00:00,18,9,5,21,0,940,67,PAUL BERT (R),48.84124,2.41513,Nuit avec éclairage allumé,En agglomération,Intersection en T,Normale,Autre collision,,,,,,,,,,,5,2,3,1.0,6.0
201800041685,0018-09-15 11:10:00,18,9,15,11,10,940,41,DANIELLE CASANOVA (AV),48.813,2.3858,Plein jour,En agglomération,Hors intersection,Normale,Autre collision,,,,,,,,,,,1,2,1,1.0,6.0
201800041686,0018-09-21 09:10:00,18,9,21,9,10,940,18,PARIS (R DE),48.82676,2.40687,Plein jour,En agglomération,Hors intersection,Pluie légère,Deux véhicules - arrière,,,,,,,,,,,1,2,1,2.0,2.0
201800041687,0018-09-24 18:25:00,18,9,24,18,25,940,18,NOUVEAU BERCY (R DU),48.8236,2.3969,Plein jour,En agglomération,Intersection en T,Normale,Deux véhicules - côté,,,,,,,,,,,1,2,3,1.0,3.0
201800041688,0018-10-02 09:20:00,18,10,2,9,20,940,18,PARIS (R DE),48.8236,2.4103,Plein jour,En agglomération,Hors intersection,Normale,Deux véhicules - côté,,,,,,,,,,,1,2,1,1.0,3.0
201800041689,0018-10-09 19:10:00,18,10,9,19,10,940,69,SAINT MAURICE DU VALAIS,48.816,2.46088,Plein jour,En agglomération,Hors intersection,Normale,Deux véhicules - côté,,,,,,,,,,,1,2,1,1.0,3.0
201800041690,0018-10-15 21:40:00,18,10,15,21,40,940,18,BERCY (QU DE),48.82322,2.39631,Nuit avec éclairage allumé,En agglomération,Intersection en T,Normale,Deux véhicules - côté,,,,,,,,,,,5,2,3,1.0,3.0
201800041691,0018-10-15 23:50:00,18,10,15,23,50,940,18,PARIS (R DE),48.82181,2.41314,Nuit avec éclairage allumé,En agglomération,Intersection en X,Normale,Autre collision,,,,,,,,,,,5,2,2,1.0,6.0
201800041692,0018-10-18 03:26:00,18,10,18,3,26,940,18,BERCY (QU DE),48.82331,2.39602,Nuit avec éclairage allumé,En agglomération,Hors intersection,Normale,Autre collision,,,,,,,,,,,5,2,1,1.0,6.0
201800041693,0018-10-18 21:10:00,18,10,18,21,10,940,18,CARRIERES (QU DES),48.81777,2.41976,Nuit avec éclairage non allumé,En agglomération,Intersection en X,Normale,Deux véhicules - côté,,,,,,,,,,,4,2,2,1.0,3.0
201800041694,0018-10-24 09:05:00,18,10,24,9,5,940,69,MARECHAL LECLERC (R DU),48.8149,2.46162,Plein jour,En agglomération,Giratoire,Normale,Autre collision,,,,,,,,,,,1,2,6,1.0,6.0
201800041695,0018-11-04 02:14:00,18,11,4,2,14,940,18,CARRIERES (QU DES),48.81916,2.4078,Nuit avec éclairage allumé,En agglomération,Autre intersection,Autre,Autre collision,,,,,,,,,,,5,2,9,9.0,6.0
201800041696,0018-11-04 19:00:00,18,11,4,19,0,940,69,MARECHAL LECLERC (R DU),48.81805,2.42433,Nuit avec éclairage allumé,En agglomération,Intersection à plus de 4 branches,Normale,Deux véhicules - arrière,,,,,,,,,,,5,2,5,1.0,2.0
201800041697,0018-11-05 18:00:00,18,11,5,18,0,940,18,CARRIERES (QU DES),48.818,2.4129,Nuit avec éclairage allumé,En agglomération,Hors intersection,Normale,Deux véhicules - côté,,,,,,,,,,,5,2,1,1.0,3.0
201800041698,0018-11-07 08:40:00,18,11,7,8,40,940,69,MARECHAL LECLERC (R DU),48.81443,2.46237,Plein jour,En agglomération,Autre intersection,Pluie légère,Deux véhicules - côté,,,,,,,,,,,1,2,9,2.0,3.0
201800041699,0018-11-08 17:20:00,18,11,8,17,20,940,69,VAL D OSNE (R DU),48.82211,2.42331,Nuit avec éclairage allumé,En agglomération,Intersection en X,Normale,Deux véhicules - côté,,,,,,,,,,,5,2,2,1.0,3.0
201800041700,0018-11-10 21:05:00,18,11,10,21,5,940,18,PARIS (R DE),48.82592,2.40691,Nuit avec éclairage allumé,En agglomération,Intersection en X,Pluie légère,Trois véhicules et plus - collisions multiples,,,,,,,,,,,5,2,2,2.0,5.0
201800041701,0018-11-12 12:20:00,18,11,12,12,20,940,18,ARTHUR CROQUETTE (R),48.8203,2.41431,Plein jour,En agglomération,Hors intersection,Pluie légère,Autre collision,,,,,,,,,,,1,2,1,2.0,6.0
201800041702,0018-11-14 17:45:00,18,11,14,17,45,940,18,CARRIERES (QU DES),48.82001,2.40478,Crépuscule ou aube,En agglomération,Autre intersection,Normale,Deux véhicules - arrière,,,,,,,,,,,2,2,9,1.0,2.0
201800041703,0018-11-26 11:05:00,18,11,26,11,5,940,18,MARECHAL DE LATTRE DE TA,48.82353,2.41986,Plein jour,En agglomération,Hors intersection,Pluie légère,Deux véhicules - arrière,,,,,,,,,,,1,2,1,2.0,2.0
201800041704,0018-11-30 13:35:00,18,11,30,13,35,940,18,ARCADE - PONT NELSON MAN,48.81934,2.40415,Plein jour,En agglomération,Autre intersection,Normale,Deux véhicules - côté,,,,,,,,,,,1,2,9,1.0,3.0
201800041705,0018-12-07 16:20:00,18,12,7,16,20,940,69,MARECHAL LECLERC RUE DU,48.8181,2.43232,Plein jour,En agglomération,Intersection en T,Pluie légère,Deux véhicules - frontale,,,,,,,,,,,1,2,3,2.0,1.0
201800041706,0018-01-03 01:30:00,18,1,3,1,30,940,59,"32, AV CHERET",48.80586,2.5861,Nuit avec éclairage allumé,En agglomération,Hors intersection,Pluie légère,Autre collision,,,,,,,,,,,5,2,1,2.0,6.0
201800041707,0018-01-04 14:40:00,18,1,4,14,40,940,19,GARE/PONT,48.79237,2.52597,Plein jour,En agglomération,Intersection en T,Pluie légère,Deux véhicules - côté,,,,,,,,,,,1,2,3,2.0,3.0
201800041708,0018-01-10 20:00:00,18,1,10,20,0,940,79,PARIS/PLATANES,48.82892,2.55513,Nuit avec éclairage allumé,En agglomération,Intersection en T,Normale,Deux véhicules - côté,,,,,,,,,,,5,2,3,1.0,3.0
201800041709,0018-01-16 17:40:00,18,1,16,17,40,940,19,ADER/BORDES,48.79833,2.55393,Nuit avec éclairage non allumé,En agglomération,Intersection en T,Pluie forte,Autre collision,,,,,,,,,,,4,2,3,3.0,6.0
201800041710,0018-01-17 19:15:00,18,1,17,19,15,940,59,"39, AV ANDRE ROUY",48.81819,2.5593,Nuit avec éclairage allumé,En agglomération,Hors intersection,Normale,Deux véhicules - frontale,,,,,,,,,,,5,2,1,1.0,1.0
201800041711,0018-01-18 20:05:00,18,1,18,20,5,940,79,DE GAULLE/FOCH,48.82668,2.53883,Nuit avec éclairage allumé,En agglomération,Intersection en T,Pluie légère,Autre collision,,,,,,,,,,,5,2,3,2.0,6.0
201800041712,0018-01-19 08:30:00,18,1,19,8,30,940,79,ROUY/ELISABETH,48.82212,2.55407,Crépuscule ou aube,En agglomération,Intersection en T,Normale,Deux véhicules - côté,,,,,,,,,,,2,2,3,1.0,3.0
201800041713,0018-12-05 08:40:00,18,12,5,8,40,940,19,CHAMPLAIN (AV),48.79545,2.56086,Plein jour,En agglomération,Hors intersection,Normale,Deux véhicules - frontale,,,,,,,,,,,1,2,1,1.0,1.0
201800041714,0018-01-29 05:10:00,18,1,29,5,10,940,79,GALLIENI/ROY,48.82356,2.54116,Nuit avec éclairage allumé,En agglomération,Intersection en Y,Temps couvert,Autre collision,,,,,,,,,,,5,2,4,8.0,6.0
201800041715,0018-01-29 18:30:00,18,1,29,18,30,940,55,AMBOILE/AGUESSEAU,48.78923,2.53148,Nuit avec éclairage allumé,En agglomération,Intersection en T,Autre,Deux véhicules - arrière,,,,,,,,,,,5,2,3,9.0,2.0
201800041716,0018-01-30 09:00:00,18,1,30,9,0,940,79,MOUSQUETAIRES/SAULES,48.82357,2.56062,Plein jour,En agglomération,Intersection en X,Normale,Deux véhicules - côté,,,,,,,,,,,1,2,2,1.0,3.0
201800041717,0018-02-01 17:50:00,18,2,1,17,50,940,19,"9, AV MARECHAL LECLERC",48.79645,2.53188,Nuit avec éclairage allumé,En agglomération,Hors intersection,Pluie légère,Deux véhicules - frontale,,,,,,,,,,,5,2,1,2.0,1.0
201800041718,0018-02-02 18:40:00,18,2,2,18,40,940,60,COMBAULT/KASTLER,48.78729,2.58328,Nuit avec éclairage allumé,En agglomération,Intersection en Y,Normale,Autre collision,,,,,,,,,,,5,2,4,1.0,6.0
201800041719,0018-02-03 18:30:00,18,2,3,18,30,940,79,STORDFORD/FRIEDBERG,48.83291,2.54414,Nuit avec éclairage allumé,En agglomération,Intersection en X,Pluie légère,Autre collision,,,,,,,,,,,5,2,2,2.0,6.0
201800041720,0018-02-09 19:10:00,18,2,9,19,10,940,19,"3, ALL DE LA FREGATE",48.80197,2.55267,Nuit avec éclairage allumé,En agglomération,Hors intersection,Neige / grêle,Autre collision,,,,,,,,,,,5,2,1,4.0,6.0
201800041721,0018-02-12 06:30:00,18,2,12,6,30,940,60,RD4,48.79097,2.55683,Nuit sans éclairage public,En agglomération,Hors intersection,Neige / grêle,Autre collision,,,,,,,,,,,3,2,1,4.0,6.0
201800041722,0018-02-13 08:00:00,18,2,13,8,0,940,60,JAURES/RENARD,48.78089,2.57838,Plein jour,En agglomération,Intersection en T,Normale,Deux véhicules - frontale,,,,,,,,,,,1,2,3,1.0,1.0
201800041723,0018-02-13 19:40:00,18,2,13,19,40,940,60,"19, AV MARECHAL MORTIER",48.78972,2.57457,Nuit avec éclairage allumé,En agglomération,Hors intersection,Pluie forte,Autre collision,,,,,,,,,,,5,2,1,3.0,6.0
201800041724,0018-02-19 16:30:00,18,2,19,16,30,940,79,"0, RUE MAURICE BERTEAUX",48.82818,2.5397,Plein jour,En agglomération,Hors intersection,Pluie légère,Autre collision,,,,,,,,,,,1,2,1,2.0,6.0
201800041725,0018-02-20 00:01:00,18,2,20,0,1,940,19,"02, RTE DE LA LIBERATION",48.8028,2.53853,Nuit avec éclairage allumé,En agglomération,Hors intersection,Pluie légère,Deux véhicules - arrière,,,,,,,,,,,5,2,1,2.0,2.0
201800041726,0018-03-01 08:25:00,18,3,1,8,25,940,55,"39, R DANIELLE CASANOVA",48.79331,2.54976,Plein jour,En agglomération,Hors intersection,Neige / grêle,Deux véhicules - côté,,,,,,,,,,,1,2,1,4.0,3.0
201800041727,0018-03-03 01:00:00,18,3,3,1,0,940,55,"23, RTE DE PROVINS",48.79622,2.54942,Nuit avec éclairage allumé,En agglomération,Intersection en X,Normale,Deux véhicules - côté,,,,,,,,,,,5,2,2,1.0,3.0
201800041728,0018-03-06 19:34:00,18,3,6,19,34,940,79,R ANDRE ROUY,48.82242,2.55328,Nuit avec éclairage allumé,En agglomération,Hors intersection,Temps couvert,Deux véhicules - frontale,,,,,,,,,,,5,2,1,8.0,1.0
201800041729,0018-03-12 09:05:00,18,3,12,9,5,940,79,"38, R JEAN JAURES",48.82725,2.52929,Plein jour,En agglomération,Hors intersection,Normale,Deux véhicules - côté,,,,,,,,,,,1,2,1,1.0,3.0
201800041730,0018-03-12 15:00:00,18,3,12,15,0,940,60,"44, R GENERAL DE GAULLE",48.77998,2.57836,Plein jour,En agglomération,Hors intersection,Normale,Deux véhicules - arrière,,,,,,,,,,,1,2,1,1.0,2.0
201800041731,0018-03-21 17:35:00,18,3,21,17,35,940,59,"22, AV MAURICE BERTEAUX",48.812,5.6727,Plein jour,En agglomération,Hors intersection,Normale,Deux véhicules - arrière,,,,,,,,,,,1,2,1,1.0,2.0
201800041732,0018-03-23 17:14:00,18,3,23,17,14,940,55,85 RTE DE PROVINS,48.7928,2.55425,Plein jour,En agglomération,Hors intersection,Pluie légère,Autre collision,,,,,,,,,,,1,2,1,2.0,6.0
201800041733,0018-03-27 18:15:00,18,3,27,18,15,940,19,"24, R ARISTIDE BRIAND",48.80558,2.53247,Plein jour,En agglomération,Hors intersection,Pluie légère,Autre collision,,,,,,,,,,,1,2,1,2.0,6.0
201800041734,0018-04-03 07:30:00,18,4,3,7,30,940,59,BERTEAUX/L'EUROPE,48.80116,2.57518,Plein jour,En agglomération,Giratoire,Pluie légère,Deux véhicules - côté,,,,,,,,,,,1,2,6,2.0,3.0
201800041735,0018-04-04 07:45:00,18,4,4,7,45,940,19,LIBERATION/GEORGES,48.80189,2.54005,Plein jour,En agglomération,Intersection en Y,Pluie légère,Autre collision,,,,,,,,,,,1,2,4,2.0,6.0
201800041736,0018-04-06 13:20:00,18,4,6,13,20,940,60,SAINT NICOLAS/NOISEAU,48.78147,2.57016,Plein jour,En agglomération,Intersection à plus de 4 branches,Temps éblouissant,Deux véhicules - côté,,,,,,,,,,,1,2,5,7.0,3.0
201800041737,0018-04-06 16:00:00,18,4,6,16,0,940,59,GAMBETTA/LEFEVRE,48.80474,2.58506,Plein jour,En agglomération,Intersection en T,Normale,Deux véhicules - côté,,,,,,,,,,,1,2,3,1.0,3.0
201800041738,0018-04-09 18:15:00,18,4,9,18,15,940,59,DOMINO NOIR/PROPHETE,48.81917,2.56383,Plein jour,En agglomération,Intersection en X,Pluie légère,Deux véhicules - côté,,,,,,,,,,,1,2,2,2.0,3.0
201800041739,0018-04-10 19:05:00,18,4,10,19,5,940,79,PLACE GILBERT BECAUD,48.8314,2.5399,Plein jour,En agglomération,Place,Normale,Autre collision,,,,,,,,,,,1,2,7,1.0,6.0