accident_id,datetime,annee,mois,jour,heure,minute,departement,commune_insee,adresse,latitude,longitude,luminosite,agglomeration,intersection,meteo,collision,nb_vehicules,nb_usagers,nb_indemnes,nb_tues,nb_blesses_hosp,nb_blesses_legers,age_cond_1,age_cond_2,veh_type_cond_1,veh_type_cond_2,lum_code,agg_code,int_code,atm_code,col_code
201800041740,0018-04-12 12:00:00,18,4,12,12,0,940,79,RUE DU GENERAL DE GAULLE,48.82,2.54,Plein jour,En agglomération,Hors intersection,Normale,Deux véhicules - côté,,,,,,,,,,,1,2,1,1.0,3.0
201800041741,0018-04-12 18:15:00,18,4,12,18,15,940,79,MOUSQUETAIRES/SAULES,48.82356,2.56061,Plein jour,En agglomération,Intersection en X,Pluie légère,Deux véhicules - côté,,,,,,,,,,,1,2,2,2.0,3.0
201800041742,0018-04-14 17:55:00,18,4,14,17,55,940,19,CHATEAUBRIAN/CONDORCET,48.79921,2.54216,Plein jour,En agglomération,Intersection en T,Normale,Autre collision,,,,,,,,,,,1,2,3,1.0,6.0
201800041743,0018-04-18 16:30:00,18,4,18,16,30,940,79,BRIAND/DOUMER,48.82898,2.53581,Plein jour,En agglomération,Intersection en X,Normale,Deux véhicules - côté,,,,,,,,,,,1,2,2,1.0,3.0
201800041744,0018-04-20 21:41:00,18,4,20,21,41,940,19,LIBERATION/PLESSIS,48.79892,2.54517,Nuit avec éclairage allumé,En agglomération,Intersection à plus de 4 branches,Normale,Deux véhicules - arrière,,,,,,,,,,,5,2,5,1.0,2.0
201800041745,0018-04-21 09:40:00,18,4,21,9,40,940,55,D'AMBOILE/NOISEAU,48.78988,2.53169,Plein jour,En agglomération,Intersection en Y,Normale,Deux véhicules - côté,,,,,,,,,,,1,2,4,1.0,3.0
201800041746,0018-04-24 17:45:00,18,4,24,17,45,940,59,GONZALVE/CHERET,48.80523,2.58518,Plein jour,En agglomération,Giratoire,Normale,Sans collision,,,,,,,,,,,1,2,6,1.0,7.0
201800041747,0018-04-28 04:45:00,18,4,28,4,45,940,55,"128, GENERAL DE GAULLE",48.7913,2.5335,Nuit avec éclairage allumé,En agglomération,Hors intersection,Normale,Autre collision,,,,,,,,,,,5,2,1,1.0,6.0
201800041748,0018-05-04 18:44:00,18,5,4,18,44,940,79,"32, GENERAL DE GAULLE (R",48.8271,2.54093,Plein jour,En agglomération,Autre intersection,Normale,Deux véhicules - frontale,,,,,,,,,,,1,2,9,1.0,1.0
201800041749,0018-05-11 16:15:00,18,5,11,16,15,940,79,RUE COMMANDANT BOUCHER,48.831,2.534,Plein jour,En agglomération,Hors intersection,Normale,Autre collision,,,,,,,,,,,1,2,1,1.0,6.0
201800041750,0018-05-14 07:35:00,18,5,14,7,35,940,19,RUE DE SUCY,48.789,2.5217,Plein jour,En agglomération,Hors intersection,Pluie légère,Deux véhicules - côté,,,,,,,,,,,1,2,1,2.0,3.0
201800041751,0018-05-15 20:05:00,18,5,15,20,5,940,60,ROUTE DE COMBAULT,48.7897,2.58592,Crépuscule ou aube,En agglomération,Hors intersection,Normale,Deux véhicules - arrière,,,,,,,,,,,2,2,1,1.0,2.0
201800041752,0018-05-17 15:25:00,18,5,17,15,25,940,79,AVENUE ANDRE  ROUY,48.82065,2.5563,Plein jour,En agglomération,Intersection en X,Normale,Autre collision,,,,,,,,,,,1,2,2,1.0,6.0
201800041753,0018-05-24 17:30:00,18,5,24,17,30,940,55,ROUTE DE PROVINS,48.79452,2.55177,Plein jour,En agglomération,Hors intersection,Normale,Deux véhicules - arrière,,,,,,,,,,,1,2,1,1.0,2.0
201800041754,0018-05-24 19:09:00,18,5,24,19,9,940,19,"0, RABELAIS (R)",48.802,2.55,Plein jour,En agglomération,Intersection en T,Normale,Deux véhicules - frontale,,,,,,,,,,,1,2,3,1.0,1.0
201800041755,0018-05-25 12:30:00,18,5,25,12,30,940,19,13 RUE GAY LUSSAC,48.7967,2.5403,Plein jour,Hors agglomération,Hors intersection,Normale,Deux véhicules - côté,,,,,,,,,,,1,1,1,1.0,3.0
201800041756,0018-05-26 14:35:00,18,5,26,14,35,940,19,"3, PONT (R DU)",48.8,2.52,Plein jour,En agglomération,Hors intersection,Normale,Deux véhicules - arrière,,,,,,,,,,,1,2,1,1.0,2.0
201800041757,0018-05-31 16:45:00,18,5,31,16,45,940,19,"07, MARECHAL LECLERC (AV",48.7963,2.5313,Plein jour,En agglomération,Place,Temps couvert,Sans collision,,,,,,,,,,,1,2,7,8.0,7.0
201800041758,0018-06-06 17:00:00,18,6,6,17,0,940,59,"0, ARDOUIN (AV)",48.80607,2.57734,Plein jour,En agglomération,Giratoire,Temps couvert,Deux véhicules - côté,,,,,,,,,,,1,2,6,8.0,3.0
201800041759,0018-05-20 05:20:00,18,5,20,5,20,940,60,RUE GUSTAVE EIFFEL,48.78018,2.57214,Crépuscule ou aube,En agglomération,Hors intersection,Normale,Autre collision,,,,,,,,,,,2,2,1,1.0,6.0
201800041760,0018-06-07 18:25:00,18,6,7,18,25,940,19,"30, FUSILLES DE CHATEAUB",48.79961,2.53923,Plein jour,En agglomération,Hors intersection,Normale,Deux véhicules - côté,,,,,,,,,,,1,2,1,1.0,3.0
201800041761,0018-06-07 18:50:00,18,6,7,18,50,940,79,"0, LUATS (AV DES)",48.82067,2.53065,Plein jour,En agglomération,Intersection en X,Normale,Deux véhicules - côté,,,,,,,,,,,1,2,2,1.0,3.0
201800041762,0018-06-08 11:45:00,18,6,8,11,45,940,59,"36, ARDOUIN (AV)",48.8093,2.57344,Plein jour,En agglomération,Hors intersection,Normale,Autre collision,,,,,,,,,,,1,2,1,1.0,6.0
201800041763,0018-06-12 08:00:00,18,6,12,8,0,940,59,"31, ARDOUIN (AV)",48.807,2.57643,Plein jour,En agglomération,Hors intersection,Pluie légère,Autre collision,,,,,,,,,,,1,2,1,2.0,6.0
201800041764,0018-06-13 10:55:00,18,6,13,10,55,940,55,OLIVIER D ORMESSON (AV),48.7839,2.53604,Plein jour,En agglomération,Hors intersection,Normale,Trois véhicules et plus - en chaîne,,,,,,,,,,,1,2,1,1.0,4.0
201800041765,0018-06-13 16:50:00,18,6,13,16,50,940,19,"14, SUCY (R DE)",48.78,2.52,Plein jour,En agglomération,Hors intersection,Normale,Deux véhicules - côté,,,,,,,,,,,1,2,1,1.0,3.0
201800041766,0018-06-16 00:40:00,18,6,16,0,40,940,79,JEAN MONNET (BD),48.835,2.5396,Nuit sans éclairage public,En agglomération,Hors intersection,Normale,Deux véhicules - côté,,,,,,,,,,,3,2,1,1.0,3.0
201800041767,0018-06-21 20:00:00,18,6,21,20,0,940,19,"21, ARISTIDE BRIAND (R)",48.7937,2.53312,Plein jour,En agglomération,Hors intersection,Normale,Deux véhicules - côté,,,,,,,,,,,1,2,1,1.0,3.0
201800041768,0018-06-22 17:00:00,18,6,22,17,0,940,55,"64, OLIVIER D ORMESSON",48.7808,2.52164,Plein jour,En agglomération,Hors intersection,Normale,Deux véhicules - côté,,,,,,,,,,,1,2,1,1.0,3.0
201800041769,0018-06-26 16:00:00,18,6,26,16,0,940,55,"0, PROVINS (RTE DE)",48.79259,2.55395,Plein jour,En agglomération,Hors intersection,Normale,Trois véhicules et plus - en chaîne,,,,,,,,,,,1,2,1,1.0,4.0
201800041770,0018-06-27 12:00:00,18,6,27,12,0,940,79,"42, CHATAIGNIERS (AV DES",48.8265,2.56141,Plein jour,En agglomération,Hors intersection,Normale,Deux véhicules - côté,,,,,,,,,,,1,2,1,1.0,3.0
201800041771,0018-06-28 01:08:00,18,6,28,1,8,940,53,"0, QUEUE-EN-BRIE (RTE DE",48.7809,2.5619,Nuit avec éclairage non allumé,Hors agglomération,Hors intersection,Normale,Sans collision,,,,,,,,,,,4,1,1,1.0,7.0
201800041772,0018-06-29 12:15:00,18,6,29,12,15,940,55,"85, PROVINS (RTE DE)",48.7928,2.55432,Plein jour,En agglomération,Hors intersection,Normale,Autre collision,,,,,,,,,,,1,2,1,1.0,6.0
201800041773,0018-06-29 19:10:00,18,6,29,19,10,940,59,"0, DAME BLANCHE (AV DE L",48.8199,2.56038,Plein jour,En agglomération,Intersection en X,Normale,Deux véhicules - côté,,,,,,,,,,,1,2,2,1.0,3.0
201800041774,0018-07-03 08:30:00,18,7,3,8,30,940,55,"156, OLIVIER D ORMESSON",48.78438,2.53563,Plein jour,En agglomération,Hors intersection,Normale,Deux véhicules - arrière,,,,,,,,,,,1,2,1,1.0,2.0
201800041775,0018-07-03 10:00:00,18,7,3,10,0,940,19,SUCY (R DE),48.78758,2.52068,Plein jour,En agglomération,Intersection en T,Normale,Deux véhicules - côté,,,,,,,,,,,1,2,3,1.0,3.0
201800041776,0018-07-09 09:45:00,18,7,9,9,45,940,53,3 RUE MENDES FRANCE,48.7756,2.5486,Plein jour,En agglomération,Hors intersection,Normale,Deux véhicules - arrière,,,,,,,,,,,1,2,1,1.0,2.0
201800041777,0018-07-16 18:00:00,18,7,16,18,0,940,53,GENERAL DE GAULLE (R),48.77673,2.5345,Plein jour,En agglomération,Intersection en T,Normale,Deux véhicules - côté,,,,,,,,,,,1,2,3,1.0,3.0
201800041778,0018-07-23 21:40:00,18,7,23,21,40,940,60,NOISEAU (RTE DE),48.78194,2.56989,Crépuscule ou aube,En agglomération,Intersection en X,Normale,Deux véhicules - côté,,,,,,,,,,,2,2,2,1.0,3.0
201800041779,0018-07-24 15:30:00,18,7,24,15,30,940,55,RUE JEAN JAURES,48.7895,2.53644,Plein jour,En agglomération,Intersection en X,Normale,Autre collision,,,,,,,,,,,1,2,2,1.0,6.0
201800041780,0018-07-28 19:35:00,18,7,28,19,35,940,59,SAINT PIERRE (AV),48.8082,2.57731,Plein jour,En agglomération,Intersection en X,Normale,Deux véhicules - côté,,,,,,,,,,,1,2,2,1.0,3.0
201800041781,0018-07-31 18:35:00,18,7,31,18,35,940,79,MONTRICHARD (AV),48.83016,2.55024,Plein jour,En agglomération,Intersection en T,Normale,Deux véhicules - côté,,,,,,,,,,,1,2,3,1.0,3.0
201800041782,0018-08-03 08:40:00,18,8,3,8,40,940,19,8 MAI 1945 (RD POINT),48.792,2.5326,Plein jour,En agglomération,Giratoire,Normale,Deux véhicules - côté,,,,,,,,,,,1,2,6,1.0,3.0
201800041783,0018-08-09 12:30:00,18,8,9,12,30,940,55,PROVINS (RTE DE),48.7941,2.55682,Plein jour,En agglomération,Hors intersection,Normale,Autre collision,,,,,,,,,,,1,2,1,1.0,6.0
201800041784,0018-08-12 16:45:00,18,8,12,16,45,940,55,GENERAL DE GAULLE (AV DU,48.78546,2.53908,Plein jour,En agglomération,Intersection en T,Normale,Deux véhicules - côté,,,,,,,,,,,1,2,3,1.0,3.0
201800041785,0018-08-20 21:30:00,18,8,20,21,30,940,55,PROVINS (RTE DE),48.7954,2.5502,Nuit avec éclairage allumé,En agglomération,Intersection en T,Normale,Deux véhicules - côté,,,,,,,,,,,5,2,3,1.0,3.0
201800041786,0018-08-24 09:20:00,18,8,24,9,20,940,79,ANDRE ROUY (R),48.82123,2.55565,Plein jour,En agglomération,Intersection en T,Normale,Deux véhicules - côté,,,,,,,,,,,1,2,3,1.0,3.0
201800041787,0018-08-26 12:00:00,18,8,26,12,0,940,19,LIBERATION (RTE DE LA),48.80276,2.53865,Plein jour,En agglomération,Hors intersection,Normale,Deux véhicules - côté,,,,,,,,,,,1,2,1,1.0,3.0
201800041788,0018-08-31 08:40:00,18,8,31,8,40,940,59,Andre Rouy (AV),48.81755,2.56001,Plein jour,En agglomération,Intersection en T,Normale,Deux véhicules - côté,,,,,,,,,,,1,2,3,1.0,3.0
201800041789,0018-09-04 15:30:00,18,9,4,15,30,940,19,MARECHAL LECLERC (AV DU),48.79656,2.5305,Plein jour,En agglomération,Hors intersection,Normale,Autre collision,,,,,,,,,,,1,2,1,1.0,6.0
201800041790,0018-09-07 11:15:00,18,9,7,11,15,940,19,MARECHAL LECLERC (AV DU),48.7964,2.53121,Plein jour,En agglomération,Hors intersection,Pluie légère,Autre collision,,,,,,,,,,,1,2,1,2.0,6.0
201800041791,0018-09-11 13:40:00,18,9,11,13,40,940,19,CONDORCET (R),48.79751,2.54278,Plein jour,En agglomération,Hors intersection,Normale,Autre collision,,,,,,,,,,,1,2,1,1.0,6.0
201800041792,0018-09-12 17:00:00,18,9,12,17,0,940,19,L'ALMA (SEN DE),48.7861,2.51955,Plein jour,En agglomération,Hors intersection,Normale,Sans collision,,,,,,,,,,,1,2,1,1.0,7.0
201800041793,0018-09-14 07:55:00,18,9,14,7,55,940,19,CHAMPLAIN (AV),48.79588,2.56049,Plein jour,En agglomération,Hors intersection,Normale,Deux véhicules - arrière,,,,,,,,,,,1,2,1,1.0,2.0
201800041794,0018-09-18 08:25:00,18,9,18,8,25,940,19,BORDES (ALL DES),48.8,2.54,Plein jour,En agglomération,Hors intersection,Normale,Deux véhicules - frontale,,,,,,,,,,,1,2,1,1.0,1.0
201800041795,0018-09-19 19:45:00,18,9,19,19,45,940,60,Hippodrome (AV),48.79588,2.56398,Crépuscule ou aube,Hors agglomération,Hors intersection,Normale,Trois véhicules et plus - collisions multiples,,,,,,,,,,,2,1,1,1.0,5.0
201800041796,0018-09-20 18:45:00,18,9,20,18,45,940,19,ARISTIDE BRIAND (R),48.80188,2.53353,Plein jour,En agglomération,Hors intersection,Normale,Autre collision,,,,,,,,,,,1,2,1,1.0,6.0
201800041797,0018-09-21 16:10:00,18,9,21,16,10,940,60,COMBAULT (RTE DE),48.78894,2.58471,Plein jour,En agglomération,Intersection en T,Normale,Deux véhicules - côté,,,,,,,,,,,1,2,3,1.0,3.0
201800041798,0018-09-25 19:20:00,18,9,25,19,20,940,53,RTE DE LA QUEUE-EN-BRIE,48.7792,2.5574,Crépuscule ou aube,Hors agglomération,Autre intersection,Normale,Trois véhicules et plus - en chaîne,,,,,,,,,,,2,1,9,1.0,4.0
201800041799,0018-09-29 17:25:00,18,9,29,17,25,940,59,Andre Rouy (AV),48.81941,2.55792,Plein jour,En agglomération,Intersection en T,Normale,Deux véhicules - côté,,,,,,,,,,,1,2,3,1.0,3.0
201800041800,0018-10-06 15:38:00,18,10,6,15,38,940,55,ROUTE DE PROVINS,48.79688,2.54849,Plein jour,En agglomération,Intersection en X,Normale,Deux véhicules - côté,,,,,,,,,,,1,2,2,1.0,3.0
201800041801,0018-10-08 21:40:00,18,10,8,21,40,940,59,DAME BLANCHE (AV DE LA),48.82115,2.56287,Nuit avec éclairage allumé,En agglomération,Intersection en X,Normale,Deux véhicules - côté,,,,,,,,,,,5,2,2,1.0,3.0
201800041802,0018-10-17 13:10:00,18,10,17,13,10,940,55,OLIVIER D ORMESSON (AV),48.78926,2.54865,Plein jour,En agglomération,Hors intersection,Normale,Trois véhicules et plus - en chaîne,,,,,,,,,,,1,2,1,1.0,4.0
201800041803,0018-10-19 09:50:00,18,10,19,9,50,940,59,GENERAL DE GAULLE (AV DU,48.80945,2.57487,Plein jour,En agglomération,Intersection en X,Normale,Autre collision,,,,,,,,,,,1,2,2,1.0,6.0
201800041804,0018-10-27 20:04:00,18,10,27,20,4,940,60,VILLIERS (RTE DE),48.79362,2.57947,Nuit avec éclairage allumé,En agglomération,Hors intersection,Temps couvert,Sans collision,,,,,,,,,,,5,2,1,8.0,7.0
201800041805,0018-10-29 17:47:00,18,10,29,17,47,940,79,ANDRE ROUY (R),48.82103,2.55624,Nuit avec éclairage allumé,En agglomération,Intersection en T,Pluie légère,Autre collision,,,,,,,,,,,5,2,3,2.0,6.0
201800041806,0018-10-30 19:50:00,18,10,30,19,50,940,53,QUEUE-EN-BRIE (RTE DE LA,48.77758,2.55281,Nuit sans éclairage public,En agglomération,Hors intersection,Normale,Trois véhicules et plus - en chaîne,,,,,,,,,,,3,2,1,1.0,4.0
201800041807,0018-11-02 16:00:00,18,11,2,16,0,940,55,GENERAL DE GAULLE (AV DU,48.7905,2.5344,Plein jour,En agglomération,Hors intersection,Normale,Autre collision,,,,,,,,,,,1,2,1,1.0,6.0
201800041808,0018-11-09 23:20:00,18,11,9,23,20,940,60,JEAN JAURES (R),48.78304,2.5783,Nuit avec éclairage allumé,En agglomération,Intersection en T,Normale,Deux véhicules - frontale,,,,,,,,,,,5,2,3,1.0,1.0
201800041809,0018-11-12 10:10:00,18,11,12,10,10,940,55,PROVINS (RTE DE),48.79,2.55,Plein jour,En agglomération,Hors intersection,Pluie légère,Deux véhicules - arrière,,,,,,,,,,,1,2,1,2.0,2.0
201800041810,0018-11-14 09:10:00,18,11,14,9,10,940,59,SAINT PIERRE (AV),48.8,2.57,Plein jour,En agglomération,Giratoire,Normale,Autre collision,,,,,,,,,,,1,2,6,1.0,6.0
201800041811,0018-11-14 17:40:00,18,11,14,17,40,940,55,CUVETTE DE CHAMPLAIN,48.78787,2.56186,Nuit sans éclairage public,Hors agglomération,Hors intersection,Normale,Deux véhicules - côté,,,,,,,,,,,3,1,1,1.0,3.0
201800041812,0018-11-15 10:06:00,18,11,15,10,6,940,55,OLIVIER D ORMESSON (AV),48.7832,2.53427,Plein jour,En agglomération,Hors intersection,Temps couvert,Deux véhicules - côté,,,,,,,,,,,1,2,1,8.0,3.0
201800041813,0018-11-16 10:40:00,18,11,16,10,40,940,79,JEAN MONNET (BD),48.83191,2.53356,Plein jour,En agglomération,Place,Temps couvert,Sans collision,,,,,,,,,,,1,2,7,8.0,7.0
201800041814,0018-11-18 11:40:00,18,11,18,11,40,940,53,GRANDE RUE PIERRE MENDES,48.7763,2.5499,Plein jour,En agglomération,Intersection en X,Normale,Deux véhicules - frontale,,,,,,,,,,,1,2,2,1.0,1.0
201800041815,0018-11-25 03:20:00,18,11,25,3,20,940,59,ANDRE ROUY (AV),48.82008,2.55719,Nuit avec éclairage allumé,En agglomération,Hors intersection,Normale,Deux véhicules - frontale,,,,,,,,,,,5,2,1,1.0,1.0
201800041816,0018-11-26 17:00:00,18,11,26,17,0,940,60,VILLIERS (RTE DE),48.79221,2.57845,Nuit sans éclairage public,En agglomération,Hors intersection,Pluie légère,Autre collision,,,,,,,,,,,3,2,1,2.0,6.0
201800041817,0018-11-30 22:10:00,18,11,30,22,10,940,79,JEAN MONNET (BD),48.83,2.54,Nuit avec éclairage allumé,En agglomération,Hors intersection,Normale,Sans collision,,,,,,,,,,,5,2,1,1.0,7.0
201800041818,0018-12-05 12:35:00,18,12,5,12,35,940,59,JEAN KIFFER (AV),48.80631,2.58162,Plein jour,En agglomération,Hors intersection,Normale,Autre collision,,,,,,,,,,,1,2,1,1.0,6.0
201800041819,0018-12-05 23:00:00,18,12,5,23,0,940,79,FRIEDBERG (BD DE),48.8351,2.5474,Nuit avec éclairage allumé,En agglomération,Hors intersection,Pluie légère,Autre collision,,,,,,,,,,,5,2,1,2.0,6.0
201800041820,0018-12-08 15:35:00,18,12,8,15,35,940,19,COEUILLY (AV DE),48.80238,2.53807,Plein jour,En agglomération,Hors intersection,Pluie légère,Autre collision,,,,,,,,,,,1,2,1,2.0,6.0
201800041821,0018-12-13 07:10:00,18,12,13,7,10,940,59,MARBEAU (AV),48.80776,2.56506,Nuit avec éclairage allumé,En agglomération,Intersection en X,Normale,Sans collision,,,,,,,,,,,5,2,2,1.0,7.0
201800041822,0018-12-14 18:20:00,18,12,14,18,20,940,19,GENERAL DE GAULLE (R DU),48.79918,2.53329,Nuit avec éclairage allumé,En agglomération,Hors intersection,Normale,Deux véhicules - arrière,,,,,,,,,,,5,2,1,1.0,2.0
201800041823,0018-12-19 18:15:00,18,12,19,18,15,940,79,ANDRE ROUY (R),48.82296,2.54948,Nuit avec éclairage allumé,En agglomération,Giratoire,Pluie légère,Deux véhicules - arrière,,,,,,,,,,,5,2,6,2.0,2.0
201800041824,0018-12-21 13:15:00,18,12,21,13,15,940,59,MARECHALE (AV DE LA),48.81214,2.57499,Plein jour,En agglomération,Hors intersection,Temps couvert,Autre collision,,,,,,,,,,,1,2,1,8.0,6.0
201800041825,0018-12-21 15:15:00,18,12,21,15,15,940,19,LIBERATION (RTE DE LA),48.8056,2.5337,Plein jour,En agglomération,Hors intersection,Pluie légère,Deux véhicules - arrière,,,,,,,,,,,1,2,1,2.0,2.0
201800041826,0018-12-21 21:37:00,18,12,21,21,37,940,19,CLEMENT ADER (R),48.8013,2.5528,Nuit sans éclairage public,Hors agglomération,Hors intersection,Pluie forte,Autre collision,,,,,,,,,,,3,1,1,3.0,6.0
201800041827,0018-12-24 17:00:00,18,12,24,17,0,940,19,MONTCHANIN (R),48.8012,2.53767,Plein jour,En agglomération,Hors intersection,Normale,Autre collision,,,,,,,,,,,1,2,1,1.0,6.0
201800041828,0018-12-25 21:00:00,18,12,25,21,0,940,19,ARISTIDE BRIAND (R),48.79629,2.53362,Nuit avec éclairage allumé,En agglomération,Intersection en T,Normale,Deux véhicules - frontale,,,,,,,,,,,5,2,3,1.0,1.0
201800041829,0018-12-30 05:50:00,18,12,30,5,50,940,55,PINCE VENT - CAR DE PINC,48.7917,2.5552,Nuit avec éclairage allumé,En agglomération,Hors intersection,Temps couvert,Autre collision,,,,,,,,,,,5,2,1,8.0,6.0
201800041830,0018-12-31 19:10:00,18,12,31,19,10,940,59,MARECHALE (AV DE LA),48.80997,2.58002,Nuit avec éclairage allumé,En agglomération,Intersection en T,Neige / grêle,Deux véhicules - côté,,,,,,,,,,,5,2,3,4.0,3.0
201800041831,0018-01-05 20:05:00,18,1,5,20,5,940,22,R JAURES (PT DE CHOISY),48.76611,2.41121,Nuit avec éclairage allumé,En agglomération,Hors intersection,Pluie légère,Autre collision,,,,,,,,,,,5,2,1,2.0,6.0
201800041832,0018-01-14 21:00:00,18,1,14,21,0,940,73,ROOSEVELT/AUBEPINES,48.76598,2.3987,Nuit avec éclairage allumé,En agglomération,Intersection en T,Normale,Autre collision,,,,,,,,,,,5,2,3,1.0,6.0
201800041833,0018-01-16 07:40:00,18,1,16,7,40,940,22,"3, AV HENRI CORVOL",48.76151,2.42113,Nuit avec éclairage allumé,En agglomération,Hors intersection,Pluie légère,Autre collision,,,,,,,,,,,5,2,1,2.0,6.0
201800041834,0018-01-17 15:37:00,18,1,17,15,37,940,54,TILLON/VICTOIRE,48.74478,2.38632,Plein jour,Hors agglomération,Intersection en T,Temps couvert,Deux véhicules - côté,,,,,,,,,,,1,1,3,8.0,3.0
201800041835,0018-01-18 08:30:00,18,1,18,8,30,940,54,VICTOIRE/TILLON,48.74512,2.38601,Plein jour,En agglomération,Intersection en T,Normale,Deux véhicules - côté,,,,,,,,,,,1,2,3,1.0,3.0
201800041836,0018-01-24 12:45:00,18,1,24,12,45,940,54,CACHIN/GUERIN,48.74862,2.4121,Plein jour,En agglomération,Intersection en X,Normale,Autre collision,,,,,,,,,,,1,2,2,1.0,6.0
201800041837,0018-01-25 07:13:00,18,1,25,7,13,940,54,RUE DU BAS MARIN,48.75063,2.38872,Nuit avec éclairage allumé,En agglomération,Hors intersection,Pluie légère,Autre collision,,,,,,,,,,,5,2,1,2.0,6.0
201800041838,0018-01-25 19:07:00,18,1,25,19,7,940,22,STALINGRAD/STALINGRAD,48.77282,2.39997,Plein jour,En agglomération,Intersection en X,Normale,Deux véhicules - côté,,,,,,,,,,,1,2,2,1.0,3.0
201800041839,0018-01-29 14:00:00,18,1,29,14,0,940,54,"2, ANTOINE DE SAINT EXUP",48.74733,2.41433,Plein jour,En agglomération,Hors intersection,Normale,Deux véhicules - côté,,,,,,,,,,,1,2,1,1.0,3.0
201800041840,0018-01-30 07:05:00,18,1,30,7,5,940,22,FRANCE/MARINIERS,48.76244,2.41093,Crépuscule ou aube,En agglomération,Intersection en X,Autre,Deux véhicules - côté,,,,,,,,,,,2,2,2,9.0,3.0
201800041841,0018-01-31 17:10:00,18,1,31,17,10,940,22,AVENUE LOUIS LUC,48.76516,2.4119,Plein jour,En agglomération,Hors intersection,Pluie légère,Deux véhicules - frontale,,,,,,,,,,,1,2,1,2.0,1.0
201800041842,0018-01-11 06:55:00,18,1,11,6,55,940,54,RTE CHARLES TILLON,48.7372,2.39706,Nuit sans éclairage public,En agglomération,Hors intersection,Pluie légère,Deux véhicules - frontale,,,,,,,,,,,3,2,1,2.0,1.0
201800041843,0018-01-29 00:50:00,18,1,29,0,50,940,54,CACHIN/GUERIN,48.74864,2.41206,Nuit avec éclairage allumé,En agglomération,Intersection en T,Normale,Deux véhicules - côté,,,,,,,,,,,5,2,3,1.0,3.0
201800041844,0018-02-06 09:35:00,18,2,6,9,35,940,22,FRANCE/PARMENTIER,48.75927,2.41242,Plein jour,En agglomération,Intersection en T,Neige / grêle,Deux véhicules - côté,,,,,,,,,,,1,2,3,4.0,3.0
201800041845,0018-02-27 11:05:00,18,2,27,11,5,940,22,REPUBLIQUE/ROUSSEAU,48.76163,2.40738,Plein jour,En agglomération,Intersection en T,Temps couvert,Deux véhicules - arrière,,,,,,,,,,,1,2,3,8.0,2.0
201800041846,0018-03-17 14:30:00,18,3,17,14,30,940,22,STALINGRAD / ROUX,48.77073,2.40138,Plein jour,En agglomération,Intersection en X,Pluie légère,Deux véhicules - côté,,,,,,,,,,,1,2,2,2.0,3.0
201800041847,0018-03-26 08:40:00,18,3,26,8,40,940,22,GENERAL LECLERC / 1944,48.76142,2.4032,Plein jour,En agglomération,Intersection en X,Normale,Trois véhicules et plus - collisions multiples,,,,,,,,,,,1,2,2,1.0,5.0
201800041848,0018-03-26 23:10:00,18,3,26,23,10,940,54,"9, R PARMENTIER",48.74482,2.38736,Nuit avec éclairage allumé,En agglomération,Hors intersection,Normale,Autre collision,,,,,,,,,,,5,2,1,1.0,6.0
201800041849,0018-03-27 07:50:00,18,3,27,7,50,940,22,AVENUE LOUIS LUC,48.76108,2.41421,Plein jour,En agglomération,Hors intersection,Pluie légère,Autre collision,,,,,,,,,,,1,2,1,2.0,6.0
201800041850,0018-03-27 18:18:00,18,3,27,18,18,940,22,"66, AV DE LA FOLIE",48.77199,2.42258,Plein jour,En agglomération,Hors intersection,Normale,Autre collision,,,,,,,,,,,1,2,1,1.0,6.0
201800041851,0018-03-30 00:10:00,18,3,30,0,10,940,54,RTE CHARLES TILLON,48.74536,2.38474,Nuit avec éclairage non allumé,En agglomération,Hors intersection,Pluie légère,Deux véhicules - arrière,,,,,,,,,,,4,2,1,2.0,2.0
201800041852,0018-04-06 20:00:00,18,4,6,20,0,940,54,MOLIERE/RACINE,48.74834,2.40511,Plein jour,En agglomération,Intersection en T,Normale,Autre collision,,,,,,,,,,,1,2,3,1.0,6.0
201800041853,0018-04-07 19:30:00,18,4,7,19,30,940,54,RACINE/PROUVE,48.74756,2.40581,Plein jour,En agglomération,Intersection en X,Normale,Autre collision,,,,,,,,,,,1,2,2,1.0,6.0
201800041854,0018-04-10 21:15:00,18,4,10,21,15,940,22,"98, AV ANATOLE FRANCE",48.75736,2.41356,Nuit avec éclairage allumé,En agglomération,Hors intersection,Pluie légère,Deux véhicules - côté,,,,,,,,,,,5,2,1,2.0,3.0
201800041855,0018-04-13 23:15:00,18,4,13,23,15,940,22,RUE DEMANIEUX,48.7721,2.4026,Nuit sans éclairage public,En agglomération,Hors intersection,Normale,Deux véhicules - arrière,,,,,,,,,,,3,2,1,1.0,2.0
201800041856,0018-04-19 16:30:00,18,4,19,16,30,940,22,"112, AV VICTOR HUGO",48.77038,2.42635,Plein jour,En agglomération,Hors intersection,Normale,Autre collision,,,,,,,,,,,1,2,1,1.0,6.0
201800041857,0018-04-24 21:50:00,18,4,24,21,50,940,22,"20, RUE MIRABEAU",48.76712,2.41928,Nuit avec éclairage allumé,En agglomération,Hors intersection,Normale,Autre collision,,,,,,,,,,,5,2,1,1.0,6.0
201800041858,0018-05-01 23:00:00,18,5,1,23,0,940,22,"114, ANATOLE FRANCE (AV)",48.75658,2.41409,Nuit sans éclairage public,En agglomération,Hors intersection,Normale,Sans collision,,,,,,,,,,,3,2,1,1.0,7.0
201800041859,0018-05-03 11:30:00,18,5,3,11,30,940,22,YVONNE MARCAILLOUX (AV),48.72848,2.46553,Plein jour,En agglomération,Hors intersection,Normale,Deux véhicules - côté,,,,,,,,,,,1,2,1,1.0,3.0