accident_id,datetime,annee,mois,jour,heure,minute,departement,commune_insee,adresse,latitude,longitude,luminosite,agglomeration,intersection,meteo,collision,nb_vehicules,nb_usagers,nb_indemnes,nb_tues,nb_blesses_hosp,nb_blesses_legers,age_cond_1,age_cond_2,veh_type_cond_1,veh_type_cond_2,lum_code,agg_code,int_code,atm_code,col_code
201800041860,0018-05-05 15:00:00,18,5,5,15,0,940,54,"106, VICTOIRE (AV DE LA)",48.74539,2.38433,Plein jour,En agglomération,Hors intersection,Normale,Deux véhicules - frontale,,,,,,,,,,,1,2,1,1.0,1.0
201800041861,0018-04-13 17:35:00,18,4,13,17,35,940,22,"13, AV ANATOLE FRANCE",48.76411,2.41021,Plein jour,En agglomération,Hors intersection,Normale,Trois véhicules et plus - en chaîne,,,,,,,,,,,1,2,1,1.0,4.0
201800041862,0018-05-11 16:03:00,18,5,11,16,3,940,22,"176, VILLENEUVE ST GEORG",48.7591,2.4231,Plein jour,En agglomération,Intersection en T,Normale,Autre collision,,,,,,,,,,,1,2,3,1.0,6.0
201800041863,0018-05-13 15:16:00,18,5,13,15,16,940,22,RUE JEAN JAURES,48.76558,2.41001,Plein jour,En agglomération,Hors intersection,Normale,Autre collision,,,,,,,,,,,1,2,1,1.0,6.0
201800041864,0018-05-11 11:15:00,18,5,11,11,15,940,22,"38, VICTOR HUGO (AV)",48.76803,2.4185,Plein jour,En agglomération,Hors intersection,Normale,Autre collision,,,,,,,,,,,1,2,1,1.0,6.0
201800041865,0018-05-18 20:00:00,18,5,18,20,0,940,54,91 AV DE LA VICTOIRE,48.7447,2.39465,Plein jour,En agglomération,Intersection en T,Normale,Deux véhicules - côté,,,,,,,,,,,1,2,3,1.0,3.0
201800041866,0018-05-25 15:15:00,18,5,25,15,15,940,22,"27, ALLIES (BD DES)",48.76638,2.40397,Plein jour,En agglomération,Intersection en T,Normale,Deux véhicules - côté,,,,,,,,,,,1,2,3,1.0,3.0
201800041867,0018-05-26 07:30:00,18,5,26,7,30,940,54,CHRISTOPHE COLOMB (R),48.75481,2.41508,Plein jour,En agglomération,Intersection en X,Normale,Deux véhicules - côté,,,,,,,,,,,1,2,2,1.0,3.0
201800041868,0018-05-26 23:55:00,18,5,26,23,55,940,22,STALINGRAD (BD DE),48.77318,2.40187,Nuit avec éclairage non allumé,Hors agglomération,Hors intersection,Normale,Deux véhicules - arrière,,,,,,,,,,,4,1,1,1.0,2.0
201800041869,0018-06-02 21:00:00,18,6,2,21,0,940,22,83 AVENUE VICTOR HUGO,48.76929,2.42229,Crépuscule ou aube,En agglomération,Intersection en T,Normale,Deux véhicules - côté,,,,,,,,,,,2,2,3,1.0,3.0
201800041870,0018-06-05 23:35:00,18,6,5,23,35,940,54,BAS MARIN (R DU),48.7464,2.3836,Nuit avec éclairage allumé,En agglomération,Autre intersection,Pluie légère,Sans collision,,,,,,,,,,,5,2,9,2.0,7.0
201800041871,0018-06-15 15:30:00,18,6,15,15,30,940,54,BAS MARIN (R DU),48.74758,2.3893,Plein jour,En agglomération,Intersection en T,Normale,Deux véhicules - côté,,,,,,,,,,,1,2,3,1.0,3.0
201800041872,0018-06-19 22:40:00,18,6,19,22,40,940,22,APPEL DU DIX HUIT JUIN,48.76579,2.41047,Nuit avec éclairage allumé,En agglomération,Hors intersection,Normale,Deux véhicules - côté,,,,,,,,,,,5,2,1,1.0,3.0
201800041873,0018-06-23 23:20:00,18,6,23,23,20,910,479,RD167A,48.73665,2.36476,Nuit avec éclairage allumé,Hors agglomération,Hors intersection,Normale,Trois véhicules et plus - en chaîne,,,,,,,,,,,5,1,1,1.0,4.0
201800041874,0018-06-24 10:45:00,18,6,24,10,45,940,22,ANATOLE FRANCE (AV),48.75854,2.41291,Plein jour,En agglomération,Intersection en X,Normale,Autre collision,,,,,,,,,,,1,2,2,1.0,6.0
201800041875,0018-06-21 11:20:00,18,6,21,11,20,940,22,"26, VICTOR HUGO (AV)",48.76753,2.41708,Plein jour,En agglomération,Hors intersection,Normale,Autre collision,,,,,,,,,,,1,2,1,1.0,6.0
201800041876,0018-06-25 16:50:00,18,6,25,16,50,940,22,"4, JEAN JAURES (AV)",48.76547,2.40836,Plein jour,En agglomération,Hors intersection,Normale,Autre collision,,,,,,,,,,,1,2,1,1.0,6.0
201800041877,0018-07-06 07:20:00,18,7,6,7,20,940,22,"58, ALFORTVILLE (AV D)",48.7714,2.41388,Plein jour,En agglomération,Autre intersection,Normale,Deux véhicules - côté,,,,,,,,,,,1,2,9,1.0,3.0
201800041878,0018-07-25 16:40:00,18,7,25,16,40,940,22,NEWBURN (AV DE),48.75758,2.41007,Plein jour,En agglomération,Intersection en T,Normale,Deux véhicules - côté,,,,,,,,,,,1,2,3,1.0,3.0
201800041879,0018-08-06 19:54:00,18,8,6,19,54,940,22,ROLLIN REGNIER (R),48.7686,2.40751,Plein jour,En agglomération,Hors intersection,Normale,Autre collision,,,,,,,,,,,1,2,1,1.0,6.0
201800041880,0018-08-06 19:30:00,18,8,6,19,30,940,22,EDOUARD BRANLY (R),48.75512,2.4197,Plein jour,En agglomération,Intersection en T,Normale,Deux véhicules - côté,,,,,,,,,,,1,2,3,1.0,3.0
201800041881,0018-07-16 22:18:00,18,7,16,22,18,940,22,"39, REPUBLIQUE AVE DE LA",48.75873,2.40934,Nuit sans éclairage public,En agglomération,Intersection en T,Normale,Deux véhicules - côté,,,,,,,,,,,3,2,3,1.0,3.0
201800041882,0018-07-21 05:50:00,18,7,21,5,50,910,479,12 av aeroport -ORLYTEC,48.73778,2.36431,Nuit sans éclairage public,En agglomération,Hors intersection,Normale,Autre collision,,,,,,,,,,,3,2,1,1.0,6.0
201800041883,0018-08-12 16:50:00,18,8,12,16,50,940,22,VICTOR HUGO (AV),48.76869,2.42078,Plein jour,En agglomération,Intersection en T,Normale,Deux véhicules - frontale,,,,,,,,,,,1,2,3,1.0,1.0
201800041884,0018-08-12 22:10:00,18,8,12,22,10,940,22,STALINGRAD (BD DE),48.7726,2.40034,Nuit avec éclairage allumé,En agglomération,Autre intersection,Pluie légère,Deux véhicules - côté,,,,,,,,,,,5,2,9,2.0,3.0
201800041885,0018-08-13 02:50:00,18,8,13,2,50,940,22,STALINGRAD (BD DE),48.7738,2.39945,Nuit avec éclairage allumé,En agglomération,Autre intersection,Pluie légère,Deux véhicules - côté,,,,,,,,,,,5,2,9,2.0,3.0
201800041886,0018-08-13 10:30:00,18,8,13,10,30,940,22,JEAN JAURES (AV),48.76443,2.4059,Plein jour,En agglomération,Autre intersection,Normale,Autre collision,,,,,,,,,,,1,2,9,1.0,6.0
201800041887,0018-08-21 04:50:00,18,8,21,4,50,940,54,ROUTE CHARLES TILLON,48.74612,2.38223,Nuit avec éclairage allumé,En agglomération,Intersection en Y,Normale,Sans collision,,,,,,,,,,,5,2,4,1.0,7.0
201800041888,0018-08-31 17:50:00,18,8,31,17,50,940,22,STALINGRAD (BD DE),48.76724,2.40393,Plein jour,En agglomération,Autre intersection,Normale,Deux véhicules - arrière,,,,,,,,,,,1,2,9,1.0,2.0
201800041889,0018-09-06 03:20:00,18,9,6,3,20,940,78,PARIS (R DE),48.73545,2.44684,Nuit avec éclairage allumé,En agglomération,Hors intersection,Normale,Deux véhicules - arrière,,,,,,,,,,,5,2,1,1.0,2.0
201800041890,0018-09-09 19:12:00,18,9,9,19,12,940,22,LUGO (AV DE),48.77336,2.40941,Plein jour,En agglomération,Intersection en X,Normale,Deux véhicules - côté,,,,,,,,,,,1,2,2,1.0,3.0
201800041891,0018-09-10 20:00:00,18,9,10,20,0,940,22,VOLTAIRE (QUAI),48.76565,2.41174,Crépuscule ou aube,En agglomération,Hors intersection,Normale,Autre collision,,,,,,,,,,,2,2,1,1.0,6.0
201800041892,0018-09-15 18:20:00,18,9,15,18,20,940,22,ALFORTVILLE (AV D),48.76867,2.41387,Plein jour,En agglomération,Intersection en T,Normale,Trois véhicules et plus - collisions multiples,,,,,,,,,,,1,2,3,1.0,5.0
201800041893,0018-09-20 14:55:00,18,9,20,14,55,940,22,ALBERT 1ER (R),48.75583,2.41243,Plein jour,En agglomération,Hors intersection,Normale,Deux véhicules - frontale,,,,,,,,,,,1,2,1,1.0,1.0
201800041894,0018-09-23 14:40:00,18,9,23,14,40,940,22,DOCTEUR CHARCOT (AV),48.77006,2.41813,Plein jour,En agglomération,Intersection en X,Pluie légère,Deux véhicules - côté,,,,,,,,,,,1,2,2,2.0,3.0
201800041895,0018-09-26 17:45:00,18,9,26,17,45,940,22,VICTOR HUGO (AV),48.7685,2.42023,Plein jour,Hors agglomération,Hors intersection,Normale,Autre collision,,,,,,,,,,,1,1,1,1.0,6.0
201800041896,0018-10-05 20:10:00,18,10,5,20,10,940,54,MARCEL CACHIN (AV),48.75027,2.41317,Nuit avec éclairage allumé,En agglomération,Intersection en X,Normale,Deux véhicules - côté,,,,,,,,,,,5,2,2,1.0,3.0
201800041897,0018-10-06 07:10:00,18,10,6,7,10,940,22,ALLIES (BD DES),48.76466,2.40511,Nuit avec éclairage allumé,En agglomération,Hors intersection,Normale,Trois véhicules et plus - en chaîne,,,,,,,,,,,5,2,1,1.0,4.0
201800041898,0018-10-07 00:50:00,18,10,7,0,50,940,54,BAS MARIN (R DU),48.74861,2.38986,Nuit avec éclairage allumé,En agglomération,Hors intersection,Normale,Deux véhicules - frontale,,,,,,,,,,,5,2,1,1.0,1.0
201800041899,0018-10-11 10:05:00,18,10,11,10,5,940,22,LEON GOURDAULT (AV),48.76425,2.40551,Plein jour,En agglomération,Intersection à plus de 4 branches,Normale,Deux véhicules - côté,,,,,,,,,,,1,2,5,1.0,3.0
201800041900,0018-10-11 17:55:00,18,10,11,17,55,940,22,APPEL DU DIX HUIT JUIN 1,48.76584,2.41045,Plein jour,En agglomération,Hors intersection,Normale,Autre collision,,,,,,,,,,,1,2,1,1.0,6.0
201800041901,0018-10-16 12:45:00,18,10,16,12,45,940,22,APPEL DU DIX HUIT JUIN 1,48.76622,2.41184,Plein jour,En agglomération,Hors intersection,Normale,Deux véhicules - arrière,,,,,,,,,,,1,2,1,1.0,2.0
201800041902,0018-10-16 18:20:00,18,10,16,18,20,940,22,JEAN JAURES (av,48.76553,2.41018,Plein jour,En agglomération,Hors intersection,Normale,Autre collision,,,,,,,,,,,1,2,1,1.0,6.0
201800041903,0018-10-17 12:55:00,18,10,17,12,55,940,22,DEMANIEUX (R),48.7729,2.40197,Plein jour,En agglomération,Autre intersection,Normale,Deux véhicules - côté,,,,,,,,,,,1,2,9,1.0,3.0
201800041904,0018-10-19 18:28:00,18,10,19,18,28,940,22,ANATOLE FRANCE (AV),48.76036,2.41171,Plein jour,En agglomération,Hors intersection,Normale,Autre collision,,,,,,,,,,,1,2,1,1.0,6.0
201800041905,0018-10-24 10:20:00,18,10,24,10,20,940,54,SAULES (VOI DES),48.74712,2.41615,Plein jour,En agglomération,Intersection en T,Normale,Deux véhicules - arrière,,,,,,,,,,,1,2,3,1.0,2.0
201800041906,0018-10-24 22:00:00,18,10,24,22,0,940,22,MARECHAL DE LATTRE DE TA,48.75429,2.4053,Nuit avec éclairage allumé,En agglomération,Hors intersection,Normale,Deux véhicules - côté,,,,,,,,,,,5,2,1,1.0,3.0
201800041907,0018-10-28 12:30:00,18,10,28,12,30,940,54,HENRI BARBUSSE (AV),48.74064,2.38887,Plein jour,En agglomération,Hors intersection,Normale,Autre collision,,,,,,,,,,,1,2,1,1.0,6.0
201800041908,0018-11-02 16:05:00,18,11,2,16,5,940,22,VICTOR HUGO (AV),48.76704,2.41433,Plein jour,En agglomération,Intersection en X,Normale,Deux véhicules - côté,,,,,,,,,,,1,2,2,1.0,3.0
201800041909,0018-11-02 18:15:00,18,11,2,18,15,940,22,FOLIE (AV DE LA),48.77201,2.41494,Nuit avec éclairage allumé,En agglomération,Intersection en T,Normale,Autre collision,,,,,,,,,,,5,2,3,1.0,6.0
201800041910,0018-11-05 07:40:00,18,11,5,7,40,940,22,ALLIES (BD DES),48.86272,2.28759,Crépuscule ou aube,En agglomération,Hors intersection,Normale,Autre collision,,,,,,,,,,,2,2,1,1.0,6.0
201800041911,0018-11-05 17:15:00,18,11,5,17,15,940,54,DOCTEUR CALMETTE (R DU),48.74995,2.40706,Plein jour,En agglomération,Hors intersection,Normale,Autre collision,,,,,,,,,,,1,2,1,1.0,6.0
201800041912,0018-11-09 18:40:00,18,11,9,18,40,940,54,CHARLES TILLON (route),48.73992,2.3897,Nuit avec éclairage allumé,En agglomération,Autre intersection,Normale,Deux véhicules - côté,,,,,,,,,,,5,2,9,1.0,3.0
201800041913,0018-11-10 12:30:00,18,11,10,12,30,940,54,MARECHAL DE LATTRE (AV),48.7566,2.4046,Plein jour,En agglomération,Intersection en T,Pluie légère,Deux véhicules - arrière,,,,,,,,,,,1,2,3,2.0,2.0
201800041914,0018-11-10 15:16:00,18,11,10,15,16,940,22,VINGT CINQ AOUT 1944 (AV,48.76309,2.40139,Plein jour,En agglomération,Intersection en T,Temps couvert,Deux véhicules - côté,,,,,,,,,,,1,2,3,8.0,3.0
201800041915,0018-11-01 08:00:00,18,11,1,8,0,940,22,DEMANIEUX (R),48.77321,2.40179,Crépuscule ou aube,En agglomération,Autre intersection,Normale,Trois véhicules et plus - en chaîne,,,,,,,,,,,2,2,9,1.0,4.0
201800041916,0018-11-16 23:40:00,18,11,16,23,40,940,22,JULES GUESDE (QU),48.77354,2.40997,Nuit avec éclairage allumé,En agglomération,Hors intersection,Normale,Trois véhicules et plus - collisions multiples,,,,,,,,,,,5,2,1,1.0,5.0
201800041917,0018-11-17 20:50:00,18,11,17,20,50,940,54,CHARLES TILLON (route),48.7462,2.37052,Nuit avec éclairage allumé,En agglomération,Autre intersection,Normale,Deux véhicules - côté,,,,,,,,,,,5,2,9,1.0,3.0
201800041918,0018-11-15 09:40:00,18,11,15,9,40,940,54,MARCEL CACHIN (AV),48.75123,2.41346,Plein jour,En agglomération,Hors intersection,Normale,Deux véhicules - côté,,,,,,,,,,,1,2,1,1.0,3.0
201800041919,0018-11-25 17:25:00,18,11,25,17,25,940,54,BAS MARIN (R DU),48.7521,2.3877,Nuit avec éclairage non allumé,En agglomération,Intersection en X,Normale,Deux véhicules - côté,,,,,,,,,,,4,2,2,1.0,3.0
201800041920,0018-11-30 21:40:00,18,11,30,21,40,940,22,JEAN JAURES (AV),48.76528,2.40881,Nuit avec éclairage allumé,En agglomération,Hors intersection,Normale,Autre collision,,,,,,,,,,,5,2,1,1.0,6.0
201800041921,0018-11-30 22:35:00,18,11,30,22,35,940,54,AEROPORT (AVENUE DEL'),48.73751,2.36438,Nuit avec éclairage allumé,Hors agglomération,Hors intersection,Normale,Trois véhicules et plus - en chaîne,,,,,,,,,,,5,1,1,1.0,4.0
201800041922,0018-12-03 14:05:00,18,12,3,14,5,940,22,JEAN JAURES (AV),48.76459,2.40595,Plein jour,En agglomération,Intersection en X,Pluie légère,Autre collision,,,,,,,,,,,1,2,2,2.0,6.0
201800041923,0018-12-04 12:20:00,18,12,4,12,20,940,22,ALFORTVILLE (AV D),48.76879,2.41375,Plein jour,En agglomération,Intersection en T,Normale,Deux véhicules - arrière,,,,,,,,,,,1,2,3,1.0,2.0
201800041924,0018-12-07 23:19:00,18,12,7,23,19,940,22,ALFORTVILLE (AV D),48.77299,2.4146,Nuit avec éclairage allumé,En agglomération,Intersection en T,Normale,Deux véhicules - côté,,,,,,,,,,,5,2,3,1.0,3.0
201800041925,0018-12-11 08:40:00,18,12,11,8,40,940,22,MARECHAL DE LATTRE DE TA,48.76028,2.40634,Plein jour,En agglomération,Hors intersection,Normale,Autre collision,,,,,,,,,,,1,2,1,1.0,6.0
201800041926,0018-12-19 08:40:00,18,12,19,8,40,940,22,VICTOR HUGO (AV),48.7693,2.4221,Plein jour,En agglomération,Hors intersection,Pluie légère,Autre collision,,,,,,,,,,,1,2,1,2.0,6.0
201800041927,0018-12-19 23:45:00,18,12,19,23,45,940,73,DOCTEUR MARIE (R DU),48.74611,2.36956,Nuit avec éclairage allumé,En agglomération,Intersection en X,Normale,Deux véhicules - côté,,,,,,,,,,,5,2,2,1.0,3.0
201800041928,0018-12-23 19:00:00,18,12,23,19,0,940,22,STALINGRAD (BD DE),48.77367,2.40036,Nuit avec éclairage allumé,Hors agglomération,Hors intersection,Pluie légère,Deux véhicules - côté,,,,,,,,,,,5,1,1,2.0,3.0
201800041929,0018-01-02 11:25:00,18,1,2,11,25,940,28,"09, R MARC SEGUIN",48.7855,2.434,Plein jour,En agglomération,Hors intersection,Normale,Autre collision,,,,,,,,,,,1,2,1,1.0,6.0
201800041930,0018-01-02 20:15:00,18,1,2,20,15,940,28,COTONOU/MITTERAND,48.76818,2.46981,Nuit avec éclairage allumé,En agglomération,Intersection en T,Pluie légère,Deux véhicules - côté,,,,,,,,,,,5,2,3,2.0,3.0
201800041931,0018-01-03 17:10:00,18,1,3,17,10,940,28,RUE JULIETTE SAVAR,48.78515,2.46292,Nuit avec éclairage allumé,En agglomération,Hors intersection,Normale,Autre collision,,,,,,,,,,,5,2,1,1.0,6.0
201800041932,0018-01-03 18:20:00,18,1,3,18,20,940,28,PORT/CHERET,48.80007,2.4664,Nuit avec éclairage allumé,En agglomération,Intersection en X,Pluie légère,Deux véhicules - côté,,,,,,,,,,,5,2,2,2.0,3.0
201800041933,0018-01-04 13:30:00,18,1,4,13,30,940,28,MECHES/MESLY,48.79271,2.45922,Plein jour,En agglomération,Intersection en T,Pluie légère,Deux véhicules - côté,,,,,,,,,,,1,2,3,2.0,3.0
201800041934,0018-01-08 15:28:00,18,1,8,15,28,940,11,MONNET/HOTTI (RP DUNANT),48.75682,2.4833,Plein jour,En agglomération,Giratoire,Temps éblouissant,Deux véhicules - côté,,,,,,,,,,,1,2,6,7.0,3.0
201800041935,0018-01-08 15:40:00,18,1,8,15,40,940,11,CLAVIZIS/MARAIS,48.7703,2.48374,Plein jour,En agglomération,Intersection en T,Normale,Autre collision,,,,,,,,,,,1,2,3,1.0,6.0
201800041936,0018-01-11 12:15:00,18,1,11,12,15,940,28,DE GAULLE/EDISON,48.79774,2.44826,Plein jour,En agglomération,Intersection en X,Pluie légère,Deux véhicules - côté,,,,,,,,,,,1,2,2,2.0,3.0
201800041937,0018-01-16 17:10:00,18,1,16,17,10,940,28,Parking CC Creteil Solei,48.77852,2.45769,Nuit avec éclairage allumé,En agglomération,Hors intersection,Pluie légère,Autre collision,,,,,,,,,,,5,2,1,2.0,6.0
201800041938,0018-01-18 00:05:00,18,1,18,0,5,940,11,"103, PARIS / OUEST",48.7801,2.47587,Nuit avec éclairage allumé,En agglomération,Giratoire,Pluie légère,Autre collision,,,,,,,,,,,5,2,6,2.0,6.0
201800041939,0018-01-19 07:45:00,18,1,19,7,45,940,11,"64, AV DE CHOISY",48.7711,2.47724,Nuit sans éclairage public,En agglomération,Hors intersection,Normale,Autre collision,,,,,,,,,,,3,2,1,1.0,6.0
201800041940,0018-01-21 00:55:00,18,1,21,0,55,940,28,RTE DE LA POMPADOUR,48.76941,2.46059,Nuit avec éclairage allumé,En agglomération,Hors intersection,Pluie légère,Autre collision,,,,,,,,,,,5,2,1,2.0,6.0
201800041941,0018-01-21 18:25:00,18,1,21,18,25,940,28,CARREFOUR POMPADOUR,48.77471,2.43936,Nuit avec éclairage non allumé,En agglomération,Giratoire,Pluie légère,Deux véhicules - côté,,,,,,,,,,,4,2,6,2.0,3.0
201800041942,0018-01-22 08:40:00,18,1,22,8,40,940,11,CARR DE LA BALLASTIERE,48.76305,2.47944,Plein jour,En agglomération,Intersection en X,Pluie légère,Deux véhicules - côté,,,,,,,,,,,1,2,2,2.0,3.0
201800041943,0018-01-24 17:10:00,18,1,24,17,10,940,28,AV DE LA BRECHE,48.78374,2.45456,Plein jour,En agglomération,Hors intersection,Normale,Autre collision,,,,,,,,,,,1,2,1,1.0,6.0
201800041944,0018-01-27 10:25:00,18,1,27,10,25,940,11,PARKING CC LECLERC,48.76528,2.48949,Plein jour,En agglomération,Hors intersection,Pluie légère,Deux véhicules - côté,,,,,,,,,,,1,2,1,2.0,3.0
201800041945,0018-01-28 18:35:00,18,1,28,18,35,940,28,OUDRY / CASCADES,48.7694,2.46134,Nuit avec éclairage allumé,En agglomération,Intersection en T,Temps couvert,Autre collision,,,,,,,,,,,5,2,3,8.0,6.0
201800041946,0018-01-29 11:20:00,18,1,29,11,20,940,11,RHIN ET DANUBE,48.77154,2.49011,Plein jour,En agglomération,Hors intersection,Normale,Trois véhicules et plus - en chaîne,,,,,,,,,,,1,2,1,1.0,4.0
201800041947,0018-01-12 19:20:00,18,1,12,19,20,940,28,CHERET/PINSONS,48.80581,2.45545,Nuit avec éclairage allumé,En agglomération,Intersection en X,Normale,Deux véhicules - côté,,,,,,,,,,,5,2,2,1.0,3.0
201800041948,0018-01-30 16:00:00,18,1,30,16,0,940,28,MECHES / PARIS,48.79352,2.46071,Plein jour,En agglomération,Intersection en X,Normale,Autre collision,,,,,,,,,,,1,2,2,1.0,6.0
201800041949,0018-01-31 10:30:00,18,1,31,10,30,940,28,RTE DE CHOISY,48.78995,2.4526,Plein jour,En agglomération,Hors intersection,Temps couvert,Autre collision,,,,,,,,,,,1,2,1,8.0,6.0
201800041950,0018-02-02 14:50:00,18,2,2,14,50,940,28,TASSIGNY/CHAMPEVAL,48.79765,2.45622,Plein jour,En agglomération,Intersection en X,Temps couvert,Autre collision,,,,,,,,,,,1,2,2,8.0,6.0
201800041951,0018-02-06 15:55:00,18,2,6,15,55,940,28,"20, RUE LATERALE",48.80502,2.46279,Plein jour,En agglomération,Hors intersection,Neige / grêle,Autre collision,,,,,,,,,,,1,2,1,4.0,6.0
201800041952,0018-02-08 17:37:00,18,2,8,17,37,940,28,AV BERNARD HALPERN,48.78552,2.45748,Plein jour,En agglomération,Hors intersection,Temps couvert,Autre collision,,,,,,,,,,,1,2,1,8.0,6.0
201800041953,0018-02-16 10:10:00,18,2,16,10,10,940,28,CHERET/RAMPE,48.8052,2.45725,Plein jour,En agglomération,Intersection en T,Normale,Autre collision,,,,,,,,,,,1,2,3,1.0,6.0
201800041954,0018-02-18 18:45:00,18,2,18,18,45,940,11,AVENUE DE BOISSY,48.77027,2.48587,Nuit avec éclairage non allumé,En agglomération,Hors intersection,Normale,Autre collision,,,,,,,,,,,4,2,1,1.0,6.0
201800041955,0018-02-20 11:10:00,18,2,20,11,10,940,28,MESLY/JOLY,48.79008,2.46093,Plein jour,En agglomération,Intersection en T,Normale,Trois véhicules et plus - en chaîne,,,,,,,,,,,1,2,3,1.0,4.0
201800041956,0018-02-25 23:20:00,18,2,25,23,20,940,28,RUE DE LA BASSE QUINTE,48.77315,2.43996,Nuit avec éclairage allumé,En agglomération,Hors intersection,Normale,Autre collision,,,,,,,,,,,5,2,1,1.0,6.0
201800041957,0018-02-27 11:00:00,18,2,27,11,0,940,28,"79, AV DU MAL TASSIGNY",48.80082,2.45037,Plein jour,En agglomération,Hors intersection,Normale,Deux véhicules - côté,,,,,,,,,,,1,2,1,1.0,3.0
201800041958,0018-03-06 09:20:00,18,3,6,9,20,940,28,AV LAFERRIERE,48.7996,2.4542,Plein jour,En agglomération,Hors intersection,Normale,Deux véhicules - côté,,,,,,,,,,,1,2,1,1.0,3.0
201800041959,0018-03-07 14:33:00,18,3,7,14,33,940,11,AV DU MAL LECLERC,48.77385,2.48793,Plein jour,En agglomération,Hors intersection,Pluie légère,Deux véhicules - arrière,,,,,,,,,,,1,2,1,2.0,2.0
201800041960,0018-03-08 09:50:00,18,3,8,9,50,940,28,CARREFOUR POMPADOUR,48.77481,2.43933,Plein jour,En agglomération,Giratoire,Normale,Deux véhicules - côté,,,,,,,,,,,1,2,6,1.0,3.0
201800041961,0018-03-08 17:45:00,18,3,8,17,45,940,28,"78, GAULLE(AVENUE DU GEN",48.79738,2.44836,Plein jour,En agglomération,Hors intersection,Pluie forte,Trois véhicules et plus - collisions multiples,,,,,,,,,,,1,2,1,3.0,5.0
201800041962,0018-03-15 12:10:00,18,3,15,12,10,940,28,AV DE VERDUN,48.79958,2.46811,Plein jour,En agglomération,Hors intersection,Normale,Deux véhicules - côté,,,,,,,,,,,1,2,1,1.0,3.0
201800041963,0018-03-15 16:40:00,18,3,15,16,40,940,28,RTE DE CHOISY,48.78782,2.45064,Plein jour,En agglomération,Hors intersection,Normale,Deux véhicules - arrière,,,,,,,,,,,1,2,1,1.0,2.0
201800041964,0018-03-16 12:20:00,18,3,16,12,20,940,28,CARREFOUR POMPADOUR,48.77405,2.4396,Plein jour,En agglomération,Giratoire,Normale,Deux véhicules - côté,,,,,,,,,,,1,2,6,1.0,3.0
201800041965,0018-03-23 15:00:00,18,3,23,15,0,940,11,"7, ALL D BALAVOINE",48.77388,2.48656,Plein jour,En agglomération,Hors intersection,Temps couvert,Deux véhicules - côté,,,,,,,,,,,1,2,1,8.0,3.0
201800041966,0018-03-29 16:35:00,18,3,29,16,35,940,28,AV DE LA FRANCE LIBRE,48.7795,2.45508,Plein jour,En agglomération,Hors intersection,Normale,Autre collision,,,,,,,,,,,1,2,1,1.0,6.0
201800041967,0018-03-29 19:45:00,18,3,29,19,45,940,11,"0, ROSTAND.(RUE JEAN)",48.7676,2.4863,Plein jour,En agglomération,Intersection en T,Pluie légère,Autre collision,,,,,,,,,,,1,2,3,2.0,6.0
201800041968,0018-04-03 12:45:00,18,4,3,12,45,940,11,RUE DU RHIN ET DANUBE,48.77184,2.49015,Plein jour,En agglomération,Hors intersection,Temps couvert,Autre collision,,,,,,,,,,,1,2,1,8.0,6.0
201800041969,0018-04-06 13:45:00,18,4,6,13,45,940,28,AVENUE DU GENERAL GAULLE,48.78202,2.45712,Plein jour,En agglomération,Autre intersection,Normale,Deux véhicules - arrière,,,,,,,,,,,1,2,9,1.0,2.0
201800041970,0018-04-07 10:30:00,18,4,7,10,30,940,28,PARE/DE GAULLE,48.7877,2.44634,Plein jour,En agglomération,Intersection en T,Normale,Autre collision,,,,,,,,,,,1,2,3,1.0,6.0
201800041971,0018-04-15 18:30:00,18,4,15,18,30,940,28,HABETTE/FRANCK,48.77431,2.46717,Plein jour,En agglomération,Intersection en T,Normale,Autre collision,,,,,,,,,,,1,2,3,1.0,6.0
201800041972,0018-04-16 14:50:00,18,4,16,14,50,940,28,AV LIBERATION,48.77765,2.45701,Plein jour,En agglomération,Hors intersection,Normale,Autre collision,,,,,,,,,,,1,2,1,1.0,6.0
201800041973,0018-04-16 18:55:00,18,4,16,18,55,940,28,AVENUE BERNARD HALPERN,48.79242,2.44535,Plein jour,En agglomération,Hors intersection,Normale,Deux véhicules - arrière,,,,,,,,,,,1,2,1,1.0,2.0
201800041974,0018-04-17 19:52:00,18,4,17,19,52,940,28,SAUSSAIE DU BAN/LOPES,48.76779,2.45544,Plein jour,En agglomération,Giratoire,Normale,Deux véhicules - arrière,,,,,,,,,,,1,2,6,1.0,2.0
201800041975,0018-04-17 23:10:00,18,4,17,23,10,940,28,AVENUE DE VERDUN,48.79976,2.47007,Nuit avec éclairage allumé,En agglomération,Hors intersection,Normale,Sans collision,,,,,,,,,,,5,2,1,1.0,7.0
201800041976,0018-04-18 08:05:00,18,4,18,8,5,940,11,SEMARD/ROSTANG,48.76507,2.48077,Plein jour,En agglomération,Intersection en X,Temps éblouissant,Autre collision,,,,,,,,,,,1,2,2,7.0,6.0
201800041977,0018-04-18 22:50:00,18,4,18,22,50,940,28,PARIS/MECHES,48.79434,2.46021,Nuit avec éclairage allumé,En agglomération,Intersection en X,Normale,Deux véhicules - côté,,,,,,,,,,,5,2,2,1.0,3.0
201800041978,0018-04-21 17:15:00,18,4,21,17,15,940,11,GLANE/MOULIN,48.7691,2.48158,Plein jour,En agglomération,Giratoire,Normale,Autre collision,,,,,,,,,,,1,2,6,1.0,6.0
201800041979,0018-04-24 21:25:00,18,4,24,21,25,940,28,POUSSIN/RADOT,48.78366,2.44236,Nuit avec éclairage allumé,En agglomération,Intersection en T,Normale,Deux véhicules - frontale,,,,,,,,,,,5,2,3,1.0,1.0