accident_id,datetime,annee,mois,jour,heure,minute,departement,commune_insee,adresse,latitude,longitude,luminosite,agglomeration,intersection,meteo,collision,nb_vehicules,nb_usagers,nb_indemnes,nb_tues,nb_blesses_hosp,nb_blesses_legers,age_cond_1,age_cond_2,veh_type_cond_1,veh_type_cond_2,lum_code,agg_code,int_code,atm_code,col_code
201800041980,0018-04-25 09:10:00,18,4,25,9,10,940,28,ROUTE DE CHOISY,48.78663,2.44991,Plein jour,En agglomération,Hors intersection,Normale,Sans collision,,,,,,,,,,,1,2,1,1.0,7.0
201800041981,0018-04-27 18:45:00,18,4,27,18,45,940,28,POMPADOUR/POUILLON,48.7666,2.47205,Plein jour,En agglomération,Giratoire,Normale,Deux véhicules - côté,,,,,,,,,,,1,2,6,1.0,3.0
201800041982,0018-04-30 13:25:00,18,4,30,13,25,940,28,MESLY/D'ORVES,48.7912,2.46032,Plein jour,En agglomération,Intersection en T,Pluie légère,Deux véhicules - côté,,,,,,,,,,,1,2,3,2.0,3.0
201800041983,0018-04-28 19:00:00,18,4,28,19,0,940,28,SAVAR/CARDINAUD,48.78192,2.46464,Plein jour,En agglomération,Intersection en X,Normale,Deux véhicules - côté,,,,,,,,,,,1,2,2,1.0,3.0
201800041984,0018-04-30 20:33:00,18,4,30,20,33,940,28,.AVENUE BERNARD HALPERN,48.76924,2.46455,Crépuscule ou aube,En agglomération,Hors intersection,Pluie légère,Autre collision,,,,,,,,,,,2,2,1,2.0,6.0
201800041985,0018-05-02 07:50:00,18,5,2,7,50,940,28,MATISSE(RUE HENRI),48.78242,2.46019,Plein jour,En agglomération,Hors intersection,Temps éblouissant,Autre collision,,,,,,,,,,,1,2,1,7.0,6.0
201800041986,0018-04-29 22:45:00,18,4,29,22,45,940,28,SULLY/SARRAZINS,48.76821,2.47324,Nuit avec éclairage allumé,En agglomération,Intersection en X,Pluie forte,Autre collision,,,,,,,,,,,5,2,2,3.0,6.0
201800041987,0018-05-02 11:30:00,18,5,2,11,30,940,28,SAINT-SIMON.(RUE ET VILL,48.7948,2.4495,Plein jour,En agglomération,Hors intersection,Normale,Deux véhicules - côté,,,,,,,,,,,1,2,1,1.0,3.0
201800041988,0018-05-07 12:00:00,18,5,7,12,0,940,28,40 AV CHEMIN DE MESLY,48.78845,2.45997,Plein jour,En agglomération,Hors intersection,Normale,Autre collision,,,,,,,,,,,1,2,1,1.0,6.0
201800041989,0018-05-08 05:10:00,18,5,8,5,10,940,28,CARREFOUR POMPADOUR,48.77451,2.43898,Nuit avec éclairage allumé,En agglomération,Hors intersection,Normale,Autre collision,,,,,,,,,,,5,2,1,1.0,6.0
201800041990,0018-05-09 15:30:00,18,5,9,15,30,940,11,AVENUE DE BOISSY,48.77099,2.48514,Plein jour,En agglomération,Intersection en X,Normale,Autre collision,,,,,,,,,,,1,2,2,1.0,6.0
201800041991,0018-05-10 17:44:00,18,5,10,17,44,940,28,ROUTE DE CHOISY,48.7769,2.44147,Plein jour,En agglomération,Hors intersection,Normale,Deux véhicules - côté,,,,,,,,,,,1,2,1,1.0,3.0
201800041992,0018-05-17 09:45:00,18,5,17,9,45,940,28,AVENUE DU MAL FOCH,48.7812,2.43726,Plein jour,En agglomération,Hors intersection,Normale,Deux véhicules - côté,,,,,,,,,,,1,2,1,1.0,3.0
201800041993,0018-05-19 11:40:00,18,5,19,11,40,940,28,2 AV DU MAL DE TASSIGNY,48.79753,2.45638,Plein jour,En agglomération,Hors intersection,Normale,Deux véhicules - arrière,,,,,,,,,,,1,2,1,1.0,2.0
201800041994,0018-05-21 13:15:00,18,5,21,13,15,940,28,RUE DES MECHES,48.79285,2.45858,Plein jour,En agglomération,Hors intersection,Normale,Autre collision,,,,,,,,,,,1,2,1,1.0,6.0
201800041995,0018-05-25 10:15:00,18,5,25,10,15,940,11,ORADOUR SUR GLANE(AVENUE,48.76875,2.48134,Plein jour,En agglomération,Hors intersection,Temps éblouissant,Autre collision,,,,,,,,,,,1,2,1,7.0,6.0
201800041996,0018-05-28 06:50:00,18,5,28,6,50,940,28,"37 B, VERDUN.(AVENUE DE)",48.79624,2.46351,Plein jour,En agglomération,Hors intersection,Normale,Deux véhicules - côté,,,,,,,,,,,1,2,1,1.0,3.0
201800041997,0018-05-31 06:35:00,18,5,31,6,35,940,28,"02, MARAIS(CHEMIN DES)",48.7769,2.43316,Plein jour,En agglomération,Hors intersection,Normale,Deux véhicules - côté,,,,,,,,,,,1,2,1,1.0,3.0
201800041998,0018-06-01 06:30:00,18,6,1,6,30,940,11,34 RUE DU MOULIN BATEAU,48.78277,2.49985,Plein jour,En agglomération,Hors intersection,Normale,Deux véhicules - frontale,,,,,,,,,,,1,2,1,1.0,1.0
201800041999,0018-06-01 10:00:00,18,6,1,10,0,940,28,"0, CHOISY(ROUTE DE)",48.78398,2.44734,Plein jour,En agglomération,Hors intersection,Normale,Deux véhicules - arrière,,,,,,,,,,,1,2,1,1.0,2.0
201800042000,0018-06-01 15:55:00,18,6,1,15,55,940,28,CHAMPEVAL(AVE JEAN-BAPTI,48.79369,2.45603,Plein jour,En agglomération,Autre intersection,Normale,Autre collision,,,,,,,,,,,1,2,9,1.0,6.0
201800042001,0018-06-11 14:30:00,18,6,11,14,30,940,28,PARE(RUE AMBROISE),48.7874,2.44628,Plein jour,En agglomération,Autre intersection,Pluie légère,Deux véhicules - côté,,,,,,,,,,,1,2,9,2.0,3.0
201800042002,0018-06-11 17:40:00,18,6,11,17,40,940,28,SARRAZINS (RUE DES),48.76824,2.47209,Plein jour,En agglomération,Hors intersection,Autre,Autre collision,,,,,,,,,,,1,2,1,9.0,6.0
201800042003,0018-06-11 19:40:00,18,6,11,19,40,940,11,"12, BOUGLIONE(RUE)",48.76895,2.48538,Plein jour,En agglomération,Intersection en X,Normale,Deux véhicules - côté,,,,,,,,,,,1,2,2,1.0,3.0
201800042004,0018-06-15 00:40:00,18,6,15,0,40,940,28,"7,  F MITTERRAND (R)",48.76983,2.46349,Nuit avec éclairage allumé,En agglomération,Hors intersection,Normale,Deux véhicules - arrière,,,,,,,,,,,5,2,1,1.0,2.0
201800042005,0018-06-15 10:20:00,18,6,15,10,20,940,28,"101, DE GAULLE (AV)",48.77805,2.45785,Plein jour,En agglomération,Hors intersection,Temps couvert,Autre collision,,,,,,,,,,,1,2,1,8.0,6.0
201800042006,0018-06-15 20:10:00,18,6,15,20,10,940,28,"13, ANTOINE LAVOISIER (R",48.79004,2.44581,Crépuscule ou aube,En agglomération,Hors intersection,Normale,Deux véhicules - arrière,,,,,,,,,,,2,2,1,1.0,2.0
201800042007,0018-06-18 22:02:00,18,6,18,22,2,940,11,DIX NEUF MARS 1962(RUE D,48.77342,2.49002,Nuit avec éclairage allumé,En agglomération,Intersection en X,Normale,Autre collision,,,,,,,,,,,5,2,2,1.0,6.0
201800042008,0018-06-20 08:45:00,18,6,20,8,45,940,11,JEAN ROSTAND (R),48.76674,2.48452,Plein jour,En agglomération,Intersection en X,Normale,Deux véhicules - côté,,,,,,,,,,,1,2,2,1.0,3.0
201800042009,0018-06-22 18:50:00,18,6,22,18,50,940,28,POMPADOUR(CARREFOUR),48.77352,2.43645,Plein jour,En agglomération,Hors intersection,Normale,Autre collision,,,,,,,,,,,1,2,1,1.0,6.0
201800042010,0018-06-25 18:10:00,18,6,25,18,10,940,28,12 RUE DU LAC,48.77163,2.45867,Plein jour,En agglomération,Hors intersection,Normale,Deux véhicules - côté,,,,,,,,,,,1,2,1,1.0,3.0
201800042011,0018-06-22 23:53:00,18,6,22,23,53,940,11,"05, DIX NEUF MARS 1962(R",48.77438,2.48981,Nuit avec éclairage allumé,En agglomération,Hors intersection,Normale,Trois véhicules et plus - collisions multiples,,,,,,,,,,,5,2,1,1.0,5.0
201800042012,0018-06-26 15:10:00,18,6,26,15,10,940,28,GAULLE(AVENUE DU GEN,48.78036,2.45701,Plein jour,En agglomération,Intersection en T,Normale,Deux véhicules - côté,,,,,,,,,,,1,2,3,1.0,3.0
201800042013,0018-06-27 20:20:00,18,6,27,20,20,940,28,FERNAND POUILLON (R),48.76705,2.47203,Plein jour,En agglomération,Giratoire,Normale,Deux véhicules - arrière,,,,,,,,,,,1,2,6,1.0,2.0
201800042014,0018-06-28 18:15:00,18,6,28,18,15,940,11,MAL LECLERC (AV),48.77336,2.493,Plein jour,En agglomération,Hors intersection,Temps éblouissant,Deux véhicules - arrière,,,,,,,,,,,1,2,1,7.0,2.0
201800042015,0018-06-30 12:15:00,18,6,30,12,15,940,28,ECHAT(RUE DE L'),48.7995,2.4489,Plein jour,En agglomération,Hors intersection,Normale,Deux véhicules - arrière,,,,,,,,,,,1,2,1,1.0,2.0
201800042016,0018-07-30 13:01:00,18,7,30,13,1,940,28,Duvauchelle (R),48.76826,2.45814,Plein jour,En agglomération,Giratoire,Normale,Deux véhicules - arrière,,,,,,,,,,,1,2,6,1.0,2.0
201800042017,0018-08-05 07:00:00,18,8,5,7,0,940,28,POMPADOUR(CARREFOUR),48.77445,2.43904,Plein jour,En agglomération,Autre intersection,Normale,Sans collision,,,,,,,,,,,1,2,9,1.0,7.0
201800042018,0018-07-30 13:45:00,18,7,30,13,45,940,11,STAINS(ROUTE DE),48.78223,2.50469,Plein jour,En agglomération,Hors intersection,Normale,Autre collision,,,,,,,,,,,1,2,1,1.0,6.0
201800042019,0018-08-12 14:30:00,18,8,12,14,30,940,28,MECHES.(RUE DES),48.79225,2.45768,Plein jour,En agglomération,Hors intersection,Normale,Deux véhicules - arrière,,,,,,,,,,,1,2,1,1.0,2.0
201800042020,0018-08-17 09:05:00,18,8,17,9,5,940,28,FRANCE LIBRE(AVENUE DE L,48.77,2.45,Plein jour,En agglomération,Hors intersection,Normale,Autre collision,,,,,,,,,,,1,2,1,1.0,6.0
201800042021,0018-08-20 17:50:00,18,8,20,17,50,940,28,POMPADOUR(ROUTE DE LA),48.77434,2.43876,Plein jour,En agglomération,Hors intersection,Normale,Autre collision,,,,,,,,,,,1,2,1,1.0,6.0
201800042022,0018-08-23 15:00:00,18,8,23,15,0,940,28,GAULLE(AVENUE DU GENERAL,48.78045,2.4575,Plein jour,En agglomération,Intersection en T,Temps éblouissant,Deux véhicules - côté,,,,,,,,,,,1,2,3,7.0,3.0
201800042023,0018-08-29 16:40:00,18,8,29,16,40,940,28,HAUTE QUINTE(RUE DE LA),48.77324,2.43978,Plein jour,En agglomération,Intersection en T,Normale,Deux véhicules - côté,,,,,,,,,,,1,2,3,1.0,3.0
201800042024,0018-08-30 11:45:00,18,8,30,11,45,940,11,SEMARD(RUE PIERRE),48.75879,2.48122,Plein jour,En agglomération,Autre intersection,Normale,Deux véhicules - côté,,,,,,,,,,,1,2,9,1.0,3.0
201800042025,0018-09-01 17:20:00,18,9,1,17,20,940,11,SEMARD(RUE PIERRE),48.75882,2.48125,Plein jour,En agglomération,Autre intersection,Normale,Deux véhicules - côté,,,,,,,,,,,1,2,9,1.0,3.0
201800042026,0018-09-05 12:55:00,18,9,5,12,55,940,28,POMPADOUR(CARREFOUR),48.77419,2.43995,Plein jour,En agglomération,Giratoire,Normale,Autre collision,,,,,,,,,,,1,2,6,1.0,6.0
201800042027,0018-08-02 11:45:00,18,8,2,11,45,940,11,SEMARD(RUE PIERRE),48.75985,2.48018,Plein jour,En agglomération,Hors intersection,Normale,Deux véhicules - arrière,,,,,,,,,,,1,2,1,1.0,2.0
201800042028,0018-09-07 16:50:00,18,9,7,16,50,940,28,POMPADOUR(CARREFOUR),48.77296,2.43439,Plein jour,En agglomération,Hors intersection,Normale,Deux véhicules - côté,,,,,,,,,,,1,2,1,1.0,3.0
201800042029,0018-09-07 17:10:00,18,9,7,17,10,940,28,ARCOS.(RUE RENE),48.77781,2.4626,Plein jour,En agglomération,Intersection en T,Normale,Deux véhicules - côté,,,,,,,,,,,1,2,3,1.0,3.0
201800042030,0018-09-08 11:50:00,18,9,8,11,50,940,28,BROSSOLETTE(AV PIERRE),48.79114,2.46222,Plein jour,En agglomération,Autre intersection,Normale,Autre collision,,,,,,,,,,,1,2,9,1.0,6.0
201800042031,0018-09-23 15:30:00,18,9,23,15,30,940,28,BLEUETS(RUE DES),48.80366,2.4533,Plein jour,En agglomération,Hors intersection,Pluie forte,Deux véhicules - frontale,,,,,,,,,,,1,2,1,3.0,1.0
201800042032,0018-09-24 10:15:00,18,9,24,10,15,940,11,SEMARD(RUE PIERRE),48.76,2.47,Plein jour,En agglomération,Giratoire,Normale,Deux véhicules - côté,,,,,,,,,,,1,2,6,1.0,3.0
201800042033,0018-09-27 15:30:00,18,9,27,15,30,940,28,CHOISY(ROUTE DE),48.79016,2.45265,Plein jour,En agglomération,Hors intersection,Normale,Autre collision,,,,,,,,,,,1,2,1,1.0,6.0
201800042034,0018-09-29 11:45:00,18,9,29,11,45,940,28,FOCH(AVENUE DU MARECHAL),48.78453,2.43657,Plein jour,En agglomération,Autre intersection,Normale,Deux véhicules - côté,,,,,,,,,,,1,2,9,1.0,3.0
201800042035,0018-10-01 09:45:00,18,10,1,9,45,940,11,RHIN ET DANUBE(RUE DU),48.77298,2.49076,Plein jour,En agglomération,Intersection en T,Normale,Deux véhicules - frontale,,,,,,,,,,,1,2,3,1.0,1.0
201800042036,0018-10-04 10:30:00,18,10,4,10,30,940,11,RESISTANCE (MAIL),48.76663,2.48454,Plein jour,En agglomération,Hors intersection,Normale,Deux véhicules - côté,,,,,,,,,,,1,2,1,1.0,3.0
201800042037,0018-10-05 19:45:00,18,10,5,19,45,940,28,TASSIGNY(AVE DU MARECHAL,48.79527,2.45904,Nuit avec éclairage allumé,En agglomération,Autre intersection,Normale,Deux véhicules - côté,,,,,,,,,,,5,2,9,1.0,3.0
201800042038,0018-10-08 13:40:00,18,10,8,13,40,940,11,CHOISY.(AVENUE DE),48.77066,2.48553,Plein jour,En agglomération,Hors intersection,Normale,Deux véhicules - côté,,,,,,,,,,,1,2,1,1.0,3.0
201800042039,0018-10-11 19:00:00,18,10,11,19,0,940,28,DEPARTEMENTALE(VOIE),48.79189,2.4472,Nuit sans éclairage public,Hors agglomération,Hors intersection,Pluie légère,Trois véhicules et plus - en chaîne,,,,,,,,,,,3,1,1,2.0,4.0
201800042040,0018-10-11 20:25:00,18,10,11,20,25,940,28,POMPADOUR(ROUTE DE LA),48.77,2.4576,Nuit avec éclairage allumé,En agglomération,Hors intersection,Pluie légère,Autre collision,,,,,,,,,,,5,2,1,2.0,6.0
201800042041,0018-10-12 12:25:00,18,10,12,12,25,940,28,POMPADOUR(CARREFOUR),48.777,2.4387,Plein jour,En agglomération,Autre intersection,Normale,Deux véhicules - côté,,,,,,,,,,,1,2,9,1.0,3.0
201800042042,0018-10-19 08:05:00,18,10,19,8,5,940,28,DUHAMEL(RUE GEORGES),48.777,2.469,Plein jour,En agglomération,Hors intersection,Normale,Autre collision,,,,,,,,,,,1,2,1,1.0,6.0
201800042043,0018-10-24 19:45:00,18,10,24,19,45,940,28,PASTEUR VALERY RADOT(IMP,48.78941,2.44858,Nuit avec éclairage allumé,En agglomération,Intersection en T,Normale,Deux véhicules - côté,,,,,,,,,,,5,2,3,1.0,3.0
201800042044,0018-10-12 05:00:00,18,10,12,5,0,940,11,SEMARD(RUE PIERRE),48.7613,2.48346,Nuit avec éclairage non allumé,En agglomération,Hors intersection,Normale,Trois véhicules et plus - en chaîne,,,,,,,,,,,4,2,1,1.0,4.0
201800042045,0018-10-26 20:40:00,18,10,26,20,40,940,28,TASSIGNY(AVE DU MARECHAL,48.80105,2.45028,Nuit avec éclairage allumé,En agglomération,Hors intersection,Normale,Deux véhicules - arrière,,,,,,,,,,,5,2,1,1.0,2.0
201800042046,0018-10-30 12:30:00,18,10,30,12,30,940,28,GAULLE(AVENUE DU GENERAL,48.786,2.4477,Plein jour,En agglomération,Hors intersection,Temps couvert,Deux véhicules - arrière,,,,,,,,,,,1,2,1,8.0,2.0
201800042047,0018-11-02 21:50:00,18,11,2,21,50,940,28,LAFERRIERE(AV),48.803,2.46106,Nuit avec éclairage allumé,En agglomération,Hors intersection,Normale,Autre collision,,,,,,,,,,,5,2,1,1.0,6.0
201800042048,0018-11-05 14:20:00,18,11,5,14,20,940,28,JULIETTE SAVAR(R),48.7771,2.4673,Plein jour,En agglomération,Intersection en X,Normale,Deux véhicules - côté,,,,,,,,,,,1,2,2,1.0,3.0
201800042049,0018-11-05 17:10:00,18,11,5,17,10,940,28,FOCH(AVENUE DU MARECHAL),48.7779,2.4385,Crépuscule ou aube,En agglomération,Hors intersection,Normale,Deux véhicules - arrière,,,,,,,,,,,2,2,1,1.0,2.0
201800042050,0018-11-06 13:50:00,18,11,6,13,50,940,28,SAINT-SIMON.(RUE ET VILL,48.79457,2.44544,Plein jour,En agglomération,Hors intersection,Normale,Autre collision,,,,,,,,,,,1,2,1,1.0,6.0
201800042051,0018-11-06 17:06:00,18,11,6,17,6,940,28,LAFERRIERE(AVENUE),48.80084,2.45718,Plein jour,En agglomération,Hors intersection,Normale,Autre collision,,,,,,,,,,,1,2,1,1.0,6.0
201800042052,0018-11-08 13:55:00,18,11,8,13,55,940,28,HENRI MATISSE (R),48.78284,2.46271,Plein jour,En agglomération,Hors intersection,Normale,Autre collision,,,,,,,,,,,1,2,1,1.0,6.0
201800042053,0018-11-10 18:43:00,18,11,10,18,43,940,11,ORADOUR SUR GLANE(AV),48.76902,2.48148,Nuit avec éclairage allumé,En agglomération,Hors intersection,Normale,Autre collision,,,,,,,,,,,5,2,1,1.0,6.0
201800042054,0018-11-13 12:35:00,18,11,13,12,35,940,28,RESISTANCE ET DEPORTATIO,48.77752,2.4553,Plein jour,En agglomération,Giratoire,Normale,Deux véhicules - côté,,,,,,,,,,,1,2,6,1.0,3.0
201800042055,0018-11-14 14:04:00,18,11,14,14,4,940,11,RHIN ET DANUBE(RUE DU),48.77109,2.49001,Plein jour,En agglomération,Hors intersection,Normale,Autre collision,,,,,,,,,,,1,2,1,1.0,6.0
201800042056,0018-11-17 08:30:00,18,11,17,8,30,940,11,STAINS (ROUTE DE),48.78235,2.49516,Plein jour,En agglomération,Intersection en X,Normale,Deux véhicules - côté,,,,,,,,,,,1,2,2,1.0,3.0
201800042057,0018-11-22 18:45:00,18,11,22,18,45,940,28,FOCH(AVENUE DU MARECHAL),48.77258,2.4399,Nuit avec éclairage allumé,En agglomération,Hors intersection,Pluie légère,Deux véhicules - arrière,,,,,,,,,,,5,2,1,2.0,2.0
201800042058,0018-11-23 15:30:00,18,11,23,15,30,940,28,CHOISY(ROUTE DE),48.77672,2.4415,Plein jour,En agglomération,Intersection en X,Temps couvert,Deux véhicules - côté,,,,,,,,,,,1,2,2,8.0,3.0
201800042059,0018-11-24 14:50:00,18,11,24,14,50,940,28,BROSSOLETTE(AVENUE PIERR,48.79066,2.463,Plein jour,En agglomération,Hors intersection,Pluie légère,Deux véhicules - arrière,,,,,,,,,,,1,2,1,2.0,2.0
201800042060,0018-11-22 06:10:00,18,11,22,6,10,940,28,BROSSOLETTE(AVENUE PIERR,48.78901,2.46628,Nuit avec éclairage allumé,En agglomération,Hors intersection,Pluie légère,Sans collision,,,,,,,,,,,5,2,1,2.0,7.0
201800042061,0018-12-02 18:00:00,18,12,2,18,0,940,28,MECHES.(RUE DES),48.7927,2.45928,Nuit avec éclairage allumé,En agglomération,Autre intersection,Normale,Deux véhicules - côté,,,,,,,,,,,5,2,9,1.0,3.0
201800042062,0018-12-03 02:00:00,18,12,3,2,0,940,11,BOISSY.(AVENUE DE),48.76122,2.49686,Nuit avec éclairage allumé,En agglomération,Hors intersection,Pluie légère,Autre collision,,,,,,,,,,,5,2,1,2.0,6.0
201800042063,0018-12-07 19:50:00,18,12,7,19,50,940,28,ARCOS.(RUE RENE),48.77788,2.46256,Nuit avec éclairage allumé,En agglomération,Intersection en T,Normale,Deux véhicules - côté,,,,,,,,,,,5,2,3,1.0,3.0
201800042064,0018-12-11 02:42:00,18,12,11,2,42,940,11,GROSS(RUE AUGUSTE),48.7667,2.4833,Nuit avec éclairage allumé,En agglomération,Hors intersection,Normale,Autre collision,,,,,,,,,,,5,2,1,1.0,6.0
201800042065,0018-12-14 14:30:00,18,12,14,14,30,940,28,VERDUN.(AVENUE DE),48.79375,2.46114,Plein jour,En agglomération,Intersection en T,Normale,Autre collision,,,,,,,,,,,1,2,3,1.0,6.0
201800042066,0018-12-19 17:40:00,18,12,19,17,40,940,28,POMPADOUR(CARREFOUR),48.77412,2.43991,Nuit avec éclairage allumé,Hors agglomération,Hors intersection,Normale,Autre collision,,,,,,,,,,,5,1,1,1.0,6.0
201800042067,0018-12-19 17:30:00,18,12,19,17,30,940,11,PARIS(AVENUE DE),48.78063,2.47517,Nuit avec éclairage allumé,En agglomération,Hors intersection,Normale,Deux véhicules - côté,,,,,,,,,,,5,2,1,1.0,3.0
201800042068,0018-12-20 18:20:00,18,12,20,18,20,940,28,LESCOT(RUE PIERRE),48.77769,2.46517,Nuit sans éclairage public,En agglomération,Autre intersection,Normale,Autre collision,,,,,,,,,,,3,2,9,1.0,6.0
201800042069,0018-12-23 23:25:00,18,12,23,23,25,940,28,NEUVE(RUE),48.8016,2.45495,Nuit avec éclairage allumé,En agglomération,Autre intersection,Pluie légère,Autre collision,,,,,,,,,,,5,2,9,2.0,6.0
201800042070,0018-12-24 17:30:00,18,12,24,17,30,940,11,ROSTAND.(RUE JEAN),48.766,2.484,Nuit avec éclairage allumé,En agglomération,Intersection en X,Normale,Deux véhicules - côté,,,,,,,,,,,5,2,2,1.0,3.0
201800042071,0018-12-27 02:25:00,18,12,27,2,25,940,28,MECHES.(RUE DES),48.79389,2.46091,Nuit avec éclairage allumé,En agglomération,Hors intersection,Normale,Autre collision,,,,,,,,,,,5,2,1,1.0,6.0
201800042072,0018-12-29 10:50:00,18,12,29,10,50,940,28,FOCH(AVENUE DU MARECHAL),48.7759,2.43875,Plein jour,En agglomération,Hors intersection,Normale,Autre collision,,,,,,,,,,,1,2,1,1.0,6.0
201800042073,0018-01-05 11:05:00,18,1,5,11,5,940,33,"16, R RASPAIL",48.84905,2.46791,Plein jour,En agglomération,Hors intersection,Temps couvert,Autre collision,,,,,,,,,,,1,2,1,8.0,6.0
201800042074,0018-01-08 17:50:00,18,1,8,17,50,940,33,"10, R DE LA MAISON ROUGE",48.84981,2.46544,Crépuscule ou aube,En agglomération,Hors intersection,Normale,Deux véhicules - frontale,,,,,,,,,,,2,2,1,1.0,1.0
201800042075,0018-01-16 13:45:00,18,1,16,13,45,940,33,"66, AV ERNEST RENAN",48.85427,2.48805,Plein jour,En agglomération,Hors intersection,Pluie légère,Deux véhicules - frontale,,,,,,,,,,,1,2,1,2.0,1.0
201800042076,0018-01-25 16:30:00,18,1,25,16,30,940,33,AV LOUISON BOBET,48.85257,2.48963,Plein jour,En agglomération,Hors intersection,Pluie légère,Trois véhicules et plus - en chaîne,,,,,,,,,,,1,2,1,2.0,4.0
201800042077,0018-01-26 23:00:00,18,1,26,23,0,940,33,"12, MARE A GUILLAUME",48.85428,2.48438,Nuit avec éclairage allumé,En agglomération,Hors intersection,Temps couvert,Autre collision,,,,,,,,,,,5,2,1,8.0,6.0
201800042078,0018-02-14 19:15:00,18,2,14,19,15,940,33,VERDUN/JOFFRE,48.85359,2.46986,Nuit avec éclairage allumé,En agglomération,Intersection à plus de 4 branches,Pluie légère,Autre collision,,,,,,,,,,,5,2,5,2.0,6.0
201800042079,0018-02-15 10:10:00,18,2,15,10,10,940,33,JOFFRE/BEAUMARTCHAIS,48.85368,2.47467,Plein jour,En agglomération,Intersection en T,Pluie légère,Trois véhicules et plus - en chaîne,,,,,,,,,,,1,2,3,2.0,4.0
201800042080,0018-03-21 20:10:00,18,3,21,20,10,940,33,STALINGRAD / SOLIDARITE,48.85272,2.44925,Nuit avec éclairage allumé,En agglomération,Intersection en T,Normale,Deux véhicules - côté,,,,,,,,,,,5,2,3,1.0,3.0
201800042081,0018-03-27 23:00:00,18,3,27,23,0,940,33,AV DU MARECHAL JOFFRE,48.8528,2.47756,Nuit avec éclairage allumé,En agglomération,Hors intersection,Normale,Deux véhicules - arrière,,,,,,,,,,,5,2,1,1.0,2.0
201800042082,0018-03-29 08:15:00,18,3,29,8,15,940,33,VERDUN / BERT,48.8512,2.47443,Plein jour,En agglomération,Intersection en X,Normale,Deux véhicules - côté,,,,,,,,,,,1,2,2,1.0,3.0
201800042083,0018-04-03 22:30:00,18,4,3,22,30,940,33,FONTAINE/TIMBAUD,48.85822,2.47508,Nuit avec éclairage allumé,En agglomération,Giratoire,Normale,Deux véhicules - arrière,,,,,,,,,,,5,2,6,1.0,2.0
201800042084,0018-04-11 08:20:00,18,4,11,8,20,940,33,"10, AV VAL DE FONTENAY",48.85315,2.48723,Plein jour,En agglomération,Hors intersection,Normale,Deux véhicules - côté,,,,,,,,,,,1,2,1,1.0,3.0
201800042085,0018-04-26 15:45:00,18,4,26,15,45,940,33,"102, BD DE VERDUN",48.85551,2.46798,Plein jour,En agglomération,Hors intersection,Normale,Deux véhicules - arrière,,,,,,,,,,,1,2,1,1.0,2.0
201800042086,0018-05-03 21:15:00,18,5,3,21,15,940,33,"1, MOREAU DAVID (PL)",48.84361,2.46599,Nuit avec éclairage allumé,En agglomération,Intersection en X,Normale,Autre collision,,,,,,,,,,,5,2,2,1.0,6.0
201800042087,0018-05-18 17:50:00,18,5,18,17,50,940,33,26 RUE LOUIS AUROUX,48.85476,2.49562,Plein jour,En agglomération,Hors intersection,Normale,Autre collision,,,,,,,,,,,1,2,1,1.0,6.0
201800042088,0018-05-29 17:50:00,18,5,29,17,50,940,33,MARECHAL DE LATTRE DE TA,48.8547,2.49293,Plein jour,En agglomération,Hors intersection,Normale,Autre collision,,,,,,,,,,,1,2,1,1.0,6.0
201800042089,0018-06-02 14:30:00,18,6,2,14,30,940,33,RUE DU CLOS D ORLEANS,48.84255,2.47206,Plein jour,En agglomération,Intersection en X,Normale,Deux véhicules - côté,,,,,,,,,,,1,2,2,1.0,3.0
201800042090,0018-06-11 18:50:00,18,6,11,18,50,940,33,"23, DAME BLANCHE (AV DE",48.84448,2.45672,Plein jour,En agglomération,Hors intersection,Pluie légère,Autre collision,,,,,,,,,,,1,2,1,2.0,6.0
201800042091,0018-06-12 09:00:00,18,6,12,9,0,940,33,"233, REPUBLIQUE (AV DE L",48.85258,2.46641,Plein jour,En agglomération,Hors intersection,Pluie légère,Deux véhicules - côté,,,,,,,,,,,1,2,1,2.0,3.0
201800042092,0018-06-14 21:50:00,18,6,14,21,50,940,33,PARMENTIER (AV),48.85361,2.45241,Crépuscule ou aube,En agglomération,Intersection en X,Normale,Deux véhicules - côté,,,,,,,,,,,2,2,2,1.0,3.0
201800042093,0018-06-15 22:10:00,18,6,15,22,10,940,33,"154, REPUBLIQUE (AV DE L",48.8524,2.46236,Nuit avec éclairage allumé,En agglomération,Hors intersection,Normale,Deux véhicules - côté,,,,,,,,,,,5,2,1,1.0,3.0
201800042094,0018-06-20 17:15:00,18,6,20,17,15,940,33,"54, COMMANDANT JEAN DUHA",48.84376,2.46618,Plein jour,En agglomération,Hors intersection,Normale,Autre collision,,,,,,,,,,,1,2,1,1.0,6.0
201800042095,0018-06-27 18:45:00,18,6,27,18,45,940,33,"20, NUNGESSER (R)",48.85146,2.44828,Plein jour,En agglomération,Hors intersection,Normale,Autre collision,,,,,,,,,,,1,2,1,1.0,6.0
201800042096,0018-07-07 20:30:00,18,7,7,20,30,940,33,"70, VERDUN (BD DE)",48.8539,2.46971,Plein jour,En agglomération,Hors intersection,Normale,Autre collision,,,,,,,,,,,1,2,1,1.0,6.0
201800042097,0018-07-07 11:28:00,18,7,7,11,28,940,33,"4 BIS, CHARLES GARCIA (A",48.85355,2.48249,Plein jour,En agglomération,Place,Normale,Autre collision,,,,,,,,,,,1,2,7,1.0,6.0
201800042098,0018-07-30 18:15:00,18,7,30,18,15,940,33,ROGER SALENGRO (R),48.85139,2.48707,Plein jour,En agglomération,Hors intersection,Normale,Autre collision,,,,,,,,,,,1,2,1,1.0,6.0
201800042099,0018-08-03 14:50:00,18,8,3,14,50,940,33,MARECHAL DE LATTRE DE TA,48.85714,2.4916,Plein jour,En agglomération,Hors intersection,Normale,Deux véhicules - côté,,,,,,,,,,,1,2,1,1.0,3.0