accident_id,datetime,annee,mois,jour,heure,minute,departement,commune_insee,adresse,latitude,longitude,luminosite,agglomeration,intersection,meteo,collision,nb_vehicules,nb_usagers,nb_indemnes,nb_tues,nb_blesses_hosp,nb_blesses_legers,age_cond_1,age_cond_2,veh_type_cond_1,veh_type_cond_2,lum_code,agg_code,int_code,atm_code,col_code
201800042100,0018-08-24 16:40:00,18,8,24,16,40,940,33,MARECHAL JOFFRE (AV DU),48.85251,2.4854,Plein jour,En agglomération,Hors intersection,Normale,Autre collision,,,,,,,,,,,1,2,1,1.0,6.0
201800042101,0018-09-02 20:50:00,18,9,2,20,50,940,33,CARNOT (R),48.85296,2.49088,Plein jour,En agglomération,Hors intersection,Normale,Deux véhicules - arrière,,,,,,,,,,,1,2,1,1.0,2.0
201800042102,0018-09-10 07:40:00,18,9,10,7,40,940,33,TRUCY (R DE),48.85217,2.45371,Plein jour,En agglomération,Intersection en X,Normale,Deux véhicules - côté,,,,,,,,,,,1,2,2,1.0,3.0
201800042103,0018-09-11 00:25:00,18,9,11,0,25,940,33,25 AOUT 1944 (BD DU),48.84738,2.47869,Nuit avec éclairage allumé,En agglomération,Intersection en X,Normale,Deux véhicules - côté,,,,,,,,,,,5,2,2,1.0,3.0
201800042104,0018-09-25 21:55:00,18,9,25,21,55,940,33,MARECHAL DE LATTRE DE TA,48.85784,2.49151,Nuit avec éclairage allumé,En agglomération,Intersection en Y,Normale,Deux véhicules - côté,,,,,,,,,,,5,2,4,1.0,3.0
201800042105,0018-10-08 18:30:00,18,10,8,18,30,940,33,ANDRE TESSIER (R),48.85146,2.47098,Plein jour,En agglomération,Hors intersection,Normale,Autre collision,,,,,,,,,,,1,2,1,1.0,6.0
201800042106,0018-10-15 20:00:00,18,10,15,20,0,940,33,MAIRIE (R DE LA),48.84675,2.47233,Nuit avec éclairage allumé,En agglomération,Hors intersection,Normale,Autre collision,,,,,,,,,,,5,2,1,1.0,6.0
201800042107,0018-10-31 08:30:00,18,10,31,8,30,940,33,LOUISON BOBET (AV),48.85238,2.48934,Plein jour,En agglomération,Intersection en X,Normale,Deux véhicules - côté,,,,,,,,,,,1,2,2,1.0,3.0
201800042108,0018-11-02 08:45:00,18,11,2,8,45,940,33,BD DE VERDUN,48.85439,2.46864,Plein jour,En agglomération,Intersection en Y,Normale,Deux véhicules - arrière,,,,,,,,,,,1,2,4,1.0,2.0
201800042109,0018-11-06 12:05:00,18,11,6,12,5,940,33,VERDUN (BD DE),48.8523,2.47202,Plein jour,En agglomération,Hors intersection,Normale,Autre collision,,,,,,,,,,,1,2,1,1.0,6.0
201800042110,0018-11-12 18:45:00,18,11,12,18,45,940,33,25 AOUT 1944 (BLD DU),48.84634,2.47882,Nuit avec éclairage allumé,En agglomération,Intersection en T,Normale,Deux véhicules - côté,,,,,,,,,,,5,2,3,1.0,3.0
201800042111,0018-11-13 14:23:00,18,11,13,14,23,940,33,LOUISON BOBET (AV),48.85527,2.49074,Plein jour,En agglomération,Giratoire,Normale,Deux véhicules - arrière,,,,,,,,,,,1,2,6,1.0,2.0
201800042112,0018-11-17 19:50:00,18,11,17,19,50,940,33,PARMENTIER (AV),48.85274,2.44939,Nuit sans éclairage public,En agglomération,Hors intersection,Normale,Deux véhicules - arrière,,,,,,,,,,,3,2,1,1.0,2.0
201800042113,0018-11-18 19:35:00,18,11,18,19,35,940,33,DALAYRAC (R),48.84903,2.4599,Nuit avec éclairage allumé,En agglomération,Intersection en X,Normale,Deux véhicules - frontale,,,,,,,,,,,5,2,2,1.0,1.0
201800042114,0018-11-28 22:00:00,18,11,28,22,0,940,33,VERDUN (BD DE),48.85118,2.47429,Nuit avec éclairage allumé,En agglomération,Intersection en X,Pluie légère,Deux véhicules - côté,,,,,,,,,,,5,2,2,2.0,3.0
201800042115,0018-12-05 16:00:00,18,12,5,16,0,940,33,CARNOT (R),48.85349,2.49209,Plein jour,En agglomération,Hors intersection,Normale,Deux véhicules - côté,,,,,,,,,,,1,2,1,1.0,3.0
201800042116,0018-01-03 12:25:00,18,1,3,12,25,940,3,"12, PAUL VAILLANT COUTUR",48.80361,2.33816,Plein jour,En agglomération,Hors intersection,Pluie légère,Trois véhicules et plus - en chaîne,,,,,,,,,,,1,2,1,2.0,4.0
201800042117,0018-01-04 14:45:00,18,1,4,14,45,940,43,"85, AV DE FONTAINEBLEAU",48.81004,2.36212,Plein jour,En agglomération,Giratoire,Pluie légère,Deux véhicules - côté,,,,,,,,,,,1,2,6,2.0,3.0
201800042118,0018-01-10 18:25:00,18,1,10,18,25,940,43,"25 ter, AV EUGENE THOMAS",48.48355,2.21332,Nuit avec éclairage allumé,En agglomération,Hors intersection,Normale,Deux véhicules - côté,,,,,,,,,,,5,2,1,1.0,3.0
201800042119,0018-01-11 08:20:00,18,1,11,8,20,940,3,JAURES / STALINGRAD,48.81086,2.33875,Crépuscule ou aube,En agglomération,Intersection en X,Pluie légère,Autre collision,,,,,,,,,,,2,2,2,2.0,6.0
201800042120,0018-01-11 14:10:00,18,1,11,14,10,940,76,"47, AV KARL MARX",48.78447,2.36201,Plein jour,En agglomération,Intersection en X,Temps couvert,Autre collision,,,,,,,,,,,1,2,2,8.0,6.0
201800042121,0018-01-11 18:15:00,18,1,11,18,15,940,3,"39, G MALLERET JOINVILLE",48.80333,2.34136,Crépuscule ou aube,En agglomération,Hors intersection,Normale,Autre collision,,,,,,,,,,,2,2,1,1.0,6.0
201800042122,0018-01-12 18:10:00,18,1,12,18,10,940,76,"01, R JEAN MERMOZ",48.78183,2.35858,Nuit avec éclairage allumé,En agglomération,Hors intersection,Normale,Autre collision,,,,,,,,,,,5,2,1,1.0,6.0
201800042123,0018-01-15 18:15:00,18,1,15,18,15,940,3,DURAND / LAPLACE,48.80855,2.33057,Nuit avec éclairage allumé,En agglomération,Intersection en X,Pluie légère,Autre collision,,,,,,,,,,,5,2,2,2.0,6.0
201800042124,0018-01-18 06:30:00,18,1,18,6,30,940,16,DELAGE / GEORGEON,48.79262,2.33695,Nuit avec éclairage allumé,En agglomération,Intersection en X,Pluie légère,Autre collision,,,,,,,,,,,5,2,2,2.0,6.0
201800042125,0018-01-19 07:20:00,18,1,19,7,20,940,76,"141, AV DE PARIS",48.80057,2.3652,Crépuscule ou aube,En agglomération,Hors intersection,Normale,Autre collision,,,,,,,,,,,2,2,1,1.0,6.0
201800042126,0018-01-21 13:34:00,18,1,21,13,34,940,76,"109, STALINGRAD",48.77968,2.36744,Plein jour,En agglomération,Intersection en X,Pluie légère,Deux véhicules - côté,,,,,,,,,,,1,2,2,2.0,3.0
201800042127,0018-01-20 23:20:00,18,1,20,23,20,940,16,WILSON / CARNOT,48.79658,2.33107,Nuit avec éclairage allumé,En agglomération,Intersection en X,Normale,Autre collision,,,,,,,,,,,5,2,2,1.0,6.0
201800042128,0018-01-21 23:45:00,18,1,21,23,45,940,37,BERTHELOT / RASPAIL,48.8128,2.34689,Nuit avec éclairage allumé,En agglomération,Intersection en T,Pluie légère,Autre collision,,,,,,,,,,,5,2,3,2.0,6.0
201800042129,0018-01-29 09:00:00,18,1,29,9,0,940,76,"66, R GUY MOCQUET",48.7977,2.35768,Plein jour,En agglomération,Hors intersection,Pluie légère,Deux véhicules - arrière,,,,,,,,,,,1,2,1,2.0,2.0
201800042130,0018-01-29 12:30:00,18,1,29,12,30,940,76,"25, BD MAXIME GORKI",48.79786,2.36776,Plein jour,En agglomération,Hors intersection,Normale,Deux véhicules - côté,,,,,,,,,,,1,2,1,1.0,3.0
201800042131,0018-01-31 08:00:00,18,1,31,8,0,940,16,"15, R MARX DORMOY",48.79408,2.33255,Nuit avec éclairage non allumé,En agglomération,Intersection en T,Pluie légère,Autre collision,,,,,,,,,,,4,2,3,2.0,6.0
201800042132,0018-02-04 12:20:00,18,2,4,12,20,940,43,"130, AV DE FONTAINEBLEAU",48.80766,2.36299,Plein jour,En agglomération,Hors intersection,Normale,Deux véhicules - côté,,,,,,,,,,,1,2,1,1.0,3.0
201800042133,0018-02-12 18:00:00,18,2,12,18,0,940,3,BERTHOLLET/DURAND,48.8044,2.32915,Crépuscule ou aube,En agglomération,Intersection en X,Temps couvert,Autre collision,,,,,,,,,,,2,2,2,8.0,6.0
201800042134,0018-02-13 10:10:00,18,2,13,10,10,940,76,COQUETTES/VANZETTI,48.80551,2.35993,Plein jour,En agglomération,Intersection en X,Autre,Deux véhicules - côté,,,,,,,,,,,1,2,2,9.0,3.0
201800042135,0018-02-14 10:30:00,18,2,14,10,30,940,76,"15, AV DE PARIS",48.80646,2.36336,Plein jour,En agglomération,Hors intersection,Temps couvert,Deux véhicules - arrière,,,,,,,,,,,1,2,1,8.0,2.0
201800042136,0018-02-16 13:35:00,18,2,16,13,35,940,3,COUTURIER/PERI,48.80006,2.34276,Plein jour,En agglomération,Intersection en X,Normale,Deux véhicules - frontale,,,,,,,,,,,1,2,2,1.0,1.0
201800042137,0018-02-16 14:45:00,18,2,16,14,45,940,76,GORKI/COMMUNE,48.79038,2.36915,Plein jour,En agglomération,Intersection en T,Normale,Trois véhicules et plus - collisions multiples,,,,,,,,,,,1,2,3,1.0,5.0
201800042138,0018-02-16 17:30:00,18,2,16,17,30,940,76,VARLIN/COUTURIER,48.7946,2.36294,Plein jour,En agglomération,Intersection en T,Normale,Deux véhicules - frontale,,,,,,,,,,,1,2,3,1.0,1.0
201800042139,0018-02-17 21:50:00,18,2,17,21,50,940,37,PERI/MAISONS,48.80554,2.34509,Nuit avec éclairage allumé,En agglomération,Intersection en T,Normale,Deux véhicules - arrière,,,,,,,,,,,5,2,3,1.0,2.0
201800042140,0018-02-18 16:45:00,18,2,18,16,45,940,16,"22, RUE GALLIENI",48.79593,2.33242,Plein jour,En agglomération,Hors intersection,Normale,Autre collision,,,,,,,,,,,1,2,1,1.0,6.0
201800042141,0018-02-19 18:10:00,18,2,19,18,10,940,16,LECLERC/TASSIGNY,48.79033,2.33149,Crépuscule ou aube,En agglomération,Giratoire,Pluie légère,Sans collision,,,,,,,,,,,2,2,6,2.0,7.0
201800042142,0018-02-20 16:20:00,18,2,20,16,20,940,76,ALLENDE/VERDUN,48.795,2.35435,Plein jour,En agglomération,Intersection en X,Normale,Deux véhicules - frontale,,,,,,,,,,,1,2,2,1.0,1.0
201800042143,0018-02-27 12:15:00,18,2,27,12,15,940,76,VEROLLOT/BABEUF,48.80794,2.36732,Plein jour,En agglomération,Intersection en Y,Neige / grêle,Sans collision,,,,,,,,,,,1,2,4,4.0,7.0
201800042144,0018-02-28 11:05:00,18,2,28,11,5,940,43,"18, AV DE FONTAINEBLEAU",48.8149,2.36073,Plein jour,En agglomération,Hors intersection,Normale,Autre collision,,,,,,,,,,,1,2,1,1.0,6.0
201800042145,0018-04-03 17:40:00,18,4,3,17,40,940,16,"5, R CAMILLE DESMOULINS",48.79431,2.33436,Plein jour,En agglomération,Hors intersection,Pluie légère,Autre collision,,,,,,,,,,,1,2,1,2.0,6.0
201800042146,0018-04-03 18:25:00,18,4,3,18,25,940,43,GERY/PARKING,48.80617,2.35797,Plein jour,En agglomération,Intersection en T,Normale,Deux véhicules - frontale,,,,,,,,,,,1,2,3,1.0,1.0
201800042147,0018-04-05 09:25:00,18,4,5,9,25,940,43,FONTAINEBLEAU/MICHELET,48.80989,2.36234,Plein jour,En agglomération,Giratoire,Pluie légère,Deux véhicules - côté,,,,,,,,,,,1,2,6,2.0,3.0
201800042148,0018-04-06 08:55:00,18,4,6,8,55,940,3,BRIAND/MANDELA,48.81132,2.3274,Plein jour,En agglomération,Intersection en Y,Normale,Deux véhicules - côté,,,,,,,,,,,1,2,4,1.0,3.0
201800042149,0018-04-06 17:25:00,18,4,6,17,25,940,16,"9, AV DE L'EUROPE",48.7864,2.32849,Plein jour,En agglomération,Hors intersection,Normale,Autre collision,,,,,,,,,,,1,2,1,1.0,6.0
201800042150,0018-04-07 19:05:00,18,4,7,19,5,940,3,"38, R DIV LECLERC",48.80392,2.33721,Plein jour,En agglomération,Hors intersection,Normale,Deux véhicules - côté,,,,,,,,,,,1,2,1,1.0,3.0
201800042151,0018-04-08 10:20:00,18,4,8,10,20,940,16,"26, COUSIN DE MERICOURT",48.79673,2.33429,Plein jour,En agglomération,Hors intersection,Normale,Deux véhicules - côté,,,,,,,,,,,1,2,1,1.0,3.0
201800042152,0018-04-10 21:30:00,18,4,10,21,30,940,76,17 AV P. V. COUTURIER,48.79479,2.36423,Nuit avec éclairage allumé,En agglomération,Hors intersection,Pluie légère,Deux véhicules - frontale,,,,,,,,,,,5,2,1,2.0,1.0
201800042153,0018-04-11 08:05:00,18,4,11,8,5,940,43,"42,R DE LA CONVENTION",48.86272,2.28759,Plein jour,En agglomération,Hors intersection,Temps éblouissant,Autre collision,,,,,,,,,,,1,2,1,7.0,6.0
201800042154,0018-04-18 21:45:00,18,4,18,21,45,940,76,"15, PAUL VAILLANT COUTUR",48.7948,2.36402,Nuit avec éclairage allumé,En agglomération,Hors intersection,Normale,Deux véhicules - côté,,,,,,,,,,,5,2,1,1.0,3.0
201800042155,0018-04-19 20:05:00,18,4,19,20,5,940,43,"36, CONVENTION / LECLERC",48.81217,2.3579,Plein jour,En agglomération,Intersection en X,Normale,Autre collision,,,,,,,,,,,1,2,2,1.0,6.0
201800042156,0018-04-20 10:45:00,18,4,20,10,45,940,43,"78, R GENERAL LECLERC",48.8103,2.35801,Plein jour,En agglomération,Hors intersection,Normale,Autre collision,,,,,,,,,,,1,2,1,1.0,6.0
201800042157,0018-04-20 19:15:00,18,4,20,19,15,940,76,"54, AV DE STALINGRAD",48.7859,2.36682,Plein jour,En agglomération,Hors intersection,Normale,Sans collision,,,,,,,,,,,1,2,1,1.0,7.0
201800042158,0018-04-22 03:51:00,18,4,22,3,51,940,3,"22, AV ARISTIDE BRIAND",48.8091,2.32633,Nuit avec éclairage allumé,En agglomération,Giratoire,Normale,Autre collision,,,,,,,,,,,5,2,6,1.0,6.0
201800042159,0018-04-22 10:15:00,18,4,22,10,15,940,16,"12, R ALBERT CAMUS",48.78777,2.33197,Plein jour,En agglomération,Hors intersection,Normale,Autre collision,,,,,,,,,,,1,2,1,1.0,6.0
201800042160,0018-04-24 07:30:00,18,4,24,7,30,940,3,"23, R ERNEST RENAN",48.80879,2.33464,Plein jour,En agglomération,Hors intersection,Normale,Autre collision,,,,,,,,,,,1,2,1,1.0,6.0
201800042161,0018-04-24 19:35:00,18,4,24,19,35,940,16,"30, AV DUMOTEL",48.7926,2.33503,Plein jour,En agglomération,Hors intersection,Normale,Autre collision,,,,,,,,,,,1,2,1,1.0,6.0
201800042162,0018-04-27 20:50:00,18,4,27,20,50,940,43,"19, R ELISEE RECLUS",48.81485,2.35637,Crépuscule ou aube,En agglomération,Hors intersection,Normale,Trois véhicules et plus - en chaîne,,,,,,,,,,,2,2,1,1.0,4.0
201800042163,0018-04-30 15:20:00,18,4,30,15,20,940,43,"07, MICHELET / REPOS",48.8103,2.36313,Plein jour,En agglomération,Intersection en T,Pluie légère,Deux véhicules - côté,,,,,,,,,,,1,2,3,2.0,3.0
201800042164,0018-05-02 17:10:00,18,5,2,17,10,940,43,"159, GABRIEL PERI (R)",48.86272,2.28759,Crépuscule ou aube,En agglomération,Intersection en X,Normale,Deux véhicules - côté,,,,,,,,,,,2,2,2,1.0,3.0
201800042165,0018-05-04 13:20:00,18,5,4,13,20,940,76,"53, MAXIME GORKI (BD)",48.7955,2.36864,Plein jour,En agglomération,Hors intersection,Normale,Deux véhicules - côté,,,,,,,,,,,1,2,1,1.0,3.0
201800042166,0018-05-04 17:00:00,18,5,4,17,0,940,76,"61, AV DE LA REPUBLIQUE",48.78842,2.36066,Plein jour,En agglomération,Hors intersection,Normale,Autre collision,,,,,,,,,,,1,2,1,1.0,6.0
201800042167,0018-05-04 22:35:00,18,5,4,22,35,940,43,"17, FONTAINEBLEAU (AV DE",48.81491,2.36086,Nuit avec éclairage allumé,En agglomération,Hors intersection,Normale,Autre collision,,,,,,,,,,,5,2,1,1.0,6.0
201800042168,0018-05-06 17:06:00,18,5,6,17,6,940,43,17 AV CHARLES GIDE,48.80723,2.35566,Plein jour,En agglomération,Hors intersection,Normale,Deux véhicules - côté,,,,,,,,,,,1,2,1,1.0,3.0
201800042169,0018-05-08 18:00:00,18,5,8,18,0,940,76,20 RUE MICHELET,48.80109,2.34995,Plein jour,En agglomération,Intersection en T,Normale,Deux véhicules - frontale,,,,,,,,,,,1,2,3,1.0,1.0
201800042170,0018-05-18 18:37:00,18,5,18,18,37,940,76,31 BD MAXIME GORKI,48.79746,2.36806,Plein jour,En agglomération,Intersection en X,Normale,Trois véhicules et plus - collisions multiples,,,,,,,,,,,1,2,2,1.0,5.0
201800042171,0018-05-19 10:10:00,18,5,19,10,10,940,43,26 AV DE FONTAINEBLEAU,48.81459,2.36055,Plein jour,En agglomération,Intersection en X,Normale,Deux véhicules - côté,,,,,,,,,,,1,2,2,1.0,3.0
201800042172,0018-05-20 21:45:00,18,5,20,21,45,940,76,"6, FRANCOIS BILLOUX (R)",48.80218,3.55479,Nuit avec éclairage allumé,En agglomération,Hors intersection,Normale,Autre collision,,,,,,,,,,,5,2,1,1.0,6.0
201800042173,0018-05-21 15:00:00,18,5,21,15,0,940,76,AVENUE DE STALINGRAD,48.7856,2.36685,Plein jour,En agglomération,Hors intersection,Normale,Autre collision,,,,,,,,,,,1,2,1,1.0,6.0
201800042174,0018-05-25 09:17:00,18,5,25,9,17,940,3,"56, VLADIMIR ILLITCH LEN",48.8117,2.33101,Plein jour,En agglomération,Hors intersection,Normale,Autre collision,,,,,,,,,,,1,2,1,1.0,6.0
201800042175,0018-05-25 19:50:00,18,5,25,19,50,940,3,"21, ARISTIDE BRIAND (AV)",48.80946,2.3268,Nuit sans éclairage public,En agglomération,Hors intersection,Temps couvert,Autre collision,,,,,,,,,,,3,2,1,8.0,6.0
201800042176,0018-05-26 15:30:00,18,5,26,15,30,940,43,47 RUE GABRIEL PERI,48.81244,2.35317,Plein jour,En agglomération,Intersection en X,Temps couvert,Deux véhicules - côté,,,,,,,,,,,1,2,2,8.0,3.0
201800042177,0018-05-28 14:50:00,18,5,28,14,50,940,37,"4, PLATANES (ALL DES)",48.81603,2.35399,Plein jour,En agglomération,Hors intersection,Normale,Deux véhicules - arrière,,,,,,,,,,,1,2,1,1.0,2.0
201800042178,0018-05-28 16:30:00,18,5,28,16,30,940,43,"1, PASTEUR (R)",48.81505,2.36089,Plein jour,En agglomération,Intersection en X,Normale,Autre collision,,,,,,,,,,,1,2,2,1.0,6.0
201800042179,0018-05-29 09:25:00,18,5,29,9,25,940,3,"27, MARX DORMOY (AV)",48.8097,2.3212,Plein jour,En agglomération,Hors intersection,Normale,Autre collision,,,,,,,,,,,1,2,1,1.0,6.0
201800042180,0018-05-31 10:30:00,18,5,31,10,30,940,76,"53, STALINGRAD (AV DE)",48.7849,2.36726,Plein jour,En agglomération,Intersection en X,Normale,Deux véhicules - côté,,,,,,,,,,,1,2,2,1.0,3.0
201800042181,0018-06-01 16:37:00,18,6,1,16,37,940,76,"28, SEVERINE (R)",48.8033,2.36868,Plein jour,En agglomération,Hors intersection,Temps couvert,Autre collision,,,,,,,,,,,1,2,1,8.0,6.0
201800042182,0018-06-04 09:20:00,18,6,4,9,20,940,37,14 AVENUE JEAN JAURES,48.8141,2.34981,Plein jour,En agglomération,Hors intersection,Normale,Autre collision,,,,,,,,,,,1,2,1,1.0,6.0
201800042183,0018-05-26 17:40:00,18,5,26,17,40,940,16,"92, LEON BLUM (AV)",48.78678,2.33742,Plein jour,En agglomération,Intersection en X,Normale,Deux véhicules - côté,,,,,,,,,,,1,2,2,1.0,3.0
201800042184,0018-06-04 20:45:00,18,6,4,20,45,940,43,"87, FONTAINEBLEAU (AV DE",48.81009,2.36238,Nuit avec éclairage allumé,En agglomération,Hors intersection,Normale,Autre collision,,,,,,,,,,,5,2,1,1.0,6.0
201800042185,0018-06-05 11:50:00,18,6,5,11,50,940,76,"58, JEAN BAPTISTE BAUDIN",48.7979,2.35522,Plein jour,En agglomération,Intersection en Y,Normale,Deux véhicules - côté,,,,,,,,,,,1,2,4,1.0,3.0
201800042186,0018-06-06 17:00:00,18,6,6,17,0,940,16,"129, ARISTIDE BRIAND (AV",48.7933,2.32094,Plein jour,En agglomération,Hors intersection,Pluie forte,Sans collision,,,,,,,,,,,1,2,1,3.0,7.0
201800042187,0018-06-08 08:55:00,18,6,8,8,55,940,76,"84, EDOUARD VAILLANT (R)",48.86272,2.28759,Plein jour,En agglomération,Hors intersection,Normale,Autre collision,,,,,,,,,,,1,2,1,1.0,6.0
201800042188,0018-06-11 19:15:00,18,6,11,19,15,940,76,"1, PAUL ELUARD (R)",48.7858,2.37269,Plein jour,En agglomération,Intersection en T,Pluie forte,Deux véhicules - côté,,,,,,,,,,,1,2,3,3.0,3.0
201800042189,0018-06-14 12:05:00,18,6,14,12,5,940,76,"106, MAXIME GORKI (BD)",48.79275,2.36927,Plein jour,En agglomération,Intersection en T,Normale,Deux véhicules - côté,,,,,,,,,,,1,2,3,1.0,3.0
201800042190,0018-06-15 14:52:00,18,6,15,14,52,940,3,"65, CONVENTION (AV DE LA",48.8036,2.33512,Plein jour,En agglomération,Intersection en T,Normale,Deux véhicules - côté,,,,,,,,,,,1,2,3,1.0,3.0
201800042191,0018-06-15 16:20:00,18,6,15,16,20,940,3,"76, LAPLACE (AV)",48.81,2.32756,Plein jour,En agglomération,Hors intersection,Normale,Autre collision,,,,,,,,,,,1,2,1,1.0,6.0
201800042192,0018-06-16 11:20:00,18,6,16,11,20,940,3,"69, ARISTIDE BRIAND",48.80592,2.32597,Plein jour,En agglomération,Intersection en X,Normale,Deux véhicules - arrière,,,,,,,,,,,1,2,2,1.0,2.0
201800042193,0018-06-17 14:20:00,18,6,17,14,20,940,43,"27, FONTAINEBLEAU (AV DE",48.81407,2.36127,Plein jour,En agglomération,Hors intersection,Normale,Autre collision,,,,,,,,,,,1,2,1,1.0,6.0
201800042194,0018-06-17 17:50:00,18,6,17,17,50,940,3,"50, LAPLACE (AV)",48.8087,2.33121,Plein jour,En agglomération,Hors intersection,Normale,Autre collision,,,,,,,,,,,1,2,1,1.0,6.0
201800042195,0018-06-18 18:15:00,18,6,18,18,15,940,3,"3, REIMS (R DE)",48.81,2.33,Plein jour,En agglomération,Intersection en T,Normale,Autre collision,,,,,,,,,,,1,2,3,1.0,6.0
201800042196,0018-06-18 18:00:00,18,6,18,18,0,940,16,"5, CAMILLE DESMOULINS (R",48.79446,2.33458,Plein jour,En agglomération,Hors intersection,Normale,Autre collision,,,,,,,,,,,1,2,1,1.0,6.0
201800042197,0018-06-18 16:40:00,18,6,18,16,40,940,76,"51, STALINGRAD (AV DE)",48.78512,2.36737,Plein jour,En agglomération,Hors intersection,Normale,Deux véhicules - arrière,,,,,,,,,,,1,2,1,1.0,2.0
201800042198,0018-06-21 15:50:00,18,6,21,15,50,940,37,"19, PRESIDENT ALLENDE (R",48.81286,2.34887,Plein jour,En agglomération,Intersection en T,Normale,Sans collision,,,,,,,,,,,1,2,3,1.0,7.0
201800042199,0018-06-22 12:00:00,18,6,22,12,0,940,37,"149, PAUL VAILLANT COUTU",48.8168,2.33338,Plein jour,En agglomération,Intersection en T,Normale,Deux véhicules - côté,,,,,,,,,,,1,2,3,1.0,3.0
201800042200,0018-06-23 18:55:00,18,6,23,18,55,940,76,"117, MAXIME GORKI (BD)",48.79234,2.36964,Plein jour,En agglomération,Hors intersection,Normale,Deux véhicules - côté,,,,,,,,,,,1,2,1,1.0,3.0
201800042201,0018-06-26 15:15:00,18,6,26,15,15,940,43,"106, FONTAINEBLEAU (AV D",48.86272,2.28759,Plein jour,En agglomération,Hors intersection,Normale,Deux véhicules - côté,,,,,,,,,,,1,2,1,1.0,3.0
201800042202,0018-06-27 15:50:00,18,6,27,15,50,940,43,"09, PROFESSEUR BERGONIE",48.8051,2.34558,Plein jour,En agglomération,Hors intersection,Normale,Sans collision,,,,,,,,,,,1,2,1,1.0,7.0
201800042203,0018-06-22 00:30:00,18,6,22,0,30,940,43,"131, FONTAINEBLEAU (AV D",48.80795,2.36315,Nuit avec éclairage allumé,En agglomération,Hors intersection,Normale,Sans collision,,,,,,,,,,,5,2,1,1.0,7.0
201800042204,0018-06-29 15:10:00,18,6,29,15,10,940,76,"2, PARIS (AV DE)",48.80695,2.36323,Plein jour,En agglomération,Hors intersection,Normale,Deux véhicules - arrière,,,,,,,,,,,1,2,1,1.0,2.0
201800042205,0018-07-04 21:00:00,18,7,4,21,0,940,76,"70, CHEVILLY (R DE)",48.7839,2.35461,Plein jour,En agglomération,Hors intersection,Normale,Autre collision,,,,,,,,,,,1,2,1,1.0,6.0
201800042206,0018-07-09 16:30:00,18,7,9,16,30,940,43,"75, CHARLES GIDE (AV)",48.8058,2.34928,Plein jour,En agglomération,Hors intersection,Normale,Sans collision,,,,,,,,,,,1,2,1,1.0,7.0
201800042207,0018-07-09 18:45:00,18,7,9,18,45,940,76,"44, PARIS (AV DE)",48.804,2.36392,Plein jour,En agglomération,Hors intersection,Normale,Deux véhicules - côté,,,,,,,,,,,1,2,1,1.0,3.0
201800042208,0018-07-10 07:50:00,18,7,10,7,50,940,76,"148, MAXIME GORKI (BD)",48.789,2.36824,Plein jour,En agglomération,Hors intersection,Normale,Autre collision,,,,,,,,,,,1,2,1,1.0,6.0
201800042209,0018-07-10 10:30:00,18,7,10,10,30,940,16,1 RUE MARX DORMOY,48.81459,2.36315,Plein jour,En agglomération,Intersection en T,Normale,Sans collision,,,,,,,,,,,1,2,3,1.0,7.0
201800042210,0018-07-13 16:00:00,18,7,13,16,0,940,76,"65, YOURI GAGARINE (R)",48.78077,2.35568,Plein jour,En agglomération,Hors intersection,Normale,Autre collision,,,,,,,,,,,1,2,1,1.0,6.0
201800042211,0018-07-13 18:00:00,18,7,13,18,0,940,76,"54, REPUBLIQUE (AV DE LA",48.78838,2.35876,Plein jour,En agglomération,Hors intersection,Normale,Sans collision,,,,,,,,,,,1,2,1,1.0,7.0
201800042212,0018-07-20 02:35:00,18,7,20,2,35,940,3,"56, PAUL VAILLANT COUTUR",48.8001,2.34283,Nuit avec éclairage allumé,En agglomération,Intersection en X,Normale,Deux véhicules - côté,,,,,,,,,,,5,2,2,1.0,3.0
201800042213,0018-07-20 12:30:00,18,7,20,12,30,940,3,"80, GABRIEL PERI (AV)",48.80061,2.34322,Plein jour,En agglomération,Hors intersection,Normale,Deux véhicules - côté,,,,,,,,,,,1,2,1,1.0,3.0
201800042214,0018-07-21 04:55:00,18,7,21,4,55,940,37,"2, RAYMOND LEFEBVRE (R)",48.81345,2.34268,Nuit avec éclairage allumé,En agglomération,Intersection en X,Normale,Deux véhicules - côté,,,,,,,,,,,5,2,2,1.0,3.0
201800042215,0018-07-24 11:07:00,18,7,24,11,7,940,76,"17-19, PAUL VAILLANT COU",48.79475,2.36428,Plein jour,En agglomération,Intersection en X,Normale,Sans collision,,,,,,,,,,,1,2,2,1.0,7.0
201800042216,0018-01-02 09:15:00,18,1,2,9,15,940,65,CHARENTES / NÎMES,48.75922,2.35924,Plein jour,En agglomération,Intersection en T,Temps couvert,Deux véhicules - côté,,,,,,,,,,,1,2,3,8.0,3.0
201800042217,0018-01-04 03:35:00,18,1,4,3,35,940,38,"23, R JULES FERRY",48.77786,2.35039,Nuit avec éclairage allumé,En agglomération,Hors intersection,Pluie légère,Autre collision,,,,,,,,,,,5,2,1,2.0,6.0
201800042218,0018-01-05 15:45:00,18,1,5,15,45,940,73,DUNANT / GAULLE,48.76922,2.37009,Plein jour,En agglomération,Intersection en T,Pluie légère,Deux véhicules - côté,,,,,,,,,,,1,2,3,2.0,3.0
201800042219,0018-01-05 20:30:00,18,1,5,20,30,940,73,BAS MARIN/A86,48.75587,2.38516,Nuit sans éclairage public,En agglomération,Intersection en X,Pluie légère,Deux véhicules - arrière,,,,,,,,,,,3,2,2,2.0,2.0