accident_id,datetime,annee,mois,jour,heure,minute,departement,commune_insee,adresse,latitude,longitude,luminosite,agglomeration,intersection,meteo,collision,nb_vehicules,nb_usagers,nb_indemnes,nb_tues,nb_blesses_hosp,nb_blesses_legers,age_cond_1,age_cond_2,veh_type_cond_1,veh_type_cond_2,lum_code,agg_code,int_code,atm_code,col_code
201800042220,0018-01-06 18:30:00,18,1,6,18,30,940,65,RN186,48.75387,2.36475,Nuit avec éclairage allumé,Hors agglomération,Intersection en Y,Normale,Deux véhicules - côté,,,,,,,,,,,5,1,4,1.0,3.0
201800042221,0018-01-08 19:20:00,18,1,8,19,20,940,65,LINDBERGH/BALTARD,48.75726,2.34486,Nuit avec éclairage allumé,En agglomération,Intersection en T,Normale,Trois véhicules et plus - en chaîne,,,,,,,,,,,5,2,3,1.0,4.0
201800042222,0018-01-11 13:20:00,18,1,11,13,20,940,65,LYON/AUVERGNE,48.75929,2.35558,Plein jour,En agglomération,Intersection en X,Normale,Deux véhicules - côté,,,,,,,,,,,1,2,2,1.0,3.0
201800042223,0018-01-13 16:00:00,18,1,13,16,0,940,21,SAUTET/HELLOUIN,48.76659,2.36628,Plein jour,En agglomération,Intersection en Y,Normale,Autre collision,,,,,,,,,,,1,2,4,1.0,6.0
201800042224,0018-01-14 11:50:00,18,1,14,11,50,940,21,DE GAULLE/JARDINS,48.77309,2.33845,Plein jour,En agglomération,Intersection en T,Normale,Autre collision,,,,,,,,,,,1,2,3,1.0,6.0
201800042225,0018-01-14 19:30:00,18,1,14,19,30,940,65,PL DE GAULLE/NOTRE DAME,48.74906,2.35097,Nuit avec éclairage allumé,En agglomération,Intersection en T,Normale,Autre collision,,,,,,,,,,,5,2,3,1.0,6.0
201800042226,0018-01-15 07:20:00,18,1,15,7,20,940,21,"100, AV DE STALINGRAD",48.77512,2.36753,Nuit avec éclairage allumé,En agglomération,Hors intersection,Normale,Deux véhicules - côté,,,,,,,,,,,5,2,1,1.0,3.0
201800042227,0018-01-16 11:30:00,18,1,16,11,30,940,73,GRIGNON/LORRAINE,48.75641,2.39855,Plein jour,En agglomération,Intersection en Y,Normale,Autre collision,,,,,,,,,,,1,2,4,1.0,6.0
201800042228,0018-01-17 16:00:00,18,1,17,16,0,940,38,"26, AV HENRI BARBUSSE",48.77695,2.32685,Plein jour,En agglomération,Hors intersection,Normale,Deux véhicules - côté,,,,,,,,,,,1,2,1,1.0,3.0
201800042229,0018-01-18 10:30:00,18,1,18,10,30,940,21,"4, AV DE BOURGOGNE",48.75984,2.35002,Plein jour,Hors agglomération,Hors intersection,Pluie légère,Autre collision,,,,,,,,,,,1,1,1,2.0,6.0
201800042230,0018-01-19 12:00:00,18,1,19,12,0,940,34,HERRIOT/LECLERC,48.757,2.32873,Plein jour,En agglomération,Intersection en Y,Pluie légère,Autre collision,,,,,,,,,,,1,2,4,2.0,6.0
201800042231,0018-01-22 16:30:00,18,1,22,16,30,940,38,FLOUQUET/GUE,48.77405,2.32486,Plein jour,En agglomération,Intersection en T,Temps couvert,Autre collision,,,,,,,,,,,1,2,3,8.0,6.0
201800042232,0018-01-24 21:50:00,18,1,24,21,50,940,73,ROOSEVELT/HUGO,48.76559,2.39655,Nuit avec éclairage allumé,En agglomération,Intersection en T,Temps couvert,Deux véhicules - côté,,,,,,,,,,,5,2,3,8.0,3.0
201800042233,0018-01-25 17:11:00,18,1,25,17,11,940,65,AVENUE DE L'EUROPE,48.75225,2.35535,Nuit avec éclairage allumé,En agglomération,Hors intersection,Pluie légère,Autre collision,,,,,,,,,,,5,2,1,2.0,6.0
201800042234,0018-01-27 20:35:00,18,1,27,20,35,940,65,RN 186,48.75386,2.36569,Nuit sans éclairage public,Hors agglomération,Intersection en Y,Normale,Deux véhicules - arrière,,,,,,,,,,,3,1,4,1.0,2.0
201800042235,0018-01-27 12:25:00,18,1,27,12,25,940,38,HOCHART/STALINGRAD,48.77934,2.36714,Plein jour,En agglomération,Giratoire,Pluie légère,Autre collision,,,,,,,,,,,1,2,6,2.0,6.0
201800042236,0018-01-29 17:45:00,18,1,29,17,45,940,73,HALGOULT/PANHARD,48.76302,2.40129,Nuit avec éclairage allumé,En agglomération,Intersection en X,Normale,Deux véhicules - côté,,,,,,,,,,,5,2,2,1.0,3.0
201800042237,0018-02-01 11:35:00,18,2,1,11,35,940,73,MYOSOTIS/TILLEULS,48.7511,2.40293,Plein jour,En agglomération,Intersection en T,Normale,Deux véhicules - côté,,,,,,,,,,,1,2,3,1.0,3.0
201800042238,0018-02-12 05:10:00,18,2,12,5,10,940,21,HALLES/VANNE,48.76161,2.34528,Nuit avec éclairage allumé,En agglomération,Intersection en Y,Autre,Autre collision,,,,,,,,,,,5,2,4,9.0,6.0
201800042239,0018-02-12 09:30:00,18,2,12,9,30,940,34,ZOLA/CHARCOT,48.76266,2.32712,Plein jour,En agglomération,Intersection en Y,Normale,Autre collision,,,,,,,,,,,1,2,4,1.0,6.0
201800042240,0018-02-21 09:06:00,18,2,21,9,6,940,21,AV ARMAND PETITJEAN,48.77875,2.36727,Plein jour,En agglomération,Hors intersection,Normale,Autre collision,,,,,,,,,,,1,2,1,1.0,6.0
201800042241,0018-02-22 08:55:00,18,2,22,8,55,940,34,"69, RUE EMILE ZOLA",48.76343,2.32743,Plein jour,En agglomération,Hors intersection,Normale,Autre collision,,,,,,,,,,,1,2,1,1.0,6.0
201800042242,0018-02-27 09:20:00,18,2,27,9,20,940,65,STRASBOURG/NIMES,48.75871,2.35808,Plein jour,En agglomération,Intersection en X,Normale,Deux véhicules - côté,,,,,,,,,,,1,2,2,1.0,3.0
201800042243,0018-03-01 20:40:00,18,3,1,20,40,940,73,CC Bel Epine,48.75595,2.37365,Nuit avec éclairage allumé,En agglomération,Hors intersection,Normale,Deux véhicules - côté,,,,,,,,,,,5,2,1,1.0,3.0
201800042244,0018-03-03 19:00:00,18,3,3,19,0,940,21,AV DE STALINGRAD,48.75874,2.3684,Nuit avec éclairage allumé,Hors agglomération,Hors intersection,Normale,Deux véhicules - côté,,,,,,,,,,,5,1,1,1.0,3.0
201800042245,0018-03-07 02:00:00,18,3,7,2,0,940,65,RN 186,48.75411,2.36741,Nuit avec éclairage allumé,En agglomération,Hors intersection,Pluie légère,Sans collision,,,,,,,,,,,5,2,1,2.0,7.0
201800042246,0018-02-26 13:00:00,18,2,26,13,0,940,73,RN 186 (Autoroute),48.75322,2.36118,Plein jour,Hors agglomération,Hors intersection,Normale,Deux véhicules - arrière,,,,,,,,,,,1,1,1,1.0,2.0
201800042247,0018-03-10 09:25:00,18,3,10,9,25,940,34,DIVISION LECLERC / PAIX,48.7577,2.32877,Plein jour,En agglomération,Giratoire,Pluie légère,Autre collision,,,,,,,,,,,1,2,6,2.0,6.0
201800042248,0018-03-10 23:15:00,18,3,10,23,15,940,73,RENE PANHARD / COUTURIER,48.7639,2.39362,Nuit avec éclairage allumé,En agglomération,Intersection en T,Pluie légère,Deux véhicules - côté,,,,,,,,,,,5,2,3,2.0,3.0
201800042249,0018-03-12 17:45:00,18,3,12,17,45,940,38,FLOUQUET / SANGNIER,48.76711,2.31902,Plein jour,En agglomération,Intersection en X,Normale,Autre collision,,,,,,,,,,,1,2,2,1.0,6.0
201800042250,0018-03-14 08:00:00,18,3,14,8,0,940,73,R DES ALOUETTES,48.75421,2.38615,Plein jour,En agglomération,Intersection en T,Normale,Deux véhicules - arrière,,,,,,,,,,,1,2,3,1.0,2.0
201800042251,0018-03-17 13:00:00,18,3,17,13,0,940,21,JEAN MERMOZ / GUYNEMER,48.76682,2.33581,Plein jour,En agglomération,Intersection en X,Pluie légère,Deux véhicules - côté,,,,,,,,,,,1,2,2,2.0,3.0
201800042252,0018-03-21 13:44:00,18,3,21,13,44,940,65,AV CHARLES LINDBERGH,48.75052,2.35465,Plein jour,En agglomération,Autre intersection,Normale,Deux véhicules - côté,,,,,,,,,,,1,2,9,1.0,3.0
201800042253,0018-03-25 12:00:00,18,3,25,12,0,940,38,"07, GUSTAVE CHARPENTIER",48.77918,2.36296,Plein jour,En agglomération,Hors intersection,Normale,Deux véhicules - côté,,,,,,,,,,,1,2,1,1.0,3.0
201800042254,0018-03-29 00:05:00,18,3,29,0,5,940,38,COUTURIER / THIRARD,48.77845,2.34058,Nuit avec éclairage allumé,En agglomération,Intersection en X,Normale,Deux véhicules - côté,,,,,,,,,,,5,2,2,1.0,3.0
201800042255,0018-04-03 20:05:00,18,4,3,20,5,940,38,BICETRE / CHEVILLY,48.77393,2.35181,Crépuscule ou aube,En agglomération,Intersection en X,Normale,Deux véhicules - côté,,,,,,,,,,,2,2,2,1.0,3.0
201800042256,0018-04-05 00:35:00,18,4,5,0,35,940,21,PEPINIERES / ST POL,48.76536,2.34628,Nuit avec éclairage allumé,Hors agglomération,Intersection en T,Pluie légère,Deux véhicules - côté,,,,,,,,,,,5,1,3,2.0,3.0
201800042257,0018-04-05 07:30:00,18,4,5,7,30,940,34,"10, AV DE STALINGRAD",48.76083,2.3327,Plein jour,En agglomération,Hors intersection,Normale,Deux véhicules - arrière,,,,,,,,,,,1,2,1,1.0,2.0
201800042258,0018-04-06 11:50:00,18,4,6,11,50,940,65,A86 PR48+600,48.75361,2.36009,Plein jour,Hors agglomération,Hors intersection,Normale,Deux véhicules - côté,,,,,,,,,,,1,1,1,1.0,3.0
201800042259,0018-04-10 21:40:00,18,4,10,21,40,940,34,BARRAGE / CHATEAU,48.75949,2.31271,Nuit avec éclairage allumé,En agglomération,Intersection en T,Normale,Deux véhicules - côté,,,,,,,,,,,5,2,3,1.0,3.0
201800042260,0018-04-14 11:10:00,18,4,14,11,10,940,73,REPUBLIQUE / ORVILLIERS,48.7697,2.39585,Plein jour,En agglomération,Intersection en X,Temps couvert,Deux véhicules - côté,,,,,,,,,,,1,2,2,8.0,3.0
201800042261,0018-04-15 04:50:00,18,4,15,4,50,940,73,FONTAINEBLEAU / PERRET,48.76383,2.36838,Nuit avec éclairage allumé,En agglomération,Place,Normale,Autre collision,,,,,,,,,,,5,2,7,1.0,6.0
201800042262,0018-04-17 08:10:00,18,4,17,8,10,940,34,CARR DE LA DEPORTATION,48.76057,2.31828,Plein jour,En agglomération,Giratoire,Normale,Autre collision,,,,,,,,,,,1,2,6,1.0,6.0
201800042263,0018-04-18 11:00:00,18,4,18,11,0,940,73,PARKING CC BELLE EPINE,48.75694,2.36908,Plein jour,En agglomération,Place,Normale,Deux véhicules - côté,,,,,,,,,,,1,2,7,1.0,3.0
201800042264,0018-04-18 15:20:00,18,4,18,15,20,940,34,"14, ABREUVOIR / HERRIOT",48.75598,2.32803,Plein jour,En agglomération,Intersection en X,Normale,Deux véhicules - côté,,,,,,,,,,,1,2,2,1.0,3.0
201800042265,0018-04-19 09:50:00,18,4,19,9,50,940,73,"5, R DES ALOUETTES",48.75261,2.37628,Plein jour,En agglomération,Hors intersection,Normale,Deux véhicules - côté,,,,,,,,,,,1,2,1,1.0,3.0
201800042266,0018-04-20 18:35:00,18,4,20,18,35,940,65,AV LINDBERGH / A86,48.75571,2.34673,Plein jour,En agglomération,Intersection en T,Normale,Deux véhicules - côté,,,,,,,,,,,1,2,3,1.0,3.0
201800042267,0018-04-23 20:05:00,18,4,23,20,5,940,73,PAIX / MAI 1945,48.7522,2.3991,Plein jour,En agglomération,Intersection en T,Normale,Deux véhicules - côté,,,,,,,,,,,1,2,3,1.0,3.0
201800042268,0018-04-27 15:03:00,18,4,27,15,3,940,38,"5 BIS, R HENRI THIRARD",48.77857,2.33933,Plein jour,En agglomération,Hors intersection,Normale,Deux véhicules - côté,,,,,,,,,,,1,2,1,1.0,3.0
201800042269,0018-04-29 10:00:00,18,4,29,10,0,940,73,25 AOUT 1944 / LECLERC,48.76144,2.40305,Plein jour,En agglomération,Intersection en X,Autre,Deux véhicules - frontale,,,,,,,,,,,1,2,2,9.0,1.0
201800042270,0018-05-04 07:09:00,18,5,4,7,9,940,65,"., LORRAINE (RUE DE)",48.76397,2.35481,Plein jour,En agglomération,Hors intersection,Normale,Autre collision,,,,,,,,,,,1,2,1,1.0,6.0
201800042271,0018-05-04 08:35:00,18,5,4,8,35,940,38,"., LARROUMES (AV)",48.77595,2.33002,Plein jour,En agglomération,Hors intersection,Normale,Deux véhicules - côté,,,,,,,,,,,1,2,1,1.0,3.0
201800042272,0018-05-04 14:45:00,18,5,4,14,45,940,38,"22, PAQUERETTES (R DES)",48.77883,2.352,Plein jour,En agglomération,Intersection en T,Normale,Deux véhicules - arrière,,,,,,,,,,,1,2,3,1.0,2.0
201800042273,0018-05-04 18:20:00,18,5,4,18,20,940,73,REPUBLIQUE (AV DE LA),48.7,2.39,Plein jour,En agglomération,Intersection en X,Normale,Deux véhicules - côté,,,,,,,,,,,1,2,2,1.0,3.0
201800042274,0018-05-05 16:25:00,18,5,5,16,25,940,34,"57, REPUBLIQUE (AV DE LA",48.7601,2.31904,Plein jour,En agglomération,Intersection en X,Normale,Autre collision,,,,,,,,,,,1,2,2,1.0,6.0
201800042275,0018-05-08 16:50:00,18,5,8,16,50,940,73,"2, JULES GOURIE (R)",48.76327,2.39953,Plein jour,En agglomération,Hors intersection,Normale,Sans collision,,,,,,,,,,,1,2,1,1.0,7.0
201800042276,0018-05-12 06:15:00,18,5,12,6,15,940,65,AV CHARLES LINDBERGH,48.75318,2.394,Crépuscule ou aube,En agglomération,Giratoire,Normale,Deux véhicules - arrière,,,,,,,,,,,2,2,6,1.0,2.0
201800042277,0018-05-13 10:45:00,18,5,13,10,45,940,73,AV GENERAL DE GAULLE,48.768,2.37384,Plein jour,En agglomération,Intersection en T,Temps couvert,Deux véhicules - côté,,,,,,,,,,,1,2,3,8.0,3.0
201800042278,0018-05-16 19:10:00,18,5,16,19,10,940,34,61-65 RUE EMILE ZOLA,48.7647,2.32756,Plein jour,En agglomération,Intersection en Y,Normale,Autre collision,,,,,,,,,,,1,2,4,1.0,6.0
201800042279,0018-05-17 14:45:00,18,5,17,14,45,940,34,50 AV DIVISION LECLERC,48.75852,2.32468,Plein jour,En agglomération,Hors intersection,Normale,Autre collision,,,,,,,,,,,1,2,1,1.0,6.0
201800042280,0018-05-17 20:30:00,18,5,17,20,30,940,34,14-16 AVENUE E HERRIOT,48.75423,2.32662,Crépuscule ou aube,En agglomération,Hors intersection,Normale,Trois véhicules et plus - en chaîne,,,,,,,,,,,2,2,1,1.0,4.0
201800042281,0018-05-18 16:00:00,18,5,18,16,0,940,73,"114, GENERAL DE GAULLE (",48.7686,2.36968,Plein jour,En agglomération,Autre intersection,Normale,Deux véhicules - frontale,,,,,,,,,,,1,2,9,1.0,1.0
201800042282,0018-05-22 22:45:00,18,5,22,22,45,940,73,ROUTE NATIONALE 86,48.75354,2.37652,Nuit avec éclairage allumé,Hors agglomération,Autre intersection,Temps couvert,Autre collision,,,,,,,,,,,5,1,9,8.0,6.0
201800042283,0018-05-23 12:00:00,18,5,23,12,0,940,65,AVENUE C LINDBERGH,48.74498,2.36023,Plein jour,En agglomération,Intersection en T,Normale,Deux véhicules - frontale,,,,,,,,,,,1,2,3,1.0,1.0
201800042284,0018-05-23 18:10:00,18,5,23,18,10,940,21,40 RUE JULES BOHY,48.7708,2.33752,Plein jour,En agglomération,Intersection en T,Normale,Sans collision,,,,,,,,,,,1,2,3,1.0,7.0
201800042285,0018-05-23 12:40:00,18,5,23,12,40,940,73,BD DE STALINGRAD,48.7711,2.40084,Plein jour,En agglomération,Intersection en X,Normale,Deux véhicules - côté,,,,,,,,,,,1,2,2,1.0,3.0
201800042286,0018-05-24 13:55:00,18,5,24,13,55,940,73,"227, FONTAINEBLEAU (AV D",48.76544,2.3683,Plein jour,En agglomération,Hors intersection,Normale,Deux véhicules - arrière,,,,,,,,,,,1,2,1,1.0,2.0
201800042287,0018-05-27 13:45:00,18,5,27,13,45,940,21,GEORGES GUYNEMER (AV),48.76366,2.33916,Plein jour,En agglomération,Hors intersection,Normale,Autre collision,,,,,,,,,,,1,2,1,1.0,6.0
201800042288,0018-06-01 08:30:00,18,6,1,8,30,940,38,"24, SAINTE COLOMBE (R)",48.77844,2.35949,Plein jour,En agglomération,Hors intersection,Temps couvert,Autre collision,,,,,,,,,,,1,2,1,8.0,6.0
201800042289,0018-06-01 18:40:00,18,6,1,18,40,940,38,"., BICETRE (R DE)",48.77243,2.35065,Plein jour,En agglomération,Intersection en T,Temps couvert,Deux véhicules - côté,,,,,,,,,,,1,2,3,8.0,3.0
201800042290,0018-06-04 18:30:00,18,6,4,18,30,940,73,"., STALINGRAD - CAR DES",48.77125,2.40094,Plein jour,En agglomération,Hors intersection,Normale,Deux véhicules - côté,,,,,,,,,,,1,2,1,1.0,3.0
201800042291,0018-06-05 12:30:00,18,6,5,12,30,940,21,COTE D'AZUR (AVENUE),48.765,2.34821,Plein jour,Hors agglomération,Hors intersection,Pluie légère,Deux véhicules - côté,,,,,,,,,,,1,1,1,2.0,3.0
201800042292,0018-06-05 18:50:00,18,6,5,18,50,940,21,"5, EDITH PIAF (R)",48.77201,2.36141,Plein jour,En agglomération,Hors intersection,Normale,Autre collision,,,,,,,,,,,1,2,1,1.0,6.0
201800042293,0018-06-05 05:50:00,18,6,5,5,50,940,65,"., CHARLES LINDBERGH (AV",48.75347,2.34965,Crépuscule ou aube,En agglomération,Hors intersection,Pluie forte,Deux véhicules - frontale,,,,,,,,,,,2,2,1,3.0,1.0
201800042294,0018-06-07 12:55:00,18,6,7,12,55,940,65,BRETAGNE (ALLEE DE),48.76173,2.35671,Plein jour,En agglomération,Autre intersection,Normale,Deux véhicules - côté,,,,,,,,,,,1,2,9,1.0,3.0
201800042295,0018-06-07 17:30:00,18,6,7,17,30,940,38,TULIPES (R DES),48.7774,2.35307,Plein jour,En agglomération,Intersection en T,Normale,Deux véhicules - côté,,,,,,,,,,,1,2,3,1.0,3.0
201800042296,0018-06-08 15:35:00,18,6,8,15,35,940,38,"., PAUL VAILLANT COUTURI",48.7739,2.3517,Plein jour,En agglomération,Intersection en X,Normale,Autre collision,,,,,,,,,,,1,2,2,1.0,6.0
201800042297,0018-06-01 07:25:00,18,6,1,7,25,940,65,EUROPE (AV DE L),48.75167,2.35521,Plein jour,Hors agglomération,Hors intersection,Normale,Autre collision,,,,,,,,,,,1,1,1,1.0,6.0
201800042298,0018-06-13 09:55:00,18,6,13,9,55,940,65,Route nationale 186,48.75327,2.35766,Plein jour,En agglomération,Hors intersection,Normale,Deux véhicules - côté,,,,,,,,,,,1,2,1,1.0,3.0
201800042299,0018-06-13 22:40:00,18,6,13,22,40,940,21,PLACE MARECHAL DE LATTRE,48.7719,2.36679,Nuit avec éclairage allumé,En agglomération,Place,Normale,Autre collision,,,,,,,,,,,5,2,7,1.0,6.0
201800042300,0018-06-14 14:20:00,18,6,14,14,20,940,65,TROIS MARCHES (AV),48.76016,2.35327,Plein jour,En agglomération,Giratoire,Normale,Deux véhicules - côté,,,,,,,,,,,1,2,6,1.0,3.0
201800042301,0018-06-14 23:40:00,18,6,14,23,40,940,38,"25, SAINTE COLOMBE (R)",48.77684,2.36332,Nuit avec éclairage allumé,En agglomération,Hors intersection,Normale,Deux véhicules - côté,,,,,,,,,,,5,2,1,1.0,3.0
201800042302,0018-06-16 12:20:00,18,6,16,12,20,940,34,"95, LIBERTE (AV DE LA)",48.76677,2.31963,Plein jour,En agglomération,Hors intersection,Normale,Deux véhicules - arrière,,,,,,,,,,,1,2,1,1.0,2.0
201800042303,0018-06-17 23:15:00,18,6,17,23,15,940,38,"., BICETRE (R DE)",48.77391,2.35185,Nuit avec éclairage allumé,En agglomération,Intersection en X,Normale,Deux véhicules - côté,,,,,,,,,,,5,2,2,1.0,3.0
201800042304,0018-06-18 15:15:00,18,6,18,15,15,940,73,LUXEMBOURG (AV DU),48.75573,2.37391,Plein jour,En agglomération,Intersection en X,Normale,Deux véhicules - côté,,,,,,,,,,,1,2,2,1.0,3.0
201800042305,0018-06-18 16:35:00,18,6,18,16,35,940,38,"01, ALBERT WATEL (R)",48.77779,2.33516,Plein jour,En agglomération,Hors intersection,Normale,Autre collision,,,,,,,,,,,1,2,1,1.0,6.0
201800042306,0018-06-19 21:50:00,18,6,19,21,50,940,73,"41, VERSAILLES (AV DE)",48.76131,2.40321,Nuit avec éclairage allumé,En agglomération,Intersection en X,Normale,Deux véhicules - côté,,,,,,,,,,,5,2,2,1.0,3.0
201800042307,0018-06-22 07:10:00,18,6,22,7,10,940,21,DES MARAICHERS (AV),48.76434,2.35172,Plein jour,En agglomération,Hors intersection,Temps éblouissant,Deux véhicules - frontale,,,,,,,,,,,1,2,1,7.0,1.0
201800042308,0018-06-22 11:30:00,18,6,22,11,30,940,21,"., MONTPELLIERS (RUE DE)",48.76326,2.35195,Plein jour,En agglomération,Hors intersection,Normale,Autre collision,,,,,,,,,,,1,2,1,1.0,6.0
201800042309,0018-06-22 13:05:00,18,6,22,13,5,940,73,BD DE L'EUROPE,48.75698,2.37057,Plein jour,Hors agglomération,Autre intersection,Normale,Deux véhicules - côté,,,,,,,,,,,1,1,9,1.0,3.0
201800042310,0018-06-23 15:30:00,18,6,23,15,30,940,73,GUSTAVE LEVEILLE (R),48.7631,2.38709,Plein jour,En agglomération,Intersection en Y,Normale,Autre collision,,,,,,,,,,,1,2,4,1.0,6.0
201800042311,0018-06-25 08:20:00,18,6,25,8,20,940,38,HENRI THIRARD (R),48.77822,2.34198,Plein jour,En agglomération,Intersection en T,Normale,Autre collision,,,,,,,,,,,1,2,3,1.0,6.0
201800042312,0018-06-25 09:00:00,18,6,25,9,0,940,21,"4, CROIX DU SUD (AV DE L",48.77024,2.34242,Plein jour,En agglomération,Hors intersection,Normale,Autre collision,,,,,,,,,,,1,2,1,1.0,6.0
201800042313,0018-06-27 18:35:00,18,6,27,18,35,940,73,"5, ALOUETTES (R DES)",48.75254,2.37634,Plein jour,En agglomération,Hors intersection,Normale,Deux véhicules - côté,,,,,,,,,,,1,2,1,1.0,3.0
201800042314,0018-06-27 21:00:00,18,6,27,21,0,940,38,"22, JEAN JAURES (R)",48.77892,2.33557,Plein jour,En agglomération,Intersection en T,Normale,Deux véhicules - côté,,,,,,,,,,,1,2,3,1.0,3.0
201800042315,0018-06-28 14:45:00,18,6,28,14,45,940,34,"22, EDOUARD HERRIOT (AV)",48.75382,2.32641,Plein jour,En agglomération,Hors intersection,Normale,Autre collision,,,,,,,,,,,1,2,1,1.0,6.0
201800042316,0018-06-28 21:00:00,18,6,28,21,0,940,38,"3, PERVENCHES (ALL DES)",48.7769,2.3472,Plein jour,En agglomération,Hors intersection,Normale,Deux véhicules - côté,,,,,,,,,,,1,2,1,1.0,3.0
201800042317,0018-06-29 16:25:00,18,6,29,16,25,940,73,"12, BAS MARIN (R DU)",48.754,2.38656,Plein jour,En agglomération,Hors intersection,Normale,Deux véhicules - arrière,,,,,,,,,,,1,2,1,1.0,2.0
201800042318,0018-06-30 07:25:00,18,6,30,7,25,940,73,ROUTE NATIONALE 186,48.75449,2.38102,Plein jour,Hors agglomération,Hors intersection,Normale,Trois véhicules et plus - en chaîne,,,,,,,,,,,1,1,1,1.0,4.0
201800042319,0018-07-02 07:30:00,18,7,2,7,30,940,65,"95, SOLETS (R DES)",48.74217,2.35311,Plein jour,En agglomération,Hors intersection,Normale,Trois véhicules et plus - collisions multiples,,,,,,,,,,,1,2,1,1.0,5.0
201800042320,0018-07-03 07:30:00,18,7,3,7,30,940,73,RN 186,48.754,2.37031,Plein jour,En agglomération,Hors intersection,Normale,Trois véhicules et plus - en chaîne,,,,,,,,,,,1,2,1,1.0,4.0
201800042321,0018-07-04 13:10:00,18,7,4,13,10,940,65,TROIS MARCHES (Av des),48.75925,2.35096,Plein jour,En agglomération,Place,Normale,Deux véhicules - côté,,,,,,,,,,,1,2,7,1.0,3.0
201800042322,0018-07-06 10:40:00,18,7,6,10,40,940,34,"85, LIBERTE (AV DE LA)",48.76573,2.31841,Plein jour,En agglomération,Hors intersection,Normale,Deux véhicules - arrière,,,,,,,,,,,1,2,1,1.0,2.0
201800042323,0018-07-07 12:10:00,18,7,7,12,10,940,73,"1, boulevard de l'europe",48.75694,2.36909,Plein jour,En agglomération,Intersection en T,Normale,Deux véhicules - côté,,,,,,,,,,,1,2,3,1.0,3.0
201800042324,0018-07-07 18:00:00,18,7,7,18,0,940,73,ALOUETTES (R DES),48.75288,2.3782,Plein jour,En agglomération,Hors intersection,Normale,Autre collision,,,,,,,,,,,1,2,1,1.0,6.0
201800042325,0018-07-10 19:45:00,18,7,10,19,45,940,38,"14, VANEL (R)",48.7779,2.32874,Plein jour,En agglomération,Hors intersection,Normale,Deux véhicules - frontale,,,,,,,,,,,1,2,1,1.0,1.0
201800042326,0018-07-11 21:10:00,18,7,11,21,10,940,38,"123, CHEVILLY (R DE)",48.77392,2.35183,Plein jour,En agglomération,Intersection en X,Normale,Deux véhicules - frontale,,,,,,,,,,,1,2,2,1.0,1.0
201800042327,0018-07-14 15:50:00,18,7,14,15,50,940,21,"344, STALINGRAD (AV DE)",48.76265,2.3681,Plein jour,En agglomération,Hors intersection,Normale,Deux véhicules - côté,,,,,,,,,,,1,2,1,1.0,3.0
201800042328,0018-07-16 05:30:00,18,7,16,5,30,940,73,FONTAINEBLEAU (AV DE),48.75922,2.36936,Crépuscule ou aube,En agglomération,Hors intersection,Normale,Deux véhicules - frontale,,,,,,,,,,,2,2,1,1.0,1.0
201800042329,0018-07-16 16:00:00,18,7,16,16,0,940,65,PONT DES HALLES (R DU),48.7575,2.34727,Plein jour,En agglomération,Hors intersection,Normale,Deux véhicules - arrière,,,,,,,,,,,1,2,1,1.0,2.0
201800042330,0018-07-18 13:50:00,18,7,18,13,50,940,21,"1, rue des meuniers",48.76112,2.36037,Plein jour,En agglomération,Hors intersection,Normale,Deux véhicules - côté,,,,,,,,,,,1,2,1,1.0,3.0
201800042331,0018-07-18 23:40:00,18,7,18,23,40,940,73,VERSAILLES (AV DE),48.7595,2.39608,Nuit avec éclairage allumé,En agglomération,Hors intersection,Normale,Autre collision,,,,,,,,,,,5,2,1,1.0,6.0
201800042332,0018-07-20 18:05:00,18,7,20,18,5,940,73,STALINGRAD (BD DE),48.76708,2.40366,Plein jour,En agglomération,Intersection en X,Normale,Trois véhicules et plus - en chaîne,,,,,,,,,,,1,2,2,1.0,4.0
201800042333,0018-07-23 17:30:00,18,7,23,17,30,940,38,LARROUMES (AVE),48.77776,2.33368,Plein jour,En agglomération,Intersection en T,Normale,Autre collision,,,,,,,,,,,1,2,3,1.0,6.0
201800042334,0018-07-24 10:30:00,18,7,24,10,30,940,73,"2, FRATERNITE (R DE LA)",48.76641,2.3882,Plein jour,En agglomération,Intersection en X,Normale,Deux véhicules - côté,,,,,,,,,,,1,2,2,1.0,3.0
201800042335,0018-07-28 18:00:00,18,7,28,18,0,940,73,NORD (BD DU ),48.75839,2.37052,Plein jour,En agglomération,Autre intersection,Normale,Deux véhicules - côté,,,,,,,,,,,1,2,9,1.0,3.0
201800042336,0018-07-30 17:00:00,18,7,30,17,0,940,65,CHARLES LINDBERGH (AV),48.75721,2.34489,Plein jour,En agglomération,Hors intersection,Normale,Trois véhicules et plus - en chaîne,,,,,,,,,,,1,2,1,1.0,4.0
201800042337,0018-07-31 17:32:00,18,7,31,17,32,940,65,CHARLES LINDBERGH (AV),48.75734,2.34475,Plein jour,En agglomération,Hors intersection,Normale,Deux véhicules - arrière,,,,,,,,,,,1,2,1,1.0,2.0
201800042338,0018-08-01 08:40:00,18,8,1,8,40,940,73,RN 186,48.75514,2.36834,Plein jour,Hors agglomération,Intersection en X,Normale,Deux véhicules - arrière,,,,,,,,,,,1,1,2,1.0,2.0
201800042339,0018-08-01 19:30:00,18,8,1,19,30,940,73,FONTAINEBLEAU (AV DE),48.75458,2.37017,Plein jour,En agglomération,Intersection en Y,Normale,Sans collision,,,,,,,,,,,1,2,4,1.0,7.0
201800042340,0018-08-09 02:15:00,18,8,9,2,15,940,65,RTP DE L'EUROPE,48.75327,2.34973,Nuit avec éclairage allumé,En agglomération,Giratoire,Normale,Autre collision,,,,,,,,,,,5,2,6,1.0,6.0