accident_id,datetime,annee,mois,jour,heure,minute,departement,commune_insee,adresse,latitude,longitude,luminosite,agglomeration,intersection,meteo,collision,nb_vehicules,nb_usagers,nb_indemnes,nb_tues,nb_blesses_hosp,nb_blesses_legers,age_cond_1,age_cond_2,veh_type_cond_1,veh_type_cond_2,lum_code,agg_code,int_code,atm_code,col_code
201800042703,0018-10-17 11:05:00,18,10,17,11,5,940,46,GENERAL DE GAULLE (AV DU,48.81422,2.4209,Plein jour,En agglomération,Hors intersection,Normale,Sans collision,,,,,,,,,,,1,2,1,1.0,7.0
201800042704,0018-10-18 08:35:00,18,10,18,8,35,940,46,VICTOR HUGO (R),48.79992,2.43744,Plein jour,En agglomération,Hors intersection,Normale,Autre collision,,,,,,,,,,,1,2,1,1.0,6.0
201800042705,0018-10-18 14:00:00,18,10,18,14,0,940,46,MESLY (R DE),48.7964,2.44194,Plein jour,En agglomération,Hors intersection,Normale,Autre collision,,,,,,,,,,,1,2,1,1.0,6.0
201800042706,0018-10-21 22:50:00,18,10,21,22,50,940,46,GENERAL LECLERC (AV DU),48.80699,2.4383,Nuit avec éclairage allumé,En agglomération,Hors intersection,Normale,Autre collision,,,,,,,,,,,5,2,1,1.0,6.0
201800042707,0018-10-26 20:05:00,18,10,26,20,5,940,46,GENERAL LECLERC (AV DU),48.81555,2.42066,Nuit sans éclairage public,En agglomération,Hors intersection,Normale,Autre collision,,,,,,,,,,,3,2,1,1.0,6.0
201800042708,0018-10-30 12:40:00,18,10,30,12,40,940,46,JEAN JAURES (R),48.79584,2.43393,Plein jour,En agglomération,Hors intersection,Temps couvert,Autre collision,,,,,,,,,,,1,2,1,8.0,6.0
201800042709,0018-10-31 06:25:00,18,10,31,6,25,940,46,JEAN JAURES (R),48.78867,2.4353,Nuit avec éclairage allumé,En agglomération,Hors intersection,Normale,Autre collision,,,,,,,,,,,5,2,1,1.0,6.0
201800042710,0018-11-06 17:20:00,18,11,6,17,20,940,46,PROFESSEUR CADIOT (AV DU,48.80461,2.43258,Crépuscule ou aube,En agglomération,Intersection en T,Normale,Deux véhicules - côté,,,,,,,,,,,2,2,3,1.0,3.0
201800042711,0018-11-07 09:00:00,18,11,7,9,0,940,46,REPUBLIQUE (AV DE LA),48.82204,2.43387,Plein jour,En agglomération,Hors intersection,Pluie légère,Autre collision,,,,,,,,,,,1,2,1,2.0,6.0
201800042712,0018-11-07 18:55:00,18,11,7,18,55,940,46,GENERAL LECLERC - CAR DE,48.81543,2.42039,Nuit avec éclairage allumé,En agglomération,Intersection à plus de 4 branches,Normale,Deux véhicules - frontale,,,,,,,,,,,5,2,5,1.0,1.0
201800042713,0018-11-08 15:00:00,18,11,8,15,0,940,46,GEORGES CLEMENCEAU (AV),48.81203,2.44363,Plein jour,En agglomération,Intersection en X,Normale,Deux véhicules - côté,,,,,,,,,,,1,2,2,1.0,3.0
201800042714,0018-11-12 09:00:00,18,11,12,9,0,940,46,GENERAL DE GAULLE (AV DU,48.80351,2.43807,Plein jour,En agglomération,Hors intersection,Pluie forte,Trois véhicules et plus - en chaîne,,,,,,,,,,,1,2,1,3.0,4.0
201800042715,0018-11-12 14:00:00,18,11,12,14,0,940,46,GENERAL LECLERC (AV DU),48.81158,2.43008,Plein jour,En agglomération,Hors intersection,Temps couvert,Deux véhicules - côté,,,,,,,,,,,1,2,1,8.0,3.0
201800042716,0018-11-14 08:10:00,18,11,14,8,10,940,46,HUIT MAI 1945 (R DU),48.813,2.43241,Plein jour,En agglomération,Intersection en T,Normale,Deux véhicules - côté,,,,,,,,,,,1,2,3,1.0,3.0
201800042717,0018-11-20 07:30:00,18,11,20,7,30,940,46,GENERAL LECLERC (AV DU),48.8023,2.4465,Nuit sans éclairage public,En agglomération,Autre intersection,Pluie légère,Autre collision,,,,,,,,,,,3,2,9,2.0,6.0
201800042718,0018-11-22 12:00:00,18,11,22,12,0,940,46,GENERAL DE GAULLE (AV DU,48.81028,2.42351,Plein jour,En agglomération,Hors intersection,Normale,Deux véhicules - côté,,,,,,,,,,,1,2,1,1.0,3.0
201800042719,0018-11-24 00:15:00,18,11,24,0,15,940,46,REPUBLIQUE (AV DE LA),48.8012,2.4318,Nuit avec éclairage allumé,En agglomération,Hors intersection,Pluie forte,Autre collision,,,,,,,,,,,5,2,1,3.0,6.0
201800042720,0018-12-09 20:00:00,18,12,9,20,0,940,46,GENERAL LECLERC (AV DU),48.80499,2.44259,Nuit avec éclairage allumé,En agglomération,Intersection en Y,Temps couvert,Autre collision,,,,,,,,,,,5,2,4,8.0,6.0
201800042721,0018-12-09 20:15:00,18,12,9,20,15,940,28,DUVAUCHEL(STADE),48.767,2.456,Nuit avec éclairage allumé,En agglomération,Hors intersection,Pluie légère,Sans collision,,,,,,,,,,,5,2,1,2.0,7.0
201800042722,0018-12-11 18:15:00,18,12,11,18,15,940,46,PROFESSEUR CADIOT (AV DU,48.80408,2.43259,Nuit avec éclairage allumé,En agglomération,Hors intersection,Normale,Deux véhicules - côté,,,,,,,,,,,5,2,1,1.0,3.0
201800042723,0018-12-20 08:15:00,18,12,20,8,15,940,46,GENERAL DE GAULLE (AV DU,48.80669,2.42573,Nuit avec éclairage allumé,En agglomération,Hors intersection,Temps couvert,Sans collision,,,,,,,,,,,5,2,1,8.0,7.0
201800042724,0018-12-28 20:40:00,18,12,28,20,40,940,46,JEAN JAURES (R),48.79389,2.43408,Nuit avec éclairage allumé,En agglomération,Intersection en X,Normale,Deux véhicules - arrière,,,,,,,,,,,5,2,2,1.0,2.0
201800042725,0018-12-29 14:50:00,18,12,29,14,50,940,46,REPUBLIQUE (AV DE LA),48.80291,2.43411,Plein jour,En agglomération,Intersection en X,Normale,Deux véhicules - côté,,,,,,,,,,,1,2,2,1.0,3.0
201800042726,0018-01-01 08:00:00,18,1,1,8,0,940,42,MERMOZ / BROSSOLETTE,48.82002,2.4671,Crépuscule ou aube,En agglomération,Intersection en X,Pluie forte,Autre collision,,,,,,,,,,,2,2,2,3.0,6.0
201800042727,0018-01-02 21:50:00,18,1,2,21,50,940,52,"126, BD DE STRASBOURG",48.84253,2.4847,Nuit avec éclairage allumé,En agglomération,Hors intersection,Temps couvert,Deux véhicules - arrière,,,,,,,,,,,5,2,1,8.0,2.0
201800042728,0018-01-07 17:35:00,18,1,7,17,35,940,42,GALLIENI / FLOQUET,48.81991,2.48224,Nuit avec éclairage allumé,En agglomération,Intersection en X,Normale,Autre collision,,,,,,,,,,,5,2,2,1.0,6.0
201800042729,0018-01-15 18:00:00,18,1,15,18,0,940,58,"107, GENERAL DE GAULLE (",48.8406,2.50662,Nuit avec éclairage allumé,En agglomération,Hors intersection,Pluie légère,Autre collision,,,,,,,,,,,5,2,1,2.0,6.0
201800042730,0018-01-17 17:15:00,18,1,17,17,15,940,52,CHARLES DE GAULLE (GRAND,48.83724,2.4865,Crépuscule ou aube,En agglomération,Hors intersection,Normale,Autre collision,,,,,,,,,,,2,2,1,1.0,6.0
201800042731,0018-01-18 15:10:00,18,1,18,15,10,940,42,"18,QU PIERRE BROSSOLETTE",48.81907,2.46789,Plein jour,En agglomération,Hors intersection,Pluie légère,Autre collision,,,,,,,,,,,1,2,1,2.0,6.0
201800042732,0018-01-19 07:45:00,18,1,19,7,45,940,52,"85, BD DE STRASBOURG",48.84095,2.48227,Crépuscule ou aube,En agglomération,Hors intersection,Normale,Deux véhicules - côté,,,,,,,,,,,2,2,1,1.0,3.0
201800042733,0018-01-27 16:00:00,18,1,27,16,0,940,52,CLEMENCEAU / GABRIELLE,48.83631,2.47001,Plein jour,En agglomération,Intersection en X,Normale,Autre collision,,,,,,,,,,,1,2,2,1.0,6.0
201800042734,0018-01-28 14:20:00,18,1,28,14,20,940,58,"25, BD ALSACE LORRAINE",48.84865,2.49488,Plein jour,En agglomération,Hors intersection,Temps couvert,Deux véhicules - côté,,,,,,,,,,,1,2,1,8.0,3.0
201800042735,0018-01-25 10:50:00,18,1,25,10,50,940,58,BROSSOLETTE / MOCQUET,48.83457,2.5108,Plein jour,En agglomération,Intersection en X,Normale,Autre collision,,,,,,,,,,,1,2,2,1.0,6.0
201800042736,0018-01-29 09:05:00,18,1,29,9,5,940,42,"20, R VAUTIER",48.81627,2.47054,Plein jour,En agglomération,Hors intersection,Temps couvert,Deux véhicules - arrière,,,,,,,,,,,1,2,1,8.0,2.0
201800042737,0018-02-15 08:05:00,18,2,15,8,5,940,52,SOURCE / CHATAIGNIERS,48.83382,2.4703,Plein jour,En agglomération,Intersection en X,Normale,Autre collision,,,,,,,,,,,1,2,2,1.0,6.0
201800042738,0018-03-03 05:30:00,18,3,3,5,30,940,69,KENNEDY/BARBUSSE,48.81438,2.46267,Nuit avec éclairage allumé,En agglomération,Intersection en X,Normale,Autre collision,,,,,,,,,,,5,2,2,1.0,6.0
201800042739,0018-03-09 10:45:00,18,3,9,10,45,940,58,PERI/DE GAULLE,48.83717,2.51115,Plein jour,En agglomération,Intersection à plus de 4 branches,Normale,Autre collision,,,,,,,,,,,1,2,5,1.0,6.0
201800042740,0018-03-10 17:05:00,18,3,10,17,5,940,52,MARNE/CHARLES V,48.83205,2.4765,Plein jour,En agglomération,Intersection en T,Normale,Deux véhicules - côté,,,,,,,,,,,1,2,3,1.0,3.0
201800042741,0018-03-21 09:30:00,18,3,21,9,30,940,52,PONT DE NOGENT,48.83133,2.49302,Plein jour,En agglomération,Hors intersection,Normale,Deux véhicules - arrière,,,,,,,,,,,1,2,1,1.0,2.0
201800042742,0018-03-25 19:30:00,18,3,25,19,30,940,58,BROSSOLETTE/VADIS,48.83519,2.49952,Crépuscule ou aube,En agglomération,Intersection en T,Normale,Deux véhicules - côté,,,,,,,,,,,2,2,3,1.0,3.0
201800042743,0018-03-28 18:05:00,18,3,28,18,5,940,52,"16, BD GALLIENI",48.83838,2.48684,Plein jour,En agglomération,Hors intersection,Temps couvert,Deux véhicules - côté,,,,,,,,,,,1,2,1,8.0,3.0
201800042744,0018-03-30 14:10:00,18,3,30,14,10,940,58,"75 bis, ALSACE LORRAINE",48.85014,2.49989,Plein jour,En agglomération,Hors intersection,Normale,Deux véhicules - côté,,,,,,,,,,,1,2,1,1.0,3.0
201800042745,0018-04-10 12:30:00,18,4,10,12,30,940,42,EUROPE/VALAIS,48.81492,2.46313,Plein jour,En agglomération,Intersection en X,Normale,Deux véhicules - côté,,,,,,,,,,,1,2,2,1.0,3.0
201800042746,0018-04-09 23:20:00,18,4,9,23,20,940,42,GALLIENI/FLOQUET,48.81996,2.4825,Nuit avec éclairage allumé,En agglomération,Intersection en T,Pluie légère,Deux véhicules - arrière,,,,,,,,,,,5,2,3,2.0,2.0
201800042747,0018-04-15 17:10:00,18,4,15,17,10,940,42,EUROPE/VALAIS,48.81492,2.46328,Plein jour,En agglomération,Intersection en X,Normale,Deux véhicules - côté,,,,,,,,,,,1,2,2,1.0,3.0
201800042748,0018-04-18 15:20:00,18,4,18,15,20,940,58,LEDRU ROLLIN/FRATELLINI,48.84493,2.50556,Plein jour,En agglomération,Intersection en X,Normale,Deux véhicules - côté,,,,,,,,,,,1,2,2,1.0,3.0
201800042749,0018-05-01 08:25:00,18,5,1,8,25,940,42,"01, JEAN JAURES (AV)",48.82014,2.46443,Plein jour,En agglomération,Hors intersection,Normale,Autre collision,,,,,,,,,,,1,2,1,1.0,6.0
201800042750,0018-05-02 17:30:00,18,5,2,17,30,940,15,AULNETTES  (R DES),48.84183,2.53693,Plein jour,En agglomération,Intersection en X,Normale,Deux véhicules - côté,,,,,,,,,,,1,2,2,1.0,3.0
201800042751,0018-05-02 19:05:00,18,5,2,19,5,940,52,ALBERT 1ER (BD),48.83538,2.49775,Plein jour,En agglomération,Intersection en X,Normale,Autre collision,,,,,,,,,,,1,2,2,1.0,6.0
201800042752,0018-05-02 19:45:00,18,5,2,19,45,940,52,"2, JOINVILLE (AV DE)",48.83478,2.47304,Plein jour,En agglomération,Hors intersection,Normale,Deux véhicules - côté,,,,,,,,,,,1,2,1,1.0,3.0
201800042753,0018-05-09 23:30:00,18,5,9,23,30,940,42,GENERAL GALLIENI - PONT,48.82021,2.46749,Nuit avec éclairage allumé,En agglomération,Hors intersection,Normale,Deux véhicules - arrière,,,,,,,,,,,5,2,1,1.0,2.0
201800042754,0018-05-11 17:45:00,18,5,11,17,45,940,52,41 RUE HENRI DUNANT,48.8343,2.49497,Plein jour,En agglomération,Intersection en X,Normale,Deux véhicules - côté,,,,,,,,,,,1,2,2,1.0,3.0
201800042755,0018-05-17 16:20:00,18,5,17,16,20,940,42,AVENUE GALLIENI,48.81995,2.48244,Plein jour,En agglomération,Intersection en T,Normale,Deux véhicules - côté,,,,,,,,,,,1,2,3,1.0,3.0
201800042756,0018-05-26 20:00:00,18,5,26,20,0,940,52,"147, STRASBOURG - RPT DU",48.84492,2.48857,Crépuscule ou aube,En agglomération,Hors intersection,Normale,Deux véhicules - arrière,,,,,,,,,,,2,2,1,1.0,2.0
201800042757,0018-05-28 07:45:00,18,5,28,7,45,940,42,"51, GENERAL GALLIENI (AV",48.82011,2.48021,Plein jour,En agglomération,Hors intersection,Normale,Deux véhicules - côté,,,,,,,,,,,1,2,1,1.0,3.0
201800042758,0018-06-01 17:55:00,18,6,1,17,55,940,52,"112, STRASBOURG (BD DE)",48.84138,2.48295,Plein jour,En agglomération,Hors intersection,Normale,Deux véhicules - frontale,,,,,,,,,,,1,2,1,1.0,1.0
201800042759,0018-06-08 18:00:00,18,6,8,18,0,940,52,PORT (R DU),48.83574,2.48861,Plein jour,En agglomération,Autre intersection,Normale,Deux véhicules - côté,,,,,,,,,,,1,2,9,1.0,3.0
201800042760,0018-06-17 22:20:00,18,6,17,22,20,940,58,LEDRU ROLLIN (AV),48.83863,2.4952,Nuit avec éclairage allumé,En agglomération,Intersection en T,Normale,Deux véhicules - côté,,,,,,,,,,,5,2,3,1.0,3.0
201800042761,0018-06-17 23:38:00,18,6,17,23,38,940,58,LEDRU ROLLIN (AV),48.84495,2.50557,Nuit avec éclairage allumé,En agglomération,Intersection à plus de 4 branches,Normale,Deux véhicules - côté,,,,,,,,,,,5,2,5,1.0,3.0
201800042762,0018-06-20 14:45:00,18,6,20,14,45,940,42,MARECHAL LECLERC (BD DU),48.81689,2.46718,Plein jour,En agglomération,Hors intersection,Normale,Deux véhicules - côté,,,,,,,,,,,1,2,1,1.0,3.0
201800042763,0018-06-21 00:15:00,18,6,21,0,15,940,42,"42, MARECHAL LECLERC (BD",48.81249,2.46859,Nuit avec éclairage allumé,En agglomération,Hors intersection,Normale,Autre collision,,,,,,,,,,,5,2,1,1.0,6.0
201800042764,0018-07-29 00:01:00,18,7,29,0,1,940,42,BIZET (AV),48.82488,2.47744,Nuit avec éclairage allumé,En agglomération,Intersection en X,Normale,Deux véhicules - côté,,,,,,,,,,,5,2,2,1.0,3.0
201800042765,0018-07-30 16:10:00,18,7,30,16,10,940,58,ALSACE LORRAINE (BD D),48.8504,2.50105,Plein jour,En agglomération,Autre intersection,Normale,Deux véhicules - arrière,,,,,,,,,,,1,2,9,1.0,2.0
201800042766,0018-08-01 08:50:00,18,8,1,8,50,940,58,ALSACE LORRAINE (BD D),48.85241,2.51067,Plein jour,En agglomération,Hors intersection,Normale,Deux véhicules - arrière,,,,,,,,,,,1,2,1,1.0,2.0
201800042767,0018-08-02 15:30:00,18,8,2,15,30,940,42,EUROPE (BD DE L),48.81492,2.46324,Plein jour,En agglomération,Intersection en X,Normale,Deux véhicules - côté,,,,,,,,,,,1,2,2,1.0,3.0
201800042768,0018-08-06 20:30:00,18,8,6,20,30,940,58,GENERAL DE GAULLE (AV DU,48.85004,2.49562,Plein jour,En agglomération,Hors intersection,Normale,Deux véhicules - côté,,,,,,,,,,,1,2,1,1.0,3.0
201800042769,0018-08-10 15:20:00,18,8,10,15,20,940,42,MARECHAL LECLERC (BD DU),48.81709,2.46716,Plein jour,En agglomération,Hors intersection,Normale,Sans collision,,,,,,,,,,,1,2,1,1.0,7.0
201800042770,0018-08-11 15:20:00,18,8,11,15,20,940,58,ONZE NOVEMBRE (AV DU),48.84446,2.49758,Plein jour,En agglomération,Intersection en X,Normale,Deux véhicules - côté,,,,,,,,,,,1,2,2,1.0,3.0
201800042771,0018-08-22 11:30:00,18,8,22,11,30,940,52,PAUL BERT (R),48.83817,2.48416,Plein jour,En agglomération,Intersection à plus de 4 branches,Normale,Autre collision,,,,,,,,,,,1,2,5,1.0,6.0
201800042772,0018-08-26 14:00:00,18,8,26,14,0,940,52,Victor Hugo (R),48.83319,2.47625,Plein jour,En agglomération,Hors intersection,Normale,Autre collision,,,,,,,,,,,1,2,1,1.0,6.0
201800042773,0018-08-28 16:20:00,18,8,28,16,20,940,52,MARECHAL FAYOLLE (R DU),48.84403,2.48932,Plein jour,En agglomération,Intersection en X,Normale,Deux véhicules - côté,,,,,,,,,,,1,2,2,1.0,3.0
201800042774,0018-09-02 16:35:00,18,9,2,16,35,940,58,ARTOIS (QU D),48.83048,2.50675,Plein jour,En agglomération,Hors intersection,Normale,Autre collision,,,,,,,,,,,1,2,1,1.0,6.0
201800042775,0018-09-02 19:50:00,18,9,2,19,50,940,52,STRASBOURG (BD DE),48.84525,2.48918,Crépuscule ou aube,En agglomération,Intersection en X,Normale,Deux véhicules - côté,,,,,,,,,,,2,2,2,1.0,3.0
201800042776,0018-09-04 13:20:00,18,9,4,13,20,940,15,RIGNY (AV DE),48.84705,2.52609,Plein jour,En agglomération,Intersection en X,Temps couvert,Deux véhicules - côté,,,,,,,,,,,1,2,2,8.0,3.0
201800042777,0018-09-07 13:40:00,18,9,7,13,40,940,58,MARECHAL JOFFRE (AV DU),48.83878,2.5113,Plein jour,En agglomération,Hors intersection,Normale,Autre collision,,,,,,,,,,,1,2,1,1.0,6.0
201800042778,0018-09-11 08:40:00,18,9,11,8,40,940,58,GENERAL DE GAULLE (AV DU,48.84498,2.50128,Plein jour,En agglomération,Hors intersection,Normale,Deux véhicules - arrière,,,,,,,,,,,1,2,1,1.0,2.0
201800042779,0018-09-13 08:10:00,18,9,13,8,10,940,52,CHARLES DE GAULLE (GRAND,48.83578,2.47552,Plein jour,En agglomération,Hors intersection,Pluie légère,Autre collision,,,,,,,,,,,1,2,1,2.0,6.0
201800042780,0018-09-13 08:45:00,18,9,13,8,45,940,15,GEORGES MELIES (BD),48.8326,2.53149,Plein jour,En agglomération,Intersection en X,Pluie légère,Deux véhicules - côté,,,,,,,,,,,1,2,2,2.0,3.0
201800042781,0018-09-17 16:20:00,18,9,17,16,20,940,15,PASTEUR (BD),48.8344,2.52568,Plein jour,En agglomération,Intersection en X,Normale,Deux véhicules - côté,,,,,,,,,,,1,2,2,1.0,3.0
201800042782,0018-09-18 20:00:00,18,9,18,20,0,940,52,STRASBOURG (BD DE),48.84519,2.48908,Nuit avec éclairage allumé,En agglomération,Intersection en X,Normale,Deux véhicules - côté,,,,,,,,,,,5,2,2,1.0,3.0
201800042783,0018-09-19 10:00:00,18,9,19,10,0,940,15,GENERAL LECLERC (AV),48.8295,2.51801,Plein jour,En agglomération,Autre intersection,Normale,Autre collision,,,,,,,,,,,1,2,9,1.0,6.0
201800042784,0018-09-19 19:15:00,18,9,19,19,15,940,42,GUINGUETTES (ALL DES),48.83008,2.47506,Plein jour,En agglomération,Hors intersection,Normale,Autre collision,,,,,,,,,,,1,2,1,1.0,6.0
201800042785,0018-09-18 20:00:00,18,9,18,20,0,940,58,FONTENAY (BD DE),48.84889,2.49408,Crépuscule ou aube,En agglomération,Hors intersection,Normale,Deux véhicules - côté,,,,,,,,,,,2,2,1,1.0,3.0
201800042786,0018-09-20 17:45:00,18,9,20,17,45,940,58,HUIT MAI 1945 (AV DU),48.85137,2.51085,Plein jour,En agglomération,Intersection en X,Normale,Deux véhicules - côté,,,,,,,,,,,1,2,2,1.0,3.0
201800042787,0018-09-22 18:50:00,18,9,22,18,50,940,52,STRASBOURG (BD DE),48.83747,2.47728,Plein jour,En agglomération,Hors intersection,Normale,Autre collision,,,,,,,,,,,1,2,1,1.0,6.0
201800042788,0018-09-26 17:15:00,18,9,26,17,15,940,58,PIERRE BROSSOLETTE (AV),48.83449,2.51056,Plein jour,En agglomération,Intersection en X,Normale,Deux véhicules - côté,,,,,,,,,,,1,2,2,1.0,3.0
201800042789,0018-10-06 14:10:00,18,10,6,14,10,940,58,LEDRU ROLLIN (AV),48.84276,2.50277,Plein jour,En agglomération,Hors intersection,Normale,Autre collision,,,,,,,,,,,1,2,1,1.0,6.0
201800042790,0018-10-20 11:20:00,18,10,20,11,20,940,15,PASTEUR (BD),48.8344,2.52556,Plein jour,En agglomération,Intersection en X,Normale,Deux véhicules - frontale,,,,,,,,,,,1,2,2,1.0,1.0
201800042791,0018-10-27 07:10:00,18,10,27,7,10,940,42,PARIS (R DE),48.81574,2.46941,Crépuscule ou aube,En agglomération,Hors intersection,Normale,Deux véhicules - arrière,,,,,,,,,,,2,2,1,1.0,2.0
201800042792,0018-11-02 17:30:00,18,11,2,17,30,940,15,CHARLES DE GAULLE (GR),48.83711,2.52079,Crépuscule ou aube,En agglomération,Hors intersection,Normale,Autre collision,,,,,,,,,,,2,2,1,1.0,6.0
201800042793,0018-11-03 12:40:00,18,11,3,12,40,940,58,GENERAL DE GAULLE (AV DU,48.8378,2.51178,Plein jour,En agglomération,Hors intersection,Normale,Deux véhicules - côté,,,,,,,,,,,1,2,1,1.0,3.0
201800042794,0018-11-07 06:25:00,18,11,7,6,25,940,58,ALSACE LORRAINE (BD D),48.84921,2.49594,Nuit avec éclairage allumé,En agglomération,Giratoire,Pluie légère,Deux véhicules - côté,,,,,,,,,,,5,2,6,2.0,3.0
201800042795,0018-11-07 11:55:00,18,11,7,11,55,940,52,GALLIENI (BD),48.8397,2.48512,Plein jour,En agglomération,Hors intersection,Normale,Sans collision,,,,,,,,,,,1,2,1,1.0,7.0
201800042796,0018-11-14 08:25:00,18,11,14,8,25,940,58,LAMARTINE (AV),48.85363,2.50091,Plein jour,En agglomération,Intersection en X,Normale,Deux véhicules - côté,,,,,,,,,,,1,2,2,1.0,3.0
201800042797,0018-11-18 19:45:00,18,11,18,19,45,940,58,ALSACE LORRAINE (BD D),48.84868,2.49518,Nuit sans éclairage public,En agglomération,Hors intersection,Normale,Deux véhicules - côté,,,,,,,,,,,3,2,1,1.0,3.0
201800042798,0018-11-12 11:35:00,18,11,12,11,35,940,52,STRASBOURG (BD DE),48.84128,2.48277,Plein jour,En agglomération,Intersection en X,Normale,Deux véhicules - côté,,,,,,,,,,,1,2,2,1.0,3.0
201800042799,0018-12-15 18:15:00,18,12,15,18,15,940,42,GENERAL GALLIENI (AV DU),48.81992,2.48099,Nuit avec éclairage allumé,En agglomération,Hors intersection,Pluie légère,Autre collision,,,,,,,,,,,5,2,1,2.0,6.0
201800042800,0018-12-17 20:40:00,18,12,17,20,40,940,42,GENERAL GALLIENI (AVE),48.82014,2.4795,Nuit avec éclairage allumé,En agglomération,Intersection en T,Normale,Autre collision,,,,,,,,,,,5,2,3,1.0,6.0
201800042801,0018-12-25 16:30:00,18,12,25,16,30,940,52,SOURCE (AV DE LA),48.82887,2.46474,Crépuscule ou aube,En agglomération,Hors intersection,Normale,Deux véhicules - frontale,,,,,,,,,,,2,2,1,1.0,1.0
201800042802,0018-01-02 10:30:00,18,1,2,10,30,940,68,"44, ALMA / RASPAIL",48.78593,2.49525,Plein jour,En agglomération,Intersection en X,Normale,Autre collision,,,,,,,,,,,1,2,2,1.0,6.0
201800042803,0018-01-02 22:55:00,18,1,2,22,55,940,68,"95, FOCH / ROCHER",48.7994,2.499,Nuit avec éclairage allumé,En agglomération,Intersection en X,Temps couvert,Deux véhicules - côté,,,,,,,,,,,5,2,2,8.0,3.0
201800042804,0018-01-09 16:40:00,18,1,9,16,40,940,68,R DU PONT DE CRETEIL,48.80652,2.47134,Crépuscule ou aube,En agglomération,Hors intersection,Pluie légère,Autre collision,,,,,,,,,,,2,2,1,2.0,6.0
201800042805,0018-01-06 09:20:00,18,1,6,9,20,940,68,"93, AV DU BAC",48.79292,2.51622,Plein jour,En agglomération,Hors intersection,Normale,Autre collision,,,,,,,,,,,1,2,1,1.0,6.0
201800042806,0018-01-10 08:15:00,18,1,10,8,15,940,68,LOUIS BLANC / BERANGER,48.79214,2.4971,Nuit avec éclairage allumé,En agglomération,Intersection en X,Pluie légère,Autre collision,,,,,,,,,,,5,2,2,2.0,6.0
201800042807,0018-01-12 09:25:00,18,1,12,9,25,940,68,"12bis, AV DU BAC",48.7974,2.50387,Plein jour,En agglomération,Hors intersection,Normale,Deux véhicules - côté,,,,,,,,,,,1,2,1,1.0,3.0
201800042808,0018-01-12 12:05:00,18,1,12,12,5,940,68,"17, AV LOUIS BLANC",48.797,2.50161,Plein jour,En agglomération,Hors intersection,Normale,Sans collision,,,,,,,,,,,1,2,1,1.0,7.0
201800042809,0018-01-12 19:10:00,18,1,12,19,10,940,68,"78, BLANC / BERANGER",48.7922,2.49709,Nuit avec éclairage allumé,En agglomération,Intersection en X,Normale,Autre collision,,,,,,,,,,,5,2,2,1.0,6.0
201800042810,0018-01-15 10:05:00,18,1,15,10,5,940,68,CRETEIL / FOUARRE,48.7991,2.47102,Plein jour,En agglomération,Intersection en X,Normale,Deux véhicules - frontale,,,,,,,,,,,1,2,2,1.0,1.0
201800042811,0018-01-15 17:50:00,18,1,15,17,50,940,68,PILIERS / GARNIER,48.79363,2.50892,Nuit avec éclairage allumé,En agglomération,Intersection en X,Pluie légère,Deux véhicules - côté,,,,,,,,,,,5,2,2,2.0,3.0
201800042812,0018-01-22 08:00:00,18,1,22,8,0,940,68,"11, CHAMPIGNY / REGNAULT",48.79985,2.50455,Crépuscule ou aube,En agglomération,Intersection en T,Pluie légère,Deux véhicules - côté,,,,,,,,,,,2,2,3,2.0,3.0
201800042813,0018-01-24 09:45:00,18,1,24,9,45,940,68,"27, QU PORT DE CRETEIL",48.8015,2.46995,Plein jour,En agglomération,Hors intersection,Temps couvert,Deux véhicules - côté,,,,,,,,,,,1,2,1,8.0,3.0
201800042814,0018-01-24 12:50:00,18,1,24,12,50,940,68,DIDEROT / GUIMIER,48.8021,2.4816,Plein jour,En agglomération,Intersection en X,Normale,Deux véhicules - arrière,,,,,,,,,,,1,2,2,1.0,2.0
201800042815,0018-01-24 22:16:00,18,1,24,22,16,940,68,"54, GAMBETTA (AV)",48.798,2.4913,Nuit avec éclairage allumé,En agglomération,Intersection en X,Temps couvert,Deux véhicules - frontale,,,,,,,,,,,5,2,2,8.0,1.0
201800042816,0018-01-19 19:15:00,18,1,19,19,15,940,68,BERTEAUX / POLITZER,48.81102,2.46933,Nuit avec éclairage allumé,En agglomération,Intersection en X,Normale,Autre collision,,,,,,,,,,,5,2,2,1.0,6.0
201800042817,0018-01-28 05:20:00,18,1,28,5,20,940,68,BERTEAUX / FOUR,48.811,2.4693,Nuit avec éclairage allumé,En agglomération,Intersection en X,Pluie légère,Autre collision,,,,,,,,,,,5,2,2,2.0,6.0
201800042818,0018-01-30 11:20:00,18,1,30,11,20,940,68,ROCHEREAU / MOINES,48.78705,2.50553,Plein jour,En agglomération,Intersection en X,Temps couvert,Deux véhicules - côté,,,,,,,,,,,1,2,2,8.0,3.0
201800042819,0018-02-05 09:00:00,18,2,5,9,0,940,68,DIDEROT / BRAILLE,48.80121,2.47918,Plein jour,En agglomération,Intersection en X,Normale,Autre collision,,,,,,,,,,,1,2,2,1.0,6.0
201800042820,0018-02-11 02:10:00,18,2,11,2,10,940,68,PONT DE CRETEIL - PONT D,48.7997,2.4691,Nuit avec éclairage allumé,En agglomération,Hors intersection,Pluie légère,Autre collision,,,,,,,,,,,5,2,1,2.0,6.0
201800042821,0018-02-12 10:45:00,18,2,12,10,45,940,68,"5, PL DE STALINGRAD",48.79243,2.51648,Plein jour,En agglomération,Place,Normale,Sans collision,,,,,,,,,,,1,2,7,1.0,7.0
201800042822,0018-02-12 18:40:00,18,2,12,18,40,940,68,"45, BD RABELAIS",48.80627,2.47947,Nuit avec éclairage allumé,En agglomération,Hors intersection,Temps couvert,Autre collision,,,,,,,,,,,5,2,1,8.0,6.0