accident_id,datetime,annee,mois,jour,heure,minute,departement,commune_insee,adresse,latitude,longitude,luminosite,agglomeration,intersection,meteo,collision,nb_vehicules,nb_usagers,nb_indemnes,nb_tues,nb_blesses_hosp,nb_blesses_legers,age_cond_1,age_cond_2,veh_type_cond_1,veh_type_cond_2,lum_code,agg_code,int_code,atm_code,col_code
201800042944,0018-12-15 15:00:00,18,12,15,15,0,940,68,DIDEROT (AV),48.8025,2.4829,Plein jour,En agglomération,Intersection en X,Pluie légère,Deux véhicules - côté,,,,,,,,,,,1,2,2,2.0,3.0
201800042945,0018-12-16 07:30:00,18,12,16,7,30,940,68,CONDE (AV DE),48.80924,2.48485,Nuit avec éclairage allumé,En agglomération,Intersection en T,Temps couvert,Deux véhicules - côté,,,,,,,,,,,5,2,3,8.0,3.0
201800042946,0018-12-23 04:30:00,18,12,23,4,30,940,68,BAC (AV DU),48.79348,2.51446,Nuit avec éclairage allumé,En agglomération,Autre intersection,Autre,Deux véhicules - côté,,,,,,,,,,,5,2,9,9.0,3.0
201800042947,0018-12-30 10:30:00,18,12,30,10,30,940,68,LIBERATION (AV DE LA),48.8182,2.47884,Plein jour,En agglomération,Intersection en Y,Normale,Deux véhicules - côté,,,,,,,,,,,1,2,4,1.0,3.0
201800042948,0018-01-05 17:05:00,18,1,5,17,5,940,78,"90, R GAMBETTA",48.7347,2.45892,Crépuscule ou aube,En agglomération,Hors intersection,Pluie légère,Autre collision,,,,,,,,,,,2,2,1,2.0,6.0
201800042949,0018-01-06 18:50:00,18,1,6,18,50,940,77,"4, R GUILLAUME DU VAIR",48.73725,2.40608,Nuit avec éclairage allumé,En agglomération,Hors intersection,Pluie légère,Deux véhicules - arrière,,,,,,,,,,,5,2,1,2.0,2.0
201800042950,0018-01-07 00:15:00,18,1,7,0,15,940,74,ALLENDE / KASTLER,48.75181,2.45721,Nuit avec éclairage allumé,En agglomération,Intersection en T,Pluie légère,Autre collision,,,,,,,,,,,5,2,3,2.0,6.0
201800042951,0018-01-08 03:20:00,18,1,8,3,20,940,78,PARIS / THIMONNIER,48.75502,2.44444,Nuit avec éclairage allumé,En agglomération,Intersection en T,Normale,Deux véhicules - côté,,,,,,,,,,,5,2,3,1.0,3.0
201800042952,0018-01-08 11:15:00,18,1,8,11,15,940,78,"118, PARIS / CARNOT",48.73293,2.44688,Plein jour,En agglomération,Intersection en T,Normale,Autre collision,,,,,,,,,,,1,2,3,1.0,6.0
201800042953,0018-01-08 14:50:00,18,1,8,14,50,940,78,JUIN 1940 / ARMAND,48.76045,2.44301,Plein jour,En agglomération,Intersection en T,Normale,Deux véhicules - côté,,,,,,,,,,,1,2,3,1.0,3.0
201800042954,0018-01-06 21:30:00,18,1,6,21,30,940,78,"107, R DE PARIS",48.73188,2.44685,Nuit sans éclairage public,En agglomération,Hors intersection,Pluie légère,Deux véhicules - arrière,,,,,,,,,,,3,2,1,2.0,2.0
201800042955,0018-01-10 19:12:00,18,1,10,19,12,940,78,MARNE / R HENRI LEDUC,48.7309,2.44752,Nuit avec éclairage allumé,En agglomération,Intersection en T,Normale,Autre collision,,,,,,,,,,,5,2,3,1.0,6.0
201800042956,0018-01-12 18:30:00,18,1,12,18,30,940,74,HUIT MAI 1945 / VANZETTI,48.74301,2.47011,Nuit avec éclairage allumé,En agglomération,Intersection en T,Normale,Autre collision,,,,,,,,,,,5,2,3,1.0,6.0
201800042957,0018-01-14 02:00:00,18,1,14,2,0,940,78,"112, R DE PARIS",48.73304,2.44676,Nuit avec éclairage allumé,En agglomération,Intersection en T,Normale,Trois véhicules et plus - en chaîne,,,,,,,,,,,5,2,3,1.0,4.0
201800042958,0018-01-18 16:00:00,18,1,18,16,0,940,78,"04, R DES CHENES",48.73441,2.46127,Plein jour,En agglomération,Hors intersection,Temps couvert,Autre collision,,,,,,,,,,,1,2,1,8.0,6.0
201800042959,0018-01-19 11:17:00,18,1,19,11,17,940,77,LE FOLL / BERT,48.72741,2.43913,Plein jour,En agglomération,Intersection en T,Pluie légère,Deux véhicules - côté,,,,,,,,,,,1,2,3,2.0,3.0
201800042960,0018-01-21 21:30:00,18,1,21,21,30,940,74,DURANTON / RASPAIL,48.76533,2.44767,Nuit avec éclairage allumé,En agglomération,Intersection en X,Pluie légère,Autre collision,,,,,,,,,,,5,2,2,2.0,6.0
201800042961,0018-01-26 16:30:00,18,1,26,16,30,940,74,"15, AV JULIEN DURANTON",48.7684,2.4467,Plein jour,En agglomération,Hors intersection,Pluie légère,Deux véhicules - frontale,,,,,,,,,,,1,2,1,2.0,1.0
201800042962,0018-01-26 19:20:00,18,1,26,19,20,940,78,18 R THIMONNIER,48.74959,2.45118,Nuit avec éclairage allumé,En agglomération,Hors intersection,Pluie légère,Autre collision,,,,,,,,,,,5,2,1,2.0,6.0
201800042963,0018-01-29 09:50:00,18,1,29,9,50,940,78,"115, R VILLEBOIS MAREUIL",48.7338,2.45725,Plein jour,En agglomération,Hors intersection,Normale,Autre collision,,,,,,,,,,,1,2,1,1.0,6.0
201800042964,0018-01-31 22:24:00,18,1,31,22,24,940,78,"10, L'APPEL DU 18 MAI 40",48.75847,2.44344,Nuit avec éclairage allumé,En agglomération,Intersection en T,Pluie légère,Deux véhicules - arrière,,,,,,,,,,,5,2,3,2.0,2.0
201800042965,0018-02-05 08:10:00,18,2,5,8,10,940,74,PARMENTIER / CURIE,48.7658,2.44489,Plein jour,En agglomération,Intersection en T,Normale,Deux véhicules - arrière,,,,,,,,,,,1,2,3,1.0,2.0
201800042966,0018-02-07 08:06:00,18,2,7,8,6,940,78,R DE PARIS,48.75115,2.44534,Crépuscule ou aube,En agglomération,Hors intersection,Neige / grêle,Deux véhicules - côté,,,,,,,,,,,2,2,1,4.0,3.0
201800042967,0018-02-12 04:30:00,18,2,12,4,30,940,78,AV DE CHOISY,48.7507,2.43334,Nuit avec éclairage allumé,En agglomération,Hors intersection,Autre,Sans collision,,,,,,,,,,,5,2,1,9.0,7.0
201800042968,0018-02-17 17:30:00,18,2,17,17,30,940,78,L'APPEL DU DIX-HUIT JUIN,48.75,2.44,Plein jour,En agglomération,Hors intersection,Normale,Autre collision,,,,,,,,,,,1,2,1,1.0,6.0
201800042969,0018-03-01 09:20:00,18,3,1,9,20,940,77,OURSEL / BERT,48.72973,2.44085,Plein jour,En agglomération,Intersection en X,Neige / grêle,Deux véhicules - côté,,,,,,,,,,,1,2,2,4.0,3.0
201800042970,0018-03-02 09:30:00,18,3,2,9,30,940,78,18 JUIN 1940 / ARMAND,48.75933,2.44333,Plein jour,En agglomération,Intersection en T,Pluie légère,Deux véhicules - arrière,,,,,,,,,,,1,2,3,2.0,2.0
201800042971,0018-03-05 09:34:00,18,3,5,9,34,940,77,VERDUN / GODET,48.74025,2.40914,Plein jour,En agglomération,Intersection en T,Normale,Deux véhicules - arrière,,,,,,,,,,,1,2,3,1.0,2.0
201800042972,0018-03-07 09:50:00,18,3,7,9,50,940,78,ANATOLE FRANCE / GAULLE,48.74727,2.45289,Plein jour,En agglomération,Intersection en T,Pluie légère,Sans collision,,,,,,,,,,,1,2,3,2.0,7.0
201800042973,0018-03-10 16:20:00,18,3,10,16,20,940,78,"322, R DE PARIS",48.74887,2.446,Plein jour,En agglomération,Hors intersection,Normale,Deux véhicules - côté,,,,,,,,,,,1,2,1,1.0,3.0
201800042974,0018-03-16 09:40:00,18,3,16,9,40,940,77,"31, PAUL VAILLANT COUTUR",48.73753,2.423,Plein jour,En agglomération,Hors intersection,Normale,Autre collision,,,,,,,,,,,1,2,1,1.0,6.0
201800042975,0018-03-16 16:20:00,18,3,16,16,20,940,78,PARIS / CHURCHILL,48.75484,2.44423,Plein jour,En agglomération,Intersection en T,Normale,Deux véhicules - arrière,,,,,,,,,,,1,2,3,1.0,2.0
201800042976,0018-03-16 20:00:00,18,3,16,20,0,940,78,TILLEULS / PEUPLIER,48.73623,2.46451,Nuit avec éclairage allumé,En agglomération,Intersection en T,Pluie légère,Autre collision,,,,,,,,,,,5,2,3,2.0,6.0
201800042977,0018-03-22 13:25:00,18,3,22,13,25,940,78,"59, PRESIDENT JOHN FITZG",48.73286,2.46118,Plein jour,En agglomération,Hors intersection,Normale,Deux véhicules - côté,,,,,,,,,,,1,2,1,1.0,3.0
201800042978,0018-03-24 23:30:00,18,3,24,23,30,940,78,"112, R DE PARIS",48.73248,2.44685,Nuit avec éclairage allumé,En agglomération,Hors intersection,Normale,Deux véhicules - côté,,,,,,,,,,,5,2,1,1.0,3.0
201800042979,0018-03-29 16:15:00,18,3,29,16,15,940,74,NOVEMBRE 1918 / BLEUE,48.75125,2.46778,Plein jour,En agglomération,Intersection en T,Normale,Deux véhicules - frontale,,,,,,,,,,,1,2,3,1.0,1.0
201800042980,0018-03-30 09:00:00,18,3,30,9,0,940,78,"11, R DE CROSNES",48.72465,2.44692,Plein jour,En agglomération,Hors intersection,Normale,Autre collision,,,,,,,,,,,1,2,1,1.0,6.0
201800042981,0018-03-30 16:15:00,18,3,30,16,15,940,74,AV SALVADOR ALLENDE,48.7512,2.461,Plein jour,En agglomération,Hors intersection,Normale,Trois véhicules et plus - collisions multiples,,,,,,,,,,,1,2,1,1.0,5.0
201800042982,0018-04-06 11:15:00,18,4,6,11,15,940,78,AV DU 8 MAI1945,48.72593,2.44448,Plein jour,En agglomération,Hors intersection,Temps éblouissant,Autre collision,,,,,,,,,,,1,2,1,7.0,6.0
201800042983,0018-04-13 20:40:00,18,4,13,20,40,940,78,"196, R DE PARIS",48.73874,2.44659,Nuit avec éclairage allumé,En agglomération,Hors intersection,Normale,Deux véhicules - arrière,,,,,,,,,,,5,2,1,1.0,2.0
201800042984,0018-04-15 04:40:00,18,4,15,4,40,940,74,"54, AV HENRI BARBUSSE",48.7652,2.44182,Nuit avec éclairage allumé,En agglomération,Hors intersection,Normale,Autre collision,,,,,,,,,,,5,2,1,1.0,6.0
201800042985,0018-04-25 20:05:00,18,4,25,20,5,940,74,AV BARBUSSE / RASPAIL,48.76462,2.44177,Crépuscule ou aube,En agglomération,Intersection en T,Normale,Deux véhicules - côté,,,,,,,,,,,2,2,3,1.0,3.0
201800042986,0018-04-25 23:55:00,18,4,25,23,55,940,78,"1, PL HECTOR BERLIOZ",48.74587,2.4465,Nuit avec éclairage allumé,En agglomération,Place,Normale,Sans collision,,,,,,,,,,,5,2,7,1.0,7.0
201800042987,0018-04-29 19:55:00,18,4,29,19,55,940,77,DU VAIR / ST MARTIN,48.73803,2.40785,Crépuscule ou aube,En agglomération,Intersection en T,Pluie légère,Deux véhicules - côté,,,,,,,,,,,2,2,3,2.0,3.0
201800042988,0018-05-07 17:10:00,18,5,7,17,10,940,74,40 RUE DU COLONEL FABIEN,48.7453,2.4691,Plein jour,En agglomération,Hors intersection,Normale,Autre collision,,,,,,,,,,,1,2,1,1.0,6.0
201800042989,0018-05-08 00:15:00,18,5,8,0,15,940,78,MELUN (AV DE),48.72768,2.44552,Nuit avec éclairage allumé,En agglomération,Intersection en T,Normale,Deux véhicules - côté,,,,,,,,,,,5,2,3,1.0,3.0
201800042990,0018-05-09 09:50:00,18,5,9,9,50,940,78,AV DU 18 JUIN 1940,48.75,2.44,Plein jour,En agglomération,Hors intersection,Normale,Deux véhicules - côté,,,,,,,,,,,1,2,1,1.0,3.0
201800042991,0018-04-20 07:30:00,18,4,20,7,30,940,1,QU BARONNIE / BAC,48.72119,2.41852,Plein jour,En agglomération,Intersection en T,Temps éblouissant,Autre collision,,,,,,,,,,,1,2,3,7.0,6.0
201800042992,0018-05-11 15:25:00,18,5,11,15,25,940,74,AV DU RU DE GIRONDE,48.7435,2.4657,Plein jour,En agglomération,Hors intersection,Normale,Trois véhicules et plus - en chaîne,,,,,,,,,,,1,2,1,1.0,4.0
201800042993,0018-05-15 09:07:00,18,5,15,9,7,940,74,CHAMP SAINT-JULIEN (AV D,48.74845,2.45688,Plein jour,En agglomération,Hors intersection,Normale,Deux véhicules - côté,,,,,,,,,,,1,2,1,1.0,3.0
201800042994,0018-05-15 13:20:00,18,5,15,13,20,940,77,SADI CARNOT (AV),48.73543,2.41634,Plein jour,En agglomération,Giratoire,Normale,Sans collision,,,,,,,,,,,1,2,6,1.0,7.0
201800042995,0018-05-21 12:50:00,18,5,21,12,50,940,77,COURS DE VERDUN,48.7325,2.40733,Plein jour,En agglomération,Intersection à plus de 4 branches,Normale,Trois véhicules et plus - en chaîne,,,,,,,,,,,1,2,5,1.0,4.0
201800042996,0018-05-21 21:30:00,18,5,21,21,30,940,77,"22, REPUBLIQUE (AV DE LA",48.73115,2.42123,Plein jour,En agglomération,Intersection en X,Normale,Deux véhicules - côté,,,,,,,,,,,1,2,2,1.0,3.0
201800042997,0018-05-23 20:15:00,18,5,23,20,15,940,78,"12, AVENUE DE CHOISY",48.74757,2.43677,Crépuscule ou aube,En agglomération,Hors intersection,Normale,Deux véhicules - côté,,,,,,,,,,,2,2,1,1.0,3.0
201800042998,0018-05-25 17:45:00,18,5,25,17,45,940,78,"138, VALENTON (AV DE)",48.7395,2.45688,Plein jour,En agglomération,Hors intersection,Normale,Deux véhicules - côté,,,,,,,,,,,1,2,1,1.0,3.0
201800042999,0018-05-26 16:54:00,18,5,26,16,54,940,78,"163, VALENTON (AV DE)",48.74047,2.45717,Plein jour,En agglomération,Hors intersection,Normale,Trois véhicules et plus - en chaîne,,,,,,,,,,,1,2,1,1.0,4.0
201800043000,0018-06-01 13:20:00,18,6,1,13,20,940,77,"12BIS, LE FOLL (AV)",48.7302,2.42732,Plein jour,En agglomération,Hors intersection,Normale,Deux véhicules - arrière,,,,,,,,,,,1,2,1,1.0,2.0
201800043001,0018-06-02 21:06:00,18,6,2,21,6,940,78,L'APPEL DU DIX-HUIT JUIN,48.75933,2.44309,Crépuscule ou aube,En agglomération,Hors intersection,Normale,Autre collision,,,,,,,,,,,2,2,1,1.0,6.0
201800043002,0018-06-03 03:30:00,18,6,3,3,30,940,74,VILLA DES POLOGNES,48.7411,2.46812,Nuit avec éclairage allumé,En agglomération,Autre intersection,Normale,Autre collision,,,,,,,,,,,5,2,9,1.0,6.0
201800043003,0018-06-04 12:50:00,18,6,4,12,50,940,74,AVENUE HENRI BARBUSSE,48.76516,2.44157,Plein jour,En agglomération,Hors intersection,Normale,Deux véhicules - arrière,,,,,,,,,,,1,2,1,1.0,2.0
201800043004,0018-06-06 01:57:00,18,6,6,1,57,940,77,REPUBLIQUE (VLA DE LA),48.7322,2.40872,Nuit avec éclairage allumé,En agglomération,Hors intersection,Pluie forte,Deux véhicules - arrière,,,,,,,,,,,5,2,1,3.0,2.0
201800043005,0018-06-08 13:45:00,18,6,8,13,45,940,77,"61, PAUL BERT (R)",48.73232,2.44051,Plein jour,En agglomération,Hors intersection,Normale,Deux véhicules - côté,,,,,,,,,,,1,2,1,1.0,3.0
201800043006,0018-06-09 21:40:00,18,6,9,21,40,940,77,PAUL BERT (R),48.73,2.44,Crépuscule ou aube,En agglomération,Intersection en T,Normale,Deux véhicules - frontale,,,,,,,,,,,2,2,3,1.0,1.0
201800043007,0018-06-10 11:22:00,18,6,10,11,22,940,78,PARIS (R DE),48.73297,2.44674,Plein jour,En agglomération,Intersection en T,Normale,Deux véhicules - côté,,,,,,,,,,,1,2,3,1.0,3.0
201800043008,0018-06-11 08:55:00,18,6,11,8,55,940,77,PAUL PAINLEVE (AV),48.74076,2.42522,Plein jour,En agglomération,Hors intersection,Pluie légère,Autre collision,,,,,,,,,,,1,2,1,2.0,6.0
201800043009,0018-06-14 08:00:00,18,6,14,8,0,940,74,BERGERIE (ALL DE LA),48.74918,2.46452,Plein jour,En agglomération,Hors intersection,Normale,Deux véhicules - frontale,,,,,,,,,,,1,2,1,1.0,1.0
201800043010,0018-06-14 18:50:00,18,6,14,18,50,940,78,"26, FRANCIS MARTIN (R)",48.73714,2.45236,Plein jour,En agglomération,Intersection en T,Normale,Autre collision,,,,,,,,,,,1,2,3,1.0,6.0
201800043011,0018-06-15 19:00:00,18,6,15,19,0,940,74,COLONEL FABIEN (R),48.74811,2.46756,Plein jour,En agglomération,Hors intersection,Normale,Deux véhicules - côté,,,,,,,,,,,1,2,1,1.0,3.0
201800043012,0018-06-17 17:15:00,18,6,17,17,15,940,77,"16, CHOISY (RTE DE)",48.73975,2.40745,Plein jour,En agglomération,Hors intersection,Normale,Autre collision,,,,,,,,,,,1,2,1,1.0,6.0
201800043013,0018-06-18 17:00:00,18,6,18,17,0,940,74,"30, COLONEL FABIEN (R)",48.7459,2.4686,Plein jour,En agglomération,Hors intersection,Normale,Deux véhicules - frontale,,,,,,,,,,,1,2,1,1.0,1.0
201800043014,0018-06-21 18:05:00,18,6,21,18,5,940,74,RASPAIL (R),48.76513,2.44597,Plein jour,En agglomération,Hors intersection,Normale,Autre collision,,,,,,,,,,,1,2,1,1.0,6.0
201800043015,0018-06-21 18:50:00,18,6,21,18,50,940,1,GENERAL DE GAULLE (R DU),48.72756,2.41866,Plein jour,En agglomération,Hors intersection,Normale,Autre collision,,,,,,,,,,,1,2,1,1.0,6.0
201800043016,0018-06-22 15:45:00,18,6,22,15,45,940,77,VERDUN (COURS DE),48.73291,2.40603,Plein jour,En agglomération,Intersection en X,Normale,Deux véhicules - côté,,,,,,,,,,,1,2,2,1.0,3.0
201800043017,0018-06-23 14:40:00,18,6,23,14,40,940,78,ANATOLE FRANCE (AV),48.74758,2.45284,Plein jour,En agglomération,Hors intersection,Normale,Deux véhicules - frontale,,,,,,,,,,,1,2,1,1.0,1.0
201800043018,0018-06-26 19:18:00,18,6,26,19,18,940,74,"20, JULIEN DURANTON (ave",48.76705,2.4472,Plein jour,En agglomération,Hors intersection,Normale,Autre collision,,,,,,,,,,,1,2,1,1.0,6.0
201800043019,0018-06-22 11:20:00,18,6,22,11,20,940,78,"8, HENRI SELLIER (R)",48.7524,2.446,Plein jour,En agglomération,Hors intersection,Normale,Autre collision,,,,,,,,,,,1,2,1,1.0,6.0
201800043020,0018-07-03 19:15:00,18,7,3,19,15,940,78,L'APPEL DU DIX-HUIT JUIN,48.75,2.44,Plein jour,En agglomération,Hors intersection,Normale,Autre collision,,,,,,,,,,,1,2,1,1.0,6.0
201800043021,0018-07-05 09:50:00,18,7,5,9,50,940,78,"08, PIERRE SEMARD (PL)",48.72908,2.44662,Plein jour,En agglomération,Hors intersection,Normale,Deux véhicules - arrière,,,,,,,,,,,1,2,1,1.0,2.0
201800043022,0018-07-07 16:10:00,18,7,7,16,10,940,78,"20, THIMONNIER (R)",48.7499,2.4494,Plein jour,En agglomération,Hors intersection,Normale,Autre collision,,,,,,,,,,,1,2,1,1.0,6.0
201800043023,0018-07-12 18:30:00,18,7,12,18,30,940,78,"338, PARIS (R DE)",48.75112,2.44522,Plein jour,En agglomération,Hors intersection,Normale,Autre collision,,,,,,,,,,,1,2,1,1.0,6.0
201800043024,0018-07-14 17:49:00,18,7,14,17,49,940,78,L'APPEL DU DIX-HUIT J,48.7584,2.4493,Plein jour,En agglomération,Hors intersection,Normale,Sans collision,,,,,,,,,,,1,2,1,1.0,7.0
201800043025,0018-07-14 21:15:00,18,7,14,21,15,940,78,GUSTAVE FLAUBERT (R),48.73959,2.4655,Crépuscule ou aube,En agglomération,Hors intersection,Normale,Autre collision,,,,,,,,,,,2,2,1,1.0,6.0
201800043026,0018-07-16 06:20:00,18,7,16,6,20,940,78,RUE DE PARIS,48.7513,2.4452,Crépuscule ou aube,En agglomération,Intersection en T,Normale,Deux véhicules - côté,,,,,,,,,,,2,2,3,1.0,3.0
201800043027,0018-07-16 12:55:00,18,7,16,12,55,940,78,"67, FUSILLES (AV DES)",48.7289,2.44805,Plein jour,En agglomération,Hors intersection,Normale,Deux véhicules - côté,,,,,,,,,,,1,2,1,1.0,3.0
201800043028,0018-07-18 14:50:00,18,7,18,14,50,940,78,"98, CHOISY (AV DE)",48.75454,2.42913,Plein jour,En agglomération,Autre intersection,Normale,Deux véhicules - côté,,,,,,,,,,,1,2,9,1.0,3.0
201800043029,0018-07-19 20:40:00,18,7,19,20,40,940,77,"47, LE FOLL (AV)",48.7772,2.4362,Plein jour,En agglomération,Hors intersection,Normale,Deux véhicules - arrière,,,,,,,,,,,1,2,1,1.0,2.0
201800043030,0018-07-21 16:50:00,18,7,21,16,50,940,77,LE FOLL (AV),48.72789,2.44063,Plein jour,En agglomération,Giratoire,Normale,Autre collision,,,,,,,,,,,1,2,6,1.0,6.0
201800043031,0018-07-22 21:40:00,18,7,22,21,40,940,1,"7, AUGUSTE DURU (AV)",48.724,2.42028,Crépuscule ou aube,En agglomération,Hors intersection,Normale,Sans collision,,,,,,,,,,,2,2,1,1.0,7.0
201800043032,0018-07-27 18:50:00,18,7,27,18,50,940,78,PARIS (RUE DE),48.7434,2.44666,Plein jour,En agglomération,Hors intersection,Pluie légère,Autre collision,,,,,,,,,,,1,2,1,2.0,6.0
201800043033,0018-08-01 15:25:00,18,8,1,15,25,940,74,COLONEL FABIEN (R),48.7456,2.46914,Plein jour,En agglomération,Hors intersection,Normale,Sans collision,,,,,,,,,,,1,2,1,1.0,7.0
201800043034,0018-08-03 18:25:00,18,8,3,18,25,940,78,PARIS (rue de ),48.73558,2.44686,Plein jour,En agglomération,Hors intersection,Normale,Autre collision,,,,,,,,,,,1,2,1,1.0,6.0
201800043035,0018-08-04 15:10:00,18,8,4,15,10,940,74,RU DE GIRONDE (AV DU),48.73797,2.47081,Plein jour,En agglomération,Giratoire,Normale,Deux véhicules - arrière,,,,,,,,,,,1,2,6,1.0,2.0
201800043036,0018-08-08 11:10:00,18,8,8,11,10,940,78,PARIS (R DE),48.74563,2.4467,Plein jour,En agglomération,Hors intersection,Normale,Deux véhicules - arrière,,,,,,,,,,,1,2,1,1.0,2.0
201800043037,0018-08-09 17:40:00,18,8,9,17,40,940,78,WINSTON CHURCHILL (AV),48.75451,2.44719,Plein jour,En agglomération,Hors intersection,Normale,Deux véhicules - frontale,,,,,,,,,,,1,2,1,1.0,1.0
201800043038,0018-08-10 07:10:00,18,8,10,7,10,940,78,HUIT MAI 1945 (AV DU),48.72766,2.44551,Plein jour,En agglomération,Intersection en T,Normale,Deux véhicules - frontale,,,,,,,,,,,1,2,3,1.0,1.0
201800043039,0018-08-14 16:40:00,18,8,14,16,40,940,78,VILLENEUVE LE ROI (PONT,48.72769,2.44548,Plein jour,En agglomération,Intersection en T,Normale,Deux véhicules - côté,,,,,,,,,,,1,2,3,1.0,3.0
201800043040,0018-08-19 00:50:00,18,8,19,0,50,940,78,L'APPEL DU DIX-HUIT JUIN,48.75532,2.44428,Nuit avec éclairage allumé,En agglomération,Hors intersection,Normale,Deux véhicules - arrière,,,,,,,,,,,5,2,1,1.0,2.0
201800043041,0018-08-20 07:00:00,18,8,20,7,0,940,78,VILLENEUVE LE ROI (PONT,48.728,2.444,Plein jour,En agglomération,Hors intersection,Normale,Deux véhicules - frontale,,,,,,,,,,,1,2,1,1.0,1.0
201800043042,0018-08-22 11:00:00,18,8,22,11,0,940,78,PARIS (R DE),48.73015,2.44686,Plein jour,En agglomération,Hors intersection,Normale,Sans collision,,,,,,,,,,,1,2,1,1.0,7.0
201800043043,0018-08-28 12:20:00,18,8,28,12,20,940,78,VALENTON (AV DE),48.73474,2.4532,Plein jour,En agglomération,Hors intersection,Normale,Deux véhicules - arrière,,,,,,,,,,,1,2,1,1.0,2.0
201800043044,0018-08-30 19:50:00,18,8,30,19,50,940,74,HENRI BARBUSSE (AV),48.7713,2.44013,Plein jour,Hors agglomération,Hors intersection,Normale,Deux véhicules - côté,,,,,,,,,,,1,1,1,1.0,3.0
201800043045,0018-09-04 03:30:00,18,9,4,3,30,940,78,PARIS (R DE),48.7365,2.44687,Nuit avec éclairage allumé,En agglomération,Hors intersection,Normale,Deux véhicules - arrière,,,,,,,,,,,5,2,1,1.0,2.0
201800043046,0018-09-09 16:45:00,18,9,9,16,45,940,77,VERDUN (COUR DE),48.73404,2.40566,Plein jour,En agglomération,Intersection en Y,Normale,Deux véhicules - côté,,,,,,,,,,,1,2,4,1.0,3.0
201800043047,0018-09-04 19:50:00,18,9,4,19,50,940,77,CHARLES NUNGESSER (R),48.7,2.39,Plein jour,En agglomération,Hors intersection,Normale,Deux véhicules - frontale,,,,,,,,,,,1,2,1,1.0,1.0
201800043048,0018-09-12 15:25:00,18,9,12,15,25,940,78,CHOISY (AV DE),48.7543,2.4289,Plein jour,En agglomération,Hors intersection,Normale,Autre collision,,,,,,,,,,,1,2,1,1.0,6.0
201800043049,0018-09-13 08:24:00,18,9,13,8,24,940,1,RUE DU BAC,48.72306,2.41845,Plein jour,En agglomération,Hors intersection,Temps couvert,Autre collision,,,,,,,,,,,1,2,1,8.0,6.0
201800043050,0018-09-14 15:30:00,18,9,14,15,30,940,1,rue du General de Gaulle,48.72759,2.41875,Plein jour,En agglomération,Intersection en T,Normale,Autre collision,,,,,,,,,,,1,2,3,1.0,6.0
201800043051,0018-09-15 17:15:00,18,9,15,17,15,940,78,PRESIDENT JOHN FITZGERAL,48.73331,2.46176,Plein jour,En agglomération,Hors intersection,Normale,Autre collision,,,,,,,,,,,1,2,1,1.0,6.0
201800043052,0018-09-16 15:15:00,18,9,16,15,15,940,78,PARIS (R DE),48.747,2.446,Plein jour,En agglomération,Hors intersection,Normale,Deux véhicules - arrière,,,,,,,,,,,1,2,1,1.0,2.0
201800043053,0018-09-17 07:05:00,18,9,17,7,5,940,78,PRESIDENT JOHN FITZGERAL,48.73339,2.46192,Nuit avec éclairage allumé,En agglomération,Intersection en T,Normale,Deux véhicules - frontale,,,,,,,,,,,5,2,3,1.0,1.0
201800043054,0018-09-17 18:40:00,18,9,17,18,40,940,77,GUILLAUME DU VAIR (R),48.73801,2.40771,Plein jour,En agglomération,Hors intersection,Normale,Autre collision,,,,,,,,,,,1,2,1,1.0,6.0
201800043055,0018-09-17 22:00:00,18,9,17,22,0,940,74,CHAMP SAINT-JULIEN (AV D,48.7491,2.45536,Nuit avec éclairage allumé,En agglomération,Intersection en X,Normale,Deux véhicules - côté,,,,,,,,,,,5,2,2,1.0,3.0
201800043056,0018-09-26 17:55:00,18,9,26,17,55,940,77,VICTOR HUGO (AV),48.7327,2.4242,Plein jour,En agglomération,Hors intersection,Normale,Autre collision,,,,,,,,,,,1,2,1,1.0,6.0
201800043057,0018-09-28 19:50:00,18,9,28,19,50,940,77,VICTOR HUGO (AV),48.7326,2.41895,Crépuscule ou aube,En agglomération,Intersection en X,Normale,Autre collision,,,,,,,,,,,2,2,2,1.0,6.0
201800043058,0018-09-29 21:00:00,18,9,29,21,0,940,78,PARIS (RUE DE),48.752,2.445,Crépuscule ou aube,En agglomération,Hors intersection,Normale,Deux véhicules - côté,,,,,,,,,,,2,2,1,1.0,3.0
201800043059,0018-09-30 15:35:00,18,9,30,15,35,940,1,RUE DU BAC,48.72316,2.41857,Plein jour,En agglomération,Hors intersection,Normale,Deux véhicules - côté,,,,,,,,,,,1,2,1,1.0,3.0
201800043060,0018-10-01 15:30:00,18,10,1,15,30,940,78,MELUN (AV DE),48.7246,2.4452,Plein jour,En agglomération,Hors intersection,Normale,Deux véhicules - arrière,,,,,,,,,,,1,2,1,1.0,2.0
201800043061,0018-10-01 18:20:00,18,10,1,18,20,940,74,JULIEN DURANTON (AV),48.75353,2.54505,Plein jour,En agglomération,Intersection en T,Normale,Deux véhicules - côté,,,,,,,,,,,1,2,3,1.0,3.0
201800043062,0018-10-01 21:30:00,18,10,1,21,30,940,77,VERDUN (COUR DE),48.7327,2.40614,Nuit avec éclairage allumé,En agglomération,Intersection en X,Normale,Deux véhicules - côté,,,,,,,,,,,5,2,2,1.0,3.0
201800043063,0018-10-03 18:20:00,18,10,3,18,20,940,78,HENRI DUNANT (R),48.73233,2.44694,Plein jour,En agglomération,Intersection en T,Normale,Deux véhicules - côté,,,,,,,,,,,1,2,3,1.0,3.0
201800043064,0018-10-09 07:50:00,18,10,9,7,50,940,77,REPUBLIQUE (AV DE LA),48.73108,2.42253,Crépuscule ou aube,En agglomération,Hors intersection,Normale,Autre collision,,,,,,,,,,,2,2,1,1.0,6.0