accident_id,datetime,annee,mois,jour,heure,minute,departement,commune_insee,adresse,latitude,longitude,luminosite,agglomeration,intersection,meteo,collision,nb_vehicules,nb_usagers,nb_indemnes,nb_tues,nb_blesses_hosp,nb_blesses_legers,age_cond_1,age_cond_2,veh_type_cond_1,veh_type_cond_2,lum_code,agg_code,int_code,atm_code,col_code
201800043186,0018-02-26 11:45:00,18,2,26,11,45,940,81,BROUSSAIS/PERI,48.78472,2.40603,Plein jour,En agglomération,Intersection en T,Normale,Deux véhicules - arrière,,,,,,,,,,,1,2,3,1.0,2.0
201800043187,0018-03-06 16:00:00,18,3,6,16,0,940,81,STALINGRAD / PINSON,48.79621,2.38375,Plein jour,En agglomération,Intersection en T,Normale,Deux véhicules - côté,,,,,,,,,,,1,2,3,1.0,3.0
201800043188,0018-03-14 12:30:00,18,3,14,12,30,940,81,3 Avenue de l'Abbé Roger,48.79108,2.39388,Plein jour,En agglomération,Hors intersection,Normale,Autre collision,,,,,,,,,,,1,2,1,1.0,6.0
201800043189,0018-03-14 17:55:00,18,3,14,17,55,940,81,R EDITH CAVELL / ALLENDE,48.79592,2.41262,Plein jour,En agglomération,Intersection en X,Normale,Deux véhicules - côté,,,,,,,,,,,1,2,2,1.0,3.0
201800043190,0018-03-14 19:54:00,18,3,14,19,54,940,81,"125, MOULIN DE SAQUET (A",48.78863,2.3769,Nuit avec éclairage non allumé,En agglomération,Hors intersection,Normale,Trois véhicules et plus - collisions multiples,,,,,,,,,,,4,2,1,1.0,5.0
201800043191,0018-03-16 17:00:00,18,3,16,17,0,940,81,GRIMAU / TREMBLAY,48.7816,2.37272,Plein jour,En agglomération,Intersection en X,Normale,Deux véhicules - frontale,,,,,,,,,,,1,2,2,1.0,1.0
201800043192,0018-03-17 14:40:00,18,3,17,14,40,940,81,MANOUCHIAN / BERTELOT,48.79072,2.40436,Plein jour,En agglomération,Intersection en T,Pluie forte,Deux véhicules - frontale,,,,,,,,,,,1,2,3,3.0,1.0
201800043193,0018-03-19 08:50:00,18,3,19,8,50,940,81,FRANCAIS / SAUSSAIE,48.78522,2.38846,Plein jour,En agglomération,Intersection en X,Normale,Autre collision,,,,,,,,,,,1,2,2,1.0,6.0
201800043194,0018-03-21 12:30:00,18,3,21,12,30,940,81,ANGLAIS / JAURES,48.80464,2.40532,Plein jour,En agglomération,Intersection en T,Normale,Autre collision,,,,,,,,,,,1,2,3,1.0,6.0
201800043195,0018-03-24 02:15:00,18,3,24,2,15,940,81,HELLER / HENAFF,48.7932,2.41003,Nuit avec éclairage allumé,En agglomération,Intersection en T,Pluie légère,Autre collision,,,,,,,,,,,5,2,3,2.0,6.0
201800043196,0018-03-24 11:10:00,18,3,24,11,10,940,81,PAUL VAILLANT COUTURIER,48.79421,2.39645,Plein jour,En agglomération,Hors intersection,Normale,Deux véhicules - arrière,,,,,,,,,,,1,2,1,1.0,2.0
201800043197,0018-03-24 13:55:00,18,3,24,13,55,940,81,"13-15, PRESIDENT SALVADO",48.79612,2.41583,Plein jour,En agglomération,Hors intersection,Normale,Trois véhicules et plus - collisions multiples,,,,,,,,,,,1,2,1,1.0,5.0
201800043198,0018-03-27 20:05:00,18,3,27,20,5,940,81,"23, ROUGET DE L ISLE (AV",48.77848,2.39628,Nuit avec éclairage allumé,En agglomération,Intersection en X,Normale,Trois véhicules et plus - en chaîne,,,,,,,,,,,5,2,2,1.0,4.0
201800043199,0018-03-29 11:45:00,18,3,29,11,45,940,81,"12, AV GROUPE MANOUCHIAN",48.78881,2.40604,Plein jour,En agglomération,Hors intersection,Normale,Autre collision,,,,,,,,,,,1,2,1,1.0,6.0
201800043200,0018-03-30 21:15:00,18,3,30,21,15,940,81,171 BD DE STALINGRAD,48.80512,2.37619,Nuit avec éclairage allumé,En agglomération,Hors intersection,Normale,Autre collision,,,,,,,,,,,5,2,1,1.0,6.0
201800043201,0018-04-01 03:30:00,18,4,1,3,30,940,81,CHAUVEAU / FRANCE,48.80548,2.40499,Nuit avec éclairage allumé,En agglomération,Intersection en T,Normale,Autre collision,,,,,,,,,,,5,2,3,1.0,6.0
201800043202,0018-04-02 20:00:00,18,4,2,20,0,940,81,"49, AV COMMUNE DE PARIS",48.78459,2.38905,Nuit avec éclairage allumé,En agglomération,Hors intersection,Pluie légère,Autre collision,,,,,,,,,,,5,2,1,2.0,6.0
201800043203,0018-04-11 08:45:00,18,4,11,8,45,940,81,"9, QU JULES GUESDE",48.77819,2.41416,Plein jour,En agglomération,Hors intersection,Normale,Deux véhicules - côté,,,,,,,,,,,1,2,1,1.0,3.0
201800043204,0018-02-01 09:20:00,18,2,1,9,20,940,81,FABIEN / SAQUET,48.78842,2.37552,Plein jour,En agglomération,Intersection en X,Normale,Deux véhicules - arrière,,,,,,,,,,,1,2,2,1.0,2.0
201800043205,0018-04-15 13:05:00,18,4,15,13,5,940,81,BARBUSSE / DEFRESNE,48.79278,2.39128,Plein jour,En agglomération,Intersection en X,Normale,Deux véhicules - côté,,,,,,,,,,,1,2,2,1.0,3.0
201800043206,0018-04-18 18:10:00,18,4,18,18,10,940,81,"129, R EDOUARD TREMBLAY",48.78439,2.37628,Plein jour,Hors agglomération,Hors intersection,Normale,Autre collision,,,,,,,,,,,1,1,1,1.0,6.0
201800043207,0018-04-20 12:30:00,18,4,20,12,30,940,81,"41, AV P.V. COUTURIER",48.79862,2.40036,Plein jour,En agglomération,Hors intersection,Normale,Deux véhicules - côté,,,,,,,,,,,1,2,1,1.0,3.0
201800043208,0018-04-22 20:25:00,18,4,22,20,25,940,81,"82, AV ANATOLE FRANCE",48.80616,2.40482,Plein jour,En agglomération,Hors intersection,Normale,Deux véhicules - côté,,,,,,,,,,,1,2,1,1.0,3.0
201800043209,0018-04-25 11:10:00,18,4,25,11,10,940,81,"52, BD DE STALINGRAD",48.79674,2.38325,Plein jour,En agglomération,Hors intersection,Normale,Autre collision,,,,,,,,,,,1,2,1,1.0,6.0
201800043210,0018-04-25 16:30:00,18,4,25,16,30,940,81,"63, FABIEN / GREUZE",48.78438,2.37903,Plein jour,En agglomération,Intersection en T,Normale,Deux véhicules - côté,,,,,,,,,,,1,2,3,1.0,3.0
201800043211,0018-05-04 08:50:00,18,5,4,8,50,940,81,"18, MOULIN DE SAQUET (AV",48.79,2.38,Plein jour,En agglomération,Hors intersection,Normale,Autre collision,,,,,,,,,,,1,2,1,1.0,6.0
201800043212,0018-05-04 16:45:00,18,5,4,16,45,940,81,"161bis, EDOUARD TREMBLAY",48.78288,2.3744,Plein jour,En agglomération,Hors intersection,Normale,Autre collision,,,,,,,,,,,1,2,1,1.0,6.0
201800043213,0018-05-04 19:40:00,18,5,4,19,40,940,81,RUE LEON GEOFFROY,48.78374,2.40759,Plein jour,En agglomération,Hors intersection,Normale,Autre collision,,,,,,,,,,,1,2,1,1.0,6.0
201800043214,0018-05-07 16:35:00,18,5,7,16,35,940,81,"7, EUGENE PELLETAN (AV)",48.79316,2.3857,Plein jour,En agglomération,Hors intersection,Normale,Autre collision,,,,,,,,,,,1,2,1,1.0,6.0
201800043215,0018-04-07 22:30:00,18,4,7,22,30,940,81,"236, GRIMAU / TREMBLAY",48.78163,2.37264,Nuit avec éclairage allumé,En agglomération,Intersection en X,Normale,Deux véhicules - frontale,,,,,,,,,,,5,2,2,1.0,1.0
201800043216,0018-05-16 01:20:00,18,5,16,1,20,940,81,60 RUE LEON GEOFFROY,48.7795,2.40835,Nuit avec éclairage allumé,En agglomération,Hors intersection,Normale,Autre collision,,,,,,,,,,,5,2,1,1.0,6.0
201800043217,0018-05-18 18:00:00,18,5,18,18,0,940,81,PETITE SAUSSAIE (R DE LA,48.7852,2.3892,Plein jour,En agglomération,Intersection en X,Normale,Autre collision,,,,,,,,,,,1,2,2,1.0,6.0
201800043218,0018-05-18 20:15:00,18,5,18,20,15,940,81,"12, ABBE ROGER DERRY (AV",48.79023,2.3914,Plein jour,En agglomération,Hors intersection,Normale,Autre collision,,,,,,,,,,,1,2,1,1.0,6.0
201800043219,0018-05-18 20:50:00,18,5,18,20,50,940,81,"Angle, EDITH CAVELL (R)",48.80223,2.40957,Crépuscule ou aube,En agglomération,Intersection en X,Normale,Deux véhicules - côté,,,,,,,,,,,2,2,2,1.0,3.0
201800043220,0018-05-19 14:20:00,18,5,19,14,20,940,81,22 AV PDT SALVADOR ALLEN,48.79589,2.41088,Plein jour,En agglomération,Hors intersection,Normale,Deux véhicules - frontale,,,,,,,,,,,1,2,1,1.0,1.0
201800043221,0018-05-24 22:00:00,18,5,24,22,0,940,81,"49, MOULIN DE SAQUET (AV",48.7914,2.38213,Nuit avec éclairage allumé,En agglomération,Hors intersection,Normale,Deux véhicules - côté,,,,,,,,,,,5,2,1,1.0,3.0
201800043222,0018-05-29 23:35:00,18,5,29,23,35,940,81,EDITH CAVELL (R),48.79584,2.41267,Nuit avec éclairage allumé,En agglomération,Intersection en X,Pluie forte,Deux véhicules - côté,,,,,,,,,,,5,2,2,3.0,3.0
201800043223,0018-05-30 16:15:00,18,5,30,16,15,940,81,"5, ABBE ROGER DERRY (AV",48.7908,2.39344,Plein jour,En agglomération,Hors intersection,Normale,Autre collision,,,,,,,,,,,1,2,1,1.0,6.0
201800043224,0018-06-05 11:55:00,18,6,5,11,55,940,81,GUY MOQUET (AV),48.79078,2.39693,Plein jour,En agglomération,Hors intersection,Normale,Autre collision,,,,,,,,,,,1,2,1,1.0,6.0
201800043225,0018-06-07 12:00:00,18,6,7,12,0,940,81,STALINGRAD (BD DE),48.79851,2.38193,Plein jour,En agglomération,Intersection en T,Normale,Deux véhicules - côté,,,,,,,,,,,1,2,3,1.0,3.0
201800043226,0018-06-11 10:40:00,18,6,11,10,40,940,81,"200, EDOUARD TREMBLAY (R",48.7819,2.37164,Plein jour,En agglomération,Hors intersection,Normale,Autre collision,,,,,,,,,,,1,2,1,1.0,6.0
201800043227,0018-06-08 07:50:00,18,6,8,7,50,940,81,"Angle, EDITH CAVELL (R)",48.79916,2.41127,Plein jour,En agglomération,Intersection en T,Normale,Autre collision,,,,,,,,,,,1,2,3,1.0,6.0
201800043228,0018-06-14 01:00:00,18,6,14,1,0,940,81,"97, STALINGRAD (BD DE)",48.79938,2.38078,Nuit avec éclairage allumé,En agglomération,Hors intersection,Normale,Deux véhicules - côté,,,,,,,,,,,5,2,1,1.0,3.0
201800043229,0018-06-15 11:10:00,18,6,15,11,10,940,81,"35, ABBE ROGER DERRY (AV",48.78957,2.38997,Plein jour,En agglomération,Hors intersection,Normale,Autre collision,,,,,,,,,,,1,2,1,1.0,6.0
201800043230,0018-06-15 15:45:00,18,6,15,15,45,940,81,"Angle, EDOUARD TIL (R)",48.78802,2.38639,Plein jour,En agglomération,Intersection en T,Normale,Autre collision,,,,,,,,,,,1,2,3,1.0,6.0
201800043231,0018-06-20 16:30:00,18,6,20,16,30,940,81,"Angle, GABRIEL PERI (R)",48.79529,2.4017,Plein jour,En agglomération,Intersection en T,Normale,Deux véhicules - côté,,,,,,,,,,,1,2,3,1.0,3.0
201800043232,0018-06-24 20:00:00,18,6,24,20,0,940,81,"31, ABBE ROGER DERRY",48.78958,2.38998,Plein jour,En agglomération,Intersection en T,Normale,Deux véhicules - frontale,,,,,,,,,,,1,2,3,1.0,1.0
201800043233,0018-06-27 00:55:00,18,6,27,0,55,940,81,"227, JULIAN GRIMAU (R)",48.7821,2.37211,Nuit avec éclairage allumé,En agglomération,Hors intersection,Normale,Autre collision,,,,,,,,,,,5,2,1,1.0,6.0
201800043234,0018-06-27 10:50:00,18,6,27,10,50,940,81,"8, PRESIDENT SALVADOR AL",48.7961,2.41316,Plein jour,En agglomération,Hors intersection,Normale,Trois véhicules et plus - en chaîne,,,,,,,,,,,1,2,1,1.0,4.0
201800043235,0018-06-28 10:50:00,18,6,28,10,50,940,81,"80, CONCORDE (R DE LA)",48.7988,2.38197,Plein jour,En agglomération,Intersection en X,Normale,Deux véhicules - côté,,,,,,,,,,,1,2,2,1.0,3.0
201800043236,0018-06-26 09:20:00,18,6,26,9,20,940,81,"Angle, LEMERLE VETTER (A",48.77822,2.38542,Plein jour,En agglomération,Intersection en T,Normale,Deux véhicules - frontale,,,,,,,,,,,1,2,3,1.0,1.0
201800043237,0018-06-28 20:00:00,18,6,28,20,0,940,81,"Angle, EDOUARD TREMBLAY",48.78736,2.38206,Plein jour,En agglomération,Intersection en T,Normale,Autre collision,,,,,,,,,,,1,2,3,1.0,6.0
201800043238,0018-06-30 20:10:00,18,6,30,20,10,940,81,"43-45, JULES GUESDE (QU)",48.79419,2.41917,Plein jour,En agglomération,Hors intersection,Normale,Deux véhicules - arrière,,,,,,,,,,,1,2,1,1.0,2.0
201800043239,0018-07-05 12:15:00,18,7,5,12,15,940,81,"11, DIX HUIT JUIN 1940 (",48.79,2.39,Plein jour,En agglomération,Hors intersection,Normale,Deux véhicules - arrière,,,,,,,,,,,1,2,1,1.0,2.0
201800043240,0018-07-04 00:15:00,18,7,4,0,15,940,81,"10, CHATEAU (R DU)",48.7919,2.39223,Nuit avec éclairage allumé,En agglomération,Hors intersection,Normale,Autre collision,,,,,,,,,,,5,2,1,1.0,6.0
201800043241,0018-07-23 14:45:00,18,7,23,14,45,940,81,"21, CONCORDE (R DE LA)",48.79955,2.38515,Plein jour,En agglomération,Intersection à plus de 4 branches,Normale,Autre collision,,,,,,,,,,,1,2,5,1.0,6.0
201800043242,0018-07-26 15:40:00,18,7,26,15,40,940,81,ABBE ROGER DERRY (AV DE,48.7902,2.3913,Plein jour,En agglomération,Intersection en X,Normale,Autre collision,,,,,,,,,,,1,2,2,1.0,6.0
201800043243,0018-07-31 14:15:00,18,7,31,14,15,940,81,EUGENE PELLETAN (AV),48.79249,2.38619,Plein jour,En agglomération,Hors intersection,Normale,Deux véhicules - arrière,,,,,,,,,,,1,2,1,1.0,2.0
201800043244,0018-08-05 13:10:00,18,8,5,13,10,940,81,STALINGRAD (BD DE),48.80146,2.37946,Plein jour,En agglomération,Hors intersection,Normale,Deux véhicules - côté,,,,,,,,,,,1,2,1,1.0,3.0
201800043245,0018-08-10 18:50:00,18,8,10,18,50,940,81,EDITH CAVELL (R),48.79913,2.41145,Plein jour,En agglomération,Intersection en X,Normale,Deux véhicules - côté,,,,,,,,,,,1,2,2,1.0,3.0
201800043246,0018-08-14 22:15:00,18,8,14,22,15,940,81,PAUL VAILLANT COUTURIER,48.80065,2.40184,Nuit avec éclairage non allumé,En agglomération,Intersection en X,Normale,Deux véhicules - frontale,,,,,,,,,,,4,2,2,1.0,1.0
201800043247,0018-08-17 18:10:00,18,8,17,18,10,940,81,LEON GEFFROY (R),48.77521,2.40909,Plein jour,En agglomération,Hors intersection,Normale,Autre collision,,,,,,,,,,,1,2,1,1.0,6.0
201800043248,0018-08-20 21:20:00,18,8,20,21,20,940,81,PERREUX (R DU),48.79272,2.40178,Nuit sans éclairage public,En agglomération,Hors intersection,Normale,Autre collision,,,,,,,,,,,3,2,1,1.0,6.0
201800043249,0018-08-24 01:00:00,18,8,24,1,0,940,81,RUE ELSA TRIOLET,48.77946,2.40323,Nuit avec éclairage allumé,En agglomération,Autre intersection,Pluie légère,Autre collision,,,,,,,,,,,5,2,9,2.0,6.0
201800043250,0018-08-24 18:00:00,18,8,24,18,0,940,81,MOULIN DE SAQUET - CAR D,48.79229,2.38612,Plein jour,En agglomération,Autre intersection,Normale,Autre collision,,,,,,,,,,,1,2,9,1.0,6.0
201800043251,0018-08-29 07:45:00,18,8,29,7,45,940,81,HUIT MAI 1945 (AV DU),48.78407,2.39636,Crépuscule ou aube,En agglomération,Intersection en X,Pluie légère,Autre collision,,,,,,,,,,,2,2,2,2.0,6.0
201800043252,0018-08-31 19:15:00,18,8,31,19,15,940,81,CAMILLE  GROULT (R),48.79,2.4,Plein jour,En agglomération,Hors intersection,Normale,Deux véhicules - arrière,,,,,,,,,,,1,2,1,1.0,2.0
201800043253,0018-09-02 17:05:00,18,9,2,17,5,940,81,CHANZY (AV),48.79913,2.40203,Plein jour,En agglomération,Intersection en T,Normale,Deux véhicules - frontale,,,,,,,,,,,1,2,3,1.0,1.0
201800043254,0018-09-03 10:40:00,18,9,3,10,40,940,81,YOURI GAGARINE (AV),48.7869,2.3902,Plein jour,En agglomération,Hors intersection,Normale,Deux véhicules - côté,,,,,,,,,,,1,2,1,1.0,3.0
201800043255,0018-09-08 22:35:00,18,9,8,22,35,940,81,CAMILLE RISCH (R),48.77483,2.37379,Nuit avec éclairage allumé,En agglomération,Intersection en T,Normale,Autre collision,,,,,,,,,,,5,2,3,1.0,6.0
201800043256,0018-09-12 08:40:00,18,9,12,8,40,940,81,HENRI BARBUSSE (AV),48.79273,2.39151,Plein jour,En agglomération,Autre intersection,Normale,Autre collision,,,,,,,,,,,1,2,9,1.0,6.0
201800043257,0018-09-17 15:00:00,18,9,17,15,0,940,81,BEL AIR (R DU),48.78206,2.40741,Plein jour,En agglomération,Giratoire,Normale,Deux véhicules - côté,,,,,,,,,,,1,2,6,1.0,3.0
201800043258,0018-09-18 08:35:00,18,9,18,8,35,940,81,GERMAIN DEFRESNE (R),48.7937,2.39251,Plein jour,En agglomération,Hors intersection,Normale,Autre collision,,,,,,,,,,,1,2,1,1.0,6.0
201800043259,0018-09-14 20:20:00,18,9,14,20,20,940,81,ARAGO (R),48.7894,2.39735,Nuit sans éclairage public,En agglomération,Intersection en T,Normale,Deux véhicules - côté,,,,,,,,,,,3,2,3,1.0,3.0
201800043260,0018-09-19 17:50:00,18,9,19,17,50,940,81,LEON GEFFROY (R),48.7836,2.4076,Crépuscule ou aube,En agglomération,Hors intersection,Temps éblouissant,Autre collision,,,,,,,,,,,2,2,1,7.0,6.0
201800043261,0018-09-21 11:40:00,18,9,21,11,40,940,81,GAGNEE (R),48.80356,2.38366,Plein jour,En agglomération,Hors intersection,Temps couvert,Autre collision,,,,,,,,,,,1,2,1,8.0,6.0
201800043262,0018-09-24 09:00:00,18,9,24,9,0,940,81,JULIAN GRIMAU (R),48.78045,2.37331,Crépuscule ou aube,En agglomération,Autre intersection,Normale,Autre collision,,,,,,,,,,,2,2,9,1.0,6.0
201800043263,0018-09-25 22:55:00,18,9,25,22,55,940,81,LECOQ (VOI),49.79123,2.37907,Nuit avec éclairage allumé,En agglomération,Intersection en T,Normale,Autre collision,,,,,,,,,,,5,2,3,1.0,6.0
201800043264,0018-09-27 14:30:00,18,9,27,14,30,940,81,ANATOLE FRANCE (AV),48.8015,2.40237,Plein jour,En agglomération,Intersection en X,Normale,Deux véhicules - côté,,,,,,,,,,,1,2,2,1.0,3.0
201800043265,0018-10-02 08:45:00,18,10,2,8,45,940,81,LEON GEFFROY (R),48.77802,2.40841,Plein jour,En agglomération,Giratoire,Normale,Deux véhicules - côté,,,,,,,,,,,1,2,6,1.0,3.0
201800043266,0018-10-02 12:25:00,18,10,2,12,25,940,81,CHOISY (R DE),48.78613,2.39935,Plein jour,En agglomération,Hors intersection,Normale,Trois véhicules et plus - collisions multiples,,,,,,,,,,,1,2,1,1.0,5.0
201800043267,0018-10-08 18:00:00,18,10,8,18,0,940,81,JULES GUESDE (QU),48.79219,2.42028,Plein jour,En agglomération,Hors intersection,Normale,Autre collision,,,,,,,,,,,1,2,1,1.0,6.0
201800043268,0018-10-09 06:15:00,18,10,9,6,15,940,81,CAMELINAT (R),48.79,2.38,Nuit avec éclairage allumé,En agglomération,Intersection en T,Normale,Deux véhicules - frontale,,,,,,,,,,,5,2,3,1.0,1.0
201800043269,0018-10-09 07:25:00,18,10,9,7,25,940,81,ANATOLE FRANCE (AV),48.80188,2.40303,Crépuscule ou aube,En agglomération,Hors intersection,Normale,Autre collision,,,,,,,,,,,2,2,1,1.0,6.0
201800043270,0018-09-30 22:30:00,18,9,30,22,30,940,81,GABRIEL PERI (R),48.79168,2.40163,Nuit avec éclairage allumé,En agglomération,Hors intersection,Normale,Autre collision,,,,,,,,,,,5,2,1,1.0,6.0
201800043271,0018-10-10 14:20:00,18,10,10,14,20,940,81,GENERAL DE GAULLE (R DU),48.79304,2.39289,Plein jour,En agglomération,Intersection en X,Normale,Autre collision,,,,,,,,,,,1,2,2,1.0,6.0
201800043272,0018-10-12 17:00:00,18,10,12,17,0,940,81,YOURI GAGARINE (AV),48.78606,2.3919,Plein jour,En agglomération,Autre intersection,Normale,Deux véhicules - frontale,,,,,,,,,,,1,2,9,1.0,1.0
201800043273,0018-10-12 20:30:00,18,10,12,20,30,940,81,PRESIDENT SALVADOR ALLEN,48.79586,2.41119,Nuit avec éclairage allumé,En agglomération,Hors intersection,Normale,Deux véhicules - côté,,,,,,,,,,,5,2,1,1.0,3.0
201800043274,0018-10-15 16:45:00,18,10,15,16,45,940,81,COMMUNE DE PARIS (AV DE,48.78,2.39,Plein jour,En agglomération,Hors intersection,Normale,Autre collision,,,,,,,,,,,1,2,1,1.0,6.0
201800043275,0018-10-17 18:40:00,18,10,17,18,40,940,81,CAMILLE GROULT (R),48.78618,2.39512,Crépuscule ou aube,En agglomération,Hors intersection,Normale,Autre collision,,,,,,,,,,,2,2,1,1.0,6.0
201800043276,0018-10-17 22:25:00,18,10,17,22,25,940,81,CAMILLE GROULT (R),48.78929,2.4011,Nuit avec éclairage allumé,En agglomération,Intersection en T,Normale,Deux véhicules - côté,,,,,,,,,,,5,2,3,1.0,3.0
201800043277,0018-10-19 09:25:00,18,10,19,9,25,940,81,ROUGET DE L ISLE (AV),48.77755,2.397,Plein jour,En agglomération,Hors intersection,Normale,Deux véhicules - côté,,,,,,,,,,,1,2,1,1.0,3.0
201800043278,0018-10-22 19:55:00,18,10,22,19,55,940,81,JULIAN GRIMAU (R),48.77746,2.37774,Crépuscule ou aube,En agglomération,Autre intersection,Normale,Deux véhicules - côté,,,,,,,,,,,2,2,9,1.0,3.0
201800043279,0018-10-25 08:00:00,18,10,25,8,0,940,81,MARIO CAPRA (R),48.78346,2.39025,Plein jour,En agglomération,Intersection en T,Normale,Autre collision,,,,,,,,,,,1,2,3,1.0,6.0
201800043280,0018-10-27 14:10:00,18,10,27,14,10,940,81,HUIT MAI 1945 (AV DU),48.78423,2.39726,Plein jour,En agglomération,Hors intersection,Normale,Autre collision,,,,,,,,,,,1,2,1,1.0,6.0
201800043281,0018-10-28 21:50:00,18,10,28,21,50,940,81,STALINGRAD (BD DE),48.8,2.38,Nuit avec éclairage allumé,En agglomération,Hors intersection,Normale,Deux véhicules - côté,,,,,,,,,,,5,2,1,1.0,3.0
201800043282,0018-10-29 21:50:00,18,10,29,21,50,940,81,ROGER CONTESENNE (R),48.79147,2.40012,Nuit avec éclairage allumé,En agglomération,Intersection en T,Temps couvert,Deux véhicules - côté,,,,,,,,,,,5,2,3,8.0,3.0
201800043283,0018-10-31 18:10:00,18,10,31,18,10,940,81,LUCIEN FRANCAIS (AV),48.7893,2.38883,Nuit avec éclairage allumé,En agglomération,Intersection en X,Pluie légère,Autre collision,,,,,,,,,,,5,2,2,2.0,6.0
201800043284,0018-10-31 22:45:00,18,10,31,22,45,940,58,ALSACE LORRAINE (BD D),48.8511,2.5058,Nuit avec éclairage allumé,En agglomération,Hors intersection,Pluie légère,Deux véhicules - arrière,,,,,,,,,,,5,2,1,2.0,2.0
201800043285,0018-11-01 08:00:00,18,11,1,8,0,940,81,CONSTANT COQUELIN (R),48.77321,2.40179,Crépuscule ou aube,En agglomération,Autre intersection,Normale,Trois véhicules et plus - en chaîne,,,,,,,,,,,2,2,9,1.0,4.0
201800043286,0018-11-11 00:08:00,18,11,11,0,8,940,81,GABRIEL PERI,48.79411,2.40069,Nuit avec éclairage allumé,En agglomération,Intersection en T,Autre,Deux véhicules - côté,,,,,,,,,,,5,2,3,9.0,3.0
201800043287,0018-11-13 07:45:00,18,11,13,7,45,940,81,GABRIEL PERI (R),48.79291,2.40119,Crépuscule ou aube,En agglomération,Intersection à plus de 4 branches,Normale,Deux véhicules - frontale,,,,,,,,,,,2,2,5,1.0,1.0
201800043288,0018-11-20 07:30:00,18,11,20,7,30,940,81,ROUGET DE L ISLE (AV),48.78335,2.3939,Nuit avec éclairage allumé,En agglomération,Hors intersection,Pluie légère,Autre collision,,,,,,,,,,,5,2,1,2.0,6.0
201800043289,0018-11-21 12:00:00,18,11,21,12,0,940,81,ROUGET DE L ISLE (AV),48.78295,2.39391,Plein jour,En agglomération,Hors intersection,Normale,Autre collision,,,,,,,,,,,1,2,1,1.0,6.0
201800043290,0018-11-22 11:15:00,18,11,22,11,15,940,81,ROUGET DE L ISLE (AV),48.7797,2.3955,Plein jour,En agglomération,Hors intersection,Temps couvert,Deux véhicules - côté,,,,,,,,,,,1,2,1,8.0,3.0
201800043291,0018-11-22 15:55:00,18,11,22,15,55,940,81,ANSELME RONDENAY (R),48.78,2.4,Plein jour,En agglomération,Intersection en T,Pluie légère,Deux véhicules - côté,,,,,,,,,,,1,2,3,2.0,3.0
201800043292,0018-11-23 10:50:00,18,11,23,10,50,940,81,COLONEL FABIEN (AV DU),48.78259,2.38084,Plein jour,En agglomération,Hors intersection,Brouillard / fumée,Sans collision,,,,,,,,,,,1,2,1,5.0,7.0
201800043293,0018-11-27 08:00:00,18,11,27,8,0,940,81,BEL AIR (R DU),48.78156,2.40478,Plein jour,En agglomération,Hors intersection,Normale,Autre collision,,,,,,,,,,,1,2,1,1.0,6.0
201800043294,0018-11-08 00:25:00,18,11,8,0,25,940,81,MOULIN DE SAQUET (AV DU),48.79197,2.38493,Nuit avec éclairage non allumé,En agglomération,Intersection en T,Normale,Autre collision,,,,,,,,,,,4,2,3,1.0,6.0
201800043295,0018-11-30 17:20:00,18,11,30,17,20,940,81,LUCIEN FRANCAIS (AV),48.78579,2.38826,Nuit avec éclairage allumé,En agglomération,Hors intersection,Normale,Autre collision,,,,,,,,,,,5,2,1,1.0,6.0
201800043296,0018-12-02 06:15:00,18,12,2,6,15,940,81,LEON GEFFROY (R),48.77551,2.40929,Nuit avec éclairage allumé,En agglomération,Hors intersection,Pluie forte,Autre collision,,,,,,,,,,,5,2,1,3.0,6.0
201800043297,0018-12-03 08:00:00,18,12,3,8,0,940,81,JULIAN GRIMAU (R),48.78049,2.37337,Crépuscule ou aube,En agglomération,Autre intersection,Pluie légère,Autre collision,,,,,,,,,,,2,2,9,2.0,6.0
201800043298,0018-12-03 15:05:00,18,12,3,15,5,940,81,PAUL VAILLANT COUTURIER,48.79254,2.39514,Plein jour,En agglomération,Hors intersection,Pluie légère,Deux véhicules - côté,,,,,,,,,,,1,2,1,2.0,3.0
201800043299,0018-12-06 06:48:00,18,12,6,6,48,940,81,EDOUARD TIL (R),48.7877,2.3864,Nuit sans éclairage public,En agglomération,Passage à niveau,Pluie légère,Autre collision,,,,,,,,,,,3,2,8,2.0,6.0
201800043300,0018-12-08 15:45:00,18,12,8,15,45,940,81,GENERAL LECLERC (AV DU),48.79039,2.38997,Plein jour,En agglomération,Hors intersection,Pluie légère,Deux véhicules - côté,,,,,,,,,,,1,2,1,2.0,3.0
201800043301,0018-12-13 21:14:00,18,12,13,21,14,940,81,JULIAN GRIMAU (R),48.77645,2.40892,Nuit avec éclairage allumé,En agglomération,Hors intersection,Normale,Deux véhicules - côté,,,,,,,,,,,5,2,1,1.0,3.0
201800043302,0018-12-14 09:25:00,18,12,14,9,25,940,81,JULES GUESDE (QU),48.78776,2.42067,Plein jour,En agglomération,Hors intersection,Normale,Deux véhicules - arrière,,,,,,,,,,,1,2,1,1.0,2.0
201800043303,0018-12-18 17:40:00,18,12,18,17,40,940,81,PRESIDENT SALVADOR ALLEN,48.79593,2.41269,Nuit avec éclairage allumé,En agglomération,Intersection en X,Normale,Deux véhicules - côté,,,,,,,,,,,5,2,2,1.0,3.0
201800043304,0018-12-21 20:40:00,18,12,21,20,40,940,81,PDT SALVADOR ALLENDE,48.795,2.412,Nuit avec éclairage allumé,En agglomération,Intersection en X,Pluie légère,Autre collision,,,,,,,,,,,5,2,2,2.0,6.0