accident_id,datetime,annee,mois,jour,heure,minute,departement,commune_insee,adresse,latitude,longitude,luminosite,agglomeration,intersection,meteo,collision,nb_vehicules,nb_usagers,nb_indemnes,nb_tues,nb_blesses_hosp,nb_blesses_legers,age_cond_1,age_cond_2,veh_type_cond_1,veh_type_cond_2,lum_code,agg_code,int_code,atm_code,col_code
201800043305,0018-12-25 05:50:00,18,12,25,5,50,940,81,JULIAN GRIMAU (R),48.78168,2.37257,Nuit sans éclairage public,En agglomération,Intersection en X,Temps couvert,Deux véhicules - côté,,,,,,,,,,,3,2,2,8.0,3.0
201800043306,0018-12-30 18:09:00,18,12,30,18,9,940,81,ABBE ROGER DERRY (AV DE,48.789,2.389,Nuit avec éclairage allumé,En agglomération,Intersection en X,Normale,Autre collision,,,,,,,,,,,5,2,2,1.0,6.0
201800043307,0018-01-11 01:20:00,18,1,11,1,20,950,18,PLACE ARISTIDE BRIAND,48.9486,2.2572,Nuit avec éclairage allumé,En agglomération,Hors intersection,Normale,Autre collision,,,,,,,,,,,5,2,1,1.0,6.0
201800043308,0018-01-03 03:05:00,18,1,3,3,5,950,18,ALLEE BEETHOVEN,48.9535,2.2173,Nuit avec éclairage allumé,En agglomération,Intersection en X,Pluie légère,Autre collision,,,,,,,,,,,5,2,2,2.0,6.0
201800043309,0018-01-12 20:30:00,18,1,12,20,30,950,63,AV GABRIEL PERI,48.9341,2.2092,Nuit avec éclairage allumé,En agglomération,Hors intersection,Normale,Deux véhicules - frontale,,,,,,,,,,,5,2,1,1.0,1.0
201800043310,0018-01-06 09:25:00,18,1,6,9,25,950,63,RUE PARMENTIER,48.9303,2.2156,Plein jour,En agglomération,Intersection en T,Normale,Deux véhicules - frontale,,,,,,,,,,,1,2,3,1.0,1.0
201800043311,0018-01-26 15:30:00,18,1,26,15,30,950,63,RUE EDOUARD VAILLANT,48.9239,2.2083,Plein jour,En agglomération,Hors intersection,Normale,Autre collision,,,,,,,,,,,1,2,1,1.0,6.0
201800043312,0018-02-18 09:00:00,18,2,18,9,0,950,18,ROUTE DE PONTOISE,48.9499,2.2059,Plein jour,En agglomération,Giratoire,Normale,Deux véhicules - côté,,,,,,,,,,,1,2,6,1.0,3.0
201800043313,0018-02-27 09:20:00,18,2,27,9,20,950,18,AV GENERAL DE GAULLE,48.9401,2.2451,Plein jour,En agglomération,Intersection en X,Autre,Deux véhicules - côté,,,,,,,,,,,1,2,2,9.0,3.0
201800043314,0018-02-20 19:50:00,18,2,20,19,50,950,63,RUE PONTOISE,48.9226,2.2175,Crépuscule ou aube,En agglomération,Intersection en X,Pluie légère,Deux véhicules - côté,,,,,,,,,,,2,2,2,2.0,3.0
201800043315,0018-03-06 08:43:00,18,3,6,8,43,950,63,RUE LUCIEN SAMPAIX,48.9387,2.2069,Plein jour,En agglomération,Intersection en X,Normale,Deux véhicules - côté,,,,,,,,,,,1,2,2,1.0,3.0
201800043316,0018-03-13 17:10:00,18,3,13,17,10,950,176,BD GEORGES CLEMENCEAU,48.9731,2.1896,Plein jour,En agglomération,Hors intersection,Normale,Deux véhicules - côté,,,,,,,,,,,1,2,1,1.0,3.0
201800043317,0018-03-19 17:20:00,18,3,19,17,20,950,18,RUE DE MAULLY,48.9569,2.2807,Plein jour,En agglomération,Hors intersection,Normale,Autre collision,,,,,,,,,,,1,2,1,1.0,6.0
201800043318,0018-04-15 12:41:00,18,4,15,12,41,950,18,BOULEVARD JEANNE D'ARC,48.9459,2.2477,Plein jour,En agglomération,Hors intersection,Normale,Deux véhicules - arrière,,,,,,,,,,,1,2,1,1.0,2.0
201800043319,0018-04-21 09:25:00,18,4,21,9,25,950,18,ROUTE DE CORMEILLES,48.9629,2.2164,Plein jour,Hors agglomération,Intersection en T,Normale,Deux véhicules - côté,,,,,,,,,,,1,1,3,1.0,3.0
201800043320,0018-05-03 17:10:00,18,5,3,17,10,950,18,BLD DU GENERAL LECLERC,48.9375,2.2275,Plein jour,En agglomération,Hors intersection,Normale,Autre collision,,,,,,,,,,,1,2,1,1.0,6.0
201800043321,0018-05-11 16:45:00,18,5,11,16,45,950,176,RUE DE LA REPUBLIQUE,48.9705,2.2047,Plein jour,En agglomération,Hors intersection,Normale,Autre collision,,,,,,,,,,,1,2,1,1.0,6.0
201800043322,0018-05-15 11:45:00,18,5,15,11,45,950,18,RUE DU COUDRAY,48.9542,2.2298,Plein jour,En agglomération,Hors intersection,Normale,Autre collision,,,,,,,,,,,1,2,1,1.0,6.0
201800043323,0018-05-15 15:36:00,18,5,15,15,36,950,18,BOULEVARD GALLIENI,48.9442,2.2451,Plein jour,En agglomération,Intersection en X,Normale,Deux véhicules - côté,,,,,,,,,,,1,2,2,1.0,3.0
201800043324,0018-05-18 00:05:00,18,5,18,0,5,950,18,BOULEVARD JEAN ALLEMANE,48.9604,2.2585,Nuit avec éclairage allumé,En agglomération,Hors intersection,Normale,Deux véhicules - arrière,,,,,,,,,,,5,2,1,1.0,2.0
201800043325,0018-05-18 11:15:00,18,5,18,11,15,950,18,QUAI DE BEZONS,48.9443,2.2602,Plein jour,En agglomération,Hors intersection,Normale,Trois véhicules et plus - collisions multiples,,,,,,,,,,,1,2,1,1.0,5.0
201800043326,0018-05-29 11:40:00,18,5,29,11,40,950,18,RUE DE GRANDE CEINTURE,48.9489,2.2568,Plein jour,En agglomération,Hors intersection,Pluie forte,Autre collision,,,,,,,,,,,1,2,1,3.0,6.0
201800043327,0018-05-31 09:45:00,18,5,31,9,45,950,18,BVD MARCEAU GUILLOT,48.9546,2.2533,Plein jour,En agglomération,Hors intersection,Normale,Deux véhicules - côté,,,,,,,,,,,1,2,1,1.0,3.0
201800043328,0018-05-31 14:10:00,18,5,31,14,10,950,18,RUE DU FIEF,48.9505,2.2376,Plein jour,En agglomération,Hors intersection,Normale,Autre collision,,,,,,,,,,,1,2,1,1.0,6.0
201800043329,0018-06-03 15:10:00,18,6,3,15,10,950,18,RUE D'EPINAY,48.9543,2.28224,Plein jour,En agglomération,Hors intersection,Normale,Deux véhicules - côté,,,,,,,,,,,1,2,1,1.0,3.0
201800043330,0018-06-12 00:01:00,18,6,12,0,1,950,18,RUE DIX NEUF MARS 1962,48.9514,2.2361,Nuit avec éclairage allumé,En agglomération,Hors intersection,Normale,Autre collision,,,,,,,,,,,5,2,1,1.0,6.0
201800043331,0018-06-13 09:14:00,18,6,13,9,14,950,18,ROUTE DE CORMEILLES,48.9544,2.2335,Plein jour,En agglomération,Hors intersection,Normale,Autre collision,,,,,,,,,,,1,2,1,1.0,6.0
201800043332,0018-06-15 20:15:00,18,6,15,20,15,950,63,RUE EDOUARD VAILLANT,48.9269,2.2151,Plein jour,En agglomération,Hors intersection,Normale,Autre collision,,,,,,,,,,,1,2,1,1.0,6.0
201800043333,0018-06-19 18:30:00,18,6,19,18,30,950,18,BOULEVARD JEAN ALLEMANE,48.9575,2.2567,Plein jour,En agglomération,Hors intersection,Normale,Trois véhicules et plus - collisions multiples,,,,,,,,,,,1,2,1,1.0,5.0
201800043334,0018-06-27 18:10:00,18,6,27,18,10,950,63,AV GABRIEL PERI,48.9341,2.2092,Plein jour,En agglomération,Hors intersection,Normale,Deux véhicules - côté,,,,,,,,,,,1,2,1,1.0,3.0
201800043335,0018-06-30 00:35:00,18,6,30,0,35,950,18,BOULEVARD LEON FEIX,48.9483,2.2524,Nuit avec éclairage allumé,En agglomération,Hors intersection,Normale,Deux véhicules - côté,,,,,,,,,,,5,2,1,1.0,3.0
201800043336,0018-07-14 18:21:00,18,7,14,18,21,950,18,BOULEVARD JEAN ALLEMANE,48.9616,2.2592,Plein jour,En agglomération,Hors intersection,Normale,Autre collision,,,,,,,,,,,1,2,1,1.0,6.0
201800043337,0018-07-15 19:30:00,18,7,15,19,30,950,18,RUE JEAN LURCAT,48.9518,2.2287,Plein jour,En agglomération,Hors intersection,Normale,Deux véhicules - côté,,,,,,,,,,,1,2,1,1.0,3.0
201800043338,0018-07-24 12:01:00,18,7,24,12,1,950,18,BLD DU GENERAL LECLERC,48.9398,2.2282,Plein jour,En agglomération,Intersection en X,Normale,Autre collision,,,,,,,,,,,1,2,2,1.0,6.0
201800043339,0018-06-21 21:20:00,18,6,21,21,20,950,63,RUE VILLA GAUTHIER,48.9251,2.2248,Plein jour,En agglomération,Intersection en T,Normale,Deux véhicules - côté,,,,,,,,,,,1,2,3,1.0,3.0
201800043340,0018-08-08 10:55:00,18,8,8,10,55,950,18,BOULEVARD LEON FEIX,48.9488,2.2531,Plein jour,En agglomération,Hors intersection,Normale,Autre collision,,,,,,,,,,,1,2,1,1.0,6.0
201800043341,0018-08-21 00:38:00,18,8,21,0,38,950,18,ROUTE D' ENGHIEN,48.9556,2.2759,Nuit avec éclairage allumé,En agglomération,Intersection en Y,Normale,Deux véhicules - côté,,,,,,,,,,,5,2,4,1.0,3.0
201800043342,0018-08-30 13:33:00,18,8,30,13,33,950,176,BOULEVARD DU PARISIS,48.9532,2.1986,Plein jour,En agglomération,Intersection en T,Normale,Deux véhicules - frontale,,,,,,,,,,,1,2,3,1.0,1.0
201800043343,0018-07-31 18:15:00,18,7,31,18,15,950,63,AV GABRIEL PERI,48.9274,2.2157,Plein jour,En agglomération,Hors intersection,Normale,Autre collision,,,,,,,,,,,1,2,1,1.0,6.0
201800043344,0018-09-11 18:20:00,18,9,11,18,20,950,63,RUE LUCIEN SAMPAIX,48.9391,2.2069,Plein jour,En agglomération,Intersection en X,Normale,Deux véhicules - côté,,,,,,,,,,,1,2,2,1.0,3.0
201800043345,0018-09-14 08:50:00,18,9,14,8,50,950,18,BOULEVARD JEAN ALLEMANE,48.9567,2.2561,Plein jour,En agglomération,Hors intersection,Normale,Deux véhicules - arrière,,,,,,,,,,,1,2,1,1.0,2.0
201800043346,0018-09-18 11:31:00,18,9,18,11,31,950,18,BOULEVARD GALLIENI,48.9414,2.2407,Plein jour,En agglomération,Hors intersection,Normale,Deux véhicules - frontale,,,,,,,,,,,1,2,1,1.0,1.0
201800043347,0018-08-31 15:10:00,18,8,31,15,10,950,18,BOULEVARD JEAN ALLEMANE,48.9521,2.2538,Plein jour,En agglomération,Hors intersection,Normale,Deux véhicules - côté,,,,,,,,,,,1,2,1,1.0,3.0
201800043348,0018-09-25 14:30:00,18,9,25,14,30,950,18,BD DU GENERAL DELAMBRE,48.94039,2.22367,Plein jour,En agglomération,Intersection en X,Normale,Autre collision,,,,,,,,,,,1,2,2,1.0,6.0
201800043349,0018-10-16 19:34:00,18,10,16,19,34,950,176,ROUTE DE PONTOISE,48.9556,2.2053,Nuit avec éclairage allumé,En agglomération,Hors intersection,Normale,Deux véhicules - côté,,,,,,,,,,,5,2,1,1.0,3.0
201800043350,0018-10-22 11:00:00,18,10,22,11,0,950,18,BOULEVARD JEAN ALLEMANE,48.9564,2.2504,Plein jour,En agglomération,Hors intersection,Pluie légère,Deux véhicules - frontale,,,,,,,,,,,1,2,1,2.0,1.0
201800043351,0018-11-08 16:10:00,18,11,8,16,10,950,63,PLACE GRAND CERF,48.9235,2.2078,Plein jour,En agglomération,Hors intersection,Temps couvert,Autre collision,,,,,,,,,,,1,2,1,8.0,6.0
201800043352,0018-11-15 14:40:00,18,11,15,14,40,950,18,BOULEVARD JEAN ALLEMANE,48.9578,2.2568,Plein jour,En agglomération,Hors intersection,Normale,Deux véhicules - côté,,,,,,,,,,,1,2,1,1.0,3.0
201800043353,0018-11-19 10:10:00,18,11,19,10,10,950,63,PLACE LENINE,48.9225,2.2175,Plein jour,En agglomération,Hors intersection,Normale,Autre collision,,,,,,,,,,,1,2,1,1.0,6.0
201800043354,0018-12-19 07:25:00,18,12,19,7,25,950,18,AV GABRIEL PERI,48.9464,2.2488,Nuit avec éclairage non allumé,En agglomération,Hors intersection,Normale,Autre collision,,,,,,,,,,,4,2,1,1.0,6.0
201800043355,0018-12-20 19:21:00,18,12,20,19,21,950,63,RUE ALBERT 1ER,48.9339,2.2085,Nuit avec éclairage allumé,En agglomération,Hors intersection,Normale,Autre collision,,,,,,,,,,,5,2,1,1.0,6.0
201800043356,0018-12-24 17:05:00,18,12,24,17,5,950,63,RUE EMILE ZOLA,48.9227,2.2162,Nuit avec éclairage allumé,En agglomération,Hors intersection,Normale,Autre collision,,,,,,,,,,,5,2,1,1.0,6.0
201800043357,0018-12-28 20:40:00,18,12,28,20,40,950,574,RUE DU COLONEL FABIEN,49.0062,2.2586,Nuit avec éclairage allumé,En agglomération,Intersection en X,Pluie légère,Deux véhicules - côté,,,,,,,,,,,5,2,2,2.0,3.0
201800043358,0018-12-29 21:38:00,18,12,29,21,38,950,18,RUE DES JASMINS,48.9419,2.2139,Nuit avec éclairage allumé,En agglomération,Hors intersection,Pluie légère,Autre collision,,,,,,,,,,,5,2,1,2.0,6.0
201800043359,0018-01-24 07:13:00,18,1,24,7,13,950,500,AVENUE KENNEDY,49.0628,2.0896,Nuit avec éclairage allumé,En agglomération,Intersection en X,Temps couvert,Deux véhicules - côté,,,,,,,,,,,5,2,2,8.0,3.0
201800043360,0018-02-11 06:11:00,18,2,11,6,11,950,323,GRANDE RUE,49.0132,2.05169,Nuit avec éclairage allumé,En agglomération,Hors intersection,Normale,Autre collision,,,,,,,,,,,5,2,1,1.0,6.0
201800043361,0018-02-12 11:30:00,18,2,12,11,30,950,127,BOULEVARD DE L'OISE,49.0455,2.0692,Plein jour,En agglomération,Hors intersection,Temps éblouissant,Autre collision,,,,,,,,,,,1,2,1,7.0,6.0
201800043362,0018-02-15 07:20:00,18,2,15,7,20,950,218,RUE DE L'AMBASSADEUR,49.0147,2.08639,Nuit sans éclairage public,En agglomération,Hors intersection,Pluie légère,Deux véhicules - frontale,,,,,,,,,,,3,2,1,2.0,1.0
201800043363,0018-02-15 09:25:00,18,2,15,9,25,950,572,AVENUE DU CHATEAU,49.0553,2.1351,Plein jour,En agglomération,Hors intersection,Pluie légère,Autre collision,,,,,,,,,,,1,2,1,2.0,6.0
201800043364,0018-02-16 16:42:00,18,2,16,16,42,950,218,AVENUE ROGER GUICHARD,49.0227,2.0948,Plein jour,En agglomération,Hors intersection,Normale,Deux véhicules - côté,,,,,,,,,,,1,2,1,1.0,3.0
201800043365,0018-02-26 08:15:00,18,2,26,8,15,950,127,RN 14,49.0604,2.0207,Plein jour,Hors agglomération,Hors intersection,Normale,Deux véhicules - arrière,,,,,,,,,,,1,1,1,1.0,2.0
201800043366,0018-02-26 08:20:00,18,2,26,8,20,950,500,RUE DE GISORS,49.0544,2.09269,Plein jour,En agglomération,Hors intersection,Normale,Autre collision,,,,,,,,,,,1,2,1,1.0,6.0
201800043367,0018-03-13 06:40:00,18,3,13,6,40,950,127,BD DE L' HAUTIL,49.0348,2.08259,Crépuscule ou aube,En agglomération,Giratoire,Normale,Deux véhicules - côté,,,,,,,,,,,2,2,6,1.0,3.0
201800043368,0018-04-01 16:55:00,18,4,1,16,55,950,510,CHEMIN DE PUISEUX,49.06362,2.0324,Plein jour,En agglomération,Hors intersection,Normale,Autre collision,,,,,,,,,,,1,2,1,1.0,6.0
201800043369,0018-04-13 21:27:00,18,4,13,21,27,950,127,RN 14 (PROLONGEMENT A15),49.0551,2.0522,Nuit sans éclairage public,Hors agglomération,Hors intersection,Normale,Autre collision,,,,,,,,,,,3,1,1,1.0,6.0
201800043370,0018-04-14 19:27:00,18,4,14,19,27,950,127,BOULEVARD DE LA VIOSNE,49.0441,2.0749,Crépuscule ou aube,En agglomération,Hors intersection,Pluie légère,Deux véhicules - côté,,,,,,,,,,,2,2,1,2.0,3.0
201800043371,0018-05-05 19:30:00,18,5,5,19,30,950,183,CLOS DE CHIBERTA,49.0413,2.0131,Plein jour,En agglomération,Hors intersection,Normale,Autre collision,,,,,,,,,,,1,2,1,1.0,6.0
201800043372,0018-05-16 15:44:00,18,5,16,15,44,950,476,BOULEVARD DES MERITES,49.0485,2.0736,Plein jour,En agglomération,Hors intersection,Normale,Deux véhicules - frontale,,,,,,,,,,,1,2,1,1.0,1.0
201800043373,0018-05-07 16:20:00,18,5,7,16,20,950,218,AVENUE DU GROS CHENE,49.0245,2.1122,Plein jour,En agglomération,Giratoire,Normale,Deux véhicules - côté,,,,,,,,,,,1,2,6,1.0,3.0
201800043374,0018-06-07 12:05:00,18,6,7,12,5,950,306,BD DU HAVRE,49.0011,2.1811,Plein jour,En agglomération,Hors intersection,Normale,Deux véhicules - côté,,,,,,,,,,,1,2,1,1.0,3.0
201800043375,0018-06-19 15:10:00,18,6,19,15,10,950,218,AVENUE DU GROS CHENE,49.0278,2.1034,Plein jour,En agglomération,Hors intersection,Normale,Deux véhicules - côté,,,,,,,,,,,1,2,1,1.0,3.0
201800043376,0018-06-22 18:00:00,18,6,22,18,0,950,127,BOULEVARD DE L'OISE,49.0468,2.0415,Plein jour,En agglomération,Hors intersection,Normale,Deux véhicules - frontale,,,,,,,,,,,1,2,1,1.0,1.0
201800043377,0018-07-06 23:20:00,18,7,6,23,20,950,127,RN 14,49.0557,2.0493,Nuit sans éclairage public,Hors agglomération,Hors intersection,Normale,Deux véhicules - arrière,,,,,,,,,,,3,1,1,1.0,2.0
201800043378,0018-07-03 18:35:00,18,7,3,18,35,950,476,RUE DE LIVILLIERS,49.0763,2.0743,Plein jour,En agglomération,Hors intersection,Normale,Deux véhicules - côté,,,,,,,,,,,1,2,1,1.0,3.0
201800043379,0018-07-12 18:10:00,18,7,12,18,10,950,218,RN 184,49.0281,2.1033,Plein jour,Hors agglomération,Hors intersection,Normale,Deux véhicules - arrière,,,,,,,,,,,1,1,1,1.0,2.0
201800043380,0018-07-12 12:47:00,18,7,12,12,47,950,127,BD DE LA VIOSNE,49.0424,2.07019,Plein jour,En agglomération,Hors intersection,Normale,Autre collision,,,,,,,,,,,1,2,1,1.0,6.0
201800043381,0018-07-15 23:00:00,18,7,15,23,0,950,183,RD 88,49.0489,1.9951,Nuit sans éclairage public,Hors agglomération,Hors intersection,Normale,Autre collision,,,,,,,,,,,3,1,1,1.0,6.0
201800043382,0018-07-11 18:00:00,18,7,11,18,0,950,637,BOULEVARD DE L'OISE,49.0313,2.02159,Plein jour,En agglomération,Hors intersection,Normale,Autre collision,,,,,,,,,,,1,2,1,1.0,6.0
201800043383,0018-07-29 14:10:00,18,7,29,14,10,950,218,BD JACQUES DUCLOS,49.0245,2.1038,Plein jour,En agglomération,Intersection en X,Normale,Deux véhicules - frontale,,,,,,,,,,,1,2,2,1.0,1.0
201800043384,0018-09-02 21:44:00,18,9,2,21,44,950,127,BOULEVARD DE L'OISE,49.0363,2.0807,Nuit avec éclairage allumé,En agglomération,Hors intersection,Normale,Autre collision,,,,,,,,,,,5,2,1,1.0,6.0
201800043385,0018-09-17 09:25:00,18,9,17,9,25,950,306,RUE SAINTE-HONORINE,48.9936,2.1571,Plein jour,En agglomération,Intersection en X,Normale,Autre collision,,,,,,,,,,,1,2,2,1.0,6.0
201800043386,0018-09-21 05:25:00,18,9,21,5,25,950,218,BOULEVRD JACQUES DUCLOS,49.0159,2.0918,Nuit avec éclairage allumé,En agglomération,Intersection en X,Pluie légère,Deux véhicules - côté,,,,,,,,,,,5,2,2,2.0,3.0
201800043387,0018-10-04 08:08:00,18,10,4,8,8,950,510,RN 14 (PROLONGEMENT A15),49.0581,2.00369,Plein jour,Hors agglomération,Hors intersection,Normale,Trois véhicules et plus - collisions multiples,,,,,,,,,,,1,1,1,1.0,5.0
201800043388,0018-10-05 12:15:00,18,10,5,12,15,950,218,RUE DU COMMERCE,49.0184,2.0986,Plein jour,En agglomération,Hors intersection,Normale,Deux véhicules - côté,,,,,,,,,,,1,2,1,1.0,3.0
201800043389,0018-10-07 10:30:00,18,10,7,10,30,950,74,AVENUE MARECHAL LECLERC,49.0153,1.9994,Plein jour,En agglomération,Hors intersection,Pluie légère,Trois véhicules et plus - collisions multiples,,,,,,,,,,,1,2,1,2.0,5.0
201800043390,0018-10-11 07:38:00,18,10,11,7,38,950,572,RUE DE PARIS,49.0352,2.1234,Crépuscule ou aube,En agglomération,Giratoire,Pluie légère,Autre collision,,,,,,,,,,,2,2,6,2.0,6.0
201800043391,0018-10-25 17:30:00,18,10,25,17,30,950,127,BOULEVARD DE L'OISE,49.0439,2.03569,Plein jour,En agglomération,Hors intersection,Normale,Deux véhicules - arrière,,,,,,,,,,,1,2,1,1.0,2.0
201800043392,0018-11-11 22:50:00,18,11,11,22,50,950,127,BOULEVARD DESMERVEILLES,49.0491,2.0101,Nuit avec éclairage allumé,En agglomération,Hors intersection,Pluie légère,Deux véhicules - côté,,,,,,,,,,,5,2,1,2.0,3.0
201800043393,0018-10-22 14:00:00,18,10,22,14,0,950,218,AVENUE DU GROS CHENE,49.0257,2.1102,Plein jour,En agglomération,Hors intersection,Normale,Autre collision,,,,,,,,,,,1,2,1,1.0,6.0
201800043394,0018-12-04 17:35:00,18,12,4,17,35,950,476,CHEMIN DE BOISSY,49.0841,2.0506,Nuit sans éclairage public,Hors agglomération,Hors intersection,Normale,Deux véhicules - frontale,,,,,,,,,,,3,1,1,1.0,1.0
201800043395,0018-12-01 17:00:00,18,12,1,17,0,950,127,BOULEVARD DE L'OISE,49.0415,2.0731,Crépuscule ou aube,En agglomération,Intersection en T,Normale,Deux véhicules - côté,,,,,,,,,,,2,2,3,1.0,3.0
201800043396,0018-12-13 13:40:00,18,12,13,13,40,950,306,BOULEVARD DU HAVRE,49.0018,2.1801,Plein jour,En agglomération,Hors intersection,Normale,Deux véhicules - arrière,,,,,,,,,,,1,2,1,1.0,2.0
201800043397,0018-12-23 05:20:00,18,12,23,5,20,950,488,CHEMIN DU PARC,49.0109,2.1709,Nuit sans éclairage public,Hors agglomération,Hors intersection,Pluie forte,Autre collision,,,,,,,,,,,3,1,1,3.0,6.0
201800043398,0018-01-05 19:50:00,18,1,5,19,50,950,427,RTE DE SAINT LEU,48.9591,2.3291,Nuit avec éclairage allumé,En agglomération,Hors intersection,Normale,Autre collision,,,,,,,,,,,5,2,1,1.0,6.0
201800043399,0018-11-27 18:10:00,18,11,27,18,10,950,210,BOULEVARD D'ORMESSON,48.9688,2.3096,Nuit avec éclairage allumé,En agglomération,Intersection en X,Pluie légère,Autre collision,,,,,,,,,,,5,2,2,2.0,6.0
201800043400,0018-01-12 21:50:00,18,1,12,21,50,950,555,RUE BERTHIE ALBRECHT,48.9674,2.2845,Nuit avec éclairage allumé,En agglomération,Hors intersection,Normale,Deux véhicules - frontale,,,,,,,,,,,5,2,1,1.0,1.0
201800043401,0018-01-17 11:25:00,18,1,17,11,25,950,598,AVENUE KELLERMANN,48.9796,2.2922,Plein jour,En agglomération,Hors intersection,Normale,Deux véhicules - côté,,,,,,,,,,,1,2,1,1.0,3.0
201800043402,0018-01-17 19:47:00,18,1,17,19,47,950,197,RUE ABEL FAUVEAU,48.9613,2.3263,Nuit avec éclairage allumé,En agglomération,Hors intersection,Normale,Deux véhicules - arrière,,,,,,,,,,,5,2,1,1.0,2.0
201800043403,0018-01-22 07:45:00,18,1,22,7,45,950,428,AV CHARLES DE GAULLE,48.9875,2.3281,Nuit avec éclairage allumé,En agglomération,Hors intersection,Pluie forte,Autre collision,,,,,,,,,,,5,2,1,3.0,6.0
201800043404,0018-01-25 10:20:00,18,1,25,10,20,950,598,AVENUE BEAUSEJOUR,48.9762,2.3009,Plein jour,En agglomération,Hors intersection,Normale,Deux véhicules - arrière,,,,,,,,,,,1,2,1,1.0,2.0
201800043405,0018-01-28 17:06:00,18,1,28,17,6,950,427,RUE JULES FERRY,48.9645,2.3401,Crépuscule ou aube,En agglomération,Hors intersection,Normale,Deux véhicules - frontale,,,,,,,,,,,2,2,1,1.0,1.0
201800043406,0018-01-29 08:30:00,18,1,29,8,30,950,427,RUE  MAURICE BERTEAUX,48.9745,2.3468,Plein jour,En agglomération,Hors intersection,Normale,Deux véhicules - arrière,,,,,,,,,,,1,2,1,1.0,2.0
201800043407,0018-02-02 12:40:00,18,2,2,12,40,950,598,AVENUE KELLERMANN,48.9841,2.2946,Plein jour,En agglomération,Hors intersection,Normale,Deux véhicules - arrière,,,,,,,,,,,1,2,1,1.0,2.0
201800043408,0018-11-18 10:10:00,18,11,18,10,10,950,14,ROUTE DE MONTMORENCY,48.9992,2.2936,Plein jour,En agglomération,Giratoire,Normale,Deux véhicules - côté,,,,,,,,,,,1,2,6,1.0,3.0
201800043409,0018-02-02 17:30:00,18,2,2,17,30,950,598,AVENUE KELLERMANN,48.9849,2.2953,Plein jour,En agglomération,Hors intersection,Normale,Autre collision,,,,,,,,,,,1,2,1,1.0,6.0
201800043410,0018-02-04 08:00:00,18,2,4,8,0,950,598,RUE D'EAUBONNE,48.9903,2.2965,Crépuscule ou aube,En agglomération,Giratoire,Pluie légère,Autre collision,,,,,,,,,,,2,2,6,2.0,6.0
201800043411,0018-02-18 10:25:00,18,2,18,10,25,950,427,RUE JULES FERRY,48.9554,2.3334,Plein jour,En agglomération,Hors intersection,Normale,Deux véhicules - arrière,,,,,,,,,,,1,2,1,1.0,2.0
201800043412,0018-02-19 23:25:00,18,2,19,23,25,950,598,AVENUE KELLERMANN,48.9819,2.2929,Nuit avec éclairage allumé,En agglomération,Hors intersection,Pluie légère,Autre collision,,,,,,,,,,,5,2,1,2.0,6.0
201800043413,0018-02-20 13:00:00,18,2,20,13,0,950,555,RUE DU GENERAL LECLERC,48.9688,2.2864,Plein jour,En agglomération,Hors intersection,Normale,Deux véhicules - arrière,,,,,,,,,,,1,2,1,1.0,2.0
201800043414,0018-02-26 09:25:00,18,2,26,9,25,950,598,AVENUE DESCARTES,48.9801,2.2987,Plein jour,En agglomération,Intersection en Y,Temps éblouissant,Deux véhicules - côté,,,,,,,,,,,1,2,4,7.0,3.0
201800043415,0018-03-09 08:00:00,18,3,9,8,0,950,428,AV CHARLES DE GAULLE,48.9866,2.3284,Crépuscule ou aube,En agglomération,Hors intersection,Normale,Deux véhicules - arrière,,,,,,,,,,,2,2,1,1.0,2.0
201800043416,0018-03-12 12:30:00,18,3,12,12,30,950,14,RUE ERNEST TAICLET,49.0021,2.3049,Plein jour,En agglomération,Hors intersection,Normale,Deux véhicules - arrière,,,,,,,,,,,1,2,1,1.0,2.0
201800043417,0018-03-14 07:05:00,18,3,14,7,5,950,598,AVENUE KELLERMANN,48.9798,2.2925,Plein jour,En agglomération,Giratoire,Normale,Autre collision,,,,,,,,,,,1,2,6,1.0,6.0
201800043418,0018-03-15 09:20:00,18,3,15,9,20,950,598,AVENUE KELLERMANN,48.9821,2.2929,Plein jour,En agglomération,Intersection en T,Normale,Deux véhicules - côté,,,,,,,,,,,1,2,3,1.0,3.0
201800043419,0018-03-16 10:40:00,18,3,16,10,40,950,428,RUE DE MARGENCY,48.9923,2.3147,Plein jour,En agglomération,Hors intersection,Normale,Autre collision,,,,,,,,,,,1,2,1,1.0,6.0
201800043420,0018-03-17 10:00:00,18,3,17,10,0,950,197,RUE DU CHATEAU,48.9694,2.3203,Plein jour,En agglomération,Hors intersection,Normale,Autre collision,,,,,,,,,,,1,2,1,1.0,6.0
201800043421,0018-03-21 17:40:00,18,3,21,17,40,950,369,AVENUE VICTOR,48.9981,2.2817,Plein jour,En agglomération,Hors intersection,Normale,Sans collision,,,,,,,,,,,1,2,1,1.0,7.0
201800043422,0018-03-27 12:00:00,18,3,27,12,0,950,598,AVENUE  KELLERMANN,48.9796,2.2921,Plein jour,En agglomération,Hors intersection,Pluie forte,Trois véhicules et plus - en chaîne,,,,,,,,,,,1,2,1,3.0,4.0
201800043423,0018-04-05 09:00:00,18,4,5,9,0,950,210,RUE DES THERMES,48.9652,2.3074,Plein jour,En agglomération,Hors intersection,Normale,Autre collision,,,,,,,,,,,1,2,1,1.0,6.0
201800043424,0018-04-06 07:40:00,18,4,6,7,40,950,427,ROUTE DE SAINT LEU,48.9595,2.3282,Plein jour,En agglomération,Hors intersection,Normale,Autre collision,,,,,,,,,,,1,2,1,1.0,6.0
201800043425,0018-04-06 08:00:00,18,4,6,8,0,950,555,RUE BERTHIE ALBRECHT,48.9669,2.2842,Plein jour,En agglomération,Hors intersection,Normale,Autre collision,,,,,,,,,,,1,2,1,1.0,6.0
201800043426,0018-04-09 12:00:00,18,4,9,12,0,950,555,BOULEVARD DE L'ENTENTE,48.9759,2.2728,Plein jour,En agglomération,Hors intersection,Normale,Deux véhicules - côté,,,,,,,,,,,1,2,1,1.0,3.0