accident_id,datetime,annee,mois,jour,heure,minute,departement,commune_insee,adresse,latitude,longitude,luminosite,agglomeration,intersection,meteo,collision,nb_vehicules,nb_usagers,nb_indemnes,nb_tues,nb_blesses_hosp,nb_blesses_legers,age_cond_1,age_cond_2,veh_type_cond_1,veh_type_cond_2,lum_code,agg_code,int_code,atm_code,col_code
201800043549,0018-05-04 18:35:00,18,5,4,18,35,950,268,RUE DU TIERS POT,48.9665,2.3975,Plein jour,En agglomération,Hors intersection,Normale,Deux véhicules - côté,,,,,,,,,,,1,2,1,1.0,3.0
201800043550,0018-05-06 21:15:00,18,5,6,21,15,950,585,RUE PIERRE BROSSELETTE,48.9959,2.3793,Nuit avec éclairage allumé,En agglomération,Hors intersection,Normale,Deux véhicules - côté,,,,,,,,,,,5,2,1,1.0,3.0
201800043551,0018-05-16 14:53:00,18,5,16,14,53,950,585,BOULEVARD HENRI BERGSON,48.9739,2.3761,Plein jour,En agglomération,Hors intersection,Normale,Autre collision,,,,,,,,,,,1,2,1,1.0,6.0
201800043552,0018-05-18 09:45:00,18,5,18,9,45,950,268,AV DU GENERAL DE GAULLE,48.9766,2.3917,Plein jour,En agglomération,Hors intersection,Normale,Autre collision,,,,,,,,,,,1,2,1,1.0,6.0
201800043553,0018-05-20 12:40:00,18,5,20,12,40,950,585,AVENUE PAUL VALERY,48.9779,2.3895,Plein jour,En agglomération,Intersection en T,Normale,Autre collision,,,,,,,,,,,1,2,3,1.0,6.0
201800043554,0018-05-23 16:05:00,18,5,23,16,5,950,585,RUE JEAN JACQU ROUSSEAU,48.9939,2.3823,Plein jour,En agglomération,Hors intersection,Normale,Autre collision,,,,,,,,,,,1,2,1,1.0,6.0
201800043555,0018-05-27 00:35:00,18,5,27,0,35,950,680,AVENUE DE LA CONCORDE,48.9986,2.4153,Nuit avec éclairage allumé,En agglomération,Hors intersection,Normale,Autre collision,,,,,,,,,,,5,2,1,1.0,6.0
201800043556,0018-06-07 21:40:00,18,6,7,21,40,950,680,AVENUE DU HUIT MAI 1945,49.0059,2.4006,Crépuscule ou aube,En agglomération,Place,Normale,Deux véhicules - côté,,,,,,,,,,,2,2,7,1.0,3.0
201800043557,0018-06-11 14:00:00,18,6,11,14,0,950,268,RUE TOULOUSE LAUTREC,48.9786,2.3941,Plein jour,En agglomération,Hors intersection,Pluie forte,Autre collision,,,,,,,,,,,1,2,1,3.0,6.0
201800043558,0018-06-13 18:10:00,18,6,13,18,10,950,268,RUE ROBERT DE LUZARCHES,48.9701,2.4007,Plein jour,En agglomération,Hors intersection,Normale,Autre collision,,,,,,,,,,,1,2,1,1.0,6.0
201800043559,0018-06-16 23:20:00,18,6,16,23,20,950,585,BD MAURICE RAVEL,48.9749,2.3826,Nuit avec éclairage allumé,En agglomération,Hors intersection,Normale,Autre collision,,,,,,,,,,,5,2,1,1.0,6.0
201800043560,0018-06-19 20:05:00,18,6,19,20,5,950,680,CHEMIN DU VAL ROGER,49.0078,2.3791,Plein jour,En agglomération,Hors intersection,Normale,Autre collision,,,,,,,,,,,1,2,1,1.0,6.0
201800043561,0018-04-23 20:55:00,18,4,23,20,55,950,585,AVENUE DIVISION LECLERC,48.9795,2.3684,Plein jour,En agglomération,Hors intersection,Normale,Autre collision,,,,,,,,,,,1,2,1,1.0,6.0
201800043562,0018-06-26 17:10:00,18,6,26,17,10,950,680,RUE BOURDELLE,49.0074,2.4028,Plein jour,En agglomération,Hors intersection,Normale,Autre collision,,,,,,,,,,,1,2,1,1.0,6.0
201800043563,0018-06-28 00:50:00,18,6,28,0,50,950,585,RUE DES CULTIVATEURS,49.00052,2.38522,Nuit sans éclairage public,Hors agglomération,Hors intersection,Normale,Deux véhicules - arrière,,,,,,,,,,,3,1,1,1.0,2.0
201800043564,0018-07-05 09:00:00,18,7,5,9,0,950,680,AVENUE PIERRE SEMARD,49.0039,2.3997,Plein jour,En agglomération,Hors intersection,Normale,Deux véhicules - arrière,,,,,,,,,,,1,2,1,1.0,2.0
201800043565,0018-07-06 13:10:00,18,7,6,13,10,950,680,PLACE MAILLOL,49.0052,2.4007,Plein jour,En agglomération,Hors intersection,Normale,Autre collision,,,,,,,,,,,1,2,1,1.0,6.0
201800043566,0018-07-07 15:20:00,18,7,7,15,20,950,268,AV DU HUIT MAI 1945,48.9741,2.4049,Plein jour,En agglomération,Hors intersection,Normale,Trois véhicules et plus - en chaîne,,,,,,,,,,,1,2,1,1.0,4.0
201800043567,0018-07-10 22:50:00,18,7,10,22,50,950,585,RUE THEODORE BULLIER,48.9909,2.3741,Nuit avec éclairage allumé,En agglomération,Intersection en X,Normale,Deux véhicules - côté,,,,,,,,,,,5,2,2,1.0,3.0
201800043568,0018-07-12 18:55:00,18,7,12,18,55,950,268,AV DU GENERAL DE GAULLE,48.9723,2.4008,Plein jour,En agglomération,Hors intersection,Normale,Deux véhicules - arrière,,,,,,,,,,,1,2,1,1.0,2.0
201800043569,0018-07-14 19:30:00,18,7,14,19,30,950,585,RUE THEODORE BULLIER,48.9913,2.3709,Plein jour,En agglomération,Hors intersection,Normale,Autre collision,,,,,,,,,,,1,2,1,1.0,6.0
201800043570,0018-07-19 21:05:00,18,7,19,21,5,950,585,AVENUE DIVISION LECLERC,48.9907,2.3741,Plein jour,En agglomération,Intersection en X,Normale,Deux véhicules - côté,,,,,,,,,,,1,2,2,1.0,3.0
201800043571,0018-07-20 01:38:00,18,7,20,1,38,950,680,AVENUE PIERRE SEMARD,48.9991,2.4143,Nuit avec éclairage allumé,En agglomération,Giratoire,Normale,Deux véhicules - arrière,,,,,,,,,,,5,2,6,1.0,2.0
201800043572,0018-07-22 00:05:00,18,7,22,0,5,950,585,BOULEVARD JB CARPEAUX,48.9791,2.3876,Nuit avec éclairage allumé,En agglomération,Hors intersection,Normale,Deux véhicules - arrière,,,,,,,,,,,5,2,1,1.0,2.0
201800043573,0018-07-24 19:00:00,18,7,24,19,0,950,268,PLACE  ROGER SALENGRO,48.9736,2.3898,Plein jour,En agglomération,Hors intersection,Normale,Autre collision,,,,,,,,,,,1,2,1,1.0,6.0
201800043574,0018-07-25 20:30:00,18,7,25,20,30,950,268,BD DE LA MUETTE,48.9753,2.4156,Plein jour,En agglomération,Hors intersection,Normale,Deux véhicules - côté,,,,,,,,,,,1,2,1,1.0,3.0
201800043575,0018-07-25 21:00:00,18,7,25,21,0,950,585,ALLEE CHATEAUBRIAND,48.9802,2.3853,Plein jour,En agglomération,Hors intersection,Normale,Autre collision,,,,,,,,,,,1,2,1,1.0,6.0
201800043576,0018-08-03 13:20:00,18,8,3,13,20,950,268,AV DE STALINGRAD,48.9621,2.4021,Plein jour,En agglomération,Hors intersection,Normale,Autre collision,,,,,,,,,,,1,2,1,1.0,6.0
201800043577,0018-08-03 17:15:00,18,8,3,17,15,950,268,AV DE STALINGRAD,48.9689,2.4121,Plein jour,En agglomération,Intersection en T,Normale,Trois véhicules et plus - collisions multiples,,,,,,,,,,,1,2,3,1.0,5.0
201800043578,0018-08-20 18:17:00,18,8,20,18,17,950,585,AVENUE PAUL VALERY,48.9799,2.3751,Plein jour,En agglomération,Hors intersection,Normale,Deux véhicules - côté,,,,,,,,,,,1,2,1,1.0,3.0
201800043579,0018-08-31 17:25:00,18,8,31,17,25,950,268,AV DE STALINGRAD,48.9725,2.4169,Plein jour,En agglomération,Hors intersection,Normale,Deux véhicules - côté,,,,,,,,,,,1,2,1,1.0,3.0
201800043580,0018-09-07 19:30:00,18,9,7,19,30,950,680,AVENUE DE LA CONCORDE,48.9989,2.4145,Plein jour,En agglomération,Hors intersection,Normale,Autre collision,,,,,,,,,,,1,2,1,1.0,6.0
201800043581,0018-09-07 21:30:00,18,9,7,21,30,950,585,ROUTE DE GARGES,48.9877,2.3788,Nuit avec éclairage allumé,En agglomération,Hors intersection,Normale,Autre collision,,,,,,,,,,,5,2,1,1.0,6.0
201800043582,0018-09-11 08:20:00,18,9,11,8,20,950,680,CHEMIN VILLIERS LE BEL,49.0175,2.4115,Plein jour,Hors agglomération,Hors intersection,Normale,Trois véhicules et plus - collisions multiples,,,,,,,,,,,1,1,1,1.0,5.0
201800043583,0018-09-12 15:10:00,18,9,12,15,10,950,680,AVENUE PIERRE SEMARD,49.0051,2.3978,Plein jour,En agglomération,Hors intersection,Normale,Deux véhicules - côté,,,,,,,,,,,1,2,1,1.0,3.0
201800043584,0018-09-13 21:00:00,18,9,13,21,0,950,680,RUE VICTOR GOUFFE,49.0086,2.3889,Nuit avec éclairage allumé,En agglomération,Hors intersection,Normale,Deux véhicules - côté,,,,,,,,,,,5,2,1,1.0,3.0
201800043585,0018-09-16 09:48:00,18,9,16,9,48,950,585,RUE THEODORE BULLIER,48.9929,2.3662,Plein jour,En agglomération,Hors intersection,Normale,Autre collision,,,,,,,,,,,1,2,1,1.0,6.0
201800043586,0018-09-18 05:36:00,18,9,18,5,36,950,268,AV DU GENERAL DE GAULLE,48.9682,2.4066,Nuit avec éclairage allumé,En agglomération,Hors intersection,Normale,Trois véhicules et plus - collisions multiples,,,,,,,,,,,5,2,1,1.0,5.0
201800043587,0018-09-21 08:18:00,18,9,21,8,18,950,585,BVD J.B CARPEAUX,48.9795,2.3878,Plein jour,En agglomération,Hors intersection,Pluie légère,Autre collision,,,,,,,,,,,1,2,1,2.0,6.0
201800043588,0018-09-24 19:35:00,18,9,24,19,35,950,268,BD DE LA MUETTE,48.9745,2.4164,Crépuscule ou aube,En agglomération,Hors intersection,Normale,Deux véhicules - côté,,,,,,,,,,,2,2,1,1.0,3.0
201800043589,0018-09-28 07:05:00,18,9,28,7,5,950,598,AVENUE KELLERMAN,48.9798,2.2924,Crépuscule ou aube,En agglomération,Hors intersection,Normale,Deux véhicules - côté,,,,,,,,,,,2,2,1,1.0,3.0
201800043590,0018-09-29 09:55:00,18,9,29,9,55,950,680,PLACE DE LA TOLINETTE,49.0036,2.3921,Plein jour,En agglomération,Hors intersection,Normale,Deux véhicules - côté,,,,,,,,,,,1,2,1,1.0,3.0
201800043591,0018-09-29 17:15:00,18,9,29,17,15,950,585,RUE JEAN JACQU ROUSSEAU,48.9965,2.3859,Plein jour,En agglomération,Hors intersection,Normale,Autre collision,,,,,,,,,,,1,2,1,1.0,6.0
201800043592,0018-09-29 18:35:00,18,9,29,18,35,950,268,RUE JEAN RACINE,48.9759,2.3915,Plein jour,En agglomération,Hors intersection,Normale,Autre collision,,,,,,,,,,,1,2,1,1.0,6.0
201800043593,0018-10-03 14:55:00,18,10,3,14,55,950,680,RUE DES CULTIVATEURS,49.0017,2.3854,Plein jour,En agglomération,Giratoire,Normale,Deux véhicules - arrière,,,,,,,,,,,1,2,6,1.0,2.0
201800043594,0018-10-05 17:30:00,18,10,5,17,30,950,268,RUE DES AUBEPINES,48.9734,2.4007,Plein jour,En agglomération,Hors intersection,Normale,Autre collision,,,,,,,,,,,1,2,1,1.0,6.0
201800043595,0018-10-07 18:05:00,18,10,7,18,5,950,268,AV FRANCOIS MITTERRAND,48.9731,2.3977,Plein jour,En agglomération,Intersection en X,Temps couvert,Deux véhicules - côté,,,,,,,,,,,1,2,2,8.0,3.0
201800043596,0018-10-07 22:01:00,18,10,7,22,1,950,585,AVENUE DIVISION LECLERC,48.9885,2.3731,Nuit avec éclairage allumé,En agglomération,Hors intersection,Normale,Deux véhicules - frontale,,,,,,,,,,,5,2,1,1.0,1.0
201800043597,0018-10-08 19:15:00,18,10,8,19,15,950,268,BOULEVARD DE LA MUETTE,48.9735,2.4189,Crépuscule ou aube,En agglomération,Hors intersection,Normale,Deux véhicules - arrière,,,,,,,,,,,2,2,1,1.0,2.0
201800043598,0018-10-11 12:00:00,18,10,11,12,0,950,268,AV ANATOLE FRANCE,48.9725,2.3935,Plein jour,En agglomération,Hors intersection,Normale,Autre collision,,,,,,,,,,,1,2,1,1.0,6.0
201800043599,0018-10-05 08:30:00,18,10,5,8,30,950,585,ROUTE DES REFUZNICKS,48.9818,2.3885,Plein jour,En agglomération,Hors intersection,Normale,Trois véhicules et plus - en chaîne,,,,,,,,,,,1,2,1,1.0,4.0
201800043600,0018-10-17 18:15:00,18,10,17,18,15,950,539,RD 125,48.9916,2.3602,Plein jour,En agglomération,Intersection en X,Normale,Deux véhicules - côté,,,,,,,,,,,1,2,2,1.0,3.0
201800043601,0018-10-30 12:48:00,18,10,30,12,48,950,585,BOULEVARD HENRI BERGSON,48.9746,2.3763,Plein jour,En agglomération,Hors intersection,Pluie légère,Trois véhicules et plus - collisions multiples,,,,,,,,,,,1,2,1,2.0,5.0
201800043602,0018-11-03 07:25:00,18,11,3,7,25,950,268,AV DE STALINGRAD,48.9636,2.4048,Plein jour,En agglomération,Hors intersection,Normale,Deux véhicules - frontale,,,,,,,,,,,1,2,1,1.0,1.0
201800043603,0018-11-03 22:00:00,18,11,3,22,0,950,268,RUE DU TIERS POT,48.9666,2.3975,Nuit avec éclairage allumé,En agglomération,Hors intersection,Normale,Trois véhicules et plus - collisions multiples,,,,,,,,,,,5,2,1,1.0,5.0
201800043604,0018-11-06 11:50:00,18,11,6,11,50,950,539,RUE CHAPELLE ST NICOLAS,48.9937,2.3678,Plein jour,Hors agglomération,Hors intersection,Normale,Deux véhicules - frontale,,,,,,,,,,,1,1,1,1.0,1.0
201800043605,0018-11-08 17:40:00,18,11,8,17,40,950,585,AVENUE PAUL LANGEVIN,48.9825,2.3791,Nuit sans éclairage public,En agglomération,Hors intersection,Normale,Autre collision,,,,,,,,,,,3,2,1,1.0,6.0
201800043606,0018-11-08 10:10:00,18,11,8,10,10,950,680,BOULEVARD CARNOT,49.0048,2.3868,Plein jour,En agglomération,Hors intersection,Normale,Autre collision,,,,,,,,,,,1,2,1,1.0,6.0
201800043607,0018-11-14 18:10:00,18,11,14,18,10,950,539,RD 301,48.9922,2.3603,Nuit sans éclairage public,Hors agglomération,Hors intersection,Normale,Trois véhicules et plus - collisions multiples,,,,,,,,,,,3,1,1,1.0,5.0
201800043608,0018-11-22 15:40:00,18,11,22,15,40,950,680,AVENUE PIERRE SEMARD,49.0011,2.4077,Plein jour,En agglomération,Hors intersection,Pluie légère,Trois véhicules et plus - en chaîne,,,,,,,,,,,1,2,1,2.0,4.0
201800043609,0018-11-22 18:30:00,18,11,22,18,30,950,585,RUE TAILLEPIED,48.9957,2.3748,Nuit avec éclairage allumé,En agglomération,Hors intersection,Temps couvert,Autre collision,,,,,,,,,,,5,2,1,8.0,6.0
201800043610,0018-11-28 14:20:00,18,11,28,14,20,950,585,RUE DES CULTIVATEURS,48.9995,2.3861,Plein jour,En agglomération,Hors intersection,Brouillard / fumée,Sans collision,,,,,,,,,,,1,2,1,5.0,7.0
201800043611,0018-12-01 18:55:00,18,12,1,18,55,950,585,ROUTE DE GARGES,48.9881,2.3784,Nuit avec éclairage allumé,En agglomération,Hors intersection,Normale,Autre collision,,,,,,,,,,,5,2,1,1.0,6.0
201800043612,0018-12-05 12:50:00,18,12,5,12,50,950,585,AVENUE PAUL VALERY,48.9798,2.3762,Plein jour,En agglomération,Hors intersection,Normale,Autre collision,,,,,,,,,,,1,2,1,1.0,6.0
201800043613,0018-12-05 14:25:00,18,12,5,14,25,950,539,AVENUE ROBERT SCHUMANN,49.0069,2.3519,Plein jour,Hors agglomération,Hors intersection,Normale,Deux véhicules - côté,,,,,,,,,,,1,1,1,1.0,3.0
201800043614,0018-12-06 17:45:00,18,12,6,17,45,950,539,RUE DOCTEUR GOLDSTIEN,48.9903,2.3594,Nuit avec éclairage non allumé,En agglomération,Hors intersection,Normale,Autre collision,,,,,,,,,,,4,2,1,1.0,6.0
201800043615,0018-07-30 18:10:00,18,7,30,18,10,950,585,AVENUE AUGUSTE  PERRET,48.9766,2.3786,Plein jour,En agglomération,Intersection en T,Normale,Autre collision,,,,,,,,,,,1,2,3,1.0,6.0
201800043616,0018-12-28 17:35:00,18,12,28,17,35,950,268,AV DE LA COMMUNE DE PARI,48.9707,2.3991,Nuit avec éclairage allumé,En agglomération,Hors intersection,Normale,Deux véhicules - côté,,,,,,,,,,,5,2,1,1.0,3.0
201800043617,0018-12-28 19:00:00,18,12,28,19,0,950,585,AVENUE AUGUSTE PERRET,48.9751,2.3867,Nuit avec éclairage allumé,En agglomération,Hors intersection,Temps couvert,Autre collision,,,,,,,,,,,5,2,1,8.0,6.0
201800043618,0018-12-30 20:30:00,18,12,30,20,30,950,539,RD 301,48.9916,2.3603,Nuit avec éclairage allumé,Hors agglomération,Hors intersection,Pluie légère,Deux véhicules - côté,,,,,,,,,,,5,1,1,2.0,3.0
201800043619,0018-01-05 23:20:00,18,1,5,23,20,201,4,MONTEE SAINT JEAN,41.93283,8.7374,Nuit avec éclairage allumé,En agglomération,Hors intersection,Normale,Deux véhicules - côté,,,,,,,,,,,5,2,1,1.0,3.0
201800043620,0018-01-08 14:08:00,18,1,8,14,8,201,4,MACCHINI EUGENE AVENUE,41.91854,8.73697,Plein jour,En agglomération,Intersection en X,Normale,Deux véhicules - côté,,,,,,,,,,,1,2,2,1.0,3.0
201800043621,0018-01-09 07:20:00,18,1,9,7,20,201,4,RECCO ABBE BOULEVARD,41.93732,8.73788,Crépuscule ou aube,En agglomération,Hors intersection,Temps couvert,Deux véhicules - côté,,,,,,,,,,,2,2,1,8.0,3.0
201800043622,0018-01-12 16:42:00,18,1,12,16,42,201,4,"03, 1ER CONSUL AVENUE",41.91859,8.73739,Plein jour,En agglomération,Hors intersection,Normale,Autre collision,,,,,,,,,,,1,2,1,1.0,6.0
201800043623,0018-01-16 18:50:00,18,1,16,18,50,201,4,SARTENE ANCIENNE ROUTE,41.92989,8.77604,Nuit avec éclairage allumé,En agglomération,Hors intersection,Normale,Autre collision,,,,,,,,,,,5,2,1,1.0,6.0
201800043624,0018-01-19 12:15:00,18,1,19,12,15,201,4,JARDINS DE L'EMPEREUR AV,41.92659,8.72906,Plein jour,En agglomération,Intersection en T,Normale,Deux véhicules - côté,,,,,,,,,,,1,2,3,1.0,3.0
201800043625,0018-01-20 17:10:00,18,1,20,17,10,201,4,NAPOLEON COURS AVANT BEV,41.92828,8.73875,Crépuscule ou aube,En agglomération,Hors intersection,Pluie légère,Sans collision,,,,,,,,,,,2,2,1,2.0,7.0
201800043626,0018-01-24 18:25:00,18,1,24,18,25,201,4,RECCO ABBE BOULEVARD,41.93732,8.73792,Nuit avec éclairage allumé,En agglomération,Hors intersection,Normale,Deux véhicules - côté,,,,,,,,,,,5,2,1,1.0,3.0
201800043627,0018-01-25 10:30:00,18,1,25,10,30,201,4,MARECHAL MONCEY AVENUE,41.93058,8.73333,Plein jour,En agglomération,Hors intersection,Normale,Deux véhicules - arrière,,,,,,,,,,,1,2,1,1.0,2.0
201800043628,0018-01-26 07:55:00,18,1,26,7,55,201,4,ALBERT 1ER BD,41.91297,8.72624,Plein jour,En agglomération,Intersection en T,Normale,Deux véhicules - côté,,,,,,,,,,,1,2,3,1.0,3.0
201800043629,0018-01-25 23:14:00,18,1,25,23,14,201,4,VAZZIO HAUTS DU HLM,41.93621,8.79505,Nuit sans éclairage public,Hors agglomération,Hors intersection,Normale,Sans collision,,,,,,,,,,,3,1,1,1.0,7.0
201800043630,0018-01-30 12:00:00,18,1,30,12,0,201,4,CAMPI LOUIS BD,41.94404,8.7552,Plein jour,En agglomération,Hors intersection,Normale,Deux véhicules - côté,,,,,,,,,,,1,2,1,1.0,3.0
201800043631,0018-01-31 13:22:00,18,1,31,13,22,201,4,MONTEE SAINT JEAN,41.9328,8.73739,Plein jour,En agglomération,Intersection en Y,Normale,Deux véhicules - côté,,,,,,,,,,,1,2,4,1.0,3.0
201800043632,0018-01-31 19:27:00,18,1,31,19,27,201,4,GEORGES POMPIDOU AVENUE,41.93344,8.75431,Nuit avec éclairage allumé,En agglomération,Giratoire,Normale,Deux véhicules - côté,,,,,,,,,,,5,2,6,1.0,3.0
201800043633,0018-02-02 06:00:00,18,2,2,6,0,201,4,BONAPARTE CHARLES  BD,41.93299,8.744,Nuit avec éclairage allumé,En agglomération,Hors intersection,Temps couvert,Autre collision,,,,,,,,,,,5,2,1,8.0,6.0
201800043634,0018-02-05 20:34:00,18,2,5,20,34,201,4,ASPIRANT MICHELIN,41.92962,8.73341,Nuit avec éclairage allumé,En agglomération,Intersection en T,Temps couvert,Sans collision,,,,,,,,,,,5,2,3,8.0,7.0
201800043635,0018-02-02 16:17:00,18,2,2,16,17,201,4,SARTENE ANCIENNE ROUTE,41.92816,8.79317,Plein jour,Hors agglomération,Hors intersection,Pluie légère,Autre collision,,,,,,,,,,,1,1,1,2.0,6.0
201800043636,0018-02-13 19:54:00,18,2,13,19,54,201,4,"7, NICOLI JEAN COURS",41.93306,8.74238,Nuit sans éclairage public,En agglomération,Hors intersection,Normale,Trois véhicules et plus - collisions multiples,,,,,,,,,,,3,2,1,1.0,5.0
201800043637,0018-02-18 19:35:00,18,2,18,19,35,201,4,CAMPI LOUIS BD,41.94273,8.75201,Nuit avec éclairage allumé,En agglomération,Hors intersection,Autre,Deux véhicules - côté,,,,,,,,,,,5,2,1,9.0,3.0
201800043638,0018-02-22 18:40:00,18,2,22,18,40,201,4,T21,41.92865,8.76751,Nuit avec éclairage allumé,Hors agglomération,Hors intersection,Normale,Deux véhicules - arrière,,,,,,,,,,,5,1,1,1.0,2.0
201800043639,0018-02-24 17:20:00,18,2,24,17,20,201,4,CALVI  ROUTE,41.95603,8.7824,Crépuscule ou aube,En agglomération,Hors intersection,Pluie légère,Deux véhicules - arrière,,,,,,,,,,,2,2,1,2.0,2.0
201800043640,0018-02-25 08:53:00,18,2,25,8,53,201,4,NAPOLEON COURS AVANT BEV,41.9322,8.74061,Plein jour,En agglomération,Intersection en T,Pluie légère,Deux véhicules - frontale,,,,,,,,,,,1,2,3,2.0,1.0
201800043641,0018-03-02 19:55:00,18,3,2,19,55,201,4,BIANCAMARIA COLONEL ET C,41.93296,8.73739,Nuit avec éclairage allumé,En agglomération,Intersection en X,Normale,Deux véhicules - frontale,,,,,,,,,,,5,2,2,1.0,1.0
201800043642,0018-03-05 20:40:00,18,3,5,20,40,201,4,ROSSINI PASCAL BD,41.91507,8.73011,Nuit avec éclairage allumé,En agglomération,Hors intersection,Pluie légère,Sans collision,,,,,,,,,,,5,2,1,2.0,7.0
201800043643,0018-03-10 06:46:00,18,3,10,6,46,201,4,T21,41.93137,8.80269,Crépuscule ou aube,Hors agglomération,Giratoire,Normale,Sans collision,,,,,,,,,,,2,1,6,1.0,7.0
201800043644,0018-03-10 11:50:00,18,3,10,11,50,201,4,BEVERINI VICO PAIR AVENU,41.92836,8.73747,Plein jour,En agglomération,Intersection en X,Normale,Deux véhicules - côté,,,,,,,,,,,1,2,2,1.0,3.0
201800043645,0018-03-14 14:45:00,18,3,14,14,45,201,4,RECCO ABBE BOULEVARD,41.93709,8.73701,Plein jour,En agglomération,Hors intersection,Normale,Deux véhicules - côté,,,,,,,,,,,1,2,1,1.0,3.0
201800043646,0018-03-16 08:00:00,18,3,16,8,0,201,4,BONAPARTE CHARLES  BD,41.93377,8.7454,Plein jour,En agglomération,Hors intersection,Normale,Trois véhicules et plus - en chaîne,,,,,,,,,,,1,2,1,1.0,4.0
201800043647,0018-03-16 14:15:00,18,3,16,14,15,201,4,ALATA ROUTE,41.93455,8.7366,Plein jour,En agglomération,Place,Normale,Deux véhicules - côté,,,,,,,,,,,1,2,7,1.0,3.0
201800043648,0018-03-16 20:10:00,18,3,16,20,10,201,4,SEBASTIANU COSTA BD,41.94176,8.74823,Nuit avec éclairage non allumé,En agglomération,Hors intersection,Pluie forte,Autre collision,,,,,,,,,,,4,2,1,3.0,6.0
201800043649,0018-03-16 22:26:00,18,3,16,22,26,201,4,"17, ALATA ROUTE",41.93434,8.73917,Nuit avec éclairage allumé,En agglomération,Autre intersection,Pluie forte,Deux véhicules - arrière,,,,,,,,,,,5,2,9,3.0,2.0
201800043650,0018-03-17 01:25:00,18,3,17,1,25,201,4,GRANDVAL COURS IMPAIR,41.91812,8.73387,Nuit avec éclairage allumé,En agglomération,Hors intersection,Pluie légère,Autre collision,,,,,,,,,,,5,2,1,2.0,6.0
201800043651,0018-03-17 13:30:00,18,3,17,13,30,201,4,ALBERT 1ER BD,41.91281,8.72409,Plein jour,En agglomération,Hors intersection,Normale,Autre collision,,,,,,,,,,,1,2,1,1.0,6.0
201800043652,0018-03-26 16:09:00,18,3,26,16,9,201,4,EUGENIE IMPERATRICE AVEN,41.92026,8.73347,Plein jour,En agglomération,Hors intersection,Normale,Deux véhicules - frontale,,,,,,,,,,,1,2,1,1.0,1.0
201800043653,0018-04-05 15:35:00,18,4,5,15,35,201,4,MARECHAL JUIN AVENUE,41.93576,8.75081,Plein jour,En agglomération,Hors intersection,Normale,Deux véhicules - arrière,,,,,,,,,,,1,2,1,1.0,2.0
201800043654,0018-04-05 18:50:00,18,4,5,18,50,201,4,MEZZAVIA ROUTE DE,41.94896,8.76673,Plein jour,En agglomération,Intersection en T,Normale,Deux véhicules - côté,,,,,,,,,,,1,2,3,1.0,3.0
201800043655,0018-04-09 10:30:00,18,4,9,10,30,201,4,MEZZAVIA ROUTE DE,41.94787,8.76451,Plein jour,En agglomération,Hors intersection,Temps couvert,Autre collision,,,,,,,,,,,1,2,1,8.0,6.0
201800043656,0018-04-13 10:33:00,18,4,13,10,33,201,4,T21,41.92711,8.7917,Plein jour,En agglomération,Hors intersection,Normale,Deux véhicules - arrière,,,,,,,,,,,1,2,1,1.0,2.0
201800043657,0018-04-15 20:05:00,18,4,15,20,5,201,4,NAPOLEON III AVENUE PAIR,41.92438,8.73425,Crépuscule ou aube,En agglomération,Hors intersection,Normale,Deux véhicules - frontale,,,,,,,,,,,2,2,1,1.0,1.0
201800043658,0018-04-17 16:40:00,18,4,17,16,40,201,4,MEZZAVIA ROUTE DE,41.9521,8.77592,Plein jour,En agglomération,Hors intersection,Normale,Autre collision,,,,,,,,,,,1,2,1,1.0,6.0
201800043659,0018-04-30 07:25:00,18,4,30,7,25,201,4,MEZZAVIA ROUTE DE,41.95362,8.79009,Plein jour,En agglomération,Hors intersection,Normale,Trois véhicules et plus - collisions multiples,,,,,,,,,,,1,2,1,1.0,5.0
201800043660,0018-05-02 18:15:00,18,5,2,18,15,201,4,ROUTE DU STILETTO,41.9461,8.76308,Plein jour,En agglomération,Hors intersection,Pluie légère,Trois véhicules et plus - en chaîne,,,,,,,,,,,1,2,1,2.0,4.0
201800043661,0018-05-07 07:20:00,18,5,7,7,20,201,4,PRINCE IMPERIAL COURS,41.93306,8.74237,Plein jour,En agglomération,Hors intersection,Normale,Deux véhicules - arrière,,,,,,,,,,,1,2,1,1.0,2.0
201800043662,0018-05-14 11:25:00,18,5,14,11,25,201,4,MEZZAVIA ROUTE DE,41.94585,8.76022,Plein jour,Hors agglomération,Hors intersection,Pluie forte,Deux véhicules - arrière,,,,,,,,,,,1,1,1,3.0,2.0
201800043663,0018-05-14 19:05:00,18,5,14,19,5,201,4,BEVERINI VICO PAIR AVENU,41.92653,8.73704,Plein jour,En agglomération,Hors intersection,Pluie légère,Sans collision,,,,,,,,,,,1,2,1,2.0,7.0
201800043664,0018-05-14 18:40:00,18,5,14,18,40,201,4,NAPOLEON COURS APRES BEV,41.92779,8.73864,Plein jour,En agglomération,Hors intersection,Pluie légère,Deux véhicules - frontale,,,,,,,,,,,1,2,1,2.0,1.0
201800043665,0018-05-16 12:15:00,18,5,16,12,15,201,4,PIETRINA RUE DE LA,41.92554,8.73454,Plein jour,En agglomération,Hors intersection,Normale,Autre collision,,,,,,,,,,,1,2,1,1.0,6.0
201800043666,0018-05-16 21:25:00,18,5,16,21,25,201,4,BIANCAMARIA COLONEL ET C,41.9345,8.7367,Nuit sans éclairage public,En agglomération,Intersection en T,Normale,Deux véhicules - arrière,,,,,,,,,,,3,2,3,1.0,2.0
201800043667,0018-05-17 14:40:00,18,5,17,14,40,201,4,MEZZAVIA ROUTE DE,41.94856,8.76601,Plein jour,En agglomération,Hors intersection,Normale,Trois véhicules et plus - collisions multiples,,,,,,,,,,,1,2,1,1.0,5.0
201800043668,0018-05-17 19:40:00,18,5,17,19,40,201,4,MAGNOLIAS RUE DES,41.94648,8.75477,Plein jour,En agglomération,Hors intersection,Normale,Deux véhicules - côté,,,,,,,,,,,1,2,1,1.0,3.0