accident_id,datetime,annee,mois,jour,heure,minute,departement,commune_insee,adresse,latitude,longitude,luminosite,agglomeration,intersection,meteo,collision,nb_vehicules,nb_usagers,nb_indemnes,nb_tues,nb_blesses_hosp,nb_blesses_legers,age_cond_1,age_cond_2,veh_type_cond_1,veh_type_cond_2,lum_code,agg_code,int_code,atm_code,col_code
201800043669,0018-05-19 04:45:00,18,5,19,4,45,201,4,MARECHAL LYAUTEY AVENUE,41.9388,8.74546,Nuit avec éclairage allumé,En agglomération,Hors intersection,Normale,Autre collision,,,,,,,,,,,5,2,1,1.0,6.0
201800043670,0018-05-19 06:30:00,18,5,19,6,30,201,4,ROSSINI PASCAL BD,41.91505,8.73008,Plein jour,En agglomération,Hors intersection,Normale,Deux véhicules - côté,,,,,,,,,,,1,2,1,1.0,3.0
201800043671,0018-05-19 19:10:00,18,5,19,19,10,201,4,NAPOLEON COURS AVANT BEV,41.92743,8.7385,Plein jour,En agglomération,Hors intersection,Normale,Trois véhicules et plus - en chaîne,,,,,,,,,,,1,2,1,1.0,4.0
201800043672,0018-05-22 18:20:00,18,5,22,18,20,201,4,VAZZIO CITE EDF,41.92921,8.76831,Plein jour,En agglomération,Hors intersection,Normale,Deux véhicules - frontale,,,,,,,,,,,1,2,1,1.0,1.0
201800043673,0018-05-25 08:30:00,18,5,25,8,30,201,4,NAPOLEON COURS AVANT BEV,41.92496,8.73799,Plein jour,En agglomération,Intersection en X,Normale,Deux véhicules - côté,,,,,,,,,,,1,2,2,1.0,3.0
201800043674,0018-05-27 11:35:00,18,5,27,11,35,201,4,HYGHLAND RCE AV DE VERDU,41.92012,8.7269,Plein jour,En agglomération,Hors intersection,Normale,Sans collision,,,,,,,,,,,1,2,1,1.0,7.0
201800043675,0018-05-27 14:35:00,18,5,27,14,35,201,4,REPUBLIQUE QUAI DE LA,41.91989,8.73953,Plein jour,En agglomération,Hors intersection,Normale,Deux véhicules - côté,,,,,,,,,,,1,2,1,1.0,3.0
201800043676,0018-05-28 20:55:00,18,5,28,20,55,201,4,ILES SANGUINAIRES ROUTE,41.90781,8.63268,Nuit avec éclairage allumé,Hors agglomération,Hors intersection,Normale,Deux véhicules - arrière,,,,,,,,,,,5,1,1,1.0,2.0
201800043677,0018-06-05 16:50:00,18,6,5,16,50,201,4,MEZZAVIA ROUTE DE,41.95228,8.7796,Plein jour,En agglomération,Hors intersection,Normale,Autre collision,,,,,,,,,,,1,2,1,1.0,6.0
201800043678,0018-06-06 15:20:00,18,6,6,15,20,201,4,ALBERT 1ER BD,41.91288,8.72438,Plein jour,En agglomération,Hors intersection,Normale,Autre collision,,,,,,,,,,,1,2,1,1.0,6.0
201800043679,0018-06-07 16:35:00,18,6,7,16,35,201,4,HERMINIER GARE MARITIME,41.92355,8.73924,Plein jour,En agglomération,Hors intersection,Normale,Deux véhicules - côté,,,,,,,,,,,1,2,1,1.0,3.0
201800043680,0018-06-09 09:05:00,18,6,9,9,5,201,4,ARIA MARINA RCE BD TINO,41.90913,8.6374,Plein jour,En agglomération,Hors intersection,Normale,Deux véhicules - côté,,,,,,,,,,,1,2,1,1.0,3.0
201800043681,0018-06-13 17:40:00,18,6,13,17,40,201,4,SEBASTIANU COSTA BD,41.94069,8.74511,Plein jour,En agglomération,Hors intersection,Normale,Deux véhicules - côté,,,,,,,,,,,1,2,1,1.0,3.0
201800043682,0018-06-13 18:45:00,18,6,13,18,45,201,4,T20,41.93708,8.80361,Plein jour,Hors agglomération,Intersection en T,Normale,Deux véhicules - côté,,,,,,,,,,,1,1,3,1.0,3.0
201800043683,0018-06-15 11:30:00,18,6,15,11,30,201,4,ILES SANGUINAIRES ROUTE,41.90889,8.7186,Plein jour,En agglomération,Hors intersection,Normale,Autre collision,,,,,,,,,,,1,2,1,1.0,6.0
201800043684,0018-06-19 10:26:00,18,6,19,10,26,201,4,T40,41.93293,8.80897,Plein jour,Hors agglomération,Hors intersection,Normale,Deux véhicules - arrière,,,,,,,,,,,1,1,1,1.0,2.0
201800043685,0018-06-20 17:15:00,18,6,20,17,15,201,4,T20,41.94006,8.80546,Plein jour,Hors agglomération,Hors intersection,Normale,Trois véhicules et plus - en chaîne,,,,,,,,,,,1,1,1,1.0,4.0
201800043686,0018-06-20 19:05:00,18,6,20,19,5,201,4,NAPOLEON COURS APRES BEV,41.93088,8.73958,Plein jour,En agglomération,Intersection en T,Normale,Deux véhicules - côté,,,,,,,,,,,1,2,3,1.0,3.0
201800043687,0018-06-23 16:35:00,18,6,23,16,35,201,4,ILES SANGUINAIRES ROUTE,41.90894,8.68695,Plein jour,En agglomération,Hors intersection,Normale,Autre collision,,,,,,,,,,,1,2,1,1.0,6.0
201800043688,0018-06-27 19:39:00,18,6,27,19,39,201,4,CAMPI LOUIS BD,41.94265,8.75184,Plein jour,En agglomération,Hors intersection,Normale,Autre collision,,,,,,,,,,,1,2,1,1.0,6.0
201800043689,0018-07-02 10:20:00,18,7,2,10,20,201,4,MARECHAL LYAUTEY AVENUE,41.93825,8.74504,Plein jour,En agglomération,Hors intersection,Normale,Deux véhicules - côté,,,,,,,,,,,1,2,1,1.0,3.0
201800043690,0018-07-08 14:35:00,18,7,8,14,35,201,4,STEPHANOPOLI NICEPHORE,41.90891,8.71112,Plein jour,En agglomération,Hors intersection,Normale,Deux véhicules - arrière,,,,,,,,,,,1,2,1,1.0,2.0
201800043691,0018-07-17 07:30:00,18,7,17,7,30,201,4,MONTEE SAINT JEAN,41.93283,8.73742,Plein jour,En agglomération,Intersection en X,Normale,Autre collision,,,,,,,,,,,1,2,2,1.0,6.0
201800043692,0018-07-18 20:54:00,18,7,18,20,54,201,4,SARTENE ANCIENNE ROUTE,41.93022,8.77786,Nuit avec éclairage allumé,Hors agglomération,Hors intersection,Normale,Autre collision,,,,,,,,,,,5,1,1,1.0,6.0
201800043693,0018-07-20 08:45:00,18,7,20,8,45,201,4,MEZZAVIA ROUTE DE,41.95603,8.78238,Plein jour,Hors agglomération,Hors intersection,Normale,Deux véhicules - arrière,,,,,,,,,,,1,1,1,1.0,2.0
201800043694,0018-07-28 21:20:00,18,7,28,21,20,201,4,ALBERT 1ER BD,41.91294,8.7255,Nuit avec éclairage allumé,En agglomération,Intersection en T,Normale,Autre collision,,,,,,,,,,,5,2,3,1.0,6.0
201800043695,0018-07-29 10:24:00,18,7,29,10,24,201,4,FABIANI  DOMINIQUE,41.9169,8.72732,Plein jour,En agglomération,Hors intersection,Normale,Autre collision,,,,,,,,,,,1,2,1,1.0,6.0
201800043696,0018-07-28 04:35:00,18,7,28,4,35,201,4,STEPHANOPOLI NICEPHORE,41.90889,8.7153,Nuit avec éclairage allumé,En agglomération,Hors intersection,Normale,Sans collision,,,,,,,,,,,5,2,1,1.0,7.0
201800043697,0018-08-01 07:45:00,18,8,1,7,45,201,4,STEPHANOPOLI NICEPHORE,41.90887,8.71532,Plein jour,En agglomération,Intersection en T,Temps éblouissant,Deux véhicules - frontale,,,,,,,,,,,1,2,3,7.0,1.0
201800043698,0018-08-01 08:00:00,18,8,1,8,0,201,4,PRINCE IMPERIAL COURS,41.9341,8.75255,Plein jour,En agglomération,Giratoire,Normale,Deux véhicules - côté,,,,,,,,,,,1,2,6,1.0,3.0
201800043699,0018-07-25 10:00:00,18,7,25,10,0,201,4,SAMPIERO BD,41.92321,8.73933,Plein jour,En agglomération,Hors intersection,Normale,Autre collision,,,,,,,,,,,1,2,1,1.0,6.0
201800043700,0018-08-06 11:45:00,18,8,6,11,45,201,4,BONAPARTE CHARLES  BD,41.93246,8.74131,Plein jour,En agglomération,Hors intersection,Normale,Sans collision,,,,,,,,,,,1,2,1,1.0,7.0
201800043701,0018-08-15 00:27:00,18,8,15,0,27,201,4,ILES SANGUINAIRES ROUTE,41.9095,8.69001,Nuit avec éclairage allumé,En agglomération,Hors intersection,Normale,Deux véhicules - arrière,,,,,,,,,,,5,2,1,1.0,2.0
201800043702,0018-08-15 20:20:00,18,8,15,20,20,201,4,ILES SANGUINAIRES ROUTE,41.90657,8.66832,Crépuscule ou aube,En agglomération,Hors intersection,Normale,Sans collision,,,,,,,,,,,2,2,1,1.0,7.0
201800043703,0018-08-16 10:40:00,18,8,16,10,40,201,4,CAMPI LOUIS BD,41.94408,8.75539,Plein jour,En agglomération,Hors intersection,Normale,Deux véhicules - côté,,,,,,,,,,,1,2,1,1.0,3.0
201800043704,0018-07-23 11:50:00,18,7,23,11,50,201,4,CENTRE DE TRI POSTAL CAM,41.92097,8.79253,Plein jour,En agglomération,Hors intersection,Normale,Deux véhicules - côté,,,,,,,,,,,1,2,1,1.0,3.0
201800043705,0018-08-18 09:30:00,18,8,18,9,30,201,4,ILES SANGUINAIRES ROUTE,41.9087,8.71776,Plein jour,En agglomération,Hors intersection,Normale,Deux véhicules - arrière,,,,,,,,,,,1,2,1,1.0,2.0
201800043706,0018-08-19 08:15:00,18,8,19,8,15,201,4,GRANDE ARMEE AVENUE,41.92612,8.7287,Plein jour,En agglomération,Hors intersection,Normale,Deux véhicules - côté,,,,,,,,,,,1,2,1,1.0,3.0
201800043707,0018-08-18 17:07:00,18,8,18,17,7,201,4,ILES SANGUINAIRES ROUTE,41.90866,8.68648,Plein jour,En agglomération,Hors intersection,Normale,Deux véhicules - côté,,,,,,,,,,,1,2,1,1.0,3.0
201800043708,0018-08-20 20:40:00,18,8,20,20,40,201,4,T20,41.93676,8.80356,Crépuscule ou aube,Hors agglomération,Hors intersection,Normale,Autre collision,,,,,,,,,,,2,1,1,1.0,6.0
201800043709,0018-08-21 13:50:00,18,8,21,13,50,201,4,T20,41.93888,8.80433,Plein jour,Hors agglomération,Hors intersection,Normale,Trois véhicules et plus - collisions multiples,,,,,,,,,,,1,1,1,1.0,5.0
201800043710,0018-08-22 17:40:00,18,8,22,17,40,201,4,GEANT CASINO,41.95009,8.77408,Plein jour,Hors agglomération,Autre intersection,Normale,Deux véhicules - côté,,,,,,,,,,,1,1,9,1.0,3.0
201800043711,0018-08-23 00:25:00,18,8,23,0,25,201,4,MARECHAL FOCH PLACE,41.9192,8.7395,Nuit avec éclairage allumé,En agglomération,Intersection en T,Normale,Autre collision,,,,,,,,,,,5,2,3,1.0,6.0
201800043712,0018-08-23 15:20:00,18,8,23,15,20,201,4,MEZZAVIA ROUTE DE,41.94969,8.77,Plein jour,En agglomération,Hors intersection,Pluie légère,Sans collision,,,,,,,,,,,1,2,1,2.0,7.0
201800043713,0018-08-27 13:00:00,18,8,27,13,0,201,4,NAPOLEON COURS APRES BEV,41.93028,8.73941,Plein jour,En agglomération,Hors intersection,Normale,Deux véhicules - côté,,,,,,,,,,,1,2,1,1.0,3.0
201800043714,0018-08-29 08:25:00,18,8,29,8,25,201,4,MEZZAVIA ROUTE DE,41.95199,8.7775,Plein jour,En agglomération,Hors intersection,Normale,Deux véhicules - côté,,,,,,,,,,,1,2,1,1.0,3.0
201800043715,0018-08-29 19:10:00,18,8,29,19,10,201,4,CANDIA,41.93454,8.74552,Plein jour,En agglomération,Intersection en T,Normale,Autre collision,,,,,,,,,,,1,2,3,1.0,6.0
201800043716,0018-08-31 16:40:00,18,8,31,16,40,201,4,RECCO ABBE BOULEVARD,41.93755,8.73864,Plein jour,En agglomération,Hors intersection,Normale,Deux véhicules - côté,,,,,,,,,,,1,2,1,1.0,3.0
201800043717,0018-08-31 19:25:00,18,8,31,19,25,201,4,MARECHAL JUIN AVENUE,41.94064,8.75046,Crépuscule ou aube,En agglomération,Hors intersection,Normale,Autre collision,,,,,,,,,,,2,2,1,1.0,6.0
201800043718,0018-09-06 07:55:00,18,9,6,7,55,201,4,ALBERT 1ER BD,41.91339,8.7277,Plein jour,En agglomération,Hors intersection,Normale,Autre collision,,,,,,,,,,,1,2,1,1.0,6.0
201800043719,0018-09-06 08:10:00,18,9,6,8,10,201,4,SEBASTIANU COSTA BD,41.9416,8.74793,Plein jour,En agglomération,Hors intersection,Normale,Autre collision,,,,,,,,,,,1,2,1,1.0,6.0
201800043720,0018-09-10 09:35:00,18,9,10,9,35,201,4,PRINCE IMPERIAL COURS,41.9342,8.7475,Plein jour,En agglomération,Intersection en T,Normale,Deux véhicules - côté,,,,,,,,,,,1,2,3,1.0,3.0
201800043721,0018-09-11 12:35:00,18,9,11,12,35,201,4,MEZZAVIA ROUTE DE,41.9526,8.7845,Plein jour,En agglomération,Autre intersection,Normale,Deux véhicules - arrière,,,,,,,,,,,1,2,9,1.0,2.0
201800043722,0018-09-11 19:20:00,18,9,11,19,20,201,4,VERDUN AVENUE DE,41.92319,8.7304,Crépuscule ou aube,En agglomération,Intersection en Y,Normale,Deux véhicules - côté,,,,,,,,,,,2,2,4,1.0,3.0
201800043723,0018-09-11 21:43:00,18,9,11,21,43,201,4,T20,41.93386,8.80247,Nuit sans éclairage public,Hors agglomération,Hors intersection,Normale,Autre collision,,,,,,,,,,,3,1,1,1.0,6.0
201800043724,0018-09-13 23:03:00,18,9,13,23,3,201,4,T21,41.92809,8.79958,Nuit sans éclairage public,Hors agglomération,Giratoire,Normale,Autre collision,,,,,,,,,,,3,1,6,1.0,6.0
201800043725,0018-09-14 12:12:00,18,9,14,12,12,201,4,LORETTO CHEMIN,41.93391,8.72103,Plein jour,En agglomération,Autre intersection,Normale,Autre collision,,,,,,,,,,,1,2,9,1.0,6.0
201800043726,0018-09-19 18:35:00,18,9,19,18,35,201,4,MEZZAVIA ROUTE DE,41.94917,8.7678,Plein jour,En agglomération,Hors intersection,Normale,Trois véhicules et plus - collisions multiples,,,,,,,,,,,1,2,1,1.0,5.0
201800043727,0018-09-23 01:10:00,18,9,23,1,10,201,4,CAMPI LOUIS BD,41.9441,8.7556,Nuit avec éclairage allumé,En agglomération,Hors intersection,Normale,Deux véhicules - frontale,,,,,,,,,,,5,2,1,1.0,1.0
201800043728,0018-09-23 22:30:00,18,9,23,22,30,201,4,NAPOLEON COURS APRES BEV,41.9322,8.74059,Nuit avec éclairage allumé,En agglomération,Passage à niveau,Normale,Deux véhicules - côté,,,,,,,,,,,5,2,8,1.0,3.0
201800043729,0018-09-24 11:40:00,18,9,24,11,40,201,4,ROUTE DU STILETTO,41.9466,8.7652,Plein jour,En agglomération,Hors intersection,Normale,Deux véhicules - côté,,,,,,,,,,,1,2,1,1.0,3.0
201800043730,0018-09-27 23:22:00,18,9,27,23,22,201,4,T21,41.92869,8.76573,Nuit avec éclairage allumé,Hors agglomération,Hors intersection,Normale,Deux véhicules - arrière,,,,,,,,,,,5,1,1,1.0,2.0
201800043731,0018-10-01 11:45:00,18,10,1,11,45,201,4,GRANDE ARMEE AVENUE,41.92662,8.72907,Plein jour,En agglomération,Intersection en T,Normale,Deux véhicules - côté,,,,,,,,,,,1,2,3,1.0,3.0
201800043732,0018-10-06 11:45:00,18,10,6,11,45,201,4,MONTEE SAINT JEAN,41.93362,8.73695,Plein jour,En agglomération,Hors intersection,Pluie légère,Deux véhicules - frontale,,,,,,,,,,,1,2,1,2.0,1.0
201800043733,0018-10-07 23:05:00,18,10,7,23,5,201,4,CALVI  ROUTE,41.96109,8.78014,Nuit sans éclairage public,Hors agglomération,Hors intersection,Normale,Deux véhicules - frontale,,,,,,,,,,,3,1,1,1.0,1.0
201800043734,0018-10-09 08:00:00,18,10,9,8,0,201,4,RECCO ABBE BOULEVARD,41.93745,8.73799,Plein jour,En agglomération,Hors intersection,Normale,Deux véhicules - côté,,,,,,,,,,,1,2,1,1.0,3.0
201800043735,0018-10-20 18:00:00,18,10,20,18,0,201,4,REPUBLIQUE QUAI DE LA,41.9198,8.73955,Plein jour,En agglomération,Autre intersection,Normale,Deux véhicules - côté,,,,,,,,,,,1,2,9,1.0,3.0
201800043736,0018-10-22 15:35:00,18,10,22,15,35,201,4,MARECHAL JUIN AVENUE,41.93876,8.75087,Plein jour,En agglomération,Hors intersection,Normale,Deux véhicules - côté,,,,,,,,,,,1,2,1,1.0,3.0
201800043737,0018-10-31 09:42:00,18,10,31,9,42,201,4,MEZZAVIA ROUTE DE,41.95195,8.77458,Plein jour,En agglomération,Giratoire,Temps couvert,Deux véhicules - côté,,,,,,,,,,,1,2,6,8.0,3.0
201800043738,0018-10-30 14:10:00,18,10,30,14,10,201,4,NICOLI JEAN COURS,41.93361,8.74407,Plein jour,En agglomération,Intersection en T,Normale,Deux véhicules - côté,,,,,,,,,,,1,2,3,1.0,3.0
201800043739,0018-11-03 12:34:00,18,11,3,12,34,201,4,GRANDE ARMEE AVENUE,41.92781,8.73293,Plein jour,En agglomération,Hors intersection,Temps couvert,Deux véhicules - côté,,,,,,,,,,,1,2,1,8.0,3.0
201800043740,0018-11-05 13:00:00,18,11,5,13,0,201,4,SPOSATA CHEMIN DE LA,41.94904,8.75772,Plein jour,En agglomération,Hors intersection,Temps couvert,Deux véhicules - frontale,,,,,,,,,,,1,2,1,8.0,1.0
201800043741,0018-11-06 18:45:00,18,11,6,18,45,201,4,NAPOLEON COURS APRES BEV,41.92739,8.73849,Nuit avec éclairage allumé,En agglomération,Hors intersection,Pluie forte,Autre collision,,,,,,,,,,,5,2,1,3.0,6.0
201800043742,0018-11-08 19:50:00,18,11,8,19,50,201,4,NICOLI JEAN COURS,41.93415,8.74549,Nuit avec éclairage allumé,En agglomération,Intersection en X,Normale,Deux véhicules - frontale,,,,,,,,,,,5,2,2,1.0,1.0
201800043743,0018-11-09 11:10:00,18,11,9,11,10,201,4,PLEIN SOLEIL RCE AVE DES,41.90892,8.70867,Plein jour,Hors agglomération,Hors intersection,Normale,Deux véhicules - côté,,,,,,,,,,,1,1,1,1.0,3.0
201800043744,0018-11-09 20:30:00,18,11,9,20,30,201,4,ALATA ROUTE,41.93606,8.73593,Nuit avec éclairage allumé,En agglomération,Hors intersection,Normale,Deux véhicules - frontale,,,,,,,,,,,5,2,1,1.0,1.0
201800043745,0018-11-10 17:07:00,18,11,10,17,7,201,4,NAPOLEON COURS AVANT BEV,41.92316,8.73767,Plein jour,En agglomération,Hors intersection,Normale,Autre collision,,,,,,,,,,,1,2,1,1.0,6.0
201800043746,0018-11-10 18:59:00,18,11,10,18,59,201,4,AVENUE DU DOCTEUR NOEL F,41.94068,8.75601,Nuit avec éclairage allumé,En agglomération,Hors intersection,Normale,Deux véhicules - côté,,,,,,,,,,,5,2,1,1.0,3.0
201800043747,0018-11-13 16:23:00,18,11,13,16,23,201,4,NAPOLEON COURS AVANT BEV,41.92593,8.73826,Plein jour,En agglomération,Intersection en T,Normale,Deux véhicules - côté,,,,,,,,,,,1,2,3,1.0,3.0
201800043748,0018-11-14 18:33:00,18,11,14,18,33,201,4,DIAMANT I RCE AV EUGENE,41.9178,8.73706,Nuit avec éclairage allumé,En agglomération,Hors intersection,Normale,Autre collision,,,,,,,,,,,5,2,1,1.0,6.0
201800043749,0018-11-14 18:55:00,18,11,14,18,55,201,4,GIACOBBI PAUL  RUE,41.93643,8.74897,Nuit avec éclairage allumé,Hors agglomération,Hors intersection,Normale,Deux véhicules - arrière,,,,,,,,,,,5,1,1,1.0,2.0
201800043750,0018-11-15 08:25:00,18,11,15,8,25,201,4,GEORGES POMPIDOU AVENUE,41.92982,8.75889,Plein jour,En agglomération,Hors intersection,Normale,Deux véhicules - côté,,,,,,,,,,,1,2,1,1.0,3.0
201800043751,0018-11-24 21:50:00,18,11,24,21,50,201,4,NAPOLEON COURS AVANT BEV,41.92533,8.7381,Nuit avec éclairage allumé,En agglomération,Hors intersection,Normale,Autre collision,,,,,,,,,,,5,2,1,1.0,6.0
201800043752,0018-11-27 08:20:00,18,11,27,8,20,201,4,T40,41.93333,8.80801,Plein jour,Hors agglomération,Hors intersection,Pluie légère,Deux véhicules - arrière,,,,,,,,,,,1,1,1,2.0,2.0
201800043753,0018-11-29 02:27:00,18,11,29,2,27,201,4,PIETRI NICOLAS AVENUE,41.91737,8.72392,Nuit avec éclairage allumé,En agglomération,Hors intersection,Normale,Sans collision,,,,,,,,,,,5,2,1,1.0,7.0
201800043754,0018-11-30 14:10:00,18,11,30,14,10,201,4,SAMPIERO BD,41.92672,8.7392,Plein jour,En agglomération,Giratoire,Normale,Sans collision,,,,,,,,,,,1,2,6,1.0,7.0
201800043755,0018-12-01 03:02:00,18,12,1,3,2,201,4,T22,41.95257,8.78441,Nuit avec éclairage allumé,En agglomération,Autre intersection,Normale,Deux véhicules - arrière,,,,,,,,,,,5,2,9,1.0,2.0
201800043756,0018-12-02 03:20:00,18,12,2,3,20,201,4,AVENUE DU DOCTEUR NOEL F,41.93682,8.75372,Nuit avec éclairage allumé,En agglomération,Hors intersection,Normale,Autre collision,,,,,,,,,,,5,2,1,1.0,6.0
201800043757,0018-12-02 10:55:00,18,12,2,10,55,201,4,AVENUE DU DOCTEUR NOEL F,41.93559,8.75354,Plein jour,En agglomération,Hors intersection,Normale,Deux véhicules - côté,,,,,,,,,,,1,2,1,1.0,3.0
201800043758,0018-12-04 17:20:00,18,12,4,17,20,201,4,ALBERT 1ER BD,41.9129,8.7525,Crépuscule ou aube,En agglomération,Hors intersection,Normale,Sans collision,,,,,,,,,,,2,2,1,1.0,7.0
201800043759,0018-12-07 17:40:00,18,12,7,17,40,201,4,PAOLI DOMINIQUE  BD,41.92899,8.73748,Nuit avec éclairage allumé,En agglomération,Intersection en X,Normale,Deux véhicules - côté,,,,,,,,,,,5,2,2,1.0,3.0
201800043760,0018-12-07 22:05:00,18,12,7,22,5,201,4,BONAPARTE CHARLES  BD,41.92884,8.74011,Nuit avec éclairage allumé,En agglomération,Hors intersection,Normale,Deux véhicules - côté,,,,,,,,,,,5,2,1,1.0,3.0
201800043761,0018-12-10 20:15:00,18,12,10,20,15,201,4,MARECHAL JUIN AVENUE,41.93909,8.75083,Nuit avec éclairage allumé,En agglomération,Hors intersection,Normale,Autre collision,,,,,,,,,,,5,2,1,1.0,6.0
201800043762,0018-12-12 17:00:00,18,12,12,17,0,201,4,SEBASTIANU COSTA BD,41.94175,8.74825,Plein jour,En agglomération,Hors intersection,Normale,Autre collision,,,,,,,,,,,1,2,1,1.0,6.0
201800043763,0018-12-13 16:30:00,18,12,13,16,30,201,4,ALBERT 1ER BD,41.9128,8.7253,Crépuscule ou aube,En agglomération,Hors intersection,Pluie légère,Deux véhicules - côté,,,,,,,,,,,2,2,1,2.0,3.0
201800043764,0018-12-13 18:00:00,18,12,13,18,0,201,4,MACCHINI EUGENE AVENUE,41.91776,8.73709,Nuit avec éclairage allumé,En agglomération,Hors intersection,Pluie légère,Deux véhicules - côté,,,,,,,,,,,5,2,1,2.0,3.0
201800043765,0018-12-13 19:00:00,18,12,13,19,0,201,4,BONAPARTE CHARLES  BD,41.9332,8.7433,Nuit avec éclairage allumé,En agglomération,Hors intersection,Pluie légère,Deux véhicules - arrière,,,,,,,,,,,5,2,1,2.0,2.0
201800043766,0018-12-20 20:05:00,18,12,20,20,5,201,4,NAPOLEON COURS APRES BEV,41.92351,8.73788,Nuit avec éclairage allumé,En agglomération,Hors intersection,Normale,Autre collision,,,,,,,,,,,5,2,1,1.0,6.0
201800043767,0018-12-22 18:55:00,18,12,22,18,55,201,4,LEVIE JEAN JEROME AVENUE,41.9261,8.7384,Nuit avec éclairage allumé,En agglomération,Hors intersection,Normale,Deux véhicules - frontale,,,,,,,,,,,5,2,1,1.0,1.0
201800043768,0018-12-23 14:30:00,18,12,23,14,30,201,4,ILES SANGUINAIRES ROUTE,41.9093,8.6917,Plein jour,Hors agglomération,Hors intersection,Normale,Autre collision,,,,,,,,,,,1,1,1,1.0,6.0
201800043769,0018-12-26 09:40:00,18,12,26,9,40,201,4,MONT THABOR RUE DU,41.93744,8.76176,Plein jour,En agglomération,Hors intersection,Normale,Deux véhicules - côté,,,,,,,,,,,1,2,1,1.0,3.0
201800043770,0018-12-28 15:25:00,18,12,28,15,25,201,4,MEZZAVIA ROUTE DE,41.94794,8.76453,Plein jour,En agglomération,Hors intersection,Normale,Trois véhicules et plus - collisions multiples,,,,,,,,,,,1,2,1,1.0,5.0
201800043771,0018-01-01 06:15:00,18,1,1,6,15,940,18,A4,48.8182,2.4105,Nuit avec éclairage allumé,Hors agglomération,Hors intersection,Normale,Deux véhicules - côté,,,,,,,,,,,5,1,1,1.0,3.0
201800043772,0018-01-01 09:30:00,18,1,1,9,30,940,52,A86 INT,48.83814,2.49378,Plein jour,Hors agglomération,Hors intersection,Normale,Sans collision,,,,,,,,,,,1,1,1,1.0,7.0
201800043773,0018-01-01 15:00:00,18,1,1,15,0,940,79,A4,48.83,2.53,Plein jour,Hors agglomération,Hors intersection,Pluie forte,Autre collision,,,,,,,,,,,1,1,1,3.0,6.0
201800043774,0018-01-03 05:40:00,18,1,3,5,40,940,44,RN406.W,48.74966,2.48091,Nuit sans éclairage public,Hors agglomération,Hors intersection,Pluie forte,Autre collision,,,,,,,,,,,3,1,1,3.0,6.0
201800043775,0018-01-04 13:55:00,18,1,4,13,55,770,258,A4.Y - PARIS PROVINCE,48.82987,2.62389,Plein jour,Hors agglomération,Autre intersection,Pluie légère,Deux véhicules - côté,,,,,,,,,,,1,1,9,2.0,3.0
201800043776,0018-01-05 09:30:00,18,1,5,9,30,940,17,A4,48.82655,2.51745,Plein jour,Hors agglomération,Hors intersection,Temps couvert,Deux véhicules - côté,,,,,,,,,,,1,1,1,8.0,3.0
201800043777,0018-01-07 00:30:00,18,1,7,0,30,940,17,A4,48.82851,2.50365,Nuit avec éclairage allumé,Hors agglomération,Hors intersection,Pluie légère,Deux véhicules - arrière,,,,,,,,,,,5,1,1,2.0,2.0
201800043778,0018-01-07 07:00:00,18,1,7,7,0,940,58,A86.EXT,48.84108,2.49305,Nuit avec éclairage allumé,Hors agglomération,Autre intersection,Pluie légère,Deux véhicules - arrière,,,,,,,,,,,5,1,9,2.0,2.0
201800043779,0018-01-07 18:55:00,18,1,7,18,55,940,17,A4,48.82729,2.46917,Nuit avec éclairage allumé,Hors agglomération,Hors intersection,Normale,Autre collision,,,,,,,,,,,5,1,1,1.0,6.0
201800043780,0018-01-09 17:45:00,18,1,9,17,45,930,51,A4,48.83516,2.5725,Nuit sans éclairage public,Hors agglomération,Hors intersection,Pluie légère,Deux véhicules - côté,,,,,,,,,,,3,1,1,2.0,3.0
201800043781,0018-01-10 07:20:00,18,1,10,7,20,940,17,A4,48.82681,2.51484,Nuit avec éclairage allumé,Hors agglomération,Hors intersection,Normale,Deux véhicules - arrière,,,,,,,,,,,5,1,1,1.0,2.0
201800043782,0018-01-10 19:00:00,18,1,10,19,0,750,112,A4,48.81928,2.45855,Nuit sans éclairage public,Hors agglomération,Hors intersection,Normale,Deux véhicules - arrière,,,,,,,,,,,3,1,1,1.0,2.0
201800043783,0018-01-12 08:30:00,18,1,12,8,30,940,73,A86 INT,48.76243,2.38149,Crépuscule ou aube,Hors agglomération,Hors intersection,Normale,Deux véhicules - frontale,,,,,,,,,,,2,1,1,1.0,1.0
201800043784,0018-01-13 01:01:00,18,1,13,1,1,940,33,A86.INT,48.84861,2.49083,Nuit avec éclairage allumé,Hors agglomération,Hors intersection,Normale,Deux véhicules - arrière,,,,,,,,,,,5,1,1,1.0,2.0
201800043785,0018-01-14 02:35:00,18,1,14,2,35,930,51,A4,48.83415,2.58644,Nuit sans éclairage public,Hors agglomération,Hors intersection,Normale,Trois véhicules et plus - collisions multiples,,,,,,,,,,,3,1,1,1.0,5.0
201800043786,0018-01-19 21:00:00,18,1,19,21,0,770,294,A104 - LA FRANCILIENNE,48.95965,2.62121,Nuit sans éclairage public,Hors agglomération,Hors intersection,Normale,Autre collision,,,,,,,,,,,3,1,1,1.0,6.0
201800043787,0018-01-14 07:40:00,18,1,14,7,40,770,58,A4,48.83014,2.70256,Crépuscule ou aube,Hors agglomération,Hors intersection,Normale,Deux véhicules - arrière,,,,,,,,,,,2,1,1,1.0,2.0
201800043788,0018-01-14 12:27:00,18,1,14,12,27,940,46,A86 EXT,48.80722,2.44882,Plein jour,Hors agglomération,Hors intersection,Normale,Deux véhicules - arrière,,,,,,,,,,,1,1,1,1.0,2.0
201800043789,0018-01-14 20:00:00,18,1,14,20,0,940,46,A86 EXT,48.80312,2.44848,Nuit avec éclairage allumé,Hors agglomération,Hors intersection,Normale,Deux véhicules - arrière,,,,,,,,,,,5,1,1,1.0,2.0