accident_id,datetime,annee,mois,jour,heure,minute,departement,commune_insee,adresse,latitude,longitude,luminosite,agglomeration,intersection,meteo,collision,nb_vehicules,nb_usagers,nb_indemnes,nb_tues,nb_blesses_hosp,nb_blesses_legers,age_cond_1,age_cond_2,veh_type_cond_1,veh_type_cond_2,lum_code,agg_code,int_code,atm_code,col_code
201800043790,0018-01-16 09:20:00,18,1,16,9,20,930,51,A4,48.84887,2.55207,Plein jour,Hors agglomération,Hors intersection,Pluie légère,Autre collision,,,,,,,,,,,1,1,1,2.0,6.0
201800043791,0018-01-16 14:55:00,18,1,16,14,55,770,450,N104 - LA FRANCILIENNE,48.70222,2.59527,Plein jour,Hors agglomération,Hors intersection,Pluie légère,Trois véhicules et plus - en chaîne,,,,,,,,,,,1,1,1,2.0,4.0
201800043792,0018-01-16 19:30:00,18,1,16,19,30,770,438,A104 - LA FRANCILIENNE,48.85466,2.66346,Nuit sans éclairage public,Hors agglomération,Hors intersection,Pluie légère,Deux véhicules - arrière,,,,,,,,,,,3,1,1,2.0,2.0
201800043793,0018-01-17 08:00:00,18,1,17,8,0,940,69,A86 EXT,48.8119,2.44926,Nuit sans éclairage public,Hors agglomération,Intersection en Y,Pluie légère,Deux véhicules - arrière,,,,,,,,,,,3,1,4,2.0,2.0
201800043794,0018-01-17 11:35:00,18,1,17,11,35,770,372,A104 - LA FRANCILIENNE,48.87662,2.66887,Plein jour,Hors agglomération,Autre intersection,Temps couvert,Trois véhicules et plus - en chaîne,,,,,,,,,,,1,1,9,8.0,4.0
201800043795,0018-01-19 22:45:00,18,1,19,22,45,940,15,A4,48.83135,2.53141,Nuit sans éclairage public,Hors agglomération,Hors intersection,Normale,Deux véhicules - arrière,,,,,,,,,,,3,1,1,1.0,2.0
201800043796,0018-01-21 02:45:00,18,1,21,2,45,940,73,A86 EXT,48.7073,2.30643,Nuit avec éclairage allumé,Hors agglomération,Hors intersection,Normale,Deux véhicules - arrière,,,,,,,,,,,5,1,1,1.0,2.0
201800043797,0018-01-21 21:50:00,18,1,21,21,50,940,73,A86 EXT,48.76815,2.37883,Nuit avec éclairage allumé,Hors agglomération,Hors intersection,Pluie légère,Autre collision,,,,,,,,,,,5,1,1,2.0,6.0
201800043798,0018-01-23 07:35:00,18,1,23,7,35,770,237,A4,48.83175,2.77305,Plein jour,Hors agglomération,Hors intersection,Normale,Deux véhicules - arrière,,,,,,,,,,,1,1,1,1.0,2.0
201800043799,0018-01-24 14:45:00,18,1,24,14,45,940,69,A4,48.8171,2.4428,Plein jour,Hors agglomération,Hors intersection,Normale,Sans collision,,,,,,,,,,,1,1,1,1.0,7.0
201800043800,0018-01-24 15:45:00,18,1,24,15,45,940,65,A86 INT,48.7541,2.35021,Plein jour,Hors agglomération,Hors intersection,Normale,Deux véhicules - côté,,,,,,,,,,,1,1,1,1.0,3.0
201800043801,0018-01-25 09:25:00,18,1,25,9,25,940,44,RN406.W,48.75746,2.47735,Plein jour,Hors agglomération,Hors intersection,Temps couvert,Deux véhicules - côté,,,,,,,,,,,1,1,1,8.0,3.0
201800043802,0018-01-26 03:00:00,18,1,26,3,0,930,51,A4,48.8366,2.54448,Nuit sans éclairage public,Hors agglomération,Hors intersection,Normale,Autre collision,,,,,,,,,,,3,1,1,1.0,6.0
201800043803,0018-01-26 21:45:00,18,1,26,21,45,770,294,A104 - LA FRANCILIENNE,48.97216,2.59272,Nuit sans éclairage public,Hors agglomération,Autre intersection,Normale,Deux véhicules - arrière,,,,,,,,,,,3,1,9,1.0,2.0
201800043804,0018-01-26 22:00:00,18,1,26,22,0,770,373,RN104,48.79431,2.6201,Nuit sans éclairage public,Hors agglomération,Hors intersection,Normale,Autre collision,,,,,,,,,,,3,1,1,1.0,6.0
201800043805,0018-01-27 00:30:00,18,1,27,0,30,940,17,A4,48.8304,2.49436,Nuit avec éclairage non allumé,Hors agglomération,Hors intersection,Normale,Trois véhicules et plus - en chaîne,,,,,,,,,,,4,1,1,1.0,4.0
201800043806,0018-01-27 13:40:00,18,1,27,13,40,940,17,A4,48.84851,2.57316,Plein jour,Hors agglomération,Hors intersection,Normale,Deux véhicules - arrière,,,,,,,,,,,1,1,1,1.0,2.0
201800043807,0018-01-28 22:00:00,18,1,28,22,0,770,258,A4.Y - PARIS PROVINCE,48.83088,2.63758,Nuit sans éclairage public,Hors agglomération,Hors intersection,Autre,Autre collision,,,,,,,,,,,3,1,1,9.0,6.0
201800043808,0018-01-30 07:30:00,18,1,30,7,30,940,15,A4,48.83047,2.52965,Nuit sans éclairage public,Hors agglomération,Hors intersection,Normale,Deux véhicules - côté,,,,,,,,,,,3,1,1,1.0,3.0
201800043809,0018-01-30 08:20:00,18,1,30,8,20,770,258,A4.W,48.8304,2.62957,Plein jour,Hors agglomération,Hors intersection,Normale,Deux véhicules - arrière,,,,,,,,,,,1,1,1,1.0,2.0
201800043810,0018-01-31 13:50:00,18,1,31,13,50,940,17,A4,48.81331,2.56811,Plein jour,Hors agglomération,Hors intersection,Pluie légère,Trois véhicules et plus - collisions multiples,,,,,,,,,,,1,1,1,2.0,5.0
201800043811,0018-01-31 17:30:00,18,1,31,17,30,940,15,A4,48.83497,2.52401,Crépuscule ou aube,Hors agglomération,Hors intersection,Pluie légère,Autre collision,,,,,,,,,,,2,1,1,2.0,6.0
201800043812,0018-01-31 23:00:00,18,1,31,23,0,940,69,A4,48.8175,2.44,Nuit avec éclairage non allumé,Hors agglomération,Hors intersection,Pluie légère,Trois véhicules et plus - en chaîne,,,,,,,,,,,4,1,1,2.0,4.0
201800043813,0018-02-01 09:00:00,18,2,1,9,0,770,384,A5b - BRET. AIRE GALANDE,48.60612,2.63343,Plein jour,Hors agglomération,Hors intersection,Pluie légère,Deux véhicules - côté,,,,,,,,,,,1,1,1,2.0,3.0
201800043814,0018-02-01 09:30:00,18,2,1,9,30,770,294,A104,48.96677,2.60546,Plein jour,Hors agglomération,Hors intersection,Pluie forte,Trois véhicules et plus - en chaîne,,,,,,,,,,,1,1,1,3.0,4.0
201800043815,0018-02-01 09:35:00,18,2,1,9,35,770,363,A104,48.9264,2.62874,Plein jour,Hors agglomération,Hors intersection,Pluie légère,Deux véhicules - côté,,,,,,,,,,,1,1,1,2.0,3.0
201800043816,0018-02-01 14:15:00,18,2,1,14,15,770,169,A4 PARIS PROVINCE,48.83064,2.60761,Plein jour,Hors agglomération,Hors intersection,Temps couvert,Trois véhicules et plus - en chaîne,,,,,,,,,,,1,1,1,8.0,4.0
201800043817,0018-02-01 18:40:00,18,2,1,18,40,770,438,A104 - LA FRANCILIENNE,48.86036,2.66664,Nuit sans éclairage public,Hors agglomération,Autre intersection,Pluie légère,Deux véhicules - arrière,,,,,,,,,,,3,1,9,2.0,2.0
201800043818,0018-02-01 18:50:00,18,2,1,18,50,770,175,RN104,48.67311,2.61113,Nuit sans éclairage public,Hors agglomération,Autre intersection,Normale,Deux véhicules - côté,,,,,,,,,,,3,1,9,1.0,3.0
201800043819,0018-02-01 20:25:00,18,2,1,20,25,940,18,A4,48.8173,2.4157,Nuit avec éclairage non allumé,Hors agglomération,Hors intersection,Pluie légère,Trois véhicules et plus - en chaîne,,,,,,,,,,,4,1,1,2.0,4.0
201800043820,0018-02-01 23:03:00,18,2,1,23,3,940,28,A86 EXT,48.7909,2.4407,Nuit sans éclairage public,Hors agglomération,Hors intersection,Temps couvert,Autre collision,,,,,,,,,,,3,1,1,8.0,6.0
201800043821,0018-02-02 07:30:00,18,2,2,7,30,940,28,A86 EXT,48.77398,2.40636,Plein jour,Hors agglomération,Hors intersection,Normale,Deux véhicules - arrière,,,,,,,,,,,1,1,1,1.0,2.0
201800043822,0018-02-03 13:40:00,18,2,3,13,40,940,17,A4,48.82861,2.51361,Plein jour,Hors agglomération,Hors intersection,Pluie légère,Trois véhicules et plus - en chaîne,,,,,,,,,,,1,1,1,2.0,4.0
201800043823,0018-02-03 17:30:00,18,2,3,17,30,940,28,A86 EXT,48.80366,2.44868,Crépuscule ou aube,Hors agglomération,Hors intersection,Pluie légère,Trois véhicules et plus - en chaîne,,,,,,,,,,,2,1,1,2.0,4.0
201800043824,0018-02-04 03:30:00,18,2,4,3,30,770,249,RN104,48.74598,2.61366,Nuit sans éclairage public,Hors agglomération,Hors intersection,Pluie légère,Sans collision,,,,,,,,,,,3,1,1,2.0,7.0
201800043825,0018-02-05 09:30:00,18,2,5,9,30,940,28,A86 INT,48.80134,2.44755,Plein jour,Hors agglomération,Hors intersection,Normale,Deux véhicules - arrière,,,,,,,,,,,1,1,1,1.0,2.0
201800043826,0018-02-06 11:35:00,18,2,6,11,35,940,28,RN406.W,48.7795,2.44183,Plein jour,Hors agglomération,Hors intersection,Pluie légère,Deux véhicules - arrière,,,,,,,,,,,1,1,1,2.0,2.0
201800043827,0018-02-13 09:15:00,18,2,13,9,15,940,69,A4,48.8179,2.4399,Plein jour,Hors agglomération,Hors intersection,Autre,Sans collision,,,,,,,,,,,1,1,1,9.0,7.0
201800043828,0018-02-17 06:00:00,18,2,17,6,0,940,69,A4,48.81862,2.45893,Nuit avec éclairage non allumé,Hors agglomération,Hors intersection,Normale,Trois véhicules et plus - en chaîne,,,,,,,,,,,4,1,1,1.0,4.0
201800043829,0018-02-18 09:45:00,18,2,18,9,45,750,112,A4,,,Plein jour,Hors agglomération,Hors intersection,Normale,Deux véhicules - arrière,,,,,,,,,,,1,1,1,1.0,2.0
201800043830,0018-02-20 10:20:00,18,2,20,10,20,770,146,RN104.EXT,48.80723,2.63017,Plein jour,Hors agglomération,Hors intersection,Normale,Deux véhicules - arrière,,,,,,,,,,,1,1,1,1.0,2.0
201800043831,0018-02-20 19:30:00,18,2,20,19,30,770,249,N104 - LA FRANCILIENNE,48.75197,2.61434,Nuit sans éclairage public,Hors agglomération,Autre intersection,Pluie légère,Deux véhicules - côté,,,,,,,,,,,3,1,9,2.0,3.0
201800043832,0018-02-21 15:50:00,18,2,21,15,50,940,69,A4,48.82222,2.42888,Plein jour,Hors agglomération,Hors intersection,Normale,Deux véhicules - arrière,,,,,,,,,,,1,1,1,1.0,2.0
201800043833,0018-02-22 18:15:00,18,2,22,18,15,940,18,A4,48.824,2.394,Plein jour,Hors agglomération,Hors intersection,Normale,Autre collision,,,,,,,,,,,1,1,1,1.0,6.0
201800043834,0018-02-23 05:40:00,18,2,23,5,40,940,79,A4,48.827,2.52434,Nuit sans éclairage public,Hors agglomération,Hors intersection,Normale,Autre collision,,,,,,,,,,,3,1,1,1.0,6.0
201800043835,0018-02-23 20:00:00,18,2,23,20,0,770,294,A104,48.96974,2.59874,Plein jour,Hors agglomération,Hors intersection,Normale,Deux véhicules - arrière,,,,,,,,,,,1,1,1,1.0,2.0
201800043836,0018-02-23 19:00:00,18,2,23,19,0,770,249,N104 - LA FRANCILIENNE,48.75983,2.61577,Crépuscule ou aube,Hors agglomération,Hors intersection,Normale,Trois véhicules et plus - en chaîne,,,,,,,,,,,2,1,1,1.0,4.0
201800043837,0018-02-23 21:30:00,18,2,23,21,30,770,296,A5b,48.6338,2.62853,Nuit sans éclairage public,Hors agglomération,Hors intersection,Normale,Deux véhicules - côté,,,,,,,,,,,3,1,1,1.0,3.0
201800043838,0018-02-24 16:40:00,18,2,24,16,40,940,69,A4,48.82,2.4,Plein jour,Hors agglomération,Hors intersection,Normale,Autre collision,,,,,,,,,,,1,1,1,1.0,6.0
201800043839,0018-02-25 05:15:00,18,2,25,5,15,770,237,A4,48.82981,2.7484,Nuit sans éclairage public,Hors agglomération,Autre intersection,Normale,Trois véhicules et plus - en chaîne,,,,,,,,,,,3,1,9,1.0,4.0
201800043840,0018-02-25 15:20:00,18,2,25,15,20,940,28,A86 INT,48.8,2.44,Plein jour,Hors agglomération,Autre intersection,Normale,Sans collision,,,,,,,,,,,1,1,9,1.0,7.0
201800043841,0018-02-26 03:45:00,18,2,26,3,45,940,52,A86 INT,48.831,2.49056,Nuit avec éclairage allumé,Hors agglomération,Hors intersection,Normale,Autre collision,,,,,,,,,,,5,1,1,1.0,6.0
201800043842,0018-02-26 17:45:00,18,2,26,17,45,940,28,A86 EXT,48.78793,2.4403,Plein jour,Hors agglomération,Hors intersection,Normale,Autre collision,,,,,,,,,,,1,1,1,1.0,6.0
201800043843,0018-02-27 00:30:00,18,2,27,0,30,940,17,A86.EXT,48.81766,2.42485,Nuit avec éclairage allumé,Hors agglomération,Hors intersection,Normale,Autre collision,,,,,,,,,,,5,1,1,1.0,6.0
201800043844,0018-02-27 07:00:00,18,2,27,7,0,940,65,A86 INT,48.75098,2.35572,Crépuscule ou aube,Hors agglomération,Hors intersection,Normale,Trois véhicules et plus - en chaîne,,,,,,,,,,,2,1,1,1.0,4.0
201800043845,0018-02-28 07:15:00,18,2,28,7,15,940,18,A4,48.82126,2.39971,Plein jour,Hors agglomération,Hors intersection,Normale,Deux véhicules - arrière,,,,,,,,,,,1,1,1,1.0,2.0
201800043846,0018-02-28 17:00:00,18,2,28,17,0,940,28,A86 INT,48.77622,2.42306,Plein jour,Hors agglomération,Hors intersection,Normale,Sans collision,,,,,,,,,,,1,1,1,1.0,7.0
201800043847,0018-03-04 17:20:00,18,3,4,17,20,770,337,N104 - LA FRANCILIENNE,48.82891,2.61839,Plein jour,Hors agglomération,Autre intersection,Normale,Sans collision,,,,,,,,,,,1,1,9,1.0,7.0
201800043848,0018-03-04 20:25:00,18,3,4,20,25,770,337,A4 PARIS PROVINCE,48.83062,2.60911,Nuit sans éclairage public,Hors agglomération,Autre intersection,Normale,Autre collision,,,,,,,,,,,3,1,9,1.0,6.0
201800043849,0018-03-05 09:50:00,18,3,5,9,50,770,258,A4.Y - PARIS PROVINCE,48.83099,2.63891,Plein jour,Hors agglomération,Autre intersection,Normale,Deux véhicules - arrière,,,,,,,,,,,1,1,9,1.0,2.0
201800043850,0018-03-06 09:00:00,18,3,6,9,0,770,363,A104 - LA FRANCILIENNE,48.92135,2.63084,Plein jour,Hors agglomération,Hors intersection,Normale,Deux véhicules - arrière,,,,,,,,,,,1,1,1,1.0,2.0
201800043851,0018-03-06 12:30:00,18,3,6,12,30,940,65,A86 EXT,48.75423,2.35072,Plein jour,Hors agglomération,Hors intersection,Normale,Trois véhicules et plus - en chaîne,,,,,,,,,,,1,1,1,1.0,4.0
201800043852,0018-03-06 17:35:00,18,3,6,17,35,750,112,A4,48.81726,2.44209,Plein jour,Hors agglomération,Hors intersection,Normale,Trois véhicules et plus - en chaîne,,,,,,,,,,,1,1,1,1.0,4.0
201800043853,0018-03-07 16:40:00,18,3,7,16,40,770,514,A104 EXTERIEUR,48.94199,2.6285,Plein jour,Hors agglomération,Autre intersection,Pluie légère,Autre collision,,,,,,,,,,,1,1,9,2.0,6.0
201800043854,0018-03-07 18:15:00,18,3,7,18,15,940,46,A86 EXT,48.81111,2.44912,Crépuscule ou aube,Hors agglomération,Hors intersection,Pluie légère,Deux véhicules - côté,,,,,,,,,,,2,1,1,2.0,3.0
201800043855,0018-03-08 17:00:00,18,3,8,17,0,770,294,A104 - LA FRANCILIENNE,48.97534,2.58456,Plein jour,Hors agglomération,Hors intersection,Pluie forte,Trois véhicules et plus - en chaîne,,,,,,,,,,,1,1,1,3.0,4.0
201800043856,0018-03-08 19:00:00,18,3,8,19,0,940,81,A 86 EXT,48.77416,2.40636,Nuit sans éclairage public,Hors agglomération,Hors intersection,Pluie légère,Deux véhicules - côté,,,,,,,,,,,3,1,1,2.0,3.0
201800043857,0018-03-08 23:10:00,18,3,8,23,10,940,15,A4,48.83248,2.53318,Nuit sans éclairage public,Hors agglomération,Hors intersection,Pluie légère,Trois véhicules et plus - collisions multiples,,,,,,,,,,,3,1,1,2.0,5.0
201800043858,0018-03-10 00:33:00,18,3,10,0,33,940,18,A4,48.8197,2.40311,Nuit avec éclairage allumé,Hors agglomération,Hors intersection,Normale,Autre collision,,,,,,,,,,,5,1,1,1.0,6.0
201800043859,0018-03-10 11:50:00,18,3,10,11,50,940,28,RN406.Y,48.77237,2.44601,Plein jour,Hors agglomération,Autre intersection,Pluie légère,Autre collision,,,,,,,,,,,1,1,9,2.0,6.0
201800043860,0018-03-10 14:10:00,18,3,10,14,10,940,22,A86 EXT,48.77661,2.41703,Plein jour,Hors agglomération,Hors intersection,Normale,Deux véhicules - côté,,,,,,,,,,,1,1,1,1.0,3.0
201800043861,0018-03-10 19:15:00,18,3,10,19,15,940,17,A4,48.82649,2.51186,Nuit sans éclairage public,Hors agglomération,Hors intersection,Normale,Deux véhicules - côté,,,,,,,,,,,3,1,1,1.0,3.0
201800043862,0018-03-12 17:00:00,18,3,12,17,0,940,46,A86 EXT,48.80764,2.44901,Plein jour,Hors agglomération,Hors intersection,Normale,Deux véhicules - arrière,,,,,,,,,,,1,1,1,1.0,2.0
201800043863,0018-03-13 08:45:00,18,3,13,8,45,940,28,A86 INT,48.7836,2.4392,Plein jour,Hors agglomération,Hors intersection,Normale,Trois véhicules et plus - en chaîne,,,,,,,,,,,1,1,1,1.0,4.0
201800043864,0018-03-13 20:30:00,18,3,13,20,30,940,69,A4,48.8175,2.4139,Nuit avec éclairage allumé,Hors agglomération,Hors intersection,Normale,Trois véhicules et plus - en chaîne,,,,,,,,,,,5,1,1,1.0,4.0
201800043865,0018-03-14 09:30:00,18,3,14,9,30,940,28,A86 EXT,48.78898,2.44047,Plein jour,Hors agglomération,Hors intersection,Normale,Deux véhicules - arrière,,,,,,,,,,,1,1,1,1.0,2.0
201800043866,0018-03-15 16:00:00,18,3,15,16,0,940,65,A86 EXT,48.75417,2.35036,Plein jour,Hors agglomération,Hors intersection,Normale,Trois véhicules et plus - en chaîne,,,,,,,,,,,1,1,1,1.0,4.0
201800043867,0018-03-16 09:00:00,18,3,16,9,0,770,363,A104 - LA FRANCILIENNE,48.91296,2.63522,Plein jour,Hors agglomération,Autre intersection,Normale,Deux véhicules - arrière,,,,,,,,,,,1,1,9,1.0,2.0
201800043868,0018-03-16 17:30:00,18,3,16,17,30,940,65,A86 EXT,48.75396,2.35357,Plein jour,Hors agglomération,Hors intersection,Normale,Deux véhicules - côté,,,,,,,,,,,1,1,1,1.0,3.0
201800043869,0018-03-17 15:05:00,18,3,17,15,5,940,17,A4,48.82662,2.51541,Plein jour,Hors agglomération,Hors intersection,Pluie légère,Trois véhicules et plus - en chaîne,,,,,,,,,,,1,1,1,2.0,4.0
201800043870,0018-03-19 09:15:00,18,3,19,9,15,940,46,A86 EXT,48.80702,2.44909,Plein jour,Hors agglomération,Hors intersection,Pluie légère,Trois véhicules et plus - en chaîne,,,,,,,,,,,1,1,1,2.0,4.0
201800043871,0018-03-19 13:05:00,18,3,19,13,5,940,46,A86 INT,48.81185,2.44887,Plein jour,Hors agglomération,Hors intersection,Normale,Autre collision,,,,,,,,,,,1,1,1,1.0,6.0
201800043872,0018-03-20 19:00:00,18,3,20,19,0,940,46,A86 INT,48.80023,2.42746,Nuit sans éclairage public,Hors agglomération,Hors intersection,Normale,Deux véhicules - arrière,,,,,,,,,,,3,1,1,1.0,2.0
201800043873,0018-03-21 08:00:00,18,3,21,8,0,940,17,A4,48.82716,2.51614,Plein jour,Hors agglomération,Hors intersection,Normale,Trois véhicules et plus - collisions multiples,,,,,,,,,,,1,1,1,1.0,5.0
201800043874,0018-03-21 17:30:00,18,3,21,17,30,940,73,A86 INT,48.7691,2.37927,Plein jour,Hors agglomération,Hors intersection,Normale,Autre collision,,,,,,,,,,,1,1,1,1.0,6.0
201800043875,0018-03-22 10:55:00,18,3,22,10,55,940,42,A4,48.8281,2.4732,Plein jour,Hors agglomération,Hors intersection,Normale,Trois véhicules et plus - collisions multiples,,,,,,,,,,,1,1,1,1.0,5.0
201800043876,0018-03-22 13:20:00,18,3,22,13,20,930,51,A4,48.83672,2.5464,Plein jour,Hors agglomération,Hors intersection,Normale,Deux véhicules - arrière,,,,,,,,,,,1,1,1,1.0,2.0
201800043877,0018-03-23 19:55:00,18,3,23,19,55,940,18,A4,48.82444,2.39416,Nuit avec éclairage allumé,Hors agglomération,Hors intersection,Pluie légère,Deux véhicules - arrière,,,,,,,,,,,5,1,1,2.0,2.0
201800043878,0018-03-24 02:10:00,18,3,24,2,10,940,79,A4,48.836,2.54116,Nuit sans éclairage public,Hors agglomération,Autre intersection,Normale,Deux véhicules - arrière,,,,,,,,,,,3,1,9,1.0,2.0
201800043879,0018-03-25 06:45:00,18,3,25,6,45,770,294,A104 - N2G,48.974,2.57909,Crépuscule ou aube,Hors agglomération,Hors intersection,Normale,Trois véhicules et plus - en chaîne,,,,,,,,,,,2,1,1,1.0,4.0
201800043880,0018-03-26 20:45:00,18,3,26,20,45,940,28,A86 INT,48.77796,2.43938,Nuit avec éclairage allumé,Hors agglomération,Hors intersection,Normale,Autre collision,,,,,,,,,,,5,1,1,1.0,6.0
201800043881,0018-03-27 09:00:00,18,3,27,9,0,940,17,A4,48.8303,2.4943,Plein jour,Hors agglomération,Hors intersection,Pluie légère,Deux véhicules - côté,,,,,,,,,,,1,1,1,2.0,3.0
201800043882,0018-03-27 19:50:00,18,3,27,19,50,770,55,A104.INT - FRANCILIENNE,48.9015,2.65075,Plein jour,Hors agglomération,Hors intersection,Pluie légère,Trois véhicules et plus - en chaîne,,,,,,,,,,,1,1,1,2.0,4.0
201800043883,0018-03-29 08:10:00,18,3,29,8,10,930,51,A4,48.83627,2.55233,Plein jour,Hors agglomération,Hors intersection,Normale,Trois véhicules et plus - collisions multiples,,,,,,,,,,,1,1,1,1.0,5.0
201800043884,0018-03-29 08:20:00,18,3,29,8,20,770,294,A104 - LA FRANCILIENNE,48.96337,2.61331,Plein jour,Hors agglomération,Hors intersection,Normale,Deux véhicules - côté,,,,,,,,,,,1,1,1,1.0,3.0
201800043885,0018-03-29 09:30:00,18,3,29,9,30,770,122,N104 - LA FRANCILIENNE,48.64782,2.60662,Plein jour,Hors agglomération,Hors intersection,Normale,Deux véhicules - côté,,,,,,,,,,,1,1,1,1.0,3.0
201800043886,0018-03-29 10:45:00,18,3,29,10,45,940,22,A86 EXT,48.77383,2.40323,Plein jour,Hors agglomération,Hors intersection,Normale,Deux véhicules - arrière,,,,,,,,,,,1,1,1,1.0,2.0
201800043887,0018-03-29 12:35:00,18,3,29,12,35,770,517,A104.EXT - FRANCILIENNE,48.9076,2.63904,Plein jour,Hors agglomération,Autre intersection,Normale,Deux véhicules - arrière,,,,,,,,,,,1,1,9,1.0,2.0
201800043888,0018-03-29 13:00:00,18,3,29,13,0,940,17,A4,48.82745,2.50811,Plein jour,Hors agglomération,Hors intersection,Normale,Trois véhicules et plus - en chaîne,,,,,,,,,,,1,1,1,1.0,4.0
201800043889,0018-03-29 17:00:00,18,3,29,17,0,770,294,A104 - LA FRANCILIENNE,48.96036,2.62017,Plein jour,Hors agglomération,Hors intersection,Normale,Deux véhicules - côté,,,,,,,,,,,1,1,1,1.0,3.0
201800043890,0018-03-30 19:40:00,18,3,30,19,40,940,18,A4,48.81837,2.41023,Plein jour,Hors agglomération,Hors intersection,Normale,Deux véhicules - côté,,,,,,,,,,,1,1,1,1.0,3.0
201800043891,0018-04-02 05:30:00,18,4,2,5,30,940,17,A86.INT,48.85243,2.48962,Nuit avec éclairage allumé,Hors agglomération,Hors intersection,Normale,Autre collision,,,,,,,,,,,5,1,1,1.0,6.0
201800043892,0018-04-03 22:50:00,18,4,3,22,50,940,22,A86 INT,48.77613,2.42725,Nuit sans éclairage public,Hors agglomération,Hors intersection,Normale,Deux véhicules - arrière,,,,,,,,,,,3,1,1,1.0,2.0
201800043893,0018-04-04 05:30:00,18,4,4,5,30,940,73,A86 INT,48.75619,2.38363,Nuit sans éclairage public,Hors agglomération,Hors intersection,Pluie légère,Autre collision,,,,,,,,,,,3,1,1,2.0,6.0
201800043894,0018-04-04 18:30:00,18,4,4,18,30,940,33,A86.EXT,48.8494,2.49058,Plein jour,Hors agglomération,Hors intersection,Normale,Deux véhicules - arrière,,,,,,,,,,,1,1,1,1.0,2.0
201800043895,0018-04-05 19:45:00,18,4,5,19,45,940,17,A4,48.82823,2.49893,Plein jour,Hors agglomération,Hors intersection,Normale,Autre collision,,,,,,,,,,,1,1,1,1.0,6.0
201800043896,0018-04-06 08:00:00,18,4,6,8,0,940,65,A86 INT,48.4621,2.2343,Plein jour,Hors agglomération,Hors intersection,Normale,Deux véhicules - côté,,,,,,,,,,,1,1,1,1.0,3.0
201800043897,0018-04-06 09:00:00,18,4,6,9,0,770,372,A104,48.87588,2.66923,Plein jour,Hors agglomération,Hors intersection,Normale,Trois véhicules et plus - en chaîne,,,,,,,,,,,1,1,1,1.0,4.0
201800043898,0018-04-06 09:15:00,18,4,6,9,15,770,258,A4.W,48.83034,2.62921,Plein jour,Hors agglomération,Hors intersection,Normale,Deux véhicules - arrière,,,,,,,,,,,1,1,1,1.0,2.0
201800043899,0018-04-06 13:30:00,18,4,6,13,30,750,112,A4,48.8203,2.4605,Plein jour,Hors agglomération,Hors intersection,Normale,Trois véhicules et plus - en chaîne,,,,,,,,,,,1,1,1,1.0,4.0
201800043900,0018-04-06 18:15:00,18,4,6,18,15,770,449,A4,48.83297,2.79136,Plein jour,Hors agglomération,Hors intersection,Normale,Deux véhicules - côté,,,,,,,,,,,1,1,1,1.0,3.0
201800043901,0018-04-08 05:30:00,18,4,8,5,30,770,175,N104 - LA FRANCILIENNE,48.67291,2.61134,Nuit sans éclairage public,Hors agglomération,Autre intersection,Pluie légère,Autre collision,,,,,,,,,,,3,1,9,2.0,6.0
201800043902,0018-04-08 18:00:00,18,4,8,18,0,940,17,A4,48.82659,2.51794,Plein jour,Hors agglomération,Hors intersection,Normale,Trois véhicules et plus - en chaîne,,,,,,,,,,,1,1,1,1.0,4.0
201800043903,0018-04-09 16:45:00,18,4,9,16,45,770,175,RN104,48.67252,2.61154,Plein jour,Hors agglomération,Hors intersection,Pluie forte,Sans collision,,,,,,,,,,,1,1,1,3.0,7.0
201800043904,0018-04-10 14:30:00,18,4,10,14,30,750,112,A4,48.4928,2.2748,Plein jour,Hors agglomération,Hors intersection,Normale,Autre collision,,,,,,,,,,,1,1,1,1.0,6.0
201800043905,0018-04-10 15:30:00,18,4,10,15,30,940,73,A86 EXT,48.7706,2.38647,Plein jour,Hors agglomération,Hors intersection,Normale,Trois véhicules et plus - en chaîne,,,,,,,,,,,1,1,1,1.0,4.0
201800043906,0018-04-11 08:30:00,18,4,11,8,30,940,18,A4,48.81782,2.41294,Plein jour,Hors agglomération,Hors intersection,Normale,Autre collision,,,,,,,,,,,1,1,1,1.0,6.0
201800043907,0018-04-11 15:48:00,18,4,11,15,48,940,69,A4,48.8173,2.4327,Plein jour,Hors agglomération,Hors intersection,Normale,Trois véhicules et plus - en chaîne,,,,,,,,,,,1,1,1,1.0,4.0
201800043908,0018-04-11 16:30:00,18,4,11,16,30,770,169,RN104.INT,48.8161,2.62223,Plein jour,Hors agglomération,Hors intersection,Normale,Deux véhicules - côté,,,,,,,,,,,1,1,1,1.0,3.0
201800043909,0018-04-11 17:15:00,18,4,11,17,15,940,73,A86 EXT,48.76541,2.37967,Plein jour,Hors agglomération,Hors intersection,Normale,Deux véhicules - arrière,,,,,,,,,,,1,1,1,1.0,2.0
201800043910,0018-04-11 20:15:00,18,4,11,20,15,770,53,N104 - LA FRANCILIENNE,48.67285,2.61134,Plein jour,Hors agglomération,Autre intersection,Normale,Deux véhicules - côté,,,,,,,,,,,1,1,9,1.0,3.0
201800043911,0018-04-12 06:30:00,18,4,12,6,30,940,73,A86 EXT,48.77669,2.37847,Plein jour,Hors agglomération,Hors intersection,Normale,Deux véhicules - arrière,,,,,,,,,,,1,1,1,1.0,2.0