accident_id,datetime,annee,mois,jour,heure,minute,departement,commune_insee,adresse,latitude,longitude,luminosite,agglomeration,intersection,meteo,collision,nb_vehicules,nb_usagers,nb_indemnes,nb_tues,nb_blesses_hosp,nb_blesses_legers,age_cond_1,age_cond_2,veh_type_cond_1,veh_type_cond_2,lum_code,agg_code,int_code,atm_code,col_code
201800043912,0018-04-12 08:00:00,18,4,12,8,0,940,17,A4,48.82654,2.51739,Plein jour,Hors agglomération,Hors intersection,Normale,Trois véhicules et plus - collisions multiples,,,,,,,,,,,1,1,1,1.0,5.0
201800043913,0018-04-12 13:05:00,18,4,12,13,5,940,18,A4,48.82282,2.39684,Plein jour,Hors agglomération,Hors intersection,Normale,Trois véhicules et plus - en chaîne,,,,,,,,,,,1,1,1,1.0,4.0
201800043914,0018-04-12 22:15:00,18,4,12,22,15,940,28,A86 INT,48.77925,2.43891,Nuit avec éclairage allumé,Hors agglomération,Hors intersection,Normale,Autre collision,,,,,,,,,,,5,1,1,1.0,6.0
201800043915,0018-04-13 09:05:00,18,4,13,9,5,940,69,A4,48.81992,2.45944,Plein jour,Hors agglomération,Hors intersection,Normale,Deux véhicules - arrière,,,,,,,,,,,1,1,1,1.0,2.0
201800043916,0018-04-13 09:30:00,18,4,13,9,30,770,363,A104 - LA FRANCILIENNE,48.9288,2.62821,Plein jour,Hors agglomération,Hors intersection,Normale,Deux véhicules - côté,,,,,,,,,,,1,1,1,1.0,3.0
201800043917,0018-04-13 10:45:00,18,4,13,10,45,940,22,A86 INT,48.7763,2.424,Plein jour,Hors agglomération,Hors intersection,Normale,Trois véhicules et plus - en chaîne,,,,,,,,,,,1,1,1,1.0,4.0
201800043918,0018-04-13 12:00:00,18,4,13,12,0,770,373,RN104,48.78312,2.61662,Plein jour,Hors agglomération,Hors intersection,Normale,Trois véhicules et plus - en chaîne,,,,,,,,,,,1,1,1,1.0,4.0
201800043919,0018-04-13 12:45:00,18,4,13,12,45,940,28,A86 EXT,48.77855,2.44271,Plein jour,Hors agglomération,Hors intersection,Normale,Autre collision,,,,,,,,,,,1,1,1,1.0,6.0
201800043920,0018-04-15 04:00:00,18,4,15,4,0,770,122,RN104,48.6475,2.58158,Nuit sans éclairage public,Hors agglomération,Hors intersection,Normale,Autre collision,,,,,,,,,,,3,1,1,1.0,6.0
201800043921,0018-04-15 05:20:00,18,4,15,5,20,940,22,A86 INT,48.76275,2.40906,Nuit sans éclairage public,Hors agglomération,Hors intersection,Normale,Deux véhicules - côté,,,,,,,,,,,3,1,1,1.0,3.0
201800043922,0018-04-15 14:45:00,18,4,15,14,45,940,58,A86.EXT,48.84788,2.49173,Plein jour,Hors agglomération,Hors intersection,Normale,Trois véhicules et plus - en chaîne,,,,,,,,,,,1,1,1,1.0,4.0
201800043923,0018-04-16 06:20:00,18,4,16,6,20,770,83,A4.W,48.8326,2.59758,Crépuscule ou aube,Hors agglomération,Hors intersection,Normale,Deux véhicules - arrière,,,,,,,,,,,2,1,1,1.0,2.0
201800043924,0018-04-16 17:05:00,18,4,16,17,5,770,363,A104,48.91912,2.63217,Plein jour,Hors agglomération,Hors intersection,Normale,Trois véhicules et plus - en chaîne,,,,,,,,,,,1,1,1,1.0,4.0
201800043925,0018-04-17 08:35:00,18,4,17,8,35,940,46,A86 EXT,48.80958,2.44905,Plein jour,Hors agglomération,Hors intersection,Normale,Deux véhicules - côté,,,,,,,,,,,1,1,1,1.0,3.0
201800043926,0018-04-17 17:05:00,18,4,17,17,5,940,18,A4,48.82123,2.39987,Plein jour,Hors agglomération,Hors intersection,Normale,Deux véhicules - côté,,,,,,,,,,,1,1,1,1.0,3.0
201800043927,0018-04-18 07:35:00,18,4,18,7,35,940,17,A4,48.82703,2.52341,Plein jour,Hors agglomération,Hors intersection,Normale,Autre collision,,,,,,,,,,,1,1,1,1.0,6.0
201800043928,0018-04-18 12:50:00,18,4,18,12,50,940,18,A4,48.8234,2.3951,Plein jour,Hors agglomération,Hors intersection,Normale,Trois véhicules et plus - en chaîne,,,,,,,,,,,1,1,1,1.0,4.0
201800043929,0018-04-18 16:00:00,18,4,18,16,0,750,112,A4,48.822,2.4623,Plein jour,Hors agglomération,Hors intersection,Normale,Deux véhicules - arrière,,,,,,,,,,,1,1,1,1.0,2.0
201800043930,0018-04-18 19:25:00,18,4,18,19,25,770,294,A104,48.97356,2.58948,Plein jour,Hors agglomération,Hors intersection,Normale,Deux véhicules - côté,,,,,,,,,,,1,1,1,1.0,3.0
201800043931,0018-04-18 22:30:00,18,4,18,22,30,930,51,A4,,,Nuit sans éclairage public,Hors agglomération,Hors intersection,Normale,Deux véhicules - arrière,,,,,,,,,,,3,1,1,1.0,2.0
201800043932,0018-04-13 20:20:00,18,4,13,20,20,940,46,A86 EXT,48.81155,2.44926,Plein jour,Hors agglomération,Hors intersection,Normale,Deux véhicules - arrière,,,,,,,,,,,1,1,1,1.0,2.0
201800043933,0018-04-19 09:45:00,18,4,19,9,45,940,17,A4,48.82902,2.5006,Plein jour,Hors agglomération,Hors intersection,Normale,Deux véhicules - arrière,,,,,,,,,,,1,1,1,1.0,2.0
201800043934,0018-04-19 21:40:00,18,4,19,21,40,940,73,A86 INT,48.75941,2.38362,Nuit avec éclairage non allumé,Hors agglomération,Hors intersection,Normale,Deux véhicules - côté,,,,,,,,,,,4,1,1,1.0,3.0
201800043935,0018-04-20 02:35:00,18,4,20,2,35,770,438,A104,48.87143,2.67064,Nuit sans éclairage public,Hors agglomération,Hors intersection,Normale,Trois véhicules et plus - collisions multiples,,,,,,,,,,,3,1,1,1.0,5.0
201800043936,0018-04-20 17:00:00,18,4,20,17,0,940,52,A86 INT,48.83406,2.49333,Plein jour,Hors agglomération,Hors intersection,Normale,Trois véhicules et plus - en chaîne,,,,,,,,,,,1,1,1,1.0,4.0
201800043937,0018-04-20 17:05:00,18,4,20,17,5,940,22,A86 INT,48.77421,2.40933,Plein jour,Hors agglomération,Hors intersection,Normale,Deux véhicules - arrière,,,,,,,,,,,1,1,1,1.0,2.0
201800043938,0018-04-20 18:00:00,18,4,20,18,0,940,17,A4,48.82671,2.51412,Plein jour,Hors agglomération,Hors intersection,Normale,Deux véhicules - arrière,,,,,,,,,,,1,1,1,1.0,2.0
201800043939,0018-04-20 22:05:00,18,4,20,22,5,770,372,A104,48.87743,2.66841,Nuit sans éclairage public,Hors agglomération,Hors intersection,Normale,Deux véhicules - côté,,,,,,,,,,,3,1,1,1.0,3.0
201800043940,0018-04-21 02:00:00,18,4,21,2,0,940,17,A4,48.82749,2.51055,Nuit avec éclairage allumé,Hors agglomération,Hors intersection,Normale,Trois véhicules et plus - en chaîne,,,,,,,,,,,5,1,1,1.0,4.0
201800043941,0018-04-21 03:00:00,18,4,21,3,0,770,169,RN104,48.8216,2.61505,Nuit sans éclairage public,Hors agglomération,Hors intersection,Normale,Sans collision,,,,,,,,,,,3,1,1,1.0,7.0
201800043942,0018-04-21 06:40:00,18,4,21,6,40,940,28,A86 INT,48.77,2.44,Plein jour,Hors agglomération,Hors intersection,Normale,Deux véhicules - arrière,,,,,,,,,,,1,1,1,1.0,2.0
201800043943,0018-04-21 17:30:00,18,4,21,17,30,940,18,A4,48.81814,2.41131,Plein jour,Hors agglomération,Hors intersection,Normale,Autre collision,,,,,,,,,,,1,1,1,1.0,6.0
201800043944,0018-04-22 06:30:00,18,4,22,6,30,930,51,A4,48.85,2.55,Crépuscule ou aube,Hors agglomération,Giratoire,Normale,Autre collision,,,,,,,,,,,2,1,6,1.0,6.0
201800043945,0018-04-22 12:45:00,18,4,22,12,45,770,146,A4 PARIS PROVINCE,48.83088,2.63758,Plein jour,Hors agglomération,Autre intersection,Normale,Sans collision,,,,,,,,,,,1,1,9,1.0,7.0
201800043946,0018-04-24 10:30:00,18,4,24,10,30,940,22,A86 INT,48.77583,2.41388,Plein jour,Hors agglomération,Hors intersection,Normale,Deux véhicules - côté,,,,,,,,,,,1,1,1,1.0,3.0
201800043947,0018-04-24 19:15:00,18,4,24,19,15,940,28,A86 EXT,48.78466,2.44042,Plein jour,Hors agglomération,Hors intersection,Normale,Deux véhicules - arrière,,,,,,,,,,,1,1,1,1.0,2.0
201800043948,0018-04-24 20:30:00,18,4,24,20,30,940,28,RN406.Y,48.77621,2.43325,Plein jour,Hors agglomération,Hors intersection,Normale,Deux véhicules - côté,,,,,,,,,,,1,1,1,1.0,3.0
201800043949,0018-04-24 22:40:00,18,4,24,22,40,940,69,A4,48.491,2.271,Nuit sans éclairage public,Hors agglomération,Hors intersection,Normale,Sans collision,,,,,,,,,,,3,1,1,1.0,7.0
201800043950,0018-04-25 11:00:00,18,4,25,11,0,940,73,A86 EXT,48.77044,2.3846,Plein jour,Hors agglomération,Hors intersection,Normale,Deux véhicules - côté,,,,,,,,,,,1,1,1,1.0,3.0
201800043951,0018-04-25 12:00:00,18,4,25,12,0,940,17,A4,48.82828,2.50352,Plein jour,Hors agglomération,Hors intersection,Normale,Deux véhicules - arrière,,,,,,,,,,,1,1,1,1.0,2.0
201800043952,0018-04-26 07:40:00,18,4,26,7,40,770,384,A5b,48.61266,2.63301,Plein jour,Hors agglomération,Hors intersection,Normale,Autre collision,,,,,,,,,,,1,1,1,1.0,6.0
201800043953,0018-04-26 10:00:00,18,4,26,10,0,940,33,A86.EXT,48.84426,2.46203,Plein jour,Hors agglomération,Hors intersection,Normale,Autre collision,,,,,,,,,,,1,1,1,1.0,6.0
201800043954,0018-04-26 13:45:00,18,4,26,13,45,940,46,A86 INT,48.8,2.42,Plein jour,Hors agglomération,Hors intersection,Normale,Trois véhicules et plus - collisions multiples,,,,,,,,,,,1,1,1,1.0,5.0
201800043955,0018-04-27 17:55:00,18,4,27,17,55,940,69,A4,48.491,2.5557,Plein jour,Hors agglomération,Hors intersection,Normale,Trois véhicules et plus - en chaîne,,,,,,,,,,,1,1,1,1.0,4.0
201800043956,0018-04-28 11:45:00,18,4,28,11,45,940,28,A86 EXT,48.80112,2.4295,Plein jour,Hors agglomération,Hors intersection,Normale,Trois véhicules et plus - en chaîne,,,,,,,,,,,1,1,1,1.0,4.0
201800043957,0018-04-28 15:50:00,18,4,28,15,50,940,28,A86 EXT,48.77388,2.43805,Plein jour,Hors agglomération,Hors intersection,Normale,Deux véhicules - arrière,,,,,,,,,,,1,1,1,1.0,2.0
201800043958,0018-04-29 03:23:00,18,4,29,3,23,770,294,A104,48.96482,2.60997,Nuit sans éclairage public,Hors agglomération,Hors intersection,Pluie légère,Deux véhicules - arrière,,,,,,,,,,,3,1,1,2.0,2.0
201800043959,0018-04-29 13:10:00,18,4,29,13,10,770,258,A4.Y,48.8299,2.62392,Plein jour,Hors agglomération,Hors intersection,Pluie légère,Autre collision,,,,,,,,,,,1,1,1,2.0,6.0
201800043960,0018-04-29 20:30:00,18,4,29,20,30,940,17,A4,48.8284,2.5025,Crépuscule ou aube,Hors agglomération,Hors intersection,Pluie légère,Deux véhicules - arrière,,,,,,,,,,,2,1,1,2.0,2.0
201800043961,0018-05-01 07:30:00,18,5,1,7,30,770,237,A4,48.83159,2.7717,Plein jour,Hors agglomération,Hors intersection,Normale,Deux véhicules - arrière,,,,,,,,,,,1,1,1,1.0,2.0
201800043962,0018-05-01 19:00:00,18,5,1,19,0,940,15,A4,48.83141,2.52967,Plein jour,Hors agglomération,Hors intersection,Normale,Sans collision,,,,,,,,,,,1,1,1,1.0,7.0
201800043963,0018-05-02 12:38:00,18,5,2,12,38,770,373,N104 - LA FRANCILIENNE,48.76678,2.61366,Plein jour,Hors agglomération,Hors intersection,Normale,Trois véhicules et plus - collisions multiples,,,,,,,,,,,1,1,1,1.0,5.0
201800043964,0018-05-02 13:50:00,18,5,2,13,50,940,17,A4,48.81334,2.5079,Plein jour,Hors agglomération,Hors intersection,Normale,Deux véhicules - côté,,,,,,,,,,,1,1,1,1.0,3.0
201800043965,0018-05-03 14:45:00,18,5,3,14,45,940,65,A86 EXT,48.75398,2.35164,Plein jour,Hors agglomération,Hors intersection,Normale,Deux véhicules - arrière,,,,,,,,,,,1,1,1,1.0,2.0
201800043966,0018-05-03 17:05:00,18,5,3,17,5,940,18,A4,48.81764,2.41542,Plein jour,Hors agglomération,Hors intersection,Normale,Trois véhicules et plus - en chaîne,,,,,,,,,,,1,1,1,1.0,4.0
201800043967,0018-05-04 08:45:00,18,5,4,8,45,930,51,A4,48.8488,2.55289,Plein jour,Hors agglomération,Hors intersection,Normale,Autre collision,,,,,,,,,,,1,1,1,1.0,6.0
201800043968,0018-05-04 13:05:00,18,5,4,13,5,940,28,A86 EXT,48.77639,2.43633,Plein jour,Hors agglomération,Hors intersection,Normale,Deux véhicules - côté,,,,,,,,,,,1,1,1,1.0,3.0
201800043969,0018-05-04 16:30:00,18,5,4,16,30,940,28,A86 INT,48.78932,2.44022,Plein jour,Hors agglomération,Hors intersection,Normale,Deux véhicules - arrière,,,,,,,,,,,1,1,1,1.0,2.0
201800043970,0018-05-04 19:05:00,18,5,4,19,5,940,15,A4,48.83421,2.53676,Plein jour,Hors agglomération,Hors intersection,Normale,Trois véhicules et plus - en chaîne,,,,,,,,,,,1,1,1,1.0,4.0
201800043971,0018-05-04 21:50:00,18,5,4,21,50,770,517,A104,48.8986,2.6577,Nuit sans éclairage public,Hors agglomération,Hors intersection,Normale,Sans collision,,,,,,,,,,,3,1,1,1.0,7.0
201800043972,0018-05-05 06:50:00,18,5,5,6,50,770,337,A4,48.82992,2.61572,Plein jour,Hors agglomération,Hors intersection,Normale,Autre collision,,,,,,,,,,,1,1,1,1.0,6.0
201800043973,0018-05-05 12:20:00,18,5,5,12,20,940,52,A86.EXT,48.84484,2.49255,Plein jour,Hors agglomération,Hors intersection,Normale,Trois véhicules et plus - en chaîne,,,,,,,,,,,1,1,1,1.0,4.0
201800043974,0018-05-05 23:45:00,18,5,5,23,45,770,237,A4 - PROVINCE PARIS,48.83037,2.75376,Nuit sans éclairage public,Hors agglomération,Hors intersection,Normale,Sans collision,,,,,,,,,,,3,1,1,1.0,7.0
201800043975,0018-05-06 11:00:00,18,5,6,11,0,770,169,A4.Y,48.83151,2.60234,Plein jour,Hors agglomération,Hors intersection,Normale,Deux véhicules - côté,,,,,,,,,,,1,1,1,1.0,3.0
201800043976,0018-05-06 15:00:00,18,5,6,15,0,770,53,RN104,48.68695,2.59704,Plein jour,Hors agglomération,Hors intersection,Normale,Deux véhicules - arrière,,,,,,,,,,,1,1,1,1.0,2.0
201800043977,0018-05-08 12:15:00,18,5,8,12,15,940,52,A86 INT,48.84145,2.49299,Plein jour,Hors agglomération,Hors intersection,Temps éblouissant,Trois véhicules et plus - en chaîne,,,,,,,,,,,1,1,1,7.0,4.0
201800043978,0018-05-09 16:15:00,18,5,9,16,15,750,112,A4,48.82526,2.46407,Plein jour,Hors agglomération,Hors intersection,Normale,Autre collision,,,,,,,,,,,1,1,1,1.0,6.0
201800043979,0018-05-09 16:30:00,18,5,9,16,30,770,169,A4.Y,48.83027,2.6097,Plein jour,Hors agglomération,Autre intersection,Normale,Autre collision,,,,,,,,,,,1,1,9,1.0,6.0
201800043980,0018-05-09 18:34:00,18,5,9,18,34,770,146,A4.Y,48.8323,2.6567,Plein jour,Hors agglomération,Hors intersection,Normale,Autre collision,,,,,,,,,,,1,1,1,1.0,6.0
201800043981,0018-05-09 18:43:00,18,5,9,18,43,770,121,A104,48.83849,2.66433,Plein jour,Hors agglomération,Hors intersection,Normale,Autre collision,,,,,,,,,,,1,1,1,1.0,6.0
201800043982,0018-05-11 17:20:00,18,5,11,17,20,770,373,RN104,48.77053,2.61227,Plein jour,Hors agglomération,Hors intersection,Normale,Deux véhicules - arrière,,,,,,,,,,,1,1,1,1.0,2.0
201800043983,0018-05-12 10:40:00,18,5,12,10,40,940,28,A86 INT,48.78253,2.43566,Plein jour,Hors agglomération,Hors intersection,Normale,Autre collision,,,,,,,,,,,1,1,1,1.0,6.0
201800043984,0018-05-12 11:50:00,18,5,12,11,50,940,18,A4,48.82468,2.3937,Plein jour,Hors agglomération,Hors intersection,Normale,Deux véhicules - côté,,,,,,,,,,,1,1,1,1.0,3.0
201800043985,0018-05-14 08:00:00,18,5,14,8,0,770,83,A4.W,48.83367,2.59198,Plein jour,Hors agglomération,Hors intersection,Pluie forte,Deux véhicules - arrière,,,,,,,,,,,1,1,1,3.0,2.0
201800043986,0018-05-14 15:00:00,18,5,14,15,0,770,53,N104 - LA FRANCILIENNE,48.67723,2.60952,Plein jour,Hors agglomération,Hors intersection,Pluie légère,Deux véhicules - arrière,,,,,,,,,,,1,1,1,2.0,2.0
201800043987,0018-05-16 06:00:00,18,5,16,6,0,940,17,A4,48.82671,2.52249,Crépuscule ou aube,Hors agglomération,Hors intersection,Normale,Deux véhicules - arrière,,,,,,,,,,,2,1,1,1.0,2.0
201800043988,0018-05-17 13:42:00,18,5,17,13,42,940,52,A4,48.82611,2.4652,Plein jour,Hors agglomération,Hors intersection,Normale,Deux véhicules - arrière,,,,,,,,,,,1,1,1,1.0,2.0
201800043989,0018-05-17 15:36:00,18,5,17,15,36,940,73,A86 EXT,48.77155,2.39168,Plein jour,Hors agglomération,Hors intersection,Normale,Deux véhicules - côté,,,,,,,,,,,1,1,1,1.0,3.0
201800043990,0018-05-18 08:45:00,18,5,18,8,45,940,17,A4,48.82737,2.5076,Plein jour,Hors agglomération,Hors intersection,Normale,Autre collision,,,,,,,,,,,1,1,1,1.0,6.0
201800043991,0018-05-18 10:00:00,18,5,18,10,0,770,294,A104,48.97457,2.58721,Plein jour,Hors agglomération,Autre intersection,Normale,Trois véhicules et plus - en chaîne,,,,,,,,,,,1,1,9,1.0,4.0
201800043992,0018-05-18 15:00:00,18,5,18,15,0,940,33,A86.INT,48.84941,2.49069,Plein jour,Hors agglomération,Hors intersection,Normale,Trois véhicules et plus - en chaîne,,,,,,,,,,,1,1,1,1.0,4.0
201800043993,0018-05-18 16:20:00,18,5,18,16,20,770,450,RN104 X BRET.N19,48.71024,2.59914,Plein jour,Hors agglomération,Autre intersection,Normale,Trois véhicules et plus - en chaîne,,,,,,,,,,,1,1,9,1.0,4.0
201800043994,0018-05-18 17:00:00,18,5,18,17,0,940,42,A4,48.82789,2.47225,Plein jour,Hors agglomération,Hors intersection,Normale,Trois véhicules et plus - collisions multiples,,,,,,,,,,,1,1,1,1.0,5.0
201800043995,0018-05-18 18:10:00,18,5,18,18,10,940,73,A86 INT,48.76149,2.38199,Plein jour,Hors agglomération,Hors intersection,Normale,Deux véhicules - arrière,,,,,,,,,,,1,1,1,1.0,2.0
201800043996,0018-05-18 18:40:00,18,5,18,18,40,940,42,A4,48.82826,2.47538,Plein jour,Hors agglomération,Hors intersection,Normale,Trois véhicules et plus - en chaîne,,,,,,,,,,,1,1,1,1.0,4.0
201800043997,0018-05-18 18:30:00,18,5,18,18,30,940,74,RN406.Y,48.76495,2.46048,Plein jour,Hors agglomération,Hors intersection,Normale,Deux véhicules - côté,,,,,,,,,,,1,1,1,1.0,3.0
201800043998,0018-05-19 06:35:00,18,5,19,6,35,770,249,N104 - LA FRANCILIENNE,48.74706,2.6139,Crépuscule ou aube,Hors agglomération,Autre intersection,Normale,Deux véhicules - côté,,,,,,,,,,,2,1,9,1.0,3.0
201800043999,0018-05-19 10:20:00,18,5,19,10,20,940,52,A86 INT,48.84263,2.49049,Plein jour,Hors agglomération,Hors intersection,Normale,Trois véhicules et plus - en chaîne,,,,,,,,,,,1,1,1,1.0,4.0
201800044000,0018-05-20 21:55:00,18,5,20,21,55,940,46,A86 EXT,48.81277,2.44916,Nuit sans éclairage public,Hors agglomération,Hors intersection,Normale,Deux véhicules - côté,,,,,,,,,,,3,1,1,1.0,3.0
201800044001,0018-05-21 20:45:00,18,5,21,20,45,750,112,A86 EXT,,,Plein jour,Hors agglomération,Hors intersection,Normale,Deux véhicules - arrière,,,,,,,,,,,1,1,1,1.0,2.0
201800044002,0018-05-22 00:01:00,18,5,22,0,1,770,337,BRET. A4 PARIS-N104 SUD,48.82844,2.61657,Nuit sans éclairage public,Hors agglomération,Hors intersection,Normale,Sans collision,,,,,,,,,,,3,1,1,1.0,7.0
201800044003,0018-05-22 08:00:00,18,5,22,8,0,940,17,A4,48.82671,2.5224,Plein jour,Hors agglomération,Hors intersection,Normale,Trois véhicules et plus - en chaîne,,,,,,,,,,,1,1,1,1.0,4.0
201800044004,0018-05-22 19:00:00,18,5,22,19,0,940,11,RN406.Y,48.75871,2.48257,Plein jour,Hors agglomération,Hors intersection,Normale,Deux véhicules - arrière,,,,,,,,,,,1,1,1,1.0,2.0
201800044005,0018-05-22 19:55:00,18,5,22,19,55,770,294,A104 X N2 BIFURCATION,48.97367,2.57857,Plein jour,Hors agglomération,Autre intersection,Pluie légère,Autre collision,,,,,,,,,,,1,1,9,2.0,6.0
201800044006,0018-05-23 14:20:00,18,5,23,14,20,940,17,A4,48.826,2.5232,Plein jour,Hors agglomération,Hors intersection,Normale,Deux véhicules - arrière,,,,,,,,,,,1,1,1,1.0,2.0
201800044007,0018-05-24 07:30:00,18,5,24,7,30,930,51,A4,48.83665,2.54685,Plein jour,Hors agglomération,Hors intersection,Normale,Deux véhicules - arrière,,,,,,,,,,,1,1,1,1.0,2.0
201800044008,0018-05-24 08:30:00,18,5,24,8,30,770,384,A5b,48.60807,2.63307,Plein jour,Hors agglomération,Hors intersection,Normale,Trois véhicules et plus - collisions multiples,,,,,,,,,,,1,1,1,1.0,5.0
201800044009,0018-05-24 10:40:00,18,5,24,10,40,940,52,A86.EXT,48.84072,2.49344,Plein jour,Hors agglomération,Hors intersection,Autre,Trois véhicules et plus - en chaîne,,,,,,,,,,,1,1,1,9.0,4.0
201800044010,0018-05-25 13:40:00,18,5,25,13,40,770,294,A104 - BRET.  INSERTION,48.97285,2.57637,Plein jour,Hors agglomération,Autre intersection,Normale,Deux véhicules - côté,,,,,,,,,,,1,1,9,1.0,3.0
201800044011,0018-05-25 17:45:00,18,5,25,17,45,770,121,A4,48.83139,2.68091,Plein jour,Hors agglomération,Hors intersection,Normale,Autre collision,,,,,,,,,,,1,1,1,1.0,6.0
201800044012,0018-05-26 01:00:00,18,5,26,1,0,770,337,RN104,48.82666,2.61666,Nuit sans éclairage public,Hors agglomération,Autre intersection,Pluie forte,Autre collision,,,,,,,,,,,3,1,9,3.0,6.0
201800044013,0018-05-29 07:55:00,18,5,29,7,55,770,372,A104,48.87568,2.66923,Plein jour,Hors agglomération,Hors intersection,Normale,Trois véhicules et plus - en chaîne,,,,,,,,,,,1,1,1,1.0,4.0
201800044014,0018-05-29 08:25:00,18,5,29,8,25,770,121,A104,48.83313,2.66595,Plein jour,Hors agglomération,Hors intersection,Normale,Autre collision,,,,,,,,,,,1,1,1,1.0,6.0
201800044015,0018-05-29 09:45:00,18,5,29,9,45,940,17,A4,48.82711,2.52307,Plein jour,Hors agglomération,Hors intersection,Normale,Deux véhicules - arrière,,,,,,,,,,,1,1,1,1.0,2.0
201800044016,0018-05-29 15:30:00,18,5,29,15,30,940,11,RN406.W,48.76046,2.48775,Plein jour,Hors agglomération,Hors intersection,Normale,Sans collision,,,,,,,,,,,1,1,1,1.0,7.0
201800044017,0018-05-29 16:15:00,18,5,29,16,15,770,363,A104,48.91394,2.63496,Plein jour,Hors agglomération,Hors intersection,Normale,Autre collision,,,,,,,,,,,1,1,1,1.0,6.0
201800044018,0018-05-29 23:55:00,18,5,29,23,55,770,372,A104,48.89036,2.66753,Nuit sans éclairage public,Hors agglomération,Hors intersection,Pluie légère,Sans collision,,,,,,,,,,,3,1,1,2.0,7.0
201800044019,0018-05-31 10:42:00,18,5,31,10,42,770,514,A104,48.93274,2.62798,Plein jour,Hors agglomération,Hors intersection,Normale,Trois véhicules et plus - collisions multiples,,,,,,,,,,,1,1,1,1.0,5.0
201800044020,0018-05-31 17:35:00,18,5,31,17,35,770,363,A104,48.92228,2.63051,Plein jour,Hors agglomération,Hors intersection,Normale,Deux véhicules - côté,,,,,,,,,,,1,1,1,1.0,3.0
201800044021,0018-06-01 07:15:00,18,6,1,7,15,940,18,A4,48.81942,2.40512,Plein jour,Hors agglomération,Hors intersection,Normale,Deux véhicules - arrière,,,,,,,,,,,1,1,1,1.0,2.0
201800044022,0018-06-01 08:40:00,18,6,1,8,40,770,438,A104,48.87387,2.66962,Plein jour,Hors agglomération,Hors intersection,Normale,Deux véhicules - arrière,,,,,,,,,,,1,1,1,1.0,2.0
201800044023,0018-06-01 18:20:00,18,6,1,18,20,770,175,RN104,48.66416,2.61344,Plein jour,Hors agglomération,Hors intersection,Normale,Deux véhicules - arrière,,,,,,,,,,,1,1,1,1.0,2.0
201800044024,0018-06-01 19:00:00,18,6,1,19,0,940,22,A86 EXT,48.77421,2.40786,Plein jour,Hors agglomération,Autre intersection,Pluie légère,Trois véhicules et plus - en chaîne,,,,,,,,,,,1,1,9,2.0,4.0
201800044025,0018-06-02 14:30:00,18,6,2,14,30,940,22,A86 INT,48.77666,2.41872,Plein jour,Hors agglomération,Hors intersection,Normale,Deux véhicules - arrière,,,,,,,,,,,1,1,1,1.0,2.0
201800044026,0018-06-03 01:00:00,18,6,3,1,0,770,169,RN104,48.81601,2.62329,Nuit sans éclairage public,Hors agglomération,Hors intersection,Normale,Deux véhicules - frontale,,,,,,,,,,,3,1,1,1.0,1.0
201800044027,0018-06-04 09:15:00,18,6,4,9,15,770,363,A104,48.9131,2.6354,Plein jour,Hors agglomération,Hors intersection,Normale,Trois véhicules et plus - en chaîne,,,,,,,,,,,1,1,1,1.0,4.0
201800044028,0018-06-04 15:40:00,18,6,4,15,40,770,249,RN104,48.7535,2.61487,Plein jour,Hors agglomération,Hors intersection,Normale,Sans collision,,,,,,,,,,,1,1,1,1.0,7.0
201800044029,0018-06-04 19:40:00,18,6,4,19,40,940,18,A4,48.8248,2.39215,Plein jour,Hors agglomération,Hors intersection,Normale,Trois véhicules et plus - en chaîne,,,,,,,,,,,1,1,1,1.0,4.0
201800044030,0018-06-04 22:38:00,18,6,4,22,38,940,73,A86 INT,48.75333,2.37805,Nuit sans éclairage public,Hors agglomération,Hors intersection,Normale,Sans collision,,,,,,,,,,,3,1,1,1.0,7.0
201800044031,0018-06-05 15:30:00,18,6,5,15,30,750,112,A4,48.82258,2.46306,Plein jour,Hors agglomération,Hors intersection,Normale,Autre collision,,,,,,,,,,,1,1,1,1.0,6.0
201800044032,0018-06-05 15:25:00,18,6,5,15,25,770,514,A104,48.93183,2.6288,Plein jour,Hors agglomération,Hors intersection,Temps couvert,Deux véhicules - arrière,,,,,,,,,,,1,1,1,8.0,2.0
201800044033,0018-06-06 07:13:00,18,6,6,7,13,940,15,A4,48.83167,2.53176,Plein jour,Hors agglomération,Hors intersection,Pluie légère,Deux véhicules - côté,,,,,,,,,,,1,1,1,2.0,3.0
201800044034,0018-06-06 06:50:00,18,6,6,6,50,770,438,A104,48.8541,2.6632,Crépuscule ou aube,Hors agglomération,Hors intersection,Pluie forte,Autre collision,,,,,,,,,,,2,1,1,3.0,6.0
201800044035,0018-06-06 08:45:00,18,6,6,8,45,770,122,RN104,48.64874,2.60869,Plein jour,Hors agglomération,Hors intersection,Pluie légère,Autre collision,,,,,,,,,,,1,1,1,2.0,6.0
201800044036,0018-06-07 07:00:00,18,6,7,7,0,770,373,RN104,48.76952,2.6127,Plein jour,Hors agglomération,Hors intersection,Temps couvert,Deux véhicules - arrière,,,,,,,,,,,1,1,1,8.0,2.0
201800044037,0018-06-07 19:20:00,18,6,7,19,20,940,58,A86.EXT,48.84103,2.50381,Nuit avec éclairage allumé,Hors agglomération,Hors intersection,Normale,Trois véhicules et plus - collisions multiples,,,,,,,,,,,5,1,1,1.0,5.0
201800044038,0018-06-08 09:15:00,18,6,8,9,15,940,46,A86 EXT,48.8063,2.4486,Plein jour,Hors agglomération,Autre intersection,Normale,Deux véhicules - arrière,,,,,,,,,,,1,1,9,1.0,2.0