accident_id,datetime,annee,mois,jour,heure,minute,departement,commune_insee,adresse,latitude,longitude,luminosite,agglomeration,intersection,meteo,collision,nb_vehicules,nb_usagers,nb_indemnes,nb_tues,nb_blesses_hosp,nb_blesses_legers,age_cond_1,age_cond_2,veh_type_cond_1,veh_type_cond_2,lum_code,agg_code,int_code,atm_code,col_code
201800044039,0018-06-08 10:15:00,18,6,8,10,15,770,390,RN104,48.8043,2.62781,Plein jour,Hors agglomération,Hors intersection,Normale,Trois véhicules et plus - collisions multiples,,,,,,,,,,,1,1,1,1.0,5.0
201800044040,0018-06-08 12:00:00,18,6,8,12,0,940,28,A86 EXT,48.7838,2.4406,Plein jour,Hors agglomération,Hors intersection,Normale,Deux véhicules - arrière,,,,,,,,,,,1,1,1,1.0,2.0
201800044041,0018-06-08 16:30:00,18,6,8,16,30,940,17,A4,48.83009,2.49611,Plein jour,Hors agglomération,Hors intersection,Normale,Trois véhicules et plus - collisions multiples,,,,,,,,,,,1,1,1,1.0,5.0
201800044042,0018-06-08 17:00:00,18,6,8,17,0,940,11,RN406.Y,48.75997,2.48616,Plein jour,Hors agglomération,Hors intersection,Normale,Deux véhicules - arrière,,,,,,,,,,,1,1,1,1.0,2.0
201800044043,0018-06-08 18:30:00,18,6,8,18,30,930,51,A4,48.83647,2.55071,Plein jour,Hors agglomération,Hors intersection,Normale,Deux véhicules - arrière,,,,,,,,,,,1,1,1,1.0,2.0
201800044044,0018-06-08 19:30:00,18,6,8,19,30,770,294,A104 - LA FRANCILIENNE,48.96121,2.61775,Plein jour,Hors agglomération,Hors intersection,Normale,Deux véhicules - côté,,,,,,,,,,,1,1,1,1.0,3.0
201800044045,0018-06-09 16:30:00,18,6,9,16,30,770,294,A104 - LA FRANCILIENNE,48.96741,2.60394,Plein jour,Hors agglomération,Hors intersection,Normale,Deux véhicules - arrière,,,,,,,,,,,1,1,1,1.0,2.0
201800044046,0018-06-09 19:05:00,18,6,9,19,5,940,17,A4,48.83038,2.49216,Plein jour,Hors agglomération,Hors intersection,Normale,Deux véhicules - côté,,,,,,,,,,,1,1,1,1.0,3.0
201800044047,0018-06-11 01:39:00,18,6,11,1,39,940,73,A86 INT,48.77194,2.39166,Nuit avec éclairage allumé,Hors agglomération,Hors intersection,Temps couvert,Deux véhicules - arrière,,,,,,,,,,,5,1,1,8.0,2.0
201800044048,0018-06-11 01:55:00,18,6,11,1,55,770,121,A104,48.83504,2.66531,Nuit sans éclairage public,Hors agglomération,Autre intersection,Pluie légère,Autre collision,,,,,,,,,,,3,1,9,2.0,6.0
201800044049,0018-06-12 05:30:00,18,6,12,5,30,770,146,RN104.EXT,48.814,2.62967,Nuit sans éclairage public,Hors agglomération,Hors intersection,Pluie forte,Autre collision,,,,,,,,,,,3,1,1,3.0,6.0
201800044050,0018-06-12 10:50:00,18,6,12,10,50,770,258,A4.Y,48.82983,2.62266,Plein jour,Hors agglomération,Hors intersection,Normale,Trois véhicules et plus - en chaîne,,,,,,,,,,,1,1,1,1.0,4.0
201800044051,0018-06-12 13:50:00,18,6,12,13,50,770,146,A4.Y,48.83196,2.65108,Plein jour,Hors agglomération,Hors intersection,Normale,Trois véhicules et plus - en chaîne,,,,,,,,,,,1,1,1,1.0,4.0
201800044052,0018-06-12 17:30:00,18,6,12,17,30,940,28,A86 EXT,48.7811,2.4409,Plein jour,Hors agglomération,Hors intersection,Normale,Deux véhicules - arrière,,,,,,,,,,,1,1,1,1.0,2.0
201800044053,0018-06-12 21:10:00,18,6,12,21,10,770,146,A4.Y,48.83223,2.65649,Plein jour,Hors agglomération,Hors intersection,Normale,Trois véhicules et plus - en chaîne,,,,,,,,,,,1,1,1,1.0,4.0
201800044054,0018-06-13 00:20:00,18,6,13,0,20,750,112,A4,48.81821,2.45716,Nuit avec éclairage allumé,Hors agglomération,Hors intersection,Normale,Deux véhicules - arrière,,,,,,,,,,,5,1,1,1.0,2.0
201800044055,0018-06-13 19:20:00,18,6,13,19,20,940,52,A86 INT,48.83949,2.49122,Plein jour,Hors agglomération,Hors intersection,Normale,Trois véhicules et plus - en chaîne,,,,,,,,,,,1,1,1,1.0,4.0
201800044056,0018-06-14 09:00:00,18,6,14,9,0,940,42,A4,48.8271,2.4681,Plein jour,Hors agglomération,Hors intersection,Normale,Trois véhicules et plus - en chaîne,,,,,,,,,,,1,1,1,1.0,4.0
201800044057,0018-06-14 09:20:00,18,6,14,9,20,940,73,A86 INT,48.7714,2.3921,Plein jour,Hors agglomération,Hors intersection,Normale,Deux véhicules - côté,,,,,,,,,,,1,1,1,1.0,3.0
201800044058,0018-06-14 09:10:00,18,6,14,9,10,770,249,RN104,48.75762,2.61558,Plein jour,Hors agglomération,Hors intersection,Normale,Trois véhicules et plus - collisions multiples,,,,,,,,,,,1,1,1,1.0,5.0
201800044059,0018-06-14 09:45:00,18,6,14,9,45,770,122,RN104,48.6462,2.55684,Plein jour,Hors agglomération,Hors intersection,Normale,Trois véhicules et plus - en chaîne,,,,,,,,,,,1,1,1,1.0,4.0
201800044060,0018-06-14 18:15:00,18,6,14,18,15,940,15,A4,48.82945,2.5287,Plein jour,Hors agglomération,Hors intersection,Normale,Trois véhicules et plus - en chaîne,,,,,,,,,,,1,1,1,1.0,4.0
201800044061,0018-06-16 08:00:00,18,6,16,8,0,770,175,RN104,48.66341,2.61336,Plein jour,Hors agglomération,Hors intersection,Normale,Autre collision,,,,,,,,,,,1,1,1,1.0,6.0
201800044062,0018-06-18 18:30:00,18,6,18,18,30,930,51,A 4,48.84875,2.5534,Plein jour,Hors agglomération,Hors intersection,Normale,Deux véhicules - arrière,,,,,,,,,,,1,1,1,1.0,2.0
201800044063,0018-06-19 08:10:00,18,6,19,8,10,940,28,RN406.W,48.7806,2.44162,Plein jour,Hors agglomération,Hors intersection,Normale,Deux véhicules - arrière,,,,,,,,,,,1,1,1,1.0,2.0
201800044064,0018-06-20 11:00:00,18,6,20,11,0,770,438,A104,48.86116,2.66709,Plein jour,Hors agglomération,Hors intersection,Normale,Deux véhicules - arrière,,,,,,,,,,,1,1,1,1.0,2.0
201800044065,0018-06-20 20:08:00,18,6,20,20,8,770,18,A4,48.83689,2.81113,Plein jour,Hors agglomération,Hors intersection,Normale,Sans collision,,,,,,,,,,,1,1,1,1.0,7.0
201800044066,0018-06-21 18:30:00,18,6,21,18,30,750,112,A4,,,Plein jour,Hors agglomération,Hors intersection,Normale,Deux véhicules - arrière,,,,,,,,,,,1,1,1,1.0,2.0
201800044067,0018-06-22 08:00:00,18,6,22,8,0,770,121,A4,48.83216,2.66725,Plein jour,Hors agglomération,Hors intersection,Normale,Deux véhicules - arrière,,,,,,,,,,,1,1,1,1.0,2.0
201800044068,0018-06-22 09:15:00,18,6,22,9,15,940,52,A86 INT,48.84675,2.49163,Plein jour,Hors agglomération,Hors intersection,Normale,Deux véhicules - arrière,,,,,,,,,,,1,1,1,1.0,2.0
201800044069,0018-06-22 13:45:00,18,6,22,13,45,770,258,A4.W,48.83171,2.64566,Plein jour,Hors agglomération,Autre intersection,Normale,Deux véhicules - arrière,,,,,,,,,,,1,1,9,1.0,2.0
201800044070,0018-06-22 14:20:00,18,6,22,14,20,770,146,A4.Y,48.83208,2.65244,Plein jour,Hors agglomération,Autre intersection,Normale,Deux véhicules - arrière,,,,,,,,,,,1,1,9,1.0,2.0
201800044071,0018-06-22 17:50:00,18,6,22,17,50,770,146,A4.Y,48.83174,2.64839,Plein jour,Hors agglomération,Autre intersection,Normale,Autre collision,,,,,,,,,,,1,1,9,1.0,6.0
201800044072,0018-06-22 19:40:00,18,6,22,19,40,770,514,A104 - LA FRANCILIENNE,48.94847,2.6289,Plein jour,Hors agglomération,Hors intersection,Normale,Trois véhicules et plus - en chaîne,,,,,,,,,,,1,1,1,1.0,4.0
201800044073,0018-06-23 00:35:00,18,6,23,0,35,940,69,A4,48.4845,2.2603,Nuit avec éclairage allumé,Hors agglomération,Hors intersection,Normale,Autre collision,,,,,,,,,,,5,1,1,1.0,6.0
201800044074,0018-06-23 02:00:00,18,6,23,2,0,750,112,A4,48.82485,2.46363,Nuit avec éclairage allumé,Hors agglomération,Hors intersection,Normale,Autre collision,,,,,,,,,,,5,1,1,1.0,6.0
201800044075,0018-06-23 11:00:00,18,6,23,11,0,940,52,A86 INT,48.84411,2.49294,Plein jour,Hors agglomération,Hors intersection,Normale,Trois véhicules et plus - en chaîne,,,,,,,,,,,1,1,1,1.0,4.0
201800044076,0018-06-24 05:35:00,18,6,24,5,35,930,51,A4,48.83465,2.58066,Crépuscule ou aube,Hors agglomération,Hors intersection,Normale,Autre collision,,,,,,,,,,,2,1,1,1.0,6.0
201800044077,0018-06-24 18:40:00,18,6,24,18,40,770,121,A4,48.83207,2.67141,Plein jour,Hors agglomération,Autre intersection,Normale,Trois véhicules et plus - en chaîne,,,,,,,,,,,1,1,9,1.0,4.0
201800044078,0018-06-25 18:10:00,18,6,25,18,10,940,69,A4,48.8174,2.4209,Plein jour,Hors agglomération,Hors intersection,Normale,Deux véhicules - arrière,,,,,,,,,,,1,1,1,1.0,2.0
201800044079,0018-06-27 13:00:00,18,6,27,13,0,940,28,A86 EXT,48.78965,2.44046,Plein jour,Hors agglomération,Hors intersection,Normale,Deux véhicules - côté,,,,,,,,,,,1,1,1,1.0,3.0
201800044080,0018-06-27 15:40:00,18,6,27,15,40,940,22,A86 EXT,48.7765,2.41998,Plein jour,Hors agglomération,Hors intersection,Normale,Trois véhicules et plus - en chaîne,,,,,,,,,,,1,1,1,1.0,4.0
201800044081,0018-06-27 20:10:00,18,6,27,20,10,770,258,A4.W,48.83161,2.64459,Plein jour,Hors agglomération,Hors intersection,Normale,Trois véhicules et plus - en chaîne,,,,,,,,,,,1,1,1,1.0,4.0
201800044082,0018-06-28 07:45:00,18,6,28,7,45,940,69,A86 EXT,48.80838,2.44905,Plein jour,Hors agglomération,Hors intersection,Normale,Trois véhicules et plus - en chaîne,,,,,,,,,,,1,1,1,1.0,4.0
201800044083,0018-06-28 12:22:00,18,6,28,12,22,770,294,A104,48.97414,2.57977,Plein jour,Hors agglomération,Autre intersection,Normale,Deux véhicules - arrière,,,,,,,,,,,1,1,9,1.0,2.0
201800044084,0018-06-28 23:00:00,18,6,28,23,0,770,169,A4.Y,48.83152,2.60235,Nuit sans éclairage public,Hors agglomération,Autre intersection,Normale,Deux véhicules - arrière,,,,,,,,,,,3,1,9,1.0,2.0
201800044085,0018-06-29 09:00:00,18,6,29,9,0,940,33,A86.EXT,48.84466,2.49223,Plein jour,Hors agglomération,Hors intersection,Normale,Deux véhicules - arrière,,,,,,,,,,,1,1,1,1.0,2.0
201800044086,0018-06-29 11:15:00,18,6,29,11,15,940,17,A4,48.82656,2.51731,Plein jour,Hors agglomération,Hors intersection,Normale,Trois véhicules et plus - collisions multiples,,,,,,,,,,,1,1,1,1.0,5.0
201800044087,0018-06-30 02:40:00,18,6,30,2,40,770,294,A104,48.96266,2.61434,Nuit sans éclairage public,Hors agglomération,Hors intersection,Normale,Deux véhicules - arrière,,,,,,,,,,,3,1,1,1.0,2.0
201800044088,0018-06-30 10:10:00,18,6,30,10,10,930,51,A4,48.8359,2.559,Plein jour,Hors agglomération,Hors intersection,Normale,Deux véhicules - arrière,,,,,,,,,,,1,1,1,1.0,2.0
201800044089,0018-06-30 15:15:00,18,6,30,15,15,940,65,A86 EXT,48.75098,2.32955,Plein jour,Hors agglomération,Hors intersection,Normale,Autre collision,,,,,,,,,,,1,1,1,1.0,6.0
201800044090,0018-06-30 02:15:00,18,6,30,2,15,770,58,A4,48.83061,2.69581,Nuit avec éclairage non allumé,Hors agglomération,Hors intersection,Normale,Deux véhicules - arrière,,,,,,,,,,,4,1,1,1.0,2.0
201800044091,0018-07-02 22:50:00,18,7,2,22,50,940,46,A86 EXT,48.8297,2.44075,Nuit sans éclairage public,Hors agglomération,Hors intersection,Normale,Deux véhicules - côté,,,,,,,,,,,3,1,1,1.0,3.0
201800044092,0018-07-03 07:53:00,18,7,3,7,53,940,28,A86 EXT,48.79847,2.44505,Plein jour,Hors agglomération,Hors intersection,Normale,Trois véhicules et plus - en chaîne,,,,,,,,,,,1,1,1,1.0,4.0
201800044093,0018-07-02 20:10:00,18,7,2,20,10,940,18,A4,48.81713,2.42515,Plein jour,Hors agglomération,Hors intersection,Normale,Autre collision,,,,,,,,,,,1,1,1,1.0,6.0
201800044094,0018-07-03 12:50:00,18,7,3,12,50,770,373,RN104,48.77538,2.61233,Plein jour,Hors agglomération,Hors intersection,Normale,Trois véhicules et plus - collisions multiples,,,,,,,,,,,1,1,1,1.0,5.0
201800044095,0018-07-03 16:45:00,18,7,3,16,45,770,249,RN104,48.73265,2.60983,Plein jour,Hors agglomération,Hors intersection,Normale,Sans collision,,,,,,,,,,,1,1,1,1.0,7.0
201800044096,0018-07-04 00:58:00,18,7,4,0,58,770,438,A104,48.85709,2.66499,Nuit sans éclairage public,Hors agglomération,Hors intersection,Normale,Autre collision,,,,,,,,,,,3,1,1,1.0,6.0
201800044097,0018-07-04 09:30:00,18,7,4,9,30,770,517,A104.EXT FRANCILIENNE,48.90468,2.64402,Plein jour,Hors agglomération,Hors intersection,Normale,Trois véhicules et plus - collisions multiples,,,,,,,,,,,1,1,1,1.0,5.0
201800044098,0018-07-04 10:00:00,18,7,4,10,0,940,15,A4,48.82653,2.25104,Plein jour,Hors agglomération,Hors intersection,Normale,Deux véhicules - côté,,,,,,,,,,,1,1,1,1.0,3.0
201800044099,0018-07-04 14:20:00,18,7,4,14,20,770,122,RN104,48.66073,2.61331,Plein jour,Hors agglomération,Hors intersection,Normale,Deux véhicules - arrière,,,,,,,,,,,1,1,1,1.0,2.0
201800044100,0018-07-05 18:35:00,18,7,5,18,35,770,450,RN104,48.71014,2.59909,Plein jour,Hors agglomération,Hors intersection,Pluie légère,Deux véhicules - arrière,,,,,,,,,,,1,1,1,2.0,2.0
201800044101,0018-07-06 20:15:00,18,7,6,20,15,940,11,RN406.Y,48.76,2.48,Plein jour,Hors agglomération,Hors intersection,Normale,Trois véhicules et plus - en chaîne,,,,,,,,,,,1,1,1,1.0,4.0
201800044102,0018-07-07 05:55:00,18,7,7,5,55,770,53,RN104,48.67554,2.61054,Crépuscule ou aube,Hors agglomération,Hors intersection,Normale,Trois véhicules et plus - en chaîne,,,,,,,,,,,2,1,1,1.0,4.0
201800044103,0018-07-07 08:05:00,18,7,7,8,5,770,121,A4,48.83118,2.68626,Plein jour,Hors agglomération,Hors intersection,Normale,Deux véhicules - arrière,,,,,,,,,,,1,1,1,1.0,2.0
201800044104,0018-07-07 08:30:00,18,7,7,8,30,940,52,A86.EXT,48.94114,2.49299,Plein jour,Hors agglomération,Hors intersection,Normale,Autre collision,,,,,,,,,,,1,1,1,1.0,6.0
201800044105,0018-07-08 01:30:00,18,7,8,1,30,770,258,A4.W,48.83074,2.63354,Nuit avec éclairage non allumé,Hors agglomération,Hors intersection,Normale,Deux véhicules - arrière,,,,,,,,,,,4,1,1,1.0,2.0
201800044106,0018-07-08 15:30:00,18,7,8,15,30,770,294,A104 LA FRANCILIENNE,48.95913,2.62219,Plein jour,Hors agglomération,Hors intersection,Normale,Deux véhicules - arrière,,,,,,,,,,,1,1,1,1.0,2.0
201800044107,0018-07-08 19:15:00,18,7,8,19,15,770,53,N104 - LA FRANCILIENNE,48.68668,2.59707,Plein jour,Hors agglomération,Hors intersection,Normale,Deux véhicules - côté,,,,,,,,,,,1,1,1,1.0,3.0
201800044108,0018-07-08 23:45:00,18,7,8,23,45,940,73,A86 EXT,48.76086,2.38275,Nuit avec éclairage allumé,Hors agglomération,Hors intersection,Normale,Sans collision,,,,,,,,,,,5,1,1,1.0,7.0
201800044109,0018-07-09 07:45:00,18,7,9,7,45,770,495,A105-A5b,48.58155,2.6375,Plein jour,Hors agglomération,Hors intersection,Normale,Trois véhicules et plus - en chaîne,,,,,,,,,,,1,1,1,1.0,4.0
201800044110,0018-07-09 19:15:00,18,7,9,19,15,940,46,A86 INT,48.80128,2.4478,Plein jour,Hors agglomération,Hors intersection,Normale,Deux véhicules - arrière,,,,,,,,,,,1,1,1,1.0,2.0
201800044111,0018-07-10 01:55:00,18,7,10,1,55,930,51,A4,48.83625,2.58808,Nuit sans éclairage public,Hors agglomération,Hors intersection,Normale,Sans collision,,,,,,,,,,,3,1,1,1.0,7.0
201800044112,0018-07-10 08:34:00,18,7,10,8,34,940,52,A86 INT,48.84574,2.49183,Plein jour,Hors agglomération,Hors intersection,Normale,Deux véhicules - côté,,,,,,,,,,,1,1,1,1.0,3.0
201800044113,0018-07-10 09:20:00,18,7,10,9,20,940,46,A86 EXT,48.907,2.448,Plein jour,Hors agglomération,Hors intersection,Normale,Deux véhicules - côté,,,,,,,,,,,1,1,1,1.0,3.0
201800044114,0018-07-10 12:50:00,18,7,10,12,50,940,2,A86 INT,48.75409,2.37207,Plein jour,Hors agglomération,Hors intersection,Normale,Trois véhicules et plus - en chaîne,,,,,,,,,,,1,1,1,1.0,4.0
201800044115,0018-07-10 14:45:00,18,7,10,14,45,940,33,A86.EXT,48.8536,2.4899,Plein jour,Hors agglomération,Hors intersection,Normale,Deux véhicules - arrière,,,,,,,,,,,1,1,1,1.0,2.0
201800044116,0018-07-10 14:45:00,18,7,10,14,45,770,517,A104.EXT,48.90557,2.64249,Plein jour,Hors agglomération,Hors intersection,Normale,Deux véhicules - côté,,,,,,,,,,,1,1,1,1.0,3.0
201800044117,0018-07-10 17:30:00,18,7,10,17,30,940,46,A86 EXT,48.8095,2.449,Plein jour,Hors agglomération,Hors intersection,Normale,Trois véhicules et plus - collisions multiples,,,,,,,,,,,1,1,1,1.0,5.0
201800044118,0018-07-10 19:38:00,18,7,10,19,38,940,28,A86 EXT,48.78233,2.44087,Plein jour,Hors agglomération,Hors intersection,Normale,Autre collision,,,,,,,,,,,1,1,1,1.0,6.0
201800044119,0018-07-11 01:13:00,18,7,11,1,13,940,42,A4,48.82858,2.47696,Nuit avec éclairage allumé,Hors agglomération,Hors intersection,Normale,Deux véhicules - arrière,,,,,,,,,,,5,1,1,1.0,2.0
201800044120,0018-07-11 18:40:00,18,7,11,18,40,770,175,RN104,48.66335,2.61358,Plein jour,Hors agglomération,Hors intersection,Normale,Autre collision,,,,,,,,,,,1,1,1,1.0,6.0
201800044121,0018-07-12 00:43:00,18,7,12,0,43,770,384,A5b,48.60829,2.63283,Nuit sans éclairage public,Hors agglomération,Hors intersection,Normale,Autre collision,,,,,,,,,,,3,1,1,1.0,6.0
201800044122,0018-07-12 08:25:00,18,7,12,8,25,940,65,A86 INT,48.75349,2.35607,Plein jour,Hors agglomération,Hors intersection,Normale,Trois véhicules et plus - collisions multiples,,,,,,,,,,,1,1,1,1.0,5.0
201800044123,0018-07-12 20:00:00,18,7,12,20,0,940,69,A4 EXT,48.81,2.42,Plein jour,Hors agglomération,Hors intersection,Normale,Trois véhicules et plus - collisions multiples,,,,,,,,,,,1,1,1,1.0,5.0
201800044124,0018-07-13 09:30:00,18,7,13,9,30,940,28,A86 EXT,48.79024,2.44068,Plein jour,Hors agglomération,Autre intersection,Normale,Deux véhicules - arrière,,,,,,,,,,,1,1,9,1.0,2.0
201800044125,0018-07-13 18:15:00,18,7,13,18,15,770,450,RN104,48.71729,2.59912,Plein jour,Hors agglomération,Hors intersection,Normale,Deux véhicules - arrière,,,,,,,,,,,1,1,1,1.0,2.0
201800044126,0018-07-14 07:15:00,18,7,14,7,15,770,373,RN104,48.76697,2.61356,Plein jour,Hors agglomération,Hors intersection,Normale,Autre collision,,,,,,,,,,,1,1,1,1.0,6.0
201800044127,0018-07-15 16:15:00,18,7,15,16,15,940,22,A86 EXT,48.77105,2.38947,Plein jour,Hors agglomération,Hors intersection,Normale,Deux véhicules - arrière,,,,,,,,,,,1,1,1,1.0,2.0
201800044128,0018-07-15 17:00:00,18,7,15,17,0,770,372,A104 - LA FRANCILIENNE,48.87569,2.66898,Plein jour,Hors agglomération,Autre intersection,Normale,Deux véhicules - côté,,,,,,,,,,,1,1,9,1.0,3.0
201800044129,0018-07-16 08:35:00,18,7,16,8,35,770,83,A4 PARIS PROVINCE,48.83046,2.61047,Plein jour,Hors agglomération,Autre intersection,Normale,Deux véhicules - côté,,,,,,,,,,,1,1,9,1.0,3.0
201800044130,0018-07-16 16:20:00,18,7,16,16,20,940,58,A86.EXT,48.83406,2.49347,Plein jour,Hors agglomération,Hors intersection,Normale,Deux véhicules - arrière,,,,,,,,,,,1,1,1,1.0,2.0
201800044131,0018-07-16 20:00:00,18,7,16,20,0,940,69,A4,48.81742,2.43538,Plein jour,Hors agglomération,Hors intersection,Normale,Trois véhicules et plus - en chaîne,,,,,,,,,,,1,1,1,1.0,4.0
201800044132,0018-07-17 13:25:00,18,7,17,13,25,940,22,A86 EXT,48.77618,2.42186,Plein jour,Hors agglomération,Hors intersection,Normale,Trois véhicules et plus - en chaîne,,,,,,,,,,,1,1,1,1.0,4.0
201800044133,0018-07-17 14:05:00,18,7,17,14,5,770,59,A104 - LA FRANCILIENNE,48.84225,2.6633,Plein jour,Hors agglomération,Autre intersection,Normale,Deux véhicules - arrière,,,,,,,,,,,1,1,9,1.0,2.0
201800044134,0018-07-17 18:30:00,18,7,17,18,30,770,373,RN104,48.79905,2.62375,Plein jour,Hors agglomération,Hors intersection,Normale,Trois véhicules et plus - collisions multiples,,,,,,,,,,,1,1,1,1.0,5.0
201800044135,0018-07-17 18:50:00,18,7,17,18,50,770,18,A4 - PROVINCE PARIS,48.84391,2.82696,Plein jour,Hors agglomération,Autre intersection,Normale,Deux véhicules - côté,,,,,,,,,,,1,1,9,1.0,3.0
201800044136,0018-07-18 10:38:00,18,7,18,10,38,940,73,A86 EXT,48.76176,2.3821,Plein jour,Hors agglomération,Hors intersection,Normale,Deux véhicules - côté,,,,,,,,,,,1,1,1,1.0,3.0
201800044137,0018-07-19 06:40:00,18,7,19,6,40,940,17,A4,48.82841,2.50204,Crépuscule ou aube,Hors agglomération,Hors intersection,Normale,Deux véhicules - côté,,,,,,,,,,,2,1,1,1.0,3.0
201800044138,0018-07-23 09:25:00,18,7,23,9,25,770,146,A4 PARIS PROVINCE,48.8318,2.64955,Plein jour,Hors agglomération,Autre intersection,Normale,Trois véhicules et plus - collisions multiples,,,,,,,,,,,1,1,9,1.0,5.0
201800044139,0018-07-23 14:45:00,18,7,23,14,45,940,17,A4,48.8289,2.499,Plein jour,Hors agglomération,Hors intersection,Normale,Trois véhicules et plus - en chaîne,,,,,,,,,,,1,1,1,1.0,4.0
201800044140,0018-07-23 17:00:00,18,7,23,17,0,770,169,RN104.INT,48.80936,2.63011,Plein jour,Hors agglomération,Hors intersection,Normale,Deux véhicules - arrière,,,,,,,,,,,1,1,1,1.0,2.0
201800044141,0018-07-23 23:45:00,18,7,23,23,45,940,17,A4,48.82922,2.49971,Nuit avec éclairage allumé,Hors agglomération,Hors intersection,Normale,Deux véhicules - arrière,,,,,,,,,,,5,1,1,1.0,2.0
201800044142,0018-07-24 09:00:00,18,7,24,9,0,940,65,A86 INT,48.75537,2.34207,Plein jour,Hors agglomération,Hors intersection,Normale,Autre collision,,,,,,,,,,,1,1,1,1.0,6.0
201800044143,0018-07-27 08:15:00,18,7,27,8,15,940,17,A4,48.82671,2.5158,Plein jour,Hors agglomération,Hors intersection,Normale,Deux véhicules - arrière,,,,,,,,,,,1,1,1,1.0,2.0
201800044144,0018-07-27 16:00:00,18,7,27,16,0,770,514,A104 - LA FRANCILIENNE,48.94614,2.62876,Plein jour,Hors agglomération,Hors intersection,Normale,Autre collision,,,,,,,,,,,1,1,1,1.0,6.0
201800044145,0018-07-27 20:50:00,18,7,27,20,50,940,69,A4,48.8172,2.417,Plein jour,Hors agglomération,Hors intersection,Pluie légère,Autre collision,,,,,,,,,,,1,1,1,2.0,6.0
201800044146,0018-07-28 15:00:00,18,7,28,15,0,940,73,A86 INT,48.76134,2.38213,Plein jour,Hors agglomération,Hors intersection,Normale,Deux véhicules - arrière,,,,,,,,,,,1,1,1,1.0,2.0
201800044147,0018-07-30 10:00:00,18,7,30,10,0,770,373,N104 - LA FRANCILIENNE,48.765,2.61475,Plein jour,Hors agglomération,Hors intersection,Normale,Trois véhicules et plus - en chaîne,,,,,,,,,,,1,1,1,1.0,4.0
201800044148,0018-07-30 13:10:00,18,7,30,13,10,750,112,A4,48.83809,2.38382,Plein jour,Hors agglomération,Hors intersection,Normale,Trois véhicules et plus - collisions multiples,,,,,,,,,,,1,1,1,1.0,5.0
201800044149,0018-07-30 20:50:00,18,7,30,20,50,940,52,A86 INT,48.8327,2.49303,Crépuscule ou aube,Hors agglomération,Hors intersection,Normale,Autre collision,,,,,,,,,,,2,1,1,1.0,6.0
201800044150,0018-07-31 09:00:00,18,7,31,9,0,930,51,A4,48.8354,2.5681,Plein jour,Hors agglomération,Hors intersection,Normale,Deux véhicules - côté,,,,,,,,,,,1,1,1,1.0,3.0
201800044151,0018-07-31 09:40:00,18,7,31,9,40,770,122,N104 - LA FRANCILIENNE,48.66259,2.61359,Plein jour,Hors agglomération,Hors intersection,Normale,Deux véhicules - arrière,,,,,,,,,,,1,1,1,1.0,2.0
201800044152,0018-07-31 17:40:00,18,7,31,17,40,940,69,A4,48.28065,2.42384,Plein jour,Hors agglomération,Hors intersection,Normale,Deux véhicules - côté,,,,,,,,,,,1,1,1,1.0,3.0
201800044153,0018-06-19 18:30:00,18,6,19,18,30,770,373,N104 - LA FRANCILIENNE,48.7824,2.61611,Plein jour,Hors agglomération,Hors intersection,Normale,Deux véhicules - côté,,,,,,,,,,,1,1,1,1.0,3.0
201800044154,0018-08-01 09:00:00,18,8,1,9,0,770,337,A4 - PROVINCE PARIS,48.82996,2.61628,Plein jour,Hors agglomération,Hors intersection,Normale,Deux véhicules - arrière,,,,,,,,,,,1,1,1,1.0,2.0
201800044155,0018-08-02 12:20:00,18,8,2,12,20,770,58,A4 - PARIS PROVINCE,48.82869,2.72971,Plein jour,Hors agglomération,Hors intersection,Normale,Trois véhicules et plus - en chaîne,,,,,,,,,,,1,1,1,1.0,4.0
201800044156,0018-08-02 17:00:00,18,8,2,17,0,770,175,N104 - LA FRANCILIENNE,48.66253,2.61363,Plein jour,Hors agglomération,Hors intersection,Normale,Deux véhicules - côté,,,,,,,,,,,1,1,1,1.0,3.0
201800044157,0018-08-02 18:10:00,18,8,2,18,10,770,169,RN104.INT,48.8062,2.62932,Plein jour,Hors agglomération,Hors intersection,Normale,Autre collision,,,,,,,,,,,1,1,1,1.0,6.0
201800044158,0018-08-03 09:15:00,18,8,3,9,15,770,363,A104 - LA FRANCILIENNE,48.91935,2.63179,Plein jour,Hors agglomération,Hors intersection,Normale,Sans collision,,,,,,,,,,,1,1,1,1.0,7.0
201800044159,0018-08-03 10:50:00,18,8,3,10,50,770,373,RN104,48.76584,2.61442,Plein jour,Hors agglomération,Hors intersection,Normale,Deux véhicules - côté,,,,,,,,,,,1,1,1,1.0,3.0
201800044160,0018-08-03 21:00:00,18,8,3,21,0,940,44,RN406.W,48.75876,2.47018,Plein jour,Hors agglomération,Hors intersection,Normale,Sans collision,,,,,,,,,,,1,1,1,1.0,7.0
201800044161,0018-08-06 14:40:00,18,8,6,14,40,940,33,A86.INT,48.85029,2.47529,Plein jour,Hors agglomération,Hors intersection,Normale,Trois véhicules et plus - en chaîne,,,,,,,,,,,1,1,1,1.0,4.0
201800044162,0018-08-06 18:30:00,18,8,6,18,30,940,18,A4,48.0,2.41652,Plein jour,Hors agglomération,Hors intersection,Normale,Trois véhicules et plus - en chaîne,,,,,,,,,,,1,1,1,1.0,4.0