accident_id,datetime,annee,mois,jour,heure,minute,departement,commune_insee,adresse,latitude,longitude,luminosite,agglomeration,intersection,meteo,collision,nb_vehicules,nb_usagers,nb_indemnes,nb_tues,nb_blesses_hosp,nb_blesses_legers,age_cond_1,age_cond_2,veh_type_cond_1,veh_type_cond_2,lum_code,agg_code,int_code,atm_code,col_code
201800044163,0018-08-05 22:20:00,18,8,5,22,20,940,18,A4,48.81776,2.41298,Nuit sans éclairage public,Hors agglomération,Hors intersection,Normale,Deux véhicules - arrière,,,,,,,,,,,3,1,1,1.0,2.0
201800044164,0018-08-07 08:30:00,18,8,7,8,30,770,294,A104,48.96981,2.59856,Plein jour,Hors agglomération,Hors intersection,Normale,Deux véhicules - côté,,,,,,,,,,,1,1,1,1.0,3.0
201800044165,0018-08-07 11:45:00,18,8,7,11,45,930,51,A4,48.8355,2.5676,Plein jour,Hors agglomération,Hors intersection,Normale,Deux véhicules - arrière,,,,,,,,,,,1,1,1,1.0,2.0
201800044166,0018-08-08 06:05:00,18,8,8,6,5,940,52,A86.EXT,48.53852,2.49405,Crépuscule ou aube,Hors agglomération,Hors intersection,Normale,Autre collision,,,,,,,,,,,2,1,1,1.0,6.0
201800044167,0018-08-09 09:15:00,18,8,9,9,15,770,258,A4.Y,48.82983,2.62262,Plein jour,Hors agglomération,Hors intersection,Normale,Deux véhicules - côté,,,,,,,,,,,1,1,1,1.0,3.0
201800044168,0018-08-10 09:30:00,18,8,10,9,30,770,294,A104 - LA FRANCILIENNE,48.96587,2.60756,Plein jour,Hors agglomération,Hors intersection,Normale,Trois véhicules et plus - en chaîne,,,,,,,,,,,1,1,1,1.0,4.0
201800044169,0018-08-10 16:45:00,18,8,10,16,45,940,69,A4,48.8172,2.42458,Plein jour,Hors agglomération,Hors intersection,Normale,Trois véhicules et plus - en chaîne,,,,,,,,,,,1,1,1,1.0,4.0
201800044170,0018-08-12 13:15:00,18,8,12,13,15,940,69,A86 EXT,48.82079,2.42367,Plein jour,Hors agglomération,Hors intersection,Normale,Autre collision,,,,,,,,,,,1,1,1,1.0,6.0
201800044171,0018-08-13 06:30:00,18,8,13,6,30,940,15,A4,48.99827,2.52873,Plein jour,Hors agglomération,Hors intersection,Normale,Deux véhicules - arrière,,,,,,,,,,,1,1,1,1.0,2.0
201800044172,0018-08-14 16:00:00,18,8,14,16,0,770,514,A104 - LA FRANCILIENNE,48.94529,2.6287,Plein jour,Hors agglomération,Hors intersection,Normale,Trois véhicules et plus - en chaîne,,,,,,,,,,,1,1,1,1.0,4.0
201800044173,0018-08-14 18:45:00,18,8,14,18,45,750,112,A4,48.82206,2.46268,Plein jour,Hors agglomération,Hors intersection,Normale,Trois véhicules et plus - en chaîne,,,,,,,,,,,1,1,1,1.0,4.0
201800044174,0018-08-16 05:15:00,18,8,16,5,15,940,73,A86 EXT,48.76777,2.37852,Nuit avec éclairage allumé,Hors agglomération,Hors intersection,Normale,Trois véhicules et plus - en chaîne,,,,,,,,,,,5,1,1,1.0,4.0
201800044175,0018-08-16 18:30:00,18,8,16,18,30,770,58,A4 - PROVINCE PARIS,48.82896,2.72731,Plein jour,Hors agglomération,Hors intersection,Normale,Trois véhicules et plus - en chaîne,,,,,,,,,,,1,1,1,1.0,4.0
201800044176,0018-08-17 11:20:00,18,8,17,11,20,940,69,A4,48.81753,2.43503,Plein jour,Hors agglomération,Hors intersection,Normale,Deux véhicules - arrière,,,,,,,,,,,1,1,1,1.0,2.0
201800044177,0018-08-18 14:45:00,18,8,18,14,45,770,122,A5b,48.6545,2.6151,Plein jour,Hors agglomération,Hors intersection,Normale,Autre collision,,,,,,,,,,,1,1,1,1.0,6.0
201800044178,0018-08-19 16:00:00,18,8,19,16,0,940,22,A86 INT,48.77343,2.40097,Plein jour,Hors agglomération,Hors intersection,Normale,Sans collision,,,,,,,,,,,1,1,1,1.0,7.0
201800044179,0018-08-20 17:50:00,18,8,20,17,50,940,69,A4,48.81724,2.4298,Plein jour,Hors agglomération,Hors intersection,Normale,Trois véhicules et plus - en chaîne,,,,,,,,,,,1,1,1,1.0,4.0
201800044180,0018-08-21 05:30:00,18,8,21,5,30,940,79,A4,48.83508,2.53799,Nuit sans éclairage public,Hors agglomération,Hors intersection,Normale,Deux véhicules - arrière,,,,,,,,,,,3,1,1,1.0,2.0
201800044181,0018-08-21 09:15:00,18,8,21,9,15,770,175,N104 - LA FRANCILIENNE,48.6686,2.61233,Plein jour,Hors agglomération,Hors intersection,Normale,Deux véhicules - côté,,,,,,,,,,,1,1,1,1.0,3.0
201800044182,0018-08-23 17:30:00,18,8,23,17,30,940,42,A4,48.8277,2.4709,Plein jour,Hors agglomération,Hors intersection,Normale,Deux véhicules - arrière,,,,,,,,,,,1,1,1,1.0,2.0
201800044183,0018-08-24 19:30:00,18,8,24,19,30,940,18,A4,48.8177,2.41287,Plein jour,Hors agglomération,Hors intersection,Normale,Deux véhicules - arrière,,,,,,,,,,,1,1,1,1.0,2.0
201800044184,0018-08-25 18:10:00,18,8,25,18,10,770,438,A104,48.86707,2.66852,Plein jour,Hors agglomération,Hors intersection,Normale,Autre collision,,,,,,,,,,,1,1,1,1.0,6.0
201800044185,0018-08-26 21:30:00,18,8,26,21,30,770,450,RN104,48.70246,2.59529,Nuit sans éclairage public,Hors agglomération,Hors intersection,Normale,Deux véhicules - arrière,,,,,,,,,,,3,1,1,1.0,2.0
201800044186,0018-08-27 15:45:00,18,8,27,15,45,940,18,A4,48.82586,2.39169,Plein jour,Hors agglomération,Hors intersection,Normale,Deux véhicules - côté,,,,,,,,,,,1,1,1,1.0,3.0
201800044187,0018-08-27 23:13:00,18,8,27,23,13,750,112,A4,48.4911,2.2737,Nuit avec éclairage allumé,Hors agglomération,Hors intersection,Normale,Autre collision,,,,,,,,,,,5,1,1,1.0,6.0
201800044188,0018-08-28 12:50:00,18,8,28,12,50,940,52,A86 INT,48.83934,2.49333,Plein jour,Hors agglomération,Hors intersection,Normale,Deux véhicules - arrière,,,,,,,,,,,1,1,1,1.0,2.0
201800044189,0018-08-28 16:00:00,18,8,28,16,0,770,294,A104 - LA FRANCILIENNE,48.96767,2.60299,Plein jour,Hors agglomération,Autre intersection,Normale,Trois véhicules et plus - en chaîne,,,,,,,,,,,1,1,9,1.0,4.0
201800044190,0018-08-29 04:29:00,18,8,29,4,29,940,65,A86 INT,48.75388,2.35388,Nuit avec éclairage allumé,Hors agglomération,Hors intersection,Pluie forte,Deux véhicules - arrière,,,,,,,,,,,5,1,1,3.0,2.0
201800044191,0018-08-29 05:40:00,18,8,29,5,40,940,17,A4,48.83053,2.49183,Nuit avec éclairage non allumé,Hors agglomération,Hors intersection,Pluie forte,Autre collision,,,,,,,,,,,4,1,1,3.0,6.0
201800044192,0018-08-30 10:20:00,18,8,30,10,20,940,18,A4,48.8173,2.4222,Plein jour,Hors agglomération,Hors intersection,Normale,Deux véhicules - arrière,,,,,,,,,,,1,1,1,1.0,2.0
201800044193,0018-08-30 23:40:00,18,8,30,23,40,770,58,A4 - PARIS PROVINCE,48.8288,2.73388,Nuit sans éclairage public,Hors agglomération,Hors intersection,Normale,Trois véhicules et plus - collisions multiples,,,,,,,,,,,3,1,1,1.0,5.0
201800044194,0018-08-31 18:15:00,18,8,31,18,15,940,18,A4,48.82287,2.39601,Plein jour,Hors agglomération,Hors intersection,Normale,Sans collision,,,,,,,,,,,1,1,1,1.0,7.0
201800044195,0018-09-01 05:00:00,18,9,1,5,0,770,181,A4,48.82927,2.71604,Nuit sans éclairage public,Hors agglomération,Hors intersection,Normale,Trois véhicules et plus - collisions multiples,,,,,,,,,,,3,1,1,1.0,5.0
201800044196,0018-09-01 18:00:00,18,9,1,18,0,940,73,A86 EXT,48.75332,2.37494,Plein jour,Hors agglomération,Hors intersection,Normale,Deux véhicules - arrière,,,,,,,,,,,1,1,1,1.0,2.0
201800044197,0018-09-01 21:14:00,18,9,1,21,14,940,52,A4,48.82666,2.46861,Nuit avec éclairage allumé,Hors agglomération,Hors intersection,Normale,Trois véhicules et plus - en chaîne,,,,,,,,,,,5,1,1,1.0,4.0
201800044198,0018-09-02 04:10:00,18,9,2,4,10,940,52,A86.EXT,48.4934,2.293,Nuit avec éclairage allumé,Hors agglomération,Hors intersection,Normale,Deux véhicules - côté,,,,,,,,,,,5,1,1,1.0,3.0
201800044199,0018-09-02 17:00:00,18,9,2,17,0,770,450,RN104,48.71895,2.59889,Plein jour,Hors agglomération,Hors intersection,Normale,Deux véhicules - côté,,,,,,,,,,,1,1,1,1.0,3.0
201800044200,0018-09-03 17:50:00,18,9,3,17,50,940,46,A86 EXT,48.7966,2.4434,Plein jour,Hors agglomération,Hors intersection,Normale,Trois véhicules et plus - en chaîne,,,,,,,,,,,1,1,1,1.0,4.0
201800044201,0018-09-04 06:45:00,18,9,4,6,45,930,51,A4,48.50193,2.35229,Crépuscule ou aube,Hors agglomération,Hors intersection,Normale,Trois véhicules et plus - en chaîne,,,,,,,,,,,2,1,1,1.0,4.0
201800044202,0018-09-04 18:35:00,18,9,4,18,35,940,18,A4,48.82022,2.417,Plein jour,Hors agglomération,Hors intersection,Normale,Deux véhicules - arrière,,,,,,,,,,,1,1,1,1.0,2.0
201800044203,0018-09-05 17:30:00,18,9,5,17,30,940,17,A4,48.81309,2.50841,Plein jour,Hors agglomération,Hors intersection,Normale,Deux véhicules - arrière,,,,,,,,,,,1,1,1,1.0,2.0
201800044204,0018-09-05 21:00:00,18,9,5,21,0,940,17,A4,48.8296,2.499,Nuit sans éclairage public,Hors agglomération,Hors intersection,Normale,Trois véhicules et plus - en chaîne,,,,,,,,,,,3,1,1,1.0,4.0
201800044205,0018-09-06 08:00:00,18,9,6,8,0,770,294,A104,48.96962,2.59852,Plein jour,Hors agglomération,Hors intersection,Normale,Trois véhicules et plus - collisions multiples,,,,,,,,,,,1,1,1,1.0,5.0
201800044206,0018-09-06 09:15:00,18,9,6,9,15,940,46,A86 EXT,48.80115,2.43255,Plein jour,Hors agglomération,Hors intersection,Normale,Deux véhicules - arrière,,,,,,,,,,,1,1,1,1.0,2.0
201800044207,0018-09-07 02:50:00,18,9,7,2,50,770,175,A5b,48.64593,2.62294,Nuit sans éclairage public,Hors agglomération,Hors intersection,Normale,Autre collision,,,,,,,,,,,3,1,1,1.0,6.0
201800044208,0018-09-07 16:50:00,18,9,7,16,50,940,28,A86 EXT,48.77624,2.43504,Plein jour,Hors agglomération,Hors intersection,Normale,Trois véhicules et plus - en chaîne,,,,,,,,,,,1,1,1,1.0,4.0
201800044209,0018-09-09 06:50:00,18,9,9,6,50,940,18,A4,48.81202,2.41061,Nuit avec éclairage non allumé,Hors agglomération,Hors intersection,Normale,Deux véhicules - arrière,,,,,,,,,,,4,1,1,1.0,2.0
201800044210,0018-09-09 12:00:00,18,9,9,12,0,940,52,A86 INT,48.84718,2.48168,Plein jour,Hors agglomération,Hors intersection,Normale,Trois véhicules et plus - en chaîne,,,,,,,,,,,1,1,1,1.0,4.0
201800044211,0018-09-09 21:00:00,18,9,9,21,0,940,46,A86 EXT,48.80992,2.44915,Nuit sans éclairage public,Hors agglomération,Hors intersection,Normale,Trois véhicules et plus - en chaîne,,,,,,,,,,,3,1,1,1.0,4.0
201800044212,0018-09-10 16:00:00,18,9,10,16,0,940,18,A4,48.82197,2.41639,Plein jour,Hors agglomération,Autre intersection,Normale,Deux véhicules - arrière,,,,,,,,,,,1,1,9,1.0,2.0
201800044213,0018-09-10 20:00:00,18,9,10,20,0,940,17,A4,48.81297,2.50768,Plein jour,Hors agglomération,Hors intersection,Normale,Autre collision,,,,,,,,,,,1,1,1,1.0,6.0
201800044214,0018-09-11 06:00:00,18,9,11,6,0,940,28,A86 EXT,48.79061,2.44076,Nuit sans éclairage public,Hors agglomération,Hors intersection,Normale,Deux véhicules - arrière,,,,,,,,,,,3,1,1,1.0,2.0
201800044215,0018-09-11 07:15:00,18,9,11,7,15,770,175,RN104,48.66421,2.61322,Plein jour,Hors agglomération,Hors intersection,Normale,Deux véhicules - côté,,,,,,,,,,,1,1,1,1.0,3.0
201800044216,0018-09-11 18:15:00,18,9,11,18,15,940,52,A4,48.8277,2.4712,Plein jour,Hors agglomération,Hors intersection,Normale,Deux véhicules - arrière,,,,,,,,,,,1,1,1,1.0,2.0
201800044217,0018-09-11 19:30:00,18,9,11,19,30,940,28,A86 EXT,48.8077,2.4489,Plein jour,Hors agglomération,Hors intersection,Normale,Trois véhicules et plus - collisions multiples,,,,,,,,,,,1,1,1,1.0,5.0
201800044218,0018-09-11 22:30:00,18,9,11,22,30,940,46,A86 INT,48.8045,2.44814,Nuit sans éclairage public,Hors agglomération,Hors intersection,Normale,Autre collision,,,,,,,,,,,3,1,1,1.0,6.0
201800044219,0018-09-12 08:45:00,18,9,12,8,45,770,363,A104,48.92736,2.62842,Plein jour,Hors agglomération,Hors intersection,Normale,Deux véhicules - côté,,,,,,,,,,,1,1,1,1.0,3.0
201800044220,0018-09-12 16:10:00,18,9,12,16,10,940,17,A4,48.82649,2.51604,Plein jour,Hors agglomération,Hors intersection,Normale,Deux véhicules - arrière,,,,,,,,,,,1,1,1,1.0,2.0
201800044221,0018-09-13 06:45:00,18,9,13,6,45,940,15,A4,48.83514,2.52315,Plein jour,Hors agglomération,Hors intersection,Normale,Deux véhicules - arrière,,,,,,,,,,,1,1,1,1.0,2.0
201800044222,0018-09-13 07:45:00,18,9,13,7,45,770,517,A104,48.90495,2.64297,Crépuscule ou aube,Hors agglomération,Hors intersection,Pluie légère,Trois véhicules et plus - collisions multiples,,,,,,,,,,,2,1,1,2.0,5.0
201800044223,0018-09-13 08:00:00,18,9,13,8,0,770,258,A4,48.8304,2.63038,Plein jour,Hors agglomération,Hors intersection,Pluie légère,Autre collision,,,,,,,,,,,1,1,1,2.0,6.0
201800044224,0018-09-13 10:00:00,18,9,13,10,0,770,517,A104,48.89761,2.6599,Plein jour,Hors agglomération,Hors intersection,Pluie légère,Trois véhicules et plus - en chaîne,,,,,,,,,,,1,1,1,2.0,4.0
201800044225,0018-09-13 11:15:00,18,9,13,11,15,750,112,A4,,,Plein jour,Hors agglomération,Hors intersection,Pluie légère,Deux véhicules - côté,,,,,,,,,,,1,1,1,2.0,3.0
201800044226,0018-09-13 15:00:00,18,9,13,15,0,770,121,A4,48.83219,2.66661,Plein jour,Hors agglomération,Hors intersection,Normale,Trois véhicules et plus - en chaîne,,,,,,,,,,,1,1,1,1.0,4.0
201800044227,0018-09-14 11:00:00,18,9,14,11,0,940,17,A4,48.82642,2.51853,Plein jour,Hors agglomération,Hors intersection,Normale,Autre collision,,,,,,,,,,,1,1,1,1.0,6.0
201800044228,0018-09-15 04:15:00,18,9,15,4,15,770,121,A4 - PARIS PROVINCE,48.8316,2.67683,Nuit sans éclairage public,Hors agglomération,Hors intersection,Normale,Deux véhicules - arrière,,,,,,,,,,,3,1,1,1.0,2.0
201800044229,0018-09-15 07:45:00,18,9,15,7,45,750,112,A4,,,Plein jour,Hors agglomération,Hors intersection,Normale,Deux véhicules - arrière,,,,,,,,,,,1,1,1,1.0,2.0
201800044230,0018-09-15 07:20:00,18,9,15,7,20,770,294,A104,48.97292,2.57699,Crépuscule ou aube,Hors agglomération,Hors intersection,Normale,Deux véhicules - côté,,,,,,,,,,,2,1,1,1.0,3.0
201800044231,0018-09-15 11:45:00,18,9,15,11,45,940,52,A86 INT,48.84596,2.49154,Plein jour,Hors agglomération,Hors intersection,Normale,Trois véhicules et plus - en chaîne,,,,,,,,,,,1,1,1,1.0,4.0
201800044232,0018-09-15 13:50:00,18,9,15,13,50,770,294,A104,48.96977,2.59866,Plein jour,Hors agglomération,Hors intersection,Normale,Deux véhicules - arrière,,,,,,,,,,,1,1,1,1.0,2.0
201800044233,0018-09-16 01:10:00,18,9,16,1,10,770,181,A4 - PARIS PROVINCE,48.82915,2.7177,Nuit sans éclairage public,Hors agglomération,Hors intersection,Normale,Trois véhicules et plus - en chaîne,,,,,,,,,,,3,1,1,1.0,4.0
201800044234,0018-09-16 09:30:00,18,9,16,9,30,770,468,A4.W - PROVINCE PARIS,48.8326,2.66197,Plein jour,Hors agglomération,Hors intersection,Normale,Sans collision,,,,,,,,,,,1,1,1,1.0,7.0
201800044235,0018-09-16 10:35:00,18,9,16,10,35,940,28,A86 EXT,48.7806,2.44975,Plein jour,Hors agglomération,Hors intersection,Normale,Sans collision,,,,,,,,,,,1,1,1,1.0,7.0
201800044236,0018-09-16 14:00:00,18,9,16,14,0,940,73,A86 EXT,48.76214,2.39146,Plein jour,Hors agglomération,Hors intersection,Normale,Trois véhicules et plus - collisions multiples,,,,,,,,,,,1,1,1,1.0,5.0
201800044237,0018-09-16 17:15:00,18,9,16,17,15,940,17,A4,48.81298,2.50768,Plein jour,Hors agglomération,Hors intersection,Normale,Autre collision,,,,,,,,,,,1,1,1,1.0,6.0
201800044238,0018-09-17 12:15:00,18,9,17,12,15,770,146,A4.Y,48.83141,2.64401,Plein jour,Hors agglomération,Hors intersection,Normale,Deux véhicules - arrière,,,,,,,,,,,1,1,1,1.0,2.0
201800044239,0018-09-17 21:57:00,18,9,17,21,57,940,52,A4,48.81678,2.45305,Nuit sans éclairage public,Hors agglomération,Hors intersection,Normale,Trois véhicules et plus - en chaîne,,,,,,,,,,,3,1,1,1.0,4.0
201800044240,0018-09-18 17:00:00,18,9,18,17,0,770,373,RN104,48.77195,2.61171,Plein jour,Hors agglomération,Hors intersection,Pluie légère,Sans collision,,,,,,,,,,,1,1,1,2.0,7.0
201800044241,0018-09-18 17:15:00,18,9,18,17,15,940,46,A86 EXT,48.80773,2.44901,Plein jour,Hors agglomération,Hors intersection,Normale,Deux véhicules - côté,,,,,,,,,,,1,1,1,1.0,3.0
201800044242,0018-09-19 03:10:00,18,9,19,3,10,940,15,A4,48.83265,2.53129,Nuit sans éclairage public,Hors agglomération,Hors intersection,Normale,Autre collision,,,,,,,,,,,3,1,1,1.0,6.0
201800044243,0018-09-19 13:45:00,18,9,19,13,45,940,17,A4,48.82831,2.50203,Plein jour,Hors agglomération,Hors intersection,Normale,Autre collision,,,,,,,,,,,1,1,1,1.0,6.0
201800044244,0018-09-20 07:45:00,18,9,20,7,45,770,146,A4,48.83236,2.65988,Plein jour,Hors agglomération,Hors intersection,Normale,Deux véhicules - arrière,,,,,,,,,,,1,1,1,1.0,2.0
201800044245,0018-09-20 08:45:00,18,9,20,8,45,770,58,A4 - PROVINCE PARIS,48.8298,2.70944,Plein jour,Hors agglomération,Hors intersection,Normale,Trois véhicules et plus - collisions multiples,,,,,,,,,,,1,1,1,1.0,5.0
201800044246,0018-09-20 10:15:00,18,9,20,10,15,940,79,A4,48.83567,2.53923,Plein jour,Hors agglomération,Hors intersection,Normale,Deux véhicules - arrière,,,,,,,,,,,1,1,1,1.0,2.0
201800044247,0018-09-20 11:00:00,18,9,20,11,0,770,55,A104 - LA FRANCILIENNE,48.90163,2.65087,Plein jour,Hors agglomération,Hors intersection,Normale,Deux véhicules - arrière,,,,,,,,,,,1,1,1,1.0,2.0
201800044248,0018-09-20 17:10:00,18,9,20,17,10,770,121,A104 - LA FRANCILIENNE,48.83752,2.66486,Plein jour,Hors agglomération,Hors intersection,Normale,Trois véhicules et plus - en chaîne,,,,,,,,,,,1,1,1,1.0,4.0
201800044249,0018-09-20 18:30:00,18,9,20,18,30,930,51,A4,48.84424,2.54682,Plein jour,Hors agglomération,Hors intersection,Normale,Deux véhicules - côté,,,,,,,,,,,1,1,1,1.0,3.0
201800044250,0018-09-21 18:50:00,18,9,21,18,50,940,73,A86 EXT,48.7726,2.3983,Plein jour,Hors agglomération,Hors intersection,Normale,Deux véhicules - côté,,,,,,,,,,,1,1,1,1.0,3.0
201800044251,0018-09-21 20:45:00,18,9,21,20,45,770,294,A104,48.9611,2.6189,Nuit sans éclairage public,Hors agglomération,Hors intersection,Normale,Autre collision,,,,,,,,,,,3,1,1,1.0,6.0
201800044252,0018-09-21 21:45:00,18,9,21,21,45,750,112,A4,48.8225,2.4625,Nuit sans éclairage public,Hors agglomération,Hors intersection,Normale,Deux véhicules - côté,,,,,,,,,,,3,1,1,1.0,3.0
201800044253,0018-09-23 02:15:00,18,9,23,2,15,940,46,A86 EXT,48.8139,2.449,Nuit avec éclairage allumé,Hors agglomération,Hors intersection,Normale,Autre collision,,,,,,,,,,,5,1,1,1.0,6.0
201800044254,0018-09-23 17:00:00,18,9,23,17,0,770,169,BRET. A4 PARIS N104 SUD,48.8232,2.61494,Plein jour,Hors agglomération,Hors intersection,Normale,Autre collision,,,,,,,,,,,1,1,1,1.0,6.0
201800044255,0018-09-23 20:45:00,18,9,23,20,45,940,17,A4,42.828,2.5041,Nuit sans éclairage public,Hors agglomération,Hors intersection,Normale,Trois véhicules et plus - collisions multiples,,,,,,,,,,,3,1,1,1.0,5.0
201800044256,0018-09-24 07:35:00,18,9,24,7,35,940,17,A4,48.81298,2.50768,Plein jour,Hors agglomération,Autre intersection,Normale,Deux véhicules - côté,,,,,,,,,,,1,1,9,1.0,3.0
201800044257,0018-09-24 08:05:00,18,9,24,8,5,940,46,A86 EXT,48.80092,2.42602,Plein jour,Hors agglomération,Hors intersection,Normale,Deux véhicules - côté,,,,,,,,,,,1,1,1,1.0,3.0
201800044258,0018-09-24 15:00:00,18,9,24,15,0,770,438,A104 - LA FRANCILIENNE,48.84765,2.66203,Plein jour,Hors agglomération,Hors intersection,Normale,Deux véhicules - côté,,,,,,,,,,,1,1,1,1.0,3.0
201800044259,0018-09-24 18:30:00,18,9,24,18,30,770,121,A4 - PARIS PROVINCE,48.83144,2.67956,Plein jour,Hors agglomération,Hors intersection,Normale,Autre collision,,,,,,,,,,,1,1,1,1.0,6.0
201800044260,0018-09-25 16:45:00,18,9,25,16,45,940,11,RN406.Y,48.7588,2.48343,Plein jour,Hors agglomération,Hors intersection,Normale,Deux véhicules - arrière,,,,,,,,,,,1,1,1,1.0,2.0
201800044261,0018-09-25 17:15:00,18,9,25,17,15,930,51,A4,48.83575,2.56169,Plein jour,Hors agglomération,Hors intersection,Normale,Deux véhicules - arrière,,,,,,,,,,,1,1,1,1.0,2.0
201800044262,0018-09-26 08:30:00,18,9,26,8,30,770,258,A4 PROVINCE PARIS,48.83018,2.6267,Plein jour,Hors agglomération,Hors intersection,Normale,Trois véhicules et plus - en chaîne,,,,,,,,,,,1,1,1,1.0,4.0
201800044263,0018-09-26 17:10:00,18,9,26,17,10,770,249,RN104,48.75958,2.61573,Plein jour,Hors agglomération,Hors intersection,Normale,Autre collision,,,,,,,,,,,1,1,1,1.0,6.0
201800044264,0018-09-27 11:00:00,18,9,27,11,0,940,42,A4,48.828,2.47337,Plein jour,Hors agglomération,Hors intersection,Normale,Deux véhicules - arrière,,,,,,,,,,,1,1,1,1.0,2.0
201800044265,0018-09-27 17:25:00,18,9,27,17,25,940,52,A86 INT,48.8539,2.4934,Plein jour,Hors agglomération,Hors intersection,Normale,Autre collision,,,,,,,,,,,1,1,1,1.0,6.0
201800044266,0018-09-27 19:20:00,18,9,27,19,20,940,22,A86 EXT,48.77666,2.41953,Plein jour,Hors agglomération,Hors intersection,Normale,Trois véhicules et plus - collisions multiples,,,,,,,,,,,1,1,1,1.0,5.0
201800044267,0018-09-27 21:10:00,18,9,27,21,10,770,517,A104 - LA FRANCILIENNE,48.89912,2.65652,Nuit sans éclairage public,Hors agglomération,Hors intersection,Normale,Deux véhicules - côté,,,,,,,,,,,3,1,1,1.0,3.0
201800044268,0018-09-30 01:50:00,18,9,30,1,50,770,169,N104 - LA FRANCILIENNE,48.81637,2.62206,Nuit sans éclairage public,Hors agglomération,Hors intersection,Normale,Trois véhicules et plus - en chaîne,,,,,,,,,,,3,1,1,1.0,4.0
201800044269,0018-09-30 13:00:00,18,9,30,13,0,770,59,A104,48.84222,2.66361,Plein jour,Hors agglomération,Hors intersection,Normale,Deux véhicules - arrière,,,,,,,,,,,1,1,1,1.0,2.0
201800044270,0018-09-30 21:55:00,18,9,30,21,55,940,52,A86 INT,48.84541,2.49213,Nuit avec éclairage allumé,Hors agglomération,Hors intersection,Normale,Sans collision,,,,,,,,,,,5,1,1,1.0,7.0
201800044271,0018-09-30 22:35:00,18,9,30,22,35,930,51,A4,48.83171,2.60058,Nuit sans éclairage public,Hors agglomération,Hors intersection,Normale,Sans collision,,,,,,,,,,,3,1,1,1.0,7.0
201800044272,0018-10-01 07:50:00,18,10,1,7,50,770,517,A104.EXT. LA FRACILIENNE,48.9069,2.64011,Plein jour,Hors agglomération,Autre intersection,Normale,Deux véhicules - arrière,,,,,,,,,,,1,1,9,1.0,2.0
201800044273,0018-10-01 17:00:00,18,10,1,17,0,770,53,N104 - LA FRANCILIENNE,48.68827,2.59614,Plein jour,Hors agglomération,Hors intersection,Normale,Sans collision,,,,,,,,,,,1,1,1,1.0,7.0
201800044274,0018-10-02 06:40:00,18,10,2,6,40,930,51,A4,48.83665,2.54726,Nuit avec éclairage allumé,Hors agglomération,Hors intersection,Normale,Trois véhicules et plus - en chaîne,,,,,,,,,,,5,1,1,1.0,4.0
201800044275,0018-10-02 07:25:00,18,10,2,7,25,940,22,A86 INT,48.77652,2.41993,Crépuscule ou aube,Hors agglomération,Hors intersection,Normale,Deux véhicules - côté,,,,,,,,,,,2,1,1,1.0,3.0
201800044276,0018-10-02 10:30:00,18,10,2,10,30,940,73,A86 EXT,48.75998,2.34597,Plein jour,Hors agglomération,Hors intersection,Normale,Autre collision,,,,,,,,,,,1,1,1,1.0,6.0
201800044277,0018-10-02 16:45:00,18,10,2,16,45,770,58,A4.W - PROVINCE PARIS,48.83031,2.70083,Plein jour,Hors agglomération,Autre intersection,Normale,Deux véhicules - arrière,,,,,,,,,,,1,1,9,1.0,2.0
201800044278,0018-10-03 06:50:00,18,10,3,6,50,940,22,A86 INT,48.7761,2.42394,Nuit sans éclairage public,Hors agglomération,Hors intersection,Normale,Trois véhicules et plus - en chaîne,,,,,,,,,,,3,1,1,1.0,4.0
201800044279,0018-10-03 17:55:00,18,10,3,17,55,770,258,A4 PROVINCE PARIS,48.83181,2.64701,Plein jour,Hors agglomération,Autre intersection,Normale,Autre collision,,,,,,,,,,,1,1,9,1.0,6.0
201800044280,0018-10-04 09:00:00,18,10,4,9,0,770,337,A4 PARIS PROVINCE,48.83043,2.61097,Plein jour,Hors agglomération,Autre intersection,Normale,Trois véhicules et plus - en chaîne,,,,,,,,,,,1,1,9,1.0,4.0
201800044281,0018-10-04 13:30:00,18,10,4,13,30,770,249,N104 - LA FRANCILIENNE,48.7531,2.61442,Plein jour,Hors agglomération,Autre intersection,Normale,Autre collision,,,,,,,,,,,1,1,9,1.0,6.0
201800044282,0018-10-05 09:00:00,18,10,5,9,0,940,17,A4,48.8287,2.5017,Plein jour,Hors agglomération,Hors intersection,Normale,Deux véhicules - arrière,,,,,,,,,,,1,1,1,1.0,2.0
201800044283,0018-10-05 10:00:00,18,10,5,10,0,770,237,A4.W - PROVINCE PARIS,48.83151,2.7686,Plein jour,Hors agglomération,Autre intersection,Normale,Deux véhicules - arrière,,,,,,,,,,,1,1,9,1.0,2.0
201800044284,0018-10-05 17:40:00,18,10,5,17,40,770,372,A104 - LA FRANCILIENNE,48.8807,2.66792,Plein jour,Hors agglomération,Hors intersection,Normale,Deux véhicules - côté,,,,,,,,,,,1,1,1,1.0,3.0
201800044285,0018-10-06 14:45:00,18,10,6,14,45,940,22,A86 INT,48.77654,2.42035,Plein jour,Hors agglomération,Hors intersection,Normale,Trois véhicules et plus - en chaîne,,,,,,,,,,,1,1,1,1.0,4.0
201800044286,0018-10-07 20:10:00,18,10,7,20,10,770,146,A4 PARIS PROVINCE,48.83218,2.6539,Nuit sans éclairage public,Hors agglomération,Autre intersection,Temps couvert,Deux véhicules - arrière,,,,,,,,,,,3,1,9,8.0,2.0