accident_id,datetime,annee,mois,jour,heure,minute,departement,commune_insee,adresse,latitude,longitude,luminosite,agglomeration,intersection,meteo,collision,nb_vehicules,nb_usagers,nb_indemnes,nb_tues,nb_blesses_hosp,nb_blesses_legers,age_cond_1,age_cond_2,veh_type_cond_1,veh_type_cond_2,lum_code,agg_code,int_code,atm_code,col_code
201800044525,0018-01-14 12:10:00,18,1,14,12,10,950,527,AUTOROUTE A1,48.9943,2.5152,Plein jour,Hors agglomération,Hors intersection,Normale,Deux véhicules - côté,,,,,,,,,,,1,1,1,1.0,3.0
201800044526,0018-01-13 18:15:00,18,1,13,18,15,930,6,AUTOROUTE A3,48.86598,2.41613,Nuit sans éclairage public,Hors agglomération,Hors intersection,Normale,Trois véhicules et plus - en chaîne,,,,,,,,,,,3,1,1,1.0,4.0
201800044527,0018-01-13 20:20:00,18,1,13,20,20,950,365,RN 104,49.0633,2.4124,Nuit sans éclairage public,Hors agglomération,Hors intersection,Normale,Deux véhicules - arrière,,,,,,,,,,,3,1,1,1.0,2.0
201800044528,0018-01-13 17:45:00,18,1,13,17,45,930,48,AUTOROUTE A3,48.87107,2.43333,Nuit sans éclairage public,Hors agglomération,Hors intersection,Normale,Deux véhicules - côté,,,,,,,,,,,3,1,1,1.0,3.0
201800044529,0018-01-15 08:00:00,18,1,15,8,0,930,7,AUTOROUTE A3,48.92788,2.48154,Crépuscule ou aube,Hors agglomération,Hors intersection,Normale,Trois véhicules et plus - collisions multiples,,,,,,,,,,,2,1,1,1.0,5.0
201800044530,0018-01-15 08:20:00,18,1,15,8,20,950,675,AUTOROUTE A1,49.0563,2.5491,Crépuscule ou aube,Hors agglomération,Hors intersection,Normale,Trois véhicules et plus - en chaîne,,,,,,,,,,,2,1,1,1.0,4.0
201800044531,0018-01-15 06:42:00,18,1,15,6,42,930,78,AUTOROUTE A104,48.97119,2.49831,Nuit sans éclairage public,Hors agglomération,Hors intersection,Normale,Deux véhicules - arrière,,,,,,,,,,,3,1,1,1.0,2.0
201800044532,0018-01-15 13:35:00,18,1,15,13,35,930,53,AUTOROUTE A103,48.8877,2.47265,Plein jour,Hors agglomération,Hors intersection,Pluie forte,Autre collision,,,,,,,,,,,1,1,1,3.0,6.0
201800044533,0018-01-15 18:00:00,18,1,15,18,0,930,63,AUTOROUTE A3,48.87461,2.43898,Nuit sans éclairage public,Hors agglomération,Hors intersection,Pluie légère,Deux véhicules - côté,,,,,,,,,,,3,1,1,2.0,3.0
201800044534,0018-01-15 18:00:00,18,1,15,18,0,930,7,AUTOROUTE A3,48.93233,2.48069,Crépuscule ou aube,Hors agglomération,Hors intersection,Pluie légère,Trois véhicules et plus - en chaîne,,,,,,,,,,,2,1,1,2.0,4.0
201800044535,0018-01-15 18:15:00,18,1,15,18,15,920,78,AUTOROUTE A86,48.93026,2.3258,Nuit sans éclairage public,Hors agglomération,Hors intersection,Temps couvert,Trois véhicules et plus - collisions multiples,,,,,,,,,,,3,1,1,8.0,5.0
201800044536,0018-01-15 19:07:00,18,1,15,19,7,930,10,AUTOROUTE A3,48.9026,2.4706,Nuit sans éclairage public,Hors agglomération,Hors intersection,Pluie légère,Deux véhicules - côté,,,,,,,,,,,3,1,1,2.0,3.0
201800044537,0018-01-16 06:20:00,18,1,16,6,20,920,36,AUTOROUTE A15,48.94415,2.28636,Nuit sans éclairage public,Hors agglomération,Hors intersection,Pluie légère,Deux véhicules - arrière,,,,,,,,,,,3,1,1,2.0,2.0
201800044538,0018-01-16 22:25:00,18,1,16,22,25,930,10,AUTOROUTE A3,48.91655,2.47831,Nuit sans éclairage public,Hors agglomération,Autre intersection,Pluie légère,Autre collision,,,,,,,,,,,3,1,9,2.0,6.0
201800044539,0018-01-17 15:50:00,18,1,17,15,50,930,78,AUTOROUTE A104,48.57379,2.28242,Plein jour,Hors agglomération,Hors intersection,Normale,Deux véhicules - arrière,,,,,,,,,,,1,1,1,1.0,2.0
201800044540,0018-01-18 10:15:00,18,1,18,10,15,930,5,AUTOROUTE A3,48.96113,2.47345,Plein jour,Hors agglomération,Hors intersection,Pluie légère,Sans collision,,,,,,,,,,,1,1,1,2.0,7.0
201800044541,0018-01-18 18:20:00,18,1,18,18,20,950,572,RN 184,49.0498,2.1421,Nuit sans éclairage public,Hors agglomération,Hors intersection,Normale,Deux véhicules - arrière,,,,,,,,,,,3,1,1,1.0,2.0
201800044542,0018-01-19 00:40:00,18,1,19,0,40,950,424,AUTOROUTE A15,48.9885,2.1991,Nuit sans éclairage public,Hors agglomération,Hors intersection,Pluie légère,Autre collision,,,,,,,,,,,3,1,1,2.0,6.0
201800044543,0018-01-19 06:10:00,18,1,19,6,10,950,527,AUTOROUTE A3,48.9824,2.50237,Nuit sans éclairage public,Hors agglomération,Hors intersection,Temps couvert,Deux véhicules - arrière,,,,,,,,,,,3,1,1,8.0,2.0
201800044544,0018-01-19 08:30:00,18,1,19,8,30,950,18,AUTOROUTE A15,48.9497,2.2802,Plein jour,Hors agglomération,Hors intersection,Temps couvert,Sans collision,,,,,,,,,,,1,1,1,8.0,7.0
201800044545,0018-01-19 12:15:00,18,1,19,12,15,950,277,AUTOROUTE A3,48.9737,2.4884,Plein jour,Hors agglomération,Hors intersection,Pluie légère,Deux véhicules - arrière,,,,,,,,,,,1,1,1,2.0,2.0
201800044546,0018-01-19 12:40:00,18,1,19,12,40,930,5,AUTOROUTE A3,48.95443,2.47362,Plein jour,Hors agglomération,Hors intersection,Normale,Trois véhicules et plus - en chaîne,,,,,,,,,,,1,1,1,1.0,4.0
201800044547,0018-01-19 18:47:00,18,1,19,18,47,930,66,AUTOROUTE A86,48.923,2.34503,Nuit sans éclairage public,Hors agglomération,Hors intersection,Normale,Trois véhicules et plus - collisions multiples,,,,,,,,,,,3,1,1,1.0,5.0
201800044548,0018-01-19 14:40:00,18,1,19,14,40,950,582,RD 170,48.9636,2.2664,Plein jour,Hors agglomération,Hors intersection,Normale,Trois véhicules et plus - en chaîne,,,,,,,,,,,1,1,1,1.0,4.0
201800044549,0018-01-19 22:10:00,18,1,19,22,10,950,277,AUTOROUTE A3,48.9703,2.4821,Nuit sans éclairage public,Hors agglomération,Hors intersection,Normale,Trois véhicules et plus - en chaîne,,,,,,,,,,,3,1,1,1.0,4.0
201800044550,0018-01-20 14:00:00,18,1,20,14,0,930,78,AUTOROUTE A104,48.96766,2.51077,Plein jour,Hors agglomération,Hors intersection,Pluie légère,Sans collision,,,,,,,,,,,1,1,1,2.0,7.0
201800044551,0018-01-20 13:15:00,18,1,20,13,15,930,66,AUTOROUTE A1,48.93252,2.37395,Plein jour,Hors agglomération,Hors intersection,Pluie légère,Deux véhicules - arrière,,,,,,,,,,,1,1,1,2.0,2.0
201800044552,0018-01-19 17:30:00,18,1,19,17,30,930,63,AUTOROUTE A3,48.87849,2.44714,Plein jour,Hors agglomération,Hors intersection,Pluie légère,Sans collision,,,,,,,,,,,1,1,1,2.0,7.0
201800044553,0018-01-19 18:00:00,18,1,19,18,0,930,8,AUTOROUTE A86,48.90495,2.46481,Nuit sans éclairage public,Hors agglomération,Hors intersection,Pluie légère,Deux véhicules - arrière,,,,,,,,,,,3,1,1,2.0,2.0
201800044554,0018-01-21 00:15:00,18,1,21,0,15,930,27,AUTOROUTE A86,48.92852,2.41387,Nuit avec éclairage non allumé,Hors agglomération,Hors intersection,Pluie légère,Deux véhicules - côté,,,,,,,,,,,4,1,1,2.0,3.0
201800044555,0018-01-20 19:50:00,18,1,20,19,50,950,268,RD 84A,48.9607,2.4028,Nuit sans éclairage public,Hors agglomération,Hors intersection,Normale,Deux véhicules - arrière,,,,,,,,,,,3,1,1,1.0,2.0
201800044556,0018-01-21 16:15:00,18,1,21,16,15,950,18,AUTOROUTE A15,48.9514,2.2799,Plein jour,Hors agglomération,Hors intersection,Pluie légère,Autre collision,,,,,,,,,,,1,1,1,2.0,6.0
201800044557,0018-01-21 19:40:00,18,1,21,19,40,930,63,AUTOROUTE A3,48.87666,2.44327,Nuit avec éclairage non allumé,Hors agglomération,Hors intersection,Pluie légère,Deux véhicules - arrière,,,,,,,,,,,4,1,1,2.0,2.0
201800044558,0018-01-22 06:50:00,18,1,22,6,50,930,48,AUTOROUTE A3,48.87306,2.4353,Nuit sans éclairage public,Hors agglomération,Hors intersection,Pluie forte,Trois véhicules et plus - collisions multiples,,,,,,,,,,,3,1,1,3.0,5.0
201800044559,0018-01-22 07:00:00,18,1,22,7,0,930,27,AUTOROUTE A1,48.93726,2.41061,Nuit sans éclairage public,Hors agglomération,Hors intersection,Pluie forte,Trois véhicules et plus - en chaîne,,,,,,,,,,,3,1,1,3.0,4.0
201800044560,0018-01-22 08:15:00,18,1,22,8,15,600,612,AUTOROUTE A1,49.20623,2.61149,Plein jour,Hors agglomération,Hors intersection,Pluie légère,Trois véhicules et plus - en chaîne,,,,,,,,,,,1,1,1,2.0,4.0
201800044561,0018-01-22 13:20:00,18,1,22,13,20,930,27,AUTOROUTE A86,48.92787,2.40957,Plein jour,Hors agglomération,Hors intersection,Pluie légère,Autre collision,,,,,,,,,,,1,1,1,2.0,6.0
201800044562,0018-01-22 18:00:00,18,1,22,18,0,950,212,AUTOROUTE A1,49.0291,2.5383,Crépuscule ou aube,Hors agglomération,Hors intersection,Normale,Trois véhicules et plus - en chaîne,,,,,,,,,,,2,1,1,1.0,4.0
201800044563,0018-01-22 18:20:00,18,1,22,18,20,930,1,AUTOROUTE A86,48.92164,2.37705,Nuit sans éclairage public,Hors agglomération,Hors intersection,Normale,Deux véhicules - arrière,,,,,,,,,,,3,1,1,1.0,2.0
201800044564,0018-01-23 04:55:00,18,1,23,4,55,930,27,AUTOROUTE A86,48.925,2.39278,Nuit sans éclairage public,Hors agglomération,Hors intersection,Normale,Deux véhicules - arrière,,,,,,,,,,,3,1,1,1.0,2.0
201800044565,0018-01-23 15:50:00,18,1,23,15,50,930,78,AUTOROUTE A104,48.95972,2.53904,Plein jour,Hors agglomération,Hors intersection,Normale,Deux véhicules - côté,,,,,,,,,,,1,1,1,1.0,3.0
201800044566,0018-01-24 11:40:00,18,1,24,11,40,930,53,AUTOROUTE A3,48.89413,2.47168,Plein jour,Hors agglomération,Hors intersection,Normale,Deux véhicules - côté,,,,,,,,,,,1,1,1,1.0,3.0
201800044567,0018-01-25 09:15:00,18,1,25,9,15,930,66,AUTOROUTE A86,48.92201,2.3654,Plein jour,Hors agglomération,Hors intersection,Pluie légère,Deux véhicules - arrière,,,,,,,,,,,1,1,1,2.0,2.0
201800044568,0018-01-25 19:15:00,18,1,25,19,15,930,5,AUTOROUTE A104,48.97302,2.48751,Nuit sans éclairage public,Hors agglomération,Hors intersection,Normale,Sans collision,,,,,,,,,,,3,1,1,1.0,7.0
201800044569,0018-01-25 17:30:00,18,1,25,17,30,930,5,AUTOROUTE A3,48.96018,2.47351,Plein jour,Hors agglomération,Hors intersection,Pluie légère,Deux véhicules - côté,,,,,,,,,,,1,1,1,2.0,3.0
201800044570,0018-01-27 06:55:00,18,1,27,6,55,930,66,AUTOROUTE A1,48.93171,2.37002,Crépuscule ou aube,Hors agglomération,Hors intersection,Brouillard / fumée,Deux véhicules - côté,,,,,,,,,,,2,1,1,5.0,3.0
201800044571,0018-01-28 09:35:00,18,1,28,9,35,920,36,AUTOROUTE A15,,,Plein jour,Hors agglomération,Hors intersection,Normale,Autre collision,,,,,,,,,,,1,1,1,1.0,6.0
201800044572,0018-01-28 11:15:00,18,1,28,11,15,930,5,AUTOROUTE A104,48.97415,2.48892,Plein jour,Hors agglomération,Hors intersection,Normale,Autre collision,,,,,,,,,,,1,1,1,1.0,6.0
201800044573,0018-01-28 11:45:00,18,1,28,11,45,930,5,AUTOROUTE A104,48.97333,2.49247,Plein jour,Hors agglomération,Hors intersection,Pluie légère,Autre collision,,,,,,,,,,,1,1,1,2.0,6.0
201800044574,0018-01-28 12:50:00,18,1,28,12,50,950,582,RD 170,48.9611,2.2601,Plein jour,Hors agglomération,Hors intersection,Normale,Autre collision,,,,,,,,,,,1,1,1,1.0,6.0
201800044575,0018-01-28 17:45:00,18,1,28,17,45,950,555,RD 170,48.9697,2.2753,Nuit avec éclairage non allumé,Hors agglomération,Hors intersection,Pluie légère,Sans collision,,,,,,,,,,,4,1,1,2.0,7.0
201800044576,0018-01-29 01:10:00,18,1,29,1,10,950,678,RN 104,49.0728,2.2407,Nuit sans éclairage public,Hors agglomération,Hors intersection,Normale,Autre collision,,,,,,,,,,,3,1,1,1.0,6.0
201800044577,0018-01-28 17:16:00,18,1,28,17,16,920,36,AUTOROUTE A86,48.93878,2.30118,Nuit sans éclairage public,Hors agglomération,Hors intersection,Normale,Deux véhicules - arrière,,,,,,,,,,,3,1,1,1.0,2.0
201800044578,0018-01-29 08:00:00,18,1,29,8,0,930,29,AUTOROUTE A86,48.92205,2.42762,Crépuscule ou aube,Hors agglomération,Hors intersection,Pluie légère,Deux véhicules - arrière,,,,,,,,,,,2,1,1,2.0,2.0
201800044579,0018-01-29 09:00:00,18,1,29,9,0,930,64,AUTOROUTE A86,48.88249,2.47199,Plein jour,Hors agglomération,Hors intersection,Normale,Deux véhicules - arrière,,,,,,,,,,,1,1,1,1.0,2.0
201800044580,0018-01-29 13:30:00,18,1,29,13,30,920,78,AUTOROUTE A86,48.92807,2.33171,Plein jour,Hors agglomération,Hors intersection,Normale,Trois véhicules et plus - en chaîne,,,,,,,,,,,1,1,1,1.0,4.0
201800044581,0018-01-30 09:45:00,18,1,30,9,45,930,64,AUTOROUTE A3,48.88393,2.46628,Plein jour,Hors agglomération,Hors intersection,Normale,Trois véhicules et plus - collisions multiples,,,,,,,,,,,1,1,1,1.0,5.0
201800044582,0018-01-30 16:35:00,18,1,30,16,35,950,277,AUTOROUTE A104,48.9727,2.4849,Plein jour,Hors agglomération,Hors intersection,Pluie légère,Autre collision,,,,,,,,,,,1,1,1,2.0,6.0
201800044583,0018-01-31 11:20:00,18,1,31,11,20,930,66,AUTOROUTE A1,48.91916,2.35738,Plein jour,Hors agglomération,Hors intersection,Pluie légère,Deux véhicules - arrière,,,,,,,,,,,1,1,1,2.0,2.0
201800044584,0018-02-01 09:50:00,18,2,1,9,50,950,18,AUTOROUTE A15,48.9586,2.2739,Plein jour,Hors agglomération,Hors intersection,Pluie forte,Trois véhicules et plus - collisions multiples,,,,,,,,,,,1,1,1,3.0,5.0
201800044585,0018-02-01 12:50:00,18,2,1,12,50,930,64,AUTOROUTE A86,48.87842,2.4766,Plein jour,Hors agglomération,Hors intersection,Normale,Trois véhicules et plus - collisions multiples,,,,,,,,,,,1,1,1,1.0,5.0
201800044586,0018-02-01 22:20:00,18,2,1,22,20,930,66,AUTOROUTE A1,48.93382,2.38399,Nuit avec éclairage non allumé,Hors agglomération,Hors intersection,Normale,Autre collision,,,,,,,,,,,4,1,1,1.0,6.0
201800044587,0018-02-02 01:40:00,18,2,2,1,40,920,36,AUTOROUTE A86,48.93792,2.30037,Nuit sans éclairage public,Hors agglomération,Hors intersection,Pluie légère,Autre collision,,,,,,,,,,,3,1,1,2.0,6.0
201800044588,0018-02-02 16:55:00,18,2,2,16,55,930,64,AUTOROUTE A86,48.87828,2.47663,Plein jour,Hors agglomération,Hors intersection,Normale,Deux véhicules - côté,,,,,,,,,,,1,1,1,1.0,3.0
201800044589,0018-02-02 22:15:00,18,2,2,22,15,950,394,AUTOROUTE A115,49.0523,2.1847,Nuit sans éclairage public,Hors agglomération,Hors intersection,Normale,Autre collision,,,,,,,,,,,3,1,1,1.0,6.0
201800044590,0018-02-03 01:00:00,18,2,3,1,0,930,6,AUTOROUTE A3,48.86681,2.42557,Nuit sans éclairage public,Hors agglomération,Hors intersection,Normale,Deux véhicules - arrière,,,,,,,,,,,3,1,1,1.0,2.0
201800044591,0018-02-03 12:00:00,18,2,3,12,0,930,66,AUTOROUTE A1,48.91936,2.35754,Plein jour,Hors agglomération,Hors intersection,Pluie légère,Deux véhicules - arrière,,,,,,,,,,,1,1,1,2.0,2.0
201800044592,0018-02-03 15:45:00,18,2,3,15,45,950,277,AUTOROUTE A104,48.9728,2.4872,Plein jour,Hors agglomération,Hors intersection,Pluie légère,Deux véhicules - côté,,,,,,,,,,,1,1,1,2.0,3.0
201800044593,0018-02-03 19:10:00,18,2,3,19,10,950,582,AUTOROUTE A15,48.9758,2.2386,Nuit sans éclairage public,Hors agglomération,Hors intersection,Pluie légère,Trois véhicules et plus - en chaîne,,,,,,,,,,,3,1,1,2.0,4.0
201800044594,0018-02-03 19:40:00,18,2,3,19,40,950,424,AUTOROUTE A15,48.9899,2.1973,Nuit sans éclairage public,Hors agglomération,Hors intersection,Pluie légère,Trois véhicules et plus - en chaîne,,,,,,,,,,,3,1,1,2.0,4.0
201800044595,0018-02-04 03:50:00,18,2,4,3,50,920,36,AUTOROUTE A86,48.93839,2.31331,Nuit sans éclairage public,Hors agglomération,Hors intersection,Pluie légère,Autre collision,,,,,,,,,,,3,1,1,2.0,6.0
201800044596,0018-02-04 06:10:00,18,2,4,6,10,920,36,AUTOROUTE A86,48.93913,2.30285,Nuit sans éclairage public,Hors agglomération,Autre intersection,Pluie légère,Autre collision,,,,,,,,,,,3,1,9,2.0,6.0
201800044597,0018-02-04 09:00:00,18,2,4,9,0,930,64,AUTOROUTE A86,48.87066,2.48246,Plein jour,Hors agglomération,Hors intersection,Pluie légère,Autre collision,,,,,,,,,,,1,1,1,2.0,6.0
201800044598,0018-02-04 11:15:00,18,2,4,11,15,950,252,AUTOROUTE A15,48.9865,2.2108,Plein jour,Hors agglomération,Hors intersection,Normale,Autre collision,,,,,,,,,,,1,1,1,1.0,6.0
201800044599,0018-02-04 11:45:00,18,2,4,11,45,950,572,AUTOROUTE A15,49.0328,2.1081,Plein jour,Hors agglomération,Hors intersection,Normale,Autre collision,,,,,,,,,,,1,1,1,1.0,6.0
201800044600,0018-02-04 20:40:00,18,2,4,20,40,930,27,AUTOROUTE A86,48.9229,2.38064,Nuit avec éclairage allumé,Hors agglomération,Hors intersection,Normale,Deux véhicules - arrière,,,,,,,,,,,5,1,1,1.0,2.0
201800044601,0018-02-05 17:00:00,18,2,5,17,0,950,277,AUTOROUTE A104,48.9741,2.4905,Crépuscule ou aube,Hors agglomération,Hors intersection,Temps couvert,Trois véhicules et plus - collisions multiples,,,,,,,,,,,2,1,1,8.0,5.0
201800044602,0018-02-09 20:30:00,18,2,9,20,30,930,64,AUTOROUTE A103,48.8882,2.47249,Nuit sans éclairage public,Hors agglomération,Hors intersection,Temps couvert,Autre collision,,,,,,,,,,,3,1,1,8.0,6.0
201800044603,0018-02-10 01:05:00,18,2,10,1,5,920,78,AUTOROUTE A86,48.92906,2.32946,Nuit avec éclairage non allumé,Hors agglomération,Hors intersection,Neige / grêle,Autre collision,,,,,,,,,,,4,1,1,4.0,6.0
201800044604,0018-02-10 05:00:00,18,2,10,5,0,920,78,AUTOROUTE A86,48.9304,2.32522,Nuit avec éclairage non allumé,Hors agglomération,Hors intersection,Autre,Deux véhicules - arrière,,,,,,,,,,,4,1,1,9.0,2.0
201800044605,0018-02-11 20:20:00,18,2,11,20,20,950,28,RN 104,49.06437,2.3318,Nuit avec éclairage non allumé,Hors agglomération,Hors intersection,Normale,Autre collision,,,,,,,,,,,4,1,1,1.0,6.0
201800044606,0018-02-13 09:10:00,18,2,13,9,10,950,277,RD 170,48.9755,2.4832,Plein jour,Hors agglomération,Hors intersection,Normale,Trois véhicules et plus - en chaîne,,,,,,,,,,,1,1,1,1.0,4.0
201800044607,0018-02-13 10:00:00,18,2,13,10,0,930,78,AUTOROUTE A104,48.96864,2.50722,Plein jour,Hors agglomération,Hors intersection,Normale,Trois véhicules et plus - en chaîne,,,,,,,,,,,1,1,1,1.0,4.0
201800044608,0018-02-14 20:05:00,18,2,14,20,5,930,7,AUTOROUTE A3,48.91981,2.47906,Nuit sans éclairage public,Hors agglomération,Hors intersection,Pluie légère,Trois véhicules et plus - en chaîne,,,,,,,,,,,3,1,1,2.0,4.0
201800044609,0018-02-15 05:45:00,18,2,15,5,45,930,5,AUTOROUTE A104,48.97377,2.49127,Nuit avec éclairage non allumé,Hors agglomération,Hors intersection,Pluie légère,Deux véhicules - arrière,,,,,,,,,,,4,1,1,2.0,2.0
201800044610,0018-02-15 05:00:00,18,2,15,5,0,930,5,AUTOROUTE A104,48.97426,2.49124,Nuit avec éclairage non allumé,Hors agglomération,Hors intersection,Pluie légère,Autre collision,,,,,,,,,,,4,1,1,2.0,6.0
201800044611,0018-02-15 09:10:00,18,2,15,9,10,950,28,RN 104,49.0599,2.3549,Plein jour,Hors agglomération,Hors intersection,Pluie légère,Deux véhicules - côté,,,,,,,,,,,1,1,1,2.0,3.0
201800044612,0018-02-15 15:00:00,18,2,15,15,0,950,277,RD 170 B6,48.9729,2.4851,Plein jour,Hors agglomération,Hors intersection,Pluie légère,Deux véhicules - côté,,,,,,,,,,,1,1,1,2.0,3.0
201800044613,0018-02-15 19:30:00,18,2,15,19,30,950,527,AUTOROUTE A1,49.0146,2.5309,Nuit sans éclairage public,Hors agglomération,Hors intersection,Pluie légère,Trois véhicules et plus - collisions multiples,,,,,,,,,,,3,1,1,2.0,5.0
201800044614,0018-02-16 02:00:00,18,2,16,2,0,950,555,RD 170,48.9737,2.2769,Nuit sans éclairage public,Hors agglomération,Hors intersection,Normale,Deux véhicules - arrière,,,,,,,,,,,3,1,1,1.0,2.0
201800044615,0018-02-16 16:50:00,18,2,16,16,50,950,572,RN 184,49.0411,2.1281,Plein jour,Hors agglomération,Hors intersection,Normale,Deux véhicules - arrière,,,,,,,,,,,1,1,1,1.0,2.0
201800044616,0018-02-16 20:15:00,18,2,16,20,15,950,241,RN 104,49.0475,2.4603,Nuit sans éclairage public,Hors agglomération,Hors intersection,Normale,Sans collision,,,,,,,,,,,3,1,1,1.0,7.0
201800044617,0018-02-17 17:45:00,18,2,17,17,45,950,61,RN 104,49.0679,2.2545,Plein jour,Hors agglomération,Hors intersection,Normale,Sans collision,,,,,,,,,,,1,1,1,1.0,7.0
201800044618,0018-02-18 02:15:00,18,2,18,2,15,930,66,AUTOROUTE A1,48.91302,2.35804,Nuit avec éclairage allumé,Hors agglomération,Hors intersection,Normale,Trois véhicules et plus - collisions multiples,,,,,,,,,,,5,1,1,1.0,5.0
201800044619,0018-02-18 08:05:00,18,2,18,8,5,950,18,AUTOROUTE A9015.2,48.9567,2.2745,Plein jour,Hors agglomération,Hors intersection,Normale,Autre collision,,,,,,,,,,,1,1,1,1.0,6.0
201800044620,0018-02-18 07:20:00,18,2,18,7,20,930,53,AUTOROUTE A3,48.88348,2.45855,Crépuscule ou aube,Hors agglomération,Hors intersection,Normale,Deux véhicules - côté,,,,,,,,,,,2,1,1,1.0,3.0
201800044621,0018-02-19 00:01:00,18,2,19,0,1,950,582,AUTOROUTE A15,48.9744,2.2445,Nuit avec éclairage non allumé,Hors agglomération,Hors intersection,Normale,Trois véhicules et plus - collisions multiples,,,,,,,,,,,4,1,1,1.0,5.0
201800044622,0018-02-19 17:50:00,18,2,19,17,50,930,10,AUTOROUTE A3,48.91629,2.47789,Plein jour,Hors agglomération,Hors intersection,Pluie légère,Deux véhicules - côté,,,,,,,,,,,1,1,1,2.0,3.0
201800044623,0018-02-19 14:55:00,18,2,19,14,55,950,641,AUTOROUTE A1,49.0695,2.5525,Plein jour,Hors agglomération,Hors intersection,Pluie légère,Deux véhicules - arrière,,,,,,,,,,,1,1,1,2.0,2.0
201800044624,0018-02-19 21:30:00,18,2,19,21,30,950,18,AUTOROUTE A15,48.9586,2.2743,Nuit avec éclairage non allumé,Hors agglomération,Hors intersection,Pluie légère,Deux véhicules - côté,,,,,,,,,,,4,1,1,2.0,3.0
201800044625,0018-02-20 08:20:00,18,2,20,8,20,950,582,RD 170,48.9623,2.2639,Plein jour,Hors agglomération,Hors intersection,Pluie légère,Deux véhicules - arrière,,,,,,,,,,,1,1,1,2.0,2.0
201800044626,0018-02-20 12:05:00,18,2,20,12,5,950,277,RD 170,48.9779,2.4414,Plein jour,Hors agglomération,Hors intersection,Temps couvert,Trois véhicules et plus - en chaîne,,,,,,,,,,,1,1,1,8.0,4.0
201800044627,0018-02-20 16:30:00,18,2,20,16,30,930,66,AUTOROUTE A86,48.92382,2.34262,Plein jour,Hors agglomération,Hors intersection,Normale,Deux véhicules - arrière,,,,,,,,,,,1,1,1,1.0,2.0
201800044628,0018-02-22 00:05:00,18,2,22,0,5,950,527,AUTOROUTE A3,48.9834,2.5013,Nuit sans éclairage public,Hors agglomération,Hors intersection,Normale,Deux véhicules - côté,,,,,,,,,,,3,1,1,1.0,3.0
201800044629,0018-02-21 20:00:00,18,2,21,20,0,930,53,AUTOROUTE A3,48.88243,2.45631,Nuit sans éclairage public,Hors agglomération,Hors intersection,Normale,Deux véhicules - arrière,,,,,,,,,,,3,1,1,1.0,2.0
201800044630,0018-02-22 16:35:00,18,2,22,16,35,950,18,AUTOROUTE A15,48.9597,2.2721,Plein jour,Hors agglomération,Hors intersection,Normale,Deux véhicules - arrière,,,,,,,,,,,1,1,1,1.0,2.0
201800044631,0018-02-22 16:45:00,18,2,22,16,45,950,18,AUTOROUTE A15,48.9591,2.2732,Plein jour,Hors agglomération,Hors intersection,Normale,Deux véhicules - arrière,,,,,,,,,,,1,1,1,1.0,2.0
201800044632,0018-02-22 19:15:00,18,2,22,19,15,930,66,AUTOROUTE A1,48.92919,2.35948,Nuit sans éclairage public,Hors agglomération,Hors intersection,Normale,Deux véhicules - côté,,,,,,,,,,,3,1,1,1.0,3.0
201800044633,0018-02-22 19:50:00,18,2,22,19,50,950,252,AUTOROUTE A15,48.9834,2.2187,Nuit sans éclairage public,Hors agglomération,Hors intersection,Normale,Deux véhicules - arrière,,,,,,,,,,,3,1,1,1.0,2.0
201800044634,0018-02-23 16:00:00,18,2,23,16,0,950,18,AUTOROUTE A15,48.9505,2.2802,Plein jour,Hors agglomération,Hors intersection,Normale,Trois véhicules et plus - en chaîne,,,,,,,,,,,1,1,1,1.0,4.0
201800044635,0018-02-23 20:15:00,18,2,23,20,15,950,60,AUTOROUTE A115,49.0431,2.1881,Nuit sans éclairage public,Hors agglomération,Hors intersection,Normale,Autre collision,,,,,,,,,,,3,1,1,1.0,6.0
201800044636,0018-02-25 00:50:00,18,2,25,0,50,950,563,AUTOROUTE A115,49.0101,2.2315,Nuit sans éclairage public,Hors agglomération,Hors intersection,Normale,Deux véhicules - arrière,,,,,,,,,,,3,1,1,1.0,2.0
201800044637,0018-02-27 07:20:00,18,2,27,7,20,930,64,AUTOROUTE A3,48.88378,2.46676,Crépuscule ou aube,Hors agglomération,Hors intersection,Normale,Trois véhicules et plus - en chaîne,,,,,,,,,,,2,1,1,1.0,4.0
201800044638,0018-02-27 17:45:00,18,2,27,17,45,950,365,RN 104,49.0648,2.41033,Plein jour,Hors agglomération,Hors intersection,Normale,Autre collision,,,,,,,,,,,1,1,1,1.0,6.0
201800044639,0018-02-27 18:50:00,18,2,27,18,50,930,66,AUTOROUTE A1,48.91602,2.35781,Crépuscule ou aube,Hors agglomération,Hors intersection,Normale,Deux véhicules - arrière,,,,,,,,,,,2,1,1,1.0,2.0
201800044640,0018-02-28 15:00:00,18,2,28,15,0,930,66,AUTOROUTE A1,48.9061,2.35848,Plein jour,Hors agglomération,Hors intersection,Normale,Deux véhicules - arrière,,,,,,,,,,,1,1,1,1.0,2.0
201800044641,0018-03-01 01:15:00,18,3,1,1,15,950,218,AUTOROUTE A15,49.0358,2.09649,Nuit sans éclairage public,Hors agglomération,Hors intersection,Normale,Autre collision,,,,,,,,,,,3,1,1,1.0,6.0
201800044642,0018-03-01 01:20:00,18,3,1,1,20,950,394,AUTOROUTE A115,49.0489,2.1833,Nuit sans éclairage public,Hors agglomération,Hors intersection,Neige / grêle,Autre collision,,,,,,,,,,,3,1,1,4.0,6.0