accident_id,datetime,annee,mois,jour,heure,minute,departement,commune_insee,adresse,latitude,longitude,luminosite,agglomeration,intersection,meteo,collision,nb_vehicules,nb_usagers,nb_indemnes,nb_tues,nb_blesses_hosp,nb_blesses_legers,age_cond_1,age_cond_2,veh_type_cond_1,veh_type_cond_2,lum_code,agg_code,int_code,atm_code,col_code
201800044763,0018-04-12 08:40:00,18,4,12,8,40,930,6,AUTOROUTE A3,48.86608,2.41618,Plein jour,Hors agglomération,Hors intersection,Normale,Trois véhicules et plus - collisions multiples,,,,,,,,,,,1,1,1,1.0,5.0
201800044764,0018-04-12 12:20:00,18,4,12,12,20,930,53,AUTOROUTE A103,48.88771,2.47457,Plein jour,Hors agglomération,Hors intersection,Normale,Sans collision,,,,,,,,,,,1,1,1,1.0,7.0
201800044765,0018-04-12 19:45:00,18,4,12,19,45,930,10,AUTOROUTE A3,48.91098,2.47571,Plein jour,Hors agglomération,Hors intersection,Autre,Sans collision,,,,,,,,,,,1,1,1,9.0,7.0
201800044766,0018-04-12 19:50:00,18,4,12,19,50,950,582,RD 170,48.9625,2.2645,Plein jour,Hors agglomération,Hors intersection,Pluie légère,Autre collision,,,,,,,,,,,1,1,1,2.0,6.0
201800044767,0018-04-13 05:20:00,18,4,13,5,20,930,7,AUTOROUTE A1,48.94452,2.43836,Nuit sans éclairage public,Hors agglomération,Hors intersection,Normale,Trois véhicules et plus - collisions multiples,,,,,,,,,,,3,1,1,1.0,5.0
201800044768,0018-04-13 07:55:00,18,4,13,7,55,930,7,AUTOROUTE A3,48.94402,2.47754,Plein jour,Hors agglomération,Hors intersection,Normale,Deux véhicules - arrière,,,,,,,,,,,1,1,1,1.0,2.0
201800044769,0018-04-13 21:30:00,18,4,13,21,30,930,27,AUTOROUTE A86,48.92363,2.38472,Nuit avec éclairage allumé,Hors agglomération,Hors intersection,Normale,Deux véhicules - arrière,,,,,,,,,,,5,1,1,1.0,2.0
201800044770,0018-04-13 22:50:00,18,4,13,22,50,950,256,RN 184,49.0551,2.2021,Nuit sans éclairage public,Hors agglomération,Hors intersection,Normale,Autre collision,,,,,,,,,,,3,1,1,1.0,6.0
201800044771,0018-04-14 00:10:00,18,4,14,0,10,930,8,AUTOROUTE A86,48.90967,2.44574,Nuit avec éclairage allumé,Hors agglomération,Hors intersection,Normale,Autre collision,,,,,,,,,,,5,1,1,1.0,6.0
201800044772,0018-04-14 11:40:00,18,4,14,11,40,930,64,AUTOROUTE A86,48.8828,2.47257,Plein jour,Hors agglomération,Hors intersection,Normale,Trois véhicules et plus - en chaîne,,,,,,,,,,,1,1,1,1.0,4.0
201800044773,0018-04-14 11:35:00,18,4,14,11,35,950,18,AUTOROUTE A9015.2,48.9558,2.2752,Plein jour,Hors agglomération,Hors intersection,Pluie légère,Autre collision,,,,,,,,,,,1,1,1,2.0,6.0
201800044774,0018-04-14 13:15:00,18,4,14,13,15,930,27,AUTOROUTE A1,48.93435,2.39629,Plein jour,Hors agglomération,Hors intersection,Normale,Sans collision,,,,,,,,,,,1,1,1,1.0,7.0
201800044775,0018-04-15 15:05:00,18,4,15,15,5,950,395,RN 104,49.0676,2.3851,Plein jour,Hors agglomération,Hors intersection,Pluie légère,Autre collision,,,,,,,,,,,1,1,1,2.0,6.0
201800044776,0018-04-15 07:10:00,18,4,15,7,10,930,64,AUTOROUTE A86,48.8711,2.48226,Plein jour,Hors agglomération,Hors intersection,Normale,Deux véhicules - arrière,,,,,,,,,,,1,1,1,1.0,2.0
201800044777,0018-04-16 08:45:00,18,4,16,8,45,930,5,AUTOROUTE A3,48.94663,2.47633,Plein jour,Hors agglomération,Hors intersection,Normale,Deux véhicules - arrière,,,,,,,,,,,1,1,1,1.0,2.0
201800044778,0018-04-16 11:30:00,18,4,16,11,30,930,8,AUTOROUTE A86,48.91741,2.42937,Plein jour,Hors agglomération,Hors intersection,Normale,Deux véhicules - côté,,,,,,,,,,,1,1,1,1.0,3.0
201800044779,0018-04-16 16:20:00,18,4,16,16,20,930,27,AUTOROUTE A86,48.92786,2.40957,Plein jour,Hors agglomération,Hors intersection,Normale,Deux véhicules - arrière,,,,,,,,,,,1,1,1,1.0,2.0
201800044780,0018-04-16 19:45:00,18,4,16,19,45,920,36,AUTOROUTE A15,48.94252,2.28976,Plein jour,Hors agglomération,Hors intersection,Normale,Deux véhicules - arrière,,,,,,,,,,,1,1,1,1.0,2.0
201800044781,0018-04-16 20:15:00,18,4,16,20,15,950,582,AUTOROUTE A15,48.9641,2.2628,Plein jour,Hors agglomération,Hors intersection,Normale,Deux véhicules - côté,,,,,,,,,,,1,1,1,1.0,3.0
201800044782,0018-04-17 14:45:00,18,4,17,14,45,950,277,RD 170,48.9756,2.4825,Plein jour,Hors agglomération,Hors intersection,Normale,Trois véhicules et plus - collisions multiples,,,,,,,,,,,1,1,1,1.0,5.0
201800044783,0018-04-17 16:10:00,18,4,17,16,10,950,252,AUTOROUTE A15,48.9883,2.2041,Plein jour,Hors agglomération,Hors intersection,Normale,Autre collision,,,,,,,,,,,1,1,1,1.0,6.0
201800044784,0018-04-17 18:45:00,18,4,17,18,45,950,61,RN 104,49.0649,2.2615,Plein jour,Hors agglomération,Hors intersection,Normale,Autre collision,,,,,,,,,,,1,1,1,1.0,6.0
201800044785,0018-04-18 10:20:00,18,4,18,10,20,930,1,AUTOROUTE A86,48.92115,2.37032,Plein jour,Hors agglomération,Hors intersection,Normale,Deux véhicules - côté,,,,,,,,,,,1,1,1,1.0,3.0
201800044786,0018-04-19 13:25:00,18,4,19,13,25,930,66,AUTOROUTE A1,48.91799,2.35741,Plein jour,Hors agglomération,Hors intersection,Normale,Trois véhicules et plus - en chaîne,,,,,,,,,,,1,1,1,1.0,4.0
201800044787,0018-04-19 15:25:00,18,4,19,15,25,930,53,AUTOROUTE A3,48.91967,2.47907,Plein jour,Hors agglomération,Hors intersection,Normale,Trois véhicules et plus - collisions multiples,,,,,,,,,,,1,1,1,1.0,5.0
201800044788,0018-04-19 17:45:00,18,4,19,17,45,930,7,AUTOROUTE A3,48.92002,2.47927,Plein jour,Hors agglomération,Hors intersection,Normale,Deux véhicules - arrière,,,,,,,,,,,1,1,1,1.0,2.0
201800044789,0018-04-19 18:40:00,18,4,19,18,40,950,394,AUTOROUTE A115,49.0503,2.1843,Plein jour,Hors agglomération,Hors intersection,Normale,Trois véhicules et plus - en chaîne,,,,,,,,,,,1,1,1,1.0,4.0
201800044790,0018-04-19 21:35:00,18,4,19,21,35,920,36,AUTOROUTE A15,48.94189,2.2909,Nuit avec éclairage non allumé,Hors agglomération,Hors intersection,Normale,Autre collision,,,,,,,,,,,4,1,1,1.0,6.0
201800044791,0018-04-19 23:50:00,18,4,19,23,50,950,488,AUTOROUTE A15,49.0152,2.1451,Nuit sans éclairage public,Hors agglomération,Hors intersection,Normale,Autre collision,,,,,,,,,,,3,1,1,1.0,6.0
201800044792,0018-04-19 07:50:00,18,4,19,7,50,930,5,AUTOROUTE A3,48.93126,2.48097,Plein jour,Hors agglomération,Hors intersection,Normale,Deux véhicules - côté,,,,,,,,,,,1,1,1,1.0,3.0
201800044793,0018-04-20 08:25:00,18,4,20,8,25,950,18,AUTOROUTE A15,48.9624,2.2664,Plein jour,Hors agglomération,Hors intersection,Normale,Trois véhicules et plus - collisions multiples,,,,,,,,,,,1,1,1,1.0,5.0
201800044794,0018-04-20 21:15:00,18,4,20,21,15,930,13,AUTOROUTE A1,48.9423,2.4321,Nuit sans éclairage public,Hors agglomération,Hors intersection,Normale,Deux véhicules - arrière,,,,,,,,,,,3,1,1,1.0,2.0
201800044795,0018-04-20 17:30:00,18,4,20,17,30,600,631,AUTOROUTE A1,49.15332,2.58692,Plein jour,Hors agglomération,Hors intersection,Normale,Deux véhicules - arrière,,,,,,,,,,,1,1,1,1.0,2.0
201800044796,0018-04-20 19:45:00,18,4,20,19,45,950,604,AUTOROUTE A1,49.1078,2.5516,Plein jour,Hors agglomération,Hors intersection,Normale,Trois véhicules et plus - en chaîne,,,,,,,,,,,1,1,1,1.0,4.0
201800044797,0018-04-21 08:30:00,18,4,21,8,30,930,78,AUTOROUTE A104,48.9646,2.55364,Plein jour,Hors agglomération,Hors intersection,Normale,Deux véhicules - côté,,,,,,,,,,,1,1,1,1.0,3.0
201800044798,0018-04-21 14:30:00,18,4,21,14,30,930,66,AUTOROUTE A1,48.93266,2.37448,Plein jour,Hors agglomération,Hors intersection,Normale,Deux véhicules - arrière,,,,,,,,,,,1,1,1,1.0,2.0
201800044799,0018-04-21 15:10:00,18,4,21,15,10,930,7,AUTOROUTE A1,48.94798,2.44475,Plein jour,Hors agglomération,Hors intersection,Normale,Trois véhicules et plus - en chaîne,,,,,,,,,,,1,1,1,1.0,4.0
201800044800,0018-04-21 16:55:00,18,4,21,16,55,950,252,AUTOROUTE A15,48.9854,2.2141,Plein jour,Hors agglomération,Hors intersection,Normale,Autre collision,,,,,,,,,,,1,1,1,1.0,6.0
201800044801,0018-04-21 18:55:00,18,4,21,18,55,930,30,AUTOROUTE A1,48.93929,2.41849,Plein jour,Hors agglomération,Hors intersection,Normale,Trois véhicules et plus - en chaîne,,,,,,,,,,,1,1,1,1.0,4.0
201800044802,0018-04-22 02:15:00,18,4,22,2,15,950,394,AUTOROUTE A115,49.0508,2.1816,Nuit sans éclairage public,Hors agglomération,Hors intersection,Normale,Autre collision,,,,,,,,,,,3,1,1,1.0,6.0
201800044803,0018-04-22 14:30:00,18,4,22,14,30,950,18,AUTOROUTE A15,48.9505,2.2799,Plein jour,Hors agglomération,Hors intersection,Normale,Deux véhicules - arrière,,,,,,,,,,,1,1,1,1.0,2.0
201800044804,0018-04-22 15:00:00,18,4,22,15,0,930,53,AUTOROUTE A3,48.8926,2.4727,Plein jour,Hors agglomération,Hors intersection,Normale,Trois véhicules et plus - collisions multiples,,,,,,,,,,,1,1,1,1.0,5.0
201800044805,0018-04-22 15:45:00,18,4,22,15,45,930,5,AUTOROUTE A3,48.95928,2.47343,Plein jour,Hors agglomération,Hors intersection,Normale,Trois véhicules et plus - en chaîne,,,,,,,,,,,1,1,1,1.0,4.0
201800044806,0018-04-23 14:35:00,18,4,23,14,35,930,27,AUTOROUTE A86,48.92492,2.39266,Plein jour,Hors agglomération,Hors intersection,Normale,Deux véhicules - arrière,,,,,,,,,,,1,1,1,1.0,2.0
201800044807,0018-04-23 14:25:00,18,4,23,14,25,950,572,AUTOROUTE A15,49.0329,2.1079,Plein jour,Hors agglomération,Hors intersection,Normale,Deux véhicules - arrière,,,,,,,,,,,1,1,1,1.0,2.0
201800044808,0018-04-23 18:45:00,18,4,23,18,45,930,78,AUTOROUTE A104,48.9714,2.49735,Plein jour,Hors agglomération,Hors intersection,Normale,Deux véhicules - côté,,,,,,,,,,,1,1,1,1.0,3.0
201800044809,0018-04-23 18:05:00,18,4,23,18,5,930,8,AUTOROUTE A86,48.91399,2.43317,Plein jour,Hors agglomération,Hors intersection,Normale,Trois véhicules et plus - en chaîne,,,,,,,,,,,1,1,1,1.0,4.0
201800044810,0018-04-24 10:20:00,18,4,24,10,20,950,572,AUTOROUTE A15,49.0334,2.1053,Plein jour,Hors agglomération,Hors intersection,Normale,Autre collision,,,,,,,,,,,1,1,1,1.0,6.0
201800044811,0018-04-24 13:55:00,18,4,24,13,55,930,8,AUTOROUTE A86,48.91074,2.44204,Plein jour,Hors agglomération,Hors intersection,Normale,Autre collision,,,,,,,,,,,1,1,1,1.0,6.0
201800044812,0018-04-24 17:30:00,18,4,24,17,30,930,27,AUTOROUTE A86,48.92725,2.40722,Plein jour,Hors agglomération,Hors intersection,Normale,Trois véhicules et plus - en chaîne,,,,,,,,,,,1,1,1,1.0,4.0
201800044813,0018-04-24 23:45:00,18,4,24,23,45,950,582,AUTOROUTE A15,48.9685,2.2516,Nuit sans éclairage public,Hors agglomération,Hors intersection,Normale,Autre collision,,,,,,,,,,,3,1,1,1.0,6.0
201800044814,0018-04-24 21:00:00,18,4,24,21,0,930,48,AUTOROUTE A86,48.8642,2.48223,Plein jour,Hors agglomération,Hors intersection,Normale,Trois véhicules et plus - collisions multiples,,,,,,,,,,,1,1,1,1.0,5.0
201800044815,0018-04-25 08:30:00,18,4,25,8,30,920,36,AUTOROUTE A15,48.94078,2.293,Plein jour,Hors agglomération,Hors intersection,Normale,Deux véhicules - arrière,,,,,,,,,,,1,1,1,1.0,2.0
201800044816,0018-04-25 11:40:00,18,4,25,11,40,930,30,AUTOROUTE A1,48.93959,2.42024,Plein jour,Hors agglomération,Hors intersection,Normale,Deux véhicules - arrière,,,,,,,,,,,1,1,1,1.0,2.0
201800044817,0018-04-25 16:40:00,18,4,25,16,40,930,5,AUTOROUTE A1,48.96058,2.46799,Plein jour,Hors agglomération,Hors intersection,Normale,Deux véhicules - arrière,,,,,,,,,,,1,1,1,1.0,2.0
201800044818,0018-04-25 19:00:00,18,4,25,19,0,930,66,AUTOROUTE A1,48.93381,2.38399,Plein jour,Hors agglomération,Hors intersection,Normale,Trois véhicules et plus - collisions multiples,,,,,,,,,,,1,1,1,1.0,5.0
201800044819,0018-04-25 18:30:00,18,4,25,18,30,930,1,AUTOROUTE A86,48.92167,2.37706,Plein jour,Hors agglomération,Hors intersection,Normale,Deux véhicules - arrière,,,,,,,,,,,1,1,1,1.0,2.0
201800044820,0018-04-25 23:55:00,18,4,25,23,55,930,48,AUTOROUTE A3,48.87363,2.43737,Nuit sans éclairage public,Hors agglomération,Hors intersection,Normale,Deux véhicules - côté,,,,,,,,,,,3,1,1,1.0,3.0
201800044821,0018-04-26 16:50:00,18,4,26,16,50,930,64,AUTOROUTE A86,48.88797,2.47434,Plein jour,Hors agglomération,Hors intersection,Normale,Trois véhicules et plus - en chaîne,,,,,,,,,,,1,1,1,1.0,4.0
201800044822,0018-04-26 17:40:00,18,4,26,17,40,920,36,AUTOROUTE A15,48.94094,2.29203,Plein jour,Hors agglomération,Hors intersection,Normale,Deux véhicules - côté,,,,,,,,,,,1,1,1,1.0,3.0
201800044823,0018-04-27 08:35:00,18,4,27,8,35,930,27,AUTOROUTE A86,48.92293,2.38061,Plein jour,Hors agglomération,Hors intersection,Normale,Trois véhicules et plus - en chaîne,,,,,,,,,,,1,1,1,1.0,4.0
201800044824,0018-04-27 09:40:00,18,4,27,9,40,930,7,AUTOROUTE A3,48.9261,2.48146,Plein jour,Hors agglomération,Hors intersection,Normale,Deux véhicules - côté,,,,,,,,,,,1,1,1,1.0,3.0
201800044825,0018-04-27 12:20:00,18,4,27,12,20,920,78,AUTOROUTE A86,48.92732,2.33337,Plein jour,Hors agglomération,Hors intersection,Normale,Sans collision,,,,,,,,,,,1,1,1,1.0,7.0
201800044826,0018-04-27 19:55:00,18,4,27,19,55,930,13,AUTOROUTE A1,48.93873,2.41714,Plein jour,Hors agglomération,Hors intersection,Normale,Deux véhicules - côté,,,,,,,,,,,1,1,1,1.0,3.0
201800044827,0018-04-28 08:30:00,18,4,28,8,30,950,351,RN 104,49.0287,2.5031,Plein jour,Hors agglomération,Hors intersection,Normale,Autre collision,,,,,,,,,,,1,1,1,1.0,6.0
201800044828,0018-04-29 02:10:00,18,4,29,2,10,930,66,AUTOROUTE A1,48.9121,2.3578,Nuit avec éclairage allumé,Hors agglomération,Hors intersection,Normale,Deux véhicules - arrière,,,,,,,,,,,5,1,1,1.0,2.0
201800044829,0018-04-29 00:10:00,18,4,29,0,10,950,18,AUTOROUTE A15,48.9607,2.2701,Nuit sans éclairage public,Hors agglomération,Hors intersection,Normale,Trois véhicules et plus - collisions multiples,,,,,,,,,,,3,1,1,1.0,5.0
201800044830,0018-04-29 10:20:00,18,4,29,10,20,950,572,AUTOROUTE A9015,49.0334,2.1108,Plein jour,Hors agglomération,Hors intersection,Normale,Sans collision,,,,,,,,,,,1,1,1,1.0,7.0
201800044831,0018-04-29 15:50:00,18,4,29,15,50,950,277,AUTOROUTE A104,48.9729,2.4851,Plein jour,Hors agglomération,Hors intersection,Normale,Autre collision,,,,,,,,,,,1,1,1,1.0,6.0
201800044832,0018-04-29 20:20:00,18,4,29,20,20,950,18,AUTOROUTE A15,48.9566,2.2748,Crépuscule ou aube,Hors agglomération,Hors intersection,Pluie légère,Deux véhicules - côté,,,,,,,,,,,2,1,1,2.0,3.0
201800044833,0018-04-30 01:50:00,18,4,30,1,50,930,27,AUTOROUTE A86,48.92646,2.4033,Nuit sans éclairage public,Hors agglomération,Hors intersection,Pluie forte,Autre collision,,,,,,,,,,,3,1,1,3.0,6.0
201800044834,0018-04-29 22:30:00,18,4,29,22,30,950,61,RN 104,49.0656,2.2601,Nuit sans éclairage public,Hors agglomération,Hors intersection,Pluie forte,Autre collision,,,,,,,,,,,3,1,1,3.0,6.0
201800044835,0018-04-30 01:30:00,18,4,30,1,30,930,13,AUTOROUTE A1,48.9398,2.43933,Nuit sans éclairage public,Hors agglomération,Hors intersection,Pluie forte,Deux véhicules - arrière,,,,,,,,,,,3,1,1,3.0,2.0
201800044836,0018-04-30 03:15:00,18,4,30,3,15,950,18,AUTOROUTE A15,48.9508,2.2801,Nuit avec éclairage non allumé,Hors agglomération,Hors intersection,Pluie forte,Autre collision,,,,,,,,,,,4,1,1,3.0,6.0
201800044837,0018-04-30 06:00:00,18,4,30,6,0,930,64,AUTOROUTE A86,48.87224,2.48117,Nuit sans éclairage public,Hors agglomération,Hors intersection,Pluie légère,Autre collision,,,,,,,,,,,3,1,1,2.0,6.0
201800044838,0018-04-30 06:05:00,18,4,30,6,5,930,66,AUTOROUTE A1,48.9276,2.3573,Nuit sans éclairage public,Hors agglomération,Hors intersection,Pluie légère,Autre collision,,,,,,,,,,,3,1,1,2.0,6.0
201800044839,0018-04-29 20:15:00,18,4,29,20,15,930,53,AUTOROUTE A3,48.88337,2.45796,Crépuscule ou aube,Hors agglomération,Hors intersection,Pluie légère,Autre collision,,,,,,,,,,,2,1,1,2.0,6.0
201800044840,0018-04-30 15:50:00,18,4,30,15,50,950,572,AUTOROUTE A9015,49.0333,2.1103,Plein jour,Hors agglomération,Hors intersection,Pluie légère,Autre collision,,,,,,,,,,,1,1,1,2.0,6.0
201800044841,0018-04-30 18:30:00,18,4,30,18,30,930,78,AUTOROUTE A104,48.96304,2.52243,Plein jour,Hors agglomération,Hors intersection,Pluie légère,Autre collision,,,,,,,,,,,1,1,1,2.0,6.0
201800044842,0018-05-01 06:45:00,18,5,1,6,45,920,36,AUTOROUTE A15,48.93874,2.29416,Plein jour,Hors agglomération,Hors intersection,Normale,Autre collision,,,,,,,,,,,1,1,1,1.0,6.0
201800044843,0018-05-01 07:05:00,18,5,1,7,5,930,5,AUTOROUTE A104,48.97381,2.487,Crépuscule ou aube,Hors agglomération,Hors intersection,Normale,Deux véhicules - côté,,,,,,,,,,,2,1,1,1.0,3.0
201800044844,0018-05-01 11:35:00,18,5,1,11,35,950,582,A 9015.03,48.9624,2.2635,Plein jour,Hors agglomération,Hors intersection,Normale,Autre collision,,,,,,,,,,,1,1,1,1.0,6.0
201800044845,0018-05-01 15:25:00,18,5,1,15,25,930,27,AUTOROUTE A1,48.93387,2.38946,Plein jour,Hors agglomération,Hors intersection,Normale,Deux véhicules - arrière,,,,,,,,,,,1,1,1,1.0,2.0
201800044846,0018-05-02 11:55:00,18,5,2,11,55,930,64,AUTOROUTE A86,48.87841,2.47657,Plein jour,Hors agglomération,Hors intersection,Normale,Autre collision,,,,,,,,,,,1,1,1,1.0,6.0
201800044847,0018-05-02 14:15:00,18,5,2,14,15,950,607,AUTOROUTE A115,49.0126,2.2212,Plein jour,Hors agglomération,Hors intersection,Normale,Deux véhicules - arrière,,,,,,,,,,,1,1,1,1.0,2.0
201800044848,0018-05-01 17:00:00,18,5,1,17,0,950,582,AUTOROUTE A115,48.9745,2.2428,Plein jour,Hors agglomération,Hors intersection,Normale,Deux véhicules - côté,,,,,,,,,,,1,1,1,1.0,3.0
201800044849,0018-05-02 17:50:00,18,5,2,17,50,930,66,AUTOROUTE A1,48.91758,2.35776,Plein jour,Hors agglomération,Hors intersection,Normale,Deux véhicules - arrière,,,,,,,,,,,1,1,1,1.0,2.0
201800044850,0018-05-03 14:00:00,18,5,3,14,0,950,582,AUTOROUTE A15,48.9678,2.2523,Plein jour,Hors agglomération,Hors intersection,Normale,Autre collision,,,,,,,,,,,1,1,1,1.0,6.0
201800044851,0018-05-03 17:40:00,18,5,3,17,40,930,5,AUTOROUTE A3,48.96806,2.47794,Plein jour,Hors agglomération,Hors intersection,Normale,Deux véhicules - arrière,,,,,,,,,,,1,1,1,1.0,2.0
201800044852,0018-05-03 16:35:00,18,5,3,16,35,930,5,AUTOROUTE A3,48.9413,2.47855,Plein jour,Hors agglomération,Hors intersection,Normale,Trois véhicules et plus - collisions multiples,,,,,,,,,,,1,1,1,1.0,5.0
201800044853,0018-05-03 19:45:00,18,5,3,19,45,950,582,A9015.03,48.9649,2.2615,Plein jour,Hors agglomération,Hors intersection,Normale,Sans collision,,,,,,,,,,,1,1,1,1.0,7.0
201800044854,0018-05-04 16:20:00,18,5,4,16,20,930,66,AUTOROUTE A1,48.91481,2.35765,Plein jour,Hors agglomération,Hors intersection,Normale,Deux véhicules - côté,,,,,,,,,,,1,1,1,1.0,3.0
201800044855,0018-05-04 17:45:00,18,5,4,17,45,930,1,AUTOROUTE A86,48.92132,2.3756,Plein jour,Hors agglomération,Hors intersection,Normale,Deux véhicules - côté,,,,,,,,,,,1,1,1,1.0,3.0
201800044856,0018-05-05 16:35:00,18,5,5,16,35,930,27,AUTOROUTE A86,48.92511,2.39253,Plein jour,Hors agglomération,Hors intersection,Normale,Deux véhicules - côté,,,,,,,,,,,1,1,1,1.0,3.0
201800044857,0018-05-06 02:30:00,18,5,6,2,30,950,500,AUTOROUTE A15,49.0417,2.08029,Nuit sans éclairage public,Hors agglomération,Hors intersection,Normale,Autre collision,,,,,,,,,,,3,1,1,1.0,6.0
201800044858,0018-05-06 12:00:00,18,5,6,12,0,930,5,AUTOROUTE A1,48.96248,2.47096,Plein jour,Hors agglomération,Hors intersection,Normale,Sans collision,,,,,,,,,,,1,1,1,1.0,7.0
201800044859,0018-05-07 01:35:00,18,5,7,1,35,950,218,AUTOROUTE A15,49.0351,2.0985,Nuit sans éclairage public,Hors agglomération,Hors intersection,Normale,Autre collision,,,,,,,,,,,3,1,1,1.0,6.0
201800044860,0018-05-07 11:30:00,18,5,7,11,30,930,53,AUTOROUTE A3,48.8955,2.471,Plein jour,Hors agglomération,Hors intersection,Normale,Deux véhicules - côté,,,,,,,,,,,1,1,1,1.0,3.0
201800044861,0018-05-07 16:50:00,18,5,7,16,50,930,7,AUTOROUTE A1,48.95508,2.45813,Plein jour,Hors agglomération,Hors intersection,Normale,Deux véhicules - côté,,,,,,,,,,,1,1,1,1.0,3.0
201800044862,0018-05-07 17:10:00,18,5,7,17,10,950,252,AUTOROUTE A15,48.9778,2.2321,Plein jour,Hors agglomération,Hors intersection,Normale,Deux véhicules - côté,,,,,,,,,,,1,1,1,1.0,3.0
201800044863,0018-05-09 01:30:00,18,5,9,1,30,950,641,AUTOROUTE A1,49.0777,2.5516,Nuit sans éclairage public,Hors agglomération,Hors intersection,Normale,Trois véhicules et plus - collisions multiples,,,,,,,,,,,3,1,1,1.0,5.0
201800044864,0018-05-09 08:55:00,18,5,9,8,55,950,18,AUTOROUTE A15,48.9532,2.2791,Plein jour,Hors agglomération,Hors intersection,Normale,Deux véhicules - côté,,,,,,,,,,,1,1,1,1.0,3.0
201800044865,0018-05-10 13:35:00,18,5,10,13,35,930,66,AUTOROUTE A1,48.91854,2.35765,Plein jour,Hors agglomération,Hors intersection,Normale,Trois véhicules et plus - collisions multiples,,,,,,,,,,,1,1,1,1.0,5.0
201800044866,0018-05-10 17:25:00,18,5,10,17,25,950,28,RN 104,49.0604,2.3561,Plein jour,Hors agglomération,Hors intersection,Normale,Autre collision,,,,,,,,,,,1,1,1,1.0,6.0
201800044867,0018-05-10 20:15:00,18,5,10,20,15,950,154,AUTOROUTE A1,49.0369,2.5413,Plein jour,Hors agglomération,Hors intersection,Normale,Trois véhicules et plus - collisions multiples,,,,,,,,,,,1,1,1,1.0,5.0
201800044868,0018-05-11 08:45:00,18,5,11,8,45,950,572,RN 184,49.0371,2.1221,Plein jour,Hors agglomération,Hors intersection,Normale,Deux véhicules - côté,,,,,,,,,,,1,1,1,1.0,3.0
201800044869,0018-05-11 14:00:00,18,5,11,14,0,930,64,AUTOROUTE A86,48.88,2.47582,Plein jour,Hors agglomération,Hors intersection,Normale,Deux véhicules - arrière,,,,,,,,,,,1,1,1,1.0,2.0
201800044870,0018-05-12 06:30:00,18,5,12,6,30,950,277,AUTOROUTE A3,48.9744,2.4893,Crépuscule ou aube,Hors agglomération,Hors intersection,Normale,Autre collision,,,,,,,,,,,2,1,1,1.0,6.0
201800044871,0018-05-12 07:20:00,18,5,12,7,20,950,42,RN 104,49.0619,2.3205,Plein jour,Hors agglomération,Hors intersection,Normale,Autre collision,,,,,,,,,,,1,1,1,1.0,6.0
201800044872,0018-05-12 18:00:00,18,5,12,18,0,930,64,AUTOROUTE A86,48.87035,2.48236,Plein jour,Hors agglomération,Hors intersection,Pluie forte,Trois véhicules et plus - collisions multiples,,,,,,,,,,,1,1,1,3.0,5.0
201800044873,0018-05-12 20:30:00,18,5,12,20,30,950,277,AUTOROUTE A104,48.9725,2.4848,Plein jour,Hors agglomération,Hors intersection,Pluie légère,Deux véhicules - arrière,,,,,,,,,,,1,1,1,2.0,2.0
201800044874,0018-05-14 09:40:00,18,5,14,9,40,930,66,AUTOROUTE A1,48.91211,2.35811,Plein jour,Hors agglomération,Hors intersection,Normale,Deux véhicules - arrière,,,,,,,,,,,1,1,1,1.0,2.0
201800044875,0018-05-14 09:50:00,18,5,14,9,50,930,53,AUTOROUTE A3,48.89212,2.47281,Plein jour,Hors agglomération,Hors intersection,Pluie légère,Trois véhicules et plus - en chaîne,,,,,,,,,,,1,1,1,2.0,4.0
201800044876,0018-05-13 18:21:00,18,5,13,18,21,930,7,AUTOROUTE A1,48.94625,2.4416,Plein jour,Hors agglomération,Hors intersection,Normale,Trois véhicules et plus - en chaîne,,,,,,,,,,,1,1,1,1.0,4.0
201800044877,0018-05-14 19:40:00,18,5,14,19,40,950,582,AUTOROUTE A15,48.9685,2.2516,Plein jour,Hors agglomération,Hors intersection,Pluie légère,Deux véhicules - arrière,,,,,,,,,,,1,1,1,2.0,2.0
201800044878,0018-05-14 14:20:00,18,5,14,14,20,950,88,RD 170,48.9752,2.4265,Plein jour,Hors agglomération,Hors intersection,Normale,Deux véhicules - arrière,,,,,,,,,,,1,1,1,1.0,2.0
201800044879,0018-05-15 13:00:00,18,5,15,13,0,950,252,AUTOROUTE A15,48.9811,2.2242,Plein jour,Hors agglomération,Hors intersection,Normale,Autre collision,,,,,,,,,,,1,1,1,1.0,6.0
201800044880,0018-05-15 19:30:00,18,5,15,19,30,930,63,AUTOROUTE A3,48.87401,2.43759,Plein jour,Hors agglomération,Hors intersection,Normale,Deux véhicules - côté,,,,,,,,,,,1,1,1,1.0,3.0
201800044881,0018-05-09 17:35:00,18,5,9,17,35,930,10,AUTOROUTE A3,48.90549,2.4781,Plein jour,Hors agglomération,Hors intersection,Normale,Trois véhicules et plus - en chaîne,,,,,,,,,,,1,1,1,1.0,4.0
201800044882,0018-05-16 07:25:00,18,5,16,7,25,930,78,AUTOROUTE A104,48.9677,2.51061,Plein jour,Hors agglomération,Hors intersection,Normale,Deux véhicules - arrière,,,,,,,,,,,1,1,1,1.0,2.0
201800044883,0018-05-16 19:30:00,18,5,16,19,30,930,78,AUTOROUTE A104,48.95835,2.52809,Plein jour,Hors agglomération,Hors intersection,Normale,Deux véhicules - côté,,,,,,,,,,,1,1,1,1.0,3.0
201800044884,0018-05-17 08:10:00,18,5,17,8,10,930,64,AUTOROUTE A3,48.8855,2.47233,Plein jour,Hors agglomération,Hors intersection,Normale,Deux véhicules - côté,,,,,,,,,,,1,1,1,1.0,3.0
201800044885,0018-05-17 08:45:00,18,5,17,8,45,930,7,AUTOROUTE A3,48.92598,2.48149,Plein jour,Hors agglomération,Hors intersection,Normale,Deux véhicules - arrière,,,,,,,,,,,1,1,1,1.0,2.0