accident_id,datetime,annee,mois,jour,heure,minute,departement,commune_insee,adresse,latitude,longitude,luminosite,agglomeration,intersection,meteo,collision,nb_vehicules,nb_usagers,nb_indemnes,nb_tues,nb_blesses_hosp,nb_blesses_legers,age_cond_1,age_cond_2,veh_type_cond_1,veh_type_cond_2,lum_code,agg_code,int_code,atm_code,col_code
201800044886,0018-05-17 07:30:00,18,5,17,7,30,950,365,RN 104,49.0648,2.4089,Plein jour,Hors agglomération,Hors intersection,Normale,Trois véhicules et plus - collisions multiples,,,,,,,,,,,1,1,1,1.0,5.0
201800044887,0018-05-17 10:15:00,18,5,17,10,15,950,582,AUTOROUTE A15,48.9708,2.2492,Plein jour,Hors agglomération,Hors intersection,Normale,Trois véhicules et plus - collisions multiples,,,,,,,,,,,1,1,1,1.0,5.0
201800044888,0018-05-17 14:15:00,18,5,17,14,15,930,7,AUTOROUTE A1,48.94817,2.44497,Plein jour,Hors agglomération,Hors intersection,Normale,Trois véhicules et plus - en chaîne,,,,,,,,,,,1,1,1,1.0,4.0
201800044889,0018-05-17 18:40:00,18,5,17,18,40,950,527,A9001.06,48.9878,2.5078,Plein jour,Hors agglomération,Hors intersection,Normale,Autre collision,,,,,,,,,,,1,1,1,1.0,6.0
201800044890,0018-05-17 16:15:00,18,5,17,16,15,930,64,AUTOROUTE A86,48.86771,2.48173,Plein jour,Hors agglomération,Hors intersection,Normale,Trois véhicules et plus - en chaîne,,,,,,,,,,,1,1,1,1.0,4.0
201800044891,0018-05-18 12:30:00,18,5,18,12,30,930,6,AUTOROUTE A3,48.86586,2.41675,Plein jour,Hors agglomération,Hors intersection,Normale,Deux véhicules - arrière,,,,,,,,,,,1,1,1,1.0,2.0
201800044892,0018-05-18 12:30:00,18,5,18,12,30,950,277,AUTOROUTE A3,48.9698,2.4824,Plein jour,Hors agglomération,Hors intersection,Normale,Deux véhicules - arrière,,,,,,,,,,,1,1,1,1.0,2.0
201800044893,0018-05-18 17:15:00,18,5,18,17,15,950,572,RN 184,49.0428,2.1288,Plein jour,Hors agglomération,Hors intersection,Normale,Deux véhicules - côté,,,,,,,,,,,1,1,1,1.0,3.0
201800044894,0018-05-18 14:10:00,18,5,18,14,10,950,277,RD 170,48.9778,2.4489,Plein jour,Hors agglomération,Hors intersection,Normale,Trois véhicules et plus - en chaîne,,,,,,,,,,,1,1,1,1.0,4.0
201800044895,0018-05-18 19:35:00,18,5,18,19,35,930,30,AUTOROUTE A1,48.93978,2.42095,Plein jour,Hors agglomération,Hors intersection,Normale,Trois véhicules et plus - en chaîne,,,,,,,,,,,1,1,1,1.0,4.0
201800044896,0018-05-18 21:25:00,18,5,18,21,25,930,66,AUTOROUTE A86,48.92188,2.36684,Plein jour,Hors agglomération,Hors intersection,Normale,Deux véhicules - côté,,,,,,,,,,,1,1,1,1.0,3.0
201800044897,0018-05-19 14:15:00,18,5,19,14,15,930,78,AUTOROUTE A104,48.96745,2.51061,Plein jour,Hors agglomération,Hors intersection,Normale,Deux véhicules - côté,,,,,,,,,,,1,1,1,1.0,3.0
201800044898,0018-05-19 16:30:00,18,5,19,16,30,950,18,AUTOROUTE A15,48.9596,2.2718,Plein jour,Hors agglomération,Hors intersection,Normale,Trois véhicules et plus - en chaîne,,,,,,,,,,,1,1,1,1.0,4.0
201800044899,0018-05-21 17:50:00,18,5,21,17,50,930,7,AUTOROUTE A1,48.94788,2.44418,Plein jour,Hors agglomération,Hors intersection,Normale,Deux véhicules - arrière,,,,,,,,,,,1,1,1,1.0,2.0
201800044900,0018-05-22 20:30:00,18,5,22,20,30,930,27,AUTOROUTE A86,48.92864,2.41536,Plein jour,Hors agglomération,Hors intersection,Normale,Autre collision,,,,,,,,,,,1,1,1,1.0,6.0
201800044901,0018-05-22 21:38:00,18,5,22,21,38,920,78,AUTOROUTE A86,48.93096,2.32284,Crépuscule ou aube,Hors agglomération,Hors intersection,Normale,Deux véhicules - arrière,,,,,,,,,,,2,1,1,1.0,2.0
201800044902,0018-05-22 21:35:00,18,5,22,21,35,930,27,AUTOROUTE A86,48.92523,2.3937,Nuit sans éclairage public,Hors agglomération,Hors intersection,Pluie légère,Deux véhicules - côté,,,,,,,,,,,3,1,1,2.0,3.0
201800044903,0018-05-22 19:30:00,18,5,22,19,30,930,64,AUTOROUTE A86,48.87918,2.47632,Plein jour,Hors agglomération,Hors intersection,Pluie légère,Deux véhicules - côté,,,,,,,,,,,1,1,1,2.0,3.0
201800044904,0018-05-23 16:00:00,18,5,23,16,0,930,27,AUTOROUTE A1,48.93405,2.39222,Plein jour,Hors agglomération,Hors intersection,Normale,Deux véhicules - arrière,,,,,,,,,,,1,1,1,1.0,2.0
201800044905,0018-05-24 06:35:00,18,5,24,6,35,930,66,AUTOROUTE A1,48.91948,2.35736,Crépuscule ou aube,Hors agglomération,Hors intersection,Normale,Deux véhicules - arrière,,,,,,,,,,,2,1,1,1.0,2.0
201800044906,0018-05-24 09:30:00,18,5,24,9,30,930,66,AUTOROUTE A86,48.92228,2.35447,Plein jour,Hors agglomération,Hors intersection,Normale,Sans collision,,,,,,,,,,,1,1,1,1.0,7.0
201800044907,0018-05-25 08:00:00,18,5,25,8,0,950,18,RD 170,48.9616,2.2616,Plein jour,Hors agglomération,Hors intersection,Normale,Trois véhicules et plus - en chaîne,,,,,,,,,,,1,1,1,1.0,4.0
201800044908,0018-05-25 08:30:00,18,5,25,8,30,930,29,AUTOROUTE A86,48.91915,2.42853,Plein jour,Hors agglomération,Hors intersection,Normale,Deux véhicules - arrière,,,,,,,,,,,1,1,1,1.0,2.0
201800044909,0018-05-25 11:40:00,18,5,25,11,40,950,555,RD 170,48.9761,2.2802,Plein jour,Hors agglomération,Hors intersection,Normale,Sans collision,,,,,,,,,,,1,1,1,1.0,7.0
201800044910,0018-05-25 14:05:00,18,5,25,14,5,930,7,AUTOROUTE A3,48.94402,2.47754,Plein jour,Hors agglomération,Hors intersection,Normale,Trois véhicules et plus - en chaîne,,,,,,,,,,,1,1,1,1.0,4.0
201800044911,0018-05-25 16:45:00,18,5,25,16,45,930,66,AUTOROUTE A1,48.93388,2.38206,Plein jour,Hors agglomération,Hors intersection,Pluie forte,Deux véhicules - arrière,,,,,,,,,,,1,1,1,3.0,2.0
201800044912,0018-05-25 15:45:00,18,5,25,15,45,600,505,AUTOROUTE A1,49.17312,2.60034,Plein jour,Hors agglomération,Hors intersection,Normale,Deux véhicules - côté,,,,,,,,,,,1,1,1,1.0,3.0
201800044913,0018-05-25 16:20:00,18,5,25,16,20,950,500,AUTOROUTE A15,49.0425,2.0789,Plein jour,Hors agglomération,Hors intersection,Normale,Deux véhicules - côté,,,,,,,,,,,1,1,1,1.0,3.0
201800044914,0018-05-25 21:30:00,18,5,25,21,30,920,78,AUTOROUTE A86,48.92955,2.32845,Nuit sans éclairage public,Hors agglomération,Hors intersection,Pluie forte,Deux véhicules - arrière,,,,,,,,,,,3,1,1,3.0,2.0
201800044915,0018-05-26 05:05:00,18,5,26,5,5,920,78,AUTOROUTE A86,48.92958,2.32847,Nuit sans éclairage public,Hors agglomération,Hors intersection,Pluie forte,Sans collision,,,,,,,,,,,3,1,1,3.0,7.0
201800044916,0018-05-26 18:40:00,18,5,26,18,40,930,27,AUTOROUTE A86,48.92788,2.40958,Plein jour,Hors agglomération,Hors intersection,Normale,Deux véhicules - arrière,,,,,,,,,,,1,1,1,1.0,2.0
201800044917,0018-05-04 07:50:00,18,5,4,7,50,950,582,AUTOROUTE A15,48.9751,2.2425,Plein jour,Hors agglomération,Hors intersection,Normale,Deux véhicules - arrière,,,,,,,,,,,1,1,1,1.0,2.0
201800044918,0018-05-27 15:15:00,18,5,27,15,15,950,60,AUTOROUTE A115,49.0415,2.1893,Plein jour,Hors agglomération,Hors intersection,Normale,Autre collision,,,,,,,,,,,1,1,1,1.0,6.0
201800044919,0018-05-28 11:15:00,18,5,28,11,15,950,394,AUTOROUTE A115,49.0502,2.1814,Plein jour,Hors agglomération,Hors intersection,Normale,Deux véhicules - côté,,,,,,,,,,,1,1,1,1.0,3.0
201800044920,0018-05-29 01:05:00,18,5,29,1,5,930,64,AUTOROUTE A86,48.88741,2.47427,Nuit avec éclairage non allumé,Hors agglomération,Hors intersection,Temps couvert,Trois véhicules et plus - en chaîne,,,,,,,,,,,4,1,1,8.0,4.0
201800044921,0018-05-29 14:50:00,18,5,29,14,50,930,78,AUTOROUTE A104,48.96114,2.54329,Plein jour,Hors agglomération,Hors intersection,Normale,Deux véhicules - arrière,,,,,,,,,,,1,1,1,1.0,2.0
201800044922,0018-05-29 15:55:00,18,5,29,15,55,930,53,AUTOROUTE A3,48.88211,2.45557,Plein jour,Hors agglomération,Hors intersection,Normale,Deux véhicules - côté,,,,,,,,,,,1,1,1,1.0,3.0
201800044923,0018-05-29 14:40:00,18,5,29,14,40,950,154,AUTOROUTE A1,49.0445,2.5448,Plein jour,Hors agglomération,Hors intersection,Normale,Autre collision,,,,,,,,,,,1,1,1,1.0,6.0
201800044924,0018-05-29 20:10:00,18,5,29,20,10,930,66,AUTOROUTE A1,48.91034,2.35794,Plein jour,Hors agglomération,Hors intersection,Normale,Trois véhicules et plus - en chaîne,,,,,,,,,,,1,1,1,1.0,4.0
201800044925,0018-05-29 22:40:00,18,5,29,22,40,930,8,AUTOROUTE A86,48.91614,2.42974,Nuit avec éclairage allumé,Hors agglomération,Hors intersection,Pluie forte,Autre collision,,,,,,,,,,,5,1,1,3.0,6.0
201800044926,0018-05-30 02:25:00,18,5,30,2,25,950,527,AUTOROUTE A3,48.9871,2.5051,Nuit sans éclairage public,Hors agglomération,Hors intersection,Pluie légère,Deux véhicules - arrière,,,,,,,,,,,3,1,1,2.0,2.0
201800044927,0018-05-30 02:15:00,18,5,30,2,15,950,572,A9015.07,49.0332,2.1115,Nuit sans éclairage public,Hors agglomération,Hors intersection,Pluie légère,Autre collision,,,,,,,,,,,3,1,1,2.0,6.0
201800044928,0018-05-31 08:15:00,18,5,31,8,15,950,351,RN 104,49.0354,2.4872,Plein jour,Hors agglomération,Hors intersection,Normale,Deux véhicules - arrière,,,,,,,,,,,1,1,1,1.0,2.0
201800044929,0018-05-31 09:15:00,18,5,31,9,15,930,48,AUTOROUTE A3,48.87115,2.43236,Plein jour,Hors agglomération,Hors intersection,Normale,Deux véhicules - arrière,,,,,,,,,,,1,1,1,1.0,2.0
201800044930,0018-05-31 09:50:00,18,5,31,9,50,930,10,AUTOROUTE A3,48.88893,2.47375,Plein jour,Hors agglomération,Hors intersection,Normale,Deux véhicules - côté,,,,,,,,,,,1,1,1,1.0,3.0
201800044931,0018-05-31 13:45:00,18,5,31,13,45,950,42,RN 104,49.0589,2.2836,Plein jour,Hors agglomération,Hors intersection,Normale,Deux véhicules - arrière,,,,,,,,,,,1,1,1,1.0,2.0
201800044932,0018-06-01 05:30:00,18,6,1,5,30,950,28,RN 104,49.0617,2.3437,Crépuscule ou aube,Hors agglomération,Hors intersection,Normale,Deux véhicules - frontale,,,,,,,,,,,2,1,1,1.0,1.0
201800044933,0018-06-01 09:45:00,18,6,1,9,45,950,424,AUTOROUTE A15,48.9918,2.1897,Plein jour,Hors agglomération,Hors intersection,Normale,Deux véhicules - arrière,,,,,,,,,,,1,1,1,1.0,2.0
201800044934,0018-06-01 16:00:00,18,6,1,16,0,930,5,AUTOROUTE A3,48.94216,2.47815,Plein jour,Hors agglomération,Hors intersection,Normale,Deux véhicules - côté,,,,,,,,,,,1,1,1,1.0,3.0
201800044935,0018-06-01 17:50:00,18,6,1,17,50,930,64,AUTOROUTE A86,48.87111,2.48225,Plein jour,Hors agglomération,Hors intersection,Pluie légère,Deux véhicules - côté,,,,,,,,,,,1,1,1,2.0,3.0
201800044936,0018-06-01 20:15:00,18,6,1,20,15,920,36,AUTOROUTE A15,48.94086,2.29277,Plein jour,Hors agglomération,Hors intersection,Normale,Trois véhicules et plus - collisions multiples,,,,,,,,,,,1,1,1,1.0,5.0
201800044937,0018-06-01 22:00:00,18,6,1,22,0,920,36,AUTOROUTE A15,48.94364,2.28775,Nuit sans éclairage public,Hors agglomération,Hors intersection,Pluie forte,Autre collision,,,,,,,,,,,3,1,1,3.0,6.0
201800044938,0018-06-02 08:00:00,18,6,2,8,0,930,53,AUTOROUTE A3,48.89233,2.4728,Plein jour,Hors agglomération,Hors intersection,Normale,Deux véhicules - côté,,,,,,,,,,,1,1,1,1.0,3.0
201800044939,0018-06-02 05:45:00,18,6,2,5,45,950,607,AUTOROUTE A115,49.0383,2.1927,Crépuscule ou aube,Hors agglomération,Hors intersection,Normale,Deux véhicules - arrière,,,,,,,,,,,2,1,1,1.0,2.0
201800044940,0018-06-02 10:40:00,18,6,2,10,40,930,66,AUTOROUTE A1,48.90206,2.35817,Plein jour,Hors agglomération,Hors intersection,Normale,Deux véhicules - côté,,,,,,,,,,,1,1,1,1.0,3.0
201800044941,0018-06-03 21:50:00,18,6,3,21,50,920,36,AUTOROUTE A86,48.93916,2.30189,Plein jour,Hors agglomération,Hors intersection,Normale,Autre collision,,,,,,,,,,,1,1,1,1.0,6.0
201800044942,0018-06-04 01:45:00,18,6,4,1,45,930,53,AUTOROUTE A3,48.8946,2.47129,Nuit sans éclairage public,Hors agglomération,Hors intersection,Normale,Deux véhicules - arrière,,,,,,,,,,,3,1,1,1.0,2.0
201800044943,0018-06-03 17:50:00,18,6,3,17,50,950,582,AUTOROUTE A15,48.9656,2.2583,Plein jour,Hors agglomération,Hors intersection,Normale,Trois véhicules et plus - en chaîne,,,,,,,,,,,1,1,1,1.0,4.0
201800044944,0018-06-04 08:55:00,18,6,4,8,55,930,78,AUTOROUTE A104,48.96805,2.50961,Plein jour,Hors agglomération,Hors intersection,Normale,Deux véhicules - arrière,,,,,,,,,,,1,1,1,1.0,2.0
201800044945,0018-06-04 14:00:00,18,6,4,14,0,930,66,AUTOROUTE A1,48.91476,2.35766,Plein jour,Hors agglomération,Hors intersection,Normale,Trois véhicules et plus - en chaîne,,,,,,,,,,,1,1,1,1.0,4.0
201800044946,0018-06-04 17:35:00,18,6,4,17,35,930,66,AUTOROUTE A1,48.92933,2.36176,Plein jour,Hors agglomération,Hors intersection,Normale,Deux véhicules - côté,,,,,,,,,,,1,1,1,1.0,3.0
201800044947,0018-06-05 18:20:00,18,6,5,18,20,930,66,AUTOROUTE A1,48.91211,2.35812,Plein jour,Hors agglomération,Hors intersection,Normale,Deux véhicules - arrière,,,,,,,,,,,1,1,1,1.0,2.0
201800044948,0018-06-05 19:25:00,18,6,5,19,25,930,66,AUTOROUTE A1,48.913,2.35775,Plein jour,Hors agglomération,Autre intersection,Normale,Trois véhicules et plus - collisions multiples,,,,,,,,,,,1,1,9,1.0,5.0
201800044949,0018-06-06 09:50:00,18,6,6,9,50,950,582,AUTOROUTE A15,48.9735,2.2459,Plein jour,Hors agglomération,Hors intersection,Pluie légère,Deux véhicules - côté,,,,,,,,,,,1,1,1,2.0,3.0
201800044950,0018-06-06 09:05:00,18,6,6,9,5,950,572,RN 184,49.0484,2.1341,Plein jour,Hors agglomération,Hors intersection,Pluie légère,Deux véhicules - arrière,,,,,,,,,,,1,1,1,2.0,2.0
201800044951,0018-06-06 11:30:00,18,6,6,11,30,950,18,AUTOROUTE A15,48.9548,2.2782,Plein jour,Hors agglomération,Hors intersection,Pluie légère,Deux véhicules - arrière,,,,,,,,,,,1,1,1,2.0,2.0
201800044952,0018-06-06 14:45:00,18,6,6,14,45,930,64,AUTOROUTE A103,48.8867,2.47784,Plein jour,Hors agglomération,Hors intersection,Normale,Deux véhicules - arrière,,,,,,,,,,,1,1,1,1.0,2.0
201800044953,0018-06-06 20:30:00,18,6,6,20,30,930,64,AUTOROUTE A3,48.88595,2.47295,Plein jour,Hors agglomération,Hors intersection,Pluie légère,Trois véhicules et plus - collisions multiples,,,,,,,,,,,1,1,1,2.0,5.0
201800044954,0018-06-06 22:45:00,18,6,6,22,45,920,36,AUTOROUTE A86,48.93746,2.31706,Nuit sans éclairage public,Hors agglomération,Hors intersection,Pluie légère,Autre collision,,,,,,,,,,,3,1,1,2.0,6.0
201800044955,0018-06-07 01:00:00,18,6,7,1,0,920,78,AUTOROUTE A86,48.92851,2.33136,Nuit sans éclairage public,Hors agglomération,Hors intersection,Pluie légère,Deux véhicules - arrière,,,,,,,,,,,3,1,1,2.0,2.0
201800044956,0018-06-07 07:40:00,18,6,7,7,40,930,66,AUTOROUTE A1,48.92308,2.35691,Plein jour,Hors agglomération,Hors intersection,Normale,Deux véhicules - arrière,,,,,,,,,,,1,1,1,1.0,2.0
201800044957,0018-06-07 10:15:00,18,6,7,10,15,950,18,AUTOROUTE A15,48.9624,2.2664,Plein jour,Hors agglomération,Hors intersection,Normale,Deux véhicules - côté,,,,,,,,,,,1,1,1,1.0,3.0
201800044958,0018-06-07 10:50:00,18,6,7,10,50,950,604,AUTOROUTE A1,49.0975,2.5499,Plein jour,Hors agglomération,Hors intersection,Normale,Deux véhicules - arrière,,,,,,,,,,,1,1,1,1.0,2.0
201800044959,0018-06-06 19:00:00,18,6,6,19,0,950,582,AUTOROUTE A15,48.9727,2.2475,Plein jour,Hors agglomération,Hors intersection,Temps couvert,Deux véhicules - côté,,,,,,,,,,,1,1,1,8.0,3.0
201800044960,0018-06-07 17:30:00,18,6,7,17,30,930,66,AUTOROUTE A1,48.91485,2.35792,Plein jour,Hors agglomération,Hors intersection,Normale,Autre collision,,,,,,,,,,,1,1,1,1.0,6.0
201800044961,0018-06-08 15:30:00,18,6,8,15,30,930,66,AUTOROUTE A1,48.93343,2.37788,Plein jour,Hors agglomération,Hors intersection,Normale,Deux véhicules - arrière,,,,,,,,,,,1,1,1,1.0,2.0
201800044962,0018-06-08 22:10:00,18,6,8,22,10,930,48,AUTOROUTE A86,48.86552,2.48163,Nuit sans éclairage public,Hors agglomération,Hors intersection,Normale,Deux véhicules - arrière,,,,,,,,,,,3,1,1,1.0,2.0
201800044963,0018-06-09 06:15:00,18,6,9,6,15,930,53,AUTOROUTE A 3,48.89246,2.47269,Crépuscule ou aube,Hors agglomération,Hors intersection,Normale,Deux véhicules - arrière,,,,,,,,,,,2,1,1,1.0,2.0
201800044964,0018-06-09 23:30:00,18,6,9,23,30,930,53,AUTOROUTE A86,48.88805,2.47442,Nuit avec éclairage non allumé,Hors agglomération,Hors intersection,Pluie forte,Autre collision,,,,,,,,,,,4,1,1,3.0,6.0
201800044965,0018-06-09 23:00:00,18,6,9,23,0,930,10,AUTOROUTE A3,48.90061,2.46964,Nuit sans éclairage public,Hors agglomération,Hors intersection,Normale,Trois véhicules et plus - collisions multiples,,,,,,,,,,,3,1,1,1.0,5.0
201800044966,0018-06-10 09:05:00,18,6,10,9,5,950,394,AUTOROUTE A115,49.0508,2.1867,Plein jour,Hors agglomération,Hors intersection,Normale,Autre collision,,,,,,,,,,,1,1,1,1.0,6.0
201800044967,0018-06-10 16:50:00,18,6,10,16,50,950,241,RN 104,49.0535,2.4262,Plein jour,Hors agglomération,Hors intersection,Normale,Sans collision,,,,,,,,,,,1,1,1,1.0,7.0
201800044968,0018-06-10 03:15:00,18,6,10,3,15,930,53,AUTOROUTE A3,48.89885,2.4693,Nuit avec éclairage non allumé,Hors agglomération,Hors intersection,Normale,Deux véhicules - arrière,,,,,,,,,,,4,1,1,1.0,2.0
201800044969,0018-06-11 22:45:00,18,6,11,22,45,930,53,AUTOROUTE A3,48.88325,2.45808,Nuit sans éclairage public,Hors agglomération,Hors intersection,Pluie forte,Sans collision,,,,,,,,,,,3,1,1,3.0,7.0
201800044970,0018-06-12 08:15:00,18,6,12,8,15,950,678,RN 184,49.0731,2.2299,Plein jour,Hors agglomération,Hors intersection,Pluie forte,Autre collision,,,,,,,,,,,1,1,1,3.0,6.0
201800044971,0018-06-12 09:15:00,18,6,12,9,15,950,18,AUTOROUTE A15,48.9514,2.2799,Plein jour,Hors agglomération,Hors intersection,Pluie forte,Deux véhicules - côté,,,,,,,,,,,1,1,1,3.0,3.0
201800044972,0018-06-12 11:20:00,18,6,12,11,20,930,5,AUTOROUTE A1,48.96344,2.47178,Plein jour,Hors agglomération,Hors intersection,Pluie légère,Deux véhicules - arrière,,,,,,,,,,,1,1,1,2.0,2.0
201800044973,0018-06-12 17:40:00,18,6,12,17,40,950,218,AUTOROUTE A15,49.0358,2.09649,Plein jour,Hors agglomération,Hors intersection,Normale,Deux véhicules - côté,,,,,,,,,,,1,1,1,1.0,3.0
201800044974,0018-06-13 14:20:00,18,6,13,14,20,930,63,AUTOROUTE A3,48.87565,2.44077,Plein jour,Hors agglomération,Hors intersection,Normale,Trois véhicules et plus - collisions multiples,,,,,,,,,,,1,1,1,1.0,5.0
201800044975,0018-06-13 18:15:00,18,6,13,18,15,950,527,AUTOROUTE A3,48.9828,2.5037,Plein jour,Hors agglomération,Hors intersection,Normale,Deux véhicules - arrière,,,,,,,,,,,1,1,1,1.0,2.0
201800044976,0018-06-14 08:20:00,18,6,14,8,20,930,7,AUTOROUTE A3,48.92526,2.48118,Plein jour,Hors agglomération,Hors intersection,Normale,Deux véhicules - côté,,,,,,,,,,,1,1,1,1.0,3.0
201800044977,0018-06-14 10:00:00,18,6,14,10,0,920,36,AUTOROUTE A86,48.93821,2.3134,Plein jour,Hors agglomération,Hors intersection,Normale,Deux véhicules - côté,,,,,,,,,,,1,1,1,1.0,3.0
201800044978,0018-06-14 09:40:00,18,6,14,9,40,950,582,AUTOROUTE A15,48.9751,2.2425,Plein jour,Hors agglomération,Hors intersection,Normale,Deux véhicules - côté,,,,,,,,,,,1,1,1,1.0,3.0
201800044979,0018-06-14 16:00:00,18,6,14,16,0,600,494,AUTOROUTE A1,49.12599,2.55712,Plein jour,Hors agglomération,Hors intersection,Normale,Autre collision,,,,,,,,,,,1,1,1,1.0,6.0
201800044980,0018-06-14 19:00:00,18,6,14,19,0,930,48,AUTOROUTE A3,48.87139,2.4323,Plein jour,Hors agglomération,Hors intersection,Normale,Deux véhicules - arrière,,,,,,,,,,,1,1,1,1.0,2.0
201800044981,0018-06-14 08:20:00,18,6,14,8,20,950,555,RD 170,48.9704,2.2753,Plein jour,Hors agglomération,Hors intersection,Normale,Deux véhicules - côté,,,,,,,,,,,1,1,1,1.0,3.0
201800044982,0018-06-15 09:34:00,18,6,15,9,34,920,78,AUTOROUTE A86,48.92876,2.33089,Plein jour,Hors agglomération,Hors intersection,Normale,Trois véhicules et plus - collisions multiples,,,,,,,,,,,1,1,1,1.0,5.0
201800044983,0018-06-15 17:30:00,18,6,15,17,30,930,1,AUTOROUTE A86,48.91171,2.36653,Plein jour,Hors agglomération,Hors intersection,Normale,Deux véhicules - côté,,,,,,,,,,,1,1,1,1.0,3.0
201800044984,0018-06-15 20:20:00,18,6,15,20,20,930,48,AUTOROUTE A86,48.86594,2.48149,Crépuscule ou aube,Hors agglomération,Hors intersection,Normale,Trois véhicules et plus - collisions multiples,,,,,,,,,,,2,1,1,1.0,5.0
201800044985,0018-06-16 00:40:00,18,6,16,0,40,950,252,AUTOROUTE A15,48.9837,2.2181,Nuit sans éclairage public,Hors agglomération,Hors intersection,Normale,Deux véhicules - côté,,,,,,,,,,,3,1,1,1.0,3.0
201800044986,0018-06-16 20:20:00,18,6,16,20,20,950,580,AUTOROUTE A1,49.0875,2.5509,Plein jour,Hors agglomération,Hors intersection,Normale,Autre collision,,,,,,,,,,,1,1,1,1.0,6.0
201800044987,0018-06-17 07:40:00,18,6,17,7,40,930,10,AUTOROUTE A3,48.90416,2.47222,Plein jour,Hors agglomération,Hors intersection,Normale,Autre collision,,,,,,,,,,,1,1,1,1.0,6.0
201800044988,0018-06-17 15:30:00,18,6,17,15,30,930,64,AUTOROUTE A86,48.87919,2.47634,Plein jour,Hors agglomération,Hors intersection,Normale,Trois véhicules et plus - en chaîne,,,,,,,,,,,1,1,1,1.0,4.0
201800044989,0018-06-18 08:45:00,18,6,18,8,45,930,8,AUTOROUTE A86,48.91189,2.43923,Plein jour,Hors agglomération,Hors intersection,Normale,Trois véhicules et plus - en chaîne,,,,,,,,,,,1,1,1,1.0,4.0
201800044990,0018-06-18 17:45:00,18,6,18,17,45,950,678,RN 184,49.0731,2.2313,Plein jour,Hors agglomération,Hors intersection,Normale,Trois véhicules et plus - collisions multiples,,,,,,,,,,,1,1,1,1.0,5.0
201800044991,0018-06-19 09:09:00,18,6,19,9,9,950,582,RD 170,48.9652,2.2706,Plein jour,Hors agglomération,Hors intersection,Normale,Deux véhicules - arrière,,,,,,,,,,,1,1,1,1.0,2.0
201800044992,0018-06-19 11:15:00,18,6,19,11,15,930,5,AUTOROUTE A3,48.95088,2.47454,Plein jour,Hors agglomération,Hors intersection,Normale,Trois véhicules et plus - collisions multiples,,,,,,,,,,,1,1,1,1.0,5.0
201800044993,0018-06-19 12:45:00,18,6,19,12,45,930,53,AUTOROUTE A3,48.88238,2.45572,Plein jour,Hors agglomération,Hors intersection,Normale,Trois véhicules et plus - collisions multiples,,,,,,,,,,,1,1,1,1.0,5.0
201800044994,0018-06-19 21:00:00,18,6,19,21,0,920,78,AUTOROUTE A86,48.92998,2.32645,Plein jour,Hors agglomération,Hors intersection,Normale,Autre collision,,,,,,,,,,,1,1,1,1.0,6.0
201800044995,0018-06-19 16:50:00,18,6,19,16,50,950,42,RN 104,49.0632,2.3297,Plein jour,Hors agglomération,Hors intersection,Normale,Trois véhicules et plus - en chaîne,,,,,,,,,,,1,1,1,1.0,4.0
201800044996,0018-06-20 10:00:00,18,6,20,10,0,950,277,AUTOROUTE A1,48.9699,2.4819,Plein jour,Hors agglomération,Hors intersection,Normale,Deux véhicules - arrière,,,,,,,,,,,1,1,1,1.0,2.0
201800044997,0018-06-20 08:20:00,18,6,20,8,20,950,582,AUTOROUTE A15,48.9641,2.2633,Plein jour,Hors agglomération,Hors intersection,Normale,Autre collision,,,,,,,,,,,1,1,1,1.0,6.0
201800044998,0018-06-20 23:25:00,18,6,20,23,25,920,36,AUTOROUTE A86,48.929,2.3304,Nuit sans éclairage public,Hors agglomération,Hors intersection,Normale,Autre collision,,,,,,,,,,,3,1,1,1.0,6.0
201800044999,0018-06-21 08:30:00,18,6,21,8,30,930,66,AUTOROUTE A1,48.93351,2.37971,Plein jour,Hors agglomération,Hors intersection,Normale,Autre collision,,,,,,,,,,,1,1,1,1.0,6.0
201800045000,0018-06-20 07:50:00,18,6,20,7,50,930,1,AUTOROUTE A86,48.92105,2.37168,Plein jour,Hors agglomération,Hors intersection,Normale,Deux véhicules - côté,,,,,,,,,,,1,1,1,1.0,3.0
201800045001,0018-06-21 13:50:00,18,6,21,13,50,770,282,AUTOROUTE A1,49.02259,2.53505,Plein jour,Hors agglomération,Hors intersection,Normale,Deux véhicules - arrière,,,,,,,,,,,1,1,1,1.0,2.0
201800045002,0018-06-21 17:30:00,18,6,21,17,30,930,6,AUTOROUTE A3,48.86624,2.42336,Plein jour,Hors agglomération,Hors intersection,Normale,Trois véhicules et plus - collisions multiples,,,,,,,,,,,1,1,1,1.0,5.0
201800045003,0018-06-21 20:05:00,18,6,21,20,5,930,27,AUTOROUTE A1,48.93783,2.38865,Plein jour,Hors agglomération,Hors intersection,Normale,Deux véhicules - arrière,,,,,,,,,,,1,1,1,1.0,2.0
201800045004,0018-06-22 22:30:00,18,6,22,22,30,930,66,AUTOROUTE A86,48.92213,2.36112,Nuit avec éclairage non allumé,Hors agglomération,Hors intersection,Normale,Trois véhicules et plus - collisions multiples,,,,,,,,,,,4,1,1,1.0,5.0
201800045005,0018-06-23 00:05:00,18,6,23,0,5,950,572,RN 184,49.0338,2.1114,Nuit sans éclairage public,Hors agglomération,Hors intersection,Normale,Deux véhicules - côté,,,,,,,,,,,3,1,1,1.0,3.0
201800045006,0018-06-23 10:15:00,18,6,23,10,15,950,252,AUTOROUTE A15,48.9848,2.2153,Plein jour,Hors agglomération,Hors intersection,Normale,Deux véhicules - arrière,,,,,,,,,,,1,1,1,1.0,2.0