accident_id,datetime,annee,mois,jour,heure,minute,departement,commune_insee,adresse,latitude,longitude,luminosite,agglomeration,intersection,meteo,collision,nb_vehicules,nb_usagers,nb_indemnes,nb_tues,nb_blesses_hosp,nb_blesses_legers,age_cond_1,age_cond_2,veh_type_cond_1,veh_type_cond_2,lum_code,agg_code,int_code,atm_code,col_code
201800045130,0018-08-07 18:55:00,18,8,7,18,55,930,64,AUTOROUTE A86,48.88534,2.47245,Plein jour,Hors agglomération,Hors intersection,Normale,Sans collision,,,,,,,,,,,1,1,1,1.0,7.0
201800045131,0018-08-07 21:20:00,18,8,7,21,20,930,27,AUTOROUTE A86,48.92689,2.40409,Plein jour,Hors agglomération,Hors intersection,Normale,Deux véhicules - frontale,,,,,,,,,,,1,1,1,1.0,1.0
201800045132,0018-08-08 18:30:00,18,8,8,18,30,930,5,AUTOROUTE A104,48.97213,2.49485,Plein jour,Hors agglomération,Hors intersection,Normale,Trois véhicules et plus - en chaîne,,,,,,,,,,,1,1,1,1.0,4.0
201800045133,0018-08-10 11:10:00,18,8,10,11,10,930,66,AUTOROUTE A1,48.907,2.35825,Plein jour,Hors agglomération,Hors intersection,Normale,Deux véhicules - arrière,,,,,,,,,,,1,1,1,1.0,2.0
201800045134,0018-08-10 21:40:00,18,8,10,21,40,600,505,AUTOROUTE A1,49.1688,2.59929,Nuit sans éclairage public,Hors agglomération,Hors intersection,Normale,Deux véhicules - arrière,,,,,,,,,,,3,1,1,1.0,2.0
201800045135,0018-08-12 04:25:00,18,8,12,4,25,950,176,AUTOROUTE A15,48.9891,2.2015,Nuit sans éclairage public,Hors agglomération,Hors intersection,Normale,Autre collision,,,,,,,,,,,3,1,1,1.0,6.0
201800045136,0018-08-14 06:00:00,18,8,14,6,0,950,212,RN 104,49.02899,2.53236,Nuit sans éclairage public,Hors agglomération,Hors intersection,Normale,Autre collision,,,,,,,,,,,3,1,1,1.0,6.0
201800045137,0018-08-14 14:15:00,18,8,14,14,15,950,394,RN 184,49.0523,2.1798,Plein jour,Hors agglomération,Hors intersection,Normale,Deux véhicules - arrière,,,,,,,,,,,1,1,1,1.0,2.0
201800045138,0018-08-15 00:40:00,18,8,15,0,40,930,53,AUTOROUTE A3,48.8944,2.4715,Nuit avec éclairage non allumé,Hors agglomération,Hors intersection,Normale,Trois véhicules et plus - en chaîne,,,,,,,,,,,4,1,1,1.0,4.0
201800045139,0018-08-15 06:40:00,18,8,15,6,40,930,5,AUTOROUTE A3,48.95679,2.47355,Crépuscule ou aube,Hors agglomération,Hors intersection,Normale,Autre collision,,,,,,,,,,,2,1,1,1.0,6.0
201800045140,0018-08-15 08:00:00,18,8,15,8,0,950,678,RN 104,49.0683,2.2521,Plein jour,Hors agglomération,Hors intersection,Normale,Autre collision,,,,,,,,,,,1,1,1,1.0,6.0
201800045141,0018-08-15 23:30:00,18,8,15,23,30,930,66,AUTOROUTE A1,48.92286,2.35728,Nuit avec éclairage allumé,Hors agglomération,Hors intersection,Normale,Deux véhicules - arrière,,,,,,,,,,,5,1,1,1.0,2.0
201800045142,0018-08-16 15:45:00,18,8,16,15,45,950,678,RN 184,49.0711,2.2224,Plein jour,Hors agglomération,Hors intersection,Normale,Deux véhicules - arrière,,,,,,,,,,,1,1,1,1.0,2.0
201800045143,0018-08-16 17:00:00,18,8,16,17,0,950,394,RN 184,49.0514,2.1851,Plein jour,Hors agglomération,Hors intersection,Normale,Sans collision,,,,,,,,,,,1,1,1,1.0,7.0
201800045144,0018-08-19 09:35:00,18,8,19,9,35,930,10,AUTOROUTE A3,48.88893,2.47376,Plein jour,Hors agglomération,Hors intersection,Normale,Trois véhicules et plus - collisions multiples,,,,,,,,,,,1,1,1,1.0,5.0
201800045145,0018-08-20 16:40:00,18,8,20,16,40,930,5,AUTOROUTE A3,48.95786,2.47341,Plein jour,Hors agglomération,Hors intersection,Normale,Deux véhicules - arrière,,,,,,,,,,,1,1,1,1.0,2.0
201800045146,0018-08-20 22:00:00,18,8,20,22,0,950,572,AUTOROUTE A15,49.0319,2.1132,Nuit sans éclairage public,Hors agglomération,Hors intersection,Normale,Deux véhicules - arrière,,,,,,,,,,,3,1,1,1.0,2.0
201800045147,0018-08-21 03:40:00,18,8,21,3,40,930,66,AUTOROUTE A1,48.92904,2.35569,Nuit sans éclairage public,Hors agglomération,Hors intersection,Normale,Autre collision,,,,,,,,,,,3,1,1,1.0,6.0
201800045148,0018-08-21 15:00:00,18,8,21,15,0,950,582,AUTOROUTE A115,48.9733,2.2468,Plein jour,Hors agglomération,Hors intersection,Normale,Trois véhicules et plus - collisions multiples,,,,,,,,,,,1,1,1,1.0,5.0
201800045149,0018-08-21 18:00:00,18,8,21,18,0,950,306,AUTOROUTE A15,49.0073,2.1623,Plein jour,Hors agglomération,Hors intersection,Normale,Deux véhicules - arrière,,,,,,,,,,,1,1,1,1.0,2.0
201800045150,0018-08-22 20:20:00,18,8,22,20,20,930,27,AUTOROUTE A1,48.93448,2.39765,Plein jour,Hors agglomération,Hors intersection,Normale,Deux véhicules - arrière,,,,,,,,,,,1,1,1,1.0,2.0
201800045151,0018-08-23 12:30:00,18,8,23,12,30,930,53,AUTOROUTE A3,48.88418,2.46181,Plein jour,Hors agglomération,Hors intersection,Normale,Deux véhicules - arrière,,,,,,,,,,,1,1,1,1.0,2.0
201800045152,0018-08-24 12:50:00,18,8,24,12,50,930,6,AUTOROUTE A3,48.86507,2.41645,Plein jour,Hors agglomération,Hors intersection,Normale,Autre collision,,,,,,,,,,,1,1,1,1.0,6.0
201800045153,0018-08-24 16:00:00,18,8,24,16,0,930,48,AUTOROUTE A 3,48.86995,2.43083,Plein jour,Hors agglomération,Hors intersection,Normale,Trois véhicules et plus - en chaîne,,,,,,,,,,,1,1,1,1.0,4.0
201800045154,0018-08-26 00:30:00,18,8,26,0,30,930,66,AUTOROUTE A1,48.92386,2.35718,Nuit avec éclairage allumé,Hors agglomération,Hors intersection,Normale,Trois véhicules et plus - collisions multiples,,,,,,,,,,,5,1,1,1.0,5.0
201800045155,0018-08-26 21:40:00,18,8,26,21,40,950,582,A115,48.9741,2.2439,Nuit sans éclairage public,Hors agglomération,Hors intersection,Normale,Deux véhicules - arrière,,,,,,,,,,,3,1,1,1.0,2.0
201800045156,0018-08-27 17:10:00,18,8,27,17,10,930,63,AUTOROUTE A3,48.87992,2.4505,Plein jour,Hors agglomération,Hors intersection,Normale,Sans collision,,,,,,,,,,,1,1,1,1.0,7.0
201800045157,0018-08-27 18:00:00,18,8,27,18,0,930,66,AUTOROUTE A86,48.92586,2.33839,Plein jour,Hors agglomération,Hors intersection,Normale,Deux véhicules - arrière,,,,,,,,,,,1,1,1,1.0,2.0
201800045158,0018-08-27 18:52:00,18,8,27,18,52,930,66,AUTOROUTE A1,48.90879,2.35845,Plein jour,Hors agglomération,Hors intersection,Normale,Deux véhicules - arrière,,,,,,,,,,,1,1,1,1.0,2.0
201800045159,0018-08-28 03:05:00,18,8,28,3,5,930,63,AUTOROUTE A3,48.87948,2.44951,Nuit sans éclairage public,Hors agglomération,Hors intersection,Normale,Sans collision,,,,,,,,,,,3,1,1,1.0,7.0
201800045160,0018-08-28 09:55:00,18,8,28,9,55,930,53,AUTOROUTE A3,48.88319,2.45746,Plein jour,Hors agglomération,Hors intersection,Normale,Deux véhicules - arrière,,,,,,,,,,,1,1,1,1.0,2.0
201800045161,0018-08-29 10:30:00,18,8,29,10,30,950,394,AUTOROUTE A115,49.0521,2.1834,Plein jour,Hors agglomération,Hors intersection,Pluie légère,Autre collision,,,,,,,,,,,1,1,1,2.0,6.0
201800045162,0018-08-29 12:10:00,18,8,29,12,10,950,18,AUTOROUTE A15,48.9607,2.2696,Plein jour,Hors agglomération,Hors intersection,Normale,Deux véhicules - arrière,,,,,,,,,,,1,1,1,1.0,2.0
201800045163,0018-08-29 14:20:00,18,8,29,14,20,950,18,RD 170,48.9614,2.2608,Plein jour,Hors agglomération,Hors intersection,Pluie légère,Autre collision,,,,,,,,,,,1,1,1,2.0,6.0
201800045164,0018-08-30 23:25:00,18,8,30,23,25,930,8,AUTOROUTE A86,48.90725,2.45457,Nuit avec éclairage allumé,Hors agglomération,Hors intersection,Normale,Deux véhicules - arrière,,,,,,,,,,,5,1,1,1.0,2.0
201800045165,0018-08-31 14:10:00,18,8,31,14,10,950,127,AUTOROUTE A15,49.04138,2.0804,Plein jour,Hors agglomération,Hors intersection,Normale,Deux véhicules - côté,,,,,,,,,,,1,1,1,1.0,3.0
201800045166,0018-09-01 06:35:00,18,9,1,6,35,950,580,AUTOROUTE A1,49.0955,2.5503,Crépuscule ou aube,Hors agglomération,Hors intersection,Normale,Deux véhicules - côté,,,,,,,,,,,2,1,1,1.0,3.0
201800045167,0018-09-01 15:00:00,18,9,1,15,0,930,6,AUTOROUTE A3,48.8661,2.4153,Plein jour,Hors agglomération,Hors intersection,Normale,Deux véhicules - arrière,,,,,,,,,,,1,1,1,1.0,2.0
201800045168,0018-09-01 19:30:00,18,9,1,19,30,950,252,AUTOROUTE A15,48.9785,2.2301,Plein jour,Hors agglomération,Hors intersection,Normale,Deux véhicules - arrière,,,,,,,,,,,1,1,1,1.0,2.0
201800045169,0018-09-03 02:30:00,18,9,3,2,30,950,572,AUTOROUTE A15,49.0318,2.1161,Nuit sans éclairage public,Hors agglomération,Hors intersection,Normale,Deux véhicules - côté,,,,,,,,,,,3,1,1,1.0,3.0
201800045170,0018-09-03 22:30:00,18,9,3,22,30,600,631,AUTOROUTE A1,49.15033,2.58303,Nuit sans éclairage public,Hors agglomération,Hors intersection,Normale,Autre collision,,,,,,,,,,,3,1,1,1.0,6.0
201800045171,0018-09-04 15:00:00,18,9,4,15,0,930,27,BDL,48.92648,2.40172,Plein jour,Hors agglomération,Hors intersection,Normale,Autre collision,,,,,,,,,,,1,1,1,1.0,6.0
201800045172,0018-09-04 18:40:00,18,9,4,18,40,930,27,AUTOROUTE A1,48.93446,2.39765,Plein jour,Hors agglomération,Hors intersection,Normale,Deux véhicules - côté,,,,,,,,,,,1,1,1,1.0,3.0
201800045173,0018-09-04 14:20:00,18,9,4,14,20,930,63,AUTOROUTE A3,48.87625,2.44195,Plein jour,Hors agglomération,Hors intersection,Normale,Deux véhicules - arrière,,,,,,,,,,,1,1,1,1.0,2.0
201800045174,0018-09-04 17:35:00,18,9,4,17,35,930,8,AUTOROUTE A86,48.90695,2.45582,Plein jour,Hors agglomération,Hors intersection,Normale,Trois véhicules et plus - collisions multiples,,,,,,,,,,,1,1,1,1.0,5.0
201800045175,0018-09-06 09:00:00,18,9,6,9,0,950,219,AUTOROUTE A115,48.9927,2.2455,Plein jour,Hors agglomération,Hors intersection,Normale,Deux véhicules - arrière,,,,,,,,,,,1,1,1,1.0,2.0
201800045176,0018-09-06 10:05:00,18,9,6,10,5,950,491,AUTOROUTE A115,48.9981,2.2464,Plein jour,Hors agglomération,Hors intersection,Pluie légère,Deux véhicules - côté,,,,,,,,,,,1,1,1,2.0,3.0
201800045177,0018-09-06 17:45:00,18,9,6,17,45,930,39,AUTOROUTE A86,48.92619,2.33748,Plein jour,Hors agglomération,Hors intersection,Normale,Deux véhicules - côté,,,,,,,,,,,1,1,1,1.0,3.0
201800045178,0018-09-07 13:15:00,18,9,7,13,15,930,13,AUTOROUTE A1,48.94024,2.42277,Plein jour,Hors agglomération,Hors intersection,Normale,Trois véhicules et plus - collisions multiples,,,,,,,,,,,1,1,1,1.0,5.0
201800045179,0018-09-07 14:30:00,18,9,7,14,30,950,678,RN 184,49.0643,2.2141,Plein jour,Hors agglomération,Hors intersection,Normale,Trois véhicules et plus - collisions multiples,,,,,,,,,,,1,1,1,1.0,5.0
201800045180,0018-09-07 16:15:00,18,9,7,16,15,930,13,AUTOROUTE A1,48.94024,2.42354,Plein jour,Hors agglomération,Hors intersection,Normale,Trois véhicules et plus - en chaîne,,,,,,,,,,,1,1,1,1.0,4.0
201800045181,0018-09-08 01:17:00,18,9,8,1,17,950,527,AUTOROUTE A1,48.9987,2.5201,Nuit avec éclairage non allumé,Hors agglomération,Hors intersection,Normale,Deux véhicules - arrière,,,,,,,,,,,4,1,1,1.0,2.0
201800045182,0018-09-08 13:50:00,18,9,8,13,50,920,36,AUTOROUTE A86,48.9386,2.30939,Plein jour,Hors agglomération,Hors intersection,Normale,Deux véhicules - côté,,,,,,,,,,,1,1,1,1.0,3.0
201800045183,0018-09-08 13:55:00,18,9,8,13,55,950,306,AUTOROUTE A15,49.0002,2.1743,Plein jour,Hors agglomération,Hors intersection,Normale,Deux véhicules - arrière,,,,,,,,,,,1,1,1,1.0,2.0
201800045184,0018-09-09 03:30:00,18,9,9,3,30,930,6,AUTOROUTE A3,48.8639,2.41434,Nuit sans éclairage public,Hors agglomération,Hors intersection,Normale,Deux véhicules - arrière,,,,,,,,,,,3,1,1,1.0,2.0
201800045185,0018-09-09 17:40:00,18,9,9,17,40,930,66,AUTOROUTE A1,48.90941,2.35805,Plein jour,Hors agglomération,Hors intersection,Normale,Trois véhicules et plus - en chaîne,,,,,,,,,,,1,1,1,1.0,4.0
201800045186,0018-09-09 23:45:00,18,9,9,23,45,600,612,AUTOROUTE A1,49.18502,2.6053,Nuit sans éclairage public,Hors agglomération,Hors intersection,Normale,Deux véhicules - arrière,,,,,,,,,,,3,1,1,1.0,2.0
201800045187,0018-09-10 08:45:00,18,9,10,8,45,950,678,RN 184,49.0731,2.235,Plein jour,Hors agglomération,Hors intersection,Normale,Trois véhicules et plus - collisions multiples,,,,,,,,,,,1,1,1,1.0,5.0
201800045188,0018-09-10 08:30:00,18,9,10,8,30,930,6,AUTOROUTE A3,48.8639,2.41437,Plein jour,Hors agglomération,Hors intersection,Normale,Autre collision,,,,,,,,,,,1,1,1,1.0,6.0
201800045189,0018-09-10 17:10:00,18,9,10,17,10,930,8,AUTOROUTE A86,48.90664,2.45717,Plein jour,Hors agglomération,Hors intersection,Normale,Deux véhicules - arrière,,,,,,,,,,,1,1,1,1.0,2.0
201800045190,0018-09-11 12:30:00,18,9,11,12,30,950,604,AUTOROUTE A1,49.0966,2.5501,Plein jour,Hors agglomération,Hors intersection,Normale,Deux véhicules - arrière,,,,,,,,,,,1,1,1,1.0,2.0
201800045191,0018-09-11 13:30:00,18,9,11,13,30,930,39,AUTOROUTE A 86,48.92785,2.33262,Plein jour,Hors agglomération,Hors intersection,Normale,Deux véhicules - côté,,,,,,,,,,,1,1,1,1.0,3.0
201800045192,0018-09-11 17:00:00,18,9,11,17,0,950,394,RN 184,49.0671,2.2169,Plein jour,Hors agglomération,Hors intersection,Normale,Trois véhicules et plus - collisions multiples,,,,,,,,,,,1,1,1,1.0,5.0
201800045193,0018-09-12 19:00:00,18,9,12,19,0,930,66,AUTOROUTE A86,48.92183,2.36546,Plein jour,Hors agglomération,Hors intersection,Normale,Sans collision,,,,,,,,,,,1,1,1,1.0,7.0
201800045194,0018-09-13 07:45:00,18,9,13,7,45,930,64,AUTOROUTE A86,48.87917,2.47635,Plein jour,Hors agglomération,Hors intersection,Pluie légère,Autre collision,,,,,,,,,,,1,1,1,2.0,6.0
201800045195,0018-09-14 11:35:00,18,9,14,11,35,930,66,AUTOROUTE A86,48.92631,2.33801,Plein jour,Hors agglomération,Hors intersection,Normale,Trois véhicules et plus - collisions multiples,,,,,,,,,,,1,1,1,1.0,5.0
201800045196,0018-09-14 17:00:00,18,9,14,17,0,930,39,AUTOROUTE A86,48.92683,2.33612,Plein jour,Hors agglomération,Hors intersection,Normale,Deux véhicules - arrière,,,,,,,,,,,1,1,1,1.0,2.0
201800045197,0018-09-14 22:40:00,18,9,14,22,40,930,66,AUTOROUTE A1,48.90879,2.35841,Nuit avec éclairage allumé,Hors agglomération,Hors intersection,Normale,Deux véhicules - côté,,,,,,,,,,,5,1,1,1.0,3.0
201800045198,0018-09-15 13:20:00,18,9,15,13,20,950,582,AUTOROUTE A15,48.9666,2.2562,Plein jour,Hors agglomération,Hors intersection,Normale,Deux véhicules - côté,,,,,,,,,,,1,1,1,1.0,3.0
201800045199,0018-09-15 15:45:00,18,9,15,15,45,930,30,AUTOROUTE A1,48.93966,2.45032,Plein jour,Hors agglomération,Hors intersection,Normale,Deux véhicules - arrière,,,,,,,,,,,1,1,1,1.0,2.0
201800045200,0018-09-15 21:20:00,18,9,15,21,20,920,78,AUTOROUTE A86,48.92745,2.33354,Nuit sans éclairage public,Hors agglomération,Hors intersection,Normale,Deux véhicules - arrière,,,,,,,,,,,3,1,1,1.0,2.0
201800045201,0018-09-16 22:50:00,18,9,16,22,50,950,28,RN 104,49.0638,2.3673,Nuit sans éclairage public,Hors agglomération,Hors intersection,Normale,Deux véhicules - côté,,,,,,,,,,,3,1,1,1.0,3.0
201800045202,0018-09-16 23:15:00,18,9,16,23,15,930,66,AUTOROUTE A1,48.92798,2.3575,Nuit avec éclairage allumé,Hors agglomération,Hors intersection,Normale,Deux véhicules - arrière,,,,,,,,,,,5,1,1,1.0,2.0
201800045203,0018-09-17 12:15:00,18,9,17,12,15,930,10,AUTOROUTE A3,48.88936,2.47382,Plein jour,Hors agglomération,Hors intersection,Normale,Sans collision,,,,,,,,,,,1,1,1,1.0,7.0
201800045204,0018-09-17 10:40:00,18,9,17,10,40,930,48,AUTOROUTE A86,48.86375,2.48247,Plein jour,Hors agglomération,Hors intersection,Normale,Deux véhicules - arrière,,,,,,,,,,,1,1,1,1.0,2.0
201800045205,0018-09-17 16:50:00,18,9,17,16,50,950,678,RN 184,49.0618,2.2125,Plein jour,Hors agglomération,Hors intersection,Normale,Deux véhicules - arrière,,,,,,,,,,,1,1,1,1.0,2.0
201800045206,0018-09-17 16:00:00,18,9,17,16,0,930,66,AUTOROUTE A1,48.9189,2.35763,Plein jour,Hors agglomération,Hors intersection,Normale,Trois véhicules et plus - en chaîne,,,,,,,,,,,1,1,1,1.0,4.0
201800045207,0018-09-18 08:30:00,18,9,18,8,30,950,252,AUTOROUTE A15,48.9806,2.2247,Plein jour,Hors agglomération,Hors intersection,Normale,Deux véhicules - arrière,,,,,,,,,,,1,1,1,1.0,2.0
201800045208,0018-09-18 19:05:00,18,9,18,19,5,930,48,AUTOROUTE A86,48.86289,2.48283,Plein jour,Hors agglomération,Hors intersection,Normale,Sans collision,,,,,,,,,,,1,1,1,1.0,7.0
201800045209,0018-09-19 07:10:00,18,9,19,7,10,930,64,AUTOROUTE A86,48.86125,2.48381,Crépuscule ou aube,Hors agglomération,Hors intersection,Normale,Deux véhicules - côté,,,,,,,,,,,2,1,1,1.0,3.0
201800045210,0018-09-19 14:05:00,18,9,19,14,5,930,27,AUTOROUTE A86,48.9249,2.39116,Plein jour,Hors agglomération,Hors intersection,Normale,Trois véhicules et plus - collisions multiples,,,,,,,,,,,1,1,1,1.0,5.0
201800045211,0018-09-19 16:20:00,18,9,19,16,20,930,66,AUTOROUTE A1,48.9103,2.35794,Plein jour,Hors agglomération,Hors intersection,Normale,Deux véhicules - arrière,,,,,,,,,,,1,1,1,1.0,2.0
201800045212,0018-09-19 18:15:00,18,9,19,18,15,930,13,AUTOROUTE A1,48.94024,2.4235,Plein jour,Hors agglomération,Hors intersection,Normale,Deux véhicules - arrière,,,,,,,,,,,1,1,1,1.0,2.0
201800045213,0018-09-19 15:50:00,18,9,19,15,50,920,78,AUTOROUTE A86,48.93114,2.32353,Plein jour,Hors agglomération,Hors intersection,Normale,Deux véhicules - côté,,,,,,,,,,,1,1,1,1.0,3.0
201800045214,0018-09-19 23:55:00,18,9,19,23,55,930,27,AUTOROUTE A86,48.92452,2.38999,Nuit sans éclairage public,Hors agglomération,Hors intersection,Normale,Deux véhicules - arrière,,,,,,,,,,,3,1,1,1.0,2.0
201800045215,0018-09-20 04:35:00,18,9,20,4,35,950,582,AUTOROUTE A115,48.9832,2.2414,Nuit sans éclairage public,Hors agglomération,Hors intersection,Normale,Autre collision,,,,,,,,,,,3,1,1,1.0,6.0
201800045216,0018-09-20 08:40:00,18,9,20,8,40,930,66,AUTOROUTE A1,48.93067,2.36618,Plein jour,Hors agglomération,Hors intersection,Normale,Deux véhicules - côté,,,,,,,,,,,1,1,1,1.0,3.0
201800045217,0018-09-17 20:12:00,18,9,17,20,12,930,7,AUTOROUTE A3,48.94316,2.47791,Crépuscule ou aube,Hors agglomération,Hors intersection,Normale,Deux véhicules - côté,,,,,,,,,,,2,1,1,1.0,3.0
201800045218,0018-09-20 18:30:00,18,9,20,18,30,950,572,RN 184,49.0484,2.1345,Plein jour,Hors agglomération,Hors intersection,Normale,Trois véhicules et plus - en chaîne,,,,,,,,,,,1,1,1,1.0,4.0
201800045219,0018-09-20 23:55:00,18,9,20,23,55,950,488,AUTOROUTE A15,49.0205,2.1378,Nuit sans éclairage public,Hors agglomération,Hors intersection,Normale,Autre collision,,,,,,,,,,,3,1,1,1.0,6.0
201800045220,0018-09-21 05:40:00,18,9,21,5,40,950,678,RN 184,49.0725,2.2261,Nuit avec éclairage non allumé,Hors agglomération,Hors intersection,Pluie légère,Trois véhicules et plus - collisions multiples,,,,,,,,,,,4,1,1,2.0,5.0
201800045221,0018-09-21 06:45:00,18,9,21,6,45,930,7,AUTOROUTE A3,48.92333,2.48049,Nuit sans éclairage public,Hors agglomération,Hors intersection,Pluie légère,Sans collision,,,,,,,,,,,3,1,1,2.0,7.0
201800045222,0018-09-21 08:30:00,18,9,21,8,30,920,78,AUTOROUTE A86,48.93112,2.32351,Plein jour,Hors agglomération,Hors intersection,Pluie forte,Trois véhicules et plus - en chaîne,,,,,,,,,,,1,1,1,3.0,4.0
201800045223,0018-09-21 08:00:00,18,9,21,8,0,920,78,AUTOROUTE A86,48.93116,2.32354,Plein jour,Hors agglomération,Hors intersection,Pluie légère,Deux véhicules - arrière,,,,,,,,,,,1,1,1,2.0,2.0
201800045224,0018-09-21 09:00:00,18,9,21,9,0,930,66,AUTOROUTE A86,48.92257,2.35459,Plein jour,Hors agglomération,Hors intersection,Pluie légère,Deux véhicules - côté,,,,,,,,,,,1,1,1,2.0,3.0
201800045225,0018-09-21 16:35:00,18,9,21,16,35,930,5,AUTOROUTE A3,48.96017,2.47352,Plein jour,Hors agglomération,Hors intersection,Normale,Deux véhicules - côté,,,,,,,,,,,1,1,1,1.0,3.0
201800045226,0018-09-21 18:00:00,18,9,21,18,0,930,7,AUTOROUTE A3,48.92244,2.48011,Plein jour,Hors agglomération,Hors intersection,Normale,Deux véhicules - côté,,,,,,,,,,,1,1,1,1.0,3.0
201800045227,0018-09-21 18:00:00,18,9,21,18,0,930,27,AUTOROUTE A86,48.92386,2.38601,Plein jour,Hors agglomération,Hors intersection,Normale,Deux véhicules - arrière,,,,,,,,,,,1,1,1,1.0,2.0
201800045228,0018-09-22 00:10:00,18,9,22,0,10,950,572,AUTOROUTE A15,49.0302,2.1239,Nuit sans éclairage public,Hors agglomération,Hors intersection,Normale,Autre collision,,,,,,,,,,,3,1,1,1.0,6.0
201800045229,0018-09-22 04:20:00,18,9,22,4,20,600,612,AUTOROUTE A1,49.18767,2.60459,Nuit sans éclairage public,Hors agglomération,Hors intersection,Normale,Deux véhicules - arrière,,,,,,,,,,,3,1,1,1.0,2.0
201800045230,0018-09-22 13:30:00,18,9,22,13,30,950,256,AUTOROUTE A115,49.0462,2.1854,Plein jour,Hors agglomération,Hors intersection,Temps couvert,Autre collision,,,,,,,,,,,1,1,1,8.0,6.0
201800045231,0018-09-22 16:12:00,18,9,22,16,12,950,306,AUTOROUTE A15,49.0015,2.1722,Plein jour,Hors agglomération,Hors intersection,Pluie légère,Deux véhicules - arrière,,,,,,,,,,,1,1,1,2.0,2.0
201800045232,0018-09-22 16:00:00,18,9,22,16,0,930,7,AUTOROUTE A1,48.9526,2.45332,Plein jour,Hors agglomération,Hors intersection,Pluie légère,Trois véhicules et plus - collisions multiples,,,,,,,,,,,1,1,1,2.0,5.0
201800045233,0018-09-22 19:28:00,18,9,22,19,28,950,18,AUTOROUTE A15,48.9556,2.2776,Crépuscule ou aube,Hors agglomération,Hors intersection,Pluie légère,Deux véhicules - arrière,,,,,,,,,,,2,1,1,2.0,2.0
201800045234,0018-09-23 02:00:00,18,9,23,2,0,950,678,RN 184,49.0717,2.2236,Nuit sans éclairage public,Hors agglomération,Hors intersection,Normale,Autre collision,,,,,,,,,,,3,1,1,1.0,6.0
201800045235,0018-09-23 16:00:00,18,9,23,16,0,950,394,AUTOROUTE A115,49.0523,2.1846,Plein jour,Hors agglomération,Hors intersection,Pluie légère,Autre collision,,,,,,,,,,,1,1,1,2.0,6.0
201800045236,0018-09-23 15:15:00,18,9,23,15,15,930,64,AUTOROUTE A86,48.87121,2.48194,Plein jour,Hors agglomération,Hors intersection,Pluie légère,Trois véhicules et plus - collisions multiples,,,,,,,,,,,1,1,1,2.0,5.0
201800045237,0018-09-23 17:40:00,18,9,23,17,40,930,27,AUTOROUTE A86,48.9287,2.4148,Plein jour,Hors agglomération,Hors intersection,Pluie légère,Trois véhicules et plus - collisions multiples,,,,,,,,,,,1,1,1,2.0,5.0
201800045238,0018-09-23 17:25:00,18,9,23,17,25,930,64,AUTOROUTE A86,48.87111,2.48223,Plein jour,Hors agglomération,Hors intersection,Pluie légère,Trois véhicules et plus - en chaîne,,,,,,,,,,,1,1,1,2.0,4.0
201800045239,0018-09-22 17:00:00,18,9,22,17,0,600,421,AUTOROUTE A1,49.17561,2.60195,Plein jour,Hors agglomération,Hors intersection,Normale,Autre collision,,,,,,,,,,,1,1,1,1.0,6.0
201800045240,0018-09-24 08:50:00,18,9,24,8,50,950,678,RN 104,49.0731,2.2347,Plein jour,Hors agglomération,Hors intersection,Normale,Deux véhicules - arrière,,,,,,,,,,,1,1,1,1.0,2.0
201800045241,0018-09-25 01:30:00,18,9,25,1,30,930,66,AUTOROUTE A 1,48.92796,2.3575,Nuit avec éclairage allumé,Hors agglomération,Hors intersection,Normale,Deux véhicules - arrière,,,,,,,,,,,5,1,1,1.0,2.0
201800045242,0018-09-25 06:00:00,18,9,25,6,0,930,48,AUTOROUTE A86,48.86671,2.48165,Nuit sans éclairage public,Hors agglomération,Hors intersection,Normale,Deux véhicules - arrière,,,,,,,,,,,3,1,1,1.0,2.0
201800045243,0018-09-25 09:15:00,18,9,25,9,15,950,18,AUTOROUTE A15,48.9603,2.2708,Plein jour,Hors agglomération,Hors intersection,Temps éblouissant,Trois véhicules et plus - en chaîne,,,,,,,,,,,1,1,1,7.0,4.0
201800045244,0018-09-25 14:00:00,18,9,25,14,0,950,572,RN 184,49.0337,2.1112,Plein jour,Hors agglomération,Hors intersection,Normale,Autre collision,,,,,,,,,,,1,1,1,1.0,6.0
201800045245,0018-09-25 17:30:00,18,9,25,17,30,930,53,AUTOROUTE A3,48.89752,2.4698,Plein jour,Hors agglomération,Hors intersection,Normale,Autre collision,,,,,,,,,,,1,1,1,1.0,6.0
201800045246,0018-09-26 10:50:00,18,9,26,10,50,930,39,AUTOROUTE A86,48.9273,2.3334,Plein jour,Hors agglomération,Hors intersection,Normale,Deux véhicules - côté,,,,,,,,,,,1,1,1,1.0,3.0
201800045247,0018-09-26 16:45:00,18,9,26,16,45,950,306,AUTOROUTE A15,49.0068,2.1631,Plein jour,Hors agglomération,Hors intersection,Normale,Trois véhicules et plus - en chaîne,,,,,,,,,,,1,1,1,1.0,4.0
201800045248,0018-09-26 18:00:00,18,9,26,18,0,950,582,AUTOROUTE A15,48.9641,2.2634,Plein jour,Hors agglomération,Hors intersection,Normale,Deux véhicules - arrière,,,,,,,,,,,1,1,1,1.0,2.0
201800045249,0018-09-28 09:00:00,18,9,28,9,0,950,582,AUTOROUTE A15,48.9722,2.2478,Plein jour,Hors agglomération,Hors intersection,Normale,Deux véhicules - côté,,,,,,,,,,,1,1,1,1.0,3.0
201800045250,0018-09-28 09:05:00,18,9,28,9,5,930,27,AUTOROUTE A86,48.92533,2.39382,Plein jour,Hors agglomération,Hors intersection,Normale,Deux véhicules - arrière,,,,,,,,,,,1,1,1,1.0,2.0