accident_id,datetime,annee,mois,jour,heure,minute,departement,commune_insee,adresse,latitude,longitude,luminosite,agglomeration,intersection,meteo,collision,nb_vehicules,nb_usagers,nb_indemnes,nb_tues,nb_blesses_hosp,nb_blesses_legers,age_cond_1,age_cond_2,veh_type_cond_1,veh_type_cond_2,lum_code,agg_code,int_code,atm_code,col_code
201800045372,0018-10-26 10:30:00,18,10,26,10,30,930,48,AUTOROUTE A3,48.87062,2.43112,Plein jour,Hors agglomération,Hors intersection,Normale,Deux véhicules - arrière,,,,,,,,,,,1,1,1,1.0,2.0
201800045373,0018-10-26 17:05:00,18,10,26,17,5,930,64,AUTOROUTE A86,48.88405,2.47156,Plein jour,Hors agglomération,Hors intersection,Normale,Trois véhicules et plus - en chaîne,,,,,,,,,,,1,1,1,1.0,4.0
201800045374,0018-10-26 21:30:00,18,10,26,21,30,930,64,AUTOROUTE A3,48.88403,2.46952,Nuit sans éclairage public,Hors agglomération,Hors intersection,Normale,Sans collision,,,,,,,,,,,3,1,1,1.0,7.0
201800045375,0018-10-28 04:12:00,18,10,28,4,12,950,488,AUTOROUTE A15,49.0238,2.1331,Nuit sans éclairage public,Hors agglomération,Hors intersection,Normale,Deux véhicules - arrière,,,,,,,,,,,3,1,1,1.0,2.0
201800045376,0018-10-28 07:00:00,18,10,28,7,0,950,488,AUTOROUTE A15,49.0303,2.1241,Nuit sans éclairage public,Hors agglomération,Hors intersection,Normale,Autre collision,,,,,,,,,,,3,1,1,1.0,6.0
201800045377,0018-10-27 17:50:00,18,10,27,17,50,920,36,AUTOROUTE A86,48.93858,2.31221,Plein jour,Hors agglomération,Hors intersection,Normale,Deux véhicules - arrière,,,,,,,,,,,1,1,1,1.0,2.0
201800045378,0018-10-28 08:10:00,18,10,28,8,10,600,612,AUTOROUTE A1,49.1973,2.60505,Plein jour,Hors agglomération,Hors intersection,Normale,Deux véhicules - arrière,,,,,,,,,,,1,1,1,1.0,2.0
201800045379,0018-10-28 13:15:00,18,10,28,13,15,930,6,AUTOROUTE A3,48.86694,2.4253,Plein jour,Hors agglomération,Hors intersection,Normale,Deux véhicules - arrière,,,,,,,,,,,1,1,1,1.0,2.0
201800045380,0018-10-29 08:00:00,18,10,29,8,0,930,5,AUTOROUTE A3,48.92947,2.48122,Crépuscule ou aube,Hors agglomération,Hors intersection,Normale,Deux véhicules - côté,,,,,,,,,,,2,1,1,1.0,3.0
201800045381,0018-10-29 20:00:00,18,10,29,20,0,950,252,AUTOROUTE A15,48.9876,2.2066,Nuit sans éclairage public,Hors agglomération,Hors intersection,Normale,Trois véhicules et plus - collisions multiples,,,,,,,,,,,3,1,1,1.0,5.0
201800045382,0018-10-29 20:10:00,18,10,29,20,10,950,582,AUTOROUTE A115,48.9834,2.2412,Nuit sans éclairage public,Hors agglomération,Hors intersection,Normale,Deux véhicules - arrière,,,,,,,,,,,3,1,1,1.0,2.0
201800045383,0018-10-30 09:20:00,18,10,30,9,20,950,277,AUTOROUTE A104,48.9731,2.4853,Plein jour,Hors agglomération,Hors intersection,Pluie forte,Autre collision,,,,,,,,,,,1,1,1,3.0,6.0
201800045384,0018-10-30 09:45:00,18,10,30,9,45,930,6,AUTOROUTE A3,48.86455,2.41528,Plein jour,Hors agglomération,Hors intersection,Pluie légère,Deux véhicules - côté,,,,,,,,,,,1,1,1,2.0,3.0
201800045385,0018-10-30 14:30:00,18,10,30,14,30,930,5,AUTOROUTE A3,48.92961,2.48135,Plein jour,Hors agglomération,Hors intersection,Normale,Deux véhicules - arrière,,,,,,,,,,,1,1,1,1.0,2.0
201800045386,0018-10-30 13:00:00,18,10,30,13,0,950,394,AUTOROUTE A115,49.0507,2.1816,Plein jour,Hors agglomération,Hors intersection,Normale,Autre collision,,,,,,,,,,,1,1,1,1.0,6.0
201800045387,0018-10-30 16:00:00,18,10,30,16,0,950,18,AUTOROUTE A15,48.9618,2.2675,Plein jour,Hors agglomération,Hors intersection,Normale,Trois véhicules et plus - collisions multiples,,,,,,,,,,,1,1,1,1.0,5.0
201800045388,0018-10-30 18:30:00,18,10,30,18,30,950,212,AUTOROUTE A1,49.0328,2.5398,Nuit avec éclairage allumé,Hors agglomération,Hors intersection,Normale,Autre collision,,,,,,,,,,,5,1,1,1.0,6.0
201800045389,0018-10-30 08:00:00,18,10,30,8,0,930,78,AUTOROUTE A104,48.96364,2.55211,Plein jour,Hors agglomération,Hors intersection,Pluie légère,Trois véhicules et plus - en chaîne,,,,,,,,,,,1,1,1,2.0,4.0
201800045390,0018-10-30 09:00:00,18,10,30,9,0,930,27,AUTOROUTE A86,48.92808,2.41091,Plein jour,Hors agglomération,Hors intersection,Pluie légère,Deux véhicules - arrière,,,,,,,,,,,1,1,1,2.0,2.0
201800045391,0018-10-30 08:15:00,18,10,30,8,15,930,64,AUTOROUTE A86,48.87999,2.47582,Plein jour,Hors agglomération,Hors intersection,Pluie légère,Trois véhicules et plus - collisions multiples,,,,,,,,,,,1,1,1,2.0,5.0
201800045392,0018-10-30 09:55:00,18,10,30,9,55,930,53,AUTOROUTE A 103,48.8877,2.4726,Plein jour,Hors agglomération,Hors intersection,Pluie légère,Autre collision,,,,,,,,,,,1,1,1,2.0,6.0
201800045393,0018-10-30 10:30:00,18,10,30,10,30,930,66,AUTOROUTE A1,48.92804,2.35756,Plein jour,Hors agglomération,Hors intersection,Pluie légère,Sans collision,,,,,,,,,,,1,1,1,2.0,7.0
201800045394,0018-10-31 09:00:00,18,10,31,9,0,930,6,AUTOROUTE A3,48.86618,2.41554,Plein jour,Hors agglomération,Hors intersection,Normale,Deux véhicules - arrière,,,,,,,,,,,1,1,1,1.0,2.0
201800045395,0018-10-30 11:15:00,18,10,30,11,15,920,36,AUTOROUTE A15,48.93892,2.29433,Plein jour,Hors agglomération,Hors intersection,Pluie légère,Autre collision,,,,,,,,,,,1,1,1,2.0,6.0
201800045396,0018-10-31 19:15:00,18,10,31,19,15,920,36,AUTOROUTE A15,48.94148,2.29115,Nuit avec éclairage non allumé,Hors agglomération,Autre intersection,Pluie légère,Sans collision,,,,,,,,,,,4,1,9,2.0,7.0
201800045397,0018-10-31 19:25:00,18,10,31,19,25,930,27,AUTOROUTE A86,48.92831,2.41227,Nuit sans éclairage public,Hors agglomération,Hors intersection,Pluie légère,Autre collision,,,,,,,,,,,3,1,1,2.0,6.0
201800045398,0018-10-31 20:30:00,18,10,31,20,30,950,154,AUTOROUTE A1,49.0509,2.5479,Nuit sans éclairage public,Hors agglomération,Hors intersection,Pluie légère,Deux véhicules - arrière,,,,,,,,,,,3,1,1,2.0,2.0
201800045399,0018-11-01 01:20:00,18,11,1,1,20,930,27,AUTOROUTE A86,48.92861,2.41448,Nuit sans éclairage public,Hors agglomération,Hors intersection,Normale,Autre collision,,,,,,,,,,,3,1,1,1.0,6.0
201800045400,0018-11-01 01:20:00,18,11,1,1,20,930,78,AUTOROUTE A104,48.9642,2.52038,Nuit sans éclairage public,Hors agglomération,Hors intersection,Pluie légère,Autre collision,,,,,,,,,,,3,1,1,2.0,6.0
201800045401,0018-10-31 19:45:00,18,10,31,19,45,930,64,AUTOROUTE A86,48.87506,2.47898,Nuit sans éclairage public,Hors agglomération,Hors intersection,Pluie légère,Trois véhicules et plus - collisions multiples,,,,,,,,,,,3,1,1,2.0,5.0
201800045402,0018-11-01 16:35:00,18,11,1,16,35,930,27,BDL,48.9364,2.40809,Plein jour,Hors agglomération,Hors intersection,Pluie légère,Deux véhicules - côté,,,,,,,,,,,1,1,1,2.0,3.0
201800045403,0018-11-01 18:15:00,18,11,1,18,15,950,572,AUTOROUTE A15,49.0327,2.1096,Crépuscule ou aube,Hors agglomération,Hors intersection,Pluie légère,Autre collision,,,,,,,,,,,2,1,1,2.0,6.0
201800045404,0018-11-01 23:30:00,18,11,1,23,30,920,36,AUTOROUTE A15,48.9371,2.2945,Nuit sans éclairage public,Hors agglomération,Hors intersection,Pluie légère,Autre collision,,,,,,,,,,,3,1,1,2.0,6.0
201800045405,0018-11-02 01:15:00,18,11,2,1,15,950,488,AUTOROUTE A15,49.0153,2.1454,Nuit sans éclairage public,Hors agglomération,Hors intersection,Pluie légère,Deux véhicules - côté,,,,,,,,,,,3,1,1,2.0,3.0
201800045406,0018-11-02 13:20:00,18,11,2,13,20,930,64,AUTOROUTE A86,48.87678,2.47766,Plein jour,Hors agglomération,Hors intersection,Normale,Deux véhicules - côté,,,,,,,,,,,1,1,1,1.0,3.0
201800045407,0018-11-02 16:40:00,18,11,2,16,40,930,48,AUTOROUTE A86,48.86287,2.4828,Plein jour,Hors agglomération,Hors intersection,Normale,Trois véhicules et plus - collisions multiples,,,,,,,,,,,1,1,1,1.0,5.0
201800045408,0018-11-02 18:50:00,18,11,2,18,50,950,151,RN 104,49.0631,2.2716,Nuit sans éclairage public,Hors agglomération,Hors intersection,Normale,Deux véhicules - arrière,,,,,,,,,,,3,1,1,1.0,2.0
201800045409,0018-11-03 00:01:00,18,11,3,0,1,930,66,AUTOROUTE A1,48.91938,48.92034,Nuit avec éclairage allumé,Hors agglomération,Hors intersection,Normale,Deux véhicules - arrière,,,,,,,,,,,5,1,1,1.0,2.0
201800045410,0018-11-03 09:35:00,18,11,3,9,35,930,8,AUTOROUTE A86,48.90554,2.46231,Plein jour,Hors agglomération,Hors intersection,Normale,Trois véhicules et plus - collisions multiples,,,,,,,,,,,1,1,1,1.0,5.0
201800045411,0018-11-03 13:35:00,18,11,3,13,35,930,64,AUTOROUTE A86,48.88153,2.47452,Plein jour,Hors agglomération,Hors intersection,Normale,Trois véhicules et plus - en chaîne,,,,,,,,,,,1,1,1,1.0,4.0
201800045412,0018-11-03 13:20:00,18,11,3,13,20,930,66,AUTOROUTE A1,48.92385,2.35717,Plein jour,Hors agglomération,Hors intersection,Normale,Trois véhicules et plus - en chaîne,,,,,,,,,,,1,1,1,1.0,4.0
201800045413,0018-11-03 17:00:00,18,11,3,17,0,930,5,AUTOROUTE A104,48.97311,2.49107,Plein jour,Hors agglomération,Hors intersection,Normale,Autre collision,,,,,,,,,,,1,1,1,1.0,6.0
201800045414,0018-11-03 18:45:00,18,11,3,18,45,930,7,AUTOROUTE A3,48.91767,2.47845,Nuit sans éclairage public,Hors agglomération,Hors intersection,Normale,Trois véhicules et plus - en chaîne,,,,,,,,,,,3,1,1,1.0,4.0
201800045415,0018-11-03 19:25:00,18,11,3,19,25,950,582,RD 170,48.9634,2.2659,Nuit sans éclairage public,Hors agglomération,Hors intersection,Normale,Trois véhicules et plus - en chaîne,,,,,,,,,,,3,1,1,1.0,4.0
201800045416,0018-11-04 13:40:00,18,11,4,13,40,930,66,AUTOROUTE A1,48.913,2.35772,Plein jour,Hors agglomération,Hors intersection,Normale,Trois véhicules et plus - en chaîne,,,,,,,,,,,1,1,1,1.0,4.0
201800045417,0018-11-04 18:05:00,18,11,4,18,5,950,218,AUTOROUTE A15,49.0353,2.0976,Nuit avec éclairage non allumé,Hors agglomération,Hors intersection,Normale,Trois véhicules et plus - en chaîne,,,,,,,,,,,4,1,1,1.0,4.0
201800045418,0018-11-05 20:10:00,18,11,5,20,10,930,8,AUTOROUTE A86,48.91742,2.42935,Nuit avec éclairage allumé,Hors agglomération,Hors intersection,Normale,Sans collision,,,,,,,,,,,5,1,1,1.0,7.0
201800045419,0018-11-05 22:00:00,18,11,5,22,0,930,27,BDLD,48.92782,2.40335,Nuit sans éclairage public,Hors agglomération,Hors intersection,Normale,Sans collision,,,,,,,,,,,3,1,1,1.0,7.0
201800045420,0018-11-06 17:30:00,18,11,6,17,30,930,7,AUTOROUTE A1,48.9436,2.43604,Nuit sans éclairage public,Hors agglomération,Hors intersection,Normale,Deux véhicules - côté,,,,,,,,,,,3,1,1,1.0,3.0
201800045421,0018-11-07 07:35:00,18,11,7,7,35,930,8,AUTOROUTE A86,48.91739,2.42938,Nuit avec éclairage allumé,Hors agglomération,Hors intersection,Normale,Deux véhicules - côté,,,,,,,,,,,5,1,1,1.0,3.0
201800045422,0018-11-07 13:00:00,18,11,7,13,0,930,27,BDL,48.92726,2.40349,Plein jour,Hors agglomération,Hors intersection,Pluie légère,Autre collision,,,,,,,,,,,1,1,1,2.0,6.0
201800045423,0018-11-07 13:30:00,18,11,7,13,30,930,53,AUTOROUTE A103,48.88783,2.47244,Plein jour,Hors agglomération,Hors intersection,Normale,Autre collision,,,,,,,,,,,1,1,1,1.0,6.0
201800045424,0018-10-29 08:00:00,18,10,29,8,0,930,7,AUTOROUTE A3,48.93483,2.48049,Plein jour,Hors agglomération,Hors intersection,Normale,Autre collision,,,,,,,,,,,1,1,1,1.0,6.0
201800045425,0018-11-07 18:15:00,18,11,7,18,15,950,18,RD 170,48.9613,2.2605,Nuit sans éclairage public,Hors agglomération,Hors intersection,Normale,Deux véhicules - côté,,,,,,,,,,,3,1,1,1.0,3.0
201800045426,0018-11-07 19:10:00,18,11,7,19,10,950,218,AUTOROUTE A15,49.0358,2.09649,Nuit sans éclairage public,Hors agglomération,Hors intersection,Normale,Trois véhicules et plus - en chaîne,,,,,,,,,,,3,1,1,1.0,4.0
201800045427,0018-11-07 20:25:00,18,11,7,20,25,950,488,AUTOROUTE A15,49.0107,2.1539,Nuit sans éclairage public,Hors agglomération,Hors intersection,Normale,Trois véhicules et plus - collisions multiples,,,,,,,,,,,3,1,1,1.0,5.0
201800045428,0018-11-08 01:10:00,18,11,8,1,10,950,351,RN 104,49.0281,2.5055,Nuit sans éclairage public,Hors agglomération,Hors intersection,Normale,Deux véhicules - arrière,,,,,,,,,,,3,1,1,1.0,2.0
201800045429,0018-11-08 08:30:00,18,11,8,8,30,950,394,RN 184,49.0516,2.1837,Plein jour,Hors agglomération,Hors intersection,Normale,Trois véhicules et plus - collisions multiples,,,,,,,,,,,1,1,1,1.0,5.0
201800045430,0018-11-08 18:25:00,18,11,8,18,25,930,64,AUTOROUTE A86,48.88123,2.47488,Nuit sans éclairage public,Hors agglomération,Hors intersection,Normale,Deux véhicules - côté,,,,,,,,,,,3,1,1,1.0,3.0
201800045431,0018-11-08 23:25:00,18,11,8,23,25,920,36,AUTOROUTE A86,48.939,2.3027,Nuit sans éclairage public,Hors agglomération,Hors intersection,Normale,Autre collision,,,,,,,,,,,3,1,1,1.0,6.0
201800045432,0018-10-29 20:09:00,18,10,29,20,9,950,582,AUTOROUTE A115,48.9833,2.2413,Nuit sans éclairage public,Hors agglomération,Hors intersection,Normale,Deux véhicules - arrière,,,,,,,,,,,3,1,1,1.0,2.0
201800045433,0018-11-09 15:10:00,18,11,9,15,10,930,6,AUTOROUTE A3,48.86473,2.41551,Plein jour,Hors agglomération,Hors intersection,Normale,Autre collision,,,,,,,,,,,1,1,1,1.0,6.0
201800045434,0018-11-09 13:30:00,18,11,9,13,30,950,527,AUTOROUTE A1,49.0203,2.5337,Plein jour,Hors agglomération,Hors intersection,Normale,Deux véhicules - arrière,,,,,,,,,,,1,1,1,1.0,2.0
201800045435,0018-11-09 17:45:00,18,11,9,17,45,920,36,AUTOROUTE A86,48.939,2.30679,Nuit sans éclairage public,Hors agglomération,Hors intersection,Normale,Trois véhicules et plus - en chaîne,,,,,,,,,,,3,1,1,1.0,4.0
201800045436,0018-11-10 02:55:00,18,11,10,2,55,930,66,AUTOROUTE A1,48.92387,2.35716,Nuit avec éclairage allumé,Hors agglomération,Hors intersection,Pluie légère,Deux véhicules - arrière,,,,,,,,,,,5,1,1,2.0,2.0
201800045437,0018-11-10 06:45:00,18,11,10,6,45,950,394,AUTOROUTE A115,49.0508,2.1816,Nuit sans éclairage public,Hors agglomération,Hors intersection,Pluie légère,Autre collision,,,,,,,,,,,3,1,1,2.0,6.0
201800045438,0018-11-10 10:00:00,18,11,10,10,0,600,494,AUTOROUTE A1,49.12741,2.55795,Plein jour,Hors agglomération,Hors intersection,Pluie légère,Autre collision,,,,,,,,,,,1,1,1,2.0,6.0
201800045439,0018-11-10 13:35:00,18,11,10,13,35,950,176,A901504,48.9895,2.2019,Plein jour,Hors agglomération,Hors intersection,Pluie légère,Autre collision,,,,,,,,,,,1,1,1,2.0,6.0
201800045440,0018-11-10 14:40:00,18,11,10,14,40,930,64,AUTOROUTE A103,48.88716,2.4749,Plein jour,Hors agglomération,Hors intersection,Pluie légère,Deux véhicules - côté,,,,,,,,,,,1,1,1,2.0,3.0
201800045441,0018-11-11 05:20:00,18,11,11,5,20,950,582,AUTOROUTE A115,48.9788,2.2409,Nuit avec éclairage non allumé,Hors agglomération,Hors intersection,Pluie légère,Autre collision,,,,,,,,,,,4,1,1,2.0,6.0
201800045442,0018-11-11 13:30:00,18,11,11,13,30,920,36,AUTOROUTE A15,48.93702,2.29509,Plein jour,Hors agglomération,Hors intersection,Pluie légère,Autre collision,,,,,,,,,,,1,1,1,2.0,6.0
201800045443,0018-11-11 13:25:00,18,11,11,13,25,930,53,AUTOROUTE A86,48.89906,2.46975,Plein jour,Hors agglomération,Hors intersection,Pluie légère,Deux véhicules - arrière,,,,,,,,,,,1,1,1,2.0,2.0
201800045444,0018-11-11 20:00:00,18,11,11,20,0,930,78,AUTOROUTE A104,48.963,2.52239,Nuit sans éclairage public,Hors agglomération,Hors intersection,Pluie légère,Autre collision,,,,,,,,,,,3,1,1,2.0,6.0
201800045445,0018-11-11 20:15:00,18,11,11,20,15,920,36,AUTOROUTE A15,48.94361,2.28729,Nuit sans éclairage public,Hors agglomération,Hors intersection,Pluie légère,Autre collision,,,,,,,,,,,3,1,1,2.0,6.0
201800045446,0018-11-12 00:20:00,18,11,12,0,20,930,5,AUTOROUTE A104,48.97358,2.49164,Nuit sans éclairage public,Hors agglomération,Hors intersection,Pluie forte,Autre collision,,,,,,,,,,,3,1,1,3.0,6.0
201800045447,0018-11-12 09:00:00,18,11,12,9,0,950,306,AUTOROUTE A15,48.9956,2.1824,Plein jour,Hors agglomération,Hors intersection,Pluie légère,Autre collision,,,,,,,,,,,1,1,1,2.0,6.0
201800045448,0018-11-12 10:00:00,18,11,12,10,0,930,5,AUTOROUTE A3,48.95154,2.47491,Plein jour,Hors agglomération,Hors intersection,Pluie légère,Autre collision,,,,,,,,,,,1,1,1,2.0,6.0
201800045449,0018-11-12 09:10:00,18,11,12,9,10,930,66,AUTOROUTE A1,48.91479,2.35763,Plein jour,Hors agglomération,Hors intersection,Pluie légère,Autre collision,,,,,,,,,,,1,1,1,2.0,6.0
201800045450,0018-11-12 12:50:00,18,11,12,12,50,950,582,A901503,48.9629,2.2627,Plein jour,Hors agglomération,Hors intersection,Pluie légère,Autre collision,,,,,,,,,,,1,1,1,2.0,6.0
201800045451,0018-11-12 14:15:00,18,11,12,14,15,930,64,AUTOROUTE A103,48.88672,2.47779,Plein jour,Hors agglomération,Hors intersection,Normale,Autre collision,,,,,,,,,,,1,1,1,1.0,6.0
201800045452,0018-11-13 08:40:00,18,11,13,8,40,950,582,AUTOROUTE A115,48.9806,2.2408,Plein jour,Hors agglomération,Hors intersection,Normale,Deux véhicules - côté,,,,,,,,,,,1,1,1,1.0,3.0
201800045453,0018-11-13 13:45:00,18,11,13,13,45,930,27,BDL,48.9298,2.4029,Plein jour,Hors agglomération,Hors intersection,Normale,Autre collision,,,,,,,,,,,1,1,1,1.0,6.0
201800045454,0018-11-14 06:10:00,18,11,14,6,10,950,582,AUTOROUTE A15,48.9684,2.2513,Nuit sans éclairage public,Hors agglomération,Hors intersection,Normale,Deux véhicules - côté,,,,,,,,,,,3,1,1,1.0,3.0
201800045455,0018-11-14 09:38:00,18,11,14,9,38,930,64,AUTOROUTE A86,48.88094,2.4752,Plein jour,Hors agglomération,Hors intersection,Normale,Trois véhicules et plus - collisions multiples,,,,,,,,,,,1,1,1,1.0,5.0
201800045456,0018-11-14 11:30:00,18,11,14,11,30,930,64,AUTOROUTE A86,48.87585,2.47843,Plein jour,Hors agglomération,Hors intersection,Normale,Trois véhicules et plus - collisions multiples,,,,,,,,,,,1,1,1,1.0,5.0
201800045457,0018-11-14 13:15:00,18,11,14,13,15,950,18,AUTOROUTE A15,48.9619,2.2675,Plein jour,Hors agglomération,Hors intersection,Normale,Deux véhicules - côté,,,,,,,,,,,1,1,1,1.0,3.0
201800045458,0018-11-14 15:00:00,18,11,14,15,0,930,66,AUTOROUTE A86,48.92582,2.33836,Plein jour,Hors agglomération,Hors intersection,Normale,Sans collision,,,,,,,,,,,1,1,1,1.0,7.0
201800045459,0018-11-15 10:00:00,18,11,15,10,0,920,36,RN 315,48.93598,2.30089,Plein jour,Hors agglomération,Hors intersection,Normale,Deux véhicules - arrière,,,,,,,,,,,1,1,1,1.0,2.0
201800045460,0018-11-15 14:00:00,18,11,15,14,0,930,6,AUTOROUTE A3,48.86613,2.41539,Plein jour,Hors agglomération,Hors intersection,Normale,Deux véhicules - arrière,,,,,,,,,,,1,1,1,1.0,2.0
201800045461,0018-11-15 18:00:00,18,11,15,18,0,930,5,AUTOROUTE A3,48.95525,2.47329,Nuit avec éclairage allumé,Hors agglomération,Hors intersection,Normale,Deux véhicules - arrière,,,,,,,,,,,5,1,1,1.0,2.0
201800045462,0018-11-15 19:05:00,18,11,15,19,5,930,53,AUTOROUTE A3,48.88378,2.46673,Nuit sans éclairage public,Hors agglomération,Hors intersection,Normale,Deux véhicules - arrière,,,,,,,,,,,3,1,1,1.0,2.0
201800045463,0018-11-16 10:40:00,18,11,16,10,40,950,351,RN 104,49.0378,2.4849,Plein jour,Hors agglomération,Hors intersection,Brouillard / fumée,Autre collision,,,,,,,,,,,1,1,1,5.0,6.0
201800045464,0018-11-16 19:00:00,18,11,16,19,0,930,8,AUTOROUTE A86,48.90546,2.46375,Nuit avec éclairage allumé,Hors agglomération,Hors intersection,Normale,Deux véhicules - arrière,,,,,,,,,,,5,1,1,1.0,2.0
201800045465,0018-11-16 23:00:00,18,11,16,23,0,930,64,AUTOROUTE A86,48.8812,2.4753,Nuit sans éclairage public,Hors agglomération,Hors intersection,Normale,Deux véhicules - arrière,,,,,,,,,,,3,1,1,1.0,2.0
201800045466,0018-11-17 03:00:00,18,11,17,3,0,950,277,AUTOROUTE A104,48.9738,2.4868,Nuit sans éclairage public,Hors agglomération,Hors intersection,Normale,Autre collision,,,,,,,,,,,3,1,1,1.0,6.0
201800045467,0018-11-17 00:05:00,18,11,17,0,5,950,527,AUTOROUTE A1,49.0001,2.5228,Nuit sans éclairage public,Hors agglomération,Hors intersection,Normale,Deux véhicules - arrière,,,,,,,,,,,3,1,1,1.0,2.0
201800045468,0018-11-17 09:30:00,18,11,17,9,30,950,252,AUTOROUTE A15,48.9858,2.2129,Plein jour,Hors agglomération,Hors intersection,Normale,Autre collision,,,,,,,,,,,1,1,1,1.0,6.0
201800045469,0018-11-18 00:30:00,18,11,18,0,30,930,64,AUTOROUTE A103,48.88716,2.47489,Nuit sans éclairage public,Hors agglomération,Hors intersection,Normale,Deux véhicules - côté,,,,,,,,,,,3,1,1,1.0,3.0
201800045470,0018-11-18 07:20:00,18,11,18,7,20,930,27,AUTOROUTE A86,48.92406,2.38686,Nuit avec éclairage allumé,Hors agglomération,Hors intersection,Normale,Deux véhicules - arrière,,,,,,,,,,,5,1,1,1.0,2.0
201800045471,0018-11-18 12:30:00,18,11,18,12,30,950,277,AUTOROUTE A3,48.9748,2.4899,Plein jour,Hors agglomération,Hors intersection,Normale,Autre collision,,,,,,,,,,,1,1,1,1.0,6.0
201800045472,0018-11-18 19:15:00,18,11,18,19,15,950,572,AUTOROUTE A15,49.0318,2.1161,Nuit sans éclairage public,Hors agglomération,Hors intersection,Normale,Trois véhicules et plus - en chaîne,,,,,,,,,,,3,1,1,1.0,4.0
201800045473,0018-11-17 13:45:00,18,11,17,13,45,950,582,AUTOROUTE A15,48.9685,2.2516,Plein jour,Hors agglomération,Hors intersection,Normale,Deux véhicules - arrière,,,,,,,,,,,1,1,1,1.0,2.0
201800045474,0018-11-19 19:45:00,18,11,19,19,45,950,582,AUTOROUTE A15,48.9629,2.2656,Nuit sans éclairage public,Hors agglomération,Hors intersection,Normale,Deux véhicules - côté,,,,,,,,,,,3,1,1,1.0,3.0
201800045475,0018-11-20 00:45:00,18,11,20,0,45,930,7,AUTOROUTE A1,48.94926,2.44674,Nuit sans éclairage public,Hors agglomération,Hors intersection,Pluie légère,Deux véhicules - arrière,,,,,,,,,,,3,1,1,2.0,2.0
201800045476,0018-11-20 07:28:00,18,11,20,7,28,930,53,AUTOROUTE A86,48.89941,2.46928,Nuit avec éclairage non allumé,Hors agglomération,Hors intersection,Pluie légère,Deux véhicules - arrière,,,,,,,,,,,4,1,1,2.0,2.0
201800045477,0018-11-20 08:55:00,18,11,20,8,55,950,252,AUTOROUTE A15,48.9834,2.2187,Plein jour,Hors agglomération,Hors intersection,Pluie légère,Deux véhicules - arrière,,,,,,,,,,,1,1,1,2.0,2.0
201800045478,0018-11-20 08:30:00,18,11,20,8,30,930,6,AUTOROUTE A3,48.86939,2.42978,Crépuscule ou aube,Hors agglomération,Hors intersection,Neige / grêle,Deux véhicules - arrière,,,,,,,,,,,2,1,1,4.0,2.0
201800045479,0018-11-20 09:15:00,18,11,20,9,15,950,607,AUTOROUTE A115,49.0355,2.1957,Plein jour,Hors agglomération,Hors intersection,Pluie forte,Deux véhicules - arrière,,,,,,,,,,,1,1,1,3.0,2.0
201800045480,0018-11-20 17:34:00,18,11,20,17,34,950,582,AUTOROUTE A15,48.9629,2.2655,Crépuscule ou aube,Hors agglomération,Hors intersection,Normale,Deux véhicules - côté,,,,,,,,,,,2,1,1,1.0,3.0
201800045481,0018-11-20 20:30:00,18,11,20,20,30,930,13,AUTOROUTE A1,48.93878,2.41629,Nuit avec éclairage non allumé,Hors agglomération,Hors intersection,Normale,Deux véhicules - arrière,,,,,,,,,,,4,1,1,1.0,2.0
201800045482,0018-11-21 14:50:00,18,11,21,14,50,930,48,AUTOROUTE A3,48.87307,2.43583,Plein jour,Hors agglomération,Hors intersection,Normale,Deux véhicules - côté,,,,,,,,,,,1,1,1,1.0,3.0
201800045483,0018-11-22 01:30:00,18,11,22,1,30,930,66,AUTOROUTE A1,48.92348,2.35696,Nuit avec éclairage allumé,Hors agglomération,Hors intersection,Normale,Autre collision,,,,,,,,,,,5,1,1,1.0,6.0
201800045484,0018-11-22 16:00:00,18,11,22,16,0,950,572,AUTOROUTE A15,49.0299,2.1252,Plein jour,Hors agglomération,Hors intersection,Normale,Autre collision,,,,,,,,,,,1,1,1,1.0,6.0
201800045485,0018-11-23 17:10:00,18,11,23,17,10,930,6,AUTOROUTE A3,48.86721,2.42678,Plein jour,Hors agglomération,Hors intersection,Normale,Deux véhicules - côté,,,,,,,,,,,1,1,1,1.0,3.0
201800045486,0018-11-23 17:25:00,18,11,23,17,25,600,494,AUTOROUTE A1,49.13107,2.55988,Nuit sans éclairage public,Hors agglomération,Hors intersection,Brouillard / fumée,Autre collision,,,,,,,,,,,3,1,1,5.0,6.0
201800045487,0018-11-23 19:30:00,18,11,23,19,30,950,500,AUTOROUTE A15,49.0382,2.0876,Nuit sans éclairage public,Hors agglomération,Hors intersection,Normale,Trois véhicules et plus - en chaîne,,,,,,,,,,,3,1,1,1.0,4.0
201800045488,0018-11-24 00:30:00,18,11,24,0,30,950,582,AUTOROUTE A15,48.9656,2.2583,Nuit sans éclairage public,Hors agglomération,Hors intersection,Pluie légère,Deux véhicules - côté,,,,,,,,,,,3,1,1,2.0,3.0
201800045489,0018-11-24 04:00:00,18,11,24,4,0,930,27,AUTOROUTE A1,48.9346,2.3977,Nuit sans éclairage public,Hors agglomération,Hors intersection,Pluie forte,Autre collision,,,,,,,,,,,3,1,1,3.0,6.0
201800045490,0018-11-24 16:45:00,18,11,24,16,45,950,42,RN 104,49.0634,2.3304,Plein jour,Hors agglomération,Hors intersection,Normale,Deux véhicules - arrière,,,,,,,,,,,1,1,1,1.0,2.0