accident_id,datetime,annee,mois,jour,heure,minute,departement,commune_insee,adresse,latitude,longitude,luminosite,agglomeration,intersection,meteo,collision,nb_vehicules,nb_usagers,nb_indemnes,nb_tues,nb_blesses_hosp,nb_blesses_legers,age_cond_1,age_cond_2,veh_type_cond_1,veh_type_cond_2,lum_code,agg_code,int_code,atm_code,col_code
201800045609,0018-12-25 08:00:00,18,12,25,8,0,950,277,RD 170,48.9773,2.4688,Crépuscule ou aube,Hors agglomération,Hors intersection,Normale,Deux véhicules - arrière,,,,,,,,,,,2,1,1,1.0,2.0
201800045610,0018-12-25 20:05:00,18,12,25,20,5,930,64,AUTOROUTE A86,48.86947,2.4824,Nuit sans éclairage public,Hors agglomération,Hors intersection,Normale,Deux véhicules - arrière,,,,,,,,,,,3,1,1,1.0,2.0
201800045611,0018-12-26 17:50:00,18,12,26,17,50,930,6,AUTOROUTE A3,48.86628,2.41434,Nuit sans éclairage public,Hors agglomération,Hors intersection,Normale,Deux véhicules - côté,,,,,,,,,,,3,1,1,1.0,3.0
201800045612,0018-12-27 12:52:00,18,12,27,12,52,930,53,AUTOROUTE A3,48.88033,2.45108,Plein jour,Hors agglomération,Hors intersection,Normale,Trois véhicules et plus - collisions multiples,,,,,,,,,,,1,1,1,1.0,5.0
201800045613,0018-12-27 17:05:00,18,12,27,17,5,920,36,AUTOROUTE A86,48.93854,2.30003,Crépuscule ou aube,Hors agglomération,Hors intersection,Normale,Deux véhicules - arrière,,,,,,,,,,,2,1,1,1.0,2.0
201800045614,0018-12-27 19:45:00,18,12,27,19,45,950,424,AUTOROUTE A15,48.9932,2.1866,Nuit sans éclairage public,Hors agglomération,Hors intersection,Normale,Deux véhicules - arrière,,,,,,,,,,,3,1,1,1.0,2.0
201800045615,0018-12-28 06:30:00,18,12,28,6,30,930,5,AUTOROUTE A3,48.94914,2.47385,Nuit avec éclairage allumé,Hors agglomération,Hors intersection,Normale,Autre collision,,,,,,,,,,,5,1,1,1.0,6.0
201800045616,0018-12-29 07:00:00,18,12,29,7,0,950,572,A9015 07,49.0321,2.1084,Nuit sans éclairage public,Hors agglomération,Hors intersection,Normale,Autre collision,,,,,,,,,,,3,1,1,1.0,6.0
201800045617,0018-12-29 17:45:00,18,12,29,17,45,930,66,AUTOROUTE A1,48.9299,2.36423,Nuit avec éclairage allumé,Hors agglomération,Hors intersection,Normale,Deux véhicules - côté,,,,,,,,,,,5,1,1,1.0,3.0
201800045618,0018-12-30 07:00:00,18,12,30,7,0,930,10,AUTOROUTE A3,48.90653,2.47248,Nuit sans éclairage public,Hors agglomération,Hors intersection,Normale,Trois véhicules et plus - collisions multiples,,,,,,,,,,,3,1,1,1.0,5.0
201800045619,0018-12-30 11:00:00,18,12,30,11,0,950,572,A9015 07,49.0332,2.1102,Plein jour,Hors agglomération,Hors intersection,Normale,Autre collision,,,,,,,,,,,1,1,1,1.0,6.0
201800045620,0018-12-30 18:30:00,18,12,30,18,30,930,6,AUTOROUTE A3,48.86603,2.41645,Nuit sans éclairage public,Hors agglomération,Hors intersection,Pluie légère,Trois véhicules et plus - en chaîne,,,,,,,,,,,3,1,1,2.0,4.0
201800045621,0018-12-31 08:30:00,18,12,31,8,30,920,36,AUTOROUTE A15,48.93723,2.296,Nuit sans éclairage public,Hors agglomération,Hors intersection,Pluie légère,Autre collision,,,,,,,,,,,3,1,1,2.0,6.0
201800045622,0018-01-01 13:18:00,18,1,1,13,18,780,7,A13W,,,Plein jour,Hors agglomération,Hors intersection,Pluie forte,Autre collision,,,,,,,,,,,1,1,1,3.0,6.0
201800045623,0018-01-02 23:52:00,18,1,2,23,52,920,72,N118,,,Nuit sans éclairage public,Hors agglomération,Hors intersection,Pluie légère,Autre collision,,,,,,,,,,,3,1,1,2.0,6.0
201800045624,0018-01-02 08:43:00,18,1,2,8,43,780,423,RN12,,,Plein jour,Hors agglomération,Hors intersection,Normale,Autre collision,,,,,,,,,,,1,1,1,1.0,6.0
201800045625,0018-01-03 19:13:00,18,1,3,19,13,920,50,A86,,,Plein jour,Hors agglomération,Hors intersection,Pluie légère,Deux véhicules - arrière,,,,,,,,,,,1,1,1,2.0,2.0
201800045626,0018-01-04 08:15:00,18,1,4,8,15,780,466,A13,,,Plein jour,Hors agglomération,Hors intersection,Pluie légère,Trois véhicules et plus - en chaîne,,,,,,,,,,,1,1,1,2.0,4.0
201800045627,0018-01-04 09:15:00,18,1,4,9,15,920,47,A13,,,Plein jour,Hors agglomération,Hors intersection,Pluie légère,Sans collision,,,,,,,,,,,1,1,1,2.0,7.0
201800045628,0018-01-04 18:31:00,18,1,4,18,31,920,64,A13,48.83958,2.19655,Nuit sans éclairage public,Hors agglomération,Hors intersection,Pluie légère,Autre collision,,,,,,,,,,,3,1,1,2.0,6.0
201800045629,0018-01-04 19:05:00,18,1,4,19,5,780,7,A13 Y,48.89554,2.0072,Nuit sans éclairage public,Hors agglomération,Hors intersection,Pluie légère,Sans collision,,,,,,,,,,,3,1,1,2.0,7.0
201800045630,0018-01-05 08:58:00,18,1,5,8,58,920,47,A13,,,Plein jour,Hors agglomération,Hors intersection,Pluie légère,Autre collision,,,,,,,,,,,1,1,1,2.0,6.0
201800045631,0018-01-05 18:58:00,18,1,5,18,58,780,362,A13,48.98,1.69944,Nuit avec éclairage allumé,Hors agglomération,Hors intersection,Normale,Deux véhicules - arrière,,,,,,,,,,,5,1,1,1.0,2.0
201800045632,0018-01-06 03:20:00,18,1,6,3,20,780,498,A13,48.9045,2.00539,Nuit sans éclairage public,Hors agglomération,Hors intersection,Normale,Autre collision,,,,,,,,,,,3,1,1,1.0,6.0
201800045633,0018-01-06 18:10:00,18,1,6,18,10,780,43,A12 Y,48.5017,2.529,Nuit sans éclairage public,Hors agglomération,Hors intersection,Normale,Trois véhicules et plus - en chaîne,,,,,,,,,,,3,1,1,1.0,4.0
201800045634,0018-01-07 07:20:00,18,1,7,7,20,780,126,A13,48.83654,2.12801,Crépuscule ou aube,Hors agglomération,Hors intersection,Pluie légère,Trois véhicules et plus - collisions multiples,,,,,,,,,,,2,1,1,2.0,5.0
201800045635,0018-01-07 12:35:00,18,1,7,12,35,920,47,A13,48.83193,2.15196,Plein jour,Hors agglomération,Hors intersection,Normale,Autre collision,,,,,,,,,,,1,1,1,1.0,6.0
201800045636,0018-01-08 10:40:00,18,1,8,10,40,920,36,A86,48.9352,2.28323,Plein jour,Hors agglomération,Hors intersection,Normale,Sans collision,,,,,,,,,,,1,1,1,1.0,7.0
201800045637,0018-01-08 14:45:00,18,1,8,14,45,920,64,N118,,,Plein jour,Hors agglomération,Hors intersection,Normale,Deux véhicules - arrière,,,,,,,,,,,1,1,1,1.0,2.0
201800045638,0018-01-09 07:35:00,18,1,9,7,35,920,25,A86,,,Nuit avec éclairage allumé,Hors agglomération,Hors intersection,Normale,Trois véhicules et plus - en chaîne,,,,,,,,,,,5,1,1,1.0,4.0
201800045639,0018-01-09 08:33:00,18,1,9,8,33,780,640,A86 EXT,,,Plein jour,Hors agglomération,Hors intersection,Normale,Trois véhicules et plus - collisions multiples,,,,,,,,,,,1,1,1,1.0,5.0
201800045640,0018-01-10 10:16:00,18,1,10,10,16,920,47,A13,,,Plein jour,Hors agglomération,Hors intersection,Normale,Trois véhicules et plus - collisions multiples,,,,,,,,,,,1,1,1,1.0,5.0
201800045641,0018-01-10 21:36:00,18,1,10,21,36,920,50,A86,,,Nuit sans éclairage public,Hors agglomération,Hors intersection,Normale,Autre collision,,,,,,,,,,,3,1,1,1.0,6.0
201800045642,0018-01-11 08:12:00,18,1,11,8,12,780,291,A13,48.97307,1.72953,Crépuscule ou aube,Hors agglomération,Hors intersection,Normale,Autre collision,,,,,,,,,,,2,1,1,1.0,6.0
201800045643,0018-01-11 10:09:00,18,1,11,10,9,780,402,A13,48.96532,1.80452,Plein jour,Hors agglomération,Hors intersection,Pluie légère,Autre collision,,,,,,,,,,,1,1,1,2.0,6.0
201800045644,0018-01-11 17:53:00,18,1,11,17,53,780,43,A12 Y,48.8379,2.0913,Nuit sans éclairage public,Hors agglomération,Hors intersection,Brouillard / fumée,Trois véhicules et plus - collisions multiples,,,,,,,,,,,3,1,1,5.0,5.0
201800045645,0018-01-12 05:35:00,18,1,12,5,35,920,47,A13,48.83413,2.16653,Crépuscule ou aube,Hors agglomération,Hors intersection,Normale,Deux véhicules - arrière,,,,,,,,,,,2,1,1,1.0,2.0
201800045646,0018-01-19 08:45:00,18,1,19,8,45,780,524,A13,48.84008,2.11491,Plein jour,Hors agglomération,Hors intersection,Normale,Deux véhicules - côté,,,,,,,,,,,1,1,1,1.0,3.0
201800045647,0018-01-13 21:15:00,18,1,13,21,15,780,291,A13,48.9124,2.1796,Nuit sans éclairage public,Hors agglomération,Hors intersection,Normale,Autre collision,,,,,,,,,,,3,1,1,1.0,6.0
201800045648,0018-01-15 08:12:00,18,1,15,8,12,780,490,RN12 INT,,,Crépuscule ou aube,Hors agglomération,Hors intersection,Normale,Deux véhicules - côté,,,,,,,,,,,2,1,1,1.0,3.0
201800045649,0018-01-16 06:40:00,18,1,16,6,40,780,73,A12 W,,,Nuit avec éclairage allumé,Hors agglomération,Hors intersection,Pluie légère,Sans collision,,,,,,,,,,,5,1,1,2.0,7.0
201800045650,0018-01-16 10:30:00,18,1,16,10,30,780,640,A86 EXT,,,Plein jour,Hors agglomération,Hors intersection,Pluie légère,Deux véhicules - arrière,,,,,,,,,,,1,1,1,2.0,2.0
201800045651,0018-01-17 15:55:00,18,1,17,15,55,780,140,A13,48.96335,1.92705,Plein jour,Hors agglomération,Hors intersection,Normale,Autre collision,,,,,,,,,,,1,1,1,1.0,6.0
201800045652,0018-01-18 04:30:00,18,1,18,4,30,920,64,A13,,,Nuit sans éclairage public,Hors agglomération,Hors intersection,Pluie légère,Autre collision,,,,,,,,,,,3,1,1,2.0,6.0
201800045653,0018-01-18 06:08:00,18,1,18,6,8,780,43,A12 Y,48.84109,2.0929,Nuit sans éclairage public,Hors agglomération,Hors intersection,Pluie légère,Autre collision,,,,,,,,,,,3,1,1,2.0,6.0
201800045654,0018-01-18 19:03:00,18,1,18,19,3,780,423,RN12,48.7798,2.0261,Crépuscule ou aube,Hors agglomération,Hors intersection,Pluie légère,Deux véhicules - arrière,,,,,,,,,,,2,1,1,2.0,2.0
201800045655,0018-01-19 08:39:00,18,1,19,8,39,780,498,A13,48.91432,2.00573,Plein jour,Hors agglomération,Hors intersection,Temps couvert,Sans collision,,,,,,,,,,,1,1,1,8.0,7.0
201800045656,0018-01-19 21:20:00,18,1,19,21,20,780,431,A13,48.9362,1.962,Nuit avec éclairage allumé,Hors agglomération,Hors intersection,Normale,Autre collision,,,,,,,,,,,5,1,1,1.0,6.0
201800045657,0018-01-20 11:50:00,18,1,20,11,50,780,140,A13,48.9645,1.9255,Plein jour,Hors agglomération,Hors intersection,Pluie légère,Autre collision,,,,,,,,,,,1,1,1,2.0,6.0
201800045658,0018-01-20 14:18:00,18,1,20,14,18,780,217,A13,,,Plein jour,Hors agglomération,Hors intersection,Pluie légère,Autre collision,,,,,,,,,,,1,1,1,2.0,6.0
201800045659,0018-01-20 21:47:00,18,1,20,21,47,920,25,A86,,,Nuit sans éclairage public,Hors agglomération,Hors intersection,Pluie légère,Deux véhicules - arrière,,,,,,,,,,,3,1,1,2.0,2.0
201800045660,0018-01-21 15:05:00,18,1,21,15,5,780,423,RN12,48.7954,2.04532,Plein jour,Hors agglomération,Hors intersection,Pluie forte,Autre collision,,,,,,,,,,,1,1,1,3.0,6.0
201800045661,0018-01-21 03:50:00,18,1,21,3,50,780,140,A13,,,Nuit avec éclairage allumé,Hors agglomération,Hors intersection,Pluie légère,Autre collision,,,,,,,,,,,5,1,1,2.0,6.0
201800045662,0018-01-22 07:15:00,18,1,22,7,15,780,524,A13,,,Nuit avec éclairage allumé,Hors agglomération,Hors intersection,Pluie forte,Autre collision,,,,,,,,,,,5,1,1,3.0,6.0
201800045663,0018-01-22 08:45:00,18,1,22,8,45,780,640,A86 INT,48.78466,2.06046,Plein jour,Hors agglomération,Hors intersection,Pluie forte,Deux véhicules - côté,,,,,,,,,,,1,1,1,3.0,3.0
201800045664,0018-01-22 10:15:00,18,1,22,10,15,920,72,N118,48.82185,2.22182,Plein jour,Hors agglomération,Hors intersection,Pluie forte,Deux véhicules - côté,,,,,,,,,,,1,1,1,3.0,3.0
201800045665,0018-01-22 15:06:00,18,1,22,15,6,780,423,RN12,48.79575,2.04429,Plein jour,Hors agglomération,Hors intersection,Pluie légère,Autre collision,,,,,,,,,,,1,1,1,2.0,6.0
201800045666,0018-01-22 18:40:00,18,1,22,18,40,780,43,A12 W,48.84114,2.10004,Nuit sans éclairage public,Hors agglomération,Hors intersection,Normale,Deux véhicules - arrière,,,,,,,,,,,3,1,1,1.0,2.0
201800045667,0018-11-30 10:40:00,18,11,30,10,40,920,25,A86,48.92131,2.22529,Plein jour,Hors agglomération,Hors intersection,Normale,Deux véhicules - côté,,,,,,,,,,,1,1,1,1.0,3.0
201800045668,0018-01-23 15:30:00,18,1,23,15,30,920,48,N118,48.79504,2.21822,Plein jour,Hors agglomération,Hors intersection,Temps couvert,Autre collision,,,,,,,,,,,1,1,1,8.0,6.0
201800045669,0018-01-23 17:45:00,18,1,23,17,45,780,242,A12 W,48.83714,2.0901,Nuit sans éclairage public,Hors agglomération,Hors intersection,Temps couvert,Deux véhicules - côté,,,,,,,,,,,3,1,1,8.0,3.0
201800045670,0018-01-24 06:40:00,18,1,24,6,40,780,498,A13,48.90653,2.00514,Nuit sans éclairage public,Hors agglomération,Hors intersection,Pluie légère,Trois véhicules et plus - en chaîne,,,,,,,,,,,3,1,1,2.0,4.0
201800045671,0018-01-24 11:00:00,18,1,24,11,0,780,423,N12W,48.79721,2.01698,Plein jour,Hors agglomération,Hors intersection,Normale,Deux véhicules - arrière,,,,,,,,,,,1,1,1,1.0,2.0
201800045672,0018-01-24 18:15:00,18,1,24,18,15,780,133,A13,48.89306,2.00826,Nuit sans éclairage public,Hors agglomération,Hors intersection,Temps couvert,Trois véhicules et plus - en chaîne,,,,,,,,,,,3,1,1,8.0,4.0
201800045673,0018-01-25 08:30:00,18,1,25,8,30,780,640,A86 EXT,48.78072,2.17898,Plein jour,Hors agglomération,Hors intersection,Pluie légère,Deux véhicules - côté,,,,,,,,,,,1,1,1,2.0,3.0
201800045674,0018-01-25 16:30:00,18,1,25,16,30,780,297,RN12,48.78793,2.06476,Plein jour,Hors agglomération,Hors intersection,Normale,Sans collision,,,,,,,,,,,1,1,1,1.0,7.0
201800045675,0018-01-25 17:10:00,18,1,25,17,10,920,47,A13,48.83374,2.16291,Crépuscule ou aube,Hors agglomération,Hors intersection,Pluie légère,Deux véhicules - arrière,,,,,,,,,,,2,1,1,2.0,2.0
201800045676,0018-01-25 17:40:00,18,1,25,17,40,780,90,A13,48.97038,1.90211,Nuit sans éclairage public,Hors agglomération,Hors intersection,Pluie légère,Deux véhicules - arrière,,,,,,,,,,,3,1,1,2.0,2.0
201800045677,0018-01-26 07:00:00,18,1,26,7,0,780,545,A12 W,48.81282,2.05872,Crépuscule ou aube,Hors agglomération,Hors intersection,Normale,Deux véhicules - côté,,,,,,,,,,,2,1,1,1.0,3.0
201800045678,0018-01-26 07:10:00,18,1,26,7,10,780,640,N118,48.77704,2.22209,Crépuscule ou aube,Hors agglomération,Hors intersection,Normale,Deux véhicules - arrière,,,,,,,,,,,2,1,1,1.0,2.0
201800045679,0018-01-26 18:00:00,18,1,26,18,0,780,73,A12 W,48.80107,2.04633,Nuit sans éclairage public,Hors agglomération,Hors intersection,Normale,Sans collision,,,,,,,,,,,3,1,1,1.0,7.0
201800045680,0018-01-27 09:10:00,18,1,27,9,10,780,423,N12W,,,Plein jour,Hors agglomération,Hors intersection,Brouillard / fumée,Autre collision,,,,,,,,,,,1,1,1,5.0,6.0
201800045681,0018-01-27 23:30:00,18,1,27,23,30,780,321,RN12 INT,48.7992,1.9219,Nuit sans éclairage public,Hors agglomération,Hors intersection,Pluie légère,Autre collision,,,,,,,,,,,3,1,1,2.0,6.0
201800045682,0018-01-28 07:20:00,18,1,28,7,20,780,158,A13,48.83161,2.14235,Nuit sans éclairage public,Hors agglomération,Hors intersection,Pluie légère,Deux véhicules - côté,,,,,,,,,,,3,1,1,2.0,3.0
201800045683,0018-01-30 20:45:00,18,1,30,20,45,780,291,A13,48.8448,2.1529,Nuit sans éclairage public,Hors agglomération,Hors intersection,Pluie légère,Autre collision,,,,,,,,,,,3,1,1,2.0,6.0
201800045684,0018-01-31 07:45:00,18,1,31,7,45,920,50,A14,48.90387,2.19749,Nuit avec éclairage allumé,Hors agglomération,Hors intersection,Normale,Deux véhicules - arrière,,,,,,,,,,,5,1,1,1.0,2.0
201800045685,0018-02-01 08:25:00,18,2,1,8,25,920,25,A86,,,Crépuscule ou aube,Hors agglomération,Hors intersection,Pluie forte,Deux véhicules - côté,,,,,,,,,,,2,1,1,3.0,3.0
201800045686,0018-02-01 10:25:00,18,2,1,10,25,920,36,A86,48.93521,2.28336,Plein jour,Hors agglomération,Hors intersection,Pluie légère,Sans collision,,,,,,,,,,,1,1,1,2.0,7.0
201800045687,0018-02-01 19:20:00,18,2,1,19,20,920,63,A86,48.89115,2.17516,Nuit avec éclairage allumé,Hors agglomération,Hors intersection,Normale,Trois véhicules et plus - en chaîne,,,,,,,,,,,5,1,1,1.0,4.0
201800045688,0018-02-01 20:30:00,18,2,1,20,30,920,48,N118,48.7738,2.24125,Nuit avec éclairage allumé,Hors agglomération,Hors intersection,Normale,Trois véhicules et plus - collisions multiples,,,,,,,,,,,5,1,1,1.0,5.0
201800045689,0018-02-02 06:15:00,18,2,2,6,15,780,133,A14,,,Nuit avec éclairage allumé,Hors agglomération,Hors intersection,Normale,Sans collision,,,,,,,,,,,5,1,1,1.0,7.0
201800045690,0018-02-02 09:04:00,18,2,2,9,4,920,36,RN315 W,,,Plein jour,Hors agglomération,Hors intersection,Normale,Deux véhicules - côté,,,,,,,,,,,1,1,1,1.0,3.0
201800045691,0018-02-02 13:09:00,18,2,2,13,9,920,36,RN315 W,48.92111,2.30624,Plein jour,Hors agglomération,Hors intersection,Normale,Trois véhicules et plus - en chaîne,,,,,,,,,,,1,1,1,1.0,4.0
201800045692,0018-02-03 13:21:00,18,2,3,13,21,920,36,A86,48.93681,2.29257,Plein jour,Hors agglomération,Hors intersection,Pluie légère,Autre collision,,,,,,,,,,,1,1,1,2.0,6.0
201800045693,0018-02-03 18:15:00,18,2,3,18,15,780,118,A13,48.98278,1.68632,Nuit avec éclairage allumé,Hors agglomération,Hors intersection,Pluie légère,Autre collision,,,,,,,,,,,5,1,1,2.0,6.0
201800045694,0018-02-03 18:20:00,18,2,3,18,20,780,640,A86 EXT,48.77792,2.21496,Nuit sans éclairage public,Hors agglomération,Hors intersection,Normale,Trois véhicules et plus - en chaîne,,,,,,,,,,,3,1,1,1.0,4.0
201800045695,0018-02-04 05:42:00,18,2,4,5,42,780,396,A14,48.91657,2.11516,Nuit avec éclairage allumé,Hors agglomération,Hors intersection,Pluie légère,Sans collision,,,,,,,,,,,5,1,1,2.0,7.0
201800045696,0018-02-05 06:35:00,18,2,5,6,35,780,90,A13,48.97045,1.89042,Nuit sans éclairage public,Hors agglomération,Hors intersection,Normale,Autre collision,,,,,,,,,,,3,1,1,1.0,6.0
201800045697,0018-02-05 09:01:00,18,2,5,9,1,920,50,A86,48.89881,2.19907,Nuit avec éclairage non allumé,Hors agglomération,Hors intersection,Normale,Autre collision,,,,,,,,,,,4,1,1,1.0,6.0
201800045698,0018-02-05 16:20:00,18,2,5,16,20,780,640,N118,48.78372,2.22317,Plein jour,Hors agglomération,Hors intersection,Pluie légère,Trois véhicules et plus - collisions multiples,,,,,,,,,,,1,1,1,2.0,5.0
201800045699,0018-02-06 06:30:00,18,2,6,6,30,780,640,A86 EXT,48.77998,2.83353,Nuit sans éclairage public,Hors agglomération,Hors intersection,Neige / grêle,Trois véhicules et plus - en chaîne,,,,,,,,,,,3,1,1,4.0,4.0
201800045700,0018-02-06 09:40:00,18,2,6,9,40,780,640,A86 EXT,48.77621,2.22765,Plein jour,Hors agglomération,Hors intersection,Neige / grêle,Sans collision,,,,,,,,,,,1,1,1,4.0,7.0
201800045701,0018-02-06 09:30:00,18,2,6,9,30,920,25,A86,48.92709,2.23628,Plein jour,Hors agglomération,Hors intersection,Neige / grêle,Trois véhicules et plus - en chaîne,,,,,,,,,,,1,1,1,4.0,4.0
201800045702,0018-02-09 05:45:00,18,2,9,5,45,920,63,A86,,,Nuit avec éclairage allumé,Hors agglomération,Hors intersection,Normale,Autre collision,,,,,,,,,,,5,1,1,1.0,6.0
201800045703,0018-02-11 08:00:00,18,2,11,8,0,780,455,A13,,,Crépuscule ou aube,Hors agglomération,Hors intersection,Pluie légère,Autre collision,,,,,,,,,,,2,1,1,2.0,6.0
201800045704,0018-02-12 02:35:00,18,2,12,2,35,780,571,A13,48.0,10.0,Nuit sans éclairage public,Hors agglomération,Hors intersection,Normale,Autre collision,,,,,,,,,,,3,1,1,1.0,6.0
201800045705,0018-02-12 08:19:00,18,2,12,8,19,780,217,A13,48.96581,1.81415,Plein jour,Hors agglomération,Hors intersection,Normale,Sans collision,,,,,,,,,,,1,1,1,1.0,7.0
201800045706,0018-02-12 09:30:00,18,2,12,9,30,780,291,A13,48.96538,1.75934,Plein jour,Hors agglomération,Hors intersection,Normale,Trois véhicules et plus - en chaîne,,,,,,,,,,,1,1,1,1.0,4.0
201800045707,0018-02-13 08:45:00,18,2,13,8,45,780,455,A13,48.85405,2.06054,Plein jour,Hors agglomération,Hors intersection,Normale,Deux véhicules - arrière,,,,,,,,,,,1,1,1,1.0,2.0
201800045708,0018-02-13 20:10:00,18,2,13,20,10,780,362,A13,48.97828,1.70956,Nuit avec éclairage allumé,Hors agglomération,Hors intersection,Neige / grêle,Deux véhicules - arrière,,,,,,,,,,,5,1,1,4.0,2.0
201800045709,0018-02-13 22:19:00,18,2,13,22,19,920,36,A86,48.9364,2.2906,Nuit sans éclairage public,Hors agglomération,Hors intersection,Pluie légère,Trois véhicules et plus - collisions multiples,,,,,,,,,,,3,1,1,2.0,5.0
201800045710,0018-02-14 22:00:00,18,2,14,22,0,780,158,A13,48.8339,2.1344,Nuit sans éclairage public,Hors agglomération,Hors intersection,Pluie légère,Autre collision,,,,,,,,,,,3,1,1,2.0,6.0
201800045711,0018-02-15 12:15:00,18,2,15,12,15,920,25,A86,48.92275,2.2281,Plein jour,Hors agglomération,Hors intersection,Pluie légère,Trois véhicules et plus - en chaîne,,,,,,,,,,,1,1,1,2.0,4.0
201800045712,0018-02-16 03:10:00,18,2,16,3,10,780,217,A13,48.96318,1.83415,Nuit sans éclairage public,Hors agglomération,Hors intersection,Pluie légère,Autre collision,,,,,,,,,,,3,1,1,2.0,6.0
201800045713,0018-02-16 09:25:00,18,2,16,9,25,920,48,N118,48.79732,2.217,Plein jour,Hors agglomération,Autre intersection,Normale,Autre collision,,,,,,,,,,,1,1,9,1.0,6.0
201800045714,0018-02-16 15:45:00,18,2,16,15,45,780,640,A86 EXT,48.7767,2.22531,Plein jour,Hors agglomération,Hors intersection,Normale,Deux véhicules - arrière,,,,,,,,,,,1,1,1,1.0,2.0
201800045715,0018-02-16 18:54:00,18,2,16,18,54,780,466,A13,48.93216,1.97575,Nuit sans éclairage public,Hors agglomération,Hors intersection,Normale,Deux véhicules - arrière,,,,,,,,,,,3,1,1,1.0,2.0
201800045716,0018-02-17 03:19:00,18,2,17,3,19,780,73,N12Y,,,Nuit sans éclairage public,Hors agglomération,Hors intersection,Normale,Deux véhicules - arrière,,,,,,,,,,,3,1,1,1.0,2.0
201800045717,0018-02-17 10:40:00,18,2,17,10,40,920,25,A86,48.92498,2.23221,Plein jour,Hors agglomération,Hors intersection,Normale,Autre collision,,,,,,,,,,,1,1,1,1.0,6.0
201800045718,0018-02-17 14:40:00,18,2,17,14,40,920,64,A13,48.84428,2.22295,Plein jour,Hors agglomération,Hors intersection,Normale,Trois véhicules et plus - en chaîne,,,,,,,,,,,1,1,1,1.0,4.0
201800045719,0018-02-17 16:10:00,18,2,17,16,10,780,466,A13,48.90438,2.19714,Plein jour,Hors agglomération,Hors intersection,Normale,Trois véhicules et plus - en chaîne,,,,,,,,,,,1,1,1,1.0,4.0
201800045720,0018-02-17 18:55:00,18,2,17,18,55,780,640,A86 INT,48.77758,2.22424,Nuit avec éclairage non allumé,Hors agglomération,Hors intersection,Normale,Sans collision,,,,,,,,,,,4,1,1,1.0,7.0
201800045721,0018-02-19 07:20:00,18,2,19,7,20,780,133,A13,48.89475,2.0074,Crépuscule ou aube,Hors agglomération,Hors intersection,Normale,Trois véhicules et plus - en chaîne,,,,,,,,,,,2,1,1,1.0,4.0
201800045722,0018-02-19 09:30:00,18,2,19,9,30,920,64,A13,48.83932,2.1966,Plein jour,Hors agglomération,Hors intersection,Normale,Deux véhicules - côté,,,,,,,,,,,1,1,1,1.0,3.0
201800045723,0018-02-19 14:50:00,18,2,19,14,50,920,50,A14,48.90346,2.19824,Plein jour,Hors agglomération,Hors intersection,Pluie légère,Autre collision,,,,,,,,,,,1,1,1,2.0,6.0
201800045724,0018-02-19 16:00:00,18,2,19,16,0,920,50,A86,48.9703,1.90982,Crépuscule ou aube,Hors agglomération,Hors intersection,Pluie légère,Deux véhicules - arrière,,,,,,,,,,,2,1,1,2.0,2.0
201800045725,0018-02-21 16:35:00,18,2,21,16,35,780,498,A13,48.91063,2.00527,Plein jour,Hors agglomération,Hors intersection,Normale,Autre collision,,,,,,,,,,,1,1,1,1.0,6.0
201800045726,0018-02-21 18:49:00,18,2,21,18,49,920,25,A86,48.91881,2.22485,Nuit sans éclairage public,Hors agglomération,Autre intersection,Normale,Sans collision,,,,,,,,,,,3,1,9,1.0,7.0
201800045727,0018-02-22 21:25:00,18,2,22,21,25,920,64,A13,48.96318,2.1344,Nuit avec éclairage allumé,Hors agglomération,Hors intersection,Normale,Trois véhicules et plus - collisions multiples,,,,,,,,,,,5,1,1,1.0,5.0
201800045728,0018-02-23 01:50:00,18,2,23,1,50,780,490,RN12 INT,42.0,2.1344,Nuit sans éclairage public,Hors agglomération,Hors intersection,Normale,Autre collision,,,,,,,,,,,3,1,1,1.0,6.0
201800045729,0018-02-23 08:17:00,18,2,23,8,17,920,64,N118,48.82777,2.2248,Plein jour,Hors agglomération,Hors intersection,Normale,Autre collision,,,,,,,,,,,1,1,1,1.0,6.0
201800045730,0018-02-23 17:35:00,18,2,23,17,35,780,455,A13,48.8557,2.05728,Plein jour,Hors agglomération,Hors intersection,Normale,Deux véhicules - arrière,,,,,,,,,,,1,1,1,1.0,2.0
201800045731,0018-02-23 21:15:00,18,2,23,21,15,920,72,N118,,,Nuit sans éclairage public,Hors agglomération,Hors intersection,Normale,Autre collision,,,,,,,,,,,3,1,1,1.0,6.0
201800045732,0018-02-24 07:30:00,18,2,24,7,30,780,490,RN12 EXT,48.80105,1.95258,Crépuscule ou aube,Hors agglomération,Hors intersection,Normale,Autre collision,,,,,,,,,,,2,1,1,1.0,6.0
201800045733,0018-02-26 18:58:00,18,2,26,18,58,920,50,A86,48.89262,2.18764,Nuit sans éclairage public,Hors agglomération,Hors intersection,Normale,Sans collision,,,,,,,,,,,3,1,1,1.0,7.0