accident_id,datetime,annee,mois,jour,heure,minute,departement,commune_insee,adresse,latitude,longitude,luminosite,agglomeration,intersection,meteo,collision,nb_vehicules,nb_usagers,nb_indemnes,nb_tues,nb_blesses_hosp,nb_blesses_legers,age_cond_1,age_cond_2,veh_type_cond_1,veh_type_cond_2,lum_code,agg_code,int_code,atm_code,col_code
201800045734,0018-02-27 09:30:00,18,2,27,9,30,920,47,A13,48.83763,2.18905,Plein jour,Hors agglomération,Hors intersection,Normale,Deux véhicules - arrière,,,,,,,,,,,1,1,1,1.0,2.0
201800045735,0018-03-01 10:38:00,18,3,1,10,38,920,50,A86,48.91356,2.21856,Plein jour,Hors agglomération,Hors intersection,Normale,Autre collision,,,,,,,,,,,1,1,1,1.0,6.0
201800045736,0018-03-02 00:30:00,18,3,2,0,30,920,72,N118,42.0,2.1344,Nuit avec éclairage allumé,Hors agglomération,Autre intersection,Normale,Autre collision,,,,,,,,,,,5,1,9,1.0,6.0
201800045737,0018-03-02 09:00:00,18,3,2,9,0,780,545,A12 Y,48.81137,2.05663,Plein jour,Hors agglomération,Hors intersection,Pluie légère,Trois véhicules et plus - en chaîne,,,,,,,,,,,1,1,1,2.0,4.0
201800045738,0018-03-02 09:06:00,18,3,2,9,6,920,25,A86,48.91432,2.00573,Plein jour,Hors agglomération,Hors intersection,Pluie légère,Deux véhicules - côté,,,,,,,,,,,1,1,1,2.0,3.0
201800045739,0018-03-02 16:00:00,18,3,2,16,0,780,455,A13,48.85265,2.06408,Plein jour,Hors agglomération,Hors intersection,Normale,Trois véhicules et plus - en chaîne,,,,,,,,,,,1,1,1,1.0,4.0
201800045740,0018-03-03 06:50:00,18,3,3,6,50,920,36,A86,48.93704,2.29285,Nuit sans éclairage public,Hors agglomération,Hors intersection,Normale,Autre collision,,,,,,,,,,,3,1,1,1.0,6.0
201800045741,0018-03-02 16:30:00,18,3,2,16,30,780,455,A13,,,Plein jour,Hors agglomération,Hors intersection,Normale,Trois véhicules et plus - en chaîne,,,,,,,,,,,1,1,1,1.0,4.0
201800045742,0018-03-03 15:00:00,18,3,3,15,0,920,36,A86,,,Plein jour,Hors agglomération,Hors intersection,Normale,Trois véhicules et plus - en chaîne,,,,,,,,,,,1,1,1,1.0,4.0
201800045743,0018-03-04 18:20:00,18,3,4,18,20,780,43,A13Y,48.84137,2.09276,Crépuscule ou aube,Hors agglomération,Hors intersection,Normale,Sans collision,,,,,,,,,,,2,1,1,1.0,7.0
201800045744,0018-03-04 23:50:00,18,3,4,23,50,920,50,A14,42.0,2.1344,Nuit avec éclairage allumé,Hors agglomération,Hors intersection,Normale,Autre collision,,,,,,,,,,,5,1,1,1.0,6.0
201800045745,0018-03-05 05:00:00,18,3,5,5,0,920,36,A86,48.9337,2.27425,Nuit avec éclairage allumé,Hors agglomération,Hors intersection,Normale,Autre collision,,,,,,,,,,,5,1,1,1.0,6.0
201800045746,0018-03-04 06:45:00,18,3,4,6,45,780,43,A12 Y,,,Nuit sans éclairage public,Hors agglomération,Hors intersection,Pluie légère,Autre collision,,,,,,,,,,,3,1,1,2.0,6.0
201800045747,0018-03-05 09:42:00,18,3,5,9,42,780,640,A86 EXT,48.77765,2.21946,Plein jour,Hors agglomération,Hors intersection,Normale,Sans collision,,,,,,,,,,,1,1,1,1.0,7.0
201800045748,0018-03-06 14:50:00,18,3,6,14,50,920,50,A14,48.90413,2.19718,Plein jour,Hors agglomération,Hors intersection,Normale,Trois véhicules et plus - en chaîne,,,,,,,,,,,1,1,1,1.0,4.0
201800045749,0018-03-08 08:00:00,18,3,8,8,0,780,423,RN12,48.90433,2.19716,Plein jour,Hors agglomération,Hors intersection,Temps couvert,Sans collision,,,,,,,,,,,1,1,1,8.0,7.0
201800045750,0018-03-08 09:00:00,18,3,8,9,0,920,48,N118,,,Plein jour,Hors agglomération,Hors intersection,Normale,Trois véhicules et plus - en chaîne,,,,,,,,,,,1,1,1,1.0,4.0
201800045751,0018-03-09 14:30:00,18,3,9,14,30,780,73,N12Y,48.80038,1.9812,Plein jour,Hors agglomération,Hors intersection,Normale,Deux véhicules - arrière,,,,,,,,,,,1,1,1,1.0,2.0
201800045752,0018-03-10 02:00:00,18,3,10,2,0,780,524,A13,,,Nuit avec éclairage allumé,Hors agglomération,Hors intersection,Normale,Autre collision,,,,,,,,,,,5,1,1,1.0,6.0
201800045753,0018-03-10 05:35:00,18,3,10,5,35,920,50,A86,48.89406,2.18999,Nuit sans éclairage public,Hors agglomération,Hors intersection,Normale,Autre collision,,,,,,,,,,,3,1,1,1.0,6.0
201800045754,0018-03-10 09:50:00,18,3,10,9,50,780,7,A13W,48.90061,2.00508,Plein jour,Hors agglomération,Hors intersection,Pluie forte,Trois véhicules et plus - collisions multiples,,,,,,,,,,,1,1,1,3.0,5.0
201800045755,0018-03-11 04:40:00,18,3,11,4,40,780,291,A13,48.97221,1.73079,Nuit sans éclairage public,Hors agglomération,Hors intersection,Pluie légère,Sans collision,,,,,,,,,,,3,1,1,2.0,7.0
201800045756,0018-03-11 06:24:00,18,3,11,6,24,920,48,N118,48.80084,2.2154,Nuit sans éclairage public,Hors agglomération,Hors intersection,Pluie forte,Autre collision,,,,,,,,,,,3,1,1,3.0,6.0
201800045757,0018-03-11 04:45:00,18,3,11,4,45,780,571,A13,48.97221,1.73079,Nuit sans éclairage public,Hors agglomération,Hors intersection,Pluie forte,Trois véhicules et plus - en chaîne,,,,,,,,,,,3,1,1,3.0,4.0
201800045758,0018-03-11 12:54:00,18,3,11,12,54,780,7,A13 Y,48.89896,2.00572,Plein jour,Hors agglomération,Hors intersection,Normale,Autre collision,,,,,,,,,,,1,1,1,1.0,6.0
201800045759,0018-03-13 18:45:00,18,3,13,18,45,780,90,A13,48.9705,1.89082,Nuit sans éclairage public,Hors agglomération,Hors intersection,Normale,Trois véhicules et plus - collisions multiples,,,,,,,,,,,3,1,1,1.0,5.0
201800045760,0018-03-14 12:32:00,18,3,14,12,32,780,73,N12Y,48.79805,2.00991,Plein jour,En agglomération,Hors intersection,Normale,Deux véhicules - arrière,,,,,,,,,,,1,2,1,1.0,2.0
201800045761,0018-03-15 08:50:00,18,3,15,8,50,920,64,A13,48.90424,2.19737,Plein jour,Hors agglomération,Hors intersection,Pluie légère,Deux véhicules - arrière,,,,,,,,,,,1,1,1,2.0,2.0
201800045762,0018-03-15 17:25:00,18,3,15,17,25,920,48,N118,48.7879,2.22219,Plein jour,Hors agglomération,Hors intersection,Normale,Deux véhicules - côté,,,,,,,,,,,1,1,1,1.0,3.0
201800045763,0018-03-16 08:40:00,18,3,16,8,40,780,43,A13W,48.84758,2.07728,Plein jour,Hors agglomération,Hors intersection,Normale,Deux véhicules - arrière,,,,,,,,,,,1,1,1,1.0,2.0
201800045764,0018-03-16 09:15:00,18,3,16,9,15,780,672,A13,48.92838,1.98887,Plein jour,Hors agglomération,Hors intersection,Normale,Deux véhicules - arrière,,,,,,,,,,,1,1,1,1.0,2.0
201800045765,0018-03-16 10:40:00,18,3,16,10,40,780,206,A13,48.95692,1.93539,Plein jour,Hors agglomération,Hors intersection,Normale,Deux véhicules - arrière,,,,,,,,,,,1,1,1,1.0,2.0
201800045766,0018-03-16 11:45:00,18,3,16,11,45,920,36,A86,48.95689,1.93544,Plein jour,Hors agglomération,Hors intersection,Normale,Sans collision,,,,,,,,,,,1,1,1,1.0,7.0
201800045767,0018-03-17 15:25:00,18,3,17,15,25,780,140,A13,48.96695,1.92263,Plein jour,Hors agglomération,Hors intersection,Pluie légère,Deux véhicules - arrière,,,,,,,,,,,1,1,1,2.0,2.0
201800045768,0018-03-17 21:25:00,18,3,17,21,25,780,498,A13,48.9162,2.00539,Nuit sans éclairage public,Hors agglomération,Hors intersection,Pluie légère,Trois véhicules et plus - en chaîne,,,,,,,,,,,3,1,1,2.0,4.0
201800045769,0018-03-19 09:09:00,18,3,19,9,9,780,490,RN12 EXT,48.79861,1.92441,Plein jour,Hors agglomération,Hors intersection,Normale,Autre collision,,,,,,,,,,,1,1,1,1.0,6.0
201800045770,0018-03-19 17:45:00,18,3,19,17,45,780,640,N118,48.78073,2.22264,Plein jour,Hors agglomération,Hors intersection,Temps couvert,Autre collision,,,,,,,,,,,1,1,1,8.0,6.0
201800045771,0018-03-20 04:10:00,18,3,20,4,10,780,118,A13,,,Nuit sans éclairage public,Hors agglomération,Hors intersection,Normale,Sans collision,,,,,,,,,,,3,1,1,1.0,7.0
201800045772,0018-03-20 12:00:00,18,3,20,12,0,920,36,A86,48.93707,2.29374,Plein jour,Hors agglomération,Hors intersection,Normale,Trois véhicules et plus - en chaîne,,,,,,,,,,,1,1,1,1.0,4.0
201800045773,0018-03-20 21:35:00,18,3,20,21,35,920,51,N13,48.88542,2.25866,Nuit avec éclairage allumé,En agglomération,Hors intersection,Normale,Trois véhicules et plus - en chaîne,,,,,,,,,,,5,2,1,1.0,4.0
201800045774,0018-03-21 07:30:00,18,3,21,7,30,780,646,RN12,48.79147,2.07242,Plein jour,Hors agglomération,Hors intersection,Normale,Deux véhicules - côté,,,,,,,,,,,1,1,1,1.0,3.0
201800045775,0018-03-22 21:03:00,18,3,22,21,3,780,291,A13,,,Nuit sans éclairage public,Hors agglomération,Hors intersection,Normale,Autre collision,,,,,,,,,,,3,1,1,1.0,6.0
201800045776,0018-03-23 06:55:00,18,3,23,6,55,780,73,A12 W,48.80299,2.04758,Plein jour,Hors agglomération,Hors intersection,Normale,Sans collision,,,,,,,,,,,1,1,1,1.0,7.0
201800045777,0018-03-23 14:00:00,18,3,23,14,0,920,62,RN1014 W,48.88798,2.2499,Plein jour,Hors agglomération,Hors intersection,Normale,Autre collision,,,,,,,,,,,1,1,1,1.0,6.0
201800045778,0018-03-23 23:19:00,18,3,23,23,19,780,43,A12 Y,42.0,1.962,Nuit sans éclairage public,Hors agglomération,Hors intersection,Pluie légère,Autre collision,,,,,,,,,,,3,1,1,2.0,6.0
201800045779,0018-03-25 19:10:00,18,3,25,19,10,780,640,A86 EXT,48.77757,2.21911,Plein jour,Hors agglomération,Hors intersection,Normale,Deux véhicules - côté,,,,,,,,,,,1,1,1,1.0,3.0
201800045780,0018-03-26 05:50:00,18,3,26,5,50,780,362,A13,48.97697,1.71565,Nuit sans éclairage public,Hors agglomération,Hors intersection,Normale,Deux véhicules - arrière,,,,,,,,,,,3,1,1,1.0,2.0
201800045781,0018-03-27 09:48:00,18,3,27,9,48,920,62,RN1014 W,48.90367,2.19752,Plein jour,Hors agglomération,Hors intersection,Pluie légère,Deux véhicules - côté,,,,,,,,,,,1,1,1,2.0,3.0
201800045782,0018-03-27 23:10:00,18,3,27,23,10,780,43,A12 Y,,,Nuit sans éclairage public,Hors agglomération,Hors intersection,Normale,Autre collision,,,,,,,,,,,3,1,1,1.0,6.0
201800045783,0018-03-28 08:30:00,18,3,28,8,30,780,640,A86 EXT,48.78028,2.18231,Plein jour,Hors agglomération,Hors intersection,Pluie légère,Deux véhicules - côté,,,,,,,,,,,1,1,1,2.0,3.0
201800045784,0018-03-28 09:00:00,18,3,28,9,0,780,158,A13,48.83869,2.12383,Plein jour,Hors agglomération,Hors intersection,Pluie forte,Sans collision,,,,,,,,,,,1,1,1,3.0,7.0
201800045785,0018-03-28 09:20:00,18,3,28,9,20,780,640,N118,48.78248,2.22319,Plein jour,Hors agglomération,Hors intersection,Pluie forte,Sans collision,,,,,,,,,,,1,1,1,3.0,7.0
201800045786,0018-03-28 18:28:00,18,3,28,18,28,780,43,A12 W,48.83654,2.08948,Plein jour,Hors agglomération,Hors intersection,Normale,Autre collision,,,,,,,,,,,1,1,1,1.0,6.0
201800045787,0018-03-29 20:25:00,18,3,29,20,25,920,26,RN1014 Y,48.88981,2.24464,Nuit avec éclairage allumé,Hors agglomération,Hors intersection,Normale,Trois véhicules et plus - en chaîne,,,,,,,,,,,5,1,1,1.0,4.0
201800045788,0018-03-30 00:50:00,18,3,30,0,50,920,50,A86,42.0,1.83415,Nuit avec éclairage allumé,Hors agglomération,Autre intersection,Pluie légère,Autre collision,,,,,,,,,,,5,1,9,2.0,6.0
201800045789,0018-03-30 08:50:00,18,3,30,8,50,920,72,N118,48.81897,2.21737,Plein jour,Hors agglomération,Hors intersection,Temps couvert,Autre collision,,,,,,,,,,,1,1,1,8.0,6.0
201800045790,0018-03-30 09:55:00,18,3,30,9,55,920,47,A13,48.83331,2.16102,Plein jour,Hors agglomération,Hors intersection,Normale,Deux véhicules - arrière,,,,,,,,,,,1,1,1,1.0,2.0
201800045791,0018-03-30 16:30:00,18,3,30,16,30,780,73,A12 Y,48.80024,2.04498,Plein jour,Hors agglomération,Hors intersection,Normale,Trois véhicules et plus - en chaîne,,,,,,,,,,,1,1,1,1.0,4.0
201800045792,0018-03-30 17:45:00,18,3,30,17,45,920,50,A14,48.80253,2.13114,Plein jour,Hors agglomération,Hors intersection,Normale,Autre collision,,,,,,,,,,,1,1,1,1.0,6.0
201800045793,0018-03-30 18:30:00,18,3,30,18,30,920,25,A86,48.93263,2.24927,Plein jour,Hors agglomération,Hors intersection,Normale,Deux véhicules - côté,,,,,,,,,,,1,1,1,1.0,3.0
201800045794,0018-03-31 20:30:00,18,3,31,20,30,780,43,A13Y,48.84471,2.08997,Nuit sans éclairage public,Hors agglomération,Hors intersection,Normale,Autre collision,,,,,,,,,,,3,1,1,1.0,6.0
201800045795,0018-04-03 11:45:00,18,4,3,11,45,920,47,A13,48.9422,1.95102,Plein jour,Hors agglomération,Hors intersection,Normale,Deux véhicules - arrière,,,,,,,,,,,1,1,1,1.0,2.0
201800045796,0018-04-03 16:28:00,18,4,3,16,28,780,217,A13,48.96277,1.8363,Plein jour,Hors agglomération,Autre intersection,Normale,Autre collision,,,,,,,,,,,1,1,9,1.0,6.0
201800045797,0018-04-03 16:30:00,18,4,3,16,30,920,50,A86,48.9105,2.2159,Plein jour,Hors agglomération,Hors intersection,Pluie légère,Autre collision,,,,,,,,,,,1,1,1,2.0,6.0
201800045798,0018-04-03 17:16:00,18,4,3,17,16,920,62,A14,48.8902,2.24097,Plein jour,Hors agglomération,Hors intersection,Pluie légère,Autre collision,,,,,,,,,,,1,1,1,2.0,6.0
201800045799,0018-04-04 06:45:00,18,4,4,6,45,780,90,A13,48.97047,1.89003,Crépuscule ou aube,Hors agglomération,Hors intersection,Pluie légère,Trois véhicules et plus - en chaîne,,,,,,,,,,,2,1,1,2.0,4.0
201800045800,0018-04-05 13:20:00,18,4,5,13,20,780,322,RN12 EXT,48.7852,2.15516,Plein jour,Hors agglomération,Autre intersection,Normale,Autre collision,,,,,,,,,,,1,1,9,1.0,6.0
201800045801,0018-04-05 18:00:00,18,4,5,18,0,920,25,A86,48.9294,2.24122,Plein jour,Hors agglomération,Hors intersection,Normale,Trois véhicules et plus - collisions multiples,,,,,,,,,,,1,1,1,1.0,5.0
201800045802,0018-04-06 02:14:00,18,4,6,2,14,780,490,RN12 EXT,,,Nuit sans éclairage public,Hors agglomération,Hors intersection,Normale,Autre collision,,,,,,,,,,,3,1,1,1.0,6.0
201800045803,0018-04-06 14:19:00,18,4,6,14,19,780,43,A12 W,48.84091,2.0976,Plein jour,Hors agglomération,Hors intersection,Normale,Autre collision,,,,,,,,,,,1,1,1,1.0,6.0
201800045804,0018-04-07 03:40:00,18,4,7,3,40,780,498,A13,48.91184,2.0055,Nuit sans éclairage public,Hors agglomération,Autre intersection,Normale,Deux véhicules - côté,,,,,,,,,,,3,1,9,1.0,3.0
201800045805,0018-04-07 16:30:00,18,4,7,16,30,780,498,A14,48.91563,2.02817,Plein jour,Hors agglomération,Hors intersection,Normale,Deux véhicules - côté,,,,,,,,,,,1,1,1,1.0,3.0
201800045806,0018-04-07 17:20:00,18,4,7,17,20,920,47,A13,48.83398,2.16549,Plein jour,Hors agglomération,Hors intersection,Normale,Deux véhicules - côté,,,,,,,,,,,1,1,1,1.0,3.0
201800045807,0018-04-08 19:30:00,18,4,8,19,30,780,455,A13,48.85895,2.0509,Nuit sans éclairage public,Hors agglomération,Hors intersection,Normale,Deux véhicules - arrière,,,,,,,,,,,3,1,1,1.0,2.0
201800045808,0018-04-09 07:45:00,18,4,9,7,45,780,423,N12W,48.85895,2.0509,Plein jour,Hors agglomération,Hors intersection,Normale,Sans collision,,,,,,,,,,,1,1,1,1.0,7.0
201800045809,0018-04-11 08:34:00,18,4,11,8,34,780,524,A13,48.8405,2.11133,Plein jour,Hors agglomération,Hors intersection,Normale,Deux véhicules - côté,,,,,,,,,,,1,1,1,1.0,3.0
201800045810,0018-04-11 09:44:00,18,4,11,9,44,780,545,A12 W,48.81529,2.06195,Plein jour,Hors agglomération,Hors intersection,Normale,Autre collision,,,,,,,,,,,1,1,1,1.0,6.0
201800045811,0018-04-12 07:35:00,18,4,12,7,35,780,238,A13,48.97031,1.87152,Crépuscule ou aube,Hors agglomération,Hors intersection,Normale,Autre collision,,,,,,,,,,,2,1,1,1.0,6.0
201800045812,0018-04-12 12:00:00,18,4,12,12,0,920,36,RN315 W,48.92195,2.30565,Plein jour,Hors agglomération,Hors intersection,Normale,Autre collision,,,,,,,,,,,1,1,1,1.0,6.0
201800045813,0018-04-12 12:15:00,18,4,12,12,15,780,43,A12 Y,48.83411,2.08658,Plein jour,Hors agglomération,Hors intersection,Normale,Autre collision,,,,,,,,,,,1,1,1,1.0,6.0
201800045814,0018-04-12 18:40:00,18,4,12,18,40,920,50,A86,,,Crépuscule ou aube,Hors agglomération,Hors intersection,Pluie légère,Trois véhicules et plus - en chaîne,,,,,,,,,,,2,1,1,2.0,4.0
201800045815,0018-04-13 07:35:00,18,4,13,7,35,920,48,N118,48.90423,2.19687,Plein jour,Hors agglomération,Hors intersection,Normale,Autre collision,,,,,,,,,,,1,1,1,1.0,6.0
201800045816,0018-04-12 17:50:00,18,4,12,17,50,920,51,RN13,48.88576,2.25718,Nuit avec éclairage allumé,En agglomération,Hors intersection,Pluie légère,Deux véhicules - côté,,,,,,,,,,,5,2,1,2.0,3.0
201800045817,0018-04-13 16:30:00,18,4,13,16,30,780,498,A13,48.91337,2.00519,Plein jour,Hors agglomération,Hors intersection,Normale,Trois véhicules et plus - en chaîne,,,,,,,,,,,1,1,1,1.0,4.0
201800045818,0018-04-14 04:20:00,18,4,14,4,20,780,158,A13,48.8347,2.13282,Nuit avec éclairage non allumé,Hors agglomération,Hors intersection,Normale,Deux véhicules - arrière,,,,,,,,,,,4,1,1,1.0,2.0
201800045819,0018-04-14 10:49:00,18,4,14,10,49,920,62,RN1014 W,48.90408,2.19734,Plein jour,Hors agglomération,Hors intersection,Normale,Deux véhicules - côté,,,,,,,,,,,1,1,1,1.0,3.0
201800045820,0018-04-15 16:45:00,18,4,15,16,45,780,640,A86 EXT,48.777,2.2197,Plein jour,Hors agglomération,Hors intersection,Normale,Trois véhicules et plus - en chaîne,,,,,,,,,,,1,1,1,1.0,4.0
201800045821,0018-04-15 22:43:00,18,4,15,22,43,780,133,A13,48.8865,2.012,Nuit sans éclairage public,Hors agglomération,Hors intersection,Normale,Autre collision,,,,,,,,,,,3,1,1,1.0,6.0
201800045822,0018-04-16 07:10:00,18,4,16,7,10,780,524,A13,48.84029,2.11482,Plein jour,Hors agglomération,Hors intersection,Normale,Deux véhicules - arrière,,,,,,,,,,,1,1,1,1.0,2.0
201800045823,0018-04-17 16:20:00,18,4,17,16,20,920,51,RN13,48.88594,2.25646,Plein jour,Hors agglomération,Hors intersection,Normale,Deux véhicules - arrière,,,,,,,,,,,1,1,1,1.0,2.0
201800045824,0018-04-17 19:45:00,18,4,17,19,45,920,36,RN315 Y,48.93027,2.30219,Plein jour,Hors agglomération,Hors intersection,Normale,Deux véhicules - arrière,,,,,,,,,,,1,1,1,1.0,2.0
201800045825,0018-04-17 22:34:00,18,4,17,22,34,780,362,A13,48.979,1.7049,Nuit avec éclairage allumé,Hors agglomération,Hors intersection,Normale,Autre collision,,,,,,,,,,,5,1,1,1.0,6.0
201800045826,0018-04-18 07:25:00,18,4,18,7,25,780,640,A86 EXT,48.7776,2.21894,Crépuscule ou aube,Hors agglomération,Hors intersection,Normale,Autre collision,,,,,,,,,,,2,1,1,1.0,6.0
201800045827,0018-04-18 16:55:00,18,4,18,16,55,780,117,RN12,48.90414,2.19736,Plein jour,Hors agglomération,Hors intersection,Normale,Deux véhicules - arrière,,,,,,,,,,,1,1,1,1.0,2.0
201800045828,0018-04-19 09:20:00,18,4,19,9,20,780,43,A12 Y,48.82692,2.07689,Plein jour,Hors agglomération,Hors intersection,Normale,Deux véhicules - arrière,,,,,,,,,,,1,1,1,1.0,2.0
201800045829,0018-04-20 13:15:00,18,4,20,13,15,920,64,A13,48.8389,2.193,Plein jour,Hors agglomération,Hors intersection,Normale,Autre collision,,,,,,,,,,,1,1,1,1.0,6.0
201800045830,0018-04-22 16:30:00,18,4,22,16,30,920,63,A86,48.88801,2.16748,Plein jour,Hors agglomération,Autre intersection,Normale,Autre collision,,,,,,,,,,,1,1,9,1.0,6.0
201800045831,0018-04-23 19:20:00,18,4,23,19,20,920,36,A86,48.9341,2.26932,Plein jour,Hors agglomération,Hors intersection,Normale,Deux véhicules - arrière,,,,,,,,,,,1,1,1,1.0,2.0
201800045832,0018-04-24 05:50:00,18,4,24,5,50,780,29,A13Y,48.96479,1.84654,Crépuscule ou aube,Hors agglomération,Hors intersection,Normale,Autre collision,,,,,,,,,,,2,1,1,1.0,6.0
201800045833,0018-04-24 17:40:00,18,4,24,17,40,920,25,A86,48.93323,2.25273,Plein jour,Hors agglomération,Hors intersection,Normale,Trois véhicules et plus - en chaîne,,,,,,,,,,,1,1,1,1.0,4.0
201800045834,0018-04-25 15:50:00,18,4,25,15,50,780,466,A13,48.92864,1.98868,Plein jour,Hors agglomération,Hors intersection,Normale,Trois véhicules et plus - collisions multiples,,,,,,,,,,,1,1,1,1.0,5.0
201800045835,0018-04-26 10:50:00,18,4,26,10,50,780,418,A14,48.91543,2.1339,Plein jour,Hors agglomération,Hors intersection,Normale,Autre collision,,,,,,,,,,,1,1,1,1.0,6.0
201800045836,0018-04-26 16:30:00,18,4,26,16,30,920,50,A86,48.90431,2.19666,Plein jour,Hors agglomération,Hors intersection,Normale,Deux véhicules - côté,,,,,,,,,,,1,1,1,1.0,3.0
201800045837,0018-04-26 16:30:00,18,4,26,16,30,920,64,A13,48.8444,2.22296,Plein jour,Hors agglomération,Hors intersection,Normale,Deux véhicules - arrière,,,,,,,,,,,1,1,1,1.0,2.0
201800045838,0018-04-26 21:20:00,18,4,26,21,20,780,640,A86 EXT,,,Nuit sans éclairage public,Hors agglomération,Hors intersection,Normale,Trois véhicules et plus - en chaîne,,,,,,,,,,,3,1,1,1.0,4.0
201800045839,0018-04-27 17:10:00,18,4,27,17,10,780,133,A13,48.891,2.00949,Plein jour,Hors agglomération,Hors intersection,Normale,Trois véhicules et plus - en chaîne,,,,,,,,,,,1,1,1,1.0,4.0
201800045840,0018-04-30 22:35:00,18,4,30,22,35,920,12,A13,48.84773,2.22493,Nuit avec éclairage allumé,Hors agglomération,Hors intersection,Pluie légère,Trois véhicules et plus - collisions multiples,,,,,,,,,,,5,1,1,2.0,5.0
201800045841,0018-05-01 23:40:00,18,5,1,23,40,780,455,A13,,,Nuit sans éclairage public,Hors agglomération,Hors intersection,Pluie légère,Autre collision,,,,,,,,,,,3,1,1,2.0,6.0
201800045842,0018-05-01 05:50:00,18,5,1,5,50,920,62,RN1013,48.9044,2.19674,Nuit avec éclairage allumé,Hors agglomération,Autre intersection,Pluie légère,Sans collision,,,,,,,,,,,5,1,9,2.0,7.0
201800045843,0018-05-01 08:20:00,18,5,1,8,20,920,12,A13,48.84829,2.22646,Plein jour,Hors agglomération,Autre intersection,Normale,Autre collision,,,,,,,,,,,1,1,9,1.0,6.0
201800045844,0018-05-01 21:40:00,18,5,1,21,40,780,571,A13,,,Nuit sans éclairage public,Hors agglomération,Hors intersection,Normale,Autre collision,,,,,,,,,,,3,1,1,1.0,6.0
201800045845,0018-05-02 07:50:00,18,5,2,7,50,780,126,A13,48.83828,2.12281,Plein jour,Hors agglomération,Hors intersection,Normale,Trois véhicules et plus - en chaîne,,,,,,,,,,,1,1,1,1.0,4.0
201800045846,0018-05-03 08:14:00,18,5,3,8,14,920,47,A13,48.8342,2.168,Plein jour,Hors agglomération,Hors intersection,Normale,Trois véhicules et plus - collisions multiples,,,,,,,,,,,1,1,1,1.0,5.0
201800045847,0018-05-03 10:35:00,18,5,3,10,35,920,51,RN13,48.8342,2.168,Plein jour,En agglomération,Hors intersection,Normale,Deux véhicules - arrière,,,,,,,,,,,1,2,1,1.0,2.0
201800045848,0018-05-04 16:20:00,18,5,4,16,20,920,50,A86,48.914,2.2193,Plein jour,Hors agglomération,Hors intersection,Normale,Autre collision,,,,,,,,,,,1,1,1,1.0,6.0
201800045849,0018-05-04 16:40:00,18,5,4,16,40,920,36,RN315 Y,48.92914,2.3025,Plein jour,Hors agglomération,Hors intersection,Normale,Sans collision,,,,,,,,,,,1,1,1,1.0,7.0
201800045850,0018-05-04 16:40:00,18,5,4,16,40,920,36,RN315 Y,48.92914,2.3025,Plein jour,Hors agglomération,Hors intersection,Normale,Deux véhicules - arrière,,,,,,,,,,,1,1,1,1.0,2.0
201800045851,0018-05-04 22:40:00,18,5,4,22,40,920,50,A86,,,Nuit avec éclairage allumé,Hors agglomération,Autre intersection,Normale,Autre collision,,,,,,,,,,,5,1,9,1.0,6.0
201800045852,0018-05-04 19:07:00,18,5,4,19,7,920,48,N118,,,Plein jour,Hors agglomération,Hors intersection,Normale,Trois véhicules et plus - en chaîne,,,,,,,,,,,1,1,1,1.0,4.0
201800045853,0018-05-04 19:37:00,18,5,4,19,37,780,133,A13,,,Plein jour,Hors agglomération,Hors intersection,Normale,Autre collision,,,,,,,,,,,1,1,1,1.0,6.0
201800045854,0018-05-06 13:59:00,18,5,6,13,59,920,23,RN385,48.7759,2.2298,Plein jour,Hors agglomération,Hors intersection,Normale,Deux véhicules - arrière,,,,,,,,,,,1,1,1,1.0,2.0
201800045855,0018-05-07 00:15:00,18,5,7,0,15,780,206,A13,48.95181,1.94169,Nuit sans éclairage public,Hors agglomération,Hors intersection,Normale,Trois véhicules et plus - en chaîne,,,,,,,,,,,3,1,1,1.0,4.0
201800045856,0018-05-07 18:37:00,18,5,7,18,37,920,64,A13,48.83759,2.18987,Plein jour,Hors agglomération,Hors intersection,Normale,Trois véhicules et plus - en chaîne,,,,,,,,,,,1,1,1,1.0,4.0
201800045857,0018-05-08 18:43:00,18,5,8,18,43,780,423,N12W,48.79826,2.04467,Plein jour,Hors agglomération,Hors intersection,Normale,Sans collision,,,,,,,,,,,1,1,1,1.0,7.0
201800045858,0018-05-15 19:50:00,18,5,15,19,50,920,51,RN13,48.88529,2.25845,Plein jour,En agglomération,Hors intersection,Normale,Autre collision,,,,,,,,,,,1,2,1,1.0,6.0
201800045859,0018-05-16 09:05:00,18,5,16,9,5,920,50,A86,48.91007,2.21518,Plein jour,Hors agglomération,Autre intersection,Normale,Autre collision,,,,,,,,,,,1,1,9,1.0,6.0
201800045860,0018-05-16 10:55:00,18,5,16,10,55,780,140,A13,48.96446,1.9256,Plein jour,Hors agglomération,Hors intersection,Normale,Autre collision,,,,,,,,,,,1,1,1,1.0,6.0
201800045861,0018-05-16 20:00:00,18,5,16,20,0,920,63,A86,48.87303,2.15638,Plein jour,Hors agglomération,Hors intersection,Normale,Autre collision,,,,,,,,,,,1,1,1,1.0,6.0
201800045862,0018-05-18 12:24:00,18,5,18,12,24,920,62,RN1013,,,Plein jour,Hors agglomération,Hors intersection,Normale,Sans collision,,,,,,,,,,,1,1,1,1.0,7.0