accident_id,datetime,annee,mois,jour,heure,minute,departement,commune_insee,adresse,latitude,longitude,luminosite,agglomeration,intersection,meteo,collision,nb_vehicules,nb_usagers,nb_indemnes,nb_tues,nb_blesses_hosp,nb_blesses_legers,age_cond_1,age_cond_2,veh_type_cond_1,veh_type_cond_2,lum_code,agg_code,int_code,atm_code,col_code
201800045863,0018-05-18 20:07:00,18,5,18,20,7,780,498,A13,48.91311,2.00569,Plein jour,Hors agglomération,Hors intersection,Normale,Deux véhicules - côté,,,,,,,,,,,1,1,1,1.0,3.0
201800045864,0018-05-18 19:57:00,18,5,18,19,57,920,50,A86,48.91534,2.22029,Plein jour,Hors agglomération,Hors intersection,Normale,Trois véhicules et plus - collisions multiples,,,,,,,,,,,1,1,1,1.0,5.0
201800045865,0018-05-19 17:00:00,18,5,19,17,0,920,25,A86,48.92884,2.23905,Plein jour,Hors agglomération,Hors intersection,Normale,Deux véhicules - arrière,,,,,,,,,,,1,1,1,1.0,2.0
201800045866,0018-05-20 07:45:00,18,5,20,7,45,780,640,A86 INT,48.7776,2.22323,Plein jour,Hors agglomération,Hors intersection,Normale,Sans collision,,,,,,,,,,,1,1,1,1.0,7.0
201800045867,0018-05-21 10:40:00,18,5,21,10,40,780,43,A13W,,,Plein jour,Hors agglomération,Hors intersection,Normale,Autre collision,,,,,,,,,,,1,1,1,1.0,6.0
201800045868,0018-05-22 19:53:00,18,5,22,19,53,780,490,RN12 EXT,48.7994,1.96409,Plein jour,Hors agglomération,Hors intersection,Pluie légère,Trois véhicules et plus - collisions multiples,,,,,,,,,,,1,1,1,2.0,5.0
201800045869,0018-05-23 01:20:00,18,5,23,1,20,780,418,A14,48.9135,2.1569,Nuit avec éclairage allumé,Hors agglomération,Autre intersection,Normale,Autre collision,,,,,,,,,,,5,1,9,1.0,6.0
201800045870,0018-05-23 17:15:00,18,5,23,17,15,920,72,N118,48.81154,2.21205,Plein jour,Hors agglomération,Hors intersection,Normale,Deux véhicules - arrière,,,,,,,,,,,1,1,1,1.0,2.0
201800045871,0018-05-24 06:05:00,18,5,24,6,5,920,50,A14,,,Plein jour,Hors agglomération,Hors intersection,Normale,Autre collision,,,,,,,,,,,1,1,1,1.0,6.0
201800045872,0018-05-24 14:00:00,18,5,24,14,0,780,646,RN12,48.79295,2.08558,Plein jour,Hors agglomération,Hors intersection,Normale,Deux véhicules - arrière,,,,,,,,,,,1,1,1,1.0,2.0
201800045873,0018-05-25 20:45:00,18,5,25,20,45,780,321,RN12 INT,48.7991,1.9197,Plein jour,Hors agglomération,Hors intersection,Pluie légère,Autre collision,,,,,,,,,,,1,1,1,2.0,6.0
201800045874,0018-05-28 08:00:00,18,5,28,8,0,780,291,A13,48.97565,1.72352,Plein jour,Hors agglomération,Hors intersection,Normale,Deux véhicules - côté,,,,,,,,,,,1,1,1,1.0,3.0
201800045875,0018-05-28 09:15:00,18,5,28,9,15,780,158,A13,48.83509,2.13154,Plein jour,Hors agglomération,Hors intersection,Normale,Trois véhicules et plus - en chaîne,,,,,,,,,,,1,1,1,1.0,4.0
201800045876,0018-05-29 05:46:00,18,5,29,5,46,780,571,A13,48.87926,2.01788,Nuit sans éclairage public,Hors agglomération,Hors intersection,Normale,Sans collision,,,,,,,,,,,3,1,1,1.0,7.0
201800045877,0018-05-29 08:38:00,18,5,29,8,38,920,50,A86,48.91135,2.21663,Plein jour,Hors agglomération,Hors intersection,Normale,Deux véhicules - arrière,,,,,,,,,,,1,1,1,1.0,2.0
201800045878,0018-05-29 09:28:00,18,5,29,9,28,920,50,A86,48.89262,2.18627,Plein jour,Hors agglomération,Hors intersection,Temps couvert,Deux véhicules - côté,,,,,,,,,,,1,1,1,8.0,3.0
201800045879,0018-05-30 08:16:00,18,5,30,8,16,780,90,A13,48.96956,1.9133,Plein jour,Hors agglomération,Hors intersection,Normale,Autre collision,,,,,,,,,,,1,1,1,1.0,6.0
201800045880,0018-05-30 08:10:00,18,5,30,8,10,780,490,RN12 EXT,,,Plein jour,Hors agglomération,Hors intersection,Normale,Autre collision,,,,,,,,,,,1,1,1,1.0,6.0
201800045881,0018-05-30 18:14:00,18,5,30,18,14,780,640,A86 EXT,48.77816,2.20886,Plein jour,Hors agglomération,Hors intersection,Normale,Deux véhicules - arrière,,,,,,,,,,,1,1,1,1.0,2.0
201800045882,0018-05-31 07:30:00,18,5,31,7,30,920,47,A13,48.83341,2.16317,Plein jour,Hors agglomération,Hors intersection,Normale,Deux véhicules - frontale,,,,,,,,,,,1,1,1,1.0,1.0
201800045883,0018-05-31 07:30:00,18,5,31,7,30,780,43,A12 W,48.83813,2.09136,Plein jour,Hors agglomération,Hors intersection,Normale,Deux véhicules - côté,,,,,,,,,,,1,1,1,1.0,3.0
201800045884,0018-05-31 12:40:00,18,5,31,12,40,750,116,A13W,48.84825,2.24522,Plein jour,Hors agglomération,Hors intersection,Normale,Trois véhicules et plus - en chaîne,,,,,,,,,,,1,1,1,1.0,4.0
201800045885,0018-05-31 16:15:00,18,5,31,16,15,920,36,A86,48.93378,2.27298,Plein jour,Hors agglomération,Hors intersection,Normale,Deux véhicules - côté,,,,,,,,,,,1,1,1,1.0,3.0
201800045886,0018-05-31 18:10:00,18,5,31,18,10,920,50,A86,48.90809,2.21359,Nuit avec éclairage allumé,Hors agglomération,Hors intersection,Normale,Trois véhicules et plus - en chaîne,,,,,,,,,,,5,1,1,1.0,4.0
201800045887,0018-05-31 18:50:00,18,5,31,18,50,920,50,A86,48.90317,2.20551,Plein jour,Hors agglomération,Hors intersection,Normale,Deux véhicules - côté,,,,,,,,,,,1,1,1,1.0,3.0
201800045888,0018-06-01 00:35:00,18,6,1,0,35,920,50,A14,,,Nuit avec éclairage allumé,Hors agglomération,Hors intersection,Normale,Deux véhicules - arrière,,,,,,,,,,,5,1,1,1.0,2.0
201800045889,0018-06-01 08:20:00,18,6,1,8,20,920,72,N118,48.82375,2.22165,Plein jour,Hors agglomération,Hors intersection,Normale,Deux véhicules - arrière,,,,,,,,,,,1,1,1,1.0,2.0
201800045890,0018-06-01 09:50:00,18,6,1,9,50,780,7,A13 Y,48.90094,2.00507,Plein jour,Hors agglomération,Hors intersection,Normale,Autre collision,,,,,,,,,,,1,1,1,1.0,6.0
201800045891,0018-06-01 11:30:00,18,6,1,11,30,920,25,A86,48.93415,2.25572,Plein jour,Hors agglomération,Hors intersection,Normale,Trois véhicules et plus - en chaîne,,,,,,,,,,,1,1,1,1.0,4.0
201800045892,0018-06-01 14:10:00,18,6,1,14,10,780,362,A13,48.98206,1.68942,Plein jour,Hors agglomération,Hors intersection,Pluie légère,Deux véhicules - arrière,,,,,,,,,,,1,1,1,2.0,2.0
201800045893,0018-06-01 16:15:00,18,6,1,16,15,920,25,A86,48.92646,2.23529,Plein jour,Hors agglomération,Hors intersection,Normale,Deux véhicules - côté,,,,,,,,,,,1,1,1,1.0,3.0
201800045894,0018-06-01 18:45:00,18,6,1,18,45,920,50,A86,48.91503,2.22008,Plein jour,Hors agglomération,Hors intersection,Normale,Deux véhicules - arrière,,,,,,,,,,,1,1,1,1.0,2.0
201800045895,0018-06-01 20:30:00,18,6,1,20,30,780,640,A86 EXT,48.77734,2.22302,Plein jour,Hors agglomération,Hors intersection,Normale,Deux véhicules - côté,,,,,,,,,,,1,1,1,1.0,3.0
201800045896,0018-06-03 03:30:00,18,6,3,3,30,920,48,N118,,,Nuit avec éclairage non allumé,Hors agglomération,Hors intersection,Normale,Autre collision,,,,,,,,,,,4,1,1,1.0,6.0
201800045897,0018-06-05 09:00:00,18,6,5,9,0,780,362,A13,48.97803,1.71008,Plein jour,Hors agglomération,Hors intersection,Pluie forte,Deux véhicules - arrière,,,,,,,,,,,1,1,1,3.0,2.0
201800045898,0018-06-05 19:35:00,18,6,5,19,35,780,126,A13,48.83687,2.1264,Plein jour,Hors agglomération,Hors intersection,Normale,Trois véhicules et plus - en chaîne,,,,,,,,,,,1,1,1,1.0,4.0
201800045899,0018-06-06 07:25:00,18,6,6,7,25,920,62,RN1013,48.88662,2.25416,Crépuscule ou aube,Hors agglomération,Hors intersection,Pluie légère,Trois véhicules et plus - en chaîne,,,,,,,,,,,2,1,1,2.0,4.0
201800045900,0018-06-06 13:55:00,18,6,6,13,55,780,362,A13,48.97535,1.72459,Plein jour,Hors agglomération,Hors intersection,Normale,Autre collision,,,,,,,,,,,1,1,1,1.0,6.0
201800045901,0018-06-06 20:00:00,18,6,6,20,0,780,640,A86 EXT,48.77749,2.22086,Plein jour,Hors agglomération,Hors intersection,Normale,Deux véhicules - arrière,,,,,,,,,,,1,1,1,1.0,2.0
201800045902,0018-06-07 15:10:00,18,6,7,15,10,780,455,A13,48.86,2.04815,Plein jour,Hors agglomération,Hors intersection,Normale,Autre collision,,,,,,,,,,,1,1,1,1.0,6.0
201800045903,0018-06-07 19:15:00,18,6,7,19,15,920,50,A86,48.86002,2.04818,Plein jour,Hors agglomération,Hors intersection,Normale,Trois véhicules et plus - collisions multiples,,,,,,,,,,,1,1,1,1.0,5.0
201800045904,0018-06-08 03:30:00,18,6,8,3,30,920,51,RN13,48.8845,2.2678,Nuit avec éclairage allumé,En agglomération,Hors intersection,Normale,Deux véhicules - arrière,,,,,,,,,,,5,2,1,1.0,2.0
201800045905,0018-06-08 13:35:00,18,6,8,13,35,920,64,A13,48.83949,2.21928,Plein jour,Hors agglomération,Hors intersection,Normale,Deux véhicules - côté,,,,,,,,,,,1,1,1,1.0,3.0
201800045906,0018-06-08 14:10:00,18,6,8,14,10,780,43,A13Y,,,Plein jour,Hors agglomération,Hors intersection,Normale,Deux véhicules - côté,,,,,,,,,,,1,1,1,1.0,3.0
201800045907,0018-06-08 17:45:00,18,6,8,17,45,780,640,A86 EXT,48.77762,2.21871,Plein jour,Hors agglomération,Hors intersection,Normale,Deux véhicules - arrière,,,,,,,,,,,1,1,1,1.0,2.0
201800045908,0018-06-08 16:45:00,18,6,8,16,45,920,64,A13,48.83987,2.20395,Plein jour,Hors agglomération,Hors intersection,Normale,Trois véhicules et plus - en chaîne,,,,,,,,,,,1,1,1,1.0,4.0
201800045909,0018-06-08 18:30:00,18,6,8,18,30,920,48,N118,48.79821,2.21661,Plein jour,Hors agglomération,Hors intersection,Normale,Autre collision,,,,,,,,,,,1,1,1,1.0,6.0
201800045910,0018-06-11 08:55:00,18,6,11,8,55,920,50,A86,48.892,2.17903,Plein jour,Hors agglomération,Hors intersection,Temps couvert,Autre collision,,,,,,,,,,,1,1,1,8.0,6.0
201800045911,0018-06-11 11:45:00,18,6,11,11,45,780,322,RN12,,,Plein jour,Hors agglomération,Hors intersection,Normale,Sans collision,,,,,,,,,,,1,1,1,1.0,7.0
201800045912,0018-06-11 21:00:00,18,6,11,21,0,920,25,A86,48.93476,2.25902,Crépuscule ou aube,Hors agglomération,Hors intersection,Pluie forte,Autre collision,,,,,,,,,,,2,1,1,3.0,6.0
201800045913,0018-06-12 00:20:00,18,6,12,0,20,920,64,A13,,,Nuit sans éclairage public,Hors agglomération,Autre intersection,Pluie légère,Autre collision,,,,,,,,,,,3,1,9,2.0,6.0
201800045914,0018-06-12 09:45:00,18,6,12,9,45,920,47,A13,,,Plein jour,Hors agglomération,Hors intersection,Pluie légère,Deux véhicules - côté,,,,,,,,,,,1,1,1,2.0,3.0
201800045915,0018-06-12 07:50:00,18,6,12,7,50,780,126,A13,,,Plein jour,Hors agglomération,Hors intersection,Pluie forte,Deux véhicules - arrière,,,,,,,,,,,1,1,1,3.0,2.0
201800045916,0018-06-13 01:20:00,18,6,13,1,20,920,36,A86,48.93503,2.28398,Nuit sans éclairage public,Hors agglomération,Hors intersection,Normale,Deux véhicules - arrière,,,,,,,,,,,3,1,1,1.0,2.0
201800045917,0018-06-13 08:35:00,18,6,13,8,35,780,640,A86 EXT,48.90443,2.19706,Plein jour,Hors agglomération,Hors intersection,Normale,Deux véhicules - côté,,,,,,,,,,,1,1,1,1.0,3.0
201800045918,0018-06-13 13:45:00,18,6,13,13,45,920,25,A86,48.9283,2.2388,Plein jour,Hors agglomération,Hors intersection,Normale,Deux véhicules - côté,,,,,,,,,,,1,1,1,1.0,3.0
201800045919,0018-06-14 08:35:00,18,6,14,8,35,780,646,RN12,48.79079,2.10831,Plein jour,Hors agglomération,Hors intersection,Normale,Deux véhicules - arrière,,,,,,,,,,,1,1,1,1.0,2.0
201800045920,0018-06-14 14:10:00,18,6,14,14,10,920,36,A86,48.93536,2.28544,Plein jour,Hors agglomération,Hors intersection,Normale,Deux véhicules - côté,,,,,,,,,,,1,1,1,1.0,3.0
201800045921,0018-06-14 19:00:00,18,6,14,19,0,920,50,A86,48.90527,2.20898,Plein jour,Hors agglomération,Hors intersection,Normale,Deux véhicules - côté,,,,,,,,,,,1,1,1,1.0,3.0
201800045922,0018-06-14 18:50:00,18,6,14,18,50,780,640,A86 EXT,,,Plein jour,Hors agglomération,Hors intersection,Normale,Sans collision,,,,,,,,,,,1,1,1,1.0,7.0
201800045923,0018-06-15 13:55:00,18,6,15,13,55,780,402,A13,48.92535,1.99842,Plein jour,Hors agglomération,Hors intersection,Normale,Deux véhicules - arrière,,,,,,,,,,,1,1,1,1.0,2.0
201800045924,0018-06-15 14:45:00,18,6,15,14,45,920,25,A86,48.93156,2.24607,Plein jour,Hors agglomération,Hors intersection,Normale,Sans collision,,,,,,,,,,,1,1,1,1.0,7.0
201800045925,0018-06-15 18:53:00,18,6,15,18,53,780,73,A12 Y,48.90521,2.20911,Plein jour,Hors agglomération,Hors intersection,Normale,Deux véhicules - arrière,,,,,,,,,,,1,1,1,1.0,2.0
201800045926,0018-06-15 21:30:00,18,6,15,21,30,920,62,A14,48.88712,2.25213,Crépuscule ou aube,Hors agglomération,Hors intersection,Temps éblouissant,Deux véhicules - côté,,,,,,,,,,,2,1,1,7.0,3.0
201800045927,0018-06-16 09:30:00,18,6,16,9,30,920,64,A13,48.83795,2.19044,Plein jour,Hors agglomération,Hors intersection,Normale,Trois véhicules et plus - en chaîne,,,,,,,,,,,1,1,1,1.0,4.0
201800045928,0018-06-16 11:10:00,18,6,16,11,10,780,490,RN12 INT,48.79883,1.93387,Plein jour,Hors agglomération,Hors intersection,Normale,Sans collision,,,,,,,,,,,1,1,1,1.0,7.0
201800045929,0018-06-16 16:25:00,18,6,16,16,25,780,362,A13,48.97808,1.71048,Plein jour,Hors agglomération,Hors intersection,Normale,Trois véhicules et plus - en chaîne,,,,,,,,,,,1,1,1,1.0,4.0
201800045930,0018-06-16 23:45:00,18,6,16,23,45,920,36,A86,48.93429,2.27071,Nuit sans éclairage public,Hors agglomération,Hors intersection,Normale,Deux véhicules - côté,,,,,,,,,,,3,1,1,1.0,3.0
201800045931,0018-06-18 07:20:00,18,6,18,7,20,780,640,N118,48.78094,2.22232,Plein jour,Hors agglomération,Hors intersection,Normale,Autre collision,,,,,,,,,,,1,1,1,1.0,6.0
201800045932,0018-06-18 08:20:00,18,6,18,8,20,920,76,A13,48.83199,2.15233,Crépuscule ou aube,Hors agglomération,Hors intersection,Normale,Sans collision,,,,,,,,,,,2,1,1,1.0,7.0
201800045933,0018-06-18 09:30:00,18,6,18,9,30,780,362,A13,49.77211,1.71531,Plein jour,Hors agglomération,Hors intersection,Pluie légère,Autre collision,,,,,,,,,,,1,1,1,2.0,6.0
201800045934,0018-06-18 20:10:00,18,6,18,20,10,920,25,A86,48.78491,2.06021,Plein jour,Hors agglomération,Hors intersection,Normale,Sans collision,,,,,,,,,,,1,1,1,1.0,7.0
201800045935,0018-06-19 08:20:00,18,6,19,8,20,920,50,A14,,,Plein jour,Hors agglomération,Hors intersection,Normale,Deux véhicules - arrière,,,,,,,,,,,1,1,1,1.0,2.0
201800045936,0018-06-18 05:00:00,18,6,18,5,0,780,490,RN12 EXT,48.79924,1.96355,Crépuscule ou aube,Hors agglomération,Hors intersection,Normale,Sans collision,,,,,,,,,,,2,1,1,1.0,7.0
201800045937,0018-06-19 12:00:00,18,6,19,12,0,780,242,A12 W,48.80553,2.051,Plein jour,Hors agglomération,Hors intersection,Normale,Deux véhicules - arrière,,,,,,,,,,,1,1,1,1.0,2.0
201800045938,0018-06-20 10:25:00,18,6,20,10,25,780,640,RN12 INT,48.78141,2.22295,Plein jour,Hors agglomération,Hors intersection,Normale,Deux véhicules - arrière,,,,,,,,,,,1,1,1,1.0,2.0
201800045939,0018-06-22 04:10:00,18,6,22,4,10,920,50,A86,48.91106,2.21657,Nuit avec éclairage allumé,Hors agglomération,Hors intersection,Normale,Deux véhicules - arrière,,,,,,,,,,,5,1,1,1.0,2.0
201800045940,0018-06-22 08:00:00,18,6,22,8,0,920,76,A13,48.83192,2.15196,Plein jour,Hors agglomération,Hors intersection,Normale,Deux véhicules - côté,,,,,,,,,,,1,1,1,1.0,3.0
201800045941,0018-06-22 12:22:00,18,6,22,12,22,780,206,A13,48.95588,1.93709,Plein jour,Hors agglomération,Hors intersection,Normale,Autre collision,,,,,,,,,,,1,1,1,1.0,6.0
201800045942,0018-06-22 14:40:00,18,6,22,14,40,780,43,A12 W,48.83663,2.08971,Plein jour,Hors agglomération,Hors intersection,Normale,Trois véhicules et plus - en chaîne,,,,,,,,,,,1,1,1,1.0,4.0
201800045943,0018-06-22 16:30:00,18,6,22,16,30,920,63,A86,48.90402,2.19694,Plein jour,Hors agglomération,Hors intersection,Normale,Autre collision,,,,,,,,,,,1,1,1,1.0,6.0
201800045944,0018-06-22 16:35:00,18,6,22,16,35,780,362,A13,48.97808,1.7102,Plein jour,Hors agglomération,Hors intersection,Normale,Trois véhicules et plus - en chaîne,,,,,,,,,,,1,1,1,1.0,4.0
201800045945,0018-06-22 18:10:00,18,6,22,18,10,780,640,N118,48.78304,2.22288,Plein jour,Hors agglomération,Hors intersection,Normale,Deux véhicules - arrière,,,,,,,,,,,1,1,1,1.0,2.0
201800045946,0018-06-22 19:20:00,18,6,22,19,20,780,43,A12 W,48.83179,2.08357,Plein jour,Hors agglomération,Hors intersection,Normale,Trois véhicules et plus - collisions multiples,,,,,,,,,,,1,1,1,1.0,5.0
201800045947,0018-06-23 06:40:00,18,6,23,6,40,780,29,A13W,48.81047,2.2122,Plein jour,Hors agglomération,Hors intersection,Temps éblouissant,Autre collision,,,,,,,,,,,1,1,1,7.0,6.0
201800045948,0018-06-23 08:56:00,18,6,23,8,56,780,423,RN12,48.79511,2.04735,Plein jour,Hors agglomération,Autre intersection,Normale,Autre collision,,,,,,,,,,,1,1,9,1.0,6.0
201800045949,0018-06-24 17:38:00,18,6,24,17,38,920,25,A86,,,Plein jour,Hors agglomération,Hors intersection,Normale,Trois véhicules et plus - collisions multiples,,,,,,,,,,,1,1,1,1.0,5.0
201800045950,0018-06-25 08:15:00,18,6,25,8,15,920,25,A86,,,Plein jour,Hors agglomération,Hors intersection,Normale,Trois véhicules et plus - en chaîne,,,,,,,,,,,1,1,1,1.0,4.0
201800045951,0018-06-25 08:50:00,18,6,25,8,50,920,64,A13,,,Plein jour,Hors agglomération,Hors intersection,Normale,Deux véhicules - arrière,,,,,,,,,,,1,1,1,1.0,2.0
201800045952,0018-06-25 20:00:00,18,6,25,20,0,920,23,RN385,48.90398,2.19702,Plein jour,Hors agglomération,Hors intersection,Normale,Deux véhicules - arrière,,,,,,,,,,,1,1,1,1.0,2.0
201800045953,0018-06-26 06:18:00,18,6,26,6,18,920,36,A86,48.93443,2.2706,Plein jour,Hors agglomération,Hors intersection,Normale,Deux véhicules - arrière,,,,,,,,,,,1,1,1,1.0,2.0
201800045954,0018-06-26 14:45:00,18,6,26,14,45,920,48,N118,48.79455,2.21863,Plein jour,Hors agglomération,Hors intersection,Normale,Autre collision,,,,,,,,,,,1,1,1,1.0,6.0
201800045955,0018-06-27 08:15:00,18,6,27,8,15,780,466,A13,48.92841,1.98871,Plein jour,Hors agglomération,Hors intersection,Normale,Trois véhicules et plus - en chaîne,,,,,,,,,,,1,1,1,1.0,4.0
201800045956,0018-06-27 19:03:00,18,6,27,19,3,920,76,A13,48.83161,2.14318,Plein jour,Hors agglomération,Hors intersection,Normale,Deux véhicules - arrière,,,,,,,,,,,1,1,1,1.0,2.0
201800045957,0018-06-28 08:28:00,18,6,28,8,28,780,117,RN12,48.78801,2.14422,Plein jour,Hors agglomération,Hors intersection,Normale,Deux véhicules - arrière,,,,,,,,,,,1,1,1,1.0,2.0
201800045958,0018-06-29 08:22:00,18,6,29,8,22,780,640,N118,48.77738,2.22055,Plein jour,Hors agglomération,Hors intersection,Normale,Deux véhicules - arrière,,,,,,,,,,,1,1,1,1.0,2.0
201800045959,0018-06-29 16:15:00,18,6,29,16,15,920,64,A13,48.90412,2.19715,Plein jour,Hors agglomération,Hors intersection,Normale,Trois véhicules et plus - en chaîne,,,,,,,,,,,1,1,1,1.0,4.0
201800045960,0018-06-29 18:10:00,18,6,29,18,10,780,396,A14,48.90412,2.19716,Plein jour,Hors agglomération,Hors intersection,Normale,Trois véhicules et plus - collisions multiples,,,,,,,,,,,1,1,1,1.0,5.0
201800045961,0018-06-30 06:10:00,18,6,30,6,10,920,51,N13,48.88639,2.25634,Crépuscule ou aube,Hors agglomération,Hors intersection,Normale,Autre collision,,,,,,,,,,,2,1,1,1.0,6.0
201800045962,0018-06-30 18:41:00,18,6,30,18,41,780,362,A13,48.97266,1.73009,Plein jour,Hors agglomération,Hors intersection,Normale,Autre collision,,,,,,,,,,,1,1,1,1.0,6.0
201800045963,0018-06-30 19:30:00,18,6,30,19,30,780,640,A86 INT,48.77833,2.20953,Plein jour,Hors agglomération,Hors intersection,Normale,Trois véhicules et plus - en chaîne,,,,,,,,,,,1,1,1,1.0,4.0
201800045964,0018-06-30 20:45:00,18,6,30,20,45,780,322,RN12 EXT,48.78156,2.16513,Plein jour,Hors agglomération,Hors intersection,Normale,Trois véhicules et plus - collisions multiples,,,,,,,,,,,1,1,1,1.0,5.0
201800045965,0018-07-01 14:23:00,18,7,1,14,23,920,72,N118,48.81407,2.21434,Plein jour,Hors agglomération,Hors intersection,Normale,Autre collision,,,,,,,,,,,1,1,1,1.0,6.0
201800045966,0018-07-02 08:03:00,18,7,2,8,3,920,48,N118,48.90401,2.19721,Plein jour,Hors agglomération,Hors intersection,Normale,Deux véhicules - arrière,,,,,,,,,,,1,1,1,1.0,2.0
201800045967,0018-07-02 08:15:00,18,7,2,8,15,780,126,A13,48.83565,2.12956,Plein jour,Hors agglomération,Hors intersection,Normale,Deux véhicules - arrière,,,,,,,,,,,1,1,1,1.0,2.0
201800045968,0018-07-02 20:45:00,18,7,2,20,45,780,217,A13,48.96486,1.81932,Plein jour,Hors agglomération,Hors intersection,Normale,Deux véhicules - côté,,,,,,,,,,,1,1,1,1.0,3.0
201800045969,0018-07-03 15:52:00,18,7,3,15,52,780,133,A13,48.8763,2.02125,Plein jour,Hors agglomération,Hors intersection,Normale,Deux véhicules - côté,,,,,,,,,,,1,1,1,1.0,3.0
201800045970,0018-07-03 15:43:00,18,7,3,15,43,780,133,A13,48.78801,2.14422,Plein jour,Hors agglomération,Hors intersection,Normale,Trois véhicules et plus - en chaîne,,,,,,,,,,,1,1,1,1.0,4.0
201800045971,0018-07-04 14:15:00,18,7,4,14,15,780,640,A86 EXT,48.90375,2.19715,Plein jour,Hors agglomération,Hors intersection,Normale,Deux véhicules - arrière,,,,,,,,,,,1,1,1,1.0,2.0
201800045972,0018-07-04 17:15:00,18,7,4,17,15,780,402,A13,48.78197,2.18581,Plein jour,Hors agglomération,Hors intersection,Normale,Deux véhicules - côté,,,,,,,,,,,1,1,1,1.0,3.0
201800045973,0018-07-05 06:43:00,18,7,5,6,43,780,140,A13,48.9637,1.92633,Plein jour,Hors agglomération,Hors intersection,Normale,Deux véhicules - côté,,,,,,,,,,,1,1,1,1.0,3.0
201800045974,0018-07-05 08:50:00,18,7,5,8,50,920,48,N118,48.8002,2.21588,Plein jour,Hors agglomération,Hors intersection,Normale,Deux véhicules - arrière,,,,,,,,,,,1,1,1,1.0,2.0
201800045975,0018-07-05 12:30:00,18,7,5,12,30,780,640,N118,48.77705,2.22233,Plein jour,Hors agglomération,Hors intersection,Normale,Sans collision,,,,,,,,,,,1,1,1,1.0,7.0
201800045976,0018-07-05 17:20:00,18,7,5,17,20,780,640,N118,48.79902,1.9877,Plein jour,Hors agglomération,Hors intersection,Normale,Trois véhicules et plus - collisions multiples,,,,,,,,,,,1,1,1,1.0,5.0
201800045977,0018-07-06 15:30:00,18,7,6,15,30,780,297,RN12,48.78867,2.0611,Plein jour,Hors agglomération,Hors intersection,Normale,Deux véhicules - côté,,,,,,,,,,,1,1,1,1.0,3.0
201800045978,0018-07-06 15:15:00,18,7,6,15,15,920,64,A13,,,Plein jour,Hors agglomération,Hors intersection,Normale,Trois véhicules et plus - en chaîne,,,,,,,,,,,1,1,1,1.0,4.0
201800045979,0018-07-06 15:55:00,18,7,6,15,55,780,402,A13,48.96433,1.79712,Plein jour,Hors agglomération,Hors intersection,Normale,Deux véhicules - arrière,,,,,,,,,,,1,1,1,1.0,2.0
201800045980,0018-07-09 08:53:00,18,7,9,8,53,780,524,A13,48.83983,2.11552,Plein jour,Hors agglomération,Hors intersection,Normale,Trois véhicules et plus - en chaîne,,,,,,,,,,,1,1,1,1.0,4.0
201800045981,0018-07-09 11:45:00,18,7,9,11,45,780,545,A12 W,48.90412,2.19742,Plein jour,Hors agglomération,Hors intersection,Normale,Deux véhicules - côté,,,,,,,,,,,1,1,1,1.0,3.0
201800045982,0018-07-09 13:15:00,18,7,9,13,15,780,206,A13,48.94603,1.94809,Plein jour,Hors agglomération,Hors intersection,Normale,Autre collision,,,,,,,,,,,1,1,1,1.0,6.0
201800045983,0018-07-09 16:33:00,18,7,9,16,33,780,321,RN12 INT,48.7967,1.90767,Plein jour,Hors agglomération,Hors intersection,Normale,Sans collision,,,,,,,,,,,1,1,1,1.0,7.0
201800045984,0018-07-09 17:16:00,18,7,9,17,16,920,64,A13,48.84407,2.22291,Plein jour,Hors agglomération,Hors intersection,Normale,Trois véhicules et plus - en chaîne,,,,,,,,,,,1,1,1,1.0,4.0
201800045985,0018-07-10 08:40:00,18,7,10,8,40,920,50,A14,,,Plein jour,Hors agglomération,Hors intersection,Normale,Autre collision,,,,,,,,,,,1,1,1,1.0,6.0
201800045986,0018-07-10 15:30:00,18,7,10,15,30,920,47,A13,48.8369,2.187,Plein jour,Hors agglomération,Hors intersection,Normale,Deux véhicules - frontale,,,,,,,,,,,1,1,1,1.0,1.0
201800045987,0018-07-11 11:59:00,18,7,11,11,59,780,43,A12 Y,48.84006,2.09288,Plein jour,Hors agglomération,Hors intersection,Normale,Deux véhicules - arrière,,,,,,,,,,,1,1,1,1.0,2.0
201800045988,0018-07-11 19:10:00,18,7,11,19,10,780,640,A86 EXT,48.77825,2.21051,Plein jour,Hors agglomération,Hors intersection,Normale,Deux véhicules - côté,,,,,,,,,,,1,1,1,1.0,3.0
201800045989,0018-07-12 08:55:00,18,7,12,8,55,780,43,A12 W,48.83689,2.08992,Plein jour,Hors agglomération,Hors intersection,Normale,Deux véhicules - côté,,,,,,,,,,,1,1,1,1.0,3.0
201800045990,0018-07-12 09:40:00,18,7,12,9,40,920,25,A86,48.87926,5.0,Plein jour,Hors agglomération,Hors intersection,Normale,Sans collision,,,,,,,,,,,1,1,1,1.0,7.0
201800045991,0018-07-12 09:15:00,18,7,12,9,15,920,64,A13,,,Plein jour,Hors agglomération,Hors intersection,Normale,Trois véhicules et plus - en chaîne,,,,,,,,,,,1,1,1,1.0,4.0
201800045992,0018-07-12 12:45:00,18,7,12,12,45,780,43,A12 Y,48.80023,2.0451,Plein jour,Hors agglomération,Hors intersection,Normale,Deux véhicules - côté,,,,,,,,,,,1,1,1,1.0,3.0