accident_id,datetime,annee,mois,jour,heure,minute,departement,commune_insee,adresse,latitude,longitude,luminosite,agglomeration,intersection,meteo,collision,nb_vehicules,nb_usagers,nb_indemnes,nb_tues,nb_blesses_hosp,nb_blesses_legers,age_cond_1,age_cond_2,veh_type_cond_1,veh_type_cond_2,lum_code,agg_code,int_code,atm_code,col_code
201800045993,0018-07-13 08:45:00,18,7,13,8,45,920,64,A13,48.83839,2.19195,Plein jour,Hors agglomération,Hors intersection,Normale,Trois véhicules et plus - collisions multiples,,,,,,,,,,,1,1,1,1.0,5.0
201800045994,0018-07-13 17:50:00,18,7,13,17,50,780,242,A12 Y,48.80389,2.04896,Plein jour,Hors agglomération,Hors intersection,Normale,Deux véhicules - arrière,,,,,,,,,,,1,1,1,1.0,2.0
201800045995,0018-07-13 19:29:00,18,7,13,19,29,780,133,A14,48.91429,2.04122,Plein jour,Hors agglomération,Hors intersection,Normale,Deux véhicules - arrière,,,,,,,,,,,1,1,1,1.0,2.0
201800045996,0018-07-13 20:50:00,18,7,13,20,50,780,217,A13,48.96354,1.8301,Crépuscule ou aube,Hors agglomération,Hors intersection,Normale,Deux véhicules - arrière,,,,,,,,,,,2,1,1,1.0,2.0
201800045997,0018-07-14 01:50:00,18,7,14,1,50,780,466,A13,48.92757,1.99148,Nuit avec éclairage allumé,Hors agglomération,Hors intersection,Normale,Deux véhicules - arrière,,,,,,,,,,,5,1,1,1.0,2.0
201800045998,0018-07-14 10:35:00,18,7,14,10,35,780,238,A13,48.90441,2.19693,Plein jour,Hors agglomération,Hors intersection,Normale,Trois véhicules et plus - en chaîne,,,,,,,,,,,1,1,1,1.0,4.0
201800045999,0018-07-14 21:20:00,18,7,14,21,20,920,62,RN1014 W,48.8891,2.2436,Nuit avec éclairage non allumé,Hors agglomération,Hors intersection,Normale,Deux véhicules - arrière,,,,,,,,,,,4,1,1,1.0,2.0
201800046000,0018-07-16 04:10:00,18,7,16,4,10,920,36,A86,48.93395,2.27838,Nuit sans éclairage public,Hors agglomération,Hors intersection,Normale,Autre collision,,,,,,,,,,,3,1,1,1.0,6.0
201800046001,0018-07-17 07:39:00,18,7,17,7,39,780,242,A12 W,48.80555,2.05097,Plein jour,Hors agglomération,Hors intersection,Normale,Deux véhicules - côté,,,,,,,,,,,1,1,1,1.0,3.0
201800046002,0018-07-17 15:10:00,18,7,17,15,10,780,498,A13,48.90903,2.00549,Plein jour,Hors agglomération,Hors intersection,Normale,Deux véhicules - arrière,,,,,,,,,,,1,1,1,1.0,2.0
201800046003,0018-07-18 11:20:00,18,7,18,11,20,920,25,A86,48.92372,2.22944,Plein jour,Hors agglomération,Hors intersection,Normale,Deux véhicules - arrière,,,,,,,,,,,1,1,1,1.0,2.0
201800046004,0018-07-18 12:28:00,18,7,18,12,28,780,466,A13,48.92972,1.9847,Plein jour,Hors agglomération,Hors intersection,Normale,Deux véhicules - arrière,,,,,,,,,,,1,1,1,1.0,2.0
201800046005,0018-07-19 04:40:00,18,7,19,4,40,920,64,A13,48.83909,2.21822,Nuit avec éclairage allumé,Hors agglomération,Hors intersection,Normale,Autre collision,,,,,,,,,,,5,1,1,1.0,6.0
201800046006,0018-07-19 22:15:00,18,7,19,22,15,920,50,A86,48.91509,2.22025,Nuit sans éclairage public,Hors agglomération,Autre intersection,Normale,Deux véhicules - arrière,,,,,,,,,,,3,1,9,1.0,2.0
201800046007,0018-07-20 01:25:00,18,7,20,1,25,780,322,RN12,,,Nuit sans éclairage public,Hors agglomération,Hors intersection,Normale,Autre collision,,,,,,,,,,,3,1,1,1.0,6.0
201800046008,0018-07-20 16:50:00,18,7,20,16,50,920,50,A86,48.91456,2.21987,Plein jour,Hors agglomération,Hors intersection,Normale,Deux véhicules - côté,,,,,,,,,,,1,1,1,1.0,3.0
201800046009,0018-07-20 18:07:00,18,7,20,18,7,920,63,A86,48.8894,2.1687,Plein jour,Hors agglomération,Hors intersection,Normale,Deux véhicules - arrière,,,,,,,,,,,1,1,1,1.0,2.0
201800046010,0018-07-20 18:35:00,18,7,20,18,35,920,51,RN13,48.88427,2.26223,Plein jour,Hors agglomération,Hors intersection,Normale,Deux véhicules - arrière,,,,,,,,,,,1,1,1,1.0,2.0
201800046011,0018-07-21 17:15:00,18,7,21,17,15,780,423,RN12,48.79557,2.03358,Plein jour,En agglomération,Hors intersection,Normale,Deux véhicules - arrière,,,,,,,,,,,1,2,1,1.0,2.0
201800046012,0018-07-24 12:48:00,18,7,24,12,48,780,640,A86 EXT,48.90406,2.19722,Plein jour,Hors agglomération,Hors intersection,Normale,Deux véhicules - arrière,,,,,,,,,,,1,1,1,1.0,2.0
201800046013,0018-07-25 08:20:00,18,7,25,8,20,920,23,RN385,48.77601,2.22937,Plein jour,Hors agglomération,Hors intersection,Normale,Deux véhicules - côté,,,,,,,,,,,1,1,1,1.0,3.0
201800046014,0018-07-25 15:30:00,18,7,25,15,30,780,640,A86 EXT,48.90427,2.19712,Plein jour,Hors agglomération,Autre intersection,Normale,Deux véhicules - arrière,,,,,,,,,,,1,1,9,1.0,2.0
201800046015,0018-07-25 16:30:00,18,7,25,16,30,780,73,A12 Y,48.904,2.19716,Plein jour,Hors agglomération,Hors intersection,Normale,Sans collision,,,,,,,,,,,1,1,1,1.0,7.0
201800046016,0018-07-26 09:35:00,18,7,26,9,35,780,297,RN12,48.79,2.05873,Plein jour,Hors agglomération,Hors intersection,Normale,Trois véhicules et plus - en chaîne,,,,,,,,,,,1,1,1,1.0,4.0
201800046017,0018-07-26 18:50:00,18,7,26,18,50,920,64,A13,48.8369,2.18655,Plein jour,Hors agglomération,Hors intersection,Normale,Deux véhicules - arrière,,,,,,,,,,,1,1,1,1.0,2.0
201800046018,0018-07-28 17:30:00,18,7,28,17,30,920,63,A86,48.88621,2.16625,Plein jour,Hors agglomération,Hors intersection,Normale,Sans collision,,,,,,,,,,,1,1,1,1.0,7.0
201800046019,0018-07-30 11:00:00,18,7,30,11,0,780,545,A12 W,,,Plein jour,Hors agglomération,Hors intersection,Normale,Deux véhicules - arrière,,,,,,,,,,,1,1,1,1.0,2.0
201800046020,0018-07-31 00:15:00,18,7,31,0,15,780,242,A12 W,48.80628,2.05176,Nuit avec éclairage allumé,Hors agglomération,Hors intersection,Normale,Autre collision,,,,,,,,,,,5,1,1,1.0,6.0
201800046021,0018-07-31 15:15:00,18,7,31,15,15,780,418,A14,48.91592,2.13108,Plein jour,Hors agglomération,Hors intersection,Normale,Autre collision,,,,,,,,,,,1,1,1,1.0,6.0
201800046022,0018-08-01 23:45:00,18,8,1,23,45,780,571,A13,,,Nuit sans éclairage public,Hors agglomération,Hors intersection,Normale,Deux véhicules - arrière,,,,,,,,,,,3,1,1,1.0,2.0
201800046023,0018-08-03 13:45:00,18,8,3,13,45,780,291,A13,48.96526,1.76002,Plein jour,Hors agglomération,Hors intersection,Normale,Trois véhicules et plus - en chaîne,,,,,,,,,,,1,1,1,1.0,4.0
201800046024,0018-08-03 16:21:00,18,8,3,16,21,920,50,A86,48.91596,2.221,Plein jour,Hors agglomération,Hors intersection,Normale,Trois véhicules et plus - collisions multiples,,,,,,,,,,,1,1,1,1.0,5.0
201800046025,0018-08-04 02:55:00,18,8,4,2,55,920,36,A86,48.93565,2.26279,Nuit sans éclairage public,Hors agglomération,Hors intersection,Normale,Autre collision,,,,,,,,,,,3,1,1,1.0,6.0
201800046026,0018-08-04 14:20:00,18,8,4,14,20,780,498,A13,48.90417,2.19678,Plein jour,Hors agglomération,Hors intersection,Normale,Deux véhicules - arrière,,,,,,,,,,,1,1,1,1.0,2.0
201800046027,0018-08-04 23:45:00,18,8,4,23,45,920,36,A86,48.93509,2.28269,Nuit avec éclairage non allumé,Hors agglomération,Hors intersection,Normale,Deux véhicules - côté,,,,,,,,,,,4,1,1,1.0,3.0
201800046028,0018-08-05 03:00:00,18,8,5,3,0,920,25,A86,48.93532,2.26005,Nuit sans éclairage public,Hors agglomération,Hors intersection,Normale,Sans collision,,,,,,,,,,,3,1,1,1.0,7.0
201800046029,0018-08-07 01:40:00,18,8,7,1,40,780,126,A13,48.89259,2.18662,Nuit sans éclairage public,Hors agglomération,Hors intersection,Normale,Autre collision,,,,,,,,,,,3,1,1,1.0,6.0
201800046030,0018-08-07 09:30:00,18,8,7,9,30,920,72,N118,48.90394,2.19735,Plein jour,Hors agglomération,Hors intersection,Normale,Deux véhicules - côté,,,,,,,,,,,1,1,1,1.0,3.0
201800046031,0018-08-07 09:45:00,18,8,7,9,45,920,25,A86,48.91812,2.22273,Plein jour,Hors agglomération,Hors intersection,Normale,Deux véhicules - arrière,,,,,,,,,,,1,1,1,1.0,2.0
201800046032,0018-08-08 11:30:00,18,8,8,11,30,920,64,A13,48.8395,2.20289,Plein jour,Hors agglomération,Hors intersection,Normale,Deux véhicules - arrière,,,,,,,,,,,1,1,1,1.0,2.0
201800046033,0018-08-09 07:09:00,18,8,9,7,9,920,63,A86,48.94209,1.95122,Crépuscule ou aube,Hors agglomération,Hors intersection,Normale,Sans collision,,,,,,,,,,,2,1,1,1.0,7.0
201800046034,0018-08-09 18:55:00,18,8,9,18,55,780,455,A13,48.85992,2.0486,Plein jour,Hors agglomération,Hors intersection,Normale,Deux véhicules - côté,,,,,,,,,,,1,1,1,1.0,3.0
201800046035,0018-08-10 08:55:00,18,8,10,8,55,920,25,A86,48.93188,2.24716,Plein jour,Hors agglomération,Hors intersection,Normale,Trois véhicules et plus - en chaîne,,,,,,,,,,,1,1,1,1.0,4.0
201800046036,0018-08-13 04:00:00,18,8,13,4,0,780,402,A13,48.96405,1.79106,Nuit sans éclairage public,Hors agglomération,Autre intersection,Pluie légère,Autre collision,,,,,,,,,,,3,1,9,2.0,6.0
201800046037,0018-08-16 01:20:00,18,8,16,1,20,920,47,A13,48.83492,2.17379,Nuit sans éclairage public,Hors agglomération,Hors intersection,Normale,Deux véhicules - arrière,,,,,,,,,,,3,1,1,1.0,2.0
201800046038,0018-08-16 21:30:00,18,8,16,21,30,780,545,A12 W,48.82004,2.06846,Nuit sans éclairage public,Hors agglomération,Hors intersection,Normale,Sans collision,,,,,,,,,,,3,1,1,1.0,7.0
201800046039,0018-08-17 08:00:00,18,8,17,8,0,780,206,A13,48.95581,1.9367,Plein jour,Hors agglomération,Hors intersection,Normale,Trois véhicules et plus - collisions multiples,,,,,,,,,,,1,1,1,1.0,5.0
201800046040,0018-08-21 01:20:00,18,8,21,1,20,780,291,A13,,,Nuit sans éclairage public,Hors agglomération,Hors intersection,Normale,Deux véhicules - arrière,,,,,,,,,,,3,1,1,1.0,2.0
201800046041,0018-08-22 16:00:00,18,8,22,16,0,780,321,RN12 INT,48.80042,1.84707,Plein jour,Hors agglomération,Hors intersection,Normale,Deux véhicules - arrière,,,,,,,,,,,1,1,1,1.0,2.0
201800046042,0018-08-22 16:40:00,18,8,22,16,40,780,321,RN12 INT,48.79319,1.88758,Plein jour,Hors agglomération,Hors intersection,Normale,Deux véhicules - arrière,,,,,,,,,,,1,1,1,1.0,2.0
201800046043,0018-08-23 08:53:00,18,8,23,8,53,780,43,A12 Y,48.8379,2.09042,Plein jour,Hors agglomération,Hors intersection,Normale,Deux véhicules - côté,,,,,,,,,,,1,1,1,1.0,3.0
201800046044,0018-08-23 18:50:00,18,8,23,18,50,920,12,A13,48.84859,2.2312,Plein jour,Hors agglomération,Hors intersection,Normale,Deux véhicules - côté,,,,,,,,,,,1,1,1,1.0,3.0
201800046045,0018-08-24 11:48:00,18,8,24,11,48,920,36,A86,48.93572,2.26302,Plein jour,Hors agglomération,Hors intersection,Normale,Autre collision,,,,,,,,,,,1,1,1,1.0,6.0
201800046046,0018-08-24 16:30:00,18,8,24,16,30,920,48,N118,48.81202,2.21339,Plein jour,Hors agglomération,Hors intersection,Normale,Deux véhicules - arrière,,,,,,,,,,,1,1,1,1.0,2.0
201800046047,0018-08-24 21:35:00,18,8,24,21,35,780,206,A13,48.90402,2.19691,Nuit sans éclairage public,Hors agglomération,Hors intersection,Normale,Autre collision,,,,,,,,,,,3,1,1,1.0,6.0
201800046048,0018-08-25 16:14:00,18,8,25,16,14,780,43,A12 W,48.84131,2.09764,Plein jour,Hors agglomération,Hors intersection,Normale,Trois véhicules et plus - en chaîne,,,,,,,,,,,1,1,1,1.0,4.0
201800046049,0018-08-25 16:40:00,18,8,25,16,40,780,362,A13,48.98176,1.69042,Plein jour,Hors agglomération,Hors intersection,Normale,Autre collision,,,,,,,,,,,1,1,1,1.0,6.0
201800046050,0018-08-27 07:20:00,18,8,27,7,20,920,62,RN1014 Y,48.88813,2.24953,Plein jour,Hors agglomération,Hors intersection,Normale,Deux véhicules - arrière,,,,,,,,,,,1,1,1,1.0,2.0
201800046051,0018-08-27 17:35:00,18,8,27,17,35,780,455,A13,48.85296,2.063,Plein jour,Hors agglomération,Hors intersection,Normale,Trois véhicules et plus - en chaîne,,,,,,,,,,,1,1,1,1.0,4.0
201800046052,0018-08-27 21:25:00,18,8,27,21,25,920,63,A86,48.88653,2.16574,Nuit sans éclairage public,Hors agglomération,Hors intersection,Normale,Sans collision,,,,,,,,,,,3,1,1,1.0,7.0
201800046053,0018-08-28 08:02:00,18,8,28,8,2,780,640,A86 EXT,48.77632,2.2277,Plein jour,Hors agglomération,Hors intersection,Normale,Deux véhicules - arrière,,,,,,,,,,,1,1,1,1.0,2.0
201800046054,0018-08-28 14:25:00,18,8,28,14,25,780,640,A86 EXT,48.77836,2.21256,Plein jour,Hors agglomération,Hors intersection,Normale,Deux véhicules - côté,,,,,,,,,,,1,1,1,1.0,3.0
201800046055,0018-08-29 12:25:00,18,8,29,12,25,780,362,A13,48.90392,2.19682,Plein jour,Hors agglomération,Hors intersection,Pluie légère,Autre collision,,,,,,,,,,,1,1,1,2.0,6.0
201800046056,0018-08-30 11:15:00,18,8,30,11,15,920,50,A86,48.90322,2.20607,Plein jour,Hors agglomération,Hors intersection,Normale,Deux véhicules - arrière,,,,,,,,,,,1,1,1,1.0,2.0
201800046057,0018-08-30 22:40:00,18,8,30,22,40,780,646,RN12,48.94126,1.9548,Nuit sans éclairage public,Hors agglomération,Hors intersection,Normale,Autre collision,,,,,,,,,,,3,1,1,1.0,6.0
201800046058,0018-06-14 14:55:00,18,6,14,14,55,780,297,RN12,48.78891,2.06088,Plein jour,Hors agglomération,Hors intersection,Normale,Deux véhicules - arrière,,,,,,,,,,,1,1,1,1.0,2.0
201800046059,0018-08-31 14:56:00,18,8,31,14,56,780,117,RN12,48.7882,2.1379,Plein jour,Hors agglomération,Hors intersection,Normale,Deux véhicules - arrière,,,,,,,,,,,1,1,1,1.0,2.0
201800046060,0018-09-01 16:29:00,18,9,1,16,29,920,50,A86,48.91611,2.22083,Plein jour,Hors agglomération,Hors intersection,Normale,Deux véhicules - arrière,,,,,,,,,,,1,1,1,1.0,2.0
201800046061,0018-09-02 17:10:00,18,9,2,17,10,780,362,A13,48.97824,1.70949,Plein jour,Hors agglomération,Hors intersection,Normale,Trois véhicules et plus - en chaîne,,,,,,,,,,,1,1,1,1.0,4.0
201800046062,0018-09-02 17:15:00,18,9,2,17,15,780,362,A13,48.90403,2.197,Plein jour,Hors agglomération,Hors intersection,Normale,Deux véhicules - arrière,,,,,,,,,,,1,1,1,1.0,2.0
201800046063,0018-09-03 07:57:00,18,9,3,7,57,920,36,RN315 W,48.9299,2.30212,Plein jour,Hors agglomération,Hors intersection,Normale,Deux véhicules - arrière,,,,,,,,,,,1,1,1,1.0,2.0
201800046064,0018-09-03 09:50:00,18,9,3,9,50,780,242,A12 W,48.8055,2.051,Plein jour,Hors agglomération,Hors intersection,Normale,Deux véhicules - côté,,,,,,,,,,,1,1,1,1.0,3.0
201800046065,0018-09-03 17:00:00,18,9,3,17,0,920,25,A86,48.92988,2.24166,Plein jour,Hors agglomération,Hors intersection,Normale,Trois véhicules et plus - en chaîne,,,,,,,,,,,1,1,1,1.0,4.0
201800046066,0018-09-04 14:20:00,18,9,4,14,20,920,36,A86,,,Plein jour,Hors agglomération,Hors intersection,Normale,Sans collision,,,,,,,,,,,1,1,1,1.0,7.0
201800046067,0018-09-04 23:24:00,18,9,4,23,24,920,63,A86,48.90429,2.19706,Nuit avec éclairage allumé,Hors agglomération,Hors intersection,Normale,Autre collision,,,,,,,,,,,5,1,1,1.0,6.0
201800046068,0018-09-05 08:15:00,18,9,5,8,15,780,640,A86 EXT,48.77766,2.21716,Plein jour,Hors agglomération,Hors intersection,Normale,Sans collision,,,,,,,,,,,1,1,1,1.0,7.0
201800046069,0018-09-06 09:00:00,18,9,6,9,0,780,640,N118,,,Plein jour,Hors agglomération,Hors intersection,Normale,Deux véhicules - côté,,,,,,,,,,,1,1,1,1.0,3.0
201800046070,0018-09-06 23:00:00,18,9,6,23,0,780,362,A13,48.977,1.71893,Nuit avec éclairage allumé,Hors agglomération,Autre intersection,Normale,Sans collision,,,,,,,,,,,5,1,9,1.0,7.0
201800046071,0018-09-07 07:00:00,18,9,7,7,0,780,640,N118,,,Plein jour,Hors agglomération,Hors intersection,Normale,Deux véhicules - côté,,,,,,,,,,,1,1,1,1.0,3.0
201800046072,0018-09-07 17:30:00,18,9,7,17,30,920,48,N118,48.797,2.21725,Plein jour,Hors agglomération,Hors intersection,Normale,Trois véhicules et plus - en chaîne,,,,,,,,,,,1,1,1,1.0,4.0
201800046073,0018-09-08 13:30:00,18,9,8,13,30,920,36,A86,48.93547,2.26233,Plein jour,Hors agglomération,Hors intersection,Normale,Trois véhicules et plus - en chaîne,,,,,,,,,,,1,1,1,1.0,4.0
201800046074,0018-09-08 20:35:00,18,9,8,20,35,780,640,A86 EXT,48.77788,2.21925,Crépuscule ou aube,Hors agglomération,Autre intersection,Normale,Trois véhicules et plus - en chaîne,,,,,,,,,,,2,1,9,1.0,4.0
201800046075,0018-09-09 07:06:00,18,9,9,7,6,780,571,A13,48.8731,2.02389,Crépuscule ou aube,Hors agglomération,Hors intersection,Normale,Deux véhicules - côté,,,,,,,,,,,2,1,1,1.0,3.0
201800046076,0018-09-11 08:23:00,18,9,11,8,23,780,646,RN12,48.78955,2.12646,Plein jour,Hors agglomération,Hors intersection,Normale,Deux véhicules - côté,,,,,,,,,,,1,1,1,1.0,3.0
201800046077,0018-09-11 08:45:00,18,9,11,8,45,920,50,A14,,,Nuit avec éclairage allumé,Hors agglomération,Hors intersection,Normale,Deux véhicules - côté,,,,,,,,,,,5,1,1,1.0,3.0
201800046078,0018-09-11 17:30:00,18,9,11,17,30,780,455,A13,,,Plein jour,Hors agglomération,Hors intersection,Normale,Trois véhicules et plus - en chaîne,,,,,,,,,,,1,1,1,1.0,4.0
201800046079,0018-09-11 17:25:00,18,9,11,17,25,780,362,A13,48.90429,2.19724,Plein jour,Hors agglomération,Hors intersection,Normale,Trois véhicules et plus - collisions multiples,,,,,,,,,,,1,1,1,1.0,5.0
201800046080,0018-09-11 18:45:00,18,9,11,18,45,780,124,SE A14,,,Plein jour,Hors agglomération,Hors intersection,Normale,Deux véhicules - arrière,,,,,,,,,,,1,1,1,1.0,2.0
201800046081,0018-09-12 09:20:00,18,9,12,9,20,920,25,A86,,,Plein jour,Hors agglomération,Hors intersection,Normale,Deux véhicules - côté,,,,,,,,,,,1,1,1,1.0,3.0
201800046082,0018-09-13 06:10:00,18,9,13,6,10,780,217,A13,48.96483,1.81816,Nuit sans éclairage public,Hors agglomération,Autre intersection,Pluie légère,Autre collision,,,,,,,,,,,3,1,9,2.0,6.0
201800046083,0018-09-13 14:45:00,18,9,13,14,45,920,25,A86,48.9255,2.2336,Plein jour,Hors agglomération,Hors intersection,Normale,Deux véhicules - côté,,,,,,,,,,,1,1,1,1.0,3.0
201800046084,0018-09-13 23:30:00,18,9,13,23,30,780,545,A12 Y,48.813,2.0585,Nuit sans éclairage public,Hors agglomération,Hors intersection,Normale,Deux véhicules - arrière,,,,,,,,,,,3,1,1,1.0,2.0
201800046085,0018-09-14 17:20:00,18,9,14,17,20,780,238,A13,48.97028,1.87073,Plein jour,Hors agglomération,Hors intersection,Normale,Trois véhicules et plus - en chaîne,,,,,,,,,,,1,1,1,1.0,4.0
201800046086,0018-09-14 18:19:00,18,9,14,18,19,920,50,A86,48.91382,2.21906,Plein jour,Hors agglomération,Hors intersection,Normale,Trois véhicules et plus - collisions multiples,,,,,,,,,,,1,1,1,1.0,5.0
201800046087,0018-09-16 13:20:00,18,9,16,13,20,780,217,A13,48.96504,1.8028,Plein jour,Hors agglomération,Hors intersection,Normale,Deux véhicules - arrière,,,,,,,,,,,1,1,1,1.0,2.0
201800046088,0018-09-16 18:00:00,18,9,16,18,0,780,362,A13,,,Plein jour,Hors agglomération,Hors intersection,Normale,Trois véhicules et plus - en chaîne,,,,,,,,,,,1,1,1,1.0,4.0
201800046089,0018-09-16 18:45:00,18,9,16,18,45,780,640,A86 EXT,48.90374,2.19719,Plein jour,Hors agglomération,Hors intersection,Normale,Deux véhicules - arrière,,,,,,,,,,,1,1,1,1.0,2.0
201800046090,0018-09-17 03:30:00,18,9,17,3,30,920,51,RN13,48.8838,2.2634,Nuit avec éclairage allumé,Hors agglomération,Hors intersection,Normale,Deux véhicules - arrière,,,,,,,,,,,5,1,1,1.0,2.0
201800046091,0018-09-17 09:35:00,18,9,17,9,35,780,7,A13W,48.89834,2.00561,Plein jour,Hors agglomération,Hors intersection,Normale,Deux véhicules - arrière,,,,,,,,,,,1,1,1,1.0,2.0
201800046092,0018-09-18 08:20:00,18,9,18,8,20,780,545,A12 Y,48.90396,2.19714,Plein jour,Hors agglomération,Hors intersection,Normale,Deux véhicules - côté,,,,,,,,,,,1,1,1,1.0,3.0
201800046093,0018-09-18 08:53:00,18,9,18,8,53,780,466,A13,,,Plein jour,Hors agglomération,Hors intersection,Normale,Trois véhicules et plus - en chaîne,,,,,,,,,,,1,1,1,1.0,4.0
201800046094,0018-09-18 11:35:00,18,9,18,11,35,920,64,A13,48.90431,2.19759,Plein jour,Hors agglomération,Hors intersection,Normale,Trois véhicules et plus - en chaîne,,,,,,,,,,,1,1,1,1.0,4.0
201800046095,0018-09-18 18:50:00,18,9,18,18,50,920,50,A86,48.9042,2.20755,Plein jour,Hors agglomération,Hors intersection,Normale,Deux véhicules - côté,,,,,,,,,,,1,1,1,1.0,3.0
201800046096,0018-09-18 21:10:00,18,9,18,21,10,780,640,A86 EXT,48.7762,2.22726,Nuit sans éclairage public,Hors agglomération,Hors intersection,Normale,Trois véhicules et plus - en chaîne,,,,,,,,,,,3,1,1,1.0,4.0
201800046097,0018-09-19 18:19:00,18,9,19,18,19,780,423,RN12,48.79655,2.03655,Plein jour,Hors agglomération,Hors intersection,Normale,Deux véhicules - côté,,,,,,,,,,,1,1,1,1.0,3.0
201800046098,0018-09-20 09:05:00,18,9,20,9,5,780,423,N12W,48.79873,1.999,Plein jour,Hors agglomération,Hors intersection,Normale,Trois véhicules et plus - en chaîne,,,,,,,,,,,1,1,1,1.0,4.0
201800046099,0018-09-20 09:46:00,18,9,20,9,46,780,321,RN12 INT,48.80054,1.83722,Plein jour,Hors agglomération,Hors intersection,Normale,Trois véhicules et plus - collisions multiples,,,,,,,,,,,1,1,1,1.0,5.0
201800046100,0018-09-21 09:26:00,18,9,21,9,26,920,36,A86,48.93455,2.26972,Plein jour,Hors agglomération,Hors intersection,Pluie légère,Deux véhicules - côté,,,,,,,,,,,1,1,1,2.0,3.0
201800046101,0018-09-21 12:57:00,18,9,21,12,57,920,25,A86,48.91953,2.22432,Plein jour,Hors agglomération,Hors intersection,Normale,Deux véhicules - côté,,,,,,,,,,,1,1,1,1.0,3.0
201800046102,0018-09-23 09:30:00,18,9,23,9,30,920,50,A86,48.9032,2.20509,Plein jour,Hors agglomération,Hors intersection,Normale,Autre collision,,,,,,,,,,,1,1,1,1.0,6.0
201800046103,0018-09-23 16:45:00,18,9,23,16,45,920,50,A86,,,Plein jour,Hors agglomération,Hors intersection,Pluie légère,Deux véhicules - arrière,,,,,,,,,,,1,1,1,2.0,2.0
201800046104,0018-09-23 18:00:00,18,9,23,18,0,780,524,A13,48.84172,2.10884,Plein jour,Hors agglomération,Hors intersection,Pluie forte,Autre collision,,,,,,,,,,,1,1,1,3.0,6.0
201800046105,0018-09-23 18:40:00,18,9,23,18,40,780,640,N118,,,Plein jour,Hors agglomération,Hors intersection,Normale,Sans collision,,,,,,,,,,,1,1,1,1.0,7.0
201800046106,0018-09-23 19:30:00,18,9,23,19,30,920,25,A86,48.84172,2.10884,Nuit sans éclairage public,Hors agglomération,Hors intersection,Pluie légère,Trois véhicules et plus - en chaîne,,,,,,,,,,,3,1,1,2.0,4.0
201800046107,0018-09-24 07:30:00,18,9,24,7,30,780,640,N118,,,Crépuscule ou aube,Hors agglomération,Hors intersection,Normale,Deux véhicules - côté,,,,,,,,,,,2,1,1,1.0,3.0
201800046108,0018-09-24 09:50:00,18,9,24,9,50,920,25,A86,48.9242,2.23106,Plein jour,Hors agglomération,Hors intersection,Normale,Deux véhicules - côté,,,,,,,,,,,1,1,1,1.0,3.0
201800046109,0018-09-24 13:00:00,18,9,24,13,0,920,50,A86,48.89972,2.20057,Plein jour,Hors agglomération,Autre intersection,Normale,Autre collision,,,,,,,,,,,1,1,9,1.0,6.0
201800046110,0018-09-24 14:00:00,18,9,24,14,0,780,117,RN12,48.78781,2.14467,Plein jour,Hors agglomération,Hors intersection,Normale,Deux véhicules - côté,,,,,,,,,,,1,1,1,1.0,3.0
201800046111,0018-09-24 15:10:00,18,9,24,15,10,780,646,RN12,48.79014,2.11661,Plein jour,Hors agglomération,Hors intersection,Normale,Sans collision,,,,,,,,,,,1,1,1,1.0,7.0
201800046112,0018-09-24 18:15:00,18,9,24,18,15,780,362,A13,48.97758,1.71272,Plein jour,Hors agglomération,Hors intersection,Normale,Autre collision,,,,,,,,,,,1,1,1,1.0,6.0
201800046113,0018-09-25 00:50:00,18,9,25,0,50,920,25,A86,48.9346,2.2577,Nuit sans éclairage public,Hors agglomération,Hors intersection,Normale,Deux véhicules - arrière,,,,,,,,,,,3,1,1,1.0,2.0
201800046114,0018-09-25 17:43:00,18,9,25,17,43,780,640,N118,,,Plein jour,Hors agglomération,Hors intersection,Normale,Autre collision,,,,,,,,,,,1,1,1,1.0,6.0
201800046115,0018-09-25 18:35:00,18,9,25,18,35,920,47,A13,48.83477,2.17388,Plein jour,Hors agglomération,Hors intersection,Normale,Deux véhicules - arrière,,,,,,,,,,,1,1,1,1.0,2.0
201800046116,0018-09-26 08:30:00,18,9,26,8,30,920,51,N13,48.88571,2.2567,Plein jour,Hors agglomération,Hors intersection,Normale,Autre collision,,,,,,,,,,,1,1,1,1.0,6.0
201800046117,0018-09-26 22:25:00,18,9,26,22,25,920,36,A86,48.93579,2.26232,Nuit avec éclairage non allumé,Hors agglomération,Hors intersection,Normale,Autre collision,,,,,,,,,,,4,1,1,1.0,6.0
201800046118,0018-09-28 08:30:00,18,9,28,8,30,920,64,A13,48.83842,2.19175,Plein jour,Hors agglomération,Hors intersection,Normale,Deux véhicules - côté,,,,,,,,,,,1,1,1,1.0,3.0
201800046119,0018-09-28 12:15:00,18,9,28,12,15,920,25,A86,48.91875,2.2235,Plein jour,Hors agglomération,Hors intersection,Normale,Deux véhicules - arrière,,,,,,,,,,,1,1,1,1.0,2.0
201800046120,0018-09-28 12:05:00,18,9,28,12,5,920,36,A86,48.93693,2.29231,Plein jour,Hors agglomération,Hors intersection,Normale,Deux véhicules - côté,,,,,,,,,,,1,1,1,1.0,3.0