accident_id,datetime,annee,mois,jour,heure,minute,departement,commune_insee,adresse,latitude,longitude,luminosite,agglomeration,intersection,meteo,collision,nb_vehicules,nb_usagers,nb_indemnes,nb_tues,nb_blesses_hosp,nb_blesses_legers,age_cond_1,age_cond_2,veh_type_cond_1,veh_type_cond_2,lum_code,agg_code,int_code,atm_code,col_code
201800046615,0018-05-24 18:15:00,18,5,24,18,15,940,3,AUTOROUTE A6A,48.8103,2.338,Plein jour,Hors agglomération,Hors intersection,Normale,Trois véhicules et plus - collisions multiples,,,,,,,,,,,1,1,1,1.0,5.0
201800046616,0018-05-25 07:45:00,18,5,25,7,45,910,216,AUTOROUTE A6,48.6834,2.3292,Plein jour,Hors agglomération,Hors intersection,Normale,Deux véhicules - côté,,,,,,,,,,,1,1,1,1.0,3.0
201800046617,0018-05-25 06:30:00,18,5,25,6,30,910,182,RN 104,48.6239,2.4202,Plein jour,Hors agglomération,Hors intersection,Normale,Autre collision,,,,,,,,,,,1,1,1,1.0,6.0
201800046618,0018-05-25 12:00:00,18,5,25,12,0,910,589,AUTOROUTE A6,48.6788,2.3355,Plein jour,Hors agglomération,Hors intersection,Temps éblouissant,Trois véhicules et plus - en chaîne,,,,,,,,,,,1,1,1,7.0,4.0
201800046619,0018-05-25 14:00:00,18,5,25,14,0,910,37,AUTOROUTE A6,48.53492,2.50029,Plein jour,Hors agglomération,Hors intersection,Normale,Deux véhicules - côté,,,,,,,,,,,1,1,1,1.0,3.0
201800046620,0018-05-25 18:25:00,18,5,25,18,25,910,689,AUTOROUTE A6,48.7291,2.31414,Plein jour,Hors agglomération,Hors intersection,Normale,Deux véhicules - arrière,,,,,,,,,,,1,1,1,1.0,2.0
201800046621,0018-05-26 07:10:00,18,5,26,7,10,910,182,AUTOROUTE A6,48.6258,2.4172,Plein jour,Hors agglomération,Hors intersection,Normale,Autre collision,,,,,,,,,,,1,1,1,1.0,6.0
201800046622,0018-05-26 12:30:00,18,5,26,12,30,910,689,AUTOROUTE A6B,48.7407,2.3208,Plein jour,Hors agglomération,Hors intersection,Normale,Trois véhicules et plus - collisions multiples,,,,,,,,,,,1,1,1,1.0,5.0
201800046623,0018-05-26 12:35:00,18,5,26,12,35,910,363,RN 104,48.6431,2.1978,Plein jour,Hors agglomération,Hors intersection,Normale,Trois véhicules et plus - en chaîne,,,,,,,,,,,1,1,1,1.0,4.0
201800046624,0018-05-26 14:30:00,18,5,26,14,30,940,21,AUTOROUTE A6A,48.76088,2.33929,Plein jour,Hors agglomération,Hors intersection,Normale,Deux véhicules - arrière,,,,,,,,,,,1,1,1,1.0,2.0
201800046625,0018-05-27 17:40:00,18,5,27,17,40,940,21,AUTOROUTE A6A,48.76177,2.34013,Plein jour,Hors agglomération,Hors intersection,Normale,Deux véhicules - côté,,,,,,,,,,,1,1,1,1.0,3.0
201800046626,0018-05-28 06:30:00,18,5,28,6,30,940,37,AUTOROUTE A6B,48.81452,2.35577,Plein jour,Hors agglomération,Hors intersection,Normale,Trois véhicules et plus - en chaîne,,,,,,,,,,,1,1,1,1.0,4.0
201800046627,0018-05-28 09:15:00,18,5,28,9,15,910,659,AUTOROUTE A6,48.58962,2.4473,Plein jour,Hors agglomération,Hors intersection,Normale,Deux véhicules - côté,,,,,,,,,,,1,1,1,1.0,3.0
201800046628,0018-05-28 15:20:00,18,5,28,15,20,770,251,AUTOROUTE A5A,48.62118,2.54765,Plein jour,Hors agglomération,Hors intersection,Normale,Deux véhicules - arrière,,,,,,,,,,,1,1,1,1.0,2.0
201800046629,0018-05-28 20:50:00,18,5,28,20,50,910,136,RD 188 PARIS / A 10 PARI,48.71812,2.26864,Crépuscule ou aube,Hors agglomération,Hors intersection,Pluie légère,Autre collision,,,,,,,,,,,2,1,1,2.0,6.0
201800046630,0018-05-28 21:40:00,18,5,28,21,40,910,377,RN20,48.71869,2.29901,Nuit avec éclairage allumé,En agglomération,Hors intersection,Pluie légère,Deux véhicules - arrière,,,,,,,,,,,5,2,1,2.0,2.0
201800046631,0018-05-29 06:30:00,18,5,29,6,30,910,689,AUTOROUTE A6,48.74304,2.32225,Plein jour,Hors agglomération,Hors intersection,Temps couvert,Sans collision,,,,,,,,,,,1,1,1,8.0,7.0
201800046632,0018-05-29 16:47:00,18,5,29,16,47,910,347,RN 104,48.62217,2.28485,Plein jour,Hors agglomération,Hors intersection,Normale,Deux véhicules - arrière,,,,,,,,,,,1,1,1,1.0,2.0
201800046633,0018-05-29 18:00:00,18,5,29,18,0,920,2,AUTOROUTE A86,48.75988,2.27664,Plein jour,Hors agglomération,Hors intersection,Normale,Deux véhicules - côté,,,,,,,,,,,1,1,1,1.0,3.0
201800046634,0018-05-30 23:50:00,18,5,30,23,50,940,3,AUTOROUTE A6A,48.80974,2.33897,Nuit sans éclairage public,Hors agglomération,Hors intersection,Normale,Sans collision,,,,,,,,,,,3,1,1,1.0,7.0
201800046635,0018-05-31 19:02:00,18,5,31,19,2,940,76,AUTOROUTE A6B,48.79562,2.34431,Plein jour,Hors agglomération,Hors intersection,Normale,Deux véhicules - arrière,,,,,,,,,,,1,1,1,1.0,2.0
201800046636,0018-06-01 16:51:00,18,6,1,16,51,910,589,AUTOROUTE A6,48.67431,2.34196,Plein jour,Hors agglomération,Hors intersection,Normale,Trois véhicules et plus - en chaîne,,,,,,,,,,,1,1,1,1.0,4.0
201800046637,0018-06-01 20:37:00,18,6,1,20,37,770,296,AUTOROUTE A5A,48.60586,2.58586,Plein jour,Hors agglomération,Hors intersection,Temps couvert,Trois véhicules et plus - en chaîne,,,,,,,,,,,1,1,1,8.0,4.0
201800046638,0018-06-02 00:05:00,18,6,2,0,5,910,687,AUTOROUTE A6,48.66107,2.37091,Nuit sans éclairage public,Hors agglomération,Hors intersection,Normale,Sans collision,,,,,,,,,,,3,1,1,1.0,7.0
201800046639,0018-06-02 13:13:00,18,6,2,13,13,910,477,AUTOROUTE A126,48.71886,2.25877,Plein jour,Hors agglomération,Hors intersection,Normale,Trois véhicules et plus - collisions multiples,,,,,,,,,,,1,1,1,1.0,5.0
201800046640,0018-06-02 16:10:00,18,6,2,16,10,940,34,AUTOROUTE A86,48.75866,2.32554,Plein jour,Hors agglomération,Hors intersection,Normale,Deux véhicules - arrière,,,,,,,,,,,1,1,1,1.0,2.0
201800046641,0018-06-02 16:00:00,18,6,2,16,0,940,34,AUTOROUTE A86,48.76165,2.31573,Plein jour,Hors agglomération,Hors intersection,Normale,Trois véhicules et plus - en chaîne,,,,,,,,,,,1,1,1,1.0,4.0
201800046642,0018-06-02 19:30:00,18,6,2,19,30,910,549,RN 104,48.62579,2.33878,Plein jour,Hors agglomération,Hors intersection,Normale,Trois véhicules et plus - en chaîne,,,,,,,,,,,1,1,1,1.0,4.0
201800046643,0018-06-03 08:50:00,18,6,3,8,50,910,689,AUTOROUTE A6B,48.74496,2.32472,Plein jour,Hors agglomération,Hors intersection,Normale,Deux véhicules - côté,,,,,,,,,,,1,1,1,1.0,3.0
201800046644,0018-06-03 18:01:00,18,6,3,18,1,910,363,RN 104,48.63415,2.22044,Plein jour,Hors agglomération,Hors intersection,Normale,Sans collision,,,,,,,,,,,1,1,1,1.0,7.0
201800046645,0018-06-04 08:45:00,18,6,4,8,45,910,432,AUTOROUTE A6,48.69274,2.3209,Plein jour,Hors agglomération,Hors intersection,Normale,Trois véhicules et plus - en chaîne,,,,,,,,,,,1,1,1,1.0,4.0
201800046646,0018-06-04 12:05:00,18,6,4,12,5,910,689,AUTOROUTE A6B,48.73808,2.31925,Plein jour,Hors agglomération,Hors intersection,Normale,Trois véhicules et plus - collisions multiples,,,,,,,,,,,1,1,1,1.0,5.0
201800046647,0018-06-04 17:00:00,18,6,4,17,0,910,347,RN 104,48.6252,2.3051,Plein jour,Hors agglomération,Hors intersection,Pluie légère,Trois véhicules et plus - en chaîne,,,,,,,,,,,1,1,1,2.0,4.0
201800046648,0018-06-04 19:00:00,18,6,4,19,0,940,21,AUTOROUTE A106,48.76388,2.34435,Plein jour,Hors agglomération,Hors intersection,Normale,Deux véhicules - arrière,,,,,,,,,,,1,1,1,1.0,2.0
201800046649,0018-06-05 07:20:00,18,6,5,7,20,910,377,AUTOROUTE A10,48.78793,2.30435,Plein jour,Hors agglomération,Hors intersection,Pluie légère,Deux véhicules - côté,,,,,,,,,,,1,1,1,2.0,3.0
201800046650,0018-06-05 09:10:00,18,6,5,9,10,910,689,AUTOROUTE A6B,48.74633,2.32586,Plein jour,Hors agglomération,Hors intersection,Pluie légère,Deux véhicules - côté,,,,,,,,,,,1,1,1,2.0,3.0
201800046651,0018-06-05 14:20:00,18,6,5,14,20,910,689,AUTOROUTE A6,48.73899,2.31839,Plein jour,Hors agglomération,Hors intersection,Temps couvert,Autre collision,,,,,,,,,,,1,1,1,8.0,6.0
201800046652,0018-06-06 07:30:00,18,6,6,7,30,910,161,AUTOROUTE A6,48.7142,2.3187,Plein jour,Hors agglomération,Hors intersection,Normale,Trois véhicules et plus - en chaîne,,,,,,,,,,,1,1,1,1.0,4.0
201800046653,0018-06-06 18:25:00,18,6,6,18,25,910,432,AUTOROUTE A6,48.69226,2.32138,Plein jour,Hors agglomération,Hors intersection,Pluie légère,Trois véhicules et plus - collisions multiples,,,,,,,,,,,1,1,1,2.0,5.0
201800046654,0018-06-06 20:18:00,18,6,6,20,18,910,377,RD 188,48.72758,2.28918,Plein jour,Hors agglomération,Hors intersection,Pluie légère,Trois véhicules et plus - en chaîne,,,,,,,,,,,1,1,1,2.0,4.0
201800046655,0018-06-07 07:30:00,18,6,7,7,30,910,689,AUTOROUTE A6,48.74469,2.32345,Plein jour,Hors agglomération,Hors intersection,Normale,Deux véhicules - arrière,,,,,,,,,,,1,1,1,1.0,2.0
201800046656,0018-06-07 15:12:00,18,6,7,15,12,920,2,AUTOROUTE A6,48.73467,2.31632,Plein jour,Hors agglomération,Hors intersection,Normale,Trois véhicules et plus - en chaîne,,,,,,,,,,,1,1,1,1.0,4.0
201800046657,0018-06-07 16:35:00,18,6,7,16,35,910,363,RN 104,48.66727,2.19114,Plein jour,Hors agglomération,Hors intersection,Normale,Deux véhicules - côté,,,,,,,,,,,1,1,1,1.0,3.0
201800046658,0018-06-07 18:09:00,18,6,7,18,9,910,432,AUTOROUTE A6,48.69122,2.32236,Plein jour,Hors agglomération,Hors intersection,Normale,Trois véhicules et plus - en chaîne,,,,,,,,,,,1,1,1,1.0,4.0
201800046659,0018-06-08 19:10:00,18,6,8,19,10,910,363,RN 104,48.6517,2.18282,Plein jour,Hors agglomération,Hors intersection,Normale,Autre collision,,,,,,,,,,,1,1,1,1.0,6.0
201800046660,0018-06-08 18:47:00,18,6,8,18,47,910,174,RN 104,48.61946,2.45923,Plein jour,Hors agglomération,Hors intersection,Normale,Deux véhicules - arrière,,,,,,,,,,,1,1,1,1.0,2.0
201800046661,0018-06-09 18:05:00,18,6,9,18,5,910,182,RN 104,48.61761,2.42743,Plein jour,Hors agglomération,Hors intersection,Normale,Deux véhicules - côté,,,,,,,,,,,1,1,1,1.0,3.0
201800046662,0018-06-09 19:40:00,18,6,9,19,40,910,434,AUTOROUTE A6,48.66766,2.35721,Plein jour,Hors agglomération,Hors intersection,Normale,Trois véhicules et plus - en chaîne,,,,,,,,,,,1,1,1,1.0,4.0
201800046663,0018-06-09 20:05:00,18,6,9,20,5,910,589,AUTOROUTE A6,48.6788,2.33466,Plein jour,Hors agglomération,Hors intersection,Normale,Deux véhicules - arrière,,,,,,,,,,,1,1,1,1.0,2.0
201800046664,0018-06-10 16:55:00,18,6,10,16,55,910,553,RN 104,48.627,2.47597,Plein jour,Hors agglomération,Hors intersection,Normale,Trois véhicules et plus - collisions multiples,,,,,,,,,,,1,1,1,1.0,5.0
201800046665,0018-06-11 09:15:00,18,6,11,9,15,940,34,AUTOROUTE A86,48.75633,2.33496,Plein jour,Hors agglomération,Hors intersection,Normale,Deux véhicules - côté,,,,,,,,,,,1,1,1,1.0,3.0
201800046666,0018-06-11 16:30:00,18,6,11,16,30,910,216,AUTOROUTE A6,48.6846,2.3307,Plein jour,Hors agglomération,Hors intersection,Pluie légère,Deux véhicules - arrière,,,,,,,,,,,1,1,1,2.0,2.0
201800046667,0018-06-11 18:00:00,18,6,11,18,0,920,2,AUTOROUTE A10,48.73192,2.31041,Plein jour,Hors agglomération,Hors intersection,Pluie légère,Deux véhicules - côté,,,,,,,,,,,1,1,1,2.0,3.0
201800046668,0018-06-12 17:17:00,18,6,12,17,17,940,76,AUTOROUTE A6B,48.79098,2.3445,Plein jour,Hors agglomération,Hors intersection,Normale,Deux véhicules - arrière,,,,,,,,,,,1,1,1,1.0,2.0
201800046669,0018-06-12 20:38:00,18,6,12,20,38,910,312,RD 444,48.73083,2.2411,Plein jour,Hors agglomération,Hors intersection,Normale,Deux véhicules - frontale,,,,,,,,,,,1,1,1,1.0,1.0
201800046670,0018-06-13 06:35:00,18,6,13,6,35,940,34,AUTOROUTE A86,48.75936,2.32374,Plein jour,Hors agglomération,Hors intersection,Normale,Sans collision,,,,,,,,,,,1,1,1,1.0,7.0
201800046671,0018-06-13 08:15:00,18,6,13,8,15,940,21,AUTOROUTE A106,48.76172,2.34502,Plein jour,Hors agglomération,Hors intersection,Normale,Deux véhicules - arrière,,,,,,,,,,,1,1,1,1.0,2.0
201800046672,0018-06-14 10:11:00,18,6,14,10,11,940,37,AUTOROUTE A6B,48.81327,2.35433,Plein jour,Hors agglomération,Hors intersection,Normale,Trois véhicules et plus - en chaîne,,,,,,,,,,,1,1,1,1.0,4.0
201800046673,0018-06-14 17:10:00,18,6,14,17,10,940,38,AUTOROUTE A6B,48.78935,2.34498,Plein jour,Hors agglomération,Hors intersection,Normale,Deux véhicules - côté,,,,,,,,,,,1,1,1,1.0,3.0
201800046674,0018-06-14 19:54:00,18,6,14,19,54,940,34,AUTOROUTE A86,48.75905,2.32386,Plein jour,Hors agglomération,Hors intersection,Normale,Sans collision,,,,,,,,,,,1,1,1,1.0,7.0
201800046675,0018-06-15 17:00:00,18,6,15,17,0,910,645,RN 385 Extérieure,48.75969,2.26476,Plein jour,Hors agglomération,Hors intersection,Normale,Trois véhicules et plus - collisions multiples,,,,,,,,,,,1,1,1,1.0,5.0
201800046676,0018-06-15 19:20:00,18,6,15,19,20,910,136,AUTOROUTE A126,48.71194,2.29003,Plein jour,Hors agglomération,Hors intersection,Normale,Trois véhicules et plus - en chaîne,,,,,,,,,,,1,1,1,1.0,4.0
201800046677,0018-06-15 19:30:00,18,6,15,19,30,920,2,AUTOROUTE A86,,,Plein jour,Hors agglomération,Hors intersection,Normale,Deux véhicules - côté,,,,,,,,,,,1,1,1,1.0,3.0
201800046678,0018-06-15 20:30:00,18,6,15,20,30,910,432,AUTOROUTE A6,48.69087,2.32271,Plein jour,Hors agglomération,Hors intersection,Normale,Deux véhicules - arrière,,,,,,,,,,,1,1,1,1.0,2.0
201800046679,0018-06-16 23:15:00,18,6,16,23,15,910,37,AUTOROUTE A6,48.533,2.5,Nuit sans éclairage public,Hors agglomération,Hors intersection,Normale,Autre collision,,,,,,,,,,,3,1,1,1.0,6.0
201800046680,0018-06-17 17:10:00,18,6,17,17,10,910,689,AUTOROUTE A6B,48.73784,2.31881,Plein jour,Hors agglomération,Hors intersection,Normale,Deux véhicules - arrière,,,,,,,,,,,1,1,1,1.0,2.0
201800046681,0018-06-18 14:45:00,18,6,18,14,45,910,345,AUTOROUTE A6,48.68982,2.32354,Plein jour,Hors agglomération,Hors intersection,Normale,Trois véhicules et plus - en chaîne,,,,,,,,,,,1,1,1,1.0,4.0
201800046682,0018-06-18 15:45:00,18,6,18,15,45,910,689,AUTOROUTE A6,48.72898,2.31445,Plein jour,Hors agglomération,Hors intersection,Normale,Trois véhicules et plus - en chaîne,,,,,,,,,,,1,1,1,1.0,4.0
201800046683,0018-06-18 17:56:00,18,6,18,17,56,940,34,AUTOROUTE A86,48.75976,2.32184,Plein jour,Hors agglomération,Hors intersection,Normale,Trois véhicules et plus - en chaîne,,,,,,,,,,,1,1,1,1.0,4.0
201800046684,0018-06-18 19:50:00,18,6,18,19,50,910,174,RN 104,48.61006,2.44522,Plein jour,Hors agglomération,Hors intersection,Normale,Deux véhicules - arrière,,,,,,,,,,,1,1,1,1.0,2.0
201800046685,0018-06-19 16:55:00,18,6,19,16,55,910,689,AUTOROUTE A6,48.72897,2.31415,Plein jour,Hors agglomération,Hors intersection,Normale,Deux véhicules - côté,,,,,,,,,,,1,1,1,1.0,3.0
201800046686,0018-06-19 16:40:00,18,6,19,16,40,910,692,RN 118,48.67615,2.19345,Plein jour,Hors agglomération,Hors intersection,Normale,Deux véhicules - arrière,,,,,,,,,,,1,1,1,1.0,2.0
201800046687,0018-06-20 08:00:00,18,6,20,8,0,910,377,AUTOROUTE A10,48.72611,2.30197,Plein jour,Hors agglomération,Hors intersection,Normale,Trois véhicules et plus - collisions multiples,,,,,,,,,,,1,1,1,1.0,5.0
201800046688,0018-06-21 08:21:00,18,6,21,8,21,910,216,AUTOROUTE A6,48.68443,2.32829,Plein jour,Hors agglomération,Hors intersection,Normale,Trois véhicules et plus - collisions multiples,,,,,,,,,,,1,1,1,1.0,5.0
201800046689,0018-06-21 18:10:00,18,6,21,18,10,910,617,RN 104,48.64189,2.53354,Plein jour,Hors agglomération,Hors intersection,Normale,Trois véhicules et plus - en chaîne,,,,,,,,,,,1,1,1,1.0,4.0
201800046690,0018-06-22 11:10:00,18,6,22,11,10,770,251,AUTOROUTE A5A,48.62859,2.53713,Plein jour,Hors agglomération,Autre intersection,Normale,Deux véhicules - côté,,,,,,,,,,,1,1,9,1.0,3.0
201800046691,0018-06-22 17:00:00,18,6,22,17,0,910,689,AUTOROUTE A6,48.73131,2.31487,Plein jour,Hors agglomération,Hors intersection,Normale,Deux véhicules - côté,,,,,,,,,,,1,1,1,1.0,3.0
201800046692,0018-06-22 18:45:00,18,6,22,18,45,940,38,AUTOROUTE A6A,48.7809,2.3468,Plein jour,Hors agglomération,Hors intersection,Normale,Deux véhicules - côté,,,,,,,,,,,1,1,1,1.0,3.0
201800046693,0018-06-23 05:40:00,18,6,23,5,40,910,661,AUTOROUTE A10,48.69939,2.24446,Crépuscule ou aube,Hors agglomération,Hors intersection,Normale,Deux véhicules - arrière,,,,,,,,,,,2,1,1,1.0,2.0
201800046694,0018-06-23 13:40:00,18,6,23,13,40,910,432,AUTOROUTE A6,48.69392,2.31975,Plein jour,Hors agglomération,Hors intersection,Normale,Trois véhicules et plus - en chaîne,,,,,,,,,,,1,1,1,1.0,4.0
201800046695,0018-06-23 15:20:00,18,6,23,15,20,940,38,AUTOROUTE A6A,48.77886,2.34669,Plein jour,Hors agglomération,Hors intersection,Normale,Deux véhicules - arrière,,,,,,,,,,,1,1,1,1.0,2.0
201800046696,0018-06-24 18:50:00,18,6,24,18,50,910,617,RN 104,48.6385,2.5356,Plein jour,Hors agglomération,Hors intersection,Normale,Sans collision,,,,,,,,,,,1,1,1,1.0,7.0
201800046697,0018-06-25 09:00:00,18,6,25,9,0,940,38,AUTOROUTE A6B,48.78919,2.345,Plein jour,Hors agglomération,Hors intersection,Normale,Deux véhicules - côté,,,,,,,,,,,1,1,1,1.0,3.0
201800046698,0018-06-25 09:00:00,18,6,25,9,0,940,34,AUTOROUTE A6B,48.7599,2.3385,Plein jour,Hors agglomération,Hors intersection,Normale,Trois véhicules et plus - collisions multiples,,,,,,,,,,,1,1,1,1.0,5.0
201800046699,0018-06-25 15:26:00,18,6,25,15,26,910,86,RN 104,48.6239,2.37507,Plein jour,Hors agglomération,Hors intersection,Normale,Deux véhicules - arrière,,,,,,,,,,,1,1,1,1.0,2.0
201800046700,0018-06-25 20:00:00,18,6,25,20,0,940,38,AUTOROUTE A6A,48.78374,2.34678,Plein jour,Hors agglomération,Hors intersection,Normale,Autre collision,,,,,,,,,,,1,1,1,1.0,6.0
201800046701,0018-06-26 15:20:00,18,6,26,15,20,910,182,AUTOROUTE A6,48.62744,2.41368,Plein jour,Hors agglomération,Hors intersection,Normale,Trois véhicules et plus - en chaîne,,,,,,,,,,,1,1,1,1.0,4.0
201800046702,0018-06-26 16:35:00,18,6,26,16,35,940,34,AUTOROUTE A6B,48.75357,2.33135,Plein jour,Hors agglomération,Hors intersection,Normale,Deux véhicules - arrière,,,,,,,,,,,1,1,1,1.0,2.0
201800046703,0018-06-27 08:53:00,18,6,27,8,53,910,661,AUTOROUTE A10,48.68822,2.21788,Plein jour,Hors agglomération,Hors intersection,Normale,Deux véhicules - arrière,,,,,,,,,,,1,1,1,1.0,2.0
201800046704,0018-06-27 15:40:00,18,6,27,15,40,910,86,RN 104,48.62401,2.37404,Plein jour,Hors agglomération,Hors intersection,Normale,Trois véhicules et plus - en chaîne,,,,,,,,,,,1,1,1,1.0,4.0
201800046705,0018-06-27 18:15:00,18,6,27,18,15,910,689,AUTOROUTE A6,48.74293,2.32215,Plein jour,Hors agglomération,Hors intersection,Normale,Deux véhicules - arrière,,,,,,,,,,,1,1,1,1.0,2.0
201800046706,0018-06-27 19:00:00,18,6,27,19,0,940,34,AUTOROUTE A86,48.7558,2.9354,Plein jour,Hors agglomération,Hors intersection,Normale,Trois véhicules et plus - collisions multiples,,,,,,,,,,,1,1,1,1.0,5.0
201800046707,0018-06-27 21:04:00,18,6,27,21,4,910,377,RD 444,48.73152,2.23816,Crépuscule ou aube,Hors agglomération,Hors intersection,Normale,Deux véhicules - côté,,,,,,,,,,,2,1,1,1.0,3.0
201800046708,0018-06-28 15:15:00,18,6,28,15,15,910,161,AUTOROUTE A6,48.7106,2.3047,Plein jour,Hors agglomération,Hors intersection,Normale,Trois véhicules et plus - en chaîne,,,,,,,,,,,1,1,1,1.0,4.0
201800046709,0018-06-28 18:10:00,18,6,28,18,10,940,34,AUTOROUTE A86,48.75652,2.33624,Plein jour,Hors agglomération,Hors intersection,Normale,Deux véhicules - arrière,,,,,,,,,,,1,1,1,1.0,2.0
201800046710,0018-06-29 01:25:00,18,6,29,1,25,910,179,RN 337,48.55506,2.50142,Nuit sans éclairage public,Hors agglomération,Hors intersection,Normale,Deux véhicules - frontale,,,,,,,,,,,3,1,1,1.0,1.0
201800046711,0018-06-29 16:45:00,18,6,29,16,45,910,86,RN 104,48.62402,2.37475,Plein jour,Hors agglomération,Hors intersection,Normale,Deux véhicules - arrière,,,,,,,,,,,1,1,1,1.0,2.0
201800046712,0018-06-29 21:00:00,18,6,29,21,0,940,34,AUTOROUTE A86,48.7597,2.32187,Plein jour,Hors agglomération,Hors intersection,Normale,Trois véhicules et plus - en chaîne,,,,,,,,,,,1,1,1,1.0,4.0
201800046713,0018-06-30 09:40:00,18,6,30,9,40,910,521,AUTOROUTE A6,48.63488,2.4021,Plein jour,Hors agglomération,Hors intersection,Normale,Deux véhicules - arrière,,,,,,,,,,,1,1,1,1.0,2.0
201800046714,0018-06-30 16:30:00,18,6,30,16,30,910,687,AUTOROUTE A6,48.66575,2.3625,Plein jour,Hors agglomération,Hors intersection,Normale,Deux véhicules - arrière,,,,,,,,,,,1,1,1,1.0,2.0
201800046715,0018-07-01 10:50:00,18,7,1,10,50,910,687,AUTOROUTE A6,48.6667,2.35393,Plein jour,Hors agglomération,Hors intersection,Normale,Trois véhicules et plus - en chaîne,,,,,,,,,,,1,1,1,1.0,4.0
201800046716,0018-07-01 17:41:00,18,7,1,17,41,910,468,AUTOROUTE A6,48.66054,2.372,Plein jour,Hors agglomération,Hors intersection,Normale,Trois véhicules et plus - en chaîne,,,,,,,,,,,1,1,1,1.0,4.0
201800046717,0018-07-01 18:10:00,18,7,1,18,10,910,570,RN 104,48.64015,2.29862,Plein jour,Hors agglomération,Hors intersection,Normale,Deux véhicules - arrière,,,,,,,,,,,1,1,1,1.0,2.0
201800046718,0018-07-01 18:13:00,18,7,1,18,13,910,432,AUTOROUTE A6,48.69122,2.32229,Plein jour,Hors agglomération,Hors intersection,Normale,Deux véhicules - côté,,,,,,,,,,,1,1,1,1.0,3.0
201800046719,0018-07-01 20:47:00,18,7,1,20,47,910,521,RN 104,48.6326,2.402,Plein jour,Hors agglomération,Hors intersection,Normale,Deux véhicules - arrière,,,,,,,,,,,1,1,1,1.0,2.0
201800046720,0018-07-02 01:20:00,18,7,2,1,20,910,521,RN 104,48.6325,2.40072,Nuit sans éclairage public,Hors agglomération,Hors intersection,Normale,Autre collision,,,,,,,,,,,3,1,1,1.0,6.0
201800046721,0018-07-02 08:15:00,18,7,2,8,15,910,589,AUTOROUTE A6,48.67987,2.33288,Plein jour,Hors agglomération,Hors intersection,Normale,Trois véhicules et plus - collisions multiples,,,,,,,,,,,1,1,1,1.0,5.0
201800046722,0018-07-02 16:50:00,18,7,2,16,50,910,161,AUTOROUTE A6,48.70814,2.3063,Plein jour,Hors agglomération,Hors intersection,Normale,Trois véhicules et plus - collisions multiples,,,,,,,,,,,1,1,1,1.0,5.0
201800046723,0018-07-02 17:48:00,18,7,2,17,48,910,161,AUTOROUTE A6,48.70134,2.30887,Plein jour,Hors agglomération,Hors intersection,Normale,Deux véhicules - arrière,,,,,,,,,,,1,1,1,1.0,2.0
201800046724,0018-07-02 19:13:00,18,7,2,19,13,910,659,AUTOROUTE A6,48.5932,2.4438,Plein jour,Hors agglomération,Hors intersection,Normale,Deux véhicules - côté,,,,,,,,,,,1,1,1,1.0,3.0
201800046725,0018-07-02 23:10:00,18,7,2,23,10,910,553,RN 104,48.61647,2.4754,Nuit sans éclairage public,Hors agglomération,Hors intersection,Normale,Trois véhicules et plus - en chaîne,,,,,,,,,,,3,1,1,1.0,4.0
201800046726,0018-07-03 08:39:00,18,7,3,8,39,940,38,AUTOROUTE A6A,48.74721,2.34656,Plein jour,Hors agglomération,Hors intersection,Normale,Deux véhicules - arrière,,,,,,,,,,,1,1,1,1.0,2.0
201800046727,0018-07-03 18:29:00,18,7,3,18,29,910,534,RN 118,48.7362,2.1741,Plein jour,Hors agglomération,Hors intersection,Normale,Deux véhicules - arrière,,,,,,,,,,,1,1,1,1.0,2.0
201800046728,0018-07-03 18:45:00,18,7,3,18,45,910,161,CARREFOUR RN20 / CD120,48.71559,2.2979,Plein jour,Hors agglomération,Hors intersection,Normale,Deux véhicules - côté,,,,,,,,,,,1,1,1,1.0,3.0
201800046729,0018-07-04 06:10:00,18,7,4,6,10,910,689,AUTOROUTE A6,48.72901,2.34139,Plein jour,Hors agglomération,Hors intersection,Normale,Deux véhicules - arrière,,,,,,,,,,,1,1,1,1.0,2.0
201800046730,0018-07-04 07:43:00,18,7,4,7,43,940,76,AUTOROUTE A6B,48.79098,2.34464,Plein jour,Hors agglomération,Hors intersection,Normale,Trois véhicules et plus - en chaîne,,,,,,,,,,,1,1,1,1.0,4.0
201800046731,0018-07-04 10:55:00,18,7,4,10,55,910,553,RN 104,48.62675,2.47572,Plein jour,Hors agglomération,Hors intersection,Normale,Trois véhicules et plus - collisions multiples,,,,,,,,,,,1,1,1,1.0,5.0
201800046732,0018-07-04 15:00:00,18,7,4,15,0,910,617,RN 104,48.642,2.53552,Plein jour,Hors agglomération,Hors intersection,Normale,Autre collision,,,,,,,,,,,1,1,1,1.0,6.0
201800046733,0018-07-04 16:10:00,18,7,4,16,10,940,34,AUTOROUTE A86,48.7601,2.3208,Plein jour,Hors agglomération,Hors intersection,Normale,Deux véhicules - arrière,,,,,,,,,,,1,1,1,1.0,2.0
201800046734,0018-07-04 18:10:00,18,7,4,18,10,910,340,RN 104,48.6088,2.4358,Plein jour,Hors agglomération,Hors intersection,Normale,Deux véhicules - côté,,,,,,,,,,,1,1,1,1.0,3.0
201800046735,0018-07-05 08:30:00,18,7,5,8,30,910,235,RN 104,48.62608,2.35369,Plein jour,Hors agglomération,Hors intersection,Normale,Autre collision,,,,,,,,,,,1,1,1,1.0,6.0