accident_id,datetime,annee,mois,jour,heure,minute,departement,commune_insee,adresse,latitude,longitude,luminosite,agglomeration,intersection,meteo,collision,nb_vehicules,nb_usagers,nb_indemnes,nb_tues,nb_blesses_hosp,nb_blesses_legers,age_cond_1,age_cond_2,veh_type_cond_1,veh_type_cond_2,lum_code,agg_code,int_code,atm_code,col_code
201800046736,0018-07-05 14:00:00,18,7,5,14,0,910,434,AUTOROUTE A6,48.67242,2.34462,Plein jour,Hors agglomération,Hors intersection,Normale,Trois véhicules et plus - en chaîne,,,,,,,,,,,1,1,1,1.0,4.0
201800046737,0018-07-05 17:35:00,18,7,5,17,35,910,521,RN 449,48.63548,2.4016,Plein jour,Hors agglomération,Hors intersection,Pluie légère,Deux véhicules - côté,,,,,,,,,,,1,1,1,2.0,3.0
201800046738,0018-07-05 17:30:00,18,7,5,17,30,910,589,AUTOROUTE A6,48.67606,2.33981,Plein jour,Hors agglomération,Hors intersection,Normale,Deux véhicules - arrière,,,,,,,,,,,1,1,1,1.0,2.0
201800046739,0018-07-05 19:45:00,18,7,5,19,45,920,19,RN 385 Extérieure,48.75993,2.2586,Plein jour,Hors agglomération,Hors intersection,Normale,Deux véhicules - côté,,,,,,,,,,,1,1,1,1.0,3.0
201800046740,0018-07-06 07:30:00,18,7,6,7,30,940,3,AUTOROUTE A6A,48.80971,2.3393,Plein jour,Hors agglomération,Hors intersection,Normale,Trois véhicules et plus - en chaîne,,,,,,,,,,,1,1,1,1.0,4.0
201800046741,0018-07-06 08:20:00,18,7,6,8,20,910,589,AUTOROUTE A6,48.6771,2.3383,Plein jour,Hors agglomération,Hors intersection,Normale,Deux véhicules - côté,,,,,,,,,,,1,1,1,1.0,3.0
201800046742,0018-07-06 16:50:00,18,7,6,16,50,910,659,AUTOROUTE A6,48.59113,2.4454,Plein jour,Hors agglomération,Hors intersection,Normale,Sans collision,,,,,,,,,,,1,1,1,1.0,7.0
201800046743,0018-07-07 04:15:00,18,7,7,4,15,910,689,AUTOROUTE A6,48.724,2.3131,Nuit sans éclairage public,Hors agglomération,Hors intersection,Normale,Trois véhicules et plus - en chaîne,,,,,,,,,,,3,1,1,1.0,4.0
201800046744,0018-07-07 10:30:00,18,7,7,10,30,910,521,RN 104,48.6325,2.4007,Plein jour,Hors agglomération,Hors intersection,Normale,Deux véhicules - côté,,,,,,,,,,,1,1,1,1.0,3.0
201800046745,0018-07-07 15:25:00,18,7,7,15,25,940,38,AUTOROUTE A6B,48.77447,2.34605,Plein jour,Hors agglomération,Hors intersection,Normale,Trois véhicules et plus - en chaîne,,,,,,,,,,,1,1,1,1.0,4.0
201800046746,0018-07-07 14:35:00,18,7,7,14,35,910,689,AUTOROUTE A6B,48.75008,2.32819,Plein jour,Hors agglomération,Hors intersection,Normale,Deux véhicules - arrière,,,,,,,,,,,1,1,1,1.0,2.0
201800046747,0018-07-07 16:12:00,18,7,7,16,12,910,661,RD 188 CHEVREUSE,48.69646,2.22607,Plein jour,Hors agglomération,Hors intersection,Normale,Deux véhicules - frontale,,,,,,,,,,,1,1,1,1.0,1.0
201800046748,0018-07-08 13:50:00,18,7,8,13,50,910,589,AUTOROUTE A6,48.67123,2.34657,Plein jour,Hors agglomération,Hors intersection,Normale,Deux véhicules - arrière,,,,,,,,,,,1,1,1,1.0,2.0
201800046749,0018-07-08 16:45:00,18,7,8,16,45,940,34,AUTOROUTE A86,48.75959,2.32246,Plein jour,Hors agglomération,Hors intersection,Normale,Trois véhicules et plus - en chaîne,,,,,,,,,,,1,1,1,1.0,4.0
201800046750,0018-07-07 01:20:00,18,7,7,1,20,770,495,AUTOROUTE A5,48.59018,2.63661,Nuit sans éclairage public,Hors agglomération,Hors intersection,Normale,Autre collision,,,,,,,,,,,3,1,1,1.0,6.0
201800046751,0018-07-09 16:16:00,18,7,9,16,16,910,235,RN 104,48.62424,2.36909,Plein jour,Hors agglomération,Hors intersection,Normale,Trois véhicules et plus - collisions multiples,,,,,,,,,,,1,1,1,1.0,5.0
201800046752,0018-07-09 17:20:00,18,7,9,17,20,940,38,AUTOROUTE A6A,48.77962,2.34674,Plein jour,Hors agglomération,Hors intersection,Normale,Trois véhicules et plus - collisions multiples,,,,,,,,,,,1,1,1,1.0,5.0
201800046753,0018-07-10 14:10:00,18,7,10,14,10,910,661,RD 188 CHEVREUSE,48.6968,2.2111,Plein jour,Hors agglomération,Hors intersection,Normale,Deux véhicules - côté,,,,,,,,,,,1,1,1,1.0,3.0
201800046754,0018-07-10 19:30:00,18,7,10,19,30,940,38,AUTOROUTE A6A,48.7845,2.3466,Plein jour,Hors agglomération,Hors intersection,Normale,Deux véhicules - côté,,,,,,,,,,,1,1,1,1.0,3.0
201800046755,0018-07-10 23:59:00,18,7,10,23,59,940,37,AUTOROUTE A6A,48.80973,2.33897,Nuit avec éclairage allumé,Hors agglomération,Hors intersection,Normale,Sans collision,,,,,,,,,,,5,1,1,1.0,7.0
201800046756,0018-07-11 15:15:00,18,7,11,15,15,940,21,AUTOROUTE A6B,48.77199,2.3453,Plein jour,Hors agglomération,Hors intersection,Normale,Autre collision,,,,,,,,,,,1,1,1,1.0,6.0
201800046757,0018-07-12 17:26:00,18,7,12,17,26,940,65,AUTOROUTE A106,48.74127,2.36458,Plein jour,Hors agglomération,Hors intersection,Normale,Sans collision,,,,,,,,,,,1,1,1,1.0,7.0
201800046758,0018-07-13 08:30:00,18,7,13,8,30,910,589,AUTOROUTE A6,48.6782,2.336,Plein jour,Hors agglomération,Hors intersection,Normale,Deux véhicules - côté,,,,,,,,,,,1,1,1,1.0,3.0
201800046759,0018-07-13 14:30:00,18,7,13,14,30,940,3,AUTOROUTE A6B,48.79869,2.34384,Plein jour,Hors agglomération,Hors intersection,Normale,Sans collision,,,,,,,,,,,1,1,1,1.0,7.0
201800046760,0018-07-13 18:38:00,18,7,13,18,38,910,86,RN 104,48.6238,2.37738,Plein jour,Hors agglomération,Hors intersection,Normale,Deux véhicules - côté,,,,,,,,,,,1,1,1,1.0,3.0
201800046761,0018-07-14 14:45:00,18,7,14,14,45,910,689,AUTOROUTE A6,48.72661,2.31347,Plein jour,Hors agglomération,Hors intersection,Normale,Trois véhicules et plus - en chaîne,,,,,,,,,,,1,1,1,1.0,4.0
201800046762,0018-07-14 15:28:00,18,7,14,15,28,910,689,AUTOROUTE A6B,48.74795,2.32727,Plein jour,Hors agglomération,Hors intersection,Normale,Deux véhicules - côté,,,,,,,,,,,1,1,1,1.0,3.0
201800046763,0018-07-15 05:40:00,18,7,15,5,40,940,3,AUTOROUTE A6A,48.79937,2.3423,Crépuscule ou aube,Hors agglomération,Hors intersection,Pluie légère,Deux véhicules - côté,,,,,,,,,,,2,1,1,2.0,3.0
201800046764,0018-07-15 06:16:00,18,7,15,6,16,910,64,RN 118,48.75038,2.22173,Crépuscule ou aube,Hors agglomération,Hors intersection,Normale,Sans collision,,,,,,,,,,,2,1,1,1.0,7.0
201800046765,0018-07-15 16:55:00,18,7,15,16,55,910,468,AUTOROUTE A6,48.57294,2.46791,Plein jour,Hors agglomération,Hors intersection,Normale,Deux véhicules - côté,,,,,,,,,,,1,1,1,1.0,3.0
201800046766,0018-07-16 07:50:00,18,7,16,7,50,920,2,AUTOROUTE A10,48.72991,2.30758,Plein jour,Hors agglomération,Hors intersection,Normale,Trois véhicules et plus - collisions multiples,,,,,,,,,,,1,1,1,1.0,5.0
201800046767,0018-07-16 09:40:00,18,7,16,9,40,910,161,AUTOROUTE A126,48.71179,2.29193,Plein jour,Hors agglomération,Hors intersection,Normale,Trois véhicules et plus - en chaîne,,,,,,,,,,,1,1,1,1.0,4.0
201800046768,0018-07-16 15:20:00,18,7,16,15,20,940,34,AUTOROUTE A86,48.7859,2.3446,Plein jour,Hors agglomération,Hors intersection,Normale,Sans collision,,,,,,,,,,,1,1,1,1.0,7.0
201800046769,0018-07-17 09:06:00,18,7,17,9,6,940,38,AUTOROUTE A6B,48.78742,2.3457,Plein jour,Hors agglomération,Hors intersection,Normale,Trois véhicules et plus - collisions multiples,,,,,,,,,,,1,1,1,1.0,5.0
201800046770,0018-07-17 09:45:00,18,7,17,9,45,910,553,RN 104,48.69157,2.49079,Plein jour,Hors agglomération,Hors intersection,Normale,Autre collision,,,,,,,,,,,1,1,1,1.0,6.0
201800046771,0018-07-17 15:50:00,18,7,17,15,50,910,161,AUTOROUTE A6,48.6988,2.3132,Plein jour,Hors agglomération,Hors intersection,Normale,Trois véhicules et plus - collisions multiples,,,,,,,,,,,1,1,1,1.0,5.0
201800046772,0018-07-18 10:00:00,18,7,18,10,0,940,3,AUTOROUTE A6B,48.8011,2.3434,Plein jour,Hors agglomération,Hors intersection,Normale,Deux véhicules - côté,,,,,,,,,,,1,1,1,1.0,3.0
201800046773,0018-07-18 17:05:00,18,7,18,17,5,920,2,RN 385 INT,48.76123,2.25094,Plein jour,Hors agglomération,Hors intersection,Normale,Deux véhicules - côté,,,,,,,,,,,1,1,1,1.0,3.0
201800046774,0018-07-19 09:00:00,18,7,19,9,0,910,553,RN 104,48.6288,2.4809,Plein jour,Hors agglomération,Hors intersection,Normale,Deux véhicules - arrière,,,,,,,,,,,1,1,1,1.0,2.0
201800046775,0018-07-21 11:40:00,18,7,21,11,40,910,689,AUTOROUTE A6B,48.74958,2.32872,Plein jour,Hors agglomération,Hors intersection,Normale,Trois véhicules et plus - en chaîne,,,,,,,,,,,1,1,1,1.0,4.0
201800046776,0018-07-21 17:50:00,18,7,21,17,50,940,76,AUTOROUTE A6B,48.79531,2.34528,Plein jour,Hors agglomération,Hors intersection,Normale,Deux véhicules - côté,,,,,,,,,,,1,1,1,1.0,3.0
201800046777,0018-07-21 18:50:00,18,7,21,18,50,940,34,AUTOROUTE A6A,48.75699,2.3348,Plein jour,Hors agglomération,Hors intersection,Normale,Sans collision,,,,,,,,,,,1,1,1,1.0,7.0
201800046778,0018-07-22 07:50:00,18,7,22,7,50,910,553,RN 104,48.62842,2.47993,Plein jour,Hors agglomération,Hors intersection,Normale,Autre collision,,,,,,,,,,,1,1,1,1.0,6.0
201800046779,0018-07-22 22:00:00,18,7,22,22,0,910,617,RN 104,48.63567,2.53515,Nuit sans éclairage public,Hors agglomération,Hors intersection,Normale,Trois véhicules et plus - en chaîne,,,,,,,,,,,3,1,1,1.0,4.0
201800046780,0018-07-24 08:40:00,18,7,24,8,40,910,286,AUTOROUTE A6,48.6485,2.386,Plein jour,Hors agglomération,Hors intersection,Normale,Deux véhicules - arrière,,,,,,,,,,,1,1,1,1.0,2.0
201800046781,0018-07-24 08:40:00,18,7,24,8,40,910,286,AUTOROUTE A6,48.6485,2.386,Plein jour,Hors agglomération,Hors intersection,Normale,Deux véhicules - arrière,,,,,,,,,,,1,1,1,1.0,2.0
201800046782,0018-07-25 06:40:00,18,7,25,6,40,940,21,AUTOROUTE A6B,48.77124,2.34471,Plein jour,Hors agglomération,Hors intersection,Normale,Autre collision,,,,,,,,,,,1,1,1,1.0,6.0
201800046783,0018-07-25 19:00:00,18,7,25,19,0,910,689,AUTOROUTE A6B,48.74201,2.32185,Plein jour,Hors agglomération,Hors intersection,Normale,Trois véhicules et plus - collisions multiples,,,,,,,,,,,1,1,1,1.0,5.0
201800046784,0018-07-25 12:40:00,18,7,25,12,40,940,38,AUTOROUTE A6A,48.77828,2.3465,Plein jour,Hors agglomération,Hors intersection,Normale,Deux véhicules - arrière,,,,,,,,,,,1,1,1,1.0,2.0
201800046785,0018-07-27 02:57:00,18,7,27,2,57,910,228,RN 449,48.61003,2.42989,Nuit sans éclairage public,En agglomération,Hors intersection,Normale,Autre collision,,,,,,,,,,,3,2,1,1.0,6.0
201800046786,0018-07-27 16:45:00,18,7,27,16,45,940,3,AUTOROUTE A6A,48.79964,2.3421,Plein jour,Hors agglomération,Hors intersection,Normale,Autre collision,,,,,,,,,,,1,1,1,1.0,6.0
201800046787,0018-07-29 12:45:00,18,7,29,12,45,940,37,AUTOROUTE A6B,48.81184,2.3518,Plein jour,Hors agglomération,Hors intersection,Normale,Autre collision,,,,,,,,,,,1,1,1,1.0,6.0
201800046788,0018-07-29 19:50:00,18,7,29,19,50,910,689,AUTOROUTE A6A,48.7478,2.3267,Plein jour,Hors agglomération,Hors intersection,Normale,Deux véhicules - arrière,,,,,,,,,,,1,1,1,1.0,2.0
201800046789,0018-07-31 20:15:00,18,7,31,20,15,920,2,AUTOROUTE A86,48.76046,2.28997,Plein jour,Hors agglomération,Hors intersection,Normale,Deux véhicules - arrière,,,,,,,,,,,1,1,1,1.0,2.0
201800046790,0018-08-02 18:23:00,18,8,2,18,23,910,235,RN 104,48.62479,2.36367,Plein jour,Hors agglomération,Hors intersection,Normale,Deux véhicules - côté,,,,,,,,,,,1,1,1,1.0,3.0
201800046791,0018-08-02 19:35:00,18,8,2,19,35,910,136,RN20,48.70796,2.28763,Plein jour,Hors agglomération,Hors intersection,Normale,Deux véhicules - arrière,,,,,,,,,,,1,1,1,1.0,2.0
201800046792,0018-08-02 19:30:00,18,8,2,19,30,770,495,BRET. A105 SUD VERS A5a,48.58947,2.6373,Plein jour,Hors agglomération,Hors intersection,Normale,Autre collision,,,,,,,,,,,1,1,1,1.0,6.0
201800046793,0018-08-07 15:15:00,18,8,7,15,15,910,235,RN 104,48.62589,2.35734,Plein jour,Hors agglomération,Hors intersection,Normale,Deux véhicules - arrière,,,,,,,,,,,1,1,1,1.0,2.0
201800046794,0018-08-08 05:10:00,18,8,8,5,10,940,43,AUTOROUTE A6B,48.8153,2.3563,Nuit avec éclairage allumé,Hors agglomération,Hors intersection,Normale,Deux véhicules - arrière,,,,,,,,,,,5,1,1,1.0,2.0
201800046795,0018-08-08 08:17:00,18,8,8,8,17,910,589,AUTOROUTE A6,48.6779,2.33727,Plein jour,Hors agglomération,Hors intersection,Normale,Deux véhicules - côté,,,,,,,,,,,1,1,1,1.0,3.0
201800046796,0018-08-08 07:45:00,18,8,8,7,45,940,3,AUTOROUTE A6A,48.79559,2.34245,Plein jour,Hors agglomération,Hors intersection,Pluie légère,Deux véhicules - côté,,,,,,,,,,,1,1,1,2.0,3.0
201800046797,0018-08-08 19:50:00,18,8,8,19,50,910,363,RN 104,48.65819,2.18204,Plein jour,Hors agglomération,Hors intersection,Normale,Sans collision,,,,,,,,,,,1,1,1,1.0,7.0
201800046798,0018-08-09 05:05:00,18,8,9,5,5,910,661,AUTOROUTE A10,48.7018,2.2479,Nuit sans éclairage public,Hors agglomération,Hors intersection,Normale,Deux véhicules - arrière,,,,,,,,,,,3,1,1,1.0,2.0
201800046799,0018-08-09 06:57:00,18,8,9,6,57,910,216,AUTOROUTE A6,48.6837,2.32891,Plein jour,Hors agglomération,Hors intersection,Normale,Deux véhicules - côté,,,,,,,,,,,1,1,1,1.0,3.0
201800046800,0018-08-09 17:45:00,18,8,9,17,45,910,312,RD 444,48.0315,2.2654,Plein jour,Hors agglomération,Hors intersection,Normale,Sans collision,,,,,,,,,,,1,1,1,1.0,7.0
201800046801,0018-08-11 09:40:00,18,8,11,9,40,910,86,RN 104,48.62487,2.39492,Plein jour,Hors agglomération,Hors intersection,Normale,Deux véhicules - arrière,,,,,,,,,,,1,1,1,1.0,2.0
201800046802,0018-08-11 13:42:00,18,8,11,13,42,940,38,AUTOROUTE A6A,48.77584,2.34619,Plein jour,Hors agglomération,Hors intersection,Normale,Deux véhicules - arrière,,,,,,,,,,,1,1,1,1.0,2.0
201800046803,0018-08-13 09:35:00,18,8,13,9,35,940,3,AUTOROUTE A6B,48.7975,2.34436,Plein jour,Hors agglomération,Hors intersection,Temps couvert,Deux véhicules - côté,,,,,,,,,,,1,1,1,8.0,3.0
201800046804,0018-08-13 10:45:00,18,8,13,10,45,910,339,RN 104,48.62622,2.26087,Plein jour,Hors agglomération,Hors intersection,Temps couvert,Deux véhicules - arrière,,,,,,,,,,,1,1,1,8.0,2.0
201800046805,0018-08-13 10:15:00,18,8,13,10,15,770,251,AUTOROUTE A5A,48.62341,2.54289,Plein jour,Hors agglomération,Hors intersection,Normale,Autre collision,,,,,,,,,,,1,1,1,1.0,6.0
201800046806,0018-08-13 19:20:00,18,8,13,19,20,910,377,RN20,48.72955,2.30021,Plein jour,Hors agglomération,Hors intersection,Normale,Trois véhicules et plus - en chaîne,,,,,,,,,,,1,1,1,1.0,4.0
201800046807,0018-08-14 07:50:00,18,8,14,7,50,910,86,RN 104,48.62565,2.39604,Plein jour,Hors agglomération,Hors intersection,Normale,Deux véhicules - côté,,,,,,,,,,,1,1,1,1.0,3.0
201800046808,0018-08-14 15:55:00,18,8,14,15,55,910,161,AUTOROUTE A6,48.70737,2.30663,Plein jour,Hors agglomération,Hors intersection,Normale,Deux véhicules - côté,,,,,,,,,,,1,1,1,1.0,3.0
201800046809,0018-08-15 07:30:00,18,8,15,7,30,910,37,AUTOROUTE A6,48.54084,2.49835,Plein jour,Hors agglomération,Hors intersection,Normale,Autre collision,,,,,,,,,,,1,1,1,1.0,6.0
201800046810,0018-08-15 22:44:00,18,8,15,22,44,910,182,AUTOROUTE A6,48.62476,2.41816,Nuit sans éclairage public,Hors agglomération,Hors intersection,Normale,Deux véhicules - côté,,,,,,,,,,,3,1,1,1.0,3.0
201800046811,0018-08-18 12:30:00,18,8,18,12,30,940,65,AUTOROUTE A106,48.7511,2.3548,Plein jour,Hors agglomération,Hors intersection,Normale,Trois véhicules et plus - en chaîne,,,,,,,,,,,1,1,1,1.0,4.0
201800046812,0018-08-19 04:00:00,18,8,19,4,0,920,2,AUTOROUTE A6,48.73589,2.31168,Nuit sans éclairage public,Hors agglomération,Hors intersection,Normale,Deux véhicules - arrière,,,,,,,,,,,3,1,1,1.0,2.0
201800046813,0018-08-18 20:35:00,18,8,18,20,35,910,377,AUTOROUTE A10,48.7308,2.30887,Crépuscule ou aube,Hors agglomération,Hors intersection,Normale,Trois véhicules et plus - en chaîne,,,,,,,,,,,2,1,1,1.0,4.0
201800046814,0018-08-20 03:30:00,18,8,20,3,30,940,3,AUTOROUTE A6A,48.81587,2.33658,Nuit avec éclairage non allumé,Hors agglomération,Hors intersection,Normale,Sans collision,,,,,,,,,,,4,1,1,1.0,7.0
201800046815,0018-08-20 09:25:00,18,8,20,9,25,940,34,AUTOROUTE A6B,48.75646,2.339,Plein jour,Hors agglomération,Hors intersection,Pluie légère,Autre collision,,,,,,,,,,,1,1,1,2.0,6.0
201800046816,0018-08-20 22:35:00,18,8,20,22,35,770,251,AUTOROUTE A5A,48.6235,2.5425,Nuit sans éclairage public,Hors agglomération,Hors intersection,Normale,Autre collision,,,,,,,,,,,3,1,1,1.0,6.0
201800046817,0018-08-21 01:20:00,18,8,21,1,20,910,377,AUTOROUTE A10,48.714,2.288,Nuit sans éclairage public,Hors agglomération,Hors intersection,Normale,Autre collision,,,,,,,,,,,3,1,1,1.0,6.0
201800046818,0018-08-21 18:20:00,18,8,21,18,20,910,377,RD 188,48.7184,2.2699,Plein jour,Hors agglomération,Hors intersection,Normale,Sans collision,,,,,,,,,,,1,1,1,1.0,7.0
201800046819,0018-08-22 15:30:00,18,8,22,15,30,940,65,AUTOROUTE A86,48.7547,2.5469,Plein jour,Hors agglomération,Hors intersection,Normale,Deux véhicules - arrière,,,,,,,,,,,1,1,1,1.0,2.0
201800046820,0018-08-23 10:15:00,18,8,23,10,15,910,521,RN 104,48.6349,2.401,Plein jour,Hors agglomération,Hors intersection,Normale,Sans collision,,,,,,,,,,,1,1,1,1.0,7.0
201800046821,0018-08-24 10:45:00,18,8,24,10,45,910,339,RN 104,48.6304,2.2522,Plein jour,Hors agglomération,Hors intersection,Normale,Autre collision,,,,,,,,,,,1,1,1,1.0,6.0
201800046822,0018-08-24 16:36:00,18,8,24,16,36,940,38,AUTOROUTE A6B,48.78722,2.34579,Plein jour,Hors agglomération,Hors intersection,Normale,Trois véhicules et plus - collisions multiples,,,,,,,,,,,1,1,1,1.0,5.0
201800046823,0018-08-26 18:55:00,18,8,26,18,55,940,38,AUTOROUTE A6B,48.78843,2.34542,Plein jour,Hors agglomération,Hors intersection,Normale,Trois véhicules et plus - en chaîne,,,,,,,,,,,1,1,1,1.0,4.0
201800046824,0018-08-26 22:01:00,18,8,26,22,1,910,64,RN 118,48.7501,2.20415,Nuit sans éclairage public,Hors agglomération,Hors intersection,Normale,Deux véhicules - arrière,,,,,,,,,,,3,1,1,1.0,2.0
201800046825,0018-08-27 10:45:00,18,8,27,10,45,910,521,RN 449,48.63217,2.40109,Plein jour,Hors agglomération,Hors intersection,Pluie légère,Autre collision,,,,,,,,,,,1,1,1,2.0,6.0
201800046826,0018-08-28 10:00:00,18,8,28,10,0,920,2,AUTOROUTE A86,48.76305,2.3114,Plein jour,Hors agglomération,Hors intersection,Pluie légère,Deux véhicules - arrière,,,,,,,,,,,1,1,1,2.0,2.0
201800046827,0018-08-28 14:45:00,18,8,28,14,45,910,136,AUTOROUTE A10,48.7134,2.2761,Plein jour,Hors agglomération,Hors intersection,Normale,Deux véhicules - côté,,,,,,,,,,,1,1,1,1.0,3.0
201800046828,0018-08-29 18:00:00,18,8,29,18,0,910,689,AUTOROUTE A6B,48.74938,2.32778,Plein jour,Hors agglomération,Hors intersection,Normale,Trois véhicules et plus - collisions multiples,,,,,,,,,,,1,1,1,1.0,5.0
201800046829,0018-08-30 21:50:00,18,8,30,21,50,910,687,AUTOROUTE A6,48.66065,2.37111,Nuit sans éclairage public,Hors agglomération,Hors intersection,Normale,Deux véhicules - côté,,,,,,,,,,,3,1,1,1.0,3.0
201800046830,0018-08-31 17:53:00,18,8,31,17,53,910,363,RN 104,48.66349,2.18808,Plein jour,Hors agglomération,Hors intersection,Normale,Deux véhicules - côté,,,,,,,,,,,1,1,1,1.0,3.0
201800046831,0018-09-01 01:40:00,18,9,1,1,40,910,521,RN 104,48.63195,2.40041,Nuit sans éclairage public,Hors agglomération,Hors intersection,Normale,Sans collision,,,,,,,,,,,3,1,1,1.0,7.0
201800046832,0018-09-01 09:00:00,18,9,1,9,0,910,553,RN 104,48.62529,2.47228,Plein jour,Hors agglomération,Hors intersection,Normale,Trois véhicules et plus - collisions multiples,,,,,,,,,,,1,1,1,1.0,5.0
201800046833,0018-09-01 11:15:00,18,9,1,11,15,910,161,AUTOROUTE A6,48.69884,2.31306,Plein jour,Hors agglomération,Hors intersection,Normale,Trois véhicules et plus - en chaîne,,,,,,,,,,,1,1,1,1.0,4.0
201800046834,0018-09-02 10:45:00,18,9,2,10,45,910,553,RN 104,48.63153,2.49383,Plein jour,Hors agglomération,Hors intersection,Normale,Autre collision,,,,,,,,,,,1,1,1,1.0,6.0
201800046835,0018-09-02 15:45:00,18,9,2,15,45,910,689,AUTOROUTE A6A,48.72765,2.31393,Plein jour,Hors agglomération,Hors intersection,Normale,Deux véhicules - arrière,,,,,,,,,,,1,1,1,1.0,2.0
201800046836,0018-09-02 18:15:00,18,9,2,18,15,910,340,AUTOROUTE A6,48.596,2.4423,Plein jour,Hors agglomération,Hors intersection,Normale,Trois véhicules et plus - en chaîne,,,,,,,,,,,1,1,1,1.0,4.0
201800046837,0018-09-02 23:20:00,18,9,2,23,20,910,477,AUTOROUTE A10,48.7187,2.256,Nuit sans éclairage public,Hors agglomération,Hors intersection,Normale,Deux véhicules - arrière,,,,,,,,,,,3,1,1,1.0,2.0
201800046838,0018-09-03 08:45:00,18,9,3,8,45,940,3,AUTOROUTE A6A,48.80629,2.34162,Plein jour,Hors agglomération,Hors intersection,Normale,Sans collision,,,,,,,,,,,1,1,1,1.0,7.0
201800046839,0018-09-03 09:42:00,18,9,3,9,42,910,182,AUTOROUTE A6,48.62223,2.42278,Plein jour,Hors agglomération,Hors intersection,Temps couvert,Deux véhicules - arrière,,,,,,,,,,,1,1,1,8.0,2.0
201800046840,0018-09-03 18:30:00,18,9,3,18,30,910,589,AUTOROUTE A6,48.6752,2.3411,Plein jour,Hors agglomération,Hors intersection,Normale,Trois véhicules et plus - collisions multiples,,,,,,,,,,,1,1,1,1.0,5.0
201800046841,0018-09-04 08:00:00,18,9,4,8,0,940,34,AUTOROUTE A6B,48.7527,2.3316,Plein jour,Hors agglomération,Hors intersection,Normale,Deux véhicules - arrière,,,,,,,,,,,1,1,1,1.0,2.0
201800046842,0018-09-04 17:45:00,18,9,4,17,45,920,2,AUTOROUTE A86,48.76049,2.2886,Plein jour,Hors agglomération,Hors intersection,Normale,Trois véhicules et plus - collisions multiples,,,,,,,,,,,1,1,1,1.0,5.0
201800046843,0018-09-06 08:30:00,18,9,6,8,30,940,37,AUTOROUTE A6A,48.81665,2.33643,Plein jour,Hors agglomération,Hors intersection,Temps couvert,Deux véhicules - côté,,,,,,,,,,,1,1,1,8.0,3.0
201800046844,0018-09-06 16:45:00,18,9,6,16,45,910,174,RN 104,48.61999,2.46007,Plein jour,Hors agglomération,Hors intersection,Normale,Deux véhicules - côté,,,,,,,,,,,1,1,1,1.0,3.0
201800046845,0018-09-06 16:43:00,18,9,6,16,43,910,174,RN 104,48.61999,2.46007,Plein jour,Hors agglomération,Hors intersection,Normale,Deux véhicules - côté,,,,,,,,,,,1,1,1,1.0,3.0
201800046846,0018-09-07 07:10:00,18,9,7,7,10,910,434,AUTOROUTE A6,48.6671,2.35882,Crépuscule ou aube,Hors agglomération,Hors intersection,Normale,Autre collision,,,,,,,,,,,2,1,1,1.0,6.0
201800046847,0018-09-08 02:25:00,18,9,8,2,25,910,553,RN 104,48.62919,2.48296,Nuit sans éclairage public,Hors agglomération,Hors intersection,Normale,Deux véhicules - arrière,,,,,,,,,,,3,1,1,1.0,2.0
201800046848,0018-09-08 03:34:00,18,9,8,3,34,910,468,AUTOROUTE A6,48.57573,2.46557,Nuit sans éclairage public,Hors agglomération,Hors intersection,Normale,Autre collision,,,,,,,,,,,3,1,1,1.0,6.0
201800046849,0018-09-08 13:13:00,18,9,8,13,13,910,553,RN 104,48.63182,2.50044,Plein jour,Hors agglomération,Hors intersection,Normale,Sans collision,,,,,,,,,,,1,1,1,1.0,7.0
201800046850,0018-09-08 15:00:00,18,9,8,15,0,910,689,AUTOROUTE A6B,48.74838,2.32776,Plein jour,Hors agglomération,Hors intersection,Normale,Trois véhicules et plus - en chaîne,,,,,,,,,,,1,1,1,1.0,4.0
201800046851,0018-09-08 17:40:00,18,9,8,17,40,910,174,RN 104,48.61302,2.45053,Plein jour,Hors agglomération,Hors intersection,Normale,Deux véhicules - arrière,,,,,,,,,,,1,1,1,1.0,2.0
201800046852,0018-09-09 17:30:00,18,9,9,17,30,910,363,AUTOROUTE A10,48.66004,2.18532,Plein jour,Hors agglomération,Hors intersection,Normale,Trois véhicules et plus - en chaîne,,,,,,,,,,,1,1,1,1.0,4.0
201800046853,0018-09-11 07:59:00,18,9,11,7,59,940,21,AUTOROUTE A6A,48.7683,2.3446,Crépuscule ou aube,Hors agglomération,Hors intersection,Normale,Deux véhicules - côté,,,,,,,,,,,2,1,1,1.0,3.0
201800046854,0018-09-11 08:20:00,18,9,11,8,20,910,235,RN 104,48.6245,2.3652,Plein jour,Hors agglomération,Hors intersection,Normale,Deux véhicules - côté,,,,,,,,,,,1,1,1,1.0,3.0
201800046855,0018-09-11 09:45:00,18,9,11,9,45,910,553,RN 104,48.63162,2.4925,Plein jour,Hors agglomération,Hors intersection,Temps éblouissant,Trois véhicules et plus - en chaîne,,,,,,,,,,,1,1,1,7.0,4.0
201800046856,0018-09-11 18:30:00,18,9,11,18,30,910,174,RN 104,48.61289,2.4502,Plein jour,Hors agglomération,Hors intersection,Normale,Deux véhicules - arrière,,,,,,,,,,,1,1,1,1.0,2.0
201800046857,0018-09-12 18:11:00,18,9,12,18,11,910,161,AUTOROUTE A6,48.70984,2.30694,Plein jour,Hors agglomération,Hors intersection,Normale,Deux véhicules - arrière,,,,,,,,,,,1,1,1,1.0,2.0
201800046858,0018-09-13 08:34:00,18,9,13,8,34,940,16,AUTOROUTE A6A,48.79939,2.3424,Plein jour,Hors agglomération,Hors intersection,Pluie légère,Sans collision,,,,,,,,,,,1,1,1,2.0,7.0
201800046859,0018-09-13 12:00:00,18,9,13,12,0,940,3,AUTOROUTE A6A,48.80865,2.34086,Plein jour,Hors agglomération,Hors intersection,Normale,Deux véhicules - arrière,,,,,,,,,,,1,1,1,1.0,2.0