accident_id,datetime,annee,mois,jour,heure,minute,departement,commune_insee,adresse,latitude,longitude,luminosite,agglomeration,intersection,meteo,collision,nb_vehicules,nb_usagers,nb_indemnes,nb_tues,nb_blesses_hosp,nb_blesses_legers,age_cond_1,age_cond_2,veh_type_cond_1,veh_type_cond_2,lum_code,agg_code,int_code,atm_code,col_code
201800046860,0018-09-13 10:35:00,18,9,13,10,35,940,37,AUTOROUTE A6B,48.8138,2.35522,Plein jour,Hors agglomération,Hors intersection,Pluie légère,Deux véhicules - côté,,,,,,,,,,,1,1,1,2.0,3.0
201800046861,0018-09-13 17:45:00,18,9,13,17,45,910,363,RN 104,48.66054,2.18544,Plein jour,Hors agglomération,Hors intersection,Normale,Trois véhicules et plus - collisions multiples,,,,,,,,,,,1,1,1,1.0,5.0
201800046862,0018-09-13 19:00:00,18,9,13,19,0,910,339,RN 104,48.62564,2.26229,Plein jour,Hors agglomération,Hors intersection,Normale,Deux véhicules - arrière,,,,,,,,,,,1,1,1,1.0,2.0
201800046863,0018-09-13 18:30:00,18,9,13,18,30,940,76,AUTOROUTE A6B,48.79366,2.34524,Plein jour,Hors agglomération,Hors intersection,Temps couvert,Deux véhicules - arrière,,,,,,,,,,,1,1,1,8.0,2.0
201800046864,0018-09-14 07:40:00,18,9,14,7,40,770,251,AUTOROUTE A5A,48.60938,2.57671,Plein jour,Hors agglomération,Hors intersection,Normale,Deux véhicules - arrière,,,,,,,,,,,1,1,1,1.0,2.0
201800046865,0018-09-14 14:11:00,18,9,14,14,11,910,136,A10 PARIS / RD188 PROVIN,48.7134,2.2739,Plein jour,Hors agglomération,Hors intersection,Normale,Deux véhicules - arrière,,,,,,,,,,,1,1,1,1.0,2.0
201800046866,0018-09-14 16:00:00,18,9,14,16,0,940,34,AUTOROUTE A86,48.7618,2.3152,Plein jour,Hors agglomération,Hors intersection,Normale,Deux véhicules - arrière,,,,,,,,,,,1,1,1,1.0,2.0
201800046867,0018-09-14 15:20:00,18,9,14,15,20,910,235,RN 104,48.6262,2.3531,Plein jour,Hors agglomération,Hors intersection,Normale,Deux véhicules - arrière,,,,,,,,,,,1,1,1,1.0,2.0
201800046868,0018-09-14 18:00:00,18,9,14,18,0,910,645,RN 385 Extèrieure,48.7598,2.2625,Plein jour,Hors agglomération,Hors intersection,Normale,Deux véhicules - arrière,,,,,,,,,,,1,1,1,1.0,2.0
201800046869,0018-09-14 18:30:00,18,9,14,18,30,910,136,RD 591,48.70848,2.2603,Plein jour,Hors agglomération,Hors intersection,Normale,Deux véhicules - côté,,,,,,,,,,,1,1,1,1.0,3.0
201800046870,0018-09-15 15:45:00,18,9,15,15,45,920,2,RN 385 Extèrieure,48.7597,2.264,Plein jour,Hors agglomération,Hors intersection,Normale,Deux véhicules - arrière,,,,,,,,,,,1,1,1,1.0,2.0
201800046871,0018-09-17 12:35:00,18,9,17,12,35,910,617,RN 104,48.6312,2.5144,Plein jour,Hors agglomération,Hors intersection,Normale,Trois véhicules et plus - en chaîne,,,,,,,,,,,1,1,1,1.0,4.0
201800046872,0018-09-17 18:30:00,18,9,17,18,30,910,534,RN 118,48.7307,2.16632,Plein jour,Hors agglomération,Hors intersection,Normale,Sans collision,,,,,,,,,,,1,1,1,1.0,7.0
201800046873,0018-09-18 08:32:00,18,9,18,8,32,910,661,AUTOROUTE A10,48.7048,2.24964,Plein jour,Hors agglomération,Hors intersection,Normale,Trois véhicules et plus - collisions multiples,,,,,,,,,,,1,1,1,1.0,5.0
201800046874,0018-09-18 15:15:00,18,9,18,15,15,910,347,RN 104,48.62564,2.31357,Plein jour,Hors agglomération,Hors intersection,Pluie légère,Sans collision,,,,,,,,,,,1,1,1,2.0,7.0
201800046875,0018-09-18 19:12:00,18,9,18,19,12,910,64,RN 118,48.74362,2.18925,Crépuscule ou aube,Hors agglomération,Hors intersection,Normale,Deux véhicules - côté,,,,,,,,,,,2,1,1,1.0,3.0
201800046876,0018-09-18 21:15:00,18,9,18,21,15,940,3,AUTOROUTE A6A,48.81077,2.33779,Nuit sans éclairage public,Hors agglomération,Hors intersection,Normale,Trois véhicules et plus - collisions multiples,,,,,,,,,,,3,1,1,1.0,5.0
201800046877,0018-09-19 09:39:00,18,9,19,9,39,910,549,RN 104,48.62628,2.34275,Plein jour,Hors agglomération,Hors intersection,Normale,Deux véhicules - arrière,,,,,,,,,,,1,1,1,1.0,2.0
201800046878,0018-09-19 14:08:00,18,9,19,14,8,910,174,AUTOROUTE A6,48.56947,2.47051,Plein jour,Hors agglomération,Hors intersection,Normale,Deux véhicules - côté,,,,,,,,,,,1,1,1,1.0,3.0
201800046879,0018-09-19 16:49:00,18,9,19,16,49,910,161,AUTOROUTE A6,48.6974,2.31499,Plein jour,Hors agglomération,Hors intersection,Normale,Trois véhicules et plus - collisions multiples,,,,,,,,,,,1,1,1,1.0,5.0
201800046880,0018-08-19 17:36:00,18,8,19,17,36,920,2,AUTOROUTE A10,48.73218,2.31058,Plein jour,Hors agglomération,Hors intersection,Normale,Deux véhicules - côté,,,,,,,,,,,1,1,1,1.0,3.0
201800046881,0018-09-19 15:52:00,18,9,19,15,52,910,661,AUTOROUTE A10,48.69834,2.24212,Plein jour,Hors agglomération,Hors intersection,Normale,Deux véhicules - arrière,,,,,,,,,,,1,1,1,1.0,2.0
201800046882,0018-09-19 23:28:00,18,9,19,23,28,910,363,RN 104,48.66278,2.18987,Nuit sans éclairage public,Hors agglomération,Hors intersection,Normale,Deux véhicules - arrière,,,,,,,,,,,3,1,1,1.0,2.0
201800046883,0018-09-20 08:05:00,18,9,20,8,5,910,161,AUTOROUTE A6,48.69879,2.31301,Plein jour,Hors agglomération,Hors intersection,Normale,Sans collision,,,,,,,,,,,1,1,1,1.0,7.0
201800046884,0018-09-20 12:05:00,18,9,20,12,5,910,161,AUTOROUTE A6,48.70617,2.30579,Plein jour,Hors agglomération,Hors intersection,Normale,Autre collision,,,,,,,,,,,1,1,1,1.0,6.0
201800046885,0018-09-20 16:30:00,18,9,20,16,30,910,570,RN 104,48.62475,2.33129,Plein jour,Hors agglomération,Hors intersection,Normale,Trois véhicules et plus - collisions multiples,,,,,,,,,,,1,1,1,1.0,5.0
201800046886,0018-09-20 17:38:00,18,9,20,17,38,940,21,AUTOROUTE A6A,48.76105,2.33961,Plein jour,Hors agglomération,Hors intersection,Normale,Deux véhicules - côté,,,,,,,,,,,1,1,1,1.0,3.0
201800046887,0018-09-20 18:30:00,18,9,20,18,30,910,549,RN 104,48.62659,2.34671,Plein jour,Hors agglomération,Hors intersection,Normale,Deux véhicules - arrière,,,,,,,,,,,1,1,1,1.0,2.0
201800046888,0018-09-21 08:22:00,18,9,21,8,22,910,570,RN 104,48.62501,2.32348,Plein jour,Hors agglomération,Hors intersection,Pluie légère,Trois véhicules et plus - collisions multiples,,,,,,,,,,,1,1,1,2.0,5.0
201800046889,0018-09-21 17:30:00,18,9,21,17,30,910,534,RN 118,48.7365,2.1747,Plein jour,Hors agglomération,Hors intersection,Normale,Deux véhicules - arrière,,,,,,,,,,,1,1,1,1.0,2.0
201800046890,0018-09-21 19:35:00,18,9,21,19,35,910,617,AUTOROUTE A5A,48.6338,2.5353,Crépuscule ou aube,Hors agglomération,Hors intersection,Normale,Deux véhicules - arrière,,,,,,,,,,,2,1,1,1.0,2.0
201800046891,0018-09-22 01:50:00,18,9,22,1,50,940,37,AUTOROUTE A6B,48.80921,2.34884,Nuit avec éclairage allumé,Hors agglomération,Hors intersection,Normale,Sans collision,,,,,,,,,,,5,1,1,1.0,7.0
201800046892,0018-09-22 14:40:00,18,9,22,14,40,910,161,AUTOROUTE A6,48.70046,2.31031,Plein jour,Hors agglomération,Hors intersection,Normale,Trois véhicules et plus - collisions multiples,,,,,,,,,,,1,1,1,1.0,5.0
201800046893,0018-09-22 15:32:00,18,9,22,15,32,910,86,RN 104,48.62411,2.39141,Plein jour,Hors agglomération,Hors intersection,Pluie légère,Deux véhicules - arrière,,,,,,,,,,,1,1,1,2.0,2.0
201800046894,0018-09-23 07:00:00,18,9,23,7,0,910,340,RN 104,48.6088,2.4375,Crépuscule ou aube,Hors agglomération,Hors intersection,Pluie légère,Autre collision,,,,,,,,,,,2,1,1,2.0,6.0
201800046895,0018-09-23 09:15:00,18,9,23,9,15,910,477,AUTOROUTE A10,48.7188,2.25648,Plein jour,Hors agglomération,Hors intersection,Pluie légère,Trois véhicules et plus - collisions multiples,,,,,,,,,,,1,1,1,2.0,5.0
201800046896,0018-09-23 15:25:00,18,9,23,15,25,910,136,AUTOROUTE A126,48.71261,2.28318,Plein jour,Hors agglomération,Hors intersection,Pluie forte,Trois véhicules et plus - en chaîne,,,,,,,,,,,1,1,1,3.0,4.0
201800046897,0018-09-24 07:50:00,18,9,24,7,50,910,286,AUTOROUTE A6,48.65776,2.37637,Plein jour,Hors agglomération,Hors intersection,Normale,Deux véhicules - côté,,,,,,,,,,,1,1,1,1.0,3.0
201800046898,0018-09-24 16:35:00,18,9,24,16,35,940,38,AUTOROUTE A6B,48.78076,2.34632,Plein jour,Hors agglomération,Hors intersection,Normale,Deux véhicules - côté,,,,,,,,,,,1,1,1,1.0,3.0
201800046899,0018-09-24 20:50:00,18,9,24,20,50,910,161,AUTOROUTE A6,48.70026,2.31018,Nuit avec éclairage allumé,Hors agglomération,Hors intersection,Normale,Deux véhicules - arrière,,,,,,,,,,,5,1,1,1.0,2.0
201800046900,0018-09-25 09:50:00,18,9,25,9,50,910,161,AUTOROUTE A6,48.70182,2.30852,Plein jour,Hors agglomération,Hors intersection,Normale,Deux véhicules - côté,,,,,,,,,,,1,1,1,1.0,3.0
201800046901,0018-09-25 10:40:00,18,9,25,10,40,910,182,RN 104,48.61703,2.42881,Plein jour,Hors agglomération,Hors intersection,Normale,Trois véhicules et plus - en chaîne,,,,,,,,,,,1,1,1,1.0,4.0
201800046902,0018-09-25 17:15:00,18,9,25,17,15,910,136,AUTOROUTE A126,48.71479,2.27094,Plein jour,Hors agglomération,Hors intersection,Normale,Deux véhicules - arrière,,,,,,,,,,,1,1,1,1.0,2.0
201800046903,0018-09-26 09:23:00,18,9,26,9,23,910,477,AUTOROUTE A10,48.71729,2.26375,Plein jour,Hors agglomération,Hors intersection,Normale,Deux véhicules - arrière,,,,,,,,,,,1,1,1,1.0,2.0
201800046904,0018-09-26 12:06:00,18,9,26,12,6,910,589,AUTOROUTE A6,48.67735,2.308,Plein jour,Hors agglomération,Hors intersection,Normale,Deux véhicules - côté,,,,,,,,,,,1,1,1,1.0,3.0
201800046905,0018-09-26 18:30:00,18,9,26,18,30,910,340,RN 104,48.6092,2.43967,Plein jour,Hors agglomération,Hors intersection,Normale,Deux véhicules - côté,,,,,,,,,,,1,1,1,1.0,3.0
201800046906,0018-09-27 08:25:00,18,9,27,8,25,770,251,RN 104,48.6447,2.54271,Plein jour,Hors agglomération,Hors intersection,Normale,Deux véhicules - arrière,,,,,,,,,,,1,1,1,1.0,2.0
201800046907,0018-09-27 08:05:00,18,9,27,8,5,910,617,RN 104,48.63161,2.50092,Plein jour,Hors agglomération,Hors intersection,Normale,Trois véhicules et plus - en chaîne,,,,,,,,,,,1,1,1,1.0,4.0
201800046908,0018-09-27 16:30:00,18,9,27,16,30,910,689,AUTOROUTE A6,48.72786,2.31389,Plein jour,Hors agglomération,Hors intersection,Normale,Trois véhicules et plus - collisions multiples,,,,,,,,,,,1,1,1,1.0,5.0
201800046909,0018-09-28 07:30:00,18,9,28,7,30,940,34,AUTOROUTE A6B,48.73372,2.31615,Plein jour,Hors agglomération,Hors intersection,Normale,Sans collision,,,,,,,,,,,1,1,1,1.0,7.0
201800046910,0018-09-28 13:45:00,18,9,28,13,45,910,687,AUTOROUTE A6,48.6642,2.36557,Plein jour,Hors agglomération,Hors intersection,Normale,Trois véhicules et plus - en chaîne,,,,,,,,,,,1,1,1,1.0,4.0
201800046911,0018-09-28 16:30:00,18,9,28,16,30,920,2,AUTOROUTE A86,48.76185,2.29911,Plein jour,Hors agglomération,Hors intersection,Normale,Deux véhicules - arrière,,,,,,,,,,,1,1,1,1.0,2.0
201800046912,0018-09-28 19:23:00,18,9,28,19,23,910,136,AUTOROUTE A10,48.71406,2.27361,Plein jour,Hors agglomération,Hors intersection,Temps couvert,Trois véhicules et plus - collisions multiples,,,,,,,,,,,1,1,1,8.0,5.0
201800046913,0018-09-28 19:45:00,18,9,28,19,45,940,38,AUTOROUTE A6B,48.77834,2.34643,Crépuscule ou aube,Hors agglomération,Hors intersection,Normale,Deux véhicules - arrière,,,,,,,,,,,2,1,1,1.0,2.0
201800046914,0018-09-28 21:25:00,18,9,28,21,25,910,689,AUTOROUTE A6A,48.74116,2.32092,Nuit sans éclairage public,Hors agglomération,Hors intersection,Normale,Trois véhicules et plus - en chaîne,,,,,,,,,,,3,1,1,1.0,4.0
201800046915,0018-09-29 09:38:00,18,9,29,9,38,910,347,RN 104,48.6222,2.283,Plein jour,Hors agglomération,Hors intersection,Normale,Trois véhicules et plus - en chaîne,,,,,,,,,,,1,1,1,1.0,4.0
201800046916,0018-09-29 13:55:00,18,9,29,13,55,940,37,AUTOROUTE A6B,48.80684,2.34624,Plein jour,Hors agglomération,Hors intersection,Normale,Deux véhicules - arrière,,,,,,,,,,,1,1,1,1.0,2.0
201800046917,0018-09-29 18:50:00,18,9,29,18,50,910,64,RN 118,48.74911,2.21249,Plein jour,Hors agglomération,Hors intersection,Normale,Trois véhicules et plus - en chaîne,,,,,,,,,,,1,1,1,1.0,4.0
201800046918,0018-09-30 06:30:00,18,9,30,6,30,910,363,RN 104,48.63727,2.20435,Nuit sans éclairage public,Hors agglomération,Hors intersection,Normale,Deux véhicules - côté,,,,,,,,,,,3,1,1,1.0,3.0
201800046919,0018-09-30 12:50:00,18,9,30,12,50,940,34,AUTOROUTE A86,48.76179,2.3155,Plein jour,Hors agglomération,Hors intersection,Normale,Sans collision,,,,,,,,,,,1,1,1,1.0,7.0
201800046920,0018-10-01 18:26:00,18,10,1,18,26,910,174,RN 104,48.61102,2.44665,Crépuscule ou aube,Hors agglomération,Hors intersection,Normale,Deux véhicules - côté,,,,,,,,,,,2,1,1,1.0,3.0
201800046921,0018-10-02 06:05:00,18,10,2,6,5,910,687,AUTOROUTE A6,48.65968,2.37321,Nuit sans éclairage public,Hors agglomération,Hors intersection,Pluie légère,Deux véhicules - côté,,,,,,,,,,,3,1,1,2.0,3.0
201800046922,0018-10-03 00:43:00,18,10,3,0,43,910,617,RN 104,48.63008,2.51388,Nuit avec éclairage allumé,Hors agglomération,Hors intersection,Normale,Autre collision,,,,,,,,,,,5,1,1,1.0,6.0
201800046923,0018-10-03 08:04:00,18,10,3,8,4,910,434,AUTOROUTE A6,48.6687,2.35285,Plein jour,Hors agglomération,Hors intersection,Pluie légère,Trois véhicules et plus - collisions multiples,,,,,,,,,,,1,1,1,2.0,5.0
201800046924,0018-10-03 08:20:00,18,10,3,8,20,910,161,AUTOROUTE A6,48.7176,2.3102,Plein jour,Hors agglomération,Hors intersection,Normale,Deux véhicules - arrière,,,,,,,,,,,1,1,1,1.0,2.0
201800046925,0018-10-03 06:47:00,18,10,3,6,47,940,38,AUTOROUTE A6A,48.78144,2.34694,Crépuscule ou aube,Hors agglomération,Hors intersection,Normale,Sans collision,,,,,,,,,,,2,1,1,1.0,7.0
201800046926,0018-10-03 14:50:00,18,10,3,14,50,940,34,AUTOROUTE A86,48.7556,2.3431,Plein jour,Hors agglomération,Hors intersection,Normale,Trois véhicules et plus - en chaîne,,,,,,,,,,,1,1,1,1.0,4.0
201800046927,0018-10-03 17:30:00,18,10,3,17,30,940,43,AUTOROUTE A6B,48.4852,2.212,Plein jour,Hors agglomération,Hors intersection,Normale,Deux véhicules - côté,,,,,,,,,,,1,1,1,1.0,3.0
201800046928,0018-10-03 17:00:00,18,10,3,17,0,940,38,AUTOROUTE A6B,48.7851,2.3468,Plein jour,Hors agglomération,Hors intersection,Normale,Trois véhicules et plus - collisions multiples,,,,,,,,,,,1,1,1,1.0,5.0
201800046929,0018-10-03 18:03:00,18,10,3,18,3,910,161,AUTOROUTE A6,48.70513,2.31027,Plein jour,Hors agglomération,Hors intersection,Normale,Deux véhicules - côté,,,,,,,,,,,1,1,1,1.0,3.0
201800046930,0018-10-04 12:45:00,18,10,4,12,45,910,174,RN 104,48.6097,2.4356,Plein jour,Hors agglomération,Hors intersection,Normale,Deux véhicules - arrière,,,,,,,,,,,1,1,1,1.0,2.0
201800046931,0018-10-04 17:45:00,18,10,4,17,45,910,553,RN 104,48.6263,2.4749,Plein jour,Hors agglomération,Hors intersection,Normale,Deux véhicules - arrière,,,,,,,,,,,1,1,1,1.0,2.0
201800046932,0018-10-05 08:45:00,18,10,5,8,45,910,377,AUTOROUTE A10,48.7293,2.3068,Plein jour,Hors agglomération,Hors intersection,Normale,Sans collision,,,,,,,,,,,1,1,1,1.0,7.0
201800046933,0018-10-05 12:10:00,18,10,5,12,10,910,521,AUTOROUTE A6,48.6401,2.3946,Plein jour,Hors agglomération,Hors intersection,Normale,Deux véhicules - arrière,,,,,,,,,,,1,1,1,1.0,2.0
201800046934,0018-10-05 14:00:00,18,10,5,14,0,910,161,AUTOROUTE A6,48.71231,2.30001,Plein jour,Hors agglomération,Hors intersection,Normale,Deux véhicules - arrière,,,,,,,,,,,1,1,1,1.0,2.0
201800046935,0018-10-05 17:45:00,18,10,5,17,45,920,19,RN 385 Extèrieure,48.77,2.43794,Plein jour,Hors agglomération,Hors intersection,Normale,Deux véhicules - côté,,,,,,,,,,,1,1,1,1.0,3.0
201800046936,0018-10-06 11:25:00,18,10,6,11,25,910,689,AUTOROUTE A6B,48.7484,2.32771,Plein jour,Hors agglomération,Hors intersection,Normale,Deux véhicules - arrière,,,,,,,,,,,1,1,1,1.0,2.0
201800046937,0018-08-18 14:37:00,18,8,18,14,37,910,689,AUTOROUTE A6B,48.74502,2.32469,Plein jour,Hors agglomération,Hors intersection,Normale,Deux véhicules - arrière,,,,,,,,,,,1,1,1,1.0,2.0
201800046938,0018-10-06 14:55:00,18,10,6,14,55,910,86,RN 104,48.62339,2.38374,Plein jour,Hors agglomération,Hors intersection,Normale,Deux véhicules - arrière,,,,,,,,,,,1,1,1,1.0,2.0
201800046939,0018-10-06 18:48:00,18,10,6,18,48,940,34,AUTOROUTE A86,48.76234,2.3136,Plein jour,Hors agglomération,Hors intersection,Normale,Trois véhicules et plus - en chaîne,,,,,,,,,,,1,1,1,1.0,4.0
201800046940,0018-10-08 09:06:00,18,10,8,9,6,910,216,AUTOROUTE A6,48.68325,2.32884,Plein jour,Hors agglomération,Hors intersection,Normale,Deux véhicules - arrière,,,,,,,,,,,1,1,1,1.0,2.0
201800046941,0018-10-09 08:20:00,18,10,9,8,20,910,692,RN 118,48.67176,2.19402,Plein jour,Hors agglomération,Hors intersection,Normale,Trois véhicules et plus - en chaîne,,,,,,,,,,,1,1,1,1.0,4.0
201800046942,0018-10-09 09:52:00,18,10,9,9,52,940,37,AUTOROUTE A6B,48.81594,2.6568,Plein jour,Hors agglomération,Hors intersection,Normale,Deux véhicules - côté,,,,,,,,,,,1,1,1,1.0,3.0
201800046943,0018-10-09 11:10:00,18,10,9,11,10,910,692,RN 118,48.6715,2.1938,Plein jour,Hors agglomération,Hors intersection,Normale,Trois véhicules et plus - collisions multiples,,,,,,,,,,,1,1,1,1.0,5.0
201800046944,0018-10-09 12:55:00,18,10,9,12,55,910,86,RN 104,48.62385,2.3923,Plein jour,Hors agglomération,Hors intersection,Normale,Deux véhicules - arrière,,,,,,,,,,,1,1,1,1.0,2.0
201800046945,0018-10-09 13:25:00,18,10,9,13,25,910,286,AUTOROUTE A6,48.64439,2.39039,Plein jour,Hors agglomération,Hors intersection,Normale,Trois véhicules et plus - en chaîne,,,,,,,,,,,1,1,1,1.0,4.0
201800046946,0018-10-09 12:46:00,18,10,9,12,46,910,174,RN 104,48.611,2.44603,Plein jour,Hors agglomération,Hors intersection,Normale,Trois véhicules et plus - collisions multiples,,,,,,,,,,,1,1,1,1.0,5.0
201800046947,0018-10-09 19:59:00,18,10,9,19,59,910,161,AUTOROUTE A6,48.72068,2.31099,Nuit sans éclairage public,Hors agglomération,Hors intersection,Normale,Deux véhicules - côté,,,,,,,,,,,3,1,1,1.0,3.0
201800046948,0018-10-10 07:49:00,18,10,10,7,49,910,687,AUTOROUTE A6,48.66,2.373,Crépuscule ou aube,Hors agglomération,Hors intersection,Normale,Deux véhicules - côté,,,,,,,,,,,2,1,1,1.0,3.0
201800046949,0018-10-10 07:20:00,18,10,10,7,20,910,286,AUTOROUTE A6,48.65266,2.38199,Plein jour,Hors agglomération,Hors intersection,Normale,Deux véhicules - arrière,,,,,,,,,,,1,1,1,1.0,2.0
201800046950,0018-10-10 17:41:00,18,10,10,17,41,910,377,RN20,48.71867,8.29889,Plein jour,En agglomération,Hors intersection,Normale,Deux véhicules - arrière,,,,,,,,,,,1,2,1,1.0,2.0
201800046951,0018-10-11 04:05:00,18,10,11,4,5,910,64,RN 118,48.749,2.21843,Nuit sans éclairage public,Hors agglomération,Hors intersection,Normale,Autre collision,,,,,,,,,,,3,1,1,1.0,6.0
201800046952,0018-10-11 07:45:00,18,10,11,7,45,910,689,AUTOROUTE A6,48.7305,2.3146,Crépuscule ou aube,Hors agglomération,Hors intersection,Normale,Deux véhicules - arrière,,,,,,,,,,,2,1,1,1.0,2.0
201800046953,0018-10-11 16:35:00,18,10,11,16,35,910,689,AUTOROUTE A6A,48.74405,2.32338,Plein jour,Hors agglomération,Hors intersection,Normale,Deux véhicules - côté,,,,,,,,,,,1,1,1,1.0,3.0
201800046954,0018-10-11 18:11:00,18,10,11,18,11,910,345,AUTOROUTE A6,48.68768,2.32556,Crépuscule ou aube,Hors agglomération,Hors intersection,Pluie légère,Deux véhicules - arrière,,,,,,,,,,,2,1,1,2.0,2.0
201800046955,0018-10-11 18:50:00,18,10,11,18,50,920,2,RN 385 Extèrieure,48.75973,2.27486,Crépuscule ou aube,Hors agglomération,Hors intersection,Normale,Deux véhicules - côté,,,,,,,,,,,2,1,1,1.0,3.0
201800046956,0018-10-12 03:32:00,18,10,12,3,32,910,340,RN 104,48.60904,2.43482,Nuit avec éclairage non allumé,Hors agglomération,Hors intersection,Normale,Autre collision,,,,,,,,,,,4,1,1,1.0,6.0
201800046957,0018-10-12 09:10:00,18,10,12,9,10,910,340,AUTOROUTE A6,48.59188,2.4447,Plein jour,Hors agglomération,Hors intersection,Normale,Deux véhicules - côté,,,,,,,,,,,1,1,1,1.0,3.0
201800046958,0018-10-12 11:00:00,18,10,12,11,0,940,3,AUTOROUTE A6A,48.80968,2.33926,Plein jour,Hors agglomération,Hors intersection,Normale,Deux véhicules - arrière,,,,,,,,,,,1,1,1,1.0,2.0
201800046959,0018-10-12 16:50:00,18,10,12,16,50,910,161,AUTOROUTE A6,48.71183,2.30772,Plein jour,Hors agglomération,Hors intersection,Normale,Trois véhicules et plus - en chaîne,,,,,,,,,,,1,1,1,1.0,4.0
201800046960,0018-10-12 18:00:00,18,10,12,18,0,910,589,AUTOROUTE A6,48.678,2.33647,Plein jour,Hors agglomération,Hors intersection,Normale,Trois véhicules et plus - en chaîne,,,,,,,,,,,1,1,1,1.0,4.0
201800046961,0018-10-12 20:50:00,18,10,12,20,50,910,549,RN 104,48.62568,2.33819,Nuit sans éclairage public,Hors agglomération,Hors intersection,Normale,Deux véhicules - arrière,,,,,,,,,,,3,1,1,1.0,2.0
201800046962,0018-10-14 12:41:00,18,10,14,12,41,940,34,AUTOROUTE A86,48.76233,2.3135,Plein jour,Hors agglomération,Hors intersection,Normale,Deux véhicules - côté,,,,,,,,,,,1,1,1,1.0,3.0
201800046963,0018-10-15 08:25:00,18,10,15,8,25,910,589,AUTOROUTE A6,48.67086,2.34761,Plein jour,Hors agglomération,Hors intersection,Normale,Deux véhicules - arrière,,,,,,,,,,,1,1,1,1.0,2.0
201800046964,0018-10-16 00:15:00,18,10,16,0,15,940,3,AUTOROUTE A6A,48.80694,2.34134,Nuit avec éclairage allumé,Hors agglomération,Hors intersection,Normale,Sans collision,,,,,,,,,,,5,1,1,1.0,7.0
201800046965,0018-10-16 16:50:00,18,10,16,16,50,910,661,AUTOROUTE A10,48.69569,2.23473,Plein jour,Hors agglomération,Hors intersection,Normale,Sans collision,,,,,,,,,,,1,1,1,1.0,7.0
201800046966,0018-10-16 17:45:00,18,10,16,17,45,940,34,AUTOROUTE A86,48.75516,2.34249,Plein jour,Hors agglomération,Hors intersection,Normale,Deux véhicules - arrière,,,,,,,,,,,1,1,1,1.0,2.0
201800046967,0018-10-16 17:50:00,18,10,16,17,50,910,434,AUTOROUTE A6,48.66783,2.35619,Plein jour,Hors agglomération,Hors intersection,Normale,Deux véhicules - arrière,,,,,,,,,,,1,1,1,1.0,2.0
201800046968,0018-10-16 19:10:00,18,10,16,19,10,940,34,AUTOROUTE A86,48.76252,2.31347,Crépuscule ou aube,Hors agglomération,Hors intersection,Normale,Deux véhicules - arrière,,,,,,,,,,,2,1,1,1.0,2.0
201800046969,0018-10-18 09:30:00,18,10,18,9,30,920,2,RN 385,48.75985,2.27069,Plein jour,Hors agglomération,Hors intersection,Normale,Deux véhicules - arrière,,,,,,,,,,,1,1,1,1.0,2.0
201800046970,0018-10-19 09:05:00,18,10,19,9,5,940,76,AUTOROUTE A6A,48.7937,2.34487,Plein jour,Hors agglomération,Hors intersection,Normale,Trois véhicules et plus - collisions multiples,,,,,,,,,,,1,1,1,1.0,5.0
201800046971,0018-10-19 19:15:00,18,10,19,19,15,910,589,AUTOROUTE A6,48.67507,2.34136,Crépuscule ou aube,Hors agglomération,Hors intersection,Normale,Deux véhicules - arrière,,,,,,,,,,,2,1,1,1.0,2.0
201800046972,0018-10-20 02:00:00,18,10,20,2,0,910,340,RN 104,48.60821,2.43613,Nuit sans éclairage public,Hors agglomération,Hors intersection,Normale,Sans collision,,,,,,,,,,,3,1,1,1.0,7.0
201800046973,0018-10-20 13:30:00,18,10,20,13,30,910,161,AUTOROUTE A126,48.7116,2.2915,Plein jour,Hors agglomération,Hors intersection,Normale,Deux véhicules - arrière,,,,,,,,,,,1,1,1,1.0,2.0
201800046974,0018-10-20 14:20:00,18,10,20,14,20,910,617,RN 104,48.632,2.5252,Plein jour,Hors agglomération,Hors intersection,Normale,Sans collision,,,,,,,,,,,1,1,1,1.0,7.0
201800046975,0018-10-20 19:20:00,18,10,20,19,20,910,286,AUTOROUTE A6,48.6489,2.3851,Crépuscule ou aube,Hors agglomération,Hors intersection,Normale,Trois véhicules et plus - en chaîne,,,,,,,,,,,2,1,1,1.0,4.0
201800046976,0018-10-21 11:50:00,18,10,21,11,50,910,161,AUTOROUTE A6,48.71195,2.30776,Plein jour,Hors agglomération,Hors intersection,Normale,Deux véhicules - côté,,,,,,,,,,,1,1,1,1.0,3.0
201800046977,0018-10-21 13:13:00,18,10,21,13,13,910,64,RN 118,48.75499,2.22343,Plein jour,Hors agglomération,Hors intersection,Normale,Deux véhicules - arrière,,,,,,,,,,,1,1,1,1.0,2.0
201800046978,0018-10-21 14:45:00,18,10,21,14,45,920,2,AUTOROUTE A10,48.73078,2.309,Plein jour,Hors agglomération,Hors intersection,Normale,Trois véhicules et plus - en chaîne,,,,,,,,,,,1,1,1,1.0,4.0
201800046979,0018-10-23 01:10:00,18,10,23,1,10,910,340,RN 104,48.60904,2.43482,Nuit sans éclairage public,Hors agglomération,Hors intersection,Normale,Sans collision,,,,,,,,,,,3,1,1,1.0,7.0
201800046980,0018-10-23 08:20:00,18,10,23,8,20,940,21,AUTOROUTE A6B,48.7638,2.3417,Crépuscule ou aube,Hors agglomération,Hors intersection,Normale,Deux véhicules - arrière,,,,,,,,,,,2,1,1,1.0,2.0