accident_id,datetime,annee,mois,jour,heure,minute,departement,commune_insee,adresse,latitude,longitude,luminosite,agglomeration,intersection,meteo,collision,nb_vehicules,nb_usagers,nb_indemnes,nb_tues,nb_blesses_hosp,nb_blesses_legers,age_cond_1,age_cond_2,veh_type_cond_1,veh_type_cond_2,lum_code,agg_code,int_code,atm_code,col_code
201800046981,0018-10-23 08:00:00,18,10,23,8,0,940,38,AUTOROUTE A6B,48.7736,2.3457,Nuit sans éclairage public,Hors agglomération,Hors intersection,Normale,Trois véhicules et plus - en chaîne,,,,,,,,,,,3,1,1,1.0,4.0
201800046982,0018-10-23 18:00:00,18,10,23,18,0,940,34,AUTOROUTE A6B,48.75694,2.33507,Plein jour,Hors agglomération,Hors intersection,Normale,Deux véhicules - arrière,,,,,,,,,,,1,1,1,1.0,2.0
201800046983,0018-10-23 20:18:00,18,10,23,20,18,910,161,AUTOROUTE A6,48.70066,2.31172,Nuit avec éclairage allumé,Hors agglomération,Hors intersection,Normale,Deux véhicules - côté,,,,,,,,,,,5,1,1,1.0,3.0
201800046984,0018-10-23 20:44:00,18,10,23,20,44,920,2,AUTOROUTE A10,48.72997,2.30753,Nuit avec éclairage allumé,Hors agglomération,Hors intersection,Normale,Deux véhicules - côté,,,,,,,,,,,5,1,1,1.0,3.0
201800046985,0018-10-23 23:15:00,18,10,23,23,15,910,161,AUTOROUTE A6,48.703,2.3072,Nuit avec éclairage allumé,Hors agglomération,Hors intersection,Normale,Deux véhicules - arrière,,,,,,,,,,,5,1,1,1.0,2.0
201800046986,0018-10-24 08:00:00,18,10,24,8,0,920,2,RN 385 INT,48.77453,2.24076,Plein jour,Hors agglomération,Hors intersection,Normale,Deux véhicules - arrière,,,,,,,,,,,1,1,1,1.0,2.0
201800046987,0018-10-24 08:45:00,18,10,24,8,45,920,2,AUTOROUTE A86,48.76007,2.27782,Plein jour,Hors agglomération,Hors intersection,Normale,Deux véhicules - côté,,,,,,,,,,,1,1,1,1.0,3.0
201800046988,0018-10-24 13:05:00,18,10,24,13,5,940,76,AUTOROUTE A6B,48.79273,2.34434,Plein jour,Hors agglomération,Hors intersection,Normale,Deux véhicules - côté,,,,,,,,,,,1,1,1,1.0,3.0
201800046989,0018-10-24 17:30:00,18,10,24,17,30,910,174,RN 104,48.6169,2.4558,Plein jour,Hors agglomération,Hors intersection,Normale,Trois véhicules et plus - en chaîne,,,,,,,,,,,1,1,1,1.0,4.0
201800046990,0018-10-24 17:00:00,18,10,24,17,0,910,161,AUTOROUTE A6,48.71926,2.31048,Plein jour,Hors agglomération,Hors intersection,Normale,Trois véhicules et plus - collisions multiples,,,,,,,,,,,1,1,1,1.0,5.0
201800046991,0018-10-25 13:45:00,18,10,25,13,45,940,38,AUTOROUTE A6A,48.78096,2.34689,Plein jour,Hors agglomération,Hors intersection,Normale,Trois véhicules et plus - en chaîne,,,,,,,,,,,1,1,1,1.0,4.0
201800046992,0018-10-25 17:25:00,18,10,25,17,25,910,377,RD 188,48.72948,2.29722,Plein jour,Hors agglomération,Hors intersection,Normale,Trois véhicules et plus - en chaîne,,,,,,,,,,,1,1,1,1.0,4.0
201800046993,0018-10-25 19:50:00,18,10,25,19,50,910,521,RN 104,48.62585,2.39754,Nuit sans éclairage public,Hors agglomération,Hors intersection,Normale,Deux véhicules - arrière,,,,,,,,,,,3,1,1,1.0,2.0
201800046994,0018-10-26 08:59:00,18,10,26,8,59,910,589,AUTOROUTE A6,48.67824,2.33622,Plein jour,Hors agglomération,Hors intersection,Normale,Deux véhicules - côté,,,,,,,,,,,1,1,1,1.0,3.0
201800046995,0018-10-26 16:45:00,18,10,26,16,45,910,659,AUTOROUTE A6,48.5826,2.4569,Plein jour,Hors agglomération,Hors intersection,Normale,Autre collision,,,,,,,,,,,1,1,1,1.0,6.0
201800046996,0018-10-26 19:20:00,18,10,26,19,20,910,64,RN 118,48.7503,2.2216,Nuit sans éclairage public,Hors agglomération,Hors intersection,Normale,Trois véhicules et plus - en chaîne,,,,,,,,,,,3,1,1,1.0,4.0
201800046997,0018-10-27 03:25:00,18,10,27,3,25,910,340,AUTOROUTE A6,48.60144,2.4384,Nuit sans éclairage public,Hors agglomération,Hors intersection,Normale,Deux véhicules - arrière,,,,,,,,,,,3,1,1,1.0,2.0
201800046998,0018-10-27 05:45:00,18,10,27,5,45,910,161,AUTOROUTE A6,48.71028,2.30729,Nuit sans éclairage public,Hors agglomération,Hors intersection,Normale,Sans collision,,,,,,,,,,,3,1,1,1.0,7.0
201800046999,0018-10-27 00:40:00,18,10,27,0,40,910,179,AUTOROUTE A6,48.54315,2.49711,Nuit sans éclairage public,Hors agglomération,Hors intersection,Normale,Autre collision,,,,,,,,,,,3,1,1,1.0,6.0
201800047000,0018-10-28 00:50:00,18,10,28,0,50,910,340,RN 104,48.609,2.434,Nuit sans éclairage public,Hors agglomération,Hors intersection,Temps couvert,Deux véhicules - frontale,,,,,,,,,,,3,1,1,8.0,1.0
201800047001,0018-10-28 05:40:00,18,10,28,5,40,910,434,AUTOROUTE A6,48.6663,2.3614,Nuit sans éclairage public,Hors agglomération,Hors intersection,Normale,Autre collision,,,,,,,,,,,3,1,1,1.0,6.0
201800047002,0018-10-28 23:45:00,18,10,28,23,45,910,86,RN 104,48.62037,2.36949,Nuit sans éclairage public,Hors agglomération,Hors intersection,Pluie légère,Deux véhicules - côté,,,,,,,,,,,3,1,1,2.0,3.0
201800047003,0018-10-29 19:05:00,18,10,29,19,5,940,3,AUTOROUTE A6A,48.80813,2.3404,Crépuscule ou aube,Hors agglomération,Hors intersection,Normale,Trois véhicules et plus - en chaîne,,,,,,,,,,,2,1,1,1.0,4.0
201800047004,0018-10-30 12:45:00,18,10,30,12,45,910,689,AUTOROUTE A6,48.7223,2.31181,Plein jour,Hors agglomération,Hors intersection,Normale,Trois véhicules et plus - en chaîne,,,,,,,,,,,1,1,1,1.0,4.0
201800047005,0018-10-31 08:51:00,18,10,31,8,51,940,34,AUTOROUTE A86,48.7601,2.3206,Plein jour,Hors agglomération,Hors intersection,Normale,Trois véhicules et plus - en chaîne,,,,,,,,,,,1,1,1,1.0,4.0
201800047006,0018-10-31 10:05:00,18,10,31,10,5,910,549,RN 104,48.62555,2.33807,Plein jour,Hors agglomération,Hors intersection,Normale,Deux véhicules - arrière,,,,,,,,,,,1,1,1,1.0,2.0
201800047007,0018-10-31 21:04:00,18,10,31,21,4,940,37,AUTOROUTE A6A,48.82606,2.35653,Nuit avec éclairage allumé,Hors agglomération,Hors intersection,Normale,Sans collision,,,,,,,,,,,5,1,1,1.0,7.0
201800047008,0018-11-01 00:41:00,18,11,1,0,41,920,19,RN 385 Extrieure,48.69876,2.31353,Nuit sans éclairage public,Hors agglomération,Hors intersection,Normale,Autre collision,,,,,,,,,,,3,1,1,1.0,6.0
201800047009,0018-11-01 18:45:00,18,11,1,18,45,750,113,AUTOROUTE A6B,48.8096,2.3527,Nuit avec éclairage non allumé,Hors agglomération,Hors intersection,Pluie légère,Autre collision,,,,,,,,,,,4,1,1,2.0,6.0
201800047010,0018-11-01 21:49:00,18,11,1,21,49,940,65,AUTOROUTE A86,48.758,2.335,Nuit sans éclairage public,Hors agglomération,Hors intersection,Temps couvert,Autre collision,,,,,,,,,,,3,1,1,8.0,6.0
201800047011,0018-11-01 22:50:00,18,11,1,22,50,910,340,RN 104,48.60863,2.43276,Nuit sans éclairage public,Hors agglomération,Hors intersection,Pluie légère,Autre collision,,,,,,,,,,,3,1,1,2.0,6.0
201800047012,0018-11-02 11:15:00,18,11,2,11,15,910,339,RN 104,48.64274,2.39135,Plein jour,Hors agglomération,Hors intersection,Normale,Deux véhicules - côté,,,,,,,,,,,1,1,1,1.0,3.0
201800047013,0018-11-02 15:30:00,18,11,2,15,30,910,377,AUTOROUTE A10,48.722,2.2962,Plein jour,Hors agglomération,Hors intersection,Normale,Trois véhicules et plus - en chaîne,,,,,,,,,,,1,1,1,1.0,4.0
201800047014,0018-11-02 19:15:00,18,11,2,19,15,910,161,AUTOROUTE A6,48.6953,2.3182,Nuit sans éclairage public,Hors agglomération,Hors intersection,Normale,Deux véhicules - côté,,,,,,,,,,,3,1,1,1.0,3.0
201800047015,0018-11-03 10:30:00,18,11,3,10,30,910,521,AUTOROUTE A6,48.6409,2.3939,Plein jour,Hors agglomération,Hors intersection,Normale,Trois véhicules et plus - en chaîne,,,,,,,,,,,1,1,1,1.0,4.0
201800047016,0018-11-04 14:30:00,18,11,4,14,30,920,2,RN 385 Extrieure,48.76059,2.28627,Plein jour,Hors agglomération,Hors intersection,Normale,Deux véhicules - arrière,,,,,,,,,,,1,1,1,1.0,2.0
201800047017,0018-11-06 03:03:00,18,11,6,3,3,920,2,AUTOROUTE A86,48.75961,2.26426,Nuit sans éclairage public,Hors agglomération,Hors intersection,Normale,Deux véhicules - arrière,,,,,,,,,,,3,1,1,1.0,2.0
201800047018,0018-11-06 09:07:00,18,11,6,9,7,920,19,RN 385 INT,48.76008,2.2535,Plein jour,Hors agglomération,Hors intersection,Normale,Trois véhicules et plus - collisions multiples,,,,,,,,,,,1,1,1,1.0,5.0
201800047019,0018-11-06 11:05:00,18,11,6,11,5,910,521,RN 104,48.62846,2.41298,Plein jour,Hors agglomération,Hors intersection,Normale,Trois véhicules et plus - en chaîne,,,,,,,,,,,1,1,1,1.0,4.0
201800047020,0018-11-07 08:50:00,18,11,7,8,50,910,161,AUTOROUTE A6,48.69868,2.31321,Plein jour,Hors agglomération,Hors intersection,Pluie légère,Deux véhicules - arrière,,,,,,,,,,,1,1,1,2.0,2.0
201800047021,0018-11-07 09:05:00,18,11,7,9,5,940,21,AUTOROUTE A6A,48.76178,2.34044,Plein jour,Hors agglomération,Hors intersection,Pluie forte,Deux véhicules - côté,,,,,,,,,,,1,1,1,3.0,3.0
201800047022,0018-11-07 13:35:00,18,11,7,13,35,910,687,AUTOROUTE A6,48.6649,2.3642,Plein jour,Hors agglomération,Hors intersection,Pluie légère,Deux véhicules - arrière,,,,,,,,,,,1,1,1,2.0,2.0
201800047023,0018-11-09 17:45:00,18,11,9,17,45,940,34,AUTOROUTE A86,48.75868,2.32469,Nuit avec éclairage allumé,Hors agglomération,Hors intersection,Normale,Deux véhicules - arrière,,,,,,,,,,,5,1,1,1.0,2.0
201800047024,0018-11-09 19:15:00,18,11,9,19,15,910,174,RN 104,48.61941,2.45876,Nuit avec éclairage non allumé,Hors agglomération,Hors intersection,Normale,Deux véhicules - arrière,,,,,,,,,,,4,1,1,1.0,2.0
201800047025,0018-11-10 08:45:00,18,11,10,8,45,910,340,RN 104,48.60874,2.4358,Plein jour,Hors agglomération,Hors intersection,Pluie légère,Autre collision,,,,,,,,,,,1,1,1,2.0,6.0
201800047026,0018-11-10 15:13:00,18,11,10,15,13,910,363,RN 104,48.65635,2.17846,Plein jour,Hors agglomération,Hors intersection,Pluie légère,Autre collision,,,,,,,,,,,1,1,1,2.0,6.0
201800047027,0018-11-10 19:25:00,18,11,10,19,25,910,377,RN20,48.71923,2.29926,Nuit avec éclairage allumé,En agglomération,Hors intersection,Normale,Autre collision,,,,,,,,,,,5,2,1,1.0,6.0
201800047028,0018-11-11 00:30:00,18,11,11,0,30,910,182,RN 104,48.62411,2.41964,Nuit sans éclairage public,Hors agglomération,Hors intersection,Pluie légère,Deux véhicules - arrière,,,,,,,,,,,3,1,1,2.0,2.0
201800047029,0018-11-11 07:00:00,18,11,11,7,0,940,76,AUTOROUTE A6B,48.79464,2.34455,Nuit sans éclairage public,Hors agglomération,Hors intersection,Pluie légère,Deux véhicules - arrière,,,,,,,,,,,3,1,1,2.0,2.0
201800047030,0018-11-11 09:35:00,18,11,11,9,35,910,521,RN 104,48.63227,2.40128,Plein jour,Hors agglomération,Hors intersection,Temps couvert,Autre collision,,,,,,,,,,,1,1,1,8.0,6.0
201800047031,0018-11-11 08:05:00,18,11,11,8,5,910,64,RN 118,48.74903,2.21332,Plein jour,Hors agglomération,Hors intersection,Pluie légère,Deux véhicules - arrière,,,,,,,,,,,1,1,1,2.0,2.0
201800047032,0018-11-11 09:00:00,18,11,11,9,0,910,161,AUTOROUTE A126,48.70887,2.30595,Plein jour,Hors agglomération,Hors intersection,Pluie légère,Sans collision,,,,,,,,,,,1,1,1,2.0,7.0
201800047033,0018-11-11 14:48:00,18,11,11,14,48,940,37,AUTOROUTE A6B,48.81542,2.35622,Plein jour,Hors agglomération,Hors intersection,Pluie légère,Sans collision,,,,,,,,,,,1,1,1,2.0,7.0
201800047034,0018-11-11 14:40:00,18,11,11,14,40,910,182,RN 104,48.60906,2.43458,Plein jour,Hors agglomération,Hors intersection,Pluie légère,Autre collision,,,,,,,,,,,1,1,1,2.0,6.0
201800047035,0018-11-11 16:10:00,18,11,11,16,10,910,228,RN 104,48.60886,2.43509,Plein jour,Hors agglomération,Hors intersection,Pluie légère,Sans collision,,,,,,,,,,,1,1,1,2.0,7.0
201800047036,0018-11-11 18:48:00,18,11,11,18,48,910,521,RN 104,48.63367,2.4008,Nuit sans éclairage public,Hors agglomération,Hors intersection,Pluie légère,Sans collision,,,,,,,,,,,3,1,1,2.0,7.0
201800047037,0018-11-11 21:45:00,18,11,11,21,45,910,136,A10 PARIS / RD188 PARIS,48.71,2.2,Nuit avec éclairage non allumé,Hors agglomération,Hors intersection,Normale,Autre collision,,,,,,,,,,,4,1,1,1.0,6.0
201800047038,0018-11-12 02:00:00,18,11,12,2,0,910,363,RN 104,48.65469,2.17743,Nuit avec éclairage non allumé,Hors agglomération,Hors intersection,Pluie légère,Autre collision,,,,,,,,,,,4,1,1,2.0,6.0
201800047039,0018-11-12 10:00:00,18,11,12,10,0,910,471,RN 118,48.71268,2.18122,Plein jour,Hors agglomération,Hors intersection,Pluie légère,Deux véhicules - côté,,,,,,,,,,,1,1,1,2.0,3.0
201800047040,0018-11-12 09:04:00,18,11,12,9,4,770,495,BRET. MELUN VERS A5a,48.59059,2.63549,Plein jour,Hors agglomération,Hors intersection,Pluie légère,Autre collision,,,,,,,,,,,1,1,1,2.0,6.0
201800047041,0018-11-14 08:16:00,18,11,14,8,16,910,339,RN 104,48.62332,2.2685,Plein jour,Hors agglomération,Hors intersection,Normale,Deux véhicules - arrière,,,,,,,,,,,1,1,1,1.0,2.0
201800047042,0018-11-14 09:20:00,18,11,14,9,20,940,34,AUTOROUTE A6A,48.75932,2.33748,Plein jour,Hors agglomération,Hors intersection,Normale,Deux véhicules - côté,,,,,,,,,,,1,1,1,1.0,3.0
201800047043,0018-11-14 16:40:00,18,11,14,16,40,940,34,AUTOROUTE A86,48.75,2.323,Plein jour,Hors agglomération,Hors intersection,Normale,Trois véhicules et plus - collisions multiples,,,,,,,,,,,1,1,1,1.0,5.0
201800047044,0018-11-14 18:55:00,18,11,14,18,55,910,161,AUTOROUTE A6,48.70425,2.30619,Nuit sans éclairage public,Hors agglomération,Hors intersection,Normale,Trois véhicules et plus - collisions multiples,,,,,,,,,,,3,1,1,1.0,5.0
201800047045,0018-11-15 00:20:00,18,11,15,0,20,940,65,AUTOROUTE A86,48.75497,2.34695,Nuit sans éclairage public,Hors agglomération,Hors intersection,Normale,Deux véhicules - arrière,,,,,,,,,,,3,1,1,1.0,2.0
201800047046,0018-11-15 18:15:00,18,11,15,18,15,940,21,AUTOROUTE A6A,48.76043,2.3383,Nuit avec éclairage non allumé,Hors agglomération,Hors intersection,Temps couvert,Deux véhicules - côté,,,,,,,,,,,4,1,1,8.0,3.0
201800047047,0018-11-15 19:40:00,18,11,15,19,40,940,3,AUTOROUTE A6A,48.79889,2.34257,Nuit sans éclairage public,Hors agglomération,Hors intersection,Normale,Trois véhicules et plus - en chaîne,,,,,,,,,,,3,1,1,1.0,4.0
201800047048,0018-11-16 07:20:00,18,11,16,7,20,910,687,AUTOROUTE A6,48.65934,2.37361,Nuit sans éclairage public,Hors agglomération,Hors intersection,Brouillard / fumée,Deux véhicules - arrière,,,,,,,,,,,3,1,1,5.0,2.0
201800047049,0018-11-16 08:00:00,18,11,16,8,0,910,521,RN 441,48.63924,2.39564,Crépuscule ou aube,Hors agglomération,Hors intersection,Brouillard / fumée,Sans collision,,,,,,,,,,,2,1,1,5.0,7.0
201800047050,0018-11-16 18:05:00,18,11,16,18,5,910,534,RN 118,48.72621,2.16584,Nuit sans éclairage public,Hors agglomération,Hors intersection,Brouillard / fumée,Sans collision,,,,,,,,,,,3,1,1,5.0,7.0
201800047051,0018-11-16 18:50:00,18,11,16,18,50,910,689,AUTOROUTE A6,48.72544,2.31306,Nuit sans éclairage public,Hors agglomération,Hors intersection,Normale,Deux véhicules - côté,,,,,,,,,,,3,1,1,1.0,3.0
201800047052,0018-06-17 00:20:00,18,6,17,0,20,910,689,AUTOROUTE A6B,48.73946,2.32009,Nuit avec éclairage non allumé,Hors agglomération,Hors intersection,Normale,Deux véhicules - arrière,,,,,,,,,,,4,1,1,1.0,2.0
201800047053,0018-11-17 07:09:00,18,11,17,7,9,910,661,RD 188 CHEVREUSE,48.69672,2.21108,Nuit sans éclairage public,Hors agglomération,Hors intersection,Normale,Deux véhicules - côté,,,,,,,,,,,3,1,1,1.0,3.0
201800047054,0018-11-18 00:40:00,18,11,18,0,40,940,34,AUTOROUTE A6A,48.75638,2.32916,Nuit sans éclairage public,Hors agglomération,Hors intersection,Normale,Sans collision,,,,,,,,,,,3,1,1,1.0,7.0
201800047055,0018-11-20 15:00:00,18,11,20,15,0,910,521,RN 449,48.63573,2.40153,Plein jour,Hors agglomération,Hors intersection,Pluie légère,Autre collision,,,,,,,,,,,1,1,1,2.0,6.0
201800047056,0018-11-20 15:05:00,18,11,20,15,5,910,86,RN 104,48.62392,2.38192,Crépuscule ou aube,Hors agglomération,Hors intersection,Pluie légère,Autre collision,,,,,,,,,,,2,1,1,2.0,6.0
201800047057,0018-11-20 19:40:00,18,11,20,19,40,940,34,AUTOROUTE A6B,48.7534,2.3323,Nuit sans éclairage public,Hors agglomération,Hors intersection,Normale,Deux véhicules - arrière,,,,,,,,,,,3,1,1,1.0,2.0
201800047058,0018-11-21 09:45:00,18,11,21,9,45,910,182,RN 104,48.6219,2.4236,Plein jour,Hors agglomération,Hors intersection,Normale,Trois véhicules et plus - collisions multiples,,,,,,,,,,,1,1,1,1.0,5.0
201800047059,0018-11-11 06:05:00,18,11,11,6,5,940,65,AUTOROUTE A106,48.74722,2.35883,Nuit sans éclairage public,Hors agglomération,Hors intersection,Normale,Deux véhicules - arrière,,,,,,,,,,,3,1,1,1.0,2.0
201800047060,0018-11-21 14:20:00,18,11,21,14,20,910,312,RD 444,48.73329,2.23326,Plein jour,Hors agglomération,Hors intersection,Normale,Deux véhicules - arrière,,,,,,,,,,,1,1,1,1.0,2.0
201800047061,0018-11-21 20:30:00,18,11,21,20,30,910,689,AUTOROUTE A6,48.72116,2.31134,Nuit sans éclairage public,Hors agglomération,Hors intersection,Normale,Trois véhicules et plus - en chaîne,,,,,,,,,,,3,1,1,1.0,4.0
201800047062,0018-11-22 09:45:00,18,11,22,9,45,910,182,AUTOROUTE A6,48.6287,2.41162,Plein jour,Hors agglomération,Hors intersection,Normale,Trois véhicules et plus - collisions multiples,,,,,,,,,,,1,1,1,1.0,5.0
201800047063,0018-11-22 17:18:00,18,11,22,17,18,910,534,RN 118,48.71533,2.17321,Nuit sans éclairage public,Hors agglomération,Hors intersection,Brouillard / fumée,Trois véhicules et plus - en chaîne,,,,,,,,,,,3,1,1,5.0,4.0
201800047064,0018-11-23 17:25:00,18,11,23,17,25,910,182,RN 104,48.62592,2.39841,Nuit sans éclairage public,Hors agglomération,Hors intersection,Brouillard / fumée,Autre collision,,,,,,,,,,,3,1,1,5.0,6.0
201800047065,0018-11-23 19:05:00,18,11,23,19,5,910,377,AUTOROUTE A10,48.72659,2.30249,Nuit sans éclairage public,Hors agglomération,Hors intersection,Temps couvert,Deux véhicules - côté,,,,,,,,,,,3,1,1,8.0,3.0
201800047066,0018-11-23 20:30:00,18,11,23,20,30,910,64,RN 118,48.76388,2.22508,Nuit sans éclairage public,Hors agglomération,Hors intersection,Pluie légère,Deux véhicules - côté,,,,,,,,,,,3,1,1,2.0,3.0
201800047067,0018-11-23 21:35:00,18,11,23,21,35,910,64,RN 118,48.74374,2.18992,Nuit sans éclairage public,Hors agglomération,Hors intersection,Pluie forte,Autre collision,,,,,,,,,,,3,1,1,3.0,6.0
201800047068,0018-11-24 17:00:00,18,11,24,17,0,910,471,RN 118,48.70712,2.19077,Plein jour,Hors agglomération,Hors intersection,Normale,Sans collision,,,,,,,,,,,1,1,1,1.0,7.0
201800047069,0018-11-25 08:16:00,18,11,25,8,16,910,363,RN 104,48.63428,2.21977,Plein jour,Hors agglomération,Hors intersection,Pluie légère,Autre collision,,,,,,,,,,,1,1,1,2.0,6.0
201800047070,0018-11-25 13:20:00,18,11,25,13,20,910,136,RD188 PROVINCE / A10 PAR,48.71709,2.26781,Plein jour,Hors agglomération,Hors intersection,Pluie légère,Autre collision,,,,,,,,,,,1,1,1,2.0,6.0
201800047071,0018-11-25 16:00:00,18,11,25,16,0,940,34,AUTOROUTE A86,48.758,2.3351,Plein jour,Hors agglomération,Hors intersection,Pluie légère,Autre collision,,,,,,,,,,,1,1,1,2.0,6.0
201800047072,0018-11-26 00:58:00,18,11,26,0,58,940,34,AUTOROUTE A86,48.75496,2.33326,Nuit sans éclairage public,Hors agglomération,Hors intersection,Pluie légère,Autre collision,,,,,,,,,,,3,1,1,2.0,6.0
201800047073,0018-11-27 07:00:00,18,11,27,7,0,910,161,AUTOROUTE A6,48.713,2.3084,Nuit sans éclairage public,Hors agglomération,Hors intersection,Normale,Deux véhicules - côté,,,,,,,,,,,3,1,1,1.0,3.0
201800047074,0018-11-27 19:05:00,18,11,27,19,5,910,182,AUTOROUTE A6,48.62353,2.42028,Nuit sans éclairage public,Hors agglomération,Hors intersection,Pluie légère,Trois véhicules et plus - en chaîne,,,,,,,,,,,3,1,1,2.0,4.0
201800047075,0018-11-27 20:15:00,18,11,27,20,15,910,86,RN 104,48.6237,2.38186,Nuit sans éclairage public,Hors agglomération,Hors intersection,Normale,Deux véhicules - arrière,,,,,,,,,,,3,1,1,1.0,2.0
201800047076,0018-11-28 07:15:00,18,11,28,7,15,910,589,AUTOROUTE A6,48.6795,2.3337,Nuit sans éclairage public,Hors agglomération,Hors intersection,Pluie légère,Deux véhicules - côté,,,,,,,,,,,3,1,1,2.0,3.0
201800047077,0018-11-28 09:40:00,18,11,28,9,40,910,589,AUTOROUTE A6,48.675,2.3415,Plein jour,Hors agglomération,Hors intersection,Pluie légère,Trois véhicules et plus - collisions multiples,,,,,,,,,,,1,1,1,2.0,5.0
201800047078,0018-11-28 08:15:00,18,11,28,8,15,910,377,AUTOROUTE A10,48.7195,2.2935,Plein jour,Hors agglomération,Hors intersection,Normale,Deux véhicules - côté,,,,,,,,,,,1,1,1,1.0,3.0
201800047079,0018-11-28 09:45:00,18,11,28,9,45,910,235,RN 104,48.6243,2.3674,Plein jour,Hors agglomération,Hors intersection,Pluie légère,Autre collision,,,,,,,,,,,1,1,1,2.0,6.0
201800047080,0018-11-28 11:05:00,18,11,28,11,5,910,174,RN 104,48.61941,2.45923,Plein jour,Hors agglomération,Hors intersection,Pluie légère,Deux véhicules - côté,,,,,,,,,,,1,1,1,2.0,3.0
201800047081,0018-11-28 17:50:00,18,11,28,17,50,910,521,RN 104,48.62601,2.39797,Nuit sans éclairage public,Hors agglomération,Hors intersection,Pluie légère,Trois véhicules et plus - en chaîne,,,,,,,,,,,3,1,1,2.0,4.0
201800047082,0018-11-28 19:10:00,18,11,28,19,10,940,21,AUTOROUTE A6A,48.76879,2.34472,Nuit sans éclairage public,Hors agglomération,Hors intersection,Normale,Deux véhicules - côté,,,,,,,,,,,3,1,1,1.0,3.0
201800047083,0018-11-28 20:30:00,18,11,28,20,30,940,38,AUTOROUTE A6B,48.77948,2.34689,Nuit avec éclairage non allumé,Hors agglomération,Hors intersection,Normale,Deux véhicules - arrière,,,,,,,,,,,4,1,1,1.0,2.0
201800047084,0018-11-28 19:40:00,18,11,28,19,40,940,38,AUTOROUTE A6A,48.78042,2.34668,Nuit sans éclairage public,Hors agglomération,Hors intersection,Pluie légère,Deux véhicules - arrière,,,,,,,,,,,3,1,1,2.0,2.0
201800047085,0018-11-29 08:15:00,18,11,29,8,15,910,136,AUTOROUTE A10,48.71648,2.26487,Plein jour,Hors agglomération,Hors intersection,Normale,Deux véhicules - arrière,,,,,,,,,,,1,1,1,1.0,2.0
201800047086,0018-11-29 19:25:00,18,11,29,19,25,910,174,RN 104,48.61224,2.44906,Nuit sans éclairage public,Hors agglomération,Hors intersection,Normale,Deux véhicules - côté,,,,,,,,,,,3,1,1,1.0,3.0
201800047087,0018-11-30 08:29:00,18,11,30,8,29,910,345,AUTOROUTE A6,48.68832,2.32483,Crépuscule ou aube,Hors agglomération,Hors intersection,Normale,Trois véhicules et plus - en chaîne,,,,,,,,,,,2,1,1,1.0,4.0
201800047088,0018-11-30 07:58:00,18,11,30,7,58,770,251,RN104 INT,48.63214,2.52771,Crépuscule ou aube,Hors agglomération,Autre intersection,Normale,Trois véhicules et plus - collisions multiples,,,,,,,,,,,2,1,9,1.0,5.0
201800047089,0018-11-30 10:20:00,18,11,30,10,20,910,477,AUTOROUTE A126,48.7229,2.2483,Plein jour,Hors agglomération,Hors intersection,Normale,Deux véhicules - côté,,,,,,,,,,,1,1,1,1.0,3.0
201800047090,0018-11-30 09:35:00,18,11,30,9,35,910,471,RN 118,48.69806,2.19227,Plein jour,Hors agglomération,Hors intersection,Normale,Deux véhicules - côté,,,,,,,,,,,1,1,1,1.0,3.0
201800047091,0018-11-30 17:17:00,18,11,30,17,17,920,2,AUTOROUTE A6,48.73706,2.31724,Nuit sans éclairage public,Hors agglomération,Hors intersection,Normale,Deux véhicules - arrière,,,,,,,,,,,3,1,1,1.0,2.0
201800047092,0018-11-30 17:45:00,18,11,30,17,45,910,64,RN 118,48.74918,2.2117,Crépuscule ou aube,Hors agglomération,Hors intersection,Normale,Deux véhicules - arrière,,,,,,,,,,,2,1,1,1.0,2.0
201800047093,0018-12-01 13:45:00,18,12,1,13,45,910,136,AUTOROUTE A10,48.7108,2.2884,Plein jour,Hors agglomération,Hors intersection,Pluie légère,Autre collision,,,,,,,,,,,1,1,1,2.0,6.0
201800047094,0018-12-01 17:55:00,18,12,1,17,55,770,251,AUTOROUTE A5A,48.62761,2.53817,Nuit sans éclairage public,Hors agglomération,Autre intersection,Pluie légère,Deux véhicules - arrière,,,,,,,,,,,3,1,9,2.0,2.0
201800047095,0018-12-01 22:50:00,18,12,1,22,50,910,161,AUTOROUTE A6,48.693,2.32,Nuit sans éclairage public,Hors agglomération,Hors intersection,Pluie légère,Autre collision,,,,,,,,,,,3,1,1,2.0,6.0
201800047096,0018-12-02 03:35:00,18,12,2,3,35,940,34,AUTOROUTE A86,48.75888,2.33665,Nuit avec éclairage allumé,Hors agglomération,Hors intersection,Pluie légère,Autre collision,,,,,,,,,,,5,1,1,2.0,6.0
201800047097,0018-12-03 08:13:00,18,12,3,8,13,910,174,RN 104,48.62504,2.47115,Plein jour,Hors agglomération,Hors intersection,Normale,Sans collision,,,,,,,,,,,1,1,1,1.0,7.0
201800047098,0018-12-03 15:10:00,18,12,3,15,10,910,477,AUTOROUTE A126,48.72578,2.23682,Plein jour,Hors agglomération,Hors intersection,Temps couvert,Deux véhicules - frontale,,,,,,,,,,,1,1,1,8.0,1.0