accident_id,datetime,annee,mois,jour,heure,minute,departement,commune_insee,adresse,latitude,longitude,luminosite,agglomeration,intersection,meteo,collision,nb_vehicules,nb_usagers,nb_indemnes,nb_tues,nb_blesses_hosp,nb_blesses_legers,age_cond_1,age_cond_2,veh_type_cond_1,veh_type_cond_2,lum_code,agg_code,int_code,atm_code,col_code
201800047099,0018-12-04 08:00:00,18,12,4,8,0,910,377,AUTOROUTE A10,48.71913,2.23373,Plein jour,Hors agglomération,Hors intersection,Pluie légère,Sans collision,,,,,,,,,,,1,1,1,2.0,7.0
201800047100,0018-12-05 17:05:00,18,12,5,17,5,910,339,RN 104,48.62555,2.26238,Crépuscule ou aube,Hors agglomération,Hors intersection,Normale,Trois véhicules et plus - en chaîne,,,,,,,,,,,2,1,1,1.0,4.0
201800047101,0018-12-06 05:40:00,18,12,6,5,40,910,689,AUTOROUTE A6B,48.74057,2.32073,Nuit sans éclairage public,Hors agglomération,Hors intersection,Pluie légère,Deux véhicules - arrière,,,,,,,,,,,3,1,1,2.0,2.0
201800047102,0018-12-06 15:30:00,18,12,6,15,30,910,64,RN 118,48.75,2.20656,Plein jour,Hors agglomération,Hors intersection,Normale,Autre collision,,,,,,,,,,,1,1,1,1.0,6.0
201800047103,0018-12-06 17:30:00,18,12,6,17,30,910,589,AUTOROUTE A6,48.67525,2.34158,Nuit sans éclairage public,Hors agglomération,Hors intersection,Normale,Deux véhicules - arrière,,,,,,,,,,,3,1,1,1.0,2.0
201800047104,0018-12-07 08:59:00,18,12,7,8,59,910,161,AUTOROUTE A6,48.70085,2.30987,Plein jour,Hors agglomération,Hors intersection,Pluie légère,Trois véhicules et plus - collisions multiples,,,,,,,,,,,1,1,1,2.0,5.0
201800047105,0018-12-07 16:00:00,18,12,7,16,0,910,689,AUTOROUTE A6,48.7225,2.3117,Plein jour,Hors agglomération,Hors intersection,Normale,Deux véhicules - arrière,,,,,,,,,,,1,1,1,1.0,2.0
201800047106,0018-12-08 01:40:00,18,12,8,1,40,910,161,AUTOROUTE A6,48.70216,2.30776,Nuit avec éclairage allumé,Hors agglomération,Hors intersection,Normale,Deux véhicules - arrière,,,,,,,,,,,5,1,1,1.0,2.0
201800047107,0018-12-08 19:50:00,18,12,8,19,50,910,689,AUTOROUTE A6,48.73314,2.31583,Nuit sans éclairage public,Hors agglomération,Hors intersection,Pluie légère,Trois véhicules et plus - en chaîne,,,,,,,,,,,3,1,1,2.0,4.0
201800047108,0018-12-09 16:29:00,18,12,9,16,29,940,37,AUTOROUTE A6B,48.81528,2.3563,Plein jour,Hors agglomération,Hors intersection,Normale,Deux véhicules - arrière,,,,,,,,,,,1,1,1,1.0,2.0
201800047109,0018-12-10 09:00:00,18,12,10,9,0,910,645,RN 385 Extrieure,48.4516,2.167,Plein jour,Hors agglomération,Hors intersection,Normale,Sans collision,,,,,,,,,,,1,1,1,1.0,7.0
201800047110,0018-12-10 10:50:00,18,12,10,10,50,910,216,AUTOROUTE A6,48.6836,2.3288,Plein jour,Hors agglomération,Hors intersection,Pluie légère,Sans collision,,,,,,,,,,,1,1,1,2.0,7.0
201800047111,0018-12-10 18:00:00,18,12,10,18,0,910,286,AUTOROUTE A6,48.64668,2.38748,Nuit sans éclairage public,Hors agglomération,Hors intersection,Normale,Deux véhicules - arrière,,,,,,,,,,,3,1,1,1.0,2.0
201800047112,0018-12-10 20:10:00,18,12,10,20,10,910,64,RN 118,48.74917,2.21341,Nuit avec éclairage allumé,Hors agglomération,Hors intersection,Normale,Deux véhicules - arrière,,,,,,,,,,,5,1,1,1.0,2.0
201800047113,0018-12-11 09:22:00,18,12,11,9,22,910,589,AUTOROUTE A6,48.6788,2.33489,Plein jour,Hors agglomération,Hors intersection,Normale,Deux véhicules - arrière,,,,,,,,,,,1,1,1,1.0,2.0
201800047114,0018-12-11 18:03:00,18,12,11,18,3,910,174,RN 104,48.61967,2.45951,Nuit sans éclairage public,Hors agglomération,Hors intersection,Normale,Deux véhicules - côté,,,,,,,,,,,3,1,1,1.0,3.0
201800047115,0018-12-11 20:10:00,18,12,11,20,10,910,617,RN 104,48.63989,2.53505,Nuit sans éclairage public,Hors agglomération,Hors intersection,Normale,Sans collision,,,,,,,,,,,3,1,1,1.0,7.0
201800047116,0018-12-12 17:30:00,18,12,12,17,30,940,34,AUTOROUTE A86,48.75972,2.32174,Nuit avec éclairage allumé,Hors agglomération,Hors intersection,Normale,Trois véhicules et plus - en chaîne,,,,,,,,,,,5,1,1,1.0,4.0
201800047117,0018-12-12 18:05:00,18,12,12,18,5,910,340,AUTOROUTE A6,48.6037,2.43733,Nuit sans éclairage public,Hors agglomération,Hors intersection,Normale,Deux véhicules - arrière,,,,,,,,,,,3,1,1,1.0,2.0
201800047118,0018-12-13 09:00:00,18,12,13,9,0,910,589,AUTOROUTE A6,48.6713,2.3465,Plein jour,Hors agglomération,Hors intersection,Normale,Trois véhicules et plus - collisions multiples,,,,,,,,,,,1,1,1,1.0,5.0
201800047119,0018-12-13 10:20:00,18,12,13,10,20,770,495,AUTOROUTE A5a,48.5938,2.62509,Plein jour,Hors agglomération,Hors intersection,Normale,Autre collision,,,,,,,,,,,1,1,1,1.0,6.0
201800047120,0018-12-13 18:50:00,18,12,13,18,50,910,477,AUTOROUTE A126,48.71694,2.26397,Nuit sans éclairage public,Hors agglomération,Hors intersection,Normale,Autre collision,,,,,,,,,,,3,1,1,1.0,6.0
201800047121,0018-12-13 21:50:00,18,12,13,21,50,910,553,RN 104,48.62449,2.46985,Nuit sans éclairage public,Hors agglomération,Hors intersection,Normale,Trois véhicules et plus - en chaîne,,,,,,,,,,,3,1,1,1.0,4.0
201800047122,0018-12-14 17:20:00,18,12,14,17,20,910,689,AUTOROUTE A6,48.7286,2.314,Nuit sans éclairage public,Hors agglomération,Hors intersection,Normale,Deux véhicules - arrière,,,,,,,,,,,3,1,1,1.0,2.0
201800047123,0018-12-14 19:50:00,18,12,14,19,50,910,689,AUTOROUTE A6,48.7263,2.3135,Nuit sans éclairage public,Hors agglomération,Hors intersection,Normale,Trois véhicules et plus - en chaîne,,,,,,,,,,,3,1,1,1.0,4.0
201800047124,0018-12-15 20:05:00,18,12,15,20,5,940,37,AUTOROUTE A6B,48.81016,2.34964,Nuit avec éclairage allumé,Hors agglomération,Hors intersection,Pluie légère,Deux véhicules - arrière,,,,,,,,,,,5,1,1,2.0,2.0
201800047125,0018-12-15 20:15:00,18,12,15,20,15,940,3,AUTOROUTE A6A,48.80468,2.34186,Nuit avec éclairage allumé,Hors agglomération,Hors intersection,Pluie forte,Trois véhicules et plus - en chaîne,,,,,,,,,,,5,1,1,3.0,4.0
201800047126,0018-12-15 23:00:00,18,12,15,23,0,940,3,AUTOROUTE A6A,48.80951,2.33924,Nuit avec éclairage non allumé,Hors agglomération,Hors intersection,Pluie forte,Sans collision,,,,,,,,,,,4,1,1,3.0,7.0
201800047127,0018-12-17 08:19:00,18,12,17,8,19,910,345,AUTOROUTE A6,48.69899,2.31386,Plein jour,Hors agglomération,Hors intersection,Normale,Deux véhicules - côté,,,,,,,,,,,1,1,1,1.0,3.0
201800047128,0018-12-17 06:47:00,18,12,17,6,47,910,174,RN 104,48.62098,2.46157,Nuit sans éclairage public,Hors agglomération,Hors intersection,Normale,Trois véhicules et plus - en chaîne,,,,,,,,,,,3,1,1,1.0,4.0
201800047129,0018-12-17 09:10:00,18,12,17,9,10,910,534,RN 118,48.72268,2.16819,Plein jour,Hors agglomération,Hors intersection,Normale,Deux véhicules - côté,,,,,,,,,,,1,1,1,1.0,3.0
201800047130,0018-12-17 18:13:00,18,12,17,18,13,910,689,AUTOROUTE A6,48.74319,2.3224,Nuit sans éclairage public,Hors agglomération,Hors intersection,Normale,Deux véhicules - côté,,,,,,,,,,,3,1,1,1.0,3.0
201800047131,0018-12-18 12:05:00,18,12,18,12,5,910,174,RN 104,48.62059,2.46068,Plein jour,Hors agglomération,Hors intersection,Normale,Trois véhicules et plus - collisions multiples,,,,,,,,,,,1,1,1,1.0,5.0
201800047132,0018-12-18 17:08:00,18,12,18,17,8,940,34,AUTOROUTE A86,48.76009,2.32086,Nuit avec éclairage allumé,Hors agglomération,Hors intersection,Normale,Trois véhicules et plus - collisions multiples,,,,,,,,,,,5,1,1,1.0,5.0
201800047133,0018-12-18 18:00:00,18,12,18,18,0,910,339,RN 104,48.62893,2.25551,Nuit sans éclairage public,Hors agglomération,Hors intersection,Normale,Deux véhicules - arrière,,,,,,,,,,,3,1,1,1.0,2.0
201800047134,0018-12-19 13:00:00,18,12,19,13,0,910,182,RN 104,48.61848,2.42673,Plein jour,Hors agglomération,Hors intersection,Normale,Deux véhicules - arrière,,,,,,,,,,,1,1,1,1.0,2.0
201800047135,0018-12-20 07:30:00,18,12,20,7,30,910,161,AUTOROUTE A6,48.7077,2.3064,Crépuscule ou aube,Hors agglomération,Hors intersection,Normale,Trois véhicules et plus - en chaîne,,,,,,,,,,,2,1,1,1.0,4.0
201800047136,0018-12-20 12:05:00,18,12,20,12,5,940,34,AUTOROUTE A6A,48.75831,2.326,Plein jour,Hors agglomération,Hors intersection,Normale,Trois véhicules et plus - en chaîne,,,,,,,,,,,1,1,1,1.0,4.0
201800047137,0018-12-20 16:00:00,18,12,20,16,0,910,689,AUTOROUTE A6B,48.7444,2.3226,Plein jour,Hors agglomération,Hors intersection,Normale,Deux véhicules - côté,,,,,,,,,,,1,1,1,1.0,3.0
201800047138,0018-12-20 17:00:00,18,12,20,17,0,910,340,RN 104,48.6091,2.4394,Plein jour,Hors agglomération,Hors intersection,Normale,Deux véhicules - côté,,,,,,,,,,,1,1,1,1.0,3.0
201800047139,0018-12-21 12:30:00,18,12,21,12,30,920,2,AUTOROUTE A10,48.73208,2.31093,Plein jour,Hors agglomération,Hors intersection,Pluie légère,Autre collision,,,,,,,,,,,1,1,1,2.0,6.0
201800047140,0018-12-21 14:35:00,18,12,21,14,35,910,477,AUTOROUTE A10,48.71476,2.2578,Plein jour,Hors agglomération,Hors intersection,Pluie légère,Deux véhicules - arrière,,,,,,,,,,,1,1,1,2.0,2.0
201800047141,0018-12-21 14:06:00,18,12,21,14,6,940,37,AUTOROUTE A6B,48.81102,2.3503,Plein jour,Hors agglomération,Hors intersection,Pluie légère,Trois véhicules et plus - collisions multiples,,,,,,,,,,,1,1,1,2.0,5.0
201800047142,0018-12-21 16:25:00,18,12,21,16,25,940,34,AUTOROUTE A86,48.76017,2.32068,Plein jour,Hors agglomération,Hors intersection,Normale,Sans collision,,,,,,,,,,,1,1,1,1.0,7.0
201800047143,0018-12-21 22:15:00,18,12,21,22,15,940,21,AUTOROUTE A6A,48.793,2.34,Nuit sans éclairage public,Hors agglomération,Hors intersection,Pluie légère,Deux véhicules - côté,,,,,,,,,,,3,1,1,2.0,3.0
201800047144,0018-12-22 06:25:00,18,12,22,6,25,910,553,RN 104,48.6255,2.4723,Nuit sans éclairage public,Hors agglomération,Hors intersection,Normale,Deux véhicules - arrière,,,,,,,,,,,3,1,1,1.0,2.0
201800047145,0018-12-23 19:52:00,18,12,23,19,52,910,340,RN 104,48.6108,2.44401,Nuit sans éclairage public,Hors agglomération,Hors intersection,Normale,Autre collision,,,,,,,,,,,3,1,1,1.0,6.0
201800047146,0018-12-23 23:20:00,18,12,23,23,20,910,661,AUTOROUTE A10,48.69983,2.24565,Nuit sans éclairage public,Hors agglomération,Hors intersection,Normale,Autre collision,,,,,,,,,,,3,1,1,1.0,6.0
201800047147,0018-12-24 09:20:00,18,12,24,9,20,910,363,RN 118,48.66951,2.19439,Plein jour,Hors agglomération,Hors intersection,Pluie légère,Sans collision,,,,,,,,,,,1,1,1,2.0,7.0
201800047148,0018-12-24 23:50:00,18,12,24,23,50,910,340,AUTOROUTE A6,48.59602,2.44228,Nuit sans éclairage public,Hors agglomération,Hors intersection,Normale,Sans collision,,,,,,,,,,,3,1,1,1.0,7.0
201800047149,0018-12-25 07:35:00,18,12,25,7,35,910,64,RN 118,48.64295,2.2828,Nuit sans éclairage public,Hors agglomération,Hors intersection,Normale,Autre collision,,,,,,,,,,,3,1,1,1.0,6.0
201800047150,0018-12-25 12:00:00,18,12,25,12,0,910,182,RN 104,48.61371,2.43089,Plein jour,Hors agglomération,Hors intersection,Normale,Deux véhicules - arrière,,,,,,,,,,,1,1,1,1.0,2.0
201800047151,0018-12-26 16:30:00,18,12,26,16,30,910,174,RN 104,48.62164,2.46271,Plein jour,Hors agglomération,Hors intersection,Normale,Trois véhicules et plus - en chaîne,,,,,,,,,,,1,1,1,1.0,4.0
201800047152,0018-12-26 19:30:00,18,12,26,19,30,910,174,RN 104,48.378,2.273,Nuit sans éclairage public,Hors agglomération,Hors intersection,Normale,Trois véhicules et plus - en chaîne,,,,,,,,,,,3,1,1,1.0,4.0
201800047153,0018-12-27 21:40:00,18,12,27,21,40,910,687,AUTOROUTE A6,48.66416,2.3653,Nuit sans éclairage public,Hors agglomération,Hors intersection,Normale,Deux véhicules - arrière,,,,,,,,,,,3,1,1,1.0,2.0
201800047154,0018-12-28 11:00:00,18,12,28,11,0,910,161,AUTOROUTE A126,48.7108,2.2989,Plein jour,Hors agglomération,Hors intersection,Normale,Deux véhicules - arrière,,,,,,,,,,,1,1,1,1.0,2.0
201800047155,0018-12-28 15:47:00,18,12,28,15,47,910,570,RN 104,48.62491,2.31184,Plein jour,Hors agglomération,Hors intersection,Normale,Deux véhicules - arrière,,,,,,,,,,,1,1,1,1.0,2.0
201800047156,0018-12-29 03:20:00,18,12,29,3,20,910,689,AUTOROUTE A6,48.72973,2.31473,Nuit sans éclairage public,Hors agglomération,Hors intersection,Normale,Deux véhicules - arrière,,,,,,,,,,,3,1,1,1.0,2.0
201800047157,0018-12-31 08:30:00,18,12,31,8,30,940,34,AUTOROUTE A86,48.75773,2.33497,Plein jour,Hors agglomération,Hors intersection,Pluie légère,Autre collision,,,,,,,,,,,1,1,1,2.0,6.0
201800047158,0018-12-31 15:30:00,18,12,31,15,30,940,3,AUTOROUTE A6B,48.7932,2.3452,Plein jour,Hors agglomération,Hors intersection,Normale,Deux véhicules - arrière,,,,,,,,,,,1,1,1,1.0,2.0
201800047159,0018-01-02 14:50:00,18,1,2,14,50,202,353,RD POINT TOGA,42.70866,9.45381,Plein jour,En agglomération,Giratoire,Temps couvert,Autre collision,,,,,,,,,,,1,2,6,8.0,6.0
201800047160,0018-01-06 13:40:00,18,1,6,13,40,202,33,Rte Front de Mer,42.69021,9.44869,Plein jour,En agglomération,Hors intersection,Normale,Trois véhicules et plus - collisions multiples,,,,,,,,,,,1,2,1,1.0,5.0
201800047161,0018-01-08 09:35:00,18,1,8,9,35,202,37,Rue V. d'Istria,42.62427,9.43346,Plein jour,En agglomération,Hors intersection,Temps couvert,Autre collision,,,,,,,,,,,1,2,1,8.0,6.0
201800047162,0018-01-09 18:00:00,18,1,9,18,0,202,37,RT11,42.62775,9.43732,Crépuscule ou aube,En agglomération,Hors intersection,Normale,Trois véhicules et plus - en chaîne,,,,,,,,,,,2,2,1,1.0,4.0
201800047163,0018-01-11 10:55:00,18,1,11,10,55,202,120,T11,42.63634,9.43866,Plein jour,En agglomération,Hors intersection,Pluie légère,Deux véhicules - frontale,,,,,,,,,,,1,2,1,2.0,1.0
201800047164,0018-01-13 11:58:00,18,1,13,11,58,202,120,Place de l'Eglise,42.6584,9.41379,Plein jour,En agglomération,Hors intersection,Vent fort / tempête,Autre collision,,,,,,,,,,,1,2,1,6.0,6.0
201800047165,0018-01-14 03:53:00,18,1,14,3,53,202,33,MIOT - RUE,42.69934,9.45027,Nuit avec éclairage allumé,En agglomération,Intersection en X,Normale,Deux véhicules - frontale,,,,,,,,,,,5,2,2,1.0,1.0
201800047166,0018-01-15 12:40:00,18,1,15,12,40,202,33,PAOLI DU NR 21 AU 45 -BL,42.69943,9.44972,Plein jour,En agglomération,Intersection en X,Normale,Deux véhicules - côté,,,,,,,,,,,1,2,2,1.0,3.0
201800047167,0018-01-19 18:00:00,18,1,19,18,0,202,37,T11,42.61879,9.43704,Nuit avec éclairage allumé,En agglomération,Hors intersection,Normale,Sans collision,,,,,,,,,,,5,2,1,1.0,7.0
201800047168,0018-01-26 17:55:00,18,1,26,17,55,202,33,AV DE LA LIBERATION,42.68238,9.44423,Nuit sans éclairage public,En agglomération,Autre intersection,Normale,Autre collision,,,,,,,,,,,3,2,9,1.0,6.0
201800047169,0018-01-28 11:25:00,18,1,28,11,25,202,33,Rue François Lota,42.66362,9.43946,Plein jour,En agglomération,Hors intersection,Normale,Deux véhicules - côté,,,,,,,,,,,1,2,1,1.0,3.0
201800047170,0018-01-29 14:00:00,18,1,29,14,0,202,33,VEZZANI - RUE CESAR,42.6871,9.44578,Plein jour,En agglomération,Passage à niveau,Normale,Autre collision,,,,,,,,,,,1,2,8,1.0,6.0
201800047171,0018-01-31 16:00:00,18,1,31,16,0,202,120,IMPERIALE (Route),42.66261,9.43437,Plein jour,En agglomération,Hors intersection,Normale,Deux véhicules - arrière,,,,,,,,,,,1,2,1,1.0,2.0
201800047172,0018-01-31 17:15:00,18,1,31,17,15,202,33,TUNNEL,42.69468,9.45228,Plein jour,En agglomération,Hors intersection,Normale,Trois véhicules et plus - en chaîne,,,,,,,,,,,1,2,1,1.0,4.0
201800047173,0018-02-03 19:55:00,18,2,3,19,55,202,33,ROUTE ROYALE,42.68191,9.42207,Nuit sans éclairage public,Hors agglomération,Hors intersection,Normale,Deux véhicules - côté,,,,,,,,,,,3,1,1,1.0,3.0
201800047174,0018-02-08 07:57:00,18,2,8,7,57,202,120,Av. Sampiero Corso T11,42.65492,9.44117,Crépuscule ou aube,En agglomération,Hors intersection,Temps éblouissant,Deux véhicules - arrière,,,,,,,,,,,2,2,1,7.0,2.0
201800047175,0018-02-08 12:55:00,18,2,8,12,55,202,353,CAP - ROUTE DU CAP,42.71529,9.45548,Plein jour,Hors agglomération,Hors intersection,Normale,Deux véhicules - côté,,,,,,,,,,,1,1,1,1.0,3.0
201800047176,0018-02-13 10:00:00,18,2,13,10,0,202,33,"1, PAOLI DU NR 1 A 20 -",42.69574,9.44709,Plein jour,En agglomération,Hors intersection,Pluie légère,Autre collision,,,,,,,,,,,1,2,1,2.0,6.0
201800047177,0018-02-22 19:00:00,18,2,22,19,0,202,33,SARI - AV EMILE,42.70222,9.45122,Nuit avec éclairage allumé,En agglomération,Hors intersection,Pluie forte,Autre collision,,,,,,,,,,,5,2,1,3.0,6.0
201800047178,0018-02-26 09:45:00,18,2,26,9,45,202,33,TOUTES RUES,42.67209,9.44261,Plein jour,En agglomération,Hors intersection,Temps couvert,Deux véhicules - arrière,,,,,,,,,,,1,2,1,8.0,2.0
201800047179,0018-03-01 12:25:00,18,3,1,12,25,202,33,ROUTE ROYALE,42.67877,9.43107,Plein jour,En agglomération,Giratoire,Brouillard / fumée,Autre collision,,,,,,,,,,,1,2,6,5.0,6.0
201800047180,0018-03-03 23:06:00,18,3,3,23,6,202,33,AV DE LA LIBERATION,42.67834,9.44306,Nuit avec éclairage allumé,En agglomération,Giratoire,Vent fort / tempête,Trois véhicules et plus - en chaîne,,,,,,,,,,,5,2,6,6.0,4.0
201800047181,0018-03-04 16:10:00,18,3,4,16,10,202,33,"179, AV DE LA LIBERATION",42.68425,9.44486,Plein jour,En agglomération,Hors intersection,Pluie légère,Deux véhicules - arrière,,,,,,,,,,,1,2,1,2.0,2.0
201800047182,0018-03-04 19:55:00,18,3,4,19,55,202,33,ROUTE ROYALE,42.67642,9.4413,Nuit avec éclairage allumé,En agglomération,Hors intersection,Pluie légère,Deux véhicules - arrière,,,,,,,,,,,5,2,1,2.0,2.0
201800047183,0018-03-15 19:05:00,18,3,15,19,5,202,33,TUNNEL,,,Nuit avec éclairage allumé,En agglomération,Hors intersection,Normale,Deux véhicules - arrière,,,,,,,,,,,5,2,1,1.0,2.0
201800047184,0018-03-23 11:10:00,18,3,23,11,10,202,33,Parking livraison U,42.67551,9.43779,Plein jour,En agglomération,Hors intersection,Normale,Autre collision,,,,,,,,,,,1,2,1,1.0,6.0
201800047185,0018-03-25 07:50:00,18,3,25,7,50,202,120,"0, IMPERIALE (Route) D46",42.63787,9.43387,Crépuscule ou aube,En agglomération,Intersection en X,Normale,Deux véhicules - côté,,,,,,,,,,,2,2,2,1.0,3.0
201800047186,0018-03-28 09:30:00,18,3,28,9,30,202,33,RD POINT TOGA,42.70832,9.45373,Plein jour,En agglomération,Giratoire,Normale,Deux véhicules - arrière,,,,,,,,,,,1,2,6,1.0,2.0
201800047187,0018-03-31 11:40:00,18,3,31,11,40,202,33,SEBASTIANI  - AVENUE,42.70242,9.44955,Plein jour,En agglomération,Hors intersection,Pluie légère,Autre collision,,,,,,,,,,,1,2,1,2.0,6.0
201800047188,0018-03-30 16:17:00,18,3,30,16,17,202,33,ST FLORENT-ANCIENNE RT D,42.68276,9.42205,Plein jour,En agglomération,Intersection en T,Normale,Deux véhicules - frontale,,,,,,,,,,,1,2,3,1.0,1.0
201800047189,0018-04-02 05:11:00,18,4,2,5,11,202,33,ERBAJOLO,42.66332,9.44193,Nuit avec éclairage allumé,Hors agglomération,Giratoire,Normale,Sans collision,,,,,,,,,,,5,1,6,1.0,7.0
201800047190,0018-04-02 19:20:00,18,4,2,19,20,202,33,AV DE LA LIBERATION,42.67954,9.44334,Plein jour,En agglomération,Intersection en T,Normale,Deux véhicules - côté,,,,,,,,,,,1,2,3,1.0,3.0
201800047191,0018-04-09 20:20:00,18,4,9,20,20,202,33,SAMPIERO CORSO - AV,42.67085,9.44315,Nuit avec éclairage non allumé,En agglomération,Hors intersection,Normale,Deux véhicules - côté,,,,,,,,,,,4,2,1,1.0,3.0
201800047192,0018-04-11 17:15:00,18,4,11,17,15,202,33,SAMPIERO CORSO - AV,42.67727,9.4445,Crépuscule ou aube,En agglomération,Giratoire,Pluie forte,Sans collision,,,,,,,,,,,2,2,6,3.0,7.0
201800047193,0018-04-14 09:55:00,18,4,14,9,55,202,33,AV DE LA LIBERATION,42.67915,9.44319,Plein jour,En agglomération,Hors intersection,Normale,Deux véhicules - côté,,,,,,,,,,,1,2,1,1.0,3.0
201800047194,0018-04-22 18:40:00,18,4,22,18,40,202,120,MARANA (ROUTE),42.6374,9.4603,Plein jour,En agglomération,Hors intersection,Normale,Autre collision,,,,,,,,,,,1,2,1,1.0,6.0
201800047195,0018-04-24 17:30:00,18,4,24,17,30,202,33,Le Polygone,42.67418,9.44347,Plein jour,En agglomération,Hors intersection,Normale,Autre collision,,,,,,,,,,,1,2,1,1.0,6.0
201800047196,0018-04-26 19:15:00,18,4,26,19,15,202,37,11 - RT,42.60786,9.43789,Plein jour,Hors agglomération,Hors intersection,Normale,Deux véhicules - côté,,,,,,,,,,,1,1,1,1.0,3.0
201800047197,0018-04-30 11:00:00,18,4,30,11,0,202,33,MIOT - RUE,42.69943,9.44985,Plein jour,En agglomération,Autre intersection,Normale,Autre collision,,,,,,,,,,,1,2,9,1.0,6.0
201800047198,0018-05-01 14:35:00,18,5,1,14,35,202,37,11 - RT,42.62846,9.43757,Plein jour,En agglomération,Hors intersection,Pluie légère,Deux véhicules - arrière,,,,,,,,,,,1,2,1,2.0,2.0
201800047199,0018-05-05 15:44:00,18,5,5,15,44,202,120,11 - RT,42.6533,9.44123,Plein jour,En agglomération,Hors intersection,Normale,Deux véhicules - arrière,,,,,,,,,,,1,2,1,1.0,2.0
201800047200,0018-05-05 16:11:00,18,5,5,16,11,202,33,11 - RT,42.67429,9.44389,Plein jour,En agglomération,Hors intersection,Normale,Deux véhicules - arrière,,,,,,,,,,,1,2,1,1.0,2.0
201800047201,0018-05-08 16:10:00,18,5,8,16,10,202,33,11 - RT,42.6683,9.44323,Plein jour,En agglomération,Hors intersection,Normale,Autre collision,,,,,,,,,,,1,2,1,1.0,6.0
201800047202,0018-05-11 02:00:00,18,5,11,2,0,202,120,11 - RT,42.65755,9.44153,Nuit avec éclairage allumé,Hors agglomération,Hors intersection,Normale,Deux véhicules - arrière,,,,,,,,,,,5,1,1,1.0,2.0
201800047203,0018-05-15 21:04:00,18,5,15,21,4,202,33,LUPINO,42.67718,9.43925,Nuit avec éclairage allumé,En agglomération,Autre intersection,Normale,Sans collision,,,,,,,,,,,5,2,9,1.0,7.0
201800047204,0018-05-20 05:14:00,18,5,20,5,14,202,33,CHANOINE LESCHI - RUE,42.70468,9.45411,Crépuscule ou aube,En agglomération,Hors intersection,Normale,Sans collision,,,,,,,,,,,2,2,1,1.0,7.0
201800047205,0018-05-22 17:00:00,18,5,22,17,0,202,37,11 - RT,42.61998,9.43697,Plein jour,En agglomération,Hors intersection,Pluie légère,Trois véhicules et plus - en chaîne,,,,,,,,,,,1,2,1,2.0,4.0
201800047206,0018-05-22 19:25:00,18,5,22,19,25,202,37,11 - RT,42.59876,9.43852,Plein jour,Hors agglomération,Hors intersection,Pluie légère,Deux véhicules - arrière,,,,,,,,,,,1,1,1,2.0,2.0
201800047207,0018-05-29 10:00:00,18,5,29,10,0,202,37,Parking boulangerie,42.61722,9.43666,Plein jour,En agglomération,Hors intersection,Normale,Autre collision,,,,,,,,,,,1,2,1,1.0,6.0
201800047208,0018-05-29 16:40:00,18,5,29,16,40,202,33,FRANCOIS VITTORI,42.67976,9.43884,Plein jour,En agglomération,Hors intersection,Normale,Deux véhicules - frontale,,,,,,,,,,,1,2,1,1.0,1.0
201800047209,0018-05-31 16:15:00,18,5,31,16,15,202,33,AV DE LA LIBERATION,42.6837,9.44462,Plein jour,En agglomération,Hors intersection,Normale,Deux véhicules - côté,,,,,,,,,,,1,2,1,1.0,3.0
201800047210,0018-06-03 15:28:00,18,6,3,15,28,202,33,ROUTE ROYALE,42.68092,9.42595,Plein jour,En agglomération,Hors intersection,Normale,Sans collision,,,,,,,,,,,1,2,1,1.0,7.0
201800047211,0018-06-03 22:52:00,18,6,3,22,52,202,33,NOGUES,42.7018,9.45257,Nuit avec éclairage allumé,En agglomération,Giratoire,Normale,Sans collision,,,,,,,,,,,5,2,6,1.0,7.0
201800047212,0018-06-04 19:25:00,18,6,4,19,25,202,120,11 - RT,42.65018,9.4405,Plein jour,Hors agglomération,Hors intersection,Normale,Autre collision,,,,,,,,,,,1,1,1,1.0,6.0
201800047213,0018-06-06 15:50:00,18,6,6,15,50,202,37,11 - RT,42.62018,9.43696,Plein jour,En agglomération,Giratoire,Pluie légère,Sans collision,,,,,,,,,,,1,2,6,2.0,7.0
201800047214,0018-06-07 20:04:00,18,6,7,20,4,202,33,FAVALE - COURS,42.69308,9.4501,Plein jour,En agglomération,Autre intersection,Normale,Deux véhicules - arrière,,,,,,,,,,,1,2,9,1.0,2.0
201800047215,0018-06-08 10:48:00,18,6,8,10,48,202,120,11 - RT,42.65915,9.44191,Plein jour,Hors agglomération,Hors intersection,Normale,Trois véhicules et plus - en chaîne,,,,,,,,,,,1,1,1,1.0,4.0
201800047216,0018-06-12 18:56:00,18,6,12,18,56,202,33,SEBASTIANI  - AVENUE,42.70232,9.45008,Crépuscule ou aube,En agglomération,Hors intersection,Normale,Autre collision,,,,,,,,,,,2,2,1,1.0,6.0
201800047217,0018-06-15 18:00:00,18,6,15,18,0,202,265,TOUTES RUES,42.59683,9.41181,Plein jour,Hors agglomération,Hors intersection,Temps éblouissant,Deux véhicules - arrière,,,,,,,,,,,1,1,1,7.0,2.0
201800047218,0018-06-16 07:23:00,18,6,16,7,23,202,37,11 - RT,42.59433,9.43853,Plein jour,Hors agglomération,Giratoire,Normale,Deux véhicules - côté,,,,,,,,,,,1,1,6,1.0,3.0
201800047219,0018-06-16 10:40:00,18,6,16,10,40,202,37,T11,42.62666,9.4373,Plein jour,En agglomération,Hors intersection,Normale,Deux véhicules - arrière,,,,,,,,,,,1,2,1,1.0,2.0