accident_id,datetime,annee,mois,jour,heure,minute,departement,commune_insee,adresse,latitude,longitude,luminosite,agglomeration,intersection,meteo,collision,nb_vehicules,nb_usagers,nb_indemnes,nb_tues,nb_blesses_hosp,nb_blesses_legers,age_cond_1,age_cond_2,veh_type_cond_1,veh_type_cond_2,lum_code,agg_code,int_code,atm_code,col_code
201800047220,0018-06-16 11:50:00,18,6,16,11,50,202,33,11 - RT,42.66422,9.44247,Plein jour,En agglomération,Hors intersection,Normale,Deux véhicules - côté,,,,,,,,,,,1,2,1,1.0,3.0
201800047221,0018-06-18 08:44:00,18,6,18,8,44,202,37,TOUTES RUES,42.62183,9.437,Plein jour,En agglomération,Hors intersection,Normale,Deux véhicules - arrière,,,,,,,,,,,1,2,1,1.0,2.0
201800047222,0018-06-19 19:00:00,18,6,19,19,0,202,33,SEBASTIANI  - AVENUE,42.70236,9.44991,Crépuscule ou aube,En agglomération,Hors intersection,Normale,Autre collision,,,,,,,,,,,2,2,1,1.0,6.0
201800047223,0018-06-22 17:10:00,18,6,22,17,10,202,120,IMPERIALE - ROUTE,42.6456,9.43153,Plein jour,En agglomération,Hors intersection,Normale,Deux véhicules - arrière,,,,,,,,,,,1,2,1,1.0,2.0
201800047224,0018-06-22 19:00:00,18,6,22,19,0,202,120,SAMPIERO CORSO - AV,42.6459,9.43982,Plein jour,En agglomération,Intersection en T,Normale,Deux véhicules - arrière,,,,,,,,,,,1,2,3,1.0,2.0
201800047225,0018-06-30 04:29:00,18,6,30,4,29,202,33,VEZZANI - RUE CESAR,42.69163,9.44963,Nuit avec éclairage allumé,En agglomération,Hors intersection,Normale,Deux véhicules - frontale,,,,,,,,,,,5,2,1,1.0,1.0
201800047226,0018-07-02 20:30:00,18,7,2,20,30,202,33,DANESI - BLD BENOITE,42.69627,9.44329,Nuit avec éclairage allumé,En agglomération,Hors intersection,Normale,Autre collision,,,,,,,,,,,5,2,1,1.0,6.0
201800047227,0018-07-04 16:53:00,18,7,4,16,53,202,37,11 - RT,42.59484,9.43879,Plein jour,En agglomération,Giratoire,Normale,Deux véhicules - côté,,,,,,,,,,,1,2,6,1.0,3.0
201800047228,0018-07-06 16:00:00,18,7,6,16,0,202,37,TOUTES RUES,42.61993,9.43706,Plein jour,En agglomération,Hors intersection,Normale,Deux véhicules - arrière,,,,,,,,,,,1,2,1,1.0,2.0
201800047229,0018-07-06 23:00:00,18,7,6,23,0,202,33,AV DE LA LIBERATION,42.67961,9.44337,Nuit avec éclairage allumé,En agglomération,Intersection en T,Normale,Deux véhicules - côté,,,,,,,,,,,5,2,3,1.0,3.0
201800047230,0018-07-09 17:22:00,18,7,9,17,22,202,33,VEZZANI - RUE CESAR,42.69146,9.44943,Plein jour,En agglomération,Hors intersection,Normale,Trois véhicules et plus - collisions multiples,,,,,,,,,,,1,2,1,1.0,5.0
201800047231,0018-07-10 09:20:00,18,7,10,9,20,202,120,TOUTES RUES,42.65448,9.4413,Plein jour,Hors agglomération,Giratoire,Normale,Deux véhicules - côté,,,,,,,,,,,1,1,6,1.0,3.0
201800047232,0018-07-10 17:30:00,18,7,10,17,30,202,33,11 - RT,42.66887,9.44323,Plein jour,En agglomération,Hors intersection,Normale,Trois véhicules et plus - en chaîne,,,,,,,,,,,1,2,1,1.0,4.0
201800047233,0018-07-11 15:15:00,18,7,11,15,15,202,120,11 - RT,42.65346,9.44106,Plein jour,Hors agglomération,Hors intersection,Normale,Trois véhicules et plus - en chaîne,,,,,,,,,,,1,1,1,1.0,4.0
201800047234,0018-07-11 23:05:00,18,7,11,23,5,202,37,11 - RT,42.60221,9.43851,Nuit sans éclairage public,Hors agglomération,Hors intersection,Normale,Deux véhicules - arrière,,,,,,,,,,,3,1,1,1.0,2.0
201800047235,0018-07-12 18:50:00,18,7,12,18,50,202,33,11 - RT,42.67177,9.44367,Plein jour,En agglomération,Hors intersection,Normale,Deux véhicules - arrière,,,,,,,,,,,1,2,1,1.0,2.0
201800047236,0018-07-14 11:45:00,18,7,14,11,45,202,33,DE MONTERA - BD HYACINTE,42.69576,9.44664,Plein jour,En agglomération,Hors intersection,Normale,Autre collision,,,,,,,,,,,1,2,1,1.0,6.0
201800047237,0018-07-18 18:10:00,18,7,18,18,10,202,33,AV DE LA LIBERATION,42.67915,9.44321,Plein jour,En agglomération,Hors intersection,Normale,Deux véhicules - côté,,,,,,,,,,,1,2,1,1.0,3.0
201800047238,0018-07-19 10:30:00,18,7,19,10,30,202,33,ROUTE ROYALE,42.67612,9.43842,Plein jour,En agglomération,Intersection en X,Normale,Deux véhicules - côté,,,,,,,,,,,1,2,2,1.0,3.0
201800047239,0018-07-20 15:23:00,18,7,20,15,23,202,120,MARANA (ROUTE),42.65159,9.45111,Plein jour,Hors agglomération,Hors intersection,Normale,Autre collision,,,,,,,,,,,1,1,1,1.0,6.0
201800047240,0018-07-20 22:07:00,18,7,20,22,7,202,33,TUNNEL - PASSERELLE NORD,42.69504,9.45224,Nuit avec éclairage allumé,En agglomération,Hors intersection,Normale,Autre collision,,,,,,,,,,,5,2,1,1.0,6.0
201800047241,0018-07-21 06:30:00,18,7,21,6,30,202,37,RT11,42.5949,9.43855,Plein jour,Hors agglomération,Autre intersection,Normale,Deux véhicules - arrière,,,,,,,,,,,1,1,9,1.0,2.0
201800047242,0018-07-24 18:00:00,18,7,24,18,0,202,353,PIETRABUGNO - ROUTE DE,42.71188,9.43455,Plein jour,En agglomération,Autre intersection,Normale,Deux véhicules - frontale,,,,,,,,,,,1,2,9,1.0,1.0
201800047243,0018-07-26 18:15:00,18,7,26,18,15,202,37,TOUTES RUES,42.62893,9.43634,Plein jour,En agglomération,Hors intersection,Normale,Deux véhicules - frontale,,,,,,,,,,,1,2,1,1.0,1.0
201800047244,0018-07-28 01:00:00,18,7,28,1,0,202,37,TOUTES RUES,42.60186,9.43832,Nuit sans éclairage public,Hors agglomération,Hors intersection,Normale,Deux véhicules - arrière,,,,,,,,,,,3,1,1,1.0,2.0
201800047245,0018-08-01 23:33:00,18,8,1,23,33,202,33,ARINELLA -CHEMIN DE L',42.67931,9.447,Nuit avec éclairage allumé,En agglomération,Intersection en T,Normale,Deux véhicules - arrière,,,,,,,,,,,5,2,3,1.0,2.0
201800047246,0018-08-02 10:45:00,18,8,2,10,45,202,33,SAMPIERO CORSO - AV,42.67609,9.44425,Plein jour,En agglomération,Hors intersection,Normale,Deux véhicules - arrière,,,,,,,,,,,1,2,1,1.0,2.0
201800047247,0018-08-06 03:50:00,18,8,6,3,50,202,37,T11,42.60276,9.43819,Nuit sans éclairage public,Hors agglomération,Hors intersection,Normale,Autre collision,,,,,,,,,,,3,1,1,1.0,6.0
201800047248,0018-08-07 08:30:00,18,8,7,8,30,202,37,MARANA (ROUTE),42.62633,9.46895,Plein jour,Hors agglomération,Hors intersection,Normale,Trois véhicules et plus - collisions multiples,,,,,,,,,,,1,1,1,1.0,5.0
201800047249,0018-08-07 23:18:00,18,8,7,23,18,202,33,11 - RT,42.6651,9.44256,Nuit avec éclairage allumé,Hors agglomération,Hors intersection,Normale,Autre collision,,,,,,,,,,,5,1,1,1.0,6.0
201800047250,0018-08-08 13:50:00,18,8,8,13,50,202,120,11 - RT,42.65204,9.44111,Plein jour,En agglomération,Hors intersection,Normale,Trois véhicules et plus - en chaîne,,,,,,,,,,,1,2,1,1.0,4.0
201800047251,0018-08-10 12:15:00,18,8,10,12,15,202,120,11 - RT,42.6482,9.44029,Plein jour,Hors agglomération,Hors intersection,Normale,Deux véhicules - arrière,,,,,,,,,,,1,1,1,1.0,2.0
201800047252,0018-08-11 17:50:00,18,8,11,17,50,202,120,11 - RT,42.65498,9.44121,Plein jour,En agglomération,Hors intersection,Normale,Deux véhicules - côté,,,,,,,,,,,1,2,1,1.0,3.0
201800047253,0018-08-14 00:25:00,18,8,14,0,25,202,33,SAMPIERO CORSO - AV,42.67722,9.44429,Nuit avec éclairage allumé,En agglomération,Hors intersection,Normale,Deux véhicules - côté,,,,,,,,,,,5,2,1,1.0,3.0
201800047254,0018-08-15 23:00:00,18,8,15,23,0,202,120,IMPERIALE (Route) D464,42.65732,9.43177,Nuit sans éclairage public,En agglomération,Hors intersection,Normale,Autre collision,,,,,,,,,,,3,2,1,1.0,6.0
201800047255,0018-08-17 03:36:00,18,8,17,3,36,202,37,11 - RT,42.61528,9.43751,Nuit sans éclairage public,Hors agglomération,Hors intersection,Normale,Deux véhicules - arrière,,,,,,,,,,,3,1,1,1.0,2.0
201800047256,0018-08-25 17:15:00,18,8,25,17,15,202,353,SAINT VICTOR -RUE,42.71168,9.451,Plein jour,En agglomération,Hors intersection,Normale,Deux véhicules - frontale,,,,,,,,,,,1,2,1,1.0,1.0
201800047257,0018-08-27 22:45:00,18,8,27,22,45,202,33,PIETRABUGNO - ROUTE DE,42.70013,9.44263,Nuit sans éclairage public,Hors agglomération,Hors intersection,Normale,Sans collision,,,,,,,,,,,3,1,1,1.0,7.0
201800047258,0018-08-31 15:00:00,18,8,31,15,0,202,37,T11,42.6232,9.43692,Plein jour,En agglomération,Hors intersection,Normale,Trois véhicules et plus - en chaîne,,,,,,,,,,,1,2,1,1.0,4.0
201800047259,0018-09-03 10:40:00,18,9,3,10,40,202,33,11 - RT,42.67387,9.44396,Plein jour,En agglomération,Hors intersection,Normale,Trois véhicules et plus - en chaîne,,,,,,,,,,,1,2,1,1.0,4.0
201800047260,0018-09-03 13:58:00,18,9,3,13,58,202,353,Ch. Ste Lucie,42.70681,9.44153,Plein jour,En agglomération,Hors intersection,Normale,Deux véhicules - côté,,,,,,,,,,,1,2,1,1.0,3.0
201800047261,0018-09-03 15:45:00,18,9,3,15,45,202,33,ANNONCIADE - CHEMIN DE L,42.70662,9.44242,Plein jour,En agglomération,Hors intersection,Normale,Autre collision,,,,,,,,,,,1,2,1,1.0,6.0
201800047262,0018-09-05 07:08:00,18,9,5,7,8,202,33,11 - RT,42.66601,9.44285,Plein jour,En agglomération,Hors intersection,Normale,Deux véhicules - côté,,,,,,,,,,,1,2,1,1.0,3.0
201800047263,0018-09-07 07:10:00,18,9,7,7,10,202,33,Rue C. COLOMBANI,42.70295,9.45096,Plein jour,En agglomération,Intersection en X,Normale,Deux véhicules - côté,,,,,,,,,,,1,2,2,1.0,3.0
201800047264,0018-09-07 15:10:00,18,9,7,15,10,202,33,FORT DE TOGA (RUE DU),42.70872,9.45351,Plein jour,En agglomération,Giratoire,Normale,Autre collision,,,,,,,,,,,1,2,6,1.0,6.0
201800047265,0018-09-07 17:45:00,18,9,7,17,45,202,33,DANESI - BLD BENOITE,42.69374,9.44069,Plein jour,En agglomération,Hors intersection,Pluie légère,Autre collision,,,,,,,,,,,1,2,1,2.0,6.0
201800047266,0018-09-08 11:20:00,18,9,8,11,20,202,33,11 - RT,42.69971,9.45192,Plein jour,En agglomération,Hors intersection,Normale,Deux véhicules - arrière,,,,,,,,,,,1,2,1,1.0,2.0
201800047267,0018-09-08 22:20:00,18,9,8,22,20,202,120,11 - RT,42.65367,9.44127,Nuit avec éclairage allumé,Hors agglomération,Hors intersection,Normale,Deux véhicules - côté,,,,,,,,,,,5,1,1,1.0,3.0
201800047268,0018-09-11 09:44:00,18,9,11,9,44,202,33,PAOLI DU NR 1 A 20 - BLD,42.69841,9.44933,Plein jour,En agglomération,Intersection en X,Normale,Deux véhicules - côté,,,,,,,,,,,1,2,2,1.0,3.0
201800047269,0018-09-12 23:30:00,18,9,12,23,30,202,33,ST FLORENT-ANCIENNE RT D,42.68721,9.42304,Nuit sans éclairage public,Hors agglomération,Hors intersection,Normale,Sans collision,,,,,,,,,,,3,1,1,1.0,7.0
201800047270,0018-09-19 16:35:00,18,9,19,16,35,202,33,SARI - AV EMILE,42.70482,9.45227,Plein jour,En agglomération,Hors intersection,Normale,Deux véhicules - arrière,,,,,,,,,,,1,2,1,1.0,2.0
201800047271,0018-09-25 14:03:00,18,9,25,14,3,202,33,MAGDELENA - RUE SANTA,42.68013,9.44212,Plein jour,En agglomération,Autre intersection,Normale,Deux véhicules - frontale,,,,,,,,,,,1,2,9,1.0,1.0
201800047272,0018-09-26 14:00:00,18,9,26,14,0,202,33,LUCE DE CASABIANCA -RUE,42.70551,9.45329,Plein jour,En agglomération,Hors intersection,Normale,Autre collision,,,,,,,,,,,1,2,1,1.0,6.0
201800047273,0018-09-30 19:00:00,18,9,30,19,0,202,33,PAOLI DU NR 1 A 20 - BLD,42.6978,9.44906,Crépuscule ou aube,En agglomération,Intersection en T,Normale,Autre collision,,,,,,,,,,,2,2,3,1.0,6.0
201800047274,0018-10-01 18:00:00,18,10,1,18,0,202,33,AV DE LA LIBERATION,42.6792,9.4432,Plein jour,En agglomération,Hors intersection,Normale,Deux véhicules - côté,,,,,,,,,,,1,2,1,1.0,3.0
201800047275,0018-10-02 12:05:00,18,10,2,12,5,202,120,TOUTES RUES,42.6592,9.44187,Plein jour,En agglomération,Hors intersection,Temps couvert,Trois véhicules et plus - en chaîne,,,,,,,,,,,1,2,1,8.0,4.0
201800047276,0018-10-08 15:22:00,18,10,8,15,22,202,33,MARTYRS - QUAI DES,42.69779,9.45253,Plein jour,En agglomération,Intersection en T,Normale,Deux véhicules - côté,,,,,,,,,,,1,2,3,1.0,3.0
201800047277,0018-10-09 08:10:00,18,10,9,8,10,202,33,ST FLORENT-ANCIENNE RT D,42.69003,9.43407,Plein jour,Hors agglomération,Hors intersection,Normale,Deux véhicules - côté,,,,,,,,,,,1,1,1,1.0,3.0
201800047278,0018-10-10 10:55:00,18,10,10,10,55,202,33,VEZZANI - RUE CESAR,42.68995,9.44708,Plein jour,En agglomération,Hors intersection,Normale,Trois véhicules et plus - en chaîne,,,,,,,,,,,1,2,1,1.0,4.0
201800047279,0018-10-13 17:35:00,18,10,13,17,35,202,33,AV DE LA LIBERATION,42.68136,9.44395,Plein jour,En agglomération,Autre intersection,Normale,Deux véhicules - arrière,,,,,,,,,,,1,2,9,1.0,2.0
201800047280,0018-10-18 07:40:00,18,10,18,7,40,202,120,11 - RT,42.64965,9.44051,Plein jour,En agglomération,Hors intersection,Normale,Trois véhicules et plus - en chaîne,,,,,,,,,,,1,2,1,1.0,4.0
201800047281,0018-10-19 13:50:00,18,10,19,13,50,202,33,IMPERIALE - ROUTE,42.66946,9.44145,Plein jour,En agglomération,Hors intersection,Normale,Deux véhicules - arrière,,,,,,,,,,,1,2,1,1.0,2.0
201800047282,0018-10-23 16:55:00,18,10,23,16,55,202,37,TOUTES RUES,42.61899,9.43716,Plein jour,En agglomération,Hors intersection,Normale,Trois véhicules et plus - en chaîne,,,,,,,,,,,1,2,1,1.0,4.0
201800047283,0018-10-24 10:59:00,18,10,24,10,59,202,33,ANNONCIADE - CHEMIN DE L,42.70483,9.44598,Plein jour,En agglomération,Hors intersection,Normale,Autre collision,,,,,,,,,,,1,2,1,1.0,6.0
201800047284,0018-10-24 14:40:00,18,10,24,14,40,202,33,SEBASTIANI  - AVENUE,42.70235,9.44992,Plein jour,En agglomération,Hors intersection,Normale,Autre collision,,,,,,,,,,,1,2,1,1.0,6.0
201800047285,0018-10-26 11:30:00,18,10,26,11,30,202,33,11 - RT,42.65501,9.44092,Plein jour,En agglomération,Hors intersection,Normale,Deux véhicules - côté,,,,,,,,,,,1,2,1,1.0,3.0
201800047286,0018-11-02 11:45:00,18,11,2,11,45,202,33,11 - RT,42.69776,9.45281,Plein jour,En agglomération,Hors intersection,Pluie forte,Autre collision,,,,,,,,,,,1,2,1,3.0,6.0
201800047287,0018-11-12 18:20:00,18,11,12,18,20,202,120,11 - RT,42.65833,9.44175,Nuit avec éclairage allumé,En agglomération,Hors intersection,Normale,Deux véhicules - arrière,,,,,,,,,,,5,2,1,1.0,2.0
201800047288,0018-11-14 14:56:00,18,11,14,14,56,202,37,TOUTES RUES,42.59428,9.43865,Plein jour,En agglomération,Hors intersection,Normale,Deux véhicules - côté,,,,,,,,,,,1,2,1,1.0,3.0
201800047289,0018-11-16 12:15:00,18,11,16,12,15,202,120,11 - RT,42.65701,9.44155,Plein jour,Hors agglomération,Hors intersection,Normale,Deux véhicules - arrière,,,,,,,,,,,1,1,1,1.0,2.0
201800047290,0018-11-16 18:46:00,18,11,16,18,46,202,33,ROUTE ROYALE,42.67679,9.43534,Nuit avec éclairage allumé,En agglomération,Hors intersection,Normale,Autre collision,,,,,,,,,,,5,2,1,1.0,6.0
201800047291,0018-11-17 15:58:00,18,11,17,15,58,202,33,AV DE LA LIBERATION,42.68072,9.44372,Plein jour,En agglomération,Intersection en T,Normale,Deux véhicules - côté,,,,,,,,,,,1,2,3,1.0,3.0
201800047292,0018-11-26 17:44:00,18,11,26,17,44,202,120,IMPERIALE (Route) D464,42.65759,9.43163,Nuit sans éclairage public,En agglomération,Hors intersection,Normale,Autre collision,,,,,,,,,,,3,2,1,1.0,6.0
201800047293,0018-11-27 17:15:00,18,11,27,17,15,202,33,11 - RT,42.66848,9.44309,Nuit avec éclairage allumé,En agglomération,Hors intersection,Pluie légère,Trois véhicules et plus - en chaîne,,,,,,,,,,,5,2,1,2.0,4.0
201800047294,0018-11-28 08:55:00,18,11,28,8,55,202,33,11 - RT,42.69437,9.45225,Plein jour,En agglomération,Hors intersection,Normale,Deux véhicules - arrière,,,,,,,,,,,1,2,1,1.0,2.0
201800047295,0018-11-29 11:05:00,18,11,29,11,5,202,120,STADE (Route du) D764,42.65309,9.44159,Plein jour,En agglomération,Hors intersection,Normale,Autre collision,,,,,,,,,,,1,2,1,1.0,6.0
201800047296,0018-11-30 14:50:00,18,11,30,14,50,202,33,ROUTE ROYALE,42.6763,9.4386,Plein jour,En agglomération,Intersection en X,Normale,Deux véhicules - côté,,,,,,,,,,,1,2,2,1.0,3.0
201800047297,0018-12-01 03:13:00,18,12,1,3,13,202,353,CAP - ROUTE DU CAP,42.71203,9.45372,Nuit avec éclairage allumé,En agglomération,Autre intersection,Normale,Sans collision,,,,,,,,,,,5,2,9,1.0,7.0
201800047298,0018-12-04 20:10:00,18,12,4,20,10,202,120,11 - RT,42.64152,9.4396,Nuit sans éclairage public,Hors agglomération,Hors intersection,Normale,Sans collision,,,,,,,,,,,3,1,1,1.0,7.0
201800047299,0018-12-05 11:30:00,18,12,5,11,30,202,33,PIERANGELLI -COURS,42.69904,9.45114,Plein jour,En agglomération,Hors intersection,Normale,Autre collision,,,,,,,,,,,1,2,1,1.0,6.0
201800047300,0018-12-11 10:00:00,18,12,11,10,0,202,33,MONTE PIANO -CHEMIN DE,42.70123,9.44147,Plein jour,En agglomération,Hors intersection,Normale,Autre collision,,,,,,,,,,,1,2,1,1.0,6.0
201800047301,0018-12-14 11:20:00,18,12,14,11,20,202,120,11 - RT,42.65699,9.44148,Plein jour,En agglomération,Hors intersection,Pluie légère,Deux véhicules - arrière,,,,,,,,,,,1,2,1,2.0,2.0
201800047302,0018-12-15 13:50:00,18,12,15,13,50,202,33,Chemin de Pinello,42.67641,9.42636,Plein jour,Hors agglomération,Hors intersection,Normale,Autre collision,,,,,,,,,,,1,1,1,1.0,6.0
201800047303,0018-12-17 08:05:00,18,12,17,8,5,202,120,11 - RT,42.6497,9.4406,Plein jour,Hors agglomération,Hors intersection,Pluie légère,Trois véhicules et plus - en chaîne,,,,,,,,,,,1,1,1,2.0,4.0
201800047304,0018-12-19 20:05:00,18,12,19,20,5,202,120,VULPAGHJU (Chemin de),42.66076,9.43613,Nuit avec éclairage allumé,En agglomération,Hors intersection,Pluie légère,Deux véhicules - arrière,,,,,,,,,,,5,2,1,2.0,2.0
201800047305,0018-01-01 05:10:00,18,1,1,5,10,690,152,", EUROPE (DE L')",45.70324,4.82103,Nuit avec éclairage allumé,En agglomération,Intersection à plus de 4 branches,Temps couvert,Sans collision,,,,,,,,,,,5,2,5,8.0,7.0
201800047306,0018-01-03 18:00:00,18,1,3,18,0,690,142,"55, STEPHANE DECHANT",45.72721,4.81481,Nuit avec éclairage allumé,En agglomération,Hors intersection,Normale,Deux véhicules - arrière,,,,,,,,,,,5,2,1,1.0,2.0
201800047307,0018-01-05 14:25:00,18,1,5,14,25,690,389,"128, SIDOINE APPOLINAIRE",45.76501,4.80126,Plein jour,En agglomération,Intersection en X,Normale,Deux véhicules - côté,,,,,,,,,,,1,2,2,1.0,3.0
201800047308,0018-01-05 18:00:00,18,1,5,18,0,690,34,GENERAL LECLERC,45.80315,4.85993,Nuit avec éclairage allumé,En agglomération,Hors intersection,Normale,Trois véhicules et plus - en chaîne,,,,,,,,,,,5,2,1,1.0,4.0
201800047309,0018-01-07 04:05:00,18,1,7,4,5,690,389,PORT MOUTON (DU),45.77394,4.80924,Nuit avec éclairage allumé,En agglomération,Hors intersection,Normale,Autre collision,,,,,,,,,,,5,2,1,1.0,6.0
201800047310,0018-01-09 14:45:00,18,1,9,14,45,690,34,PEUPLIERS (DES),45.79753,4.8707,Plein jour,En agglomération,Hors intersection,Temps couvert,Autre collision,,,,,,,,,,,1,2,1,8.0,6.0
201800047311,0018-01-09 18:25:00,18,1,9,18,25,690,382,MARECHAL JOFFRE (DU),45.75118,4.82351,Nuit avec éclairage allumé,En agglomération,Intersection en T,Normale,Deux véhicules - côté,,,,,,,,,,,5,2,3,1.0,3.0
201800047312,0018-01-10 19:25:00,18,1,10,19,25,690,389,"50, ST CYR (DE)",45.7831,4.80765,Nuit avec éclairage allumé,En agglomération,Hors intersection,Normale,Autre collision,,,,,,,,,,,5,2,1,1.0,6.0
201800047313,0018-01-11 05:50:00,18,1,11,5,50,690,385,"1, BONDY (DE)",45.76717,4.82726,Nuit avec éclairage allumé,En agglomération,Hors intersection,Normale,Deux véhicules - frontale,,,,,,,,,,,5,2,1,1.0,1.0
201800047314,0018-01-11 13:00:00,18,1,11,13,0,690,382,PLAT (DU),45.75735,4.82865,Plein jour,En agglomération,Hors intersection,Normale,Autre collision,,,,,,,,,,,1,2,1,1.0,6.0
201800047315,0018-01-11 14:45:00,18,1,11,14,45,690,389,"13, PIERRE SCIZE",45.76751,4.84138,Plein jour,En agglomération,Hors intersection,Normale,Deux véhicules - côté,,,,,,,,,,,1,2,1,1.0,3.0
201800047316,0018-01-11 16:10:00,18,1,11,16,10,690,382,"40, DOCTEUR GAILLETON (D",45.75,4.83,Plein jour,En agglomération,Hors intersection,Normale,Autre collision,,,,,,,,,,,1,2,1,1.0,6.0
201800047317,0018-01-12 16:42:00,18,1,12,16,42,690,149,"63, GRANDE RUE",45.7175,4.80961,Plein jour,En agglomération,Hors intersection,Normale,Autre collision,,,,,,,,,,,1,2,1,1.0,6.0
201800047318,0018-01-14 14:55:00,18,1,14,14,55,690,382,GUILLOTIERE (DE LA),45.7572,4.83692,Plein jour,En agglomération,Intersection en X,Normale,Deux véhicules - côté,,,,,,,,,,,1,2,2,1.0,3.0
201800047319,0018-01-14 00:30:00,18,1,14,0,30,690,286,"11, GENERAL LECLERC",45.81355,4.89684,Nuit avec éclairage allumé,En agglomération,Hors intersection,Normale,Autre collision,,,,,,,,,,,5,2,1,1.0,6.0
201800047320,0018-01-15 01:10:00,18,1,15,1,10,690,142,"80, STEPHANE DECHANT",45.7255,4.81406,Nuit avec éclairage allumé,En agglomération,Hors intersection,Normale,Autre collision,,,,,,,,,,,5,2,1,1.0,6.0
201800047321,0018-01-15 14:00:00,18,1,15,14,0,690,34,"3, PETIT VERSAILLES (DU)",45.789,4.85283,Plein jour,En agglomération,Hors intersection,Normale,Deux véhicules - frontale,,,,,,,,,,,1,2,1,1.0,1.0
201800047322,0018-01-16 07:50:00,18,1,16,7,50,690,382,TREMIE Nø6,45.7498,4.8253,Nuit avec éclairage allumé,En agglomération,Hors intersection,Pluie légère,Deux véhicules - arrière,,,,,,,,,,,5,2,1,2.0,2.0
201800047323,0018-01-16 18:05:00,18,1,16,18,5,690,34,STRASBOURG (DE),45.79132,4.86262,Nuit avec éclairage allumé,En agglomération,Intersection en T,Pluie légère,Deux véhicules - côté,,,,,,,,,,,5,2,3,2.0,3.0
201800047324,0018-01-16 20:50:00,18,1,16,20,50,690,152,BARRAGE,45.69523,4.83147,Nuit sans éclairage public,En agglomération,Hors intersection,Pluie légère,Deux véhicules - côté,,,,,,,,,,,3,2,1,2.0,3.0
201800047325,0018-01-16 12:00:00,18,1,16,12,0,690,384,"42, JOSEPH GILLET",45.77725,4.81085,Plein jour,En agglomération,Hors intersection,Pluie légère,Autre collision,,,,,,,,,,,1,2,1,2.0,6.0
201800047326,0018-01-16 12:10:00,18,1,16,12,10,690,34,"400, CANUTS (DES)",45.78499,4.83263,Plein jour,En agglomération,Hors intersection,Normale,Deux véhicules - côté,,,,,,,,,,,1,2,1,1.0,3.0
201800047327,0018-01-16 13:00:00,18,1,16,13,0,690,385,"30, CHOULANS (DE)",45.75299,4.82005,Plein jour,En agglomération,Hors intersection,Pluie légère,Sans collision,,,,,,,,,,,1,2,1,2.0,7.0
201800047328,0018-01-18 08:30:00,18,1,18,8,30,690,286,"26, EUROPE (DE L')",45.8136,4.8943,Plein jour,En agglomération,Hors intersection,Normale,Autre collision,,,,,,,,,,,1,2,1,1.0,6.0
201800047329,0018-01-18 10:35:00,18,1,18,10,35,690,382,"37, BELLECOUR",45.75881,4.83074,Plein jour,En agglomération,Intersection en T,Normale,Deux véhicules - côté,,,,,,,,,,,1,2,3,1.0,3.0
201800047330,0018-01-17 12:25:00,18,1,17,12,25,690,389,DOCKS (DES),45.78745,4.8123,Plein jour,En agglomération,Hors intersection,Temps couvert,Autre collision,,,,,,,,,,,1,2,1,8.0,6.0
201800047331,0018-01-17 07:58:00,18,1,17,7,58,690,34,WETTE FAYS (DE),45.78803,4.8531,Plein jour,En agglomération,Autre intersection,Normale,Autre collision,,,,,,,,,,,1,2,9,1.0,6.0
201800047332,0018-01-15 18:29:00,18,1,15,18,29,690,34,PIERRE BRUNIER,45.78499,4.82961,Nuit avec éclairage allumé,En agglomération,Hors intersection,Pluie légère,Autre collision,,,,,,,,,,,5,2,1,2.0,6.0
201800047333,0018-01-19 21:00:00,18,1,19,21,0,690,389,"11, MOUILLARD",45.78417,4.8034,Nuit avec éclairage allumé,En agglomération,Hors intersection,Temps couvert,Sans collision,,,,,,,,,,,5,2,1,8.0,7.0
201800047334,0018-01-16 19:35:00,18,1,16,19,35,690,382,MARECHAL JOFFRE (DU),45.75276,4.82476,Crépuscule ou aube,En agglomération,Hors intersection,Normale,Trois véhicules et plus - en chaîne,,,,,,,,,,,2,2,1,1.0,4.0
201800047335,0018-01-20 19:20:00,18,1,20,19,20,690,389,BARTHELEMY BUYER,45.76103,4.80432,Nuit avec éclairage allumé,En agglomération,Hors intersection,Pluie légère,Autre collision,,,,,,,,,,,5,2,1,2.0,6.0
201800047336,0018-01-21 01:40:00,18,1,21,1,40,690,389,"39, JAYR",45.775,4.808,Nuit avec éclairage allumé,En agglomération,Hors intersection,Pluie légère,Autre collision,,,,,,,,,,,5,2,1,2.0,6.0
201800047337,0018-01-20 20:00:00,18,1,20,20,0,690,389,"19, ARLOING",45.77264,4.81066,Nuit avec éclairage allumé,En agglomération,Hors intersection,Pluie légère,Deux véhicules - côté,,,,,,,,,,,5,2,1,2.0,3.0
201800047338,0018-01-22 08:35:00,18,1,22,8,35,690,385,"15, MAURICE JACOB",45.75678,4.79216,Plein jour,En agglomération,Hors intersection,Normale,Autre collision,,,,,,,,,,,1,2,1,1.0,6.0
201800047339,0018-01-22 08:05:00,18,1,22,8,5,690,34,"10, JEAN PETIT",45.80413,4.86028,Crépuscule ou aube,En agglomération,Hors intersection,Temps couvert,Autre collision,,,,,,,,,,,2,2,1,8.0,6.0
201800047340,0018-01-21 10:00:00,18,1,21,10,0,690,384,BOUCLE (DE LA),45.7793,4.84119,Plein jour,En agglomération,Intersection en X,Normale,Deux véhicules - côté,,,,,,,,,,,1,2,2,1.0,3.0