accident_id,datetime,annee,mois,jour,heure,minute,departement,commune_insee,adresse,latitude,longitude,luminosite,agglomeration,intersection,meteo,collision,nb_vehicules,nb_usagers,nb_indemnes,nb_tues,nb_blesses_hosp,nb_blesses_legers,age_cond_1,age_cond_2,veh_type_cond_1,veh_type_cond_2,lum_code,agg_code,int_code,atm_code,col_code
201800047341,0018-01-22 13:10:00,18,1,22,13,10,690,34,ECLUSE (DE L'),45.79509,4.82905,Plein jour,En agglomération,Intersection en T,Pluie légère,Deux véhicules - côté,,,,,,,,,,,1,2,3,2.0,3.0
201800047342,0018-01-22 16:30:00,18,1,22,16,30,690,34,"1, MARECHAL FOCH (DU)",45.79,4.85,Plein jour,En agglomération,Hors intersection,Pluie légère,Autre collision,,,,,,,,,,,1,2,1,2.0,6.0
201800047343,0018-01-23 16:50:00,18,1,23,16,50,690,152,"25, MURIERS (DES)",45.69515,4.82445,Plein jour,En agglomération,Hors intersection,Normale,Deux véhicules - côté,,,,,,,,,,,1,2,1,1.0,3.0
201800047344,0018-01-23 09:10:00,18,1,23,9,10,690,385,CHEMIN NEUF (DU),45.76085,4.82497,Plein jour,En agglomération,Hors intersection,Normale,Sans collision,,,,,,,,,,,1,2,1,1.0,7.0
201800047345,0018-01-26 07:55:00,18,1,26,7,55,690,286,"58, EUROPE (DE L')",45.81766,4.90221,Crépuscule ou aube,En agglomération,Hors intersection,Pluie forte,Autre collision,,,,,,,,,,,2,2,1,3.0,6.0
201800047346,0018-01-26 15:36:00,18,1,26,15,36,690,381,"5, JARDIN DES PLANTES (D",45.76957,4.82988,Plein jour,En agglomération,Hors intersection,Pluie légère,Autre collision,,,,,,,,,,,1,2,1,2.0,6.0
201800047347,0018-01-26 09:30:00,18,1,26,9,30,690,202,VALIOUD,45.73706,4.80522,Plein jour,En agglomération,Hors intersection,Pluie forte,Deux véhicules - arrière,,,,,,,,,,,1,2,1,3.0,2.0
201800047348,0018-01-26 19:55:00,18,1,26,19,55,690,389,"1, GARE D'EAU (DE LA)",45.78147,4.8068,Nuit avec éclairage allumé,En agglomération,Intersection en X,Pluie forte,Sans collision,,,,,,,,,,,5,2,2,3.0,7.0
201800047349,0018-01-26 21:36:00,18,1,26,21,36,690,149,"67, GRANDE RUE",45.71687,4.80965,Nuit avec éclairage allumé,En agglomération,Hors intersection,Pluie forte,Autre collision,,,,,,,,,,,5,2,1,3.0,6.0
201800047350,0018-01-29 10:30:00,18,1,29,10,30,690,385,"30, CHOULANS (DE)",45.75281,4.82058,Plein jour,En agglomération,Hors intersection,Pluie légère,Deux véhicules - frontale,,,,,,,,,,,1,2,1,2.0,1.0
201800047351,0018-01-29 16:54:00,18,1,29,16,54,690,389,GARE DE VAISE (ESPLANADE,45.78097,4.80466,Plein jour,En agglomération,Hors intersection,Normale,Autre collision,,,,,,,,,,,1,2,1,1.0,6.0
201800047352,0018-01-29 16:20:00,18,1,29,16,20,690,34,PASTEUR,45.79512,4.84747,Plein jour,En agglomération,Intersection en T,Normale,Deux véhicules - côté,,,,,,,,,,,1,2,3,1.0,3.0
201800047353,0018-01-30 08:50:00,18,1,30,8,50,690,382,CELESTINS (DES),45.75929,4.8297,Plein jour,En agglomération,Hors intersection,Temps couvert,Autre collision,,,,,,,,,,,1,2,1,8.0,6.0
201800047354,0018-01-31 13:20:00,18,1,31,13,20,690,152,"11, EMILE ZOLA",45.70523,4.81997,Plein jour,En agglomération,Intersection en T,Normale,Deux véhicules - côté,,,,,,,,,,,1,2,3,1.0,3.0
201800047355,0018-01-31 11:10:00,18,1,31,11,10,690,382,"11, PERRACHE",45.74657,4.82864,Plein jour,En agglomération,Hors intersection,Normale,Deux véhicules - côté,,,,,,,,,,,1,2,1,1.0,3.0
201800047356,0018-02-01 08:40:00,18,2,1,8,40,690,389,"207, 25EME REGIMENT DE T",45.79102,4.48638,Plein jour,En agglomération,Hors intersection,Pluie légère,Sans collision,,,,,,,,,,,1,2,1,2.0,7.0
201800047357,0018-02-01 16:40:00,18,2,1,16,40,690,385,"98-100, DOCTEUR EDMOND L",45.75982,4.79595,Plein jour,En agglomération,Intersection en X,Normale,Autre collision,,,,,,,,,,,1,2,2,1.0,6.0
201800047358,0018-01-31 13:20:00,18,1,31,13,20,690,385,"157, BARTHELEMY BUYER",45.76349,4.79657,Plein jour,En agglomération,Hors intersection,Normale,Deux véhicules - côté,,,,,,,,,,,1,2,1,1.0,3.0
201800047359,0018-02-03 13:40:00,18,2,3,13,40,690,389,"176, ST CYR (DE)",45.79678,4.81752,Plein jour,En agglomération,Hors intersection,Normale,Deux véhicules - côté,,,,,,,,,,,1,2,1,1.0,3.0
201800047360,0018-01-31 18:13:00,18,1,31,18,13,690,34,CREPIEUX (DE),45.80165,4.86646,Nuit avec éclairage allumé,En agglomération,Intersection en T,Normale,Deux véhicules - arrière,,,,,,,,,,,5,2,3,1.0,2.0
201800047361,0018-02-04 09:05:00,18,2,4,9,5,690,149,"72, GRANDE RUE",45.71653,4.80962,Plein jour,En agglomération,Hors intersection,Normale,Sans collision,,,,,,,,,,,1,2,1,1.0,7.0
201800047362,0018-02-06 11:45:00,18,2,6,11,45,690,202,11 NOVEMBRE (DU),45.73888,4.79669,Plein jour,En agglomération,Intersection en X,Normale,Autre collision,,,,,,,,,,,1,2,2,1.0,6.0
201800047363,0018-02-06 12:50:00,18,2,6,12,50,690,389,25EME REGIMENT DE TIRAIL,45.78179,4.7994,Plein jour,En agglomération,Hors intersection,Temps couvert,Sans collision,,,,,,,,,,,1,2,1,8.0,7.0
201800047364,0018-02-07 14:45:00,18,2,7,14,45,690,385,"71, JOLIOT CURIE",45.7553,4.7897,Plein jour,En agglomération,Hors intersection,Neige / grêle,Autre collision,,,,,,,,,,,1,2,1,4.0,6.0
201800047365,0018-02-07 14:25:00,18,2,7,14,25,690,81,"5, COLLOVRIER (DU)",45.7904,4.77873,Plein jour,En agglomération,Hors intersection,Neige / grêle,Sans collision,,,,,,,,,,,1,2,1,4.0,7.0
201800047366,0018-02-07 21:15:00,18,2,7,21,15,690,34,"sans, AVENIR CROIX ROUSS",45.79161,4.84105,Nuit avec éclairage allumé,En agglomération,Hors intersection,Pluie légère,Deux véhicules - frontale,,,,,,,,,,,5,2,1,2.0,1.0
201800047367,0018-02-06 16:40:00,18,2,6,16,40,690,389,"518, SAUVEGARDE (DE LA)",45.78716,4.79052,Plein jour,En agglomération,Hors intersection,Neige / grêle,Autre collision,,,,,,,,,,,1,2,1,4.0,6.0
201800047368,0018-02-08 20:10:00,18,2,8,20,10,690,149,JEAN JAURES,45.71154,4.81997,Nuit avec éclairage allumé,En agglomération,Hors intersection,Normale,Deux véhicules - côté,,,,,,,,,,,5,2,1,1.0,3.0
201800047369,0018-02-09 20:50:00,18,2,9,20,50,690,381,POUTEAU,45.77174,4.833,Nuit avec éclairage allumé,En agglomération,Hors intersection,Pluie légère,Deux véhicules - arrière,,,,,,,,,,,5,2,1,2.0,2.0
201800047370,0018-02-10 18:45:00,18,2,10,18,45,690,384,TUNNEL DE LA CROIX ROUSS,45.77448,4.81,Nuit avec éclairage allumé,En agglomération,Hors intersection,Normale,Deux véhicules - arrière,,,,,,,,,,,5,2,1,1.0,2.0
201800047371,0018-02-11 13:48:00,18,2,11,13,48,690,389,"120, ST CYR (DE)",45.78787,4.80871,Plein jour,En agglomération,Intersection en Y,Pluie légère,Deux véhicules - frontale,,,,,,,,,,,1,2,4,2.0,1.0
201800047372,0018-02-11 17:35:00,18,2,11,17,35,690,286,EUROPE (DE L'),45.81763,4.90239,Plein jour,En agglomération,Hors intersection,Pluie légère,Autre collision,,,,,,,,,,,1,2,1,2.0,6.0
201800047373,0018-02-12 14:15:00,18,2,12,14,15,690,382,"14, GROLEE",45.761,4.83687,Plein jour,En agglomération,Intersection en X,Neige / grêle,Deux véhicules - côté,,,,,,,,,,,1,2,2,4.0,3.0
201800047374,0018-02-12 14:00:00,18,2,12,14,0,690,384,BD DE LA CROIX ROUSS,45.7745,4.82821,Plein jour,En agglomération,Hors intersection,Normale,Autre collision,,,,,,,,,,,1,2,1,1.0,6.0
201800047375,0018-02-01 05:30:00,18,2,1,5,30,690,389,"21, DOCTEUR RAFIN (DU)",45.76672,4.81,Nuit avec éclairage allumé,En agglomération,Hors intersection,Pluie légère,Autre collision,,,,,,,,,,,5,2,1,2.0,6.0
201800047376,0018-02-13 07:55:00,18,2,13,7,55,690,382,"10, SUCHET",45.74811,4.82105,Crépuscule ou aube,En agglomération,Intersection en X,Normale,Deux véhicules - côté,,,,,,,,,,,2,2,2,1.0,3.0
201800047377,0018-02-13 13:25:00,18,2,13,13,25,690,34,"137, GENERAL DE GAULLE",45.81557,4.86103,Plein jour,En agglomération,Hors intersection,Normale,Deux véhicules - frontale,,,,,,,,,,,1,2,1,1.0,1.0
201800047378,0018-02-15 18:55:00,18,2,15,18,55,690,81,"39, VERNIQUE (DE LA )",45.76814,4.78,Nuit avec éclairage allumé,En agglomération,Hors intersection,Normale,Autre collision,,,,,,,,,,,5,2,1,1.0,6.0
201800047379,0018-02-17 13:05:00,18,2,17,13,5,690,152,MURIERS (DES),45.69509,4.826,Plein jour,En agglomération,Autre intersection,Pluie forte,Deux véhicules - arrière,,,,,,,,,,,1,2,9,3.0,2.0
201800047380,0018-02-17 21:26:00,18,2,17,21,26,690,286,"35, ROUTE DE GENEVE",45.80571,4.88575,Nuit avec éclairage allumé,En agglomération,Hors intersection,Normale,Deux véhicules - côté,,,,,,,,,,,5,2,1,1.0,3.0
201800047381,0018-02-17 10:00:00,18,2,17,10,0,690,152,"16, JULES GUESDE",45.69758,4.82382,Plein jour,En agglomération,Hors intersection,Pluie légère,Deux véhicules - arrière,,,,,,,,,,,1,2,1,2.0,2.0
201800047382,0018-02-17 20:45:00,18,2,17,20,45,690,384,"16, JOSEPH GILLET",45.77326,4.81288,Nuit avec éclairage allumé,En agglomération,Hors intersection,Normale,Deux véhicules - côté,,,,,,,,,,,5,2,1,1.0,3.0
201800047383,0018-02-17 17:30:00,18,2,17,17,30,690,152,"25, MURIERS (DES)",45.69499,4.82386,Crépuscule ou aube,En agglomération,Hors intersection,Pluie légère,Deux véhicules - arrière,,,,,,,,,,,2,2,1,2.0,2.0
201800047384,0018-02-15 19:30:00,18,2,15,19,30,690,34,"22, PIERRE BRUNIER",45.80079,4.84811,Nuit avec éclairage allumé,En agglomération,Hors intersection,Normale,Trois véhicules et plus - en chaîne,,,,,,,,,,,5,2,1,1.0,4.0
201800047385,0018-02-18 16:50:00,18,2,18,16,50,690,382,"3, CORDELIERS (DES)",45.76354,4.83733,Plein jour,En agglomération,Intersection en T,Temps couvert,Deux véhicules - côté,,,,,,,,,,,1,2,3,8.0,3.0
201800047386,0018-02-19 15:14:00,18,2,19,15,14,690,389,PROFESSEUR PATEL (DU),45.76556,4.79217,Plein jour,Hors agglomération,Hors intersection,Normale,Autre collision,,,,,,,,,,,1,1,1,1.0,6.0
201800047387,0018-02-20 16:00:00,18,2,20,16,0,690,34,PIERRE TERRASSE,45.7985,4.84975,Plein jour,En agglomération,Place,Normale,Autre collision,,,,,,,,,,,1,2,7,1.0,6.0
201800047388,0018-02-17 20:00:00,18,2,17,20,0,690,34,"26, BALME BARON (DE)",45.8004,4.8757,Nuit avec éclairage allumé,En agglomération,Intersection en X,Normale,Deux véhicules - côté,,,,,,,,,,,5,2,2,1.0,3.0
201800047389,0018-02-21 18:50:00,18,2,21,18,50,690,385,"33, CHOULANS (DE)",45.75236,4.81962,Nuit avec éclairage allumé,En agglomération,Hors intersection,Normale,Sans collision,,,,,,,,,,,5,2,1,1.0,7.0
201800047390,0018-02-23 18:25:00,18,2,23,18,25,690,202,"23, GENSOUL",45.7348,4.80447,Crépuscule ou aube,En agglomération,Intersection en T,Normale,Autre collision,,,,,,,,,,,2,2,3,1.0,6.0
201800047391,0018-02-24 14:00:00,18,2,24,14,0,690,389,JAYR,45.77499,4.80827,Plein jour,En agglomération,Intersection en T,Normale,Autre collision,,,,,,,,,,,1,2,3,1.0,6.0
201800047392,0018-02-23 02:30:00,18,2,23,2,30,690,149,"95, EMILE ZOLA",45.71974,4.80202,Nuit avec éclairage allumé,En agglomération,Intersection en X,Normale,Deux véhicules - côté,,,,,,,,,,,5,2,2,1.0,3.0
201800047393,0018-02-27 10:50:00,18,2,27,10,50,690,381,GENERAL GIRAUD (DU),45.76908,4.82074,Plein jour,En agglomération,Hors intersection,Normale,Autre collision,,,,,,,,,,,1,2,1,1.0,6.0
201800047394,0018-02-27 08:30:00,18,2,27,8,30,690,152,MURIERS (DES),45.69508,4.82606,Plein jour,En agglomération,Giratoire,Normale,Sans collision,,,,,,,,,,,1,2,6,1.0,7.0
201800047395,0018-03-01 08:45:00,18,3,1,8,45,690,381,"2, PROVENCE (DE)",45.77234,4.83747,Plein jour,En agglomération,Hors intersection,Neige / grêle,Sans collision,,,,,,,,,,,1,2,1,4.0,7.0
201800047396,0018-03-01 19:30:00,18,3,1,19,30,690,149,BOTTIERES (DES),45.72179,4.79216,Nuit avec éclairage allumé,En agglomération,Intersection en T,Normale,Deux véhicules - côté,,,,,,,,,,,5,2,3,1.0,3.0
201800047397,0018-03-02 16:15:00,18,3,2,16,15,690,152,ROGER SALENGRO,45.70555,4.82172,Plein jour,En agglomération,Autre intersection,Normale,Autre collision,,,,,,,,,,,1,2,9,1.0,6.0
201800047398,0018-03-03 16:20:00,18,3,3,16,20,690,384,"46, CUIRE (DE)",45.77891,4.8295,Plein jour,En agglomération,Intersection en T,Normale,Deux véhicules - côté,,,,,,,,,,,1,2,3,1.0,3.0
201800047399,0018-03-05 06:55:00,18,3,5,6,55,690,149,"21, EMILE ZOLA",45.7181,4.80823,Crépuscule ou aube,En agglomération,Hors intersection,Normale,Sans collision,,,,,,,,,,,2,2,1,1.0,7.0
201800047400,0018-03-05 06:45:00,18,3,5,6,45,690,384,HERBOUVILLE (D'),45.7767,4.8399,Crépuscule ou aube,En agglomération,Hors intersection,Normale,Sans collision,,,,,,,,,,,2,2,1,1.0,7.0
201800047401,0018-03-05 06:40:00,18,3,5,6,40,690,34,"157 b, ST CLAIR (DE)",45.79,4.86,Nuit avec éclairage allumé,En agglomération,Intersection en X,Normale,Deux véhicules - côté,,,,,,,,,,,5,2,2,1.0,3.0
201800047402,0018-03-06 08:30:00,18,3,6,8,30,690,384,"16, JOSEPH GILLET",45.77321,4.81307,Plein jour,En agglomération,Hors intersection,Temps couvert,Sans collision,,,,,,,,,,,1,2,1,8.0,7.0
201800047403,0018-03-06 18:50:00,18,3,6,18,50,690,202,11 NOVEMBRE (DU),45.73677,4.79596,Nuit avec éclairage allumé,En agglomération,Hors intersection,Pluie forte,Autre collision,,,,,,,,,,,5,2,1,3.0,6.0
201800047404,0018-03-07 08:25:00,18,3,7,8,25,690,385,BARTHELEMY BUYER,45.76396,4.79265,Plein jour,En agglomération,Hors intersection,Normale,Autre collision,,,,,,,,,,,1,2,1,1.0,6.0
201800047405,0018-03-07 08:25:00,18,3,7,8,25,690,149,"25, PIERRE SEMARD",45.717,4.812,Plein jour,En agglomération,Hors intersection,Normale,Autre collision,,,,,,,,,,,1,2,1,1.0,6.0
201800047406,0018-03-09 11:57:00,18,3,9,11,57,690,286,ROUTE DE STRASBOURG,45.81389,4.88824,Plein jour,En agglomération,Hors intersection,Normale,Deux véhicules - frontale,,,,,,,,,,,1,2,1,1.0,1.0
201800047407,0018-03-09 16:10:00,18,3,9,16,10,690,384,TUNNEL DE LA CROIX ROUSS,45.77457,4.81382,Plein jour,En agglomération,Hors intersection,Normale,Deux véhicules - arrière,,,,,,,,,,,1,2,1,1.0,2.0
201800047408,0018-03-09 19:00:00,18,3,9,19,0,690,286,"104, EUROPE (DE L')",45.81327,4.8931,Nuit avec éclairage allumé,En agglomération,Hors intersection,Vent fort / tempête,Sans collision,,,,,,,,,,,5,2,1,6.0,7.0
201800047409,0018-03-10 10:00:00,18,3,10,10,0,690,382,"134, CHARLEMAGNE",45.73,4.81,Plein jour,En agglomération,Hors intersection,Pluie légère,Trois véhicules et plus - en chaîne,,,,,,,,,,,1,2,1,2.0,4.0
201800047410,0018-03-10 20:05:00,18,3,10,20,5,690,149,"131, JEAN JAURES",45.7096,4.8209,Nuit avec éclairage allumé,En agglomération,Intersection en T,Normale,Sans collision,,,,,,,,,,,5,2,3,1.0,7.0
201800047411,0018-03-11 01:50:00,18,3,11,1,50,690,286,ROUTE DE STRASBOURG D 48,45.81612,4.89056,Nuit avec éclairage allumé,En agglomération,Hors intersection,Temps couvert,Sans collision,,,,,,,,,,,5,2,1,8.0,7.0
201800047412,0018-03-12 08:15:00,18,3,12,8,15,690,382,JULES COURMONT,45.76012,4.83786,Plein jour,En agglomération,Hors intersection,Pluie légère,Deux véhicules - côté,,,,,,,,,,,1,2,1,2.0,3.0
201800047413,0018-03-12 08:45:00,18,3,12,8,45,690,385,"131, JOLIOT CURIE",45.7548,4.7806,Plein jour,En agglomération,Hors intersection,Normale,Deux véhicules - côté,,,,,,,,,,,1,2,1,1.0,3.0
201800047414,0018-03-12 18:20:00,18,3,12,18,20,690,149,"95, FRANCISQUE JOMARD",45.71752,4.79112,Plein jour,En agglomération,Hors intersection,Normale,Autre collision,,,,,,,,,,,1,2,1,1.0,6.0
201800047415,0018-03-13 19:40:00,18,3,13,19,40,690,385,"34, CHOULANS (DE)",45.7227,4.81971,Nuit avec éclairage allumé,En agglomération,Hors intersection,Normale,Deux véhicules - arrière,,,,,,,,,,,5,2,1,1.0,2.0
201800047416,0018-03-14 12:00:00,18,3,14,12,0,690,382,"4, GRENETTE",45.7633,4.8329,Plein jour,En agglomération,Hors intersection,Normale,Deux véhicules - côté,,,,,,,,,,,1,2,1,1.0,3.0
201800047417,0018-03-16 10:30:00,18,3,16,10,30,690,389,"23, DUCHERE (DE LA)",45.77,4.79,Plein jour,En agglomération,Hors intersection,Normale,Deux véhicules - côté,,,,,,,,,,,1,2,1,1.0,3.0
201800047418,0018-03-19 14:10:00,18,3,19,14,10,690,389,"12, JOANNES CARRET",45.78756,4.81026,Plein jour,En agglomération,Hors intersection,Normale,Autre collision,,,,,,,,,,,1,2,1,1.0,6.0
201800047419,0018-02-24 04:00:00,18,2,24,4,0,690,381,"30, ST VINCENT",45.767,4.829,Nuit sans éclairage public,En agglomération,Hors intersection,Normale,Autre collision,,,,,,,,,,,3,2,1,1.0,6.0
201800047420,0018-03-20 13:40:00,18,3,20,13,40,690,34,"74, GENERAL DE GAULLE",45.80831,4.85639,Plein jour,En agglomération,Hors intersection,Normale,Autre collision,,,,,,,,,,,1,2,1,1.0,6.0
201800047421,0018-03-21 17:20:00,18,3,21,17,20,690,382,HENRI IV,45.76197,4.82739,Plein jour,En agglomération,Intersection en X,Normale,Autre collision,,,,,,,,,,,1,2,2,1.0,6.0
201800047422,0018-03-21 16:30:00,18,3,21,16,30,690,202,"11 bis, LIMBURG (DE)",45.73,4.77,Plein jour,En agglomération,Hors intersection,Normale,Autre collision,,,,,,,,,,,1,2,1,1.0,6.0
201800047423,0018-03-24 11:40:00,18,3,24,11,40,690,389,"1, ABBE PIERRE",45.78559,4.79553,Plein jour,En agglomération,Hors intersection,Normale,Autre collision,,,,,,,,,,,1,2,1,1.0,6.0
201800047424,0018-03-24 21:45:00,18,3,24,21,45,690,152,"70, AMPERE",45.70437,4.81748,Nuit avec éclairage allumé,En agglomération,Hors intersection,Normale,Autre collision,,,,,,,,,,,5,2,1,1.0,6.0
201800047425,0018-03-26 19:10:00,18,3,26,19,10,690,385,"4, DEBROUSSE",45.75126,4.81596,Crépuscule ou aube,En agglomération,Hors intersection,Pluie légère,Autre collision,,,,,,,,,,,2,2,1,2.0,6.0
201800047426,0018-03-27 13:55:00,18,3,27,13,55,690,389,"11, ROSA PARKS",45.78668,4.7929,Plein jour,En agglomération,Intersection en T,Pluie légère,Deux véhicules - côté,,,,,,,,,,,1,2,3,2.0,3.0
201800047427,0018-03-28 23:20:00,18,3,28,23,20,690,382,"22, TILSITT",45.75567,4.82623,Nuit avec éclairage allumé,En agglomération,Hors intersection,Pluie légère,Deux véhicules - arrière,,,,,,,,,,,5,2,1,2.0,2.0
201800047428,0018-03-29 07:40:00,18,3,29,7,40,690,382,"6, HRANT DINK",45.73997,4.81556,Plein jour,En agglomération,Hors intersection,Temps couvert,Deux véhicules - côté,,,,,,,,,,,1,2,1,8.0,3.0
201800047429,0018-03-29 10:25:00,18,3,29,10,25,690,34,"87, GENERAL DE GAULLE",45.81019,4.85743,Plein jour,En agglomération,Hors intersection,Normale,Autre collision,,,,,,,,,,,1,2,1,1.0,6.0
201800047430,0018-03-29 17:50:00,18,3,29,17,50,690,385,MERE ELISABETH RIVET,45.75317,4.79283,Plein jour,En agglomération,Intersection en T,Normale,Autre collision,,,,,,,,,,,1,2,3,1.0,6.0
201800047431,0018-03-29 21:55:00,18,3,29,21,55,690,34,"135, COSTE",45.79,4.83,Nuit avec éclairage allumé,En agglomération,Intersection en X,Normale,Deux véhicules - frontale,,,,,,,,,,,5,2,2,1.0,1.0
201800047432,0018-03-30 01:45:00,18,3,30,1,45,690,142,"99, STEPHANE DECHANT",45.7245,4.8133,Nuit avec éclairage allumé,En agglomération,Hors intersection,Normale,Autre collision,,,,,,,,,,,5,2,1,1.0,6.0
201800047433,0018-03-29 12:18:00,18,3,29,12,18,690,286,"2915, ROUTE DE STRASBOUR",45.82052,4.8961,Plein jour,En agglomération,Hors intersection,Normale,Autre collision,,,,,,,,,,,1,2,1,1.0,6.0
201800047434,0018-03-29 19:10:00,18,3,29,19,10,690,382,PRESIDENT EDOUARD HERRIO,45.76,4.83,Plein jour,En agglomération,Hors intersection,Normale,Deux véhicules - côté,,,,,,,,,,,1,2,1,1.0,3.0
201800047435,0018-03-31 04:30:00,18,3,31,4,30,690,382,"12, JULES COURMONT",45.7604,4.83754,Nuit avec éclairage allumé,En agglomération,Hors intersection,Normale,Autre collision,,,,,,,,,,,5,2,1,1.0,6.0
201800047436,0018-04-01 05:03:00,18,4,1,5,3,690,381,PECHERIE (DE LA),45.76611,4.8091,Nuit avec éclairage allumé,En agglomération,Hors intersection,Normale,Trois véhicules et plus - en chaîne,,,,,,,,,,,5,2,1,1.0,4.0
201800047437,0018-04-01 04:15:00,18,4,1,4,15,690,385,MENIVAL (DE),45.7553,4.7882,Nuit avec éclairage allumé,En agglomération,Hors intersection,Normale,Deux véhicules - frontale,,,,,,,,,,,5,2,1,1.0,1.0
201800047438,0018-04-04 09:00:00,18,4,4,9,0,690,389,PARIS (DE),45.7814,4.8064,Plein jour,En agglomération,Hors intersection,Normale,Autre collision,,,,,,,,,,,1,2,1,1.0,6.0
201800047439,0018-04-04 19:40:00,18,4,4,19,40,690,382,JEAN MOULIN,45.76355,4.83847,Crépuscule ou aube,En agglomération,Intersection en X,Pluie légère,Deux véhicules - côté,,,,,,,,,,,2,2,2,2.0,3.0
201800047440,0018-04-04 22:35:00,18,4,4,22,35,690,382,PERRACHE,45.7426,4.8235,Nuit avec éclairage allumé,En agglomération,Hors intersection,Normale,Deux véhicules - arrière,,,,,,,,,,,5,2,1,1.0,2.0
201800047441,0018-04-04 11:50:00,18,4,4,11,50,690,389,DOCKS (DES),45.78644,4.81153,Plein jour,En agglomération,Hors intersection,Pluie forte,Autre collision,,,,,,,,,,,1,2,1,3.0,6.0
201800047442,0018-04-06 17:30:00,18,4,6,17,30,690,142,JEAN JACQUES ROUSSEAU,45.74845,4.81592,Plein jour,En agglomération,Intersection en T,Normale,Deux véhicules - côté,,,,,,,,,,,1,2,3,1.0,3.0
201800047443,0018-04-06 17:30:00,18,4,6,17,30,690,389,ST CYR (DE),45.78995,4.80807,Plein jour,En agglomération,Hors intersection,Normale,Deux véhicules - arrière,,,,,,,,,,,1,2,1,1.0,2.0
201800047444,0018-04-07 10:45:00,18,4,7,10,45,690,34,COSTE,45.78635,4.83383,Plein jour,En agglomération,Hors intersection,Normale,Sans collision,,,,,,,,,,,1,2,1,1.0,7.0
201800047445,0018-04-08 15:45:00,18,4,8,15,45,690,382,DOCTEUR GAILLETON (DU),45.75289,4.8337,Plein jour,En agglomération,Intersection en X,Normale,Deux véhicules - arrière,,,,,,,,,,,1,2,2,1.0,2.0
201800047446,0018-04-08 16:20:00,18,4,8,16,20,690,34,GEORGES CLEMENCEAU,45.80923,4.84419,Plein jour,En agglomération,Hors intersection,Normale,Deux véhicules - arrière,,,,,,,,,,,1,2,1,1.0,2.0
201800047447,0018-03-30 03:15:00,18,3,30,3,15,690,389,COMMERCE (DU),45.7805,4.80907,Nuit avec éclairage allumé,En agglomération,Intersection en X,Pluie légère,Deux véhicules - côté,,,,,,,,,,,5,2,2,2.0,3.0
201800047448,0018-04-09 00:45:00,18,4,9,0,45,690,382,JEAN MOULIN,45.76383,4.83843,Nuit avec éclairage allumé,En agglomération,Hors intersection,Normale,Autre collision,,,,,,,,,,,5,2,1,1.0,6.0
201800047449,0018-04-01 22:15:00,18,4,1,22,15,690,382,GALLIENI,45.74895,4.83035,Nuit sans éclairage public,En agglomération,Autre intersection,Normale,Sans collision,,,,,,,,,,,3,2,9,1.0,7.0
201800047450,0018-04-11 12:55:00,18,4,11,12,55,690,285,42 rue de l'égalité,45.75395,5.06763,Plein jour,En agglomération,Hors intersection,Normale,Autre collision,,,,,,,,,,,1,2,1,1.0,6.0
201800047451,0018-04-11 12:54:00,18,4,11,12,54,690,149,GRANDE RUE,45.71804,4.80994,Plein jour,En agglomération,Intersection en T,Normale,Trois véhicules et plus - collisions multiples,,,,,,,,,,,1,2,3,1.0,5.0
201800047452,0018-04-11 20:45:00,18,4,11,20,45,690,385,CHOULANS (DE),45.75637,4.81512,Nuit avec éclairage allumé,En agglomération,Intersection en X,Normale,Deux véhicules - côté,,,,,,,,,,,5,2,2,1.0,3.0
201800047453,0018-04-11 11:30:00,18,4,11,11,30,690,384,HERBOUVILLE (D'),45.7749,4.8392,Plein jour,En agglomération,Hors intersection,Normale,Deux véhicules - arrière,,,,,,,,,,,1,2,1,1.0,2.0
201800047454,0018-04-17 14:15:00,18,4,17,14,15,690,149,EMILE ZOLA,45.71955,4.80438,Plein jour,En agglomération,Hors intersection,Normale,Deux véhicules - arrière,,,,,,,,,,,1,2,1,1.0,2.0
201800047455,0018-04-17 18:20:00,18,4,17,18,20,690,389,GORGE DE LOUP,45.76814,4.78,Plein jour,En agglomération,Intersection en X,Normale,Deux véhicules - frontale,,,,,,,,,,,1,2,2,1.0,1.0
201800047456,0018-04-18 12:30:00,18,4,18,12,30,690,381,ANDRE LASSAGNE,45.76867,4.83778,Plein jour,En agglomération,Autre intersection,Normale,Deux véhicules - frontale,,,,,,,,,,,1,2,9,1.0,1.0
201800047457,0018-04-19 11:50:00,18,4,19,11,50,690,81,PROFESSEUR PAUL SANTY (D,45.77132,4.77116,Plein jour,En agglomération,Hors intersection,Normale,Autre collision,,,,,,,,,,,1,2,1,1.0,6.0
201800047458,0018-04-18 19:00:00,18,4,18,19,0,690,202,STE BARBE,45.73275,4.78727,Plein jour,En agglomération,Hors intersection,Normale,Deux véhicules - côté,,,,,,,,,,,1,2,1,1.0,3.0
201800047459,0018-04-19 00:10:00,18,4,19,0,10,690,389,GEORGES CLEMENCEAU,45.77487,4.80871,Nuit avec éclairage allumé,En agglomération,Intersection en X,Normale,Autre collision,,,,,,,,,,,5,2,2,1.0,6.0
201800047460,0018-04-19 13:00:00,18,4,19,13,0,690,389,BEN GOURION   (AV),45.78841,4.7882,Plein jour,En agglomération,Hors intersection,Normale,Trois véhicules et plus - collisions multiples,,,,,,,,,,,1,2,1,1.0,5.0
201800047461,0018-04-20 08:20:00,18,4,20,8,20,690,389,JAYR,45.7748,4.8083,Plein jour,En agglomération,Hors intersection,Normale,Deux véhicules - frontale,,,,,,,,,,,1,2,1,1.0,1.0