accident_id,datetime,annee,mois,jour,heure,minute,departement,commune_insee,adresse,latitude,longitude,luminosite,agglomeration,intersection,meteo,collision,nb_vehicules,nb_usagers,nb_indemnes,nb_tues,nb_blesses_hosp,nb_blesses_legers,age_cond_1,age_cond_2,veh_type_cond_1,veh_type_cond_2,lum_code,agg_code,int_code,atm_code,col_code
201800047462,0018-04-20 22:00:00,18,4,20,22,0,690,382,CELESTINS (DES),45.7601,4.83054,Nuit avec éclairage allumé,En agglomération,Hors intersection,Normale,Deux véhicules - côté,,,,,,,,,,,5,2,1,1.0,3.0
201800047463,0018-04-21 22:40:00,18,4,21,22,40,690,152,EUROPE (DE L'),45.70038,4.82291,Nuit avec éclairage allumé,En agglomération,Hors intersection,Normale,Sans collision,,,,,,,,,,,5,2,1,1.0,7.0
201800047464,0018-04-24 08:20:00,18,4,24,8,20,690,389,PAUL SEDAILLIAN,45.79513,4.82449,Plein jour,En agglomération,Hors intersection,Normale,Sans collision,,,,,,,,,,,1,2,1,1.0,7.0
201800047465,0018-04-25 09:00:00,18,4,25,9,0,690,389,BEN GOURION   (AV),45.78797,4.78472,Plein jour,En agglomération,Hors intersection,Normale,Deux véhicules - arrière,,,,,,,,,,,1,2,1,1.0,2.0
201800047466,0018-04-25 13:45:00,18,4,25,13,45,690,385,PIERRE SCIZE,45.7665,4.8202,Plein jour,En agglomération,Hors intersection,Normale,Autre collision,,,,,,,,,,,1,2,1,1.0,6.0
201800047467,0018-04-26 18:00:00,18,4,26,18,0,690,389,MARIETTON,45.77603,4.7997,Plein jour,En agglomération,Hors intersection,Normale,Deux véhicules - côté,,,,,,,,,,,1,2,1,1.0,3.0
201800047468,0018-04-27 14:10:00,18,4,27,14,10,690,381,ST VINCENT,45.76766,4.81767,Plein jour,En agglomération,Hors intersection,Normale,Autre collision,,,,,,,,,,,1,2,1,1.0,6.0
201800047469,0018-04-27 15:00:00,18,4,27,15,0,690,149,FRANCISQUE JOMARD,45.71616,4.79612,Plein jour,En agglomération,Hors intersection,Normale,Deux véhicules - frontale,,,,,,,,,,,1,2,1,1.0,1.0
201800047470,0018-04-27 20:40:00,18,4,27,20,40,690,389,OBSERVANCE (DE L'),45.76789,4.80952,Nuit avec éclairage allumé,En agglomération,Hors intersection,Normale,Autre collision,,,,,,,,,,,5,2,1,1.0,6.0
201800047471,0018-04-28 01:30:00,18,4,28,1,30,690,385,CHOULANS (DE),45.75196,4.8169,Nuit avec éclairage allumé,En agglomération,Hors intersection,Temps couvert,Autre collision,,,,,,,,,,,5,2,1,8.0,6.0
201800047472,0018-04-28 21:10:00,18,4,28,21,10,690,385,SOEUR BOUVIER,45.75464,4.81246,Nuit avec éclairage allumé,En agglomération,Intersection en X,Normale,Deux véhicules - côté,,,,,,,,,,,5,2,2,1.0,3.0
201800047473,0018-04-24 17:20:00,18,4,24,17,20,690,384,JOSEPH GILLET,45.78104,4.8126,Plein jour,En agglomération,Hors intersection,Normale,Deux véhicules - arrière,,,,,,,,,,,1,2,1,1.0,2.0
201800047474,0018-04-25 17:00:00,18,4,25,17,0,690,152,8 MAI 1945 (DU),45.7006,4.8229,Plein jour,En agglomération,Intersection en T,Normale,Deux véhicules - côté,,,,,,,,,,,1,2,3,1.0,3.0
201800047475,0018-04-30 17:45:00,18,4,30,17,45,690,385,BARTHELEMY BUYER,45.76006,4.80607,Plein jour,En agglomération,Hors intersection,Pluie légère,Autre collision,,,,,,,,,,,1,2,1,2.0,6.0
201800047476,0018-04-30 21:15:00,18,4,30,21,15,690,382,REPUBLIQUE (DE LA),45.76199,4.83576,Nuit avec éclairage allumé,En agglomération,Hors intersection,Normale,Deux véhicules - frontale,,,,,,,,,,,5,2,1,1.0,1.0
201800047477,0018-05-01 07:50:00,18,5,1,7,50,690,34,BELLEVUE,45.78542,4.84804,Plein jour,En agglomération,Intersection en T,Pluie légère,Deux véhicules - arrière,,,,,,,,,,,1,2,3,2.0,2.0
201800047478,0018-04-25 17:00:00,18,4,25,17,0,690,34,GEORGES CLEMENCEAU,45.7917,4.8234,Plein jour,En agglomération,Hors intersection,Normale,Deux véhicules - frontale,,,,,,,,,,,1,2,1,1.0,1.0
201800047479,0018-05-02 11:25:00,18,5,2,11,25,690,389,JAYR,45.7765,4.8075,Plein jour,En agglomération,Intersection en X,Normale,Deux véhicules - côté,,,,,,,,,,,1,2,2,1.0,3.0
201800047480,0018-05-03 09:05:00,18,5,3,9,5,690,389,ROSA PARKS,45.78,4.78,Plein jour,En agglomération,Intersection en X,Pluie légère,Deux véhicules - côté,,,,,,,,,,,1,2,2,2.0,3.0
201800047481,0018-05-03 07:50:00,18,5,3,7,50,690,381,ANNONCIADE (DE L'),45.76984,4.82918,Plein jour,En agglomération,Hors intersection,Pluie légère,Deux véhicules - côté,,,,,,,,,,,1,2,1,2.0,3.0
201800047482,0018-05-03 23:01:00,18,5,3,23,1,690,389,ST PIERRE DE VAISE,45.77353,4.8086,Nuit avec éclairage allumé,En agglomération,Hors intersection,Normale,Deux véhicules - arrière,,,,,,,,,,,5,2,1,1.0,2.0
201800047483,0018-05-04 08:10:00,18,5,4,8,10,690,389,RAOUL CARRIE,45.7997,4.83559,Plein jour,En agglomération,Hors intersection,Normale,Deux véhicules - arrière,,,,,,,,,,,1,2,1,1.0,2.0
201800047484,0018-05-04 07:45:00,18,5,4,7,45,690,389,PAUL SEDAILLIAN,45.79471,4.82388,Crépuscule ou aube,En agglomération,Intersection en T,Normale,Deux véhicules - frontale,,,,,,,,,,,2,2,3,1.0,1.0
201800047485,0018-05-04 22:45:00,18,5,4,22,45,690,384,TAPIS (DES),45.77491,4.82984,Nuit avec éclairage allumé,En agglomération,Hors intersection,Normale,Autre collision,,,,,,,,,,,5,2,1,1.0,6.0
201800047486,0018-05-04 23:30:00,18,5,4,23,30,690,389,25EME REGIMENT DE TIRAIL,45.7741,4.80538,Nuit avec éclairage allumé,En agglomération,Giratoire,Normale,Sans collision,,,,,,,,,,,5,2,6,1.0,7.0
201800047487,0018-05-05 08:50:00,18,5,5,8,50,690,382,MARECHAL JOFFRE (DU),45.75,4.82,Plein jour,En agglomération,Intersection en T,Normale,Deux véhicules - côté,,,,,,,,,,,1,2,3,1.0,3.0
201800047488,0018-05-05 08:30:00,18,5,5,8,30,690,286,AMPERE,45.82,4.901,Plein jour,En agglomération,Hors intersection,Normale,Autre collision,,,,,,,,,,,1,2,1,1.0,6.0
201800047489,0018-05-05 07:00:00,18,5,5,7,0,690,34,CLOS COLLINOT (DU),45.79509,4.85318,Crépuscule ou aube,En agglomération,Hors intersection,Normale,Sans collision,,,,,,,,,,,2,2,1,1.0,7.0
201800047490,0018-05-07 09:30:00,18,5,7,9,30,690,34,CREPIEUX (DE),45.80074,4.85143,Plein jour,En agglomération,Giratoire,Normale,Deux véhicules - côté,,,,,,,,,,,1,2,6,1.0,3.0
201800047491,0018-05-10 20:50:00,18,5,10,20,50,690,286,MERCIERES (DES),45.81488,4.88488,Plein jour,Hors agglomération,Hors intersection,Normale,Deux véhicules - côté,,,,,,,,,,,1,1,1,1.0,3.0
201800047492,0018-05-10 23:00:00,18,5,10,23,0,690,382,BARRE (DE LA),45.75831,4.83633,Nuit avec éclairage allumé,En agglomération,Hors intersection,Normale,Autre collision,,,,,,,,,,,5,2,1,1.0,6.0
201800047493,0018-05-11 02:15:00,18,5,11,2,15,690,382,CELESTINS (DES),45.75953,4.83207,Nuit avec éclairage allumé,En agglomération,Place,Normale,Deux véhicules - côté,,,,,,,,,,,5,2,7,1.0,3.0
201800047494,0018-05-07 20:10:00,18,5,7,20,10,690,389,BARTHELEMY BUYER,45.76387,4.79459,Plein jour,En agglomération,Hors intersection,Normale,Autre collision,,,,,,,,,,,1,2,1,1.0,6.0
201800047495,0018-05-09 11:50:00,18,5,9,11,50,690,34,LOUIS DUFOUR,45.80064,4.8513,Plein jour,En agglomération,Autre intersection,Normale,Deux véhicules - arrière,,,,,,,,,,,1,2,9,1.0,2.0
201800047496,0018-05-11 18:40:00,18,5,11,18,40,690,382,KITCHENER MARCHAND,45.75113,4.82333,Plein jour,En agglomération,Hors intersection,Normale,Deux véhicules - côté,,,,,,,,,,,1,2,1,1.0,3.0
201800047497,0018-05-14 15:50:00,18,5,14,15,50,690,381,JEAN MOULIN,45.76659,4.83791,Plein jour,En agglomération,Hors intersection,Normale,Deux véhicules - arrière,,,,,,,,,,,1,2,1,1.0,2.0
201800047498,0018-05-16 07:40:00,18,5,16,7,40,690,202,PAUL DAILLY,45.72779,4.77915,Plein jour,En agglomération,Hors intersection,Normale,Deux véhicules - arrière,,,,,,,,,,,1,2,1,1.0,2.0
201800047499,0018-05-16 17:15:00,18,5,16,17,15,690,81,STADE (DU),45.78149,4.78589,Plein jour,En agglomération,Hors intersection,Normale,Autre collision,,,,,,,,,,,1,2,1,1.0,6.0
201800047500,0018-05-18 08:50:00,18,5,18,8,50,690,81,VERDUN (DE),45.77308,4.79144,Plein jour,En agglomération,Hors intersection,Normale,Deux véhicules - côté,,,,,,,,,,,1,2,1,1.0,3.0
201800047501,0018-05-19 05:10:00,18,5,19,5,10,690,382,BARRE (DE LA),45.75761,4.83562,Nuit avec éclairage allumé,En agglomération,Hors intersection,Normale,Deux véhicules - côté,,,,,,,,,,,5,2,1,1.0,3.0
201800047502,0018-05-19 19:17:00,18,5,19,19,17,690,286,GENERAL LECLERC,45.81443,4.90017,Plein jour,En agglomération,Hors intersection,Normale,Autre collision,,,,,,,,,,,1,2,1,1.0,6.0
201800047503,0018-05-20 10:40:00,18,5,20,10,40,690,389,SIDOINE APPOLINAIRE,45.7683,4.79534,Plein jour,En agglomération,Hors intersection,Normale,Autre collision,,,,,,,,,,,1,2,1,1.0,6.0
201800047504,0018-05-20 18:30:00,18,5,20,18,30,690,202,VALIOUD,45.74804,4.81236,Plein jour,En agglomération,Hors intersection,Normale,Deux véhicules - frontale,,,,,,,,,,,1,2,1,1.0,1.0
201800047505,0018-05-16 12:00:00,18,5,16,12,0,690,382,ST BONAVENTURE,45.76267,4.838,Plein jour,En agglomération,Intersection en T,Normale,Deux véhicules - côté,,,,,,,,,,,1,2,3,1.0,3.0
201800047506,0018-05-21 16:00:00,18,5,21,16,0,690,152,HENRI BARBUSSE,45.69784,4.82139,Plein jour,En agglomération,Intersection en X,Normale,Autre collision,,,,,,,,,,,1,2,2,1.0,6.0
201800047507,0018-05-21 18:30:00,18,5,21,18,30,690,389,SIDOINE APPOLINAIRE,45.77428,4.7949,Plein jour,En agglomération,Hors intersection,Normale,Autre collision,,,,,,,,,,,1,2,1,1.0,6.0
201800047508,0018-05-21 19:00:00,18,5,21,19,0,690,381,LOUIS PRADEL,45.76861,4.83724,Plein jour,En agglomération,Hors intersection,Normale,Deux véhicules - côté,,,,,,,,,,,1,2,1,1.0,3.0
201800047509,0018-05-13 20:40:00,18,5,13,20,40,690,384,BOUCLE (DE LA),45.7795,4.8409,Crépuscule ou aube,En agglomération,Hors intersection,Normale,Trois véhicules et plus - collisions multiples,,,,,,,,,,,2,2,1,1.0,5.0
201800047510,0018-05-23 10:05:00,18,5,23,10,5,690,385,MERE ELISABETH RIVET,45.73405,4.97289,Plein jour,En agglomération,Intersection en Y,Temps couvert,Autre collision,,,,,,,,,,,1,2,4,8.0,6.0
201800047511,0018-05-23 20:15:00,18,5,23,20,15,690,385,COMMANDANT CHARCOT (DU),45.74327,4.83671,Crépuscule ou aube,En agglomération,Hors intersection,Temps éblouissant,Deux véhicules - côté,,,,,,,,,,,2,2,1,7.0,3.0
201800047512,0018-05-23 09:00:00,18,5,23,9,0,690,34,GEORGES CLEMENCEAU,45.79583,4.83077,Plein jour,En agglomération,Hors intersection,Normale,Deux véhicules - côté,,,,,,,,,,,1,2,1,1.0,3.0
201800047513,0018-05-24 16:45:00,18,5,24,16,45,690,389,MARIETTON,45.77582,4.8016,Plein jour,En agglomération,Intersection en X,Normale,Autre collision,,,,,,,,,,,1,2,2,1.0,6.0
201800047514,0018-05-25 06:00:00,18,5,25,6,0,690,149,EMILE ZOLA,45.72059,4.79755,Plein jour,En agglomération,Intersection en X,Normale,Deux véhicules - frontale,,,,,,,,,,,1,2,2,1.0,1.0
201800047515,0018-05-25 16:40:00,18,5,25,16,40,690,385,DEBROUSSE,45.74846,4.81272,Plein jour,En agglomération,Hors intersection,Normale,Autre collision,,,,,,,,,,,1,2,1,1.0,6.0
201800047516,0018-05-25 04:20:00,18,5,25,4,20,690,381,JEAN MOULIN,45.76616,4.83811,Nuit avec éclairage allumé,En agglomération,Intersection en T,Normale,Deux véhicules - côté,,,,,,,,,,,5,2,3,1.0,3.0
201800047517,0018-05-27 10:30:00,18,5,27,10,30,690,202,VALIOUD,45.73663,4.80501,Plein jour,En agglomération,Hors intersection,Normale,Autre collision,,,,,,,,,,,1,2,1,1.0,6.0
201800047518,0018-05-27 04:50:00,18,5,27,4,50,690,389,PAUL SEDAILLIAN,45.79,4.82,Nuit avec éclairage allumé,En agglomération,Hors intersection,Pluie légère,Autre collision,,,,,,,,,,,5,2,1,2.0,6.0
201800047519,0018-05-26 20:50:00,18,5,26,20,50,690,382,CARNOT,45.75034,4.8287,Crépuscule ou aube,En agglomération,Hors intersection,Normale,Deux véhicules - arrière,,,,,,,,,,,2,2,1,1.0,2.0
201800047520,0018-05-27 14:00:00,18,5,27,14,0,690,202,VALIOUD,45.74804,4.81236,Plein jour,En agglomération,Hors intersection,Normale,Deux véhicules - frontale,,,,,,,,,,,1,2,1,1.0,1.0
201800047521,0018-05-27 22:55:00,18,5,27,22,55,690,149,RHONE (DU),45.71714,4.81499,Nuit avec éclairage allumé,En agglomération,Autre intersection,Pluie légère,Autre collision,,,,,,,,,,,5,2,9,2.0,6.0
201800047522,0018-05-28 13:15:00,18,5,28,13,15,690,81,BON PASTEUR (DU),45.7865,4.7767,Plein jour,En agglomération,Hors intersection,Normale,Deux véhicules - arrière,,,,,,,,,,,1,2,1,1.0,2.0
201800047523,0018-05-28 18:00:00,18,5,28,18,0,690,389,BALMONT (DE),45.78919,4.79954,Plein jour,En agglomération,Hors intersection,Pluie légère,Autre collision,,,,,,,,,,,1,2,1,2.0,6.0
201800047524,0018-05-29 07:50:00,18,5,29,7,50,690,34,BOUCLE (DE LA),45.77947,4.84412,Plein jour,En agglomération,Autre intersection,Normale,Deux véhicules - frontale,,,,,,,,,,,1,2,9,1.0,1.0
201800047525,0018-05-29 18:40:00,18,5,29,18,40,690,389,PAUL SEDAILLIAN,45.78869,4.81493,Plein jour,En agglomération,Hors intersection,Normale,Deux véhicules - côté,,,,,,,,,,,1,2,1,1.0,3.0
201800047526,0018-05-30 00:40:00,18,5,30,0,40,690,384,HERBOUVILLE (D'),45.75,4.85,Nuit avec éclairage allumé,En agglomération,Hors intersection,Normale,Deux véhicules - arrière,,,,,,,,,,,5,2,1,1.0,2.0
201800047527,0018-05-30 15:20:00,18,5,30,15,20,690,382,RAMBAUD,45.74942,4.82176,Plein jour,En agglomération,Intersection en T,Temps couvert,Deux véhicules - arrière,,,,,,,,,,,1,2,3,8.0,2.0
201800047528,0018-05-30 16:00:00,18,5,30,16,0,690,385,MACCHABEES (DES),45.77245,4.81542,Plein jour,En agglomération,Hors intersection,Pluie légère,Sans collision,,,,,,,,,,,1,2,1,2.0,7.0
201800047529,0018-05-30 19:10:00,18,5,30,19,10,690,81,PROFESSEUR PAUL SANTY (D,45.77393,4.77268,Plein jour,En agglomération,Giratoire,Pluie légère,Deux véhicules - côté,,,,,,,,,,,1,2,6,2.0,3.0
201800047530,0018-05-31 14:40:00,18,5,31,14,40,690,382,JULES COURMONT,45.76218,4.83819,Plein jour,En agglomération,Hors intersection,Normale,Deux véhicules - arrière,,,,,,,,,,,1,2,1,1.0,2.0
201800047531,0018-06-02 02:15:00,18,6,2,2,15,690,149,CLAUDE MICHEL,45.71815,4.80334,Nuit avec éclairage allumé,En agglomération,Intersection en X,Normale,Deux véhicules - côté,,,,,,,,,,,5,2,2,1.0,3.0
201800047532,0018-06-02 19:00:00,18,6,2,19,0,690,34,GENERAL DE GAULLE,45.80817,4.85629,Plein jour,En agglomération,Hors intersection,Normale,Autre collision,,,,,,,,,,,1,2,1,1.0,6.0
201800047533,0018-05-29 09:45:00,18,5,29,9,45,690,34,ARISTIDE BRIAND,45.78323,4.84437,Plein jour,En agglomération,Hors intersection,Normale,Trois véhicules et plus - en chaîne,,,,,,,,,,,1,2,1,1.0,4.0
201800047534,0018-06-04 23:20:00,18,6,4,23,20,690,34,VIADUC JOSEPH PICOT,45.79271,4.87191,Nuit sans éclairage public,En agglomération,Hors intersection,Pluie légère,Sans collision,,,,,,,,,,,3,2,1,2.0,7.0
201800047535,0018-06-05 09:00:00,18,6,5,9,0,690,385,CHEMIN NEUF (DU),45.75832,4.82272,Plein jour,En agglomération,Hors intersection,Normale,Deux véhicules - côté,,,,,,,,,,,1,2,1,1.0,3.0
201800047536,0018-06-05 10:05:00,18,6,5,10,5,690,384,GEORGES CLEMENCEAU,45.77481,4.81005,Plein jour,En agglomération,Hors intersection,Normale,Deux véhicules - côté,,,,,,,,,,,1,2,1,1.0,3.0
201800047537,0018-06-06 11:05:00,18,6,6,11,5,690,34,GENERAL DE GAULLE,45.81456,4.86191,Plein jour,En agglomération,Hors intersection,Normale,Deux véhicules - arrière,,,,,,,,,,,1,2,1,1.0,2.0
201800047538,0018-06-06 21:15:00,18,6,6,21,15,690,382,SUCHET,45.746,4.8243,Crépuscule ou aube,En agglomération,Intersection en X,Normale,Deux véhicules - arrière,,,,,,,,,,,2,2,2,1.0,2.0
201800047539,0018-06-07 21:00:00,18,6,7,21,0,690,385,BONDY (DE),45.76602,4.82884,Nuit sans éclairage public,En agglomération,Hors intersection,Pluie légère,Autre collision,,,,,,,,,,,3,2,1,2.0,6.0
201800047540,0018-06-07 22:45:00,18,6,7,22,45,690,381,ST VINCENT,45.76747,4.829,Nuit avec éclairage allumé,En agglomération,Intersection en T,Pluie forte,Deux véhicules - côté,,,,,,,,,,,5,2,3,3.0,3.0
201800047541,0018-06-08 15:00:00,18,6,8,15,0,690,389,CHAUVEAU,45.76791,4.81319,Plein jour,En agglomération,Intersection en T,Normale,Sans collision,,,,,,,,,,,1,2,3,1.0,7.0
201800047542,0018-06-09 16:40:00,18,6,9,16,40,690,34,BOUCLE (DE LA),45.7841,4.83149,Plein jour,En agglomération,Intersection en X,Normale,Deux véhicules - côté,,,,,,,,,,,1,2,2,1.0,3.0
201800047543,0018-06-05 12:00:00,18,6,5,12,0,690,382,AUVERGNE (D'),45.75381,4.83186,Plein jour,En agglomération,Hors intersection,Normale,Autre collision,,,,,,,,,,,1,2,1,1.0,6.0
201800047544,0018-06-11 10:23:00,18,6,11,10,23,690,381,TERME,45.76867,4.83173,Plein jour,En agglomération,Intersection en T,Pluie légère,Autre collision,,,,,,,,,,,1,2,3,2.0,6.0
201800047545,0018-06-12 09:25:00,18,6,12,9,25,690,149,GRANDE RUE,45.71156,4.80203,Plein jour,En agglomération,Intersection en T,Pluie légère,Deux véhicules - côté,,,,,,,,,,,1,2,3,2.0,3.0
201800047546,0018-06-12 19:45:00,18,6,12,19,45,690,34,PERIPHERIQUE NORD,45.78845,4.86448,Plein jour,Hors agglomération,Hors intersection,Pluie forte,Sans collision,,,,,,,,,,,1,1,1,3.0,7.0
201800047547,0018-06-13 17:11:00,18,6,13,17,11,690,202,PAUL DAILLY,45.72506,4.78049,Plein jour,En agglomération,Intersection en T,Normale,Deux véhicules - arrière,,,,,,,,,,,1,2,3,1.0,2.0
201800047548,0018-06-13 18:43:00,18,6,13,18,43,690,149,FRANCISQUE JOMARD,45.71743,4.79244,Plein jour,En agglomération,Hors intersection,Normale,Deux véhicules - côté,,,,,,,,,,,1,2,1,1.0,3.0
201800047549,0018-06-14 14:30:00,18,6,14,14,30,690,286,CAPITAINE JULIEN (DU),45.8228,4.88894,Plein jour,En agglomération,Intersection en T,Normale,Trois véhicules et plus - collisions multiples,,,,,,,,,,,1,2,3,1.0,5.0
201800047550,0018-06-15 18:50:00,18,6,15,18,50,690,382,BELLECOUR,45.75769,4.83418,Plein jour,En agglomération,Hors intersection,Normale,Autre collision,,,,,,,,,,,1,2,1,1.0,6.0
201800047551,0018-06-16 10:45:00,18,6,16,10,45,690,152,MURIERS (DES),45.69502,4.82334,Plein jour,En agglomération,Hors intersection,Normale,Deux véhicules - côté,,,,,,,,,,,1,2,1,1.0,3.0
201800047552,0018-06-17 08:45:00,18,6,17,8,45,690,34,MONTEE SOLDATS (DES),45.79781,4.8517,Plein jour,En agglomération,Place,Normale,Autre collision,,,,,,,,,,,1,2,7,1.0,6.0
201800047553,0018-06-17 13:15:00,18,6,17,13,15,690,384,FONTAINE (DE LA),45.78141,4.83913,Plein jour,En agglomération,Hors intersection,Normale,Autre collision,,,,,,,,,,,1,2,1,1.0,6.0
201800047554,0018-06-18 08:03:00,18,6,18,8,3,690,385,GENERAL EISENHOWER (DU),45.7558,4.78225,Plein jour,En agglomération,Hors intersection,Normale,Autre collision,,,,,,,,,,,1,2,1,1.0,6.0
201800047555,0018-06-14 18:40:00,18,6,14,18,40,690,382,JULES COURMONT,45.7636,4.8384,Plein jour,En agglomération,Place,Normale,Deux véhicules - côté,,,,,,,,,,,1,2,7,1.0,3.0
201800047556,0018-06-19 13:55:00,18,6,19,13,55,690,81,CHAMPAGNE (DE),45.77888,4.77861,Plein jour,En agglomération,Intersection en T,Normale,Deux véhicules - frontale,,,,,,,,,,,1,2,3,1.0,1.0
201800047557,0018-06-19 14:43:00,18,6,19,14,43,690,385,TRAMASSAC,45.7611,4.826,Plein jour,En agglomération,Hors intersection,Normale,Deux véhicules - côté,,,,,,,,,,,1,2,1,1.0,3.0
201800047558,0018-06-19 16:00:00,18,6,19,16,0,690,34,BOUCLE (DE LA),45.78045,4.84022,Plein jour,En agglomération,Hors intersection,Normale,Autre collision,,,,,,,,,,,1,2,1,1.0,6.0
201800047559,0018-06-20 13:37:00,18,6,20,13,37,690,381,TERREAUX (DES),45.76717,4.8335,Plein jour,En agglomération,Place,Normale,Autre collision,,,,,,,,,,,1,2,7,1.0,6.0
201800047560,0018-06-15 12:30:00,18,6,15,12,30,690,382,REPUBLIQUE (DE LA),45.762,4.83575,Plein jour,En agglomération,Hors intersection,Normale,Autre collision,,,,,,,,,,,1,2,1,1.0,6.0
201800047561,0018-06-18 15:45:00,18,6,18,15,45,690,384,HENON,45.77964,4.82599,Plein jour,En agglomération,Hors intersection,Normale,Autre collision,,,,,,,,,,,1,2,1,1.0,6.0
201800047562,0018-06-16 19:00:00,18,6,16,19,0,690,34,PASTEUR ECOLE,45.79712,4.85005,Plein jour,En agglomération,Hors intersection,Normale,Deux véhicules - côté,,,,,,,,,,,1,2,1,1.0,3.0
201800047563,0018-06-22 00:15:00,18,6,22,0,15,690,382,BELLECOUR,45.75846,4.83232,Nuit avec éclairage allumé,En agglomération,Intersection en T,Normale,Autre collision,,,,,,,,,,,5,2,3,1.0,6.0
201800047564,0018-06-06 18:10:00,18,6,6,18,10,690,389,SERGENT MICHEL BERTHET (,45.76848,4.80577,Plein jour,En agglomération,Hors intersection,Normale,Autre collision,,,,,,,,,,,1,2,1,1.0,6.0
201800047565,0018-06-22 10:45:00,18,6,22,10,45,690,381,TERREAUX (DES),45.76784,4.83397,Plein jour,En agglomération,Hors intersection,Normale,Autre collision,,,,,,,,,,,1,2,1,1.0,6.0
201800047566,0018-06-22 12:25:00,18,6,22,12,25,690,389,BOURBONNAIS (DU),45.77355,4.80034,Plein jour,En agglomération,Intersection en T,Normale,Autre collision,,,,,,,,,,,1,2,3,1.0,6.0
201800047567,0018-06-22 19:15:00,18,6,22,19,15,690,384,BIRMINGHAM (DE),45.77481,4.81237,Plein jour,En agglomération,Hors intersection,Normale,Autre collision,,,,,,,,,,,1,2,1,1.0,6.0
201800047568,0018-06-23 07:55:00,18,6,23,7,55,690,382,PERRACHE,45.7332,4.81795,Plein jour,En agglomération,Hors intersection,Normale,Deux véhicules - côté,,,,,,,,,,,1,2,1,1.0,3.0
201800047569,0018-06-23 16:40:00,18,6,23,16,40,690,382,CHARLEMAGNE,45.73535,4.81719,Plein jour,En agglomération,Hors intersection,Normale,Trois véhicules et plus - en chaîne,,,,,,,,,,,1,2,1,1.0,4.0
201800047570,0018-06-23 17:30:00,18,6,23,17,30,690,389,ST DIDIER,45.773,4.80666,Plein jour,En agglomération,Place,Normale,Deux véhicules - frontale,,,,,,,,,,,1,2,7,1.0,1.0
201800047571,0018-06-23 18:30:00,18,6,23,18,30,690,142,STEPHANE DECHANT,45.72341,4.81226,Plein jour,En agglomération,Hors intersection,Normale,Sans collision,,,,,,,,,,,1,2,1,1.0,7.0
201800047572,0018-06-25 11:39:00,18,6,25,11,39,690,286,CHATEAU (DU),45.82488,4.89519,Plein jour,En agglomération,Place,Normale,Autre collision,,,,,,,,,,,1,2,7,1.0,6.0
201800047573,0018-06-25 15:45:00,18,6,25,15,45,690,389,GORGE DE LOUP,45.77005,4.80454,Plein jour,En agglomération,Intersection en X,Normale,Deux véhicules - côté,,,,,,,,,,,1,2,2,1.0,3.0
201800047574,0018-06-25 16:15:00,18,6,25,16,15,690,34,GEORGES CLEMENCEAU,45.79055,4.82149,Plein jour,En agglomération,Hors intersection,Normale,Autre collision,,,,,,,,,,,1,2,1,1.0,6.0
201800047575,0018-06-26 00:01:00,18,6,26,0,1,690,381,TERME,45.76813,4.83202,Nuit avec éclairage allumé,En agglomération,Intersection en X,Normale,Deux véhicules - côté,,,,,,,,,,,5,2,2,1.0,3.0
201800047576,0018-06-25 13:15:00,18,6,25,13,15,690,382,CONDE (DE),45.75189,4.82737,Plein jour,En agglomération,Hors intersection,Normale,Autre collision,,,,,,,,,,,1,2,1,1.0,6.0
201800047577,0018-06-26 13:00:00,18,6,26,13,0,690,384,CANUTS (DES),45.77853,4.82787,Plein jour,En agglomération,Hors intersection,Normale,Deux véhicules - côté,,,,,,,,,,,1,2,1,1.0,3.0
201800047578,0018-06-26 16:20:00,18,6,26,16,20,690,34,ST CLAIR (DE),45.78792,4.85191,Plein jour,En agglomération,Hors intersection,Normale,Autre collision,,,,,,,,,,,1,2,1,1.0,6.0
201800047579,0018-06-26 15:45:00,18,6,26,15,45,690,382,FERRANDIERE (DE LA),45.76217,4.83681,Plein jour,En agglomération,Hors intersection,Normale,Autre collision,,,,,,,,,,,1,2,1,1.0,6.0
201800047580,0018-06-26 23:00:00,18,6,26,23,0,690,382,MARECHAL JOFFRE (DU),45.75261,4.82465,Nuit avec éclairage allumé,En agglomération,Intersection en T,Normale,Deux véhicules - côté,,,,,,,,,,,5,2,3,1.0,3.0
201800047581,0018-06-27 08:35:00,18,6,27,8,35,690,381,CHARTREUX (DES),45.77197,4.82447,Plein jour,En agglomération,Intersection en T,Normale,Deux véhicules - côté,,,,,,,,,,,1,2,3,1.0,3.0
201800047582,0018-06-28 08:20:00,18,6,28,8,20,690,381,JEAN MOULIN,45.76656,4.8379,Plein jour,En agglomération,Hors intersection,Normale,Deux véhicules - arrière,,,,,,,,,,,1,2,1,1.0,2.0
201800047583,0018-06-28 09:20:00,18,6,28,9,20,690,384,TOUR DU PIN (DE LA),45.77972,4.83621,Plein jour,En agglomération,Intersection en T,Normale,Autre collision,,,,,,,,,,,1,2,3,1.0,6.0
201800047584,0018-06-28 20:30:00,18,6,28,20,30,690,34,PIERRE BRUNIER,45.79174,4.8376,Plein jour,En agglomération,Intersection en T,Normale,Deux véhicules - côté,,,,,,,,,,,1,2,3,1.0,3.0
201800047585,0018-06-29 12:50:00,18,6,29,12,50,690,286,EUROPE (DE L'),45.82,4.91,Plein jour,En agglomération,Hors intersection,Normale,Deux véhicules - côté,,,,,,,,,,,1,2,1,1.0,3.0
201800047586,0018-06-29 21:20:00,18,6,29,21,20,690,382,UNIVERSITE (DE L'),45.753,4.8341,Plein jour,En agglomération,Hors intersection,Normale,Deux véhicules - arrière,,,,,,,,,,,1,2,1,1.0,2.0