accident_id,datetime,annee,mois,jour,heure,minute,departement,commune_insee,adresse,latitude,longitude,luminosite,agglomeration,intersection,meteo,collision,nb_vehicules,nb_usagers,nb_indemnes,nb_tues,nb_blesses_hosp,nb_blesses_legers,age_cond_1,age_cond_2,veh_type_cond_1,veh_type_cond_2,lum_code,agg_code,int_code,atm_code,col_code
201800047832,0018-12-03 08:00:00,18,12,3,8,0,690,381,JARDIN DES PLANTES (DU),45.76988,4.82931,Plein jour,En agglomération,Intersection en X,Normale,Autre collision,,,,,,,,,,,1,2,2,1.0,6.0
201800047833,0018-12-03 07:50:00,18,12,3,7,50,690,389,SIDOINE APPOLINAIRE,45.77449,4.79471,Plein jour,En agglomération,Hors intersection,Pluie légère,Sans collision,,,,,,,,,,,1,2,1,2.0,7.0
201800047834,0018-12-04 08:20:00,18,12,4,8,20,690,142,STEPHANE DECHANT,45.72128,4.81121,Plein jour,En agglomération,Intersection en X,Normale,Deux véhicules - arrière,,,,,,,,,,,1,2,2,1.0,2.0
201800047835,0018-12-04 13:40:00,18,12,4,13,40,690,149,GRANDE RUE,45.7145,4.8071,Plein jour,En agglomération,Autre intersection,Normale,Deux véhicules - côté,,,,,,,,,,,1,2,9,1.0,3.0
201800047836,0018-12-05 19:30:00,18,12,5,19,30,690,202,11 NOVEMBRE (DU),45.7378,4.7964,Nuit avec éclairage allumé,En agglomération,Hors intersection,Normale,Trois véhicules et plus - collisions multiples,,,,,,,,,,,5,2,1,1.0,5.0
201800047837,0018-12-06 07:20:00,18,12,6,7,20,690,389,JOANNES MASSET,45.77036,4.80093,Crépuscule ou aube,En agglomération,Intersection en Y,Pluie légère,Autre collision,,,,,,,,,,,2,2,4,2.0,6.0
201800047838,0018-12-06 15:00:00,18,12,6,15,0,690,389,DUCHERE (DE LA),45.77582,4.795,Plein jour,En agglomération,Hors intersection,Pluie légère,Sans collision,,,,,,,,,,,1,2,1,2.0,7.0
201800047839,0018-12-06 18:00:00,18,12,6,18,0,690,382,CARNOT,45.75062,4.82875,Nuit avec éclairage allumé,En agglomération,Hors intersection,Pluie légère,Autre collision,,,,,,,,,,,5,2,1,2.0,6.0
201800047840,0018-12-06 19:10:00,18,12,6,19,10,690,34,CASTELLANE,45.79772,4.83854,Nuit avec éclairage allumé,En agglomération,Hors intersection,Pluie légère,Deux véhicules - frontale,,,,,,,,,,,5,2,1,2.0,1.0
201800047841,0018-12-07 10:30:00,18,12,7,10,30,690,202,XAVIER RICARD,45.73539,4.80454,Plein jour,En agglomération,Hors intersection,Normale,Autre collision,,,,,,,,,,,1,2,1,1.0,6.0
201800047842,0018-12-06 18:10:00,18,12,6,18,10,690,152,EUROPE (DE L'),45.69587,4.82599,Nuit avec éclairage allumé,En agglomération,Hors intersection,Pluie légère,Autre collision,,,,,,,,,,,5,2,1,2.0,6.0
201800047843,0018-12-07 20:55:00,18,12,7,20,55,690,81,BON PASTEUR (DU),45.78636,4.78294,Nuit avec éclairage allumé,En agglomération,Hors intersection,Normale,Deux véhicules - arrière,,,,,,,,,,,5,2,1,1.0,2.0
201800047844,0018-12-05 19:50:00,18,12,5,19,50,690,34,GEORGES CLEMENCEAU,45.81139,4.84588,Nuit avec éclairage allumé,En agglomération,Hors intersection,Normale,Autre collision,,,,,,,,,,,5,2,1,1.0,6.0
201800047845,0018-12-08 19:30:00,18,12,8,19,30,690,152,JEAN SANTO PIETRO,45.70361,4.82536,Nuit avec éclairage allumé,En agglomération,Autre intersection,Pluie légère,Autre collision,,,,,,,,,,,5,2,9,2.0,6.0
201800047846,0018-12-08 23:30:00,18,12,8,23,30,690,286,EUROPE (DE L'),45.81314,4.89264,Nuit avec éclairage allumé,En agglomération,Hors intersection,Normale,Deux véhicules - arrière,,,,,,,,,,,5,2,1,1.0,2.0
201800047847,0018-12-09 05:10:00,18,12,9,5,10,690,389,JEAN FOURNIER,45.77951,4.79374,Nuit avec éclairage allumé,En agglomération,Hors intersection,Normale,Autre collision,,,,,,,,,,,5,2,1,1.0,6.0
201800047848,0018-12-10 08:53:00,18,12,10,8,53,690,385,BONDY (DE),45.7667,4.8282,Plein jour,En agglomération,Hors intersection,Normale,Autre collision,,,,,,,,,,,1,2,1,1.0,6.0
201800047849,0018-12-10 20:50:00,18,12,10,20,50,690,34,CLEMENCEAU (QUAI),45.79433,4.82788,Nuit avec éclairage allumé,En agglomération,Intersection en T,Normale,Deux véhicules - côté,,,,,,,,,,,5,2,3,1.0,3.0
201800047850,0018-12-11 12:20:00,18,12,11,12,20,690,389,CLAIRE (DE LA),45.7803,4.8,Plein jour,En agglomération,Hors intersection,Normale,Autre collision,,,,,,,,,,,1,2,1,1.0,6.0
201800047851,0018-12-11 12:15:00,18,12,11,12,15,690,149,GRANDE RUE,45.71551,4.80879,Plein jour,En agglomération,Intersection en X,Normale,Deux véhicules - côté,,,,,,,,,,,1,2,2,1.0,3.0
201800047852,0018-12-11 18:10:00,18,12,11,18,10,690,384,HENON,45.7795,4.8265,Nuit avec éclairage allumé,En agglomération,Hors intersection,Normale,Deux véhicules - côté,,,,,,,,,,,5,2,1,1.0,3.0
201800047853,0018-12-12 16:30:00,18,12,12,16,30,690,389,SERGENT MICHEL BERTHET (,45.77023,4.80552,Crépuscule ou aube,En agglomération,Intersection en X,Normale,Deux véhicules - frontale,,,,,,,,,,,2,2,2,1.0,1.0
201800047854,0018-12-13 19:07:00,18,12,13,19,7,690,286,EUROPE (DE L'),45.81767,4.90214,Nuit avec éclairage allumé,En agglomération,Hors intersection,Normale,Autre collision,,,,,,,,,,,5,2,1,1.0,6.0
201800047855,0018-12-13 20:00:00,18,12,13,20,0,690,384,JOSEPH GILLET,45.7715,4.81383,Nuit avec éclairage allumé,En agglomération,Hors intersection,Normale,Autre collision,,,,,,,,,,,5,2,1,1.0,6.0
201800047856,0018-12-14 08:40:00,18,12,14,8,40,690,382,DOCTEUR GAILLETON (DU),45.75523,4.83554,Plein jour,En agglomération,Hors intersection,Normale,Trois véhicules et plus - en chaîne,,,,,,,,,,,1,2,1,1.0,4.0
201800047857,0018-12-13 20:00:00,18,12,13,20,0,690,382,PRESIDENT EDOUARD HERRIO,45.75939,4.83395,Nuit avec éclairage allumé,En agglomération,Intersection en X,Normale,Deux véhicules - côté,,,,,,,,,,,5,2,2,1.0,3.0
201800047858,0018-12-15 07:10:00,18,12,15,7,10,690,34,RAYMOND POINCARE,45.78746,4.86048,Nuit avec éclairage allumé,En agglomération,Hors intersection,Normale,Deux véhicules - côté,,,,,,,,,,,5,2,1,1.0,3.0
201800047859,0018-12-17 19:20:00,18,12,17,19,20,690,389,ST CYR (DE),45.78349,4.80786,Nuit avec éclairage allumé,En agglomération,Hors intersection,Pluie légère,Deux véhicules - côté,,,,,,,,,,,5,2,1,2.0,3.0
201800047860,0018-12-18 09:00:00,18,12,18,9,0,690,384,IVRY (D'),45.77723,4.83289,Plein jour,En agglomération,Intersection en X,Brouillard / fumée,Autre collision,,,,,,,,,,,1,2,2,5.0,6.0
201800047861,0018-12-18 17:30:00,18,12,18,17,30,690,389,JOANNES CARRET,45.78578,4.80928,Nuit avec éclairage allumé,En agglomération,Intersection en T,Normale,Deux véhicules - côté,,,,,,,,,,,5,2,3,1.0,3.0
201800047862,0018-12-18 08:45:00,18,12,18,8,45,690,385,POINT DU JOUR (DU),45.7562,4.80111,Plein jour,En agglomération,Hors intersection,Brouillard / fumée,Autre collision,,,,,,,,,,,1,2,1,5.0,6.0
201800047863,0018-12-19 17:30:00,18,12,19,17,30,690,34,JEAN MONNET,45.7891,4.84189,Nuit avec éclairage allumé,En agglomération,Hors intersection,Normale,Deux véhicules - arrière,,,,,,,,,,,5,2,1,1.0,2.0
201800047864,0018-12-19 18:00:00,18,12,19,18,0,690,389,SAUVEGARDE (DE LA),45.7892,4.78902,Nuit avec éclairage allumé,En agglomération,Intersection en T,Pluie légère,Deux véhicules - côté,,,,,,,,,,,5,2,3,2.0,3.0
201800047865,0018-12-20 06:05:00,18,12,20,6,5,690,389,MARIETTON,45.7764,4.7965,Nuit avec éclairage allumé,En agglomération,Hors intersection,Normale,Autre collision,,,,,,,,,,,5,2,1,1.0,6.0
201800047866,0018-12-20 16:55:00,18,12,20,16,55,690,286,EUROPE (DE L'),45.81212,4.88964,Crépuscule ou aube,En agglomération,Intersection en T,Normale,Autre collision,,,,,,,,,,,2,2,3,1.0,6.0
201800047867,0018-12-20 17:49:00,18,12,20,17,49,690,149,GRANDE RUE,45.7079,4.79854,Nuit avec éclairage allumé,En agglomération,Autre intersection,Normale,Autre collision,,,,,,,,,,,5,2,9,1.0,6.0
201800047868,0018-12-21 13:38:00,18,12,21,13,38,690,389,COMMERCE (DU),45.78388,4.81197,Plein jour,En agglomération,Hors intersection,Pluie légère,Autre collision,,,,,,,,,,,1,2,1,2.0,6.0
201800047869,0018-12-21 18:30:00,18,12,21,18,30,690,384,DUMONT D'URVILLE,45.778,4.83606,Nuit avec éclairage allumé,En agglomération,Hors intersection,Pluie légère,Autre collision,,,,,,,,,,,5,2,1,2.0,6.0
201800047870,0018-12-22 02:10:00,18,12,22,2,10,690,381,CAPUCINS (DES),45.76952,4.835,Nuit avec éclairage allumé,En agglomération,Intersection en X,Normale,Deux véhicules - côté,,,,,,,,,,,5,2,2,1.0,3.0
201800047871,0018-12-21 19:50:00,18,12,21,19,50,690,34,SOLDATS (DES),45.79783,4.8517,Nuit avec éclairage allumé,En agglomération,Hors intersection,Temps couvert,Autre collision,,,,,,,,,,,5,2,1,8.0,6.0
201800047872,0018-12-24 16:10:00,18,12,24,16,10,690,389,25EME REGIMENT DE TIRAIL,45.79127,4.80157,Crépuscule ou aube,En agglomération,Hors intersection,Pluie légère,Autre collision,,,,,,,,,,,2,2,1,2.0,6.0
201800047873,0018-12-24 19:55:00,18,12,24,19,55,690,81,BON PASTEUR (DU),45.78696,4.77747,Nuit avec éclairage allumé,Hors agglomération,Autre intersection,Normale,Sans collision,,,,,,,,,,,5,1,9,1.0,7.0
201800047874,0018-12-23 11:40:00,18,12,23,11,40,690,34,PASTEUR,45.7946,4.84685,Plein jour,En agglomération,Hors intersection,Normale,Autre collision,,,,,,,,,,,1,2,1,1.0,6.0
201800047875,0018-12-25 16:40:00,18,12,25,16,40,690,286,CHAMP ROY (DU),45.83024,4.90682,Plein jour,En agglomération,Hors intersection,Normale,Autre collision,,,,,,,,,,,1,2,1,1.0,6.0
201800047876,0018-12-25 16:40:00,18,12,25,16,40,690,385,COMMANDANT CHARCOT (DU),45.74717,4.78963,Crépuscule ou aube,En agglomération,Hors intersection,Normale,Deux véhicules - frontale,,,,,,,,,,,2,2,1,1.0,1.0
201800047877,0018-12-26 21:00:00,18,12,26,21,0,690,286,EUROPE (DE L'),45.81737,4.90088,Nuit avec éclairage allumé,En agglomération,Intersection en T,Normale,Deux véhicules - frontale,,,,,,,,,,,5,2,3,1.0,1.0
201800047878,0018-12-27 10:30:00,18,12,27,10,30,690,34,GENERAL LECLERC,45.80341,4.86035,Plein jour,En agglomération,Hors intersection,Normale,Autre collision,,,,,,,,,,,1,2,1,1.0,6.0
201800047879,0018-12-27 22:00:00,18,12,27,22,0,690,34,SOLDATS (DES),45.79,4.8576,Nuit avec éclairage allumé,En agglomération,Hors intersection,Normale,Autre collision,,,,,,,,,,,5,2,1,1.0,6.0
201800047880,0018-12-29 14:40:00,18,12,29,14,40,690,286,BRUXELLES (DE),45.81895,4.90658,Plein jour,En agglomération,Hors intersection,Normale,Autre collision,,,,,,,,,,,1,2,1,1.0,6.0
201800047881,0018-12-29 16:30:00,18,12,29,16,30,690,34,GEORGES CLEMENCEAU,45.79216,4.82429,Plein jour,En agglomération,Intersection en T,Normale,Deux véhicules - côté,,,,,,,,,,,1,2,3,1.0,3.0
201800047882,0018-12-30 08:10:00,18,12,30,8,10,690,384,HERBOUVILLE (D'),45.7792,4.84109,Plein jour,En agglomération,Intersection en X,Normale,Deux véhicules - côté,,,,,,,,,,,1,2,2,1.0,3.0
201800047883,0018-12-31 12:30:00,18,12,31,12,30,690,34,PIERRE TERRASSE,45.79822,4.85057,Plein jour,En agglomération,Hors intersection,Temps couvert,Deux véhicules - arrière,,,,,,,,,,,1,2,1,8.0,2.0
201800047884,0018-01-01 16:00:00,18,1,1,16,0,590,350,AUTOROUTE A25,50.62187,3.02669,Plein jour,Hors agglomération,Hors intersection,Pluie légère,Deux véhicules - arrière,,,,,,,,,,,1,1,1,2.0,2.0
201800047885,0018-12-30 23:05:00,18,12,30,23,5,590,378,AUTOROUTE A22,50.68632,3.11143,Nuit sans éclairage public,Hors agglomération,Hors intersection,Pluie légère,Autre collision,,,,,,,,,,,3,1,1,2.0,6.0
201800047886,0018-01-09 02:40:00,18,1,9,2,40,590,431,AUTOROUTE A25,50.6894,2.82294,Nuit sans éclairage public,Hors agglomération,Hors intersection,Normale,Deux véhicules - arrière,,,,,,,,,,,3,1,1,1.0,2.0
201800047887,0018-01-06 07:20:00,18,1,6,7,20,590,491,AUTOROUTE A23,50.38081,3.46641,Nuit sans éclairage public,Hors agglomération,Hors intersection,Normale,Sans collision,,,,,,,,,,,3,1,1,1.0,7.0
201800047888,0018-01-10 10:10:00,18,1,10,10,10,590,646,ROUTE DEPARTEMENTALE 652,50.6801,3.12856,Plein jour,Hors agglomération,Hors intersection,Pluie légère,Deux véhicules - arrière,,,,,,,,,,,1,1,1,2.0,2.0
201800047889,0018-01-10 18:00:00,18,1,10,18,0,590,383,AUTOROUTE A2,50.33745,3.51998,Crépuscule ou aube,Hors agglomération,Hors intersection,Normale,Deux véhicules - arrière,,,,,,,,,,,2,1,1,1.0,2.0
201800047890,0018-01-12 12:45:00,18,1,12,12,45,590,606,AUTOROUTE A2,50.33606,3.54979,Plein jour,Hors agglomération,Hors intersection,Normale,Autre collision,,,,,,,,,,,1,1,1,1.0,6.0
201800047891,0018-01-17 09:00:00,18,1,17,9,0,590,431,AUTOROUTE A25,50.68962,2.82224,Plein jour,Hors agglomération,Hors intersection,Normale,Autre collision,,,,,,,,,,,1,1,1,1.0,6.0
201800047892,0018-01-20 20:00:00,18,1,20,20,0,620,274,AUTOROUTE A1,50.43325,2.97871,Nuit sans éclairage public,Hors agglomération,Hors intersection,Normale,Trois véhicules et plus - collisions multiples,,,,,,,,,,,3,1,1,1.0,5.0
201800047893,0018-01-20 14:30:00,18,1,20,14,30,590,350,AUTOROUTE A25,50.61628,3.0694,Plein jour,Hors agglomération,Hors intersection,Pluie légère,Autre collision,,,,,,,,,,,1,1,1,2.0,6.0
201800047894,0018-01-20 07:25:00,18,1,20,7,25,620,274,AUTOROUTE A1,50.43287,2.97698,Nuit sans éclairage public,Hors agglomération,Hors intersection,Pluie légère,Sans collision,,,,,,,,,,,3,1,1,2.0,7.0
201800047895,0018-01-26 03:15:00,18,1,26,3,15,590,609,AUTOROUTE A1,50.87692,3.08422,Nuit avec éclairage non allumé,Hors agglomération,Hors intersection,Normale,Autre collision,,,,,,,,,,,4,1,1,1.0,6.0
201800047896,0018-01-27 05:05:00,18,1,27,5,5,590,94,AUTOROUTE A16,50.95936,2.19691,Nuit sans éclairage public,Hors agglomération,Hors intersection,Normale,Autre collision,,,,,,,,,,,3,1,1,1.0,6.0
201800047897,0018-02-02 23:00:00,18,2,2,23,0,590,560,AUTOROUTE A1,50.53875,3.05174,Nuit sans éclairage public,Hors agglomération,Hors intersection,Pluie légère,Autre collision,,,,,,,,,,,3,1,1,2.0,6.0
201800047898,0018-02-06 17:00:00,18,2,6,17,0,590,566,AUTOROUTE A25,50.61836,2.97757,Plein jour,Hors agglomération,Hors intersection,Vent fort / tempête,Trois véhicules et plus - en chaîne,,,,,,,,,,,1,1,1,6.0,4.0
201800047899,0018-02-08 21:35:00,18,2,8,21,35,590,435,AUTOROUTE A23,50.50997,3.21115,Nuit sans éclairage public,Hors agglomération,Hors intersection,Normale,Deux véhicules - arrière,,,,,,,,,,,3,1,1,1.0,2.0
201800047900,0018-02-16 21:37:00,18,2,16,21,37,590,646,AUTOROUTE A22,50.68279,3.112,Nuit sans éclairage public,Hors agglomération,Hors intersection,Normale,Autre collision,,,,,,,,,,,3,1,1,1.0,6.0
201800047901,0018-02-16 04:45:00,18,2,16,4,45,590,90,ROUTE DEPARTEMENTALE 652,50.68402,3.08831,Nuit sans éclairage public,Hors agglomération,Hors intersection,Normale,Autre collision,,,,,,,,,,,3,1,1,1.0,6.0
201800047902,0018-02-21 20:20:00,18,2,21,20,20,590,449,AUTOROUTE A23,50.46757,3.23553,Nuit sans éclairage public,Hors agglomération,Hors intersection,Normale,Deux véhicules - arrière,,,,,,,,,,,3,1,1,1.0,2.0
201800047903,0018-02-26 13:49:00,18,2,26,13,49,590,195,AUTOROUTE A25,50.62699,2.95952,Plein jour,Hors agglomération,Hors intersection,Normale,Autre collision,,,,,,,,,,,1,1,1,1.0,6.0
201800047904,0018-02-15 08:45:00,18,2,15,8,45,590,426,AUTOROUTE A22,50.75028,3.14509,Crépuscule ou aube,Hors agglomération,Hors intersection,Normale,Autre collision,,,,,,,,,,,2,1,1,1.0,6.0
201800047905,0018-03-10 06:10:00,18,3,10,6,10,590,160,AUTOROUTE A2,50.42649,3.64248,Crépuscule ou aube,Hors agglomération,Hors intersection,Normale,Deux véhicules - côté,,,,,,,,,,,2,1,1,1.0,3.0
201800047906,0018-03-07 15:40:00,18,3,7,15,40,620,193,AUTOROUTE A16,50.93691,1.85287,Plein jour,Hors agglomération,Hors intersection,Normale,Trois véhicules et plus - en chaîne,,,,,,,,,,,1,1,1,1.0,4.0
201800047907,0018-03-17 17:30:00,18,3,17,17,30,590,560,AUTOROUTE A1,50.54088,3.05305,Plein jour,Hors agglomération,Hors intersection,Neige / grêle,Sans collision,,,,,,,,,,,1,1,1,4.0,7.0
201800047908,0018-03-16 15:45:00,18,3,16,15,45,590,544,AUTOROUTE A2,50.36142,3.58949,Plein jour,Hors agglomération,Hors intersection,Normale,Sans collision,,,,,,,,,,,1,1,1,1.0,7.0
201800047909,0018-03-20 14:15:00,18,3,20,14,15,590,613,AUTOROUTE A2,50.40818,3.62149,Plein jour,Hors agglomération,Hors intersection,Normale,Deux véhicules - arrière,,,,,,,,,,,1,1,1,1.0,2.0
201800047910,0018-03-25 15:35:00,18,3,25,15,35,590,435,AUTOROUTE A23,50.4925,3.21223,Plein jour,Hors agglomération,Hors intersection,Normale,Sans collision,,,,,,,,,,,1,1,1,1.0,7.0
201800047911,0018-03-24 15:15:00,18,3,24,15,15,590,507,AUTOROUTE A1,50.60527,3.08861,Plein jour,Hors agglomération,Hors intersection,Normale,Autre collision,,,,,,,,,,,1,1,1,1.0,6.0
201800047912,0018-04-03 10:45:00,18,4,3,10,45,620,510,AUTOROUTE A21,50.43886,2.76973,Plein jour,Hors agglomération,Hors intersection,Normale,Deux véhicules - arrière,,,,,,,,,,,1,1,1,1.0,2.0
201800047913,0018-04-18 11:05:00,18,4,18,11,5,590,237,AUTOROUTE A25,50.75367,2.64569,Plein jour,Hors agglomération,Hors intersection,Normale,Trois véhicules et plus - en chaîne,,,,,,,,,,,1,1,1,1.0,4.0
201800047914,0018-04-19 11:20:00,18,4,19,11,20,620,637,AUTOROUTE A1,50.46859,2.99187,Plein jour,Hors agglomération,Hors intersection,Normale,Autre collision,,,,,,,,,,,1,1,1,1.0,6.0
201800047915,0018-04-19 11:20:00,18,4,19,11,20,590,507,AUTOROUTE A1,50.61029,3.09158,Plein jour,Hors agglomération,Hors intersection,Normale,Deux véhicules - frontale,,,,,,,,,,,1,1,1,1.0,1.0
201800047916,0018-04-20 13:00:00,18,4,20,13,0,590,343,AUTOROUTE A22,50.59417,3.10109,Plein jour,Hors agglomération,Hors intersection,Temps éblouissant,Deux véhicules - arrière,,,,,,,,,,,1,1,1,7.0,2.0
201800047917,0018-04-22 15:30:00,18,4,22,15,30,590,90,AUTOROUTE A22,50.72228,3.12436,Plein jour,Hors agglomération,Hors intersection,Normale,Deux véhicules - arrière,,,,,,,,,,,1,1,1,1.0,2.0
201800047918,0018-04-26 09:10:00,18,4,26,9,10,590,646,ROUTE DEPARTEMENTALE 656,50.67452,3.11909,Plein jour,Hors agglomération,Hors intersection,Normale,Deux véhicules - arrière,,,,,,,,,,,1,1,1,1.0,2.0
201800047919,0018-05-06 10:35:00,18,5,6,10,35,590,43,AUTOROUTE A25,50.72811,2.71546,Plein jour,Hors agglomération,Hors intersection,Normale,Deux véhicules - arrière,,,,,,,,,,,1,1,1,1.0,2.0
201800047920,0018-05-16 18:30:00,18,5,16,18,30,590,458,AUTOROUTE A23,50.56702,3.16025,Plein jour,Hors agglomération,Hors intersection,Normale,Autre collision,,,,,,,,,,,1,1,1,1.0,6.0
201800047921,0018-05-05 09:25:00,18,5,5,9,25,590,350,ROUTE NATIONALE 356,50.64473,3.09402,Plein jour,Hors agglomération,Hors intersection,Normale,Autre collision,,,,,,,,,,,1,1,1,1.0,6.0
201800047922,0018-05-22 20:45:00,18,5,22,20,45,620,274,AUTOROUTE A1,50.43348,2.97822,Plein jour,Hors agglomération,Hors intersection,Normale,Deux véhicules - arrière,,,,,,,,,,,1,1,1,1.0,2.0
201800047923,0018-05-18 17:45:00,18,5,18,17,45,590,609,AUTOROUTE A1,50.57499,3.08233,Plein jour,Hors agglomération,Hors intersection,Normale,Deux véhicules - côté,,,,,,,,,,,1,1,1,1.0,3.0
201800047924,0018-05-26 12:10:00,18,5,26,12,10,590,343,AUTOROUTE A23,50.59218,3.09933,Plein jour,Hors agglomération,Hors intersection,Normale,Deux véhicules - arrière,,,,,,,,,,,1,1,1,1.0,2.0
201800047925,0018-05-16 11:34:00,18,5,16,11,34,590,599,ROUTE DEPARTEMENTALE 656,50.70224,3.1571,Plein jour,Hors agglomération,Hors intersection,Normale,Deux véhicules - arrière,,,,,,,,,,,1,1,1,1.0,2.0
201800047926,0018-05-28 17:25:00,18,5,28,17,25,590,646,ROUTE DEPARTEMENTALE 656,50.67305,3.11746,Plein jour,Hors agglomération,Hors intersection,Normale,Deux véhicules - arrière,,,,,,,,,,,1,1,1,1.0,2.0
201800047927,0018-05-29 10:50:00,18,5,29,10,50,590,605,AUTOROUTE A16,51.0344,2.44106,Plein jour,Hors agglomération,Hors intersection,Normale,Sans collision,,,,,,,,,,,1,1,1,1.0,7.0
201800047928,0018-05-30 08:00:00,18,5,30,8,0,590,449,AUTOROUTE A23,50.46767,3.23622,Plein jour,Hors agglomération,Hors intersection,Normale,Trois véhicules et plus - en chaîne,,,,,,,,,,,1,1,1,1.0,4.0
201800047929,0018-05-31 07:45:00,18,5,31,7,45,590,581,AUTOROUTE A25,50.705,2.78725,Plein jour,Hors agglomération,Hors intersection,Pluie légère,Deux véhicules - arrière,,,,,,,,,,,1,1,1,2.0,2.0
201800047930,0018-06-05 08:45:00,18,6,5,8,45,590,386,ROUTE DEPARTEMENTALE 652,50.6795,3.05394,Plein jour,Hors agglomération,Hors intersection,Normale,Trois véhicules et plus - en chaîne,,,,,,,,,,,1,1,1,1.0,4.0
201800047931,0018-06-08 21:30:00,18,6,8,21,30,590,431,AUTOROUTE A25,50.69278,2.8122,Plein jour,Hors agglomération,Hors intersection,Normale,Deux véhicules - arrière,,,,,,,,,,,1,1,1,1.0,2.0
201800047932,0018-06-09 01:10:00,18,6,9,1,10,590,80,AUTOROUTE A23,50.45615,3.28543,Nuit sans éclairage public,Hors agglomération,Hors intersection,Normale,Deux véhicules - arrière,,,,,,,,,,,3,1,1,1.0,2.0
201800047933,0018-06-12 04:55:00,18,6,12,4,55,620,393,AUTOROUTE A16,50.93435,1.99905,Nuit sans éclairage public,Hors agglomération,Hors intersection,Normale,Sans collision,,,,,,,,,,,3,1,1,1.0,7.0
201800047934,0018-06-20 12:33:00,18,6,20,12,33,590,507,AUTOROUTE A1,50.61132,3.09047,Plein jour,Hors agglomération,Hors intersection,Normale,Trois véhicules et plus - en chaîne,,,,,,,,,,,1,1,1,1.0,4.0
201800047935,0018-06-23 09:00:00,18,6,23,9,0,590,260,AUTOROUTE A16,51.04732,2.5347,Plein jour,Hors agglomération,Hors intersection,Normale,Autre collision,,,,,,,,,,,1,1,1,1.0,6.0
201800047936,0018-06-22 23:30:00,18,6,22,23,30,590,574,AUTOROUTE A 21,50.35204,3.26341,Nuit sans éclairage public,Hors agglomération,Hors intersection,Normale,Deux véhicules - frontale,,,,,,,,,,,3,1,1,1.0,1.0
201800047937,0018-06-26 20:30:00,18,6,26,20,30,590,346,ROUTE NATIONALE 227,50.6129,3.13478,Plein jour,Hors agglomération,Hors intersection,Normale,Deux véhicules - côté,,,,,,,,,,,1,1,1,1.0,3.0
201800047938,0018-06-28 07:55:00,18,6,28,7,55,590,179,AUTOROUTE A2,50.30376,3.37518,Plein jour,Hors agglomération,Hors intersection,Normale,Deux véhicules - arrière,,,,,,,,,,,1,1,1,1.0,2.0
201800047939,0018-06-29 08:05:00,18,6,29,8,5,590,360,AUTOROUTE A25,50.6206,3.01496,Plein jour,Hors agglomération,Hors intersection,Normale,Deux véhicules - côté,,,,,,,,,,,1,1,1,1.0,3.0
201800047940,0018-06-11 02:05:00,18,6,11,2,5,590,359,AUTOROUTE A16,50.9904,2.24353,Nuit sans éclairage public,Hors agglomération,Hors intersection,Normale,Autre collision,,,,,,,,,,,3,1,1,1.0,6.0
201800047941,0018-07-03 08:40:00,18,7,3,8,40,590,646,ROUTE DEPARTEMENTALE 656,50.67466,3.11931,Plein jour,Hors agglomération,Hors intersection,Normale,Deux véhicules - arrière,,,,,,,,,,,1,1,1,1.0,2.0
201800047942,0018-07-04 09:40:00,18,7,4,9,40,590,491,AUTOROUTE A23,50.38417,3.46223,Plein jour,Hors agglomération,Hors intersection,Normale,Sans collision,,,,,,,,,,,1,1,1,1.0,7.0
201800047943,0018-07-08 18:00:00,18,7,8,18,0,590,343,AUTOROUTE A1,50.59314,3.10041,Plein jour,Hors agglomération,Hors intersection,Normale,Deux véhicules - côté,,,,,,,,,,,1,1,1,1.0,3.0
201800047944,0018-07-19 14:35:00,18,7,19,14,35,590,359,AUTOROUTE A16,50.98905,2.2381,Plein jour,Hors agglomération,Hors intersection,Normale,Autre collision,,,,,,,,,,,1,1,1,1.0,6.0
201800047945,0018-07-01 11:00:00,18,7,1,11,0,590,566,AUTOROUTE A25,50.61732,2.98049,Plein jour,Hors agglomération,Hors intersection,Normale,Deux véhicules - arrière,,,,,,,,,,,1,1,1,1.0,2.0
201800047946,0018-07-21 06:30:00,18,7,21,6,30,590,646,ROUTE NATIONALE 356,50.67504,3.11892,Crépuscule ou aube,Hors agglomération,Hors intersection,Pluie légère,Autre collision,,,,,,,,,,,2,1,1,2.0,6.0
201800047947,0018-07-21 23:30:00,18,7,21,23,30,620,498,AUTOROUTE A211,50.42648,2.83374,Nuit sans éclairage public,Hors agglomération,Hors intersection,Normale,Deux véhicules - arrière,,,,,,,,,,,3,1,1,1.0,2.0
201800047948,0018-07-26 16:00:00,18,7,26,16,0,590,574,AUTOROUTE A 21,50.35947,3.26211,Plein jour,Hors agglomération,Hors intersection,Normale,Autre collision,,,,,,,,,,,1,1,1,1.0,6.0
201800047949,0018-07-24 14:45:00,18,7,24,14,45,590,43,AUTOROUTE A25,50.72512,2.72887,Plein jour,Hors agglomération,Hors intersection,Normale,Trois véhicules et plus - en chaîne,,,,,,,,,,,1,1,1,1.0,4.0
201800047950,0018-07-28 16:00:00,18,7,28,16,0,590,179,AUTOROUTE A2,50.30724,3.38277,Plein jour,Hors agglomération,Hors intersection,Normale,Trois véhicules et plus - en chaîne,,,,,,,,,,,1,1,1,1.0,4.0
201800047951,0018-08-06 06:06:00,18,8,6,6,6,590,459,AUTOROUTE A23,50.36774,3.48361,Plein jour,Hors agglomération,Hors intersection,Normale,Deux véhicules - arrière,,,,,,,,,,,1,1,1,1.0,2.0