accident_id,datetime,annee,mois,jour,heure,minute,departement,commune_insee,adresse,latitude,longitude,luminosite,agglomeration,intersection,meteo,collision,nb_vehicules,nb_usagers,nb_indemnes,nb_tues,nb_blesses_hosp,nb_blesses_legers,age_cond_1,age_cond_2,veh_type_cond_1,veh_type_cond_2,lum_code,agg_code,int_code,atm_code,col_code
201800047952,0018-08-07 15:30:00,18,8,7,15,30,590,435,AUTOROUTE A23,50.5007,3.21244,Plein jour,Hors agglomération,Hors intersection,Normale,Deux véhicules - côté,,,,,,,,,,,1,1,1,1.0,3.0
201800047953,0018-08-02 07:45:00,18,8,2,7,45,590,603,AUTOROUTE A2,50.33678,3.45273,Plein jour,Hors agglomération,Hors intersection,Normale,Sans collision,,,,,,,,,,,1,1,1,1.0,7.0
201800047954,0018-08-19 19:30:00,18,8,19,19,30,620,498,AUTOROUTE A21,50.45042,2.83031,Plein jour,Hors agglomération,Hors intersection,Normale,Deux véhicules - arrière,,,,,,,,,,,1,1,1,1.0,2.0
201800047955,0018-08-20 09:00:00,18,8,20,9,0,590,560,AUTOROUTE A1,50.54312,3.05457,Plein jour,Hors agglomération,Hors intersection,Normale,Deux véhicules - arrière,,,,,,,,,,,1,1,1,1.0,2.0
201800047956,0018-08-22 16:05:00,18,8,22,16,5,590,202,AUTOROUTE A25,50.0,2.84918,Plein jour,Hors agglomération,Hors intersection,Normale,Autre collision,,,,,,,,,,,1,1,1,1.0,6.0
201800047957,0018-08-24 10:40:00,18,8,24,10,40,590,456,AUTOROUTE A 21,50.3828,3.20874,Plein jour,Hors agglomération,Hors intersection,Normale,Deux véhicules - arrière,,,,,,,,,,,1,1,1,1.0,2.0
201800047958,0018-08-23 16:40:00,18,8,23,16,40,590,82,ROUTE NATIONALE 225,50.96335,2.40138,Plein jour,Hors agglomération,Hors intersection,Normale,Deux véhicules - arrière,,,,,,,,,,,1,1,1,1.0,2.0
201800047959,0018-08-29 10:10:00,18,8,29,10,10,620,393,AUTOROUTE A16,50.93372,1.99746,Plein jour,Hors agglomération,Hors intersection,Pluie forte,Trois véhicules et plus - en chaîne,,,,,,,,,,,1,1,1,3.0,4.0
201800047960,0018-08-31 16:50:00,18,8,31,16,50,590,350,ROUTE NATIONALE 356,50.6297,3.082,Plein jour,Hors agglomération,Hors intersection,Normale,Deux véhicules - arrière,,,,,,,,,,,1,1,1,1.0,2.0
201800047961,0018-08-31 21:30:00,18,8,31,21,30,590,350,AUTOROUTE A25,50.61696,3.06724,Crépuscule ou aube,Hors agglomération,Hors intersection,Normale,Trois véhicules et plus - en chaîne,,,,,,,,,,,2,1,1,1.0,4.0
201800047962,0018-09-02 13:45:00,18,9,2,13,45,590,508,AUTOROUTE A22,50.75296,3.14721,Plein jour,Hors agglomération,Hors intersection,Normale,Deux véhicules - arrière,,,,,,,,,,,1,1,1,1.0,2.0
201800047963,0018-08-22 16:00:00,18,8,22,16,0,590,462,AUTOROUTE A1,50.51627,3.03567,Plein jour,Hors agglomération,Hors intersection,Normale,Deux véhicules - arrière,,,,,,,,,,,1,1,1,1.0,2.0
201800047964,0018-09-03 22:15:00,18,9,3,22,15,590,350,ROUTE NATIONALE 356,50.63166,3.08217,Nuit sans éclairage public,Hors agglomération,Hors intersection,Normale,Deux véhicules - arrière,,,,,,,,,,,3,1,1,1.0,2.0
201800047965,0018-09-08 23:50:00,18,9,8,23,50,590,410,ROUTE NATIONALE 356,50.64295,3.09431,Nuit sans éclairage public,Hors agglomération,Hors intersection,Normale,Deux véhicules - arrière,,,,,,,,,,,3,1,1,1.0,2.0
201800047966,0018-09-14 14:20:00,18,9,14,14,20,590,284,AUTOROUTE A23,50.42424,3.3996,Plein jour,Hors agglomération,Hors intersection,Normale,Sans collision,,,,,,,,,,,1,1,1,1.0,7.0
201800047967,0018-09-15 06:30:00,18,9,15,6,30,620,351,AUTOROUTE A21,50.43268,2.91325,Crépuscule ou aube,Hors agglomération,Hors intersection,Normale,Autre collision,,,,,,,,,,,2,1,1,1.0,6.0
201800047968,0018-09-20 18:13:00,18,9,20,18,13,590,123,AUTOROUTE A1,50.49967,3.0062,Plein jour,Hors agglomération,Hors intersection,Normale,Trois véhicules et plus - collisions multiples,,,,,,,,,,,1,1,1,1.0,5.0
201800047969,0018-09-22 11:50:00,18,9,22,11,50,590,574,AUTOROUTE A 21,50.35947,3.26203,Plein jour,Hors agglomération,Hors intersection,Normale,Deux véhicules - frontale,,,,,,,,,,,1,1,1,1.0,1.0
201800047970,0018-09-25 18:15:00,18,9,25,18,15,590,356,ROUTE DEPARTEMENTALE 652,50.65306,2.99774,Plein jour,Hors agglomération,Hors intersection,Normale,Deux véhicules - arrière,,,,,,,,,,,1,1,1,1.0,2.0
201800047971,0018-09-23 01:30:00,18,9,23,1,30,620,351,AUTOROUTE A21,50.43265,2.91166,Nuit sans éclairage public,Hors agglomération,Hors intersection,Pluie forte,Trois véhicules et plus - en chaîne,,,,,,,,,,,3,1,1,3.0,4.0
201800047972,0018-09-25 17:40:00,18,9,25,17,40,620,239,AUTOROUTE A16,50.93627,1.80495,Plein jour,Hors agglomération,Hors intersection,Normale,Autre collision,,,,,,,,,,,1,1,1,1.0,6.0
201800047973,0018-09-30 07:45:00,18,9,30,7,45,590,195,ROUTE DEPARTEMENTALE 652,50.6283,2.95813,Plein jour,Hors agglomération,Hors intersection,Normale,Autre collision,,,,,,,,,,,1,1,1,1.0,6.0
201800047974,0018-09-26 08:55:00,18,9,26,8,55,590,80,AUTOROUTE A23,50.45601,3.28525,Plein jour,Hors agglomération,Hors intersection,Normale,Trois véhicules et plus - en chaîne,,,,,,,,,,,1,1,1,1.0,4.0
201800047975,0018-09-27 17:00:00,18,9,27,17,0,590,80,AUTOROUTE A23,50.45617,3.28598,Plein jour,Hors agglomération,Hors intersection,Normale,Trois véhicules et plus - en chaîne,,,,,,,,,,,1,1,1,1.0,4.0
201800047976,0018-09-28 17:00:00,18,9,28,17,0,590,155,AUTOROUTE A16,51.01411,2.38472,Plein jour,Hors agglomération,Hors intersection,Normale,Deux véhicules - côté,,,,,,,,,,,1,1,1,1.0,3.0
201800047977,0018-09-17 21:50:00,18,9,17,21,50,620,498,AUTOROUTE A21,50.45184,2.82135,Nuit sans éclairage public,Hors agglomération,Hors intersection,Normale,Deux véhicules - arrière,,,,,,,,,,,3,1,1,1.0,2.0
201800047978,0018-10-11 14:10:00,18,10,11,14,10,590,350,ROUTE NATIONALE 356,50.63097,3.08195,Plein jour,Hors agglomération,Hors intersection,Normale,Autre collision,,,,,,,,,,,1,1,1,1.0,6.0
201800047979,0018-10-12 08:30:00,18,10,12,8,30,620,907,AUTOROUTE A1,50.48356,2.9834,Plein jour,Hors agglomération,Hors intersection,Normale,Trois véhicules et plus - en chaîne,,,,,,,,,,,1,1,1,1.0,4.0
201800047980,0018-10-14 04:48:00,18,10,14,4,48,620,274,AUTOROUTE A21,50.42725,2.98792,Nuit sans éclairage public,Hors agglomération,Hors intersection,Normale,Autre collision,,,,,,,,,,,3,1,1,1.0,6.0
201800047981,0018-10-19 14:45:00,18,10,19,14,45,590,29,AUTOROUTE A23,50.48462,3.21627,Plein jour,Hors agglomération,Hors intersection,Normale,Deux véhicules - arrière,,,,,,,,,,,1,1,1,1.0,2.0
201800047982,0018-10-31 07:30:00,18,10,31,7,30,590,343,AUTOROUTE A22,50.60037,3.11208,Plein jour,Hors agglomération,Hors intersection,Normale,Sans collision,,,,,,,,,,,1,1,1,1.0,7.0
201800047983,0018-10-30 05:50:00,18,10,30,5,50,590,234,AUTOROUTE A21,50.40235,3.06122,Nuit sans éclairage public,Hors agglomération,Hors intersection,Normale,Autre collision,,,,,,,,,,,3,1,1,1.0,6.0
201800047984,0018-10-26 18:00:00,18,10,26,18,0,590,603,AUTOROUTE A2,50.33656,3.45244,Plein jour,Hors agglomération,Hors intersection,Pluie légère,Trois véhicules et plus - collisions multiples,,,,,,,,,,,1,1,1,2.0,5.0
201800047985,0018-11-07 12:30:00,18,11,7,12,30,590,343,ROUTE NATIONALE 227,50.60004,3.12946,Plein jour,Hors agglomération,Hors intersection,Pluie légère,Autre collision,,,,,,,,,,,1,1,1,2.0,6.0
201800047986,0018-11-16 00:35:00,18,11,16,0,35,590,475,AUTOROUTE A2,50.32566,3.43298,Nuit sans éclairage public,Hors agglomération,Hors intersection,Normale,Autre collision,,,,,,,,,,,3,1,1,1.0,6.0
201800047987,0018-11-16 18:00:00,18,11,16,18,0,590,350,AUTOROUTE A25,50.61642,3.04046,Crépuscule ou aube,Hors agglomération,Hors intersection,Pluie légère,Autre collision,,,,,,,,,,,2,1,1,2.0,6.0
201800047988,0018-11-18 15:00:00,18,11,18,15,0,590,271,AUTOROUTE A16,51.0124,2.34769,Plein jour,Hors agglomération,Hors intersection,Normale,Deux véhicules - arrière,,,,,,,,,,,1,1,1,1.0,2.0
201800047989,0018-11-17 16:53:00,18,11,17,16,53,590,378,ROUTE DEPARTEMENTALE 652,50.68446,3.09211,Plein jour,Hors agglomération,Hors intersection,Normale,Trois véhicules et plus - en chaîne,,,,,,,,,,,1,1,1,1.0,4.0
201800047990,0018-11-17 16:30:00,18,11,17,16,30,590,172,AUTOROUTE A 21,50.31719,3.41449,Plein jour,Hors agglomération,Hors intersection,Normale,Autre collision,,,,,,,,,,,1,1,1,1.0,6.0
201800047991,0018-11-23 18:05:00,18,11,23,18,5,590,350,AUTOROUTE A25,50.6162,3.06398,Crépuscule ou aube,Hors agglomération,Hors intersection,Normale,Autre collision,,,,,,,,,,,2,1,1,1.0,6.0
201800047992,0018-11-30 19:00:00,18,11,30,19,0,590,523,AUTOROUTE A27,50.59942,3.16492,Nuit sans éclairage public,Hors agglomération,Hors intersection,Normale,Trois véhicules et plus - collisions multiples,,,,,,,,,,,3,1,1,1.0,5.0
201800047993,0018-12-03 12:00:00,18,12,3,12,0,590,346,ROUTE NATIONALE 227,50.6129,3.13334,Crépuscule ou aube,Hors agglomération,Hors intersection,Normale,Autre collision,,,,,,,,,,,2,1,1,1.0,6.0
201800047994,0018-12-04 15:25:00,18,12,4,15,25,590,566,AUTOROUTE A25,50.61597,2.98659,Plein jour,Hors agglomération,Hors intersection,Normale,Trois véhicules et plus - en chaîne,,,,,,,,,,,1,1,1,1.0,4.0
201800047995,0018-12-13 21:40:00,18,12,13,21,40,620,498,AUTOROUTE A21,50.4508,2.82773,Nuit sans éclairage public,Hors agglomération,Hors intersection,Normale,Autre collision,,,,,,,,,,,3,1,1,1.0,6.0
201800047996,0018-12-15 05:45:00,18,12,15,5,45,620,427,AUTOROUTE A1,50.44338,2.97179,Nuit sans éclairage public,Hors agglomération,Hors intersection,Temps couvert,Trois véhicules et plus - en chaîne,,,,,,,,,,,3,1,1,8.0,4.0
201800047997,0018-12-11 19:00:00,18,12,11,19,0,590,507,AUTOROUTE A1,50.60937,3.0933,Nuit sans éclairage public,Hors agglomération,Hors intersection,Normale,Trois véhicules et plus - collisions multiples,,,,,,,,,,,3,1,1,1.0,5.0
201800047998,0018-12-26 04:05:00,18,12,26,4,5,590,662,AUTOROUTE A25,50.84,2.56,Nuit sans éclairage public,Hors agglomération,Hors intersection,Normale,Deux véhicules - arrière,,,,,,,,,,,3,1,1,1.0,2.0
201800047999,0018-12-27 01:30:00,18,12,27,1,30,620,274,AUTOROUTE A1,50.43684,2.97539,Nuit sans éclairage public,Hors agglomération,Hors intersection,Normale,Autre collision,,,,,,,,,,,3,1,1,1.0,6.0
201800048000,0018-12-27 05:30:00,18,12,27,5,30,590,9,ROUTE NATIONALE 227,50.63051,3.13958,Nuit sans éclairage public,Hors agglomération,Hors intersection,Normale,Autre collision,,,,,,,,,,,3,1,1,1.0,6.0
201800048001,0018-01-01 16:50:00,18,1,1,16,50,690,388,"79, ETATS UNIS (DES)",45.73234,4.86567,Crépuscule ou aube,En agglomération,Hors intersection,Pluie légère,Deux véhicules - arrière,,,,,,,,,,,2,2,1,2.0,2.0
201800048002,0018-01-01 04:15:00,18,1,1,4,15,690,388,ALBERT THOMAS,45.744,4.8754,Nuit avec éclairage allumé,En agglomération,Hors intersection,Normale,Autre collision,,,,,,,,,,,5,2,1,1.0,6.0
201800048003,0018-01-01 22:45:00,18,1,1,22,45,690,199,"46, CARNOT",45.70677,4.86106,Nuit avec éclairage allumé,En agglomération,Hors intersection,Normale,Autre collision,,,,,,,,,,,5,2,1,1.0,6.0
201800048004,0018-01-02 20:00:00,18,1,2,20,0,690,387,"61, DEBOURG",45.7314,4.83361,Nuit avec éclairage allumé,En agglomération,Hors intersection,Normale,Deux véhicules - côté,,,,,,,,,,,5,2,1,1.0,3.0
201800048005,0018-01-03 14:30:00,18,1,3,14,30,690,199,ALBERT THOMAS,45.70554,4.85904,Crépuscule ou aube,En agglomération,Intersection en T,Pluie légère,Deux véhicules - côté,,,,,,,,,,,2,2,3,2.0,3.0
201800048006,0018-01-03 18:10:00,18,1,3,18,10,690,386,"58, VITTON",45.7697,4.8551,Nuit avec éclairage allumé,En agglomération,Hors intersection,Pluie légère,Autre collision,,,,,,,,,,,5,2,1,2.0,6.0
201800048007,0018-01-04 18:00:00,18,1,4,18,0,690,387,"21, DEBOURG",45.73164,4.82464,Nuit avec éclairage allumé,En agglomération,Hors intersection,Pluie légère,Deux véhicules - arrière,,,,,,,,,,,5,2,1,2.0,2.0
201800048008,0018-01-04 22:30:00,18,1,4,22,30,690,259,JODINO (DE),45.69695,4.88764,Nuit avec éclairage allumé,En agglomération,Intersection en X,Temps couvert,Deux véhicules - côté,,,,,,,,,,,5,2,2,8.0,3.0
201800048009,0018-01-05 10:05:00,18,1,5,10,5,690,387,"64, LECLERC",45.73339,4.82328,Plein jour,En agglomération,Intersection en T,Normale,Deux véhicules - côté,,,,,,,,,,,1,2,3,1.0,3.0
201800048010,0018-01-05 13:45:00,18,1,5,13,45,690,259,AMBROISE CROIZAT,45.70347,4.88748,Plein jour,En agglomération,Hors intersection,Normale,Deux véhicules - arrière,,,,,,,,,,,1,2,1,1.0,2.0
201800048011,0018-01-08 23:19:00,18,1,8,23,19,690,383,PAUL BERT,45.757,4.8526,Nuit avec éclairage allumé,En agglomération,Hors intersection,Pluie forte,Autre collision,,,,,,,,,,,5,2,1,3.0,6.0
201800048012,0018-01-09 07:30:00,18,1,9,7,30,690,259,"1, JODINO (DE)",45.6967,4.88787,Nuit avec éclairage allumé,En agglomération,Intersection en X,Pluie légère,Autre collision,,,,,,,,,,,5,2,2,2.0,6.0
201800048013,0018-01-09 08:35:00,18,1,9,8,35,690,386,"25, VAUBAN",45.76496,4.8443,Plein jour,En agglomération,Hors intersection,Normale,Autre collision,,,,,,,,,,,1,2,1,1.0,6.0
201800048014,0018-01-09 09:00:00,18,1,9,9,0,690,387,CREQUI (DE),45.75109,4.84827,Plein jour,En agglomération,Intersection en X,Pluie forte,Autre collision,,,,,,,,,,,1,2,2,3.0,6.0
201800048015,0018-01-09 08:40:00,18,1,9,8,40,690,388,JEAN SARRAZIN,45.73056,4.86448,Crépuscule ou aube,En agglomération,Intersection en X,Pluie légère,Trois véhicules et plus - collisions multiples,,,,,,,,,,,2,2,2,2.0,5.0
201800048016,0018-01-09 07:30:00,18,1,9,7,30,690,259,PIERRE SEMARD,45.70545,4.87832,Nuit avec éclairage allumé,En agglomération,Intersection en X,Pluie légère,Autre collision,,,,,,,,,,,5,2,2,2.0,6.0
201800048017,0018-01-10 09:35:00,18,1,10,9,35,690,386,"15, DUQUESNE",45.77254,4.84333,Plein jour,En agglomération,Hors intersection,Normale,Autre collision,,,,,,,,,,,1,2,1,1.0,6.0
201800048018,0018-01-10 13:00:00,18,1,10,13,0,690,383,"47, LACASSAGNE",45.75332,4.86866,Plein jour,En agglomération,Hors intersection,Pluie légère,Autre collision,,,,,,,,,,,1,2,1,2.0,6.0
201800048019,0018-01-10 13:25:00,18,1,10,13,25,690,386,SEZE (DE),45.76854,4.85079,Plein jour,En agglomération,Intersection en X,Pluie légère,Autre collision,,,,,,,,,,,1,2,2,2.0,6.0
201800048020,0018-01-10 16:03:00,18,1,10,16,3,690,383,"44, MARIUS VIVIER MERLE",45.75979,4.85801,Plein jour,En agglomération,Hors intersection,Normale,Autre collision,,,,,,,,,,,1,2,1,1.0,6.0
201800048021,0018-01-11 15:30:00,18,1,11,15,30,690,387,JEAN MACE,45.74665,4.84267,Plein jour,En agglomération,Intersection en X,Normale,Deux véhicules - côté,,,,,,,,,,,1,2,2,1.0,3.0
201800048022,0018-01-11 17:12:00,18,1,11,17,12,690,259,"10, 8 MAI 1945 (DU)",45.69334,4.87138,Nuit avec éclairage allumé,En agglomération,Intersection en X,Normale,Deux véhicules - côté,,,,,,,,,,,5,2,2,1.0,3.0
201800048023,0018-01-11 12:10:00,18,1,11,12,10,690,259,CHARLES DE GAULLE,45.71527,4.89715,Plein jour,En agglomération,Hors intersection,Normale,Deux véhicules - arrière,,,,,,,,,,,1,2,1,1.0,2.0
201800048024,0018-01-11 20:00:00,18,1,11,20,0,690,386,"161, THIERS",45.76628,4.86189,Nuit avec éclairage allumé,En agglomération,Intersection en X,Pluie légère,Deux véhicules - côté,,,,,,,,,,,5,2,2,2.0,3.0
201800048025,0018-01-12 12:00:00,18,1,12,12,0,690,383,"32, LAFAYETTE",45.76354,4.84558,Plein jour,En agglomération,Hors intersection,Normale,Autre collision,,,,,,,,,,,1,2,1,1.0,6.0
201800048026,0018-01-13 06:15:00,18,1,13,6,15,690,276,LYON (DE),45.6861,4.861,Nuit avec éclairage allumé,En agglomération,Giratoire,Normale,Autre collision,,,,,,,,,,,5,2,6,1.0,6.0
201800048027,0018-01-13 03:30:00,18,1,13,3,30,690,387,", CROIX BARRET (DE LA)",45.73683,4.8459,Nuit avec éclairage allumé,En agglomération,Hors intersection,Normale,Sans collision,,,,,,,,,,,5,2,1,1.0,7.0
201800048028,0018-01-14 18:05:00,18,1,14,18,5,690,383,"194, FELIX FAURE",45.75499,4.87044,Nuit avec éclairage allumé,En agglomération,Hors intersection,Normale,Autre collision,,,,,,,,,,,5,2,1,1.0,6.0
201800048029,0018-01-14 18:42:00,18,1,14,18,42,690,388,"148, VIENNE (DE)",45.7351,4.85321,Nuit avec éclairage allumé,En agglomération,Hors intersection,Normale,Deux véhicules - frontale,,,,,,,,,,,5,2,1,1.0,1.0
201800048030,0018-01-15 05:30:00,18,1,15,5,30,690,383,"15, JEANNE D'ARC",45.75191,4.87665,Nuit avec éclairage allumé,En agglomération,Intersection en T,Normale,Deux véhicules - côté,,,,,,,,,,,5,2,3,1.0,3.0
201800048031,0018-01-15 10:50:00,18,1,15,10,50,690,388,EDMOND MICHELET,45.73214,4.87589,Plein jour,En agglomération,Giratoire,Normale,Deux véhicules - arrière,,,,,,,,,,,1,2,6,1.0,2.0
201800048032,0018-01-16 08:50:00,18,1,16,8,50,690,386,"44, STE GENEVIEVE",45.76512,4.86504,Plein jour,En agglomération,Intersection en X,Pluie légère,Deux véhicules - côté,,,,,,,,,,,1,2,2,2.0,3.0
201800048033,0018-01-17 14:55:00,18,1,17,14,55,690,388,"218, PINEL",45.73062,4.88762,Plein jour,En agglomération,Intersection à plus de 4 branches,Pluie légère,Deux véhicules - côté,,,,,,,,,,,1,2,5,2.0,3.0
201800048034,0018-01-18 16:50:00,18,1,18,16,50,690,383,"42, FEUILLAT",45.75065,4.87591,Crépuscule ou aube,En agglomération,Hors intersection,Pluie légère,Autre collision,,,,,,,,,,,2,2,1,2.0,6.0
201800048035,0018-01-19 00:05:00,18,1,19,0,5,690,387,"23, CHAMBAUD DE LA BRUYE",45.72274,4.84221,Nuit avec éclairage allumé,En agglomération,Intersection en T,Temps couvert,Deux véhicules - frontale,,,,,,,,,,,5,2,3,8.0,1.0
201800048036,0018-01-19 09:35:00,18,1,19,9,35,690,388,PROFESSEUR BEAUVISAGE (D,45.72949,4.86801,Plein jour,En agglomération,Intersection en T,Pluie légère,Autre collision,,,,,,,,,,,1,2,3,2.0,6.0
201800048037,0018-01-05 17:00:00,18,1,5,17,0,690,387,CHAMBAUD DE LA BRUYERE,45.72195,4.84222,Nuit avec éclairage allumé,En agglomération,Hors intersection,Normale,Deux véhicules - arrière,,,,,,,,,,,5,2,1,1.0,2.0
201800048038,0018-01-19 18:20:00,18,1,19,18,20,690,387,"108, BERTHELOT",45.74346,4.84731,Nuit avec éclairage allumé,En agglomération,Intersection en X,Pluie légère,Deux véhicules - côté,,,,,,,,,,,5,2,2,2.0,3.0
201800048039,0018-01-19 22:10:00,18,1,19,22,10,690,259,"91, IRENE JOLIOT CURIE",45.71212,4.88114,Nuit avec éclairage allumé,En agglomération,Hors intersection,Autre,Deux véhicules - côté,,,,,,,,,,,5,2,1,9.0,3.0
201800048040,0018-01-19 23:55:00,18,1,19,23,55,690,386,"79, VITTON",45.7703,4.85992,Nuit avec éclairage allumé,En agglomération,Hors intersection,Autre,Autre collision,,,,,,,,,,,5,2,1,9.0,6.0
201800048041,0018-01-20 12:00:00,18,1,20,12,0,690,259,"16, JULES FERRY",45.69922,4.88601,Plein jour,En agglomération,Hors intersection,Pluie forte,Autre collision,,,,,,,,,,,1,2,1,3.0,6.0
201800048042,0018-01-20 21:03:00,18,1,20,21,3,690,259,AMBROISE CROIZAT,45.70311,4.88749,Nuit avec éclairage allumé,En agglomération,Intersection en X,Pluie légère,Deux véhicules - côté,,,,,,,,,,,5,2,2,2.0,3.0
201800048043,0018-01-22 08:00:00,18,1,22,8,0,690,386,JULES FAVRE,45.7662,4.85913,Crépuscule ou aube,Hors agglomération,Hors intersection,Pluie légère,Autre collision,,,,,,,,,,,2,1,1,2.0,6.0
201800048044,0018-01-22 08:50:00,18,1,22,8,50,690,386,"82, VITTON",45.76983,4.85784,Crépuscule ou aube,En agglomération,Hors intersection,Pluie légère,Deux véhicules - arrière,,,,,,,,,,,2,2,1,2.0,2.0
201800048045,0018-01-22 17:20:00,18,1,22,17,20,690,387,RAOUL SERVANT,45.74556,4.83638,Crépuscule ou aube,En agglomération,Intersection en X,Pluie légère,Deux véhicules - côté,,,,,,,,,,,2,2,2,2.0,3.0
201800048046,0018-01-23 07:55:00,18,1,23,7,55,690,387,"6, BERTHELOT",45.7475,4.83493,Plein jour,En agglomération,Autre intersection,Normale,Deux véhicules - côté,,,,,,,,,,,1,2,9,1.0,3.0
201800048047,0018-01-23 13:35:00,18,1,23,13,35,690,383,"193, LACASSAGNE",45.74665,4.88529,Plein jour,En agglomération,Intersection en X,Normale,Deux véhicules - côté,,,,,,,,,,,1,2,2,1.0,3.0
201800048048,0018-01-24 16:10:00,18,1,24,16,10,690,388,"126, VIENNE (DE)",45.73664,4.8528,Plein jour,En agglomération,Hors intersection,Normale,Autre collision,,,,,,,,,,,1,2,1,1.0,6.0
201800048049,0018-01-25 16:35:00,18,1,25,16,35,690,388,JEAN SARRAZIN,45.73154,4.86703,Plein jour,En agglomération,Intersection en X,Normale,Autre collision,,,,,,,,,,,1,2,2,1.0,6.0
201800048050,0018-01-26 07:25:00,18,1,26,7,25,690,383,VICTOR AUGAGNEUR,45.76002,4.84088,Nuit avec éclairage allumé,En agglomération,Intersection en X,Pluie forte,Deux véhicules - côté,,,,,,,,,,,5,2,2,3.0,3.0
201800048051,0018-01-25 11:45:00,18,1,25,11,45,690,388,"35, VIVIANI",45.72379,4.87367,Plein jour,En agglomération,Hors intersection,Normale,Deux véhicules - côté,,,,,,,,,,,1,2,1,1.0,3.0
201800048052,0018-01-26 14:00:00,18,1,26,14,0,690,383,"137, ANTOINE CHARIAL",45.75731,4.87318,Plein jour,En agglomération,Intersection en X,Pluie légère,Autre collision,,,,,,,,,,,1,2,2,2.0,6.0
201800048053,0018-01-26 19:25:00,18,1,26,19,25,690,383,"135, MARECHAL DE SAXE",45.75648,4.84665,Crépuscule ou aube,En agglomération,Intersection en X,Pluie légère,Autre collision,,,,,,,,,,,2,2,2,2.0,6.0
201800048054,0018-01-26 18:45:00,18,1,26,18,45,690,383,", VICTOR AUGAGNEUR",45.75636,4.84043,Nuit avec éclairage allumé,En agglomération,Hors intersection,Pluie légère,Deux véhicules - arrière,,,,,,,,,,,5,2,1,2.0,2.0
201800048055,0018-01-28 11:00:00,18,1,28,11,0,690,387,RASPAIL,45.7561,4.84046,Plein jour,En agglomération,Intersection en X,Normale,Autre collision,,,,,,,,,,,1,2,2,1.0,6.0
201800048056,0018-01-29 16:25:00,18,1,29,16,25,690,388,"12, AUDIBERT ET LAVIROTT",45.74053,4.85995,Plein jour,En agglomération,Hors intersection,Normale,Deux véhicules - arrière,,,,,,,,,,,1,2,1,1.0,2.0
201800048057,0018-01-29 18:30:00,18,1,29,18,30,690,259,"283, VIENNE (DE)",45.71666,4.85487,Nuit avec éclairage allumé,En agglomération,Intersection en T,Normale,Deux véhicules - côté,,,,,,,,,,,5,2,3,1.0,3.0
201800048058,0018-01-30 18:45:00,18,1,30,18,45,690,383,LACASSAGNE,45.75617,4.86391,Nuit avec éclairage allumé,En agglomération,Hors intersection,Normale,Autre collision,,,,,,,,,,,5,2,1,1.0,6.0
201800048059,0018-01-30 20:50:00,18,1,30,20,50,690,387,"152, GAMBETTA",45.74992,4.8583,Nuit sans éclairage public,En agglomération,Intersection en T,Normale,Deux véhicules - côté,,,,,,,,,,,3,2,3,1.0,3.0
201800048060,0018-01-31 08:15:00,18,1,31,8,15,690,388,LAENNEC,45.73991,4.882,Plein jour,En agglomération,Intersection en X,Normale,Sans collision,,,,,,,,,,,1,2,2,1.0,7.0
201800048061,0018-01-31 13:30:00,18,1,31,13,30,690,387,"5, PIERRE DE COUBERTIN",45.72598,4.82478,Plein jour,En agglomération,Hors intersection,Normale,Autre collision,,,,,,,,,,,1,2,1,1.0,6.0
201800048062,0018-01-31 16:30:00,18,1,31,16,30,690,259,"26, EMILE ZOLA",45.703,4.8861,Plein jour,En agglomération,Hors intersection,Normale,Deux véhicules - arrière,,,,,,,,,,,1,2,1,1.0,2.0
201800048063,0018-02-01 11:00:00,18,2,1,11,0,690,388,JEAN MERMOZ,45.7326,4.88134,Plein jour,En agglomération,Intersection en X,Pluie légère,Deux véhicules - côté,,,,,,,,,,,1,2,2,2.0,3.0
201800048064,0018-02-01 13:45:00,18,2,1,13,45,690,387,"73, BERTHELOT",45.74485,4.88431,Plein jour,En agglomération,Hors intersection,Normale,Deux véhicules - arrière,,,,,,,,,,,1,2,1,1.0,2.0
201800048065,0018-02-02 07:00:00,18,2,2,7,0,690,386,CREQUI (DE),45.77036,4.84576,Crépuscule ou aube,En agglomération,Intersection en X,Normale,Deux véhicules - côté,,,,,,,,,,,2,2,2,1.0,3.0
201800048066,0018-02-02 14:00:00,18,2,2,14,0,690,387,"45, BECHEVELIN",45.75191,4.84139,Plein jour,En agglomération,Hors intersection,Normale,Deux véhicules - arrière,,,,,,,,,,,1,2,1,1.0,2.0
201800048067,0018-02-02 13:10:00,18,2,2,13,10,690,386,"104, VITTON",45.77085,4.8643,Plein jour,En agglomération,Hors intersection,Normale,Deux véhicules - arrière,,,,,,,,,,,1,2,1,1.0,2.0
201800048068,0018-02-05 08:20:00,18,2,5,8,20,690,387,"70, LECLERC",45.73298,4.823,Plein jour,En agglomération,Hors intersection,Neige / grêle,Sans collision,,,,,,,,,,,1,2,1,4.0,7.0
201800048069,0018-02-05 15:50:00,18,2,5,15,50,690,387,DOMER,45.74691,4.8454,Plein jour,En agglomération,Intersection en Y,Temps couvert,Autre collision,,,,,,,,,,,1,2,4,8.0,6.0
201800048070,0018-02-05 18:30:00,18,2,5,18,30,690,383,PAUL BERT,45.7568,4.84834,Nuit avec éclairage allumé,En agglomération,Intersection en X,Normale,Deux véhicules - côté,,,,,,,,,,,5,2,2,1.0,3.0