accident_id,datetime,annee,mois,jour,heure,minute,departement,commune_insee,adresse,latitude,longitude,luminosite,agglomeration,intersection,meteo,collision,nb_vehicules,nb_usagers,nb_indemnes,nb_tues,nb_blesses_hosp,nb_blesses_legers,age_cond_1,age_cond_2,veh_type_cond_1,veh_type_cond_2,lum_code,agg_code,int_code,atm_code,col_code
201800048071,0018-02-06 10:05:00,18,2,6,10,5,690,388,"131, MARIUS BERLIET",45.73839,4.86717,Plein jour,En agglomération,Hors intersection,Normale,Deux véhicules - côté,,,,,,,,,,,1,2,1,1.0,3.0
201800048072,0018-02-06 14:30:00,18,2,6,14,30,690,386,VIABERT (DE LA),45.7663,4.86157,Plein jour,En agglomération,Intersection en X,Normale,Autre collision,,,,,,,,,,,1,2,2,1.0,6.0
201800048073,0018-02-07 07:30:00,18,2,7,7,30,690,387,"54, BERTHELOT",45.74561,4.84056,Plein jour,En agglomération,Hors intersection,Pluie légère,Autre collision,,,,,,,,,,,1,2,1,2.0,6.0
201800048074,0018-02-07 21:16:00,18,2,7,21,16,690,383,"98, DOCTEUR LONG (DU)",45.75097,4.88902,Nuit avec éclairage allumé,En agglomération,Intersection en X,Normale,Autre collision,,,,,,,,,,,5,2,2,1.0,6.0
201800048075,0018-02-08 12:00:00,18,2,8,12,0,690,259,PAUL BERT,45.70059,4.88774,Plein jour,En agglomération,Intersection en X,Normale,Autre collision,,,,,,,,,,,1,2,2,1.0,6.0
201800048076,0018-02-08 17:18:00,18,2,8,17,18,690,387,"6, VIENNE (DE)",45.74488,4.84927,Crépuscule ou aube,En agglomération,Hors intersection,Normale,Deux véhicules - côté,,,,,,,,,,,2,2,1,1.0,3.0
201800048077,0018-02-08 21:25:00,18,2,8,21,25,690,383,MARIUS VIVIER MERLE,45.75215,4.85972,Nuit avec éclairage allumé,En agglomération,Hors intersection,Normale,Autre collision,,,,,,,,,,,5,2,1,1.0,6.0
201800048078,0018-02-06 16:00:00,18,2,6,16,0,690,388,"4, ROCKEFELLER",45.74238,4.87996,Plein jour,En agglomération,Intersection en X,Pluie légère,Autre collision,,,,,,,,,,,1,2,2,2.0,6.0
201800048079,0018-02-09 12:00:00,18,2,9,12,0,690,387,"69, MARSEILLE (DE)",45.7484,4.83803,Plein jour,En agglomération,Intersection en T,Normale,Deux véhicules - côté,,,,,,,,,,,1,2,3,1.0,3.0
201800048080,0018-02-09 22:36:00,18,2,9,22,36,690,383,"15, GAMBETTA",45.75526,4.84349,Nuit avec éclairage allumé,En agglomération,Hors intersection,Pluie légère,Autre collision,,,,,,,,,,,5,2,1,2.0,6.0
201800048081,0018-02-11 20:40:00,18,2,11,20,40,690,387,BERTHELOT,45.74077,4.85607,Nuit avec éclairage allumé,En agglomération,Intersection en T,Autre,Sans collision,,,,,,,,,,,5,2,3,9.0,7.0
201800048082,0018-02-12 01:35:00,18,2,12,1,35,690,387,TONY GARNIER,45.73163,4.82407,Nuit avec éclairage allumé,En agglomération,Giratoire,Pluie légère,Autre collision,,,,,,,,,,,5,2,6,2.0,6.0
201800048083,0018-02-12 23:35:00,18,2,12,23,35,690,276,"1, VERNAY (DU)",45.68143,4.85454,Nuit avec éclairage allumé,En agglomération,Hors intersection,Temps couvert,Autre collision,,,,,,,,,,,5,2,1,8.0,6.0
201800048084,0018-02-13 08:30:00,18,2,13,8,30,690,259,"02, FRERES LAFRANCHI (DE",45.71784,4.87241,Plein jour,En agglomération,Hors intersection,Normale,Deux véhicules - côté,,,,,,,,,,,1,2,1,1.0,3.0
201800048085,0018-02-13 09:40:00,18,2,13,9,40,690,383,"64, GAMBETTA",45.7532,4.849,Plein jour,En agglomération,Intersection en X,Temps éblouissant,Autre collision,,,,,,,,,,,1,2,2,7.0,6.0
201800048086,0018-02-13 10:15:00,18,2,13,10,15,690,387,JEAN JAURES,45.74014,4.83831,Plein jour,En agglomération,Hors intersection,Normale,Deux véhicules - côté,,,,,,,,,,,1,2,1,1.0,3.0
201800048087,0018-02-13 12:20:00,18,2,13,12,20,690,383,SERVIENT,45.76037,4.84967,Plein jour,En agglomération,Intersection en T,Normale,Deux véhicules - côté,,,,,,,,,,,1,2,3,1.0,3.0
201800048088,0018-02-08 08:45:00,18,2,8,8,45,690,383,GENERAL MOUTON DUVERNET,45.75,4.87,Plein jour,En agglomération,Intersection en X,Temps couvert,Deux véhicules - côté,,,,,,,,,,,1,2,2,8.0,3.0
201800048089,0018-02-14 12:40:00,18,2,14,12,40,690,388,"45, MARYSE BASTIE",45.73787,4.87411,Plein jour,En agglomération,Hors intersection,Normale,Deux véhicules - côté,,,,,,,,,,,1,2,1,1.0,3.0
201800048090,0018-02-14 16:30:00,18,2,14,16,30,690,387,"10, LECLERC",45.74623,4.83271,Plein jour,En agglomération,Intersection en T,Normale,Autre collision,,,,,,,,,,,1,2,3,1.0,6.0
201800048091,0018-02-14 17:45:00,18,2,14,17,45,690,388,"8, FRANCIS DE PRESSENSE",45.7309,4.85978,Crépuscule ou aube,En agglomération,Hors intersection,Normale,Trois véhicules et plus - en chaîne,,,,,,,,,,,2,2,1,1.0,4.0
201800048092,0018-02-19 07:12:00,18,2,19,7,12,690,259,11 NOVEMBRE 1918 (DU),45.68923,4.86494,Crépuscule ou aube,En agglomération,Hors intersection,Normale,Autre collision,,,,,,,,,,,2,2,1,1.0,6.0
201800048093,0018-02-19 07:30:00,18,2,19,7,30,690,383,"105, ALBERT THOMAS",45.74565,4.87172,Crépuscule ou aube,En agglomération,Hors intersection,Normale,Deux véhicules - arrière,,,,,,,,,,,2,2,1,1.0,2.0
201800048094,0018-02-20 16:20:00,18,2,20,16,20,690,383,"108, FELIX FAURE",45.75377,4.86019,Plein jour,En agglomération,Intersection en T,Normale,Deux véhicules - côté,,,,,,,,,,,1,2,3,1.0,3.0
201800048095,0018-02-21 05:15:00,18,2,21,5,15,690,259,"5, FRERES LAFRANCHI (DES",45.71806,4.87232,Nuit avec éclairage allumé,En agglomération,Intersection en T,Normale,Autre collision,,,,,,,,,,,5,2,3,1.0,6.0
201800048096,0018-02-21 16:35:00,18,2,21,16,35,690,388,"277, VIENNE (DE)",45.72681,4.85382,Plein jour,En agglomération,Hors intersection,Normale,Autre collision,,,,,,,,,,,1,2,1,1.0,6.0
201800048097,0018-02-21 16:25:00,18,2,21,16,25,690,386,BROTTEAUX (DES),45.76953,4.85668,Plein jour,En agglomération,Intersection en X,Normale,Deux véhicules - côté,,,,,,,,,,,1,2,2,1.0,3.0
201800048098,0018-02-21 17:35:00,18,2,21,17,35,690,388,"246, VIENNE (DE)",45.72848,4.85362,Plein jour,En agglomération,Hors intersection,Normale,Deux véhicules - côté,,,,,,,,,,,1,2,1,1.0,3.0
201800048099,0018-02-21 04:40:00,18,2,21,4,40,690,387,GAMBETTA,45.75439,4.84511,Nuit avec éclairage allumé,En agglomération,Hors intersection,Normale,Sans collision,,,,,,,,,,,5,2,1,1.0,7.0
201800048100,0018-02-22 21:20:00,18,2,22,21,20,690,387,"177, GUILLOTIERE (DE LA)",45.74994,4.85205,Nuit avec éclairage allumé,En agglomération,Intersection en X,Normale,Deux véhicules - côté,,,,,,,,,,,5,2,2,1.0,3.0
201800048101,0018-02-19 04:50:00,18,2,19,4,50,690,386,DUQUESNE,45.77234,4.8412,Nuit avec éclairage allumé,En agglomération,Intersection en X,Normale,Autre collision,,,,,,,,,,,5,2,2,1.0,6.0
201800048102,0018-01-31 14:50:00,18,1,31,14,50,690,387,TONY GARNIER,45.72649,4.82624,Plein jour,En agglomération,Hors intersection,Normale,Deux véhicules - arrière,,,,,,,,,,,1,2,1,1.0,2.0
201800048103,0018-02-24 16:50:00,18,2,24,16,50,690,388,CONCORDE (DE LA),45.73218,4.86982,Plein jour,En agglomération,Intersection en X,Normale,Deux véhicules - côté,,,,,,,,,,,1,2,2,1.0,3.0
201800048104,0018-02-26 08:50:00,18,2,26,8,50,690,383,"104, DAUPHINE (DU)",45.75372,4.87195,Plein jour,En agglomération,Hors intersection,Normale,Autre collision,,,,,,,,,,,1,2,1,1.0,6.0
201800048105,0018-02-26 16:45:00,18,2,26,16,45,690,259,PIERRE SEMARD,45.70981,4.87563,Plein jour,En agglomération,Hors intersection,Normale,Trois véhicules et plus - en chaîne,,,,,,,,,,,1,2,1,1.0,4.0
201800048106,0018-02-27 12:20:00,18,2,27,12,20,690,387,"174, JEAN JAURES",45.73813,4.8376,Plein jour,En agglomération,Intersection en X,Normale,Deux véhicules - côté,,,,,,,,,,,1,2,2,1.0,3.0
201800048107,0018-02-27 17:45:00,18,2,27,17,45,690,387,"156, MARCEL MERIEUX",45.73578,4.8294,Plein jour,En agglomération,Hors intersection,Normale,Deux véhicules - côté,,,,,,,,,,,1,2,1,1.0,3.0
201800048108,0018-02-28 08:30:00,18,2,28,8,30,690,388,"69, ETATS UNIS (DES)",45.73344,4.86466,Plein jour,En agglomération,Intersection en X,Temps couvert,Deux véhicules - côté,,,,,,,,,,,1,2,2,8.0,3.0
201800048109,0018-03-01 08:30:00,18,3,1,8,30,690,383,"69, GAMBETTA",45.75216,4.85226,Plein jour,En agglomération,Intersection en X,Normale,Deux véhicules - côté,,,,,,,,,,,1,2,2,1.0,3.0
201800048110,0018-03-01 08:30:00,18,3,1,8,30,690,259,GEORGES ROUDIL,45.69157,4.88883,Plein jour,En agglomération,Hors intersection,Neige / grêle,Trois véhicules et plus - collisions multiples,,,,,,,,,,,1,2,1,4.0,5.0
201800048111,0018-03-02 14:10:00,18,3,2,14,10,690,383,"246, CREQUI (DE)",45.75413,4.84873,Plein jour,En agglomération,Intersection en X,Normale,Autre collision,,,,,,,,,,,1,2,2,1.0,6.0
201800048112,0018-03-02 23:05:00,18,3,2,23,5,690,383,"191, BONNEL (DE)",45.7627,4.95789,Nuit avec éclairage allumé,En agglomération,Intersection en X,Temps couvert,Deux véhicules - côté,,,,,,,,,,,5,2,2,8.0,3.0
201800048113,0018-03-03 22:15:00,18,3,3,22,15,690,383,"56, BARABAN",45.7613,4.86822,Nuit avec éclairage allumé,En agglomération,Intersection en X,Normale,Deux véhicules - côté,,,,,,,,,,,5,2,2,1.0,3.0
201800048114,0018-03-04 04:20:00,18,3,4,4,20,690,386,"12, DUQUESNE",45.77244,4.84311,Nuit avec éclairage allumé,En agglomération,Intersection en X,Normale,Deux véhicules - côté,,,,,,,,,,,5,2,2,1.0,3.0
201800048115,0018-03-04 05:10:00,18,3,4,5,10,690,387,"114, BERTHELOT",45.74325,4.84769,Nuit avec éclairage allumé,En agglomération,Intersection en X,Normale,Autre collision,,,,,,,,,,,5,2,2,1.0,6.0
201800048116,0018-03-03 18:10:00,18,3,3,18,10,690,388,"230, BERTHELOT",45.7398,4.8585,Plein jour,En agglomération,Hors intersection,Normale,Deux véhicules - côté,,,,,,,,,,,1,2,1,1.0,3.0
201800048117,0018-03-06 16:20:00,18,3,6,16,20,690,388,"173, PAUL SANTY",45.72515,4.8819,Plein jour,En agglomération,Hors intersection,Pluie légère,Autre collision,,,,,,,,,,,1,2,1,2.0,6.0
201800048118,0018-03-07 20:15:00,18,3,7,20,15,690,199,"57, JEAN JAURES",45.71111,4.8551,Nuit avec éclairage allumé,En agglomération,Hors intersection,Normale,Autre collision,,,,,,,,,,,5,2,1,1.0,6.0
201800048119,0018-03-08 13:55:00,18,3,8,13,55,690,383,"168, LAFAYETTE",45.7636,4.85645,Plein jour,En agglomération,Hors intersection,Normale,Autre collision,,,,,,,,,,,1,2,1,1.0,6.0
201800048120,0018-03-09 11:50:00,18,3,9,11,50,690,259,"20, PAUL BERT",45.70014,4.88635,Plein jour,En agglomération,Hors intersection,Normale,Deux véhicules - côté,,,,,,,,,,,1,2,1,1.0,3.0
201800048121,0018-03-09 10:45:00,18,3,9,10,45,690,383,"15 BIS, DAUPHINE (DU)",45.7506,4.8651,Plein jour,En agglomération,Hors intersection,Normale,Autre collision,,,,,,,,,,,1,2,1,1.0,6.0
201800048122,0018-03-10 03:50:00,18,3,10,3,50,690,386,"36, BELGES (DES)",45.77439,4.84993,Nuit avec éclairage allumé,En agglomération,Hors intersection,Pluie forte,Sans collision,,,,,,,,,,,5,2,1,3.0,7.0
201800048123,0018-03-10 12:10:00,18,3,10,12,10,690,259,"7, JEAN MOULIN",45.68863,4.87693,Plein jour,En agglomération,Hors intersection,Normale,Deux véhicules - arrière,,,,,,,,,,,1,2,1,1.0,2.0
201800048124,0018-03-10 16:50:00,18,3,10,16,50,690,387,"133, SEBASTIEN GRYPHE",45.74768,4.8388,Plein jour,En agglomération,Hors intersection,Normale,Deux véhicules - côté,,,,,,,,,,,1,2,1,1.0,3.0
201800048125,0018-03-10 16:30:00,18,3,10,16,30,690,383,CHATEAU (DU),45.74857,4.88374,Plein jour,En agglomération,Intersection en X,Normale,Deux véhicules - côté,,,,,,,,,,,1,2,2,1.0,3.0
201800048126,0018-03-12 10:00:00,18,3,12,10,0,690,386,"50, VENDOME",45.77108,4.84462,Plein jour,En agglomération,Intersection en X,Normale,Deux véhicules - côté,,,,,,,,,,,1,2,2,1.0,3.0
201800048127,0018-03-13 00:30:00,18,3,13,0,30,690,388,VILLON (DE),45.739,4.863,Nuit avec éclairage allumé,En agglomération,Intersection en X,Normale,Deux véhicules - côté,,,,,,,,,,,5,2,2,1.0,3.0
201800048128,0018-03-13 08:30:00,18,3,13,8,30,690,388,"36, PROFESSEUR TAVERNIER",45.72616,4.86894,Plein jour,En agglomération,Hors intersection,Normale,Autre collision,,,,,,,,,,,1,2,1,1.0,6.0
201800048129,0018-03-13 16:50:00,18,3,13,16,50,690,388,JEAN MERMOZ,45.731,4.8858,Plein jour,En agglomération,Intersection en X,Normale,Deux véhicules - côté,,,,,,,,,,,1,2,2,1.0,3.0
201800048130,0018-03-15 11:15:00,18,3,15,11,15,690,386,"59, GARIBALDI",45.76909,4.85053,Plein jour,En agglomération,Hors intersection,Pluie forte,Autre collision,,,,,,,,,,,1,2,1,3.0,6.0
201800048131,0018-03-16 17:55:00,18,3,16,17,55,690,388,"103, ETATS UNIS (DES)",45.72956,4.86753,Crépuscule ou aube,En agglomération,Hors intersection,Pluie légère,Autre collision,,,,,,,,,,,2,2,1,2.0,6.0
201800048132,0018-03-17 03:40:00,18,3,17,3,40,690,383,"9, VILLETTE (DE LA)",45.76291,4.86181,Nuit avec éclairage allumé,En agglomération,Intersection en X,Pluie légère,Deux véhicules - côté,,,,,,,,,,,5,2,2,2.0,3.0
201800048133,0018-03-19 13:20:00,18,3,19,13,20,690,388,FRERES LUMIERE (DES),45.74338,4.87425,Plein jour,En agglomération,Intersection en X,Normale,Deux véhicules - côté,,,,,,,,,,,1,2,2,1.0,3.0
201800048134,0018-03-19 22:35:00,18,3,19,22,35,690,383,CREQUI (DE),45.75958,4.84783,Nuit avec éclairage allumé,En agglomération,Intersection en X,Normale,Deux véhicules - côté,,,,,,,,,,,5,2,2,1.0,3.0
201800048135,0018-03-20 13:45:00,18,3,20,13,45,690,383,GAMBETTA,45.75394,4.84742,Plein jour,En agglomération,Hors intersection,Temps couvert,Deux véhicules - côté,,,,,,,,,,,1,2,1,8.0,3.0
201800048136,0018-03-21 19:30:00,18,3,21,19,30,690,387,FELIX BRUN,45.73988,4.833,Crépuscule ou aube,En agglomération,Intersection en X,Normale,Deux véhicules - côté,,,,,,,,,,,2,2,2,1.0,3.0
201800048137,0018-03-16 13:46:00,18,3,16,13,46,690,388,"26, STEPHANE COIGNET",45.72648,4.87479,Plein jour,En agglomération,Hors intersection,Normale,Autre collision,,,,,,,,,,,1,2,1,1.0,6.0
201800048138,0018-03-22 10:30:00,18,3,22,10,30,690,386,TETE D'OR (DE LA),45.7687,4.85239,Plein jour,En agglomération,Intersection en X,Normale,Autre collision,,,,,,,,,,,1,2,2,1.0,6.0
201800048139,0018-03-22 11:25:00,18,3,22,11,25,690,388,ANTOINE LUMIERE,45.74146,4.86862,Plein jour,En agglomération,Intersection en X,Normale,Deux véhicules - côté,,,,,,,,,,,1,2,2,1.0,3.0
201800048140,0018-03-22 13:30:00,18,3,22,13,30,690,383,"62, SERVIENT",45.7603,4.84788,Plein jour,En agglomération,Hors intersection,Normale,Autre collision,,,,,,,,,,,1,2,1,1.0,6.0
201800048141,0018-03-22 16:50:00,18,3,22,16,50,690,388,", PINEL",45.72791,4.88666,Plein jour,En agglomération,Intersection en T,Normale,Deux véhicules - côté,,,,,,,,,,,1,2,3,1.0,3.0
201800048142,0018-03-22 17:15:00,18,3,22,17,15,690,386,JEAN NOVEL,45.77197,4.85997,Plein jour,En agglomération,Intersection en X,Normale,Autre collision,,,,,,,,,,,1,2,2,1.0,6.0
201800048143,0018-03-21 11:30:00,18,3,21,11,30,690,383,"32, JEANNE HACHETTE",45.7516,4.86415,Plein jour,En agglomération,Hors intersection,Normale,Autre collision,,,,,,,,,,,1,2,1,1.0,6.0
201800048144,0018-03-23 09:15:00,18,3,23,9,15,690,388,"103, ETATS UNIS (DES)",45.72,4.87,Plein jour,En agglomération,Hors intersection,Temps couvert,Autre collision,,,,,,,,,,,1,2,1,8.0,6.0
201800048145,0018-03-20 11:55:00,18,3,20,11,55,690,259,"2, VLADIMIR KOMAROV",45.69209,4.87319,Plein jour,En agglomération,Hors intersection,Temps couvert,Sans collision,,,,,,,,,,,1,2,1,8.0,7.0
201800048146,0018-03-22 19:45:00,18,3,22,19,45,690,199,ANTOINE GRAVALLON,45.7,4.86,Nuit avec éclairage allumé,En agglomération,Intersection en T,Normale,Deux véhicules - frontale,,,,,,,,,,,5,2,3,1.0,1.0
201800048147,0018-03-24 11:40:00,18,3,24,11,40,690,259,", VIENNE (DE)",45.72402,4.85412,Plein jour,En agglomération,Intersection en T,Normale,Deux véhicules - côté,,,,,,,,,,,1,2,3,1.0,3.0
201800048148,0018-03-24 15:25:00,18,3,24,15,25,690,259,"402, CHARLES DE GAULLE",45.71389,4.89854,Plein jour,Hors agglomération,Hors intersection,Normale,Autre collision,,,,,,,,,,,1,1,1,1.0,6.0
201800048149,0018-03-24 14:55:00,18,3,24,14,55,690,199,RASPAIL,45.70943,4.85597,Plein jour,En agglomération,Hors intersection,Normale,Autre collision,,,,,,,,,,,1,2,1,1.0,6.0
201800048150,0018-03-24 16:54:00,18,3,24,16,54,690,383,"229, DUGUESCLIN",45.75898,4.84918,Plein jour,En agglomération,Intersection en X,Normale,Deux véhicules - côté,,,,,,,,,,,1,2,2,1.0,3.0
201800048151,0018-03-22 14:14:00,18,3,22,14,14,690,383,"202, GARIBALDI",45.75921,4.85228,Plein jour,En agglomération,Intersection en T,Normale,Deux véhicules - côté,,,,,,,,,,,1,2,3,1.0,3.0
201800048152,0018-03-27 08:40:00,18,3,27,8,40,690,199,"01, FRERES PERRET",45.69511,4.84503,Plein jour,En agglomération,Autre intersection,Temps couvert,Autre collision,,,,,,,,,,,1,2,9,8.0,6.0
201800048153,0018-03-27 10:50:00,18,3,27,10,50,690,383,"135, FELIX FAURE",45.75404,4.86233,Plein jour,En agglomération,Hors intersection,Normale,Autre collision,,,,,,,,,,,1,2,1,1.0,6.0
201800048154,0018-03-28 08:25:00,18,3,28,8,25,690,383,"217, FELIX FAURE",45.75552,4.87384,Plein jour,En agglomération,Hors intersection,Pluie légère,Deux véhicules - arrière,,,,,,,,,,,1,2,1,2.0,2.0
201800048155,0018-03-28 16:20:00,18,3,28,16,20,690,388,"2, TRANSVAAL (DU)",45.7382,4.878,Plein jour,En agglomération,Hors intersection,Normale,Autre collision,,,,,,,,,,,1,2,1,1.0,6.0
201800048156,0018-03-29 09:00:00,18,3,29,9,0,690,387,"160, GUILLOTIERE (DE LA)",45.7496,4.8524,Plein jour,En agglomération,Hors intersection,Normale,Autre collision,,,,,,,,,,,1,2,1,1.0,6.0
201800048157,0018-03-29 17:50:00,18,3,29,17,50,690,259,CLOSES (DES),45.71856,4.87013,Plein jour,En agglomération,Hors intersection,Normale,Deux véhicules - arrière,,,,,,,,,,,1,2,1,1.0,2.0
201800048158,0018-03-31 12:15:00,18,3,31,12,15,690,259,ROGER SALENGRO,45.7187,4.87147,Plein jour,En agglomération,Hors intersection,Normale,Trois véhicules et plus - collisions multiples,,,,,,,,,,,1,2,1,1.0,5.0
201800048159,0018-04-01 19:05:00,18,4,1,19,5,690,388,VIVIANI,45.72642,4.86,Plein jour,En agglomération,Intersection en Y,Normale,Deux véhicules - côté,,,,,,,,,,,1,2,4,1.0,3.0
201800048160,0018-04-01 22:15:00,18,4,1,22,15,690,387,GALLIENI,45.74895,4.83035,Nuit avec éclairage allumé,En agglomération,Autre intersection,Normale,Autre collision,,,,,,,,,,,5,2,9,1.0,6.0
201800048161,0018-04-03 10:00:00,18,4,3,10,0,690,383,FELIX FAURE,45.75504,4.87066,Plein jour,En agglomération,Intersection en T,Normale,Deux véhicules - côté,,,,,,,,,,,1,2,3,1.0,3.0
201800048162,0018-04-04 14:15:00,18,4,4,14,15,690,387,CHAMBAUD DE LA BRUYERE,45.72238,4.84245,Plein jour,En agglomération,Hors intersection,Pluie légère,Deux véhicules - arrière,,,,,,,,,,,1,2,1,2.0,2.0
201800048163,0018-04-04 14:30:00,18,4,4,14,30,690,383,BONNEL (DE),45.76172,4.84632,Plein jour,En agglomération,Intersection en X,Temps couvert,Trois véhicules et plus - collisions multiples,,,,,,,,,,,1,2,2,8.0,5.0
201800048164,0018-04-04 17:45:00,18,4,4,17,45,690,259,MARCEL SEMBAT,45.71231,4.87537,Plein jour,En agglomération,Intersection en T,Normale,Autre collision,,,,,,,,,,,1,2,3,1.0,6.0
201800048165,0018-04-06 05:20:00,18,4,6,5,20,690,388,PROFESSEUR BEAUVISAGE (D,45.72856,4.86582,Nuit avec éclairage allumé,En agglomération,Intersection en X,Normale,Autre collision,,,,,,,,,,,5,2,2,1.0,6.0
201800048166,0018-04-06 08:55:00,18,4,6,8,55,690,259,JEAN MOULIN,45.68874,4.87781,Plein jour,En agglomération,Giratoire,Normale,Deux véhicules - côté,,,,,,,,,,,1,2,6,1.0,3.0
201800048167,0018-03-25 05:30:00,18,3,25,5,30,690,387,GUILLOTIERE (DE LA),45.75102,4.84822,Nuit avec éclairage allumé,En agglomération,Intersection en X,Normale,Deux véhicules - côté,,,,,,,,,,,5,2,2,1.0,3.0
201800048168,0018-04-06 11:00:00,18,4,6,11,0,690,383,ETIENNE RICHERAND,45.76296,4.86687,Plein jour,Hors agglomération,Intersection en X,Normale,Autre collision,,,,,,,,,,,1,1,2,1.0,6.0
201800048169,0018-04-06 14:10:00,18,4,6,14,10,690,387,JEAN JAURES,45.74,4.841,Plein jour,En agglomération,Intersection en X,Normale,Deux véhicules - côté,,,,,,,,,,,1,2,2,1.0,3.0
201800048170,0018-04-06 17:55:00,18,4,6,17,55,690,259,GENERAL PETIT (DU),45.71515,4.88578,Plein jour,En agglomération,Hors intersection,Normale,Autre collision,,,,,,,,,,,1,2,1,1.0,6.0
201800048171,0018-04-08 13:45:00,18,4,8,13,45,690,383,TURBIL,45.75664,4.86837,Plein jour,En agglomération,Intersection en X,Temps couvert,Deux véhicules - côté,,,,,,,,,,,1,2,2,8.0,3.0
201800048172,0018-04-10 16:47:00,18,4,10,16,47,690,387,CLAUDE BERNARD,45.74982,4.83544,Plein jour,En agglomération,Autre intersection,Normale,Autre collision,,,,,,,,,,,1,2,9,1.0,6.0
201800048173,0018-04-11 00:25:00,18,4,11,0,25,690,386,DUQUESNE,45.77238,4.84096,Nuit avec éclairage allumé,En agglomération,Intersection en X,Normale,Autre collision,,,,,,,,,,,5,2,2,1.0,6.0
201800048174,0018-04-11 18:47:00,18,4,11,18,47,690,259,CHARLES DE GAULLE,45.71933,4.88825,Plein jour,En agglomération,Hors intersection,Temps couvert,Sans collision,,,,,,,,,,,1,2,1,8.0,7.0
201800048175,0018-04-12 15:25:00,18,4,12,15,25,690,386,DUQUESNE,45.77255,4.84273,Plein jour,En agglomération,Intersection en X,Normale,Autre collision,,,,,,,,,,,1,2,2,1.0,6.0
201800048176,0018-04-12 18:20:00,18,4,12,18,20,690,383,ALBERT THOMAS,45.7493,4.86071,Plein jour,En agglomération,Hors intersection,Normale,Deux véhicules - arrière,,,,,,,,,,,1,2,1,1.0,2.0
201800048177,0018-04-15 21:50:00,18,4,15,21,50,690,259,FELIX BRUN,45.70254,4.89126,Nuit avec éclairage allumé,En agglomération,Intersection en X,Normale,Deux véhicules - côté,,,,,,,,,,,5,2,2,1.0,3.0
201800048178,0018-04-17 10:36:00,18,4,17,10,36,690,259,IRENE JOLIOT CURIE,45.71601,4.87814,Plein jour,En agglomération,Hors intersection,Normale,Autre collision,,,,,,,,,,,1,2,1,1.0,6.0
201800048179,0018-04-17 19:37:00,18,4,17,19,37,690,388,ALBERT THOMAS,45.74484,4.87323,Plein jour,En agglomération,Intersection en X,Normale,Deux véhicules - côté,,,,,,,,,,,1,2,2,1.0,3.0
201800048180,0018-04-18 10:30:00,18,4,18,10,30,690,387,TCHECOSLOVAQUES (DES),45.74402,4.85804,Plein jour,En agglomération,Hors intersection,Normale,Deux véhicules - arrière,,,,,,,,,,,1,2,1,1.0,2.0
201800048181,0018-04-18 13:15:00,18,4,18,13,15,690,276,ALBERT RAMBOZ,45.68684,4.84622,Plein jour,Hors agglomération,Autre intersection,Normale,Autre collision,,,,,,,,,,,1,1,9,1.0,6.0
201800048182,0018-04-18 15:00:00,18,4,18,15,0,690,383,GAMBETTA,45.758,4.8504,Plein jour,En agglomération,Hors intersection,Normale,Autre collision,,,,,,,,,,,1,2,1,1.0,6.0
201800048183,0018-04-18 18:45:00,18,4,18,18,45,690,386,6RANDE BRETAGNE (DE),45.77789,4.84466,Plein jour,En agglomération,Hors intersection,Normale,Autre collision,,,,,,,,,,,1,2,1,1.0,6.0
201800048184,0018-04-19 18:00:00,18,4,19,18,0,690,383,FELIX FAURE,45.86472,4.86476,Plein jour,En agglomération,Hors intersection,Normale,Trois véhicules et plus - en chaîne,,,,,,,,,,,1,2,1,1.0,4.0
201800048185,0018-04-20 11:00:00,18,4,20,11,0,690,387,MADELEINE (DE LA),45.74782,4.84791,Plein jour,En agglomération,Hors intersection,Normale,Autre collision,,,,,,,,,,,1,2,1,1.0,6.0
201800048186,0018-04-20 23:30:00,18,4,20,23,30,690,383,FELIX FAURE,45.75291,4.85357,Nuit avec éclairage allumé,En agglomération,Intersection en X,Normale,Deux véhicules - côté,,,,,,,,,,,5,2,2,1.0,3.0
201800048187,0018-04-21 01:00:00,18,4,21,1,0,690,388,JEAN MERMOZ,45.73299,4.88008,Nuit avec éclairage allumé,En agglomération,Hors intersection,Normale,Deux véhicules - arrière,,,,,,,,,,,5,2,1,1.0,2.0
201800048188,0018-04-21 10:00:00,18,4,21,10,0,690,383,GAMBETTA,45.7552,4.84349,Plein jour,En agglomération,Hors intersection,Normale,Deux véhicules - frontale,,,,,,,,,,,1,2,1,1.0,1.0
201800048189,0018-04-21 11:50:00,18,4,21,11,50,690,386,CRILLON,45.77114,4.85391,Plein jour,En agglomération,Intersection en X,Normale,Deux véhicules - côté,,,,,,,,,,,1,2,2,1.0,3.0
201800048190,0018-04-21 13:20:00,18,4,21,13,20,690,199,JEAN JAURES,45.71197,4.85508,Plein jour,En agglomération,Hors intersection,Normale,Autre collision,,,,,,,,,,,1,2,1,1.0,6.0
201800048191,0018-04-21 16:00:00,18,4,21,16,0,690,199,SEMAILLES (DES),45.69026,4.85521,Plein jour,En agglomération,Autre intersection,Normale,Autre collision,,,,,,,,,,,1,2,9,1.0,6.0
201800048192,0018-04-22 18:00:00,18,4,22,18,0,690,383,VICTOR AUGAGNEUR,45.75868,4.84091,Plein jour,En agglomération,Hors intersection,Normale,Deux véhicules - frontale,,,,,,,,,,,1,2,1,1.0,1.0
201800048193,0018-04-22 21:30:00,18,4,22,21,30,690,387,GUILLOTIERE (DE LA),45.7473,4.8586,Nuit avec éclairage allumé,En agglomération,Hors intersection,Normale,Deux véhicules - frontale,,,,,,,,,,,5,2,1,1.0,1.0