accident_id,datetime,annee,mois,jour,heure,minute,departement,commune_insee,adresse,latitude,longitude,luminosite,agglomeration,intersection,meteo,collision,nb_vehicules,nb_usagers,nb_indemnes,nb_tues,nb_blesses_hosp,nb_blesses_legers,age_cond_1,age_cond_2,veh_type_cond_1,veh_type_cond_2,lum_code,agg_code,int_code,atm_code,col_code
201800048691,0018-11-19 17:30:00,18,11,19,17,30,690,387,CHEVREUL,45.74697,4.84394,Crépuscule ou aube,En agglomération,Intersection en X,Normale,Deux véhicules - arrière,,,,,,,,,,,2,2,2,1.0,2.0
201800048692,0018-11-19 17:25:00,18,11,19,17,25,690,259,MARCEL SEMBAT,45.71279,4.87633,Nuit avec éclairage allumé,En agglomération,Autre intersection,Normale,Deux véhicules - arrière,,,,,,,,,,,5,2,9,1.0,2.0
201800048693,0018-11-20 10:35:00,18,11,20,10,35,690,199,ALBERT THOMAS,45.70797,4.85894,Plein jour,En agglomération,Intersection en T,Normale,Autre collision,,,,,,,,,,,1,2,3,1.0,6.0
201800048694,0018-11-20 12:20:00,18,11,20,12,20,690,383,PAUL BERT,45.7591,4.86148,Plein jour,En agglomération,Hors intersection,Temps couvert,Autre collision,,,,,,,,,,,1,2,1,8.0,6.0
201800048695,0018-11-20 22:00:00,18,11,20,22,0,690,386,CHARLES DE GAULLE,45.78614,4.85749,Nuit avec éclairage allumé,En agglomération,Hors intersection,Pluie forte,Autre collision,,,,,,,,,,,5,2,1,3.0,6.0
201800048696,0018-11-20 20:40:00,18,11,20,20,40,690,387,PIERRE DE COUBERTIN,45.7232,4.8287,Nuit avec éclairage allumé,En agglomération,Intersection en X,Pluie forte,Deux véhicules - côté,,,,,,,,,,,5,2,2,3.0,3.0
201800048697,0018-11-21 13:50:00,18,11,21,13,50,690,383,DOCTEUR REBATEL (DU),45.74968,4.87352,Plein jour,En agglomération,Intersection en T,Brouillard / fumée,Deux véhicules - arrière,,,,,,,,,,,1,2,3,5.0,2.0
201800048698,0018-11-22 14:20:00,18,11,22,14,20,690,386,GRANDE BRETAGNE (DE),45.7767,4.844,Plein jour,En agglomération,Intersection en X,Normale,Deux véhicules - côté,,,,,,,,,,,1,2,2,1.0,3.0
201800048699,0018-11-22 21:15:00,18,11,22,21,15,690,383,MAURICE FLANDIN,45.76204,4.86302,Nuit avec éclairage allumé,En agglomération,Intersection en X,Normale,Autre collision,,,,,,,,,,,5,2,2,1.0,6.0
201800048700,0018-11-22 21:00:00,18,11,22,21,0,690,383,VILLETTE (DE LA),45.76354,4.86251,Nuit avec éclairage allumé,En agglomération,Intersection en X,Normale,Deux véhicules - côté,,,,,,,,,,,5,2,2,1.0,3.0
201800048701,0018-11-23 10:22:00,18,11,23,10,22,690,386,MARECHAL DE SAXE,45.76714,4.84444,Plein jour,En agglomération,Hors intersection,Pluie légère,Autre collision,,,,,,,,,,,1,2,1,2.0,6.0
201800048702,0018-11-23 17:45:00,18,11,23,17,45,690,387,SEBASTIEN GRYPHE,45.75239,4.84433,Nuit avec éclairage allumé,En agglomération,Intersection en X,Pluie forte,Deux véhicules - côté,,,,,,,,,,,5,2,2,3.0,3.0
201800048703,0018-11-23 18:50:00,18,11,23,18,50,690,383,GENERAL MOUTON DUVERNET,45.75342,4.81616,Nuit avec éclairage allumé,En agglomération,Hors intersection,Pluie forte,Autre collision,,,,,,,,,,,5,2,1,3.0,6.0
201800048704,0018-11-23 22:10:00,18,11,23,22,10,690,276,LYON (DE),45.67333,4.86027,Nuit avec éclairage allumé,En agglomération,Hors intersection,Pluie légère,Autre collision,,,,,,,,,,,5,2,1,2.0,6.0
201800048705,0018-11-24 19:40:00,18,11,24,19,40,690,383,FEUILLAT,45.75115,4.87624,Nuit avec éclairage allumé,En agglomération,Hors intersection,Normale,Autre collision,,,,,,,,,,,5,2,1,1.0,6.0
201800048706,0018-11-25 11:00:00,18,11,25,11,0,690,388,MONTAGNY (DE),45.73709,4.8503,Plein jour,En agglomération,Intersection en X,Normale,Deux véhicules - côté,,,,,,,,,,,1,2,2,1.0,3.0
201800048707,0018-11-25 21:00:00,18,11,25,21,0,690,388,GENERAL FRERE (DU),45.72754,4.88382,Nuit avec éclairage allumé,En agglomération,Intersection en T,Normale,Autre collision,,,,,,,,,,,5,2,3,1.0,6.0
201800048708,0018-11-23 19:50:00,18,11,23,19,50,690,387,MARCEL MERIEUX,45.7305,4.83002,Nuit avec éclairage allumé,En agglomération,Intersection en X,Pluie forte,Deux véhicules - frontale,,,,,,,,,,,5,2,2,3.0,1.0
201800048709,0018-11-26 09:00:00,18,11,26,9,0,690,387,MARIE MADELEINE FOURCADE,45.737,4.83848,Plein jour,En agglomération,Hors intersection,Temps couvert,Autre collision,,,,,,,,,,,1,2,1,8.0,6.0
201800048710,0018-11-26 14:00:00,18,11,26,14,0,690,388,EPARGNE (DE L'),45.74261,4.85742,Plein jour,En agglomération,Hors intersection,Normale,Deux véhicules - arrière,,,,,,,,,,,1,2,1,1.0,2.0
201800048711,0018-11-26 17:05:00,18,11,26,17,5,690,387,GARIBALDI,45.74625,4.84987,Nuit avec éclairage allumé,En agglomération,Hors intersection,Pluie légère,Deux véhicules - côté,,,,,,,,,,,5,2,1,2.0,3.0
201800048712,0018-11-27 07:40:00,18,11,27,7,40,690,259,OSCHATZ (D'),45.6969,4.8859,Crépuscule ou aube,En agglomération,Hors intersection,Pluie légère,Autre collision,,,,,,,,,,,2,2,1,2.0,6.0
201800048713,0018-11-27 07:45:00,18,11,27,7,45,690,199,PIERRE SEMARD,45.70304,4.84417,Plein jour,Hors agglomération,Hors intersection,Pluie légère,Deux véhicules - côté,,,,,,,,,,,1,1,1,2.0,3.0
201800048714,0018-11-27 08:50:00,18,11,27,8,50,690,386,SERBIE (DE),45.77227,4.84119,Crépuscule ou aube,En agglomération,Intersection en T,Pluie légère,Deux véhicules - côté,,,,,,,,,,,2,2,3,2.0,3.0
201800048715,0018-11-28 17:00:00,18,11,28,17,0,690,259,AMBROISE CROIZAT,45.70048,4.88753,Plein jour,En agglomération,Autre intersection,Normale,Deux véhicules - côté,,,,,,,,,,,1,2,9,1.0,3.0
201800048716,0018-11-28 18:20:00,18,11,28,18,20,690,383,GARIBALDI,45.75873,4.85219,Nuit avec éclairage allumé,En agglomération,Hors intersection,Normale,Deux véhicules - frontale,,,,,,,,,,,5,2,1,1.0,1.0
201800048717,0018-11-28 19:15:00,18,11,28,19,15,690,388,EPARGNE (DE L'),45.74237,4.85832,Nuit avec éclairage allumé,En agglomération,Hors intersection,Normale,Deux véhicules - frontale,,,,,,,,,,,5,2,1,1.0,1.0
201800048718,0018-11-28 12:35:00,18,11,28,12,35,690,387,GARIBALDI,45.74505,4.84866,Plein jour,En agglomération,Intersection en Y,Normale,Deux véhicules - côté,,,,,,,,,,,1,2,4,1.0,3.0
201800048719,0018-11-29 09:45:00,18,11,29,9,45,690,383,GENERAL MOUTON DUVERNET,45.7539,4.8615,Plein jour,En agglomération,Intersection en X,Normale,Deux véhicules - frontale,,,,,,,,,,,1,2,2,1.0,1.0
201800048720,0018-11-29 12:10:00,18,11,29,12,10,690,383,VICTOR AUGAGNEUR,45.76074,4.84105,Plein jour,Hors agglomération,Hors intersection,Normale,Autre collision,,,,,,,,,,,1,1,1,1.0,6.0
201800048721,0018-11-29 15:20:00,18,11,29,15,20,690,383,LACASSAGNE,45.75451,4.86655,Plein jour,En agglomération,Intersection en X,Normale,Trois véhicules et plus - collisions multiples,,,,,,,,,,,1,2,2,1.0,5.0
201800048722,0018-11-29 21:00:00,18,11,29,21,0,690,387,RAULIN,45.74663,4.83442,Nuit avec éclairage allumé,En agglomération,Intersection en X,Normale,Deux véhicules - côté,,,,,,,,,,,5,2,2,1.0,3.0
201800048723,0018-11-29 22:20:00,18,11,29,22,20,690,386,GENERAL SARRAIL (DU),45.76867,4.84111,Nuit avec éclairage allumé,En agglomération,Intersection en T,Normale,Deux véhicules - arrière,,,,,,,,,,,5,2,3,1.0,2.0
201800048724,0018-12-01 01:40:00,18,12,1,1,40,690,383,GENERAL MOUTON DUVERNET,45.75398,4.86162,Nuit avec éclairage allumé,En agglomération,Hors intersection,Pluie légère,Sans collision,,,,,,,,,,,5,2,1,2.0,7.0
201800048725,0018-12-01 05:40:00,18,12,1,5,40,690,259,FRANCIS DE PRESSENSE,45.7122,4.8745,Nuit avec éclairage allumé,En agglomération,Hors intersection,Normale,Autre collision,,,,,,,,,,,5,2,1,1.0,6.0
201800048726,0018-12-01 12:10:00,18,12,1,12,10,690,259,IRENE JOLIOT CURIE,45.72416,4.87166,Plein jour,En agglomération,Autre intersection,Normale,Deux véhicules - côté,,,,,,,,,,,1,2,9,1.0,3.0
201800048727,0018-11-30 20:45:00,18,11,30,20,45,690,388,MARIUS BERLIET,45.74583,4.85922,Nuit avec éclairage allumé,En agglomération,Hors intersection,Pluie légère,Autre collision,,,,,,,,,,,5,2,1,2.0,6.0
201800048728,0018-12-01 21:50:00,18,12,1,21,50,690,388,FRERES LUMIERE (DES),45.74287,4.87798,Nuit avec éclairage allumé,En agglomération,Intersection en T,Normale,Deux véhicules - côté,,,,,,,,,,,5,2,3,1.0,3.0
201800048729,0018-12-03 12:55:00,18,12,3,12,55,690,259,AMBROISE CROIZAT,45.70311,4.88745,Plein jour,En agglomération,Intersection en T,Normale,Deux véhicules - frontale,,,,,,,,,,,1,2,3,1.0,1.0
201800048730,0018-12-03 12:45:00,18,12,3,12,45,690,388,EPARGNE (DE L'),45.74235,4.85821,Plein jour,En agglomération,Hors intersection,Temps couvert,Deux véhicules - arrière,,,,,,,,,,,1,2,1,8.0,2.0
201800048731,0018-12-01 20:30:00,18,12,1,20,30,690,388,JEAN XXIII,45.74226,4.87758,Nuit avec éclairage allumé,En agglomération,Intersection en X,Pluie légère,Sans collision,,,,,,,,,,,5,2,2,2.0,7.0
201800048732,0018-11-28 08:40:00,18,11,28,8,40,690,259,VIENNE (DE),45.71783,4.85451,Plein jour,En agglomération,Hors intersection,Temps couvert,Sans collision,,,,,,,,,,,1,2,1,8.0,7.0
201800048733,0018-12-05 22:40:00,18,12,5,22,40,690,388,FRERES LUMIERE (DES),45.74642,4.86204,Nuit avec éclairage allumé,En agglomération,Hors intersection,Normale,Sans collision,,,,,,,,,,,5,2,1,1.0,7.0
201800048734,0018-12-06 03:30:00,18,12,6,3,30,690,383,GENERAL MOUTON DUVERNET,45.75191,4.86154,Nuit avec éclairage allumé,En agglomération,Hors intersection,Normale,Autre collision,,,,,,,,,,,5,2,1,1.0,6.0
201800048735,0018-12-06 11:55:00,18,12,6,11,55,690,388,PIERRE DELORE,45.7369,4.85472,Plein jour,En agglomération,Intersection en T,Pluie légère,Deux véhicules - côté,,,,,,,,,,,1,2,3,2.0,3.0
201800048736,0018-12-07 07:45:00,18,12,7,7,45,690,386,ANATOLE FRANCE,45.77161,4.85679,Crépuscule ou aube,En agglomération,Hors intersection,Normale,Deux véhicules - côté,,,,,,,,,,,2,2,1,1.0,3.0
201800048737,0018-12-01 20:30:00,18,12,1,20,30,690,276,VIENNE (DE),45.67048,4.86004,Nuit avec éclairage allumé,En agglomération,Intersection en T,Normale,Deux véhicules - frontale,,,,,,,,,,,5,2,3,1.0,1.0
201800048738,0018-12-07 19:30:00,18,12,7,19,30,690,383,ANDRE PHILIP,45.75895,4.85098,Nuit avec éclairage allumé,En agglomération,Intersection en T,Pluie forte,Deux véhicules - arrière,,,,,,,,,,,5,2,3,3.0,2.0
201800048739,0018-12-07 19:45:00,18,12,7,19,45,690,199,CARNOT,45.708,4.85884,Nuit avec éclairage allumé,En agglomération,Hors intersection,Pluie légère,Autre collision,,,,,,,,,,,5,2,1,2.0,6.0
201800048740,0018-12-07 20:45:00,18,12,7,20,45,690,388,LAENNEC,45.7381,4.8844,Nuit avec éclairage allumé,En agglomération,Hors intersection,Pluie légère,Autre collision,,,,,,,,,,,5,2,1,2.0,6.0
201800048741,0018-12-09 04:30:00,18,12,9,4,30,690,386,MARECHAL FOCH (DU),45.77252,4.8431,Nuit avec éclairage allumé,En agglomération,Intersection en X,Normale,Deux véhicules - côté,,,,,,,,,,,5,2,2,1.0,3.0
201800048742,0018-12-10 12:20:00,18,12,10,12,20,690,383,DAUPHINE (DU),45.74992,4.86048,Plein jour,En agglomération,Autre intersection,Pluie légère,Deux véhicules - côté,,,,,,,,,,,1,2,9,2.0,3.0
201800048743,0018-12-11 05:50:00,18,12,11,5,50,690,259,IRENE JOLIOT CURIE,45.71448,4.87954,Nuit avec éclairage allumé,En agglomération,Intersection à plus de 4 branches,Normale,Deux véhicules - côté,,,,,,,,,,,5,2,5,1.0,3.0
201800048744,0018-12-11 09:10:00,18,12,11,9,10,690,259,MARCEL HOUEL,45.69666,4.88505,Plein jour,En agglomération,Autre intersection,Normale,Autre collision,,,,,,,,,,,1,2,9,1.0,6.0
201800048745,0018-12-11 12:45:00,18,12,11,12,45,690,386,SEZE (DE),45.7682,4.84742,Plein jour,En agglomération,Intersection en X,Normale,Autre collision,,,,,,,,,,,1,2,2,1.0,6.0
201800048746,0018-12-11 13:15:00,18,12,11,13,15,690,383,LAFAYETTE,45.7636,4.84829,Plein jour,En agglomération,Intersection en X,Normale,Autre collision,,,,,,,,,,,1,2,2,1.0,6.0
201800048747,0018-12-11 16:00:00,18,12,11,16,0,690,199,MATHIEU DUSSURGEY,45.71223,4.86261,Plein jour,En agglomération,Hors intersection,Normale,Autre collision,,,,,,,,,,,1,2,1,1.0,6.0
201800048748,0018-12-12 08:50:00,18,12,12,8,50,690,387,CHALLEMEL LACOUR,45.729,4.85,Plein jour,En agglomération,Hors intersection,Normale,Autre collision,,,,,,,,,,,1,2,1,1.0,6.0
201800048749,0018-12-12 15:20:00,18,12,12,15,20,690,387,CREUZET,45.75054,4.8463,Plein jour,En agglomération,Intersection en X,Normale,Deux véhicules - côté,,,,,,,,,,,1,2,2,1.0,3.0
201800048750,0018-12-13 13:55:00,18,12,13,13,55,690,386,VAUBAN,45.76491,4.84319,Plein jour,En agglomération,Hors intersection,Normale,Deux véhicules - côté,,,,,,,,,,,1,2,1,1.0,3.0
201800048751,0018-12-13 18:20:00,18,12,13,18,20,690,388,PINEL,45.72961,4.8868,Nuit avec éclairage allumé,En agglomération,Hors intersection,Normale,Deux véhicules - côté,,,,,,,,,,,5,2,1,1.0,3.0
201800048752,0018-12-13 20:00:00,18,12,13,20,0,690,387,TONY GARNIER,45.72785,4.82428,Nuit avec éclairage allumé,En agglomération,Hors intersection,Normale,Autre collision,,,,,,,,,,,5,2,1,1.0,6.0
201800048753,0018-12-13 22:35:00,18,12,13,22,35,690,383,MARIUS VIVIER MERLE,45.75367,4.85932,Nuit avec éclairage allumé,En agglomération,Intersection en X,Normale,Deux véhicules - côté,,,,,,,,,,,5,2,2,1.0,3.0
201800048754,0018-12-14 18:30:00,18,12,14,18,30,690,383,DAUPHINE (DU),45.75264,4.86893,Plein jour,En agglomération,Intersection en X,Normale,Deux véhicules - côté,,,,,,,,,,,1,2,2,1.0,3.0
201800048755,0018-12-15 13:05:00,18,12,15,13,5,690,388,SERPOLLIERES (DES),45.73295,4.86359,Plein jour,En agglomération,Intersection en X,Normale,Deux véhicules - côté,,,,,,,,,,,1,2,2,1.0,3.0
201800048756,0018-12-16 18:20:00,18,12,16,18,20,690,388,ANTOINE LUMIERE,45.74336,4.86991,Nuit avec éclairage allumé,En agglomération,Passage à niveau,Normale,Autre collision,,,,,,,,,,,5,2,8,1.0,6.0
201800048757,0018-12-17 20:20:00,18,12,17,20,20,690,388,VIENNE (DE),45.72686,4.85383,Nuit sans éclairage public,En agglomération,Hors intersection,Autre,Autre collision,,,,,,,,,,,3,2,1,9.0,6.0
201800048758,0018-12-17 20:55:00,18,12,17,20,55,690,388,VIVIANI,45.72447,4.8713,Nuit avec éclairage allumé,En agglomération,Intersection en X,Pluie légère,Deux véhicules - côté,,,,,,,,,,,5,2,2,2.0,3.0
201800048759,0018-12-17 23:25:00,18,12,17,23,25,690,387,VERRIERS (DES),45.74275,4.83668,Nuit avec éclairage allumé,En agglomération,Intersection en T,Temps couvert,Deux véhicules - côté,,,,,,,,,,,5,2,3,8.0,3.0
201800048760,0018-12-18 07:30:00,18,12,18,7,30,690,259,COMBATS DU 24 AOUT 1944,45.70327,4.89454,Nuit avec éclairage allumé,En agglomération,Hors intersection,Brouillard / fumée,Sans collision,,,,,,,,,,,5,2,1,5.0,7.0
201800048761,0018-12-18 09:20:00,18,12,18,9,20,690,383,BELLECOMBE (DE),45.76295,4.86379,Plein jour,Hors agglomération,Intersection en X,Normale,Deux véhicules - côté,,,,,,,,,,,1,1,2,1.0,3.0
201800048762,0018-12-18 10:45:00,18,12,18,10,45,690,387,JEAN JAURES,45.7518,4.84577,Plein jour,En agglomération,Hors intersection,Normale,Sans collision,,,,,,,,,,,1,2,1,1.0,7.0
201800048763,0018-12-18 18:40:00,18,12,18,18,40,690,383,MAZENOD,45.75895,4.84915,Nuit avec éclairage allumé,En agglomération,Intersection en X,Normale,Deux véhicules - côté,,,,,,,,,,,5,2,2,1.0,3.0
201800048764,0018-12-19 01:00:00,18,12,19,1,0,690,386,SEZE (DE),45.76876,4.85253,Nuit avec éclairage allumé,En agglomération,Intersection en X,Normale,Deux véhicules - côté,,,,,,,,,,,5,2,2,1.0,3.0
201800048765,0018-12-20 09:00:00,18,12,20,9,0,690,386,CHARLES DE GAULLE,45.78618,4.85715,Plein jour,Hors agglomération,Hors intersection,Normale,Trois véhicules et plus - en chaîne,,,,,,,,,,,1,1,1,1.0,4.0
201800048766,0018-12-20 09:45:00,18,12,20,9,45,690,387,BERTHELOT,45.74458,4.84392,Plein jour,En agglomération,Intersection en Y,Normale,Deux véhicules - côté,,,,,,,,,,,1,2,4,1.0,3.0
201800048767,0018-12-20 12:45:00,18,12,20,12,45,690,199,CARNOT,45.70803,4.85861,Plein jour,En agglomération,Hors intersection,Normale,Deux véhicules - arrière,,,,,,,,,,,1,2,1,1.0,2.0
201800048768,0018-12-20 15:25:00,18,12,20,15,25,690,388,EPARGNE (DE L'),45.74188,4.85974,Plein jour,En agglomération,Hors intersection,Normale,Autre collision,,,,,,,,,,,1,2,1,1.0,6.0
201800048769,0018-12-20 18:28:00,18,12,20,18,28,690,259,LENINE,45.6939,4.8638,Nuit avec éclairage allumé,En agglomération,Hors intersection,Normale,Autre collision,,,,,,,,,,,5,2,1,1.0,6.0
201800048770,0018-12-21 00:50:00,18,12,21,0,50,690,383,LAFAYETTE,45.7636,4.845,Nuit avec éclairage allumé,En agglomération,Intersection en X,Normale,Deux véhicules - côté,,,,,,,,,,,5,2,2,1.0,3.0
201800048771,0018-12-21 07:50:00,18,12,21,7,50,690,383,SERVIENT,45.76037,4.84797,Nuit avec éclairage allumé,En agglomération,Hors intersection,Normale,Trois véhicules et plus - en chaîne,,,,,,,,,,,5,2,1,1.0,4.0
201800048772,0018-12-21 09:20:00,18,12,21,9,20,690,383,GAMBETTA,45.75625,4.84035,Plein jour,En agglomération,Intersection en X,Pluie forte,Deux véhicules - frontale,,,,,,,,,,,1,2,2,3.0,1.0
201800048773,0018-12-21 12:20:00,18,12,21,12,20,690,383,ABONDANCE (DE L'),45.7535,4.8514,Plein jour,En agglomération,Hors intersection,Pluie légère,Deux véhicules - arrière,,,,,,,,,,,1,2,1,2.0,2.0
201800048774,0018-12-21 20:50:00,18,12,21,20,50,690,388,JEAN SARRAZIN,45.73164,4.8671,Nuit avec éclairage allumé,En agglomération,Intersection en X,Temps couvert,Deux véhicules - frontale,,,,,,,,,,,5,2,2,8.0,1.0
201800048775,0018-12-20 23:20:00,18,12,20,23,20,690,386,MARECHAL DE SAXE,45.75403,4.847,Nuit avec éclairage allumé,En agglomération,Hors intersection,Pluie légère,Deux véhicules - frontale,,,,,,,,,,,5,2,1,2.0,1.0
201800048776,0018-12-22 05:20:00,18,12,22,5,20,690,386,GERMAIN,45.76519,4.86586,Nuit avec éclairage allumé,En agglomération,Intersection en X,Normale,Deux véhicules - arrière,,,,,,,,,,,5,2,2,1.0,2.0
201800048777,0018-12-22 18:50:00,18,12,22,18,50,690,386,ROBERT,45.76457,4.85604,Nuit avec éclairage allumé,En agglomération,Intersection en T,Autre,Deux véhicules - côté,,,,,,,,,,,5,2,3,9.0,3.0
201800048778,0018-12-22 19:00:00,18,12,22,19,0,690,383,GARIBALDI,45.75701,4.85261,Nuit avec éclairage allumé,En agglomération,Autre intersection,Normale,Deux véhicules - côté,,,,,,,,,,,5,2,9,1.0,3.0
201800048779,0018-12-21 20:52:00,18,12,21,20,52,690,259,FRANCIS DE PRESSENSE,45.71278,4.87411,Nuit avec éclairage allumé,En agglomération,Hors intersection,Pluie légère,Deux véhicules - arrière,,,,,,,,,,,5,2,1,2.0,2.0
201800048780,0018-12-25 12:35:00,18,12,25,12,35,690,259,MAURICE THOREZ,45.69973,4.86383,Plein jour,En agglomération,Intersection en X,Normale,Deux véhicules - côté,,,,,,,,,,,1,2,2,1.0,3.0
201800048781,0018-12-26 15:55:00,18,12,26,15,55,690,388,ETATS UNIS (DES),45.72476,4.8714,Plein jour,En agglomération,Hors intersection,Temps couvert,Deux véhicules - arrière,,,,,,,,,,,1,2,1,8.0,2.0
201800048782,0018-12-28 08:45:00,18,12,28,8,45,690,386,DUQUESNE,45.77276,4.84653,Plein jour,En agglomération,Intersection en X,Normale,Deux véhicules - côté,,,,,,,,,,,1,2,2,1.0,3.0
201800048783,0018-12-28 13:05:00,18,12,28,13,5,690,383,FEUILLAT,45.75491,4.87732,Plein jour,En agglomération,Autre intersection,Normale,Deux véhicules - arrière,,,,,,,,,,,1,2,9,1.0,2.0
201800048784,0018-12-29 01:30:00,18,12,29,1,30,690,387,MARC BLOCH,45.74697,4.84589,Nuit avec éclairage allumé,En agglomération,Intersection en X,Normale,Deux véhicules - côté,,,,,,,,,,,5,2,2,1.0,3.0
201800048785,0018-12-29 14:15:00,18,12,29,14,15,690,259,GENIE (DU),45.71541,4.85877,Plein jour,En agglomération,Hors intersection,Normale,Autre collision,,,,,,,,,,,1,2,1,1.0,6.0
201800048786,0018-12-30 18:10:00,18,12,30,18,10,690,388,MOSELLE (DE LA),45.72852,4.8815,Nuit avec éclairage allumé,En agglomération,Intersection en X,Normale,Deux véhicules - frontale,,,,,,,,,,,5,2,2,1.0,1.0
201800048787,0018-12-31 07:30:00,18,12,31,7,30,690,387,JEAN JAURES,45.74732,4.84314,Nuit avec éclairage allumé,En agglomération,Intersection en X,Normale,Autre collision,,,,,,,,,,,5,2,2,1.0,6.0
201800048788,0018-12-31 14:55:00,18,12,31,14,55,690,383,GARIBALDI,45.75764,4.85259,Plein jour,En agglomération,Hors intersection,Normale,Autre collision,,,,,,,,,,,1,2,1,1.0,6.0
201800048789,0018-12-31 15:00:00,18,12,31,15,0,690,387,MARCEL MERIEUX,45.73084,4.83,Plein jour,En agglomération,Intersection en X,Normale,Deux véhicules - côté,,,,,,,,,,,1,2,2,1.0,3.0
201800048790,0018-01-02 08:55:00,18,1,2,8,55,330,318,ROCADE A 630,44.79075,-0.64536,Plein jour,Hors agglomération,Hors intersection,Pluie légère,Autre collision,,,,,,,,,,,1,1,1,2.0,6.0
201800048791,0018-01-08 18:00:00,18,1,8,18,0,330,550,ROCADE A 630,44.78202,-0.54345,Crépuscule ou aube,Hors agglomération,Hors intersection,Normale,Trois véhicules et plus - en chaîne,,,,,,,,,,,2,1,1,1.0,4.0
201800048792,0018-01-09 12:30:00,18,1,9,12,30,330,192,ROCADE A 630.,44.78908,-0.60305,Plein jour,Hors agglomération,Hors intersection,Normale,Trois véhicules et plus - en chaîne,,,,,,,,,,,1,1,1,1.0,4.0
201800048793,0018-01-08 17:52:00,18,1,8,17,52,330,366,bretelle PR526+850 réel.,45.01097,-0.43045,Crépuscule ou aube,Hors agglomération,Hors intersection,Normale,Autre collision,,,,,,,,,,,2,1,1,1.0,6.0
201800048794,0018-01-10 08:55:00,18,1,10,8,55,330,550,ROCADE A 630,44.77864,-0.55443,Plein jour,Hors agglomération,Hors intersection,Pluie légère,Deux véhicules - arrière,,,,,,,,,,,1,1,1,2.0,2.0
201800048795,0018-01-10 12:25:00,18,1,10,12,25,330,63,ROCADE A 630,44.88358,-0.55931,Plein jour,Hors agglomération,Hors intersection,Normale,Trois véhicules et plus - en chaîne,,,,,,,,,,,1,1,1,1.0,4.0
201800048796,0018-01-15 08:40:00,18,1,15,8,40,330,96,AUTOROUTE A 10,44.89368,-0.49929,Plein jour,Hors agglomération,Hors intersection,Normale,Deux véhicules - côté,,,,,,,,,,,1,1,1,1.0,3.0
201800048797,0018-01-16 00:25:00,18,1,16,0,25,330,143,AUTOROUTE A 10,44.97304,-0.43465,Nuit sans éclairage public,Hors agglomération,Hors intersection,Pluie légère,Autre collision,,,,,,,,,,,3,1,1,2.0,6.0
201800048798,0018-01-16 09:10:00,18,1,16,9,10,330,80,AUTOROUTE A 62.,44.74767,-0.53982,Plein jour,Hors agglomération,Hors intersection,Pluie légère,Trois véhicules et plus - collisions multiples,,,,,,,,,,,1,1,1,2.0,5.0
201800048799,0018-01-18 18:10:00,18,1,18,18,10,330,96,AUTOROUTE A 10,44.89432,-0.49857,Nuit avec éclairage allumé,Hors agglomération,Hors intersection,Pluie légère,Trois véhicules et plus - en chaîne,,,,,,,,,,,5,1,1,2.0,4.0
201800048800,0018-01-20 00:15:00,18,1,20,0,15,330,487,AUTOROUTE A 10,44.94972,-0.46308,Nuit avec éclairage allumé,Hors agglomération,Hors intersection,Pluie légère,Autre collision,,,,,,,,,,,5,1,1,2.0,6.0
201800048801,0018-01-20 10:10:00,18,1,20,10,10,330,63,ROCADE A 630,44.88093,-0.54226,Plein jour,Hors agglomération,Hors intersection,Pluie légère,Trois véhicules et plus - en chaîne,,,,,,,,,,,1,1,1,2.0,4.0
201800048802,0018-01-21 05:30:00,18,1,21,5,30,330,143,AUTOROUTE A 10.,44.95813,-0.44789,Nuit sans éclairage public,Hors agglomération,Hors intersection,Pluie légère,Autre collision,,,,,,,,,,,3,1,1,2.0,6.0
201800048803,0018-01-21 10:05:00,18,1,21,10,5,330,249,N230 ext vers A630 ext.,44.88306,-0.51098,Plein jour,Hors agglomération,Hors intersection,Pluie légère,Autre collision,,,,,,,,,,,1,1,1,2.0,6.0
201800048804,0018-01-21 22:00:00,18,1,21,22,0,330,366,AUTOROUTE A 10,45.00508,-0.42747,Nuit sans éclairage public,Hors agglomération,Hors intersection,Pluie légère,Autre collision,,,,,,,,,,,3,1,1,2.0,6.0
201800048805,0018-01-22 13:44:00,18,1,22,13,44,330,13,RN230 éch24,44.84516,-0.50194,Plein jour,Hors agglomération,Hors intersection,Pluie légère,Deux véhicules - arrière,,,,,,,,,,,1,1,1,2.0,2.0
201800048806,0018-01-24 09:10:00,18,1,24,9,10,330,162,ROCADE A 630,44.87089,-0.64276,Plein jour,Hors agglomération,Hors intersection,Normale,Deux véhicules - côté,,,,,,,,,,,1,1,1,1.0,3.0
201800048807,0018-01-24 14:00:00,18,1,24,14,0,330,281,A630 éch12,44.81935,-0.67383,Plein jour,Hors agglomération,Hors intersection,Normale,Autre collision,,,,,,,,,,,1,1,1,1.0,6.0
201800048808,0018-01-24 17:30:00,18,1,24,17,30,330,75,ROCADE A 630,44.88254,-0.62348,Plein jour,Hors agglomération,Hors intersection,Normale,Deux véhicules - côté,,,,,,,,,,,1,1,1,1.0,3.0
201800048809,0018-01-25 01:15:00,18,1,25,1,15,330,318,ROCADE A 630,44.80225,-0.65882,Nuit sans éclairage public,Hors agglomération,Hors intersection,Normale,Deux véhicules - côté,,,,,,,,,,,3,1,1,1.0,3.0