accident_id,datetime,annee,mois,jour,heure,minute,departement,commune_insee,adresse,latitude,longitude,luminosite,agglomeration,intersection,meteo,collision,nb_vehicules,nb_usagers,nb_indemnes,nb_tues,nb_blesses_hosp,nb_blesses_legers,age_cond_1,age_cond_2,veh_type_cond_1,veh_type_cond_2,lum_code,agg_code,int_code,atm_code,col_code
201800048927,0018-06-24 11:30:00,18,6,24,11,30,330,90,A 63 PR2+546 REEL,44.77416,-0.65351,Plein jour,Hors agglomération,Hors intersection,Temps éblouissant,Deux véhicules - arrière,,,,,,,,,,,1,1,1,7.0,2.0
201800048928,0018-06-26 07:00:00,18,6,26,7,0,330,281,A630 éch 10 bretelle,44.84535,-0.67139,Plein jour,Hors agglomération,Hors intersection,Normale,Deux véhicules - arrière,,,,,,,,,,,1,1,1,1.0,2.0
201800048929,0018-06-26 09:55:00,18,6,26,9,55,330,550,AUTOROUTE A 62,44.77418,-0.55627,Plein jour,Hors agglomération,Hors intersection,Normale,Trois véhicules et plus - en chaîne,,,,,,,,,,,1,1,1,1.0,4.0
201800048930,0018-06-26 12:30:00,18,6,26,12,30,330,65,RN230 éch 23,44.81453,-0.52054,Plein jour,Hors agglomération,Hors intersection,Normale,Deux véhicules - côté,,,,,,,,,,,1,1,1,1.0,3.0
201800048931,0018-06-27 09:25:00,18,6,27,9,25,330,75,ROCADE A 630,44.88957,-0.60415,Plein jour,Hors agglomération,Hors intersection,Normale,Deux véhicules - côté,,,,,,,,,,,1,1,1,1.0,3.0
201800048932,0018-06-27 17:08:00,18,6,27,17,8,330,63,ROCADE A 630.,44.88323,-0.5546,Plein jour,Hors agglomération,Hors intersection,Normale,Trois véhicules et plus - en chaîne,,,,,,,,,,,1,1,1,1.0,4.0
201800048933,0018-06-28 08:45:00,18,6,28,8,45,330,550,ROCADE A 630,44.77895,-0.55281,Plein jour,Hors agglomération,Hors intersection,Normale,Deux véhicules - arrière,,,,,,,,,,,1,1,1,1.0,2.0
201800048934,0018-06-28 18:30:00,18,6,28,18,30,330,80,AUTOROUTE A 62,44.73001,-0.52962,Plein jour,Hors agglomération,Hors intersection,Normale,Trois véhicules et plus - en chaîne,,,,,,,,,,,1,1,1,1.0,4.0
201800048935,0018-06-30 21:50:00,18,6,30,21,50,330,192,A630 éch 15,44.78987,-0.61276,Crépuscule ou aube,Hors agglomération,Hors intersection,Pluie forte,Deux véhicules - côté,,,,,,,,,,,2,1,1,3.0,3.0
201800048936,0018-07-01 07:00:00,18,7,1,7,0,330,192,ROCADE A 630,44.78941,-0.61834,Plein jour,Hors agglomération,Hors intersection,Normale,Autre collision,,,,,,,,,,,1,1,1,1.0,6.0
201800048937,0018-07-01 15:50:00,18,7,1,15,50,330,75,ROCADE A 630.,44.88119,-0.62525,Plein jour,Hors agglomération,Hors intersection,Normale,Sans collision,,,,,,,,,,,1,1,1,1.0,7.0
201800048938,0018-07-02 17:35:00,18,7,2,17,35,330,3,AUTOROUTE A 10,44.93419,-0.46761,Plein jour,Hors agglomération,Hors intersection,Normale,Trois véhicules et plus - collisions multiples,,,,,,,,,,,1,1,1,1.0,5.0
201800048939,0018-07-04 01:35:00,18,7,4,1,35,330,162,ROCADE A 630,44.85777,-0.66219,Nuit avec éclairage non allumé,Hors agglomération,Hors intersection,Normale,Autre collision,,,,,,,,,,,4,1,1,1.0,6.0
201800048940,0018-07-05 09:45:00,18,7,5,9,45,330,143,AUTOROUTE A 10,44.95997,-0.44527,Plein jour,Hors agglomération,Hors intersection,Normale,Trois véhicules et plus - en chaîne,,,,,,,,,,,1,1,1,1.0,4.0
201800048941,0018-07-05 22:15:00,18,7,5,22,15,330,281,A630 acces station carb,44.8497,-0.66781,Nuit sans éclairage public,Hors agglomération,Hors intersection,Normale,Autre collision,,,,,,,,,,,3,1,1,1.0,6.0
201800048942,0018-07-07 09:45:00,18,7,7,9,45,330,143,AUTOROUTE A 10.,44.95677,-0.4509,Plein jour,Hors agglomération,Hors intersection,Normale,Trois véhicules et plus - en chaîne,,,,,,,,,,,1,1,1,1.0,4.0
201800048943,0018-07-08 05:40:00,18,7,8,5,40,330,366,A10 VD niveau éch40.b,44.98499,-0.42781,Crépuscule ou aube,Hors agglomération,Hors intersection,Normale,Deux véhicules - arrière,,,,,,,,,,,2,1,1,1.0,2.0
201800048944,0018-07-09 14:35:00,18,7,9,14,35,330,281,ROCADE A 630,44.83194,-0.67617,Plein jour,Hors agglomération,Hors intersection,Normale,Deux véhicules - arrière,,,,,,,,,,,1,1,1,1.0,2.0
201800048945,0018-07-09 14:35:00,18,7,9,14,35,330,13,ROUTE NATIONALE 230,44.86651,-0.50403,Plein jour,Hors agglomération,Hors intersection,Normale,Deux véhicules - arrière,,,,,,,,,,,1,1,1,1.0,2.0
201800048946,0018-07-09 17:30:00,18,7,9,17,30,330,75,ROCADE A 630,44.88335,-0.62257,Plein jour,Hors agglomération,Hors intersection,Normale,Deux véhicules - côté,,,,,,,,,,,1,1,1,1.0,3.0
201800048947,0018-07-11 15:10:00,18,7,11,15,10,330,249,ROUTE NATIONALE 230,44.86969,-0.50497,Plein jour,Hors agglomération,Hors intersection,Normale,Trois véhicules et plus - en chaîne,,,,,,,,,,,1,1,1,1.0,4.0
201800048948,0018-07-11 16:20:00,18,7,11,16,20,330,487,AUTOROUTE A 10,44.94223,-0.46625,Plein jour,Hors agglomération,Hors intersection,Normale,Deux véhicules - côté,,,,,,,,,,,1,1,1,1.0,3.0
201800048949,0018-07-11 16:05:00,18,7,11,16,5,330,122,AUTOROUTE A 63,44.75923,-0.68129,Plein jour,Hors agglomération,Hors intersection,Normale,Deux véhicules - arrière,,,,,,,,,,,1,1,1,1.0,2.0
201800048950,0018-07-12 07:00:00,18,7,12,7,0,330,3,AUTOROUTE A 10,44.92938,-0.47005,Plein jour,Hors agglomération,Hors intersection,Temps éblouissant,Trois véhicules et plus - collisions multiples,,,,,,,,,,,1,1,1,7.0,5.0
201800048951,0018-07-12 15:25:00,18,7,12,15,25,330,249,ROCADE A 630.,44.88331,-0.51786,Plein jour,Hors agglomération,Hors intersection,Normale,Deux véhicules - arrière,,,,,,,,,,,1,1,1,1.0,2.0
201800048952,0018-07-13 15:30:00,18,7,13,15,30,330,487,AUTOROUTE A 10.,44.94289,-0.46629,Plein jour,Hors agglomération,Hors intersection,Normale,Trois véhicules et plus - en chaîne,,,,,,,,,,,1,1,1,1.0,4.0
201800048953,0018-07-14 10:25:00,18,7,14,10,25,330,249,ROUTE NATIONALE 230,44.87444,-0.50747,Plein jour,Hors agglomération,Hors intersection,Normale,Deux véhicules - arrière,,,,,,,,,,,1,1,1,1.0,2.0
201800048954,0018-07-15 15:10:00,18,7,15,15,10,330,96,AUTOROUTE A10,44.88861,-0.50478,Plein jour,Hors agglomération,Hors intersection,Normale,Trois véhicules et plus - en chaîne,,,,,,,,,,,1,1,1,1.0,4.0
201800048955,0018-07-16 22:40:00,18,7,16,22,40,330,143,A10 _NATINF 22596,44.97051,-0.43557,Nuit sans éclairage public,Hors agglomération,Hors intersection,Normale,Autre collision,,,,,,,,,,,3,1,1,1.0,6.0
201800048956,0018-07-19 02:20:00,18,7,19,2,20,330,80,AUTOROUTE A 62,44.7595,-0.5465,Nuit sans éclairage public,Hors agglomération,Hors intersection,Normale,Autre collision,,,,,,,,,,,3,1,1,1.0,6.0
201800048957,0018-07-18 08:00:00,18,7,18,8,0,330,192,AUTOROUTE A 63,44.77877,-0.64209,Plein jour,Hors agglomération,Hors intersection,Normale,Deux véhicules - arrière,,,,,,,,,,,1,1,1,1.0,2.0
201800048958,0018-07-20 23:40:00,18,7,20,23,40,330,96,AUTOROUTE A 10,44.89005,-0.50326,Nuit sans éclairage public,Hors agglomération,Hors intersection,Normale,Deux véhicules - arrière,,,,,,,,,,,3,1,1,1.0,2.0
201800048959,0018-07-21 00:20:00,18,7,21,0,20,330,192,AUTOROUTE A 63,44.77883,-0.64207,Nuit sans éclairage public,Hors agglomération,Hors intersection,Normale,Deux véhicules - arrière,,,,,,,,,,,3,1,1,1.0,2.0
201800048960,0018-07-23 12:30:00,18,7,23,12,30,330,63,ROCADE A 630,44.88762,-0.5757,Plein jour,Hors agglomération,Hors intersection,Normale,Trois véhicules et plus - en chaîne,,,,,,,,,,,1,1,1,1.0,4.0
201800048961,0018-07-23 13:20:00,18,7,23,13,20,330,397,AUTOROUTE A 10,44.91922,-0.47623,Plein jour,Hors agglomération,Hors intersection,Normale,Trois véhicules et plus - en chaîne,,,,,,,,,,,1,1,1,1.0,4.0
201800048962,0018-07-24 10:00:00,18,7,24,10,0,330,90,AUTOROUTE A 63.,44.77168,-0.65929,Plein jour,Hors agglomération,Hors intersection,Normale,Trois véhicules et plus - en chaîne,,,,,,,,,,,1,1,1,1.0,4.0
201800048963,0018-07-24 17:40:00,18,7,24,17,40,330,75,ROCADE A 630,44.88855,-0.59163,Plein jour,Hors agglomération,Hors intersection,Normale,Trois véhicules et plus - en chaîne,,,,,,,,,,,1,1,1,1.0,4.0
201800048964,0018-07-26 14:45:00,18,7,26,14,45,330,75,ROCADE A 630,44.88977,-0.61662,Plein jour,Hors agglomération,Hors intersection,Normale,Deux véhicules - arrière,,,,,,,,,,,1,1,1,1.0,2.0
201800048965,0018-07-30 11:45:00,18,7,30,11,45,330,550,ROCADE A 630,44.77843,-0.55542,Plein jour,Hors agglomération,Hors intersection,Normale,Trois véhicules et plus - en chaîne,,,,,,,,,,,1,1,1,1.0,4.0
201800048966,0018-08-01 12:35:00,18,8,1,12,35,330,143,A10.,44.95758,-0.44941,Plein jour,Hors agglomération,Hors intersection,Normale,Trois véhicules et plus - en chaîne,,,,,,,,,,,1,1,1,1.0,4.0
201800048967,0018-08-02 16:10:00,18,8,2,16,10,330,96,AUTOROUTE A 10,44.89019,-0.50317,Plein jour,Hors agglomération,Hors intersection,Normale,Deux véhicules - arrière,,,,,,,,,,,1,1,1,1.0,2.0
201800048968,0018-08-02 20:37:00,18,8,2,20,37,330,39,ROCADE A 630,44.79973,-0.53594,Plein jour,Hors agglomération,Hors intersection,Normale,Deux véhicules - côté,,,,,,,,,,,1,1,1,1.0,3.0
201800048969,0018-08-03 18:02:00,18,8,3,18,2,330,281,ROCADE A 630.,44.85102,-0.66689,Plein jour,Hors agglomération,Hors intersection,Normale,Deux véhicules - côté,,,,,,,,,,,1,1,1,1.0,3.0
201800048970,0018-08-04 01:15:00,18,8,4,1,15,330,96,AUTOROUTE A10,44.89126,-0.50199,Nuit avec éclairage allumé,Hors agglomération,Hors intersection,Normale,Trois véhicules et plus - en chaîne,,,,,,,,,,,5,1,1,1.0,4.0
201800048971,0018-08-04 17:45:00,18,8,4,17,45,330,281,ROCADE A 630,44.84613,-0.67075,Plein jour,Hors agglomération,Hors intersection,Normale,Deux véhicules - arrière,,,,,,,,,,,1,1,1,1.0,2.0
201800048972,0018-08-06 12:10:00,18,8,6,12,10,330,90,AUTOROUTE A 63,44.76714,-0.66879,Plein jour,Hors agglomération,Hors intersection,Normale,Deux véhicules - côté,,,,,,,,,,,1,1,1,1.0,3.0
201800048973,0018-08-08 14:30:00,18,8,8,14,30,330,13,ROUTE NATIONALE 230,44.84414,-0.50138,Plein jour,Hors agglomération,Hors intersection,Normale,Deux véhicules - arrière,,,,,,,,,,,1,1,1,1.0,2.0
201800048974,0018-08-11 09:50:00,18,8,11,9,50,330,96,AUTOROUTE A 10,44.8902,-0.50317,Plein jour,Hors agglomération,Hors intersection,Normale,Trois véhicules et plus - en chaîne,,,,,,,,,,,1,1,1,1.0,4.0
201800048975,0018-08-12 16:35:00,18,8,12,16,35,330,122,AUTOROUTE A 63,44.74315,-0.70653,Plein jour,Hors agglomération,Hors intersection,Normale,Deux véhicules - arrière,,,,,,,,,,,1,1,1,1.0,2.0
201800048976,0018-08-14 18:15:00,18,8,14,18,15,330,249,ROCADE A 630,44.88473,-0.51417,Plein jour,Hors agglomération,Hors intersection,Normale,Autre collision,,,,,,,,,,,1,1,1,1.0,6.0
201800048977,0018-08-16 15:20:00,18,8,16,15,20,330,281,ROCADE A 630,44.85774,-0.6622,Plein jour,Hors agglomération,Hors intersection,Normale,Sans collision,,,,,,,,,,,1,1,1,1.0,7.0
201800048978,0018-08-16 22:17:00,18,8,16,22,17,330,39,A631 PR0+563 reel,44.8067,-0.53186,Nuit avec éclairage allumé,Hors agglomération,Hors intersection,Normale,Autre collision,,,,,,,,,,,5,1,1,1.0,6.0
201800048979,0018-08-20 11:35:00,18,8,20,11,35,330,249,ROUTE NATIONALE 230,44.87176,-0.50571,Plein jour,Hors agglomération,Hors intersection,Normale,Deux véhicules - arrière,,,,,,,,,,,1,1,1,1.0,2.0
201800048980,0018-08-25 19:15:00,18,8,25,19,15,330,550,AUTOROUTE A 62,44.774,-0.55633,Plein jour,Hors agglomération,Hors intersection,Normale,Deux véhicules - arrière,,,,,,,,,,,1,1,1,1.0,2.0
201800048981,0018-08-26 15:25:00,18,8,26,15,25,330,13,ROUTE NATIONALE 230,44.85835,-0.50458,Plein jour,Hors agglomération,Hors intersection,Normale,Deux véhicules - arrière,,,,,,,,,,,1,1,1,1.0,2.0
201800048982,0018-08-28 02:40:00,18,8,28,2,40,330,249,ROUTE NATIONALE 230,44.87566,-0.50778,Nuit avec éclairage allumé,Hors agglomération,Hors intersection,Normale,Autre collision,,,,,,,,,,,5,1,1,1.0,6.0
201800048983,0018-08-31 15:15:00,18,8,31,15,15,330,397,A10 dans bret éch43,44.90801,-0.48816,Plein jour,Hors agglomération,Hors intersection,Normale,Deux véhicules - arrière,,,,,,,,,,,1,1,1,1.0,2.0
201800048984,0018-08-31 16:20:00,18,8,31,16,20,330,281,ROCADE A 630,44.83393,-0.67645,Plein jour,Hors agglomération,Hors intersection,Normale,Deux véhicules - côté,,,,,,,,,,,1,1,1,1.0,3.0
201800048985,0018-09-02 19:00:00,18,9,2,19,0,330,550,ROCADE A 630,44.78213,-0.58451,Plein jour,Hors agglomération,Hors intersection,Normale,Trois véhicules et plus - collisions multiples,,,,,,,,,,,1,1,1,1.0,5.0
201800048986,0018-09-02 20:00:00,18,9,2,20,0,330,122,AUTOROUTE A 63,44.75192,-0.69237,Plein jour,Hors agglomération,Hors intersection,Normale,Autre collision,,,,,,,,,,,1,1,1,1.0,6.0
201800048987,0018-09-07 08:15:00,18,9,7,8,15,330,80,AUTOROUTE A 62,44.74595,-0.53882,Plein jour,Hors agglomération,Hors intersection,Normale,Deux véhicules - côté,,,,,,,,,,,1,1,1,1.0,3.0
201800048988,0018-09-07 20:15:00,18,9,7,20,15,330,65,ROUTE NATIONALE 230.,44.80896,-0.52563,Plein jour,Hors agglomération,Hors intersection,Normale,Trois véhicules et plus - en chaîne,,,,,,,,,,,1,1,1,1.0,4.0
201800048989,0018-09-08 14:30:00,18,9,8,14,30,330,550,AUTOROUTE A 62,44.77617,-0.55769,Plein jour,Hors agglomération,Hors intersection,Normale,Autre collision,,,,,,,,,,,1,1,1,1.0,6.0
201800048990,0018-09-09 16:45:00,18,9,9,16,45,330,90,AUTOROUTE A 63,44.76467,-0.67279,Plein jour,Hors agglomération,Hors intersection,Normale,Deux véhicules - côté,,,,,,,,,,,1,1,1,1.0,3.0
201800048991,0018-09-10 08:15:00,18,9,10,8,15,330,162,ROCADE A 630,44.863,-0.65645,Plein jour,Hors agglomération,Hors intersection,Normale,Deux véhicules - arrière,,,,,,,,,,,1,1,1,1.0,2.0
201800048992,0018-09-10 17:35:00,18,9,10,17,35,330,90,AUTOROUTE A 63,44.76124,-0.67822,Plein jour,Hors agglomération,Hors intersection,Normale,Deux véhicules - arrière,,,,,,,,,,,1,1,1,1.0,2.0
201800048993,0018-09-11 07:15:00,18,9,11,7,15,330,13,ROUTE NATIONALE 230,44.86098,-0.50419,Crépuscule ou aube,Hors agglomération,Hors intersection,Normale,Trois véhicules et plus - en chaîne,,,,,,,,,,,2,1,1,1.0,4.0
201800048994,0018-09-11 09:20:00,18,9,11,9,20,330,39,ROUTE NATIONALE 230,44.80685,-0.52874,Plein jour,Hors agglomération,Hors intersection,Normale,Trois véhicules et plus - en chaîne,,,,,,,,,,,1,1,1,1.0,4.0
201800048995,0018-09-14 08:15:00,18,9,14,8,15,330,167,ROUTE NATIONALE 230,44.81949,-0.5201,Plein jour,Hors agglomération,Hors intersection,Normale,Deux véhicules - arrière,,,,,,,,,,,1,1,1,1.0,2.0
201800048996,0018-09-15 08:55:00,18,9,15,8,55,330,192,ROCADE A 630.,44.7858,-0.594,Plein jour,Hors agglomération,Hors intersection,Normale,Autre collision,,,,,,,,,,,1,1,1,1.0,6.0
201800048997,0018-09-18 07:00:00,18,9,18,7,0,330,96,AUTOROUTE A 10,44.90675,-0.4918,Nuit avec éclairage non allumé,Hors agglomération,Hors intersection,Normale,Deux véhicules - côté,,,,,,,,,,,4,1,1,1.0,3.0
201800048998,0018-09-19 07:27:00,18,9,19,7,27,330,96,AUTOROUTE A10,44.88846,-0.50485,Crépuscule ou aube,Hors agglomération,Hors intersection,Normale,Deux véhicules - côté,,,,,,,,,,,2,1,1,1.0,3.0
201800048999,0018-09-19 07:54:00,18,9,19,7,54,330,65,ROUTE NATIONALE 230,44.8114,-0.5222,Plein jour,Hors agglomération,Hors intersection,Normale,Deux véhicules - arrière,,,,,,,,,,,1,1,1,1.0,2.0
201800049000,0018-09-19 15:25:00,18,9,19,15,25,330,192,ROCADE A 630,44.78675,-0.59644,Plein jour,Hors agglomération,Hors intersection,Normale,Autre collision,,,,,,,,,,,1,1,1,1.0,6.0
201800049001,0018-09-20 06:45:00,18,9,20,6,45,330,550,ROCADE A 630,44.78212,-0.54357,Nuit avec éclairage allumé,Hors agglomération,Hors intersection,Normale,Deux véhicules - côté,,,,,,,,,,,5,1,1,1.0,3.0
201800049002,0018-09-20 18:00:00,18,9,20,18,0,330,39,A630,44.78813,-0.54102,Plein jour,Hors agglomération,Hors intersection,Normale,Deux véhicules - arrière,,,,,,,,,,,1,1,1,1.0,2.0
201800049003,0018-09-21 12:55:00,18,9,21,12,55,330,281,ROCADE A 630,44.82895,-0.67552,Plein jour,Hors agglomération,Hors intersection,Pluie légère,Deux véhicules - arrière,,,,,,,,,,,1,1,1,2.0,2.0
201800049004,0018-09-21 14:30:00,18,9,21,14,30,330,162,ROCADE A 630,44.87086,-0.64279,Plein jour,Hors agglomération,Hors intersection,Pluie légère,Trois véhicules et plus - en chaîne,,,,,,,,,,,1,1,1,2.0,4.0
201800049005,0018-09-22 23:40:00,18,9,22,23,40,330,474,AUTOROUTE A 62,44.67789,-0.48483,Nuit sans éclairage public,Hors agglomération,Hors intersection,Normale,Autre collision,,,,,,,,,,,3,1,1,1.0,6.0
201800049006,0018-09-23 15:55:00,18,9,23,15,55,330,96,AUTOROUTE A 10,44.89084,-0.50247,Plein jour,Hors agglomération,Hors intersection,Normale,Trois véhicules et plus - en chaîne,,,,,,,,,,,1,1,1,1.0,4.0
201800049007,0018-09-25 08:10:00,18,9,25,8,10,330,75,ROCADE A 630,44.88247,-0.62326,Plein jour,Hors agglomération,Hors intersection,Normale,Deux véhicules - côté,,,,,,,,,,,1,1,1,1.0,3.0
201800049008,0018-09-26 07:55:00,18,9,26,7,55,330,281,ROCADE A 630,44.83718,-0.67632,Plein jour,Hors agglomération,Hors intersection,Normale,Deux véhicules - arrière,,,,,,,,,,,1,1,1,1.0,2.0
201800049009,0018-09-27 09:00:00,18,9,27,9,0,330,550,ROCADE A 630,44.78014,-0.57607,Plein jour,Hors agglomération,Hors intersection,Normale,Deux véhicules - côté,,,,,,,,,,,1,1,1,1.0,3.0
201800049010,0018-09-27 09:00:00,18,9,27,9,0,330,75,ROCADE A 630,44.88988,-0.61125,Plein jour,Hors agglomération,Hors intersection,Normale,Deux véhicules - côté,,,,,,,,,,,1,1,1,1.0,3.0
201800049011,0018-09-27 10:00:00,18,9,27,10,0,330,13,ROUTE NATIONALE 230,44.84845,-0.50326,Plein jour,Hors agglomération,Hors intersection,Normale,Deux véhicules - côté,,,,,,,,,,,1,1,1,1.0,3.0
201800049012,0018-09-28 06:55:00,18,9,28,6,55,330,474,AUTOROUTE A 62,44.6699,-0.47113,Nuit sans éclairage public,Hors agglomération,Hors intersection,Normale,Deux véhicules - arrière,,,,,,,,,,,3,1,1,1.0,2.0
201800049013,0018-09-28 07:20:00,18,9,28,7,20,330,80,AUTOROUTE A 62,44.73855,-0.53456,Crépuscule ou aube,Hors agglomération,Hors intersection,Brouillard / fumée,Sans collision,,,,,,,,,,,2,1,1,5.0,7.0
201800049014,0018-09-28 18:05:00,18,9,28,18,5,330,75,ROCADE A 630,44.88855,-0.59164,Plein jour,Hors agglomération,Hors intersection,Normale,Deux véhicules - côté,,,,,,,,,,,1,1,1,1.0,3.0
201800049015,0018-09-28 19:15:00,18,9,28,19,15,330,65,ROUTE NATIONALE 230.,44.80907,-0.52545,Plein jour,Hors agglomération,Hors intersection,Normale,Sans collision,,,,,,,,,,,1,1,1,1.0,7.0
201800049016,0018-09-28 20:35:00,18,9,28,20,35,330,397,AUTOROUTE A 10,44.9083,-0.49063,Nuit avec éclairage allumé,Hors agglomération,Hors intersection,Normale,Deux véhicules - côté,,,,,,,,,,,5,1,1,1.0,3.0
201800049017,0018-10-02 08:00:00,18,10,2,8,0,330,167,ROUTE NATIONALE 230,44.82298,-0.51305,Crépuscule ou aube,Hors agglomération,Hors intersection,Normale,Deux véhicules - côté,,,,,,,,,,,2,1,1,1.0,3.0
201800049018,0018-10-03 14:40:00,18,10,3,14,40,330,192,ROCADE A 630,44.78947,-0.61978,Plein jour,Hors agglomération,Hors intersection,Normale,Deux véhicules - arrière,,,,,,,,,,,1,1,1,1.0,2.0
201800049019,0018-10-04 17:05:00,18,10,4,17,5,330,281,ROCADE A 630,44.83877,-0.67555,Plein jour,Hors agglomération,Hors intersection,Normale,Deux véhicules - côté,,,,,,,,,,,1,1,1,1.0,3.0
201800049020,0018-10-05 06:45:00,18,10,5,6,45,330,281,ROCADE A 630,44.84057,-0.67441,Nuit avec éclairage non allumé,Hors agglomération,Hors intersection,Normale,Deux véhicules - arrière,,,,,,,,,,,4,1,1,1.0,2.0
201800049021,0018-10-06 15:44:00,18,10,6,15,44,330,63,ROCADE A 630,44.88378,-0.55733,Plein jour,Hors agglomération,Hors intersection,Normale,Trois véhicules et plus - collisions multiples,,,,,,,,,,,1,1,1,1.0,5.0
201800049022,0018-10-07 19:00:00,18,10,7,19,0,330,39,ROCADE A 630,44.79381,-0.53975,Plein jour,Hors agglomération,Hors intersection,Pluie légère,Deux véhicules - côté,,,,,,,,,,,1,1,1,2.0,3.0
201800049023,0018-10-07 20:20:00,18,10,7,20,20,330,90,AUTOROUTE A 63,44.7701,-0.66234,Crépuscule ou aube,Hors agglomération,Hors intersection,Normale,Deux véhicules - arrière,,,,,,,,,,,2,1,1,1.0,2.0
201800049024,0018-10-09 17:25:00,18,10,9,17,25,330,318,ROCADE A 630,44.78912,-0.62135,Crépuscule ou aube,Hors agglomération,Hors intersection,Normale,Sans collision,,,,,,,,,,,2,1,1,1.0,7.0
201800049025,0018-10-11 07:40:00,18,10,11,7,40,330,3,AUTOROUTE A 10,44.92591,-0.47238,Crépuscule ou aube,Hors agglomération,Hors intersection,Normale,Deux véhicules - côté,,,,,,,,,,,2,1,1,1.0,3.0
201800049026,0018-10-12 15:05:00,18,10,12,15,5,330,192,AUTOROUTE A 63,44.78376,-0.63134,Plein jour,Hors agglomération,Hors intersection,Normale,Deux véhicules - côté,,,,,,,,,,,1,1,1,1.0,3.0
201800049027,0018-10-16 09:45:00,18,10,16,9,45,330,80,AUTOROUTE A 62,44.74767,-0.53982,Plein jour,Hors agglomération,Hors intersection,Normale,Trois véhicules et plus - en chaîne,,,,,,,,,,,1,1,1,1.0,4.0
201800049028,0018-10-17 07:30:00,18,10,17,7,30,330,96,AUTOROUTE A 10,44.89147,-0.50168,Plein jour,Hors agglomération,Hors intersection,Normale,Deux véhicules - côté,,,,,,,,,,,1,1,1,1.0,3.0
201800049029,0018-10-19 22:52:00,18,10,19,22,52,330,63,ROCADE A 630,44.88169,-0.54684,Nuit avec éclairage allumé,Hors agglomération,Hors intersection,Normale,Trois véhicules et plus - en chaîne,,,,,,,,,,,5,1,1,1.0,4.0
201800049030,0018-10-21 05:30:00,18,10,21,5,30,330,39,A631 PR0+240 reel,44.80386,-0.53286,Nuit avec éclairage allumé,Hors agglomération,Hors intersection,Normale,Autre collision,,,,,,,,,,,5,1,1,1.0,6.0
201800049031,0018-10-22 18:23:00,18,10,22,18,23,330,167,ROUTE NATIONALE 230,44.82273,-0.51361,Plein jour,Hors agglomération,Hors intersection,Normale,Trois véhicules et plus - collisions multiples,,,,,,,,,,,1,1,1,1.0,5.0
201800049032,0018-10-23 17:25:00,18,10,23,17,25,330,167,ROUTE NATIONALE 230,44.84347,-0.5017,Plein jour,Hors agglomération,Hors intersection,Normale,Trois véhicules et plus - collisions multiples,,,,,,,,,,,1,1,1,1.0,5.0
201800049033,0018-10-26 15:50:00,18,10,26,15,50,330,397,AUTOROUTE A 10,44.91286,-0.48293,Plein jour,Hors agglomération,Hors intersection,Normale,Trois véhicules et plus - en chaîne,,,,,,,,,,,1,1,1,1.0,4.0
201800049034,0018-10-26 17:50:00,18,10,26,17,50,330,63,ROCADE A 630,44.88545,-0.56364,Plein jour,Hors agglomération,Hors intersection,Normale,Deux véhicules - arrière,,,,,,,,,,,1,1,1,1.0,2.0
201800049035,0018-10-27 05:30:00,18,10,27,5,30,330,90,AUTOROUTE A 63,44.76108,-0.67882,Nuit avec éclairage non allumé,Hors agglomération,Hors intersection,Normale,Autre collision,,,,,,,,,,,4,1,1,1.0,6.0
201800049036,0018-10-28 14:15:00,18,10,28,14,15,330,162,A630 bret sorti ech9 ext,44.85933,-0.66091,Plein jour,Hors agglomération,Hors intersection,Pluie forte,Autre collision,,,,,,,,,,,1,1,1,3.0,6.0
201800049037,0018-10-29 15:00:00,18,10,29,15,0,330,550,ROCADE A 630,44.78213,-0.58389,Plein jour,Hors agglomération,Hors intersection,Normale,Deux véhicules - arrière,,,,,,,,,,,1,1,1,1.0,2.0
201800049038,0018-10-31 12:20:00,18,10,31,12,20,330,65,RN230 Bret Sortie ech22B,44.81063,-0.52154,Plein jour,Hors agglomération,Hors intersection,Pluie légère,Autre collision,,,,,,,,,,,1,1,1,2.0,6.0
201800049039,0018-11-02 15:40:00,18,11,2,15,40,330,249,ROUTE NATIONALE 230,44.87787,-0.509,Plein jour,Hors agglomération,Hors intersection,Normale,Deux véhicules - arrière,,,,,,,,,,,1,1,1,1.0,2.0
201800049040,0018-11-02 23:40:00,18,11,2,23,40,330,249,ROCADE A 630,44.87924,-0.53387,Nuit avec éclairage allumé,Hors agglomération,Hors intersection,Normale,Deux véhicules - côté,,,,,,,,,,,5,1,1,1.0,3.0
201800049041,0018-11-04 17:25:00,18,11,4,17,25,330,213,AUTOROUTE A 62,44.68409,-0.49024,Plein jour,Hors agglomération,Hors intersection,Normale,Deux véhicules - arrière,,,,,,,,,,,1,1,1,1.0,2.0
201800049042,0018-11-05 07:05:00,18,11,5,7,5,330,13,ROUTE NATIONALE 230,44.85328,-0.50527,Nuit avec éclairage allumé,Hors agglomération,Hors intersection,Normale,Trois véhicules et plus - en chaîne,,,,,,,,,,,5,1,1,1.0,4.0
201800049043,0018-11-05 17:15:00,18,11,5,17,15,330,23,AUTOROUTE A 62,44.69292,-0.49545,Plein jour,Hors agglomération,Hors intersection,Normale,Deux véhicules - arrière,,,,,,,,,,,1,1,1,1.0,2.0
201800049044,0018-11-06 08:40:00,18,11,6,8,40,330,3,AUTOROUTE A 10,44.92671,-0.47183,Plein jour,Hors agglomération,Hors intersection,Pluie légère,Deux véhicules - côté,,,,,,,,,,,1,1,1,2.0,3.0
201800049045,0018-11-06 18:15:00,18,11,6,18,15,330,75,ROCADE A 630,44.88929,-0.61744,Nuit sans éclairage public,Hors agglomération,Hors intersection,Pluie légère,Sans collision,,,,,,,,,,,3,1,1,2.0,7.0