accident_id,datetime,annee,mois,jour,heure,minute,departement,commune_insee,adresse,latitude,longitude,luminosite,agglomeration,intersection,meteo,collision,nb_vehicules,nb_usagers,nb_indemnes,nb_tues,nb_blesses_hosp,nb_blesses_legers,age_cond_1,age_cond_2,veh_type_cond_1,veh_type_cond_2,lum_code,agg_code,int_code,atm_code,col_code
201800049162,0018-08-30 23:20:00,18,8,30,23,20,670,482,Autoroute A.35,48.57458,7.73058,Nuit sans éclairage public,Hors agglomération,Hors intersection,Normale,Sans collision,,,,,,,,,,,3,1,1,1.0,7.0
201800049163,0018-09-08 11:23:00,18,9,8,11,23,670,124,Autoroute A.35,48.5269,7.67858,Plein jour,Hors agglomération,Hors intersection,Normale,Deux véhicules - arrière,,,,,,,,,,,1,1,1,1.0,2.0
201800049164,0018-09-14 14:15:00,18,9,14,14,15,670,365,Autoroute A.35,48.53,7.7,Plein jour,Hors agglomération,Hors intersection,Normale,Deux véhicules - côté,,,,,,,,,,,1,1,1,1.0,3.0
201800049165,0018-09-17 21:30:00,18,9,17,21,30,670,482,Autoroute A.35,48.59091,7.734,Nuit sans éclairage public,Hors agglomération,Hors intersection,Normale,Trois véhicules et plus - en chaîne,,,,,,,,,,,3,1,1,1.0,4.0
201800049166,0018-09-20 10:41:00,18,9,20,10,41,670,152,Route Nationale 83,48.52479,7.69557,Plein jour,Hors agglomération,Hors intersection,Normale,Trois véhicules et plus - en chaîne,,,,,,,,,,,1,1,1,1.0,4.0
201800049167,0018-10-12 16:26:00,18,10,12,16,26,670,482,Autoroute A.35,48.57711,7.72692,Plein jour,Hors agglomération,Hors intersection,Normale,Trois véhicules et plus - en chaîne,,,,,,,,,,,1,1,1,1.0,4.0
201800049168,0018-10-20 03:10:00,18,10,20,3,10,670,471,Autoroute A.4,48.63765,7.72753,Nuit sans éclairage public,Hors agglomération,Hors intersection,Normale,Trois véhicules et plus - collisions multiples,,,,,,,,,,,3,1,1,1.0,5.0
201800049169,0018-10-27 10:35:00,18,10,27,10,35,670,137,Route Départementale 108,48.50376,7.69418,Plein jour,En agglomération,Hors intersection,Normale,Deux véhicules - côté,,,,,,,,,,,1,2,1,1.0,3.0
201800049170,0018-10-29 10:35:00,18,10,29,10,35,670,365,Autoroute A.35,48.5359,7.7063,Plein jour,Hors agglomération,Hors intersection,Normale,Deux véhicules - côté,,,,,,,,,,,1,1,1,1.0,3.0
201800049171,0018-11-02 07:00:00,18,11,2,7,0,670,365,Autoroute A.35,48.53425,7.70021,Plein jour,Hors agglomération,Hors intersection,Normale,Deux véhicules - côté,,,,,,,,,,,1,1,1,1.0,3.0
201800049172,0018-11-01 07:13:00,18,11,1,7,13,670,389,Autoroute A.4,48.583,7.4505,Crépuscule ou aube,Hors agglomération,Autre intersection,Normale,Autre collision,,,,,,,,,,,2,1,9,1.0,6.0
201800049173,0018-11-05 14:15:00,18,11,5,14,15,670,218,Route Dpartementale 468,48.54401,7.7337,Plein jour,Hors agglomération,Hors intersection,Normale,Trois véhicules et plus - collisions multiples,,,,,,,,,,,1,1,1,1.0,5.0
201800049174,0018-11-12 09:57:00,18,11,12,9,57,670,447,Autoroute A.4,48.60988,7.72694,Plein jour,Hors agglomération,Hors intersection,Normale,Trois véhicules et plus - en chaîne,,,,,,,,,,,1,1,1,1.0,4.0
201800049175,0018-11-13 07:45:00,18,11,13,7,45,670,482,Bretelle accès autoroute,48.57448,7.73047,Plein jour,Hors agglomération,Hors intersection,Pluie légère,Autre collision,,,,,,,,,,,1,1,1,2.0,6.0
201800049176,0018-11-23 17:35:00,18,11,23,17,35,670,482,N.4 CONTOURNEMENT-SUD,48.57075,7.73934,Nuit sans éclairage public,Hors agglomération,Hors intersection,Normale,Trois véhicules et plus - en chaîne,,,,,,,,,,,3,1,1,1.0,4.0
201800049177,0018-11-24 18:53:00,18,11,24,18,53,670,447,Autoroute A.4,48.61103,7.7268,Nuit sans éclairage public,Hors agglomération,Hors intersection,Normale,Trois véhicules et plus - en chaîne,,,,,,,,,,,3,1,1,1.0,4.0
201800049178,0018-11-20 20:10:00,18,11,20,20,10,670,218,Autoroute A.35,48.54383,7.72466,Nuit avec éclairage non allumé,Hors agglomération,Hors intersection,Pluie légère,Deux véhicules - côté,,,,,,,,,,,4,1,1,2.0,3.0
201800049179,0018-12-03 16:45:00,18,12,3,16,45,670,309,Autoroute A4,48.63605,7.72538,Nuit sans éclairage public,Hors agglomération,Hors intersection,Pluie légère,Deux véhicules - arrière,,,,,,,,,,,3,1,1,2.0,2.0
201800049180,0018-12-06 13:50:00,18,12,6,13,50,670,482,Autoroute A.35,48.56683,7.7324,Plein jour,Hors agglomération,Hors intersection,Normale,Deux véhicules - arrière,,,,,,,,,,,1,1,1,1.0,2.0
201800049181,0018-12-10 19:25:00,18,12,10,19,25,670,482,Autoroute A.35,48.35038,7.43289,Nuit sans éclairage public,Hors agglomération,Hors intersection,Pluie légère,Trois véhicules et plus - en chaîne,,,,,,,,,,,3,1,1,2.0,4.0
201800049182,0018-12-12 04:50:00,18,12,12,4,50,670,482,N.4 Contournement Sud,48.57095,7.73546,Nuit sans éclairage public,Hors agglomération,Hors intersection,Brouillard / fumée,Sans collision,,,,,,,,,,,3,1,1,5.0,7.0
201800049183,0018-12-12 15:00:00,18,12,12,15,0,670,218,R.N. 353,48.50264,7.72007,Plein jour,Hors agglomération,Hors intersection,Normale,Trois véhicules et plus - en chaîne,,,,,,,,,,,1,1,1,1.0,4.0
201800049184,0018-12-13 07:20:00,18,12,13,7,20,670,152,Autoroute A.35,48.52459,7.65881,Nuit sans éclairage public,Hors agglomération,Hors intersection,Normale,Deux véhicules - arrière,,,,,,,,,,,3,1,1,1.0,2.0
201800049185,0018-12-18 13:40:00,18,12,18,13,40,670,482,Autoroute A.35,48.58931,7.73082,Plein jour,Hors agglomération,Hors intersection,Normale,Trois véhicules et plus - collisions multiples,,,,,,,,,,,1,1,1,1.0,5.0
201800049186,0018-12-18 14:45:00,18,12,18,14,45,670,152,Route Nationale 83,48.52469,7.6956,Plein jour,Hors agglomération,Hors intersection,Normale,Trois véhicules et plus - en chaîne,,,,,,,,,,,1,1,1,1.0,4.0
201800049187,0018-12-19 18:00:00,18,12,19,18,0,670,482,Autoroute A.351,48.5876,7.71138,Nuit avec éclairage non allumé,Hors agglomération,Hors intersection,Normale,Trois véhicules et plus - collisions multiples,,,,,,,,,,,4,1,1,1.0,5.0
201800049188,0018-12-21 12:15:00,18,12,21,12,15,670,218,Autoroute A.35,48.54697,7.72676,Plein jour,Hors agglomération,Autre intersection,Pluie légère,Trois véhicules et plus - collisions multiples,,,,,,,,,,,1,1,9,2.0,5.0
201800049189,0018-01-01 17:00:00,18,1,1,17,0,540,528,Autoroute A 31,48.6505,5.87478,Crépuscule ou aube,Hors agglomération,Hors intersection,Pluie légère,Deux véhicules - arrière,,,,,,,,,,,2,1,1,2.0,2.0
201800049190,0018-01-05 18:40:00,18,1,5,18,40,540,578,Autoroute A 33,48.6573,6.12637,Nuit sans éclairage public,Hors agglomération,Hors intersection,Normale,Trois véhicules et plus - en chaîne,,,,,,,,,,,3,1,1,1.0,4.0
201800049191,0018-01-09 16:40:00,18,1,9,16,40,540,167,Autoroute A 31,48.6749,5.92232,Plein jour,Hors agglomération,Autre intersection,Normale,Autre collision,,,,,,,,,,,1,1,9,1.0,6.0
201800049192,0018-02-04 19:50:00,18,2,4,19,50,540,123,Autoroute A 33,48.64,6.14,Nuit sans éclairage public,Hors agglomération,Hors intersection,Normale,Autre collision,,,,,,,,,,,3,1,1,1.0,6.0
201800049193,0018-03-04 22:00:00,18,3,4,22,0,540,60,Autoroute A 31,48.823,6.10276,Nuit sans éclairage public,Hors agglomération,Hors intersection,Pluie légère,Autre collision,,,,,,,,,,,3,1,1,2.0,6.0
201800049194,0018-03-09 10:25:00,18,3,9,10,25,540,328,Autoroute A 330,48.61199,6.17691,Plein jour,Hors agglomération,Hors intersection,Pluie légère,Trois véhicules et plus - en chaîne,,,,,,,,,,,1,1,1,2.0,4.0
201800049195,0018-03-20 08:45:00,18,3,20,8,45,540,320,Autoroute A 31,48.858,6.088,Plein jour,Hors agglomération,Hors intersection,Normale,Trois véhicules et plus - en chaîne,,,,,,,,,,,1,1,1,1.0,4.0
201800049196,0018-04-03 08:00:00,18,4,3,8,0,540,60,Autoroute A 31,48.82304,6.1028,Plein jour,Hors agglomération,Hors intersection,Normale,Trois véhicules et plus - en chaîne,,,,,,,,,,,1,1,1,1.0,4.0
201800049197,0018-04-12 18:00:00,18,4,12,18,0,540,547,Autoroute A 330,48.65612,6.18461,Plein jour,Hors agglomération,Hors intersection,Normale,Trois véhicules et plus - en chaîne,,,,,,,,,,,1,1,1,1.0,4.0
201800049198,0018-05-02 07:45:00,18,5,2,7,45,540,462,Autoroute A 33,48.60089,6.33875,Plein jour,Hors agglomération,Hors intersection,Normale,Trois véhicules et plus - collisions multiples,,,,,,,,,,,1,1,1,1.0,5.0
201800049199,0018-06-04 08:00:00,18,6,4,8,0,540,328,Autoroute A 330,48.62679,6.18378,Plein jour,Hors agglomération,Hors intersection,Normale,Deux véhicules - arrière,,,,,,,,,,,1,1,1,1.0,2.0
201800049200,0018-06-08 19:10:00,18,6,8,19,10,540,265,Autoroute A 330,48.638,6.1812,Plein jour,Hors agglomération,Hors intersection,Normale,Deux véhicules - arrière,,,,,,,,,,,1,1,1,1.0,2.0
201800049201,0018-06-14 15:35:00,18,6,14,15,35,540,197,Autoroute A 33,48.61835,6.20784,Plein jour,Hors agglomération,Hors intersection,Normale,Trois véhicules et plus - en chaîne,,,,,,,,,,,1,1,1,1.0,4.0
201800049202,0018-07-06 20:30:00,18,7,6,20,30,540,115,Autoroute A 31,48.69358,6.08088,Plein jour,Hors agglomération,Hors intersection,Normale,Autre collision,,,,,,,,,,,1,1,1,1.0,6.0
201800049203,0018-07-09 17:35:00,18,7,9,17,35,540,123,Autoroute A 31,48.77917,6.14457,Plein jour,Hors agglomération,Hors intersection,Normale,Deux véhicules - arrière,,,,,,,,,,,1,1,1,1.0,2.0
201800049204,0018-06-27 08:40:00,18,6,27,8,40,540,232,Autoroute A 31,48.69068,6.03211,Plein jour,Hors agglomération,Hors intersection,Normale,Deux véhicules - côté,,,,,,,,,,,1,1,1,1.0,3.0
201800049205,0018-07-23 16:20:00,18,7,23,16,20,540,528,Autoroute A 31,48.65529,5.88969,Plein jour,Hors agglomération,Hors intersection,Normale,Trois véhicules et plus - en chaîne,,,,,,,,,,,1,1,1,1.0,4.0
201800049206,0018-07-27 05:53:00,18,7,27,5,53,540,167,Autoroute A 31,48.67332,5.92017,Nuit sans éclairage public,Hors agglomération,Hors intersection,Normale,Deux véhicules - côté,,,,,,,,,,,3,1,1,1.0,3.0
201800049207,0018-08-20 07:50:00,18,8,20,7,50,540,265,Autoroute A 33,48.6306,6.17855,Plein jour,Hors agglomération,Hors intersection,Normale,Deux véhicules - arrière,,,,,,,,,,,1,1,1,1.0,2.0
201800049208,0018-08-19 05:10:00,18,8,19,5,10,540,27,Autoroute A 31,48.89566,6.10292,Nuit sans éclairage public,Hors agglomération,Hors intersection,Normale,Sans collision,,,,,,,,,,,3,1,1,1.0,7.0
201800049209,0018-08-31 11:40:00,18,8,31,11,40,540,312,Autoroute A 31,48.93921,6.1124,Plein jour,Hors agglomération,Hors intersection,Normale,Deux véhicules - arrière,,,,,,,,,,,1,1,1,1.0,2.0
201800049210,0018-09-16 05:23:00,18,9,16,5,23,540,312,Autoroute A 31,49.93298,6.1118,Nuit sans éclairage public,Hors agglomération,Hors intersection,Normale,Deux véhicules - arrière,,,,,,,,,,,3,1,1,1.0,2.0
201800049211,0018-10-01 17:30:00,18,10,1,17,30,540,483,Autoroute A 33,48.61753,6.28882,Plein jour,Hors agglomération,Hors intersection,Normale,Trois véhicules et plus - collisions multiples,,,,,,,,,,,1,1,1,1.0,5.0
201800049212,0018-11-12 17:22:00,18,11,12,17,22,540,115,Autoroute A 31,48.73192,6.15919,Nuit sans éclairage public,Hors agglomération,Hors intersection,Pluie forte,Trois véhicules et plus - collisions multiples,,,,,,,,,,,3,1,1,3.0,5.0
201800049213,0018-11-16 13:20:00,18,11,16,13,20,540,547,Autoroute  A 33,48.64522,6.14474,Plein jour,Hors agglomération,Autre intersection,Normale,Deux véhicules - arrière,,,,,,,,,,,1,1,9,1.0,2.0
201800049214,0018-11-18 06:00:00,18,11,18,6,0,540,328,Autoroute A 330,48.61544,6.17903,Nuit sans éclairage public,Hors agglomération,Hors intersection,Normale,Deux véhicules - arrière,,,,,,,,,,,3,1,1,1.0,2.0
201800049215,0018-11-20 10:05:00,18,11,20,10,5,540,232,Autoroute A 31,48.68406,5.94934,Plein jour,Hors agglomération,Hors intersection,Normale,Trois véhicules et plus - collisions multiples,,,,,,,,,,,1,1,1,1.0,5.0
201800049216,0018-01-11 17:01:00,18,1,11,17,1,570,39,RN 431,49.03787,6.12395,Crépuscule ou aube,Hors agglomération,Hors intersection,Normale,Deux véhicules - arrière,,,,,,,,,,,2,1,1,1.0,2.0
201800049217,0018-01-27 02:15:00,18,1,27,2,15,570,534,RN 431,49.0878,6.16789,Nuit sans éclairage public,Hors agglomération,Hors intersection,Normale,Sans collision,,,,,,,,,,,3,1,1,1.0,7.0
201800049218,0018-01-26 18:50:00,18,1,26,18,50,570,487,Autoroute A31,49.09867,6.11725,Nuit sans éclairage public,Hors agglomération,Autre intersection,Normale,Autre collision,,,,,,,,,,,3,1,9,1.0,6.0
201800049219,0018-02-11 19:33:00,18,2,11,19,33,570,96,Autoroute A30,49.39606,5.94967,Nuit sans éclairage public,Hors agglomération,Hors intersection,Normale,Deux véhicules - arrière,,,,,,,,,,,3,1,1,1.0,2.0
201800049220,0018-02-16 14:30:00,18,2,16,14,30,570,137,Autoroute A31,48.97138,6.10465,Plein jour,Hors agglomération,Hors intersection,Normale,Trois véhicules et plus - collisions multiples,,,,,,,,,,,1,1,1,1.0,5.0
201800049221,0018-02-20 08:20:00,18,2,20,8,20,570,463,Autoroute A31,49.14366,6.18474,Plein jour,Hors agglomération,Hors intersection,Normale,Autre collision,,,,,,,,,,,1,1,1,1.0,6.0
201800049222,0018-02-27 10:16:00,18,2,27,10,16,570,226,Autoroute A30,49.34225,5.99383,Plein jour,Hors agglomération,Hors intersection,Neige / grêle,Deux véhicules - côté,,,,,,,,,,,1,1,1,4.0,3.0
201800049223,0018-02-27 10:37:00,18,2,27,10,37,570,356,Autoroute A31,49.43753,6.11706,Plein jour,Hors agglomération,Hors intersection,Normale,Deux véhicules - côté,,,,,,,,,,,1,1,1,1.0,3.0
201800049224,0018-03-03 09:45:00,18,3,3,9,45,570,43,Autoroute  A31,49.2441,6.17889,Plein jour,Hors agglomération,Hors intersection,Pluie légère,Sans collision,,,,,,,,,,,1,1,1,2.0,7.0
201800049225,0018-03-19 05:35:00,18,3,19,5,35,570,487,Autoroute A31,49.09319,6.1111,Nuit sans éclairage public,Hors agglomération,Autre intersection,Neige / grêle,Deux véhicules - arrière,,,,,,,,,,,3,1,9,4.0,2.0
201800049226,0018-03-30 05:10:00,18,3,30,5,10,570,226,Autoroute A30,49.35065,5.98488,Nuit sans éclairage public,Hors agglomération,Hors intersection,Normale,Deux véhicules - côté,,,,,,,,,,,3,1,1,1.0,3.0
201800049227,0018-04-01 01:25:00,18,4,1,1,25,570,206,Autoroute A30,49.30853,6.11861,Nuit sans éclairage public,Hors agglomération,Hors intersection,Normale,Deux véhicules - côté,,,,,,,,,,,3,1,1,1.0,3.0
201800049228,0018-04-17 13:15:00,18,4,17,13,15,570,672,Autoroute A31,49.34995,6.14971,Plein jour,Hors agglomération,Hors intersection,Normale,Deux véhicules - arrière,,,,,,,,,,,1,1,1,1.0,2.0
201800049229,0018-04-19 19:00:00,18,4,19,19,0,570,666,Autoroute A31,49.34951,6.15177,Plein jour,Hors agglomération,Hors intersection,Normale,Deux véhicules - arrière,,,,,,,,,,,1,1,1,1.0,2.0
201800049230,0018-04-20 16:08:00,18,4,20,16,8,570,672,Autoroute A31,49.39265,6.1101,Plein jour,Hors agglomération,Hors intersection,Normale,Trois véhicules et plus - en chaîne,,,,,,,,,,,1,1,1,1.0,4.0
201800049231,0018-05-05 15:37:00,18,5,5,15,37,570,356,Autoroute A31,49.34995,6.14971,Plein jour,Hors agglomération,Hors intersection,Normale,Deux véhicules - arrière,,,,,,,,,,,1,1,1,1.0,2.0
201800049232,0018-05-10 13:05:00,18,5,10,13,5,570,672,Autoroute A31,49.39949,6.11484,Plein jour,Hors agglomération,Autre intersection,Normale,Deux véhicules - arrière,,,,,,,,,,,1,1,9,1.0,2.0
201800049233,0018-05-16 18:15:00,18,5,16,18,15,570,463,Autoroute A31,49.12976,6.165,Plein jour,Hors agglomération,Hors intersection,Normale,Autre collision,,,,,,,,,,,1,1,1,1.0,6.0
201800049234,0018-05-21 07:00:00,18,5,21,7,0,570,226,Autoroute A30,49.37046,5.98216,Plein jour,Hors agglomération,Hors intersection,Normale,Sans collision,,,,,,,,,,,1,1,1,1.0,7.0
201800049235,0018-05-26 00:50:00,18,5,26,0,50,570,269,Autoroute A31,49.29875,6.20283,Nuit sans éclairage public,Hors agglomération,Hors intersection,Normale,Autre collision,,,,,,,,,,,3,1,1,1.0,6.0
201800049236,0018-06-15 17:05:00,18,6,15,17,5,570,672,Autoroute A31,49.34787,6.16709,Plein jour,Hors agglomération,Hors intersection,Normale,Sans collision,,,,,,,,,,,1,1,1,1.0,7.0
201800049237,0018-06-21 09:00:00,18,6,21,9,0,570,764,Autoroute A.31,49.46916,6.12138,Plein jour,Hors agglomération,Hors intersection,Normale,Trois véhicules et plus - en chaîne,,,,,,,,,,,1,1,1,1.0,4.0
201800049238,0018-07-04 22:35:00,18,7,4,22,35,570,672,Autoroute A31,49.40263,6.11166,Nuit sans éclairage public,Hors agglomération,Hors intersection,Normale,Deux véhicules - arrière,,,,,,,,,,,3,1,1,1.0,2.0
201800049239,0018-07-07 15:30:00,18,7,7,15,30,570,672,Autoroute A31,49.3496,6.1509,Plein jour,Hors agglomération,Hors intersection,Normale,Trois véhicules et plus - en chaîne,,,,,,,,,,,1,1,1,1.0,4.0
201800049240,0018-07-08 03:15:00,18,7,8,3,15,570,751,Autoroute A31,49.17106,6.18017,Nuit sans éclairage public,Hors agglomération,Hors intersection,Normale,Sans collision,,,,,,,,,,,3,1,1,1.0,7.0
201800049241,0018-07-04 14:10:00,18,7,4,14,10,570,672,Autoroute A31,49.34788,6.16838,Plein jour,Hors agglomération,Hors intersection,Normale,Trois véhicules et plus - collisions multiples,,,,,,,,,,,1,1,1,1.0,5.0
201800049242,0018-07-20 16:30:00,18,7,20,16,30,570,269,Autoroute A31,49.29521,6.18068,Plein jour,Hors agglomération,Autre intersection,Normale,Sans collision,,,,,,,,,,,1,1,9,1.0,7.0
201800049243,0018-07-22 09:20:00,18,7,22,9,20,570,474,Autoroute A31,49.632,6.622,Plein jour,Hors agglomération,Hors intersection,Normale,Trois véhicules et plus - en chaîne,,,,,,,,,,,1,1,1,1.0,4.0
201800049244,0018-08-17 22:15:00,18,8,17,22,15,570,463,Autoroute  A31,49.1128,6.16619,Nuit sans éclairage public,En agglomération,Autre intersection,Normale,Sans collision,,,,,,,,,,,3,2,9,1.0,7.0
201800049245,0018-09-13 14:00:00,18,9,13,14,0,570,463,Autoroute A31,49.1256,6.16058,Plein jour,Hors agglomération,Hors intersection,Pluie légère,Autre collision,,,,,,,,,,,1,1,1,2.0,6.0
201800049246,0018-09-12 08:44:00,18,9,12,8,44,570,582,Autoroute A30,49.28333,6.16666,Plein jour,Hors agglomération,Hors intersection,Normale,Trois véhicules et plus - en chaîne,,,,,,,,,,,1,1,1,1.0,4.0
201800049247,0018-09-18 17:55:00,18,9,18,17,55,570,498,Autoroute A30,49.19387,6.02237,Plein jour,Hors agglomération,Hors intersection,Normale,Trois véhicules et plus - en chaîne,,,,,,,,,,,1,1,1,1.0,4.0
201800049248,0018-09-26 08:00:00,18,9,26,8,0,570,463,RN 431,49.10996,6.23569,Plein jour,Hors agglomération,Hors intersection,Normale,Deux véhicules - côté,,,,,,,,,,,1,1,1,1.0,3.0
201800049249,0018-10-19 07:52:00,18,10,19,7,52,570,356,Autoroute A31,49.4333,6.11667,Crépuscule ou aube,Hors agglomération,Hors intersection,Normale,Trois véhicules et plus - collisions multiples,,,,,,,,,,,2,1,1,1.0,5.0
201800049250,0018-10-29 03:20:00,18,10,29,3,20,570,672,Autoroute A31,49.3664,6.1069,Nuit sans éclairage public,Hors agglomération,Hors intersection,Pluie légère,Deux véhicules - côté,,,,,,,,,,,3,1,1,2.0,3.0
201800049251,0018-11-05 12:00:00,18,11,5,12,0,570,463,Autoroute A31,49.13022,6.16663,Plein jour,Hors agglomération,Hors intersection,Normale,Deux véhicules - arrière,,,,,,,,,,,1,1,1,1.0,2.0
201800049252,0018-11-12 20:00:00,18,11,12,20,0,570,194,Autoroute A31,49.4247,6.11076,Nuit sans éclairage public,Hors agglomération,Hors intersection,Pluie forte,Deux véhicules - arrière,,,,,,,,,,,3,1,1,3.0,2.0
201800049253,0018-11-16 22:40:00,18,11,16,22,40,570,303,Autoroute A31,49.20006,6.17022,Nuit sans éclairage public,Hors agglomération,Hors intersection,Normale,Deux véhicules - arrière,,,,,,,,,,,3,1,1,1.0,2.0
201800049254,0018-11-23 17:30:00,18,11,23,17,30,570,672,Autoroute A31,49.36159,6.10683,Nuit sans éclairage public,Hors agglomération,Hors intersection,Normale,Deux véhicules - arrière,,,,,,,,,,,3,1,1,1.0,2.0
201800049255,0018-11-13 17:35:00,18,11,13,17,35,570,39,Autoroute A31,49.07388,6.11136,Plein jour,Hors agglomération,Autre intersection,Normale,Deux véhicules - arrière,,,,,,,,,,,1,1,9,1.0,2.0
201800049256,0018-12-12 01:10:00,18,12,12,1,10,570,480,Autoroute A31,49.1064,6.1457,Nuit sans éclairage public,Hors agglomération,Hors intersection,Temps couvert,Autre collision,,,,,,,,,,,3,1,1,8.0,6.0
201800049257,0018-01-01 06:40:00,18,1,1,6,40,420,218,RN88,45.41997,4.41039,Nuit avec éclairage allumé,Hors agglomération,Hors intersection,Normale,Autre collision,,,,,,,,,,,5,1,1,1.0,6.0
201800049258,0018-12-31 07:00:00,18,12,31,7,0,420,218,RN88,45.42063,4.41059,Nuit sans éclairage public,Hors agglomération,Autre intersection,Normale,Autre collision,,,,,,,,,,,3,1,9,1.0,6.0
201800049259,0018-12-31 22:50:00,18,12,31,22,50,420,237,A72,45.44683,4.42526,Nuit sans éclairage public,Hors agglomération,Hors intersection,Pluie légère,Deux véhicules - arrière,,,,,,,,,,,3,1,1,2.0,2.0
201800049260,0018-01-26 14:30:00,18,1,26,14,30,690,228,A47,45.54304,4.65668,Plein jour,Hors agglomération,Hors intersection,Pluie légère,Deux véhicules - côté,,,,,,,,,,,1,1,1,2.0,3.0
201800049261,0018-02-12 10:00:00,18,2,12,10,0,420,207,A47,45.47965,4.50088,Plein jour,Hors agglomération,Hors intersection,Temps couvert,Deux véhicules - côté,,,,,,,,,,,1,1,1,8.0,3.0
201800049262,0018-02-14 13:35:00,18,2,14,13,35,420,307,A47,45.55137,4.68083,Plein jour,Hors agglomération,Hors intersection,Normale,Deux véhicules - arrière,,,,,,,,,,,1,1,1,1.0,2.0
201800049263,0018-02-25 09:30:00,18,2,25,9,30,420,97,A72,45.48768,4.32369,Plein jour,Hors agglomération,Hors intersection,Normale,Sans collision,,,,,,,,,,,1,1,1,1.0,7.0
201800049264,0018-03-14 21:40:00,18,3,14,21,40,420,218,A72 -,45.44255,4.42984,Nuit sans éclairage public,Hors agglomération,Hors intersection,Normale,Autre collision,,,,,,,,,,,3,1,1,1.0,6.0
201800049265,0018-03-12 19:20:00,18,3,12,19,20,420,97,A.72,45.49387,4.31816,Nuit sans éclairage public,Hors agglomération,Hors intersection,Normale,Deux véhicules - côté,,,,,,,,,,,3,1,1,1.0,3.0
201800049266,0018-04-01 01:40:00,18,4,1,1,40,420,110,A47,45.49463,4.53225,Nuit sans éclairage public,Hors agglomération,Autre intersection,Normale,Autre collision,,,,,,,,,,,3,1,9,1.0,6.0
201800049267,0018-04-25 13:00:00,18,4,25,13,0,420,218,A72 -,45.45642,4.41043,Plein jour,Hors agglomération,Hors intersection,Normale,Deux véhicules - côté,,,,,,,,,,,1,1,1,1.0,3.0
201800049268,0018-05-09 17:50:00,18,5,9,17,50,420,218,RN88 -,45.43461,4.43045,Plein jour,Hors agglomération,Hors intersection,Normale,Deux véhicules - arrière,,,,,,,,,,,1,1,1,1.0,2.0
201800049269,0018-05-06 20:00:00,18,5,6,20,0,420,307,A47,45.54001,4.66001,Crépuscule ou aube,Hors agglomération,Hors intersection,Normale,Deux véhicules - arrière,,,,,,,,,,,2,1,1,1.0,2.0
201800049270,0018-05-25 17:00:00,18,5,25,17,0,420,83,A47,45.55048,4.67931,Plein jour,Hors agglomération,Hors intersection,Normale,Sans collision,,,,,,,,,,,1,1,1,1.0,7.0
201800049271,0018-05-18 14:35:00,18,5,18,14,35,420,207,A47 -,45.45443,4.47989,Plein jour,Hors agglomération,Hors intersection,Normale,Deux véhicules - côté,,,,,,,,,,,1,1,1,1.0,3.0
201800049272,0018-05-24 08:45:00,18,5,24,8,45,420,123,A47 -,45.50256,4.5646,Plein jour,Hors agglomération,Hors intersection,Normale,Trois véhicules et plus - en chaîne,,,,,,,,,,,1,1,1,1.0,4.0
201800049273,0018-05-28 13:30:00,18,5,28,13,30,420,44,RN88,45.3967,4.35059,Plein jour,Hors agglomération,Hors intersection,Pluie légère,Deux véhicules - arrière,,,,,,,,,,,1,1,1,2.0,2.0
201800049274,0018-05-18 00:10:00,18,5,18,0,10,420,218,A72 -,45.45524,4.41204,Nuit sans éclairage public,Hors agglomération,Hors intersection,Normale,Deux véhicules - côté,,,,,,,,,,,3,1,1,1.0,3.0
201800049275,0018-06-21 10:20:00,18,6,21,10,20,420,183,RN88,45.39706,4.35421,Plein jour,Hors agglomération,Hors intersection,Normale,Deux véhicules - arrière,,,,,,,,,,,1,1,1,1.0,2.0
201800049276,0018-06-26 17:45:00,18,6,26,17,45,420,103,A47 -,45.49721,4.55813,Plein jour,Hors agglomération,Hors intersection,Normale,Deux véhicules - arrière,,,,,,,,,,,1,1,1,1.0,2.0
201800049277,0018-06-26 20:00:00,18,6,26,20,0,420,218,RN88 -,45.43406,4.4218,Plein jour,Hors agglomération,Hors intersection,Normale,Autre collision,,,,,,,,,,,1,1,1,1.0,6.0
201800049278,0018-07-12 21:40:00,18,7,12,21,40,420,307,A47,45.54912,4.67574,Crépuscule ou aube,Hors agglomération,Hors intersection,Normale,Deux véhicules - arrière,,,,,,,,,,,2,1,1,1.0,2.0
201800049279,0018-07-07 22:40:00,18,7,7,22,40,420,218,RN88 -,45.43367,4.41814,Nuit sans éclairage public,Hors agglomération,Hors intersection,Normale,Deux véhicules - côté,,,,,,,,,,,3,1,1,1.0,3.0