accident_id,datetime,annee,mois,jour,heure,minute,departement,commune_insee,adresse,latitude,longitude,luminosite,agglomeration,intersection,meteo,collision,nb_vehicules,nb_usagers,nb_indemnes,nb_tues,nb_blesses_hosp,nb_blesses_legers,age_cond_1,age_cond_2,veh_type_cond_1,veh_type_cond_2,lum_code,agg_code,int_code,atm_code,col_code
201800049280,0018-07-11 17:10:00,18,7,11,17,10,420,218,A72,45.46324,4.40004,Plein jour,Hors agglomération,Hors intersection,Normale,Deux véhicules - arrière,,,,,,,,,,,1,1,1,1.0,2.0
201800049281,0018-07-20 17:30:00,18,7,20,17,30,420,44,RN88,45.39277,4.32166,Plein jour,Hors agglomération,Hors intersection,Pluie légère,Deux véhicules - côté,,,,,,,,,,,1,1,1,2.0,3.0
201800049282,0018-08-10 16:20:00,18,8,10,16,20,420,218,A72,45.46551,4.37945,Plein jour,Hors agglomération,Hors intersection,Normale,Sans collision,,,,,,,,,,,1,1,1,1.0,7.0
201800049283,0018-08-08 23:30:00,18,8,8,23,30,420,237,RN88 -,45.44485,4.46574,Nuit sans éclairage public,Hors agglomération,Hors intersection,Normale,Deux véhicules - côté,,,,,,,,,,,3,1,1,1.0,3.0
201800049284,0018-08-14 15:30:00,18,8,14,15,30,420,237,RN88 -,45.44206,4.46237,Plein jour,Hors agglomération,Hors intersection,Normale,Deux véhicules - côté,,,,,,,,,,,1,1,1,1.0,3.0
201800049285,0018-09-14 06:05:00,18,9,14,6,5,420,207,A47,45.4918,4.51899,Nuit sans éclairage public,Hors agglomération,Hors intersection,Normale,Sans collision,,,,,,,,,,,3,1,1,1.0,7.0
201800049286,0018-09-26 17:50:00,18,9,26,17,50,420,218,RN88,45.43613,4.44383,Plein jour,Hors agglomération,Hors intersection,Normale,Trois véhicules et plus - en chaîne,,,,,,,,,,,1,1,1,1.0,4.0
201800049287,0018-10-06 13:50:00,18,10,6,13,50,420,307,A47,45.5436,4.66141,Plein jour,Hors agglomération,Hors intersection,Normale,Deux véhicules - arrière,,,,,,,,,,,1,1,1,1.0,2.0
201800049288,0018-10-16 16:40:00,18,10,16,16,40,690,91,A47,45.57379,4.71525,Plein jour,Hors agglomération,Hors intersection,Normale,Deux véhicules - côté,,,,,,,,,,,1,1,1,1.0,3.0
201800049289,0018-10-20 06:30:00,18,10,20,6,30,420,207,RN88 DECROISSANT,45.46348,4.34063,Nuit avec éclairage allumé,Hors agglomération,Hors intersection,Normale,Autre collision,,,,,,,,,,,5,1,1,1.0,6.0
201800049290,0018-10-25 16:20:00,18,10,25,16,20,420,186,A47,45.52943,4.612,Plein jour,Hors agglomération,Hors intersection,Normale,Deux véhicules - arrière,,,,,,,,,,,1,1,1,1.0,2.0
201800049291,0018-10-28 11:20:00,18,10,28,11,20,420,44,RN88,45.39539,4.34063,Plein jour,Hors agglomération,Autre intersection,Temps couvert,Deux véhicules - côté,,,,,,,,,,,1,1,9,8.0,3.0
201800049292,0018-10-12 18:40:00,18,10,12,18,40,420,218,A72,45.45001,4.42062,Plein jour,Hors agglomération,Hors intersection,Normale,Deux véhicules - arrière,,,,,,,,,,,1,1,1,1.0,2.0
201800049293,0018-11-14 18:20:00,18,11,14,18,20,420,5,A72,45.53188,4.28434,Nuit sans éclairage public,Hors agglomération,Hors intersection,Normale,Deux véhicules - côté,,,,,,,,,,,3,1,1,1.0,3.0
201800049294,0018-11-25 23:35:00,18,11,25,23,35,420,110,A47,45.496,4.55645,Nuit sans éclairage public,Hors agglomération,Hors intersection,Normale,Trois véhicules et plus - en chaîne,,,,,,,,,,,3,1,1,1.0,4.0
201800049295,0018-12-07 18:00:00,18,12,7,18,0,420,330,A72,45.4752,4.3599,Nuit sans éclairage public,Hors agglomération,Hors intersection,Normale,Deux véhicules - côté,,,,,,,,,,,3,1,1,1.0,3.0
201800049296,0018-10-02 07:15:00,18,10,2,7,15,420,44,RN88,45.39538,4.34141,Crépuscule ou aube,Hors agglomération,Hors intersection,Normale,Trois véhicules et plus - en chaîne,,,,,,,,,,,2,1,1,1.0,4.0
201800049297,0018-12-16 01:45:00,18,12,16,1,45,420,186,A47,45.53125,4.61702,Nuit sans éclairage public,Hors agglomération,Hors intersection,Pluie légère,Deux véhicules - arrière,,,,,,,,,,,3,1,1,2.0,2.0
201800049298,0018-12-09 21:55:00,18,12,9,21,55,420,44,RN88,45.39444,4.33069,Nuit sans éclairage public,Hors agglomération,Hors intersection,Normale,Deux véhicules - côté,,,,,,,,,,,3,1,1,1.0,3.0
201800049299,0018-01-01 06:00:00,18,1,1,6,0,690,382,A6   455.000 A 455.875,45.75215,4.82051,Nuit avec éclairage allumé,Hors agglomération,Hors intersection,Normale,Sans collision,,,,,,,,,,,5,1,1,1.0,7.0
201800049300,0018-12-29 17:05:00,18,12,29,17,5,690,382,A6   455.000 A 455.614,45.749,4.827,Nuit sans éclairage public,Hors agglomération,Hors intersection,Normale,Trois véhicules et plus - en chaîne,,,,,,,,,,,3,1,1,1.0,4.0
201800049301,0018-01-03 07:30:00,18,1,3,7,30,690,199,RD383   14.250 A 18.000,45.71164,4.84345,Crépuscule ou aube,Hors agglomération,Hors intersection,Pluie légère,Deux véhicules - arrière,,,,,,,,,,,2,1,1,2.0,2.0
201800049302,0018-01-04 19:10:00,18,1,4,19,10,690,276,BUS (RD301)   0.000 A 2.,45.6838,4.85413,Nuit sans éclairage public,Hors agglomération,Hors intersection,Normale,Trois véhicules et plus - en chaîne,,,,,,,,,,,3,1,1,1.0,4.0
201800049303,0018-01-08 16:30:00,18,1,8,16,30,690,259,RD383   11.750 A 14.250,45.71645,4.85009,Plein jour,Hors agglomération,Hors intersection,Normale,Trois véhicules et plus - collisions multiples,,,,,,,,,,,1,1,1,1.0,5.0
201800049304,0018-01-11 13:45:00,18,1,11,13,45,690,266,RD383   3.750 A 7.640,45.75389,4.90792,Plein jour,Hors agglomération,Hors intersection,Normale,Trois véhicules et plus - en chaîne,,,,,,,,,,,1,1,1,1.0,4.0
201800049305,0018-01-13 03:10:00,18,1,13,3,10,690,199,RD383   14.250 A 18.000,45.694,4.84452,Nuit avec éclairage non allumé,Hors agglomération,Hors intersection,Normale,Sans collision,,,,,,,,,,,4,1,1,1.0,7.0
201800049306,0018-02-10 01:10:00,18,2,10,1,10,10,249,A42   6.290 A 8.310,45.48333,4.55591,Nuit sans éclairage public,Hors agglomération,Hors intersection,Pluie forte,Trois véhicules et plus - en chaîne,,,,,,,,,,,3,1,1,3.0,4.0
201800049307,0018-01-18 06:00:00,18,1,18,6,0,690,295,A46S   53.980 A 57.400,45.60105,4.85675,Nuit sans éclairage public,Hors agglomération,Hors intersection,Normale,Sans collision,,,,,,,,,,,3,1,1,1.0,7.0
201800049308,0018-01-19 21:50:00,18,1,19,21,50,690,29,RD383   7.640 A 11.044,45.73618,4.90172,Nuit avec éclairage allumé,Hors agglomération,Hors intersection,Pluie légère,Autre collision,,,,,,,,,,,5,1,1,2.0,6.0
201800049309,0018-12-17 10:45:00,18,12,17,10,45,10,275,A42  4.020 A 4.353   GEN,45.894,4.926,Plein jour,Hors agglomération,Hors intersection,Normale,Autre collision,,,,,,,,,,,1,1,1,1.0,6.0
201800049310,0018-01-18 19:30:00,18,1,18,19,30,690,385,A6   449.450 A 449.510,45.78253,4.78238,Nuit sans éclairage public,Hors agglomération,Hors intersection,Pluie légère,Deux véhicules - arrière,,,,,,,,,,,3,1,1,2.0,2.0
201800049311,0018-12-21 07:50:00,18,12,21,7,50,690,29,RD383   7.640 A 11.044,45.74042,4.90502,Crépuscule ou aube,Hors agglomération,Hors intersection,Normale,Deux véhicules - arrière,,,,,,,,,,,2,1,1,1.0,2.0
201800049312,0018-01-19 21:40:00,18,1,19,21,40,690,29,RD383   7.640 A 11.044,45.73712,4.90301,Nuit avec éclairage allumé,Hors agglomération,Hors intersection,Pluie légère,Autre collision,,,,,,,,,,,5,1,1,2.0,6.0
201800049313,0018-01-14 20:00:00,18,1,14,20,0,690,29,A43   0.550 A 3.353,45.72788,4.90643,Nuit sans éclairage public,Hors agglomération,Hors intersection,Normale,Trois véhicules et plus - en chaîne,,,,,,,,,,,3,1,1,1.0,4.0
201800049314,0018-01-23 08:35:00,18,1,23,8,35,690,290,A43   3.865 A 9.894,45.69266,4.98594,Plein jour,Hors agglomération,Hors intersection,Normale,Trois véhicules et plus - en chaîne,,,,,,,,,,,1,1,1,1.0,4.0
201800049315,0018-01-11 18:10:00,18,1,11,18,10,690,29,RD383   7.640 A 11.044,45.72,4.89,Nuit avec éclairage allumé,Hors agglomération,Hors intersection,Normale,Deux véhicules - arrière,,,,,,,,,,,5,1,1,1.0,2.0
201800049316,0018-01-24 11:15:00,18,1,24,11,15,690,282,RN346   34.350 A 34.850,45.76,4.98,Plein jour,Hors agglomération,Hors intersection,Normale,Trois véhicules et plus - en chaîne,,,,,,,,,,,1,1,1,1.0,4.0
201800049317,0018-01-28 07:25:00,18,1,28,7,25,690,295,A46S   53.980 A 57.400,,,Crépuscule ou aube,Hors agglomération,Hors intersection,Normale,Sans collision,,,,,,,,,,,2,1,1,1.0,7.0
201800049318,0018-02-01 14:35:00,18,2,1,14,35,690,382,A7   0.000 A 2.278,45.73176,4.81641,Plein jour,Hors agglomération,Hors intersection,Normale,Deux véhicules - arrière,,,,,,,,,,,1,1,1,1.0,2.0
201800049319,0018-02-01 14:20:00,18,2,1,14,20,690,29,RD383   7.640 A 11.044,45.7448,4.9064,Plein jour,Hors agglomération,Hors intersection,Normale,Trois véhicules et plus - en chaîne,,,,,,,,,,,1,1,1,1.0,4.0
201800049320,0018-01-29 19:00:00,18,1,29,19,0,690,290,A43   3.865 A 9.894,45.69905,4.97475,Crépuscule ou aube,Hors agglomération,Hors intersection,Pluie légère,Deux véhicules - arrière,,,,,,,,,,,2,1,1,2.0,2.0
201800049321,0018-02-04 18:55:00,18,2,4,18,55,690,283,A46S   43.680 A 47.880,45.67,4.95,Nuit sans éclairage public,Hors agglomération,Hors intersection,Normale,Autre collision,,,,,,,,,,,3,1,1,1.0,6.0
201800049322,0018-02-05 21:45:00,18,2,5,21,45,690,91,A47,,,Nuit sans éclairage public,Hors agglomération,Hors intersection,Normale,Sans collision,,,,,,,,,,,3,1,1,1.0,7.0
201800049323,0018-02-04 03:05:00,18,2,4,3,5,690,152,A7   4.270 A 5.756,45.7033,4.83458,Nuit avec éclairage allumé,Hors agglomération,Hors intersection,Normale,Deux véhicules - arrière,,,,,,,,,,,5,1,1,1.0,2.0
201800049324,0018-02-10 18:10:00,18,2,10,18,10,690,275,RN346   29.300 A 34.350,,,Nuit avec éclairage allumé,Hors agglomération,Autre intersection,Normale,Trois véhicules et plus - en chaîne,,,,,,,,,,,5,1,9,1.0,4.0
201800049325,0018-01-28 00:01:00,18,1,28,0,1,690,117,A6   439.400 A 442.500,,,Nuit sans éclairage public,Hors agglomération,Hors intersection,Normale,Deux véhicules - arrière,,,,,,,,,,,3,1,1,1.0,2.0
201800049326,0018-02-18 03:30:00,18,2,18,3,30,690,259,RD383   11.750 A 14.250,45.71999,4.88024,Nuit avec éclairage allumé,Hors agglomération,Hors intersection,Normale,Autre collision,,,,,,,,,,,5,1,1,1.0,6.0
201800049327,0018-01-26 22:25:00,18,1,26,22,25,380,87,A7,45.58261,4.80108,Nuit sans éclairage public,Hors agglomération,Hors intersection,Pluie légère,Deux véhicules - côté,,,,,,,,,,,3,1,1,2.0,3.0
201800049328,0018-01-29 21:10:00,18,1,29,21,10,690,163,A46N   2.930 A 7.065,,,Nuit avec éclairage allumé,Hors agglomération,Hors intersection,Normale,Deux véhicules - côté,,,,,,,,,,,5,1,1,1.0,3.0
201800049329,0018-02-23 02:00:00,18,2,23,2,0,690,259,RD383   11.750 A 14.250,45.71986,4.88014,Nuit avec éclairage allumé,Hors agglomération,Hors intersection,Normale,Deux véhicules - arrière,,,,,,,,,,,5,1,1,1.0,2.0
201800049330,0018-02-21 18:15:00,18,2,21,18,15,690,199,A7   7.000 A 8.630,45.68314,4.8471,Plein jour,Hors agglomération,Hors intersection,Normale,Trois véhicules et plus - en chaîne,,,,,,,,,,,1,1,1,1.0,4.0
201800049331,0018-02-23 20:25:00,18,2,23,20,25,690,199,RD383   14.250 A 18.000,45.69621,4.84489,Nuit sans éclairage public,Hors agglomération,Hors intersection,Normale,Deux véhicules - arrière,,,,,,,,,,,3,1,1,1.0,2.0
201800049332,0018-02-22 18:30:00,18,2,22,18,30,690,29,A43   0.550 A 3.353,45.72771,4.90692,Nuit avec éclairage allumé,Hors agglomération,Hors intersection,Normale,Deux véhicules - côté,,,,,,,,,,,5,1,1,1.0,3.0
201800049333,0018-01-25 07:30:00,18,1,25,7,30,10,49,A432N 9.125 A 9.900,45.84595,5.01384,Crépuscule ou aube,Hors agglomération,Autre intersection,Normale,Deux véhicules - arrière,,,,,,,,,,,2,1,9,1.0,2.0
201800049334,0018-02-26 09:10:00,18,2,26,9,10,690,259,BUS (RD301)  2.800 A 4.4,45.68486,4.879,Plein jour,Hors agglomération,Hors intersection,Normale,Trois véhicules et plus - en chaîne,,,,,,,,,,,1,1,1,1.0,4.0
201800049335,0018-02-24 10:50:00,18,2,24,10,50,690,259,RD383   11.750 A 14.250,45.71777,4.86257,Plein jour,En agglomération,Hors intersection,Normale,Deux véhicules - arrière,,,,,,,,,,,1,2,1,1.0,2.0
201800049336,0018-02-25 07:45:00,18,2,25,7,45,690,276,A7   8.630 A 10.992,45.67597,4.84775,Crépuscule ou aube,Hors agglomération,Autre intersection,Normale,Deux véhicules - arrière,,,,,,,,,,,2,1,9,1.0,2.0
201800049337,0018-03-02 20:35:00,18,3,2,20,35,690,256,A42     0.560 A 4.020,45.80243,4.92655,Nuit sans éclairage public,Hors agglomération,Autre intersection,Normale,Trois véhicules et plus - en chaîne,,,,,,,,,,,3,1,9,1.0,4.0
201800049338,0018-03-11 01:10:00,18,3,11,1,10,690,382,A7   0.000 A 2.278,45.74116,4.82426,Nuit avec éclairage allumé,Hors agglomération,Hors intersection,Normale,Deux véhicules - côté,,,,,,,,,,,5,1,1,1.0,3.0
201800049339,0018-05-18 15:30:00,18,5,18,15,30,380,87,A7,45.57316,4.8099,Plein jour,Hors agglomération,Hors intersection,Normale,Trois véhicules et plus - en chaîne,,,,,,,,,,,1,1,1,1.0,4.0
201800049340,0018-02-18 14:20:00,18,2,18,14,20,690,193,A7   29.920 A 31.960,45.52333,4.86019,Plein jour,Hors agglomération,Hors intersection,Normale,Deux véhicules - côté,,,,,,,,,,,1,1,1,1.0,3.0
201800049341,0018-03-12 20:00:00,18,3,12,20,0,690,29,RD383   7.640 A 11.044,45.73923,4.90439,Nuit avec éclairage allumé,Hors agglomération,Hors intersection,Normale,Deux véhicules - arrière,,,,,,,,,,,5,1,1,1.0,2.0
201800049342,0018-03-15 07:40:00,18,3,15,7,40,690,388,BPNL,45.79358,4.87711,Plein jour,Hors agglomération,Hors intersection,Normale,Trois véhicules et plus - en chaîne,,,,,,,,,,,1,1,1,1.0,4.0
201800049343,0018-03-15 18:30:00,18,3,15,18,30,690,29,A43   0.550 A 3.353,45.72302,4.92634,Nuit avec éclairage allumé,Hors agglomération,Hors intersection,Normale,Deux véhicules - arrière,,,,,,,,,,,5,1,1,1.0,2.0
201800049344,0018-02-27 18:30:00,18,2,27,18,30,690,266,RD383   3.750 A 7.640,45.77823,4.896,Crépuscule ou aube,Hors agglomération,Hors intersection,Normale,Deux véhicules - côté,,,,,,,,,,,2,1,1,1.0,3.0
201800049345,0018-03-10 05:15:00,18,3,10,5,15,690,276,BUS (RD301)   0.000 A 2.,45.68388,4.85472,Nuit avec éclairage allumé,Hors agglomération,Hors intersection,Pluie légère,Deux véhicules - arrière,,,,,,,,,,,5,1,1,2.0,2.0
201800049346,0018-03-15 12:30:00,18,3,15,12,30,690,256,RN346  S/N   25.686 A 29,45.80316,4.92623,Plein jour,Hors agglomération,Autre intersection,Pluie forte,Deux véhicules - côté,,,,,,,,,,,1,1,9,3.0,3.0
201800049347,0018-03-17 08:00:00,18,3,17,8,0,690,29,RD383   7.640 A 11.044,45.72901,4.89576,Plein jour,Hors agglomération,Hors intersection,Pluie légère,Sans collision,,,,,,,,,,,1,1,1,2.0,7.0
201800049348,0018-03-02 17:45:00,18,3,2,17,45,10,275,A46N 25.180 A 25.680,45.80677,4.92219,Plein jour,Hors agglomération,Hors intersection,Normale,Trois véhicules et plus - en chaîne,,,,,,,,,,,1,1,1,1.0,4.0
201800049349,0018-03-18 20:38:00,18,3,18,20,38,690,256,A42     0.560 A 4.020,45.79491,4.92657,Nuit sans éclairage public,Hors agglomération,Hors intersection,Normale,Deux véhicules - arrière,,,,,,,,,,,3,1,1,1.0,2.0
201800049350,0018-03-09 15:05:00,18,3,9,15,5,690,297,A7   15.770 A 20.110,45.60204,4.79653,Plein jour,Hors agglomération,Hors intersection,Normale,Trois véhicules et plus - en chaîne,,,,,,,,,,,1,1,1,1.0,4.0
201800049351,0018-03-25 06:20:00,18,3,25,6,20,690,29,A43   0.550 A 3.353,45.72623,4.91712,Nuit avec éclairage non allumé,Hors agglomération,Hors intersection,Normale,Autre collision,,,,,,,,,,,4,1,1,1.0,6.0
201800049352,0018-03-07 20:00:00,18,3,7,20,0,690,275,RN346   29.300 A 34.350,45.77397,4.98414,Nuit avec éclairage allumé,Hors agglomération,Hors intersection,Normale,Autre collision,,,,,,,,,,,5,1,1,1.0,6.0
201800049353,0018-03-27 09:30:00,18,3,27,9,30,690,29,RD383   7.640 A 11.044,45.73833,4.90432,Plein jour,Hors agglomération,Hors intersection,Normale,Trois véhicules et plus - en chaîne,,,,,,,,,,,1,1,1,1.0,4.0
201800049354,0018-03-29 07:11:00,18,3,29,7,11,690,34,BPNL   37.781 A 41.124,45.78881,4.86558,Nuit avec éclairage allumé,Hors agglomération,Hors intersection,Autre,Deux véhicules - arrière,,,,,,,,,,,5,1,1,9.0,2.0
201800049355,0018-03-28 10:15:00,18,3,28,10,15,690,275,RN346   29.300 A 34.350,45.77701,4.97637,Plein jour,Hors agglomération,Hors intersection,Normale,Deux véhicules - côté,,,,,,,,,,,1,1,1,1.0,3.0
201800049356,0018-03-31 09:00:00,18,3,31,9,0,690,81,A6   449.510 A 451.640,45.78002,4.7808,Plein jour,Hors agglomération,Hors intersection,Normale,Deux véhicules - arrière,,,,,,,,,,,1,1,1,1.0,2.0
201800049357,0018-04-04 19:10:00,18,4,4,19,10,690,266,RD383 2.321 A 3.750,45.78031,4.89431,Plein jour,Hors agglomération,Hors intersection,Pluie forte,Trois véhicules et plus - en chaîne,,,,,,,,,,,1,1,1,3.0,4.0
201800049358,0018-03-29 17:05:00,18,3,29,17,5,690,275,RN346   29.300 A 34.350,45.77721,4.97423,Plein jour,Hors agglomération,Hors intersection,Normale,Trois véhicules et plus - en chaîne,,,,,,,,,,,1,1,1,1.0,4.0
201800049359,0018-04-07 21:10:00,18,4,7,21,10,690,59,A46N 13.378 A 14.305,45.92838,4.74489,Nuit sans éclairage public,Hors agglomération,Hors intersection,Normale,Autre collision,,,,,,,,,,,3,1,1,1.0,6.0
201800049360,0018-04-07 22:55:00,18,4,7,22,55,10,376,A42   8.310 A 9.500,45.81802,4.98549,Nuit sans éclairage public,Hors agglomération,Hors intersection,Normale,Deux véhicules - arrière,,,,,,,,,,,3,1,1,1.0,2.0
201800049361,0018-04-09 16:30:00,18,4,9,16,30,690,266,RD383   3.750 A 7.640,45.75692,4.90894,Plein jour,Hors agglomération,Hors intersection,Normale,Trois véhicules et plus - collisions multiples,,,,,,,,,,,1,1,1,1.0,5.0
201800049362,0018-03-27 08:00:00,18,3,27,8,0,690,290,A43   3.865 A 9.894,45.6938,4.98406,Plein jour,Hors agglomération,Hors intersection,Normale,Trois véhicules et plus - en chaîne,,,,,,,,,,,1,1,1,1.0,4.0
201800049363,0018-01-21 07:30:00,18,1,21,7,30,690,297,A7   15.770 A 20.110,45.59973,4.79585,Nuit sans éclairage public,Hors agglomération,Hors intersection,Normale,Autre collision,,,,,,,,,,,3,1,1,1.0,6.0
201800049364,0018-04-20 17:30:00,18,4,20,17,30,690,152,A450   0.000 A 1.090,45.6931,4.8244,Plein jour,Hors agglomération,Hors intersection,Normale,Deux véhicules - arrière,,,,,,,,,,,1,1,1,1.0,2.0
201800049365,0018-04-21 02:10:00,18,4,21,2,10,690,142,A7   2.278 A 3.690,45.72305,4.81766,Nuit avec éclairage allumé,Hors agglomération,Hors intersection,Normale,Trois véhicules et plus - collisions multiples,,,,,,,,,,,5,1,1,1.0,5.0
201800049366,0018-04-18 09:00:00,18,4,18,9,0,690,382,A7   0.000 A 2.278,45.74409,4.82697,Plein jour,Hors agglomération,Hors intersection,Normale,Deux véhicules - arrière,,,,,,,,,,,1,1,1,1.0,2.0
201800049367,0018-04-02 21:20:00,18,4,2,21,20,690,116,A6   442.500 A 445.030,45.82629,4.76285,Nuit sans éclairage public,Hors agglomération,Autre intersection,Normale,Autre collision,,,,,,,,,,,3,1,9,1.0,6.0
201800049368,0018-04-27 02:25:00,18,4,27,2,25,690,149,A7   3.690 A 4.270,45.70909,4.82913,Nuit sans éclairage public,Hors agglomération,Hors intersection,Normale,Autre collision,,,,,,,,,,,3,1,1,1.0,6.0
201800049369,0018-03-23 07:45:00,18,3,23,7,45,690,287,A43   9.894 A 13.029,45.68971,4.99124,Plein jour,Hors agglomération,Hors intersection,Normale,Deux véhicules - arrière,,,,,,,,,,,1,1,1,1.0,2.0
201800049370,0018-04-26 10:09:00,18,4,26,10,9,690,297,A7   15.770 A 20.110,45.5927,4.79709,Plein jour,Hors agglomération,Hors intersection,Normale,Trois véhicules et plus - en chaîne,,,,,,,,,,,1,1,1,1.0,4.0
201800049371,0018-04-27 18:00:00,18,4,27,18,0,690,266,BPNL,45.7901,4.88441,Plein jour,Hors agglomération,Hors intersection,Normale,Trois véhicules et plus - collisions multiples,,,,,,,,,,,1,1,1,1.0,5.0
201800049372,0018-04-25 15:45:00,18,4,25,15,45,690,59,A46N   11.650 A 12.680,45.90816,4.8581,Plein jour,Hors agglomération,Hors intersection,Normale,Deux véhicules - arrière,,,,,,,,,,,1,1,1,1.0,2.0
201800049373,0018-04-25 19:10:00,18,4,25,19,10,690,382,A6   455.000 A 455.614,45.75271,4.81985,Plein jour,Hors agglomération,Hors intersection,Normale,Trois véhicules et plus - en chaîne,,,,,,,,,,,1,1,1,1.0,4.0
201800049374,0018-04-30 18:15:00,18,4,30,18,15,690,29,A43   0.550 A 3.353,45.7266,4.91533,Plein jour,Hors agglomération,Hors intersection,Normale,Trois véhicules et plus - en chaîne,,,,,,,,,,,1,1,1,1.0,4.0
201800049375,0018-04-18 06:10:00,18,4,18,6,10,690,270,A46S   47.880 A 49.160,45.65071,4.91949,Crépuscule ou aube,Hors agglomération,Hors intersection,Normale,Autre collision,,,,,,,,,,,2,1,1,1.0,6.0
201800049376,0018-04-19 07:15:00,18,4,19,7,15,690,385,A6   453.400 A 455.000,45.75,4.82,Crépuscule ou aube,Hors agglomération,Hors intersection,Normale,Trois véhicules et plus - en chaîne,,,,,,,,,,,2,1,1,1.0,4.0
201800049377,0018-05-08 11:10:00,18,5,8,11,10,690,295,A46S   53.980 A 57.400,45.61,4.87,Plein jour,Hors agglomération,Hors intersection,Normale,Autre collision,,,,,,,,,,,1,1,1,1.0,6.0
201800049378,0018-05-11 20:15:00,18,5,11,20,15,690,122,A6   433.690 A 435.100,45.91,4.72,Plein jour,Hors agglomération,Hors intersection,Normale,Deux véhicules - arrière,,,,,,,,,,,1,1,1,1.0,2.0
201800049379,0018-05-16 13:50:00,18,5,16,13,50,690,29,A43   0.550 A 3.353,45.72,4.9,Plein jour,Hors agglomération,Hors intersection,Normale,Trois véhicules et plus - en chaîne,,,,,,,,,,,1,1,1,1.0,4.0
201800049380,0018-05-06 19:35:00,18,5,6,19,35,690,288,A43   13.029 A 15.971,45.66758,5.04406,Plein jour,Hors agglomération,Hors intersection,Normale,Sans collision,,,,,,,,,,,1,1,1,1.0,7.0
201800049381,0018-05-20 02:10:00,18,5,20,2,10,690,294,A7   13.970 A 15.270,,,Nuit sans éclairage public,Hors agglomération,Hors intersection,Normale,Deux véhicules - arrière,,,,,,,,,,,3,1,1,1.0,2.0
201800049382,0018-05-20 16:45:00,18,5,20,16,45,690,34,BPNL   37.781 A 41.124,45.78822,4.86305,Plein jour,Hors agglomération,Hors intersection,Normale,Deux véhicules - arrière,,,,,,,,,,,1,1,1,1.0,2.0
201800049383,0018-05-23 20:45:00,18,5,23,20,45,690,275,RN346   29.300 A 34.350,45.77792,4.96749,Plein jour,Hors agglomération,Hors intersection,Normale,Deux véhicules - côté,,,,,,,,,,,1,1,1,1.0,3.0
201800049384,0018-05-30 20:25:00,18,5,30,20,25,690,286,A46N   N/S  25.680 A 25.,45.80576,4.92466,Crépuscule ou aube,Hors agglomération,Hors intersection,Pluie légère,Autre collision,,,,,,,,,,,2,1,1,2.0,6.0
201800049385,0018-05-26 01:15:00,18,5,26,1,15,690,277,RN346   36.215 A 38.000,45.73783,4.98388,Nuit sans éclairage public,Hors agglomération,Hors intersection,Normale,Trois véhicules et plus - en chaîne,,,,,,,,,,,3,1,1,1.0,4.0
201800049386,0018-05-31 18:10:00,18,5,31,18,10,690,27,A450   5.100 A 7.285,45.66316,4.75847,Plein jour,Hors agglomération,Hors intersection,Normale,Trois véhicules et plus - collisions multiples,,,,,,,,,,,1,1,1,1.0,5.0
201800049387,0018-05-23 21:55:00,18,5,23,21,55,380,184,A43,45.66527,5.05923,Nuit sans éclairage public,Hors agglomération,Hors intersection,Normale,Deux véhicules - arrière,,,,,,,,,,,3,1,1,1.0,2.0
201800049388,0018-06-03 15:00:00,18,6,3,15,0,690,281,A46S   49.160 A 53.980,45.60497,4.85936,Plein jour,Hors agglomération,Hors intersection,Normale,Trois véhicules et plus - en chaîne,,,,,,,,,,,1,1,1,1.0,4.0
201800049389,0018-05-30 21:00:00,18,5,30,21,0,690,266,BPNL,45.79133,4.88303,Crépuscule ou aube,Hors agglomération,Hors intersection,Pluie légère,Deux véhicules - côté,,,,,,,,,,,2,1,1,2.0,3.0
201800049390,0018-06-11 00:20:00,18,6,11,0,20,690,116,A89 543.943 A 544.593 CL,45.83781,4.75224,Nuit sans éclairage public,Hors agglomération,Hors intersection,Normale,Autre collision,,,,,,,,,,,3,1,1,1.0,6.0
201800049391,0018-06-04 23:50:00,18,6,4,23,50,690,273,BUS (RD301)   4.470 A 7.,45.67047,4.89841,Nuit sans éclairage public,Hors agglomération,Hors intersection,Normale,Deux véhicules - arrière,,,,,,,,,,,3,1,1,1.0,2.0
201800049392,0018-05-28 18:50:00,18,5,28,18,50,690,283,A46S   43.680 A 47.880,45.6715,4.93849,Plein jour,Hors agglomération,Hors intersection,Pluie forte,Deux véhicules - arrière,,,,,,,,,,,1,1,1,3.0,2.0
201800049393,0018-06-20 12:40:00,18,6,20,12,40,690,282,RD302   0.400 A 4.620,45.7526,5.01342,Plein jour,Hors agglomération,Hors intersection,Normale,Trois véhicules et plus - en chaîne,,,,,,,,,,,1,1,1,1.0,4.0
201800049394,0018-06-21 12:40:00,18,6,21,12,40,690,281,A46S   49.160 A 53.980,45.6234,4.8937,Plein jour,Hors agglomération,Hors intersection,Normale,Sans collision,,,,,,,,,,,1,1,1,1.0,7.0
201800049395,0018-06-21 13:00:00,18,6,21,13,0,690,295,A46S   53.980 A 57.400,45.61518,4.8863,Plein jour,Hors agglomération,Hors intersection,Normale,Autre collision,,,,,,,,,,,1,1,1,1.0,6.0