accident_id,datetime,annee,mois,jour,heure,minute,departement,commune_insee,adresse,latitude,longitude,luminosite,agglomeration,intersection,meteo,collision,nb_vehicules,nb_usagers,nb_indemnes,nb_tues,nb_blesses_hosp,nb_blesses_legers,age_cond_1,age_cond_2,veh_type_cond_1,veh_type_cond_2,lum_code,agg_code,int_code,atm_code,col_code
201800049750,0018-03-20 08:05:00,18,3,20,8,5,130,55,Tunnel Joliette Marseill,43.30515,5.36547,Plein jour,Hors agglomération,Hors intersection,Normale,Trois véhicules et plus - en chaîne,,,,,,,,,,,1,1,1,1.0,4.0
201800049751,0018-03-19 17:20:00,18,3,19,17,20,130,117,A7-Sens Lyon vers Marsei,,,Plein jour,Hors agglomération,Hors intersection,Normale,Trois véhicules et plus - en chaîne,,,,,,,,,,,1,1,1,1.0,4.0
201800049752,0018-03-18 17:00:00,18,3,18,17,0,130,19,A51-Sens Aix en Provence,43.4168,5.36516,Plein jour,Hors agglomération,Hors intersection,Normale,Deux véhicules - côté,,,,,,,,,,,1,1,1,1.0,3.0
201800049753,0018-03-20 19:15:00,18,3,20,19,15,130,1,A51-Sens Marseille vers,43.48851,5.4077,Nuit sans éclairage public,Hors agglomération,Hors intersection,Normale,Deux véhicules - côté,,,,,,,,,,,3,1,1,1.0,3.0
201800049754,0018-03-23 08:00:00,18,3,23,8,0,130,55,A7-Sens Marseille vers L,43.35788,5.36281,Plein jour,Hors agglomération,Hors intersection,Normale,Sans collision,,,,,,,,,,,1,1,1,1.0,7.0
201800049755,0018-03-23 08:30:00,18,3,23,8,30,130,71,A7-Sens Lyon vers Marsei,43.40677,5.32895,Plein jour,Hors agglomération,Intersection en Y,Normale,Autre collision,,,,,,,,,,,1,1,4,1.0,6.0
201800049756,0018-03-21 10:30:00,18,3,21,10,30,130,71,A55-Sens Martigues vers,43.38897,5.30384,Plein jour,Hors agglomération,Hors intersection,Neige / grêle,Deux véhicules - arrière,,,,,,,,,,,1,1,1,4.0,2.0
201800049757,0018-03-23 13:15:00,18,3,23,13,15,130,55,A7-Sens Marseille vers L,43.33337,5.37765,Plein jour,Hors agglomération,Hors intersection,Normale,Deux véhicules - arrière,,,,,,,,,,,1,1,1,1.0,2.0
201800049758,0018-03-23 16:25:00,18,3,23,16,25,130,55,A7-Sens Lyon vers Marsei,,,Plein jour,Hors agglomération,Hors intersection,Normale,Deux véhicules - côté,,,,,,,,,,,1,1,1,1.0,3.0
201800049759,0018-03-24 05:25:00,18,3,24,5,25,130,117,A7-Sens Lyon vers Marsei,,,Nuit sans éclairage public,Hors agglomération,Hors intersection,Normale,Deux véhicules - côté,,,,,,,,,,,3,1,1,1.0,3.0
201800049760,0018-03-24 13:05:00,18,3,24,13,5,130,71,A7-Sens Lyon vers Marsei,43.41146,5.28272,Plein jour,Hors agglomération,Hors intersection,Normale,Trois véhicules et plus - collisions multiples,,,,,,,,,,,1,1,1,1.0,5.0
201800049761,0018-03-24 16:15:00,18,3,24,16,15,130,71,A51-Sens Marseille vers,43.41443,5.36483,Plein jour,Hors agglomération,Hors intersection,Normale,Deux véhicules - arrière,,,,,,,,,,,1,1,1,1.0,2.0
201800049762,0018-03-24 21:50:00,18,3,24,21,50,130,117,A7-Sens Lyon vers Marsei,43.4369,5.25262,Nuit sans éclairage public,Hors agglomération,Hors intersection,Normale,Trois véhicules et plus - en chaîne,,,,,,,,,,,3,1,1,1.0,4.0
201800049763,0018-03-26 13:31:00,18,3,26,13,31,130,55,A55-Sens Martigues vers,43.33085,5.35424,Plein jour,Hors agglomération,Autre intersection,Normale,Autre collision,,,,,,,,,,,1,1,9,1.0,6.0
201800049764,0018-03-28 08:30:00,18,3,28,8,30,130,71,A7-Sens Lyon vers Marsei,,,Plein jour,Hors agglomération,Hors intersection,Normale,Deux véhicules - arrière,,,,,,,,,,,1,1,1,1.0,2.0
201800049765,0018-03-28 17:00:00,18,3,28,17,0,130,55,A50-Sens Marseille vers,,,Crépuscule ou aube,Hors agglomération,Hors intersection,Normale,Trois véhicules et plus - en chaîne,,,,,,,,,,,2,1,1,1.0,4.0
201800049766,0018-03-29 19:20:00,18,3,29,19,20,130,71,A7-Sens Marseille vers L,,,Crépuscule ou aube,Hors agglomération,Autre intersection,Normale,Deux véhicules - arrière,,,,,,,,,,,2,1,9,1.0,2.0
201800049767,0018-03-28 20:05:00,18,3,28,20,5,130,26,A55-Sens Martigues vers,43.39245,5.13044,Nuit sans éclairage public,Hors agglomération,Hors intersection,Normale,Sans collision,,,,,,,,,,,3,1,1,1.0,7.0
201800049768,0018-03-30 13:00:00,18,3,30,13,0,130,55,A50-Sens Aubagne vers Ma,43.294,5.47121,Plein jour,Hors agglomération,Hors intersection,Normale,Deux véhicules - côté,,,,,,,,,,,1,1,1,1.0,3.0
201800049769,0018-03-29 19:00:00,18,3,29,19,0,130,71,A7-Sens Lyon vers Marsei,43.41624,5.27623,Crépuscule ou aube,Hors agglomération,Hors intersection,Normale,Trois véhicules et plus - en chaîne,,,,,,,,,,,2,1,1,1.0,4.0
201800049770,0018-03-26 08:30:00,18,3,26,8,30,130,211,A50-Sens Aubagne vers Ma,43.28785,5.50236,Plein jour,Hors agglomération,Hors intersection,Normale,Deux véhicules - côté,,,,,,,,,,,1,1,1,1.0,3.0
201800049771,0018-03-29 15:15:00,18,3,29,15,15,130,71,A7-Sens Marseille vers L,43.41039,5.28473,Plein jour,Hors agglomération,Autre intersection,Normale,Trois véhicules et plus - en chaîne,,,,,,,,,,,1,1,9,1.0,4.0
201800049772,0018-03-31 21:45:00,18,3,31,21,45,130,55,A55-Sens Martigues vers,43.3194,5.3636,Nuit sans éclairage public,Hors agglomération,Hors intersection,Normale,Autre collision,,,,,,,,,,,3,1,1,1.0,6.0
201800049773,0018-03-31 07:50:00,18,3,31,7,50,130,5,A50-Sens Aubagne vers Ma,,,Plein jour,Hors agglomération,Hors intersection,Normale,Sans collision,,,,,,,,,,,1,1,1,1.0,7.0
201800049774,0018-04-03 10:55:00,18,4,3,10,55,130,15,A51-Sens Aix en Provence,,,Plein jour,Hors agglomération,Autre intersection,Normale,Autre collision,,,,,,,,,,,1,1,9,1.0,6.0
201800049775,0018-04-04 14:50:00,18,4,4,14,50,130,55,A7 Sens Marseille Lyon,43.37791,5.35717,Plein jour,En agglomération,Autre intersection,Normale,Trois véhicules et plus - en chaîne,,,,,,,,,,,1,2,9,1.0,4.0
201800049776,0018-04-06 12:30:00,18,4,6,12,30,130,56,A55-Sens Martigues vers,43.2416,5.02256,Plein jour,Hors agglomération,Hors intersection,Normale,Autre collision,,,,,,,,,,,1,1,1,1.0,6.0
201800049777,0018-04-06 05:47:00,18,4,6,5,47,130,55,Tunnel Prado Carnage,43.28277,5.39154,Nuit avec éclairage allumé,Hors agglomération,Hors intersection,Normale,Autre collision,,,,,,,,,,,5,1,1,1.0,6.0
201800049778,0018-04-06 16:55:00,18,4,6,16,55,130,71,A55-Sens Martigues vers,43.37562,5.31895,Plein jour,Hors agglomération,Hors intersection,Normale,Trois véhicules et plus - en chaîne,,,,,,,,,,,1,1,1,1.0,4.0
201800049779,0018-04-06 17:00:00,18,4,6,17,0,130,55,Tunnel Joliette Marseill,,,Plein jour,Hors agglomération,Hors intersection,Temps éblouissant,Deux véhicules - arrière,,,,,,,,,,,1,1,1,7.0,2.0
201800049780,0018-04-06 17:55:00,18,4,6,17,55,130,5,A50-Sens Aubagne vers Ma,,,Plein jour,Hors agglomération,Hors intersection,Normale,Trois véhicules et plus - en chaîne,,,,,,,,,,,1,1,1,1.0,4.0
201800049781,0018-04-05 18:45:00,18,4,5,18,45,130,55,A50-Sens Marseille vers,,,Plein jour,Hors agglomération,Hors intersection,Normale,Sans collision,,,,,,,,,,,1,1,1,1.0,7.0
201800049782,0018-04-09 13:50:00,18,4,9,13,50,130,5,A50-Sens Marseille vers,43.28457,5.57172,Plein jour,Hors agglomération,Hors intersection,Normale,Sans collision,,,,,,,,,,,1,1,1,1.0,7.0
201800049783,0018-04-05 15:40:00,18,4,5,15,40,130,55,A7-Sens Lyon vers Marsei,43.33988,5.37629,Plein jour,Hors agglomération,Autre intersection,Normale,Deux véhicules - arrière,,,,,,,,,,,1,1,9,1.0,2.0
201800049784,0018-04-11 00:15:00,18,4,11,0,15,130,55,A7-Sens Lyon vers Marsei,43.32115,5.37734,Nuit sans éclairage public,Hors agglomération,Hors intersection,Normale,Deux véhicules - frontale,,,,,,,,,,,3,1,1,1.0,1.0
201800049785,0018-04-11 10:40:00,18,4,11,10,40,130,55,A55-Sens Martigues vers,,,Plein jour,Hors agglomération,Hors intersection,Normale,Autre collision,,,,,,,,,,,1,1,1,1.0,6.0
201800049786,0018-04-12 04:18:00,18,4,12,4,18,130,55,Tunnel Prado Carnage,43.1728,5.2158,Nuit avec éclairage allumé,En agglomération,Hors intersection,Pluie légère,Autre collision,,,,,,,,,,,5,2,1,2.0,6.0
201800049787,0018-04-12 08:50:00,18,4,12,8,50,130,55,A55-Sens Marseille vers,,,Plein jour,Hors agglomération,Hors intersection,Pluie légère,Autre collision,,,,,,,,,,,1,1,1,2.0,6.0
201800049788,0018-04-11 20:25:00,18,4,11,20,25,130,5,A50 - Sens Aubagne vers,43.27841,5.58629,Nuit sans éclairage public,Hors agglomération,Hors intersection,Pluie forte,Autre collision,,,,,,,,,,,3,1,1,3.0,6.0
201800049789,0018-04-10 12:50:00,18,4,10,12,50,130,71,A7-Sens Lyon vers Marsei,43.4047,5.3399,Plein jour,Hors agglomération,Hors intersection,Normale,Deux véhicules - arrière,,,,,,,,,,,1,1,1,1.0,2.0
201800049790,0018-04-14 05:30:00,18,4,14,5,30,130,26,A55-Sens Martigues vers,43.3896,5.13717,Nuit sans éclairage public,Hors agglomération,Hors intersection,Normale,Deux véhicules - arrière,,,,,,,,,,,3,1,1,1.0,2.0
201800049791,0018-04-13 17:10:00,18,4,13,17,10,130,55,A7-Sens Lyon vers Marsei,43.36892,5.36075,Plein jour,Hors agglomération,Hors intersection,Normale,Deux véhicules - arrière,,,,,,,,,,,1,1,1,1.0,2.0
201800049792,0018-04-12 19:00:00,18,4,12,19,0,130,5,A502-Sens Toulon par R.N,43.2841,5.5913,Plein jour,Hors agglomération,Hors intersection,Pluie forte,Trois véhicules et plus - en chaîne,,,,,,,,,,,1,1,1,3.0,4.0
201800049793,0018-04-16 07:20:00,18,4,16,7,20,130,55,A7-Sens Marseille vers L,43.33451,5.37739,Plein jour,Hors agglomération,Hors intersection,Normale,Deux véhicules - côté,,,,,,,,,,,1,1,1,1.0,3.0
201800049794,0018-04-17 03:15:00,18,4,17,3,15,130,55,A55-Sens Marseille vers,43.35798,5.34524,Nuit sans éclairage public,Hors agglomération,Hors intersection,Normale,Sans collision,,,,,,,,,,,3,1,1,1.0,7.0
201800049795,0018-04-17 07:25:00,18,4,17,7,25,130,55,A7-Sens Lyon vers Marsei,43.35735,5.36261,Plein jour,Hors agglomération,Hors intersection,Normale,Sans collision,,,,,,,,,,,1,1,1,1.0,7.0
201800049796,0018-04-17 07:25:00,18,4,17,7,25,130,55,A7-Sens Lyon vers Marsei,43.32247,5.37785,Plein jour,Hors agglomération,Hors intersection,Normale,Trois véhicules et plus - en chaîne,,,,,,,,,,,1,1,1,1.0,4.0
201800049797,0018-04-16 18:40:00,18,4,16,18,40,130,1,A51-Sens Aix en Provence,,,Crépuscule ou aube,Hors agglomération,Hors intersection,Normale,Deux véhicules - arrière,,,,,,,,,,,2,1,1,1.0,2.0
201800049798,0018-04-17 18:00:00,18,4,17,18,0,130,5,Sens Aubagne vers Ma,43.28511,5.52522,Plein jour,Hors agglomération,Hors intersection,Normale,Trois véhicules et plus - en chaîne,,,,,,,,,,,1,1,1,1.0,4.0
201800049799,0018-04-19 17:30:00,18,4,19,17,30,130,71,A7-Sens Marseille vers L,43.41369,5.28042,Plein jour,Hors agglomération,Hors intersection,Normale,Trois véhicules et plus - en chaîne,,,,,,,,,,,1,1,1,1.0,4.0
201800049800,0018-04-19 13:00:00,18,4,19,13,0,130,55,A50-Sens Marseille vers,43.29008,5.44776,Plein jour,Hors agglomération,Hors intersection,Normale,Autre collision,,,,,,,,,,,1,1,1,1.0,6.0
201800049801,0018-04-19 18:00:00,18,4,19,18,0,130,71,A7-Sens Lyon vers Marsei,43.40562,5.32135,Plein jour,Hors agglomération,Hors intersection,Normale,Deux véhicules - arrière,,,,,,,,,,,1,1,1,1.0,2.0
201800049802,0018-04-18 22:35:00,18,4,18,22,35,130,55,A50-Sens Marseille vers,43.29266,5.47389,Nuit sans éclairage public,Hors agglomération,Hors intersection,Normale,Autre collision,,,,,,,,,,,3,1,1,1.0,6.0
201800049803,0018-04-18 08:50:00,18,4,18,8,50,130,5,A50-Sens Marseille vers,,,Plein jour,Hors agglomération,Hors intersection,Normale,Autre collision,,,,,,,,,,,1,1,1,1.0,6.0
201800049804,0018-04-21 00:45:00,18,4,21,0,45,130,55,A7-Sens Lyon vers Marsei,43.35968,5.36191,Nuit sans éclairage public,Hors agglomération,Hors intersection,Normale,Autre collision,,,,,,,,,,,3,1,1,1.0,6.0
201800049805,0018-04-21 13:50:00,18,4,21,13,50,130,117,A7-Sens Marseille vers L,,,Plein jour,Hors agglomération,Hors intersection,Normale,Autre collision,,,,,,,,,,,1,1,1,1.0,6.0
201800049806,0018-04-21 12:45:00,18,4,21,12,45,130,55,A50-Sens Aubagne vers Ma,,,Plein jour,Hors agglomération,Hors intersection,Normale,Trois véhicules et plus - en chaîne,,,,,,,,,,,1,1,1,1.0,4.0
201800049807,0018-04-21 10:25:00,18,4,21,10,25,130,55,Sens Marseille vers,43.28732,5.43864,Plein jour,Hors agglomération,Hors intersection,Normale,Trois véhicules et plus - en chaîne,,,,,,,,,,,1,1,1,1.0,4.0
201800049808,0018-04-22 17:18:00,18,4,22,17,18,130,55,A7-Sens Lyon vers Marsei,43.19132,5.2239,Plein jour,Hors agglomération,Hors intersection,Normale,Trois véhicules et plus - en chaîne,,,,,,,,,,,1,1,1,1.0,4.0
201800049809,0018-04-19 09:00:00,18,4,19,9,0,130,55,A7-Sens Lyon vers Marsei,43.33701,5.37689,Plein jour,Hors agglomération,Hors intersection,Normale,Deux véhicules - côté,,,,,,,,,,,1,1,1,1.0,3.0
201800049810,0018-04-23 08:30:00,18,4,23,8,30,130,15,A51-Sens Marseille vers,43.28033,5.24263,Crépuscule ou aube,Hors agglomération,Hors intersection,Normale,Trois véhicules et plus - collisions multiples,,,,,,,,,,,2,1,1,1.0,5.0
201800049811,0018-04-24 10:30:00,18,4,24,10,30,130,56,A55-Sens Marseille vers,43.40223,5.04238,Plein jour,Hors agglomération,Autre intersection,Normale,Deux véhicules - arrière,,,,,,,,,,,1,1,9,1.0,2.0
201800049812,0018-04-27 21:00:00,18,4,27,21,0,130,55,A55-Sens Martigues vers,43.31031,5.36578,Nuit sans éclairage public,Hors agglomération,Hors intersection,Normale,Deux véhicules - arrière,,,,,,,,,,,3,1,1,1.0,2.0
201800049813,0018-04-30 09:00:00,18,4,30,9,0,130,5,A50-Sens Aubagne vers Ma,,,Plein jour,Hors agglomération,Hors intersection,Normale,Trois véhicules et plus - en chaîne,,,,,,,,,,,1,1,1,1.0,4.0
201800049814,0018-05-01 01:05:00,18,5,1,1,5,130,71,A7-Sens Marseille vers L,43.40537,5.31974,Nuit sans éclairage public,Hors agglomération,Hors intersection,Normale,Trois véhicules et plus - en chaîne,,,,,,,,,,,3,1,1,1.0,4.0
201800049815,0018-05-01 00:55:00,18,5,1,0,55,130,71,A7-Sens Marseille vers L,43.40505,5.3186,Nuit sans éclairage public,Hors agglomération,Autre intersection,Normale,Deux véhicules - arrière,,,,,,,,,,,3,1,9,1.0,2.0
201800049816,0018-04-30 20:20:00,18,4,30,20,20,130,22,A50-Sens Aubagne vers To,43.238,5.591,Crépuscule ou aube,Hors agglomération,Hors intersection,Temps couvert,Autre collision,,,,,,,,,,,2,1,1,8.0,6.0
201800049817,0018-04-29 18:50:00,18,4,29,18,50,130,71,A51-Sens Marseille vers,43.4167,5.3653,Plein jour,Hors agglomération,Hors intersection,Pluie légère,Autre collision,,,,,,,,,,,1,1,1,2.0,6.0
201800049818,0018-05-01 04:45:00,18,5,1,4,45,130,55,A55-Sens Marseille vers,43.3363,5.35167,Nuit sans éclairage public,Hors agglomération,Hors intersection,Normale,Deux véhicules - arrière,,,,,,,,,,,3,1,1,1.0,2.0
201800049819,0018-05-02 11:20:00,18,5,2,11,20,130,19,A51-Sens Marseille vers,43.4167,5.3654,Plein jour,Hors agglomération,Hors intersection,Pluie légère,Deux véhicules - arrière,,,,,,,,,,,1,1,1,2.0,2.0
201800049820,0018-05-03 22:20:00,18,5,3,22,20,130,81,A7-Sens Lyon vers Marsei,43.49285,5.23963,Nuit sans éclairage public,Hors agglomération,Hors intersection,Normale,Deux véhicules - côté,,,,,,,,,,,3,1,1,1.0,3.0
201800049821,0018-05-04 08:08:00,18,5,4,8,8,130,15,A51-Sens Marseille vers,43.45778,5.40177,Plein jour,Hors agglomération,Hors intersection,Normale,Autre collision,,,,,,,,,,,1,1,1,1.0,6.0
201800049822,0018-05-03 18:20:00,18,5,3,18,20,130,71,A51-Sens Aix en Provence,43.41344,5.36443,Plein jour,Hors agglomération,Hors intersection,Normale,Deux véhicules - arrière,,,,,,,,,,,1,1,1,1.0,2.0
201800049823,0018-05-08 20:00:00,18,5,8,20,0,130,1,A51-Sens Marseille vers,43.5114,5.4211,Plein jour,Hors agglomération,Hors intersection,Normale,Deux véhicules - arrière,,,,,,,,,,,1,1,1,1.0,2.0
201800049824,0018-05-09 05:12:00,18,5,9,5,12,130,55,A7-Sens Marseille vers L,43.20301,5.22354,Nuit avec éclairage non allumé,Hors agglomération,Hors intersection,Normale,Autre collision,,,,,,,,,,,4,1,1,1.0,6.0
201800049825,0018-05-10 01:40:00,18,5,10,1,40,130,85,A50-Sens Toulon vers Aub,43.15503,5.35177,Nuit sans éclairage public,Hors agglomération,Hors intersection,Normale,Autre collision,,,,,,,,,,,3,1,1,1.0,6.0
201800049826,0018-05-10 01:10:00,18,5,10,1,10,130,26,A55-Sens Martigues*vers,43.40203,5.10642,Nuit sans éclairage public,Hors agglomération,Hors intersection,Normale,Autre collision,,,,,,,,,,,3,1,1,1.0,6.0
201800049827,0018-05-09 20:10:00,18,5,9,20,10,130,85,A50-Sens Toulon vers Aub,43.2522,5.59551,Crépuscule ou aube,Hors agglomération,Hors intersection,Pluie légère,Deux véhicules - côté,,,,,,,,,,,2,1,1,2.0,3.0
201800049828,0018-05-07 23:47:00,18,5,7,23,47,130,56,A507 sens Aubagne- Marse,43.29868,5.42497,Nuit avec éclairage allumé,Hors agglomération,Hors intersection,Normale,Autre collision,,,,,,,,,,,5,1,1,1.0,6.0
201800049829,0018-05-12 20:52:00,18,5,12,20,52,130,56,A507 sens Marseille - Au,43.32995,5.41031,Crépuscule ou aube,Hors agglomération,Hors intersection,Normale,Deux véhicules - côté,,,,,,,,,,,2,1,1,1.0,3.0
201800049830,0018-05-14 09:47:00,18,5,14,9,47,130,55,A50-Sens Aubagne vers Ma,43.29282,5.45433,Plein jour,Hors agglomération,Hors intersection,Pluie légère,Deux véhicules - côté,,,,,,,,,,,1,1,1,2.0,3.0
201800049831,0018-05-14 08:10:00,18,5,14,8,10,130,71,A55 - Sens Marseille ver,43.37808,5.31769,Plein jour,Hors agglomération,Hors intersection,Pluie légère,Trois véhicules et plus - collisions multiples,,,,,,,,,,,1,1,1,2.0,5.0
201800049832,0018-05-15 08:25:00,18,5,15,8,25,130,117,A7-Sens Lyon vers Marsei,43.26302,5.14502,Plein jour,Hors agglomération,Hors intersection,Pluie légère,Trois véhicules et plus - en chaîne,,,,,,,,,,,1,1,1,2.0,4.0
201800049833,0018-05-15 08:10:00,18,5,15,8,10,130,71,A7-Sens Marseille vers L,,,Plein jour,Hors agglomération,Hors intersection,Pluie légère,Trois véhicules et plus - en chaîne,,,,,,,,,,,1,1,1,2.0,4.0
201800049834,0018-05-15 08:50:00,18,5,15,8,50,130,55,A7-Sens Marseille vers L,43.32799,5.37819,Plein jour,Hors agglomération,Hors intersection,Pluie légère,Trois véhicules et plus - en chaîne,,,,,,,,,,,1,1,1,2.0,4.0
201800049835,0018-05-15 13:50:00,18,5,15,13,50,130,71,A7-Sens Marseille vers L,,,Plein jour,Hors agglomération,Autre intersection,Normale,Trois véhicules et plus - collisions multiples,,,,,,,,,,,1,1,9,1.0,5.0
201800049836,0018-05-15 15:25:00,18,5,15,15,25,130,26,A55-Sens Marseille vers,,,Plein jour,Hors agglomération,Autre intersection,Normale,Deux véhicules - arrière,,,,,,,,,,,1,1,9,1.0,2.0
201800049837,0018-05-15 16:40:00,18,5,15,16,40,130,26,A55-Sens Martigues vers,,,Plein jour,Hors agglomération,Autre intersection,Normale,Deux véhicules - arrière,,,,,,,,,,,1,1,9,1.0,2.0
201800049838,0018-05-13 11:40:00,18,5,13,11,40,130,71,A51-Sens Aix en Provence,43.4057,5.3212,Plein jour,Hors agglomération,Hors intersection,Pluie forte,Deux véhicules - arrière,,,,,,,,,,,1,1,1,3.0,2.0
201800049839,0018-05-16 23:50:00,18,5,16,23,50,130,55,A7-Sens Marseille vers L,43.34329,5.37596,Nuit sans éclairage public,Hors agglomération,Hors intersection,Normale,Deux véhicules - arrière,,,,,,,,,,,3,1,1,1.0,2.0
201800049840,0018-05-17 18:00:00,18,5,17,18,0,130,55,S10CM-Sens Marseille ver,43.28381,5.40281,Plein jour,Hors agglomération,Hors intersection,Normale,Deux véhicules - arrière,,,,,,,,,,,1,1,1,1.0,2.0
201800049841,0018-05-15 20:40:00,18,5,15,20,40,130,55,A50-Sens Marseille vers,43.28502,5.419,Crépuscule ou aube,Hors agglomération,Hors intersection,Normale,Deux véhicules - côté,,,,,,,,,,,2,1,1,1.0,3.0
201800049842,0018-05-18 13:30:00,18,5,18,13,30,130,55,Tunnel Joliette Marseill,43.29359,5.36292,Plein jour,Hors agglomération,Hors intersection,Normale,Trois véhicules et plus - en chaîne,,,,,,,,,,,1,1,1,1.0,4.0
201800049843,0018-05-18 15:10:00,18,5,18,15,10,130,55,A7-Sens Lyon vers Marsei,43.3264,5.37825,Plein jour,Hors agglomération,Hors intersection,Normale,Deux véhicules - arrière,,,,,,,,,,,1,1,1,1.0,2.0
201800049844,0018-05-18 16:40:00,18,5,18,16,40,130,106,A7-Sens Lyon vers Marsei,43.39704,5.35009,Plein jour,Hors agglomération,Hors intersection,Normale,Deux véhicules - arrière,,,,,,,,,,,1,1,1,1.0,2.0
201800049845,0018-05-18 18:00:00,18,5,18,18,0,130,55,A50-Sens Marseille vers,43.29306,5.47524,Plein jour,Hors agglomération,Hors intersection,Normale,Deux véhicules - arrière,,,,,,,,,,,1,1,1,1.0,2.0
201800049846,0018-05-18 18:00:00,18,5,18,18,0,130,70,A50-Sens Aubagne vers Ma,43.24428,5.59441,Plein jour,Hors agglomération,Hors intersection,Normale,Trois véhicules et plus - en chaîne,,,,,,,,,,,1,1,1,1.0,4.0
201800049847,0018-05-21 15:05:00,18,5,21,15,5,130,55,A55-Sens Marseille vers,43.33418,5.35415,Plein jour,Hors agglomération,Hors intersection,Pluie légère,Deux véhicules - côté,,,,,,,,,,,1,1,1,2.0,3.0
201800049848,0018-05-23 08:23:00,18,5,23,8,23,130,55,A50-Sens Aubagne vers Ma,43.29483,5.42632,Plein jour,Hors agglomération,Hors intersection,Normale,Deux véhicules - arrière,,,,,,,,,,,1,1,1,1.0,2.0
201800049849,0018-05-24 07:00:00,18,5,24,7,0,130,56,A507 sens Aubagne- Marse,43.3191,5.4226,Plein jour,Hors agglomération,Hors intersection,Normale,Deux véhicules - arrière,,,,,,,,,,,1,1,1,1.0,2.0
201800049850,0018-05-24 10:45:00,18,5,24,10,45,130,70,A50-Sens Aubagne vers Ma,43.2854,5.5155,Plein jour,Hors agglomération,Hors intersection,Normale,Trois véhicules et plus - en chaîne,,,,,,,,,,,1,1,1,1.0,4.0
201800049851,0018-05-24 10:45:00,18,5,24,10,45,130,55,TVPCM-Sens Saint Victor,43.29928,5.35778,Plein jour,Hors agglomération,Hors intersection,Normale,Deux véhicules - arrière,,,,,,,,,,,1,1,1,1.0,2.0
201800049852,0018-05-24 17:30:00,18,5,24,17,30,130,55,A50-Sens Marseille vers,43.28464,5.41499,Plein jour,Hors agglomération,Hors intersection,Normale,Deux véhicules - arrière,,,,,,,,,,,1,1,1,1.0,2.0
201800049853,0018-05-16 17:15:00,18,5,16,17,15,130,71,A51-Sens Marseille vers,43.41214,5.36437,Plein jour,Hors agglomération,Hors intersection,Normale,Deux véhicules - arrière,,,,,,,,,,,1,1,1,1.0,2.0
201800049854,0018-05-22 08:15:00,18,5,22,8,15,130,106,A7-Sens Marseille vers L,43.3885,5.3511,Plein jour,Hors agglomération,Hors intersection,Temps couvert,Deux véhicules - arrière,,,,,,,,,,,1,1,1,8.0,2.0
201800049855,0018-05-26 04:55:00,18,5,26,4,55,130,88,A55-Sens Martigues vers,43.39162,5.25971,Nuit sans éclairage public,Hors agglomération,Autre intersection,Normale,Autre collision,,,,,,,,,,,3,1,9,1.0,6.0
201800049856,0018-05-25 16:40:00,18,5,25,16,40,130,55,Tunnel Prado Carnage,43.28336,5.38954,Plein jour,Hors agglomération,Hors intersection,Normale,Trois véhicules et plus - en chaîne,,,,,,,,,,,1,1,1,1.0,4.0
201800049857,0018-05-25 15:20:00,18,5,25,15,20,130,55,A50-Sens Marseille vers,43.28889,5.38954,Plein jour,Hors agglomération,Hors intersection,Normale,Sans collision,,,,,,,,,,,1,1,1,1.0,7.0
201800049858,0018-05-28 18:30:00,18,5,28,18,30,130,55,A7-Sens Lyon vers Marsei,43.35149,5.367,Plein jour,Hors agglomération,Hors intersection,Normale,Deux véhicules - arrière,,,,,,,,,,,1,1,1,1.0,2.0
201800049859,0018-05-28 18:30:00,18,5,28,18,30,130,81,A7-Sens Marseille vers L,43.48852,5.24052,Plein jour,Hors agglomération,Hors intersection,Normale,Deux véhicules - arrière,,,,,,,,,,,1,1,1,1.0,2.0
201800049860,0018-05-29 15:20:00,18,5,29,15,20,130,55,A7-Sens Lyon vers Marsei,43.37669,5.35867,Plein jour,Hors agglomération,Hors intersection,Normale,Sans collision,,,,,,,,,,,1,1,1,1.0,7.0
201800049861,0018-05-30 17:25:00,18,5,30,17,25,130,106,A51-Sens Aix en Provence,43.39863,5.35268,Plein jour,Hors agglomération,Hors intersection,Temps couvert,Deux véhicules - côté,,,,,,,,,,,1,1,1,8.0,3.0
201800049862,0018-05-31 17:15:00,18,5,31,17,15,130,55,A7-Sens Marseille vers L,43.28567,5.24308,Plein jour,Hors agglomération,Hors intersection,Normale,Deux véhicules - côté,,,,,,,,,,,1,1,1,1.0,3.0
201800049863,0018-05-31 20:45:00,18,5,31,20,45,130,55,A7-Sens Lyon vers Marsei,43.2209,5.2139,Crépuscule ou aube,Hors agglomération,Hors intersection,Normale,Deux véhicules - côté,,,,,,,,,,,2,1,1,1.0,3.0
201800049864,0018-04-29 19:00:00,18,4,29,19,0,130,215,A55-Sens Marseille vers,,,Plein jour,Hors agglomération,Hors intersection,Normale,Autre collision,,,,,,,,,,,1,1,1,1.0,6.0
201800049865,0018-05-31 10:55:00,18,5,31,10,55,130,55,A55-Sens Marseille vers,43.32392,5.36283,Plein jour,Hors agglomération,Hors intersection,Normale,Trois véhicules et plus - en chaîne,,,,,,,,,,,1,1,1,1.0,4.0