accident_id,datetime,annee,mois,jour,heure,minute,departement,commune_insee,adresse,latitude,longitude,luminosite,agglomeration,intersection,meteo,collision,nb_vehicules,nb_usagers,nb_indemnes,nb_tues,nb_blesses_hosp,nb_blesses_legers,age_cond_1,age_cond_2,veh_type_cond_1,veh_type_cond_2,lum_code,agg_code,int_code,atm_code,col_code
201800050334,0018-11-03 10:30:00,18,11,3,10,30,750,101,QUAI DES TUILERIES,48.86102,2.32968,Plein jour,En agglomération,Intersection en T,Normale,Autre collision,,,,,,,,,,,1,2,3,1.0,6.0
201800050335,0018-11-07 19:35:00,18,11,7,19,35,750,101,RUE SAINT HONORE,48.86642,2.32875,Nuit avec éclairage allumé,En agglomération,Hors intersection,Normale,Autre collision,,,,,,,,,,,5,2,1,1.0,6.0
201800050336,0018-11-12 11:15:00,18,11,12,11,15,750,109,RUE AUBER,,,Plein jour,En agglomération,Intersection en X,Pluie légère,Deux véhicules - arrière,,,,,,,,,,,1,2,2,2.0,2.0
201800050337,0018-11-17 12:00:00,18,11,17,12,0,750,101,RUE DE RIVOLI,48.85854,2.34825,Plein jour,En agglomération,Intersection en X,Normale,Deux véhicules - côté,,,,,,,,,,,1,2,2,1.0,3.0
201800050338,0018-11-22 09:05:00,18,11,22,9,5,750,101,RUE COQ HERON,48.864,2.341,Plein jour,En agglomération,Intersection en X,Temps couvert,Deux véhicules - côté,,,,,,,,,,,1,2,2,8.0,3.0
201800050339,0018-11-25 14:20:00,18,11,25,14,20,750,101,QUAI FRANCOIS MITTERRAND,48.86,2.33,Plein jour,En agglomération,Hors intersection,Pluie forte,Deux véhicules - arrière,,,,,,,,,,,1,2,1,3.0,2.0
201800050340,0018-11-28 07:50:00,18,11,28,7,50,750,101,BOULEVARD DU PALAIS,48.85598,2.34635,Nuit avec éclairage allumé,En agglomération,Intersection en X,Pluie légère,Deux véhicules - côté,,,,,,,,,,,5,2,2,2.0,3.0
201800050341,0018-11-30 09:22:00,18,11,30,9,22,750,101,RUE SAINT HONORE,48.8609,2.34519,Plein jour,En agglomération,Hors intersection,Temps couvert,Autre collision,,,,,,,,,,,1,2,1,8.0,6.0
201800050342,0018-12-01 18:45:00,18,12,1,18,45,750,101,RUE DES PYRAMIDES,48.86,2.33,Nuit avec éclairage allumé,En agglomération,Intersection en X,Normale,Autre collision,,,,,,,,,,,5,2,2,1.0,6.0
201800050343,0018-12-02 15:15:00,18,12,2,15,15,750,101,RUE DE RIVOLI,48.85933,2.34524,Plein jour,En agglomération,Intersection en T,Pluie légère,Autre collision,,,,,,,,,,,1,2,3,2.0,6.0
201800050344,0018-12-04 08:20:00,18,12,4,8,20,750,101,RUE DE RIVOLI,48.85867,2.34769,Plein jour,En agglomération,Intersection en T,Pluie légère,Autre collision,,,,,,,,,,,1,2,3,2.0,6.0
201800050345,0018-12-07 18:00:00,18,12,7,18,0,750,101,RUE DU LOUVRE,48.86228,2.34142,Nuit sans éclairage public,En agglomération,Intersection en T,Normale,Deux véhicules - côté,,,,,,,,,,,3,2,3,1.0,3.0
201800050346,0018-12-10 09:30:00,18,12,10,9,30,750,101,RUE DE RIVOLI,48.86088,2.3408,Plein jour,En agglomération,Intersection en X,Normale,Deux véhicules - côté,,,,,,,,,,,1,2,2,1.0,3.0
201800050347,0018-12-13 14:50:00,18,12,13,14,50,750,101,RUE DE RIVOLI,48.86094,2.34076,Plein jour,En agglomération,Intersection en X,Normale,Deux véhicules - arrière,,,,,,,,,,,1,2,2,1.0,2.0
201800050348,0018-12-19 13:00:00,18,12,19,13,0,750,101,RUE SAINT HONORE,48.86146,2.3424,Plein jour,En agglomération,Intersection en T,Normale,Autre collision,,,,,,,,,,,1,2,3,1.0,6.0
201800050349,0018-12-30 14:00:00,18,12,30,14,0,750,102,RUE DES PETITS CHAMPS,48.86746,2.3343,Plein jour,En agglomération,Intersection en X,Temps couvert,Autre collision,,,,,,,,,,,1,2,2,8.0,6.0
201800050350,0018-01-09 17:00:00,18,1,9,17,0,750,102,PLACE DE L OPERA,48.8706,2.33206,Crépuscule ou aube,En agglomération,Place,Pluie légère,Deux véhicules - frontale,,,,,,,,,,,2,2,7,2.0,1.0
201800050351,0018-01-13 21:10:00,18,1,13,21,10,750,102,"3, RUE DU QUATRE SEPTEMB",48.8692,2.33864,Nuit avec éclairage non allumé,En agglomération,Intersection en X,Normale,Deux véhicules - côté,,,,,,,,,,,4,2,2,1.0,3.0
201800050352,0018-01-26 17:25:00,18,1,26,17,25,750,102,"46, RUE POISSONNIERE",48.8707,2.34788,Crépuscule ou aube,En agglomération,Intersection en X,Normale,Deux véhicules - côté,,,,,,,,,,,2,2,2,1.0,3.0
201800050353,0018-01-27 17:30:00,18,1,27,17,30,750,102,"43, AVENUE DE L OPERA",48.8692,2.33288,Crépuscule ou aube,En agglomération,Intersection en X,Temps couvert,Deux véhicules - arrière,,,,,,,,,,,2,2,2,8.0,2.0
201800050354,0018-01-28 14:50:00,18,1,28,14,50,750,102,"15, RUE SAINT AUGUSTIN",48.8689,2.33667,Plein jour,En agglomération,Intersection en X,Normale,Deux véhicules - côté,,,,,,,,,,,1,2,2,1.0,3.0
201800050355,0018-02-01 15:30:00,18,2,1,15,30,750,102,"7, PLACE DE LA BOURSE",48.8687,2.34133,Plein jour,En agglomération,Place,Temps couvert,Deux véhicules - côté,,,,,,,,,,,1,2,7,8.0,3.0
201800050356,0018-02-02 10:45:00,18,2,2,10,45,750,102,"16, RUE DU CAIRE",48.8674,2.35151,Plein jour,En agglomération,Intersection en X,Normale,Autre collision,,,,,,,,,,,1,2,2,1.0,6.0
201800050357,0018-02-02 17:30:00,18,2,2,17,30,750,102,RUE REAUMUR,48.8678,2.34537,Crépuscule ou aube,En agglomération,Intersection en X,Normale,Autre collision,,,,,,,,,,,2,2,2,1.0,6.0
201800050358,0018-02-07 15:40:00,18,2,7,15,40,750,102,"99, BOULEVARD DE SEBASTO",48.8662,2.35251,Plein jour,En agglomération,Intersection en X,Neige / grêle,Trois véhicules et plus - en chaîne,,,,,,,,,,,1,2,2,4.0,4.0
201800050359,0018-02-12 09:20:00,18,2,12,9,20,750,101,"19, RUE DU LOUVRE",48.8647,2.34275,Plein jour,En agglomération,Hors intersection,Normale,Deux véhicules - côté,,,,,,,,,,,1,2,1,1.0,3.0
201800050360,0018-02-24 17:20:00,18,2,24,17,20,750,102,"15, BOULEVARD MONTMARTRE",48.8717,2.34163,Plein jour,En agglomération,Intersection en T,Normale,Deux véhicules - côté,,,,,,,,,,,1,2,3,1.0,3.0
201800050361,0018-03-26 17:30:00,18,3,26,17,30,750,102,RUE VIVIENNE,48.8694,2.34032,Plein jour,En agglomération,Intersection en T,Normale,Autre collision,,,,,,,,,,,1,2,3,1.0,6.0
201800050362,0018-04-02 21:20:00,18,4,2,21,20,750,101,PLACE DU CHATELET,48.8577,2.34776,Nuit avec éclairage allumé,En agglomération,Place,Pluie légère,Deux véhicules - arrière,,,,,,,,,,,5,2,7,2.0,2.0
201800050363,0018-04-06 14:50:00,18,4,6,14,50,750,102,"2, PLACE DE L OPERA",48.8703,2.33244,Plein jour,En agglomération,Place,Normale,Deux véhicules - côté,,,,,,,,,,,1,2,7,1.0,3.0
201800050364,0018-04-06 16:30:00,18,4,6,16,30,750,103,"41, RUE REAUMUR",48.866,2.35376,Plein jour,En agglomération,Intersection en X,Normale,Deux véhicules - côté,,,,,,,,,,,1,2,2,1.0,3.0
201800050365,0018-04-12 19:25:00,18,4,12,19,25,750,101,"20, RUE COQUILLIERE",48.8639,2.34233,Plein jour,En agglomération,Intersection en T,Pluie légère,Deux véhicules - côté,,,,,,,,,,,1,2,3,2.0,3.0
201800050366,0018-04-16 20:45:00,18,4,16,20,45,750,102,"35, RUE DU LOUVRE",48.8668,2.34383,Nuit avec éclairage allumé,En agglomération,Intersection à plus de 4 branches,Normale,Autre collision,,,,,,,,,,,5,2,5,1.0,6.0
201800050367,0018-04-22 05:20:00,18,4,22,5,20,750,102,"112, RUE REAUMUR",48.8678,2.34537,Nuit avec éclairage allumé,En agglomération,Intersection en X,Normale,Deux véhicules - arrière,,,,,,,,,,,5,2,2,1.0,2.0
201800050368,0018-05-05 19:00:00,18,5,5,19,0,750,102,"3, PLACE DE L OPERA",48.8702,2.3322,Plein jour,En agglomération,Place,Normale,Autre collision,,,,,,,,,,,1,2,7,1.0,6.0
201800050369,0018-05-14 17:25:00,18,5,14,17,25,750,102,PLACE DE L OPERA,48.8703,2.33244,Plein jour,En agglomération,Place,Temps couvert,Deux véhicules - côté,,,,,,,,,,,1,2,7,8.0,3.0
201800050370,0018-05-28 19:20:00,18,5,28,19,20,750,102,"111, RUE REAUMUR",48.8682,2.34361,Crépuscule ou aube,En agglomération,Intersection en X,Pluie forte,Deux véhicules - côté,,,,,,,,,,,2,2,2,3.0,3.0
201800050371,0018-06-12 19:23:00,18,6,12,19,23,750,104,"27, RUE DE TURENNE",48.8564,2.36422,Plein jour,En agglomération,Hors intersection,Normale,Autre collision,,,,,,,,,,,1,2,1,1.0,6.0
201800050372,0018-06-14 19:50:00,18,6,14,19,50,750,102,", BOULEVARD DE SEBASTOPO",48.8662,2.35251,Plein jour,En agglomération,Intersection en X,Normale,Deux véhicules - côté,,,,,,,,,,,1,2,2,1.0,3.0
201800050373,0018-06-16 13:50:00,18,6,16,13,50,750,103,"40, RUE PASTOURELLE",48.8631,2.35876,Plein jour,En agglomération,Hors intersection,Normale,Deux véhicules - côté,,,,,,,,,,,1,2,1,1.0,3.0
201800050374,0018-06-17 16:10:00,18,6,17,16,10,750,102,"27, BOULEVARD DES CAPUCI",48.8702,2.32993,Plein jour,En agglomération,Intersection en X,Normale,Deux véhicules - côté,,,,,,,,,,,1,2,2,1.0,3.0
201800050375,0018-06-19 12:55:00,18,6,19,12,55,750,102,"10, RUE SAINT AUGUSTIN",48.8689,2.33667,Plein jour,En agglomération,Intersection en X,Normale,Autre collision,,,,,,,,,,,1,2,2,1.0,6.0
201800050376,0018-06-23 15:20:00,18,6,23,15,20,750,102,"15, BOULEVARD DES ITALIE",48.8715,2.33704,Plein jour,En agglomération,Intersection en T,Normale,Trois véhicules et plus - en chaîne,,,,,,,,,,,1,2,3,1.0,4.0
201800050377,0018-07-09 09:40:00,18,7,9,9,40,750,103,"1, RUE DU GRENIER SAINT",48.8627,2.35426,Plein jour,En agglomération,Intersection en X,Normale,Sans collision,,,,,,,,,,,1,2,2,1.0,7.0
201800050378,0018-07-15 12:30:00,18,7,15,12,30,750,103,"11, BOULEVARD SAINT MART",48.8682,2.36095,Plein jour,En agglomération,Hors intersection,Normale,Deux véhicules - arrière,,,,,,,,,,,1,2,1,1.0,2.0
201800050379,0018-07-24 19:40:00,18,7,24,19,40,750,102,RUE MONTMARTRE,48.867,2.343,Plein jour,En agglomération,Intersection en T,Normale,Autre collision,,,,,,,,,,,1,2,3,1.0,6.0
201800050380,0018-08-08 09:10:00,18,8,8,9,10,750,103,RUE DE BRETAGNE,48.862,2.362,Plein jour,En agglomération,Intersection en X,Normale,Deux véhicules - côté,,,,,,,,,,,1,2,2,1.0,3.0
201800050381,0018-08-17 10:35:00,18,8,17,10,35,750,102,RUE DE TURBIGO,48.8,2.34,Plein jour,En agglomération,Intersection en X,Normale,Autre collision,,,,,,,,,,,1,2,2,1.0,6.0
201800050382,0018-08-21 14:50:00,18,8,21,14,50,750,103,BOULEVARD BEAUMARCHAIS,48.86082,2.36699,Plein jour,En agglomération,Intersection en T,Normale,Sans collision,,,,,,,,,,,1,2,3,1.0,7.0
201800050383,0018-08-21 18:25:00,18,8,21,18,25,750,102,RUE ETIENNE MARCEL,48.86425,2.34787,Plein jour,En agglomération,Hors intersection,Normale,Autre collision,,,,,,,,,,,1,2,1,1.0,6.0
201800050384,0018-08-24 15:50:00,18,8,24,15,50,750,102,BOULEVARD DE BONNE NOUVE,48.86964,2.35202,Plein jour,En agglomération,Hors intersection,Normale,Deux véhicules - côté,,,,,,,,,,,1,2,1,1.0,3.0
201800050385,0018-09-04 09:10:00,18,9,4,9,10,750,102,RUE DUSSOUBS,,,Plein jour,En agglomération,Intersection en T,Normale,Autre collision,,,,,,,,,,,1,2,3,1.0,6.0
201800050386,0018-09-04 14:45:00,18,9,4,14,45,750,102,AVENUE DE L OPERA,48.86942,2.33303,Plein jour,En agglomération,Intersection en T,Temps couvert,Deux véhicules - côté,,,,,,,,,,,1,2,3,8.0,3.0
201800050387,0018-09-13 17:00:00,18,9,13,17,0,750,103,RUE DE TURENNE,48.86148,2.36467,Plein jour,En agglomération,Intersection en T,Normale,Deux véhicules - côté,,,,,,,,,,,1,2,3,1.0,3.0
201800050388,0018-09-21 09:25:00,18,9,21,9,25,750,103,BOULEVARD BEAUMARCHAIS,48.86066,2.3673,Plein jour,En agglomération,Intersection en T,Temps couvert,Sans collision,,,,,,,,,,,1,2,3,8.0,7.0
201800050389,0018-09-27 13:20:00,18,9,27,13,20,750,102,BOULEVARD SAINT DENIS,48.86947,2.3529,Plein jour,En agglomération,Hors intersection,Normale,Deux véhicules - arrière,,,,,,,,,,,1,2,1,1.0,2.0
201800050390,0018-10-01 19:05:00,18,10,1,19,5,750,103,RUE DE TURBIGO,48.8656,2.35599,Crépuscule ou aube,En agglomération,Intersection en Y,Normale,Deux véhicules - côté,,,,,,,,,,,2,2,4,1.0,3.0
201800050391,0018-10-02 18:00:00,18,10,2,18,0,750,103,RUE DES HAUDRIETTES,,,Crépuscule ou aube,En agglomération,Intersection en X,Pluie légère,Autre collision,,,,,,,,,,,2,2,2,2.0,6.0
201800050392,0018-10-05 17:30:00,18,10,5,17,30,750,102,PLACE DE L OPERA,48.87024,2.33256,Plein jour,En agglomération,Place,Normale,Deux véhicules - côté,,,,,,,,,,,1,2,7,1.0,3.0
201800050393,0018-10-05 20:30:00,18,10,5,20,30,750,104,RUE BEAUBOURG,48.861,2.3534,Nuit avec éclairage allumé,En agglomération,Intersection en X,Normale,Autre collision,,,,,,,,,,,5,2,2,1.0,6.0
201800050394,0018-10-09 12:10:00,18,10,9,12,10,750,102,RUE VIVIENNE,48.86995,2.34045,Plein jour,En agglomération,Intersection en X,Normale,Autre collision,,,,,,,,,,,1,2,2,1.0,6.0
201800050395,0018-10-15 15:25:00,18,10,15,15,25,750,104,RUE SAINT ANTOINE,48.85469,2.36282,Plein jour,En agglomération,Intersection en X,Normale,Autre collision,,,,,,,,,,,1,2,2,1.0,6.0
201800050396,0018-10-23 09:30:00,18,10,23,9,30,750,102,RUE DES CAPUCINES,48.86934,2.32892,Plein jour,En agglomération,Hors intersection,Normale,Autre collision,,,,,,,,,,,1,2,1,1.0,6.0
201800050397,0018-10-30 18:20:00,18,10,30,18,20,750,102,RUE DE LA BOURSE,48.86935,2.34025,Nuit avec éclairage allumé,En agglomération,Intersection en T,Normale,Autre collision,,,,,,,,,,,5,2,3,1.0,6.0
201800050398,0018-10-31 08:20:00,18,10,31,8,20,750,104,BOULEVARD MORLAND,48.84932,2.36419,Plein jour,En agglomération,Intersection en T,Temps couvert,Deux véhicules - côté,,,,,,,,,,,1,2,3,8.0,3.0
201800050399,0018-11-02 08:55:00,18,11,2,8,55,750,102,BOULEVARD DES CAPUCINES,48.871,2.33,Plein jour,En agglomération,Place,Normale,Autre collision,,,,,,,,,,,1,2,7,1.0,6.0
201800050400,0018-11-02 20:40:00,18,11,2,20,40,750,102,RUE DU MAIL,48.86665,2.34192,Nuit avec éclairage allumé,En agglomération,Hors intersection,Normale,Autre collision,,,,,,,,,,,5,2,1,1.0,6.0
201800050401,0018-11-02 13:50:00,18,11,2,13,50,750,103,BOULEVARD BEAUMARCHAIS,48.85685,2.36797,Plein jour,En agglomération,Intersection en T,Normale,Autre collision,,,,,,,,,,,1,2,3,1.0,6.0
201800050402,0018-11-06 18:00:00,18,11,6,18,0,750,102,PLACE DE L OPERA,48.87,2.33,Crépuscule ou aube,En agglomération,Place,Normale,Deux véhicules - côté,,,,,,,,,,,2,2,7,1.0,3.0
201800050403,0018-11-10 18:20:00,18,11,10,18,20,750,104,QUAI DES CELESTINS,48.8519,2.3614,Nuit avec éclairage allumé,En agglomération,Hors intersection,Temps couvert,Deux véhicules - côté,,,,,,,,,,,5,2,1,8.0,3.0
201800050404,0018-11-16 19:35:00,18,11,16,19,35,750,102,BOULEVARD DES CAPUCINES,48.87082,2.33367,Crépuscule ou aube,En agglomération,Hors intersection,Normale,Deux véhicules - côté,,,,,,,,,,,2,2,1,1.0,3.0
201800050405,0018-11-19 08:45:00,18,11,19,8,45,750,102,AVENUE DE L OPERA,48.8698,2.3326,Plein jour,En agglomération,Hors intersection,Normale,Sans collision,,,,,,,,,,,1,2,1,1.0,7.0
201800050406,0018-11-21 17:10:00,18,11,21,17,10,750,102,PLACE DE LA BOURSE,48.86,2.34,Crépuscule ou aube,En agglomération,Place,Normale,Autre collision,,,,,,,,,,,2,2,7,1.0,6.0
201800050407,0018-11-30 19:20:00,18,11,30,19,20,750,102,AVENUE DE L OPERA,,,Nuit avec éclairage allumé,En agglomération,Intersection en Y,Normale,Deux véhicules - côté,,,,,,,,,,,5,2,4,1.0,3.0
201800050408,0018-12-01 13:20:00,18,12,1,13,20,750,103,RUE SAINT MARTIN,48.863,2.3524,Plein jour,En agglomération,Intersection en X,Pluie légère,Autre collision,,,,,,,,,,,1,2,2,2.0,6.0
201800050409,0018-12-13 09:00:00,18,12,13,9,0,750,103,RUE DES FILLES DU CALVAI,48.8623,2.3651,Plein jour,En agglomération,Hors intersection,Normale,Autre collision,,,,,,,,,,,1,2,1,1.0,6.0
201800050410,0018-12-16 13:15:00,18,12,16,13,15,750,102,BOULEVARD SAINT DENIS,48.86948,2.35338,Plein jour,En agglomération,Intersection à plus de 4 branches,Temps couvert,Autre collision,,,,,,,,,,,1,2,5,8.0,6.0
201800050411,0018-12-28 18:55:00,18,12,28,18,55,750,104,RUE SAINT ANTOINE,48.85,2.36,Nuit avec éclairage allumé,En agglomération,Intersection en T,Normale,Autre collision,,,,,,,,,,,5,2,3,1.0,6.0
201800050412,0018-01-05 18:40:00,18,1,5,18,40,750,103,"11, RUE DE LA PERLE",48.8598,2.36096,Nuit avec éclairage allumé,En agglomération,Hors intersection,Normale,Autre collision,,,,,,,,,,,5,2,1,1.0,6.0
201800050413,0018-01-13 19:45:00,18,1,13,19,45,750,103,"58, BOULEVARD DE SEBASTO",48.8634,2.35094,Nuit avec éclairage allumé,En agglomération,Intersection en X,Normale,Deux véhicules - côté,,,,,,,,,,,5,2,2,1.0,3.0
201800050414,0018-01-23 15:27:00,18,1,23,15,27,750,103,"68, BOULEVARD DE SEBASTO",48.8641,2.35136,Plein jour,En agglomération,Intersection en T,Normale,Deux véhicules - arrière,,,,,,,,,,,1,2,3,1.0,2.0
201800050415,0018-01-24 11:30:00,18,1,24,11,30,750,103,"57, RUE DE TURBIGO",48.8657,2.35688,Plein jour,En agglomération,Intersection en X,Normale,Autre collision,,,,,,,,,,,1,2,2,1.0,6.0
201800050416,0018-01-25 23:10:00,18,1,25,23,10,750,103,"12, RUE DES FRANCS BOURG",48.8569,2.36282,Nuit avec éclairage allumé,En agglomération,Intersection en X,Normale,Autre collision,,,,,,,,,,,5,2,2,1.0,6.0
201800050417,0018-01-26 07:30:00,18,1,26,7,30,750,103,"187, RUE SAINT MARTIN",48.8632,2.35248,Crépuscule ou aube,En agglomération,Intersection en X,Normale,Autre collision,,,,,,,,,,,2,2,2,1.0,6.0
201800050418,0018-01-29 21:30:00,18,1,29,21,30,750,101,RUE DE RIVOLI,48.8615,2.33907,Nuit avec éclairage allumé,En agglomération,Intersection en X,Normale,Deux véhicules - côté,,,,,,,,,,,5,2,2,1.0,3.0
201800050419,0018-01-31 17:50:00,18,1,31,17,50,750,103,"15, RUE DU GRENIER SAINT",48.8628,2.35331,Nuit avec éclairage allumé,En agglomération,Intersection en X,Normale,Autre collision,,,,,,,,,,,5,2,2,1.0,6.0
201800050420,0018-02-02 14:36:00,18,2,2,14,36,750,103,"1, RUE SAINT CLAUDE",48.8601,2.36743,Plein jour,En agglomération,Intersection en T,Pluie légère,Autre collision,,,,,,,,,,,1,2,3,2.0,6.0
201800050421,0018-02-05 09:20:00,18,2,5,9,20,750,103,"13, PLACE DE LA REPUBLIQ",48.8673,2.36338,Plein jour,En agglomération,Place,Neige / grêle,Deux véhicules - côté,,,,,,,,,,,1,2,7,4.0,3.0
201800050422,0018-02-05 23:00:00,18,2,5,23,0,750,103,BOULEVARD DE SEBASTOPOL,48.8644,2.3515,Nuit avec éclairage allumé,En agglomération,Intersection en X,Pluie légère,Autre collision,,,,,,,,,,,5,2,2,2.0,6.0
201800050423,0018-02-08 18:10:00,18,2,8,18,10,750,103,RUE DU TEMPLE,48.8673,2.36338,Nuit avec éclairage allumé,En agglomération,Place,Normale,Autre collision,,,,,,,,,,,5,2,7,1.0,6.0
201800050424,0018-02-09 08:50:00,18,2,9,8,50,750,103,"56, RUE DE TURENNE",48.8588,2.36448,Plein jour,En agglomération,Intersection en T,Normale,Autre collision,,,,,,,,,,,1,2,3,1.0,6.0
201800050425,0018-02-13 19:50:00,18,2,13,19,50,750,103,"170, RUE DU TEMPLE",48.8668,2.36178,Nuit avec éclairage allumé,En agglomération,Intersection en Y,Pluie légère,Deux véhicules - arrière,,,,,,,,,,,5,2,4,2.0,2.0
201800050426,0018-02-16 14:20:00,18,2,16,14,20,750,103,"13, RUE AUX OURS",48.8632,2.35164,Plein jour,En agglomération,Intersection en X,Normale,Deux véhicules - côté,,,,,,,,,,,1,2,2,1.0,3.0
201800050427,0018-03-03 21:00:00,18,3,3,21,0,750,104,"48, RUE DE RIVOLI",48.8569,2.3538,Nuit avec éclairage allumé,En agglomération,Intersection en T,Temps couvert,Sans collision,,,,,,,,,,,5,2,3,8.0,7.0
201800050428,0018-03-04 19:50:00,18,3,4,19,50,750,103,"170, RUE DU TEMPLE",48.8668,2.36178,Nuit avec éclairage allumé,En agglomération,Intersection en Y,Temps couvert,Autre collision,,,,,,,,,,,5,2,4,8.0,6.0
201800050429,0018-03-07 07:00:00,18,3,7,7,0,750,103,", BOULEVARD DE SEBASTOPO",48.8634,2.35094,Nuit avec éclairage allumé,En agglomération,Intersection en X,Pluie légère,Deux véhicules - côté,,,,,,,,,,,5,2,2,2.0,3.0
201800050430,0018-03-07 08:35:00,18,3,7,8,35,750,103,BOULEVARD DE SEBASTOPOL,48.8634,2.35094,Plein jour,En agglomération,Intersection en X,Pluie légère,Deux véhicules - côté,,,,,,,,,,,1,2,2,2.0,3.0
201800050431,0018-03-13 12:30:00,18,3,13,12,30,750,102,"4, PLACE DE L OPERA",48.8703,2.33244,Plein jour,En agglomération,Place,Normale,Deux véhicules - côté,,,,,,,,,,,1,2,7,1.0,3.0
201800050432,0018-03-17 15:10:00,18,3,17,15,10,750,103,"38, RUE DE BRETAGNE",48.8629,2.36252,Plein jour,En agglomération,Intersection en X,Neige / grêle,Autre collision,,,,,,,,,,,1,2,2,4.0,6.0
201800050433,0018-03-24 22:00:00,18,3,24,22,0,750,104,RUE DE LA VERRERIE,48.8584,2.3519,Nuit avec éclairage allumé,En agglomération,Intersection en X,Normale,Deux véhicules - arrière,,,,,,,,,,,5,2,2,1.0,2.0
201800050434,0018-03-26 09:10:00,18,3,26,9,10,750,103,"64, RUE REAUMUR",48.866,2.35344,Plein jour,En agglomération,Intersection en X,Normale,Deux véhicules - côté,,,,,,,,,,,1,2,2,1.0,3.0
201800050435,0018-03-28 15:40:00,18,3,28,15,40,750,103,"15, PLACE DE LA REPUBLIQ",48.8673,2.36338,Plein jour,En agglomération,Place,Temps couvert,Autre collision,,,,,,,,,,,1,2,7,8.0,6.0
201800050436,0018-03-29 06:40:00,18,3,29,6,40,750,103,"92, BOULEVARD DE SEBASTO",48.8662,2.35251,Nuit avec éclairage allumé,En agglomération,Intersection en X,Normale,Deux véhicules - côté,,,,,,,,,,,5,2,2,1.0,3.0
201800050437,0018-03-29 09:50:00,18,3,29,9,50,750,103,"97, RUE DE TURENNE",48.8613,2.36456,Plein jour,En agglomération,Intersection en X,Normale,Autre collision,,,,,,,,,,,1,2,2,1.0,6.0
201800050438,0018-04-03 19:00:00,18,4,3,19,0,750,103,"20, RUE DES FRANCS BOURG",48.8572,2.36175,Plein jour,En agglomération,Intersection en X,Temps couvert,Deux véhicules - côté,,,,,,,,,,,1,2,2,8.0,3.0
201800050439,0018-04-05 20:40:00,18,4,5,20,40,750,103,"23, PLACE DE LA REPUBLIQ",48.868,2.36223,Nuit avec éclairage allumé,En agglomération,Place,Normale,Deux véhicules - côté,,,,,,,,,,,5,2,7,1.0,3.0
201800050440,0018-04-06 22:00:00,18,4,6,22,0,750,103,"53, RUE DE TURENNE",48.8581,2.36446,Nuit avec éclairage allumé,En agglomération,Intersection en T,Normale,Deux véhicules - côté,,,,,,,,,,,5,2,3,1.0,3.0
201800050441,0018-04-13 15:00:00,18,4,13,15,0,750,103,"103, BOULEVARD BEAUMARCH",48.8601,2.36743,Plein jour,En agglomération,Intersection en Y,Normale,Deux véhicules - arrière,,,,,,,,,,,1,2,4,1.0,2.0
201800050442,0018-04-16 19:40:00,18,4,16,19,40,750,103,"167, RUE DU TEMPLE",48.8647,2.35967,Plein jour,En agglomération,Intersection en X,Normale,Sans collision,,,,,,,,,,,1,2,2,1.0,7.0
201800050443,0018-04-18 22:10:00,18,4,18,22,10,750,104,QUAI DE L HOTEL DE VILLE,48.8552,2.3528,Nuit avec éclairage allumé,En agglomération,Intersection en T,Normale,Autre collision,,,,,,,,,,,5,2,3,1.0,6.0
201800050444,0018-04-20 18:00:00,18,4,20,18,0,750,103,RUE BEAUBOURG,48.8614,2.35356,Plein jour,En agglomération,Hors intersection,Normale,Deux véhicules - côté,,,,,,,,,,,1,2,1,1.0,3.0
201800050445,0018-04-20 22:40:00,18,4,20,22,40,750,103,"78, RUE VIEILLE DU TEMPL",48.8599,2.36073,Nuit avec éclairage allumé,En agglomération,Intersection en X,Normale,Autre collision,,,,,,,,,,,5,2,2,1.0,6.0
201800050446,0018-04-23 09:40:00,18,4,23,9,40,750,103,"22, RUE DES FRANCS BOURG",48.8575,2.3611,Plein jour,En agglomération,Hors intersection,Normale,Deux véhicules - côté,,,,,,,,,,,1,2,1,1.0,3.0
201800050447,0018-04-24 18:55:00,18,4,24,18,55,750,103,"3, RUE DU PARC ROYAL",48.8583,2.3638,Plein jour,En agglomération,Intersection en T,Normale,Deux véhicules - côté,,,,,,,,,,,1,2,3,1.0,3.0
201800050448,0018-04-25 14:30:00,18,4,25,14,30,750,110,"18, BOULEVARD SAINT MART",48.8688,2.35664,Plein jour,En agglomération,Hors intersection,Normale,Deux véhicules - côté,,,,,,,,,,,1,2,1,1.0,3.0
201800050449,0018-04-26 16:25:00,18,4,26,16,25,750,103,"64, RUE REAUMUR",48.866,2.35376,Plein jour,En agglomération,Intersection en X,Normale,Deux véhicules - côté,,,,,,,,,,,1,2,2,1.0,3.0
201800050450,0018-05-02 17:40:00,18,5,2,17,40,750,103,"178, RUE DU TEMPLE",48.8672,2.36302,Plein jour,En agglomération,Intersection en X,Normale,Deux véhicules - côté,,,,,,,,,,,1,2,2,1.0,3.0
201800050451,0018-05-03 08:45:00,18,5,3,8,45,750,103,"60, RUE VIEILLE DU TEMPL",48.859,2.35922,Plein jour,En agglomération,Hors intersection,Normale,Deux véhicules - arrière,,,,,,,,,,,1,2,1,1.0,2.0
201800050452,0018-05-09 15:50:00,18,5,9,15,50,750,103,"23, PLACE DE LA REPUBLIQ",48.868,2.36223,Plein jour,En agglomération,Place,Normale,Deux véhicules - côté,,,,,,,,,,,1,2,7,1.0,3.0
201800050453,0018-05-09 20:15:00,18,5,9,20,15,750,104,"40, QUAI DES CELESTINS",48.8529,2.35896,Crépuscule ou aube,En agglomération,Intersection en T,Normale,Deux véhicules - côté,,,,,,,,,,,2,2,3,1.0,3.0
201800050454,0018-05-14 12:40:00,18,5,14,12,40,750,103,"46, RUE DE BRETAGNE",48.8634,2.36151,Plein jour,En agglomération,Intersection en X,Temps couvert,Deux véhicules - côté,,,,,,,,,,,1,2,2,8.0,3.0