accident_id,datetime,annee,mois,jour,heure,minute,departement,commune_insee,adresse,latitude,longitude,luminosite,agglomeration,intersection,meteo,collision,nb_vehicules,nb_usagers,nb_indemnes,nb_tues,nb_blesses_hosp,nb_blesses_legers,age_cond_1,age_cond_2,veh_type_cond_1,veh_type_cond_2,lum_code,agg_code,int_code,atm_code,col_code
201800050455,0018-05-22 19:45:00,18,5,22,19,45,750,101,RUE DE L ECHELLE,48.8648,2.33484,Plein jour,En agglomération,Intersection en T,Normale,Autre collision,,,,,,,,,,,1,2,3,1.0,6.0
201800050456,0018-05-27 03:25:00,18,5,27,3,25,750,103,"13, BOULEVARD DES FILLES",48.8625,2.36688,Nuit avec éclairage allumé,En agglomération,Intersection en X,Normale,Autre collision,,,,,,,,,,,5,2,2,1.0,6.0
201800050457,0018-05-29 23:25:00,18,5,29,23,25,750,103,"25, RUE DES FILLES DU CA",48.863,2.36645,Nuit avec éclairage allumé,En agglomération,Hors intersection,Pluie forte,Deux véhicules - frontale,,,,,,,,,,,5,2,1,3.0,1.0
201800050458,0018-06-02 17:50:00,18,6,2,17,50,750,103,", RUE SAINT MARTIN",48.866,2.35376,Plein jour,En agglomération,Intersection en X,Normale,Autre collision,,,,,,,,,,,1,2,2,1.0,6.0
201800050459,0018-06-04 21:40:00,18,6,4,21,40,750,103,"01, RUE DES ARCHIVES",48.8612,2.35819,Nuit avec éclairage allumé,En agglomération,Intersection en X,Normale,Deux véhicules - côté,,,,,,,,,,,5,2,2,1.0,3.0
201800050460,0018-06-08 17:10:00,18,6,8,17,10,750,103,"60, BOULEVARD DE SEBASTO",48.8634,2.35094,Plein jour,En agglomération,Intersection en X,Normale,Deux véhicules - côté,,,,,,,,,,,1,2,2,1.0,3.0
201800050461,0018-06-08 22:12:00,18,6,8,22,12,750,103,"174, RUE DU TEMPLE",48.8669,2.3622,Nuit avec éclairage allumé,En agglomération,Intersection en Y,Temps couvert,Autre collision,,,,,,,,,,,5,2,4,8.0,6.0
201800050462,0018-06-11 16:45:00,18,6,11,16,45,750,103,"51, BOULEVARD SAINT MART",48.869,2.35558,Plein jour,En agglomération,Intersection en X,Temps couvert,Deux véhicules - côté,,,,,,,,,,,1,2,2,8.0,3.0
201800050463,0018-06-12 17:25:00,18,6,12,17,25,750,103,"43, RUE REAUMUR",48.866,2.35376,Plein jour,En agglomération,Intersection en X,Normale,Autre collision,,,,,,,,,,,1,2,2,1.0,6.0
201800050464,0018-06-18 06:58:00,18,6,18,6,58,750,103,"28, RUE BEAUBOURG",48.8618,2.35376,Plein jour,En agglomération,Intersection en T,Normale,Autre collision,,,,,,,,,,,1,2,3,1.0,6.0
201800050465,0018-06-25 17:25:00,18,6,25,17,25,750,102,"23, RUE DES CAPUCINES",48.8699,2.32796,Plein jour,En agglomération,Intersection en X,Normale,Deux véhicules - arrière,,,,,,,,,,,1,2,2,1.0,2.0
201800050466,0018-07-03 12:50:00,18,7,3,12,50,750,103,"77, RUE DE TURBIGO",48.8664,2.36039,Plein jour,En agglomération,Intersection en T,Normale,Deux véhicules - arrière,,,,,,,,,,,1,2,3,1.0,2.0
201800050467,0018-07-04 20:15:00,18,7,4,20,15,750,103,"123, BOULEVARD DE SEBAST",48.8672,2.35302,Plein jour,En agglomération,Hors intersection,Normale,Autre collision,,,,,,,,,,,1,2,1,1.0,6.0
201800050468,0018-07-18 20:15:00,18,7,18,20,15,750,103,RUE DU VERTBOIS,,,Plein jour,En agglomération,Hors intersection,Normale,Deux véhicules - arrière,,,,,,,,,,,1,2,1,1.0,2.0
201800050469,0018-07-22 00:15:00,18,7,22,0,15,750,102,RUE DU QUATRE SEPTEMBRE,48.87007,2.33379,Nuit avec éclairage allumé,En agglomération,Intersection en X,Normale,Deux véhicules - côté,,,,,,,,,,,5,2,2,1.0,3.0
201800050470,0018-07-27 18:50:00,18,7,27,18,50,750,104,RUE DES ARCHIVES,48.51458,2.17153,Plein jour,En agglomération,Intersection en X,Pluie forte,Autre collision,,,,,,,,,,,1,2,2,3.0,6.0
201800050471,0018-08-05 15:30:00,18,8,5,15,30,750,103,RUE BEAUBOURG,48.86478,2.35517,Plein jour,En agglomération,Intersection en X,Normale,Autre collision,,,,,,,,,,,1,2,2,1.0,6.0
201800050472,0018-08-12 06:30:00,18,8,12,6,30,750,103,BOULEVARD BEAUMARCHAIS,48.86029,2.36704,Crépuscule ou aube,En agglomération,Intersection en T,Normale,Deux véhicules - côté,,,,,,,,,,,2,2,3,1.0,3.0
201800050473,0018-08-15 14:15:00,18,8,15,14,15,750,104,RUE DES FRANCS BOURGEOIS,48.85731,2.36134,Plein jour,En agglomération,Intersection en X,Normale,Autre collision,,,,,,,,,,,1,2,2,1.0,6.0
201800050474,0018-08-17 05:15:00,18,8,17,5,15,750,104,QUAI D ORLEANS,48.85113,2.35599,Crépuscule ou aube,En agglomération,Intersection en X,Normale,Deux véhicules - côté,,,,,,,,,,,2,2,2,1.0,3.0
201800050475,0018-09-01 15:30:00,18,9,1,15,30,750,104,AVENUE VICTORIA,48.85729,2.34917,Plein jour,En agglomération,Intersection en X,Normale,Deux véhicules - côté,,,,,,,,,,,1,2,2,1.0,3.0
201800050476,0018-09-05 23:15:00,18,9,5,23,15,750,103,RUE BEAUBOURG,48.86183,2.35393,Nuit avec éclairage allumé,En agglomération,Intersection en T,Normale,Deux véhicules - côté,,,,,,,,,,,5,2,3,1.0,3.0
201800050477,0018-09-10 10:55:00,18,9,10,10,55,750,103,BOULEVARD DES FILLES DU,,,Plein jour,En agglomération,Intersection en X,Normale,Deux véhicules - côté,,,,,,,,,,,1,2,2,1.0,3.0
201800050478,0018-09-17 00:07:00,18,9,17,0,7,750,103,RUE DE TURENNE,48.85814,2.36444,Nuit avec éclairage allumé,En agglomération,Intersection en X,Normale,Autre collision,,,,,,,,,,,5,2,2,1.0,6.0
201800050479,0018-09-22 00:15:00,18,9,22,0,15,750,103,RUE BEAUBOURG,48.86,2.35,Nuit avec éclairage allumé,En agglomération,Intersection en X,Normale,Deux véhicules - côté,,,,,,,,,,,5,2,2,1.0,3.0
201800050480,0018-09-25 08:45:00,18,9,25,8,45,750,103,BOULEVARD SAINT MARTIN,48.86,2.3,Plein jour,En agglomération,Hors intersection,Temps éblouissant,Autre collision,,,,,,,,,,,1,2,1,7.0,6.0
201800050481,0018-09-26 17:35:00,18,9,26,17,35,750,103,RUE REAUMUR,48.86474,2.35934,Plein jour,En agglomération,Intersection en X,Normale,Autre collision,,,,,,,,,,,1,2,2,1.0,6.0
201800050482,0018-09-29 03:52:00,18,9,29,3,52,750,102,RUE REAUMUR,48.8687,2.35106,Nuit avec éclairage allumé,En agglomération,Intersection en X,Normale,Autre collision,,,,,,,,,,,5,2,2,1.0,6.0
201800050483,0018-09-30 12:40:00,18,9,30,12,40,750,103,RUE BEAUBOURG,48.86153,2.3536,Plein jour,En agglomération,Hors intersection,Normale,Deux véhicules - côté,,,,,,,,,,,1,2,1,1.0,3.0
201800050484,0018-10-04 23:41:00,18,10,4,23,41,750,103,BOULEVARD SAINT DENIS,48.868,2.355,Nuit avec éclairage allumé,En agglomération,Intersection en T,Normale,Autre collision,,,,,,,,,,,5,2,3,1.0,6.0
201800050485,0018-10-09 03:30:00,18,10,9,3,30,750,103,PLACE DE LA REPUBLIQUE,48.8674,2.3626,Nuit avec éclairage allumé,En agglomération,Intersection en X,Normale,Deux véhicules - côté,,,,,,,,,,,5,2,2,1.0,3.0
201800050486,0018-10-11 17:20:00,18,10,11,17,20,750,104,RUE DE RIVOLI,48.8585,0.23485,Plein jour,En agglomération,Hors intersection,Normale,Autre collision,,,,,,,,,,,1,2,1,1.0,6.0
201800050487,0018-10-15 11:49:00,18,10,15,11,49,750,103,RUE DEBELLEYME,48.86091,2.36356,Plein jour,En agglomération,Hors intersection,Normale,Autre collision,,,,,,,,,,,1,2,1,1.0,6.0
201800050488,0018-10-17 13:30:00,18,10,17,13,30,750,103,PLACE DE LA REPUBLIQUE,48.86757,2.36313,Plein jour,En agglomération,Place,Normale,Autre collision,,,,,,,,,,,1,2,7,1.0,6.0
201800050489,0018-10-17 20:50:00,18,10,17,20,50,750,103,BOULEVARD SAINT MARTIN,48.8684,2.35961,Nuit avec éclairage allumé,En agglomération,Hors intersection,Normale,Deux véhicules - côté,,,,,,,,,,,5,2,1,1.0,3.0
201800050490,0018-10-22 14:20:00,18,10,22,14,20,750,103,RUE FROISSART,48.86163,2.36558,Plein jour,En agglomération,Hors intersection,Temps couvert,Autre collision,,,,,,,,,,,1,2,1,8.0,6.0
201800050491,0018-10-23 07:15:00,18,10,23,7,15,750,103,PLACE DE LA REPUBLIQUE,48.86755,2.3631,Crépuscule ou aube,En agglomération,Intersection en T,Normale,Deux véhicules - côté,,,,,,,,,,,2,2,3,1.0,3.0
201800050492,0018-10-23 14:35:00,18,10,23,14,35,750,103,BOULEVARD BEAUMARCHAIS,48.85944,2.36759,Plein jour,En agglomération,Intersection en T,Normale,Deux véhicules - côté,,,,,,,,,,,1,2,3,1.0,3.0
201800050493,0018-10-23 18:40:00,18,10,23,18,40,750,103,RUE BEAUBOURG,48.86348,2.35407,Nuit avec éclairage allumé,En agglomération,Intersection en X,Normale,Autre collision,,,,,,,,,,,5,2,2,1.0,6.0
201800050494,0018-10-28 19:40:00,18,10,28,19,40,750,104,QUAI DES CELESTINS,48.85,2.35,Nuit avec éclairage allumé,En agglomération,Intersection en X,Normale,Deux véhicules - côté,,,,,,,,,,,5,2,2,1.0,3.0
201800050495,0018-10-30 00:30:00,18,10,30,0,30,750,102,BOULEVARD DES ITALIENS,48.87139,2.3368,Nuit avec éclairage allumé,En agglomération,Intersection en T,Pluie forte,Autre collision,,,,,,,,,,,5,2,3,3.0,6.0
201800050496,0018-10-30 09:30:00,18,10,30,9,30,750,103,RUE DU GRENIER SAINT LAZ,48.86269,2.35414,Plein jour,En agglomération,Intersection en X,Pluie légère,Sans collision,,,,,,,,,,,1,2,2,2.0,7.0
201800050497,0018-10-31 23:50:00,18,10,31,23,50,750,102,BOULEVARD POISSONNIERE,48.87108,2.34447,Nuit avec éclairage allumé,En agglomération,Hors intersection,Normale,Trois véhicules et plus - collisions multiples,,,,,,,,,,,5,2,1,1.0,5.0
201800050498,0018-11-05 17:20:00,18,11,5,17,20,750,104,BOULEVARD DE SEBASTOPOL,48.8,2.34,Crépuscule ou aube,En agglomération,Hors intersection,Normale,Autre collision,,,,,,,,,,,2,2,1,1.0,6.0
201800050499,0018-11-06 14:14:00,18,11,6,14,14,750,103,BOULEVARD DU TEMPLE,,,Plein jour,En agglomération,Hors intersection,Normale,Deux véhicules - côté,,,,,,,,,,,1,2,1,1.0,3.0
201800050500,0018-11-07 04:39:00,18,11,7,4,39,750,101,PLACE DU CARROUSEL,48.86124,2.33615,Nuit avec éclairage allumé,En agglomération,Place,Pluie légère,Deux véhicules - côté,,,,,,,,,,,5,2,7,2.0,3.0
201800050501,0018-11-07 18:50:00,18,11,7,18,50,750,104,RUE DES ARCHIVES,48.85777,2.35433,Nuit avec éclairage allumé,En agglomération,Intersection en X,Normale,Sans collision,,,,,,,,,,,5,2,2,1.0,7.0
201800050502,0018-11-18 15:35:00,18,11,18,15,35,750,103,RUE DE TURENNE,48.86172,2.36467,Plein jour,En agglomération,Intersection en T,Normale,Deux véhicules - côté,,,,,,,,,,,1,2,3,1.0,3.0
201800050503,0018-11-18 23:40:00,18,11,18,23,40,750,104,RUE DU RENARD,48.85813,2.35172,Nuit avec éclairage allumé,En agglomération,Intersection en T,Normale,Autre collision,,,,,,,,,,,5,2,3,1.0,6.0
201800050504,0018-12-03 07:30:00,18,12,3,7,30,750,103,RUE VIEILLE DU TEMPLE,48.8,2.36,Crépuscule ou aube,En agglomération,Intersection en T,Normale,Autre collision,,,,,,,,,,,2,2,3,1.0,6.0
201800050505,0018-12-05 01:30:00,18,12,5,1,30,750,103,BOULEVARD DES FILLES DU,48.86218,2.36673,Nuit avec éclairage allumé,En agglomération,Intersection en X,Normale,Autre collision,,,,,,,,,,,5,2,2,1.0,6.0
201800050506,0018-12-05 22:30:00,18,12,5,22,30,750,101,RUE SAINT HONORE,48.86318,2.33552,Nuit avec éclairage allumé,En agglomération,Intersection en Y,Pluie légère,Deux véhicules - côté,,,,,,,,,,,5,2,4,2.0,3.0
201800050507,0018-12-07 12:00:00,18,12,7,12,0,750,109,RUE HALEVY,48.87184,2.33288,Plein jour,En agglomération,Place,Pluie légère,Autre collision,,,,,,,,,,,1,2,7,2.0,6.0
201800050508,0018-12-10 23:10:00,18,12,10,23,10,750,104,RUE DE RIVOLI,,,Nuit avec éclairage allumé,En agglomération,Intersection en T,Normale,Autre collision,,,,,,,,,,,5,2,3,1.0,6.0
201800050509,0018-12-18 16:35:00,18,12,18,16,35,750,103,RUE DE TURENNE,48.86,2.37,Plein jour,En agglomération,Intersection à plus de 4 branches,Normale,Deux véhicules - côté,,,,,,,,,,,1,2,5,1.0,3.0
201800050510,0018-12-19 14:20:00,18,12,19,14,20,750,102,BOULEVARD DES CAPUCINES,48.87063,2.3327,Plein jour,En agglomération,Place,Normale,Deux véhicules - côté,,,,,,,,,,,1,2,7,1.0,3.0
201800050511,0018-12-20 12:15:00,18,12,20,12,15,750,103,RUE MESLAY,48.86836,2.35774,Plein jour,En agglomération,Hors intersection,Normale,Autre collision,,,,,,,,,,,1,2,1,1.0,6.0
201800050512,0018-12-26 11:20:00,18,12,26,11,20,750,102,RUE D ABOUKIR,48.8674,2.34575,Plein jour,En agglomération,Hors intersection,Normale,Deux véhicules - arrière,,,,,,,,,,,1,2,1,1.0,2.0
201800050513,0018-12-27 00:50:00,18,12,27,0,50,750,103,RUE DE TURBIGO,48.865,2.357,Nuit avec éclairage allumé,En agglomération,Intersection en X,Normale,Autre collision,,,,,,,,,,,5,2,2,1.0,6.0
201800050514,0018-12-28 11:50:00,18,12,28,11,50,750,103,RUE DU BOURG L ABBE,,,Plein jour,En agglomération,Intersection en T,Normale,Autre collision,,,,,,,,,,,1,2,3,1.0,6.0
201800050515,0018-01-02 16:25:00,18,1,2,16,25,750,104,"72, RUE SAINT ANTOINE",48.8546,2.36271,Plein jour,En agglomération,Intersection en T,Pluie légère,Deux véhicules - arrière,,,,,,,,,,,1,2,3,2.0,2.0
201800050516,0018-01-05 16:15:00,18,1,5,16,15,750,104,"3, RUE DE SEVIGNE",48.8551,2.36163,Plein jour,En agglomération,Intersection en T,Normale,Autre collision,,,,,,,,,,,1,2,3,1.0,6.0
201800050517,0018-01-10 10:00:00,18,1,10,10,0,750,104,", RUE PAVEE",48.8568,2.36138,Plein jour,En agglomération,Intersection en Y,Pluie légère,Deux véhicules - arrière,,,,,,,,,,,1,2,4,2.0,2.0
201800050518,0018-01-17 10:50:00,18,1,17,10,50,750,104,"21, RUE SAINT ANTOINE",48.8537,2.36561,Plein jour,En agglomération,Intersection en X,Normale,Deux véhicules - côté,,,,,,,,,,,1,2,2,1.0,3.0
201800050519,0018-01-18 16:10:00,18,1,18,16,10,750,104,"01, BOULEVARD BOURDON",48.8474,2.36565,Plein jour,En agglomération,Intersection en X,Normale,Deux véhicules - arrière,,,,,,,,,,,1,2,2,1.0,2.0
201800050520,0018-01-23 19:50:00,18,1,23,19,50,750,104,PONT DE SULLY,48.8504,2.36002,Nuit avec éclairage allumé,En agglomération,Intersection en T,Normale,Deux véhicules - arrière,,,,,,,,,,,5,2,3,1.0,2.0
201800050521,0018-01-25 10:15:00,18,1,25,10,15,750,104,"10, BOULEVARD DE SEBASTO",48.8592,2.34861,Plein jour,En agglomération,Hors intersection,Pluie légère,Deux véhicules - côté,,,,,,,,,,,1,2,1,2.0,3.0
201800050522,0018-01-26 08:30:00,18,1,26,8,30,750,104,"27, RUE DES ARCHIVES",48.859,2.35571,Plein jour,En agglomération,Intersection en T,Normale,Autre collision,,,,,,,,,,,1,2,3,1.0,6.0
201800050523,0018-01-28 03:35:00,18,1,28,3,35,750,104,BOULEVARD HENRI IV,48.8512,2.36265,Nuit avec éclairage allumé,En agglomération,Intersection en X,Pluie légère,Deux véhicules - côté,,,,,,,,,,,5,2,2,2.0,3.0
201800050524,0018-12-20 10:05:00,18,12,20,10,5,750,104,RUE SAINT ANTOINE,48.85479,2.36266,Plein jour,En agglomération,Intersection en T,Normale,Autre collision,,,,,,,,,,,1,2,3,1.0,6.0
201800050525,0018-02-02 09:55:00,18,2,2,9,55,750,104,RUE DE RIVOLI,48.8575,2.35141,Plein jour,En agglomération,Intersection en X,Normale,Deux véhicules - côté,,,,,,,,,,,1,2,2,1.0,3.0
201800050526,0018-02-04 03:50:00,18,2,4,3,50,750,103,RUE DU TEMPLE,48.8673,2.36338,Nuit avec éclairage allumé,En agglomération,Place,Pluie forte,Autre collision,,,,,,,,,,,5,2,7,3.0,6.0
201800050527,0018-02-07 17:45:00,18,2,7,17,45,750,104,"10, RUE VIEILLE DU TEMPL",48.8564,2.35666,Nuit avec éclairage allumé,En agglomération,Hors intersection,Neige / grêle,Sans collision,,,,,,,,,,,5,2,1,4.0,7.0
201800050528,0018-02-17 18:45:00,18,2,17,18,45,750,109,"5, RUE DE CHATEAUDUN",48.8758,2.34201,Nuit avec éclairage allumé,En agglomération,Intersection en X,Normale,Deux véhicules - côté,,,,,,,,,,,5,2,2,1.0,3.0
201800050529,0018-02-21 13:40:00,18,2,21,13,40,750,104,"72, RUE SAINT LOUIS EN L",48.8524,2.35482,Plein jour,En agglomération,Intersection en X,Normale,Deux véhicules - côté,,,,,,,,,,,1,2,2,1.0,3.0
201800050530,0018-02-25 20:30:00,18,2,25,20,30,750,104,"27, RUE DES FRANCS BOURG",48.8572,2.36175,Nuit avec éclairage allumé,En agglomération,Intersection en X,Normale,Deux véhicules - côté,,,,,,,,,,,5,2,2,1.0,3.0
201800050531,0018-03-03 18:50:00,18,3,3,18,50,750,109,"32, RUE DE CHATEAUDUN",48.8761,2.33665,Nuit avec éclairage allumé,En agglomération,Hors intersection,Normale,Trois véhicules et plus - en chaîne,,,,,,,,,,,5,2,1,1.0,4.0
201800050532,0018-03-06 19:08:00,18,3,6,19,8,750,104,QUAI DE L HOTEL DE VILLE,48.8544,2.35494,Nuit avec éclairage allumé,En agglomération,Intersection en X,Pluie légère,Autre collision,,,,,,,,,,,5,2,2,2.0,6.0
201800050533,0018-03-15 15:35:00,18,3,15,15,35,750,104,"22, RUE DU ROI DE SICILE",48.856,2.35911,Plein jour,En agglomération,Intersection en X,Normale,Autre collision,,,,,,,,,,,1,2,2,1.0,6.0
201800050534,0018-03-20 11:00:00,18,3,20,11,0,750,104,"9, RUE DES LIONS SAINT P",48.8524,2.36211,Plein jour,En agglomération,Hors intersection,Normale,Autre collision,,,,,,,,,,,1,2,1,1.0,6.0
201800050535,0018-03-23 10:45:00,18,3,23,10,45,750,103,"7, BOULEVARD SAINT MARTI",48.8681,2.36131,Plein jour,En agglomération,Hors intersection,Normale,Autre collision,,,,,,,,,,,1,2,1,1.0,6.0
201800050536,0018-03-23 15:55:00,18,3,23,15,55,750,104,"14, BOULEVARD DE SEBASTO",48.8596,2.34884,Plein jour,En agglomération,Hors intersection,Temps couvert,Autre collision,,,,,,,,,,,1,2,1,8.0,6.0
201800050537,0018-03-25 11:30:00,18,3,25,11,30,750,104,QUAI DE GESVRES,48.8567,2.34891,Plein jour,En agglomération,Intersection en X,Normale,Deux véhicules - côté,,,,,,,,,,,1,2,2,1.0,3.0
201800050538,0018-03-27 11:00:00,18,3,27,11,0,750,104,"09, RUE DES ARCHIVES",48.8575,2.35421,Plein jour,En agglomération,Intersection en X,Pluie forte,Autre collision,,,,,,,,,,,1,2,2,3.0,6.0
201800050539,0018-04-05 16:00:00,18,4,5,16,0,750,104,"32, QUAI HENRI IV",48.8489,2.36252,Plein jour,En agglomération,Intersection en T,Normale,Deux véhicules - arrière,,,,,,,,,,,1,2,3,1.0,2.0
201800050540,0018-04-09 21:45:00,18,4,9,21,45,750,109,"08, RUE DE LIEGE",48.8797,2.32831,Nuit avec éclairage allumé,En agglomération,Hors intersection,Pluie légère,Autre collision,,,,,,,,,,,5,2,1,2.0,6.0
201800050541,0018-04-10 11:20:00,18,4,10,11,20,750,104,"6, RUE DE LA CITE",48.8536,2.34707,Plein jour,En agglomération,Intersection en X,Normale,Deux véhicules - côté,,,,,,,,,,,1,2,2,1.0,3.0
201800050542,0018-04-12 20:30:00,18,4,12,20,30,750,103,"164, RUE DU TEMPLE",48.8661,2.36108,Nuit avec éclairage allumé,En agglomération,Intersection en T,Pluie légère,Autre collision,,,,,,,,,,,5,2,3,2.0,6.0
201800050543,0018-04-14 11:33:00,18,4,14,11,33,750,104,"18, BOULEVARD DE SEBASTO",48.8602,2.34915,Plein jour,En agglomération,Hors intersection,Temps couvert,Autre collision,,,,,,,,,,,1,2,1,8.0,6.0
201800050544,0018-04-14 12:40:00,18,4,14,12,40,750,104,"07, PLACE DE LA BASTILLE",48.8537,2.36896,Plein jour,En agglomération,Place,Normale,Deux véhicules - côté,,,,,,,,,,,1,2,7,1.0,3.0
201800050545,0018-04-17 18:50:00,18,4,17,18,50,750,104,"10, RUE CHARLEMAGNE",48.854,2.36113,Crépuscule ou aube,En agglomération,Intersection en T,Normale,Autre collision,,,,,,,,,,,2,2,3,1.0,6.0
201800050546,0018-04-19 19:00:00,18,4,19,19,0,750,104,"16, RUE DU PONT LOUIS PH",48.8552,2.35577,Plein jour,En agglomération,Intersection en X,Normale,Autre collision,,,,,,,,,,,1,2,2,1.0,6.0
201800050547,0018-04-24 02:20:00,18,4,24,2,20,750,104,"20, RUE BEAUBOURG",48.8612,2.35345,Nuit avec éclairage allumé,En agglomération,Intersection en X,Normale,Deux véhicules - côté,,,,,,,,,,,5,2,2,1.0,3.0
201800050548,0018-05-04 10:30:00,18,5,4,10,30,750,104,"18, QUAI HENRI IV",48.8483,2.36339,Plein jour,En agglomération,Hors intersection,Normale,Trois véhicules et plus - en chaîne,,,,,,,,,,,1,2,1,1.0,4.0
201800050549,0018-05-06 18:30:00,18,5,6,18,30,750,103,"79, RUE DE TURENNE",48.86,2.36454,Plein jour,En agglomération,Intersection en T,Normale,Autre collision,,,,,,,,,,,1,2,3,1.0,6.0
201800050550,0018-05-07 13:20:00,18,5,7,13,20,750,104,QUAI DE L ARCHEVECHE,48.8522,2.35197,Plein jour,En agglomération,Hors intersection,Normale,Autre collision,,,,,,,,,,,1,2,1,1.0,6.0
201800050551,0018-05-09 23:45:00,18,5,9,23,45,750,104,"2, RUE DE LOBAU",48.8552,2.3528,Nuit avec éclairage allumé,En agglomération,Intersection en T,Normale,Deux véhicules - arrière,,,,,,,,,,,5,2,3,1.0,2.0
201800050552,0018-05-17 16:40:00,18,5,17,16,40,750,104,"81, RUE SAINT ANTOINE",48.8546,2.36271,Plein jour,En agglomération,Intersection en T,Normale,Autre collision,,,,,,,,,,,1,2,3,1.0,6.0
201800050553,0018-05-18 13:45:00,18,5,18,13,45,750,104,"20, RUE DE RIVOLI",48.8557,2.35897,Plein jour,En agglomération,Intersection en T,Normale,Autre collision,,,,,,,,,,,1,2,3,1.0,6.0
201800050554,0018-05-25 12:50:00,18,5,25,12,50,750,104,PLACE DU CHATELET,48.8572,2.34729,Plein jour,En agglomération,Place,Normale,Deux véhicules - côté,,,,,,,,,,,1,2,7,1.0,3.0
201800050555,0018-05-27 10:30:00,18,5,27,10,30,750,104,"96, RUE DE RIVOLI",48.8585,2.3482,Plein jour,En agglomération,Intersection en X,Normale,Deux véhicules - côté,,,,,,,,,,,1,2,2,1.0,3.0
201800050556,0018-05-27 18:15:00,18,5,27,18,15,750,103,"3, RUE PERREE",48.864,2.3624,Plein jour,En agglomération,Intersection en T,Normale,Autre collision,,,,,,,,,,,1,2,3,1.0,6.0
201800050557,0018-05-28 03:45:00,18,5,28,3,45,750,104,RUE DES NONNAINS D HYERE,48.8536,2.35796,Nuit avec éclairage allumé,En agglomération,Intersection en X,Normale,Trois véhicules et plus - en chaîne,,,,,,,,,,,5,2,2,1.0,4.0
201800050558,0018-06-01 17:50:00,18,6,1,17,50,750,102,"87, RUE REAUMUR",48.8673,2.34774,Plein jour,En agglomération,Hors intersection,Normale,Deux véhicules - arrière,,,,,,,,,,,1,2,1,1.0,2.0
201800050559,0018-06-02 23:15:00,18,6,2,23,15,750,104,"1, BOULEVARD HENRI IV",48.8501,2.35896,Nuit avec éclairage allumé,En agglomération,Intersection en T,Normale,Deux véhicules - côté,,,,,,,,,,,5,2,3,1.0,3.0
201800050560,0018-06-05 11:25:00,18,6,5,11,25,750,104,"2, QUAI HENRI IV",48.8474,2.36474,Plein jour,En agglomération,Hors intersection,Pluie légère,Sans collision,,,,,,,,,,,1,2,1,2.0,7.0
201800050561,0018-06-05 18:25:00,18,6,5,18,25,750,104,"2, BOULEVARD DE SEBASTOP",48.8585,2.3482,Plein jour,En agglomération,Intersection en X,Temps couvert,Autre collision,,,,,,,,,,,1,2,2,8.0,6.0
201800050562,0018-06-07 16:00:00,18,6,7,16,0,750,104,"41, BOULEVARD HENRI IV",48.8525,2.36672,Plein jour,En agglomération,Intersection en X,Normale,Deux véhicules - côté,,,,,,,,,,,1,2,2,1.0,3.0
201800050563,0018-06-12 08:40:00,18,6,12,8,40,750,104,"20, RUE DU RENARD",48.8596,2.35258,Plein jour,En agglomération,Hors intersection,Pluie légère,Autre collision,,,,,,,,,,,1,2,1,2.0,6.0
201800050564,0018-06-14 08:48:00,18,6,14,8,48,750,104,PONT NOTRE DAME,48.8557,2.3483,Plein jour,En agglomération,Intersection en X,Normale,Deux véhicules - arrière,,,,,,,,,,,1,2,2,1.0,2.0
201800050565,0018-06-14 12:10:00,18,6,14,12,10,750,104,RUE SAINT ANTOINE,48.8537,2.36561,Plein jour,En agglomération,Intersection en X,Normale,Deux véhicules - arrière,,,,,,,,,,,1,2,2,1.0,2.0
201800050566,0018-06-15 14:10:00,18,6,15,14,10,750,104,QUAI HENRI IV,48.8508,2.3614,Plein jour,En agglomération,Intersection en X,Normale,Deux véhicules - côté,,,,,,,,,,,1,2,2,1.0,3.0
201800050567,0018-06-15 18:20:00,18,6,15,18,20,750,103,"70, RUE DE TURENNE",48.8601,2.36455,Plein jour,En agglomération,Intersection en T,Normale,Deux véhicules - côté,,,,,,,,,,,1,2,3,1.0,3.0
201800050568,0018-06-19 22:05:00,18,6,19,22,5,750,104,QUAI HENRI IV,48.8508,2.3614,Nuit avec éclairage allumé,En agglomération,Intersection en X,Normale,Autre collision,,,,,,,,,,,5,2,2,1.0,6.0
201800050569,0018-06-20 08:50:00,18,6,20,8,50,750,102,"19, BOULEVARD SAINT DENI",48.8697,2.35262,Plein jour,En agglomération,Intersection en T,Normale,Autre collision,,,,,,,,,,,1,2,3,1.0,6.0
201800050570,0018-06-23 15:45:00,18,6,23,15,45,750,104,"16, RUE SAINT ANTOINE",48.8535,2.3665,Plein jour,En agglomération,Intersection en T,Normale,Deux véhicules - côté,,,,,,,,,,,1,2,3,1.0,3.0
201800050571,0018-06-29 08:45:00,18,6,29,8,45,750,104,"2, AVENUE VICTORIA",48.8568,2.35104,Plein jour,En agglomération,Intersection en T,Normale,Autre collision,,,,,,,,,,,1,2,3,1.0,6.0
201800050572,0018-06-30 15:50:00,18,6,30,15,50,750,104,RUE DE LA VERRERIE,48.8577,2.35379,Plein jour,En agglomération,Hors intersection,Normale,Autre collision,,,,,,,,,,,1,2,1,1.0,6.0
201800050573,0018-07-01 17:40:00,18,7,1,17,40,750,104,"2, RUE BEAUBOURG",48.8603,2.35292,Plein jour,En agglomération,Intersection en T,Normale,Sans collision,,,,,,,,,,,1,2,3,1.0,7.0
201800050574,0018-07-02 20:05:00,18,7,2,20,5,750,102,RUE D ABOUKIR,48.8686,2.34973,Plein jour,En agglomération,Intersection en X,Normale,Deux véhicules - côté,,,,,,,,,,,1,2,2,1.0,3.0
201800050575,0018-07-03 13:00:00,18,7,3,13,0,750,104,"14, RUE DE RIVOLI",48.8556,2.35968,Plein jour,En agglomération,Hors intersection,Normale,Deux véhicules - arrière,,,,,,,,,,,1,2,1,1.0,2.0