accident_id,datetime,annee,mois,jour,heure,minute,departement,commune_insee,adresse,latitude,longitude,luminosite,agglomeration,intersection,meteo,collision,nb_vehicules,nb_usagers,nb_indemnes,nb_tues,nb_blesses_hosp,nb_blesses_legers,age_cond_1,age_cond_2,veh_type_cond_1,veh_type_cond_2,lum_code,agg_code,int_code,atm_code,col_code
201800050697,0018-06-10 14:46:00,18,6,10,14,46,750,105,"69, BOULEVARD SAINT GERM",48.8508,2.34548,Plein jour,En agglomération,Intersection en X,Normale,Autre collision,,,,,,,,,,,1,2,2,1.0,6.0
201800050698,0018-06-11 15:15:00,18,6,11,15,15,750,105,"41, RUE GAY LUSSAC",48.8426,2.34286,Plein jour,En agglomération,Intersection en X,Pluie légère,Autre collision,,,,,,,,,,,1,2,2,2.0,6.0
201800050699,0018-06-14 16:00:00,18,6,14,16,0,750,105,"71, RUE MONGE",48.8436,2.35224,Plein jour,En agglomération,Hors intersection,Normale,Deux véhicules - arrière,,,,,,,,,,,1,2,1,1.0,2.0
201800050700,0018-06-19 11:56:00,18,6,19,11,56,750,105,"22, BOULEVARD SAINT MICH",48.8514,2.34314,Plein jour,En agglomération,Intersection en X,Normale,Autre collision,,,,,,,,,,,1,2,2,1.0,6.0
201800050701,0018-06-19 19:05:00,18,6,19,19,5,750,105,"17, RUE MONGE",48.8481,2.3504,Plein jour,En agglomération,Intersection en X,Normale,Deux véhicules - côté,,,,,,,,,,,1,2,2,1.0,3.0
201800050702,0018-06-21 08:51:00,18,6,21,8,51,750,105,"55, QUAI DE LA TOURNELLE",48.8511,2.35127,Plein jour,En agglomération,Intersection en X,Normale,Deux véhicules - côté,,,,,,,,,,,1,2,2,1.0,3.0
201800050703,0018-06-29 18:00:00,18,6,29,18,0,750,105,"2, BOULEVARD DE L HOPITA",48.8433,2.36427,Plein jour,En agglomération,Intersection en Y,Normale,Deux véhicules - côté,,,,,,,,,,,1,2,4,1.0,3.0
201800050704,0018-07-02 11:10:00,18,7,2,11,10,750,113,"37, BOULEVARD SAINT MARC",48.8387,2.35783,Plein jour,En agglomération,Intersection en T,Normale,Autre collision,,,,,,,,,,,1,2,3,1.0,6.0
201800050705,0018-07-03 17:50:00,18,7,3,17,50,750,105,"36, BOULEVARD SAINT MICH",48.8497,2.34227,Plein jour,En agglomération,Hors intersection,Normale,Autre collision,,,,,,,,,,,1,2,1,1.0,6.0
201800050706,0018-07-05 03:00:00,18,7,5,3,0,750,105,"21, QUAI DE MONTEBELLO",48.8527,2.34762,Nuit avec éclairage allumé,En agglomération,Intersection en T,Normale,Deux véhicules - arrière,,,,,,,,,,,5,2,3,1.0,2.0
201800050707,0018-07-05 10:10:00,18,7,5,10,10,750,105,"340, RUE SAINT JACQUES",48.8395,2.34006,Plein jour,En agglomération,Hors intersection,Normale,Deux véhicules - arrière,,,,,,,,,,,1,2,1,1.0,2.0
201800050708,0018-07-09 13:27:00,18,7,9,13,27,750,105,"22, BOULEVARD SAINT MICH",48.8514,2.34314,Plein jour,En agglomération,Intersection en X,Normale,Autre collision,,,,,,,,,,,1,2,2,1.0,6.0
201800050709,0018-07-11 11:55:00,18,7,11,11,55,750,105,", RUE BERTHOLLET",48.8388,2.34571,Plein jour,En agglomération,Intersection en T,Normale,Deux véhicules - côté,,,,,,,,,,,1,2,3,1.0,3.0
201800050710,0018-07-11 15:50:00,18,7,11,15,50,750,105,"11, BOULEVARD SAINT GERM",48.8495,2.35439,Plein jour,En agglomération,Intersection en X,Normale,Autre collision,,,,,,,,,,,1,2,2,1.0,6.0
201800050711,0018-07-23 11:50:00,18,7,23,11,50,750,105,RUE MONGE,48.842,2.352,Plein jour,En agglomération,Intersection en T,Normale,Deux véhicules - côté,,,,,,,,,,,1,2,3,1.0,3.0
201800050712,0018-07-25 01:12:00,18,7,25,1,12,750,105,QUAI DE MONTEBELLO,48.85303,2.347,Nuit avec éclairage allumé,En agglomération,Intersection en X,Normale,Autre collision,,,,,,,,,,,5,2,2,1.0,6.0
201800050713,0018-07-25 10:50:00,18,7,25,10,50,750,105,RUE DES FOSSES SAINT BER,48.8489,2.35537,Plein jour,En agglomération,Intersection en T,Normale,Deux véhicules - arrière,,,,,,,,,,,1,2,3,1.0,2.0
201800050714,0018-07-26 14:30:00,18,7,26,14,30,750,105,QUAI DE LA TOURNELLE,48.84987,2.35512,Plein jour,En agglomération,Hors intersection,Normale,Deux véhicules - côté,,,,,,,,,,,1,2,1,1.0,3.0
201800050715,0018-07-27 16:10:00,18,7,27,16,10,750,105,RUE SAINT JACQUES,48.84899,2.34451,Plein jour,En agglomération,Intersection en X,Pluie légère,Deux véhicules - côté,,,,,,,,,,,1,2,2,2.0,3.0
201800050716,0018-08-05 23:46:00,18,8,5,23,46,750,105,QUAI DE LA TOURNELLE,48.84995,2.35392,Nuit avec éclairage allumé,En agglomération,Intersection en T,Normale,Autre collision,,,,,,,,,,,5,2,3,1.0,6.0
201800050717,0018-08-11 12:25:00,18,8,11,12,25,750,105,RUE DU PETIT PONT,,,Plein jour,En agglomération,Intersection en X,Normale,Deux véhicules - côté,,,,,,,,,,,1,2,2,1.0,3.0
201800050718,0018-08-23 17:45:00,18,8,23,17,45,750,105,QUAI SAINT BERNARD,48.8,2.3,Plein jour,En agglomération,Intersection en T,Normale,Deux véhicules - arrière,,,,,,,,,,,1,2,3,1.0,2.0
201800050719,0018-09-03 11:40:00,18,9,3,11,40,750,105,BOULEVARD DE PORT ROYAL,,,Plein jour,En agglomération,Intersection en X,Normale,Deux véhicules - côté,,,,,,,,,,,1,2,2,1.0,3.0
201800050720,0018-09-03 18:45:00,18,9,3,18,45,750,105,QUAI DE LA TOURNELLE,48.85,2.35,Plein jour,En agglomération,Hors intersection,Normale,Trois véhicules et plus - collisions multiples,,,,,,,,,,,1,2,1,1.0,5.0
201800050721,0018-09-03 20:10:00,18,9,3,20,10,750,105,BOULEVARD SAINT GERMAIN,48.85063,2.34571,Nuit sans éclairage public,En agglomération,Intersection en X,Normale,Trois véhicules et plus - collisions multiples,,,,,,,,,,,3,2,2,1.0,5.0
201800050722,0018-09-09 00:45:00,18,9,9,0,45,750,105,PONT DE SULLY,48.84947,2.35682,Nuit avec éclairage allumé,En agglomération,Intersection en X,Normale,Autre collision,,,,,,,,,,,5,2,2,1.0,6.0
201800050723,0018-09-10 10:10:00,18,9,10,10,10,750,105,RUE GAY LUSSAC,48.8,2.33,Plein jour,En agglomération,Intersection en X,Normale,Deux véhicules - côté,,,,,,,,,,,1,2,2,1.0,3.0
201800050724,0018-09-12 08:45:00,18,9,12,8,45,750,105,BOULEVARD SAINT GERMAIN,48.8,2.35,Plein jour,En agglomération,Hors intersection,Normale,Deux véhicules - arrière,,,,,,,,,,,1,2,1,1.0,2.0
201800050725,0018-09-17 08:19:00,18,9,17,8,19,750,105,RUE MONGE,48.84769,2.35101,Plein jour,En agglomération,Intersection en X,Normale,Deux véhicules - côté,,,,,,,,,,,1,2,2,1.0,3.0
201800050726,0018-09-17 14:30:00,18,9,17,14,30,750,105,BOULEVARD SAINT MARCEL,48.83,2.35,Plein jour,En agglomération,Hors intersection,Normale,Deux véhicules - côté,,,,,,,,,,,1,2,1,1.0,3.0
201800050727,0018-09-18 16:25:00,18,9,18,16,25,750,105,BOULEVARD DE PORT ROYAL,48.83,2.3367,Plein jour,En agglomération,Intersection en X,Normale,Deux véhicules - côté,,,,,,,,,,,1,2,2,1.0,3.0
201800050728,0018-09-18 16:56:00,18,9,18,16,56,750,105,RUE MONGE,48.84831,2.35044,Plein jour,En agglomération,Intersection en Y,Normale,Deux véhicules - côté,,,,,,,,,,,1,2,4,1.0,3.0
201800050729,0018-09-24 09:15:00,18,9,24,9,15,750,105,BOULEVARD SAINT MICHEL,48.85,2.34,Plein jour,En agglomération,Intersection en X,Normale,Deux véhicules - côté,,,,,,,,,,,1,2,2,1.0,3.0
201800050730,0018-09-27 08:30:00,18,9,27,8,30,750,105,BOULEVARD SAINT MARCEL,48.83,2.35,Plein jour,En agglomération,Intersection en X,Normale,Deux véhicules - côté,,,,,,,,,,,1,2,2,1.0,3.0
201800050731,0018-10-01 18:21:00,18,10,1,18,21,750,105,BOULEVARD DE PORT ROYAL,,,Plein jour,En agglomération,Hors intersection,Normale,Deux véhicules - côté,,,,,,,,,,,1,2,1,1.0,3.0
201800050732,0018-09-27 14:00:00,18,9,27,14,0,750,105,RUE MONGE,,,Plein jour,En agglomération,Place,Normale,Deux véhicules - côté,,,,,,,,,,,1,2,7,1.0,3.0
201800050733,0018-10-09 17:15:00,18,10,9,17,15,750,105,PLACE VALHUBERT,48.8442,2.36461,Plein jour,En agglomération,Place,Normale,Deux véhicules - arrière,,,,,,,,,,,1,2,7,1.0,2.0
201800050734,0018-10-10 13:40:00,18,10,10,13,40,750,105,BOULEVARD SAINT MICHEL,48.85268,2.34353,Plein jour,En agglomération,Hors intersection,Normale,Autre collision,,,,,,,,,,,1,2,1,1.0,6.0
201800050735,0018-10-12 14:15:00,18,10,12,14,15,750,105,RUE MONGE,48.84058,2.35198,Plein jour,En agglomération,Intersection en X,Normale,Autre collision,,,,,,,,,,,1,2,2,1.0,6.0
201800050736,0018-10-13 16:55:00,18,10,13,16,55,750,105,QUAI SAINT BERNARD,48.849,2.357,Plein jour,En agglomération,Intersection en Y,Normale,Autre collision,,,,,,,,,,,1,2,4,1.0,6.0
201800050737,0018-10-15 08:35:00,18,10,15,8,35,750,105,BOULEVARD SAINT GERMAIN,48.85,2.34,Plein jour,En agglomération,Intersection en X,Normale,Deux véhicules - côté,,,,,,,,,,,1,2,2,1.0,3.0
201800050738,0018-10-15 18:25:00,18,10,15,18,25,750,105,RUE DE LA MONTAGNE SAINT,48.84,2.34,Plein jour,En agglomération,Intersection en T,Normale,Autre collision,,,,,,,,,,,1,2,3,1.0,6.0
201800050739,0018-10-17 17:20:00,18,10,17,17,20,750,105,BOULEVARD SAINT GERMAIN,48.8,2.37,Plein jour,En agglomération,Intersection en X,Normale,Autre collision,,,,,,,,,,,1,2,2,1.0,6.0
201800050740,0018-10-23 13:05:00,18,10,23,13,5,750,105,QUAI DE MONTEBELLO,48.85205,2.34917,Plein jour,En agglomération,Hors intersection,Normale,Autre collision,,,,,,,,,,,1,2,1,1.0,6.0
201800050741,0018-10-24 14:55:00,18,10,24,14,55,750,105,BOULEVARD SAINT GERMAIN,48.85,2.34,Plein jour,En agglomération,Intersection en X,Normale,Autre collision,,,,,,,,,,,1,2,2,1.0,6.0
201800050742,0018-10-25 14:30:00,18,10,25,14,30,750,105,AVENUE DE L OBSERVATOIRE,48.83,2.33,Plein jour,En agglomération,Intersection en X,Normale,Autre collision,,,,,,,,,,,1,2,2,1.0,6.0
201800050743,0018-10-30 18:00:00,18,10,30,18,0,750,105,PONT DE SULLY,48.85,2.357,Nuit avec éclairage allumé,En agglomération,Hors intersection,Normale,Deux véhicules - arrière,,,,,,,,,,,5,2,1,1.0,2.0
201800050744,0018-11-06 08:35:00,18,11,6,8,35,750,105,RUE GAY LUSSAC,48.84551,2.34189,Plein jour,En agglomération,Hors intersection,Normale,Deux véhicules - côté,,,,,,,,,,,1,2,1,1.0,3.0
201800050745,0018-11-09 10:10:00,18,11,9,10,10,750,105,BOULEVARD SAINT MARCEL,48.83,2.35,Plein jour,En agglomération,Hors intersection,Temps couvert,Deux véhicules - côté,,,,,,,,,,,1,2,1,8.0,3.0
201800050746,0018-11-11 09:54:00,18,11,11,9,54,750,105,RUE SAINT JACQUES,48.85154,2.34711,Plein jour,En agglomération,Intersection en X,Pluie légère,Deux véhicules - côté,,,,,,,,,,,1,2,2,2.0,3.0
201800050747,0018-11-12 10:45:00,18,11,12,10,45,750,105,RUE DES ECOLES,48.848,2.35,Plein jour,En agglomération,Intersection en X,Pluie légère,Autre collision,,,,,,,,,,,1,2,2,2.0,6.0
201800050748,0018-11-14 08:40:00,18,11,14,8,40,750,105,BOULEVARD SAINT MARCEL,48.837,2.354,Plein jour,En agglomération,Intersection en T,Normale,Autre collision,,,,,,,,,,,1,2,3,1.0,6.0
201800050749,0018-11-24 03:27:00,18,11,24,3,27,750,105,RUE SAINT JACQUES,48.84955,2.34494,Nuit avec éclairage allumé,En agglomération,Intersection en X,Pluie légère,Deux véhicules - côté,,,,,,,,,,,5,2,2,2.0,3.0
201800050750,0018-11-24 13:45:00,18,11,24,13,45,750,105,RUE SAINT JACQUES,48.8494,2.34479,Plein jour,En agglomération,Place,Normale,Deux véhicules - côté,,,,,,,,,,,1,2,7,1.0,3.0
201800050751,0018-11-29 09:30:00,18,11,29,9,30,750,105,RUE SAINT JACQUES,48.844,2.341,Plein jour,En agglomération,Intersection en Y,Temps couvert,Autre collision,,,,,,,,,,,1,2,4,8.0,6.0
201800050752,0018-12-15 19:30:00,18,12,15,19,30,750,105,BOULEVARD SAINT MICHEL,48.84937,2.3481,Nuit avec éclairage allumé,En agglomération,Intersection en X,Pluie forte,Autre collision,,,,,,,,,,,5,2,2,3.0,6.0
201800050753,0018-12-22 12:28:00,18,12,22,12,28,750,105,BOULEVARD SAINT MICHEL,48.84366,2.33905,Plein jour,En agglomération,Intersection en X,Normale,Autre collision,,,,,,,,,,,1,2,2,1.0,6.0
201800050754,0018-01-09 20:34:00,18,1,9,20,34,750,106,"51, RUE DU CHERCHE MIDI",48.849,2.32537,Nuit avec éclairage non allumé,En agglomération,Intersection en X,Pluie légère,Autre collision,,,,,,,,,,,4,2,2,2.0,6.0
201800050755,0018-01-09 22:40:00,18,1,9,22,40,750,106,AVENUE DE L OBSERVATOIRE,48.8397,2.33671,Nuit avec éclairage allumé,En agglomération,Intersection à plus de 4 branches,Pluie légère,Sans collision,,,,,,,,,,,5,2,5,2.0,7.0
201800050756,0018-01-17 21:30:00,18,1,17,21,30,750,106,"82, RUE D ASSAS",48.8443,2.33299,Nuit avec éclairage allumé,En agglomération,Intersection en Y,Normale,Deux véhicules - arrière,,,,,,,,,,,5,2,4,1.0,2.0
201800050757,0018-01-22 13:40:00,18,1,22,13,40,750,106,"157, BOULEVARD DU MONTPA",48.8404,2.33448,Plein jour,En agglomération,Hors intersection,Pluie légère,Autre collision,,,,,,,,,,,1,2,1,2.0,6.0
201800050758,0018-01-24 17:12:00,18,1,24,17,12,750,106,"1, RUE DU CHERCHE MIDI",48.8521,2.32976,Plein jour,En agglomération,Intersection à plus de 4 branches,Normale,Deux véhicules - côté,,,,,,,,,,,1,2,5,1.0,3.0
201800050759,0018-02-06 11:30:00,18,2,6,11,30,750,106,"78, RUE D ASSAS",48.8449,2.33238,Plein jour,En agglomération,Intersection en T,Neige / grêle,Autre collision,,,,,,,,,,,1,2,3,4.0,6.0
201800050760,0018-02-14 19:30:00,18,2,14,19,30,750,106,"1, RUE AUGUSTE COMTE",48.8439,2.33896,Nuit avec éclairage allumé,En agglomération,Intersection en X,Pluie légère,Deux véhicules - côté,,,,,,,,,,,5,2,2,2.0,3.0
201800050761,0018-02-10 19:45:00,18,2,10,19,45,750,105,", PONT DE SULLY",48.8494,2.35682,Nuit avec éclairage allumé,En agglomération,Intersection à plus de 4 branches,Normale,Deux véhicules - côté,,,,,,,,,,,5,2,5,1.0,3.0
201800050762,0018-02-20 09:00:00,18,2,20,9,0,750,106,"76, RUE DE SEINE",48.8518,2.33702,Plein jour,En agglomération,Intersection en X,Normale,Deux véhicules - côté,,,,,,,,,,,1,2,2,1.0,3.0
201800050763,0018-03-04 04:20:00,18,3,4,4,20,750,106,"59, BOULEVARD RASPAIL",48.8498,2.32739,Nuit avec éclairage allumé,En agglomération,Hors intersection,Normale,Autre collision,,,,,,,,,,,5,2,1,1.0,6.0
201800050764,0018-03-05 08:50:00,18,3,5,8,50,750,106,"97, RUE DE SEINE",48.8518,2.33702,Plein jour,En agglomération,Intersection en X,Normale,Deux véhicules - côté,,,,,,,,,,,1,2,2,1.0,3.0
201800050765,0018-03-05 13:20:00,18,3,5,13,20,750,106,"43, RUE DU CHERCHE MIDI",48.8492,2.32582,Plein jour,En agglomération,Intersection en T,Normale,Autre collision,,,,,,,,,,,1,2,3,1.0,6.0
201800050766,0018-03-07 18:30:00,18,3,7,18,30,750,106,"17, RUE SAINT SULPICE",48.8515,2.33704,Crépuscule ou aube,En agglomération,Intersection en X,Normale,Autre collision,,,,,,,,,,,2,2,2,1.0,6.0
201800050767,0018-03-16 12:50:00,18,3,16,12,50,750,106,"151, BOULEVARD SAINT GER",48.8539,2.33268,Plein jour,En agglomération,Intersection en X,Normale,Deux véhicules - côté,,,,,,,,,,,1,2,2,1.0,3.0
201800050768,0018-03-16 20:00:00,18,3,16,20,0,750,106,"58, RUE DE VAUGIRARD",48.8487,2.33263,Crépuscule ou aube,En agglomération,Intersection en X,Temps couvert,Autre collision,,,,,,,,,,,2,2,2,8.0,6.0
201800050769,0018-03-31 11:10:00,18,3,31,11,10,750,106,"10, PLACE SAINT MICHEL",48.8532,2.34322,Plein jour,En agglomération,Place,Normale,Autre collision,,,,,,,,,,,1,2,7,1.0,6.0
201800050770,0018-03-31 13:30:00,18,3,31,13,30,750,106,"84, BOULEVARD SAINT MICH",48.8425,2.33818,Plein jour,En agglomération,Intersection en T,Normale,Sans collision,,,,,,,,,,,1,2,3,1.0,7.0
201800050771,0018-04-05 19:45:00,18,4,5,19,45,750,105,"12, BOULEVARD DE L HOPIT",48.8423,2.36354,Plein jour,En agglomération,Hors intersection,Normale,Deux véhicules - arrière,,,,,,,,,,,1,2,1,1.0,2.0
201800050772,0018-04-09 08:45:00,18,4,9,8,45,750,106,"108, BOULEVARD DU MONTPA",48.842,2.3296,Plein jour,En agglomération,Intersection en X,Normale,Deux véhicules - arrière,,,,,,,,,,,1,2,2,1.0,2.0
201800050773,0018-04-11 15:48:00,18,4,11,15,48,750,106,"87, RUE D ASSAS",48.842,2.3352,Plein jour,En agglomération,Intersection en T,Normale,Autre collision,,,,,,,,,,,1,2,3,1.0,6.0
201800050774,0018-04-12 09:30:00,18,4,12,9,30,750,106,"112, BOULEVARD RASPAIL",48.8452,2.32855,Plein jour,En agglomération,Intersection en X,Normale,Deux véhicules - côté,,,,,,,,,,,1,2,2,1.0,3.0
201800050775,0018-04-14 17:20:00,18,4,14,17,20,750,106,"80, RUE DE RENNES",48.8507,2.33027,Plein jour,En agglomération,Hors intersection,Normale,Deux véhicules - arrière,,,,,,,,,,,1,2,1,1.0,2.0
201800050776,0018-04-19 09:30:00,18,4,19,9,30,750,106,"03, AVENUE DE L OBSERVAT",48.8438,2.33751,Plein jour,En agglomération,Hors intersection,Normale,Deux véhicules - côté,,,,,,,,,,,1,2,1,1.0,3.0
201800050777,0018-04-18 21:45:00,18,4,18,21,45,750,106,"123, BOULEVARD SAINT GER",48.8529,2.33697,Nuit avec éclairage allumé,En agglomération,Intersection en X,Normale,Deux véhicules - côté,,,,,,,,,,,5,2,2,1.0,3.0
201800050778,0018-05-08 15:30:00,18,5,8,15,30,750,106,"119, RUE DE RENNES",48.8476,2.32746,Plein jour,En agglomération,Hors intersection,Normale,Deux véhicules - arrière,,,,,,,,,,,1,2,1,1.0,2.0
201800050779,0018-05-11 21:00:00,18,5,11,21,0,750,106,"45, BOULEVARD RASPAIL",48.8514,2.32681,Crépuscule ou aube,En agglomération,Intersection en X,Normale,Deux véhicules - côté,,,,,,,,,,,2,2,2,1.0,3.0
201800050780,0018-05-17 10:15:00,18,5,17,10,15,750,105,"141, BOULEVARD SAINT MIC",48.8409,2.3373,Plein jour,En agglomération,Intersection en Y,Normale,Deux véhicules - côté,,,,,,,,,,,1,2,4,1.0,3.0
201800050781,0018-05-24 17:52:00,18,5,24,17,52,750,106,"9, QUAI MALAQUAIS",48.8577,2.33536,Plein jour,En agglomération,Intersection en T,Normale,Deux véhicules - côté,,,,,,,,,,,1,2,3,1.0,3.0
201800050782,0018-05-25 10:40:00,18,5,25,10,40,750,106,"2, RUE DU SABOT",48.8531,2.33128,Plein jour,En agglomération,Intersection en Y,Normale,Autre collision,,,,,,,,,,,1,2,4,1.0,6.0
201800050783,0018-05-30 09:01:00,18,5,30,9,1,750,106,BOULEVARD DU MONTPARNAS,48.8431,2.32635,Plein jour,En agglomération,Intersection en X,Normale,Autre collision,,,,,,,,,,,1,2,2,1.0,6.0
201800050784,0018-06-26 09:45:00,18,6,26,9,45,750,106,"19, BOULEVARD DU MONTPAR",48.8455,2.31913,Plein jour,En agglomération,Intersection en X,Normale,Deux véhicules - arrière,,,,,,,,,,,1,2,2,1.0,2.0
201800050785,0018-07-02 09:45:00,18,7,2,9,45,750,106,"01, BOULEVARD DU MONTPAR",48.8468,2.31657,Plein jour,En agglomération,Intersection en X,Normale,Deux véhicules - côté,,,,,,,,,,,1,2,2,1.0,3.0
201800050786,0018-07-04 10:40:00,18,7,4,10,40,750,115,BOULEVARD DU MONTPARNASS,48.8441,2.3231,Plein jour,En agglomération,Place,Normale,Deux véhicules - côté,,,,,,,,,,,1,2,7,1.0,3.0
201800050787,0018-07-09 07:00:00,18,7,9,7,0,750,106,"23, QUAI DE CONTI",48.8576,2.33753,Plein jour,En agglomération,Hors intersection,Normale,Deux véhicules - arrière,,,,,,,,,,,1,2,1,1.0,2.0
201800050788,0018-07-10 22:26:00,18,7,10,22,26,750,106,"4, AVENUE DE L OBSERVATO",48.8409,2.3373,Nuit avec éclairage allumé,En agglomération,Intersection à plus de 4 branches,Normale,Autre collision,,,,,,,,,,,5,2,5,1.0,6.0
201800050789,0018-07-13 13:13:00,18,7,13,13,13,750,106,"23, QUAI DE CONTI",48.8576,2.33753,Plein jour,En agglomération,Hors intersection,Normale,Deux véhicules - côté,,,,,,,,,,,1,2,1,1.0,3.0
201800050790,0018-07-13 17:00:00,18,7,13,17,0,750,106,"11, RUE DE L ODEON",48.8509,2.33867,Plein jour,En agglomération,Hors intersection,Normale,Autre collision,,,,,,,,,,,1,2,1,1.0,6.0
201800050791,0018-08-11 19:30:00,18,8,11,19,30,750,106,RUE D ASSAS,48.86667,2.33333,Plein jour,En agglomération,Intersection en X,Normale,Deux véhicules - côté,,,,,,,,,,,1,2,2,1.0,3.0
201800050792,0018-08-20 09:30:00,18,8,20,9,30,750,106,BOULEVARD DU MONTPARNASS,48.839,2.335,Plein jour,En agglomération,Intersection à plus de 4 branches,Normale,Autre collision,,,,,,,,,,,1,2,5,1.0,6.0
201800050793,0018-08-22 17:10:00,18,8,22,17,10,750,106,RUE DE RENNES,48.8478,2.32786,Plein jour,En agglomération,Intersection en X,Normale,Deux véhicules - côté,,,,,,,,,,,1,2,2,1.0,3.0
201800050794,0018-09-04 11:10:00,18,9,4,11,10,750,106,PLACE SAINT SULPICE,48.851,2.333,Plein jour,En agglomération,Place,Normale,Deux véhicules - arrière,,,,,,,,,,,1,2,7,1.0,2.0
201800050795,0018-09-07 22:15:00,18,9,7,22,15,750,106,RUE D ASSAS,48.84232,2.3349,Nuit avec éclairage allumé,En agglomération,Intersection en T,Normale,Deux véhicules - côté,,,,,,,,,,,5,2,3,1.0,3.0
201800050796,0018-09-10 10:25:00,18,9,10,10,25,750,106,RUE MONSIEUR LE PRINCE,48.8511,2.33938,Plein jour,En agglomération,Intersection en X,Normale,Deux véhicules - arrière,,,,,,,,,,,1,2,2,1.0,2.0
201800050797,0018-09-10 12:00:00,18,9,10,12,0,750,106,RUE CASSETTE,48.85,2.33,Plein jour,En agglomération,Intersection en Y,Normale,Autre collision,,,,,,,,,,,1,2,4,1.0,6.0
201800050798,0018-09-11 19:00:00,18,9,11,19,0,750,106,RUE DE VAUGIRARD,,,Plein jour,En agglomération,Hors intersection,Normale,Autre collision,,,,,,,,,,,1,2,1,1.0,6.0
201800050799,0018-09-15 13:30:00,18,9,15,13,30,750,106,BOULEVARD SAINT GERMAIN,48.854,2.33,Plein jour,En agglomération,Hors intersection,Normale,Autre collision,,,,,,,,,,,1,2,1,1.0,6.0
201800050800,0018-09-19 17:35:00,18,9,19,17,35,750,106,RUE DE VAUGIRARD,,,Plein jour,En agglomération,Intersection en T,Normale,Autre collision,,,,,,,,,,,1,2,3,1.0,6.0
201800050801,0018-09-20 10:50:00,18,9,20,10,50,750,106,RUE DE VAUGIRARD,48.846,2.324,Plein jour,En agglomération,Intersection en X,Normale,Deux véhicules - côté,,,,,,,,,,,1,2,2,1.0,3.0
201800050802,0018-09-24 23:30:00,18,9,24,23,30,750,106,RUE DE RENNES,48.84733,2.32682,Nuit avec éclairage allumé,En agglomération,Intersection en Y,Normale,Deux véhicules - côté,,,,,,,,,,,5,2,4,1.0,3.0
201800050803,0018-09-27 06:00:00,18,9,27,6,0,750,106,BOULEVARD SAINT MICHEL,48.841,2.337,Nuit avec éclairage allumé,En agglomération,Intersection en X,Normale,Deux véhicules - côté,,,,,,,,,,,5,2,2,1.0,3.0
201800050804,0018-09-27 21:02:00,18,9,27,21,2,750,106,RUE HAUTEFEUILLE,48.85097,2.341,Nuit avec éclairage allumé,En agglomération,Intersection en Y,Normale,Deux véhicules - côté,,,,,,,,,,,5,2,4,1.0,3.0
201800050805,0018-10-06 22:45:00,18,10,6,22,45,750,106,RUE DE BOURBON LE CHATEA,48.853,2.336,Nuit avec éclairage allumé,En agglomération,Intersection en X,Normale,Autre collision,,,,,,,,,,,5,2,2,1.0,6.0
201800050806,0018-10-09 16:40:00,18,10,9,16,40,750,106,RUE D ASSAS,,,Plein jour,En agglomération,Hors intersection,Normale,Sans collision,,,,,,,,,,,1,2,1,1.0,7.0
201800050807,0018-10-11 17:25:00,18,10,11,17,25,750,106,PONT NEUF,48.85675,2.34095,Plein jour,En agglomération,Hors intersection,Normale,Autre collision,,,,,,,,,,,1,2,1,1.0,6.0
201800050808,0018-10-15 07:05:00,18,10,15,7,5,750,106,BOULEVARD RASPAIL,48.84349,2.33184,Crépuscule ou aube,En agglomération,Intersection en X,Normale,Deux véhicules - arrière,,,,,,,,,,,2,2,2,1.0,2.0
201800050809,0018-10-19 16:10:00,18,10,19,16,10,750,106,BOULEVARD SAINT GERMAIN,,,Plein jour,En agglomération,Place,Normale,Deux véhicules - côté,,,,,,,,,,,1,2,7,1.0,3.0
201800050810,0018-10-22 08:05:00,18,10,22,8,5,750,106,BOULEVARD DU MONTPARNASS,,,Plein jour,En agglomération,Intersection en T,Normale,Autre collision,,,,,,,,,,,1,2,3,1.0,6.0
201800050811,0018-10-25 14:08:00,18,10,25,14,8,750,106,RUE DE RENNES,48.0,2.328,Plein jour,En agglomération,Intersection en X,Normale,Deux véhicules - côté,,,,,,,,,,,1,2,2,1.0,3.0
201800050812,0018-10-30 15:45:00,18,10,30,15,45,750,106,RUE DE L ABBE GREGOIRE,48.84694,2.32609,Plein jour,En agglomération,Intersection en T,Temps couvert,Deux véhicules - côté,,,,,,,,,,,1,2,3,8.0,3.0
201800050813,0018-11-12 20:45:00,18,11,12,20,45,750,106,RUE DE RENNES,48.849,2.328,Nuit avec éclairage allumé,En agglomération,Intersection en X,Normale,Autre collision,,,,,,,,,,,5,2,2,1.0,6.0
201800050814,0018-11-23 10:50:00,18,11,23,10,50,750,106,RUE DE RENNES,48.8,2.325,Plein jour,En agglomération,Hors intersection,Temps couvert,Autre collision,,,,,,,,,,,1,2,1,8.0,6.0
201800050815,0018-11-25 09:50:00,18,11,25,9,50,750,106,BOULEVARD SAINT GERMAIN,48.852,2.34,Plein jour,En agglomération,Intersection en T,Pluie légère,Deux véhicules - frontale,,,,,,,,,,,1,2,3,2.0,1.0
201800050816,0018-11-30 10:20:00,18,11,30,10,20,750,106,BOULEVARD SAINT MICHEL,,,Plein jour,En agglomération,Hors intersection,Normale,Autre collision,,,,,,,,,,,1,2,1,1.0,6.0
201800050817,0018-11-30 22:27:00,18,11,30,22,27,750,106,RUE DE RENNES,48.84875,2.3283,Nuit avec éclairage allumé,En agglomération,Intersection en X,Normale,Deux véhicules - arrière,,,,,,,,,,,5,2,2,1.0,2.0
201800050818,0018-12-11 09:42:00,18,12,11,9,42,750,106,RUE DANTON,,,Plein jour,En agglomération,Intersection en Y,Normale,Deux véhicules - côté,,,,,,,,,,,1,2,4,1.0,3.0