accident_id,datetime,annee,mois,jour,heure,minute,departement,commune_insee,adresse,latitude,longitude,luminosite,agglomeration,intersection,meteo,collision,nb_vehicules,nb_usagers,nb_indemnes,nb_tues,nb_blesses_hosp,nb_blesses_legers,age_cond_1,age_cond_2,veh_type_cond_1,veh_type_cond_2,lum_code,agg_code,int_code,atm_code,col_code
201800051182,0018-09-05 13:00:00,18,9,5,13,0,750,108,AVENUE DES CHAMPS ELYSEE,48.86755,2.31384,Plein jour,En agglomération,Place,Normale,Autre collision,,,,,,,,,,,1,2,7,1.0,6.0
201800051183,0018-09-06 20:15:00,18,9,6,20,15,750,108,AVENUE DES CHAMPS ELYSEE,,,Crépuscule ou aube,En agglomération,Intersection en T,Normale,Deux véhicules - côté,,,,,,,,,,,2,2,3,1.0,3.0
201800051184,0018-09-09 23:55:00,18,9,9,23,55,750,108,BOULEVARD HAUSSMANN,48.873,2.326,Nuit avec éclairage allumé,En agglomération,Intersection en X,Normale,Sans collision,,,,,,,,,,,5,2,2,1.0,7.0
201800051185,0018-09-10 11:30:00,18,9,10,11,30,750,108,AVENUE DE WAGRAM,48.877,2.297,Plein jour,En agglomération,Hors intersection,Normale,Autre collision,,,,,,,,,,,1,2,1,1.0,6.0
201800051186,0018-09-11 13:00:00,18,9,11,13,0,750,108,BOULEVARD DES BATIGNOLLE,,,Plein jour,En agglomération,Hors intersection,Normale,Deux véhicules - côté,,,,,,,,,,,1,2,1,1.0,3.0
201800051187,0018-09-11 19:00:00,18,9,11,19,0,750,108,BOULEVARD HAUSSMANN,48.87505,2.30903,Plein jour,En agglomération,Intersection en X,Temps éblouissant,Deux véhicules - côté,,,,,,,,,,,1,2,2,7.0,3.0
201800051188,0018-09-11 22:20:00,18,9,11,22,20,750,108,COURS ALBERT 1ER,48.86,2.3,Nuit avec éclairage allumé,En agglomération,Hors intersection,Normale,Deux véhicules - arrière,,,,,,,,,,,5,2,1,1.0,2.0
201800051189,0018-09-12 16:50:00,18,9,12,16,50,750,108,BOULEVARD MALESHERBES,,,Plein jour,En agglomération,Intersection en X,Normale,Deux véhicules - côté,,,,,,,,,,,1,2,2,1.0,3.0
201800051190,0018-09-13 09:20:00,18,9,13,9,20,750,108,RUE DE SAINT PETERSBOURG,,,Plein jour,En agglomération,Intersection en T,Pluie légère,Autre collision,,,,,,,,,,,1,2,3,2.0,6.0
201800051191,0018-09-14 09:40:00,18,9,14,9,40,750,108,BOULEVARD HAUSSMANN,,,Plein jour,En agglomération,Hors intersection,Normale,Deux véhicules - arrière,,,,,,,,,,,1,2,1,1.0,2.0
201800051192,0018-09-14 22:48:00,18,9,14,22,48,750,108,PLACE CHARLES DE GAULLE,,,Crépuscule ou aube,En agglomération,Place,Normale,Deux véhicules - côté,,,,,,,,,,,2,2,7,1.0,3.0
201800051193,0018-09-15 16:10:00,18,9,15,16,10,750,108,BOULEVARD DE COURCELLES,48.8,2.31,Plein jour,En agglomération,Hors intersection,Normale,Deux véhicules - côté,,,,,,,,,,,1,2,1,1.0,3.0
201800051194,0018-09-17 09:30:00,18,9,17,9,30,750,108,AVENUE DES CHAMPS ELYSEE,48.87331,2.29689,Plein jour,En agglomération,Hors intersection,Normale,Autre collision,,,,,,,,,,,1,2,1,1.0,6.0
201800051195,0018-09-17 12:00:00,18,9,17,12,0,750,108,AVENUE GEORGE V,48.86674,2.30103,Plein jour,En agglomération,Intersection en T,Normale,Deux véhicules - côté,,,,,,,,,,,1,2,3,1.0,3.0
201800051196,0018-09-18 10:30:00,18,9,18,10,30,750,108,RUE DE ROME,48.87425,2.32583,Plein jour,En agglomération,Intersection en Y,Normale,Deux véhicules - côté,,,,,,,,,,,1,2,4,1.0,3.0
201800051197,0018-09-18 16:30:00,18,9,18,16,30,750,108,AVENUE WINSTON CHURCHILL,48.866,2.31404,Plein jour,En agglomération,Intersection en T,Normale,Autre collision,,,,,,,,,,,1,2,3,1.0,6.0
201800051198,0018-09-18 22:00:00,18,9,18,22,0,750,104,RUE DE RIVOLI,48.85825,2.34888,Nuit avec éclairage allumé,En agglomération,Intersection en T,Normale,Autre collision,,,,,,,,,,,5,2,3,1.0,6.0
201800051199,0018-09-18 13:15:00,18,9,18,13,15,750,108,RUE ROYALE,48.86859,2.32319,Plein jour,En agglomération,Intersection en X,Pluie légère,Deux véhicules - arrière,,,,,,,,,,,1,2,2,2.0,2.0
201800051200,0018-09-19 08:00:00,18,9,19,8,0,750,108,ROND POINT CHAMPS ELYSEE,48.869,2.31006,Plein jour,En agglomération,Place,Normale,Deux véhicules - côté,,,,,,,,,,,1,2,7,1.0,3.0
201800051201,0018-09-19 08:55:00,18,9,19,8,55,750,108,BOULEVARD DES BATIGNOLLE,48.881,2.318,Plein jour,En agglomération,Intersection en T,Normale,Deux véhicules - arrière,,,,,,,,,,,1,2,3,1.0,2.0
201800051202,0018-09-19 16:30:00,18,9,19,16,30,750,108,RUE DE ROME,48.8774,2.32307,Plein jour,En agglomération,Intersection en T,Normale,Deux véhicules - côté,,,,,,,,,,,1,2,3,1.0,3.0
201800051203,0018-09-21 14:10:00,18,9,21,14,10,750,108,BOULEVARD HAUSSMANN,,,Plein jour,En agglomération,Hors intersection,Normale,Autre collision,,,,,,,,,,,1,2,1,1.0,6.0
201800051204,0018-09-22 13:10:00,18,9,22,13,10,750,108,PLACE DE LA CONCORDE,,,Plein jour,En agglomération,Place,Normale,Deux véhicules - côté,,,,,,,,,,,1,2,7,1.0,3.0
201800051205,0018-09-22 14:45:00,18,9,22,14,45,750,108,AVENUE DES CHAMPS ELYSEE,48.86,2.31,Plein jour,En agglomération,Intersection en X,Pluie légère,Trois véhicules et plus - en chaîne,,,,,,,,,,,1,2,2,2.0,4.0
201800051206,0018-09-25 00:01:00,18,9,25,0,1,750,101,RUE DE RIVOLI,48.8572,2.32607,Nuit avec éclairage allumé,En agglomération,Intersection en T,Normale,Deux véhicules - côté,,,,,,,,,,,5,2,3,1.0,3.0
201800051207,0018-09-25 20:10:00,18,9,25,20,10,750,108,RUE DE ROME,48.8796,2.31768,Nuit avec éclairage allumé,En agglomération,Intersection en X,Normale,Autre collision,,,,,,,,,,,5,2,2,1.0,6.0
201800051208,0018-09-26 14:50:00,18,9,26,14,50,750,108,RUE DE ROME,48.87849,2.32219,Plein jour,En agglomération,Intersection en X,Normale,Autre collision,,,,,,,,,,,1,2,2,1.0,6.0
201800051209,0018-09-26 20:30:00,18,9,26,20,30,750,108,RUE ROYALE,48.86772,2.32251,Nuit avec éclairage allumé,En agglomération,Intersection en X,Normale,Autre collision,,,,,,,,,,,5,2,2,1.0,6.0
201800051210,0018-09-27 08:40:00,18,9,27,8,40,750,108,VOIE GEORGES POMPIDOU,48.86,2.3,Plein jour,En agglomération,Hors intersection,Normale,Autre collision,,,,,,,,,,,1,2,1,1.0,6.0
201800051211,0018-09-29 00:10:00,18,9,29,0,10,750,116,RUE RAYNOUARD,48.8532,2.27651,Nuit avec éclairage allumé,En agglomération,Hors intersection,Normale,Autre collision,,,,,,,,,,,5,2,1,1.0,6.0
201800051212,0018-09-30 20:40:00,18,9,30,20,40,750,108,AVENUE GABRIEL,,,Nuit avec éclairage allumé,En agglomération,Intersection en X,Normale,Sans collision,,,,,,,,,,,5,2,2,1.0,7.0
201800051213,0018-10-01 14:45:00,18,10,1,14,45,750,108,PLACE DE LA CONCORDE,,,Plein jour,En agglomération,Place,Normale,Autre collision,,,,,,,,,,,1,2,7,1.0,6.0
201800051214,0018-10-01 14:45:00,18,10,1,14,45,750,108,AVENUE HOCHE,,,Plein jour,En agglomération,Hors intersection,Normale,Deux véhicules - côté,,,,,,,,,,,1,2,1,1.0,3.0
201800051215,0018-10-02 13:15:00,18,10,2,13,15,750,108,RUE ROYALE,48.86799,2.32316,Plein jour,En agglomération,Hors intersection,Pluie légère,Deux véhicules - côté,,,,,,,,,,,1,2,1,2.0,3.0
201800051216,0018-10-03 09:30:00,18,10,3,9,30,750,116,AVENUE DE MALAKOFF,48.8,2.28,Plein jour,En agglomération,Hors intersection,Temps couvert,Deux véhicules - côté,,,,,,,,,,,1,2,1,8.0,3.0
201800051217,0018-10-04 06:23:00,18,10,4,6,23,750,108,PLACE DE LA CONCORDE,,,Nuit avec éclairage allumé,En agglomération,Place,Normale,Autre collision,,,,,,,,,,,5,2,7,1.0,6.0
201800051218,0018-10-04 16:25:00,18,10,4,16,25,750,108,BOULEVARD MALESHERBES,48.88,2.313,Plein jour,En agglomération,Hors intersection,Normale,Autre collision,,,,,,,,,,,1,2,1,1.0,6.0
201800051219,0018-10-04 16:35:00,18,10,4,16,35,750,101,PLACE DE LA CONCORDE,,,Plein jour,En agglomération,Place,Normale,Deux véhicules - côté,,,,,,,,,,,1,2,7,1.0,3.0
201800051220,0018-10-05 00:25:00,18,10,5,0,25,750,108,AVENUE WINSTON CHURCHILL,48.86496,2.31366,Nuit avec éclairage allumé,En agglomération,Intersection en X,Normale,Deux véhicules - côté,,,,,,,,,,,5,2,2,1.0,3.0
201800051221,0018-10-05 08:11:00,18,10,5,8,11,750,108,RUE DE SAINT PETERSBOURG,,,Plein jour,En agglomération,Intersection en X,Normale,Autre collision,,,,,,,,,,,1,2,2,1.0,6.0
201800051222,0018-10-06 19:40:00,18,10,6,19,40,750,108,PLACE DE LA CONCORDE,,,Nuit avec éclairage allumé,En agglomération,Place,Normale,Deux véhicules - côté,,,,,,,,,,,5,2,7,1.0,3.0
201800051223,0018-10-06 22:15:00,18,10,6,22,15,750,108,AVENUE MATIGNON,48.86992,2.31181,Nuit avec éclairage allumé,En agglomération,Intersection en X,Normale,Deux véhicules - côté,,,,,,,,,,,5,2,2,1.0,3.0
201800051224,0018-10-06 21:15:00,18,10,6,21,15,750,108,PLACE CLEMENCEAU,48.86786,2.31398,Nuit avec éclairage allumé,En agglomération,Place,Normale,Deux véhicules - côté,,,,,,,,,,,5,2,7,1.0,3.0
201800051225,0018-10-10 16:00:00,18,10,10,16,0,750,108,PONT DE L ALMA,,,Plein jour,En agglomération,Place,Normale,Autre collision,,,,,,,,,,,1,2,7,1.0,6.0
201800051226,0018-10-11 18:40:00,18,10,11,18,40,750,108,PLACE DE LA CONCORDE,,,Nuit avec éclairage allumé,En agglomération,Place,Normale,Autre collision,,,,,,,,,,,5,2,7,1.0,6.0
201800051227,0018-10-12 08:00:00,18,10,12,8,0,750,108,AVENUE DE FRIEDLAND,48.87444,2.30302,Plein jour,En agglomération,Place,Temps couvert,Deux véhicules - côté,,,,,,,,,,,1,2,7,8.0,3.0
201800051228,0018-10-12 09:30:00,18,10,12,9,30,750,108,AVENUE GEORGE V,48.86596,2.30109,Plein jour,En agglomération,Intersection en Y,Normale,Autre collision,,,,,,,,,,,1,2,4,1.0,6.0
201800051229,0018-10-12 10:50:00,18,10,12,10,50,750,108,RUE DU FAUBOURG SAINT HO,48.87213,2.31622,Plein jour,En agglomération,Intersection en T,Normale,Deux véhicules - côté,,,,,,,,,,,1,2,3,1.0,3.0
201800051230,0018-10-13 11:00:00,18,10,13,11,0,750,108,RUE TRONCHET,48.872,2.326,Plein jour,En agglomération,Intersection en T,Normale,Deux véhicules - côté,,,,,,,,,,,1,2,3,1.0,3.0
201800051231,0018-10-15 22:48:00,18,10,15,22,48,750,116,RUE DES VIGNES,48.8558,2.275,Nuit avec éclairage allumé,En agglomération,Hors intersection,Normale,Autre collision,,,,,,,,,,,5,2,1,1.0,6.0
201800051232,0018-10-16 16:30:00,18,10,16,16,30,750,108,ROND POINT CHAMPS ELYSEE,48.86864,2.3095,Plein jour,En agglomération,Intersection en X,Normale,Sans collision,,,,,,,,,,,1,2,2,1.0,7.0
201800051233,0018-10-17 18:20:00,18,10,17,18,20,750,108,RUE DE SAINT PETERSBOURG,48.883,2.326,Crépuscule ou aube,En agglomération,Intersection en Y,Normale,Deux véhicules - arrière,,,,,,,,,,,2,2,4,1.0,2.0
201800051234,0018-10-19 00:30:00,18,10,19,0,30,750,108,PONT DES INVALIDES,48.86428,2.31036,Nuit avec éclairage allumé,En agglomération,Place,Normale,Deux véhicules - côté,,,,,,,,,,,5,2,7,1.0,3.0
201800051235,0018-10-19 10:15:00,18,10,19,10,15,750,108,PLACE CHARLES DE GAULLE,48.87424,2.29645,Plein jour,En agglomération,Place,Normale,Autre collision,,,,,,,,,,,1,2,7,1.0,6.0
201800051236,0018-10-18 20:45:00,18,10,18,20,45,750,108,PLACE DE LA CONCORDE,48.87,2.32,Nuit avec éclairage allumé,En agglomération,Place,Normale,Autre collision,,,,,,,,,,,5,2,7,1.0,6.0
201800051237,0018-10-21 17:10:00,18,10,21,17,10,750,108,RUE D ARTOIS,,,Plein jour,En agglomération,Intersection en Y,Normale,Deux véhicules - côté,,,,,,,,,,,1,2,4,1.0,3.0
201800051238,0018-10-23 11:20:00,18,10,23,11,20,750,117,RUE GUY MOQUET,48.892,2.324,Plein jour,En agglomération,Hors intersection,Normale,Autre collision,,,,,,,,,,,1,2,1,1.0,6.0
201800051239,0018-10-25 09:00:00,18,10,25,9,0,750,108,RUE BALZAC,48.87,2.3,Plein jour,En agglomération,Hors intersection,Normale,Autre collision,,,,,,,,,,,1,2,1,1.0,6.0
201800051240,0018-10-25 13:00:00,18,10,25,13,0,750,108,RUE D AMSTERDAM,48.87727,2.32679,Plein jour,En agglomération,Place,Normale,Autre collision,,,,,,,,,,,1,2,7,1.0,6.0
201800051241,0018-10-26 19:20:00,18,10,26,19,20,750,108,COURS LA REINE,,,Nuit avec éclairage non allumé,En agglomération,Intersection en X,Pluie légère,Deux véhicules - côté,,,,,,,,,,,4,2,2,2.0,3.0
201800051242,0018-10-30 13:00:00,18,10,30,13,0,750,108,AVENUE DES CHAMPS ELYSEE,,,Plein jour,En agglomération,Hors intersection,Temps couvert,Deux véhicules - côté,,,,,,,,,,,1,2,1,8.0,3.0
201800051243,0018-10-31 12:40:00,18,10,31,12,40,750,108,RUE DE ROME,48.87804,2.32262,Plein jour,En agglomération,Intersection en X,Normale,Deux véhicules - côté,,,,,,,,,,,1,2,2,1.0,3.0
201800051244,0018-10-31 16:10:00,18,10,31,16,10,750,108,RUE DE BERRI,48.8753,2.3094,Plein jour,En agglomération,Intersection en T,Pluie légère,Deux véhicules - côté,,,,,,,,,,,1,2,3,2.0,3.0
201800051245,0018-10-31 19:50:00,18,10,31,19,50,750,108,RUE ROYALE,48.86848,2.32351,Nuit avec éclairage allumé,En agglomération,Intersection en X,Pluie légère,Autre collision,,,,,,,,,,,5,2,2,2.0,6.0
201800051246,0018-11-02 12:35:00,18,11,2,12,35,750,108,RUE DE COURCELLES,48.87732,2.30649,Plein jour,En agglomération,Intersection en T,Normale,Deux véhicules - côté,,,,,,,,,,,1,2,3,1.0,3.0
201800051247,0018-11-05 10:10:00,18,11,5,10,10,750,108,BOULEVARD HAUSSMANN,48.87483,2.30527,Plein jour,En agglomération,Intersection en X,Normale,Autre collision,,,,,,,,,,,1,2,2,1.0,6.0
201800051248,0018-11-07 23:40:00,18,11,7,23,40,750,108,PLACE DE LA CONCORDE,48.87,2.32,Nuit avec éclairage allumé,En agglomération,Place,Temps couvert,Deux véhicules - côté,,,,,,,,,,,5,2,7,8.0,3.0
201800051249,0018-11-08 12:20:00,18,11,8,12,20,750,117,RUE DE TOCQUEVILLE,48.0,2.3,Plein jour,En agglomération,Intersection en X,Normale,Autre collision,,,,,,,,,,,1,2,2,1.0,6.0
201800051250,0018-11-10 08:30:00,18,11,10,8,30,750,108,COURS LA REINE,,,Crépuscule ou aube,En agglomération,Intersection en X,Pluie légère,Deux véhicules - côté,,,,,,,,,,,2,2,2,2.0,3.0
201800051251,0018-11-11 17:25:00,18,11,11,17,25,750,108,AVENUE FRANKLIN D ROOSEV,48.86649,2.31003,Nuit avec éclairage allumé,En agglomération,Hors intersection,Pluie légère,Autre collision,,,,,,,,,,,5,2,1,2.0,6.0
201800051252,0018-11-12 06:10:00,18,11,12,6,10,750,108,RUE TRONCHET,48.87152,2.32579,Nuit avec éclairage allumé,En agglomération,Intersection en X,Pluie légère,Deux véhicules - côté,,,,,,,,,,,5,2,2,2.0,3.0
201800051253,0018-11-13 14:30:00,18,11,13,14,30,750,108,BOULEVARD MALESHERBES,48.87708,2.31418,Plein jour,En agglomération,Intersection en X,Normale,Deux véhicules - côté,,,,,,,,,,,1,2,2,1.0,3.0
201800051254,0018-11-15 16:30:00,18,11,15,16,30,750,108,BOULEVARD MALESHERBES,,,Crépuscule ou aube,En agglomération,Intersection en X,Normale,Autre collision,,,,,,,,,,,2,2,2,1.0,6.0
201800051255,0018-11-15 19:45:00,18,11,15,19,45,750,108,AVENUE GEORGE V,48.8,2.3,Nuit avec éclairage allumé,En agglomération,Place,Temps couvert,Autre collision,,,,,,,,,,,5,2,7,8.0,6.0
201800051256,0018-11-16 00:40:00,18,11,16,0,40,750,108,AVENUE MARCEAU,48.86606,2.29969,Nuit avec éclairage allumé,En agglomération,Place,Normale,Deux véhicules - côté,,,,,,,,,,,5,2,7,1.0,3.0
201800051257,0018-11-20 11:10:00,18,11,20,11,10,750,108,PLACE DU CANADA,48.86,2.31,Plein jour,En agglomération,Intersection en X,Pluie légère,Deux véhicules - arrière,,,,,,,,,,,1,2,2,2.0,2.0
201800051258,0018-11-21 09:30:00,18,11,21,9,30,750,108,PLACE DE LA CONCORDE,,,Plein jour,En agglomération,Place,Normale,Deux véhicules - côté,,,,,,,,,,,1,2,7,1.0,3.0
201800051259,0018-11-21 12:15:00,18,11,21,12,15,750,108,AVENUE MATIGNON,,,Plein jour,En agglomération,Hors intersection,Normale,Deux véhicules - côté,,,,,,,,,,,1,2,1,1.0,3.0
201800051260,0018-11-21 13:25:00,18,11,21,13,25,750,108,AVENUE HOCHE,,,Plein jour,En agglomération,Hors intersection,Normale,Deux véhicules - arrière,,,,,,,,,,,1,2,1,1.0,2.0
201800051261,0018-11-21 19:15:00,18,11,21,19,15,750,108,PONT DE L ALMA,48.86372,2.3016,Nuit avec éclairage allumé,En agglomération,Hors intersection,Normale,Autre collision,,,,,,,,,,,5,2,1,1.0,6.0
201800051262,0018-11-22 15:00:00,18,11,22,15,0,750,108,RUE PIERRE CHARRON,48.86905,2.30264,Plein jour,En agglomération,Intersection en X,Pluie légère,Autre collision,,,,,,,,,,,1,2,2,2.0,6.0
201800051263,0018-11-23 08:29:00,18,11,23,8,29,750,108,AVENUE DES CHAMPS ELYSEE,,,Plein jour,En agglomération,Intersection en X,Normale,Deux véhicules - côté,,,,,,,,,,,1,2,2,1.0,3.0
201800051264,0018-11-24 01:40:00,18,11,24,1,40,750,108,PLACE DE LA CONCORDE,48.86411,2.32009,Nuit avec éclairage allumé,En agglomération,Place,Pluie forte,Deux véhicules - côté,,,,,,,,,,,5,2,7,3.0,3.0
201800051265,0018-11-24 10:30:00,18,11,24,10,30,750,117,AVENUE DE LA PORTE DE VI,,,Plein jour,En agglomération,Intersection en X,Normale,Sans collision,,,,,,,,,,,1,2,2,1.0,7.0
201800051266,0018-11-24 10:40:00,18,11,24,10,40,750,108,BOULEVARD MALESHERBES,48.8806,2.31256,Plein jour,En agglomération,Intersection en X,Normale,Deux véhicules - côté,,,,,,,,,,,1,2,2,1.0,3.0
201800051267,0018-11-26 17:32:00,18,11,26,17,32,750,108,PLACE DE LA CONCORDE,,,Nuit avec éclairage allumé,En agglomération,Place,Temps couvert,Deux véhicules - côté,,,,,,,,,,,5,2,7,8.0,3.0
201800051268,0018-11-26 19:00:00,18,11,26,19,0,750,108,BOULEVARD MALESHERBES,48.8,2.32,Nuit avec éclairage allumé,En agglomération,Hors intersection,Pluie légère,Deux véhicules - côté,,,,,,,,,,,5,2,1,2.0,3.0
201800051269,0018-11-26 20:35:00,18,11,26,20,35,750,108,RUE D AMSTERDAM,,,Nuit avec éclairage allumé,En agglomération,Hors intersection,Pluie légère,Autre collision,,,,,,,,,,,5,2,1,2.0,6.0
201800051270,0018-11-28 08:45:00,18,11,28,8,45,750,108,BOULEVARD MALESHERBES,48.8702,2.32293,Plein jour,En agglomération,Intersection en X,Pluie légère,Autre collision,,,,,,,,,,,1,2,2,2.0,6.0
201800051271,0018-11-28 18:44:00,18,11,28,18,44,750,108,AVENUE MATIGNON,,,Nuit avec éclairage allumé,En agglomération,Hors intersection,Normale,Sans collision,,,,,,,,,,,5,2,1,1.0,7.0
201800051272,0018-11-29 13:30:00,18,11,29,13,30,750,108,AVENUE DES CHAMPS ELYSEE,48.87097,2.3035,Plein jour,En agglomération,Intersection en T,Normale,Deux véhicules - arrière,,,,,,,,,,,1,2,3,1.0,2.0
201800051273,0018-12-02 02:55:00,18,12,2,2,55,750,108,AVENUE DES CHAMPS ELYSEE,48.868,2.31,Nuit avec éclairage non allumé,En agglomération,Intersection en Y,Pluie légère,Deux véhicules - arrière,,,,,,,,,,,4,2,4,2.0,2.0
201800051274,0018-12-02 13:10:00,18,12,2,13,10,750,108,AVENUE PERCIER,,,Plein jour,En agglomération,Hors intersection,Normale,Sans collision,,,,,,,,,,,1,2,1,1.0,7.0
201800051275,0018-12-02 20:20:00,18,12,2,20,20,750,108,AVENUE DES CHAMPS ELYSEE,48.86584,2.31992,Nuit avec éclairage allumé,En agglomération,Intersection en X,Normale,Deux véhicules - côté,,,,,,,,,,,5,2,2,1.0,3.0
201800051276,0018-12-03 09:30:00,18,12,3,9,30,750,108,PLACE DU CANADA,,,Plein jour,En agglomération,Place,Temps couvert,Trois véhicules et plus - en chaîne,,,,,,,,,,,1,2,7,8.0,4.0
201800051277,0018-12-04 07:59:00,18,12,4,7,59,750,108,BOULEVARD DE COURCELLES,,,Crépuscule ou aube,En agglomération,Intersection en X,Pluie légère,Deux véhicules - côté,,,,,,,,,,,2,2,2,2.0,3.0
201800051278,0018-12-04 12:15:00,18,12,4,12,15,750,108,AVENUE DES CHAMPS ELYSEE,,,Plein jour,En agglomération,Hors intersection,Normale,Deux véhicules - arrière,,,,,,,,,,,1,2,1,1.0,2.0
201800051279,0018-12-05 09:40:00,18,12,5,9,40,750,108,PLACE DE LA CONCORDE,,,Plein jour,En agglomération,Place,Normale,Deux véhicules - côté,,,,,,,,,,,1,2,7,1.0,3.0
201800051280,0018-12-06 11:45:00,18,12,6,11,45,750,108,RUE DE ROME,48.86272,2.28759,Plein jour,En agglomération,Intersection en X,Pluie légère,Deux véhicules - arrière,,,,,,,,,,,1,2,2,2.0,2.0
201800051281,0018-12-07 13:10:00,18,12,7,13,10,750,108,RUE VERNET,48.8718,2.29848,Plein jour,En agglomération,Intersection en X,Pluie légère,Autre collision,,,,,,,,,,,1,2,2,2.0,6.0
201800051282,0018-12-07 17:05:00,18,12,7,17,5,750,108,AVENUE DES CHAMPS ELYSEE,48.87232,2.29967,Nuit avec éclairage allumé,En agglomération,Intersection en T,Pluie légère,Deux véhicules - côté,,,,,,,,,,,5,2,3,2.0,3.0
201800051283,0018-12-09 03:20:00,18,12,9,3,20,750,108,AVENUE GEORGE V,48.87091,2.30086,Nuit avec éclairage allumé,En agglomération,Intersection en X,Pluie légère,Deux véhicules - côté,,,,,,,,,,,5,2,2,2.0,3.0
201800051284,0018-12-11 08:45:00,18,12,11,8,45,750,108,RUE SAINT LAZARE,,,Plein jour,En agglomération,Hors intersection,Normale,Deux véhicules - côté,,,,,,,,,,,1,2,1,1.0,3.0
201800051285,0018-12-12 15:50:00,18,12,12,15,50,750,108,PLACE DE LA CONCORDE,48.8667,2.32165,Plein jour,En agglomération,Place,Normale,Deux véhicules - côté,,,,,,,,,,,1,2,7,1.0,3.0
201800051286,0018-12-13 19:40:00,18,12,13,19,40,750,117,PLACE DE LA PORTE MAILLO,48.9,2.28236,Nuit sans éclairage public,En agglomération,Place,Normale,Deux véhicules - côté,,,,,,,,,,,3,2,7,1.0,3.0
201800051287,0018-12-14 10:17:00,18,12,14,10,17,750,108,PLACE CHARLES DE GAULLE,,,Plein jour,En agglomération,Place,Temps éblouissant,Deux véhicules - côté,,,,,,,,,,,1,2,7,7.0,3.0
201800051288,0018-12-13 20:25:00,18,12,13,20,25,750,108,COURS LA REINE,48.86611,2.31248,Nuit avec éclairage allumé,En agglomération,Intersection en X,Normale,Sans collision,,,,,,,,,,,5,2,2,1.0,7.0
201800051289,0018-12-20 11:10:00,18,12,20,11,10,750,108,AVENUE MARCEAU,48.86597,2.29996,Plein jour,En agglomération,Place,Normale,Deux véhicules - côté,,,,,,,,,,,1,2,7,1.0,3.0
201800051290,0018-12-20 15:15:00,18,12,20,15,15,750,108,AVENUE DE WAGRAM,48.84,2.34,Plein jour,En agglomération,Intersection en Y,Normale,Deux véhicules - côté,,,,,,,,,,,1,2,4,1.0,3.0
201800051291,0018-12-20 16:40:00,18,12,20,16,40,750,108,AVENUE DES CHAMPS ELYSEE,,,Crépuscule ou aube,En agglomération,Place,Normale,Sans collision,,,,,,,,,,,2,2,7,1.0,7.0
201800051292,0018-12-20 19:00:00,18,12,20,19,0,750,108,PLACE DE LA CONCORDE,48.8668,2.32186,Nuit avec éclairage allumé,En agglomération,Place,Normale,Deux véhicules - côté,,,,,,,,,,,5,2,7,1.0,3.0
201800051293,0018-12-20 22:30:00,18,12,20,22,30,750,108,PLACE DE LA CONCORDE,48.8667,2.32184,Nuit avec éclairage allumé,En agglomération,Place,Normale,Deux véhicules - côté,,,,,,,,,,,5,2,7,1.0,3.0
201800051294,0018-12-21 09:33:00,18,12,21,9,33,750,108,AVENUE DES CHAMPS ELYSEE,48.8734,2.2965,Plein jour,En agglomération,Place,Pluie légère,Deux véhicules - arrière,,,,,,,,,,,1,2,7,2.0,2.0
201800051295,0018-12-21 17:15:00,18,12,21,17,15,750,108,RUE DE TILSITT,,,Nuit avec éclairage allumé,En agglomération,Intersection en X,Temps couvert,Autre collision,,,,,,,,,,,5,2,2,8.0,6.0
201800051296,0018-12-24 05:10:00,18,12,24,5,10,750,108,AVENUE PERCIER,48.87357,2.31443,Nuit avec éclairage allumé,En agglomération,Intersection en X,Pluie légère,Autre collision,,,,,,,,,,,5,2,2,2.0,6.0
201800051297,0018-12-24 06:00:00,18,12,24,6,0,750,108,PLACE DE LA CONCORDE,48.8644,2.3214,Nuit avec éclairage allumé,En agglomération,Place,Pluie légère,Deux véhicules - côté,,,,,,,,,,,5,2,7,2.0,3.0
201800051298,0018-12-26 20:55:00,18,12,26,20,55,750,108,BOULEVARD HAUSSMANN,48.87437,2.31736,Nuit avec éclairage allumé,En agglomération,Intersection en T,Normale,Deux véhicules - côté,,,,,,,,,,,5,2,3,1.0,3.0
201800051299,0018-01-02 13:09:00,18,1,2,13,9,750,109,"16, BOULEVARD POISSONNIE",48.8711,2.34568,Plein jour,En agglomération,Intersection en T,Temps couvert,Deux véhicules - côté,,,,,,,,,,,1,2,3,8.0,3.0
201800051300,0018-01-07 02:47:00,18,1,7,2,47,750,102,"05, BOULEVARD MONTMARTRE",48.8716,2.34238,Nuit avec éclairage allumé,En agglomération,Hors intersection,Normale,Autre collision,,,,,,,,,,,5,2,1,1.0,6.0
201800051301,0018-01-10 13:15:00,18,1,10,13,15,750,109,"32, RUE JOUBERT",48.8747,2.32889,Plein jour,En agglomération,Hors intersection,Normale,Autre collision,,,,,,,,,,,1,2,1,1.0,6.0
201800051302,0018-01-10 13:45:00,18,1,10,13,45,750,109,PLACE D ESTIENNE D ORVES,48.8763,2.33183,Plein jour,En agglomération,Place,Normale,Autre collision,,,,,,,,,,,1,2,7,1.0,6.0
201800051303,0018-01-12 11:05:00,18,1,12,11,5,750,109,"50, RUE DE CHATEAUDUN",48.8763,2.33386,Plein jour,En agglomération,Hors intersection,Normale,Deux véhicules - côté,,,,,,,,,,,1,2,1,1.0,3.0
201800051304,0018-01-13 17:25:00,18,1,13,17,25,750,109,"19, BOULEVARD DE ROCHECH",48.8833,2.34689,Crépuscule ou aube,En agglomération,Place,Normale,Autre collision,,,,,,,,,,,2,2,7,1.0,6.0
201800051305,0018-01-17 23:20:00,18,1,17,23,20,750,109,"79, RUE DE LA VICTOIRE",48.8753,2.33229,Nuit avec éclairage allumé,En agglomération,Intersection en X,Normale,Deux véhicules - côté,,,,,,,,,,,5,2,2,1.0,3.0