accident_id,datetime,annee,mois,jour,heure,minute,departement,commune_insee,adresse,latitude,longitude,luminosite,agglomeration,intersection,meteo,collision,nb_vehicules,nb_usagers,nb_indemnes,nb_tues,nb_blesses_hosp,nb_blesses_legers,age_cond_1,age_cond_2,veh_type_cond_1,veh_type_cond_2,lum_code,agg_code,int_code,atm_code,col_code
201800051306,0018-01-20 22:45:00,18,1,20,22,45,750,109,"7, RUE DROUOT",48.8728,2.3404,Nuit avec éclairage allumé,En agglomération,Intersection en X,Pluie légère,Autre collision,,,,,,,,,,,5,2,2,2.0,6.0
201800051307,0018-01-22 13:00:00,18,1,22,13,0,750,109,"25, RUE NOTRE DAME DE LO",48.8784,2.33754,Plein jour,En agglomération,Place,Pluie forte,Autre collision,,,,,,,,,,,1,2,7,3.0,6.0
201800051308,0018-01-23 10:10:00,18,1,23,10,10,750,109,"92, RUE SAINT LAZARE",48.8758,2.32847,Plein jour,En agglomération,Intersection en T,Pluie légère,Autre collision,,,,,,,,,,,1,2,3,2.0,6.0
201800051309,0018-01-31 14:15:00,18,1,31,14,15,750,109,"13, RUE DE MOGADOR",48.8743,2.33132,Plein jour,En agglomération,Intersection en X,Pluie légère,Autre collision,,,,,,,,,,,1,2,2,2.0,6.0
201800051310,0018-02-02 20:20:00,18,2,2,20,20,750,109,"7, BOULEVARD HAUSSMANN",48.8724,2.33742,Nuit avec éclairage allumé,En agglomération,Intersection en X,Normale,Deux véhicules - arrière,,,,,,,,,,,5,2,2,1.0,2.0
201800051311,0018-02-04 15:00:00,18,2,4,15,0,750,109,"8, PLACE DE L OPERA",48.8707,2.33257,Plein jour,En agglomération,Place,Normale,Autre collision,,,,,,,,,,,1,2,7,1.0,6.0
201800051312,0018-02-05 12:00:00,18,2,5,12,0,750,109,"6, RUE ROUGEMONT",48.8716,2.34586,Plein jour,En agglomération,Hors intersection,Neige / grêle,Deux véhicules - côté,,,,,,,,,,,1,2,1,4.0,3.0
201800051313,0018-02-09 13:05:00,18,2,9,13,5,750,103,"108, RUE VIEILLE DU TEMP",48.861,2.36273,Plein jour,En agglomération,Hors intersection,Neige / grêle,Autre collision,,,,,,,,,,,1,2,1,4.0,6.0
201800051314,0018-02-17 16:35:00,18,2,17,16,35,750,109,"2, RUE AUBER",48.8719,2.33037,Plein jour,En agglomération,Intersection en X,Normale,Autre collision,,,,,,,,,,,1,2,2,1.0,6.0
201800051315,0018-02-19 16:40:00,18,2,19,16,40,750,109,"57, RUE DES MARTYRS",48.8807,2.34023,Plein jour,En agglomération,Intersection en X,Pluie légère,Autre collision,,,,,,,,,,,1,2,2,2.0,6.0
201800051316,0018-02-20 22:35:00,18,2,20,22,35,750,109,"39, BOULEVARD DE ROCHECH",48.8828,2.34444,Nuit avec éclairage allumé,En agglomération,Place,Normale,Deux véhicules - arrière,,,,,,,,,,,5,2,7,1.0,2.0
201800051317,0018-02-23 12:00:00,18,2,23,12,0,750,109,"15, RUE LE PELETIER",48.8722,2.33829,Plein jour,En agglomération,Intersection en X,Normale,Deux véhicules - côté,,,,,,,,,,,1,2,2,1.0,3.0
201800051318,0018-02-28 22:00:00,18,2,28,22,0,750,109,"16, RUE DES MARTYRS",48.8778,2.33949,Nuit avec éclairage allumé,En agglomération,Intersection en T,Normale,Autre collision,,,,,,,,,,,5,2,3,1.0,6.0
201800051319,0018-03-08 01:36:00,18,3,8,1,36,750,101,"4, QUAI DU LOUVRE",48.8585,2.34241,Nuit avec éclairage allumé,En agglomération,Intersection en X,Normale,Deux véhicules - arrière,,,,,,,,,,,5,2,2,1.0,2.0
201800051320,0018-03-16 14:45:00,18,3,16,14,45,750,109,"38, RUE LE PELETIER",48.8751,2.3395,Plein jour,En agglomération,Intersection en X,Normale,Deux véhicules - arrière,,,,,,,,,,,1,2,2,1.0,2.0
201800051321,0018-03-17 12:00:00,18,3,17,12,0,750,109,"1, RUE DE MAUBEUGE",48.8759,2.33983,Plein jour,En agglomération,Place,Pluie légère,Deux véhicules - arrière,,,,,,,,,,,1,2,7,2.0,2.0
201800051322,0018-03-18 01:05:00,18,3,18,1,5,750,101,RUE SAINT HONORE,48.8632,2.33556,Nuit avec éclairage allumé,En agglomération,Intersection en T,Normale,Autre collision,,,,,,,,,,,5,2,3,1.0,6.0
201800051323,0018-03-21 10:30:00,18,3,21,10,30,750,109,RUE DE PROVENCE,48.8741,2.33974,Plein jour,En agglomération,Intersection en X,Normale,Autre collision,,,,,,,,,,,1,2,2,1.0,6.0
201800051324,0018-03-25 14:23:00,18,3,25,14,23,750,109,"11 BIS, RUE DROUOT",48.8733,2.34054,Plein jour,En agglomération,Intersection en T,Normale,Autre collision,,,,,,,,,,,1,2,3,1.0,6.0
201800051325,0018-03-25 01:30:00,18,3,25,1,30,750,102,"43, BOULEVARD DES CAPUCI",48.8699,2.32796,Nuit avec éclairage allumé,En agglomération,Intersection à plus de 4 branches,Normale,Autre collision,,,,,,,,,,,5,2,5,1.0,6.0
201800051326,0018-03-27 09:15:00,18,3,27,9,15,750,109,"75, RUE SAINT LAZARE",48.8762,2.33109,Plein jour,En agglomération,Intersection en X,Pluie légère,Autre collision,,,,,,,,,,,1,2,2,2.0,6.0
201800051327,0018-03-27 12:05:00,18,3,27,12,5,750,109,"46, BOULEVARD HAUSSMANN",48.8736,2.32832,Plein jour,En agglomération,Intersection en T,Pluie forte,Deux véhicules - côté,,,,,,,,,,,1,2,3,3.0,3.0
201800051328,0018-03-27 18:25:00,18,3,27,18,25,750,102,"2, PLACE DE L OPERA",48.8703,2.33244,Plein jour,En agglomération,Place,Pluie légère,Deux véhicules - côté,,,,,,,,,,,1,2,7,2.0,3.0
201800051329,0018-03-28 13:30:00,18,3,28,13,30,750,109,"65, RUE DE PROVENCE",48.8743,2.33345,Plein jour,En agglomération,Hors intersection,Temps couvert,Autre collision,,,,,,,,,,,1,2,1,8.0,6.0
201800051330,0018-03-28 19:45:00,18,3,28,19,45,750,109,"41, AVENUE TRUDAINE",48.8812,2.3425,Nuit avec éclairage allumé,En agglomération,Intersection en X,Normale,Autre collision,,,,,,,,,,,5,2,2,1.0,6.0
201800051331,0018-04-01 02:55:00,18,4,1,2,55,750,109,"52, BOULEVARD HAUSSMANN",48.8732,2.3311,Nuit avec éclairage allumé,En agglomération,Place,Normale,Autre collision,,,,,,,,,,,5,2,7,1.0,6.0
201800051332,0018-04-06 00:10:00,18,4,6,0,10,750,104,"46, QUAI DES CELESTINS",48.8533,2.35779,Nuit avec éclairage allumé,En agglomération,Intersection en X,Normale,Deux véhicules - côté,,,,,,,,,,,5,2,2,1.0,3.0
201800051333,0018-04-06 14:50:00,18,4,6,14,50,750,109,", RUE LA FAYETTE",48.8753,2.34171,Plein jour,En agglomération,Intersection en X,Normale,Autre collision,,,,,,,,,,,1,2,2,1.0,6.0
201800051334,0018-04-14 15:45:00,18,4,14,15,45,750,109,PLACE DE L OPERA,48.8707,2.33257,Plein jour,En agglomération,Place,Normale,Deux véhicules - côté,,,,,,,,,,,1,2,7,1.0,3.0
201800051335,0018-04-15 15:40:00,18,4,15,15,40,750,109,"37, RUE LAMARTINE",48.8766,2.34039,Plein jour,En agglomération,Intersection en T,Normale,Autre collision,,,,,,,,,,,1,2,3,1.0,6.0
201800051336,0018-04-15 19:15:00,18,4,15,19,15,750,109,PLACE DE L OPERA,48.8707,2.33257,Plein jour,En agglomération,Place,Normale,Deux véhicules - côté,,,,,,,,,,,1,2,7,1.0,3.0
201800051337,0018-04-20 18:40:00,18,4,20,18,40,750,109,"43, RUE NOTRE DAME DE LO",48.8796,2.33615,Plein jour,En agglomération,Hors intersection,Normale,Deux véhicules - côté,,,,,,,,,,,1,2,1,1.0,3.0
201800051338,0018-04-23 14:35:00,18,4,23,14,35,750,109,"14, RUE HALEVY",48.8723,2.33285,Plein jour,En agglomération,Place,Normale,Autre collision,,,,,,,,,,,1,2,7,1.0,6.0
201800051339,0018-04-23 19:20:00,18,4,23,19,20,750,109,"56, BOULEVARD HAUSSMANN",48.8734,2.32935,Plein jour,En agglomération,Hors intersection,Normale,Autre collision,,,,,,,,,,,1,2,1,1.0,6.0
201800051340,0018-04-25 21:10:00,18,4,25,21,10,750,109,RUE DE LA CHAUSSEE D ANT,48.8753,2.33229,Nuit avec éclairage allumé,En agglomération,Intersection en X,Normale,Trois véhicules et plus - collisions multiples,,,,,,,,,,,5,2,2,1.0,5.0
201800051341,0018-04-29 04:00:00,18,4,29,4,0,750,109,"21, RUE BLEUE",48.8759,2.34552,Nuit avec éclairage allumé,En agglomération,Intersection en X,Pluie légère,Sans collision,,,,,,,,,,,5,2,2,2.0,7.0
201800051342,0018-05-09 01:04:00,18,5,9,1,4,750,109,"04, PLACE DE CLICHY",48.8835,2.32781,Nuit avec éclairage allumé,En agglomération,Hors intersection,Normale,Deux véhicules - arrière,,,,,,,,,,,5,2,1,1.0,2.0
201800051343,0018-05-09 19:40:00,18,5,9,19,40,750,109,"12, BOULEVARD DE LA MADE",48.8697,2.32647,Plein jour,En agglomération,Intersection en T,Normale,Trois véhicules et plus - collisions multiples,,,,,,,,,,,1,2,3,1.0,5.0
201800051344,0018-05-10 17:00:00,18,5,10,17,0,750,109,"25, RUE PIERRE FONTAINE",48.8822,2.33367,Plein jour,En agglomération,Intersection en X,Normale,Autre collision,,,,,,,,,,,1,2,2,1.0,6.0
201800051345,0018-05-10 17:12:00,18,5,10,17,12,750,109,BOULEVARD DE CLICHY,48.8824,2.3369,Plein jour,En agglomération,Place,Normale,Autre collision,,,,,,,,,,,1,2,7,1.0,6.0
201800051346,0018-05-12 16:40:00,18,5,12,16,40,750,102,RUE DE GRAMONT,48.871,2.33695,Plein jour,En agglomération,Hors intersection,Pluie légère,Sans collision,,,,,,,,,,,1,2,1,2.0,7.0
201800051347,0018-05-15 14:07:00,18,5,15,14,7,750,108,"107, PLACE DU HAVRE",48.8756,2.32657,Plein jour,En agglomération,Intersection en X,Normale,Deux véhicules - côté,,,,,,,,,,,1,2,2,1.0,3.0
201800051348,0018-05-18 23:05:00,18,5,18,23,5,750,109,"1, BOULEVARD DE ROCHECHO",48.8836,2.34953,Nuit avec éclairage allumé,En agglomération,Intersection à plus de 4 branches,Normale,Deux véhicules - arrière,,,,,,,,,,,5,2,5,1.0,2.0
201800051349,0018-05-23 11:10:00,18,5,23,11,10,750,109,"50, RUE DE MAUBEUGE",48.8786,2.34588,Plein jour,En agglomération,Intersection en Y,Normale,Autre collision,,,,,,,,,,,1,2,4,1.0,6.0
201800051350,0018-05-24 14:30:00,18,5,24,14,30,750,109,"16, BOULEVARD MONTMARTRE",48.8717,2.34163,Plein jour,En agglomération,Intersection en T,Normale,Deux véhicules - côté,,,,,,,,,,,1,2,3,1.0,3.0
201800051351,0018-05-22 17:50:00,18,5,22,17,50,750,109,"47, RUE LE PELETIER",48.8751,2.3395,Plein jour,En agglomération,Intersection en X,Normale,Deux véhicules - côté,,,,,,,,,,,1,2,2,1.0,3.0
201800051352,0018-05-29 23:15:00,18,5,29,23,15,750,109,"23, RUE BERGERE",48.8724,2.3449,Nuit avec éclairage allumé,En agglomération,Intersection en T,Pluie forte,Deux véhicules - côté,,,,,,,,,,,5,2,3,3.0,3.0
201800051353,0018-05-30 13:05:00,18,5,30,13,5,750,109,"15 BIS, RUE DE CLICHY",48.8775,2.33046,Plein jour,En agglomération,Intersection en T,Normale,Autre collision,,,,,,,,,,,1,2,3,1.0,6.0
201800051354,0018-05-31 19:55:00,18,5,31,19,55,750,109,"17, RUE CADET",48.8758,2.34369,Plein jour,En agglomération,Intersection en X,Normale,Autre collision,,,,,,,,,,,1,2,2,1.0,6.0
201800051355,0018-06-07 17:40:00,18,6,7,17,40,750,109,"31, RUE LA FAYETTE",48.8741,2.33724,Plein jour,En agglomération,Intersection en Y,Normale,Autre collision,,,,,,,,,,,1,2,4,1.0,6.0
201800051356,0018-06-09 15:34:00,18,6,9,15,34,750,109,"12, RUE DROUOT",48.8733,2.34054,Plein jour,En agglomération,Intersection en T,Normale,Autre collision,,,,,,,,,,,1,2,3,1.0,6.0
201800051357,0018-06-11 08:50:00,18,6,11,8,50,750,109,"2, RUE DE ROCHECHOUART",48.8765,2.34432,Plein jour,En agglomération,Intersection en X,Pluie légère,Autre collision,,,,,,,,,,,1,2,2,2.0,6.0
201800051358,0018-06-04 16:40:00,18,6,4,16,40,750,109,"28, RUE DE CLICHY",48.879,2.32955,Plein jour,En agglomération,Intersection en T,Normale,Autre collision,,,,,,,,,,,1,2,3,1.0,6.0
201800051359,0018-06-12 21:05:00,18,6,12,21,5,750,109,"02, PLACE BLANCHE",48.8836,2.33259,Plein jour,En agglomération,Place,Temps couvert,Deux véhicules - côté,,,,,,,,,,,1,2,7,8.0,3.0
201800051360,0018-06-16 14:50:00,18,6,16,14,50,750,109,"14, RUE DROUOT",48.8733,2.34054,Plein jour,En agglomération,Intersection en T,Normale,Deux véhicules - arrière,,,,,,,,,,,1,2,3,1.0,2.0
201800051361,0018-06-16 17:50:00,18,6,16,17,50,750,109,"3, BOULEVARD DE CLICHY",48.8819,2.33963,Plein jour,En agglomération,Intersection en X,Normale,Deux véhicules - frontale,,,,,,,,,,,1,2,2,1.0,1.0
201800051362,0018-06-15 23:45:00,18,6,15,23,45,750,102,"17, RUE DE CHOISEUL",48.8702,2.33593,Nuit avec éclairage allumé,En agglomération,Intersection en T,Normale,Autre collision,,,,,,,,,,,5,2,3,1.0,6.0
201800051363,0018-06-19 14:20:00,18,6,19,14,20,750,109,"83, RUE LA FAYETTE",48.8769,2.34767,Plein jour,En agglomération,Hors intersection,Normale,Autre collision,,,,,,,,,,,1,2,1,1.0,6.0
201800051364,0018-06-27 19:05:00,18,6,27,19,5,750,109,"2, RUE DE LA CHAUSSEE D",48.871,2.33417,Plein jour,En agglomération,Intersection en X,Normale,Deux véhicules - côté,,,,,,,,,,,1,2,2,1.0,3.0
201800051365,0018-06-29 20:20:00,18,6,29,20,20,750,109,"12, PLACE D ANVERS",48.8828,2.34444,Plein jour,En agglomération,Place,Normale,Autre collision,,,,,,,,,,,1,2,7,1.0,6.0
201800051366,0018-07-03 08:00:00,18,7,3,8,0,750,109,"42, RUE D AMSTERDAM",48.8783,2.32692,Plein jour,En agglomération,Hors intersection,Temps éblouissant,Deux véhicules - côté,,,,,,,,,,,1,2,1,7.0,3.0
201800051367,0018-07-04 00:30:00,18,7,4,0,30,750,109,"50, RUE SAINT LAZARE",48.8767,2.33706,Nuit avec éclairage allumé,En agglomération,Intersection en X,Normale,Deux véhicules - côté,,,,,,,,,,,5,2,2,1.0,3.0
201800051368,0018-07-05 09:30:00,18,7,5,9,30,750,109,", BOULEVARD MONTMARTRE",48.8719,2.3407,Plein jour,En agglomération,Hors intersection,Normale,Deux véhicules - arrière,,,,,,,,,,,1,2,1,1.0,2.0
201800051369,0018-07-07 18:10:00,18,7,7,18,10,750,102,"162, RUE MONTMARTRE",48.8702,2.34263,Plein jour,En agglomération,Intersection en X,Normale,Autre collision,,,,,,,,,,,1,2,2,1.0,6.0
201800051370,0018-07-08 01:50:00,18,7,8,1,50,750,103,"13, PLACE DE LA REPUBLIQ",48.8671,2.3637,Nuit avec éclairage allumé,En agglomération,Hors intersection,Normale,Autre collision,,,,,,,,,,,5,2,1,1.0,6.0
201800051371,0018-07-14 10:40:00,18,7,14,10,40,750,103,"10, RUE DES ARQUEBUSIERS",48.8601,2.36645,Plein jour,En agglomération,Intersection en T,Normale,Autre collision,,,,,,,,,,,1,2,3,1.0,6.0
201800051372,0018-07-14 12:05:00,18,7,14,12,5,750,109,", RUE D AMSTERDAM",48.8833,2.32715,Plein jour,En agglomération,Place,Normale,Autre collision,,,,,,,,,,,1,2,7,1.0,6.0
201800051373,0018-07-18 12:10:00,18,7,18,12,10,750,109,RUE SAINT LAZARE,48.87684,2.33476,Plein jour,En agglomération,Hors intersection,Normale,Autre collision,,,,,,,,,,,1,2,1,1.0,6.0
201800051374,0018-07-24 12:50:00,18,7,24,12,50,750,109,BOULEVARD DE CLICHY,48.88,2.33,Plein jour,En agglomération,Intersection en T,Normale,Deux véhicules - côté,,,,,,,,,,,1,2,3,1.0,3.0
201800051375,0018-07-25 08:28:00,18,7,25,8,28,750,109,BOULEVARD HAUSSMANN,48.875,2.339,Plein jour,En agglomération,Intersection en X,Normale,Trois véhicules et plus - collisions multiples,,,,,,,,,,,1,2,2,1.0,5.0
201800051376,0018-08-03 06:25:00,18,8,3,6,25,750,109,RUE DE LA ROCHEFOUCAULD,48.87738,2.33433,Crépuscule ou aube,En agglomération,Hors intersection,Normale,Autre collision,,,,,,,,,,,2,2,1,1.0,6.0
201800051377,0018-08-04 17:10:00,18,8,4,17,10,750,109,BOULEVARD DES CAPUCINES,48.8702,2.3293,Plein jour,En agglomération,Intersection en Y,Normale,Deux véhicules - côté,,,,,,,,,,,1,2,4,1.0,3.0
201800051378,0018-08-11 02:23:00,18,8,11,2,23,750,102,BOULEVARD MONTMARTRE,48.87148,2.34293,Nuit avec éclairage allumé,En agglomération,Intersection en X,Normale,Autre collision,,,,,,,,,,,5,2,2,1.0,6.0
201800051379,0018-08-13 00:20:00,18,8,13,0,20,750,109,RUE DU FAUBOURG POISSONN,48.87202,2.23478,Nuit avec éclairage allumé,En agglomération,Intersection en X,Normale,Deux véhicules - côté,,,,,,,,,,,5,2,2,1.0,3.0
201800051380,0018-08-13 09:58:00,18,8,13,9,58,750,109,RUE SAINT LAZARE,,,Plein jour,En agglomération,Hors intersection,Normale,Deux véhicules - côté,,,,,,,,,,,1,2,1,1.0,3.0
201800051381,0018-08-19 00:20:00,18,8,19,0,20,750,109,RUE LA FAYETTE,48.5227,2.2014,Nuit avec éclairage allumé,En agglomération,Hors intersection,Normale,Deux véhicules - arrière,,,,,,,,,,,5,2,1,1.0,2.0
201800051382,0018-08-26 07:25:00,18,8,26,7,25,750,109,BOULEVARD HAUSSMANN,,,Plein jour,En agglomération,Intersection en X,Normale,Deux véhicules - côté,,,,,,,,,,,1,2,2,1.0,3.0
201800051383,0018-08-26 12:18:00,18,8,26,12,18,750,109,RUE DE MOGADOR,,,Plein jour,En agglomération,Intersection en X,Normale,Autre collision,,,,,,,,,,,1,2,2,1.0,6.0
201800051384,0018-08-28 14:15:00,18,8,28,14,15,750,109,RUE AUBER,48.87324,2.32814,Plein jour,En agglomération,Intersection en X,Normale,Autre collision,,,,,,,,,,,1,2,2,1.0,6.0
201800051385,0018-08-29 17:41:00,18,8,29,17,41,750,109,BOULEVARD HAUSSMANN,48.87318,2.33175,Plein jour,En agglomération,Place,Normale,Autre collision,,,,,,,,,,,1,2,7,1.0,6.0
201800051386,0018-09-04 17:20:00,18,9,4,17,20,750,109,RUE DE LA VICTOIRE,,,Plein jour,En agglomération,Intersection en Y,Normale,Deux véhicules - arrière,,,,,,,,,,,1,2,4,1.0,2.0
201800051387,0018-09-08 16:15:00,18,9,8,16,15,750,109,RUE GLUCK,48.87285,2.3318,Plein jour,En agglomération,Giratoire,Normale,Trois véhicules et plus - en chaîne,,,,,,,,,,,1,2,6,1.0,4.0
201800051388,0018-09-11 12:20:00,18,9,11,12,20,750,109,RUE DU FAUBOURG MONTMART,,,Plein jour,En agglomération,Intersection en X,Normale,Deux véhicules - arrière,,,,,,,,,,,1,2,2,1.0,2.0
201800051389,0018-09-12 12:30:00,18,9,12,12,30,750,109,RUE AUBER,,,Plein jour,En agglomération,Intersection en X,Normale,Autre collision,,,,,,,,,,,1,2,2,1.0,6.0
201800051390,0018-09-15 03:40:00,18,9,15,3,40,750,109,BOULEVARD DE CLICHY,48.88405,2.33075,Nuit avec éclairage allumé,En agglomération,Intersection en T,Normale,Autre collision,,,,,,,,,,,5,2,3,1.0,6.0
201800051391,0018-09-16 14:00:00,18,9,16,14,0,750,109,RUE DES MARTYRS,48.87372,2.3401,Plein jour,En agglomération,Intersection en T,Normale,Autre collision,,,,,,,,,,,1,2,3,1.0,6.0
201800051392,0018-09-17 16:10:00,18,9,17,16,10,750,109,RUE DE PROVENCE,48.87,2.32,Plein jour,En agglomération,Hors intersection,Normale,Autre collision,,,,,,,,,,,1,2,1,1.0,6.0
201800051393,0018-09-17 23:40:00,18,9,17,23,40,750,109,RUE SAINT LAZARE,48.87,2.32,Nuit avec éclairage allumé,En agglomération,Intersection en T,Normale,Autre collision,,,,,,,,,,,5,2,3,1.0,6.0
201800051394,0018-09-21 10:45:00,18,9,21,10,45,750,109,RUE DES MARTYRS,48.88,2.34,Plein jour,En agglomération,Hors intersection,Temps couvert,Autre collision,,,,,,,,,,,1,2,1,8.0,6.0
201800051395,0018-09-21 16:00:00,18,9,21,16,0,750,109,BOULEVARD DES ITALIENS,48.87145,2.33683,Plein jour,En agglomération,Intersection en X,Normale,Deux véhicules - côté,,,,,,,,,,,1,2,2,1.0,3.0
201800051396,0018-09-22 00:45:00,18,9,22,0,45,750,104,BOULEVARD DE SEBASTOPOL,48.80038,2.34946,Nuit avec éclairage allumé,En agglomération,Intersection en X,Normale,Autre collision,,,,,,,,,,,5,2,2,1.0,6.0
201800051397,0018-09-24 22:45:00,18,9,24,22,45,750,109,RUE DE CHATEAUDUN,48.875,2.338,Nuit avec éclairage allumé,En agglomération,Intersection en T,Normale,Autre collision,,,,,,,,,,,5,2,3,1.0,6.0
201800051398,0018-09-25 13:55:00,18,9,25,13,55,750,109,RUE LA BRUYERE,,,Plein jour,En agglomération,Intersection en X,Normale,Autre collision,,,,,,,,,,,1,2,2,1.0,6.0
201800051399,0018-10-02 06:10:00,18,10,2,6,10,750,109,BOULEVARD HAUSSMANN,48.87337,2.3298,Nuit avec éclairage allumé,En agglomération,Intersection en T,Pluie légère,Autre collision,,,,,,,,,,,5,2,3,2.0,6.0
201800051400,0018-10-05 09:50:00,18,10,5,9,50,750,109,BOULEVARD HAUSSMANN,,,Plein jour,En agglomération,Intersection en Y,Normale,Autre collision,,,,,,,,,,,1,2,4,1.0,6.0
201800051401,0018-10-06 00:55:00,18,10,6,0,55,750,109,BOULEVARD HAUSSMANN,48.872,2.337,Nuit avec éclairage allumé,En agglomération,Intersection en X,Normale,Autre collision,,,,,,,,,,,5,2,2,1.0,6.0
201800051402,0018-10-08 09:25:00,18,10,8,9,25,750,104,RUE DE TURENNE,48.85858,2.35498,Plein jour,En agglomération,Hors intersection,Normale,Autre collision,,,,,,,,,,,1,2,1,1.0,6.0
201800051403,0018-10-10 14:45:00,18,10,10,14,45,750,109,BOULEVARD MONTMARTRE,,,Plein jour,En agglomération,Intersection en X,Normale,Deux véhicules - côté,,,,,,,,,,,1,2,2,1.0,3.0
201800051404,0018-10-11 17:45:00,18,10,11,17,45,750,109,RUE DE LA CHAUSSEE D ANT,48.87,2.33,Plein jour,En agglomération,Hors intersection,Temps couvert,Deux véhicules - côté,,,,,,,,,,,1,2,1,8.0,3.0
201800051405,0018-10-23 16:20:00,18,10,23,16,20,750,109,RUE DE MAUBEUGE,,,Plein jour,En agglomération,Intersection en X,Normale,Autre collision,,,,,,,,,,,1,2,2,1.0,6.0
201800051406,0018-10-29 10:10:00,18,10,29,10,10,750,109,BOULEVARD DE ROCHECHOUAR,,,Plein jour,En agglomération,Intersection en X,Normale,Autre collision,,,,,,,,,,,1,2,2,1.0,6.0
201800051407,0018-10-29 17:10:00,18,10,29,17,10,750,109,RUE D AMSTERDAM,48.88052,2.32711,Plein jour,En agglomération,Intersection en T,Normale,Deux véhicules - arrière,,,,,,,,,,,1,2,3,1.0,2.0
201800051408,0018-11-02 11:45:00,18,11,2,11,45,750,109,BOULEVARD DE MAGENTA,48.88357,2.34945,Plein jour,En agglomération,Intersection en X,Normale,Deux véhicules - côté,,,,,,,,,,,1,2,2,1.0,3.0
201800051409,0018-11-09 15:10:00,18,11,9,15,10,750,109,RUE JOUBERT,48.87466,2.33188,Plein jour,En agglomération,Hors intersection,Normale,Autre collision,,,,,,,,,,,1,2,1,1.0,6.0
201800051410,0018-11-13 00:30:00,18,11,13,0,30,750,109,BOULEVARD POISSONNIERE,48.87108,2.34576,Nuit avec éclairage allumé,En agglomération,Intersection en X,Normale,Deux véhicules - côté,,,,,,,,,,,5,2,2,1.0,3.0
201800051411,0018-11-16 10:50:00,18,11,16,10,50,750,109,BOULEVARD DE ROCHECHOUAR,48.88228,2.34192,Plein jour,En agglomération,Intersection en T,Normale,Deux véhicules - côté,,,,,,,,,,,1,2,3,1.0,3.0
201800051412,0018-11-21 10:20:00,18,11,21,10,20,750,109,RUE DE CHATEAUDUN,,,Plein jour,En agglomération,Intersection en T,Normale,Autre collision,,,,,,,,,,,1,2,3,1.0,6.0
201800051413,0018-11-21 19:05:00,18,11,21,19,5,750,109,RUE SAINT LAZARE,48.87563,2.32791,Nuit avec éclairage allumé,En agglomération,Intersection en T,Normale,Autre collision,,,,,,,,,,,5,2,3,1.0,6.0
201800051414,0018-11-24 20:35:00,18,11,24,20,35,750,109,RUE DE MAUBEUGE,48.87939,2.34854,Nuit avec éclairage allumé,En agglomération,Intersection à plus de 4 branches,Normale,Deux véhicules - côté,,,,,,,,,,,5,2,5,1.0,3.0
201800051415,0018-11-28 09:40:00,18,11,28,9,40,750,109,RUE LA FAYETTE,,,Plein jour,En agglomération,Hors intersection,Pluie légère,Autre collision,,,,,,,,,,,1,2,1,2.0,6.0
201800051416,0018-12-02 00:50:00,18,12,2,0,50,750,109,PLACE DE L OPERA,48.87091,2.33199,Nuit avec éclairage allumé,En agglomération,Place,Pluie légère,Deux véhicules - côté,,,,,,,,,,,5,2,7,2.0,3.0
201800051417,0018-12-04 17:05:00,18,12,4,17,5,750,109,RUE AUBER,48.8731,2.32841,Nuit avec éclairage allumé,En agglomération,Intersection en T,Temps couvert,Autre collision,,,,,,,,,,,5,2,3,8.0,6.0
201800051418,0018-12-07 13:40:00,18,12,7,13,40,750,109,BOULEVARD DES CAPUCINES,48.87028,2.32975,Plein jour,En agglomération,Intersection en T,Pluie forte,Autre collision,,,,,,,,,,,1,2,3,3.0,6.0
201800051419,0018-12-12 10:32:00,18,12,12,10,32,750,108,BOULEVARD HAUSSMANN,,,Plein jour,En agglomération,Intersection à plus de 4 branches,Normale,Deux véhicules - côté,,,,,,,,,,,1,2,5,1.0,3.0
201800051420,0018-12-13 19:25:00,18,12,13,19,25,750,109,RUE LA FAYETTE,48.87379,2.33559,Nuit avec éclairage allumé,En agglomération,Intersection en X,Normale,Sans collision,,,,,,,,,,,5,2,2,1.0,7.0
201800051421,0018-12-15 17:50:00,18,12,15,17,50,750,109,BOULEVARD DE ROCHECHOUAR,48.88289,2.34481,Nuit avec éclairage allumé,En agglomération,Intersection en T,Pluie légère,Autre collision,,,,,,,,,,,5,2,3,2.0,6.0
201800051422,0018-12-18 11:24:00,18,12,18,11,24,750,109,RUE LA FAYETTE,48.87609,2.34434,Plein jour,En agglomération,Intersection en X,Normale,Autre collision,,,,,,,,,,,1,2,2,1.0,6.0
201800051423,0018-12-20 00:45:00,18,12,20,0,45,750,109,RUE DU FAUBOURG POISSONN,48.87204,2.34783,Nuit avec éclairage allumé,En agglomération,Intersection en X,Normale,Deux véhicules - côté,,,,,,,,,,,5,2,2,1.0,3.0
201800051424,0018-12-20 11:59:00,18,12,20,11,59,750,109,RUE DE CHATEAUDUN,48.87626,2.33313,Plein jour,En agglomération,Hors intersection,Normale,Autre collision,,,,,,,,,,,1,2,1,1.0,6.0
201800051425,0018-12-21 01:45:00,18,12,21,1,45,750,109,PLACE DIAGHILEV,,,Nuit avec éclairage allumé,En agglomération,Place,Pluie légère,Deux véhicules - côté,,,,,,,,,,,5,2,7,2.0,3.0
201800051426,0018-12-29 16:10:00,18,12,29,16,10,750,109,RUE TAITBOUT,48.8714,2.33682,Plein jour,En agglomération,Intersection en Y,Normale,Deux véhicules - côté,,,,,,,,,,,1,2,4,1.0,3.0
201800051427,0018-12-31 16:15:00,18,12,31,16,15,750,109,BOULEVARD HAUSSMANN,48.87324,2.33089,Plein jour,En agglomération,Intersection en X,Temps couvert,Autre collision,,,,,,,,,,,1,2,2,8.0,6.0