accident_id,datetime,annee,mois,jour,heure,minute,departement,commune_insee,adresse,latitude,longitude,luminosite,agglomeration,intersection,meteo,collision,nb_vehicules,nb_usagers,nb_indemnes,nb_tues,nb_blesses_hosp,nb_blesses_legers,age_cond_1,age_cond_2,veh_type_cond_1,veh_type_cond_2,lum_code,agg_code,int_code,atm_code,col_code
201800051428,0018-01-03 07:40:00,18,1,3,7,40,750,110,"4, AVENUE CLAUDE VELLEFA",48.8721,2.36953,Nuit avec éclairage allumé,En agglomération,Intersection en T,Vent fort / tempête,Autre collision,,,,,,,,,,,5,2,3,6.0,6.0
201800051429,0018-01-04 11:20:00,18,1,4,11,20,750,110,"173, BOULEVARD DE LA VIL",48.8843,2.36461,Plein jour,En agglomération,Intersection en X,Pluie légère,Autre collision,,,,,,,,,,,1,2,2,2.0,6.0
201800051430,0018-01-12 08:30:00,18,1,12,8,30,750,110,"56, BOULEVARD DE MAGENTA",48.8733,2.35877,Crépuscule ou aube,En agglomération,Intersection en Y,Normale,Deux véhicules - côté,,,,,,,,,,,2,2,4,1.0,3.0
201800051431,0018-01-12 18:05:00,18,1,12,18,5,750,110,"18, RUE DE SAMBRE ET MEU",48.8751,2.37077,Nuit avec éclairage allumé,En agglomération,Hors intersection,Temps couvert,Autre collision,,,,,,,,,,,5,2,1,8.0,6.0
201800051432,0018-01-15 18:15:00,18,1,15,18,15,750,110,"47, BOULEVARD DE MAGENTA",48.873,2.35901,Crépuscule ou aube,En agglomération,Hors intersection,Normale,Sans collision,,,,,,,,,,,2,2,1,1.0,7.0
201800051433,0018-01-16 15:52:00,18,1,16,15,52,750,110,"68, BOULEVARD DE MAGENTA",48.8749,2.35731,Plein jour,En agglomération,Intersection en X,Normale,Deux véhicules - côté,,,,,,,,,,,1,2,2,1.0,3.0
201800051434,0018-01-17 14:55:00,18,1,17,14,55,750,110,"11, RUE DE SAINT QUENTIN",48.8772,2.35521,Plein jour,En agglomération,Intersection en Y,Normale,Sans collision,,,,,,,,,,,1,2,4,1.0,7.0
201800051435,0018-01-31 17:31:00,18,1,31,17,31,750,110,"2, RUE DE LA GRANGE AUX",48.8732,2.36421,Nuit avec éclairage allumé,En agglomération,Intersection en X,Pluie légère,Autre collision,,,,,,,,,,,5,2,2,2.0,6.0
201800051436,0018-02-01 10:20:00,18,2,1,10,20,750,110,"57, BOULEVARD DE MAGENTA",48.8737,2.35826,Plein jour,En agglomération,Intersection en X,Temps couvert,Sans collision,,,,,,,,,,,1,2,2,8.0,7.0
201800051437,0018-02-04 19:15:00,18,2,4,19,15,750,110,"150, RUE DU FAUBOURG SAI",48.8759,2.35954,Nuit avec éclairage allumé,En agglomération,Intersection en T,Normale,Autre collision,,,,,,,,,,,5,2,3,1.0,6.0
201800051438,0018-02-06 15:40:00,18,2,6,15,40,750,110,"46, BOULEVARD DE MAGENTA",48.8726,2.35933,Plein jour,En agglomération,Hors intersection,Neige / grêle,Sans collision,,,,,,,,,,,1,2,1,4.0,7.0
201800051439,0018-02-09 15:20:00,18,2,9,15,20,750,110,"218, RUE DU FAUBOURG SAI",48.8801,2.36395,Plein jour,En agglomération,Hors intersection,Neige / grêle,Autre collision,,,,,,,,,,,1,2,1,4.0,6.0
201800051440,0018-02-09 22:45:00,18,2,9,22,45,750,110,"23, RUE DE L AQUEDUC",48.8807,2.36028,Nuit avec éclairage allumé,En agglomération,Intersection en Y,Temps couvert,Deux véhicules - côté,,,,,,,,,,,5,2,4,8.0,3.0
201800051441,0018-02-13 08:25:00,18,2,13,8,25,750,110,"640, RUE DE LANCRY",48.8714,2.36204,Plein jour,En agglomération,Intersection en T,Normale,Autre collision,,,,,,,,,,,1,2,3,1.0,6.0
201800051442,0018-02-13 18:15:00,18,2,13,18,15,750,110,"171, RUE DU FAUBOURG SAI",48.88,2.35743,Nuit avec éclairage allumé,En agglomération,Hors intersection,Pluie légère,Autre collision,,,,,,,,,,,5,2,1,2.0,6.0
201800051443,0018-02-13 20:08:00,18,2,13,20,8,750,110,"38, RUE DE LA GRANGE AUX",48.8773,2.36959,Nuit avec éclairage allumé,En agglomération,Hors intersection,Pluie légère,Autre collision,,,,,,,,,,,5,2,1,2.0,6.0
201800051444,0018-02-14 19:15:00,18,2,14,19,15,750,110,"14, RUE DU FAUBOURG SAIN",48.8705,2.35303,Nuit avec éclairage allumé,En agglomération,Hors intersection,Pluie légère,Autre collision,,,,,,,,,,,5,2,1,2.0,6.0
201800051445,0018-02-14 21:15:00,18,2,14,21,15,750,110,"7, BOULEVARD DE STRASBOU",48.8699,2.35454,Nuit avec éclairage allumé,En agglomération,Hors intersection,Pluie légère,Autre collision,,,,,,,,,,,5,2,1,2.0,6.0
201800051446,0018-02-16 08:30:00,18,2,16,8,30,750,110,"106, RUE DE MAUBEUGE",48.8805,2.35226,Plein jour,En agglomération,Intersection à plus de 4 branches,Normale,Autre collision,,,,,,,,,,,1,2,5,1.0,6.0
201800051447,0018-02-16 19:00:00,18,2,16,19,0,750,110,"101, RUE DU FAUBOURG SAI",48.8737,2.35826,Nuit avec éclairage allumé,En agglomération,Intersection en X,Normale,Deux véhicules - côté,,,,,,,,,,,5,2,2,1.0,3.0
201800051448,0018-02-16 05:50:00,18,2,16,5,50,750,110,RUE DE DUNKERQUE,48.8808,2.35114,Nuit avec éclairage allumé,En agglomération,Intersection en X,Normale,Deux véhicules - côté,,,,,,,,,,,5,2,2,1.0,3.0
201800051449,0018-02-20 19:55:00,18,2,20,19,55,750,110,"10, BOULEVARD DE BONNE N",48.8699,2.3518,Nuit avec éclairage allumé,En agglomération,Hors intersection,Pluie légère,Autre collision,,,,,,,,,,,5,2,1,2.0,6.0
201800051450,0018-02-23 18:35:00,18,2,23,18,35,750,110,"08, BOULEVARD SAINT DENI",48.8693,2.35421,Crépuscule ou aube,En agglomération,Intersection en X,Normale,Autre collision,,,,,,,,,,,2,2,2,1.0,6.0
201800051451,0018-03-01 09:05:00,18,3,1,9,5,750,110,"2, BOULEVARD SAINT DENIS",48.869,2.35558,Plein jour,En agglomération,Intersection en X,Vent fort / tempête,Sans collision,,,,,,,,,,,1,2,2,6.0,7.0
201800051452,0018-03-02 13:05:00,18,3,2,13,5,750,111,"125, RUE DU FAUBOURG DU",48.8714,2.37506,Plein jour,En agglomération,Intersection en T,Pluie légère,Autre collision,,,,,,,,,,,1,2,3,2.0,6.0
201800051453,0018-03-02 13:50:00,18,3,2,13,50,750,110,"180, QUAI DE JEMMAPES",48.8795,2.36805,Plein jour,En agglomération,Intersection en X,Temps couvert,Deux véhicules - côté,,,,,,,,,,,1,2,2,8.0,3.0
201800051454,0018-03-02 19:45:00,18,3,2,19,45,750,110,"162, RUE DU FAUBOURG SAI",48.8775,2.36136,Nuit avec éclairage allumé,En agglomération,Intersection en T,Normale,Deux véhicules - arrière,,,,,,,,,,,5,2,3,1.0,2.0
201800051455,0018-03-03 17:55:00,18,3,3,17,55,750,110,"181, RUE DU FAUBOURG SAI",48.8813,2.35809,Plein jour,En agglomération,Intersection en T,Normale,Autre collision,,,,,,,,,,,1,2,3,1.0,6.0
201800051456,0018-03-04 15:27:00,18,3,4,15,27,750,110,"3, BOULEVARD DE MAGENTA",48.8691,2.36246,Plein jour,En agglomération,Intersection en Y,Pluie légère,Trois véhicules et plus - en chaîne,,,,,,,,,,,1,2,4,2.0,4.0
201800051457,0018-03-06 13:45:00,18,3,6,13,45,750,110,"3, RUE DE LA FIDELITE",48.8745,2.35646,Plein jour,En agglomération,Hors intersection,Normale,Autre collision,,,,,,,,,,,1,2,1,1.0,6.0
201800051458,0018-03-08 08:00:00,18,3,8,8,0,750,110,"157, BOULEVARD DE LA VIL",48.8841,2.36635,Plein jour,En agglomération,Hors intersection,Normale,Deux véhicules - arrière,,,,,,,,,,,1,2,1,1.0,2.0
201800051459,0018-03-07 05:25:00,18,3,7,5,25,750,110,"24, BOULEVARD DE MAGENTA",48.8702,2.36154,Nuit avec éclairage allumé,En agglomération,Hors intersection,Pluie légère,Autre collision,,,,,,,,,,,5,2,1,2.0,6.0
201800051460,0018-03-10 09:20:00,18,3,10,9,20,750,110,"250, RUE DU FAUBOURG SAI",48.8825,2.36694,Plein jour,En agglomération,Intersection en T,Pluie légère,Autre collision,,,,,,,,,,,1,2,3,2.0,6.0
201800051461,0018-03-16 09:07:00,18,3,16,9,7,750,110,"1, RUE DE COMPIEGNE",48.8793,2.35334,Plein jour,En agglomération,Intersection en Y,Normale,Deux véhicules - côté,,,,,,,,,,,1,2,4,1.0,3.0
201800051462,0018-03-16 13:10:00,18,3,16,13,10,750,110,"57, RUE BICHAT",48.8731,2.36583,Plein jour,En agglomération,Hors intersection,Normale,Autre collision,,,,,,,,,,,1,2,1,1.0,6.0
201800051463,0018-03-18 18:00:00,18,3,18,18,0,750,110,"115, RUE DU FAUBOURG DU",48.8712,2.37464,Nuit avec éclairage allumé,En agglomération,Intersection en T,Pluie légère,Autre collision,,,,,,,,,,,5,2,3,2.0,6.0
201800051464,0018-03-19 23:25:00,18,3,19,23,25,750,110,"159, RUE LA FAYETTE",48.8795,2.35772,Nuit avec éclairage allumé,En agglomération,Intersection en X,Normale,Deux véhicules - côté,,,,,,,,,,,5,2,2,1.0,3.0
201800051465,0018-03-21 23:30:00,18,3,21,23,30,750,110,"158, RUE LA FAYETTE",48.8793,2.35705,Nuit avec éclairage allumé,En agglomération,Intersection en X,Normale,Autre collision,,,,,,,,,,,5,2,2,1.0,6.0
201800051466,0018-03-27 13:05:00,18,3,27,13,5,750,110,"4, RUE DU FAUBOURG SAINT",48.869,2.35558,Plein jour,En agglomération,Place,Pluie légère,Autre collision,,,,,,,,,,,1,2,7,2.0,6.0
201800051467,0018-03-27 22:10:00,18,3,27,22,10,750,110,"80, BOULEVARD DE MAGENTA",48.8762,2.35611,Nuit avec éclairage allumé,En agglomération,Intersection en T,Normale,Deux véhicules - arrière,,,,,,,,,,,5,2,3,1.0,2.0
201800051468,0018-03-28 08:50:00,18,3,28,8,50,750,110,"5, AVENUE CLAUDE VELLEFA",48.8746,2.3703,Plein jour,En agglomération,Hors intersection,Pluie légère,Autre collision,,,,,,,,,,,1,2,1,2.0,6.0
201800051469,0018-03-29 12:00:00,18,3,29,12,0,750,110,"153, QUAI DE VALMY",48.878,2.36564,Plein jour,En agglomération,Hors intersection,Normale,Deux véhicules - côté,,,,,,,,,,,1,2,1,1.0,3.0
201800051470,0018-04-05 18:00:00,18,4,5,18,0,750,110,"224, RUE LA FAYETTE",48.8821,2.3678,Plein jour,En agglomération,Hors intersection,Normale,Autre collision,,,,,,,,,,,1,2,1,1.0,6.0
201800051471,0018-04-06 15:00:00,18,4,6,15,0,750,110,BOULEVARD DE STRASBOURG,48.8726,2.35607,Plein jour,En agglomération,Hors intersection,Normale,Deux véhicules - arrière,,,,,,,,,,,1,2,1,1.0,2.0
201800051472,0018-04-09 19:10:00,18,4,9,19,10,750,110,"137, AVENUE PARMENTIER",48.87,2.37099,Plein jour,En agglomération,Intersection en X,Pluie légère,Deux véhicules - arrière,,,,,,,,,,,1,2,2,2.0,2.0
201800051473,0018-04-10 09:40:00,18,4,10,9,40,750,110,"74, QUAI DE JEMMAPES",48.8717,2.36541,Plein jour,En agglomération,Intersection en Y,Normale,Deux véhicules - côté,,,,,,,,,,,1,2,4,1.0,3.0
201800051474,0018-04-11 10:55:00,18,4,11,10,55,750,110,"79, RUE DU FAUBOURG SAIN",48.8726,2.35769,Plein jour,En agglomération,Intersection en T,Normale,Deux véhicules - côté,,,,,,,,,,,1,2,3,1.0,3.0
201800051475,0018-04-11 19:30:00,18,4,11,19,30,750,110,"15, RUE BOUCHARDON",48.8705,2.35758,Plein jour,En agglomération,Hors intersection,Normale,Deux véhicules - côté,,,,,,,,,,,1,2,1,1.0,3.0
201800051476,0018-04-19 00:30:00,18,4,19,0,30,750,110,"4, PLACE FRANZ LISZT",48.8777,2.35196,Nuit avec éclairage allumé,En agglomération,Place,Normale,Deux véhicules - côté,,,,,,,,,,,5,2,7,1.0,3.0
201800051477,0018-04-20 12:08:00,18,4,20,12,8,750,110,RUE LOUIS BLANC,48.88,2.36707,Plein jour,En agglomération,Intersection en X,Normale,Deux véhicules - côté,,,,,,,,,,,1,2,2,1.0,3.0
201800051478,0018-04-21 15:30:00,18,4,21,15,30,750,110,"75, RUE DU FAUBOURG SAIN",48.8728,2.35439,Plein jour,En agglomération,Intersection en X,Normale,Autre collision,,,,,,,,,,,1,2,2,1.0,6.0
201800051479,0018-04-25 10:00:00,18,4,25,10,0,750,110,"172, RUE DU FAUBOURG SAI",48.8775,2.36136,Plein jour,En agglomération,Intersection en T,Normale,Deux véhicules - côté,,,,,,,,,,,1,2,3,1.0,3.0
201800051480,0018-04-29 22:09:00,18,4,29,22,9,750,110,"16, BOULEVARD SAINT DENI",48.8693,2.35421,Nuit avec éclairage allumé,En agglomération,Intersection en X,Pluie légère,Autre collision,,,,,,,,,,,5,2,2,2.0,6.0
201800051481,0018-04-30 23:30:00,18,4,30,23,30,750,110,", BOULEVARD SAINT DENIS",48.8693,2.35421,Crépuscule ou aube,En agglomération,Intersection en X,Pluie légère,Deux véhicules - arrière,,,,,,,,,,,2,2,2,2.0,2.0
201800051482,0018-05-04 09:15:00,18,5,4,9,15,750,110,"191, RUE LA FAYETTE",48.8806,2.36196,Plein jour,En agglomération,Intersection en X,Normale,Deux véhicules - côté,,,,,,,,,,,1,2,2,1.0,3.0
201800051483,0018-05-04 16:05:00,18,5,4,16,5,750,110,"38, BOULEVARD DE BONNE N",48.8706,2.3485,Plein jour,En agglomération,Hors intersection,Normale,Autre collision,,,,,,,,,,,1,2,1,1.0,6.0
201800051484,0018-05-05 22:35:00,18,5,5,22,35,750,110,", RUE LA FAYETTE",48.8798,2.35874,Nuit avec éclairage allumé,En agglomération,Intersection en X,Normale,Autre collision,,,,,,,,,,,5,2,2,1.0,6.0
201800051485,0018-05-07 19:15:00,18,5,7,19,15,750,110,"137, AVENUE PARMENTIER",48.87,2.37099,Plein jour,En agglomération,Intersection en X,Normale,Autre collision,,,,,,,,,,,1,2,2,1.0,6.0
201800051486,0018-05-07 20:10:00,18,5,7,20,10,750,110,"21, RUE VICQ D AZIR",48.8761,2.37172,Plein jour,En agglomération,Hors intersection,Normale,Autre collision,,,,,,,,,,,1,2,1,1.0,6.0
201800051487,0018-05-07 19:40:00,18,5,7,19,40,750,110,"5, RUE DES PETITES ECURI",48.873,2.35382,Plein jour,En agglomération,Hors intersection,Normale,Autre collision,,,,,,,,,,,1,2,1,1.0,6.0
201800051488,0018-05-10 11:00:00,18,5,10,11,0,750,110,"27, BOULEVARD DE STRASBO",48.871,2.35519,Plein jour,En agglomération,Intersection en T,Temps couvert,Deux véhicules - côté,,,,,,,,,,,1,2,3,8.0,3.0
201800051489,0018-05-16 08:50:00,18,5,16,8,50,750,110,"184, QUAI DE JEMMAPES",48.8795,2.36805,Plein jour,En agglomération,Intersection en X,Normale,Autre collision,,,,,,,,,,,1,2,2,1.0,6.0
201800051490,0018-05-16 13:45:00,18,5,16,13,45,750,110,"189, RUE SAINT MAUR",48.8714,2.37229,Plein jour,En agglomération,Intersection en T,Normale,Autre collision,,,,,,,,,,,1,2,3,1.0,6.0
201800051491,0018-05-18 09:40:00,18,5,18,9,40,750,110,"01, RUE PHILIPPE DE GIRA",48.8806,2.36196,Plein jour,En agglomération,Intersection en X,Normale,Deux véhicules - arrière,,,,,,,,,,,1,2,2,1.0,2.0
201800051492,0018-05-19 01:25:00,18,5,19,1,25,750,110,"2, PLACE JACQUES BONSERG",48.8708,2.3614,Nuit avec éclairage allumé,En agglomération,Place,Normale,Autre collision,,,,,,,,,,,5,2,7,1.0,6.0
201800051493,0018-05-20 11:25:00,18,5,20,11,25,750,110,"1, RUE DU HUIT MAI 1945",48.8759,2.35954,Plein jour,En agglomération,Intersection en T,Normale,Deux véhicules - côté,,,,,,,,,,,1,2,3,1.0,3.0
201800051494,0018-05-23 12:00:00,18,5,23,12,0,750,110,"159, RUE DU FAUBOURG SAI",48.8795,2.35719,Plein jour,En agglomération,Intersection en X,Normale,Deux véhicules - côté,,,,,,,,,,,1,2,2,1.0,3.0
201800051495,0018-05-23 22:00:00,18,5,23,22,0,750,110,"FACE 23, BOULEVARD DE BO",48.8703,2.34953,Nuit avec éclairage allumé,En agglomération,Intersection en T,Normale,Deux véhicules - côté,,,,,,,,,,,5,2,3,1.0,3.0
201800051496,0018-05-24 19:50:00,18,5,24,19,50,750,110,"09, BOULEVARD DE LA VILL",48.8725,2.37623,Plein jour,En agglomération,Intersection en Y,Normale,Autre collision,,,,,,,,,,,1,2,4,1.0,6.0
201800051497,0018-05-25 10:34:00,18,5,25,10,34,750,110,"24, BOULEVARD DE BONNE N",48.8702,2.35032,Plein jour,En agglomération,Hors intersection,Normale,Deux véhicules - arrière,,,,,,,,,,,1,2,1,1.0,2.0
201800051498,0018-05-26 12:50:00,18,5,26,12,50,750,110,"162, RUE DU FAUBOURG SAI",48.8768,2.36097,Plein jour,En agglomération,Hors intersection,Normale,Deux véhicules - côté,,,,,,,,,,,1,2,1,1.0,3.0
201800051499,0018-05-26 15:30:00,18,5,26,15,30,750,110,"160, RUE LA FAYETTE",48.8795,2.35772,Plein jour,En agglomération,Intersection en X,Temps éblouissant,Deux véhicules - arrière,,,,,,,,,,,1,2,2,7.0,2.0
201800051500,0018-05-27 03:30:00,18,5,27,3,30,750,110,"245, RUE LA FAYETTE",48.8825,2.36918,Nuit avec éclairage allumé,En agglomération,Intersection en Y,Normale,Autre collision,,,,,,,,,,,5,2,4,1.0,6.0
201800051501,0018-05-29 11:20:00,18,5,29,11,20,750,110,"10, BOULEVARD SAINT MART",48.8687,2.35765,Plein jour,En agglomération,Hors intersection,Pluie légère,Deux véhicules - côté,,,,,,,,,,,1,2,1,2.0,3.0
201800051502,0018-05-30 09:15:00,18,5,30,9,15,750,110,"115, RUE DU FAUBOURG SAI",48.8737,2.35826,Plein jour,En agglomération,Intersection en X,Normale,Deux véhicules - côté,,,,,,,,,,,1,2,2,1.0,3.0
201800051503,0018-06-01 23:50:00,18,6,1,23,50,750,110,"22, AVENUE CLAUDE VELLEF",48.8735,2.37019,Nuit avec éclairage allumé,En agglomération,Hors intersection,Temps couvert,Deux véhicules - côté,,,,,,,,,,,5,2,1,8.0,3.0
201800051504,0018-06-05 19:15:00,18,6,5,19,15,750,110,"38, BOULEVARD DE MAGENTA",48.872,2.35985,Plein jour,En agglomération,Hors intersection,Normale,Deux véhicules - côté,,,,,,,,,,,1,2,1,1.0,3.0
201800051505,0018-06-06 09:50:00,18,6,6,9,50,750,110,"26, RUE DE SAINT QUENTIN",48.8785,2.35561,Plein jour,En agglomération,Hors intersection,Temps couvert,Autre collision,,,,,,,,,,,1,2,1,8.0,6.0
201800051506,0018-06-08 14:00:00,18,6,8,14,0,750,110,"104, QUAI DE JEMMAPES",48.8737,2.36385,Plein jour,En agglomération,Hors intersection,Normale,Autre collision,,,,,,,,,,,1,2,1,1.0,6.0
201800051507,0018-06-12 08:55:00,18,6,12,8,55,750,110,"159, RUE LA FAYETTE",48.8795,2.35772,Plein jour,En agglomération,Intersection en T,Normale,Deux véhicules - côté,,,,,,,,,,,1,2,3,1.0,3.0
201800051508,0018-06-13 18:08:00,18,6,13,18,8,750,110,"68, BOULEVARD DE STRASBO",48.8749,2.35731,Plein jour,En agglomération,Intersection à plus de 4 branches,Temps couvert,Deux véhicules - côté,,,,,,,,,,,1,2,5,8.0,3.0
201800051509,0018-06-13 20:15:00,18,6,13,20,15,750,110,BOULEVARD DE STRASBOURG,48.8749,2.35731,Plein jour,En agglomération,Intersection à plus de 4 branches,Normale,Autre collision,,,,,,,,,,,1,2,5,1.0,6.0
201800051510,0018-06-14 17:35:00,18,6,14,17,35,750,110,"67, BOULEVARD DE STRASBO",48.8738,2.35674,Plein jour,En agglomération,Intersection en T,Normale,Autre collision,,,,,,,,,,,1,2,3,1.0,6.0
201800051511,0018-06-16 14:40:00,18,6,16,14,40,750,110,"83, QUAI DE VALMY",48.8729,2.3637,Plein jour,En agglomération,Intersection en X,Normale,Autre collision,,,,,,,,,,,1,2,2,1.0,6.0
201800051512,0018-06-16 17:15:00,18,6,16,17,15,750,110,RUE DU FAUBOURG POISSONN,48.872,2.34791,Plein jour,En agglomération,Intersection en X,Normale,Autre collision,,,,,,,,,,,1,2,2,1.0,6.0
201800051513,0018-06-16 22:00:00,18,6,16,22,0,750,110,"31, RUE DE LA GRANGE AUX",48.8752,2.36714,Crépuscule ou aube,En agglomération,Intersection en T,Normale,Deux véhicules - côté,,,,,,,,,,,2,2,3,1.0,3.0
201800051514,0018-06-18 22:00:00,18,6,18,22,0,750,110,"88, RUE DU FAUBOURG DU T",48.8709,2.37369,Nuit avec éclairage allumé,En agglomération,Hors intersection,Normale,Autre collision,,,,,,,,,,,5,2,1,1.0,6.0
201800051515,0018-06-19 13:15:00,18,6,19,13,15,750,110,"205, RUE DU FAUBOURG SAI",48.8801,2.36393,Plein jour,En agglomération,Hors intersection,Normale,Deux véhicules - côté,,,,,,,,,,,1,2,1,1.0,3.0
201800051516,0018-06-21 02:00:00,18,6,21,2,0,750,110,"34, BOULEVARD DE MAGENTA",48.8715,2.36032,Nuit avec éclairage allumé,En agglomération,Intersection en X,Normale,Deux véhicules - côté,,,,,,,,,,,5,2,2,1.0,3.0
201800051517,0018-06-21 09:30:00,18,6,21,9,30,750,110,"79, QUAI DE VALMY",48.8724,2.36408,Plein jour,En agglomération,Hors intersection,Normale,Deux véhicules - côté,,,,,,,,,,,1,2,1,1.0,3.0
201800051518,0018-06-21 14:20:00,18,6,21,14,20,750,110,"20, RUE DU FAUBOURG POIS",48.8725,2.3479,Plein jour,En agglomération,Hors intersection,Normale,Autre collision,,,,,,,,,,,1,2,1,1.0,6.0
201800051519,0018-06-21 15:30:00,18,6,21,15,30,750,110,"66, RUE D HAUTEVILLE",48.8751,2.35084,Plein jour,En agglomération,Hors intersection,Temps éblouissant,Autre collision,,,,,,,,,,,1,2,1,7.0,6.0
201800051520,0018-06-22 15:05:00,18,6,22,15,5,750,110,"03, PLACE FRANZ LISZT",48.8777,2.35155,Plein jour,En agglomération,Place,Normale,Autre collision,,,,,,,,,,,1,2,7,1.0,6.0
201800051521,0018-06-22 18:30:00,18,6,22,18,30,750,110,"13, BOULEVARD DE LA CHAP",48.8843,2.36412,Plein jour,En agglomération,Intersection en X,Normale,Deux véhicules - arrière,,,,,,,,,,,1,2,2,1.0,2.0
201800051522,0018-06-25 14:15:00,18,6,25,14,15,750,110,"152, BOULEVARD DE MAGENT",48.8818,2.35102,Plein jour,En agglomération,Hors intersection,Normale,Deux véhicules - arrière,,,,,,,,,,,1,2,1,1.0,2.0
201800051523,0018-06-26 08:45:00,18,6,26,8,45,750,110,"6, RUE SAINT LAURENT",48.8755,2.3585,Plein jour,En agglomération,Hors intersection,Normale,Deux véhicules - arrière,,,,,,,,,,,1,2,1,1.0,2.0
201800051524,0018-06-26 16:20:00,18,6,26,16,20,750,110,"267, RUE DU FAUBOURG SAI",48.884,2.3687,Plein jour,En agglomération,Intersection en X,Normale,Deux véhicules - arrière,,,,,,,,,,,1,2,2,1.0,2.0
201800051525,0018-06-27 05:40:00,18,6,27,5,40,750,110,"15, BOULEVARD DE MAGENTA",48.8706,2.3612,Crépuscule ou aube,En agglomération,Intersection en X,Normale,Deux véhicules - côté,,,,,,,,,,,2,2,2,1.0,3.0
201800051526,0018-06-29 14:45:00,18,6,29,14,45,750,110,RUE DES PETITES ECURIES,48.874,2.34785,Plein jour,En agglomération,Intersection en X,Normale,Autre collision,,,,,,,,,,,1,2,2,1.0,6.0
201800051527,0018-06-30 16:30:00,18,6,30,16,30,750,110,"68, RUE DU FAUBOURG SAIN",48.8717,2.3572,Plein jour,En agglomération,Intersection en X,Normale,Deux véhicules - côté,,,,,,,,,,,1,2,2,1.0,3.0
201800051528,0018-07-04 16:50:00,18,7,4,16,50,750,110,"28, BOULEVARD DE BONNE N",48.8703,2.3499,Plein jour,En agglomération,Hors intersection,Normale,Deux véhicules - arrière,,,,,,,,,,,1,2,1,1.0,2.0
201800051529,0018-07-11 18:20:00,18,7,11,18,20,750,110,"10, BOULEVARD DE MAGENTA",48.8694,2.36217,Plein jour,En agglomération,Hors intersection,Normale,Deux véhicules - arrière,,,,,,,,,,,1,2,1,1.0,2.0
201800051530,0018-07-11 20:15:00,18,7,11,20,15,750,110,"62, BOULEVARD DE MAGENTA",48.8737,2.35826,Plein jour,En agglomération,Intersection en X,Normale,Deux véhicules - côté,,,,,,,,,,,1,2,2,1.0,3.0
201800051531,0018-07-16 03:25:00,18,7,16,3,25,750,110,"1 TER, RUE RENE BOULANGE",48.8683,2.36137,Nuit avec éclairage allumé,En agglomération,Hors intersection,Normale,Sans collision,,,,,,,,,,,5,2,1,1.0,7.0
201800051532,0018-07-16 15:45:00,18,7,16,15,45,750,110,"224, RUE DU FAUBOURG SAI",48.8804,2.36432,Plein jour,En agglomération,Intersection en T,Normale,Deux véhicules - côté,,,,,,,,,,,1,2,3,1.0,3.0
201800051533,0018-07-18 15:05:00,18,7,18,15,5,750,110,BOULEVARD DE MAGENTA,48.88192,2.35103,Plein jour,En agglomération,Hors intersection,Normale,Deux véhicules - arrière,,,,,,,,,,,1,2,1,1.0,2.0
201800051534,0018-07-18 17:50:00,18,7,18,17,50,750,110,COUR DE LA GARE DU NORD,48.88053,2.35368,Plein jour,En agglomération,Hors intersection,Normale,Autre collision,,,,,,,,,,,1,2,1,1.0,6.0
201800051535,0018-07-20 18:15:00,18,7,20,18,15,750,110,RUE DU FAUBOURG SAINT MA,48.88279,2.36704,Plein jour,En agglomération,Hors intersection,Pluie légère,Autre collision,,,,,,,,,,,1,2,1,2.0,6.0
201800051536,0018-07-21 09:51:00,18,7,21,9,51,750,110,RUE DU FAUBOURG SAINT MA,48.87598,2.3605,Plein jour,En agglomération,Intersection en T,Normale,Deux véhicules - côté,,,,,,,,,,,1,2,3,1.0,3.0
201800051537,0018-07-23 07:36:00,18,7,23,7,36,750,110,BOULEVARD DE MAGENTA,48.87432,2.35806,Plein jour,En agglomération,Hors intersection,Normale,Autre collision,,,,,,,,,,,1,2,1,1.0,6.0
201800051538,0018-07-24 12:43:00,18,7,24,12,43,750,110,RUE DU BUISSON SAINT LOU,,,Plein jour,En agglomération,Intersection en T,Normale,Autre collision,,,,,,,,,,,1,2,3,1.0,6.0
201800051539,0018-07-26 21:25:00,18,7,26,21,25,750,110,RUE LOUIS BLANC,,,Nuit avec éclairage allumé,En agglomération,Hors intersection,Normale,Autre collision,,,,,,,,,,,5,2,1,1.0,6.0
201800051540,0018-07-28 04:00:00,18,7,28,4,0,750,110,RUE DU CHATEAU D EAU,48.86,2.28,Nuit avec éclairage allumé,En agglomération,Hors intersection,Normale,Deux véhicules - arrière,,,,,,,,,,,5,2,1,1.0,2.0
201800051541,0018-08-02 16:45:00,18,8,2,16,45,750,110,BOULEVARD SAINT DENIS,48.86934,2.35453,Plein jour,En agglomération,Intersection en X,Temps éblouissant,Deux véhicules - côté,,,,,,,,,,,1,2,2,7.0,3.0
201800051542,0018-08-03 11:50:00,18,8,3,11,50,750,110,BOULEVARD DE LA VILLETTE,48.87453,2.37387,Plein jour,En agglomération,Hors intersection,Normale,Autre collision,,,,,,,,,,,1,2,1,1.0,6.0
201800051543,0018-08-04 15:10:00,18,8,4,15,10,750,110,RUE DU FAUBOURG SAINT MA,48.87781,2.3617,Plein jour,En agglomération,Intersection en T,Normale,Deux véhicules - côté,,,,,,,,,,,1,2,3,1.0,3.0
201800051544,0018-08-05 11:00:00,18,8,5,11,0,750,110,RUE LOUIS BLANC,48.87883,2.36943,Plein jour,En agglomération,Hors intersection,Normale,Deux véhicules - côté,,,,,,,,,,,1,2,1,1.0,3.0
201800051545,0018-08-10 02:00:00,18,8,10,2,0,750,110,RUE LA FAYETTE,48.88118,2.36474,Nuit avec éclairage allumé,En agglomération,Intersection en X,Normale,Trois véhicules et plus - collisions multiples,,,,,,,,,,,5,2,2,1.0,5.0