accident_id,datetime,annee,mois,jour,heure,minute,departement,commune_insee,adresse,latitude,longitude,luminosite,agglomeration,intersection,meteo,collision,nb_vehicules,nb_usagers,nb_indemnes,nb_tues,nb_blesses_hosp,nb_blesses_legers,age_cond_1,age_cond_2,veh_type_cond_1,veh_type_cond_2,lum_code,agg_code,int_code,atm_code,col_code
201800051546,0018-08-18 17:50:00,18,8,18,17,50,750,110,AVENUE CLAUDE VELLEFAUX,48.87651,2.37046,Plein jour,En agglomération,Intersection en X,Temps éblouissant,Autre collision,,,,,,,,,,,1,2,2,7.0,6.0
201800051547,0018-08-19 10:00:00,18,8,19,10,0,750,110,RUE LA FAYETTE,48.88251,2.36883,Plein jour,En agglomération,Intersection en T,Normale,Autre collision,,,,,,,,,,,1,2,3,1.0,6.0
201800051548,0018-08-21 23:20:00,18,8,21,23,20,750,110,BOULEVARD DE MAGENTA,48.87768,2.35491,Nuit avec éclairage allumé,En agglomération,Hors intersection,Normale,Deux véhicules - arrière,,,,,,,,,,,5,2,1,1.0,2.0
201800051549,0018-08-23 13:30:00,18,8,23,13,30,750,110,BOULEVARD DE STRASBOURG,48.87224,2.35599,Plein jour,En agglomération,Intersection en X,Normale,Autre collision,,,,,,,,,,,1,2,2,1.0,6.0
201800051550,0018-08-24 00:20:00,18,8,24,0,20,750,110,BOULEVARD DE MAGENTA,48.87715,2.35503,Nuit avec éclairage allumé,En agglomération,Hors intersection,Pluie légère,Autre collision,,,,,,,,,,,5,2,1,2.0,6.0
201800051551,0018-08-24 01:45:00,18,8,24,1,45,750,110,BOULEVARD DE MAGENTA,48.87344,2.35882,Nuit avec éclairage allumé,En agglomération,Hors intersection,Pluie légère,Autre collision,,,,,,,,,,,5,2,1,2.0,6.0
201800051552,0018-08-27 22:20:00,18,8,27,22,20,750,110,BOULEVARD DE LA CHAPELLE,48.88645,2.35109,Nuit avec éclairage allumé,En agglomération,Hors intersection,Normale,Deux véhicules - côté,,,,,,,,,,,5,2,1,1.0,3.0
201800051553,0018-08-28 17:00:00,18,8,28,17,0,750,110,RUE LA FAYETTE,48.87803,2.35112,Plein jour,En agglomération,Intersection en X,Normale,Autre collision,,,,,,,,,,,1,2,2,1.0,6.0
201800051554,0018-08-31 18:20:00,18,8,31,18,20,750,110,RUE DU FAUBOURG SAINT MA,48.87989,2.36384,Plein jour,En agglomération,Place,Normale,Autre collision,,,,,,,,,,,1,2,7,1.0,6.0
201800051555,0018-09-02 14:45:00,18,9,2,14,45,750,110,BOULEVARD DE MAGENTA,48.87562,2.35654,Plein jour,En agglomération,Intersection en Y,Normale,Autre collision,,,,,,,,,,,1,2,4,1.0,6.0
201800051556,0018-09-05 17:30:00,18,9,5,17,30,750,110,QUAI DE VALMY,48.87028,2.36571,Plein jour,En agglomération,Hors intersection,Normale,Trois véhicules et plus - en chaîne,,,,,,,,,,,1,2,1,1.0,4.0
201800051557,0018-09-05 18:45:00,18,9,5,18,45,750,110,RUE LOUIS BLANC,48.88115,2.36482,Plein jour,En agglomération,Intersection en X,Normale,Autre collision,,,,,,,,,,,1,2,2,1.0,6.0
201800051558,0018-09-05 20:40:00,18,9,5,20,40,750,110,BOULEVARD DE MAGENTA,48.8738,2.3593,Nuit sans éclairage public,En agglomération,Intersection en X,Normale,Autre collision,,,,,,,,,,,3,2,2,1.0,6.0
201800051559,0018-09-06 10:55:00,18,9,6,10,55,750,110,RUE LA FAYETTE,48.87893,2.35636,Plein jour,En agglomération,Intersection en X,Normale,Autre collision,,,,,,,,,,,1,2,2,1.0,6.0
201800051560,0018-09-07 17:30:00,18,9,7,17,30,750,110,BOULEVARD SAINT MARTIN,48.866,2.333,Plein jour,En agglomération,Intersection en X,Normale,Autre collision,,,,,,,,,,,1,2,2,1.0,6.0
201800051561,0018-09-08 18:20:00,18,9,8,18,20,750,110,QUAI DE JEMMAPES,,,Plein jour,En agglomération,Hors intersection,Normale,Autre collision,,,,,,,,,,,1,2,1,1.0,6.0
201800051562,0018-09-09 15:10:00,18,9,9,15,10,750,110,RUE SAINT MAUR,48.87306,2.37988,Plein jour,En agglomération,Hors intersection,Normale,Autre collision,,,,,,,,,,,1,2,1,1.0,6.0
201800051563,0018-09-12 12:00:00,18,9,12,12,0,750,110,RUE MARIE ET LOUISE,48.87196,2.36634,Plein jour,En agglomération,Hors intersection,Normale,Autre collision,,,,,,,,,,,1,2,1,1.0,6.0
201800051564,0018-09-13 19:50:00,18,9,13,19,50,750,110,BOULEVARD DE STRASBOURG,48.8728,2.35871,Crépuscule ou aube,En agglomération,Intersection en T,Temps couvert,Deux véhicules - arrière,,,,,,,,,,,2,2,3,8.0,2.0
201800051565,0018-09-14 22:20:00,18,9,14,22,20,750,110,RUE LOUIS BLANC,48.88144,2.36434,Nuit avec éclairage allumé,En agglomération,Hors intersection,Normale,Autre collision,,,,,,,,,,,5,2,1,1.0,6.0
201800051566,0018-09-15 01:30:00,18,9,15,1,30,750,110,BOULEVARD DE STRASBOURG,48.876,2.3582,Nuit avec éclairage allumé,En agglomération,Intersection en T,Normale,Sans collision,,,,,,,,,,,5,2,3,1.0,7.0
201800051567,0018-09-17 15:57:00,18,9,17,15,57,750,110,RUE DU FAUBOURG DU TEMPL,48.86883,2.36778,Plein jour,En agglomération,Intersection en X,Normale,Deux véhicules - côté,,,,,,,,,,,1,2,2,1.0,3.0
201800051568,0018-09-17 19:15:00,18,9,17,19,15,750,110,QUAI DE JEMMAPES,48.88,2.36,Plein jour,En agglomération,Hors intersection,Normale,Autre collision,,,,,,,,,,,1,2,1,1.0,6.0
201800051569,0018-09-18 11:00:00,18,9,18,11,0,750,110,QUAI DE VALMY,48.87302,2.36353,Plein jour,En agglomération,Intersection en X,Normale,Trois véhicules et plus - collisions multiples,,,,,,,,,,,1,2,2,1.0,5.0
201800051570,0018-09-18 10:05:00,18,9,18,10,5,750,110,PLACE DU ONZE NOVEMBRE 1,48.87632,2.35903,Plein jour,En agglomération,Hors intersection,Autre,Autre collision,,,,,,,,,,,1,2,1,9.0,6.0
201800051571,0018-09-22 14:20:00,18,9,22,14,20,750,110,BOULEVARD DE STRASBOURG,48.87157,2.35578,Plein jour,En agglomération,Hors intersection,Pluie légère,Deux véhicules - côté,,,,,,,,,,,1,2,1,2.0,3.0
201800051572,0018-09-22 15:40:00,18,9,22,15,40,750,110,RUE DE MAUBEUGE,,,Plein jour,En agglomération,Intersection en X,Pluie légère,Autre collision,,,,,,,,,,,1,2,2,2.0,6.0
201800051573,0018-09-25 22:30:00,18,9,25,22,30,750,110,RUE LOUIS BLANC,48.88106,2.3652,Nuit avec éclairage allumé,En agglomération,Intersection en X,Normale,Deux véhicules - côté,,,,,,,,,,,5,2,2,1.0,3.0
201800051574,0018-09-26 16:05:00,18,9,26,16,5,750,110,BOULEVARD DE MAGENTA,48.87628,2.35636,Plein jour,En agglomération,Intersection à plus de 4 branches,Normale,Deux véhicules - côté,,,,,,,,,,,1,2,5,1.0,3.0
201800051575,0018-09-27 16:20:00,18,9,27,16,20,750,110,RUE DU FAUBOURG SAINT MA,48.87518,2.35939,Plein jour,En agglomération,Intersection en X,Normale,Deux véhicules - côté,,,,,,,,,,,1,2,2,1.0,3.0
201800051576,0018-09-28 01:30:00,18,9,28,1,30,750,110,RUE LUCIEN SAMPAIX,48.85661,2.35222,Nuit avec éclairage allumé,En agglomération,Intersection en X,Normale,Autre collision,,,,,,,,,,,5,2,2,1.0,6.0
201800051577,0018-09-30 15:05:00,18,9,30,15,5,750,110,RUE LOUIS BLANC,48.88229,2.3627,Plein jour,En agglomération,Hors intersection,Normale,Autre collision,,,,,,,,,,,1,2,1,1.0,6.0
201800051578,0018-10-01 23:20:00,18,10,1,23,20,750,110,BOULEVARD DE MAGENTA,48.88365,2.35007,Nuit avec éclairage allumé,En agglomération,Intersection en X,Normale,Deux véhicules - arrière,,,,,,,,,,,5,2,2,1.0,2.0
201800051579,0018-10-03 01:07:00,18,10,3,1,7,750,110,BOULEVARD DE MAGENTA,48.87418,2.35825,Nuit avec éclairage allumé,En agglomération,Intersection en X,Normale,Autre collision,,,,,,,,,,,5,2,2,1.0,6.0
201800051580,0018-10-03 17:10:00,18,10,3,17,10,750,110,RUE DU FAUBOURG SAINT DE,48.87948,2.36244,Plein jour,En agglomération,Intersection en X,Normale,Autre collision,,,,,,,,,,,1,2,2,1.0,6.0
201800051581,0018-10-06 09:05:00,18,10,6,9,5,750,110,RUE DU FAUBOURG SAINT MA,48.87186,2.3571,Plein jour,En agglomération,Intersection en X,Normale,Autre collision,,,,,,,,,,,1,2,2,1.0,6.0
201800051582,0018-10-06 16:45:00,18,10,6,16,45,750,110,RUE DE MAUBEUGE,,,Plein jour,En agglomération,Intersection en X,Normale,Deux véhicules - côté,,,,,,,,,,,1,2,2,1.0,3.0
201800051583,0018-10-07 21:55:00,18,10,7,21,55,750,110,RUE DU FAUBOURG SAINT MA,48.88043,2.36413,Nuit avec éclairage allumé,En agglomération,Intersection en T,Normale,Deux véhicules - arrière,,,,,,,,,,,5,2,3,1.0,2.0
201800051584,0018-10-09 13:15:00,18,10,9,13,15,750,110,BOULEVARD DE STRASBOURG,48.87236,2.35593,Plein jour,En agglomération,Intersection en X,Normale,Autre collision,,,,,,,,,,,1,2,2,1.0,6.0
201800051585,0018-10-11 22:15:00,18,10,11,22,15,750,110,BOULEVARD DE MAGENTA,48.87924,2.35364,Nuit avec éclairage allumé,En agglomération,Intersection en T,Pluie légère,Autre collision,,,,,,,,,,,5,2,3,2.0,6.0
201800051586,0018-10-14 16:50:00,18,10,14,16,50,750,110,QUAI DE VALMY,48.87397,2.36295,Plein jour,En agglomération,Hors intersection,Normale,Autre collision,,,,,,,,,,,1,2,1,1.0,6.0
201800051587,0018-10-15 08:08:00,18,10,15,8,8,750,110,RUE ALIBERT,48.87,2.36,Plein jour,En agglomération,Intersection à plus de 4 branches,Normale,Autre collision,,,,,,,,,,,1,2,5,1.0,6.0
201800051588,0018-10-17 08:25:00,18,10,17,8,25,750,110,BOULEVARD DE LA VILLETTE,48.8842,2.36681,Plein jour,En agglomération,Intersection en T,Normale,Deux véhicules - frontale,,,,,,,,,,,1,2,3,1.0,1.0
201800051589,0018-10-18 20:05:00,18,10,18,20,5,750,110,RUE DU FAUBOURG SAINT MA,48.8754,2.36002,Nuit avec éclairage allumé,En agglomération,Intersection en T,Normale,Deux véhicules - côté,,,,,,,,,,,5,2,3,1.0,3.0
201800051590,0018-10-20 14:05:00,18,10,20,14,5,750,110,BOULEVARD DE MAGENTA,48.87771,2.36237,Plein jour,En agglomération,Intersection en X,Normale,Autre collision,,,,,,,,,,,1,2,2,1.0,6.0
201800051591,0018-10-21 21:00:00,18,10,21,21,0,750,110,BOULEVARD DE MAGENTA,48.87,2.35,Nuit avec éclairage allumé,En agglomération,Intersection en T,Normale,Deux véhicules - côté,,,,,,,,,,,5,2,3,1.0,3.0
201800051592,0018-10-23 11:30:00,18,10,23,11,30,750,110,BOULEVARD DE MAGENTA,48.87334,2.35887,Plein jour,En agglomération,Intersection en T,Normale,Deux véhicules - côté,,,,,,,,,,,1,2,3,1.0,3.0
201800051593,0018-10-27 06:50:00,18,10,27,6,50,750,110,BOULEVARD DE BONNE NOUVE,48.87,2.34,Nuit avec éclairage allumé,En agglomération,Intersection en T,Normale,Autre collision,,,,,,,,,,,5,2,3,1.0,6.0
201800051594,0018-10-27 17:45:00,18,10,27,17,45,750,110,RUE DU FAUBOURG SAINT MA,48.87534,2.36198,Plein jour,En agglomération,Hors intersection,Normale,Autre collision,,,,,,,,,,,1,2,1,1.0,6.0
201800051595,0018-10-28 18:50:00,18,10,28,18,50,750,110,RUE DE ROCROY,48.88095,2.35105,Nuit avec éclairage allumé,En agglomération,Intersection en X,Normale,Autre collision,,,,,,,,,,,5,2,2,1.0,6.0
201800051596,0018-10-29 18:35:00,18,10,29,18,35,750,110,RUE DU FAUBOURG POISSONN,,,Nuit avec éclairage non allumé,En agglomération,Intersection en X,Normale,Autre collision,,,,,,,,,,,4,2,2,1.0,6.0
201800051597,0018-10-30 16:00:00,18,10,30,16,0,750,110,RUE DE PARADIS,48.87547,2.34966,Plein jour,En agglomération,Hors intersection,Normale,Autre collision,,,,,,,,,,,1,2,1,1.0,6.0
201800051598,0018-10-30 16:35:00,18,10,30,16,35,750,110,RUE DU FAUBOURG SAINT MA,48.87649,2.36557,Plein jour,En agglomération,Intersection en T,Temps couvert,Deux véhicules - côté,,,,,,,,,,,1,2,3,8.0,3.0
201800051599,0018-11-02 14:40:00,18,11,2,14,40,750,110,BOULEVARD DE MAGENTA,48.87893,2.35343,Plein jour,En agglomération,Intersection en X,Normale,Autre collision,,,,,,,,,,,1,2,2,1.0,6.0
201800051600,0018-11-02 14:20:00,18,11,2,14,20,750,110,RUE DU FAUBOURG SAINT MA,48.8858,2.36879,Plein jour,En agglomération,Place,Normale,Deux véhicules - côté,,,,,,,,,,,1,2,7,1.0,3.0
201800051601,0018-11-03 03:25:00,18,11,3,3,25,750,110,BOULEVARD DE MAGENTA,48.87672,2.35574,Nuit avec éclairage allumé,En agglomération,Intersection en Y,Normale,Deux véhicules - côté,,,,,,,,,,,5,2,4,1.0,3.0
201800051602,0018-11-07 09:25:00,18,11,7,9,25,750,110,RUE LA FAYETTE,48.88176,2.36513,Plein jour,En agglomération,Intersection en Y,Pluie légère,Autre collision,,,,,,,,,,,1,2,4,2.0,6.0
201800051603,0018-11-06 21:00:00,18,11,6,21,0,750,110,RUE DU FAUBOURG SAINT MA,48.88,2.36,Nuit avec éclairage allumé,En agglomération,Intersection en T,Normale,Deux véhicules - côté,,,,,,,,,,,5,2,3,1.0,3.0
201800051604,0018-11-07 15:25:00,18,11,7,15,25,750,110,BOULEVARD DE BONNE NOUVE,48.87314,2.35637,Plein jour,En agglomération,Intersection en T,Temps couvert,Deux véhicules - côté,,,,,,,,,,,1,2,3,8.0,3.0
201800051605,0018-11-09 15:00:00,18,11,9,15,0,750,110,RUE DU FAUBOURG SAINT DE,48.86272,2.28759,Plein jour,En agglomération,Hors intersection,Normale,Deux véhicules - côté,,,,,,,,,,,1,2,1,1.0,3.0
201800051606,0018-11-10 09:50:00,18,11,10,9,50,750,110,BOULEVARD DE LA CHAPELLE,48.88421,2.36451,Plein jour,En agglomération,Intersection en X,Pluie légère,Autre collision,,,,,,,,,,,1,2,2,2.0,6.0
201800051607,0018-11-10 21:45:00,18,11,10,21,45,750,110,BOULEVARD DE MAGENTA,48.88143,2.35117,Nuit avec éclairage allumé,En agglomération,Intersection en Y,Pluie légère,Autre collision,,,,,,,,,,,5,2,4,2.0,6.0
201800051608,0018-11-13 15:30:00,18,11,13,15,30,750,110,BOULEVARD DE LA VILLETTE,48.87587,2.37246,Plein jour,En agglomération,Hors intersection,Normale,Autre collision,,,,,,,,,,,1,2,1,1.0,6.0
201800051609,0018-11-14 18:42:00,18,11,14,18,42,750,110,RUE LOUIS BLANC,48.88117,2.3651,Nuit avec éclairage allumé,En agglomération,Intersection en X,Normale,Autre collision,,,,,,,,,,,5,2,2,1.0,6.0
201800051610,0018-11-16 10:15:00,18,11,16,10,15,750,110,QUAI DE JEMMAPES,48.87856,2.36705,Plein jour,En agglomération,Hors intersection,Normale,Autre collision,,,,,,,,,,,1,2,1,1.0,6.0
201800051611,0018-11-19 15:10:00,18,11,19,15,10,750,110,RUE D HAUTEVILLE,,,Plein jour,En agglomération,Hors intersection,Normale,Deux véhicules - côté,,,,,,,,,,,1,2,1,1.0,3.0
201800051612,0018-11-19 16:45:00,18,11,19,16,45,750,110,BOULEVARD SAINT DENIS,48.86947,2.35393,Crépuscule ou aube,En agglomération,Intersection en X,Normale,Deux véhicules - côté,,,,,,,,,,,2,2,2,1.0,3.0
201800051613,0018-11-20 09:40:00,18,11,20,9,40,750,110,RUE DU FAUBOURG SAINT MA,48.88,2.36,Plein jour,En agglomération,Intersection en T,Pluie légère,Autre collision,,,,,,,,,,,1,2,3,2.0,6.0
201800051614,0018-11-23 21:20:00,18,11,23,21,20,750,110,BOULEVARD DE LA CHAPELLE,48.88418,2.36394,Nuit avec éclairage allumé,En agglomération,Hors intersection,Pluie légère,Autre collision,,,,,,,,,,,5,2,1,2.0,6.0
201800051615,0018-11-25 02:50:00,18,11,25,2,50,750,110,AVENUE PARMENTIER,48.87131,2.37003,Nuit sans éclairage public,En agglomération,Intersection en X,Normale,Deux véhicules - frontale,,,,,,,,,,,3,2,2,1.0,1.0
201800051616,0018-11-26 10:20:00,18,11,26,10,20,750,110,QUAI DE JEMMAPES,48.87567,2.36441,Plein jour,En agglomération,Hors intersection,Pluie légère,Deux véhicules - côté,,,,,,,,,,,1,2,1,2.0,3.0
201800051617,0018-11-27 18:40:00,18,11,27,18,40,750,110,RUE LA FAYETTE,48.8805,2.362,Nuit avec éclairage allumé,En agglomération,Intersection en X,Pluie légère,Autre collision,,,,,,,,,,,5,2,2,2.0,6.0
201800051618,0018-11-30 11:10:00,18,11,30,11,10,750,110,QUAI DE JEMMAPES,48.87586,2.367,Plein jour,En agglomération,Intersection en X,Temps couvert,Autre collision,,,,,,,,,,,1,2,2,8.0,6.0
201800051619,0018-11-30 19:55:00,18,11,30,19,55,750,110,RUE SAINT MAUR,48.80294,2.48542,Nuit avec éclairage allumé,En agglomération,Intersection en T,Normale,Deux véhicules - arrière,,,,,,,,,,,5,2,3,1.0,2.0
201800051620,0018-12-03 19:05:00,18,12,3,19,5,750,110,RUE DU FAUBOURG SAINT MA,48.88376,2.36853,Nuit avec éclairage allumé,En agglomération,Place,Pluie légère,Autre collision,,,,,,,,,,,5,2,7,2.0,6.0
201800051621,0018-12-04 14:00:00,18,12,4,14,0,750,110,BOULEVARD DE LA CHAPELLE,48.88382,2.35324,Plein jour,En agglomération,Hors intersection,Normale,Autre collision,,,,,,,,,,,1,2,1,1.0,6.0
201800051622,0018-12-12 03:10:00,18,12,12,3,10,750,110,QUAI DE VALMY,48.88242,2.36905,Nuit avec éclairage allumé,En agglomération,Intersection en Y,Normale,Sans collision,,,,,,,,,,,5,2,4,1.0,7.0
201800051623,0018-12-12 19:40:00,18,12,12,19,40,750,110,QUAI DE VALMY,48.867,2.33333,Nuit avec éclairage allumé,En agglomération,Intersection en T,Normale,Autre collision,,,,,,,,,,,5,2,3,1.0,6.0
201800051624,0018-12-12 23:19:00,18,12,12,23,19,750,110,RUE LA FAYETTE,48.87824,2.35256,Nuit avec éclairage allumé,En agglomération,Hors intersection,Normale,Autre collision,,,,,,,,,,,5,2,1,1.0,6.0
201800051625,0018-12-19 13:40:00,18,12,19,13,40,750,110,QUAI DE VALMY,48.87869,2.36623,Plein jour,En agglomération,Intersection en T,Temps couvert,Deux véhicules - frontale,,,,,,,,,,,1,2,3,8.0,1.0
201800051626,0018-12-20 09:10:00,18,12,20,9,10,750,110,RUE DE DUNKERQUE,48.87775,2.364,Plein jour,En agglomération,Intersection en X,Normale,Deux véhicules - côté,,,,,,,,,,,1,2,2,1.0,3.0
201800051627,0018-12-21 22:00:00,18,12,21,22,0,750,110,BOULEVARD DE MAGENTA,48.88107,2.35204,Nuit avec éclairage allumé,En agglomération,Hors intersection,Pluie légère,Autre collision,,,,,,,,,,,5,2,1,2.0,6.0
201800051628,0018-12-23 17:30:00,18,12,23,17,30,750,110,RUE LA FAYETTE,48.87,2.36,Nuit avec éclairage allumé,En agglomération,Intersection en X,Pluie légère,Autre collision,,,,,,,,,,,5,2,2,2.0,6.0
201800051629,0018-12-24 11:45:00,18,12,24,11,45,750,110,BOULEVARD DE MAGENTA,,,Plein jour,En agglomération,Hors intersection,Autre,Deux véhicules - côté,,,,,,,,,,,1,2,1,9.0,3.0
201800051630,0018-12-26 10:35:00,18,12,26,10,35,750,110,BOULEVARD DE MAGENTA,48.87534,2.35714,Crépuscule ou aube,En agglomération,Intersection en X,Normale,Autre collision,,,,,,,,,,,2,2,2,1.0,6.0
201800051631,0018-01-01 15:30:00,18,1,1,15,30,750,111,"151, BOULEVARD VOLTAIRE",48.8554,2.38423,Plein jour,En agglomération,Intersection en X,Pluie légère,Deux véhicules - côté,,,,,,,,,,,1,2,2,2.0,3.0
201800051632,0018-01-01 01:30:00,18,1,1,1,30,750,111,"63, RUE SAINT MAUR",48.8627,2.3796,Nuit avec éclairage allumé,En agglomération,Intersection en T,Normale,Autre collision,,,,,,,,,,,5,2,3,1.0,6.0
201800051633,0018-01-05 09:35:00,18,1,5,9,35,750,111,"74, RUE DE MONTREUIL",48.8503,2.39259,Plein jour,En agglomération,Intersection en X,Temps couvert,Deux véhicules - côté,,,,,,,,,,,1,2,2,8.0,3.0
201800051634,0018-01-06 13:30:00,18,1,6,13,30,750,111,"63, AVENUE PHILIPPE AUGU",48.8536,2.39266,Plein jour,En agglomération,Intersection en X,Normale,Deux véhicules - côté,,,,,,,,,,,1,2,2,1.0,3.0
201800051635,0018-01-08 20:20:00,18,1,8,20,20,750,111,"24, AVENUE DE LA REPUBLI",48.8661,2.37014,Nuit avec éclairage allumé,En agglomération,Intersection en X,Normale,Autre collision,,,,,,,,,,,5,2,2,1.0,6.0
201800051636,0018-01-11 15:00:00,18,1,11,15,0,750,111,"109, RUE DU CHEMIN VERT",48.8613,2.38178,Plein jour,En agglomération,Hors intersection,Normale,Deux véhicules - côté,,,,,,,,,,,1,2,1,1.0,3.0
201800051637,0018-01-16 16:30:00,18,1,16,16,30,750,111,"21, AVENUE PHILIPPE AUGU",48.8507,2.39447,Plein jour,En agglomération,Intersection en X,Pluie forte,Deux véhicules - arrière,,,,,,,,,,,1,2,2,3.0,2.0
201800051638,0018-01-17 09:00:00,18,1,17,9,0,750,111,"62, AVENUE DE LA REPUBLI",48.8648,2.37701,Plein jour,En agglomération,Hors intersection,Pluie légère,Deux véhicules - côté,,,,,,,,,,,1,2,1,2.0,3.0
201800051639,0018-01-18 17:30:00,18,1,18,17,30,750,111,"71, BOULEVARD DE MENILMO",48.8629,2.38742,Crépuscule ou aube,En agglomération,Intersection à plus de 4 branches,Normale,Sans collision,,,,,,,,,,,2,2,5,1.0,7.0
201800051640,0018-01-19 09:50:00,18,1,19,9,50,750,111,"17, PLACE DE LA NATION",48.8484,2.3967,Plein jour,En agglomération,Place,Pluie légère,Sans collision,,,,,,,,,,,1,2,7,2.0,7.0
201800051641,0018-01-19 11:50:00,18,1,19,11,50,750,111,"30, RUE FAIDHERBE",48.8525,2.38319,Plein jour,En agglomération,Intersection en X,Normale,Sans collision,,,,,,,,,,,1,2,2,1.0,7.0
201800051642,0018-01-20 23:40:00,18,1,20,23,40,750,111,"03, AVENUE PHILIPPE AUGU",48.8494,2.39531,Nuit avec éclairage allumé,En agglomération,Intersection en X,Normale,Autre collision,,,,,,,,,,,5,2,2,1.0,6.0
201800051643,0018-01-25 02:00:00,18,1,25,2,0,750,111,"200, BOULEVARD VOLTAIRE",48.8539,2.38668,Nuit avec éclairage allumé,En agglomération,Hors intersection,Pluie légère,Deux véhicules - arrière,,,,,,,,,,,5,2,1,2.0,2.0
201800051644,0018-01-25 15:00:00,18,1,25,15,0,750,111,"95, BOULEVARD RICHARD LE",48.8631,2.37131,Plein jour,En agglomération,Intersection en X,Pluie légère,Deux véhicules - côté,,,,,,,,,,,1,2,2,2.0,3.0
201800051645,0018-01-27 15:50:00,18,1,27,15,50,750,111,"165, BOULEVARD VOLTAIRE",48.8547,2.38535,Plein jour,En agglomération,Intersection en X,Normale,Autre collision,,,,,,,,,,,1,2,2,1.0,6.0
201800051646,0018-01-30 08:00:00,18,1,30,8,0,750,111,RUE DE MONTREUIL,48.8507,2.39447,Crépuscule ou aube,En agglomération,Intersection en X,Normale,Deux véhicules - côté,,,,,,,,,,,2,2,2,1.0,3.0
201800051647,0018-01-30 11:00:00,18,1,30,11,0,750,111,"87, AVENUE PARMENTIER",48.8658,2.37412,Plein jour,En agglomération,Hors intersection,Normale,Deux véhicules - côté,,,,,,,,,,,1,2,1,1.0,3.0
201800051648,0018-01-31 10:05:00,18,1,31,10,5,750,111,"103, AVENUE LEDRU ROLLIN",48.8525,2.37678,Plein jour,En agglomération,Intersection en X,Pluie légère,Autre collision,,,,,,,,,,,1,2,2,2.0,6.0
201800051649,0018-02-01 09:25:00,18,2,1,9,25,750,111,"267, RUE DU FAUBOURG SAI",48.8497,2.38732,Plein jour,En agglomération,Intersection en Y,Pluie légère,Deux véhicules - côté,,,,,,,,,,,1,2,4,2.0,3.0
201800051650,0018-02-01 10:20:00,18,2,1,10,20,750,111,"140, AVENUE LEDRU ROLLIN",48.8546,2.378,Plein jour,En agglomération,Intersection en X,Normale,Autre collision,,,,,,,,,,,1,2,2,1.0,6.0
201800051651,0018-02-01 13:00:00,18,2,1,13,0,750,111,"63, AVENUE PARMENTIER",48.864,2.37549,Plein jour,En agglomération,Intersection en T,Temps couvert,Deux véhicules - côté,,,,,,,,,,,1,2,3,8.0,3.0
201800051652,0018-02-01 13:00:00,18,2,1,13,0,750,111,"87, BOULEVARD RICHARD LE",48.8619,2.37209,Plein jour,En agglomération,Intersection en X,Normale,Deux véhicules - côté,,,,,,,,,,,1,2,2,1.0,3.0
201800051653,0018-02-02 15:10:00,18,2,2,15,10,750,111,"100, BOULEVARD VOLTAIRE",48.8598,2.37685,Plein jour,En agglomération,Intersection en X,Normale,Deux véhicules - côté,,,,,,,,,,,1,2,2,1.0,3.0
201800051654,0018-02-02 16:50:00,18,2,2,16,50,750,111,"96, BOULEVARD VOLTAIRE",48.8598,2.37685,Plein jour,En agglomération,Intersection en X,Normale,Deux véhicules - côté,,,,,,,,,,,1,2,2,1.0,3.0
201800051655,0018-02-03 23:30:00,18,2,3,23,30,750,111,AVENUE DE LA REPUBLIQUE,48.8662,2.36963,Nuit avec éclairage allumé,En agglomération,Intersection en X,Pluie légère,Autre collision,,,,,,,,,,,5,2,2,2.0,6.0
201800051656,0018-02-10 14:50:00,18,2,10,14,50,750,111,"117, BOULEVARD DE MENILM",48.8658,2.38397,Plein jour,En agglomération,Hors intersection,Normale,Sans collision,,,,,,,,,,,1,2,1,1.0,7.0
201800051657,0018-02-11 01:30:00,18,2,11,1,30,750,111,"47, RUE DES TROIS BORNES",48.8675,2.37524,Nuit avec éclairage allumé,En agglomération,Hors intersection,Pluie légère,Autre collision,,,,,,,,,,,5,2,1,2.0,6.0
201800051658,0018-02-13 15:40:00,18,2,13,15,40,750,111,"164, RUE DE LA ROQUETTE",48.8587,2.38431,Plein jour,En agglomération,Intersection en T,Normale,Deux véhicules - côté,,,,,,,,,,,1,2,3,1.0,3.0
201800051659,0018-02-14 09:15:00,18,2,14,9,15,750,111,"45, RUE DU FAUBOURG SAIN",48.8523,2.37234,Plein jour,En agglomération,Intersection en T,Normale,Deux véhicules - côté,,,,,,,,,,,1,2,3,1.0,3.0
201800051660,0018-02-15 11:55:00,18,2,15,11,55,750,111,"138, BOULEVARD VOLTAIRE",48.8567,2.38199,Plein jour,En agglomération,Intersection en Y,Pluie forte,Autre collision,,,,,,,,,,,1,2,4,3.0,6.0
201800051661,0018-02-16 09:55:00,18,2,16,9,55,750,111,"30, RUE DE LAPPE",48.8528,2.37447,Plein jour,En agglomération,Intersection en T,Normale,Autre collision,,,,,,,,,,,1,2,3,1.0,6.0
201800051662,0018-02-16 21:10:00,18,2,16,21,10,750,111,"14, AVENUE DE LA REPUBLI",48.8667,2.36709,Nuit avec éclairage allumé,En agglomération,Intersection en X,Normale,Autre collision,,,,,,,,,,,5,2,2,1.0,6.0
201800051663,0018-02-17 20:30:00,18,2,17,20,30,750,111,"49, AVENUE PARMENTIER",48.8631,2.37616,Nuit avec éclairage allumé,En agglomération,Intersection en T,Normale,Deux véhicules - côté,,,,,,,,,,,5,2,3,1.0,3.0
201800051664,0018-02-19 18:00:00,18,2,19,18,0,750,111,"6, RUE VICTOR GELEZ",48.8647,2.38294,Crépuscule ou aube,En agglomération,Intersection en X,Pluie légère,Deux véhicules - côté,,,,,,,,,,,2,2,2,2.0,3.0
201800051665,0018-02-20 12:50:00,18,2,20,12,50,750,111,"130, RUE OBERKAMPF",48.8664,2.38022,Plein jour,En agglomération,Intersection en X,Normale,Deux véhicules - côté,,,,,,,,,,,1,2,2,1.0,3.0