accident_id,datetime,annee,mois,jour,heure,minute,departement,commune_insee,adresse,latitude,longitude,luminosite,agglomeration,intersection,meteo,collision,nb_vehicules,nb_usagers,nb_indemnes,nb_tues,nb_blesses_hosp,nb_blesses_legers,age_cond_1,age_cond_2,veh_type_cond_1,veh_type_cond_2,lum_code,agg_code,int_code,atm_code,col_code
201800051666,0018-02-20 15:40:00,18,2,20,15,40,750,111,"101, AVENUE DE LA REPUBL",48.8634,2.38445,Plein jour,En agglomération,Hors intersection,Normale,Deux véhicules - arrière,,,,,,,,,,,1,2,1,1.0,2.0
201800051667,0018-02-21 19:30:00,18,2,21,19,30,750,111,"128, BOULEVARD VOLTAIRE",48.8583,2.37933,Nuit avec éclairage allumé,En agglomération,Place,Normale,Autre collision,,,,,,,,,,,5,2,7,1.0,6.0
201800051668,0018-02-23 15:10:00,18,2,23,15,10,750,111,"/, RUE OBERKAMPF",48.864,2.37068,Plein jour,En agglomération,Intersection en X,Vent fort / tempête,Autre collision,,,,,,,,,,,1,2,2,6.0,6.0
201800051669,0018-02-25 16:10:00,18,2,25,16,10,750,111,"60, BOULEVARD BEAUMARCHA",48.8576,2.36804,Plein jour,En agglomération,Intersection en T,Normale,Deux véhicules - arrière,,,,,,,,,,,1,2,3,1.0,2.0
201800051670,0018-02-25 21:14:00,18,2,25,21,14,750,111,"14, RUE ALEXANDRE DUMAS",48.8531,2.39031,Nuit avec éclairage allumé,En agglomération,Hors intersection,Normale,Autre collision,,,,,,,,,,,5,2,1,1.0,6.0
201800051671,0018-02-26 09:50:00,18,2,26,9,50,750,111,"71, AVENUE PARMENTIER",48.8643,2.37525,Plein jour,En agglomération,Hors intersection,Normale,Deux véhicules - côté,,,,,,,,,,,1,2,1,1.0,3.0
201800051672,0018-02-27 09:15:00,18,2,27,9,15,750,111,"10, BOULEVARD RICHARD LE",48.8547,2.37014,Plein jour,En agglomération,Hors intersection,Normale,Deux véhicules - côté,,,,,,,,,,,1,2,1,1.0,3.0
201800051673,0018-03-03 14:10:00,18,3,3,14,10,750,111,"33, AVENUE PARMENTIER",48.862,2.37698,Plein jour,En agglomération,Intersection en X,Normale,Autre collision,,,,,,,,,,,1,2,2,1.0,6.0
201800051674,0018-03-05 14:35:00,18,3,5,14,35,750,111,"253, RUE DU FAUBOURG SAI",48.8499,2.38617,Plein jour,En agglomération,Hors intersection,Normale,Deux véhicules - côté,,,,,,,,,,,1,2,1,1.0,3.0
201800051675,0018-03-06 18:57:00,18,3,6,18,57,750,111,"23, BOULEVARD VOLTAIRE",48.8652,2.36773,Nuit avec éclairage allumé,En agglomération,Intersection en X,Pluie légère,Autre collision,,,,,,,,,,,5,2,2,2.0,6.0
201800051676,0018-03-12 09:40:00,18,3,12,9,40,750,111,"30, BOULEVARD DU TEMPLE",48.865,2.36561,Plein jour,En agglomération,Hors intersection,Normale,Deux véhicules - côté,,,,,,,,,,,1,2,1,1.0,3.0
201800051677,0018-03-14 18:35:00,18,3,14,18,35,750,111,"22, AVENUE PARMENTIER",48.8603,2.37856,Nuit avec éclairage allumé,En agglomération,Intersection en X,Normale,Deux véhicules - côté,,,,,,,,,,,5,2,2,1.0,3.0
201800051678,0018-03-15 12:00:00,18,3,15,12,0,750,111,"90, AVENUE LEDRU ROLLIN",48.8513,2.37612,Plein jour,En agglomération,Intersection en X,Normale,Autre collision,,,,,,,,,,,1,2,2,1.0,6.0
201800051679,0018-03-20 09:30:00,18,3,20,9,30,750,111,"175, AVENUE LEDRU ROLLIN",48.8567,2.37922,Plein jour,En agglomération,Intersection en Y,Normale,Deux véhicules - côté,,,,,,,,,,,1,2,4,1.0,3.0
201800051680,0018-03-21 12:00:00,18,3,21,12,0,750,111,"95, AVENUE PARMENTIER",48.8663,2.37374,Plein jour,En agglomération,Hors intersection,Normale,Deux véhicules - côté,,,,,,,,,,,1,2,1,1.0,3.0
201800051681,0018-03-22 10:30:00,18,3,22,10,30,750,111,"87, RUE DE CHARONNE",48.854,2.38226,Plein jour,En agglomération,Intersection en T,Normale,Deux véhicules - arrière,,,,,,,,,,,1,2,3,1.0,2.0
201800051682,0018-03-25 19:15:00,18,3,25,19,15,750,111,"33, AVENUE PARMENTIER",48.862,2.37698,Plein jour,En agglomération,Intersection en X,Normale,Deux véhicules - arrière,,,,,,,,,,,1,2,2,1.0,2.0
201800051683,0018-03-25 21:50:00,18,3,25,21,50,750,111,"133, RUE DE LA ROQUETTE",48.8585,2.38366,Nuit avec éclairage allumé,En agglomération,Intersection en X,Normale,Deux véhicules - arrière,,,,,,,,,,,5,2,2,1.0,2.0
201800051684,0018-03-27 12:25:00,18,3,27,12,25,750,111,"74-76, AVENUE PARMENTIER",48.864,2.37549,Plein jour,En agglomération,Intersection en T,Pluie légère,Deux véhicules - côté,,,,,,,,,,,1,2,3,2.0,3.0
201800051685,0018-03-28 16:40:00,18,3,28,16,40,750,111,"131, RUE OBERKAMPF",48.8664,2.38022,Plein jour,En agglomération,Intersection en X,Temps couvert,Autre collision,,,,,,,,,,,1,2,2,8.0,6.0
201800051686,0018-03-29 18:45:00,18,3,29,18,45,750,111,"260, BOULEVARD VOLTAIRE",48.8503,2.39259,Plein jour,En agglomération,Intersection en X,Pluie légère,Deux véhicules - côté,,,,,,,,,,,1,2,2,2.0,3.0
201800051687,0018-03-30 23:45:00,18,3,30,23,45,750,111,"182, BOULEVARD VOLTAIRE",48.8547,2.38535,Nuit avec éclairage allumé,En agglomération,Intersection en X,Normale,Deux véhicules - côté,,,,,,,,,,,5,2,2,1.0,3.0
201800051688,0018-03-31 02:25:00,18,3,31,2,25,750,111,"96, AVENUE PHILIPPE AUGU",48.8558,2.3913,Nuit avec éclairage allumé,En agglomération,Intersection en X,Normale,Trois véhicules et plus - collisions multiples,,,,,,,,,,,5,2,2,1.0,5.0
201800051689,0018-04-01 04:35:00,18,4,1,4,35,750,111,"50, RUE JEAN PIERRE TIMB",48.8665,2.37271,Nuit avec éclairage allumé,En agglomération,Hors intersection,Normale,Autre collision,,,,,,,,,,,5,2,1,1.0,6.0
201800051690,0018-04-03 22:10:00,18,4,3,22,10,750,111,"155, RUE DE LA ROQUETTE",48.8593,2.38685,Nuit avec éclairage allumé,En agglomération,Intersection en X,Normale,Deux véhicules - côté,,,,,,,,,,,5,2,2,1.0,3.0
201800051691,0018-04-04 11:30:00,18,4,4,11,30,750,111,"3, IMPASSE BON SECOURS",48.855,2.3836,Plein jour,En agglomération,Hors intersection,Normale,Autre collision,,,,,,,,,,,1,2,1,1.0,6.0
201800051692,0018-04-05 09:50:00,18,4,5,9,50,750,111,"75, RUE DE LA FONTAINE A",48.8688,2.37629,Plein jour,En agglomération,Intersection en X,Pluie légère,Deux véhicules - côté,,,,,,,,,,,1,2,2,2.0,3.0
201800051693,0018-04-06 18:10:00,18,4,6,18,10,750,111,"119, RUE DU CHEMIN VERT",48.8617,2.38299,Plein jour,En agglomération,Hors intersection,Normale,Deux véhicules - côté,,,,,,,,,,,1,2,1,1.0,3.0
201800051694,0018-04-07 19:55:00,18,4,7,19,55,750,111,"137, RUE DU CHEMIN VERT",48.8623,2.38515,Crépuscule ou aube,En agglomération,Intersection en X,Normale,Autre collision,,,,,,,,,,,2,2,2,1.0,6.0
201800051695,0018-04-08 05:30:00,18,4,8,5,30,750,111,"49, AVENUE PARMENTIER",48.8631,2.37616,Nuit avec éclairage allumé,En agglomération,Intersection en T,Normale,Autre collision,,,,,,,,,,,5,2,3,1.0,6.0
201800051696,0018-04-10 20:25:00,18,4,10,20,25,750,111,"78, BOULEVARD VOLTAIRE",48.861,2.37475,Nuit avec éclairage allumé,En agglomération,Intersection en T,Normale,Autre collision,,,,,,,,,,,5,2,3,1.0,6.0
201800051697,0018-04-12 09:40:00,18,4,12,9,40,750,111,"5, RUE DE LA FOLIE MERIC",48.8617,2.37442,Plein jour,En agglomération,Intersection en T,Temps couvert,Autre collision,,,,,,,,,,,1,2,3,8.0,6.0
201800051698,0018-04-12 12:40:00,18,4,12,12,40,750,111,"20, AVENUE PHILIPPE AUGU",48.8507,2.39447,Plein jour,En agglomération,Intersection en X,Normale,Autre collision,,,,,,,,,,,1,2,2,1.0,6.0
201800051699,0018-04-13 12:15:00,18,4,13,12,15,750,111,PLACE DE LA REPUBLIQUE,48.8667,2.36518,Plein jour,En agglomération,Place,Normale,Autre collision,,,,,,,,,,,1,2,7,1.0,6.0
201800051700,0018-04-15 01:30:00,18,4,15,1,30,750,111,"31, AVENUE PARMENTIER",48.8616,2.37732,Nuit avec éclairage allumé,En agglomération,Intersection en X,Normale,Deux véhicules - côté,,,,,,,,,,,5,2,2,1.0,3.0
201800051701,0018-04-16 19:45:00,18,4,16,19,45,750,111,"29, AVENUE DE LA REPUBLI",48.8657,2.37246,Crépuscule ou aube,En agglomération,Intersection en Y,Normale,Deux véhicules - côté,,,,,,,,,,,2,2,4,1.0,3.0
201800051702,0018-04-17 09:20:00,18,4,17,9,20,750,111,AVENUE DE LA REPUBLIQUE,48.8665,2.36813,Plein jour,En agglomération,Intersection en T,Normale,Deux véhicules - côté,,,,,,,,,,,1,2,3,1.0,3.0
201800051703,0018-04-19 17:20:00,18,4,19,17,20,750,111,"154, RUE DU CHEMIN VERT",48.8629,2.38742,Plein jour,En agglomération,Place,Normale,Autre collision,,,,,,,,,,,1,2,7,1.0,6.0
201800051704,0018-04-20 14:00:00,18,4,20,14,0,750,111,"85, BOULEVARD RICHARD LE",48.8617,2.37216,Plein jour,En agglomération,Hors intersection,Normale,Deux véhicules - côté,,,,,,,,,,,1,2,1,1.0,3.0
201800051705,0018-04-20 22:45:00,18,4,20,22,45,750,111,"95, PASSAGE PHILIPPE AUG",48.8558,2.3913,Nuit avec éclairage allumé,En agglomération,Intersection en X,Normale,Autre collision,,,,,,,,,,,5,2,2,1.0,6.0
201800051706,0018-04-22 14:50:00,18,4,22,14,50,750,111,"2, RUE CAMILLE DESMOULIN",48.8585,2.38021,Plein jour,En agglomération,Place,Normale,Autre collision,,,,,,,,,,,1,2,7,1.0,6.0
201800051707,0018-04-22 20:15:00,18,4,22,20,15,750,111,"17, AVENUE PHILIPPE AUGU",48.8507,2.39447,Crépuscule ou aube,En agglomération,Intersection en X,Normale,Deux véhicules - côté,,,,,,,,,,,2,2,2,1.0,3.0
201800051708,0018-04-23 22:15:00,18,4,23,22,15,750,111,"81, AVENUE PARMENTIER",48.8651,2.37468,Nuit avec éclairage allumé,En agglomération,Intersection à plus de 4 branches,Normale,Autre collision,,,,,,,,,,,5,2,5,1.0,6.0
201800051709,0018-04-24 12:40:00,18,4,24,12,40,750,111,"230, BOULEVARD VOLTAIRE",48.8521,2.38958,Plein jour,En agglomération,Intersection en X,Normale,Sans collision,,,,,,,,,,,1,2,2,1.0,7.0
201800051710,0018-04-24 20:10:00,18,4,24,20,10,750,111,"122, RUE OBERKAMPF",48.8662,2.3797,Plein jour,En agglomération,Hors intersection,Normale,Sans collision,,,,,,,,,,,1,2,1,1.0,7.0
201800051711,0018-04-27 17:24:00,18,4,27,17,24,750,111,"117, RUE DE CHARONNE",48.8547,2.38535,Plein jour,En agglomération,Intersection en X,Normale,Autre collision,,,,,,,,,,,1,2,2,1.0,6.0
201800051712,0018-04-27 17:30:00,18,4,27,17,30,750,111,"111, BOULEVARD DE MENILM",48.8653,2.38453,Plein jour,En agglomération,Intersection en T,Normale,Deux véhicules - côté,,,,,,,,,,,1,2,3,1.0,3.0
201800051713,0018-04-28 22:40:00,18,4,28,22,40,750,111,"174, RUE DE LA ROQUETTE",48.8593,2.38685,Nuit avec éclairage allumé,En agglomération,Intersection en X,Normale,Deux véhicules - arrière,,,,,,,,,,,5,2,2,1.0,2.0
201800051714,0018-05-02 13:45:00,18,5,2,13,45,750,111,"45, AVENUE PHILIPPE AUGU",48.8523,2.39344,Plein jour,En agglomération,Intersection en T,Normale,Trois véhicules et plus - collisions multiples,,,,,,,,,,,1,2,3,1.0,5.0
201800051715,0018-05-02 23:00:00,18,5,2,23,0,750,111,BOULEVARD VOLTAIRE,48.8547,2.38535,Nuit avec éclairage allumé,En agglomération,Intersection en X,Normale,Autre collision,,,,,,,,,,,5,2,2,1.0,6.0
201800051716,0018-05-04 15:45:00,18,5,4,15,45,750,111,"44, BOULEVARD RICHARD LE",48.8581,2.37164,Plein jour,En agglomération,Intersection en X,Normale,Autre collision,,,,,,,,,,,1,2,2,1.0,6.0
201800051717,0018-05-06 14:40:00,18,5,6,14,40,750,111,"90, AVENUE PARMENTIER",48.8657,2.37422,Plein jour,En agglomération,Hors intersection,Normale,Deux véhicules - côté,,,,,,,,,,,1,2,1,1.0,3.0
201800051718,0018-05-07 18:30:00,18,5,7,18,30,750,111,"215, RUE DU FAUBOURG SAI",48.8505,2.3833,Plein jour,En agglomération,Hors intersection,Normale,Deux véhicules - arrière,,,,,,,,,,,1,2,1,1.0,2.0
201800051719,0018-05-09 18:10:00,18,5,9,18,10,750,111,"02, BOULEVARD BEAUMARCHA",48.8547,2.36874,Plein jour,En agglomération,Hors intersection,Normale,Autre collision,,,,,,,,,,,1,2,1,1.0,6.0
201800051720,0018-05-09 20:15:00,18,5,9,20,15,750,111,"60, BOULEVARD VOLTAIRE",48.8622,2.37277,Crépuscule ou aube,En agglomération,Intersection à plus de 4 branches,Normale,Autre collision,,,,,,,,,,,2,2,5,1.0,6.0
201800051721,0018-05-11 10:50:00,18,5,11,10,50,750,111,"97, AVENUE PARMENTIER",48.8664,2.37365,Plein jour,En agglomération,Hors intersection,Normale,Deux véhicules - arrière,,,,,,,,,,,1,2,1,1.0,2.0
201800051722,0018-05-11 17:00:00,18,5,11,17,0,750,111,"1, PLACE LEON BLUM",48.8577,2.38038,Plein jour,En agglomération,Place,Normale,Deux véhicules - côté,,,,,,,,,,,1,2,7,1.0,3.0
201800051723,0018-05-11 16:40:00,18,5,11,16,40,750,111,"100, AVENUE DE LA REPUBL",48.8636,2.38335,Plein jour,En agglomération,Intersection en T,Normale,Deux véhicules - côté,,,,,,,,,,,1,2,3,1.0,3.0
201800051724,0018-05-15 19:20:00,18,5,15,19,20,750,110,"137, AVENUE PARMENTIER",48.87,2.37099,Plein jour,En agglomération,Intersection en X,Normale,Autre collision,,,,,,,,,,,1,2,2,1.0,6.0
201800051725,0018-05-16 14:15:00,18,5,16,14,15,750,111,"22, AVENUE DE LA REPUBLI",48.8663,2.36884,Plein jour,En agglomération,Intersection en X,Normale,Deux véhicules - côté,,,,,,,,,,,1,2,2,1.0,3.0
201800051726,0018-05-18 22:50:00,18,5,18,22,50,750,111,"196, RUE DU FAUBOURG SAI",48.8501,2.3843,Nuit avec éclairage allumé,En agglomération,Intersection à plus de 4 branches,Normale,Autre collision,,,,,,,,,,,5,2,5,1.0,6.0
201800051727,0018-05-19 22:40:00,18,5,19,22,40,750,111,"/, BOULEVARD DE CHARONNE",48.8565,2.39423,Nuit avec éclairage allumé,En agglomération,Intersection à plus de 4 branches,Normale,Deux véhicules - arrière,,,,,,,,,,,5,2,5,1.0,2.0
201800051728,0018-05-20 19:05:00,18,5,20,19,5,750,111,"29, RUE DU GRAND PRIEURE",48.8665,2.36813,Plein jour,En agglomération,Intersection en Y,Normale,Deux véhicules - côté,,,,,,,,,,,1,2,4,1.0,3.0
201800051729,0018-05-23 08:55:00,18,5,23,8,55,750,111,"63, AVENUE PARMENTIER",48.8638,2.37563,Plein jour,En agglomération,Hors intersection,Normale,Deux véhicules - côté,,,,,,,,,,,1,2,1,1.0,3.0
201800051730,0018-05-24 10:19:00,18,5,24,10,19,750,111,"2, BOULEVARD DES FILLES",48.8607,2.36729,Plein jour,En agglomération,Intersection en Y,Normale,Deux véhicules - arrière,,,,,,,,,,,1,2,4,1.0,2.0
201800051731,0018-05-24 09:50:00,18,5,24,9,50,750,111,"149, AVENUE LEDRU ROLLIN",48.8546,2.378,Plein jour,En agglomération,Intersection en Y,Normale,Autre collision,,,,,,,,,,,1,2,4,1.0,6.0
201800051732,0018-05-25 15:05:00,18,5,25,15,5,750,111,"127, RUE DU FAUBOURG SAI",48.851,2.37714,Plein jour,En agglomération,Intersection en T,Normale,Deux véhicules - côté,,,,,,,,,,,1,2,3,1.0,3.0
201800051733,0018-05-25 22:00:00,18,5,25,22,0,750,111,"113, BOULEVARD DE CHARON",48.8565,2.39423,Nuit avec éclairage allumé,En agglomération,Intersection en X,Pluie forte,Sans collision,,,,,,,,,,,5,2,2,3.0,7.0
201800051734,0018-05-26 10:30:00,18,5,26,10,30,750,111,"59, RUE DU FAUBOURG SAIN",48.852,2.37342,Plein jour,En agglomération,Intersection en T,Normale,Autre collision,,,,,,,,,,,1,2,3,1.0,6.0
201800051735,0018-05-28 19:25:00,18,5,28,19,25,750,111,"113, RUE DU FAUBOURG SAI",48.8512,2.37655,Crépuscule ou aube,En agglomération,Hors intersection,Pluie forte,Autre collision,,,,,,,,,,,2,2,1,3.0,6.0
201800051736,0018-05-29 10:00:00,18,5,29,10,0,750,111,"56, AVENUE DE LA REPUBLI",48.8653,2.37452,Plein jour,En agglomération,Intersection en X,Temps couvert,Autre collision,,,,,,,,,,,1,2,2,8.0,6.0
201800051737,0018-05-30 11:22:00,18,5,30,11,22,750,111,"140, RUE DE LA ROQUETTE",48.858,2.38147,Plein jour,En agglomération,Intersection en X,Temps couvert,Deux véhicules - côté,,,,,,,,,,,1,2,2,8.0,3.0
201800051738,0018-06-01 11:30:00,18,6,1,11,30,750,111,"110, RUE DE MONTREUIL",48.8511,2.39747,Plein jour,En agglomération,Hors intersection,Normale,Deux véhicules - côté,,,,,,,,,,,1,2,1,1.0,3.0
201800051739,0018-06-03 11:55:00,18,6,3,11,55,750,103,"33, BOULEVARD BEAUMARCHA",48.8557,2.36848,Plein jour,En agglomération,Intersection en X,Normale,Autre collision,,,,,,,,,,,1,2,2,1.0,6.0
201800051740,0018-06-04 18:40:00,18,6,4,18,40,750,111,"137, RUE DE CHARONNE",48.8551,2.38712,Plein jour,En agglomération,Intersection en X,Normale,Deux véhicules - côté,,,,,,,,,,,1,2,2,1.0,3.0
201800051741,0018-06-05 16:15:00,18,6,5,16,15,750,111,"30, BOULEVARD RICHARD LE",48.8568,2.3711,Plein jour,En agglomération,Hors intersection,Normale,Deux véhicules - arrière,,,,,,,,,,,1,2,1,1.0,2.0
201800051742,0018-06-06 20:10:00,18,6,6,20,10,750,111,"56, RUE DU CHEMIN VERT",48.8594,2.37584,Plein jour,En agglomération,Intersection en X,Pluie légère,Deux véhicules - côté,,,,,,,,,,,1,2,2,2.0,3.0
201800051743,0018-06-06 21:40:00,18,6,6,21,40,750,111,"19, BOULEVARD DE BELLEVI",48.8683,2.38135,Nuit avec éclairage non allumé,En agglomération,Intersection en T,Pluie légère,Autre collision,,,,,,,,,,,4,2,3,2.0,6.0
201800051744,0018-06-07 10:55:00,18,6,7,10,55,750,111,"129, BOULEVARD RICHARD L",48.8663,2.36884,Plein jour,En agglomération,Intersection en X,Normale,Deux véhicules - côté,,,,,,,,,,,1,2,2,1.0,3.0
201800051745,0018-06-07 20:20:00,18,6,7,20,20,750,111,"43, RUE ALEXANDRE DUMAS",48.8538,2.39387,Plein jour,En agglomération,Intersection en X,Normale,Autre collision,,,,,,,,,,,1,2,2,1.0,6.0
201800051746,0018-06-08 15:54:00,18,6,8,15,54,750,111,"121, AVENUE LEDRU ROLLIN",48.8539,2.37761,Plein jour,En agglomération,Hors intersection,Normale,Deux véhicules - arrière,,,,,,,,,,,1,2,1,1.0,2.0
201800051747,0018-06-11 16:15:00,18,6,11,16,15,750,103,"5, BOULEVARD DES FILLES",48.8614,2.36714,Plein jour,En agglomération,Intersection en Y,Pluie légère,Sans collision,,,,,,,,,,,1,2,4,2.0,7.0
201800051748,0018-06-14 18:00:00,18,6,14,18,0,750,111,"110, BOULEVARD RICHARD L",48.8642,2.37113,Plein jour,En agglomération,Intersection en X,Normale,Autre collision,,,,,,,,,,,1,2,2,1.0,6.0
201800051749,0018-06-14 20:30:00,18,6,14,20,30,750,111,"138, RUE DE LA ROQUETTE",48.8579,2.38104,Crépuscule ou aube,En agglomération,Place,Temps couvert,Autre collision,,,,,,,,,,,2,2,7,8.0,6.0
201800051750,0018-06-16 19:15:00,18,6,16,19,15,750,111,"57, BOULEVARD DE BELLEVI",48.87,2.37908,Plein jour,En agglomération,Intersection en X,Normale,Deux véhicules - côté,,,,,,,,,,,1,2,2,1.0,3.0
201800051751,0018-06-13 15:30:00,18,6,13,15,30,750,111,"2, RUE DU MARCHE POPINCO",48.8643,2.37314,Plein jour,En agglomération,Hors intersection,Normale,Autre collision,,,,,,,,,,,1,2,1,1.0,6.0
201800051752,0018-06-12 19:50:00,18,6,12,19,50,750,111,"59, RUE DE LA ROQUETTE",48.856,2.37579,Plein jour,En agglomération,Hors intersection,Normale,Autre collision,,,,,,,,,,,1,2,1,1.0,6.0
201800051753,0018-06-17 09:53:00,18,6,17,9,53,750,111,RUE DE CHARONNE,48.8525,2.37421,Plein jour,En agglomération,Hors intersection,Normale,Deux véhicules - côté,,,,,,,,,,,1,2,1,1.0,3.0
201800051754,0018-06-11 09:35:00,18,6,11,9,35,750,111,"108, AVENUE LEDRU ROLLIN",48.8525,2.37678,Plein jour,En agglomération,Intersection en T,Pluie légère,Sans collision,,,,,,,,,,,1,2,3,2.0,7.0
201800051755,0018-06-11 20:55:00,18,6,11,20,55,750,111,"0, RUE DE LA FONTAINE AU",48.8684,2.37488,Plein jour,En agglomération,Intersection en X,Normale,Deux véhicules - côté,,,,,,,,,,,1,2,2,1.0,3.0
201800051756,0018-06-19 14:00:00,18,6,19,14,0,750,111,"90BIS, AVENUE DE LA REPU",48.864,2.38129,Plein jour,En agglomération,Intersection à plus de 4 branches,Normale,Deux véhicules - côté,,,,,,,,,,,1,2,5,1.0,3.0
201800051757,0018-06-19 16:55:00,18,6,19,16,55,750,111,"97, AVENUE LEDRU ROLLIN",48.8521,2.37654,Plein jour,En agglomération,Hors intersection,Normale,Autre collision,,,,,,,,,,,1,2,1,1.0,6.0
201800051758,0018-06-21 08:30:00,18,6,21,8,30,750,111,"166, RUE DE LA ROQUETTE",48.8588,2.3846,Plein jour,En agglomération,Intersection en T,Normale,Deux véhicules - frontale,,,,,,,,,,,1,2,3,1.0,1.0
201800051759,0018-06-21 21:35:00,18,6,21,21,35,750,111,", BOULEVARD VOLTAIRE",48.8536,2.38716,Crépuscule ou aube,En agglomération,Hors intersection,Normale,Deux véhicules - côté,,,,,,,,,,,2,2,1,1.0,3.0
201800051760,0018-06-23 00:10:00,18,6,23,0,10,750,111,RUE SAINT MAUR,48.8684,2.37488,Nuit avec éclairage allumé,En agglomération,Intersection en X,Normale,Deux véhicules - côté,,,,,,,,,,,5,2,2,1.0,3.0
201800051761,0018-06-23 14:35:00,18,6,23,14,35,750,111,"130, BOULEVARD VOLTAIRE",48.8583,2.37933,Plein jour,En agglomération,Place,Normale,Autre collision,,,,,,,,,,,1,2,7,1.0,6.0
201800051762,0018-06-26 10:05:00,18,6,26,10,5,750,111,"16BIS, AVENUE PARMENTIER",48.8596,2.37912,Plein jour,En agglomération,Hors intersection,Normale,Deux véhicules - arrière,,,,,,,,,,,1,2,1,1.0,2.0
201800051763,0018-06-25 20:50:00,18,6,25,20,50,750,111,"9, RUE FROMENT",48.8572,2.37278,Plein jour,En agglomération,Intersection en X,Normale,Deux véhicules - côté,,,,,,,,,,,1,2,2,1.0,3.0
201800051764,0018-06-26 18:05:00,18,6,26,18,5,750,111,"135, RUE DE CHARONNE",48.8551,2.38712,Plein jour,En agglomération,Intersection en X,Normale,Deux véhicules - côté,,,,,,,,,,,1,2,2,1.0,3.0
201800051765,0018-06-27 15:30:00,18,6,27,15,30,750,111,"58, RUE VOLTAIRE",48.8622,2.37277,Plein jour,En agglomération,Intersection en Y,Normale,Autre collision,,,,,,,,,,,1,2,4,1.0,6.0
201800051766,0018-06-28 09:25:00,18,6,28,9,25,750,111,"138, BOULEVARD RICHARD L",48.8662,2.36963,Plein jour,En agglomération,Intersection en X,Normale,Deux véhicules - côté,,,,,,,,,,,1,2,2,1.0,3.0
201800051767,0018-06-28 15:25:00,18,6,28,15,25,750,111,"1, AVENUE DE TAILLEBOURG",48.8491,2.39703,Plein jour,En agglomération,Intersection en X,Normale,Deux véhicules - côté,,,,,,,,,,,1,2,2,1.0,3.0
201800051768,0018-06-28 17:20:00,18,6,28,17,20,750,111,"59, RUE DU CHEMIN VERT",48.8598,2.37685,Plein jour,En agglomération,Intersection en X,Normale,Deux véhicules - côté,,,,,,,,,,,1,2,2,1.0,3.0
201800051769,0018-07-01 15:15:00,18,7,1,15,15,750,111,"151, BOULEVARD DE CHARON",48.8584,2.3894,Plein jour,En agglomération,Intersection en X,Normale,Deux véhicules - arrière,,,,,,,,,,,1,2,2,1.0,2.0
201800051770,0018-07-02 19:00:00,18,7,2,19,0,750,111,"199, BOULEVARD VOLTAIRE",48.8529,2.38851,Plein jour,En agglomération,Intersection en X,Normale,Deux véhicules - côté,,,,,,,,,,,1,2,2,1.0,3.0
201800051771,0018-07-03 12:04:00,18,7,3,12,4,750,111,"107, AVENUE DE LA REPUBL",48.8629,2.38742,Plein jour,En agglomération,Intersection à plus de 4 branches,Normale,Autre collision,,,,,,,,,,,1,2,5,1.0,6.0
201800051772,0018-07-04 03:20:00,18,7,4,3,20,750,111,"4, PASSAGE THIERE",48.8534,2.37476,Nuit avec éclairage allumé,En agglomération,Hors intersection,Normale,Autre collision,,,,,,,,,,,5,2,1,1.0,6.0
201800051773,0018-07-05 23:10:00,18,7,5,23,10,750,111,RUE LEON FROT,48.856,2.38625,Nuit avec éclairage allumé,En agglomération,Intersection en X,Normale,Autre collision,,,,,,,,,,,5,2,2,1.0,6.0
201800051774,0018-07-06 15:10:00,18,7,6,15,10,750,111,BOULEVARD RICHARD LENOIR,48.8581,2.37164,Plein jour,En agglomération,Intersection en X,Normale,Deux véhicules - côté,,,,,,,,,,,1,2,2,1.0,3.0
201800051775,0018-07-08 13:50:00,18,7,8,13,50,750,111,"73, BOULEVARD VOLTAIRE",48.8607,2.37525,Plein jour,En agglomération,Intersection en X,Normale,Deux véhicules - côté,,,,,,,,,,,1,2,2,1.0,3.0
201800051776,0018-07-09 14:18:00,18,7,9,14,18,750,111,PLACE DE LA NATION,48.8489,2.39606,Plein jour,En agglomération,Place,Normale,Deux véhicules - arrière,,,,,,,,,,,1,2,7,1.0,2.0
201800051777,0018-07-09 20:00:00,18,7,9,20,0,750,111,"33, BOULEVARD VOLTAIRE",48.8644,2.36901,Plein jour,En agglomération,Intersection en X,Normale,Autre collision,,,,,,,,,,,1,2,2,1.0,6.0
201800051778,0018-07-10 20:25:00,18,7,10,20,25,750,111,AVENUE DU TRONE,48.8485,2.39747,Plein jour,En agglomération,Intersection en X,Normale,Autre collision,,,,,,,,,,,1,2,2,1.0,6.0
201800051779,0018-07-11 22:10:00,18,7,11,22,10,750,111,"113, BOULEVARD DE MENILM",48.8655,2.38422,Nuit avec éclairage allumé,En agglomération,Hors intersection,Normale,Deux véhicules - arrière,,,,,,,,,,,5,2,1,1.0,2.0
201800051780,0018-07-12 19:49:00,18,7,12,19,49,750,111,"47, RUE BASFROI",48.8563,2.3782,Plein jour,En agglomération,Hors intersection,Normale,Deux véhicules - frontale,,,,,,,,,,,1,2,1,1.0,1.0
201800051781,0018-07-13 18:40:00,18,7,13,18,40,750,111,"14, AVENUE PARMENTIER",48.8595,2.3792,Plein jour,En agglomération,Hors intersection,Normale,Sans collision,,,,,,,,,,,1,2,1,1.0,7.0
201800051782,0018-07-15 01:10:00,18,7,15,1,10,750,111,"197, RUE LEON FROT",48.8529,2.38851,Nuit avec éclairage allumé,En agglomération,Intersection en Y,Normale,Autre collision,,,,,,,,,,,5,2,4,1.0,6.0
201800051783,0018-07-16 15:00:00,18,7,16,15,0,750,111,"11, AVENUE PHILIPPE AUGU",48.8502,2.39478,Plein jour,En agglomération,Hors intersection,Normale,Deux véhicules - arrière,,,,,,,,,,,1,2,1,1.0,2.0