accident_id,datetime,annee,mois,jour,heure,minute,departement,commune_insee,adresse,latitude,longitude,luminosite,agglomeration,intersection,meteo,collision,nb_vehicules,nb_usagers,nb_indemnes,nb_tues,nb_blesses_hosp,nb_blesses_legers,age_cond_1,age_cond_2,veh_type_cond_1,veh_type_cond_2,lum_code,agg_code,int_code,atm_code,col_code
201800051904,0018-01-10 03:30:00,18,1,10,3,30,750,112,RUE JOSEPH KESSEL,48.8337,2.38244,Nuit avec éclairage allumé,En agglomération,Intersection en X,Pluie légère,Deux véhicules - côté,,,,,,,,,,,5,2,2,2.0,3.0
201800051905,0018-01-11 18:35:00,18,1,11,18,35,750,112,RUE DU GENERAL DE LANGLE,48.8281,2.39224,Crépuscule ou aube,En agglomération,Intersection en Y,Normale,Deux véhicules - côté,,,,,,,,,,,2,2,4,1.0,3.0
201800051906,0018-01-12 18:00:00,18,1,12,18,0,750,112,QUAI DE BERCY,48.8357,2.37938,Nuit avec éclairage allumé,En agglomération,Hors intersection,Normale,Deux véhicules - arrière,,,,,,,,,,,5,2,1,1.0,2.0
201800051907,0018-01-13 10:15:00,18,1,13,10,15,750,112,SOUTERRAIN VAN GOGH,48.8436,2.37102,Plein jour,En agglomération,Intersection en Y,Normale,Deux véhicules - arrière,,,,,,,,,,,1,2,4,1.0,2.0
201800051908,0018-01-14 15:30:00,18,1,14,15,30,750,112,"1, PLACE EDOUARD RENARD",48.8355,2.40668,Plein jour,En agglomération,Place,Normale,Deux véhicules - côté,,,,,,,,,,,1,2,7,1.0,3.0
201800051909,0018-01-15 11:40:00,18,1,15,11,40,750,112,AVENUE DES CANADIENS,48.8171,2.45896,Plein jour,En agglomération,Intersection en X,Pluie légère,Deux véhicules - côté,,,,,,,,,,,1,2,2,2.0,3.0
201800051910,0018-01-16 08:00:00,18,1,16,8,0,750,112,"10, RUE PLEYEL",48.84,2.39174,Crépuscule ou aube,En agglomération,Intersection en Y,Temps couvert,Autre collision,,,,,,,,,,,2,2,4,8.0,6.0
201800051911,0018-01-16 09:50:00,18,1,16,9,50,750,112,"74, BOULEVARD DIDEROT",48.8468,2.3817,Plein jour,En agglomération,Intersection en X,Temps couvert,Autre collision,,,,,,,,,,,1,2,2,8.0,6.0
201800051912,0018-01-18 17:50:00,18,1,18,17,50,750,112,"97, AVENUE DAUMESNIL",48.8453,2.37945,Nuit avec éclairage allumé,En agglomération,Intersection en T,Normale,Sans collision,,,,,,,,,,,5,2,3,1.0,7.0
201800051913,0018-01-20 10:25:00,18,1,20,10,25,750,112,"75, AVENUE DAUMESNIL",48.846,2.37799,Plein jour,En agglomération,Intersection en T,Pluie légère,Sans collision,,,,,,,,,,,1,2,3,2.0,7.0
201800051914,0018-01-21 15:10:00,18,1,21,15,10,750,112,RUE DU GENERAL DE LANGLE,48.8294,2.39032,Plein jour,En agglomération,Intersection en Y,Pluie forte,Deux véhicules - côté,,,,,,,,,,,1,2,4,3.0,3.0
201800051915,0018-01-22 10:00:00,18,1,22,10,0,750,112,BOULEVARD PERIPHERIQUE,48.8322,2.40526,Plein jour,En agglomération,Hors intersection,Pluie légère,Autre collision,,,,,,,,,,,1,2,1,2.0,6.0
201800051916,0018-01-24 19:25:00,18,1,24,19,25,750,112,"80, AVENUE DAUMESNIL",48.8443,2.38153,Nuit avec éclairage allumé,En agglomération,Intersection en X,Normale,Autre collision,,,,,,,,,,,5,2,2,1.0,6.0
201800051917,0018-01-24 21:28:00,18,1,24,21,28,750,112,"33, RUE DE REUILLY",48.8474,2.38675,Nuit avec éclairage allumé,En agglomération,Intersection en X,Normale,Deux véhicules - frontale,,,,,,,,,,,5,2,2,1.0,1.0
201800051918,0018-01-25 01:10:00,18,1,25,1,10,750,112,RUE DE LYON,48.8526,2.36962,Nuit avec éclairage allumé,En agglomération,Place,Pluie légère,Autre collision,,,,,,,,,,,5,2,7,2.0,6.0
201800051919,0018-01-25 06:45:00,18,1,25,6,45,750,112,"24, RUE CHALIGNY",48.847,2.38376,Nuit avec éclairage allumé,En agglomération,Intersection en X,Pluie légère,Autre collision,,,,,,,,,,,5,2,2,2.0,6.0
201800051920,0018-01-25 19:30:00,18,1,25,19,30,750,112,"18BIS, BOULEVARD DE LA B",48.8481,2.36759,Nuit avec éclairage allumé,En agglomération,Intersection en T,Pluie légère,Autre collision,,,,,,,,,,,5,2,3,2.0,6.0
201800051921,0018-01-26 07:10:00,18,1,26,7,10,750,112,AVENUE DU TREMBLAY,48.8375,2.45197,Plein jour,En agglomération,Intersection en Y,Temps couvert,Autre collision,,,,,,,,,,,1,2,4,8.0,6.0
201800051922,0018-01-26 20:33:00,18,1,26,20,33,750,112,"185, RUE DE BERCY",48.8444,2.37232,Nuit avec éclairage allumé,En agglomération,Intersection en T,Normale,Deux véhicules - frontale,,,,,,,,,,,5,2,3,1.0,1.0
201800051923,0018-01-27 15:15:00,18,1,27,15,15,750,112,"4 BIS, RUE DE LYON",48.8463,2.37216,Plein jour,En agglomération,Hors intersection,Normale,Deux véhicules - arrière,,,,,,,,,,,1,2,1,1.0,2.0
201800051924,0018-01-27 20:08:00,18,1,27,20,8,750,112,"278, RUE DU FAUBOURG SAI",48.8487,2.39388,Nuit avec éclairage allumé,En agglomération,Hors intersection,Normale,Autre collision,,,,,,,,,,,5,2,1,1.0,6.0
201800051925,0018-01-28 18:20:00,18,1,28,18,20,750,112,RUE JOSEPH KESSEL,48.8337,2.38244,Nuit avec éclairage allumé,En agglomération,Intersection en X,Normale,Deux véhicules - côté,,,,,,,,,,,5,2,2,1.0,3.0
201800051926,0018-01-29 19:35:00,18,1,29,19,35,750,112,"21, RUE DE PICPUS",48.8463,2.39443,Nuit avec éclairage allumé,En agglomération,Intersection en T,Normale,Deux véhicules - côté,,,,,,,,,,,5,2,3,1.0,3.0
201800051927,0018-01-30 17:35:00,18,1,30,17,35,750,112,BOULEVARD DE BERCY,48.8396,2.38446,Nuit avec éclairage allumé,En agglomération,Hors intersection,Normale,Deux véhicules - côté,,,,,,,,,,,5,2,1,1.0,3.0
201800051928,0018-01-31 10:20:00,18,1,31,10,20,750,112,"107, RUE DE REUILLY",48.841,2.39403,Plein jour,En agglomération,Intersection en X,Pluie légère,Autre collision,,,,,,,,,,,1,2,2,2.0,6.0
201800051929,0018-01-31 13:45:00,18,1,31,13,45,750,112,"23, RUE ANTOINE JULIEN H",48.8427,2.38979,Plein jour,En agglomération,Intersection en T,Pluie forte,Deux véhicules - frontale,,,,,,,,,,,1,2,3,3.0,1.0
201800051930,0018-01-31 20:15:00,18,1,31,20,15,750,112,"72, BOULEVARD DIDEROT",48.8468,2.3817,Nuit avec éclairage allumé,En agglomération,Intersection en X,Pluie légère,Deux véhicules - côté,,,,,,,,,,,5,2,2,2.0,3.0
201800051931,0018-02-06 00:01:00,18,2,6,0,1,750,111,"16, AVENUE DE BOUVINES",48.8509,2.39641,Nuit avec éclairage allumé,En agglomération,Intersection en T,Pluie légère,Autre collision,,,,,,,,,,,5,2,3,2.0,6.0
201800051932,0018-02-06 08:35:00,18,2,6,8,35,750,112,ROUTE DE LA PYRAMIDE,48.8353,2.44317,Plein jour,En agglomération,Hors intersection,Neige / grêle,Deux véhicules - arrière,,,,,,,,,,,1,2,1,4.0,2.0
201800051933,0018-02-06 15:50:00,18,2,6,15,50,750,112,AVENUE DE LA PORTE DE CH,48.8304,2.39982,Plein jour,En agglomération,Hors intersection,Neige / grêle,Deux véhicules - côté,,,,,,,,,,,1,2,1,4.0,3.0
201800051934,0018-02-10 16:45:00,18,2,10,16,45,750,112,"44, BOULEVARD DIDEROT",48.8464,2.37835,Plein jour,En agglomération,Hors intersection,Temps couvert,Autre collision,,,,,,,,,,,1,2,1,8.0,6.0
201800051935,0018-02-10 18:25:00,18,2,10,18,25,750,112,"16, RUE DE LA VOUTE",48.8455,2.40702,Crépuscule ou aube,En agglomération,Hors intersection,Normale,Autre collision,,,,,,,,,,,2,2,1,1.0,6.0
201800051936,0018-02-12 05:50:00,18,2,12,5,50,750,111,"1, PLACE DE LA NATION",48.8488,2.39531,Nuit avec éclairage allumé,En agglomération,Place,Normale,Sans collision,,,,,,,,,,,5,2,7,1.0,7.0
201800051937,0018-02-12 08:10:00,18,2,12,8,10,750,112,"8, PLACE FELIX EBOUE",48.8392,2.39668,Plein jour,En agglomération,Place,Normale,Sans collision,,,,,,,,,,,1,2,7,1.0,7.0
201800051938,0018-02-14 10:50:00,18,2,14,10,50,750,112,"/, PLACE DE LA NATION",48.8482,2.39432,Plein jour,En agglomération,Place,Normale,Sans collision,,,,,,,,,,,1,2,7,1.0,7.0
201800051939,0018-02-14 18:00:00,18,2,14,18,0,750,112,"96, QUAI DE LA RAPEE",48.8458,2.3676,Nuit avec éclairage allumé,En agglomération,Intersection en X,Normale,Deux véhicules - côté,,,,,,,,,,,5,2,2,1.0,3.0
201800051940,0018-02-15 14:45:00,18,2,15,14,45,750,112,"10, RUE DE PRAGUE",48.8505,2.3757,Plein jour,En agglomération,Intersection en Y,Pluie légère,Autre collision,,,,,,,,,,,1,2,4,2.0,6.0
201800051941,0018-02-16 08:50:00,18,2,16,8,50,750,112,"123, RUE DE REUILLY",48.841,2.39403,Plein jour,En agglomération,Intersection en T,Normale,Deux véhicules - côté,,,,,,,,,,,1,2,3,1.0,3.0
201800051942,0018-02-16 15:45:00,18,2,16,15,45,750,112,"34, AVENUE DU DOCTEUR AR",48.8433,2.40537,Plein jour,En agglomération,Intersection en T,Normale,Autre collision,,,,,,,,,,,1,2,3,1.0,6.0
201800051943,0018-02-17 00:30:00,18,2,17,0,30,750,112,AVENUE DAUMESNIL,48.834,2.41092,Nuit avec éclairage allumé,En agglomération,Hors intersection,Normale,Autre collision,,,,,,,,,,,5,2,1,1.0,6.0
201800051944,0018-02-17 16:55:00,18,2,17,16,55,750,112,RUE ESCOFFIER,48.8265,2.39046,Crépuscule ou aube,En agglomération,Intersection en Y,Normale,Deux véhicules - arrière,,,,,,,,,,,2,2,4,1.0,2.0
201800051945,0018-02-18 15:20:00,18,2,18,15,20,750,112,RUE JOSEPH KESSEL,48.8345,2.38392,Plein jour,En agglomération,Hors intersection,Normale,Deux véhicules - côté,,,,,,,,,,,1,2,1,1.0,3.0
201800051946,0018-02-18 16:45:00,18,2,18,16,45,750,112,BOULEVARD PONIATOWSKI,48.8355,2.40668,Plein jour,En agglomération,Intersection à plus de 4 branches,Temps éblouissant,Autre collision,,,,,,,,,,,1,2,5,7.0,6.0
201800051947,0018-02-18 19:24:00,18,2,18,19,24,750,112,AVENUE DE SAINT MAURICE,48.8265,2.41972,Nuit avec éclairage allumé,En agglomération,Intersection en Y,Normale,Deux véhicules - arrière,,,,,,,,,,,5,2,4,1.0,2.0
201800051948,0018-02-20 09:00:00,18,2,20,9,0,750,112,QUAI DE BERCY,48.8362,2.37883,Plein jour,En agglomération,Hors intersection,Temps couvert,Deux véhicules - arrière,,,,,,,,,,,1,2,1,8.0,2.0
201800051949,0018-03-02 10:05:00,18,3,2,10,5,750,112,"52, BOULEVARD DIDEROT",48.8465,2.37929,Plein jour,En agglomération,Intersection en T,Pluie légère,Autre collision,,,,,,,,,,,1,2,3,2.0,6.0
201800051950,0018-03-02 18:40:00,18,3,2,18,40,750,112,"/, PONT D AUSTERLITZ",48.8454,2.36684,Nuit avec éclairage allumé,En agglomération,Intersection en X,Normale,Deux véhicules - côté,,,,,,,,,,,5,2,2,1.0,3.0
201800051951,0018-03-03 15:40:00,18,3,3,15,40,750,112,ROUTE DE LA PYRAMIDE,48.8355,2.44298,Plein jour,En agglomération,Hors intersection,Normale,Deux véhicules - côté,,,,,,,,,,,1,2,1,1.0,3.0
201800051952,0018-03-08 06:30:00,18,3,8,6,30,750,111,"79, RUE DU FAUBOURG SAIN",48.8516,2.3748,Crépuscule ou aube,En agglomération,Intersection en T,Temps couvert,Deux véhicules - frontale,,,,,,,,,,,2,2,3,8.0,1.0
201800051953,0018-03-09 08:15:00,18,3,9,8,15,750,112,"155, RUE DE BERCY",48.8422,2.37635,Plein jour,En agglomération,Intersection en X,Pluie légère,Deux véhicules - côté,,,,,,,,,,,1,2,2,2.0,3.0
201800051954,0018-03-09 09:45:00,18,3,9,9,45,750,112,"58, QUAI DE LA RAPEE",48.8434,2.37071,Plein jour,En agglomération,Intersection en X,Pluie légère,Autre collision,,,,,,,,,,,1,2,2,2.0,6.0
201800051955,0018-03-09 13:46:00,18,3,9,13,46,750,112,"4, PLACE DU COLONEL BOUR",48.8448,2.38298,Plein jour,En agglomération,Place,Normale,Autre collision,,,,,,,,,,,1,2,7,1.0,6.0
201800051956,0018-03-10 11:20:00,18,3,10,11,20,750,112,"33, BOULEVARD PONIATOWSK",48.8327,2.39983,Plein jour,En agglomération,Intersection en T,Pluie légère,Autre collision,,,,,,,,,,,1,2,3,2.0,6.0
201800051957,0018-03-11 03:25:00,18,3,11,3,25,750,112,"32, RUE DU FAUBOURG SAIN",48.8525,2.37178,Nuit avec éclairage allumé,En agglomération,Hors intersection,Pluie forte,Autre collision,,,,,,,,,,,5,2,1,3.0,6.0
201800051958,0018-03-12 16:15:00,18,3,12,16,15,750,112,"32, QUAI DE LA RAPEE",48.8409,2.37384,Plein jour,En agglomération,Intersection en T,Normale,Autre collision,,,,,,,,,,,1,2,3,1.0,6.0
201800051959,0018-03-13 15:10:00,18,3,13,15,10,750,112,RUE PROUDHON,48.8371,2.39,Plein jour,En agglomération,Intersection en X,Normale,Deux véhicules - arrière,,,,,,,,,,,1,2,2,1.0,2.0
201800051960,0018-03-16 12:45:00,18,3,16,12,45,750,112,"01, RUE DE DIJON",48.8353,2.38537,Plein jour,En agglomération,Intersection en X,Pluie forte,Deux véhicules - côté,,,,,,,,,,,1,2,2,3.0,3.0
201800051961,0018-03-17 16:34:00,18,3,17,16,34,750,112,"78, AVENUE LEDRU ROLLIN",48.8496,2.37428,Plein jour,En agglomération,Intersection en X,Neige / grêle,Deux véhicules - côté,,,,,,,,,,,1,2,2,4.0,3.0
201800051962,0018-03-18 13:10:00,18,3,18,13,10,750,112,RUE ROBERT ETLIN,48.8281,2.38901,Plein jour,En agglomération,Hors intersection,Normale,Sans collision,,,,,,,,,,,1,2,1,1.0,7.0
201800051963,0018-03-18 22:45:00,18,3,18,22,45,750,112,"12, RUE DU FAUBOURG SAIN",48.8529,2.37097,Nuit avec éclairage allumé,En agglomération,Hors intersection,Neige / grêle,Deux véhicules - côté,,,,,,,,,,,5,2,1,4.0,3.0
201800051964,0018-03-19 16:50:00,18,3,19,16,50,750,112,"23, AVENUE DE NOGENT   V",48.8444,2.43988,Plein jour,En agglomération,Hors intersection,Temps couvert,Autre collision,,,,,,,,,,,1,2,1,8.0,6.0
201800051965,0018-03-20 12:50:00,18,3,20,12,50,750,112,"50, BOULEVARD DIDEROT",48.8465,2.37899,Plein jour,En agglomération,Intersection en X,Normale,Deux véhicules - côté,,,,,,,,,,,1,2,2,1.0,3.0
201800051966,0018-03-21 09:05:00,18,3,21,9,5,750,112,AVENUE DAUMESNIL,48.8487,2.37253,Plein jour,En agglomération,Intersection en T,Normale,Deux véhicules - côté,,,,,,,,,,,1,2,3,1.0,3.0
201800051967,0018-03-21 12:25:00,18,3,21,12,25,750,112,QUAI DE BERCY,48.8367,2.37816,Plein jour,En agglomération,Intersection en Y,Normale,Deux véhicules - arrière,,,,,,,,,,,1,2,4,1.0,2.0
201800051968,0018-03-23 19:30:00,18,3,23,19,30,750,112,AVENUE DAUMESNIL,48.8487,2.37253,Nuit avec éclairage allumé,En agglomération,Intersection en X,Normale,Deux véhicules - côté,,,,,,,,,,,5,2,2,1.0,3.0
201800051969,0018-03-24 15:40:00,18,3,24,15,40,750,112,"53, AVENUE DE SAINT MAUR",48.8309,2.42054,Plein jour,En agglomération,Hors intersection,Normale,Deux véhicules - frontale,,,,,,,,,,,1,2,1,1.0,1.0
201800051970,0018-03-24 19:45:00,18,3,24,19,45,750,112,"60, COURS DE VINCENNES",48.8473,2.4042,Nuit sans éclairage public,En agglomération,Hors intersection,Normale,Autre collision,,,,,,,,,,,3,2,1,1.0,6.0
201800051971,0018-03-25 19:45:00,18,3,25,19,45,750,112,"78, RUE DE BERCY",48.8377,2.38255,Plein jour,En agglomération,Intersection en Y,Normale,Deux véhicules - côté,,,,,,,,,,,1,2,4,1.0,3.0
201800051972,0018-03-25 20:35:00,18,3,25,20,35,750,112,"17, RUE PARROT",48.847,2.3748,Nuit avec éclairage allumé,En agglomération,Hors intersection,Normale,Autre collision,,,,,,,,,,,5,2,1,1.0,6.0
201800051973,0018-03-27 13:10:00,18,3,27,13,10,750,112,"246, RUE DU FAUBOURG SAI",48.8493,2.39008,Plein jour,En agglomération,Intersection en T,Pluie légère,Autre collision,,,,,,,,,,,1,2,3,2.0,6.0
201800051974,0018-03-27 23:40:00,18,3,27,23,40,750,111,"9, AVENUE DE LA REPUBLIQ",48.8665,2.36813,Nuit avec éclairage allumé,En agglomération,Intersection en Y,Normale,Deux véhicules - côté,,,,,,,,,,,5,2,4,1.0,3.0
201800051975,0018-03-29 08:15:00,18,3,29,8,15,750,112,"23, RUE FABRE D EGLANTIN",48.8473,2.39572,Plein jour,En agglomération,Place,Normale,Autre collision,,,,,,,,,,,1,2,7,1.0,6.0
201800051976,0018-03-30 14:10:00,18,3,30,14,10,750,112,"80, BOULEVARD DE PICPUS",48.8457,2.40149,Plein jour,En agglomération,Hors intersection,Temps couvert,Autre collision,,,,,,,,,,,1,2,1,8.0,6.0
201800051977,0018-03-31 13:36:00,18,3,31,13,36,750,112,RUE DE LYON,48.8467,2.37201,Plein jour,En agglomération,Intersection à plus de 4 branches,Normale,Deux véhicules - arrière,,,,,,,,,,,1,2,5,1.0,2.0
201800051978,0018-04-01 16:20:00,18,4,1,16,20,750,112,"237, RUE DE CHARENTON",48.8374,2.39117,Plein jour,En agglomération,Intersection en X,Normale,Autre collision,,,,,,,,,,,1,2,2,1.0,6.0
201800051979,0018-04-02 22:20:00,18,4,2,22,20,750,112,"271, AVENUE DAUMESNIL",48.8359,2.40564,Nuit avec éclairage allumé,En agglomération,Intersection en T,Pluie légère,Deux véhicules - côté,,,,,,,,,,,5,2,3,2.0,3.0
201800051980,0018-04-06 09:10:00,18,4,6,9,10,750,112,QUAI DE LA RAPEE,48.8434,2.37071,Plein jour,En agglomération,Intersection en X,Normale,Deux véhicules - côté,,,,,,,,,,,1,2,2,1.0,3.0
201800051981,0018-04-07 03:15:00,18,4,7,3,15,750,112,"46, RUE DU FAUBOURG SAIN",48.8521,2.37286,Nuit avec éclairage allumé,En agglomération,Intersection en T,Normale,Autre collision,,,,,,,,,,,5,2,3,1.0,6.0
201800051982,0018-04-07 12:05:00,18,4,7,12,5,750,112,RUE DU FAUBOURG SAINT AN,48.8513,2.37612,Plein jour,En agglomération,Intersection en X,Normale,Autre collision,,,,,,,,,,,1,2,2,1.0,6.0
201800051983,0018-04-07 20:10:00,18,4,7,20,10,750,112,CARREFOUR DE BEAUTE,48.8272,2.46446,Crépuscule ou aube,En agglomération,Giratoire,Normale,Deux véhicules - arrière,,,,,,,,,,,2,2,6,1.0,2.0
201800051984,0018-04-07 20:30:00,18,4,7,20,30,750,112,BOULEVARD PERIPHERIQUE E,48.8443,2.41412,Crépuscule ou aube,En agglomération,Hors intersection,Normale,Autre collision,,,,,,,,,,,2,2,1,1.0,6.0
201800051985,0018-04-08 23:45:00,18,4,8,23,45,750,112,"20BIS, BOULEVARD DE LA B",48.8484,2.36772,Nuit avec éclairage allumé,En agglomération,Hors intersection,Normale,Autre collision,,,,,,,,,,,5,2,1,1.0,6.0
201800051986,0018-04-10 07:10:00,18,4,10,7,10,750,112,QUAI DE BERCY,48.8374,2.37749,Plein jour,En agglomération,Hors intersection,Normale,Deux véhicules - arrière,,,,,,,,,,,1,2,1,1.0,2.0
201800051987,0018-04-10 09:40:00,18,4,10,9,40,750,112,"59, BOULEVARD PONIATOWSK",48.8331,2.40133,Plein jour,En agglomération,Hors intersection,Normale,Sans collision,,,,,,,,,,,1,2,1,1.0,7.0
201800051988,0018-04-10 21:15:00,18,4,10,21,15,750,112,"104, ROUTE DE LA PYRAMID",48.8376,2.44006,Nuit avec éclairage allumé,En agglomération,Hors intersection,Pluie légère,Deux véhicules - côté,,,,,,,,,,,5,2,1,2.0,3.0
201800051989,0018-04-11 11:10:00,18,4,11,11,10,750,112,"253 BIS, AVENUE DAUMESNI",48.8371,2.40219,Plein jour,En agglomération,Intersection en Y,Normale,Autre collision,,,,,,,,,,,1,2,4,1.0,6.0
201800051990,0018-04-11 19:30:00,18,4,11,19,30,750,112,AVENUE DU TREMBLAY,48.8325,2.45706,Plein jour,En agglomération,Intersection en Y,Normale,Deux véhicules - côté,,,,,,,,,,,1,2,4,1.0,3.0
201800051991,0018-04-11 20:50:00,18,4,11,20,50,750,112,"148, AVENUE DAUMESNIL",48.8406,2.39117,Nuit avec éclairage allumé,En agglomération,Intersection en T,Normale,Autre collision,,,,,,,,,,,5,2,3,1.0,6.0
201800051992,0018-04-12 13:30:00,18,4,12,13,30,750,112,"15, RUE PAUL HENRI GRAUW",48.8452,2.37738,Plein jour,En agglomération,Hors intersection,Temps couvert,Autre collision,,,,,,,,,,,1,2,1,8.0,6.0
201800051993,0018-04-12 19:00:00,18,4,12,19,0,750,112,ROUTE DE LA PYRAMIDE,48.834,2.44485,Plein jour,En agglomération,Place,Pluie légère,Autre collision,,,,,,,,,,,1,2,7,2.0,6.0
201800051994,0018-04-14 04:10:00,18,4,14,4,10,750,112,ROUTE DE LA PYRAMIDE,48.8249,2.45685,Nuit avec éclairage allumé,En agglomération,Hors intersection,Normale,Deux véhicules - frontale,,,,,,,,,,,5,2,1,1.0,1.0
201800051995,0018-04-14 14:20:00,18,4,14,14,20,750,112,"94, BOULEVARD PONIATOWSK",48.8342,2.40424,Plein jour,En agglomération,Hors intersection,Normale,Autre collision,,,,,,,,,,,1,2,1,1.0,6.0
201800051996,0018-04-15 16:55:00,18,4,15,16,55,750,112,"32, AVENUE DU GENERAL MI",48.8338,2.39961,Plein jour,En agglomération,Hors intersection,Normale,Deux véhicules - arrière,,,,,,,,,,,1,2,1,1.0,2.0
201800051997,0018-04-16 22:30:00,18,4,16,22,30,750,112,"29, BOULEVARD DE REUILLY",48.8392,2.39194,Nuit avec éclairage allumé,En agglomération,Intersection en T,Normale,Autre collision,,,,,,,,,,,5,2,3,1.0,6.0
201800051998,0018-04-17 17:30:00,18,4,17,17,30,750,112,CARREFOUR DE PYRAMIDE,48.834,2.44485,Plein jour,En agglomération,Place,Normale,Autre collision,,,,,,,,,,,1,2,7,1.0,6.0
201800051999,0018-04-19 17:00:00,18,4,19,17,0,750,112,BOULEVARD PONIATOWSKI,48.8318,2.39765,Plein jour,En agglomération,Intersection à plus de 4 branches,Normale,Deux véhicules - côté,,,,,,,,,,,1,2,5,1.0,3.0
201800052000,0018-04-19 23:43:00,18,4,19,23,43,750,112,PLACE DE LA BASTILLE,48.8526,2.36962,Nuit avec éclairage allumé,En agglomération,Place,Normale,Deux véhicules - côté,,,,,,,,,,,5,2,7,1.0,3.0
201800052001,0018-04-20 23:35:00,18,4,20,23,35,750,112,AVENUE DAUMESNIL,48.8341,2.41066,Nuit avec éclairage allumé,En agglomération,Intersection en T,Normale,Deux véhicules - frontale,,,,,,,,,,,5,2,3,1.0,1.0
201800052002,0018-04-21 09:25:00,18,4,21,9,25,750,112,ROUTE DE LA PYRAMIDE,48.8306,2.44971,Plein jour,En agglomération,Hors intersection,Normale,Autre collision,,,,,,,,,,,1,2,1,1.0,6.0
201800052003,0018-04-21 18:20:00,18,4,21,18,20,750,112,QUAI DE BERCY,48.836,2.37901,Plein jour,En agglomération,Hors intersection,Normale,Trois véhicules et plus - collisions multiples,,,,,,,,,,,1,2,1,1.0,5.0
201800052004,0018-04-21 20:20:00,18,4,21,20,20,750,112,"XII-13549, QUAI DE BERCY",48.8381,2.37708,Plein jour,En agglomération,Hors intersection,Normale,Trois véhicules et plus - en chaîne,,,,,,,,,,,1,2,1,1.0,4.0
201800052005,0018-04-21 20:30:00,18,4,21,20,30,750,112,QUAI DE BERCY,48.8279,2.3887,Crépuscule ou aube,En agglomération,Intersection en Y,Normale,Deux véhicules - côté,,,,,,,,,,,2,2,4,1.0,3.0
201800052006,0018-04-22 01:45:00,18,4,22,1,45,750,112,AVENUE DE SAINT MANDE,48.8447,2.40572,Nuit avec éclairage allumé,En agglomération,Intersection à plus de 4 branches,Normale,Deux véhicules - côté,,,,,,,,,,,5,2,5,1.0,3.0
201800052007,0018-04-22 13:50:00,18,4,22,13,50,750,112,GARE DE BERCY,48.8457,2.37241,Plein jour,En agglomération,Intersection en T,Normale,Autre collision,,,,,,,,,,,1,2,3,1.0,6.0
201800052008,0018-04-23 09:10:00,18,4,23,9,10,750,112,"100, QUAI DE LA RAPEE",48.8462,2.36712,Plein jour,En agglomération,Hors intersection,Normale,Deux véhicules - arrière,,,,,,,,,,,1,2,1,1.0,2.0
201800052009,0018-04-23 19:25:00,18,4,23,19,25,750,112,ROUTE DE CEINTURE DU LAC,48.8325,2.41513,Plein jour,En agglomération,Hors intersection,Normale,Deux véhicules - côté,,,,,,,,,,,1,2,1,1.0,3.0
201800052010,0018-04-24 18:30:00,18,4,24,18,30,750,112,"59, BOULEVARD PONIATOWSK",48.8331,2.40133,Plein jour,En agglomération,Hors intersection,Normale,Deux véhicules - côté,,,,,,,,,,,1,2,1,1.0,3.0
201800052011,0018-04-25 12:55:00,18,4,25,12,55,750,112,"252, RUE DU FAUBOURG SAI",48.8491,2.39087,Plein jour,En agglomération,Hors intersection,Normale,Deux véhicules - frontale,,,,,,,,,,,1,2,1,1.0,1.0
201800052012,0018-04-26 21:55:00,18,4,26,21,55,750,112,"61, AVENUE DE SAINT MAND",48.8452,2.39912,Nuit avec éclairage allumé,En agglomération,Hors intersection,Normale,Deux véhicules - côté,,,,,,,,,,,5,2,1,1.0,3.0
201800052013,0018-04-27 21:30:00,18,4,27,21,30,750,112,"11, AVENUE DU DOCTEUR AR",48.8416,2.40486,Nuit avec éclairage allumé,En agglomération,Intersection en T,Normale,Deux véhicules - côté,,,,,,,,,,,5,2,3,1.0,3.0
201800052014,0018-04-28 21:00:00,18,4,28,21,0,750,112,"259 BIS, AVENUE DAUMESNI",48.8365,2.40405,Nuit avec éclairage non allumé,En agglomération,Intersection en T,Normale,Deux véhicules - côté,,,,,,,,,,,4,2,3,1.0,3.0
201800052015,0018-04-30 06:22:00,18,4,30,6,22,750,112,QUAI DE LA RAPEE,48.8458,2.3676,Nuit avec éclairage allumé,En agglomération,Intersection en X,Pluie légère,Autre collision,,,,,,,,,,,5,2,2,2.0,6.0
201800052016,0018-04-30 12:50:00,18,4,30,12,50,750,112,AVENUE DE NOGENT,48.8411,2.4521,Plein jour,En agglomération,Hors intersection,Pluie forte,Deux véhicules - arrière,,,,,,,,,,,1,2,1,3.0,2.0
201800052017,0018-04-30 14:35:00,18,4,30,14,35,750,112,"269, RUE DE CHARENTON",48.8353,2.39275,Plein jour,En agglomération,Intersection en X,Pluie forte,Autre collision,,,,,,,,,,,1,2,2,3.0,6.0
201800052018,0018-04-30 18:30:00,18,4,30,18,30,750,112,"259, AVENUE DAUMESNIL",48.8365,2.40405,Plein jour,En agglomération,Intersection en T,Pluie légère,Autre collision,,,,,,,,,,,1,2,3,2.0,6.0
201800052019,0018-05-01 18:20:00,18,5,1,18,20,750,112,"13, RUE ABEL",48.8473,2.37529,Plein jour,En agglomération,Intersection en X,Normale,Autre collision,,,,,,,,,,,1,2,2,1.0,6.0
201800052020,0018-05-01 20:30:00,18,5,1,20,30,750,112,AVENUE DAUMESNIL,48.8487,2.37253,Crépuscule ou aube,En agglomération,Intersection en X,Normale,Deux véhicules - côté,,,,,,,,,,,2,2,2,1.0,3.0
201800052021,0018-05-03 17:20:00,18,5,3,17,20,750,112,"97, RUE DE REUILLY",48.8438,2.39074,Plein jour,En agglomération,Hors intersection,Normale,Deux véhicules - arrière,,,,,,,,,,,1,2,1,1.0,2.0