accident_id,datetime,annee,mois,jour,heure,minute,departement,commune_insee,adresse,latitude,longitude,luminosite,agglomeration,intersection,meteo,collision,nb_vehicules,nb_usagers,nb_indemnes,nb_tues,nb_blesses_hosp,nb_blesses_legers,age_cond_1,age_cond_2,veh_type_cond_1,veh_type_cond_2,lum_code,agg_code,int_code,atm_code,col_code
201800052144,0018-08-29 11:30:00,18,8,29,11,30,750,112,QUAI DE BERCY,48.83534,2.38,Plein jour,En agglomération,Hors intersection,Normale,Trois véhicules et plus - en chaîne,,,,,,,,,,,1,2,1,1.0,4.0
201800052145,0018-08-30 10:30:00,18,8,30,10,30,750,112,AVENUE DE SAINT MAURICE,48.83153,2.4205,Plein jour,En agglomération,Hors intersection,Normale,Deux véhicules - côté,,,,,,,,,,,1,2,1,1.0,3.0
201800052146,0018-08-31 17:00:00,18,8,31,17,0,750,112,RUE CORIOLIS,48.83709,2.38996,Plein jour,En agglomération,Intersection en X,Normale,Deux véhicules - côté,,,,,,,,,,,1,2,2,1.0,3.0
201800052147,0018-08-31 22:45:00,18,8,31,22,45,750,112,ROUTE DE LA FERME,48.82021,2.45023,Nuit avec éclairage allumé,En agglomération,Intersection en T,Normale,Autre collision,,,,,,,,,,,5,2,3,1.0,6.0
201800052148,0018-09-01 23:40:00,18,9,1,23,40,750,112,BOULEVARD DIDEROT,48.84735,2.38677,Nuit avec éclairage allumé,En agglomération,Intersection en X,Normale,Deux véhicules - côté,,,,,,,,,,,5,2,2,1.0,3.0
201800052149,0018-09-02 16:20:00,18,9,2,16,20,750,112,AVENUE DU GENERAL MICHEL,48.83605,2.40258,Plein jour,En agglomération,Hors intersection,Normale,Autre collision,,,,,,,,,,,1,2,1,1.0,6.0
201800052150,0018-09-04 15:20:00,18,9,4,15,20,750,112,RUE TAINE,48.83734,2.39133,Plein jour,En agglomération,Intersection en X,Normale,Autre collision,,,,,,,,,,,1,2,2,1.0,6.0
201800052151,0018-09-05 18:30:00,18,9,5,18,30,750,112,BOULEVARD DIDEROT,48.84712,2.38516,Plein jour,En agglomération,Intersection en T,Normale,Deux véhicules - côté,,,,,,,,,,,1,2,3,1.0,3.0
201800052152,0018-09-05 20:30:00,18,9,5,20,30,750,112,ROUTE DE CEINTURE DU LAC,48.82895,2.41918,Nuit avec éclairage allumé,En agglomération,Hors intersection,Normale,Autre collision,,,,,,,,,,,5,2,1,1.0,6.0
201800052153,0018-09-06 18:25:00,18,9,6,18,25,750,112,AVENUE DU GENERAL MICHEL,48.83864,2.4093,Plein jour,En agglomération,Hors intersection,Normale,Deux véhicules - côté,,,,,,,,,,,1,2,1,1.0,3.0
201800052154,0018-09-07 08:05:00,18,9,7,8,5,750,112,RUE PROUDHON,48.83702,2.39005,Plein jour,En agglomération,Intersection en X,Normale,Autre collision,,,,,,,,,,,1,2,2,1.0,6.0
201800052155,0018-09-09 19:20:00,18,9,9,19,20,750,112,RUE DE PICPUS,48.84426,2.39634,Crépuscule ou aube,En agglomération,Hors intersection,Normale,Sans collision,,,,,,,,,,,2,2,1,1.0,7.0
201800052156,0018-09-10 10:15:00,18,9,10,10,15,750,112,BOULEVARD PONIATOWSKI,48.83194,2.39757,Plein jour,En agglomération,Intersection en X,Normale,Deux véhicules - côté,,,,,,,,,,,1,2,2,1.0,3.0
201800052157,0018-09-10 12:30:00,18,9,10,12,30,750,112,RUE DE CHARENTON,48.84635,2.37907,Plein jour,En agglomération,Intersection en X,Normale,Autre collision,,,,,,,,,,,1,2,2,1.0,6.0
201800052158,0018-09-12 09:25:00,18,9,12,9,25,750,112,BOULEVARD DE PICPUS,48.8459,2.40082,Plein jour,En agglomération,Hors intersection,Normale,Deux véhicules - côté,,,,,,,,,,,1,2,1,1.0,3.0
201800052159,0018-09-12 22:45:00,18,9,12,22,45,750,112,RUE VAN GOGH,48.8439,2.3713,Nuit avec éclairage allumé,En agglomération,Hors intersection,Normale,Autre collision,,,,,,,,,,,5,2,1,1.0,6.0
201800052160,0018-09-14 17:26:00,18,9,14,17,26,750,112,ROUTE DE LA PYRAMIDE,,,Plein jour,En agglomération,Intersection en T,Normale,Deux véhicules - arrière,,,,,,,,,,,1,2,3,1.0,2.0
201800052161,0018-09-14 18:35:00,18,9,14,18,35,750,112,QUAI DE BERCY,48.83244,2.3836,Plein jour,En agglomération,Hors intersection,Normale,Trois véhicules et plus - en chaîne,,,,,,,,,,,1,2,1,1.0,4.0
201800052162,0018-09-15 19:05:00,18,9,15,19,5,750,112,ESPLANADE SAINT LOUIS,,,Plein jour,En agglomération,Place,Normale,Deux véhicules - côté,,,,,,,,,,,1,2,7,1.0,3.0
201800052163,0018-09-15 18:40:00,18,9,15,18,40,750,112,RUE DU SAHEL,48.84116,2.40225,Plein jour,En agglomération,Intersection en T,Normale,Autre collision,,,,,,,,,,,1,2,3,1.0,6.0
201800052164,0018-09-15 23:00:00,18,9,15,23,0,750,112,AVENUE DAUMESNIL,48.8409,2.4342,Nuit avec éclairage allumé,En agglomération,Place,Normale,Autre collision,,,,,,,,,,,5,2,7,1.0,6.0
201800052165,0018-09-16 17:35:00,18,9,16,17,35,750,112,QUAI DE BERCY,48.83834,2.37601,Plein jour,En agglomération,Hors intersection,Normale,Autre collision,,,,,,,,,,,1,2,1,1.0,6.0
201800052166,0018-09-16 20:15:00,18,9,16,20,15,750,112,BOULEVARD PONIATOWSKI,48.83449,2.40529,Nuit avec éclairage allumé,En agglomération,Intersection en T,Normale,Autre collision,,,,,,,,,,,5,2,3,1.0,6.0
201800052167,0018-09-16 19:50:00,18,9,16,19,50,750,112,AVENUE DU TREMBLAY,48.83273,2.45652,Crépuscule ou aube,En agglomération,Hors intersection,Normale,Autre collision,,,,,,,,,,,2,2,1,1.0,6.0
201800052168,0018-09-17 08:40:00,18,9,17,8,40,750,112,RUE LOUIS BRAILLE,48.83974,2.40419,Plein jour,En agglomération,Intersection en T,Normale,Autre collision,,,,,,,,,,,1,2,3,1.0,6.0
201800052169,0018-09-17 12:10:00,18,9,17,12,10,750,112,BOULEVARD DE PICPUS,48.84526,2.40218,Plein jour,En agglomération,Giratoire,Normale,Deux véhicules - côté,,,,,,,,,,,1,2,6,1.0,3.0
201800052170,0018-09-18 08:30:00,18,9,18,8,30,750,112,PORTE DE VINCENNES,48.84667,2.41527,Plein jour,En agglomération,Place,Normale,Deux véhicules - côté,,,,,,,,,,,1,2,7,1.0,3.0
201800052171,0018-09-18 13:30:00,18,9,18,13,30,750,112,ESPLANADE SAINT LOUIS,48.84072,2.43575,Plein jour,En agglomération,Intersection en Y,Pluie légère,Deux véhicules - arrière,,,,,,,,,,,1,2,4,2.0,2.0
201800052172,0018-09-19 07:15:00,18,9,19,7,15,750,112,ROUTE DE LA PYRAMIDE,48.84005,2.43667,Crépuscule ou aube,En agglomération,Place,Normale,Sans collision,,,,,,,,,,,2,2,7,1.0,7.0
201800052173,0018-09-19 08:15:00,18,9,19,8,15,750,112,ROUTE DU PARC,48.82648,2.41978,Plein jour,En agglomération,Intersection en Y,Normale,Deux véhicules - côté,,,,,,,,,,,1,2,4,1.0,3.0
201800052174,0018-09-19 21:15:00,18,9,19,21,15,750,120,RUE DES PYRENEES,48.85146,2.4063,Crépuscule ou aube,En agglomération,Intersection en X,Normale,Autre collision,,,,,,,,,,,2,2,2,1.0,6.0
201800052175,0018-09-19 22:07:00,18,9,19,22,7,750,112,RUE DU FAUBOURG SAINT AN,48.85032,2.38076,Nuit avec éclairage allumé,En agglomération,Hors intersection,Normale,Deux véhicules - arrière,,,,,,,,,,,5,2,1,1.0,2.0
201800052176,0018-09-20 09:00:00,18,9,20,9,0,750,112,AVENUE DU TREMBLAY,48.827,2.464,Plein jour,En agglomération,Place,Normale,Autre collision,,,,,,,,,,,1,2,7,1.0,6.0
201800052177,0018-09-21 18:50:00,18,9,21,18,50,750,112,AVENUE DES MINIMES,48.84056,2.43896,Plein jour,En agglomération,Intersection en T,Normale,Autre collision,,,,,,,,,,,1,2,3,1.0,6.0
201800052178,0018-09-21 19:20:00,18,9,21,19,20,750,112,AVENUE DE LA PORTE DE VI,48.84691,2.41144,Crépuscule ou aube,En agglomération,Giratoire,Normale,Sans collision,,,,,,,,,,,2,2,6,1.0,7.0
201800052179,0018-09-23 05:15:00,18,9,23,5,15,750,112,QUAI DE LA RAPEE,48.84421,2.36874,Nuit avec éclairage allumé,En agglomération,Hors intersection,Normale,Autre collision,,,,,,,,,,,5,2,1,1.0,6.0
201800052180,0018-09-23 14:40:00,18,9,23,14,40,750,112,AVENUE DES MINIMES,48.8402,2.44075,Plein jour,En agglomération,Place,Pluie forte,Autre collision,,,,,,,,,,,1,2,7,3.0,6.0
201800052181,0018-09-24 07:50:00,18,9,24,7,50,750,112,RUE DE LYON,48.84653,2.37208,Nuit avec éclairage allumé,En agglomération,Intersection en T,Normale,Autre collision,,,,,,,,,,,5,2,3,1.0,6.0
201800052182,0018-09-25 19:05:00,18,9,25,19,5,750,112,AVENUE DAUMESNIL,48.8485,2.3725,Plein jour,En agglomération,Intersection en X,Normale,Deux véhicules - côté,,,,,,,,,,,1,2,2,1.0,3.0
201800052183,0018-09-26 08:50:00,18,9,26,8,50,750,112,BOULEVARD DE REUILLY,48.8395,2.39962,Plein jour,En agglomération,Hors intersection,Normale,Sans collision,,,,,,,,,,,1,2,1,1.0,7.0
201800052184,0018-09-26 19:30:00,18,9,26,19,30,750,112,QUAI DE BERCY,48.83271,2.38337,Nuit avec éclairage allumé,En agglomération,Intersection en X,Normale,Deux véhicules - côté,,,,,,,,,,,5,2,2,1.0,3.0
201800052185,0018-09-28 11:00:00,18,9,28,11,0,750,112,RUE DE BERCY,48.84469,2.37201,Plein jour,En agglomération,Hors intersection,Normale,Deux véhicules - côté,,,,,,,,,,,1,2,1,1.0,3.0
201800052186,0018-10-01 07:45:00,18,10,1,7,45,750,112,RUE DE CHARENTON,48.83732,2.39101,Crépuscule ou aube,En agglomération,Intersection en X,Normale,Deux véhicules - côté,,,,,,,,,,,2,2,2,1.0,3.0
201800052187,0018-10-01 08:50:00,18,10,1,8,50,750,112,ROUTE DE LA PYRAMIDE,48.83412,2.44473,Plein jour,En agglomération,Hors intersection,Normale,Autre collision,,,,,,,,,,,1,2,1,1.0,6.0
201800052188,0018-10-01 13:45:00,18,10,1,13,45,750,112,RUE DU SERGENT BAUCHAT,48.84608,2.39391,Plein jour,En agglomération,Hors intersection,Normale,Deux véhicules - côté,,,,,,,,,,,1,2,1,1.0,3.0
201800052189,0018-10-02 18:00:00,18,10,2,18,0,750,112,ROUTE DU CHAMP DE MANOEU,48.83429,2.44745,Crépuscule ou aube,En agglomération,Hors intersection,Pluie légère,Deux véhicules - côté,,,,,,,,,,,2,2,1,2.0,3.0
201800052190,0018-10-02 19:30:00,18,10,2,19,30,750,112,AVENUE DU GENERAL MICHEL,48.83782,2.40177,Nuit avec éclairage allumé,En agglomération,Intersection en X,Pluie légère,Autre collision,,,,,,,,,,,5,2,2,2.0,6.0
201800052191,0018-10-02 18:15:00,18,10,2,18,15,750,112,BOULEVARD DIDEROT,48.84752,2.38973,Plein jour,En agglomération,Hors intersection,Pluie légère,Deux véhicules - côté,,,,,,,,,,,1,2,1,2.0,3.0
201800052192,0018-10-03 20:30:00,18,10,3,20,30,750,112,BOULEVARD PERIPHERIQUE E,48.83387,2.4092,Nuit avec éclairage allumé,Hors agglomération,Hors intersection,Normale,Trois véhicules et plus - en chaîne,,,,,,,,,,,5,1,1,1.0,4.0
201800052193,0018-10-04 08:20:00,18,10,4,8,20,750,112,RUE DU SAHEL,48.8407,2.40804,Plein jour,En agglomération,Hors intersection,Normale,Autre collision,,,,,,,,,,,1,2,1,1.0,6.0
201800052194,0018-10-04 15:15:00,18,10,4,15,15,750,112,COURS DE VINCENNES,48.84848,2.4104,Plein jour,En agglomération,Intersection en X,Normale,Sans collision,,,,,,,,,,,1,2,2,1.0,7.0
201800052195,0018-10-04 16:00:00,18,10,4,16,0,750,112,RUE DE WATTIGNIES,50.58149,3.04409,Plein jour,En agglomération,Intersection en X,Normale,Deux véhicules - côté,,,,,,,,,,,1,2,2,1.0,3.0
201800052196,0018-10-04 19:00:00,18,10,4,19,0,750,120,COURS DE VINCENNES,48.84791,2.40373,Plein jour,En agglomération,Hors intersection,Normale,Autre collision,,,,,,,,,,,1,2,1,1.0,6.0
201800052197,0018-10-05 10:25:00,18,10,5,10,25,750,112,AVENUE DU GENERAL MICHEL,48.83462,2.40081,Plein jour,En agglomération,Intersection à plus de 4 branches,Normale,Deux véhicules - côté,,,,,,,,,,,1,2,5,1.0,3.0
201800052198,0018-10-05 18:30:00,18,10,5,18,30,750,112,QUAI DE LA RAPEE,48.84407,2.36894,Plein jour,En agglomération,Hors intersection,Normale,Deux véhicules - côté,,,,,,,,,,,1,2,1,1.0,3.0
201800052199,0018-10-07 18:07:00,18,10,7,18,7,750,112,ROUTE DE LA PYRAMIDE,48.83,2.44,Plein jour,En agglomération,Place,Normale,Deux véhicules - côté,,,,,,,,,,,1,2,7,1.0,3.0
201800052200,0018-10-09 19:20:00,18,10,9,19,20,750,112,BOULEVARD DE PICPUS,48.84708,2.39913,Nuit avec éclairage allumé,En agglomération,Hors intersection,Normale,Deux véhicules - arrière,,,,,,,,,,,5,2,1,1.0,2.0
201800052201,0018-10-09 19:50:00,18,10,9,19,50,750,112,BOULEVARD PERIPHERIQUE,48.82829,2.39696,Nuit avec éclairage allumé,En agglomération,Hors intersection,Normale,Trois véhicules et plus - en chaîne,,,,,,,,,,,5,2,1,1.0,4.0
201800052202,0018-10-10 08:45:00,18,10,10,8,45,750,112,PLACE DE LA NATION,48.84821,2.39741,Plein jour,En agglomération,Place,Normale,Sans collision,,,,,,,,,,,1,2,7,1.0,7.0
201800052203,0018-10-11 23:45:00,18,10,11,23,45,750,112,AVENUE DE SAINT MANDE,48.84469,2.40576,Nuit avec éclairage allumé,En agglomération,Intersection à plus de 4 branches,Pluie légère,Deux véhicules - côté,,,,,,,,,,,5,2,5,2.0,3.0
201800052204,0018-10-12 03:30:00,18,10,12,3,30,750,118,RUE MARX DORMOY,48.89154,2.34948,Nuit avec éclairage allumé,En agglomération,Intersection en X,Normale,Deux véhicules - côté,,,,,,,,,,,5,2,2,1.0,3.0
201800052205,0018-10-12 07:40:00,18,10,12,7,40,750,112,AVENUE DE SAINT MAURICE,48.8262,2.41992,Plein jour,En agglomération,Intersection en Y,Normale,Deux véhicules - arrière,,,,,,,,,,,1,2,4,1.0,2.0
201800052206,0018-10-12 13:00:00,18,10,12,13,0,750,112,BOULEVARD DIDEROT,48.8473,2.38668,Plein jour,En agglomération,Intersection en X,Normale,Sans collision,,,,,,,,,,,1,2,2,1.0,7.0
201800052207,0018-10-13 07:00:00,18,10,13,7,0,750,112,BOULEVARD PONIATOWSKI,48.83054,2.39361,Nuit avec éclairage allumé,En agglomération,Intersection en X,Normale,Sans collision,,,,,,,,,,,5,2,2,1.0,7.0
201800052208,0018-10-13 15:02:00,18,10,13,15,2,750,112,BOULEVARD PONIATOWSKI,48.83183,2.39767,Plein jour,En agglomération,Intersection en X,Normale,Deux véhicules - côté,,,,,,,,,,,1,2,2,1.0,3.0
201800052209,0018-10-15 20:15:00,18,10,15,20,15,750,112,BOULEVARD DIDEROT,48.84739,2.39212,Nuit avec éclairage allumé,En agglomération,Intersection en T,Normale,Autre collision,,,,,,,,,,,5,2,3,1.0,6.0
201800052210,0018-10-18 17:20:00,18,10,18,17,20,750,112,CARREFOUR DE PYRAMIDE,48.83402,2.44545,Plein jour,En agglomération,Place,Normale,Deux véhicules - côté,,,,,,,,,,,1,2,7,1.0,3.0
201800052211,0018-10-19 08:30:00,18,10,19,8,30,750,112,ESPLANADE SAINT LOUIS,48.84062,2.43659,Plein jour,En agglomération,Place,Normale,Deux véhicules - côté,,,,,,,,,,,1,2,7,1.0,3.0
201800052212,0018-10-19 13:00:00,18,10,19,13,0,750,112,PLACE DE LA NATION,48.84806,2.39736,Plein jour,En agglomération,Place,Normale,Deux véhicules - côté,,,,,,,,,,,1,2,7,1.0,3.0
201800052213,0018-10-19 13:20:00,18,10,19,13,20,750,112,BOULEVARD PONIATOWSKI,48.83186,2.39771,Plein jour,En agglomération,Intersection en X,Normale,Deux véhicules - côté,,,,,,,,,,,1,2,2,1.0,3.0
201800052214,0018-10-20 15:30:00,18,10,20,15,30,750,112,AVENUE DE GRAVELLE,48.82113,2.43382,Plein jour,En agglomération,Hors intersection,Normale,Autre collision,,,,,,,,,,,1,2,1,1.0,6.0
201800052215,0018-10-20 16:45:00,18,10,20,16,45,750,112,AVENUE DAUMESNIL,,,Plein jour,En agglomération,Intersection en T,Normale,Deux véhicules - côté,,,,,,,,,,,1,2,3,1.0,3.0
201800052216,0018-10-21 06:22:00,18,10,21,6,22,750,112,QUAI DE BERCY,48.82785,2.38908,Nuit avec éclairage allumé,En agglomération,Intersection en Y,Normale,Sans collision,,,,,,,,,,,5,2,4,1.0,7.0
201800052217,0018-10-22 16:55:00,18,10,22,16,55,750,112,ROUTE DE REUILLY,48.82954,2.40448,Plein jour,En agglomération,Hors intersection,Normale,Autre collision,,,,,,,,,,,1,2,1,1.0,6.0
201800052218,0018-10-23 02:24:00,18,10,23,2,24,750,112,BOULEVARD PONIATOWSKI,48.83337,2.40193,Nuit avec éclairage allumé,En agglomération,Intersection en X,Normale,Autre collision,,,,,,,,,,,5,2,2,1.0,6.0
201800052219,0018-10-23 18:30:00,18,10,23,18,30,750,112,QUAI DE BERCY,48.83421,2.38136,Crépuscule ou aube,En agglomération,Hors intersection,Normale,Trois véhicules et plus - collisions multiples,,,,,,,,,,,2,2,1,1.0,5.0
201800052220,0018-10-24 19:55:00,18,10,24,19,55,750,112,BOULEVARD DIDEROT,48.84623,2.37839,Nuit avec éclairage allumé,En agglomération,Hors intersection,Normale,Deux véhicules - côté,,,,,,,,,,,5,2,1,1.0,3.0
201800052221,0018-10-25 23:40:00,18,10,25,23,40,750,112,RUE DU FAUBOURG SAINT AN,48.85151,2.37457,Nuit avec éclairage allumé,En agglomération,Intersection en T,Normale,Sans collision,,,,,,,,,,,5,2,3,1.0,7.0
201800052222,0018-10-26 06:30:00,18,10,26,6,30,750,112,PLACE DE LA NATION,48.84781,2.39648,Nuit avec éclairage allumé,En agglomération,Place,Normale,Sans collision,,,,,,,,,,,5,2,7,1.0,7.0
201800052223,0018-10-26 18:30:00,18,10,26,18,30,750,112,PLACE DU CARDINAL LAVIGE,48.83328,2.4024,Plein jour,En agglomération,Place,Pluie légère,Sans collision,,,,,,,,,,,1,2,7,2.0,7.0
201800052224,0018-10-26 18:45:00,18,10,26,18,45,750,112,AVENUE DE SAINT MAURICE,48.82564,2.41989,Nuit avec éclairage allumé,En agglomération,Hors intersection,Pluie légère,Deux véhicules - frontale,,,,,,,,,,,5,2,1,2.0,1.0
201800052225,0018-10-26 21:15:00,18,10,26,21,15,750,112,PLACE FELIX EBOUE,48.83935,2.39581,Nuit avec éclairage allumé,En agglomération,Place,Temps couvert,Deux véhicules - côté,,,,,,,,,,,5,2,7,8.0,3.0
201800052226,0018-10-27 14:40:00,18,10,27,14,40,750,112,RUE DE CHARENTON,48.84951,2.37437,Plein jour,En agglomération,Intersection en X,Normale,Autre collision,,,,,,,,,,,1,2,2,1.0,6.0
201800052227,0018-10-28 07:15:00,18,10,28,7,15,750,112,ROUTE DE LA PYRAMIDE,48.82737,2.45396,Crépuscule ou aube,En agglomération,Hors intersection,Normale,Deux véhicules - frontale,,,,,,,,,,,2,2,1,1.0,1.0
201800052228,0018-10-30 22:25:00,18,10,30,22,25,750,112,BOULEVARD DIDEROT,48.8463,2.3776,Nuit avec éclairage allumé,En agglomération,Intersection en X,Normale,Deux véhicules - arrière,,,,,,,,,,,5,2,2,1.0,2.0
201800052229,0018-10-31 08:40:00,18,10,31,8,40,750,112,RUE DE CHARENTON,48.83834,2.39016,Plein jour,En agglomération,Hors intersection,Normale,Deux véhicules - arrière,,,,,,,,,,,1,2,1,1.0,2.0
201800052230,0018-10-31 16:50:00,18,10,31,16,50,750,112,AVENUE DAUMESNIL,48.84106,2.39,Crépuscule ou aube,En agglomération,Hors intersection,Pluie légère,Autre collision,,,,,,,,,,,2,2,1,2.0,6.0
201800052231,0018-11-02 22:50:00,18,11,2,22,50,750,112,AVENUE DE NOGENT,48.84242,2.44887,Nuit avec éclairage allumé,En agglomération,Intersection en T,Normale,Autre collision,,,,,,,,,,,5,2,3,1.0,6.0
201800052232,0018-11-04 02:10:00,18,11,4,2,10,750,112,AVENUE DAUMESNIL,48.84241,2.38538,Nuit avec éclairage allumé,En agglomération,Intersection en T,Normale,Deux véhicules - côté,,,,,,,,,,,5,2,3,1.0,3.0
201800052233,0018-11-04 07:00:00,18,11,4,7,0,750,112,AVENUE DE LA PORTE DE CH,48.83073,2.39939,Crépuscule ou aube,En agglomération,Intersection en T,Normale,Deux véhicules - côté,,,,,,,,,,,2,2,3,1.0,3.0
201800052234,0018-11-05 19:00:00,18,11,5,19,0,750,112,PONT D AUSTERLITZ,48.84545,2.36682,Nuit avec éclairage allumé,En agglomération,Hors intersection,Normale,Deux véhicules - arrière,,,,,,,,,,,5,2,1,1.0,2.0
201800052235,0018-11-06 08:00:00,18,11,6,8,0,750,112,RUE PROUDHON,48.83659,2.38792,Plein jour,En agglomération,Place,Normale,Sans collision,,,,,,,,,,,1,2,7,1.0,7.0
201800052236,0018-11-06 18:30:00,18,11,6,18,30,750,112,RUE DE REUILLY,48.8452,2.38918,Nuit avec éclairage allumé,En agglomération,Intersection en T,Normale,Autre collision,,,,,,,,,,,5,2,3,1.0,6.0
201800052237,0018-11-07 12:30:00,18,11,7,12,30,750,112,RUE VAN GOGH,48.84368,2.37109,Plein jour,En agglomération,Hors intersection,Temps couvert,Autre collision,,,,,,,,,,,1,2,1,8.0,6.0
201800052238,0018-11-07 13:15:00,18,11,7,13,15,750,112,BOULEVARD PONIATOWSKI,48.83183,2.39777,Plein jour,En agglomération,Intersection en X,Pluie légère,Deux véhicules - côté,,,,,,,,,,,1,2,2,2.0,3.0
201800052239,0018-11-07 18:35:00,18,11,7,18,35,750,112,AVENUE DAUMESNIL,48.84897,2.3723,Crépuscule ou aube,En agglomération,Intersection en T,Normale,Deux véhicules - côté,,,,,,,,,,,2,2,3,1.0,3.0
201800052240,0018-11-08 11:20:00,18,11,8,11,20,750,112,AVENUE DAUMESNIL,48.84081,2.39034,Plein jour,En agglomération,Hors intersection,Normale,Deux véhicules - côté,,,,,,,,,,,1,2,1,1.0,3.0
201800052241,0018-11-08 16:40:00,18,11,8,16,40,750,112,BOULEVARD DE REUILLY,48.8397,2.39571,Plein jour,En agglomération,Intersection en X,Normale,Autre collision,,,,,,,,,,,1,2,2,1.0,6.0
201800052242,0018-11-08 17:00:00,18,11,8,17,0,750,112,BOULEVARD SOULT,48.83902,2.40842,Plein jour,En agglomération,Intersection en T,Normale,Sans collision,,,,,,,,,,,1,2,3,1.0,7.0
201800052243,0018-11-10 11:55:00,18,11,10,11,55,750,112,RUE LEGRAVEREND,48.84694,2.37547,Plein jour,En agglomération,Intersection en Y,Pluie légère,Sans collision,,,,,,,,,,,1,2,4,2.0,7.0
201800052244,0018-11-10 21:00:00,18,11,10,21,0,750,112,BOULEVARD PONIATOWSKI,48.8319,2.39791,Nuit avec éclairage allumé,En agglomération,Intersection en X,Pluie légère,Sans collision,,,,,,,,,,,5,2,2,2.0,7.0
201800052245,0018-11-11 12:20:00,18,11,11,12,20,750,112,PLACE DE LA BASTILLE,48.85256,2.36937,Plein jour,En agglomération,Place,Pluie légère,Deux véhicules - côté,,,,,,,,,,,1,2,7,2.0,3.0
201800052246,0018-11-11 21:40:00,18,11,11,21,40,750,112,RUE DE BERCY,48.84588,2.37084,Nuit avec éclairage allumé,En agglomération,Intersection en X,Pluie légère,Deux véhicules - côté,,,,,,,,,,,5,2,2,2.0,3.0
201800052247,0018-11-13 09:15:00,18,11,13,9,15,750,112,BOULEVARD DIDEROT,48.84785,2.39044,Plein jour,En agglomération,Intersection en T,Normale,Autre collision,,,,,,,,,,,1,2,3,1.0,6.0
201800052248,0018-11-13 10:30:00,18,11,13,10,30,750,112,RUE DE RAMBOUILLET,48.84413,2.38128,Plein jour,En agglomération,Intersection en X,Normale,Autre collision,,,,,,,,,,,1,2,2,1.0,6.0
201800052249,0018-11-13 16:40:00,18,11,13,16,40,750,112,QUAI DE LA RAPEE,48.84411,2.36901,Plein jour,En agglomération,Hors intersection,Normale,Autre collision,,,,,,,,,,,1,2,1,1.0,6.0
201800052250,0018-11-14 00:35:00,18,11,14,0,35,750,112,BOULEVARD DE LA BASTILLE,48.84869,2.36792,Nuit avec éclairage allumé,En agglomération,Intersection en T,Normale,Deux véhicules - côté,,,,,,,,,,,5,2,3,1.0,3.0
201800052251,0018-11-14 08:50:00,18,11,14,8,50,750,112,AVENUE DU GENERAL MICHEL,48.83819,2.40639,Plein jour,En agglomération,Intersection en X,Normale,Autre collision,,,,,,,,,,,1,2,2,1.0,6.0
201800052252,0018-11-14 10:30:00,18,11,14,10,30,750,112,RUE DE REUILLY,48.8417,2.3933,Plein jour,En agglomération,Hors intersection,Normale,Deux véhicules - arrière,,,,,,,,,,,1,2,1,1.0,2.0
201800052253,0018-11-15 14:50:00,18,11,15,14,50,750,112,BOULEVARD DIDEROT,,,Plein jour,En agglomération,Intersection en T,Temps couvert,Autre collision,,,,,,,,,,,1,2,3,8.0,6.0
201800052254,0018-11-16 00:40:00,18,11,16,0,40,750,112,BOULEVARD DE PICPUS,48.84337,2.40194,Nuit avec éclairage allumé,En agglomération,Hors intersection,Normale,Autre collision,,,,,,,,,,,5,2,1,1.0,6.0
201800052255,0018-11-16 09:10:00,18,11,16,9,10,750,112,BOULEVARD DE BERCY,48.83866,2.37633,Plein jour,En agglomération,Intersection en X,Temps couvert,Deux véhicules - arrière,,,,,,,,,,,1,2,2,8.0,2.0
201800052256,0018-11-17 13:45:00,18,11,17,13,45,750,112,RUE DE WATTIGNIES,48.83545,2.39735,Plein jour,En agglomération,Intersection en T,Normale,Deux véhicules - côté,,,,,,,,,,,1,2,3,1.0,3.0
201800052257,0018-11-17 18:32:00,18,11,17,18,32,750,112,COURS DE VINCENNES,48.848,2.39941,Nuit avec éclairage allumé,En agglomération,Intersection en Y,Normale,Autre collision,,,,,,,,,,,5,2,4,1.0,6.0
201800052258,0018-11-18 09:55:00,18,11,18,9,55,750,112,AVENUE DAUMESNIL,48.84497,2.38019,Plein jour,En agglomération,Intersection en T,Normale,Deux véhicules - côté,,,,,,,,,,,1,2,3,1.0,3.0
201800052259,0018-11-19 15:40:00,18,11,19,15,40,750,112,AVENUE DAUMESNIL,,,Plein jour,En agglomération,Hors intersection,Normale,Deux véhicules - côté,,,,,,,,,,,1,2,1,1.0,3.0
201800052260,0018-11-20 08:10:00,18,11,20,8,10,750,112,BOULEVARD DIDEROT,48.84816,2.3944,Crépuscule ou aube,En agglomération,Place,Pluie légère,Deux véhicules - côté,,,,,,,,,,,2,2,7,2.0,3.0
201800052261,0018-11-21 16:25:00,18,11,21,16,25,750,112,AVENUE DE NOGENT,48.84025,2.45493,Plein jour,Hors agglomération,Hors intersection,Normale,Autre collision,,,,,,,,,,,1,1,1,1.0,6.0
201800052262,0018-11-22 08:15:00,18,11,22,8,15,750,112,QUAI DE LA RAPEE,48.843,2.3704,Plein jour,En agglomération,Intersection en X,Temps couvert,Autre collision,,,,,,,,,,,1,2,2,8.0,6.0
201800052263,0018-11-22 10:25:00,18,11,22,10,25,750,112,QUAI DE BERCY,48.83849,2.37628,Plein jour,En agglomération,Hors intersection,Normale,Deux véhicules - arrière,,,,,,,,,,,1,2,1,1.0,2.0
201800052264,0018-11-23 17:00:00,18,11,23,17,0,750,112,RUE DU FAUBOURG SAINT AN,48.85255,2.37144,Crépuscule ou aube,En agglomération,Hors intersection,Normale,Autre collision,,,,,,,,,,,2,2,1,1.0,6.0
201800052265,0018-11-24 12:00:00,18,11,24,12,0,750,112,RUE PARROT,48.84684,2.37372,Plein jour,En agglomération,Intersection en X,Normale,Autre collision,,,,,,,,,,,1,2,2,1.0,6.0