accident_id,datetime,annee,mois,jour,heure,minute,departement,commune_insee,adresse,latitude,longitude,luminosite,agglomeration,intersection,meteo,collision,nb_vehicules,nb_usagers,nb_indemnes,nb_tues,nb_blesses_hosp,nb_blesses_legers,age_cond_1,age_cond_2,veh_type_cond_1,veh_type_cond_2,lum_code,agg_code,int_code,atm_code,col_code
201800052385,0018-04-06 19:15:00,18,4,6,19,15,750,113,PONT NATIONAL,48.8276,2.3863,Crépuscule ou aube,En agglomération,Hors intersection,Normale,Deux véhicules - arrière,,,,,,,,,,,2,2,1,1.0,2.0
201800052386,0018-04-10 17:10:00,18,4,10,17,10,750,113,AVENUE DE LA PORTE D IVR,48.8197,2.37291,Plein jour,En agglomération,Intersection en Y,Normale,Deux véhicules - arrière,,,,,,,,,,,1,2,4,1.0,2.0
201800052387,0018-04-11 11:45:00,18,4,11,11,45,750,113,"169, BOULEVARD DE L HOPI",48.8328,2.35649,Plein jour,En agglomération,Intersection en T,Normale,Deux véhicules - côté,,,,,,,,,,,1,2,3,1.0,3.0
201800052388,0018-04-11 19:05:00,18,4,11,19,5,750,113,"105, RUE DE TOLBIAC",48.8268,2.36463,Plein jour,En agglomération,Hors intersection,Normale,Autre collision,,,,,,,,,,,1,2,1,1.0,6.0
201800052389,0018-04-13 09:20:00,18,4,13,9,20,750,113,BOULEVARD PERIPHERIQUE I,48.8172,2.36583,Plein jour,Hors agglomération,Hors intersection,Normale,Deux véhicules - arrière,,,,,,,,,,,1,1,1,1.0,2.0
201800052390,0018-04-13 14:50:00,18,4,13,14,50,750,113,"166, RUE JEANNE D ARC",48.8375,2.35807,Plein jour,En agglomération,Intersection en T,Normale,Sans collision,,,,,,,,,,,1,2,3,1.0,7.0
201800052391,0018-04-16 12:30:00,18,4,16,12,30,750,113,"42, RUE DU CHATEAU DES R",48.8251,2.36978,Plein jour,En agglomération,Intersection en X,Normale,Deux véhicules - côté,,,,,,,,,,,1,2,2,1.0,3.0
201800052392,0018-04-16 18:30:00,18,4,16,18,30,750,113,"125, BOULEVARD MASSENA",48.8192,2.36198,Plein jour,En agglomération,Intersection en X,Normale,Deux véhicules - côté,,,,,,,,,,,1,2,2,1.0,3.0
201800052393,0018-04-17 15:55:00,18,4,17,15,55,750,113,"50, BOULEVARD SAINT MARC",48.8384,2.35703,Plein jour,En agglomération,Intersection en X,Normale,Deux véhicules - côté,,,,,,,,,,,1,2,2,1.0,3.0
201800052394,0018-04-18 12:05:00,18,4,18,12,5,750,113,"113, AVENUE DE FRANCE",48.8306,2.37679,Plein jour,En agglomération,Intersection en X,Normale,Autre collision,,,,,,,,,,,1,2,2,1.0,6.0
201800052395,0018-04-18 22:30:00,18,4,18,22,30,750,113,PLACE D ITALIE,48.8308,2.35589,Plein jour,En agglomération,Place,Normale,Autre collision,,,,,,,,,,,1,2,7,1.0,6.0
201800052396,0018-04-19 00:05:00,18,4,19,0,5,750,105,"12, RUE MOUFFETARD",48.8445,2.34922,Nuit avec éclairage allumé,En agglomération,Place,Normale,Autre collision,,,,,,,,,,,5,2,7,1.0,6.0
201800052397,0018-04-19 12:00:00,18,4,19,12,0,750,113,"27, RUE DE LA VISTULE",48.8229,2.35878,Plein jour,En agglomération,Hors intersection,Normale,Autre collision,,,,,,,,,,,1,2,1,1.0,6.0
201800052398,0018-04-19 16:05:00,18,4,19,16,5,750,113,"19/21, BOULEVARD VINCENT",48.8372,2.37288,Plein jour,En agglomération,Intersection en T,Normale,Deux véhicules - côté,,,,,,,,,,,1,2,3,1.0,3.0
201800052399,0018-04-20 00:30:00,18,4,20,0,30,750,113,"4, RUE DU DOCTEUR LERAY",48.8233,2.35461,Nuit avec éclairage allumé,En agglomération,Hors intersection,Normale,Deux véhicules - côté,,,,,,,,,,,5,2,1,1.0,3.0
201800052400,0018-04-20 01:40:00,18,4,20,1,40,750,113,"19, BOULEVARD VINCENT AU",48.8365,2.37203,Nuit avec éclairage allumé,En agglomération,Intersection en X,Normale,Autre collision,,,,,,,,,,,5,2,2,1.0,6.0
201800052401,0018-04-23 17:30:00,18,4,23,17,30,750,113,"31-33, RUE DE LA GLACIER",48.8336,2.34471,Plein jour,En agglomération,Hors intersection,Normale,Deux véhicules - côté,,,,,,,,,,,1,2,1,1.0,3.0
201800052402,0018-04-25 10:15:00,18,4,25,10,15,750,113,"112, AVENUE D IVRY",48.8262,2.35988,Plein jour,En agglomération,Intersection à plus de 4 branches,Normale,Autre collision,,,,,,,,,,,1,2,5,1.0,6.0
201800052403,0018-04-25 16:47:00,18,4,25,16,47,750,113,"143, BOULEVARD VINCENT A",48.8329,2.36261,Plein jour,En agglomération,Hors intersection,Normale,Autre collision,,,,,,,,,,,1,2,1,1.0,6.0
201800052404,0018-04-26 08:35:00,18,4,26,8,35,750,113,"231, RUE DE TOLBIAC",48.8261,2.34402,Plein jour,En agglomération,Intersection en X,Normale,Deux véhicules - côté,,,,,,,,,,,1,2,2,1.0,3.0
201800052405,0018-04-27 18:40:00,18,4,27,18,40,750,113,"82, RUE DU DESSOUS DES B",48.8289,2.37249,Plein jour,En agglomération,Intersection en T,Normale,Deux véhicules - côté,,,,,,,,,,,1,2,3,1.0,3.0
201800052406,0018-04-29 03:55:00,18,4,29,3,55,750,113,"109, RUE DU CHEVALERET",48.831,2.37432,Nuit avec éclairage allumé,En agglomération,Intersection en T,Pluie légère,Sans collision,,,,,,,,,,,5,2,3,2.0,7.0
201800052407,0018-04-29 04:25:00,18,4,29,4,25,750,113,"93, BOULEVARD DE PORT RO",48.8383,2.34203,Nuit avec éclairage allumé,En agglomération,Intersection en T,Pluie légère,Autre collision,,,,,,,,,,,5,2,3,2.0,6.0
201800052408,0018-04-29 09:20:00,18,4,29,9,20,750,113,"51, RUE DU DISQUE",48.8244,2.36342,Plein jour,En agglomération,Intersection en Y,Temps couvert,Sans collision,,,,,,,,,,,1,2,4,8.0,7.0
201800052409,0018-04-29 23:25:00,18,4,29,23,25,750,113,"114, AVENUE DE FRANCE",48.8306,2.37679,Nuit avec éclairage allumé,En agglomération,Intersection à plus de 4 branches,Pluie légère,Autre collision,,,,,,,,,,,5,2,5,2.0,6.0
201800052410,0018-04-30 18:15:00,18,4,30,18,15,750,113,"140, AVENUE D ITALIE",48.823,2.35829,Plein jour,En agglomération,Intersection en T,Pluie légère,Deux véhicules - arrière,,,,,,,,,,,1,2,3,2.0,2.0
201800052411,0018-04-30 18:50:00,18,4,30,18,50,750,113,"37, BOULEVARD MASSENA",48.8232,2.37423,Plein jour,En agglomération,Hors intersection,Pluie légère,Sans collision,,,,,,,,,,,1,2,1,2.0,7.0
201800052412,0018-05-01 22:35:00,18,5,1,22,35,750,113,BOULEVARD DU GENERAL JEA,48.8242,2.37675,Nuit avec éclairage non allumé,En agglomération,Intersection en X,Normale,Deux véhicules - côté,,,,,,,,,,,4,2,2,1.0,3.0
201800052413,0018-05-03 12:25:00,18,5,3,12,25,750,113,"130, BOULEVARD VINCENT A",48.833,2.36181,Plein jour,En agglomération,Intersection en X,Normale,Deux véhicules - arrière,,,,,,,,,,,1,2,2,1.0,2.0
201800052414,0018-05-04 19:40:00,18,5,4,19,40,750,113,"31 BIS, RUE NATIONALE",48.8239,2.36811,Plein jour,En agglomération,Hors intersection,Normale,Autre collision,,,,,,,,,,,1,2,1,1.0,6.0
201800052415,0018-05-05 05:10:00,18,5,5,5,10,750,113,AVENUE DE LA PORTE DE CH,48.8172,2.36694,Crépuscule ou aube,En agglomération,Intersection en X,Normale,Deux véhicules - côté,,,,,,,,,,,2,2,2,1.0,3.0
201800052416,0018-05-05 14:30:00,18,5,5,14,30,750,113,BOULEVARD MASSENA,48.8192,2.36198,Plein jour,En agglomération,Intersection en X,Normale,Deux véhicules - côté,,,,,,,,,,,1,2,2,1.0,3.0
201800052417,0018-05-05 23:50:00,18,5,5,23,50,750,113,"67, RUE DE TOLBIAC",48.8274,2.36911,Nuit avec éclairage allumé,En agglomération,Hors intersection,Normale,Autre collision,,,,,,,,,,,5,2,1,1.0,6.0
201800052418,0018-05-06 02:20:00,18,5,6,2,20,750,113,"1, PLACE VALHUBERT",48.8437,2.36457,Nuit avec éclairage non allumé,En agglomération,Place,Normale,Autre collision,,,,,,,,,,,4,2,7,1.0,6.0
201800052419,0018-05-08 07:50:00,18,5,8,7,50,750,113,"08, RUE JACQUES DESTREE",48.8167,2.35488,Plein jour,En agglomération,Hors intersection,Normale,Autre collision,,,,,,,,,,,1,2,1,1.0,6.0
201800052420,0018-05-09 13:15:00,18,5,9,13,15,750,113,"148B, RUE DE TOLBIAC",48.8261,2.3552,Plein jour,En agglomération,Intersection en T,Normale,Autre collision,,,,,,,,,,,1,2,3,1.0,6.0
201800052421,0018-05-10 03:00:00,18,5,10,3,0,750,113,"5, RUE WATT",48.8285,2.38317,Nuit avec éclairage allumé,En agglomération,Hors intersection,Normale,Autre collision,,,,,,,,,,,5,2,1,1.0,6.0
201800052422,0018-05-11 03:55:00,18,5,11,3,55,750,113,"31, BOULEVARD AUGUSTE BL",48.8304,2.35271,Nuit avec éclairage allumé,En agglomération,Intersection en Y,Normale,Autre collision,,,,,,,,,,,5,2,4,1.0,6.0
201800052423,0018-05-12 18:45:00,18,5,12,18,45,750,113,"51, AVENUE DE LA PORTE D",48.8213,2.36978,Plein jour,En agglomération,Hors intersection,Pluie légère,Autre collision,,,,,,,,,,,1,2,1,2.0,6.0
201800052424,0018-05-13 01:40:00,18,5,13,1,40,750,113,AVENUE DE LA PORTE DE VI,48.8228,2.37789,Nuit avec éclairage allumé,En agglomération,Intersection en X,Normale,Autre collision,,,,,,,,,,,5,2,2,1.0,6.0
201800052425,0018-05-17 12:10:00,18,5,17,12,10,750,113,"159, RUE NATIONALE",48.8322,2.36287,Plein jour,En agglomération,Hors intersection,Normale,Autre collision,,,,,,,,,,,1,2,1,1.0,6.0
201800052426,0018-05-17 19:30:00,18,5,17,19,30,750,113,"53, BOULEVARD ARAGO",48.835,2.34494,Plein jour,En agglomération,Intersection en X,Normale,Deux véhicules - côté,,,,,,,,,,,1,2,2,1.0,3.0
201800052427,0018-05-18 13:25:00,18,5,18,13,25,750,113,"79, BOULEVARD VINCENT AU",48.8346,2.36734,Plein jour,En agglomération,Intersection en Y,Normale,Autre collision,,,,,,,,,,,1,2,4,1.0,6.0
201800052428,0018-05-21 02:40:00,18,5,21,2,40,750,113,RUE THOMAS MANN,48.8302,2.38051,Nuit avec éclairage allumé,En agglomération,Intersection en X,Normale,Autre collision,,,,,,,,,,,5,2,2,1.0,6.0
201800052429,0018-05-22 11:30:00,18,5,22,11,30,750,113,"73, BOULEVARD VINCENT AU",48.8348,2.36796,Plein jour,En agglomération,Hors intersection,Normale,Autre collision,,,,,,,,,,,1,2,1,1.0,6.0
201800052430,0018-05-22 17:40:00,18,5,22,17,40,750,113,"75, AVENUE DES GOBELINS",48.8332,2.35433,Plein jour,En agglomération,Intersection en T,Pluie légère,Autre collision,,,,,,,,,,,1,2,3,2.0,6.0
201800052431,0018-05-23 06:45:00,18,5,23,6,45,750,106,PLACE SAINT GERMAIN DES,48.8545,2.33361,Plein jour,En agglomération,Intersection en X,Normale,Deux véhicules - côté,,,,,,,,,,,1,2,2,1.0,3.0
201800052432,0018-05-26 12:30:00,18,5,26,12,30,750,113,"34, RUE DE LA GLACIERE",48.8342,2.3448,Plein jour,En agglomération,Intersection en X,Normale,Deux véhicules - côté,,,,,,,,,,,1,2,2,1.0,3.0
201800052433,0018-05-27 16:30:00,18,5,27,16,30,750,113,QUAI D AUSTERLITZ,48.8376,2.37364,Plein jour,En agglomération,Intersection en X,Normale,Deux véhicules - côté,,,,,,,,,,,1,2,2,1.0,3.0
201800052434,0018-05-27 20:00:00,18,5,27,20,0,750,113,"44, RUE DE TOLBIAC",48.8277,2.37136,Crépuscule ou aube,En agglomération,Intersection à plus de 4 branches,Normale,Deux véhicules - arrière,,,,,,,,,,,2,2,5,1.0,2.0
201800052435,0018-06-02 13:35:00,18,6,2,13,35,750,105,"1, PLACE VALHUBERT",48.844,2.36474,Plein jour,En agglomération,Place,Normale,Deux véhicules - arrière,,,,,,,,,,,1,2,7,1.0,2.0
201800052436,0018-06-03 02:15:00,18,6,3,2,15,750,113,"140, AVENUE D ITALIE",48.823,2.35829,Nuit avec éclairage allumé,En agglomération,Intersection en T,Normale,Deux véhicules - côté,,,,,,,,,,,5,2,3,1.0,3.0
201800052437,0018-06-04 13:35:00,18,6,4,13,35,750,113,"62, BOULEVARD VINCENT AU",48.8347,2.36699,Plein jour,En agglomération,Intersection en X,Normale,Sans collision,,,,,,,,,,,1,2,2,1.0,7.0
201800052438,0018-06-05 11:50:00,18,6,5,11,50,750,113,"56, BOULEVARD VINCENT AU",48.8347,2.36699,Plein jour,En agglomération,Intersection en T,Temps couvert,Autre collision,,,,,,,,,,,1,2,3,8.0,6.0
201800052439,0018-06-05 23:00:00,18,6,5,23,0,750,113,"108, AVENUE D ITALIE",48.8245,2.35785,Nuit avec éclairage allumé,En agglomération,Intersection en T,Normale,Autre collision,,,,,,,,,,,5,2,3,1.0,6.0
201800052440,0018-06-06 09:55:00,18,6,6,9,55,750,113,PORTE D ITALIE,48.816,2.36069,Plein jour,En agglomération,Intersection en Y,Temps couvert,Deux véhicules - côté,,,,,,,,,,,1,2,4,8.0,3.0
201800052441,0018-06-07 21:20:00,18,6,7,21,20,750,113,"90, RUE DE TOLBIAC",48.8268,2.36469,Crépuscule ou aube,En agglomération,Hors intersection,Normale,Autre collision,,,,,,,,,,,2,2,1,1.0,6.0
201800052442,0018-06-08 16:40:00,18,6,8,16,40,750,113,"57, AVENUE D IVRY",48.8236,2.36514,Plein jour,En agglomération,Hors intersection,Normale,Deux véhicules - côté,,,,,,,,,,,1,2,1,1.0,3.0
201800052443,0018-06-09 01:00:00,18,6,9,1,0,750,105,"83, RUE MONGE",48.8422,2.35202,Nuit avec éclairage allumé,En agglomération,Intersection en X,Normale,Trois véhicules et plus - en chaîne,,,,,,,,,,,5,2,2,1.0,4.0
201800052444,0018-06-12 12:35:00,18,6,12,12,35,750,113,"6, RUE DE LA POTERNE DES",48.8202,2.35278,Plein jour,En agglomération,Intersection en X,Pluie légère,Deux véhicules - côté,,,,,,,,,,,1,2,2,2.0,3.0
201800052445,0018-06-13 16:45:00,18,6,13,16,45,750,113,"82-84, AVENUE D ITALIE",48.8262,2.35729,Plein jour,En agglomération,Intersection en X,Normale,Deux véhicules - arrière,,,,,,,,,,,1,2,2,1.0,2.0
201800052446,0018-06-13 18:30:00,18,6,13,18,30,750,113,BOULEVARD VINCENT AURIOL,48.8327,2.36217,Plein jour,En agglomération,Intersection en X,Normale,Autre collision,,,,,,,,,,,1,2,2,1.0,6.0
201800052447,0018-06-15 16:50:00,18,6,15,16,50,750,113,"55, AVENUE D ITALIE",48.8262,2.35729,Plein jour,En agglomération,Intersection en X,Normale,Sans collision,,,,,,,,,,,1,2,2,1.0,7.0
201800052448,0018-06-15 19:25:00,18,6,15,19,25,750,113,"143, AVENUE DE CHOISY",48.8272,2.35905,Plein jour,En agglomération,Intersection en T,Normale,Autre collision,,,,,,,,,,,1,2,3,1.0,6.0
201800052449,0018-06-14 10:05:00,18,6,14,10,5,750,113,"31, BOULEVARD VINCENT AU",48.8364,2.3713,Plein jour,En agglomération,Intersection en X,Normale,Deux véhicules - côté,,,,,,,,,,,1,2,2,1.0,3.0
201800052450,0018-06-13 13:15:00,18,6,13,13,15,750,113,"148, AVENUE D ITALIE",48.8227,2.35838,Plein jour,En agglomération,Hors intersection,Normale,Autre collision,,,,,,,,,,,1,2,1,1.0,6.0
201800052451,0018-06-16 22:30:00,18,6,16,22,30,750,113,"12, RUE NEUVE TOLBIAC",48.8319,2.37906,Nuit avec éclairage allumé,En agglomération,Intersection en T,Normale,Deux véhicules - côté,,,,,,,,,,,5,2,3,1.0,3.0
201800052452,0018-06-17 01:40:00,18,6,17,1,40,750,113,"18-22, QUAI D AUSTERLITZ",48.8387,2.37234,Nuit avec éclairage allumé,En agglomération,Intersection en T,Normale,Deux véhicules - côté,,,,,,,,,,,5,2,3,1.0,3.0
201800052453,0018-06-17 07:20:00,18,6,17,7,20,750,113,BOULEVARD ARAGO,48.835,2.34494,Plein jour,En agglomération,Intersection en X,Normale,Autre collision,,,,,,,,,,,1,2,2,1.0,6.0
201800052454,0018-06-18 08:30:00,18,6,18,8,30,750,113,"46, RUE DE TOLBIAC",48.8277,2.37136,Plein jour,En agglomération,Intersection en X,Temps couvert,Deux véhicules - côté,,,,,,,,,,,1,2,2,8.0,3.0
201800052455,0018-06-18 22:50:00,18,6,18,22,50,750,113,BOULEVARD KELLERMANN,48.8209,2.35487,Nuit avec éclairage allumé,En agglomération,Intersection en T,Normale,Sans collision,,,,,,,,,,,5,2,3,1.0,7.0
201800052456,0018-06-19 16:26:00,18,6,19,16,26,750,113,AVENUE DE LA PORTE D ITA,48.8181,2.35975,Plein jour,En agglomération,Intersection en T,Normale,Deux véhicules - côté,,,,,,,,,,,1,2,3,1.0,3.0
201800052457,0018-06-23 02:08:00,18,6,23,2,8,750,105,BOULEVARD SAINT GERMAIN,48.8496,2.35032,Nuit avec éclairage allumé,En agglomération,Intersection en X,Normale,Deux véhicules - côté,,,,,,,,,,,5,2,2,1.0,3.0
201800052458,0018-06-23 17:30:00,18,6,23,17,30,750,113,BOULEVARD AUGUSTE BLANQU,48.8301,2.34781,Plein jour,En agglomération,Hors intersection,Normale,Autre collision,,,,,,,,,,,1,2,1,1.0,6.0
201800052459,0018-06-24 12:00:00,18,6,24,12,0,750,113,"193, RUE DE TOLBIAC",48.8258,2.35041,Plein jour,En agglomération,Intersection à plus de 4 branches,Normale,Deux véhicules - côté,,,,,,,,,,,1,2,5,1.0,3.0
201800052460,0018-06-26 11:40:00,18,6,26,11,40,750,113,"178, RUE JEANNE D ARC",48.8375,2.35807,Plein jour,En agglomération,Intersection en T,Normale,Deux véhicules - côté,,,,,,,,,,,1,2,3,1.0,3.0
201800052461,0018-06-28 00:01:00,18,6,28,0,1,750,113,"5, BOULEVARD DE L HOPITA",48.8425,2.36373,Nuit avec éclairage allumé,En agglomération,Hors intersection,Normale,Autre collision,,,,,,,,,,,5,2,1,1.0,6.0
201800052462,0018-06-28 13:55:00,18,6,28,13,55,750,113,"53, RUE DES PEUPLIERS",48.8216,2.35255,Plein jour,En agglomération,Intersection en T,Normale,Deux véhicules - côté,,,,,,,,,,,1,2,3,1.0,3.0
201800052463,0018-06-28 17:50:00,18,6,28,17,50,750,113,"166, BOULEVARD MASSENA",48.8192,2.35948,Plein jour,En agglomération,Intersection en X,Temps éblouissant,Autre collision,,,,,,,,,,,1,2,2,7.0,6.0
201800052464,0018-06-29 21:26:00,18,6,29,21,26,750,106,"82, BOULEVARD SAINT MICH",48.8425,2.33818,Nuit sans éclairage public,En agglomération,Intersection en T,Normale,Deux véhicules - côté,,,,,,,,,,,3,2,3,1.0,3.0
201800052465,0018-07-02 17:40:00,18,7,2,17,40,750,113,BOULEVARD VINCENT AURIOL,48.8346,2.36734,Plein jour,En agglomération,Intersection en X,Normale,Sans collision,,,,,,,,,,,1,2,2,1.0,7.0
201800052466,0018-07-02 22:30:00,18,7,2,22,30,750,113,"34, QUAI D AUSTERLITZ",48.8409,2.36925,Nuit avec éclairage allumé,En agglomération,Hors intersection,Normale,Autre collision,,,,,,,,,,,5,2,1,1.0,6.0
201800052467,0018-07-03 14:33:00,18,7,3,14,33,750,113,"83, BOULEVARD DE L HOPIT",48.8387,2.36085,Plein jour,En agglomération,Hors intersection,Normale,Deux véhicules - côté,,,,,,,,,,,1,2,1,1.0,3.0
201800052468,0018-07-04 16:24:00,18,7,4,16,24,750,113,PLACE D ITALIE,48.8308,2.35589,Plein jour,En agglomération,Place,Normale,Deux véhicules - côté,,,,,,,,,,,1,2,7,1.0,3.0
201800052469,0018-07-05 11:58:00,18,7,5,11,58,750,113,"22, RUE DE TOLBIAC",48.8292,2.37422,Plein jour,En agglomération,Intersection en T,Normale,Autre collision,,,,,,,,,,,1,2,3,1.0,6.0
201800052470,0018-07-05 15:20:00,18,7,5,15,20,750,113,"192, AVENUE D ITALIE",48.8192,2.35948,Plein jour,En agglomération,Autre intersection,Temps couvert,Deux véhicules - côté,,,,,,,,,,,1,2,9,8.0,3.0
201800052471,0018-07-07 12:05:00,18,7,7,12,5,750,113,"1-3, PLACE D ITALIE",48.8322,2.35605,Plein jour,En agglomération,Place,Normale,Autre collision,,,,,,,,,,,1,2,7,1.0,6.0
201800052472,0018-07-07 13:20:00,18,7,7,13,20,750,113,BOULEVARD PERIPHERIQUE E,48.817,2.3659,Plein jour,En agglomération,Hors intersection,Normale,Deux véhicules - côté,,,,,,,,,,,1,2,1,1.0,3.0
201800052473,0018-07-07 16:05:00,18,7,7,16,5,750,113,"193, RUE DE TOLBIAC",48.8258,2.35041,Plein jour,En agglomération,Intersection à plus de 4 branches,Normale,Autre collision,,,,,,,,,,,1,2,5,1.0,6.0
201800052474,0018-07-08 22:40:00,18,7,8,22,40,750,113,"2, RUE DE LA POTERNE DES",48.8176,2.35328,Nuit avec éclairage allumé,En agglomération,Intersection en X,Normale,Autre collision,,,,,,,,,,,5,2,2,1.0,6.0
201800052475,0018-07-10 09:40:00,18,7,10,9,40,750,113,AVENUE PIERRE DE COUBERT,48.818,2.34417,Plein jour,En agglomération,Hors intersection,Normale,Sans collision,,,,,,,,,,,1,2,1,1.0,7.0
201800052476,0018-07-10 22:00:00,18,7,10,22,0,750,113,"234, RUE DE TOLBIAC",48.8262,2.34312,Nuit avec éclairage allumé,En agglomération,Hors intersection,Normale,Deux véhicules - arrière,,,,,,,,,,,5,2,1,1.0,2.0
201800052477,0018-07-12 08:10:00,18,7,12,8,10,750,113,"55, AVENUE DES GOBELINS",48.8344,2.35353,Plein jour,En agglomération,Intersection en T,Normale,Trois véhicules et plus - en chaîne,,,,,,,,,,,1,2,3,1.0,4.0
201800052478,0018-07-17 00:01:00,18,7,17,0,1,750,113,RUE DUNOIS,48.83407,2.36534,Nuit avec éclairage allumé,En agglomération,Intersection en X,Normale,Autre collision,,,,,,,,,,,5,2,2,1.0,6.0
201800052479,0018-07-17 23:00:00,18,7,17,23,0,750,113,BOULEVARD VINCENT AURIOL,48.83678,2.37198,Nuit avec éclairage allumé,En agglomération,Intersection en X,Normale,Deux véhicules - arrière,,,,,,,,,,,5,2,2,1.0,2.0
201800052480,0018-07-18 09:40:00,18,7,18,9,40,750,113,BOULEVARD AUGUSTE BLANQU,48.83029,2.35305,Plein jour,En agglomération,Intersection en X,Normale,Autre collision,,,,,,,,,,,1,2,2,1.0,6.0
201800052481,0018-07-18 21:05:00,18,7,18,21,5,750,113,RUE NEUVE TOLBIAC,48.8309,2.37749,Plein jour,En agglomération,Intersection en X,Normale,Deux véhicules - côté,,,,,,,,,,,1,2,2,1.0,3.0
201800052482,0018-07-19 17:00:00,18,7,19,17,0,750,113,RUE DU BANQUIER,,,Plein jour,En agglomération,Intersection en T,Normale,Deux véhicules - côté,,,,,,,,,,,1,2,3,1.0,3.0
201800052483,0018-07-24 08:22:00,18,7,24,8,22,750,112,PONT DE TOLBIAC,,,Plein jour,En agglomération,Intersection en X,Normale,Deux véhicules - côté,,,,,,,,,,,1,2,2,1.0,3.0
201800052484,0018-07-24 10:15:00,18,7,24,10,15,750,113,BOULEVARD PERIPHERIQUE,48.81647,2.34092,Plein jour,Hors agglomération,Hors intersection,Normale,Deux véhicules - arrière,,,,,,,,,,,1,1,1,1.0,2.0
201800052485,0018-07-26 15:00:00,18,7,26,15,0,750,105,RUE CLAUDE BERNARD,48.83951,2.34765,Plein jour,En agglomération,Intersection en X,Normale,Sans collision,,,,,,,,,,,1,2,2,1.0,7.0
201800052486,0018-07-26 20:00:00,18,7,26,20,0,750,112,BOULEVARD PERIPHERIQUE I,48.82503,2.38452,Plein jour,En agglomération,Hors intersection,Normale,Deux véhicules - côté,,,,,,,,,,,1,2,1,1.0,3.0
201800052487,0018-07-31 13:30:00,18,7,31,13,30,750,113,AVENUE PIERRE MENDES FRA,,,Plein jour,En agglomération,Hors intersection,Normale,Deux véhicules - arrière,,,,,,,,,,,1,2,1,1.0,2.0
201800052488,0018-08-01 01:35:00,18,8,1,1,35,750,114,AVENUE DE LA PORTE DE CH,42.8222,2.31422,Nuit avec éclairage allumé,En agglomération,Intersection en Y,Normale,Deux véhicules - côté,,,,,,,,,,,5,2,4,1.0,3.0
201800052489,0018-08-01 14:26:00,18,8,1,14,26,750,113,QUAI D AUSTERLITZ,,,Plein jour,En agglomération,Intersection en X,Normale,Autre collision,,,,,,,,,,,1,2,2,1.0,6.0
201800052490,0018-08-03 20:20:00,18,8,3,20,20,750,113,RUE DE TOLBIAC,48.83046,2.37669,Plein jour,En agglomération,Intersection en X,Normale,Deux véhicules - côté,,,,,,,,,,,1,2,2,1.0,3.0
201800052491,0018-08-05 13:47:00,18,8,5,13,47,750,113,QUAI FRANCOIS MAURIAC,48.83228,2.37961,Plein jour,En agglomération,Intersection en X,Normale,Deux véhicules - frontale,,,,,,,,,,,1,2,2,1.0,1.0
201800052492,0018-08-06 14:50:00,18,8,6,14,50,750,113,BOULEVARD VINCENT AURIOL,48.83448,2.36722,Plein jour,En agglomération,Hors intersection,Normale,Deux véhicules - côté,,,,,,,,,,,1,2,1,1.0,3.0
201800052493,0018-08-07 13:00:00,18,8,7,13,0,750,113,BOULEVARD VINCENT AURIOL,,,Plein jour,En agglomération,Hors intersection,Normale,Autre collision,,,,,,,,,,,1,2,1,1.0,6.0
201800052494,0018-08-07 23:30:00,18,8,7,23,30,750,113,PONT D AUSTERLITZ,48.84446,2.36515,Nuit avec éclairage allumé,En agglomération,Place,Normale,Deux véhicules - côté,,,,,,,,,,,5,2,7,1.0,3.0
201800052495,0018-08-13 23:05:00,18,8,13,23,5,750,113,PONT DE TOLBIAC,,,Nuit avec éclairage allumé,En agglomération,Intersection en X,Normale,Deux véhicules - côté,,,,,,,,,,,5,2,2,1.0,3.0
201800052496,0018-08-18 01:40:00,18,8,18,1,40,750,113,RUE DU VAL DE MARNE,,,Nuit avec éclairage allumé,En agglomération,Hors intersection,Normale,Autre collision,,,,,,,,,,,5,2,1,1.0,6.0
201800052497,0018-08-18 18:20:00,18,8,18,18,20,750,113,BOULEVARD DE L HOPITAL,,,Plein jour,En agglomération,Intersection en X,Normale,Autre collision,,,,,,,,,,,1,2,2,1.0,6.0
201800052498,0018-08-19 00:45:00,18,8,19,0,45,750,113,AVENUE PIERRE DE COUBERT,48.81664,2.34453,Nuit avec éclairage allumé,En agglomération,Hors intersection,Normale,Deux véhicules - arrière,,,,,,,,,,,5,2,1,1.0,2.0
201800052499,0018-08-20 08:05:00,18,8,20,8,5,750,113,RUE ABEL HOVELACQUE,48.83247,2.35317,Plein jour,En agglomération,Hors intersection,Pluie légère,Autre collision,,,,,,,,,,,1,2,1,2.0,6.0
201800052500,0018-08-21 10:05:00,18,8,21,10,5,750,113,PLACE VALHUBERT,48.84356,2.3655,Plein jour,En agglomération,Place,Normale,Deux véhicules - côté,,,,,,,,,,,1,2,7,1.0,3.0
201800052501,0018-08-23 14:25:00,18,8,23,14,25,750,113,BOULEVARD AUGUSTE BLANQU,48.8,2.35,Plein jour,En agglomération,Hors intersection,Normale,Autre collision,,,,,,,,,,,1,2,1,1.0,6.0
201800052502,0018-08-23 18:50:00,18,8,23,18,50,750,113,BOULEVARD AUGUSTE BLANQU,,,Plein jour,En agglomération,Hors intersection,Normale,Autre collision,,,,,,,,,,,1,2,1,1.0,6.0
201800052503,0018-08-24 03:45:00,18,8,24,3,45,750,105,PLACE SAINT MICHEL,48.8535,2.34409,Nuit avec éclairage allumé,En agglomération,Place,Normale,Deux véhicules - côté,,,,,,,,,,,5,2,7,1.0,3.0
201800052504,0018-08-25 01:25:00,18,8,25,1,25,750,112,PONT D AUSTERLITZ,48.84436,2.365,Nuit avec éclairage allumé,En agglomération,Hors intersection,Normale,Deux véhicules - côté,,,,,,,,,,,5,2,1,1.0,3.0