accident_id,datetime,annee,mois,jour,heure,minute,departement,commune_insee,adresse,latitude,longitude,luminosite,agglomeration,intersection,meteo,collision,nb_vehicules,nb_usagers,nb_indemnes,nb_tues,nb_blesses_hosp,nb_blesses_legers,age_cond_1,age_cond_2,veh_type_cond_1,veh_type_cond_2,lum_code,agg_code,int_code,atm_code,col_code
201800052744,0018-06-12 08:42:00,18,6,12,8,42,750,114,"0, PLACE VICTOR BASCH",48.8278,2.32667,Plein jour,En agglomération,Place,Pluie légère,Deux véhicules - côté,,,,,,,,,,,1,2,7,2.0,3.0
201800052745,0018-06-12 10:30:00,18,6,12,10,30,750,114,"59, BOULEVARD SAINT JACQ",48.833,2.33597,Plein jour,En agglomération,Intersection en X,Pluie légère,Deux véhicules - arrière,,,,,,,,,,,1,2,2,2.0,2.0
201800052746,0018-06-11 18:55:00,18,6,11,18,55,750,114,"4, RUE DE LA SABLIERE",48.8316,2.32478,Plein jour,En agglomération,Hors intersection,Normale,Autre collision,,,,,,,,,,,1,2,1,1.0,6.0
201800052747,0018-06-12 16:55:00,18,6,12,16,55,750,114,VILLA MODERNE,48.8307,2.32376,Plein jour,En agglomération,Intersection en T,Normale,Deux véhicules - côté,,,,,,,,,,,1,2,3,1.0,3.0
201800052748,0018-06-14 16:05:00,18,6,14,16,5,750,114,"40, AVENUE REILLE",48.8245,2.33831,Plein jour,En agglomération,Intersection en X,Normale,Deux véhicules - côté,,,,,,,,,,,1,2,2,1.0,3.0
201800052749,0018-06-12 13:57:00,18,6,12,13,57,750,114,"0, PLACE DENFERT ROCHERE",48.8344,2.33242,Plein jour,En agglomération,Place,Normale,Deux véhicules - arrière,,,,,,,,,,,1,2,7,1.0,2.0
201800052750,0018-06-14 17:10:00,18,6,14,17,10,750,114,"4, RUE HENRY DE BOURNAZE",48.8254,2.31384,Plein jour,En agglomération,Intersection en T,Temps couvert,Deux véhicules - côté,,,,,,,,,,,1,2,3,8.0,3.0
201800052751,0018-06-15 19:08:00,18,6,15,19,8,750,114,RUE D ALESIA,48.8272,2.33665,Plein jour,En agglomération,Intersection en T,Normale,Deux véhicules - côté,,,,,,,,,,,1,2,3,1.0,3.0
201800052752,0018-06-15 21:38:00,18,6,15,21,38,750,114,"36, RUE DE L OUEST",48.8365,2.32014,Crépuscule ou aube,En agglomération,Intersection en X,Normale,Deux véhicules - côté,,,,,,,,,,,2,2,2,1.0,3.0
201800052753,0018-06-16 17:00:00,18,6,16,17,0,750,114,"7, RUE D ALESIA",48.8269,2.33826,Plein jour,En agglomération,Hors intersection,Normale,Deux véhicules - arrière,,,,,,,,,,,1,2,1,1.0,2.0
201800052754,0018-06-16 18:40:00,18,6,16,18,40,750,107,"151, RUE DE GRENELLE",48.8579,2.30723,Plein jour,En agglomération,Intersection en T,Normale,Sans collision,,,,,,,,,,,1,2,3,1.0,7.0
201800052755,0018-06-18 10:25:00,18,6,18,10,25,750,114,RUE JEAN DOLENT,48.8341,2.33653,Plein jour,En agglomération,Intersection en X,Pluie légère,Autre collision,,,,,,,,,,,1,2,2,2.0,6.0
201800052756,0018-06-18 14:55:00,18,6,18,14,55,750,114,"34, RUE DE LA TOMBE ISSO",48.824,2.33093,Plein jour,En agglomération,Place,Normale,Deux véhicules - côté,,,,,,,,,,,1,2,7,1.0,3.0
201800052757,0018-06-18 19:25:00,18,6,18,19,25,750,114,"22, RUE DE GERGOVIE",48.8339,2.31441,Plein jour,En agglomération,Intersection en T,Normale,Autre collision,,,,,,,,,,,1,2,3,1.0,6.0
201800052758,0018-06-18 19:55:00,18,6,18,19,55,750,114,"73, AVENUE DU MAINE",48.8385,2.32261,Plein jour,En agglomération,Intersection en Y,Normale,Deux véhicules - côté,,,,,,,,,,,1,2,4,1.0,3.0
201800052759,0018-06-19 14:35:00,18,6,19,14,35,750,114,"80, AVENUE DU GENERAL LE",48.8289,2.32779,Plein jour,En agglomération,Hors intersection,Normale,Deux véhicules - arrière,,,,,,,,,,,1,2,1,1.0,2.0
201800052760,0018-06-19 15:20:00,18,6,19,15,20,750,114,"76, AVENUE DENFERT ROCHE",48.8369,2.33485,Plein jour,En agglomération,Hors intersection,Normale,Deux véhicules - arrière,,,,,,,,,,,1,2,1,1.0,2.0
201800052761,0018-06-20 08:00:00,18,6,20,8,0,750,114,"143, BOULEVARD ROMAIN RO",48.8223,2.31415,Plein jour,En agglomération,Intersection à plus de 4 branches,Normale,Deux véhicules - côté,,,,,,,,,,,1,2,5,1.0,3.0
201800052762,0018-06-20 19:15:00,18,6,20,19,15,750,114,RUE FROIDEVAUX,48.8343,2.33086,Plein jour,En agglomération,Place,Normale,Autre collision,,,,,,,,,,,1,2,7,1.0,6.0
201800052763,0018-06-21 14:25:00,18,6,21,14,25,750,114,"84, BOULEVARD DU MONTPAR",48.843,2.32651,Plein jour,En agglomération,Hors intersection,Normale,Autre collision,,,,,,,,,,,1,2,1,1.0,6.0
201800052764,0018-06-22 20:00:00,18,6,22,20,0,750,114,"16 QUATER, RUE DU MOULIN",48.8299,2.3231,Plein jour,En agglomération,Intersection en T,Normale,Deux véhicules - côté,,,,,,,,,,,1,2,3,1.0,3.0
201800052765,0018-06-23 21:30:00,18,6,23,21,30,750,114,"201 BIS, RUE RAYMOND LOS",48.829,2.30802,Crépuscule ou aube,En agglomération,Hors intersection,Normale,Autre collision,,,,,,,,,,,2,2,1,1.0,6.0
201800052766,0018-06-26 09:20:00,18,6,26,9,20,750,114,AVENUE DENFERT ROCHEREAU,48.8344,2.33242,Plein jour,En agglomération,Place,Normale,Deux véhicules - côté,,,,,,,,,,,1,2,7,1.0,3.0
201800052767,0018-06-26 23:05:00,18,6,26,23,5,750,115,"193, RUE DE LA CONVENTIO",48.8372,2.29641,Nuit avec éclairage allumé,En agglomération,Intersection en X,Normale,Deux véhicules - côté,,,,,,,,,,,5,2,2,1.0,3.0
201800052768,0018-06-29 15:00:00,18,6,29,15,0,750,114,"75, AVENUE DU GENERAL LE",48.8278,2.32667,Plein jour,En agglomération,Place,Normale,Deux véhicules - côté,,,,,,,,,,,1,2,7,1.0,3.0
201800052769,0018-07-02 15:15:00,18,7,2,15,15,750,114,"122, AVENUE DU GENERAL L",48.8248,2.32591,Plein jour,En agglomération,Hors intersection,Normale,Autre collision,,,,,,,,,,,1,2,1,1.0,6.0
201800052770,0018-07-03 17:20:00,18,7,3,17,20,750,107,BOULEVARD SAINT GERMAIN,48.86,2.3217,Plein jour,En agglomération,Intersection en X,Normale,Deux véhicules - côté,,,,,,,,,,,1,2,2,1.0,3.0
201800052771,0018-07-04 18:55:00,18,7,4,18,55,750,114,AVENUE JEAN MOULIN,48.8259,2.32226,Plein jour,En agglomération,Intersection en T,Normale,Deux véhicules - côté,,,,,,,,,,,1,2,3,1.0,3.0
201800052772,0018-07-06 17:55:00,18,7,6,17,55,750,115,"141, AVENUE FELIX FAURE",48.8374,2.27962,Plein jour,En agglomération,Intersection en T,Normale,Deux véhicules - arrière,,,,,,,,,,,1,2,3,1.0,2.0
201800052773,0018-07-06 19:55:00,18,7,6,19,55,750,114,"0, RUE FROIDEVAUX",48.836,2.3276,Plein jour,En agglomération,Intersection en X,Normale,Deux véhicules - côté,,,,,,,,,,,1,2,2,1.0,3.0
201800052774,0018-07-08 10:45:00,18,7,8,10,45,750,107,"2, AVENUE DE TOURVILLE",48.8538,2.31238,Plein jour,En agglomération,Place,Normale,Autre collision,,,,,,,,,,,1,2,7,1.0,6.0
201800052775,0018-07-09 09:40:00,18,7,9,9,40,750,114,"6, RUE NANSOUTY",48.8237,2.33581,Plein jour,En agglomération,Hors intersection,Normale,Deux véhicules - frontale,,,,,,,,,,,1,2,1,1.0,1.0
201800052776,0018-07-11 12:50:00,18,7,11,12,50,750,114,PLACE DU VINGT CINQ AOUT,48.8225,2.32545,Plein jour,En agglomération,Hors intersection,Normale,Autre collision,,,,,,,,,,,1,2,1,1.0,6.0
201800052777,0018-07-12 13:00:00,18,7,12,13,0,750,106,"166, BOULEVARD DU MONTPA",48.84,2.33564,Plein jour,En agglomération,Hors intersection,Normale,Deux véhicules - côté,,,,,,,,,,,1,2,1,1.0,3.0
201800052778,0018-07-13 16:30:00,18,7,13,16,30,750,114,"16, RUE DES PLANTES",48.8316,2.32442,Plein jour,En agglomération,Intersection en X,Normale,Autre collision,,,,,,,,,,,1,2,2,1.0,6.0
201800052779,0018-07-17 11:45:00,18,7,17,11,45,750,114,RUE SARRETTE,48.82,2.32,Plein jour,En agglomération,Intersection en T,Normale,Deux véhicules - arrière,,,,,,,,,,,1,2,3,1.0,2.0
201800052780,0018-07-17 15:00:00,18,7,17,15,0,750,114,BOULEVARD ROMAIN ROLLAND,48.81964,2.3264,Plein jour,En agglomération,Intersection en X,Normale,Deux véhicules - arrière,,,,,,,,,,,1,2,2,1.0,2.0
201800052781,0018-07-17 15:10:00,18,7,17,15,10,750,114,AVENUE ANDRE RIVOIRE,48.8178,2.33256,Plein jour,En agglomération,Hors intersection,Normale,Autre collision,,,,,,,,,,,1,2,1,1.0,6.0
201800052782,0018-07-18 15:45:00,18,7,18,15,45,750,114,BOULEVARD RASPAIL,45.842,2.329,Plein jour,En agglomération,Intersection à plus de 4 branches,Normale,Deux véhicules - arrière,,,,,,,,,,,1,2,5,1.0,2.0
201800052783,0018-07-18 21:10:00,18,7,18,21,10,750,114,BOULEVARD BRUNE,48.82427,2.31918,Nuit avec éclairage allumé,En agglomération,Intersection en X,Normale,Deux véhicules - côté,,,,,,,,,,,5,2,2,1.0,3.0
201800052784,0018-07-19 09:10:00,18,7,19,9,10,750,114,RUE D ARCUEIL,48.81997,2.34329,Plein jour,En agglomération,Intersection en X,Normale,Autre collision,,,,,,,,,,,1,2,2,1.0,6.0
201800052785,0018-07-20 15:50:00,18,7,20,15,50,750,114,RUE RAYMOND LOSSERAND,,,Plein jour,En agglomération,Hors intersection,Normale,Autre collision,,,,,,,,,,,1,2,1,1.0,6.0
201800052786,0018-07-20 17:20:00,18,7,20,17,20,750,114,RUE DU FAUBOURG SAINT JA,48.83825,2.33935,Plein jour,En agglomération,Hors intersection,Normale,Deux véhicules - côté,,,,,,,,,,,1,2,1,1.0,3.0
201800052787,0018-07-20 18:00:00,18,7,20,18,0,750,114,BOULEVARD BRUNE,48.827,2.305,Plein jour,En agglomération,Intersection en T,Pluie légère,Deux véhicules - côté,,,,,,,,,,,1,2,3,2.0,3.0
201800052788,0018-07-23 06:00:00,18,7,23,6,0,750,114,AVENUE DE LA PORTE DE CH,48.82238,2.31447,Crépuscule ou aube,En agglomération,Intersection à plus de 4 branches,Normale,Deux véhicules - côté,,,,,,,,,,,2,2,5,1.0,3.0
201800052789,0018-07-24 18:30:00,18,7,24,18,30,750,114,RUE DES PLANTES,48.82842,2.32175,Plein jour,En agglomération,Hors intersection,Normale,Autre collision,,,,,,,,,,,1,2,1,1.0,6.0
201800052790,0018-07-26 14:45:00,18,7,26,14,45,750,114,AVENUE DU MAINE,48.83164,2.3263,Plein jour,En agglomération,Hors intersection,Normale,Autre collision,,,,,,,,,,,1,2,1,1.0,6.0
201800052791,0018-07-28 11:25:00,18,7,28,11,25,750,114,AVENUE DU MAINE,48.83279,2.32474,Plein jour,En agglomération,Intersection en T,Normale,Autre collision,,,,,,,,,,,1,2,3,1.0,6.0
201800052792,0018-07-28 23:50:00,18,7,28,23,50,750,114,RUE D ALESIA,48.83,2.317,Nuit avec éclairage allumé,En agglomération,Intersection en X,Normale,Deux véhicules - côté,,,,,,,,,,,5,2,2,1.0,3.0
201800052793,0018-07-30 18:10:00,18,7,30,18,10,750,114,RUE D ALESIA,48.83,2.319,Plein jour,En agglomération,Intersection à plus de 4 branches,Normale,Autre collision,,,,,,,,,,,1,2,5,1.0,6.0
201800052794,0018-08-02 23:50:00,18,8,2,23,50,750,114,RUE FROIDEVAUX,48.83531,2.32915,Nuit avec éclairage allumé,En agglomération,Intersection en T,Normale,Deux véhicules - côté,,,,,,,,,,,5,2,3,1.0,3.0
201800052795,0018-08-06 09:20:00,18,8,6,9,20,750,114,BOULEVARD RASPAIL,48.84,2.33,Plein jour,En agglomération,Intersection en Y,Normale,Deux véhicules - côté,,,,,,,,,,,1,2,4,1.0,3.0
201800052796,0018-08-08 09:15:00,18,8,8,9,15,750,114,BOULEVARD PERIPHERIQUE I,48.8,2.31,Plein jour,En agglomération,Hors intersection,Normale,Deux véhicules - arrière,,,,,,,,,,,1,2,1,1.0,2.0
201800052797,0018-08-11 05:15:00,18,8,11,5,15,750,114,AVENUE DU GENERAL LECLER,48.83197,2.33073,Nuit avec éclairage allumé,En agglomération,Hors intersection,Normale,Deux véhicules - frontale,,,,,,,,,,,5,2,1,1.0,1.0
201800052798,0018-08-12 21:45:00,18,8,12,21,45,750,107,QUAI BRANLY,48.85925,2.29346,Nuit avec éclairage allumé,En agglomération,Intersection en T,Normale,Trois véhicules et plus - en chaîne,,,,,,,,,,,5,2,3,1.0,4.0
201800052799,0018-08-13 15:45:00,18,8,13,15,45,750,114,BOULEVARD DU MONTPARNASS,48.84271,2.32673,Plein jour,En agglomération,Hors intersection,Normale,Autre collision,,,,,,,,,,,1,2,1,1.0,6.0
201800052800,0018-08-13 23:05:00,18,8,13,23,5,750,114,BOULEVARD JOURDAN,48.81957,2.34353,Nuit avec éclairage allumé,En agglomération,Intersection en X,Normale,Sans collision,,,,,,,,,,,5,2,2,1.0,7.0
201800052801,0018-08-20 18:30:00,18,8,20,18,30,750,114,RUE D ALESIA,,,Plein jour,En agglomération,Intersection en T,Normale,Autre collision,,,,,,,,,,,1,2,3,1.0,6.0
201800052802,0018-08-25 23:00:00,18,8,25,23,0,750,114,RUE FROIDEVAUX,48.83927,2.32842,Nuit avec éclairage allumé,En agglomération,Intersection en X,Temps couvert,Deux véhicules - côté,,,,,,,,,,,5,2,2,8.0,3.0
201800052803,0018-08-28 19:15:00,18,8,28,19,15,750,114,BOULEVARD BRUNE,,,Plein jour,En agglomération,Hors intersection,Normale,Deux véhicules - arrière,,,,,,,,,,,1,2,1,1.0,2.0
201800052804,0018-08-29 14:45:00,18,8,29,14,45,750,114,PLACE VICTOR BASCH,48.82777,2.32681,Plein jour,En agglomération,Place,Pluie légère,Deux véhicules - côté,,,,,,,,,,,1,2,7,2.0,3.0
201800052805,0018-08-29 16:30:00,18,8,29,16,30,750,114,AVENUE DU GENERAL LECLER,48.83029,2.33284,Plein jour,En agglomération,Intersection en T,Normale,Deux véhicules - arrière,,,,,,,,,,,1,2,3,1.0,2.0
201800052806,0018-08-29 21:35:00,18,8,29,21,35,750,114,AVENUE PAUL VAILLANT COU,48.81632,2.34168,Nuit avec éclairage allumé,En agglomération,Hors intersection,Normale,Deux véhicules - côté,,,,,,,,,,,5,2,1,1.0,3.0
201800052807,0018-08-30 08:10:00,18,8,30,8,10,750,114,BOULEVARD ROMAIN ROLLAND,48.86083,2.34397,Plein jour,En agglomération,Intersection en Y,Normale,Deux véhicules - côté,,,,,,,,,,,1,2,4,1.0,3.0
201800052808,0018-08-30 12:15:00,18,8,30,12,15,750,114,RUE D ALESIA,48.82819,2.32557,Plein jour,En agglomération,Hors intersection,Normale,Autre collision,,,,,,,,,,,1,2,1,1.0,6.0
201800052809,0018-08-30 18:10:00,18,8,30,18,10,750,114,BOULEVARD PERIPHERIQUE I,48.82108,2.32068,Plein jour,Hors agglomération,Hors intersection,Normale,Deux véhicules - arrière,,,,,,,,,,,1,1,1,1.0,2.0
201800052810,0018-08-30 21:35:00,18,8,30,21,35,750,114,AVENUE DU MAINE,48.8322,2.32508,Nuit avec éclairage allumé,En agglomération,Hors intersection,Normale,Autre collision,,,,,,,,,,,5,2,1,1.0,6.0
201800052811,0018-09-01 12:00:00,18,9,1,12,0,750,114,PLACE DU VINGT CINQ AOUT,48.82297,2.32575,Plein jour,En agglomération,Place,Normale,Autre collision,,,,,,,,,,,1,2,7,1.0,6.0
201800052812,0018-09-03 18:05:00,18,9,3,18,5,750,114,AVENUE DU MAINE,,,Plein jour,En agglomération,Intersection en X,Normale,Deux véhicules - côté,,,,,,,,,,,1,2,2,1.0,3.0
201800052813,0018-09-04 00:15:00,18,9,4,0,15,750,114,BOULEVARD ROMAIN ROLLAND,48.82058,2.32457,Nuit avec éclairage allumé,En agglomération,Intersection en X,Normale,Deux véhicules - arrière,,,,,,,,,,,5,2,2,1.0,2.0
201800052814,0018-09-04 10:15:00,18,9,4,10,15,750,114,PLACE DE LA PORTE DE VAN,48.827,2.304,Plein jour,En agglomération,Place,Temps couvert,Deux véhicules - côté,,,,,,,,,,,1,2,7,8.0,3.0
201800052815,0018-09-07 07:20:00,18,9,7,7,20,750,114,BOULEVARD ROMAIN ROLLAND,48.82086,2.32113,Plein jour,En agglomération,Intersection en X,Normale,Deux véhicules - côté,,,,,,,,,,,1,2,2,1.0,3.0
201800052816,0018-09-07 12:20:00,18,9,7,12,20,750,114,AVENUE RENE COTY,48.83237,2.33331,Plein jour,En agglomération,Hors intersection,Normale,Autre collision,,,,,,,,,,,1,2,1,1.0,6.0
201800052817,0018-09-08 20:15:00,18,9,8,20,15,750,114,AVENUE DENFERT ROCHEREAU,,,Nuit avec éclairage allumé,En agglomération,Hors intersection,Normale,Deux véhicules - côté,,,,,,,,,,,5,2,1,1.0,3.0
201800052818,0018-09-09 10:30:00,18,9,9,10,30,750,114,AVENUE DU GENERAL LECLER,48.823,2.325,Plein jour,En agglomération,Intersection en X,Normale,Deux véhicules - côté,,,,,,,,,,,1,2,2,1.0,3.0
201800052819,0018-09-14 16:35:00,18,9,14,16,35,750,114,RUE DIDOT,48.82966,2.31798,Plein jour,En agglomération,Intersection en X,Normale,Deux véhicules - côté,,,,,,,,,,,1,2,2,1.0,3.0
201800052820,0018-09-15 17:40:00,18,9,15,17,40,750,114,BOULEVARD JOURDAN,48.82121,2.33425,Plein jour,En agglomération,Intersection en X,Normale,Deux véhicules - côté,,,,,,,,,,,1,2,2,1.0,3.0
201800052821,0018-09-19 14:15:00,18,9,19,14,15,750,114,BOULEVARD JOURDAN,48.81998,2.33927,Plein jour,En agglomération,Hors intersection,Normale,Autre collision,,,,,,,,,,,1,2,1,1.0,6.0
201800052822,0018-09-19 15:50:00,18,9,19,15,50,750,114,PLACE DU VINGT CINQ AOUT,48.82294,2.32565,Plein jour,En agglomération,Intersection en X,Normale,Deux véhicules - côté,,,,,,,,,,,1,2,2,1.0,3.0
201800052823,0018-09-21 20:40:00,18,9,21,20,40,750,114,RUE DU DEPART,48.84179,2.32248,Nuit avec éclairage allumé,En agglomération,Intersection en T,Normale,Deux véhicules - arrière,,,,,,,,,,,5,2,3,1.0,2.0
201800052824,0018-09-22 20:15:00,18,9,22,20,15,750,114,BOULEVARD RASPAIL,48.841,2.329,Nuit avec éclairage allumé,En agglomération,Intersection en X,Temps couvert,Autre collision,,,,,,,,,,,5,2,2,8.0,6.0
201800052825,0018-09-23 00:01:00,18,9,23,0,1,750,114,AVENUE DE LA PORTE DE CH,48.82292,2.31532,Nuit avec éclairage allumé,En agglomération,Hors intersection,Normale,Autre collision,,,,,,,,,,,5,2,1,1.0,6.0
201800052826,0018-09-26 11:36:00,18,9,26,11,36,750,114,RUE DE COULMIERS,48.0,2.32,Plein jour,En agglomération,Intersection en Y,Normale,Autre collision,,,,,,,,,,,1,2,4,1.0,6.0
201800052827,0018-09-27 19:40:00,18,9,27,19,40,750,114,AVENUE DENFERT ROCHEREAU,48.83527,2.33358,Nuit avec éclairage allumé,En agglomération,Hors intersection,Normale,Deux véhicules - côté,,,,,,,,,,,5,2,1,1.0,3.0
201800052828,0018-09-28 17:50:00,18,9,28,17,50,750,114,AVENUE RENE COTY,48.82575,2.33536,Plein jour,En agglomération,Hors intersection,Normale,Deux véhicules - arrière,,,,,,,,,,,1,2,1,1.0,2.0
201800052829,0018-09-29 06:15:00,18,9,29,6,15,750,114,AVENUE REILLE,48.82433,2.33699,Crépuscule ou aube,En agglomération,Hors intersection,Normale,Autre collision,,,,,,,,,,,2,2,1,1.0,6.0
201800052830,0018-09-29 17:00:00,18,9,29,17,0,750,114,PLACE DU VINGT CINQ AOUT,48.82187,2.32503,Plein jour,En agglomération,Place,Normale,Autre collision,,,,,,,,,,,1,2,7,1.0,6.0
201800052831,0018-10-01 08:26:00,18,10,1,8,26,750,114,AVENUE DU GENERAL LECLER,48.83104,2.32989,Plein jour,En agglomération,Hors intersection,Normale,Autre collision,,,,,,,,,,,1,2,1,1.0,6.0
201800052832,0018-10-01 10:00:00,18,10,1,10,0,750,114,RUE DU FAUBOURG SAINT JA,48.83757,2.33934,Plein jour,En agglomération,Hors intersection,Normale,Autre collision,,,,,,,,,,,1,2,1,1.0,6.0
201800052833,0018-10-01 11:00:00,18,10,1,11,0,750,114,RUE DIDOT,48.82672,2.31368,Plein jour,En agglomération,Hors intersection,Normale,Deux véhicules - arrière,,,,,,,,,,,1,2,1,1.0,2.0
201800052834,0018-10-04 10:00:00,18,10,4,10,0,750,114,RUE DU PERE CORENTIN,48.8233,2.32675,Plein jour,En agglomération,Intersection en X,Normale,Deux véhicules - arrière,,,,,,,,,,,1,2,2,1.0,2.0
201800052835,0018-10-04 21:25:00,18,10,4,21,25,750,113,QUAI D AUSTERLITZ,48.843,2.365,Nuit avec éclairage allumé,En agglomération,Hors intersection,Normale,Sans collision,,,,,,,,,,,5,2,1,1.0,7.0
201800052836,0018-10-06 11:00:00,18,10,6,11,0,750,114,RUE BEAUNIER,48.827,2.326,Plein jour,En agglomération,Hors intersection,Normale,Autre collision,,,,,,,,,,,1,2,1,1.0,6.0
201800052837,0018-10-06 15:45:00,18,10,6,15,45,750,114,AVENUE DE LA PORTE DE MO,48.82271,2.3224,Plein jour,En agglomération,Intersection en X,Normale,Deux véhicules - côté,,,,,,,,,,,1,2,2,1.0,3.0
201800052838,0018-10-08 12:00:00,18,10,8,12,0,750,114,BOULEVARD PERIPHERIQUE I,48.82468,2.30492,Plein jour,En agglomération,Hors intersection,Normale,Deux véhicules - arrière,,,,,,,,,,,1,2,1,1.0,2.0
201800052839,0018-10-08 22:30:00,18,10,8,22,30,750,114,RUE D ALESIA,48.82706,2.33724,Nuit avec éclairage allumé,En agglomération,Intersection en X,Normale,Autre collision,,,,,,,,,,,5,2,2,1.0,6.0
201800052840,0018-10-09 08:48:00,18,10,9,8,48,750,114,PLACE DENFERT ROCHEREAU,48.83365,2.33204,Plein jour,En agglomération,Place,Normale,Deux véhicules - côté,,,,,,,,,,,1,2,7,1.0,3.0
201800052841,0018-10-11 13:15:00,18,10,11,13,15,750,114,RUE FROIDEVAUX,48.83437,2.33083,Plein jour,En agglomération,Place,Normale,Autre collision,,,,,,,,,,,1,2,7,1.0,6.0
201800052842,0018-10-11 23:15:00,18,10,11,23,15,750,114,RUE DE LA LEGION ETRANGE,48.82,2.3241,Nuit avec éclairage allumé,En agglomération,Intersection en Y,Normale,Autre collision,,,,,,,,,,,5,2,4,1.0,6.0
201800052843,0018-10-12 14:35:00,18,10,12,14,35,750,114,BOULEVARD RASPAIL,48.83607,2.33115,Plein jour,En agglomération,Hors intersection,Normale,Deux véhicules - côté,,,,,,,,,,,1,2,1,1.0,3.0
201800052844,0018-10-13 12:15:00,18,10,13,12,15,750,114,BOULEVARD RASPAIL,48.84146,2.32973,Plein jour,En agglomération,Intersection en T,Normale,Deux véhicules - côté,,,,,,,,,,,1,2,3,1.0,3.0
201800052845,0018-10-13 19:26:00,18,10,13,19,26,750,114,BOULEVARD JOURDAN,48.82272,2.32829,Nuit avec éclairage allumé,En agglomération,Hors intersection,Normale,Autre collision,,,,,,,,,,,5,2,1,1.0,6.0
201800052846,0018-10-14 15:30:00,18,10,14,15,30,750,114,PLACE DU VINGT CINQ AOUT,48.82256,2.32589,Plein jour,En agglomération,Place,Normale,Autre collision,,,,,,,,,,,1,2,7,1.0,6.0
201800052847,0018-10-14 16:10:00,18,10,14,16,10,750,114,RUE DE L ABBE CARTON,48.82916,2.31741,Plein jour,En agglomération,Intersection en X,Normale,Autre collision,,,,,,,,,,,1,2,2,1.0,6.0
201800052848,0018-10-14 20:00:00,18,10,14,20,0,750,114,AVENUE DU GENERAL LECLER,48.82764,2.32657,Nuit avec éclairage allumé,En agglomération,Hors intersection,Normale,Deux véhicules - côté,,,,,,,,,,,5,2,1,1.0,3.0
201800052849,0018-10-16 12:45:00,18,10,16,12,45,750,114,AVENUE DU MAINE,48.83614,2.3235,Plein jour,En agglomération,Intersection en Y,Normale,Autre collision,,,,,,,,,,,1,2,4,1.0,6.0
201800052850,0018-10-17 14:23:00,18,10,17,14,23,750,115,QUAI ANDRE CITROEN,48.84,2.278,Plein jour,En agglomération,Intersection à plus de 4 branches,Normale,Deux véhicules - côté,,,,,,,,,,,1,2,5,1.0,3.0
201800052851,0018-10-17 20:30:00,18,10,17,20,30,750,114,AVENUE DE LA PORTE DE CH,48.82269,2.31478,Nuit avec éclairage allumé,En agglomération,Intersection en X,Normale,Autre collision,,,,,,,,,,,5,2,2,1.0,6.0
201800052852,0018-10-19 07:15:00,18,10,19,7,15,750,114,RUE DE LA TOMBE ISSOIRE,48.82945,2.33347,Nuit avec éclairage allumé,En agglomération,Hors intersection,Normale,Deux véhicules - côté,,,,,,,,,,,5,2,1,1.0,3.0
201800052853,0018-10-23 08:15:00,18,10,23,8,15,750,105,BOULEVARD DE PORT ROYAL,48.83879,2.33998,Plein jour,En agglomération,Intersection en X,Normale,Autre collision,,,,,,,,,,,1,2,2,1.0,6.0
201800052854,0018-10-23 13:05:00,18,10,23,13,5,750,114,BOULEVARD RASPAIL,48.8377,2.3312,Plein jour,En agglomération,Intersection en T,Normale,Deux véhicules - côté,,,,,,,,,,,1,2,3,1.0,3.0
201800052855,0018-10-26 13:15:00,18,10,26,13,15,750,114,RUE VERCINGETORIX,48.83459,2.31417,Plein jour,En agglomération,Intersection en X,Normale,Deux véhicules - arrière,,,,,,,,,,,1,2,2,1.0,2.0
201800052856,0018-10-26 19:00:00,18,10,26,19,0,750,114,BOULEVARD RASPAIL,48.83953,2.33054,Nuit avec éclairage allumé,En agglomération,Intersection en Y,Pluie légère,Deux véhicules - arrière,,,,,,,,,,,5,2,4,2.0,2.0
201800052857,0018-10-27 13:10:00,18,10,27,13,10,750,114,BOULEVARD BRUNE,48.8256,2.3136,Plein jour,En agglomération,Intersection en T,Normale,Deux véhicules - arrière,,,,,,,,,,,1,2,3,1.0,2.0
201800052858,0018-10-28 05:45:00,18,10,28,5,45,750,114,AVENUE DU MAINE,48.84,2.3221,Nuit avec éclairage allumé,En agglomération,Intersection en T,Normale,Autre collision,,,,,,,,,,,5,2,3,1.0,6.0
201800052859,0018-10-29 13:30:00,18,10,29,13,30,750,114,AVENUE DE LA PORTE D ORL,48.82,2.324,Plein jour,En agglomération,Intersection en T,Normale,Deux véhicules - côté,,,,,,,,,,,1,2,3,1.0,3.0
201800052860,0018-10-30 06:00:00,18,10,30,6,0,750,114,BOULEVARD DU MONTPARNASS,48.84116,2.33144,Nuit avec éclairage allumé,En agglomération,Intersection en T,Pluie légère,Deux véhicules - côté,,,,,,,,,,,5,2,3,2.0,3.0
201800052861,0018-10-31 16:35:00,18,10,31,16,35,750,114,RUE DE L AMIRAL MOUCHEZ,48.82178,2.34223,Plein jour,En agglomération,Hors intersection,Pluie légère,Autre collision,,,,,,,,,,,1,2,1,2.0,6.0
201800052862,0018-11-01 18:30:00,18,11,1,18,30,750,114,BOULEVARD PERIPHERIQUE I,48.81688,2.3369,Nuit avec éclairage allumé,Hors agglomération,Hors intersection,Normale,Deux véhicules - arrière,,,,,,,,,,,5,1,1,1.0,2.0
201800052863,0018-11-02 16:00:00,18,11,2,16,0,750,114,RUE DES SUISSES,48.831,2.315,Plein jour,En agglomération,Intersection en T,Normale,Autre collision,,,,,,,,,,,1,2,3,1.0,6.0
201800052864,0018-11-10 23:15:00,18,11,10,23,15,750,114,PLACE DENFERT ROCHEREAU,48.83366,2.33208,Nuit avec éclairage allumé,En agglomération,Place,Temps couvert,Trois véhicules et plus - en chaîne,,,,,,,,,,,5,2,7,8.0,4.0