accident_id,datetime,annee,mois,jour,heure,minute,departement,commune_insee,adresse,latitude,longitude,luminosite,agglomeration,intersection,meteo,collision,nb_vehicules,nb_usagers,nb_indemnes,nb_tues,nb_blesses_hosp,nb_blesses_legers,age_cond_1,age_cond_2,veh_type_cond_1,veh_type_cond_2,lum_code,agg_code,int_code,atm_code,col_code
201800052983,0018-04-25 22:50:00,18,4,25,22,50,750,115,PLACE SAINT CHARLES,48.8491,2.28762,Nuit avec éclairage allumé,En agglomération,Intersection à plus de 4 branches,Normale,Autre collision,,,,,,,,,,,5,2,5,1.0,6.0
201800052984,0018-04-26 08:00:00,18,4,26,8,0,750,115,"21, RUE LOUIS VICAT",48.8264,2.29556,Plein jour,En agglomération,Hors intersection,Normale,Deux véhicules - côté,,,,,,,,,,,1,2,1,1.0,3.0
201800052985,0018-04-26 11:45:00,18,4,26,11,45,750,115,"20, BOULEVARD DU MONTPAR",48.8459,2.31835,Plein jour,En agglomération,Hors intersection,Normale,Deux véhicules - côté,,,,,,,,,,,1,2,1,1.0,3.0
201800052986,0018-04-27 19:05:00,18,4,27,19,5,750,115,RUE DE VAUGIRARD,48.8404,2.30425,Plein jour,En agglomération,Intersection en X,Normale,Deux véhicules - côté,,,,,,,,,,,1,2,2,1.0,3.0
201800052987,0018-04-27 19:30:00,18,4,27,19,30,750,115,"65, RUE DE LA CONVENTION",48.8431,2.28349,Crépuscule ou aube,En agglomération,Intersection en X,Normale,Deux véhicules - côté,,,,,,,,,,,2,2,2,1.0,3.0
201800052988,0018-04-29 12:30:00,18,4,29,12,30,750,115,"2, BOULEVARD GARIBALDI",48.8477,2.30186,Plein jour,En agglomération,Place,Pluie légère,Autre collision,,,,,,,,,,,1,2,7,2.0,6.0
201800052989,0018-04-29 14:45:00,18,4,29,14,45,750,115,"16, RUE LECOURBE",48.8446,2.30958,Plein jour,En agglomération,Intersection en T,Pluie légère,Sans collision,,,,,,,,,,,1,2,3,2.0,7.0
201800052990,0018-04-30 10:10:00,18,4,30,10,10,750,115,"15, RUE ROBERT LINDET",48.8333,2.2962,Plein jour,En agglomération,Hors intersection,Pluie légère,Deux véhicules - côté,,,,,,,,,,,1,2,1,2.0,3.0
201800052991,0018-05-01 21:35:00,18,5,1,21,35,750,115,"5, PLACE CHARLES MICHELS",48.8468,2.28568,Nuit avec éclairage allumé,En agglomération,Place,Normale,Autre collision,,,,,,,,,,,5,2,7,1.0,6.0
201800052992,0018-05-03 00:20:00,18,5,3,0,20,750,115,"48, BOULEVARD GARIBALDI",48.8464,2.30612,Nuit avec éclairage allumé,En agglomération,Intersection en Y,Normale,Deux véhicules - arrière,,,,,,,,,,,5,2,4,1.0,2.0
201800052993,0018-05-03 14:25:00,18,5,3,14,25,750,115,BOULEVARD LEFEBVRE,48.8316,2.29066,Plein jour,En agglomération,Hors intersection,Normale,Sans collision,,,,,,,,,,,1,2,1,1.0,7.0
201800052994,0018-05-03 15:30:00,18,5,3,15,30,750,115,"167, RUE DE LA CONVENTIO",48.8383,2.29395,Plein jour,En agglomération,Intersection en T,Normale,Autre collision,,,,,,,,,,,1,2,3,1.0,6.0
201800052995,0018-05-04 11:10:00,18,5,4,11,10,750,115,"65, RUE DES ENTREPRENEUR",48.8451,2.28949,Plein jour,En agglomération,Intersection en X,Normale,Deux véhicules - côté,,,,,,,,,,,1,2,2,1.0,3.0
201800052996,0018-05-04 17:05:00,18,5,4,17,5,750,115,"11, RUE DURANTON",48.8405,2.28545,Plein jour,En agglomération,Hors intersection,Normale,Autre collision,,,,,,,,,,,1,2,1,1.0,6.0
201800052997,0018-05-05 13:45:00,18,5,5,13,45,750,115,"04, RUE LOUIS ARMAND",48.8332,2.27732,Plein jour,En agglomération,Hors intersection,Normale,Deux véhicules - arrière,,,,,,,,,,,1,2,1,1.0,2.0
201800052998,0018-05-06 14:25:00,18,5,6,14,25,750,115,"116, RUE DE LA CONVENTIO",48.8407,2.28878,Plein jour,En agglomération,Intersection en T,Normale,Autre collision,,,,,,,,,,,1,2,3,1.0,6.0
201800052999,0018-05-06 17:40:00,18,5,6,17,40,750,115,"11, RUE DE VOUILLE",48.8351,2.30378,Plein jour,En agglomération,Intersection en T,Normale,Deux véhicules - côté,,,,,,,,,,,1,2,3,1.0,3.0
201800053000,0018-05-06 21:50:00,18,5,6,21,50,750,115,"42, RUE DE LA CONVENTION",48.8441,2.28121,Nuit avec éclairage allumé,En agglomération,Intersection en X,Normale,Deux véhicules - côté,,,,,,,,,,,5,2,2,1.0,3.0
201800053001,0018-05-07 16:15:00,18,5,7,16,15,750,115,"683, RUE DE VAUGIRARD",48.8429,2.31236,Plein jour,En agglomération,Intersection en X,Normale,Autre collision,,,,,,,,,,,1,2,2,1.0,6.0
201800053002,0018-05-07 16:55:00,18,5,7,16,55,750,115,"11, BOULEVARD DE GRENELL",48.8539,2.28955,Plein jour,En agglomération,Hors intersection,Normale,Deux véhicules - arrière,,,,,,,,,,,1,2,1,1.0,2.0
201800053003,0018-05-08 20:25:00,18,5,8,20,25,750,115,"48, RUE LINOIS",48.847,2.28531,Plein jour,En agglomération,Hors intersection,Normale,Deux véhicules - arrière,,,,,,,,,,,1,2,1,1.0,2.0
201800053004,0018-05-09 13:15:00,18,5,9,13,15,750,115,"5, PLACE CAMBRONNE",48.8477,2.30159,Plein jour,En agglomération,Place,Normale,Autre collision,,,,,,,,,,,1,2,7,1.0,6.0
201800053005,0018-05-10 19:00:00,18,5,10,19,0,750,115,"158, RUE DE LA CONVENTIO",48.8393,2.29196,Plein jour,En agglomération,Intersection en T,Normale,Autre collision,,,,,,,,,,,1,2,3,1.0,6.0
201800053006,0018-05-11 08:30:00,18,5,11,8,30,750,115,"88, RUE DE LA FEDERATION",48.8527,2.29853,Plein jour,En agglomération,Intersection en Y,Normale,Autre collision,,,,,,,,,,,1,2,4,1.0,6.0
201800053007,0018-05-11 18:00:00,18,5,11,18,0,750,115,"52, RUE BALARD",48.8414,2.27781,Plein jour,En agglomération,Hors intersection,Normale,Deux véhicules - arrière,,,,,,,,,,,1,2,1,1.0,2.0
201800053008,0018-05-12 17:15:00,18,5,12,17,15,750,115,"46, RUE LABROUSTE",48.8339,2.30809,Plein jour,En agglomération,Intersection en X,Pluie légère,Deux véhicules - côté,,,,,,,,,,,1,2,2,2.0,3.0
201800053009,0018-05-13 16:50:00,18,5,13,16,50,750,115,"75, RUE DE LA CONVENTION",48.8425,2.28478,Plein jour,En agglomération,Hors intersection,Normale,Autre collision,,,,,,,,,,,1,2,1,1.0,6.0
201800053010,0018-05-15 21:40:00,18,5,15,21,40,750,115,", RUE DE LA CONVENTION",48.8372,2.29641,Nuit avec éclairage allumé,En agglomération,Intersection en X,Normale,Deux véhicules - côté,,,,,,,,,,,5,2,2,1.0,3.0
201800053011,0018-05-16 09:40:00,18,5,16,9,40,750,115,"107, RUE DE LA CONVENTIO",48.8411,2.28788,Plein jour,En agglomération,Intersection en X,Normale,Autre collision,,,,,,,,,,,1,2,2,1.0,6.0
201800053012,0018-05-16 18:00:00,18,5,16,18,0,750,115,"14, RUE LINOIS",48.8486,2.28289,Plein jour,En agglomération,Intersection en T,Normale,Autre collision,,,,,,,,,,,1,2,3,1.0,6.0
201800053013,0018-05-17 03:00:00,18,5,17,3,0,750,115,"25, RUE BRANCION",48.8347,2.30515,Nuit avec éclairage allumé,En agglomération,Intersection en X,Normale,Autre collision,,,,,,,,,,,5,2,2,1.0,6.0
201800053014,0018-05-17 11:05:00,18,5,17,11,5,750,115,QUAI D ISSY LES MOULINEA,48.8353,2.26665,Plein jour,En agglomération,Hors intersection,Normale,Deux véhicules - côté,,,,,,,,,,,1,2,1,1.0,3.0
201800053015,0018-05-17 19:15:00,18,5,17,19,15,750,115,"57, RUE DES MORILLONS",48.8325,2.3016,Plein jour,En agglomération,Hors intersection,Normale,Autre collision,,,,,,,,,,,1,2,1,1.0,6.0
201800053016,0018-05-18 11:50:00,18,5,18,11,50,750,115,"189, RUE DE LA CONVENTIO",48.8375,2.29586,Plein jour,En agglomération,Hors intersection,Normale,Autre collision,,,,,,,,,,,1,2,1,1.0,6.0
201800053017,0018-05-19 01:40:00,18,5,19,1,40,750,115,RUE DU DEPART,48.8434,2.32414,Nuit avec éclairage allumé,En agglomération,Place,Normale,Autre collision,,,,,,,,,,,5,2,7,1.0,6.0
201800053018,0018-05-20 12:45:00,18,5,20,12,45,750,115,RUE DU THEATRE,48.8507,2.28397,Plein jour,En agglomération,Intersection en T,Normale,Deux véhicules - côté,,,,,,,,,,,1,2,3,1.0,3.0
201800053019,0018-05-20 16:30:00,18,5,20,16,30,750,115,"92, BOULEVARD LEFEBVRE",48.8286,2.30138,Plein jour,En agglomération,Intersection en X,Normale,Deux véhicules - côté,,,,,,,,,,,1,2,2,1.0,3.0
201800053020,0018-05-20 20:15:00,18,5,20,20,15,750,115,AVENUE FELIX FAURE,48.8403,2.28584,Crépuscule ou aube,En agglomération,Intersection en X,Normale,Deux véhicules - côté,,,,,,,,,,,2,2,2,1.0,3.0
201800053021,0018-05-21 09:50:00,18,5,21,9,50,750,115,"1, BOULEVARD VICTOR",48.8362,2.27775,Plein jour,En agglomération,Hors intersection,Normale,Autre collision,,,,,,,,,,,1,2,1,1.0,6.0
201800053022,0018-05-22 16:20:00,18,5,22,16,20,750,115,"61, QUAI DE GRENELLE",48.8507,2.28397,Plein jour,En agglomération,Intersection en X,Pluie forte,Autre collision,,,,,,,,,,,1,2,2,3.0,6.0
201800053023,0018-05-24 11:45:00,18,5,24,11,45,750,115,"107, RUE DE LA CONVENTIO",48.8411,2.28788,Plein jour,En agglomération,Intersection en X,Normale,Autre collision,,,,,,,,,,,1,2,2,1.0,6.0
201800053024,0018-05-26 13:10:00,18,5,26,13,10,750,115,"55, RUE DE LA CONVENTION",48.8434,2.28272,Plein jour,En agglomération,Intersection en X,Normale,Autre collision,,,,,,,,,,,1,2,2,1.0,6.0
201800053025,0018-05-27 12:20:00,18,5,27,12,20,750,115,"116, RUE DE LA CROIX NIV",48.8424,2.29415,Plein jour,En agglomération,Intersection en X,Normale,Autre collision,,,,,,,,,,,1,2,2,1.0,6.0
201800053026,0018-05-27 17:33:00,18,5,27,17,33,750,115,RUE DE CADIX,48.8344,2.28857,Plein jour,En agglomération,Hors intersection,Normale,Autre collision,,,,,,,,,,,1,2,1,1.0,6.0
201800053027,0018-05-28 22:40:00,18,5,28,22,40,750,115,"58, RUE DE LA CONVENTION",48.8434,2.28272,Nuit avec éclairage allumé,En agglomération,Intersection en X,Pluie légère,Sans collision,,,,,,,,,,,5,2,2,2.0,7.0
201800053028,0018-05-29 16:45:00,18,5,29,16,45,750,115,"44-46, BOULEVARD DE GREN",48.8517,2.29135,Plein jour,En agglomération,Intersection en T,Normale,Deux véhicules - arrière,,,,,,,,,,,1,2,3,1.0,2.0
201800053029,0018-05-30 17:15:00,18,5,30,17,15,750,115,"51, AVENUE ALBERT BARTHO",48.8277,2.3001,Plein jour,En agglomération,Intersection en X,Normale,Deux véhicules - côté,,,,,,,,,,,1,2,2,1.0,3.0
201800053030,0018-05-31 15:20:00,18,5,31,15,20,750,115,BOULEVARD GENERAL MARTIA,48.8387,2.26978,Plein jour,En agglomération,Intersection à plus de 4 branches,Normale,Deux véhicules - côté,,,,,,,,,,,1,2,5,1.0,3.0
201800053031,0018-05-31 19:15:00,18,5,31,19,15,750,115,"34, RUE EMERIAU",48.8501,2.28669,Plein jour,En agglomération,Hors intersection,Normale,Deux véhicules - côté,,,,,,,,,,,1,2,1,1.0,3.0
201800053032,0018-06-01 09:30:00,18,6,1,9,30,750,115,"29, QUAI D ISSY LES MOUL",48.8354,2.26688,Plein jour,En agglomération,Intersection en Y,Normale,Deux véhicules - côté,,,,,,,,,,,1,2,4,1.0,3.0
201800053033,0018-06-02 20:06:00,18,6,2,20,6,750,115,QUAI DE GRENELLE,48.8491,2.28191,Plein jour,En agglomération,Intersection en X,Normale,Autre collision,,,,,,,,,,,1,2,2,1.0,6.0
201800053034,0018-06-04 13:00:00,18,6,4,13,0,750,115,BOULEVARD GENERAL MARTIA,48.837,2.27434,Plein jour,En agglomération,Intersection en X,Normale,Deux véhicules - côté,,,,,,,,,,,1,2,2,1.0,3.0
201800053035,0018-06-04 17:30:00,18,6,4,17,30,750,115,"222, RUE DE LA CONVENTIO",48.8364,2.29914,Plein jour,En agglomération,Intersection en T,Temps couvert,Autre collision,,,,,,,,,,,1,2,3,8.0,6.0
201800053036,0018-06-05 01:40:00,18,6,5,1,40,750,115,"55, BOULEVARD DE VAUGIRA",48.8409,2.31654,Nuit avec éclairage allumé,En agglomération,Hors intersection,Normale,Autre collision,,,,,,,,,,,5,2,1,1.0,6.0
201800053037,0018-06-05 09:00:00,18,6,5,9,0,750,115,BOULEVARD DU MONTPARNASS,48.8447,2.32129,Plein jour,En agglomération,Intersection en T,Pluie forte,Sans collision,,,,,,,,,,,1,2,3,3.0,7.0
201800053038,0018-06-10 12:35:00,18,6,10,12,35,750,115,"67, RUE DE LA CROIX NIVE",48.8444,2.29667,Plein jour,En agglomération,Hors intersection,Normale,Deux véhicules - côté,,,,,,,,,,,1,2,1,1.0,3.0
201800053039,0018-06-12 16:10:00,18,6,12,16,10,750,115,"95, AVENUE EMILE ZOLA",48.8467,2.28886,Plein jour,En agglomération,Intersection en X,Normale,Autre collision,,,,,,,,,,,1,2,2,1.0,6.0
201800053040,0018-06-14 18:00:00,18,6,14,18,0,750,115,RUE BRANCION,48.8286,2.30138,Plein jour,En agglomération,Intersection en X,Normale,Deux véhicules - côté,,,,,,,,,,,1,2,2,1.0,3.0
201800053041,0018-06-15 22:55:00,18,6,15,22,55,750,115,BOULEVARD LEFEBVRE,48.8286,2.30138,Nuit avec éclairage allumé,En agglomération,Intersection en X,Normale,Deux véhicules - côté,,,,,,,,,,,5,2,2,1.0,3.0
201800053042,0018-06-18 22:48:00,18,6,18,22,48,750,107,"1, AVENUE DE LA MOTTE PI",48.8572,2.3099,Nuit avec éclairage allumé,En agglomération,Intersection en X,Normale,Autre collision,,,,,,,,,,,5,2,2,1.0,6.0
201800053043,0018-06-19 09:00:00,18,6,19,9,0,750,115,"130, BOULEVARD DE GRENEL",48.849,2.29777,Plein jour,En agglomération,Intersection en X,Normale,Autre collision,,,,,,,,,,,1,2,2,1.0,6.0
201800053044,0018-06-19 17:25:00,18,6,19,17,25,750,115,"2, PLACE BALARD",48.837,2.27888,Plein jour,En agglomération,Place,Normale,Autre collision,,,,,,,,,,,1,2,7,1.0,6.0
201800053045,0018-06-19 23:15:00,18,6,19,23,15,750,115,"184, RUE DE LA CROIX NIV",48.8395,2.28997,Nuit avec éclairage allumé,En agglomération,Hors intersection,Normale,Autre collision,,,,,,,,,,,5,2,1,1.0,6.0
201800053046,0018-06-20 15:30:00,18,6,20,15,30,750,115,RUE LOUIS ARMAND,48.8333,2.2771,Plein jour,En agglomération,Place,Normale,Sans collision,,,,,,,,,,,1,2,7,1.0,7.0
201800053047,0018-06-20 21:30:00,18,6,20,21,30,750,115,"230, RUE LECOURBE",48.8396,2.29303,Crépuscule ou aube,En agglomération,Intersection en X,Normale,Sans collision,,,,,,,,,,,2,2,2,1.0,7.0
201800053048,0018-06-21 08:20:00,18,6,21,8,20,750,115,RUE LOUIS ARMAND,48.8321,2.28058,Plein jour,En agglomération,Intersection en X,Normale,Deux véhicules - côté,,,,,,,,,,,1,2,2,1.0,3.0
201800053049,0018-06-22 23:55:00,18,6,22,23,55,750,115,RUE MIOLLIS,48.8461,2.30488,Nuit avec éclairage allumé,En agglomération,Intersection en X,Normale,Deux véhicules - côté,,,,,,,,,,,5,2,2,1.0,3.0
201800053050,0018-06-23 11:30:00,18,6,23,11,30,750,115,", QUAI BRANLY",48.8564,2.28994,Plein jour,En agglomération,Hors intersection,Normale,Deux véhicules - côté,,,,,,,,,,,1,2,1,1.0,3.0
201800053051,0018-06-23 19:20:00,18,6,23,19,20,750,115,"41, BOULEVARD VICTOR",48.8339,2.28528,Plein jour,En agglomération,Intersection en T,Normale,Autre collision,,,,,,,,,,,1,2,3,1.0,6.0
201800053052,0018-06-24 15:15:00,18,6,24,15,15,750,115,"196, RUE DE LA CONVENTIO",48.8374,2.29605,Plein jour,En agglomération,Hors intersection,Normale,Autre collision,,,,,,,,,,,1,2,1,1.0,6.0
201800053053,0018-06-25 03:25:00,18,6,25,3,25,750,115,QUAI DE GRENELLE,48.8491,2.28191,Nuit avec éclairage allumé,En agglomération,Intersection en X,Normale,Deux véhicules - côté,,,,,,,,,,,5,2,2,1.0,3.0
201800053054,0018-06-25 15:00:00,18,6,25,15,0,750,115,", RUE SANTOS DUMONT",48.8345,2.30577,Plein jour,En agglomération,Intersection en T,Normale,Autre collision,,,,,,,,,,,1,2,3,1.0,6.0
201800053055,0018-06-26 11:20:00,18,6,26,11,20,750,115,RUE DE JAVEL,48.8448,2.28388,Plein jour,En agglomération,Intersection en X,Normale,Deux véhicules - côté,,,,,,,,,,,1,2,2,1.0,3.0
201800053056,0018-06-26 18:15:00,18,6,26,18,15,750,115,"2, RUE DE L ARRIVEE",48.8438,2.32295,Plein jour,En agglomération,Place,Normale,Autre collision,,,,,,,,,,,1,2,7,1.0,6.0
201800053057,0018-06-27 13:35:00,18,6,27,13,35,750,115,"11, RUE DE VOUILLE",48.8351,2.30378,Plein jour,En agglomération,Intersection en T,Normale,Deux véhicules - côté,,,,,,,,,,,1,2,3,1.0,3.0
201800053058,0018-06-27 15:05:00,18,6,27,15,5,750,115,"54, RUE DE LA CONVENTION",48.8438,2.28188,Plein jour,En agglomération,Intersection en X,Normale,Autre collision,,,,,,,,,,,1,2,2,1.0,6.0
201800053059,0018-06-27 19:20:00,18,6,27,19,20,750,115,QUAI ANDRE CITROEN,48.8472,2.27917,Plein jour,En agglomération,Intersection en T,Normale,Deux véhicules - côté,,,,,,,,,,,1,2,3,1.0,3.0
201800053060,0018-06-28 10:29:00,18,6,28,10,29,750,115,"2, RUE DE LA CONVENTION",48.8459,2.27734,Plein jour,En agglomération,Place,Temps éblouissant,Autre collision,,,,,,,,,,,1,2,7,7.0,6.0
201800053061,0018-06-28 17:55:00,18,6,28,17,55,750,115,"25, RUE DESAIX",48.8527,2.29282,Plein jour,En agglomération,Hors intersection,Normale,Sans collision,,,,,,,,,,,1,2,1,1.0,7.0
201800053062,0018-06-29 20:00:00,18,6,29,20,0,750,115,"30, RUE DE LOURMEL",48.8488,2.29071,Plein jour,En agglomération,Hors intersection,Normale,Autre collision,,,,,,,,,,,1,2,1,1.0,6.0
201800053063,0018-07-02 09:10:00,18,7,2,9,10,750,115,"62, RUE DE DANTZIG",48.8315,2.29685,Plein jour,En agglomération,Intersection en T,Normale,Deux véhicules - côté,,,,,,,,,,,1,2,3,1.0,3.0
201800053064,0018-07-03 09:00:00,18,7,3,9,0,750,115,"2, RUE DE LA CONVENTION",48.8459,2.27734,Plein jour,En agglomération,Place,Normale,Autre collision,,,,,,,,,,,1,2,7,1.0,6.0
201800053065,0018-07-05 10:10:00,18,7,5,10,10,750,115,QUAI ANDRE CITROEN,48.8455,2.27631,Plein jour,En agglomération,Intersection en Y,Normale,Sans collision,,,,,,,,,,,1,2,4,1.0,7.0
201800053066,0018-07-06 06:00:00,18,7,6,6,0,750,115,"37, RUE GEORGES PITARD",48.8336,2.30919,Plein jour,En agglomération,Intersection en X,Normale,Deux véhicules - côté,,,,,,,,,,,1,2,2,1.0,3.0
201800053067,0018-07-06 12:05:00,18,7,6,12,5,750,115,"31, BOULEVARD LEFEBVRE",48.8317,2.29041,Plein jour,En agglomération,Hors intersection,Normale,Deux véhicules - côté,,,,,,,,,,,1,2,1,1.0,3.0
201800053068,0018-07-07 00:01:00,18,7,7,0,1,750,115,"27, RUE THIBOUMERY",48.8351,2.30378,Nuit avec éclairage allumé,En agglomération,Intersection en T,Normale,Autre collision,,,,,,,,,,,5,2,3,1.0,6.0
201800053069,0018-07-09 11:30:00,18,7,9,11,30,750,115,"32, RUE CASTAGNARY",48.8341,2.30939,Plein jour,En agglomération,Hors intersection,Normale,Autre collision,,,,,,,,,,,1,2,1,1.0,6.0
201800053070,0018-07-11 12:15:00,18,7,11,12,15,750,115,PLACE CHARLES MICHELS,48.8466,2.28612,Plein jour,En agglomération,Place,Normale,Autre collision,,,,,,,,,,,1,2,7,1.0,6.0
201800053071,0018-07-13 15:50:00,18,7,13,15,50,750,115,"22, RUE DU DEPART",48.8419,2.32253,Plein jour,En agglomération,Intersection en Y,Normale,Deux véhicules - côté,,,,,,,,,,,1,2,4,1.0,3.0
201800053072,0018-07-13 18:10:00,18,7,13,18,10,750,115,"125, BOULEVARD LEFEBVRE",48.8298,2.29559,Plein jour,En agglomération,Intersection en X,Normale,Sans collision,,,,,,,,,,,1,2,2,1.0,7.0
201800053073,0018-07-14 12:55:00,18,7,14,12,55,750,114,"268, BOULEVARD RASPAIL",48.8369,2.33145,Plein jour,En agglomération,Intersection en T,Normale,Deux véhicules - côté,,,,,,,,,,,1,2,3,1.0,3.0
201800053074,0018-07-15 11:40:00,18,7,15,11,40,750,115,"154, RUE DE VAUGIRARD",48.8436,2.31464,Plein jour,En agglomération,Intersection en T,Normale,Deux véhicules - arrière,,,,,,,,,,,1,2,3,1.0,2.0
201800053075,0018-07-15 20:05:00,18,7,15,20,5,750,115,"20, BOULEVARD PASTEUR",48.8429,2.31236,Plein jour,En agglomération,Intersection en X,Normale,Deux véhicules - côté,,,,,,,,,,,1,2,2,1.0,3.0
201800053076,0018-07-16 04:15:00,18,7,16,4,15,750,115,RUE DU COMMERCE,48.8462,2.29514,Nuit avec éclairage allumé,En agglomération,Intersection en X,Normale,Deux véhicules - côté,,,,,,,,,,,5,2,2,1.0,3.0
201800053077,0018-07-17 20:35:00,18,7,17,20,35,750,115,BOULEVARD LEFEBVRE,48.83,2.28,Plein jour,En agglomération,Hors intersection,Normale,Autre collision,,,,,,,,,,,1,2,1,1.0,6.0
201800053078,0018-07-17 13:20:00,18,7,17,13,20,750,115,BOULEVARD LEFEBVRE,48.83254,2.28901,Plein jour,En agglomération,Hors intersection,Normale,Sans collision,,,,,,,,,,,1,2,1,1.0,7.0
201800053079,0018-07-21 17:30:00,18,7,21,17,30,750,115,PLACE DU MOULIN DE JAVEL,48.84047,2.27169,Plein jour,En agglomération,Place,Normale,Deux véhicules - côté,,,,,,,,,,,1,2,7,1.0,3.0
201800053080,0018-07-23 09:50:00,18,7,23,9,50,750,115,RUE DE LA FEDERATION,48.85274,2.29826,Plein jour,En agglomération,Intersection en T,Temps éblouissant,Autre collision,,,,,,,,,,,1,2,3,7.0,6.0
201800053081,0018-07-24 09:45:00,18,7,24,9,45,750,115,BOULEVARD LEFEBVRE,48.8329,2.28847,Plein jour,En agglomération,Intersection en T,Normale,Deux véhicules - côté,,,,,,,,,,,1,2,3,1.0,3.0
201800053082,0018-07-24 19:35:00,18,7,24,19,35,750,115,RUE DE LA CROIX NIVERT,42.83418,2.28988,Plein jour,En agglomération,Intersection en Y,Normale,Sans collision,,,,,,,,,,,1,2,4,1.0,7.0
201800053083,0018-07-28 12:10:00,18,7,28,12,10,750,115,RUE DE JAVEL,48.84476,2.28386,Plein jour,En agglomération,Intersection en X,Normale,Deux véhicules - côté,,,,,,,,,,,1,2,2,1.0,3.0
201800053084,0018-08-03 00:20:00,18,8,3,0,20,750,115,QUAI D ISSY LES MOULINEA,48.83595,2.267,Nuit avec éclairage allumé,En agglomération,Hors intersection,Normale,Deux véhicules - arrière,,,,,,,,,,,5,2,1,1.0,2.0
201800053085,0018-08-04 16:20:00,18,8,4,16,20,750,115,RUE LAKANAL,48.84402,2.295,Plein jour,En agglomération,Hors intersection,Normale,Autre collision,,,,,,,,,,,1,2,1,1.0,6.0
201800053086,0018-08-04 17:45:00,18,8,4,17,45,750,115,RUE CAMBRONNE,48.84494,2.30208,Plein jour,En agglomération,Hors intersection,Normale,Deux véhicules - côté,,,,,,,,,,,1,2,1,1.0,3.0
201800053087,0018-08-05 16:20:00,18,8,5,16,20,750,115,PLACE BALARD,48.8365,2.27849,Plein jour,En agglomération,Place,Normale,Autre collision,,,,,,,,,,,1,2,7,1.0,6.0
201800053088,0018-08-06 18:40:00,18,8,6,18,40,750,107,BOULEVARD SAINT GERMAIN,48.85,2.34,Plein jour,En agglomération,Intersection en X,Normale,Sans collision,,,,,,,,,,,1,2,2,1.0,7.0
201800053089,0018-08-09 10:05:00,18,8,9,10,5,750,115,BOULEVARD DE GRENELLE,48.85,2.29,Plein jour,En agglomération,Hors intersection,Pluie légère,Autre collision,,,,,,,,,,,1,2,1,2.0,6.0
201800053090,0018-08-09 13:50:00,18,8,9,13,50,750,115,BOULEVARD LEFEBVRE,48.83105,2.29227,Plein jour,En agglomération,Intersection en X,Pluie légère,Deux véhicules - côté,,,,,,,,,,,1,2,2,2.0,3.0
201800053091,0018-08-10 11:20:00,18,8,10,11,20,750,115,BOULEVARD LEFEBVRE,48.8282,2.30245,Plein jour,En agglomération,Hors intersection,Normale,Deux véhicules - arrière,,,,,,,,,,,1,2,1,1.0,2.0
201800053092,0018-08-12 21:30:00,18,8,12,21,30,750,115,QUAI ANDRE CITROEN,48.84046,2.27216,Nuit avec éclairage allumé,En agglomération,Intersection en X,Normale,Deux véhicules - arrière,,,,,,,,,,,5,2,2,1.0,2.0
201800053093,0018-08-13 02:49:00,18,8,13,2,49,750,115,RUE DE L ARRIVEE,48.844,2.32256,Nuit avec éclairage allumé,En agglomération,Intersection en Y,Pluie légère,Autre collision,,,,,,,,,,,5,2,4,2.0,6.0
201800053094,0018-08-13 20:45:00,18,8,13,20,45,750,115,RUE DES MORILLONS,48.83448,2.29568,Plein jour,En agglomération,Intersection en X,Normale,Deux véhicules - côté,,,,,,,,,,,1,2,2,1.0,3.0
201800053095,0018-08-15 06:55:00,18,8,15,6,55,750,115,PLACE DU DIX HUIT JUIN 1,48.84345,2.3237,Crépuscule ou aube,En agglomération,Place,Normale,Autre collision,,,,,,,,,,,2,2,7,1.0,6.0
201800053096,0018-08-18 16:30:00,18,8,18,16,30,750,115,AVENUE EMILE ZOLA,48.84647,2.28528,Plein jour,En agglomération,Intersection à plus de 4 branches,Normale,Autre collision,,,,,,,,,,,1,2,5,1.0,6.0
201800053097,0018-08-20 15:30:00,18,8,20,15,30,750,115,RUE CAMBRONNE,48.8435,2.30213,Plein jour,En agglomération,Intersection en T,Normale,Autre collision,,,,,,,,,,,1,2,3,1.0,6.0
201800053098,0018-08-21 18:45:00,18,8,21,18,45,750,107,RUE DE SEVRES,48.85046,2.32493,Plein jour,En agglomération,Intersection en T,Temps couvert,Deux véhicules - côté,,,,,,,,,,,1,2,3,8.0,3.0
201800053099,0018-08-22 09:10:00,18,8,22,9,10,750,115,BOULEVARD LEFEBVRE,48.82823,2.3031,Plein jour,En agglomération,Intersection en T,Normale,Sans collision,,,,,,,,,,,1,2,3,1.0,7.0
201800053100,0018-08-22 20:00:00,18,8,22,20,0,750,115,RUE DE L ARRIVEE,48.84376,2.3222,Crépuscule ou aube,En agglomération,Place,Normale,Autre collision,,,,,,,,,,,2,2,7,1.0,6.0
201800053101,0018-08-24 16:45:00,18,8,24,16,45,750,115,AVENUE ALBERT BARTHOLOME,48.82815,2.29783,Plein jour,En agglomération,Hors intersection,Normale,Autre collision,,,,,,,,,,,1,2,1,1.0,6.0
201800053102,0018-08-29 05:50:00,18,8,29,5,50,750,115,RUE BRANCION,48.83468,2.30515,Nuit avec éclairage allumé,En agglomération,Intersection en X,Pluie légère,Deux véhicules - côté,,,,,,,,,,,5,2,2,2.0,3.0
201800053103,0018-08-29 13:30:00,18,8,29,13,30,750,115,BOULEVARD DU MONTPARNASS,48.84546,2.31925,Plein jour,En agglomération,Intersection en X,Pluie légère,Autre collision,,,,,,,,,,,1,2,2,2.0,6.0
201800053104,0018-09-02 18:05:00,18,9,2,18,5,750,115,BOULEVARD DE VAUGIRARD,48.84166,2.31889,Plein jour,En agglomération,Hors intersection,Normale,Deux véhicules - côté,,,,,,,,,,,1,2,1,1.0,3.0
201800053105,0018-09-05 11:30:00,18,9,5,11,30,750,115,RUE DE DANTZIG,48.83322,2.29834,Plein jour,En agglomération,Hors intersection,Normale,Autre collision,,,,,,,,,,,1,2,1,1.0,6.0