accident_id,datetime,annee,mois,jour,heure,minute,departement,commune_insee,adresse,latitude,longitude,luminosite,agglomeration,intersection,meteo,collision,nb_vehicules,nb_usagers,nb_indemnes,nb_tues,nb_blesses_hosp,nb_blesses_legers,age_cond_1,age_cond_2,veh_type_cond_1,veh_type_cond_2,lum_code,agg_code,int_code,atm_code,col_code
201800053106,0018-09-06 16:10:00,18,9,6,16,10,750,115,ALLEE DES FRERES VOISIN,48.82815,2.2718,Plein jour,En agglomération,Hors intersection,Normale,Deux véhicules - côté,,,,,,,,,,,1,2,1,1.0,3.0
201800053107,0018-09-06 17:35:00,18,9,6,17,35,750,115,PLACE DE LA PORTE DE VER,48.83224,2.28892,Plein jour,En agglomération,Hors intersection,Normale,Deux véhicules - arrière,,,,,,,,,,,1,2,1,1.0,2.0
201800053108,0018-09-08 16:10:00,18,9,8,16,10,750,115,RUE DE LA CONVENTION,48.83922,2.29199,Plein jour,En agglomération,Intersection en X,Normale,Deux véhicules - côté,,,,,,,,,,,1,2,2,1.0,3.0
201800053109,0018-09-09 09:18:00,18,9,9,9,18,750,115,BOULEVARD DE GRENELLE,48.85037,2.29309,Plein jour,En agglomération,Hors intersection,Normale,Autre collision,,,,,,,,,,,1,2,1,1.0,6.0
201800053110,0018-09-11 10:00:00,18,9,11,10,0,750,115,QUAI BRANLY,48.85521,2.28931,Plein jour,En agglomération,Intersection en T,Normale,Autre collision,,,,,,,,,,,1,2,3,1.0,6.0
201800053111,0018-09-11 09:15:00,18,9,11,9,15,750,115,QUAI BRANLY,48.8545,2.2886,Plein jour,En agglomération,Intersection en X,Normale,Deux véhicules - côté,,,,,,,,,,,1,2,2,1.0,3.0
201800053112,0018-09-11 15:00:00,18,9,11,15,0,750,107,AVENUE DU MARECHAL GALLI,48.85991,2.31303,Plein jour,En agglomération,Intersection en X,Normale,Deux véhicules - côté,,,,,,,,,,,1,2,2,1.0,3.0
201800053113,0018-09-12 23:20:00,18,9,12,23,20,750,115,AVENUE DE LA PORTE BRANC,48.82736,2.30106,Nuit avec éclairage allumé,En agglomération,Intersection en T,Normale,Deux véhicules - arrière,,,,,,,,,,,5,2,3,1.0,2.0
201800053114,0018-09-13 09:35:00,18,9,13,9,35,750,115,PORT DE JAVEL,48.84633,2.27663,Plein jour,En agglomération,Intersection en X,Pluie légère,Deux véhicules - côté,,,,,,,,,,,1,2,2,2.0,3.0
201800053115,0018-09-13 12:30:00,18,9,13,12,30,750,115,RUE OLIVIER DE SERRES,48.835,2.2961,Plein jour,En agglomération,Intersection en T,Normale,Deux véhicules - arrière,,,,,,,,,,,1,2,3,1.0,2.0
201800053116,0018-09-13 13:20:00,18,9,13,13,20,750,115,BOULEVARD GENERAL MARTIA,48.83678,2.27626,Crépuscule ou aube,En agglomération,Hors intersection,Temps couvert,Deux véhicules - arrière,,,,,,,,,,,2,2,1,8.0,2.0
201800053117,0018-09-13 17:50:00,18,9,13,17,50,750,115,QUAI ANDRE CITROEN,48.8402,2.27077,Plein jour,En agglomération,Hors intersection,Normale,Sans collision,,,,,,,,,,,1,2,1,1.0,7.0
201800053118,0018-09-15 00:15:00,18,9,15,0,15,750,115,AVENUE FELIX FAURE,48.83986,2.28489,Nuit avec éclairage allumé,En agglomération,Intersection en T,Normale,Deux véhicules - côté,,,,,,,,,,,5,2,3,1.0,3.0
201800053119,0018-09-16 23:40:00,18,9,16,23,40,750,115,BOULEVARD DES FRERES VOI,48.82801,2.27126,Nuit avec éclairage allumé,En agglomération,Hors intersection,Normale,Sans collision,,,,,,,,,,,5,2,1,1.0,7.0
201800053120,0018-09-17 08:00:00,18,9,17,8,0,750,115,RUE BRANCION,48.83213,2.30299,Plein jour,En agglomération,Intersection en X,Normale,Deux véhicules - côté,,,,,,,,,,,1,2,2,1.0,3.0
201800053121,0018-09-17 12:30:00,18,9,17,12,30,750,115,RUE CAMBRONNE,48.84175,2.30327,Plein jour,En agglomération,Intersection en X,Normale,Autre collision,,,,,,,,,,,1,2,2,1.0,6.0
201800053122,0018-09-18 14:30:00,18,9,18,14,30,750,115,RUE SAINT CHARLES,48.84997,2.28845,Plein jour,En agglomération,Intersection en X,Pluie légère,Deux véhicules - côté,,,,,,,,,,,1,2,2,2.0,3.0
201800053123,0018-09-20 21:25:00,18,9,20,21,25,750,115,RUE DE LA CONVENTION,48.84225,2.28558,Nuit avec éclairage allumé,En agglomération,Intersection en X,Normale,Autre collision,,,,,,,,,,,5,2,2,1.0,6.0
201800053124,0018-09-21 09:55:00,18,9,21,9,55,750,115,RUE BALARD,48.8463,2.28351,Plein jour,En agglomération,Intersection en T,Temps couvert,Sans collision,,,,,,,,,,,1,2,3,8.0,7.0
201800053125,0018-09-21 14:00:00,18,9,21,14,0,750,115,RUE DE STAEL,48.843,2.31,Plein jour,En agglomération,Hors intersection,Normale,Autre collision,,,,,,,,,,,1,2,1,1.0,6.0
201800053126,0018-09-25 15:40:00,18,9,25,15,40,750,115,QUAI ANDRE CITROEN,48.8459,2.2769,Plein jour,En agglomération,Intersection en X,Normale,Deux véhicules - côté,,,,,,,,,,,1,2,2,1.0,3.0
201800053127,0018-09-25 22:25:00,18,9,25,22,25,750,115,RUE DU PROFESSEUR FLORIA,48.83774,2.27526,Nuit avec éclairage allumé,En agglomération,Intersection en X,Normale,Autre collision,,,,,,,,,,,5,2,2,1.0,6.0
201800053128,0018-09-26 08:30:00,18,9,26,8,30,750,115,AVENUE FELIX FAURE,48.83819,2.28112,Plein jour,En agglomération,Hors intersection,Normale,Autre collision,,,,,,,,,,,1,2,1,1.0,6.0
201800053129,0018-09-26 10:15:00,18,9,26,10,15,750,115,QUAI DE GRENELLE,48.84934,2.28168,Plein jour,En agglomération,Intersection en X,Normale,Autre collision,,,,,,,,,,,1,2,2,1.0,6.0
201800053130,0018-09-28 15:45:00,18,9,28,15,45,750,115,RUE DE LOURMEL,48.84855,2.29054,Plein jour,En agglomération,Intersection en T,Normale,Autre collision,,,,,,,,,,,1,2,3,1.0,6.0
201800053131,0018-09-28 22:30:00,18,9,28,22,30,750,115,RUE LECOURBE,48.8385,2.2886,Nuit avec éclairage allumé,En agglomération,Intersection en T,Normale,Deux véhicules - côté,,,,,,,,,,,5,2,3,1.0,3.0
201800053132,0018-10-01 13:10:00,18,10,1,13,10,750,115,BOULEVARD DE GRENELLE,48.85032,2.29435,Plein jour,En agglomération,Intersection en T,Normale,Deux véhicules - côté,,,,,,,,,,,1,2,3,1.0,3.0
201800053133,0018-10-01 16:20:00,18,10,1,16,20,750,115,RUE LECOURBE,48.84078,2.29655,Plein jour,En agglomération,Hors intersection,Normale,Autre collision,,,,,,,,,,,1,2,1,1.0,6.0
201800053134,0018-10-01 21:30:00,18,10,1,21,30,750,115,BOULEVARD GARIBALDI,48.84597,2.30767,Nuit avec éclairage allumé,En agglomération,Hors intersection,Normale,Autre collision,,,,,,,,,,,5,2,1,1.0,6.0
201800053135,0018-10-03 19:30:00,18,10,3,19,30,750,115,RUE DE LOURMEL,48.83975,2.28314,Crépuscule ou aube,En agglomération,Intersection en T,Normale,Deux véhicules - côté,,,,,,,,,,,2,2,3,1.0,3.0
201800053136,0018-10-04 15:50:00,18,10,4,15,50,750,115,RUE DE VOUILLE,48.83471,2.30518,Plein jour,En agglomération,Intersection en X,Normale,Deux véhicules - côté,,,,,,,,,,,1,2,2,1.0,3.0
201800053137,0018-10-04 18:35:00,18,10,4,18,35,750,115,RUE CAMBRONNE,48.8405,2.3042,Plein jour,En agglomération,Hors intersection,Normale,Autre collision,,,,,,,,,,,1,2,1,1.0,6.0
201800053138,0018-10-05 10:10:00,18,10,5,10,10,750,115,RUE FRANCOIS BONVIN,48.84446,2.30591,Plein jour,En agglomération,Hors intersection,Normale,Deux véhicules - frontale,,,,,,,,,,,1,2,1,1.0,1.0
201800053139,0018-10-06 14:30:00,18,10,6,14,30,750,115,BOULEVARD DE GRENELLE,48.84986,2.29502,Plein jour,En agglomération,Intersection en X,Normale,Autre collision,,,,,,,,,,,1,2,2,1.0,6.0
201800053140,0018-10-08 09:00:00,18,10,8,9,0,750,115,PLACE DU DIX HUIT JUIN 1,48.84,2.32,Plein jour,En agglomération,Place,Normale,Deux véhicules - côté,,,,,,,,,,,1,2,7,1.0,3.0
201800053141,0018-10-09 13:26:00,18,10,9,13,26,750,115,QUAI ANDRE CITROEN,48.8459,2.2768,Plein jour,En agglomération,Intersection en X,Normale,Deux véhicules - côté,,,,,,,,,,,1,2,2,1.0,3.0
201800053142,0018-10-09 22:30:00,18,10,9,22,30,750,115,BOULEVARD PASTEUR,,,Nuit avec éclairage allumé,En agglomération,Intersection en X,Normale,Deux véhicules - arrière,,,,,,,,,,,5,2,2,1.0,2.0
201800053143,0018-10-11 13:20:00,18,10,11,13,20,750,115,RUE CAMBRONNE,48.84527,2.3022,Plein jour,En agglomération,Intersection en T,Normale,Autre collision,,,,,,,,,,,1,2,3,1.0,6.0
201800053144,0018-10-11 08:20:00,18,10,11,8,20,750,115,BOULEVARD PASTEUR,,,Plein jour,En agglomération,Hors intersection,Normale,Sans collision,,,,,,,,,,,1,2,1,1.0,7.0
201800053145,0018-10-12 19:20:00,18,10,12,19,20,750,115,RUE FRANCOIS MOUTHON,,,Nuit sans éclairage public,En agglomération,Intersection en T,Normale,Deux véhicules - côté,,,,,,,,,,,3,2,3,1.0,3.0
201800053146,0018-10-13 18:40:00,18,10,13,18,40,750,115,BOULEVARD LEFEBVRE,,,Crépuscule ou aube,En agglomération,Hors intersection,Normale,Deux véhicules - côté,,,,,,,,,,,2,2,1,1.0,3.0
201800053147,0018-10-15 19:50:00,18,10,15,19,50,750,115,RUE DE VAUGIRARD,48.83699,2.29614,Crépuscule ou aube,En agglomération,Intersection en X,Normale,Autre collision,,,,,,,,,,,2,2,2,1.0,6.0
201800053148,0018-10-16 14:25:00,18,10,16,14,25,750,115,RUE OSCAR ROTY,48.84243,2.28698,Plein jour,En agglomération,Intersection en T,Normale,Autre collision,,,,,,,,,,,1,2,3,1.0,6.0
201800053149,0018-10-17 11:45:00,18,10,17,11,45,750,115,RUE DE VAUGIRARD,48.84226,2.31043,Plein jour,En agglomération,Intersection en T,Normale,Autre collision,,,,,,,,,,,1,2,3,1.0,6.0
201800053150,0018-10-17 12:45:00,18,10,17,12,45,750,115,RUE LECOURBE,48.84453,2.309,Plein jour,En agglomération,Intersection en T,Normale,Deux véhicules - arrière,,,,,,,,,,,1,2,3,1.0,2.0
201800053151,0018-10-17 15:45:00,18,10,17,15,45,750,115,RUE PETEL,48.84142,2.29913,Plein jour,En agglomération,Intersection en X,Normale,Autre collision,,,,,,,,,,,1,2,2,1.0,6.0
201800053152,0018-10-17 13:30:00,18,10,17,13,30,750,115,RUE DE JAVEL,48.84527,2.2828,Plein jour,En agglomération,Hors intersection,Normale,Deux véhicules - côté,,,,,,,,,,,1,2,1,1.0,3.0
201800053153,0018-10-19 05:00:00,18,10,19,5,0,750,115,BOULEVARD GARIBALDI,48.84557,2.31047,Nuit avec éclairage allumé,En agglomération,Place,Normale,Autre collision,,,,,,,,,,,5,2,7,1.0,6.0
201800053154,0018-10-20 00:01:00,18,10,20,0,1,750,115,RUE DE VAUGIRARD,48.83794,2.29776,Nuit avec éclairage allumé,En agglomération,Intersection en X,Normale,Deux véhicules - côté,,,,,,,,,,,5,2,2,1.0,3.0
201800053155,0018-10-22 13:15:00,18,10,22,13,15,750,115,RUE DE LA CONVENTION,48.83758,2.29552,Plein jour,En agglomération,Hors intersection,Pluie légère,Autre collision,,,,,,,,,,,1,2,1,2.0,6.0
201800053156,0018-10-23 09:50:00,18,10,23,9,50,750,115,BOULEVARD PASTEUR,48.84105,2.31457,Plein jour,En agglomération,Intersection en T,Normale,Deux véhicules - côté,,,,,,,,,,,1,2,3,1.0,3.0
201800053157,0018-10-23 17:50:00,18,10,23,17,50,750,115,RUE PAUL BARRUEL,48.84009,2.30446,Crépuscule ou aube,En agglomération,Intersection en X,Normale,Autre collision,,,,,,,,,,,2,2,2,1.0,6.0
201800053158,0018-10-23 19:30:00,18,10,23,19,30,750,115,RUE CAMBRONNE,48.86379,2.30195,Nuit avec éclairage allumé,En agglomération,Intersection en T,Normale,Deux véhicules - côté,,,,,,,,,,,5,2,3,1.0,3.0
201800053159,0018-10-24 15:55:00,18,10,24,15,55,750,115,RUE OSCAR ROTY,48.84269,2.2863,Plein jour,En agglomération,Hors intersection,Normale,Autre collision,,,,,,,,,,,1,2,1,1.0,6.0
201800053160,0018-10-25 15:30:00,18,10,25,15,30,750,115,RUE DES ENTREPRENEURS,48.84533,2.28887,Plein jour,En agglomération,Hors intersection,Normale,Deux véhicules - côté,,,,,,,,,,,1,2,1,1.0,3.0
201800053161,0018-10-25 16:15:00,18,10,25,16,15,750,115,AVENUE DE LA PORTE DE SE,48.83412,2.2771,Plein jour,En agglomération,Intersection en X,Normale,Deux véhicules - côté,,,,,,,,,,,1,2,2,1.0,3.0
201800053162,0018-10-26 04:00:00,18,10,26,4,0,750,115,BOULEVARD DU MONTPARNASS,48.84589,2.31835,Nuit avec éclairage allumé,En agglomération,Hors intersection,Normale,Autre collision,,,,,,,,,,,5,2,1,1.0,6.0
201800053163,0018-10-26 07:20:00,18,10,26,7,20,750,115,RUE DE LA PORTE D ISSY,48.83413,2.28378,Nuit avec éclairage allumé,En agglomération,Intersection en X,Normale,Deux véhicules - frontale,,,,,,,,,,,5,2,2,1.0,1.0
201800053164,0018-10-26 17:15:00,18,10,26,17,15,750,115,AVENUE DE SUFFREN,48.8472,2.3073,Plein jour,En agglomération,Intersection en X,Temps couvert,Autre collision,,,,,,,,,,,1,2,2,8.0,6.0
201800053165,0018-10-26 20:30:00,18,10,26,20,30,750,115,RUE LECOURBE,48.84504,2.31065,Nuit sans éclairage public,En agglomération,Intersection en X,Pluie légère,Autre collision,,,,,,,,,,,3,2,2,2.0,6.0
201800053166,0018-10-26 21:40:00,18,10,26,21,40,750,115,RUE DE VOUILLE,48.83341,2.30987,Nuit avec éclairage allumé,En agglomération,Intersection en T,Normale,Deux véhicules - côté,,,,,,,,,,,5,2,3,1.0,3.0
201800053167,0018-10-27 09:40:00,18,10,27,9,40,750,115,RUE BLOMET,48.84,2.29,Plein jour,En agglomération,Hors intersection,Normale,Autre collision,,,,,,,,,,,1,2,1,1.0,6.0
201800053168,0018-10-27 11:30:00,18,10,27,11,30,750,115,RUE DU GENERAL GUILLAUMA,48.82,2.29,Plein jour,En agglomération,Intersection en X,Normale,Deux véhicules - côté,,,,,,,,,,,1,2,2,1.0,3.0
201800053169,0018-10-27 19:45:00,18,10,27,19,45,750,115,BOULEVARD VICTOR,48.836,2.277,Nuit avec éclairage allumé,En agglomération,Intersection en X,Normale,Deux véhicules - côté,,,,,,,,,,,5,2,2,1.0,3.0
201800053170,0018-10-30 15:10:00,18,10,30,15,10,750,115,RUE DE VAUGIRARD,48.83994,2.30302,Plein jour,En agglomération,Intersection en T,Pluie légère,Deux véhicules - côté,,,,,,,,,,,1,2,3,2.0,3.0
201800053171,0018-10-31 18:15:00,18,10,31,18,15,750,115,RUE DE VOUILLE,48.8348,2.30507,Nuit avec éclairage allumé,En agglomération,Intersection en X,Pluie légère,Autre collision,,,,,,,,,,,5,2,2,2.0,6.0
201800053172,0018-10-31 20:30:00,18,10,31,20,30,750,115,BOULEVARD DE VAUGIRARD,,,Nuit avec éclairage allumé,En agglomération,Intersection en T,Pluie légère,Deux véhicules - côté,,,,,,,,,,,5,2,3,2.0,3.0
201800053173,0018-11-01 20:00:00,18,11,1,20,0,750,115,BOULEVARD DE GRENELLE,48.83665,2.2968,Nuit avec éclairage allumé,En agglomération,Hors intersection,Pluie légère,Sans collision,,,,,,,,,,,5,2,1,2.0,7.0
201800053174,0018-11-04 18:15:00,18,11,4,18,15,750,115,QUAI DE GRENELLE,48.85211,2.28547,Nuit avec éclairage allumé,En agglomération,Hors intersection,Normale,Deux véhicules - arrière,,,,,,,,,,,5,2,1,1.0,2.0
201800053175,0018-11-05 09:30:00,18,11,5,9,30,750,115,ECHANGEUR ISSY,48.83579,2.27011,Plein jour,Hors agglomération,Intersection en Y,Normale,Deux véhicules - côté,,,,,,,,,,,1,1,4,1.0,3.0
201800053176,0018-11-06 02:58:00,18,11,6,2,58,750,115,RUE BRANCION,48.8,2.3,Nuit avec éclairage allumé,En agglomération,Intersection en X,Normale,Deux véhicules - côté,,,,,,,,,,,5,2,2,1.0,3.0
201800053177,0018-11-06 16:15:00,18,11,6,16,15,750,115,RUE DU DOCTEUR JACQUEMAI,48.84294,2.2981,Plein jour,En agglomération,Intersection en X,Temps couvert,Autre collision,,,,,,,,,,,1,2,2,8.0,6.0
201800053178,0018-11-08 07:00:00,18,11,8,7,0,750,115,RUE MAUBLANC,,,Nuit avec éclairage allumé,En agglomération,Intersection en T,Normale,Autre collision,,,,,,,,,,,5,2,3,1.0,6.0
201800053179,0018-11-08 17:05:00,18,11,8,17,5,750,115,AVENUE DE LA PORTE DE LA,48.82824,2.29229,Crépuscule ou aube,En agglomération,Intersection en T,Normale,Autre collision,,,,,,,,,,,2,2,3,1.0,6.0
201800053180,0018-11-09 11:00:00,18,11,9,11,0,750,115,RUE DU COMMERCE,,,Plein jour,En agglomération,Hors intersection,Normale,Autre collision,,,,,,,,,,,1,2,1,1.0,6.0
201800053181,0018-11-09 12:50:00,18,11,9,12,50,750,115,RUE DU COMMERCE,48.8461,2.2951,Plein jour,En agglomération,Intersection en X,Normale,Trois véhicules et plus - en chaîne,,,,,,,,,,,1,2,2,1.0,4.0
201800053182,0018-11-11 18:40:00,18,11,11,18,40,750,115,RUE CASTAGNARY,48.83126,2.30529,Nuit avec éclairage allumé,En agglomération,Intersection en T,Pluie légère,Autre collision,,,,,,,,,,,5,2,3,2.0,6.0
201800053183,0018-11-11 20:00:00,18,11,11,20,0,750,115,RUE DE LA CONVENTION,48.8,2.28,Nuit avec éclairage allumé,En agglomération,Intersection en X,Pluie légère,Deux véhicules - côté,,,,,,,,,,,5,2,2,2.0,3.0
201800053184,0018-11-12 00:05:00,18,11,12,0,5,750,115,RUE BLOMET,48.84183,2.30375,Nuit avec éclairage allumé,En agglomération,Intersection en X,Pluie légère,Autre collision,,,,,,,,,,,5,2,2,2.0,6.0
201800053185,0018-11-12 12:30:00,18,11,12,12,30,750,115,QUAI DE GRENELLE,48.85282,2.28649,Plein jour,En agglomération,Intersection en T,Pluie légère,Sans collision,,,,,,,,,,,1,2,3,2.0,7.0
201800053186,0018-11-13 15:00:00,18,11,13,15,0,750,115,RUE ROBERT DE FLERS,48.84901,2.28351,Crépuscule ou aube,En agglomération,Hors intersection,Normale,Autre collision,,,,,,,,,,,2,2,1,1.0,6.0
201800053187,0018-11-16 08:50:00,18,11,16,8,50,750,115,RUE FONDARY,48.85,2.29,Plein jour,En agglomération,Intersection en X,Temps couvert,Autre collision,,,,,,,,,,,1,2,2,8.0,6.0
201800053188,0018-11-16 15:55:00,18,11,16,15,55,750,115,RUE BALARD,48.84308,2.27752,Plein jour,En agglomération,Intersection en X,Temps couvert,Autre collision,,,,,,,,,,,1,2,2,8.0,6.0
201800053189,0018-11-17 21:40:00,18,11,17,21,40,750,115,QUAI DE GRENELLE,48.8521,2.286,Nuit avec éclairage allumé,En agglomération,Intersection en T,Normale,Deux véhicules - côté,,,,,,,,,,,5,2,3,1.0,3.0
201800053190,0018-11-19 09:30:00,18,11,19,9,30,750,115,RUE DE LA CONVENTION,48.83835,2.29386,Plein jour,En agglomération,Intersection en T,Normale,Autre collision,,,,,,,,,,,1,2,3,1.0,6.0
201800053191,0018-11-19 11:30:00,18,11,19,11,30,750,115,PLACE D ALLERAY,48.83635,2.30656,Plein jour,En agglomération,Place,Normale,Deux véhicules - côté,,,,,,,,,,,1,2,7,1.0,3.0
201800053192,0018-11-19 15:10:00,18,11,19,15,10,750,115,RUE DE L ARMORIQUE,,,Plein jour,En agglomération,Intersection en Y,Normale,Deux véhicules - côté,,,,,,,,,,,1,2,4,1.0,3.0
201800053193,0018-11-19 19:05:00,18,11,19,19,5,750,107,AVENUE DE LA MOTTE PICQU,48.85736,2.31002,Nuit avec éclairage allumé,En agglomération,Intersection en X,Normale,Deux véhicules - côté,,,,,,,,,,,5,2,2,1.0,3.0
201800053194,0018-11-20 10:10:00,18,11,20,10,10,750,115,RUE LEBLANC,48.83,2.27,Plein jour,En agglomération,Hors intersection,Pluie légère,Autre collision,,,,,,,,,,,1,2,1,2.0,6.0
201800053195,0018-11-22 11:30:00,18,11,22,11,30,750,115,RUE DE DANTZIG,,,Plein jour,En agglomération,Intersection en X,Normale,Deux véhicules - côté,,,,,,,,,,,1,2,2,1.0,3.0
201800053196,0018-11-22 19:35:00,18,11,22,19,35,750,115,AVENUE DE LA PORTE DE LA,48.83573,2.2923,Nuit avec éclairage allumé,En agglomération,Intersection en X,Normale,Deux véhicules - côté,,,,,,,,,,,5,2,2,1.0,3.0
201800053197,0018-11-25 14:55:00,18,11,25,14,55,750,115,BOULEVARD DE GRENELLE,48.848,2.298,Plein jour,En agglomération,Intersection en X,Pluie légère,Sans collision,,,,,,,,,,,1,2,2,2.0,7.0
201800053198,0018-11-26 20:38:00,18,11,26,20,38,750,115,QUAI DE GRENELLE,48.85,2.28,Nuit avec éclairage allumé,En agglomération,Intersection en X,Pluie légère,Deux véhicules - côté,,,,,,,,,,,5,2,2,2.0,3.0
201800053199,0018-11-27 20:30:00,18,11,27,20,30,750,115,RUE LINOIS,48.84814,2.28364,Nuit avec éclairage allumé,En agglomération,Intersection en X,Pluie légère,Autre collision,,,,,,,,,,,5,2,2,2.0,6.0
201800053200,0018-11-29 09:45:00,18,11,29,9,45,750,115,RUE DE L EGLISE,48.84457,2.28705,Plein jour,En agglomération,Intersection en X,Temps couvert,Deux véhicules - côté,,,,,,,,,,,1,2,2,8.0,3.0
201800053201,0018-12-03 17:01:00,18,12,3,17,1,750,115,BOULEVARD PASTEUR,48.84071,2.31492,Crépuscule ou aube,En agglomération,Intersection en X,Temps couvert,Autre collision,,,,,,,,,,,2,2,2,8.0,6.0
201800053202,0018-12-03 22:30:00,18,12,3,22,30,750,115,AVENUE FELIX FAURE,48.84028,2.28594,Nuit avec éclairage allumé,En agglomération,Intersection en X,Normale,Deux véhicules - côté,,,,,,,,,,,5,2,2,1.0,3.0
201800053203,0018-12-04 07:30:00,18,12,4,7,30,750,115,AVENUE DU MAINE,,,Nuit avec éclairage allumé,En agglomération,Intersection en X,Pluie forte,Autre collision,,,,,,,,,,,5,2,2,3.0,6.0
201800053204,0018-12-04 20:30:00,18,12,4,20,30,750,115,AVENUE FELIX FAURE,48.8,2.28,Nuit avec éclairage allumé,En agglomération,Intersection en X,Normale,Autre collision,,,,,,,,,,,5,2,2,1.0,6.0
201800053205,0018-12-06 16:40:00,18,12,6,16,40,750,115,QUAI DE GRENELLE,48.84,2.28,Nuit avec éclairage allumé,En agglomération,Intersection en X,Normale,Autre collision,,,,,,,,,,,5,2,2,1.0,6.0
201800053206,0018-12-07 16:30:00,18,12,7,16,30,750,115,AVENUE FELIX FAURE,48.84,2.28,Plein jour,En agglomération,Intersection en T,Pluie légère,Autre collision,,,,,,,,,,,1,2,3,2.0,6.0
201800053207,0018-12-07 19:00:00,18,12,7,19,0,750,115,RUE BALARD,48.84,2.27,Nuit avec éclairage allumé,En agglomération,Hors intersection,Normale,Deux véhicules - côté,,,,,,,,,,,5,2,1,1.0,3.0
201800053208,0018-12-09 20:00:00,18,12,9,20,0,750,115,RUE DES ENTREPRENEURS,,,Nuit avec éclairage allumé,En agglomération,Intersection en T,Normale,Deux véhicules - côté,,,,,,,,,,,5,2,3,1.0,3.0
201800053209,0018-12-10 16:55:00,18,12,10,16,55,750,115,RUE DE VAUGIRARD,48.83,2.299,Crépuscule ou aube,En agglomération,Intersection en T,Normale,Autre collision,,,,,,,,,,,2,2,3,1.0,6.0
201800053210,0018-12-11 07:56:00,18,12,11,7,56,750,115,BOULEVARD PASTEUR,48.83984,2.31573,Crépuscule ou aube,En agglomération,Hors intersection,Normale,Autre collision,,,,,,,,,,,2,2,1,1.0,6.0
201800053211,0018-12-11 12:00:00,18,12,11,12,0,750,115,RUE LOUIS VICAT,48.82549,2.30051,Plein jour,En agglomération,Intersection en X,Temps couvert,Deux véhicules - côté,,,,,,,,,,,1,2,2,8.0,3.0
201800053212,0018-12-11 15:00:00,18,12,11,15,0,750,115,RUE LINOIS,,,Plein jour,En agglomération,Intersection en T,Normale,Autre collision,,,,,,,,,,,1,2,3,1.0,6.0
201800053213,0018-12-11 17:00:00,18,12,11,17,0,750,115,RUE LECOURBE,48.84,2.29,Nuit avec éclairage allumé,En agglomération,Intersection en X,Normale,Deux véhicules - arrière,,,,,,,,,,,5,2,2,1.0,2.0
201800053214,0018-12-12 20:45:00,18,12,12,20,45,750,115,RUE DE VOUILLE,48.83389,2.30823,Nuit avec éclairage allumé,En agglomération,Intersection en X,Temps couvert,Autre collision,,,,,,,,,,,5,2,2,8.0,6.0
201800053215,0018-12-14 22:55:00,18,12,14,22,55,750,115,RUE DUTOT,48.8394,2.3095,Nuit avec éclairage allumé,En agglomération,Intersection en X,Normale,Autre collision,,,,,,,,,,,5,2,2,1.0,6.0
201800053216,0018-12-17 15:30:00,18,12,17,15,30,750,115,RUE DE LA CONVENTION,48.8373,2.29626,Plein jour,En agglomération,Intersection en X,Normale,Autre collision,,,,,,,,,,,1,2,2,1.0,6.0
201800053217,0018-12-18 10:40:00,18,12,18,10,40,750,115,RUE DU PROFESSEUR FLORIA,48.83918,2.27182,Plein jour,En agglomération,Hors intersection,Normale,Trois véhicules et plus - collisions multiples,,,,,,,,,,,1,2,1,1.0,5.0
201800053218,0018-12-18 10:20:00,18,12,18,10,20,750,115,BOULEVARD GENERAL MARTIA,48.83762,2.27282,Plein jour,En agglomération,Hors intersection,Normale,Autre collision,,,,,,,,,,,1,2,1,1.0,6.0
201800053219,0018-12-20 14:00:00,18,12,20,14,0,750,115,BOULEVARD VICTOR,48.834,2.277,Plein jour,En agglomération,Intersection en X,Normale,Deux véhicules - côté,,,,,,,,,,,1,2,2,1.0,3.0
201800053220,0018-12-21 14:35:00,18,12,21,14,35,750,115,RUE DE LOURMEL,,,Plein jour,En agglomération,Hors intersection,Pluie légère,Deux véhicules - côté,,,,,,,,,,,1,2,1,2.0,3.0
201800053221,0018-12-21 20:35:00,18,12,21,20,35,750,115,BOULEVARD DE GRENELLE,48.84836,2.30091,Nuit avec éclairage allumé,En agglomération,Hors intersection,Temps couvert,Autre collision,,,,,,,,,,,5,2,1,8.0,6.0
201800053222,0018-12-25 19:10:00,18,12,25,19,10,750,115,RUE DE LA CROIX NIVERT,48.83692,2.28956,Nuit avec éclairage allumé,En agglomération,Hors intersection,Normale,Deux véhicules - arrière,,,,,,,,,,,5,2,1,1.0,2.0
201800053223,0018-12-26 08:20:00,18,12,26,8,20,750,115,AVENUE DE SUFFREN,48.84793,2.30522,Crépuscule ou aube,En agglomération,Intersection en Y,Normale,Deux véhicules - côté,,,,,,,,,,,2,2,4,1.0,3.0
201800053224,0018-12-30 13:50:00,18,12,30,13,50,750,115,QUAI ANDRE CITROEN,48.8491,2.2822,Plein jour,En agglomération,Place,Normale,Sans collision,,,,,,,,,,,1,2,7,1.0,7.0
201800053225,0018-12-31 17:00:00,18,12,31,17,0,750,115,AVENUE FELIX FAURE,48.83847,2.28231,Crépuscule ou aube,En agglomération,Intersection en X,Normale,Autre collision,,,,,,,,,,,2,2,2,1.0,6.0
201800053226,0018-12-31 21:00:00,18,12,31,21,0,750,115,PONT DE GRENELLE,48.8496,2.2809,Nuit avec éclairage allumé,En agglomération,Hors intersection,Normale,Deux véhicules - arrière,,,,,,,,,,,5,2,1,1.0,2.0
201800053227,0018-01-01 05:30:00,18,1,1,5,30,750,116,ALLEE DE LONGCHAMP,48.8689,2.25437,Nuit avec éclairage allumé,En agglomération,Intersection en Y,Normale,Autre collision,,,,,,,,,,,5,2,4,1.0,6.0