accident_id,datetime,annee,mois,jour,heure,minute,departement,commune_insee,adresse,latitude,longitude,luminosite,agglomeration,intersection,meteo,collision,nb_vehicules,nb_usagers,nb_indemnes,nb_tues,nb_blesses_hosp,nb_blesses_legers,age_cond_1,age_cond_2,veh_type_cond_1,veh_type_cond_2,lum_code,agg_code,int_code,atm_code,col_code
201800053347,0018-04-21 13:35:00,18,4,21,13,35,750,116,"30, AVENUE DE NEW YORK",48.863,2.2952,Plein jour,En agglomération,Intersection en T,Normale,Deux véhicules - arrière,,,,,,,,,,,1,2,3,1.0,2.0
201800053348,0018-04-25 01:00:00,18,4,25,1,0,750,116,"/, AVENUE MOZART",48.8573,2.27299,Nuit avec éclairage allumé,En agglomération,Intersection en X,Normale,Deux véhicules - côté,,,,,,,,,,,5,2,2,1.0,3.0
201800053349,0018-04-25 11:50:00,18,4,25,11,50,750,116,AVENUE FOCH,48.8737,2.29411,Plein jour,En agglomération,Place,Pluie légère,Deux véhicules - arrière,,,,,,,,,,,1,2,7,2.0,2.0
201800053350,0018-04-25 19:10:00,18,4,25,19,10,750,116,"83, AVENUE KLEBER",48.8647,2.28844,Plein jour,En agglomération,Hors intersection,Normale,Deux véhicules - côté,,,,,,,,,,,1,2,1,1.0,3.0
201800053351,0018-04-29 16:00:00,18,4,29,16,0,750,116,"108, BOULEVARD EXELMANS",48.8453,2.25866,Plein jour,En agglomération,Intersection en T,Normale,Deux véhicules - arrière,,,,,,,,,,,1,2,3,1.0,2.0
201800053352,0018-04-30 00:55:00,18,4,30,0,55,750,116,AVENUE KLEBER,48.8671,2.2902,Nuit avec éclairage allumé,En agglomération,Intersection en T,Pluie légère,Autre collision,,,,,,,,,,,5,2,3,2.0,6.0
201800053353,0018-05-01 20:00:00,18,5,1,20,0,750,116,RUE DURET,48.8739,2.28542,Plein jour,En agglomération,Intersection en X,Normale,Deux véhicules - côté,,,,,,,,,,,1,2,2,1.0,3.0
201800053354,0018-05-01 22:15:00,18,5,1,22,15,750,116,RUE DE LA POMPE,48.8595,2.27519,Nuit avec éclairage allumé,En agglomération,Intersection en X,Normale,Deux véhicules - côté,,,,,,,,,,,5,2,2,1.0,3.0
201800053355,0018-05-03 09:20:00,18,5,3,9,20,750,116,"103, BOULEVARD DE MONTMO",48.8483,2.26035,Plein jour,En agglomération,Intersection en X,Normale,Deux véhicules - côté,,,,,,,,,,,1,2,2,1.0,3.0
201800053356,0018-05-03 09:25:00,18,5,3,9,25,750,116,VOIE GEORGES POMPIDOU,48.8527,2.2814,Plein jour,En agglomération,Hors intersection,Normale,Deux véhicules - côté,,,,,,,,,,,1,2,1,1.0,3.0
201800053357,0018-05-03 12:00:00,18,5,3,12,0,750,116,"22, AVENUE BUGEAUD",48.8703,2.28218,Plein jour,En agglomération,Hors intersection,Normale,Deux véhicules - arrière,,,,,,,,,,,1,2,1,1.0,2.0
201800053358,0018-05-04 18:55:00,18,5,4,18,55,750,116,PLACE DU MARECHAL DE LAT,48.8721,2.27549,Plein jour,En agglomération,Place,Normale,Deux véhicules - côté,,,,,,,,,,,1,2,7,1.0,3.0
201800053359,0018-05-03 13:50:00,18,5,3,13,50,750,116,"13, RUE EUGENE DELACROIX",48.8626,2.27776,Plein jour,En agglomération,Hors intersection,Normale,Deux véhicules - côté,,,,,,,,,,,1,2,1,1.0,3.0
201800053360,0018-05-06 19:25:00,18,5,6,19,25,750,116,BOULEVARD PERIPHERIQUE I,48.8501,2.25229,Plein jour,En agglomération,Hors intersection,Normale,Deux véhicules - côté,,,,,,,,,,,1,2,1,1.0,3.0
201800053361,0018-05-09 13:30:00,18,5,9,13,30,750,116,ALLEE DE LONGCHAMP,48.8686,2.25354,Plein jour,En agglomération,Hors intersection,Normale,Deux véhicules - arrière,,,,,,,,,,,1,2,1,1.0,2.0
201800053362,0018-05-11 21:35:00,18,5,11,21,35,750,116,ROUTE DE LA PTE DES SABL,48.8788,2.27062,Nuit avec éclairage allumé,En agglomération,Intersection en X,Normale,Deux véhicules - arrière,,,,,,,,,,,5,2,2,1.0,2.0
201800053363,0018-05-13 21:38:00,18,5,13,21,38,750,116,PLACE DU TROCADERO ET DU,48.8634,2.2869,Nuit avec éclairage allumé,En agglomération,Place,Normale,Autre collision,,,,,,,,,,,5,2,7,1.0,6.0
201800053364,0018-05-17 17:50:00,18,5,17,17,50,750,116,AVENUE DE VERSAILLES,48.8474,2.27371,Plein jour,En agglomération,Intersection en X,Normale,Autre collision,,,,,,,,,,,1,2,2,1.0,6.0
201800053365,0018-05-18 14:20:00,18,5,18,14,20,750,116,"13, RUE GROS",48.8513,2.27662,Plein jour,En agglomération,Hors intersection,Normale,Autre collision,,,,,,,,,,,1,2,1,1.0,6.0
201800053366,0018-05-18 18:15:00,18,5,18,18,15,750,116,ALLEE DE LONGCHAMP,48.8715,2.26141,Plein jour,En agglomération,Hors intersection,Normale,Trois véhicules et plus - en chaîne,,,,,,,,,,,1,2,1,1.0,4.0
201800053367,0018-05-19 02:55:00,18,5,19,2,55,750,116,"52, AVENUE KLEBER",48.869,2.29155,Nuit avec éclairage allumé,En agglomération,Intersection à plus de 4 branches,Normale,Deux véhicules - côté,,,,,,,,,,,5,2,5,1.0,3.0
201800053368,0018-05-20 03:15:00,18,5,20,3,15,750,116,ROUTE DES MOULINS,48.8663,2.24156,Nuit avec éclairage allumé,En agglomération,Intersection en X,Normale,Autre collision,,,,,,,,,,,5,2,2,1.0,6.0
201800053369,0018-05-22 09:45:00,18,5,22,9,45,750,116,PORTE DE SAINT CLOUD,48.8353,2.26005,Plein jour,En agglomération,Intersection en Y,Normale,Deux véhicules - côté,,,,,,,,,,,1,2,4,1.0,3.0
201800053370,0018-05-22 10:30:00,18,5,22,10,30,750,117,"/, PLACE DE LA PORTE MAI",48.8783,2.28321,Plein jour,En agglomération,Hors intersection,Normale,Autre collision,,,,,,,,,,,1,2,1,1.0,6.0
201800053371,0018-05-23 02:20:00,18,5,23,2,20,750,116,ALLEE DE LA REINE MARGUE,48.8721,2.25381,Nuit avec éclairage allumé,En agglomération,Hors intersection,Normale,Sans collision,,,,,,,,,,,5,2,1,1.0,7.0
201800053372,0018-05-23 17:00:00,18,5,23,17,0,750,116,"46, AVENUE DU PRESIDENT",48.8545,2.28359,Plein jour,En agglomération,Intersection en T,Normale,Deux véhicules - côté,,,,,,,,,,,1,2,3,1.0,3.0
201800053373,0018-05-23 17:50:00,18,5,23,17,50,750,116,BOULEVARD SUCHET,48.853,2.26184,Plein jour,En agglomération,Intersection en X,Normale,Deux véhicules - côté,,,,,,,,,,,1,2,2,1.0,3.0
201800053374,0018-05-24 09:22:00,18,5,24,9,22,750,116,PLACE DU TROCADERO ET DU,48.8633,2.28666,Plein jour,En agglomération,Place,Normale,Deux véhicules - côté,,,,,,,,,,,1,2,7,1.0,3.0
201800053375,0018-05-25 17:40:00,18,5,25,17,40,750,116,"12, AVENUE KLEBER",48.8717,2.29346,Plein jour,En agglomération,Hors intersection,Pluie légère,Autre collision,,,,,,,,,,,1,2,1,2.0,6.0
201800053376,0018-05-25 16:10:00,18,5,25,16,10,750,116,ROUTE DE LA PTE DES SABL,48.8769,2.27626,Plein jour,En agglomération,Intersection en Y,Pluie légère,Deux véhicules - arrière,,,,,,,,,,,1,2,4,2.0,2.0
201800053377,0018-05-26 12:00:00,18,5,26,12,0,750,116,ROUTE DE LA PTE DAUPHINE,48.8729,2.27307,Plein jour,En agglomération,Hors intersection,Normale,Deux véhicules - côté,,,,,,,,,,,1,2,1,1.0,3.0
201800053378,0018-05-27 12:00:00,18,5,27,12,0,750,116,"38, AVENUE THEOPHILE GAU",48.8496,2.27142,Plein jour,En agglomération,Intersection en X,Normale,Autre collision,,,,,,,,,,,1,2,2,1.0,6.0
201800053379,0018-05-27 17:10:00,18,5,27,17,10,750,116,ALLEE DU BORD DE L EAU,48.8596,2.22785,Plein jour,En agglomération,Hors intersection,Normale,Deux véhicules - côté,,,,,,,,,,,1,2,1,1.0,3.0
201800053380,0018-05-28 10:20:00,18,5,28,10,20,750,116,"2, AVENUE DU PRESIDENT K",48.8579,2.28795,Plein jour,En agglomération,Intersection en T,Normale,Deux véhicules - côté,,,,,,,,,,,1,2,3,1.0,3.0
201800053381,0018-05-28 18:45:00,18,5,28,18,45,750,116,PLACE DE LA PORTE MAILLO,48.8774,2.28138,Crépuscule ou aube,En agglomération,Intersection en Y,Pluie forte,Deux véhicules - côté,,,,,,,,,,,2,2,4,3.0,3.0
201800053382,0018-05-28 20:25:00,18,5,28,20,25,750,116,RUE JEAN DE LA FONTAINE,48.8518,2.27393,Plein jour,En agglomération,Intersection en X,Pluie forte,Autre collision,,,,,,,,,,,1,2,2,3.0,6.0
201800053383,0018-05-29 22:10:00,18,5,29,22,10,750,116,VOIE GEORGES POMPIDOU,48.8398,2.26759,Nuit avec éclairage allumé,En agglomération,Hors intersection,Pluie forte,Deux véhicules - frontale,,,,,,,,,,,5,2,1,3.0,1.0
201800053384,0018-05-30 10:44:00,18,5,30,10,44,750,116,"2, ROUTE DES TRIBUNES",48.8618,2.23025,Plein jour,En agglomération,Place,Normale,Autre collision,,,,,,,,,,,1,2,7,1.0,6.0
201800053385,0018-05-30 13:30:00,18,5,30,13,30,750,116,"27, AVENUE BUGEAUD",48.8704,2.28175,Plein jour,En agglomération,Intersection en X,Normale,Deux véhicules - côté,,,,,,,,,,,1,2,2,1.0,3.0
201800053386,0018-05-31 12:00:00,18,5,31,12,0,750,116,"67, AVENUE KLEBER",48.8661,2.28945,Plein jour,En agglomération,Hors intersection,Normale,Deux véhicules - côté,,,,,,,,,,,1,2,1,1.0,3.0
201800053387,0018-05-31 11:55:00,18,5,31,11,55,750,116,"52, RUE BOISSIERE",48.8677,2.28838,Plein jour,En agglomération,Intersection en X,Normale,Deux véhicules - côté,,,,,,,,,,,1,2,2,1.0,3.0
201800053388,0018-06-01 12:30:00,18,6,1,12,30,750,116,AVENUE FOCH,48.8727,2.28452,Plein jour,En agglomération,Intersection en X,Normale,Deux véhicules - côté,,,,,,,,,,,1,2,2,1.0,3.0
201800053389,0018-06-01 15:50:00,18,6,1,15,50,750,116,"107, AVENUE VICTOR HUGO",48.8688,2.2833,Plein jour,En agglomération,Intersection en T,Pluie légère,Autre collision,,,,,,,,,,,1,2,3,2.0,6.0
201800053390,0018-06-04 14:40:00,18,6,4,14,40,750,116,ALLEE DU BORD DE L EAU,48.8702,2.23893,Plein jour,En agglomération,Hors intersection,Normale,Deux véhicules - frontale,,,,,,,,,,,1,2,1,1.0,1.0
201800053391,0018-06-04 21:30:00,18,6,4,21,30,750,116,PGE SOUTERR HENRI GAILLA,48.8696,2.27407,Nuit sans éclairage public,En agglomération,Intersection en Y,Normale,Autre collision,,,,,,,,,,,3,2,4,1.0,6.0
201800053392,0018-06-05 22:33:00,18,6,5,22,33,750,116,ALLEE DE LA REINE MARGUE,48.8678,2.25104,Nuit avec éclairage allumé,En agglomération,Intersection en X,Normale,Autre collision,,,,,,,,,,,5,2,2,1.0,6.0
201800053393,0018-06-06 13:10:00,18,6,6,13,10,750,116,AVENUE KLEBER,48.8716,2.29339,Plein jour,En agglomération,Hors intersection,Temps couvert,Trois véhicules et plus - collisions multiples,,,,,,,,,,,1,2,1,8.0,5.0
201800053394,0018-06-06 14:30:00,18,6,6,14,30,750,116,AVENUE DE MALAKOFF,48.8751,2.28395,Plein jour,En agglomération,Intersection en X,Normale,Autre collision,,,,,,,,,,,1,2,2,1.0,6.0
201800053395,0018-06-06 19:45:00,18,6,6,19,45,750,116,PLACE DE LA PORTE MAILLO,48.877,2.28307,Crépuscule ou aube,En agglomération,Place,Pluie légère,Deux véhicules - côté,,,,,,,,,,,2,2,7,2.0,3.0
201800053396,0018-06-06 19:20:00,18,6,6,19,20,750,116,"46, RUE DU DOCTEUR BLANC",48.853,2.2648,Plein jour,En agglomération,Intersection en Y,Pluie légère,Autre collision,,,,,,,,,,,1,2,4,2.0,6.0
201800053397,0018-06-07 17:00:00,18,6,7,17,0,750,116,VOIE GEORGES POMPIDOU,48.8515,2.27981,Plein jour,En agglomération,Hors intersection,Normale,Deux véhicules - côté,,,,,,,,,,,1,2,1,1.0,3.0
201800053398,0018-06-08 01:24:00,18,6,8,1,24,750,116,ALLEE DE LONGCHAMP,48.8678,2.25104,Nuit avec éclairage allumé,En agglomération,Intersection en X,Normale,Deux véhicules - côté,,,,,,,,,,,5,2,2,1.0,3.0
201800053399,0018-06-08 03:00:00,18,6,8,3,0,750,116,ROUTE DES MOULINS,48.8661,2.23625,Nuit avec éclairage allumé,En agglomération,Hors intersection,Normale,Autre collision,,,,,,,,,,,5,2,1,1.0,6.0
201800053400,0018-06-08 18:30:00,18,6,8,18,30,750,116,AVENUE FOCH,48.8714,2.27756,Plein jour,En agglomération,Place,Normale,Deux véhicules - côté,,,,,,,,,,,1,2,7,1.0,3.0
201800053401,0018-06-08 18:35:00,18,6,8,18,35,750,116,RUE DU COMMANDANT GUILBA,48.8423,2.25133,Plein jour,En agglomération,Place,Normale,Autre collision,,,,,,,,,,,1,2,7,1.0,6.0
201800053402,0018-06-08 19:55:00,18,6,8,19,55,750,116,"0, AVENUE MARCEAU",48.8685,2.29887,Plein jour,En agglomération,Intersection en T,Normale,Deux véhicules - côté,,,,,,,,,,,1,2,3,1.0,3.0
201800053403,0018-06-10 19:00:00,18,6,10,19,0,750,116,PLACE DU TROCADERO,48.8624,2.28699,Plein jour,En agglomération,Place,Pluie légère,Deux véhicules - côté,,,,,,,,,,,1,2,7,2.0,3.0
201800053404,0018-06-11 08:50:00,18,6,11,8,50,750,116,"58, RUE CHARDON LAGACHE",48.8428,2.26463,Plein jour,En agglomération,Hors intersection,Pluie légère,Autre collision,,,,,,,,,,,1,2,1,2.0,6.0
201800053405,0018-06-11 11:15:00,18,6,11,11,15,750,116,PLACE DU MARECHAL DE LAT,48.8721,2.27459,Plein jour,En agglomération,Place,Normale,Deux véhicules - arrière,,,,,,,,,,,1,2,7,1.0,2.0
201800053406,0018-06-13 09:30:00,18,6,13,9,30,750,116,PLACE DE LA PORTE DE SAI,48.8382,2.25636,Plein jour,En agglomération,Giratoire,Normale,Deux véhicules - arrière,,,,,,,,,,,1,2,6,1.0,2.0
201800053407,0018-06-13 14:05:00,18,6,13,14,5,750,116,ROUTE DE SURESNES,48.8708,2.27082,Plein jour,En agglomération,Hors intersection,Normale,Deux véhicules - côté,,,,,,,,,,,1,2,1,1.0,3.0
201800053408,0018-06-18 17:30:00,18,6,18,17,30,750,116,ALLEE DE LONGCHAMP,48.8749,2.27109,Plein jour,En agglomération,Intersection en X,Normale,Deux véhicules - côté,,,,,,,,,,,1,2,2,1.0,3.0
201800053409,0018-06-18 19:50:00,18,6,18,19,50,750,116,AVENUE VICTOR HUGO,48.8735,2.29423,Plein jour,En agglomération,Place,Normale,Deux véhicules - arrière,,,,,,,,,,,1,2,7,1.0,2.0
201800053410,0018-06-20 15:30:00,18,6,20,15,30,750,116,"116, BOULEVARD SUCHET",48.8509,2.26047,Plein jour,En agglomération,Intersection en T,Normale,Trois véhicules et plus - en chaîne,,,,,,,,,,,1,2,3,1.0,4.0
201800053411,0018-06-20 16:15:00,18,6,20,16,15,750,116,AVENUE BUGEAUD,48.8714,2.27756,Plein jour,En agglomération,Intersection en X,Normale,Deux véhicules - côté,,,,,,,,,,,1,2,2,1.0,3.0
201800053412,0018-06-21 14:30:00,18,6,21,14,30,750,116,"65, AVENUE PAUL DOUMER",48.86,2.28001,Plein jour,En agglomération,Hors intersection,Normale,Deux véhicules - arrière,,,,,,,,,,,1,2,1,1.0,2.0
201800053413,0018-06-21 17:30:00,18,6,21,17,30,750,116,"95, RUE MICHEL ANGE",48.84,2.25797,Plein jour,En agglomération,Hors intersection,Normale,Sans collision,,,,,,,,,,,1,2,1,1.0,7.0
201800053414,0018-06-21 17:35:00,18,6,21,17,35,750,116,"10, RUE POUSSIN",48.8489,2.26495,Plein jour,En agglomération,Hors intersection,Normale,Autre collision,,,,,,,,,,,1,2,1,1.0,6.0
201800053415,0018-06-21 18:10:00,18,6,21,18,10,750,116,"11, RUE DU GENERAL DELES",48.8427,2.25869,Plein jour,En agglomération,Hors intersection,Normale,Autre collision,,,,,,,,,,,1,2,1,1.0,6.0
201800053416,0018-06-21 23:00:00,18,6,21,23,0,750,116,AVENUE DE LA PORTE D AUT,48.8479,2.25663,Nuit avec éclairage allumé,En agglomération,Hors intersection,Normale,Sans collision,,,,,,,,,,,5,2,1,1.0,7.0
201800053417,0018-06-22 01:50:00,18,6,22,1,50,750,116,"12, AVENUE RAYMOND POINC",48.865,2.28649,Nuit sans éclairage public,En agglomération,Intersection en X,Normale,Deux véhicules - arrière,,,,,,,,,,,3,2,2,1.0,2.0
201800053418,0018-06-22 09:30:00,18,6,22,9,30,750,116,VOIE GEORGES POMPIDOU,48.8407,2.26819,Plein jour,Hors agglomération,Intersection en Y,Normale,Deux véhicules - arrière,,,,,,,,,,,1,1,4,1.0,2.0
201800053419,0018-06-22 18:00:00,18,6,22,18,0,750,116,BOULEVARD PERIPHERIQUE E,48.8656,2.26783,Plein jour,En agglomération,Intersection en Y,Normale,Deux véhicules - côté,,,,,,,,,,,1,2,4,1.0,3.0
201800053420,0018-06-22 17:10:00,18,6,22,17,10,750,116,"116, BOULEVARD SUCHET",48.8507,2.26035,Plein jour,En agglomération,Hors intersection,Normale,Autre collision,,,,,,,,,,,1,2,1,1.0,6.0
201800053421,0018-06-23 05:05:00,18,6,23,5,5,750,116,BOULEVARD LANNES,48.8669,2.27178,Crépuscule ou aube,En agglomération,Intersection en T,Normale,Deux véhicules - côté,,,,,,,,,,,2,2,3,1.0,3.0
201800053422,0018-06-24 04:14:00,18,6,24,4,14,750,116,AVENUE GEORGES MANDEL,48.863,2.28643,Nuit avec éclairage allumé,En agglomération,Place,Normale,Autre collision,,,,,,,,,,,5,2,7,1.0,6.0
201800053423,0018-06-26 08:45:00,18,6,26,8,45,750,116,BOULEVARD PERIPHERIQUE I,48.8535,2.25349,Plein jour,En agglomération,Hors intersection,Normale,Deux véhicules - côté,,,,,,,,,,,1,2,1,1.0,3.0
201800053424,0018-06-26 18:15:00,18,6,26,18,15,750,116,ALLEE DE LA REINE MARGUE,48.854,2.24181,Plein jour,En agglomération,Hors intersection,Normale,Deux véhicules - arrière,,,,,,,,,,,1,2,1,1.0,2.0
201800053425,0018-06-26 19:30:00,18,6,26,19,30,750,116,"27, AVENUE DE LA GRANDE",48.8753,2.29023,Plein jour,En agglomération,Hors intersection,Normale,Deux véhicules - côté,,,,,,,,,,,1,2,1,1.0,3.0
201800053426,0018-06-28 11:00:00,18,6,28,11,0,750,116,PLACE DE LA PORTE MAILLO,48.8771,2.28197,Plein jour,En agglomération,Hors intersection,Normale,Deux véhicules - côté,,,,,,,,,,,1,2,1,1.0,3.0
201800053427,0018-06-30 19:35:00,18,6,30,19,35,750,116,RUE NUNGESSER ET COLI,48.8446,2.2521,Plein jour,En agglomération,Intersection en X,Normale,Deux véhicules - côté,,,,,,,,,,,1,2,2,1.0,3.0
201800053428,0018-07-01 03:30:00,18,7,1,3,30,750,116,"58, AVENUE KLEBER",48.8685,2.29121,Nuit avec éclairage allumé,En agglomération,Hors intersection,Normale,Autre collision,,,,,,,,,,,5,2,1,1.0,6.0
201800053429,0018-07-01 14:50:00,18,7,1,14,50,750,116,"2, ROUTE DES TRIBUNES",48.862,2.23043,Plein jour,En agglomération,Hors intersection,Normale,Deux véhicules - arrière,,,,,,,,,,,1,2,1,1.0,2.0
201800053430,0018-07-03 10:35:00,18,7,3,10,35,750,116,"2, ROUTE DES TRIBUNES",48.8618,2.23025,Plein jour,En agglomération,Intersection en T,Normale,Autre collision,,,,,,,,,,,1,2,3,1.0,6.0
201800053431,0018-07-03 07:30:00,18,7,3,7,30,750,116,ROUTE DES LACS A PASSY,48.8577,2.26351,Plein jour,En agglomération,Intersection en X,Normale,Deux véhicules - côté,,,,,,,,,,,1,2,2,1.0,3.0
201800053432,0018-07-03 23:30:00,18,7,3,23,30,750,116,ROUTE DES LACS A PASSY,48.8581,2.26188,Nuit avec éclairage allumé,En agglomération,Hors intersection,Normale,Deux véhicules - côté,,,,,,,,,,,5,2,1,1.0,3.0
201800053433,0018-07-04 00:01:00,18,7,4,0,1,750,116,ROUTE DE SEVRES A NEUILL,48.8663,2.24156,Nuit sans éclairage public,En agglomération,Intersection en Y,Normale,Sans collision,,,,,,,,,,,3,2,4,1.0,7.0
201800053434,0018-07-04 13:35:00,18,7,4,13,35,750,116,AVENUE FOCH,48.8727,2.28452,Plein jour,En agglomération,Intersection en X,Normale,Deux véhicules - côté,,,,,,,,,,,1,2,2,1.0,3.0
201800053435,0018-07-04 21:00:00,18,7,4,21,0,750,116,ALLEE DE LONGCHAMP,48.8678,2.25104,Plein jour,En agglomération,Intersection en X,Normale,Deux véhicules - côté,,,,,,,,,,,1,2,2,1.0,3.0
201800053436,0018-07-06 09:55:00,18,7,6,9,55,750,116,PLACE D IENA,48.8645,2.29343,Plein jour,En agglomération,Giratoire,Normale,Deux véhicules - côté,,,,,,,,,,,1,2,6,1.0,3.0
201800053437,0018-07-06 10:00:00,18,7,6,10,0,750,116,VOIE GEORGES POMPIDOU,48.8529,2.28159,Plein jour,En agglomération,Intersection en Y,Normale,Deux véhicules - côté,,,,,,,,,,,1,2,4,1.0,3.0
201800053438,0018-07-07 00:10:00,18,7,7,0,10,750,116,"89, AVENUE DE LA GRANDE",48.8773,2.284,Nuit avec éclairage allumé,En agglomération,Hors intersection,Normale,Autre collision,,,,,,,,,,,5,2,1,1.0,6.0
201800053439,0018-07-08 04:20:00,18,7,8,4,20,750,116,AVENUE DE LA GRANDE ARME,48.8772,2.28438,Nuit avec éclairage allumé,En agglomération,Hors intersection,Normale,Autre collision,,,,,,,,,,,5,2,1,1.0,6.0
201800053440,0018-07-08 16:25:00,18,7,8,16,25,750,116,ROUTE DE SURESNES,48.865,2.23445,Plein jour,En agglomération,Intersection à plus de 4 branches,Normale,Deux véhicules - côté,,,,,,,,,,,1,2,5,1.0,3.0
201800053441,0018-07-08 16:50:00,18,7,8,16,50,750,116,PLACE CHARLES DE GAULLE,48.8735,2.29423,Plein jour,En agglomération,Giratoire,Normale,Autre collision,,,,,,,,,,,1,2,6,1.0,6.0
201800053442,0018-07-08 17:20:00,18,7,8,17,20,750,116,ROUTE DE LA MUETTE A NEU,48.8745,2.26375,Plein jour,En agglomération,Hors intersection,Normale,Autre collision,,,,,,,,,,,1,2,1,1.0,6.0
201800053443,0018-07-09 09:50:00,18,7,9,9,50,750,116,"9, RUE DES PERCHAMPS",48.8483,2.26727,Plein jour,En agglomération,Intersection en X,Normale,Autre collision,,,,,,,,,,,1,2,2,1.0,6.0
201800053444,0018-07-09 12:25:00,18,7,9,12,25,750,116,BOULEVARD PERIPHERIQUE E,48.8413,2.25387,Plein jour,En agglomération,Hors intersection,Normale,Deux véhicules - arrière,,,,,,,,,,,1,2,1,1.0,2.0
201800053445,0018-07-13 10:30:00,18,7,13,10,30,750,116,ROUTE DE SEVRES A NEUILL,48.8543,2.2374,Plein jour,En agglomération,Hors intersection,Normale,Deux véhicules - arrière,,,,,,,,,,,1,2,1,1.0,2.0
201800053446,0018-07-14 19:30:00,18,7,14,19,30,750,116,"62, AVENUE GEORGES MANDE",48.8641,2.27801,Plein jour,En agglomération,Hors intersection,Normale,Deux véhicules - côté,,,,,,,,,,,1,2,1,1.0,3.0
201800053447,0018-07-15 18:45:00,18,7,15,18,45,750,116,"49, AVENUE MOZART",48.855,2.26971,Plein jour,En agglomération,Hors intersection,Normale,Autre collision,,,,,,,,,,,1,2,1,1.0,6.0
201800053448,0018-07-15 21:30:00,18,7,15,21,30,750,116,"107, AVENUE VICTOR HUGO",48.8688,2.28319,Plein jour,En agglomération,Hors intersection,Normale,Autre collision,,,,,,,,,,,1,2,1,1.0,6.0
201800053449,0018-07-16 17:10:00,18,7,16,17,10,750,116,"109, BOULEVARD MURAT",48.8388,2.25681,Plein jour,En agglomération,Hors intersection,Normale,Autre collision,,,,,,,,,,,1,2,1,1.0,6.0
201800053450,0018-07-15 18:55:00,18,7,15,18,55,750,116,"10, PLACE DU TROCADERO",48.8633,2.28666,Plein jour,En agglomération,Place,Normale,Autre collision,,,,,,,,,,,1,2,7,1.0,6.0
201800053451,0018-07-18 09:20:00,18,7,18,9,20,750,116,PLACE VICTOR HUGO,,,Plein jour,En agglomération,Place,Normale,Deux véhicules - côté,,,,,,,,,,,1,2,7,1.0,3.0
201800053452,0018-07-18 12:00:00,18,7,18,12,0,750,116,AVENUE PAUL DOUMER,48.8612,2.28348,Plein jour,En agglomération,Intersection en X,Normale,Deux véhicules - côté,,,,,,,,,,,1,2,2,1.0,3.0
201800053453,0018-07-18 15:15:00,18,7,18,15,15,750,116,RUE DUMONT D URVILLE,48.87,2.29,Plein jour,En agglomération,Intersection en Y,Normale,Deux véhicules - côté,,,,,,,,,,,1,2,4,1.0,3.0
201800053454,0018-07-19 20:50:00,18,7,19,20,50,750,116,ALLEE DE LA REINE MARGUE,,,Crépuscule ou aube,En agglomération,Hors intersection,Normale,Deux véhicules - côté,,,,,,,,,,,2,2,1,1.0,3.0
201800053455,0018-07-20 20:30:00,18,7,20,20,30,750,116,PLACE DE COLOMBIE,,,Crépuscule ou aube,En agglomération,Place,Pluie légère,Sans collision,,,,,,,,,,,2,2,7,2.0,7.0
201800053456,0018-07-21 11:50:00,18,7,21,11,50,750,116,AVENUE DE LA GRANDE ARME,48.87649,2.28546,Plein jour,En agglomération,Hors intersection,Normale,Autre collision,,,,,,,,,,,1,2,1,1.0,6.0
201800053457,0018-07-22 05:13:00,18,7,22,5,13,750,116,RUE RAYNOUARD,48.85,2.284,Nuit avec éclairage allumé,En agglomération,Hors intersection,Normale,Autre collision,,,,,,,,,,,5,2,1,1.0,6.0
201800053458,0018-07-23 15:20:00,18,7,23,15,20,750,116,PLACE D IENA,48.86497,2.29333,Plein jour,En agglomération,Place,Normale,Autre collision,,,,,,,,,,,1,2,7,1.0,6.0
201800053459,0018-07-24 00:01:00,18,7,24,0,1,750,116,AVENUE DU PRESIDENT KENN,48.85,2.28,Nuit avec éclairage allumé,En agglomération,Intersection en X,Normale,Deux véhicules - côté,,,,,,,,,,,5,2,2,1.0,3.0
201800053460,0018-07-24 09:50:00,18,7,24,9,50,750,116,PLACE DU CHANCELIER ADEN,,,Plein jour,En agglomération,Place,Normale,Autre collision,,,,,,,,,,,1,2,7,1.0,6.0
201800053461,0018-07-26 19:00:00,18,7,26,19,0,750,116,PLACE DE VARSOVIE,,,Plein jour,En agglomération,Place,Normale,Autre collision,,,,,,,,,,,1,2,7,1.0,6.0
201800053462,0018-07-27 17:20:00,18,7,27,17,20,750,116,PLACE CHARLES DE GAULLE,48.8731,2.29564,Plein jour,En agglomération,Place,Normale,Deux véhicules - côté,,,,,,,,,,,1,2,7,1.0,3.0
201800053463,0018-07-30 09:00:00,18,7,30,9,0,750,116,AVENUE FOCH,48.87384,2.29015,Plein jour,En agglomération,Intersection en Y,Normale,Deux véhicules - côté,,,,,,,,,,,1,2,4,1.0,3.0
201800053464,0018-07-31 15:20:00,18,7,31,15,20,750,116,AVENUE RAYMOND POINCARE,,,Plein jour,En agglomération,Hors intersection,Normale,Deux véhicules - arrière,,,,,,,,,,,1,2,1,1.0,2.0
201800053465,0018-07-31 18:35:00,18,7,31,18,35,750,116,ROUTE DE SEVRES A NEUILL,,,Plein jour,En agglomération,Hors intersection,Normale,Trois véhicules et plus - en chaîne,,,,,,,,,,,1,2,1,1.0,4.0
201800053466,0018-08-02 09:10:00,18,8,2,9,10,750,116,AVENUE PIERRE 1ER DE SER,48.86545,2.29575,Plein jour,En agglomération,Intersection en T,Normale,Deux véhicules - arrière,,,,,,,,,,,1,2,3,1.0,2.0
201800053467,0018-08-02 08:30:00,18,8,2,8,30,750,116,ROUTE DE SURESNES,48.86426,2.23575,Plein jour,En agglomération,Intersection en Y,Normale,Deux véhicules - côté,,,,,,,,,,,1,2,4,1.0,3.0
201800053468,0018-08-02 17:50:00,18,8,2,17,50,750,116,ALLEE DE LA REINE MARGUE,,,Plein jour,En agglomération,Intersection en T,Normale,Deux véhicules - arrière,,,,,,,,,,,1,2,3,1.0,2.0