accident_id,datetime,annee,mois,jour,heure,minute,departement,commune_insee,adresse,latitude,longitude,luminosite,agglomeration,intersection,meteo,collision,nb_vehicules,nb_usagers,nb_indemnes,nb_tues,nb_blesses_hosp,nb_blesses_legers,age_cond_1,age_cond_2,veh_type_cond_1,veh_type_cond_2,lum_code,agg_code,int_code,atm_code,col_code
201800053469,0018-08-03 11:55:00,18,8,3,11,55,750,116,AVENUE EDOUARD VAILLANT,,,Plein jour,En agglomération,Intersection en X,Normale,Autre collision,,,,,,,,,,,1,2,2,1.0,6.0
201800053470,0018-08-04 07:40:00,18,8,4,7,40,750,116,ALLEE DE LA REINE MARGUE,,,Crépuscule ou aube,En agglomération,Hors intersection,Normale,Trois véhicules et plus - collisions multiples,,,,,,,,,,,2,2,1,1.0,5.0
201800053471,0018-08-05 10:00:00,18,8,5,10,0,750,116,PLACE CHARLES DE GAULLE,,,Plein jour,En agglomération,Place,Normale,Autre collision,,,,,,,,,,,1,2,7,1.0,6.0
201800053472,0018-08-06 08:45:00,18,8,6,8,45,750,116,AVENUE DU PRESIDENT KENN,,,Plein jour,En agglomération,Hors intersection,Normale,Autre collision,,,,,,,,,,,1,2,1,1.0,6.0
201800053473,0018-08-06 11:45:00,18,8,6,11,45,750,116,ROUTE DES TRIBUNES,48.86195,2.23052,Plein jour,En agglomération,Intersection en Y,Normale,Deux véhicules - arrière,,,,,,,,,,,1,2,4,1.0,2.0
201800053474,0018-08-06 23:12:00,18,8,6,23,12,750,116,AVENUE KLEBER,,,Nuit avec éclairage allumé,En agglomération,Hors intersection,Autre,Autre collision,,,,,,,,,,,5,2,1,9.0,6.0
201800053475,0018-08-07 07:20:00,18,8,7,7,20,750,116,PORTE MAILLOT,,,Crépuscule ou aube,En agglomération,Intersection en Y,Normale,Deux véhicules - côté,,,,,,,,,,,2,2,4,1.0,3.0
201800053476,0018-08-09 16:00:00,18,8,9,16,0,750,116,AVENUE D IENA,,,Plein jour,En agglomération,Hors intersection,Pluie légère,Deux véhicules - arrière,,,,,,,,,,,1,2,1,2.0,2.0
201800053477,0018-08-10 19:15:00,18,8,10,19,15,750,116,AVENUE DU MAHATMA GANDHI,48.87704,2.26782,Plein jour,Hors agglomération,Hors intersection,Normale,Deux véhicules - côté,,,,,,,,,,,1,1,1,1.0,3.0
201800053478,0018-08-11 17:30:00,18,8,11,17,30,750,116,RUE DONIZETTI,48.84875,2.26475,Plein jour,En agglomération,Intersection en X,Normale,Autre collision,,,,,,,,,,,1,2,2,1.0,6.0
201800053479,0018-08-13 19:15:00,18,8,13,19,15,750,116,AVENUE DE LAMBALLE,,,Plein jour,En agglomération,Intersection en Y,Normale,Sans collision,,,,,,,,,,,1,2,4,1.0,7.0
201800053480,0018-08-14 18:30:00,18,8,14,18,30,750,116,RUE HENRI HEINE,48.851,2.2667,Plein jour,En agglomération,Intersection à plus de 4 branches,Normale,Autre collision,,,,,,,,,,,1,2,5,1.0,6.0
201800053481,0018-08-18 21:30:00,18,8,18,21,30,750,103,RUE DU TEMPLE,,,Crépuscule ou aube,En agglomération,Hors intersection,Normale,Autre collision,,,,,,,,,,,2,2,1,1.0,6.0
201800053482,0018-08-20 07:45:00,18,8,20,7,45,750,108,SOUTERRAIN ALMA,48.86,2.3,Plein jour,En agglomération,Hors intersection,Pluie légère,Deux véhicules - arrière,,,,,,,,,,,1,2,1,2.0,2.0
201800053483,0018-08-20 18:50:00,18,8,20,18,50,750,116,ROUTE DE SEVRES A NEUILL,,,Plein jour,En agglomération,Hors intersection,Normale,Deux véhicules - arrière,,,,,,,,,,,1,2,1,1.0,2.0
201800053484,0018-08-22 08:45:00,18,8,22,8,45,750,116,ALLEE DE LA REINE MARGUE,48.85444,2.24208,Plein jour,En agglomération,Hors intersection,Normale,Autre collision,,,,,,,,,,,1,2,1,1.0,6.0
201800053485,0018-08-22 23:25:00,18,8,22,23,25,750,116,PLACE TATTEGRAIN,43.86394,2.27203,Nuit avec éclairage allumé,En agglomération,Place,Normale,Deux véhicules - côté,,,,,,,,,,,5,2,7,1.0,3.0
201800053486,0018-08-23 21:35:00,18,8,23,21,35,750,116,AVENUE DE LA GRANDE ARME,,,Nuit avec éclairage allumé,En agglomération,Hors intersection,Normale,Deux véhicules - arrière,,,,,,,,,,,5,2,1,1.0,2.0
201800053487,0018-08-24 15:35:00,18,8,24,15,35,750,116,AVENUE FERDINAND BUISSON,,,Plein jour,En agglomération,Intersection en T,Temps couvert,Autre collision,,,,,,,,,,,1,2,3,8.0,6.0
201800053488,0018-08-24 19:30:00,18,8,24,19,30,750,116,RUE HENRY DE LA VAULX,48.8353,2.2584,Plein jour,En agglomération,Intersection en Y,Normale,Deux véhicules - côté,,,,,,,,,,,1,2,4,1.0,3.0
201800053489,0018-08-25 15:00:00,18,8,25,15,0,750,116,AVENUE DU PRESIDENT WILS,48.8648,2.2958,Plein jour,En agglomération,Intersection en T,Normale,Deux véhicules - arrière,,,,,,,,,,,1,2,3,1.0,2.0
201800053490,0018-08-25 19:00:00,18,8,25,19,0,750,116,AVENUE FOCH,48.8744,2.2966,Plein jour,En agglomération,Hors intersection,Normale,Deux véhicules - arrière,,,,,,,,,,,1,2,1,1.0,2.0
201800053491,0018-08-25 21:00:00,18,8,25,21,0,750,116,RUE DE REMUSAT,,,Nuit avec éclairage allumé,En agglomération,Intersection en X,Normale,Deux véhicules - côté,,,,,,,,,,,5,2,2,1.0,3.0
201800053492,0018-08-26 20:25:00,18,8,26,20,25,750,116,AVENUE D EYLAU,48.86,2.28,Crépuscule ou aube,En agglomération,Hors intersection,Normale,Deux véhicules - côté,,,,,,,,,,,2,2,1,1.0,3.0
201800053493,0018-08-28 08:30:00,18,8,28,8,30,750,116,AVENUE KLEBER,48.863,3.397,Plein jour,En agglomération,Place,Normale,Deux véhicules - côté,,,,,,,,,,,1,2,7,1.0,3.0
201800053494,0018-08-28 11:50:00,18,8,28,11,50,750,116,PLACE D IENA,,,Plein jour,En agglomération,Place,Normale,Deux véhicules - côté,,,,,,,,,,,1,2,7,1.0,3.0
201800053495,0018-08-30 01:32:00,18,8,30,1,32,750,115,PONT DE BIR HAKEIM,,,Nuit avec éclairage allumé,En agglomération,Intersection en T,Normale,Sans collision,,,,,,,,,,,5,2,3,1.0,7.0
201800053496,0018-09-01 08:55:00,18,9,1,8,55,750,116,CHEMIN DE CEINTURE DU LA,,,Plein jour,En agglomération,Hors intersection,Normale,Autre collision,,,,,,,,,,,1,2,1,1.0,6.0
201800053497,0018-09-03 16:30:00,18,9,3,16,30,750,116,PLACE DE LA PORTE DE SAI,48.8381,2.2576,Plein jour,En agglomération,Place,Normale,Deux véhicules - côté,,,,,,,,,,,1,2,7,1.0,3.0
201800053498,0018-09-04 11:45:00,18,9,4,11,45,750,116,AVENUE INGRES,,,Plein jour,En agglomération,Intersection en X,Temps couvert,Deux véhicules - côté,,,,,,,,,,,1,2,2,8.0,3.0
201800053499,0018-09-04 18:45:00,18,9,4,18,45,750,116,AVENUE VICTOR HUGO,,,Plein jour,En agglomération,Intersection en X,Normale,Deux véhicules - côté,,,,,,,,,,,1,2,2,1.0,3.0
201800053500,0018-09-05 17:00:00,18,9,5,17,0,750,116,AVENUE RAYMOND POINCARE,48.865,2.286,Plein jour,En agglomération,Intersection en X,Normale,Autre collision,,,,,,,,,,,1,2,2,1.0,6.0
201800053501,0018-09-05 18:50:00,18,9,5,18,50,750,108,RUE DU FAUBOURG SAINT HO,48.875,2.303,Plein jour,En agglomération,Intersection en T,Normale,Sans collision,,,,,,,,,,,1,2,3,1.0,7.0
201800053502,0018-09-05 22:50:00,18,9,5,22,50,750,116,ALLEE DE LA REINE MARGUE,48.86137,2.24667,Nuit avec éclairage allumé,En agglomération,Hors intersection,Normale,Deux véhicules - arrière,,,,,,,,,,,5,2,1,1.0,2.0
201800053503,0018-09-06 08:15:00,18,9,6,8,15,750,116,BOULEVARD PERIPHERIQUE I,48.84272,2.25413,Plein jour,En agglomération,Hors intersection,Normale,Autre collision,,,,,,,,,,,1,2,1,1.0,6.0
201800053504,0018-09-06 13:15:00,18,9,6,13,15,750,116,AVENUE RAYMOND POINCARE,48.86789,2.28571,Plein jour,En agglomération,Hors intersection,Normale,Deux véhicules - arrière,,,,,,,,,,,1,2,1,1.0,2.0
201800053505,0018-09-07 00:01:00,18,9,7,0,1,750,116,RUE DE LA POMPE,48.86572,2.22927,Nuit avec éclairage allumé,En agglomération,Hors intersection,Normale,Deux véhicules - côté,,,,,,,,,,,5,2,1,1.0,3.0
201800053506,0018-09-07 14:30:00,18,9,7,14,30,750,116,AVENUE KLEBER,48.87107,2.29323,Plein jour,En agglomération,Intersection en X,Normale,Autre collision,,,,,,,,,,,1,2,2,1.0,6.0
201800053507,0018-09-09 13:15:00,18,9,9,13,15,750,116,RUE D AUTEUIL,,,Plein jour,En agglomération,Hors intersection,Normale,Deux véhicules - côté,,,,,,,,,,,1,2,1,1.0,3.0
201800053508,0018-09-11 08:10:00,18,9,11,8,10,750,116,BOULEVARD PERIPHERIQUE I,,,Plein jour,Hors agglomération,Intersection en Y,Normale,Deux véhicules - côté,,,,,,,,,,,1,1,4,1.0,3.0
201800053509,0018-09-11 17:40:00,18,9,11,17,40,750,116,PLACE D IENA,48.86479,2.29295,Plein jour,En agglomération,Place,Normale,Autre collision,,,,,,,,,,,1,2,7,1.0,6.0
201800053510,0018-09-11 19:45:00,18,9,11,19,45,750,116,BOULEVARD SUCHET,48.85731,2.26474,Plein jour,En agglomération,Place,Normale,Deux véhicules - côté,,,,,,,,,,,1,2,7,1.0,3.0
201800053511,0018-09-12 10:20:00,18,9,12,10,20,750,116,RUE GERICAULT,48.84808,2.26304,Plein jour,En agglomération,Intersection en T,Normale,Autre collision,,,,,,,,,,,1,2,3,1.0,6.0
201800053512,0018-09-12 14:00:00,18,9,12,14,0,750,116,RUE DE LA TOUR,,,Plein jour,En agglomération,Hors intersection,Normale,Deux véhicules - arrière,,,,,,,,,,,1,2,1,1.0,2.0
201800053513,0018-09-12 18:50:00,18,9,12,18,50,750,116,AVENUE DE L HIPPODROME,,,Plein jour,En agglomération,Hors intersection,Normale,Autre collision,,,,,,,,,,,1,2,1,1.0,6.0
201800053514,0018-09-13 09:29:00,18,9,13,9,29,750,116,PLACE CLEMENT ADER,48.85145,2.27842,Plein jour,En agglomération,Place,Pluie légère,Deux véhicules - côté,,,,,,,,,,,1,2,7,2.0,3.0
201800053515,0018-09-13 10:45:00,18,9,13,10,45,750,117,BOULEVARD GOUVION SAINT,,,Plein jour,En agglomération,Intersection en X,Pluie légère,Autre collision,,,,,,,,,,,1,2,2,2.0,6.0
201800053516,0018-09-14 15:00:00,18,9,14,15,0,750,116,AVENUE FOCH,48.87268,2.28442,Plein jour,En agglomération,Intersection en X,Normale,Autre collision,,,,,,,,,,,1,2,2,1.0,6.0
201800053517,0018-09-14 14:45:00,18,9,14,14,45,750,116,RUE DE LA POMPE,,,Plein jour,En agglomération,Intersection en X,Normale,Autre collision,,,,,,,,,,,1,2,2,1.0,6.0
201800053518,0018-09-15 07:50:00,18,9,15,7,50,750,116,BOULEVARD DE BEAUSEJOUR,48.85654,2.26632,Plein jour,En agglomération,Intersection en T,Normale,Autre collision,,,,,,,,,,,1,2,3,1.0,6.0
201800053519,0018-09-15 14:10:00,18,9,15,14,10,750,116,ROUTE DE SURESNES,48.865,2.234,Plein jour,En agglomération,Intersection en X,Normale,Deux véhicules - arrière,,,,,,,,,,,1,2,2,1.0,2.0
201800053520,0018-09-16 06:09:00,18,9,16,6,9,750,116,AVENUE DE LA GRANDE ARME,48.87535,2.28926,Nuit avec éclairage allumé,En agglomération,Hors intersection,Normale,Deux véhicules - côté,,,,,,,,,,,5,2,1,1.0,3.0
201800053521,0018-09-16 10:20:00,18,9,16,10,20,750,116,ALLEE DU BORD DE L EAU,,,Plein jour,En agglomération,Hors intersection,Normale,Autre collision,,,,,,,,,,,1,2,1,1.0,6.0
201800053522,0018-09-18 11:22:00,18,9,18,11,22,750,116,AVENUE BUGEAUD,,,Plein jour,En agglomération,Hors intersection,Normale,Autre collision,,,,,,,,,,,1,2,1,1.0,6.0
201800053523,0018-09-18 16:50:00,18,9,18,16,50,750,116,AVENUE PAUL DOUMER,48.859,2.278,Plein jour,En agglomération,Hors intersection,Normale,Autre collision,,,,,,,,,,,1,2,1,1.0,6.0
201800053524,0018-09-18 17:50:00,18,9,18,17,50,750,116,AVENUE BUGEAUD,,,Plein jour,En agglomération,Intersection en Y,Normale,Deux véhicules - frontale,,,,,,,,,,,1,2,4,1.0,1.0
201800053525,0018-09-19 16:20:00,18,9,19,16,20,750,116,PLACE CLEMENT ADER,48.85164,2.2777,Plein jour,En agglomération,Place,Normale,Deux véhicules - côté,,,,,,,,,,,1,2,7,1.0,3.0
201800053526,0018-09-20 12:05:00,18,9,20,12,5,750,116,RUE LARGILLIERE,,,Plein jour,En agglomération,Hors intersection,Normale,Autre collision,,,,,,,,,,,1,2,1,1.0,6.0
201800053527,0018-09-20 11:50:00,18,9,20,11,50,750,116,PLACE DU TROCADERO ET DU,48.86,2.29,Plein jour,En agglomération,Place,Normale,Deux véhicules - côté,,,,,,,,,,,1,2,7,1.0,3.0
201800053528,0018-09-20 15:05:00,18,9,20,15,5,750,116,PLACE DU MARECHAL DE LAT,48.87202,2.27555,Plein jour,En agglomération,Place,Normale,Deux véhicules - côté,,,,,,,,,,,1,2,7,1.0,3.0
201800053529,0018-09-21 09:10:00,18,9,21,9,10,750,117,RUE RENNEQUIN,,,Plein jour,En agglomération,Intersection en X,Pluie légère,Autre collision,,,,,,,,,,,1,2,2,2.0,6.0
201800053530,0018-09-22 00:26:00,18,9,22,0,26,750,116,AVENUE FOCH,48.87271,2.2844,Nuit avec éclairage allumé,En agglomération,Intersection en X,Normale,Deux véhicules - côté,,,,,,,,,,,5,2,2,1.0,3.0
201800053531,0018-09-22 07:00:00,18,9,22,7,0,750,116,AVENUE DU PRESIDENT KENN,,,Nuit avec éclairage allumé,En agglomération,Intersection en T,Normale,Autre collision,,,,,,,,,,,5,2,3,1.0,6.0
201800053532,0018-09-23 14:00:00,18,9,23,14,0,750,116,AVENUE DE L HIPPODROME,48.8625,2.23825,Plein jour,En agglomération,Intersection en X,Pluie forte,Sans collision,,,,,,,,,,,1,2,2,3.0,7.0
201800053533,0018-09-24 18:50:00,18,9,24,18,50,750,116,RUE JEAN DE LA FONTAINE,48.85084,2.27149,Plein jour,En agglomération,Hors intersection,Normale,Autre collision,,,,,,,,,,,1,2,1,1.0,6.0
201800053534,0018-09-25 20:45:00,18,9,25,20,45,750,116,AVENUE DE LA PORTE DE SA,,,Nuit avec éclairage allumé,En agglomération,Intersection en X,Normale,Deux véhicules - côté,,,,,,,,,,,5,2,2,1.0,3.0
201800053535,0018-09-26 10:40:00,18,9,26,10,40,750,116,RUE DECAMPS,48.86473,2.28126,Plein jour,En agglomération,Intersection en Y,Normale,Autre collision,,,,,,,,,,,1,2,4,1.0,6.0
201800053536,0018-09-24 12:35:00,18,9,24,12,35,750,116,CARREFOUR DE LONGCHAMP,,,Plein jour,En agglomération,Intersection à plus de 4 branches,Normale,Deux véhicules - côté,,,,,,,,,,,1,2,5,1.0,3.0
201800053537,0018-09-27 15:03:00,18,9,27,15,3,750,116,CHEMIN DE CEINTURE DU LA,48.86304,2.26198,Plein jour,En agglomération,Hors intersection,Normale,Autre collision,,,,,,,,,,,1,2,1,1.0,6.0
201800053538,0018-09-28 04:05:00,18,9,28,4,5,750,116,BOULEVARD MURAT,48.85465,2.26874,Nuit avec éclairage allumé,En agglomération,Intersection en Y,Normale,Autre collision,,,,,,,,,,,5,2,4,1.0,6.0
201800053539,0018-09-28 16:00:00,18,9,28,16,0,750,116,AVENUE DE NEW YORK,48.86321,2.29615,Plein jour,En agglomération,Intersection en T,Normale,Deux véhicules - côté,,,,,,,,,,,1,2,3,1.0,3.0
201800053540,0018-09-28 16:30:00,18,9,28,16,30,750,116,AVENUE DE VERSAILLES,,,Plein jour,En agglomération,Hors intersection,Normale,Deux véhicules - frontale,,,,,,,,,,,1,2,1,1.0,1.0
201800053541,0018-09-28 18:00:00,18,9,28,18,0,750,116,BOULEVARD MURAT,,,Plein jour,En agglomération,Intersection en X,Normale,Deux véhicules - arrière,,,,,,,,,,,1,2,2,1.0,2.0
201800053542,0018-09-29 01:30:00,18,9,29,1,30,750,116,AVENUE DU PRESIDENT WILS,,,Nuit avec éclairage allumé,En agglomération,Intersection en T,Normale,Deux véhicules - côté,,,,,,,,,,,5,2,3,1.0,3.0
201800053543,0018-09-29 16:15:00,18,9,29,16,15,750,116,AVENUE PAUL DOUMER,,,Plein jour,En agglomération,Intersection en X,Temps éblouissant,Deux véhicules - côté,,,,,,,,,,,1,2,2,7.0,3.0
201800053544,0018-10-01 10:00:00,18,10,1,10,0,750,116,AVENUE DU PRESIDENT WILS,,,Plein jour,En agglomération,Hors intersection,Normale,Autre collision,,,,,,,,,,,1,2,1,1.0,6.0
201800053545,0018-10-01 10:00:00,18,10,1,10,0,750,116,AVENUE DU PRESIDENT KENN,,,Plein jour,En agglomération,Hors intersection,Normale,Deux véhicules - arrière,,,,,,,,,,,1,2,1,1.0,2.0
201800053546,0018-10-03 08:50:00,18,10,3,8,50,750,116,BOULEVARD THIERRY DE MAR,,,Plein jour,En agglomération,Hors intersection,Normale,Autre collision,,,,,,,,,,,1,2,1,1.0,6.0
201800053547,0018-10-04 11:05:00,18,10,4,11,5,750,116,AVENUE VICTOR HUGO,,,Plein jour,En agglomération,Hors intersection,Normale,Autre collision,,,,,,,,,,,1,2,1,1.0,6.0
201800053548,0018-10-04 17:29:00,18,10,4,17,29,750,116,AVENUE DU PARC DES PRINC,48.84235,2.2547,Plein jour,Hors agglomération,Intersection en X,Normale,Autre collision,,,,,,,,,,,1,1,2,1.0,6.0
201800053549,0018-10-04 18:50:00,18,10,4,18,50,750,116,AVENUE DU MARECHAL FAYOL,,,Crépuscule ou aube,En agglomération,Intersection en T,Normale,Deux véhicules - côté,,,,,,,,,,,2,2,3,1.0,3.0
201800053550,0018-10-05 16:30:00,18,10,5,16,30,750,116,BOULEVARD PERIPHERIQUE E,,,Plein jour,En agglomération,Intersection en Y,Normale,Deux véhicules - arrière,,,,,,,,,,,1,2,4,1.0,2.0
201800053551,0018-10-07 01:05:00,18,10,7,1,5,750,116,RUE LAURISTON,48.8691,2.28984,Nuit avec éclairage allumé,En agglomération,Intersection en X,Normale,Deux véhicules - côté,,,,,,,,,,,5,2,2,1.0,3.0
201800053552,0018-10-07 16:55:00,18,10,7,16,55,750,116,AVENUE DE NEW YORK,48.86369,2.29792,Plein jour,En agglomération,Hors intersection,Normale,Autre collision,,,,,,,,,,,1,2,1,1.0,6.0
201800053553,0018-10-10 12:35:00,18,10,10,12,35,750,116,ROUTE DES TRIBUNES,,,Plein jour,En agglomération,Hors intersection,Normale,Trois véhicules et plus - collisions multiples,,,,,,,,,,,1,2,1,1.0,5.0
201800053554,0018-10-10 14:47:00,18,10,10,14,47,750,116,AVENUE DE VERSAILLES,,,Plein jour,En agglomération,Intersection en T,Normale,Deux véhicules - côté,,,,,,,,,,,1,2,3,1.0,3.0
201800053555,0018-10-10 19:30:00,18,10,10,19,30,750,116,AVENUE KLEBER,,,Nuit avec éclairage allumé,En agglomération,Hors intersection,Normale,Autre collision,,,,,,,,,,,5,2,1,1.0,6.0
201800053556,0018-10-12 09:00:00,18,10,12,9,0,750,116,ROUTE DE SURESNES,,,Plein jour,En agglomération,Hors intersection,Normale,Deux véhicules - côté,,,,,,,,,,,1,2,1,1.0,3.0
201800053557,0018-10-12 09:55:00,18,10,12,9,55,750,108,PLACE DE LA CONCORDE,48.86381,2.32145,Plein jour,En agglomération,Place,Normale,Deux véhicules - arrière,,,,,,,,,,,1,2,7,1.0,2.0
201800053558,0018-10-13 16:20:00,18,10,13,16,20,750,117,AVENUE DE WAGRAM,48.87523,2.29588,Plein jour,En agglomération,Intersection en X,Normale,Autre collision,,,,,,,,,,,1,2,2,1.0,6.0
201800053559,0018-10-15 08:25:00,18,10,15,8,25,750,116,RUE BOISSIERE,48.86848,2.28721,Plein jour,En agglomération,Intersection en Y,Normale,Autre collision,,,,,,,,,,,1,2,4,1.0,6.0
201800053560,0018-10-15 08:30:00,18,10,15,8,30,750,116,ALLEE DE LONGCHAMP,,,Plein jour,En agglomération,Intersection en X,Normale,Autre collision,,,,,,,,,,,1,2,2,1.0,6.0
201800053561,0018-10-15 18:15:00,18,10,15,18,15,750,116,RUE DU RANELAGH,48.85498,2.27273,Plein jour,En agglomération,Hors intersection,Normale,Deux véhicules - côté,,,,,,,,,,,1,2,1,1.0,3.0
201800053562,0018-10-16 08:20:00,18,10,16,8,20,750,116,RUE CLAUDE TERRASSE,,,Plein jour,En agglomération,Intersection en X,Normale,Deux véhicules - côté,,,,,,,,,,,1,2,2,1.0,3.0
201800053563,0018-10-16 19:20:00,18,10,16,19,20,750,116,RUE HENRY DE LA VAULX,,,Nuit avec éclairage allumé,En agglomération,Intersection en X,Normale,Autre collision,,,,,,,,,,,5,2,2,1.0,6.0
201800053564,0018-10-17 08:10:00,18,10,17,8,10,750,117,RUE GALVANI,,,Plein jour,En agglomération,Intersection en X,Normale,Deux véhicules - arrière,,,,,,,,,,,1,2,2,1.0,2.0
201800053565,0018-10-17 21:15:00,18,10,17,21,15,750,116,AVENUE DE NEW YORK,,,Nuit avec éclairage allumé,En agglomération,Intersection en T,Normale,Autre collision,,,,,,,,,,,5,2,3,1.0,6.0
201800053566,0018-10-20 00:55:00,18,10,20,0,55,750,116,AVENUE DE LA GRANDE ARME,48.51458,2.17153,Nuit avec éclairage allumé,En agglomération,Hors intersection,Normale,Autre collision,,,,,,,,,,,5,2,1,1.0,6.0
201800053567,0018-10-20 01:15:00,18,10,20,1,15,750,116,RUE MICHEL ANGE,48.84181,2.25929,Nuit avec éclairage allumé,En agglomération,Intersection en T,Normale,Autre collision,,,,,,,,,,,5,2,3,1.0,6.0
201800053568,0018-10-20 20:35:00,18,10,20,20,35,750,116,AVENUE RAYMOND POINCARE,,,Nuit avec éclairage allumé,En agglomération,Hors intersection,Normale,Sans collision,,,,,,,,,,,5,2,1,1.0,7.0
201800053569,0018-10-20 16:10:00,18,10,20,16,10,750,116,CHEMIN DE CEINTURE DU LA,48.8661,2.2608,Plein jour,Hors agglomération,Hors intersection,Normale,Sans collision,,,,,,,,,,,1,1,1,1.0,7.0
201800053570,0018-10-23 12:00:00,18,10,23,12,0,750,116,PLACE DU MARECHAL DE LAT,48.96111,2.27504,Plein jour,En agglomération,Place,Normale,Deux véhicules - arrière,,,,,,,,,,,1,2,7,1.0,2.0
201800053571,0018-10-23 16:35:00,18,10,23,16,35,750,116,PORTE DAUPHINE,,,Plein jour,En agglomération,Intersection en Y,Normale,Deux véhicules - arrière,,,,,,,,,,,1,2,4,1.0,2.0
201800053572,0018-10-23 12:50:00,18,10,23,12,50,750,116,RUE CHARDON LAGACHE,48.84,2.263,Plein jour,En agglomération,Hors intersection,Normale,Deux véhicules - côté,,,,,,,,,,,1,2,1,1.0,3.0
201800053573,0018-10-24 20:00:00,18,10,24,20,0,750,116,AVENUE HENRI MARTIN,48.86417,2.27504,Nuit avec éclairage allumé,En agglomération,Intersection en X,Normale,Autre collision,,,,,,,,,,,5,2,2,1.0,6.0
201800053574,0018-10-25 12:20:00,18,10,25,12,20,750,116,PLACE DU TROCADERO ET DU,48.86342,2.28723,Plein jour,En agglomération,Place,Normale,Deux véhicules - côté,,,,,,,,,,,1,2,7,1.0,3.0
201800053575,0018-10-26 13:30:00,18,10,26,13,30,750,116,AVENUE PAUL DOUMER,,,Plein jour,En agglomération,Intersection en X,Normale,Deux véhicules - côté,,,,,,,,,,,1,2,2,1.0,3.0
201800053576,0018-10-26 13:40:00,18,10,26,13,40,750,116,RUE MESNIL,48.86626,2.28718,Plein jour,En agglomération,Intersection en T,Normale,Autre collision,,,,,,,,,,,1,2,3,1.0,6.0
201800053577,0018-10-26 16:00:00,18,10,26,16,0,750,116,AVENUE DU PRESIDENT KENN,,,Plein jour,En agglomération,Hors intersection,Normale,Autre collision,,,,,,,,,,,1,2,1,1.0,6.0
201800053578,0018-10-26 19:40:00,18,10,26,19,40,750,116,RUE DE LONGCHAMP,,,Nuit avec éclairage allumé,En agglomération,Intersection en X,Pluie légère,Autre collision,,,,,,,,,,,5,2,2,2.0,6.0
201800053579,0018-10-26 18:30:00,18,10,26,18,30,750,116,RUE BENJAMIN FRANKLIN,48.86192,2.28656,Nuit avec éclairage allumé,En agglomération,Intersection en X,Pluie légère,Deux véhicules - côté,,,,,,,,,,,5,2,2,2.0,3.0
201800053580,0018-10-29 15:26:00,18,10,29,15,26,750,116,AVENUE DE NEW YORK,,,Plein jour,En agglomération,Hors intersection,Temps couvert,Autre collision,,,,,,,,,,,1,2,1,8.0,6.0
201800053581,0018-10-30 12:20:00,18,10,30,12,20,750,116,AVENUE D IENA,48.86955,2.29573,Plein jour,En agglomération,Intersection en X,Normale,Deux véhicules - arrière,,,,,,,,,,,1,2,2,1.0,2.0
201800053582,0018-10-30 19:00:00,18,10,30,19,0,750,116,AVENUE DE LA GRANDE ARME,48.87,2.28,Nuit avec éclairage non allumé,En agglomération,Hors intersection,Normale,Deux véhicules - côté,,,,,,,,,,,4,2,1,1.0,3.0
201800053583,0018-10-31 15:00:00,18,10,31,15,0,750,116,AVENUE EDOUARD VAILLANT,48.8368,2.2559,Plein jour,En agglomération,Intersection en Y,Pluie légère,Deux véhicules - arrière,,,,,,,,,,,1,2,4,2.0,2.0
201800053584,0018-11-01 10:10:00,18,11,1,10,10,750,116,ROUTE DE SEVRES A NEUILL,48.85166,2.23675,Plein jour,En agglomération,Intersection en X,Normale,Autre collision,,,,,,,,,,,1,2,2,1.0,6.0
201800053585,0018-11-02 00:25:00,18,11,2,0,25,750,116,ALLEE DE LONGCHAMP,48.86761,2.25089,Nuit avec éclairage allumé,En agglomération,Intersection en X,Pluie légère,Deux véhicules - côté,,,,,,,,,,,5,2,2,2.0,3.0
201800053586,0018-11-02 18:30:00,18,11,2,18,30,750,116,AVENUE DE NEW YORK,48.8631,2.29621,Nuit sans éclairage public,En agglomération,Intersection en T,Normale,Deux véhicules - côté,,,,,,,,,,,3,2,3,1.0,3.0
201800053587,0018-11-08 12:15:00,18,11,8,12,15,750,116,ALLEE DE LA REINE MARGUE,,,Plein jour,En agglomération,Intersection en X,Normale,Autre collision,,,,,,,,,,,1,2,2,1.0,6.0
201800053588,0018-11-08 15:40:00,18,11,8,15,40,750,116,ALLEE DU BORD DE L EAU,48.85288,2.22624,Plein jour,En agglomération,Hors intersection,Normale,Deux véhicules - arrière,,,,,,,,,,,1,2,1,1.0,2.0
201800053589,0018-11-08 23:00:00,18,11,8,23,0,750,108,RUE PASQUIER,48.87152,2.3231,Nuit avec éclairage allumé,En agglomération,Intersection en X,Normale,Deux véhicules - côté,,,,,,,,,,,5,2,2,1.0,3.0
201800053590,0018-11-10 18:20:00,18,11,10,18,20,750,116,AVENUE DE VERSAILLES,,,Crépuscule ou aube,En agglomération,Intersection en X,Pluie légère,Deux véhicules - arrière,,,,,,,,,,,2,2,2,2.0,2.0
201800053591,0018-11-11 06:45:00,18,11,11,6,45,750,116,AVENUE MOZART,,,Nuit avec éclairage allumé,En agglomération,Intersection en T,Pluie légère,Autre collision,,,,,,,,,,,5,2,3,2.0,6.0
201800053592,0018-11-11 14:20:00,18,11,11,14,20,750,116,AVENUE VICTOR HUGO,48.86693,2.27904,Plein jour,En agglomération,Intersection en X,Pluie légère,Autre collision,,,,,,,,,,,1,2,2,2.0,6.0
201800053593,0018-11-11 17:50:00,18,11,11,17,50,750,116,BOULEVARD DE MONTMORENCY,48.84807,2.26032,Nuit avec éclairage allumé,En agglomération,Intersection en X,Pluie légère,Autre collision,,,,,,,,,,,5,2,2,2.0,6.0
201800053594,0018-11-12 10:30:00,18,11,12,10,30,750,116,RUE FELICIEN DAVID,48.8491,2.2739,Plein jour,En agglomération,Intersection en X,Pluie légère,Autre collision,,,,,,,,,,,1,2,2,2.0,6.0