accident_id,datetime,annee,mois,jour,heure,minute,departement,commune_insee,adresse,latitude,longitude,luminosite,agglomeration,intersection,meteo,collision,nb_vehicules,nb_usagers,nb_indemnes,nb_tues,nb_blesses_hosp,nb_blesses_legers,age_cond_1,age_cond_2,veh_type_cond_1,veh_type_cond_2,lum_code,agg_code,int_code,atm_code,col_code
201800053834,0018-07-09 13:20:00,18,7,9,13,20,750,117,"28, RUE DE TILSITT",48.875,2.2938,Plein jour,En agglomération,Intersection en X,Normale,Autre collision,,,,,,,,,,,1,2,2,1.0,6.0
201800053835,0018-07-09 20:15:00,18,7,9,20,15,750,117,"62, BOULEVARD DES BATIGN",48.8823,2.32093,Plein jour,En agglomération,Intersection en T,Normale,Autre collision,,,,,,,,,,,1,2,3,1.0,6.0
201800053836,0018-07-10 11:20:00,18,7,10,11,20,750,117,"16, BOULEVARD DES BATIGN",48.8833,2.3256,Plein jour,En agglomération,Hors intersection,Normale,Deux véhicules - arrière,,,,,,,,,,,1,2,1,1.0,2.0
201800053837,0018-07-12 15:45:00,18,7,12,15,45,750,117,"106, BOULEVARD DE COURCE",48.8789,2.30178,Plein jour,En agglomération,Intersection en T,Normale,Deux véhicules - côté,,,,,,,,,,,1,2,3,1.0,3.0
201800053838,0018-07-13 19:20:00,18,7,13,19,20,750,117,"42, BOULEVARD DE DOUAUMO",48.8949,2.30556,Plein jour,En agglomération,Hors intersection,Normale,Deux véhicules - arrière,,,,,,,,,,,1,2,1,1.0,2.0
201800053839,0018-07-16 19:10:00,18,7,16,19,10,750,117,"71, AVENUE DE VILLIERS",48.8838,2.30476,Plein jour,En agglomération,Intersection en X,Normale,Deux véhicules - côté,,,,,,,,,,,1,2,2,1.0,3.0
201800053840,0018-07-17 19:00:00,18,7,17,19,0,750,117,BOULEVARD PERSHING,48.88061,2.28374,Plein jour,En agglomération,Hors intersection,Normale,Trois véhicules et plus - en chaîne,,,,,,,,,,,1,2,1,1.0,4.0
201800053841,0018-07-17 20:30:00,18,7,17,20,30,750,117,BOULEVARD DE COURCELLES,48.87968,2.30546,Crépuscule ou aube,En agglomération,Intersection en X,Normale,Deux véhicules - côté,,,,,,,,,,,2,2,2,1.0,3.0
201800053842,0018-07-18 20:15:00,18,7,18,20,15,750,117,BOULEVARD DE COURCELLES,48.88073,2.31132,Crépuscule ou aube,En agglomération,Hors intersection,Normale,Deux véhicules - arrière,,,,,,,,,,,2,2,1,1.0,2.0
201800053843,0018-07-21 01:30:00,18,7,21,1,30,750,117,PLACE DE LA PORTE MAILLO,48.8786,2.28217,Nuit avec éclairage allumé,En agglomération,Place,Normale,Deux véhicules - côté,,,,,,,,,,,5,2,7,1.0,3.0
201800053844,0018-07-25 14:00:00,18,7,25,14,0,750,117,RUE GUY MOQUET,48.89151,2.32054,Plein jour,En agglomération,Intersection en T,Normale,Autre collision,,,,,,,,,,,1,2,3,1.0,6.0
201800053845,0018-07-27 11:45:00,18,7,27,11,45,750,117,BOULEVARD DE COURCELLES,,,Plein jour,En agglomération,Intersection en T,Normale,Trois véhicules et plus - en chaîne,,,,,,,,,,,1,2,3,1.0,4.0
201800053846,0018-07-30 16:40:00,18,7,30,16,40,750,118,AVENUE DE SAINT OUEN,48.8962,2.3287,Plein jour,En agglomération,Hors intersection,Temps éblouissant,Autre collision,,,,,,,,,,,1,2,1,7.0,6.0
201800053847,0018-07-31 20:35:00,18,7,31,20,35,750,117,AVENUE DE SAINT OUEN,48.893,2.327,Plein jour,En agglomération,Intersection en T,Normale,Autre collision,,,,,,,,,,,1,2,3,1.0,6.0
201800053848,0018-08-08 18:36:00,18,8,8,18,36,750,117,BOULEVARD BERTHIER,48.8876,2.29832,Plein jour,En agglomération,Place,Normale,Autre collision,,,,,,,,,,,1,2,7,1.0,6.0
201800053849,0018-08-14 19:20:00,18,8,14,19,20,750,117,PLACE DE LA PORTE MAILLO,48.87844,2.2816,Plein jour,En agglomération,Place,Normale,Deux véhicules - côté,,,,,,,,,,,1,2,7,1.0,3.0
201800053850,0018-08-22 15:25:00,18,8,22,15,25,750,117,RUE DE SAUSSURE,48.88824,2.31048,Plein jour,En agglomération,Intersection en Y,Normale,Deux véhicules - côté,,,,,,,,,,,1,2,4,1.0,3.0
201800053851,0018-08-22 17:50:00,18,8,22,17,50,750,117,BOULEVARD PEREIRE,48.87971,2.28718,Plein jour,En agglomération,Intersection en X,Normale,Autre collision,,,,,,,,,,,1,2,2,1.0,6.0
201800053852,0018-08-23 00:05:00,18,8,23,0,5,750,117,AVENUE DE CLICHY,48.88604,2.32624,Nuit avec éclairage allumé,En agglomération,Intersection en X,Normale,Autre collision,,,,,,,,,,,5,2,2,1.0,6.0
201800053853,0018-08-23 10:25:00,18,8,23,10,25,750,117,AVENUE DE CLICHY,,,Plein jour,En agglomération,Intersection en X,Normale,Deux véhicules - côté,,,,,,,,,,,1,2,2,1.0,3.0
201800053854,0018-08-24 00:01:00,18,8,24,0,1,750,117,AVENUE DE LA GRANDE ARME,48.87719,2.28569,Nuit avec éclairage allumé,En agglomération,Intersection en T,Pluie légère,Autre collision,,,,,,,,,,,5,2,3,2.0,6.0
201800053855,0018-08-24 10:30:00,18,8,24,10,30,750,117,BOULEVARD PEREIRE,48.88749,2.30736,Plein jour,En agglomération,Intersection en X,Temps couvert,Autre collision,,,,,,,,,,,1,2,2,8.0,6.0
201800053856,0018-08-24 14:30:00,18,8,24,14,30,750,117,BOULEVARD DES BATIGNOLLE,48.8831,2.3246,Plein jour,En agglomération,Hors intersection,Normale,Sans collision,,,,,,,,,,,1,2,1,1.0,7.0
201800053857,0018-08-25 22:20:00,18,8,25,22,20,750,117,RUE FRAGONARD,,,Nuit avec éclairage allumé,En agglomération,Intersection en Y,Normale,Autre collision,,,,,,,,,,,5,2,4,1.0,6.0
201800053858,0018-08-29 12:15:00,18,8,29,12,15,750,117,RUE DE ROME,48.88497,2.31737,Plein jour,En agglomération,Hors intersection,Normale,Deux véhicules - côté,,,,,,,,,,,1,2,1,1.0,3.0
201800053859,0018-08-31 01:25:00,18,8,31,1,25,750,117,RUE GUSTAVE CHARPENTIER,48.87958,2.28071,Nuit avec éclairage allumé,En agglomération,Intersection en T,Temps couvert,Sans collision,,,,,,,,,,,5,2,3,8.0,7.0
201800053860,0018-09-01 15:30:00,18,9,1,15,30,750,117,RUE DE ROME,48.88398,2.31839,Plein jour,En agglomération,Intersection en X,Normale,Deux véhicules - côté,,,,,,,,,,,1,2,2,1.0,3.0
201800053861,0018-09-01 23:11:00,18,9,1,23,11,750,117,PLACE DE LA PORTE DE CHA,48.88,2.29,Nuit avec éclairage allumé,En agglomération,Place,Normale,Deux véhicules - côté,,,,,,,,,,,5,2,7,1.0,3.0
201800053862,0018-09-02 18:15:00,18,9,2,18,15,750,117,BOULEVARD D AURELLE DE P,48.88193,2.28344,Plein jour,En agglomération,Intersection en T,Normale,Deux véhicules - côté,,,,,,,,,,,1,2,3,1.0,3.0
201800053863,0018-09-03 02:40:00,18,9,3,2,40,750,117,BOULEVARD DE DOUAUMONT,,,Nuit avec éclairage allumé,En agglomération,Hors intersection,Normale,Autre collision,,,,,,,,,,,5,2,1,1.0,6.0
201800053864,0018-09-03 18:30:00,18,9,3,18,30,750,117,BOULEVARD BERTHIER,48.88586,2.29485,Plein jour,En agglomération,Intersection en T,Normale,Deux véhicules - côté,,,,,,,,,,,1,2,3,1.0,3.0
201800053865,0018-09-06 12:20:00,18,9,6,12,20,750,117,BOULEVARD MALESHERBES,48.8853,2.30724,Plein jour,En agglomération,Intersection à plus de 4 branches,Temps couvert,Deux véhicules - côté,,,,,,,,,,,1,2,5,8.0,3.0
201800053866,0018-09-06 14:40:00,18,9,6,14,40,750,117,AVENUE DE CLICHY,48.89313,2.31555,Plein jour,En agglomération,Hors intersection,Normale,Deux véhicules - côté,,,,,,,,,,,1,2,1,1.0,3.0
201800053867,0018-09-06 18:00:00,18,9,6,18,0,750,118,AVENUE DE LA PORTE DE SA,48.89792,2.32917,Plein jour,En agglomération,Intersection en Y,Normale,Deux véhicules - côté,,,,,,,,,,,1,2,4,1.0,3.0
201800053868,0018-09-07 00:50:00,18,9,7,0,50,750,117,AVENUE DE LA GRANDE ARME,48.87451,2.29291,Nuit avec éclairage allumé,En agglomération,Intersection en X,Normale,Deux véhicules - côté,,,,,,,,,,,5,2,2,1.0,3.0
201800053869,0018-09-07 12:15:00,18,9,7,12,15,750,117,VILLA BERTHIER,,,Plein jour,En agglomération,Intersection à plus de 4 branches,Normale,Autre collision,,,,,,,,,,,1,2,5,1.0,6.0
201800053870,0018-09-07 16:35:00,18,9,7,16,35,750,117,BOULEVARD DE COURCELLES,,,Plein jour,En agglomération,Intersection à plus de 4 branches,Normale,Autre collision,,,,,,,,,,,1,2,5,1.0,6.0
201800053871,0018-09-07 16:20:00,18,9,7,16,20,750,117,BOULEVARD GOUVION SAINT,48.88439,2.28955,Plein jour,En agglomération,Intersection à plus de 4 branches,Normale,Deux véhicules - côté,,,,,,,,,,,1,2,5,1.0,3.0
201800053872,0018-09-11 17:15:00,18,9,11,17,15,750,117,AVENUE DE SAINT OUEN,,,Plein jour,En agglomération,Intersection en T,Normale,Deux véhicules - côté,,,,,,,,,,,1,2,3,1.0,3.0
201800053873,0018-09-12 15:05:00,18,9,12,15,5,750,117,AVENUE DE CLICHY,48.8924,2.31692,Plein jour,En agglomération,Hors intersection,Normale,Autre collision,,,,,,,,,,,1,2,1,1.0,6.0
201800053874,0018-09-14 13:15:00,18,9,14,13,15,750,117,PLACE CHARLES DE GAULLE,,,Plein jour,En agglomération,Giratoire,Normale,Deux véhicules - côté,,,,,,,,,,,1,2,6,1.0,3.0
201800053875,0018-09-14 16:35:00,18,9,14,16,35,750,117,AVENUE DES TERNES,48.8805,2.28556,Plein jour,En agglomération,Intersection en X,Normale,Autre collision,,,,,,,,,,,1,2,2,1.0,6.0
201800053876,0018-09-15 20:40:00,18,9,15,20,40,750,117,AVENUE DE VILLIERS,48.88316,2.30764,Nuit avec éclairage allumé,En agglomération,Hors intersection,Normale,Autre collision,,,,,,,,,,,5,2,1,1.0,6.0
201800053877,0018-09-17 14:05:00,18,9,17,14,5,750,117,RUE CARDINET,48.89007,2.31694,Plein jour,En agglomération,Hors intersection,Normale,Deux véhicules - côté,,,,,,,,,,,1,2,1,1.0,3.0
201800053878,0018-09-18 07:30:00,18,9,18,7,30,750,117,BOULEVARD BERTHIER,48.88622,2.29405,Plein jour,En agglomération,Hors intersection,Normale,Deux véhicules - arrière,,,,,,,,,,,1,2,1,1.0,2.0
201800053879,0018-09-22 20:00:00,18,9,22,20,0,750,117,RUE CARDINET,48.88156,2.30167,Nuit avec éclairage non allumé,En agglomération,Intersection en Y,Pluie légère,Autre collision,,,,,,,,,,,4,2,4,2.0,6.0
201800053880,0018-09-24 14:00:00,18,9,24,14,0,750,117,AVENUE DE CLICHY,48.89231,2.31713,Plein jour,En agglomération,Intersection en T,Normale,Deux véhicules - côté,,,,,,,,,,,1,2,3,1.0,3.0
201800053881,0018-09-25 09:15:00,18,9,25,9,15,750,117,RUE DE PHALSBOURG,,,Plein jour,En agglomération,Hors intersection,Normale,Deux véhicules - côté,,,,,,,,,,,1,2,1,1.0,3.0
201800053882,0018-09-26 08:45:00,18,9,26,8,45,750,117,RUE DE COURCELLES,,,Plein jour,En agglomération,Intersection à plus de 4 branches,Normale,Autre collision,,,,,,,,,,,1,2,5,1.0,6.0
201800053883,0018-09-26 14:15:00,18,9,26,14,15,750,117,RUE DE COURCELLES,,,Plein jour,En agglomération,Intersection en X,Normale,Deux véhicules - côté,,,,,,,,,,,1,2,2,1.0,3.0
201800053884,0018-09-26 19:20:00,18,9,26,19,20,750,117,AVENUE DE NEUILLY,48.87866,2.2802,Crépuscule ou aube,En agglomération,Place,Normale,Deux véhicules - côté,,,,,,,,,,,2,2,7,1.0,3.0
201800053885,0018-09-27 09:00:00,18,9,27,9,0,750,117,BOULEVARD BESSIERES,48.89,2.31,Plein jour,En agglomération,Hors intersection,Normale,Autre collision,,,,,,,,,,,1,2,1,1.0,6.0
201800053886,0018-09-27 18:50:00,18,9,27,18,50,750,117,BOULEVARD PEREIRE,48.8875,2.31369,Plein jour,En agglomération,Intersection en X,Normale,Autre collision,,,,,,,,,,,1,2,2,1.0,6.0
201800053887,0018-09-28 15:50:00,18,9,28,15,50,750,117,RUE CARDINET,48.8818,2.303,Plein jour,En agglomération,Intersection en T,Normale,Autre collision,,,,,,,,,,,1,2,3,1.0,6.0
201800053888,0018-09-28 17:30:00,18,9,28,17,30,750,117,RUE BOULAY,48.89457,2.31815,Plein jour,En agglomération,Intersection en X,Normale,Autre collision,,,,,,,,,,,1,2,2,1.0,6.0
201800053889,0018-09-28 23:25:00,18,9,28,23,25,750,101,AVENUE DE L OPERA,,,Nuit avec éclairage allumé,En agglomération,Intersection en Y,Normale,Deux véhicules - côté,,,,,,,,,,,5,2,4,1.0,3.0
201800053890,0018-09-29 02:45:00,18,9,29,2,45,750,109,BOULEVARD DE CLICHY,48.8831,2.33416,Nuit avec éclairage allumé,En agglomération,Hors intersection,Normale,Autre collision,,,,,,,,,,,5,2,1,1.0,6.0
201800053891,0018-09-29 16:35:00,18,9,29,16,35,750,117,RUE DE COURCELLES,48.88752,2.295,Plein jour,En agglomération,Intersection à plus de 4 branches,Normale,Autre collision,,,,,,,,,,,1,2,5,1.0,6.0
201800053892,0018-10-02 01:05:00,18,10,2,1,5,750,117,AVENUE DE CLICHY,48.89257,2.31647,Nuit avec éclairage allumé,En agglomération,Intersection en T,Normale,Deux véhicules - arrière,,,,,,,,,,,5,2,3,1.0,2.0
201800053893,0018-10-02 14:45:00,18,10,2,14,45,750,117,AVENUE DE VILLIERS,,,Plein jour,En agglomération,Intersection en T,Temps couvert,Deux véhicules - côté,,,,,,,,,,,1,2,3,8.0,3.0
201800053894,0018-10-04 17:15:00,18,10,4,17,15,750,117,RUE DE COURCELLES,48.88,2.29,Plein jour,En agglomération,Hors intersection,Normale,Deux véhicules - frontale,,,,,,,,,,,1,2,1,1.0,1.0
201800053895,0018-10-04 21:00:00,18,10,4,21,0,750,117,AVENUE DE VILLIERS,,,Nuit avec éclairage allumé,En agglomération,Intersection en T,Normale,Deux véhicules - arrière,,,,,,,,,,,5,2,3,1.0,2.0
201800053896,0018-10-05 16:20:00,18,10,5,16,20,750,117,BOULEVARD DES BATIGNOLLE,48.8832,2.3252,Plein jour,En agglomération,Intersection en X,Normale,Autre collision,,,,,,,,,,,1,2,2,1.0,6.0
201800053897,0018-10-05 21:00:00,18,10,5,21,0,750,108,BOULEVARD DE COURCELLES,48.88124,2.31152,Nuit avec éclairage allumé,En agglomération,Intersection en Y,Normale,Autre collision,,,,,,,,,,,5,2,4,1.0,6.0
201800053898,0018-10-06 05:05:00,18,10,6,5,5,750,117,AVENUE DE CLICHY,48.8925,2.31664,Nuit avec éclairage allumé,En agglomération,Hors intersection,Normale,Deux véhicules - arrière,,,,,,,,,,,5,2,1,1.0,2.0
201800053899,0018-10-06 20:55:00,18,10,6,20,55,750,117,RUE DE COURCELLES,,,Nuit avec éclairage allumé,En agglomération,Intersection en T,Normale,Deux véhicules - côté,,,,,,,,,,,5,2,3,1.0,3.0
201800053900,0018-10-07 03:10:00,18,10,7,3,10,750,117,RUE GUY MOQUET,48.892,2.324,Nuit avec éclairage allumé,En agglomération,Intersection en X,Pluie légère,Sans collision,,,,,,,,,,,5,2,2,2.0,7.0
201800053901,0018-10-07 23:00:00,18,10,7,23,0,750,117,BOULEVARD BERTHIER,,,Nuit avec éclairage allumé,En agglomération,Hors intersection,Normale,Autre collision,,,,,,,,,,,5,2,1,1.0,6.0
201800053902,0018-10-08 18:00:00,18,10,8,18,0,750,117,RUE DE COURCELLES,48.88039,2.30173,Plein jour,En agglomération,Hors intersection,Normale,Autre collision,,,,,,,,,,,1,2,1,1.0,6.0
201800053903,0018-10-09 16:45:00,18,10,9,16,45,750,117,RUE RAYMOND PITET,48.89002,2.2965,Plein jour,En agglomération,Hors intersection,Normale,Autre collision,,,,,,,,,,,1,2,1,1.0,6.0
201800053904,0018-10-09 20:00:00,18,10,9,20,0,750,117,ECHANGEUR MAILLOT,48.87816,2.27963,Nuit avec éclairage allumé,Hors agglomération,Hors intersection,Normale,Deux véhicules - côté,,,,,,,,,,,5,1,1,1.0,3.0
201800053905,0018-10-11 09:50:00,18,10,11,9,50,750,117,RUE DE PRONY,,,Plein jour,En agglomération,Intersection en X,Temps éblouissant,Deux véhicules - arrière,,,,,,,,,,,1,2,2,7.0,2.0
201800053906,0018-10-11 16:35:00,18,10,11,16,35,750,117,PLACE DE CLICHY,,,Plein jour,En agglomération,Place,Normale,Deux véhicules - côté,,,,,,,,,,,1,2,7,1.0,3.0
201800053907,0018-10-12 09:00:00,18,10,12,9,0,750,117,BOULEVARD BERTHIER,48.8902,2.30463,Plein jour,En agglomération,Intersection en T,Normale,Deux véhicules - côté,,,,,,,,,,,1,2,3,1.0,3.0
201800053908,0018-10-13 17:20:00,18,10,13,17,20,750,117,AVENUE DE WAGRAM,,,Plein jour,En agglomération,Intersection en X,Normale,Autre collision,,,,,,,,,,,1,2,2,1.0,6.0
201800053909,0018-10-13 19:00:00,18,10,13,19,0,750,117,RUE TARBE,,,Nuit avec éclairage non allumé,En agglomération,Intersection en T,Normale,Autre collision,,,,,,,,,,,4,2,3,1.0,6.0
201800053910,0018-10-14 16:50:00,18,10,14,16,50,750,117,RUE RAYMOND PITET,,,Plein jour,En agglomération,Intersection en X,Normale,Deux véhicules - côté,,,,,,,,,,,1,2,2,1.0,3.0
201800053911,0018-10-15 03:25:00,18,10,15,3,25,750,117,ECHANGEUR MAILLOT,48.878,2.279,Nuit avec éclairage allumé,En agglomération,Intersection en Y,Normale,Autre collision,,,,,,,,,,,5,2,4,1.0,6.0
201800053912,0018-10-17 09:50:00,18,10,17,9,50,750,117,BOULEVARD GOUVION SAINT,48.5242,2.1704,Plein jour,En agglomération,Hors intersection,Normale,Autre collision,,,,,,,,,,,1,2,1,1.0,6.0
201800053913,0018-10-17 14:33:00,18,10,17,14,33,750,117,RUE DE TOCQUEVILLE,48.88392,2.31189,Plein jour,En agglomération,Hors intersection,Normale,Deux véhicules - arrière,,,,,,,,,,,1,2,1,1.0,2.0
201800053914,0018-10-18 03:05:00,18,10,18,3,5,750,117,RUE CARDINET,48.8904,2.3174,Nuit avec éclairage allumé,En agglomération,Intersection en T,Normale,Sans collision,,,,,,,,,,,5,2,3,1.0,7.0
201800053915,0018-10-18 11:00:00,18,10,18,11,0,750,117,AVENUE DE LA PORTE DE SA,48.8978,2.3287,Plein jour,En agglomération,Intersection en X,Normale,Autre collision,,,,,,,,,,,1,2,2,1.0,6.0
201800053916,0018-10-19 16:05:00,18,10,19,16,5,750,117,PLACE DE CLICHY,,,Plein jour,En agglomération,Place,Normale,Deux véhicules - côté,,,,,,,,,,,1,2,7,1.0,3.0
201800053917,0018-10-21 06:00:00,18,10,21,6,0,750,117,AVENUE DE LA GRANDE ARME,48.8,2.28,Nuit avec éclairage allumé,En agglomération,Hors intersection,Normale,Deux véhicules - côté,,,,,,,,,,,5,2,1,1.0,3.0
201800053918,0018-10-21 09:10:00,18,10,21,9,10,750,117,BOULEVARD PEREIRE,,,Plein jour,En agglomération,Hors intersection,Normale,Deux véhicules - arrière,,,,,,,,,,,1,2,1,1.0,2.0
201800053919,0018-10-22 22:30:00,18,10,22,22,30,750,117,PLACE DU BRESIL,,,Nuit avec éclairage allumé,En agglomération,Intersection en X,Normale,Autre collision,,,,,,,,,,,5,2,2,1.0,6.0
201800053920,0018-10-26 09:05:00,18,10,26,9,5,750,117,PLACE DU MARECHAL JUIN,48.8847,2.29665,Plein jour,En agglomération,Place,Normale,Autre collision,,,,,,,,,,,1,2,7,1.0,6.0
201800053921,0018-10-27 13:35:00,18,10,27,13,35,750,117,AVENUE DE CLICHY,48.89301,2.3162,Plein jour,En agglomération,Intersection en T,Normale,Deux véhicules - côté,,,,,,,,,,,1,2,3,1.0,3.0
201800053922,0018-10-27 14:00:00,18,10,27,14,0,750,117,AVENUE DE LA PORTE D ASN,48.89119,2.30273,Plein jour,En agglomération,Hors intersection,Normale,Deux véhicules - arrière,,,,,,,,,,,1,2,1,1.0,2.0
201800053923,0018-10-30 01:25:00,18,10,30,1,25,750,117,RUE LA CONDAMINE,48.88503,2.32079,Nuit avec éclairage allumé,En agglomération,Intersection en X,Pluie légère,Autre collision,,,,,,,,,,,5,2,2,2.0,6.0
201800053924,0018-10-30 19:10:00,18,10,30,19,10,750,117,AVENUE DE CLICHY,,,Nuit avec éclairage allumé,En agglomération,Hors intersection,Normale,Deux véhicules - côté,,,,,,,,,,,5,2,1,1.0,3.0
201800053925,0018-10-31 19:15:00,18,10,31,19,15,750,117,BOULEVARD MALESHERBES,,,Nuit avec éclairage allumé,En agglomération,Intersection en X,Pluie légère,Autre collision,,,,,,,,,,,5,2,2,2.0,6.0
201800053926,0018-11-02 11:20:00,18,11,2,11,20,750,117,AVENUE DE LA GRANDE ARME,,,Plein jour,En agglomération,Intersection en T,Normale,Deux véhicules - côté,,,,,,,,,,,1,2,3,1.0,3.0
201800053927,0018-11-03 03:00:00,18,11,3,3,0,750,117,AVENUE DE CLICHY,,,Nuit avec éclairage allumé,En agglomération,Intersection en X,Normale,Autre collision,,,,,,,,,,,5,2,2,1.0,6.0
201800053928,0018-11-03 06:00:00,18,11,3,6,0,750,117,BOULEVARD BERTHIER,,,Nuit avec éclairage allumé,En agglomération,Intersection en X,Normale,Autre collision,,,,,,,,,,,5,2,2,1.0,6.0
201800053929,0018-11-03 11:45:00,18,11,3,11,45,750,117,RUE ALBERT SAMAIN,48.886,2.294,Plein jour,En agglomération,Intersection en X,Normale,Autre collision,,,,,,,,,,,1,2,2,1.0,6.0
201800053930,0018-11-04 00:45:00,18,11,4,0,45,750,117,AVENUE NIEL,48.88421,2.29681,Nuit avec éclairage allumé,En agglomération,Hors intersection,Normale,Deux véhicules - côté,,,,,,,,,,,5,2,1,1.0,3.0
201800053931,0018-11-05 09:00:00,18,11,5,9,0,750,117,BOULEVARD PEREIRE,48.88789,2.31128,Plein jour,En agglomération,Intersection en T,Normale,Autre collision,,,,,,,,,,,1,2,3,1.0,6.0
201800053932,0018-11-05 15:50:00,18,11,5,15,50,750,117,BOULEVARD DE COURCELLES,48.0,2.3,Plein jour,En agglomération,Intersection en X,Normale,Autre collision,,,,,,,,,,,1,2,2,1.0,6.0
201800053933,0018-11-05 17:50:00,18,11,5,17,50,750,117,BOULEVARD DE DOUAUMONT,48.89516,2.30613,Nuit avec éclairage allumé,En agglomération,Intersection en T,Normale,Sans collision,,,,,,,,,,,5,2,3,1.0,7.0
201800053934,0018-11-06 11:30:00,18,11,6,11,30,750,117,AVENUE DE LA GRANDE ARME,48.87736,2.28416,Plein jour,En agglomération,Intersection en X,Normale,Deux véhicules - arrière,,,,,,,,,,,1,2,2,1.0,2.0
201800053935,0018-11-06 12:30:00,18,11,6,12,30,750,117,AVENUE DE LA GRANDE ARME,48.87449,2.29315,Plein jour,En agglomération,Place,Normale,Deux véhicules - côté,,,,,,,,,,,1,2,7,1.0,3.0
201800053936,0018-11-06 18:40:00,18,11,6,18,40,750,117,AVENUE DES TERNES,,,Nuit avec éclairage allumé,En agglomération,Intersection en X,Normale,Deux véhicules - côté,,,,,,,,,,,5,2,2,1.0,3.0
201800053937,0018-11-07 19:05:00,18,11,7,19,5,750,117,BOULEVARD BERTHIER,,,Nuit avec éclairage allumé,En agglomération,Intersection en X,Normale,Deux véhicules - côté,,,,,,,,,,,5,2,2,1.0,3.0
201800053938,0018-11-08 21:00:00,18,11,8,21,0,750,117,BOULEVARD PERIPHERIQUE I,,,Nuit avec éclairage allumé,Hors agglomération,Intersection en Y,Normale,Autre collision,,,,,,,,,,,5,1,4,1.0,6.0
201800053939,0018-11-11 17:25:00,18,11,11,17,25,750,117,BOULEVARD BESSIERES,,,Nuit avec éclairage allumé,En agglomération,Intersection en X,Pluie légère,Deux véhicules - côté,,,,,,,,,,,5,2,2,2.0,3.0
201800053940,0018-11-13 20:20:00,18,11,13,20,20,750,117,RUE CARDINET,48.88178,2.30297,Nuit sans éclairage public,En agglomération,Intersection en T,Normale,Deux véhicules - côté,,,,,,,,,,,3,2,3,1.0,3.0
201800053941,0018-11-15 08:45:00,18,11,15,8,45,750,117,BOULEVARD PEREIRE,,,Plein jour,En agglomération,Intersection en T,Normale,Autre collision,,,,,,,,,,,1,2,3,1.0,6.0
201800053942,0018-11-15 23:15:00,18,11,15,23,15,750,117,RUE NAVIER,,,Nuit avec éclairage allumé,En agglomération,Intersection en X,Normale,Sans collision,,,,,,,,,,,5,2,2,1.0,7.0
201800053943,0018-11-19 15:15:00,18,11,19,15,15,750,117,AVENUE DE CLICHY,,,Plein jour,En agglomération,Intersection en X,Normale,Sans collision,,,,,,,,,,,1,2,2,1.0,7.0
201800053944,0018-11-20 12:50:00,18,11,20,12,50,750,117,AVENUE DE VILLIERS,48.883,2.307,Plein jour,En agglomération,Intersection en T,Pluie légère,Autre collision,,,,,,,,,,,1,2,3,2.0,6.0
201800053945,0018-11-21 04:25:00,18,11,21,4,25,750,117,AVENUE DE SAINT OUEN,48.8959,2.3284,Nuit sans éclairage public,En agglomération,Intersection en T,Normale,Autre collision,,,,,,,,,,,3,2,3,1.0,6.0
201800053946,0018-11-21 12:30:00,18,11,21,12,30,750,117,AVENUE DE VILLIERS,48.88462,2.30103,Plein jour,En agglomération,Intersection en Y,Normale,Deux véhicules - côté,,,,,,,,,,,1,2,4,1.0,3.0
201800053947,0018-11-22 06:50:00,18,11,22,6,50,750,117,PLACE DU GENERAL KOENIG,48.88093,2.28505,Nuit avec éclairage allumé,En agglomération,Intersection en X,Normale,Trois véhicules et plus - collisions multiples,,,,,,,,,,,5,2,2,1.0,5.0
201800053948,0018-11-22 19:25:00,18,11,22,19,25,750,117,AVENUE DE CLICHY,,,Nuit avec éclairage allumé,En agglomération,Intersection en T,Pluie légère,Autre collision,,,,,,,,,,,5,2,3,2.0,6.0
201800053949,0018-11-23 11:30:00,18,11,23,11,30,750,117,BOULEVARD MALESHERBES,48.885,2.306,Plein jour,En agglomération,Intersection en T,Normale,Autre collision,,,,,,,,,,,1,2,3,1.0,6.0
201800053950,0018-11-23 14:10:00,18,11,23,14,10,750,117,PLACE SAINT FERDINAND,48.87796,2.28831,Plein jour,En agglomération,Place,Normale,Autre collision,,,,,,,,,,,1,2,7,1.0,6.0
201800053951,0018-11-23 20:25:00,18,11,23,20,25,750,117,RUE DE COURCELLES,48.88271,2.29969,Nuit avec éclairage allumé,En agglomération,Hors intersection,Pluie forte,Sans collision,,,,,,,,,,,5,2,1,3.0,7.0
201800053952,0018-11-24 08:35:00,18,11,24,8,35,750,117,BOULEVARD DE DOUAUMONT,,,Plein jour,En agglomération,Hors intersection,Temps couvert,Sans collision,,,,,,,,,,,1,2,1,8.0,7.0
201800053953,0018-11-26 07:40:00,18,11,26,7,40,750,117,RUE DE COURCELLES,48.8877,2.2947,Crépuscule ou aube,En agglomération,Intersection en X,Pluie légère,Autre collision,,,,,,,,,,,2,2,2,2.0,6.0
201800053954,0018-11-26 09:15:00,18,11,26,9,15,750,117,BOULEVARD BERTHIER,48.894,2.313,Plein jour,En agglomération,Intersection en X,Pluie légère,Autre collision,,,,,,,,,,,1,2,2,2.0,6.0
201800053955,0018-11-26 13:20:00,18,11,26,13,20,750,117,AVENUE DE SAINT OUEN,,,Plein jour,En agglomération,Intersection en T,Normale,Autre collision,,,,,,,,,,,1,2,3,1.0,6.0
201800053956,0018-11-26 14:50:00,18,11,26,14,50,750,117,AVENUE DE VILLIERS,48.88472,2.29991,Plein jour,En agglomération,Hors intersection,Pluie légère,Trois véhicules et plus - en chaîne,,,,,,,,,,,1,2,1,2.0,4.0