accident_id,datetime,annee,mois,jour,heure,minute,departement,commune_insee,adresse,latitude,longitude,luminosite,agglomeration,intersection,meteo,collision,nb_vehicules,nb_usagers,nb_indemnes,nb_tues,nb_blesses_hosp,nb_blesses_legers,age_cond_1,age_cond_2,veh_type_cond_1,veh_type_cond_2,lum_code,agg_code,int_code,atm_code,col_code
201800054564,0018-10-08 19:45:00,18,10,8,19,45,750,119,RUE DE BELLEVILLE,48.87,2.37,Nuit avec éclairage allumé,En agglomération,Hors intersection,Normale,Autre collision,,,,,,,,,,,5,2,1,1.0,6.0
201800054565,0018-10-08 13:55:00,18,10,8,13,55,750,119,RUE EDOUARD PAILLERON,,,Plein jour,En agglomération,Hors intersection,Normale,Autre collision,,,,,,,,,,,1,2,1,1.0,6.0
201800054566,0018-10-09 18:05:00,18,10,9,18,5,750,119,AVENUE DE FLANDRE,,,Plein jour,En agglomération,Intersection en X,Normale,Deux véhicules - côté,,,,,,,,,,,1,2,2,1.0,3.0
201800054567,0018-10-11 18:20:00,18,10,11,18,20,750,119,RUE DE MEAUX,48.88097,2.37357,Crépuscule ou aube,En agglomération,Intersection en T,Normale,Deux véhicules - arrière,,,,,,,,,,,2,2,3,1.0,2.0
201800054568,0018-10-12 19:30:00,18,10,12,19,30,750,119,ROUTE DES PETITS PONTS,48.89402,2.40112,Nuit avec éclairage allumé,En agglomération,Hors intersection,Normale,Deux véhicules - côté,,,,,,,,,,,5,2,1,1.0,3.0
201800054569,0018-10-13 13:30:00,18,10,13,13,30,750,119,PLACE AUGUSTE BARON,,,Plein jour,En agglomération,Place,Normale,Deux véhicules - côté,,,,,,,,,,,1,2,7,1.0,3.0
201800054570,0018-10-14 13:15:00,18,10,14,13,15,750,119,RUE MANIN,48.88478,2.39243,Plein jour,En agglomération,Intersection en T,Normale,Autre collision,,,,,,,,,,,1,2,3,1.0,6.0
201800054571,0018-10-16 18:20:00,18,10,16,18,20,750,119,RUE DE BELLEVILLE,,,Crépuscule ou aube,En agglomération,Intersection en X,Normale,Deux véhicules - côté,,,,,,,,,,,2,2,2,1.0,3.0
201800054572,0018-10-17 10:02:00,18,10,17,10,2,750,119,BOULEVARD DE LA VILLETTE,48.88,2.37,Plein jour,En agglomération,Intersection en X,Normale,Deux véhicules - côté,,,,,,,,,,,1,2,2,1.0,3.0
201800054573,0018-10-21 12:30:00,18,10,21,12,30,750,119,RUE DE LA VILLETTE,,,Plein jour,En agglomération,Hors intersection,Normale,Autre collision,,,,,,,,,,,1,2,1,1.0,6.0
201800054574,0018-10-23 10:20:00,18,10,23,10,20,750,119,AVENUE DE FLANDRE,48.88898,2.37507,Plein jour,En agglomération,Hors intersection,Normale,Deux véhicules - côté,,,,,,,,,,,1,2,1,1.0,3.0
201800054575,0018-10-26 09:05:00,18,10,26,9,5,750,119,RUE DE LA MARSEILLAISE,,,Plein jour,En agglomération,Hors intersection,Normale,Sans collision,,,,,,,,,,,1,2,1,1.0,7.0
201800054576,0018-10-27 11:08:00,18,10,27,11,8,750,119,RUE MANIN,,,Plein jour,En agglomération,Intersection en Y,Temps éblouissant,Autre collision,,,,,,,,,,,1,2,4,7.0,6.0
201800054577,0018-10-27 15:30:00,18,10,27,15,30,750,119,RUE DU GENERAL BRUNET,48.88268,2.39581,Plein jour,En agglomération,Hors intersection,Normale,Autre collision,,,,,,,,,,,1,2,1,1.0,6.0
201800054578,0018-10-28 10:13:00,18,10,28,10,13,750,119,RUE CURIAL,48.89,2.37,Plein jour,En agglomération,Intersection en T,Normale,Deux véhicules - arrière,,,,,,,,,,,1,2,3,1.0,2.0
201800054579,0018-10-28 17:25:00,18,10,28,17,25,750,119,BOULEVARD SERURIER,,,Crépuscule ou aube,En agglomération,Hors intersection,Normale,Autre collision,,,,,,,,,,,2,2,1,1.0,6.0
201800054580,0018-10-30 10:35:00,18,10,30,10,35,750,119,BOULEVARD SERURIER,48.89,2.39,Plein jour,En agglomération,Hors intersection,Pluie forte,Deux véhicules - côté,,,,,,,,,,,1,2,1,3.0,3.0
201800054581,0018-10-31 10:20:00,18,10,31,10,20,750,119,RUE MANIN,,,Plein jour,En agglomération,Intersection en T,Normale,Autre collision,,,,,,,,,,,1,2,3,1.0,6.0
201800054582,0018-10-31 17:15:00,18,10,31,17,15,750,119,AVENUE DE LAUMIERE,48.88345,2.38106,Nuit avec éclairage allumé,En agglomération,Intersection en T,Pluie légère,Autre collision,,,,,,,,,,,5,2,3,2.0,6.0
201800054583,0018-10-31 18:05:00,18,10,31,18,5,750,119,AVENUE DE LA PORTE DE LA,48.89,2.38,Nuit avec éclairage allumé,En agglomération,Intersection en T,Pluie légère,Deux véhicules - côté,,,,,,,,,,,5,2,3,2.0,3.0
201800054584,0018-10-31 22:20:00,18,10,31,22,20,750,119,PLACE ARMAND CARREL,48.88233,2.38173,Nuit sans éclairage public,En agglomération,Place,Normale,Deux véhicules - côté,,,,,,,,,,,3,2,7,1.0,3.0
201800054585,0018-11-02 23:40:00,18,11,2,23,40,750,119,BOULEVARD MACDONALD,48.8986,2.38485,Nuit avec éclairage allumé,En agglomération,Hors intersection,Normale,Trois véhicules et plus - en chaîne,,,,,,,,,,,5,2,1,1.0,4.0
201800054586,0018-11-03 11:35:00,18,11,3,11,35,750,110,BOULEVARD DE LA VILLETTE,,,Plein jour,En agglomération,Place,Normale,Deux véhicules - côté,,,,,,,,,,,1,2,7,1.0,3.0
201800054587,0018-11-03 17:55:00,18,11,3,17,55,750,119,RUE D AUBERVILLIERS,,,Nuit avec éclairage allumé,En agglomération,Intersection en X,Normale,Deux véhicules - côté,,,,,,,,,,,5,2,2,1.0,3.0
201800054588,0018-11-03 23:50:00,18,11,3,23,50,750,119,PLACE DE LA PORTE DE PAN,48.88991,2.39748,Nuit avec éclairage allumé,En agglomération,Place,Normale,Deux véhicules - côté,,,,,,,,,,,5,2,7,1.0,3.0
201800054589,0018-11-04 18:45:00,18,11,4,18,45,750,119,RUE DE CRIMEE,48.88,2.38,Nuit avec éclairage allumé,En agglomération,Intersection en X,Normale,Autre collision,,,,,,,,,,,5,2,2,1.0,6.0
201800054590,0018-11-05 13:00:00,18,11,5,13,0,750,119,BOULEVARD DE LA VILLETTE,48.87963,2.37376,Plein jour,En agglomération,Hors intersection,Normale,Autre collision,,,,,,,,,,,1,2,1,1.0,6.0
201800054591,0018-11-05 18:45:00,18,11,5,18,45,750,119,PORTE DE LA VILLETTE,,,Nuit avec éclairage allumé,En agglomération,Hors intersection,Normale,Trois véhicules et plus - collisions multiples,,,,,,,,,,,5,2,1,1.0,5.0
201800054592,0018-11-05 21:25:00,18,11,5,21,25,750,119,RUE PETIT,48.8858,2.38758,Nuit avec éclairage allumé,En agglomération,Intersection en T,Normale,Autre collision,,,,,,,,,,,5,2,3,1.0,6.0
201800054593,0018-11-09 18:00:00,18,11,9,18,0,750,119,AVENUE JEAN JAURES,48.8866,2.38478,Nuit avec éclairage allumé,En agglomération,Intersection en T,Normale,Deux véhicules - côté,,,,,,,,,,,5,2,3,1.0,3.0
201800054594,0018-11-12 08:40:00,18,11,12,8,40,750,119,AVENUE JEAN JAURES,,,Plein jour,En agglomération,Intersection en T,Pluie légère,Deux véhicules - côté,,,,,,,,,,,1,2,3,2.0,3.0
201800054595,0018-11-15 09:50:00,18,11,15,9,50,750,119,RUE D AUBERVILLIERS,48.88544,2.36572,Plein jour,En agglomération,Intersection en X,Temps couvert,Autre collision,,,,,,,,,,,1,2,2,8.0,6.0
201800054596,0018-11-15 17:40:00,18,11,15,17,40,750,119,PLACE DE LA PORTE DE PAN,,,Nuit avec éclairage allumé,En agglomération,Place,Normale,Trois véhicules et plus - collisions multiples,,,,,,,,,,,5,2,7,1.0,5.0
201800054597,0018-11-16 15:20:00,18,11,16,15,20,750,119,RUE DES CHAUFOURNIERS,48.87794,2.37391,Plein jour,En agglomération,Intersection en X,Normale,Autre collision,,,,,,,,,,,1,2,2,1.0,6.0
201800054598,0018-11-17 06:00:00,18,11,17,6,0,750,119,RUE DE BELLEVILLE,48.87596,2.40208,Nuit avec éclairage allumé,En agglomération,Intersection en X,Normale,Deux véhicules - côté,,,,,,,,,,,5,2,2,1.0,3.0
201800054599,0018-11-17 13:50:00,18,11,17,13,50,750,119,RUE DE BELLEVILLE,48.89,2.3,Plein jour,En agglomération,Intersection en X,Normale,Deux véhicules - frontale,,,,,,,,,,,1,2,2,1.0,1.0
201800054600,0018-11-18 18:15:00,18,11,18,18,15,750,119,BOULEVARD SERURIER,48.87811,2.40595,Nuit avec éclairage allumé,En agglomération,Hors intersection,Normale,Deux véhicules - arrière,,,,,,,,,,,5,2,1,1.0,2.0
201800054601,0018-11-19 12:30:00,18,11,19,12,30,750,119,AVENUE JEAN JAURES,,,Plein jour,En agglomération,Intersection en T,Normale,Sans collision,,,,,,,,,,,1,2,3,1.0,7.0
201800054602,0018-11-19 15:30:00,18,11,19,15,30,750,119,BOULEVARD MACDONALD,,,Plein jour,En agglomération,Hors intersection,Normale,Deux véhicules - arrière,,,,,,,,,,,1,2,1,1.0,2.0
201800054603,0018-11-19 19:30:00,18,11,19,19,30,750,119,RUE BOTZARIS,,,Crépuscule ou aube,En agglomération,Hors intersection,Pluie légère,Autre collision,,,,,,,,,,,2,2,1,2.0,6.0
201800054604,0018-11-20 09:25:00,18,11,20,9,25,750,119,AVENUE JEAN JAURES,48.88431,2.37609,Plein jour,En agglomération,Intersection en T,Pluie légère,Autre collision,,,,,,,,,,,1,2,3,2.0,6.0
201800054605,0018-11-20 12:15:00,18,11,20,12,15,750,119,AVENUE JEAN JAURES,48.88589,2.38243,Plein jour,En agglomération,Intersection en X,Pluie légère,Deux véhicules - côté,,,,,,,,,,,1,2,2,2.0,3.0
201800054606,0018-11-22 23:20:00,18,11,22,23,20,750,119,AVENUE CORENTIN CARIOU,,,Nuit avec éclairage allumé,En agglomération,Hors intersection,Pluie légère,Autre collision,,,,,,,,,,,5,2,1,2.0,6.0
201800054607,0018-11-23 20:00:00,18,11,23,20,0,750,118,PORTE DE LA CHAPELLE,48.90096,2.35771,Nuit avec éclairage allumé,Hors agglomération,Hors intersection,Pluie forte,Autre collision,,,,,,,,,,,5,1,1,3.0,6.0
201800054608,0018-11-25 18:35:00,18,11,25,18,35,750,119,AVENUE DE FLANDRE,48.89,2.38,Nuit avec éclairage allumé,En agglomération,Intersection en X,Normale,Autre collision,,,,,,,,,,,5,2,2,1.0,6.0
201800054609,0018-11-27 20:40:00,18,11,27,20,40,750,119,RUE DE L OURCQ,,,Nuit avec éclairage allumé,En agglomération,Hors intersection,Pluie forte,Autre collision,,,,,,,,,,,5,2,1,3.0,6.0
201800054610,0018-11-29 16:15:00,18,11,29,16,15,750,119,RUE DAVID D ANGERS,48.882,2.389,Plein jour,En agglomération,Intersection en T,Normale,Deux véhicules - côté,,,,,,,,,,,1,2,3,1.0,3.0
201800054611,0018-11-29 17:55:00,18,11,29,17,55,750,119,AVENUE DE FLANDRE,48.89199,2.37876,Nuit avec éclairage allumé,En agglomération,Intersection en X,Normale,Sans collision,,,,,,,,,,,5,2,2,1.0,7.0
201800054612,0018-11-30 13:50:00,18,11,30,13,50,750,119,AVENUE JEAN JAURES,48.88413,2.37745,Plein jour,En agglomération,Intersection en T,Normale,Autre collision,,,,,,,,,,,1,2,3,1.0,6.0
201800054613,0018-11-30 19:00:00,18,11,30,19,0,750,119,PLACE AUGUSTE BARON,48.90021,2.38875,Nuit avec éclairage allumé,En agglomération,Place,Normale,Deux véhicules - côté,,,,,,,,,,,5,2,7,1.0,3.0
201800054614,0018-12-01 16:20:00,18,12,1,16,20,750,119,AVENUE JEAN JAURES,48.88405,2.37515,Crépuscule ou aube,En agglomération,Hors intersection,Pluie légère,Autre collision,,,,,,,,,,,2,2,1,2.0,6.0
201800054615,0018-12-02 01:10:00,18,12,2,1,10,750,119,PLACE AUGUSTE BARON,48.90102,2.38777,Nuit avec éclairage allumé,En agglomération,Place,Pluie forte,Autre collision,,,,,,,,,,,5,2,7,3.0,6.0
201800054616,0018-12-02 09:10:00,18,12,2,9,10,750,119,PLACE AUGUSTE BARON,,,Plein jour,En agglomération,Place,Pluie légère,Autre collision,,,,,,,,,,,1,2,7,2.0,6.0
201800054617,0018-12-02 17:40:00,18,12,2,17,40,750,119,RUE ARMAND CARREL,48.88,2.38,Crépuscule ou aube,En agglomération,Intersection en X,Temps couvert,Autre collision,,,,,,,,,,,2,2,2,8.0,6.0
201800054618,0018-12-03 17:00:00,18,12,3,17,0,750,119,AVENUE SIMON BOLIVAR,48.87847,2.37415,Nuit avec éclairage allumé,En agglomération,Intersection en X,Pluie légère,Deux véhicules - côté,,,,,,,,,,,5,2,2,2.0,3.0
201800054619,0018-12-04 07:40:00,18,12,4,7,40,750,119,RUE DE L OURCQ,48.88718,2.38459,Crépuscule ou aube,En agglomération,Hors intersection,Pluie légère,Autre collision,,,,,,,,,,,2,2,1,2.0,6.0
201800054620,0018-12-04 08:50:00,18,12,4,8,50,750,119,AVENUE DE FLANDRE,,,Plein jour,En agglomération,Intersection en X,Temps couvert,Autre collision,,,,,,,,,,,1,2,2,8.0,6.0
201800054621,0018-12-04 11:20:00,18,12,4,11,20,750,119,BOULEVARD PERIPHERIQUE,48.9,2.374,Plein jour,Hors agglomération,Hors intersection,Temps couvert,Deux véhicules - arrière,,,,,,,,,,,1,1,1,8.0,2.0
201800054622,0018-12-04 18:25:00,18,12,4,18,25,750,119,BOULEVARD SERURIER,48.89433,2.39443,Nuit avec éclairage allumé,En agglomération,Hors intersection,Normale,Deux véhicules - côté,,,,,,,,,,,5,2,1,1.0,3.0
201800054623,0018-12-06 14:40:00,18,12,6,14,40,750,119,RUE SIGMUND FREUD,48.88292,2.40112,Plein jour,En agglomération,Hors intersection,Temps couvert,Autre collision,,,,,,,,,,,1,2,1,8.0,6.0
201800054624,0018-12-06 18:15:00,18,12,6,18,15,750,119,RUE DE CRIMEE,48.88139,2.38734,Nuit avec éclairage allumé,En agglomération,Hors intersection,Normale,Autre collision,,,,,,,,,,,5,2,1,1.0,6.0
201800054625,0018-12-06 20:20:00,18,12,6,20,20,750,119,AVENUE JEAN JAURES,48.88422,2.37567,Nuit avec éclairage allumé,En agglomération,Intersection en T,Normale,Autre collision,,,,,,,,,,,5,2,3,1.0,6.0
201800054626,0018-12-08 19:00:00,18,12,8,19,0,750,119,RUE DE L OURCQ,,,Nuit avec éclairage allumé,En agglomération,Intersection en T,Pluie légère,Autre collision,,,,,,,,,,,5,2,3,2.0,6.0
201800054627,0018-12-10 15:00:00,18,12,10,15,0,750,119,RUE DE CRIMEE,48.89513,2.37224,Plein jour,En agglomération,Intersection en X,Pluie légère,Deux véhicules - côté,,,,,,,,,,,1,2,2,2.0,3.0
201800054628,0018-12-11 00:25:00,18,12,11,0,25,750,119,BOULEVARD SERURIER,48.877,2.405,Nuit avec éclairage allumé,En agglomération,Intersection en X,Normale,Deux véhicules - arrière,,,,,,,,,,,5,2,2,1.0,2.0
201800054629,0018-12-11 09:00:00,18,12,11,9,0,750,119,QUAI DE LA SEINE,48.88715,2.37556,Plein jour,En agglomération,Intersection en T,Normale,Autre collision,,,,,,,,,,,1,2,3,1.0,6.0
201800054630,0018-12-12 18:30:00,18,12,12,18,30,750,119,RUE D AUBERVILLIERS,,,Nuit avec éclairage allumé,En agglomération,Intersection en X,Normale,Deux véhicules - côté,,,,,,,,,,,5,2,2,1.0,3.0
201800054631,0018-12-12 23:00:00,18,12,12,23,0,750,119,RUE DE MEAUX,48.8786,2.374,Nuit avec éclairage allumé,En agglomération,Place,Normale,Autre collision,,,,,,,,,,,5,2,7,1.0,6.0
201800054632,0018-12-14 00:16:00,18,12,14,0,16,750,119,AVENUE DE FLANDRE,48.88845,2.37433,Nuit avec éclairage allumé,En agglomération,Intersection en X,Normale,Deux véhicules - arrière,,,,,,,,,,,5,2,2,1.0,2.0
201800054633,0018-12-14 14:50:00,18,12,14,14,50,750,119,RUE MATHIS,48.8912,2.37367,Plein jour,En agglomération,Intersection en T,Normale,Autre collision,,,,,,,,,,,1,2,3,1.0,6.0
201800054634,0018-12-16 23:10:00,18,12,16,23,10,750,119,BOULEVARD SERURIER,48.88253,2.40135,Nuit avec éclairage allumé,En agglomération,Intersection à plus de 4 branches,Pluie forte,Deux véhicules - côté,,,,,,,,,,,5,2,5,3.0,3.0
201800054635,0018-12-21 09:50:00,18,12,21,9,50,750,119,AVENUE SECRETAN,,,Plein jour,En agglomération,Intersection en X,Pluie légère,Autre collision,,,,,,,,,,,1,2,2,2.0,6.0
201800054636,0018-12-22 18:00:00,18,12,22,18,0,750,119,AVENUE DE FLANDRE,48.88896,2.37439,Nuit avec éclairage allumé,En agglomération,Hors intersection,Temps couvert,Deux véhicules - côté,,,,,,,,,,,5,2,1,8.0,3.0
201800054637,0018-12-23 08:36:00,18,12,23,8,36,750,119,BOULEVARD DE LA VILLETTE,48.86441,2.36679,Crépuscule ou aube,En agglomération,Intersection en T,Pluie légère,Deux véhicules - côté,,,,,,,,,,,2,2,3,2.0,3.0
201800054638,0018-01-05 05:15:00,18,1,5,5,15,750,120,"148, RUE D AVRON",48.8533,2.40967,Nuit avec éclairage allumé,En agglomération,Intersection en T,Pluie légère,Autre collision,,,,,,,,,,,5,2,3,2.0,6.0
201800054639,0018-01-11 15:15:00,18,1,11,15,15,750,120,"101, RUE DE MENILMONTANT",48.8691,2.39141,Plein jour,En agglomération,Intersection en T,Temps couvert,Deux véhicules - côté,,,,,,,,,,,1,2,3,8.0,3.0
201800054640,0018-01-13 20:25:00,18,1,13,20,25,750,120,"113, RUE DE MENILMONTANT",48.8693,2.3926,Nuit avec éclairage allumé,En agglomération,Hors intersection,Normale,Autre collision,,,,,,,,,,,5,2,1,1.0,6.0
201800054641,0018-01-14 10:30:00,18,1,14,10,30,750,111,"679, RUE DE CHARONNE",48.8561,2.39279,Plein jour,En agglomération,Intersection en T,Normale,Deux véhicules - côté,,,,,,,,,,,1,2,3,1.0,3.0
201800054642,0018-01-14 21:40:00,18,1,14,21,40,750,120,"74, RUE D AVRON",48.8523,2.40405,Nuit avec éclairage allumé,En agglomération,Intersection en T,Normale,Sans collision,,,,,,,,,,,5,2,3,1.0,7.0
201800054643,0018-01-16 11:40:00,18,1,16,11,40,750,120,"274, RUE DES PYRENEES",48.87,2.39449,Plein jour,En agglomération,Intersection en X,Normale,Autre collision,,,,,,,,,,,1,2,2,1.0,6.0
201800054644,0018-01-16 13:00:00,18,1,16,13,0,750,120,"142, RUE DES PYRENEES",48.8592,2.4021,Plein jour,En agglomération,Intersection en X,Normale,Deux véhicules - côté,,,,,,,,,,,1,2,2,1.0,3.0
201800054645,0018-01-16 17:50:00,18,1,16,17,50,750,120,"44, RUE BELGRAND",48.8646,2.40457,Nuit avec éclairage allumé,En agglomération,Intersection en X,Pluie légère,Autre collision,,,,,,,,,,,5,2,2,2.0,6.0
201800054646,0018-01-16 20:05:00,18,1,16,20,5,750,120,"100, RUE DES ORTEAUX",48.8557,2.40824,Nuit avec éclairage allumé,En agglomération,Intersection en X,Pluie légère,Sans collision,,,,,,,,,,,5,2,2,2.0,7.0
201800054647,0018-01-19 13:30:00,18,1,19,13,30,750,120,"95 BIS, RUE DES MARAICHE",48.8561,2.40548,Plein jour,En agglomération,Intersection en X,Pluie légère,Autre collision,,,,,,,,,,,1,2,2,2.0,6.0
201800054648,0018-01-19 14:35:00,18,1,19,14,35,750,120,"15, AVENUE GAMBETTA",48.8636,2.39028,Plein jour,En agglomération,Hors intersection,Pluie légère,Trois véhicules et plus - en chaîne,,,,,,,,,,,1,2,1,2.0,4.0
201800054649,0018-01-20 23:50:00,18,1,20,23,50,750,120,"78, BOULEVARD DE MENILMO",48.8642,2.38613,Nuit avec éclairage allumé,En agglomération,Intersection en T,Pluie légère,Deux véhicules - arrière,,,,,,,,,,,5,2,3,2.0,2.0
201800054650,0018-01-23 21:16:00,18,1,23,21,16,750,120,RUE D AVRON,48.8527,2.40609,Nuit avec éclairage allumé,En agglomération,Intersection en X,Normale,Autre collision,,,,,,,,,,,5,2,2,1.0,6.0
201800054651,0018-01-24 04:40:00,18,1,24,4,40,750,120,AVENUE IBSEN,48.8661,2.4122,Nuit avec éclairage allumé,En agglomération,Hors intersection,Normale,Autre collision,,,,,,,,,,,5,2,1,1.0,6.0
201800054652,0018-01-24 18:00:00,18,1,24,18,0,750,120,RUE DES PYRENEES,48.8711,2.39302,Crépuscule ou aube,En agglomération,Intersection en T,Normale,Deux véhicules - côté,,,,,,,,,,,2,2,3,1.0,3.0
201800054653,0018-01-26 06:49:00,18,1,26,6,49,750,120,"122, AVENUE GAMBETTA",48.8717,2.40437,Crépuscule ou aube,En agglomération,Intersection en X,Normale,Trois véhicules et plus - en chaîne,,,,,,,,,,,2,2,2,1.0,4.0
201800054654,0018-01-26 09:45:00,18,1,26,9,45,750,120,"12, RUE SCHUBERT",48.8528,2.4116,Plein jour,En agglomération,Intersection en Y,Normale,Autre collision,,,,,,,,,,,1,2,4,1.0,6.0
201800054655,0018-01-27 05:20:00,18,1,27,5,20,750,120,"10BIS, RUE DES FOUGERES",48.872,2.41059,Nuit avec éclairage allumé,En agglomération,Intersection en Y,Pluie légère,Autre collision,,,,,,,,,,,5,2,4,2.0,6.0
201800054656,0018-01-29 20:50:00,18,1,29,20,50,750,120,"8, RUE DE BELLEVILLE",48.8721,2.37705,Nuit avec éclairage allumé,En agglomération,Intersection en X,Normale,Autre collision,,,,,,,,,,,5,2,2,1.0,6.0
201800054657,0018-01-30 08:25:00,18,1,30,8,25,750,120,"89, COURS DE VINCENNES",48.8476,2.4083,Plein jour,En agglomération,Hors intersection,Normale,Sans collision,,,,,,,,,,,1,2,1,1.0,7.0
201800054658,0018-01-30 08:25:00,18,1,30,8,25,750,120,AVENUE IBSEN,48.8654,2.41157,Plein jour,En agglomération,Intersection en X,Normale,Deux véhicules - arrière,,,,,,,,,,,1,2,2,1.0,2.0
201800054659,0018-02-01 18:15:00,18,2,1,18,15,750,120,"124, RUE DE MENILMONTANT",48.8701,2.39575,Nuit avec éclairage allumé,En agglomération,Intersection en X,Normale,Autre collision,,,,,,,,,,,5,2,2,1.0,6.0
201800054660,0018-02-03 00:15:00,18,2,3,0,15,750,120,"348, RUE DES PYRENEES",48.8738,2.38772,Nuit avec éclairage allumé,En agglomération,Hors intersection,Normale,Deux véhicules - frontale,,,,,,,,,,,5,2,1,1.0,1.0
201800054661,0018-02-03 18:35:00,18,2,3,18,35,750,120,"37, AVENUE GAMBETTA",48.8643,2.3929,Nuit avec éclairage allumé,En agglomération,Hors intersection,Pluie légère,Deux véhicules - côté,,,,,,,,,,,5,2,1,2.0,3.0
201800054662,0018-02-03 22:00:00,18,2,3,22,0,750,120,ECHANGEUR MONTREUIL,48.8546,2.41343,Nuit sans éclairage public,En agglomération,Place,Pluie légère,Deux véhicules - arrière,,,,,,,,,,,3,2,7,2.0,2.0
201800054663,0018-02-04 06:55:00,18,2,4,6,55,750,120,"2, AVENUE DE LA PORTE DE",48.8535,2.4106,Nuit sans éclairage public,En agglomération,Intersection en X,Pluie légère,Autre collision,,,,,,,,,,,3,2,2,2.0,6.0
201800054664,0018-02-06 07:10:00,18,2,6,7,10,750,120,"71, BOULEVARD DAVOUT",48.8535,2.4106,Nuit avec éclairage allumé,En agglomération,Intersection en X,Neige / grêle,Deux véhicules - arrière,,,,,,,,,,,5,2,2,4.0,2.0
201800054665,0018-02-15 17:20:00,18,2,15,17,20,750,120,"276, RUE DES PYRENEES",48.87,2.39449,Plein jour,En agglomération,Intersection en X,Pluie légère,Sans collision,,,,,,,,,,,1,2,2,2.0,7.0
201800054666,0018-02-15 19:46:00,18,2,15,19,46,750,120,BOULEVARD DAVOUT,48.8535,2.4106,Nuit avec éclairage allumé,En agglomération,Intersection en X,Pluie légère,Deux véhicules - côté,,,,,,,,,,,5,2,2,2.0,3.0
201800054667,0018-02-21 09:10:00,18,2,21,9,10,750,120,AVENUE CARTELLIER,48.8643,2.4128,Plein jour,En agglomération,Intersection en Y,Normale,Deux véhicules - côté,,,,,,,,,,,1,2,4,1.0,3.0
201800054668,0018-02-21 23:40:00,18,2,21,23,40,750,120,RUE ALEXANDRE DUMAS,48.8551,2.39868,Nuit avec éclairage allumé,En agglomération,Intersection en X,Normale,Deux véhicules - côté,,,,,,,,,,,5,2,2,1.0,3.0
201800054669,0018-02-24 23:00:00,18,2,24,23,0,750,120,"116, RUE DES PYRENEES",48.8571,2.40436,Nuit avec éclairage allumé,En agglomération,Intersection en Y,Normale,Deux véhicules - côté,,,,,,,,,,,5,2,4,1.0,3.0
201800054670,0018-02-26 17:35:00,18,2,26,17,35,750,120,"47, RUE VITRUVE",48.8589,2.40585,Plein jour,En agglomération,Intersection en X,Normale,Autre collision,,,,,,,,,,,1,2,2,1.0,6.0
201800054671,0018-02-26 18:00:00,18,2,26,18,0,750,120,"21-23, RUE D ANNAM",48.8674,2.39476,Crépuscule ou aube,En agglomération,Hors intersection,Normale,Autre collision,,,,,,,,,,,2,2,1,1.0,6.0
201800054672,0018-03-02 14:05:00,18,3,2,14,5,750,120,"19, AVENUE GAMBETTA",48.8638,2.39109,Plein jour,En agglomération,Intersection en T,Normale,Deux véhicules - côté,,,,,,,,,,,1,2,3,1.0,3.0
201800054673,0018-03-05 00:01:00,18,3,5,0,1,750,120,"144, RUE D AVRON",48.8533,2.40967,Nuit avec éclairage allumé,En agglomération,Intersection en T,Normale,Deux véhicules - arrière,,,,,,,,,,,5,2,3,1.0,2.0
201800054674,0018-03-05 09:20:00,18,3,5,9,20,750,120,"182, RUE DES PYRENEES",48.8624,2.40004,Plein jour,En agglomération,Hors intersection,Normale,Deux véhicules - côté,,,,,,,,,,,1,2,1,1.0,3.0
201800054675,0018-03-05 18:20:00,18,3,5,18,20,750,120,"224, RUE DES PYRENEES",48.8667,2.39709,Plein jour,En agglomération,Intersection en X,Normale,Deux véhicules - arrière,,,,,,,,,,,1,2,2,1.0,2.0
201800054676,0018-03-06 09:50:00,18,3,6,9,50,750,120,"23, AVENUE DE LA PORTE D",48.8466,2.41598,Plein jour,En agglomération,Intersection en X,Normale,Deux véhicules - côté,,,,,,,,,,,1,2,2,1.0,3.0
201800054677,0018-03-07 20:40:00,18,3,7,20,40,750,120,"42, RUE DE MENILMONTANT",48.8679,2.38657,Nuit avec éclairage allumé,En agglomération,Intersection en T,Normale,Autre collision,,,,,,,,,,,5,2,3,1.0,6.0
201800054678,0018-03-09 00:35:00,18,3,9,0,35,750,120,"175, RUE DES PYRENEES",48.8605,2.40071,Nuit avec éclairage allumé,En agglomération,Hors intersection,Normale,Autre collision,,,,,,,,,,,5,2,1,1.0,6.0
201800054679,0018-03-12 06:35:00,18,3,12,6,35,750,120,"22, RUE LESAGE",48.8724,2.38235,Crépuscule ou aube,En agglomération,Intersection en X,Normale,Deux véhicules - côté,,,,,,,,,,,2,2,2,1.0,3.0
201800054680,0018-03-12 15:45:00,18,3,12,15,45,750,120,"59, BOULEVARD MORTIER",48.8679,2.40891,Plein jour,En agglomération,Intersection en X,Normale,Autre collision,,,,,,,,,,,1,2,2,1.0,6.0
201800054681,0018-03-16 15:25:00,18,3,16,15,25,750,120,"55, RUE DES PYRENEES",48.8519,2.40619,Plein jour,En agglomération,Hors intersection,Normale,Deux véhicules - côté,,,,,,,,,,,1,2,1,1.0,3.0
201800054682,0018-03-23 07:30:00,18,3,23,7,30,750,120,"8, RUE RAMPONEAU",48.871,2.37903,Plein jour,En agglomération,Hors intersection,Normale,Autre collision,,,,,,,,,,,1,2,1,1.0,6.0
201800054683,0018-03-24 11:20:00,18,3,24,11,20,750,112,AVENUE DU TREMBLAY,48.8339,2.45517,Plein jour,En agglomération,Hors intersection,Normale,Autre collision,,,,,,,,,,,1,2,1,1.0,6.0
201800054684,0018-03-30 18:34:00,18,3,30,18,34,750,120,AVENUE GAMBETTA,48.865,2.3955,Plein jour,En agglomération,Place,Normale,Sans collision,,,,,,,,,,,1,2,7,1.0,7.0