accident_id,datetime,annee,mois,jour,heure,minute,departement,commune_insee,adresse,latitude,longitude,luminosite,agglomeration,intersection,meteo,collision,nb_vehicules,nb_usagers,nb_indemnes,nb_tues,nb_blesses_hosp,nb_blesses_legers,age_cond_1,age_cond_2,veh_type_cond_1,veh_type_cond_2,lum_code,agg_code,int_code,atm_code,col_code
201800054685,0018-04-06 09:40:00,18,4,6,9,40,750,120,"78, RUE HAXO",48.8739,2.4034,Plein jour,En agglomération,Intersection en T,Normale,Sans collision,,,,,,,,,,,1,2,3,1.0,7.0
201800054686,0018-04-08 14:10:00,18,4,8,14,10,750,120,RUE DES PYRENEES,48.8731,2.39037,Plein jour,En agglomération,Hors intersection,Normale,Autre collision,,,,,,,,,,,1,2,1,1.0,6.0
201800054687,0018-04-10 14:30:00,18,4,10,14,30,750,120,"60, RUE DES RONDEAUX",48.8638,2.39686,Plein jour,En agglomération,Hors intersection,Normale,Autre collision,,,,,,,,,,,1,2,1,1.0,6.0
201800054688,0018-04-10 15:20:00,18,4,10,15,20,750,120,", RUE HENRI POINCARE",48.8712,2.40081,Plein jour,En agglomération,Intersection en T,Normale,Autre collision,,,,,,,,,,,1,2,3,1.0,6.0
201800054689,0018-04-11 23:00:00,18,4,11,23,0,750,120,"43, RUE DES PYRENEES",48.8509,2.40635,Nuit avec éclairage allumé,En agglomération,Hors intersection,Normale,Deux véhicules - côté,,,,,,,,,,,5,2,1,1.0,3.0
201800054690,0018-04-12 00:35:00,18,4,12,0,35,750,120,AVENUE CARTELLIER,48.8639,2.41342,Nuit avec éclairage allumé,En agglomération,Hors intersection,Normale,Autre collision,,,,,,,,,,,5,2,1,1.0,6.0
201800054691,0018-04-13 08:55:00,18,4,13,8,55,750,120,"110, BOULEVARD DE CHARON",48.8544,2.39613,Plein jour,En agglomération,Intersection en X,Normale,Deux véhicules - côté,,,,,,,,,,,1,2,2,1.0,3.0
201800054692,0018-04-14 16:50:00,18,4,14,16,50,750,120,"6, AVENUE DE LA PORTE DE",48.8648,2.41011,Plein jour,En agglomération,Intersection en T,Normale,Deux véhicules - arrière,,,,,,,,,,,1,2,3,1.0,2.0
201800054693,0018-04-15 01:20:00,18,4,15,1,20,750,111,"25, AVENUE DE LA REPUBLI",48.8658,2.37168,Nuit avec éclairage allumé,En agglomération,Hors intersection,Normale,Autre collision,,,,,,,,,,,5,2,1,1.0,6.0
201800054694,0018-04-16 13:00:00,18,4,16,13,0,750,120,"227, BOULEVARD DAVOUT",48.8641,2.40865,Plein jour,En agglomération,Place,Normale,Autre collision,,,,,,,,,,,1,2,7,1.0,6.0
201800054695,0018-04-17 11:10:00,18,4,17,11,10,750,120,AVENUE GAMBETTA,48.865,2.3955,Plein jour,En agglomération,Intersection à plus de 4 branches,Normale,Autre collision,,,,,,,,,,,1,2,5,1.0,6.0
201800054696,0018-04-17 17:20:00,18,4,17,17,20,750,120,PLACE DE LA PORTE DE MON,48.8585,2.41411,Plein jour,En agglomération,Hors intersection,Normale,Deux véhicules - arrière,,,,,,,,,,,1,2,1,1.0,2.0
201800054697,0018-04-18 09:45:00,18,4,18,9,45,750,120,"68, RUE DES ORTEAUX",48.856,2.40598,Plein jour,En agglomération,Hors intersection,Temps éblouissant,Autre collision,,,,,,,,,,,1,2,1,7.0,6.0
201800054698,0018-04-20 08:15:00,18,4,20,8,15,750,120,PLACE GAMBETTA,48.8649,2.3981,Plein jour,En agglomération,Place,Normale,Deux véhicules - arrière,,,,,,,,,,,1,2,7,1.0,2.0
201800054699,0018-04-20 22:05:00,18,4,20,22,5,750,120,BOULEVARD PERIPHERIQUE I,48.8505,2.4152,Nuit avec éclairage allumé,En agglomération,Hors intersection,Normale,Deux véhicules - côté,,,,,,,,,,,5,2,1,1.0,3.0
201800054700,0018-04-21 17:10:00,18,4,21,17,10,750,120,"5, RUE DES DOCTEURS DEJE",48.8547,2.41204,Plein jour,En agglomération,Intersection en X,Normale,Deux véhicules - côté,,,,,,,,,,,1,2,2,1.0,3.0
201800054701,0018-04-23 11:50:00,18,4,23,11,50,750,120,"24, RUE PELLEPORT",48.8634,2.40409,Plein jour,En agglomération,Intersection en T,Normale,Sans collision,,,,,,,,,,,1,2,3,1.0,7.0
201800054702,0018-04-24 13:35:00,18,4,24,13,35,750,120,BOULEVARD PERIPHERIQUE,48.8639,2.41336,Plein jour,En agglomération,Hors intersection,Temps éblouissant,Trois véhicules et plus - en chaîne,,,,,,,,,,,1,2,1,7.0,4.0
201800054703,0018-04-24 15:50:00,18,4,24,15,50,750,120,"112, RUE DE BELLEVILLE",48.8747,2.38742,Plein jour,En agglomération,Intersection en T,Normale,Autre collision,,,,,,,,,,,1,2,3,1.0,6.0
201800054704,0018-04-24 16:15:00,18,4,24,16,15,750,120,"247, RUE DES PYRENEES",48.8658,2.39776,Plein jour,En agglomération,Intersection en T,Temps éblouissant,Autre collision,,,,,,,,,,,1,2,3,7.0,6.0
201800054705,0018-04-24 17:45:00,18,4,24,17,45,750,120,"4, PLACE GAMBETTA",48.8647,2.39862,Plein jour,En agglomération,Place,Normale,Deux véhicules - côté,,,,,,,,,,,1,2,7,1.0,3.0
201800054706,0018-04-24 20:15:00,18,4,24,20,15,750,120,"16, RUE DE BAGNOLET",48.8568,2.39595,Crépuscule ou aube,En agglomération,Intersection en T,Normale,Deux véhicules - arrière,,,,,,,,,,,2,2,3,1.0,2.0
201800054707,0018-04-25 11:30:00,18,4,25,11,30,750,120,AVENUE DE LA PORTE DE BA,48.8648,2.41011,Plein jour,En agglomération,Intersection en T,Pluie légère,Trois véhicules et plus - collisions multiples,,,,,,,,,,,1,2,3,2.0,5.0
201800054708,0018-04-27 08:50:00,18,4,27,8,50,750,120,"90, RUE LOUIS LUMIERE",48.8634,2.41072,Plein jour,En agglomération,Hors intersection,Normale,Autre collision,,,,,,,,,,,1,2,1,1.0,6.0
201800054709,0018-04-27 16:30:00,18,4,27,16,30,750,120,"17, RUE BELGRAND",48.8646,2.40587,Plein jour,En agglomération,Intersection à plus de 4 branches,Normale,Trois véhicules et plus - en chaîne,,,,,,,,,,,1,2,5,1.0,4.0
201800054710,0018-04-27 19:40:00,18,4,27,19,40,750,120,"0, AVENUE DU PROFESSEUR",48.8544,2.41543,Plein jour,En agglomération,Intersection en X,Normale,Deux véhicules - côté,,,,,,,,,,,1,2,2,1.0,3.0
201800054711,0018-04-28 20:15:00,18,4,28,20,15,750,120,"78, BOULEVARD DE BELLEVI",48.8697,2.37981,Plein jour,En agglomération,Hors intersection,Normale,Autre collision,,,,,,,,,,,1,2,1,1.0,6.0
201800054712,0018-05-02 10:20:00,18,5,2,10,20,750,120,"75, RUE PELLEPORT",48.8683,2.40139,Plein jour,En agglomération,Intersection à plus de 4 branches,Normale,Autre collision,,,,,,,,,,,1,2,5,1.0,6.0
201800054713,0018-05-06 18:45:00,18,5,6,18,45,750,120,"347, RUE DES PYRENEES",48.872,2.39184,Plein jour,En agglomération,Intersection en X,Normale,Deux véhicules - côté,,,,,,,,,,,1,2,2,1.0,3.0
201800054714,0018-05-07 00:45:00,18,5,7,0,45,750,120,RUE DES PYRENEES,48.8554,2.40528,Nuit avec éclairage allumé,En agglomération,Intersection en T,Normale,Deux véhicules - côté,,,,,,,,,,,5,2,3,1.0,3.0
201800054715,0018-05-07 15:35:00,18,5,7,15,35,750,120,"15, RUE DU COMMANDANT L",48.8481,2.41628,Plein jour,En agglomération,Hors intersection,Normale,Autre collision,,,,,,,,,,,1,2,1,1.0,6.0
201800054716,0018-05-08 18:00:00,18,5,8,18,0,750,120,RUE DES PYRENEES,48.8515,2.40623,Plein jour,En agglomération,Intersection en X,Normale,Deux véhicules - côté,,,,,,,,,,,1,2,2,1.0,3.0
201800054717,0018-05-09 02:00:00,18,5,9,2,0,750,119,"321, RUE DE BELLEVILLE",48.8765,2.40416,Nuit avec éclairage allumé,En agglomération,Hors intersection,Normale,Deux véhicules - côté,,,,,,,,,,,5,2,1,1.0,3.0
201800054718,0018-05-10 08:50:00,18,5,10,8,50,750,120,"2, PLACE AUGUSTE METIVIE",48.8629,2.38742,Plein jour,En agglomération,Place,Normale,Deux véhicules - arrière,,,,,,,,,,,1,2,7,1.0,2.0
201800054719,0018-05-14 19:30:00,18,5,14,19,30,750,120,"140, RUE PELLEPORT",48.8714,2.39872,Plein jour,En agglomération,Hors intersection,Pluie légère,Sans collision,,,,,,,,,,,1,2,1,2.0,7.0
201800054720,0018-05-15 19:05:00,18,5,15,19,5,750,120,"2, AVENUE DE LA PORTE DE",48.8535,2.4106,Plein jour,En agglomération,Intersection en X,Normale,Deux véhicules - côté,,,,,,,,,,,1,2,2,1.0,3.0
201800054721,0018-05-18 00:01:00,18,5,18,0,1,750,120,"139, RUE DES PYRENEES",48.8584,2.40297,Nuit avec éclairage allumé,En agglomération,Hors intersection,Normale,Deux véhicules - côté,,,,,,,,,,,5,2,1,1.0,3.0
201800054722,0018-05-18 15:15:00,18,5,18,15,15,750,120,RUE DU COMMANDANT L HERM,48.8484,2.41633,Plein jour,En agglomération,Intersection en T,Normale,Deux véhicules - côté,,,,,,,,,,,1,2,3,1.0,3.0
201800054723,0018-05-19 10:30:00,18,5,19,10,30,750,120,"164, RUE DE BAGNOLET",48.8633,2.4073,Plein jour,En agglomération,Hors intersection,Normale,Deux véhicules - côté,,,,,,,,,,,1,2,1,1.0,3.0
201800054724,0018-05-19 16:59:00,18,5,19,16,59,750,120,"6, RUE LEON FRAPIE",48.8736,2.41111,Plein jour,En agglomération,Hors intersection,Normale,Autre collision,,,,,,,,,,,1,2,1,1.0,6.0
201800054725,0018-05-19 20:50:00,18,5,19,20,50,750,120,"27, RUE DES PYRENEES",48.8494,2.40649,Plein jour,En agglomération,Intersection en T,Normale,Deux véhicules - côté,,,,,,,,,,,1,2,3,1.0,3.0
201800054726,0018-05-19 20:40:00,18,5,19,20,40,750,120,"116, BOULEVARD DE BELLEV",48.8712,2.37799,Nuit avec éclairage non allumé,En agglomération,Hors intersection,Normale,Autre collision,,,,,,,,,,,4,2,1,1.0,6.0
201800054727,0018-05-20 17:20:00,18,5,20,17,20,750,120,"53, RUE D AVRON",48.852,2.40241,Plein jour,En agglomération,Hors intersection,Normale,Autre collision,,,,,,,,,,,1,2,1,1.0,6.0
201800054728,0018-05-22 12:30:00,18,5,22,12,30,750,120,"/, AVENUE CARTELLIER",48.8645,2.41249,Plein jour,En agglomération,Hors intersection,Normale,Deux véhicules - côté,,,,,,,,,,,1,2,1,1.0,3.0
201800054729,0018-05-22 16:40:00,18,5,22,16,40,750,120,"8BIS, RUE BELGRAND",48.8648,2.39969,Plein jour,En agglomération,Intersection en Y,Pluie forte,Autre collision,,,,,,,,,,,1,2,4,3.0,6.0
201800054730,0018-05-25 12:20:00,18,5,25,12,20,750,120,"09, RUE DE L INDRE",48.8632,2.40396,Plein jour,En agglomération,Hors intersection,Normale,Autre collision,,,,,,,,,,,1,2,1,1.0,6.0
201800054731,0018-05-26 23:40:00,18,5,26,23,40,750,120,"76, RUE BELGRAND",48.8645,2.40737,Nuit avec éclairage allumé,En agglomération,Hors intersection,Normale,Trois véhicules et plus - collisions multiples,,,,,,,,,,,5,2,1,1.0,5.0
201800054732,0018-05-28 07:50:00,18,5,28,7,50,750,120,RUE DES PYRENEES,48.8562,2.40489,Plein jour,En agglomération,Intersection en X,Normale,Deux véhicules - côté,,,,,,,,,,,1,2,2,1.0,3.0
201800054733,0018-05-29 13:00:00,18,5,29,13,0,750,120,"25, RUE MOURAUD",48.8557,2.40824,Plein jour,En agglomération,Intersection en X,Pluie légère,Deux véhicules - côté,,,,,,,,,,,1,2,2,2.0,3.0
201800054734,0018-05-30 11:50:00,18,5,30,11,50,750,120,RUE SERPOLLET,48.8606,2.40933,Plein jour,En agglomération,Intersection en X,Normale,Autre collision,,,,,,,,,,,1,2,2,1.0,6.0
201800054735,0018-05-31 17:25:00,18,5,31,17,25,750,120,AVENUE GAMBETTA,48.8634,2.38942,Plein jour,En agglomération,Hors intersection,Normale,Autre collision,,,,,,,,,,,1,2,1,1.0,6.0
201800054736,0018-06-01 14:20:00,18,6,1,14,20,750,120,AVENUE DE LA PORTE DE VI,48.847,2.41503,Plein jour,En agglomération,Giratoire,Temps couvert,Trois véhicules et plus - collisions multiples,,,,,,,,,,,1,2,6,8.0,5.0
201800054737,0018-06-01 21:40:00,18,6,1,21,40,750,120,"66, RUE DES ORTEAUX",48.8562,2.40489,Crépuscule ou aube,En agglomération,Intersection en X,Pluie légère,Deux véhicules - frontale,,,,,,,,,,,2,2,2,2.0,1.0
201800054738,0018-06-03 17:15:00,18,6,3,17,15,750,120,"73, RUE SAINT BLAISE",48.8567,2.40925,Plein jour,En agglomération,Intersection en T,Normale,Deux véhicules - côté,,,,,,,,,,,1,2,3,1.0,3.0
201800054739,0018-06-04 12:20:00,18,6,4,12,20,750,120,"2, AVENUE DU PROFESSEUR",48.8551,2.41529,Plein jour,En agglomération,Hors intersection,Normale,Sans collision,,,,,,,,,,,1,2,1,1.0,7.0
201800054740,0018-06-05 12:25:00,18,6,5,12,25,750,120,"06, RUE PAGANINI",48.8513,2.41189,Plein jour,En agglomération,Intersection en X,Temps couvert,Autre collision,,,,,,,,,,,1,2,2,8.0,6.0
201800054741,0018-06-05 18:10:00,18,6,5,18,10,750,120,"89, AVENUE GAMBETTA",48.8659,2.39931,Plein jour,En agglomération,Hors intersection,Normale,Autre collision,,,,,,,,,,,1,2,1,1.0,6.0
201800054742,0018-06-12 14:00:00,18,6,12,14,0,750,120,"55, RUE DES FRERES FLAVI",48.8781,2.41109,Plein jour,En agglomération,Hors intersection,Normale,Deux véhicules - côté,,,,,,,,,,,1,2,1,1.0,3.0
201800054743,0018-06-14 11:20:00,18,6,14,11,20,750,120,"94, BOULEVARD DE CHARONN",48.8535,2.39685,Plein jour,En agglomération,Hors intersection,Normale,Autre collision,,,,,,,,,,,1,2,1,1.0,6.0
201800054744,0018-06-15 03:15:00,18,6,15,3,15,750,120,"23, RUE FREDERICK LEMAIT",48.8745,2.39286,Nuit avec éclairage allumé,En agglomération,Intersection en X,Normale,Deux véhicules - côté,,,,,,,,,,,5,2,2,1.0,3.0
201800054745,0018-06-15 12:30:00,18,6,15,12,30,750,120,"62, RUE DE BELLEVILLE",48.8735,2.38303,Plein jour,En agglomération,Intersection en T,Normale,Trois véhicules et plus - collisions multiples,,,,,,,,,,,1,2,3,1.0,5.0
201800054746,0018-06-16 19:15:00,18,6,16,19,15,750,120,"148, RUE DES PYRENEES",48.8597,2.40145,Plein jour,En agglomération,Hors intersection,Normale,Deux véhicules - côté,,,,,,,,,,,1,2,1,1.0,3.0
201800054747,0018-06-16 23:00:00,18,6,16,23,0,750,120,"72, BOULEVARD DAVOUT",48.8535,2.4106,Nuit avec éclairage allumé,En agglomération,Intersection à plus de 4 branches,Normale,Deux véhicules - côté,,,,,,,,,,,5,2,5,1.0,3.0
201800054748,0018-06-20 21:45:00,18,6,20,21,45,750,120,"01, RUE DES VIGNOLES",48.853,2.39711,Nuit avec éclairage allumé,En agglomération,Intersection en T,Normale,Deux véhicules - côté,,,,,,,,,,,5,2,3,1.0,3.0
201800054749,0018-06-21 18:00:00,18,6,21,18,0,750,118,"22, AVENUE DE SAINT OUEN",48.8885,2.32588,Plein jour,En agglomération,Intersection en T,Normale,Autre collision,,,,,,,,,,,1,2,3,1.0,6.0
201800054750,0018-06-21 18:40:00,18,6,21,18,40,750,120,"8, RUE BELGRAND",48.8648,2.39969,Plein jour,En agglomération,Intersection en X,Normale,Deux véhicules - côté,,,,,,,,,,,1,2,2,1.0,3.0
201800054751,0018-06-23 15:00:00,18,6,23,15,0,750,120,"155, BOULEVARD DAVOUT",48.8594,2.40953,Plein jour,En agglomération,Hors intersection,Normale,Deux véhicules - côté,,,,,,,,,,,1,2,1,1.0,3.0
201800054752,0018-06-24 04:15:00,18,6,24,4,15,750,120,PLACE DE LA PORTE DE BAG,48.8645,2.40858,Nuit avec éclairage allumé,En agglomération,Place,Normale,Autre collision,,,,,,,,,,,5,2,7,1.0,6.0
201800054753,0018-06-27 12:00:00,18,6,27,12,0,750,120,"37, RUE DES PYRENEES",48.8505,2.4064,Plein jour,En agglomération,Intersection en T,Normale,Autre collision,,,,,,,,,,,1,2,3,1.0,6.0
201800054754,0018-06-28 12:45:00,18,6,28,12,45,750,120,BOULEVARD DE BELLEVILLE,48.8671,2.38325,Plein jour,En agglomération,Intersection en X,Normale,Autre collision,,,,,,,,,,,1,2,2,1.0,6.0
201800054755,0018-06-26 21:15:00,18,6,26,21,15,750,120,"0, PLACE DE LA PORTE DE",48.8544,2.41543,Plein jour,En agglomération,Place,Normale,Deux véhicules - arrière,,,,,,,,,,,1,2,7,1.0,2.0
201800054756,0018-07-01 11:39:00,18,7,1,11,39,750,120,BOULEVARD PERIPHERIQUE I,48.8665,2.4126,Plein jour,En agglomération,Intersection en X,Normale,Autre collision,,,,,,,,,,,1,2,2,1.0,6.0
201800054757,0018-07-02 09:00:00,18,7,2,9,0,750,120,"26, RUE SAINT FARGEAU",48.8716,2.40245,Plein jour,En agglomération,Hors intersection,Normale,Deux véhicules - côté,,,,,,,,,,,1,2,1,1.0,3.0
201800054758,0018-07-04 03:05:00,18,7,4,3,5,750,120,AVENUE DE LA PORTE DE BA,48.8645,2.40858,Nuit avec éclairage allumé,En agglomération,Place,Normale,Autre collision,,,,,,,,,,,5,2,7,1.0,6.0
201800054759,0018-07-08 05:18:00,18,7,8,5,18,750,120,"4, BOULEVARD DAVOUT",48.8479,2.41125,Crépuscule ou aube,En agglomération,Intersection en T,Normale,Deux véhicules - frontale,,,,,,,,,,,2,2,3,1.0,1.0
201800054760,0018-07-09 07:50:00,18,7,9,7,50,750,120,BOULEVARD DAVOUT,48.8535,2.4106,Plein jour,En agglomération,Intersection en X,Normale,Deux véhicules - côté,,,,,,,,,,,1,2,2,1.0,3.0
201800054761,0018-07-10 15:05:00,18,7,10,15,5,750,120,AVENUE DE LA PORTE DE VI,48.847,2.41119,Plein jour,En agglomération,Giratoire,Normale,Autre collision,,,,,,,,,,,1,2,6,1.0,6.0
201800054762,0018-07-12 00:09:00,18,7,12,0,9,750,120,"8, AVENUE DE LA PORTE DE",48.8537,2.41178,Nuit avec éclairage allumé,En agglomération,Hors intersection,Normale,Autre collision,,,,,,,,,,,5,2,1,1.0,6.0
201800054763,0018-07-12 21:30:00,18,7,12,21,30,750,120,BOULEVARD PERIPHERIQUE E,48.8755,2.41019,Plein jour,En agglomération,Place,Normale,Trois véhicules et plus - en chaîne,,,,,,,,,,,1,2,7,1.0,4.0
201800054764,0018-07-12 22:50:00,18,7,12,22,50,750,120,"2, BOULEVARD DE BELLEVIL",48.8671,2.38325,Nuit avec éclairage allumé,En agglomération,Intersection en X,Normale,Autre collision,,,,,,,,,,,5,2,2,1.0,6.0
201800054765,0018-07-13 22:20:00,18,7,13,22,20,750,120,RUE LOUIS LUMIERE,48.8626,2.4109,Nuit avec éclairage allumé,En agglomération,Intersection en X,Normale,Deux véhicules - côté,,,,,,,,,,,5,2,2,1.0,3.0
201800054766,0018-07-15 20:55:00,18,7,15,20,55,750,120,BOULEVARD MORTIER,48.8743,2.40811,Crépuscule ou aube,En agglomération,Hors intersection,Pluie légère,Autre collision,,,,,,,,,,,2,2,1,2.0,6.0
201800054767,0018-07-17 17:30:00,18,7,17,17,30,750,120,BOULEVARD DE MENILMONTAN,48.86106,2.38839,Plein jour,En agglomération,Intersection en T,Normale,Deux véhicules - côté,,,,,,,,,,,1,2,3,1.0,3.0
201800054768,0018-07-18 11:40:00,18,7,18,11,40,750,120,PLACE GAMBETTA,48.86526,2.39851,Plein jour,En agglomération,Place,Normale,Autre collision,,,,,,,,,,,1,2,7,1.0,6.0
201800054769,0018-07-19 11:30:00,18,7,19,11,30,750,120,RUE ALEXANDRE DUMAS,48.85469,2.39717,Plein jour,En agglomération,Intersection en X,Normale,Deux véhicules - côté,,,,,,,,,,,1,2,2,1.0,3.0
201800054770,0018-07-20 13:20:00,18,7,20,13,20,750,120,PLACE MARTIN NADAUD,48.8649,2.3954,Plein jour,En agglomération,Intersection en X,Normale,Deux véhicules - côté,,,,,,,,,,,1,2,2,1.0,3.0
201800054771,0018-07-20 20:45:00,18,7,20,20,45,750,120,BOULEVARD MORTIER,,,Plein jour,En agglomération,Hors intersection,Pluie légère,Sans collision,,,,,,,,,,,1,2,1,2.0,7.0
201800054772,0018-07-21 21:00:00,18,7,21,21,0,750,120,PLACE DE LA PORTE DE BAG,48.86454,2.40907,Plein jour,En agglomération,Place,Normale,Deux véhicules - côté,,,,,,,,,,,1,2,7,1.0,3.0
201800054773,0018-07-23 16:10:00,18,7,23,16,10,750,120,COURS DE VINCENNES,48.84697,2.41112,Plein jour,En agglomération,Giratoire,Normale,Deux véhicules - côté,,,,,,,,,,,1,2,6,1.0,3.0
201800054774,0018-07-24 09:00:00,18,7,24,9,0,750,120,AVENUE DE LA PORTE DE VI,,,Plein jour,En agglomération,Hors intersection,Normale,Trois véhicules et plus - collisions multiples,,,,,,,,,,,1,2,1,1.0,5.0
201800054775,0018-07-24 19:14:00,18,7,24,19,14,750,120,RUE PELLEPORT,48.86853,2.40123,Plein jour,En agglomération,Intersection en X,Temps éblouissant,Sans collision,,,,,,,,,,,1,2,2,7.0,7.0
201800054776,0018-07-26 17:40:00,18,7,26,17,40,750,120,RUE PELLEPORT,48.86351,2.40396,Plein jour,En agglomération,Intersection en X,Normale,Deux véhicules - côté,,,,,,,,,,,1,2,2,1.0,3.0
201800054777,0018-07-30 14:25:00,18,7,30,14,25,750,120,RUE BELGRAND,48.86448,2.40703,Plein jour,En agglomération,Hors intersection,Normale,Autre collision,,,,,,,,,,,1,2,1,1.0,6.0
201800054778,0018-07-31 15:50:00,18,7,31,15,50,750,120,RUE DE MENILMONTANT,,,Plein jour,En agglomération,Intersection en T,Normale,Autre collision,,,,,,,,,,,1,2,3,1.0,6.0
201800054779,0018-08-02 21:10:00,18,8,2,21,10,750,120,RUE PLANCHAT,48.8547,2.3974,Plein jour,En agglomération,Intersection en X,Normale,Deux véhicules - côté,,,,,,,,,,,1,2,2,1.0,3.0
201800054780,0018-08-04 23:10:00,18,8,4,23,10,750,120,RUE DES PYRENEES,48.86,2.28,Nuit avec éclairage allumé,En agglomération,Intersection en T,Normale,Deux véhicules - côté,,,,,,,,,,,5,2,3,1.0,3.0
201800054781,0018-08-06 14:20:00,18,8,6,14,20,750,120,RUE BELGRAND,48.8647,2.40136,Plein jour,En agglomération,Intersection en X,Normale,Deux véhicules - côté,,,,,,,,,,,1,2,2,1.0,3.0
201800054782,0018-08-06 14:00:00,18,8,6,14,0,750,120,RUE BELGRAND,48.8646,2.40552,Plein jour,En agglomération,Hors intersection,Normale,Deux véhicules - côté,,,,,,,,,,,1,2,1,1.0,3.0
201800054783,0018-08-09 21:45:00,18,8,9,21,45,750,120,RUE BELGRAND,48.86479,2.4013,Nuit avec éclairage allumé,En agglomération,Intersection en X,Normale,Deux véhicules - côté,,,,,,,,,,,5,2,2,1.0,3.0
201800054784,0018-08-12 09:10:00,18,8,12,9,10,750,111,RUE SAINT SABIN,48.85624,2.37112,Plein jour,En agglomération,Intersection en Y,Normale,Deux véhicules - arrière,,,,,,,,,,,1,2,4,1.0,2.0
201800054785,0018-08-15 11:20:00,18,8,15,11,20,750,120,AVENUE DE LA PORTE DE BA,48.86464,2.40959,Plein jour,En agglomération,Hors intersection,Normale,Deux véhicules - côté,,,,,,,,,,,1,2,1,1.0,3.0
201800054786,0018-08-18 15:45:00,18,8,18,15,45,750,120,RUE D AVRON,,,Plein jour,En agglomération,Hors intersection,Temps éblouissant,Autre collision,,,,,,,,,,,1,2,1,7.0,6.0
201800054787,0018-08-21 15:28:00,18,8,21,15,28,750,120,RUE DE BAGNOLET,48.86,2.4,Plein jour,En agglomération,Intersection en T,Normale,Autre collision,,,,,,,,,,,1,2,3,1.0,6.0
201800054788,0018-08-24 11:50:00,18,8,24,11,50,750,120,RUE SAINT FARGEAU,48.87,2.4035,Plein jour,En agglomération,Hors intersection,Normale,Autre collision,,,,,,,,,,,1,2,1,1.0,6.0
201800054789,0018-08-25 13:00:00,18,8,25,13,0,750,120,BOULEVARD DE BELLEVILLE,48.87172,2.37771,Plein jour,En agglomération,Hors intersection,Normale,Sans collision,,,,,,,,,,,1,2,1,1.0,7.0
201800054790,0018-08-25 20:00:00,18,8,25,20,0,750,120,AVENUE GAMBETTA,48.8644,2.3931,Crépuscule ou aube,En agglomération,Hors intersection,Normale,Autre collision,,,,,,,,,,,2,2,1,1.0,6.0
201800054791,0018-09-02 13:45:00,18,9,2,13,45,750,120,RUE LE BUA,48.86272,2.28759,Plein jour,En agglomération,Intersection en Y,Normale,Deux véhicules - arrière,,,,,,,,,,,1,2,4,1.0,2.0
201800054792,0018-09-03 11:45:00,18,9,3,11,45,750,120,RUE DES COURONNES,48.8,2.38,Plein jour,En agglomération,Hors intersection,Normale,Deux véhicules - côté,,,,,,,,,,,1,2,1,1.0,3.0
201800054793,0018-09-06 15:30:00,18,9,6,15,30,750,120,BOULEVARD DAVOUT,48.86286,2.40903,Plein jour,En agglomération,Hors intersection,Normale,Autre collision,,,,,,,,,,,1,2,1,1.0,6.0
201800054794,0018-09-07 17:00:00,18,9,7,17,0,750,102,RUE MONTMARTRE,48.86734,2.34412,Plein jour,En agglomération,Intersection en Y,Normale,Autre collision,,,,,,,,,,,1,2,4,1.0,6.0
201800054795,0018-09-08 16:07:00,18,9,8,16,7,750,120,BOULEVARD PERIPHERIQUE,48.877,2.408,Plein jour,En agglomération,Intersection en Y,Normale,Deux véhicules - arrière,,,,,,,,,,,1,2,4,1.0,2.0
201800054796,0018-09-11 03:30:00,18,9,11,3,30,750,120,BOULEVARD DAVOUT,48.85349,2.41076,Nuit avec éclairage allumé,En agglomération,Intersection en X,Normale,Deux véhicules - côté,,,,,,,,,,,5,2,2,1.0,3.0
201800054797,0018-09-12 12:20:00,18,9,12,12,20,750,120,RUE PELLEPORT,48.87095,2.39925,Plein jour,En agglomération,Intersection en X,Normale,Autre collision,,,,,,,,,,,1,2,2,1.0,6.0
201800054798,0018-09-12 20:50:00,18,9,12,20,50,750,120,RUE DES FOUGERES,48.87128,2.41075,Nuit avec éclairage allumé,En agglomération,Intersection en T,Normale,Deux véhicules - côté,,,,,,,,,,,5,2,3,1.0,3.0
201800054799,0018-09-13 09:10:00,18,9,13,9,10,750,120,AVENUE GAMBETTA,48.8632,2.3892,Plein jour,En agglomération,Hors intersection,Pluie légère,Sans collision,,,,,,,,,,,1,2,1,2.0,7.0
201800054800,0018-09-13 10:50:00,18,9,13,10,50,750,120,AVENUE DE LA PORTE DES L,48.8772,2.40683,Plein jour,En agglomération,Hors intersection,Pluie légère,Sans collision,,,,,,,,,,,1,2,1,2.0,7.0
201800054801,0018-09-15 00:30:00,18,9,15,0,30,750,120,RUE DES PYRENEES,48.86272,2.28759,Nuit avec éclairage allumé,En agglomération,Hors intersection,Normale,Deux véhicules - côté,,,,,,,,,,,5,2,1,1.0,3.0
201800054802,0018-09-15 13:40:00,18,9,15,13,40,750,120,RUE DES PYRENEES,48.8656,2.3977,Plein jour,En agglomération,Intersection en X,Normale,Autre collision,,,,,,,,,,,1,2,2,1.0,6.0
201800054803,0018-09-18 12:55:00,18,9,18,12,55,750,120,RUE DE BAGNOLET,48.85759,2.39942,Plein jour,En agglomération,Intersection en X,Normale,Deux véhicules - côté,,,,,,,,,,,1,2,2,1.0,3.0
201800054804,0018-09-19 18:20:00,18,9,19,18,20,750,120,RUE DU TELEGRAPHE,48.87392,2.39928,Plein jour,En agglomération,Intersection en T,Normale,Autre collision,,,,,,,,,,,1,2,3,1.0,6.0
201800054805,0018-09-20 00:45:00,18,9,20,0,45,750,120,RUE DES GRANDS CHAMPS,48.85214,2.40804,Nuit avec éclairage allumé,En agglomération,Hors intersection,Normale,Autre collision,,,,,,,,,,,5,2,1,1.0,6.0