accident_id,datetime,annee,mois,jour,heure,minute,departement,commune_insee,adresse,latitude,longitude,luminosite,agglomeration,intersection,meteo,collision,nb_vehicules,nb_usagers,nb_indemnes,nb_tues,nb_blesses_hosp,nb_blesses_legers,age_cond_1,age_cond_2,veh_type_cond_1,veh_type_cond_2,lum_code,agg_code,int_code,atm_code,col_code
201800055044,0018-06-19 00:07:00,18,6,19,0,7,750,116,RUE POUSSIN,48.8489,2.26517,Nuit avec éclairage allumé,En agglomération,Intersection en X,Normale,Deux véhicules - côté,,,,,,,,,,,5,2,2,1.0,3.0
201800055045,0018-06-19 17:00:00,18,6,19,17,0,750,116,ROUTE DE SEVRES A NEUILL,48.8525,2.23682,Plein jour,En agglomération,Hors intersection,Normale,Deux véhicules - arrière,,,,,,,,,,,1,2,1,1.0,2.0
201800055046,0018-06-19 21:15:00,18,6,19,21,15,750,113,"XX, RUE DE LA POINTE D I",48.823,2.36505,Crépuscule ou aube,En agglomération,Hors intersection,Normale,Autre collision,,,,,,,,,,,2,2,1,1.0,6.0
201800055047,0018-06-21 17:20:00,18,6,21,17,20,750,107,AVENUE DE LA MOTTE PICQU,48.8572,2.3099,Plein jour,En agglomération,Intersection en X,Normale,Autre collision,,,,,,,,,,,1,2,2,1.0,6.0
201800055048,0018-06-22 02:54:00,18,6,22,2,54,750,108,RUE ROYALE,48.8666,2.3219,Nuit avec éclairage non allumé,En agglomération,Place,Normale,Autre collision,,,,,,,,,,,4,2,7,1.0,6.0
201800055049,0018-06-22 11:00:00,18,6,22,11,0,750,112,"26, AVENUE DAUMESNIL",48.848,2.37384,Plein jour,En agglomération,Intersection en X,Normale,Sans collision,,,,,,,,,,,1,2,2,1.0,7.0
201800055050,0018-06-23 03:07:00,18,6,23,3,7,750,110,"27, BOULEVARD DE MAGENTA",48.8706,2.3612,Nuit avec éclairage allumé,En agglomération,Place,Normale,Autre collision,,,,,,,,,,,5,2,7,1.0,6.0
201800055051,0018-06-25 10:23:00,18,6,25,10,23,750,105,"32 BIS, RUE SAINT JACQUE",48.8506,2.34537,Plein jour,En agglomération,Hors intersection,Normale,Autre collision,,,,,,,,,,,1,2,1,1.0,6.0
201800055052,0018-06-25 16:30:00,18,6,25,16,30,750,107,QUAI D ORSAY,48.8624,2.30824,Plein jour,En agglomération,Intersection en T,Normale,Deux véhicules - côté,,,,,,,,,,,1,2,3,1.0,3.0
201800055053,0018-06-25 22:15:00,18,6,25,22,15,750,104,PLACE DU CHATELET,48.8572,2.34729,Nuit avec éclairage allumé,En agglomération,Place,Normale,Deux véhicules - côté,,,,,,,,,,,5,2,7,1.0,3.0
201800055054,0018-06-26 05:19:00,18,6,26,5,19,750,118,"/, RUE DE LA CHAPELLE",48.8984,2.35906,Crépuscule ou aube,En agglomération,Intersection en X,Normale,Autre collision,,,,,,,,,,,2,2,2,1.0,6.0
201800055055,0018-06-26 18:05:00,18,6,26,18,5,750,116,AVENUE DU MAHATMA GANDHI,48.8759,2.26213,Plein jour,En agglomération,Intersection en X,Normale,Autre collision,,,,,,,,,,,1,2,2,1.0,6.0
201800055056,0018-06-27 17:00:00,18,6,27,17,0,750,110,"154, RUE DU FAUBOURG SAI",48.8759,2.35954,Plein jour,En agglomération,Intersection à plus de 4 branches,Normale,Autre collision,,,,,,,,,,,1,2,5,1.0,6.0
201800055057,0018-06-29 19:35:00,18,6,29,19,35,750,116,ALLEE DE LONGCHAMP,48.8646,2.24239,Plein jour,En agglomération,Hors intersection,Normale,Deux véhicules - côté,,,,,,,,,,,1,2,1,1.0,3.0
201800055058,0018-06-30 00:10:00,18,6,30,0,10,750,111,"96, AVENUE PHILIPPE AUGU",48.8558,2.3913,Nuit avec éclairage allumé,En agglomération,Intersection en X,Normale,Deux véhicules - côté,,,,,,,,,,,5,2,2,1.0,3.0
201800055059,0018-06-30 18:10:00,18,6,30,18,10,750,113,QUAI D IVRY,48.8253,2.38527,Plein jour,En agglomération,Hors intersection,Normale,Deux véhicules - côté,,,,,,,,,,,1,2,1,1.0,3.0
201800055060,0018-07-01 14:50:00,18,7,1,14,50,750,110,"154, BOULEVARD DE MAGENT",48.8823,2.35061,Plein jour,En agglomération,Hors intersection,Normale,Deux véhicules - arrière,,,,,,,,,,,1,2,1,1.0,2.0
201800055061,0018-07-02 18:45:00,18,7,2,18,45,750,114,"44, RUE RAYMOND LOSSERAN",48.8349,2.31984,Plein jour,En agglomération,Hors intersection,Normale,Autre collision,,,,,,,,,,,1,2,1,1.0,6.0
201800055062,0018-07-02 20:30:00,18,7,2,20,30,750,119,PORTE D AUBERVILLIERS,48.9003,2.37882,Crépuscule ou aube,En agglomération,Hors intersection,Normale,Deux véhicules - côté,,,,,,,,,,,2,2,1,1.0,3.0
201800055063,0018-07-03 02:25:00,18,7,3,2,25,750,105,"29, RUE BUFFON",48.8423,2.36034,Nuit avec éclairage allumé,En agglomération,Hors intersection,Normale,Autre collision,,,,,,,,,,,5,2,1,1.0,6.0
201800055064,0018-07-03 09:00:00,18,7,3,9,0,750,119,RUE PETIT,48.8852,2.3846,Plein jour,En agglomération,Intersection en X,Normale,Autre collision,,,,,,,,,,,1,2,2,1.0,6.0
201800055065,0018-07-03 16:27:00,18,7,3,16,27,750,106,"25, QUAI DES GRANDS AUGU",48.8544,2.34303,Plein jour,En agglomération,Hors intersection,Normale,Autre collision,,,,,,,,,,,1,2,1,1.0,6.0
201800055066,0018-07-04 06:45:00,18,7,4,6,45,750,112,QUAI DE LA RAPEE,48.8442,2.36864,Plein jour,En agglomération,Hors intersection,Normale,Deux véhicules - côté,,,,,,,,,,,1,2,1,1.0,3.0
201800055067,0018-07-06 19:32:00,18,7,6,19,32,750,115,BOULEVARD PERIPHERIQUE E,48.8285,2.28953,Plein jour,En agglomération,Hors intersection,Normale,Trois véhicules et plus - en chaîne,,,,,,,,,,,1,2,1,1.0,4.0
201800055068,0018-07-08 00:01:00,18,7,8,0,1,750,116,ALLEE DE LA REINE MARGUE,48.8689,2.25168,Nuit avec éclairage allumé,En agglomération,Hors intersection,Normale,Deux véhicules - côté,,,,,,,,,,,5,2,1,1.0,3.0
201800055069,0018-07-08 07:20:00,18,7,8,7,20,750,120,PORTE DES LILAS,48.8735,2.41158,Plein jour,En agglomération,Hors intersection,Normale,Autre collision,,,,,,,,,,,1,2,1,1.0,6.0
201800055070,0018-07-09 03:53:00,18,7,9,3,53,750,118,BOULEVARD PERIPHERIQUE I,48.9003,2.35914,Nuit avec éclairage allumé,En agglomération,Hors intersection,Normale,Autre collision,,,,,,,,,,,5,2,1,1.0,6.0
201800055071,0018-07-09 18:10:00,18,7,9,18,10,750,119,"43, RUE ARMAND CARREL",48.8828,2.37666,Plein jour,En agglomération,Hors intersection,Normale,Autre collision,,,,,,,,,,,1,2,1,1.0,6.0
201800055072,0018-07-10 18:20:00,18,7,10,18,20,750,111,RUE DU CHEMIN VERT,48.8578,2.37092,Plein jour,En agglomération,Intersection en X,Normale,Trois véhicules et plus - collisions multiples,,,,,,,,,,,1,2,2,1.0,5.0
201800055073,0018-07-11 13:50:00,18,7,11,13,50,750,115,RUE DE LOURMEL,48.8456,2.28797,Plein jour,En agglomération,Intersection en X,Normale,Deux véhicules - côté,,,,,,,,,,,1,2,2,1.0,3.0
201800055074,0018-07-11 16:23:00,18,7,11,16,23,750,112,QUAI DE BERCY,48.8356,2.37957,Plein jour,En agglomération,Hors intersection,Normale,Autre collision,,,,,,,,,,,1,2,1,1.0,6.0
201800055075,0018-07-13 14:22:00,18,7,13,14,22,750,116,BOULEVARD PERIPHERIQUE I,48.8416,2.25418,Plein jour,En agglomération,Hors intersection,Normale,Deux véhicules - arrière,,,,,,,,,,,1,2,1,1.0,2.0
201800055076,0018-07-14 08:34:00,18,7,14,8,34,750,111,BOULEVARD RICHARD LENOIR,48.864,2.37068,Plein jour,En agglomération,Intersection en X,Normale,Autre collision,,,,,,,,,,,1,2,2,1.0,6.0
201800055077,0018-07-15 23:30:00,18,7,15,23,30,750,117,BOULEVARD PERIPHERIQUE E,48.8876,2.2908,Nuit avec éclairage allumé,En agglomération,Hors intersection,Normale,Trois véhicules et plus - collisions multiples,,,,,,,,,,,5,2,1,1.0,5.0
201800055078,0018-07-20 08:01:00,18,7,20,8,1,750,115,RUE PEGOUD,,,Plein jour,En agglomération,Intersection en X,Normale,Deux véhicules - côté,,,,,,,,,,,1,2,2,1.0,3.0
201800055079,0018-07-20 12:28:00,18,7,20,12,28,750,114,BOULEVARD ROMAIN ROLLAND,,,Plein jour,En agglomération,Intersection en X,Temps couvert,Deux véhicules - côté,,,,,,,,,,,1,2,2,8.0,3.0
201800055080,0018-07-21 13:36:00,18,7,21,13,36,750,113,RUE DE LA SANTE,48.82872,2.34172,Plein jour,En agglomération,Intersection en T,Normale,Sans collision,,,,,,,,,,,1,2,3,1.0,7.0
201800055081,0018-07-24 20:15:00,18,7,24,20,15,750,105,RUE DE POISSY,48.84951,2.35289,Plein jour,En agglomération,Intersection en T,Normale,Deux véhicules - côté,,,,,,,,,,,1,2,3,1.0,3.0
201800055082,0018-07-25 20:10:00,18,7,25,20,10,750,118,RUE DU RUISSEAU,,,Crépuscule ou aube,En agglomération,Intersection en X,Normale,Deux véhicules - côté,,,,,,,,,,,2,2,2,1.0,3.0
201800055083,0018-07-29 14:17:00,18,7,29,14,17,750,119,AVENUE DE FLANDRE,48.8903,2.37671,Plein jour,En agglomération,Intersection en X,Normale,Autre collision,,,,,,,,,,,1,2,2,1.0,6.0
201800055084,0018-07-30 03:38:00,18,7,30,3,38,750,110,RUE LA FAYETTE,48.88,2.36,Nuit avec éclairage allumé,En agglomération,Hors intersection,Normale,Autre collision,,,,,,,,,,,5,2,1,1.0,6.0
201800055085,0018-07-31 08:47:00,18,7,31,8,47,750,116,AVENUE KLEBER,48.86591,2.28942,Plein jour,En agglomération,Intersection en Y,Normale,Deux véhicules - côté,,,,,,,,,,,1,2,4,1.0,3.0
201800055086,0018-08-01 19:51:00,18,8,1,19,51,750,116,BOULEVARD PERIPHERIQUE I,48.85113,2.25216,Nuit avec éclairage allumé,En agglomération,Hors intersection,Normale,Autre collision,,,,,,,,,,,5,2,1,1.0,6.0
201800055087,0018-08-05 19:00:00,18,8,5,19,0,750,112,BOULEVARD DE LA BASTILLE,48.84786,2.36774,Plein jour,En agglomération,Intersection en Y,Normale,Deux véhicules - côté,,,,,,,,,,,1,2,4,1.0,3.0
201800055088,0018-08-07 22:14:00,18,8,7,22,14,750,119,BOULEVARD SERURIER,48.88447,2.39461,Nuit avec éclairage allumé,En agglomération,Intersection en X,Normale,Autre collision,,,,,,,,,,,5,2,2,1.0,6.0
201800055089,0018-08-09 14:35:00,18,8,9,14,35,750,109,RUE SAINT LAZARE,,,Plein jour,En agglomération,Intersection en X,Pluie légère,Deux véhicules - côté,,,,,,,,,,,1,2,2,2.0,3.0
201800055090,0018-08-10 08:30:00,18,8,10,8,30,750,108,AVENUE DES CHAMPS ELYSEE,,,Plein jour,En agglomération,Hors intersection,Normale,Deux véhicules - côté,,,,,,,,,,,1,2,1,1.0,3.0
201800055091,0018-08-10 09:05:00,18,8,10,9,5,750,115,RUE DE VAUGIRARD,,,Plein jour,En agglomération,Hors intersection,Normale,Autre collision,,,,,,,,,,,1,2,1,1.0,6.0
201800055092,0018-08-10 12:30:00,18,8,10,12,30,750,120,BOULEVARD PERIPHERIQUE I,,,Plein jour,En agglomération,Intersection en Y,Normale,Autre collision,,,,,,,,,,,1,2,4,1.0,6.0
201800055093,0018-08-12 15:32:00,18,8,12,15,32,750,118,BOULEVARD BARBES,48.8895,2.3493,Plein jour,En agglomération,Intersection à plus de 4 branches,Normale,Deux véhicules - côté,,,,,,,,,,,1,2,5,1.0,3.0
201800055094,0018-08-14 15:20:00,18,8,14,15,20,750,116,BOULEVARD MURAT,,,Plein jour,En agglomération,Hors intersection,Normale,Deux véhicules - côté,,,,,,,,,,,1,2,1,1.0,3.0
201800055095,0018-08-16 08:37:00,18,8,16,8,37,750,119,AVENUE DE LA PORTE DE LA,48.8993,2.38793,Plein jour,En agglomération,Hors intersection,Normale,Autre collision,,,,,,,,,,,1,2,1,1.0,6.0
201800055096,0018-08-16 18:35:00,18,8,16,18,35,750,101,QUAI FRANCOIS MITTERRAND,48.85914,2.33787,Plein jour,En agglomération,Hors intersection,Normale,Autre collision,,,,,,,,,,,1,2,1,1.0,6.0
201800055097,0018-08-18 13:46:00,18,8,18,13,46,750,119,RUE DE BELLEVILLE,,,Plein jour,En agglomération,Hors intersection,Normale,Autre collision,,,,,,,,,,,1,2,1,1.0,6.0
201800055098,0018-08-20 02:41:00,18,8,20,2,41,750,101,QUAI FRANCOIS MITTERRAND,48.5,2.5,Nuit avec éclairage allumé,En agglomération,Intersection en T,Normale,Deux véhicules - arrière,,,,,,,,,,,5,2,3,1.0,2.0
201800055099,0018-08-20 22:35:00,18,8,20,22,35,750,113,BOULEVARD VINCENT AURIOL,48.6,2.3,Nuit avec éclairage allumé,En agglomération,Intersection en T,Normale,Autre collision,,,,,,,,,,,5,2,3,1.0,6.0
201800055100,0018-08-21 21:08:00,18,8,21,21,8,750,109,RUE TAITBOUT,,,Nuit avec éclairage allumé,En agglomération,Intersection en X,Normale,Deux véhicules - côté,,,,,,,,,,,5,2,2,1.0,3.0
201800055101,0018-08-24 17:50:00,18,8,24,17,50,750,101,RUE DE ROHAN,48.86326,2.33519,Plein jour,En agglomération,Intersection en X,Temps couvert,Deux véhicules - côté,,,,,,,,,,,1,2,2,8.0,3.0
201800055102,0018-08-25 13:47:00,18,8,25,13,47,750,114,BOULEVARD PERIPHERIQUE I,,,Plein jour,Hors agglomération,Intersection en Y,Normale,Deux véhicules - arrière,,,,,,,,,,,1,1,4,1.0,2.0
201800055103,0018-08-27 22:00:00,18,8,27,22,0,750,118,RUE ORDENER,48.89289,2.34195,Nuit avec éclairage allumé,En agglomération,Intersection en X,Normale,Deux véhicules - côté,,,,,,,,,,,5,2,2,1.0,3.0
201800055104,0018-08-31 22:45:00,18,8,31,22,45,750,120,RUE SAINT BLAISE,,,Nuit avec éclairage allumé,En agglomération,Intersection en X,Normale,Autre collision,,,,,,,,,,,5,2,2,1.0,6.0
201800055105,0018-09-02 00:12:00,18,9,2,0,12,750,107,QUAI D ORSAY,48.8628,2.31169,Nuit avec éclairage allumé,En agglomération,Intersection en T,Normale,Deux véhicules - côté,,,,,,,,,,,5,2,3,1.0,3.0
201800055106,0018-09-02 15:20:00,18,9,2,15,20,750,101,BOULEVARD DE SEBASTOPOL,48.85,2.345,Plein jour,En agglomération,Intersection en Y,Normale,Autre collision,,,,,,,,,,,1,2,4,1.0,6.0
201800055107,0018-09-03 11:04:00,18,9,3,11,4,750,120,PORTE DE VINCENNES,,,Plein jour,En agglomération,Hors intersection,Normale,Sans collision,,,,,,,,,,,1,2,1,1.0,7.0
201800055108,0018-09-03 17:20:00,18,9,3,17,20,750,112,AVENUE DE NOGENT,,,Plein jour,En agglomération,Hors intersection,Normale,Autre collision,,,,,,,,,,,1,2,1,1.0,6.0
201800055109,0018-09-04 09:10:00,18,9,4,9,10,750,120,BOULEVARD PERIPHERIQUE I,,,Plein jour,En agglomération,Hors intersection,Temps couvert,Trois véhicules et plus - en chaîne,,,,,,,,,,,1,2,1,8.0,4.0
201800055110,0018-09-04 19:30:00,18,9,4,19,30,750,116,PORTE DE SAINT CLOUD,45.72647,4.84704,Plein jour,En agglomération,Hors intersection,Normale,Sans collision,,,,,,,,,,,1,2,1,1.0,7.0
201800055111,0018-09-05 01:27:00,18,9,5,1,27,750,112,AVENUE DE LA PORTE DE VI,48.84684,2.41115,Nuit avec éclairage allumé,En agglomération,Giratoire,Normale,Autre collision,,,,,,,,,,,5,2,6,1.0,6.0
201800055112,0018-09-06 17:22:00,18,9,6,17,22,750,108,BOULEVARD MALESHERBES,48.87778,2.23162,Plein jour,En agglomération,Intersection en X,Normale,Autre collision,,,,,,,,,,,1,2,2,1.0,6.0
201800055113,0018-09-06 23:20:00,18,9,6,23,20,750,119,BOULEVARD SERURIER,,,Nuit avec éclairage allumé,En agglomération,Intersection en T,Normale,Deux véhicules - frontale,,,,,,,,,,,5,2,3,1.0,1.0
201800055114,0018-09-09 01:37:00,18,9,9,1,37,750,118,AVENUE DE LA PORTE DE SA,48.89792,2.32913,Nuit avec éclairage allumé,En agglomération,Intersection en T,Normale,Autre collision,,,,,,,,,,,5,2,3,1.0,6.0
201800055115,0018-09-09 20:00:00,18,9,9,20,0,750,108,AVENUE DES CHAMPS ELYSEE,,,Crépuscule ou aube,En agglomération,Hors intersection,Normale,Autre collision,,,,,,,,,,,2,2,1,1.0,6.0
201800055116,0018-09-12 11:24:00,18,9,12,11,24,750,115,RUE DE LOURMEL,48.84234,2.28553,Plein jour,En agglomération,Intersection en X,Normale,Deux véhicules - côté,,,,,,,,,,,1,2,2,1.0,3.0
201800055117,0018-09-12 19:28:00,18,9,12,19,28,750,115,RUE CAMBRONNE,48.84,2.3,Plein jour,En agglomération,Intersection en X,Normale,Autre collision,,,,,,,,,,,1,2,2,1.0,6.0
201800055118,0018-09-12 22:03:00,18,9,12,22,3,750,116,BOULEVARD LANNES,48.86272,2.28759,Nuit avec éclairage allumé,En agglomération,Hors intersection,Normale,Sans collision,,,,,,,,,,,5,2,1,1.0,7.0
201800055119,0018-09-12 23:50:00,18,9,12,23,50,750,118,PORTE DE SAINT OUEN,50.26667,1.66667,Nuit avec éclairage allumé,En agglomération,Hors intersection,Normale,Autre collision,,,,,,,,,,,5,2,1,1.0,6.0
201800055120,0018-09-13 03:30:00,18,9,13,3,30,750,116,AVENUE DU PRESIDENT WILS,48.86458,2.29667,Nuit avec éclairage allumé,En agglomération,Hors intersection,Normale,Autre collision,,,,,,,,,,,5,2,1,1.0,6.0
201800055121,0018-09-13 23:20:00,18,9,13,23,20,750,115,RUE DU COMMERCE,48.86272,2.28759,Nuit sans éclairage public,En agglomération,Intersection en X,Normale,Deux véhicules - côté,,,,,,,,,,,3,2,2,1.0,3.0
201800055122,0018-09-14 11:43:00,18,9,14,11,43,750,114,RUE DU DEPART,48.84,2.34,Plein jour,En agglomération,Intersection à plus de 4 branches,Normale,Deux véhicules - côté,,,,,,,,,,,1,2,5,1.0,3.0
201800055123,0018-09-15 15:00:00,18,9,15,15,0,750,116,PORTE MAILLOT,48.87896,2.27875,Plein jour,En agglomération,Hors intersection,Normale,Autre collision,,,,,,,,,,,1,2,1,1.0,6.0
201800055124,0018-09-15 20:24:00,18,9,15,20,24,750,115,RUE DE SEVRES,48.84612,2.31443,Crépuscule ou aube,En agglomération,Intersection en T,Normale,Autre collision,,,,,,,,,,,2,2,3,1.0,6.0
201800055125,0018-09-16 17:30:00,18,9,16,17,30,750,115,QUAI ANDRE CITROEN,48.84617,2.27692,Plein jour,En agglomération,Intersection en X,Normale,Autre collision,,,,,,,,,,,1,2,2,1.0,6.0
201800055126,0018-09-17 06:37:00,18,9,17,6,37,750,114,RUE D ALESIA,48.82,2.33,Nuit avec éclairage allumé,En agglomération,Intersection en T,Normale,Deux véhicules - arrière,,,,,,,,,,,5,2,3,1.0,2.0
201800055127,0018-09-17 23:50:00,18,9,17,23,50,750,105,BOULEVARD DE L HOPITAL,48.83804,2.36038,Nuit avec éclairage allumé,En agglomération,Intersection en X,Normale,Deux véhicules - côté,,,,,,,,,,,5,2,2,1.0,3.0
201800055128,0018-09-19 08:55:00,18,9,19,8,55,750,119,AVENUE JEAN JAURES,48.88774,2.38962,Plein jour,En agglomération,Intersection en X,Normale,Autre collision,,,,,,,,,,,1,2,2,1.0,6.0
201800055129,0018-09-21 04:25:00,18,9,21,4,25,750,104,QUAI DES CELESTINS,48.86275,2.28759,Nuit avec éclairage allumé,En agglomération,Hors intersection,Normale,Autre collision,,,,,,,,,,,5,2,1,1.0,6.0
201800055130,0018-09-21 10:15:00,18,9,21,10,15,750,120,BOULEVARD DAVOUT,48.86294,2.40911,Plein jour,En agglomération,Intersection en T,Normale,Trois véhicules et plus - collisions multiples,,,,,,,,,,,1,2,3,1.0,5.0
201800055131,0018-09-21 15:29:00,18,9,21,15,29,750,115,RUE LINOIS,48.84814,2.28371,Plein jour,En agglomération,Intersection en T,Normale,Deux véhicules - côté,,,,,,,,,,,1,2,3,1.0,3.0
201800055132,0018-09-21 19:34:00,18,9,21,19,34,750,118,PORTE DE LA CHAPELLE,48.89863,2.35901,Nuit avec éclairage allumé,En agglomération,Hors intersection,Normale,Deux véhicules - arrière,,,,,,,,,,,5,2,1,1.0,2.0
201800055133,0018-09-24 07:30:00,18,9,24,7,30,750,115,RUE DE SEVRES,48.8451,2.31112,Plein jour,En agglomération,Intersection en X,Normale,Deux véhicules - côté,,,,,,,,,,,1,2,2,1.0,3.0
201800055134,0018-09-24 09:02:00,18,9,24,9,2,750,116,QUAI SAINT EXUPERY,48.83437,2.26174,Plein jour,En agglomération,Hors intersection,Normale,Deux véhicules - côté,,,,,,,,,,,1,2,1,1.0,3.0
201800055135,0018-09-25 12:35:00,18,9,25,12,35,750,117,BOULEVARD DU FORT DE VAU,,,Plein jour,En agglomération,Hors intersection,Normale,Deux véhicules - arrière,,,,,,,,,,,1,2,1,1.0,2.0
201800055136,0018-09-26 15:55:00,18,9,26,15,55,750,120,BOULEVARD PERIPHERIQUE,48.87,2.4,Plein jour,En agglomération,Hors intersection,Normale,Deux véhicules - arrière,,,,,,,,,,,1,2,1,1.0,2.0
201800055137,0018-09-27 02:25:00,18,9,27,2,25,750,112,QUAI DE BERCY,48.83032,2.38674,Nuit avec éclairage allumé,En agglomération,Hors intersection,Normale,Sans collision,,,,,,,,,,,5,2,1,1.0,7.0
201800055138,0018-09-27 10:15:00,18,9,27,10,15,750,120,PORTE DE MONTREUIL,48.85349,2.41389,Plein jour,En agglomération,Intersection en T,Normale,Autre collision,,,,,,,,,,,1,2,3,1.0,6.0
201800055139,0018-09-27 21:25:00,18,9,27,21,25,750,120,RUE DE BELLEVILLE,48.8753,2.39466,Nuit avec éclairage allumé,En agglomération,Hors intersection,Normale,Deux véhicules - côté,,,,,,,,,,,5,2,1,1.0,3.0
201800055140,0018-09-28 05:48:00,18,9,28,5,48,750,116,BOULEVARD PERIPHERIQUE I,,,Nuit avec éclairage allumé,En agglomération,Hors intersection,Normale,Trois véhicules et plus - en chaîne,,,,,,,,,,,5,2,1,1.0,4.0
201800055141,0018-09-29 17:17:00,18,9,29,17,17,750,113,BOULEVARD ARAGO,48.8351,2.34485,Plein jour,En agglomération,Intersection en X,Normale,Autre collision,,,,,,,,,,,1,2,2,1.0,6.0
201800055142,0018-10-01 09:30:00,18,10,1,9,30,750,115,RUE DE VOUILLE,,,Plein jour,En agglomération,Intersection en X,Normale,Deux véhicules - côté,,,,,,,,,,,1,2,2,1.0,3.0
201800055143,0018-10-01 17:40:00,18,10,1,17,40,750,119,PORTE DE PANTIN,,,Plein jour,En agglomération,Hors intersection,Normale,Trois véhicules et plus - en chaîne,,,,,,,,,,,1,2,1,1.0,4.0
201800055144,0018-10-02 01:32:00,18,10,2,1,32,750,112,QUAI DE LA RAPEE,48.84,2.36,Nuit avec éclairage allumé,En agglomération,Hors intersection,Normale,Deux véhicules - arrière,,,,,,,,,,,5,2,1,1.0,2.0
201800055145,0018-10-02 08:17:00,18,10,2,8,17,750,112,AVENUE DE NOGENT,48.84,2.43,Plein jour,En agglomération,Intersection en T,Normale,Autre collision,,,,,,,,,,,1,2,3,1.0,6.0
201800055146,0018-10-03 08:35:00,18,10,3,8,35,750,120,AVENUE GAMBETTA,48.86357,2.38979,Plein jour,En agglomération,Hors intersection,Temps couvert,Autre collision,,,,,,,,,,,1,2,1,8.0,6.0
201800055147,0018-10-04 18:50:00,18,10,4,18,50,750,116,SOUTERRAIN VARSOVIE,48.8604,2.29104,Nuit avec éclairage allumé,En agglomération,Hors intersection,Normale,Deux véhicules - arrière,,,,,,,,,,,5,2,1,1.0,2.0
201800055148,0018-10-05 12:39:00,18,10,5,12,39,750,113,PORT DE LA GARE,,,Plein jour,En agglomération,Intersection en Y,Normale,Autre collision,,,,,,,,,,,1,2,4,1.0,6.0
201800055149,0018-10-05 20:29:00,18,10,5,20,29,750,119,BOULEVARD PERIPHERIQUE,48.9,2.4,Plein jour,Hors agglomération,Hors intersection,Normale,Deux véhicules - côté,,,,,,,,,,,1,1,1,1.0,3.0
201800055150,0018-10-06 18:30:00,18,10,6,18,30,750,101,SOUTERRAIN LEMONNIER,48.86331,2.33183,Nuit avec éclairage non allumé,En agglomération,Hors intersection,Normale,Autre collision,,,,,,,,,,,4,2,1,1.0,6.0
201800055151,0018-10-07 23:30:00,18,10,7,23,30,750,117,AVENUE DE LA PORTE DE CL,48.89,2.31,Nuit avec éclairage allumé,En agglomération,Intersection à plus de 4 branches,Normale,Deux véhicules - côté,,,,,,,,,,,5,2,5,1.0,3.0
201800055152,0018-10-08 17:31:00,18,10,8,17,31,750,105,RUE DU PETIT PONT,48.85,2.34,Plein jour,En agglomération,Hors intersection,Normale,Deux véhicules - côté,,,,,,,,,,,1,2,1,1.0,3.0
201800055153,0018-10-10 17:45:00,18,10,10,17,45,750,115,RUE DE LA CONVENTION,48.8411,2.28843,Plein jour,En agglomération,Intersection en T,Normale,Autre collision,,,,,,,,,,,1,2,3,1.0,6.0
201800055154,0018-10-12 11:39:00,18,10,12,11,39,750,108,AVENUE DES CHAMPS ELYSEE,,,Plein jour,En agglomération,Hors intersection,Normale,Autre collision,,,,,,,,,,,1,2,1,1.0,6.0
201800055155,0018-10-12 20:30:00,18,10,12,20,30,750,117,AVENUE DE CLICHY,,,Nuit avec éclairage allumé,En agglomération,Hors intersection,Normale,Autre collision,,,,,,,,,,,5,2,1,1.0,6.0
201800055156,0018-10-12 20:12:00,18,10,12,20,12,750,119,RUE REBEVAL,48.87433,2.37807,Nuit avec éclairage non allumé,En agglomération,Hors intersection,Normale,Autre collision,,,,,,,,,,,4,2,1,1.0,6.0
201800055157,0018-10-16 14:17:00,18,10,16,14,17,750,116,PORTE D AUTEUIL,48.84825,2.25873,Plein jour,En agglomération,Hors intersection,Normale,Deux véhicules - arrière,,,,,,,,,,,1,2,1,1.0,2.0
201800055158,0018-10-18 17:56:00,18,10,18,17,56,750,103,BOULEVARD DE SEBASTOPOL,,,Plein jour,En agglomération,Intersection en X,Normale,Autre collision,,,,,,,,,,,1,2,2,1.0,6.0
201800055159,0018-10-18 22:40:00,18,10,18,22,40,750,104,QUAI AUX FLEURS,48.855,2.35,Nuit avec éclairage allumé,En agglomération,Intersection en X,Normale,Autre collision,,,,,,,,,,,5,2,2,1.0,6.0
201800055160,0018-10-20 19:35:00,18,10,20,19,35,750,118,RUE MARX DORMOY,48.88,2.36,Nuit avec éclairage allumé,En agglomération,Intersection en T,Normale,Autre collision,,,,,,,,,,,5,2,3,1.0,6.0
201800055161,0018-10-21 05:52:00,18,10,21,5,52,750,105,RUE SAINT JACQUES,48.84726,2.34345,Nuit avec éclairage allumé,En agglomération,Intersection en X,Normale,Autre collision,,,,,,,,,,,5,2,2,1.0,6.0
201800055162,0018-10-26 01:05:00,18,10,26,1,5,750,119,BOULEVARD PERIPHERIQUE,48.90031,2.38433,Nuit avec éclairage allumé,En agglomération,Hors intersection,Normale,Deux véhicules - arrière,,,,,,,,,,,5,2,1,1.0,2.0
201800055163,0018-10-26 04:38:00,18,10,26,4,38,750,113,BOULEVARD AUGUSTE BLANQU,,,Nuit avec éclairage allumé,En agglomération,Hors intersection,Normale,Deux véhicules - arrière,,,,,,,,,,,5,2,1,1.0,2.0
201800055164,0018-10-27 13:39:00,18,10,27,13,39,750,106,RUE DU CHERCHE MIDI,48.85083,2.32854,Plein jour,En agglomération,Hors intersection,Normale,Autre collision,,,,,,,,,,,1,2,1,1.0,6.0
201800055165,0018-10-27 17:20:00,18,10,27,17,20,750,115,RUE DE LA CONVENTION,48.83596,2.30086,Plein jour,En agglomération,Intersection en T,Normale,Autre collision,,,,,,,,,,,1,2,3,1.0,6.0
201800055166,0018-10-30 15:20:00,18,10,30,15,20,750,116,BOULEVARD PERIPHERIQUE I,,,Plein jour,En agglomération,Hors intersection,Normale,Deux véhicules - arrière,,,,,,,,,,,1,2,1,1.0,2.0