accident_id,datetime,annee,mois,jour,heure,minute,departement,commune_insee,adresse,latitude,longitude,luminosite,agglomeration,intersection,meteo,collision,nb_vehicules,nb_usagers,nb_indemnes,nb_tues,nb_blesses_hosp,nb_blesses_legers,age_cond_1,age_cond_2,veh_type_cond_1,veh_type_cond_2,lum_code,agg_code,int_code,atm_code,col_code
201800055405,0018-05-23 20:20:00,18,5,23,20,20,750,117,PORTE DE CHAMPERRET,48.887,2.28982,Plein jour,En agglomération,Hors intersection,Normale,Deux véhicules - arrière,,,,,,,,,,,1,2,1,1.0,2.0
201800055406,0018-05-24 20:15:00,18,5,24,20,15,750,116,PORTE MAILLOT,48.8765,2.27881,Plein jour,En agglomération,Hors intersection,Normale,Deux véhicules - côté,,,,,,,,,,,1,2,1,1.0,3.0
201800055407,0018-05-25 08:10:00,18,5,25,8,10,750,117,PORTE DE SAINT OUEN,48.9007,2.3257,Plein jour,En agglomération,Hors intersection,Normale,Deux véhicules - côté,,,,,,,,,,,1,2,1,1.0,3.0
201800055408,0018-05-25 12:15:00,18,5,25,12,15,750,120,PORTE DE VINCENNES,48.8497,2.415,Plein jour,En agglomération,Hors intersection,Normale,Deux véhicules - côté,,,,,,,,,,,1,2,1,1.0,3.0
201800055409,0018-05-25 14:20:00,18,5,25,14,20,750,112,ECHANGEUR BERCY,48.8277,2.39417,Plein jour,En agglomération,Intersection en Y,Normale,Deux véhicules - arrière,,,,,,,,,,,1,2,4,1.0,2.0
201800055410,0018-05-26 18:50:00,18,5,26,18,50,750,118,PORTE DE CLIGNANCOURT,48.9009,2.33662,Plein jour,En agglomération,Hors intersection,Normale,Deux véhicules - arrière,,,,,,,,,,,1,2,1,1.0,2.0
201800055411,0018-05-27 21:00:00,18,5,27,21,0,750,115,PORTE DE LA PLAINE,48.8266,2.29569,Nuit avec éclairage allumé,En agglomération,Hors intersection,Normale,Deux véhicules - arrière,,,,,,,,,,,5,2,1,1.0,2.0
201800055412,0018-05-28 09:20:00,18,5,28,9,20,750,112,PORTE DE VINCENNES,48.8416,2.41355,Plein jour,En agglomération,Hors intersection,Normale,Deux véhicules - arrière,,,,,,,,,,,1,2,1,1.0,2.0
201800055413,0018-05-28 10:45:00,18,5,28,10,45,750,114,ECHANGEUR BRANCION,48.8248,2.3047,Plein jour,En agglomération,Hors intersection,Normale,Autre collision,,,,,,,,,,,1,2,1,1.0,6.0
201800055414,0018-05-29 14:40:00,18,5,29,14,40,750,119,PORTE DES LILAS,48.8809,2.40449,Plein jour,En agglomération,Intersection en Y,Normale,Autre collision,,,,,,,,,,,1,2,4,1.0,6.0
201800055415,0018-05-29 14:00:00,18,5,29,14,0,750,115,PORTE D ISSY,48.8347,2.26654,Plein jour,En agglomération,Hors intersection,Normale,Deux véhicules - côté,,,,,,,,,,,1,2,1,1.0,3.0
201800055416,0018-05-29 16:15:00,18,5,29,16,15,750,114,PORTE DE CHATILLON,48.8231,2.31243,Plein jour,En agglomération,Hors intersection,Normale,Deux véhicules - arrière,,,,,,,,,,,1,2,1,1.0,2.0
201800055417,0018-05-30 14:25:00,18,5,30,14,25,750,116,ECHANGEUR AUTEUIL,48.8467,2.25485,Plein jour,Hors agglomération,Intersection en Y,Normale,Deux véhicules - arrière,,,,,,,,,,,1,1,4,1.0,2.0
201800055418,0018-05-31 09:10:00,18,5,31,9,10,750,120,PORTE DE MONTREUIL,48.8567,2.41417,Plein jour,En agglomération,Hors intersection,Normale,Deux véhicules - côté,,,,,,,,,,,1,2,1,1.0,3.0
201800055419,0018-05-31 19:25:00,18,5,31,19,25,750,114,PORTE DE CHATILLON,48.8235,2.30989,Plein jour,En agglomération,Hors intersection,Normale,Deux véhicules - côté,,,,,,,,,,,1,2,1,1.0,3.0
201800055420,0018-05-31 19:55:00,18,5,31,19,55,750,113,QUAI D IVRY,48.8216,2.37918,Plein jour,En agglomération,Hors intersection,Normale,Deux véhicules - côté,,,,,,,,,,,1,2,1,1.0,3.0
201800055421,0018-05-31 20:15:00,18,5,31,20,15,750,115,PORTE DE LA PLAINE,48.8263,2.29695,Plein jour,En agglomération,Intersection en Y,Normale,Deux véhicules - côté,,,,,,,,,,,1,2,4,1.0,3.0
201800055422,0018-05-31 18:30:00,18,5,31,18,30,750,117,PORTE D ASNIERES,48.8922,2.30177,Plein jour,En agglomération,Hors intersection,Normale,Deux véhicules - côté,,,,,,,,,,,1,2,1,1.0,3.0
201800055423,0018-06-02 19:10:00,18,6,2,19,10,750,114,PORTE D ORLEANS,48.8196,2.32792,Plein jour,En agglomération,Hors intersection,Normale,Deux véhicules - arrière,,,,,,,,,,,1,2,1,1.0,2.0
201800055424,0018-06-03 18:50:00,18,6,3,18,50,750,114,PORTE DE VANVES,48.8241,2.3073,Plein jour,En agglomération,Hors intersection,Normale,Sans collision,,,,,,,,,,,1,2,1,1.0,7.0
201800055425,0018-06-04 08:45:00,18,6,4,8,45,750,116,ECHANGEUR ISSY,48.835,2.2638,Plein jour,En agglomération,Hors intersection,Normale,Deux véhicules - côté,,,,,,,,,,,1,2,1,1.0,3.0
201800055426,0018-06-04 09:45:00,18,6,4,9,45,750,116,PORTE D AUTEUIL,48.8474,2.25389,Plein jour,En agglomération,Hors intersection,Normale,Trois véhicules et plus - en chaîne,,,,,,,,,,,1,2,1,1.0,4.0
201800055427,0018-06-06 14:40:00,18,6,6,14,40,750,120,PORTE DE MONTREUIL,48.8594,2.41423,Plein jour,En agglomération,Hors intersection,Normale,Deux véhicules - côté,,,,,,,,,,,1,2,1,1.0,3.0
201800055428,0018-06-06 16:15:00,18,6,6,16,15,750,112,BOULEVARD DE BERCY,48.8273,2.39147,Plein jour,En agglomération,Hors intersection,Normale,Deux véhicules - côté,,,,,,,,,,,1,2,1,1.0,3.0
201800055429,0018-06-07 16:15:00,18,6,7,16,15,750,119,PORTE DES LILAS,48.8808,2.40435,Plein jour,En agglomération,Hors intersection,Normale,Deux véhicules - côté,,,,,,,,,,,1,2,1,1.0,3.0
201800055430,0018-06-09 10:30:00,18,6,9,10,30,750,115,PORTE BRANCION,48.8285,2.28953,Plein jour,En agglomération,Hors intersection,Normale,Deux véhicules - arrière,,,,,,,,,,,1,2,1,1.0,2.0
201800055431,0018-06-09 14:30:00,18,6,9,14,30,750,120,PORTE DE VINCENNES,48.847,2.41469,Plein jour,En agglomération,Hors intersection,Normale,Trois véhicules et plus - en chaîne,,,,,,,,,,,1,2,1,1.0,4.0
201800055432,0018-06-09 16:35:00,18,6,9,16,35,750,112,PORTE DE CHARENTON,48.8285,2.39802,Plein jour,En agglomération,Hors intersection,Normale,Deux véhicules - côté,,,,,,,,,,,1,2,1,1.0,3.0
201800055433,0018-06-09 19:00:00,18,6,9,19,0,750,114,PORTE DE CHATILLON,48.8222,2.31628,Plein jour,En agglomération,Hors intersection,Normale,Autre collision,,,,,,,,,,,1,2,1,1.0,6.0
201800055434,0018-06-11 16:30:00,18,6,11,16,30,750,116,PORTE MAILLOT,48.8779,2.28053,Plein jour,En agglomération,Hors intersection,Pluie légère,Deux véhicules - arrière,,,,,,,,,,,1,2,1,2.0,2.0
201800055435,0018-06-14 11:00:00,18,6,14,11,0,750,120,PORTE DE VINCENNES,48.8497,2.415,Plein jour,En agglomération,Hors intersection,Normale,Trois véhicules et plus - en chaîne,,,,,,,,,,,1,2,1,1.0,4.0
201800055436,0018-06-15 14:45:00,18,6,15,14,45,750,115,PORTE BRANCION,48.8263,2.29697,Plein jour,En agglomération,Hors intersection,Normale,Trois véhicules et plus - en chaîne,,,,,,,,,,,1,2,1,1.0,4.0
201800055437,0018-06-16 08:40:00,18,6,16,8,40,750,113,PORTE D ITALIE,48.8179,2.3683,Plein jour,En agglomération,Hors intersection,Normale,Autre collision,,,,,,,,,,,1,2,1,1.0,6.0
201800055438,0018-06-12 11:55:00,18,6,12,11,55,750,112,PORTE DOREE,48.8338,2.40854,Plein jour,En agglomération,Hors intersection,Normale,Deux véhicules - arrière,,,,,,,,,,,1,2,1,1.0,2.0
201800055439,0018-06-12 07:30:00,18,6,12,7,30,750,115,PORTE D ISSY,48.8349,2.26651,Plein jour,En agglomération,Hors intersection,Pluie légère,Sans collision,,,,,,,,,,,1,2,1,2.0,7.0
201800055440,0018-06-12 09:35:00,18,6,12,9,35,750,116,PORTE DE SAINT CLOUD,48.8373,2.25534,Plein jour,En agglomération,Hors intersection,Pluie légère,Autre collision,,,,,,,,,,,1,2,1,2.0,6.0
201800055441,0018-06-16 14:50:00,18,6,16,14,50,750,120,PORTE DE BAGNOLET,48.8594,2.41404,Plein jour,En agglomération,Hors intersection,Normale,Trois véhicules et plus - en chaîne,,,,,,,,,,,1,2,1,1.0,4.0
201800055442,0018-06-16 20:15:00,18,6,16,20,15,750,120,PORTE DE BAGNOLET,48.8736,2.41182,Plein jour,En agglomération,Hors intersection,Normale,Deux véhicules - côté,,,,,,,,,,,1,2,1,1.0,3.0
201800055443,0018-06-17 17:20:00,18,6,17,17,20,750,113,QUAI D IVRY,48.825,2.38448,Plein jour,En agglomération,Intersection en Y,Normale,Trois véhicules et plus - en chaîne,,,,,,,,,,,1,2,4,1.0,4.0
201800055444,0018-06-17 19:50:00,18,6,17,19,50,750,114,PORTE DE GENTILLY,48.8164,2.34307,Plein jour,En agglomération,Hors intersection,Normale,Trois véhicules et plus - en chaîne,,,,,,,,,,,1,2,1,1.0,4.0
201800055445,0018-06-18 14:40:00,18,6,18,14,40,750,116,PORTE MAILLOT,48.8759,2.27782,Plein jour,En agglomération,Hors intersection,Normale,Deux véhicules - côté,,,,,,,,,,,1,2,1,1.0,3.0
201800055446,0018-06-18 05:50:00,18,6,18,5,50,750,119,BOULEVARD PERIPHERIQUE I,48.9005,2.38795,Crépuscule ou aube,En agglomération,Hors intersection,Normale,Autre collision,,,,,,,,,,,2,2,1,1.0,6.0
201800055447,0018-06-19 14:30:00,18,6,19,14,30,750,116,PORT D AUTEUIL,48.849,2.25251,Plein jour,En agglomération,Hors intersection,Normale,Trois véhicules et plus - en chaîne,,,,,,,,,,,1,2,1,1.0,4.0
201800055448,0018-06-20 01:35:00,18,6,20,1,35,750,119,BOULEVARD PERIPHERIQUE,48.8812,2.4034,Nuit avec éclairage allumé,En agglomération,Hors intersection,Normale,Deux véhicules - arrière,,,,,,,,,,,5,2,1,1.0,2.0
201800055449,0018-06-21 14:10:00,18,6,21,14,10,750,118,PORTE DE LA CHAPELLE,48.9012,2.36264,Plein jour,En agglomération,Hors intersection,Normale,Trois véhicules et plus - en chaîne,,,,,,,,,,,1,2,1,1.0,4.0
201800055450,0018-06-21 18:10:00,18,6,21,18,10,750,116,PORTE DE PASSY,48.8574,2.25922,Plein jour,En agglomération,Hors intersection,Normale,Sans collision,,,,,,,,,,,1,2,1,1.0,7.0
201800055451,0018-06-22 00:25:00,18,6,22,0,25,750,120,PORTE DE BAGNOLET,48.8665,2.4126,Nuit avec éclairage allumé,En agglomération,Intersection en Y,Normale,Deux véhicules - arrière,,,,,,,,,,,5,2,4,1.0,2.0
201800055452,0018-06-22 16:00:00,18,6,22,16,0,750,116,ECHANGEUR MUETTE,48.8623,2.26483,Plein jour,En agglomération,Hors intersection,Normale,Trois véhicules et plus - collisions multiples,,,,,,,,,,,1,2,1,1.0,5.0
201800055453,0018-06-22 16:30:00,18,6,22,16,30,750,117,PORTE D ASNIERES,48.891,2.29974,Plein jour,En agglomération,Hors intersection,Normale,Deux véhicules - côté,,,,,,,,,,,1,2,1,1.0,3.0
201800055454,0018-06-23 02:30:00,18,6,23,2,30,750,114,BOULEVARD PERIPHERIQUE I,48.8248,2.30469,Nuit avec éclairage allumé,En agglomération,Hors intersection,Normale,Sans collision,,,,,,,,,,,5,2,1,1.0,7.0
201800055455,0018-06-23 19:30:00,18,6,23,19,30,750,112,PORTE DE VINCENNES,48.8443,2.41389,Plein jour,En agglomération,Hors intersection,Normale,Trois véhicules et plus - en chaîne,,,,,,,,,,,1,2,1,1.0,4.0
201800055456,0018-06-23 19:55:00,18,6,23,19,55,750,114,PORTE D ORLEANS,48.8206,2.32277,Plein jour,En agglomération,Hors intersection,Normale,Autre collision,,,,,,,,,,,1,2,1,1.0,6.0
201800055457,0018-06-24 02:55:00,18,6,24,2,55,750,119,PORTE DE LA VILLETTE,48.9006,2.38835,Nuit avec éclairage allumé,En agglomération,Hors intersection,Normale,Autre collision,,,,,,,,,,,5,2,1,1.0,6.0
201800055458,0018-06-25 00:20:00,18,6,25,0,20,750,120,BOULEVARD PERIPHERIQUE I,48.8735,2.41158,Nuit avec éclairage allumé,En agglomération,Hors intersection,Normale,Deux véhicules - arrière,,,,,,,,,,,5,2,1,1.0,2.0
201800055459,0018-06-25 07:50:00,18,6,25,7,50,750,117,PORTE DE SAINT OUEN,48.8993,2.3179,Plein jour,En agglomération,Hors intersection,Normale,Autre collision,,,,,,,,,,,1,2,1,1.0,6.0
201800055460,0018-06-25 09:10:00,18,6,25,9,10,750,118,PORTE DE LA CHAPELLE,48.9003,2.35917,Plein jour,En agglomération,Hors intersection,Normale,Sans collision,,,,,,,,,,,1,2,1,1.0,7.0
201800055461,0018-06-25 08:50:00,18,6,25,8,50,750,119,PORTE DES LILAS,48.8784,2.40819,Plein jour,En agglomération,Hors intersection,Normale,Deux véhicules - arrière,,,,,,,,,,,1,2,1,1.0,2.0
201800055462,0018-06-26 18:45:00,18,6,26,18,45,750,114,PORTE DE CHATILLON,48.8232,2.31118,Plein jour,En agglomération,Hors intersection,Normale,Trois véhicules et plus - en chaîne,,,,,,,,,,,1,2,1,1.0,4.0
201800055463,0018-06-26 18:30:00,18,6,26,18,30,750,116,PORTE DE PASSY,48.8578,2.25951,Plein jour,En agglomération,Hors intersection,Normale,Trois véhicules et plus - en chaîne,,,,,,,,,,,1,2,1,1.0,4.0
201800055464,0018-06-27 07:10:00,18,6,27,7,10,750,113,ECHANGEUR IVRY,48.8253,2.38527,Plein jour,En agglomération,Hors intersection,Normale,Sans collision,,,,,,,,,,,1,2,1,1.0,7.0
201800055465,0018-06-27 08:25:00,18,6,27,8,25,750,116,PORTE DAUPHINE,48.8669,2.26901,Plein jour,En agglomération,Hors intersection,Normale,Deux véhicules - arrière,,,,,,,,,,,1,2,1,1.0,2.0
201800055466,0018-06-27 14:00:00,18,6,27,14,0,750,113,PORTE D IVRY,48.8222,2.3802,Plein jour,En agglomération,Hors intersection,Normale,Trois véhicules et plus - en chaîne,,,,,,,,,,,1,2,1,1.0,4.0
201800055467,0018-06-27 17:55:00,18,6,27,17,55,750,112,PORTE DOREE,48.8372,2.41272,Plein jour,En agglomération,Hors intersection,Normale,Deux véhicules - arrière,,,,,,,,,,,1,2,1,1.0,2.0
201800055468,0018-06-27 20:10:00,18,6,27,20,10,750,115,PORTE BRANCION,48.8266,2.29569,Plein jour,En agglomération,Hors intersection,Normale,Deux véhicules - arrière,,,,,,,,,,,1,2,1,1.0,2.0
201800055469,0018-06-27 08:20:00,18,6,27,8,20,750,114,PORTE D ORLEANS,48.8187,2.33184,Plein jour,En agglomération,Hors intersection,Normale,Trois véhicules et plus - collisions multiples,,,,,,,,,,,1,2,1,1.0,5.0
201800055470,0018-06-28 08:55:00,18,6,28,8,55,750,116,PORTE DE SAINT CLOUD,48.8364,2.25621,Plein jour,En agglomération,Hors intersection,Normale,Sans collision,,,,,,,,,,,1,2,1,1.0,7.0
201800055471,0018-06-28 08:55:00,18,6,28,8,55,750,117,PORTE DES TERNES,48.8852,2.28683,Plein jour,En agglomération,Hors intersection,Normale,Deux véhicules - arrière,,,,,,,,,,,1,2,1,1.0,2.0
201800055472,0018-06-28 08:15:00,18,6,28,8,15,750,117,PORTE DE CLICHY,48.8969,2.31063,Plein jour,En agglomération,Hors intersection,Normale,Deux véhicules - arrière,,,,,,,,,,,1,2,1,1.0,2.0
201800055473,0018-06-28 18:45:00,18,6,28,18,45,750,112,QUAI DE BERCY,48.8285,2.39802,Plein jour,En agglomération,Hors intersection,Normale,Deux véhicules - côté,,,,,,,,,,,1,2,1,1.0,3.0
201800055474,0018-06-28 19:50:00,18,6,28,19,50,750,114,PORTE D ORLEANS,48.8214,2.31888,Plein jour,En agglomération,Hors intersection,Normale,Deux véhicules - côté,,,,,,,,,,,1,2,1,1.0,3.0
201800055475,0018-06-29 02:50:00,18,6,29,2,50,750,117,PORTE DE SAINT OUEN,48.9004,2.32259,Nuit avec éclairage allumé,En agglomération,Hors intersection,Normale,Autre collision,,,,,,,,,,,5,2,1,1.0,6.0
201800055476,0018-06-29 06:40:00,18,6,29,6,40,750,112,PORT DE BERCY,48.8285,2.39802,Plein jour,En agglomération,Hors intersection,Normale,Deux véhicules - côté,,,,,,,,,,,1,2,1,1.0,3.0
201800055477,0018-06-29 22:05:00,18,6,29,22,5,750,113,"13, AVENUE DE LA PORTE D",48.8203,2.37182,Nuit avec éclairage allumé,En agglomération,Intersection en Y,Normale,Deux véhicules - côté,,,,,,,,,,,5,2,4,1.0,3.0
201800055478,0018-07-02 16:20:00,18,7,2,16,20,750,120,PORTE DE MONTREUIL,48.8558,2.41387,Plein jour,En agglomération,Hors intersection,Normale,Deux véhicules - côté,,,,,,,,,,,1,2,1,1.0,3.0
201800055479,0018-07-04 10:00:00,18,7,4,10,0,750,112,PORTE DE VINCENNES,48.8434,2.41371,Plein jour,En agglomération,Hors intersection,Normale,Autre collision,,,,,,,,,,,1,2,1,1.0,6.0
201800055480,0018-07-04 17:35:00,18,7,4,17,35,750,119,PORTE DE PANTIN,48.8844,2.3985,Plein jour,En agglomération,Hors intersection,Normale,Deux véhicules - côté,,,,,,,,,,,1,2,1,1.0,3.0
201800055481,0018-07-05 13:30:00,18,7,5,13,30,750,112,ECHANGEUR BERCY,48.8274,2.39023,Plein jour,En agglomération,Intersection en Y,Temps couvert,Deux véhicules - côté,,,,,,,,,,,1,2,4,8.0,3.0
201800055482,0018-07-06 09:00:00,18,7,6,9,0,750,116,PORTE DE SAINT CLOUD,48.835,2.26112,Plein jour,En agglomération,Hors intersection,Normale,Deux véhicules - côté,,,,,,,,,,,1,2,1,1.0,3.0
201800055483,0018-07-06 13:15:00,18,7,6,13,15,750,112,PORTE DOREE,48.8338,2.40854,Plein jour,En agglomération,Hors intersection,Normale,Deux véhicules - arrière,,,,,,,,,,,1,2,1,1.0,2.0
201800055484,0018-07-06 20:30:00,18,7,6,20,30,750,117,PORTE D ASNIERES,48.8893,2.2965,Plein jour,En agglomération,Hors intersection,Normale,Sans collision,,,,,,,,,,,1,2,1,1.0,7.0
201800055485,0018-07-06 18:20:00,18,7,6,18,20,750,112,PORTE DE CHARENTON,48.8304,2.40251,Plein jour,En agglomération,Hors intersection,Normale,Deux véhicules - arrière,,,,,,,,,,,1,2,1,1.0,2.0
201800055486,0018-07-07 03:25:00,18,7,7,3,25,750,114,PORTE DE CHATILLON,48.8225,2.31501,Nuit avec éclairage allumé,En agglomération,Hors intersection,Normale,Autre collision,,,,,,,,,,,5,2,1,1.0,6.0
201800055487,0018-07-07 09:05:00,18,7,7,9,5,750,118,PORTE DE LA CHAPELLE,48.901,2.35394,Plein jour,En agglomération,Hors intersection,Normale,Autre collision,,,,,,,,,,,1,2,1,1.0,6.0
201800055488,0018-07-07 12:00:00,18,7,7,12,0,750,120,PORTE DE MONTREUIL,48.8523,2.41469,Plein jour,En agglomération,Hors intersection,Normale,Deux véhicules - arrière,,,,,,,,,,,1,2,1,1.0,2.0
201800055489,0018-07-07 12:30:00,18,7,7,12,30,750,118,PORTE DE CLIGNANCOURT,48.9009,2.34713,Plein jour,En agglomération,Hors intersection,Normale,Trois véhicules et plus - en chaîne,,,,,,,,,,,1,2,1,1.0,4.0
201800055490,0018-07-08 11:20:00,18,7,8,11,20,750,120,PORTE DE MONTREUIL,48.8558,2.41387,Plein jour,En agglomération,Hors intersection,Normale,Deux véhicules - côté,,,,,,,,,,,1,2,1,1.0,3.0
201800055491,0018-07-08 17:00:00,18,7,8,17,0,750,113,PORTE D ITALIE,48.8177,2.36721,Plein jour,En agglomération,Hors intersection,Normale,Deux véhicules - arrière,,,,,,,,,,,1,2,1,1.0,2.0
201800055492,0018-07-09 08:20:00,18,7,9,8,20,750,116,PORTE DE SAINT CLOUD,48.8398,2.25409,Plein jour,En agglomération,Hors intersection,Normale,Trois véhicules et plus - en chaîne,,,,,,,,,,,1,2,1,1.0,4.0
201800055493,0018-07-10 09:40:00,18,7,10,9,40,750,116,PORTE DE PASSY,48.8548,2.25537,Plein jour,En agglomération,Hors intersection,Normale,Trois véhicules et plus - en chaîne,,,,,,,,,,,1,2,1,1.0,4.0
201800055494,0018-07-10 09:55:00,18,7,10,9,55,750,119,PORTE D AUBERVILLIERS,48.9003,2.37607,Plein jour,En agglomération,Intersection en Y,Normale,Deux véhicules - arrière,,,,,,,,,,,1,2,4,1.0,2.0
201800055495,0018-07-10 11:15:00,18,7,10,11,15,750,120,PORTE DE BAGNOLET,48.8617,2.41371,Plein jour,En agglomération,Intersection en Y,Normale,Deux véhicules - côté,,,,,,,,,,,1,2,4,1.0,3.0
201800055496,0018-07-10 16:10:00,18,7,10,16,10,750,115,PORTE DE LA PLAINE,48.8266,2.29569,Plein jour,En agglomération,Hors intersection,Normale,Deux véhicules - arrière,,,,,,,,,,,1,2,1,1.0,2.0
201800055497,0018-07-10 17:50:00,18,7,10,17,50,750,118,PORTE DE SAINT OUEN,48.9008,2.33254,Plein jour,En agglomération,Hors intersection,Normale,Trois véhicules et plus - en chaîne,,,,,,,,,,,1,2,1,1.0,4.0
201800055498,0018-07-10 18:50:00,18,7,10,18,50,750,114,PORTE DE CHATILLON,48.8218,2.31755,Plein jour,En agglomération,Hors intersection,Normale,Trois véhicules et plus - en chaîne,,,,,,,,,,,1,2,1,1.0,4.0
201800055499,0018-07-10 22:45:00,18,7,10,22,45,750,118,PORTE DE CLIGNANCOURT,48.9012,2.35026,Nuit avec éclairage allumé,En agglomération,Hors intersection,Normale,Trois véhicules et plus - en chaîne,,,,,,,,,,,5,2,1,1.0,4.0
201800055500,0018-07-10 23:00:00,18,7,10,23,0,750,114,PORTE DE CHATILLON,48.8226,2.31375,Nuit avec éclairage allumé,En agglomération,Hors intersection,Normale,Trois véhicules et plus - en chaîne,,,,,,,,,,,5,2,1,1.0,4.0
201800055501,0018-07-11 13:10:00,18,7,11,13,10,750,113,QUAI D IVRY,48.826,2.38773,Plein jour,En agglomération,Hors intersection,Normale,Trois véhicules et plus - en chaîne,,,,,,,,,,,1,2,1,1.0,4.0
201800055502,0018-07-11 14:10:00,18,7,11,14,10,750,116,ECHANGEUR MAILLOT,48.8778,2.27951,Plein jour,En agglomération,Hors intersection,Normale,Sans collision,,,,,,,,,,,1,2,1,1.0,7.0
201800055503,0018-07-11 18:00:00,18,7,11,18,0,750,117,PORTE DE CLICHY,48.8983,2.31507,Plein jour,En agglomération,Hors intersection,Normale,Deux véhicules - côté,,,,,,,,,,,1,2,1,1.0,3.0
201800055504,0018-07-12 09:45:00,18,7,12,9,45,750,118,PORTE DE SAINT OUEN,48.9009,2.33798,Plein jour,En agglomération,Hors intersection,Normale,Autre collision,,,,,,,,,,,1,2,1,1.0,6.0
201800055505,0018-07-12 13:50:00,18,7,12,13,50,750,113,QUAI D IVRY,48.826,2.38773,Plein jour,En agglomération,Hors intersection,Normale,Trois véhicules et plus - en chaîne,,,,,,,,,,,1,2,1,1.0,4.0
201800055506,0018-07-12 17:35:00,18,7,12,17,35,750,118,PORTE DE LA CHAPELLE,48.901,2.35394,Plein jour,En agglomération,Hors intersection,Normale,Deux véhicules - arrière,,,,,,,,,,,1,2,1,1.0,2.0
201800055507,0018-07-12 18:00:00,18,7,12,18,0,750,119,PORTE DE LA VILLETTE,48.9004,2.38291,Plein jour,En agglomération,Hors intersection,Normale,Autre collision,,,,,,,,,,,1,2,1,1.0,6.0
201800055508,0018-07-12 19:50:00,18,7,12,19,50,750,117,PORTE DE CLICHY,48.8952,2.30681,Plein jour,En agglomération,Hors intersection,Normale,Deux véhicules - arrière,,,,,,,,,,,1,2,1,1.0,2.0
201800055509,0018-07-13 08:45:00,18,7,13,8,45,750,117,PORTE DE SAINT OUEN,48.9002,2.32128,Plein jour,En agglomération,Hors intersection,Normale,Deux véhicules - arrière,,,,,,,,,,,1,2,1,1.0,2.0
201800055510,0018-07-15 09:00:00,18,7,15,9,0,750,119,PORTE DU PRE SAINT GERVA,48.883,2.40022,Plein jour,En agglomération,Hors intersection,Normale,Autre collision,,,,,,,,,,,1,2,1,1.0,6.0
201800055511,0018-07-15 13:00:00,18,7,15,13,0,750,112,PORTE DOREE,48.8343,2.40974,Plein jour,En agglomération,Hors intersection,Normale,Deux véhicules - arrière,,,,,,,,,,,1,2,1,1.0,2.0
201800055512,0018-07-16 15:00:00,18,7,16,15,0,750,118,PORTE DE CLIGNANCOURT,48.9009,2.34576,Plein jour,En agglomération,Hors intersection,Normale,Trois véhicules et plus - en chaîne,,,,,,,,,,,1,2,1,1.0,4.0
201800055513,0018-07-17 07:50:00,18,7,17,7,50,750,113,BOULEVARD PERIPHERIQUE I,48.819,2.3713,Plein jour,En agglomération,Hors intersection,Normale,Deux véhicules - côté,,,,,,,,,,,1,2,1,1.0,3.0
201800055514,0018-07-18 18:00:00,18,7,18,18,0,750,120,PORTE DE MONTREUIL,48.85002,2.41514,Plein jour,En agglomération,Hors intersection,Normale,Deux véhicules - arrière,,,,,,,,,,,1,2,1,1.0,2.0
201800055515,0018-07-19 08:50:00,18,7,19,8,50,750,113,ECHANGEUR ITALIE,48.81663,2.35635,Plein jour,En agglomération,Intersection en Y,Normale,Deux véhicules - arrière,,,,,,,,,,,1,2,4,1.0,2.0
201800055516,0018-07-20 10:35:00,18,7,20,10,35,750,115,PORTE DE LA PLAINE,48.82915,2.28801,Plein jour,En agglomération,Hors intersection,Normale,Trois véhicules et plus - collisions multiples,,,,,,,,,,,1,2,1,1.0,5.0
201800055517,0018-07-20 16:20:00,18,7,20,16,20,750,117,PORTE DE SAINT OUEN,48.90021,2.32134,Plein jour,En agglomération,Hors intersection,Pluie légère,Deux véhicules - côté,,,,,,,,,,,1,2,1,2.0,3.0
201800055518,0018-07-20 17:00:00,18,7,20,17,0,750,119,PORTE DE LA VILLETTE,48.88222,2.40145,Plein jour,En agglomération,Hors intersection,Normale,Deux véhicules - côté,,,,,,,,,,,1,2,1,1.0,3.0
201800055519,0018-07-20 18:30:00,18,7,20,18,30,750,113,PORTE D ITALIE,48.8,2.35,Plein jour,En agglomération,Hors intersection,Normale,Trois véhicules et plus - collisions multiples,,,,,,,,,,,1,2,1,1.0,5.0
201800055520,0018-07-21 11:15:00,18,7,21,11,15,750,114,PORTE DE CHATILLON,,,Plein jour,En agglomération,Hors intersection,Normale,Trois véhicules et plus - en chaîne,,,,,,,,,,,1,2,1,1.0,4.0
201800055521,0018-07-21 19:50:00,18,7,21,19,50,750,118,PORTE DE CLIGNANCOURT,48.90073,2.33634,Plein jour,En agglomération,Hors intersection,Normale,Deux véhicules - côté,,,,,,,,,,,1,2,1,1.0,3.0
201800055522,0018-07-24 09:50:00,18,7,24,9,50,750,116,PORTE D AUTEUIL,48.84742,2.25431,Plein jour,En agglomération,Hors intersection,Normale,Deux véhicules - côté,,,,,,,,,,,1,2,1,1.0,3.0
201800055523,0018-07-24 10:55:00,18,7,24,10,55,750,118,PORTE DE SAINT OUEN,48.9006,2.3288,Plein jour,En agglomération,Hors intersection,Normale,Trois véhicules et plus - collisions multiples,,,,,,,,,,,1,2,1,1.0,5.0
201800055524,0018-07-24 16:15:00,18,7,24,16,15,750,114,PORTE DE CHATILLON,,,Plein jour,En agglomération,Hors intersection,Normale,Deux véhicules - côté,,,,,,,,,,,1,2,1,1.0,3.0
201800055525,0018-07-25 00:40:00,18,7,25,0,40,750,118,BOULEVARD PERIPHERIQUE E,48.90119,2.35083,Nuit avec éclairage allumé,En agglomération,Hors intersection,Normale,Trois véhicules et plus - en chaîne,,,,,,,,,,,5,2,1,1.0,4.0