accident_id,datetime,annee,mois,jour,heure,minute,departement,commune_insee,adresse,latitude,longitude,luminosite,agglomeration,intersection,meteo,collision,nb_vehicules,nb_usagers,nb_indemnes,nb_tues,nb_blesses_hosp,nb_blesses_legers,age_cond_1,age_cond_2,veh_type_cond_1,veh_type_cond_2,lum_code,agg_code,int_code,atm_code,col_code
201800055526,0018-07-25 09:20:00,18,7,25,9,20,750,118,PORTE DE LA CHAPELLE,48.90078,2.35848,Plein jour,En agglomération,Hors intersection,Normale,Deux véhicules - arrière,,,,,,,,,,,1,2,1,1.0,2.0
201800055527,0018-07-25 17:40:00,18,7,25,17,40,750,113,PORTE D IVRY,48.51458,2.17153,Plein jour,En agglomération,Hors intersection,Normale,Trois véhicules et plus - collisions multiples,,,,,,,,,,,1,2,1,1.0,5.0
201800055528,0018-07-26 09:10:00,18,7,26,9,10,750,114,PORTE D ORLEANS,48.81937,2.32882,Plein jour,En agglomération,Intersection en Y,Normale,Deux véhicules - arrière,,,,,,,,,,,1,2,4,1.0,2.0
201800055529,0018-07-26 10:10:00,18,7,26,10,10,750,116,PORTE DE PASSY,48.86652,2.26898,Plein jour,En agglomération,Hors intersection,Normale,Trois véhicules et plus - en chaîne,,,,,,,,,,,1,2,1,1.0,4.0
201800055530,0018-07-26 13:10:00,18,7,26,13,10,750,117,PORTE DES TERNES,48.89335,2.30364,Plein jour,En agglomération,Intersection en Y,Normale,Trois véhicules et plus - en chaîne,,,,,,,,,,,1,2,4,1.0,4.0
201800055531,0018-07-26 18:00:00,18,7,26,18,0,750,118,BOULEVARD PERIPHERIQUE E,48.90053,2.32577,Plein jour,En agglomération,Hors intersection,Normale,Deux véhicules - côté,,,,,,,,,,,1,2,1,1.0,3.0
201800055532,0018-07-27 06:40:00,18,7,27,6,40,750,112,PORTE DOREE,48.8344,2.4106,Plein jour,En agglomération,Hors intersection,Normale,Autre collision,,,,,,,,,,,1,2,1,1.0,6.0
201800055533,0018-07-27 15:00:00,18,7,27,15,0,750,119,BOULEVARD PERIPHERIQUE I,48.88063,2.40465,Plein jour,En agglomération,Intersection en Y,Normale,Deux véhicules - côté,,,,,,,,,,,1,2,4,1.0,3.0
201800055534,0018-07-27 20:00:00,18,7,27,20,0,750,118,PORTE DE LA CHAPELLE,48.82324,2.17153,Crépuscule ou aube,En agglomération,Hors intersection,Neige / grêle,Deux véhicules - côté,,,,,,,,,,,2,2,1,4.0,3.0
201800055535,0018-07-27 20:25:00,18,7,27,20,25,750,117,PORTE DE CHAMPERRET,48.88794,2.29172,Plein jour,En agglomération,Hors intersection,Normale,Trois véhicules et plus - collisions multiples,,,,,,,,,,,1,2,1,1.0,5.0
201800055536,0018-07-28 08:50:00,18,7,28,8,50,750,113,PORTE D ITALIE,48.86667,2.33333,Plein jour,En agglomération,Hors intersection,Normale,Sans collision,,,,,,,,,,,1,2,1,1.0,7.0
201800055537,0018-07-30 08:30:00,18,7,30,8,30,750,116,PORTE MAILLOT,48.84601,2.41421,Plein jour,En agglomération,Hors intersection,Normale,Deux véhicules - côté,,,,,,,,,,,1,2,1,1.0,3.0
201800055538,0018-07-30 10:30:00,18,7,30,10,30,750,117,PORTE D ASNIERES,48.89287,2.30298,Plein jour,En agglomération,Hors intersection,Normale,Autre collision,,,,,,,,,,,1,2,1,1.0,6.0
201800055539,0018-07-30 14:30:00,18,7,30,14,30,750,112,ECHANGEUR BERCY,48.82723,2.3921,Plein jour,En agglomération,Intersection en Y,Normale,Autre collision,,,,,,,,,,,1,2,4,1.0,6.0
201800055540,0018-07-31 00:40:00,18,7,31,0,40,750,116,PORTE DE SAINT CLOUD,,,Nuit avec éclairage allumé,En agglomération,Hors intersection,Normale,Deux véhicules - arrière,,,,,,,,,,,5,2,1,1.0,2.0
201800055541,0018-07-31 17:40:00,18,7,31,17,40,750,117,PORTE D ASNIERES,48.8924,2.3022,Plein jour,En agglomération,Hors intersection,Normale,Deux véhicules - côté,,,,,,,,,,,1,2,1,1.0,3.0
201800055542,0018-08-01 09:00:00,18,8,1,9,0,750,120,PORTE DE BAGNOLET,,,Plein jour,En agglomération,Intersection en Y,Normale,Deux véhicules - côté,,,,,,,,,,,1,2,4,1.0,3.0
201800055543,0018-08-01 14:15:00,18,8,1,14,15,750,116,PORTE DE SAINT CLOUD,48.84007,2.25388,Plein jour,En agglomération,Hors intersection,Normale,Deux véhicules - côté,,,,,,,,,,,1,2,1,1.0,3.0
201800055544,0018-08-01 16:15:00,18,8,1,16,15,750,112,PORTE DOREE,48.83669,2.40767,Plein jour,En agglomération,Hors intersection,Normale,Trois véhicules et plus - en chaîne,,,,,,,,,,,1,2,1,1.0,4.0
201800055545,0018-08-02 08:35:00,18,8,2,8,35,750,114,PORTE DE VANVES,48.82473,2.30484,Plein jour,En agglomération,Hors intersection,Normale,Deux véhicules - côté,,,,,,,,,,,1,2,1,1.0,3.0
201800055546,0018-08-02 17:20:00,18,8,2,17,20,750,116,PORTE MAILLOT,48.87786,2.28051,Plein jour,En agglomération,Hors intersection,Normale,Deux véhicules - arrière,,,,,,,,,,,1,2,1,1.0,2.0
201800055547,0018-08-03 06:40:00,18,8,3,6,40,750,120,PORTE DE MONTREUIL,,,Plein jour,En agglomération,Hors intersection,Normale,Autre collision,,,,,,,,,,,1,2,1,1.0,6.0
201800055548,0018-08-03 07:30:00,18,8,3,7,30,750,114,PORTE DE CHATILLON,48.81967,2.32733,Plein jour,En agglomération,Hors intersection,Normale,Deux véhicules - arrière,,,,,,,,,,,1,2,1,1.0,2.0
201800055549,0018-08-04 14:00:00,18,8,4,14,0,750,114,PORTE DE CHATILLON,48.82152,2.31852,Plein jour,En agglomération,Hors intersection,Normale,Deux véhicules - arrière,,,,,,,,,,,1,2,1,1.0,2.0
201800055550,0018-08-06 08:10:00,18,8,6,8,10,750,112,PORTE DOREE,48.83451,2.43039,Nuit avec éclairage allumé,En agglomération,Hors intersection,Normale,Deux véhicules - arrière,,,,,,,,,,,5,2,1,1.0,2.0
201800055551,0018-08-06 17:00:00,18,8,6,17,0,750,114,PORTE DE CHATILLON,48.86666,2.33333,Plein jour,En agglomération,Hors intersection,Normale,Trois véhicules et plus - en chaîne,,,,,,,,,,,1,2,1,1.0,4.0
201800055552,0018-08-07 09:00:00,18,8,7,9,0,750,119,BOULEVARD PERIPHERIQUE E,48.9007,2.3701,Plein jour,En agglomération,Hors intersection,Normale,Sans collision,,,,,,,,,,,1,2,1,1.0,7.0
201800055553,0018-08-10 01:10:00,18,8,10,1,10,750,114,PORTE DE VANVES,48.82685,2.2953,Nuit avec éclairage allumé,En agglomération,Hors intersection,Normale,Deux véhicules - arrière,,,,,,,,,,,5,2,1,1.0,2.0
201800055554,0018-08-10 13:20:00,18,8,10,13,20,750,120,PORTE DES LILAS,48.86994,2.42981,Plein jour,En agglomération,Hors intersection,Normale,Trois véhicules et plus - en chaîne,,,,,,,,,,,1,2,1,1.0,4.0
201800055555,0018-08-10 17:15:00,18,8,10,17,15,750,113,PORTE DE GENTILLY,48.81784,2.35117,Plein jour,En agglomération,Hors intersection,Normale,Deux véhicules - côté,,,,,,,,,,,1,2,1,1.0,3.0
201800055556,0018-08-13 18:10:00,18,8,13,18,10,750,118,PORTE DE SAINT OUEN,48.90068,2.33149,Plein jour,En agglomération,Hors intersection,Normale,Deux véhicules - arrière,,,,,,,,,,,1,2,1,1.0,2.0
201800055557,0018-08-15 01:00:00,18,8,15,1,0,750,119,PORTE DE LA VILLETTE,48.90057,2.38586,Nuit avec éclairage allumé,En agglomération,Hors intersection,Normale,Trois véhicules et plus - en chaîne,,,,,,,,,,,5,2,1,1.0,4.0
201800055558,0018-08-15 16:45:00,18,8,15,16,45,750,120,PORTE DE BAGNOLET,48.86666,2.33333,Plein jour,En agglomération,Intersection en Y,Normale,Autre collision,,,,,,,,,,,1,2,4,1.0,6.0
201800055559,0018-08-16 17:50:00,18,8,16,17,50,750,116,PORTE MAILLOT,48.87809,2.28004,Plein jour,En agglomération,Hors intersection,Normale,Autre collision,,,,,,,,,,,1,2,1,1.0,6.0
201800055560,0018-08-18 15:00:00,18,8,18,15,0,750,118,PORTE DE CLIGNANCOURT,48.89789,2.34578,Plein jour,En agglomération,Hors intersection,Normale,Deux véhicules - arrière,,,,,,,,,,,1,2,1,1.0,2.0
201800055561,0018-08-18 15:45:00,18,8,18,15,45,750,118,PORTE DE CLIGNANCOURT,48.90091,2.34254,Plein jour,En agglomération,Hors intersection,Normale,Deux véhicules - côté,,,,,,,,,,,1,2,1,1.0,3.0
201800055562,0018-08-19 06:20:00,18,8,19,6,20,750,119,PORTE DE LA VILLETTE,48.9004,2.3898,Plein jour,En agglomération,Hors intersection,Normale,Autre collision,,,,,,,,,,,1,2,1,1.0,6.0
201800055563,0018-08-19 18:50:00,18,8,19,18,50,750,118,ECHANGEUR CHAPELLE,48.9001,2.36067,Plein jour,En agglomération,Intersection en Y,Normale,Trois véhicules et plus - en chaîne,,,,,,,,,,,1,2,4,1.0,4.0
201800055564,0018-08-20 09:30:00,18,8,20,9,30,750,116,PORTE DE PASSY,48.86326,2.26509,Plein jour,En agglomération,Hors intersection,Normale,Trois véhicules et plus - en chaîne,,,,,,,,,,,1,2,1,1.0,4.0
201800055565,0018-08-21 09:10:00,18,8,21,9,10,750,113,QUAI D IVRY,48.82441,2.38392,Plein jour,En agglomération,Hors intersection,Normale,Trois véhicules et plus - en chaîne,,,,,,,,,,,1,2,1,1.0,4.0
201800055566,0018-08-22 14:30:00,18,8,22,14,30,750,113,PORTE DE GENTILLY,,,Plein jour,En agglomération,Hors intersection,Normale,Deux véhicules - arrière,,,,,,,,,,,1,2,1,1.0,2.0
201800055567,0018-08-24 10:55:00,18,8,24,10,55,750,112,PORTE DE VINCENNES,48.84437,2.4139,Plein jour,En agglomération,Hors intersection,Normale,Trois véhicules et plus - en chaîne,,,,,,,,,,,1,2,1,1.0,4.0
201800055568,0018-08-24 14:00:00,18,8,24,14,0,750,120,PORTE DES LILAS,48.87923,2.40731,Plein jour,En agglomération,Intersection en Y,Normale,Deux véhicules - côté,,,,,,,,,,,1,2,4,1.0,3.0
201800055569,0018-08-24 17:30:00,18,8,24,17,30,750,119,PORTE DE LA VILLETTE,48.90043,2.38549,Plein jour,En agglomération,Hors intersection,Normale,Deux véhicules - côté,,,,,,,,,,,1,2,1,1.0,3.0
201800055570,0018-08-25 02:30:00,18,8,25,2,30,750,116,BOULEVARD PERIPHERIQUE E,48.84759,2.25389,Nuit avec éclairage allumé,En agglomération,Hors intersection,Normale,Deux véhicules - côté,,,,,,,,,,,5,2,1,1.0,3.0
201800055571,0018-08-27 08:50:00,18,8,27,8,50,750,118,PORTE DE CLIGNANCOURT,48.89805,2.34524,Plein jour,En agglomération,Hors intersection,Pluie légère,Sans collision,,,,,,,,,,,1,2,1,2.0,7.0
201800055572,0018-08-27 09:00:00,18,8,27,9,0,750,116,PORTE D AUTEUIL,48.84692,2.25479,Plein jour,En agglomération,Hors intersection,Temps couvert,Sans collision,,,,,,,,,,,1,2,1,8.0,7.0
201800055573,0018-08-29 14:45:00,18,8,29,14,45,750,112,BOULEVARD PERIPHERIQUE E,48.8326,2.38299,Plein jour,En agglomération,Hors intersection,Pluie légère,Deux véhicules - côté,,,,,,,,,,,1,2,1,2.0,3.0
201800055574,0018-08-30 09:15:00,18,8,30,9,15,750,118,PORTE DE CLIGNANCOURT,48.90093,2.33817,Plein jour,En agglomération,Hors intersection,Normale,Deux véhicules - arrière,,,,,,,,,,,1,2,1,1.0,2.0
201800055575,0018-08-30 19:50:00,18,8,30,19,50,750,120,PORTE DE BAGNOLET,48.863,2.41349,Plein jour,En agglomération,Hors intersection,Normale,Deux véhicules - arrière,,,,,,,,,,,1,2,1,1.0,2.0
201800055576,0018-08-31 15:15:00,18,8,31,15,15,750,120,PORTE DE MONTREUIL,48.85123,2.39481,Plein jour,En agglomération,Hors intersection,Normale,Deux véhicules - arrière,,,,,,,,,,,1,2,1,1.0,2.0
201800055577,0018-09-02 06:50:00,18,9,2,6,50,750,112,ECHANGEUR BERCY,48.82711,2.38965,Plein jour,En agglomération,Hors intersection,Normale,Autre collision,,,,,,,,,,,1,2,1,1.0,6.0
201800055578,0018-09-02 12:30:00,18,9,2,12,30,750,114,PORTE D ORLEANS,48.81877,2.33188,Plein jour,En agglomération,Hors intersection,Normale,Sans collision,,,,,,,,,,,1,2,1,1.0,7.0
201800055579,0018-09-02 13:30:00,18,9,2,13,30,750,120,PORTE DE MONTREUIL,48.84817,2.41495,Plein jour,En agglomération,Hors intersection,Normale,Deux véhicules - côté,,,,,,,,,,,1,2,1,1.0,3.0
201800055580,0018-09-02 18:15:00,18,9,2,18,15,750,113,PORTE D IVRY,48.8203,2.3752,Plein jour,En agglomération,Hors intersection,Normale,Deux véhicules - côté,,,,,,,,,,,1,2,1,1.0,3.0
201800055581,0018-09-02 19:20:00,18,9,2,19,20,750,116,PORTE DE PASSY,48.86198,2.26427,Plein jour,En agglomération,Hors intersection,Normale,Trois véhicules et plus - en chaîne,,,,,,,,,,,1,2,1,1.0,4.0
201800055582,0018-09-04 12:40:00,18,9,4,12,40,750,115,PORTE DE VERSAILLES,48.83059,2.28498,Plein jour,En agglomération,Hors intersection,Normale,Trois véhicules et plus - collisions multiples,,,,,,,,,,,1,2,1,1.0,5.0
201800055583,0018-09-05 19:39:00,18,9,5,19,39,750,117,PORTE MAILLOT,48.87766,2.28025,Plein jour,En agglomération,Hors intersection,Normale,Trois véhicules et plus - en chaîne,,,,,,,,,,,1,2,1,1.0,4.0
201800055584,0018-09-05 23:22:00,18,9,5,23,22,750,113,PORTE D IVRY,48.8197,2.3735,Nuit avec éclairage allumé,En agglomération,Hors intersection,Normale,Deux véhicules - arrière,,,,,,,,,,,5,2,1,1.0,2.0
201800055585,0018-09-06 09:20:00,18,9,6,9,20,750,117,PORTE MAILLOT,,,Plein jour,En agglomération,Intersection en Y,Normale,Deux véhicules - côté,,,,,,,,,,,1,2,4,1.0,3.0
201800055586,0018-09-07 09:10:00,18,9,7,9,10,750,118,BOULEVARD PERIPHERIQUE E,48.90055,2.3285,Plein jour,En agglomération,Hors intersection,Normale,Deux véhicules - arrière,,,,,,,,,,,1,2,1,1.0,2.0
201800055587,0018-09-08 19:50:00,18,9,8,19,50,750,119,PORTE DE LA VILLETTE,48.90036,2.38865,Crépuscule ou aube,En agglomération,Hors intersection,Normale,Deux véhicules - arrière,,,,,,,,,,,2,2,1,1.0,2.0
201800055588,0018-09-09 06:45:00,18,9,9,6,45,750,116,PORTE D AUTEUIL,,,Nuit avec éclairage allumé,En agglomération,Hors intersection,Normale,Autre collision,,,,,,,,,,,5,2,1,1.0,6.0
201800055589,0018-09-09 15:50:00,18,9,9,15,50,750,117,PORTE DE CHAMPERRET,48.59906,2.17365,Plein jour,En agglomération,Hors intersection,Normale,Trois véhicules et plus - collisions multiples,,,,,,,,,,,1,2,1,1.0,5.0
201800055590,0018-09-09 20:50:00,18,9,9,20,50,750,112,ECHANGEUR BERCY,48.8288,2.3993,Nuit avec éclairage allumé,En agglomération,Hors intersection,Normale,Deux véhicules - arrière,,,,,,,,,,,5,2,1,1.0,2.0
201800055591,0018-09-11 10:45:00,18,9,11,10,45,750,120,PORTE DE BAGNOLET,48.86613,2.41664,Plein jour,En agglomération,Intersection en Y,Normale,Deux véhicules - côté,,,,,,,,,,,1,2,4,1.0,3.0
201800055592,0018-09-12 14:05:00,18,9,12,14,5,750,120,PORTE DES LILAS,,,Plein jour,En agglomération,Hors intersection,Normale,Trois véhicules et plus - en chaîne,,,,,,,,,,,1,2,1,1.0,4.0
201800055593,0018-09-12 14:45:00,18,9,12,14,45,750,118,PORTE DE SAINT OUEN,,,Plein jour,En agglomération,Hors intersection,Normale,Deux véhicules - côté,,,,,,,,,,,1,2,1,1.0,3.0
201800055594,0018-09-15 14:45:00,18,9,15,14,45,750,116,ECHANGEUR MAILLOT,48.87903,2.27823,Plein jour,En agglomération,Hors intersection,Temps éblouissant,Autre collision,,,,,,,,,,,1,2,1,7.0,6.0
201800055595,0018-09-17 23:19:00,18,9,17,23,19,750,119,PORTE D AUBERVILLIERS,48.9008,2.3715,Nuit avec éclairage allumé,En agglomération,Hors intersection,Normale,Autre collision,,,,,,,,,,,5,2,1,1.0,6.0
201800055596,0018-09-19 16:20:00,18,9,19,16,20,750,120,PORTE DE MONTREUIL,48.8513,2.4152,Plein jour,En agglomération,Hors intersection,Normale,Deux véhicules - côté,,,,,,,,,,,1,2,1,1.0,3.0
201800055597,0018-09-20 08:15:00,18,9,20,8,15,750,115,BOULEVARD PERIPHERIQUE E,48.83518,2.27147,Plein jour,En agglomération,Hors intersection,Normale,Autre collision,,,,,,,,,,,1,2,1,1.0,6.0
201800055598,0018-09-20 10:05:00,18,9,20,10,5,750,119,PORTE DE LA VILLETTE,,,Plein jour,En agglomération,Hors intersection,Normale,Deux véhicules - côté,,,,,,,,,,,1,2,1,1.0,3.0
201800055599,0018-09-20 22:30:00,18,9,20,22,30,750,114,BOULEVARD PERIPHERIQUE E,48.82204,2.31629,Nuit avec éclairage allumé,En agglomération,Intersection en Y,Normale,Deux véhicules - arrière,,,,,,,,,,,5,2,4,1.0,2.0
201800055600,0018-09-21 00:05:00,18,9,21,0,5,750,112,ECHANGEUR BERCY,48.82787,2.39392,Nuit avec éclairage allumé,En agglomération,Intersection en Y,Normale,Autre collision,,,,,,,,,,,5,2,4,1.0,6.0
201800055601,0018-09-21 01:55:00,18,9,21,1,55,750,117,BOULEVARD PERIPHERIQUE E,48.8807,2.2819,Nuit avec éclairage allumé,En agglomération,Hors intersection,Normale,Autre collision,,,,,,,,,,,5,2,1,1.0,6.0
201800055602,0018-09-21 08:05:00,18,9,21,8,5,750,115,PORTE DE SEVRES,48.83488,2.26681,Plein jour,En agglomération,Hors intersection,Pluie légère,Sans collision,,,,,,,,,,,1,2,1,2.0,7.0
201800055603,0018-09-21 17:50:00,18,9,21,17,50,750,120,PORTE DE MONTREUIL,48.6953,2.6875,Plein jour,En agglomération,Hors intersection,Normale,Deux véhicules - arrière,,,,,,,,,,,1,2,1,1.0,2.0
201800055604,0018-09-21 19:50:00,18,9,21,19,50,750,113,QUAI D IVRY,48.82043,2.37553,Nuit avec éclairage allumé,En agglomération,Hors intersection,Normale,Sans collision,,,,,,,,,,,5,2,1,1.0,7.0
201800055605,0018-09-21 17:40:00,18,9,21,17,40,750,116,PORTE MAILLOT,48.12345,2.12345,Plein jour,En agglomération,Hors intersection,Normale,Deux véhicules - côté,,,,,,,,,,,1,2,1,1.0,3.0
201800055606,0018-09-25 11:05:00,18,9,25,11,5,750,112,ECHANGEUR BERCY,48.82711,2.39011,Plein jour,En agglomération,Intersection en Y,Normale,Autre collision,,,,,,,,,,,1,2,4,1.0,6.0
201800055607,0018-09-25 18:05:00,18,9,25,18,5,750,112,PORTE DE VINCENNES,48.8367,2.4122,Plein jour,En agglomération,Hors intersection,Normale,Trois véhicules et plus - en chaîne,,,,,,,,,,,1,2,1,1.0,4.0
201800055608,0018-09-26 08:40:00,18,9,26,8,40,750,120,PORTE DE MONTREUIL,48.8559,2.4141,Plein jour,En agglomération,Hors intersection,Normale,Trois véhicules et plus - collisions multiples,,,,,,,,,,,1,2,1,1.0,5.0
201800055609,0018-09-26 09:20:00,18,9,26,9,20,750,116,PORTE D AUTEUIL,42.95204,2.54488,Plein jour,Hors agglomération,Hors intersection,Normale,Deux véhicules - côté,,,,,,,,,,,1,1,1,1.0,3.0
201800055610,0018-09-26 16:30:00,18,9,26,16,30,750,116,ECHANGEUR MUETTE,,,Plein jour,En agglomération,Hors intersection,Normale,Deux véhicules - arrière,,,,,,,,,,,1,2,1,1.0,2.0
201800055611,0018-09-27 08:50:00,18,9,27,8,50,750,119,PORTE DU PRE SAINT GERVA,48.883,2.4004,Plein jour,Hors agglomération,Hors intersection,Normale,Trois véhicules et plus - collisions multiples,,,,,,,,,,,1,1,1,1.0,5.0
201800055612,0018-09-27 17:10:00,18,9,27,17,10,750,117,PORTE DE CLICHY,,,Plein jour,En agglomération,Hors intersection,Normale,Deux véhicules - côté,,,,,,,,,,,1,2,1,1.0,3.0
201800055613,0018-09-27 17:15:00,18,9,27,17,15,750,112,PORTE DOREE,48.83679,2.41244,Plein jour,En agglomération,Hors intersection,Normale,Deux véhicules - arrière,,,,,,,,,,,1,2,1,1.0,2.0
201800055614,0018-09-28 09:00:00,18,9,28,9,0,750,118,PORTE DE SAINT OUEN,42.3678,2.36985,Plein jour,Hors agglomération,Hors intersection,Normale,Trois véhicules et plus - en chaîne,,,,,,,,,,,1,1,1,1.0,4.0
201800055615,0018-09-28 15:40:00,18,9,28,15,40,750,120,PORTE DE VINCENNES,48.8472,2.4147,Plein jour,En agglomération,Hors intersection,Normale,Trois véhicules et plus - en chaîne,,,,,,,,,,,1,2,1,1.0,4.0
201800055616,0018-09-28 19:20:00,18,9,28,19,20,750,112,PORTE DE VINCENNES,48.8463,2.4147,Nuit avec éclairage allumé,En agglomération,Hors intersection,Normale,Deux véhicules - arrière,,,,,,,,,,,5,2,1,1.0,2.0
201800055617,0018-09-29 11:10:00,18,9,29,11,10,750,117,PORTE D ASNIERES,48.89206,2.30071,Plein jour,En agglomération,Hors intersection,Normale,Deux véhicules - arrière,,,,,,,,,,,1,2,1,1.0,2.0
201800055618,0018-09-30 19:20:00,18,9,30,19,20,750,116,ECHANGEUR MUETTE,48.86307,2.26549,Plein jour,En agglomération,Hors intersection,Normale,Deux véhicules - arrière,,,,,,,,,,,1,2,1,1.0,2.0
201800055619,0018-09-30 21:10:00,18,9,30,21,10,750,116,PORTE DE SAINT CLOUD,,,Nuit avec éclairage allumé,En agglomération,Hors intersection,Normale,Deux véhicules - arrière,,,,,,,,,,,5,2,1,1.0,2.0
201800055620,0018-10-01 08:10:00,18,10,1,8,10,750,115,PORTE DE SEVRES,,,Plein jour,En agglomération,Hors intersection,Normale,Autre collision,,,,,,,,,,,1,2,1,1.0,6.0
201800055621,0018-10-01 10:00:00,18,10,1,10,0,750,117,PORTE DES TERNES,,,Plein jour,En agglomération,Hors intersection,Normale,Trois véhicules et plus - collisions multiples,,,,,,,,,,,1,2,1,1.0,5.0
201800055622,0018-10-01 13:40:00,18,10,1,13,40,750,117,PORTE DE SAINT OUEN,48.90028,2.32158,Plein jour,En agglomération,Hors intersection,Normale,Trois véhicules et plus - en chaîne,,,,,,,,,,,1,2,1,1.0,4.0
201800055623,0018-10-01 17:40:00,18,10,1,17,40,750,113,ECHANGEUR BERCY,48.86666,2.33333,Plein jour,En agglomération,Hors intersection,Normale,Deux véhicules - arrière,,,,,,,,,,,1,2,1,1.0,2.0
201800055624,0018-10-02 02:24:00,18,10,2,2,24,750,112,PORTE DOREE,48.8345,2.4105,Nuit avec éclairage allumé,En agglomération,Hors intersection,Normale,Autre collision,,,,,,,,,,,5,2,1,1.0,6.0
201800055625,0018-10-02 12:20:00,18,10,2,12,20,750,113,QUAI D IVRY,48.82612,2.38758,Plein jour,En agglomération,Hors intersection,Normale,Deux véhicules - arrière,,,,,,,,,,,1,2,1,1.0,2.0
201800055626,0018-10-02 18:10:00,18,10,2,18,10,750,117,PORTE D ASNIERES,48.89254,2.30161,Plein jour,En agglomération,Intersection en Y,Normale,Trois véhicules et plus - en chaîne,,,,,,,,,,,1,2,4,1.0,4.0
201800055627,0018-10-02 19:20:00,18,10,2,19,20,750,116,PORTE MAILLOT,42.98742,2.62879,Crépuscule ou aube,En agglomération,Hors intersection,Normale,Deux véhicules - arrière,,,,,,,,,,,2,2,1,1.0,2.0
201800055628,0018-10-03 16:05:00,18,10,3,16,5,750,113,PORTE D ITALIE,48.86666,2.33333,Plein jour,En agglomération,Hors intersection,Normale,Deux véhicules - arrière,,,,,,,,,,,1,2,1,1.0,2.0
201800055629,0018-10-04 10:05:00,18,10,4,10,5,750,113,QUAI D IVRY,48.8202,2.3709,Plein jour,En agglomération,Hors intersection,Normale,Deux véhicules - côté,,,,,,,,,,,1,2,1,1.0,3.0
201800055630,0018-10-04 12:05:00,18,10,4,12,5,750,116,PORTE DE PASSY,48.85855,2.26152,Plein jour,En agglomération,Hors intersection,Normale,Deux véhicules - côté,,,,,,,,,,,1,2,1,1.0,3.0
201800055631,0018-10-04 13:30:00,18,10,4,13,30,750,119,PORTE DE PANTIN,48.89663,2.39431,Plein jour,En agglomération,Hors intersection,Normale,Deux véhicules - arrière,,,,,,,,,,,1,2,1,1.0,2.0
201800055632,0018-10-04 15:00:00,18,10,4,15,0,750,120,PORTE DE VINCENNES,48.85,2.433,Plein jour,En agglomération,Hors intersection,Normale,Deux véhicules - arrière,,,,,,,,,,,1,2,1,1.0,2.0
201800055633,0018-10-05 00:15:00,18,10,5,0,15,750,114,PORTE DE VANVES,48.82446,2.30624,Nuit avec éclairage allumé,En agglomération,Hors intersection,Normale,Deux véhicules - côté,,,,,,,,,,,5,2,1,1.0,3.0
201800055634,0018-10-05 10:25:00,18,10,5,10,25,750,113,ECHANGEUR GARE,48.8262,2.3881,Plein jour,En agglomération,Hors intersection,Normale,Deux véhicules - côté,,,,,,,,,,,1,2,1,1.0,3.0
201800055635,0018-10-05 12:50:00,18,10,5,12,50,750,118,ECHANGEUR CHAPELLE,48.9007,2.366,Plein jour,En agglomération,Intersection en Y,Normale,Autre collision,,,,,,,,,,,1,2,4,1.0,6.0
201800055636,0018-10-05 13:20:00,18,10,5,13,20,750,117,PORTE DE CHAMPERRET,48.53906,2.17365,Plein jour,En agglomération,Hors intersection,Normale,Deux véhicules - arrière,,,,,,,,,,,1,2,1,1.0,2.0
201800055637,0018-10-05 16:45:00,18,10,5,16,45,750,112,PORTE DE SAINT MANDE,48.84379,2.41404,Plein jour,En agglomération,Hors intersection,Normale,Deux véhicules - arrière,,,,,,,,,,,1,2,1,1.0,2.0
201800055638,0018-10-05 13:50:00,18,10,5,13,50,750,120,PORTE DE BAGNOLET,48.86817,2.41341,Plein jour,En agglomération,Hors intersection,Normale,Deux véhicules - côté,,,,,,,,,,,1,2,1,1.0,3.0
201800055639,0018-10-05 19:20:00,18,10,5,19,20,750,112,PORTE DE CHARENTON,48.82944,2.40105,Nuit avec éclairage allumé,En agglomération,Hors intersection,Normale,Deux véhicules - arrière,,,,,,,,,,,5,2,1,1.0,2.0
201800055640,0018-10-09 18:10:00,18,10,9,18,10,750,116,ECHANGEUR MUETTE,48.86457,2.26716,Nuit avec éclairage allumé,En agglomération,Hors intersection,Normale,Trois véhicules et plus - collisions multiples,,,,,,,,,,,5,2,1,1.0,5.0
201800055641,0018-10-10 12:30:00,18,10,10,12,30,750,116,PORTE D AUTEUIL,,,Plein jour,En agglomération,Intersection en Y,Normale,Deux véhicules - côté,,,,,,,,,,,1,2,4,1.0,3.0
201800055642,0018-10-10 20:35:00,18,10,10,20,35,750,113,PORTE D ITALIE,48.81613,2.36395,Nuit avec éclairage allumé,En agglomération,Intersection en Y,Normale,Deux véhicules - côté,,,,,,,,,,,5,2,4,1.0,3.0
201800055643,0018-10-11 17:09:00,18,10,11,17,9,750,113,PONT DE BERCY,48.82674,2.38993,Plein jour,En agglomération,Hors intersection,Normale,Deux véhicules - côté,,,,,,,,,,,1,2,1,1.0,3.0
201800055644,0018-10-11 16:25:00,18,10,11,16,25,750,114,PORTE DE GENTILLY,48.8187,2.3706,Plein jour,En agglomération,Intersection en Y,Normale,Deux véhicules - arrière,,,,,,,,,,,1,2,4,1.0,2.0
201800055645,0018-10-12 08:30:00,18,10,12,8,30,750,120,PORTE DES LILAS,,,Nuit avec éclairage allumé,En agglomération,Hors intersection,Normale,Deux véhicules - côté,,,,,,,,,,,5,2,1,1.0,3.0
201800055646,0018-10-12 18:35:00,18,10,12,18,35,750,120,PORTE DE BAGNOLET,48.8695,2.4126,Plein jour,En agglomération,Hors intersection,Normale,Trois véhicules et plus - en chaîne,,,,,,,,,,,1,2,1,1.0,4.0