accident_id,datetime,annee,mois,jour,heure,minute,departement,commune_insee,adresse,latitude,longitude,luminosite,agglomeration,intersection,meteo,collision,nb_vehicules,nb_usagers,nb_indemnes,nb_tues,nb_blesses_hosp,nb_blesses_legers,age_cond_1,age_cond_2,veh_type_cond_1,veh_type_cond_2,lum_code,agg_code,int_code,atm_code,col_code
201800055647,0018-10-12 19:35:00,18,10,12,19,35,750,120,PORTE DE MONTREUIL,48.51295,2.24518,Plein jour,En agglomération,Hors intersection,Normale,Trois véhicules et plus - en chaîne,,,,,,,,,,,1,2,1,1.0,4.0
201800055648,0018-10-13 14:20:00,18,10,13,14,20,750,116,PORTE MAILLOT,48.8789,2.2804,Plein jour,En agglomération,Hors intersection,Normale,Deux véhicules - arrière,,,,,,,,,,,1,2,1,1.0,2.0
201800055649,0018-10-13 18:00:00,18,10,13,18,0,750,114,PORTE DE VANVES,48.8278,2.2907,Plein jour,En agglomération,Hors intersection,Normale,Deux véhicules - arrière,,,,,,,,,,,1,2,1,1.0,2.0
201800055650,0018-10-13 21:15:00,18,10,13,21,15,750,116,ECHANGEUR MUETTE,48.8663,2.2687,Nuit avec éclairage allumé,En agglomération,Hors intersection,Normale,Trois véhicules et plus - collisions multiples,,,,,,,,,,,5,2,1,1.0,5.0
201800055651,0018-10-14 14:15:00,18,10,14,14,15,750,118,PORTE DE CLIGNANCOURT,48.90091,2.34472,Plein jour,En agglomération,Hors intersection,Normale,Autre collision,,,,,,,,,,,1,2,1,1.0,6.0
201800055652,0018-10-14 19:40:00,18,10,14,19,40,750,114,PORTE D ORLEANS,48.81999,2.37129,Crépuscule ou aube,En agglomération,Hors intersection,Normale,Trois véhicules et plus - en chaîne,,,,,,,,,,,2,2,1,1.0,4.0
201800055653,0018-10-15 23:10:00,18,10,15,23,10,750,112,PORTE DOREE,48.8351,2.4058,Nuit avec éclairage allumé,En agglomération,Hors intersection,Normale,Deux véhicules - arrière,,,,,,,,,,,5,2,1,1.0,2.0
201800055654,0018-10-16 09:45:00,18,10,16,9,45,750,120,PORTE DE BAGNOLET,48.8647,2.4136,Plein jour,En agglomération,Hors intersection,Normale,Trois véhicules et plus - collisions multiples,,,,,,,,,,,1,2,1,1.0,5.0
201800055655,0018-10-16 12:45:00,18,10,16,12,45,750,117,ECHANGEUR MAILLOT,48.87872,2.27932,Plein jour,En agglomération,Intersection en Y,Normale,Sans collision,,,,,,,,,,,1,2,4,1.0,7.0
201800055656,0018-10-16 16:05:00,18,10,16,16,5,750,116,ECHANGEUR MUETTE,48.86666,2.33333,Plein jour,En agglomération,Hors intersection,Normale,Deux véhicules - arrière,,,,,,,,,,,1,2,1,1.0,2.0
201800055657,0018-10-16 18:40:00,18,10,16,18,40,750,116,ECHANGEUR AUTEUIL,48.5052,2.1537,Plein jour,En agglomération,Intersection en Y,Normale,Sans collision,,,,,,,,,,,1,2,4,1.0,7.0
201800055658,0018-10-16 17:20:00,18,10,16,17,20,750,112,BPI PORTE DE CHARENTON,48.8566,2.3522,Plein jour,En agglomération,Hors intersection,Normale,Deux véhicules - côté,,,,,,,,,,,1,2,1,1.0,3.0
201800055659,0018-10-17 21:05:00,18,10,17,21,5,750,120,PORTE DE BAGNOLET,48.86666,2.40701,Nuit avec éclairage allumé,En agglomération,Hors intersection,Normale,Deux véhicules - arrière,,,,,,,,,,,5,2,1,1.0,2.0
201800055660,0018-10-19 05:10:00,18,10,19,5,10,750,112,PORTE DE VINCENNES,48.8436,2.4138,Nuit avec éclairage allumé,En agglomération,Hors intersection,Normale,Deux véhicules - arrière,,,,,,,,,,,5,2,1,1.0,2.0
201800055661,0018-10-19 09:00:00,18,10,19,9,0,750,114,PORTE DE CHATILLON,48.823,2.3119,Plein jour,En agglomération,Hors intersection,Normale,Sans collision,,,,,,,,,,,1,2,1,1.0,7.0
201800055662,0018-10-19 16:20:00,18,10,19,16,20,750,115,PORTE DE SEVRES,,,Plein jour,En agglomération,Intersection en Y,Normale,Trois véhicules et plus - en chaîne,,,,,,,,,,,1,2,4,1.0,4.0
201800055663,0018-10-22 07:25:00,18,10,22,7,25,750,112,ECHANGEUR BERCY,48.82674,2.38989,Nuit avec éclairage allumé,En agglomération,Hors intersection,Normale,Deux véhicules - arrière,,,,,,,,,,,5,2,1,1.0,2.0
201800055664,0018-10-22 17:45:00,18,10,22,17,45,750,118,PORTE DE SAINT OUEN,48.90059,2.32987,Plein jour,En agglomération,Hors intersection,Normale,Autre collision,,,,,,,,,,,1,2,1,1.0,6.0
201800055665,0018-10-23 07:20:00,18,10,23,7,20,750,116,PORTE DE SAINT CLOUD,48.8333,2.1833,Crépuscule ou aube,En agglomération,Hors intersection,Normale,Autre collision,,,,,,,,,,,2,2,1,1.0,6.0
201800055666,0018-10-23 08:55:00,18,10,23,8,55,750,116,PORTE DE SAINT CLOUD,48.8666,2.33333,Plein jour,En agglomération,Hors intersection,Normale,Autre collision,,,,,,,,,,,1,2,1,1.0,6.0
201800055667,0018-10-24 18:35:00,18,10,24,18,35,750,119,PORTE DE PANTIN,48.8889,2.3969,Plein jour,En agglomération,Hors intersection,Normale,Deux véhicules - côté,,,,,,,,,,,1,2,1,1.0,3.0
201800055668,0018-10-25 08:30:00,18,10,25,8,30,750,116,PORTE MAILLOT,48.81569,2.35635,Plein jour,En agglomération,Hors intersection,Normale,Trois véhicules et plus - collisions multiples,,,,,,,,,,,1,2,1,1.0,5.0
201800055669,0018-10-25 21:50:00,18,10,25,21,50,750,120,PORTE DE BAGNOLET,48.8635,2.4135,Nuit avec éclairage allumé,En agglomération,Hors intersection,Normale,Autre collision,,,,,,,,,,,5,2,1,1.0,6.0
201800055670,0018-10-27 02:40:00,18,10,27,2,40,750,117,ECHANGEUR MAILLOT,48.8825,2.28317,Nuit avec éclairage allumé,En agglomération,Intersection en Y,Normale,Deux véhicules - côté,,,,,,,,,,,5,2,4,1.0,3.0
201800055671,0018-10-27 13:30:00,18,10,27,13,30,750,112,PORTE DE VINCENNES,,,Plein jour,En agglomération,Hors intersection,Normale,Trois véhicules et plus - en chaîne,,,,,,,,,,,1,2,1,1.0,4.0
201800055672,0018-10-27 19:10:00,18,10,27,19,10,750,120,ECHANGEUR BAGNOLET,48.85511,2.41347,Nuit avec éclairage allumé,En agglomération,Intersection en Y,Normale,Sans collision,,,,,,,,,,,5,2,4,1.0,7.0
201800055673,0018-10-28 01:35:00,18,10,28,1,35,750,112,PORTE DOREE,48.83177,2.39778,Nuit avec éclairage allumé,En agglomération,Hors intersection,Normale,Autre collision,,,,,,,,,,,5,2,1,1.0,6.0
201800055674,0018-10-28 10:50:00,18,10,28,10,50,750,115,PORTE DE SEVRES,48.8342,2.2767,Plein jour,En agglomération,Hors intersection,Normale,Deux véhicules - arrière,,,,,,,,,,,1,2,1,1.0,2.0
201800055675,0018-10-29 08:10:00,18,10,29,8,10,750,116,PORTE DE SAINT CLOUD,49.8457,2.2549,Plein jour,En agglomération,Hors intersection,Normale,Deux véhicules - arrière,,,,,,,,,,,1,2,1,1.0,2.0
201800055676,0018-10-29 17:30:00,18,10,29,17,30,750,117,PORTE DES TERNES,48.88135,2.2825,Nuit avec éclairage allumé,En agglomération,Hors intersection,Normale,Deux véhicules - arrière,,,,,,,,,,,5,2,1,1.0,2.0
201800055677,0018-10-31 13:15:00,18,10,31,13,15,750,113,PORTE D IVRY,48.81812,2.36911,Plein jour,En agglomération,Hors intersection,Normale,Deux véhicules - côté,,,,,,,,,,,1,2,1,1.0,3.0
201800055678,0018-10-31 20:00:00,18,10,31,20,0,750,116,PORTE DE PASSY,48.86224,2.26479,Nuit avec éclairage allumé,En agglomération,Hors intersection,Pluie légère,Sans collision,,,,,,,,,,,5,2,1,2.0,7.0
201800055679,0018-10-31 21:05:00,18,10,31,21,5,750,120,PORTE DE MONTREUIL,48.85321,2.41427,Nuit sans éclairage public,En agglomération,Hors intersection,Pluie légère,Trois véhicules et plus - en chaîne,,,,,,,,,,,3,2,1,2.0,4.0
201800055680,0018-11-03 09:50:00,18,11,3,9,50,750,119,PORTE DE PANTIN,48.88964,2.39642,Plein jour,En agglomération,Hors intersection,Normale,Deux véhicules - côté,,,,,,,,,,,1,2,1,1.0,3.0
201800055681,0018-11-03 18:10:00,18,11,3,18,10,750,112,BOULEVARD PERIPHERIQUE,,,Crépuscule ou aube,En agglomération,Hors intersection,Normale,Deux véhicules - arrière,,,,,,,,,,,2,2,1,1.0,2.0
201800055682,0018-11-03 20:20:00,18,11,3,20,20,750,119,PORTE DE LA VILLETTE,48.90056,2.38701,Nuit avec éclairage allumé,En agglomération,Intersection en Y,Normale,Trois véhicules et plus - en chaîne,,,,,,,,,,,5,2,4,1.0,4.0
201800055683,0018-11-04 14:05:00,18,11,4,14,5,750,118,PORTE DE CLIGNANCOURT,48.90092,2.34826,Plein jour,En agglomération,Hors intersection,Normale,Trois véhicules et plus - en chaîne,,,,,,,,,,,1,2,1,1.0,4.0
201800055684,0018-11-04 22:45:00,18,11,4,22,45,750,115,QUAI D ISSY LES MOULINEA,48.83535,2.27191,Nuit avec éclairage allumé,En agglomération,Intersection en Y,Normale,Sans collision,,,,,,,,,,,5,2,4,1.0,7.0
201800055685,0018-11-05 01:01:00,18,11,5,1,1,750,118,PORTE DE CLIGNANCOURT,48.9008,2.3385,Nuit avec éclairage allumé,En agglomération,Hors intersection,Normale,Deux véhicules - côté,,,,,,,,,,,5,2,1,1.0,3.0
201800055686,0018-11-05 17:40:00,18,11,5,17,40,750,113,QUAI D IVRY,48.8261,2.388,Nuit avec éclairage allumé,En agglomération,Intersection en Y,Normale,Autre collision,,,,,,,,,,,5,2,4,1.0,6.0
201800055687,0018-11-06 18:45:00,18,11,6,18,45,750,112,ECHANGEUR BERCY,48.8268,2.3914,Nuit avec éclairage allumé,En agglomération,Hors intersection,Normale,Deux véhicules - côté,,,,,,,,,,,5,2,1,1.0,3.0
201800055688,0018-11-06 19:50:00,18,11,6,19,50,750,114,PORTE DE CHATILLON,48.82316,2.31141,Nuit avec éclairage allumé,En agglomération,Hors intersection,Normale,Deux véhicules - côté,,,,,,,,,,,5,2,1,1.0,3.0
201800055689,0018-11-07 17:30:00,18,11,7,17,30,750,116,PORTE DAUPHINE,48.87185,2.27719,Crépuscule ou aube,En agglomération,Hors intersection,Temps couvert,Deux véhicules - côté,,,,,,,,,,,2,2,1,8.0,3.0
201800055690,0018-11-08 06:55:00,18,11,8,6,55,750,117,PORTE DE CHAMPERRET,,,Crépuscule ou aube,Hors agglomération,Hors intersection,Normale,Deux véhicules - arrière,,,,,,,,,,,2,1,1,1.0,2.0
201800055691,0018-11-08 20:50:00,18,11,8,20,50,750,119,PORTE DE LA VILLETTE,,,Nuit avec éclairage allumé,En agglomération,Hors intersection,Normale,Autre collision,,,,,,,,,,,5,2,1,1.0,6.0
201800055692,0018-11-09 10:50:00,18,11,9,10,50,750,112,ECHANGEUR BERCY,48.8274,2.3936,Plein jour,En agglomération,Hors intersection,Normale,Deux véhicules - arrière,,,,,,,,,,,1,2,1,1.0,2.0
201800055693,0018-11-09 11:45:00,18,11,9,11,45,750,112,ECHANGEUR VINCENNES,48.8469,2.4138,Plein jour,En agglomération,Intersection en Y,Normale,Deux véhicules - arrière,,,,,,,,,,,1,2,4,1.0,2.0
201800055694,0018-11-12 10:05:00,18,11,12,10,5,750,112,PORTE DE CHARENTON,48.8288,2.4009,Plein jour,En agglomération,Hors intersection,Pluie légère,Deux véhicules - arrière,,,,,,,,,,,1,2,1,2.0,2.0
201800055695,0018-11-12 19:30:00,18,11,12,19,30,750,118,PORTE DE SAINT OUEN,,,Nuit avec éclairage allumé,En agglomération,Intersection en Y,Normale,Deux véhicules - côté,,,,,,,,,,,5,2,4,1.0,3.0
201800055696,0018-11-13 06:30:00,18,11,13,6,30,750,115,PORTE DE SEVRES,48.83333,1.18167,Crépuscule ou aube,En agglomération,Hors intersection,Normale,Autre collision,,,,,,,,,,,2,2,1,1.0,6.0
201800055697,0018-11-12 15:10:00,18,11,12,15,10,750,116,PORTE DAUPHINE,48.8732,2.27489,Plein jour,En agglomération,Hors intersection,Normale,Deux véhicules - côté,,,,,,,,,,,1,2,1,1.0,3.0
201800055698,0018-11-15 13:10:00,18,11,15,13,10,750,120,PORTE DE BAGNOLET,48.86095,2.41393,Plein jour,En agglomération,Hors intersection,Temps couvert,Deux véhicules - côté,,,,,,,,,,,1,2,1,8.0,3.0
201800055699,0018-11-15 22:10:00,18,11,15,22,10,750,118,BOULEVARD PERIPHERIQUE,48.9005,2.3237,Nuit avec éclairage allumé,En agglomération,Hors intersection,Normale,Deux véhicules - arrière,,,,,,,,,,,5,2,1,1.0,2.0
201800055700,0018-11-16 14:00:00,18,11,16,14,0,750,116,PORTE DAUPHINE,48.85409,2.33869,Plein jour,En agglomération,Hors intersection,Normale,Deux véhicules - arrière,,,,,,,,,,,1,2,1,1.0,2.0
201800055701,0018-11-16 17:00:00,18,11,16,17,0,750,114,PORTE DE GENTILLY,48.81691,2.3481,Plein jour,En agglomération,Hors intersection,Normale,Deux véhicules - côté,,,,,,,,,,,1,2,1,1.0,3.0
201800055702,0018-11-17 12:30:00,18,11,17,12,30,750,116,PORTE DE PASSY,,,Plein jour,En agglomération,Hors intersection,Normale,Deux véhicules - côté,,,,,,,,,,,1,2,1,1.0,3.0
201800055703,0018-11-18 19:15:00,18,11,18,19,15,750,119,ECHANGEUR AUBERVILLIERS,48.9006,2.3703,Nuit avec éclairage allumé,En agglomération,Intersection en Y,Normale,Autre collision,,,,,,,,,,,5,2,4,1.0,6.0
201800055704,0018-11-20 19:10:00,18,11,20,19,10,750,113,PORTE DE GENTILLY,48.8167,2.3333,Nuit avec éclairage allumé,En agglomération,Hors intersection,Temps couvert,Trois véhicules et plus - collisions multiples,,,,,,,,,,,5,2,1,8.0,5.0
201800055705,0018-11-23 19:40:00,18,11,23,19,40,750,114,PORTE D ORLEANS,48.8209,2.32142,Nuit avec éclairage allumé,En agglomération,Hors intersection,Normale,Deux véhicules - arrière,,,,,,,,,,,5,2,1,1.0,2.0
201800055706,0018-11-24 19:10:00,18,11,24,19,10,750,117,PORTE DE CLICHY,48.896,2.3086,Nuit avec éclairage allumé,En agglomération,Intersection en Y,Normale,Deux véhicules - arrière,,,,,,,,,,,5,2,4,1.0,2.0
201800055707,0018-11-25 23:05:00,18,11,25,23,5,750,120,ECHANGEUR BAGNOLET,48.86493,2.41257,Nuit sans éclairage public,En agglomération,Intersection en Y,Pluie légère,Sans collision,,,,,,,,,,,3,2,4,2.0,7.0
201800055708,0018-11-26 10:40:00,18,11,26,10,40,750,116,SOUTERRAIN DAUPHINE,48.86666,2.33333,Plein jour,En agglomération,Hors intersection,Pluie légère,Trois véhicules et plus - en chaîne,,,,,,,,,,,1,2,1,2.0,4.0
201800055709,0018-11-27 13:30:00,18,11,27,13,30,750,117,SOUTERRAIN ASNIERES,48.91415,2.28536,Plein jour,En agglomération,Hors intersection,Normale,Deux véhicules - arrière,,,,,,,,,,,1,2,1,1.0,2.0
201800055710,0018-11-28 09:20:00,18,11,28,9,20,750,120,PORTE DE VINCENNES,48.85,2.43333,Plein jour,En agglomération,Intersection en Y,Pluie légère,Trois véhicules et plus - en chaîne,,,,,,,,,,,1,2,4,2.0,4.0
201800055711,0018-11-28 14:45:00,18,11,28,14,45,750,117,PORTE DE CLICHY,,,Plein jour,En agglomération,Hors intersection,Normale,Deux véhicules - côté,,,,,,,,,,,1,2,1,1.0,3.0
201800055712,0018-11-28 16:15:00,18,11,28,16,15,750,117,PORTE DE SAINT OUEN,48.8966,2.3099,Plein jour,En agglomération,Hors intersection,Normale,Trois véhicules et plus - en chaîne,,,,,,,,,,,1,2,1,1.0,4.0
201800055713,0018-11-29 19:00:00,18,11,29,19,0,750,115,PORTE DE SEVRES,48.8346,2.27486,Nuit avec éclairage allumé,En agglomération,Hors intersection,Normale,Deux véhicules - côté,,,,,,,,,,,5,2,1,1.0,3.0
201800055714,0018-11-29 20:00:00,18,11,29,20,0,750,117,PORTE D ASNIERES,,,Nuit avec éclairage allumé,En agglomération,Hors intersection,Normale,Trois véhicules et plus - collisions multiples,,,,,,,,,,,5,2,1,1.0,5.0
201800055715,0018-11-30 13:00:00,18,11,30,13,0,750,112,PORTE DE CHARENTON,,,Plein jour,En agglomération,Hors intersection,Normale,Deux véhicules - côté,,,,,,,,,,,1,2,1,1.0,3.0
201800055716,0018-11-30 19:30:00,18,11,30,19,30,750,113,PORTE D ITALIE,48.81755,2.35364,Nuit avec éclairage allumé,En agglomération,Hors intersection,Normale,Deux véhicules - côté,,,,,,,,,,,5,2,1,1.0,3.0
201800055717,0018-11-30 22:10:00,18,11,30,22,10,750,117,PORTE DE SAINT OUEN,48.90091,2.34358,Nuit avec éclairage allumé,En agglomération,Hors intersection,Normale,Deux véhicules - arrière,,,,,,,,,,,5,2,1,1.0,2.0
201800055718,0018-12-02 05:35:00,18,12,2,5,35,750,116,PORTE MAILLOT,,,Nuit avec éclairage allumé,En agglomération,Intersection en Y,Pluie forte,Autre collision,,,,,,,,,,,5,2,4,3.0,6.0
201800055719,0018-12-03 11:00:00,18,12,3,11,0,750,116,BD PERIPHERIQUE INTERIEU,48.83837,2.25476,Plein jour,En agglomération,Intersection en Y,Normale,Trois véhicules et plus - en chaîne,,,,,,,,,,,1,2,4,1.0,4.0
201800055720,0018-12-03 17:20:00,18,12,3,17,20,750,114,BD PERIPHERIQUE INTERIEU,48.816,2.345,Nuit avec éclairage allumé,En agglomération,Hors intersection,Pluie légère,Sans collision,,,,,,,,,,,5,2,1,2.0,7.0
201800055721,0018-12-03 17:15:00,18,12,3,17,15,750,115,BD PERIPHERIQUE INTERIEU,48.82723,2.29392,Plein jour,En agglomération,Hors intersection,Pluie légère,Trois véhicules et plus - en chaîne,,,,,,,,,,,1,2,1,2.0,4.0
201800055722,0018-12-03 18:35:00,18,12,3,18,35,750,112,BD PERIPHERIQUE EXTERIEU,48.8316,2.404,Nuit avec éclairage allumé,En agglomération,Hors intersection,Normale,Deux véhicules - côté,,,,,,,,,,,5,2,1,1.0,3.0
201800055723,0018-12-04 06:10:00,18,12,4,6,10,750,116,PORTE MAILLOT,48.8763,2.2786,Nuit avec éclairage allumé,En agglomération,Intersection en Y,Pluie légère,Deux véhicules - arrière,,,,,,,,,,,5,2,4,2.0,2.0
201800055724,0018-12-04 18:15:00,18,12,4,18,15,750,113,PORTE D ITALIE,48.8188,2.3705,Nuit avec éclairage allumé,En agglomération,Intersection en Y,Normale,Deux véhicules - côté,,,,,,,,,,,5,2,4,1.0,3.0
201800055725,0018-12-04 20:35:00,18,12,4,20,35,750,120,PORTE DE MONTREUIL,48.855,2.4138,Nuit avec éclairage allumé,En agglomération,Hors intersection,Normale,Deux véhicules - arrière,,,,,,,,,,,5,2,1,1.0,2.0
201800055726,0018-12-05 23:16:00,18,12,5,23,16,750,119,PORTE DE LA VILLETTE,48.9005,2.3679,Nuit avec éclairage allumé,En agglomération,Hors intersection,Normale,Deux véhicules - arrière,,,,,,,,,,,5,2,1,1.0,2.0
201800055727,0018-12-06 14:30:00,18,12,6,14,30,750,112,BD PERIPHERIQUE EXTERIEU,,,Plein jour,En agglomération,Intersection en Y,Temps couvert,Deux véhicules - côté,,,,,,,,,,,1,2,4,8.0,3.0
201800055728,0018-12-07 14:20:00,18,12,7,14,20,750,113,BD PERIPHERIQUE EXTERIEU,,,Plein jour,En agglomération,Hors intersection,Pluie légère,Autre collision,,,,,,,,,,,1,2,1,2.0,6.0
201800055729,0018-12-07 15:50:00,18,12,7,15,50,750,120,BD PERIPHERIQUE INTERIEU,48.87626,2.40948,Plein jour,En agglomération,Intersection en Y,Pluie légère,Deux véhicules - côté,,,,,,,,,,,1,2,4,2.0,3.0
201800055730,0018-12-09 06:30:00,18,12,9,6,30,750,119,BD PERIPHERIQUE INTERIEU,48.89738,2.38653,Nuit avec éclairage allumé,En agglomération,Hors intersection,Normale,Autre collision,,,,,,,,,,,5,2,1,1.0,6.0
201800055731,0018-12-10 09:20:00,18,12,10,9,20,750,120,BD PERIPHERIQUE INTERIEU,48.86535,2.4134,Plein jour,En agglomération,Hors intersection,Temps couvert,Deux véhicules - arrière,,,,,,,,,,,1,2,1,8.0,2.0
201800055732,0018-12-10 15:00:00,18,12,10,15,0,750,117,BD PERIPHERIQUE INTERIEU,48.8967,2.3104,Plein jour,En agglomération,Hors intersection,Normale,Trois véhicules et plus - en chaîne,,,,,,,,,,,1,2,1,1.0,4.0
201800055733,0018-12-11 17:00:00,18,12,11,17,0,750,120,PORTE DES LILAS,48.88168,2.40191,Nuit avec éclairage allumé,En agglomération,Hors intersection,Normale,Deux véhicules - côté,,,,,,,,,,,5,2,1,1.0,3.0
201800055734,0018-12-12 17:15:00,18,12,12,17,15,750,117,BD PERIPHERIQUE INTERIEU,48.89348,2.30401,Plein jour,En agglomération,Hors intersection,Normale,Deux véhicules - côté,,,,,,,,,,,1,2,1,1.0,3.0
201800055735,0018-12-12 15:40:00,18,12,12,15,40,750,117,BD PERIPHERIQUE INTERIEU,48.8893,2.2964,Plein jour,En agglomération,Hors intersection,Normale,Deux véhicules - côté,,,,,,,,,,,1,2,1,1.0,3.0
201800055736,0018-12-13 09:00:00,18,12,13,9,0,750,116,BD PERIPHERIQUE EXTERIEU,48.8789,2.2814,Plein jour,En agglomération,Intersection en Y,Normale,Deux véhicules - arrière,,,,,,,,,,,1,2,4,1.0,2.0
201800055737,0018-12-13 14:45:00,18,12,13,14,45,750,120,BD PERIPHERIQUE EXTERIEU,,,Plein jour,En agglomération,Hors intersection,Normale,Autre collision,,,,,,,,,,,1,2,1,1.0,6.0
201800055738,0018-12-13 15:20:00,18,12,13,15,20,750,113,BD PERIPHERIQUE EXTERIEU,,,Plein jour,En agglomération,Intersection en Y,Normale,Deux véhicules - arrière,,,,,,,,,,,1,2,4,1.0,2.0
201800055739,0018-12-13 17:45:00,18,12,13,17,45,750,112,BD PERIPHERIQUE INTERIEU,,,Nuit avec éclairage allumé,En agglomération,Hors intersection,Normale,Deux véhicules - côté,,,,,,,,,,,5,2,1,1.0,3.0
201800055740,0018-12-13 22:20:00,18,12,13,22,20,750,120,BD PERIPHERIQUE EXTERIEU,48.51005,2.24555,Nuit avec éclairage allumé,En agglomération,Hors intersection,Normale,Trois véhicules et plus - en chaîne,,,,,,,,,,,5,2,1,1.0,4.0
201800055741,0018-12-14 10:15:00,18,12,14,10,15,750,117,BD PERIPHERIQUE INTERIEU,,,Plein jour,En agglomération,Hors intersection,Normale,Deux véhicules - côté,,,,,,,,,,,1,2,1,1.0,3.0
201800055742,0018-12-14 21:00:00,18,12,14,21,0,750,114,BD PERIPHERIQUE INTERIEU,48.8202,2.3249,Nuit avec éclairage allumé,En agglomération,Intersection en Y,Normale,Trois véhicules et plus - collisions multiples,,,,,,,,,,,5,2,4,1.0,5.0
201800055743,0018-12-15 23:30:00,18,12,15,23,30,750,112,BD PERIPHERIQUE INTERIEU,48.82681,2.38954,Nuit avec éclairage allumé,En agglomération,Intersection en X,Pluie forte,Autre collision,,,,,,,,,,,5,2,2,3.0,6.0
201800055744,0018-12-17 08:20:00,18,12,17,8,20,750,115,BD PERIPHERIQUE EXTERIEU,,,Crépuscule ou aube,En agglomération,Hors intersection,Normale,Deux véhicules - arrière,,,,,,,,,,,2,2,1,1.0,2.0
201800055745,0018-12-17 21:15:00,18,12,17,21,15,750,118,BD PERIPHERIQUE EXTERIEU,48.90099,2.3431,Nuit avec éclairage allumé,En agglomération,Hors intersection,Normale,Sans collision,,,,,,,,,,,5,2,1,1.0,7.0
201800055746,0018-12-18 06:55:00,18,12,18,6,55,750,118,BD PERIPHERIQUE EXTERIEU,48.90144,2.35317,Nuit avec éclairage allumé,En agglomération,Hors intersection,Normale,Deux véhicules - arrière,,,,,,,,,,,5,2,1,1.0,2.0
201800055747,0018-12-18 15:10:00,18,12,18,15,10,750,119,BD PERIPHERIQUE INTERIEU,48.87174,2.41293,Plein jour,En agglomération,Hors intersection,Normale,Trois véhicules et plus - en chaîne,,,,,,,,,,,1,2,1,1.0,4.0
201800055748,0018-12-18 18:00:00,18,12,18,18,0,750,120,BD PERIPHERIQUE EXTERIEU,48.86758,2.4134,Nuit avec éclairage allumé,En agglomération,Hors intersection,Normale,Deux véhicules - côté,,,,,,,,,,,5,2,1,1.0,3.0
201800055749,0018-12-19 11:10:00,18,12,19,11,10,750,118,BD PERIPHERIQUE INTERIEU,48.90062,2.36699,Plein jour,En agglomération,Intersection en Y,Temps couvert,Deux véhicules - côté,,,,,,,,,,,1,2,4,8.0,3.0
201800055750,0018-12-19 09:40:00,18,12,19,9,40,750,116,BD PERIPHERIQUE EXTERIEU,,,Plein jour,En agglomération,Intersection en Y,Temps couvert,Autre collision,,,,,,,,,,,1,2,4,8.0,6.0
201800055751,0018-12-19 11:30:00,18,12,19,11,30,750,116,BD PERIPHERIQUE INTERIEU,48.83501,2.26178,Plein jour,En agglomération,Intersection en Y,Normale,Deux véhicules - arrière,,,,,,,,,,,1,2,4,1.0,2.0
201800055752,0018-12-20 09:00:00,18,12,20,9,0,750,113,BD PERIPHERIQUE INTERIEU,48.86666,2.33333,Plein jour,En agglomération,Hors intersection,Normale,Deux véhicules - arrière,,,,,,,,,,,1,2,1,1.0,2.0
201800055753,0018-12-20 18:20:00,18,12,20,18,20,750,116,BD PERIPHERIQUE INTERIEU,48.86912,2.27088,Nuit avec éclairage allumé,En agglomération,Intersection en Y,Normale,Trois véhicules et plus - en chaîne,,,,,,,,,,,5,2,4,1.0,4.0
201800055754,0018-12-21 09:20:00,18,12,21,9,20,750,113,BD PERIPHERIQUE INTERIEU,48.8167,2.3333,Plein jour,En agglomération,Hors intersection,Pluie légère,Deux véhicules - côté,,,,,,,,,,,1,2,1,2.0,3.0
201800055755,0018-12-21 15:30:00,18,12,21,15,30,750,119,BD PERIPHERIQUE EXTERIEU,48.88943,2.39624,Plein jour,En agglomération,Hors intersection,Normale,Deux véhicules - côté,,,,,,,,,,,1,2,1,1.0,3.0
201800055756,0018-12-21 17:00:00,18,12,21,17,0,750,112,BD PERIPHERIQUE INTERIEU,48.82553,2.38674,Nuit avec éclairage allumé,En agglomération,Hors intersection,Normale,Trois véhicules et plus - en chaîne,,,,,,,,,,,5,2,1,1.0,4.0
201800055757,0018-12-22 17:10:00,18,12,22,17,10,750,116,PORTE MAILLOT,48.8783,2.2806,Crépuscule ou aube,En agglomération,Hors intersection,Normale,Sans collision,,,,,,,,,,,2,2,1,1.0,7.0
201800055758,0018-12-22 19:50:00,18,12,22,19,50,750,116,ECHANGEUR AUTEUIL,48.8444,2.2548,Nuit avec éclairage allumé,En agglomération,Hors intersection,Normale,Deux véhicules - côté,,,,,,,,,,,5,2,1,1.0,3.0
201800055759,0018-12-22 21:25:00,18,12,22,21,25,750,112,ECHANGEUR BERCY,48.8226,2.3817,Nuit avec éclairage allumé,En agglomération,Hors intersection,Normale,Trois véhicules et plus - en chaîne,,,,,,,,,,,5,2,1,1.0,4.0
201800055760,0018-12-23 09:30:00,18,12,23,9,30,750,112,ECHANGEUR BERCY,,,Plein jour,En agglomération,Intersection en Y,Pluie légère,Deux véhicules - arrière,,,,,,,,,,,1,2,4,2.0,2.0
201800055761,0018-12-23 23:10:00,18,12,23,23,10,750,114,BOULEVARD PERIPHERIQUE I,48.82434,2.30666,Nuit avec éclairage allumé,En agglomération,Hors intersection,Pluie légère,Sans collision,,,,,,,,,,,5,2,1,2.0,7.0
201800055762,0018-12-24 11:50:00,18,12,24,11,50,750,112,PORTE DE CHARENTON,,,Plein jour,En agglomération,Hors intersection,Normale,Sans collision,,,,,,,,,,,1,2,1,1.0,7.0
201800055763,0018-12-25 19:45:00,18,12,25,19,45,750,112,PORTE DE VINCENNES,48.84775,2.43949,Nuit avec éclairage allumé,En agglomération,Hors intersection,Normale,Trois véhicules et plus - en chaîne,,,,,,,,,,,5,2,1,1.0,4.0