accident_id,datetime,annee,mois,jour,heure,minute,departement,commune_insee,adresse,latitude,longitude,luminosite,agglomeration,intersection,meteo,collision,nb_vehicules,nb_usagers,nb_indemnes,nb_tues,nb_blesses_hosp,nb_blesses_legers,age_cond_1,age_cond_2,veh_type_cond_1,veh_type_cond_2,lum_code,agg_code,int_code,atm_code,col_code
201800055764,0018-12-28 02:50:00,18,12,28,2,50,750,116,BD PERIPHERIQUE INTERIEU,48.8766,2.27903,Nuit avec éclairage allumé,En agglomération,Hors intersection,Normale,Deux véhicules - arrière,,,,,,,,,,,5,2,1,1.0,2.0
201800055765,0018-12-29 12:15:00,18,12,29,12,15,750,112,BD PERIPHERIQUE INTERIEU,,,Plein jour,En agglomération,Hors intersection,Normale,Deux véhicules - côté,,,,,,,,,,,1,2,1,1.0,3.0
201800055766,0018-12-31 17:40:00,18,12,31,17,40,750,113,BD PERIPHERIQUE EXTERIEU,48.82617,2.3883,Nuit avec éclairage allumé,En agglomération,Hors intersection,Normale,Deux véhicules - arrière,,,,,,,,,,,5,2,1,1.0,2.0
201800055767,0018-12-31 15:00:00,18,12,31,15,0,972,224,Départementale 14,14.65208,61.02822,Plein jour,En agglomération,Hors intersection,Normale,Deux véhicules - frontale,,,,,,,,,,,1,2,1,1.0,1.0
201800055768,0018-01-24 08:40:00,18,1,24,8,40,972,224,RD 15 / chemin en dorval,14.65672,61.01216,Plein jour,En agglomération,Intersection en T,Normale,Deux véhicules - frontale,,,,,,,,,,,1,2,3,1.0,1.0
201800055769,0018-04-22 00:45:00,18,4,22,0,45,972,224,quartier goureau - voie,14.67894,61.0406,Nuit avec éclairage allumé,En agglomération,Hors intersection,Normale,Autre collision,,,,,,,,,,,5,2,1,1.0,6.0
201800055770,0018-11-08 21:45:00,18,11,8,21,45,972,224,long bois,14.66831,61.0298,Nuit avec éclairage allumé,En agglomération,Hors intersection,Pluie forte,Autre collision,,,,,,,,,,,5,2,1,3.0,6.0
201800055771,0018-11-08 15:40:00,18,11,8,15,40,972,224,voie communal de long bo,14.66845,61.03457,Plein jour,En agglomération,Hors intersection,Pluie forte,Autre collision,,,,,,,,,,,1,2,1,3.0,6.0
201800055772,0018-11-08 18:30:00,18,11,8,18,30,972,224,d15,14.66311,61.01695,Nuit sans éclairage public,Hors agglomération,Hors intersection,Pluie forte,Deux véhicules - frontale,,,,,,,,,,,3,1,1,3.0,1.0
201800055773,0018-02-18 13:30:00,18,2,18,13,30,972,230,N1,14.73205,60.0,Plein jour,Hors agglomération,Intersection en Y,Normale,Deux véhicules - côté,,,,,,,,,,,1,1,4,1.0,3.0
201800055774,0018-05-12 23:00:00,18,5,12,23,0,972,230,rue joseph lagrosilliere,14.74361,60.0,Nuit avec éclairage allumé,En agglomération,Intersection en T,Normale,Deux véhicules - frontale,,,,,,,,,,,5,2,3,1.0,1.0
201800055775,0018-06-30 11:15:00,18,6,30,11,15,972,230,avenue des raisinniers,14.73522,60.0,Plein jour,En agglomération,Hors intersection,Normale,Deux véhicules - côté,,,,,,,,,,,1,2,1,1.0,3.0
201800055776,0018-08-26 02:30:00,18,8,26,2,30,972,230,avenue des raisiniers,14.73726,60.0,Nuit avec éclairage non allumé,En agglomération,Hors intersection,Normale,Autre collision,,,,,,,,,,,4,2,1,1.0,6.0
201800055777,0018-09-17 07:50:00,18,9,17,7,50,972,230,Boulevard François MITTE,14.75638,60.0,Plein jour,En agglomération,Hors intersection,Normale,Autre collision,,,,,,,,,,,1,2,1,1.0,6.0
201800055778,0018-09-24 06:40:00,18,9,24,6,40,972,230,quartier Saint Joseph -,14.74255,60.0,Plein jour,Hors agglomération,Autre intersection,Normale,Deux véhicules - frontale,,,,,,,,,,,1,1,9,1.0,1.0
201800055779,0018-11-04 01:50:00,18,11,4,1,50,972,230,ROUTE DE LA MOISE,14.7387,60.0,Nuit avec éclairage allumé,En agglomération,Hors intersection,Normale,Autre collision,,,,,,,,,,,5,2,1,1.0,6.0
201800055780,0018-01-07 19:15:00,18,1,7,19,15,972,228,RD 24 bis,14.77851,61.02905,Nuit sans éclairage public,Hors agglomération,Hors intersection,Normale,Deux véhicules - frontale,,,,,,,,,,,3,1,1,1.0,1.0
201800055781,0018-01-24 16:35:00,18,1,24,16,35,972,228,rue de la Foret,14.77475,61.03479,Plein jour,Hors agglomération,Hors intersection,Normale,Sans collision,,,,,,,,,,,1,1,1,1.0,7.0
201800055782,0018-11-13 17:20:00,18,11,13,17,20,972,228,D15,14.76123,61.03639,Plein jour,En agglomération,Autre intersection,Normale,Deux véhicules - frontale,,,,,,,,,,,1,2,9,1.0,1.0
201800055783,0018-12-13 01:00:00,18,12,13,1,0,972,228,route nationale 1,14.79307,60.0,Nuit sans éclairage public,Hors agglomération,Hors intersection,Normale,Autre collision,,,,,,,,,,,3,1,1,1.0,6.0
201800055784,0018-02-14 18:30:00,18,2,14,18,30,971,104,route de Saint-Robert,16.01766,61.72897,Nuit avec éclairage non allumé,Hors agglomération,Hors intersection,Normale,Deux véhicules - frontale,,,,,,,,,,,4,1,1,1.0,1.0
201800055785,0018-03-06 16:10:00,18,3,6,16,10,971,124,croisement RN3 rue des Y,16.01671,61.70821,Plein jour,En agglomération,Autre intersection,Temps éblouissant,Deux véhicules - côté,,,,,,,,,,,1,2,9,7.0,3.0
201800055786,0018-03-13 15:45:00,18,3,13,15,45,971,104,662 Avenue du père Labat,16.01578,61.74662,Plein jour,En agglomération,Intersection en T,Normale,Deux véhicules - frontale,,,,,,,,,,,1,2,3,1.0,1.0
201800055787,0018-04-07 00:40:00,18,4,7,0,40,971,104,allée des pères blancs,16.01137,61.73923,Nuit avec éclairage allumé,En agglomération,Hors intersection,Pluie légère,Autre collision,,,,,,,,,,,5,2,1,2.0,6.0
201800055788,0018-05-25 12:00:00,18,5,25,12,0,971,104,RN2,16.02351,61.74609,Plein jour,En agglomération,Hors intersection,Normale,Deux véhicules - arrière,,,,,,,,,,,1,2,1,1.0,2.0
201800055789,0018-08-10 18:30:00,18,8,10,18,30,971,104,avenue du père labat,16.02079,61.74684,Crépuscule ou aube,En agglomération,Intersection en T,Normale,Deux véhicules - côté,,,,,,,,,,,2,2,3,1.0,3.0
201800055790,0018-10-28 20:20:00,18,10,28,20,20,971,104,"D30, ROUTE DE ST LOUIS",16.01766,61.72897,Nuit avec éclairage allumé,En agglomération,Hors intersection,Normale,Deux véhicules - frontale,,,,,,,,,,,5,2,1,1.0,1.0
201800055791,0018-02-19 12:30:00,18,2,19,12,30,971,134,Route Nationale 2,16.05067,61.76262,Plein jour,Hors agglomération,Hors intersection,Normale,Deux véhicules - frontale,,,,,,,,,,,1,1,1,1.0,1.0
201800055792,0018-05-10 05:30:00,18,5,10,5,30,971,106,route nationale 2,16.14431,61.77091,Plein jour,Hors agglomération,Hors intersection,Normale,Autre collision,,,,,,,,,,,1,1,1,1.0,6.0
201800055793,0018-05-19 22:45:00,18,5,19,22,45,971,134,Route de Morne a Jules,16.07286,61.76335,Nuit sans éclairage public,Hors agglomération,Hors intersection,Normale,Sans collision,,,,,,,,,,,3,1,1,1.0,7.0
201800055794,0018-05-20 01:30:00,18,5,20,1,30,971,106,RN2 MATONE,16.14382,61.75408,Nuit avec éclairage allumé,En agglomération,Hors intersection,Pluie légère,Deux véhicules - frontale,,,,,,,,,,,5,2,1,2.0,1.0
201800055795,0018-06-08 14:50:00,18,6,8,14,50,971,134,route de cousinière,16.05026,61.74885,Plein jour,Hors agglomération,Intersection en X,Normale,Deux véhicules - côté,,,,,,,,,,,1,1,2,1.0,3.0
201800055796,0018-08-24 16:50:00,18,8,24,16,50,971,134,route nationale 2 rocroy,16.08452,61.74743,Plein jour,Hors agglomération,Hors intersection,Normale,Deux véhicules - côté,,,,,,,,,,,1,1,1,1.0,3.0
201800055797,0018-03-08 04:30:00,18,3,8,4,30,971,106,Section Desmarais RN2,16.14187,61.76891,Nuit avec éclairage non allumé,Hors agglomération,Hors intersection,Normale,Autre collision,,,,,,,,,,,4,1,1,1.0,6.0
201800055798,0018-06-03 21:55:00,18,6,3,21,55,971,106,rue félicité léandre,16.1516,61.7745,Nuit sans éclairage public,En agglomération,Hors intersection,Normale,Autre collision,,,,,,,,,,,3,2,1,1.0,6.0
201800055799,0018-08-26 19:00:00,18,8,26,19,0,971,106,bois malher,16.15988,61.7739,Nuit avec éclairage allumé,En agglomération,Hors intersection,Normale,Autre collision,,,,,,,,,,,5,2,1,1.0,6.0
201800055800,0018-10-09 11:50:00,18,10,9,11,50,971,106,boulevard du front de me,16.12719,61.77074,Plein jour,En agglomération,Autre intersection,Normale,Autre collision,,,,,,,,,,,1,2,9,1.0,6.0
201800055801,0018-01-24 08:25:00,18,1,24,8,25,971,121,RN2 Les plaines,16.22281,61.78449,Plein jour,En agglomération,Hors intersection,Normale,Deux véhicules - côté,,,,,,,,,,,1,2,1,1.0,3.0
201800055802,0018-03-02 21:40:00,18,3,2,21,40,971,121,Mahault,16.19222,61.78013,Nuit sans éclairage public,Hors agglomération,Hors intersection,Normale,Deux véhicules - frontale,,,,,,,,,,,3,1,1,1.0,1.0
201800055803,0018-07-29 13:05:00,18,7,29,13,5,971,121,rue de la bataille de l',16.2283,61.78683,Plein jour,En agglomération,Hors intersection,Normale,Autre collision,,,,,,,,,,,1,2,1,1.0,6.0
201800055804,0018-08-26 12:00:00,18,8,26,12,0,971,121,Route Départementale 23,16.18152,61.75977,Plein jour,Hors agglomération,Hors intersection,Normale,Deux véhicules - frontale,,,,,,,,,,,1,1,1,1.0,1.0
201800055805,0018-09-02 13:00:00,18,9,2,13,0,971,121,RN 02 section MAHAULT,16.18942,61.77864,Plein jour,Hors agglomération,Hors intersection,Normale,Sans collision,,,,,,,,,,,1,1,1,1.0,7.0
201800055806,0018-12-23 22:08:00,18,12,23,22,8,971,121,Route départementale 23,16.18802,61.77587,Nuit sans éclairage public,Hors agglomération,Hors intersection,Temps couvert,Autre collision,,,,,,,,,,,3,1,1,8.0,6.0
201800055807,0018-12-25 07:55:00,18,12,25,7,55,971,121,RN2,16.21233,61.78017,Plein jour,Hors agglomération,Hors intersection,Normale,Autre collision,,,,,,,,,,,1,1,1,1.0,6.0
201800055808,0018-02-03 03:59:00,18,2,3,3,59,971,111,Gadet,16.33177,61.78781,Nuit sans éclairage public,Hors agglomération,Hors intersection,Normale,Autre collision,,,,,,,,,,,3,1,1,1.0,6.0
201800055809,0018-04-14 23:55:00,18,4,14,23,55,971,111,RN 02 - Leroux,16.27461,61.80399,Nuit sans éclairage public,Hors agglomération,Hors intersection,Normale,Sans collision,,,,,,,,,,,3,1,1,1.0,7.0
201800055810,0018-06-11 08:10:00,18,6,11,8,10,971,111,"Lotissement Maya, Caféiè",16.31926,61.77789,Plein jour,En agglomération,Intersection en Y,Normale,Sans collision,,,,,,,,,,,1,2,4,1.0,7.0
201800055811,0018-06-23 16:45:00,18,6,23,16,45,971,111,Route Nationale 02 - Sec,16.32305,61.78514,Plein jour,Hors agglomération,Intersection en T,Pluie forte,Deux véhicules - côté,,,,,,,,,,,1,1,3,3.0,3.0
201800055812,0018-01-18 00:10:00,18,1,18,0,10,971,107,RN1 - section Sainte Mar,16.09478,61.56342,Nuit sans éclairage public,Hors agglomération,Hors intersection,Normale,Sans collision,,,,,,,,,,,3,1,1,1.0,7.0
201800055813,0018-01-19 18:20:00,18,1,19,18,20,971,114,route nationale 1,16.14612,61.58296,Nuit avec éclairage allumé,Hors agglomération,Hors intersection,Normale,Deux véhicules - côté,,,,,,,,,,,5,1,1,1.0,3.0
201800055814,0018-01-29 17:30:00,18,1,29,17,30,971,114,La Rose,16.15527,61.58542,Plein jour,Hors agglomération,Hors intersection,Normale,Deux véhicules - frontale,,,,,,,,,,,1,1,1,1.0,1.0
201800055815,0018-02-22 12:15:00,18,2,22,12,15,971,114,section Christophe,16.11266,61.57459,Plein jour,Hors agglomération,Hors intersection,Normale,Deux véhicules - frontale,,,,,,,,,,,1,1,1,1.0,1.0
201800055816,0018-03-08 06:50:00,18,3,8,6,50,971,107,RN 1 Ste Marie PK 33.300,16.10594,61.56542,Plein jour,Hors agglomération,Hors intersection,Normale,Deux véhicules - frontale,,,,,,,,,,,1,1,1,1.0,1.0
201800055817,0018-02-25 08:00:00,18,2,25,8,0,971,107,RN1 coté salée bananier,15.99464,61.6091,Plein jour,Hors agglomération,Hors intersection,Normale,Deux véhicules - arrière,,,,,,,,,,,1,1,1,1.0,2.0
201800055818,0018-03-15 18:50:00,18,3,15,18,50,971,107,ilet perou,16.05596,61.56659,Nuit avec éclairage non allumé,En agglomération,Hors intersection,Normale,Autre collision,,,,,,,,,,,4,2,1,1.0,6.0
201800055819,0018-03-23 19:30:00,18,3,23,19,30,971,114,Carrefour D6 / D33 Ste C,16.13455,61.57209,Nuit avec éclairage allumé,En agglomération,Intersection en T,Normale,Deux véhicules - côté,,,,,,,,,,,5,2,3,1.0,3.0
201800055820,0018-03-31 21:10:00,18,3,31,21,10,971,107,Intersection entre RN1(s,16.05518,61.61174,Nuit sans éclairage public,Hors agglomération,Intersection en X,Normale,Deux véhicules - côté,,,,,,,,,,,3,1,2,1.0,3.0
201800055821,0018-04-22 21:00:00,18,4,22,21,0,971,107,Morne Salé,15.99836,61.60477,Nuit sans éclairage public,Hors agglomération,Hors intersection,Pluie légère,Deux véhicules - frontale,,,,,,,,,,,3,1,1,2.0,1.0
201800055822,0018-05-02 21:15:00,18,5,2,21,15,971,107,nationale 1- SAINT SAUVE,16.05518,61.61174,Nuit avec éclairage allumé,En agglomération,Hors intersection,Normale,Trois véhicules et plus - collisions multiples,,,,,,,,,,,5,2,1,1.0,5.0
201800055823,0018-07-14 09:30:00,18,7,14,9,30,971,114,RN1 et lieu dit la Rose,16.14617,61.58278,Plein jour,Hors agglomération,Intersection en T,Normale,Deux véhicules - arrière,,,,,,,,,,,1,1,3,1.0,2.0
201800055824,0018-07-14 06:30:00,18,7,14,6,30,971,107,rue de Cambrefort,16.06497,61.57675,Plein jour,Hors agglomération,Intersection en T,Normale,Autre collision,,,,,,,,,,,1,1,3,1.0,6.0
201800055825,0018-07-16 17:00:00,18,7,16,17,0,971,107,RN1 section sainte marie,16.09824,61.56303,Plein jour,En agglomération,Hors intersection,Normale,Autre collision,,,,,,,,,,,1,2,1,1.0,6.0
201800055826,0018-07-16 20:05:00,18,7,16,20,5,971,114,Christophe,16.1354,61.58108,Nuit sans éclairage public,Hors agglomération,Hors intersection,Normale,Autre collision,,,,,,,,,,,3,1,1,1.0,6.0
201800055827,0018-08-16 07:50:00,18,8,16,7,50,971,114,RN01 -,16.12195,61.61507,Plein jour,Hors agglomération,Hors intersection,Normale,Deux véhicules - frontale,,,,,,,,,,,1,1,1,1.0,1.0
201800055828,0018-08-18 06:45:00,18,8,18,6,45,971,107,RN1 entreprise POMMEZ,16.05777,61.56536,Plein jour,Hors agglomération,Hors intersection,Normale,Deux véhicules - frontale,,,,,,,,,,,1,1,1,1.0,1.0
201800055829,0018-09-08 20:30:00,18,9,8,20,30,971,114,Christophe ouest,16.11111,61.57238,Nuit sans éclairage public,Hors agglomération,Intersection en Y,Normale,Autre collision,,,,,,,,,,,3,1,4,1.0,6.0
201800055830,0018-09-20 18:00:00,18,9,20,18,0,971,107,RN 1 - Four à Chaux -,16.10103,61.56422,Plein jour,Hors agglomération,Hors intersection,Normale,Deux véhicules - frontale,,,,,,,,,,,1,1,1,1.0,1.0
201800055831,0018-10-23 14:00:00,18,10,23,14,0,971,107,saint sauveur,16.01184,61.58942,Plein jour,En agglomération,Hors intersection,Normale,Trois véhicules et plus - collisions multiples,,,,,,,,,,,1,2,1,1.0,5.0
201800055832,0018-11-21 14:30:00,18,11,21,14,30,971,107,Rue de moravie,16.07401,61.58682,Plein jour,Hors agglomération,Intersection en Y,Normale,Deux véhicules - côté,,,,,,,,,,,1,1,4,1.0,3.0
201800055833,0018-12-19 15:00:00,18,12,19,15,0,971,114,RN1 sarcelles,16.15758,61.5858,Plein jour,Hors agglomération,Hors intersection,Normale,Deux véhicules - frontale,,,,,,,,,,,1,1,1,1.0,1.0
201800055834,0018-12-24 05:20:00,18,12,24,5,20,971,114,RN01,16.15428,61.58506,Nuit sans éclairage public,Hors agglomération,Hors intersection,Normale,Autre collision,,,,,,,,,,,3,1,1,1.0,6.0
201800055835,0018-01-31 09:45:00,18,1,31,9,45,971,131,route du Fort Napoléon,15.87414,61.58246,Plein jour,En agglomération,Hors intersection,Normale,Autre collision,,,,,,,,,,,1,2,1,1.0,6.0
201800055836,0018-03-19 07:30:00,18,3,19,7,30,971,131,rue Bernard Azincourt,15.86576,61.58328,Plein jour,En agglomération,Hors intersection,Normale,Sans collision,,,,,,,,,,,1,2,1,1.0,7.0
201800055837,0018-07-06 14:30:00,18,7,6,14,30,971,130,rue de grande anse,15.85862,61.62407,Plein jour,En agglomération,Hors intersection,Normale,Autre collision,,,,,,,,,,,1,2,1,1.0,6.0
201800055838,0018-08-14 17:00:00,18,8,14,17,0,971,131,route du Bois Joli,15.85945,61.60033,Plein jour,Hors agglomération,Hors intersection,Normale,Deux véhicules - frontale,,,,,,,,,,,1,1,1,1.0,1.0
201800055839,0018-08-18 11:30:00,18,8,18,11,30,971,131,route de fond de curé,15.86338,61.58449,Plein jour,En agglomération,Intersection en T,Normale,Autre collision,,,,,,,,,,,1,2,3,1.0,6.0
201800055840,0018-11-06 06:30:00,18,11,6,6,30,971,130,rue de la plage,15.8583,61.62379,Crépuscule ou aube,En agglomération,Hors intersection,Pluie légère,Sans collision,,,,,,,,,,,2,2,1,2.0,7.0
201800055841,0018-12-23 10:35:00,18,12,23,10,35,971,131,rue jean calot,15.86832,61.58237,Plein jour,En agglomération,Hors intersection,Normale,Sans collision,,,,,,,,,,,1,2,1,1.0,7.0
201800055842,0018-12-25 03:25:00,18,12,25,3,25,971,130,RD213 route du sud,15.84772,61.62802,Nuit sans éclairage public,Hors agglomération,Hors intersection,Normale,Sans collision,,,,,,,,,,,3,1,1,1.0,7.0
201800055843,0018-01-04 13:45:00,18,1,4,13,45,971,115,chemin de Borel,,,Plein jour,Hors agglomération,Intersection en Y,Normale,Deux véhicules - côté,,,,,,,,,,,1,1,4,1.0,3.0
201800055844,0018-02-11 12:00:00,18,2,11,12,0,971,115,PICHON,16.25238,61.65358,Plein jour,En agglomération,Hors intersection,Normale,Autre collision,,,,,,,,,,,1,2,1,1.0,6.0
201800055845,0018-02-11 21:09:00,18,2,11,21,9,971,115,rue du pont,16.26596,61.6297,Nuit avec éclairage allumé,En agglomération,Hors intersection,Normale,Autre collision,,,,,,,,,,,5,2,1,1.0,6.0
201800055846,0018-03-19 16:45:00,18,3,19,16,45,971,115,RN 2,16.23759,61.6696,Plein jour,Hors agglomération,Autre intersection,Normale,Deux véhicules - côté,,,,,,,,,,,1,1,9,1.0,3.0
201800055847,0018-06-24 17:05:00,18,6,24,17,5,971,115,Chemin de desbonnes,16.23729,61.65815,Plein jour,Hors agglomération,Hors intersection,Normale,Autre collision,,,,,,,,,,,1,1,1,1.0,6.0
201800055848,0018-06-14 08:30:00,18,6,14,8,30,971,115,RN 2 - routa,16.25915,61.63567,Plein jour,Hors agglomération,Hors intersection,Normale,Deux véhicules - côté,,,,,,,,,,,1,1,1,1.0,3.0
201800055849,0018-07-08 20:00:00,18,7,8,20,0,971,115,la boucan,16.27918,61.66777,Nuit sans éclairage public,Hors agglomération,Hors intersection,Pluie forte,Trois véhicules et plus - collisions multiples,,,,,,,,,,,3,1,1,3.0,5.0
201800055850,0018-07-26 06:00:00,18,7,26,6,0,971,115,RN 2 - Intersection Germ,16.26215,61.63741,Plein jour,Hors agglomération,Intersection en X,Normale,Deux véhicules - frontale,,,,,,,,,,,1,1,2,1.0,1.0
201800055851,0018-08-02 20:00:00,18,8,2,20,0,971,115,section bréfort,16.26534,61.64096,Nuit sans éclairage public,En agglomération,Autre intersection,Normale,Deux véhicules - arrière,,,,,,,,,,,3,2,9,1.0,2.0
201800055852,0018-10-04 19:30:00,18,10,4,19,30,971,115,la moisse RN2,16.28251,61.66258,Nuit sans éclairage public,Hors agglomération,Autre intersection,Normale,Deux véhicules - côté,,,,,,,,,,,3,1,9,1.0,3.0
201800055853,0018-11-22 14:00:00,18,11,22,14,0,971,115,ROUTE DE GROSSE MONTAGNE,16.22886,61.65539,Plein jour,En agglomération,Intersection en X,Normale,Deux véhicules - côté,,,,,,,,,,,1,2,2,1.0,3.0
201800055854,0018-12-19 20:45:00,18,12,19,20,45,971,115,RN2,16.26192,61.63728,Nuit sans éclairage public,Hors agglomération,Intersection en T,Pluie légère,Autre collision,,,,,,,,,,,3,1,3,2.0,6.0
201800055855,0018-02-11 10:00:00,18,2,11,10,0,971,118,RN1,16.18726,61.60719,Plein jour,Hors agglomération,Hors intersection,Normale,Deux véhicules - côté,,,,,,,,,,,1,1,1,1.0,3.0
201800055856,0018-02-13 16:55:00,18,2,13,16,55,971,118,route des mamelles,16.18092,61.68424,Plein jour,Hors agglomération,Hors intersection,Normale,Autre collision,,,,,,,,,,,1,1,1,1.0,6.0
201800055857,0018-03-09 19:00:00,18,3,9,19,0,971,118,Route de la Traversée,16.19838,61.64371,Nuit sans éclairage public,Hors agglomération,Hors intersection,Normale,Deux véhicules - côté,,,,,,,,,,,3,1,1,1.0,3.0
201800055858,0018-07-06 13:35:00,18,7,6,13,35,971,118,ROUTE DE DUBOS - SECTION,16.1978,61.60025,Plein jour,Hors agglomération,Hors intersection,Normale,Autre collision,,,,,,,,,,,1,1,1,1.0,6.0
201800055859,0018-07-28 19:15:00,18,7,28,19,15,971,118,section Fougères,16.20317,61.62096,Nuit sans éclairage public,En agglomération,Hors intersection,Normale,Autre collision,,,,,,,,,,,3,2,1,1.0,6.0
201800055860,0018-10-23 23:00:00,18,10,23,23,0,971,118,route nationale 1,16.18831,61.61871,Nuit sans éclairage public,Hors agglomération,Hors intersection,Normale,Sans collision,,,,,,,,,,,3,1,1,1.0,7.0
201800055861,0018-02-10 02:30:00,18,2,10,2,30,971,129,RN2 / section VIARD,16.29373,61.71065,Nuit avec éclairage allumé,En agglomération,Hors intersection,Pluie légère,Deux véhicules - frontale,,,,,,,,,,,5,2,1,2.0,1.0
201800055862,0018-03-18 12:00:00,18,3,18,12,0,971,129,RN 2 VIARD - LEOTARD,16.29373,61.71065,Plein jour,Hors agglomération,Hors intersection,Normale,Deux véhicules - frontale,,,,,,,,,,,1,1,1,1.0,1.0
201800055863,0018-04-29 10:30:00,18,4,29,10,30,971,129,SOFAIA,16.31439,61.70368,Plein jour,En agglomération,Hors intersection,Normale,Autre collision,,,,,,,,,,,1,2,1,1.0,6.0
201800055864,0018-05-05 00:30:00,18,5,5,0,30,971,129,VIARD,16.31765,61.68539,Nuit sans éclairage public,Hors agglomération,Hors intersection,Pluie légère,Sans collision,,,,,,,,,,,3,1,1,2.0,7.0
201800055865,0018-07-01 19:40:00,18,7,1,19,40,971,129,VINTY,16.34934,61.72372,Nuit sans éclairage public,Hors agglomération,Intersection en T,Normale,Deux véhicules - frontale,,,,,,,,,,,3,1,3,1.0,1.0
201800055866,0018-07-18 19:00:00,18,7,18,19,0,971,129,section duzer (plage man,16.34639,61.71991,Nuit sans éclairage public,Hors agglomération,Hors intersection,Normale,Deux véhicules - frontale,,,,,,,,,,,3,1,1,1.0,1.0
201800055867,0018-08-29 07:00:00,18,8,29,7,0,971,129,VIARD,16.29373,61.71065,Plein jour,En agglomération,Hors intersection,Normale,Deux véhicules - frontale,,,,,,,,,,,1,2,1,1.0,1.0
201800055868,0018-10-07 11:15:00,18,10,7,11,15,971,129,section vinty,16.35351,61.73001,Plein jour,Hors agglomération,Hors intersection,Pluie légère,Deux véhicules - frontale,,,,,,,,,,,1,1,1,2.0,1.0
201800055869,0018-11-17 11:20:00,18,11,17,11,20,971,129,route de Duzer,16.34631,61.72791,Plein jour,Hors agglomération,Hors intersection,Normale,Autre collision,,,,,,,,,,,1,1,1,1.0,6.0
201800055870,0018-12-02 17:50:00,18,12,2,17,50,971,129,Conodor - RN 2,16.28941,61.67746,Nuit avec éclairage allumé,En agglomération,Hors intersection,Normale,Trois véhicules et plus - en chaîne,,,,,,,,,,,5,2,1,1.0,4.0
201800055871,0018-12-08 04:15:00,18,12,8,4,15,971,129,Durieux,16.33707,61.74313,Nuit avec éclairage allumé,Hors agglomération,Hors intersection,Pluie légère,Deux véhicules - frontale,,,,,,,,,,,5,1,1,2.0,1.0
201800055872,0018-01-02 14:30:00,18,1,2,14,30,971,112,Section Les basses,,,Plein jour,Hors agglomération,Hors intersection,Normale,Deux véhicules - frontale,,,,,,,,,,,1,1,1,1.0,1.0
201800055873,0018-01-05 13:50:00,18,1,5,13,50,971,108,morne piton,,,Plein jour,Hors agglomération,Hors intersection,Normale,Sans collision,,,,,,,,,,,1,1,1,1.0,7.0
201800055874,0018-02-08 21:50:00,18,2,8,21,50,971,112,d203,15.87095,61.2859,Nuit avec éclairage non allumé,Hors agglomération,Hors intersection,Temps couvert,Sans collision,,,,,,,,,,,4,1,1,8.0,7.0
201800055875,0018-02-12 07:45:00,18,2,12,7,45,971,108,Section Vidon le Robert,15.90217,61.25035,Plein jour,En agglomération,Hors intersection,Normale,Deux véhicules - arrière,,,,,,,,,,,1,2,1,1.0,2.0
201800055876,0018-04-26 21:15:00,18,4,26,21,15,971,112,Section Gay,15.9266,61.31411,Nuit sans éclairage public,Hors agglomération,Hors intersection,Pluie légère,Sans collision,,,,,,,,,,,3,1,1,2.0,7.0
201800055877,0018-04-29 00:05:00,18,4,29,0,5,971,108,section Robert,15.90351,61.25409,Nuit sans éclairage public,Hors agglomération,Hors intersection,Normale,Autre collision,,,,,,,,,,,3,1,1,1.0,6.0
201800055878,0018-05-18 21:30:00,18,5,18,21,30,971,112,N9 section ballet triano,15.90523,61.2846,Nuit sans éclairage public,Hors agglomération,Hors intersection,Normale,Trois véhicules et plus - collisions multiples,,,,,,,,,,,3,1,1,1.0,5.0
201800055879,0018-05-26 18:55:00,18,5,26,18,55,971,112,morne lolo,15.90837,61.28012,Nuit sans éclairage public,Hors agglomération,Hors intersection,Normale,Sans collision,,,,,,,,,,,3,1,1,1.0,7.0
201800055880,0018-06-30 09:45:00,18,6,30,9,45,971,126,section Goverlot,15.9662,61.27561,Plein jour,Hors agglomération,Hors intersection,Normale,Deux véhicules - côté,,,,,,,,,,,1,1,1,1.0,3.0
201800055881,0018-07-29 16:30:00,18,7,29,16,30,971,112,route de Latreille,15.89315,61.31143,Plein jour,Hors agglomération,Hors intersection,Normale,Deux véhicules - frontale,,,,,,,,,,,1,1,1,1.0,1.0