accident_id,datetime,annee,mois,jour,heure,minute,departement,commune_insee,adresse,latitude,longitude,luminosite,agglomeration,intersection,meteo,collision,nb_vehicules,nb_usagers,nb_indemnes,nb_tues,nb_blesses_hosp,nb_blesses_legers,age_cond_1,age_cond_2,veh_type_cond_1,veh_type_cond_2,lum_code,agg_code,int_code,atm_code,col_code
201800055882,0018-09-01 14:40:00,18,9,1,14,40,971,108,section Vidon,15.92224,61.22959,Plein jour,Hors agglomération,Hors intersection,Normale,Sans collision,,,,,,,,,,,1,1,1,1.0,7.0
201800055883,0018-09-07 18:30:00,18,9,7,18,30,971,112,Route de saint louis - R,15.90693,61.28254,Crépuscule ou aube,Hors agglomération,Hors intersection,Pluie légère,Trois véhicules et plus - collisions multiples,,,,,,,,,,,2,1,1,2.0,5.0
201800055884,0018-09-12 17:45:00,18,9,12,17,45,971,112,section Clérange,15.90713,61.26636,Crépuscule ou aube,Hors agglomération,Hors intersection,Normale,Autre collision,,,,,,,,,,,2,1,1,1.0,6.0
201800055885,0018-11-18 10:50:00,18,11,18,10,50,971,112,section Moringlane,15.92127,61.30383,Plein jour,Hors agglomération,Hors intersection,Normale,Deux véhicules - côté,,,,,,,,,,,1,1,1,1.0,3.0
201800055886,0018-01-14 10:30:00,18,1,14,10,30,971,110,BEAUSÉJOUR,16.30324,61.07488,Plein jour,En agglomération,Hors intersection,Normale,Sans collision,,,,,,,,,,,1,2,1,1.0,7.0
201800055887,0018-04-28 19:30:00,18,4,28,19,30,971,110,Les Galets,16.29719,61.08782,Nuit avec éclairage allumé,Hors agglomération,Hors intersection,Normale,Autre collision,,,,,,,,,,,5,1,1,1.0,6.0
201800055888,0018-09-08 20:15:00,18,9,8,20,15,971,110,Les Galets,16.29696,61.08904,Nuit avec éclairage allumé,Hors agglomération,Hors intersection,Normale,Autre collision,,,,,,,,,,,5,1,1,1.0,6.0
201800055889,0018-01-09 05:50:00,18,1,9,5,50,971,117,route de la Porte d'enfe,16.31285,61.29854,Nuit sans éclairage public,Hors agglomération,Hors intersection,Normale,Deux véhicules - frontale,,,,,,,,,,,3,1,1,1.0,1.0
201800055890,0018-01-19 10:15:00,18,1,19,10,15,971,117,RN5,16.32945,61.34063,Plein jour,En agglomération,Hors intersection,Normale,Autre collision,,,,,,,,,,,1,2,1,1.0,6.0
201800055891,0018-01-21 14:15:00,18,1,21,14,15,971,117,Rue Cheik Anta Diope,16.32662,61.35225,Plein jour,En agglomération,Intersection en X,Normale,Deux véhicules - côté,,,,,,,,,,,1,2,2,1.0,3.0
201800055892,0018-01-23 19:45:00,18,1,23,19,45,971,117,giratoire rue duchassain,16.32925,61.35208,Nuit avec éclairage allumé,En agglomération,Giratoire,Normale,Autre collision,,,,,,,,,,,5,2,6,1.0,6.0
201800055893,0018-02-19 13:00:00,18,2,19,13,0,971,117,D116,16.2975,61.32282,Plein jour,Hors agglomération,Hors intersection,Normale,Deux véhicules - frontale,,,,,,,,,,,1,1,1,1.0,1.0
201800055894,0018-03-02 08:00:00,18,3,2,8,0,971,117,Route de Bel étang,16.29809,61.3562,Plein jour,Hors agglomération,Hors intersection,Normale,Deux véhicules - arrière,,,,,,,,,,,1,1,1,1.0,2.0
201800055895,0018-04-01 19:00:00,18,4,1,19,0,971,117,rue des sapotilles,16.33019,61.33711,Nuit avec éclairage allumé,Hors agglomération,Intersection en T,Normale,Autre collision,,,,,,,,,,,5,1,3,1.0,6.0
201800055896,0018-04-18 23:15:00,18,4,18,23,15,971,117,zevallos,16.30643,61.3064,Nuit sans éclairage public,Hors agglomération,Hors intersection,Normale,Trois véhicules et plus - collisions multiples,,,,,,,,,,,3,1,1,1.0,5.0
201800055897,0018-04-28 14:15:00,18,4,28,14,15,971,117,route de néron,16.33246,61.39576,Plein jour,Hors agglomération,Intersection en T,Normale,Deux véhicules - frontale,,,,,,,,,,,1,1,3,1.0,1.0
201800055898,0018-04-26 12:30:00,18,4,26,12,30,971,117,Route de la plante,16.34569,61.41188,Plein jour,Hors agglomération,Hors intersection,Normale,Autre collision,,,,,,,,,,,1,1,1,1.0,6.0
201800055899,0018-05-20 16:20:00,18,5,20,16,20,971,117,RN 5 duteau,16.32671,61.40273,Plein jour,Hors agglomération,Hors intersection,Normale,Deux véhicules - frontale,,,,,,,,,,,1,1,1,1.0,1.0
201800055900,0018-05-22 13:15:00,18,5,22,13,15,971,117,Route de Sainte Margueri,16.37623,61.41333,Plein jour,Hors agglomération,Hors intersection,Pluie légère,Deux véhicules - frontale,,,,,,,,,,,1,1,1,2.0,1.0
201800055901,0018-06-02 13:25:00,18,6,2,13,25,971,117,DUTEAU,16.33112,61.39248,Plein jour,Hors agglomération,Hors intersection,Normale,Deux véhicules - frontale,,,,,,,,,,,1,1,1,1.0,1.0
201800055902,0018-07-13 11:19:00,18,7,13,11,19,971,117,RD117 - ROUTE DE SAINTE,16.30156,61.33624,Plein jour,Hors agglomération,Hors intersection,Normale,Deux véhicules - frontale,,,,,,,,,,,1,1,1,1.0,1.0
201800055903,0018-07-19 15:48:00,18,7,19,15,48,971,117,intersection route de bo,16.29289,61.34836,Plein jour,En agglomération,Intersection en T,Normale,Deux véhicules - côté,,,,,,,,,,,1,2,3,1.0,3.0
201800055904,0018-11-13 12:55:00,18,11,13,12,55,971,117,RN 5-- portland---,16.32036,61.37126,Plein jour,Hors agglomération,Hors intersection,Normale,Deux véhicules - frontale,,,,,,,,,,,1,1,1,1.0,1.0
201800055905,0018-11-13 20:46:00,18,11,13,20,46,971,117,RN5 zevallos,16.32036,61.37126,Nuit sans éclairage public,Hors agglomération,Hors intersection,Normale,Autre collision,,,,,,,,,,,3,1,1,1.0,6.0
201800055906,0018-12-03 15:00:00,18,12,3,15,0,971,117,95 boulevard rougé,16.32972,61.34408,Plein jour,En agglomération,Hors intersection,Normale,Deux véhicules - arrière,,,,,,,,,,,1,2,1,1.0,2.0
201800055907,0018-12-13 12:05:00,18,12,13,12,5,971,117,route de Boisvin - D115,16.31212,61.34573,Plein jour,Hors agglomération,Hors intersection,Normale,Sans collision,,,,,,,,,,,1,1,1,1.0,7.0
201800055908,0018-12-18 14:00:00,18,12,18,14,0,971,117,D123,16.34096,61.3836,Plein jour,Hors agglomération,Hors intersection,Normale,Sans collision,,,,,,,,,,,1,1,1,1.0,7.0
201800055909,0018-02-20 07:30:00,18,2,20,7,30,971,119,intersection rue LEGITIM,16.39065,61.45478,Plein jour,En agglomération,Intersection en X,Normale,Deux véhicules - côté,,,,,,,,,,,1,2,2,1.0,3.0
201800055910,0018-03-15 16:41:00,18,3,15,16,41,971,119,boulevard de gaschet,16.38505,61.48291,Plein jour,Hors agglomération,Intersection en T,Normale,Deux véhicules - côté,,,,,,,,,,,1,1,3,1.0,3.0
201800055911,0018-03-26 12:40:00,18,3,26,12,40,971,122,rue Gambetta,16.41658,61.53127,Plein jour,En agglomération,Hors intersection,Normale,Autre collision,,,,,,,,,,,1,2,1,1.0,6.0
201800055912,0018-03-14 18:50:00,18,3,14,18,50,971,102,RD120 ROUTE DE MASSIOUX,16.44215,61.42702,Nuit avec éclairage allumé,Hors agglomération,Hors intersection,Normale,Autre collision,,,,,,,,,,,5,1,1,1.0,6.0
201800055913,0018-04-01 19:00:00,18,4,1,19,0,971,119,RD120 GROS CAP,16.39654,61.41994,Nuit sans éclairage public,Hors agglomération,Hors intersection,Normale,Autre collision,,,,,,,,,,,3,1,1,1.0,6.0
201800055914,0018-04-02 21:15:00,18,4,2,21,15,971,119,lieu dit Déméré - RN8,16.38098,61.45626,Nuit avec éclairage allumé,Hors agglomération,Hors intersection,Normale,Deux véhicules - frontale,,,,,,,,,,,5,1,1,1.0,1.0
201800055915,0018-04-11 11:00:00,18,4,11,11,0,971,119,DEVARIEUX,16.36914,61.43483,Plein jour,Hors agglomération,Hors intersection,Normale,Deux véhicules - frontale,,,,,,,,,,,1,1,1,1.0,1.0
201800055916,0018-07-08 01:05:00,18,7,8,1,5,971,119,LES MANGLES,16.38186,61.4568,Nuit sans éclairage public,Hors agglomération,Hors intersection,Pluie forte,Sans collision,,,,,,,,,,,3,1,1,3.0,7.0
201800055917,0018-07-07 14:20:00,18,7,7,14,20,971,119,dumaine,16.37768,61.45538,Plein jour,Hors agglomération,Intersection en X,Normale,Deux véhicules - côté,,,,,,,,,,,1,1,2,1.0,3.0
201800055918,0018-07-14 12:06:00,18,7,14,12,6,971,122,Route de Bellevue,16.43061,61.48322,Plein jour,Hors agglomération,Hors intersection,Normale,Deux véhicules - côté,,,,,,,,,,,1,1,1,1.0,3.0
201800055919,0018-08-13 18:00:00,18,8,13,18,0,971,119,RN8 Les Mangles,16.39232,61.46104,Plein jour,En agglomération,Intersection en X,Normale,Deux véhicules - frontale,,,,,,,,,,,1,2,2,1.0,1.0
201800055920,0018-08-27 12:47:00,18,8,27,12,47,971,119,RN 8 Démérée,16.38044,61.45563,Plein jour,Hors agglomération,Hors intersection,Normale,Deux véhicules - frontale,,,,,,,,,,,1,1,1,1.0,1.0
201800055921,0018-10-08 08:30:00,18,10,8,8,30,971,119,3 chemin de girard D123,16.36906,61.43621,Plein jour,En agglomération,Intersection en T,Pluie forte,Deux véhicules - frontale,,,,,,,,,,,1,2,3,3.0,1.0
201800055922,0018-10-11 17:45:00,18,10,11,17,45,971,122,Section Goguette,16.44798,61.5157,Nuit avec éclairage non allumé,Hors agglomération,Hors intersection,Normale,Sans collision,,,,,,,,,,,4,1,1,1.0,7.0
201800055923,0018-10-22 16:10:00,18,10,22,16,10,971,119,ALLÉE DE STE ELISE,16.38931,61.46588,Plein jour,Hors agglomération,Hors intersection,Normale,Deux véhicules - frontale,,,,,,,,,,,1,1,1,1.0,1.0
201800055924,0018-11-23 08:05:00,18,11,23,8,5,971,102,rue des raisiniers,16.46987,61.51487,Plein jour,En agglomération,Hors intersection,Normale,Deux véhicules - côté,,,,,,,,,,,1,2,1,1.0,3.0
201800055925,0018-01-07 11:45:00,18,1,7,11,45,971,125,rue de la République,16.25141,61.2779,Plein jour,En agglomération,Autre intersection,Normale,Deux véhicules - côté,,,,,,,,,,,1,2,9,1.0,3.0
201800055926,0018-01-07 18:15:00,18,1,7,18,15,971,125,RN 5,16.29025,61.28913,Nuit sans éclairage public,Hors agglomération,Autre intersection,Normale,Trois véhicules et plus - collisions multiples,,,,,,,,,,,3,1,9,1.0,5.0
201800055927,0018-03-02 18:00:00,18,3,2,18,0,971,125,route touristique,16.24577,61.29778,Crépuscule ou aube,Hors agglomération,Hors intersection,Temps éblouissant,Autre collision,,,,,,,,,,,2,1,1,7.0,6.0
201800055928,0018-04-10 06:20:00,18,4,10,6,20,971,125,Route Nationale RN5,16.28572,61.28766,Crépuscule ou aube,Hors agglomération,Intersection en T,Normale,Deux véhicules - frontale,,,,,,,,,,,2,1,3,1.0,1.0
201800055929,0018-05-12 18:30:00,18,5,12,18,30,971,125,Rue Léon Blum,16.2541,61.27754,Nuit avec éclairage allumé,En agglomération,Hors intersection,Normale,Deux véhicules - frontale,,,,,,,,,,,5,2,1,1.0,1.0
201800055930,0018-07-14 09:20:00,18,7,14,9,20,971,125,D118 lieu-dit LA COULEE,16.25773,61.27312,Plein jour,Hors agglomération,Hors intersection,Normale,Trois véhicules et plus - collisions multiples,,,,,,,,,,,1,1,1,1.0,5.0
201800055931,0018-07-15 08:15:00,18,7,15,8,15,971,125,RD 118,16.25871,61.26315,Plein jour,Hors agglomération,Hors intersection,Normale,Deux véhicules - arrière,,,,,,,,,,,1,1,1,1.0,2.0
201800055932,0018-07-28 11:45:00,18,7,28,11,45,971,125,Carrefour RD 116 et Rd 1,16.26746,61.31975,Plein jour,Hors agglomération,Intersection en X,Normale,Trois véhicules et plus - collisions multiples,,,,,,,,,,,1,1,2,1.0,5.0
201800055933,0018-08-05 16:40:00,18,8,5,16,40,971,125,Avenue Mahatma GhHANDI e,16.25065,61.27994,Plein jour,En agglomération,Hors intersection,Normale,Deux véhicules - côté,,,,,,,,,,,1,2,1,1.0,3.0
201800055934,0018-08-16 16:45:00,18,8,16,16,45,971,125,carrefour av Luther King,16.25698,61.27531,Plein jour,En agglomération,Giratoire,Normale,Deux véhicules - côté,,,,,,,,,,,1,2,6,1.0,3.0
201800055935,0018-11-06 17:45:00,18,11,6,17,45,971,125,chemin des donneuses d'e,16.28335,61.27909,Crépuscule ou aube,En agglomération,Autre intersection,Pluie forte,Autre collision,,,,,,,,,,,2,2,9,3.0,6.0
201800055936,0018-11-15 05:50:00,18,11,15,5,50,971,125,Blonval RN4,16.2552,61.31451,Crépuscule ou aube,Hors agglomération,Hors intersection,Normale,Autre collision,,,,,,,,,,,2,1,1,1.0,6.0
201800055937,0018-11-17 19:30:00,18,11,17,19,30,971,125,route touristique,16.24519,61.30333,Nuit avec éclairage allumé,Hors agglomération,Intersection en T,Normale,Autre collision,,,,,,,,,,,5,1,3,1.0,6.0
201800055938,0018-11-24 18:30:00,18,11,24,18,30,971,125,D118,16.25135,61.2092,Nuit sans éclairage public,Hors agglomération,Hors intersection,Normale,Autre collision,,,,,,,,,,,3,1,1,1.0,6.0
201800055939,0018-12-02 22:00:00,18,12,2,22,0,971,125,RN 5,16.26969,61.27899,Nuit sans éclairage public,Hors agglomération,Hors intersection,Normale,Autre collision,,,,,,,,,,,3,1,1,1.0,6.0
201800055940,0018-12-06 18:15:00,18,12,6,18,15,971,125,rn5,16.26211,61.27609,Nuit sans éclairage public,Hors agglomération,Hors intersection,Normale,Deux véhicules - arrière,,,,,,,,,,,3,1,1,1.0,2.0
201800055941,0018-01-06 18:55:00,18,1,6,18,55,971,128,"RD114, section Douville",16.26305,61.37457,Nuit sans éclairage public,En agglomération,Hors intersection,Normale,Deux véhicules - frontale,,,,,,,,,,,3,2,1,1.0,1.0
201800055942,0018-01-27 10:30:00,18,1,27,10,30,971,128,Douville,16.26242,61.3777,Plein jour,En agglomération,Hors intersection,Normale,Deux véhicules - frontale,,,,,,,,,,,1,2,1,1.0,1.0
201800055943,0018-03-03 15:05:00,18,3,3,15,5,971,128,Chateaubrun,16.25135,61.34976,Plein jour,Hors agglomération,Hors intersection,Normale,Trois véhicules et plus - collisions multiples,,,,,,,,,,,1,1,1,1.0,5.0
201800055944,0018-03-08 16:30:00,18,3,8,16,30,971,128,Bd Hègèsippe IBÉNÉ,16.22732,61.37528,Plein jour,En agglomération,Intersection en T,Normale,Deux véhicules - côté,,,,,,,,,,,1,2,3,1.0,3.0
201800055945,0018-04-11 19:05:00,18,4,11,19,5,971,128,section deshauteurs,16.25734,61.38741,Nuit avec éclairage allumé,Hors agglomération,Hors intersection,Normale,Autre collision,,,,,,,,,,,5,1,1,1.0,6.0
201800055946,0018-07-28 11:45:00,18,7,28,11,45,971,128,RN4,16.22434,61.39348,Plein jour,En agglomération,Hors intersection,Normale,Deux véhicules - côté,,,,,,,,,,,1,2,1,1.0,3.0
201800055947,0018-07-28 15:35:00,18,7,28,15,35,971,128,section DURIVAGE,16.22086,61.40378,Plein jour,En agglomération,Hors intersection,Normale,Deux véhicules - frontale,,,,,,,,,,,1,2,1,1.0,1.0
201800055948,0018-08-10 16:50:00,18,8,10,16,50,971,128,Douville,16.25505,61.37203,Plein jour,Hors agglomération,Intersection en T,Normale,Deux véhicules - côté,,,,,,,,,,,1,1,3,1.0,3.0
201800055949,0018-08-14 14:30:00,18,8,14,14,30,971,128,Cinq Etangs,16.2742,61.35566,Plein jour,Hors agglomération,Intersection en T,Normale,Deux véhicules - côté,,,,,,,,,,,1,1,3,1.0,3.0
201800055950,0018-08-21 05:00:00,18,8,21,5,0,971,128,Calvaire,16.26194,61.39049,Nuit avec éclairage allumé,Hors agglomération,Hors intersection,Normale,Deux véhicules - côté,,,,,,,,,,,5,1,1,1.0,3.0
201800055951,0018-09-11 19:25:00,18,9,11,19,25,971,128,Bel étang,16.28696,61.36971,Nuit avec éclairage allumé,Hors agglomération,Hors intersection,Normale,Autre collision,,,,,,,,,,,5,1,1,1.0,6.0
201800055952,0018-10-04 20:50:00,18,10,4,20,50,971,128,LE HELLEUX,16.25049,61.34595,Nuit sans éclairage public,Hors agglomération,Hors intersection,Normale,Deux véhicules - frontale,,,,,,,,,,,3,1,1,1.0,1.0
201800055953,0018-11-18 03:45:00,18,11,18,3,45,971,128,Maudette,16.23239,61.42126,Nuit avec éclairage non allumé,En agglomération,Hors intersection,Normale,Deux véhicules - frontale,,,,,,,,,,,4,2,1,1.0,1.0
201800055954,0018-12-02 00:01:00,18,12,2,0,1,971,128,RD 105,16.25231,61.43411,Nuit avec éclairage allumé,En agglomération,Hors intersection,Normale,Autre collision,,,,,,,,,,,5,2,1,1.0,6.0
201800055955,0018-12-18 17:30:00,18,12,18,17,30,971,128,section Gentilly,16.25734,61.38741,Plein jour,Hors agglomération,Hors intersection,Normale,Deux véhicules - frontale,,,,,,,,,,,1,1,1,1.0,1.0
201800055956,0018-12-21 18:05:00,18,12,21,18,5,971,128,galbas,16.22397,61.3908,Nuit avec éclairage allumé,En agglomération,Intersection en T,Normale,Deux véhicules - côté,,,,,,,,,,,5,2,3,1.0,3.0
201800055957,0018-01-09 06:30:00,18,1,9,6,30,971,116,"RN5, section blanchette",16.3227,61.41653,Plein jour,Hors agglomération,Hors intersection,Normale,Deux véhicules - côté,,,,,,,,,,,1,1,1,1.0,3.0
201800055958,0018-05-07 01:30:00,18,5,7,1,30,971,116,espérance,16.32795,61.45419,Nuit sans éclairage public,En agglomération,Hors intersection,Normale,Deux véhicules - frontale,,,,,,,,,,,3,2,1,1.0,1.0
201800055959,0018-06-10 18:00:00,18,6,10,18,0,971,116,RN 5 Bosredon,16.3097,61.48801,Plein jour,En agglomération,Hors intersection,Normale,Deux véhicules - côté,,,,,,,,,,,1,2,1,1.0,3.0
201800055960,0018-06-16 15:00:00,18,6,16,15,0,971,116,Labuthie,16.31604,61.5107,Plein jour,Hors agglomération,Hors intersection,Normale,Deux véhicules - frontale,,,,,,,,,,,1,1,1,1.0,1.0
201800055961,0018-07-01 05:50:00,18,7,1,5,50,971,116,richeval,16.35409,61.45599,Crépuscule ou aube,Hors agglomération,Hors intersection,Normale,Autre collision,,,,,,,,,,,2,1,1,1.0,6.0
201800055962,0018-07-05 18:15:00,18,7,5,18,15,971,116,"RN 5, Chemin de Darthes",16.32898,61.45227,Crépuscule ou aube,En agglomération,Intersection en T,Normale,Deux véhicules - côté,,,,,,,,,,,2,2,3,1.0,3.0
201800055963,0018-07-11 15:00:00,18,7,11,15,0,971,116,Gensolin,16.32283,61.47248,Plein jour,Hors agglomération,Hors intersection,Normale,Deux véhicules - arrière,,,,,,,,,,,1,1,1,1.0,2.0
201800055964,0018-09-03 17:25:00,18,9,3,17,25,971,116,"Richeval, RN6",16.33966,61.45637,Plein jour,En agglomération,Hors intersection,Normale,Deux véhicules - côté,,,,,,,,,,,1,2,1,1.0,3.0
201800055965,0018-09-05 13:45:00,18,9,5,13,45,971,116,rue Favrot Davrain,16.3204,61.49446,Plein jour,Hors agglomération,Hors intersection,Normale,Deux véhicules - frontale,,,,,,,,,,,1,1,1,1.0,1.0
201800055966,0018-09-11 16:00:00,18,9,11,16,0,971,116,RD107 section Dubelloy,16.32531,61.47959,Plein jour,Hors agglomération,Intersection en T,Temps éblouissant,Autre collision,,,,,,,,,,,1,1,3,7.0,6.0
201800055967,0018-09-20 07:50:00,18,9,20,7,50,971,116,"RN5, section blanchet",16.32468,61.41024,Plein jour,Hors agglomération,Hors intersection,Normale,Deux véhicules - côté,,,,,,,,,,,1,1,1,1.0,3.0
201800055968,0018-11-14 16:35:00,18,11,14,16,35,971,116,marieulle,16.32689,61.46632,Plein jour,En agglomération,Intersection en T,Normale,Deux véhicules - côté,,,,,,,,,,,1,2,3,1.0,3.0
201800055969,0018-12-02 11:30:00,18,12,2,11,30,971,116,Lasserre,16.32539,61.44585,Plein jour,En agglomération,Intersection en T,Normale,Deux véhicules - frontale,,,,,,,,,,,1,2,3,1.0,1.0
201800055970,0018-12-22 11:30:00,18,12,22,11,30,971,116,Chazeau,16.29826,61.46068,Plein jour,Hors agglomération,Hors intersection,Normale,Autre collision,,,,,,,,,,,1,1,1,1.0,6.0
201800055971,0018-01-03 17:50:00,18,1,3,17,50,973,305,"PK 16, RN 1",4.94157,52.41314,Crépuscule ou aube,Hors agglomération,Hors intersection,Normale,Deux véhicules - frontale,,,,,,,,,,,2,1,1,1.0,1.0
201800055972,0018-03-01 18:50:00,18,3,1,18,50,973,305,RN1 - Pont de la Crique,5.01928,52.4803,Nuit avec éclairage non allumé,Hors agglomération,Hors intersection,Normale,Deux véhicules - arrière,,,,,,,,,,,4,1,1,1.0,2.0
201800055973,0018-04-10 14:15:00,18,4,10,14,15,973,305,PK 17 RN1,4.94973,52.42403,Plein jour,Hors agglomération,Intersection en X,Normale,Deux véhicules - côté,,,,,,,,,,,1,1,2,1.0,3.0
201800055974,0018-04-18 15:30:00,18,4,18,15,30,973,305,PK11 RN1 MACOURIA LIEU D,4.91513,52.3749,Plein jour,Hors agglomération,Hors intersection,Normale,Trois véhicules et plus - en chaîne,,,,,,,,,,,1,1,1,1.0,4.0
201800055975,0018-04-19 17:45:00,18,4,19,17,45,973,313,lieu-dit Quesnel Est - R,4.93404,52.50613,Plein jour,Hors agglomération,Hors intersection,Normale,Sans collision,,,,,,,,,,,1,1,1,1.0,7.0
201800055976,0018-05-03 00:20:00,18,5,3,0,20,973,305,RN1 pk 15,4.93172,52.39939,Nuit sans éclairage public,Hors agglomération,Giratoire,Normale,Autre collision,,,,,,,,,,,3,1,6,1.0,6.0
201800055977,0018-06-02 15:00:00,18,6,2,15,0,973,305,Mombin/rue jaune d'oeuf,4.93084,52.40767,Plein jour,En agglomération,Intersection en X,Normale,Deux véhicules - côté,,,,,,,,,,,1,2,2,1.0,3.0
201800055978,0018-08-12 15:30:00,18,8,12,15,30,973,305,PK31 RN1 lieu dit LA CES,5.03642,52.50512,Plein jour,Hors agglomération,Hors intersection,Normale,Autre collision,,,,,,,,,,,1,1,1,1.0,6.0
201800055979,0018-08-18 08:35:00,18,8,18,8,35,973,305,RN1,5.0602,52.53111,Plein jour,Hors agglomération,Hors intersection,Normale,Deux véhicules - frontale,,,,,,,,,,,1,1,1,1.0,1.0
201800055980,0018-09-08 22:45:00,18,9,8,22,45,973,313,Pk 000.300 CD 05,4.78484,52.42481,Nuit sans éclairage public,Hors agglomération,Hors intersection,Normale,Autre collision,,,,,,,,,,,3,1,1,1.0,6.0
201800055981,0018-09-10 08:05:00,18,9,10,8,5,973,305,RN1,4.90852,52.36868,Plein jour,Hors agglomération,Hors intersection,Normale,Deux véhicules - côté,,,,,,,,,,,1,1,1,1.0,3.0
201800055982,0018-10-07 22:12:00,18,10,7,22,12,973,305,RN 1 PK 15.5,4.93459,52.40484,Nuit avec éclairage non allumé,Hors agglomération,Giratoire,Normale,Sans collision,,,,,,,,,,,4,1,6,1.0,7.0
201800055983,0018-10-21 17:30:00,18,10,21,17,30,973,305,RN1,4.90852,52.36868,Plein jour,Hors agglomération,Hors intersection,Normale,Trois véhicules et plus - collisions multiples,,,,,,,,,,,1,1,1,1.0,5.0
201800055984,0018-10-24 17:50:00,18,10,24,17,50,973,305,PK 35 RN 01,5.0472,52.51805,Plein jour,Hors agglomération,Hors intersection,Normale,Deux véhicules - arrière,,,,,,,,,,,1,1,1,1.0,2.0
201800055985,0018-10-26 13:30:00,18,10,26,13,30,973,305,,4.98021,52.44407,Plein jour,Hors agglomération,Intersection en T,Normale,Autre collision,,,,,,,,,,,1,1,3,1.0,6.0
201800055986,0018-11-13 13:00:00,18,11,13,13,0,973,305,RN1 - PK 16+020 - Vers K,4.94189,52.4134,Plein jour,Hors agglomération,Hors intersection,Normale,Deux véhicules - arrière,,,,,,,,,,,1,1,1,1.0,2.0
201800055987,0018-11-17 16:50:00,18,11,17,16,50,973,305,03 allée des marguerites,4.97918,52.50512,Plein jour,En agglomération,Hors intersection,Normale,Autre collision,,,,,,,,,,,1,2,1,1.0,6.0
201800055988,0018-11-18 12:35:00,18,11,18,12,35,973,305,rue omer bacé,5.05276,52.5826,Plein jour,Hors agglomération,Hors intersection,Normale,Autre collision,,,,,,,,,,,1,1,1,1.0,6.0
201800055989,0018-12-05 21:45:00,18,12,5,21,45,973,305,"RN1 - PK 11,1",4.91551,52.37559,Nuit sans éclairage public,Hors agglomération,Hors intersection,Pluie forte,Trois véhicules et plus - en chaîne,,,,,,,,,,,3,1,1,3.0,4.0
201800055990,0018-12-12 22:50:00,18,12,12,22,50,973,305,PK 24 RN 1,4.98791,52.44787,Nuit sans éclairage public,Hors agglomération,Hors intersection,Normale,Deux véhicules - frontale,,,,,,,,,,,3,1,1,1.0,1.0
201800055991,0018-02-05 16:24:00,18,2,5,16,24,973,304,Crique passoura RN1,5.15027,52.70001,Plein jour,Hors agglomération,Hors intersection,Normale,Sans collision,,,,,,,,,,,1,1,1,1.0,7.0
201800055992,0018-02-14 23:40:00,18,2,14,23,40,973,304,AVENUE DE PREFONTAINE,5.15827,52.67109,Nuit sans éclairage public,En agglomération,Hors intersection,Normale,Autre collision,,,,,,,,,,,3,2,1,1.0,6.0
201800055993,0018-02-16 15:30:00,18,2,16,15,30,973,304,RN1,5.15193,52.87001,Plein jour,Hors agglomération,Hors intersection,Pluie légère,Autre collision,,,,,,,,,,,1,1,1,2.0,6.0
201800055994,0018-02-26 16:00:00,18,2,26,16,0,973,304,280 VILLAGE BONI,4.92457,52.7742,Plein jour,En agglomération,Hors intersection,Normale,Autre collision,,,,,,,,,,,1,2,1,1.0,6.0
201800055995,0018-03-09 10:30:00,18,3,9,10,30,973,304,PK 81.5 ROUTE NATIONALE,5.1523,52.8534,Plein jour,Hors agglomération,Hors intersection,Normale,Sans collision,,,,,,,,,,,1,1,1,1.0,7.0
201800055996,0018-04-15 08:30:00,18,4,15,8,30,973,304,RN1 PK 47+700,5.09895,52.62102,Plein jour,Hors agglomération,Hors intersection,Normale,Trois véhicules et plus - collisions multiples,,,,,,,,,,,1,1,1,1.0,5.0
201800055997,0018-05-09 10:00:00,18,5,9,10,0,973,304,avenue leopold Heder,5.16028,52.64322,Plein jour,En agglomération,Intersection en X,Temps couvert,Trois véhicules et plus - collisions multiples,,,,,,,,,,,1,2,2,8.0,5.0
201800055998,0018-05-13 06:20:00,18,5,13,6,20,973,304,avenue des roches,5.1612,52.62949,Crépuscule ou aube,En agglomération,Hors intersection,Normale,Autre collision,,,,,,,,,,,2,2,1,1.0,6.0
201800055999,0018-05-15 13:10:00,18,5,15,13,10,973,304,avenue Victor Hugo,5.16242,52.64496,Plein jour,En agglomération,Intersection en T,Normale,Deux véhicules - côté,,,,,,,,,,,1,2,3,1.0,3.0
201800056000,0018-06-25 07:55:00,18,6,25,7,55,973,304,AVENUE DE PARIACABO,5.15573,52.6592,Plein jour,En agglomération,Hors intersection,Normale,Deux véhicules - côté,,,,,,,,,,,1,2,1,1.0,3.0
201800056001,0018-07-03 10:30:00,18,7,3,10,30,973,304,chemin départementale n°,5.17468,52.65273,Plein jour,En agglomération,Hors intersection,Normale,Deux véhicules - frontale,,,,,,,,,,,1,2,1,1.0,1.0