accident_id,datetime,annee,mois,jour,heure,minute,departement,commune_insee,adresse,latitude,longitude,luminosite,agglomeration,intersection,meteo,collision,nb_vehicules,nb_usagers,nb_indemnes,nb_tues,nb_blesses_hosp,nb_blesses_legers,age_cond_1,age_cond_2,veh_type_cond_1,veh_type_cond_2,lum_code,agg_code,int_code,atm_code,col_code
201800056238,0018-12-22 18:30:00,18,12,22,18,30,976,603,rue de la coopérative -,12.9602,45.17406,Nuit avec éclairage non allumé,En agglomération,Hors intersection,Normale,Autre collision,,,,,,,,,,,4,2,1,1.0,6.0
201800056239,0018-01-08 07:30:00,18,1,8,7,30,973,309,route de REMIRE,4.89943,52.2738,Plein jour,En agglomération,Hors intersection,Normale,Deux véhicules - arrière,,,,,,,,,,,1,2,1,1.0,2.0
201800056240,0018-01-25 06:50:00,18,1,25,6,50,973,309,RD 2 - Attila Cabassou,4.88934,52.27564,Plein jour,En agglomération,Hors intersection,Normale,Autre collision,,,,,,,,,,,1,2,1,1.0,6.0
201800056241,0018-02-22 09:00:00,18,2,22,9,0,973,309,ROUTE DES PLAGES,4.85937,52.2598,Plein jour,Hors agglomération,Hors intersection,Normale,Autre collision,,,,,,,,,,,1,1,1,1.0,6.0
201800056242,0018-03-02 12:15:00,18,3,2,12,15,973,309,Route de Montjoly,4.9186,52.27794,Plein jour,En agglomération,Hors intersection,Normale,Trois véhicules et plus - collisions multiples,,,,,,,,,,,1,2,1,1.0,5.0
201800056243,0018-03-03 17:40:00,18,3,3,17,40,973,309,la matourienne,4.87992,52.29444,Nuit sans éclairage public,Hors agglomération,Hors intersection,Pluie légère,Autre collision,,,,,,,,,,,3,1,1,2.0,6.0
201800056244,0018-03-11 13:30:00,18,3,11,13,30,973,309,route nationale 3 route,4.87447,52.27809,Plein jour,Hors agglomération,Hors intersection,Normale,Deux véhicules - côté,,,,,,,,,,,1,1,1,1.0,3.0
201800056245,0018-04-01 17:45:00,18,4,1,17,45,973,309,route de Montjoly,4.92075,52.27987,Crépuscule ou aube,En agglomération,Hors intersection,Normale,Deux véhicules - frontale,,,,,,,,,,,2,2,1,1.0,1.0
201800056246,0018-04-13 17:50:00,18,4,13,17,50,973,309,route de Montjoly,4.92075,52.27987,Plein jour,En agglomération,Hors intersection,Normale,Deux véhicules - frontale,,,,,,,,,,,1,2,1,1.0,1.0
201800056247,0018-05-06 20:00:00,18,5,6,20,0,973,309,Carrefour Attila Cabasso,4.9011,52.30599,Nuit avec éclairage allumé,Hors agglomération,Intersection en X,Normale,Deux véhicules - frontale,,,,,,,,,,,5,1,2,1.0,1.0
201800056248,0018-05-11 17:15:00,18,5,11,17,15,973,309,face au 140 route de Rém,4.88789,52.27604,Plein jour,En agglomération,Hors intersection,Temps couvert,Trois véhicules et plus - collisions multiples,,,,,,,,,,,1,2,1,8.0,5.0
201800056249,0018-05-19 05:30:00,18,5,19,5,30,973,309,D25(exRN4),4.88248,52.29189,Nuit sans éclairage public,Hors agglomération,Hors intersection,Normale,Deux véhicules - arrière,,,,,,,,,,,3,1,1,1.0,2.0
201800056250,0018-05-21 18:45:00,18,5,21,18,45,973,309,RD2,4.88949,52.27559,Nuit sans éclairage public,Hors agglomération,Hors intersection,Normale,Autre collision,,,,,,,,,,,3,1,1,1.0,6.0
201800056251,0018-05-25 17:00:00,18,5,25,17,0,973,309,route de remire RD2,4.89943,52.2738,Plein jour,En agglomération,Hors intersection,Pluie légère,Autre collision,,,,,,,,,,,1,2,1,2.0,6.0
201800056252,0018-06-15 10:35:00,18,6,15,10,35,973,309,Avenue Gaston MONNERVILL,4.8875,52.28008,Plein jour,En agglomération,Intersection en X,Normale,Deux véhicules - côté,,,,,,,,,,,1,2,2,1.0,3.0
201800056253,0018-07-03 15:25:00,18,7,3,15,25,973,309,Route de Remire,4.91177,52.2727,Plein jour,En agglomération,Intersection en T,Normale,Deux véhicules - côté,,,,,,,,,,,1,2,3,1.0,3.0
201800056254,0018-07-03 19:50:00,18,7,3,19,50,973,309,Route de Montjoly,4.92075,52.27987,Nuit avec éclairage allumé,En agglomération,Hors intersection,Normale,Trois véhicules et plus - en chaîne,,,,,,,,,,,5,2,1,1.0,4.0
201800056255,0018-07-10 22:30:00,18,7,10,22,30,973,309,La Matourienne,4.86914,52.30971,Nuit sans éclairage public,Hors agglomération,Hors intersection,Normale,Deux véhicules - arrière,,,,,,,,,,,3,1,1,1.0,2.0
201800056256,0018-08-11 20:50:00,18,8,11,20,50,973,309,intersection RD2 - RN 3,4.8763,52.2786,Nuit sans éclairage public,Hors agglomération,Intersection en T,Normale,Trois véhicules et plus - en chaîne,,,,,,,,,,,3,1,3,1.0,4.0
201800056257,0018-08-11 20:20:00,18,8,11,20,20,973,309,intersection rue Bois Ar,4.90918,52.284,Nuit avec éclairage allumé,En agglomération,Intersection à plus de 4 branches,Normale,Deux véhicules - frontale,,,,,,,,,,,5,2,5,1.0,1.0
201800056258,0018-08-14 19:30:00,18,8,14,19,30,973,309,RD 1,4.91325,52.2733,Nuit avec éclairage allumé,En agglomération,Intersection en X,Normale,Deux véhicules - côté,,,,,,,,,,,5,2,2,1.0,3.0
201800056259,0018-08-21 12:20:00,18,8,21,12,20,973,309,D24(ex N) morne coco,4.89106,52.28844,Plein jour,En agglomération,Intersection en T,Normale,Deux véhicules - côté,,,,,,,,,,,1,2,3,1.0,3.0
201800056260,0018-08-27 13:45:00,18,8,27,13,45,973,309,D24 ex RN3  face Casse,4.8911,52.2884,Plein jour,Hors agglomération,Intersection en T,Normale,Deux véhicules - côté,,,,,,,,,,,1,1,3,1.0,3.0
201800056261,0018-09-02 05:40:00,18,9,2,5,40,973,309,Route de MONTJOLY,4.91963,52.27907,Crépuscule ou aube,En agglomération,Giratoire,Normale,Sans collision,,,,,,,,,,,2,2,6,1.0,7.0
201800056262,0018-09-05 19:00:00,18,9,5,19,0,973,309,Av.Charlery loti.Morne c,4.89787,52.2789,Nuit avec éclairage allumé,En agglomération,Intersection en T,Normale,Deux véhicules - frontale,,,,,,,,,,,5,2,3,1.0,1.0
201800056263,0018-09-05 19:35:00,18,9,5,19,35,973,309,ROUTE DE MONTJOLY,4.92075,52.27987,Nuit avec éclairage allumé,En agglomération,Hors intersection,Normale,Deux véhicules - côté,,,,,,,,,,,5,2,1,1.0,3.0
201800056264,0018-09-18 08:00:00,18,9,18,8,0,973,309,Route des plages,4.90734,52.26803,Plein jour,En agglomération,Intersection en T,Normale,Deux véhicules - côté,,,,,,,,,,,1,2,3,1.0,3.0
201800056265,0018-09-20 08:30:00,18,9,20,8,30,973,309,Route attila cabassou,4.88563,52.29661,Plein jour,Hors agglomération,Intersection en T,Normale,Deux véhicules - côté,,,,,,,,,,,1,1,3,1.0,3.0
201800056266,0018-09-21 11:00:00,18,9,21,11,0,973,309,route de Montjoly,4.92075,52.27987,Plein jour,En agglomération,Intersection en T,Normale,Deux véhicules - côté,,,,,,,,,,,1,2,3,1.0,3.0
201800056267,0018-09-27 16:40:00,18,9,27,16,40,973,309,Avenue Sainte Rita,4.91609,52.27037,Plein jour,En agglomération,Intersection en T,Normale,Autre collision,,,,,,,,,,,1,2,3,1.0,6.0
201800056268,0018-09-28 18:30:00,18,9,28,18,30,973,309,intersection route de re,4.90769,52.27285,Nuit avec éclairage allumé,En agglomération,Intersection en X,Normale,Deux véhicules - frontale,,,,,,,,,,,5,2,2,1.0,1.0
201800056269,0018-09-29 19:10:00,18,9,29,19,10,973,309,D2 /Morne coco,4.90004,52.27374,Nuit avec éclairage allumé,En agglomération,Intersection en T,Normale,Deux véhicules - côté,,,,,,,,,,,5,2,3,1.0,3.0
201800056270,0018-10-12 17:30:00,18,10,12,17,30,973,309,Avenue Léon GONTRAN DAMA,4.88587,52.28568,Plein jour,Hors agglomération,Hors intersection,Normale,Deux véhicules - arrière,,,,,,,,,,,1,1,1,1.0,2.0
201800056271,0018-10-29 16:35:00,18,10,29,16,35,973,309,Route de Montjoly - Face,4.9324,52.30825,Plein jour,En agglomération,Hors intersection,Normale,Deux véhicules - côté,,,,,,,,,,,1,2,1,1.0,3.0
201800056272,0018-11-20 19:30:00,18,11,20,19,30,973,309,avenue gaston monnervill,4.88754,52.28064,Nuit avec éclairage allumé,En agglomération,Hors intersection,Normale,Trois véhicules et plus - en chaîne,,,,,,,,,,,5,2,1,1.0,4.0
201800056273,0018-11-22 08:00:00,18,11,22,8,0,973,309,ROUTE DE MONTJOLY,4.92075,52.27987,Plein jour,En agglomération,Intersection en T,Normale,Deux véhicules - frontale,,,,,,,,,,,1,2,3,1.0,1.0
201800056274,0018-12-07 19:42:00,18,12,7,19,42,973,309,route de MONTJOLY,4.92075,52.27987,Nuit sans éclairage public,En agglomération,Hors intersection,Temps couvert,Deux véhicules - côté,,,,,,,,,,,3,2,1,8.0,3.0
201800056275,0018-12-09 14:30:00,18,12,9,14,30,973,309,route de rémire,4.91534,52.27509,Plein jour,En agglomération,Hors intersection,Normale,Deux véhicules - côté,,,,,,,,,,,1,2,1,1.0,3.0
201800056276,0018-12-15 22:20:00,18,12,15,22,20,973,309,route de Rémire,4.90773,52.27282,Nuit avec éclairage allumé,En agglomération,Intersection en X,Normale,Deux véhicules - côté,,,,,,,,,,,5,2,2,1.0,3.0
201800056277,0018-03-22 17:00:00,18,3,22,17,0,974,415,Intersection chemin Lall,21.05004,55.31263,Plein jour,Hors agglomération,Intersection en Y,Normale,Deux véhicules - frontale,,,,,,,,,,,1,1,4,1.0,1.0
201800056278,0018-04-10 06:20:00,18,4,10,6,20,974,415,Che lambert - Sans Souci,20.97439,55.32834,Plein jour,Hors agglomération,Hors intersection,Normale,Deux véhicules - arrière,,,,,,,,,,,1,1,1,1.0,2.0
201800056279,0018-08-02 16:20:00,18,8,2,16,20,974,415,Rue Leconte Delisle,20.98345,55.33412,Plein jour,En agglomération,Intersection en T,Normale,Deux véhicules - côté,,,,,,,,,,,1,2,3,1.0,3.0
201800056280,0018-12-08 20:30:00,18,12,8,20,30,974,415,Route Départementale 4,21.00353,55.32313,Nuit avec éclairage allumé,En agglomération,Hors intersection,Normale,Deux véhicules - frontale,,,,,,,,,,,5,2,1,1.0,1.0
201800056281,0018-12-28 15:15:00,18,12,28,15,15,974,415,Rue Leconte Delisle,20.9851,55.33403,Plein jour,En agglomération,Hors intersection,Normale,Sans collision,,,,,,,,,,,1,2,1,1.0,7.0
201800056282,0018-04-17 06:40:00,18,4,17,6,40,971,106,RN 2 - HAUT MALENDURE,16.16264,61.77494,Plein jour,Hors agglomération,Hors intersection,Normale,Deux véhicules - arrière,,,,,,,,,,,1,1,1,1.0,2.0
201800056283,0018-01-07 04:15:00,18,1,7,4,15,973,307,6 Rue Georges Palmot,4.85129,52.33046,Nuit avec éclairage allumé,En agglomération,Hors intersection,Pluie légère,Autre collision,,,,,,,,,,,5,2,1,2.0,6.0
201800056284,0018-01-12 16:35:00,18,1,12,16,35,973,307,1065 rue champ de cannes,4.88185,52.32103,Plein jour,En agglomération,Hors intersection,Normale,Autre collision,,,,,,,,,,,1,2,1,1.0,6.0
201800056285,0018-01-22 21:30:00,18,1,22,21,30,973,307,Rue du champs de cannes,4.88177,52.32102,Nuit sans éclairage public,En agglomération,Hors intersection,Normale,Autre collision,,,,,,,,,,,3,2,1,1.0,6.0
201800056286,0018-01-23 07:15:00,18,1,23,7,15,973,307,Intersection rue quadril,4.88555,52.34511,Plein jour,En agglomération,Intersection en X,Pluie légère,Trois véhicules et plus - collisions multiples,,,,,,,,,,,1,2,2,2.0,5.0
201800056287,0018-01-25 16:15:00,18,1,25,16,15,973,307,RN 1 sur le pont de l'éc,4.89109,52.33296,Plein jour,Hors agglomération,Hors intersection,Normale,Deux véhicules - côté,,,,,,,,,,,1,1,1,1.0,3.0
201800056288,0018-02-01 08:10:00,18,2,1,8,10,973,307,RN 2 PK 3.500,4.86033,52.33366,Plein jour,Hors agglomération,Hors intersection,Pluie forte,Deux véhicules - côté,,,,,,,,,,,1,1,1,3.0,3.0
201800056289,0018-02-02 20:05:00,18,2,2,20,5,973,307,rue zanma,4.87204,52.32515,Nuit sans éclairage public,En agglomération,Hors intersection,Normale,Autre collision,,,,,,,,,,,3,2,1,1.0,6.0
201800056290,0018-02-16 21:10:00,18,2,16,21,10,973,307,Route Nationale 4,4.83243,52.33953,Nuit sans éclairage public,Hors agglomération,Hors intersection,Normale,Deux véhicules - côté,,,,,,,,,,,3,1,1,1.0,3.0
201800056291,0018-02-28 07:30:00,18,2,28,7,30,973,307,Angle du 126 rue des orc,4.85108,52.32386,Plein jour,En agglomération,Intersection en T,Normale,Deux véhicules - frontale,,,,,,,,,,,1,2,3,1.0,1.0
201800056292,0018-03-03 17:20:00,18,3,3,17,20,973,307,CD 6 route de stoupan à,4.78814,52.35217,Plein jour,Hors agglomération,Intersection en T,Pluie légère,Deux véhicules - côté,,,,,,,,,,,1,1,3,2.0,3.0
201800056293,0018-03-13 15:25:00,18,3,13,15,25,973,307,ZI LARIVOT,4.89505,52.3307,Plein jour,Hors agglomération,Intersection en T,Normale,Deux véhicules - côté,,,,,,,,,,,1,1,3,1.0,3.0
201800056294,0018-03-21 20:00:00,18,3,21,20,0,973,307,sortie RN1,4.89122,52.33275,Nuit avec éclairage allumé,En agglomération,Hors intersection,Normale,Deux véhicules - côté,,,,,,,,,,,5,2,1,1.0,3.0
201800056295,0018-03-31 10:15:00,18,3,31,10,15,973,307,Av Raoul roumillac,4.84571,52.3287,Plein jour,En agglomération,Hors intersection,Normale,Autre collision,,,,,,,,,,,1,2,1,1.0,6.0
201800056296,0018-04-11 11:50:00,18,4,11,11,50,973,307,Ex RN4/av F.Eboue,4.8482,52.31607,Plein jour,Hors agglomération,Intersection en T,Normale,Deux véhicules - côté,,,,,,,,,,,1,1,3,1.0,3.0
201800056297,0018-04-15 20:55:00,18,4,15,20,55,973,307,Matourienne RN 4,4.86812,52.31037,Nuit sans éclairage public,Hors agglomération,Hors intersection,Normale,Autre collision,,,,,,,,,,,3,1,1,1.0,6.0
201800056298,0018-04-16 15:55:00,18,4,16,15,55,973,307,rude la distillerie,4.87252,52.32169,Plein jour,En agglomération,Hors intersection,Normale,Autre collision,,,,,,,,,,,1,2,1,1.0,6.0
201800056299,0018-04-19 19:15:00,18,4,19,19,15,973,307,rue Kalina,4.88408,52.33595,Nuit avec éclairage allumé,En agglomération,Intersection en X,Pluie forte,Sans collision,,,,,,,,,,,5,2,2,3.0,7.0
201800056300,0018-05-05 20:15:00,18,5,5,20,15,973,307,RN 2 intersection de la,4.87605,52.33727,Nuit avec éclairage allumé,En agglomération,Intersection en T,Normale,Trois véhicules et plus - collisions multiples,,,,,,,,,,,5,2,3,1.0,5.0
201800056301,0018-05-20 23:50:00,18,5,20,23,50,973,307,RN2 face café chaulet,4.82468,52.33927,Nuit sans éclairage public,En agglomération,Autre intersection,Pluie légère,Sans collision,,,,,,,,,,,3,2,9,2.0,7.0
201800056302,0018-05-21 19:15:00,18,5,21,19,15,973,307,RN2 PK 2 + 400,4.87043,52.33665,Nuit avec éclairage allumé,Hors agglomération,Hors intersection,Pluie légère,Sans collision,,,,,,,,,,,5,1,1,2.0,7.0
201800056303,0018-05-25 08:45:00,18,5,25,8,45,973,307,Intersection rue Simarou,4.88695,52.34049,Plein jour,En agglomération,Intersection en X,Normale,Deux véhicules - côté,,,,,,,,,,,1,2,2,1.0,3.0
201800056304,0018-06-03 06:30:00,18,6,3,6,30,973,307,RN2,4.88698,52.33503,Plein jour,En agglomération,Hors intersection,Pluie légère,Deux véhicules - frontale,,,,,,,,,,,1,2,1,2.0,1.0
201800056305,0018-06-05 16:10:00,18,6,5,16,10,973,307,Route de la distillerie,4.87461,52.33133,Plein jour,En agglomération,Hors intersection,Normale,Deux véhicules - côté,,,,,,,,,,,1,2,1,1.0,3.0
201800056306,0018-06-09 09:15:00,18,6,9,9,15,973,307,RN1 - Entre PK 7 et PK 8,4.89312,52.35254,Plein jour,Hors agglomération,Hors intersection,Normale,Deux véhicules - côté,,,,,,,,,,,1,1,1,1.0,3.0
201800056307,0018-06-11 09:50:00,18,6,11,9,50,973,307,RN 1 PK 7 +140,4.89263,52.35014,Plein jour,Hors agglomération,Hors intersection,Pluie légère,Deux véhicules - frontale,,,,,,,,,,,1,1,1,2.0,1.0
201800056308,0018-06-26 11:15:00,18,6,26,11,15,973,307,RN 1 PK 9.8 - Pont Le La,4.90688,52.36732,Plein jour,Hors agglomération,Hors intersection,Normale,Deux véhicules - frontale,,,,,,,,,,,1,1,1,1.0,1.0
201800056309,0018-07-04 07:45:00,18,7,4,7,45,973,307,route de stoupan CD6 PK,4.77465,52.33883,Plein jour,Hors agglomération,Hors intersection,Normale,Autre collision,,,,,,,,,,,1,1,1,1.0,6.0
201800056310,0018-07-15 22:15:00,18,7,15,22,15,973,307,"Route nationale 2, PK 0+",4.88716,52.33504,Nuit avec éclairage allumé,En agglomération,Intersection en T,Normale,Deux véhicules - côté,,,,,,,,,,,5,2,3,1.0,3.0
201800056311,0018-07-20 15:30:00,18,7,20,15,30,973,307,1558 chemin de la chaumi,4.8841,52.35922,Plein jour,En agglomération,Hors intersection,Normale,Deux véhicules - côté,,,,,,,,,,,1,2,1,1.0,3.0
201800056312,0018-07-26 16:15:00,18,7,26,16,15,973,307,RUE SIMAROUBA,4.88698,52.34049,Plein jour,En agglomération,Intersection en X,Normale,Deux véhicules - côté,,,,,,,,,,,1,2,2,1.0,3.0
201800056313,0018-08-02 11:55:00,18,8,2,11,55,973,307,RN 2,4.88931,52.33385,Plein jour,En agglomération,Hors intersection,Normale,Deux véhicules - côté,,,,,,,,,,,1,2,1,1.0,3.0
201800056314,0018-08-09 22:30:00,18,8,9,22,30,973,307,RN4 PK6,4.83664,52.34408,Nuit sans éclairage public,Hors agglomération,Hors intersection,Normale,Deux véhicules - arrière,,,,,,,,,,,3,1,1,1.0,2.0
201800056315,0018-08-09 19:50:00,18,8,9,19,50,973,307,Lieu dit Panamara,4.83252,52.33954,Nuit sans éclairage public,Hors agglomération,Intersection en T,Normale,Deux véhicules - côté,,,,,,,,,,,3,1,3,1.0,3.0
201800056316,0018-08-18 17:00:00,18,8,18,17,0,973,307,Chemin Morthium,4.84188,52.32859,Plein jour,En agglomération,Hors intersection,Normale,Sans collision,,,,,,,,,,,1,2,1,1.0,7.0
201800056317,0018-08-30 22:25:00,18,8,30,22,25,973,307,départementale n°6,4.77029,52.33915,Nuit sans éclairage public,Hors agglomération,Hors intersection,Normale,Deux véhicules - arrière,,,,,,,,,,,3,1,1,1.0,2.0
201800056318,0018-08-31 13:15:00,18,8,31,13,15,973,307,Parking du Larivot - Lot,4.89476,52.33152,Plein jour,En agglomération,Hors intersection,Normale,Autre collision,,,,,,,,,,,1,2,1,1.0,6.0
201800056319,0018-09-07 19:20:00,18,9,7,19,20,973,307,Rue Georges Palmot,4.85121,52.33035,Nuit avec éclairage allumé,En agglomération,Hors intersection,Normale,Deux véhicules - arrière,,,,,,,,,,,5,2,1,1.0,2.0
201800056320,0018-09-23 06:30:00,18,9,23,6,30,973,307,Croisement Rue Débote et,4.88628,52.34275,Crépuscule ou aube,En agglomération,Intersection en T,Normale,Autre collision,,,,,,,,,,,2,2,3,1.0,6.0
201800056321,0018-10-04 13:40:00,18,10,4,13,40,973,307,D25 Ex N4,4.83697,52.34142,Plein jour,Hors agglomération,Hors intersection,Normale,Deux véhicules - côté,,,,,,,,,,,1,1,1,1.0,3.0
201800056322,0018-10-05 17:40:00,18,10,5,17,40,973,307,route nationale 2,4.83145,52.33957,Plein jour,En agglomération,Intersection en T,Normale,Deux véhicules - frontale,,,,,,,,,,,1,2,3,1.0,1.0
201800056323,0018-10-07 04:45:00,18,10,7,4,45,973,307,Nationale 2,4.80881,52.35824,Nuit sans éclairage public,Hors agglomération,Hors intersection,Normale,Sans collision,,,,,,,,,,,3,1,1,1.0,7.0
201800056324,0018-10-23 17:45:00,18,10,23,17,45,973,307,Rue Arouman - Cogneau La,4.88347,52.31761,Plein jour,En agglomération,Hors intersection,Normale,Deux véhicules - frontale,,,,,,,,,,,1,2,1,1.0,1.0
201800056325,0018-11-04 01:00:00,18,11,4,1,0,973,307,rue des négociants,4.8735,52.3223,Nuit avec éclairage allumé,En agglomération,Hors intersection,Normale,Autre collision,,,,,,,,,,,5,2,1,1.0,6.0
201800056326,0018-11-13 16:55:00,18,11,13,16,55,973,307,Pk 7 route nationale 1,4.89226,52.34848,Plein jour,Hors agglomération,Hors intersection,Normale,Deux véhicules - côté,,,,,,,,,,,1,1,1,1.0,3.0
201800056327,0018-11-23 19:00:00,18,11,23,19,0,973,307,CHEMIN DE STOUPAN,4.77945,52.34416,Nuit sans éclairage public,Hors agglomération,Hors intersection,Normale,Autre collision,,,,,,,,,,,3,1,1,1.0,6.0
201800056328,0018-12-04 15:30:00,18,12,4,15,30,973,307,RD25(exRN 4 PK 9),4.86034,52.31194,Plein jour,Hors agglomération,Hors intersection,Normale,Deux véhicules - côté,,,,,,,,,,,1,1,1,1.0,3.0
201800056329,0018-12-23 19:30:00,18,12,23,19,30,973,307,Rue de la distillerie -,4.83005,52.34285,Nuit avec éclairage allumé,En agglomération,Hors intersection,Normale,Deux véhicules - arrière,,,,,,,,,,,5,2,1,1.0,2.0
201800056330,0018-12-31 12:50:00,18,12,31,12,50,973,307,RN 1 PK 5 +300,4.83217,52.33947,Plein jour,Hors agglomération,Hors intersection,Normale,Deux véhicules - arrière,,,,,,,,,,,1,1,1,1.0,2.0
201800056331,0018-01-11 12:15:00,18,1,11,12,15,974,415,route D6,21.03084,55.27047,Plein jour,En agglomération,Giratoire,Pluie forte,Deux véhicules - côté,,,,,,,,,,,1,2,6,3.0,3.0
201800056332,0018-05-08 23:00:00,18,5,8,23,0,974,415,Route Départementale 101,21.06005,55.2763,Nuit sans éclairage public,Hors agglomération,Hors intersection,Normale,Autre collision,,,,,,,,,,,3,1,1,1.0,6.0
201800056333,0018-07-07 06:00:00,18,7,7,6,0,974,415,Rue Barquisseau,21.04353,55.26768,Nuit avec éclairage allumé,En agglomération,Hors intersection,Normale,Autre collision,,,,,,,,,,,5,2,1,1.0,6.0
201800056334,0018-07-29 11:50:00,18,7,29,11,50,974,415,ligne chereau,21.02377,55.29324,Plein jour,Hors agglomération,Hors intersection,Normale,Autre collision,,,,,,,,,,,1,1,1,1.0,6.0
201800056335,0018-10-12 04:15:00,18,10,12,4,15,974,415,RN 1 Pk 33 sens St PIERR,21.03935,55.24863,Nuit sans éclairage public,Hors agglomération,Hors intersection,Normale,Deux véhicules - arrière,,,,,,,,,,,3,1,1,1.0,2.0
201800056336,0018-01-04 08:58:00,18,1,4,8,58,974,415,Route du théatre,21.04199,55.24083,Plein jour,Hors agglomération,Hors intersection,Pluie légère,Deux véhicules - frontale,,,,,,,,,,,1,1,1,2.0,1.0
201800056337,0018-02-16 14:20:00,18,2,16,14,20,974,415,RN7 intersection route d,20.9731,55.29668,Plein jour,Hors agglomération,Intersection en T,Normale,Deux véhicules - côté,,,,,,,,,,,1,1,3,1.0,3.0
201800056338,0018-02-28 09:00:00,18,2,28,9,0,974,415,boulevard jacob de la ha,20.99131,55.28596,Plein jour,En agglomération,Autre intersection,Normale,Deux véhicules - côté,,,,,,,,,,,1,2,9,1.0,3.0
201800056339,0018-05-06 05:30:00,18,5,6,5,30,974,413,Rue du Général LAMBERT,21.16306,55.28816,Crépuscule ou aube,En agglomération,Hors intersection,Normale,Deux véhicules - frontale,,,,,,,,,,,2,2,1,1.0,1.0
201800056340,0018-07-02 15:05:00,18,7,2,15,5,974,415,Face au n° 1 rue Bernard,21.02663,55.28673,Plein jour,En agglomération,Hors intersection,Normale,Autre collision,,,,,,,,,,,1,2,1,1.0,6.0
201800056341,0018-02-14 23:25:00,18,2,14,23,25,974,413,Devant l'hôtel de ville,21.16306,55.28816,Nuit avec éclairage allumé,En agglomération,Hors intersection,Normale,Autre collision,,,,,,,,,,,5,2,1,1.0,6.0
201800056342,0018-02-12 18:00:00,18,2,12,18,0,974,413,rue pierre deguigné,21.22159,55.30719,Plein jour,En agglomération,Intersection en X,Normale,Deux véhicules - côté,,,,,,,,,,,1,2,2,1.0,3.0
201800056343,0018-06-09 00:25:00,18,6,9,0,25,974,413,300 rue Georges Pompidou,21.14196,55.29068,Nuit sans éclairage public,Hors agglomération,Hors intersection,Normale,Autre collision,,,,,,,,,,,3,1,1,1.0,6.0
201800056344,0018-03-15 19:35:00,18,3,15,19,35,974,413,139 rue du musée,21.20178,55.29444,Nuit avec éclairage allumé,En agglomération,Hors intersection,Normale,Autre collision,,,,,,,,,,,5,2,1,1.0,6.0
201800056345,0018-03-21 07:00:00,18,3,21,7,0,974,413,RD 11 rue du musée,21.19913,55.29341,Plein jour,En agglomération,Intersection en T,Normale,Deux véhicules - arrière,,,,,,,,,,,1,2,3,1.0,2.0
201800056346,0018-03-26 15:30:00,18,3,26,15,30,974,413,Intersection CD11 / CD 1,21.16611,55.33335,Plein jour,En agglomération,Hors intersection,Normale,Deux véhicules - côté,,,,,,,,,,,1,2,1,1.0,3.0
201800056347,0018-04-07 18:00:00,18,4,7,18,0,974,413,Rue du Général Lambert,21.18013,55.28795,Nuit avec éclairage allumé,En agglomération,Hors intersection,Normale,Sans collision,,,,,,,,,,,5,2,1,1.0,7.0
201800056348,0018-05-01 12:15:00,18,5,1,12,15,974,413,103 RD 11,21.19742,55.29278,Plein jour,En agglomération,Hors intersection,Normale,Autre collision,,,,,,,,,,,1,2,1,1.0,6.0
201800056349,0018-05-04 18:30:00,18,5,4,18,30,974,413,101 RN1A - Rav la Veuve,21.23387,55.29975,Nuit sans éclairage public,Hors agglomération,Autre intersection,Normale,Deux véhicules - côté,,,,,,,,,,,3,1,9,1.0,3.0
201800056350,0018-07-12 22:30:00,18,7,12,22,30,974,413,Rue du Général de Gaulle,21.15692,55.28419,Nuit sans éclairage public,Hors agglomération,Hors intersection,Normale,Autre collision,,,,,,,,,,,3,1,1,1.0,6.0
201800056351,0018-07-17 09:10:00,18,7,17,9,10,974,413,4 rue Adrien Lagourgue,21.21392,55.30407,Plein jour,En agglomération,Hors intersection,Normale,Autre collision,,,,,,,,,,,1,2,1,1.0,6.0
201800056352,0018-08-03 10:15:00,18,8,3,10,15,974,413,RN1 A - Le Souffleur,21.2266,55.29315,Plein jour,Hors agglomération,Hors intersection,Normale,Deux véhicules - arrière,,,,,,,,,,,1,1,1,1.0,2.0
201800056353,0018-09-25 16:15:00,18,9,25,16,15,974,413,CD 3 - PK 129 + 600 - RA,21.16611,55.33335,Plein jour,Hors agglomération,Hors intersection,Normale,Deux véhicules - côté,,,,,,,,,,,1,1,1,1.0,3.0
201800056354,0018-11-28 07:30:00,18,11,28,7,30,974,413,Rd point Portail St Leu,21.21791,55.29929,Plein jour,Hors agglomération,Giratoire,Normale,Autre collision,,,,,,,,,,,1,1,6,1.0,6.0
201800056355,0018-11-30 18:45:00,18,11,30,18,45,974,413,17 chemin Paul et Pierre,21.19145,55.30183,Crépuscule ou aube,En agglomération,Hors intersection,Normale,Sans collision,,,,,,,,,,,2,2,1,1.0,7.0