accident_id,datetime,annee,mois,jour,heure,minute,departement,commune_insee,adresse,latitude,longitude,luminosite,agglomeration,intersection,meteo,collision,nb_vehicules,nb_usagers,nb_indemnes,nb_tues,nb_blesses_hosp,nb_blesses_legers,age_cond_1,age_cond_2,veh_type_cond_1,veh_type_cond_2,lum_code,agg_code,int_code,atm_code,col_code
201800056356,0018-12-01 18:10:00,18,12,1,18,10,974,413,RN 1 Route des Tamarins,21.21742,55.29727,Plein jour,Hors agglomération,Hors intersection,Normale,Autre collision,,,,,,,,,,,1,1,1,1.0,6.0
201800056357,0018-12-09 03:30:00,18,12,9,3,30,974,413,RN1,21.22958,55.30975,Nuit sans éclairage public,Hors agglomération,Hors intersection,Normale,Autre collision,,,,,,,,,,,3,1,1,1.0,6.0
201800056358,0018-12-16 01:35:00,18,12,16,1,35,974,413,132 rue du général lambe,21.17066,55.28809,Nuit avec éclairage non allumé,En agglomération,Hors intersection,Normale,Autre collision,,,,,,,,,,,4,2,1,1.0,6.0
201800056359,0018-09-14 13:40:00,18,9,14,13,40,973,306,RN1 - PR 205+130,5.41151,53.62792,Plein jour,Hors agglomération,Hors intersection,Normale,Deux véhicules - frontale,,,,,,,,,,,1,1,1,1.0,1.0
201800056360,0018-11-20 14:35:00,18,11,20,14,35,973,311,avenue Christophe COLOMB,5.49175,54.0319,Plein jour,En agglomération,Hors intersection,Normale,Autre collision,,,,,,,,,,,1,2,1,1.0,6.0
201800056361,0018-03-26 12:05:00,18,3,26,12,5,971,109,RN1,15.99521,61.69402,Plein jour,En agglomération,Intersection en T,Normale,Deux véhicules - côté,,,,,,,,,,,1,2,3,1.0,3.0
201800056362,0018-05-30 16:15:00,18,5,30,16,15,971,109,RN 01 - lieu dit DOS D'A,15.98478,61.70614,Plein jour,Hors agglomération,Hors intersection,Normale,Deux véhicules - frontale,,,,,,,,,,,1,1,1,1.0,1.0
201800056363,0018-06-05 16:41:00,18,6,5,16,41,971,109,RN1 Section SAINT CHARLE,16.00025,61.69445,Plein jour,Hors agglomération,Hors intersection,Temps éblouissant,Sans collision,,,,,,,,,,,1,1,1,7.0,7.0
201800056364,0018-10-27 09:20:00,18,10,27,9,20,971,109,D6 RIVIÈRE SENS,15.96185,61.70769,Plein jour,Hors agglomération,Hors intersection,Normale,Deux véhicules - frontale,,,,,,,,,,,1,1,1,1.0,1.0
201800056365,0018-11-17 01:45:00,18,11,17,1,45,971,109,RN1,15.9969,61.69425,Nuit avec éclairage allumé,En agglomération,Hors intersection,Normale,Autre collision,,,,,,,,,,,5,2,1,1.0,6.0
201800056366,0018-11-23 17:05:00,18,11,23,17,5,971,109,"rue morne cadet, champs",15.98129,61.68064,Plein jour,En agglomération,Hors intersection,Normale,Deux véhicules - frontale,,,,,,,,,,,1,2,1,1.0,1.0
201800056367,0018-01-01 07:10:00,18,1,1,7,10,974,414,Rue Verval,21.2721,55.45093,Plein jour,En agglomération,Hors intersection,Normale,Deux véhicules - frontale,,,,,,,,,,,1,2,1,1.0,1.0
201800056368,0018-02-02 08:00:00,18,2,2,8,0,974,414,rue du cimetière,21.26675,55.43604,Plein jour,En agglomération,Intersection en T,Temps éblouissant,Autre collision,,,,,,,,,,,1,2,3,7.0,6.0
201800056369,0018-03-07 19:10:00,18,3,7,19,10,974,414,CD20,21.27922,55.41315,Nuit avec éclairage allumé,En agglomération,Giratoire,Normale,Trois véhicules et plus - collisions multiples,,,,,,,,,,,5,2,6,1.0,5.0
201800056370,0018-04-12 07:20:00,18,4,12,7,20,974,414,Avenue de la gare,21.29064,55.40581,Crépuscule ou aube,En agglomération,Hors intersection,Normale,Autre collision,,,,,,,,,,,2,2,1,1.0,6.0
201800056371,0018-04-17 19:20:00,18,4,17,19,20,974,414,Chemin Kerveguen,21.28283,55.43704,Nuit avec éclairage allumé,En agglomération,Intersection en X,Pluie légère,Deux véhicules - côté,,,,,,,,,,,5,2,2,2.0,3.0
201800056372,0018-04-19 17:20:00,18,4,19,17,20,974,414,29 Rue Georges Paulin,21.26578,55.43744,Plein jour,En agglomération,Hors intersection,Normale,Deux véhicules - côté,,,,,,,,,,,1,2,1,1.0,3.0
201800056373,0018-05-05 01:00:00,18,5,5,1,0,974,414,Chemin la Ouette,21.27174,55.43439,Nuit avec éclairage non allumé,En agglomération,Hors intersection,Normale,Autre collision,,,,,,,,,,,4,2,1,1.0,6.0
201800056374,0018-05-08 13:30:00,18,5,8,13,30,974,414,Route Nationale 2001,21.27532,55.39282,Plein jour,Hors agglomération,Hors intersection,Normale,Sans collision,,,,,,,,,,,1,1,1,1.0,7.0
201800056375,0018-06-08 12:00:00,18,6,8,12,0,974,414,119 rue du Dr Schweitzer,21.26957,55.44854,Plein jour,En agglomération,Hors intersection,Normale,Autre collision,,,,,,,,,,,1,2,1,1.0,6.0
201800056376,0018-07-07 19:30:00,18,7,7,19,30,974,414,Rue Auguste larre,21.28064,55.41911,Crépuscule ou aube,En agglomération,Hors intersection,Normale,Sans collision,,,,,,,,,,,2,2,1,1.0,7.0
201800056377,0018-08-09 14:20:00,18,8,9,14,20,974,414,Route nationale 1,21.28214,55.38849,Plein jour,Hors agglomération,Hors intersection,Normale,Deux véhicules - arrière,,,,,,,,,,,1,1,1,1.0,2.0
201800056378,0018-08-10 14:55:00,18,8,10,14,55,974,414,3 rue des jamblons,21.27881,55.41842,Plein jour,En agglomération,Autre intersection,Normale,Autre collision,,,,,,,,,,,1,2,9,1.0,6.0
201800056379,0018-08-16 07:45:00,18,8,16,7,45,974,414,96 rue Leconte de Lisle,21.27121,55.41419,Plein jour,En agglomération,Hors intersection,Normale,Autre collision,,,,,,,,,,,1,2,1,1.0,6.0
201800056380,0018-09-04 09:45:00,18,9,4,9,45,974,414,Rue du Père Laporte,21.26501,55.43854,Plein jour,En agglomération,Hors intersection,Normale,Autre collision,,,,,,,,,,,1,2,1,1.0,6.0
201800056381,0018-09-06 09:30:00,18,9,6,9,30,974,414,Rue Lambert,21.28573,55.40909,Plein jour,En agglomération,Intersection en X,Normale,Autre collision,,,,,,,,,,,1,2,2,1.0,6.0
201800056382,0018-10-07 09:30:00,18,10,7,9,30,974,414,Rue du Verval,21.27399,55.45157,Plein jour,En agglomération,Hors intersection,Normale,Autre collision,,,,,,,,,,,1,2,1,1.0,6.0
201800056383,0018-10-10 15:25:00,18,10,10,15,25,974,414,Inter rue de Chine/Av,21.28995,55.40637,Plein jour,En agglomération,Intersection en X,Normale,Deux véhicules - côté,,,,,,,,,,,1,2,2,1.0,3.0
201800056384,0018-10-15 23:45:00,18,10,15,23,45,974,414,inter RN5 - Ch Purisies,21.28247,55.42963,Nuit sans éclairage public,En agglomération,Intersection en X,Normale,Deux véhicules - côté,,,,,,,,,,,3,2,2,1.0,3.0
201800056385,0018-12-02 19:00:00,18,12,2,19,0,974,414,62 rue Julius Bassonvill,21.28712,55.41658,Crépuscule ou aube,En agglomération,Hors intersection,Normale,Autre collision,,,,,,,,,,,2,2,1,1.0,6.0
201800056386,0018-12-15 16:00:00,18,12,15,16,0,974,414,rue calmette et guerin,21.26085,55.43151,Plein jour,En agglomération,Intersection en T,Normale,Autre collision,,,,,,,,,,,1,2,3,1.0,6.0
201800056387,0018-12-17 17:00:00,18,12,17,17,0,974,414,Chemin La Ouette,21.2722,55.43647,Plein jour,En agglomération,Hors intersection,Normale,Deux véhicules - frontale,,,,,,,,,,,1,2,1,1.0,1.0
201800056388,0018-01-04 13:15:00,18,1,4,13,15,974,410,rue Sarda Gariga,21.07966,55.69957,Plein jour,En agglomération,Hors intersection,Pluie légère,Deux véhicules - côté,,,,,,,,,,,1,2,1,2.0,3.0
201800056389,0018-02-13 16:15:00,18,2,13,16,15,974,410,RN2 - Beaufonds,21.05311,55.72607,Plein jour,Hors agglomération,Intersection en T,Normale,Deux véhicules - côté,,,,,,,,,,,1,1,3,1.0,3.0
201800056390,0018-03-07 19:00:00,18,3,7,19,0,974,410,ROUTE NATIONALE 2,21.0801,55.74494,Nuit avec éclairage allumé,En agglomération,Intersection en T,Normale,Autre collision,,,,,,,,,,,5,2,3,1.0,6.0
201800056391,0018-03-14 19:10:00,18,3,14,19,10,974,410,Rue Lucien Duchemann,21.0381,55.71749,Nuit avec éclairage allumé,En agglomération,Intersection en T,Pluie légère,Autre collision,,,,,,,,,,,5,2,3,2.0,6.0
201800056392,0018-07-27 23:45:00,18,7,27,23,45,974,410,Ravine sèche,21.05327,55.72698,Nuit sans éclairage public,Hors agglomération,Hors intersection,Normale,Deux véhicules - arrière,,,,,,,,,,,3,1,1,1.0,2.0
201800056393,0018-08-05 15:30:00,18,8,5,15,30,974,410,RD 54,21.04611,55.71135,Plein jour,En agglomération,Intersection en T,Normale,Deux véhicules - frontale,,,,,,,,,,,1,2,3,1.0,1.0
201800056394,0018-10-16 13:15:00,18,10,16,13,15,974,410,Route Nationale 2,21.05316,55.72613,Plein jour,Hors agglomération,Intersection en T,Normale,Deux véhicules - côté,,,,,,,,,,,1,1,3,1.0,3.0
201800056395,0018-12-20 02:55:00,18,12,20,2,55,974,410,RN2,21.00618,55.69686,Nuit sans éclairage public,Hors agglomération,Hors intersection,Normale,Autre collision,,,,,,,,,,,3,1,1,1.0,6.0
201800056396,0018-12-27 15:50:00,18,12,27,15,50,974,410,"RN2, PK 45 +700",21.07966,55.69958,Plein jour,Hors agglomération,Hors intersection,Pluie légère,Deux véhicules - frontale,,,,,,,,,,,1,1,1,2.0,1.0
201800056397,0018-12-28 21:45:00,18,12,28,21,45,974,410,393 les orangers,21.11385,55.74825,Nuit sans éclairage public,En agglomération,Hors intersection,Normale,Sans collision,,,,,,,,,,,3,2,1,1.0,7.0
201800056398,0018-05-01 13:50:00,18,5,1,13,50,972,205,route nationale 2,,,Plein jour,En agglomération,Hors intersection,Normale,Deux véhicules - frontale,,,,,,,,,,,1,2,1,1.0,1.0
201800056399,0018-07-16 19:40:00,18,7,16,19,40,972,234,RN2,14.66672,61.15836,Nuit sans éclairage public,En agglomération,Hors intersection,Normale,Deux véhicules - frontale,,,,,,,,,,,3,2,1,1.0,1.0
201800056400,0018-07-19 11:05:00,18,7,19,11,5,972,229,64 route de l'enclos,14.62519,61.10287,Plein jour,En agglomération,Autre intersection,Pluie légère,Autre collision,,,,,,,,,,,1,2,9,2.0,6.0
201800056401,0018-08-09 17:25:00,18,8,9,17,25,972,229,RN2- anse collat,14.6196,61.10496,Plein jour,En agglomération,Hors intersection,Normale,Autre collision,,,,,,,,,,,1,2,1,1.0,6.0
201800056402,0018-08-27 18:40:00,18,8,27,18,40,972,205,intersection RN2 - voie,14.64272,61.13684,Nuit sans éclairage public,En agglomération,Autre intersection,Pluie légère,Deux véhicules - côté,,,,,,,,,,,3,2,9,2.0,3.0
201800056403,0018-08-27 07:45:00,18,8,27,7,45,972,205,RN2 le bourg,14.64269,61.1368,Plein jour,En agglomération,Hors intersection,Pluie légère,Deux véhicules - côté,,,,,,,,,,,1,2,1,2.0,3.0
201800056404,0018-10-10 16:30:00,18,10,10,16,30,972,205,RN 2,14.64582,61.13872,Plein jour,En agglomération,Hors intersection,Normale,Deux véhicules - côté,,,,,,,,,,,1,2,1,1.0,3.0
201800056405,0018-11-24 18:20:00,18,11,24,18,20,972,229,rue du stade,14.61914,61.10186,Nuit avec éclairage allumé,En agglomération,Hors intersection,Normale,Autre collision,,,,,,,,,,,5,2,1,1.0,6.0
201800056406,0018-12-30 11:50:00,18,12,30,11,50,972,229,enclos,14.61873,61.10163,Plein jour,En agglomération,Hors intersection,Pluie forte,Deux véhicules - frontale,,,,,,,,,,,1,2,1,3.0,1.0
201800056407,0018-02-19 07:45:00,18,2,19,7,45,972,225,Rue de la Savane du Fort,14.74881,61.17515,Plein jour,En agglomération,Autre intersection,Normale,Deux véhicules - côté,,,,,,,,,,,1,2,9,1.0,3.0
201800056408,0018-03-11 06:00:00,18,3,11,6,0,972,208,quartier rivière Mahault,14.74393,61.13496,Nuit sans éclairage public,Hors agglomération,Hors intersection,Normale,Sans collision,,,,,,,,,,,3,1,1,1.0,7.0
201800056409,0018-03-12 01:15:00,18,3,12,1,15,972,204,Route nationale 02,14.69744,61.17737,Nuit sans éclairage public,Hors agglomération,Hors intersection,Normale,Autre collision,,,,,,,,,,,3,1,1,1.0,6.0
201800056410,0018-05-21 19:10:00,18,5,21,19,10,972,204,RN2,14.70712,61.1833,Nuit avec éclairage non allumé,En agglomération,Intersection en T,Normale,Deux véhicules - côté,,,,,,,,,,,4,2,3,1.0,3.0
201800056411,0018-06-03 03:45:00,18,6,3,3,45,972,218,Rue Edgar NESTORET,14.77578,61.13587,Nuit avec éclairage allumé,En agglomération,Hors intersection,Normale,Autre collision,,,,,,,,,,,5,2,1,1.0,6.0
201800056412,0018-08-12 04:00:00,18,8,12,4,0,972,225,Quartier Fond Canonville,14.76843,61.19833,Plein jour,Hors agglomération,Hors intersection,Normale,Autre collision,,,,,,,,,,,1,1,1,1.0,6.0
201800056413,0018-08-02 18:15:00,18,8,2,18,15,972,225,D10,14.76226,61.19103,Plein jour,En agglomération,Hors intersection,Normale,Deux véhicules - arrière,,,,,,,,,,,1,2,1,1.0,2.0
201800056414,0018-12-15 23:15:00,18,12,15,23,15,972,204,rd 20,14.70646,61.17536,Nuit sans éclairage public,Hors agglomération,Hors intersection,Normale,Deux véhicules - frontale,,,,,,,,,,,3,1,1,1.0,1.0
201800056415,0018-12-21 19:25:00,18,12,21,19,25,972,225,rue bouille,14.74411,61.17624,Nuit avec éclairage allumé,En agglomération,Hors intersection,Normale,Deux véhicules - arrière,,,,,,,,,,,5,2,1,1.0,2.0
201800056416,0018-02-01 18:59:00,18,2,1,18,59,972,227,D7 . pk 38+300,14.47107,60.0,Nuit sans éclairage public,Hors agglomération,Intersection en X,Normale,Deux véhicules - frontale,,,,,,,,,,,3,1,2,1.0,1.0
201800056417,0018-02-07 12:30:00,18,2,7,12,30,972,226,D 33,14.46789,60.0,Plein jour,Hors agglomération,Hors intersection,Normale,Sans collision,,,,,,,,,,,1,1,1,1.0,7.0
201800056418,0018-02-09 22:15:00,18,2,9,22,15,972,220,RD18A,14.48456,60.0,Nuit avec éclairage allumé,En agglomération,Hors intersection,Pluie légère,Trois véhicules et plus - collisions multiples,,,,,,,,,,,5,2,1,2.0,5.0
201800056419,0018-02-13 00:10:00,18,2,13,0,10,972,227,N5,14.46927,60.0,Nuit sans éclairage public,Hors agglomération,Hors intersection,Pluie légère,Autre collision,,,,,,,,,,,3,1,1,2.0,6.0
201800056420,0018-04-07 16:20:00,18,4,7,16,20,972,227,Quartier Bellay,14.49248,60.0,Plein jour,Hors agglomération,Hors intersection,Normale,Sans collision,,,,,,,,,,,1,1,1,1.0,7.0
201800056421,0018-07-25 15:30:00,18,7,25,15,30,972,217,Morne Courbaril,14.494,60.0,Plein jour,Hors agglomération,Hors intersection,Normale,Deux véhicules - frontale,,,,,,,,,,,1,1,1,1.0,1.0
201800056422,0018-08-17 11:45:00,18,8,17,11,45,972,227,RN5,14.46966,60.0,Plein jour,Hors agglomération,Hors intersection,Normale,Deux véhicules - frontale,,,,,,,,,,,1,1,1,1.0,1.0
201800056423,0018-08-19 21:40:00,18,8,19,21,40,972,226,RD 9,14.45459,60.0,Nuit sans éclairage public,Hors agglomération,Hors intersection,Normale,Autre collision,,,,,,,,,,,3,1,1,1.0,6.0
201800056424,0018-09-16 18:10:00,18,9,16,18,10,972,220,la mauny,14.50592,60.0,Nuit sans éclairage public,En agglomération,Hors intersection,Normale,Deux véhicules - frontale,,,,,,,,,,,3,2,1,1.0,1.0
201800056425,0018-09-12 21:35:00,18,9,12,21,35,972,226,départementale 9,14.46268,60.0,Nuit sans éclairage public,Hors agglomération,Giratoire,Normale,Sans collision,,,,,,,,,,,3,1,6,1.0,7.0
201800056426,0018-10-07 00:30:00,18,10,7,0,30,972,227,RD7 - Quartier Fardin,14.46881,60.0,Nuit avec éclairage non allumé,Hors agglomération,Hors intersection,Normale,Autre collision,,,,,,,,,,,4,1,1,1.0,6.0
201800056427,0018-10-07 01:45:00,18,10,7,1,45,972,220,D18A - PR 1+500,14.47992,60.0,Nuit sans éclairage public,Hors agglomération,Hors intersection,Normale,Deux véhicules - frontale,,,,,,,,,,,3,1,1,1.0,1.0
201800056428,0018-10-12 21:00:00,18,10,12,21,0,972,227,Gros Raisin - RN5,14.46852,60.0,Nuit avec éclairage non allumé,Hors agglomération,Hors intersection,Normale,Deux véhicules - frontale,,,,,,,,,,,4,1,1,1.0,1.0
201800056429,0018-10-26 05:30:00,18,10,26,5,30,972,217,quartier morne courbaril,14.49423,60.0,Crépuscule ou aube,Hors agglomération,Hors intersection,Normale,Autre collision,,,,,,,,,,,2,1,1,1.0,6.0
201800056430,0018-10-27 21:10:00,18,10,27,21,10,972,226,D9,14.43561,60.0,Nuit avec éclairage allumé,En agglomération,Giratoire,Normale,Deux véhicules - frontale,,,,,,,,,,,5,2,6,1.0,1.0
201800056431,0018-11-21 18:45:00,18,11,21,18,45,972,217,Habitation la Duprey,14.46124,60.0,Nuit sans éclairage public,Hors agglomération,Hors intersection,Normale,Autre collision,,,,,,,,,,,3,1,1,1.0,6.0
201800056432,0018-11-29 08:30:00,18,11,29,8,30,972,220,cité manikou 1,14.481,60.0,Plein jour,En agglomération,Hors intersection,Normale,Autre collision,,,,,,,,,,,1,2,1,1.0,6.0
201800056433,0018-12-19 20:25:00,18,12,19,20,25,972,220,CD 18A,14.48557,60.0,Nuit avec éclairage allumé,En agglomération,Hors intersection,Normale,Deux véhicules - frontale,,,,,,,,,,,5,2,1,1.0,1.0
201800056434,0018-01-12 18:30:00,18,1,12,18,30,972,210,centre des impots,14.61313,60.0,Nuit avec éclairage allumé,En agglomération,Hors intersection,Normale,Autre collision,,,,,,,,,,,5,2,1,1.0,6.0
201800056435,0018-01-22 18:17:00,18,1,22,18,17,972,232,D5 quartier SIGY,14.54256,60.0,Nuit avec éclairage allumé,En agglomération,Hors intersection,Normale,Deux véhicules - côté,,,,,,,,,,,5,2,1,1.0,3.0
201800056436,0018-01-27 20:00:00,18,1,27,20,0,972,232,La Carrière,14.51183,60.0,Nuit sans éclairage public,Hors agglomération,Hors intersection,Normale,Autre collision,,,,,,,,,,,3,1,1,1.0,6.0
201800056437,0018-03-23 20:10:00,18,3,23,20,10,972,232,ROUTE NATIONALE 6 - PETI,14.55992,60.0,Nuit sans éclairage public,Hors agglomération,Hors intersection,Normale,Sans collision,,,,,,,,,,,3,1,1,1.0,7.0
201800056438,0018-04-07 09:05:00,18,4,7,9,5,972,210,N6 GIRATOIRE 4 CROISÉES,14.60068,60.0,Plein jour,Hors agglomération,Giratoire,Normale,Deux véhicules - côté,,,,,,,,,,,1,1,6,1.0,3.0
201800056439,0018-05-20 01:15:00,18,5,20,1,15,972,210,N6,,,Nuit sans éclairage public,Hors agglomération,Hors intersection,Temps couvert,Deux véhicules - côté,,,,,,,,,,,3,1,1,8.0,3.0
201800056440,0018-07-01 22:45:00,18,7,1,22,45,972,232,Départementale 5,14.54161,60.0,Nuit sans éclairage public,Hors agglomération,Hors intersection,Normale,Sans collision,,,,,,,,,,,3,1,1,1.0,7.0
201800056441,0018-08-14 15:45:00,18,8,14,15,45,972,210,route nationale 6 - dost,14.59401,60.0,Plein jour,Hors agglomération,Hors intersection,Normale,Deux véhicules - frontale,,,,,,,,,,,1,1,1,1.0,1.0
201800056442,0018-09-01 05:45:00,18,9,1,5,45,972,210,Départementale N°6 -rivi,14.59537,60.0,Plein jour,Hors agglomération,Hors intersection,Normale,Deux véhicules - frontale,,,,,,,,,,,1,1,1,1.0,1.0
201800056443,0018-09-02 00:25:00,18,9,2,0,25,972,210,RN6,14.57955,60.0,Nuit sans éclairage public,Hors agglomération,Hors intersection,Pluie forte,Deux véhicules - frontale,,,,,,,,,,,3,1,1,3.0,1.0
201800056444,0018-09-29 03:30:00,18,9,29,3,30,972,210,RN 6,14.61287,60.0,Nuit sans éclairage public,Hors agglomération,Hors intersection,Normale,Sans collision,,,,,,,,,,,3,1,1,1.0,7.0
201800056445,0018-10-06 14:00:00,18,10,6,14,0,972,210,Départementale 29 - MORN,14.60816,60.0,Plein jour,Hors agglomération,Hors intersection,Normale,Deux véhicules - côté,,,,,,,,,,,1,1,1,1.0,3.0
201800056446,0018-12-24 08:15:00,18,12,24,8,15,972,232,D5,14.54397,60.0,Plein jour,En agglomération,Hors intersection,Temps couvert,Autre collision,,,,,,,,,,,1,2,1,8.0,6.0
201800056447,0018-12-24 21:55:00,18,12,24,21,55,972,210,Réunion sud,14.60897,60.0,Nuit sans éclairage public,Hors agglomération,Hors intersection,Normale,Deux véhicules - frontale,,,,,,,,,,,3,1,1,1.0,1.0
201800056448,0018-01-10 18:10:00,18,1,10,18,10,972,221,rue de la liberté,14.54744,60.0,Nuit sans éclairage public,En agglomération,Hors intersection,Pluie légère,Autre collision,,,,,,,,,,,3,2,1,2.0,6.0
201800056449,0018-02-04 10:50:00,18,2,4,10,50,972,221,Chemin Remy Minot- FOND,14.53839,60.0,Plein jour,Hors agglomération,Intersection en Y,Normale,Deux véhicules - frontale,,,,,,,,,,,1,1,4,1.0,1.0
201800056450,0018-03-04 23:00:00,18,3,4,23,0,972,206,rd7 route du diamant dir,14.49442,61.07259,Nuit sans éclairage public,Hors agglomération,Hors intersection,Normale,Deux véhicules - frontale,,,,,,,,,,,3,1,1,1.0,1.0
201800056451,0018-04-28 06:55:00,18,4,28,6,55,972,231,lieu dit CHATEAU GAILLAR,14.52842,61.00291,Plein jour,Hors agglomération,Hors intersection,Normale,Deux véhicules - arrière,,,,,,,,,,,1,1,1,1.0,2.0
201800056452,0018-04-28 10:25:00,18,4,28,10,25,972,206,RD 7 FOND MANOEL,14.48439,60.0,Plein jour,Hors agglomération,Hors intersection,Normale,Deux véhicules - arrière,,,,,,,,,,,1,1,1,1.0,2.0
201800056453,0018-06-02 17:25:00,18,6,2,17,25,972,231,ROUTE DE L'ANSE A L'ANE,14.53484,61.05203,Plein jour,Hors agglomération,Hors intersection,Normale,Deux véhicules - frontale,,,,,,,,,,,1,1,1,1.0,1.0
201800056454,0018-05-26 08:50:00,18,5,26,8,50,972,231,D7,14.53634,61.03116,Plein jour,En agglomération,Hors intersection,Normale,Deux véhicules - côté,,,,,,,,,,,1,2,1,1.0,3.0
201800056455,0018-06-10 18:00:00,18,6,10,18,0,972,221,RD 8,14.51569,60.0,Plein jour,Hors agglomération,Hors intersection,Normale,Deux véhicules - frontale,,,,,,,,,,,1,1,1,1.0,1.0
201800056456,0018-07-03 17:45:00,18,7,3,17,45,972,206,MORNE BLANC,14.49029,61.04334,Plein jour,Hors agglomération,Intersection en T,Normale,Deux véhicules - arrière,,,,,,,,,,,1,1,3,1.0,2.0
201800056457,0018-07-10 11:30:00,18,7,10,11,30,972,221,Quartier Ti Coin - Tchol,14.50896,60.0,Plein jour,Hors agglomération,Intersection en T,Normale,Deux véhicules - arrière,,,,,,,,,,,1,1,3,1.0,2.0
201800056458,0018-07-21 09:30:00,18,7,21,9,30,972,221,Desmarinière,14.50891,60.0,Plein jour,Hors agglomération,Hors intersection,Normale,Deux véhicules - arrière,,,,,,,,,,,1,1,1,1.0,2.0
201800056459,0018-08-11 23:57:00,18,8,11,23,57,972,231,rue des anthuriums,14.54997,61.0531,Nuit avec éclairage allumé,En agglomération,Intersection en T,Normale,Deux véhicules - côté,,,,,,,,,,,5,2,3,1.0,3.0
201800056460,0018-08-10 13:40:00,18,8,10,13,40,972,221,rue du morne costet,14.52435,60.0,Plein jour,En agglomération,Hors intersection,Normale,Autre collision,,,,,,,,,,,1,2,1,1.0,6.0
201800056461,0018-08-25 22:30:00,18,8,25,22,30,972,221,RD8,14.50935,60.0,Nuit sans éclairage public,Hors agglomération,Hors intersection,Normale,Autre collision,,,,,,,,,,,3,1,1,1.0,6.0
201800056462,0018-09-05 16:15:00,18,9,5,16,15,972,231,D7,14.53481,61.05235,Plein jour,Hors agglomération,Hors intersection,Temps éblouissant,Trois véhicules et plus - collisions multiples,,,,,,,,,,,1,1,1,7.0,5.0
201800056463,0018-10-10 10:45:00,18,10,10,10,45,972,221,RN5,14.53625,60.0,Plein jour,Hors agglomération,Hors intersection,Normale,Deux véhicules - arrière,,,,,,,,,,,1,1,1,1.0,2.0
201800056464,0018-10-16 07:25:00,18,10,16,7,25,972,221,CD7 a - quartier Médecin,14.51464,60.0,Plein jour,En agglomération,Hors intersection,Temps couvert,Deux véhicules - frontale,,,,,,,,,,,1,2,1,8.0,1.0
201800056465,0018-11-27 09:20:00,18,11,27,9,20,972,231,RUE CARET,14.53317,61.0694,Plein jour,En agglomération,Hors intersection,Normale,Deux véhicules - côté,,,,,,,,,,,1,2,1,1.0,3.0
201800056466,0018-12-14 23:30:00,18,12,14,23,30,972,206,RD7 en direction du coll,14.48841,61.03573,Nuit sans éclairage public,Hors agglomération,Hors intersection,Temps couvert,Deux véhicules - frontale,,,,,,,,,,,3,1,1,8.0,1.0
201800056467,0018-12-17 05:05:00,18,12,17,5,5,972,221,rd7 face à l'habitation,14.52812,60.0,Nuit sans éclairage public,Hors agglomération,Hors intersection,Normale,Autre collision,,,,,,,,,,,3,1,1,1.0,6.0
201800056468,0018-04-09 19:50:00,18,4,9,19,50,972,207,route nationale 06,14.60112,60.0,Nuit sans éclairage public,Hors agglomération,Hors intersection,Normale,Autre collision,,,,,,,,,,,3,1,1,1.0,6.0
201800056469,0018-04-14 05:00:00,18,4,14,5,0,972,207,QUARTIER LOURDES,14.57307,60.0,Crépuscule ou aube,En agglomération,Hors intersection,Normale,Deux véhicules - frontale,,,,,,,,,,,2,2,1,1.0,1.0
201800056470,0018-04-16 20:00:00,18,4,16,20,0,972,207,route du bac,14.58027,60.0,Nuit sans éclairage public,En agglomération,Hors intersection,Pluie forte,Autre collision,,,,,,,,,,,3,2,1,3.0,6.0
201800056471,0018-04-21 23:00:00,18,4,21,23,0,972,207,quartier Bois Rouge,14.60004,60.0,Nuit sans éclairage public,En agglomération,Hors intersection,Normale,Autre collision,,,,,,,,,,,3,2,1,1.0,6.0
201800056472,0018-06-15 11:20:00,18,6,15,11,20,972,207,RN6 CROIX RIVAIL,14.60216,60.0,Plein jour,Hors agglomération,Hors intersection,Normale,Deux véhicules - côté,,,,,,,,,,,1,1,1,1.0,3.0
201800056473,0018-10-13 12:40:00,18,10,13,12,40,972,207,D6 route de petit bourg,14.55356,60.0,Plein jour,Hors agglomération,Hors intersection,Normale,Autre collision,,,,,,,,,,,1,1,1,1.0,6.0
201800056474,0018-11-21 14:45:00,18,11,21,14,45,972,207,rue zizine des étages,14.57519,60.0,Plein jour,En agglomération,Hors intersection,Normale,Deux véhicules - frontale,,,,,,,,,,,1,2,1,1.0,1.0
201800056475,0018-11-30 22:30:00,18,11,30,22,30,972,207,Quartier Lourdes,14.57264,60.0,Nuit avec éclairage allumé,En agglomération,Hors intersection,Normale,Autre collision,,,,,,,,,,,5,2,1,1.0,6.0