accident_id,datetime,annee,mois,jour,heure,minute,departement,commune_insee,adresse,latitude,longitude,luminosite,agglomeration,intersection,meteo,collision,nb_vehicules,nb_usagers,nb_indemnes,nb_tues,nb_blesses_hosp,nb_blesses_legers,age_cond_1,age_cond_2,veh_type_cond_1,veh_type_cond_2,lum_code,agg_code,int_code,atm_code,col_code
201800056951,0018-05-19 13:30:00,18,5,19,13,30,973,302,rue dodominsinga,4.9231,52.3125,Plein jour,En agglomération,Hors intersection,Pluie forte,Autre collision,,,,,,,,,,,1,2,1,3.0,6.0
201800056952,0018-04-26 18:00:00,18,4,26,18,0,973,302,EAU-LISETTE (CITE),4.92891,52.32005,Crépuscule ou aube,En agglomération,Hors intersection,Normale,Deux véhicules - côté,,,,,,,,,,,2,2,1,1.0,3.0
201800056953,0018-05-23 10:50:00,18,5,23,10,50,973,302,MANDELA  (BOULEVARD),4.94034,52.3267,Plein jour,En agglomération,Hors intersection,Temps couvert,Autre collision,,,,,,,,,,,1,2,1,8.0,6.0
201800056954,0018-05-24 07:44:00,18,5,24,7,44,973,302,MIRZA (CITE),4.93388,52.32474,Plein jour,En agglomération,Autre intersection,Normale,Trois véhicules et plus - collisions multiples,,,,,,,,,,,1,2,9,1.0,5.0
201800056955,0018-05-24 13:30:00,18,5,24,13,30,973,302,AMUSANT (PAUL),4.93358,52.3318,Plein jour,En agglomération,Hors intersection,Normale,Trois véhicules et plus - en chaîne,,,,,,,,,,,1,2,1,1.0,4.0
201800056956,0018-05-24 22:40:00,18,5,24,22,40,973,302,CATAYEE (JUSTIN),4.92934,52.32561,Nuit avec éclairage allumé,En agglomération,Hors intersection,Pluie légère,Sans collision,,,,,,,,,,,5,2,1,2.0,7.0
201800056957,0018-05-21 17:52:00,18,5,21,17,52,973,302,BADUEL (ROUTE DE),4.9281,52.2927,Crépuscule ou aube,En agglomération,Hors intersection,Normale,Autre collision,,,,,,,,,,,2,2,1,1.0,6.0
201800056958,0018-05-24 10:15:00,18,5,24,10,15,973,302,14 ET 22 JUIN 1962,4.93419,52.3272,Plein jour,En agglomération,Hors intersection,Normale,Autre collision,,,,,,,,,,,1,2,1,1.0,6.0
201800056959,0018-05-25 10:25:00,18,5,25,10,25,973,302,JADFARD (RENE),4.93498,52.32953,Plein jour,En agglomération,Intersection en X,Pluie légère,Deux véhicules - côté,,,,,,,,,,,1,2,2,2.0,3.0
201800056960,0018-05-25 18:30:00,18,5,25,18,30,973,302,Route du tigre,4.91746,52.31286,Crépuscule ou aube,En agglomération,Intersection en T,Normale,Autre collision,,,,,,,,,,,2,2,3,1.0,6.0
201800056961,0018-05-25 20:33:00,18,5,25,20,33,973,302,BADUEL (ROUTE DE),4.93023,52.30461,Nuit avec éclairage allumé,En agglomération,Hors intersection,Normale,Deux véhicules - côté,,,,,,,,,,,5,2,1,1.0,3.0
201800056962,0018-05-26 18:35:00,18,5,26,18,35,973,302,MANDELA  (BOULEVARD),4.94129,52.3269,Crépuscule ou aube,En agglomération,Intersection en X,Pluie légère,Deux véhicules - côté,,,,,,,,,,,2,2,2,2.0,3.0
201800056963,0018-05-27 20:26:00,18,5,27,20,26,973,302,MANGO (ROUTE),4.92821,52.3141,Nuit avec éclairage allumé,En agglomération,Hors intersection,Normale,Deux véhicules - côté,,,,,,,,,,,5,2,1,1.0,3.0
201800056964,0018-05-27 20:41:00,18,5,27,20,41,973,302,CABASSOU (ROUTE DE),4.92011,52.3193,Nuit avec éclairage allumé,En agglomération,Hors intersection,Normale,Autre collision,,,,,,,,,,,5,2,1,1.0,6.0
201800056965,0018-05-30 17:10:00,18,5,30,17,10,973,302,BADUEL (ROUTE DE),4.9385,52.3174,Plein jour,En agglomération,Hors intersection,Normale,Deux véhicules - côté,,,,,,,,,,,1,2,1,1.0,3.0
201800056966,0018-05-30 18:35:00,18,5,30,18,35,973,302,BADUEL (ROUTE DE),4.93083,52.30489,Nuit avec éclairage allumé,En agglomération,Hors intersection,Normale,Autre collision,,,,,,,,,,,5,2,1,1.0,6.0
201800056967,0018-06-01 09:45:00,18,6,1,9,45,973,302,MANGO (ROUTE),4.93,52.31576,Plein jour,En agglomération,Hors intersection,Normale,Deux véhicules - côté,,,,,,,,,,,1,2,1,1.0,3.0
201800056968,0018-06-02 15:20:00,18,6,2,15,20,973,302,BADUEL (ROUTE DE),4.93083,52.30489,Plein jour,En agglomération,Hors intersection,Normale,Deux véhicules - côté,,,,,,,,,,,1,2,1,1.0,3.0
201800056969,0018-06-05 14:33:00,18,6,5,14,33,973,302,MADELEINE (ROUTE DE LA),4.92206,52.32288,Plein jour,Hors agglomération,Hors intersection,Normale,Autre collision,,,,,,,,,,,1,1,1,1.0,6.0
201800056970,0018-06-05 17:41:00,18,6,5,17,41,973,302,MONTABO (ROUTE DE) 1,4.93689,52.29733,Plein jour,Hors agglomération,Hors intersection,Normale,Deux véhicules - côté,,,,,,,,,,,1,1,1,1.0,3.0
201800056971,0018-06-08 12:35:00,18,6,8,12,35,973,302,MADELEINE (ROUTE DE LA),4.9288,52.32534,Plein jour,En agglomération,Hors intersection,Normale,Deux véhicules - côté,,,,,,,,,,,1,2,1,1.0,3.0
201800056972,0018-06-08 18:20:00,18,6,8,18,20,973,302,BADUEL (ROND POINT DE),4.92718,52.28998,Plein jour,En agglomération,Hors intersection,Normale,Deux véhicules - côté,,,,,,,,,,,1,2,1,1.0,3.0
201800056973,0018-06-08 21:14:00,18,6,8,21,14,973,302,RABAN (ROUTE DE),4.92429,52.31253,Nuit avec éclairage allumé,En agglomération,Hors intersection,Normale,Deux véhicules - côté,,,,,,,,,,,5,2,1,1.0,3.0
201800056974,0018-06-08 13:30:00,18,6,8,13,30,973,302,MADELEINE (ROUTE DE LA),4.91264,52.32109,Plein jour,En agglomération,Hors intersection,Normale,Deux véhicules - frontale,,,,,,,,,,,1,2,1,1.0,1.0
201800056975,0018-06-11 19:26:00,18,6,11,19,26,973,302,MANGO (ROUTE),4.93145,52.3171,Nuit avec éclairage allumé,En agglomération,Hors intersection,Pluie légère,Autre collision,,,,,,,,,,,5,2,1,2.0,6.0
201800056976,0018-06-12 08:40:00,18,6,12,8,40,973,302,BADUEL (ROUTE DE),4.93083,52.30489,Plein jour,En agglomération,Autre intersection,Normale,Deux véhicules - arrière,,,,,,,,,,,1,2,9,1.0,2.0
201800056977,0018-06-13 09:55:00,18,6,13,9,55,973,302,CATAYEE (JUSTIN),4.92998,52.3259,Plein jour,En agglomération,Hors intersection,Pluie légère,Deux véhicules - côté,,,,,,,,,,,1,2,1,2.0,3.0
201800056978,0018-06-14 15:20:00,18,6,14,15,20,973,302,MANDELA  (BOULEVARD),4.93968,52.32778,Plein jour,En agglomération,Intersection en T,Normale,Autre collision,,,,,,,,,,,1,2,3,1.0,6.0
201800056979,0018-06-18 10:05:00,18,6,18,10,5,973,302,MADELEINE (ROUTE DE LA),4.92186,52.32272,Plein jour,En agglomération,Hors intersection,Normale,Deux véhicules - côté,,,,,,,,,,,1,2,1,1.0,3.0
201800056980,0018-06-19 07:10:00,18,6,19,7,10,973,302,MEDAN (cit),4.9358,52.3247,Plein jour,En agglomération,Intersection en X,Normale,Deux véhicules - côté,,,,,,,,,,,1,2,2,1.0,3.0
201800056981,0018-06-23 00:05:00,18,6,23,0,5,973,302,REPUBLIQUE (BD DE LA),4.93829,52.32203,Nuit avec éclairage allumé,En agglomération,Hors intersection,Normale,Sans collision,,,,,,,,,,,5,2,1,1.0,7.0
201800056982,0018-06-23 13:50:00,18,6,23,13,50,973,302,MONTABO (ROUTE DE) 2,4.94243,52.3054,Plein jour,Hors agglomération,Hors intersection,Normale,Deux véhicules - arrière,,,,,,,,,,,1,1,1,1.0,2.0
201800056983,0018-06-25 16:15:00,18,6,25,16,15,973,302,CABASSOU (ROUTE DE),4.91776,52.31415,Plein jour,En agglomération,Hors intersection,Normale,Deux véhicules - côté,,,,,,,,,,,1,2,1,1.0,3.0
201800056984,0018-06-25 21:30:00,18,6,25,21,30,973,302,ZEPHIR (ROCADE),4.93711,52.30699,Nuit avec éclairage allumé,En agglomération,Hors intersection,Pluie légère,Deux véhicules - frontale,,,,,,,,,,,5,2,1,2.0,1.0
201800056985,0018-06-27 09:06:00,18,6,27,9,6,973,302,FELIX EBOUE (Rue),4.93929,52.3284,Plein jour,En agglomération,Autre intersection,Normale,Deux véhicules - côté,,,,,,,,,,,1,2,9,1.0,3.0
201800056986,0018-06-27 15:50:00,18,6,27,15,50,973,302,BADUEL (ROUTE DE),4.92899,52.30063,Plein jour,En agglomération,Hors intersection,Normale,Deux véhicules - côté,,,,,,,,,,,1,2,1,1.0,3.0
201800056987,0018-06-28 22:00:00,18,6,28,22,0,973,302,MANDELA  (BOULEVARD),4.94001,52.32659,Nuit avec éclairage allumé,En agglomération,Intersection en X,Normale,Deux véhicules - arrière,,,,,,,,,,,5,2,2,1.0,2.0
201800056988,0018-06-30 15:43:00,18,6,30,15,43,973,302,DIGUE RONJON,4.93392,52.3294,Plein jour,En agglomération,Hors intersection,Normale,Trois véhicules et plus - collisions multiples,,,,,,,,,,,1,2,1,1.0,5.0
201800056989,0018-07-02 10:05:00,18,7,2,10,5,973,302,LALLOUETTE(RUE),4.9408,52.3287,Plein jour,En agglomération,Intersection en X,Normale,Deux véhicules - côté,,,,,,,,,,,1,2,2,1.0,3.0
201800056990,0018-07-03 19:55:00,18,7,3,19,55,973,302,RABAN (ROUTE DE),4.91891,52.3127,Nuit sans éclairage public,En agglomération,Hors intersection,Normale,Deux véhicules - arrière,,,,,,,,,,,3,2,1,1.0,2.0
201800056991,0018-07-04 16:30:00,18,7,4,16,30,973,302,CABASSOU (ROUTE DE),4.91924,52.31758,Plein jour,En agglomération,Intersection en X,Normale,Trois véhicules et plus - en chaîne,,,,,,,,,,,1,2,2,1.0,4.0
201800056992,0018-07-05 22:05:00,18,7,5,22,5,973,302,MADELEINE (ROUTE DE LA),4.9311,52.32632,Nuit avec éclairage allumé,En agglomération,Hors intersection,Normale,Deux véhicules - frontale,,,,,,,,,,,5,2,1,1.0,1.0
201800056993,0018-07-06 14:38:00,18,7,6,14,38,973,302,MONTABO (ROUTE DE) 1,4.94222,52.30492,Plein jour,Hors agglomération,Hors intersection,Normale,Deux véhicules - arrière,,,,,,,,,,,1,1,1,1.0,2.0
201800056994,0018-07-10 16:00:00,18,7,10,16,0,973,302,FELIX EBOUE(ROCADE),4.93103,52.31327,Plein jour,En agglomération,Hors intersection,Normale,Trois véhicules et plus - en chaîne,,,,,,,,,,,1,2,1,1.0,4.0
201800056995,0018-07-11 18:50:00,18,7,11,18,50,973,302,MANDELA  (BOULEVARD),4.94025,52.3269,Plein jour,Hors agglomération,Hors intersection,Normale,Deux véhicules - côté,,,,,,,,,,,1,1,1,1.0,3.0
201800056996,0018-07-12 07:37:00,18,7,12,7,37,973,302,ROUTE NATIONALE 1,4.92697,52.32895,Plein jour,En agglomération,Hors intersection,Normale,Deux véhicules - arrière,,,,,,,,,,,1,2,1,1.0,2.0
201800056997,0018-07-13 08:40:00,18,7,13,8,40,973,302,RABAN (ROUTE DE),4.92801,52.31388,Plein jour,En agglomération,Hors intersection,Normale,Deux véhicules - arrière,,,,,,,,,,,1,2,1,1.0,2.0
201800056998,0018-07-20 23:50:00,18,7,20,23,50,973,302,KATOURY (LOTISSEMENT),4.94433,52.30409,Nuit avec éclairage non allumé,En agglomération,Hors intersection,Normale,Deux véhicules - arrière,,,,,,,,,,,4,2,1,1.0,2.0
201800056999,0018-07-21 07:20:00,18,7,21,7,20,973,302,DIGUE RONJON,4.93337,52.33171,Plein jour,En agglomération,Intersection en X,Normale,Deux véhicules - côté,,,,,,,,,,,1,2,2,1.0,3.0
201800057000,0018-07-22 01:00:00,18,7,22,1,0,973,302,BADUEL (ROUTE DE),4.93162,52.30736,Nuit avec éclairage allumé,En agglomération,Hors intersection,Normale,Autre collision,,,,,,,,,,,5,2,1,1.0,6.0
201800057001,0018-07-24 14:05:00,18,7,24,14,5,973,302,BADUEL (ROUTE DE),4.93259,52.30905,Plein jour,Hors agglomération,Giratoire,Normale,Deux véhicules - côté,,,,,,,,,,,1,1,6,1.0,3.0
201800057002,0018-07-24 13:10:00,18,7,24,13,10,973,302,MARINGOUINS (ROND-POINT),4.90773,52.3225,Plein jour,Hors agglomération,Hors intersection,Pluie légère,Trois véhicules et plus - en chaîne,,,,,,,,,,,1,1,1,2.0,4.0
201800057003,0018-07-28 09:10:00,18,7,28,9,10,973,302,PASTEUR (AVENUE LOUIS),4.94408,52.32098,Plein jour,En agglomération,Hors intersection,Normale,Deux véhicules - arrière,,,,,,,,,,,1,2,1,1.0,2.0
201800057004,0018-07-30 23:35:00,18,7,30,23,35,973,302,GALMOT (AVENUE),4.93217,52.32746,Nuit avec éclairage allumé,En agglomération,Intersection en T,Normale,Deux véhicules - côté,,,,,,,,,,,5,2,3,1.0,3.0
201800057005,0018-07-26 15:46:00,18,7,26,15,46,973,302,BOULEVARD DES CITES,4.9215,52.3169,Plein jour,En agglomération,Hors intersection,Normale,Autre collision,,,,,,,,,,,1,2,1,1.0,6.0
201800057006,0018-08-01 10:05:00,18,8,1,10,5,973,302,ROUTE NATIONALE 1,4.9049,52.32343,Plein jour,En agglomération,Hors intersection,Normale,Trois véhicules et plus - en chaîne,,,,,,,,,,,1,2,1,1.0,4.0
201800057007,0018-07-31 14:20:00,18,7,31,14,20,973,302,ZONE COLLERY I OU II,4.90138,52.32507,Plein jour,Hors agglomération,Hors intersection,Normale,Deux véhicules - arrière,,,,,,,,,,,1,1,1,1.0,2.0
201800057008,0018-08-02 13:50:00,18,8,2,13,50,973,302,MANDELA  (BOULEVARD),4.93821,52.32625,Plein jour,En agglomération,Intersection en X,Normale,Deux véhicules - côté,,,,,,,,,,,1,2,2,1.0,3.0
201800057009,0018-08-05 08:30:00,18,8,5,8,30,973,302,MADELEINE (ROUTE DE LA),4.91441,52.32087,Plein jour,En agglomération,Hors intersection,Normale,Deux véhicules - arrière,,,,,,,,,,,1,2,1,1.0,2.0
201800057010,0018-08-08 11:00:00,18,8,8,11,0,973,302,FELIX EBOUE(ROCADE),4.91775,52.31362,Plein jour,Hors agglomération,Hors intersection,Normale,Deux véhicules - côté,,,,,,,,,,,1,1,1,1.0,3.0
201800057011,0018-08-08 11:47:00,18,8,8,11,47,973,302,TROUBIRAN (CHEMIN DE),4.9212,52.30407,Plein jour,Hors agglomération,Hors intersection,Normale,Trois véhicules et plus - collisions multiples,,,,,,,,,,,1,1,1,1.0,5.0
201800057012,0018-08-09 11:25:00,18,8,9,11,25,973,302,MADELEINE (ROUTE DE LA),4.92215,52.32294,Plein jour,Hors agglomération,Hors intersection,Normale,Trois véhicules et plus - en chaîne,,,,,,,,,,,1,1,1,1.0,4.0
201800057013,0018-08-11 10:20:00,18,8,11,10,20,973,302,BLANC (LOUIS),4.93719,52.3353,Plein jour,En agglomération,Hors intersection,Normale,Deux véhicules - arrière,,,,,,,,,,,1,2,1,1.0,2.0
201800057014,0018-08-11 23:37:00,18,8,11,23,37,973,302,Bd Mandela,4.9337,52.32634,Nuit avec éclairage allumé,En agglomération,Hors intersection,Normale,Trois véhicules et plus - collisions multiples,,,,,,,,,,,5,2,1,1.0,5.0
201800057015,0018-08-12 22:30:00,18,8,12,22,30,973,302,RABAN (ROUTE DE),4.93315,52.31304,Nuit avec éclairage allumé,En agglomération,Hors intersection,Normale,Deux véhicules - frontale,,,,,,,,,,,5,2,1,1.0,1.0
201800057016,0018-08-15 14:20:00,18,8,15,14,20,973,302,BRUTUS (CITE),4.93545,52.31927,Plein jour,En agglomération,Hors intersection,Normale,Deux véhicules - frontale,,,,,,,,,,,1,2,1,1.0,1.0
201800057017,0018-08-17 15:52:00,18,8,17,15,52,973,302,THIES(AVENUE),4.9395,52.33439,Plein jour,En agglomération,Intersection en X,Normale,Deux véhicules - côté,,,,,,,,,,,1,2,2,1.0,3.0
201800057018,0018-08-17 20:30:00,18,8,17,20,30,973,302,BARTHELEMY (RENE),4.9339,52.3306,Nuit avec éclairage non allumé,En agglomération,Hors intersection,Normale,Autre collision,,,,,,,,,,,4,2,1,1.0,6.0
201800057019,0018-08-20 00:01:00,18,8,20,0,1,973,302,LEBLOND (ROND POINT),4.9216,52.32978,Nuit avec éclairage allumé,Hors agglomération,Giratoire,Normale,Sans collision,,,,,,,,,,,5,1,6,1.0,7.0
201800057020,0018-08-20 12:00:00,18,8,20,12,0,973,302,14 ET 22 JUIN 1962,4.93459,52.32728,Plein jour,En agglomération,Intersection en T,Normale,Deux véhicules - côté,,,,,,,,,,,1,2,3,1.0,3.0
201800057021,0018-08-21 13:15:00,18,8,21,13,15,973,302,VOLTAIRE(AVENUE),4.94182,52.32439,Plein jour,En agglomération,Hors intersection,Normale,Autre collision,,,,,,,,,,,1,2,1,1.0,6.0
201800057022,0018-08-22 16:45:00,18,8,22,16,45,973,302,TROUBIRAN (CHEMIN DE),4.92121,52.304,Plein jour,En agglomération,Intersection en X,Normale,Deux véhicules - côté,,,,,,,,,,,1,2,2,1.0,3.0
201800057023,0018-08-22 22:20:00,18,8,22,22,20,973,302,BADUEL (ROUTE DE),4.92881,52.29928,Nuit avec éclairage allumé,En agglomération,Hors intersection,Normale,Deux véhicules - côté,,,,,,,,,,,5,2,1,1.0,3.0
201800057024,0018-08-22 19:00:00,18,8,22,19,0,973,302,UNIVERSITE CHICAGO (RUE,4.93345,52.29988,Nuit avec éclairage allumé,En agglomération,Hors intersection,Normale,Deux véhicules - côté,,,,,,,,,,,5,2,1,1.0,3.0
201800057025,0018-08-22 19:35:00,18,8,22,19,35,973,302,FELIX EBOUE(ROCADE),4.93018,52.31432,Nuit sans éclairage public,En agglomération,Hors intersection,Normale,Deux véhicules - côté,,,,,,,,,,,3,2,1,1.0,3.0
201800057026,0018-08-21 17:55:00,18,8,21,17,55,973,302,MADELEINE (ROUTE DE LA),4.91099,52.32143,Plein jour,En agglomération,Autre intersection,Normale,Deux véhicules - côté,,,,,,,,,,,1,2,9,1.0,3.0
201800057027,0018-08-25 12:55:00,18,8,25,12,55,973,302,RABAN (ROUTE DE),4.93384,52.31345,Plein jour,En agglomération,Hors intersection,Normale,Deux véhicules - côté,,,,,,,,,,,1,2,1,1.0,3.0
201800057028,0018-08-25 12:00:00,18,8,25,12,0,973,302,MADELEINE (ROUTE DE LA),4.91366,52.3208,Plein jour,En agglomération,Intersection en T,Normale,Deux véhicules - côté,,,,,,,,,,,1,2,3,1.0,3.0
201800057029,0018-08-26 18:15:00,18,8,26,18,15,973,302,PREVOT (ERNEST),4.93147,52.33244,Plein jour,En agglomération,Hors intersection,Normale,Deux véhicules - arrière,,,,,,,,,,,1,2,1,1.0,2.0
201800057030,0018-08-27 01:55:00,18,8,27,1,55,973,302,MADELEINE (ROUTE DE LA),4.91266,52.32098,Nuit avec éclairage allumé,En agglomération,Hors intersection,Normale,Deux véhicules - arrière,,,,,,,,,,,5,2,1,1.0,2.0
201800057031,0018-08-27 20:30:00,18,8,27,20,30,973,302,FELIX EBOUE(ROCADE),4.92955,52.31512,Nuit avec éclairage allumé,En agglomération,Intersection en X,Normale,Deux véhicules - frontale,,,,,,,,,,,5,2,2,1.0,1.0
201800057032,0018-08-29 20:15:00,18,8,29,20,15,973,302,CATAYEE (JUSTIN),4.9317,52.32652,Nuit avec éclairage allumé,En agglomération,Autre intersection,Normale,Deux véhicules - côté,,,,,,,,,,,5,2,9,1.0,3.0
201800057033,0018-08-30 15:45:00,18,8,30,15,45,973,302,EBOUE (ROCADE FELIX),4.931,52.3131,Plein jour,En agglomération,Intersection en X,Normale,Autre collision,,,,,,,,,,,1,2,2,1.0,6.0
201800057034,0018-09-01 07:30:00,18,9,1,7,30,973,302,RABAN (ROUTE DE),4.92985,52.3134,Plein jour,En agglomération,Hors intersection,Normale,Deux véhicules - frontale,,,,,,,,,,,1,2,1,1.0,1.0
201800057035,0018-09-03 07:51:00,18,9,3,7,51,973,302,FELIX EBOUE(ROCADE),4.92608,52.32144,Plein jour,En agglomération,Hors intersection,Normale,Deux véhicules - frontale,,,,,,,,,,,1,2,1,1.0,1.0
201800057036,0018-09-06 08:24:00,18,9,6,8,24,973,302,MERE THERESA (rue),4.9192,52.3126,Plein jour,En agglomération,Hors intersection,Normale,Deux véhicules - côté,,,,,,,,,,,1,2,1,1.0,3.0
201800057037,0018-09-06 20:20:00,18,9,6,20,20,973,302,MANDELA  (BOULEVARD),4.93475,52.32622,Nuit avec éclairage allumé,En agglomération,Autre intersection,Normale,Deux véhicules - côté,,,,,,,,,,,5,2,9,1.0,3.0
201800057038,0018-09-07 14:25:00,18,9,7,14,25,973,302,MADELEINE (ROUTE DE LA),4.91951,52.32177,Plein jour,En agglomération,Hors intersection,Normale,Deux véhicules - côté,,,,,,,,,,,1,2,1,1.0,3.0
201800057039,0018-09-07 13:21:00,18,9,7,13,21,973,302,BADUEL (ROUTE DE),4.92918,52.29588,Plein jour,Hors agglomération,Hors intersection,Normale,Autre collision,,,,,,,,,,,1,1,1,1.0,6.0
201800057040,0018-09-10 17:20:00,18,9,10,17,20,973,302,ROUTE NATIONALE 1,4.92686,52.32888,Plein jour,Hors agglomération,Autre intersection,Normale,Deux véhicules - côté,,,,,,,,,,,1,1,9,1.0,3.0
201800057041,0018-09-11 11:47:00,18,9,11,11,47,973,302,BLANC (LOUIS),4.9386,52.3357,Plein jour,En agglomération,Intersection en X,Normale,Deux véhicules - côté,,,,,,,,,,,1,2,2,1.0,3.0
201800057042,0018-09-12 07:25:00,18,9,12,7,25,973,302,BADUEL (ROUTE DE),4.93197,52.30768,Plein jour,En agglomération,Hors intersection,Normale,Deux véhicules - côté,,,,,,,,,,,1,2,1,1.0,3.0
201800057043,0018-09-19 07:30:00,18,9,19,7,30,973,302,D24 (ex rn3),4.902,52.29707,Plein jour,Hors agglomération,Hors intersection,Normale,Deux véhicules - côté,,,,,,,,,,,1,1,1,1.0,3.0
201800057044,0018-09-19 15:05:00,18,9,19,15,5,973,302,RABAN (ROUTE DE),4.92857,52.31357,Plein jour,En agglomération,Hors intersection,Normale,Autre collision,,,,,,,,,,,1,2,1,1.0,6.0
201800057045,0018-09-19 20:30:00,18,9,19,20,30,973,302,PETIT MONACO (ROND-POINT,4.94129,52.32137,Nuit avec éclairage allumé,En agglomération,Giratoire,Normale,Autre collision,,,,,,,,,,,5,2,6,1.0,6.0
201800057046,0018-09-21 09:31:00,18,9,21,9,31,973,302,BADUEL (ROUTE DE),4.93816,52.31207,Plein jour,En agglomération,Giratoire,Normale,Autre collision,,,,,,,,,,,1,2,6,1.0,6.0
201800057047,0018-09-22 20:09:00,18,9,22,20,9,973,302,ROUTE NATIONALE 1,4.91339,52.3285,Nuit avec éclairage allumé,Hors agglomération,Hors intersection,Normale,Deux véhicules - côté,,,,,,,,,,,5,1,1,1.0,3.0
201800057048,0018-09-25 12:20:00,18,9,25,12,20,973,302,BADUEL (ROUTE DE),4.93137,52.3065,Plein jour,En agglomération,Hors intersection,Normale,Autre collision,,,,,,,,,,,1,2,1,1.0,6.0
201800057049,0018-09-27 08:14:00,18,9,27,8,14,973,302,MONTABO (ROUTE DE) 2,4.93477,52.29282,Plein jour,En agglomération,Hors intersection,Normale,Deux véhicules - côté,,,,,,,,,,,1,2,1,1.0,3.0
201800057050,0018-09-24 17:00:00,18,9,24,17,0,973,302,MANDELA  (BOULEVARD),4.93909,52.3263,Plein jour,En agglomération,Hors intersection,Normale,Deux véhicules - arrière,,,,,,,,,,,1,2,1,1.0,2.0
201800057051,0018-09-26 07:30:00,18,9,26,7,30,973,302,VOLTAIRE(AVENUE),4.94248,52.32212,Plein jour,En agglomération,Hors intersection,Normale,Autre collision,,,,,,,,,,,1,2,1,1.0,6.0
201800057052,0018-09-28 17:00:00,18,9,28,17,0,973,302,BADUEL (ROUTE DE),4.93354,52.31003,Plein jour,Hors agglomération,Hors intersection,Normale,Deux véhicules - côté,,,,,,,,,,,1,1,1,1.0,3.0
201800057053,0018-09-28 18:15:00,18,9,28,18,15,973,302,AMUSANT (PAUL),4.93379,52.33181,Crépuscule ou aube,En agglomération,Hors intersection,Normale,Autre collision,,,,,,,,,,,2,2,1,1.0,6.0
201800057054,0018-09-30 09:20:00,18,9,30,9,20,973,302,MANDELA  (BOULEVARD),4.93997,52.32666,Plein jour,En agglomération,Autre intersection,Normale,Deux véhicules - côté,,,,,,,,,,,1,2,9,1.0,3.0
201800057055,0018-10-03 07:00:00,18,10,3,7,0,973,302,MONTABO (ROUTE DE) 2,4.9421,52.30462,Plein jour,En agglomération,Autre intersection,Normale,Deux véhicules - côté,,,,,,,,,,,1,2,9,1.0,3.0
201800057056,0018-10-04 15:55:00,18,10,4,15,55,973,302,MADELEINE (ROUTE DE LA),4.90915,52.32166,Plein jour,Hors agglomération,Autre intersection,Normale,Autre collision,,,,,,,,,,,1,1,9,1.0,6.0
201800057057,0018-10-04 18:50:00,18,10,4,18,50,973,302,MADELEINE (ROUTE DE LA),4.91438,52.32084,Crépuscule ou aube,Hors agglomération,Intersection en T,Normale,Autre collision,,,,,,,,,,,2,1,3,1.0,6.0
201800057058,0018-10-05 02:30:00,18,10,5,2,30,973,302,EUGENE GOBERT(RUE),4.93222,52.33009,Nuit avec éclairage allumé,En agglomération,Hors intersection,Normale,Trois véhicules et plus - collisions multiples,,,,,,,,,,,5,2,1,1.0,5.0
201800057059,0018-10-05 12:25:00,18,10,5,12,25,973,302,TECLE (EUGENE) CITE THEM,4.9337,52.3255,Plein jour,En agglomération,Hors intersection,Normale,Deux véhicules - côté,,,,,,,,,,,1,2,1,1.0,3.0
201800057060,0018-10-06 12:05:00,18,10,6,12,5,973,302,CATAYEE (JUSTIN),4.9268,52.3246,Plein jour,En agglomération,Autre intersection,Normale,Deux véhicules - côté,,,,,,,,,,,1,2,9,1.0,3.0
201800057061,0018-10-06 20:25:00,18,10,6,20,25,973,302,BADUEL (ROUTE DE),4.9292,52.29589,Nuit avec éclairage allumé,En agglomération,Autre intersection,Normale,Deux véhicules - côté,,,,,,,,,,,5,2,9,1.0,3.0
201800057062,0018-09-30 17:00:00,18,9,30,17,0,973,302,MONTABO (ROUTE DE) 1,4.9357,52.2953,Plein jour,En agglomération,Hors intersection,Normale,Deux véhicules - côté,,,,,,,,,,,1,2,1,1.0,3.0
201800057063,0018-09-28 13:10:00,18,9,28,13,10,973,302,MADELEINE (ROUTE DE LA),4.9171,52.3213,Plein jour,En agglomération,Hors intersection,Normale,Deux véhicules - côté,,,,,,,,,,,1,2,1,1.0,3.0
201800057064,0018-10-09 14:00:00,18,10,9,14,0,973,302,UNIVERSITE CHICAGO (RUE,4.93718,52.3026,Plein jour,En agglomération,Hors intersection,Normale,Deux véhicules - côté,,,,,,,,,,,1,2,1,1.0,3.0
201800057065,0018-10-08 12:55:00,18,10,8,12,55,973,302,FELIX EBOUE(ROCADE),4.93731,52.30688,Plein jour,Hors agglomération,Hors intersection,Normale,Trois véhicules et plus - en chaîne,,,,,,,,,,,1,1,1,1.0,4.0
201800057066,0018-10-09 15:30:00,18,10,9,15,30,973,302,BADUEL (ROUTE DE),4.93915,52.31836,Plein jour,En agglomération,Intersection en X,Normale,Autre collision,,,,,,,,,,,1,2,2,1.0,6.0
201800057067,0018-10-10 10:15:00,18,10,10,10,15,973,302,BADUEL (ROUTE DE),4.93049,52.30508,Plein jour,En agglomération,Autre intersection,Normale,Deux véhicules - côté,,,,,,,,,,,1,2,9,1.0,3.0
201800057068,0018-10-11 20:50:00,18,10,11,20,50,973,302,GALMOT (AVENUE),4.93058,52.33197,Nuit avec éclairage allumé,En agglomération,Hors intersection,Normale,Autre collision,,,,,,,,,,,5,2,1,1.0,6.0
201800057069,0018-10-10 07:40:00,18,10,10,7,40,973,302,MONTABO (ROUTE DE) 1,4.9421,52.30507,Plein jour,En agglomération,Hors intersection,Normale,Autre collision,,,,,,,,,,,1,2,1,1.0,6.0