accident_id,datetime,annee,mois,jour,heure,minute,departement,commune_insee,adresse,latitude,longitude,luminosite,agglomeration,intersection,meteo,collision,nb_vehicules,nb_usagers,nb_indemnes,nb_tues,nb_blesses_hosp,nb_blesses_legers,age_cond_1,age_cond_2,veh_type_cond_1,veh_type_cond_2,lum_code,agg_code,int_code,atm_code,col_code
201800057548,0018-11-17 06:15:00,18,11,17,6,15,974,416,Allée des Pensées d'eau,21.32562,55.47596,Plein jour,En agglomération,Hors intersection,Normale,Sans collision,,,,,,,,,,,1,2,1,1.0,7.0
201800057549,0018-11-14 14:05:00,18,11,14,14,5,974,416,Rue du Général de Gaulle,21.35891,55.52292,Plein jour,En agglomération,Hors intersection,Normale,Sans collision,,,,,,,,,,,1,2,1,1.0,7.0
201800057550,0018-12-03 17:50:00,18,12,3,17,50,974,416,Rue Pasteur,21.28223,55.47356,Plein jour,En agglomération,Hors intersection,Normale,Autre collision,,,,,,,,,,,1,2,1,1.0,6.0
201800057551,0018-12-04 13:00:00,18,12,4,13,0,974,416,Route Nationale 3,21.314,55.49307,Plein jour,Hors agglomération,Hors intersection,Normale,Deux véhicules - côté,,,,,,,,,,,1,1,1,1.0,3.0
201800057552,0018-12-04 22:40:00,18,12,4,22,40,974,416,LORION (RUE LUC),21.34085,55.46907,Nuit avec éclairage allumé,En agglomération,Hors intersection,Normale,Autre collision,,,,,,,,,,,5,2,1,1.0,6.0
201800057553,0018-12-05 12:30:00,18,12,5,12,30,974,416,Rte ancienne RN1,21.32733,55.45011,Plein jour,Hors agglomération,Intersection en T,Normale,Deux véhicules - côté,,,,,,,,,,,1,1,3,1.0,3.0
201800057554,0018-12-06 19:30:00,18,12,6,19,30,974,416,ARCHAMBAUD (RUE),21.32855,55.48138,Nuit sans éclairage public,En agglomération,Intersection en T,Normale,Autre collision,,,,,,,,,,,3,2,3,1.0,6.0
201800057555,0018-12-14 11:00:00,18,12,14,11,0,974,416,Rte ancienne RN1,21.32359,55.44523,Plein jour,En agglomération,Hors intersection,Normale,Deux véhicules - côté,,,,,,,,,,,1,2,1,1.0,3.0
201800057556,0018-12-15 13:25:00,18,12,15,13,25,974,416,Chemin Maurice Thorez,21.27422,55.47188,Plein jour,Hors agglomération,Hors intersection,Normale,Deux véhicules - côté,,,,,,,,,,,1,1,1,1.0,3.0
201800057557,0018-12-21 16:20:00,18,12,21,16,20,974,416,LEBLOND 1 (RUE MARIUS ET,21.33669,55.47189,Plein jour,En agglomération,Intersection en X,Normale,Deux véhicules - côté,,,,,,,,,,,1,2,2,1.0,3.0
201800057558,0018-12-22 19:30:00,18,12,22,19,30,974,416,HIPPOLYTE  PIOT (RUE),21.29833,55.45324,Nuit avec éclairage non allumé,En agglomération,Hors intersection,Normale,Deux véhicules - côté,,,,,,,,,,,4,2,1,1.0,3.0
201800057559,0018-12-25 21:00:00,18,12,25,21,0,974,416,Rue François Isautier,21.34167,55.47244,Nuit avec éclairage allumé,En agglomération,Intersection en X,Normale,Deux véhicules - côté,,,,,,,,,,,5,2,2,1.0,3.0
201800057560,0018-12-27 14:50:00,18,12,27,14,50,974,416,ISAUTIER (RUE FRANCOIS),21.3,55.407,Plein jour,En agglomération,Autre intersection,Normale,Autre collision,,,,,,,,,,,1,2,9,1.0,6.0
201800057561,0018-11-23 12:00:00,18,11,23,12,0,974,416,Ligne des bambous,21.2995,55.49073,Plein jour,Hors agglomération,Autre intersection,Normale,Deux véhicules - arrière,,,,,,,,,,,1,1,9,1.0,2.0
201800057562,0018-01-12 08:45:00,18,1,12,8,45,976,611,mamoudzou centre-Adrian,12.78056,45.23343,Plein jour,En agglomération,Hors intersection,Normale,Deux véhicules - frontale,,,,,,,,,,,1,2,1,1.0,1.0
201800057563,0018-01-10 18:25:00,18,1,10,18,25,976,611,doujani-Mosque doujani,12.79554,45.21615,Crépuscule ou aube,En agglomération,Hors intersection,Normale,Sans collision,,,,,,,,,,,2,2,1,1.0,7.0
201800057564,0018-01-23 10:54:00,18,1,23,10,54,976,611,"1, kaweni-Mangrove ( rue",12.77584,45.22657,Plein jour,En agglomération,Autre intersection,Normale,Autre collision,,,,,,,,,,,1,2,9,1.0,6.0
201800057565,0018-01-10 07:20:00,18,1,10,7,20,976,611,cavani-Belle vue (rue),12.78648,45.22281,Plein jour,En agglomération,Hors intersection,Normale,Autre collision,,,,,,,,,,,1,2,1,1.0,6.0
201800057566,0018-01-24 06:20:00,18,1,24,6,20,976,611,"1, passamanty-Vahib ( r",12.79988,45.20353,Plein jour,En agglomération,Place,Normale,Autre collision,,,,,,,,,,,1,2,7,1.0,6.0
201800057567,0018-01-12 15:15:00,18,1,12,15,15,976,611,"1, kaweni-Kaweni nord (",12.76817,45.22438,Plein jour,En agglomération,Hors intersection,Normale,Deux véhicules - frontale,,,,,,,,,,,1,2,1,1.0,1.0
201800057568,0018-01-17 07:30:00,18,1,17,7,30,976,611,tsoundzou-Mangadzia  Tso,12.81581,45.19947,Crépuscule ou aube,En agglomération,Hors intersection,Normale,Autre collision,,,,,,,,,,,2,2,1,1.0,6.0
201800057569,0018-01-18 16:35:00,18,1,18,16,35,976,611,"1, doujani-Mosque de do",12.79543,45.21552,Crépuscule ou aube,En agglomération,Hors intersection,Normale,Autre collision,,,,,,,,,,,2,2,1,1.0,6.0
201800057570,0018-01-31 06:43:00,18,1,31,6,43,976,611,tsoundzou-Cadjifouteni (,12.8121,45.20112,Plein jour,En agglomération,Hors intersection,Normale,Autre collision,,,,,,,,,,,1,2,1,1.0,6.0
201800057571,0018-02-22 15:15:00,18,2,22,15,15,976,611,"1, doujani-Mosque de do",12.79406,45.21449,Plein jour,En agglomération,Hors intersection,Normale,Autre collision,,,,,,,,,,,1,2,1,1.0,6.0
201800057572,0018-02-01 21:15:00,18,2,1,21,15,976,611,"1, tsoundzou-Mangadzia",12.81671,45.19869,Nuit sans éclairage public,En agglomération,Hors intersection,Normale,Autre collision,,,,,,,,,,,3,2,1,1.0,6.0
201800057573,0018-02-10 07:50:00,18,2,10,7,50,976,611,"1, cavani-Rond point du",12.78436,45.22375,Plein jour,En agglomération,Hors intersection,Normale,Trois véhicules et plus - en chaîne,,,,,,,,,,,1,2,1,1.0,4.0
201800057574,0018-02-14 06:30:00,18,2,14,6,30,976,611,"1, mamoudzou centre-La M",12.77962,45.23088,Crépuscule ou aube,En agglomération,Hors intersection,Normale,Autre collision,,,,,,,,,,,2,2,1,1.0,6.0
201800057575,0018-02-09 16:45:00,18,2,9,16,45,976,611,vahibe-Departementale 3,12.78581,45.17393,Crépuscule ou aube,En agglomération,Hors intersection,Normale,Deux véhicules - arrière,,,,,,,,,,,2,2,1,1.0,2.0
201800057576,0018-02-25 14:00:00,18,2,25,14,0,976,611,"1, kaweni-Centrale EDM (",12.76069,45.22644,Plein jour,En agglomération,Autre intersection,Normale,Deux véhicules - arrière,,,,,,,,,,,1,2,9,1.0,2.0
201800057577,0018-02-10 16:25:00,18,2,10,16,25,976,611,mgombani-Baobab ( Bd ),12.78065,45.23358,Plein jour,En agglomération,Hors intersection,Normale,Deux véhicules - côté,,,,,,,,,,,1,2,1,1.0,3.0
201800057578,0018-02-06 11:35:00,18,2,6,11,35,976,611,"1, passamanty-Vahib ( r",12.80097,45.20729,Plein jour,En agglomération,Hors intersection,Normale,Deux véhicules - côté,,,,,,,,,,,1,2,1,1.0,3.0
201800057579,0018-02-04 10:38:00,18,2,4,10,38,976,611,"1, m'tsapere-M'tsapr-",12.78618,45.22265,Plein jour,En agglomération,Hors intersection,Normale,Autre collision,,,,,,,,,,,1,2,1,1.0,6.0
201800057580,0018-02-17 15:10:00,18,2,17,15,10,976,611,"1, mamoudzou centre-Adri",12.78275,45.23463,Plein jour,Hors agglomération,Hors intersection,Normale,Deux véhicules - frontale,,,,,,,,,,,1,1,1,1.0,1.0
201800057581,0018-02-17 13:10:00,18,2,17,13,10,976,611,"1, m'tsapere-Mosque Mae",12.78796,45.21654,Plein jour,En agglomération,Hors intersection,Normale,Deux véhicules - frontale,,,,,,,,,,,1,2,1,1.0,1.0
201800057582,0018-03-21 18:10:00,18,3,21,18,10,976,611,"1, kaweni-Kaweni nord (",12.76833,45.22532,Crépuscule ou aube,En agglomération,Autre intersection,Normale,Deux véhicules - arrière,,,,,,,,,,,2,2,9,1.0,2.0
201800057583,0018-03-12 15:50:00,18,3,12,15,50,976,611,"1, mamoudzou centre-Hopi",12.77984,45.22911,Plein jour,En agglomération,Hors intersection,Normale,Autre collision,,,,,,,,,,,1,2,1,1.0,6.0
201800057584,0018-03-13 08:00:00,18,3,13,8,0,976,611,kaweni-Europe (avenue),12.76602,45.22528,Plein jour,En agglomération,Hors intersection,Normale,Autre collision,,,,,,,,,,,1,2,1,1.0,6.0
201800057585,0018-03-28 12:33:00,18,3,28,12,33,976,611,passamanty-Cadfifouteni,12.80266,45.21189,Plein jour,En agglomération,Hors intersection,Normale,Deux véhicules - côté,,,,,,,,,,,1,2,1,1.0,3.0
201800057586,0018-03-31 12:01:00,18,3,31,12,1,976,611,"1, m'tsapere-Mosque Mae",12.79071,45.21655,Plein jour,En agglomération,Intersection en T,Normale,Deux véhicules - frontale,,,,,,,,,,,1,2,3,1.0,1.0
201800057587,0018-03-31 17:40:00,18,3,31,17,40,976,611,"1, cavani-Kavani sud ( r",12.78604,45.22107,Crépuscule ou aube,En agglomération,Hors intersection,Normale,Deux véhicules - côté,,,,,,,,,,,2,2,1,1.0,3.0
201800057588,0018-03-21 04:40:00,18,3,21,4,40,976,611,"1, mamoudzou centre-RP P",12.77526,45.23055,Nuit sans éclairage public,Hors agglomération,Hors intersection,Normale,Sans collision,,,,,,,,,,,3,1,1,1.0,7.0
201800057589,0018-03-06 11:55:00,18,3,6,11,55,976,611,"1, kaweni-Kaweni nord (",12.76902,45.22412,Plein jour,En agglomération,Hors intersection,Pluie forte,Trois véhicules et plus - en chaîne,,,,,,,,,,,1,2,1,3.0,4.0
201800057590,0018-03-07 11:30:00,18,3,7,11,30,976,611,"1, mamoudzou centre-Abda",12.77978,45.22982,Plein jour,En agglomération,Autre intersection,Normale,Autre collision,,,,,,,,,,,1,2,9,1.0,6.0
201800057591,0018-03-13 19:08:00,18,3,13,19,8,976,611,"1, kaweni-Kaweni sud  (Z",12.76974,45.22397,Nuit sans éclairage public,Hors agglomération,Hors intersection,Normale,Deux véhicules - côté,,,,,,,,,,,3,1,1,1.0,3.0
201800057592,0018-04-16 10:27:00,18,4,16,10,27,976,611,kaweni-Kaweni sud  (Z I),12.76974,45.22395,Plein jour,En agglomération,Hors intersection,Normale,Deux véhicules - arrière,,,,,,,,,,,1,2,1,1.0,2.0
201800057593,0018-04-29 06:00:00,18,4,29,6,0,976,611,tsoundzou-Kwal ( route,12.80377,45.21195,Plein jour,En agglomération,Hors intersection,Normale,Autre collision,,,,,,,,,,,1,2,1,1.0,6.0
201800057594,0018-04-10 07:00:00,18,4,10,7,0,976,611,kaweni-Kaweni nord ( Z I,12.75803,45.23185,Plein jour,En agglomération,Hors intersection,Normale,Sans collision,,,,,,,,,,,1,2,1,1.0,7.0
201800057595,0018-04-21 11:20:00,18,4,21,11,20,976,611,kaweni-SPPM ( rue de la,12.77176,45.22333,Plein jour,En agglomération,Hors intersection,Normale,Autre collision,,,,,,,,,,,1,2,1,1.0,6.0
201800057596,0018-04-22 10:30:00,18,4,22,10,30,976,611,passamanty-Vahib ( rout,12.80223,45.21293,Plein jour,En agglomération,Hors intersection,Normale,Autre collision,,,,,,,,,,,1,2,1,1.0,6.0
201800057597,0018-04-12 07:40:00,18,4,12,7,40,976,611,cavani-Kavani sud ( rue,12.78644,45.21888,Plein jour,Hors agglomération,Hors intersection,Normale,Autre collision,,,,,,,,,,,1,1,1,1.0,6.0
201800057598,0018-04-08 18:00:00,18,4,8,18,0,976,611,cavani-Kiri Wadjimoi ( R,12.78028,45.22235,Crépuscule ou aube,En agglomération,Hors intersection,Normale,Autre collision,,,,,,,,,,,2,2,1,1.0,6.0
201800057599,0018-04-15 15:48:00,18,4,15,15,48,976,611,kaweni-Europe (avenue),12.76944,45.22412,Plein jour,Hors agglomération,Hors intersection,Normale,Autre collision,,,,,,,,,,,1,1,1,1.0,6.0
201800057600,0018-04-21 21:15:00,18,4,21,21,15,976,611,mamoudzou centre-Adrian,12.78057,45.23329,Nuit sans éclairage public,Hors agglomération,Hors intersection,Normale,Deux véhicules - arrière,,,,,,,,,,,3,1,1,1.0,2.0
201800057601,0018-04-11 08:00:00,18,4,11,8,0,976,611,m'tsapere-Nationale 2 (r,12.79306,45.21987,Plein jour,Hors agglomération,Hors intersection,Normale,Deux véhicules - côté,,,,,,,,,,,1,1,1,1.0,3.0
201800057602,0018-04-19 16:17:00,18,4,19,16,17,976,611,m'tsapere-M'tsapr- M't,12.78855,45.22282,Plein jour,En agglomération,Hors intersection,Normale,Deux véhicules - côté,,,,,,,,,,,1,2,1,1.0,3.0
201800057603,0018-04-19 20:55:00,18,4,19,20,55,976,611,mamoudzou centre-March,12.77839,45.23194,Nuit avec éclairage allumé,En agglomération,Giratoire,Normale,Autre collision,,,,,,,,,,,5,2,6,1.0,6.0
201800057604,0018-04-09 18:56:00,18,4,9,18,56,976,611,kaweni-Kaweni nord ( Z I,12.76375,45.22635,Nuit sans éclairage public,En agglomération,Hors intersection,Normale,Autre collision,,,,,,,,,,,3,2,1,1.0,6.0
201800057605,0018-04-09 08:30:00,18,4,9,8,30,976,611,kaweni-Geole ( rue de la,12.76606,45.22316,Plein jour,En agglomération,Hors intersection,Normale,Autre collision,,,,,,,,,,,1,2,1,1.0,6.0
201800057606,0018-05-01 19:00:00,18,5,1,19,0,976,611,tsoundzou-Nivea (rue),12.81648,45.19989,Nuit sans éclairage public,En agglomération,Hors intersection,Normale,Autre collision,,,,,,,,,,,3,2,1,1.0,6.0
201800057607,0018-05-03 14:02:00,18,5,3,14,2,976,611,kaweni-GEOLE (la),12.7667,45.22442,Plein jour,En agglomération,Hors intersection,Normale,Autre collision,,,,,,,,,,,1,2,1,1.0,6.0
201800057608,0018-05-04 11:02:00,18,5,4,11,2,976,611,kaweni-Kaweni nord ( Z I,12.7638,45.22562,Plein jour,En agglomération,Autre intersection,Normale,Autre collision,,,,,,,,,,,1,2,9,1.0,6.0
201800057609,0018-05-04 22:50:00,18,5,4,22,50,976,611,mamoudzou centre-La Mair,12.78044,45.23262,Nuit avec éclairage non allumé,En agglomération,Hors intersection,Normale,Autre collision,,,,,,,,,,,4,2,1,1.0,6.0
201800057610,0018-05-03 13:04:00,18,5,3,13,4,976,611,doujani-Mosque doujani,12.79289,45.20917,Plein jour,En agglomération,Hors intersection,Normale,Autre collision,,,,,,,,,,,1,2,1,1.0,6.0
201800057611,0018-05-05 17:20:00,18,5,5,17,20,976,611,tsoundzou-Cadjifouteni (,12.80618,45.20686,Crépuscule ou aube,En agglomération,Autre intersection,Normale,Sans collision,,,,,,,,,,,2,2,9,1.0,7.0
201800057612,0018-05-06 12:35:00,18,5,6,12,35,976,611,kaweni-Lazerevouni ( rue,12.77007,45.21984,Plein jour,En agglomération,Autre intersection,Normale,Autre collision,,,,,,,,,,,1,2,9,1.0,6.0
201800057613,0018-05-02 16:42:00,18,5,2,16,42,976,611,m'tsapere-Maeventana (ru,12.78641,45.29976,Plein jour,En agglomération,Hors intersection,Normale,Autre collision,,,,,,,,,,,1,2,1,1.0,6.0
201800057614,0018-05-27 10:15:00,18,5,27,10,15,976,611,m'tsapere-Mosque Maevan,12.78759,45.21794,Plein jour,En agglomération,Place,Normale,Autre collision,,,,,,,,,,,1,2,7,1.0,6.0
201800057615,0018-05-24 07:25:00,18,5,24,7,25,976,611,cavani-Cavani Massimoni,12.78213,45.22143,Plein jour,En agglomération,Giratoire,Normale,Deux véhicules - arrière,,,,,,,,,,,1,2,6,1.0,2.0
201800057616,0018-05-16 16:43:00,18,5,16,16,43,976,611,mamoudzou centre-Haladi,12.77896,45.22638,Plein jour,En agglomération,Hors intersection,Normale,Autre collision,,,,,,,,,,,1,2,1,1.0,6.0
201800057617,0018-05-12 16:16:00,18,5,12,16,16,976,611,kaweni-Lazerevouni ( rue,12.77453,45.22075,Plein jour,En agglomération,Hors intersection,Normale,Autre collision,,,,,,,,,,,1,2,1,1.0,6.0
201800057618,0018-05-28 06:00:00,18,5,28,6,0,976,611,mamoudzou centre-Adrian,12.78524,45.22782,Plein jour,En agglomération,Autre intersection,Normale,Autre collision,,,,,,,,,,,1,2,9,1.0,6.0
201800057619,0018-05-25 08:50:00,18,5,25,8,50,976,611,passamanty-Mnadzi moja (,12.80027,45.21567,Plein jour,Hors agglomération,Hors intersection,Normale,Sans collision,,,,,,,,,,,1,1,1,1.0,7.0
201800057620,0018-05-10 12:50:00,18,5,10,12,50,976,611,kaweni-Poste ( rue de la,12.77243,45.22317,Plein jour,En agglomération,Intersection en T,Normale,Deux véhicules - frontale,,,,,,,,,,,1,2,3,1.0,1.0
201800057621,0018-05-31 07:20:00,18,5,31,7,20,976,611,mamoudzou centre-Boboka,12.77903,45.22951,Plein jour,En agglomération,Autre intersection,Normale,Autre collision,,,,,,,,,,,1,2,9,1.0,6.0
201800057622,0018-05-18 17:05:00,18,5,18,17,5,976,611,tsoundzou-Kwal ( route,12.81606,45.19919,Plein jour,En agglomération,Hors intersection,Normale,Deux véhicules - côté,,,,,,,,,,,1,2,1,1.0,3.0
201800057623,0018-05-30 06:20:00,18,5,30,6,20,976,611,tsoundzou-KOUALE ( rue d,12.8077,45.20464,Plein jour,En agglomération,Hors intersection,Normale,Autre collision,,,,,,,,,,,1,2,1,1.0,6.0
201800057624,0018-05-10 06:45:00,18,5,10,6,45,976,611,tsoundzou-Baraka (rue),12.80517,45.20985,Plein jour,En agglomération,Hors intersection,Normale,Autre collision,,,,,,,,,,,1,2,1,1.0,6.0
201800057625,0018-05-29 15:00:00,18,5,29,15,0,976,611,kaweni-Poste ( rue de la,12.77203,45.22116,Plein jour,En agglomération,Hors intersection,Normale,Autre collision,,,,,,,,,,,1,2,1,1.0,6.0
201800057626,0018-05-08 10:32:00,18,5,8,10,32,976,611,passamanty-Vahib ( rout,12.79948,45.20302,Plein jour,En agglomération,Hors intersection,Normale,Deux véhicules - côté,,,,,,,,,,,1,2,1,1.0,3.0
201800057627,0018-06-02 15:50:00,18,6,2,15,50,976,611,kaweni-Archipel (avenue,12.76712,45.22478,Plein jour,En agglomération,Autre intersection,Normale,Deux véhicules - arrière,,,,,,,,,,,1,2,9,1.0,2.0
201800057628,0018-06-01 16:30:00,18,6,1,16,30,976,611,cavani-Baobab (ront poin,12.78616,45.22558,Crépuscule ou aube,En agglomération,Autre intersection,Normale,Deux véhicules - côté,,,,,,,,,,,2,2,9,1.0,3.0
201800057629,0018-06-13 10:40:00,18,6,13,10,40,976,611,kaweni-Grande Traverse (,12.7725,45.22657,Plein jour,En agglomération,Hors intersection,Normale,Sans collision,,,,,,,,,,,1,2,1,1.0,7.0
201800057630,0018-06-03 11:35:00,18,6,3,11,35,976,611,doujani-Mosque de douja,12.79413,45.21504,Plein jour,En agglomération,Autre intersection,Normale,Deux véhicules - côté,,,,,,,,,,,1,2,9,1.0,3.0
201800057631,0018-06-03 16:29:00,18,6,3,16,29,976,611,cavani-Rond point du Bao,12.78541,45.22567,Crépuscule ou aube,En agglomération,Autre intersection,Normale,Sans collision,,,,,,,,,,,2,2,9,1.0,7.0
201800057632,0018-06-05 07:25:00,18,6,5,7,25,976,611,vahibe-Departementale 3,12.79515,45.19593,Crépuscule ou aube,Hors agglomération,Autre intersection,Normale,Sans collision,,,,,,,,,,,2,1,9,1.0,7.0
201800057633,0018-06-12 09:55:00,18,6,12,9,55,976,611,vahibe-Departementale 3,12.79517,45.19598,Plein jour,Hors agglomération,Autre intersection,Normale,Sans collision,,,,,,,,,,,1,1,9,1.0,7.0
201800057634,0018-06-18 10:30:00,18,6,18,10,30,976,611,kaweni-Kaweni nord ( Z I,12.76499,45.22529,Plein jour,En agglomération,Hors intersection,Normale,Deux véhicules - côté,,,,,,,,,,,1,2,1,1.0,3.0
201800057635,0018-06-19 07:10:00,18,6,19,7,10,976,611,cavani-Kavani sud ( rue,12.78509,45.21652,Plein jour,En agglomération,Autre intersection,Normale,Autre collision,,,,,,,,,,,1,2,9,1.0,6.0
201800057636,0018-06-05 15:05:00,18,6,5,15,5,976,611,passamanty-Vahib ( rout,12.8012,45.20173,Plein jour,En agglomération,Hors intersection,Normale,Autre collision,,,,,,,,,,,1,2,1,1.0,6.0
201800057637,0018-06-12 17:35:00,18,6,12,17,35,976,611,mgombani-M'Gombani ( rue,12.7831,45.23186,Crépuscule ou aube,En agglomération,Hors intersection,Normale,Autre collision,,,,,,,,,,,2,2,1,1.0,6.0
201800057638,0018-06-19 14:35:00,18,6,19,14,35,976,611,mamoudzou centre-Abdalla,12.77774,45.23175,Plein jour,En agglomération,Hors intersection,Normale,Trois véhicules et plus - en chaîne,,,,,,,,,,,1,2,1,1.0,4.0
201800057639,0018-06-11 11:25:00,18,6,11,11,25,976,611,kaweni-Kaweni nord ( Z I,12.75557,45.23245,Plein jour,En agglomération,Autre intersection,Normale,Deux véhicules - côté,,,,,,,,,,,1,2,9,1.0,3.0
201800057640,0018-06-13 07:25:00,18,6,13,7,25,976,611,cavani-Cavani Massimoni,12.78325,45.21817,Plein jour,En agglomération,Hors intersection,Normale,Autre collision,,,,,,,,,,,1,2,1,1.0,6.0
201800057641,0018-06-09 12:19:00,18,6,9,12,19,976,611,mgombani-M'Gombani ( rue,12.78366,45.22952,Plein jour,En agglomération,Hors intersection,Normale,Autre collision,,,,,,,,,,,1,2,1,1.0,6.0
201800057642,0018-06-14 07:00:00,18,6,14,7,0,976,611,kaweni-Caserne ( rue de,12.77545,45.22356,Plein jour,En agglomération,Hors intersection,Normale,Autre collision,,,,,,,,,,,1,2,1,1.0,6.0
201800057643,0018-06-23 19:20:00,18,6,23,19,20,976,611,tsoundzou-Stara (rue),12.81575,45.19951,Nuit sans éclairage public,En agglomération,Hors intersection,Normale,Sans collision,,,,,,,,,,,3,2,1,1.0,7.0
201800057644,0018-06-17 19:45:00,18,6,17,19,45,976,611,tsoundzou-Mariage (place,12.80479,45.21063,Nuit sans éclairage public,En agglomération,Hors intersection,Normale,Sans collision,,,,,,,,,,,3,2,1,1.0,7.0
201800057645,0018-06-13 12:36:00,18,6,13,12,36,976,611,kaweni-Poste ( rue de la,12.77179,45.22276,Plein jour,En agglomération,Hors intersection,Normale,Autre collision,,,,,,,,,,,1,2,1,1.0,6.0
201800057646,0018-06-11 20:50:00,18,6,11,20,50,976,611,kaweni-Mahabourini ( rue,12.77208,45.21749,Nuit sans éclairage public,En agglomération,Hors intersection,Normale,Autre collision,,,,,,,,,,,3,2,1,1.0,6.0
201800057647,0018-06-08 19:30:00,18,6,8,19,30,976,611,kaweni-GEOLE (la),12.76338,45.22522,Nuit sans éclairage public,Hors agglomération,Hors intersection,Normale,Deux véhicules - côté,,,,,,,,,,,3,1,1,1.0,3.0
201800057648,0018-06-15 12:00:00,18,6,15,12,0,976,611,passamanty-Vahib ( rout,12.79789,45.20148,Plein jour,Hors agglomération,Hors intersection,Normale,Deux véhicules - frontale,,,,,,,,,,,1,1,1,1.0,1.0
201800057649,0018-06-25 12:55:00,18,6,25,12,55,976,611,kaweni-Europe (avenue),12.75971,45.22714,Plein jour,En agglomération,Hors intersection,Normale,Deux véhicules - côté,,,,,,,,,,,1,2,1,1.0,3.0
201800057650,0018-06-26 11:30:00,18,6,26,11,30,976,611,vahibe-Departementale 3,12.78804,45.17693,Plein jour,En agglomération,Place,Normale,Autre collision,,,,,,,,,,,1,2,7,1.0,6.0
201800057651,0018-06-25 16:20:00,18,6,25,16,20,976,611,mamoudzou centre-RP Pass,12.77591,45.23201,Plein jour,En agglomération,Intersection en T,Normale,Deux véhicules - côté,,,,,,,,,,,1,2,3,1.0,3.0
201800057652,0018-06-29 16:00:00,18,6,29,16,0,976,611,m'tsapere-Nationale 2 (r,12.78889,45.22187,Plein jour,En agglomération,Hors intersection,Normale,Autre collision,,,,,,,,,,,1,2,1,1.0,6.0
201800057653,0018-06-26 17:35:00,18,6,26,17,35,976,611,mamoudzou centre-Rassi B,12.7848,45.22894,Crépuscule ou aube,En agglomération,Place,Normale,Deux véhicules - côté,,,,,,,,,,,2,2,7,1.0,3.0
201800057654,0018-06-29 07:05:00,18,6,29,7,5,976,611,passamanty-Cavani-Be (ru,12.80111,45.20975,Plein jour,En agglomération,Hors intersection,Normale,Autre collision,,,,,,,,,,,1,2,1,1.0,6.0
201800057655,0018-06-29 08:41:00,18,6,29,8,41,976,611,kaweni-Kaweni nord ( Z I,12.76129,45.22637,Plein jour,En agglomération,Hors intersection,Normale,Sans collision,,,,,,,,,,,1,2,1,1.0,7.0
201800057656,0018-06-23 23:05:00,18,6,23,23,5,976,611,vahibe-Departementale 3,12.79244,45.18746,Nuit sans éclairage public,Hors agglomération,Hors intersection,Normale,Sans collision,,,,,,,,,,,3,1,1,1.0,7.0
201800057657,0018-06-18 10:45:00,18,6,18,10,45,976,611,kaweni-Europe (avenue),12.76659,45.22484,Plein jour,En agglomération,Hors intersection,Normale,Autre collision,,,,,,,,,,,1,2,1,1.0,6.0
201800057658,0018-07-02 07:25:00,18,7,2,7,25,976,611,cavani-Manguiers (rue de,12.78453,45.22915,Plein jour,En agglomération,Hors intersection,Normale,Deux véhicules - arrière,,,,,,,,,,,1,2,1,1.0,2.0
201800057659,0018-07-02 14:17:00,18,7,2,14,17,976,611,tsoundzou-Kadjifouni ( r,12.80497,45.21048,Plein jour,En agglomération,Hors intersection,Normale,Deux véhicules - côté,,,,,,,,,,,1,2,1,1.0,3.0
201800057660,0018-07-02 19:10:00,18,7,2,19,10,976,611,mamoudzou centre-Rassi B,12.78439,45.22932,Nuit sans éclairage public,En agglomération,Hors intersection,Normale,Deux véhicules - côté,,,,,,,,,,,3,2,1,1.0,3.0
201800057661,0018-07-02 19:58:00,18,7,2,19,58,976,611,passamanty-Tanamalaza (r,12.80077,45.20568,Nuit sans éclairage public,Hors agglomération,Hors intersection,Normale,Sans collision,,,,,,,,,,,3,1,1,1.0,7.0
201800057662,0018-07-04 14:25:00,18,7,4,14,25,976,611,kaweni-Zamantal (rue),12.77303,45.22136,Plein jour,En agglomération,Hors intersection,Normale,Autre collision,,,,,,,,,,,1,2,1,1.0,6.0
201800057663,0018-07-04 17:39:00,18,7,4,17,39,976,611,tsoundzou-KOUALE ( rue d,12.80895,45.20268,Crépuscule ou aube,Hors agglomération,Hors intersection,Normale,Sans collision,,,,,,,,,,,2,1,1,1.0,7.0
201800057664,0018-07-05 08:00:00,18,7,5,8,0,976,611,kaweni-Europe (avenue),12.77439,45.22277,Plein jour,En agglomération,Hors intersection,Normale,Deux véhicules - côté,,,,,,,,,,,1,2,1,1.0,3.0
201800057665,0018-07-06 08:43:00,18,7,6,8,43,976,611,kaweni-Centrale EDM (rue,12.76076,45.22646,Plein jour,En agglomération,Hors intersection,Normale,Deux véhicules - frontale,,,,,,,,,,,1,2,1,1.0,1.0
201800057666,0018-07-18 00:25:00,18,7,18,0,25,976,611,kaweni-Poste ( rue de la,12.77242,45.22317,Nuit avec éclairage non allumé,En agglomération,Hors intersection,Normale,Autre collision,,,,,,,,,,,4,2,1,1.0,6.0